team,player_number,left,top,success,game_index,rival,home
TOSCONES CORRALEJO,34,32.9337,81.1692,False,1,CB LA MATANZA,True
TOSCONES CORRALEJO,8,9.873099999999994,48.525,True,1,CB LA MATANZA,True
TOSCONES CORRALEJO,30,28.4203,13.4862,False,1,CB LA MATANZA,True
TOSCONES CORRALEJO,17,32.3695,18.5277,True,1,CB LA MATANZA,True
TOSCONES CORRALEJO,9,14.1749,52.1802,False,1,CB LA MATANZA,True
TOSCONES CORRALEJO,8,30.8181,21.6787,True,1,CB LA MATANZA,True
TOSCONES CORRALEJO,9,12.059200000000004,60.4988,False,1,CB LA MATANZA,True
TOSCONES CORRALEJO,30,29.4076,78.2703,False,1,CB LA MATANZA,True
TOSCONES CORRALEJO,11,29.5487,83.816,False,1,CB LA MATANZA,True
TOSCONES CORRALEJO,34,33.0042,23.9474,False,1,CB LA MATANZA,True
TOSCONES CORRALEJO,8,11.8477,50.4156,True,1,CB LA MATANZA,True
TOSCONES CORRALEJO,34,29.1961,78.6484,True,1,CB LA MATANZA,True
TOSCONES CORRALEJO,8,11.424499999999995,51.8021,True,1,CB LA MATANZA,True
TOSCONES CORRALEJO,34,19.3935,23.0652,True,1,CB LA MATANZA,True
TOSCONES CORRALEJO,11,10.155100000000004,51.1719,True,1,CB LA MATANZA,True
TOSCONES CORRALEJO,6,25.105800000000002,14.1164,False,1,CB LA MATANZA,True
TOSCONES CORRALEJO,9,9.0268,61.5071,False,1,CB LA MATANZA,True
TOSCONES CORRALEJO,17,21.6502,53.1885,False,1,CB LA MATANZA,True
TOSCONES CORRALEJO,17,10.7898,38.9461,True,1,CB LA MATANZA,True
TOSCONES CORRALEJO,34,13.0465,36.9294,True,1,CB LA MATANZA,True
TOSCONES CORRALEJO,9,29.8307,81.4212,False,1,CB LA MATANZA,True
TOSCONES CORRALEJO,11,14.668499999999995,46.8865,True,1,CB LA MATANZA,True
TOSCONES CORRALEJO,17,10.7193,46.2563,True,1,CB LA MATANZA,True
TOSCONES CORRALEJO,34,32.0874,71.9683,False,1,CB LA MATANZA,True
TOSCONES CORRALEJO,34,30.2539,25.838,False,1,CB LA MATANZA,True
TOSCONES CORRALEJO,9,30.8181,72.9766,False,1,CB LA MATANZA,True
TOSCONES CORRALEJO,34,31.8054,76.8838,True,1,CB LA MATANZA,True
TOSCONES CORRALEJO,11,14.809600000000003,93.1429,True,1,CB LA MATANZA,True
TOSCONES CORRALEJO,17,28.7729,17.7715,False,1,CB LA MATANZA,True
TOSCONES CORRALEJO,6,27.221400000000003,9.57897,False,1,CB LA MATANZA,True
TOSCONES CORRALEJO,15,16.2906,68.0611,False,1,CB LA MATANZA,True
TOSCONES CORRALEJO,17,10.366699999999994,48.1469,True,1,CB LA MATANZA,True
TOSCONES CORRALEJO,9,30.536,71.8423,False,1,CB LA MATANZA,True
TOSCONES CORRALEJO,11,12.834999999999994,52.8104,False,1,CB LA MATANZA,True
TOSCONES CORRALEJO,17,19.816599999999994,41.845,False,1,CB LA MATANZA,True
TOSCONES CORRALEJO,34,35.543,35.417,False,1,CB LA MATANZA,True
TOSCONES CORRALEJO,17,9.4499,40.3325,True,1,CB LA MATANZA,True
TOSCONES CORRALEJO,34,14.9506,31.7618,False,1,CB LA MATANZA,True
TOSCONES CORRALEJO,11,13.540199999999999,31.7618,True,1,CB LA MATANZA,True
TOSCONES CORRALEJO,9,29.830699999999993,15.8809,True,1,CB LA MATANZA,True
TOSCONES CORRALEJO,9,29.6192,79.6567,False,1,CB LA MATANZA,True
TOSCONES CORRALEJO,34,32.5106,72.9766,True,1,CB LA MATANZA,True
TOSCONES CORRALEJO,11,16.8547,46.5084,False,1,CB LA MATANZA,True
TOSCONES CORRALEJO,9,12.905500000000004,48.0209,False,1,CB LA MATANZA,True
TOSCONES CORRALEJO,17,12.905500000000004,48.0209,False,1,CB LA MATANZA,True
TOSCONES CORRALEJO,9,29.9718,17.6455,True,1,CB LA MATANZA,True
TOSCONES CORRALEJO,9,23.554299999999998,49.7854,False,1,CB LA MATANZA,True
TOSCONES CORRALEJO,30,26.234099999999998,84.8243,False,1,CB LA MATANZA,True
TOSCONES CORRALEJO,17,12.764499999999998,46.5084,False,1,CB LA MATANZA,True
TOSCONES CORRALEJO,9,12.4824,45.248,True,1,CB LA MATANZA,True
TOSCONES CORRALEJO,11,6.064899999999994,6.93215,False,1,CB LA MATANZA,True
TOSCONES CORRALEJO,11,16.290599999999998,44.7439,False,1,CB LA MATANZA,True
TOSCONES CORRALEJO,17,8.180499999999995,52.0541,True,1,CB LA MATANZA,True
TOSCONES CORRALEJO,11,18.3357,49.9115,False,1,CB LA MATANZA,True
TOSCONES CORRALEJO,9,20.8745,48.9032,False,1,CB LA MATANZA,True
TOSCONES CORRALEJO,6,12.835,22.561,True,1,CB LA MATANZA,True
TOSCONES CORRALEJO,11,7.334299999999999,77.1359,False,1,CB LA MATANZA,True
TOSCONES CORRALEJO,9,24.7532,46.2563,False,1,CB LA MATANZA,True
TOSCONES CORRALEJO,9,17.2779,41.7189,True,1,CB LA MATANZA,True
TOSCONES CORRALEJO,8,16.572599999999994,54.5749,False,1,CB LA MATANZA,True
TOSCONES CORRALEJO,15,8.180499999999995,51.2979,False,1,CB LA MATANZA,True
TOSCONES CORRALEJO,9,16.7842,56.8436,False,1,CB LA MATANZA,True
TOSCONES CORRALEJO,11,31.5233,24.9557,False,1,CB LA MATANZA,True
TOSCONES CORRALEJO,17,36.5303,60.7508,False,1,CB LA MATANZA,True
CB LA MATANZA,10,34.414699999999996,48.1469,True,1,TOSCONES CORRALEJO,False
CB LA MATANZA,7,24.6827,61.0029,False,1,TOSCONES CORRALEJO,False
CB LA MATANZA,23,22.0028,60.7508,False,1,TOSCONES CORRALEJO,False
CB LA MATANZA,11,24.823700000000002,87.5972,False,1,TOSCONES CORRALEJO,False
CB LA MATANZA,0,15.091700000000003,51.8021,False,1,TOSCONES CORRALEJO,False
CB LA MATANZA,7,11.565600000000003,49.2813,False,1,TOSCONES CORRALEJO,False
CB LA MATANZA,23,32.5106,73.8589,True,1,TOSCONES CORRALEJO,False
CB LA MATANZA,3,25.105800000000002,87.9753,True,1,TOSCONES CORRALEJO,False
CB LA MATANZA,23,31.5233,22.0568,True,1,TOSCONES CORRALEJO,False
CB LA MATANZA,10,7.5458,61.381,True,1,TOSCONES CORRALEJO,False
CB LA MATANZA,23,9.661500000000004,51.8021,True,1,TOSCONES CORRALEJO,False
CB LA MATANZA,23,13.6812,67.683,False,1,TOSCONES CORRALEJO,False
CB LA MATANZA,23,32.9337,73.1027,False,1,TOSCONES CORRALEJO,False
CB LA MATANZA,0,12.341300000000004,56.2134,False,1,TOSCONES CORRALEJO,False
CB LA MATANZA,10,13.681200000000004,52.5583,True,1,TOSCONES CORRALEJO,False
CB LA MATANZA,10,26.868799999999993,88.2274,False,1,TOSCONES CORRALEJO,False
CB LA MATANZA,0,13.0465,37.1815,False,1,TOSCONES CORRALEJO,False
CB LA MATANZA,23,30.4654,80.2869,False,1,TOSCONES CORRALEJO,False
CB LA MATANZA,14,15.021199999999993,51.55,True,1,TOSCONES CORRALEJO,False
CB LA MATANZA,23,25.811,49.7854,True,1,TOSCONES CORRALEJO,False
CB LA MATANZA,14,21.438599999999994,8.94877,False,1,TOSCONES CORRALEJO,False
CB LA MATANZA,23,27.503500000000003,42.6012,True,1,TOSCONES CORRALEJO,False
CB LA MATANZA,11,24.048000000000002,89.4877,False,1,TOSCONES CORRALEJO,False
CB LA MATANZA,11,28.4203,16.8892,True,1,TOSCONES CORRALEJO,False
CB LA MATANZA,23,30.465400000000002,19.6621,True,1,TOSCONES CORRALEJO,False
CB LA MATANZA,11,25.811,86.967,False,1,TOSCONES CORRALEJO,False
CB LA MATANZA,7,11.9887,45.122,True,1,TOSCONES CORRALEJO,False
CB LA MATANZA,23,27.644599999999997,83.816,False,1,TOSCONES CORRALEJO,False
CB LA MATANZA,10,31.8054,20.5444,True,1,TOSCONES CORRALEJO,False
CB LA MATANZA,10,26.8688,16.5111,False,1,TOSCONES CORRALEJO,False
CB LA MATANZA,7,21.2976,62.5154,False,1,TOSCONES CORRALEJO,False
CB LA MATANZA,6,11.636099999999999,52.5583,True,1,TOSCONES CORRALEJO,False
CB LA MATANZA,10,27.080399999999997,85.2024,False,1,TOSCONES CORRALEJO,False
CB LA MATANZA,14,34.97880000000001,61.6331,False,1,TOSCONES CORRALEJO,False
CB LA MATANZA,0,13.9633,41.5929,False,1,TOSCONES CORRALEJO,False
CB LA MATANZA,11,25.4584,61.7591,False,1,TOSCONES CORRALEJO,False
CB LA MATANZA,3,25.317300000000003,15.6288,False,1,TOSCONES CORRALEJO,False
CB LA MATANZA,23,10.2962,46.1303,True,1,TOSCONES CORRALEJO,False
CB LA MATANZA,10,24.400599999999997,9.57897,False,1,TOSCONES CORRALEJO,False
CB LA MATANZA,22,22.778599999999997,88.6055,False,1,TOSCONES CORRALEJO,False
CB LA MATANZA,0,13.6107,61.381,False,1,TOSCONES CORRALEJO,False
CB LA MATANZA,14,17.207300000000004,36.6774,True,1,TOSCONES CORRALEJO,False
CB LA MATANZA,22,13.822299999999998,49.7854,True,1,TOSCONES CORRALEJO,False
CB LA MATANZA,22,12.482399999999998,48.399,True,1,TOSCONES CORRALEJO,False
CB LA MATANZA,23,28.490799999999993,18.4017,False,1,TOSCONES CORRALEJO,False
CB LA MATANZA,10,35.402,56.5915,False,1,TOSCONES CORRALEJO,False
CB LA MATANZA,7,31.0296,23.5693,False,1,TOSCONES CORRALEJO,False
CB LA MATANZA,10,12.0592,38.568,False,1,TOSCONES CORRALEJO,False
CB LA MATANZA,14,31.5938,74.237,False,1,TOSCONES CORRALEJO,False
CB LA MATANZA,7,33.9915,35.1649,False,1,TOSCONES CORRALEJO,False
CB LA MATANZA,10,11.636099999999999,42.4752,False,1,TOSCONES CORRALEJO,False
CB LA MATANZA,0,24.682699999999997,35.0389,False,1,TOSCONES CORRALEJO,False
CB LA MATANZA,23,19.5346,47.5167,True,1,TOSCONES CORRALEJO,False
CB LA MATANZA,23,8.3921,62.5154,False,1,TOSCONES CORRALEJO,False
CB LA MATANZA,23,31.100099999999998,79.9088,True,1,TOSCONES CORRALEJO,False
TOBARRA CB,28,35.402,55.3312,False,1,CESUR DISTRITO OLIMPICO,True
TOBARRA CB,22,9.732,56.7176,False,1,CESUR DISTRITO OLIMPICO,True
TOBARRA CB,10,34.6968,30.1233,False,1,CESUR DISTRITO OLIMPICO,True
TOBARRA CB,5,30.2539,80.4129,False,1,CESUR DISTRITO OLIMPICO,True
TOBARRA CB,91,30.3949,82.8077,True,1,CESUR DISTRITO OLIMPICO,True
TOBARRA CB,91,31.5233,79.0265,True,1,CESUR DISTRITO OLIMPICO,True
TOBARRA CB,22,12.1298,54.953,True,1,CESUR DISTRITO OLIMPICO,True
TOBARRA CB,28,13.6107,50.0375,False,1,CESUR DISTRITO OLIMPICO,True
TOBARRA CB,10,31.5938,21.8048,True,1,CESUR DISTRITO OLIMPICO,True
TOBARRA CB,91,13.9633,50.1636,False,1,CESUR DISTRITO OLIMPICO,True
TOBARRA CB,31,11.424499999999995,47.1386,False,1,CESUR DISTRITO OLIMPICO,True
TOBARRA CB,10,11.283500000000004,92.5127,True,1,CESUR DISTRITO OLIMPICO,True
TOBARRA CB,28,33.3568,81.9254,False,1,CESUR DISTRITO OLIMPICO,True
TOBARRA CB,26,7.4048,53.0624,False,1,CESUR DISTRITO OLIMPICO,True
TOBARRA CB,28,9.520499999999998,53.3145,True,1,CESUR DISTRITO OLIMPICO,True
TOBARRA CB,91,14.527500000000003,27.7286,True,1,CESUR DISTRITO OLIMPICO,True
TOBARRA CB,22,7.052199999999999,47.2647,True,1,CESUR DISTRITO OLIMPICO,True
TOBARRA CB,10,33.3568,21.1746,True,1,CESUR DISTRITO OLIMPICO,True
TOBARRA CB,26,32.3695,78.9005,False,1,CESUR DISTRITO OLIMPICO,True
TOBARRA CB,28,34.2031,24.5776,True,1,CESUR DISTRITO OLIMPICO,True
TOBARRA CB,26,31.6643,15.8809,True,1,CESUR DISTRITO OLIMPICO,True
TOBARRA CB,91,11.4951,29.2411,False,1,CESUR DISTRITO OLIMPICO,True
TOBARRA CB,28,23.6248,53.8187,False,1,CESUR DISTRITO OLIMPICO,True
TOBARRA CB,31,12.975999999999999,52.4323,True,1,CESUR DISTRITO OLIMPICO,True
TOBARRA CB,91,34.203100000000006,65.5403,True,1,CESUR DISTRITO OLIMPICO,True
TOBARRA CB,5,16.1495,51.4239,False,1,CESUR DISTRITO OLIMPICO,True
TOBARRA CB,28,9.873099999999994,47.5167,True,1,CESUR DISTRITO OLIMPICO,True
TOBARRA CB,91,15.5148,52.0541,False,1,CESUR DISTRITO OLIMPICO,True
TOBARRA CB,10,14.1749,26.4682,False,1,CESUR DISTRITO OLIMPICO,True
TOBARRA CB,91,10.7898,49.7854,True,1,CESUR DISTRITO OLIMPICO,True
TOBARRA CB,28,11.2835,60.4988,False,1,CESUR DISTRITO OLIMPICO,True
TOBARRA CB,28,29.1961,87.7232,True,1,CESUR DISTRITO OLIMPICO,True
TOBARRA CB,10,13.3286,47.0126,False,1,CESUR DISTRITO OLIMPICO,True
TOBARRA CB,21,12.0592,49.9115,True,1,CESUR DISTRITO OLIMPICO,True
TOBARRA CB,28,9.026799999999994,56.7176,False,1,CESUR DISTRITO OLIMPICO,True
TOBARRA CB,22,32.7221,21.0485,False,1,CESUR DISTRITO OLIMPICO,True
TOBARRA CB,91,15.7969,49.4073,False,1,CESUR DISTRITO OLIMPICO,True
TOBARRA CB,91,23.8364,32.7702,False,1,CESUR DISTRITO OLIMPICO,True
TOBARRA CB,10,12.4824,49.1552,True,1,CESUR DISTRITO OLIMPICO,True
TOBARRA CB,28,11.706599999999995,48.0209,False,1,CESUR DISTRITO OLIMPICO,True
TOBARRA CB,28,11.001400000000004,53.3145,True,1,CESUR DISTRITO OLIMPICO,True
TOBARRA CB,91,11.354,45.122,False,1,CESUR DISTRITO OLIMPICO,True
TOBARRA CB,21,11.9182,27.9807,False,1,CESUR DISTRITO OLIMPICO,True
TOBARRA CB,91,33.35680000000001,52.1802,False,1,CESUR DISTRITO OLIMPICO,True
TOBARRA CB,91,15.8674,72.9766,False,1,CESUR DISTRITO OLIMPICO,True
TOBARRA CB,91,31.5233,76.3797,False,1,CESUR DISTRITO OLIMPICO,True
TOBARRA CB,31,15.2327,48.1469,True,1,CESUR DISTRITO OLIMPICO,True
TOBARRA CB,10,6.770099999999999,58.2301,False,1,CESUR DISTRITO OLIMPICO,True
TOBARRA CB,28,8.956299999999999,23.6953,False,1,CESUR DISTRITO OLIMPICO,True
TOBARRA CB,28,11.4951,51.1719,False,1,CESUR DISTRITO OLIMPICO,True
TOBARRA CB,28,9.097300000000004,51.9281,True,1,CESUR DISTRITO OLIMPICO,True
TOBARRA CB,10,31.029600000000002,34.9128,False,1,CESUR DISTRITO OLIMPICO,True
TOBARRA CB,91,27.715100000000007,81.2952,False,1,CESUR DISTRITO OLIMPICO,True
TOBARRA CB,26,9.4499,51.8021,False,1,CESUR DISTRITO OLIMPICO,True
TOBARRA CB,91,11.4245,49.2813,False,1,CESUR DISTRITO OLIMPICO,True
TOBARRA CB,28,34.0621,72.2204,False,1,CESUR DISTRITO OLIMPICO,True
TOBARRA CB,28,9.87306,49.7854,False,1,CESUR DISTRITO OLIMPICO,True
TOBARRA CB,10,8.533100000000005,51.9281,True,1,CESUR DISTRITO OLIMPICO,True
TOBARRA CB,26,12.200299999999999,50.0375,False,1,CESUR DISTRITO OLIMPICO,True
TOBARRA CB,5,23.554299999999998,49.7854,False,1,CESUR DISTRITO OLIMPICO,True
TOBARRA CB,28,10.437200000000004,49.2813,True,1,CESUR DISTRITO OLIMPICO,True
TOBARRA CB,6,26.8688,49.5334,False,1,CESUR DISTRITO OLIMPICO,True
TOBARRA CB,10,12.6939,53.3145,False,1,CESUR DISTRITO OLIMPICO,True
TOBARRA CB,22,30.0423,20.6704,True,1,CESUR DISTRITO OLIMPICO,True
TOBARRA CB,10,29.4076,76.3797,False,1,CESUR DISTRITO OLIMPICO,True
TOBARRA CB,91,9.4499,48.399,False,1,CESUR DISTRITO OLIMPICO,True
TOBARRA CB,26,11.354,51.2979,True,1,CESUR DISTRITO OLIMPICO,True
TOBARRA CB,10,34.0621,32.8962,False,1,CESUR DISTRITO OLIMPICO,True
TOBARRA CB,91,33.78,67.3049,True,1,CESUR DISTRITO OLIMPICO,True
TOBARRA CB,26,9.943600000000004,54.5749,True,1,CESUR DISTRITO OLIMPICO,True
TOBARRA CB,91,11.5656,53.5666,True,1,CESUR DISTRITO OLIMPICO,True
TOBARRA CB,21,12.835,52.9364,True,1,CESUR DISTRITO OLIMPICO,True
CESUR DISTRITO OLIMPICO,33,29.407600000000002,77.262,False,1,TOBARRA CB,False
CESUR DISTRITO OLIMPICO,10,7.686899999999994,93.0168,True,1,TOBARRA CB,False
CESUR DISTRITO OLIMPICO,70,8.744699999999995,51.2979,True,1,TOBARRA CB,False
CESUR DISTRITO OLIMPICO,5,8.533100000000005,47.5167,True,1,TOBARRA CB,False
CESUR DISTRITO OLIMPICO,33,20.804,51.1719,True,1,TOBARRA CB,False
CESUR DISTRITO OLIMPICO,70,9.4499,48.0209,True,1,TOBARRA CB,False
CESUR DISTRITO OLIMPICO,15,10.9309,52.0541,True,1,TOBARRA CB,False
CESUR DISTRITO OLIMPICO,12,31.311700000000002,19.6621,False,1,TOBARRA CB,False
CESUR DISTRITO OLIMPICO,16,36.1777,56.3395,False,1,TOBARRA CB,False
CESUR DISTRITO OLIMPICO,10,18.0536,22.687,False,1,TOBARRA CB,False
CESUR DISTRITO OLIMPICO,16,14.6685,46.1303,True,1,TOBARRA CB,False
CESUR DISTRITO OLIMPICO,14,12.6939,50.9198,True,1,TOBARRA CB,False
CESUR DISTRITO OLIMPICO,10,33.2158,38.1898,False,1,TOBARRA CB,False
CESUR DISTRITO OLIMPICO,2,9.732,49.5334,False,1,TOBARRA CB,False
CESUR DISTRITO OLIMPICO,2,12.6234,54.4489,True,1,TOBARRA CB,False
CESUR DISTRITO OLIMPICO,10,7.4047999999999945,51.2979,True,1,TOBARRA CB,False
CESUR DISTRITO OLIMPICO,70,9.097300000000004,52.3062,True,1,TOBARRA CB,False
CESUR DISTRITO OLIMPICO,97,18.8293,89.2357,False,1,TOBARRA CB,False
CESUR DISTRITO OLIMPICO,10,29.9718,75.4974,True,1,TOBARRA CB,False
CESUR DISTRITO OLIMPICO,15,13.2581,50.5417,True,1,TOBARRA CB,False
CESUR DISTRITO OLIMPICO,14,11.0719,48.7771,True,1,TOBARRA CB,False
CESUR DISTRITO OLIMPICO,70,10.5783,52.3062,True,1,TOBARRA CB,False
CESUR DISTRITO OLIMPICO,10,29.478099999999998,22.8131,False,1,TOBARRA CB,False
CESUR DISTRITO OLIMPICO,33,16.2906,72.2204,True,1,TOBARRA CB,False
CESUR DISTRITO OLIMPICO,70,10.7898,47.5167,True,1,TOBARRA CB,False
CESUR DISTRITO OLIMPICO,16,13.1171,28.6109,True,1,TOBARRA CB,False
CESUR DISTRITO OLIMPICO,33,6.981700000000004,53.9447,False,1,TOBARRA CB,False
CESUR DISTRITO OLIMPICO,97,11.706599999999995,50.2896,False,1,TOBARRA CB,False
CESUR DISTRITO OLIMPICO,15,11.2835,52.3062,True,1,TOBARRA CB,False
CESUR DISTRITO OLIMPICO,2,33.0748,75.8755,True,1,TOBARRA CB,False
CESUR DISTRITO OLIMPICO,15,10.2962,51.8021,True,1,TOBARRA CB,False
CESUR DISTRITO OLIMPICO,15,23.7659,50.0375,False,1,TOBARRA CB,False
CESUR DISTRITO OLIMPICO,5,33.4274,70.3298,False,1,TOBARRA CB,False
CESUR DISTRITO OLIMPICO,33,36.8124,69.5736,False,1,TOBARRA CB,False
CESUR DISTRITO OLIMPICO,2,12.4118,50.0375,True,1,TOBARRA CB,False
CESUR DISTRITO OLIMPICO,16,9.520499999999998,50.5417,False,1,TOBARRA CB,False
CESUR DISTRITO OLIMPICO,10,8.744699999999995,42.4752,False,1,TOBARRA CB,False
CESUR DISTRITO OLIMPICO,33,12.2708,72.3464,True,1,TOBARRA CB,False
CESUR DISTRITO OLIMPICO,16,32.5811,68.5653,False,1,TOBARRA CB,False
CESUR DISTRITO OLIMPICO,12,10.5783,52.8104,True,1,TOBARRA CB,False
CESUR DISTRITO OLIMPICO,2,28.2087,83.4379,True,1,TOBARRA CB,False
CESUR DISTRITO OLIMPICO,12,8.603700000000003,51.676,False,1,TOBARRA CB,False
CESUR DISTRITO OLIMPICO,33,17.2073,50.6677,True,1,TOBARRA CB,False
CESUR DISTRITO OLIMPICO,2,30.112799999999993,81.0431,True,1,TOBARRA CB,False
CESUR DISTRITO OLIMPICO,87,9.590999999999994,57.0957,False,1,TOBARRA CB,False
CESUR DISTRITO OLIMPICO,15,10.084599999999995,53.9447,True,1,TOBARRA CB,False
CESUR DISTRITO OLIMPICO,15,9.943600000000004,52.8104,False,1,TOBARRA CB,False
CESUR DISTRITO OLIMPICO,2,15.7969,22.1829,True,1,TOBARRA CB,False
CESUR DISTRITO OLIMPICO,10,10.4372,54.0708,True,1,TOBARRA CB,False
CESUR DISTRITO OLIMPICO,70,9.802499999999995,51.55,True,1,TOBARRA CB,False
CESUR DISTRITO OLIMPICO,16,17.9831,73.9849,True,1,TOBARRA CB,False
CESUR DISTRITO OLIMPICO,15,11.1425,51.1719,True,1,TOBARRA CB,False
CESUR DISTRITO OLIMPICO,15,9.520499999999998,52.8104,False,1,TOBARRA CB,False
CESUR DISTRITO OLIMPICO,15,14.0338,47.5167,True,1,TOBARRA CB,False
CESUR DISTRITO OLIMPICO,12,22.919600000000003,12.856,False,1,TOBARRA CB,False
CESUR DISTRITO OLIMPICO,70,9.802499999999995,46.2563,True,1,TOBARRA CB,False
CESUR DISTRITO OLIMPICO,33,13.469700000000003,55.3312,False,1,TOBARRA CB,False
CESUR DISTRITO OLIMPICO,2,33.78,76.7578,True,1,TOBARRA CB,False
CESUR DISTRITO OLIMPICO,33,36.3188,32.8962,False,1,TOBARRA CB,False
CESUR DISTRITO OLIMPICO,33,9.873099999999994,7.31027,False,1,TOBARRA CB,False
CESUR DISTRITO OLIMPICO,13,28.984499999999997,19.1579,False,1,TOBARRA CB,False
CESUR DISTRITO OLIMPICO,10,34.6262,53.3145,False,1,TOBARRA CB,False
CESUR DISTRITO OLIMPICO,2,13.6107,57.8519,False,1,TOBARRA CB,False
CESUR DISTRITO OLIMPICO,33,7.2637,48.273,True,1,TOBARRA CB,False
CESUR DISTRITO OLIMPICO,15,9.80254,52.4323,True,1,TOBARRA CB,False
CESUR DISTRITO OLIMPICO,14,11.213,59.7425,False,1,TOBARRA CB,False
CESUR DISTRITO OLIMPICO,33,32.9337,21.5527,True,1,TOBARRA CB,False
NÁUTICO TENERIFE,55,10.9309,42.3491,False,1,BALONCESTO ALCALA,True
NÁUTICO TENERIFE,55,6.98166,62.7675,False,1,BALONCESTO ALCALA,True
NÁUTICO TENERIFE,5,9.87306,45.248,True,1,BALONCESTO ALCALA,True
NÁUTICO TENERIFE,55,7.12271,57.2217,True,1,BALONCESTO ALCALA,True
NÁUTICO TENERIFE,5,6.911100000000005,63.5237,False,1,BALONCESTO ALCALA,True
NÁUTICO TENERIFE,3,32.2285,26.7203,False,1,BALONCESTO ALCALA,True
NÁUTICO TENERIFE,55,8.88575,61.6331,True,1,BALONCESTO ALCALA,True
NÁUTICO TENERIFE,7,27.0099,11.3435,False,1,BALONCESTO ALCALA,True
NÁUTICO TENERIFE,5,8.60367,38.4419,True,1,BALONCESTO ALCALA,True
NÁUTICO TENERIFE,5,12.200299999999999,49.1552,True,1,BALONCESTO ALCALA,True
NÁUTICO TENERIFE,5,7.686899999999994,41.7189,True,1,BALONCESTO ALCALA,True
NÁUTICO TENERIFE,5,11.1425,71.7162,False,1,BALONCESTO ALCALA,True
NÁUTICO TENERIFE,3,25.8815,86.4628,True,1,BALONCESTO ALCALA,True
NÁUTICO TENERIFE,55,27.5035,82.6816,True,1,BALONCESTO ALCALA,True
NÁUTICO TENERIFE,23,27.997200000000007,13.7383,False,1,BALONCESTO ALCALA,True
NÁUTICO TENERIFE,7,22.2849,89.3617,False,1,BALONCESTO ALCALA,True
NÁUTICO TENERIFE,3,8.533100000000005,55.2051,True,1,BALONCESTO ALCALA,True
NÁUTICO TENERIFE,23,18.6883,95.1595,False,1,BALONCESTO ALCALA,True
NÁUTICO TENERIFE,3,10.507800000000003,94.4033,True,1,BALONCESTO ALCALA,True
NÁUTICO TENERIFE,5,28.6319,80.4129,False,1,BALONCESTO ALCALA,True
NÁUTICO TENERIFE,55,11.424499999999995,42.2231,False,1,BALONCESTO ALCALA,True
NÁUTICO TENERIFE,5,9.308899999999994,71.5902,True,1,BALONCESTO ALCALA,True
NÁUTICO TENERIFE,55,10.0846,41.2148,True,1,BALONCESTO ALCALA,True
NÁUTICO TENERIFE,7,6.135400000000004,92.7648,False,1,BALONCESTO ALCALA,True
NÁUTICO TENERIFE,34,7.68688,6.30195,False,1,BALONCESTO ALCALA,True
NÁUTICO TENERIFE,23,14.6685,52.4323,False,1,BALONCESTO ALCALA,True
NÁUTICO TENERIFE,5,13.963300000000004,33.7785,False,1,BALONCESTO ALCALA,True
NÁUTICO TENERIFE,55,10.0141,51.4239,True,1,BALONCESTO ALCALA,True
NÁUTICO TENERIFE,5,31.8759,28.1067,False,1,BALONCESTO ALCALA,True
NÁUTICO TENERIFE,3,29.337100000000007,20.2923,True,1,BALONCESTO ALCALA,True
NÁUTICO TENERIFE,5,22.9901,23.4433,False,1,BALONCESTO ALCALA,True
NÁUTICO TENERIFE,55,13.6107,67.4309,False,1,BALONCESTO ALCALA,True
NÁUTICO TENERIFE,55,9.943600000000004,42.0971,True,1,BALONCESTO ALCALA,True
NÁUTICO TENERIFE,5,24.188999999999993,52.1802,True,1,BALONCESTO ALCALA,True
NÁUTICO TENERIFE,12,11.4245,35.9211,False,1,BALONCESTO ALCALA,True
NÁUTICO TENERIFE,5,10.578299999999999,37.9378,True,1,BALONCESTO ALCALA,True
NÁUTICO TENERIFE,5,9.87306,72.9766,False,1,BALONCESTO ALCALA,True
NÁUTICO TENERIFE,5,10.648799999999994,40.2065,True,1,BALONCESTO ALCALA,True
NÁUTICO TENERIFE,55,6.346999999999994,60.4988,False,1,BALONCESTO ALCALA,True
NÁUTICO TENERIFE,5,6.41749,62.6414,True,1,BALONCESTO ALCALA,True
NÁUTICO TENERIFE,34,5.571200000000005,59.2384,True,1,BALONCESTO ALCALA,True
NÁUTICO TENERIFE,39,5.43018,59.2384,True,1,BALONCESTO ALCALA,True
NÁUTICO TENERIFE,51,8.74471,40.4585,False,1,BALONCESTO ALCALA,True
NÁUTICO TENERIFE,34,7.122699999999995,55.4572,False,1,BALONCESTO ALCALA,True
NÁUTICO TENERIFE,5,24.7532,55.8353,True,1,BALONCESTO ALCALA,True
NÁUTICO TENERIFE,44,35.6135,44.6178,False,1,BALONCESTO ALCALA,True
NÁUTICO TENERIFE,55,8.25106,43.1054,False,1,BALONCESTO ALCALA,True
NÁUTICO TENERIFE,5,22.0028,50.7937,True,1,BALONCESTO ALCALA,True
NÁUTICO TENERIFE,25,10.0141,56.8436,False,1,BALONCESTO ALCALA,True
NÁUTICO TENERIFE,25,10.6488,92.1346,False,1,BALONCESTO ALCALA,True
NÁUTICO TENERIFE,3,21.7207,11.4696,True,1,BALONCESTO ALCALA,True
NÁUTICO TENERIFE,51,7.26375,6.55403,False,1,BALONCESTO ALCALA,True
NÁUTICO TENERIFE,25,27.2214,15.7549,True,1,BALONCESTO ALCALA,True
NÁUTICO TENERIFE,5,25.035300000000007,51.55,False,1,BALONCESTO ALCALA,True
NÁUTICO TENERIFE,44,13.5402,31.7618,False,1,BALONCESTO ALCALA,True
NÁUTICO TENERIFE,55,6.91114,60.2467,True,1,BALONCESTO ALCALA,True
NÁUTICO TENERIFE,5,25.035300000000007,52.8104,False,1,BALONCESTO ALCALA,True
NÁUTICO TENERIFE,3,19.7461,32.266,True,1,BALONCESTO ALCALA,True
NÁUTICO TENERIFE,3,17.418899999999994,50.2896,True,1,BALONCESTO ALCALA,True
NÁUTICO TENERIFE,5,13.046499999999995,39.8283,False,1,BALONCESTO ALCALA,True
NÁUTICO TENERIFE,5,20.7334,31.8879,False,1,BALONCESTO ALCALA,True
NÁUTICO TENERIFE,39,8.18054,43.4835,False,1,BALONCESTO ALCALA,True
NÁUTICO TENERIFE,5,18.688299999999998,43.3574,False,1,BALONCESTO ALCALA,True
BALONCESTO ALCALA,91,12.2708,37.8117,False,1,NÁUTICO TENERIFE,False
BALONCESTO ALCALA,19,34.0621,30.5015,True,1,NÁUTICO TENERIFE,False
BALONCESTO ALCALA,91,8.25106,42.6012,True,1,NÁUTICO TENERIFE,False
BALONCESTO ALCALA,19,9.0268,36.6774,False,1,NÁUTICO TENERIFE,False
BALONCESTO ALCALA,19,24.541600000000003,84.8243,False,1,NÁUTICO TENERIFE,False
BALONCESTO ALCALA,3,37.8702,49.2813,False,1,NÁUTICO TENERIFE,False
BALONCESTO ALCALA,19,19.8872,23.9474,False,1,NÁUTICO TENERIFE,False
BALONCESTO ALCALA,14,7.4047999999999945,60.1206,True,1,NÁUTICO TENERIFE,False
BALONCESTO ALCALA,19,9.308899999999994,76.0016,False,1,NÁUTICO TENERIFE,False
BALONCESTO ALCALA,10,8.03949,39.0721,True,1,NÁUTICO TENERIFE,False
BALONCESTO ALCALA,19,12.3413,24.7037,False,1,NÁUTICO TENERIFE,False
BALONCESTO ALCALA,10,10.0141,42.3491,False,1,NÁUTICO TENERIFE,False
BALONCESTO ALCALA,14,12.3413,38.4419,False,1,NÁUTICO TENERIFE,False
BALONCESTO ALCALA,82,6.06488,95.5376,False,1,NÁUTICO TENERIFE,False
BALONCESTO ALCALA,14,6.699600000000004,57.4738,True,1,NÁUTICO TENERIFE,False
BALONCESTO ALCALA,19,34.6262,61.5071,False,1,NÁUTICO TENERIFE,False
BALONCESTO ALCALA,4,33.427400000000006,12.982,False,1,NÁUTICO TENERIFE,False
BALONCESTO ALCALA,91,10.5783,39.3242,True,1,NÁUTICO TENERIFE,False
BALONCESTO ALCALA,14,7.8279,58.6082,True,1,NÁUTICO TENERIFE,False
BALONCESTO ALCALA,19,32.299,25.5859,False,1,NÁUTICO TENERIFE,False
BALONCESTO ALCALA,19,33.3568,24.8297,False,1,NÁUTICO TENERIFE,False
BALONCESTO ALCALA,13,7.616399999999999,60.1206,True,1,NÁUTICO TENERIFE,False
BALONCESTO ALCALA,4,31.734800000000007,68.3132,False,1,NÁUTICO TENERIFE,False
BALONCESTO ALCALA,10,23.836399999999998,12.4779,False,1,NÁUTICO TENERIFE,False
BALONCESTO ALCALA,19,29.9013,24.3255,True,1,NÁUTICO TENERIFE,False
BALONCESTO ALCALA,82,9.09732,96.2939,False,1,NÁUTICO TENERIFE,False
BALONCESTO ALCALA,14,9.732,36.8034,False,1,NÁUTICO TENERIFE,False
BALONCESTO ALCALA,14,8.46262,42.7272,True,1,NÁUTICO TENERIFE,False
BALONCESTO ALCALA,10,8.533100000000005,62.1373,True,1,NÁUTICO TENERIFE,False
BALONCESTO ALCALA,13,10.860399999999998,40.3325,False,1,NÁUTICO TENERIFE,False
BALONCESTO ALCALA,10,8.251099999999994,56.9697,True,1,NÁUTICO TENERIFE,False
BALONCESTO ALCALA,91,14.386499999999998,40.2065,False,1,NÁUTICO TENERIFE,False
BALONCESTO ALCALA,19,32.0169,19.7881,False,1,NÁUTICO TENERIFE,False
BALONCESTO ALCALA,82,8.3921,61.381,True,1,NÁUTICO TENERIFE,False
BALONCESTO ALCALA,82,7.12271,64.2799,True,1,NÁUTICO TENERIFE,False
BALONCESTO ALCALA,19,25.246799999999993,10.4612,True,1,NÁUTICO TENERIFE,False
BALONCESTO ALCALA,19,16.9958,67.4309,False,1,NÁUTICO TENERIFE,False
BALONCESTO ALCALA,4,26.3752,11.4696,False,1,NÁUTICO TENERIFE,False
BALONCESTO ALCALA,19,25.67,88.2274,True,1,NÁUTICO TENERIFE,False
BALONCESTO ALCALA,13,10.2962,38.3159,False,1,NÁUTICO TENERIFE,False
BALONCESTO ALCALA,10,10.578299999999999,58.6082,True,1,NÁUTICO TENERIFE,False
BALONCESTO ALCALA,14,9.23836,56.7176,True,1,NÁUTICO TENERIFE,False
BALONCESTO ALCALA,14,9.379400000000004,60.3727,True,1,NÁUTICO TENERIFE,False
BALONCESTO ALCALA,4,29.266599999999997,21.1746,False,1,NÁUTICO TENERIFE,False
BALONCESTO ALCALA,14,7.8279,95.1595,True,1,NÁUTICO TENERIFE,False
BALONCESTO ALCALA,4,10.9309,35.417,False,1,NÁUTICO TENERIFE,False
BALONCESTO ALCALA,4,27.997200000000007,22.9391,True,1,NÁUTICO TENERIFE,False
BALONCESTO ALCALA,91,8.53315,40.5846,False,1,NÁUTICO TENERIFE,False
BALONCESTO ALCALA,3,10.5783,45.248,True,1,NÁUTICO TENERIFE,False
BALONCESTO ALCALA,19,10.648799999999994,52.3062,True,1,NÁUTICO TENERIFE,False
BALONCESTO ALCALA,4,26.375200000000007,13.7383,False,1,NÁUTICO TENERIFE,False
BALONCESTO ALCALA,91,6.98166,32.0139,False,1,NÁUTICO TENERIFE,False
BALONCESTO ALCALA,82,10.860399999999998,40.3325,True,1,NÁUTICO TENERIFE,False
BALONCESTO ALCALA,13,17.771500000000003,49.1552,False,1,NÁUTICO TENERIFE,False
BALONCESTO ALCALA,3,28.1382,17.0153,False,1,NÁUTICO TENERIFE,False
BALONCESTO ALCALA,19,9.661500000000004,27.3505,True,1,NÁUTICO TENERIFE,False
BALONCESTO ALCALA,91,15.937899999999999,46.0043,False,1,NÁUTICO TENERIFE,False
BALONCESTO ALCALA,91,9.661500000000004,58.3561,True,1,NÁUTICO TENERIFE,False
BALONCESTO ALCALA,3,24.6827,49.2813,False,1,NÁUTICO TENERIFE,False
BALONCESTO ALCALA,4,22.990099999999998,89.8659,False,1,NÁUTICO TENERIFE,False
BALONCESTO ALCALA,5,29.4076,84.9503,False,1,NÁUTICO TENERIFE,False
BALONCESTO ALCALA,10,9.30889,48.399,False,1,NÁUTICO TENERIFE,False
BALONCESTO ALCALA,19,33.35680000000001,51.2979,False,1,NÁUTICO TENERIFE,False
BALONCESTO ALCALA,14,5.6417,95.6637,False,1,NÁUTICO TENERIFE,False
BALONCESTO ALCALA,19,6.064899999999994,59.6165,True,1,NÁUTICO TENERIFE,False
BALONCESTO ALCALA,4,26.1636,82.3035,False,1,NÁUTICO TENERIFE,False
BALONCESTO ALCALA,10,16.7137,37.9378,False,1,NÁUTICO TENERIFE,False
BALONCESTO ALCALA,19,11.0014,58.2301,False,1,NÁUTICO TENERIFE,False
BALONCESTO ALCALA,13,7.5458,57.7259,False,1,NÁUTICO TENERIFE,False
C.D. BASKET GLOBALCAJA QUINTANAR,6,27.0804,83.1858,False,1,ALCOBENDAS C.B.,True
C.D. BASKET GLOBALCAJA QUINTANAR,3,19.393500000000003,73.6068,False,1,ALCOBENDAS C.B.,True
C.D. BASKET GLOBALCAJA QUINTANAR,2,33.9915,62.5154,False,1,ALCOBENDAS C.B.,True
C.D. BASKET GLOBALCAJA QUINTANAR,50,10.155100000000004,58.4821,False,1,ALCOBENDAS C.B.,True
C.D. BASKET GLOBALCAJA QUINTANAR,50,9.238399999999999,44.7439,True,1,ALCOBENDAS C.B.,True
C.D. BASKET GLOBALCAJA QUINTANAR,50,22.637500000000003,90.1179,False,1,ALCOBENDAS C.B.,True
C.D. BASKET GLOBALCAJA QUINTANAR,2,7.47532,74.6151,False,1,ALCOBENDAS C.B.,True
C.D. BASKET GLOBALCAJA QUINTANAR,12,8.603700000000003,55.2051,True,1,ALCOBENDAS C.B.,True
C.D. BASKET GLOBALCAJA QUINTANAR,50,9.73202,49.9115,False,1,ALCOBENDAS C.B.,True
C.D. BASKET GLOBALCAJA QUINTANAR,50,10.7898,54.953,False,1,ALCOBENDAS C.B.,True
C.D. BASKET GLOBALCAJA QUINTANAR,12,12.834999999999994,26.0901,False,1,ALCOBENDAS C.B.,True
C.D. BASKET GLOBALCAJA QUINTANAR,2,9.80254,61.129,True,1,ALCOBENDAS C.B.,True
C.D. BASKET GLOBALCAJA QUINTANAR,3,29.6192,76.1276,False,1,ALCOBENDAS C.B.,True
C.D. BASKET GLOBALCAJA QUINTANAR,12,9.94358,45.6261,False,1,ALCOBENDAS C.B.,True
C.D. BASKET GLOBALCAJA QUINTANAR,3,6.7701,58.104,True,1,ALCOBENDAS C.B.,True
C.D. BASKET GLOBALCAJA QUINTANAR,1,8.956299999999999,38.1898,True,1,ALCOBENDAS C.B.,True
C.D. BASKET GLOBALCAJA QUINTANAR,8,10.437200000000004,93.2689,True,1,ALCOBENDAS C.B.,True
C.D. BASKET GLOBALCAJA QUINTANAR,3,9.23836,94.9074,False,1,ALCOBENDAS C.B.,True
C.D. BASKET GLOBALCAJA QUINTANAR,14,33.2158,35.9211,False,1,ALCOBENDAS C.B.,True
C.D. BASKET GLOBALCAJA QUINTANAR,21,38.787,78.9005,False,1,ALCOBENDAS C.B.,True
C.D. BASKET GLOBALCAJA QUINTANAR,2,6.41749,45.7522,False,1,ALCOBENDAS C.B.,True
C.D. BASKET GLOBALCAJA QUINTANAR,8,13.540199999999999,69.9517,False,1,ALCOBENDAS C.B.,True
C.D. BASKET GLOBALCAJA QUINTANAR,1,10.507800000000003,63.1456,False,1,ALCOBENDAS C.B.,True
C.D. BASKET GLOBALCAJA QUINTANAR,12,11.001400000000004,38.4419,False,1,ALCOBENDAS C.B.,True
C.D. BASKET GLOBALCAJA QUINTANAR,14,35.402,59.6165,False,1,ALCOBENDAS C.B.,True
C.D. BASKET GLOBALCAJA QUINTANAR,2,5.92384,65.9184,True,1,ALCOBENDAS C.B.,True
C.D. BASKET GLOBALCAJA QUINTANAR,21,9.520499999999998,37.9378,False,1,ALCOBENDAS C.B.,True
C.D. BASKET GLOBALCAJA QUINTANAR,3,8.3921,94.2772,False,1,ALCOBENDAS C.B.,True
C.D. BASKET GLOBALCAJA QUINTANAR,50,6.69958,43.7356,False,1,ALCOBENDAS C.B.,True
C.D. BASKET GLOBALCAJA QUINTANAR,3,25.5289,12.982,False,1,ALCOBENDAS C.B.,True
C.D. BASKET GLOBALCAJA QUINTANAR,2,7.89845,39.4502,True,1,ALCOBENDAS C.B.,True
C.D. BASKET GLOBALCAJA QUINTANAR,21,29.830699999999993,81.7994,False,1,ALCOBENDAS C.B.,True
C.D. BASKET GLOBALCAJA QUINTANAR,21,6.06488,93.0168,True,1,ALCOBENDAS C.B.,True
C.D. BASKET GLOBALCAJA QUINTANAR,8,9.661500000000004,57.5999,True,1,ALCOBENDAS C.B.,True
C.D. BASKET GLOBALCAJA QUINTANAR,6,16.1495,24.0735,False,1,ALCOBENDAS C.B.,True
C.D. BASKET GLOBALCAJA QUINTANAR,12,12.3413,44.1137,True,1,ALCOBENDAS C.B.,True
C.D. BASKET GLOBALCAJA QUINTANAR,21,7.26375,94.9074,False,1,ALCOBENDAS C.B.,True
C.D. BASKET GLOBALCAJA QUINTANAR,3,7.757400000000004,55.2051,True,1,ALCOBENDAS C.B.,True
C.D. BASKET GLOBALCAJA QUINTANAR,2,6.41749,45.7522,False,1,ALCOBENDAS C.B.,True
C.D. BASKET GLOBALCAJA QUINTANAR,14,32.6516,64.7841,False,1,ALCOBENDAS C.B.,True
C.D. BASKET GLOBALCAJA QUINTANAR,6,9.80254,61.129,False,1,ALCOBENDAS C.B.,True
C.D. BASKET GLOBALCAJA QUINTANAR,2,34.4852,48.7771,True,1,ALCOBENDAS C.B.,True
C.D. BASKET GLOBALCAJA QUINTANAR,2,30.465400000000002,20.2923,False,1,ALCOBENDAS C.B.,True
C.D. BASKET GLOBALCAJA QUINTANAR,8,5.6417,33.2743,True,1,ALCOBENDAS C.B.,True
C.D. BASKET GLOBALCAJA QUINTANAR,8,17.630499999999998,62.7675,False,1,ALCOBENDAS C.B.,True
C.D. BASKET GLOBALCAJA QUINTANAR,50,30.465400000000002,21.5527,True,1,ALCOBENDAS C.B.,True
C.D. BASKET GLOBALCAJA QUINTANAR,2,9.238399999999999,36.6774,False,1,ALCOBENDAS C.B.,True
C.D. BASKET GLOBALCAJA QUINTANAR,50,10.578299999999999,57.8519,False,1,ALCOBENDAS C.B.,True
C.D. BASKET GLOBALCAJA QUINTANAR,12,6.06488,44.8699,True,1,ALCOBENDAS C.B.,True
C.D. BASKET GLOBALCAJA QUINTANAR,12,16.7137,57.0957,False,1,ALCOBENDAS C.B.,True
C.D. BASKET GLOBALCAJA QUINTANAR,6,16.7137,57.0957,False,1,ALCOBENDAS C.B.,True
C.D. BASKET GLOBALCAJA QUINTANAR,1,28.914,79.1525,False,1,ALCOBENDAS C.B.,True
C.D. BASKET GLOBALCAJA QUINTANAR,50,10.578299999999999,57.8519,False,1,ALCOBENDAS C.B.,True
C.D. BASKET GLOBALCAJA QUINTANAR,6,20.8745,30.8796,False,1,ALCOBENDAS C.B.,True
C.D. BASKET GLOBALCAJA QUINTANAR,3,11.495099999999994,56.4655,False,1,ALCOBENDAS C.B.,True
C.D. BASKET GLOBALCAJA QUINTANAR,3,30.465400000000002,20.2923,False,1,ALCOBENDAS C.B.,True
C.D. BASKET GLOBALCAJA QUINTANAR,50,7.05219,57.2217,True,1,ALCOBENDAS C.B.,True
C.D. BASKET GLOBALCAJA QUINTANAR,21,10.860399999999998,91.8825,False,1,ALCOBENDAS C.B.,True
C.D. BASKET GLOBALCAJA QUINTANAR,8,32.9337,70.96,False,1,ALCOBENDAS C.B.,True
C.D. BASKET GLOBALCAJA QUINTANAR,24,30.465400000000002,20.2923,False,1,ALCOBENDAS C.B.,True
C.D. BASKET GLOBALCAJA QUINTANAR,2,7.8279,43.8616,True,1,ALCOBENDAS C.B.,True
C.D. BASKET GLOBALCAJA QUINTANAR,50,9.590999999999994,58.104,False,1,ALCOBENDAS C.B.,True
C.D. BASKET GLOBALCAJA QUINTANAR,50,8.3921,94.2772,False,1,ALCOBENDAS C.B.,True
C.D. BASKET GLOBALCAJA QUINTANAR,6,7.89845,58.3561,True,1,ALCOBENDAS C.B.,True
C.D. BASKET GLOBALCAJA QUINTANAR,50,10.366699999999994,52.9364,False,1,ALCOBENDAS C.B.,True
C.D. BASKET GLOBALCAJA QUINTANAR,2,21.7913,70.0777,False,1,ALCOBENDAS C.B.,True
C.D. BASKET GLOBALCAJA QUINTANAR,50,9.73202,49.9115,False,1,ALCOBENDAS C.B.,True
C.D. BASKET GLOBALCAJA QUINTANAR,24,8.956299999999999,6.17591,False,1,ALCOBENDAS C.B.,True
C.D. BASKET GLOBALCAJA QUINTANAR,6,8.815200000000004,60.1206,True,1,ALCOBENDAS C.B.,True
C.D. BASKET GLOBALCAJA QUINTANAR,2,9.23836,46.1303,True,1,ALCOBENDAS C.B.,True
C.D. BASKET GLOBALCAJA QUINTANAR,50,14.527500000000003,5.1676,False,1,ALCOBENDAS C.B.,True
C.D. BASKET GLOBALCAJA QUINTANAR,21,5.35966,93.647,True,1,ALCOBENDAS C.B.,True
C.D. BASKET GLOBALCAJA QUINTANAR,12,11.6361,48.7771,True,1,ALCOBENDAS C.B.,True
C.D. BASKET GLOBALCAJA QUINTANAR,8,30.394900000000007,26.3422,True,1,ALCOBENDAS C.B.,True
ALCOBENDAS C.B.,24,29.548699999999997,19.6621,False,1,C.D. BASKET GLOBALCAJA QUINTANAR,False
ALCOBENDAS C.B.,5,16.361099999999993,36.9294,True,1,C.D. BASKET GLOBALCAJA QUINTANAR,False
ALCOBENDAS C.B.,0,22.778599999999997,90.37,True,1,C.D. BASKET GLOBALCAJA QUINTANAR,False
ALCOBENDAS C.B.,4,33.3568,65.9184,False,1,C.D. BASKET GLOBALCAJA QUINTANAR,False
ALCOBENDAS C.B.,16,7.89845,47.0126,True,1,C.D. BASKET GLOBALCAJA QUINTANAR,False
ALCOBENDAS C.B.,0,9.238399999999999,3.65513,True,1,C.D. BASKET GLOBALCAJA QUINTANAR,False
ALCOBENDAS C.B.,24,13.7518,28.4848,False,1,C.D. BASKET GLOBALCAJA QUINTANAR,False
ALCOBENDAS C.B.,41,7.82793,59.6165,True,1,C.D. BASKET GLOBALCAJA QUINTANAR,False
ALCOBENDAS C.B.,41,24.189,58.3561,False,1,C.D. BASKET GLOBALCAJA QUINTANAR,False
ALCOBENDAS C.B.,17,31.3117,73.3547,False,1,C.D. BASKET GLOBALCAJA QUINTANAR,False
ALCOBENDAS C.B.,4,7.82793,43.3574,False,1,C.D. BASKET GLOBALCAJA QUINTANAR,False
ALCOBENDAS C.B.,41,11.777100000000004,45.7522,True,1,C.D. BASKET GLOBALCAJA QUINTANAR,False
ALCOBENDAS C.B.,41,9.52045,74.3631,False,1,C.D. BASKET GLOBALCAJA QUINTANAR,False
ALCOBENDAS C.B.,5,30.3949,25.838,False,1,C.D. BASKET GLOBALCAJA QUINTANAR,False
ALCOBENDAS C.B.,17,9.09732,27.6026,False,1,C.D. BASKET GLOBALCAJA QUINTANAR,False
ALCOBENDAS C.B.,24,10.6488,27.0984,False,1,C.D. BASKET GLOBALCAJA QUINTANAR,False
ALCOBENDAS C.B.,77,34.3441,69.6996,False,1,C.D. BASKET GLOBALCAJA QUINTANAR,False
ALCOBENDAS C.B.,41,12.976,71.5902,False,1,C.D. BASKET GLOBALCAJA QUINTANAR,False
ALCOBENDAS C.B.,5,33.92100000000001,28.6109,False,1,C.D. BASKET GLOBALCAJA QUINTANAR,False
ALCOBENDAS C.B.,24,8.46262,31.2577,False,1,C.D. BASKET GLOBALCAJA QUINTANAR,False
ALCOBENDAS C.B.,5,35.402,57.8519,False,1,C.D. BASKET GLOBALCAJA QUINTANAR,False
ALCOBENDAS C.B.,0,6.981700000000004,92.6387,False,1,C.D. BASKET GLOBALCAJA QUINTANAR,False
ALCOBENDAS C.B.,0,8.3921,4.03325,True,1,C.D. BASKET GLOBALCAJA QUINTANAR,False
ALCOBENDAS C.B.,0,3.59662,93.0168,False,1,C.D. BASKET GLOBALCAJA QUINTANAR,False
ALCOBENDAS C.B.,17,7.334299999999999,57.3478,True,1,C.D. BASKET GLOBALCAJA QUINTANAR,False
ALCOBENDAS C.B.,25,6.91114,72.2204,False,1,C.D. BASKET GLOBALCAJA QUINTANAR,False
ALCOBENDAS C.B.,24,14.739099999999993,43.6095,True,1,C.D. BASKET GLOBALCAJA QUINTANAR,False
ALCOBENDAS C.B.,5,29.6897,80.9171,False,1,C.D. BASKET GLOBALCAJA QUINTANAR,False
ALCOBENDAS C.B.,24,14.739099999999993,43.6095,False,1,C.D. BASKET GLOBALCAJA QUINTANAR,False
ALCOBENDAS C.B.,16,7.19323,57.4738,False,1,C.D. BASKET GLOBALCAJA QUINTANAR,False
ALCOBENDAS C.B.,17,34.767300000000006,52.4323,False,1,C.D. BASKET GLOBALCAJA QUINTANAR,False
ALCOBENDAS C.B.,0,29.125500000000002,19.7881,True,1,C.D. BASKET GLOBALCAJA QUINTANAR,False
ALCOBENDAS C.B.,41,29.6897,80.9171,False,1,C.D. BASKET GLOBALCAJA QUINTANAR,False
ALCOBENDAS C.B.,0,23.342699999999994,11.4696,True,1,C.D. BASKET GLOBALCAJA QUINTANAR,False
ALCOBENDAS C.B.,41,24.048000000000002,48.525,False,1,C.D. BASKET GLOBALCAJA QUINTANAR,False
ALCOBENDAS C.B.,17,27.5035,13.6122,False,1,C.D. BASKET GLOBALCAJA QUINTANAR,False
ALCOBENDAS C.B.,17,32.581100000000006,29.6192,False,1,C.D. BASKET GLOBALCAJA QUINTANAR,False
ALCOBENDAS C.B.,17,19.3935,56.3395,False,1,C.D. BASKET GLOBALCAJA QUINTANAR,False
ALCOBENDAS C.B.,77,23.624799999999993,60.7508,False,1,C.D. BASKET GLOBALCAJA QUINTANAR,False
ALCOBENDAS C.B.,24,19.464,75.3714,False,1,C.D. BASKET GLOBALCAJA QUINTANAR,False
ALCOBENDAS C.B.,41,23.9774,52.8104,False,1,C.D. BASKET GLOBALCAJA QUINTANAR,False
ALCOBENDAS C.B.,5,16.290599999999998,50.4156,False,1,C.D. BASKET GLOBALCAJA QUINTANAR,False
ALCOBENDAS C.B.,24,10.2257,60.6248,False,1,C.D. BASKET GLOBALCAJA QUINTANAR,False
ALCOBENDAS C.B.,41,9.661500000000004,57.978,False,1,C.D. BASKET GLOBALCAJA QUINTANAR,False
ALCOBENDAS C.B.,0,21.7207,10.3352,False,1,C.D. BASKET GLOBALCAJA QUINTANAR,False
ALCOBENDAS C.B.,5,14.104399999999998,60.3727,False,1,C.D. BASKET GLOBALCAJA QUINTANAR,False
ALCOBENDAS C.B.,5,7.05219,56.5915,True,1,C.D. BASKET GLOBALCAJA QUINTANAR,False
ALCOBENDAS C.B.,41,6.840599999999995,73.7329,False,1,C.D. BASKET GLOBALCAJA QUINTANAR,False
ALCOBENDAS C.B.,17,28.914,16.007,True,1,C.D. BASKET GLOBALCAJA QUINTANAR,False
ALCOBENDAS C.B.,17,34.1326,63.1456,True,1,C.D. BASKET GLOBALCAJA QUINTANAR,False
ALCOBENDAS C.B.,41,9.732,45.3741,True,1,C.D. BASKET GLOBALCAJA QUINTANAR,False
ALCOBENDAS C.B.,41,16.078999999999994,44.9959,False,1,C.D. BASKET GLOBALCAJA QUINTANAR,False
ALCOBENDAS C.B.,24,7.757400000000004,39.8283,True,1,C.D. BASKET GLOBALCAJA QUINTANAR,False
ALCOBENDAS C.B.,17,28.279300000000006,15.8809,False,1,C.D. BASKET GLOBALCAJA QUINTANAR,False
ALCOBENDAS C.B.,41,8.46262,31.2577,False,1,C.D. BASKET GLOBALCAJA QUINTANAR,False
ALCOBENDAS C.B.,77,32.8632,34.4087,False,1,C.D. BASKET GLOBALCAJA QUINTANAR,False
ALCOBENDAS C.B.,16,10.9309,53.8187,False,1,C.D. BASKET GLOBALCAJA QUINTANAR,False
ALCOBENDAS C.B.,17,31.382199999999997,25.5859,True,1,C.D. BASKET GLOBALCAJA QUINTANAR,False
ALCOBENDAS C.B.,5,34.1326,48.7771,False,1,C.D. BASKET GLOBALCAJA QUINTANAR,False
ALCOBENDAS C.B.,17,32.3695,29.2411,True,1,C.D. BASKET GLOBALCAJA QUINTANAR,False
ALCOBENDAS C.B.,24,17.489400000000003,51.8021,False,1,C.D. BASKET GLOBALCAJA QUINTANAR,False
ALCOBENDAS C.B.,5,14.739099999999993,43.6095,False,1,C.D. BASKET GLOBALCAJA QUINTANAR,False
ALCOBENDAS C.B.,16,8.251099999999994,45.7522,True,1,C.D. BASKET GLOBALCAJA QUINTANAR,False
ALCOBENDAS C.B.,77,24.894199999999998,13.3601,True,1,C.D. BASKET GLOBALCAJA QUINTANAR,False
ALCOBENDAS C.B.,41,8.25106,52.8104,True,1,C.D. BASKET GLOBALCAJA QUINTANAR,False
MOVISTAR ESTUDIANTES,7,29.769999999999996,22.3707,False,1,EL VENTERO CBV,True
MOVISTAR ESTUDIANTES,6,32.4763,17.8965,True,1,EL VENTERO CBV,True
MOVISTAR ESTUDIANTES,11,29.702299999999994,22.4916,True,1,EL VENTERO CBV,True
MOVISTAR ESTUDIANTES,8,8.998599999999996,37.6069,False,1,EL VENTERO CBV,True
MOVISTAR ESTUDIANTES,2,34.2355,23.2171,True,1,EL VENTERO CBV,True
MOVISTAR ESTUDIANTES,9,14.276,59.3729,False,1,EL VENTERO CBV,True
MOVISTAR ESTUDIANTES,12,15.6292,60.2194,False,1,EL VENTERO CBV,True
MOVISTAR ESTUDIANTES,22,17.388400000000004,59.7357,True,1,EL VENTERO CBV,True
MOVISTAR ESTUDIANTES,8,9.13396,49.2154,True,1,EL VENTERO CBV,True
MOVISTAR ESTUDIANTES,11,32.544,79.2042,True,1,EL VENTERO CBV,True
MOVISTAR ESTUDIANTES,15,11.704999999999998,58.6474,True,1,EL VENTERO CBV,True
MOVISTAR ESTUDIANTES,22,19.3505,44.6204,False,1,EL VENTERO CBV,True
MOVISTAR ESTUDIANTES,6,34.6414,31.0771,True,1,EL VENTERO CBV,True
MOVISTAR ESTUDIANTES,9,12.4493,59.7357,False,1,EL VENTERO CBV,True
MOVISTAR ESTUDIANTES,2,32.408699999999996,78.1159,True,1,EL VENTERO CBV,True
MOVISTAR ESTUDIANTES,2,32.0027,70.7396,False,1,EL VENTERO CBV,True
MOVISTAR ESTUDIANTES,9,11.2991,39.7835,False,1,EL VENTERO CBV,True
MOVISTAR ESTUDIANTES,4,34.2355,20.5568,False,1,EL VENTERO CBV,True
MOVISTAR ESTUDIANTES,2,37.7537,36.5186,False,1,EL VENTERO CBV,True
MOVISTAR ESTUDIANTES,25,33.5589,70.7396,False,1,EL VENTERO CBV,True
MOVISTAR ESTUDIANTES,9,13.531800000000004,43.8949,False,1,EL VENTERO CBV,True
MOVISTAR ESTUDIANTES,6,34.9797,18.743,True,1,EL VENTERO CBV,True
MOVISTAR ESTUDIANTES,9,12.5169,53.085,True,1,EL VENTERO CBV,True
MOVISTAR ESTUDIANTES,2,29.431700000000006,81.9854,False,1,EL VENTERO CBV,True
MOVISTAR ESTUDIANTES,7,37.2124,22.8543,False,1,EL VENTERO CBV,True
MOVISTAR ESTUDIANTES,8,24.424899999999994,83.7993,False,1,EL VENTERO CBV,True
MOVISTAR ESTUDIANTES,7,17.456000000000003,71.8279,False,1,EL VENTERO CBV,True
MOVISTAR ESTUDIANTES,22,8.66035,53.5687,True,1,EL VENTERO CBV,True
MOVISTAR ESTUDIANTES,6,34.5737,78.9624,False,1,EL VENTERO CBV,True
MOVISTAR ESTUDIANTES,9,12.3139,58.2846,True,1,EL VENTERO CBV,True
MOVISTAR ESTUDIANTES,6,27.4696,81.2599,True,1,EL VENTERO CBV,True
MOVISTAR ESTUDIANTES,2,37.7537,73.1581,False,1,EL VENTERO CBV,True
MOVISTAR ESTUDIANTES,8,16.4411,40.8718,False,1,EL VENTERO CBV,True
MOVISTAR ESTUDIANTES,9,14.0731,58.6474,False,1,EL VENTERO CBV,True
MOVISTAR ESTUDIANTES,8,31.055499999999995,81.2599,True,1,EL VENTERO CBV,True
MOVISTAR ESTUDIANTES,9,7.9161,58.0428,True,1,EL VENTERO CBV,True
MOVISTAR ESTUDIANTES,9,15.087999999999994,42.6856,False,1,EL VENTERO CBV,True
MOVISTAR ESTUDIANTES,15,24.4249,39.9044,False,1,EL VENTERO CBV,True
MOVISTAR ESTUDIANTES,6,37.0095,72.3116,False,1,EL VENTERO CBV,True
MOVISTAR ESTUDIANTES,12,29.0257,81.6227,True,1,EL VENTERO CBV,True
MOVISTAR ESTUDIANTES,8,11.7727,78.2368,True,1,EL VENTERO CBV,True
MOVISTAR ESTUDIANTES,2,24.4249,65.2981,False,1,EL VENTERO CBV,True
MOVISTAR ESTUDIANTES,9,15.426299999999998,56.7126,False,1,EL VENTERO CBV,True
MOVISTAR ESTUDIANTES,25,33.491200000000006,80.6553,False,1,EL VENTERO CBV,True
MOVISTAR ESTUDIANTES,11,18.2003,70.8606,False,1,EL VENTERO CBV,True
MOVISTAR ESTUDIANTES,8,14.2084,36.5186,False,1,EL VENTERO CBV,True
MOVISTAR ESTUDIANTES,11,12.178600000000003,55.2616,True,1,EL VENTERO CBV,True
MOVISTAR ESTUDIANTES,6,12.719899999999996,53.8105,True,1,EL VENTERO CBV,True
MOVISTAR ESTUDIANTES,2,34.5737,20.7987,False,1,EL VENTERO CBV,True
MOVISTAR ESTUDIANTES,15,32.8146,80.4134,False,1,EL VENTERO CBV,True
MOVISTAR ESTUDIANTES,12,32.747,79.4461,False,1,EL VENTERO CBV,True
MOVISTAR ESTUDIANTES,22,17.0501,53.5687,True,1,EL VENTERO CBV,True
MOVISTAR ESTUDIANTES,25,12.5846,52.7222,True,1,EL VENTERO CBV,True
MOVISTAR ESTUDIANTES,2,23.274699999999996,71.5861,False,1,EL VENTERO CBV,True
EL VENTERO CBV,0,13.261200000000002,50.5456,True,1,MOVISTAR ESTUDIANTES,False
EL VENTERO CBV,10,27.875500000000002,14.5107,False,1,MOVISTAR ESTUDIANTES,False
EL VENTERO CBV,0,10.3518,54.2942,True,1,MOVISTAR ESTUDIANTES,False
EL VENTERO CBV,0,18.6062,42.2019,False,1,MOVISTAR ESTUDIANTES,False
EL VENTERO CBV,18,16.441100000000006,73.5209,False,1,MOVISTAR ESTUDIANTES,False
EL VENTERO CBV,1,14.2761,50.4247,True,1,MOVISTAR ESTUDIANTES,False
EL VENTERO CBV,15,22.3275,12.6969,False,1,MOVISTAR ESTUDIANTES,False
EL VENTERO CBV,1,14.276,73.5209,False,1,MOVISTAR ESTUDIANTES,False
EL VENTERO CBV,0,33.0852,20.6777,False,1,MOVISTAR ESTUDIANTES,False
EL VENTERO CBV,3,18.5386,33.3746,False,1,MOVISTAR ESTUDIANTES,False
EL VENTERO CBV,0,16.9824,51.9967,False,1,MOVISTAR ESTUDIANTES,False
EL VENTERO CBV,18,19.3505,45.3459,False,1,MOVISTAR ESTUDIANTES,False
EL VENTERO CBV,1,17.794300000000007,50.0619,False,1,MOVISTAR ESTUDIANTES,False
EL VENTERO CBV,22,35.7916,29.0214,False,1,MOVISTAR ESTUDIANTES,False
EL VENTERO CBV,15,34.5737,30.2306,True,1,MOVISTAR ESTUDIANTES,False
EL VENTERO CBV,22,31.7321,18.743,True,1,MOVISTAR ESTUDIANTES,False
EL VENTERO CBV,21,10.284199999999998,62.6378,False,1,MOVISTAR ESTUDIANTES,False
EL VENTERO CBV,1,11.908000000000001,60.2194,False,1,MOVISTAR ESTUDIANTES,False
EL VENTERO CBV,1,32.340999999999994,82.711,False,1,MOVISTAR ESTUDIANTES,False
EL VENTERO CBV,3,12.5169,51.6339,True,1,MOVISTAR ESTUDIANTES,False
EL VENTERO CBV,0,12.4493,62.0332,False,1,MOVISTAR ESTUDIANTES,False
EL VENTERO CBV,3,9.53992,57.1963,True,1,MOVISTAR ESTUDIANTES,False
EL VENTERO CBV,0,28.822699999999998,16.9291,False,1,MOVISTAR ESTUDIANTES,False
EL VENTERO CBV,18,13.8024,62.396,False,1,MOVISTAR ESTUDIANTES,False
EL VENTERO CBV,10,15.1556,72.5535,False,1,MOVISTAR ESTUDIANTES,False
EL VENTERO CBV,10,37.0095,79.4461,False,1,MOVISTAR ESTUDIANTES,False
EL VENTERO CBV,1,12.0433,53.4477,True,1,MOVISTAR ESTUDIANTES,False
EL VENTERO CBV,10,15.4939,21.887,False,1,MOVISTAR ESTUDIANTES,False
EL VENTERO CBV,21,28.0108,11.9713,False,1,MOVISTAR ESTUDIANTES,False
EL VENTERO CBV,15,16.3058,68.0793,False,1,MOVISTAR ESTUDIANTES,False
EL VENTERO CBV,15,28.6874,12.6969,True,1,MOVISTAR ESTUDIANTES,False
EL VENTERO CBV,1,19.350499999999997,76.1812,False,1,MOVISTAR ESTUDIANTES,False
EL VENTERO CBV,1,32.6116,22.2497,True,1,MOVISTAR ESTUDIANTES,False
EL VENTERO CBV,27,33.2882,76.3021,False,1,MOVISTAR ESTUDIANTES,False
EL VENTERO CBV,0,10.690100000000001,56.108,False,1,MOVISTAR ESTUDIANTES,False
EL VENTERO CBV,1,17.997299999999996,44.2576,False,1,MOVISTAR ESTUDIANTES,False
EL VENTERO CBV,15,30.9202,84.0411,False,1,MOVISTAR ESTUDIANTES,False
EL VENTERO CBV,21,27.334199999999996,12.6969,False,1,MOVISTAR ESTUDIANTES,False
EL VENTERO CBV,10,35.0474,37.365,False,1,MOVISTAR ESTUDIANTES,False
EL VENTERO CBV,3,15.6969,30.3515,False,1,MOVISTAR ESTUDIANTES,False
EL VENTERO CBV,3,7.577799999999996,55.7453,True,1,MOVISTAR ESTUDIANTES,False
EL VENTERO CBV,15,33.0176,76.5439,True,1,MOVISTAR ESTUDIANTES,False
EL VENTERO CBV,15,10.351799999999997,52.3594,True,1,MOVISTAR ESTUDIANTES,False
EL VENTERO CBV,18,16.441100000000006,73.5209,True,1,MOVISTAR ESTUDIANTES,False
EL VENTERO CBV,0,11.4344,50.7874,True,1,MOVISTAR ESTUDIANTES,False
EL VENTERO CBV,10,37.0095,23.8217,False,1,MOVISTAR ESTUDIANTES,False
EL VENTERO CBV,0,8.322100000000006,53.5687,True,1,MOVISTAR ESTUDIANTES,False
EL VENTERO CBV,0,29.567,14.2688,False,1,MOVISTAR ESTUDIANTES,False
EL VENTERO CBV,0,33.0852,79.0833,False,1,MOVISTAR ESTUDIANTES,False
EL VENTERO CBV,3,9.607600000000005,51.392,True,1,MOVISTAR ESTUDIANTES,False
EL VENTERO CBV,22,30.446600000000004,14.9944,False,1,MOVISTAR ESTUDIANTES,False
EL VENTERO CBV,10,31.7997,80.0507,True,1,MOVISTAR ESTUDIANTES,False
EL VENTERO CBV,1,13.8701,40.6299,False,1,MOVISTAR ESTUDIANTES,False
EL VENTERO CBV,21,25.710400000000007,12.455,False,1,MOVISTAR ESTUDIANTES,False
EL VENTERO CBV,18,9.607600000000005,53.9314,True,1,MOVISTAR ESTUDIANTES,False
EL VENTERO CBV,1,10.4195,70.3769,False,1,MOVISTAR ESTUDIANTES,False
EL VENTERO CBV,10,32.9499,80.0507,False,1,MOVISTAR ESTUDIANTES,False
EL VENTERO CBV,3,10.960800000000006,55.6243,False,1,MOVISTAR ESTUDIANTES,False
EL VENTERO CBV,1,30.5142,17.2919,True,1,MOVISTAR ESTUDIANTES,False
EL VENTERO CBV,1,32.273300000000006,20.9196,False,1,MOVISTAR ESTUDIANTES,False
EL VENTERO CBV,15,23.274699999999996,50.9084,True,1,MOVISTAR ESTUDIANTES,False
EL VENTERO CBV,1,31.461399999999998,82.9528,True,1,MOVISTAR ESTUDIANTES,False
EL VENTERO CBV,18,9.26928,57.68,False,1,MOVISTAR ESTUDIANTES,False
EL VENTERO CBV,22,26.860600000000005,90.3291,True,1,MOVISTAR ESTUDIANTES,False
PROBASKETLAB FUENLABRADA,6,12.8726,92.0529,False,1,INMOBILIARIA GÁLVEZ SANTA CRUZ,True
PROBASKETLAB FUENLABRADA,5,29.667,82.0523,False,1,INMOBILIARIA GÁLVEZ SANTA CRUZ,True
PROBASKETLAB FUENLABRADA,4,8.01377,40.7293,False,1,INMOBILIARIA GÁLVEZ SANTA CRUZ,True
PROBASKETLAB FUENLABRADA,10,36.4271,50.5412,True,1,INMOBILIARIA GÁLVEZ SANTA CRUZ,True
PROBASKETLAB FUENLABRADA,14,28.5052,15.6336,True,1,INMOBILIARIA GÁLVEZ SANTA CRUZ,True
PROBASKETLAB FUENLABRADA,7,32.9414,18.8414,False,1,INMOBILIARIA GÁLVEZ SANTA CRUZ,True
PROBASKETLAB FUENLABRADA,4,14.2457,45.6353,False,1,INMOBILIARIA GÁLVEZ SANTA CRUZ,True
PROBASKETLAB FUENLABRADA,10,30.828900000000004,13.3694,False,1,INMOBILIARIA GÁLVEZ SANTA CRUZ,True
PROBASKETLAB FUENLABRADA,10,25.0195,90.166,False,1,INMOBILIARIA GÁLVEZ SANTA CRUZ,True
PROBASKETLAB FUENLABRADA,5,11.4994,96.5814,True,1,INMOBILIARIA GÁLVEZ SANTA CRUZ,True
PROBASKETLAB FUENLABRADA,8,11.393799999999999,71.6744,False,1,INMOBILIARIA GÁLVEZ SANTA CRUZ,True
PROBASKETLAB FUENLABRADA,7,7.27439,42.0502,False,1,INMOBILIARIA GÁLVEZ SANTA CRUZ,True
PROBASKETLAB FUENLABRADA,10,14.351299999999995,42.0502,False,1,INMOBILIARIA GÁLVEZ SANTA CRUZ,True
PROBASKETLAB FUENLABRADA,3,15.830100000000002,31.2949,False,1,INMOBILIARIA GÁLVEZ SANTA CRUZ,True
PROBASKETLAB FUENLABRADA,7,11.1825,56.2019,False,1,INMOBILIARIA GÁLVEZ SANTA CRUZ,True
PROBASKETLAB FUENLABRADA,5,24.3858,34.3139,False,1,INMOBILIARIA GÁLVEZ SANTA CRUZ,True
PROBASKETLAB FUENLABRADA,10,6.534999999999997,93.185,True,1,INMOBILIARIA GÁLVEZ SANTA CRUZ,True
PROBASKETLAB FUENLABRADA,8,28.7164,82.8071,False,1,INMOBILIARIA GÁLVEZ SANTA CRUZ,True
PROBASKETLAB FUENLABRADA,4,28.3995,17.7092,False,1,INMOBILIARIA GÁLVEZ SANTA CRUZ,True
PROBASKETLAB FUENLABRADA,4,9.17566,44.8805,True,1,INMOBILIARIA GÁLVEZ SANTA CRUZ,True
PROBASKETLAB FUENLABRADA,7,11.1825,93.3737,True,1,INMOBILIARIA GÁLVEZ SANTA CRUZ,True
PROBASKETLAB FUENLABRADA,10,7.59127,60.7304,True,1,INMOBILIARIA GÁLVEZ SANTA CRUZ,True
PROBASKETLAB FUENLABRADA,2,6.957499999999996,92.9963,True,1,INMOBILIARIA GÁLVEZ SANTA CRUZ,True
PROBASKETLAB FUENLABRADA,5,17.837,2.80275,False,1,INMOBILIARIA GÁLVEZ SANTA CRUZ,True
PROBASKETLAB FUENLABRADA,8,7.908100000000005,78.0899,False,1,INMOBILIARIA GÁLVEZ SANTA CRUZ,True
PROBASKETLAB FUENLABRADA,7,34.209,23.936,False,1,INMOBILIARIA GÁLVEZ SANTA CRUZ,True
PROBASKETLAB FUENLABRADA,7,15.830100000000002,31.2949,False,1,INMOBILIARIA GÁLVEZ SANTA CRUZ,True
PROBASKETLAB FUENLABRADA,2,16.2526,41.1067,False,1,INMOBILIARIA GÁLVEZ SANTA CRUZ,True
PROBASKETLAB FUENLABRADA,13,12.1332,41.4841,False,1,INMOBILIARIA GÁLVEZ SANTA CRUZ,True
PROBASKETLAB FUENLABRADA,7,13.295100000000005,46.7674,False,1,INMOBILIARIA GÁLVEZ SANTA CRUZ,True
PROBASKETLAB FUENLABRADA,8,12.5557,41.1067,True,1,INMOBILIARIA GÁLVEZ SANTA CRUZ,True
PROBASKETLAB FUENLABRADA,14,13.6119,76.0143,True,1,INMOBILIARIA GÁLVEZ SANTA CRUZ,True
PROBASKETLAB FUENLABRADA,10,26.4983,86.5809,False,1,INMOBILIARIA GÁLVEZ SANTA CRUZ,True
PROBASKETLAB FUENLABRADA,10,31.885199999999998,81.8637,False,1,INMOBILIARIA GÁLVEZ SANTA CRUZ,True
PROBASKETLAB FUENLABRADA,7,27.7658,16.011,False,1,INMOBILIARIA GÁLVEZ SANTA CRUZ,True
PROBASKETLAB FUENLABRADA,8,9.80941,47.5222,True,1,INMOBILIARIA GÁLVEZ SANTA CRUZ,True
PROBASKETLAB FUENLABRADA,4,10.020700000000005,56.9566,True,1,INMOBILIARIA GÁLVEZ SANTA CRUZ,True
PROBASKETLAB FUENLABRADA,14,10.865700000000004,57.5227,True,1,INMOBILIARIA GÁLVEZ SANTA CRUZ,True
PROBASKETLAB FUENLABRADA,14,15.0907,69.7875,False,1,INMOBILIARIA GÁLVEZ SANTA CRUZ,True
PROBASKETLAB FUENLABRADA,8,29.455799999999996,83.1845,True,1,INMOBILIARIA GÁLVEZ SANTA CRUZ,True
PROBASKETLAB FUENLABRADA,7,32.5189,63.7495,True,1,INMOBILIARIA GÁLVEZ SANTA CRUZ,True
PROBASKETLAB FUENLABRADA,10,30.089600000000004,81.675,True,1,INMOBILIARIA GÁLVEZ SANTA CRUZ,True
PROBASKETLAB FUENLABRADA,6,16.463800000000006,48.2769,False,1,INMOBILIARIA GÁLVEZ SANTA CRUZ,True
PROBASKETLAB FUENLABRADA,8,4.63375,43.9371,True,1,INMOBILIARIA GÁLVEZ SANTA CRUZ,True
PROBASKETLAB FUENLABRADA,10,34.209,27.1437,False,1,INMOBILIARIA GÁLVEZ SANTA CRUZ,True
PROBASKETLAB FUENLABRADA,13,24.597,10.7277,False,1,INMOBILIARIA GÁLVEZ SANTA CRUZ,True
PROBASKETLAB FUENLABRADA,8,12.027600000000007,52.8055,True,1,INMOBILIARIA GÁLVEZ SANTA CRUZ,True
PROBASKETLAB FUENLABRADA,13,29.667,85.0714,False,1,INMOBILIARIA GÁLVEZ SANTA CRUZ,True
PROBASKETLAB FUENLABRADA,7,24.2801,92.4303,False,1,INMOBILIARIA GÁLVEZ SANTA CRUZ,True
PROBASKETLAB FUENLABRADA,10,9.069999999999993,68.8441,False,1,INMOBILIARIA GÁLVEZ SANTA CRUZ,True
PROBASKETLAB FUENLABRADA,7,36.4271,25.2568,False,1,INMOBILIARIA GÁLVEZ SANTA CRUZ,True
PROBASKETLAB FUENLABRADA,4,12.450100000000006,42.9936,True,1,INMOBILIARIA GÁLVEZ SANTA CRUZ,True
PROBASKETLAB FUENLABRADA,4,8.33065,42.9936,False,1,INMOBILIARIA GÁLVEZ SANTA CRUZ,True
PROBASKETLAB FUENLABRADA,3,9.492500000000007,41.4841,True,1,INMOBILIARIA GÁLVEZ SANTA CRUZ,True
PROBASKETLAB FUENLABRADA,13,35.3708,65.6364,False,1,INMOBILIARIA GÁLVEZ SANTA CRUZ,True
PROBASKETLAB FUENLABRADA,8,12.1332,42.6162,True,1,INMOBILIARIA GÁLVEZ SANTA CRUZ,True
PROBASKETLAB FUENLABRADA,8,7.908100000000005,78.0899,False,1,INMOBILIARIA GÁLVEZ SANTA CRUZ,True
PROBASKETLAB FUENLABRADA,8,36.1102,51.4846,True,1,INMOBILIARIA GÁLVEZ SANTA CRUZ,True
PROBASKETLAB FUENLABRADA,14,10.020700000000005,75.4482,False,1,INMOBILIARIA GÁLVEZ SANTA CRUZ,True
PROBASKETLAB FUENLABRADA,7,10.1263,47.5222,True,1,INMOBILIARIA GÁLVEZ SANTA CRUZ,True
PROBASKETLAB FUENLABRADA,14,12.5557,95.8267,False,1,INMOBILIARIA GÁLVEZ SANTA CRUZ,True
PROBASKETLAB FUENLABRADA,13,18.682000000000002,25.2568,False,1,INMOBILIARIA GÁLVEZ SANTA CRUZ,True
PROBASKETLAB FUENLABRADA,13,26.4983,84.1279,True,1,INMOBILIARIA GÁLVEZ SANTA CRUZ,True
PROBASKETLAB FUENLABRADA,4,35.5821,35.2573,False,1,INMOBILIARIA GÁLVEZ SANTA CRUZ,True
PROBASKETLAB FUENLABRADA,13,12.0276,93.7511,True,1,INMOBILIARIA GÁLVEZ SANTA CRUZ,True
INMOBILIARIA GÁLVEZ SANTA CRUZ,21,13.1894,51.4846,True,1,PROBASKETLAB FUENLABRADA,False
INMOBILIARIA GÁLVEZ SANTA CRUZ,21,18.7876,49.0317,False,1,PROBASKETLAB FUENLABRADA,False
INMOBILIARIA GÁLVEZ SANTA CRUZ,12,8.436300000000003,56.3906,True,1,PROBASKETLAB FUENLABRADA,False
INMOBILIARIA GÁLVEZ SANTA CRUZ,21,11.816299999999998,44.1258,False,1,PROBASKETLAB FUENLABRADA,False
INMOBILIARIA GÁLVEZ SANTA CRUZ,21,31.779600000000002,18.0866,False,1,PROBASKETLAB FUENLABRADA,False
INMOBILIARIA GÁLVEZ SANTA CRUZ,6,9.91504,56.2019,True,1,PROBASKETLAB FUENLABRADA,False
INMOBILIARIA GÁLVEZ SANTA CRUZ,44,12.9782,94.3172,False,1,PROBASKETLAB FUENLABRADA,False
INMOBILIARIA GÁLVEZ SANTA CRUZ,44,28.9277,83.7505,True,1,PROBASKETLAB FUENLABRADA,False
INMOBILIARIA GÁLVEZ SANTA CRUZ,24,16.041300000000007,42.2389,False,1,PROBASKETLAB FUENLABRADA,False
INMOBILIARIA GÁLVEZ SANTA CRUZ,6,13.2951,49.5977,True,1,PROBASKETLAB FUENLABRADA,False
INMOBILIARIA GÁLVEZ SANTA CRUZ,6,13.0838,48.6543,False,1,PROBASKETLAB FUENLABRADA,False
INMOBILIARIA GÁLVEZ SANTA CRUZ,6,11.710700000000003,44.6918,False,1,PROBASKETLAB FUENLABRADA,False
INMOBILIARIA GÁLVEZ SANTA CRUZ,44,30.300799999999995,19.5961,True,1,PROBASKETLAB FUENLABRADA,False
INMOBILIARIA GÁLVEZ SANTA CRUZ,44,10.76,95.638,False,1,PROBASKETLAB FUENLABRADA,False
INMOBILIARIA GÁLVEZ SANTA CRUZ,21,15.5132,41.1067,False,1,PROBASKETLAB FUENLABRADA,False
INMOBILIARIA GÁLVEZ SANTA CRUZ,44,8.224999999999994,3.7462,False,1,PROBASKETLAB FUENLABRADA,False
INMOBILIARIA GÁLVEZ SANTA CRUZ,1,9.703800000000001,4.12358,False,1,PROBASKETLAB FUENLABRADA,False
INMOBILIARIA GÁLVEZ SANTA CRUZ,21,35.054,73.3726,False,1,PROBASKETLAB FUENLABRADA,False
INMOBILIARIA GÁLVEZ SANTA CRUZ,6,35.054,37.5216,True,1,PROBASKETLAB FUENLABRADA,False
INMOBILIARIA GÁLVEZ SANTA CRUZ,21,13.717600000000004,21.483,True,1,PROBASKETLAB FUENLABRADA,False
INMOBILIARIA GÁLVEZ SANTA CRUZ,11,12.027600000000007,53.1828,False,1,PROBASKETLAB FUENLABRADA,False
INMOBILIARIA GÁLVEZ SANTA CRUZ,44,27.026399999999995,84.8827,True,1,PROBASKETLAB FUENLABRADA,False
INMOBILIARIA GÁLVEZ SANTA CRUZ,21,8.224999999999994,38.0877,False,1,PROBASKETLAB FUENLABRADA,False
INMOBILIARIA GÁLVEZ SANTA CRUZ,6,16.2526,47.3335,True,1,PROBASKETLAB FUENLABRADA,False
INMOBILIARIA GÁLVEZ SANTA CRUZ,44,21.3226,5.82178,False,1,PROBASKETLAB FUENLABRADA,False
INMOBILIARIA GÁLVEZ SANTA CRUZ,7,13.1894,94.1285,False,1,PROBASKETLAB FUENLABRADA,False
INMOBILIARIA GÁLVEZ SANTA CRUZ,12,14.0344,74.5048,False,1,PROBASKETLAB FUENLABRADA,False
INMOBILIARIA GÁLVEZ SANTA CRUZ,44,12.3444,92.0529,False,1,PROBASKETLAB FUENLABRADA,False
INMOBILIARIA GÁLVEZ SANTA CRUZ,16,17.837,75.0708,False,1,PROBASKETLAB FUENLABRADA,False
INMOBILIARIA GÁLVEZ SANTA CRUZ,21,6.218100000000007,70.5423,False,1,PROBASKETLAB FUENLABRADA,False
INMOBILIARIA GÁLVEZ SANTA CRUZ,7,6.8519000000000005,95.2606,False,1,PROBASKETLAB FUENLABRADA,False
INMOBILIARIA GÁLVEZ SANTA CRUZ,13,18.4707,24.6907,True,1,PROBASKETLAB FUENLABRADA,False
INMOBILIARIA GÁLVEZ SANTA CRUZ,44,25.6533,86.0148,False,1,PROBASKETLAB FUENLABRADA,False
INMOBILIARIA GÁLVEZ SANTA CRUZ,6,11.3938,54.315,False,1,PROBASKETLAB FUENLABRADA,False
INMOBILIARIA GÁLVEZ SANTA CRUZ,6,15.407600000000002,27.8984,False,1,PROBASKETLAB FUENLABRADA,False
INMOBILIARIA GÁLVEZ SANTA CRUZ,24,18.0482,46.2013,True,1,PROBASKETLAB FUENLABRADA,False
INMOBILIARIA GÁLVEZ SANTA CRUZ,6,34.209,18.2753,False,1,PROBASKETLAB FUENLABRADA,False
INMOBILIARIA GÁLVEZ SANTA CRUZ,7,31.885199999999998,16.9545,False,1,PROBASKETLAB FUENLABRADA,False
INMOBILIARIA GÁLVEZ SANTA CRUZ,16,19.8439,31.8609,False,1,PROBASKETLAB FUENLABRADA,False
INMOBILIARIA GÁLVEZ SANTA CRUZ,21,14.1401,77.9012,False,1,PROBASKETLAB FUENLABRADA,False
INMOBILIARIA GÁLVEZ SANTA CRUZ,16,8.541899999999998,79.0333,True,1,PROBASKETLAB FUENLABRADA,False
INMOBILIARIA GÁLVEZ SANTA CRUZ,21,9.386899999999997,53.7489,False,1,PROBASKETLAB FUENLABRADA,False
INMOBILIARIA GÁLVEZ SANTA CRUZ,11,16.6751,71.1084,False,1,PROBASKETLAB FUENLABRADA,False
INMOBILIARIA GÁLVEZ SANTA CRUZ,12,11.605000000000004,45.824,True,1,PROBASKETLAB FUENLABRADA,False
INMOBILIARIA GÁLVEZ SANTA CRUZ,6,33.680800000000005,31.1062,True,1,PROBASKETLAB FUENLABRADA,False
INMOBILIARIA GÁLVEZ SANTA CRUZ,6,12.344399999999993,45.2579,False,1,PROBASKETLAB FUENLABRADA,False
INMOBILIARIA GÁLVEZ SANTA CRUZ,21,15.0907,41.6728,False,1,PROBASKETLAB FUENLABRADA,False
INMOBILIARIA GÁLVEZ SANTA CRUZ,12,11.076899999999995,52.4281,False,1,PROBASKETLAB FUENLABRADA,False
INMOBILIARIA GÁLVEZ SANTA CRUZ,44,31.462699999999998,13.558,False,1,PROBASKETLAB FUENLABRADA,False
INMOBILIARIA GÁLVEZ SANTA CRUZ,21,10.865700000000004,57.5227,False,1,PROBASKETLAB FUENLABRADA,False
INMOBILIARIA GÁLVEZ SANTA CRUZ,21,14.5626,52.2394,True,1,PROBASKETLAB FUENLABRADA,False
INMOBILIARIA GÁLVEZ SANTA CRUZ,24,12.2388,46.9561,False,1,PROBASKETLAB FUENLABRADA,False
INMOBILIARIA GÁLVEZ SANTA CRUZ,1,12.344399999999993,45.2579,True,1,PROBASKETLAB FUENLABRADA,False
INMOBILIARIA GÁLVEZ SANTA CRUZ,21,10.5488,44.1258,True,1,PROBASKETLAB FUENLABRADA,False
INMOBILIARIA GÁLVEZ SANTA CRUZ,21,9.49253,66.9572,False,1,PROBASKETLAB FUENLABRADA,False
INMOBILIARIA GÁLVEZ SANTA CRUZ,11,35.1596,33.3704,False,1,PROBASKETLAB FUENLABRADA,False
INMOBILIARIA GÁLVEZ SANTA CRUZ,24,17.837,48.2769,False,1,PROBASKETLAB FUENLABRADA,False
INMOBILIARIA GÁLVEZ SANTA CRUZ,6,10.231899999999996,47.5222,True,1,PROBASKETLAB FUENLABRADA,False
INMOBILIARIA GÁLVEZ SANTA CRUZ,44,32.8358,76.3916,True,1,PROBASKETLAB FUENLABRADA,False
INMOBILIARIA GÁLVEZ SANTA CRUZ,24,10.5488,44.1258,False,1,PROBASKETLAB FUENLABRADA,False
INMOBILIARIA GÁLVEZ SANTA CRUZ,24,11.2882,45.6353,True,1,PROBASKETLAB FUENLABRADA,False
INMOBILIARIA GÁLVEZ SANTA CRUZ,44,31.5683,18.464,False,1,PROBASKETLAB FUENLABRADA,False
INMOBILIARIA GÁLVEZ SANTA CRUZ,12,10.9713,56.2019,False,1,PROBASKETLAB FUENLABRADA,False
INMOBILIARIA GÁLVEZ SANTA CRUZ,44,9.281300000000002,70.731,False,1,PROBASKETLAB FUENLABRADA,False
INMOBILIARIA GÁLVEZ SANTA CRUZ,6,10.443200000000004,44.3144,True,1,PROBASKETLAB FUENLABRADA,False
INMOBILIARIA GÁLVEZ SANTA CRUZ,21,9.703800000000001,48.4656,False,1,PROBASKETLAB FUENLABRADA,False
INMOBILIARIA GÁLVEZ SANTA CRUZ,16,12.9782,94.3172,True,1,PROBASKETLAB FUENLABRADA,False
INMOBILIARIA GÁLVEZ SANTA CRUZ,44,9.069999999999993,4.12358,False,1,PROBASKETLAB FUENLABRADA,False
INMOBILIARIA GÁLVEZ SANTA CRUZ,21,12.2388,53.5602,False,1,PROBASKETLAB FUENLABRADA,False
TOBARRA CB,10,9.6615,58.9863,False,3,INMOBILIARIA GÁLVEZ SANTA CRUZ,True
TOBARRA CB,91,29.6897,79.7827,False,3,INMOBILIARIA GÁLVEZ SANTA CRUZ,True
TOBARRA CB,28,9.732,23.9474,False,3,INMOBILIARIA GÁLVEZ SANTA CRUZ,True
TOBARRA CB,91,32.9337,50.7937,False,3,INMOBILIARIA GÁLVEZ SANTA CRUZ,True
TOBARRA CB,91,23.342699999999994,12.856,True,3,INMOBILIARIA GÁLVEZ SANTA CRUZ,True
TOBARRA CB,91,26.5867,88.6055,False,3,INMOBILIARIA GÁLVEZ SANTA CRUZ,True
TOBARRA CB,31,9.379400000000004,53.3145,True,3,INMOBILIARIA GÁLVEZ SANTA CRUZ,True
TOBARRA CB,28,8.533100000000005,55.4572,False,3,INMOBILIARIA GÁLVEZ SANTA CRUZ,True
TOBARRA CB,28,7.5458,51.2979,True,3,INMOBILIARIA GÁLVEZ SANTA CRUZ,True
TOBARRA CB,91,7.968999999999994,55.5832,True,3,INMOBILIARIA GÁLVEZ SANTA CRUZ,True
TOBARRA CB,28,33.7094,68.8173,True,3,INMOBILIARIA GÁLVEZ SANTA CRUZ,True
TOBARRA CB,91,9.520499999999998,51.4239,True,3,INMOBILIARIA GÁLVEZ SANTA CRUZ,True
TOBARRA CB,26,30.3949,73.7329,False,3,INMOBILIARIA GÁLVEZ SANTA CRUZ,True
TOBARRA CB,91,9.097300000000004,6.04988,False,3,INMOBILIARIA GÁLVEZ SANTA CRUZ,True
TOBARRA CB,21,21.0155,90.7481,False,3,INMOBILIARIA GÁLVEZ SANTA CRUZ,True
TOBARRA CB,28,28.138199999999998,15.5028,True,3,INMOBILIARIA GÁLVEZ SANTA CRUZ,True
TOBARRA CB,22,32.299,31.1317,False,3,INMOBILIARIA GÁLVEZ SANTA CRUZ,True
TOBARRA CB,22,6.417500000000004,91.2523,False,3,INMOBILIARIA GÁLVEZ SANTA CRUZ,True
TOBARRA CB,91,18.6883,25.4599,False,3,INMOBILIARIA GÁLVEZ SANTA CRUZ,True
TOBARRA CB,26,10.155100000000004,52.3062,True,3,INMOBILIARIA GÁLVEZ SANTA CRUZ,True
TOBARRA CB,5,14.527500000000003,32.0139,False,3,INMOBILIARIA GÁLVEZ SANTA CRUZ,True
TOBARRA CB,10,22.4965,48.9032,False,3,INMOBILIARIA GÁLVEZ SANTA CRUZ,True
TOBARRA CB,21,8.32158,48.9032,True,3,INMOBILIARIA GÁLVEZ SANTA CRUZ,True
TOBARRA CB,26,11.8477,4.91552,False,3,INMOBILIARIA GÁLVEZ SANTA CRUZ,True
TOBARRA CB,91,32.5811,23.9474,False,3,INMOBILIARIA GÁLVEZ SANTA CRUZ,True
TOBARRA CB,21,30.3244,24.8297,False,3,INMOBILIARIA GÁLVEZ SANTA CRUZ,True
TOBARRA CB,91,32.3695,23.6953,True,3,INMOBILIARIA GÁLVEZ SANTA CRUZ,True
TOBARRA CB,28,13.822299999999998,49.1552,True,3,INMOBILIARIA GÁLVEZ SANTA CRUZ,True
TOBARRA CB,26,9.238399999999999,50.9198,False,3,INMOBILIARIA GÁLVEZ SANTA CRUZ,True
TOBARRA CB,26,10.2962,54.701,True,3,INMOBILIARIA GÁLVEZ SANTA CRUZ,True
TOBARRA CB,28,34.3441,52.0541,False,3,INMOBILIARIA GÁLVEZ SANTA CRUZ,True
TOBARRA CB,26,12.4824,51.1719,True,3,INMOBILIARIA GÁLVEZ SANTA CRUZ,True
TOBARRA CB,91,13.3286,77.514,True,3,INMOBILIARIA GÁLVEZ SANTA CRUZ,True
TOBARRA CB,91,15.514799999999994,26.4682,True,3,INMOBILIARIA GÁLVEZ SANTA CRUZ,True
TOBARRA CB,21,35.402,57.978,False,3,INMOBILIARIA GÁLVEZ SANTA CRUZ,True
TOBARRA CB,6,8.674199999999999,51.8021,True,3,INMOBILIARIA GÁLVEZ SANTA CRUZ,True
TOBARRA CB,91,8.815200000000004,54.953,True,3,INMOBILIARIA GÁLVEZ SANTA CRUZ,True
TOBARRA CB,91,11.213,53.8187,False,3,INMOBILIARIA GÁLVEZ SANTA CRUZ,True
TOBARRA CB,28,15.796899999999994,77.1359,False,3,INMOBILIARIA GÁLVEZ SANTA CRUZ,True
TOBARRA CB,91,24.33,89.4877,True,3,INMOBILIARIA GÁLVEZ SANTA CRUZ,True
TOBARRA CB,91,24.33,48.525,False,3,INMOBILIARIA GÁLVEZ SANTA CRUZ,True
TOBARRA CB,91,13.7518,25.964,True,3,INMOBILIARIA GÁLVEZ SANTA CRUZ,True
TOBARRA CB,91,31.100099999999998,23.3172,False,3,INMOBILIARIA GÁLVEZ SANTA CRUZ,True
TOBARRA CB,22,12.623400000000004,51.9281,False,3,INMOBILIARIA GÁLVEZ SANTA CRUZ,True
TOBARRA CB,28,9.59097,54.0708,True,3,INMOBILIARIA GÁLVEZ SANTA CRUZ,True
TOBARRA CB,10,30.8886,74.6151,True,3,INMOBILIARIA GÁLVEZ SANTA CRUZ,True
TOBARRA CB,21,11.7066,48.9032,True,3,INMOBILIARIA GÁLVEZ SANTA CRUZ,True
TOBARRA CB,22,30.0423,74.6151,False,3,INMOBILIARIA GÁLVEZ SANTA CRUZ,True
TOBARRA CB,10,35.0494,51.8021,True,3,INMOBILIARIA GÁLVEZ SANTA CRUZ,True
TOBARRA CB,91,35.4725,54.1968,True,3,INMOBILIARIA GÁLVEZ SANTA CRUZ,True
TOBARRA CB,10,6.4879999999999995,92.1346,False,3,INMOBILIARIA GÁLVEZ SANTA CRUZ,True
TOBARRA CB,10,10.366699999999994,91.7564,True,3,INMOBILIARIA GÁLVEZ SANTA CRUZ,True
TOBARRA CB,26,6.981700000000004,50.2896,True,3,INMOBILIARIA GÁLVEZ SANTA CRUZ,True
TOBARRA CB,21,7.898399999999995,51.676,True,3,INMOBILIARIA GÁLVEZ SANTA CRUZ,True
TOBARRA CB,28,11.918199999999999,50.6677,True,3,INMOBILIARIA GÁLVEZ SANTA CRUZ,True
TOBARRA CB,91,29.7602,78.1442,False,3,INMOBILIARIA GÁLVEZ SANTA CRUZ,True
INMOBILIARIA GÁLVEZ SANTA CRUZ,12,12.2708,51.1719,False,3,TOBARRA CB,False
INMOBILIARIA GÁLVEZ SANTA CRUZ,12,10.5078,49.2813,True,3,TOBARRA CB,False
INMOBILIARIA GÁLVEZ SANTA CRUZ,6,8.95628,51.4239,True,3,TOBARRA CB,False
INMOBILIARIA GÁLVEZ SANTA CRUZ,7,7.757400000000004,4.53741,False,3,TOBARRA CB,False
INMOBILIARIA GÁLVEZ SANTA CRUZ,7,8.11,48.9032,True,3,TOBARRA CB,False
INMOBILIARIA GÁLVEZ SANTA CRUZ,8,8.039500000000004,45.7522,True,3,TOBARRA CB,False
INMOBILIARIA GÁLVEZ SANTA CRUZ,8,30.677,77.1359,False,3,TOBARRA CB,False
INMOBILIARIA GÁLVEZ SANTA CRUZ,24,12.835,50.4156,True,3,TOBARRA CB,False
INMOBILIARIA GÁLVEZ SANTA CRUZ,24,7.122699999999995,47.6428,True,3,TOBARRA CB,False
INMOBILIARIA GÁLVEZ SANTA CRUZ,8,12.552899999999994,26.4682,True,3,TOBARRA CB,False
INMOBILIARIA GÁLVEZ SANTA CRUZ,44,24.188999999999993,49.4073,False,3,TOBARRA CB,False
INMOBILIARIA GÁLVEZ SANTA CRUZ,6,9.590999999999994,50.2896,True,3,TOBARRA CB,False
INMOBILIARIA GÁLVEZ SANTA CRUZ,44,16.149500000000003,93.1429,True,3,TOBARRA CB,False
INMOBILIARIA GÁLVEZ SANTA CRUZ,44,5.994399999999999,95.1595,False,3,TOBARRA CB,False
INMOBILIARIA GÁLVEZ SANTA CRUZ,12,8.74471,55.2051,True,3,TOBARRA CB,False
INMOBILIARIA GÁLVEZ SANTA CRUZ,44,12.2708,74.237,True,3,TOBARRA CB,False
INMOBILIARIA GÁLVEZ SANTA CRUZ,8,28.561400000000006,22.435,False,3,TOBARRA CB,False
INMOBILIARIA GÁLVEZ SANTA CRUZ,44,10.7193,54.701,True,3,TOBARRA CB,False
INMOBILIARIA GÁLVEZ SANTA CRUZ,8,28.914,82.6816,False,3,TOBARRA CB,False
INMOBILIARIA GÁLVEZ SANTA CRUZ,13,25.8815,49.9115,False,3,TOBARRA CB,False
INMOBILIARIA GÁLVEZ SANTA CRUZ,7,18.9704,3.90721,True,3,TOBARRA CB,False
INMOBILIARIA GÁLVEZ SANTA CRUZ,21,10.8604,56.8436,False,3,TOBARRA CB,False
INMOBILIARIA GÁLVEZ SANTA CRUZ,12,11.0014,43.7356,False,3,TOBARRA CB,False
INMOBILIARIA GÁLVEZ SANTA CRUZ,16,31.5233,29.8713,True,3,TOBARRA CB,False
INMOBILIARIA GÁLVEZ SANTA CRUZ,24,10.9309,52.6843,True,3,TOBARRA CB,False
INMOBILIARIA GÁLVEZ SANTA CRUZ,7,32.29900000000001,55.8353,True,3,TOBARRA CB,False
INMOBILIARIA GÁLVEZ SANTA CRUZ,8,26.1636,88.6055,False,3,TOBARRA CB,False
INMOBILIARIA GÁLVEZ SANTA CRUZ,44,12.4824,50.9198,True,3,TOBARRA CB,False
INMOBILIARIA GÁLVEZ SANTA CRUZ,13,28.984499999999997,24.5776,False,3,TOBARRA CB,False
INMOBILIARIA GÁLVEZ SANTA CRUZ,21,18.1241,46.1303,False,3,TOBARRA CB,False
INMOBILIARIA GÁLVEZ SANTA CRUZ,24,7.2637,50.6677,True,3,TOBARRA CB,False
INMOBILIARIA GÁLVEZ SANTA CRUZ,12,8.251099999999994,53.5666,True,3,TOBARRA CB,False
INMOBILIARIA GÁLVEZ SANTA CRUZ,8,34.4852,50.7937,True,3,TOBARRA CB,False
INMOBILIARIA GÁLVEZ SANTA CRUZ,12,6.699600000000004,50.0375,True,3,TOBARRA CB,False
INMOBILIARIA GÁLVEZ SANTA CRUZ,44,11.9182,49.4073,False,3,TOBARRA CB,False
INMOBILIARIA GÁLVEZ SANTA CRUZ,12,10.5078,49.9115,True,3,TOBARRA CB,False
INMOBILIARIA GÁLVEZ SANTA CRUZ,7,9.80254,44.6178,True,3,TOBARRA CB,False
INMOBILIARIA GÁLVEZ SANTA CRUZ,12,8.74471,55.2051,False,3,TOBARRA CB,False
INMOBILIARIA GÁLVEZ SANTA CRUZ,8,28.279300000000006,75.2453,False,3,TOBARRA CB,False
INMOBILIARIA GÁLVEZ SANTA CRUZ,24,12.1298,51.55,True,3,TOBARRA CB,False
INMOBILIARIA GÁLVEZ SANTA CRUZ,24,8.46262,50.0375,True,3,TOBARRA CB,False
INMOBILIARIA GÁLVEZ SANTA CRUZ,24,12.4118,48.1469,True,3,TOBARRA CB,False
INMOBILIARIA GÁLVEZ SANTA CRUZ,44,31.8759,29.6192,False,3,TOBARRA CB,False
INMOBILIARIA GÁLVEZ SANTA CRUZ,6,10.084599999999995,44.9959,False,3,TOBARRA CB,False
INMOBILIARIA GÁLVEZ SANTA CRUZ,7,23.342699999999994,51.4239,False,3,TOBARRA CB,False
INMOBILIARIA GÁLVEZ SANTA CRUZ,6,6.417500000000004,45.248,True,3,TOBARRA CB,False
INMOBILIARIA GÁLVEZ SANTA CRUZ,12,15.726399999999998,57.4738,False,3,TOBARRA CB,False
INMOBILIARIA GÁLVEZ SANTA CRUZ,6,10.930899999999994,54.0708,True,3,TOBARRA CB,False
INMOBILIARIA GÁLVEZ SANTA CRUZ,6,31.9464,29.3671,True,3,TOBARRA CB,False
INMOBILIARIA GÁLVEZ SANTA CRUZ,44,28.3498,87.9753,False,3,TOBARRA CB,False
INMOBILIARIA GÁLVEZ SANTA CRUZ,44,10.2962,92.1346,False,3,TOBARRA CB,False
INMOBILIARIA GÁLVEZ SANTA CRUZ,6,8.3921,57.978,True,3,TOBARRA CB,False
INMOBILIARIA GÁLVEZ SANTA CRUZ,6,32.29900000000001,54.5749,False,3,TOBARRA CB,False
INMOBILIARIA GÁLVEZ SANTA CRUZ,44,20.0282,5.92384,True,3,TOBARRA CB,False
INMOBILIARIA GÁLVEZ SANTA CRUZ,13,34.8378,30.5015,False,3,TOBARRA CB,False
INMOBILIARIA GÁLVEZ SANTA CRUZ,44,10.8604,75.2453,False,3,TOBARRA CB,False
INMOBILIARIA GÁLVEZ SANTA CRUZ,8,29.407600000000002,24.8297,False,3,TOBARRA CB,False
INMOBILIARIA GÁLVEZ SANTA CRUZ,12,9.80254,54.5749,True,3,TOBARRA CB,False
INMOBILIARIA GÁLVEZ SANTA CRUZ,21,26.7278,84.4462,False,3,TOBARRA CB,False
INMOBILIARIA GÁLVEZ SANTA CRUZ,12,8.533100000000005,49.6594,True,3,TOBARRA CB,False
INMOBILIARIA GÁLVEZ SANTA CRUZ,12,10.507800000000003,52.0541,False,3,TOBARRA CB,False
INMOBILIARIA GÁLVEZ SANTA CRUZ,8,31.3117,25.4599,False,3,TOBARRA CB,False
INMOBILIARIA GÁLVEZ SANTA CRUZ,24,9.590999999999994,51.55,True,3,TOBARRA CB,False
INMOBILIARIA GÁLVEZ SANTA CRUZ,44,12.1298,55.4572,False,3,TOBARRA CB,False
INMOBILIARIA GÁLVEZ SANTA CRUZ,6,24.6121,54.3228,True,3,TOBARRA CB,False
INMOBILIARIA GÁLVEZ SANTA CRUZ,7,35.1199,68.3132,False,3,TOBARRA CB,False
FUNDACION GLOBALCAJA LA RODA,0,30.683999999999997,22.435,True,3,TOSCONES CORRALEJO,True
FUNDACION GLOBALCAJA LA RODA,2,11.4175,42.7272,False,3,TOSCONES CORRALEJO,True
FUNDACION GLOBALCAJA LA RODA,20,7.341300000000004,52.6843,True,3,TOSCONES CORRALEJO,True
FUNDACION GLOBALCAJA LA RODA,20,9.0338,58.8602,False,3,TOSCONES CORRALEJO,True
FUNDACION GLOBALCAJA LA RODA,20,29.8942,23.0651,False,3,TOSCONES CORRALEJO,True
FUNDACION GLOBALCAJA LA RODA,3,30.7405,78.1442,False,3,TOSCONES CORRALEJO,True
FUNDACION GLOBALCAJA LA RODA,0,10.726299999999995,23.8214,False,3,TOSCONES CORRALEJO,True
FUNDACION GLOBALCAJA LA RODA,20,6.05786,52.9364,True,3,TOSCONES CORRALEJO,True
FUNDACION GLOBALCAJA LA RODA,13,8.87873,43.2314,True,3,TOSCONES CORRALEJO,True
FUNDACION GLOBALCAJA LA RODA,0,34.4076,49.9115,False,3,TOSCONES CORRALEJO,True
FUNDACION GLOBALCAJA LA RODA,6,10.867400000000004,48.1469,False,3,TOSCONES CORRALEJO,True
FUNDACION GLOBALCAJA LA RODA,9,30.9521,85.0764,True,3,TOSCONES CORRALEJO,True
FUNDACION GLOBALCAJA LA RODA,6,34.3371,71.4642,True,3,TOSCONES CORRALEJO,True
FUNDACION GLOBALCAJA LA RODA,2,10.7828,39.1982,False,3,TOSCONES CORRALEJO,True
FUNDACION GLOBALCAJA LA RODA,0,25.112799999999993,46.7605,False,3,TOSCONES CORRALEJO,True
FUNDACION GLOBALCAJA LA RODA,25,7.96195,44.7439,False,3,TOSCONES CORRALEJO,True
FUNDACION GLOBALCAJA LA RODA,0,28.4838,79.1525,False,3,TOSCONES CORRALEJO,True
FUNDACION GLOBALCAJA LA RODA,13,8.87873,49.1552,True,3,TOSCONES CORRALEJO,True
FUNDACION GLOBALCAJA LA RODA,13,26.100099999999998,84.9503,False,3,TOSCONES CORRALEJO,True
FUNDACION GLOBALCAJA LA RODA,2,30.1199,20.1663,True,3,TOSCONES CORRALEJO,True
FUNDACION GLOBALCAJA LA RODA,6,14.3089,24.9557,False,3,TOSCONES CORRALEJO,True
FUNDACION GLOBALCAJA LA RODA,25,11.502099999999999,47.2647,False,3,TOSCONES CORRALEJO,True
FUNDACION GLOBALCAJA LA RODA,0,8.03247,50.0375,True,3,TOSCONES CORRALEJO,True
FUNDACION GLOBALCAJA LA RODA,10,10.3597,95.1595,False,3,TOSCONES CORRALEJO,True
FUNDACION GLOBALCAJA LA RODA,6,32.65860000000001,71.4642,True,3,TOSCONES CORRALEJO,True
FUNDACION GLOBALCAJA LA RODA,25,7.059200000000004,48.525,True,3,TOSCONES CORRALEJO,True
FUNDACION GLOBALCAJA LA RODA,13,26.946399999999997,17.3934,False,3,TOSCONES CORRALEJO,True
FUNDACION GLOBALCAJA LA RODA,13,31.1777,27.8546,True,3,TOSCONES CORRALEJO,True
FUNDACION GLOBALCAJA LA RODA,9,32.0804,74.4891,True,3,TOSCONES CORRALEJO,True
FUNDACION GLOBALCAJA LA RODA,3,35.973200000000006,46.3824,True,3,TOSCONES CORRALEJO,True
FUNDACION GLOBALCAJA LA RODA,2,33.646,28.6109,True,3,TOSCONES CORRALEJO,True
FUNDACION GLOBALCAJA LA RODA,25,9.23134,48.525,True,3,TOSCONES CORRALEJO,True
FUNDACION GLOBALCAJA LA RODA,0,30.811,80.1608,True,3,TOSCONES CORRALEJO,True
FUNDACION GLOBALCAJA LA RODA,0,31.5868,25.0818,True,3,TOSCONES CORRALEJO,True
FUNDACION GLOBALCAJA LA RODA,0,8.66716,43.7356,False,3,TOSCONES CORRALEJO,True
FUNDACION GLOBALCAJA LA RODA,2,31.8689,16.6372,True,3,TOSCONES CORRALEJO,True
FUNDACION GLOBALCAJA LA RODA,2,23.1241,11.2175,False,3,TOSCONES CORRALEJO,True
FUNDACION GLOBALCAJA LA RODA,25,11.290499999999994,46.5084,True,3,TOSCONES CORRALEJO,True
FUNDACION GLOBALCAJA LA RODA,10,11.925200000000004,46.7605,False,3,TOSCONES CORRALEJO,True
FUNDACION GLOBALCAJA LA RODA,10,30.613500000000002,20.4183,False,3,TOSCONES CORRALEJO,True
FUNDACION GLOBALCAJA LA RODA,3,10.3737,95.4116,True,3,TOSCONES CORRALEJO,True
FUNDACION GLOBALCAJA LA RODA,0,11.290499999999994,44.8699,False,3,TOSCONES CORRALEJO,True
FUNDACION GLOBALCAJA LA RODA,6,9.104299999999995,55.5832,False,3,TOSCONES CORRALEJO,True
FUNDACION GLOBALCAJA LA RODA,6,31.0931,76.1276,True,3,TOSCONES CORRALEJO,True
FUNDACION GLOBALCAJA LA RODA,0,13.476699999999994,46.1303,False,3,TOSCONES CORRALEJO,True
FUNDACION GLOBALCAJA LA RODA,6,13.0395,63.7758,False,3,TOSCONES CORRALEJO,True
FUNDACION GLOBALCAJA LA RODA,6,32.0099,73.9849,True,3,TOSCONES CORRALEJO,True
FUNDACION GLOBALCAJA LA RODA,6,8.17351,53.4406,True,3,TOSCONES CORRALEJO,True
FUNDACION GLOBALCAJA LA RODA,2,30.4584,79.0265,False,3,TOSCONES CORRALEJO,True
FUNDACION GLOBALCAJA LA RODA,2,27.863200000000006,15.7549,False,3,TOSCONES CORRALEJO,True
FUNDACION GLOBALCAJA LA RODA,13,30.8816,20.9225,True,3,TOSCONES CORRALEJO,True
FUNDACION GLOBALCAJA LA RODA,2,29.4006,78.1442,True,3,TOSCONES CORRALEJO,True
FUNDACION GLOBALCAJA LA RODA,13,8.117000000000004,47.6428,True,3,TOSCONES CORRALEJO,True
FUNDACION GLOBALCAJA LA RODA,10,24.830699999999993,88.9836,False,3,TOSCONES CORRALEJO,True
FUNDACION GLOBALCAJA LA RODA,9,10.7828,42.2231,False,3,TOSCONES CORRALEJO,True
FUNDACION GLOBALCAJA LA RODA,0,21.5727,26.7203,True,3,TOSCONES CORRALEJO,True
FUNDACION GLOBALCAJA LA RODA,9,33.2088,67.9351,False,3,TOSCONES CORRALEJO,True
FUNDACION GLOBALCAJA LA RODA,20,5.7898,56.9697,False,3,TOSCONES CORRALEJO,True
FUNDACION GLOBALCAJA LA RODA,13,30.401899999999998,23.0651,False,3,TOSCONES CORRALEJO,True
FUNDACION GLOBALCAJA LA RODA,0,10.444299999999998,47.1386,True,3,TOSCONES CORRALEJO,True
FUNDACION GLOBALCAJA LA RODA,0,24.9577,52.6843,False,3,TOSCONES CORRALEJO,True
FUNDACION GLOBALCAJA LA RODA,2,10.8533,52.6843,False,3,TOSCONES CORRALEJO,True
FUNDACION GLOBALCAJA LA RODA,10,28.4838,79.1525,False,3,TOSCONES CORRALEJO,True
FUNDACION GLOBALCAJA LA RODA,0,12.136799999999994,47.3907,False,3,TOSCONES CORRALEJO,True
FUNDACION GLOBALCAJA LA RODA,25,10.796899999999994,43.1054,False,3,TOSCONES CORRALEJO,True
TOSCONES CORRALEJO,8,34.351200000000006,40.2065,False,3,FUNDACION GLOBALCAJA LA RODA,False
TOSCONES CORRALEJO,9,14.322999999999993,39.3242,False,3,FUNDACION GLOBALCAJA LA RODA,False
TOSCONES CORRALEJO,7,11.9112,49.9115,False,3,FUNDACION GLOBALCAJA LA RODA,False
TOSCONES CORRALEJO,7,8.4556,45.122,False,3,FUNDACION GLOBALCAJA LA RODA,False
TOSCONES CORRALEJO,7,20.105800000000002,72.4725,True,3,FUNDACION GLOBALCAJA LA RODA,False
TOSCONES CORRALEJO,17,8.52612,51.1719,True,3,FUNDACION GLOBALCAJA LA RODA,False
TOSCONES CORRALEJO,8,8.10299,63.1456,False,3,FUNDACION GLOBALCAJA LA RODA,False
TOSCONES CORRALEJO,15,8.66716,48.9032,False,3,FUNDACION GLOBALCAJA LA RODA,False
TOSCONES CORRALEJO,34,11.078999999999994,42.3491,False,3,FUNDACION GLOBALCAJA LA RODA,False
TOSCONES CORRALEJO,14,9.51343,6.68007,False,3,FUNDACION GLOBALCAJA LA RODA,False
TOSCONES CORRALEJO,6,24.2525,9.95709,False,3,FUNDACION GLOBALCAJA LA RODA,False
TOSCONES CORRALEJO,6,33.3498,50.2896,False,3,FUNDACION GLOBALCAJA LA RODA,False
TOSCONES CORRALEJO,7,16.5656,48.273,False,3,FUNDACION GLOBALCAJA LA RODA,False
TOSCONES CORRALEJO,9,7.834900000000005,51.1719,True,3,FUNDACION GLOBALCAJA LA RODA,False
TOSCONES CORRALEJO,11,29.908299999999997,80.4129,False,3,FUNDACION GLOBALCAJA LA RODA,False
TOSCONES CORRALEJO,17,9.44291,38.694,True,3,FUNDACION GLOBALCAJA LA RODA,False
TOSCONES CORRALEJO,9,11.078999999999994,44.1137,False,3,FUNDACION GLOBALCAJA LA RODA,False
TOSCONES CORRALEJO,15,12.5459,43.1054,True,3,FUNDACION GLOBALCAJA LA RODA,False
TOSCONES CORRALEJO,8,15.2257,43.7356,False,3,FUNDACION GLOBALCAJA LA RODA,False
TOSCONES CORRALEJO,15,7.059200000000004,60.3727,False,3,FUNDACION GLOBALCAJA LA RODA,False
TOSCONES CORRALEJO,7,11.6996,45.122,False,3,FUNDACION GLOBALCAJA LA RODA,False
TOSCONES CORRALEJO,17,7.4117999999999995,48.273,True,3,FUNDACION GLOBALCAJA LA RODA,False
TOSCONES CORRALEJO,7,11.219999999999999,48.273,False,3,FUNDACION GLOBALCAJA LA RODA,False
TOSCONES CORRALEJO,17,10.444299999999998,61.1289,False,3,FUNDACION GLOBALCAJA LA RODA,False
TOSCONES CORRALEJO,8,29.5557,19.9142,False,3,FUNDACION GLOBALCAJA LA RODA,False
TOSCONES CORRALEJO,9,32.5036,52.1802,False,3,FUNDACION GLOBALCAJA LA RODA,False
TOSCONES CORRALEJO,34,11.431600000000003,34.7868,False,3,FUNDACION GLOBALCAJA LA RODA,False
TOSCONES CORRALEJO,15,31.8689,68.8173,False,3,FUNDACION GLOBALCAJA LA RODA,False
TOSCONES CORRALEJO,8,10.0916,58.104,True,3,FUNDACION GLOBALCAJA LA RODA,False
TOSCONES CORRALEJO,11,30.966099999999997,76.5057,False,3,FUNDACION GLOBALCAJA LA RODA,False
TOSCONES CORRALEJO,7,23.8999,52.6843,False,3,FUNDACION GLOBALCAJA LA RODA,False
TOSCONES CORRALEJO,17,33.4344,68.3132,False,3,FUNDACION GLOBALCAJA LA RODA,False
TOSCONES CORRALEJO,6,12.630399999999995,48.525,False,3,FUNDACION GLOBALCAJA LA RODA,False
TOSCONES CORRALEJO,9,17.4259,26.8463,False,3,FUNDACION GLOBALCAJA LA RODA,False
TOSCONES CORRALEJO,7,6.62203,57.978,True,3,FUNDACION GLOBALCAJA LA RODA,False
TOSCONES CORRALEJO,11,6.62203,30.5015,False,3,FUNDACION GLOBALCAJA LA RODA,False
TOSCONES CORRALEJO,9,12.630399999999995,51.9281,True,3,FUNDACION GLOBALCAJA LA RODA,False
TOSCONES CORRALEJO,8,2.46124,53.0624,False,3,FUNDACION GLOBALCAJA LA RODA,False
TOSCONES CORRALEJO,8,9.01977,45.6261,True,3,FUNDACION GLOBALCAJA LA RODA,False
TOSCONES CORRALEJO,9,11.6291,50.0375,False,3,FUNDACION GLOBALCAJA LA RODA,False
TOSCONES CORRALEJO,7,21.3611,51.8021,False,3,FUNDACION GLOBALCAJA LA RODA,False
TOSCONES CORRALEJO,34,35.902699999999996,77.6401,False,3,FUNDACION GLOBALCAJA LA RODA,False
TOSCONES CORRALEJO,8,9.245400000000004,41.971,False,3,FUNDACION GLOBALCAJA LA RODA,False
TOSCONES CORRALEJO,14,12.2638,43.6095,False,3,FUNDACION GLOBALCAJA LA RODA,False
TOSCONES CORRALEJO,11,31.318700000000007,77.388,True,3,FUNDACION GLOBALCAJA LA RODA,False
TOSCONES CORRALEJO,7,11.361000000000004,49.5334,False,3,FUNDACION GLOBALCAJA LA RODA,False
TOSCONES CORRALEJO,9,22.644499999999994,29.9973,False,3,FUNDACION GLOBALCAJA LA RODA,False
TOSCONES CORRALEJO,8,9.30186,47.2647,False,3,FUNDACION GLOBALCAJA LA RODA,False
TOSCONES CORRALEJO,25,26.7913,13.3601,False,3,FUNDACION GLOBALCAJA LA RODA,False
TOSCONES CORRALEJO,9,13.053600000000003,46.8865,False,3,FUNDACION GLOBALCAJA LA RODA,False
TOSCONES CORRALEJO,15,11.078999999999994,56.2134,False,3,FUNDACION GLOBALCAJA LA RODA,False
TOSCONES CORRALEJO,34,11.488,68.5653,False,3,FUNDACION GLOBALCAJA LA RODA,False
TOSCONES CORRALEJO,8,17.4119,37.6857,False,3,FUNDACION GLOBALCAJA LA RODA,False
TOSCONES CORRALEJO,7,16.9887,72.9766,False,3,FUNDACION GLOBALCAJA LA RODA,False
TOSCONES CORRALEJO,8,7.623400000000004,44.6178,True,3,FUNDACION GLOBALCAJA LA RODA,False
TOSCONES CORRALEJO,15,32.729200000000006,72.9766,True,3,FUNDACION GLOBALCAJA LA RODA,False
TOSCONES CORRALEJO,7,20.5854,72.5985,False,3,FUNDACION GLOBALCAJA LA RODA,False
TOSCONES CORRALEJO,34,11.078999999999994,42.3491,False,3,FUNDACION GLOBALCAJA LA RODA,False
TOSCONES CORRALEJO,25,10.8533,47.6428,True,3,FUNDACION GLOBALCAJA LA RODA,False
TOSCONES CORRALEJO,9,29.908299999999997,80.4129,False,3,FUNDACION GLOBALCAJA LA RODA,False
TOSCONES CORRALEJO,8,32.5741,69.1955,False,3,FUNDACION GLOBALCAJA LA RODA,False
TOSCONES CORRALEJO,34,35.620599999999996,64.0278,False,3,FUNDACION GLOBALCAJA LA RODA,False
TOSCONES CORRALEJO,7,19.0339,47.7688,True,3,FUNDACION GLOBALCAJA LA RODA,False
TOSCONES CORRALEJO,25,13.9563,43.2314,False,3,FUNDACION GLOBALCAJA LA RODA,False
TOSCONES CORRALEJO,8,8.38508,54.827,True,3,FUNDACION GLOBALCAJA LA RODA,False
TOSCONES CORRALEJO,9,9.386399999999995,48.525,True,3,FUNDACION GLOBALCAJA LA RODA,False
TOSCONES CORRALEJO,7,6.1989,63.0195,False,3,FUNDACION GLOBALCAJA LA RODA,False
TOSCONES CORRALEJO,17,8.80821,39.8283,False,3,FUNDACION GLOBALCAJA LA RODA,False
TOSCONES CORRALEJO,17,21.0085,43.4835,True,3,FUNDACION GLOBALCAJA LA RODA,False
TOSCONES CORRALEJO,17,28.7659,21.5527,False,3,FUNDACION GLOBALCAJA LA RODA,False
C.D. BASKET GLOBALCAJA QUINTANAR,2,4.93653,49.2813,True,3,SUMIALKI CB CIUDAD DE MOSTOLES,True
C.D. BASKET GLOBALCAJA QUINTANAR,8,34.8378,23.3172,False,3,SUMIALKI CB CIUDAD DE MOSTOLES,True
C.D. BASKET GLOBALCAJA QUINTANAR,8,7.19323,48.7771,True,3,SUMIALKI CB CIUDAD DE MOSTOLES,True
C.D. BASKET GLOBALCAJA QUINTANAR,2,16.361099999999993,75.2453,False,3,SUMIALKI CB CIUDAD DE MOSTOLES,True
C.D. BASKET GLOBALCAJA QUINTANAR,1,5.99436,50.0375,False,3,SUMIALKI CB CIUDAD DE MOSTOLES,True
C.D. BASKET GLOBALCAJA QUINTANAR,1,29.5487,76.8838,False,3,SUMIALKI CB CIUDAD DE MOSTOLES,True
C.D. BASKET GLOBALCAJA QUINTANAR,2,7.4047999999999945,47.1386,True,3,SUMIALKI CB CIUDAD DE MOSTOLES,True
C.D. BASKET GLOBALCAJA QUINTANAR,21,9.37941,92.7648,True,3,SUMIALKI CB CIUDAD DE MOSTOLES,True
C.D. BASKET GLOBALCAJA QUINTANAR,8,28.208699999999993,15.2507,False,3,SUMIALKI CB CIUDAD DE MOSTOLES,True
C.D. BASKET GLOBALCAJA QUINTANAR,12,8.60367,45.5001,True,3,SUMIALKI CB CIUDAD DE MOSTOLES,True
C.D. BASKET GLOBALCAJA QUINTANAR,21,33.4979,17.8975,False,3,SUMIALKI CB CIUDAD DE MOSTOLES,True
C.D. BASKET GLOBALCAJA QUINTANAR,2,5.07757,49.4073,True,3,SUMIALKI CB CIUDAD DE MOSTOLES,True
C.D. BASKET GLOBALCAJA QUINTANAR,1,34.3441,50.5417,False,3,SUMIALKI CB CIUDAD DE MOSTOLES,True
C.D. BASKET GLOBALCAJA QUINTANAR,2,29.619200000000006,82.8077,False,3,SUMIALKI CB CIUDAD DE MOSTOLES,True
C.D. BASKET GLOBALCAJA QUINTANAR,21,6.91114,52.4323,True,3,SUMIALKI CB CIUDAD DE MOSTOLES,True
C.D. BASKET GLOBALCAJA QUINTANAR,7,35.2609,17.7715,True,3,SUMIALKI CB CIUDAD DE MOSTOLES,True
C.D. BASKET GLOBALCAJA QUINTANAR,21,7.68688,93.647,False,3,SUMIALKI CB CIUDAD DE MOSTOLES,True
C.D. BASKET GLOBALCAJA QUINTANAR,1,36.8124,51.55,True,3,SUMIALKI CB CIUDAD DE MOSTOLES,True
C.D. BASKET GLOBALCAJA QUINTANAR,21,24.4711,28.8629,False,3,SUMIALKI CB CIUDAD DE MOSTOLES,True
C.D. BASKET GLOBALCAJA QUINTANAR,12,6.7701,50.0375,False,3,SUMIALKI CB CIUDAD DE MOSTOLES,True
C.D. BASKET GLOBALCAJA QUINTANAR,6,6.20592,43.4835,True,3,SUMIALKI CB CIUDAD DE MOSTOLES,True
C.D. BASKET GLOBALCAJA QUINTANAR,21,39.0691,23.0652,False,3,SUMIALKI CB CIUDAD DE MOSTOLES,True
C.D. BASKET GLOBALCAJA QUINTANAR,6,5.289100000000005,48.273,True,3,SUMIALKI CB CIUDAD DE MOSTOLES,True
C.D. BASKET GLOBALCAJA QUINTANAR,2,5.9238,47.0126,True,3,SUMIALKI CB CIUDAD DE MOSTOLES,True
C.D. BASKET GLOBALCAJA QUINTANAR,50,5.50071,51.0458,True,3,SUMIALKI CB CIUDAD DE MOSTOLES,True
C.D. BASKET GLOBALCAJA QUINTANAR,2,5.077600000000004,47.3907,True,3,SUMIALKI CB CIUDAD DE MOSTOLES,True
C.D. BASKET GLOBALCAJA QUINTANAR,50,34.97880000000001,78.9005,True,3,SUMIALKI CB CIUDAD DE MOSTOLES,True
C.D. BASKET GLOBALCAJA QUINTANAR,14,8.81523,72.2204,False,3,SUMIALKI CB CIUDAD DE MOSTOLES,True
C.D. BASKET GLOBALCAJA QUINTANAR,2,3.80818,48.273,True,3,SUMIALKI CB CIUDAD DE MOSTOLES,True
C.D. BASKET GLOBALCAJA QUINTANAR,6,5.28914,51.0458,True,3,SUMIALKI CB CIUDAD DE MOSTOLES,True
C.D. BASKET GLOBALCAJA QUINTANAR,1,33.0042,21.4266,False,3,SUMIALKI CB CIUDAD DE MOSTOLES,True
C.D. BASKET GLOBALCAJA QUINTANAR,12,9.16784,49.9115,True,3,SUMIALKI CB CIUDAD DE MOSTOLES,True
C.D. BASKET GLOBALCAJA QUINTANAR,8,4.866,49.5334,True,3,SUMIALKI CB CIUDAD DE MOSTOLES,True
C.D. BASKET GLOBALCAJA QUINTANAR,8,36.7419,40.0804,False,3,SUMIALKI CB CIUDAD DE MOSTOLES,True
C.D. BASKET GLOBALCAJA QUINTANAR,12,22.426,70.5819,False,3,SUMIALKI CB CIUDAD DE MOSTOLES,True
C.D. BASKET GLOBALCAJA QUINTANAR,14,6.62906,47.3907,True,3,SUMIALKI CB CIUDAD DE MOSTOLES,True
C.D. BASKET GLOBALCAJA QUINTANAR,2,6.55853,50.7937,True,3,SUMIALKI CB CIUDAD DE MOSTOLES,True
C.D. BASKET GLOBALCAJA QUINTANAR,8,32.3695,81.9254,False,3,SUMIALKI CB CIUDAD DE MOSTOLES,True
C.D. BASKET GLOBALCAJA QUINTANAR,2,7.475300000000004,47.6428,True,3,SUMIALKI CB CIUDAD DE MOSTOLES,True
C.D. BASKET GLOBALCAJA QUINTANAR,14,7.616399999999999,51.676,False,3,SUMIALKI CB CIUDAD DE MOSTOLES,True
C.D. BASKET GLOBALCAJA QUINTANAR,6,16.7137,73.1027,False,3,SUMIALKI CB CIUDAD DE MOSTOLES,True
C.D. BASKET GLOBALCAJA QUINTANAR,14,5.712299999999999,48.0209,True,3,SUMIALKI CB CIUDAD DE MOSTOLES,True
C.D. BASKET GLOBALCAJA QUINTANAR,14,34.6262,73.1027,False,3,SUMIALKI CB CIUDAD DE MOSTOLES,True
C.D. BASKET GLOBALCAJA QUINTANAR,6,5.43018,50.4156,True,3,SUMIALKI CB CIUDAD DE MOSTOLES,True
C.D. BASKET GLOBALCAJA QUINTANAR,21,6.1354,52.1802,False,3,SUMIALKI CB CIUDAD DE MOSTOLES,True
C.D. BASKET GLOBALCAJA QUINTANAR,50,6.41749,50.5417,False,3,SUMIALKI CB CIUDAD DE MOSTOLES,True
C.D. BASKET GLOBALCAJA QUINTANAR,8,5.289100000000005,48.525,True,3,SUMIALKI CB CIUDAD DE MOSTOLES,True
C.D. BASKET GLOBALCAJA QUINTANAR,50,36.2482,19.6621,True,3,SUMIALKI CB CIUDAD DE MOSTOLES,True
C.D. BASKET GLOBALCAJA QUINTANAR,1,5.50071,50.2896,False,3,SUMIALKI CB CIUDAD DE MOSTOLES,True
C.D. BASKET GLOBALCAJA QUINTANAR,1,33.0042,75.1193,True,3,SUMIALKI CB CIUDAD DE MOSTOLES,True
C.D. BASKET GLOBALCAJA QUINTANAR,7,5.85331,48.273,True,3,SUMIALKI CB CIUDAD DE MOSTOLES,True
C.D. BASKET GLOBALCAJA QUINTANAR,21,16.7842,15.7549,False,3,SUMIALKI CB CIUDAD DE MOSTOLES,True
C.D. BASKET GLOBALCAJA QUINTANAR,2,5.50071,50.2896,True,3,SUMIALKI CB CIUDAD DE MOSTOLES,True
C.D. BASKET GLOBALCAJA QUINTANAR,12,7.68688,46.3824,True,3,SUMIALKI CB CIUDAD DE MOSTOLES,True
C.D. BASKET GLOBALCAJA QUINTANAR,14,6.135400000000004,51.0458,False,3,SUMIALKI CB CIUDAD DE MOSTOLES,True
C.D. BASKET GLOBALCAJA QUINTANAR,14,7.05219,44.3658,False,3,SUMIALKI CB CIUDAD DE MOSTOLES,True
C.D. BASKET GLOBALCAJA QUINTANAR,0,9.73202,3.52909,False,3,SUMIALKI CB CIUDAD DE MOSTOLES,True
C.D. BASKET GLOBALCAJA QUINTANAR,14,38.0818,21.9308,True,3,SUMIALKI CB CIUDAD DE MOSTOLES,True
C.D. BASKET GLOBALCAJA QUINTANAR,14,8.180499999999995,45.248,True,3,SUMIALKI CB CIUDAD DE MOSTOLES,True
C.D. BASKET GLOBALCAJA QUINTANAR,8,7.26375,49.5334,True,3,SUMIALKI CB CIUDAD DE MOSTOLES,True
C.D. BASKET GLOBALCAJA QUINTANAR,8,6.06488,49.7854,True,3,SUMIALKI CB CIUDAD DE MOSTOLES,True
C.D. BASKET GLOBALCAJA QUINTANAR,7,6.27645,48.0209,True,3,SUMIALKI CB CIUDAD DE MOSTOLES,True
C.D. BASKET GLOBALCAJA QUINTANAR,8,22.2849,26.3422,False,3,SUMIALKI CB CIUDAD DE MOSTOLES,True
C.D. BASKET GLOBALCAJA QUINTANAR,8,7.4047999999999945,47.1386,False,3,SUMIALKI CB CIUDAD DE MOSTOLES,True
C.D. BASKET GLOBALCAJA QUINTANAR,2,5.85331,48.9032,True,3,SUMIALKI CB CIUDAD DE MOSTOLES,True
C.D. BASKET GLOBALCAJA QUINTANAR,8,32.863200000000006,73.1027,False,3,SUMIALKI CB CIUDAD DE MOSTOLES,True
C.D. BASKET GLOBALCAJA QUINTANAR,2,5.43018,48.9032,True,3,SUMIALKI CB CIUDAD DE MOSTOLES,True
SUMIALKI CB CIUDAD DE MOSTOLES,29,17.700999999999993,80.791,False,3,C.D. BASKET GLOBALCAJA QUINTANAR,False
SUMIALKI CB CIUDAD DE MOSTOLES,4,10.7898,93.1429,False,3,C.D. BASKET GLOBALCAJA QUINTANAR,False
SUMIALKI CB CIUDAD DE MOSTOLES,15,5.853300000000004,47.0126,False,3,C.D. BASKET GLOBALCAJA QUINTANAR,False
SUMIALKI CB CIUDAD DE MOSTOLES,29,30.536,15.1247,False,3,C.D. BASKET GLOBALCAJA QUINTANAR,False
SUMIALKI CB CIUDAD DE MOSTOLES,15,5.85331,49.2813,False,3,C.D. BASKET GLOBALCAJA QUINTANAR,False
SUMIALKI CB CIUDAD DE MOSTOLES,9,6.2059,46.5084,False,3,C.D. BASKET GLOBALCAJA QUINTANAR,False
SUMIALKI CB CIUDAD DE MOSTOLES,20,36.3188,18.0236,True,3,C.D. BASKET GLOBALCAJA QUINTANAR,False
SUMIALKI CB CIUDAD DE MOSTOLES,11,27.433000000000007,10.0831,False,3,C.D. BASKET GLOBALCAJA QUINTANAR,False
SUMIALKI CB CIUDAD DE MOSTOLES,29,32.2285,77.1359,False,3,C.D. BASKET GLOBALCAJA QUINTANAR,False
SUMIALKI CB CIUDAD DE MOSTOLES,12,16.008499999999998,72.3464,False,3,C.D. BASKET GLOBALCAJA QUINTANAR,False
SUMIALKI CB CIUDAD DE MOSTOLES,22,37.165,15.8809,True,3,C.D. BASKET GLOBALCAJA QUINTANAR,False
SUMIALKI CB CIUDAD DE MOSTOLES,15,5.92384,46.5084,False,3,C.D. BASKET GLOBALCAJA QUINTANAR,False
SUMIALKI CB CIUDAD DE MOSTOLES,11,36.8829,19.0319,False,3,C.D. BASKET GLOBALCAJA QUINTANAR,False
SUMIALKI CB CIUDAD DE MOSTOLES,15,6.48801,50.2896,True,3,C.D. BASKET GLOBALCAJA QUINTANAR,False
SUMIALKI CB CIUDAD DE MOSTOLES,12,11.565600000000003,72.2204,True,3,C.D. BASKET GLOBALCAJA QUINTANAR,False
SUMIALKI CB CIUDAD DE MOSTOLES,12,36.0367,69.5736,False,3,C.D. BASKET GLOBALCAJA QUINTANAR,False
SUMIALKI CB CIUDAD DE MOSTOLES,9,10.225700000000003,52.6843,True,3,C.D. BASKET GLOBALCAJA QUINTANAR,False
SUMIALKI CB CIUDAD DE MOSTOLES,15,32.0169,16.5111,False,3,C.D. BASKET GLOBALCAJA QUINTANAR,False
SUMIALKI CB CIUDAD DE MOSTOLES,29,33.2863,79.6567,False,3,C.D. BASKET GLOBALCAJA QUINTANAR,False
SUMIALKI CB CIUDAD DE MOSTOLES,20,35.1904,74.7412,False,3,C.D. BASKET GLOBALCAJA QUINTANAR,False
SUMIALKI CB CIUDAD DE MOSTOLES,20,32.4401,16.6372,False,3,C.D. BASKET GLOBALCAJA QUINTANAR,False
SUMIALKI CB CIUDAD DE MOSTOLES,9,7.12271,54.3228,True,3,C.D. BASKET GLOBALCAJA QUINTANAR,False
SUMIALKI CB CIUDAD DE MOSTOLES,29,4.866,4.53741,True,3,C.D. BASKET GLOBALCAJA QUINTANAR,False
SUMIALKI CB CIUDAD DE MOSTOLES,88,7.75741,45.8782,True,3,C.D. BASKET GLOBALCAJA QUINTANAR,False
SUMIALKI CB CIUDAD DE MOSTOLES,12,39.0691,16.8892,False,3,C.D. BASKET GLOBALCAJA QUINTANAR,False
SUMIALKI CB CIUDAD DE MOSTOLES,22,32.7927,74.6151,False,3,C.D. BASKET GLOBALCAJA QUINTANAR,False
SUMIALKI CB CIUDAD DE MOSTOLES,29,38.8575,14.7466,False,3,C.D. BASKET GLOBALCAJA QUINTANAR,False
SUMIALKI CB CIUDAD DE MOSTOLES,4,37.3766,21.3006,True,3,C.D. BASKET GLOBALCAJA QUINTANAR,False
SUMIALKI CB CIUDAD DE MOSTOLES,4,35.543000000000006,74.237,True,3,C.D. BASKET GLOBALCAJA QUINTANAR,False
SUMIALKI CB CIUDAD DE MOSTOLES,22,34.9083,77.7661,False,3,C.D. BASKET GLOBALCAJA QUINTANAR,False
SUMIALKI CB CIUDAD DE MOSTOLES,4,5.9238,48.525,True,3,C.D. BASKET GLOBALCAJA QUINTANAR,False
SUMIALKI CB CIUDAD DE MOSTOLES,20,6.20592,45.6261,True,3,C.D. BASKET GLOBALCAJA QUINTANAR,False
SUMIALKI CB CIUDAD DE MOSTOLES,4,7.96897,46.8865,False,3,C.D. BASKET GLOBALCAJA QUINTANAR,False
SUMIALKI CB CIUDAD DE MOSTOLES,29,8.3921,75.2453,False,3,C.D. BASKET GLOBALCAJA QUINTANAR,False
SUMIALKI CB CIUDAD DE MOSTOLES,9,11.354,23.6953,False,3,C.D. BASKET GLOBALCAJA QUINTANAR,False
SUMIALKI CB CIUDAD DE MOSTOLES,11,7.8279,2.64682,False,3,C.D. BASKET GLOBALCAJA QUINTANAR,False
SUMIALKI CB CIUDAD DE MOSTOLES,9,35.4725,70.2038,False,3,C.D. BASKET GLOBALCAJA QUINTANAR,False
SUMIALKI CB CIUDAD DE MOSTOLES,12,36.8124,48.9032,True,3,C.D. BASKET GLOBALCAJA QUINTANAR,False
SUMIALKI CB CIUDAD DE MOSTOLES,15,28.772900000000007,81.4212,False,3,C.D. BASKET GLOBALCAJA QUINTANAR,False
SUMIALKI CB CIUDAD DE MOSTOLES,4,7.1932000000000045,48.0209,False,3,C.D. BASKET GLOBALCAJA QUINTANAR,False
SUMIALKI CB CIUDAD DE MOSTOLES,15,27.0804,9.57897,False,3,C.D. BASKET GLOBALCAJA QUINTANAR,False
SUMIALKI CB CIUDAD DE MOSTOLES,29,32.299,78.2703,False,3,C.D. BASKET GLOBALCAJA QUINTANAR,False
SUMIALKI CB CIUDAD DE MOSTOLES,88,11.706599999999995,25.2078,True,3,C.D. BASKET GLOBALCAJA QUINTANAR,False
SUMIALKI CB CIUDAD DE MOSTOLES,29,32.3695,75.8755,True,3,C.D. BASKET GLOBALCAJA QUINTANAR,False
SUMIALKI CB CIUDAD DE MOSTOLES,88,10.719300000000004,49.9115,True,3,C.D. BASKET GLOBALCAJA QUINTANAR,False
SUMIALKI CB CIUDAD DE MOSTOLES,15,15.373800000000003,47.6428,False,3,C.D. BASKET GLOBALCAJA QUINTANAR,False
SUMIALKI CB CIUDAD DE MOSTOLES,88,9.44993,91.7564,False,3,C.D. BASKET GLOBALCAJA QUINTANAR,False
SUMIALKI CB CIUDAD DE MOSTOLES,4,6.840599999999995,51.0458,False,3,C.D. BASKET GLOBALCAJA QUINTANAR,False
SUMIALKI CB CIUDAD DE MOSTOLES,4,36.1777,19.6621,True,3,C.D. BASKET GLOBALCAJA QUINTANAR,False
SUMIALKI CB CIUDAD DE MOSTOLES,29,5.6417,4.53741,True,3,C.D. BASKET GLOBALCAJA QUINTANAR,False
SUMIALKI CB CIUDAD DE MOSTOLES,4,7.4048,46.6345,False,3,C.D. BASKET GLOBALCAJA QUINTANAR,False
SUMIALKI CB CIUDAD DE MOSTOLES,29,38.0818,35.9211,False,3,C.D. BASKET GLOBALCAJA QUINTANAR,False
SUMIALKI CB CIUDAD DE MOSTOLES,12,7.616399999999999,49.0292,False,3,C.D. BASKET GLOBALCAJA QUINTANAR,False
SUMIALKI CB CIUDAD DE MOSTOLES,29,8.885800000000003,6.42799,False,3,C.D. BASKET GLOBALCAJA QUINTANAR,False
SUMIALKI CB CIUDAD DE MOSTOLES,29,39.3512,48.273,False,3,C.D. BASKET GLOBALCAJA QUINTANAR,False
SUMIALKI CB CIUDAD DE MOSTOLES,9,10.0141,48.9032,True,3,C.D. BASKET GLOBALCAJA QUINTANAR,False
SUMIALKI CB CIUDAD DE MOSTOLES,15,5.9238,47.8948,True,3,C.D. BASKET GLOBALCAJA QUINTANAR,False
SUMIALKI CB CIUDAD DE MOSTOLES,29,14.3865,92.7648,False,3,C.D. BASKET GLOBALCAJA QUINTANAR,False
SUMIALKI CB CIUDAD DE MOSTOLES,20,33.2863,18.5277,False,3,C.D. BASKET GLOBALCAJA QUINTANAR,False
SUMIALKI CB CIUDAD DE MOSTOLES,20,5.28914,48.7771,False,3,C.D. BASKET GLOBALCAJA QUINTANAR,False
SUMIALKI CB CIUDAD DE MOSTOLES,88,7.96897,80.665,False,3,C.D. BASKET GLOBALCAJA QUINTANAR,False
SUMIALKI CB CIUDAD DE MOSTOLES,4,38.787,22.1829,True,3,C.D. BASKET GLOBALCAJA QUINTANAR,False
SUMIALKI CB CIUDAD DE MOSTOLES,11,13.469700000000003,50.2896,True,3,C.D. BASKET GLOBALCAJA QUINTANAR,False
MOVISTAR ESTUDIANTES,25,32.863200000000006,22.561,False,3,GRUPO INTERBUS ALCOBENDAS,True
MOVISTAR ESTUDIANTES,6,28.2793,80.791,False,3,GRUPO INTERBUS ALCOBENDAS,True
MOVISTAR ESTUDIANTES,2,32.299,76.2536,False,3,GRUPO INTERBUS ALCOBENDAS,True
MOVISTAR ESTUDIANTES,6,18.0536,58.3561,False,3,GRUPO INTERBUS ALCOBENDAS,True
MOVISTAR ESTUDIANTES,2,32.299,27.6026,True,3,GRUPO INTERBUS ALCOBENDAS,True
MOVISTAR ESTUDIANTES,8,15.8674,26.5942,False,3,GRUPO INTERBUS ALCOBENDAS,True
MOVISTAR ESTUDIANTES,25,31.100099999999998,20.7964,True,3,GRUPO INTERBUS ALCOBENDAS,True
MOVISTAR ESTUDIANTES,8,31.3822,79.1525,False,3,GRUPO INTERBUS ALCOBENDAS,True
MOVISTAR ESTUDIANTES,2,36.8829,78.1442,False,3,GRUPO INTERBUS ALCOBENDAS,True
MOVISTAR ESTUDIANTES,19,12.270799999999994,51.9281,True,3,GRUPO INTERBUS ALCOBENDAS,True
MOVISTAR ESTUDIANTES,12,8.815200000000004,49.5334,True,3,GRUPO INTERBUS ALCOBENDAS,True
MOVISTAR ESTUDIANTES,9,9.1678,51.9281,True,3,GRUPO INTERBUS ALCOBENDAS,True
MOVISTAR ESTUDIANTES,19,30.4654,26.4682,False,3,GRUPO INTERBUS ALCOBENDAS,True
MOVISTAR ESTUDIANTES,11,31.311700000000002,55.2051,False,3,GRUPO INTERBUS ALCOBENDAS,True
MOVISTAR ESTUDIANTES,8,14.5275,54.4489,True,3,GRUPO INTERBUS ALCOBENDAS,True
MOVISTAR ESTUDIANTES,2,35.825100000000006,43.3574,True,3,GRUPO INTERBUS ALCOBENDAS,True
MOVISTAR ESTUDIANTES,11,26.9394,79.1525,False,3,GRUPO INTERBUS ALCOBENDAS,True
MOVISTAR ESTUDIANTES,8,13.469700000000003,40.7106,False,3,GRUPO INTERBUS ALCOBENDAS,True
MOVISTAR ESTUDIANTES,2,33.8505,82.4296,True,3,GRUPO INTERBUS ALCOBENDAS,True
MOVISTAR ESTUDIANTES,25,34.9788,32.5181,False,3,GRUPO INTERBUS ALCOBENDAS,True
MOVISTAR ESTUDIANTES,11,10.2257,49.5334,True,3,GRUPO INTERBUS ALCOBENDAS,True
MOVISTAR ESTUDIANTES,25,28.490799999999993,86.4628,False,3,GRUPO INTERBUS ALCOBENDAS,True
MOVISTAR ESTUDIANTES,2,11.7772,49.2813,True,3,GRUPO INTERBUS ALCOBENDAS,True
MOVISTAR ESTUDIANTES,2,14.6685,35.7951,False,3,GRUPO INTERBUS ALCOBENDAS,True
MOVISTAR ESTUDIANTES,12,7.4047999999999945,38.82,False,3,GRUPO INTERBUS ALCOBENDAS,True
MOVISTAR ESTUDIANTES,7,10.0141,55.3312,True,3,GRUPO INTERBUS ALCOBENDAS,True
MOVISTAR ESTUDIANTES,25,20.451300000000003,64.9101,True,3,GRUPO INTERBUS ALCOBENDAS,True
MOVISTAR ESTUDIANTES,7,22.1439,57.978,False,3,GRUPO INTERBUS ALCOBENDAS,True
MOVISTAR ESTUDIANTES,10,10.0141,50.7937,True,3,GRUPO INTERBUS ALCOBENDAS,True
MOVISTAR ESTUDIANTES,8,12.2003,50.1636,True,3,GRUPO INTERBUS ALCOBENDAS,True
MOVISTAR ESTUDIANTES,8,11.9887,61.129,False,3,GRUPO INTERBUS ALCOBENDAS,True
MOVISTAR ESTUDIANTES,2,12.4824,47.5167,True,3,GRUPO INTERBUS ALCOBENDAS,True
MOVISTAR ESTUDIANTES,22,6.770099999999999,53.3145,True,3,GRUPO INTERBUS ALCOBENDAS,True
MOVISTAR ESTUDIANTES,25,31.0296,79.9088,False,3,GRUPO INTERBUS ALCOBENDAS,True
MOVISTAR ESTUDIANTES,25,32.299,83.6899,True,3,GRUPO INTERBUS ALCOBENDAS,True
MOVISTAR ESTUDIANTES,12,27.644599999999997,13.1081,True,3,GRUPO INTERBUS ALCOBENDAS,True
MOVISTAR ESTUDIANTES,7,9.16784,48.273,True,3,GRUPO INTERBUS ALCOBENDAS,True
MOVISTAR ESTUDIANTES,19,12.2708,46.8865,False,3,GRUPO INTERBUS ALCOBENDAS,True
MOVISTAR ESTUDIANTES,6,34.0621,33.7785,False,3,GRUPO INTERBUS ALCOBENDAS,True
MOVISTAR ESTUDIANTES,6,34.1326,26.3422,False,3,GRUPO INTERBUS ALCOBENDAS,True
MOVISTAR ESTUDIANTES,8,33.5684,75.8755,False,3,GRUPO INTERBUS ALCOBENDAS,True
MOVISTAR ESTUDIANTES,19,8.25106,60.2467,False,3,GRUPO INTERBUS ALCOBENDAS,True
MOVISTAR ESTUDIANTES,22,9.09732,51.55,True,3,GRUPO INTERBUS ALCOBENDAS,True
MOVISTAR ESTUDIANTES,12,13.7518,37.0555,True,3,GRUPO INTERBUS ALCOBENDAS,True
MOVISTAR ESTUDIANTES,7,30.112799999999993,86.8409,False,3,GRUPO INTERBUS ALCOBENDAS,True
MOVISTAR ESTUDIANTES,2,30.112799999999993,24.5776,False,3,GRUPO INTERBUS ALCOBENDAS,True
MOVISTAR ESTUDIANTES,6,22.0028,44.6178,False,3,GRUPO INTERBUS ALCOBENDAS,True
MOVISTAR ESTUDIANTES,25,32.9337,22.687,False,3,GRUPO INTERBUS ALCOBENDAS,True
MOVISTAR ESTUDIANTES,8,30.536,78.6484,False,3,GRUPO INTERBUS ALCOBENDAS,True
MOVISTAR ESTUDIANTES,22,8.885800000000003,53.1885,False,3,GRUPO INTERBUS ALCOBENDAS,True
MOVISTAR ESTUDIANTES,10,27.292,87.4711,False,3,GRUPO INTERBUS ALCOBENDAS,True
MOVISTAR ESTUDIANTES,9,13.328599999999994,77.0099,False,3,GRUPO INTERBUS ALCOBENDAS,True
MOVISTAR ESTUDIANTES,8,32.158,73.7329,False,3,GRUPO INTERBUS ALCOBENDAS,True
MOVISTAR ESTUDIANTES,11,33.92100000000001,24.7037,True,3,GRUPO INTERBUS ALCOBENDAS,True
MOVISTAR ESTUDIANTES,7,5.500699999999995,58.8602,False,3,GRUPO INTERBUS ALCOBENDAS,True
MOVISTAR ESTUDIANTES,22,9.37941,57.5999,True,3,GRUPO INTERBUS ALCOBENDAS,True
MOVISTAR ESTUDIANTES,9,4.866,53.5666,True,3,GRUPO INTERBUS ALCOBENDAS,True
MOVISTAR ESTUDIANTES,9,9.30889,54.701,True,3,GRUPO INTERBUS ALCOBENDAS,True
MOVISTAR ESTUDIANTES,7,31.7348,14.7466,False,3,GRUPO INTERBUS ALCOBENDAS,True
MOVISTAR ESTUDIANTES,10,28.208699999999993,17.5194,False,3,GRUPO INTERBUS ALCOBENDAS,True
MOVISTAR ESTUDIANTES,7,31.6643,79.2786,False,3,GRUPO INTERBUS ALCOBENDAS,True
MOVISTAR ESTUDIANTES,2,38.787,75.8755,False,3,GRUPO INTERBUS ALCOBENDAS,True
MOVISTAR ESTUDIANTES,8,11.636099999999999,65.7924,True,3,GRUPO INTERBUS ALCOBENDAS,True
MOVISTAR ESTUDIANTES,8,31.100099999999998,35.9211,False,3,GRUPO INTERBUS ALCOBENDAS,True
MOVISTAR ESTUDIANTES,2,32.7221,76.7578,True,3,GRUPO INTERBUS ALCOBENDAS,True
GRUPO INTERBUS ALCOBENDAS,41,8.53315,53.4406,True,3,MOVISTAR ESTUDIANTES,False
GRUPO INTERBUS ALCOBENDAS,20,13.9633,45.5001,True,3,MOVISTAR ESTUDIANTES,False
GRUPO INTERBUS ALCOBENDAS,41,18.9704,47.1386,False,3,MOVISTAR ESTUDIANTES,False
GRUPO INTERBUS ALCOBENDAS,15,28.772900000000007,18.7798,False,3,MOVISTAR ESTUDIANTES,False
GRUPO INTERBUS ALCOBENDAS,41,15.021199999999993,77.388,False,3,MOVISTAR ESTUDIANTES,False
GRUPO INTERBUS ALCOBENDAS,17,31.5938,19.6621,False,3,MOVISTAR ESTUDIANTES,False
GRUPO INTERBUS ALCOBENDAS,11,38.5049,68.0611,False,3,MOVISTAR ESTUDIANTES,False
GRUPO INTERBUS ALCOBENDAS,5,9.802499999999995,54.5749,False,3,MOVISTAR ESTUDIANTES,False
GRUPO INTERBUS ALCOBENDAS,5,30.747500000000002,78.0182,False,3,MOVISTAR ESTUDIANTES,False
GRUPO INTERBUS ALCOBENDAS,77,35.4725,25.5859,False,3,MOVISTAR ESTUDIANTES,False
GRUPO INTERBUS ALCOBENDAS,14,29.901300000000006,18.9059,False,3,MOVISTAR ESTUDIANTES,False
GRUPO INTERBUS ALCOBENDAS,20,30.8886,17.6455,False,3,MOVISTAR ESTUDIANTES,False
GRUPO INTERBUS ALCOBENDAS,16,9.52045,43.3574,False,3,MOVISTAR ESTUDIANTES,False
GRUPO INTERBUS ALCOBENDAS,14,17.136799999999994,25.838,True,3,MOVISTAR ESTUDIANTES,False
GRUPO INTERBUS ALCOBENDAS,17,23.836399999999998,91.6304,False,3,MOVISTAR ESTUDIANTES,False
GRUPO INTERBUS ALCOBENDAS,14,13.9633,46.2563,True,3,MOVISTAR ESTUDIANTES,False
GRUPO INTERBUS ALCOBENDAS,17,8.321600000000004,43.7356,False,3,MOVISTAR ESTUDIANTES,False
GRUPO INTERBUS ALCOBENDAS,5,33.35680000000001,52.6843,False,3,MOVISTAR ESTUDIANTES,False
GRUPO INTERBUS ALCOBENDAS,5,33.5684,68.9434,True,3,MOVISTAR ESTUDIANTES,False
GRUPO INTERBUS ALCOBENDAS,14,10.366699999999994,53.1885,False,3,MOVISTAR ESTUDIANTES,False
GRUPO INTERBUS ALCOBENDAS,16,16.7842,27.9807,False,3,MOVISTAR ESTUDIANTES,False
GRUPO INTERBUS ALCOBENDAS,20,32.6516,84.0681,True,3,MOVISTAR ESTUDIANTES,False
GRUPO INTERBUS ALCOBENDAS,24,13.1171,52.4323,True,3,MOVISTAR ESTUDIANTES,False
GRUPO INTERBUS ALCOBENDAS,41,6.911100000000005,58.2301,True,3,MOVISTAR ESTUDIANTES,False
GRUPO INTERBUS ALCOBENDAS,41,13.328599999999994,62.1373,False,3,MOVISTAR ESTUDIANTES,False
GRUPO INTERBUS ALCOBENDAS,41,11.354,39.5763,True,3,MOVISTAR ESTUDIANTES,False
GRUPO INTERBUS ALCOBENDAS,24,10.860399999999998,56.7176,True,3,MOVISTAR ESTUDIANTES,False
GRUPO INTERBUS ALCOBENDAS,24,27.785600000000002,17.3934,False,3,MOVISTAR ESTUDIANTES,False
GRUPO INTERBUS ALCOBENDAS,17,6.2059,60.4988,True,3,MOVISTAR ESTUDIANTES,False
GRUPO INTERBUS ALCOBENDAS,41,13.8223,50.5417,True,3,MOVISTAR ESTUDIANTES,False
GRUPO INTERBUS ALCOBENDAS,17,17.7715,49.1552,False,3,MOVISTAR ESTUDIANTES,False
GRUPO INTERBUS ALCOBENDAS,14,8.462599999999995,52.6843,False,3,MOVISTAR ESTUDIANTES,False
GRUPO INTERBUS ALCOBENDAS,5,11.918199999999999,60.3727,True,3,MOVISTAR ESTUDIANTES,False
GRUPO INTERBUS ALCOBENDAS,16,14.9506,42.0971,False,3,MOVISTAR ESTUDIANTES,False
GRUPO INTERBUS ALCOBENDAS,17,12.0592,35.1649,False,3,MOVISTAR ESTUDIANTES,False
GRUPO INTERBUS ALCOBENDAS,11,13.2581,48.7771,True,3,MOVISTAR ESTUDIANTES,False
GRUPO INTERBUS ALCOBENDAS,41,7.898399999999995,59.1123,True,3,MOVISTAR ESTUDIANTES,False
GRUPO INTERBUS ALCOBENDAS,41,14.0339,73.9849,False,3,MOVISTAR ESTUDIANTES,False
GRUPO INTERBUS ALCOBENDAS,77,17.0663,44.2397,False,3,MOVISTAR ESTUDIANTES,False
GRUPO INTERBUS ALCOBENDAS,17,36.6008,62.5154,True,3,MOVISTAR ESTUDIANTES,False
GRUPO INTERBUS ALCOBENDAS,20,31.5233,29.9973,False,3,MOVISTAR ESTUDIANTES,False
GRUPO INTERBUS ALCOBENDAS,25,15.021199999999993,76.6318,True,3,MOVISTAR ESTUDIANTES,False
GRUPO INTERBUS ALCOBENDAS,5,32.29900000000001,21.1746,False,3,MOVISTAR ESTUDIANTES,False
GRUPO INTERBUS ALCOBENDAS,77,36.5303,67.5569,False,3,MOVISTAR ESTUDIANTES,False
GRUPO INTERBUS ALCOBENDAS,20,31.5938,19.7881,False,3,MOVISTAR ESTUDIANTES,False
GRUPO INTERBUS ALCOBENDAS,14,30.3949,84.8243,False,3,MOVISTAR ESTUDIANTES,False
GRUPO INTERBUS ALCOBENDAS,4,32.3695,26.7203,True,3,MOVISTAR ESTUDIANTES,False
GRUPO INTERBUS ALCOBENDAS,25,33.2158,28.6109,False,3,MOVISTAR ESTUDIANTES,False
GRUPO INTERBUS ALCOBENDAS,77,32.7221,82.5556,True,3,MOVISTAR ESTUDIANTES,False
GRUPO INTERBUS ALCOBENDAS,17,15.5148,48.0209,True,3,MOVISTAR ESTUDIANTES,False
GRUPO INTERBUS ALCOBENDAS,11,34.2031,32.8962,False,3,MOVISTAR ESTUDIANTES,False
GRUPO INTERBUS ALCOBENDAS,14,29.1255,83.3118,False,3,MOVISTAR ESTUDIANTES,False
GRUPO INTERBUS ALCOBENDAS,5,29.266599999999997,81.7994,False,3,MOVISTAR ESTUDIANTES,False
GRUPO INTERBUS ALCOBENDAS,77,33.5684,29.6192,True,3,MOVISTAR ESTUDIANTES,False
GRUPO INTERBUS ALCOBENDAS,17,34.5557,22.8131,True,3,MOVISTAR ESTUDIANTES,False
GRUPO INTERBUS ALCOBENDAS,5,12.482399999999998,48.9032,False,3,MOVISTAR ESTUDIANTES,False
GRUPO INTERBUS ALCOBENDAS,5,11.706599999999995,63.0195,True,3,MOVISTAR ESTUDIANTES,False
GRUPO INTERBUS ALCOBENDAS,5,8.885800000000003,54.827,False,3,MOVISTAR ESTUDIANTES,False
GRUPO INTERBUS ALCOBENDAS,25,16.995800000000003,43.2314,False,3,MOVISTAR ESTUDIANTES,False
GRUPO INTERBUS ALCOBENDAS,41,15.091700000000003,76.8838,False,3,MOVISTAR ESTUDIANTES,False
GRUPO INTERBUS ALCOBENDAS,41,12.764499999999998,78.6484,False,3,MOVISTAR ESTUDIANTES,False
BALONCESTO ALCALA,19,29.478099999999998,83.1858,False,3,CESUR DISTRITO OLIMPICO,True
BALONCESTO ALCALA,4,31.5233,79.5307,True,3,CESUR DISTRITO OLIMPICO,True
BALONCESTO ALCALA,3,20.380799999999994,8.6967,False,3,CESUR DISTRITO OLIMPICO,True
BALONCESTO ALCALA,29,33.0042,68.9434,True,3,CESUR DISTRITO OLIMPICO,True
BALONCESTO ALCALA,10,6.558499999999995,52.1802,True,3,CESUR DISTRITO OLIMPICO,True
BALONCESTO ALCALA,4,32.2285,23.9474,True,3,CESUR DISTRITO OLIMPICO,True
BALONCESTO ALCALA,3,10.0141,51.0458,True,3,CESUR DISTRITO OLIMPICO,True
BALONCESTO ALCALA,19,35.9662,70.2038,False,3,CESUR DISTRITO OLIMPICO,True
BALONCESTO ALCALA,91,3.878699999999995,53.5666,False,3,CESUR DISTRITO OLIMPICO,True
BALONCESTO ALCALA,14,35.8956,50.5417,True,3,CESUR DISTRITO OLIMPICO,True
BALONCESTO ALCALA,10,6.84062,47.6428,True,3,CESUR DISTRITO OLIMPICO,True
BALONCESTO ALCALA,91,7.68688,48.6511,False,3,CESUR DISTRITO OLIMPICO,True
BALONCESTO ALCALA,29,8.3921,49.5334,True,3,CESUR DISTRITO OLIMPICO,True
BALONCESTO ALCALA,10,5.85331,44.4918,True,3,CESUR DISTRITO OLIMPICO,True
BALONCESTO ALCALA,91,8.533100000000005,50.2896,True,3,CESUR DISTRITO OLIMPICO,True
BALONCESTO ALCALA,91,4.58392,48.0209,True,3,CESUR DISTRITO OLIMPICO,True
BALONCESTO ALCALA,19,31.8759,17.5194,False,3,CESUR DISTRITO OLIMPICO,True
BALONCESTO ALCALA,19,24.682699999999997,12.0998,True,3,CESUR DISTRITO OLIMPICO,True
BALONCESTO ALCALA,3,5.35966,48.1469,False,3,CESUR DISTRITO OLIMPICO,True
BALONCESTO ALCALA,10,10.578299999999999,47.0126,False,3,CESUR DISTRITO OLIMPICO,True
BALONCESTO ALCALA,3,33.145300000000006,15.2507,False,3,CESUR DISTRITO OLIMPICO,True
BALONCESTO ALCALA,3,31.100099999999998,22.687,False,3,CESUR DISTRITO OLIMPICO,True
BALONCESTO ALCALA,91,5.07757,50.6677,True,3,CESUR DISTRITO OLIMPICO,True
BALONCESTO ALCALA,19,5.50071,81.7994,True,3,CESUR DISTRITO OLIMPICO,True
BALONCESTO ALCALA,3,31.9464,46.3824,False,3,CESUR DISTRITO OLIMPICO,True
BALONCESTO ALCALA,10,7.05219,49.1552,False,3,CESUR DISTRITO OLIMPICO,True
BALONCESTO ALCALA,5,24.6827,10.3352,False,3,CESUR DISTRITO OLIMPICO,True
BALONCESTO ALCALA,91,31.100099999999998,22.687,True,3,CESUR DISTRITO OLIMPICO,True
BALONCESTO ALCALA,29,9.873099999999994,42.3491,False,3,CESUR DISTRITO OLIMPICO,True
BALONCESTO ALCALA,14,10.5783,48.399,True,3,CESUR DISTRITO OLIMPICO,True
BALONCESTO ALCALA,19,30.9591,22.0568,False,3,CESUR DISTRITO OLIMPICO,True
BALONCESTO ALCALA,14,6.911100000000005,51.4239,True,3,CESUR DISTRITO OLIMPICO,True
BALONCESTO ALCALA,29,7.47532,46.6345,True,3,CESUR DISTRITO OLIMPICO,True
BALONCESTO ALCALA,19,9.520499999999998,49.6594,False,3,CESUR DISTRITO OLIMPICO,True
BALONCESTO ALCALA,19,15.655900000000003,94.5293,False,3,CESUR DISTRITO OLIMPICO,True
BALONCESTO ALCALA,19,23.060599999999994,90.6221,False,3,CESUR DISTRITO OLIMPICO,True
BALONCESTO ALCALA,19,7.898399999999995,49.6594,True,3,CESUR DISTRITO OLIMPICO,True
BALONCESTO ALCALA,4,31.523300000000006,87.4711,True,3,CESUR DISTRITO OLIMPICO,True
BALONCESTO ALCALA,10,13.258099999999999,54.953,False,3,CESUR DISTRITO OLIMPICO,True
BALONCESTO ALCALA,10,22.990099999999998,51.8021,False,3,CESUR DISTRITO OLIMPICO,True
BALONCESTO ALCALA,19,17.912599999999998,5.54572,False,3,CESUR DISTRITO OLIMPICO,True
BALONCESTO ALCALA,29,6.7701,46.3824,True,3,CESUR DISTRITO OLIMPICO,True
BALONCESTO ALCALA,10,6.346999999999994,47.3907,True,3,CESUR DISTRITO OLIMPICO,True
BALONCESTO ALCALA,29,48.0254,46.5084,False,3,CESUR DISTRITO OLIMPICO,True
BALONCESTO ALCALA,91,5.853300000000004,51.676,True,3,CESUR DISTRITO OLIMPICO,True
BALONCESTO ALCALA,29,29.9013,80.539,True,3,CESUR DISTRITO OLIMPICO,True
BALONCESTO ALCALA,91,8.180499999999995,49.1552,False,3,CESUR DISTRITO OLIMPICO,True
BALONCESTO ALCALA,4,16.854699999999994,48.9032,False,3,CESUR DISTRITO OLIMPICO,True
BALONCESTO ALCALA,5,31.382199999999997,80.791,False,3,CESUR DISTRITO OLIMPICO,True
BALONCESTO ALCALA,4,31.5233,80.1609,False,3,CESUR DISTRITO OLIMPICO,True
BALONCESTO ALCALA,29,35.825100000000006,43.8616,False,3,CESUR DISTRITO OLIMPICO,True
BALONCESTO ALCALA,4,36.8124,67.683,False,3,CESUR DISTRITO OLIMPICO,True
BALONCESTO ALCALA,19,20.3103,66.1705,False,3,CESUR DISTRITO OLIMPICO,True
BALONCESTO ALCALA,10,5.28914,51.4239,True,3,CESUR DISTRITO OLIMPICO,True
BALONCESTO ALCALA,10,21.932299999999998,61.8852,False,3,CESUR DISTRITO OLIMPICO,True
BALONCESTO ALCALA,5,25.528899999999993,10.4612,False,3,CESUR DISTRITO OLIMPICO,True
BALONCESTO ALCALA,3,6.558499999999995,48.7771,True,3,CESUR DISTRITO OLIMPICO,True
BALONCESTO ALCALA,29,33.4274,14.9987,False,3,CESUR DISTRITO OLIMPICO,True
BALONCESTO ALCALA,19,10.0141,46.3824,False,3,CESUR DISTRITO OLIMPICO,True
BALONCESTO ALCALA,19,29.9013,8.19254,True,3,CESUR DISTRITO OLIMPICO,True
BALONCESTO ALCALA,29,14.0338,48.1469,False,3,CESUR DISTRITO OLIMPICO,True
BALONCESTO ALCALA,29,6.69958,44.9959,True,3,CESUR DISTRITO OLIMPICO,True
BALONCESTO ALCALA,19,19.111400000000003,77.388,False,3,CESUR DISTRITO OLIMPICO,True
CESUR DISTRITO OLIMPICO,33,36.0367,48.1469,False,3,BALONCESTO ALCALA,False
CESUR DISTRITO OLIMPICO,13,9.802499999999995,52.9364,False,3,BALONCESTO ALCALA,False
CESUR DISTRITO OLIMPICO,16,19.5346,45.6261,False,3,BALONCESTO ALCALA,False
CESUR DISTRITO OLIMPICO,16,28.4203,79.7827,True,3,BALONCESTO ALCALA,False
CESUR DISTRITO OLIMPICO,5,7.757400000000004,50.6677,False,3,BALONCESTO ALCALA,False
CESUR DISTRITO OLIMPICO,2,5.289100000000005,17.3934,True,3,BALONCESTO ALCALA,False
CESUR DISTRITO OLIMPICO,41,19.252499999999998,49.7854,False,3,BALONCESTO ALCALA,False
CESUR DISTRITO OLIMPICO,76,6.558499999999995,49.0292,True,3,BALONCESTO ALCALA,False
CESUR DISTRITO OLIMPICO,10,28.4203,7.05819,False,3,BALONCESTO ALCALA,False
CESUR DISTRITO OLIMPICO,75,22.6375,49.2813,False,3,BALONCESTO ALCALA,False
CESUR DISTRITO OLIMPICO,76,9.661500000000004,52.8104,False,3,BALONCESTO ALCALA,False
CESUR DISTRITO OLIMPICO,2,11.495099999999994,94.0252,False,3,BALONCESTO ALCALA,False
CESUR DISTRITO OLIMPICO,13,6.346999999999994,46.8865,True,3,BALONCESTO ALCALA,False
CESUR DISTRITO OLIMPICO,10,7.122699999999995,50.1636,True,3,BALONCESTO ALCALA,False
CESUR DISTRITO OLIMPICO,33,31.523300000000006,74.4891,True,3,BALONCESTO ALCALA,False
CESUR DISTRITO OLIMPICO,41,21.156599999999997,58.104,False,3,BALONCESTO ALCALA,False
CESUR DISTRITO OLIMPICO,5,16.7842,52.9364,False,3,BALONCESTO ALCALA,False
CESUR DISTRITO OLIMPICO,2,34.9083,56.3395,False,3,BALONCESTO ALCALA,False
CESUR DISTRITO OLIMPICO,10,30.8181,83.816,True,3,BALONCESTO ALCALA,False
CESUR DISTRITO OLIMPICO,76,6.34697,48.399,True,3,BALONCESTO ALCALA,False
CESUR DISTRITO OLIMPICO,33,10.084599999999995,25.2078,False,3,BALONCESTO ALCALA,False
CESUR DISTRITO OLIMPICO,16,23.201700000000002,6.17591,True,3,BALONCESTO ALCALA,False
CESUR DISTRITO OLIMPICO,33,14.174899999999994,48.0209,True,3,BALONCESTO ALCALA,False
CESUR DISTRITO OLIMPICO,33,16.22,54.3228,False,3,BALONCESTO ALCALA,False
CESUR DISTRITO OLIMPICO,33,28.420299999999997,16.7632,True,3,BALONCESTO ALCALA,False
CESUR DISTRITO OLIMPICO,2,34.6262,68.3132,False,3,BALONCESTO ALCALA,False
CESUR DISTRITO OLIMPICO,41,25.1058,44.1137,False,3,BALONCESTO ALCALA,False
CESUR DISTRITO OLIMPICO,2,28.208699999999993,12.856,True,3,BALONCESTO ALCALA,False
CESUR DISTRITO OLIMPICO,76,14.457,49.1552,False,3,BALONCESTO ALCALA,False
CESUR DISTRITO OLIMPICO,5,18.4062,48.9032,True,3,BALONCESTO ALCALA,False
CESUR DISTRITO OLIMPICO,15,7.334299999999999,47.8948,True,3,BALONCESTO ALCALA,False
CESUR DISTRITO OLIMPICO,10,8.11001,46.3824,True,3,BALONCESTO ALCALA,False
CESUR DISTRITO OLIMPICO,33,24.4711,44.6178,False,3,BALONCESTO ALCALA,False
CESUR DISTRITO OLIMPICO,76,13.4697,48.525,True,3,BALONCESTO ALCALA,False
CESUR DISTRITO OLIMPICO,16,10.648799999999994,49.0292,True,3,BALONCESTO ALCALA,False
CESUR DISTRITO OLIMPICO,2,31.2412,81.9254,True,3,BALONCESTO ALCALA,False
CESUR DISTRITO OLIMPICO,13,9.52045,49.9115,False,3,BALONCESTO ALCALA,False
CESUR DISTRITO OLIMPICO,2,11.777100000000004,47.8948,False,3,BALONCESTO ALCALA,False
CESUR DISTRITO OLIMPICO,75,36.4598,32.0139,False,3,BALONCESTO ALCALA,False
CESUR DISTRITO OLIMPICO,5,5.85331,44.9959,True,3,BALONCESTO ALCALA,False
CESUR DISTRITO OLIMPICO,16,33.6389,66.2966,False,3,BALONCESTO ALCALA,False
CESUR DISTRITO OLIMPICO,33,9.80254,49.2813,True,3,BALONCESTO ALCALA,False
CESUR DISTRITO OLIMPICO,5,17.4189,35.6691,False,3,BALONCESTO ALCALA,False
CESUR DISTRITO OLIMPICO,15,6.41749,48.273,True,3,BALONCESTO ALCALA,False
CESUR DISTRITO OLIMPICO,5,31.5233,18.7798,True,3,BALONCESTO ALCALA,False
CESUR DISTRITO OLIMPICO,5,15.373800000000003,23.1912,False,3,BALONCESTO ALCALA,False
CESUR DISTRITO OLIMPICO,13,10.084599999999995,4.78948,True,3,BALONCESTO ALCALA,False
CESUR DISTRITO OLIMPICO,16,7.82793,51.55,True,3,BALONCESTO ALCALA,False
CESUR DISTRITO OLIMPICO,5,6.62906,47.2647,True,3,BALONCESTO ALCALA,False
CESUR DISTRITO OLIMPICO,33,7.54584,81.5473,False,3,BALONCESTO ALCALA,False
CESUR DISTRITO OLIMPICO,33,36.5303,71.5902,False,3,BALONCESTO ALCALA,False
CESUR DISTRITO OLIMPICO,10,30.677,11.4696,False,3,BALONCESTO ALCALA,False
CESUR DISTRITO OLIMPICO,10,27.0804,13.6122,True,3,BALONCESTO ALCALA,False
CESUR DISTRITO OLIMPICO,33,13.9633,49.1552,False,3,BALONCESTO ALCALA,False
CESUR DISTRITO OLIMPICO,33,6.4879999999999995,50.4156,False,3,BALONCESTO ALCALA,False
CESUR DISTRITO OLIMPICO,10,35.543,43.7356,False,3,BALONCESTO ALCALA,False
CESUR DISTRITO OLIMPICO,41,31.734800000000007,82.0514,False,3,BALONCESTO ALCALA,False
CESUR DISTRITO OLIMPICO,2,22.143900000000002,50.1636,False,3,BALONCESTO ALCALA,False
CESUR DISTRITO OLIMPICO,5,35.331500000000005,61.129,False,3,BALONCESTO ALCALA,False
CESUR DISTRITO OLIMPICO,33,22.143900000000002,50.1636,True,3,BALONCESTO ALCALA,False
CESUR DISTRITO OLIMPICO,41,33.92100000000001,79.2786,False,3,BALONCESTO ALCALA,False
CESUR DISTRITO OLIMPICO,16,5.92384,50.7937,True,3,BALONCESTO ALCALA,False
NÁUTICO TENERIFE,44,4.866,36.6774,False,3,EL VENTERO CBV,True
NÁUTICO TENERIFE,18,8.46262,5.1676,False,3,EL VENTERO CBV,True
NÁUTICO TENERIFE,39,14.598,41.845,True,3,EL VENTERO CBV,True
NÁUTICO TENERIFE,39,9.6615,42.8533,True,3,EL VENTERO CBV,True
NÁUTICO TENERIFE,3,9.238399999999999,6.30195,False,3,EL VENTERO CBV,True
NÁUTICO TENERIFE,55,15.8674,33.7785,True,3,EL VENTERO CBV,True
NÁUTICO TENERIFE,13,8.3921,56.4655,False,3,EL VENTERO CBV,True
NÁUTICO TENERIFE,51,7.122699999999995,65.9184,True,3,EL VENTERO CBV,True
NÁUTICO TENERIFE,39,31.0296,28.989,True,3,EL VENTERO CBV,True
NÁUTICO TENERIFE,7,28.7729,18.1496,False,3,EL VENTERO CBV,True
NÁUTICO TENERIFE,55,31.6643,22.1829,False,3,EL VENTERO CBV,True
NÁUTICO TENERIFE,51,9.59097,25.2078,True,3,EL VENTERO CBV,True
NÁUTICO TENERIFE,44,9.80254,64.2799,False,3,EL VENTERO CBV,True
NÁUTICO TENERIFE,5,11.495099999999994,48.9032,False,3,EL VENTERO CBV,True
NÁUTICO TENERIFE,5,16.0085,34.9128,False,3,EL VENTERO CBV,True
NÁUTICO TENERIFE,39,5.9238,38.9461,True,3,EL VENTERO CBV,True
NÁUTICO TENERIFE,3,17.136799999999994,94.1512,True,3,EL VENTERO CBV,True
NÁUTICO TENERIFE,39,11.0719,36.6774,True,3,EL VENTERO CBV,True
NÁUTICO TENERIFE,12,9.87306,56.2134,True,3,EL VENTERO CBV,True
NÁUTICO TENERIFE,51,15.8674,50.7937,True,3,EL VENTERO CBV,True
NÁUTICO TENERIFE,44,10.5783,65.7924,True,3,EL VENTERO CBV,True
NÁUTICO TENERIFE,18,27.362499999999997,82.1775,True,3,EL VENTERO CBV,True
NÁUTICO TENERIFE,55,14.8801,43.9876,True,3,EL VENTERO CBV,True
NÁUTICO TENERIFE,7,27.1509,87.9753,True,3,EL VENTERO CBV,True
NÁUTICO TENERIFE,23,28.4908,82.0514,False,3,EL VENTERO CBV,True
NÁUTICO TENERIFE,18,6.064899999999994,40.7106,True,3,EL VENTERO CBV,True
NÁUTICO TENERIFE,55,11.354,41.7189,True,3,EL VENTERO CBV,True
NÁUTICO TENERIFE,5,33.3568,48.6511,False,3,EL VENTERO CBV,True
NÁUTICO TENERIFE,5,20.521900000000002,70.3298,False,3,EL VENTERO CBV,True
NÁUTICO TENERIFE,44,8.60367,51.2979,True,3,EL VENTERO CBV,True
NÁUTICO TENERIFE,5,17.9126,73.6068,False,3,EL VENTERO CBV,True
NÁUTICO TENERIFE,5,9.379400000000004,45.248,False,3,EL VENTERO CBV,True
NÁUTICO TENERIFE,55,8.956299999999999,49.6594,False,3,EL VENTERO CBV,True
NÁUTICO TENERIFE,55,9.943600000000004,44.2397,False,3,EL VENTERO CBV,True
NÁUTICO TENERIFE,5,15.2327,38.82,True,3,EL VENTERO CBV,True
NÁUTICO TENERIFE,5,7.122699999999995,35.7951,False,3,EL VENTERO CBV,True
NÁUTICO TENERIFE,5,6.911100000000005,39.7023,True,3,EL VENTERO CBV,True
NÁUTICO TENERIFE,18,7.052199999999999,39.4502,True,3,EL VENTERO CBV,True
NÁUTICO TENERIFE,39,13.2581,32.392,True,3,EL VENTERO CBV,True
NÁUTICO TENERIFE,51,34.6262,44.1137,False,3,EL VENTERO CBV,True
NÁUTICO TENERIFE,5,16.7137,41.971,True,3,EL VENTERO CBV,True
NÁUTICO TENERIFE,20,26.798299999999998,84.5722,False,3,EL VENTERO CBV,True
NÁUTICO TENERIFE,39,13.8223,45.248,True,3,EL VENTERO CBV,True
NÁUTICO TENERIFE,5,23.6248,10.3352,False,3,EL VENTERO CBV,True
NÁUTICO TENERIFE,13,27.0804,15.1247,False,3,EL VENTERO CBV,True
NÁUTICO TENERIFE,44,9.520499999999998,39.8283,False,3,EL VENTERO CBV,True
NÁUTICO TENERIFE,51,10.5783,43.1054,True,3,EL VENTERO CBV,True
NÁUTICO TENERIFE,18,26.657300000000006,20.9225,False,3,EL VENTERO CBV,True
NÁUTICO TENERIFE,3,26.657300000000006,36.1732,False,3,EL VENTERO CBV,True
NÁUTICO TENERIFE,39,6.417500000000004,44.7439,False,3,EL VENTERO CBV,True
NÁUTICO TENERIFE,5,24.2595,33.5264,True,3,EL VENTERO CBV,True
NÁUTICO TENERIFE,3,13.6812,37.8117,True,3,EL VENTERO CBV,True
NÁUTICO TENERIFE,39,10.155100000000004,61.129,False,3,EL VENTERO CBV,True
NÁUTICO TENERIFE,7,11.0719,4.91552,False,3,EL VENTERO CBV,True
NÁUTICO TENERIFE,5,34.0621,50.7937,False,3,EL VENTERO CBV,True
NÁUTICO TENERIFE,44,10.084599999999995,44.6178,False,3,EL VENTERO CBV,True
NÁUTICO TENERIFE,51,7.898399999999995,53.1885,False,3,EL VENTERO CBV,True
NÁUTICO TENERIFE,55,12.6939,56.8436,True,3,EL VENTERO CBV,True
EL VENTERO CBV,22,10.225700000000003,37.0555,False,3,NÁUTICO TENERIFE,False
EL VENTERO CBV,3,6.276399999999995,34.9128,False,3,NÁUTICO TENERIFE,False
EL VENTERO CBV,27,23.906899999999993,9.83105,False,3,NÁUTICO TENERIFE,False
EL VENTERO CBV,10,11.0014,4.78948,True,3,NÁUTICO TENERIFE,False
EL VENTERO CBV,18,6.346999999999994,41.971,True,3,NÁUTICO TENERIFE,False
EL VENTERO CBV,0,26.657300000000006,83.6899,False,3,NÁUTICO TENERIFE,False
EL VENTERO CBV,3,7.757400000000004,37.4336,True,3,NÁUTICO TENERIFE,False
EL VENTERO CBV,10,27.362499999999997,73.9849,False,3,NÁUTICO TENERIFE,False
EL VENTERO CBV,0,7.757400000000004,38.4419,False,3,NÁUTICO TENERIFE,False
EL VENTERO CBV,0,7.898399999999995,93.2689,False,3,NÁUTICO TENERIFE,False
EL VENTERO CBV,18,10.1551,39.1982,True,3,NÁUTICO TENERIFE,False
EL VENTERO CBV,27,26.3047,87.3451,False,3,NÁUTICO TENERIFE,False
EL VENTERO CBV,10,13.7518,42.0971,False,3,NÁUTICO TENERIFE,False
EL VENTERO CBV,22,33.92100000000001,58.8602,False,3,NÁUTICO TENERIFE,False
EL VENTERO CBV,41,27.292,83.3118,False,3,NÁUTICO TENERIFE,False
EL VENTERO CBV,3,12.6939,42.9793,False,3,NÁUTICO TENERIFE,False
EL VENTERO CBV,41,20.098699999999994,48.6511,True,3,NÁUTICO TENERIFE,False
EL VENTERO CBV,3,9.308899999999994,32.266,True,3,NÁUTICO TENERIFE,False
EL VENTERO CBV,3,29.1255,83.816,False,3,NÁUTICO TENERIFE,False
EL VENTERO CBV,1,14.950599999999994,52.4323,True,3,NÁUTICO TENERIFE,False
EL VENTERO CBV,18,20.3103,46.2563,False,3,NÁUTICO TENERIFE,False
EL VENTERO CBV,1,8.3921,60.2467,False,3,NÁUTICO TENERIFE,False
EL VENTERO CBV,18,13.8928,44.1137,True,3,NÁUTICO TENERIFE,False
EL VENTERO CBV,41,16.2906,47.6428,False,3,NÁUTICO TENERIFE,False
EL VENTERO CBV,41,27.8561,84.9503,True,3,NÁUTICO TENERIFE,False
EL VENTERO CBV,10,11.8477,27.9807,True,3,NÁUTICO TENERIFE,False
EL VENTERO CBV,41,20.4513,40.7106,False,3,NÁUTICO TENERIFE,False
EL VENTERO CBV,2,13.3286,44.7439,False,3,NÁUTICO TENERIFE,False
EL VENTERO CBV,0,18.970399999999998,7.94046,False,3,NÁUTICO TENERIFE,False
EL VENTERO CBV,41,14.598,54.1968,True,3,NÁUTICO TENERIFE,False
EL VENTERO CBV,10,7.475300000000004,92.6387,False,3,NÁUTICO TENERIFE,False
EL VENTERO CBV,41,7.334299999999999,93.7731,False,3,NÁUTICO TENERIFE,False
EL VENTERO CBV,10,26.375200000000007,83.5639,False,3,NÁUTICO TENERIFE,False
EL VENTERO CBV,10,10.5078,43.2314,False,3,NÁUTICO TENERIFE,False
EL VENTERO CBV,10,9.661500000000004,50.5417,False,3,NÁUTICO TENERIFE,False
EL VENTERO CBV,1,11.2835,48.6511,True,3,NÁUTICO TENERIFE,False
EL VENTERO CBV,0,11.213,61.381,True,3,NÁUTICO TENERIFE,False
EL VENTERO CBV,10,35.6841,52.4323,False,3,NÁUTICO TENERIFE,False
EL VENTERO CBV,10,33.0042,48.9032,False,3,NÁUTICO TENERIFE,False
EL VENTERO CBV,10,21.2976,90.7481,False,3,NÁUTICO TENERIFE,False
EL VENTERO CBV,22,35.543,35.6691,False,3,NÁUTICO TENERIFE,False
EL VENTERO CBV,1,15.5853,47.5167,False,3,NÁUTICO TENERIFE,False
EL VENTERO CBV,0,9.661500000000004,44.8699,True,3,NÁUTICO TENERIFE,False
EL VENTERO CBV,10,12.0592,56.3395,True,3,NÁUTICO TENERIFE,False
EL VENTERO CBV,0,16.2906,40.4585,False,3,NÁUTICO TENERIFE,False
EL VENTERO CBV,1,12.4118,61.0029,True,3,NÁUTICO TENERIFE,False
EL VENTERO CBV,18,11.9182,49.7854,True,3,NÁUTICO TENERIFE,False
EL VENTERO CBV,41,13.1876,92.0085,False,3,NÁUTICO TENERIFE,False
EL VENTERO CBV,10,27.3625,88.7315,False,3,NÁUTICO TENERIFE,False
EL VENTERO CBV,0,7.334299999999999,63.0195,True,3,NÁUTICO TENERIFE,False
EL VENTERO CBV,3,4.866,38.3159,False,3,NÁUTICO TENERIFE,False
EL VENTERO CBV,41,11.001400000000004,14.2424,False,3,NÁUTICO TENERIFE,False
EL VENTERO CBV,1,13.6107,45.8782,True,3,NÁUTICO TENERIFE,False
EL VENTERO CBV,41,13.117099999999994,5.04156,False,3,NÁUTICO TENERIFE,False
EL VENTERO CBV,3,33.0748,62.2633,False,3,NÁUTICO TENERIFE,False
EL VENTERO CBV,41,16.5726,33.5264,False,3,NÁUTICO TENERIFE,False
EL VENTERO CBV,0,24.541600000000003,87.093,False,3,NÁUTICO TENERIFE,False
EL VENTERO CBV,18,11.4951,44.7439,True,3,NÁUTICO TENERIFE,False
EL VENTERO CBV,15,35.9662,57.3478,True,3,NÁUTICO TENERIFE,False
EL VENTERO CBV,10,12.0592,41.971,True,3,NÁUTICO TENERIFE,False
EL VENTERO CBV,0,8.321600000000004,62.1373,True,3,NÁUTICO TENERIFE,False
EL VENTERO CBV,3,12.976,57.8519,False,3,NÁUTICO TENERIFE,False
EL VENTERO CBV,0,11.6361,44.1137,True,3,NÁUTICO TENERIFE,False
EL VENTERO CBV,1,8.956299999999999,37.1815,True,3,NÁUTICO TENERIFE,False
EL VENTERO CBV,10,7.2637,41.3408,True,3,NÁUTICO TENERIFE,False
EL VENTERO CBV,10,14.245400000000004,60.7508,False,3,NÁUTICO TENERIFE,False
EL VENTERO CBV,27,29.4076,82.0514,True,3,NÁUTICO TENERIFE,False
EL VENTERO CBV,0,13.6812,48.1469,True,3,NÁUTICO TENERIFE,False
EL VENTERO CBV,1,13.4697,47.3907,False,3,NÁUTICO TENERIFE,False
EL VENTERO CBV,41,33.0748,30.8796,False,3,NÁUTICO TENERIFE,False
EL VENTERO CBV,0,11.9182,64.658,False,3,NÁUTICO TENERIFE,False
PROBASKETLAB FUENLABRADA,8,10.578299999999999,49.4073,True,3,CB LA MATANZA,True
PROBASKETLAB FUENLABRADA,5,5.6417,63.3977,True,3,CB LA MATANZA,True
PROBASKETLAB FUENLABRADA,13,11.495099999999994,42.9793,True,3,CB LA MATANZA,True
PROBASKETLAB FUENLABRADA,7,29.9718,20.5444,True,3,CB LA MATANZA,True
PROBASKETLAB FUENLABRADA,5,18.688299999999998,46.5084,False,3,CB LA MATANZA,True
PROBASKETLAB FUENLABRADA,5,33.0042,73.8589,False,3,CB LA MATANZA,True
PROBASKETLAB FUENLABRADA,7,32.01690000000001,77.7661,True,3,CB LA MATANZA,True
PROBASKETLAB FUENLABRADA,2,18.6883,5.04156,False,3,CB LA MATANZA,True
PROBASKETLAB FUENLABRADA,10,11.706599999999995,41.7189,True,3,CB LA MATANZA,True
PROBASKETLAB FUENLABRADA,7,12.976,48.6511,True,3,CB LA MATANZA,True
PROBASKETLAB FUENLABRADA,8,28.067700000000002,86.4628,False,3,CB LA MATANZA,True
PROBASKETLAB FUENLABRADA,8,12.2708,41.0887,True,3,CB LA MATANZA,True
PROBASKETLAB FUENLABRADA,14,35.4725,64.7841,False,3,CB LA MATANZA,True
PROBASKETLAB FUENLABRADA,13,24.33,87.4711,False,3,CB LA MATANZA,True
PROBASKETLAB FUENLABRADA,13,34.696799999999996,35.7951,False,3,CB LA MATANZA,True
PROBASKETLAB FUENLABRADA,5,12.835,58.7342,False,3,CB LA MATANZA,True
PROBASKETLAB FUENLABRADA,10,10.296199999999999,50.2896,True,3,CB LA MATANZA,True
PROBASKETLAB FUENLABRADA,14,13.6812,39.3242,False,3,CB LA MATANZA,True
PROBASKETLAB FUENLABRADA,7,10.0141,59.6165,True,3,CB LA MATANZA,True
PROBASKETLAB FUENLABRADA,14,7.96897,64.2799,False,3,CB LA MATANZA,True
PROBASKETLAB FUENLABRADA,8,10.225700000000003,65.2882,True,3,CB LA MATANZA,True
PROBASKETLAB FUENLABRADA,7,13.469700000000003,53.8187,True,3,CB LA MATANZA,True
PROBASKETLAB FUENLABRADA,6,8.321600000000004,34.5347,False,3,CB LA MATANZA,True
PROBASKETLAB FUENLABRADA,8,14.1749,41.3408,False,3,CB LA MATANZA,True
PROBASKETLAB FUENLABRADA,7,10.7898,39.8283,False,3,CB LA MATANZA,True
PROBASKETLAB FUENLABRADA,7,13.6107,33.6524,False,3,CB LA MATANZA,True
PROBASKETLAB FUENLABRADA,5,11.8477,51.1719,False,3,CB LA MATANZA,True
PROBASKETLAB FUENLABRADA,4,11.706599999999995,59.3644,False,3,CB LA MATANZA,True
PROBASKETLAB FUENLABRADA,13,30.606499999999997,23.5693,True,3,CB LA MATANZA,True
PROBASKETLAB FUENLABRADA,6,15.6559,47.7688,True,3,CB LA MATANZA,True
PROBASKETLAB FUENLABRADA,3,8.32158,51.55,False,3,CB LA MATANZA,True
PROBASKETLAB FUENLABRADA,7,15.0212,45.122,True,3,CB LA MATANZA,True
PROBASKETLAB FUENLABRADA,10,15.1622,47.7688,False,3,CB LA MATANZA,True
PROBASKETLAB FUENLABRADA,3,9.52045,43.9876,True,3,CB LA MATANZA,True
PROBASKETLAB FUENLABRADA,5,14.3865,47.0126,False,3,CB LA MATANZA,True
PROBASKETLAB FUENLABRADA,10,15.6559,47.7688,False,3,CB LA MATANZA,True
PROBASKETLAB FUENLABRADA,7,9.94358,56.0874,False,3,CB LA MATANZA,True
PROBASKETLAB FUENLABRADA,14,23.131200000000007,68.0611,False,3,CB LA MATANZA,True
PROBASKETLAB FUENLABRADA,12,9.1678,56.9697,True,3,CB LA MATANZA,True
PROBASKETLAB FUENLABRADA,13,37.0945,61.255,False,3,CB LA MATANZA,True
PROBASKETLAB FUENLABRADA,3,10.4372,39.9544,True,3,CB LA MATANZA,True
PROBASKETLAB FUENLABRADA,10,32.2285,21.5527,False,3,CB LA MATANZA,True
PROBASKETLAB FUENLABRADA,13,36.3188,66.5486,False,3,CB LA MATANZA,True
PROBASKETLAB FUENLABRADA,3,39.7038,51.8021,False,3,CB LA MATANZA,True
PROBASKETLAB FUENLABRADA,7,8.67419,46.1303,True,3,CB LA MATANZA,True
PROBASKETLAB FUENLABRADA,8,11.354,50.0375,True,3,CB LA MATANZA,True
PROBASKETLAB FUENLABRADA,13,31.2412,76.7578,False,3,CB LA MATANZA,True
PROBASKETLAB FUENLABRADA,5,10.4372,40.4585,False,3,CB LA MATANZA,True
PROBASKETLAB FUENLABRADA,5,13.4697,43.6095,True,3,CB LA MATANZA,True
PROBASKETLAB FUENLABRADA,8,33.4274,71.9683,False,3,CB LA MATANZA,True
PROBASKETLAB FUENLABRADA,10,9.23836,58.2301,True,3,CB LA MATANZA,True
PROBASKETLAB FUENLABRADA,13,7.2637,93.2689,True,3,CB LA MATANZA,True
PROBASKETLAB FUENLABRADA,10,21.579700000000003,41.2148,True,3,CB LA MATANZA,True
PROBASKETLAB FUENLABRADA,7,12.976,48.525,False,3,CB LA MATANZA,True
PROBASKETLAB FUENLABRADA,8,8.603700000000003,43.9876,True,3,CB LA MATANZA,True
PROBASKETLAB FUENLABRADA,10,31.946399999999997,27.3505,False,3,CB LA MATANZA,True
PROBASKETLAB FUENLABRADA,8,13.681200000000004,52.4323,False,3,CB LA MATANZA,True
PROBASKETLAB FUENLABRADA,10,14.245400000000004,47.7688,True,3,CB LA MATANZA,True
PROBASKETLAB FUENLABRADA,8,32.0874,16.133,False,3,CB LA MATANZA,True
PROBASKETLAB FUENLABRADA,8,9.52045,46.1303,True,3,CB LA MATANZA,True
PROBASKETLAB FUENLABRADA,12,10.2257,34.5347,False,3,CB LA MATANZA,True
PROBASKETLAB FUENLABRADA,7,30.4654,19.6621,False,3,CB LA MATANZA,True
PROBASKETLAB FUENLABRADA,12,11.0719,57.3478,False,3,CB LA MATANZA,True
PROBASKETLAB FUENLABRADA,14,27.362499999999997,11.3435,False,3,CB LA MATANZA,True
PROBASKETLAB FUENLABRADA,7,9.097300000000004,47.3907,True,3,CB LA MATANZA,True
PROBASKETLAB FUENLABRADA,4,10.719300000000004,58.2301,False,3,CB LA MATANZA,True
PROBASKETLAB FUENLABRADA,7,30.959100000000007,27.6026,False,3,CB LA MATANZA,True
PROBASKETLAB FUENLABRADA,5,18.5472,4.28533,False,3,CB LA MATANZA,True
PROBASKETLAB FUENLABRADA,13,30.8886,18.2757,False,3,CB LA MATANZA,True
PROBASKETLAB FUENLABRADA,13,15.7969,53.4406,False,3,CB LA MATANZA,True
CB LA MATANZA,0,12.4118,48.273,False,3,PROBASKETLAB FUENLABRADA,False
CB LA MATANZA,23,33.5684,50.2896,True,3,PROBASKETLAB FUENLABRADA,False
CB LA MATANZA,7,7.82793,37.1815,False,3,PROBASKETLAB FUENLABRADA,False
CB LA MATANZA,23,10.7898,57.5999,True,3,PROBASKETLAB FUENLABRADA,False
CB LA MATANZA,23,11.2835,48.6511,False,3,PROBASKETLAB FUENLABRADA,False
CB LA MATANZA,11,38.2229,50.2896,False,3,PROBASKETLAB FUENLABRADA,False
CB LA MATANZA,11,23.5543,89.6138,False,3,PROBASKETLAB FUENLABRADA,False
CB LA MATANZA,0,10.7193,44.8699,True,3,PROBASKETLAB FUENLABRADA,False
CB LA MATANZA,23,30.536,18.7798,False,3,PROBASKETLAB FUENLABRADA,False
CB LA MATANZA,10,31.452699999999993,30.1233,False,3,PROBASKETLAB FUENLABRADA,False
CB LA MATANZA,0,8.039500000000004,45.5001,False,3,PROBASKETLAB FUENLABRADA,False
CB LA MATANZA,23,20.874499999999998,55.2051,False,3,PROBASKETLAB FUENLABRADA,False
CB LA MATANZA,7,29.8307,15.1247,False,3,PROBASKETLAB FUENLABRADA,False
CB LA MATANZA,10,32.5106,78.1442,False,3,PROBASKETLAB FUENLABRADA,False
CB LA MATANZA,0,19.5346,39.9544,True,3,PROBASKETLAB FUENLABRADA,False
CB LA MATANZA,1,11.0014,43.9876,False,3,PROBASKETLAB FUENLABRADA,False
CB LA MATANZA,0,7.75741,42.4752,False,3,PROBASKETLAB FUENLABRADA,False
CB LA MATANZA,23,10.3667,57.5999,True,3,PROBASKETLAB FUENLABRADA,False
CB LA MATANZA,0,8.674199999999999,39.5763,True,3,PROBASKETLAB FUENLABRADA,False
CB LA MATANZA,23,10.155100000000004,47.1386,True,3,PROBASKETLAB FUENLABRADA,False
CB LA MATANZA,23,12.5529,39.4502,True,3,PROBASKETLAB FUENLABRADA,False
CB LA MATANZA,0,10.930899999999994,46.2563,True,3,PROBASKETLAB FUENLABRADA,False
CB LA MATANZA,0,7.75741,44.7439,False,3,PROBASKETLAB FUENLABRADA,False
CB LA MATANZA,14,26.022599999999997,90.37,True,3,PROBASKETLAB FUENLABRADA,False
CB LA MATANZA,0,12.4118,47.6428,True,3,PROBASKETLAB FUENLABRADA,False
CB LA MATANZA,23,26.0931,86.3368,False,3,PROBASKETLAB FUENLABRADA,False
CB LA MATANZA,0,19.323,39.0721,False,3,PROBASKETLAB FUENLABRADA,False
CB LA MATANZA,23,9.52045,58.2301,True,3,PROBASKETLAB FUENLABRADA,False
CB LA MATANZA,14,33.2158,42.4752,False,3,PROBASKETLAB FUENLABRADA,False
CB LA MATANZA,23,27.573999999999998,86.4628,True,3,PROBASKETLAB FUENLABRADA,False
CB LA MATANZA,7,34.2736,48.1469,False,3,PROBASKETLAB FUENLABRADA,False
CB LA MATANZA,10,33.9915,66.4226,False,3,PROBASKETLAB FUENLABRADA,False
CB LA MATANZA,0,10.084599999999995,65.6664,False,3,PROBASKETLAB FUENLABRADA,False
CB LA MATANZA,14,7.757400000000004,33.4004,False,3,PROBASKETLAB FUENLABRADA,False
CB LA MATANZA,23,12.623400000000004,51.8021,True,3,PROBASKETLAB FUENLABRADA,False
CB LA MATANZA,23,13.751800000000003,54.5749,False,3,PROBASKETLAB FUENLABRADA,False
CB LA MATANZA,11,27.221400000000003,88.9836,False,3,PROBASKETLAB FUENLABRADA,False
CB LA MATANZA,23,31.7348,83.1858,False,3,PROBASKETLAB FUENLABRADA,False
CB LA MATANZA,0,8.3921,40.4585,True,3,PROBASKETLAB FUENLABRADA,False
CB LA MATANZA,11,30.536,21.9308,False,3,PROBASKETLAB FUENLABRADA,False
CB LA MATANZA,10,10.719300000000004,3.15098,False,3,PROBASKETLAB FUENLABRADA,False
CB LA MATANZA,8,38.2934,43.6095,False,3,PROBASKETLAB FUENLABRADA,False
CB LA MATANZA,0,16.2906,58.3561,True,3,PROBASKETLAB FUENLABRADA,False
CB LA MATANZA,23,33.7094,20.0402,False,3,PROBASKETLAB FUENLABRADA,False
CB LA MATANZA,23,34.9083,49.2813,False,3,PROBASKETLAB FUENLABRADA,False
CB LA MATANZA,14,11.918199999999999,54.0708,True,3,PROBASKETLAB FUENLABRADA,False
CB LA MATANZA,23,15.4443,96.0418,False,3,PROBASKETLAB FUENLABRADA,False
CB LA MATANZA,14,30.042299999999997,22.561,False,3,PROBASKETLAB FUENLABRADA,False
CB LA MATANZA,7,16.3611,29.7452,False,3,PROBASKETLAB FUENLABRADA,False
CB LA MATANZA,23,33.9915,40.4585,False,3,PROBASKETLAB FUENLABRADA,False
CB LA MATANZA,11,34.0621,20.2923,False,3,PROBASKETLAB FUENLABRADA,False
CB LA MATANZA,6,5.782799999999995,67.1788,True,3,PROBASKETLAB FUENLABRADA,False
CB LA MATANZA,11,31.100099999999998,74.8672,False,3,PROBASKETLAB FUENLABRADA,False
CB LA MATANZA,7,10.437200000000004,48.525,False,3,PROBASKETLAB FUENLABRADA,False
CB LA MATANZA,23,29.478099999999998,18.6538,False,3,PROBASKETLAB FUENLABRADA,False
CB LA MATANZA,7,12.200299999999999,49.1552,True,3,PROBASKETLAB FUENLABRADA,False
CB LA MATANZA,8,13.3992,59.2384,False,3,PROBASKETLAB FUENLABRADA,False
CB LA MATANZA,23,33.145300000000006,82.8077,False,3,PROBASKETLAB FUENLABRADA,False
CB LA MATANZA,11,6.981700000000004,29.6192,True,3,PROBASKETLAB FUENLABRADA,False
CB LA MATANZA,10,31.9464,79.5307,False,3,PROBASKETLAB FUENLABRADA,False
CB LA MATANZA,0,14.8096,30.2494,False,3,PROBASKETLAB FUENLABRADA,False
CB LA MATANZA,23,26.7983,84.1941,False,3,PROBASKETLAB FUENLABRADA,False
CB LA MATANZA,0,12.4118,56.4655,False,3,PROBASKETLAB FUENLABRADA,False
CB LA MATANZA,8,15.8674,53.0624,False,3,PROBASKETLAB FUENLABRADA,False
CB LA MATANZA,0,23.483800000000002,10.0831,False,3,PROBASKETLAB FUENLABRADA,False
CB LA MATANZA,11,33.78,26.8463,True,3,PROBASKETLAB FUENLABRADA,False
CB LA MATANZA,23,7.19323,62.8935,False,3,PROBASKETLAB FUENLABRADA,False
CB LA MATANZA,1,12.7645,93.2689,True,3,PROBASKETLAB FUENLABRADA,False
CB LA MATANZA,11,19.6051,6.80611,False,3,PROBASKETLAB FUENLABRADA,False
CB LA MATANZA,14,34.203100000000006,48.6511,False,3,PROBASKETLAB FUENLABRADA,False
CB LA MATANZA,0,12.4118,57.2217,True,3,PROBASKETLAB FUENLABRADA,False
CB LA MATANZA,1,12.6234,55.5832,False,4,MOVISTAR ESTUDIANTES,True
CB LA MATANZA,23,33.8505,27.8546,False,4,MOVISTAR ESTUDIANTES,True
CB LA MATANZA,11,6.48801,95.2855,True,4,MOVISTAR ESTUDIANTES,True
CB LA MATANZA,14,29.337100000000007,21.9308,False,4,MOVISTAR ESTUDIANTES,True
CB LA MATANZA,0,14.1044,94.1512,False,4,MOVISTAR ESTUDIANTES,True
CB LA MATANZA,6,23.4133,68.4392,True,4,MOVISTAR ESTUDIANTES,True
CB LA MATANZA,11,27.926699999999997,82.9337,True,4,MOVISTAR ESTUDIANTES,True
CB LA MATANZA,6,13.469700000000003,49.6594,True,4,MOVISTAR ESTUDIANTES,True
CB LA MATANZA,0,6.06488,50.7937,True,4,MOVISTAR ESTUDIANTES,True
CB LA MATANZA,11,33.145300000000006,72.2204,False,4,MOVISTAR ESTUDIANTES,True
CB LA MATANZA,23,10.084599999999995,46.7605,False,4,MOVISTAR ESTUDIANTES,True
CB LA MATANZA,11,32.299,20.0402,False,4,MOVISTAR ESTUDIANTES,True
CB LA MATANZA,6,29.337100000000007,13.9903,False,4,MOVISTAR ESTUDIANTES,True
CB LA MATANZA,14,35.7546,41.7189,False,4,MOVISTAR ESTUDIANTES,True
CB LA MATANZA,14,26.7983,82.1775,False,4,MOVISTAR ESTUDIANTES,True
CB LA MATANZA,11,29.9718,84.4462,True,4,MOVISTAR ESTUDIANTES,True
CB LA MATANZA,23,7.616399999999999,94.0252,False,4,MOVISTAR ESTUDIANTES,True
CB LA MATANZA,23,9.87306,38.568,True,4,MOVISTAR ESTUDIANTES,True
CB LA MATANZA,10,11.706599999999995,1.76455,False,4,MOVISTAR ESTUDIANTES,True
CB LA MATANZA,72,5.78279,41.4669,False,4,MOVISTAR ESTUDIANTES,True
CB LA MATANZA,0,10.7898,52.8104,True,4,MOVISTAR ESTUDIANTES,True
CB LA MATANZA,23,30.324399999999997,78.6484,False,4,MOVISTAR ESTUDIANTES,True
CB LA MATANZA,11,31.946399999999997,73.1027,True,4,MOVISTAR ESTUDIANTES,True
CB LA MATANZA,0,30.959100000000007,71.086,False,4,MOVISTAR ESTUDIANTES,True
CB LA MATANZA,7,27.5035,83.3118,False,4,MOVISTAR ESTUDIANTES,True
CB LA MATANZA,0,9.52045,54.827,True,4,MOVISTAR ESTUDIANTES,True
CB LA MATANZA,0,12.834999999999994,51.4239,False,4,MOVISTAR ESTUDIANTES,True
CB LA MATANZA,72,6.98166,41.971,False,4,MOVISTAR ESTUDIANTES,True
CB LA MATANZA,23,30.8886,77.1359,False,4,MOVISTAR ESTUDIANTES,True
CB LA MATANZA,0,17.771500000000003,50.1636,False,4,MOVISTAR ESTUDIANTES,True
CB LA MATANZA,23,10.5078,43.8616,False,4,MOVISTAR ESTUDIANTES,True
CB LA MATANZA,23,27.433,13.2341,False,4,MOVISTAR ESTUDIANTES,True
CB LA MATANZA,0,10.084599999999995,47.1386,False,4,MOVISTAR ESTUDIANTES,True
CB LA MATANZA,23,13.963300000000004,47.0126,False,4,MOVISTAR ESTUDIANTES,True
CB LA MATANZA,6,9.1678,34.2826,True,4,MOVISTAR ESTUDIANTES,True
CB LA MATANZA,23,11.495099999999994,47.5167,False,4,MOVISTAR ESTUDIANTES,True
CB LA MATANZA,7,8.956299999999999,48.1469,True,4,MOVISTAR ESTUDIANTES,True
CB LA MATANZA,6,12.4118,21.3006,False,4,MOVISTAR ESTUDIANTES,True
CB LA MATANZA,0,7.47532,49.4073,True,4,MOVISTAR ESTUDIANTES,True
CB LA MATANZA,72,5.430199999999999,47.2647,True,4,MOVISTAR ESTUDIANTES,True
CB LA MATANZA,11,26.304699999999997,86.2107,False,4,MOVISTAR ESTUDIANTES,True
CB LA MATANZA,23,11.9887,51.8021,False,4,MOVISTAR ESTUDIANTES,True
CB LA MATANZA,11,12.3413,26.4682,False,4,MOVISTAR ESTUDIANTES,True
CB LA MATANZA,0,12.6939,52.1802,False,4,MOVISTAR ESTUDIANTES,True
CB LA MATANZA,0,11.2835,51.55,False,4,MOVISTAR ESTUDIANTES,True
CB LA MATANZA,10,9.661500000000004,53.6926,False,4,MOVISTAR ESTUDIANTES,True
CB LA MATANZA,6,8.67419,95.0335,False,4,MOVISTAR ESTUDIANTES,True
CB LA MATANZA,11,6.91114,43.1054,True,4,MOVISTAR ESTUDIANTES,True
CB LA MATANZA,0,34.4852,65.1622,False,4,MOVISTAR ESTUDIANTES,True
CB LA MATANZA,23,14.174899999999994,43.9876,False,4,MOVISTAR ESTUDIANTES,True
CB LA MATANZA,6,5.218599999999995,3.78117,True,4,MOVISTAR ESTUDIANTES,True
CB LA MATANZA,6,32.863200000000006,67.809,True,4,MOVISTAR ESTUDIANTES,True
CB LA MATANZA,14,34.6262,50.1636,True,4,MOVISTAR ESTUDIANTES,True
CB LA MATANZA,23,26.375200000000007,13.3601,True,4,MOVISTAR ESTUDIANTES,True
CB LA MATANZA,0,9.4499,51.8021,True,4,MOVISTAR ESTUDIANTES,True
CB LA MATANZA,10,10.155100000000004,51.4239,True,4,MOVISTAR ESTUDIANTES,True
CB LA MATANZA,23,9.097300000000004,50.0375,True,4,MOVISTAR ESTUDIANTES,True
CB LA MATANZA,0,8.321600000000004,54.827,False,4,MOVISTAR ESTUDIANTES,True
CB LA MATANZA,10,30.2539,84.9503,True,4,MOVISTAR ESTUDIANTES,True
CB LA MATANZA,23,12.2003,43.9876,False,4,MOVISTAR ESTUDIANTES,True
CB LA MATANZA,7,31.946399999999997,83.5639,False,4,MOVISTAR ESTUDIANTES,True
CB LA MATANZA,23,27.7856,85.9586,True,4,MOVISTAR ESTUDIANTES,True
CB LA MATANZA,23,7.4047999999999945,52.1802,True,4,MOVISTAR ESTUDIANTES,True
CB LA MATANZA,11,29.7602,81.6733,False,4,MOVISTAR ESTUDIANTES,True
CB LA MATANZA,11,8.53315,3.52909,False,4,MOVISTAR ESTUDIANTES,True
MOVISTAR ESTUDIANTES,6,4.724999999999994,79.1525,False,4,CB LA MATANZA,False
MOVISTAR ESTUDIANTES,22,5.99436,42.9793,True,4,CB LA MATANZA,False
MOVISTAR ESTUDIANTES,25,8.674199999999999,47.8948,False,4,CB LA MATANZA,False
MOVISTAR ESTUDIANTES,25,36.8124,32.5181,False,4,CB LA MATANZA,False
MOVISTAR ESTUDIANTES,25,28.349800000000002,84.9503,False,4,CB LA MATANZA,False
MOVISTAR ESTUDIANTES,25,24.4711,9.95709,True,4,CB LA MATANZA,False
MOVISTAR ESTUDIANTES,19,7.96897,1.51247,False,4,CB LA MATANZA,False
MOVISTAR ESTUDIANTES,25,31.8759,77.388,False,4,CB LA MATANZA,False
MOVISTAR ESTUDIANTES,6,10.5783,49.1552,False,4,CB LA MATANZA,False
MOVISTAR ESTUDIANTES,25,30.2539,85.2024,True,4,CB LA MATANZA,False
MOVISTAR ESTUDIANTES,9,5.50071,51.1719,False,4,CB LA MATANZA,False
MOVISTAR ESTUDIANTES,12,27.009900000000002,80.4129,True,4,CB LA MATANZA,False
MOVISTAR ESTUDIANTES,9,8.67419,51.1719,True,4,CB LA MATANZA,False
MOVISTAR ESTUDIANTES,19,5.28914,48.7771,True,4,CB LA MATANZA,False
MOVISTAR ESTUDIANTES,8,28.490799999999993,19.41,True,4,CB LA MATANZA,False
MOVISTAR ESTUDIANTES,2,7.8279,43.6095,False,4,CB LA MATANZA,False
MOVISTAR ESTUDIANTES,2,30.536,26.9724,False,4,CB LA MATANZA,False
MOVISTAR ESTUDIANTES,6,25.387900000000002,89.7398,False,4,CB LA MATANZA,False
MOVISTAR ESTUDIANTES,6,11.777100000000004,49.2813,False,4,CB LA MATANZA,False
MOVISTAR ESTUDIANTES,6,26.939300000000003,82.6816,False,4,CB LA MATANZA,False
MOVISTAR ESTUDIANTES,12,31.8759,75.6234,False,4,CB LA MATANZA,False
MOVISTAR ESTUDIANTES,8,28.349800000000002,85.5805,False,4,CB LA MATANZA,False
MOVISTAR ESTUDIANTES,2,7.4048,5.67176,True,4,CB LA MATANZA,False
MOVISTAR ESTUDIANTES,12,9.732,5.04156,True,4,CB LA MATANZA,False
MOVISTAR ESTUDIANTES,10,8.885800000000003,2.2687,True,4,CB LA MATANZA,False
MOVISTAR ESTUDIANTES,9,12.764499999999998,42.8533,False,4,CB LA MATANZA,False
MOVISTAR ESTUDIANTES,6,6.629099999999994,3.78117,False,4,CB LA MATANZA,False
MOVISTAR ESTUDIANTES,9,9.80254,49.6594,False,4,CB LA MATANZA,False
MOVISTAR ESTUDIANTES,9,5.359700000000004,78.6484,False,4,CB LA MATANZA,False
MOVISTAR ESTUDIANTES,8,12.6939,45.7522,False,4,CB LA MATANZA,False
MOVISTAR ESTUDIANTES,12,26.022599999999997,13.8643,True,4,CB LA MATANZA,False
MOVISTAR ESTUDIANTES,10,9.37941,49.7854,False,4,CB LA MATANZA,False
MOVISTAR ESTUDIANTES,25,31.9464,77.8921,False,4,CB LA MATANZA,False
MOVISTAR ESTUDIANTES,8,17.842,48.525,False,4,CB LA MATANZA,False
MOVISTAR ESTUDIANTES,8,27.292,20.2923,False,4,CB LA MATANZA,False
MOVISTAR ESTUDIANTES,6,29.830699999999993,74.4891,False,4,CB LA MATANZA,False
MOVISTAR ESTUDIANTES,12,9.520499999999998,2.52078,True,4,CB LA MATANZA,False
MOVISTAR ESTUDIANTES,22,9.44993,47.7688,True,4,CB LA MATANZA,False
MOVISTAR ESTUDIANTES,22,8.533100000000005,43.3574,True,4,CB LA MATANZA,False
MOVISTAR ESTUDIANTES,6,10.225700000000003,27.7286,True,4,CB LA MATANZA,False
MOVISTAR ESTUDIANTES,22,8.321600000000004,58.2301,False,4,CB LA MATANZA,False
MOVISTAR ESTUDIANTES,22,14.7391,46.3824,True,4,CB LA MATANZA,False
MOVISTAR ESTUDIANTES,12,8.74471,47.6428,True,4,CB LA MATANZA,False
MOVISTAR ESTUDIANTES,2,33.2863,44.8699,False,4,CB LA MATANZA,False
MOVISTAR ESTUDIANTES,8,11.7066,47.3907,False,4,CB LA MATANZA,False
MOVISTAR ESTUDIANTES,6,22.284899999999993,65.1622,False,4,CB LA MATANZA,False
MOVISTAR ESTUDIANTES,11,12.3413,47.2647,False,4,CB LA MATANZA,False
MOVISTAR ESTUDIANTES,6,26.798299999999998,81.4212,True,4,CB LA MATANZA,False
MOVISTAR ESTUDIANTES,25,34.1326,29.3671,True,4,CB LA MATANZA,False
MOVISTAR ESTUDIANTES,7,6.981700000000004,93.521,False,4,CB LA MATANZA,False
MOVISTAR ESTUDIANTES,8,9.23836,44.3658,True,4,CB LA MATANZA,False
MOVISTAR ESTUDIANTES,2,31.523300000000006,32.14,False,4,CB LA MATANZA,False
MOVISTAR ESTUDIANTES,6,10.930899999999994,3.15098,False,4,CB LA MATANZA,False
MOVISTAR ESTUDIANTES,12,25.599400000000003,87.219,True,4,CB LA MATANZA,False
MOVISTAR ESTUDIANTES,9,3.59662,50.9198,True,4,CB LA MATANZA,False
MOVISTAR ESTUDIANTES,8,25.317300000000003,18.7798,False,4,CB LA MATANZA,False
MOVISTAR ESTUDIANTES,6,34.5557,35.2909,False,4,CB LA MATANZA,False
MOVISTAR ESTUDIANTES,11,32.5811,79.6567,False,4,CB LA MATANZA,False
MOVISTAR ESTUDIANTES,2,20.0282,93.521,False,4,CB LA MATANZA,False
MOVISTAR ESTUDIANTES,2,6.276399999999995,47.2647,True,4,CB LA MATANZA,False
MOVISTAR ESTUDIANTES,2,8.25106,43.8616,True,4,CB LA MATANZA,False
MOVISTAR ESTUDIANTES,8,30.8886,26.9724,True,4,CB LA MATANZA,False
MOVISTAR ESTUDIANTES,7,27.7856,85.8326,False,4,CB LA MATANZA,False
MOVISTAR ESTUDIANTES,12,5.07757,40.9627,True,4,CB LA MATANZA,False
MOVISTAR ESTUDIANTES,22,6.981700000000004,93.521,True,4,CB LA MATANZA,False
MOVISTAR ESTUDIANTES,25,30.183400000000006,26.0901,True,4,CB LA MATANZA,False
MOVISTAR ESTUDIANTES,25,32.5811,18.5277,False,4,CB LA MATANZA,False
MOVISTAR ESTUDIANTES,2,5.28914,51.676,True,4,CB LA MATANZA,False
MOVISTAR ESTUDIANTES,7,5.500699999999995,49.6594,True,4,CB LA MATANZA,False
MOVISTAR ESTUDIANTES,6,7.757400000000004,51.8021,True,4,CB LA MATANZA,False
MOVISTAR ESTUDIANTES,25,31.241200000000006,80.665,True,4,CB LA MATANZA,False
MOVISTAR ESTUDIANTES,6,32.6516,75.6234,False,4,CB LA MATANZA,False
MOVISTAR ESTUDIANTES,9,3.80818,48.0209,False,4,CB LA MATANZA,False
CESUR DISTRITO OLIMPICO,14,7.96897,59.8686,True,4,FUNDACION GLOBALCAJA LA RODA,True
CESUR DISTRITO OLIMPICO,41,31.170699999999997,83.5639,False,4,FUNDACION GLOBALCAJA LA RODA,True
CESUR DISTRITO OLIMPICO,12,12.5529,53.6926,True,4,FUNDACION GLOBALCAJA LA RODA,True
CESUR DISTRITO OLIMPICO,33,30.324399999999997,19.5361,False,4,FUNDACION GLOBALCAJA LA RODA,True
CESUR DISTRITO OLIMPICO,25,11.424499999999995,37.0555,True,4,FUNDACION GLOBALCAJA LA RODA,True
CESUR DISTRITO OLIMPICO,12,13.7518,54.1968,False,4,FUNDACION GLOBALCAJA LA RODA,True
CESUR DISTRITO OLIMPICO,14,10.1551,39.4502,False,4,FUNDACION GLOBALCAJA LA RODA,True
CESUR DISTRITO OLIMPICO,25,7.47532,60.6248,False,4,FUNDACION GLOBALCAJA LA RODA,True
CESUR DISTRITO OLIMPICO,25,10.1551,40.0804,True,4,FUNDACION GLOBALCAJA LA RODA,True
CESUR DISTRITO OLIMPICO,5,12.623400000000004,32.0139,False,4,FUNDACION GLOBALCAJA LA RODA,True
CESUR DISTRITO OLIMPICO,25,11.424499999999995,50.5417,False,4,FUNDACION GLOBALCAJA LA RODA,True
CESUR DISTRITO OLIMPICO,5,10.0141,61.129,False,4,FUNDACION GLOBALCAJA LA RODA,True
CESUR DISTRITO OLIMPICO,2,34.9083,22.8131,True,4,FUNDACION GLOBALCAJA LA RODA,True
CESUR DISTRITO OLIMPICO,2,12.7645,58.4821,False,4,FUNDACION GLOBALCAJA LA RODA,True
CESUR DISTRITO OLIMPICO,14,10.0846,46.2563,True,4,FUNDACION GLOBALCAJA LA RODA,True
CESUR DISTRITO OLIMPICO,5,38.5755,29.8713,False,4,FUNDACION GLOBALCAJA LA RODA,True
CESUR DISTRITO OLIMPICO,16,12.482399999999998,57.978,True,4,FUNDACION GLOBALCAJA LA RODA,True
CESUR DISTRITO OLIMPICO,33,17.701,69.0694,False,4,FUNDACION GLOBALCAJA LA RODA,True
CESUR DISTRITO OLIMPICO,14,13.187600000000003,30.6275,True,4,FUNDACION GLOBALCAJA LA RODA,True
CESUR DISTRITO OLIMPICO,10,10.5078,20.4183,False,4,FUNDACION GLOBALCAJA LA RODA,True
CESUR DISTRITO OLIMPICO,2,14.2454,40.3325,False,4,FUNDACION GLOBALCAJA LA RODA,True
CESUR DISTRITO OLIMPICO,15,8.533100000000005,55.7093,False,4,FUNDACION GLOBALCAJA LA RODA,True
CESUR DISTRITO OLIMPICO,16,30.3244,82.4296,True,4,FUNDACION GLOBALCAJA LA RODA,True
CESUR DISTRITO OLIMPICO,16,11.354,45.7522,True,4,FUNDACION GLOBALCAJA LA RODA,True
CESUR DISTRITO OLIMPICO,10,9.943600000000004,35.543,False,4,FUNDACION GLOBALCAJA LA RODA,True
CESUR DISTRITO OLIMPICO,2,10.1551,38.82,True,4,FUNDACION GLOBALCAJA LA RODA,True
CESUR DISTRITO OLIMPICO,2,12.3413,41.4669,False,4,FUNDACION GLOBALCAJA LA RODA,True
CESUR DISTRITO OLIMPICO,16,10.2962,54.5749,True,4,FUNDACION GLOBALCAJA LA RODA,True
CESUR DISTRITO OLIMPICO,33,35.049400000000006,78.2703,True,4,FUNDACION GLOBALCAJA LA RODA,True
CESUR DISTRITO OLIMPICO,14,25.246799999999993,89.3617,False,4,FUNDACION GLOBALCAJA LA RODA,True
CESUR DISTRITO OLIMPICO,2,9.59097,40.4585,True,4,FUNDACION GLOBALCAJA LA RODA,True
CESUR DISTRITO OLIMPICO,2,10.9309,53.5666,True,4,FUNDACION GLOBALCAJA LA RODA,True
CESUR DISTRITO OLIMPICO,14,15.303200000000004,34.6607,False,4,FUNDACION GLOBALCAJA LA RODA,True
CESUR DISTRITO OLIMPICO,5,10.1551,39.4502,False,4,FUNDACION GLOBALCAJA LA RODA,True
CESUR DISTRITO OLIMPICO,10,36.4598,33.0222,True,4,FUNDACION GLOBALCAJA LA RODA,True
CESUR DISTRITO OLIMPICO,16,31.9464,10.9654,True,4,FUNDACION GLOBALCAJA LA RODA,True
CESUR DISTRITO OLIMPICO,15,25.740499999999997,9.70501,False,4,FUNDACION GLOBALCAJA LA RODA,True
CESUR DISTRITO OLIMPICO,16,29.9718,87.4711,True,4,FUNDACION GLOBALCAJA LA RODA,True
CESUR DISTRITO OLIMPICO,13,9.44993,44.7439,True,4,FUNDACION GLOBALCAJA LA RODA,True
CESUR DISTRITO OLIMPICO,2,30.183400000000006,14.4945,False,4,FUNDACION GLOBALCAJA LA RODA,True
CESUR DISTRITO OLIMPICO,16,12.270799999999994,57.0957,False,4,FUNDACION GLOBALCAJA LA RODA,True
CESUR DISTRITO OLIMPICO,13,10.719300000000004,27.7286,False,4,FUNDACION GLOBALCAJA LA RODA,True
CESUR DISTRITO OLIMPICO,33,10.578299999999999,62.2633,False,4,FUNDACION GLOBALCAJA LA RODA,True
CESUR DISTRITO OLIMPICO,25,10.7898,41.4669,False,4,FUNDACION GLOBALCAJA LA RODA,True
CESUR DISTRITO OLIMPICO,33,9.308899999999994,39.8283,True,4,FUNDACION GLOBALCAJA LA RODA,True
CESUR DISTRITO OLIMPICO,25,12.976,56.8436,True,4,FUNDACION GLOBALCAJA LA RODA,True
CESUR DISTRITO OLIMPICO,5,9.732,30.1233,False,4,FUNDACION GLOBALCAJA LA RODA,True
CESUR DISTRITO OLIMPICO,14,9.661500000000004,44.7439,True,4,FUNDACION GLOBALCAJA LA RODA,True
CESUR DISTRITO OLIMPICO,15,10.437200000000004,44.2397,False,4,FUNDACION GLOBALCAJA LA RODA,True
CESUR DISTRITO OLIMPICO,25,11.565600000000003,52.4323,True,4,FUNDACION GLOBALCAJA LA RODA,True
CESUR DISTRITO OLIMPICO,14,11.142499999999998,66.1705,False,4,FUNDACION GLOBALCAJA LA RODA,True
CESUR DISTRITO OLIMPICO,10,12.3413,48.6511,False,4,FUNDACION GLOBALCAJA LA RODA,True
CESUR DISTRITO OLIMPICO,33,9.520499999999998,39.9544,True,4,FUNDACION GLOBALCAJA LA RODA,True
CESUR DISTRITO OLIMPICO,2,14.1749,54.0708,False,4,FUNDACION GLOBALCAJA LA RODA,True
CESUR DISTRITO OLIMPICO,25,12.764499999999998,45.5001,True,4,FUNDACION GLOBALCAJA LA RODA,True
CESUR DISTRITO OLIMPICO,33,9.6615,44.3658,False,4,FUNDACION GLOBALCAJA LA RODA,True
CESUR DISTRITO OLIMPICO,2,8.744699999999995,54.701,False,4,FUNDACION GLOBALCAJA LA RODA,True
CESUR DISTRITO OLIMPICO,41,36.8829,48.273,False,4,FUNDACION GLOBALCAJA LA RODA,True
CESUR DISTRITO OLIMPICO,10,15.3738,36.1732,False,4,FUNDACION GLOBALCAJA LA RODA,True
CESUR DISTRITO OLIMPICO,2,30.7475,85.2024,False,4,FUNDACION GLOBALCAJA LA RODA,True
CESUR DISTRITO OLIMPICO,25,12.976,54.0708,True,4,FUNDACION GLOBALCAJA LA RODA,True
CESUR DISTRITO OLIMPICO,5,35.6841,34.7868,True,4,FUNDACION GLOBALCAJA LA RODA,True
CESUR DISTRITO OLIMPICO,25,10.2962,55.2051,True,4,FUNDACION GLOBALCAJA LA RODA,True
CESUR DISTRITO OLIMPICO,33,39.2807,9.70501,False,4,FUNDACION GLOBALCAJA LA RODA,True
CESUR DISTRITO OLIMPICO,12,35.543,39.1982,False,4,FUNDACION GLOBALCAJA LA RODA,True
CESUR DISTRITO OLIMPICO,16,10.5078,45.5001,True,4,FUNDACION GLOBALCAJA LA RODA,True
FUNDACION GLOBALCAJA LA RODA,6,36.4598,74.237,False,4,CESUR DISTRITO OLIMPICO,False
FUNDACION GLOBALCAJA LA RODA,0,11.565600000000003,41.4669,True,4,CESUR DISTRITO OLIMPICO,False
FUNDACION GLOBALCAJA LA RODA,0,23.906899999999993,92.5127,False,4,CESUR DISTRITO OLIMPICO,False
FUNDACION GLOBALCAJA LA RODA,0,36.1072,67.4309,False,4,CESUR DISTRITO OLIMPICO,False
FUNDACION GLOBALCAJA LA RODA,3,8.74471,59.8686,True,4,CESUR DISTRITO OLIMPICO,False
FUNDACION GLOBALCAJA LA RODA,2,35.7546,19.7881,True,4,CESUR DISTRITO OLIMPICO,False
FUNDACION GLOBALCAJA LA RODA,0,11.0719,57.4738,False,4,CESUR DISTRITO OLIMPICO,False
FUNDACION GLOBALCAJA LA RODA,3,15.867400000000004,26.9724,True,4,CESUR DISTRITO OLIMPICO,False
FUNDACION GLOBALCAJA LA RODA,20,6.48801,38.694,False,4,CESUR DISTRITO OLIMPICO,False
FUNDACION GLOBALCAJA LA RODA,0,29.8307,10.3352,False,4,CESUR DISTRITO OLIMPICO,False
FUNDACION GLOBALCAJA LA RODA,9,36.3188,44.1137,True,4,CESUR DISTRITO OLIMPICO,False
FUNDACION GLOBALCAJA LA RODA,6,35.7546,73.3547,False,4,CESUR DISTRITO OLIMPICO,False
FUNDACION GLOBALCAJA LA RODA,9,30.1834,85.4545,False,4,CESUR DISTRITO OLIMPICO,False
FUNDACION GLOBALCAJA LA RODA,0,21.086,34.7868,True,4,CESUR DISTRITO OLIMPICO,False
FUNDACION GLOBALCAJA LA RODA,13,19.957700000000003,90.244,True,4,CESUR DISTRITO OLIMPICO,False
FUNDACION GLOBALCAJA LA RODA,9,10.084599999999995,38.9461,True,4,CESUR DISTRITO OLIMPICO,False
FUNDACION GLOBALCAJA LA RODA,9,12.059200000000004,44.1137,True,4,CESUR DISTRITO OLIMPICO,False
FUNDACION GLOBALCAJA LA RODA,0,15.3738,30.3754,False,4,CESUR DISTRITO OLIMPICO,False
FUNDACION GLOBALCAJA LA RODA,0,28.490799999999993,11.3435,False,4,CESUR DISTRITO OLIMPICO,False
FUNDACION GLOBALCAJA LA RODA,10,7.4048,35.0389,True,4,CESUR DISTRITO OLIMPICO,False
FUNDACION GLOBALCAJA LA RODA,13,37.5176,72.4725,False,4,CESUR DISTRITO OLIMPICO,False
FUNDACION GLOBALCAJA LA RODA,9,35.543,14.4945,False,4,CESUR DISTRITO OLIMPICO,False
FUNDACION GLOBALCAJA LA RODA,0,10.578299999999999,42.9793,True,4,CESUR DISTRITO OLIMPICO,False
FUNDACION GLOBALCAJA LA RODA,6,38.787,48.525,False,4,CESUR DISTRITO OLIMPICO,False
FUNDACION GLOBALCAJA LA RODA,10,10.7898,58.7342,True,4,CESUR DISTRITO OLIMPICO,False
FUNDACION GLOBALCAJA LA RODA,9,34.2031,81.4212,False,4,CESUR DISTRITO OLIMPICO,False
FUNDACION GLOBALCAJA LA RODA,10,22.708,91.3783,False,4,CESUR DISTRITO OLIMPICO,False
FUNDACION GLOBALCAJA LA RODA,9,8.60367,59.3644,False,4,CESUR DISTRITO OLIMPICO,False
FUNDACION GLOBALCAJA LA RODA,13,10.7898,58.4821,True,4,CESUR DISTRITO OLIMPICO,False
FUNDACION GLOBALCAJA LA RODA,9,10.578299999999999,66.0445,False,4,CESUR DISTRITO OLIMPICO,False
FUNDACION GLOBALCAJA LA RODA,6,40.0564,60.4988,True,4,CESUR DISTRITO OLIMPICO,False
FUNDACION GLOBALCAJA LA RODA,20,7.19323,58.2301,False,4,CESUR DISTRITO OLIMPICO,False
FUNDACION GLOBALCAJA LA RODA,9,11.001400000000004,41.2148,False,4,CESUR DISTRITO OLIMPICO,False
FUNDACION GLOBALCAJA LA RODA,13,19.7461,47.8948,True,4,CESUR DISTRITO OLIMPICO,False
FUNDACION GLOBALCAJA LA RODA,25,8.67419,65.5403,False,4,CESUR DISTRITO OLIMPICO,False
FUNDACION GLOBALCAJA LA RODA,6,7.82793,72.4725,True,4,CESUR DISTRITO OLIMPICO,False
FUNDACION GLOBALCAJA LA RODA,9,10.296199999999999,41.4669,True,4,CESUR DISTRITO OLIMPICO,False
FUNDACION GLOBALCAJA LA RODA,25,9.80254,58.2301,True,4,CESUR DISTRITO OLIMPICO,False
FUNDACION GLOBALCAJA LA RODA,0,17.277900000000002,45.122,True,4,CESUR DISTRITO OLIMPICO,False
FUNDACION GLOBALCAJA LA RODA,0,11.777100000000004,36.5513,False,4,CESUR DISTRITO OLIMPICO,False
FUNDACION GLOBALCAJA LA RODA,2,11.0719,58.7342,True,4,CESUR DISTRITO OLIMPICO,False
FUNDACION GLOBALCAJA LA RODA,3,27.785600000000002,12.0998,False,4,CESUR DISTRITO OLIMPICO,False
FUNDACION GLOBALCAJA LA RODA,0,35.543000000000006,21.3006,False,4,CESUR DISTRITO OLIMPICO,False
FUNDACION GLOBALCAJA LA RODA,2,8.039500000000004,39.0721,False,4,CESUR DISTRITO OLIMPICO,False
FUNDACION GLOBALCAJA LA RODA,10,17.701,38.1898,False,4,CESUR DISTRITO OLIMPICO,False
FUNDACION GLOBALCAJA LA RODA,2,10.5078,59.2384,False,4,CESUR DISTRITO OLIMPICO,False
FUNDACION GLOBALCAJA LA RODA,2,9.590999999999994,93.1429,False,4,CESUR DISTRITO OLIMPICO,False
FUNDACION GLOBALCAJA LA RODA,9,22.0028,45.6261,False,4,CESUR DISTRITO OLIMPICO,False
FUNDACION GLOBALCAJA LA RODA,10,10.648799999999994,40.3325,True,4,CESUR DISTRITO OLIMPICO,False
FUNDACION GLOBALCAJA LA RODA,2,30.3949,8.82274,False,4,CESUR DISTRITO OLIMPICO,False
FUNDACION GLOBALCAJA LA RODA,6,30.9591,89.8659,False,4,CESUR DISTRITO OLIMPICO,False
FUNDACION GLOBALCAJA LA RODA,13,33.427400000000006,15.2507,False,4,CESUR DISTRITO OLIMPICO,False
FUNDACION GLOBALCAJA LA RODA,0,12.975999999999999,41.2148,True,4,CESUR DISTRITO OLIMPICO,False
FUNDACION GLOBALCAJA LA RODA,9,36.9535,49.0292,False,4,CESUR DISTRITO OLIMPICO,False
FUNDACION GLOBALCAJA LA RODA,25,11.6361,57.978,True,4,CESUR DISTRITO OLIMPICO,False
FUNDACION GLOBALCAJA LA RODA,0,9.238399999999999,41.845,True,4,CESUR DISTRITO OLIMPICO,False
FUNDACION GLOBALCAJA LA RODA,10,30.6065,82.8077,False,4,CESUR DISTRITO OLIMPICO,False
FUNDACION GLOBALCAJA LA RODA,6,38.3639,43.4835,False,4,CESUR DISTRITO OLIMPICO,False
FUNDACION GLOBALCAJA LA RODA,25,10.8604,60.4988,True,4,CESUR DISTRITO OLIMPICO,False
FUNDACION GLOBALCAJA LA RODA,0,8.11001,55.3312,True,4,CESUR DISTRITO OLIMPICO,False
FUNDACION GLOBALCAJA LA RODA,9,25.0353,91.7564,False,4,CESUR DISTRITO OLIMPICO,False
FUNDACION GLOBALCAJA LA RODA,0,10.3667,34.6607,False,4,CESUR DISTRITO OLIMPICO,False
FUNDACION GLOBALCAJA LA RODA,13,24.400599999999997,88.9836,False,4,CESUR DISTRITO OLIMPICO,False
FUNDACION GLOBALCAJA LA RODA,20,35.6135,13.8643,False,4,CESUR DISTRITO OLIMPICO,False
FUNDACION GLOBALCAJA LA RODA,20,28.7729,8.57066,True,4,CESUR DISTRITO OLIMPICO,False
FUNDACION GLOBALCAJA LA RODA,0,18.8999,27.8546,True,4,CESUR DISTRITO OLIMPICO,False
FUNDACION GLOBALCAJA LA RODA,0,8.956299999999999,42.2231,True,4,CESUR DISTRITO OLIMPICO,False
FUNDACION GLOBALCAJA LA RODA,2,22.778599999999997,8.0665,False,4,CESUR DISTRITO OLIMPICO,False
FUNDACION GLOBALCAJA LA RODA,13,7.686899999999994,91.7564,True,4,CESUR DISTRITO OLIMPICO,False
FUNDACION GLOBALCAJA LA RODA,3,31.5938,16.259,False,4,CESUR DISTRITO OLIMPICO,False
FUNDACION GLOBALCAJA LA RODA,20,10.1551,59.7425,True,4,CESUR DISTRITO OLIMPICO,False
FUNDACION GLOBALCAJA LA RODA,0,11.0719,57.4738,False,4,CESUR DISTRITO OLIMPICO,False
FUNDACION GLOBALCAJA LA RODA,9,33.78,14.8726,True,4,CESUR DISTRITO OLIMPICO,False
FUNDACION GLOBALCAJA LA RODA,20,33.145300000000006,81.4212,False,4,CESUR DISTRITO OLIMPICO,False
FUNDACION GLOBALCAJA LA RODA,0,10.0846,74.237,True,4,CESUR DISTRITO OLIMPICO,False
TOSCONES CORRALEJO,9,24.8942,42.0971,False,4,C.D. BASKET GLOBALCAJA QUINTANAR,True
TOSCONES CORRALEJO,34,22.2144,30.7535,False,4,C.D. BASKET GLOBALCAJA QUINTANAR,True
TOSCONES CORRALEJO,8,7.89845,94.4033,False,4,C.D. BASKET GLOBALCAJA QUINTANAR,True
TOSCONES CORRALEJO,30,32.2285,15.5028,False,4,C.D. BASKET GLOBALCAJA QUINTANAR,True
TOSCONES CORRALEJO,34,30.747500000000002,58.6082,False,4,C.D. BASKET GLOBALCAJA QUINTANAR,True
TOSCONES CORRALEJO,11,34.1326,51.9281,False,4,C.D. BASKET GLOBALCAJA QUINTANAR,True
TOSCONES CORRALEJO,9,10.7898,41.7189,False,4,C.D. BASKET GLOBALCAJA QUINTANAR,True
TOSCONES CORRALEJO,9,9.6615,39.3242,False,4,C.D. BASKET GLOBALCAJA QUINTANAR,True
TOSCONES CORRALEJO,15,11.4951,61.6331,True,4,C.D. BASKET GLOBALCAJA QUINTANAR,True
TOSCONES CORRALEJO,30,22.566999999999993,90.6221,False,4,C.D. BASKET GLOBALCAJA QUINTANAR,True
TOSCONES CORRALEJO,6,11.7772,3.52909,False,4,C.D. BASKET GLOBALCAJA QUINTANAR,True
TOSCONES CORRALEJO,8,13.8928,48.525,False,4,C.D. BASKET GLOBALCAJA QUINTANAR,True
TOSCONES CORRALEJO,17,16.7842,79.1525,False,4,C.D. BASKET GLOBALCAJA QUINTANAR,True
TOSCONES CORRALEJO,9,28.0677,84.9503,True,4,C.D. BASKET GLOBALCAJA QUINTANAR,True
TOSCONES CORRALEJO,30,35.402,53.0624,False,4,C.D. BASKET GLOBALCAJA QUINTANAR,True
TOSCONES CORRALEJO,17,36.6008,64.532,False,4,C.D. BASKET GLOBALCAJA QUINTANAR,True
TOSCONES CORRALEJO,9,23.836399999999998,45.6261,False,4,C.D. BASKET GLOBALCAJA QUINTANAR,True
TOSCONES CORRALEJO,30,30.606499999999997,15.1247,False,4,C.D. BASKET GLOBALCAJA QUINTANAR,True
TOSCONES CORRALEJO,9,6.27645,96.1678,False,4,C.D. BASKET GLOBALCAJA QUINTANAR,True
TOSCONES CORRALEJO,30,20.098699999999994,32.8962,True,4,C.D. BASKET GLOBALCAJA QUINTANAR,True
TOSCONES CORRALEJO,17,22.708,48.0209,False,4,C.D. BASKET GLOBALCAJA QUINTANAR,True
TOSCONES CORRALEJO,30,14.0338,43.8616,True,4,C.D. BASKET GLOBALCAJA QUINTANAR,True
TOSCONES CORRALEJO,15,31.734800000000007,81.5473,False,4,C.D. BASKET GLOBALCAJA QUINTANAR,True
TOSCONES CORRALEJO,15,18.7588,58.6082,True,4,C.D. BASKET GLOBALCAJA QUINTANAR,True
TOSCONES CORRALEJO,8,9.097300000000004,40.5846,False,4,C.D. BASKET GLOBALCAJA QUINTANAR,True
TOSCONES CORRALEJO,34,27.9267,85.8326,False,4,C.D. BASKET GLOBALCAJA QUINTANAR,True
TOSCONES CORRALEJO,11,9.59097,60.3727,False,4,C.D. BASKET GLOBALCAJA QUINTANAR,True
TOSCONES CORRALEJO,7,16.079,50.6677,False,4,C.D. BASKET GLOBALCAJA QUINTANAR,True
TOSCONES CORRALEJO,17,10.3667,60.8769,True,4,C.D. BASKET GLOBALCAJA QUINTANAR,True
TOSCONES CORRALEJO,7,22.214399999999998,52.4323,False,4,C.D. BASKET GLOBALCAJA QUINTANAR,True
TOSCONES CORRALEJO,34,32.9337,26.3422,False,4,C.D. BASKET GLOBALCAJA QUINTANAR,True
TOSCONES CORRALEJO,8,12.341300000000004,59.3644,True,4,C.D. BASKET GLOBALCAJA QUINTANAR,True
TOSCONES CORRALEJO,34,12.270799999999994,46.5084,False,4,C.D. BASKET GLOBALCAJA QUINTANAR,True
TOSCONES CORRALEJO,34,25.1763,37.0555,True,4,C.D. BASKET GLOBALCAJA QUINTANAR,True
TOSCONES CORRALEJO,34,32.299,30.7535,False,4,C.D. BASKET GLOBALCAJA QUINTANAR,True
TOSCONES CORRALEJO,30,8.744699999999995,41.0887,False,4,C.D. BASKET GLOBALCAJA QUINTANAR,True
TOSCONES CORRALEJO,34,12.200299999999999,47.6428,False,4,C.D. BASKET GLOBALCAJA QUINTANAR,True
TOSCONES CORRALEJO,11,8.18054,3.40306,False,4,C.D. BASKET GLOBALCAJA QUINTANAR,True
TOSCONES CORRALEJO,9,9.520499999999998,59.2384,True,4,C.D. BASKET GLOBALCAJA QUINTANAR,True
TOSCONES CORRALEJO,30,8.321600000000004,59.8686,True,4,C.D. BASKET GLOBALCAJA QUINTANAR,True
TOSCONES CORRALEJO,17,32.9337,22.1829,False,4,C.D. BASKET GLOBALCAJA QUINTANAR,True
TOSCONES CORRALEJO,11,10.578299999999999,42.4752,True,4,C.D. BASKET GLOBALCAJA QUINTANAR,True
TOSCONES CORRALEJO,34,34.1326,35.0389,False,4,C.D. BASKET GLOBALCAJA QUINTANAR,True
TOSCONES CORRALEJO,30,21.297600000000003,31.7618,True,4,C.D. BASKET GLOBALCAJA QUINTANAR,True
TOSCONES CORRALEJO,34,22.919600000000003,9.83105,True,4,C.D. BASKET GLOBALCAJA QUINTANAR,True
TOSCONES CORRALEJO,15,21.6502,94.0252,False,4,C.D. BASKET GLOBALCAJA QUINTANAR,True
TOSCONES CORRALEJO,34,11.1425,43.3574,True,4,C.D. BASKET GLOBALCAJA QUINTANAR,True
TOSCONES CORRALEJO,9,17.2073,37.6857,False,4,C.D. BASKET GLOBALCAJA QUINTANAR,True
TOSCONES CORRALEJO,34,37.3061,53.0624,False,4,C.D. BASKET GLOBALCAJA QUINTANAR,True
TOSCONES CORRALEJO,34,11.9887,43.4835,False,4,C.D. BASKET GLOBALCAJA QUINTANAR,True
TOSCONES CORRALEJO,34,31.523300000000006,26.7203,True,4,C.D. BASKET GLOBALCAJA QUINTANAR,True
TOSCONES CORRALEJO,7,12.623400000000004,72.4725,False,4,C.D. BASKET GLOBALCAJA QUINTANAR,True
TOSCONES CORRALEJO,17,22.9196,68.4392,False,4,C.D. BASKET GLOBALCAJA QUINTANAR,True
TOSCONES CORRALEJO,11,8.3921,41.5929,True,4,C.D. BASKET GLOBALCAJA QUINTANAR,True
TOSCONES CORRALEJO,9,11.918199999999999,64.7841,False,4,C.D. BASKET GLOBALCAJA QUINTANAR,True
TOSCONES CORRALEJO,8,23.9069,50.1636,False,4,C.D. BASKET GLOBALCAJA QUINTANAR,True
TOSCONES CORRALEJO,34,7.616399999999999,60.7508,True,4,C.D. BASKET GLOBALCAJA QUINTANAR,True
TOSCONES CORRALEJO,15,10.719300000000004,57.3478,False,4,C.D. BASKET GLOBALCAJA QUINTANAR,True
TOSCONES CORRALEJO,8,9.238399999999999,42.4752,True,4,C.D. BASKET GLOBALCAJA QUINTANAR,True
TOSCONES CORRALEJO,9,16.22,60.6248,False,4,C.D. BASKET GLOBALCAJA QUINTANAR,True
TOSCONES CORRALEJO,8,33.1453,49.1552,False,4,C.D. BASKET GLOBALCAJA QUINTANAR,True
TOSCONES CORRALEJO,7,12.482399999999998,62.1373,False,4,C.D. BASKET GLOBALCAJA QUINTANAR,True
TOSCONES CORRALEJO,6,20.2398,43.8616,False,4,C.D. BASKET GLOBALCAJA QUINTANAR,True
C.D. BASKET GLOBALCAJA QUINTANAR,6,8.25106,62.2633,False,4,TOSCONES CORRALEJO,False
C.D. BASKET GLOBALCAJA QUINTANAR,2,30.042299999999997,28.1067,False,4,TOSCONES CORRALEJO,False
C.D. BASKET GLOBALCAJA QUINTANAR,8,31.0296,77.514,False,4,TOSCONES CORRALEJO,False
C.D. BASKET GLOBALCAJA QUINTANAR,21,26.868799999999993,84.9503,False,4,TOSCONES CORRALEJO,False
C.D. BASKET GLOBALCAJA QUINTANAR,6,29.830699999999993,23.0652,True,4,TOSCONES CORRALEJO,False
C.D. BASKET GLOBALCAJA QUINTANAR,2,21.3681,69.0694,False,4,TOSCONES CORRALEJO,False
C.D. BASKET GLOBALCAJA QUINTANAR,2,11.9887,39.3242,False,4,TOSCONES CORRALEJO,False
C.D. BASKET GLOBALCAJA QUINTANAR,50,8.32158,3.90721,False,4,TOSCONES CORRALEJO,False
C.D. BASKET GLOBALCAJA QUINTANAR,8,29.055,16.259,False,4,TOSCONES CORRALEJO,False
C.D. BASKET GLOBALCAJA QUINTANAR,21,23.2722,51.2979,True,4,TOSCONES CORRALEJO,False
C.D. BASKET GLOBALCAJA QUINTANAR,1,11.9887,41.5929,False,4,TOSCONES CORRALEJO,False
C.D. BASKET GLOBALCAJA QUINTANAR,14,29.055000000000007,18.7798,False,4,TOSCONES CORRALEJO,False
C.D. BASKET GLOBALCAJA QUINTANAR,2,9.026799999999994,5.41968,True,4,TOSCONES CORRALEJO,False
C.D. BASKET GLOBALCAJA QUINTANAR,6,5.430199999999999,38.82,True,4,TOSCONES CORRALEJO,False
C.D. BASKET GLOBALCAJA QUINTANAR,14,20.1693,37.5596,False,4,TOSCONES CORRALEJO,False
C.D. BASKET GLOBALCAJA QUINTANAR,21,8.03949,40.2065,False,4,TOSCONES CORRALEJO,False
C.D. BASKET GLOBALCAJA QUINTANAR,50,7.96897,4.91552,False,4,TOSCONES CORRALEJO,False
C.D. BASKET GLOBALCAJA QUINTANAR,6,10.6488,58.8602,True,4,TOSCONES CORRALEJO,False
C.D. BASKET GLOBALCAJA QUINTANAR,2,9.87306,56.5915,False,4,TOSCONES CORRALEJO,False
C.D. BASKET GLOBALCAJA QUINTANAR,2,11.4951,38.3159,True,4,TOSCONES CORRALEJO,False
C.D. BASKET GLOBALCAJA QUINTANAR,50,9.73202,58.9863,True,4,TOSCONES CORRALEJO,False
C.D. BASKET GLOBALCAJA QUINTANAR,6,12.6939,44.4918,False,4,TOSCONES CORRALEJO,False
C.D. BASKET GLOBALCAJA QUINTANAR,21,8.815200000000004,94.9074,True,4,TOSCONES CORRALEJO,False
C.D. BASKET GLOBALCAJA QUINTANAR,14,7.052199999999999,40.8367,True,4,TOSCONES CORRALEJO,False
C.D. BASKET GLOBALCAJA QUINTANAR,1,6.20592,93.521,True,4,TOSCONES CORRALEJO,False
C.D. BASKET GLOBALCAJA QUINTANAR,2,10.3667,40.2065,False,4,TOSCONES CORRALEJO,False
C.D. BASKET GLOBALCAJA QUINTANAR,8,29.337100000000007,71.8423,True,4,TOSCONES CORRALEJO,False
C.D. BASKET GLOBALCAJA QUINTANAR,21,30.7475,80.791,False,4,TOSCONES CORRALEJO,False
C.D. BASKET GLOBALCAJA QUINTANAR,1,10.3667,63.7758,False,4,TOSCONES CORRALEJO,False
C.D. BASKET GLOBALCAJA QUINTANAR,1,10.0141,47.1386,False,4,TOSCONES CORRALEJO,False
C.D. BASKET GLOBALCAJA QUINTANAR,2,33.2863,71.2121,False,4,TOSCONES CORRALEJO,False
C.D. BASKET GLOBALCAJA QUINTANAR,2,20.592399999999998,25.4599,False,4,TOSCONES CORRALEJO,False
C.D. BASKET GLOBALCAJA QUINTANAR,50,10.1551,41.0887,True,4,TOSCONES CORRALEJO,False
C.D. BASKET GLOBALCAJA QUINTANAR,21,26.586699999999993,83.942,True,4,TOSCONES CORRALEJO,False
C.D. BASKET GLOBALCAJA QUINTANAR,1,34.1326,39.3242,False,4,TOSCONES CORRALEJO,False
C.D. BASKET GLOBALCAJA QUINTANAR,6,5.1480999999999995,43.1054,False,4,TOSCONES CORRALEJO,False
C.D. BASKET GLOBALCAJA QUINTANAR,2,10.437200000000004,41.5929,True,4,TOSCONES CORRALEJO,False
C.D. BASKET GLOBALCAJA QUINTANAR,21,34.203100000000006,36.4253,False,4,TOSCONES CORRALEJO,False
C.D. BASKET GLOBALCAJA QUINTANAR,6,16.008499999999998,50.4156,False,4,TOSCONES CORRALEJO,False
C.D. BASKET GLOBALCAJA QUINTANAR,2,8.25106,39.7023,False,4,TOSCONES CORRALEJO,False
C.D. BASKET GLOBALCAJA QUINTANAR,2,12.200299999999999,37.3076,False,4,TOSCONES CORRALEJO,False
C.D. BASKET GLOBALCAJA QUINTANAR,8,12.0592,43.2314,True,4,TOSCONES CORRALEJO,False
C.D. BASKET GLOBALCAJA QUINTANAR,2,8.251099999999994,61.6331,False,4,TOSCONES CORRALEJO,False
C.D. BASKET GLOBALCAJA QUINTANAR,21,7.757400000000004,61.381,False,4,TOSCONES CORRALEJO,False
C.D. BASKET GLOBALCAJA QUINTANAR,50,7.68688,93.521,False,4,TOSCONES CORRALEJO,False
C.D. BASKET GLOBALCAJA QUINTANAR,2,6.911100000000005,41.7189,True,4,TOSCONES CORRALEJO,False
C.D. BASKET GLOBALCAJA QUINTANAR,1,33.2863,27.3505,False,4,TOSCONES CORRALEJO,False
C.D. BASKET GLOBALCAJA QUINTANAR,8,32.792699999999996,45.7522,False,4,TOSCONES CORRALEJO,False
C.D. BASKET GLOBALCAJA QUINTANAR,1,6.911100000000005,41.7189,False,4,TOSCONES CORRALEJO,False
C.D. BASKET GLOBALCAJA QUINTANAR,8,8.3921,77.262,True,4,TOSCONES CORRALEJO,False
C.D. BASKET GLOBALCAJA QUINTANAR,8,34.9083,32.14,False,4,TOSCONES CORRALEJO,False
C.D. BASKET GLOBALCAJA QUINTANAR,2,8.32158,41.3408,True,4,TOSCONES CORRALEJO,False
C.D. BASKET GLOBALCAJA QUINTANAR,8,35.543,46.8865,True,4,TOSCONES CORRALEJO,False
C.D. BASKET GLOBALCAJA QUINTANAR,2,10.578299999999999,41.7189,False,4,TOSCONES CORRALEJO,False
C.D. BASKET GLOBALCAJA QUINTANAR,12,3.94922,93.521,False,4,TOSCONES CORRALEJO,False
C.D. BASKET GLOBALCAJA QUINTANAR,2,5.99436,91.7564,False,4,TOSCONES CORRALEJO,False
C.D. BASKET GLOBALCAJA QUINTANAR,2,9.0268,60.2467,True,4,TOSCONES CORRALEJO,False
C.D. BASKET GLOBALCAJA QUINTANAR,2,9.52045,41.3408,True,4,TOSCONES CORRALEJO,False
C.D. BASKET GLOBALCAJA QUINTANAR,21,25.951999999999998,12.982,False,4,TOSCONES CORRALEJO,False
C.D. BASKET GLOBALCAJA QUINTANAR,8,26.4457,12.3518,False,4,TOSCONES CORRALEJO,False
C.D. BASKET GLOBALCAJA QUINTANAR,8,30.959100000000007,27.0984,True,4,TOSCONES CORRALEJO,False
C.D. BASKET GLOBALCAJA QUINTANAR,8,34.4852,49.1552,True,4,TOSCONES CORRALEJO,False
C.D. BASKET GLOBALCAJA QUINTANAR,21,8.03949,95.0335,False,4,TOSCONES CORRALEJO,False
C.D. BASKET GLOBALCAJA QUINTANAR,6,9.4499,60.8769,False,4,TOSCONES CORRALEJO,False
GRUPO INTERBUS ALCOBENDAS,24,12.976,77.8921,False,4,TOBARRA CB,True
GRUPO INTERBUS ALCOBENDAS,24,9.59097,52.5583,False,4,TOBARRA CB,True
GRUPO INTERBUS ALCOBENDAS,41,11.565600000000003,47.1386,True,4,TOBARRA CB,True
GRUPO INTERBUS ALCOBENDAS,4,36.6008,26.8463,True,4,TOBARRA CB,True
GRUPO INTERBUS ALCOBENDAS,24,30.6065,21.8048,False,4,TOBARRA CB,True
GRUPO INTERBUS ALCOBENDAS,17,30.324399999999997,86.967,False,4,TOBARRA CB,True
GRUPO INTERBUS ALCOBENDAS,17,23.977400000000003,82.1775,False,4,TOBARRA CB,True
GRUPO INTERBUS ALCOBENDAS,77,27.5035,87.8492,False,4,TOBARRA CB,True
GRUPO INTERBUS ALCOBENDAS,77,25.881500000000003,86.3368,True,4,TOBARRA CB,True
GRUPO INTERBUS ALCOBENDAS,4,12.059200000000004,31.0056,True,4,TOBARRA CB,True
GRUPO INTERBUS ALCOBENDAS,17,10.3667,43.1054,False,4,TOBARRA CB,True
GRUPO INTERBUS ALCOBENDAS,16,10.578299999999999,44.7439,True,4,TOBARRA CB,True
GRUPO INTERBUS ALCOBENDAS,33,13.751800000000003,22.1829,False,4,TOBARRA CB,True
GRUPO INTERBUS ALCOBENDAS,5,27.785600000000002,86.4628,False,4,TOBARRA CB,True
GRUPO INTERBUS ALCOBENDAS,5,30.747500000000002,17.0153,False,4,TOBARRA CB,True
GRUPO INTERBUS ALCOBENDAS,4,31.6643,28.7369,False,4,TOBARRA CB,True
GRUPO INTERBUS ALCOBENDAS,24,17.3484,69.6996,False,4,TOBARRA CB,True
GRUPO INTERBUS ALCOBENDAS,17,15.444299999999998,74.111,False,4,TOBARRA CB,True
GRUPO INTERBUS ALCOBENDAS,14,30.3949,78.9005,False,4,TOBARRA CB,True
GRUPO INTERBUS ALCOBENDAS,17,33.2158,32.0139,False,4,TOBARRA CB,True
GRUPO INTERBUS ALCOBENDAS,5,13.751800000000003,22.1829,False,4,TOBARRA CB,True
GRUPO INTERBUS ALCOBENDAS,14,31.946399999999997,24.7037,False,4,TOBARRA CB,True
GRUPO INTERBUS ALCOBENDAS,33,27.926699999999997,16.7632,False,4,TOBARRA CB,True
GRUPO INTERBUS ALCOBENDAS,25,29.6897,21.1746,False,4,TOBARRA CB,True
GRUPO INTERBUS ALCOBENDAS,17,16.290599999999998,26.4682,False,4,TOBARRA CB,True
GRUPO INTERBUS ALCOBENDAS,24,8.88575,54.827,True,4,TOBARRA CB,True
GRUPO INTERBUS ALCOBENDAS,17,16.4316,55.9613,True,4,TOBARRA CB,True
GRUPO INTERBUS ALCOBENDAS,17,29.830699999999993,84.9503,False,4,TOBARRA CB,True
GRUPO INTERBUS ALCOBENDAS,33,9.37941,47.5167,True,4,TOBARRA CB,True
GRUPO INTERBUS ALCOBENDAS,25,27.8561,80.9171,False,4,TOBARRA CB,True
GRUPO INTERBUS ALCOBENDAS,15,13.1876,78.6484,True,4,TOBARRA CB,True
GRUPO INTERBUS ALCOBENDAS,41,10.8604,57.978,False,4,TOBARRA CB,True
GRUPO INTERBUS ALCOBENDAS,24,7.334299999999999,72.3464,False,4,TOBARRA CB,True
GRUPO INTERBUS ALCOBENDAS,41,7.89845,54.0708,False,4,TOBARRA CB,True
GRUPO INTERBUS ALCOBENDAS,14,29.901300000000006,12.3518,False,4,TOBARRA CB,True
GRUPO INTERBUS ALCOBENDAS,5,18.2652,50.7937,True,4,TOBARRA CB,True
GRUPO INTERBUS ALCOBENDAS,25,31.1707,18.0236,False,4,TOBARRA CB,True
GRUPO INTERBUS ALCOBENDAS,5,5.782799999999995,24.9557,False,4,TOBARRA CB,True
GRUPO INTERBUS ALCOBENDAS,41,17.701,27.9807,True,4,TOBARRA CB,True
GRUPO INTERBUS ALCOBENDAS,41,11.0719,46.7605,True,4,TOBARRA CB,True
GRUPO INTERBUS ALCOBENDAS,33,17.4189,95.6637,False,4,TOBARRA CB,True
GRUPO INTERBUS ALCOBENDAS,41,13.5402,46.0043,True,4,TOBARRA CB,True
GRUPO INTERBUS ALCOBENDAS,41,8.815200000000004,49.1552,True,4,TOBARRA CB,True
GRUPO INTERBUS ALCOBENDAS,17,31.3822,83.816,False,4,TOBARRA CB,True
GRUPO INTERBUS ALCOBENDAS,77,8.74471,59.9946,True,4,TOBARRA CB,True
GRUPO INTERBUS ALCOBENDAS,17,13.1876,46.3824,True,4,TOBARRA CB,True
GRUPO INTERBUS ALCOBENDAS,4,29.9718,16.8892,False,4,TOBARRA CB,True
GRUPO INTERBUS ALCOBENDAS,25,30.465400000000002,16.007,False,4,TOBARRA CB,True
GRUPO INTERBUS ALCOBENDAS,4,38.7165,63.6497,True,4,TOBARRA CB,True
GRUPO INTERBUS ALCOBENDAS,14,28.6319,83.942,False,4,TOBARRA CB,True
GRUPO INTERBUS ALCOBENDAS,14,33.921,16.5111,False,4,TOBARRA CB,True
GRUPO INTERBUS ALCOBENDAS,14,33.63890000000001,19.9142,False,4,TOBARRA CB,True
GRUPO INTERBUS ALCOBENDAS,5,32.158,70.0777,True,4,TOBARRA CB,True
GRUPO INTERBUS ALCOBENDAS,41,9.30889,72.0944,False,4,TOBARRA CB,True
GRUPO INTERBUS ALCOBENDAS,41,9.873099999999994,37.6857,True,4,TOBARRA CB,True
GRUPO INTERBUS ALCOBENDAS,4,30.1128,21.3006,False,4,TOBARRA CB,True
GRUPO INTERBUS ALCOBENDAS,5,27.856099999999998,10.9654,True,4,TOBARRA CB,True
GRUPO INTERBUS ALCOBENDAS,16,13.046499999999995,79.5307,False,4,TOBARRA CB,True
GRUPO INTERBUS ALCOBENDAS,4,30.747500000000002,82.1775,True,4,TOBARRA CB,True
GRUPO INTERBUS ALCOBENDAS,4,30.183400000000006,11.5956,True,4,TOBARRA CB,True
GRUPO INTERBUS ALCOBENDAS,33,13.046499999999995,45.8782,True,4,TOBARRA CB,True
GRUPO INTERBUS ALCOBENDAS,17,15.021199999999993,26.8463,False,4,TOBARRA CB,True
TOBARRA CB,26,26.9394,87.219,False,4,GRUPO INTERBUS ALCOBENDAS,False
TOBARRA CB,7,33.8505,56.0874,True,4,GRUPO INTERBUS ALCOBENDAS,False
TOBARRA CB,91,30.888599999999997,75.8755,False,4,GRUPO INTERBUS ALCOBENDAS,False
TOBARRA CB,26,28.2087,87.5972,False,4,GRUPO INTERBUS ALCOBENDAS,False
TOBARRA CB,10,32.4401,80.1609,False,4,GRUPO INTERBUS ALCOBENDAS,False
TOBARRA CB,7,29.548699999999997,76.8838,True,4,GRUPO INTERBUS ALCOBENDAS,False
TOBARRA CB,31,14.7391,72.8506,True,4,GRUPO INTERBUS ALCOBENDAS,False
TOBARRA CB,91,16.22,73.8589,False,4,GRUPO INTERBUS ALCOBENDAS,False
TOBARRA CB,26,32.0169,24.3255,False,4,GRUPO INTERBUS ALCOBENDAS,False
TOBARRA CB,31,14.3159,74.7412,False,4,GRUPO INTERBUS ALCOBENDAS,False
TOBARRA CB,7,33.2158,19.9142,False,4,GRUPO INTERBUS ALCOBENDAS,False
TOBARRA CB,7,33.921,24.8297,False,4,GRUPO INTERBUS ALCOBENDAS,False
TOBARRA CB,10,30.747500000000002,85.2024,False,4,GRUPO INTERBUS ALCOBENDAS,False
TOBARRA CB,7,31.4528,84.1941,True,4,GRUPO INTERBUS ALCOBENDAS,False
TOBARRA CB,91,34.696799999999996,25.4599,False,4,GRUPO INTERBUS ALCOBENDAS,False
TOBARRA CB,10,32.0874,20.6704,False,4,GRUPO INTERBUS ALCOBENDAS,False
TOBARRA CB,31,10.648799999999994,57.4738,True,4,GRUPO INTERBUS ALCOBENDAS,False
TOBARRA CB,0,35.8956,30.3754,False,4,GRUPO INTERBUS ALCOBENDAS,False
TOBARRA CB,91,26.3752,12.0998,False,4,GRUPO INTERBUS ALCOBENDAS,False
TOBARRA CB,91,5.077600000000004,60.6248,True,4,GRUPO INTERBUS ALCOBENDAS,False
TOBARRA CB,0,19.111400000000003,66.4226,False,4,GRUPO INTERBUS ALCOBENDAS,False
TOBARRA CB,0,35.825100000000006,69.8256,False,4,GRUPO INTERBUS ALCOBENDAS,False
TOBARRA CB,31,12.2003,56.7176,True,4,GRUPO INTERBUS ALCOBENDAS,False
TOBARRA CB,91,10.578299999999999,56.3395,False,4,GRUPO INTERBUS ALCOBENDAS,False
TOBARRA CB,91,10.5783,46.1303,True,4,GRUPO INTERBUS ALCOBENDAS,False
TOBARRA CB,26,28.914,87.9753,True,4,GRUPO INTERBUS ALCOBENDAS,False
TOBARRA CB,7,35.4725,75.7495,False,4,GRUPO INTERBUS ALCOBENDAS,False
TOBARRA CB,21,14.598,30.1233,False,4,GRUPO INTERBUS ALCOBENDAS,False
TOBARRA CB,91,10.507800000000003,61.255,True,4,GRUPO INTERBUS ALCOBENDAS,False
TOBARRA CB,7,33.0748,78.3963,False,4,GRUPO INTERBUS ALCOBENDAS,False
TOBARRA CB,22,13.5402,69.5736,False,4,GRUPO INTERBUS ALCOBENDAS,False
TOBARRA CB,91,36.3893,64.2799,False,4,GRUPO INTERBUS ALCOBENDAS,False
TOBARRA CB,7,32.5106,81.1692,False,4,GRUPO INTERBUS ALCOBENDAS,False
TOBARRA CB,91,6.840599999999995,38.82,False,4,GRUPO INTERBUS ALCOBENDAS,False
TOBARRA CB,31,11.7772,49.1552,True,4,GRUPO INTERBUS ALCOBENDAS,False
TOBARRA CB,0,12.764499999999998,52.3062,True,4,GRUPO INTERBUS ALCOBENDAS,False
TOBARRA CB,0,18.7588,23.9474,True,4,GRUPO INTERBUS ALCOBENDAS,False
TOBARRA CB,7,32.299,23.6953,True,4,GRUPO INTERBUS ALCOBENDAS,False
TOBARRA CB,22,13.046499999999995,59.1123,True,4,GRUPO INTERBUS ALCOBENDAS,False
TOBARRA CB,31,10.719300000000004,49.1552,True,4,GRUPO INTERBUS ALCOBENDAS,False
TOBARRA CB,7,33.78,25.712,False,4,GRUPO INTERBUS ALCOBENDAS,False
TOBARRA CB,31,14.7391,73.7329,False,4,GRUPO INTERBUS ALCOBENDAS,False
TOBARRA CB,7,34.8378,35.543,True,4,GRUPO INTERBUS ALCOBENDAS,False
TOBARRA CB,91,30.536,20.9225,False,4,GRUPO INTERBUS ALCOBENDAS,False
TOBARRA CB,91,12.552899999999994,25.964,True,4,GRUPO INTERBUS ALCOBENDAS,False
TOBARRA CB,10,25.5289,87.4711,True,4,GRUPO INTERBUS ALCOBENDAS,False
TOBARRA CB,0,33.4979,23.1912,True,4,GRUPO INTERBUS ALCOBENDAS,False
TOBARRA CB,10,8.67419,74.111,False,4,GRUPO INTERBUS ALCOBENDAS,False
TOBARRA CB,91,12.764499999999998,77.514,True,4,GRUPO INTERBUS ALCOBENDAS,False
TOBARRA CB,7,12.835,72.0944,False,4,GRUPO INTERBUS ALCOBENDAS,False
TOBARRA CB,6,16.22,22.3089,True,4,GRUPO INTERBUS ALCOBENDAS,False
TOBARRA CB,31,11.5656,55.8353,True,4,GRUPO INTERBUS ALCOBENDAS,False
TOBARRA CB,26,24.4006,8.31858,False,4,GRUPO INTERBUS ALCOBENDAS,False
TOBARRA CB,91,34.5557,75.2453,False,4,GRUPO INTERBUS ALCOBENDAS,False
TOBARRA CB,10,35.331500000000005,28.1067,True,4,GRUPO INTERBUS ALCOBENDAS,False
TOBARRA CB,10,31.452699999999993,77.0099,False,4,GRUPO INTERBUS ALCOBENDAS,False
TOBARRA CB,91,13.399100000000004,52.0541,True,4,GRUPO INTERBUS ALCOBENDAS,False
TOBARRA CB,10,10.860399999999998,50.2896,True,4,GRUPO INTERBUS ALCOBENDAS,False
TOBARRA CB,10,30.324399999999997,80.9171,False,4,GRUPO INTERBUS ALCOBENDAS,False
TOBARRA CB,7,26.5867,87.9753,True,4,GRUPO INTERBUS ALCOBENDAS,False
TOBARRA CB,10,16.5021,26.3422,False,4,GRUPO INTERBUS ALCOBENDAS,False
TOBARRA CB,91,29.7602,84.0681,False,4,GRUPO INTERBUS ALCOBENDAS,False
TOBARRA CB,26,11.5656,55.8353,False,4,GRUPO INTERBUS ALCOBENDAS,False
EL VENTERO CBV,0,5.1481,50.4156,True,4,BALONCESTO ALCALA,True
EL VENTERO CBV,0,5.57123,51.9281,True,4,BALONCESTO ALCALA,True
EL VENTERO CBV,0,6.48801,93.521,False,4,BALONCESTO ALCALA,True
EL VENTERO CBV,3,36.8124,26.8463,True,4,BALONCESTO ALCALA,True
EL VENTERO CBV,10,26.093100000000007,92.1346,False,4,BALONCESTO ALCALA,True
EL VENTERO CBV,41,7.82793,4.78948,False,4,BALONCESTO ALCALA,True
EL VENTERO CBV,10,34.3441,23.4433,False,4,BALONCESTO ALCALA,True
EL VENTERO CBV,18,5.35966,49.4073,True,4,BALONCESTO ALCALA,True
EL VENTERO CBV,15,6.770099999999999,49.4073,True,4,BALONCESTO ALCALA,True
EL VENTERO CBV,15,35.1199,68.4392,False,4,BALONCESTO ALCALA,True
EL VENTERO CBV,41,5.712299999999999,7.05819,False,4,BALONCESTO ALCALA,True
EL VENTERO CBV,18,5.07757,48.6511,True,4,BALONCESTO ALCALA,True
EL VENTERO CBV,15,34.2736,75.4974,False,4,BALONCESTO ALCALA,True
EL VENTERO CBV,41,6.20592,69.3215,True,4,BALONCESTO ALCALA,True
EL VENTERO CBV,41,5.99436,51.4239,True,4,BALONCESTO ALCALA,True
EL VENTERO CBV,3,33.63890000000001,79.9088,False,4,BALONCESTO ALCALA,True
EL VENTERO CBV,0,6.62906,55.8353,True,4,BALONCESTO ALCALA,True
EL VENTERO CBV,0,30.606499999999997,17.7715,False,4,BALONCESTO ALCALA,True
EL VENTERO CBV,11,5.71227,49.0292,True,4,BALONCESTO ALCALA,True
EL VENTERO CBV,18,7.475300000000004,44.4918,True,4,BALONCESTO ALCALA,True
EL VENTERO CBV,3,5.50071,48.0209,True,4,BALONCESTO ALCALA,True
EL VENTERO CBV,10,28.6319,13.6122,False,4,BALONCESTO ALCALA,True
EL VENTERO CBV,18,4.09027,48.7771,False,4,BALONCESTO ALCALA,True
EL VENTERO CBV,27,36.3893,17.7715,False,4,BALONCESTO ALCALA,True
EL VENTERO CBV,0,6.41749,47.5167,True,4,BALONCESTO ALCALA,True
EL VENTERO CBV,15,34.0621,17.5194,False,4,BALONCESTO ALCALA,True
EL VENTERO CBV,41,32.5811,78.6484,False,4,BALONCESTO ALCALA,True
EL VENTERO CBV,0,6.4879999999999995,48.399,False,4,BALONCESTO ALCALA,True
EL VENTERO CBV,18,5.92384,49.6594,True,4,BALONCESTO ALCALA,True
EL VENTERO CBV,15,10.366699999999994,45.122,False,4,BALONCESTO ALCALA,True
EL VENTERO CBV,27,36.6008,24.4516,False,4,BALONCESTO ALCALA,True
EL VENTERO CBV,0,9.6615,47.8948,True,4,BALONCESTO ALCALA,True
EL VENTERO CBV,18,5.99436,50.0375,False,4,BALONCESTO ALCALA,True
EL VENTERO CBV,3,8.11,57.2217,False,4,BALONCESTO ALCALA,True
EL VENTERO CBV,10,32.4401,21.6787,False,4,BALONCESTO ALCALA,True
EL VENTERO CBV,15,8.885800000000003,5.41968,True,4,BALONCESTO ALCALA,True
EL VENTERO CBV,15,36.5303,23.9474,False,4,BALONCESTO ALCALA,True
EL VENTERO CBV,15,31.734800000000007,66.1705,False,4,BALONCESTO ALCALA,True
EL VENTERO CBV,10,10.5078,47.2647,True,4,BALONCESTO ALCALA,True
EL VENTERO CBV,10,33.6389,74.8672,False,4,BALONCESTO ALCALA,True
EL VENTERO CBV,41,35.049400000000006,48.7771,True,4,BALONCESTO ALCALA,True
EL VENTERO CBV,15,7.475300000000004,44.4918,False,4,BALONCESTO ALCALA,True
EL VENTERO CBV,0,5.50071,49.2813,True,4,BALONCESTO ALCALA,True
EL VENTERO CBV,10,29.8307,12.7299,True,4,BALONCESTO ALCALA,True
EL VENTERO CBV,11,9.37941,51.55,False,4,BALONCESTO ALCALA,True
EL VENTERO CBV,15,38.3639,49.1552,True,4,BALONCESTO ALCALA,True
EL VENTERO CBV,10,31.3117,23.3172,False,4,BALONCESTO ALCALA,True
EL VENTERO CBV,15,5.92384,46.2563,False,4,BALONCESTO ALCALA,True
EL VENTERO CBV,15,30.1834,82.9337,False,4,BALONCESTO ALCALA,True
EL VENTERO CBV,0,32.7221,74.237,True,4,BALONCESTO ALCALA,True
EL VENTERO CBV,10,34.4147,18.7798,False,4,BALONCESTO ALCALA,True
BALONCESTO ALCALA,19,9.026799999999994,53.8187,False,4,EL VENTERO CBV,False
BALONCESTO ALCALA,91,7.475300000000004,47.0126,False,4,EL VENTERO CBV,False
BALONCESTO ALCALA,19,31.7348,77.514,False,4,EL VENTERO CBV,False
BALONCESTO ALCALA,4,36.6008,47.7688,True,4,EL VENTERO CBV,False
BALONCESTO ALCALA,4,32.4401,22.435,False,4,EL VENTERO CBV,False
BALONCESTO ALCALA,19,8.32158,49.0292,True,4,EL VENTERO CBV,False
BALONCESTO ALCALA,29,10.1551,49.2813,True,4,EL VENTERO CBV,False
BALONCESTO ALCALA,19,7.334299999999999,48.399,True,4,EL VENTERO CBV,False
BALONCESTO ALCALA,4,23.7659,13.2341,False,4,EL VENTERO CBV,False
BALONCESTO ALCALA,91,5.853300000000004,48.0209,False,4,EL VENTERO CBV,False
BALONCESTO ALCALA,13,8.81523,49.9115,False,4,EL VENTERO CBV,False
BALONCESTO ALCALA,19,26.4457,13.4862,True,4,EL VENTERO CBV,False
BALONCESTO ALCALA,5,5.92384,50.9198,True,4,EL VENTERO CBV,False
BALONCESTO ALCALA,13,6.69958,50.7937,True,4,EL VENTERO CBV,False
BALONCESTO ALCALA,19,13.2581,47.7688,False,4,EL VENTERO CBV,False
BALONCESTO ALCALA,19,7.2637,73.9849,False,4,EL VENTERO CBV,False
BALONCESTO ALCALA,29,32.5811,14.9987,False,4,EL VENTERO CBV,False
BALONCESTO ALCALA,10,10.2962,81.7994,True,4,EL VENTERO CBV,False
BALONCESTO ALCALA,10,7.052199999999999,50.1636,True,4,EL VENTERO CBV,False
BALONCESTO ALCALA,19,5.99436,54.4489,False,4,EL VENTERO CBV,False
BALONCESTO ALCALA,91,19.2525,38.82,False,4,EL VENTERO CBV,False
BALONCESTO ALCALA,29,6.911100000000005,73.9849,True,4,EL VENTERO CBV,False
BALONCESTO ALCALA,19,8.321600000000004,53.1885,False,4,EL VENTERO CBV,False
BALONCESTO ALCALA,10,5.71227,50.4156,False,4,EL VENTERO CBV,False
BALONCESTO ALCALA,3,30.183400000000006,81.1692,False,4,EL VENTERO CBV,False
BALONCESTO ALCALA,91,8.11,49.2813,False,4,EL VENTERO CBV,False
BALONCESTO ALCALA,29,39.7743,49.9115,False,4,EL VENTERO CBV,False
BALONCESTO ALCALA,14,5.92384,48.0209,True,4,EL VENTERO CBV,False
BALONCESTO ALCALA,4,32.4401,71.5902,False,4,EL VENTERO CBV,False
BALONCESTO ALCALA,14,10.2962,81.7994,False,4,EL VENTERO CBV,False
BALONCESTO ALCALA,4,23.6953,11.0914,False,4,EL VENTERO CBV,False
BALONCESTO ALCALA,91,6.69958,50.7937,False,4,EL VENTERO CBV,False
BALONCESTO ALCALA,14,33.2158,19.9142,False,4,EL VENTERO CBV,False
BALONCESTO ALCALA,10,34.9083,17.8975,True,4,EL VENTERO CBV,False
BALONCESTO ALCALA,19,31.8759,22.1829,False,4,EL VENTERO CBV,False
BALONCESTO ALCALA,13,6.7701,49.0292,False,4,EL VENTERO CBV,False
BALONCESTO ALCALA,19,7.26375,41.2148,False,4,EL VENTERO CBV,False
BALONCESTO ALCALA,29,31.523300000000006,76.1276,False,4,EL VENTERO CBV,False
BALONCESTO ALCALA,4,5.50071,46.8865,False,4,EL VENTERO CBV,False
BALONCESTO ALCALA,29,36.7419,47.6428,True,4,EL VENTERO CBV,False
BALONCESTO ALCALA,29,9.732,47.0126,False,4,EL VENTERO CBV,False
BALONCESTO ALCALA,91,6.558499999999995,48.273,False,4,EL VENTERO CBV,False
BALONCESTO ALCALA,91,5.99436,45.8782,False,4,EL VENTERO CBV,False
BALONCESTO ALCALA,19,32.29900000000001,16.7632,False,4,EL VENTERO CBV,False
BALONCESTO ALCALA,14,9.026799999999994,57.7259,True,4,EL VENTERO CBV,False
BALONCESTO ALCALA,10,5.077600000000004,49.1552,False,4,EL VENTERO CBV,False
BALONCESTO ALCALA,3,6.41749,46.5084,False,4,EL VENTERO CBV,False
BALONCESTO ALCALA,19,5.99436,49.6594,True,4,EL VENTERO CBV,False
BALONCESTO ALCALA,91,4.86601,51.8021,False,4,EL VENTERO CBV,False
BALONCESTO ALCALA,10,6.911100000000005,48.9032,True,4,EL VENTERO CBV,False
BALONCESTO ALCALA,29,5.9238,49.7854,False,4,EL VENTERO CBV,False
BALONCESTO ALCALA,14,22.2144,25.3339,False,4,EL VENTERO CBV,False
BALONCESTO ALCALA,4,5.712299999999999,52.0541,True,4,EL VENTERO CBV,False
BALONCESTO ALCALA,19,29.4781,18.5277,False,4,EL VENTERO CBV,False
BALONCESTO ALCALA,19,31.805400000000006,75.7495,True,4,EL VENTERO CBV,False
INMOBILIARIA GÁLVEZ SANTA CRUZ,15,24.118499999999997,82.0514,True,4,NÁUTICO TENERIFE,True
INMOBILIARIA GÁLVEZ SANTA CRUZ,8,30.2539,18.0236,False,4,NÁUTICO TENERIFE,True
INMOBILIARIA GÁLVEZ SANTA CRUZ,21,7.05219,73.7329,False,4,NÁUTICO TENERIFE,True
INMOBILIARIA GÁLVEZ SANTA CRUZ,8,2.11566,95.1595,True,4,NÁUTICO TENERIFE,True
INMOBILIARIA GÁLVEZ SANTA CRUZ,14,44.1467,55.9613,True,4,NÁUTICO TENERIFE,True
INMOBILIARIA GÁLVEZ SANTA CRUZ,21,8.3921,44.3658,True,4,NÁUTICO TENERIFE,True
INMOBILIARIA GÁLVEZ SANTA CRUZ,24,10.0141,41.3408,True,4,NÁUTICO TENERIFE,True
INMOBILIARIA GÁLVEZ SANTA CRUZ,21,9.520499999999998,43.7356,True,4,NÁUTICO TENERIFE,True
INMOBILIARIA GÁLVEZ SANTA CRUZ,44,30.3244,73.7329,False,4,NÁUTICO TENERIFE,True
INMOBILIARIA GÁLVEZ SANTA CRUZ,14,31.1001,20.9225,True,4,NÁUTICO TENERIFE,True
INMOBILIARIA GÁLVEZ SANTA CRUZ,12,8.25106,41.845,False,4,NÁUTICO TENERIFE,True
INMOBILIARIA GÁLVEZ SANTA CRUZ,6,5.994399999999999,52.3062,True,4,NÁUTICO TENERIFE,True
INMOBILIARIA GÁLVEZ SANTA CRUZ,6,12.5529,46.2563,False,4,NÁUTICO TENERIFE,True
INMOBILIARIA GÁLVEZ SANTA CRUZ,15,31.523300000000006,31.2577,False,4,NÁUTICO TENERIFE,True
INMOBILIARIA GÁLVEZ SANTA CRUZ,15,26.516199999999998,82.4296,True,4,NÁUTICO TENERIFE,True
INMOBILIARIA GÁLVEZ SANTA CRUZ,6,9.732,50.5417,False,4,NÁUTICO TENERIFE,True
INMOBILIARIA GÁLVEZ SANTA CRUZ,15,5.57123,50.7937,True,4,NÁUTICO TENERIFE,True
INMOBILIARIA GÁLVEZ SANTA CRUZ,15,9.661500000000004,26.9724,False,4,NÁUTICO TENERIFE,True
INMOBILIARIA GÁLVEZ SANTA CRUZ,15,11.988699999999994,71.3381,False,4,NÁUTICO TENERIFE,True
INMOBILIARIA GÁLVEZ SANTA CRUZ,15,33.7094,32.6441,False,4,NÁUTICO TENERIFE,True
INMOBILIARIA GÁLVEZ SANTA CRUZ,14,9.09732,42.9793,True,4,NÁUTICO TENERIFE,True
INMOBILIARIA GÁLVEZ SANTA CRUZ,6,8.11,50.2896,False,4,NÁUTICO TENERIFE,True
INMOBILIARIA GÁLVEZ SANTA CRUZ,8,26.7278,82.6816,False,4,NÁUTICO TENERIFE,True
INMOBILIARIA GÁLVEZ SANTA CRUZ,15,3.5260999999999996,93.0168,False,4,NÁUTICO TENERIFE,True
INMOBILIARIA GÁLVEZ SANTA CRUZ,15,19.1819,89.8659,False,4,NÁUTICO TENERIFE,True
INMOBILIARIA GÁLVEZ SANTA CRUZ,24,7.19323,49.6594,True,4,NÁUTICO TENERIFE,True
INMOBILIARIA GÁLVEZ SANTA CRUZ,14,26.4457,15.2507,True,4,NÁUTICO TENERIFE,True
INMOBILIARIA GÁLVEZ SANTA CRUZ,15,29.407600000000002,74.3631,False,4,NÁUTICO TENERIFE,True
INMOBILIARIA GÁLVEZ SANTA CRUZ,6,9.943600000000004,49.5334,False,4,NÁUTICO TENERIFE,True
INMOBILIARIA GÁLVEZ SANTA CRUZ,6,13.328599999999994,39.4502,True,4,NÁUTICO TENERIFE,True
INMOBILIARIA GÁLVEZ SANTA CRUZ,21,4.72496,28.1067,True,4,NÁUTICO TENERIFE,True
INMOBILIARIA GÁLVEZ SANTA CRUZ,21,7.5458,79.2786,False,4,NÁUTICO TENERIFE,True
INMOBILIARIA GÁLVEZ SANTA CRUZ,6,13.0465,48.0209,True,4,NÁUTICO TENERIFE,True
INMOBILIARIA GÁLVEZ SANTA CRUZ,6,3.73766,51.55,True,4,NÁUTICO TENERIFE,True
INMOBILIARIA GÁLVEZ SANTA CRUZ,21,8.88575,32.14,False,4,NÁUTICO TENERIFE,True
INMOBILIARIA GÁLVEZ SANTA CRUZ,8,10.578299999999999,49.0292,False,4,NÁUTICO TENERIFE,True
INMOBILIARIA GÁLVEZ SANTA CRUZ,6,11.0719,46.5084,False,4,NÁUTICO TENERIFE,True
INMOBILIARIA GÁLVEZ SANTA CRUZ,24,10.366699999999994,53.3145,False,4,NÁUTICO TENERIFE,True
INMOBILIARIA GÁLVEZ SANTA CRUZ,44,8.88575,92.6387,False,4,NÁUTICO TENERIFE,True
INMOBILIARIA GÁLVEZ SANTA CRUZ,13,47.3202,19.5361,False,4,NÁUTICO TENERIFE,True
INMOBILIARIA GÁLVEZ SANTA CRUZ,7,4.936499999999995,94.6553,True,4,NÁUTICO TENERIFE,True
INMOBILIARIA GÁLVEZ SANTA CRUZ,24,10.6488,48.1469,True,4,NÁUTICO TENERIFE,True
INMOBILIARIA GÁLVEZ SANTA CRUZ,15,28.843400000000003,69.8256,False,4,NÁUTICO TENERIFE,True
INMOBILIARIA GÁLVEZ SANTA CRUZ,8,6.981700000000004,8.19254,False,4,NÁUTICO TENERIFE,True
INMOBILIARIA GÁLVEZ SANTA CRUZ,21,32.863200000000006,40.7106,False,4,NÁUTICO TENERIFE,True
INMOBILIARIA GÁLVEZ SANTA CRUZ,15,9.873099999999994,5.1676,False,4,NÁUTICO TENERIFE,True
INMOBILIARIA GÁLVEZ SANTA CRUZ,21,16.078999999999994,39.4502,False,4,NÁUTICO TENERIFE,True
INMOBILIARIA GÁLVEZ SANTA CRUZ,15,6.981700000000004,43.9876,True,4,NÁUTICO TENERIFE,True
INMOBILIARIA GÁLVEZ SANTA CRUZ,6,35.8956,22.9391,False,4,NÁUTICO TENERIFE,True
INMOBILIARIA GÁLVEZ SANTA CRUZ,21,7.968999999999994,29.7452,False,4,NÁUTICO TENERIFE,True
INMOBILIARIA GÁLVEZ SANTA CRUZ,44,8.039500000000004,4.53741,False,4,NÁUTICO TENERIFE,True
INMOBILIARIA GÁLVEZ SANTA CRUZ,15,27.573999999999998,85.7066,True,4,NÁUTICO TENERIFE,True
INMOBILIARIA GÁLVEZ SANTA CRUZ,15,9.1678,54.701,True,4,NÁUTICO TENERIFE,True
INMOBILIARIA GÁLVEZ SANTA CRUZ,6,6.064899999999994,48.6511,True,4,NÁUTICO TENERIFE,True
INMOBILIARIA GÁLVEZ SANTA CRUZ,15,5.50071,39.5763,True,4,NÁUTICO TENERIFE,True
INMOBILIARIA GÁLVEZ SANTA CRUZ,24,6.699600000000004,47.3907,False,4,NÁUTICO TENERIFE,True
INMOBILIARIA GÁLVEZ SANTA CRUZ,44,8.60367,4.15929,False,4,NÁUTICO TENERIFE,True
INMOBILIARIA GÁLVEZ SANTA CRUZ,8,5.85331,96.4199,False,4,NÁUTICO TENERIFE,True
INMOBILIARIA GÁLVEZ SANTA CRUZ,21,6.48801,52.4323,True,4,NÁUTICO TENERIFE,True
INMOBILIARIA GÁLVEZ SANTA CRUZ,44,3.31453,2.8989,False,4,NÁUTICO TENERIFE,True
INMOBILIARIA GÁLVEZ SANTA CRUZ,6,10.2257,50.5417,False,4,NÁUTICO TENERIFE,True
INMOBILIARIA GÁLVEZ SANTA CRUZ,44,29.478099999999998,19.284,True,4,NÁUTICO TENERIFE,True
NÁUTICO TENERIFE,55,5.6417,57.3478,True,4,INMOBILIARIA GÁLVEZ SANTA CRUZ,False
NÁUTICO TENERIFE,5,32.3695,60.6248,False,4,INMOBILIARIA GÁLVEZ SANTA CRUZ,False
NÁUTICO TENERIFE,20,5.289100000000005,67.0528,False,4,INMOBILIARIA GÁLVEZ SANTA CRUZ,False
NÁUTICO TENERIFE,5,15.4443,26.9724,False,4,INMOBILIARIA GÁLVEZ SANTA CRUZ,False
NÁUTICO TENERIFE,3,28.208699999999993,78.5223,False,4,INMOBILIARIA GÁLVEZ SANTA CRUZ,False
NÁUTICO TENERIFE,25,6.7701,50.9198,False,4,INMOBILIARIA GÁLVEZ SANTA CRUZ,False
NÁUTICO TENERIFE,20,27.9267,81.4212,False,4,INMOBILIARIA GÁLVEZ SANTA CRUZ,False
NÁUTICO TENERIFE,39,28.984499999999997,78.3963,False,4,INMOBILIARIA GÁLVEZ SANTA CRUZ,False
NÁUTICO TENERIFE,7,7.68688,54.701,True,4,INMOBILIARIA GÁLVEZ SANTA CRUZ,False
NÁUTICO TENERIFE,39,7.26375,97.0501,False,4,INMOBILIARIA GÁLVEZ SANTA CRUZ,False
NÁUTICO TENERIFE,5,9.52045,65.7924,False,4,INMOBILIARIA GÁLVEZ SANTA CRUZ,False
NÁUTICO TENERIFE,55,4.86601,54.0708,False,4,INMOBILIARIA GÁLVEZ SANTA CRUZ,False
NÁUTICO TENERIFE,47,8.32158,68.3132,False,4,INMOBILIARIA GÁLVEZ SANTA CRUZ,False
NÁUTICO TENERIFE,20,7.12271,57.7259,True,4,INMOBILIARIA GÁLVEZ SANTA CRUZ,False
NÁUTICO TENERIFE,20,9.44993,50.5417,True,4,INMOBILIARIA GÁLVEZ SANTA CRUZ,False
NÁUTICO TENERIFE,34,30.324399999999997,8.57066,False,4,INMOBILIARIA GÁLVEZ SANTA CRUZ,False
NÁUTICO TENERIFE,5,28.349800000000002,51.2979,False,4,INMOBILIARIA GÁLVEZ SANTA CRUZ,False
NÁUTICO TENERIFE,55,5.571200000000005,68.3132,True,4,INMOBILIARIA GÁLVEZ SANTA CRUZ,False
NÁUTICO TENERIFE,39,10.3667,41.7189,False,4,INMOBILIARIA GÁLVEZ SANTA CRUZ,False
NÁUTICO TENERIFE,20,29.1961,18.6538,True,4,INMOBILIARIA GÁLVEZ SANTA CRUZ,False
NÁUTICO TENERIFE,39,5.78279,36.5513,False,4,INMOBILIARIA GÁLVEZ SANTA CRUZ,False
NÁUTICO TENERIFE,20,12.976,60.7508,False,4,INMOBILIARIA GÁLVEZ SANTA CRUZ,False
NÁUTICO TENERIFE,39,11.706599999999995,48.399,True,4,INMOBILIARIA GÁLVEZ SANTA CRUZ,False
NÁUTICO TENERIFE,7,31.0296,77.514,True,4,INMOBILIARIA GÁLVEZ SANTA CRUZ,False
NÁUTICO TENERIFE,47,9.4499,45.3741,True,4,INMOBILIARIA GÁLVEZ SANTA CRUZ,False
NÁUTICO TENERIFE,51,10.2257,49.2813,True,4,INMOBILIARIA GÁLVEZ SANTA CRUZ,False
NÁUTICO TENERIFE,20,25.740499999999997,15.3768,True,4,INMOBILIARIA GÁLVEZ SANTA CRUZ,False
NÁUTICO TENERIFE,5,25.3879,24.3255,False,4,INMOBILIARIA GÁLVEZ SANTA CRUZ,False
NÁUTICO TENERIFE,39,4.2313000000000045,60.1206,True,4,INMOBILIARIA GÁLVEZ SANTA CRUZ,False
NÁUTICO TENERIFE,5,7.334299999999999,55.8353,True,4,INMOBILIARIA GÁLVEZ SANTA CRUZ,False
NÁUTICO TENERIFE,5,30.677000000000007,22.561,True,4,INMOBILIARIA GÁLVEZ SANTA CRUZ,False
NÁUTICO TENERIFE,5,22.2144,74.8672,False,4,INMOBILIARIA GÁLVEZ SANTA CRUZ,False
NÁUTICO TENERIFE,5,6.2059,84.1941,False,4,INMOBILIARIA GÁLVEZ SANTA CRUZ,False
NÁUTICO TENERIFE,34,34.4852,41.5929,True,4,INMOBILIARIA GÁLVEZ SANTA CRUZ,False
NÁUTICO TENERIFE,5,26.234099999999998,53.5666,False,4,INMOBILIARIA GÁLVEZ SANTA CRUZ,False
NÁUTICO TENERIFE,7,29.4781,77.1359,False,4,INMOBILIARIA GÁLVEZ SANTA CRUZ,False
NÁUTICO TENERIFE,20,11.847700000000003,38.1898,False,4,INMOBILIARIA GÁLVEZ SANTA CRUZ,False
NÁUTICO TENERIFE,34,8.88575,55.9613,False,4,INMOBILIARIA GÁLVEZ SANTA CRUZ,False
NÁUTICO TENERIFE,5,19.9577,39.9544,False,4,INMOBILIARIA GÁLVEZ SANTA CRUZ,False
NÁUTICO TENERIFE,3,34.0621,50.0375,False,4,INMOBILIARIA GÁLVEZ SANTA CRUZ,False
NÁUTICO TENERIFE,39,7.334299999999999,60.7508,True,4,INMOBILIARIA GÁLVEZ SANTA CRUZ,False
NÁUTICO TENERIFE,55,8.956299999999999,56.8436,False,4,INMOBILIARIA GÁLVEZ SANTA CRUZ,False
NÁUTICO TENERIFE,47,6.55853,40.2065,True,4,INMOBILIARIA GÁLVEZ SANTA CRUZ,False
NÁUTICO TENERIFE,39,36.0367,23.3172,False,4,INMOBILIARIA GÁLVEZ SANTA CRUZ,False
NÁUTICO TENERIFE,5,30.8181,24.7037,False,4,INMOBILIARIA GÁLVEZ SANTA CRUZ,False
NÁUTICO TENERIFE,20,8.88575,63.1456,True,4,INMOBILIARIA GÁLVEZ SANTA CRUZ,False
NÁUTICO TENERIFE,5,23.201700000000002,31.5098,True,4,INMOBILIARIA GÁLVEZ SANTA CRUZ,False
NÁUTICO TENERIFE,51,5.6417,39.1982,True,4,INMOBILIARIA GÁLVEZ SANTA CRUZ,False
NÁUTICO TENERIFE,20,9.802499999999995,40.9627,True,4,INMOBILIARIA GÁLVEZ SANTA CRUZ,False
NÁUTICO TENERIFE,7,32.29900000000001,62.2633,True,4,INMOBILIARIA GÁLVEZ SANTA CRUZ,False
NÁUTICO TENERIFE,39,9.52045,65.7924,True,4,INMOBILIARIA GÁLVEZ SANTA CRUZ,False
NÁUTICO TENERIFE,5,6.69958,37.3076,True,4,INMOBILIARIA GÁLVEZ SANTA CRUZ,False
NÁUTICO TENERIFE,55,6.34697,47.8948,True,4,INMOBILIARIA GÁLVEZ SANTA CRUZ,False
NÁUTICO TENERIFE,51,23.5543,36.8034,True,4,INMOBILIARIA GÁLVEZ SANTA CRUZ,False
NÁUTICO TENERIFE,39,6.48801,40.3325,True,4,INMOBILIARIA GÁLVEZ SANTA CRUZ,False
NÁUTICO TENERIFE,39,27.785600000000002,74.3631,False,4,INMOBILIARIA GÁLVEZ SANTA CRUZ,False
NÁUTICO TENERIFE,39,4.160799999999995,50.5417,True,4,INMOBILIARIA GÁLVEZ SANTA CRUZ,False
NÁUTICO TENERIFE,7,29.689700000000002,19.5361,False,4,INMOBILIARIA GÁLVEZ SANTA CRUZ,False
NÁUTICO TENERIFE,51,6.55853,55.3312,False,4,INMOBILIARIA GÁLVEZ SANTA CRUZ,False
NÁUTICO TENERIFE,55,4.58392,60.6248,False,4,INMOBILIARIA GÁLVEZ SANTA CRUZ,False
NÁUTICO TENERIFE,34,31.523300000000006,28.7369,False,4,INMOBILIARIA GÁLVEZ SANTA CRUZ,False
NÁUTICO TENERIFE,25,35.8956,46.6345,False,4,INMOBILIARIA GÁLVEZ SANTA CRUZ,False
NÁUTICO TENERIFE,47,7.54584,49.0292,True,4,INMOBILIARIA GÁLVEZ SANTA CRUZ,False
NÁUTICO TENERIFE,3,10.084599999999995,54.827,False,4,INMOBILIARIA GÁLVEZ SANTA CRUZ,False
NÁUTICO TENERIFE,55,10.366699999999994,46.5084,False,4,INMOBILIARIA GÁLVEZ SANTA CRUZ,False
SUMIALKI CB CIUDAD DE MOSTOLES,33,11.565600000000003,60.6248,False,4,PROBASKETLAB FUENLABRADA,True
SUMIALKI CB CIUDAD DE MOSTOLES,88,8.956299999999999,31.3837,False,4,PROBASKETLAB FUENLABRADA,True
SUMIALKI CB CIUDAD DE MOSTOLES,4,29.2666,76.7578,False,4,PROBASKETLAB FUENLABRADA,True
SUMIALKI CB CIUDAD DE MOSTOLES,33,6.699600000000004,57.7259,True,4,PROBASKETLAB FUENLABRADA,True
SUMIALKI CB CIUDAD DE MOSTOLES,88,19.464,95.9157,False,4,PROBASKETLAB FUENLABRADA,True
SUMIALKI CB CIUDAD DE MOSTOLES,22,28.914,84.5722,True,4,PROBASKETLAB FUENLABRADA,True
SUMIALKI CB CIUDAD DE MOSTOLES,88,31.100099999999998,78.3963,False,4,PROBASKETLAB FUENLABRADA,True
SUMIALKI CB CIUDAD DE MOSTOLES,20,36.8124,52.3062,False,4,PROBASKETLAB FUENLABRADA,True
SUMIALKI CB CIUDAD DE MOSTOLES,22,30.112799999999993,17.6455,False,4,PROBASKETLAB FUENLABRADA,True
SUMIALKI CB CIUDAD DE MOSTOLES,15,30.3949,14.6205,True,4,PROBASKETLAB FUENLABRADA,True
SUMIALKI CB CIUDAD DE MOSTOLES,88,10.4372,47.5167,True,4,PROBASKETLAB FUENLABRADA,True
SUMIALKI CB CIUDAD DE MOSTOLES,9,12.4118,45.122,False,4,PROBASKETLAB FUENLABRADA,True
SUMIALKI CB CIUDAD DE MOSTOLES,9,11.636099999999999,3.78117,True,4,PROBASKETLAB FUENLABRADA,True
SUMIALKI CB CIUDAD DE MOSTOLES,4,26.3047,88.4794,False,4,PROBASKETLAB FUENLABRADA,True
SUMIALKI CB CIUDAD DE MOSTOLES,9,9.590999999999994,41.3408,False,4,PROBASKETLAB FUENLABRADA,True
SUMIALKI CB CIUDAD DE MOSTOLES,4,11.213,54.827,False,4,PROBASKETLAB FUENLABRADA,True
SUMIALKI CB CIUDAD DE MOSTOLES,22,30.183400000000006,14.4945,False,4,PROBASKETLAB FUENLABRADA,True
SUMIALKI CB CIUDAD DE MOSTOLES,4,31.7348,18.4017,False,4,PROBASKETLAB FUENLABRADA,True
SUMIALKI CB CIUDAD DE MOSTOLES,9,26.375200000000007,10.2092,False,4,PROBASKETLAB FUENLABRADA,True
SUMIALKI CB CIUDAD DE MOSTOLES,33,24.471100000000007,10.3352,True,4,PROBASKETLAB FUENLABRADA,True
SUMIALKI CB CIUDAD DE MOSTOLES,4,30.3244,80.2869,True,4,PROBASKETLAB FUENLABRADA,True
SUMIALKI CB CIUDAD DE MOSTOLES,11,39.0691,20.1663,False,4,PROBASKETLAB FUENLABRADA,True
SUMIALKI CB CIUDAD DE MOSTOLES,4,15.6559,72.7245,True,4,PROBASKETLAB FUENLABRADA,True
SUMIALKI CB CIUDAD DE MOSTOLES,88,32.4401,78.1442,False,4,PROBASKETLAB FUENLABRADA,True
SUMIALKI CB CIUDAD DE MOSTOLES,88,8.956299999999999,31.3837,True,4,PROBASKETLAB FUENLABRADA,True
SUMIALKI CB CIUDAD DE MOSTOLES,9,25.7405,91.3783,False,4,PROBASKETLAB FUENLABRADA,True
SUMIALKI CB CIUDAD DE MOSTOLES,4,8.674199999999999,41.845,False,4,PROBASKETLAB FUENLABRADA,True
SUMIALKI CB CIUDAD DE MOSTOLES,4,6.629099999999994,47.3907,True,4,PROBASKETLAB FUENLABRADA,True
SUMIALKI CB CIUDAD DE MOSTOLES,88,12.129800000000003,59.2384,False,4,PROBASKETLAB FUENLABRADA,True
SUMIALKI CB CIUDAD DE MOSTOLES,9,30.3244,18.2757,True,4,PROBASKETLAB FUENLABRADA,True
SUMIALKI CB CIUDAD DE MOSTOLES,88,6.981700000000004,56.8436,True,4,PROBASKETLAB FUENLABRADA,True
SUMIALKI CB CIUDAD DE MOSTOLES,13,15.937899999999999,6.93215,False,4,PROBASKETLAB FUENLABRADA,True
SUMIALKI CB CIUDAD DE MOSTOLES,88,10.2257,46.7605,True,4,PROBASKETLAB FUENLABRADA,True
SUMIALKI CB CIUDAD DE MOSTOLES,33,13.2581,49.6594,False,4,PROBASKETLAB FUENLABRADA,True
SUMIALKI CB CIUDAD DE MOSTOLES,4,29.901300000000006,18.0236,True,4,PROBASKETLAB FUENLABRADA,True
SUMIALKI CB CIUDAD DE MOSTOLES,22,16.3611,43.4835,False,4,PROBASKETLAB FUENLABRADA,True
SUMIALKI CB CIUDAD DE MOSTOLES,4,29.9718,16.133,False,4,PROBASKETLAB FUENLABRADA,True
SUMIALKI CB CIUDAD DE MOSTOLES,9,30.2539,15.8809,False,4,PROBASKETLAB FUENLABRADA,True
SUMIALKI CB CIUDAD DE MOSTOLES,4,9.09732,56.5915,True,4,PROBASKETLAB FUENLABRADA,True
SUMIALKI CB CIUDAD DE MOSTOLES,4,11.213,45.6261,True,4,PROBASKETLAB FUENLABRADA,True
SUMIALKI CB CIUDAD DE MOSTOLES,88,20.944999999999993,10.3352,False,4,PROBASKETLAB FUENLABRADA,True
SUMIALKI CB CIUDAD DE MOSTOLES,9,9.59097,61.129,False,4,PROBASKETLAB FUENLABRADA,True
SUMIALKI CB CIUDAD DE MOSTOLES,12,28.208699999999993,81.9254,False,4,PROBASKETLAB FUENLABRADA,True
SUMIALKI CB CIUDAD DE MOSTOLES,88,11.706599999999995,40.5846,False,4,PROBASKETLAB FUENLABRADA,True
SUMIALKI CB CIUDAD DE MOSTOLES,9,15.0917,19.6621,True,4,PROBASKETLAB FUENLABRADA,True
SUMIALKI CB CIUDAD DE MOSTOLES,4,11.1425,50.4156,False,4,PROBASKETLAB FUENLABRADA,True
SUMIALKI CB CIUDAD DE MOSTOLES,88,9.30889,49.2813,True,4,PROBASKETLAB FUENLABRADA,True
SUMIALKI CB CIUDAD DE MOSTOLES,20,31.170699999999997,17.1413,False,4,PROBASKETLAB FUENLABRADA,True
SUMIALKI CB CIUDAD DE MOSTOLES,9,10.437200000000004,37.8117,False,4,PROBASKETLAB FUENLABRADA,True
SUMIALKI CB CIUDAD DE MOSTOLES,9,31.311700000000002,20.4183,False,4,PROBASKETLAB FUENLABRADA,True
SUMIALKI CB CIUDAD DE MOSTOLES,9,12.4118,45.122,False,4,PROBASKETLAB FUENLABRADA,True
SUMIALKI CB CIUDAD DE MOSTOLES,15,9.80254,28.7369,False,4,PROBASKETLAB FUENLABRADA,True
SUMIALKI CB CIUDAD DE MOSTOLES,33,8.3921,60.4988,True,4,PROBASKETLAB FUENLABRADA,True
SUMIALKI CB CIUDAD DE MOSTOLES,4,7.122699999999995,43.7356,True,4,PROBASKETLAB FUENLABRADA,True
SUMIALKI CB CIUDAD DE MOSTOLES,4,28.4908,87.093,True,4,PROBASKETLAB FUENLABRADA,True
SUMIALKI CB CIUDAD DE MOSTOLES,4,31.6643,77.1359,True,4,PROBASKETLAB FUENLABRADA,True
SUMIALKI CB CIUDAD DE MOSTOLES,9,6.770099999999999,55.9613,False,4,PROBASKETLAB FUENLABRADA,True
SUMIALKI CB CIUDAD DE MOSTOLES,9,33.8505,19.284,False,4,PROBASKETLAB FUENLABRADA,True
SUMIALKI CB CIUDAD DE MOSTOLES,20,25.3879,87.3451,False,4,PROBASKETLAB FUENLABRADA,True
SUMIALKI CB CIUDAD DE MOSTOLES,4,11.0014,55.8353,False,4,PROBASKETLAB FUENLABRADA,True
SUMIALKI CB CIUDAD DE MOSTOLES,88,27.433000000000007,11.3435,True,4,PROBASKETLAB FUENLABRADA,True
SUMIALKI CB CIUDAD DE MOSTOLES,15,32.4401,78.1442,False,4,PROBASKETLAB FUENLABRADA,True
SUMIALKI CB CIUDAD DE MOSTOLES,88,11.0719,5.54572,False,4,PROBASKETLAB FUENLABRADA,True
SUMIALKI CB CIUDAD DE MOSTOLES,33,32.2285,79.4046,True,4,PROBASKETLAB FUENLABRADA,True
SUMIALKI CB CIUDAD DE MOSTOLES,88,4.795500000000004,50.9198,True,4,PROBASKETLAB FUENLABRADA,True
SUMIALKI CB CIUDAD DE MOSTOLES,88,8.3921,53.1885,True,4,PROBASKETLAB FUENLABRADA,True
SUMIALKI CB CIUDAD DE MOSTOLES,20,27.785600000000002,13.2341,True,4,PROBASKETLAB FUENLABRADA,True
SUMIALKI CB CIUDAD DE MOSTOLES,4,27.997200000000007,17.2674,False,4,PROBASKETLAB FUENLABRADA,True
SUMIALKI CB CIUDAD DE MOSTOLES,13,7.334299999999999,39.9544,False,4,PROBASKETLAB FUENLABRADA,True
SUMIALKI CB CIUDAD DE MOSTOLES,22,34.4852,50.1636,False,4,PROBASKETLAB FUENLABRADA,True
SUMIALKI CB CIUDAD DE MOSTOLES,4,8.32158,42.7272,True,4,PROBASKETLAB FUENLABRADA,True
SUMIALKI CB CIUDAD DE MOSTOLES,88,8.32158,55.3312,False,4,PROBASKETLAB FUENLABRADA,True
SUMIALKI CB CIUDAD DE MOSTOLES,20,10.0141,33.2743,False,4,PROBASKETLAB FUENLABRADA,True
SUMIALKI CB CIUDAD DE MOSTOLES,12,7.5458,51.9281,True,4,PROBASKETLAB FUENLABRADA,True
SUMIALKI CB CIUDAD DE MOSTOLES,22,23.9069,92.7648,False,4,PROBASKETLAB FUENLABRADA,True
SUMIALKI CB CIUDAD DE MOSTOLES,9,8.744699999999995,31.5098,False,4,PROBASKETLAB FUENLABRADA,True
SUMIALKI CB CIUDAD DE MOSTOLES,33,8.3921,55.3312,True,4,PROBASKETLAB FUENLABRADA,True
PROBASKETLAB FUENLABRADA,4,27.503500000000003,86.0847,False,4,SUMIALKI CB CIUDAD DE MOSTOLES,False
PROBASKETLAB FUENLABRADA,8,7.475300000000004,46.7605,True,4,SUMIALKI CB CIUDAD DE MOSTOLES,False
PROBASKETLAB FUENLABRADA,4,8.321600000000004,43.1054,False,4,SUMIALKI CB CIUDAD DE MOSTOLES,False
PROBASKETLAB FUENLABRADA,7,25.5994,85.3285,False,4,SUMIALKI CB CIUDAD DE MOSTOLES,False
PROBASKETLAB FUENLABRADA,10,11.0719,41.971,True,4,SUMIALKI CB CIUDAD DE MOSTOLES,False
PROBASKETLAB FUENLABRADA,13,24.4006,86.7149,True,4,SUMIALKI CB CIUDAD DE MOSTOLES,False
PROBASKETLAB FUENLABRADA,6,6.55853,94.1512,False,4,SUMIALKI CB CIUDAD DE MOSTOLES,False
PROBASKETLAB FUENLABRADA,10,12.6939,63.5237,False,4,SUMIALKI CB CIUDAD DE MOSTOLES,False
PROBASKETLAB FUENLABRADA,10,11.1425,52.5583,False,4,SUMIALKI CB CIUDAD DE MOSTOLES,False
PROBASKETLAB FUENLABRADA,8,11.847700000000003,53.0624,True,4,SUMIALKI CB CIUDAD DE MOSTOLES,False
PROBASKETLAB FUENLABRADA,8,12.200299999999999,42.2231,False,4,SUMIALKI CB CIUDAD DE MOSTOLES,False
PROBASKETLAB FUENLABRADA,8,9.44993,51.55,True,4,SUMIALKI CB CIUDAD DE MOSTOLES,False
PROBASKETLAB FUENLABRADA,13,11.213,43.9876,False,4,SUMIALKI CB CIUDAD DE MOSTOLES,False
PROBASKETLAB FUENLABRADA,8,10.648799999999994,19.1579,False,4,SUMIALKI CB CIUDAD DE MOSTOLES,False
PROBASKETLAB FUENLABRADA,7,26.0931,14.9987,True,4,SUMIALKI CB CIUDAD DE MOSTOLES,False
PROBASKETLAB FUENLABRADA,9,7.8279,47.2647,False,4,SUMIALKI CB CIUDAD DE MOSTOLES,False
PROBASKETLAB FUENLABRADA,10,9.1678,57.2217,True,4,SUMIALKI CB CIUDAD DE MOSTOLES,False
PROBASKETLAB FUENLABRADA,8,8.462599999999995,59.1123,True,4,SUMIALKI CB CIUDAD DE MOSTOLES,False
PROBASKETLAB FUENLABRADA,10,8.603700000000003,62.3893,False,4,SUMIALKI CB CIUDAD DE MOSTOLES,False
PROBASKETLAB FUENLABRADA,13,34.0621,59.2384,False,4,SUMIALKI CB CIUDAD DE MOSTOLES,False
PROBASKETLAB FUENLABRADA,6,8.67419,55.2051,False,4,SUMIALKI CB CIUDAD DE MOSTOLES,False
PROBASKETLAB FUENLABRADA,5,22.426,5.54572,True,4,SUMIALKI CB CIUDAD DE MOSTOLES,False
PROBASKETLAB FUENLABRADA,8,27.503500000000003,86.0847,True,4,SUMIALKI CB CIUDAD DE MOSTOLES,False
PROBASKETLAB FUENLABRADA,13,28.984499999999997,16.7632,True,4,SUMIALKI CB CIUDAD DE MOSTOLES,False
PROBASKETLAB FUENLABRADA,13,9.943600000000004,41.2148,False,4,SUMIALKI CB CIUDAD DE MOSTOLES,False
PROBASKETLAB FUENLABRADA,10,10.7898,64.532,False,4,SUMIALKI CB CIUDAD DE MOSTOLES,False
PROBASKETLAB FUENLABRADA,7,8.95628,55.7093,True,4,SUMIALKI CB CIUDAD DE MOSTOLES,False
PROBASKETLAB FUENLABRADA,10,22.7786,7.68838,True,4,SUMIALKI CB CIUDAD DE MOSTOLES,False
PROBASKETLAB FUENLABRADA,13,20.804,53.8187,False,4,SUMIALKI CB CIUDAD DE MOSTOLES,False
PROBASKETLAB FUENLABRADA,13,29.830699999999993,20.4183,False,4,SUMIALKI CB CIUDAD DE MOSTOLES,False
PROBASKETLAB FUENLABRADA,5,20.592399999999998,25.3339,True,4,SUMIALKI CB CIUDAD DE MOSTOLES,False
PROBASKETLAB FUENLABRADA,7,21.297600000000003,5.7978,True,4,SUMIALKI CB CIUDAD DE MOSTOLES,False
PROBASKETLAB FUENLABRADA,8,12.552899999999994,73.3547,False,4,SUMIALKI CB CIUDAD DE MOSTOLES,False
PROBASKETLAB FUENLABRADA,7,23.2722,89.3617,True,4,SUMIALKI CB CIUDAD DE MOSTOLES,False
PROBASKETLAB FUENLABRADA,13,23.4133,48.525,False,4,SUMIALKI CB CIUDAD DE MOSTOLES,False
PROBASKETLAB FUENLABRADA,5,10.7898,45.248,False,4,SUMIALKI CB CIUDAD DE MOSTOLES,False
PROBASKETLAB FUENLABRADA,3,22.7786,7.68838,False,4,SUMIALKI CB CIUDAD DE MOSTOLES,False
PROBASKETLAB FUENLABRADA,2,9.520499999999998,7.43631,False,4,SUMIALKI CB CIUDAD DE MOSTOLES,False
PROBASKETLAB FUENLABRADA,4,8.039500000000004,36.5513,False,4,SUMIALKI CB CIUDAD DE MOSTOLES,False
PROBASKETLAB FUENLABRADA,7,25.951999999999998,10.5873,False,4,SUMIALKI CB CIUDAD DE MOSTOLES,False
PROBASKETLAB FUENLABRADA,10,27.433000000000007,13.4862,True,4,SUMIALKI CB CIUDAD DE MOSTOLES,False
PROBASKETLAB FUENLABRADA,13,12.905500000000004,34.7868,False,4,SUMIALKI CB CIUDAD DE MOSTOLES,False
PROBASKETLAB FUENLABRADA,7,37.3766,50.9198,True,4,SUMIALKI CB CIUDAD DE MOSTOLES,False
PROBASKETLAB FUENLABRADA,8,10.7898,57.7259,True,4,SUMIALKI CB CIUDAD DE MOSTOLES,False
PROBASKETLAB FUENLABRADA,7,10.7898,57.7259,False,4,SUMIALKI CB CIUDAD DE MOSTOLES,False
PROBASKETLAB FUENLABRADA,5,16.9958,94.4033,False,4,SUMIALKI CB CIUDAD DE MOSTOLES,False
PROBASKETLAB FUENLABRADA,6,9.6615,58.2301,True,4,SUMIALKI CB CIUDAD DE MOSTOLES,False
PROBASKETLAB FUENLABRADA,6,24.1185,90.6221,False,4,SUMIALKI CB CIUDAD DE MOSTOLES,False
PROBASKETLAB FUENLABRADA,14,25.317300000000003,87.4711,False,4,SUMIALKI CB CIUDAD DE MOSTOLES,False
PROBASKETLAB FUENLABRADA,7,6.135400000000004,58.9863,True,4,SUMIALKI CB CIUDAD DE MOSTOLES,False
PROBASKETLAB FUENLABRADA,7,10.366699999999994,45.122,False,4,SUMIALKI CB CIUDAD DE MOSTOLES,False
PROBASKETLAB FUENLABRADA,10,30.3949,22.435,False,4,SUMIALKI CB CIUDAD DE MOSTOLES,False
PROBASKETLAB FUENLABRADA,3,9.23836,53.8187,True,4,SUMIALKI CB CIUDAD DE MOSTOLES,False
PROBASKETLAB FUENLABRADA,13,27.6446,13.3601,True,4,SUMIALKI CB CIUDAD DE MOSTOLES,False
PROBASKETLAB FUENLABRADA,5,29.8307,15.3768,False,4,SUMIALKI CB CIUDAD DE MOSTOLES,False
PROBASKETLAB FUENLABRADA,8,8.25106,50.9198,True,4,SUMIALKI CB CIUDAD DE MOSTOLES,False
PROBASKETLAB FUENLABRADA,10,10.0846,53.9447,True,4,SUMIALKI CB CIUDAD DE MOSTOLES,False
PROBASKETLAB FUENLABRADA,4,7.968999999999994,56.2134,False,4,SUMIALKI CB CIUDAD DE MOSTOLES,False
PROBASKETLAB FUENLABRADA,7,22.919600000000003,5.67176,True,4,SUMIALKI CB CIUDAD DE MOSTOLES,False
PROBASKETLAB FUENLABRADA,4,29.4076,79.4046,False,4,SUMIALKI CB CIUDAD DE MOSTOLES,False
PROBASKETLAB FUENLABRADA,13,9.6615,50.2896,True,4,SUMIALKI CB CIUDAD DE MOSTOLES,False
PROBASKETLAB FUENLABRADA,10,10.3667,55.3312,False,4,SUMIALKI CB CIUDAD DE MOSTOLES,False
PROBASKETLAB FUENLABRADA,7,8.81523,54.5749,True,4,SUMIALKI CB CIUDAD DE MOSTOLES,False
PROBASKETLAB FUENLABRADA,13,29.6897,79.2786,False,4,SUMIALKI CB CIUDAD DE MOSTOLES,False
PROBASKETLAB FUENLABRADA,7,20.0987,5.29364,False,4,SUMIALKI CB CIUDAD DE MOSTOLES,False
PROBASKETLAB FUENLABRADA,13,30.3244,13.9903,True,4,SUMIALKI CB CIUDAD DE MOSTOLES,False
PROBASKETLAB FUENLABRADA,8,8.603700000000003,62.3893,True,4,SUMIALKI CB CIUDAD DE MOSTOLES,False
PROBASKETLAB FUENLABRADA,14,24.753200000000007,88.4794,True,4,SUMIALKI CB CIUDAD DE MOSTOLES,False
PROBASKETLAB FUENLABRADA,3,10.7193,50.7937,True,4,SUMIALKI CB CIUDAD DE MOSTOLES,False
PROBASKETLAB FUENLABRADA,2,23.483800000000002,88.3534,True,4,SUMIALKI CB CIUDAD DE MOSTOLES,False
PROBASKETLAB FUENLABRADA,7,10.2962,48.9032,True,4,SUMIALKI CB CIUDAD DE MOSTOLES,False
TOBARRA CB,0,27.292,79.7827,True,5,CB LA MATANZA,True
TOBARRA CB,10,7.2637,48.6511,True,5,CB LA MATANZA,True
TOBARRA CB,21,32.3695,32.0139,False,5,CB LA MATANZA,True
TOBARRA CB,31,11.495099999999994,48.7771,False,5,CB LA MATANZA,True
TOBARRA CB,31,10.0846,48.1469,True,5,CB LA MATANZA,True
TOBARRA CB,91,10.0846,93.521,True,5,CB LA MATANZA,True
TOBARRA CB,91,14.739099999999993,51.4239,False,5,CB LA MATANZA,True
TOBARRA CB,0,32.29900000000001,73.9849,False,5,CB LA MATANZA,True
TOBARRA CB,26,6.417500000000004,4.78948,True,5,CB LA MATANZA,True
TOBARRA CB,7,13.0465,52.9364,False,5,CB LA MATANZA,True
TOBARRA CB,10,33.5684,50.2896,False,5,CB LA MATANZA,True
TOBARRA CB,28,21.9323,51.55,False,5,CB LA MATANZA,True
TOBARRA CB,0,36.3188,50.6677,True,5,CB LA MATANZA,True
TOBARRA CB,91,12.1298,50.7937,True,5,CB LA MATANZA,True
TOBARRA CB,91,33.78,50.1636,False,5,CB LA MATANZA,True
TOBARRA CB,7,35.8956,48.6511,True,5,CB LA MATANZA,True
TOBARRA CB,0,35.6841,50.6677,True,5,CB LA MATANZA,True
TOBARRA CB,21,11.7066,29.3671,True,5,CB LA MATANZA,True
TOBARRA CB,31,11.4951,48.0209,True,5,CB LA MATANZA,True
TOBARRA CB,7,32.863200000000006,51.55,True,5,CB LA MATANZA,True
TOBARRA CB,7,11.7066,29.3671,False,5,CB LA MATANZA,True
TOBARRA CB,0,30.677,70.5819,False,5,CB LA MATANZA,True
TOBARRA CB,0,7.968999999999994,51.4239,False,5,CB LA MATANZA,True
TOBARRA CB,22,9.6615,52.8104,True,5,CB LA MATANZA,True
TOBARRA CB,7,12.2003,53.8187,False,5,CB LA MATANZA,True
TOBARRA CB,0,10.0141,53.5666,True,5,CB LA MATANZA,True
TOBARRA CB,7,32.9337,33.7785,False,5,CB LA MATANZA,True
TOBARRA CB,22,37.2355,56.5915,False,5,CB LA MATANZA,True
TOBARRA CB,0,24.753200000000007,51.1719,False,5,CB LA MATANZA,True
TOBARRA CB,91,32.7927,20.1663,True,5,CB LA MATANZA,True
TOBARRA CB,91,13.6812,29.4931,False,5,CB LA MATANZA,True
TOBARRA CB,7,8.46262,47.2647,True,5,CB LA MATANZA,True
TOBARRA CB,0,8.88575,45.248,True,5,CB LA MATANZA,True
TOBARRA CB,91,25.176299999999998,50.6677,False,5,CB LA MATANZA,True
TOBARRA CB,91,35.8956,59.7425,False,5,CB LA MATANZA,True
TOBARRA CB,21,5.1480999999999995,52.4323,True,5,CB LA MATANZA,True
TOBARRA CB,21,26.2341,84.6983,False,5,CB LA MATANZA,True
TOBARRA CB,91,14.739099999999993,50.2896,True,5,CB LA MATANZA,True
TOBARRA CB,21,28.067700000000002,23.9474,True,5,CB LA MATANZA,True
TOBARRA CB,10,33.78,52.8104,True,5,CB LA MATANZA,True
TOBARRA CB,22,12.552899999999994,5.7978,True,5,CB LA MATANZA,True
TOBARRA CB,31,23.131200000000007,50.5417,True,5,CB LA MATANZA,True
TOBARRA CB,0,30.8181,73.1027,False,5,CB LA MATANZA,True
TOBARRA CB,91,35.3315,31.0056,True,5,CB LA MATANZA,True
TOBARRA CB,31,22.778599999999997,51.1719,False,5,CB LA MATANZA,True
TOBARRA CB,91,7.8279,80.791,False,5,CB LA MATANZA,True
TOBARRA CB,91,36.6008,45.122,False,5,CB LA MATANZA,True
TOBARRA CB,0,10.3667,53.9447,True,5,CB LA MATANZA,True
TOBARRA CB,7,33.9915,79.4046,False,5,CB LA MATANZA,True
TOBARRA CB,91,35.9662,60.6248,True,5,CB LA MATANZA,True
TOBARRA CB,7,9.87306,48.399,False,5,CB LA MATANZA,True
TOBARRA CB,26,30.888599999999997,28.4848,False,5,CB LA MATANZA,True
TOBARRA CB,31,9.37941,51.1719,True,5,CB LA MATANZA,True
TOBARRA CB,7,25.387900000000002,16.8892,True,5,CB LA MATANZA,True
TOBARRA CB,31,6.629099999999994,49.9115,True,5,CB LA MATANZA,True
TOBARRA CB,91,31.6643,75.8755,False,5,CB LA MATANZA,True
TOBARRA CB,31,13.7518,46.7605,False,5,CB LA MATANZA,True
TOBARRA CB,7,12.2003,44.1137,False,5,CB LA MATANZA,True
TOBARRA CB,31,15.091700000000003,48.399,False,5,CB LA MATANZA,True
TOBARRA CB,91,12.976,53.4406,False,5,CB LA MATANZA,True
TOBARRA CB,7,11.213,53.5666,True,5,CB LA MATANZA,True
TOBARRA CB,7,9.87306,44.6178,False,5,CB LA MATANZA,True
TOBARRA CB,91,16.079,54.1968,False,5,CB LA MATANZA,True
TOBARRA CB,31,11.001400000000004,53.9447,False,5,CB LA MATANZA,True
TOBARRA CB,7,9.1678,50.0375,False,5,CB LA MATANZA,True
TOBARRA CB,91,34.2736,56.4655,False,5,CB LA MATANZA,True
TOBARRA CB,10,11.213,54.953,False,5,CB LA MATANZA,True
TOBARRA CB,0,17.9831,55.9613,False,5,CB LA MATANZA,True
TOBARRA CB,28,23.977400000000003,49.6594,False,5,CB LA MATANZA,True
TOBARRA CB,28,25.67,50.9198,False,5,CB LA MATANZA,True
TOBARRA CB,0,30.2539,78.5223,False,5,CB LA MATANZA,True
TOBARRA CB,7,13.4697,50.5417,True,5,CB LA MATANZA,True
CB LA MATANZA,14,30.677,72.4725,True,5,TOBARRA CB,False
CB LA MATANZA,0,11.0014,48.273,True,5,TOBARRA CB,False
CB LA MATANZA,23,32.4401,26.8463,True,5,TOBARRA CB,False
CB LA MATANZA,7,31.170699999999997,73.7329,False,5,TOBARRA CB,False
CB LA MATANZA,0,12.4118,52.3062,False,5,TOBARRA CB,False
CB LA MATANZA,7,29.478099999999998,28.3588,False,5,TOBARRA CB,False
CB LA MATANZA,7,9.379400000000004,55.7093,False,5,TOBARRA CB,False
CB LA MATANZA,23,22.708,48.6511,False,5,TOBARRA CB,False
CB LA MATANZA,0,9.520499999999998,48.273,True,5,TOBARRA CB,False
CB LA MATANZA,1,17.4189,28.6109,True,5,TOBARRA CB,False
CB LA MATANZA,9,6.558499999999995,4.41137,True,5,TOBARRA CB,False
CB LA MATANZA,10,11.0014,48.1469,False,5,TOBARRA CB,False
CB LA MATANZA,11,26.3752,8.0665,False,5,TOBARRA CB,False
CB LA MATANZA,7,37.6587,59.7425,False,5,TOBARRA CB,False
CB LA MATANZA,14,8.3921,41.0887,False,5,TOBARRA CB,False
CB LA MATANZA,23,29.689700000000002,84.8243,True,5,TOBARRA CB,False
CB LA MATANZA,0,9.73202,45.8782,False,5,TOBARRA CB,False
CB LA MATANZA,72,9.379400000000004,55.7093,True,5,TOBARRA CB,False
CB LA MATANZA,0,12.2003,4.78948,False,5,TOBARRA CB,False
CB LA MATANZA,72,7.968999999999994,53.0624,False,5,TOBARRA CB,False
CB LA MATANZA,11,8.180499999999995,92.6387,False,5,TOBARRA CB,False
CB LA MATANZA,23,20.169200000000004,91.2523,False,5,TOBARRA CB,False
CB LA MATANZA,72,9.1678,72.7245,False,5,TOBARRA CB,False
CB LA MATANZA,72,7.968999999999994,53.0624,True,5,TOBARRA CB,False
CB LA MATANZA,14,9.1678,72.7245,True,5,TOBARRA CB,False
CB LA MATANZA,72,8.603700000000003,46.8865,True,5,TOBARRA CB,False
CB LA MATANZA,11,29.1961,21.3006,False,5,TOBARRA CB,False
CB LA MATANZA,10,23.3427,90.244,False,5,TOBARRA CB,False
CB LA MATANZA,10,31.664299999999997,82.3035,True,5,TOBARRA CB,False
CB LA MATANZA,7,6.981700000000004,49.9115,True,5,TOBARRA CB,False
CB LA MATANZA,0,10.2962,55.0791,True,5,TOBARRA CB,False
CB LA MATANZA,11,30.888599999999997,82.6816,False,5,TOBARRA CB,False
CB LA MATANZA,11,11.4245,71.8423,True,5,TOBARRA CB,False
CB LA MATANZA,23,7.8279,55.5832,False,5,TOBARRA CB,False
CB LA MATANZA,23,31.2412,78.0182,False,5,TOBARRA CB,False
CB LA MATANZA,23,34.6262,31.8879,True,5,TOBARRA CB,False
CB LA MATANZA,23,12.0592,53.0624,False,5,TOBARRA CB,False
CB LA MATANZA,7,11.4245,45.248,True,5,TOBARRA CB,False
CB LA MATANZA,0,6.911100000000005,53.5666,True,5,TOBARRA CB,False
CB LA MATANZA,23,7.122699999999995,43.3574,True,5,TOBARRA CB,False
CB LA MATANZA,23,10.860399999999998,48.6511,False,5,TOBARRA CB,False
CB LA MATANZA,7,34.5557,50.1636,True,5,TOBARRA CB,False
CB LA MATANZA,0,11.5656,54.3228,False,5,TOBARRA CB,False
CB LA MATANZA,9,12.4824,5.04156,True,5,TOBARRA CB,False
CB LA MATANZA,11,32.9337,80.9171,False,5,TOBARRA CB,False
CB LA MATANZA,23,24.612099999999998,43.4835,True,5,TOBARRA CB,False
CB LA MATANZA,72,7.757400000000004,49.5334,True,5,TOBARRA CB,False
CB LA MATANZA,7,27.926699999999997,73.6068,False,5,TOBARRA CB,False
CB LA MATANZA,14,37.9408,55.7093,False,5,TOBARRA CB,False
CB LA MATANZA,23,10.9309,48.525,False,5,TOBARRA CB,False
CB LA MATANZA,11,11.6361,95.9157,False,5,TOBARRA CB,False
CB LA MATANZA,9,14.6685,95.6637,False,5,TOBARRA CB,False
CB LA MATANZA,23,10.578299999999999,43.7356,False,5,TOBARRA CB,False
CB LA MATANZA,7,33.7094,66.8007,False,5,TOBARRA CB,False
CB LA MATANZA,23,33.6389,53.0624,False,5,TOBARRA CB,False
CB LA MATANZA,14,12.200299999999999,27.9807,True,5,TOBARRA CB,False
CB LA MATANZA,14,32.299,76.7578,False,5,TOBARRA CB,False
CB LA MATANZA,9,26.163600000000002,85.4545,False,5,TOBARRA CB,False
CB LA MATANZA,23,8.321600000000004,56.8436,False,5,TOBARRA CB,False
CB LA MATANZA,14,11.6361,95.9157,True,5,TOBARRA CB,False
CB LA MATANZA,1,30.677,85.5805,True,5,TOBARRA CB,False
CB LA MATANZA,23,12.341300000000004,51.9281,False,5,TOBARRA CB,False
CB LA MATANZA,14,12.4118,73.1027,False,5,TOBARRA CB,False
CB LA MATANZA,10,31.805400000000006,28.3588,True,5,TOBARRA CB,False
CB LA MATANZA,0,28.067700000000002,18.6538,False,5,TOBARRA CB,False
CB LA MATANZA,9,7.1932000000000045,55.4572,False,5,TOBARRA CB,False
CB LA MATANZA,23,6.135400000000004,55.4572,True,5,TOBARRA CB,False
CB LA MATANZA,9,9.30889,95.5376,True,5,TOBARRA CB,False
CB LA MATANZA,23,34.6968,70.2038,False,5,TOBARRA CB,False
CB LA MATANZA,0,9.379400000000004,55.3312,True,5,TOBARRA CB,False
CB LA MATANZA,0,30.8181,72.4725,True,5,TOBARRA CB,False
CB LA MATANZA,23,8.039500000000004,50.9198,False,5,TOBARRA CB,False
CESUR DISTRITO OLIMPICO,5,6.981700000000004,53.6926,True,5,EL VENTERO CBV,True
CESUR DISTRITO OLIMPICO,2,9.87306,50.2896,False,5,EL VENTERO CBV,True
CESUR DISTRITO OLIMPICO,70,7.2637,52.8104,False,5,EL VENTERO CBV,True
CESUR DISTRITO OLIMPICO,10,29.548699999999997,56.9697,False,5,EL VENTERO CBV,True
CESUR DISTRITO OLIMPICO,25,8.53315,48.525,True,5,EL VENTERO CBV,True
CESUR DISTRITO OLIMPICO,5,7.5458,57.0957,False,5,EL VENTERO CBV,True
CESUR DISTRITO OLIMPICO,25,9.6615,52.8104,True,5,EL VENTERO CBV,True
CESUR DISTRITO OLIMPICO,25,8.674199999999999,45.5001,True,5,EL VENTERO CBV,True
CESUR DISTRITO OLIMPICO,41,28.6319,17.5194,True,5,EL VENTERO CBV,True
CESUR DISTRITO OLIMPICO,25,13.963300000000004,47.6428,False,5,EL VENTERO CBV,True
CESUR DISTRITO OLIMPICO,25,10.225700000000003,51.1719,True,5,EL VENTERO CBV,True
CESUR DISTRITO OLIMPICO,2,11.565600000000003,50.7937,False,5,EL VENTERO CBV,True
CESUR DISTRITO OLIMPICO,14,19.5346,52.1802,True,5,EL VENTERO CBV,True
CESUR DISTRITO OLIMPICO,41,23.4838,34.2826,False,5,EL VENTERO CBV,True
CESUR DISTRITO OLIMPICO,10,25.67,14.6205,True,5,EL VENTERO CBV,True
CESUR DISTRITO OLIMPICO,16,27.292,12.3518,False,5,EL VENTERO CBV,True
CESUR DISTRITO OLIMPICO,16,24.753200000000007,13.3601,False,5,EL VENTERO CBV,True
CESUR DISTRITO OLIMPICO,25,8.88575,42.8533,False,5,EL VENTERO CBV,True
CESUR DISTRITO OLIMPICO,70,7.5458,50.5417,True,5,EL VENTERO CBV,True
CESUR DISTRITO OLIMPICO,10,24.33,10.2092,False,5,EL VENTERO CBV,True
CESUR DISTRITO OLIMPICO,16,11.212999999999994,43.9876,False,5,EL VENTERO CBV,True
CESUR DISTRITO OLIMPICO,5,10.648799999999994,48.6511,True,5,EL VENTERO CBV,True
CESUR DISTRITO OLIMPICO,33,29.689700000000002,23.4433,False,5,EL VENTERO CBV,True
CESUR DISTRITO OLIMPICO,25,5.71227,54.3228,True,5,EL VENTERO CBV,True
CESUR DISTRITO OLIMPICO,70,7.5458,57.0957,True,5,EL VENTERO CBV,True
CESUR DISTRITO OLIMPICO,2,13.117099999999994,54.4489,False,5,EL VENTERO CBV,True
CESUR DISTRITO OLIMPICO,70,8.674199999999999,60.8769,False,5,EL VENTERO CBV,True
CESUR DISTRITO OLIMPICO,14,16.3611,7.94046,False,5,EL VENTERO CBV,True
CESUR DISTRITO OLIMPICO,5,6.417500000000004,58.2301,False,5,EL VENTERO CBV,True
CESUR DISTRITO OLIMPICO,41,31.3822,68.6913,True,5,EL VENTERO CBV,True
CESUR DISTRITO OLIMPICO,2,9.09732,50.0375,True,5,EL VENTERO CBV,True
CESUR DISTRITO OLIMPICO,13,27.9267,81.9254,False,5,EL VENTERO CBV,True
CESUR DISTRITO OLIMPICO,15,6.34697,54.953,True,5,EL VENTERO CBV,True
CESUR DISTRITO OLIMPICO,2,18.547200000000004,4.53741,False,5,EL VENTERO CBV,True
CESUR DISTRITO OLIMPICO,33,29.1961,21.9308,False,5,EL VENTERO CBV,True
CESUR DISTRITO OLIMPICO,25,9.238399999999999,49.9115,False,5,EL VENTERO CBV,True
CESUR DISTRITO OLIMPICO,14,8.674199999999999,60.8769,False,5,EL VENTERO CBV,True
CESUR DISTRITO OLIMPICO,2,18.9704,95.0335,True,5,EL VENTERO CBV,True
CESUR DISTRITO OLIMPICO,10,13.187600000000003,51.4239,True,5,EL VENTERO CBV,True
CESUR DISTRITO OLIMPICO,70,7.82793,57.978,False,5,EL VENTERO CBV,True
CESUR DISTRITO OLIMPICO,16,14.9506,38.82,False,5,EL VENTERO CBV,True
CESUR DISTRITO OLIMPICO,15,7.5458,51.9281,True,5,EL VENTERO CBV,True
CESUR DISTRITO OLIMPICO,41,14.3159,90.4961,False,5,EL VENTERO CBV,True
CESUR DISTRITO OLIMPICO,13,9.59097,34.7868,False,5,EL VENTERO CBV,True
CESUR DISTRITO OLIMPICO,10,8.67419,54.4489,False,5,EL VENTERO CBV,True
CESUR DISTRITO OLIMPICO,14,10.507800000000003,47.2647,False,5,EL VENTERO CBV,True
CESUR DISTRITO OLIMPICO,25,12.975999999999999,47.1386,False,5,EL VENTERO CBV,True
CESUR DISTRITO OLIMPICO,5,10.366699999999994,57.5999,False,5,EL VENTERO CBV,True
CESUR DISTRITO OLIMPICO,15,7.68688,52.4323,False,5,EL VENTERO CBV,True
CESUR DISTRITO OLIMPICO,2,5.43018,93.647,False,5,EL VENTERO CBV,True
CESUR DISTRITO OLIMPICO,2,6.840599999999995,57.8519,False,5,EL VENTERO CBV,True
CESUR DISTRITO OLIMPICO,5,7.82793,49.4073,True,5,EL VENTERO CBV,True
CESUR DISTRITO OLIMPICO,5,6.770099999999999,37.0555,False,5,EL VENTERO CBV,True
CESUR DISTRITO OLIMPICO,16,18.829300000000003,47.0126,False,5,EL VENTERO CBV,True
CESUR DISTRITO OLIMPICO,2,7.968999999999994,78.1442,False,5,EL VENTERO CBV,True
CESUR DISTRITO OLIMPICO,70,7.052199999999999,56.8436,False,5,EL VENTERO CBV,True
CESUR DISTRITO OLIMPICO,70,9.87306,6.04988,False,5,EL VENTERO CBV,True
CESUR DISTRITO OLIMPICO,5,10.2257,51.0458,False,5,EL VENTERO CBV,True
CESUR DISTRITO OLIMPICO,33,25.317300000000003,16.259,True,5,EL VENTERO CBV,True
CESUR DISTRITO OLIMPICO,2,5.9238,92.8908,False,5,EL VENTERO CBV,True
CESUR DISTRITO OLIMPICO,13,12.764499999999998,4.28533,False,5,EL VENTERO CBV,True
CESUR DISTRITO OLIMPICO,10,29.548699999999997,18.2757,False,5,EL VENTERO CBV,True
CESUR DISTRITO OLIMPICO,5,11.283500000000004,38.1898,True,5,EL VENTERO CBV,True
CESUR DISTRITO OLIMPICO,33,34.9083,49.9115,False,5,EL VENTERO CBV,True
CESUR DISTRITO OLIMPICO,33,41.0437,50.0375,False,5,EL VENTERO CBV,True
CESUR DISTRITO OLIMPICO,16,9.379400000000004,49.7854,True,5,EL VENTERO CBV,True
CESUR DISTRITO OLIMPICO,14,27.785600000000002,11.9737,False,5,EL VENTERO CBV,True
CESUR DISTRITO OLIMPICO,16,19.7461,90.7481,False,5,EL VENTERO CBV,True
CESUR DISTRITO OLIMPICO,13,9.59097,46.1303,True,5,EL VENTERO CBV,True
CESUR DISTRITO OLIMPICO,70,6.48801,15.6288,False,5,EL VENTERO CBV,True
EL VENTERO CBV,22,12.835,6.80611,False,5,CESUR DISTRITO OLIMPICO,False
EL VENTERO CBV,3,11.9182,48.9032,False,5,CESUR DISTRITO OLIMPICO,False
EL VENTERO CBV,15,30.9591,19.1579,False,5,CESUR DISTRITO OLIMPICO,False
EL VENTERO CBV,0,3.5260999999999996,52.6843,True,5,CESUR DISTRITO OLIMPICO,False
EL VENTERO CBV,41,11.354,52.9364,True,5,CESUR DISTRITO OLIMPICO,False
EL VENTERO CBV,3,14.668499999999995,92.5127,True,5,CESUR DISTRITO OLIMPICO,False
EL VENTERO CBV,10,27.856099999999998,78.6484,True,5,CESUR DISTRITO OLIMPICO,False
EL VENTERO CBV,10,7.122699999999995,50.2896,False,5,CESUR DISTRITO OLIMPICO,False
EL VENTERO CBV,22,13.8223,92.7648,False,5,CESUR DISTRITO OLIMPICO,False
EL VENTERO CBV,0,8.60367,51.8021,True,5,CESUR DISTRITO OLIMPICO,False
EL VENTERO CBV,41,15.7969,50.7937,False,5,CESUR DISTRITO OLIMPICO,False
EL VENTERO CBV,22,4.30183,92.7648,False,5,CESUR DISTRITO OLIMPICO,False
EL VENTERO CBV,18,5.85331,56.5915,False,5,CESUR DISTRITO OLIMPICO,False
EL VENTERO CBV,10,33.3568,28.2328,False,5,CESUR DISTRITO OLIMPICO,False
EL VENTERO CBV,18,9.379400000000004,58.9863,False,5,CESUR DISTRITO OLIMPICO,False
EL VENTERO CBV,3,7.122699999999995,3.90721,True,5,CESUR DISTRITO OLIMPICO,False
EL VENTERO CBV,0,26.093100000000007,82.6816,False,5,CESUR DISTRITO OLIMPICO,False
EL VENTERO CBV,0,7.5458,2.8989,True,5,CESUR DISTRITO OLIMPICO,False
EL VENTERO CBV,18,5.6417,48.9032,True,5,CESUR DISTRITO OLIMPICO,False
EL VENTERO CBV,10,20.5219,90.4961,False,5,CESUR DISTRITO OLIMPICO,False
EL VENTERO CBV,22,8.744699999999995,61.7591,False,5,CESUR DISTRITO OLIMPICO,False
EL VENTERO CBV,0,29.1961,21.0485,True,5,CESUR DISTRITO OLIMPICO,False
EL VENTERO CBV,0,6.064899999999994,50.6677,True,5,CESUR DISTRITO OLIMPICO,False
EL VENTERO CBV,0,8.81523,54.3228,True,5,CESUR DISTRITO OLIMPICO,False
EL VENTERO CBV,18,7.19323,58.6082,False,5,CESUR DISTRITO OLIMPICO,False
EL VENTERO CBV,41,7.5458,94.9074,False,5,CESUR DISTRITO OLIMPICO,False
EL VENTERO CBV,11,10.9309,42.9793,False,5,CESUR DISTRITO OLIMPICO,False
EL VENTERO CBV,11,9.73202,45.7522,False,5,CESUR DISTRITO OLIMPICO,False
EL VENTERO CBV,10,25.811000000000007,83.816,False,5,CESUR DISTRITO OLIMPICO,False
EL VENTERO CBV,0,7.96897,49.4073,True,5,CESUR DISTRITO OLIMPICO,False
EL VENTERO CBV,10,17.4894,58.2301,True,5,CESUR DISTRITO OLIMPICO,False
EL VENTERO CBV,18,7.5458,45.3741,True,5,CESUR DISTRITO OLIMPICO,False
EL VENTERO CBV,10,22.990099999999998,91.6304,False,5,CESUR DISTRITO OLIMPICO,False
EL VENTERO CBV,10,34.3441,51.1719,True,5,CESUR DISTRITO OLIMPICO,False
EL VENTERO CBV,3,6.629099999999994,49.7854,True,5,CESUR DISTRITO OLIMPICO,False
EL VENTERO CBV,3,13.469700000000003,94.5293,True,5,CESUR DISTRITO OLIMPICO,False
EL VENTERO CBV,41,28.5614,19.0319,False,5,CESUR DISTRITO OLIMPICO,False
EL VENTERO CBV,10,13.1171,92.8908,True,5,CESUR DISTRITO OLIMPICO,False
EL VENTERO CBV,41,6.91114,57.3478,True,5,CESUR DISTRITO OLIMPICO,False
EL VENTERO CBV,27,11.0014,93.7731,True,5,CESUR DISTRITO OLIMPICO,False
EL VENTERO CBV,41,14.0338,66.2966,False,5,CESUR DISTRITO OLIMPICO,False
EL VENTERO CBV,3,30.1834,75.2453,False,5,CESUR DISTRITO OLIMPICO,False
EL VENTERO CBV,0,30.6065,69.0694,False,5,CESUR DISTRITO OLIMPICO,False
EL VENTERO CBV,41,22.284899999999993,29.8713,False,5,CESUR DISTRITO OLIMPICO,False
EL VENTERO CBV,0,9.0268,55.7093,False,5,CESUR DISTRITO OLIMPICO,False
EL VENTERO CBV,27,34.97880000000001,57.4738,False,5,CESUR DISTRITO OLIMPICO,False
EL VENTERO CBV,0,32.2285,37.6857,False,5,CESUR DISTRITO OLIMPICO,False
EL VENTERO CBV,41,6.98166,55.0791,True,5,CESUR DISTRITO OLIMPICO,False
EL VENTERO CBV,41,29.337100000000007,15.1247,True,5,CESUR DISTRITO OLIMPICO,False
EL VENTERO CBV,10,8.180499999999995,52.9364,True,5,CESUR DISTRITO OLIMPICO,False
EL VENTERO CBV,22,33.7094,51.0458,True,5,CESUR DISTRITO OLIMPICO,False
NÁUTICO TENERIFE,1,31.452699999999993,75.8755,False,5,GRUPO INTERBUS ALCOBENDAS,True
NÁUTICO TENERIFE,44,7.686899999999994,56.7176,False,5,GRUPO INTERBUS ALCOBENDAS,True
NÁUTICO TENERIFE,55,34.7673,55.4572,False,5,GRUPO INTERBUS ALCOBENDAS,True
NÁUTICO TENERIFE,51,10.8604,27.8546,False,5,GRUPO INTERBUS ALCOBENDAS,True
NÁUTICO TENERIFE,44,6.1354,44.2397,True,5,GRUPO INTERBUS ALCOBENDAS,True
NÁUTICO TENERIFE,23,13.7518,57.4738,False,5,GRUPO INTERBUS ALCOBENDAS,True
NÁUTICO TENERIFE,13,9.6615,6.55403,False,5,GRUPO INTERBUS ALCOBENDAS,True
NÁUTICO TENERIFE,44,18.7588,66.4226,False,5,GRUPO INTERBUS ALCOBENDAS,True
NÁUTICO TENERIFE,5,19.1819,45.7522,False,5,GRUPO INTERBUS ALCOBENDAS,True
NÁUTICO TENERIFE,18,27.856099999999998,83.942,True,5,GRUPO INTERBUS ALCOBENDAS,True
NÁUTICO TENERIFE,18,31.241200000000006,22.8131,False,5,GRUPO INTERBUS ALCOBENDAS,True
NÁUTICO TENERIFE,1,17.912599999999998,53.5666,False,5,GRUPO INTERBUS ALCOBENDAS,True
NÁUTICO TENERIFE,55,7.4048,34.5347,True,5,GRUPO INTERBUS ALCOBENDAS,True
NÁUTICO TENERIFE,5,8.251099999999994,5.04156,True,5,GRUPO INTERBUS ALCOBENDAS,True
NÁUTICO TENERIFE,5,21.227099999999993,38.9461,False,5,GRUPO INTERBUS ALCOBENDAS,True
NÁUTICO TENERIFE,7,22.496499999999997,6.17591,True,5,GRUPO INTERBUS ALCOBENDAS,True
NÁUTICO TENERIFE,18,9.943600000000004,42.7272,False,5,GRUPO INTERBUS ALCOBENDAS,True
NÁUTICO TENERIFE,13,28.0677,9.07481,False,5,GRUPO INTERBUS ALCOBENDAS,True
NÁUTICO TENERIFE,1,31.9464,19.284,True,5,GRUPO INTERBUS ALCOBENDAS,True
NÁUTICO TENERIFE,5,17.9126,68.0611,False,5,GRUPO INTERBUS ALCOBENDAS,True
NÁUTICO TENERIFE,18,27.221400000000003,16.5111,True,5,GRUPO INTERBUS ALCOBENDAS,True
NÁUTICO TENERIFE,1,35.8251,51.676,False,5,GRUPO INTERBUS ALCOBENDAS,True
NÁUTICO TENERIFE,39,5.9238,50.9198,True,5,GRUPO INTERBUS ALCOBENDAS,True
NÁUTICO TENERIFE,51,7.052199999999999,69.8256,True,5,GRUPO INTERBUS ALCOBENDAS,True
NÁUTICO TENERIFE,18,35.754599999999996,49.2813,True,5,GRUPO INTERBUS ALCOBENDAS,True
NÁUTICO TENERIFE,44,7.68688,31.3837,False,5,GRUPO INTERBUS ALCOBENDAS,True
NÁUTICO TENERIFE,1,30.042299999999997,18.0236,False,5,GRUPO INTERBUS ALCOBENDAS,True
NÁUTICO TENERIFE,39,4.72496,52.4323,True,5,GRUPO INTERBUS ALCOBENDAS,True
NÁUTICO TENERIFE,5,32.299,76.6318,False,5,GRUPO INTERBUS ALCOBENDAS,True
NÁUTICO TENERIFE,3,24.7532,8.19254,True,5,GRUPO INTERBUS ALCOBENDAS,True
NÁUTICO TENERIFE,5,21.086,57.4738,False,5,GRUPO INTERBUS ALCOBENDAS,True
NÁUTICO TENERIFE,5,32.299,17.8975,False,5,GRUPO INTERBUS ALCOBENDAS,True
NÁUTICO TENERIFE,55,11.354,46.8865,False,5,GRUPO INTERBUS ALCOBENDAS,True
NÁUTICO TENERIFE,51,6.558499999999995,58.7342,False,5,GRUPO INTERBUS ALCOBENDAS,True
NÁUTICO TENERIFE,18,31.3117,79.5307,False,5,GRUPO INTERBUS ALCOBENDAS,True
NÁUTICO TENERIFE,7,5.50071,36.1732,True,5,GRUPO INTERBUS ALCOBENDAS,True
NÁUTICO TENERIFE,7,27.7856,17.7715,False,5,GRUPO INTERBUS ALCOBENDAS,True
NÁUTICO TENERIFE,55,10.7193,32.8962,True,5,GRUPO INTERBUS ALCOBENDAS,True
NÁUTICO TENERIFE,7,29.619200000000006,81.9254,True,5,GRUPO INTERBUS ALCOBENDAS,True
NÁUTICO TENERIFE,18,30.888599999999997,78.7744,False,5,GRUPO INTERBUS ALCOBENDAS,True
NÁUTICO TENERIFE,51,13.6812,74.237,False,5,GRUPO INTERBUS ALCOBENDAS,True
NÁUTICO TENERIFE,55,13.399100000000004,37.5596,False,5,GRUPO INTERBUS ALCOBENDAS,True
NÁUTICO TENERIFE,39,5.50071,36.1732,False,5,GRUPO INTERBUS ALCOBENDAS,True
NÁUTICO TENERIFE,51,16.995800000000003,39.0721,False,5,GRUPO INTERBUS ALCOBENDAS,True
NÁUTICO TENERIFE,3,12.834999999999994,38.568,False,5,GRUPO INTERBUS ALCOBENDAS,True
NÁUTICO TENERIFE,1,24.188999999999993,8.31858,True,5,GRUPO INTERBUS ALCOBENDAS,True
NÁUTICO TENERIFE,1,13.046499999999995,51.8021,False,5,GRUPO INTERBUS ALCOBENDAS,True
NÁUTICO TENERIFE,7,9.80254,95.2855,False,5,GRUPO INTERBUS ALCOBENDAS,True
NÁUTICO TENERIFE,13,7.757400000000004,4.53741,True,5,GRUPO INTERBUS ALCOBENDAS,True
NÁUTICO TENERIFE,7,34.97880000000001,69.1955,False,5,GRUPO INTERBUS ALCOBENDAS,True
NÁUTICO TENERIFE,7,7.68688,7.81442,True,5,GRUPO INTERBUS ALCOBENDAS,True
NÁUTICO TENERIFE,7,27.715100000000007,10.7133,False,5,GRUPO INTERBUS ALCOBENDAS,True
NÁUTICO TENERIFE,55,19.0409,39.5763,False,5,GRUPO INTERBUS ALCOBENDAS,True
NÁUTICO TENERIFE,39,15.6559,25.0818,False,5,GRUPO INTERBUS ALCOBENDAS,True
NÁUTICO TENERIFE,51,17.700999999999993,79.5307,False,5,GRUPO INTERBUS ALCOBENDAS,True
NÁUTICO TENERIFE,44,5.9238,64.9101,False,5,GRUPO INTERBUS ALCOBENDAS,True
NÁUTICO TENERIFE,5,19.393500000000003,56.7176,False,5,GRUPO INTERBUS ALCOBENDAS,True
NÁUTICO TENERIFE,51,35.1904,61.6331,False,5,GRUPO INTERBUS ALCOBENDAS,True
NÁUTICO TENERIFE,55,9.6615,65.0362,True,5,GRUPO INTERBUS ALCOBENDAS,True
NÁUTICO TENERIFE,44,6.41749,45.122,True,5,GRUPO INTERBUS ALCOBENDAS,True
NÁUTICO TENERIFE,1,33.4979,71.086,False,5,GRUPO INTERBUS ALCOBENDAS,True
NÁUTICO TENERIFE,39,28.7729,49.0292,False,5,GRUPO INTERBUS ALCOBENDAS,True
GRUPO INTERBUS ALCOBENDAS,4,28.843400000000003,80.9171,False,5,NÁUTICO TENERIFE,False
GRUPO INTERBUS ALCOBENDAS,77,29.337100000000007,16.133,False,5,NÁUTICO TENERIFE,False
GRUPO INTERBUS ALCOBENDAS,41,17.0663,74.111,False,5,NÁUTICO TENERIFE,False
GRUPO INTERBUS ALCOBENDAS,5,32.4401,73.6068,False,5,NÁUTICO TENERIFE,False
GRUPO INTERBUS ALCOBENDAS,41,16.8547,40.0804,False,5,NÁUTICO TENERIFE,False
GRUPO INTERBUS ALCOBENDAS,33,12.3413,29.3671,False,5,NÁUTICO TENERIFE,False
GRUPO INTERBUS ALCOBENDAS,16,8.039500000000004,76.7578,True,5,NÁUTICO TENERIFE,False
GRUPO INTERBUS ALCOBENDAS,41,8.462599999999995,65.5403,True,5,NÁUTICO TENERIFE,False
GRUPO INTERBUS ALCOBENDAS,24,14.174899999999994,67.809,False,5,NÁUTICO TENERIFE,False
GRUPO INTERBUS ALCOBENDAS,41,17.348399999999998,40.8367,True,5,NÁUTICO TENERIFE,False
GRUPO INTERBUS ALCOBENDAS,17,7.052199999999999,94.7814,False,5,NÁUTICO TENERIFE,False
GRUPO INTERBUS ALCOBENDAS,16,12.0592,61.381,False,5,NÁUTICO TENERIFE,False
GRUPO INTERBUS ALCOBENDAS,14,5.500699999999995,96.1678,False,5,NÁUTICO TENERIFE,False
GRUPO INTERBUS ALCOBENDAS,41,12.3413,77.0099,True,5,NÁUTICO TENERIFE,False
GRUPO INTERBUS ALCOBENDAS,4,28.6319,18.9059,True,5,NÁUTICO TENERIFE,False
GRUPO INTERBUS ALCOBENDAS,41,15.726399999999998,21.4266,False,5,NÁUTICO TENERIFE,False
GRUPO INTERBUS ALCOBENDAS,5,8.60367,32.7702,False,5,NÁUTICO TENERIFE,False
GRUPO INTERBUS ALCOBENDAS,24,9.943600000000004,31.6358,True,5,NÁUTICO TENERIFE,False
GRUPO INTERBUS ALCOBENDAS,17,35.8251,61.5071,False,5,NÁUTICO TENERIFE,False
GRUPO INTERBUS ALCOBENDAS,25,9.52045,32.392,True,5,NÁUTICO TENERIFE,False
GRUPO INTERBUS ALCOBENDAS,41,22.0733,45.8782,False,5,NÁUTICO TENERIFE,False
GRUPO INTERBUS ALCOBENDAS,33,30.324399999999997,77.7661,False,5,NÁUTICO TENERIFE,False
GRUPO INTERBUS ALCOBENDAS,14,13.187600000000003,33.7785,False,5,NÁUTICO TENERIFE,False
GRUPO INTERBUS ALCOBENDAS,25,32.5106,27.0984,True,5,NÁUTICO TENERIFE,False
GRUPO INTERBUS ALCOBENDAS,5,23.554299999999998,11.0914,True,5,NÁUTICO TENERIFE,False
GRUPO INTERBUS ALCOBENDAS,14,23.4133,10.3352,True,5,NÁUTICO TENERIFE,False
GRUPO INTERBUS ALCOBENDAS,41,19.323,51.0458,False,5,NÁUTICO TENERIFE,False
GRUPO INTERBUS ALCOBENDAS,41,13.540199999999999,27.4765,False,5,NÁUTICO TENERIFE,False
GRUPO INTERBUS ALCOBENDAS,77,13.610699999999994,78.2703,False,5,NÁUTICO TENERIFE,False
GRUPO INTERBUS ALCOBENDAS,41,13.1876,68.3132,False,5,NÁUTICO TENERIFE,False
GRUPO INTERBUS ALCOBENDAS,5,7.96897,45.6261,True,5,NÁUTICO TENERIFE,False
GRUPO INTERBUS ALCOBENDAS,16,17.3484,47.7688,False,5,NÁUTICO TENERIFE,False
GRUPO INTERBUS ALCOBENDAS,41,15.726399999999998,72.9766,True,5,NÁUTICO TENERIFE,False
GRUPO INTERBUS ALCOBENDAS,17,9.732,17.0153,True,5,NÁUTICO TENERIFE,False
GRUPO INTERBUS ALCOBENDAS,5,33.8505,41.5929,False,5,NÁUTICO TENERIFE,False
GRUPO INTERBUS ALCOBENDAS,5,29.901300000000006,19.1579,False,5,NÁUTICO TENERIFE,False
GRUPO INTERBUS ALCOBENDAS,14,5.994399999999999,95.0335,True,5,NÁUTICO TENERIFE,False
GRUPO INTERBUS ALCOBENDAS,41,10.2257,33.4004,False,5,NÁUTICO TENERIFE,False
GRUPO INTERBUS ALCOBENDAS,33,24.2595,75.4974,True,5,NÁUTICO TENERIFE,False
GRUPO INTERBUS ALCOBENDAS,41,15.726399999999998,21.4266,False,5,NÁUTICO TENERIFE,False
GRUPO INTERBUS ALCOBENDAS,5,22.4965,90.8742,False,5,NÁUTICO TENERIFE,False
GRUPO INTERBUS ALCOBENDAS,14,29.901300000000006,19.284,False,5,NÁUTICO TENERIFE,False
GRUPO INTERBUS ALCOBENDAS,41,12.834999999999994,51.4239,False,5,NÁUTICO TENERIFE,False
GRUPO INTERBUS ALCOBENDAS,14,32.6516,76.5057,True,5,NÁUTICO TENERIFE,False
GRUPO INTERBUS ALCOBENDAS,77,12.6939,87.093,False,5,NÁUTICO TENERIFE,False
GRUPO INTERBUS ALCOBENDAS,41,17.348399999999998,56.9697,False,5,NÁUTICO TENERIFE,False
GRUPO INTERBUS ALCOBENDAS,16,9.943600000000004,36.9294,False,5,NÁUTICO TENERIFE,False
GRUPO INTERBUS ALCOBENDAS,5,9.09732,38.4419,False,5,NÁUTICO TENERIFE,False
GRUPO INTERBUS ALCOBENDAS,41,15.5853,59.6165,False,5,NÁUTICO TENERIFE,False
GRUPO INTERBUS ALCOBENDAS,14,28.914,10.9654,True,5,NÁUTICO TENERIFE,False
GRUPO INTERBUS ALCOBENDAS,15,11.142499999999998,63.3977,False,5,NÁUTICO TENERIFE,False
GRUPO INTERBUS ALCOBENDAS,16,11.5656,62.5154,True,5,NÁUTICO TENERIFE,False
GRUPO INTERBUS ALCOBENDAS,17,7.8279,55.9613,False,5,NÁUTICO TENERIFE,False
GRUPO INTERBUS ALCOBENDAS,41,15.232699999999994,53.4406,False,5,NÁUTICO TENERIFE,False
GRUPO INTERBUS ALCOBENDAS,33,13.8223,18.9059,False,5,NÁUTICO TENERIFE,False
GRUPO INTERBUS ALCOBENDAS,24,14.3159,39.8283,True,5,NÁUTICO TENERIFE,False
GRUPO INTERBUS ALCOBENDAS,16,12.975999999999999,31.7618,False,5,NÁUTICO TENERIFE,False
GRUPO INTERBUS ALCOBENDAS,5,34.2031,29.8713,False,5,NÁUTICO TENERIFE,False
GRUPO INTERBUS ALCOBENDAS,41,13.5402,25.838,False,5,NÁUTICO TENERIFE,False
GRUPO INTERBUS ALCOBENDAS,41,9.661500000000004,64.658,True,5,NÁUTICO TENERIFE,False
GRUPO INTERBUS ALCOBENDAS,14,6.98166,2.01663,False,5,NÁUTICO TENERIFE,False
GRUPO INTERBUS ALCOBENDAS,25,11.5656,62.5154,False,5,NÁUTICO TENERIFE,False
GRUPO INTERBUS ALCOBENDAS,4,12.1298,96.4199,False,5,NÁUTICO TENERIFE,False
BALONCESTO ALCALA,14,7.5458,50.1636,False,5,INMOBILIARIA GÁLVEZ SANTA CRUZ,True
BALONCESTO ALCALA,12,6.69958,47.7688,True,5,INMOBILIARIA GÁLVEZ SANTA CRUZ,True
BALONCESTO ALCALA,29,8.11001,48.6511,True,5,INMOBILIARIA GÁLVEZ SANTA CRUZ,True
BALONCESTO ALCALA,19,10.507800000000003,5.29364,False,5,INMOBILIARIA GÁLVEZ SANTA CRUZ,True
BALONCESTO ALCALA,19,34.3441,73.1027,False,5,INMOBILIARIA GÁLVEZ SANTA CRUZ,True
BALONCESTO ALCALA,10,5.500699999999995,49.2813,True,5,INMOBILIARIA GÁLVEZ SANTA CRUZ,True
BALONCESTO ALCALA,4,9.87306,49.1552,True,5,INMOBILIARIA GÁLVEZ SANTA CRUZ,True
BALONCESTO ALCALA,14,6.06488,48.7771,True,5,INMOBILIARIA GÁLVEZ SANTA CRUZ,True
BALONCESTO ALCALA,91,13.8223,48.0209,False,5,INMOBILIARIA GÁLVEZ SANTA CRUZ,True
BALONCESTO ALCALA,5,20.239800000000002,6.55403,True,5,INMOBILIARIA GÁLVEZ SANTA CRUZ,True
BALONCESTO ALCALA,19,13.117099999999994,47.3907,True,5,INMOBILIARIA GÁLVEZ SANTA CRUZ,True
BALONCESTO ALCALA,91,9.87306,49.1552,False,5,INMOBILIARIA GÁLVEZ SANTA CRUZ,True
BALONCESTO ALCALA,91,7.616399999999999,49.0292,False,5,INMOBILIARIA GÁLVEZ SANTA CRUZ,True
BALONCESTO ALCALA,19,10.0846,18.1496,True,5,INMOBILIARIA GÁLVEZ SANTA CRUZ,True
BALONCESTO ALCALA,14,20.239800000000002,10.2092,False,5,INMOBILIARIA GÁLVEZ SANTA CRUZ,True
BALONCESTO ALCALA,19,11.283500000000004,24.5776,False,5,INMOBILIARIA GÁLVEZ SANTA CRUZ,True
BALONCESTO ALCALA,10,22.849100000000007,91.6304,True,5,INMOBILIARIA GÁLVEZ SANTA CRUZ,True
BALONCESTO ALCALA,19,8.03949,48.0209,False,5,INMOBILIARIA GÁLVEZ SANTA CRUZ,True
BALONCESTO ALCALA,29,30.677000000000007,15.7549,False,5,INMOBILIARIA GÁLVEZ SANTA CRUZ,True
BALONCESTO ALCALA,29,5.218599999999995,46.2563,False,5,INMOBILIARIA GÁLVEZ SANTA CRUZ,True
BALONCESTO ALCALA,4,7.54584,46.2563,False,5,INMOBILIARIA GÁLVEZ SANTA CRUZ,True
BALONCESTO ALCALA,19,10.6488,46.7605,True,5,INMOBILIARIA GÁLVEZ SANTA CRUZ,True
BALONCESTO ALCALA,4,7.2637,46.5084,False,5,INMOBILIARIA GÁLVEZ SANTA CRUZ,True
BALONCESTO ALCALA,5,9.52045,46.2563,False,5,INMOBILIARIA GÁLVEZ SANTA CRUZ,True
BALONCESTO ALCALA,19,14.104399999999998,75.8755,False,5,INMOBILIARIA GÁLVEZ SANTA CRUZ,True
BALONCESTO ALCALA,29,4.23131,46.5084,True,5,INMOBILIARIA GÁLVEZ SANTA CRUZ,True
BALONCESTO ALCALA,19,31.8759,22.9391,True,5,INMOBILIARIA GÁLVEZ SANTA CRUZ,True
BALONCESTO ALCALA,13,7.4047999999999945,49.7854,False,5,INMOBILIARIA GÁLVEZ SANTA CRUZ,True
BALONCESTO ALCALA,19,34.9083,76.5057,False,5,INMOBILIARIA GÁLVEZ SANTA CRUZ,True
BALONCESTO ALCALA,29,7.052199999999999,50.6677,False,5,INMOBILIARIA GÁLVEZ SANTA CRUZ,True
BALONCESTO ALCALA,29,34.414699999999996,53.1885,False,5,INMOBILIARIA GÁLVEZ SANTA CRUZ,True
BALONCESTO ALCALA,91,11.213,48.399,True,5,INMOBILIARIA GÁLVEZ SANTA CRUZ,True
BALONCESTO ALCALA,10,12.0592,49.2813,False,5,INMOBILIARIA GÁLVEZ SANTA CRUZ,True
BALONCESTO ALCALA,19,25.105800000000002,11.3435,False,5,INMOBILIARIA GÁLVEZ SANTA CRUZ,True
BALONCESTO ALCALA,29,20.5924,60.6248,False,5,INMOBILIARIA GÁLVEZ SANTA CRUZ,True
BALONCESTO ALCALA,29,8.95628,48.0209,False,5,INMOBILIARIA GÁLVEZ SANTA CRUZ,True
BALONCESTO ALCALA,29,32.5811,78.5223,False,5,INMOBILIARIA GÁLVEZ SANTA CRUZ,True
BALONCESTO ALCALA,10,8.321600000000004,48.9032,False,5,INMOBILIARIA GÁLVEZ SANTA CRUZ,True
BALONCESTO ALCALA,19,10.366699999999994,75.7495,False,5,INMOBILIARIA GÁLVEZ SANTA CRUZ,True
BALONCESTO ALCALA,29,5.92384,48.273,True,5,INMOBILIARIA GÁLVEZ SANTA CRUZ,True
BALONCESTO ALCALA,10,10.2962,49.5334,True,5,INMOBILIARIA GÁLVEZ SANTA CRUZ,True
BALONCESTO ALCALA,29,6.2059,48.6511,True,5,INMOBILIARIA GÁLVEZ SANTA CRUZ,True
BALONCESTO ALCALA,12,12.482399999999998,8.6967,False,5,INMOBILIARIA GÁLVEZ SANTA CRUZ,True
BALONCESTO ALCALA,19,9.80254,21.9308,True,5,INMOBILIARIA GÁLVEZ SANTA CRUZ,True
BALONCESTO ALCALA,4,29.830699999999993,18.9059,False,5,INMOBILIARIA GÁLVEZ SANTA CRUZ,True
BALONCESTO ALCALA,3,43.9351,23.8214,False,5,INMOBILIARIA GÁLVEZ SANTA CRUZ,True
BALONCESTO ALCALA,29,11.918199999999999,5.67176,False,5,INMOBILIARIA GÁLVEZ SANTA CRUZ,True
BALONCESTO ALCALA,19,17.9831,34.5347,True,5,INMOBILIARIA GÁLVEZ SANTA CRUZ,True
BALONCESTO ALCALA,91,9.16784,49.6594,False,5,INMOBILIARIA GÁLVEZ SANTA CRUZ,True
BALONCESTO ALCALA,10,21.4386,12.2258,True,5,INMOBILIARIA GÁLVEZ SANTA CRUZ,True
BALONCESTO ALCALA,4,22.849100000000007,8.31858,False,5,INMOBILIARIA GÁLVEZ SANTA CRUZ,True
BALONCESTO ALCALA,4,8.46262,49.5334,False,5,INMOBILIARIA GÁLVEZ SANTA CRUZ,True
BALONCESTO ALCALA,19,18.6883,47.6428,True,5,INMOBILIARIA GÁLVEZ SANTA CRUZ,True
BALONCESTO ALCALA,29,10.7898,62.7675,False,5,INMOBILIARIA GÁLVEZ SANTA CRUZ,True
BALONCESTO ALCALA,13,5.853300000000004,47.6428,True,5,INMOBILIARIA GÁLVEZ SANTA CRUZ,True
BALONCESTO ALCALA,19,7.4048,46.8865,True,5,INMOBILIARIA GÁLVEZ SANTA CRUZ,True
BALONCESTO ALCALA,5,31.029600000000002,77.0099,False,5,INMOBILIARIA GÁLVEZ SANTA CRUZ,True
BALONCESTO ALCALA,12,7.68688,49.1552,False,5,INMOBILIARIA GÁLVEZ SANTA CRUZ,True
BALONCESTO ALCALA,29,6.981700000000004,49.2813,True,5,INMOBILIARIA GÁLVEZ SANTA CRUZ,True
BALONCESTO ALCALA,91,9.73202,60.8769,False,5,INMOBILIARIA GÁLVEZ SANTA CRUZ,True
BALONCESTO ALCALA,13,37.165,51.9281,False,5,INMOBILIARIA GÁLVEZ SANTA CRUZ,True
BALONCESTO ALCALA,29,10.5078,50.4156,False,5,INMOBILIARIA GÁLVEZ SANTA CRUZ,True
BALONCESTO ALCALA,19,26.8688,87.5972,False,5,INMOBILIARIA GÁLVEZ SANTA CRUZ,True
BALONCESTO ALCALA,13,10.8604,51.8021,False,5,INMOBILIARIA GÁLVEZ SANTA CRUZ,True
INMOBILIARIA GÁLVEZ SANTA CRUZ,15,33.35680000000001,42.7272,True,5,BALONCESTO ALCALA,False
INMOBILIARIA GÁLVEZ SANTA CRUZ,24,9.1678,48.0209,True,5,BALONCESTO ALCALA,False
INMOBILIARIA GÁLVEZ SANTA CRUZ,15,26.375200000000007,10.4612,False,5,BALONCESTO ALCALA,False
INMOBILIARIA GÁLVEZ SANTA CRUZ,15,31.5233,27.3505,False,5,BALONCESTO ALCALA,False
INMOBILIARIA GÁLVEZ SANTA CRUZ,15,33.5684,38.9461,False,5,BALONCESTO ALCALA,False
INMOBILIARIA GÁLVEZ SANTA CRUZ,14,9.520499999999998,48.7771,False,5,BALONCESTO ALCALA,False
INMOBILIARIA GÁLVEZ SANTA CRUZ,6,7.68688,47.8948,False,5,BALONCESTO ALCALA,False
INMOBILIARIA GÁLVEZ SANTA CRUZ,6,13.4697,25.5859,False,5,BALONCESTO ALCALA,False
INMOBILIARIA GÁLVEZ SANTA CRUZ,9,18.1241,6.55403,True,5,BALONCESTO ALCALA,False
INMOBILIARIA GÁLVEZ SANTA CRUZ,14,13.046499999999995,79.6567,True,5,BALONCESTO ALCALA,False
INMOBILIARIA GÁLVEZ SANTA CRUZ,21,6.1354,48.273,True,5,BALONCESTO ALCALA,False
INMOBILIARIA GÁLVEZ SANTA CRUZ,15,21.4386,7.56234,True,5,BALONCESTO ALCALA,False
INMOBILIARIA GÁLVEZ SANTA CRUZ,44,11.847700000000003,93.395,False,5,BALONCESTO ALCALA,False
INMOBILIARIA GÁLVEZ SANTA CRUZ,6,27.785600000000002,15.2507,False,5,BALONCESTO ALCALA,False
INMOBILIARIA GÁLVEZ SANTA CRUZ,44,35.543000000000006,63.2716,False,5,BALONCESTO ALCALA,False
INMOBILIARIA GÁLVEZ SANTA CRUZ,14,35.402,82.1775,False,5,BALONCESTO ALCALA,False
INMOBILIARIA GÁLVEZ SANTA CRUZ,6,9.732,53.3145,True,5,BALONCESTO ALCALA,False
INMOBILIARIA GÁLVEZ SANTA CRUZ,7,15.021199999999993,93.2689,True,5,BALONCESTO ALCALA,False
INMOBILIARIA GÁLVEZ SANTA CRUZ,15,25.0353,8.44462,False,5,BALONCESTO ALCALA,False
INMOBILIARIA GÁLVEZ SANTA CRUZ,15,8.32158,49.5334,True,5,BALONCESTO ALCALA,False
INMOBILIARIA GÁLVEZ SANTA CRUZ,6,6.27645,49.2813,True,5,BALONCESTO ALCALA,False
INMOBILIARIA GÁLVEZ SANTA CRUZ,14,32.0874,63.3977,False,5,BALONCESTO ALCALA,False
INMOBILIARIA GÁLVEZ SANTA CRUZ,15,34.9083,49.7854,False,5,BALONCESTO ALCALA,False
INMOBILIARIA GÁLVEZ SANTA CRUZ,15,20.380799999999994,7.68838,True,5,BALONCESTO ALCALA,False
INMOBILIARIA GÁLVEZ SANTA CRUZ,15,39.1396,34.1566,False,5,BALONCESTO ALCALA,False
INMOBILIARIA GÁLVEZ SANTA CRUZ,8,9.308899999999994,49.2813,True,5,BALONCESTO ALCALA,False
INMOBILIARIA GÁLVEZ SANTA CRUZ,15,5.6417,49.0292,True,5,BALONCESTO ALCALA,False
INMOBILIARIA GÁLVEZ SANTA CRUZ,15,32.7927,73.4808,False,5,BALONCESTO ALCALA,False
INMOBILIARIA GÁLVEZ SANTA CRUZ,21,6.34697,39.7023,True,5,BALONCESTO ALCALA,False
INMOBILIARIA GÁLVEZ SANTA CRUZ,44,18.8999,5.04156,False,5,BALONCESTO ALCALA,False
INMOBILIARIA GÁLVEZ SANTA CRUZ,24,11.9887,41.0887,True,5,BALONCESTO ALCALA,False
INMOBILIARIA GÁLVEZ SANTA CRUZ,24,9.30889,49.0292,False,5,BALONCESTO ALCALA,False
INMOBILIARIA GÁLVEZ SANTA CRUZ,6,27.433,11.9737,False,5,BALONCESTO ALCALA,False
INMOBILIARIA GÁLVEZ SANTA CRUZ,21,11.354,79.0265,True,5,BALONCESTO ALCALA,False
INMOBILIARIA GÁLVEZ SANTA CRUZ,14,32.158,19.7881,False,5,BALONCESTO ALCALA,False
INMOBILIARIA GÁLVEZ SANTA CRUZ,14,24.33,9.07481,True,5,BALONCESTO ALCALA,False
INMOBILIARIA GÁLVEZ SANTA CRUZ,14,12.7645,50.7937,False,5,BALONCESTO ALCALA,False
INMOBILIARIA GÁLVEZ SANTA CRUZ,13,17.2779,51.1719,False,5,BALONCESTO ALCALA,False
INMOBILIARIA GÁLVEZ SANTA CRUZ,6,22.002799999999993,68.8173,False,5,BALONCESTO ALCALA,False
INMOBILIARIA GÁLVEZ SANTA CRUZ,8,31.029600000000002,84.3201,False,5,BALONCESTO ALCALA,False
INMOBILIARIA GÁLVEZ SANTA CRUZ,21,6.276399999999995,49.0292,False,5,BALONCESTO ALCALA,False
INMOBILIARIA GÁLVEZ SANTA CRUZ,44,10.1551,81.5473,False,5,BALONCESTO ALCALA,False
INMOBILIARIA GÁLVEZ SANTA CRUZ,21,6.1354,49.1552,True,5,BALONCESTO ALCALA,False
INMOBILIARIA GÁLVEZ SANTA CRUZ,14,6.1354,46.8865,True,5,BALONCESTO ALCALA,False
INMOBILIARIA GÁLVEZ SANTA CRUZ,21,12.3413,31.2577,True,5,BALONCESTO ALCALA,False
INMOBILIARIA GÁLVEZ SANTA CRUZ,7,26.445700000000002,83.3118,False,5,BALONCESTO ALCALA,False
INMOBILIARIA GÁLVEZ SANTA CRUZ,7,7.2637,49.7854,False,5,BALONCESTO ALCALA,False
INMOBILIARIA GÁLVEZ SANTA CRUZ,15,32.2285,77.6401,True,5,BALONCESTO ALCALA,False
INMOBILIARIA GÁLVEZ SANTA CRUZ,15,7.12271,47.0126,True,5,BALONCESTO ALCALA,False
INMOBILIARIA GÁLVEZ SANTA CRUZ,21,8.462599999999995,49.9115,False,5,BALONCESTO ALCALA,False
INMOBILIARIA GÁLVEZ SANTA CRUZ,14,14.5275,5.7978,False,5,BALONCESTO ALCALA,False
INMOBILIARIA GÁLVEZ SANTA CRUZ,15,38.0818,50.9198,False,5,BALONCESTO ALCALA,False
INMOBILIARIA GÁLVEZ SANTA CRUZ,21,13.399100000000004,44.6178,True,5,BALONCESTO ALCALA,False
INMOBILIARIA GÁLVEZ SANTA CRUZ,44,8.88575,5.7978,True,5,BALONCESTO ALCALA,False
INMOBILIARIA GÁLVEZ SANTA CRUZ,15,7.05219,93.647,False,5,BALONCESTO ALCALA,False
INMOBILIARIA GÁLVEZ SANTA CRUZ,7,11.213,46.5084,False,5,BALONCESTO ALCALA,False
FUNDACION GLOBALCAJA LA RODA,20,8.24403,44.2397,True,5,C.D. BASKET GLOBALCAJA QUINTANAR,True
FUNDACION GLOBALCAJA LA RODA,0,8.187600000000003,41.7189,True,5,C.D. BASKET GLOBALCAJA QUINTANAR,True
FUNDACION GLOBALCAJA LA RODA,6,32.7151,75.2453,False,5,C.D. BASKET GLOBALCAJA QUINTANAR,True
FUNDACION GLOBALCAJA LA RODA,4,32.2355,80.0348,True,5,C.D. BASKET GLOBALCAJA QUINTANAR,True
FUNDACION GLOBALCAJA LA RODA,13,8.540199999999999,54.953,True,5,C.D. BASKET GLOBALCAJA QUINTANAR,True
FUNDACION GLOBALCAJA LA RODA,4,13.970399999999998,48.9032,False,5,C.D. BASKET GLOBALCAJA QUINTANAR,True
FUNDACION GLOBALCAJA LA RODA,0,9.23134,42.6012,False,5,C.D. BASKET GLOBALCAJA QUINTANAR,True
FUNDACION GLOBALCAJA LA RODA,25,5.930899999999994,41.2148,True,5,C.D. BASKET GLOBALCAJA QUINTANAR,True
FUNDACION GLOBALCAJA LA RODA,13,34.8308,19.6621,False,5,C.D. BASKET GLOBALCAJA QUINTANAR,True
FUNDACION GLOBALCAJA LA RODA,3,27.087400000000002,76.3797,False,5,C.D. BASKET GLOBALCAJA QUINTANAR,True
FUNDACION GLOBALCAJA LA RODA,0,20.599400000000003,39.0721,True,5,C.D. BASKET GLOBALCAJA QUINTANAR,True
FUNDACION GLOBALCAJA LA RODA,10,23.138199999999998,91.3783,False,5,C.D. BASKET GLOBALCAJA QUINTANAR,True
FUNDACION GLOBALCAJA LA RODA,4,17.4824,51.8021,False,5,C.D. BASKET GLOBALCAJA QUINTANAR,True
FUNDACION GLOBALCAJA LA RODA,13,33.2793,31.7618,False,5,C.D. BASKET GLOBALCAJA QUINTANAR,True
FUNDACION GLOBALCAJA LA RODA,25,6.636099999999999,44.2397,False,5,C.D. BASKET GLOBALCAJA QUINTANAR,True
FUNDACION GLOBALCAJA LA RODA,25,7.552899999999994,44.7439,False,5,C.D. BASKET GLOBALCAJA QUINTANAR,True
FUNDACION GLOBALCAJA LA RODA,6,5.70525,54.827,True,5,C.D. BASKET GLOBALCAJA QUINTANAR,True
FUNDACION GLOBALCAJA LA RODA,0,29.767200000000003,14.8726,False,5,C.D. BASKET GLOBALCAJA QUINTANAR,True
FUNDACION GLOBALCAJA LA RODA,9,10.4302,45.3741,True,5,C.D. BASKET GLOBALCAJA QUINTANAR,True
FUNDACION GLOBALCAJA LA RODA,6,6.76307,55.9613,True,5,C.D. BASKET GLOBALCAJA QUINTANAR,True
FUNDACION GLOBALCAJA LA RODA,20,25.959100000000007,10.7133,False,5,C.D. BASKET GLOBALCAJA QUINTANAR,True
FUNDACION GLOBALCAJA LA RODA,6,5.91681,43.4835,True,5,C.D. BASKET GLOBALCAJA QUINTANAR,True
FUNDACION GLOBALCAJA LA RODA,10,6.1989,58.9863,True,5,C.D. BASKET GLOBALCAJA QUINTANAR,True
FUNDACION GLOBALCAJA LA RODA,0,20.811000000000007,37.9378,False,5,C.D. BASKET GLOBALCAJA QUINTANAR,True
FUNDACION GLOBALCAJA LA RODA,4,6.41046,60.4988,False,5,C.D. BASKET GLOBALCAJA QUINTANAR,True
FUNDACION GLOBALCAJA LA RODA,9,7.200299999999999,56.9697,True,5,C.D. BASKET GLOBALCAJA QUINTANAR,True
FUNDACION GLOBALCAJA LA RODA,4,6.071899999999999,42.6012,True,5,C.D. BASKET GLOBALCAJA QUINTANAR,True
FUNDACION GLOBALCAJA LA RODA,0,20.811000000000007,34.9128,True,5,C.D. BASKET GLOBALCAJA QUINTANAR,True
FUNDACION GLOBALCAJA LA RODA,4,5.437200000000004,41.845,True,5,C.D. BASKET GLOBALCAJA QUINTANAR,True
FUNDACION GLOBALCAJA LA RODA,4,12.066299999999998,46.5084,True,5,C.D. BASKET GLOBALCAJA QUINTANAR,True
FUNDACION GLOBALCAJA LA RODA,6,8.94925,46.3824,True,5,C.D. BASKET GLOBALCAJA QUINTANAR,True
FUNDACION GLOBALCAJA LA RODA,0,7.60934,56.4655,False,5,C.D. BASKET GLOBALCAJA QUINTANAR,True
FUNDACION GLOBALCAJA LA RODA,4,9.0903,54.701,False,5,C.D. BASKET GLOBALCAJA QUINTANAR,True
FUNDACION GLOBALCAJA LA RODA,0,29.7532,83.816,False,5,C.D. BASKET GLOBALCAJA QUINTANAR,True
FUNDACION GLOBALCAJA LA RODA,0,7.60934,56.4655,True,5,C.D. BASKET GLOBALCAJA QUINTANAR,True
FUNDACION GLOBALCAJA LA RODA,9,28.6954,79.5307,False,5,C.D. BASKET GLOBALCAJA QUINTANAR,True
FUNDACION GLOBALCAJA LA RODA,0,30.7405,66.9267,False,5,C.D. BASKET GLOBALCAJA QUINTANAR,True
FUNDACION GLOBALCAJA LA RODA,13,19.1044,55.4572,True,5,C.D. BASKET GLOBALCAJA QUINTANAR,True
FUNDACION GLOBALCAJA LA RODA,9,28.709400000000002,11.9737,False,5,C.D. BASKET GLOBALCAJA QUINTANAR,True
FUNDACION GLOBALCAJA LA RODA,10,9.58395,42.6012,False,5,C.D. BASKET GLOBALCAJA QUINTANAR,True
FUNDACION GLOBALCAJA LA RODA,4,11.925200000000004,42.7272,False,5,C.D. BASKET GLOBALCAJA QUINTANAR,True
FUNDACION GLOBALCAJA LA RODA,4,6.8476,52.1802,True,5,C.D. BASKET GLOBALCAJA QUINTANAR,True
FUNDACION GLOBALCAJA LA RODA,4,12.8985,51.0458,False,5,C.D. BASKET GLOBALCAJA QUINTANAR,True
FUNDACION GLOBALCAJA LA RODA,10,6.69255,44.7439,True,5,C.D. BASKET GLOBALCAJA QUINTANAR,True
FUNDACION GLOBALCAJA LA RODA,0,20.246799999999993,68.9434,False,5,C.D. BASKET GLOBALCAJA QUINTANAR,True
FUNDACION GLOBALCAJA LA RODA,4,5.860299999999995,42.2231,True,5,C.D. BASKET GLOBALCAJA QUINTANAR,True
FUNDACION GLOBALCAJA LA RODA,25,7.975999999999999,54.3228,False,5,C.D. BASKET GLOBALCAJA QUINTANAR,True
FUNDACION GLOBALCAJA LA RODA,13,22.856099999999998,9.45293,False,5,C.D. BASKET GLOBALCAJA QUINTANAR,True
FUNDACION GLOBALCAJA LA RODA,4,7.1297,45.5001,True,5,C.D. BASKET GLOBALCAJA QUINTANAR,True
FUNDACION GLOBALCAJA LA RODA,0,25.183300000000003,48.6511,True,5,C.D. BASKET GLOBALCAJA QUINTANAR,True
FUNDACION GLOBALCAJA LA RODA,6,33.914,46.5084,False,5,C.D. BASKET GLOBALCAJA QUINTANAR,True
FUNDACION GLOBALCAJA LA RODA,10,32.3625,27.4765,False,5,C.D. BASKET GLOBALCAJA QUINTANAR,True
FUNDACION GLOBALCAJA LA RODA,25,8.66716,55.0791,False,5,C.D. BASKET GLOBALCAJA QUINTANAR,True
FUNDACION GLOBALCAJA LA RODA,6,5.648799999999994,43.6095,True,5,C.D. BASKET GLOBALCAJA QUINTANAR,True
FUNDACION GLOBALCAJA LA RODA,6,31.2342,64.9101,False,5,C.D. BASKET GLOBALCAJA QUINTANAR,True
FUNDACION GLOBALCAJA LA RODA,9,10.6418,49.2813,True,5,C.D. BASKET GLOBALCAJA QUINTANAR,True
FUNDACION GLOBALCAJA LA RODA,0,17.3414,48.273,False,5,C.D. BASKET GLOBALCAJA QUINTANAR,True
FUNDACION GLOBALCAJA LA RODA,2,34.8308,19.6621,False,5,C.D. BASKET GLOBALCAJA QUINTANAR,True
C.D. BASKET GLOBALCAJA QUINTANAR,8,13.3921,48.7771,False,5,FUNDACION GLOBALCAJA LA RODA,False
C.D. BASKET GLOBALCAJA QUINTANAR,50,16.354,49.9115,True,5,FUNDACION GLOBALCAJA LA RODA,False
C.D. BASKET GLOBALCAJA QUINTANAR,2,7.89142,45.7522,True,5,FUNDACION GLOBALCAJA LA RODA,False
C.D. BASKET GLOBALCAJA QUINTANAR,1,19.753100000000003,52.5583,False,5,FUNDACION GLOBALCAJA LA RODA,False
C.D. BASKET GLOBALCAJA QUINTANAR,50,5.98733,95.1595,False,5,FUNDACION GLOBALCAJA LA RODA,False
C.D. BASKET GLOBALCAJA QUINTANAR,21,28.2722,87.4711,False,5,FUNDACION GLOBALCAJA LA RODA,False
C.D. BASKET GLOBALCAJA QUINTANAR,1,22.701,40.8367,False,5,FUNDACION GLOBALCAJA LA RODA,False
C.D. BASKET GLOBALCAJA QUINTANAR,12,5.84629,4.03325,False,5,FUNDACION GLOBALCAJA LA RODA,False
C.D. BASKET GLOBALCAJA QUINTANAR,1,5.578299999999999,40.5846,False,5,FUNDACION GLOBALCAJA LA RODA,False
C.D. BASKET GLOBALCAJA QUINTANAR,1,8.4556,57.3478,True,5,FUNDACION GLOBALCAJA LA RODA,False
C.D. BASKET GLOBALCAJA QUINTANAR,8,34.6897,30.7535,False,5,FUNDACION GLOBALCAJA LA RODA,False
C.D. BASKET GLOBALCAJA QUINTANAR,2,17.5529,93.647,False,5,FUNDACION GLOBALCAJA LA RODA,False
C.D. BASKET GLOBALCAJA QUINTANAR,1,8.80821,41.845,True,5,FUNDACION GLOBALCAJA LA RODA,False
C.D. BASKET GLOBALCAJA QUINTANAR,8,3.462599999999995,94.9074,False,5,FUNDACION GLOBALCAJA LA RODA,False
C.D. BASKET GLOBALCAJA QUINTANAR,2,5.84629,58.3561,True,5,FUNDACION GLOBALCAJA LA RODA,False
C.D. BASKET GLOBALCAJA QUINTANAR,14,6.97464,58.104,True,5,FUNDACION GLOBALCAJA LA RODA,False
C.D. BASKET GLOBALCAJA QUINTANAR,50,6.33994,56.2134,True,5,FUNDACION GLOBALCAJA LA RODA,False
C.D. BASKET GLOBALCAJA QUINTANAR,50,16.354,49.9115,False,5,FUNDACION GLOBALCAJA LA RODA,False
C.D. BASKET GLOBALCAJA QUINTANAR,14,32.8702,22.687,False,5,FUNDACION GLOBALCAJA LA RODA,False
C.D. BASKET GLOBALCAJA QUINTANAR,14,8.822299999999998,49.0292,False,5,FUNDACION GLOBALCAJA LA RODA,False
C.D. BASKET GLOBALCAJA QUINTANAR,8,28.5543,90.7481,False,5,FUNDACION GLOBALCAJA LA RODA,False
C.D. BASKET GLOBALCAJA QUINTANAR,1,31.4598,33.7785,True,5,FUNDACION GLOBALCAJA LA RODA,False
C.D. BASKET GLOBALCAJA QUINTANAR,12,7.60934,55.4572,True,5,FUNDACION GLOBALCAJA LA RODA,False
C.D. BASKET GLOBALCAJA QUINTANAR,8,5.437200000000004,57.4738,True,5,FUNDACION GLOBALCAJA LA RODA,False
C.D. BASKET GLOBALCAJA QUINTANAR,14,33.998599999999996,73.6068,False,5,FUNDACION GLOBALCAJA LA RODA,False
C.D. BASKET GLOBALCAJA QUINTANAR,1,8.187600000000003,41.3408,False,5,FUNDACION GLOBALCAJA LA RODA,False
C.D. BASKET GLOBALCAJA QUINTANAR,1,29.7532,27.0984,True,5,FUNDACION GLOBALCAJA LA RODA,False
C.D. BASKET GLOBALCAJA QUINTANAR,14,30.67,20.2923,True,5,FUNDACION GLOBALCAJA LA RODA,False
C.D. BASKET GLOBALCAJA QUINTANAR,2,8.80821,65.0362,False,5,FUNDACION GLOBALCAJA LA RODA,False
C.D. BASKET GLOBALCAJA QUINTANAR,50,5.1551000000000045,43.1054,True,5,FUNDACION GLOBALCAJA LA RODA,False
C.D. BASKET GLOBALCAJA QUINTANAR,14,5.014099999999999,94.4033,True,5,FUNDACION GLOBALCAJA LA RODA,False
C.D. BASKET GLOBALCAJA QUINTANAR,6,22.3484,8.19254,False,5,FUNDACION GLOBALCAJA LA RODA,False
C.D. BASKET GLOBALCAJA QUINTANAR,2,6.918199999999999,55.9613,True,5,FUNDACION GLOBALCAJA LA RODA,False
C.D. BASKET GLOBALCAJA QUINTANAR,8,34.1396,28.8629,False,5,FUNDACION GLOBALCAJA LA RODA,False
C.D. BASKET GLOBALCAJA QUINTANAR,8,5.63472,95.7897,True,5,FUNDACION GLOBALCAJA LA RODA,False
C.D. BASKET GLOBALCAJA QUINTANAR,2,4.15377,5.29364,False,5,FUNDACION GLOBALCAJA LA RODA,False
C.D. BASKET GLOBALCAJA QUINTANAR,12,6.353999999999999,38.4419,False,5,FUNDACION GLOBALCAJA LA RODA,False
C.D. BASKET GLOBALCAJA QUINTANAR,14,30.3174,83.942,True,5,FUNDACION GLOBALCAJA LA RODA,False
C.D. BASKET GLOBALCAJA QUINTANAR,21,33.6319,72.0944,True,5,FUNDACION GLOBALCAJA LA RODA,False
C.D. BASKET GLOBALCAJA QUINTANAR,8,28.638900000000007,20.9225,False,5,FUNDACION GLOBALCAJA LA RODA,False
C.D. BASKET GLOBALCAJA QUINTANAR,14,7.975999999999999,54.1968,False,5,FUNDACION GLOBALCAJA LA RODA,False
C.D. BASKET GLOBALCAJA QUINTANAR,6,4.4498999999999995,42.8533,False,5,FUNDACION GLOBALCAJA LA RODA,False
C.D. BASKET GLOBALCAJA QUINTANAR,12,17.2708,69.6996,False,5,FUNDACION GLOBALCAJA LA RODA,False
C.D. BASKET GLOBALCAJA QUINTANAR,14,6.001400000000004,55.9613,False,5,FUNDACION GLOBALCAJA LA RODA,False
C.D. BASKET GLOBALCAJA QUINTANAR,8,27.228499999999997,16.007,True,5,FUNDACION GLOBALCAJA LA RODA,False
C.D. BASKET GLOBALCAJA QUINTANAR,1,34.9013,69.9517,False,5,FUNDACION GLOBALCAJA LA RODA,False
C.D. BASKET GLOBALCAJA QUINTANAR,21,6.8476,26.3422,False,5,FUNDACION GLOBALCAJA LA RODA,False
C.D. BASKET GLOBALCAJA QUINTANAR,21,32.2355,70.3298,True,5,FUNDACION GLOBALCAJA LA RODA,False
C.D. BASKET GLOBALCAJA QUINTANAR,12,7.693899999999999,74.8672,False,5,FUNDACION GLOBALCAJA LA RODA,False
C.D. BASKET GLOBALCAJA QUINTANAR,2,7.96195,57.5999,False,5,FUNDACION GLOBALCAJA LA RODA,False
C.D. BASKET GLOBALCAJA QUINTANAR,6,6.918199999999999,55.9613,False,5,FUNDACION GLOBALCAJA LA RODA,False
C.D. BASKET GLOBALCAJA QUINTANAR,3,6.353999999999999,51.676,False,5,FUNDACION GLOBALCAJA LA RODA,False
C.D. BASKET GLOBALCAJA QUINTANAR,8,8.24403,83.3118,True,5,FUNDACION GLOBALCAJA LA RODA,False
C.D. BASKET GLOBALCAJA QUINTANAR,1,23.3357,58.3561,False,5,FUNDACION GLOBALCAJA LA RODA,False
C.D. BASKET GLOBALCAJA QUINTANAR,12,27.792599999999993,16.3851,False,5,FUNDACION GLOBALCAJA LA RODA,False
C.D. BASKET GLOBALCAJA QUINTANAR,3,7.693899999999999,58.6082,False,5,FUNDACION GLOBALCAJA LA RODA,False
C.D. BASKET GLOBALCAJA QUINTANAR,8,24.548599999999993,7.94046,False,5,FUNDACION GLOBALCAJA LA RODA,False
C.D. BASKET GLOBALCAJA QUINTANAR,12,8.24403,39.5763,True,5,FUNDACION GLOBALCAJA LA RODA,False
C.D. BASKET GLOBALCAJA QUINTANAR,14,4.308899999999994,5.7978,True,5,FUNDACION GLOBALCAJA LA RODA,False
C.D. BASKET GLOBALCAJA QUINTANAR,8,4.873000000000005,41.4669,True,5,FUNDACION GLOBALCAJA LA RODA,False
C.D. BASKET GLOBALCAJA QUINTANAR,1,31.671300000000002,31.5098,False,5,FUNDACION GLOBALCAJA LA RODA,False
C.D. BASKET GLOBALCAJA QUINTANAR,8,26.5092,12.4779,True,5,FUNDACION GLOBALCAJA LA RODA,False
C.D. BASKET GLOBALCAJA QUINTANAR,6,9.37238,41.4669,False,5,FUNDACION GLOBALCAJA LA RODA,False
MOVISTAR ESTUDIANTES,6,9.33584,65.6682,False,5,SUMIALKI CB CIUDAD DE MOSTOLES,True
MOVISTAR ESTUDIANTES,8,33.556,15.9108,False,5,SUMIALKI CB CIUDAD DE MOSTOLES,True
MOVISTAR ESTUDIANTES,15,27.962100000000007,8.77117,False,5,SUMIALKI CB CIUDAD DE MOSTOLES,True
MOVISTAR ESTUDIANTES,9,9.52022,58.199,True,5,SUMIALKI CB CIUDAD DE MOSTOLES,True
MOVISTAR ESTUDIANTES,6,30.7898,82.1441,True,5,SUMIALKI CB CIUDAD DE MOSTOLES,True
MOVISTAR ESTUDIANTES,15,12.962699999999998,54.3546,True,5,SUMIALKI CB CIUDAD DE MOSTOLES,True
MOVISTAR ESTUDIANTES,25,27.654700000000005,91.0411,False,5,SUMIALKI CB CIUDAD DE MOSTOLES,True
MOVISTAR ESTUDIANTES,22,9.335800000000006,54.3546,True,5,SUMIALKI CB CIUDAD DE MOSTOLES,True
MOVISTAR ESTUDIANTES,12,29.253,85.659,True,5,SUMIALKI CB CIUDAD DE MOSTOLES,True
MOVISTAR ESTUDIANTES,8,10.5653,58.199,False,5,SUMIALKI CB CIUDAD DE MOSTOLES,True
MOVISTAR ESTUDIANTES,22,7.6146,44.2493,True,5,SUMIALKI CB CIUDAD DE MOSTOLES,True
MOVISTAR ESTUDIANTES,6,9.39728,33.8146,False,5,SUMIALKI CB CIUDAD DE MOSTOLES,True
MOVISTAR ESTUDIANTES,22,8.41375,48.5332,True,5,SUMIALKI CB CIUDAD DE MOSTOLES,True
MOVISTAR ESTUDIANTES,15,35.769099999999995,29.421,False,5,SUMIALKI CB CIUDAD DE MOSTOLES,True
MOVISTAR ESTUDIANTES,8,29.0071,92.5789,False,5,SUMIALKI CB CIUDAD DE MOSTOLES,True
MOVISTAR ESTUDIANTES,10,30.052099999999996,83.572,True,5,SUMIALKI CB CIUDAD DE MOSTOLES,True
MOVISTAR ESTUDIANTES,12,26.4867,89.064,False,5,SUMIALKI CB CIUDAD DE MOSTOLES,True
MOVISTAR ESTUDIANTES,12,14.069199999999995,47.4348,True,5,SUMIALKI CB CIUDAD DE MOSTOLES,True
MOVISTAR ESTUDIANTES,25,25.5646,90.8214,False,5,SUMIALKI CB CIUDAD DE MOSTOLES,True
MOVISTAR ESTUDIANTES,12,10.5653,53.2562,False,5,SUMIALKI CB CIUDAD DE MOSTOLES,True
MOVISTAR ESTUDIANTES,9,9.458799999999997,44.0297,True,5,SUMIALKI CB CIUDAD DE MOSTOLES,True
MOVISTAR ESTUDIANTES,6,14.1922,45.897,True,5,SUMIALKI CB CIUDAD DE MOSTOLES,True
MOVISTAR ESTUDIANTES,6,27.285899999999998,7.56295,False,5,SUMIALKI CB CIUDAD DE MOSTOLES,True
MOVISTAR ESTUDIANTES,7,29.191500000000005,13.6041,True,5,SUMIALKI CB CIUDAD DE MOSTOLES,True
MOVISTAR ESTUDIANTES,6,11.9792,44.2493,False,5,SUMIALKI CB CIUDAD DE MOSTOLES,True
MOVISTAR ESTUDIANTES,22,9.58172,59.8467,True,5,SUMIALKI CB CIUDAD DE MOSTOLES,True
MOVISTAR ESTUDIANTES,7,12.225,59.1876,True,5,SUMIALKI CB CIUDAD DE MOSTOLES,True
MOVISTAR ESTUDIANTES,9,10.2579,52.5972,False,5,SUMIALKI CB CIUDAD DE MOSTOLES,True
MOVISTAR ESTUDIANTES,19,10.5653,43.9199,True,5,SUMIALKI CB CIUDAD DE MOSTOLES,True
MOVISTAR ESTUDIANTES,6,31.4045,76.7619,True,5,SUMIALKI CB CIUDAD DE MOSTOLES,True
MOVISTAR ESTUDIANTES,19,30.543899999999994,17.119,False,5,SUMIALKI CB CIUDAD DE MOSTOLES,True
MOVISTAR ESTUDIANTES,8,33.2487,14.0435,True,5,SUMIALKI CB CIUDAD DE MOSTOLES,True
MOVISTAR ESTUDIANTES,25,39.3345,44.6888,True,5,SUMIALKI CB CIUDAD DE MOSTOLES,True
MOVISTAR ESTUDIANTES,15,27.3473,86.5377,True,5,SUMIALKI CB CIUDAD DE MOSTOLES,True
MOVISTAR ESTUDIANTES,6,27.2859,86.7573,False,5,SUMIALKI CB CIUDAD DE MOSTOLES,True
MOVISTAR ESTUDIANTES,15,36.5067,20.7437,False,5,SUMIALKI CB CIUDAD DE MOSTOLES,True
MOVISTAR ESTUDIANTES,9,10.626800000000003,51.9382,True,5,SUMIALKI CB CIUDAD DE MOSTOLES,True
MOVISTAR ESTUDIANTES,8,36.6297,39.0869,True,5,SUMIALKI CB CIUDAD DE MOSTOLES,True
MOVISTAR ESTUDIANTES,8,8.10637,53.1464,False,5,SUMIALKI CB CIUDAD DE MOSTOLES,True
MOVISTAR ESTUDIANTES,19,10.4423,49.1921,True,5,SUMIALKI CB CIUDAD DE MOSTOLES,True
MOVISTAR ESTUDIANTES,7,25.8105,90.7116,False,5,SUMIALKI CB CIUDAD DE MOSTOLES,True
MOVISTAR ESTUDIANTES,9,14.745400000000004,51.3889,True,5,SUMIALKI CB CIUDAD DE MOSTOLES,True
MOVISTAR ESTUDIANTES,8,9.766099999999994,34.5835,False,5,SUMIALKI CB CIUDAD DE MOSTOLES,True
MOVISTAR ESTUDIANTES,9,11.118499999999997,50.4005,True,5,SUMIALKI CB CIUDAD DE MOSTOLES,True
MOVISTAR ESTUDIANTES,9,10.5653,58.199,False,5,SUMIALKI CB CIUDAD DE MOSTOLES,True
MOVISTAR ESTUDIANTES,6,25.380200000000002,92.5789,False,5,SUMIALKI CB CIUDAD DE MOSTOLES,True
MOVISTAR ESTUDIANTES,22,10.012,51.6087,True,5,SUMIALKI CB CIUDAD DE MOSTOLES,True
MOVISTAR ESTUDIANTES,7,11.302999999999997,44.9084,False,5,SUMIALKI CB CIUDAD DE MOSTOLES,True
MOVISTAR ESTUDIANTES,9,10.872600000000006,48.4233,True,5,SUMIALKI CB CIUDAD DE MOSTOLES,True
MOVISTAR ESTUDIANTES,19,17.3888,55.453,False,5,SUMIALKI CB CIUDAD DE MOSTOLES,True
MOVISTAR ESTUDIANTES,19,9.643199999999993,43.3707,True,5,SUMIALKI CB CIUDAD DE MOSTOLES,True
MOVISTAR ESTUDIANTES,12,8.35225,52.5972,False,5,SUMIALKI CB CIUDAD DE MOSTOLES,True
MOVISTAR ESTUDIANTES,25,36.8141,41.2838,True,5,SUMIALKI CB CIUDAD DE MOSTOLES,True
MOVISTAR ESTUDIANTES,12,10.1964,47.5446,False,5,SUMIALKI CB CIUDAD DE MOSTOLES,True
MOVISTAR ESTUDIANTES,6,10.3809,43.0411,True,5,SUMIALKI CB CIUDAD DE MOSTOLES,True
MOVISTAR ESTUDIANTES,11,8.29081,43.7002,True,5,SUMIALKI CB CIUDAD DE MOSTOLES,True
MOVISTAR ESTUDIANTES,11,33.9864,20.7437,False,5,SUMIALKI CB CIUDAD DE MOSTOLES,True
MOVISTAR ESTUDIANTES,19,9.028499999999994,43.4805,True,5,SUMIALKI CB CIUDAD DE MOSTOLES,True
MOVISTAR ESTUDIANTES,8,7.12284,60.8352,True,5,SUMIALKI CB CIUDAD DE MOSTOLES,True
MOVISTAR ESTUDIANTES,6,7.12284,40.0754,False,5,SUMIALKI CB CIUDAD DE MOSTOLES,True
MOVISTAR ESTUDIANTES,25,8.843999999999994,64.35,False,5,SUMIALKI CB CIUDAD DE MOSTOLES,True
MOVISTAR ESTUDIANTES,25,34.6011,12.9451,False,5,SUMIALKI CB CIUDAD DE MOSTOLES,True
MOVISTAR ESTUDIANTES,22,10.6268,55.7826,True,5,SUMIALKI CB CIUDAD DE MOSTOLES,True
MOVISTAR ESTUDIANTES,9,10.012,47.7643,True,5,SUMIALKI CB CIUDAD DE MOSTOLES,True
MOVISTAR ESTUDIANTES,9,9.70466,45.2379,True,5,SUMIALKI CB CIUDAD DE MOSTOLES,True
MOVISTAR ESTUDIANTES,9,8.782600000000002,43.151,False,5,SUMIALKI CB CIUDAD DE MOSTOLES,True
MOVISTAR ESTUDIANTES,6,24.703999999999994,94.556,False,5,SUMIALKI CB CIUDAD DE MOSTOLES,True
MOVISTAR ESTUDIANTES,25,35.892,48.3134,False,5,SUMIALKI CB CIUDAD DE MOSTOLES,True
MOVISTAR ESTUDIANTES,9,11.7947,56.5515,True,5,SUMIALKI CB CIUDAD DE MOSTOLES,True
MOVISTAR ESTUDIANTES,11,23.3516,89.8329,False,5,SUMIALKI CB CIUDAD DE MOSTOLES,True
MOVISTAR ESTUDIANTES,9,8.96702,66.2173,False,5,SUMIALKI CB CIUDAD DE MOSTOLES,True
MOVISTAR ESTUDIANTES,25,35.8305,25.357,False,5,SUMIALKI CB CIUDAD DE MOSTOLES,True
MOVISTAR ESTUDIANTES,8,11.1185,59.4072,False,5,SUMIALKI CB CIUDAD DE MOSTOLES,True
MOVISTAR ESTUDIANTES,8,27.162899999999993,87.7459,False,5,SUMIALKI CB CIUDAD DE MOSTOLES,True
MOVISTAR ESTUDIANTES,15,9.212900000000005,46.3364,False,5,SUMIALKI CB CIUDAD DE MOSTOLES,True
MOVISTAR ESTUDIANTES,22,10.196399999999997,43.9199,True,5,SUMIALKI CB CIUDAD DE MOSTOLES,True
MOVISTAR ESTUDIANTES,22,10.135,59.9565,False,5,SUMIALKI CB CIUDAD DE MOSTOLES,True
MOVISTAR ESTUDIANTES,7,25.5646,90.8214,False,5,SUMIALKI CB CIUDAD DE MOSTOLES,True
MOVISTAR ESTUDIANTES,7,8.905500000000004,47.4348,False,5,SUMIALKI CB CIUDAD DE MOSTOLES,True
MOVISTAR ESTUDIANTES,8,27.3473,3.93819,False,5,SUMIALKI CB CIUDAD DE MOSTOLES,True
SUMIALKI CB CIUDAD DE MOSTOLES,4,12.839799999999997,46.6659,True,5,MOVISTAR ESTUDIANTES,False
SUMIALKI CB CIUDAD DE MOSTOLES,3,32.6954,15.3615,True,5,MOVISTAR ESTUDIANTES,False
SUMIALKI CB CIUDAD DE MOSTOLES,9,29.13,85.3295,True,5,MOVISTAR ESTUDIANTES,False
SUMIALKI CB CIUDAD DE MOSTOLES,33,35.7691,42.9313,False,5,MOVISTAR ESTUDIANTES,False
SUMIALKI CB CIUDAD DE MOSTOLES,9,31.6504,78.739,False,5,MOVISTAR ESTUDIANTES,False
SUMIALKI CB CIUDAD DE MOSTOLES,3,30.7898,10.7483,False,5,MOVISTAR ESTUDIANTES,False
SUMIALKI CB CIUDAD DE MOSTOLES,22,29.683300000000003,87.0868,False,5,MOVISTAR ESTUDIANTES,False
SUMIALKI CB CIUDAD DE MOSTOLES,88,8.290800000000004,39.3066,False,5,MOVISTAR ESTUDIANTES,False
SUMIALKI CB CIUDAD DE MOSTOLES,29,23.044200000000004,93.238,False,5,MOVISTAR ESTUDIANTES,False
SUMIALKI CB CIUDAD DE MOSTOLES,88,8.72108,54.9039,True,5,MOVISTAR ESTUDIANTES,False
SUMIALKI CB CIUDAD DE MOSTOLES,13,12.409400000000005,39.0869,False,5,MOVISTAR ESTUDIANTES,False
SUMIALKI CB CIUDAD DE MOSTOLES,29,31.4045,15.1419,False,5,MOVISTAR ESTUDIANTES,False
SUMIALKI CB CIUDAD DE MOSTOLES,33,10.8726,54.0251,True,5,MOVISTAR ESTUDIANTES,False
SUMIALKI CB CIUDAD DE MOSTOLES,29,32.0807,15.4714,True,5,MOVISTAR ESTUDIANTES,False
SUMIALKI CB CIUDAD DE MOSTOLES,20,10.626800000000003,58.7483,False,5,MOVISTAR ESTUDIANTES,False
SUMIALKI CB CIUDAD DE MOSTOLES,29,33.310199999999995,80.2768,False,5,MOVISTAR ESTUDIANTES,False
SUMIALKI CB CIUDAD DE MOSTOLES,33,33.7405,83.572,False,5,MOVISTAR ESTUDIANTES,False
SUMIALKI CB CIUDAD DE MOSTOLES,88,29.929199999999994,14.0435,True,5,MOVISTAR ESTUDIANTES,False
SUMIALKI CB CIUDAD DE MOSTOLES,9,7.799000000000007,56.1121,False,5,MOVISTAR ESTUDIANTES,False
SUMIALKI CB CIUDAD DE MOSTOLES,29,11.7333,36.0114,False,5,MOVISTAR ESTUDIANTES,False
SUMIALKI CB CIUDAD DE MOSTOLES,9,8.782600000000002,39.746,False,5,MOVISTAR ESTUDIANTES,False
SUMIALKI CB CIUDAD DE MOSTOLES,29,8.598100000000002,64.2402,False,5,MOVISTAR ESTUDIANTES,False
SUMIALKI CB CIUDAD DE MOSTOLES,22,10.073499999999996,47.325,False,5,MOVISTAR ESTUDIANTES,False
SUMIALKI CB CIUDAD DE MOSTOLES,4,10.135,42.1624,False,5,MOVISTAR ESTUDIANTES,False
SUMIALKI CB CIUDAD DE MOSTOLES,22,29.9292,84.3409,False,5,MOVISTAR ESTUDIANTES,False
SUMIALKI CB CIUDAD DE MOSTOLES,12,36.8141,45.1281,False,5,MOVISTAR ESTUDIANTES,False
SUMIALKI CB CIUDAD DE MOSTOLES,4,11.9177,38.3181,False,5,MOVISTAR ESTUDIANTES,False
SUMIALKI CB CIUDAD DE MOSTOLES,9,10.565299999999993,47.7643,True,5,MOVISTAR ESTUDIANTES,False
SUMIALKI CB CIUDAD DE MOSTOLES,12,9.581699999999998,61.4942,True,5,MOVISTAR ESTUDIANTES,False
SUMIALKI CB CIUDAD DE MOSTOLES,29,30.298000000000002,87.8557,False,5,MOVISTAR ESTUDIANTES,False
SUMIALKI CB CIUDAD DE MOSTOLES,12,9.45878,37.9885,False,5,MOVISTAR ESTUDIANTES,False
SUMIALKI CB CIUDAD DE MOSTOLES,12,33.8634,73.2471,True,5,MOVISTAR ESTUDIANTES,False
SUMIALKI CB CIUDAD DE MOSTOLES,29,9.458799999999997,40.2952,True,5,MOVISTAR ESTUDIANTES,False
SUMIALKI CB CIUDAD DE MOSTOLES,4,10.442300000000003,42.0526,True,5,MOVISTAR ESTUDIANTES,False
SUMIALKI CB CIUDAD DE MOSTOLES,4,10.442300000000003,40.6247,True,5,MOVISTAR ESTUDIANTES,False
SUMIALKI CB CIUDAD DE MOSTOLES,20,31.035700000000006,84.8901,False,5,MOVISTAR ESTUDIANTES,False
SUMIALKI CB CIUDAD DE MOSTOLES,9,9.458799999999997,39.746,True,5,MOVISTAR ESTUDIANTES,False
SUMIALKI CB CIUDAD DE MOSTOLES,15,9.88911,50.5103,True,5,MOVISTAR ESTUDIANTES,False
SUMIALKI CB CIUDAD DE MOSTOLES,88,11.057100000000005,40.7345,False,5,MOVISTAR ESTUDIANTES,False
SUMIALKI CB CIUDAD DE MOSTOLES,88,36.5682,47.7643,False,5,MOVISTAR ESTUDIANTES,False
SUMIALKI CB CIUDAD DE MOSTOLES,29,21.0156,5.91539,False,5,MOVISTAR ESTUDIANTES,False
SUMIALKI CB CIUDAD DE MOSTOLES,13,37.2444,31.508,False,5,MOVISTAR ESTUDIANTES,False
SUMIALKI CB CIUDAD DE MOSTOLES,12,15.237200000000001,65.6682,True,5,MOVISTAR ESTUDIANTES,False
SUMIALKI CB CIUDAD DE MOSTOLES,20,27.4088,86.6475,False,5,MOVISTAR ESTUDIANTES,False
SUMIALKI CB CIUDAD DE MOSTOLES,12,27.04,11.5171,True,5,MOVISTAR ESTUDIANTES,False
SUMIALKI CB CIUDAD DE MOSTOLES,29,32.511,13.2746,True,5,MOVISTAR ESTUDIANTES,False
SUMIALKI CB CIUDAD DE MOSTOLES,4,9.827600000000004,39.5263,True,5,MOVISTAR ESTUDIANTES,False
SUMIALKI CB CIUDAD DE MOSTOLES,9,32.08069999999999,17.6681,True,5,MOVISTAR ESTUDIANTES,False
SUMIALKI CB CIUDAD DE MOSTOLES,13,25.195800000000006,9.64985,False,5,MOVISTAR ESTUDIANTES,False
SUMIALKI CB CIUDAD DE MOSTOLES,4,34.4781,18.8765,False,5,MOVISTAR ESTUDIANTES,False
SUMIALKI CB CIUDAD DE MOSTOLES,15,9.335800000000006,63.9107,False,5,MOVISTAR ESTUDIANTES,False
SUMIALKI CB CIUDAD DE MOSTOLES,12,9.52022,56.6613,True,5,MOVISTAR ESTUDIANTES,False
SUMIALKI CB CIUDAD DE MOSTOLES,29,11.2415,48.5332,False,5,MOVISTAR ESTUDIANTES,False
SUMIALKI CB CIUDAD DE MOSTOLES,15,12.4709,45.5675,False,5,MOVISTAR ESTUDIANTES,False
SUMIALKI CB CIUDAD DE MOSTOLES,33,28.8226,12.6155,False,5,MOVISTAR ESTUDIANTES,False
SUMIALKI CB CIUDAD DE MOSTOLES,9,8.843999999999994,39.8558,True,5,MOVISTAR ESTUDIANTES,False
SUMIALKI CB CIUDAD DE MOSTOLES,11,10.5038,56.881,False,5,MOVISTAR ESTUDIANTES,False
SUMIALKI CB CIUDAD DE MOSTOLES,11,25.5646,8.88098,False,5,MOVISTAR ESTUDIANTES,False
SUMIALKI CB CIUDAD DE MOSTOLES,29,30.7898,82.1441,False,5,MOVISTAR ESTUDIANTES,False
SUMIALKI CB CIUDAD DE MOSTOLES,13,26.548100000000005,87.7459,False,5,MOVISTAR ESTUDIANTES,False
SUMIALKI CB CIUDAD DE MOSTOLES,11,10.8112,21.842,False,5,MOVISTAR ESTUDIANTES,False
SUMIALKI CB CIUDAD DE MOSTOLES,15,23.0442,7.01369,True,5,MOVISTAR ESTUDIANTES,False
SUMIALKI CB CIUDAD DE MOSTOLES,4,12.716800000000006,65.3386,False,5,MOVISTAR ESTUDIANTES,False
SUMIALKI CB CIUDAD DE MOSTOLES,15,28.6383,9.86958,False,5,MOVISTAR ESTUDIANTES,False
SUMIALKI CB CIUDAD DE MOSTOLES,9,28.269400000000005,11.6271,False,5,MOVISTAR ESTUDIANTES,False
SUMIALKI CB CIUDAD DE MOSTOLES,9,14.8069,4.70707,False,5,MOVISTAR ESTUDIANTES,False
SUMIALKI CB CIUDAD DE MOSTOLES,12,9.151399999999995,66.437,False,5,MOVISTAR ESTUDIANTES,False
SUMIALKI CB CIUDAD DE MOSTOLES,88,34.1708,79.5079,True,5,MOVISTAR ESTUDIANTES,False
SUMIALKI CB CIUDAD DE MOSTOLES,9,33.0643,17.3387,False,5,MOVISTAR ESTUDIANTES,False
SUMIALKI CB CIUDAD DE MOSTOLES,9,26.117900000000006,90.2723,False,5,MOVISTAR ESTUDIANTES,False
SUMIALKI CB CIUDAD DE MOSTOLES,9,11.1185,52.3775,False,5,MOVISTAR ESTUDIANTES,False
SUMIALKI CB CIUDAD DE MOSTOLES,88,7.799000000000007,56.1121,False,5,MOVISTAR ESTUDIANTES,False
SUMIALKI CB CIUDAD DE MOSTOLES,29,30.7898,84.6704,False,5,MOVISTAR ESTUDIANTES,False
PROBASKETLAB FUENLABRADA,10,9.50314,60.2163,False,5,TOSCONES CORRALEJO,True
PROBASKETLAB FUENLABRADA,13,8.869100000000003,51.8144,True,5,TOSCONES CORRALEJO,True
PROBASKETLAB FUENLABRADA,8,18.3263,47.6606,False,5,TOSCONES CORRALEJO,True
PROBASKETLAB FUENLABRADA,14,9.50314,50.1151,True,5,TOSCONES CORRALEJO,True
PROBASKETLAB FUENLABRADA,5,8.763499999999993,98.0722,False,5,TOSCONES CORRALEJO,True
PROBASKETLAB FUENLABRADA,14,33.066900000000004,31.9896,False,5,TOSCONES CORRALEJO,True
PROBASKETLAB FUENLABRADA,8,9.23897,50.776,True,5,TOSCONES CORRALEJO,True
PROBASKETLAB FUENLABRADA,10,28.8402,85.3277,False,5,TOSCONES CORRALEJO,True
PROBASKETLAB FUENLABRADA,13,33.859399999999994,56.4402,True,5,TOSCONES CORRALEJO,True
PROBASKETLAB FUENLABRADA,5,15.314800000000005,49.9263,True,5,TOSCONES CORRALEJO,True
PROBASKETLAB FUENLABRADA,2,20.334,8.67192,False,5,TOSCONES CORRALEJO,True
PROBASKETLAB FUENLABRADA,3,30.795,80.6075,False,5,TOSCONES CORRALEJO,True
PROBASKETLAB FUENLABRADA,6,9.925799999999995,60.9716,True,5,TOSCONES CORRALEJO,True
PROBASKETLAB FUENLABRADA,13,28.470299999999995,9.99357,True,5,TOSCONES CORRALEJO,True
PROBASKETLAB FUENLABRADA,4,34.916,34.2553,False,5,TOSCONES CORRALEJO,True
PROBASKETLAB FUENLABRADA,5,34.1235,25.287,False,5,TOSCONES CORRALEJO,True
PROBASKETLAB FUENLABRADA,7,13.043000000000006,80.6075,False,5,TOSCONES CORRALEJO,True
PROBASKETLAB FUENLABRADA,10,10.3485,49.7375,True,5,TOSCONES CORRALEJO,True
PROBASKETLAB FUENLABRADA,13,32.5385,30.196,True,5,TOSCONES CORRALEJO,True
PROBASKETLAB FUENLABRADA,3,10.2428,58.8947,False,5,TOSCONES CORRALEJO,True
PROBASKETLAB FUENLABRADA,3,11.880600000000001,35.6714,True,5,TOSCONES CORRALEJO,True
PROBASKETLAB FUENLABRADA,9,12.4618,49.3599,False,5,TOSCONES CORRALEJO,True
PROBASKETLAB FUENLABRADA,5,8.340800000000002,57.101,True,5,TOSCONES CORRALEJO,True
PROBASKETLAB FUENLABRADA,8,9.34463,49.5487,True,5,TOSCONES CORRALEJO,True
PROBASKETLAB FUENLABRADA,3,23.7682,92.3136,False,5,TOSCONES CORRALEJO,True
PROBASKETLAB FUENLABRADA,10,24.4022,89.6703,False,5,TOSCONES CORRALEJO,True
PROBASKETLAB FUENLABRADA,9,13.729799999999997,22.8325,True,5,TOSCONES CORRALEJO,True
PROBASKETLAB FUENLABRADA,3,28.6817,86.6494,True,5,TOSCONES CORRALEJO,True
PROBASKETLAB FUENLABRADA,8,29.7912,13.6753,False,5,TOSCONES CORRALEJO,True
PROBASKETLAB FUENLABRADA,9,18.960300000000004,72.6776,False,5,TOSCONES CORRALEJO,True
PROBASKETLAB FUENLABRADA,13,14.1525,74.2825,False,5,TOSCONES CORRALEJO,True
PROBASKETLAB FUENLABRADA,10,8.763499999999993,98.0722,True,5,TOSCONES CORRALEJO,True
PROBASKETLAB FUENLABRADA,2,22.4473,90.9919,False,5,TOSCONES CORRALEJO,True
PROBASKETLAB FUENLABRADA,3,10.7183,25.0982,False,5,TOSCONES CORRALEJO,True
PROBASKETLAB FUENLABRADA,13,30.6365,80.3243,False,5,TOSCONES CORRALEJO,True
PROBASKETLAB FUENLABRADA,10,9.23897,51.3424,True,5,TOSCONES CORRALEJO,True
PROBASKETLAB FUENLABRADA,8,8.12946,59.6499,False,5,TOSCONES CORRALEJO,True
PROBASKETLAB FUENLABRADA,5,12.884500000000003,53.2305,True,5,TOSCONES CORRALEJO,True
PROBASKETLAB FUENLABRADA,10,11.4051,49.7375,True,5,TOSCONES CORRALEJO,True
PROBASKETLAB FUENLABRADA,10,10.8768,77.0202,True,5,TOSCONES CORRALEJO,True
PROBASKETLAB FUENLABRADA,3,9.397499999999994,52.5696,False,5,TOSCONES CORRALEJO,True
PROBASKETLAB FUENLABRADA,8,11.5636,47.755,True,5,TOSCONES CORRALEJO,True
PROBASKETLAB FUENLABRADA,10,11.8806,78.0586,True,5,TOSCONES CORRALEJO,True
PROBASKETLAB FUENLABRADA,10,19.964200000000005,29.8183,False,5,TOSCONES CORRALEJO,True
PROBASKETLAB FUENLABRADA,14,9.925799999999995,60.9716,False,5,TOSCONES CORRALEJO,True
PROBASKETLAB FUENLABRADA,14,14.944999999999993,79.3803,False,5,TOSCONES CORRALEJO,True
PROBASKETLAB FUENLABRADA,6,26.092799999999997,11.6928,False,5,TOSCONES CORRALEJO,True
PROBASKETLAB FUENLABRADA,4,5.8048,52.664,True,5,TOSCONES CORRALEJO,True
PROBASKETLAB FUENLABRADA,2,23.0285,90.8031,False,5,TOSCONES CORRALEJO,True
PROBASKETLAB FUENLABRADA,13,18.8018,95.9009,False,5,TOSCONES CORRALEJO,True
PROBASKETLAB FUENLABRADA,10,34.599,38.8811,False,5,TOSCONES CORRALEJO,True
PROBASKETLAB FUENLABRADA,2,15.578999999999994,26.3254,False,5,TOSCONES CORRALEJO,True
PROBASKETLAB FUENLABRADA,7,31.2177,76.3594,False,5,TOSCONES CORRALEJO,True
PROBASKETLAB FUENLABRADA,13,24.138000000000005,13.4865,False,5,TOSCONES CORRALEJO,True
PROBASKETLAB FUENLABRADA,5,31.111999999999995,78.4363,True,5,TOSCONES CORRALEJO,True
PROBASKETLAB FUENLABRADA,14,13.9411,79.9467,False,5,TOSCONES CORRALEJO,True
PROBASKETLAB FUENLABRADA,5,18.0622,77.5866,False,5,TOSCONES CORRALEJO,True
PROBASKETLAB FUENLABRADA,9,12.1976,72.772,True,5,TOSCONES CORRALEJO,True
PROBASKETLAB FUENLABRADA,8,8.974800000000002,54.9297,False,5,TOSCONES CORRALEJO,True
PROBASKETLAB FUENLABRADA,6,11.141000000000005,55.4962,False,5,TOSCONES CORRALEJO,True
PROBASKETLAB FUENLABRADA,7,28.470299999999995,86.555,True,5,TOSCONES CORRALEJO,True
PROBASKETLAB FUENLABRADA,8,10.8768,77.0202,False,5,TOSCONES CORRALEJO,True
PROBASKETLAB FUENLABRADA,5,24.7192,13.3921,True,5,TOSCONES CORRALEJO,True
PROBASKETLAB FUENLABRADA,4,6.70296,73.3384,False,5,TOSCONES CORRALEJO,True
PROBASKETLAB FUENLABRADA,4,32.5914,78.0586,False,5,TOSCONES CORRALEJO,True
PROBASKETLAB FUENLABRADA,13,9.18613,75.9818,False,5,TOSCONES CORRALEJO,True
PROBASKETLAB FUENLABRADA,4,33.700900000000004,20.6612,False,5,TOSCONES CORRALEJO,True
PROBASKETLAB FUENLABRADA,9,14.0468,22.0772,True,5,TOSCONES CORRALEJO,True
PROBASKETLAB FUENLABRADA,7,31.746,23.3989,False,5,TOSCONES CORRALEJO,True
PROBASKETLAB FUENLABRADA,2,13.148600000000002,23.7765,True,5,TOSCONES CORRALEJO,True
PROBASKETLAB FUENLABRADA,10,27.889200000000002,83.9117,False,5,TOSCONES CORRALEJO,True
PROBASKETLAB FUENLABRADA,14,21.0737,6.59505,False,5,TOSCONES CORRALEJO,True
PROBASKETLAB FUENLABRADA,4,14.522300000000001,24.4373,True,5,TOSCONES CORRALEJO,True
PROBASKETLAB FUENLABRADA,14,33.965,58.2339,False,5,TOSCONES CORRALEJO,True
TOSCONES CORRALEJO,15,10.3485,54.7409,True,5,PROBASKETLAB FUENLABRADA,False
TOSCONES CORRALEJO,11,13.3071,28.7799,False,5,PROBASKETLAB FUENLABRADA,False
TOSCONES CORRALEJO,7,34.282,23.6821,False,5,PROBASKETLAB FUENLABRADA,False
TOSCONES CORRALEJO,7,14.8921,75.4153,False,5,PROBASKETLAB FUENLABRADA,False
TOSCONES CORRALEJO,34,34.0179,79.8523,False,5,PROBASKETLAB FUENLABRADA,False
TOSCONES CORRALEJO,9,9.450299999999999,55.3073,False,5,PROBASKETLAB FUENLABRADA,False
TOSCONES CORRALEJO,7,15.5261,48.9823,False,5,PROBASKETLAB FUENLABRADA,False
TOSCONES CORRALEJO,30,23.134200000000007,9.89916,True,5,PROBASKETLAB FUENLABRADA,False
TOSCONES CORRALEJO,8,7.91813,53.7969,True,5,PROBASKETLAB FUENLABRADA,False
TOSCONES CORRALEJO,9,9.0805,47.6606,True,5,PROBASKETLAB FUENLABRADA,False
TOSCONES CORRALEJO,6,30.5837,89.1983,False,5,PROBASKETLAB FUENLABRADA,False
TOSCONES CORRALEJO,8,12.3561,54.5521,True,5,PROBASKETLAB FUENLABRADA,False
TOSCONES CORRALEJO,9,27.6779,88.8207,False,5,PROBASKETLAB FUENLABRADA,False
TOSCONES CORRALEJO,17,24.0852,86.6494,True,5,PROBASKETLAB FUENLABRADA,False
TOSCONES CORRALEJO,30,28.840199999999996,86.8382,True,5,PROBASKETLAB FUENLABRADA,False
TOSCONES CORRALEJO,8,10.929599999999994,53.2305,False,5,PROBASKETLAB FUENLABRADA,False
TOSCONES CORRALEJO,7,12.356099999999998,47.8494,False,5,PROBASKETLAB FUENLABRADA,False
TOSCONES CORRALEJO,25,16.2658,81.8348,False,5,PROBASKETLAB FUENLABRADA,False
TOSCONES CORRALEJO,7,19.5415,76.3594,True,5,PROBASKETLAB FUENLABRADA,False
TOSCONES CORRALEJO,11,14.1525,77.3034,True,5,PROBASKETLAB FUENLABRADA,False
TOSCONES CORRALEJO,9,32.59139999999999,29.7239,False,5,PROBASKETLAB FUENLABRADA,False
TOSCONES CORRALEJO,30,24.560699999999997,91.2752,False,5,PROBASKETLAB FUENLABRADA,False
TOSCONES CORRALEJO,14,11.141,25.287,False,5,PROBASKETLAB FUENLABRADA,False
TOSCONES CORRALEJO,11,5.43496,40.2972,False,5,PROBASKETLAB FUENLABRADA,False
TOSCONES CORRALEJO,25,12.092,77.209,False,5,PROBASKETLAB FUENLABRADA,False
TOSCONES CORRALEJO,17,19.383,70.1287,False,5,PROBASKETLAB FUENLABRADA,False
TOSCONES CORRALEJO,30,5.487799999999993,47.4718,True,5,PROBASKETLAB FUENLABRADA,False
TOSCONES CORRALEJO,17,15.6318,73.244,False,5,PROBASKETLAB FUENLABRADA,False
TOSCONES CORRALEJO,7,13.2543,56.8178,False,5,PROBASKETLAB FUENLABRADA,False
TOSCONES CORRALEJO,7,9.027600000000007,59.4611,False,5,PROBASKETLAB FUENLABRADA,False
TOSCONES CORRALEJO,11,11.9335,44.0733,True,5,PROBASKETLAB FUENLABRADA,False
TOSCONES CORRALEJO,8,34.1764,74.7545,False,5,PROBASKETLAB FUENLABRADA,False
TOSCONES CORRALEJO,17,11.405100000000004,46.9054,True,5,PROBASKETLAB FUENLABRADA,False
TOSCONES CORRALEJO,15,14.1525,58.7059,False,5,PROBASKETLAB FUENLABRADA,False
TOSCONES CORRALEJO,8,9.397499999999994,56.5346,False,5,PROBASKETLAB FUENLABRADA,False
TOSCONES CORRALEJO,9,9.661600000000007,41.8076,True,5,PROBASKETLAB FUENLABRADA,False
TOSCONES CORRALEJO,8,32.855500000000006,77.209,True,5,PROBASKETLAB FUENLABRADA,False
TOSCONES CORRALEJO,9,10.982500000000002,48.5103,True,5,PROBASKETLAB FUENLABRADA,False
TOSCONES CORRALEJO,14,28.523200000000003,12.2593,False,5,PROBASKETLAB FUENLABRADA,False
TOSCONES CORRALEJO,8,13.043000000000006,28.0247,True,5,PROBASKETLAB FUENLABRADA,False
TOSCONES CORRALEJO,17,16.847,46.5278,False,5,PROBASKETLAB FUENLABRADA,False
TOSCONES CORRALEJO,17,10.0843,59.9331,False,5,PROBASKETLAB FUENLABRADA,False
TOSCONES CORRALEJO,17,18.9603,76.5482,True,5,PROBASKETLAB FUENLABRADA,False
TOSCONES CORRALEJO,17,11.2995,53.6081,False,5,PROBASKETLAB FUENLABRADA,False
TOSCONES CORRALEJO,8,30.583699999999993,83.062,False,5,PROBASKETLAB FUENLABRADA,False
TOSCONES CORRALEJO,7,18.590500000000006,71.0728,False,5,PROBASKETLAB FUENLABRADA,False
TOSCONES CORRALEJO,11,20.7567,25.8534,True,5,PROBASKETLAB FUENLABRADA,False
TOSCONES CORRALEJO,30,12.250500000000002,58.4227,False,5,PROBASKETLAB FUENLABRADA,False
TOSCONES CORRALEJO,9,33.5424,83.1564,False,5,PROBASKETLAB FUENLABRADA,False
TOSCONES CORRALEJO,8,11.1938,55.3073,False,5,PROBASKETLAB FUENLABRADA,False
TOSCONES CORRALEJO,17,13.1486,83.2508,True,5,PROBASKETLAB FUENLABRADA,False
TOSCONES CORRALEJO,7,31.7989,17.4515,True,5,PROBASKETLAB FUENLABRADA,False
TOSCONES CORRALEJO,17,28.5232,84.9501,False,5,PROBASKETLAB FUENLABRADA,False
TOSCONES CORRALEJO,8,9.450299999999999,55.3073,True,5,PROBASKETLAB FUENLABRADA,False
TOSCONES CORRALEJO,11,10.7183,60.7828,False,5,PROBASKETLAB FUENLABRADA,False
TOSCONES CORRALEJO,30,11.2466,56.4402,False,5,PROBASKETLAB FUENLABRADA,False
TOSCONES CORRALEJO,7,32.2215,25.8534,False,5,PROBASKETLAB FUENLABRADA,False
TOSCONES CORRALEJO,17,32.115899999999996,22.1716,False,5,PROBASKETLAB FUENLABRADA,False
TOSCONES CORRALEJO,8,10.7711,57.101,False,5,PROBASKETLAB FUENLABRADA,False
TOSCONES CORRALEJO,17,27.677899999999994,80.2299,False,5,PROBASKETLAB FUENLABRADA,False
TOSCONES CORRALEJO,11,22.764300000000006,9.23834,False,5,PROBASKETLAB FUENLABRADA,False
TOSCONES CORRALEJO,11,10.454099999999997,55.7794,True,5,PROBASKETLAB FUENLABRADA,False
TOSCONES CORRALEJO,11,10.19,78.4363,False,5,PROBASKETLAB FUENLABRADA,False
TOSCONES CORRALEJO,7,21.8133,70.2231,False,5,PROBASKETLAB FUENLABRADA,False
TOSCONES CORRALEJO,7,13.888300000000001,60.8772,False,5,PROBASKETLAB FUENLABRADA,False
TOSCONES CORRALEJO,7,7.91813,53.7969,False,5,PROBASKETLAB FUENLABRADA,False
TOSCONES CORRALEJO,9,11.2995,54.7409,False,5,PROBASKETLAB FUENLABRADA,False
TOSCONES CORRALEJO,11,9.9786,53.5137,False,5,PROBASKETLAB FUENLABRADA,False
TOSCONES CORRALEJO,7,23.609700000000004,90.1423,False,5,PROBASKETLAB FUENLABRADA,False
TOSCONES CORRALEJO,11,30.5837,85.0445,True,5,PROBASKETLAB FUENLABRADA,False
TOSCONES CORRALEJO,15,10.823999999999998,51.3424,False,5,PROBASKETLAB FUENLABRADA,False
TOSCONES CORRALEJO,11,34.0707,77.9642,False,5,PROBASKETLAB FUENLABRADA,False
TOSCONES CORRALEJO,7,10.559799999999996,55.7794,True,5,PROBASKETLAB FUENLABRADA,False
TOSCONES CORRALEJO,8,11.2995,77.4922,False,5,PROBASKETLAB FUENLABRADA,False
NÁUTICO TENERIFE,18,34.9788,78.0182,False,7,SUMIALKI CB CIUDAD DE MOSTOLES,True
NÁUTICO TENERIFE,1,5.994399999999999,2.77286,False,7,SUMIALKI CB CIUDAD DE MOSTOLES,True
NÁUTICO TENERIFE,39,15.9379,37.6857,False,7,SUMIALKI CB CIUDAD DE MOSTOLES,True
NÁUTICO TENERIFE,13,5.430199999999999,70.5819,True,7,SUMIALKI CB CIUDAD DE MOSTOLES,True
NÁUTICO TENERIFE,13,32.158,28.3588,False,7,SUMIALKI CB CIUDAD DE MOSTOLES,True
NÁUTICO TENERIFE,1,11.5656,61.129,True,7,SUMIALKI CB CIUDAD DE MOSTOLES,True
NÁUTICO TENERIFE,5,27.2214,67.3049,True,7,SUMIALKI CB CIUDAD DE MOSTOLES,True
NÁUTICO TENERIFE,1,9.802499999999995,34.2826,False,7,SUMIALKI CB CIUDAD DE MOSTOLES,True
NÁUTICO TENERIFE,15,20.380799999999994,47.8948,False,7,SUMIALKI CB CIUDAD DE MOSTOLES,True
NÁUTICO TENERIFE,7,15.2327,61.8852,False,7,SUMIALKI CB CIUDAD DE MOSTOLES,True
NÁUTICO TENERIFE,55,8.533100000000005,49.1552,True,7,SUMIALKI CB CIUDAD DE MOSTOLES,True
NÁUTICO TENERIFE,39,13.399100000000004,39.8283,False,7,SUMIALKI CB CIUDAD DE MOSTOLES,True
NÁUTICO TENERIFE,51,15.0212,56.3395,True,7,SUMIALKI CB CIUDAD DE MOSTOLES,True
NÁUTICO TENERIFE,3,18.5472,3.90721,False,7,SUMIALKI CB CIUDAD DE MOSTOLES,True
NÁUTICO TENERIFE,23,15.2327,61.8852,False,7,SUMIALKI CB CIUDAD DE MOSTOLES,True
NÁUTICO TENERIFE,18,15.1622,93.2689,False,7,SUMIALKI CB CIUDAD DE MOSTOLES,True
NÁUTICO TENERIFE,51,11.354,54.4489,False,7,SUMIALKI CB CIUDAD DE MOSTOLES,True
NÁUTICO TENERIFE,13,6.135400000000004,76.8838,False,7,SUMIALKI CB CIUDAD DE MOSTOLES,True
NÁUTICO TENERIFE,12,11.9887,63.9018,True,7,SUMIALKI CB CIUDAD DE MOSTOLES,True
NÁUTICO TENERIFE,1,5.853300000000004,36.4253,True,7,SUMIALKI CB CIUDAD DE MOSTOLES,True
NÁUTICO TENERIFE,18,6.558499999999995,29.4931,False,7,SUMIALKI CB CIUDAD DE MOSTOLES,True
NÁUTICO TENERIFE,7,28.067700000000002,85.0764,False,7,SUMIALKI CB CIUDAD DE MOSTOLES,True
NÁUTICO TENERIFE,1,7.8279,45.122,True,7,SUMIALKI CB CIUDAD DE MOSTOLES,True
NÁUTICO TENERIFE,5,6.346999999999994,65.7924,True,7,SUMIALKI CB CIUDAD DE MOSTOLES,True
NÁUTICO TENERIFE,23,33.35680000000001,35.543,False,7,SUMIALKI CB CIUDAD DE MOSTOLES,True
NÁUTICO TENERIFE,5,8.744699999999995,44.7439,True,7,SUMIALKI CB CIUDAD DE MOSTOLES,True
NÁUTICO TENERIFE,15,12.6234,59.4904,True,7,SUMIALKI CB CIUDAD DE MOSTOLES,True
NÁUTICO TENERIFE,5,8.53315,36.5513,True,7,SUMIALKI CB CIUDAD DE MOSTOLES,True
NÁUTICO TENERIFE,15,5.78279,37.9378,False,7,SUMIALKI CB CIUDAD DE MOSTOLES,True
NÁUTICO TENERIFE,5,22.2144,58.3561,False,7,SUMIALKI CB CIUDAD DE MOSTOLES,True
NÁUTICO TENERIFE,1,6.840599999999995,5.1676,False,7,SUMIALKI CB CIUDAD DE MOSTOLES,True
NÁUTICO TENERIFE,7,9.238399999999999,94.9074,False,7,SUMIALKI CB CIUDAD DE MOSTOLES,True
NÁUTICO TENERIFE,23,6.417500000000004,48.399,True,7,SUMIALKI CB CIUDAD DE MOSTOLES,True
NÁUTICO TENERIFE,23,31.3822,83.6899,False,7,SUMIALKI CB CIUDAD DE MOSTOLES,True
NÁUTICO TENERIFE,39,6.346999999999994,57.978,True,7,SUMIALKI CB CIUDAD DE MOSTOLES,True
NÁUTICO TENERIFE,39,7.686899999999994,61.6331,True,7,SUMIALKI CB CIUDAD DE MOSTOLES,True
NÁUTICO TENERIFE,51,11.2835,57.978,True,7,SUMIALKI CB CIUDAD DE MOSTOLES,True
NÁUTICO TENERIFE,15,16.5726,56.4655,True,7,SUMIALKI CB CIUDAD DE MOSTOLES,True
NÁUTICO TENERIFE,39,34.2736,75.7495,False,7,SUMIALKI CB CIUDAD DE MOSTOLES,True
NÁUTICO TENERIFE,13,3.385000000000005,6.17591,False,7,SUMIALKI CB CIUDAD DE MOSTOLES,True
NÁUTICO TENERIFE,15,19.605099999999993,47.8948,False,7,SUMIALKI CB CIUDAD DE MOSTOLES,True
NÁUTICO TENERIFE,23,9.44993,61.381,False,7,SUMIALKI CB CIUDAD DE MOSTOLES,True
NÁUTICO TENERIFE,13,28.4203,12.982,True,7,SUMIALKI CB CIUDAD DE MOSTOLES,True
NÁUTICO TENERIFE,3,19.9577,36.5513,False,7,SUMIALKI CB CIUDAD DE MOSTOLES,True
NÁUTICO TENERIFE,23,21.932299999999998,3.78117,False,7,SUMIALKI CB CIUDAD DE MOSTOLES,True
NÁUTICO TENERIFE,55,9.09732,40.7106,True,7,SUMIALKI CB CIUDAD DE MOSTOLES,True
NÁUTICO TENERIFE,5,23.9774,7.94046,False,7,SUMIALKI CB CIUDAD DE MOSTOLES,True
NÁUTICO TENERIFE,39,11.4951,64.658,True,7,SUMIALKI CB CIUDAD DE MOSTOLES,True
NÁUTICO TENERIFE,39,6.276399999999995,61.5071,False,7,SUMIALKI CB CIUDAD DE MOSTOLES,True
NÁUTICO TENERIFE,5,13.7518,37.5596,False,7,SUMIALKI CB CIUDAD DE MOSTOLES,True
NÁUTICO TENERIFE,7,34.1326,32.14,False,7,SUMIALKI CB CIUDAD DE MOSTOLES,True
NÁUTICO TENERIFE,7,37.8702,65.5403,False,7,SUMIALKI CB CIUDAD DE MOSTOLES,True
NÁUTICO TENERIFE,18,6.135400000000004,40.5846,True,7,SUMIALKI CB CIUDAD DE MOSTOLES,True
NÁUTICO TENERIFE,51,9.6615,43.1054,True,7,SUMIALKI CB CIUDAD DE MOSTOLES,True
NÁUTICO TENERIFE,39,11.9182,56.9697,True,7,SUMIALKI CB CIUDAD DE MOSTOLES,True
NÁUTICO TENERIFE,55,25.4584,87.8492,False,7,SUMIALKI CB CIUDAD DE MOSTOLES,True
NÁUTICO TENERIFE,23,31.9464,22.0568,False,7,SUMIALKI CB CIUDAD DE MOSTOLES,True
NÁUTICO TENERIFE,5,4.936499999999995,62.0112,True,7,SUMIALKI CB CIUDAD DE MOSTOLES,True
NÁUTICO TENERIFE,39,11.354,54.4489,False,7,SUMIALKI CB CIUDAD DE MOSTOLES,True
NÁUTICO TENERIFE,1,9.0268,59.9946,False,7,SUMIALKI CB CIUDAD DE MOSTOLES,True
NÁUTICO TENERIFE,39,9.59097,59.2384,True,7,SUMIALKI CB CIUDAD DE MOSTOLES,True
NÁUTICO TENERIFE,1,6.346999999999994,42.9793,False,7,SUMIALKI CB CIUDAD DE MOSTOLES,True
NÁUTICO TENERIFE,51,8.039500000000004,64.658,True,7,SUMIALKI CB CIUDAD DE MOSTOLES,True
NÁUTICO TENERIFE,55,14.3865,55.4572,True,7,SUMIALKI CB CIUDAD DE MOSTOLES,True
NÁUTICO TENERIFE,51,6.911100000000005,53.8187,True,7,SUMIALKI CB CIUDAD DE MOSTOLES,True
NÁUTICO TENERIFE,39,9.238399999999999,43.7356,False,7,SUMIALKI CB CIUDAD DE MOSTOLES,True
NÁUTICO TENERIFE,23,7.757400000000004,55.5832,True,7,SUMIALKI CB CIUDAD DE MOSTOLES,True
NÁUTICO TENERIFE,1,11.6361,36.9294,False,7,SUMIALKI CB CIUDAD DE MOSTOLES,True
NÁUTICO TENERIFE,51,8.603700000000003,42.4752,False,7,SUMIALKI CB CIUDAD DE MOSTOLES,True
NÁUTICO TENERIFE,13,10.1551,60.3727,True,7,SUMIALKI CB CIUDAD DE MOSTOLES,True
NÁUTICO TENERIFE,51,8.251099999999994,41.7189,True,7,SUMIALKI CB CIUDAD DE MOSTOLES,True
NÁUTICO TENERIFE,55,9.87306,56.0874,True,7,SUMIALKI CB CIUDAD DE MOSTOLES,True
NÁUTICO TENERIFE,55,7.475300000000004,37.0555,True,7,SUMIALKI CB CIUDAD DE MOSTOLES,True
SUMIALKI CB CIUDAD DE MOSTOLES,6,16.079,50.1636,False,7,NÁUTICO TENERIFE,False
SUMIALKI CB CIUDAD DE MOSTOLES,88,8.53315,38.9461,False,7,NÁUTICO TENERIFE,False
SUMIALKI CB CIUDAD DE MOSTOLES,12,16.3611,46.6345,False,7,NÁUTICO TENERIFE,False
SUMIALKI CB CIUDAD DE MOSTOLES,9,11.8477,61.381,True,7,NÁUTICO TENERIFE,False
SUMIALKI CB CIUDAD DE MOSTOLES,12,8.18054,61.0029,True,7,NÁUTICO TENERIFE,False
SUMIALKI CB CIUDAD DE MOSTOLES,20,7.8279,61.129,False,7,NÁUTICO TENERIFE,False
SUMIALKI CB CIUDAD DE MOSTOLES,39,33.9915,20.2923,False,7,NÁUTICO TENERIFE,False
SUMIALKI CB CIUDAD DE MOSTOLES,88,12.835,59.6165,True,7,NÁUTICO TENERIFE,False
SUMIALKI CB CIUDAD DE MOSTOLES,6,15.0917,4.41137,True,7,NÁUTICO TENERIFE,False
SUMIALKI CB CIUDAD DE MOSTOLES,20,11.354,58.8602,True,7,NÁUTICO TENERIFE,False
SUMIALKI CB CIUDAD DE MOSTOLES,29,31.382199999999997,18.1496,True,7,NÁUTICO TENERIFE,False
SUMIALKI CB CIUDAD DE MOSTOLES,13,25.5289,6.93215,True,7,NÁUTICO TENERIFE,False
SUMIALKI CB CIUDAD DE MOSTOLES,20,13.0465,54.701,False,7,NÁUTICO TENERIFE,False
SUMIALKI CB CIUDAD DE MOSTOLES,88,17.9126,6.93215,False,7,NÁUTICO TENERIFE,False
SUMIALKI CB CIUDAD DE MOSTOLES,22,23.483800000000002,87.9753,False,7,NÁUTICO TENERIFE,False
SUMIALKI CB CIUDAD DE MOSTOLES,12,7.052199999999999,57.978,True,7,NÁUTICO TENERIFE,False
SUMIALKI CB CIUDAD DE MOSTOLES,20,15.9379,35.7951,False,7,NÁUTICO TENERIFE,False
SUMIALKI CB CIUDAD DE MOSTOLES,22,9.44993,49.0292,True,7,NÁUTICO TENERIFE,False
SUMIALKI CB CIUDAD DE MOSTOLES,9,18.4062,36.9294,False,7,NÁUTICO TENERIFE,False
SUMIALKI CB CIUDAD DE MOSTOLES,39,9.73202,59.2384,True,7,NÁUTICO TENERIFE,False
SUMIALKI CB CIUDAD DE MOSTOLES,88,12.975999999999999,66.8007,False,7,NÁUTICO TENERIFE,False
SUMIALKI CB CIUDAD DE MOSTOLES,20,12.905500000000004,40.9627,True,7,NÁUTICO TENERIFE,False
SUMIALKI CB CIUDAD DE MOSTOLES,12,8.180499999999995,66.0445,True,7,NÁUTICO TENERIFE,False
SUMIALKI CB CIUDAD DE MOSTOLES,9,10.6488,95.2855,False,7,NÁUTICO TENERIFE,False
SUMIALKI CB CIUDAD DE MOSTOLES,9,15.7264,45.6261,False,7,NÁUTICO TENERIFE,False
SUMIALKI CB CIUDAD DE MOSTOLES,39,20.3808,57.2217,False,7,NÁUTICO TENERIFE,False
SUMIALKI CB CIUDAD DE MOSTOLES,29,8.744699999999995,38.9461,True,7,NÁUTICO TENERIFE,False
SUMIALKI CB CIUDAD DE MOSTOLES,20,20.1693,33.6524,False,7,NÁUTICO TENERIFE,False
SUMIALKI CB CIUDAD DE MOSTOLES,29,24.753200000000007,88.3534,True,7,NÁUTICO TENERIFE,False
SUMIALKI CB CIUDAD DE MOSTOLES,13,19.5346,57.8519,False,7,NÁUTICO TENERIFE,False
SUMIALKI CB CIUDAD DE MOSTOLES,88,11.142499999999998,73.7329,False,7,NÁUTICO TENERIFE,False
SUMIALKI CB CIUDAD DE MOSTOLES,15,8.674199999999999,6.80611,False,7,NÁUTICO TENERIFE,False
SUMIALKI CB CIUDAD DE MOSTOLES,15,21.086,36.9294,False,7,NÁUTICO TENERIFE,False
SUMIALKI CB CIUDAD DE MOSTOLES,29,14.598,3.52909,False,7,NÁUTICO TENERIFE,False
SUMIALKI CB CIUDAD DE MOSTOLES,20,12.341300000000004,33.2743,False,7,NÁUTICO TENERIFE,False
SUMIALKI CB CIUDAD DE MOSTOLES,12,11.354,69.0694,False,7,NÁUTICO TENERIFE,False
SUMIALKI CB CIUDAD DE MOSTOLES,15,15.091700000000003,28.8629,False,7,NÁUTICO TENERIFE,False
SUMIALKI CB CIUDAD DE MOSTOLES,88,16.7137,31.6358,False,7,NÁUTICO TENERIFE,False
SUMIALKI CB CIUDAD DE MOSTOLES,29,4.5839,3.40306,False,7,NÁUTICO TENERIFE,False
SUMIALKI CB CIUDAD DE MOSTOLES,22,7.8279,61.129,False,7,NÁUTICO TENERIFE,False
SUMIALKI CB CIUDAD DE MOSTOLES,29,12.482399999999998,95.6637,True,7,NÁUTICO TENERIFE,False
SUMIALKI CB CIUDAD DE MOSTOLES,29,13.1876,3.27702,False,7,NÁUTICO TENERIFE,False
SUMIALKI CB CIUDAD DE MOSTOLES,39,10.7898,90.6221,False,7,NÁUTICO TENERIFE,False
SUMIALKI CB CIUDAD DE MOSTOLES,29,28.984499999999997,21.5527,False,7,NÁUTICO TENERIFE,False
SUMIALKI CB CIUDAD DE MOSTOLES,12,25.458399999999997,11.4696,False,7,NÁUTICO TENERIFE,False
SUMIALKI CB CIUDAD DE MOSTOLES,29,28.6319,15.1247,False,7,NÁUTICO TENERIFE,False
SUMIALKI CB CIUDAD DE MOSTOLES,29,28.984499999999997,75.8755,False,7,NÁUTICO TENERIFE,False
SUMIALKI CB CIUDAD DE MOSTOLES,13,7.616399999999999,47.0126,False,7,NÁUTICO TENERIFE,False
SUMIALKI CB CIUDAD DE MOSTOLES,12,12.4824,58.7342,False,7,NÁUTICO TENERIFE,False
SUMIALKI CB CIUDAD DE MOSTOLES,20,13.3992,43.3574,False,7,NÁUTICO TENERIFE,False
SUMIALKI CB CIUDAD DE MOSTOLES,12,30.8886,80.791,False,7,NÁUTICO TENERIFE,False
SUMIALKI CB CIUDAD DE MOSTOLES,20,15.9379,64.9101,False,7,NÁUTICO TENERIFE,False
SUMIALKI CB CIUDAD DE MOSTOLES,13,26.2341,12.856,True,7,NÁUTICO TENERIFE,False
SUMIALKI CB CIUDAD DE MOSTOLES,22,25.2468,42.9793,False,7,NÁUTICO TENERIFE,False
SUMIALKI CB CIUDAD DE MOSTOLES,15,19.0409,36.9294,False,7,NÁUTICO TENERIFE,False
SUMIALKI CB CIUDAD DE MOSTOLES,15,6.981700000000004,96.0418,False,7,NÁUTICO TENERIFE,False
SUMIALKI CB CIUDAD DE MOSTOLES,12,9.80254,98.0584,False,7,NÁUTICO TENERIFE,False
SUMIALKI CB CIUDAD DE MOSTOLES,20,11.1425,59.4904,True,7,NÁUTICO TENERIFE,False
SUMIALKI CB CIUDAD DE MOSTOLES,9,15.796899999999994,4.91552,False,7,NÁUTICO TENERIFE,False
SUMIALKI CB CIUDAD DE MOSTOLES,13,7.616399999999999,47.0126,False,7,NÁUTICO TENERIFE,False
SUMIALKI CB CIUDAD DE MOSTOLES,12,34.0621,31.0056,False,7,NÁUTICO TENERIFE,False
SUMIALKI CB CIUDAD DE MOSTOLES,13,8.3921,48.9032,True,7,NÁUTICO TENERIFE,False
SUMIALKI CB CIUDAD DE MOSTOLES,9,8.462599999999995,94.2772,False,7,NÁUTICO TENERIFE,False
SUMIALKI CB CIUDAD DE MOSTOLES,39,7.5458,96.1678,False,7,NÁUTICO TENERIFE,False
SUMIALKI CB CIUDAD DE MOSTOLES,9,26.375200000000007,85.9586,False,7,NÁUTICO TENERIFE,False
SUMIALKI CB CIUDAD DE MOSTOLES,88,16.1495,4.28533,False,7,NÁUTICO TENERIFE,False
SUMIALKI CB CIUDAD DE MOSTOLES,20,9.026799999999994,56.9697,False,7,NÁUTICO TENERIFE,False
SUMIALKI CB CIUDAD DE MOSTOLES,20,12.3413,64.532,True,7,NÁUTICO TENERIFE,False
CESUR DISTRITO OLIMPICO,15,18.3357,48.7771,False,7,GRUPO INTERBUS ALCOBENDAS,True
CESUR DISTRITO OLIMPICO,2,23.413300000000007,50.2896,False,7,GRUPO INTERBUS ALCOBENDAS,True
CESUR DISTRITO OLIMPICO,70,12.5529,28.4848,False,7,GRUPO INTERBUS ALCOBENDAS,True
CESUR DISTRITO OLIMPICO,41,33.5684,68.1871,False,7,GRUPO INTERBUS ALCOBENDAS,True
CESUR DISTRITO OLIMPICO,16,12.129800000000003,72.7245,False,7,GRUPO INTERBUS ALCOBENDAS,True
CESUR DISTRITO OLIMPICO,5,7.686899999999994,37.3076,True,7,GRUPO INTERBUS ALCOBENDAS,True
CESUR DISTRITO OLIMPICO,2,7.61636,58.3561,True,7,GRUPO INTERBUS ALCOBENDAS,True
CESUR DISTRITO OLIMPICO,14,19.605099999999993,51.8021,False,7,GRUPO INTERBUS ALCOBENDAS,True
CESUR DISTRITO OLIMPICO,2,12.5529,28.4848,False,7,GRUPO INTERBUS ALCOBENDAS,True
CESUR DISTRITO OLIMPICO,5,14.6685,43.4835,True,7,GRUPO INTERBUS ALCOBENDAS,True
CESUR DISTRITO OLIMPICO,2,30.6065,84.0681,True,7,GRUPO INTERBUS ALCOBENDAS,True
CESUR DISTRITO OLIMPICO,10,36.8829,61.8852,True,7,GRUPO INTERBUS ALCOBENDAS,True
CESUR DISTRITO OLIMPICO,33,26.022599999999997,9.20085,True,7,GRUPO INTERBUS ALCOBENDAS,True
CESUR DISTRITO OLIMPICO,25,6.981700000000004,74.4891,True,7,GRUPO INTERBUS ALCOBENDAS,True
CESUR DISTRITO OLIMPICO,70,8.956299999999999,48.6511,False,7,GRUPO INTERBUS ALCOBENDAS,True
CESUR DISTRITO OLIMPICO,41,12.835,16.7632,True,7,GRUPO INTERBUS ALCOBENDAS,True
CESUR DISTRITO OLIMPICO,16,30.6065,84.0681,False,7,GRUPO INTERBUS ALCOBENDAS,True
CESUR DISTRITO OLIMPICO,33,36.0367,54.701,False,7,GRUPO INTERBUS ALCOBENDAS,True
CESUR DISTRITO OLIMPICO,70,9.0268,41.5929,True,7,GRUPO INTERBUS ALCOBENDAS,True
CESUR DISTRITO OLIMPICO,14,17.2779,23.1912,False,7,GRUPO INTERBUS ALCOBENDAS,True
CESUR DISTRITO OLIMPICO,33,36.6008,52.8104,True,7,GRUPO INTERBUS ALCOBENDAS,True
CESUR DISTRITO OLIMPICO,16,28.843400000000003,84.4462,True,7,GRUPO INTERBUS ALCOBENDAS,True
CESUR DISTRITO OLIMPICO,2,14.1044,78.0182,False,7,GRUPO INTERBUS ALCOBENDAS,True
CESUR DISTRITO OLIMPICO,14,8.03949,38.82,True,7,GRUPO INTERBUS ALCOBENDAS,True
CESUR DISTRITO OLIMPICO,13,16.6432,70.0777,False,7,GRUPO INTERBUS ALCOBENDAS,True
CESUR DISTRITO OLIMPICO,33,7.757400000000004,51.2979,False,7,GRUPO INTERBUS ALCOBENDAS,True
CESUR DISTRITO OLIMPICO,14,27.6446,82.5556,False,7,GRUPO INTERBUS ALCOBENDAS,True
CESUR DISTRITO OLIMPICO,41,36.7419,28.989,False,7,GRUPO INTERBUS ALCOBENDAS,True
CESUR DISTRITO OLIMPICO,25,10.225700000000003,25.712,False,7,GRUPO INTERBUS ALCOBENDAS,True
CESUR DISTRITO OLIMPICO,13,30.536,80.791,True,7,GRUPO INTERBUS ALCOBENDAS,True
CESUR DISTRITO OLIMPICO,10,24.33,14.9987,False,7,GRUPO INTERBUS ALCOBENDAS,True
CESUR DISTRITO OLIMPICO,2,34.9788,17.1413,False,7,GRUPO INTERBUS ALCOBENDAS,True
CESUR DISTRITO OLIMPICO,2,28.702399999999997,12.856,True,7,GRUPO INTERBUS ALCOBENDAS,True
CESUR DISTRITO OLIMPICO,15,16.078999999999994,43.9876,False,7,GRUPO INTERBUS ALCOBENDAS,True
CESUR DISTRITO OLIMPICO,25,9.94358,45.122,False,7,GRUPO INTERBUS ALCOBENDAS,True
CESUR DISTRITO OLIMPICO,14,11.0719,37.1815,True,7,GRUPO INTERBUS ALCOBENDAS,True
CESUR DISTRITO OLIMPICO,12,11.212999999999994,17.3934,True,7,GRUPO INTERBUS ALCOBENDAS,True
CESUR DISTRITO OLIMPICO,13,28.420299999999997,13.8643,True,7,GRUPO INTERBUS ALCOBENDAS,True
CESUR DISTRITO OLIMPICO,33,23.554299999999998,13.4862,False,7,GRUPO INTERBUS ALCOBENDAS,True
CESUR DISTRITO OLIMPICO,25,10.5783,57.5999,False,7,GRUPO INTERBUS ALCOBENDAS,True
CESUR DISTRITO OLIMPICO,14,11.354,57.5999,True,7,GRUPO INTERBUS ALCOBENDAS,True
CESUR DISTRITO OLIMPICO,16,15.6559,48.273,False,7,GRUPO INTERBUS ALCOBENDAS,True
CESUR DISTRITO OLIMPICO,16,35.9662,18.2757,False,7,GRUPO INTERBUS ALCOBENDAS,True
CESUR DISTRITO OLIMPICO,25,22.919600000000003,51.55,False,7,GRUPO INTERBUS ALCOBENDAS,True
CESUR DISTRITO OLIMPICO,25,16.0085,42.8533,False,7,GRUPO INTERBUS ALCOBENDAS,True
CESUR DISTRITO OLIMPICO,14,6.55853,59.6165,True,7,GRUPO INTERBUS ALCOBENDAS,True
CESUR DISTRITO OLIMPICO,33,18.3357,48.7771,False,7,GRUPO INTERBUS ALCOBENDAS,True
CESUR DISTRITO OLIMPICO,33,33.7094,72.4725,True,7,GRUPO INTERBUS ALCOBENDAS,True
CESUR DISTRITO OLIMPICO,5,27.856099999999998,23.6953,False,7,GRUPO INTERBUS ALCOBENDAS,True
CESUR DISTRITO OLIMPICO,13,36.2482,38.1898,False,7,GRUPO INTERBUS ALCOBENDAS,True
CESUR DISTRITO OLIMPICO,25,15.7264,42.7272,False,7,GRUPO INTERBUS ALCOBENDAS,True
CESUR DISTRITO OLIMPICO,12,29.901300000000006,23.9474,True,7,GRUPO INTERBUS ALCOBENDAS,True
CESUR DISTRITO OLIMPICO,33,35.331500000000005,48.273,False,7,GRUPO INTERBUS ALCOBENDAS,True
CESUR DISTRITO OLIMPICO,41,35.2609,32.266,False,7,GRUPO INTERBUS ALCOBENDAS,True
CESUR DISTRITO OLIMPICO,33,35.8956,47.0126,True,7,GRUPO INTERBUS ALCOBENDAS,True
CESUR DISTRITO OLIMPICO,5,23.554299999999998,13.4862,False,7,GRUPO INTERBUS ALCOBENDAS,True
CESUR DISTRITO OLIMPICO,5,33.92100000000001,41.0887,False,7,GRUPO INTERBUS ALCOBENDAS,True
CESUR DISTRITO OLIMPICO,33,9.73202,54.4489,False,7,GRUPO INTERBUS ALCOBENDAS,True
CESUR DISTRITO OLIMPICO,16,30.1128,23.3172,False,7,GRUPO INTERBUS ALCOBENDAS,True
CESUR DISTRITO OLIMPICO,16,5.994399999999999,57.5999,True,7,GRUPO INTERBUS ALCOBENDAS,True
CESUR DISTRITO OLIMPICO,5,36.0367,48.0209,False,7,GRUPO INTERBUS ALCOBENDAS,True
CESUR DISTRITO OLIMPICO,5,11.1425,72.5985,True,7,GRUPO INTERBUS ALCOBENDAS,True
CESUR DISTRITO OLIMPICO,12,24.8942,6.93215,False,7,GRUPO INTERBUS ALCOBENDAS,True
CESUR DISTRITO OLIMPICO,70,27.856099999999998,23.6953,True,7,GRUPO INTERBUS ALCOBENDAS,True
GRUPO INTERBUS ALCOBENDAS,0,10.155100000000004,42.3491,False,7,CESUR DISTRITO OLIMPICO,False
GRUPO INTERBUS ALCOBENDAS,77,28.702399999999997,88.4794,False,7,CESUR DISTRITO OLIMPICO,False
GRUPO INTERBUS ALCOBENDAS,4,9.37941,26.5942,True,7,CESUR DISTRITO OLIMPICO,False
GRUPO INTERBUS ALCOBENDAS,41,15.2327,54.701,True,7,CESUR DISTRITO OLIMPICO,False
GRUPO INTERBUS ALCOBENDAS,0,31.5233,14.2424,False,7,CESUR DISTRITO OLIMPICO,False
GRUPO INTERBUS ALCOBENDAS,24,10.930899999999994,46.8865,True,7,CESUR DISTRITO OLIMPICO,False
GRUPO INTERBUS ALCOBENDAS,77,25.4584,88.9836,True,7,CESUR DISTRITO OLIMPICO,False
GRUPO INTERBUS ALCOBENDAS,33,16.7137,50.4156,False,7,CESUR DISTRITO OLIMPICO,False
GRUPO INTERBUS ALCOBENDAS,4,9.37941,26.5942,False,7,CESUR DISTRITO OLIMPICO,False
GRUPO INTERBUS ALCOBENDAS,14,24.612099999999998,87.219,False,7,CESUR DISTRITO OLIMPICO,False
GRUPO INTERBUS ALCOBENDAS,14,21.0155,8.31858,False,7,CESUR DISTRITO OLIMPICO,False
GRUPO INTERBUS ALCOBENDAS,5,35.0494,67.0528,False,7,CESUR DISTRITO OLIMPICO,False
GRUPO INTERBUS ALCOBENDAS,14,31.170699999999997,52.0541,False,7,CESUR DISTRITO OLIMPICO,False
GRUPO INTERBUS ALCOBENDAS,17,28.420299999999997,80.665,False,7,CESUR DISTRITO OLIMPICO,False
GRUPO INTERBUS ALCOBENDAS,16,11.212999999999994,50.0375,True,7,CESUR DISTRITO OLIMPICO,False
GRUPO INTERBUS ALCOBENDAS,4,15.937899999999999,71.2121,False,7,CESUR DISTRITO OLIMPICO,False
GRUPO INTERBUS ALCOBENDAS,16,11.354,37.0555,True,7,CESUR DISTRITO OLIMPICO,False
GRUPO INTERBUS ALCOBENDAS,30,21.297600000000003,6.68007,False,7,CESUR DISTRITO OLIMPICO,False
GRUPO INTERBUS ALCOBENDAS,30,22.778599999999997,10.3352,True,7,CESUR DISTRITO OLIMPICO,False
GRUPO INTERBUS ALCOBENDAS,5,33.2158,23.8214,False,7,CESUR DISTRITO OLIMPICO,False
GRUPO INTERBUS ALCOBENDAS,5,13.187600000000003,81.7994,False,7,CESUR DISTRITO OLIMPICO,False
GRUPO INTERBUS ALCOBENDAS,4,14.0339,32.14,False,7,CESUR DISTRITO OLIMPICO,False
GRUPO INTERBUS ALCOBENDAS,4,20.380799999999994,7.94046,True,7,CESUR DISTRITO OLIMPICO,False
GRUPO INTERBUS ALCOBENDAS,33,30.606499999999997,78.3963,False,7,CESUR DISTRITO OLIMPICO,False
GRUPO INTERBUS ALCOBENDAS,24,10.225700000000003,34.4087,False,7,CESUR DISTRITO OLIMPICO,False
GRUPO INTERBUS ALCOBENDAS,77,16.7137,50.4156,False,7,CESUR DISTRITO OLIMPICO,False
GRUPO INTERBUS ALCOBENDAS,0,9.379400000000004,39.4502,True,7,CESUR DISTRITO OLIMPICO,False
GRUPO INTERBUS ALCOBENDAS,17,10.507800000000003,59.8686,True,7,CESUR DISTRITO OLIMPICO,False
GRUPO INTERBUS ALCOBENDAS,33,8.674199999999999,30.5015,False,7,CESUR DISTRITO OLIMPICO,False
GRUPO INTERBUS ALCOBENDAS,24,11.5656,64.7841,True,7,CESUR DISTRITO OLIMPICO,False
GRUPO INTERBUS ALCOBENDAS,24,15.444299999999998,73.3547,False,7,CESUR DISTRITO OLIMPICO,False
GRUPO INTERBUS ALCOBENDAS,33,26.2341,12.6039,False,7,CESUR DISTRITO OLIMPICO,False
GRUPO INTERBUS ALCOBENDAS,17,39.1396,24.7037,False,7,CESUR DISTRITO OLIMPICO,False
GRUPO INTERBUS ALCOBENDAS,41,13.0465,56.9697,False,7,CESUR DISTRITO OLIMPICO,False
GRUPO INTERBUS ALCOBENDAS,4,31.664299999999997,29.7452,False,7,CESUR DISTRITO OLIMPICO,False
GRUPO INTERBUS ALCOBENDAS,77,12.976,94.7814,False,7,CESUR DISTRITO OLIMPICO,False
GRUPO INTERBUS ALCOBENDAS,0,16.22,41.3408,False,7,CESUR DISTRITO OLIMPICO,False
GRUPO INTERBUS ALCOBENDAS,33,32.7221,71.3381,False,7,CESUR DISTRITO OLIMPICO,False
GRUPO INTERBUS ALCOBENDAS,33,27.573999999999998,79.2786,False,7,CESUR DISTRITO OLIMPICO,False
GRUPO INTERBUS ALCOBENDAS,24,7.8279,58.8602,True,7,CESUR DISTRITO OLIMPICO,False
GRUPO INTERBUS ALCOBENDAS,33,28.420299999999997,19.7881,False,7,CESUR DISTRITO OLIMPICO,False
GRUPO INTERBUS ALCOBENDAS,5,36.9535,45.5001,True,7,CESUR DISTRITO OLIMPICO,False
GRUPO INTERBUS ALCOBENDAS,0,16.7137,50.4156,True,7,CESUR DISTRITO OLIMPICO,False
GRUPO INTERBUS ALCOBENDAS,77,24.894199999999998,89.6138,False,7,CESUR DISTRITO OLIMPICO,False
GRUPO INTERBUS ALCOBENDAS,14,12.7645,95.7897,False,7,CESUR DISTRITO OLIMPICO,False
GRUPO INTERBUS ALCOBENDAS,5,20.2398,31.6358,False,7,CESUR DISTRITO OLIMPICO,False
GRUPO INTERBUS ALCOBENDAS,24,36.0367,61.0029,False,7,CESUR DISTRITO OLIMPICO,False
GRUPO INTERBUS ALCOBENDAS,4,22.073300000000003,10.4612,False,7,CESUR DISTRITO OLIMPICO,False
GRUPO INTERBUS ALCOBENDAS,77,24.8942,10.3352,True,7,CESUR DISTRITO OLIMPICO,False
GRUPO INTERBUS ALCOBENDAS,14,38.0113,26.8463,False,7,CESUR DISTRITO OLIMPICO,False
GRUPO INTERBUS ALCOBENDAS,0,18.1241,60.6248,True,7,CESUR DISTRITO OLIMPICO,False
GRUPO INTERBUS ALCOBENDAS,5,29.3371,16.133,False,7,CESUR DISTRITO OLIMPICO,False
GRUPO INTERBUS ALCOBENDAS,24,13.6107,48.9032,True,7,CESUR DISTRITO OLIMPICO,False
GRUPO INTERBUS ALCOBENDAS,24,26.5867,6.17591,True,7,CESUR DISTRITO OLIMPICO,False
GRUPO INTERBUS ALCOBENDAS,33,33.7094,63.0195,True,7,CESUR DISTRITO OLIMPICO,False
GRUPO INTERBUS ALCOBENDAS,41,13.1876,69.3215,False,7,CESUR DISTRITO OLIMPICO,False
BALONCESTO ALCALA,19,24.8237,46.8865,False,7,CB LA MATANZA,True
BALONCESTO ALCALA,3,20.169200000000004,53.1885,False,7,CB LA MATANZA,True
BALONCESTO ALCALA,19,21.579700000000003,40.4585,False,7,CB LA MATANZA,True
BALONCESTO ALCALA,12,10.3667,46.7605,False,7,CB LA MATANZA,True
BALONCESTO ALCALA,19,30.0423,9.95709,True,7,CB LA MATANZA,True
BALONCESTO ALCALA,91,8.88575,46.5084,True,7,CB LA MATANZA,True
BALONCESTO ALCALA,29,16.6432,54.4489,False,7,CB LA MATANZA,True
BALONCESTO ALCALA,10,11.213,48.399,False,7,CB LA MATANZA,True
BALONCESTO ALCALA,31,10.7898,48.0209,False,7,CB LA MATANZA,True
BALONCESTO ALCALA,19,5.359700000000004,48.273,True,7,CB LA MATANZA,True
BALONCESTO ALCALA,29,10.3667,45.5001,False,7,CB LA MATANZA,True
BALONCESTO ALCALA,4,26.798299999999998,9.95709,False,7,CB LA MATANZA,True
BALONCESTO ALCALA,31,18.4062,49.0292,False,7,CB LA MATANZA,True
BALONCESTO ALCALA,8,9.4499,44.9959,False,7,CB LA MATANZA,True
BALONCESTO ALCALA,8,12.9055,48.6511,False,7,CB LA MATANZA,True
BALONCESTO ALCALA,19,33.63890000000001,66.0445,False,7,CB LA MATANZA,True
BALONCESTO ALCALA,12,12.623400000000004,55.0791,False,7,CB LA MATANZA,True
BALONCESTO ALCALA,29,30.112799999999993,88.8575,False,7,CB LA MATANZA,True
BALONCESTO ALCALA,4,35.9662,45.248,True,7,CB LA MATANZA,True
BALONCESTO ALCALA,19,29.9718,22.1829,True,7,CB LA MATANZA,True
BALONCESTO ALCALA,8,16.5726,50.0375,False,7,CB LA MATANZA,True
BALONCESTO ALCALA,19,12.2003,45.8782,False,7,CB LA MATANZA,True
BALONCESTO ALCALA,3,10.1551,43.9876,False,7,CB LA MATANZA,True
BALONCESTO ALCALA,13,6.84062,49.6594,True,7,CB LA MATANZA,True
BALONCESTO ALCALA,29,8.74471,47.2647,False,7,CB LA MATANZA,True
BALONCESTO ALCALA,4,34.1326,72.2204,False,7,CB LA MATANZA,True
BALONCESTO ALCALA,29,7.4047999999999945,52.9364,True,7,CB LA MATANZA,True
BALONCESTO ALCALA,29,7.4048,47.6428,True,7,CB LA MATANZA,True
BALONCESTO ALCALA,19,8.46262,54.1968,False,7,CB LA MATANZA,True
BALONCESTO ALCALA,13,6.064899999999994,50.1636,True,7,CB LA MATANZA,True
BALONCESTO ALCALA,12,28.4908,48.1469,False,7,CB LA MATANZA,True
BALONCESTO ALCALA,10,8.74471,48.399,True,7,CB LA MATANZA,True
BALONCESTO ALCALA,3,12.059200000000004,49.1552,False,7,CB LA MATANZA,True
BALONCESTO ALCALA,10,11.6361,47.6428,False,7,CB LA MATANZA,True
BALONCESTO ALCALA,91,12.1298,45.5001,True,7,CB LA MATANZA,True
BALONCESTO ALCALA,4,30.536,74.111,True,7,CB LA MATANZA,True
BALONCESTO ALCALA,10,5.92384,47.2647,True,7,CB LA MATANZA,True
BALONCESTO ALCALA,12,8.885800000000003,49.4073,True,7,CB LA MATANZA,True
BALONCESTO ALCALA,10,9.6615,44.6178,False,7,CB LA MATANZA,True
BALONCESTO ALCALA,12,5.782799999999995,48.525,True,7,CB LA MATANZA,True
BALONCESTO ALCALA,8,10.2257,49.6594,False,7,CB LA MATANZA,True
BALONCESTO ALCALA,10,4.79549,46.6345,True,7,CB LA MATANZA,True
BALONCESTO ALCALA,4,31.5233,15.1247,False,7,CB LA MATANZA,True
BALONCESTO ALCALA,14,16.079,48.9032,False,7,CB LA MATANZA,True
BALONCESTO ALCALA,29,11.9182,46.5084,False,7,CB LA MATANZA,True
BALONCESTO ALCALA,14,7.4048,47.3907,True,7,CB LA MATANZA,True
BALONCESTO ALCALA,12,6.064899999999994,47.2647,True,7,CB LA MATANZA,True
BALONCESTO ALCALA,3,25.2468,87.7232,False,7,CB LA MATANZA,True
BALONCESTO ALCALA,10,36.3188,59.7425,False,7,CB LA MATANZA,True
BALONCESTO ALCALA,14,10.648799999999994,52.3062,False,7,CB LA MATANZA,True
BALONCESTO ALCALA,31,12.3413,44.6178,False,7,CB LA MATANZA,True
BALONCESTO ALCALA,91,12.834999999999994,49.7854,False,7,CB LA MATANZA,True
BALONCESTO ALCALA,5,6.4879999999999995,49.6594,True,7,CB LA MATANZA,True
BALONCESTO ALCALA,10,7.1932000000000045,49.5334,True,7,CB LA MATANZA,True
BALONCESTO ALCALA,12,7.4048,49.0292,True,7,CB LA MATANZA,True
BALONCESTO ALCALA,13,7.89845,46.8865,True,7,CB LA MATANZA,True
BALONCESTO ALCALA,19,15.5853,44.8699,True,7,CB LA MATANZA,True
BALONCESTO ALCALA,19,9.87306,47.2647,True,7,CB LA MATANZA,True
BALONCESTO ALCALA,19,12.2708,45.248,True,7,CB LA MATANZA,True
BALONCESTO ALCALA,31,12.3413,48.525,False,7,CB LA MATANZA,True
BALONCESTO ALCALA,12,14.245400000000004,96.2939,True,7,CB LA MATANZA,True
BALONCESTO ALCALA,19,31.1001,17.7715,False,7,CB LA MATANZA,True
BALONCESTO ALCALA,29,6.48801,49.4073,True,7,CB LA MATANZA,True
BALONCESTO ALCALA,29,34.5557,73.8589,False,7,CB LA MATANZA,True
BALONCESTO ALCALA,31,7.54584,44.8699,False,7,CB LA MATANZA,True
BALONCESTO ALCALA,29,6.4879999999999995,47.1386,True,7,CB LA MATANZA,True
CB LA MATANZA,23,30.112799999999993,17.6455,False,7,BALONCESTO ALCALA,False
CB LA MATANZA,10,27.997200000000007,15.2507,False,7,BALONCESTO ALCALA,False
CB LA MATANZA,7,7.898399999999995,50.4156,True,7,BALONCESTO ALCALA,False
CB LA MATANZA,7,34.2736,54.953,False,7,BALONCESTO ALCALA,False
CB LA MATANZA,7,10.0141,50.5417,False,7,BALONCESTO ALCALA,False
CB LA MATANZA,10,13.046499999999995,46.7605,False,7,BALONCESTO ALCALA,False
CB LA MATANZA,21,8.039500000000004,47.1386,False,7,BALONCESTO ALCALA,False
CB LA MATANZA,23,17.2073,48.6511,False,7,BALONCESTO ALCALA,False
CB LA MATANZA,11,13.963300000000004,73.6068,False,7,BALONCESTO ALCALA,False
CB LA MATANZA,7,13.046499999999995,48.525,False,7,BALONCESTO ALCALA,False
CB LA MATANZA,21,12.9055,47.3907,True,7,BALONCESTO ALCALA,False
CB LA MATANZA,23,19.3935,31.5098,False,7,BALONCESTO ALCALA,False
CB LA MATANZA,8,38.1523,45.7522,False,7,BALONCESTO ALCALA,False
CB LA MATANZA,23,8.744699999999995,51.4239,False,7,BALONCESTO ALCALA,False
CB LA MATANZA,10,35.9662,27.6026,False,7,BALONCESTO ALCALA,False
CB LA MATANZA,0,34.8378,74.6151,False,7,BALONCESTO ALCALA,False
CB LA MATANZA,3,5.218599999999995,47.8948,True,7,BALONCESTO ALCALA,False
CB LA MATANZA,10,32.581100000000006,21.4266,True,7,BALONCESTO ALCALA,False
CB LA MATANZA,7,9.73202,48.525,False,7,BALONCESTO ALCALA,False
CB LA MATANZA,11,34.8378,56.3395,False,7,BALONCESTO ALCALA,False
CB LA MATANZA,8,11.354,48.7771,True,7,BALONCESTO ALCALA,False
CB LA MATANZA,7,34.767300000000006,73.8589,False,7,BALONCESTO ALCALA,False
CB LA MATANZA,14,33.2863,23.5693,False,7,BALONCESTO ALCALA,False
CB LA MATANZA,21,7.26375,45.7522,True,7,BALONCESTO ALCALA,False
CB LA MATANZA,7,31.6643,76.1276,False,7,BALONCESTO ALCALA,False
CB LA MATANZA,8,8.46262,46.1303,False,7,BALONCESTO ALCALA,False
CB LA MATANZA,0,5.78279,51.0458,True,7,BALONCESTO ALCALA,False
CB LA MATANZA,23,33.9915,67.5569,False,7,BALONCESTO ALCALA,False
CB LA MATANZA,3,31.9464,22.561,True,7,BALONCESTO ALCALA,False
CB LA MATANZA,23,6.1354,49.9115,True,7,BALONCESTO ALCALA,False
CB LA MATANZA,7,5.994399999999999,51.2979,True,7,BALONCESTO ALCALA,False
CB LA MATANZA,23,9.097300000000004,49.5334,True,7,BALONCESTO ALCALA,False
CB LA MATANZA,23,33.0042,25.2078,False,7,BALONCESTO ALCALA,False
CB LA MATANZA,3,31.9464,12.3518,False,7,BALONCESTO ALCALA,False
CB LA MATANZA,23,28.279300000000006,11.0914,False,7,BALONCESTO ALCALA,False
CB LA MATANZA,7,36.8829,39.8283,True,7,BALONCESTO ALCALA,False
CB LA MATANZA,3,18.476699999999994,4.78948,False,7,BALONCESTO ALCALA,False
CB LA MATANZA,8,7.47532,48.6511,True,7,BALONCESTO ALCALA,False
CB LA MATANZA,0,9.732,3.27702,True,7,BALONCESTO ALCALA,False
CB LA MATANZA,10,6.558499999999995,47.5167,True,7,BALONCESTO ALCALA,False
CB LA MATANZA,10,33.07470000000001,20.2923,False,7,BALONCESTO ALCALA,False
CB LA MATANZA,23,8.815200000000004,46.8865,False,7,BALONCESTO ALCALA,False
CB LA MATANZA,7,28.772900000000007,15.5028,False,7,BALONCESTO ALCALA,False
CB LA MATANZA,23,12.5529,48.9032,True,7,BALONCESTO ALCALA,False
CB LA MATANZA,0,7.122699999999995,48.9032,False,7,BALONCESTO ALCALA,False
CB LA MATANZA,23,6.7701,52.6843,True,7,BALONCESTO ALCALA,False
CB LA MATANZA,23,31.2412,69.3215,False,7,BALONCESTO ALCALA,False
CB LA MATANZA,10,38.5755,42.0971,False,7,BALONCESTO ALCALA,False
CB LA MATANZA,23,6.91114,50.4156,True,7,BALONCESTO ALCALA,False
CB LA MATANZA,23,24.048,45.3741,False,7,BALONCESTO ALCALA,False
CB LA MATANZA,0,10.578299999999999,49.9115,False,7,BALONCESTO ALCALA,False
CB LA MATANZA,23,24.4006,88.3534,True,7,BALONCESTO ALCALA,False
CB LA MATANZA,7,17.842,22.3089,False,7,BALONCESTO ALCALA,False
CB LA MATANZA,0,10.225700000000003,49.6594,False,7,BALONCESTO ALCALA,False
CB LA MATANZA,23,33.78,41.7189,False,7,BALONCESTO ALCALA,False
CB LA MATANZA,21,19.7461,47.6428,False,7,BALONCESTO ALCALA,False
CB LA MATANZA,23,7.1932000000000045,47.3907,True,7,BALONCESTO ALCALA,False
CB LA MATANZA,23,28.3498,54.0708,False,7,BALONCESTO ALCALA,False
CB LA MATANZA,7,16.5021,29.115,False,7,BALONCESTO ALCALA,False
CB LA MATANZA,7,20.5219,46.2563,False,7,BALONCESTO ALCALA,False
CB LA MATANZA,7,14.9506,45.6261,False,7,BALONCESTO ALCALA,False
CB LA MATANZA,14,10.155100000000004,50.6677,False,7,BALONCESTO ALCALA,False
CB LA MATANZA,21,9.87306,51.676,False,7,BALONCESTO ALCALA,False
CB LA MATANZA,23,24.8237,89.4877,True,7,BALONCESTO ALCALA,False
CB LA MATANZA,11,5.71227,49.9115,True,7,BALONCESTO ALCALA,False
CB LA MATANZA,21,10.0141,95.0335,False,7,BALONCESTO ALCALA,False
CB LA MATANZA,7,38.646,55.9613,False,7,BALONCESTO ALCALA,False
CB LA MATANZA,0,9.873099999999994,50.6677,False,7,BALONCESTO ALCALA,False
FUNDACION GLOBALCAJA LA RODA,4,14.456999999999994,49.4073,True,7,PROBASKETLAB FUENLABRADA,True
FUNDACION GLOBALCAJA LA RODA,4,6.629099999999994,45.122,True,7,PROBASKETLAB FUENLABRADA,True
FUNDACION GLOBALCAJA LA RODA,4,35.754599999999996,34.1566,True,7,PROBASKETLAB FUENLABRADA,True
FUNDACION GLOBALCAJA LA RODA,4,19.1114,49.7854,True,7,PROBASKETLAB FUENLABRADA,True
FUNDACION GLOBALCAJA LA RODA,25,20.5924,8.57066,True,7,PROBASKETLAB FUENLABRADA,True
FUNDACION GLOBALCAJA LA RODA,2,10.4372,93.521,True,7,PROBASKETLAB FUENLABRADA,True
FUNDACION GLOBALCAJA LA RODA,4,7.968999999999994,37.9378,True,7,PROBASKETLAB FUENLABRADA,True
FUNDACION GLOBALCAJA LA RODA,2,7.68688,51.55,True,7,PROBASKETLAB FUENLABRADA,True
FUNDACION GLOBALCAJA LA RODA,6,33.4979,37.6857,False,7,PROBASKETLAB FUENLABRADA,True
FUNDACION GLOBALCAJA LA RODA,10,10.4372,51.0458,False,7,PROBASKETLAB FUENLABRADA,True
FUNDACION GLOBALCAJA LA RODA,25,7.5458,51.9281,True,7,PROBASKETLAB FUENLABRADA,True
FUNDACION GLOBALCAJA LA RODA,25,8.03949,54.4489,True,7,PROBASKETLAB FUENLABRADA,True
FUNDACION GLOBALCAJA LA RODA,9,30.1834,76.5057,False,7,PROBASKETLAB FUENLABRADA,True
FUNDACION GLOBALCAJA LA RODA,25,9.09732,51.676,False,7,PROBASKETLAB FUENLABRADA,True
FUNDACION GLOBALCAJA LA RODA,6,29.055000000000007,16.5111,True,7,PROBASKETLAB FUENLABRADA,True
FUNDACION GLOBALCAJA LA RODA,3,11.0014,48.7771,False,7,PROBASKETLAB FUENLABRADA,True
FUNDACION GLOBALCAJA LA RODA,10,8.25106,51.0458,True,7,PROBASKETLAB FUENLABRADA,True
FUNDACION GLOBALCAJA LA RODA,20,8.53315,53.5666,True,7,PROBASKETLAB FUENLABRADA,True
FUNDACION GLOBALCAJA LA RODA,0,30.1128,73.7329,False,7,PROBASKETLAB FUENLABRADA,True
FUNDACION GLOBALCAJA LA RODA,13,31.5938,22.435,True,7,PROBASKETLAB FUENLABRADA,True
FUNDACION GLOBALCAJA LA RODA,4,6.064899999999994,65.2882,False,7,PROBASKETLAB FUENLABRADA,True
FUNDACION GLOBALCAJA LA RODA,4,7.052199999999999,41.5929,True,7,PROBASKETLAB FUENLABRADA,True
FUNDACION GLOBALCAJA LA RODA,0,33.6389,51.0458,False,7,PROBASKETLAB FUENLABRADA,True
FUNDACION GLOBALCAJA LA RODA,4,8.81523,39.0721,False,7,PROBASKETLAB FUENLABRADA,True
FUNDACION GLOBALCAJA LA RODA,2,10.0141,4.78948,False,7,PROBASKETLAB FUENLABRADA,True
FUNDACION GLOBALCAJA LA RODA,0,7.19323,52.6843,True,7,PROBASKETLAB FUENLABRADA,True
FUNDACION GLOBALCAJA LA RODA,6,8.885800000000003,56.7176,True,7,PROBASKETLAB FUENLABRADA,True
FUNDACION GLOBALCAJA LA RODA,0,20.6629,59.6165,False,7,PROBASKETLAB FUENLABRADA,True
FUNDACION GLOBALCAJA LA RODA,3,7.686899999999994,59.1123,False,7,PROBASKETLAB FUENLABRADA,True
FUNDACION GLOBALCAJA LA RODA,25,9.73202,51.55,True,7,PROBASKETLAB FUENLABRADA,True
FUNDACION GLOBALCAJA LA RODA,0,8.18054,56.0874,False,7,PROBASKETLAB FUENLABRADA,True
FUNDACION GLOBALCAJA LA RODA,2,32.5811,65.7924,False,7,PROBASKETLAB FUENLABRADA,True
FUNDACION GLOBALCAJA LA RODA,10,20.5924,8.57066,False,7,PROBASKETLAB FUENLABRADA,True
FUNDACION GLOBALCAJA LA RODA,6,29.6897,76.5057,False,7,PROBASKETLAB FUENLABRADA,True
FUNDACION GLOBALCAJA LA RODA,13,10.1551,94.4033,True,7,PROBASKETLAB FUENLABRADA,True
FUNDACION GLOBALCAJA LA RODA,9,7.968999999999994,37.9378,False,7,PROBASKETLAB FUENLABRADA,True
FUNDACION GLOBALCAJA LA RODA,6,31.311700000000002,21.6787,False,7,PROBASKETLAB FUENLABRADA,True
FUNDACION GLOBALCAJA LA RODA,6,33.0748,27.7286,True,7,PROBASKETLAB FUENLABRADA,True
FUNDACION GLOBALCAJA LA RODA,10,8.18054,43.4835,False,7,PROBASKETLAB FUENLABRADA,True
FUNDACION GLOBALCAJA LA RODA,25,8.81523,51.676,True,7,PROBASKETLAB FUENLABRADA,True
FUNDACION GLOBALCAJA LA RODA,20,6.840599999999995,6.04988,True,7,PROBASKETLAB FUENLABRADA,True
FUNDACION GLOBALCAJA LA RODA,10,9.16784,44.9959,False,7,PROBASKETLAB FUENLABRADA,True
FUNDACION GLOBALCAJA LA RODA,0,35.754599999999996,34.1566,False,7,PROBASKETLAB FUENLABRADA,True
FUNDACION GLOBALCAJA LA RODA,13,17.207300000000004,50.6677,True,7,PROBASKETLAB FUENLABRADA,True
FUNDACION GLOBALCAJA LA RODA,6,34.4852,65.2882,True,7,PROBASKETLAB FUENLABRADA,True
FUNDACION GLOBALCAJA LA RODA,20,11.777100000000004,4.66345,False,7,PROBASKETLAB FUENLABRADA,True
FUNDACION GLOBALCAJA LA RODA,6,33.3568,34.9128,False,7,PROBASKETLAB FUENLABRADA,True
FUNDACION GLOBALCAJA LA RODA,9,6.699600000000004,6.55403,False,7,PROBASKETLAB FUENLABRADA,True
FUNDACION GLOBALCAJA LA RODA,4,9.37941,20.4183,False,7,PROBASKETLAB FUENLABRADA,True
FUNDACION GLOBALCAJA LA RODA,6,30.536,25.838,True,7,PROBASKETLAB FUENLABRADA,True
FUNDACION GLOBALCAJA LA RODA,4,6.276399999999995,51.55,True,7,PROBASKETLAB FUENLABRADA,True
FUNDACION GLOBALCAJA LA RODA,20,30.536,76.1276,True,7,PROBASKETLAB FUENLABRADA,True
FUNDACION GLOBALCAJA LA RODA,0,36.3893,45.6261,True,7,PROBASKETLAB FUENLABRADA,True
FUNDACION GLOBALCAJA LA RODA,4,28.420299999999997,81.5473,False,7,PROBASKETLAB FUENLABRADA,True
FUNDACION GLOBALCAJA LA RODA,20,9.238399999999999,46.2563,True,7,PROBASKETLAB FUENLABRADA,True
FUNDACION GLOBALCAJA LA RODA,9,9.80254,49.4073,False,7,PROBASKETLAB FUENLABRADA,True
FUNDACION GLOBALCAJA LA RODA,13,11.001400000000004,43.9876,False,7,PROBASKETLAB FUENLABRADA,True
FUNDACION GLOBALCAJA LA RODA,6,8.885800000000003,56.7176,False,7,PROBASKETLAB FUENLABRADA,True
FUNDACION GLOBALCAJA LA RODA,0,11.142499999999998,36.1732,False,7,PROBASKETLAB FUENLABRADA,True
FUNDACION GLOBALCAJA LA RODA,9,8.533100000000005,52.6843,True,7,PROBASKETLAB FUENLABRADA,True
FUNDACION GLOBALCAJA LA RODA,2,30.183400000000006,24.3255,False,7,PROBASKETLAB FUENLABRADA,True
FUNDACION GLOBALCAJA LA RODA,13,26.4457,80.9171,False,7,PROBASKETLAB FUENLABRADA,True
FUNDACION GLOBALCAJA LA RODA,13,27.1509,17.6455,False,7,PROBASKETLAB FUENLABRADA,True
FUNDACION GLOBALCAJA LA RODA,4,6.064899999999994,65.2882,True,7,PROBASKETLAB FUENLABRADA,True
FUNDACION GLOBALCAJA LA RODA,4,9.23836,49.2813,True,7,PROBASKETLAB FUENLABRADA,True
FUNDACION GLOBALCAJA LA RODA,0,10.1551,47.2647,True,7,PROBASKETLAB FUENLABRADA,True
FUNDACION GLOBALCAJA LA RODA,10,8.18054,48.9032,True,7,PROBASKETLAB FUENLABRADA,True
PROBASKETLAB FUENLABRADA,10,14.3159,5.29364,True,7,FUNDACION GLOBALCAJA LA RODA,False
PROBASKETLAB FUENLABRADA,13,20.662899999999993,7.94046,False,7,FUNDACION GLOBALCAJA LA RODA,False
PROBASKETLAB FUENLABRADA,7,12.905500000000004,49.9115,False,7,FUNDACION GLOBALCAJA LA RODA,False
PROBASKETLAB FUENLABRADA,7,27.997200000000007,18.6538,True,7,FUNDACION GLOBALCAJA LA RODA,False
PROBASKETLAB FUENLABRADA,7,9.52045,43.8616,True,7,FUNDACION GLOBALCAJA LA RODA,False
PROBASKETLAB FUENLABRADA,13,9.59097,41.0887,False,7,FUNDACION GLOBALCAJA LA RODA,False
PROBASKETLAB FUENLABRADA,2,12.4118,46.8865,False,7,FUNDACION GLOBALCAJA LA RODA,False
PROBASKETLAB FUENLABRADA,8,10.2257,46.6345,False,7,FUNDACION GLOBALCAJA LA RODA,False
PROBASKETLAB FUENLABRADA,7,6.981700000000004,46.1303,True,7,FUNDACION GLOBALCAJA LA RODA,False
PROBASKETLAB FUENLABRADA,8,9.37941,56.5915,True,7,FUNDACION GLOBALCAJA LA RODA,False
PROBASKETLAB FUENLABRADA,7,32.7221,72.2204,False,7,FUNDACION GLOBALCAJA LA RODA,False
PROBASKETLAB FUENLABRADA,11,6.911100000000005,49.2813,True,7,FUNDACION GLOBALCAJA LA RODA,False
PROBASKETLAB FUENLABRADA,3,8.039500000000004,93.395,False,7,FUNDACION GLOBALCAJA LA RODA,False
PROBASKETLAB FUENLABRADA,13,14.2454,51.55,False,7,FUNDACION GLOBALCAJA LA RODA,False
PROBASKETLAB FUENLABRADA,8,9.308899999999994,41.7189,False,7,FUNDACION GLOBALCAJA LA RODA,False
PROBASKETLAB FUENLABRADA,10,9.1678,53.1885,True,7,FUNDACION GLOBALCAJA LA RODA,False
PROBASKETLAB FUENLABRADA,8,11.6361,46.2563,False,7,FUNDACION GLOBALCAJA LA RODA,False
PROBASKETLAB FUENLABRADA,8,15.2327,45.7522,False,7,FUNDACION GLOBALCAJA LA RODA,False
PROBASKETLAB FUENLABRADA,11,7.19323,52.0541,True,7,FUNDACION GLOBALCAJA LA RODA,False
PROBASKETLAB FUENLABRADA,7,31.9464,28.2328,True,7,FUNDACION GLOBALCAJA LA RODA,False
PROBASKETLAB FUENLABRADA,13,6.4879999999999995,59.9946,False,7,FUNDACION GLOBALCAJA LA RODA,False
PROBASKETLAB FUENLABRADA,13,9.16784,56.4655,True,7,FUNDACION GLOBALCAJA LA RODA,False
PROBASKETLAB FUENLABRADA,14,11.918199999999999,51.8021,False,7,FUNDACION GLOBALCAJA LA RODA,False
PROBASKETLAB FUENLABRADA,10,31.523300000000006,76.7578,False,7,FUNDACION GLOBALCAJA LA RODA,False
PROBASKETLAB FUENLABRADA,14,6.346999999999994,43.6095,True,7,FUNDACION GLOBALCAJA LA RODA,False
PROBASKETLAB FUENLABRADA,7,35.3315,51.8021,False,7,FUNDACION GLOBALCAJA LA RODA,False
PROBASKETLAB FUENLABRADA,10,9.238399999999999,46.7605,False,7,FUNDACION GLOBALCAJA LA RODA,False
PROBASKETLAB FUENLABRADA,11,36.0367,45.248,False,7,FUNDACION GLOBALCAJA LA RODA,False
PROBASKETLAB FUENLABRADA,7,9.661500000000004,53.3145,True,7,FUNDACION GLOBALCAJA LA RODA,False
PROBASKETLAB FUENLABRADA,13,9.09732,49.1552,False,7,FUNDACION GLOBALCAJA LA RODA,False
PROBASKETLAB FUENLABRADA,11,8.95628,42.9793,True,7,FUNDACION GLOBALCAJA LA RODA,False
PROBASKETLAB FUENLABRADA,13,6.2059,41.845,True,7,FUNDACION GLOBALCAJA LA RODA,False
PROBASKETLAB FUENLABRADA,7,32.3695,64.7841,True,7,FUNDACION GLOBALCAJA LA RODA,False
PROBASKETLAB FUENLABRADA,7,30.606499999999997,22.435,True,7,FUNDACION GLOBALCAJA LA RODA,False
PROBASKETLAB FUENLABRADA,8,14.3159,5.29364,False,7,FUNDACION GLOBALCAJA LA RODA,False
PROBASKETLAB FUENLABRADA,8,8.32158,44.1137,True,7,FUNDACION GLOBALCAJA LA RODA,False
PROBASKETLAB FUENLABRADA,11,7.4048,49.1552,True,7,FUNDACION GLOBALCAJA LA RODA,False
PROBASKETLAB FUENLABRADA,7,35.1904,65.2882,True,7,FUNDACION GLOBALCAJA LA RODA,False
PROBASKETLAB FUENLABRADA,10,8.533100000000005,50.4156,True,7,FUNDACION GLOBALCAJA LA RODA,False
PROBASKETLAB FUENLABRADA,7,27.9972,12.2258,False,7,FUNDACION GLOBALCAJA LA RODA,False
PROBASKETLAB FUENLABRADA,7,8.744699999999995,56.0874,False,7,FUNDACION GLOBALCAJA LA RODA,False
PROBASKETLAB FUENLABRADA,13,4.724999999999994,52.8104,True,7,FUNDACION GLOBALCAJA LA RODA,False
PROBASKETLAB FUENLABRADA,6,10.366699999999994,54.1968,False,7,FUNDACION GLOBALCAJA LA RODA,False
PROBASKETLAB FUENLABRADA,8,13.963300000000004,47.2647,False,7,FUNDACION GLOBALCAJA LA RODA,False
PROBASKETLAB FUENLABRADA,10,6.981700000000004,57.5999,False,7,FUNDACION GLOBALCAJA LA RODA,False
PROBASKETLAB FUENLABRADA,14,25.811000000000007,16.7632,False,7,FUNDACION GLOBALCAJA LA RODA,False
PROBASKETLAB FUENLABRADA,7,7.19323,52.0541,False,7,FUNDACION GLOBALCAJA LA RODA,False
PROBASKETLAB FUENLABRADA,8,8.462599999999995,55.4572,True,7,FUNDACION GLOBALCAJA LA RODA,False
PROBASKETLAB FUENLABRADA,14,7.5458,50.7937,True,7,FUNDACION GLOBALCAJA LA RODA,False
PROBASKETLAB FUENLABRADA,7,9.0268,50.5417,True,7,FUNDACION GLOBALCAJA LA RODA,False
PROBASKETLAB FUENLABRADA,13,10.2257,46.6345,False,7,FUNDACION GLOBALCAJA LA RODA,False
PROBASKETLAB FUENLABRADA,5,21.438599999999994,31.5098,False,7,FUNDACION GLOBALCAJA LA RODA,False
PROBASKETLAB FUENLABRADA,7,9.097300000000004,52.3062,True,7,FUNDACION GLOBALCAJA LA RODA,False
PROBASKETLAB FUENLABRADA,7,7.686899999999994,51.676,False,7,FUNDACION GLOBALCAJA LA RODA,False
PROBASKETLAB FUENLABRADA,13,9.09732,49.1552,False,7,FUNDACION GLOBALCAJA LA RODA,False
PROBASKETLAB FUENLABRADA,5,13.4697,47.8948,False,7,FUNDACION GLOBALCAJA LA RODA,False
PROBASKETLAB FUENLABRADA,10,29.689700000000002,21.4266,False,7,FUNDACION GLOBALCAJA LA RODA,False
PROBASKETLAB FUENLABRADA,2,7.968999999999994,48.273,False,7,FUNDACION GLOBALCAJA LA RODA,False
PROBASKETLAB FUENLABRADA,2,11.354,41.4669,False,7,FUNDACION GLOBALCAJA LA RODA,False
PROBASKETLAB FUENLABRADA,10,10.2257,53.8187,True,7,FUNDACION GLOBALCAJA LA RODA,False
PROBASKETLAB FUENLABRADA,2,27.573999999999998,20.0402,True,7,FUNDACION GLOBALCAJA LA RODA,False
PROBASKETLAB FUENLABRADA,11,6.135400000000004,41.3408,False,7,FUNDACION GLOBALCAJA LA RODA,False
PROBASKETLAB FUENLABRADA,13,6.41749,42.7272,True,7,FUNDACION GLOBALCAJA LA RODA,False
PROBASKETLAB FUENLABRADA,7,8.88575,47.1386,True,7,FUNDACION GLOBALCAJA LA RODA,False
PROBASKETLAB FUENLABRADA,7,6.770099999999999,45.248,True,7,FUNDACION GLOBALCAJA LA RODA,False
PROBASKETLAB FUENLABRADA,3,5.994399999999999,41.845,True,7,FUNDACION GLOBALCAJA LA RODA,False
TOBARRA CB,0,36.8829,56.8436,False,7,TOSCONES CORRALEJO,True
TOBARRA CB,28,11.213,51.1719,True,7,TOSCONES CORRALEJO,True
TOBARRA CB,91,27.0099,63.0195,True,7,TOSCONES CORRALEJO,True
TOBARRA CB,31,11.213,50.9198,False,7,TOSCONES CORRALEJO,True
TOBARRA CB,31,27.926699999999997,21.3006,True,7,TOSCONES CORRALEJO,True
TOBARRA CB,28,9.09732,29.9973,False,7,TOSCONES CORRALEJO,True
TOBARRA CB,91,16.5021,50.7937,False,7,TOSCONES CORRALEJO,True
TOBARRA CB,28,29.4781,16.007,True,7,TOSCONES CORRALEJO,True
TOBARRA CB,0,33.2158,55.3312,False,7,TOSCONES CORRALEJO,True
TOBARRA CB,91,33.0042,53.1885,True,7,TOSCONES CORRALEJO,True
TOBARRA CB,31,10.6488,52.1802,False,7,TOSCONES CORRALEJO,True
TOBARRA CB,0,18.3357,69.9517,False,7,TOSCONES CORRALEJO,True
TOBARRA CB,26,5.6417,3.02494,False,7,TOSCONES CORRALEJO,True
TOBARRA CB,21,9.52045,51.0458,True,7,TOSCONES CORRALEJO,True
TOBARRA CB,7,3.878699999999995,3.27702,True,7,TOSCONES CORRALEJO,True
TOBARRA CB,31,10.7193,53.6926,True,7,TOSCONES CORRALEJO,True
TOBARRA CB,26,8.74471,49.0292,False,7,TOSCONES CORRALEJO,True
TOBARRA CB,0,7.26375,57.4738,True,7,TOSCONES CORRALEJO,True
TOBARRA CB,91,36.1777,31.2577,False,7,TOSCONES CORRALEJO,True
TOBARRA CB,91,27.6446,84.3201,False,7,TOSCONES CORRALEJO,True
TOBARRA CB,0,9.30889,55.2051,True,7,TOSCONES CORRALEJO,True
TOBARRA CB,28,33.7094,27.0984,False,7,TOSCONES CORRALEJO,True
TOBARRA CB,7,30.2539,83.5639,True,7,TOSCONES CORRALEJO,True
TOBARRA CB,0,30.536,17.1413,True,7,TOSCONES CORRALEJO,True
TOBARRA CB,34,7.68688,53.0624,True,7,TOSCONES CORRALEJO,True
TOBARRA CB,31,6.911100000000005,51.55,False,7,TOSCONES CORRALEJO,True
TOBARRA CB,34,10.719300000000004,50.2896,True,7,TOSCONES CORRALEJO,True
TOBARRA CB,34,13.1171,52.6843,False,7,TOSCONES CORRALEJO,True
TOBARRA CB,28,10.084599999999995,28.8629,False,7,TOSCONES CORRALEJO,True
TOBARRA CB,31,12.834999999999994,52.1802,True,7,TOSCONES CORRALEJO,True
TOBARRA CB,28,31.5938,20.0402,False,7,TOSCONES CORRALEJO,True
TOBARRA CB,28,10.7898,54.1968,False,7,TOSCONES CORRALEJO,True
TOBARRA CB,91,28.6319,18.7798,False,7,TOSCONES CORRALEJO,True
TOBARRA CB,0,18.265199999999993,67.683,False,7,TOSCONES CORRALEJO,True
TOBARRA CB,0,35.6135,71.9683,False,7,TOSCONES CORRALEJO,True
TOBARRA CB,28,17.1368,95.7897,True,7,TOSCONES CORRALEJO,True
TOBARRA CB,0,15.3738,49.1552,True,7,TOSCONES CORRALEJO,True
TOBARRA CB,34,7.334299999999999,48.273,True,7,TOSCONES CORRALEJO,True
TOBARRA CB,91,36.1072,56.2134,False,7,TOSCONES CORRALEJO,True
TOBARRA CB,31,8.46262,48.1469,False,7,TOSCONES CORRALEJO,True
TOBARRA CB,0,8.039500000000004,59.9946,True,7,TOSCONES CORRALEJO,True
TOBARRA CB,21,27.926699999999997,21.3006,False,7,TOSCONES CORRALEJO,True
TOBARRA CB,0,29.548699999999997,80.665,False,7,TOSCONES CORRALEJO,True
TOBARRA CB,6,17.842,24.0735,False,7,TOSCONES CORRALEJO,True
TOBARRA CB,31,9.873099999999994,53.8187,True,7,TOSCONES CORRALEJO,True
TOBARRA CB,28,25.7405,89.2357,False,7,TOSCONES CORRALEJO,True
TOBARRA CB,7,7.968999999999994,4.66345,False,7,TOSCONES CORRALEJO,True
TOBARRA CB,28,14.174899999999994,55.0791,False,7,TOSCONES CORRALEJO,True
TOBARRA CB,91,27.997200000000007,24.7037,False,7,TOSCONES CORRALEJO,True
TOBARRA CB,91,32.0874,79.9088,False,7,TOSCONES CORRALEJO,True
TOBARRA CB,0,8.3921,93.647,True,7,TOSCONES CORRALEJO,True
TOBARRA CB,91,11.918199999999999,51.4239,False,7,TOSCONES CORRALEJO,True
TOBARRA CB,91,32.863200000000006,59.9946,False,7,TOSCONES CORRALEJO,True
TOBARRA CB,7,32.5106,76.2536,False,7,TOSCONES CORRALEJO,True
TOBARRA CB,28,30.3244,85.3285,True,7,TOSCONES CORRALEJO,True
TOBARRA CB,91,28.1382,81.9254,False,7,TOSCONES CORRALEJO,True
TOBARRA CB,91,7.8279,6.55403,True,7,TOSCONES CORRALEJO,True
TOBARRA CB,28,9.943600000000004,54.3228,True,7,TOSCONES CORRALEJO,True
TOBARRA CB,7,7.616399999999999,44.2397,True,7,TOSCONES CORRALEJO,True
TOBARRA CB,7,11.213,55.5832,False,7,TOSCONES CORRALEJO,True
TOBARRA CB,91,27.6446,81.4212,True,7,TOSCONES CORRALEJO,True
TOBARRA CB,0,33.0042,31.3837,False,7,TOSCONES CORRALEJO,True
TOBARRA CB,0,9.097300000000004,91.6304,True,7,TOSCONES CORRALEJO,True
TOBARRA CB,31,9.23836,48.6511,True,7,TOSCONES CORRALEJO,True
TOBARRA CB,21,12.2708,50.6677,False,7,TOSCONES CORRALEJO,True
TOBARRA CB,0,27.573999999999998,21.3006,True,7,TOSCONES CORRALEJO,True
TOBARRA CB,6,34.9788,70.4558,False,7,TOSCONES CORRALEJO,True
TOBARRA CB,28,23.624799999999993,51.676,True,7,TOSCONES CORRALEJO,True
TOSCONES CORRALEJO,17,28.702399999999997,78.6484,True,7,TOBARRA CB,False
TOSCONES CORRALEJO,15,7.898399999999995,45.8782,True,7,TOBARRA CB,False
TOSCONES CORRALEJO,30,32.9337,70.834,False,7,TOBARRA CB,False
TOSCONES CORRALEJO,7,12.552899999999994,26.0901,True,7,TOBARRA CB,False
TOSCONES CORRALEJO,9,34.9788,36.1732,False,7,TOBARRA CB,False
TOSCONES CORRALEJO,7,32.7221,71.8423,False,7,TOBARRA CB,False
TOSCONES CORRALEJO,8,10.366699999999994,60.6248,False,7,TOBARRA CB,False
TOSCONES CORRALEJO,7,38.646,48.0209,False,7,TOBARRA CB,False
TOSCONES CORRALEJO,7,27.785600000000002,22.9391,True,7,TOBARRA CB,False
TOSCONES CORRALEJO,30,13.0465,26.5942,False,7,TOBARRA CB,False
TOSCONES CORRALEJO,11,10.4372,51.0458,False,7,TOBARRA CB,False
TOSCONES CORRALEJO,15,11.0014,56.0874,True,7,TOBARRA CB,False
TOSCONES CORRALEJO,17,10.7898,54.827,True,7,TOBARRA CB,False
TOSCONES CORRALEJO,17,9.238399999999999,49.9115,True,7,TOBARRA CB,False
TOSCONES CORRALEJO,7,17.701,73.9849,True,7,TOBARRA CB,False
TOSCONES CORRALEJO,17,9.943600000000004,49.6594,False,7,TOBARRA CB,False
TOSCONES CORRALEJO,17,10.7193,56.9697,False,7,TOBARRA CB,False
TOSCONES CORRALEJO,14,10.0141,54.953,False,7,TOBARRA CB,False
TOSCONES CORRALEJO,17,11.9887,55.8353,False,7,TOBARRA CB,False
TOSCONES CORRALEJO,15,9.026799999999994,53.5666,True,7,TOBARRA CB,False
TOSCONES CORRALEJO,7,7.052199999999999,55.0791,False,7,TOBARRA CB,False
TOSCONES CORRALEJO,11,10.7898,31.6358,False,7,TOBARRA CB,False
TOSCONES CORRALEJO,6,28.490799999999993,19.1579,False,7,TOBARRA CB,False
TOSCONES CORRALEJO,17,17.348399999999998,95.5376,False,7,TOBARRA CB,False
TOSCONES CORRALEJO,8,10.0141,51.55,True,7,TOBARRA CB,False
TOSCONES CORRALEJO,6,8.533100000000005,8.0665,False,7,TOBARRA CB,False
TOSCONES CORRALEJO,15,9.80254,43.1054,False,7,TOBARRA CB,False
TOSCONES CORRALEJO,7,10.7898,50.1636,True,7,TOBARRA CB,False
TOSCONES CORRALEJO,8,28.843400000000003,81.4212,True,7,TOBARRA CB,False
TOSCONES CORRALEJO,30,7.334299999999999,91.5044,False,7,TOBARRA CB,False
TOSCONES CORRALEJO,8,10.5783,48.525,True,7,TOBARRA CB,False
TOSCONES CORRALEJO,17,14.3865,51.55,False,7,TOBARRA CB,False
TOSCONES CORRALEJO,11,13.8928,54.5749,False,7,TOBARRA CB,False
TOSCONES CORRALEJO,30,8.95628,56.2134,False,7,TOBARRA CB,False
TOSCONES CORRALEJO,30,25.599400000000003,80.4129,False,7,TOBARRA CB,False
TOSCONES CORRALEJO,11,29.6897,78.2703,True,7,TOBARRA CB,False
TOSCONES CORRALEJO,9,14.668499999999995,52.4323,False,7,TOBARRA CB,False
TOSCONES CORRALEJO,8,11.4245,55.5832,True,7,TOBARRA CB,False
TOSCONES CORRALEJO,15,11.4245,55.5832,False,7,TOBARRA CB,False
TOSCONES CORRALEJO,8,11.8477,52.6843,True,7,TOBARRA CB,False
TOSCONES CORRALEJO,11,24.471100000000007,56.3395,False,7,TOBARRA CB,False
TOSCONES CORRALEJO,8,11.6361,53.6926,True,7,TOBARRA CB,False
TOSCONES CORRALEJO,17,12.5529,52.4323,False,7,TOBARRA CB,False
TOSCONES CORRALEJO,17,17.2779,28.1067,False,7,TOBARRA CB,False
TOSCONES CORRALEJO,9,11.4951,53.9447,False,7,TOBARRA CB,False
TOSCONES CORRALEJO,17,7.8279,50.2896,False,7,TOBARRA CB,False
TOSCONES CORRALEJO,9,11.847700000000003,47.5167,True,7,TOBARRA CB,False
TOSCONES CORRALEJO,8,11.918199999999999,48.399,False,7,TOBARRA CB,False
TOSCONES CORRALEJO,9,9.943600000000004,51.2979,True,7,TOBARRA CB,False
TOSCONES CORRALEJO,15,12.3413,53.6926,False,7,TOBARRA CB,False
TOSCONES CORRALEJO,6,28.3498,23.0652,False,7,TOBARRA CB,False
TOSCONES CORRALEJO,6,28.914,88.3534,False,7,TOBARRA CB,False
TOSCONES CORRALEJO,17,27.856099999999998,24.1995,True,7,TOBARRA CB,False
TOSCONES CORRALEJO,11,4.5839,92.7648,True,7,TOBARRA CB,False
TOSCONES CORRALEJO,17,10.2962,54.953,True,7,TOBARRA CB,False
TOSCONES CORRALEJO,17,13.4697,48.9032,True,7,TOBARRA CB,False
TOSCONES CORRALEJO,7,9.590999999999994,73.9849,True,7,TOBARRA CB,False
TOSCONES CORRALEJO,7,23.977400000000003,35.2909,True,7,TOBARRA CB,False
TOSCONES CORRALEJO,8,32.5106,51.676,True,7,TOBARRA CB,False
TOSCONES CORRALEJO,9,36.3893,49.5334,False,7,TOBARRA CB,False
TOSCONES CORRALEJO,9,6.2059,52.1802,True,7,TOBARRA CB,False
TOSCONES CORRALEJO,8,7.2637,46.5084,True,7,TOBARRA CB,False
EL VENTERO CBV,10,5.1480999999999995,49.5334,True,7,INMOBILIARIA GÁLVEZ SANTA CRUZ,True
EL VENTERO CBV,41,3.31453,48.9032,True,7,INMOBILIARIA GÁLVEZ SANTA CRUZ,True
EL VENTERO CBV,22,33.3568,14.8726,False,7,INMOBILIARIA GÁLVEZ SANTA CRUZ,True
EL VENTERO CBV,10,35.402,42.8533,False,7,INMOBILIARIA GÁLVEZ SANTA CRUZ,True
EL VENTERO CBV,18,5.1481,49.6594,True,7,INMOBILIARIA GÁLVEZ SANTA CRUZ,True
EL VENTERO CBV,3,5.853300000000004,47.7688,False,7,INMOBILIARIA GÁLVEZ SANTA CRUZ,True
EL VENTERO CBV,18,5.500699999999995,48.525,True,7,INMOBILIARIA GÁLVEZ SANTA CRUZ,True
EL VENTERO CBV,18,5.007099999999994,47.6428,False,7,INMOBILIARIA GÁLVEZ SANTA CRUZ,True
EL VENTERO CBV,10,32.4401,18.2757,True,7,INMOBILIARIA GÁLVEZ SANTA CRUZ,True
EL VENTERO CBV,22,27.009900000000002,86.967,False,7,INMOBILIARIA GÁLVEZ SANTA CRUZ,True
EL VENTERO CBV,1,4.5134,48.1469,True,7,INMOBILIARIA GÁLVEZ SANTA CRUZ,True
EL VENTERO CBV,3,6.276399999999995,50.0375,True,7,INMOBILIARIA GÁLVEZ SANTA CRUZ,True
EL VENTERO CBV,10,30.677000000000007,81.2952,False,7,INMOBILIARIA GÁLVEZ SANTA CRUZ,True
EL VENTERO CBV,22,7.2637,4.03325,False,7,INMOBILIARIA GÁLVEZ SANTA CRUZ,True
EL VENTERO CBV,1,34.6262,62.7675,False,7,INMOBILIARIA GÁLVEZ SANTA CRUZ,True
EL VENTERO CBV,18,6.7701,51.676,True,7,INMOBILIARIA GÁLVEZ SANTA CRUZ,True
EL VENTERO CBV,0,5.077600000000004,50.2896,True,7,INMOBILIARIA GÁLVEZ SANTA CRUZ,True
EL VENTERO CBV,41,16.8547,50.1636,True,7,INMOBILIARIA GÁLVEZ SANTA CRUZ,True
EL VENTERO CBV,15,36.2482,64.2799,False,7,INMOBILIARIA GÁLVEZ SANTA CRUZ,True
EL VENTERO CBV,18,6.1354,52.5583,True,7,INMOBILIARIA GÁLVEZ SANTA CRUZ,True
EL VENTERO CBV,10,36.3188,65.5403,True,7,INMOBILIARIA GÁLVEZ SANTA CRUZ,True
EL VENTERO CBV,41,31.382199999999997,77.0099,False,7,INMOBILIARIA GÁLVEZ SANTA CRUZ,True
EL VENTERO CBV,1,6.62906,76.8838,True,7,INMOBILIARIA GÁLVEZ SANTA CRUZ,True
EL VENTERO CBV,1,15.444299999999998,61.255,False,7,INMOBILIARIA GÁLVEZ SANTA CRUZ,True
EL VENTERO CBV,15,7.2637,44.4918,False,7,INMOBILIARIA GÁLVEZ SANTA CRUZ,True
EL VENTERO CBV,10,29.1255,10.9654,True,7,INMOBILIARIA GÁLVEZ SANTA CRUZ,True
EL VENTERO CBV,0,29.6192,15.5028,False,7,INMOBILIARIA GÁLVEZ SANTA CRUZ,True
EL VENTERO CBV,0,37.8702,24.4516,False,7,INMOBILIARIA GÁLVEZ SANTA CRUZ,True
EL VENTERO CBV,3,7.47532,54.827,False,7,INMOBILIARIA GÁLVEZ SANTA CRUZ,True
EL VENTERO CBV,10,31.8054,72.2204,False,7,INMOBILIARIA GÁLVEZ SANTA CRUZ,True
EL VENTERO CBV,0,6.135400000000004,46.2563,False,7,INMOBILIARIA GÁLVEZ SANTA CRUZ,True
EL VENTERO CBV,41,36.3188,15.3768,True,7,INMOBILIARIA GÁLVEZ SANTA CRUZ,True
EL VENTERO CBV,1,22.3554,22.687,True,7,INMOBILIARIA GÁLVEZ SANTA CRUZ,True
EL VENTERO CBV,15,5.1480999999999995,4.66345,True,7,INMOBILIARIA GÁLVEZ SANTA CRUZ,True
EL VENTERO CBV,3,6.98166,50.2896,True,7,INMOBILIARIA GÁLVEZ SANTA CRUZ,True
EL VENTERO CBV,21,6.276399999999995,50.4156,False,7,INMOBILIARIA GÁLVEZ SANTA CRUZ,True
EL VENTERO CBV,10,5.077600000000004,48.399,True,7,INMOBILIARIA GÁLVEZ SANTA CRUZ,True
EL VENTERO CBV,1,7.4048,48.9032,False,7,INMOBILIARIA GÁLVEZ SANTA CRUZ,True
EL VENTERO CBV,0,5.500699999999995,48.525,False,7,INMOBILIARIA GÁLVEZ SANTA CRUZ,True
EL VENTERO CBV,3,5.712299999999999,50.5417,True,7,INMOBILIARIA GÁLVEZ SANTA CRUZ,True
EL VENTERO CBV,1,31.6643,80.4129,True,7,INMOBILIARIA GÁLVEZ SANTA CRUZ,True
EL VENTERO CBV,18,7.4048,48.9032,True,7,INMOBILIARIA GÁLVEZ SANTA CRUZ,True
EL VENTERO CBV,10,6.135400000000004,50.9198,False,7,INMOBILIARIA GÁLVEZ SANTA CRUZ,True
EL VENTERO CBV,10,6.55853,50.7937,False,7,INMOBILIARIA GÁLVEZ SANTA CRUZ,True
EL VENTERO CBV,10,30.9591,13.6122,False,7,INMOBILIARIA GÁLVEZ SANTA CRUZ,True
EL VENTERO CBV,18,31.8054,72.2204,True,7,INMOBILIARIA GÁLVEZ SANTA CRUZ,True
EL VENTERO CBV,41,5.1481,49.9115,True,7,INMOBILIARIA GÁLVEZ SANTA CRUZ,True
EL VENTERO CBV,10,6.06488,51.676,True,7,INMOBILIARIA GÁLVEZ SANTA CRUZ,True
EL VENTERO CBV,10,31.170699999999997,78.9005,False,7,INMOBILIARIA GÁLVEZ SANTA CRUZ,True
EL VENTERO CBV,22,6.7701,47.6428,True,7,INMOBILIARIA GÁLVEZ SANTA CRUZ,True
EL VENTERO CBV,27,35.402,56.3395,True,7,INMOBILIARIA GÁLVEZ SANTA CRUZ,True
EL VENTERO CBV,18,5.994399999999999,49.5334,True,7,INMOBILIARIA GÁLVEZ SANTA CRUZ,True
EL VENTERO CBV,10,31.452699999999993,18.7798,False,7,INMOBILIARIA GÁLVEZ SANTA CRUZ,True
EL VENTERO CBV,18,6.276399999999995,50.4156,True,7,INMOBILIARIA GÁLVEZ SANTA CRUZ,True
EL VENTERO CBV,41,23.6248,49.0292,True,7,INMOBILIARIA GÁLVEZ SANTA CRUZ,True
EL VENTERO CBV,15,6.135400000000004,48.9032,False,7,INMOBILIARIA GÁLVEZ SANTA CRUZ,True
EL VENTERO CBV,41,33.427400000000006,24.4516,False,7,INMOBILIARIA GÁLVEZ SANTA CRUZ,True
EL VENTERO CBV,41,24.048000000000002,49.9115,False,7,INMOBILIARIA GÁLVEZ SANTA CRUZ,True
EL VENTERO CBV,10,23.2017,27.7286,True,7,INMOBILIARIA GÁLVEZ SANTA CRUZ,True
EL VENTERO CBV,18,5.78279,49.6594,True,7,INMOBILIARIA GÁLVEZ SANTA CRUZ,True
EL VENTERO CBV,1,11.9182,17.2674,False,7,INMOBILIARIA GÁLVEZ SANTA CRUZ,True
EL VENTERO CBV,0,35.1904,52.9364,False,7,INMOBILIARIA GÁLVEZ SANTA CRUZ,True
INMOBILIARIA GÁLVEZ SANTA CRUZ,15,9.23836,51.1719,True,7,EL VENTERO CBV,False
INMOBILIARIA GÁLVEZ SANTA CRUZ,44,33.0042,70.0777,True,7,EL VENTERO CBV,False
INMOBILIARIA GÁLVEZ SANTA CRUZ,15,36.9535,24.4516,False,7,EL VENTERO CBV,False
INMOBILIARIA GÁLVEZ SANTA CRUZ,7,5.571200000000005,4.28533,False,7,EL VENTERO CBV,False
INMOBILIARIA GÁLVEZ SANTA CRUZ,6,8.88575,51.8021,False,7,EL VENTERO CBV,False
INMOBILIARIA GÁLVEZ SANTA CRUZ,44,3.52609,14.8726,False,7,EL VENTERO CBV,False
INMOBILIARIA GÁLVEZ SANTA CRUZ,15,38.3639,49.6594,False,7,EL VENTERO CBV,False
INMOBILIARIA GÁLVEZ SANTA CRUZ,44,30.3244,22.3089,False,7,EL VENTERO CBV,False
INMOBILIARIA GÁLVEZ SANTA CRUZ,6,36.8124,41.3408,False,7,EL VENTERO CBV,False
INMOBILIARIA GÁLVEZ SANTA CRUZ,16,36.1072,48.525,False,7,EL VENTERO CBV,False
INMOBILIARIA GÁLVEZ SANTA CRUZ,24,7.05219,48.399,True,7,EL VENTERO CBV,False
INMOBILIARIA GÁLVEZ SANTA CRUZ,44,32.299,15.8809,False,7,EL VENTERO CBV,False
INMOBILIARIA GÁLVEZ SANTA CRUZ,11,31.8759,20.1663,False,7,EL VENTERO CBV,False
INMOBILIARIA GÁLVEZ SANTA CRUZ,15,36.1072,70.0777,False,7,EL VENTERO CBV,False
INMOBILIARIA GÁLVEZ SANTA CRUZ,44,16.5021,80.2869,False,7,EL VENTERO CBV,False
INMOBILIARIA GÁLVEZ SANTA CRUZ,15,34.2736,33.6524,False,7,EL VENTERO CBV,False
INMOBILIARIA GÁLVEZ SANTA CRUZ,6,10.155100000000004,53.6926,True,7,EL VENTERO CBV,False
INMOBILIARIA GÁLVEZ SANTA CRUZ,6,5.35966,49.4073,True,7,EL VENTERO CBV,False
INMOBILIARIA GÁLVEZ SANTA CRUZ,15,34.0621,18.5277,False,7,EL VENTERO CBV,False
INMOBILIARIA GÁLVEZ SANTA CRUZ,13,38.5049,24.7037,False,7,EL VENTERO CBV,False
INMOBILIARIA GÁLVEZ SANTA CRUZ,12,5.007099999999994,46.0043,True,7,EL VENTERO CBV,False
INMOBILIARIA GÁLVEZ SANTA CRUZ,24,36.8124,41.3408,True,7,EL VENTERO CBV,False
INMOBILIARIA GÁLVEZ SANTA CRUZ,11,11.706599999999995,95.1595,False,7,EL VENTERO CBV,False
INMOBILIARIA GÁLVEZ SANTA CRUZ,15,35.26090000000001,45.5001,True,7,EL VENTERO CBV,False
INMOBILIARIA GÁLVEZ SANTA CRUZ,15,32.158,19.5361,False,7,EL VENTERO CBV,False
INMOBILIARIA GÁLVEZ SANTA CRUZ,12,6.2059,52.6843,True,7,EL VENTERO CBV,False
INMOBILIARIA GÁLVEZ SANTA CRUZ,6,5.853300000000004,48.273,True,7,EL VENTERO CBV,False
INMOBILIARIA GÁLVEZ SANTA CRUZ,12,34.2736,33.6524,True,7,EL VENTERO CBV,False
INMOBILIARIA GÁLVEZ SANTA CRUZ,15,31.1001,21.5527,False,7,EL VENTERO CBV,False
INMOBILIARIA GÁLVEZ SANTA CRUZ,6,24.9647,88.7315,False,7,EL VENTERO CBV,False
INMOBILIARIA GÁLVEZ SANTA CRUZ,9,10.7898,47.7688,False,7,EL VENTERO CBV,False
INMOBILIARIA GÁLVEZ SANTA CRUZ,44,11.9182,26.7203,False,7,EL VENTERO CBV,False
INMOBILIARIA GÁLVEZ SANTA CRUZ,7,33.5684,47.8948,False,7,EL VENTERO CBV,False
INMOBILIARIA GÁLVEZ SANTA CRUZ,13,30.536,78.1442,False,7,EL VENTERO CBV,False
INMOBILIARIA GÁLVEZ SANTA CRUZ,44,10.7193,4.66345,False,7,EL VENTERO CBV,False
INMOBILIARIA GÁLVEZ SANTA CRUZ,6,11.0719,49.2813,False,7,EL VENTERO CBV,False
INMOBILIARIA GÁLVEZ SANTA CRUZ,6,36.3893,76.0016,False,7,EL VENTERO CBV,False
INMOBILIARIA GÁLVEZ SANTA CRUZ,15,34.8378,24.7037,False,7,EL VENTERO CBV,False
INMOBILIARIA GÁLVEZ SANTA CRUZ,44,9.026799999999994,74.111,True,7,EL VENTERO CBV,False
INMOBILIARIA GÁLVEZ SANTA CRUZ,6,33.5684,75.6234,False,7,EL VENTERO CBV,False
INMOBILIARIA GÁLVEZ SANTA CRUZ,7,4.2313000000000045,5.7978,True,7,EL VENTERO CBV,False
INMOBILIARIA GÁLVEZ SANTA CRUZ,12,8.81523,52.0541,True,7,EL VENTERO CBV,False
INMOBILIARIA GÁLVEZ SANTA CRUZ,15,8.46262,51.55,False,7,EL VENTERO CBV,False
INMOBILIARIA GÁLVEZ SANTA CRUZ,12,13.3992,55.4572,True,7,EL VENTERO CBV,False
INMOBILIARIA GÁLVEZ SANTA CRUZ,15,12.059200000000004,58.7342,False,7,EL VENTERO CBV,False
INMOBILIARIA GÁLVEZ SANTA CRUZ,44,8.32158,82.0514,False,7,EL VENTERO CBV,False
INMOBILIARIA GÁLVEZ SANTA CRUZ,15,10.578299999999999,41.7189,True,7,EL VENTERO CBV,False
INMOBILIARIA GÁLVEZ SANTA CRUZ,15,8.956299999999999,51.0458,False,7,EL VENTERO CBV,False
INMOBILIARIA GÁLVEZ SANTA CRUZ,44,32.0169,18.9059,True,7,EL VENTERO CBV,False
INMOBILIARIA GÁLVEZ SANTA CRUZ,15,8.956299999999999,49.4073,True,7,EL VENTERO CBV,False
INMOBILIARIA GÁLVEZ SANTA CRUZ,15,6.699600000000004,46.2563,True,7,EL VENTERO CBV,False
INMOBILIARIA GÁLVEZ SANTA CRUZ,44,7.334299999999999,55.3312,True,7,EL VENTERO CBV,False
INMOBILIARIA GÁLVEZ SANTA CRUZ,44,34.9788,69.0694,False,7,EL VENTERO CBV,False
INMOBILIARIA GÁLVEZ SANTA CRUZ,12,8.32158,40.9627,False,7,EL VENTERO CBV,False
INMOBILIARIA GÁLVEZ SANTA CRUZ,6,33.4274,73.2287,False,7,EL VENTERO CBV,False
MOVISTAR ESTUDIANTES,6,13.2519,50.9715,True,7,C.D. BASKET GLOBALCAJA QUINTANAR,True
MOVISTAR ESTUDIANTES,25,15.648499999999999,58.0264,False,7,C.D. BASKET GLOBALCAJA QUINTANAR,True
MOVISTAR ESTUDIANTES,2,35.7613,62.8136,True,7,C.D. BASKET GLOBALCAJA QUINTANAR,True
MOVISTAR ESTUDIANTES,9,10.1974,47.444,True,7,C.D. BASKET GLOBALCAJA QUINTANAR,True
MOVISTAR ESTUDIANTES,8,11.5602,51.8113,True,7,C.D. BASKET GLOBALCAJA QUINTANAR,True
MOVISTAR ESTUDIANTES,2,33.64660000000001,26.4474,False,7,C.D. BASKET GLOBALCAJA QUINTANAR,True
MOVISTAR ESTUDIANTES,2,14.473699999999994,56.5146,False,7,C.D. BASKET GLOBALCAJA QUINTANAR,True
MOVISTAR ESTUDIANTES,11,10.3853,55.1708,False,7,C.D. BASKET GLOBALCAJA QUINTANAR,True
MOVISTAR ESTUDIANTES,8,12.9229,44.4205,True,7,C.D. BASKET GLOBALCAJA QUINTANAR,True
MOVISTAR ESTUDIANTES,19,13.1579,40.8091,True,7,C.D. BASKET GLOBALCAJA QUINTANAR,True
MOVISTAR ESTUDIANTES,12,8.64662,2.6792,False,7,C.D. BASKET GLOBALCAJA QUINTANAR,True
MOVISTAR ESTUDIANTES,9,15.1316,42.9088,False,7,C.D. BASKET GLOBALCAJA QUINTANAR,True
MOVISTAR ESTUDIANTES,6,33.834599999999995,16.705,False,7,C.D. BASKET GLOBALCAJA QUINTANAR,True
MOVISTAR ESTUDIANTES,25,12.453000000000003,33.2503,True,7,C.D. BASKET GLOBALCAJA QUINTANAR,True
MOVISTAR ESTUDIANTES,22,13.1109,53.2391,False,7,C.D. BASKET GLOBALCAJA QUINTANAR,True
MOVISTAR ESTUDIANTES,9,20.958600000000004,55.6747,False,7,C.D. BASKET GLOBALCAJA QUINTANAR,True
MOVISTAR ESTUDIANTES,11,7.236800000000002,60.9659,False,7,C.D. BASKET GLOBALCAJA QUINTANAR,True
MOVISTAR ESTUDIANTES,9,10.902199999999993,51.6434,True,7,C.D. BASKET GLOBALCAJA QUINTANAR,True
MOVISTAR ESTUDIANTES,8,40.0376,45.7643,False,7,C.D. BASKET GLOBALCAJA QUINTANAR,True
MOVISTAR ESTUDIANTES,2,37.1711,49.5437,False,7,C.D. BASKET GLOBALCAJA QUINTANAR,True
MOVISTAR ESTUDIANTES,6,37.5,47.948,True,7,C.D. BASKET GLOBALCAJA QUINTANAR,True
MOVISTAR ESTUDIANTES,25,27.0677,78.687,True,7,C.D. BASKET GLOBALCAJA QUINTANAR,True
MOVISTAR ESTUDIANTES,12,27.6316,78.0991,False,7,C.D. BASKET GLOBALCAJA QUINTANAR,True
MOVISTAR ESTUDIANTES,11,32.800700000000006,73.8998,True,7,C.D. BASKET GLOBALCAJA QUINTANAR,True
MOVISTAR ESTUDIANTES,25,27.584599999999995,82.2985,False,7,C.D. BASKET GLOBALCAJA QUINTANAR,True
MOVISTAR ESTUDIANTES,22,8.97556,54.7509,True,7,C.D. BASKET GLOBALCAJA QUINTANAR,True
MOVISTAR ESTUDIANTES,2,16.1184,55.2548,False,7,C.D. BASKET GLOBALCAJA QUINTANAR,True
MOVISTAR ESTUDIANTES,2,31.8609,30.5627,True,7,C.D. BASKET GLOBALCAJA QUINTANAR,True
MOVISTAR ESTUDIANTES,7,19.689800000000005,91.9569,True,7,C.D. BASKET GLOBALCAJA QUINTANAR,True
MOVISTAR ESTUDIANTES,6,32.4718,64.7453,False,7,C.D. BASKET GLOBALCAJA QUINTANAR,True
MOVISTAR ESTUDIANTES,9,12.312,57.1865,False,7,C.D. BASKET GLOBALCAJA QUINTANAR,True
MOVISTAR ESTUDIANTES,7,9.49248,24.0958,True,7,C.D. BASKET GLOBALCAJA QUINTANAR,True
MOVISTAR ESTUDIANTES,2,34.7274,50.8875,False,7,C.D. BASKET GLOBALCAJA QUINTANAR,True
MOVISTAR ESTUDIANTES,22,11.842100000000002,56.0107,True,7,C.D. BASKET GLOBALCAJA QUINTANAR,True
MOVISTAR ESTUDIANTES,2,11.842100000000002,56.0107,False,7,C.D. BASKET GLOBALCAJA QUINTANAR,True
MOVISTAR ESTUDIANTES,6,9.44549,40.6411,True,7,C.D. BASKET GLOBALCAJA QUINTANAR,True
MOVISTAR ESTUDIANTES,11,34.868399999999994,29.4709,True,7,C.D. BASKET GLOBALCAJA QUINTANAR,True
MOVISTAR ESTUDIANTES,8,12.8759,30.2268,True,7,C.D. BASKET GLOBALCAJA QUINTANAR,True
MOVISTAR ESTUDIANTES,25,33.1297,19.9804,False,7,C.D. BASKET GLOBALCAJA QUINTANAR,True
MOVISTAR ESTUDIANTES,19,31.296999999999997,22.1641,False,7,C.D. BASKET GLOBALCAJA QUINTANAR,True
MOVISTAR ESTUDIANTES,11,9.492500000000007,3.18312,True,7,C.D. BASKET GLOBALCAJA QUINTANAR,True
MOVISTAR ESTUDIANTES,8,13.0639,42.8248,False,7,C.D. BASKET GLOBALCAJA QUINTANAR,True
MOVISTAR ESTUDIANTES,7,24.6241,84.7341,False,7,C.D. BASKET GLOBALCAJA QUINTANAR,True
MOVISTAR ESTUDIANTES,6,8.50564,57.8584,True,7,C.D. BASKET GLOBALCAJA QUINTANAR,True
MOVISTAR ESTUDIANTES,6,12.8759,30.2268,False,7,C.D. BASKET GLOBALCAJA QUINTANAR,True
MOVISTAR ESTUDIANTES,8,13.768799999999999,53.659,False,7,C.D. BASKET GLOBALCAJA QUINTANAR,True
MOVISTAR ESTUDIANTES,11,17.058300000000003,53.827,True,7,C.D. BASKET GLOBALCAJA QUINTANAR,True
MOVISTAR ESTUDIANTES,7,34.3985,65.4172,False,7,C.D. BASKET GLOBALCAJA QUINTANAR,True
MOVISTAR ESTUDIANTES,25,33.64660000000001,66.593,False,7,C.D. BASKET GLOBALCAJA QUINTANAR,True
MOVISTAR ESTUDIANTES,9,16.6353,51.7274,False,7,C.D. BASKET GLOBALCAJA QUINTANAR,True
MOVISTAR ESTUDIANTES,8,11.231200000000001,58.1943,False,7,C.D. BASKET GLOBALCAJA QUINTANAR,True
MOVISTAR ESTUDIANTES,6,33.270700000000005,37.2817,False,7,C.D. BASKET GLOBALCAJA QUINTANAR,True
MOVISTAR ESTUDIANTES,9,7.80075,48.9558,True,7,C.D. BASKET GLOBALCAJA QUINTANAR,True
MOVISTAR ESTUDIANTES,25,34.3985,32.4944,True,7,C.D. BASKET GLOBALCAJA QUINTANAR,True
MOVISTAR ESTUDIANTES,9,9.16353,51.1395,False,7,C.D. BASKET GLOBALCAJA QUINTANAR,True
MOVISTAR ESTUDIANTES,9,14.708600000000004,54.4149,True,7,C.D. BASKET GLOBALCAJA QUINTANAR,True
MOVISTAR ESTUDIANTES,11,16.1184,55.2548,True,7,C.D. BASKET GLOBALCAJA QUINTANAR,True
MOVISTAR ESTUDIANTES,2,9.11654,55.0868,True,7,C.D. BASKET GLOBALCAJA QUINTANAR,True
MOVISTAR ESTUDIANTES,7,29.887200000000007,17.7128,False,7,C.D. BASKET GLOBALCAJA QUINTANAR,True
MOVISTAR ESTUDIANTES,6,31.108999999999995,25.4396,True,7,C.D. BASKET GLOBALCAJA QUINTANAR,True
MOVISTAR ESTUDIANTES,6,33.8346,77.3433,False,7,C.D. BASKET GLOBALCAJA QUINTANAR,True
MOVISTAR ESTUDIANTES,25,19.5959,5.1988,True,7,C.D. BASKET GLOBALCAJA QUINTANAR,True
MOVISTAR ESTUDIANTES,9,6.5319999999999965,60.042,True,7,C.D. BASKET GLOBALCAJA QUINTANAR,True
MOVISTAR ESTUDIANTES,25,28.5714,81.1227,False,7,C.D. BASKET GLOBALCAJA QUINTANAR,True
C.D. BASKET GLOBALCAJA QUINTANAR,50,9.633499999999998,57.0185,True,7,MOVISTAR ESTUDIANTES,False
C.D. BASKET GLOBALCAJA QUINTANAR,14,29.1353,72.1361,False,7,MOVISTAR ESTUDIANTES,False
C.D. BASKET GLOBALCAJA QUINTANAR,50,11.6541,61.6378,False,7,MOVISTAR ESTUDIANTES,False
C.D. BASKET GLOBALCAJA QUINTANAR,21,35.0564,28.5471,False,7,MOVISTAR ESTUDIANTES,False
C.D. BASKET GLOBALCAJA QUINTANAR,1,18.891000000000005,51.8953,False,7,MOVISTAR ESTUDIANTES,False
C.D. BASKET GLOBALCAJA QUINTANAR,21,10.808300000000003,93.3847,False,7,MOVISTAR ESTUDIANTES,False
C.D. BASKET GLOBALCAJA QUINTANAR,2,15.9305,46.2682,False,7,MOVISTAR ESTUDIANTES,False
C.D. BASKET GLOBALCAJA QUINTANAR,12,18.1861,46.2682,True,7,MOVISTAR ESTUDIANTES,False
C.D. BASKET GLOBALCAJA QUINTANAR,2,14.050700000000006,51.0555,False,7,MOVISTAR ESTUDIANTES,False
C.D. BASKET GLOBALCAJA QUINTANAR,8,34.3985,76.3354,False,7,MOVISTAR ESTUDIANTES,False
C.D. BASKET GLOBALCAJA QUINTANAR,50,11.842100000000002,59.3701,True,7,MOVISTAR ESTUDIANTES,False
C.D. BASKET GLOBALCAJA QUINTANAR,2,21.2876,5.87069,False,7,MOVISTAR ESTUDIANTES,False
C.D. BASKET GLOBALCAJA QUINTANAR,8,30.0282,78.771,True,7,MOVISTAR ESTUDIANTES,False
C.D. BASKET GLOBALCAJA QUINTANAR,6,37.9699,40.4732,False,7,MOVISTAR ESTUDIANTES,False
C.D. BASKET GLOBALCAJA QUINTANAR,2,13.9098,51.5594,False,7,MOVISTAR ESTUDIANTES,False
C.D. BASKET GLOBALCAJA QUINTANAR,6,10.244399999999999,42.4888,False,7,MOVISTAR ESTUDIANTES,False
C.D. BASKET GLOBALCAJA QUINTANAR,8,14.0038,46.6882,True,7,MOVISTAR ESTUDIANTES,False
C.D. BASKET GLOBALCAJA QUINTANAR,12,11.231200000000001,51.6434,True,7,MOVISTAR ESTUDIANTES,False
C.D. BASKET GLOBALCAJA QUINTANAR,12,18.515,51.1395,False,7,MOVISTAR ESTUDIANTES,False
C.D. BASKET GLOBALCAJA QUINTANAR,6,14.426699999999997,55.4228,True,7,MOVISTAR ESTUDIANTES,False
C.D. BASKET GLOBALCAJA QUINTANAR,6,18.562,5.78671,False,7,MOVISTAR ESTUDIANTES,False
C.D. BASKET GLOBALCAJA QUINTANAR,2,9.11654,55.3388,True,7,MOVISTAR ESTUDIANTES,False
C.D. BASKET GLOBALCAJA QUINTANAR,1,28.9004,18.8046,True,7,MOVISTAR ESTUDIANTES,False
C.D. BASKET GLOBALCAJA QUINTANAR,2,19.3609,47.3601,False,7,MOVISTAR ESTUDIANTES,False
C.D. BASKET GLOBALCAJA QUINTANAR,2,16.5414,46.4362,False,7,MOVISTAR ESTUDIANTES,False
C.D. BASKET GLOBALCAJA QUINTANAR,3,23.5432,88.9334,False,7,MOVISTAR ESTUDIANTES,False
C.D. BASKET GLOBALCAJA QUINTANAR,8,15.4135,51.3074,True,7,MOVISTAR ESTUDIANTES,False
C.D. BASKET GLOBALCAJA QUINTANAR,12,10.949200000000005,50.8035,False,7,MOVISTAR ESTUDIANTES,False
C.D. BASKET GLOBALCAJA QUINTANAR,8,19.2669,32.9984,False,7,MOVISTAR ESTUDIANTES,False
C.D. BASKET GLOBALCAJA QUINTANAR,2,10.291399999999996,50.8035,True,7,MOVISTAR ESTUDIANTES,False
C.D. BASKET GLOBALCAJA QUINTANAR,50,26.7857,85.238,False,7,MOVISTAR ESTUDIANTES,False
C.D. BASKET GLOBALCAJA QUINTANAR,12,9.77444,57.1865,False,7,MOVISTAR ESTUDIANTES,False
C.D. BASKET GLOBALCAJA QUINTANAR,50,10.9962,57.7744,True,7,MOVISTAR ESTUDIANTES,False
C.D. BASKET GLOBALCAJA QUINTANAR,14,10.573300000000003,56.9345,False,7,MOVISTAR ESTUDIANTES,False
C.D. BASKET GLOBALCAJA QUINTANAR,6,10.056399999999996,50.7195,True,7,MOVISTAR ESTUDIANTES,False
C.D. BASKET GLOBALCAJA QUINTANAR,12,20.6297,54.5829,False,7,MOVISTAR ESTUDIANTES,False
C.D. BASKET GLOBALCAJA QUINTANAR,12,10.0094,56.6826,True,7,MOVISTAR ESTUDIANTES,False
C.D. BASKET GLOBALCAJA QUINTANAR,12,15.0376,50.4676,True,7,MOVISTAR ESTUDIANTES,False
C.D. BASKET GLOBALCAJA QUINTANAR,21,34.5865,53.4071,False,7,MOVISTAR ESTUDIANTES,False
C.D. BASKET GLOBALCAJA QUINTANAR,50,15.6485,55.5068,False,7,MOVISTAR ESTUDIANTES,False
C.D. BASKET GLOBALCAJA QUINTANAR,8,34.6335,69.3645,False,7,MOVISTAR ESTUDIANTES,False
C.D. BASKET GLOBALCAJA QUINTANAR,14,11.6541,61.6378,True,7,MOVISTAR ESTUDIANTES,False
C.D. BASKET GLOBALCAJA QUINTANAR,3,12.5,72.892,False,7,MOVISTAR ESTUDIANTES,False
C.D. BASKET GLOBALCAJA QUINTANAR,50,14.943600000000004,58.1103,False,7,MOVISTAR ESTUDIANTES,False
C.D. BASKET GLOBALCAJA QUINTANAR,2,7.37782,31.9905,False,7,MOVISTAR ESTUDIANTES,False
C.D. BASKET GLOBALCAJA QUINTANAR,1,13.1109,47.3601,True,7,MOVISTAR ESTUDIANTES,False
C.D. BASKET GLOBALCAJA QUINTANAR,1,9.49248,53.0711,True,7,MOVISTAR ESTUDIANTES,False
C.D. BASKET GLOBALCAJA QUINTANAR,3,31.766900000000007,75.5795,True,7,MOVISTAR ESTUDIANTES,False
C.D. BASKET GLOBALCAJA QUINTANAR,1,34.680400000000006,50.1316,False,7,MOVISTAR ESTUDIANTES,False
C.D. BASKET GLOBALCAJA QUINTANAR,8,11.8421,52.9872,True,7,MOVISTAR ESTUDIANTES,False
C.D. BASKET GLOBALCAJA QUINTANAR,8,12.688000000000002,53.1551,False,7,MOVISTAR ESTUDIANTES,False
C.D. BASKET GLOBALCAJA QUINTANAR,6,10.902199999999993,49.9636,True,7,MOVISTAR ESTUDIANTES,False
C.D. BASKET GLOBALCAJA QUINTANAR,1,13.862799999999993,39.2134,False,7,MOVISTAR ESTUDIANTES,False
C.D. BASKET GLOBALCAJA QUINTANAR,1,34.3045,76.9233,False,7,MOVISTAR ESTUDIANTES,False
C.D. BASKET GLOBALCAJA QUINTANAR,12,37.312,49.2918,True,7,MOVISTAR ESTUDIANTES,False
C.D. BASKET GLOBALCAJA QUINTANAR,8,16.8703,55.3388,False,7,MOVISTAR ESTUDIANTES,False
C.D. BASKET GLOBALCAJA QUINTANAR,2,7.37782,31.9905,True,7,MOVISTAR ESTUDIANTES,False
C.D. BASKET GLOBALCAJA QUINTANAR,50,8.41165,55.5068,True,7,MOVISTAR ESTUDIANTES,False
C.D. BASKET GLOBALCAJA QUINTANAR,2,14.7086,43.2447,False,7,MOVISTAR ESTUDIANTES,False
C.D. BASKET GLOBALCAJA QUINTANAR,3,15.6485,48.4519,False,7,MOVISTAR ESTUDIANTES,False
C.D. BASKET GLOBALCAJA QUINTANAR,8,15.319500000000005,57.6904,False,7,MOVISTAR ESTUDIANTES,False
C.D. BASKET GLOBALCAJA QUINTANAR,2,12.547,50.1316,True,7,MOVISTAR ESTUDIANTES,False
C.D. BASKET GLOBALCAJA QUINTANAR,12,11.748099999999994,31.1506,False,7,MOVISTAR ESTUDIANTES,False
C.D. BASKET GLOBALCAJA QUINTANAR,8,30.592100000000002,79.4429,True,7,MOVISTAR ESTUDIANTES,False
C.D. BASKET GLOBALCAJA QUINTANAR,6,13.627799999999993,49.6277,False,7,MOVISTAR ESTUDIANTES,False
TOSCONES CORRALEJO,9,24.471100000000007,68.5653,True,8,NÁUTICO TENERIFE,True
TOSCONES CORRALEJO,17,14.880099999999999,40.4585,False,8,NÁUTICO TENERIFE,True
TOSCONES CORRALEJO,15,12.9055,33.6524,False,8,NÁUTICO TENERIFE,True
TOSCONES CORRALEJO,7,12.764499999999998,58.7342,False,8,NÁUTICO TENERIFE,True
TOSCONES CORRALEJO,18,10.155100000000004,40.9627,False,8,NÁUTICO TENERIFE,True
TOSCONES CORRALEJO,17,26.9394,82.9337,True,8,NÁUTICO TENERIFE,True
TOSCONES CORRALEJO,17,8.885800000000003,1.89059,False,8,NÁUTICO TENERIFE,True
TOSCONES CORRALEJO,9,19.5346,28.6109,False,8,NÁUTICO TENERIFE,True
TOSCONES CORRALEJO,17,14.1749,48.7771,True,8,NÁUTICO TENERIFE,True
TOSCONES CORRALEJO,30,20.874499999999998,76.5057,False,8,NÁUTICO TENERIFE,True
TOSCONES CORRALEJO,8,10.0846,58.104,False,8,NÁUTICO TENERIFE,True
TOSCONES CORRALEJO,7,12.2003,35.1649,False,8,NÁUTICO TENERIFE,True
TOSCONES CORRALEJO,7,23.6248,48.9032,True,8,NÁUTICO TENERIFE,True
TOSCONES CORRALEJO,8,17.0663,24.3255,False,8,NÁUTICO TENERIFE,True
TOSCONES CORRALEJO,8,31.0296,76.3797,True,8,NÁUTICO TENERIFE,True
TOSCONES CORRALEJO,17,11.706599999999995,61.5071,True,8,NÁUTICO TENERIFE,True
TOSCONES CORRALEJO,17,10.437200000000004,1.51247,False,8,NÁUTICO TENERIFE,True
TOSCONES CORRALEJO,8,32.0874,71.9683,False,8,NÁUTICO TENERIFE,True
TOSCONES CORRALEJO,9,8.462599999999995,36.0472,True,8,NÁUTICO TENERIFE,True
TOSCONES CORRALEJO,6,29.830699999999993,14.1164,True,8,NÁUTICO TENERIFE,True
TOSCONES CORRALEJO,9,33.9915,47.1386,False,8,NÁUTICO TENERIFE,True
TOSCONES CORRALEJO,17,12.4118,39.8283,False,8,NÁUTICO TENERIFE,True
TOSCONES CORRALEJO,11,10.0141,12.0998,True,8,NÁUTICO TENERIFE,True
TOSCONES CORRALEJO,7,9.379400000000004,58.3561,False,8,NÁUTICO TENERIFE,True
TOSCONES CORRALEJO,8,26.9394,81.9254,False,8,NÁUTICO TENERIFE,True
TOSCONES CORRALEJO,7,16.3611,22.0568,False,8,NÁUTICO TENERIFE,True
TOSCONES CORRALEJO,9,20.3808,25.5859,False,8,NÁUTICO TENERIFE,True
TOSCONES CORRALEJO,6,33.921,51.9281,False,8,NÁUTICO TENERIFE,True
TOSCONES CORRALEJO,17,11.6361,39.9544,False,8,NÁUTICO TENERIFE,True
TOSCONES CORRALEJO,9,30.888599999999997,25.4599,False,8,NÁUTICO TENERIFE,True
TOSCONES CORRALEJO,9,14.598,48.399,False,8,NÁUTICO TENERIFE,True
TOSCONES CORRALEJO,30,22.708,90.7481,True,8,NÁUTICO TENERIFE,True
TOSCONES CORRALEJO,9,8.674199999999999,62.8935,True,8,NÁUTICO TENERIFE,True
TOSCONES CORRALEJO,9,14.456999999999994,38.9461,True,8,NÁUTICO TENERIFE,True
TOSCONES CORRALEJO,17,29.478099999999998,88.2274,False,8,NÁUTICO TENERIFE,True
TOSCONES CORRALEJO,11,7.89845,3.15098,False,8,NÁUTICO TENERIFE,True
TOSCONES CORRALEJO,9,11.777100000000004,39.0721,False,8,NÁUTICO TENERIFE,True
TOSCONES CORRALEJO,17,19.605099999999993,68.1871,False,8,NÁUTICO TENERIFE,True
TOSCONES CORRALEJO,11,12.129800000000003,65.1622,True,8,NÁUTICO TENERIFE,True
TOSCONES CORRALEJO,9,5.64175,94.5293,True,8,NÁUTICO TENERIFE,True
TOSCONES CORRALEJO,7,18.9704,70.96,False,8,NÁUTICO TENERIFE,True
TOSCONES CORRALEJO,7,30.112799999999993,12.7299,False,8,NÁUTICO TENERIFE,True
TOSCONES CORRALEJO,17,10.860399999999998,63.7758,True,8,NÁUTICO TENERIFE,True
TOSCONES CORRALEJO,11,23.342699999999994,91.6304,False,8,NÁUTICO TENERIFE,True
TOSCONES CORRALEJO,15,9.09732,59.7425,True,8,NÁUTICO TENERIFE,True
TOSCONES CORRALEJO,15,7.757400000000004,95.9157,False,8,NÁUTICO TENERIFE,True
TOSCONES CORRALEJO,11,14.8096,38.82,True,8,NÁUTICO TENERIFE,True
TOSCONES CORRALEJO,7,21.7207,5.29364,False,8,NÁUTICO TENERIFE,True
TOSCONES CORRALEJO,7,13.7518,27.2244,False,8,NÁUTICO TENERIFE,True
TOSCONES CORRALEJO,7,10.2257,37.0555,False,8,NÁUTICO TENERIFE,True
TOSCONES CORRALEJO,9,7.8279,61.381,True,8,NÁUTICO TENERIFE,True
TOSCONES CORRALEJO,7,12.6234,56.8436,True,8,NÁUTICO TENERIFE,True
TOSCONES CORRALEJO,9,12.4118,56.3395,True,8,NÁUTICO TENERIFE,True
TOSCONES CORRALEJO,17,11.1425,42.0971,True,8,NÁUTICO TENERIFE,True
TOSCONES CORRALEJO,9,33.2158,21.8048,False,8,NÁUTICO TENERIFE,True
TOSCONES CORRALEJO,8,12.975999999999999,61.6331,True,8,NÁUTICO TENERIFE,True
TOSCONES CORRALEJO,8,20.945,79.4046,True,8,NÁUTICO TENERIFE,True
TOSCONES CORRALEJO,17,10.4372,35.543,False,8,NÁUTICO TENERIFE,True
TOSCONES CORRALEJO,11,9.873099999999994,33.6524,False,8,NÁUTICO TENERIFE,True
TOSCONES CORRALEJO,30,22.778599999999997,6.93215,True,8,NÁUTICO TENERIFE,True
TOSCONES CORRALEJO,8,22.426000000000002,53.6926,False,8,NÁUTICO TENERIFE,True
TOSCONES CORRALEJO,17,14.2454,55.4572,True,8,NÁUTICO TENERIFE,True
TOSCONES CORRALEJO,8,9.943600000000004,40.9627,False,8,NÁUTICO TENERIFE,True
NÁUTICO TENERIFE,1,12.975999999999999,46.6345,False,8,TOSCONES CORRALEJO,False
NÁUTICO TENERIFE,5,24.753200000000007,33.5264,False,8,TOSCONES CORRALEJO,False
NÁUTICO TENERIFE,39,12.835,59.1123,True,8,TOSCONES CORRALEJO,False
NÁUTICO TENERIFE,55,12.834999999999994,59.3644,True,8,TOSCONES CORRALEJO,False
NÁUTICO TENERIFE,13,10.7193,61.7591,False,8,TOSCONES CORRALEJO,False
NÁUTICO TENERIFE,18,28.349800000000002,88.2274,False,8,TOSCONES CORRALEJO,False
NÁUTICO TENERIFE,1,15.585300000000004,44.1137,True,8,TOSCONES CORRALEJO,False
NÁUTICO TENERIFE,39,11.7066,60.4988,True,8,TOSCONES CORRALEJO,False
NÁUTICO TENERIFE,13,8.25106,92.1346,False,8,TOSCONES CORRALEJO,False
NÁUTICO TENERIFE,23,21.015500000000003,67.9351,True,8,TOSCONES CORRALEJO,False
NÁUTICO TENERIFE,5,9.873099999999994,58.2301,True,8,TOSCONES CORRALEJO,False
NÁUTICO TENERIFE,1,19.464,94.2772,False,8,TOSCONES CORRALEJO,False
NÁUTICO TENERIFE,23,9.238399999999999,49.1552,False,8,TOSCONES CORRALEJO,False
NÁUTICO TENERIFE,5,16.854699999999994,41.4669,True,8,TOSCONES CORRALEJO,False
NÁUTICO TENERIFE,5,11.7066,32.6441,False,8,TOSCONES CORRALEJO,False
NÁUTICO TENERIFE,23,9.94358,70.4558,False,8,TOSCONES CORRALEJO,False
NÁUTICO TENERIFE,13,14.668499999999995,92.3866,True,8,TOSCONES CORRALEJO,False
NÁUTICO TENERIFE,20,9.1678,63.1456,False,8,TOSCONES CORRALEJO,False
NÁUTICO TENERIFE,1,8.3921,92.8908,False,8,TOSCONES CORRALEJO,False
NÁUTICO TENERIFE,7,27.7151,13.7383,False,8,TOSCONES CORRALEJO,False
NÁUTICO TENERIFE,18,29.055,81.4212,True,8,TOSCONES CORRALEJO,False
NÁUTICO TENERIFE,39,10.507800000000003,36.6774,True,8,TOSCONES CORRALEJO,False
NÁUTICO TENERIFE,39,9.379400000000004,38.82,True,8,TOSCONES CORRALEJO,False
NÁUTICO TENERIFE,18,22.4965,88.2274,False,8,TOSCONES CORRALEJO,False
NÁUTICO TENERIFE,15,17.3484,66.1705,False,8,TOSCONES CORRALEJO,False
NÁUTICO TENERIFE,1,9.16784,57.2217,True,8,TOSCONES CORRALEJO,False
NÁUTICO TENERIFE,39,6.7701,0.630195,False,8,TOSCONES CORRALEJO,False
NÁUTICO TENERIFE,7,16.5726,43.6095,False,8,TOSCONES CORRALEJO,False
NÁUTICO TENERIFE,39,14.386499999999998,94.6553,False,8,TOSCONES CORRALEJO,False
NÁUTICO TENERIFE,55,8.815200000000004,58.8602,True,8,TOSCONES CORRALEJO,False
NÁUTICO TENERIFE,5,11.142499999999998,52.8104,True,8,TOSCONES CORRALEJO,False
NÁUTICO TENERIFE,5,16.008499999999998,54.827,False,8,TOSCONES CORRALEJO,False
NÁUTICO TENERIFE,1,15.0212,56.3395,True,8,TOSCONES CORRALEJO,False
NÁUTICO TENERIFE,13,14.245400000000004,2.64682,True,8,TOSCONES CORRALEJO,False
NÁUTICO TENERIFE,5,14.174899999999994,39.7023,True,8,TOSCONES CORRALEJO,False
NÁUTICO TENERIFE,5,34.4852,41.845,False,8,TOSCONES CORRALEJO,False
NÁUTICO TENERIFE,20,32.7927,22.561,False,8,TOSCONES CORRALEJO,False
NÁUTICO TENERIFE,5,11.213,66.0445,True,8,TOSCONES CORRALEJO,False
NÁUTICO TENERIFE,39,9.943600000000004,62.1373,True,8,TOSCONES CORRALEJO,False
NÁUTICO TENERIFE,7,22.708,52.4323,True,8,TOSCONES CORRALEJO,False
NÁUTICO TENERIFE,20,24.33,87.093,False,8,TOSCONES CORRALEJO,False
NÁUTICO TENERIFE,13,12.9055,68.4392,False,8,TOSCONES CORRALEJO,False
NÁUTICO TENERIFE,23,10.719300000000004,60.4988,True,8,TOSCONES CORRALEJO,False
NÁUTICO TENERIFE,55,13.1171,60.8769,True,8,TOSCONES CORRALEJO,False
NÁUTICO TENERIFE,18,8.18054,61.8852,True,8,TOSCONES CORRALEJO,False
NÁUTICO TENERIFE,13,35.049400000000006,43.8616,True,8,TOSCONES CORRALEJO,False
NÁUTICO TENERIFE,15,16.079,59.7425,True,8,TOSCONES CORRALEJO,False
NÁUTICO TENERIFE,5,11.847700000000003,47.5167,False,8,TOSCONES CORRALEJO,False
NÁUTICO TENERIFE,51,7.122699999999995,59.7425,True,8,TOSCONES CORRALEJO,False
NÁUTICO TENERIFE,5,33.63890000000001,73.3547,True,8,TOSCONES CORRALEJO,False
NÁUTICO TENERIFE,55,15.5853,42.0971,True,8,TOSCONES CORRALEJO,False
NÁUTICO TENERIFE,18,10.366699999999994,56.3395,False,8,TOSCONES CORRALEJO,False
NÁUTICO TENERIFE,55,15.867400000000004,54.953,False,8,TOSCONES CORRALEJO,False
NÁUTICO TENERIFE,1,11.565600000000003,44.8699,True,8,TOSCONES CORRALEJO,False
NÁUTICO TENERIFE,20,11.142499999999998,5.29364,False,8,TOSCONES CORRALEJO,False
NÁUTICO TENERIFE,20,8.674199999999999,2.39474,False,8,TOSCONES CORRALEJO,False
NÁUTICO TENERIFE,5,11.213,61.8852,True,8,TOSCONES CORRALEJO,False
NÁUTICO TENERIFE,55,15.5853,78.6484,False,8,TOSCONES CORRALEJO,False
NÁUTICO TENERIFE,23,12.7645,35.417,True,8,TOSCONES CORRALEJO,False
NÁUTICO TENERIFE,1,7.19323,92.8908,False,8,TOSCONES CORRALEJO,False
NÁUTICO TENERIFE,7,28.1382,17.1413,True,8,TOSCONES CORRALEJO,False
NÁUTICO TENERIFE,1,9.802499999999995,3.90721,True,8,TOSCONES CORRALEJO,False
NÁUTICO TENERIFE,5,13.399100000000004,36.8034,True,8,TOSCONES CORRALEJO,False
NÁUTICO TENERIFE,5,8.11,95.1595,False,8,TOSCONES CORRALEJO,False
NÁUTICO TENERIFE,18,7.19323,66.4226,False,8,TOSCONES CORRALEJO,False
NÁUTICO TENERIFE,51,34.3441,61.381,False,8,TOSCONES CORRALEJO,False
NÁUTICO TENERIFE,7,8.11,56.9697,False,8,TOSCONES CORRALEJO,False
NÁUTICO TENERIFE,23,31.5938,82.5556,True,8,TOSCONES CORRALEJO,False
NÁUTICO TENERIFE,5,25.5289,81.4212,False,8,TOSCONES CORRALEJO,False
NÁUTICO TENERIFE,5,12.3413,39.0721,True,8,TOSCONES CORRALEJO,False
NÁUTICO TENERIFE,39,10.860399999999998,61.0029,True,8,TOSCONES CORRALEJO,False
NÁUTICO TENERIFE,39,11.142499999999998,94.0252,False,8,TOSCONES CORRALEJO,False
NÁUTICO TENERIFE,39,11.7066,32.6441,True,8,TOSCONES CORRALEJO,False
NÁUTICO TENERIFE,23,19.0409,95.4116,True,8,TOSCONES CORRALEJO,False
NÁUTICO TENERIFE,55,9.520499999999998,41.7189,True,8,TOSCONES CORRALEJO,False
NÁUTICO TENERIFE,1,11.2835,69.8256,False,8,TOSCONES CORRALEJO,False
CB LA MATANZA,0,8.60367,5.92384,False,8,CESUR DISTRITO OLIMPICO,True
CB LA MATANZA,10,32.0874,81.4212,True,8,CESUR DISTRITO OLIMPICO,True
CB LA MATANZA,72,4.866,70.2038,False,8,CESUR DISTRITO OLIMPICO,True
CB LA MATANZA,3,7.61636,96.4199,True,8,CESUR DISTRITO OLIMPICO,True
CB LA MATANZA,72,5.007099999999994,57.4738,True,8,CESUR DISTRITO OLIMPICO,True
CB LA MATANZA,10,7.96897,44.7439,True,8,CESUR DISTRITO OLIMPICO,True
CB LA MATANZA,10,37.7292,22.3089,False,8,CESUR DISTRITO OLIMPICO,True
CB LA MATANZA,23,8.885800000000003,51.9281,False,8,CESUR DISTRITO OLIMPICO,True
CB LA MATANZA,11,6.55853,95.1595,True,8,CESUR DISTRITO OLIMPICO,True
CB LA MATANZA,11,15.6559,41.4669,False,8,CESUR DISTRITO OLIMPICO,True
CB LA MATANZA,11,38.1523,48.9032,False,8,CESUR DISTRITO OLIMPICO,True
CB LA MATANZA,72,8.81523,39.4502,False,8,CESUR DISTRITO OLIMPICO,True
CB LA MATANZA,9,7.475300000000004,94.2772,True,8,CESUR DISTRITO OLIMPICO,True
CB LA MATANZA,6,16.7842,53.9447,False,8,CESUR DISTRITO OLIMPICO,True
CB LA MATANZA,0,9.0268,49.6594,False,8,CESUR DISTRITO OLIMPICO,True
CB LA MATANZA,72,9.943600000000004,51.2979,False,8,CESUR DISTRITO OLIMPICO,True
CB LA MATANZA,7,12.200299999999999,27.4765,True,8,CESUR DISTRITO OLIMPICO,True
CB LA MATANZA,0,9.73202,37.8117,False,8,CESUR DISTRITO OLIMPICO,True
CB LA MATANZA,11,14.3159,51.4239,True,8,CESUR DISTRITO OLIMPICO,True
CB LA MATANZA,7,38.4344,23.0652,False,8,CESUR DISTRITO OLIMPICO,True
CB LA MATANZA,23,4.4428999999999945,41.4669,False,8,CESUR DISTRITO OLIMPICO,True
CB LA MATANZA,7,8.533100000000005,41.4669,True,8,CESUR DISTRITO OLIMPICO,True
CB LA MATANZA,23,31.523300000000006,82.5556,True,8,CESUR DISTRITO OLIMPICO,True
CB LA MATANZA,3,10.8604,94.5293,False,8,CESUR DISTRITO OLIMPICO,True
CB LA MATANZA,72,11.7066,61.8852,False,8,CESUR DISTRITO OLIMPICO,True
CB LA MATANZA,3,9.026799999999994,63.5237,False,8,CESUR DISTRITO OLIMPICO,True
CB LA MATANZA,10,28.1382,12.856,False,8,CESUR DISTRITO OLIMPICO,True
CB LA MATANZA,3,30.8886,22.435,True,8,CESUR DISTRITO OLIMPICO,True
CB LA MATANZA,0,5.6417,62.7675,False,8,CESUR DISTRITO OLIMPICO,True
CB LA MATANZA,23,31.946399999999997,66.4226,True,8,CESUR DISTRITO OLIMPICO,True
CB LA MATANZA,23,28.6319,82.6816,True,8,CESUR DISTRITO OLIMPICO,True
CB LA MATANZA,23,8.53315,94.4033,False,8,CESUR DISTRITO OLIMPICO,True
CB LA MATANZA,9,11.8477,49.2813,True,8,CESUR DISTRITO OLIMPICO,True
CB LA MATANZA,10,7.2637,63.7758,True,8,CESUR DISTRITO OLIMPICO,True
CB LA MATANZA,3,21.650199999999998,92.5127,True,8,CESUR DISTRITO OLIMPICO,True
CB LA MATANZA,9,15.5853,49.2813,True,8,CESUR DISTRITO OLIMPICO,True
CB LA MATANZA,11,10.9309,63.7758,True,8,CESUR DISTRITO OLIMPICO,True
CB LA MATANZA,10,6.4879999999999995,63.2716,False,8,CESUR DISTRITO OLIMPICO,True
CB LA MATANZA,23,13.3992,49.6594,False,8,CESUR DISTRITO OLIMPICO,True
CB LA MATANZA,11,31.1707,81.7994,True,8,CESUR DISTRITO OLIMPICO,True
CB LA MATANZA,3,26.375200000000007,87.7232,True,8,CESUR DISTRITO OLIMPICO,True
CB LA MATANZA,72,15.444299999999998,46.8865,False,8,CESUR DISTRITO OLIMPICO,True
CB LA MATANZA,11,15.3032,53.6926,True,8,CESUR DISTRITO OLIMPICO,True
CB LA MATANZA,3,11.0014,5.67176,False,8,CESUR DISTRITO OLIMPICO,True
CB LA MATANZA,9,11.6361,60.4988,False,8,CESUR DISTRITO OLIMPICO,True
CB LA MATANZA,7,12.1298,46.3824,False,8,CESUR DISTRITO OLIMPICO,True
CB LA MATANZA,3,7.89845,97.3022,True,8,CESUR DISTRITO OLIMPICO,True
CB LA MATANZA,11,9.520499999999998,49.4073,False,8,CESUR DISTRITO OLIMPICO,True
CB LA MATANZA,3,10.9309,45.8782,True,8,CESUR DISTRITO OLIMPICO,True
CB LA MATANZA,7,31.311700000000002,20.4183,False,8,CESUR DISTRITO OLIMPICO,True
CB LA MATANZA,7,9.4499,51.0458,True,8,CESUR DISTRITO OLIMPICO,True
CB LA MATANZA,11,31.7348,76.6318,False,8,CESUR DISTRITO OLIMPICO,True
CB LA MATANZA,21,9.0268,46.2563,False,8,CESUR DISTRITO OLIMPICO,True
CB LA MATANZA,23,13.046499999999995,43.1054,True,8,CESUR DISTRITO OLIMPICO,True
CB LA MATANZA,7,5.853300000000004,62.8935,True,8,CESUR DISTRITO OLIMPICO,True
CB LA MATANZA,7,6.558499999999995,59.1123,True,8,CESUR DISTRITO OLIMPICO,True
CB LA MATANZA,23,32.01690000000001,84.5722,False,8,CESUR DISTRITO OLIMPICO,True
CB LA MATANZA,0,12.764499999999998,98.6886,False,8,CESUR DISTRITO OLIMPICO,True
CB LA MATANZA,7,9.6615,53.9447,True,8,CESUR DISTRITO OLIMPICO,True
CB LA MATANZA,0,9.59097,48.7771,False,8,CESUR DISTRITO OLIMPICO,True
CB LA MATANZA,3,26.022599999999997,88.8575,False,8,CESUR DISTRITO OLIMPICO,True
CB LA MATANZA,6,10.366699999999994,62.8935,True,8,CESUR DISTRITO OLIMPICO,True
CB LA MATANZA,6,14.1044,56.9697,False,8,CESUR DISTRITO OLIMPICO,True
CB LA MATANZA,6,9.52045,96.0418,False,8,CESUR DISTRITO OLIMPICO,True
CB LA MATANZA,11,32.0169,21.1746,False,8,CESUR DISTRITO OLIMPICO,True
CB LA MATANZA,9,5.9238,60.3727,True,8,CESUR DISTRITO OLIMPICO,True
CB LA MATANZA,11,21.227099999999993,48.9032,True,8,CESUR DISTRITO OLIMPICO,True
CB LA MATANZA,7,11.142499999999998,46.8865,True,8,CESUR DISTRITO OLIMPICO,True
CB LA MATANZA,0,10.0141,50.7937,True,8,CESUR DISTRITO OLIMPICO,True
CB LA MATANZA,23,30.3949,84.9503,False,8,CESUR DISTRITO OLIMPICO,True
CB LA MATANZA,3,9.238399999999999,54.0708,False,8,CESUR DISTRITO OLIMPICO,True
CB LA MATANZA,10,27.0804,88.1013,False,8,CESUR DISTRITO OLIMPICO,True
CB LA MATANZA,10,15.0212,50.0375,True,8,CESUR DISTRITO OLIMPICO,True
CB LA MATANZA,7,10.8604,45.3741,True,8,CESUR DISTRITO OLIMPICO,True
CESUR DISTRITO OLIMPICO,13,3.2439999999999998,54.4489,True,8,CB LA MATANZA,False
CESUR DISTRITO OLIMPICO,13,7.89845,59.6165,True,8,CB LA MATANZA,False
CESUR DISTRITO OLIMPICO,5,12.5529,46.5084,False,8,CB LA MATANZA,False
CESUR DISTRITO OLIMPICO,41,34.6968,51.55,False,8,CB LA MATANZA,False
CESUR DISTRITO OLIMPICO,70,11.142499999999998,52.5583,True,8,CB LA MATANZA,False
CESUR DISTRITO OLIMPICO,14,8.251099999999994,34.9128,True,8,CB LA MATANZA,False
CESUR DISTRITO OLIMPICO,14,42.2426,47.0126,False,8,CB LA MATANZA,False
CESUR DISTRITO OLIMPICO,12,9.23836,94.1512,True,8,CB LA MATANZA,False
CESUR DISTRITO OLIMPICO,16,9.4499,48.0209,True,8,CB LA MATANZA,False
CESUR DISTRITO OLIMPICO,33,8.32158,6.17591,False,8,CB LA MATANZA,False
CESUR DISTRITO OLIMPICO,7,10.155100000000004,39.5763,False,8,CB LA MATANZA,False
CESUR DISTRITO OLIMPICO,2,5.289100000000005,61.6331,True,8,CB LA MATANZA,False
CESUR DISTRITO OLIMPICO,5,7.686899999999994,44.2397,True,8,CB LA MATANZA,False
CESUR DISTRITO OLIMPICO,2,11.142499999999998,48.6511,True,8,CB LA MATANZA,False
CESUR DISTRITO OLIMPICO,2,34.2031,36.5513,False,8,CB LA MATANZA,False
CESUR DISTRITO OLIMPICO,5,30.0423,78.0182,False,8,CB LA MATANZA,False
CESUR DISTRITO OLIMPICO,14,5.712299999999999,8.31858,False,8,CB LA MATANZA,False
CESUR DISTRITO OLIMPICO,13,9.661500000000004,55.8353,False,8,CB LA MATANZA,False
CESUR DISTRITO OLIMPICO,13,29.830699999999993,24.8297,False,8,CB LA MATANZA,False
CESUR DISTRITO OLIMPICO,14,15.373800000000003,48.0209,False,8,CB LA MATANZA,False
CESUR DISTRITO OLIMPICO,7,11.706599999999995,54.1968,False,8,CB LA MATANZA,False
CESUR DISTRITO OLIMPICO,7,7.8279,46.6345,True,8,CB LA MATANZA,False
CESUR DISTRITO OLIMPICO,10,27.362499999999997,22.1829,False,8,CB LA MATANZA,False
CESUR DISTRITO OLIMPICO,2,9.238399999999999,84.6983,False,8,CB LA MATANZA,False
CESUR DISTRITO OLIMPICO,33,7.334299999999999,52.8104,False,8,CB LA MATANZA,False
CESUR DISTRITO OLIMPICO,13,6.346999999999994,59.4904,True,8,CB LA MATANZA,False
CESUR DISTRITO OLIMPICO,10,27.009900000000002,16.133,False,8,CB LA MATANZA,False
CESUR DISTRITO OLIMPICO,33,8.18054,40.0804,True,8,CB LA MATANZA,False
CESUR DISTRITO OLIMPICO,14,10.2257,59.6165,False,8,CB LA MATANZA,False
CESUR DISTRITO OLIMPICO,5,9.6615,52.6843,True,8,CB LA MATANZA,False
CESUR DISTRITO OLIMPICO,33,8.815200000000004,50.6677,True,8,CB LA MATANZA,False
CESUR DISTRITO OLIMPICO,15,4.160799999999995,36.6774,False,8,CB LA MATANZA,False
CESUR DISTRITO OLIMPICO,10,10.3667,56.9697,True,8,CB LA MATANZA,False
CESUR DISTRITO OLIMPICO,2,8.956299999999999,49.1552,False,8,CB LA MATANZA,False
CESUR DISTRITO OLIMPICO,15,9.23836,50.7937,False,8,CB LA MATANZA,False
CESUR DISTRITO OLIMPICO,5,9.097300000000004,43.1054,True,8,CB LA MATANZA,False
CESUR DISTRITO OLIMPICO,33,7.616399999999999,56.9697,False,8,CB LA MATANZA,False
CESUR DISTRITO OLIMPICO,14,32.6516,82.6816,False,8,CB LA MATANZA,False
CESUR DISTRITO OLIMPICO,14,35.6841,74.4891,False,8,CB LA MATANZA,False
CESUR DISTRITO OLIMPICO,33,10.2962,52.3062,True,8,CB LA MATANZA,False
CESUR DISTRITO OLIMPICO,70,15.3738,53.0624,False,8,CB LA MATANZA,False
CESUR DISTRITO OLIMPICO,13,11.2835,81.6733,True,8,CB LA MATANZA,False
CESUR DISTRITO OLIMPICO,33,10.2257,93.2689,False,8,CB LA MATANZA,False
CESUR DISTRITO OLIMPICO,41,34.2736,22.1829,False,8,CB LA MATANZA,False
CESUR DISTRITO OLIMPICO,2,32.2285,27.4765,True,8,CB LA MATANZA,False
CESUR DISTRITO OLIMPICO,5,29.4076,16.5111,False,8,CB LA MATANZA,False
CESUR DISTRITO OLIMPICO,16,8.18054,96.1678,False,8,CB LA MATANZA,False
CESUR DISTRITO OLIMPICO,70,7.475300000000004,46.1303,True,8,CB LA MATANZA,False
CESUR DISTRITO OLIMPICO,16,10.719300000000004,55.4572,False,8,CB LA MATANZA,False
CESUR DISTRITO OLIMPICO,33,8.3921,64.406,False,8,CB LA MATANZA,False
CESUR DISTRITO OLIMPICO,41,30.465400000000002,29.4931,False,8,CB LA MATANZA,False
CESUR DISTRITO OLIMPICO,41,34.1326,58.6082,False,8,CB LA MATANZA,False
CESUR DISTRITO OLIMPICO,5,29.3371,13.7383,True,8,CB LA MATANZA,False
CESUR DISTRITO OLIMPICO,7,14.668499999999995,43.2314,False,8,CB LA MATANZA,False
CESUR DISTRITO OLIMPICO,15,11.354,44.1137,True,8,CB LA MATANZA,False
CESUR DISTRITO OLIMPICO,33,6.840599999999995,94.4033,False,8,CB LA MATANZA,False
CESUR DISTRITO OLIMPICO,10,11.9182,31.3837,False,8,CB LA MATANZA,False
CESUR DISTRITO OLIMPICO,33,6.346999999999994,54.1968,True,8,CB LA MATANZA,False
CESUR DISTRITO OLIMPICO,5,10.366699999999994,49.6594,True,8,CB LA MATANZA,False
CESUR DISTRITO OLIMPICO,2,16.22,5.67176,False,8,CB LA MATANZA,False
CESUR DISTRITO OLIMPICO,33,33.921,25.964,False,8,CB LA MATANZA,False
CESUR DISTRITO OLIMPICO,15,12.059200000000004,50.7937,True,8,CB LA MATANZA,False
CESUR DISTRITO OLIMPICO,15,9.94358,51.4239,False,8,CB LA MATANZA,False
CESUR DISTRITO OLIMPICO,14,8.039500000000004,50.0375,True,8,CB LA MATANZA,False
CESUR DISTRITO OLIMPICO,12,30.2539,78.0182,False,8,CB LA MATANZA,False
CESUR DISTRITO OLIMPICO,33,9.379400000000004,47.5167,False,8,CB LA MATANZA,False
CESUR DISTRITO OLIMPICO,5,11.0014,60.2467,True,8,CB LA MATANZA,False
C.D. BASKET GLOBALCAJA QUINTANAR,21,18.9704,95.1595,False,8,TOBARRA CB,True
C.D. BASKET GLOBALCAJA QUINTANAR,21,25.317300000000003,89.4877,False,8,TOBARRA CB,True
C.D. BASKET GLOBALCAJA QUINTANAR,8,21.086,91.6304,False,8,TOBARRA CB,True
C.D. BASKET GLOBALCAJA QUINTANAR,1,9.308899999999994,43.7356,False,8,TOBARRA CB,True
C.D. BASKET GLOBALCAJA QUINTANAR,8,27.9267,79.1525,False,8,TOBARRA CB,True
C.D. BASKET GLOBALCAJA QUINTANAR,12,18.6178,5.92384,True,8,TOBARRA CB,True
C.D. BASKET GLOBALCAJA QUINTANAR,2,12.6939,52.3062,False,8,TOBARRA CB,True
C.D. BASKET GLOBALCAJA QUINTANAR,2,10.2962,49.9115,True,8,TOBARRA CB,True
C.D. BASKET GLOBALCAJA QUINTANAR,14,30.747500000000002,76.2536,True,8,TOBARRA CB,True
C.D. BASKET GLOBALCAJA QUINTANAR,21,10.5078,56.8436,False,8,TOBARRA CB,True
C.D. BASKET GLOBALCAJA QUINTANAR,2,9.44993,47.2647,True,8,TOBARRA CB,True
C.D. BASKET GLOBALCAJA QUINTANAR,2,5.007099999999994,52.9364,True,8,TOBARRA CB,True
C.D. BASKET GLOBALCAJA QUINTANAR,50,10.7193,47.8948,True,8,TOBARRA CB,True
C.D. BASKET GLOBALCAJA QUINTANAR,12,7.898399999999995,51.9281,True,8,TOBARRA CB,True
C.D. BASKET GLOBALCAJA QUINTANAR,1,29.3371,78.7744,False,8,TOBARRA CB,True
C.D. BASKET GLOBALCAJA QUINTANAR,12,6.770099999999999,57.3478,True,8,TOBARRA CB,True
C.D. BASKET GLOBALCAJA QUINTANAR,1,31.8759,23.3172,True,8,TOBARRA CB,True
C.D. BASKET GLOBALCAJA QUINTANAR,12,5.1480999999999995,47.0126,True,8,TOBARRA CB,True
C.D. BASKET GLOBALCAJA QUINTANAR,21,10.0846,50.5417,True,8,TOBARRA CB,True
C.D. BASKET GLOBALCAJA QUINTANAR,2,10.437200000000004,96.672,True,8,TOBARRA CB,True
C.D. BASKET GLOBALCAJA QUINTANAR,3,10.437200000000004,96.672,False,8,TOBARRA CB,True
C.D. BASKET GLOBALCAJA QUINTANAR,1,10.5783,45.248,False,8,TOBARRA CB,True
C.D. BASKET GLOBALCAJA QUINTANAR,2,33.92100000000001,56.8436,True,8,TOBARRA CB,True
C.D. BASKET GLOBALCAJA QUINTANAR,1,34.6968,63.3977,True,8,TOBARRA CB,True
C.D. BASKET GLOBALCAJA QUINTANAR,50,6.064899999999994,43.6095,True,8,TOBARRA CB,True
C.D. BASKET GLOBALCAJA QUINTANAR,12,7.4048,48.9032,True,8,TOBARRA CB,True
C.D. BASKET GLOBALCAJA QUINTANAR,21,28.7729,83.3118,False,8,TOBARRA CB,True
C.D. BASKET GLOBALCAJA QUINTANAR,3,10.7193,49.4073,False,8,TOBARRA CB,True
C.D. BASKET GLOBALCAJA QUINTANAR,2,7.475300000000004,57.978,True,8,TOBARRA CB,True
C.D. BASKET GLOBALCAJA QUINTANAR,21,11.142499999999998,5.29364,True,8,TOBARRA CB,True
C.D. BASKET GLOBALCAJA QUINTANAR,50,11.424499999999995,95.4116,True,8,TOBARRA CB,True
C.D. BASKET GLOBALCAJA QUINTANAR,3,10.5078,56.8436,True,8,TOBARRA CB,True
C.D. BASKET GLOBALCAJA QUINTANAR,50,9.943600000000004,59.9946,False,8,TOBARRA CB,True
C.D. BASKET GLOBALCAJA QUINTANAR,21,9.873099999999994,94.5293,True,8,TOBARRA CB,True
C.D. BASKET GLOBALCAJA QUINTANAR,2,8.88575,49.7854,False,8,TOBARRA CB,True
C.D. BASKET GLOBALCAJA QUINTANAR,12,8.956299999999999,48.9032,True,8,TOBARRA CB,True
C.D. BASKET GLOBALCAJA QUINTANAR,21,31.029600000000002,28.989,False,8,TOBARRA CB,True
C.D. BASKET GLOBALCAJA QUINTANAR,2,7.052199999999999,97.4282,True,8,TOBARRA CB,True
C.D. BASKET GLOBALCAJA QUINTANAR,21,9.16784,53.6926,True,8,TOBARRA CB,True
C.D. BASKET GLOBALCAJA QUINTANAR,2,8.88575,49.7854,True,8,TOBARRA CB,True
C.D. BASKET GLOBALCAJA QUINTANAR,2,15.021199999999993,71.2121,False,8,TOBARRA CB,True
C.D. BASKET GLOBALCAJA QUINTANAR,12,6.064899999999994,43.6095,False,8,TOBARRA CB,True
C.D. BASKET GLOBALCAJA QUINTANAR,50,10.0141,25.5859,False,8,TOBARRA CB,True
C.D. BASKET GLOBALCAJA QUINTANAR,3,9.87306,48.273,True,8,TOBARRA CB,True
C.D. BASKET GLOBALCAJA QUINTANAR,21,27.9267,86.4628,True,8,TOBARRA CB,True
C.D. BASKET GLOBALCAJA QUINTANAR,1,29.125500000000002,25.3339,False,8,TOBARRA CB,True
C.D. BASKET GLOBALCAJA QUINTANAR,50,10.2962,45.6261,False,8,TOBARRA CB,True
C.D. BASKET GLOBALCAJA QUINTANAR,12,4.513400000000004,58.9863,True,8,TOBARRA CB,True
C.D. BASKET GLOBALCAJA QUINTANAR,2,10.7193,49.4073,False,8,TOBARRA CB,True
C.D. BASKET GLOBALCAJA QUINTANAR,3,7.968999999999994,44.8699,True,8,TOBARRA CB,True
C.D. BASKET GLOBALCAJA QUINTANAR,21,33.0748,24.0735,False,8,TOBARRA CB,True
C.D. BASKET GLOBALCAJA QUINTANAR,8,27.080399999999997,83.5639,False,8,TOBARRA CB,True
C.D. BASKET GLOBALCAJA QUINTANAR,50,3.3144999999999953,43.7356,False,8,TOBARRA CB,True
C.D. BASKET GLOBALCAJA QUINTANAR,12,7.052199999999999,97.4282,False,8,TOBARRA CB,True
C.D. BASKET GLOBALCAJA QUINTANAR,1,24.753200000000007,90.7481,True,8,TOBARRA CB,True
C.D. BASKET GLOBALCAJA QUINTANAR,50,6.911100000000005,60.4988,True,8,TOBARRA CB,True
C.D. BASKET GLOBALCAJA QUINTANAR,1,30.3949,77.6401,False,8,TOBARRA CB,True
C.D. BASKET GLOBALCAJA QUINTANAR,12,8.815200000000004,95.7897,True,8,TOBARRA CB,True
C.D. BASKET GLOBALCAJA QUINTANAR,21,27.856099999999998,19.284,False,8,TOBARRA CB,True
TOBARRA CB,26,7.68688,54.4489,True,8,C.D. BASKET GLOBALCAJA QUINTANAR,False
TOBARRA CB,34,9.52045,51.1719,False,8,C.D. BASKET GLOBALCAJA QUINTANAR,False
TOBARRA CB,31,10.2257,49.0292,False,8,C.D. BASKET GLOBALCAJA QUINTANAR,False
TOBARRA CB,32,28.702399999999997,83.5639,False,8,C.D. BASKET GLOBALCAJA QUINTANAR,False
TOBARRA CB,28,9.4499,48.399,False,8,C.D. BASKET GLOBALCAJA QUINTANAR,False
TOBARRA CB,32,34.414699999999996,44.2397,False,8,C.D. BASKET GLOBALCAJA QUINTANAR,False
TOBARRA CB,32,35.402,47.5167,True,8,C.D. BASKET GLOBALCAJA QUINTANAR,False
TOBARRA CB,34,8.11,50.9198,False,8,C.D. BASKET GLOBALCAJA QUINTANAR,False
TOBARRA CB,32,7.898399999999995,44.7439,True,8,C.D. BASKET GLOBALCAJA QUINTANAR,False
TOBARRA CB,28,5.71227,49.6594,True,8,C.D. BASKET GLOBALCAJA QUINTANAR,False
TOBARRA CB,28,11.7066,46.1303,False,8,C.D. BASKET GLOBALCAJA QUINTANAR,False
TOBARRA CB,21,30.042299999999997,79.4046,False,8,C.D. BASKET GLOBALCAJA QUINTANAR,False
TOBARRA CB,28,33.0042,65.7924,True,8,C.D. BASKET GLOBALCAJA QUINTANAR,False
TOBARRA CB,21,20.380799999999994,27.8546,False,8,C.D. BASKET GLOBALCAJA QUINTANAR,False
TOBARRA CB,34,7.12271,62.2633,False,8,C.D. BASKET GLOBALCAJA QUINTANAR,False
TOBARRA CB,32,8.03949,39.0721,False,8,C.D. BASKET GLOBALCAJA QUINTANAR,False
TOBARRA CB,32,28.279300000000006,17.8975,False,8,C.D. BASKET GLOBALCAJA QUINTANAR,False
TOBARRA CB,32,26.234099999999998,82.4296,False,8,C.D. BASKET GLOBALCAJA QUINTANAR,False
TOBARRA CB,28,7.616399999999999,62.2633,False,8,C.D. BASKET GLOBALCAJA QUINTANAR,False
TOBARRA CB,31,10.1551,51.4239,False,8,C.D. BASKET GLOBALCAJA QUINTANAR,False
TOBARRA CB,28,9.94358,42.4752,True,8,C.D. BASKET GLOBALCAJA QUINTANAR,False
TOBARRA CB,0,13.751800000000003,96.4199,False,8,C.D. BASKET GLOBALCAJA QUINTANAR,False
TOBARRA CB,28,9.37941,44.4918,True,8,C.D. BASKET GLOBALCAJA QUINTANAR,False
TOBARRA CB,32,33.1453,28.7369,False,8,C.D. BASKET GLOBALCAJA QUINTANAR,False
TOBARRA CB,0,30.8886,75.7495,True,8,C.D. BASKET GLOBALCAJA QUINTANAR,False
TOBARRA CB,28,26.516199999999998,21.3006,False,8,C.D. BASKET GLOBALCAJA QUINTANAR,False
TOBARRA CB,31,10.8604,50.6677,False,8,C.D. BASKET GLOBALCAJA QUINTANAR,False
TOBARRA CB,32,9.52045,51.1719,False,8,C.D. BASKET GLOBALCAJA QUINTANAR,False
TOBARRA CB,28,27.3625,84.0681,False,8,C.D. BASKET GLOBALCAJA QUINTANAR,False
TOBARRA CB,34,26.234099999999998,82.4296,False,8,C.D. BASKET GLOBALCAJA QUINTANAR,False
TOBARRA CB,0,23.7659,13.3601,False,8,C.D. BASKET GLOBALCAJA QUINTANAR,False
TOBARRA CB,0,9.09732,51.55,True,8,C.D. BASKET GLOBALCAJA QUINTANAR,False
TOBARRA CB,32,28.772900000000007,18.1496,False,8,C.D. BASKET GLOBALCAJA QUINTANAR,False
TOBARRA CB,21,7.61636,47.6428,True,8,C.D. BASKET GLOBALCAJA QUINTANAR,False
TOBARRA CB,32,34.1326,28.3588,False,8,C.D. BASKET GLOBALCAJA QUINTANAR,False
TOBARRA CB,28,33.1453,50.7937,False,8,C.D. BASKET GLOBALCAJA QUINTANAR,False
TOBARRA CB,28,5.289100000000005,54.827,True,8,C.D. BASKET GLOBALCAJA QUINTANAR,False
TOBARRA CB,34,6.84062,48.6511,True,8,C.D. BASKET GLOBALCAJA QUINTANAR,False
TOBARRA CB,28,6.911100000000005,57.2217,True,8,C.D. BASKET GLOBALCAJA QUINTANAR,False
TOBARRA CB,32,22.426,29.7452,True,8,C.D. BASKET GLOBALCAJA QUINTANAR,False
TOBARRA CB,34,8.46262,45.3741,True,8,C.D. BASKET GLOBALCAJA QUINTANAR,False
TOBARRA CB,0,36.6008,45.5001,True,8,C.D. BASKET GLOBALCAJA QUINTANAR,False
TOBARRA CB,34,7.898399999999995,50.2896,False,8,C.D. BASKET GLOBALCAJA QUINTANAR,False
TOBARRA CB,31,6.4879999999999995,47.6428,True,8,C.D. BASKET GLOBALCAJA QUINTANAR,False
TOBARRA CB,31,10.437200000000004,43.9876,False,8,C.D. BASKET GLOBALCAJA QUINTANAR,False
TOBARRA CB,0,39.8448,47.6428,False,8,C.D. BASKET GLOBALCAJA QUINTANAR,False
TOBARRA CB,32,16.2906,66.0445,True,8,C.D. BASKET GLOBALCAJA QUINTANAR,False
TOBARRA CB,21,30.3949,74.9932,True,8,C.D. BASKET GLOBALCAJA QUINTANAR,False
TOBARRA CB,32,21.086,7.18423,True,8,C.D. BASKET GLOBALCAJA QUINTANAR,False
TOBARRA CB,34,28.772900000000007,18.1496,True,8,C.D. BASKET GLOBALCAJA QUINTANAR,False
TOBARRA CB,21,9.87306,46.0043,True,8,C.D. BASKET GLOBALCAJA QUINTANAR,False
TOBARRA CB,32,8.674199999999999,96.0418,True,8,C.D. BASKET GLOBALCAJA QUINTANAR,False
TOBARRA CB,0,33.78,66.1705,False,8,C.D. BASKET GLOBALCAJA QUINTANAR,False
TOBARRA CB,28,9.09732,56.7176,True,8,C.D. BASKET GLOBALCAJA QUINTANAR,False
TOBARRA CB,0,7.052199999999999,70.834,False,8,C.D. BASKET GLOBALCAJA QUINTANAR,False
TOBARRA CB,32,7.898399999999995,39.8283,False,8,C.D. BASKET GLOBALCAJA QUINTANAR,False
TOBARRA CB,21,8.744699999999995,41.0887,False,8,C.D. BASKET GLOBALCAJA QUINTANAR,False
TOBARRA CB,32,19.322999999999993,73.3547,False,8,C.D. BASKET GLOBALCAJA QUINTANAR,False
TOBARRA CB,21,13.2581,6.17591,True,8,C.D. BASKET GLOBALCAJA QUINTANAR,False
GRUPO INTERBUS ALCOBENDAS,5,6.981700000000004,4.03325,False,8,EL VENTERO CBV,True
GRUPO INTERBUS ALCOBENDAS,41,12.2708,56.0874,False,8,EL VENTERO CBV,True
GRUPO INTERBUS ALCOBENDAS,25,8.18054,67.9351,False,8,EL VENTERO CBV,True
GRUPO INTERBUS ALCOBENDAS,16,13.9633,50.9198,False,8,EL VENTERO CBV,True
GRUPO INTERBUS ALCOBENDAS,77,13.7518,55.8353,False,8,EL VENTERO CBV,True
GRUPO INTERBUS ALCOBENDAS,41,12.3413,48.7771,True,8,EL VENTERO CBV,True
GRUPO INTERBUS ALCOBENDAS,13,32.6516,81.6733,False,8,EL VENTERO CBV,True
GRUPO INTERBUS ALCOBENDAS,17,31.029600000000002,18.5277,False,8,EL VENTERO CBV,True
GRUPO INTERBUS ALCOBENDAS,14,6.558499999999995,5.04156,False,8,EL VENTERO CBV,True
GRUPO INTERBUS ALCOBENDAS,41,11.142499999999998,59.6165,False,8,EL VENTERO CBV,True
GRUPO INTERBUS ALCOBENDAS,25,28.067700000000002,83.816,False,8,EL VENTERO CBV,True
GRUPO INTERBUS ALCOBENDAS,77,30.1834,81.1692,False,8,EL VENTERO CBV,True
GRUPO INTERBUS ALCOBENDAS,77,30.112799999999993,83.816,True,8,EL VENTERO CBV,True
GRUPO INTERBUS ALCOBENDAS,5,33.4979,78.7744,False,8,EL VENTERO CBV,True
GRUPO INTERBUS ALCOBENDAS,4,24.823700000000002,87.4711,False,8,EL VENTERO CBV,True
GRUPO INTERBUS ALCOBENDAS,4,35.543,27.7286,False,8,EL VENTERO CBV,True
GRUPO INTERBUS ALCOBENDAS,77,32.9337,85.9586,False,8,EL VENTERO CBV,True
GRUPO INTERBUS ALCOBENDAS,17,30.465400000000002,81.7994,False,8,EL VENTERO CBV,True
GRUPO INTERBUS ALCOBENDAS,13,29.901300000000006,20.1663,False,8,EL VENTERO CBV,True
GRUPO INTERBUS ALCOBENDAS,77,28.067700000000002,16.5111,False,8,EL VENTERO CBV,True
GRUPO INTERBUS ALCOBENDAS,41,12.834999999999994,52.5583,False,8,EL VENTERO CBV,True
GRUPO INTERBUS ALCOBENDAS,24,10.860399999999998,52.5583,False,8,EL VENTERO CBV,True
GRUPO INTERBUS ALCOBENDAS,13,8.3921,58.104,True,8,EL VENTERO CBV,True
GRUPO INTERBUS ALCOBENDAS,13,31.8759,22.687,False,8,EL VENTERO CBV,True
GRUPO INTERBUS ALCOBENDAS,24,9.23836,39.3242,True,8,EL VENTERO CBV,True
GRUPO INTERBUS ALCOBENDAS,24,9.943600000000004,39.5763,False,8,EL VENTERO CBV,True
GRUPO INTERBUS ALCOBENDAS,24,20.662899999999993,50.5417,False,8,EL VENTERO CBV,True
GRUPO INTERBUS ALCOBENDAS,25,8.180499999999995,5.7978,False,8,EL VENTERO CBV,True
GRUPO INTERBUS ALCOBENDAS,77,33.5684,74.3631,True,8,EL VENTERO CBV,True
GRUPO INTERBUS ALCOBENDAS,5,15.5853,46.6345,False,8,EL VENTERO CBV,True
GRUPO INTERBUS ALCOBENDAS,41,14.1044,50.6677,False,8,EL VENTERO CBV,True
GRUPO INTERBUS ALCOBENDAS,14,29.901300000000006,14.6205,False,8,EL VENTERO CBV,True
GRUPO INTERBUS ALCOBENDAS,77,30.324399999999997,19.284,False,8,EL VENTERO CBV,True
GRUPO INTERBUS ALCOBENDAS,77,33.7094,74.9932,False,8,EL VENTERO CBV,True
GRUPO INTERBUS ALCOBENDAS,17,31.452699999999993,18.6538,True,8,EL VENTERO CBV,True
GRUPO INTERBUS ALCOBENDAS,13,32.581100000000006,79.6567,False,8,EL VENTERO CBV,True
GRUPO INTERBUS ALCOBENDAS,16,9.37941,32.7702,True,8,EL VENTERO CBV,True
GRUPO INTERBUS ALCOBENDAS,14,10.296199999999999,60.3727,False,8,EL VENTERO CBV,True
GRUPO INTERBUS ALCOBENDAS,17,8.744699999999995,59.8686,True,8,EL VENTERO CBV,True
GRUPO INTERBUS ALCOBENDAS,14,30.606499999999997,82.1775,False,8,EL VENTERO CBV,True
GRUPO INTERBUS ALCOBENDAS,41,10.648799999999994,74.111,False,8,EL VENTERO CBV,True
GRUPO INTERBUS ALCOBENDAS,13,36.2482,43.9876,True,8,EL VENTERO CBV,True
GRUPO INTERBUS ALCOBENDAS,17,36.6008,73.6068,False,8,EL VENTERO CBV,True
GRUPO INTERBUS ALCOBENDAS,5,33.0042,80.539,False,8,EL VENTERO CBV,True
GRUPO INTERBUS ALCOBENDAS,13,32.3695,26.2161,False,8,EL VENTERO CBV,True
GRUPO INTERBUS ALCOBENDAS,14,7.33427,3.15098,True,8,EL VENTERO CBV,True
GRUPO INTERBUS ALCOBENDAS,14,10.0141,67.683,False,8,EL VENTERO CBV,True
GRUPO INTERBUS ALCOBENDAS,24,8.95628,62.7675,False,8,EL VENTERO CBV,True
GRUPO INTERBUS ALCOBENDAS,13,32.9337,19.5361,False,8,EL VENTERO CBV,True
GRUPO INTERBUS ALCOBENDAS,17,32.3695,82.1775,False,8,EL VENTERO CBV,True
GRUPO INTERBUS ALCOBENDAS,13,33.4979,78.1442,True,8,EL VENTERO CBV,True
GRUPO INTERBUS ALCOBENDAS,13,33.3568,24.3255,True,8,EL VENTERO CBV,True
GRUPO INTERBUS ALCOBENDAS,14,31.2412,85.3285,True,8,EL VENTERO CBV,True
GRUPO INTERBUS ALCOBENDAS,41,8.18054,26.7203,True,8,EL VENTERO CBV,True
GRUPO INTERBUS ALCOBENDAS,13,33.8505,87.093,False,8,EL VENTERO CBV,True
GRUPO INTERBUS ALCOBENDAS,41,20.945,49.6594,False,8,EL VENTERO CBV,True
GRUPO INTERBUS ALCOBENDAS,77,32.158,76.6318,True,8,EL VENTERO CBV,True
GRUPO INTERBUS ALCOBENDAS,41,13.5402,59.4904,False,8,EL VENTERO CBV,True
GRUPO INTERBUS ALCOBENDAS,41,11.424499999999995,52.8104,True,8,EL VENTERO CBV,True
GRUPO INTERBUS ALCOBENDAS,5,34.6262,72.0944,False,8,EL VENTERO CBV,True
GRUPO INTERBUS ALCOBENDAS,77,11.354,56.8436,False,8,EL VENTERO CBV,True
EL VENTERO CBV,0,10.0846,61.381,True,8,GRUPO INTERBUS ALCOBENDAS,False
EL VENTERO CBV,0,33.8505,20.4183,False,8,GRUPO INTERBUS ALCOBENDAS,False
EL VENTERO CBV,0,7.05219,67.3049,False,8,GRUPO INTERBUS ALCOBENDAS,False
EL VENTERO CBV,0,9.661500000000004,59.6165,True,8,GRUPO INTERBUS ALCOBENDAS,False
EL VENTERO CBV,10,35.1904,49.9115,False,8,GRUPO INTERBUS ALCOBENDAS,False
EL VENTERO CBV,0,31.664299999999997,82.6816,True,8,GRUPO INTERBUS ALCOBENDAS,False
EL VENTERO CBV,0,7.968999999999994,48.9032,True,8,GRUPO INTERBUS ALCOBENDAS,False
EL VENTERO CBV,41,19.464,73.7329,False,8,GRUPO INTERBUS ALCOBENDAS,False
EL VENTERO CBV,41,12.6234,33.6524,False,8,GRUPO INTERBUS ALCOBENDAS,False
EL VENTERO CBV,10,31.3822,86.5888,False,8,GRUPO INTERBUS ALCOBENDAS,False
EL VENTERO CBV,10,18.617800000000003,5.41968,False,8,GRUPO INTERBUS ALCOBENDAS,False
EL VENTERO CBV,0,10.2962,43.9876,True,8,GRUPO INTERBUS ALCOBENDAS,False
EL VENTERO CBV,10,13.0465,44.3658,False,8,GRUPO INTERBUS ALCOBENDAS,False
EL VENTERO CBV,10,10.225700000000003,49.4073,True,8,GRUPO INTERBUS ALCOBENDAS,False
EL VENTERO CBV,10,31.3822,18.5277,False,8,GRUPO INTERBUS ALCOBENDAS,False
EL VENTERO CBV,10,30.677000000000007,83.0598,False,8,GRUPO INTERBUS ALCOBENDAS,False
EL VENTERO CBV,41,18.617800000000003,5.41968,False,8,GRUPO INTERBUS ALCOBENDAS,False
EL VENTERO CBV,2,8.60367,93.7731,False,8,GRUPO INTERBUS ALCOBENDAS,False
EL VENTERO CBV,1,10.0141,63.7758,False,8,GRUPO INTERBUS ALCOBENDAS,False
EL VENTERO CBV,21,9.1678,39.8283,True,8,GRUPO INTERBUS ALCOBENDAS,False
EL VENTERO CBV,0,9.802499999999995,42.3491,True,8,GRUPO INTERBUS ALCOBENDAS,False
EL VENTERO CBV,41,34.0621,20.4183,False,8,GRUPO INTERBUS ALCOBENDAS,False
EL VENTERO CBV,1,7.89845,68.9434,False,8,GRUPO INTERBUS ALCOBENDAS,False
EL VENTERO CBV,41,32.3695,18.9059,True,8,GRUPO INTERBUS ALCOBENDAS,False
EL VENTERO CBV,21,29.689700000000002,16.133,False,8,GRUPO INTERBUS ALCOBENDAS,False
EL VENTERO CBV,1,11.8477,61.7591,False,8,GRUPO INTERBUS ALCOBENDAS,False
EL VENTERO CBV,0,22.0733,47.1386,False,8,GRUPO INTERBUS ALCOBENDAS,False
EL VENTERO CBV,18,11.212999999999994,59.6165,False,8,GRUPO INTERBUS ALCOBENDAS,False
EL VENTERO CBV,10,13.4697,46.5084,True,8,GRUPO INTERBUS ALCOBENDAS,False
EL VENTERO CBV,41,8.3921,64.1539,False,8,GRUPO INTERBUS ALCOBENDAS,False
EL VENTERO CBV,21,9.94358,61.0029,True,8,GRUPO INTERBUS ALCOBENDAS,False
EL VENTERO CBV,41,17.3484,42.6012,False,8,GRUPO INTERBUS ALCOBENDAS,False
EL VENTERO CBV,18,12.6939,51.0458,True,8,GRUPO INTERBUS ALCOBENDAS,False
EL VENTERO CBV,0,12.976,64.2799,False,8,GRUPO INTERBUS ALCOBENDAS,False
EL VENTERO CBV,0,8.956299999999999,59.1123,True,8,GRUPO INTERBUS ALCOBENDAS,False
EL VENTERO CBV,41,24.5416,6.68007,False,8,GRUPO INTERBUS ALCOBENDAS,False
EL VENTERO CBV,10,27.574,14.3685,False,8,GRUPO INTERBUS ALCOBENDAS,False
EL VENTERO CBV,18,12.975999999999999,55.2051,False,8,GRUPO INTERBUS ALCOBENDAS,False
EL VENTERO CBV,18,8.744699999999995,40.0804,True,8,GRUPO INTERBUS ALCOBENDAS,False
EL VENTERO CBV,21,22.2144,7.31027,False,8,GRUPO INTERBUS ALCOBENDAS,False
EL VENTERO CBV,3,32.2285,65.1622,False,8,GRUPO INTERBUS ALCOBENDAS,False
EL VENTERO CBV,21,10.084599999999995,49.6594,True,8,GRUPO INTERBUS ALCOBENDAS,False
EL VENTERO CBV,0,9.73202,71.3381,True,8,GRUPO INTERBUS ALCOBENDAS,False
EL VENTERO CBV,41,14.104399999999998,42.6012,False,8,GRUPO INTERBUS ALCOBENDAS,False
EL VENTERO CBV,10,26.0931,9.95709,True,8,GRUPO INTERBUS ALCOBENDAS,False
EL VENTERO CBV,10,11.565600000000003,93.395,False,8,GRUPO INTERBUS ALCOBENDAS,False
EL VENTERO CBV,21,32.299,18.4017,False,8,GRUPO INTERBUS ALCOBENDAS,False
EL VENTERO CBV,10,21.2976,91.6304,False,8,GRUPO INTERBUS ALCOBENDAS,False
EL VENTERO CBV,21,11.0014,58.4821,True,8,GRUPO INTERBUS ALCOBENDAS,False
EL VENTERO CBV,3,36.5303,52.4323,False,8,GRUPO INTERBUS ALCOBENDAS,False
EL VENTERO CBV,0,8.180499999999995,40.7106,False,8,GRUPO INTERBUS ALCOBENDAS,False
EL VENTERO CBV,0,9.873099999999994,38.4419,True,8,GRUPO INTERBUS ALCOBENDAS,False
EL VENTERO CBV,41,16.995800000000003,47.2647,False,8,GRUPO INTERBUS ALCOBENDAS,False
EL VENTERO CBV,27,25.599400000000003,89.7398,False,8,GRUPO INTERBUS ALCOBENDAS,False
EL VENTERO CBV,41,21.650199999999998,7.31027,False,8,GRUPO INTERBUS ALCOBENDAS,False
EL VENTERO CBV,1,22.566999999999993,91.6304,True,8,GRUPO INTERBUS ALCOBENDAS,False
EL VENTERO CBV,18,14.7391,38.0638,False,8,GRUPO INTERBUS ALCOBENDAS,False
EL VENTERO CBV,3,10.648799999999994,56.7176,True,8,GRUPO INTERBUS ALCOBENDAS,False
EL VENTERO CBV,1,17.0663,47.6428,False,8,GRUPO INTERBUS ALCOBENDAS,False
EL VENTERO CBV,2,5.92384,93.7731,False,8,GRUPO INTERBUS ALCOBENDAS,False
EL VENTERO CBV,10,10.0141,60.8769,False,8,GRUPO INTERBUS ALCOBENDAS,False
EL VENTERO CBV,10,45.2045,69.8256,False,8,GRUPO INTERBUS ALCOBENDAS,False
EL VENTERO CBV,27,30.6065,82.3035,False,8,GRUPO INTERBUS ALCOBENDAS,False
EL VENTERO CBV,0,32.4401,80.539,False,8,GRUPO INTERBUS ALCOBENDAS,False
EL VENTERO CBV,1,10.2257,59.7425,True,8,GRUPO INTERBUS ALCOBENDAS,False
EL VENTERO CBV,21,10.578299999999999,56.2134,True,8,GRUPO INTERBUS ALCOBENDAS,False
INMOBILIARIA GÁLVEZ SANTA CRUZ,6,9.46089,29.0945,False,8,FUNDACION GLOBALCAJA LA RODA,True
INMOBILIARIA GÁLVEZ SANTA CRUZ,16,27.6956,21.1596,False,8,FUNDACION GLOBALCAJA LA RODA,True
INMOBILIARIA GÁLVEZ SANTA CRUZ,8,9.77801,48.8372,True,8,FUNDACION GLOBALCAJA LA RODA,True
INMOBILIARIA GÁLVEZ SANTA CRUZ,6,8.45666,39.0131,False,8,FUNDACION GLOBALCAJA LA RODA,True
INMOBILIARIA GÁLVEZ SANTA CRUZ,15,29.8626,22.7655,False,8,FUNDACION GLOBALCAJA LA RODA,True
INMOBILIARIA GÁLVEZ SANTA CRUZ,16,8.9852,86.15,False,8,FUNDACION GLOBALCAJA LA RODA,True
INMOBILIARIA GÁLVEZ SANTA CRUZ,15,26.6913,13.9805,True,8,FUNDACION GLOBALCAJA LA RODA,True
INMOBILIARIA GÁLVEZ SANTA CRUZ,12,12.420699999999997,48.7427,False,8,FUNDACION GLOBALCAJA LA RODA,True
INMOBILIARIA GÁLVEZ SANTA CRUZ,15,31.818200000000004,26.3551,False,8,FUNDACION GLOBALCAJA LA RODA,True
INMOBILIARIA GÁLVEZ SANTA CRUZ,44,14.799199999999999,27.1108,False,8,FUNDACION GLOBALCAJA LA RODA,True
INMOBILIARIA GÁLVEZ SANTA CRUZ,8,5.919700000000006,54.4105,False,8,FUNDACION GLOBALCAJA LA RODA,True
INMOBILIARIA GÁLVEZ SANTA CRUZ,24,12.262200000000007,51.0098,True,8,FUNDACION GLOBALCAJA LA RODA,True
INMOBILIARIA GÁLVEZ SANTA CRUZ,8,8.35095,42.6027,False,8,FUNDACION GLOBALCAJA LA RODA,True
INMOBILIARIA GÁLVEZ SANTA CRUZ,6,10.359399999999994,43.3584,False,8,FUNDACION GLOBALCAJA LA RODA,True
INMOBILIARIA GÁLVEZ SANTA CRUZ,8,11.522199999999998,49.4984,False,8,FUNDACION GLOBALCAJA LA RODA,True
INMOBILIARIA GÁLVEZ SANTA CRUZ,24,11.257900000000006,47.8926,False,8,FUNDACION GLOBALCAJA LA RODA,True
INMOBILIARIA GÁLVEZ SANTA CRUZ,6,8.87949,30.8893,False,8,FUNDACION GLOBALCAJA LA RODA,True
INMOBILIARIA GÁLVEZ SANTA CRUZ,8,8.615200000000002,41.2802,True,8,FUNDACION GLOBALCAJA LA RODA,True
INMOBILIARIA GÁLVEZ SANTA CRUZ,15,32.2939,69.4301,False,8,FUNDACION GLOBALCAJA LA RODA,True
INMOBILIARIA GÁLVEZ SANTA CRUZ,8,21.2474,80.1044,False,8,FUNDACION GLOBALCAJA LA RODA,True
INMOBILIARIA GÁLVEZ SANTA CRUZ,14,12.156400000000005,52.3323,False,8,FUNDACION GLOBALCAJA LA RODA,True
INMOBILIARIA GÁLVEZ SANTA CRUZ,8,29.1755,85.1109,False,8,FUNDACION GLOBALCAJA LA RODA,True
INMOBILIARIA GÁLVEZ SANTA CRUZ,15,31.131100000000004,71.2249,True,8,FUNDACION GLOBALCAJA LA RODA,True
INMOBILIARIA GÁLVEZ SANTA CRUZ,24,7.66385,47.0424,True,8,FUNDACION GLOBALCAJA LA RODA,True
INMOBILIARIA GÁLVEZ SANTA CRUZ,14,10.6237,42.0359,False,8,FUNDACION GLOBALCAJA LA RODA,True
INMOBILIARIA GÁLVEZ SANTA CRUZ,24,6.501099999999994,52.0489,True,8,FUNDACION GLOBALCAJA LA RODA,True
INMOBILIARIA GÁLVEZ SANTA CRUZ,16,33.2452,83.8829,True,8,FUNDACION GLOBALCAJA LA RODA,True
INMOBILIARIA GÁLVEZ SANTA CRUZ,8,7.61099,40.9968,True,8,FUNDACION GLOBALCAJA LA RODA,True
INMOBILIARIA GÁLVEZ SANTA CRUZ,8,21.9345,22.1987,False,8,FUNDACION GLOBALCAJA LA RODA,True
INMOBILIARIA GÁLVEZ SANTA CRUZ,16,31.712500000000006,69.3356,False,8,FUNDACION GLOBALCAJA LA RODA,True
INMOBILIARIA GÁLVEZ SANTA CRUZ,15,32.8224,83.7884,True,8,FUNDACION GLOBALCAJA LA RODA,True
INMOBILIARIA GÁLVEZ SANTA CRUZ,8,33.8266,54.8828,False,8,FUNDACION GLOBALCAJA LA RODA,True
INMOBILIARIA GÁLVEZ SANTA CRUZ,24,13.2135,43.3584,True,8,FUNDACION GLOBALCAJA LA RODA,True
INMOBILIARIA GÁLVEZ SANTA CRUZ,15,35.7294,40.7134,False,8,FUNDACION GLOBALCAJA LA RODA,True
INMOBILIARIA GÁLVEZ SANTA CRUZ,8,7.87526,76.8926,False,8,FUNDACION GLOBALCAJA LA RODA,True
INMOBILIARIA GÁLVEZ SANTA CRUZ,12,14.1121,44.8698,False,8,FUNDACION GLOBALCAJA LA RODA,True
INMOBILIARIA GÁLVEZ SANTA CRUZ,6,8.086699999999993,52.7102,False,8,FUNDACION GLOBALCAJA LA RODA,True
INMOBILIARIA GÁLVEZ SANTA CRUZ,8,9.35518,53.3714,True,8,FUNDACION GLOBALCAJA LA RODA,True
INMOBILIARIA GÁLVEZ SANTA CRUZ,8,5.444000000000003,51.1988,True,8,FUNDACION GLOBALCAJA LA RODA,True
INMOBILIARIA GÁLVEZ SANTA CRUZ,15,3.805499999999995,50.0652,True,8,FUNDACION GLOBALCAJA LA RODA,True
INMOBILIARIA GÁLVEZ SANTA CRUZ,15,27.3784,79.632,False,8,FUNDACION GLOBALCAJA LA RODA,True
INMOBILIARIA GÁLVEZ SANTA CRUZ,15,19.9789,31.2671,False,8,FUNDACION GLOBALCAJA LA RODA,True
INMOBILIARIA GÁLVEZ SANTA CRUZ,44,33.9323,62.062,False,8,FUNDACION GLOBALCAJA LA RODA,True
INMOBILIARIA GÁLVEZ SANTA CRUZ,8,32.981,20.3095,False,8,FUNDACION GLOBALCAJA LA RODA,True
INMOBILIARIA GÁLVEZ SANTA CRUZ,16,7.87526,46.1923,False,8,FUNDACION GLOBALCAJA LA RODA,True
INMOBILIARIA GÁLVEZ SANTA CRUZ,44,36.0994,66.1239,False,8,FUNDACION GLOBALCAJA LA RODA,True
INMOBILIARIA GÁLVEZ SANTA CRUZ,16,8.87949,43.8307,False,8,FUNDACION GLOBALCAJA LA RODA,True
INMOBILIARIA GÁLVEZ SANTA CRUZ,24,8.56237,45.531,False,8,FUNDACION GLOBALCAJA LA RODA,True
INMOBILIARIA GÁLVEZ SANTA CRUZ,24,5.919700000000006,45.8144,True,8,FUNDACION GLOBALCAJA LA RODA,True
INMOBILIARIA GÁLVEZ SANTA CRUZ,16,7.082499999999996,50.632,True,8,FUNDACION GLOBALCAJA LA RODA,True
INMOBILIARIA GÁLVEZ SANTA CRUZ,14,35.8879,43.3584,False,8,FUNDACION GLOBALCAJA LA RODA,True
INMOBILIARIA GÁLVEZ SANTA CRUZ,14,10.518,93.6125,False,8,FUNDACION GLOBALCAJA LA RODA,True
INMOBILIARIA GÁLVEZ SANTA CRUZ,15,10.0951,50.8209,False,8,FUNDACION GLOBALCAJA LA RODA,True
INMOBILIARIA GÁLVEZ SANTA CRUZ,15,32.8753,22.4821,True,8,FUNDACION GLOBALCAJA LA RODA,True
INMOBILIARIA GÁLVEZ SANTA CRUZ,15,14.852,29.0945,False,8,FUNDACION GLOBALCAJA LA RODA,True
INMOBILIARIA GÁLVEZ SANTA CRUZ,14,32.5053,78.0262,False,8,FUNDACION GLOBALCAJA LA RODA,True
INMOBILIARIA GÁLVEZ SANTA CRUZ,8,5.919700000000006,47.4203,True,8,FUNDACION GLOBALCAJA LA RODA,True
INMOBILIARIA GÁLVEZ SANTA CRUZ,6,8.77378,51.1988,True,8,FUNDACION GLOBALCAJA LA RODA,True
INMOBILIARIA GÁLVEZ SANTA CRUZ,15,34.0381,49.9708,False,8,FUNDACION GLOBALCAJA LA RODA,True
INMOBILIARIA GÁLVEZ SANTA CRUZ,14,9.883700000000005,72.8307,False,8,FUNDACION GLOBALCAJA LA RODA,True
INMOBILIARIA GÁLVEZ SANTA CRUZ,16,9.83087,28.1499,True,8,FUNDACION GLOBALCAJA LA RODA,True
INMOBILIARIA GÁLVEZ SANTA CRUZ,6,9.98943,48.176,True,8,FUNDACION GLOBALCAJA LA RODA,True
INMOBILIARIA GÁLVEZ SANTA CRUZ,12,10.2537,51.3877,True,8,FUNDACION GLOBALCAJA LA RODA,True
INMOBILIARIA GÁLVEZ SANTA CRUZ,15,21.723,90.0229,False,8,FUNDACION GLOBALCAJA LA RODA,True
INMOBILIARIA GÁLVEZ SANTA CRUZ,8,13.9006,51.5766,False,8,FUNDACION GLOBALCAJA LA RODA,True
FUNDACION GLOBALCAJA LA RODA,10,5.39112,40.8079,False,8,INMOBILIARIA GÁLVEZ SANTA CRUZ,False
FUNDACION GLOBALCAJA LA RODA,9,9.77801,55.6385,False,8,INMOBILIARIA GÁLVEZ SANTA CRUZ,False
FUNDACION GLOBALCAJA LA RODA,2,5.97252,50.0652,True,8,INMOBILIARIA GÁLVEZ SANTA CRUZ,False
FUNDACION GLOBALCAJA LA RODA,13,11.7336,48.4594,False,8,INMOBILIARIA GÁLVEZ SANTA CRUZ,False
FUNDACION GLOBALCAJA LA RODA,13,8.9852,43.8307,False,8,INMOBILIARIA GÁLVEZ SANTA CRUZ,False
FUNDACION GLOBALCAJA LA RODA,0,9.5666,45.3421,True,8,INMOBILIARIA GÁLVEZ SANTA CRUZ,False
FUNDACION GLOBALCAJA LA RODA,33,32.0296,22.2932,False,8,INMOBILIARIA GÁLVEZ SANTA CRUZ,False
FUNDACION GLOBALCAJA LA RODA,6,13.0021,40.8079,False,8,INMOBILIARIA GÁLVEZ SANTA CRUZ,False
FUNDACION GLOBALCAJA LA RODA,6,10.570800000000006,23.0489,True,8,INMOBILIARIA GÁLVEZ SANTA CRUZ,False
FUNDACION GLOBALCAJA LA RODA,4,6.6595999999999975,50.9154,True,8,INMOBILIARIA GÁLVEZ SANTA CRUZ,False
FUNDACION GLOBALCAJA LA RODA,25,3.69979,48.4594,True,8,INMOBILIARIA GÁLVEZ SANTA CRUZ,False
FUNDACION GLOBALCAJA LA RODA,9,28.646900000000002,23.5212,True,8,INMOBILIARIA GÁLVEZ SANTA CRUZ,False
FUNDACION GLOBALCAJA LA RODA,25,9.46089,48.8372,False,8,INMOBILIARIA GÁLVEZ SANTA CRUZ,False
FUNDACION GLOBALCAJA LA RODA,9,31.0254,80.1988,True,8,INMOBILIARIA GÁLVEZ SANTA CRUZ,False
FUNDACION GLOBALCAJA LA RODA,20,8.615200000000002,46.6646,False,8,INMOBILIARIA GÁLVEZ SANTA CRUZ,False
FUNDACION GLOBALCAJA LA RODA,0,3.911199999999994,50.632,False,8,INMOBILIARIA GÁLVEZ SANTA CRUZ,False
FUNDACION GLOBALCAJA LA RODA,4,5.021100000000004,49.7818,True,8,INMOBILIARIA GÁLVEZ SANTA CRUZ,False
FUNDACION GLOBALCAJA LA RODA,6,5.7611,95.8796,False,8,INMOBILIARIA GÁLVEZ SANTA CRUZ,False
FUNDACION GLOBALCAJA LA RODA,4,6.236800000000002,58.5669,False,8,INMOBILIARIA GÁLVEZ SANTA CRUZ,False
FUNDACION GLOBALCAJA LA RODA,9,28.0127,85.3943,True,8,INMOBILIARIA GÁLVEZ SANTA CRUZ,False
FUNDACION GLOBALCAJA LA RODA,9,34.460899999999995,52.9936,True,8,INMOBILIARIA GÁLVEZ SANTA CRUZ,False
FUNDACION GLOBALCAJA LA RODA,3,4.91543,40.2411,False,8,INMOBILIARIA GÁLVEZ SANTA CRUZ,False
FUNDACION GLOBALCAJA LA RODA,10,10.835099999999997,46.4756,False,8,INMOBILIARIA GÁLVEZ SANTA CRUZ,False
FUNDACION GLOBALCAJA LA RODA,4,5.761099999999999,50.9154,True,8,INMOBILIARIA GÁLVEZ SANTA CRUZ,False
FUNDACION GLOBALCAJA LA RODA,25,10.782200000000003,57.7167,True,8,INMOBILIARIA GÁLVEZ SANTA CRUZ,False
FUNDACION GLOBALCAJA LA RODA,3,27.3784,84.0718,False,8,INMOBILIARIA GÁLVEZ SANTA CRUZ,False
FUNDACION GLOBALCAJA LA RODA,4,11.680800000000005,93.2347,True,8,INMOBILIARIA GÁLVEZ SANTA CRUZ,False
FUNDACION GLOBALCAJA LA RODA,2,12.8964,70.7525,False,8,INMOBILIARIA GÁLVEZ SANTA CRUZ,False
FUNDACION GLOBALCAJA LA RODA,9,24.8414,14.8306,False,8,INMOBILIARIA GÁLVEZ SANTA CRUZ,False
FUNDACION GLOBALCAJA LA RODA,4,9.83087,52.9936,True,8,INMOBILIARIA GÁLVEZ SANTA CRUZ,False
FUNDACION GLOBALCAJA LA RODA,9,25.951400000000007,88.3226,True,8,INMOBILIARIA GÁLVEZ SANTA CRUZ,False
FUNDACION GLOBALCAJA LA RODA,13,6.81818,5.5733,False,8,INMOBILIARIA GÁLVEZ SANTA CRUZ,False
FUNDACION GLOBALCAJA LA RODA,20,5.021100000000004,49.3095,True,8,INMOBILIARIA GÁLVEZ SANTA CRUZ,False
FUNDACION GLOBALCAJA LA RODA,2,10.5708,93.1402,False,8,INMOBILIARIA GÁLVEZ SANTA CRUZ,False
FUNDACION GLOBALCAJA LA RODA,0,21.2474,68.7688,False,8,INMOBILIARIA GÁLVEZ SANTA CRUZ,False
FUNDACION GLOBALCAJA LA RODA,9,8.82664,5.47884,False,8,INMOBILIARIA GÁLVEZ SANTA CRUZ,False
FUNDACION GLOBALCAJA LA RODA,9,10.5708,47.8926,False,8,INMOBILIARIA GÁLVEZ SANTA CRUZ,False
FUNDACION GLOBALCAJA LA RODA,4,10.2008,52.9936,True,8,INMOBILIARIA GÁLVEZ SANTA CRUZ,False
FUNDACION GLOBALCAJA LA RODA,6,25.422799999999995,15.0196,False,8,INMOBILIARIA GÁLVEZ SANTA CRUZ,False
FUNDACION GLOBALCAJA LA RODA,20,5.602500000000006,54.6939,True,8,INMOBILIARIA GÁLVEZ SANTA CRUZ,False
FUNDACION GLOBALCAJA LA RODA,4,33.2452,82.8438,True,8,INMOBILIARIA GÁLVEZ SANTA CRUZ,False
FUNDACION GLOBALCAJA LA RODA,6,31.6596,80.1988,False,8,INMOBILIARIA GÁLVEZ SANTA CRUZ,False
FUNDACION GLOBALCAJA LA RODA,25,8.82664,53.4659,False,8,INMOBILIARIA GÁLVEZ SANTA CRUZ,False
FUNDACION GLOBALCAJA LA RODA,13,18.393199999999993,25.4105,False,8,INMOBILIARIA GÁLVEZ SANTA CRUZ,False
FUNDACION GLOBALCAJA LA RODA,13,12.632099999999994,26.8274,False,8,INMOBILIARIA GÁLVEZ SANTA CRUZ,False
FUNDACION GLOBALCAJA LA RODA,6,20.9302,92.7624,True,8,INMOBILIARIA GÁLVEZ SANTA CRUZ,False
FUNDACION GLOBALCAJA LA RODA,2,23.044399999999996,7.46255,True,8,INMOBILIARIA GÁLVEZ SANTA CRUZ,False
FUNDACION GLOBALCAJA LA RODA,9,9.98943,41.847,False,8,INMOBILIARIA GÁLVEZ SANTA CRUZ,False
FUNDACION GLOBALCAJA LA RODA,6,11.1522,94.0848,False,8,INMOBILIARIA GÁLVEZ SANTA CRUZ,False
FUNDACION GLOBALCAJA LA RODA,0,12.8436,48.176,True,8,INMOBILIARIA GÁLVEZ SANTA CRUZ,False
FUNDACION GLOBALCAJA LA RODA,0,9.83087,50.632,False,8,INMOBILIARIA GÁLVEZ SANTA CRUZ,False
FUNDACION GLOBALCAJA LA RODA,4,8.56237,50.8209,False,8,INMOBILIARIA GÁLVEZ SANTA CRUZ,False
FUNDACION GLOBALCAJA LA RODA,13,19.873199999999997,3.96743,False,8,INMOBILIARIA GÁLVEZ SANTA CRUZ,False
FUNDACION GLOBALCAJA LA RODA,10,8.668099999999995,50.1597,True,8,INMOBILIARIA GÁLVEZ SANTA CRUZ,False
FUNDACION GLOBALCAJA LA RODA,20,7.875299999999996,47.7981,False,8,INMOBILIARIA GÁLVEZ SANTA CRUZ,False
FUNDACION GLOBALCAJA LA RODA,4,22.462999999999994,8.97396,False,8,INMOBILIARIA GÁLVEZ SANTA CRUZ,False
FUNDACION GLOBALCAJA LA RODA,0,9.19662,97.7689,False,8,INMOBILIARIA GÁLVEZ SANTA CRUZ,False
FUNDACION GLOBALCAJA LA RODA,3,29.704,19.8372,False,8,INMOBILIARIA GÁLVEZ SANTA CRUZ,False
FUNDACION GLOBALCAJA LA RODA,0,24.577200000000005,15.8697,False,8,INMOBILIARIA GÁLVEZ SANTA CRUZ,False
FUNDACION GLOBALCAJA LA RODA,6,33.2452,82.8438,False,8,INMOBILIARIA GÁLVEZ SANTA CRUZ,False
FUNDACION GLOBALCAJA LA RODA,20,9.619500000000002,8.21825,False,8,INMOBILIARIA GÁLVEZ SANTA CRUZ,False
FUNDACION GLOBALCAJA LA RODA,10,4.91543,5.5733,False,8,INMOBILIARIA GÁLVEZ SANTA CRUZ,False
FUNDACION GLOBALCAJA LA RODA,9,28.224100000000007,24.6548,False,8,INMOBILIARIA GÁLVEZ SANTA CRUZ,False
FUNDACION GLOBALCAJA LA RODA,9,35.3066,53.4659,True,8,INMOBILIARIA GÁLVEZ SANTA CRUZ,False
FUNDACION GLOBALCAJA LA RODA,9,4.22833,46.2867,True,8,INMOBILIARIA GÁLVEZ SANTA CRUZ,False
FUNDACION GLOBALCAJA LA RODA,13,10.5708,4.43975,False,8,INMOBILIARIA GÁLVEZ SANTA CRUZ,False
PROBASKETLAB FUENLABRADA,10,35.7691,14.9222,False,8,MOVISTAR ESTUDIANTES,True
PROBASKETLAB FUENLABRADA,2,10.9956,41.9427,True,8,MOVISTAR ESTUDIANTES,True
PROBASKETLAB FUENLABRADA,11,11.5488,39.746,False,8,MOVISTAR ESTUDIANTES,True
PROBASKETLAB FUENLABRADA,7,9.335800000000006,38.3181,True,8,MOVISTAR ESTUDIANTES,True
PROBASKETLAB FUENLABRADA,10,37.6133,49.0823,True,8,MOVISTAR ESTUDIANTES,True
PROBASKETLAB FUENLABRADA,14,31.4045,78.6292,True,8,MOVISTAR ESTUDIANTES,True
PROBASKETLAB FUENLABRADA,8,11.8562,44.4691,True,8,MOVISTAR ESTUDIANTES,True
PROBASKETLAB FUENLABRADA,10,10.442300000000003,42.8215,True,8,MOVISTAR ESTUDIANTES,True
PROBASKETLAB FUENLABRADA,7,9.08996,38.6476,True,8,MOVISTAR ESTUDIANTES,True
PROBASKETLAB FUENLABRADA,14,30.543899999999994,12.9451,False,8,MOVISTAR ESTUDIANTES,True
PROBASKETLAB FUENLABRADA,9,10.257900000000006,60.5056,False,8,MOVISTAR ESTUDIANTES,True
PROBASKETLAB FUENLABRADA,7,10.012,40.7345,True,8,MOVISTAR ESTUDIANTES,True
PROBASKETLAB FUENLABRADA,7,9.45878,52.7071,True,8,MOVISTAR ESTUDIANTES,True
PROBASKETLAB FUENLABRADA,11,33.679,78.9588,False,8,MOVISTAR ESTUDIANTES,True
PROBASKETLAB FUENLABRADA,7,10.2579,39.8558,False,8,MOVISTAR ESTUDIANTES,True
PROBASKETLAB FUENLABRADA,5,30.543899999999994,12.9451,False,8,MOVISTAR ESTUDIANTES,True
PROBASKETLAB FUENLABRADA,7,22.3066,48.2036,False,8,MOVISTAR ESTUDIANTES,True
PROBASKETLAB FUENLABRADA,14,12.1021,47.215,True,8,MOVISTAR ESTUDIANTES,True
PROBASKETLAB FUENLABRADA,7,8.782600000000002,37.7688,True,8,MOVISTAR ESTUDIANTES,True
PROBASKETLAB FUENLABRADA,14,7.368700000000004,34.5835,True,8,MOVISTAR ESTUDIANTES,True
PROBASKETLAB FUENLABRADA,13,9.88911,29.5309,False,8,MOVISTAR ESTUDIANTES,True
PROBASKETLAB FUENLABRADA,13,27.4088,91.3707,False,8,MOVISTAR ESTUDIANTES,True
PROBASKETLAB FUENLABRADA,8,9.090000000000003,41.7231,True,8,MOVISTAR ESTUDIANTES,True
PROBASKETLAB FUENLABRADA,10,8.598100000000002,40.2952,True,8,MOVISTAR ESTUDIANTES,True
PROBASKETLAB FUENLABRADA,10,31.5889,86.7573,False,8,MOVISTAR ESTUDIANTES,True
PROBASKETLAB FUENLABRADA,7,35.892,72.2585,True,8,MOVISTAR ESTUDIANTES,True
PROBASKETLAB FUENLABRADA,13,10.8112,42.6018,True,8,MOVISTAR ESTUDIANTES,True
PROBASKETLAB FUENLABRADA,10,9.45878,43.4805,True,8,MOVISTAR ESTUDIANTES,True
PROBASKETLAB FUENLABRADA,10,12.5324,41.5034,True,8,MOVISTAR ESTUDIANTES,True
PROBASKETLAB FUENLABRADA,13,31.4045,10.968,True,8,MOVISTAR ESTUDIANTES,True
PROBASKETLAB FUENLABRADA,5,28.822599999999994,83.2425,False,8,MOVISTAR ESTUDIANTES,True
PROBASKETLAB FUENLABRADA,8,11.5488,39.746,True,8,MOVISTAR ESTUDIANTES,True
PROBASKETLAB FUENLABRADA,5,10.073499999999996,42.7116,False,8,MOVISTAR ESTUDIANTES,True
PROBASKETLAB FUENLABRADA,8,10.8112,64.1304,False,8,MOVISTAR ESTUDIANTES,True
PROBASKETLAB FUENLABRADA,7,36.1994,21.4027,True,8,MOVISTAR ESTUDIANTES,True
PROBASKETLAB FUENLABRADA,14,8.3523,40.405,True,8,MOVISTAR ESTUDIANTES,True
PROBASKETLAB FUENLABRADA,10,32.449600000000004,15.1419,False,8,MOVISTAR ESTUDIANTES,True
PROBASKETLAB FUENLABRADA,10,9.52022,63.032,False,8,MOVISTAR ESTUDIANTES,True
PROBASKETLAB FUENLABRADA,5,33.0028,12.6155,True,8,MOVISTAR ESTUDIANTES,True
PROBASKETLAB FUENLABRADA,7,10.9341,58.199,True,8,MOVISTAR ESTUDIANTES,True
PROBASKETLAB FUENLABRADA,10,26.4867,9.54004,False,8,MOVISTAR ESTUDIANTES,True
PROBASKETLAB FUENLABRADA,9,8.53669,36.0114,False,8,MOVISTAR ESTUDIANTES,True
PROBASKETLAB FUENLABRADA,9,11.671800000000005,46.6659,False,8,MOVISTAR ESTUDIANTES,True
PROBASKETLAB FUENLABRADA,7,32.8799,84.7802,True,8,MOVISTAR ESTUDIANTES,True
PROBASKETLAB FUENLABRADA,8,7.921899999999994,38.4279,True,8,MOVISTAR ESTUDIANTES,True
PROBASKETLAB FUENLABRADA,10,7.860500000000002,41.6133,False,8,MOVISTAR ESTUDIANTES,True
PROBASKETLAB FUENLABRADA,7,36.015,20.7437,False,8,MOVISTAR ESTUDIANTES,True
PROBASKETLAB FUENLABRADA,8,31.097099999999998,86.7573,False,8,MOVISTAR ESTUDIANTES,True
PROBASKETLAB FUENLABRADA,7,35.953500000000005,44.7986,False,8,MOVISTAR ESTUDIANTES,True
PROBASKETLAB FUENLABRADA,10,30.420900000000003,87.4164,False,8,MOVISTAR ESTUDIANTES,True
PROBASKETLAB FUENLABRADA,10,9.64316,55.6728,True,8,MOVISTAR ESTUDIANTES,True
PROBASKETLAB FUENLABRADA,10,34.1708,23.4897,False,8,MOVISTAR ESTUDIANTES,True
PROBASKETLAB FUENLABRADA,13,11.2415,38.3181,False,8,MOVISTAR ESTUDIANTES,True
PROBASKETLAB FUENLABRADA,14,11.9792,65.1189,False,8,MOVISTAR ESTUDIANTES,True
PROBASKETLAB FUENLABRADA,8,8.905500000000004,38.8672,True,8,MOVISTAR ESTUDIANTES,True
PROBASKETLAB FUENLABRADA,9,7.921899999999994,38.4279,False,8,MOVISTAR ESTUDIANTES,True
PROBASKETLAB FUENLABRADA,10,10.196399999999997,39.4165,False,8,MOVISTAR ESTUDIANTES,True
PROBASKETLAB FUENLABRADA,10,9.39728,77.6406,True,8,MOVISTAR ESTUDIANTES,True
PROBASKETLAB FUENLABRADA,8,12.409400000000005,26.8947,False,8,MOVISTAR ESTUDIANTES,True
PROBASKETLAB FUENLABRADA,8,33.556,14.0435,False,8,MOVISTAR ESTUDIANTES,True
PROBASKETLAB FUENLABRADA,10,25.195800000000006,88.7345,True,8,MOVISTAR ESTUDIANTES,True
PROBASKETLAB FUENLABRADA,9,9.45878,40.5149,True,8,MOVISTAR ESTUDIANTES,True
PROBASKETLAB FUENLABRADA,2,28.7612,6.79407,False,8,MOVISTAR ESTUDIANTES,True
PROBASKETLAB FUENLABRADA,13,14.622500000000002,30.4096,False,8,MOVISTAR ESTUDIANTES,True
PROBASKETLAB FUENLABRADA,8,35.7076,12.9451,False,8,MOVISTAR ESTUDIANTES,True
PROBASKETLAB FUENLABRADA,14,15.421599999999998,31.7276,False,8,MOVISTAR ESTUDIANTES,True
PROBASKETLAB FUENLABRADA,7,10.9956,45.0182,True,8,MOVISTAR ESTUDIANTES,True
PROBASKETLAB FUENLABRADA,2,29.8062,86.0984,True,8,MOVISTAR ESTUDIANTES,True
PROBASKETLAB FUENLABRADA,9,9.520200000000003,41.3936,True,8,MOVISTAR ESTUDIANTES,True
PROBASKETLAB FUENLABRADA,10,9.766099999999994,56.0022,False,8,MOVISTAR ESTUDIANTES,True
MOVISTAR ESTUDIANTES,22,9.33584,59.4072,True,8,PROBASKETLAB FUENLABRADA,False
MOVISTAR ESTUDIANTES,6,33.1258,14.7026,False,8,PROBASKETLAB FUENLABRADA,False
MOVISTAR ESTUDIANTES,2,9.08996,58.3089,False,8,PROBASKETLAB FUENLABRADA,False
MOVISTAR ESTUDIANTES,2,11.1185,43.7002,True,8,PROBASKETLAB FUENLABRADA,False
MOVISTAR ESTUDIANTES,2,39.3959,19.9749,False,8,PROBASKETLAB FUENLABRADA,False
MOVISTAR ESTUDIANTES,2,9.39728,39.746,False,8,PROBASKETLAB FUENLABRADA,False
MOVISTAR ESTUDIANTES,7,8.167900000000003,42.492,True,8,PROBASKETLAB FUENLABRADA,False
MOVISTAR ESTUDIANTES,7,31.896299999999997,87.1968,True,8,PROBASKETLAB FUENLABRADA,False
MOVISTAR ESTUDIANTES,25,24.9499,89.9427,True,8,PROBASKETLAB FUENLABRADA,False
MOVISTAR ESTUDIANTES,7,10.8112,57.3203,False,8,PROBASKETLAB FUENLABRADA,False
MOVISTAR ESTUDIANTES,22,9.88911,43.4805,True,8,PROBASKETLAB FUENLABRADA,False
MOVISTAR ESTUDIANTES,6,9.335800000000006,44.7986,True,8,PROBASKETLAB FUENLABRADA,False
MOVISTAR ESTUDIANTES,2,40.8099,60.945,True,8,PROBASKETLAB FUENLABRADA,False
MOVISTAR ESTUDIANTES,25,31.281599999999997,15.4714,True,8,PROBASKETLAB FUENLABRADA,False
MOVISTAR ESTUDIANTES,22,10.8112,47.1052,True,8,PROBASKETLAB FUENLABRADA,False
MOVISTAR ESTUDIANTES,2,8.167900000000003,42.492,False,8,PROBASKETLAB FUENLABRADA,False
MOVISTAR ESTUDIANTES,8,33.924899999999994,78.4095,True,8,PROBASKETLAB FUENLABRADA,False
MOVISTAR ESTUDIANTES,25,33.00279999999999,81.3752,False,8,PROBASKETLAB FUENLABRADA,False
MOVISTAR ESTUDIANTES,11,14.991299999999995,43.81,False,8,PROBASKETLAB FUENLABRADA,False
MOVISTAR ESTUDIANTES,8,33.0643,78.8489,True,8,PROBASKETLAB FUENLABRADA,False
MOVISTAR ESTUDIANTES,9,9.028499999999994,45.4577,True,8,PROBASKETLAB FUENLABRADA,False
MOVISTAR ESTUDIANTES,2,30.298000000000002,7.56295,False,8,PROBASKETLAB FUENLABRADA,False
MOVISTAR ESTUDIANTES,8,9.274299999999997,43.0411,True,8,PROBASKETLAB FUENLABRADA,False
MOVISTAR ESTUDIANTES,11,36.5067,14.2632,False,8,PROBASKETLAB FUENLABRADA,False
MOVISTAR ESTUDIANTES,7,10.7497,55.0137,False,8,PROBASKETLAB FUENLABRADA,False
MOVISTAR ESTUDIANTES,2,8.659599999999998,60.945,False,8,PROBASKETLAB FUENLABRADA,False
MOVISTAR ESTUDIANTES,2,33.2487,12.5057,False,8,PROBASKETLAB FUENLABRADA,False
MOVISTAR ESTUDIANTES,8,29.8677,90.0525,False,8,PROBASKETLAB FUENLABRADA,False
MOVISTAR ESTUDIANTES,6,8.72108,77.8603,False,8,PROBASKETLAB FUENLABRADA,False
MOVISTAR ESTUDIANTES,6,35.2773,8.88098,False,8,PROBASKETLAB FUENLABRADA,False
MOVISTAR ESTUDIANTES,25,29.7447,87.7459,True,8,PROBASKETLAB FUENLABRADA,False
MOVISTAR ESTUDIANTES,9,8.843999999999994,44.3593,True,8,PROBASKETLAB FUENLABRADA,False
MOVISTAR ESTUDIANTES,19,9.1514,61.3844,False,8,PROBASKETLAB FUENLABRADA,False
MOVISTAR ESTUDIANTES,6,10.5653,38.8672,False,8,PROBASKETLAB FUENLABRADA,False
MOVISTAR ESTUDIANTES,9,7.553100000000001,43.5904,True,8,PROBASKETLAB FUENLABRADA,False
MOVISTAR ESTUDIANTES,9,10.8112,61.0549,False,8,PROBASKETLAB FUENLABRADA,False
MOVISTAR ESTUDIANTES,7,9.95055,42.8215,True,8,PROBASKETLAB FUENLABRADA,False
MOVISTAR ESTUDIANTES,22,10.7497,55.5629,True,8,PROBASKETLAB FUENLABRADA,False
MOVISTAR ESTUDIANTES,9,12.286500000000004,47.215,True,8,PROBASKETLAB FUENLABRADA,False
MOVISTAR ESTUDIANTES,8,29.929199999999994,11.6271,True,8,PROBASKETLAB FUENLABRADA,False
MOVISTAR ESTUDIANTES,9,14.4381,44.2493,False,8,PROBASKETLAB FUENLABRADA,False
MOVISTAR ESTUDIANTES,19,30.1751,6.35473,False,8,PROBASKETLAB FUENLABRADA,False
MOVISTAR ESTUDIANTES,2,35.2158,41.3936,False,8,PROBASKETLAB FUENLABRADA,False
MOVISTAR ESTUDIANTES,7,22.4295,6.57435,False,8,PROBASKETLAB FUENLABRADA,False
MOVISTAR ESTUDIANTES,6,38.6583,32.2769,False,8,PROBASKETLAB FUENLABRADA,False
MOVISTAR ESTUDIANTES,8,10.5653,57.8695,True,8,PROBASKETLAB FUENLABRADA,False
MOVISTAR ESTUDIANTES,8,26.3638,90.1623,False,8,PROBASKETLAB FUENLABRADA,False
MOVISTAR ESTUDIANTES,8,11.610299999999995,44.5789,True,8,PROBASKETLAB FUENLABRADA,False
MOVISTAR ESTUDIANTES,9,11.118499999999997,41.8329,False,8,PROBASKETLAB FUENLABRADA,False
MOVISTAR ESTUDIANTES,6,40.9942,77.0915,False,8,PROBASKETLAB FUENLABRADA,False
MOVISTAR ESTUDIANTES,22,11.0571,46.6659,False,8,PROBASKETLAB FUENLABRADA,False
MOVISTAR ESTUDIANTES,2,8.413799999999995,44.3593,True,8,PROBASKETLAB FUENLABRADA,False
MOVISTAR ESTUDIANTES,7,28.269400000000005,90.6018,False,8,PROBASKETLAB FUENLABRADA,False
MOVISTAR ESTUDIANTES,25,34.6626,10.8582,True,8,PROBASKETLAB FUENLABRADA,False
MOVISTAR ESTUDIANTES,2,38.1665,17.0092,False,8,PROBASKETLAB FUENLABRADA,False
MOVISTAR ESTUDIANTES,6,10.6883,52.5972,True,8,PROBASKETLAB FUENLABRADA,False
MOVISTAR ESTUDIANTES,25,33.9249,9.75977,True,8,PROBASKETLAB FUENLABRADA,False
MOVISTAR ESTUDIANTES,6,8.044899999999998,42.9313,True,8,PROBASKETLAB FUENLABRADA,False
MOVISTAR ESTUDIANTES,25,37.6747,51.0594,False,8,PROBASKETLAB FUENLABRADA,False
MOVISTAR ESTUDIANTES,9,8.413799999999995,41.7231,True,8,PROBASKETLAB FUENLABRADA,False
MOVISTAR ESTUDIANTES,6,39.2116,56.1121,True,8,PROBASKETLAB FUENLABRADA,False
MOVISTAR ESTUDIANTES,6,39.3959,69.6223,False,8,PROBASKETLAB FUENLABRADA,False
MOVISTAR ESTUDIANTES,6,32.879900000000006,17.5583,True,8,PROBASKETLAB FUENLABRADA,False
MOVISTAR ESTUDIANTES,11,20.9542,48.5332,True,8,PROBASKETLAB FUENLABRADA,False
MOVISTAR ESTUDIANTES,2,14.1922,62.5926,False,8,PROBASKETLAB FUENLABRADA,False
MOVISTAR ESTUDIANTES,7,29.3759,14.4828,False,8,PROBASKETLAB FUENLABRADA,False
MOVISTAR ESTUDIANTES,7,11.6718,56.9908,False,8,PROBASKETLAB FUENLABRADA,False
SUMIALKI CB CIUDAD DE MOSTOLES,4,29.9718,20.5444,False,8,BALONCESTO ALCALA,True
SUMIALKI CB CIUDAD DE MOSTOLES,12,28.914,20.4183,False,8,BALONCESTO ALCALA,True
SUMIALKI CB CIUDAD DE MOSTOLES,29,7.1932000000000045,3.27702,False,8,BALONCESTO ALCALA,True
SUMIALKI CB CIUDAD DE MOSTOLES,88,8.744699999999995,43.6095,True,8,BALONCESTO ALCALA,True
SUMIALKI CB CIUDAD DE MOSTOLES,13,22.284899999999993,9.95709,True,8,BALONCESTO ALCALA,True
SUMIALKI CB CIUDAD DE MOSTOLES,15,7.2637,42.4752,True,8,BALONCESTO ALCALA,True
SUMIALKI CB CIUDAD DE MOSTOLES,20,9.80254,45.5001,False,8,BALONCESTO ALCALA,True
SUMIALKI CB CIUDAD DE MOSTOLES,29,8.81523,93.395,True,8,BALONCESTO ALCALA,True
SUMIALKI CB CIUDAD DE MOSTOLES,4,12.482399999999998,40.7106,True,8,BALONCESTO ALCALA,True
SUMIALKI CB CIUDAD DE MOSTOLES,20,9.308899999999994,43.3574,True,8,BALONCESTO ALCALA,True
SUMIALKI CB CIUDAD DE MOSTOLES,29,8.674199999999999,43.8616,True,8,BALONCESTO ALCALA,True
SUMIALKI CB CIUDAD DE MOSTOLES,4,9.37941,48.525,True,8,BALONCESTO ALCALA,True
SUMIALKI CB CIUDAD DE MOSTOLES,29,33.63890000000001,45.7522,False,8,BALONCESTO ALCALA,True
SUMIALKI CB CIUDAD DE MOSTOLES,22,23.9774,87.8492,False,8,BALONCESTO ALCALA,True
SUMIALKI CB CIUDAD DE MOSTOLES,15,6.06488,7.05819,False,8,BALONCESTO ALCALA,True
SUMIALKI CB CIUDAD DE MOSTOLES,9,33.92100000000001,46.0043,False,8,BALONCESTO ALCALA,True
SUMIALKI CB CIUDAD DE MOSTOLES,9,13.328599999999994,41.3408,False,8,BALONCESTO ALCALA,True
SUMIALKI CB CIUDAD DE MOSTOLES,9,9.379400000000004,41.3408,True,8,BALONCESTO ALCALA,True
SUMIALKI CB CIUDAD DE MOSTOLES,20,8.533100000000005,61.8852,False,8,BALONCESTO ALCALA,True
SUMIALKI CB CIUDAD DE MOSTOLES,29,26.2341,83.5639,True,8,BALONCESTO ALCALA,True
SUMIALKI CB CIUDAD DE MOSTOLES,4,27.221400000000003,18.4017,False,8,BALONCESTO ALCALA,True
SUMIALKI CB CIUDAD DE MOSTOLES,88,28.7729,16.007,True,8,BALONCESTO ALCALA,True
SUMIALKI CB CIUDAD DE MOSTOLES,4,32.01690000000001,29.115,False,8,BALONCESTO ALCALA,True
SUMIALKI CB CIUDAD DE MOSTOLES,20,9.0268,51.55,False,8,BALONCESTO ALCALA,True
SUMIALKI CB CIUDAD DE MOSTOLES,88,8.3921,57.978,False,8,BALONCESTO ALCALA,True
SUMIALKI CB CIUDAD DE MOSTOLES,9,22.355400000000003,88.8575,False,8,BALONCESTO ALCALA,True
SUMIALKI CB CIUDAD DE MOSTOLES,29,34.0621,46.0043,False,8,BALONCESTO ALCALA,True
SUMIALKI CB CIUDAD DE MOSTOLES,4,8.180499999999995,43.4835,True,8,BALONCESTO ALCALA,True
SUMIALKI CB CIUDAD DE MOSTOLES,9,7.4048,93.1429,False,8,BALONCESTO ALCALA,True
SUMIALKI CB CIUDAD DE MOSTOLES,88,11.354,55.5832,False,8,BALONCESTO ALCALA,True
SUMIALKI CB CIUDAD DE MOSTOLES,15,21.5092,90.7481,False,8,BALONCESTO ALCALA,True
SUMIALKI CB CIUDAD DE MOSTOLES,15,11.4245,92.3866,False,8,BALONCESTO ALCALA,True
SUMIALKI CB CIUDAD DE MOSTOLES,29,31.7348,69.9517,False,8,BALONCESTO ALCALA,True
SUMIALKI CB CIUDAD DE MOSTOLES,12,33.92100000000001,58.6082,False,8,BALONCESTO ALCALA,True
SUMIALKI CB CIUDAD DE MOSTOLES,88,10.0846,50.6677,True,8,BALONCESTO ALCALA,True
SUMIALKI CB CIUDAD DE MOSTOLES,12,9.23836,93.395,False,8,BALONCESTO ALCALA,True
SUMIALKI CB CIUDAD DE MOSTOLES,4,11.7772,41.5929,False,8,BALONCESTO ALCALA,True
SUMIALKI CB CIUDAD DE MOSTOLES,88,6.840599999999995,54.3228,True,8,BALONCESTO ALCALA,True
SUMIALKI CB CIUDAD DE MOSTOLES,4,9.09732,40.7106,False,8,BALONCESTO ALCALA,True
SUMIALKI CB CIUDAD DE MOSTOLES,20,8.3921,61.0029,False,8,BALONCESTO ALCALA,True
SUMIALKI CB CIUDAD DE MOSTOLES,12,9.0268,63.1456,True,8,BALONCESTO ALCALA,True
SUMIALKI CB CIUDAD DE MOSTOLES,29,19.252499999999998,49.5334,True,8,BALONCESTO ALCALA,True
SUMIALKI CB CIUDAD DE MOSTOLES,20,9.87306,45.6261,True,8,BALONCESTO ALCALA,True
SUMIALKI CB CIUDAD DE MOSTOLES,29,7.2637,57.7259,False,8,BALONCESTO ALCALA,True
SUMIALKI CB CIUDAD DE MOSTOLES,20,10.2257,64.532,False,8,BALONCESTO ALCALA,True
SUMIALKI CB CIUDAD DE MOSTOLES,12,16.7842,35.7951,False,8,BALONCESTO ALCALA,True
SUMIALKI CB CIUDAD DE MOSTOLES,4,7.33427,55.3312,True,8,BALONCESTO ALCALA,True
SUMIALKI CB CIUDAD DE MOSTOLES,25,26.657300000000006,20.0402,True,8,BALONCESTO ALCALA,True
SUMIALKI CB CIUDAD DE MOSTOLES,20,9.09732,40.7106,True,8,BALONCESTO ALCALA,True
SUMIALKI CB CIUDAD DE MOSTOLES,22,10.2257,68.8173,False,8,BALONCESTO ALCALA,True
SUMIALKI CB CIUDAD DE MOSTOLES,4,24.188999999999993,12.4779,True,8,BALONCESTO ALCALA,True
SUMIALKI CB CIUDAD DE MOSTOLES,88,19.252499999999998,32.14,True,8,BALONCESTO ALCALA,True
SUMIALKI CB CIUDAD DE MOSTOLES,20,9.379400000000004,42.8533,False,8,BALONCESTO ALCALA,True
SUMIALKI CB CIUDAD DE MOSTOLES,12,9.44993,54.4489,True,8,BALONCESTO ALCALA,True
SUMIALKI CB CIUDAD DE MOSTOLES,12,7.2637,57.7259,True,8,BALONCESTO ALCALA,True
SUMIALKI CB CIUDAD DE MOSTOLES,20,9.23836,47.6428,True,8,BALONCESTO ALCALA,True
SUMIALKI CB CIUDAD DE MOSTOLES,9,33.5684,59.7425,True,8,BALONCESTO ALCALA,True
SUMIALKI CB CIUDAD DE MOSTOLES,29,28.6319,18.0236,False,8,BALONCESTO ALCALA,True
SUMIALKI CB CIUDAD DE MOSTOLES,29,16.854699999999994,72.5985,True,8,BALONCESTO ALCALA,True
SUMIALKI CB CIUDAD DE MOSTOLES,9,8.885800000000003,1.38643,False,8,BALONCESTO ALCALA,True
SUMIALKI CB CIUDAD DE MOSTOLES,12,11.142499999999998,69.4475,False,8,BALONCESTO ALCALA,True
SUMIALKI CB CIUDAD DE MOSTOLES,4,20.380799999999994,4.28533,False,8,BALONCESTO ALCALA,True
SUMIALKI CB CIUDAD DE MOSTOLES,9,33.921,51.1719,True,8,BALONCESTO ALCALA,True
SUMIALKI CB CIUDAD DE MOSTOLES,29,8.81523,54.4489,False,8,BALONCESTO ALCALA,True
SUMIALKI CB CIUDAD DE MOSTOLES,20,10.2257,44.9959,True,8,BALONCESTO ALCALA,True
BALONCESTO ALCALA,8,9.0268,47.5167,True,8,SUMIALKI CB CIUDAD DE MOSTOLES,False
BALONCESTO ALCALA,91,12.7645,37.0555,True,8,SUMIALKI CB CIUDAD DE MOSTOLES,False
BALONCESTO ALCALA,4,8.462599999999995,38.0638,True,8,SUMIALKI CB CIUDAD DE MOSTOLES,False
BALONCESTO ALCALA,19,16.22,4.91552,False,8,SUMIALKI CB CIUDAD DE MOSTOLES,False
BALONCESTO ALCALA,19,23.483800000000002,84.0681,False,8,SUMIALKI CB CIUDAD DE MOSTOLES,False
BALONCESTO ALCALA,31,11.988699999999994,54.0708,True,8,SUMIALKI CB CIUDAD DE MOSTOLES,False
BALONCESTO ALCALA,3,8.885800000000003,56.5915,False,8,SUMIALKI CB CIUDAD DE MOSTOLES,False
BALONCESTO ALCALA,4,7.616399999999999,92.8908,False,8,SUMIALKI CB CIUDAD DE MOSTOLES,False
BALONCESTO ALCALA,8,8.3921,82.5556,False,8,SUMIALKI CB CIUDAD DE MOSTOLES,False
BALONCESTO ALCALA,10,33.35680000000001,43.3574,False,8,SUMIALKI CB CIUDAD DE MOSTOLES,False
BALONCESTO ALCALA,4,8.25106,44.7439,False,8,SUMIALKI CB CIUDAD DE MOSTOLES,False
BALONCESTO ALCALA,19,20.7334,92.3866,True,8,SUMIALKI CB CIUDAD DE MOSTOLES,False
BALONCESTO ALCALA,14,8.321600000000004,55.8353,False,8,SUMIALKI CB CIUDAD DE MOSTOLES,False
BALONCESTO ALCALA,91,9.30889,48.0209,True,8,SUMIALKI CB CIUDAD DE MOSTOLES,False
BALONCESTO ALCALA,19,7.8279,94.2772,True,8,SUMIALKI CB CIUDAD DE MOSTOLES,False
BALONCESTO ALCALA,8,22.6375,28.7369,False,8,SUMIALKI CB CIUDAD DE MOSTOLES,False
BALONCESTO ALCALA,8,8.462599999999995,62.8935,False,8,SUMIALKI CB CIUDAD DE MOSTOLES,False
BALONCESTO ALCALA,19,24.259500000000003,30.8796,True,8,SUMIALKI CB CIUDAD DE MOSTOLES,False
BALONCESTO ALCALA,3,8.81523,52.3062,True,8,SUMIALKI CB CIUDAD DE MOSTOLES,False
BALONCESTO ALCALA,12,19.252499999999998,91.0002,True,8,SUMIALKI CB CIUDAD DE MOSTOLES,False
BALONCESTO ALCALA,4,4.72496,95.1595,False,8,SUMIALKI CB CIUDAD DE MOSTOLES,False
BALONCESTO ALCALA,4,8.18054,96.798,False,8,SUMIALKI CB CIUDAD DE MOSTOLES,False
BALONCESTO ALCALA,12,9.4499,4.53741,True,8,SUMIALKI CB CIUDAD DE MOSTOLES,False
BALONCESTO ALCALA,19,13.1876,79.7827,False,8,SUMIALKI CB CIUDAD DE MOSTOLES,False
BALONCESTO ALCALA,12,6.558499999999995,52.6843,False,8,SUMIALKI CB CIUDAD DE MOSTOLES,False
BALONCESTO ALCALA,4,28.843400000000003,71.8423,False,8,SUMIALKI CB CIUDAD DE MOSTOLES,False
BALONCESTO ALCALA,12,8.32158,56.2134,True,8,SUMIALKI CB CIUDAD DE MOSTOLES,False
BALONCESTO ALCALA,14,8.25106,51.4239,True,8,SUMIALKI CB CIUDAD DE MOSTOLES,False
BALONCESTO ALCALA,19,21.791300000000007,8.0665,False,8,SUMIALKI CB CIUDAD DE MOSTOLES,False
BALONCESTO ALCALA,12,28.984499999999997,17.8975,False,8,SUMIALKI CB CIUDAD DE MOSTOLES,False
BALONCESTO ALCALA,31,13.328599999999994,80.791,False,8,SUMIALKI CB CIUDAD DE MOSTOLES,False
BALONCESTO ALCALA,3,33.3568,53.0624,False,8,SUMIALKI CB CIUDAD DE MOSTOLES,False
BALONCESTO ALCALA,91,9.52045,58.8602,True,8,SUMIALKI CB CIUDAD DE MOSTOLES,False
BALONCESTO ALCALA,12,6.911100000000005,55.4572,True,8,SUMIALKI CB CIUDAD DE MOSTOLES,False
BALONCESTO ALCALA,19,8.180499999999995,50.9198,True,8,SUMIALKI CB CIUDAD DE MOSTOLES,False
BALONCESTO ALCALA,12,8.180499999999995,57.8519,False,8,SUMIALKI CB CIUDAD DE MOSTOLES,False
BALONCESTO ALCALA,19,12.0592,66.0445,False,8,SUMIALKI CB CIUDAD DE MOSTOLES,False
BALONCESTO ALCALA,14,26.4457,17.1413,True,8,SUMIALKI CB CIUDAD DE MOSTOLES,False
BALONCESTO ALCALA,19,12.4118,5.54572,False,8,SUMIALKI CB CIUDAD DE MOSTOLES,False
BALONCESTO ALCALA,8,14.0339,42.9793,False,8,SUMIALKI CB CIUDAD DE MOSTOLES,False
BALONCESTO ALCALA,31,11.495099999999994,46.8865,True,8,SUMIALKI CB CIUDAD DE MOSTOLES,False
BALONCESTO ALCALA,14,7.33427,54.1968,True,8,SUMIALKI CB CIUDAD DE MOSTOLES,False
BALONCESTO ALCALA,19,31.5938,63.3977,False,8,SUMIALKI CB CIUDAD DE MOSTOLES,False
BALONCESTO ALCALA,12,12.2708,44.1137,True,8,SUMIALKI CB CIUDAD DE MOSTOLES,False
BALONCESTO ALCALA,10,8.53315,54.701,True,8,SUMIALKI CB CIUDAD DE MOSTOLES,False
BALONCESTO ALCALA,12,8.11001,44.9959,False,8,SUMIALKI CB CIUDAD DE MOSTOLES,False
BALONCESTO ALCALA,12,35.4725,37.9378,False,8,SUMIALKI CB CIUDAD DE MOSTOLES,False
BALONCESTO ALCALA,3,13.2581,61.0029,False,8,SUMIALKI CB CIUDAD DE MOSTOLES,False
BALONCESTO ALCALA,4,25.811,80.4129,False,8,SUMIALKI CB CIUDAD DE MOSTOLES,False
BALONCESTO ALCALA,31,8.3921,41.5929,False,8,SUMIALKI CB CIUDAD DE MOSTOLES,False
BALONCESTO ALCALA,13,7.96897,48.7771,True,8,SUMIALKI CB CIUDAD DE MOSTOLES,False
BALONCESTO ALCALA,12,29.1961,24.0735,False,8,SUMIALKI CB CIUDAD DE MOSTOLES,False
BALONCESTO ALCALA,91,5.289100000000005,56.7176,False,8,SUMIALKI CB CIUDAD DE MOSTOLES,False
BALONCESTO ALCALA,10,9.30889,43.1054,False,8,SUMIALKI CB CIUDAD DE MOSTOLES,False
BALONCESTO ALCALA,14,10.366699999999994,40.2065,False,8,SUMIALKI CB CIUDAD DE MOSTOLES,False
BALONCESTO ALCALA,13,11.0719,50.0375,True,8,SUMIALKI CB CIUDAD DE MOSTOLES,False
BALONCESTO ALCALA,31,8.3921,54.701,True,8,SUMIALKI CB CIUDAD DE MOSTOLES,False
BALONCESTO ALCALA,19,33.07470000000001,49.5334,False,8,SUMIALKI CB CIUDAD DE MOSTOLES,False
BALONCESTO ALCALA,91,8.251099999999994,58.8602,False,8,SUMIALKI CB CIUDAD DE MOSTOLES,False
BALONCESTO ALCALA,10,12.129800000000003,90.6221,False,8,SUMIALKI CB CIUDAD DE MOSTOLES,False
BALONCESTO ALCALA,31,11.706599999999995,47.8948,True,8,SUMIALKI CB CIUDAD DE MOSTOLES,False
BALONCESTO ALCALA,14,9.94358,50.0375,True,8,SUMIALKI CB CIUDAD DE MOSTOLES,False
BALONCESTO ALCALA,12,8.11001,95.0335,True,8,SUMIALKI CB CIUDAD DE MOSTOLES,False
BALONCESTO ALCALA,14,6.41749,54.1968,True,8,SUMIALKI CB CIUDAD DE MOSTOLES,False
BALONCESTO ALCALA,91,22.990099999999998,12.2258,False,8,SUMIALKI CB CIUDAD DE MOSTOLES,False
BALONCESTO ALCALA,8,6.064899999999994,80.539,True,8,SUMIALKI CB CIUDAD DE MOSTOLES,False
BALONCESTO ALCALA,4,9.590999999999994,35.9211,False,8,SUMIALKI CB CIUDAD DE MOSTOLES,False
BALONCESTO ALCALA,10,8.95628,57.978,True,8,SUMIALKI CB CIUDAD DE MOSTOLES,False
BALONCESTO ALCALA,4,10.648799999999994,4.03325,False,8,SUMIALKI CB CIUDAD DE MOSTOLES,False
BALONCESTO ALCALA,8,8.11001,42.8533,True,8,SUMIALKI CB CIUDAD DE MOSTOLES,False
BALONCESTO ALCALA,19,7.5458,65.1622,False,8,SUMIALKI CB CIUDAD DE MOSTOLES,False
TOBARRA CB,7,16.361099999999993,26.7203,False,9,PROBASKETLAB FUENLABRADA,True
TOBARRA CB,31,11.565600000000003,50.7937,True,9,PROBASKETLAB FUENLABRADA,True
TOBARRA CB,31,8.956299999999999,49.6594,True,9,PROBASKETLAB FUENLABRADA,True
TOBARRA CB,3,28.067700000000002,74.7412,True,9,PROBASKETLAB FUENLABRADA,True
TOBARRA CB,32,32.4401,55.2051,False,9,PROBASKETLAB FUENLABRADA,True
TOBARRA CB,0,11.0719,47.2647,False,9,PROBASKETLAB FUENLABRADA,True
TOBARRA CB,32,6.98166,53.8187,True,9,PROBASKETLAB FUENLABRADA,True
TOBARRA CB,0,11.142499999999998,27.6026,True,9,PROBASKETLAB FUENLABRADA,True
TOBARRA CB,3,12.905500000000004,49.0292,True,9,PROBASKETLAB FUENLABRADA,True
TOBARRA CB,21,12.835,55.4572,True,9,PROBASKETLAB FUENLABRADA,True
TOBARRA CB,21,9.379400000000004,55.5832,True,9,PROBASKETLAB FUENLABRADA,True
TOBARRA CB,31,11.354,51.0458,True,9,PROBASKETLAB FUENLABRADA,True
TOBARRA CB,0,29.478099999999998,82.1775,False,9,PROBASKETLAB FUENLABRADA,True
TOBARRA CB,26,8.03949,58.8602,False,9,PROBASKETLAB FUENLABRADA,True
TOBARRA CB,32,9.520499999999998,50.5417,True,9,PROBASKETLAB FUENLABRADA,True
TOBARRA CB,32,15.2327,54.0708,False,9,PROBASKETLAB FUENLABRADA,True
TOBARRA CB,0,13.1876,71.5902,False,9,PROBASKETLAB FUENLABRADA,True
TOBARRA CB,31,10.437200000000004,48.273,False,9,PROBASKETLAB FUENLABRADA,True
TOBARRA CB,32,8.60367,54.827,True,9,PROBASKETLAB FUENLABRADA,True
TOBARRA CB,0,10.5783,45.248,False,9,PROBASKETLAB FUENLABRADA,True
TOBARRA CB,0,36.6008,50.0375,False,9,PROBASKETLAB FUENLABRADA,True
TOBARRA CB,3,10.7193,53.4406,True,9,PROBASKETLAB FUENLABRADA,True
TOBARRA CB,3,32.7221,60.4988,False,9,PROBASKETLAB FUENLABRADA,True
TOBARRA CB,3,17.4894,47.3907,False,9,PROBASKETLAB FUENLABRADA,True
TOBARRA CB,0,8.3921,46.8865,True,9,PROBASKETLAB FUENLABRADA,True
TOBARRA CB,0,10.7193,51.2979,True,9,PROBASKETLAB FUENLABRADA,True
TOBARRA CB,34,12.129800000000003,53.9447,False,9,PROBASKETLAB FUENLABRADA,True
TOBARRA CB,32,11.847700000000003,45.7522,False,9,PROBASKETLAB FUENLABRADA,True
TOBARRA CB,0,24.5416,88.6055,False,9,PROBASKETLAB FUENLABRADA,True
TOBARRA CB,3,28.984499999999997,83.0598,True,9,PROBASKETLAB FUENLABRADA,True
TOBARRA CB,7,10.9309,51.55,True,9,PROBASKETLAB FUENLABRADA,True
TOBARRA CB,21,9.59097,47.6428,False,9,PROBASKETLAB FUENLABRADA,True
TOBARRA CB,34,10.5783,54.701,True,9,PROBASKETLAB FUENLABRADA,True
TOBARRA CB,32,8.11001,29.3671,False,9,PROBASKETLAB FUENLABRADA,True
TOBARRA CB,32,6.840599999999995,6.80611,True,9,PROBASKETLAB FUENLABRADA,True
TOBARRA CB,32,7.334299999999999,5.54572,True,9,PROBASKETLAB FUENLABRADA,True
TOBARRA CB,0,30.677000000000007,78.0182,False,9,PROBASKETLAB FUENLABRADA,True
TOBARRA CB,31,10.5783,45.248,True,9,PROBASKETLAB FUENLABRADA,True
TOBARRA CB,3,10.7898,58.9863,True,9,PROBASKETLAB FUENLABRADA,True
TOBARRA CB,34,9.732,52.0541,False,9,PROBASKETLAB FUENLABRADA,True
TOBARRA CB,0,9.16784,57.3478,True,9,PROBASKETLAB FUENLABRADA,True
TOBARRA CB,3,9.23836,45.122,False,9,PROBASKETLAB FUENLABRADA,True
TOBARRA CB,28,21.086,93.647,False,9,PROBASKETLAB FUENLABRADA,True
TOBARRA CB,32,12.200299999999999,53.0624,False,9,PROBASKETLAB FUENLABRADA,True
TOBARRA CB,7,9.0268,52.6843,True,9,PROBASKETLAB FUENLABRADA,True
TOBARRA CB,3,8.95628,59.2384,True,9,PROBASKETLAB FUENLABRADA,True
TOBARRA CB,34,6.2059,55.4572,False,9,PROBASKETLAB FUENLABRADA,True
TOBARRA CB,32,7.8279,5.04156,True,9,PROBASKETLAB FUENLABRADA,True
TOBARRA CB,3,13.328599999999994,23.5693,False,9,PROBASKETLAB FUENLABRADA,True
TOBARRA CB,31,8.60367,54.1968,True,9,PROBASKETLAB FUENLABRADA,True
TOBARRA CB,7,13.399100000000004,52.9364,False,9,PROBASKETLAB FUENLABRADA,True
TOBARRA CB,3,33.2158,54.5749,True,9,PROBASKETLAB FUENLABRADA,True
TOBARRA CB,3,5.430199999999999,94.0252,True,9,PROBASKETLAB FUENLABRADA,True
TOBARRA CB,3,23.483800000000002,90.8742,True,9,PROBASKETLAB FUENLABRADA,True
TOBARRA CB,3,30.0423,85.8326,False,9,PROBASKETLAB FUENLABRADA,True
TOBARRA CB,0,8.674199999999999,53.1885,False,9,PROBASKETLAB FUENLABRADA,True
TOBARRA CB,7,7.686899999999994,38.568,False,9,PROBASKETLAB FUENLABRADA,True
TOBARRA CB,28,11.283500000000004,50.7937,True,9,PROBASKETLAB FUENLABRADA,True
TOBARRA CB,0,29.9718,22.687,False,9,PROBASKETLAB FUENLABRADA,True
TOBARRA CB,31,8.462599999999995,55.5832,False,9,PROBASKETLAB FUENLABRADA,True
TOBARRA CB,0,45.4866,78.3963,False,9,PROBASKETLAB FUENLABRADA,True
TOBARRA CB,3,10.155100000000004,48.0209,True,9,PROBASKETLAB FUENLABRADA,True
TOBARRA CB,3,33.0748,57.8519,True,9,PROBASKETLAB FUENLABRADA,True
PROBASKETLAB FUENLABRADA,5,7.052199999999999,6.80611,True,9,TOBARRA CB,False
PROBASKETLAB FUENLABRADA,7,29.4781,84.9503,False,9,TOBARRA CB,False
PROBASKETLAB FUENLABRADA,14,10.0141,51.8021,True,9,TOBARRA CB,False
PROBASKETLAB FUENLABRADA,13,28.984499999999997,80.0348,True,9,TOBARRA CB,False
PROBASKETLAB FUENLABRADA,13,32.7221,64.0278,False,9,TOBARRA CB,False
PROBASKETLAB FUENLABRADA,10,21.6502,93.2689,False,9,TOBARRA CB,False
PROBASKETLAB FUENLABRADA,14,31.1707,24.9557,True,9,TOBARRA CB,False
PROBASKETLAB FUENLABRADA,8,7.898399999999995,52.5583,True,9,TOBARRA CB,False
PROBASKETLAB FUENLABRADA,10,11.7066,53.6926,False,9,TOBARRA CB,False
PROBASKETLAB FUENLABRADA,7,24.118499999999997,13.9903,False,9,TOBARRA CB,False
PROBASKETLAB FUENLABRADA,10,8.885800000000003,50.1636,False,9,TOBARRA CB,False
PROBASKETLAB FUENLABRADA,10,34.7673,62.2633,False,9,TOBARRA CB,False
PROBASKETLAB FUENLABRADA,7,32.2285,70.5819,True,9,TOBARRA CB,False
PROBASKETLAB FUENLABRADA,7,29.619200000000006,23.8214,False,9,TOBARRA CB,False
PROBASKETLAB FUENLABRADA,11,6.064899999999994,47.6428,True,9,TOBARRA CB,False
PROBASKETLAB FUENLABRADA,13,26.5867,89.4877,False,9,TOBARRA CB,False
PROBASKETLAB FUENLABRADA,13,31.7348,34.6607,True,9,TOBARRA CB,False
PROBASKETLAB FUENLABRADA,2,10.9309,58.8602,False,9,TOBARRA CB,False
PROBASKETLAB FUENLABRADA,7,7.052199999999999,95.0335,True,9,TOBARRA CB,False
PROBASKETLAB FUENLABRADA,7,7.757400000000004,48.1469,True,9,TOBARRA CB,False
PROBASKETLAB FUENLABRADA,7,9.4499,55.8353,False,9,TOBARRA CB,False
PROBASKETLAB FUENLABRADA,6,11.213,75.3714,False,9,TOBARRA CB,False
PROBASKETLAB FUENLABRADA,13,32.792699999999996,64.0278,False,9,TOBARRA CB,False
PROBASKETLAB FUENLABRADA,5,12.2708,50.6677,False,9,TOBARRA CB,False
PROBASKETLAB FUENLABRADA,14,11.495099999999994,50.6677,False,9,TOBARRA CB,False
PROBASKETLAB FUENLABRADA,11,12.129800000000003,54.3228,True,9,TOBARRA CB,False
PROBASKETLAB FUENLABRADA,8,14.1044,48.0209,False,9,TOBARRA CB,False
PROBASKETLAB FUENLABRADA,7,11.777100000000004,50.6677,False,9,TOBARRA CB,False
PROBASKETLAB FUENLABRADA,10,32.7221,63.5237,False,9,TOBARRA CB,False
PROBASKETLAB FUENLABRADA,13,6.911100000000005,6.93215,False,9,TOBARRA CB,False
PROBASKETLAB FUENLABRADA,10,10.2962,53.0624,False,9,TOBARRA CB,False
PROBASKETLAB FUENLABRADA,11,9.87306,53.4406,False,9,TOBARRA CB,False
PROBASKETLAB FUENLABRADA,14,12.270799999999994,54.827,False,9,TOBARRA CB,False
PROBASKETLAB FUENLABRADA,7,30.606499999999997,79.4046,False,9,TOBARRA CB,False
PROBASKETLAB FUENLABRADA,7,10.6488,48.0209,True,9,TOBARRA CB,False
PROBASKETLAB FUENLABRADA,13,21.9323,93.0168,True,9,TOBARRA CB,False
PROBASKETLAB FUENLABRADA,10,10.084599999999995,54.827,False,9,TOBARRA CB,False
PROBASKETLAB FUENLABRADA,14,23.0606,91.1263,True,9,TOBARRA CB,False
PROBASKETLAB FUENLABRADA,10,8.815200000000004,47.2647,False,9,TOBARRA CB,False
PROBASKETLAB FUENLABRADA,10,10.3667,58.3561,False,9,TOBARRA CB,False
PROBASKETLAB FUENLABRADA,10,22.426,91.3783,True,9,TOBARRA CB,False
PROBASKETLAB FUENLABRADA,10,8.251099999999994,57.4738,True,9,TOBARRA CB,False
PROBASKETLAB FUENLABRADA,14,9.16784,51.55,False,9,TOBARRA CB,False
PROBASKETLAB FUENLABRADA,5,13.8928,7.56234,False,9,TOBARRA CB,False
PROBASKETLAB FUENLABRADA,13,26.5162,89.2357,False,9,TOBARRA CB,False
PROBASKETLAB FUENLABRADA,10,28.4203,86.0847,True,9,TOBARRA CB,False
PROBASKETLAB FUENLABRADA,6,16.2906,77.0099,True,9,TOBARRA CB,False
PROBASKETLAB FUENLABRADA,13,5.218599999999995,58.8602,False,9,TOBARRA CB,False
PROBASKETLAB FUENLABRADA,7,8.180499999999995,55.3312,False,9,TOBARRA CB,False
PROBASKETLAB FUENLABRADA,5,25.3173,92.6387,False,9,TOBARRA CB,False
PROBASKETLAB FUENLABRADA,7,23.695300000000003,90.244,False,9,TOBARRA CB,False
PROBASKETLAB FUENLABRADA,11,9.097300000000004,50.0375,True,9,TOBARRA CB,False
PROBASKETLAB FUENLABRADA,14,7.898399999999995,52.0541,True,9,TOBARRA CB,False
PROBASKETLAB FUENLABRADA,5,27.433000000000007,88.2274,False,9,TOBARRA CB,False
PROBASKETLAB FUENLABRADA,10,10.0141,44.9959,True,9,TOBARRA CB,False
PROBASKETLAB FUENLABRADA,14,10.2962,50.5417,True,9,TOBARRA CB,False
PROBASKETLAB FUENLABRADA,14,9.379400000000004,54.4489,True,9,TOBARRA CB,False
PROBASKETLAB FUENLABRADA,13,12.129800000000003,96.5459,False,9,TOBARRA CB,False
PROBASKETLAB FUENLABRADA,5,12.9055,55.5832,True,9,TOBARRA CB,False
PROBASKETLAB FUENLABRADA,11,44.7814,23.3172,False,9,TOBARRA CB,False
CESUR DISTRITO OLIMPICO,12,8.251099999999994,36.2993,False,9,SUMIALKI CB CIUDAD DE MOSTOLES,True
CESUR DISTRITO OLIMPICO,16,36.3893,19.41,True,9,SUMIALKI CB CIUDAD DE MOSTOLES,True
CESUR DISTRITO OLIMPICO,16,15.796899999999994,59.7425,True,9,SUMIALKI CB CIUDAD DE MOSTOLES,True
CESUR DISTRITO OLIMPICO,10,10.7898,74.237,True,9,SUMIALKI CB CIUDAD DE MOSTOLES,True
CESUR DISTRITO OLIMPICO,15,10.1551,67.809,True,9,SUMIALKI CB CIUDAD DE MOSTOLES,True
CESUR DISTRITO OLIMPICO,2,14.0338,57.8519,False,9,SUMIALKI CB CIUDAD DE MOSTOLES,True
CESUR DISTRITO OLIMPICO,2,32.5106,27.9807,False,9,SUMIALKI CB CIUDAD DE MOSTOLES,True
CESUR DISTRITO OLIMPICO,14,15.3032,34.2826,True,9,SUMIALKI CB CIUDAD DE MOSTOLES,True
CESUR DISTRITO OLIMPICO,2,22.9901,46.2563,False,9,SUMIALKI CB CIUDAD DE MOSTOLES,True
CESUR DISTRITO OLIMPICO,18,9.73202,72.7245,False,9,SUMIALKI CB CIUDAD DE MOSTOLES,True
CESUR DISTRITO OLIMPICO,16,33.07470000000001,20.9225,True,9,SUMIALKI CB CIUDAD DE MOSTOLES,True
CESUR DISTRITO OLIMPICO,7,13.258099999999999,40.5846,False,9,SUMIALKI CB CIUDAD DE MOSTOLES,True
CESUR DISTRITO OLIMPICO,15,13.681200000000004,49.7854,True,9,SUMIALKI CB CIUDAD DE MOSTOLES,True
CESUR DISTRITO OLIMPICO,33,35.4725,67.809,False,9,SUMIALKI CB CIUDAD DE MOSTOLES,True
CESUR DISTRITO OLIMPICO,41,21.5092,92.0085,False,9,SUMIALKI CB CIUDAD DE MOSTOLES,True
CESUR DISTRITO OLIMPICO,16,15.0212,36.8034,True,9,SUMIALKI CB CIUDAD DE MOSTOLES,True
CESUR DISTRITO OLIMPICO,14,7.61636,57.0957,True,9,SUMIALKI CB CIUDAD DE MOSTOLES,True
CESUR DISTRITO OLIMPICO,10,29.6897,87.219,False,9,SUMIALKI CB CIUDAD DE MOSTOLES,True
CESUR DISTRITO OLIMPICO,25,24.188999999999993,63.7758,False,9,SUMIALKI CB CIUDAD DE MOSTOLES,True
CESUR DISTRITO OLIMPICO,33,33.9915,81.0431,False,9,SUMIALKI CB CIUDAD DE MOSTOLES,True
CESUR DISTRITO OLIMPICO,41,10.437200000000004,66.8007,True,9,SUMIALKI CB CIUDAD DE MOSTOLES,True
CESUR DISTRITO OLIMPICO,10,10.0141,61.255,False,9,SUMIALKI CB CIUDAD DE MOSTOLES,True
CESUR DISTRITO OLIMPICO,12,12.6939,59.6165,True,9,SUMIALKI CB CIUDAD DE MOSTOLES,True
CESUR DISTRITO OLIMPICO,33,14.0338,57.8519,False,9,SUMIALKI CB CIUDAD DE MOSTOLES,True
CESUR DISTRITO OLIMPICO,33,15.232699999999994,62.5154,False,9,SUMIALKI CB CIUDAD DE MOSTOLES,True
CESUR DISTRITO OLIMPICO,10,10.437200000000004,53.3145,True,9,SUMIALKI CB CIUDAD DE MOSTOLES,True
CESUR DISTRITO OLIMPICO,2,12.059200000000004,94.0252,False,9,SUMIALKI CB CIUDAD DE MOSTOLES,True
CESUR DISTRITO OLIMPICO,10,19.675600000000003,7.94046,False,9,SUMIALKI CB CIUDAD DE MOSTOLES,True
CESUR DISTRITO OLIMPICO,41,36.0367,66.2966,False,9,SUMIALKI CB CIUDAD DE MOSTOLES,True
CESUR DISTRITO OLIMPICO,14,13.3992,52.5583,True,9,SUMIALKI CB CIUDAD DE MOSTOLES,True
CESUR DISTRITO OLIMPICO,33,33.63890000000001,82.3035,False,9,SUMIALKI CB CIUDAD DE MOSTOLES,True
CESUR DISTRITO OLIMPICO,12,39.9154,76.3797,False,9,SUMIALKI CB CIUDAD DE MOSTOLES,True
CESUR DISTRITO OLIMPICO,41,10.0846,61.255,True,9,SUMIALKI CB CIUDAD DE MOSTOLES,True
CESUR DISTRITO OLIMPICO,14,10.1551,65.4143,True,9,SUMIALKI CB CIUDAD DE MOSTOLES,True
CESUR DISTRITO OLIMPICO,7,11.424499999999995,51.676,False,9,SUMIALKI CB CIUDAD DE MOSTOLES,True
CESUR DISTRITO OLIMPICO,16,11.212999999999994,42.4752,False,9,SUMIALKI CB CIUDAD DE MOSTOLES,True
CESUR DISTRITO OLIMPICO,33,13.046499999999995,37.1815,True,9,SUMIALKI CB CIUDAD DE MOSTOLES,True
CESUR DISTRITO OLIMPICO,41,36.6008,45.7522,False,9,SUMIALKI CB CIUDAD DE MOSTOLES,True
CESUR DISTRITO OLIMPICO,10,32.6516,17.1413,False,9,SUMIALKI CB CIUDAD DE MOSTOLES,True
CESUR DISTRITO OLIMPICO,16,12.129800000000003,66.1705,True,9,SUMIALKI CB CIUDAD DE MOSTOLES,True
CESUR DISTRITO OLIMPICO,2,21.7207,93.2689,False,9,SUMIALKI CB CIUDAD DE MOSTOLES,True
CESUR DISTRITO OLIMPICO,14,10.225700000000003,51.676,True,9,SUMIALKI CB CIUDAD DE MOSTOLES,True
CESUR DISTRITO OLIMPICO,2,37.9408,66.8007,True,9,SUMIALKI CB CIUDAD DE MOSTOLES,True
CESUR DISTRITO OLIMPICO,25,13.328599999999994,63.7758,True,9,SUMIALKI CB CIUDAD DE MOSTOLES,True
CESUR DISTRITO OLIMPICO,14,31.4528,18.4017,False,9,SUMIALKI CB CIUDAD DE MOSTOLES,True
CESUR DISTRITO OLIMPICO,25,13.117099999999994,60.4988,False,9,SUMIALKI CB CIUDAD DE MOSTOLES,True
CESUR DISTRITO OLIMPICO,41,35.754599999999996,71.9683,True,9,SUMIALKI CB CIUDAD DE MOSTOLES,True
CESUR DISTRITO OLIMPICO,16,16.22,58.2301,False,9,SUMIALKI CB CIUDAD DE MOSTOLES,True
CESUR DISTRITO OLIMPICO,12,35.6841,66.1705,False,9,SUMIALKI CB CIUDAD DE MOSTOLES,True
CESUR DISTRITO OLIMPICO,14,15.7264,57.3478,False,9,SUMIALKI CB CIUDAD DE MOSTOLES,True
CESUR DISTRITO OLIMPICO,10,8.25106,62.1373,False,9,SUMIALKI CB CIUDAD DE MOSTOLES,True
CESUR DISTRITO OLIMPICO,41,34.5557,32.392,True,9,SUMIALKI CB CIUDAD DE MOSTOLES,True
CESUR DISTRITO OLIMPICO,33,19.1114,52.4323,True,9,SUMIALKI CB CIUDAD DE MOSTOLES,True
CESUR DISTRITO OLIMPICO,16,16.0085,39.4502,False,9,SUMIALKI CB CIUDAD DE MOSTOLES,True
CESUR DISTRITO OLIMPICO,12,19.2525,51.0458,False,9,SUMIALKI CB CIUDAD DE MOSTOLES,True
CESUR DISTRITO OLIMPICO,33,16.22,62.3893,True,9,SUMIALKI CB CIUDAD DE MOSTOLES,True
CESUR DISTRITO OLIMPICO,2,9.87306,61.381,True,9,SUMIALKI CB CIUDAD DE MOSTOLES,True
CESUR DISTRITO OLIMPICO,15,10.5078,39.9544,False,9,SUMIALKI CB CIUDAD DE MOSTOLES,True
CESUR DISTRITO OLIMPICO,2,11.6361,39.8283,True,9,SUMIALKI CB CIUDAD DE MOSTOLES,True
CESUR DISTRITO OLIMPICO,2,30.1834,84.6983,True,9,SUMIALKI CB CIUDAD DE MOSTOLES,True
CESUR DISTRITO OLIMPICO,41,7.82793,55.9613,False,9,SUMIALKI CB CIUDAD DE MOSTOLES,True
CESUR DISTRITO OLIMPICO,14,12.2003,30.8796,True,9,SUMIALKI CB CIUDAD DE MOSTOLES,True
CESUR DISTRITO OLIMPICO,16,15.5148,39.8283,False,9,SUMIALKI CB CIUDAD DE MOSTOLES,True
CESUR DISTRITO OLIMPICO,33,10.507800000000003,68.0611,True,9,SUMIALKI CB CIUDAD DE MOSTOLES,True
CESUR DISTRITO OLIMPICO,15,9.520499999999998,55.4572,True,9,SUMIALKI CB CIUDAD DE MOSTOLES,True
CESUR DISTRITO OLIMPICO,10,10.1551,65.4143,False,9,SUMIALKI CB CIUDAD DE MOSTOLES,True
CESUR DISTRITO OLIMPICO,25,10.1551,63.2716,False,9,SUMIALKI CB CIUDAD DE MOSTOLES,True
CESUR DISTRITO OLIMPICO,7,32.6516,16.007,False,9,SUMIALKI CB CIUDAD DE MOSTOLES,True
CESUR DISTRITO OLIMPICO,14,9.80254,68.1871,True,9,SUMIALKI CB CIUDAD DE MOSTOLES,True
CESUR DISTRITO OLIMPICO,7,10.366699999999994,58.3561,True,9,SUMIALKI CB CIUDAD DE MOSTOLES,True
CESUR DISTRITO OLIMPICO,10,12.3413,61.6331,True,9,SUMIALKI CB CIUDAD DE MOSTOLES,True
CESUR DISTRITO OLIMPICO,10,35.3315,44.1137,False,9,SUMIALKI CB CIUDAD DE MOSTOLES,True
CESUR DISTRITO OLIMPICO,16,29.9718,13.2341,False,9,SUMIALKI CB CIUDAD DE MOSTOLES,True
CESUR DISTRITO OLIMPICO,14,6.98166,52.0541,False,9,SUMIALKI CB CIUDAD DE MOSTOLES,True
CESUR DISTRITO OLIMPICO,33,38.2228,54.5749,False,9,SUMIALKI CB CIUDAD DE MOSTOLES,True
CESUR DISTRITO OLIMPICO,2,11.777100000000004,39.7023,True,9,SUMIALKI CB CIUDAD DE MOSTOLES,True
SUMIALKI CB CIUDAD DE MOSTOLES,4,14.174899999999994,41.971,False,9,CESUR DISTRITO OLIMPICO,False
SUMIALKI CB CIUDAD DE MOSTOLES,25,36.2482,64.7841,False,9,CESUR DISTRITO OLIMPICO,False
SUMIALKI CB CIUDAD DE MOSTOLES,15,27.573999999999998,10.5873,True,9,CESUR DISTRITO OLIMPICO,False
SUMIALKI CB CIUDAD DE MOSTOLES,29,8.03949,93.8991,True,9,CESUR DISTRITO OLIMPICO,False
SUMIALKI CB CIUDAD DE MOSTOLES,88,13.6107,44.6178,True,9,CESUR DISTRITO OLIMPICO,False
SUMIALKI CB CIUDAD DE MOSTOLES,13,12.270799999999994,63.1456,False,9,CESUR DISTRITO OLIMPICO,False
SUMIALKI CB CIUDAD DE MOSTOLES,15,10.6488,62.7675,False,9,CESUR DISTRITO OLIMPICO,False
SUMIALKI CB CIUDAD DE MOSTOLES,9,11.9887,34.1566,True,9,CESUR DISTRITO OLIMPICO,False
SUMIALKI CB CIUDAD DE MOSTOLES,29,37.165,70.3298,False,9,CESUR DISTRITO OLIMPICO,False
SUMIALKI CB CIUDAD DE MOSTOLES,13,35.7546,20.4183,False,9,CESUR DISTRITO OLIMPICO,False
SUMIALKI CB CIUDAD DE MOSTOLES,25,31.8759,17.8975,False,9,CESUR DISTRITO OLIMPICO,False
SUMIALKI CB CIUDAD DE MOSTOLES,25,14.174899999999994,44.4918,False,9,CESUR DISTRITO OLIMPICO,False
SUMIALKI CB CIUDAD DE MOSTOLES,13,13.7518,41.3408,False,9,CESUR DISTRITO OLIMPICO,False
SUMIALKI CB CIUDAD DE MOSTOLES,4,12.835,39.8283,True,9,CESUR DISTRITO OLIMPICO,False
SUMIALKI CB CIUDAD DE MOSTOLES,20,14.3159,63.7758,False,9,CESUR DISTRITO OLIMPICO,False
SUMIALKI CB CIUDAD DE MOSTOLES,9,35.4725,62.3893,True,9,CESUR DISTRITO OLIMPICO,False
SUMIALKI CB CIUDAD DE MOSTOLES,88,31.805400000000006,74.8672,False,9,CESUR DISTRITO OLIMPICO,False
SUMIALKI CB CIUDAD DE MOSTOLES,88,12.3413,93.0168,False,9,CESUR DISTRITO OLIMPICO,False
SUMIALKI CB CIUDAD DE MOSTOLES,9,9.590999999999994,84.9503,False,9,CESUR DISTRITO OLIMPICO,False
SUMIALKI CB CIUDAD DE MOSTOLES,9,30.888599999999997,80.4129,True,9,CESUR DISTRITO OLIMPICO,False
SUMIALKI CB CIUDAD DE MOSTOLES,4,7.54584,32.392,False,9,CESUR DISTRITO OLIMPICO,False
SUMIALKI CB CIUDAD DE MOSTOLES,20,12.270799999999994,64.7841,False,9,CESUR DISTRITO OLIMPICO,False
SUMIALKI CB CIUDAD DE MOSTOLES,9,14.9506,27.4765,True,9,CESUR DISTRITO OLIMPICO,False
SUMIALKI CB CIUDAD DE MOSTOLES,88,12.9055,64.532,False,9,CESUR DISTRITO OLIMPICO,False
SUMIALKI CB CIUDAD DE MOSTOLES,15,16.5021,54.0708,False,9,CESUR DISTRITO OLIMPICO,False
SUMIALKI CB CIUDAD DE MOSTOLES,88,31.8759,17.8975,False,9,CESUR DISTRITO OLIMPICO,False
SUMIALKI CB CIUDAD DE MOSTOLES,29,33.5684,20.9225,True,9,CESUR DISTRITO OLIMPICO,False
SUMIALKI CB CIUDAD DE MOSTOLES,13,7.616399999999999,93.395,False,9,CESUR DISTRITO OLIMPICO,False
SUMIALKI CB CIUDAD DE MOSTOLES,12,38.9281,79.4046,False,9,CESUR DISTRITO OLIMPICO,False
SUMIALKI CB CIUDAD DE MOSTOLES,4,10.578299999999999,45.6261,False,9,CESUR DISTRITO OLIMPICO,False
SUMIALKI CB CIUDAD DE MOSTOLES,9,31.9464,22.3089,False,9,CESUR DISTRITO OLIMPICO,False
SUMIALKI CB CIUDAD DE MOSTOLES,29,10.0846,59.2384,True,9,CESUR DISTRITO OLIMPICO,False
SUMIALKI CB CIUDAD DE MOSTOLES,6,33.2863,22.3089,False,9,CESUR DISTRITO OLIMPICO,False
SUMIALKI CB CIUDAD DE MOSTOLES,88,9.4499,94.4033,True,9,CESUR DISTRITO OLIMPICO,False
SUMIALKI CB CIUDAD DE MOSTOLES,9,9.59097,64.658,True,9,CESUR DISTRITO OLIMPICO,False
SUMIALKI CB CIUDAD DE MOSTOLES,13,10.930899999999994,69.9517,False,9,CESUR DISTRITO OLIMPICO,False
SUMIALKI CB CIUDAD DE MOSTOLES,29,30.8181,86.5888,False,9,CESUR DISTRITO OLIMPICO,False
SUMIALKI CB CIUDAD DE MOSTOLES,15,36.2482,63.1456,False,9,CESUR DISTRITO OLIMPICO,False
SUMIALKI CB CIUDAD DE MOSTOLES,39,35.2609,21.0485,False,9,CESUR DISTRITO OLIMPICO,False
SUMIALKI CB CIUDAD DE MOSTOLES,12,11.4951,56.5915,False,9,CESUR DISTRITO OLIMPICO,False
SUMIALKI CB CIUDAD DE MOSTOLES,9,27.9267,9.83105,False,9,CESUR DISTRITO OLIMPICO,False
SUMIALKI CB CIUDAD DE MOSTOLES,88,18.8999,44.4918,False,9,CESUR DISTRITO OLIMPICO,False
SUMIALKI CB CIUDAD DE MOSTOLES,9,14.598,70.5819,False,9,CESUR DISTRITO OLIMPICO,False
SUMIALKI CB CIUDAD DE MOSTOLES,29,13.258099999999999,66.4226,False,9,CESUR DISTRITO OLIMPICO,False
SUMIALKI CB CIUDAD DE MOSTOLES,29,34.0621,31.6358,True,9,CESUR DISTRITO OLIMPICO,False
SUMIALKI CB CIUDAD DE MOSTOLES,9,7.54584,32.392,True,9,CESUR DISTRITO OLIMPICO,False
SUMIALKI CB CIUDAD DE MOSTOLES,12,18.758799999999994,66.2966,False,9,CESUR DISTRITO OLIMPICO,False
SUMIALKI CB CIUDAD DE MOSTOLES,9,33.8505,68.9434,False,9,CESUR DISTRITO OLIMPICO,False
SUMIALKI CB CIUDAD DE MOSTOLES,88,10.4372,63.5237,True,9,CESUR DISTRITO OLIMPICO,False
SUMIALKI CB CIUDAD DE MOSTOLES,12,33.145300000000006,81.6733,False,9,CESUR DISTRITO OLIMPICO,False
SUMIALKI CB CIUDAD DE MOSTOLES,25,41.3258,53.1885,False,9,CESUR DISTRITO OLIMPICO,False
SUMIALKI CB CIUDAD DE MOSTOLES,39,13.4697,40.3325,True,9,CESUR DISTRITO OLIMPICO,False
SUMIALKI CB CIUDAD DE MOSTOLES,4,31.311700000000002,80.2869,False,9,CESUR DISTRITO OLIMPICO,False
SUMIALKI CB CIUDAD DE MOSTOLES,88,29.9718,13.2341,False,9,CESUR DISTRITO OLIMPICO,False
SUMIALKI CB CIUDAD DE MOSTOLES,88,19.6756,2.64682,False,9,CESUR DISTRITO OLIMPICO,False
SUMIALKI CB CIUDAD DE MOSTOLES,20,18.2652,42.4752,True,9,CESUR DISTRITO OLIMPICO,False
SUMIALKI CB CIUDAD DE MOSTOLES,9,9.1678,42.4752,False,9,CESUR DISTRITO OLIMPICO,False
SUMIALKI CB CIUDAD DE MOSTOLES,88,16.643199999999993,69.4475,False,9,CESUR DISTRITO OLIMPICO,False
SUMIALKI CB CIUDAD DE MOSTOLES,20,14.880099999999999,77.7661,False,9,CESUR DISTRITO OLIMPICO,False
SUMIALKI CB CIUDAD DE MOSTOLES,4,9.238399999999999,49.0292,True,9,CESUR DISTRITO OLIMPICO,False
SUMIALKI CB CIUDAD DE MOSTOLES,9,33.78,29.8713,True,9,CESUR DISTRITO OLIMPICO,False
SUMIALKI CB CIUDAD DE MOSTOLES,4,10.366699999999994,41.7189,True,9,CESUR DISTRITO OLIMPICO,False
SUMIALKI CB CIUDAD DE MOSTOLES,9,11.847700000000003,58.9863,False,9,CESUR DISTRITO OLIMPICO,False
SUMIALKI CB CIUDAD DE MOSTOLES,20,12.5529,37.0555,True,9,CESUR DISTRITO OLIMPICO,False
SUMIALKI CB CIUDAD DE MOSTOLES,4,35.543000000000006,20.4183,False,9,CESUR DISTRITO OLIMPICO,False
SUMIALKI CB CIUDAD DE MOSTOLES,39,35.8956,60.3727,False,9,CESUR DISTRITO OLIMPICO,False
NÁUTICO TENERIFE,3,21.5092,90.37,False,9,C.D. BASKET GLOBALCAJA QUINTANAR,True
NÁUTICO TENERIFE,23,6.276399999999995,39.1982,True,9,C.D. BASKET GLOBALCAJA QUINTANAR,True
NÁUTICO TENERIFE,5,7.12271,47.6428,True,9,C.D. BASKET GLOBALCAJA QUINTANAR,True
NÁUTICO TENERIFE,51,10.155100000000004,27.9807,False,9,C.D. BASKET GLOBALCAJA QUINTANAR,True
NÁUTICO TENERIFE,51,4.79549,47.8948,True,9,C.D. BASKET GLOBALCAJA QUINTANAR,True
NÁUTICO TENERIFE,51,7.2637,39.3242,True,9,C.D. BASKET GLOBALCAJA QUINTANAR,True
NÁUTICO TENERIFE,51,4.23131,43.1054,False,9,C.D. BASKET GLOBALCAJA QUINTANAR,True
NÁUTICO TENERIFE,5,18.547200000000004,68.5653,False,9,C.D. BASKET GLOBALCAJA QUINTANAR,True
NÁUTICO TENERIFE,7,26.657300000000006,80.665,False,9,C.D. BASKET GLOBALCAJA QUINTANAR,True
NÁUTICO TENERIFE,23,28.5614,88.6055,False,9,C.D. BASKET GLOBALCAJA QUINTANAR,True
NÁUTICO TENERIFE,1,13.2581,54.827,False,9,C.D. BASKET GLOBALCAJA QUINTANAR,True
NÁUTICO TENERIFE,15,5.1480999999999995,50.0375,True,9,C.D. BASKET GLOBALCAJA QUINTANAR,True
NÁUTICO TENERIFE,5,11.213,37.3076,False,9,C.D. BASKET GLOBALCAJA QUINTANAR,True
NÁUTICO TENERIFE,1,15.162199999999999,36.9294,True,9,C.D. BASKET GLOBALCAJA QUINTANAR,True
NÁUTICO TENERIFE,15,23.6953,25.838,False,9,C.D. BASKET GLOBALCAJA QUINTANAR,True
NÁUTICO TENERIFE,23,17.983099999999993,92.7648,False,9,C.D. BASKET GLOBALCAJA QUINTANAR,True
NÁUTICO TENERIFE,23,39.2807,16.7632,False,9,C.D. BASKET GLOBALCAJA QUINTANAR,True
NÁUTICO TENERIFE,5,11.0014,64.406,False,9,C.D. BASKET GLOBALCAJA QUINTANAR,True
NÁUTICO TENERIFE,39,8.744699999999995,39.8283,True,9,C.D. BASKET GLOBALCAJA QUINTANAR,True
NÁUTICO TENERIFE,5,4.866,51.8021,True,9,C.D. BASKET GLOBALCAJA QUINTANAR,True
NÁUTICO TENERIFE,5,5.077600000000004,42.4752,False,9,C.D. BASKET GLOBALCAJA QUINTANAR,True
NÁUTICO TENERIFE,1,30.0423,23.4433,True,9,C.D. BASKET GLOBALCAJA QUINTANAR,True
NÁUTICO TENERIFE,5,4.724999999999994,49.7854,True,9,C.D. BASKET GLOBALCAJA QUINTANAR,True
NÁUTICO TENERIFE,39,9.94358,37.0555,False,9,C.D. BASKET GLOBALCAJA QUINTANAR,True
NÁUTICO TENERIFE,3,8.88575,35.9211,False,9,C.D. BASKET GLOBALCAJA QUINTANAR,True
NÁUTICO TENERIFE,3,18.3357,25.0818,False,9,C.D. BASKET GLOBALCAJA QUINTANAR,True
NÁUTICO TENERIFE,13,22.6375,92.7648,False,9,C.D. BASKET GLOBALCAJA QUINTANAR,True
NÁUTICO TENERIFE,5,26.7983,47.3907,True,9,C.D. BASKET GLOBALCAJA QUINTANAR,True
NÁUTICO TENERIFE,5,24.541600000000003,81.6733,False,9,C.D. BASKET GLOBALCAJA QUINTANAR,True
NÁUTICO TENERIFE,7,27.6446,20.1663,False,9,C.D. BASKET GLOBALCAJA QUINTANAR,True
NÁUTICO TENERIFE,5,24.823700000000002,50.6677,False,9,C.D. BASKET GLOBALCAJA QUINTANAR,True
NÁUTICO TENERIFE,23,3.878699999999995,60.6248,False,9,C.D. BASKET GLOBALCAJA QUINTANAR,True
NÁUTICO TENERIFE,1,31.241200000000006,66.9267,True,9,C.D. BASKET GLOBALCAJA QUINTANAR,True
NÁUTICO TENERIFE,5,5.571200000000005,36.1732,False,9,C.D. BASKET GLOBALCAJA QUINTANAR,True
NÁUTICO TENERIFE,39,3.59662,49.7854,True,9,C.D. BASKET GLOBALCAJA QUINTANAR,True
NÁUTICO TENERIFE,51,13.822299999999998,46.8865,True,9,C.D. BASKET GLOBALCAJA QUINTANAR,True
NÁUTICO TENERIFE,23,28.7024,14.2424,True,9,C.D. BASKET GLOBALCAJA QUINTANAR,True
NÁUTICO TENERIFE,39,4.30183,49.0292,True,9,C.D. BASKET GLOBALCAJA QUINTANAR,True
NÁUTICO TENERIFE,5,15.232699999999994,50.1636,False,9,C.D. BASKET GLOBALCAJA QUINTANAR,True
NÁUTICO TENERIFE,5,19.8872,23.4433,False,9,C.D. BASKET GLOBALCAJA QUINTANAR,True
NÁUTICO TENERIFE,18,29.5487,17.5194,False,9,C.D. BASKET GLOBALCAJA QUINTANAR,True
NÁUTICO TENERIFE,5,20.098699999999994,32.7702,False,9,C.D. BASKET GLOBALCAJA QUINTANAR,True
NÁUTICO TENERIFE,55,4.79549,50.1636,False,9,C.D. BASKET GLOBALCAJA QUINTANAR,True
NÁUTICO TENERIFE,1,22.2144,59.3644,False,9,C.D. BASKET GLOBALCAJA QUINTANAR,True
NÁUTICO TENERIFE,39,26.0226,10.9654,False,9,C.D. BASKET GLOBALCAJA QUINTANAR,True
NÁUTICO TENERIFE,13,5.359700000000004,51.0458,True,9,C.D. BASKET GLOBALCAJA QUINTANAR,True
NÁUTICO TENERIFE,18,13.6812,31.0056,False,9,C.D. BASKET GLOBALCAJA QUINTANAR,True
NÁUTICO TENERIFE,13,5.571200000000005,52.0541,True,9,C.D. BASKET GLOBALCAJA QUINTANAR,True
NÁUTICO TENERIFE,1,29.9718,78.0182,False,9,C.D. BASKET GLOBALCAJA QUINTANAR,True
NÁUTICO TENERIFE,1,9.520499999999998,42.6012,False,9,C.D. BASKET GLOBALCAJA QUINTANAR,True
NÁUTICO TENERIFE,15,31.4528,82.1775,False,9,C.D. BASKET GLOBALCAJA QUINTANAR,True
NÁUTICO TENERIFE,5,4.4428999999999945,48.6511,True,9,C.D. BASKET GLOBALCAJA QUINTANAR,True
NÁUTICO TENERIFE,5,12.975999999999999,31.7618,False,9,C.D. BASKET GLOBALCAJA QUINTANAR,True
NÁUTICO TENERIFE,39,13.822299999999998,50.9198,False,9,C.D. BASKET GLOBALCAJA QUINTANAR,True
NÁUTICO TENERIFE,15,7.75741,66.4226,False,9,C.D. BASKET GLOBALCAJA QUINTANAR,True
NÁUTICO TENERIFE,39,7.334299999999999,27.7286,False,9,C.D. BASKET GLOBALCAJA QUINTANAR,True
NÁUTICO TENERIFE,5,3.03244,37.0555,True,9,C.D. BASKET GLOBALCAJA QUINTANAR,True
NÁUTICO TENERIFE,23,9.09732,93.7731,True,9,C.D. BASKET GLOBALCAJA QUINTANAR,True
NÁUTICO TENERIFE,5,19.1819,74.4891,False,9,C.D. BASKET GLOBALCAJA QUINTANAR,True
C.D. BASKET GLOBALCAJA QUINTANAR,21,6.41749,95.2855,False,9,NÁUTICO TENERIFE,False
C.D. BASKET GLOBALCAJA QUINTANAR,50,14.739099999999993,39.5763,False,9,NÁUTICO TENERIFE,False
C.D. BASKET GLOBALCAJA QUINTANAR,1,26.304699999999997,81.5473,True,9,NÁUTICO TENERIFE,False
C.D. BASKET GLOBALCAJA QUINTANAR,12,6.840599999999995,40.4585,False,9,NÁUTICO TENERIFE,False
C.D. BASKET GLOBALCAJA QUINTANAR,3,6.135400000000004,50.6677,True,9,NÁUTICO TENERIFE,False
C.D. BASKET GLOBALCAJA QUINTANAR,2,7.757400000000004,34.1566,False,9,NÁUTICO TENERIFE,False
C.D. BASKET GLOBALCAJA QUINTANAR,14,29.9013,20.5444,True,9,NÁUTICO TENERIFE,False
C.D. BASKET GLOBALCAJA QUINTANAR,21,26.1636,86.4628,False,9,NÁUTICO TENERIFE,False
C.D. BASKET GLOBALCAJA QUINTANAR,1,4.866,40.8367,False,9,NÁUTICO TENERIFE,False
C.D. BASKET GLOBALCAJA QUINTANAR,14,25.4584,90.4961,False,9,NÁUTICO TENERIFE,False
C.D. BASKET GLOBALCAJA QUINTANAR,14,11.4245,31.8879,False,9,NÁUTICO TENERIFE,False
C.D. BASKET GLOBALCAJA QUINTANAR,8,30.7475,23.8214,True,9,NÁUTICO TENERIFE,False
C.D. BASKET GLOBALCAJA QUINTANAR,1,29.055,80.0348,False,9,NÁUTICO TENERIFE,False
C.D. BASKET GLOBALCAJA QUINTANAR,8,31.241200000000006,56.7176,False,9,NÁUTICO TENERIFE,False
C.D. BASKET GLOBALCAJA QUINTANAR,8,6.346999999999994,49.6594,False,9,NÁUTICO TENERIFE,False
C.D. BASKET GLOBALCAJA QUINTANAR,14,5.1480999999999995,46.0043,True,9,NÁUTICO TENERIFE,False
C.D. BASKET GLOBALCAJA QUINTANAR,50,6.1354,65.0362,False,9,NÁUTICO TENERIFE,False
C.D. BASKET GLOBALCAJA QUINTANAR,14,9.873099999999994,56.9697,False,9,NÁUTICO TENERIFE,False
C.D. BASKET GLOBALCAJA QUINTANAR,50,19.1819,4.15929,False,9,NÁUTICO TENERIFE,False
C.D. BASKET GLOBALCAJA QUINTANAR,12,6.840599999999995,40.4585,True,9,NÁUTICO TENERIFE,False
C.D. BASKET GLOBALCAJA QUINTANAR,3,4.72496,48.7771,True,9,NÁUTICO TENERIFE,False
C.D. BASKET GLOBALCAJA QUINTANAR,8,29.760199999999998,79.9088,False,9,NÁUTICO TENERIFE,False
C.D. BASKET GLOBALCAJA QUINTANAR,14,28.3498,34.2826,False,9,NÁUTICO TENERIFE,False
C.D. BASKET GLOBALCAJA QUINTANAR,2,6.629099999999994,49.2813,True,9,NÁUTICO TENERIFE,False
C.D. BASKET GLOBALCAJA QUINTANAR,1,35.3315,48.0209,False,9,NÁUTICO TENERIFE,False
C.D. BASKET GLOBALCAJA QUINTANAR,14,4.936499999999995,95.5376,False,9,NÁUTICO TENERIFE,False
C.D. BASKET GLOBALCAJA QUINTANAR,8,5.28914,50.0375,True,9,NÁUTICO TENERIFE,False
C.D. BASKET GLOBALCAJA QUINTANAR,14,30.606499999999997,74.6151,False,9,NÁUTICO TENERIFE,False
C.D. BASKET GLOBALCAJA QUINTANAR,8,15.021199999999993,92.0085,False,9,NÁUTICO TENERIFE,False
C.D. BASKET GLOBALCAJA QUINTANAR,8,32.4401,25.2078,False,9,NÁUTICO TENERIFE,False
C.D. BASKET GLOBALCAJA QUINTANAR,3,4.513400000000004,51.4239,True,9,NÁUTICO TENERIFE,False
C.D. BASKET GLOBALCAJA QUINTANAR,14,30.0423,82.6816,False,9,NÁUTICO TENERIFE,False
C.D. BASKET GLOBALCAJA QUINTANAR,14,24.2595,86.967,False,9,NÁUTICO TENERIFE,False
C.D. BASKET GLOBALCAJA QUINTANAR,12,22.355400000000003,52.5583,True,9,NÁUTICO TENERIFE,False
C.D. BASKET GLOBALCAJA QUINTANAR,21,31.6643,76.2536,False,9,NÁUTICO TENERIFE,False
C.D. BASKET GLOBALCAJA QUINTANAR,12,7.052199999999999,43.7356,False,9,NÁUTICO TENERIFE,False
C.D. BASKET GLOBALCAJA QUINTANAR,2,19.3935,70.5819,False,9,NÁUTICO TENERIFE,False
C.D. BASKET GLOBALCAJA QUINTANAR,8,26.586699999999993,23.5693,False,9,NÁUTICO TENERIFE,False
C.D. BASKET GLOBALCAJA QUINTANAR,8,34.2736,58.2301,False,9,NÁUTICO TENERIFE,False
C.D. BASKET GLOBALCAJA QUINTANAR,8,5.007099999999994,50.6677,True,9,NÁUTICO TENERIFE,False
C.D. BASKET GLOBALCAJA QUINTANAR,2,4.3018,49.0292,True,9,NÁUTICO TENERIFE,False
C.D. BASKET GLOBALCAJA QUINTANAR,1,28.490799999999993,73.2287,False,9,NÁUTICO TENERIFE,False
C.D. BASKET GLOBALCAJA QUINTANAR,2,3.45557,48.273,True,9,NÁUTICO TENERIFE,False
C.D. BASKET GLOBALCAJA QUINTANAR,14,29.548699999999997,81.4212,True,9,NÁUTICO TENERIFE,False
C.D. BASKET GLOBALCAJA QUINTANAR,1,8.885800000000003,65.2882,False,9,NÁUTICO TENERIFE,False
C.D. BASKET GLOBALCAJA QUINTANAR,14,28.3498,34.2826,False,9,NÁUTICO TENERIFE,False
C.D. BASKET GLOBALCAJA QUINTANAR,1,3.0323999999999955,37.6857,True,9,NÁUTICO TENERIFE,False
C.D. BASKET GLOBALCAJA QUINTANAR,12,5.218599999999995,49.0292,True,9,NÁUTICO TENERIFE,False
C.D. BASKET GLOBALCAJA QUINTANAR,3,20.733400000000003,29.115,False,9,NÁUTICO TENERIFE,False
C.D. BASKET GLOBALCAJA QUINTANAR,2,5.21862,48.9032,True,9,NÁUTICO TENERIFE,False
C.D. BASKET GLOBALCAJA QUINTANAR,1,44.7814,14.2424,False,9,NÁUTICO TENERIFE,False
C.D. BASKET GLOBALCAJA QUINTANAR,3,6.981700000000004,66.6747,False,9,NÁUTICO TENERIFE,False
C.D. BASKET GLOBALCAJA QUINTANAR,2,7.89845,56.5915,False,9,NÁUTICO TENERIFE,False
C.D. BASKET GLOBALCAJA QUINTANAR,2,4.4428999999999945,50.2896,True,9,NÁUTICO TENERIFE,False
C.D. BASKET GLOBALCAJA QUINTANAR,2,9.238399999999999,36.1732,False,9,NÁUTICO TENERIFE,False
C.D. BASKET GLOBALCAJA QUINTANAR,50,30.2539,29.2411,False,9,NÁUTICO TENERIFE,False
C.D. BASKET GLOBALCAJA QUINTANAR,14,21.6502,89.6138,False,9,NÁUTICO TENERIFE,False
C.D. BASKET GLOBALCAJA QUINTANAR,1,18.7588,79.2786,True,9,NÁUTICO TENERIFE,False
C.D. BASKET GLOBALCAJA QUINTANAR,1,4.0197,43.8616,True,9,NÁUTICO TENERIFE,False
C.D. BASKET GLOBALCAJA QUINTANAR,21,14.8096,4.53741,False,9,NÁUTICO TENERIFE,False
C.D. BASKET GLOBALCAJA QUINTANAR,21,27.080399999999997,17.0153,False,9,NÁUTICO TENERIFE,False
C.D. BASKET GLOBALCAJA QUINTANAR,12,5.430199999999999,50.9198,False,9,NÁUTICO TENERIFE,False
C.D. BASKET GLOBALCAJA QUINTANAR,1,27.0804,80.2869,False,9,NÁUTICO TENERIFE,False
C.D. BASKET GLOBALCAJA QUINTANAR,2,9.09732,6.68007,False,9,NÁUTICO TENERIFE,False
C.D. BASKET GLOBALCAJA QUINTANAR,1,6.1354,78.1442,False,9,NÁUTICO TENERIFE,False
BALONCESTO ALCALA,31,14.0339,54.5749,False,9,TOSCONES CORRALEJO,True
BALONCESTO ALCALA,19,7.686899999999994,54.701,False,9,TOSCONES CORRALEJO,True
BALONCESTO ALCALA,19,30.677,27.2244,False,9,TOSCONES CORRALEJO,True
BALONCESTO ALCALA,10,8.25106,5.7978,False,9,TOSCONES CORRALEJO,True
BALONCESTO ALCALA,4,30.4654,74.6151,False,9,TOSCONES CORRALEJO,True
BALONCESTO ALCALA,8,5.077600000000004,81.1692,False,9,TOSCONES CORRALEJO,True
BALONCESTO ALCALA,5,27.2214,18.0236,True,9,TOSCONES CORRALEJO,True
BALONCESTO ALCALA,10,11.2835,45.8782,False,9,TOSCONES CORRALEJO,True
BALONCESTO ALCALA,8,6.7701,53.5666,True,9,TOSCONES CORRALEJO,True
BALONCESTO ALCALA,91,10.860399999999998,43.9876,False,9,TOSCONES CORRALEJO,True
BALONCESTO ALCALA,4,36.8829,47.7688,False,9,TOSCONES CORRALEJO,True
BALONCESTO ALCALA,19,26.163600000000002,16.007,True,9,TOSCONES CORRALEJO,True
BALONCESTO ALCALA,13,14.3159,45.122,False,9,TOSCONES CORRALEJO,True
BALONCESTO ALCALA,4,8.3921,54.5749,False,9,TOSCONES CORRALEJO,True
BALONCESTO ALCALA,19,25.67,13.7383,False,9,TOSCONES CORRALEJO,True
BALONCESTO ALCALA,8,10.9309,41.3408,False,9,TOSCONES CORRALEJO,True
BALONCESTO ALCALA,8,11.847700000000003,48.525,True,9,TOSCONES CORRALEJO,True
BALONCESTO ALCALA,19,29.125500000000002,26.5942,True,9,TOSCONES CORRALEJO,True
BALONCESTO ALCALA,31,9.802499999999995,51.0458,True,9,TOSCONES CORRALEJO,True
BALONCESTO ALCALA,19,29.6897,30.7535,True,9,TOSCONES CORRALEJO,True
BALONCESTO ALCALA,19,21.297600000000003,70.2038,True,9,TOSCONES CORRALEJO,True
BALONCESTO ALCALA,19,12.976,22.687,True,9,TOSCONES CORRALEJO,True
BALONCESTO ALCALA,19,9.87306,46.5084,False,9,TOSCONES CORRALEJO,True
BALONCESTO ALCALA,31,10.437200000000004,45.3741,False,9,TOSCONES CORRALEJO,True
BALONCESTO ALCALA,31,8.462599999999995,41.3408,True,9,TOSCONES CORRALEJO,True
BALONCESTO ALCALA,19,9.30889,46.1303,True,9,TOSCONES CORRALEJO,True
BALONCESTO ALCALA,8,16.008499999999998,70.3298,True,9,TOSCONES CORRALEJO,True
BALONCESTO ALCALA,19,8.251099999999994,48.0209,True,9,TOSCONES CORRALEJO,True
BALONCESTO ALCALA,19,33.2863,81.9254,False,9,TOSCONES CORRALEJO,True
BALONCESTO ALCALA,5,23.9774,10.0831,False,9,TOSCONES CORRALEJO,True
BALONCESTO ALCALA,12,7.968999999999994,55.5832,True,9,TOSCONES CORRALEJO,True
BALONCESTO ALCALA,12,30.6065,24.4516,True,9,TOSCONES CORRALEJO,True
BALONCESTO ALCALA,4,35.6841,19.0319,False,9,TOSCONES CORRALEJO,True
BALONCESTO ALCALA,8,26.3047,55.9613,False,9,TOSCONES CORRALEJO,True
BALONCESTO ALCALA,19,28.067700000000002,18.4017,False,9,TOSCONES CORRALEJO,True
BALONCESTO ALCALA,91,9.026799999999994,52.0541,False,9,TOSCONES CORRALEJO,True
BALONCESTO ALCALA,12,6.770099999999999,4.03325,False,9,TOSCONES CORRALEJO,True
BALONCESTO ALCALA,19,16.149500000000003,60.3727,True,9,TOSCONES CORRALEJO,True
BALONCESTO ALCALA,19,5.500699999999995,4.66345,True,9,TOSCONES CORRALEJO,True
BALONCESTO ALCALA,5,38.787,21.5527,False,9,TOSCONES CORRALEJO,True
BALONCESTO ALCALA,13,29.337100000000007,20.7964,False,9,TOSCONES CORRALEJO,True
BALONCESTO ALCALA,12,15.1622,45.122,False,9,TOSCONES CORRALEJO,True
BALONCESTO ALCALA,19,11.0719,70.5819,False,9,TOSCONES CORRALEJO,True
BALONCESTO ALCALA,8,24.541600000000003,55.8353,False,9,TOSCONES CORRALEJO,True
BALONCESTO ALCALA,10,8.039500000000004,51.2979,False,9,TOSCONES CORRALEJO,True
BALONCESTO ALCALA,19,11.8477,50.7937,False,9,TOSCONES CORRALEJO,True
BALONCESTO ALCALA,8,12.0592,50.6677,True,9,TOSCONES CORRALEJO,True
BALONCESTO ALCALA,31,34.3441,67.809,False,9,TOSCONES CORRALEJO,True
BALONCESTO ALCALA,19,9.87306,56.5915,True,9,TOSCONES CORRALEJO,True
BALONCESTO ALCALA,12,27.573999999999998,17.6455,False,9,TOSCONES CORRALEJO,True
BALONCESTO ALCALA,19,6.911100000000005,74.6151,False,9,TOSCONES CORRALEJO,True
BALONCESTO ALCALA,5,10.9309,53.1885,False,9,TOSCONES CORRALEJO,True
BALONCESTO ALCALA,10,29.055,80.0348,False,9,TOSCONES CORRALEJO,True
BALONCESTO ALCALA,12,12.7645,52.1802,True,9,TOSCONES CORRALEJO,True
BALONCESTO ALCALA,19,6.91114,95.4116,True,9,TOSCONES CORRALEJO,True
BALONCESTO ALCALA,14,15.5853,52.0541,False,9,TOSCONES CORRALEJO,True
BALONCESTO ALCALA,10,28.914,12.6039,False,9,TOSCONES CORRALEJO,True
BALONCESTO ALCALA,31,13.258099999999999,48.7771,True,9,TOSCONES CORRALEJO,True
BALONCESTO ALCALA,13,10.7898,46.2563,False,9,TOSCONES CORRALEJO,True
BALONCESTO ALCALA,10,8.25106,46.1303,True,9,TOSCONES CORRALEJO,True
BALONCESTO ALCALA,19,10.6488,28.4848,True,9,TOSCONES CORRALEJO,True
BALONCESTO ALCALA,19,21.438599999999994,26.8463,True,9,TOSCONES CORRALEJO,True
BALONCESTO ALCALA,12,24.682699999999997,10.5873,False,9,TOSCONES CORRALEJO,True
BALONCESTO ALCALA,8,9.097300000000004,54.953,False,9,TOSCONES CORRALEJO,True
BALONCESTO ALCALA,8,11.142499999999998,51.2979,True,9,TOSCONES CORRALEJO,True
BALONCESTO ALCALA,19,26.5162,83.0598,False,9,TOSCONES CORRALEJO,True
BALONCESTO ALCALA,13,10.0141,44.6178,False,9,TOSCONES CORRALEJO,True
TOSCONES CORRALEJO,17,7.616399999999999,45.248,False,9,BALONCESTO ALCALA,False
TOSCONES CORRALEJO,7,18.1241,38.9461,True,9,BALONCESTO ALCALA,False
TOSCONES CORRALEJO,30,8.81523,46.1303,False,9,BALONCESTO ALCALA,False
TOSCONES CORRALEJO,7,26.022599999999997,79.1525,True,9,BALONCESTO ALCALA,False
TOSCONES CORRALEJO,7,13.328599999999994,38.9461,False,9,BALONCESTO ALCALA,False
TOSCONES CORRALEJO,7,33.9915,55.9613,False,9,BALONCESTO ALCALA,False
TOSCONES CORRALEJO,8,27.5035,47.1386,False,9,BALONCESTO ALCALA,False
TOSCONES CORRALEJO,34,30.1834,16.6372,False,9,BALONCESTO ALCALA,False
TOSCONES CORRALEJO,8,14.880099999999999,57.7259,True,9,BALONCESTO ALCALA,False
TOSCONES CORRALEJO,34,29.548699999999997,80.791,False,9,BALONCESTO ALCALA,False
TOSCONES CORRALEJO,15,8.67419,44.9959,False,9,BALONCESTO ALCALA,False
TOSCONES CORRALEJO,34,11.918199999999999,43.4835,False,9,BALONCESTO ALCALA,False
TOSCONES CORRALEJO,15,27.9972,81.9254,False,9,BALONCESTO ALCALA,False
TOSCONES CORRALEJO,34,10.860399999999998,42.3491,True,9,BALONCESTO ALCALA,False
TOSCONES CORRALEJO,17,9.590999999999994,43.8616,False,9,BALONCESTO ALCALA,False
TOSCONES CORRALEJO,30,11.7066,43.7356,False,9,BALONCESTO ALCALA,False
TOSCONES CORRALEJO,11,32.5811,72.2204,True,9,BALONCESTO ALCALA,False
TOSCONES CORRALEJO,7,8.462599999999995,45.5001,True,9,BALONCESTO ALCALA,False
TOSCONES CORRALEJO,15,32.7221,47.2647,False,9,BALONCESTO ALCALA,False
TOSCONES CORRALEJO,15,29.478099999999998,80.539,False,9,BALONCESTO ALCALA,False
TOSCONES CORRALEJO,17,11.847700000000003,42.9793,False,9,BALONCESTO ALCALA,False
TOSCONES CORRALEJO,34,27.573999999999998,13.4862,False,9,BALONCESTO ALCALA,False
TOSCONES CORRALEJO,15,8.321600000000004,54.953,True,9,BALONCESTO ALCALA,False
TOSCONES CORRALEJO,11,5.571200000000005,56.7176,True,9,BALONCESTO ALCALA,False
TOSCONES CORRALEJO,11,15.2327,39.9544,True,9,BALONCESTO ALCALA,False
TOSCONES CORRALEJO,34,18.899900000000002,53.4406,False,9,BALONCESTO ALCALA,False
TOSCONES CORRALEJO,7,33.0748,11.5956,False,9,BALONCESTO ALCALA,False
TOSCONES CORRALEJO,15,13.7518,5.92384,True,9,BALONCESTO ALCALA,False
TOSCONES CORRALEJO,15,34.7673,50.0375,False,9,BALONCESTO ALCALA,False
TOSCONES CORRALEJO,15,12.552899999999994,43.4835,False,9,BALONCESTO ALCALA,False
TOSCONES CORRALEJO,11,7.475300000000004,78.3963,False,9,BALONCESTO ALCALA,False
TOSCONES CORRALEJO,8,32.4401,32.5181,True,9,BALONCESTO ALCALA,False
TOSCONES CORRALEJO,30,6.981700000000004,54.5749,False,9,BALONCESTO ALCALA,False
TOSCONES CORRALEJO,7,16.9252,49.2813,True,9,BALONCESTO ALCALA,False
TOSCONES CORRALEJO,7,10.5078,61.255,False,9,BALONCESTO ALCALA,False
TOSCONES CORRALEJO,34,13.751800000000003,40.3325,True,9,BALONCESTO ALCALA,False
TOSCONES CORRALEJO,15,7.122699999999995,55.9613,True,9,BALONCESTO ALCALA,False
TOSCONES CORRALEJO,34,10.7898,53.3145,False,9,BALONCESTO ALCALA,False
TOSCONES CORRALEJO,7,28.2793,78.2703,False,9,BALONCESTO ALCALA,False
TOSCONES CORRALEJO,30,33.63890000000001,33.0222,True,9,BALONCESTO ALCALA,False
TOSCONES CORRALEJO,8,9.23836,54.5749,False,9,BALONCESTO ALCALA,False
TOSCONES CORRALEJO,11,33.4979,52.4323,False,9,BALONCESTO ALCALA,False
TOSCONES CORRALEJO,15,10.7193,46.8865,False,9,BALONCESTO ALCALA,False
TOSCONES CORRALEJO,30,16.9252,32.14,False,9,BALONCESTO ALCALA,False
TOSCONES CORRALEJO,30,9.09732,48.273,True,9,BALONCESTO ALCALA,False
TOSCONES CORRALEJO,8,11.4951,49.5334,False,9,BALONCESTO ALCALA,False
TOSCONES CORRALEJO,11,9.52045,48.399,True,9,BALONCESTO ALCALA,False
TOSCONES CORRALEJO,30,9.52045,4.78948,True,9,BALONCESTO ALCALA,False
TOSCONES CORRALEJO,30,3.737700000000004,93.2689,True,9,BALONCESTO ALCALA,False
TOSCONES CORRALEJO,34,15.5853,43.8616,False,9,BALONCESTO ALCALA,False
TOSCONES CORRALEJO,17,10.2257,55.2051,False,9,BALONCESTO ALCALA,False
TOSCONES CORRALEJO,34,8.039500000000004,49.2813,True,9,BALONCESTO ALCALA,False
TOSCONES CORRALEJO,7,15.5148,47.2647,False,9,BALONCESTO ALCALA,False
TOSCONES CORRALEJO,7,23.2722,50.5417,False,9,BALONCESTO ALCALA,False
TOSCONES CORRALEJO,30,26.022599999999997,56.2134,False,9,BALONCESTO ALCALA,False
TOSCONES CORRALEJO,34,10.3667,44.9959,True,9,BALONCESTO ALCALA,False
TOSCONES CORRALEJO,34,11.847700000000003,49.1552,True,9,BALONCESTO ALCALA,False
TOSCONES CORRALEJO,8,28.561400000000006,48.399,False,9,BALONCESTO ALCALA,False
TOSCONES CORRALEJO,34,22.919600000000003,66.8007,False,9,BALONCESTO ALCALA,False
TOSCONES CORRALEJO,11,6.27645,44.9959,False,9,BALONCESTO ALCALA,False
FUNDACION GLOBALCAJA LA RODA,2,8.744699999999995,58.7342,False,9,MOVISTAR ESTUDIANTES,True
FUNDACION GLOBALCAJA LA RODA,6,34.203100000000006,46.1303,False,9,MOVISTAR ESTUDIANTES,True
FUNDACION GLOBALCAJA LA RODA,2,7.75741,38.568,True,9,MOVISTAR ESTUDIANTES,True
FUNDACION GLOBALCAJA LA RODA,10,10.1551,46.3824,False,9,MOVISTAR ESTUDIANTES,True
FUNDACION GLOBALCAJA LA RODA,25,9.87306,50.0375,False,9,MOVISTAR ESTUDIANTES,True
FUNDACION GLOBALCAJA LA RODA,2,11.0014,94.5293,True,9,MOVISTAR ESTUDIANTES,True
FUNDACION GLOBALCAJA LA RODA,20,11.4245,5.92384,True,9,MOVISTAR ESTUDIANTES,True
FUNDACION GLOBALCAJA LA RODA,3,9.802499999999995,62.5154,False,9,MOVISTAR ESTUDIANTES,True
FUNDACION GLOBALCAJA LA RODA,9,12.4118,58.6082,False,9,MOVISTAR ESTUDIANTES,True
FUNDACION GLOBALCAJA LA RODA,6,32.8632,70.4558,True,9,MOVISTAR ESTUDIANTES,True
FUNDACION GLOBALCAJA LA RODA,20,12.7645,4.66345,False,9,MOVISTAR ESTUDIANTES,True
FUNDACION GLOBALCAJA LA RODA,25,8.67419,48.7771,False,9,MOVISTAR ESTUDIANTES,True
FUNDACION GLOBALCAJA LA RODA,9,35.4725,63.0195,False,9,MOVISTAR ESTUDIANTES,True
FUNDACION GLOBALCAJA LA RODA,2,35.26090000000001,47.6428,False,9,MOVISTAR ESTUDIANTES,True
FUNDACION GLOBALCAJA LA RODA,0,32.158,71.3381,True,9,MOVISTAR ESTUDIANTES,True
FUNDACION GLOBALCAJA LA RODA,9,31.3117,77.1359,True,9,MOVISTAR ESTUDIANTES,True
FUNDACION GLOBALCAJA LA RODA,6,38.8575,46.8865,True,9,MOVISTAR ESTUDIANTES,True
FUNDACION GLOBALCAJA LA RODA,2,34.696799999999996,42.8533,True,9,MOVISTAR ESTUDIANTES,True
FUNDACION GLOBALCAJA LA RODA,10,8.88575,54.0708,True,9,MOVISTAR ESTUDIANTES,True
FUNDACION GLOBALCAJA LA RODA,6,35.8956,45.7522,False,9,MOVISTAR ESTUDIANTES,True
FUNDACION GLOBALCAJA LA RODA,13,32.4401,69.5736,True,9,MOVISTAR ESTUDIANTES,True
FUNDACION GLOBALCAJA LA RODA,10,12.2708,52.0541,False,9,MOVISTAR ESTUDIANTES,True
FUNDACION GLOBALCAJA LA RODA,6,36.8124,48.399,False,9,MOVISTAR ESTUDIANTES,True
FUNDACION GLOBALCAJA LA RODA,6,29.9718,20.2923,False,9,MOVISTAR ESTUDIANTES,True
FUNDACION GLOBALCAJA LA RODA,2,10.225700000000003,45.248,True,9,MOVISTAR ESTUDIANTES,True
FUNDACION GLOBALCAJA LA RODA,9,27.644599999999997,14.9987,False,9,MOVISTAR ESTUDIANTES,True
FUNDACION GLOBALCAJA LA RODA,2,9.80254,53.9447,True,9,MOVISTAR ESTUDIANTES,True
FUNDACION GLOBALCAJA LA RODA,9,26.7983,18.0236,False,9,MOVISTAR ESTUDIANTES,True
FUNDACION GLOBALCAJA LA RODA,25,7.122699999999995,42.8533,True,9,MOVISTAR ESTUDIANTES,True
FUNDACION GLOBALCAJA LA RODA,25,9.6615,50.0375,False,9,MOVISTAR ESTUDIANTES,True
FUNDACION GLOBALCAJA LA RODA,9,27.926699999999997,18.9059,False,9,MOVISTAR ESTUDIANTES,True
FUNDACION GLOBALCAJA LA RODA,9,8.321600000000004,44.8699,True,9,MOVISTAR ESTUDIANTES,True
FUNDACION GLOBALCAJA LA RODA,0,35.825100000000006,58.4821,False,9,MOVISTAR ESTUDIANTES,True
FUNDACION GLOBALCAJA LA RODA,10,6.2059,41.2148,True,9,MOVISTAR ESTUDIANTES,True
FUNDACION GLOBALCAJA LA RODA,0,13.6812,56.9697,False,9,MOVISTAR ESTUDIANTES,True
FUNDACION GLOBALCAJA LA RODA,0,36.0367,48.273,False,9,MOVISTAR ESTUDIANTES,True
FUNDACION GLOBALCAJA LA RODA,2,7.5458,57.3478,True,9,MOVISTAR ESTUDIANTES,True
FUNDACION GLOBALCAJA LA RODA,6,34.1326,42.4752,True,9,MOVISTAR ESTUDIANTES,True
FUNDACION GLOBALCAJA LA RODA,25,7.89845,53.3145,False,9,MOVISTAR ESTUDIANTES,True
FUNDACION GLOBALCAJA LA RODA,3,35.26090000000001,62.7675,False,9,MOVISTAR ESTUDIANTES,True
FUNDACION GLOBALCAJA LA RODA,0,35.0494,26.7203,False,9,MOVISTAR ESTUDIANTES,True
FUNDACION GLOBALCAJA LA RODA,0,10.6488,46.6345,False,9,MOVISTAR ESTUDIANTES,True
FUNDACION GLOBALCAJA LA RODA,25,7.47532,59.1123,True,9,MOVISTAR ESTUDIANTES,True
FUNDACION GLOBALCAJA LA RODA,2,9.87306,52.0541,True,9,MOVISTAR ESTUDIANTES,True
FUNDACION GLOBALCAJA LA RODA,2,11.706599999999995,95.2855,False,9,MOVISTAR ESTUDIANTES,True
FUNDACION GLOBALCAJA LA RODA,9,9.308899999999994,41.5929,True,9,MOVISTAR ESTUDIANTES,True
FUNDACION GLOBALCAJA LA RODA,20,12.623400000000004,49.6594,True,9,MOVISTAR ESTUDIANTES,True
FUNDACION GLOBALCAJA LA RODA,25,10.4372,46.8865,True,9,MOVISTAR ESTUDIANTES,True
FUNDACION GLOBALCAJA LA RODA,0,33.6389,27.4765,False,9,MOVISTAR ESTUDIANTES,True
FUNDACION GLOBALCAJA LA RODA,20,12.341300000000004,94.1512,True,9,MOVISTAR ESTUDIANTES,True
FUNDACION GLOBALCAJA LA RODA,2,28.8434,81.2952,True,9,MOVISTAR ESTUDIANTES,True
FUNDACION GLOBALCAJA LA RODA,9,6.770099999999999,59.1123,True,9,MOVISTAR ESTUDIANTES,True
FUNDACION GLOBALCAJA LA RODA,6,30.677000000000007,75.1193,True,9,MOVISTAR ESTUDIANTES,True
MOVISTAR ESTUDIANTES,6,28.208699999999993,17.8975,True,9,FUNDACION GLOBALCAJA LA RODA,False
MOVISTAR ESTUDIANTES,6,8.180499999999995,6.80611,True,9,FUNDACION GLOBALCAJA LA RODA,False
MOVISTAR ESTUDIANTES,8,9.590999999999994,43.2314,False,9,FUNDACION GLOBALCAJA LA RODA,False
MOVISTAR ESTUDIANTES,9,6.840599999999995,44.6178,True,9,FUNDACION GLOBALCAJA LA RODA,False
MOVISTAR ESTUDIANTES,25,7.1932000000000045,94.2772,False,9,FUNDACION GLOBALCAJA LA RODA,False
MOVISTAR ESTUDIANTES,2,10.2257,25.4599,False,9,FUNDACION GLOBALCAJA LA RODA,False
MOVISTAR ESTUDIANTES,8,8.603700000000003,96.0418,False,9,FUNDACION GLOBALCAJA LA RODA,False
MOVISTAR ESTUDIANTES,25,31.1707,16.8892,False,9,FUNDACION GLOBALCAJA LA RODA,False
MOVISTAR ESTUDIANTES,7,10.4372,93.2689,True,9,FUNDACION GLOBALCAJA LA RODA,False
MOVISTAR ESTUDIANTES,6,10.6488,51.55,True,9,FUNDACION GLOBALCAJA LA RODA,False
MOVISTAR ESTUDIANTES,22,10.648799999999994,47.3907,True,9,FUNDACION GLOBALCAJA LA RODA,False
MOVISTAR ESTUDIANTES,9,11.5656,51.676,True,9,FUNDACION GLOBALCAJA LA RODA,False
MOVISTAR ESTUDIANTES,2,6.417500000000004,61.8852,False,9,FUNDACION GLOBALCAJA LA RODA,False
MOVISTAR ESTUDIANTES,2,8.956299999999999,50.7937,False,9,FUNDACION GLOBALCAJA LA RODA,False
MOVISTAR ESTUDIANTES,6,31.3117,21.8048,True,9,FUNDACION GLOBALCAJA LA RODA,False
MOVISTAR ESTUDIANTES,8,8.321600000000004,43.8616,True,9,FUNDACION GLOBALCAJA LA RODA,False
MOVISTAR ESTUDIANTES,6,12.5529,55.2051,True,9,FUNDACION GLOBALCAJA LA RODA,False
MOVISTAR ESTUDIANTES,8,9.4499,95.1595,False,9,FUNDACION GLOBALCAJA LA RODA,False
MOVISTAR ESTUDIANTES,19,31.805400000000006,78.7744,False,9,FUNDACION GLOBALCAJA LA RODA,False
MOVISTAR ESTUDIANTES,2,10.4372,41.0887,False,9,FUNDACION GLOBALCAJA LA RODA,False
MOVISTAR ESTUDIANTES,9,10.296199999999999,48.0209,False,9,FUNDACION GLOBALCAJA LA RODA,False
MOVISTAR ESTUDIANTES,8,10.8604,35.7951,False,9,FUNDACION GLOBALCAJA LA RODA,False
MOVISTAR ESTUDIANTES,12,19.0409,47.8948,True,9,FUNDACION GLOBALCAJA LA RODA,False
MOVISTAR ESTUDIANTES,22,10.860399999999998,56.4655,True,9,FUNDACION GLOBALCAJA LA RODA,False
MOVISTAR ESTUDIANTES,12,30.4654,79.6567,True,9,FUNDACION GLOBALCAJA LA RODA,False
MOVISTAR ESTUDIANTES,7,30.4654,79.6567,False,9,FUNDACION GLOBALCAJA LA RODA,False
MOVISTAR ESTUDIANTES,8,13.1171,93.1429,True,9,FUNDACION GLOBALCAJA LA RODA,False
MOVISTAR ESTUDIANTES,2,28.279300000000006,85.0764,False,9,FUNDACION GLOBALCAJA LA RODA,False
MOVISTAR ESTUDIANTES,12,15.444299999999998,95.2855,False,9,FUNDACION GLOBALCAJA LA RODA,False
MOVISTAR ESTUDIANTES,8,5.571200000000005,59.4904,False,9,FUNDACION GLOBALCAJA LA RODA,False
MOVISTAR ESTUDIANTES,12,7.5458,71.5902,False,9,FUNDACION GLOBALCAJA LA RODA,False
MOVISTAR ESTUDIANTES,9,12.4824,56.0874,True,9,FUNDACION GLOBALCAJA LA RODA,False
MOVISTAR ESTUDIANTES,25,16.3611,93.395,False,9,FUNDACION GLOBALCAJA LA RODA,False
MOVISTAR ESTUDIANTES,12,31.311700000000002,78.6484,False,9,FUNDACION GLOBALCAJA LA RODA,False
MOVISTAR ESTUDIANTES,6,8.603700000000003,6.04988,True,9,FUNDACION GLOBALCAJA LA RODA,False
MOVISTAR ESTUDIANTES,11,34.767300000000006,71.9683,True,9,FUNDACION GLOBALCAJA LA RODA,False
MOVISTAR ESTUDIANTES,12,28.279300000000006,85.0764,False,9,FUNDACION GLOBALCAJA LA RODA,False
MOVISTAR ESTUDIANTES,11,29.830699999999993,17.0153,False,9,FUNDACION GLOBALCAJA LA RODA,False
MOVISTAR ESTUDIANTES,9,9.1678,48.399,False,9,FUNDACION GLOBALCAJA LA RODA,False
MOVISTAR ESTUDIANTES,2,10.0141,43.6095,False,9,FUNDACION GLOBALCAJA LA RODA,False
MOVISTAR ESTUDIANTES,9,11.4951,44.8699,True,9,FUNDACION GLOBALCAJA LA RODA,False
MOVISTAR ESTUDIANTES,9,10.225700000000003,47.6428,False,9,FUNDACION GLOBALCAJA LA RODA,False
MOVISTAR ESTUDIANTES,8,32.299,78.2703,False,9,FUNDACION GLOBALCAJA LA RODA,False
MOVISTAR ESTUDIANTES,2,19.887200000000007,55.2051,True,9,FUNDACION GLOBALCAJA LA RODA,False
MOVISTAR ESTUDIANTES,6,12.3413,32.5181,True,9,FUNDACION GLOBALCAJA LA RODA,False
MOVISTAR ESTUDIANTES,11,34.0621,46.8865,True,9,FUNDACION GLOBALCAJA LA RODA,False
MOVISTAR ESTUDIANTES,25,34.767300000000006,60.6248,False,9,FUNDACION GLOBALCAJA LA RODA,False
MOVISTAR ESTUDIANTES,9,10.437200000000004,53.0624,False,9,FUNDACION GLOBALCAJA LA RODA,False
MOVISTAR ESTUDIANTES,22,6.558499999999995,53.8187,True,9,FUNDACION GLOBALCAJA LA RODA,False
MOVISTAR ESTUDIANTES,11,11.5656,43.3574,False,9,FUNDACION GLOBALCAJA LA RODA,False
MOVISTAR ESTUDIANTES,8,8.251099999999994,6.80611,True,9,FUNDACION GLOBALCAJA LA RODA,False
MOVISTAR ESTUDIANTES,11,16.079,47.6428,False,9,FUNDACION GLOBALCAJA LA RODA,False
MOVISTAR ESTUDIANTES,7,33.5684,39.8283,False,9,FUNDACION GLOBALCAJA LA RODA,False
MOVISTAR ESTUDIANTES,22,9.30889,54.701,True,9,FUNDACION GLOBALCAJA LA RODA,False
MOVISTAR ESTUDIANTES,6,30.959100000000007,16.007,False,9,FUNDACION GLOBALCAJA LA RODA,False
MOVISTAR ESTUDIANTES,6,12.200299999999999,6.17591,False,9,FUNDACION GLOBALCAJA LA RODA,False
MOVISTAR ESTUDIANTES,11,11.565600000000003,49.9115,True,9,FUNDACION GLOBALCAJA LA RODA,False
MOVISTAR ESTUDIANTES,8,9.590999999999994,43.2314,False,9,FUNDACION GLOBALCAJA LA RODA,False
MOVISTAR ESTUDIANTES,22,10.437200000000004,45.122,False,9,FUNDACION GLOBALCAJA LA RODA,False
MOVISTAR ESTUDIANTES,6,32.9337,71.8423,False,9,FUNDACION GLOBALCAJA LA RODA,False
MOVISTAR ESTUDIANTES,8,7.616399999999999,40.8367,False,9,FUNDACION GLOBALCAJA LA RODA,False
MOVISTAR ESTUDIANTES,8,10.648799999999994,47.3907,False,9,FUNDACION GLOBALCAJA LA RODA,False
MOVISTAR ESTUDIANTES,8,11.354,47.3907,True,9,FUNDACION GLOBALCAJA LA RODA,False
MOVISTAR ESTUDIANTES,25,22.2849,90.244,False,9,FUNDACION GLOBALCAJA LA RODA,False
MOVISTAR ESTUDIANTES,22,6.629099999999994,59.8686,False,9,FUNDACION GLOBALCAJA LA RODA,False
MOVISTAR ESTUDIANTES,8,35.049400000000006,49.6594,False,9,FUNDACION GLOBALCAJA LA RODA,False
MOVISTAR ESTUDIANTES,12,9.026799999999994,57.0957,False,9,FUNDACION GLOBALCAJA LA RODA,False
MOVISTAR ESTUDIANTES,8,35.6841,46.1303,True,9,FUNDACION GLOBALCAJA LA RODA,False
MOVISTAR ESTUDIANTES,8,22.4965,53.3145,True,9,FUNDACION GLOBALCAJA LA RODA,False
MOVISTAR ESTUDIANTES,22,13.0465,40.3325,False,9,FUNDACION GLOBALCAJA LA RODA,False
MOVISTAR ESTUDIANTES,8,11.5656,51.676,False,9,FUNDACION GLOBALCAJA LA RODA,False
EL VENTERO CBV,1,24.33,66.4226,True,9,CB LA MATANZA,True
EL VENTERO CBV,10,4.86601,57.7259,False,9,CB LA MATANZA,True
EL VENTERO CBV,2,9.44993,91.6304,False,9,CB LA MATANZA,True
EL VENTERO CBV,18,6.346999999999994,51.2979,True,9,CB LA MATANZA,True
EL VENTERO CBV,0,5.00705,53.1885,True,9,CB LA MATANZA,True
EL VENTERO CBV,0,5.92384,52.8104,True,9,CB LA MATANZA,True
EL VENTERO CBV,0,7.1932000000000045,50.5417,False,9,CB LA MATANZA,True
EL VENTERO CBV,10,6.20592,55.3312,True,9,CB LA MATANZA,True
EL VENTERO CBV,18,5.712299999999999,51.2979,True,9,CB LA MATANZA,True
EL VENTERO CBV,41,8.956299999999999,49.0292,False,9,CB LA MATANZA,True
EL VENTERO CBV,18,5.99436,49.1552,False,9,CB LA MATANZA,True
EL VENTERO CBV,10,16.9252,40.5846,True,9,CB LA MATANZA,True
EL VENTERO CBV,1,6.2059,49.2813,True,9,CB LA MATANZA,True
EL VENTERO CBV,10,5.782799999999995,49.1552,True,9,CB LA MATANZA,True
EL VENTERO CBV,0,7.82793,49.5334,False,9,CB LA MATANZA,True
EL VENTERO CBV,10,29.9718,15.8809,False,9,CB LA MATANZA,True
EL VENTERO CBV,1,17.9831,44.2397,True,9,CB LA MATANZA,True
EL VENTERO CBV,3,5.57123,49.7854,True,9,CB LA MATANZA,True
EL VENTERO CBV,27,4.72496,50.7937,True,9,CB LA MATANZA,True
EL VENTERO CBV,41,27.574,84.3201,True,9,CB LA MATANZA,True
EL VENTERO CBV,0,29.055000000000007,82.9337,False,9,CB LA MATANZA,True
EL VENTERO CBV,41,6.064899999999994,48.273,True,9,CB LA MATANZA,True
EL VENTERO CBV,0,5.1481,52.3062,True,9,CB LA MATANZA,True
EL VENTERO CBV,18,6.629099999999994,49.6594,True,9,CB LA MATANZA,True
EL VENTERO CBV,22,7.1932000000000045,50.6677,True,9,CB LA MATANZA,True
EL VENTERO CBV,27,5.64175,48.9032,True,9,CB LA MATANZA,True
EL VENTERO CBV,0,32.01690000000001,20.0402,False,9,CB LA MATANZA,True
EL VENTERO CBV,0,6.558499999999995,49.4073,True,9,CB LA MATANZA,True
EL VENTERO CBV,41,23.906899999999993,28.8629,True,9,CB LA MATANZA,True
EL VENTERO CBV,18,8.32158,47.1386,False,9,CB LA MATANZA,True
EL VENTERO CBV,10,5.78279,49.0292,True,9,CB LA MATANZA,True
EL VENTERO CBV,1,27.574,84.3201,False,9,CB LA MATANZA,True
EL VENTERO CBV,3,5.782799999999995,47.2647,True,9,CB LA MATANZA,True
EL VENTERO CBV,41,8.60367,48.525,False,9,CB LA MATANZA,True
EL VENTERO CBV,10,33.3568,16.5111,True,9,CB LA MATANZA,True
EL VENTERO CBV,0,5.289100000000005,48.273,True,9,CB LA MATANZA,True
EL VENTERO CBV,0,5.07757,52.4323,True,9,CB LA MATANZA,True
EL VENTERO CBV,18,8.25106,47.5167,False,9,CB LA MATANZA,True
EL VENTERO CBV,1,36.4598,48.525,False,9,CB LA MATANZA,True
EL VENTERO CBV,0,5.712299999999999,48.399,True,9,CB LA MATANZA,True
EL VENTERO CBV,10,25.67,85.7066,False,9,CB LA MATANZA,True
EL VENTERO CBV,10,6.34697,54.3228,True,9,CB LA MATANZA,True
EL VENTERO CBV,3,5.077600000000004,47.2647,False,9,CB LA MATANZA,True
EL VENTERO CBV,41,5.430199999999999,50.1636,True,9,CB LA MATANZA,True
EL VENTERO CBV,41,34.6968,67.0528,True,9,CB LA MATANZA,True
EL VENTERO CBV,41,33.6389,71.8423,False,9,CB LA MATANZA,True
EL VENTERO CBV,2,17.277900000000002,71.5902,False,9,CB LA MATANZA,True
EL VENTERO CBV,1,36.8829,69.4475,False,9,CB LA MATANZA,True
EL VENTERO CBV,10,6.135400000000004,46.8865,True,9,CB LA MATANZA,True
EL VENTERO CBV,0,6.41749,53.5666,True,9,CB LA MATANZA,True
EL VENTERO CBV,0,32.7221,75.1193,True,9,CB LA MATANZA,True
EL VENTERO CBV,41,26.163600000000002,14.9987,False,9,CB LA MATANZA,True
EL VENTERO CBV,27,31.452699999999993,68.3132,False,9,CB LA MATANZA,True
EL VENTERO CBV,41,10.507800000000003,93.1429,False,9,CB LA MATANZA,True
EL VENTERO CBV,1,5.07757,51.1719,True,9,CB LA MATANZA,True
EL VENTERO CBV,3,8.956299999999999,49.0292,True,9,CB LA MATANZA,True
EL VENTERO CBV,1,23.765900000000002,67.809,True,9,CB LA MATANZA,True
EL VENTERO CBV,1,35.8956,30.7535,False,9,CB LA MATANZA,True
EL VENTERO CBV,1,6.558499999999995,45.6261,False,9,CB LA MATANZA,True
CB LA MATANZA,11,28.7024,90.1179,False,9,EL VENTERO CBV,False
CB LA MATANZA,0,4.513400000000004,82.4296,False,9,EL VENTERO CBV,False
CB LA MATANZA,23,34.2736,15.3768,False,9,EL VENTERO CBV,False
CB LA MATANZA,23,6.699600000000004,54.4489,True,9,EL VENTERO CBV,False
CB LA MATANZA,23,35.543,23.4433,False,9,EL VENTERO CBV,False
CB LA MATANZA,11,15.8674,61.129,False,9,EL VENTERO CBV,False
CB LA MATANZA,3,34.3441,23.3172,False,9,EL VENTERO CBV,False
CB LA MATANZA,23,7.898399999999995,50.6677,True,9,EL VENTERO CBV,False
CB LA MATANZA,10,8.321600000000004,47.8948,False,9,EL VENTERO CBV,False
CB LA MATANZA,7,5.50071,51.0458,True,9,EL VENTERO CBV,False
CB LA MATANZA,0,7.8279,53.4406,True,9,EL VENTERO CBV,False
CB LA MATANZA,23,6.346999999999994,49.4073,False,9,EL VENTERO CBV,False
CB LA MATANZA,0,10.0846,37.6857,False,9,EL VENTERO CBV,False
CB LA MATANZA,3,25.67,16.7632,False,9,EL VENTERO CBV,False
CB LA MATANZA,7,3.5260999999999996,3.52909,False,9,EL VENTERO CBV,False
CB LA MATANZA,0,6.20592,48.0209,False,9,EL VENTERO CBV,False
CB LA MATANZA,9,4.5134,6.17591,False,9,EL VENTERO CBV,False
CB LA MATANZA,9,34.3441,75.1193,False,9,EL VENTERO CBV,False
CB LA MATANZA,7,7.82793,48.0209,True,9,EL VENTERO CBV,False
CB LA MATANZA,23,6.064899999999994,49.5334,True,9,EL VENTERO CBV,False
CB LA MATANZA,7,10.507800000000003,46.8865,False,9,EL VENTERO CBV,False
CB LA MATANZA,23,35.4725,17.8975,False,9,EL VENTERO CBV,False
CB LA MATANZA,23,7.2637,51.8021,False,9,EL VENTERO CBV,False
CB LA MATANZA,21,30.747500000000002,76.2536,False,9,EL VENTERO CBV,False
CB LA MATANZA,0,6.064899999999994,49.5334,False,9,EL VENTERO CBV,False
CB LA MATANZA,11,5.71227,48.7771,True,9,EL VENTERO CBV,False
CB LA MATANZA,9,5.21862,51.2979,False,9,EL VENTERO CBV,False
CB LA MATANZA,11,33.0042,76.0016,False,9,EL VENTERO CBV,False
CB LA MATANZA,7,13.399100000000004,49.9115,False,9,EL VENTERO CBV,False
CB LA MATANZA,23,13.399100000000004,40.9627,False,9,EL VENTERO CBV,False
CB LA MATANZA,7,4.72496,50.9198,True,9,EL VENTERO CBV,False
CB LA MATANZA,11,7.54584,52.5583,False,9,EL VENTERO CBV,False
CB LA MATANZA,7,6.629099999999994,51.8021,True,9,EL VENTERO CBV,False
CB LA MATANZA,72,7.5458,50.7937,True,9,EL VENTERO CBV,False
CB LA MATANZA,10,6.91114,50.7937,False,9,EL VENTERO CBV,False
CB LA MATANZA,7,36.3188,68.1871,False,9,EL VENTERO CBV,False
CB LA MATANZA,7,8.674199999999999,73.1027,True,9,EL VENTERO CBV,False
CB LA MATANZA,0,8.321600000000004,47.1386,False,9,EL VENTERO CBV,False
CB LA MATANZA,7,6.417500000000004,46.6345,False,9,EL VENTERO CBV,False
CB LA MATANZA,21,5.71227,52.6843,False,9,EL VENTERO CBV,False
CB LA MATANZA,3,10.9309,59.1123,True,9,EL VENTERO CBV,False
CB LA MATANZA,0,35.3315,47.5167,False,9,EL VENTERO CBV,False
CB LA MATANZA,23,5.35966,50.2896,True,9,EL VENTERO CBV,False
CB LA MATANZA,0,6.699600000000004,50.2896,True,9,EL VENTERO CBV,False
CB LA MATANZA,23,36.6008,20.9225,True,9,EL VENTERO CBV,False
CB LA MATANZA,11,5.35966,50.0375,True,9,EL VENTERO CBV,False
CB LA MATANZA,3,34.4147,18.9059,False,9,EL VENTERO CBV,False
CB LA MATANZA,23,7.05219,52.8104,False,9,EL VENTERO CBV,False
CB LA MATANZA,6,21.9323,71.5902,True,9,EL VENTERO CBV,False
CB LA MATANZA,3,33.427400000000006,71.2121,False,9,EL VENTERO CBV,False
CB LA MATANZA,9,37.8702,42.7272,False,9,EL VENTERO CBV,False
CB LA MATANZA,23,5.43018,60.3727,False,9,EL VENTERO CBV,False
CB LA MATANZA,10,37.5176,15.1247,False,9,EL VENTERO CBV,False
CB LA MATANZA,7,5.00705,44.2397,False,9,EL VENTERO CBV,False
CB LA MATANZA,0,6.417500000000004,51.55,False,9,EL VENTERO CBV,False
TOSCONES CORRALEJO,9,33.2158,56.2134,False,10,CESUR DISTRITO OLIMPICO,True
TOSCONES CORRALEJO,17,12.976,38.568,True,10,CESUR DISTRITO OLIMPICO,True
TOSCONES CORRALEJO,17,7.475300000000004,80.2869,True,10,CESUR DISTRITO OLIMPICO,True
TOSCONES CORRALEJO,17,6.417500000000004,60.8769,True,10,CESUR DISTRITO OLIMPICO,True
TOSCONES CORRALEJO,30,33.5684,43.3574,False,10,CESUR DISTRITO OLIMPICO,True
TOSCONES CORRALEJO,8,23.060599999999994,32.8962,False,10,CESUR DISTRITO OLIMPICO,True
TOSCONES CORRALEJO,17,9.238399999999999,40.5846,True,10,CESUR DISTRITO OLIMPICO,True
TOSCONES CORRALEJO,7,34.6968,55.2051,True,10,CESUR DISTRITO OLIMPICO,True
TOSCONES CORRALEJO,9,21.509200000000007,35.9211,False,10,CESUR DISTRITO OLIMPICO,True
TOSCONES CORRALEJO,7,9.661500000000004,92.7648,False,10,CESUR DISTRITO OLIMPICO,True
TOSCONES CORRALEJO,30,14.598,61.8852,False,10,CESUR DISTRITO OLIMPICO,True
TOSCONES CORRALEJO,6,5.21862,94.5293,True,10,CESUR DISTRITO OLIMPICO,True
TOSCONES CORRALEJO,9,10.5783,38.568,True,10,CESUR DISTRITO OLIMPICO,True
TOSCONES CORRALEJO,17,13.046499999999995,54.4489,True,10,CESUR DISTRITO OLIMPICO,True
TOSCONES CORRALEJO,15,16.3611,36.8034,False,10,CESUR DISTRITO OLIMPICO,True
TOSCONES CORRALEJO,15,31.5938,75.7495,True,10,CESUR DISTRITO OLIMPICO,True
TOSCONES CORRALEJO,9,13.6812,34.7868,False,10,CESUR DISTRITO OLIMPICO,True
TOSCONES CORRALEJO,9,8.11,60.8769,True,10,CESUR DISTRITO OLIMPICO,True
TOSCONES CORRALEJO,11,11.0719,41.2148,False,10,CESUR DISTRITO OLIMPICO,True
TOSCONES CORRALEJO,25,12.552899999999994,83.942,False,10,CESUR DISTRITO OLIMPICO,True
TOSCONES CORRALEJO,9,7.475300000000004,37.3076,True,10,CESUR DISTRITO OLIMPICO,True
TOSCONES CORRALEJO,11,8.039500000000004,3.15098,False,10,CESUR DISTRITO OLIMPICO,True
TOSCONES CORRALEJO,8,11.918199999999999,40.4585,True,10,CESUR DISTRITO OLIMPICO,True
TOSCONES CORRALEJO,11,5.500699999999995,4.15929,False,10,CESUR DISTRITO OLIMPICO,True
TOSCONES CORRALEJO,11,18.2652,38.1898,False,10,CESUR DISTRITO OLIMPICO,True
TOSCONES CORRALEJO,9,7.5458,63.5237,True,10,CESUR DISTRITO OLIMPICO,True
TOSCONES CORRALEJO,9,8.674199999999999,65.0362,True,10,CESUR DISTRITO OLIMPICO,True
TOSCONES CORRALEJO,7,28.349800000000002,87.5972,False,10,CESUR DISTRITO OLIMPICO,True
TOSCONES CORRALEJO,8,24.33,48.0209,True,10,CESUR DISTRITO OLIMPICO,True
TOSCONES CORRALEJO,9,9.379400000000004,60.2467,False,10,CESUR DISTRITO OLIMPICO,True
TOSCONES CORRALEJO,17,11.777100000000004,43.7356,False,10,CESUR DISTRITO OLIMPICO,True
TOSCONES CORRALEJO,8,8.533100000000005,63.6497,True,10,CESUR DISTRITO OLIMPICO,True
TOSCONES CORRALEJO,6,7.968999999999994,64.7841,True,10,CESUR DISTRITO OLIMPICO,True
TOSCONES CORRALEJO,8,10.5783,60.7508,True,10,CESUR DISTRITO OLIMPICO,True
TOSCONES CORRALEJO,6,7.89845,61.0029,False,10,CESUR DISTRITO OLIMPICO,True
TOSCONES CORRALEJO,6,30.536,16.5111,False,10,CESUR DISTRITO OLIMPICO,True
TOSCONES CORRALEJO,7,10.578299999999999,41.2148,False,10,CESUR DISTRITO OLIMPICO,True
TOSCONES CORRALEJO,7,7.616399999999999,64.406,True,10,CESUR DISTRITO OLIMPICO,True
TOSCONES CORRALEJO,8,32.8632,31.5098,False,10,CESUR DISTRITO OLIMPICO,True
TOSCONES CORRALEJO,30,9.94358,14.6205,False,10,CESUR DISTRITO OLIMPICO,True
TOSCONES CORRALEJO,17,9.94358,54.4489,True,10,CESUR DISTRITO OLIMPICO,True
TOSCONES CORRALEJO,7,10.930899999999994,76.2536,True,10,CESUR DISTRITO OLIMPICO,True
TOSCONES CORRALEJO,9,35.4725,49.5334,False,10,CESUR DISTRITO OLIMPICO,True
TOSCONES CORRALEJO,7,12.270799999999994,61.0029,False,10,CESUR DISTRITO OLIMPICO,True
TOSCONES CORRALEJO,17,7.1932000000000045,1.26039,False,10,CESUR DISTRITO OLIMPICO,True
TOSCONES CORRALEJO,7,6.34697,62.5154,False,10,CESUR DISTRITO OLIMPICO,True
TOSCONES CORRALEJO,9,10.7898,61.0029,True,10,CESUR DISTRITO OLIMPICO,True
TOSCONES CORRALEJO,17,27.292,81.6733,False,10,CESUR DISTRITO OLIMPICO,True
TOSCONES CORRALEJO,17,12.2003,41.845,False,10,CESUR DISTRITO OLIMPICO,True
TOSCONES CORRALEJO,7,30.677,17.2674,True,10,CESUR DISTRITO OLIMPICO,True
TOSCONES CORRALEJO,9,15.867400000000004,55.2051,False,10,CESUR DISTRITO OLIMPICO,True
TOSCONES CORRALEJO,11,28.6319,79.0265,False,10,CESUR DISTRITO OLIMPICO,True
TOSCONES CORRALEJO,17,8.11001,43.6095,False,10,CESUR DISTRITO OLIMPICO,True
TOSCONES CORRALEJO,7,33.4979,33.1483,False,10,CESUR DISTRITO OLIMPICO,True
TOSCONES CORRALEJO,9,16.572599999999994,47.6428,True,10,CESUR DISTRITO OLIMPICO,True
TOSCONES CORRALEJO,9,10.507800000000003,51.0458,True,10,CESUR DISTRITO OLIMPICO,True
TOSCONES CORRALEJO,8,14.2454,61.381,False,10,CESUR DISTRITO OLIMPICO,True
TOSCONES CORRALEJO,9,9.026799999999994,43.1054,False,10,CESUR DISTRITO OLIMPICO,True
TOSCONES CORRALEJO,17,8.039500000000004,61.5071,True,10,CESUR DISTRITO OLIMPICO,True
TOSCONES CORRALEJO,17,31.029600000000002,74.9932,False,10,CESUR DISTRITO OLIMPICO,True
TOSCONES CORRALEJO,9,12.2003,53.1885,True,10,CESUR DISTRITO OLIMPICO,True
TOSCONES CORRALEJO,11,29.4076,77.0099,False,10,CESUR DISTRITO OLIMPICO,True
TOSCONES CORRALEJO,9,30.4654,76.1276,True,10,CESUR DISTRITO OLIMPICO,True
TOSCONES CORRALEJO,30,31.5938,18.2757,True,10,CESUR DISTRITO OLIMPICO,True
TOSCONES CORRALEJO,25,33.5684,68.9434,False,10,CESUR DISTRITO OLIMPICO,True
TOSCONES CORRALEJO,8,34.7673,45.7522,False,10,CESUR DISTRITO OLIMPICO,True
TOSCONES CORRALEJO,17,19.393500000000003,47.8948,False,10,CESUR DISTRITO OLIMPICO,True
TOSCONES CORRALEJO,7,34.6262,59.6165,False,10,CESUR DISTRITO OLIMPICO,True
TOSCONES CORRALEJO,8,10.860399999999998,41.2148,False,10,CESUR DISTRITO OLIMPICO,True
TOSCONES CORRALEJO,7,31.8759,67.3049,False,10,CESUR DISTRITO OLIMPICO,True
TOSCONES CORRALEJO,11,33.9915,31.2577,False,10,CESUR DISTRITO OLIMPICO,True
TOSCONES CORRALEJO,25,8.603700000000003,42.9793,True,10,CESUR DISTRITO OLIMPICO,True
TOSCONES CORRALEJO,17,11.847700000000003,57.8519,False,10,CESUR DISTRITO OLIMPICO,True
TOSCONES CORRALEJO,9,8.46262,37.3076,True,10,CESUR DISTRITO OLIMPICO,True
TOSCONES CORRALEJO,8,30.8181,79.9088,False,10,CESUR DISTRITO OLIMPICO,True
TOSCONES CORRALEJO,9,19.6756,70.96,False,10,CESUR DISTRITO OLIMPICO,True
CESUR DISTRITO OLIMPICO,16,7.82793,38.3159,True,10,TOSCONES CORRALEJO,False
CESUR DISTRITO OLIMPICO,2,11.636099999999999,62.2633,False,10,TOSCONES CORRALEJO,False
CESUR DISTRITO OLIMPICO,14,14.6685,62.3893,True,10,TOSCONES CORRALEJO,False
CESUR DISTRITO OLIMPICO,33,15.9379,60.8769,False,10,TOSCONES CORRALEJO,False
CESUR DISTRITO OLIMPICO,33,9.590999999999994,62.3893,False,10,TOSCONES CORRALEJO,False
CESUR DISTRITO OLIMPICO,12,7.89845,62.1373,True,10,TOSCONES CORRALEJO,False
CESUR DISTRITO OLIMPICO,2,8.03949,57.4738,True,10,TOSCONES CORRALEJO,False
CESUR DISTRITO OLIMPICO,41,16.290599999999998,93.8991,False,10,TOSCONES CORRALEJO,False
CESUR DISTRITO OLIMPICO,2,19.464,5.29364,True,10,TOSCONES CORRALEJO,False
CESUR DISTRITO OLIMPICO,12,23.695300000000003,7.68838,False,10,TOSCONES CORRALEJO,False
CESUR DISTRITO OLIMPICO,7,7.475300000000004,94.2772,False,10,TOSCONES CORRALEJO,False
CESUR DISTRITO OLIMPICO,12,7.4048,2.77286,True,10,TOSCONES CORRALEJO,False
CESUR DISTRITO OLIMPICO,33,34.6262,46.1303,False,10,TOSCONES CORRALEJO,False
CESUR DISTRITO OLIMPICO,14,30.2539,74.111,True,10,TOSCONES CORRALEJO,False
CESUR DISTRITO OLIMPICO,33,26.7278,16.133,False,10,TOSCONES CORRALEJO,False
CESUR DISTRITO OLIMPICO,16,21.7207,41.0887,False,10,TOSCONES CORRALEJO,False
CESUR DISTRITO OLIMPICO,13,9.308899999999994,58.9863,True,10,TOSCONES CORRALEJO,False
CESUR DISTRITO OLIMPICO,2,10.3667,70.4558,False,10,TOSCONES CORRALEJO,False
CESUR DISTRITO OLIMPICO,14,29.7602,78.9005,True,10,TOSCONES CORRALEJO,False
CESUR DISTRITO OLIMPICO,14,13.187600000000003,23.5693,False,10,TOSCONES CORRALEJO,False
CESUR DISTRITO OLIMPICO,33,11.636099999999999,66.9267,False,10,TOSCONES CORRALEJO,False
CESUR DISTRITO OLIMPICO,2,33.5684,56.0874,False,10,TOSCONES CORRALEJO,False
CESUR DISTRITO OLIMPICO,2,12.835,1.63851,True,10,TOSCONES CORRALEJO,False
CESUR DISTRITO OLIMPICO,15,8.885800000000003,41.7189,True,10,TOSCONES CORRALEJO,False
CESUR DISTRITO OLIMPICO,14,34.5557,45.6261,True,10,TOSCONES CORRALEJO,False
CESUR DISTRITO OLIMPICO,16,33.921,37.9378,False,10,TOSCONES CORRALEJO,False
CESUR DISTRITO OLIMPICO,2,5.571200000000005,93.8991,True,10,TOSCONES CORRALEJO,False
CESUR DISTRITO OLIMPICO,14,10.5783,45.5001,True,10,TOSCONES CORRALEJO,False
CESUR DISTRITO OLIMPICO,2,30.6065,80.791,True,10,TOSCONES CORRALEJO,False
CESUR DISTRITO OLIMPICO,2,9.73202,61.129,False,10,TOSCONES CORRALEJO,False
CESUR DISTRITO OLIMPICO,33,12.835,2.2687,False,10,TOSCONES CORRALEJO,False
CESUR DISTRITO OLIMPICO,2,36.0367,27.3505,False,10,TOSCONES CORRALEJO,False
CESUR DISTRITO OLIMPICO,41,32.158,78.6484,True,10,TOSCONES CORRALEJO,False
CESUR DISTRITO OLIMPICO,2,11.0014,32.392,False,10,TOSCONES CORRALEJO,False
CESUR DISTRITO OLIMPICO,12,8.18054,56.4655,False,10,TOSCONES CORRALEJO,False
CESUR DISTRITO OLIMPICO,14,13.1171,40.5846,False,10,TOSCONES CORRALEJO,False
CESUR DISTRITO OLIMPICO,16,8.180499999999995,58.8602,False,10,TOSCONES CORRALEJO,False
CESUR DISTRITO OLIMPICO,2,12.9055,62.3893,False,10,TOSCONES CORRALEJO,False
CESUR DISTRITO OLIMPICO,16,13.751800000000003,1.00831,False,10,TOSCONES CORRALEJO,False
CESUR DISTRITO OLIMPICO,33,34.5557,44.9959,False,10,TOSCONES CORRALEJO,False
CESUR DISTRITO OLIMPICO,10,32.2285,24.9557,False,10,TOSCONES CORRALEJO,False
CESUR DISTRITO OLIMPICO,2,6.911100000000005,61.7591,True,10,TOSCONES CORRALEJO,False
CESUR DISTRITO OLIMPICO,12,23.4838,89.2357,False,10,TOSCONES CORRALEJO,False
CESUR DISTRITO OLIMPICO,16,10.578299999999999,61.5071,True,10,TOSCONES CORRALEJO,False
CESUR DISTRITO OLIMPICO,10,30.042299999999997,79.4046,False,10,TOSCONES CORRALEJO,False
CESUR DISTRITO OLIMPICO,12,31.170699999999997,31.2577,False,10,TOSCONES CORRALEJO,False
CESUR DISTRITO OLIMPICO,41,15.373800000000003,71.9683,False,10,TOSCONES CORRALEJO,False
CESUR DISTRITO OLIMPICO,41,10.366699999999994,61.6331,True,10,TOSCONES CORRALEJO,False
CESUR DISTRITO OLIMPICO,2,9.590999999999994,62.8935,False,10,TOSCONES CORRALEJO,False
CESUR DISTRITO OLIMPICO,33,34.8378,53.1885,True,10,TOSCONES CORRALEJO,False
CESUR DISTRITO OLIMPICO,16,8.885800000000003,65.2882,True,10,TOSCONES CORRALEJO,False
CESUR DISTRITO OLIMPICO,2,10.7898,60.8769,True,10,TOSCONES CORRALEJO,False
CESUR DISTRITO OLIMPICO,41,31.5938,21.4266,False,10,TOSCONES CORRALEJO,False
CESUR DISTRITO OLIMPICO,14,7.757400000000004,56.2134,True,10,TOSCONES CORRALEJO,False
CESUR DISTRITO OLIMPICO,2,29.4076,78.5223,False,10,TOSCONES CORRALEJO,False
CESUR DISTRITO OLIMPICO,41,11.354,33.1483,False,10,TOSCONES CORRALEJO,False
CESUR DISTRITO OLIMPICO,33,24.541600000000003,89.1096,False,10,TOSCONES CORRALEJO,False
CESUR DISTRITO OLIMPICO,2,11.354,33.1483,True,10,TOSCONES CORRALEJO,False
CESUR DISTRITO OLIMPICO,2,14.245400000000004,26.4682,False,10,TOSCONES CORRALEJO,False
CESUR DISTRITO OLIMPICO,14,12.200299999999999,58.9863,False,10,TOSCONES CORRALEJO,False
CESUR DISTRITO OLIMPICO,14,8.88575,56.9697,True,10,TOSCONES CORRALEJO,False
CESUR DISTRITO OLIMPICO,41,29.1961,17.6455,False,10,TOSCONES CORRALEJO,False
CESUR DISTRITO OLIMPICO,41,8.88575,71.086,True,10,TOSCONES CORRALEJO,False
CESUR DISTRITO OLIMPICO,41,11.0014,71.3381,False,10,TOSCONES CORRALEJO,False
CESUR DISTRITO OLIMPICO,16,30.677000000000007,20.6704,False,10,TOSCONES CORRALEJO,False
CESUR DISTRITO OLIMPICO,14,10.2962,38.568,True,10,TOSCONES CORRALEJO,False
CESUR DISTRITO OLIMPICO,2,7.61636,54.701,True,10,TOSCONES CORRALEJO,False
CESUR DISTRITO OLIMPICO,2,25.246799999999993,11.5956,False,10,TOSCONES CORRALEJO,False
CESUR DISTRITO OLIMPICO,2,28.7729,79.6567,False,10,TOSCONES CORRALEJO,False
MOVISTAR ESTUDIANTES,9,10.1376,29.4909,False,10,TOBARRA CB,True
MOVISTAR ESTUDIANTES,7,5.38189,4.50775,True,10,TOBARRA CB,True
MOVISTAR ESTUDIANTES,6,28.1572,81.981,False,10,TOBARRA CB,True
MOVISTAR ESTUDIANTES,8,9.7513,45.2761,False,10,TOBARRA CB,True
MOVISTAR ESTUDIANTES,6,28.9654,13.555,True,10,TOBARRA CB,True
MOVISTAR ESTUDIANTES,9,9.822400000000002,60.4342,False,10,TOBARRA CB,True
MOVISTAR ESTUDIANTES,15,7.05597,94.4489,False,10,TOBARRA CB,True
MOVISTAR ESTUDIANTES,6,30.8792,76.0844,False,10,TOBARRA CB,True
MOVISTAR ESTUDIANTES,9,6.345399999999998,28.5069,False,10,TOBARRA CB,True
MOVISTAR ESTUDIANTES,25,27.6288,84.0048,False,10,TOBARRA CB,True
MOVISTAR ESTUDIANTES,6,31.6607,82.9096,False,10,TOBARRA CB,True
MOVISTAR ESTUDIANTES,7,28.370400000000004,83.2032,False,10,TOBARRA CB,True
MOVISTAR ESTUDIANTES,9,8.96092,46.5538,False,10,TOBARRA CB,True
MOVISTAR ESTUDIANTES,6,29.467100000000002,79.624,True,10,TOBARRA CB,True
MOVISTAR ESTUDIANTES,6,8.60568,94.1869,True,10,TOBARRA CB,True
MOVISTAR ESTUDIANTES,8,29.382800000000003,13.0789,False,10,TOBARRA CB,True
MOVISTAR ESTUDIANTES,8,10.146500000000003,5.60293,False,10,TOBARRA CB,True
MOVISTAR ESTUDIANTES,2,11.603,34.8955,False,10,TOBARRA CB,True
MOVISTAR ESTUDIANTES,7,27.7797,81.2271,False,10,TOBARRA CB,True
MOVISTAR ESTUDIANTES,25,29.0497,17.166,False,10,TOBARRA CB,True
MOVISTAR ESTUDIANTES,2,9.31173,39.7366,False,10,TOBARRA CB,True
MOVISTAR ESTUDIANTES,7,15.8837,74.6877,True,10,TOBARRA CB,True
MOVISTAR ESTUDIANTES,7,30.3108,78.0209,False,10,TOBARRA CB,True
MOVISTAR ESTUDIANTES,19,18.0017,44.9745,True,10,TOBARRA CB,True
MOVISTAR ESTUDIANTES,7,12.895200000000003,48.9505,False,10,TOBARRA CB,True
MOVISTAR ESTUDIANTES,2,25.421800000000005,86.5999,False,10,TOBARRA CB,True
MOVISTAR ESTUDIANTES,6,5.73713,95.7662,True,10,TOBARRA CB,True
MOVISTAR ESTUDIANTES,8,11.145600000000002,55.3313,True,10,TOBARRA CB,True
MOVISTAR ESTUDIANTES,11,26.616299999999995,11.5154,False,10,TOBARRA CB,True
MOVISTAR ESTUDIANTES,2,11.2389,62.204,False,10,TOBARRA CB,True
MOVISTAR ESTUDIANTES,19,5.36411,5.38872,False,10,TOBARRA CB,True
MOVISTAR ESTUDIANTES,8,6.189999999999998,6.69021,False,10,TOBARRA CB,True
MOVISTAR ESTUDIANTES,9,12.4911,51.4107,True,10,TOBARRA CB,True
MOVISTAR ESTUDIANTES,9,7.59767,57.0454,True,10,TOBARRA CB,True
MOVISTAR ESTUDIANTES,7,10.768199999999993,51.0298,True,10,TOBARRA CB,True
MOVISTAR ESTUDIANTES,11,29.8135,79.3621,False,10,TOBARRA CB,True
MOVISTAR ESTUDIANTES,19,32.8464,22.269,True,10,TOBARRA CB,True
MOVISTAR ESTUDIANTES,6,31.1235,81.9255,False,10,TOBARRA CB,True
MOVISTAR ESTUDIANTES,19,11.674000000000007,49.2204,True,10,TOBARRA CB,True
MOVISTAR ESTUDIANTES,12,18.992000000000004,73.9417,False,10,TOBARRA CB,True
MOVISTAR ESTUDIANTES,25,6.20781,19.904,True,10,TOBARRA CB,True
MOVISTAR ESTUDIANTES,8,7.246899999999997,96.5995,False,10,TOBARRA CB,True
MOVISTAR ESTUDIANTES,6,12.7087,49.9425,True,10,TOBARRA CB,True
MOVISTAR ESTUDIANTES,25,20.133200000000002,94.052,True,10,TOBARRA CB,True
MOVISTAR ESTUDIANTES,2,29.480500000000006,80.9334,False,10,TOBARRA CB,True
MOVISTAR ESTUDIANTES,8,6.305499999999995,95.2504,True,10,TOBARRA CB,True
MOVISTAR ESTUDIANTES,9,16.1723,57.974,False,10,TOBARRA CB,True
MOVISTAR ESTUDIANTES,8,31.7895,40.9667,False,10,TOBARRA CB,True
MOVISTAR ESTUDIANTES,2,8.436899999999994,96.9646,False,10,TOBARRA CB,True
MOVISTAR ESTUDIANTES,8,7.46892,73.656,False,10,TOBARRA CB,True
MOVISTAR ESTUDIANTES,25,35.5418,66.9816,False,10,TOBARRA CB,True
MOVISTAR ESTUDIANTES,12,16.2744,5.48389,False,10,TOBARRA CB,True
MOVISTAR ESTUDIANTES,9,5.69715,60.839,False,10,TOBARRA CB,True
MOVISTAR ESTUDIANTES,11,26.034599999999998,18.6342,True,10,TOBARRA CB,True
MOVISTAR ESTUDIANTES,8,33.2504,20.1501,False,10,TOBARRA CB,True
MOVISTAR ESTUDIANTES,11,26.736199999999997,17.2137,False,10,TOBARRA CB,True
MOVISTAR ESTUDIANTES,2,30.0755,16.1184,False,10,TOBARRA CB,True
MOVISTAR ESTUDIANTES,7,10.710499999999996,69.7276,False,10,TOBARRA CB,True
MOVISTAR ESTUDIANTES,22,11.0124,49.4347,True,10,TOBARRA CB,True
MOVISTAR ESTUDIANTES,9,22.246899999999997,51.5616,False,10,TOBARRA CB,True
MOVISTAR ESTUDIANTES,9,16.3588,68.2038,True,10,TOBARRA CB,True
MOVISTAR ESTUDIANTES,6,7.446700000000007,5.66648,False,10,TOBARRA CB,True
MOVISTAR ESTUDIANTES,8,24.7824,85.7666,False,10,TOBARRA CB,True
MOVISTAR ESTUDIANTES,6,26.2744,80.4732,False,10,TOBARRA CB,True
MOVISTAR ESTUDIANTES,9,10.9813,54.1408,True,10,TOBARRA CB,True
MOVISTAR ESTUDIANTES,9,9.684700000000007,52.7043,True,10,TOBARRA CB,True
MOVISTAR ESTUDIANTES,25,8.192700000000002,4.53154,False,10,TOBARRA CB,True
MOVISTAR ESTUDIANTES,8,8.081699999999998,97.036,False,10,TOBARRA CB,True
MOVISTAR ESTUDIANTES,22,10.4174,45.1252,True,10,TOBARRA CB,True
MOVISTAR ESTUDIANTES,9,12.007099999999994,52.3631,True,10,TOBARRA CB,True
MOVISTAR ESTUDIANTES,6,19.5027,20.6976,True,10,TOBARRA CB,True
MOVISTAR ESTUDIANTES,6,7.6954000000000065,5.16644,True,10,TOBARRA CB,True
MOVISTAR ESTUDIANTES,6,30.599400000000003,22.9753,True,10,TOBARRA CB,True
MOVISTAR ESTUDIANTES,12,11.2034,48.6331,False,10,TOBARRA CB,True
MOVISTAR ESTUDIANTES,12,10.008899999999997,49.4823,True,10,TOBARRA CB,True
MOVISTAR ESTUDIANTES,2,32.113699999999994,74.0686,False,10,TOBARRA CB,True
MOVISTAR ESTUDIANTES,9,9.880099999999999,43.8158,True,10,TOBARRA CB,True
MOVISTAR ESTUDIANTES,11,35.5418,51.8472,True,10,TOBARRA CB,True
TOBARRA CB,32,13.325900000000004,53.5853,True,10,MOVISTAR ESTUDIANTES,False
TOBARRA CB,3,10.7238,61.1088,False,10,MOVISTAR ESTUDIANTES,False
TOBARRA CB,32,38.8544,22.7134,False,10,MOVISTAR ESTUDIANTES,False
TOBARRA CB,32,8.38812,60.4342,True,10,MOVISTAR ESTUDIANTES,False
TOBARRA CB,21,9.249499999999998,59.2676,False,10,MOVISTAR ESTUDIANTES,False
TOBARRA CB,3,10.1865,57.2994,True,10,MOVISTAR ESTUDIANTES,False
TOBARRA CB,3,6.62523,43.292,False,10,MOVISTAR ESTUDIANTES,False
TOBARRA CB,21,7.042599999999993,94.2505,False,10,MOVISTAR ESTUDIANTES,False
TOBARRA CB,3,10.1732,38.5621,True,10,MOVISTAR ESTUDIANTES,False
TOBARRA CB,34,13.0728,53.2441,False,10,MOVISTAR ESTUDIANTES,False
TOBARRA CB,3,18.0994,76.1559,True,10,MOVISTAR ESTUDIANTES,False
TOBARRA CB,0,33.9343,16.92,False,10,MOVISTAR ESTUDIANTES,False
TOBARRA CB,3,31.327699999999993,79.6161,False,10,MOVISTAR ESTUDIANTES,False
TOBARRA CB,21,10.070999999999998,74.6877,False,10,MOVISTAR ESTUDIANTES,False
TOBARRA CB,0,32.744200000000006,30.2052,False,10,MOVISTAR ESTUDIANTES,False
TOBARRA CB,31,12.193600000000004,52.4187,True,10,MOVISTAR ESTUDIANTES,False
TOBARRA CB,0,11.238900000000001,49.5061,False,10,MOVISTAR ESTUDIANTES,False
TOBARRA CB,3,15.830399999999997,42.173,False,10,MOVISTAR ESTUDIANTES,False
TOBARRA CB,32,5.38631,44.2285,False,10,MOVISTAR ESTUDIANTES,False
TOBARRA CB,28,9.853399999999993,75.7194,True,10,MOVISTAR ESTUDIANTES,False
TOBARRA CB,3,35.4041,18.912,False,10,MOVISTAR ESTUDIANTES,False
TOBARRA CB,3,33.57899999999999,62.9341,True,10,MOVISTAR ESTUDIANTES,False
TOBARRA CB,31,14.342799999999997,44.4666,False,10,MOVISTAR ESTUDIANTES,False
TOBARRA CB,32,20.1288,24.134,True,10,MOVISTAR ESTUDIANTES,False
TOBARRA CB,34,11.0657,39.6335,True,10,MOVISTAR ESTUDIANTES,False
TOBARRA CB,0,35.3908,50.6012,True,10,MOVISTAR ESTUDIANTES,False
TOBARRA CB,7,13.436899999999994,52.4901,False,10,MOVISTAR ESTUDIANTES,False
TOBARRA CB,28,20.9503,93.5203,True,10,MOVISTAR ESTUDIANTES,False
TOBARRA CB,0,18.210499999999996,69.2593,True,10,MOVISTAR ESTUDIANTES,False
TOBARRA CB,28,10.7149,53.3313,True,10,MOVISTAR ESTUDIANTES,False
TOBARRA CB,32,14.9601,60.9025,False,10,MOVISTAR ESTUDIANTES,False
TOBARRA CB,21,11.5986,18.3405,False,10,MOVISTAR ESTUDIANTES,False
TOBARRA CB,28,33.51690000000001,15.7216,False,10,MOVISTAR ESTUDIANTES,False
TOBARRA CB,3,30.262,80.7033,True,10,MOVISTAR ESTUDIANTES,False
TOBARRA CB,7,14.7025,43.8951,False,10,MOVISTAR ESTUDIANTES,False
TOBARRA CB,28,12.699799999999996,51.752,True,10,MOVISTAR ESTUDIANTES,False
TOBARRA CB,21,13.143900000000002,51.8234,True,10,MOVISTAR ESTUDIANTES,False
TOBARRA CB,28,13.547899999999998,54.4186,True,10,MOVISTAR ESTUDIANTES,False
TOBARRA CB,3,24.063000000000002,4.08715,False,10,MOVISTAR ESTUDIANTES,False
TOBARRA CB,32,12.6643,35.832,False,10,MOVISTAR ESTUDIANTES,False
TOBARRA CB,6,10.550600000000003,40.6572,False,10,MOVISTAR ESTUDIANTES,False
TOBARRA CB,7,9.95114,41.3397,False,10,MOVISTAR ESTUDIANTES,False
TOBARRA CB,3,14.862399999999994,52.2917,False,10,MOVISTAR ESTUDIANTES,False
TOBARRA CB,0,12.859700000000004,60.6326,True,10,MOVISTAR ESTUDIANTES,False
TOBARRA CB,32,9.68917,43.1095,True,10,MOVISTAR ESTUDIANTES,False
TOBARRA CB,32,27.7442,82.1239,False,10,MOVISTAR ESTUDIANTES,False
TOBARRA CB,3,17.069199999999995,27.4037,False,10,MOVISTAR ESTUDIANTES,False
TOBARRA CB,3,35.8792,51.7838,True,10,MOVISTAR ESTUDIANTES,False
TOBARRA CB,3,11.864999999999995,57.5693,False,10,MOVISTAR ESTUDIANTES,False
TOBARRA CB,28,5.19096,5.27758,True,10,MOVISTAR ESTUDIANTES,False
TOBARRA CB,32,15.5373,24.9912,False,10,MOVISTAR ESTUDIANTES,False
TOBARRA CB,28,27.566599999999994,14.3249,True,10,MOVISTAR ESTUDIANTES,False
TOBARRA CB,32,26.754,84.4413,True,10,MOVISTAR ESTUDIANTES,False
TOBARRA CB,34,14.7025,43.8951,False,10,MOVISTAR ESTUDIANTES,False
TOBARRA CB,0,9.34282,57.6803,True,10,MOVISTAR ESTUDIANTES,False
TOBARRA CB,3,12.087000000000003,53.8551,True,10,MOVISTAR ESTUDIANTES,False
TOBARRA CB,32,29.0364,80.5128,False,10,MOVISTAR ESTUDIANTES,False
TOBARRA CB,7,7.50444,84.4889,False,10,MOVISTAR ESTUDIANTES,False
TOBARRA CB,0,9.67139,50.4822,True,10,MOVISTAR ESTUDIANTES,False
TOBARRA CB,32,8.179400000000001,60.9977,True,10,MOVISTAR ESTUDIANTES,False
TOBARRA CB,0,29.102999999999994,83.0365,False,10,MOVISTAR ESTUDIANTES,False
TOBARRA CB,7,11.8739,38.3081,False,10,MOVISTAR ESTUDIANTES,False
TOBARRA CB,31,12.109200000000001,36.2129,False,10,MOVISTAR ESTUDIANTES,False
TOBARRA CB,0,38.0062,20.1421,False,10,MOVISTAR ESTUDIANTES,False
TOBARRA CB,0,11.434299999999993,63.5928,False,10,MOVISTAR ESTUDIANTES,False
TOBARRA CB,28,12.753100000000003,54.8551,False,10,MOVISTAR ESTUDIANTES,False
SUMIALKI CB CIUDAD DE MOSTOLES,8,12.2708,47.6428,True,10,EL VENTERO CBV,True
SUMIALKI CB CIUDAD DE MOSTOLES,15,16.079,1.89059,False,10,EL VENTERO CBV,True
SUMIALKI CB CIUDAD DE MOSTOLES,9,36.0367,61.7591,True,10,EL VENTERO CBV,True
SUMIALKI CB CIUDAD DE MOSTOLES,25,5.994399999999999,50.0375,False,10,EL VENTERO CBV,True
SUMIALKI CB CIUDAD DE MOSTOLES,20,9.59097,50.1636,False,10,EL VENTERO CBV,True
SUMIALKI CB CIUDAD DE MOSTOLES,29,35.754599999999996,41.971,True,10,EL VENTERO CBV,True
SUMIALKI CB CIUDAD DE MOSTOLES,12,29.266599999999997,9.70501,False,10,EL VENTERO CBV,True
SUMIALKI CB CIUDAD DE MOSTOLES,20,11.0719,56.5915,False,10,EL VENTERO CBV,True
SUMIALKI CB CIUDAD DE MOSTOLES,8,37.8702,44.9959,False,10,EL VENTERO CBV,True
SUMIALKI CB CIUDAD DE MOSTOLES,25,11.0719,47.8948,True,10,EL VENTERO CBV,True
SUMIALKI CB CIUDAD DE MOSTOLES,25,10.155100000000004,51.4239,True,10,EL VENTERO CBV,True
SUMIALKI CB CIUDAD DE MOSTOLES,4,32.5106,16.007,False,10,EL VENTERO CBV,True
SUMIALKI CB CIUDAD DE MOSTOLES,20,9.1678,22.3089,True,10,EL VENTERO CBV,True
SUMIALKI CB CIUDAD DE MOSTOLES,4,9.732,49.7854,False,10,EL VENTERO CBV,True
SUMIALKI CB CIUDAD DE MOSTOLES,88,34.9083,71.2121,False,10,EL VENTERO CBV,True
SUMIALKI CB CIUDAD DE MOSTOLES,88,19.393500000000003,89.9919,False,10,EL VENTERO CBV,True
SUMIALKI CB CIUDAD DE MOSTOLES,9,11.5656,20.0402,True,10,EL VENTERO CBV,True
SUMIALKI CB CIUDAD DE MOSTOLES,4,33.921,23.0652,False,10,EL VENTERO CBV,True
SUMIALKI CB CIUDAD DE MOSTOLES,29,9.732,15.5028,False,10,EL VENTERO CBV,True
SUMIALKI CB CIUDAD DE MOSTOLES,88,32.0874,17.3934,False,10,EL VENTERO CBV,True
SUMIALKI CB CIUDAD DE MOSTOLES,4,31.734800000000007,12.856,False,10,EL VENTERO CBV,True
SUMIALKI CB CIUDAD DE MOSTOLES,8,9.590999999999994,48.273,False,10,EL VENTERO CBV,True
SUMIALKI CB CIUDAD DE MOSTOLES,8,11.8477,36.0472,False,10,EL VENTERO CBV,True
SUMIALKI CB CIUDAD DE MOSTOLES,88,11.7066,45.7522,False,10,EL VENTERO CBV,True
SUMIALKI CB CIUDAD DE MOSTOLES,22,9.37941,24.9557,False,10,EL VENTERO CBV,True
SUMIALKI CB CIUDAD DE MOSTOLES,29,36.1777,69.3215,True,10,EL VENTERO CBV,True
SUMIALKI CB CIUDAD DE MOSTOLES,20,10.296199999999999,48.525,True,10,EL VENTERO CBV,True
SUMIALKI CB CIUDAD DE MOSTOLES,13,17.1368,6.93215,False,10,EL VENTERO CBV,True
SUMIALKI CB CIUDAD DE MOSTOLES,88,9.09732,95.5376,True,10,EL VENTERO CBV,True
SUMIALKI CB CIUDAD DE MOSTOLES,29,8.32158,87.8492,False,10,EL VENTERO CBV,True
SUMIALKI CB CIUDAD DE MOSTOLES,8,9.1678,50.1636,True,10,EL VENTERO CBV,True
SUMIALKI CB CIUDAD DE MOSTOLES,4,10.648799999999994,48.1469,True,10,EL VENTERO CBV,True
SUMIALKI CB CIUDAD DE MOSTOLES,20,8.25106,52.4323,False,10,EL VENTERO CBV,True
SUMIALKI CB CIUDAD DE MOSTOLES,9,36.4598,48.9032,False,10,EL VENTERO CBV,True
SUMIALKI CB CIUDAD DE MOSTOLES,8,10.2257,48.273,False,10,EL VENTERO CBV,True
SUMIALKI CB CIUDAD DE MOSTOLES,4,25.5289,8.82274,False,10,EL VENTERO CBV,True
SUMIALKI CB CIUDAD DE MOSTOLES,9,36.1777,47.8948,True,10,EL VENTERO CBV,True
SUMIALKI CB CIUDAD DE MOSTOLES,4,8.603700000000003,51.0458,False,10,EL VENTERO CBV,True
SUMIALKI CB CIUDAD DE MOSTOLES,4,25.7405,10.7133,True,10,EL VENTERO CBV,True
SUMIALKI CB CIUDAD DE MOSTOLES,88,31.3822,13.2341,False,10,EL VENTERO CBV,True
SUMIALKI CB CIUDAD DE MOSTOLES,13,33.78,84.0681,False,10,EL VENTERO CBV,True
SUMIALKI CB CIUDAD DE MOSTOLES,88,9.379400000000004,49.5334,False,10,EL VENTERO CBV,True
SUMIALKI CB CIUDAD DE MOSTOLES,8,11.7066,45.7522,True,10,EL VENTERO CBV,True
SUMIALKI CB CIUDAD DE MOSTOLES,88,11.213,44.6178,True,10,EL VENTERO CBV,True
SUMIALKI CB CIUDAD DE MOSTOLES,88,10.084599999999995,49.6594,True,10,EL VENTERO CBV,True
SUMIALKI CB CIUDAD DE MOSTOLES,12,10.225700000000003,47.1386,False,10,EL VENTERO CBV,True
SUMIALKI CB CIUDAD DE MOSTOLES,88,16.7137,48.1469,False,10,EL VENTERO CBV,True
SUMIALKI CB CIUDAD DE MOSTOLES,8,32.01690000000001,10.2092,False,10,EL VENTERO CBV,True
SUMIALKI CB CIUDAD DE MOSTOLES,88,10.0141,46.7605,True,10,EL VENTERO CBV,True
SUMIALKI CB CIUDAD DE MOSTOLES,15,10.930899999999994,46.6345,False,10,EL VENTERO CBV,True
SUMIALKI CB CIUDAD DE MOSTOLES,29,14.3159,49.1552,False,10,EL VENTERO CBV,True
SUMIALKI CB CIUDAD DE MOSTOLES,20,7.898399999999995,76.3797,False,10,EL VENTERO CBV,True
SUMIALKI CB CIUDAD DE MOSTOLES,4,13.1171,50.1636,False,10,EL VENTERO CBV,True
SUMIALKI CB CIUDAD DE MOSTOLES,8,9.802499999999995,47.1386,False,10,EL VENTERO CBV,True
SUMIALKI CB CIUDAD DE MOSTOLES,20,11.7772,48.399,True,10,EL VENTERO CBV,True
SUMIALKI CB CIUDAD DE MOSTOLES,13,34.414699999999996,78.2703,False,10,EL VENTERO CBV,True
SUMIALKI CB CIUDAD DE MOSTOLES,4,11.847700000000003,48.9032,False,10,EL VENTERO CBV,True
SUMIALKI CB CIUDAD DE MOSTOLES,15,9.0268,48.0209,True,10,EL VENTERO CBV,True
SUMIALKI CB CIUDAD DE MOSTOLES,4,17.9126,2.77286,False,10,EL VENTERO CBV,True
SUMIALKI CB CIUDAD DE MOSTOLES,4,11.4951,51.55,True,10,EL VENTERO CBV,True
SUMIALKI CB CIUDAD DE MOSTOLES,22,28.561400000000006,10.4612,False,10,EL VENTERO CBV,True
SUMIALKI CB CIUDAD DE MOSTOLES,4,12.6234,47.6428,True,10,EL VENTERO CBV,True
SUMIALKI CB CIUDAD DE MOSTOLES,88,10.366699999999994,50.2896,True,10,EL VENTERO CBV,True
SUMIALKI CB CIUDAD DE MOSTOLES,8,10.7898,48.0209,True,10,EL VENTERO CBV,True
SUMIALKI CB CIUDAD DE MOSTOLES,22,13.8928,23.3172,False,10,EL VENTERO CBV,True
SUMIALKI CB CIUDAD DE MOSTOLES,22,31.241200000000006,12.4779,True,10,EL VENTERO CBV,True
SUMIALKI CB CIUDAD DE MOSTOLES,9,11.283500000000004,48.525,False,10,EL VENTERO CBV,True
SUMIALKI CB CIUDAD DE MOSTOLES,8,36.4598,37.1815,False,10,EL VENTERO CBV,True
SUMIALKI CB CIUDAD DE MOSTOLES,25,36.8829,49.0292,False,10,EL VENTERO CBV,True
SUMIALKI CB CIUDAD DE MOSTOLES,88,27.573999999999998,8.82274,True,10,EL VENTERO CBV,True
SUMIALKI CB CIUDAD DE MOSTOLES,29,11.636099999999999,47.8948,True,10,EL VENTERO CBV,True
SUMIALKI CB CIUDAD DE MOSTOLES,29,27.221400000000003,10.7133,False,10,EL VENTERO CBV,True
EL VENTERO CBV,10,34.767300000000006,81.5473,True,10,SUMIALKI CB CIUDAD DE MOSTOLES,False
EL VENTERO CBV,0,10.0141,48.273,False,10,SUMIALKI CB CIUDAD DE MOSTOLES,False
EL VENTERO CBV,1,17.0663,22.8131,True,10,SUMIALKI CB CIUDAD DE MOSTOLES,False
EL VENTERO CBV,10,40.1975,74.4891,False,10,SUMIALKI CB CIUDAD DE MOSTOLES,False
EL VENTERO CBV,18,11.4245,46.8865,False,10,SUMIALKI CB CIUDAD DE MOSTOLES,False
EL VENTERO CBV,18,9.52045,49.4073,True,10,SUMIALKI CB CIUDAD DE MOSTOLES,False
EL VENTERO CBV,1,34.7673,82.1775,False,10,SUMIALKI CB CIUDAD DE MOSTOLES,False
EL VENTERO CBV,1,9.52045,49.7854,True,10,SUMIALKI CB CIUDAD DE MOSTOLES,False
EL VENTERO CBV,22,9.6615,48.1469,True,10,SUMIALKI CB CIUDAD DE MOSTOLES,False
EL VENTERO CBV,0,10.6488,50.5417,False,10,SUMIALKI CB CIUDAD DE MOSTOLES,False
EL VENTERO CBV,1,11.988699999999994,50.2896,True,10,SUMIALKI CB CIUDAD DE MOSTOLES,False
EL VENTERO CBV,41,9.23836,43.6095,False,10,SUMIALKI CB CIUDAD DE MOSTOLES,False
EL VENTERO CBV,10,12.200299999999999,47.5167,True,10,SUMIALKI CB CIUDAD DE MOSTOLES,False
EL VENTERO CBV,1,15.444299999999998,47.3907,False,10,SUMIALKI CB CIUDAD DE MOSTOLES,False
EL VENTERO CBV,0,11.6361,47.1386,True,10,SUMIALKI CB CIUDAD DE MOSTOLES,False
EL VENTERO CBV,22,26.304699999999997,88.7315,True,10,SUMIALKI CB CIUDAD DE MOSTOLES,False
EL VENTERO CBV,0,9.44993,46.1303,False,10,SUMIALKI CB CIUDAD DE MOSTOLES,False
EL VENTERO CBV,10,8.03949,50.7937,False,10,SUMIALKI CB CIUDAD DE MOSTOLES,False
EL VENTERO CBV,10,11.0719,47.8948,True,10,SUMIALKI CB CIUDAD DE MOSTOLES,False
EL VENTERO CBV,27,33.2158,21.9308,True,10,SUMIALKI CB CIUDAD DE MOSTOLES,False
EL VENTERO CBV,1,13.469700000000003,50.2896,False,10,SUMIALKI CB CIUDAD DE MOSTOLES,False
EL VENTERO CBV,10,11.354,47.2647,True,10,SUMIALKI CB CIUDAD DE MOSTOLES,False
EL VENTERO CBV,3,10.084599999999995,46.2563,False,10,SUMIALKI CB CIUDAD DE MOSTOLES,False
EL VENTERO CBV,10,35.1199,68.4392,False,10,SUMIALKI CB CIUDAD DE MOSTOLES,False
EL VENTERO CBV,10,10.1551,47.7688,True,10,SUMIALKI CB CIUDAD DE MOSTOLES,False
EL VENTERO CBV,18,5.07757,50.1636,False,10,SUMIALKI CB CIUDAD DE MOSTOLES,False
EL VENTERO CBV,3,11.0719,47.8948,True,10,SUMIALKI CB CIUDAD DE MOSTOLES,False
EL VENTERO CBV,18,9.44993,48.273,False,10,SUMIALKI CB CIUDAD DE MOSTOLES,False
EL VENTERO CBV,41,10.6488,4.41137,True,10,SUMIALKI CB CIUDAD DE MOSTOLES,False
EL VENTERO CBV,10,10.5783,48.525,True,10,SUMIALKI CB CIUDAD DE MOSTOLES,False
EL VENTERO CBV,10,9.026799999999994,49.6594,False,10,SUMIALKI CB CIUDAD DE MOSTOLES,False
EL VENTERO CBV,41,7.75741,94.1512,False,10,SUMIALKI CB CIUDAD DE MOSTOLES,False
EL VENTERO CBV,10,8.815200000000004,48.525,False,10,SUMIALKI CB CIUDAD DE MOSTOLES,False
EL VENTERO CBV,27,31.664299999999997,73.8589,False,10,SUMIALKI CB CIUDAD DE MOSTOLES,False
EL VENTERO CBV,10,29.3371,79.4046,False,10,SUMIALKI CB CIUDAD DE MOSTOLES,False
EL VENTERO CBV,1,31.8759,22.8131,False,10,SUMIALKI CB CIUDAD DE MOSTOLES,False
EL VENTERO CBV,0,34.4147,73.8589,False,10,SUMIALKI CB CIUDAD DE MOSTOLES,False
EL VENTERO CBV,0,10.648799999999994,46.0043,True,10,SUMIALKI CB CIUDAD DE MOSTOLES,False
EL VENTERO CBV,10,30.4654,19.41,True,10,SUMIALKI CB CIUDAD DE MOSTOLES,False
EL VENTERO CBV,0,11.354,48.1469,False,10,SUMIALKI CB CIUDAD DE MOSTOLES,False
EL VENTERO CBV,10,26.7983,8.82274,False,10,SUMIALKI CB CIUDAD DE MOSTOLES,False
EL VENTERO CBV,0,23.765900000000002,89.6138,True,10,SUMIALKI CB CIUDAD DE MOSTOLES,False
EL VENTERO CBV,10,33.2158,77.6401,True,10,SUMIALKI CB CIUDAD DE MOSTOLES,False
EL VENTERO CBV,10,8.956299999999999,50.7937,False,10,SUMIALKI CB CIUDAD DE MOSTOLES,False
EL VENTERO CBV,0,8.88575,50.1636,False,10,SUMIALKI CB CIUDAD DE MOSTOLES,False
EL VENTERO CBV,0,12.270799999999994,48.525,True,10,SUMIALKI CB CIUDAD DE MOSTOLES,False
EL VENTERO CBV,41,10.7898,51.2979,False,10,SUMIALKI CB CIUDAD DE MOSTOLES,False
EL VENTERO CBV,1,10.3667,50.1636,False,10,SUMIALKI CB CIUDAD DE MOSTOLES,False
EL VENTERO CBV,10,33.78,76.2536,False,10,SUMIALKI CB CIUDAD DE MOSTOLES,False
EL VENTERO CBV,1,11.2835,44.2397,False,10,SUMIALKI CB CIUDAD DE MOSTOLES,False
EL VENTERO CBV,0,9.0268,46.2563,True,10,SUMIALKI CB CIUDAD DE MOSTOLES,False
EL VENTERO CBV,18,9.4499,48.0209,True,10,SUMIALKI CB CIUDAD DE MOSTOLES,False
EL VENTERO CBV,1,32.8632,22.8131,True,10,SUMIALKI CB CIUDAD DE MOSTOLES,False
EL VENTERO CBV,10,11.2835,51.676,True,10,SUMIALKI CB CIUDAD DE MOSTOLES,False
EL VENTERO CBV,18,8.81523,52.3062,True,10,SUMIALKI CB CIUDAD DE MOSTOLES,False
EL VENTERO CBV,0,11.0719,53.0624,False,10,SUMIALKI CB CIUDAD DE MOSTOLES,False
EL VENTERO CBV,1,30.1834,88.3534,False,10,SUMIALKI CB CIUDAD DE MOSTOLES,False
EL VENTERO CBV,18,8.744699999999995,50.1636,False,10,SUMIALKI CB CIUDAD DE MOSTOLES,False
EL VENTERO CBV,3,11.212999999999994,49.2813,True,10,SUMIALKI CB CIUDAD DE MOSTOLES,False
EL VENTERO CBV,0,22.426000000000002,94.4033,False,10,SUMIALKI CB CIUDAD DE MOSTOLES,False
EL VENTERO CBV,41,12.1298,50.9198,False,10,SUMIALKI CB CIUDAD DE MOSTOLES,False
EL VENTERO CBV,10,11.847700000000003,48.6511,True,10,SUMIALKI CB CIUDAD DE MOSTOLES,False
EL VENTERO CBV,10,24.33,88.6055,True,10,SUMIALKI CB CIUDAD DE MOSTOLES,False
EL VENTERO CBV,41,8.11,58.7342,False,10,SUMIALKI CB CIUDAD DE MOSTOLES,False
EL VENTERO CBV,0,11.2835,50.1636,True,10,SUMIALKI CB CIUDAD DE MOSTOLES,False
EL VENTERO CBV,3,11.495099999999994,46.7605,True,10,SUMIALKI CB CIUDAD DE MOSTOLES,False
PROBASKETLAB FUENLABRADA,13,6.558499999999995,39.3242,False,10,NÁUTICO TENERIFE,True
PROBASKETLAB FUENLABRADA,13,35.6135,47.5167,False,10,NÁUTICO TENERIFE,True
PROBASKETLAB FUENLABRADA,10,8.18054,44.6178,False,10,NÁUTICO TENERIFE,True
PROBASKETLAB FUENLABRADA,11,5.6417,58.4821,True,10,NÁUTICO TENERIFE,True
PROBASKETLAB FUENLABRADA,10,10.7898,41.3408,False,10,NÁUTICO TENERIFE,True
PROBASKETLAB FUENLABRADA,11,26.798299999999998,13.8643,True,10,NÁUTICO TENERIFE,True
PROBASKETLAB FUENLABRADA,7,26.7983,81.6733,False,10,NÁUTICO TENERIFE,True
PROBASKETLAB FUENLABRADA,5,7.686899999999994,77.1359,False,10,NÁUTICO TENERIFE,True
PROBASKETLAB FUENLABRADA,10,5.712299999999999,55.5832,True,10,NÁUTICO TENERIFE,True
PROBASKETLAB FUENLABRADA,13,8.885800000000003,52.6843,True,10,NÁUTICO TENERIFE,True
PROBASKETLAB FUENLABRADA,13,34.9083,49.9115,False,10,NÁUTICO TENERIFE,True
PROBASKETLAB FUENLABRADA,5,6.2059,40.0804,False,10,NÁUTICO TENERIFE,True
PROBASKETLAB FUENLABRADA,7,29.2666,80.4129,False,10,NÁUTICO TENERIFE,True
PROBASKETLAB FUENLABRADA,11,14.1044,38.82,False,10,NÁUTICO TENERIFE,True
PROBASKETLAB FUENLABRADA,11,5.50071,63.7758,False,10,NÁUTICO TENERIFE,True
PROBASKETLAB FUENLABRADA,13,32.158,26.0901,False,10,NÁUTICO TENERIFE,True
PROBASKETLAB FUENLABRADA,14,6.417500000000004,40.8367,False,10,NÁUTICO TENERIFE,True
PROBASKETLAB FUENLABRADA,7,27.1509,85.8326,False,10,NÁUTICO TENERIFE,True
PROBASKETLAB FUENLABRADA,13,3.8081999999999994,24.5776,False,10,NÁUTICO TENERIFE,True
PROBASKETLAB FUENLABRADA,11,8.815200000000004,49.4073,False,10,NÁUTICO TENERIFE,True
PROBASKETLAB FUENLABRADA,11,27.1509,85.8326,True,10,NÁUTICO TENERIFE,True
PROBASKETLAB FUENLABRADA,10,7.686899999999994,59.4904,False,10,NÁUTICO TENERIFE,True
PROBASKETLAB FUENLABRADA,10,5.71227,57.3478,True,10,NÁUTICO TENERIFE,True
PROBASKETLAB FUENLABRADA,7,7.616399999999999,43.3574,False,10,NÁUTICO TENERIFE,True
PROBASKETLAB FUENLABRADA,10,7.8279,55.7093,False,10,NÁUTICO TENERIFE,True
PROBASKETLAB FUENLABRADA,11,8.039500000000004,43.2314,True,10,NÁUTICO TENERIFE,True
PROBASKETLAB FUENLABRADA,11,11.001400000000004,43.4835,False,10,NÁUTICO TENERIFE,True
PROBASKETLAB FUENLABRADA,7,6.69958,62.0112,True,10,NÁUTICO TENERIFE,True
PROBASKETLAB FUENLABRADA,13,21.650199999999998,9.20085,False,10,NÁUTICO TENERIFE,True
PROBASKETLAB FUENLABRADA,8,21.5092,8.57066,True,10,NÁUTICO TENERIFE,True
PROBASKETLAB FUENLABRADA,14,22.426,90.6221,False,10,NÁUTICO TENERIFE,True
PROBASKETLAB FUENLABRADA,7,7.82793,43.1054,False,10,NÁUTICO TENERIFE,True
PROBASKETLAB FUENLABRADA,7,21.509200000000007,93.1429,True,10,NÁUTICO TENERIFE,True
PROBASKETLAB FUENLABRADA,14,9.943600000000004,60.3727,False,10,NÁUTICO TENERIFE,True
PROBASKETLAB FUENLABRADA,7,7.5458,93.8991,False,10,NÁUTICO TENERIFE,True
PROBASKETLAB FUENLABRADA,11,7.4047999999999945,50.5417,True,10,NÁUTICO TENERIFE,True
PROBASKETLAB FUENLABRADA,7,20.0987,69.1955,True,10,NÁUTICO TENERIFE,True
PROBASKETLAB FUENLABRADA,7,27.7856,17.8975,True,10,NÁUTICO TENERIFE,True
PROBASKETLAB FUENLABRADA,3,7.61636,44.3658,False,10,NÁUTICO TENERIFE,True
PROBASKETLAB FUENLABRADA,13,10.578299999999999,49.7854,False,10,NÁUTICO TENERIFE,True
PROBASKETLAB FUENLABRADA,7,24.8942,15.6288,False,10,NÁUTICO TENERIFE,True
PROBASKETLAB FUENLABRADA,11,6.276399999999995,40.7106,True,10,NÁUTICO TENERIFE,True
PROBASKETLAB FUENLABRADA,10,7.968999999999994,38.9461,True,10,NÁUTICO TENERIFE,True
PROBASKETLAB FUENLABRADA,14,14.8096,93.8991,True,10,NÁUTICO TENERIFE,True
PROBASKETLAB FUENLABRADA,13,6.064899999999994,45.5001,True,10,NÁUTICO TENERIFE,True
PROBASKETLAB FUENLABRADA,3,10.6488,5.1676,True,10,NÁUTICO TENERIFE,True
PROBASKETLAB FUENLABRADA,14,21.3681,9.70501,True,10,NÁUTICO TENERIFE,True
PROBASKETLAB FUENLABRADA,7,7.898399999999995,42.3491,False,10,NÁUTICO TENERIFE,True
PROBASKETLAB FUENLABRADA,14,6.064899999999994,59.1123,False,10,NÁUTICO TENERIFE,True
PROBASKETLAB FUENLABRADA,10,7.2637,42.3491,False,10,NÁUTICO TENERIFE,True
PROBASKETLAB FUENLABRADA,14,12.5529,7.05819,False,10,NÁUTICO TENERIFE,True
PROBASKETLAB FUENLABRADA,5,26.868799999999993,84.8243,False,10,NÁUTICO TENERIFE,True
PROBASKETLAB FUENLABRADA,14,13.2581,93.8991,True,10,NÁUTICO TENERIFE,True
PROBASKETLAB FUENLABRADA,14,10.578299999999999,91.8825,True,10,NÁUTICO TENERIFE,True
PROBASKETLAB FUENLABRADA,13,30.1128,18.1496,False,10,NÁUTICO TENERIFE,True
PROBASKETLAB FUENLABRADA,11,7.54584,43.4835,True,10,NÁUTICO TENERIFE,True
PROBASKETLAB FUENLABRADA,14,7.26375,61.0029,True,10,NÁUTICO TENERIFE,True
PROBASKETLAB FUENLABRADA,11,26.375200000000007,84.0681,False,10,NÁUTICO TENERIFE,True
PROBASKETLAB FUENLABRADA,10,7.33427,42.0971,True,10,NÁUTICO TENERIFE,True
PROBASKETLAB FUENLABRADA,12,7.616399999999999,46.5084,True,10,NÁUTICO TENERIFE,True
PROBASKETLAB FUENLABRADA,14,26.868799999999993,83.1858,False,10,NÁUTICO TENERIFE,True
PROBASKETLAB FUENLABRADA,10,8.25106,61.7591,False,10,NÁUTICO TENERIFE,True
PROBASKETLAB FUENLABRADA,14,9.732,61.0029,False,10,NÁUTICO TENERIFE,True
PROBASKETLAB FUENLABRADA,5,33.4979,41.7189,False,10,NÁUTICO TENERIFE,True
PROBASKETLAB FUENLABRADA,13,9.37941,94.5293,False,10,NÁUTICO TENERIFE,True
NÁUTICO TENERIFE,1,7.686899999999994,39.8283,False,10,PROBASKETLAB FUENLABRADA,False
NÁUTICO TENERIFE,5,8.11001,41.845,True,10,PROBASKETLAB FUENLABRADA,False
NÁUTICO TENERIFE,51,6.62906,43.9876,True,10,PROBASKETLAB FUENLABRADA,False
NÁUTICO TENERIFE,18,7.54584,43.8616,True,10,PROBASKETLAB FUENLABRADA,False
NÁUTICO TENERIFE,5,4.01975,63.1456,False,10,PROBASKETLAB FUENLABRADA,False
NÁUTICO TENERIFE,5,29.5487,77.1359,False,10,PROBASKETLAB FUENLABRADA,False
NÁUTICO TENERIFE,7,27.1509,17.0153,False,10,PROBASKETLAB FUENLABRADA,False
NÁUTICO TENERIFE,1,30.2539,10.0831,False,10,PROBASKETLAB FUENLABRADA,False
NÁUTICO TENERIFE,18,26.9394,17.6455,False,10,PROBASKETLAB FUENLABRADA,False
NÁUTICO TENERIFE,7,13.0465,4.53741,True,10,PROBASKETLAB FUENLABRADA,False
NÁUTICO TENERIFE,13,25.2468,16.5111,False,10,PROBASKETLAB FUENLABRADA,False
NÁUTICO TENERIFE,1,7.616399999999999,29.4931,True,10,PROBASKETLAB FUENLABRADA,False
NÁUTICO TENERIFE,1,6.840599999999995,37.9378,False,10,PROBASKETLAB FUENLABRADA,False
NÁUTICO TENERIFE,1,25.035300000000007,14.1164,False,10,PROBASKETLAB FUENLABRADA,False
NÁUTICO TENERIFE,1,27.8561,21.5527,False,10,PROBASKETLAB FUENLABRADA,False
NÁUTICO TENERIFE,51,5.35966,44.9959,True,10,PROBASKETLAB FUENLABRADA,False
NÁUTICO TENERIFE,39,5.9238,38.82,False,10,PROBASKETLAB FUENLABRADA,False
NÁUTICO TENERIFE,39,5.43018,59.4904,False,10,PROBASKETLAB FUENLABRADA,False
NÁUTICO TENERIFE,13,22.426,88.3534,False,10,PROBASKETLAB FUENLABRADA,False
NÁUTICO TENERIFE,13,27.009900000000002,15.5028,True,10,PROBASKETLAB FUENLABRADA,False
NÁUTICO TENERIFE,5,16.8547,52.0541,True,10,PROBASKETLAB FUENLABRADA,False
NÁUTICO TENERIFE,3,9.520499999999998,93.647,False,10,PROBASKETLAB FUENLABRADA,False
NÁUTICO TENERIFE,18,33.7094,50.9198,False,10,PROBASKETLAB FUENLABRADA,False
NÁUTICO TENERIFE,3,6.98166,76.6318,True,10,PROBASKETLAB FUENLABRADA,False
NÁUTICO TENERIFE,51,5.99436,61.255,True,10,PROBASKETLAB FUENLABRADA,False
NÁUTICO TENERIFE,18,26.234099999999998,81.6733,False,10,PROBASKETLAB FUENLABRADA,False
NÁUTICO TENERIFE,13,26.516199999999998,12.856,False,10,PROBASKETLAB FUENLABRADA,False
NÁUTICO TENERIFE,15,5.92384,57.8519,False,10,PROBASKETLAB FUENLABRADA,False
NÁUTICO TENERIFE,39,24.259500000000003,11.4696,False,10,PROBASKETLAB FUENLABRADA,False
NÁUTICO TENERIFE,7,24.823700000000002,9.83105,False,10,PROBASKETLAB FUENLABRADA,False
NÁUTICO TENERIFE,5,33.7094,44.6178,True,10,PROBASKETLAB FUENLABRADA,False
NÁUTICO TENERIFE,51,4.23131,62.3893,False,10,PROBASKETLAB FUENLABRADA,False
NÁUTICO TENERIFE,51,12.764499999999998,43.1054,True,10,PROBASKETLAB FUENLABRADA,False
NÁUTICO TENERIFE,1,8.3921,39.9544,False,10,PROBASKETLAB FUENLABRADA,False
NÁUTICO TENERIFE,39,7.54584,55.8353,True,10,PROBASKETLAB FUENLABRADA,False
NÁUTICO TENERIFE,15,8.11,77.262,False,10,PROBASKETLAB FUENLABRADA,False
NÁUTICO TENERIFE,39,10.578299999999999,44.8699,False,10,PROBASKETLAB FUENLABRADA,False
NÁUTICO TENERIFE,51,7.122699999999995,59.3644,True,10,PROBASKETLAB FUENLABRADA,False
NÁUTICO TENERIFE,7,28.7024,83.3118,False,10,PROBASKETLAB FUENLABRADA,False
NÁUTICO TENERIFE,23,10.0141,49.0292,False,10,PROBASKETLAB FUENLABRADA,False
NÁUTICO TENERIFE,13,6.064899999999994,3.27702,False,10,PROBASKETLAB FUENLABRADA,False
NÁUTICO TENERIFE,51,6.064899999999994,61.0029,False,10,PROBASKETLAB FUENLABRADA,False
NÁUTICO TENERIFE,20,10.084599999999995,18.2757,False,10,PROBASKETLAB FUENLABRADA,False
NÁUTICO TENERIFE,51,8.03949,41.3408,False,10,PROBASKETLAB FUENLABRADA,False
NÁUTICO TENERIFE,1,27.574,10.9654,False,10,PROBASKETLAB FUENLABRADA,False
NÁUTICO TENERIFE,51,10.2257,39.5763,False,10,PROBASKETLAB FUENLABRADA,False
NÁUTICO TENERIFE,18,26.3047,86.967,False,10,PROBASKETLAB FUENLABRADA,False
NÁUTICO TENERIFE,39,27.433,18.2757,False,10,PROBASKETLAB FUENLABRADA,False
NÁUTICO TENERIFE,5,12.764499999999998,43.1054,False,10,PROBASKETLAB FUENLABRADA,False
NÁUTICO TENERIFE,20,10.0846,5.41968,False,10,PROBASKETLAB FUENLABRADA,False
NÁUTICO TENERIFE,51,5.994399999999999,53.4406,True,10,PROBASKETLAB FUENLABRADA,False
NÁUTICO TENERIFE,5,6.911100000000005,24.5776,False,10,PROBASKETLAB FUENLABRADA,False
NÁUTICO TENERIFE,39,6.276399999999995,35.543,False,10,PROBASKETLAB FUENLABRADA,False
NÁUTICO TENERIFE,39,6.2059,41.3408,True,10,PROBASKETLAB FUENLABRADA,False
NÁUTICO TENERIFE,39,13.610699999999994,68.3132,False,10,PROBASKETLAB FUENLABRADA,False
NÁUTICO TENERIFE,3,6.98166,93.521,False,10,PROBASKETLAB FUENLABRADA,False
NÁUTICO TENERIFE,39,7.475300000000004,57.5999,True,10,PROBASKETLAB FUENLABRADA,False
NÁUTICO TENERIFE,1,6.62906,41.5929,False,10,PROBASKETLAB FUENLABRADA,False
NÁUTICO TENERIFE,51,6.558499999999995,64.532,False,10,PROBASKETLAB FUENLABRADA,False
NÁUTICO TENERIFE,18,24.33,85.4545,False,10,PROBASKETLAB FUENLABRADA,False
NÁUTICO TENERIFE,39,27.7151,80.2869,False,10,PROBASKETLAB FUENLABRADA,False
NÁUTICO TENERIFE,51,6.48801,58.7342,True,10,PROBASKETLAB FUENLABRADA,False
NÁUTICO TENERIFE,1,9.0268,5.04156,False,10,PROBASKETLAB FUENLABRADA,False
NÁUTICO TENERIFE,23,12.5529,25.5859,False,10,PROBASKETLAB FUENLABRADA,False
NÁUTICO TENERIFE,18,12.6939,49.6594,False,10,PROBASKETLAB FUENLABRADA,False
NÁUTICO TENERIFE,5,18.0536,29.8713,False,10,PROBASKETLAB FUENLABRADA,False
NÁUTICO TENERIFE,5,9.097300000000004,77.262,False,10,PROBASKETLAB FUENLABRADA,False
NÁUTICO TENERIFE,23,5.853300000000004,18.2757,False,10,PROBASKETLAB FUENLABRADA,False
NÁUTICO TENERIFE,7,25.458399999999997,84.0681,True,10,PROBASKETLAB FUENLABRADA,False
NÁUTICO TENERIFE,13,24.4006,12.3518,True,10,PROBASKETLAB FUENLABRADA,False
NÁUTICO TENERIFE,13,9.94358,43.2314,True,10,PROBASKETLAB FUENLABRADA,False
NÁUTICO TENERIFE,3,22.073300000000003,87.4711,False,10,PROBASKETLAB FUENLABRADA,False
NÁUTICO TENERIFE,51,10.0141,50.6677,False,10,PROBASKETLAB FUENLABRADA,False
NÁUTICO TENERIFE,51,12.5529,25.5859,True,10,PROBASKETLAB FUENLABRADA,False
NÁUTICO TENERIFE,51,9.590999999999994,50.7937,False,10,PROBASKETLAB FUENLABRADA,False
NÁUTICO TENERIFE,5,10.2257,39.5763,False,10,PROBASKETLAB FUENLABRADA,False
NÁUTICO TENERIFE,1,9.802499999999995,46.0043,False,10,PROBASKETLAB FUENLABRADA,False
NÁUTICO TENERIFE,23,7.68688,42.6012,False,10,PROBASKETLAB FUENLABRADA,False
NÁUTICO TENERIFE,5,29.407600000000002,73.8589,True,10,PROBASKETLAB FUENLABRADA,False
NÁUTICO TENERIFE,23,9.590999999999994,61.255,False,10,PROBASKETLAB FUENLABRADA,False
NÁUTICO TENERIFE,15,6.06488,42.0971,True,10,PROBASKETLAB FUENLABRADA,False
NÁUTICO TENERIFE,39,7.616399999999999,57.4738,True,10,PROBASKETLAB FUENLABRADA,False
NÁUTICO TENERIFE,18,6.7701,42.2231,True,10,PROBASKETLAB FUENLABRADA,False
CESUR DISTRITO OLIMPICO,12,21.086,40.9627,True,11,C.D. BASKET GLOBALCAJA QUINTANAR,True
CESUR DISTRITO OLIMPICO,33,7.26375,43.8616,True,11,C.D. BASKET GLOBALCAJA QUINTANAR,True
CESUR DISTRITO OLIMPICO,14,6.41749,36.4253,False,11,C.D. BASKET GLOBALCAJA QUINTANAR,True
CESUR DISTRITO OLIMPICO,10,31.9464,70.4558,True,11,C.D. BASKET GLOBALCAJA QUINTANAR,True
CESUR DISTRITO OLIMPICO,10,33.8505,65.6664,True,11,C.D. BASKET GLOBALCAJA QUINTANAR,True
CESUR DISTRITO OLIMPICO,12,7.68688,42.9793,True,11,C.D. BASKET GLOBALCAJA QUINTANAR,True
CESUR DISTRITO OLIMPICO,10,26.3047,86.7149,True,11,C.D. BASKET GLOBALCAJA QUINTANAR,True
CESUR DISTRITO OLIMPICO,33,28.8434,15.8809,False,11,C.D. BASKET GLOBALCAJA QUINTANAR,True
CESUR DISTRITO OLIMPICO,25,10.5783,47.2647,True,11,C.D. BASKET GLOBALCAJA QUINTANAR,True
CESUR DISTRITO OLIMPICO,33,11.001400000000004,92.6387,True,11,C.D. BASKET GLOBALCAJA QUINTANAR,True
CESUR DISTRITO OLIMPICO,33,8.885800000000003,60.7508,True,11,C.D. BASKET GLOBALCAJA QUINTANAR,True
CESUR DISTRITO OLIMPICO,13,30.536,30.2494,False,11,C.D. BASKET GLOBALCAJA QUINTANAR,True
CESUR DISTRITO OLIMPICO,2,11.354,41.0887,True,11,C.D. BASKET GLOBALCAJA QUINTANAR,True
CESUR DISTRITO OLIMPICO,33,30.394900000000007,25.964,True,11,C.D. BASKET GLOBALCAJA QUINTANAR,True
CESUR DISTRITO OLIMPICO,2,7.8279,59.3644,True,11,C.D. BASKET GLOBALCAJA QUINTANAR,True
CESUR DISTRITO OLIMPICO,41,19.7461,62.7675,True,11,C.D. BASKET GLOBALCAJA QUINTANAR,True
CESUR DISTRITO OLIMPICO,2,10.155100000000004,41.0887,True,11,C.D. BASKET GLOBALCAJA QUINTANAR,True
CESUR DISTRITO OLIMPICO,16,5.35966,38.4419,False,11,C.D. BASKET GLOBALCAJA QUINTANAR,True
CESUR DISTRITO OLIMPICO,10,19.1114,55.8353,False,11,C.D. BASKET GLOBALCAJA QUINTANAR,True
CESUR DISTRITO OLIMPICO,25,5.35966,38.4419,False,11,C.D. BASKET GLOBALCAJA QUINTANAR,True
CESUR DISTRITO OLIMPICO,25,9.73202,40.0804,True,11,C.D. BASKET GLOBALCAJA QUINTANAR,True
CESUR DISTRITO OLIMPICO,13,8.885800000000003,51.4239,False,11,C.D. BASKET GLOBALCAJA QUINTANAR,True
CESUR DISTRITO OLIMPICO,25,10.7898,49.2813,True,11,C.D. BASKET GLOBALCAJA QUINTANAR,True
CESUR DISTRITO OLIMPICO,16,6.7701,36.6774,True,11,C.D. BASKET GLOBALCAJA QUINTANAR,True
CESUR DISTRITO OLIMPICO,2,22.073300000000003,91.8825,False,11,C.D. BASKET GLOBALCAJA QUINTANAR,True
CESUR DISTRITO OLIMPICO,2,7.8279,59.3644,False,11,C.D. BASKET GLOBALCAJA QUINTANAR,True
CESUR DISTRITO OLIMPICO,2,11.142499999999998,43.3574,False,11,C.D. BASKET GLOBALCAJA QUINTANAR,True
CESUR DISTRITO OLIMPICO,10,31.5233,19.5361,False,11,C.D. BASKET GLOBALCAJA QUINTANAR,True
CESUR DISTRITO OLIMPICO,10,8.815200000000004,59.9946,True,11,C.D. BASKET GLOBALCAJA QUINTANAR,True
CESUR DISTRITO OLIMPICO,25,13.399100000000004,39.3242,False,11,C.D. BASKET GLOBALCAJA QUINTANAR,True
CESUR DISTRITO OLIMPICO,41,38.4344,54.4489,False,11,C.D. BASKET GLOBALCAJA QUINTANAR,True
CESUR DISTRITO OLIMPICO,12,11.9182,3.90721,True,11,C.D. BASKET GLOBALCAJA QUINTANAR,True
CESUR DISTRITO OLIMPICO,33,7.4047999999999945,59.3644,True,11,C.D. BASKET GLOBALCAJA QUINTANAR,True
CESUR DISTRITO OLIMPICO,13,10.930899999999994,45.5001,True,11,C.D. BASKET GLOBALCAJA QUINTANAR,True
CESUR DISTRITO OLIMPICO,25,6.346999999999994,33.7785,False,11,C.D. BASKET GLOBALCAJA QUINTANAR,True
CESUR DISTRITO OLIMPICO,33,33.35680000000001,27.4765,True,11,C.D. BASKET GLOBALCAJA QUINTANAR,True
CESUR DISTRITO OLIMPICO,16,9.09732,38.9461,True,11,C.D. BASKET GLOBALCAJA QUINTANAR,True
CESUR DISTRITO OLIMPICO,41,32.299,19.41,True,11,C.D. BASKET GLOBALCAJA QUINTANAR,True
CESUR DISTRITO OLIMPICO,41,35.9662,15.8809,False,11,C.D. BASKET GLOBALCAJA QUINTANAR,True
CESUR DISTRITO OLIMPICO,2,31.7348,77.1359,False,11,C.D. BASKET GLOBALCAJA QUINTANAR,True
CESUR DISTRITO OLIMPICO,41,34.0621,73.6068,True,11,C.D. BASKET GLOBALCAJA QUINTANAR,True
CESUR DISTRITO OLIMPICO,25,9.87306,37.6857,False,11,C.D. BASKET GLOBALCAJA QUINTANAR,True
CESUR DISTRITO OLIMPICO,2,21.438599999999994,46.1303,False,11,C.D. BASKET GLOBALCAJA QUINTANAR,True
CESUR DISTRITO OLIMPICO,33,29.4781,87.4711,False,11,C.D. BASKET GLOBALCAJA QUINTANAR,True
CESUR DISTRITO OLIMPICO,12,11.354,44.7439,False,11,C.D. BASKET GLOBALCAJA QUINTANAR,True
CESUR DISTRITO OLIMPICO,33,9.23836,61.0029,True,11,C.D. BASKET GLOBALCAJA QUINTANAR,True
CESUR DISTRITO OLIMPICO,25,10.366699999999994,51.55,True,11,C.D. BASKET GLOBALCAJA QUINTANAR,True
CESUR DISTRITO OLIMPICO,12,20.0282,91.8825,False,11,C.D. BASKET GLOBALCAJA QUINTANAR,True
CESUR DISTRITO OLIMPICO,33,13.328599999999994,47.3907,False,11,C.D. BASKET GLOBALCAJA QUINTANAR,True
CESUR DISTRITO OLIMPICO,14,10.7193,49.1552,True,11,C.D. BASKET GLOBALCAJA QUINTANAR,True
CESUR DISTRITO OLIMPICO,16,24.541600000000003,83.942,False,11,C.D. BASKET GLOBALCAJA QUINTANAR,True
CESUR DISTRITO OLIMPICO,15,12.482399999999998,49.2813,True,11,C.D. BASKET GLOBALCAJA QUINTANAR,True
C.D. BASKET GLOBALCAJA QUINTANAR,21,10.4372,64.1539,False,11,CESUR DISTRITO OLIMPICO,False
C.D. BASKET GLOBALCAJA QUINTANAR,3,32.3695,63.1456,False,11,CESUR DISTRITO OLIMPICO,False
C.D. BASKET GLOBALCAJA QUINTANAR,12,10.719300000000004,37.4336,True,11,CESUR DISTRITO OLIMPICO,False
C.D. BASKET GLOBALCAJA QUINTANAR,1,10.7898,57.8519,False,11,CESUR DISTRITO OLIMPICO,False
C.D. BASKET GLOBALCAJA QUINTANAR,21,9.52045,94.6553,False,11,CESUR DISTRITO OLIMPICO,False
C.D. BASKET GLOBALCAJA QUINTANAR,1,32.8632,25.838,False,11,CESUR DISTRITO OLIMPICO,False
C.D. BASKET GLOBALCAJA QUINTANAR,50,7.89845,2.14266,False,11,CESUR DISTRITO OLIMPICO,False
C.D. BASKET GLOBALCAJA QUINTANAR,8,27.644599999999997,17.2674,False,11,CESUR DISTRITO OLIMPICO,False
C.D. BASKET GLOBALCAJA QUINTANAR,8,25.67,88.1013,False,11,CESUR DISTRITO OLIMPICO,False
C.D. BASKET GLOBALCAJA QUINTANAR,50,11.424499999999995,49.6594,True,11,CESUR DISTRITO OLIMPICO,False
C.D. BASKET GLOBALCAJA QUINTANAR,8,12.764499999999998,41.7189,False,11,CESUR DISTRITO OLIMPICO,False
C.D. BASKET GLOBALCAJA QUINTANAR,21,26.798299999999998,15.1247,True,11,CESUR DISTRITO OLIMPICO,False
C.D. BASKET GLOBALCAJA QUINTANAR,50,29.9718,86.4628,False,11,CESUR DISTRITO OLIMPICO,False
C.D. BASKET GLOBALCAJA QUINTANAR,21,33.145300000000006,50.4156,False,11,CESUR DISTRITO OLIMPICO,False
C.D. BASKET GLOBALCAJA QUINTANAR,1,6.20592,29.8713,True,11,CESUR DISTRITO OLIMPICO,False
C.D. BASKET GLOBALCAJA QUINTANAR,14,26.868799999999993,87.9753,True,11,CESUR DISTRITO OLIMPICO,False
C.D. BASKET GLOBALCAJA QUINTANAR,2,10.0141,75.1193,False,11,CESUR DISTRITO OLIMPICO,False
C.D. BASKET GLOBALCAJA QUINTANAR,2,28.490799999999993,82.5556,True,11,CESUR DISTRITO OLIMPICO,False
C.D. BASKET GLOBALCAJA QUINTANAR,8,29.1961,79.5307,False,11,CESUR DISTRITO OLIMPICO,False
C.D. BASKET GLOBALCAJA QUINTANAR,2,38.4344,33.6524,True,11,CESUR DISTRITO OLIMPICO,False
C.D. BASKET GLOBALCAJA QUINTANAR,12,27.785600000000002,12.2258,False,11,CESUR DISTRITO OLIMPICO,False
C.D. BASKET GLOBALCAJA QUINTANAR,2,22.708,57.978,True,11,CESUR DISTRITO OLIMPICO,False
C.D. BASKET GLOBALCAJA QUINTANAR,50,7.47532,63.1456,True,11,CESUR DISTRITO OLIMPICO,False
C.D. BASKET GLOBALCAJA QUINTANAR,8,32.2285,19.6621,True,11,CESUR DISTRITO OLIMPICO,False
C.D. BASKET GLOBALCAJA QUINTANAR,1,8.3921,53.9447,True,11,CESUR DISTRITO OLIMPICO,False
C.D. BASKET GLOBALCAJA QUINTANAR,3,8.60367,56.7176,False,11,CESUR DISTRITO OLIMPICO,False
C.D. BASKET GLOBALCAJA QUINTANAR,8,24.400599999999997,89.3617,False,11,CESUR DISTRITO OLIMPICO,False
C.D. BASKET GLOBALCAJA QUINTANAR,14,17.9126,51.2979,False,11,CESUR DISTRITO OLIMPICO,False
C.D. BASKET GLOBALCAJA QUINTANAR,1,19.534599999999998,45.8782,False,11,CESUR DISTRITO OLIMPICO,False
C.D. BASKET GLOBALCAJA QUINTANAR,21,16.925200000000004,44.2397,True,11,CESUR DISTRITO OLIMPICO,False
C.D. BASKET GLOBALCAJA QUINTANAR,50,6.41749,55.8353,True,11,CESUR DISTRITO OLIMPICO,False
C.D. BASKET GLOBALCAJA QUINTANAR,8,47.5317,47.6428,False,11,CESUR DISTRITO OLIMPICO,False
C.D. BASKET GLOBALCAJA QUINTANAR,2,33.6389,40.7106,False,11,CESUR DISTRITO OLIMPICO,False
C.D. BASKET GLOBALCAJA QUINTANAR,21,7.8279,67.5569,False,11,CESUR DISTRITO OLIMPICO,False
C.D. BASKET GLOBALCAJA QUINTANAR,1,31.5233,73.6068,False,11,CESUR DISTRITO OLIMPICO,False
C.D. BASKET GLOBALCAJA QUINTANAR,12,7.26375,58.7342,True,11,CESUR DISTRITO OLIMPICO,False
C.D. BASKET GLOBALCAJA QUINTANAR,8,20.451300000000003,38.9461,False,11,CESUR DISTRITO OLIMPICO,False
C.D. BASKET GLOBALCAJA QUINTANAR,12,34.0621,74.9932,False,11,CESUR DISTRITO OLIMPICO,False
C.D. BASKET GLOBALCAJA QUINTANAR,50,6.064899999999994,98.8146,False,11,CESUR DISTRITO OLIMPICO,False
C.D. BASKET GLOBALCAJA QUINTANAR,21,35.825100000000006,53.8187,False,11,CESUR DISTRITO OLIMPICO,False
C.D. BASKET GLOBALCAJA QUINTANAR,8,30.606499999999997,87.7232,True,11,CESUR DISTRITO OLIMPICO,False
C.D. BASKET GLOBALCAJA QUINTANAR,21,6.48801,40.2065,False,11,CESUR DISTRITO OLIMPICO,False
C.D. BASKET GLOBALCAJA QUINTANAR,50,4.72496,60.3727,False,11,CESUR DISTRITO OLIMPICO,False
C.D. BASKET GLOBALCAJA QUINTANAR,2,21.086,88.3534,False,11,CESUR DISTRITO OLIMPICO,False
C.D. BASKET GLOBALCAJA QUINTANAR,3,8.180499999999995,64.0278,False,11,CESUR DISTRITO OLIMPICO,False
C.D. BASKET GLOBALCAJA QUINTANAR,21,29.9718,22.561,False,11,CESUR DISTRITO OLIMPICO,False
C.D. BASKET GLOBALCAJA QUINTANAR,3,6.770099999999999,96.798,False,11,CESUR DISTRITO OLIMPICO,False
C.D. BASKET GLOBALCAJA QUINTANAR,8,8.11001,10.7133,True,11,CESUR DISTRITO OLIMPICO,False
C.D. BASKET GLOBALCAJA QUINTANAR,1,29.901300000000006,82.1775,False,11,CESUR DISTRITO OLIMPICO,False
C.D. BASKET GLOBALCAJA QUINTANAR,2,15.162199999999999,42.3491,True,11,CESUR DISTRITO OLIMPICO,False
C.D. BASKET GLOBALCAJA QUINTANAR,3,22.0733,94.9074,False,11,CESUR DISTRITO OLIMPICO,False
C.D. BASKET GLOBALCAJA QUINTANAR,21,30.112799999999993,88.2274,True,11,CESUR DISTRITO OLIMPICO,False
C.D. BASKET GLOBALCAJA QUINTANAR,50,10.7898,43.1054,False,11,CESUR DISTRITO OLIMPICO,False
C.D. BASKET GLOBALCAJA QUINTANAR,50,10.860399999999998,39.9544,True,11,CESUR DISTRITO OLIMPICO,False
C.D. BASKET GLOBALCAJA QUINTANAR,14,32.7927,74.4891,True,11,CESUR DISTRITO OLIMPICO,False
C.D. BASKET GLOBALCAJA QUINTANAR,50,10.719300000000004,57.8519,False,11,CESUR DISTRITO OLIMPICO,False
C.D. BASKET GLOBALCAJA QUINTANAR,1,10.4372,56.0874,False,11,CESUR DISTRITO OLIMPICO,False
C.D. BASKET GLOBALCAJA QUINTANAR,50,8.251099999999994,66.1705,True,11,CESUR DISTRITO OLIMPICO,False
C.D. BASKET GLOBALCAJA QUINTANAR,2,8.11,61.381,False,11,CESUR DISTRITO OLIMPICO,False
C.D. BASKET GLOBALCAJA QUINTANAR,3,7.47532,60.2467,True,11,CESUR DISTRITO OLIMPICO,False
C.D. BASKET GLOBALCAJA QUINTANAR,12,8.46262,2.39474,False,11,CESUR DISTRITO OLIMPICO,False
C.D. BASKET GLOBALCAJA QUINTANAR,12,11.1425,56.3395,False,11,CESUR DISTRITO OLIMPICO,False
C.D. BASKET GLOBALCAJA QUINTANAR,12,7.96897,44.2397,True,11,CESUR DISTRITO OLIMPICO,False
C.D. BASKET GLOBALCAJA QUINTANAR,2,6.064899999999994,6.80611,True,11,CESUR DISTRITO OLIMPICO,False
C.D. BASKET GLOBALCAJA QUINTANAR,8,29.9718,20.7964,False,11,CESUR DISTRITO OLIMPICO,False
C.D. BASKET GLOBALCAJA QUINTANAR,50,6.840599999999995,64.2799,False,11,CESUR DISTRITO OLIMPICO,False
C.D. BASKET GLOBALCAJA QUINTANAR,21,4.4428999999999945,94.0252,True,11,CESUR DISTRITO OLIMPICO,False
C.D. BASKET GLOBALCAJA QUINTANAR,2,8.180499999999995,47.7688,False,11,CESUR DISTRITO OLIMPICO,False
C.D. BASKET GLOBALCAJA QUINTANAR,12,11.0014,50.6677,False,11,CESUR DISTRITO OLIMPICO,False
C.D. BASKET GLOBALCAJA QUINTANAR,21,28.702399999999997,16.6372,False,11,CESUR DISTRITO OLIMPICO,False
C.D. BASKET GLOBALCAJA QUINTANAR,3,25.105800000000002,15.3768,False,11,CESUR DISTRITO OLIMPICO,False
C.D. BASKET GLOBALCAJA QUINTANAR,2,6.48801,40.2065,False,11,CESUR DISTRITO OLIMPICO,False
C.D. BASKET GLOBALCAJA QUINTANAR,21,30.183400000000006,80.2869,False,11,CESUR DISTRITO OLIMPICO,False
C.D. BASKET GLOBALCAJA QUINTANAR,50,9.87306,59.6165,True,11,CESUR DISTRITO OLIMPICO,False
C.D. BASKET GLOBALCAJA QUINTANAR,2,8.956299999999999,41.7189,False,11,CESUR DISTRITO OLIMPICO,False
FUNDACION GLOBALCAJA LA RODA,4,6.91114,55.4572,True,11,TOBARRA CB,True
FUNDACION GLOBALCAJA LA RODA,9,7.96897,45.248,False,11,TOBARRA CB,True
FUNDACION GLOBALCAJA LA RODA,6,32.7927,32.8962,False,11,TOBARRA CB,True
FUNDACION GLOBALCAJA LA RODA,4,7.05219,42.9793,False,11,TOBARRA CB,True
FUNDACION GLOBALCAJA LA RODA,2,19.1819,6.93215,True,11,TOBARRA CB,True
FUNDACION GLOBALCAJA LA RODA,13,10.860399999999998,5.04156,True,11,TOBARRA CB,True
FUNDACION GLOBALCAJA LA RODA,13,6.98166,54.827,True,11,TOBARRA CB,True
FUNDACION GLOBALCAJA LA RODA,4,11.001400000000004,44.2397,True,11,TOBARRA CB,True
FUNDACION GLOBALCAJA LA RODA,13,33.7094,61.381,False,11,TOBARRA CB,True
FUNDACION GLOBALCAJA LA RODA,6,34.6968,56.3395,False,11,TOBARRA CB,True
FUNDACION GLOBALCAJA LA RODA,4,7.05219,42.9793,True,11,TOBARRA CB,True
FUNDACION GLOBALCAJA LA RODA,4,8.674199999999999,54.4489,True,11,TOBARRA CB,True
FUNDACION GLOBALCAJA LA RODA,25,7.8279,39.9544,True,11,TOBARRA CB,True
FUNDACION GLOBALCAJA LA RODA,6,20.3808,4.53741,True,11,TOBARRA CB,True
FUNDACION GLOBALCAJA LA RODA,9,22.426000000000002,9.83105,True,11,TOBARRA CB,True
FUNDACION GLOBALCAJA LA RODA,9,15.7969,59.4904,False,11,TOBARRA CB,True
FUNDACION GLOBALCAJA LA RODA,4,5.1481,57.4738,True,11,TOBARRA CB,True
FUNDACION GLOBALCAJA LA RODA,4,31.734800000000007,75.4974,False,11,TOBARRA CB,True
FUNDACION GLOBALCAJA LA RODA,4,32.7927,32.8962,True,11,TOBARRA CB,True
FUNDACION GLOBALCAJA LA RODA,2,32.7221,69.1955,False,11,TOBARRA CB,True
FUNDACION GLOBALCAJA LA RODA,4,7.19323,45.7522,False,11,TOBARRA CB,True
FUNDACION GLOBALCAJA LA RODA,2,32.0874,71.9683,True,11,TOBARRA CB,True
FUNDACION GLOBALCAJA LA RODA,13,34.9083,58.104,False,11,TOBARRA CB,True
FUNDACION GLOBALCAJA LA RODA,6,34.8378,52.8104,True,11,TOBARRA CB,True
FUNDACION GLOBALCAJA LA RODA,2,27.2214,15.6288,False,11,TOBARRA CB,True
FUNDACION GLOBALCAJA LA RODA,4,8.3921,32.8962,False,11,TOBARRA CB,True
FUNDACION GLOBALCAJA LA RODA,2,24.4006,88.9836,False,11,TOBARRA CB,True
FUNDACION GLOBALCAJA LA RODA,6,11.424499999999995,57.0957,True,11,TOBARRA CB,True
FUNDACION GLOBALCAJA LA RODA,25,11.0719,57.0957,False,11,TOBARRA CB,True
FUNDACION GLOBALCAJA LA RODA,9,6.1354,57.2217,False,11,TOBARRA CB,True
FUNDACION GLOBALCAJA LA RODA,9,30.6065,77.0099,False,11,TOBARRA CB,True
FUNDACION GLOBALCAJA LA RODA,3,25.3879,15.8809,False,11,TOBARRA CB,True
FUNDACION GLOBALCAJA LA RODA,10,14.457,53.0624,False,11,TOBARRA CB,True
FUNDACION GLOBALCAJA LA RODA,6,8.744699999999995,44.9959,False,11,TOBARRA CB,True
FUNDACION GLOBALCAJA LA RODA,9,7.686899999999994,92.2606,False,11,TOBARRA CB,True
FUNDACION GLOBALCAJA LA RODA,4,7.89845,55.5832,True,11,TOBARRA CB,True
FUNDACION GLOBALCAJA LA RODA,9,9.943600000000004,41.971,True,11,TOBARRA CB,True
FUNDACION GLOBALCAJA LA RODA,4,7.82793,45.7522,True,11,TOBARRA CB,True
FUNDACION GLOBALCAJA LA RODA,3,27.3625,13.7383,False,11,TOBARRA CB,True
FUNDACION GLOBALCAJA LA RODA,13,11.777100000000004,4.53741,False,11,TOBARRA CB,True
FUNDACION GLOBALCAJA LA RODA,9,32.6516,66.6747,False,11,TOBARRA CB,True
FUNDACION GLOBALCAJA LA RODA,20,11.424499999999995,66.0445,False,11,TOBARRA CB,True
FUNDACION GLOBALCAJA LA RODA,6,35.1199,39.9544,False,11,TOBARRA CB,True
FUNDACION GLOBALCAJA LA RODA,13,6.69958,41.971,True,11,TOBARRA CB,True
FUNDACION GLOBALCAJA LA RODA,9,11.565600000000003,55.8353,False,11,TOBARRA CB,True
FUNDACION GLOBALCAJA LA RODA,13,12.482399999999998,75.4974,True,11,TOBARRA CB,True
FUNDACION GLOBALCAJA LA RODA,13,8.039500000000004,42.7272,True,11,TOBARRA CB,True
FUNDACION GLOBALCAJA LA RODA,2,20.5219,91.0002,True,11,TOBARRA CB,True
FUNDACION GLOBALCAJA LA RODA,6,10.225700000000003,3.78117,False,11,TOBARRA CB,True
FUNDACION GLOBALCAJA LA RODA,9,31.664299999999997,73.6068,False,11,TOBARRA CB,True
FUNDACION GLOBALCAJA LA RODA,2,5.99436,58.4821,True,11,TOBARRA CB,True
FUNDACION GLOBALCAJA LA RODA,4,8.88575,46.2563,True,11,TOBARRA CB,True
FUNDACION GLOBALCAJA LA RODA,25,12.6234,60.4988,True,11,TOBARRA CB,True
FUNDACION GLOBALCAJA LA RODA,6,11.7772,4.15929,False,11,TOBARRA CB,True
FUNDACION GLOBALCAJA LA RODA,2,30.4654,28.989,False,11,TOBARRA CB,True
FUNDACION GLOBALCAJA LA RODA,25,8.603700000000003,53.9447,True,11,TOBARRA CB,True
FUNDACION GLOBALCAJA LA RODA,4,9.52045,56.3395,False,11,TOBARRA CB,True
FUNDACION GLOBALCAJA LA RODA,4,10.155100000000004,31.3837,True,11,TOBARRA CB,True
FUNDACION GLOBALCAJA LA RODA,9,5.64175,58.7342,True,11,TOBARRA CB,True
TOBARRA CB,7,6.48801,60.1206,False,11,FUNDACION GLOBALCAJA LA RODA,False
TOBARRA CB,28,31.5938,73.6068,False,11,FUNDACION GLOBALCAJA LA RODA,False
TOBARRA CB,3,6.06488,58.8602,False,11,FUNDACION GLOBALCAJA LA RODA,False
TOBARRA CB,34,7.89845,48.399,False,11,FUNDACION GLOBALCAJA LA RODA,False
TOBARRA CB,32,10.648799999999994,54.827,True,11,FUNDACION GLOBALCAJA LA RODA,False
TOBARRA CB,0,23.8364,86.0847,False,11,FUNDACION GLOBALCAJA LA RODA,False
TOBARRA CB,34,16.290599999999998,24.8297,True,11,FUNDACION GLOBALCAJA LA RODA,False
TOBARRA CB,32,31.3822,25.4599,True,11,FUNDACION GLOBALCAJA LA RODA,False
TOBARRA CB,28,31.5938,73.6068,False,11,FUNDACION GLOBALCAJA LA RODA,False
TOBARRA CB,28,9.4499,55.8353,True,11,FUNDACION GLOBALCAJA LA RODA,False
TOBARRA CB,7,10.155100000000004,38.4419,True,11,FUNDACION GLOBALCAJA LA RODA,False
TOBARRA CB,3,15.0917,34.5347,True,11,FUNDACION GLOBALCAJA LA RODA,False
TOBARRA CB,7,7.33427,49.0292,False,11,FUNDACION GLOBALCAJA LA RODA,False
TOBARRA CB,3,14.1044,65.5403,False,11,FUNDACION GLOBALCAJA LA RODA,False
TOBARRA CB,21,5.50071,43.6095,True,11,FUNDACION GLOBALCAJA LA RODA,False
TOBARRA CB,34,8.039500000000004,38.694,False,11,FUNDACION GLOBALCAJA LA RODA,False
TOBARRA CB,28,13.187600000000003,34.4087,False,11,FUNDACION GLOBALCAJA LA RODA,False
TOBARRA CB,0,5.92384,42.8533,True,11,FUNDACION GLOBALCAJA LA RODA,False
TOBARRA CB,32,26.093100000000007,11.4696,False,11,FUNDACION GLOBALCAJA LA RODA,False
TOBARRA CB,32,35.1199,37.9378,False,11,FUNDACION GLOBALCAJA LA RODA,False
TOBARRA CB,7,10.437200000000004,36.0472,False,11,FUNDACION GLOBALCAJA LA RODA,False
TOBARRA CB,3,35.402,42.0971,False,11,FUNDACION GLOBALCAJA LA RODA,False
TOBARRA CB,3,15.585300000000004,35.2909,False,11,FUNDACION GLOBALCAJA LA RODA,False
TOBARRA CB,28,11.7066,43.6095,False,11,FUNDACION GLOBALCAJA LA RODA,False
TOBARRA CB,32,26.445700000000002,13.6122,True,11,FUNDACION GLOBALCAJA LA RODA,False
TOBARRA CB,32,33.4979,66.9267,True,11,FUNDACION GLOBALCAJA LA RODA,False
TOBARRA CB,0,26.516199999999998,87.093,False,11,FUNDACION GLOBALCAJA LA RODA,False
TOBARRA CB,7,14.6685,27.2244,False,11,FUNDACION GLOBALCAJA LA RODA,False
TOBARRA CB,28,8.815200000000004,54.827,True,11,FUNDACION GLOBALCAJA LA RODA,False
TOBARRA CB,3,7.96897,58.4821,False,11,FUNDACION GLOBALCAJA LA RODA,False
TOBARRA CB,32,32.7221,64.7841,False,11,FUNDACION GLOBALCAJA LA RODA,False
TOBARRA CB,34,8.603700000000003,43.1054,True,11,FUNDACION GLOBALCAJA LA RODA,False
TOBARRA CB,0,4.79549,35.1649,True,11,FUNDACION GLOBALCAJA LA RODA,False
TOBARRA CB,28,4.5134,41.3408,False,11,FUNDACION GLOBALCAJA LA RODA,False
TOBARRA CB,32,30.0423,82.0514,False,11,FUNDACION GLOBALCAJA LA RODA,False
TOBARRA CB,3,7.89845,60.7508,False,11,FUNDACION GLOBALCAJA LA RODA,False
TOBARRA CB,6,7.12271,63.1456,False,11,FUNDACION GLOBALCAJA LA RODA,False
TOBARRA CB,28,7.96897,42.3491,False,11,FUNDACION GLOBALCAJA LA RODA,False
TOBARRA CB,32,30.2539,19.6621,False,11,FUNDACION GLOBALCAJA LA RODA,False
TOBARRA CB,7,6.34697,39.4502,True,11,FUNDACION GLOBALCAJA LA RODA,False
TOBARRA CB,7,12.1298,48.273,False,11,FUNDACION GLOBALCAJA LA RODA,False
TOBARRA CB,3,8.53315,4.03325,False,11,FUNDACION GLOBALCAJA LA RODA,False
TOBARRA CB,3,11.424499999999995,34.0306,False,11,FUNDACION GLOBALCAJA LA RODA,False
TOBARRA CB,0,30.888599999999997,72.9766,False,11,FUNDACION GLOBALCAJA LA RODA,False
TOBARRA CB,0,16.290599999999998,24.8297,False,11,FUNDACION GLOBALCAJA LA RODA,False
TOBARRA CB,32,22.3554,90.6221,False,11,FUNDACION GLOBALCAJA LA RODA,False
TOBARRA CB,0,29.619200000000006,81.5473,False,11,FUNDACION GLOBALCAJA LA RODA,False
TOBARRA CB,32,8.251099999999994,77.6401,False,11,FUNDACION GLOBALCAJA LA RODA,False
TOBARRA CB,3,34.8378,47.7688,True,11,FUNDACION GLOBALCAJA LA RODA,False
TOBARRA CB,28,35.402,42.0971,False,11,FUNDACION GLOBALCAJA LA RODA,False
TOBARRA CB,3,9.802499999999995,54.4489,True,11,FUNDACION GLOBALCAJA LA RODA,False
TOBARRA CB,3,14.2454,2.8989,True,11,FUNDACION GLOBALCAJA LA RODA,False
TOBARRA CB,7,34.1326,33.6524,False,11,FUNDACION GLOBALCAJA LA RODA,False
TOBARRA CB,21,25.035300000000007,9.45293,False,11,FUNDACION GLOBALCAJA LA RODA,False
TOBARRA CB,34,7.96897,42.3491,True,11,FUNDACION GLOBALCAJA LA RODA,False
TOBARRA CB,28,14.174899999999994,47.0126,False,11,FUNDACION GLOBALCAJA LA RODA,False
TOBARRA CB,28,32.7221,64.7841,True,11,FUNDACION GLOBALCAJA LA RODA,False
TOBARRA CB,3,25.8815,83.942,True,11,FUNDACION GLOBALCAJA LA RODA,False
TOBARRA CB,0,6.417500000000004,72.4725,False,11,FUNDACION GLOBALCAJA LA RODA,False
TOBARRA CB,32,19.111400000000003,32.6441,False,11,FUNDACION GLOBALCAJA LA RODA,False
TOBARRA CB,3,20.3103,67.1788,False,11,FUNDACION GLOBALCAJA LA RODA,False
TOBARRA CB,7,9.026799999999994,2.64682,False,11,FUNDACION GLOBALCAJA LA RODA,False
TOBARRA CB,34,6.41749,54.701,True,11,FUNDACION GLOBALCAJA LA RODA,False
TOBARRA CB,7,5.71227,58.8602,True,11,FUNDACION GLOBALCAJA LA RODA,False
TOBARRA CB,3,28.3498,21.3006,True,11,FUNDACION GLOBALCAJA LA RODA,False
TOBARRA CB,32,8.462599999999995,58.7342,False,11,FUNDACION GLOBALCAJA LA RODA,False
TOBARRA CB,3,6.981700000000004,59.4904,True,11,FUNDACION GLOBALCAJA LA RODA,False
GRUPO INTERBUS ALCOBENDAS,33,13.1876,46.0043,True,11,CB LA MATANZA,True
GRUPO INTERBUS ALCOBENDAS,5,35.1199,52.6843,False,11,CB LA MATANZA,True
GRUPO INTERBUS ALCOBENDAS,33,28.843400000000003,25.4599,False,11,CB LA MATANZA,True
GRUPO INTERBUS ALCOBENDAS,24,9.520499999999998,41.971,False,11,CB LA MATANZA,True
GRUPO INTERBUS ALCOBENDAS,41,12.5529,45.3741,True,11,CB LA MATANZA,True
GRUPO INTERBUS ALCOBENDAS,33,30.2539,21.5527,False,11,CB LA MATANZA,True
GRUPO INTERBUS ALCOBENDAS,5,36.6008,35.543,False,11,CB LA MATANZA,True
GRUPO INTERBUS ALCOBENDAS,33,27.221400000000003,18.7798,True,11,CB LA MATANZA,True
GRUPO INTERBUS ALCOBENDAS,41,7.334299999999999,40.0804,False,11,CB LA MATANZA,True
GRUPO INTERBUS ALCOBENDAS,13,22.637500000000003,7.68838,False,11,CB LA MATANZA,True
GRUPO INTERBUS ALCOBENDAS,33,27.644599999999997,80.4129,False,11,CB LA MATANZA,True
GRUPO INTERBUS ALCOBENDAS,4,22.073300000000003,92.1346,False,11,CB LA MATANZA,True
GRUPO INTERBUS ALCOBENDAS,33,30.677000000000007,85.2024,False,11,CB LA MATANZA,True
GRUPO INTERBUS ALCOBENDAS,5,28.490799999999993,80.9171,False,11,CB LA MATANZA,True
GRUPO INTERBUS ALCOBENDAS,13,15.0212,47.0126,False,11,CB LA MATANZA,True
GRUPO INTERBUS ALCOBENDAS,33,14.104399999999998,47.5167,True,11,CB LA MATANZA,True
GRUPO INTERBUS ALCOBENDAS,13,10.437200000000004,91.0002,False,11,CB LA MATANZA,True
GRUPO INTERBUS ALCOBENDAS,13,9.732,55.0791,True,11,CB LA MATANZA,True
GRUPO INTERBUS ALCOBENDAS,13,8.32158,59.8686,True,11,CB LA MATANZA,True
GRUPO INTERBUS ALCOBENDAS,17,7.334299999999999,63.3977,True,11,CB LA MATANZA,True
GRUPO INTERBUS ALCOBENDAS,17,32.9337,69.6996,False,11,CB LA MATANZA,True
GRUPO INTERBUS ALCOBENDAS,5,7.616399999999999,23.4433,False,11,CB LA MATANZA,True
GRUPO INTERBUS ALCOBENDAS,33,34.485200000000006,34.1566,False,11,CB LA MATANZA,True
GRUPO INTERBUS ALCOBENDAS,17,10.578299999999999,40.4585,False,11,CB LA MATANZA,True
GRUPO INTERBUS ALCOBENDAS,13,9.52045,56.9697,True,11,CB LA MATANZA,True
GRUPO INTERBUS ALCOBENDAS,14,16.5021,42.9793,False,11,CB LA MATANZA,True
GRUPO INTERBUS ALCOBENDAS,33,8.956299999999999,94.0252,True,11,CB LA MATANZA,True
GRUPO INTERBUS ALCOBENDAS,13,22.0028,71.8423,False,11,CB LA MATANZA,True
GRUPO INTERBUS ALCOBENDAS,16,12.552899999999994,47.7688,False,11,CB LA MATANZA,True
GRUPO INTERBUS ALCOBENDAS,77,29.1961,21.3006,False,11,CB LA MATANZA,True
GRUPO INTERBUS ALCOBENDAS,5,7.82793,41.971,True,11,CB LA MATANZA,True
GRUPO INTERBUS ALCOBENDAS,24,11.7066,58.2301,True,11,CB LA MATANZA,True
GRUPO INTERBUS ALCOBENDAS,13,7.89845,62.7675,False,11,CB LA MATANZA,True
GRUPO INTERBUS ALCOBENDAS,77,24.6827,89.3617,False,11,CB LA MATANZA,True
GRUPO INTERBUS ALCOBENDAS,13,7.26375,40.0804,True,11,CB LA MATANZA,True
GRUPO INTERBUS ALCOBENDAS,24,11.424499999999995,42.3491,True,11,CB LA MATANZA,True
GRUPO INTERBUS ALCOBENDAS,24,10.648799999999994,42.3491,False,11,CB LA MATANZA,True
GRUPO INTERBUS ALCOBENDAS,33,10.084599999999995,68.8173,False,11,CB LA MATANZA,True
GRUPO INTERBUS ALCOBENDAS,14,24.8237,90.6221,False,11,CB LA MATANZA,True
GRUPO INTERBUS ALCOBENDAS,4,36.3188,49.1552,True,11,CB LA MATANZA,True
GRUPO INTERBUS ALCOBENDAS,13,30.465400000000002,81.4212,False,11,CB LA MATANZA,True
GRUPO INTERBUS ALCOBENDAS,33,17.348399999999998,34.2826,False,11,CB LA MATANZA,True
GRUPO INTERBUS ALCOBENDAS,41,14.5275,47.5167,True,11,CB LA MATANZA,True
GRUPO INTERBUS ALCOBENDAS,41,16.5021,44.6178,False,11,CB LA MATANZA,True
GRUPO INTERBUS ALCOBENDAS,41,20.3103,33.9045,False,11,CB LA MATANZA,True
GRUPO INTERBUS ALCOBENDAS,13,8.815200000000004,40.5846,True,11,CB LA MATANZA,True
GRUPO INTERBUS ALCOBENDAS,17,8.46262,41.845,False,11,CB LA MATANZA,True
GRUPO INTERBUS ALCOBENDAS,41,9.590999999999994,57.2217,True,11,CB LA MATANZA,True
GRUPO INTERBUS ALCOBENDAS,13,10.084599999999995,41.5929,False,11,CB LA MATANZA,True
GRUPO INTERBUS ALCOBENDAS,16,10.0846,41.4669,True,11,CB LA MATANZA,True
GRUPO INTERBUS ALCOBENDAS,33,11.0719,93.395,True,11,CB LA MATANZA,True
GRUPO INTERBUS ALCOBENDAS,33,32.01690000000001,29.2411,False,11,CB LA MATANZA,True
GRUPO INTERBUS ALCOBENDAS,4,8.32158,5.54572,False,11,CB LA MATANZA,True
GRUPO INTERBUS ALCOBENDAS,5,28.914,22.0568,True,11,CB LA MATANZA,True
GRUPO INTERBUS ALCOBENDAS,41,15.655900000000003,48.9032,True,11,CB LA MATANZA,True
GRUPO INTERBUS ALCOBENDAS,77,23.1312,9.20085,True,11,CB LA MATANZA,True
GRUPO INTERBUS ALCOBENDAS,16,6.629099999999994,29.4931,False,11,CB LA MATANZA,True
GRUPO INTERBUS ALCOBENDAS,33,13.1876,4.53741,False,11,CB LA MATANZA,True
GRUPO INTERBUS ALCOBENDAS,41,5.78279,79.1525,False,11,CB LA MATANZA,True
GRUPO INTERBUS ALCOBENDAS,13,7.68688,61.5071,False,11,CB LA MATANZA,True
GRUPO INTERBUS ALCOBENDAS,41,9.590999999999994,72.8506,False,11,CB LA MATANZA,True
GRUPO INTERBUS ALCOBENDAS,5,16.0085,94.9074,True,11,CB LA MATANZA,True
GRUPO INTERBUS ALCOBENDAS,41,7.61636,72.2204,True,11,CB LA MATANZA,True
GRUPO INTERBUS ALCOBENDAS,13,34.5557,25.4599,False,11,CB LA MATANZA,True
CB LA MATANZA,72,11.354,61.8852,False,11,GRUPO INTERBUS ALCOBENDAS,False
CB LA MATANZA,3,9.44993,43.8616,True,11,GRUPO INTERBUS ALCOBENDAS,False
CB LA MATANZA,0,8.81523,40.0804,True,11,GRUPO INTERBUS ALCOBENDAS,False
CB LA MATANZA,9,34.4852,39.1982,False,11,GRUPO INTERBUS ALCOBENDAS,False
CB LA MATANZA,7,28.1382,57.0957,False,11,GRUPO INTERBUS ALCOBENDAS,False
CB LA MATANZA,23,13.681200000000004,42.8533,False,11,GRUPO INTERBUS ALCOBENDAS,False
CB LA MATANZA,14,11.988699999999994,59.1123,False,11,GRUPO INTERBUS ALCOBENDAS,False
CB LA MATANZA,9,7.2637,93.647,True,11,GRUPO INTERBUS ALCOBENDAS,False
CB LA MATANZA,14,11.142499999999998,37.9378,False,11,GRUPO INTERBUS ALCOBENDAS,False
CB LA MATANZA,6,10.2257,9.20085,False,11,GRUPO INTERBUS ALCOBENDAS,False
CB LA MATANZA,14,33.63890000000001,46.3824,True,11,GRUPO INTERBUS ALCOBENDAS,False
CB LA MATANZA,3,10.437200000000004,78.0182,False,11,GRUPO INTERBUS ALCOBENDAS,False
CB LA MATANZA,7,30.3949,18.9059,False,11,GRUPO INTERBUS ALCOBENDAS,False
CB LA MATANZA,72,11.0719,61.6331,False,11,GRUPO INTERBUS ALCOBENDAS,False
CB LA MATANZA,0,7.686899999999994,57.7259,True,11,GRUPO INTERBUS ALCOBENDAS,False
CB LA MATANZA,9,35.8251,55.0791,False,11,GRUPO INTERBUS ALCOBENDAS,False
CB LA MATANZA,6,9.238399999999999,70.2038,False,11,GRUPO INTERBUS ALCOBENDAS,False
CB LA MATANZA,0,11.4245,46.2563,False,11,GRUPO INTERBUS ALCOBENDAS,False
CB LA MATANZA,23,15.796899999999994,69.4475,False,11,GRUPO INTERBUS ALCOBENDAS,False
CB LA MATANZA,0,7.334299999999999,40.2065,False,11,GRUPO INTERBUS ALCOBENDAS,False
CB LA MATANZA,72,5.50071,61.0029,True,11,GRUPO INTERBUS ALCOBENDAS,False
CB LA MATANZA,1,8.180499999999995,27.4765,False,11,GRUPO INTERBUS ALCOBENDAS,False
CB LA MATANZA,23,14.668499999999995,54.3228,False,11,GRUPO INTERBUS ALCOBENDAS,False
CB LA MATANZA,23,29.9718,23.1912,False,11,GRUPO INTERBUS ALCOBENDAS,False
CB LA MATANZA,0,7.1932000000000045,63.3977,False,11,GRUPO INTERBUS ALCOBENDAS,False
CB LA MATANZA,11,34.2736,27.3505,False,11,GRUPO INTERBUS ALCOBENDAS,False
CB LA MATANZA,11,31.1707,26.5942,False,11,GRUPO INTERBUS ALCOBENDAS,False
CB LA MATANZA,1,9.52045,43.2314,False,11,GRUPO INTERBUS ALCOBENDAS,False
CB LA MATANZA,7,9.80254,40.2065,False,11,GRUPO INTERBUS ALCOBENDAS,False
CB LA MATANZA,14,24.8237,89.8659,False,11,GRUPO INTERBUS ALCOBENDAS,False
CB LA MATANZA,14,11.9887,40.2065,True,11,GRUPO INTERBUS ALCOBENDAS,False
CB LA MATANZA,23,22.990099999999998,11.0914,False,11,GRUPO INTERBUS ALCOBENDAS,False
CB LA MATANZA,7,7.968999999999994,69.0694,True,11,GRUPO INTERBUS ALCOBENDAS,False
CB LA MATANZA,23,8.533100000000005,40.0804,True,11,GRUPO INTERBUS ALCOBENDAS,False
CB LA MATANZA,1,11.001400000000004,50.9198,False,11,GRUPO INTERBUS ALCOBENDAS,False
CB LA MATANZA,21,12.6234,40.3325,False,11,GRUPO INTERBUS ALCOBENDAS,False
CB LA MATANZA,11,14.1749,56.9697,False,11,GRUPO INTERBUS ALCOBENDAS,False
CB LA MATANZA,1,7.616399999999999,65.5403,False,11,GRUPO INTERBUS ALCOBENDAS,False
CB LA MATANZA,7,13.751800000000003,41.5929,False,11,GRUPO INTERBUS ALCOBENDAS,False
CB LA MATANZA,14,34.8378,51.0458,False,11,GRUPO INTERBUS ALCOBENDAS,False
CB LA MATANZA,0,29.1961,20.7964,False,11,GRUPO INTERBUS ALCOBENDAS,False
CB LA MATANZA,11,9.52045,41.2148,False,11,GRUPO INTERBUS ALCOBENDAS,False
CB LA MATANZA,1,28.349800000000002,24.7037,False,11,GRUPO INTERBUS ALCOBENDAS,False
CB LA MATANZA,1,32.792699999999996,75.3714,False,11,GRUPO INTERBUS ALCOBENDAS,False
CB LA MATANZA,7,35.1904,46.7605,False,11,GRUPO INTERBUS ALCOBENDAS,False
CB LA MATANZA,14,31.664299999999997,34.0306,True,11,GRUPO INTERBUS ALCOBENDAS,False
CB LA MATANZA,7,8.251099999999994,94.0252,False,11,GRUPO INTERBUS ALCOBENDAS,False
CB LA MATANZA,3,7.475300000000004,58.2301,True,11,GRUPO INTERBUS ALCOBENDAS,False
CB LA MATANZA,0,7.33427,43.6095,True,11,GRUPO INTERBUS ALCOBENDAS,False
CB LA MATANZA,3,29.407600000000002,21.9308,False,11,GRUPO INTERBUS ALCOBENDAS,False
CB LA MATANZA,7,14.1749,47.0126,False,11,GRUPO INTERBUS ALCOBENDAS,False
CB LA MATANZA,11,23.2017,29.2411,True,11,GRUPO INTERBUS ALCOBENDAS,False
CB LA MATANZA,23,32.158,52.9364,False,11,GRUPO INTERBUS ALCOBENDAS,False
CB LA MATANZA,11,31.3822,83.4379,True,11,GRUPO INTERBUS ALCOBENDAS,False
CB LA MATANZA,14,35.543000000000006,47.3907,False,11,GRUPO INTERBUS ALCOBENDAS,False
CB LA MATANZA,14,7.122699999999995,41.5929,True,11,GRUPO INTERBUS ALCOBENDAS,False
CB LA MATANZA,14,34.1326,69.0694,False,11,GRUPO INTERBUS ALCOBENDAS,False
CB LA MATANZA,1,9.308899999999994,58.104,True,11,GRUPO INTERBUS ALCOBENDAS,False
EL VENTERO CBV,21,6.06488,51.8021,True,11,TOSCONES CORRALEJO,True
EL VENTERO CBV,10,8.32158,4.53741,False,11,TOSCONES CORRALEJO,True
EL VENTERO CBV,10,10.719300000000004,94.0252,False,11,TOSCONES CORRALEJO,True
EL VENTERO CBV,10,34.1326,19.6621,True,11,TOSCONES CORRALEJO,True
EL VENTERO CBV,15,20.733400000000003,36.5513,False,11,TOSCONES CORRALEJO,True
EL VENTERO CBV,22,25.176299999999998,11.3435,False,11,TOSCONES CORRALEJO,True
EL VENTERO CBV,0,5.994399999999999,51.0458,True,11,TOSCONES CORRALEJO,True
EL VENTERO CBV,21,7.82793,52.8104,True,11,TOSCONES CORRALEJO,True
EL VENTERO CBV,22,7.47532,47.1386,False,11,TOSCONES CORRALEJO,True
EL VENTERO CBV,10,7.47532,6.68007,False,11,TOSCONES CORRALEJO,True
EL VENTERO CBV,2,37.7292,46.8865,False,11,TOSCONES CORRALEJO,True
EL VENTERO CBV,10,34.6262,69.4475,True,11,TOSCONES CORRALEJO,True
EL VENTERO CBV,10,6.7701,60.8769,False,11,TOSCONES CORRALEJO,True
EL VENTERO CBV,1,5.78279,48.1469,False,11,TOSCONES CORRALEJO,True
EL VENTERO CBV,18,8.95628,50.1636,True,11,TOSCONES CORRALEJO,True
EL VENTERO CBV,18,5.64175,50.4156,False,11,TOSCONES CORRALEJO,True
EL VENTERO CBV,41,22.566999999999993,91.7564,False,11,TOSCONES CORRALEJO,True
EL VENTERO CBV,1,25.105800000000002,53.9447,False,11,TOSCONES CORRALEJO,True
EL VENTERO CBV,0,5.85331,51.55,True,11,TOSCONES CORRALEJO,True
EL VENTERO CBV,41,25.387900000000002,7.31027,False,11,TOSCONES CORRALEJO,True
EL VENTERO CBV,10,37.4471,50.6677,False,11,TOSCONES CORRALEJO,True
EL VENTERO CBV,0,28.8434,85.9586,False,11,TOSCONES CORRALEJO,True
EL VENTERO CBV,10,30.2539,78.2703,False,11,TOSCONES CORRALEJO,True
EL VENTERO CBV,10,5.571200000000005,48.6511,True,11,TOSCONES CORRALEJO,True
EL VENTERO CBV,10,5.430199999999999,48.399,True,11,TOSCONES CORRALEJO,True
EL VENTERO CBV,1,4.79549,51.0458,True,11,TOSCONES CORRALEJO,True
EL VENTERO CBV,18,10.719300000000004,94.0252,False,11,TOSCONES CORRALEJO,True
EL VENTERO CBV,22,30.536,20.2923,False,11,TOSCONES CORRALEJO,True
EL VENTERO CBV,0,29.266599999999997,83.6899,True,11,TOSCONES CORRALEJO,True
EL VENTERO CBV,18,6.27645,50.0375,False,11,TOSCONES CORRALEJO,True
EL VENTERO CBV,0,5.57123,50.7937,True,11,TOSCONES CORRALEJO,True
EL VENTERO CBV,10,6.4879999999999995,51.676,True,11,TOSCONES CORRALEJO,True
EL VENTERO CBV,0,34.2736,23.3172,False,11,TOSCONES CORRALEJO,True
EL VENTERO CBV,0,8.11001,52.5583,False,11,TOSCONES CORRALEJO,True
EL VENTERO CBV,41,5.712299999999999,50.0375,True,11,TOSCONES CORRALEJO,True
EL VENTERO CBV,0,6.276399999999995,49.7854,True,11,TOSCONES CORRALEJO,True
EL VENTERO CBV,22,7.4048,48.273,True,11,TOSCONES CORRALEJO,True
EL VENTERO CBV,1,34.5557,73.3547,True,11,TOSCONES CORRALEJO,True
EL VENTERO CBV,10,37.7292,46.8865,False,11,TOSCONES CORRALEJO,True
EL VENTERO CBV,10,5.28914,51.0458,True,11,TOSCONES CORRALEJO,True
EL VENTERO CBV,41,6.064899999999994,48.399,True,11,TOSCONES CORRALEJO,True
EL VENTERO CBV,2,10.5783,44.6178,False,11,TOSCONES CORRALEJO,True
EL VENTERO CBV,0,29.9718,83.0598,False,11,TOSCONES CORRALEJO,True
EL VENTERO CBV,2,35.2609,73.2287,False,11,TOSCONES CORRALEJO,True
EL VENTERO CBV,0,6.41749,48.525,True,11,TOSCONES CORRALEJO,True
EL VENTERO CBV,21,5.57123,50.4156,True,11,TOSCONES CORRALEJO,True
EL VENTERO CBV,10,6.34697,49.0292,False,11,TOSCONES CORRALEJO,True
EL VENTERO CBV,10,9.873099999999994,51.55,False,11,TOSCONES CORRALEJO,True
EL VENTERO CBV,21,10.719300000000004,94.0252,True,11,TOSCONES CORRALEJO,True
EL VENTERO CBV,0,7.475300000000004,94.0252,True,11,TOSCONES CORRALEJO,True
EL VENTERO CBV,21,4.513400000000004,50.9198,False,11,TOSCONES CORRALEJO,True
EL VENTERO CBV,1,33.0748,76.5057,False,11,TOSCONES CORRALEJO,True
EL VENTERO CBV,1,5.28914,49.2813,False,11,TOSCONES CORRALEJO,True
EL VENTERO CBV,18,7.54584,49.9115,True,11,TOSCONES CORRALEJO,True
EL VENTERO CBV,0,7.8279,4.03325,True,11,TOSCONES CORRALEJO,True
EL VENTERO CBV,10,24.048000000000002,9.70501,True,11,TOSCONES CORRALEJO,True
EL VENTERO CBV,18,8.95628,50.1636,False,11,TOSCONES CORRALEJO,True
EL VENTERO CBV,41,5.077600000000004,48.273,True,11,TOSCONES CORRALEJO,True
EL VENTERO CBV,27,6.840599999999995,94.0252,False,11,TOSCONES CORRALEJO,True
EL VENTERO CBV,21,26.868799999999993,86.967,True,11,TOSCONES CORRALEJO,True
EL VENTERO CBV,2,34.1326,73.9849,False,11,TOSCONES CORRALEJO,True
EL VENTERO CBV,10,36.3893,52.9364,True,11,TOSCONES CORRALEJO,True
EL VENTERO CBV,15,35.049400000000006,21.4266,False,11,TOSCONES CORRALEJO,True
EL VENTERO CBV,1,36.5303,21.0485,False,11,TOSCONES CORRALEJO,True
EL VENTERO CBV,2,10.5783,44.6178,False,11,TOSCONES CORRALEJO,True
EL VENTERO CBV,41,33.145300000000006,18.1496,False,11,TOSCONES CORRALEJO,True
EL VENTERO CBV,41,35.8956,47.0126,True,11,TOSCONES CORRALEJO,True
EL VENTERO CBV,1,6.981700000000004,48.1469,False,11,TOSCONES CORRALEJO,True
EL VENTERO CBV,0,6.27645,47.5167,False,11,TOSCONES CORRALEJO,True
EL VENTERO CBV,0,35.9662,50.1636,True,11,TOSCONES CORRALEJO,True
TOSCONES CORRALEJO,9,6.48801,48.7771,True,11,EL VENTERO CBV,False
TOSCONES CORRALEJO,8,5.853300000000004,50.4156,False,11,EL VENTERO CBV,False
TOSCONES CORRALEJO,6,6.7701,57.3478,False,11,EL VENTERO CBV,False
TOSCONES CORRALEJO,7,5.92384,52.4323,True,11,EL VENTERO CBV,False
TOSCONES CORRALEJO,9,7.968999999999994,46.8865,False,11,EL VENTERO CBV,False
TOSCONES CORRALEJO,8,18.899900000000002,51.9281,True,11,EL VENTERO CBV,False
TOSCONES CORRALEJO,7,6.27645,48.1469,True,11,EL VENTERO CBV,False
TOSCONES CORRALEJO,7,7.052199999999999,44.6178,False,11,EL VENTERO CBV,False
TOSCONES CORRALEJO,15,6.840599999999995,51.8021,False,11,EL VENTERO CBV,False
TOSCONES CORRALEJO,17,6.4879999999999995,47.5167,True,11,EL VENTERO CBV,False
TOSCONES CORRALEJO,8,19.887200000000007,23.6953,True,11,EL VENTERO CBV,False
TOSCONES CORRALEJO,7,8.53315,44.9959,False,11,EL VENTERO CBV,False
TOSCONES CORRALEJO,11,6.699600000000004,51.1719,True,11,EL VENTERO CBV,False
TOSCONES CORRALEJO,17,6.629099999999994,48.525,False,11,EL VENTERO CBV,False
TOSCONES CORRALEJO,17,6.699600000000004,48.6511,True,11,EL VENTERO CBV,False
TOSCONES CORRALEJO,7,6.84062,52.1802,False,11,EL VENTERO CBV,False
TOSCONES CORRALEJO,7,36.8124,46.0043,False,11,EL VENTERO CBV,False
TOSCONES CORRALEJO,9,6.417500000000004,40.7106,False,11,EL VENTERO CBV,False
TOSCONES CORRALEJO,7,45.5571,24.0735,False,11,EL VENTERO CBV,False
TOSCONES CORRALEJO,7,42.1721,78.1442,False,11,EL VENTERO CBV,False
TOSCONES CORRALEJO,30,16.22,72.4725,False,11,EL VENTERO CBV,False
TOSCONES CORRALEJO,17,11.706599999999995,49.5334,False,11,EL VENTERO CBV,False
TOSCONES CORRALEJO,17,38.8575,34.2826,False,11,EL VENTERO CBV,False
TOSCONES CORRALEJO,30,31.029600000000002,76.8838,False,11,EL VENTERO CBV,False
TOSCONES CORRALEJO,9,6.981700000000004,55.4572,False,11,EL VENTERO CBV,False
TOSCONES CORRALEJO,8,6.1354,52.3062,True,11,EL VENTERO CBV,False
TOSCONES CORRALEJO,15,5.57123,51.1719,True,11,EL VENTERO CBV,False
TOSCONES CORRALEJO,17,33.7094,73.4808,False,11,EL VENTERO CBV,False
TOSCONES CORRALEJO,8,36.1072,45.8782,False,11,EL VENTERO CBV,False
TOSCONES CORRALEJO,17,31.7348,18.7798,True,11,EL VENTERO CBV,False
TOSCONES CORRALEJO,8,11.1425,48.525,False,11,EL VENTERO CBV,False
TOSCONES CORRALEJO,9,6.629099999999994,49.6594,True,11,EL VENTERO CBV,False
TOSCONES CORRALEJO,7,37.6587,28.7369,True,11,EL VENTERO CBV,False
TOSCONES CORRALEJO,17,5.99436,48.9032,False,11,EL VENTERO CBV,False
TOSCONES CORRALEJO,9,31.3822,77.7661,False,11,EL VENTERO CBV,False
TOSCONES CORRALEJO,8,6.91114,41.5929,False,11,EL VENTERO CBV,False
TOSCONES CORRALEJO,30,7.052199999999999,48.0209,False,11,EL VENTERO CBV,False
TOSCONES CORRALEJO,8,17.842,35.417,False,11,EL VENTERO CBV,False
TOSCONES CORRALEJO,8,5.430199999999999,48.9032,True,11,EL VENTERO CBV,False
TOSCONES CORRALEJO,8,34.1326,19.284,True,11,EL VENTERO CBV,False
TOSCONES CORRALEJO,8,35.543,49.1552,False,11,EL VENTERO CBV,False
TOSCONES CORRALEJO,17,6.911100000000005,47.0126,False,11,EL VENTERO CBV,False
TOSCONES CORRALEJO,7,9.80254,56.8436,False,11,EL VENTERO CBV,False
TOSCONES CORRALEJO,7,5.71227,50.4156,True,11,EL VENTERO CBV,False
TOSCONES CORRALEJO,17,36.3188,23.0652,False,11,EL VENTERO CBV,False
TOSCONES CORRALEJO,8,7.968999999999994,46.8865,True,11,EL VENTERO CBV,False
TOSCONES CORRALEJO,15,5.9238,48.9032,True,11,EL VENTERO CBV,False
TOSCONES CORRALEJO,8,26.9394,38.1898,False,11,EL VENTERO CBV,False
TOSCONES CORRALEJO,6,5.43018,47.0126,False,11,EL VENTERO CBV,False
TOSCONES CORRALEJO,17,7.82793,52.1802,False,11,EL VENTERO CBV,False
TOSCONES CORRALEJO,17,17.842,35.417,False,11,EL VENTERO CBV,False
TOSCONES CORRALEJO,8,7.686899999999994,52.1802,False,11,EL VENTERO CBV,False
TOSCONES CORRALEJO,8,6.629099999999994,48.525,True,11,EL VENTERO CBV,False
NÁUTICO TENERIFE,15,8.11,6.80611,False,11,MOVISTAR ESTUDIANTES,True
NÁUTICO TENERIFE,7,23.6248,10.2092,False,11,MOVISTAR ESTUDIANTES,True
NÁUTICO TENERIFE,39,4.4428999999999945,51.676,True,11,MOVISTAR ESTUDIANTES,True
NÁUTICO TENERIFE,13,31.5938,66.2966,False,11,MOVISTAR ESTUDIANTES,True
NÁUTICO TENERIFE,5,8.67419,51.1719,True,11,MOVISTAR ESTUDIANTES,True
NÁUTICO TENERIFE,5,28.6319,51.1719,False,11,MOVISTAR ESTUDIANTES,True
NÁUTICO TENERIFE,39,11.4245,49.2813,False,11,MOVISTAR ESTUDIANTES,True
NÁUTICO TENERIFE,5,19.252499999999998,80.539,True,11,MOVISTAR ESTUDIANTES,True
NÁUTICO TENERIFE,15,28.6319,51.1719,False,11,MOVISTAR ESTUDIANTES,True
NÁUTICO TENERIFE,23,13.892799999999994,4.78948,True,11,MOVISTAR ESTUDIANTES,True
NÁUTICO TENERIFE,3,10.0846,49.5334,False,11,MOVISTAR ESTUDIANTES,True
NÁUTICO TENERIFE,7,7.47532,42.4752,True,11,MOVISTAR ESTUDIANTES,True
NÁUTICO TENERIFE,23,29.689700000000002,66.2966,False,11,MOVISTAR ESTUDIANTES,True
NÁUTICO TENERIFE,39,8.674199999999999,50.0375,False,11,MOVISTAR ESTUDIANTES,True
NÁUTICO TENERIFE,23,34.4852,74.111,False,11,MOVISTAR ESTUDIANTES,True
NÁUTICO TENERIFE,18,28.843400000000003,21.0485,True,11,MOVISTAR ESTUDIANTES,True
NÁUTICO TENERIFE,42,15.091700000000003,33.4004,True,11,MOVISTAR ESTUDIANTES,True
NÁUTICO TENERIFE,23,22.426000000000002,25.4599,True,11,MOVISTAR ESTUDIANTES,True
NÁUTICO TENERIFE,15,11.213,50.6677,False,11,MOVISTAR ESTUDIANTES,True
NÁUTICO TENERIFE,18,33.9915,53.8187,True,11,MOVISTAR ESTUDIANTES,True
NÁUTICO TENERIFE,23,6.62906,94.6553,False,11,MOVISTAR ESTUDIANTES,True
NÁUTICO TENERIFE,13,30.4654,19.0319,True,11,MOVISTAR ESTUDIANTES,True
NÁUTICO TENERIFE,23,11.354,43.7356,False,11,MOVISTAR ESTUDIANTES,True
NÁUTICO TENERIFE,18,28.561400000000006,77.0099,False,11,MOVISTAR ESTUDIANTES,True
NÁUTICO TENERIFE,5,16.854699999999994,6.42799,True,11,MOVISTAR ESTUDIANTES,True
NÁUTICO TENERIFE,18,9.308899999999994,49.2813,False,11,MOVISTAR ESTUDIANTES,True
NÁUTICO TENERIFE,23,14.1044,96.1678,True,11,MOVISTAR ESTUDIANTES,True
NÁUTICO TENERIFE,15,13.7518,51.676,False,11,MOVISTAR ESTUDIANTES,True
NÁUTICO TENERIFE,10,10.8604,45.5001,False,11,MOVISTAR ESTUDIANTES,True
NÁUTICO TENERIFE,18,5.57123,41.845,False,11,MOVISTAR ESTUDIANTES,True
NÁUTICO TENERIFE,5,32.158,27.7286,True,11,MOVISTAR ESTUDIANTES,True
NÁUTICO TENERIFE,7,27.926699999999997,75.6234,False,11,MOVISTAR ESTUDIANTES,True
NÁUTICO TENERIFE,23,6.2059,5.54572,False,11,MOVISTAR ESTUDIANTES,True
NÁUTICO TENERIFE,13,19.322999999999993,7.81442,True,11,MOVISTAR ESTUDIANTES,True
NÁUTICO TENERIFE,15,11.8477,78.6484,False,11,MOVISTAR ESTUDIANTES,True
NÁUTICO TENERIFE,5,7.757400000000004,33.0222,False,11,MOVISTAR ESTUDIANTES,True
NÁUTICO TENERIFE,39,5.007099999999994,51.9281,True,11,MOVISTAR ESTUDIANTES,True
NÁUTICO TENERIFE,5,10.719300000000004,56.4655,False,11,MOVISTAR ESTUDIANTES,True
NÁUTICO TENERIFE,13,13.7518,46.6345,True,11,MOVISTAR ESTUDIANTES,True
NÁUTICO TENERIFE,39,9.16784,44.8699,False,11,MOVISTAR ESTUDIANTES,True
NÁUTICO TENERIFE,13,10.9309,50.6677,False,11,MOVISTAR ESTUDIANTES,True
NÁUTICO TENERIFE,39,7.4047999999999945,54.827,True,11,MOVISTAR ESTUDIANTES,True
NÁUTICO TENERIFE,39,5.430199999999999,53.8187,True,11,MOVISTAR ESTUDIANTES,True
NÁUTICO TENERIFE,15,24.118499999999997,34.0306,True,11,MOVISTAR ESTUDIANTES,True
NÁUTICO TENERIFE,20,19.675600000000003,94.1512,False,11,MOVISTAR ESTUDIANTES,True
NÁUTICO TENERIFE,3,13.3286,48.7771,False,11,MOVISTAR ESTUDIANTES,True
NÁUTICO TENERIFE,13,27.8561,14.3685,False,11,MOVISTAR ESTUDIANTES,True
NÁUTICO TENERIFE,13,6.346999999999994,51.0458,True,11,MOVISTAR ESTUDIANTES,True
NÁUTICO TENERIFE,7,28.843400000000003,80.1609,False,11,MOVISTAR ESTUDIANTES,True
NÁUTICO TENERIFE,13,15.6559,45.6261,False,11,MOVISTAR ESTUDIANTES,True
NÁUTICO TENERIFE,5,20.592399999999998,65.0362,False,11,MOVISTAR ESTUDIANTES,True
NÁUTICO TENERIFE,15,4.090299999999999,28.2328,False,11,MOVISTAR ESTUDIANTES,True
NÁUTICO TENERIFE,18,12.341300000000004,16.3851,False,11,MOVISTAR ESTUDIANTES,True
NÁUTICO TENERIFE,13,14.456999999999994,5.7978,False,11,MOVISTAR ESTUDIANTES,True
NÁUTICO TENERIFE,23,8.251099999999994,53.3145,False,11,MOVISTAR ESTUDIANTES,True
NÁUTICO TENERIFE,18,26.9394,21.4266,True,11,MOVISTAR ESTUDIANTES,True
NÁUTICO TENERIFE,7,8.88575,36.9294,False,11,MOVISTAR ESTUDIANTES,True
NÁUTICO TENERIFE,39,11.7772,49.2813,True,11,MOVISTAR ESTUDIANTES,True
NÁUTICO TENERIFE,15,7.82793,25.712,True,11,MOVISTAR ESTUDIANTES,True
NÁUTICO TENERIFE,5,9.6615,45.122,True,11,MOVISTAR ESTUDIANTES,True
NÁUTICO TENERIFE,18,28.561400000000006,19.6621,True,11,MOVISTAR ESTUDIANTES,True
NÁUTICO TENERIFE,42,11.9887,44.1137,True,11,MOVISTAR ESTUDIANTES,True
NÁUTICO TENERIFE,39,31.8759,19.0319,False,11,MOVISTAR ESTUDIANTES,True
NÁUTICO TENERIFE,13,7.12271,47.0126,False,11,MOVISTAR ESTUDIANTES,True
NÁUTICO TENERIFE,10,14.457,81.4212,False,11,MOVISTAR ESTUDIANTES,True
NÁUTICO TENERIFE,18,9.943600000000004,47.0126,False,11,MOVISTAR ESTUDIANTES,True
NÁUTICO TENERIFE,18,30.606499999999997,27.7286,True,11,MOVISTAR ESTUDIANTES,True
NÁUTICO TENERIFE,23,34.7673,66.2966,True,11,MOVISTAR ESTUDIANTES,True
NÁUTICO TENERIFE,15,22.426000000000002,25.4599,False,11,MOVISTAR ESTUDIANTES,True
MOVISTAR ESTUDIANTES,19,3.38505,49.2813,False,11,NÁUTICO TENERIFE,False
MOVISTAR ESTUDIANTES,8,18.899900000000002,93.7731,True,11,NÁUTICO TENERIFE,False
MOVISTAR ESTUDIANTES,25,19.464,24.8297,False,11,NÁUTICO TENERIFE,False
MOVISTAR ESTUDIANTES,11,21.297600000000003,94.7814,False,11,NÁUTICO TENERIFE,False
MOVISTAR ESTUDIANTES,7,10.084599999999995,51.2979,False,11,NÁUTICO TENERIFE,False
MOVISTAR ESTUDIANTES,8,25.7405,13.4862,True,11,NÁUTICO TENERIFE,False
MOVISTAR ESTUDIANTES,25,29.266599999999997,27.7286,False,11,NÁUTICO TENERIFE,False
MOVISTAR ESTUDIANTES,9,3.94922,52.3062,True,11,NÁUTICO TENERIFE,False
MOVISTAR ESTUDIANTES,8,8.03949,94.9074,False,11,NÁUTICO TENERIFE,False
MOVISTAR ESTUDIANTES,2,28.561400000000006,20.4183,True,11,NÁUTICO TENERIFE,False
MOVISTAR ESTUDIANTES,25,28.0677,81.5473,False,11,NÁUTICO TENERIFE,False
MOVISTAR ESTUDIANTES,8,29.337100000000007,30.5015,True,11,NÁUTICO TENERIFE,False
MOVISTAR ESTUDIANTES,25,31.1001,82.0514,True,11,NÁUTICO TENERIFE,False
MOVISTAR ESTUDIANTES,22,10.2962,59.9946,True,11,NÁUTICO TENERIFE,False
MOVISTAR ESTUDIANTES,2,32.4401,70.2038,False,11,NÁUTICO TENERIFE,False
MOVISTAR ESTUDIANTES,2,8.251099999999994,40.9627,True,11,NÁUTICO TENERIFE,False
MOVISTAR ESTUDIANTES,2,27.7856,16.7632,False,11,NÁUTICO TENERIFE,False
MOVISTAR ESTUDIANTES,2,30.747500000000002,24.9557,True,11,NÁUTICO TENERIFE,False
MOVISTAR ESTUDIANTES,19,11.847700000000003,52.1802,True,11,NÁUTICO TENERIFE,False
MOVISTAR ESTUDIANTES,6,9.09732,76.2536,False,11,NÁUTICO TENERIFE,False
MOVISTAR ESTUDIANTES,6,7.26375,6.17591,False,11,NÁUTICO TENERIFE,False
MOVISTAR ESTUDIANTES,25,10.366699999999994,51.55,False,11,NÁUTICO TENERIFE,False
MOVISTAR ESTUDIANTES,8,9.238399999999999,49.9115,True,11,NÁUTICO TENERIFE,False
MOVISTAR ESTUDIANTES,11,31.100099999999998,67.4309,False,11,NÁUTICO TENERIFE,False
MOVISTAR ESTUDIANTES,11,27.221400000000003,19.41,True,11,NÁUTICO TENERIFE,False
MOVISTAR ESTUDIANTES,8,5.007099999999994,95.6637,False,11,NÁUTICO TENERIFE,False
MOVISTAR ESTUDIANTES,22,9.94358,24.7037,False,11,NÁUTICO TENERIFE,False
MOVISTAR ESTUDIANTES,2,25.4584,49.6594,True,11,NÁUTICO TENERIFE,False
MOVISTAR ESTUDIANTES,6,10.366699999999994,55.2051,False,11,NÁUTICO TENERIFE,False
MOVISTAR ESTUDIANTES,6,6.84062,42.8533,True,11,NÁUTICO TENERIFE,False
MOVISTAR ESTUDIANTES,7,10.084599999999995,53.0624,False,11,NÁUTICO TENERIFE,False
MOVISTAR ESTUDIANTES,6,29.8307,17.5194,False,11,NÁUTICO TENERIFE,False
MOVISTAR ESTUDIANTES,2,30.1128,13.7383,False,11,NÁUTICO TENERIFE,False
MOVISTAR ESTUDIANTES,7,30.465400000000002,21.4266,False,11,NÁUTICO TENERIFE,False
MOVISTAR ESTUDIANTES,6,24.894199999999998,51.2979,False,11,NÁUTICO TENERIFE,False
MOVISTAR ESTUDIANTES,8,13.187600000000003,4.78948,False,11,NÁUTICO TENERIFE,False
MOVISTAR ESTUDIANTES,6,6.48801,16.133,True,11,NÁUTICO TENERIFE,False
MOVISTAR ESTUDIANTES,19,8.3921,46.1303,False,11,NÁUTICO TENERIFE,False
MOVISTAR ESTUDIANTES,2,11.354,53.3145,False,11,NÁUTICO TENERIFE,False
MOVISTAR ESTUDIANTES,8,5.07757,48.399,False,11,NÁUTICO TENERIFE,False
MOVISTAR ESTUDIANTES,11,11.001400000000004,49.7854,False,11,NÁUTICO TENERIFE,False
MOVISTAR ESTUDIANTES,9,9.4499,49.7854,False,11,NÁUTICO TENERIFE,False
MOVISTAR ESTUDIANTES,25,21.7913,6.42799,False,11,NÁUTICO TENERIFE,False
MOVISTAR ESTUDIANTES,25,32.299,87.3451,False,11,NÁUTICO TENERIFE,False
MOVISTAR ESTUDIANTES,8,10.4372,93.0168,False,11,NÁUTICO TENERIFE,False
MOVISTAR ESTUDIANTES,9,19.464,24.8297,True,11,NÁUTICO TENERIFE,False
MOVISTAR ESTUDIANTES,2,9.026799999999994,56.2134,False,11,NÁUTICO TENERIFE,False
MOVISTAR ESTUDIANTES,22,4.58392,49.5334,True,11,NÁUTICO TENERIFE,False
MOVISTAR ESTUDIANTES,11,18.3357,6.17591,False,11,NÁUTICO TENERIFE,False
MOVISTAR ESTUDIANTES,19,28.772900000000007,17.5194,False,11,NÁUTICO TENERIFE,False
MOVISTAR ESTUDIANTES,19,10.5078,94.7814,False,11,NÁUTICO TENERIFE,False
MOVISTAR ESTUDIANTES,8,10.2962,59.9946,False,11,NÁUTICO TENERIFE,False
MOVISTAR ESTUDIANTES,8,7.616399999999999,94.6553,False,11,NÁUTICO TENERIFE,False
MOVISTAR ESTUDIANTES,7,16.361099999999993,5.29364,False,11,NÁUTICO TENERIFE,False
MOVISTAR ESTUDIANTES,6,10.578299999999999,94.9074,False,11,NÁUTICO TENERIFE,False
MOVISTAR ESTUDIANTES,25,8.53315,48.6511,True,11,NÁUTICO TENERIFE,False
MOVISTAR ESTUDIANTES,11,34.203100000000006,44.3658,True,11,NÁUTICO TENERIFE,False
MOVISTAR ESTUDIANTES,8,15.655900000000003,94.0252,False,11,NÁUTICO TENERIFE,False
MOVISTAR ESTUDIANTES,8,13.0465,50.9198,False,11,NÁUTICO TENERIFE,False
MOVISTAR ESTUDIANTES,9,6.7701,58.6082,False,11,NÁUTICO TENERIFE,False
INMOBILIARIA GÁLVEZ SANTA CRUZ,44,16.995800000000003,95.6637,False,11,SUMIALKI CB CIUDAD DE MOSTOLES,True
INMOBILIARIA GÁLVEZ SANTA CRUZ,8,12.6939,47.7688,False,11,SUMIALKI CB CIUDAD DE MOSTOLES,True
INMOBILIARIA GÁLVEZ SANTA CRUZ,6,15.3738,43.1054,False,11,SUMIALKI CB CIUDAD DE MOSTOLES,True
INMOBILIARIA GÁLVEZ SANTA CRUZ,21,10.648799999999994,52.1802,True,11,SUMIALKI CB CIUDAD DE MOSTOLES,True
INMOBILIARIA GÁLVEZ SANTA CRUZ,6,9.73202,51.0458,True,11,SUMIALKI CB CIUDAD DE MOSTOLES,True
INMOBILIARIA GÁLVEZ SANTA CRUZ,16,14.950599999999994,61.129,False,11,SUMIALKI CB CIUDAD DE MOSTOLES,True
INMOBILIARIA GÁLVEZ SANTA CRUZ,44,25.176299999999998,8.94877,True,11,SUMIALKI CB CIUDAD DE MOSTOLES,True
INMOBILIARIA GÁLVEZ SANTA CRUZ,16,9.802499999999995,48.0209,False,11,SUMIALKI CB CIUDAD DE MOSTOLES,True
INMOBILIARIA GÁLVEZ SANTA CRUZ,21,13.681200000000004,54.953,True,11,SUMIALKI CB CIUDAD DE MOSTOLES,True
INMOBILIARIA GÁLVEZ SANTA CRUZ,8,8.81523,3.78117,True,11,SUMIALKI CB CIUDAD DE MOSTOLES,True
INMOBILIARIA GÁLVEZ SANTA CRUZ,6,38.646,61.381,True,11,SUMIALKI CB CIUDAD DE MOSTOLES,True
INMOBILIARIA GÁLVEZ SANTA CRUZ,8,20.945,47.5167,False,11,SUMIALKI CB CIUDAD DE MOSTOLES,True
INMOBILIARIA GÁLVEZ SANTA CRUZ,21,10.225700000000003,50.1636,True,11,SUMIALKI CB CIUDAD DE MOSTOLES,True
INMOBILIARIA GÁLVEZ SANTA CRUZ,16,34.9083,68.3132,False,11,SUMIALKI CB CIUDAD DE MOSTOLES,True
INMOBILIARIA GÁLVEZ SANTA CRUZ,44,32.3695,28.3588,True,11,SUMIALKI CB CIUDAD DE MOSTOLES,True
INMOBILIARIA GÁLVEZ SANTA CRUZ,13,34.696799999999996,48.7771,False,11,SUMIALKI CB CIUDAD DE MOSTOLES,True
INMOBILIARIA GÁLVEZ SANTA CRUZ,16,7.475300000000004,47.5167,True,11,SUMIALKI CB CIUDAD DE MOSTOLES,True
INMOBILIARIA GÁLVEZ SANTA CRUZ,7,7.2637,85.7066,False,11,SUMIALKI CB CIUDAD DE MOSTOLES,True
INMOBILIARIA GÁLVEZ SANTA CRUZ,8,10.155100000000004,45.248,False,11,SUMIALKI CB CIUDAD DE MOSTOLES,True
INMOBILIARIA GÁLVEZ SANTA CRUZ,24,19.9577,47.8948,True,11,SUMIALKI CB CIUDAD DE MOSTOLES,True
INMOBILIARIA GÁLVEZ SANTA CRUZ,15,10.0141,54.3228,True,11,SUMIALKI CB CIUDAD DE MOSTOLES,True
INMOBILIARIA GÁLVEZ SANTA CRUZ,24,8.46262,49.6594,True,11,SUMIALKI CB CIUDAD DE MOSTOLES,True
INMOBILIARIA GÁLVEZ SANTA CRUZ,8,32.581100000000006,28.4848,False,11,SUMIALKI CB CIUDAD DE MOSTOLES,True
INMOBILIARIA GÁLVEZ SANTA CRUZ,9,11.142499999999998,49.2813,True,11,SUMIALKI CB CIUDAD DE MOSTOLES,True
INMOBILIARIA GÁLVEZ SANTA CRUZ,16,7.4047999999999945,56.5915,True,11,SUMIALKI CB CIUDAD DE MOSTOLES,True
INMOBILIARIA GÁLVEZ SANTA CRUZ,7,10.0141,7.05819,True,11,SUMIALKI CB CIUDAD DE MOSTOLES,True
INMOBILIARIA GÁLVEZ SANTA CRUZ,21,13.751800000000003,52.6843,True,11,SUMIALKI CB CIUDAD DE MOSTOLES,True
INMOBILIARIA GÁLVEZ SANTA CRUZ,9,7.4047999999999945,48.7771,True,11,SUMIALKI CB CIUDAD DE MOSTOLES,True
INMOBILIARIA GÁLVEZ SANTA CRUZ,15,10.507800000000003,43.7356,False,11,SUMIALKI CB CIUDAD DE MOSTOLES,True
INMOBILIARIA GÁLVEZ SANTA CRUZ,24,15.3738,46.5084,False,11,SUMIALKI CB CIUDAD DE MOSTOLES,True
INMOBILIARIA GÁLVEZ SANTA CRUZ,24,12.764499999999998,54.5749,False,11,SUMIALKI CB CIUDAD DE MOSTOLES,True
INMOBILIARIA GÁLVEZ SANTA CRUZ,44,31.5938,74.9932,True,11,SUMIALKI CB CIUDAD DE MOSTOLES,True
INMOBILIARIA GÁLVEZ SANTA CRUZ,24,7.96897,43.4835,True,11,SUMIALKI CB CIUDAD DE MOSTOLES,True
INMOBILIARIA GÁLVEZ SANTA CRUZ,11,29.1961,18.4017,True,11,SUMIALKI CB CIUDAD DE MOSTOLES,True
INMOBILIARIA GÁLVEZ SANTA CRUZ,24,6.06488,47.5167,True,11,SUMIALKI CB CIUDAD DE MOSTOLES,True
INMOBILIARIA GÁLVEZ SANTA CRUZ,7,9.73202,92.2606,True,11,SUMIALKI CB CIUDAD DE MOSTOLES,True
INMOBILIARIA GÁLVEZ SANTA CRUZ,13,12.623400000000004,46.6345,False,11,SUMIALKI CB CIUDAD DE MOSTOLES,True
INMOBILIARIA GÁLVEZ SANTA CRUZ,24,11.988699999999994,53.9447,True,11,SUMIALKI CB CIUDAD DE MOSTOLES,True
INMOBILIARIA GÁLVEZ SANTA CRUZ,8,21.086,48.399,False,11,SUMIALKI CB CIUDAD DE MOSTOLES,True
INMOBILIARIA GÁLVEZ SANTA CRUZ,9,4.936499999999995,48.525,False,11,SUMIALKI CB CIUDAD DE MOSTOLES,True
INMOBILIARIA GÁLVEZ SANTA CRUZ,6,10.5078,73.3547,False,11,SUMIALKI CB CIUDAD DE MOSTOLES,True
INMOBILIARIA GÁLVEZ SANTA CRUZ,11,10.2257,4.91552,False,11,SUMIALKI CB CIUDAD DE MOSTOLES,True
INMOBILIARIA GÁLVEZ SANTA CRUZ,21,13.469700000000003,50.0375,True,11,SUMIALKI CB CIUDAD DE MOSTOLES,True
INMOBILIARIA GÁLVEZ SANTA CRUZ,24,14.0339,56.9697,False,11,SUMIALKI CB CIUDAD DE MOSTOLES,True
INMOBILIARIA GÁLVEZ SANTA CRUZ,16,11.4245,57.3478,True,11,SUMIALKI CB CIUDAD DE MOSTOLES,True
INMOBILIARIA GÁLVEZ SANTA CRUZ,44,24.7532,86.0847,True,11,SUMIALKI CB CIUDAD DE MOSTOLES,True
INMOBILIARIA GÁLVEZ SANTA CRUZ,21,14.880099999999999,51.1719,False,11,SUMIALKI CB CIUDAD DE MOSTOLES,True
INMOBILIARIA GÁLVEZ SANTA CRUZ,44,14.7391,8.6967,False,11,SUMIALKI CB CIUDAD DE MOSTOLES,True
INMOBILIARIA GÁLVEZ SANTA CRUZ,24,13.8928,44.3658,True,11,SUMIALKI CB CIUDAD DE MOSTOLES,True
INMOBILIARIA GÁLVEZ SANTA CRUZ,11,33.9915,51.8021,False,11,SUMIALKI CB CIUDAD DE MOSTOLES,True
INMOBILIARIA GÁLVEZ SANTA CRUZ,11,26.2341,13.7383,False,11,SUMIALKI CB CIUDAD DE MOSTOLES,True
INMOBILIARIA GÁLVEZ SANTA CRUZ,6,13.4697,48.273,True,11,SUMIALKI CB CIUDAD DE MOSTOLES,True
INMOBILIARIA GÁLVEZ SANTA CRUZ,15,10.7193,52.1802,True,11,SUMIALKI CB CIUDAD DE MOSTOLES,True
INMOBILIARIA GÁLVEZ SANTA CRUZ,44,31.9464,81.4212,True,11,SUMIALKI CB CIUDAD DE MOSTOLES,True
INMOBILIARIA GÁLVEZ SANTA CRUZ,11,33.35680000000001,50.5417,False,11,SUMIALKI CB CIUDAD DE MOSTOLES,True
INMOBILIARIA GÁLVEZ SANTA CRUZ,24,10.9309,49.1552,True,11,SUMIALKI CB CIUDAD DE MOSTOLES,True
INMOBILIARIA GÁLVEZ SANTA CRUZ,44,35.1904,26.9724,False,11,SUMIALKI CB CIUDAD DE MOSTOLES,True
INMOBILIARIA GÁLVEZ SANTA CRUZ,24,14.527500000000003,55.5832,True,11,SUMIALKI CB CIUDAD DE MOSTOLES,True
INMOBILIARIA GÁLVEZ SANTA CRUZ,8,13.117099999999994,71.5902,True,11,SUMIALKI CB CIUDAD DE MOSTOLES,True
INMOBILIARIA GÁLVEZ SANTA CRUZ,15,9.732,54.0708,False,11,SUMIALKI CB CIUDAD DE MOSTOLES,True
INMOBILIARIA GÁLVEZ SANTA CRUZ,15,36.7419,62.8935,False,11,SUMIALKI CB CIUDAD DE MOSTOLES,True
INMOBILIARIA GÁLVEZ SANTA CRUZ,15,13.8223,43.2314,True,11,SUMIALKI CB CIUDAD DE MOSTOLES,True
INMOBILIARIA GÁLVEZ SANTA CRUZ,6,23.8364,38.9461,False,11,SUMIALKI CB CIUDAD DE MOSTOLES,True
INMOBILIARIA GÁLVEZ SANTA CRUZ,15,13.117099999999994,52.6843,True,11,SUMIALKI CB CIUDAD DE MOSTOLES,True
INMOBILIARIA GÁLVEZ SANTA CRUZ,16,6.4879999999999995,50.4156,False,11,SUMIALKI CB CIUDAD DE MOSTOLES,True
INMOBILIARIA GÁLVEZ SANTA CRUZ,24,9.44993,38.0638,True,11,SUMIALKI CB CIUDAD DE MOSTOLES,True
INMOBILIARIA GÁLVEZ SANTA CRUZ,21,8.674199999999999,53.9447,False,11,SUMIALKI CB CIUDAD DE MOSTOLES,True
INMOBILIARIA GÁLVEZ SANTA CRUZ,16,11.142499999999998,47.7688,False,11,SUMIALKI CB CIUDAD DE MOSTOLES,True
INMOBILIARIA GÁLVEZ SANTA CRUZ,44,9.732,6.55403,False,11,SUMIALKI CB CIUDAD DE MOSTOLES,True
INMOBILIARIA GÁLVEZ SANTA CRUZ,24,10.296199999999999,45.248,True,11,SUMIALKI CB CIUDAD DE MOSTOLES,True
INMOBILIARIA GÁLVEZ SANTA CRUZ,8,37.165,57.7259,True,11,SUMIALKI CB CIUDAD DE MOSTOLES,True
INMOBILIARIA GÁLVEZ SANTA CRUZ,13,9.4499,6.93215,True,11,SUMIALKI CB CIUDAD DE MOSTOLES,True
INMOBILIARIA GÁLVEZ SANTA CRUZ,15,16.7842,54.1968,False,11,SUMIALKI CB CIUDAD DE MOSTOLES,True
SUMIALKI CB CIUDAD DE MOSTOLES,39,30.7475,80.1609,True,11,INMOBILIARIA GÁLVEZ SANTA CRUZ,False
SUMIALKI CB CIUDAD DE MOSTOLES,13,29.5487,28.2328,True,11,INMOBILIARIA GÁLVEZ SANTA CRUZ,False
SUMIALKI CB CIUDAD DE MOSTOLES,29,34.1326,58.6082,True,11,INMOBILIARIA GÁLVEZ SANTA CRUZ,False
SUMIALKI CB CIUDAD DE MOSTOLES,29,22.708,10.4612,False,11,INMOBILIARIA GÁLVEZ SANTA CRUZ,False
SUMIALKI CB CIUDAD DE MOSTOLES,39,9.73202,94.7814,False,11,INMOBILIARIA GÁLVEZ SANTA CRUZ,False
SUMIALKI CB CIUDAD DE MOSTOLES,6,10.5078,41.845,False,11,INMOBILIARIA GÁLVEZ SANTA CRUZ,False
SUMIALKI CB CIUDAD DE MOSTOLES,12,20.1693,50.7937,False,11,INMOBILIARIA GÁLVEZ SANTA CRUZ,False
SUMIALKI CB CIUDAD DE MOSTOLES,29,6.84062,48.273,True,11,INMOBILIARIA GÁLVEZ SANTA CRUZ,False
SUMIALKI CB CIUDAD DE MOSTOLES,8,14.3159,49.9115,True,11,INMOBILIARIA GÁLVEZ SANTA CRUZ,False
SUMIALKI CB CIUDAD DE MOSTOLES,39,28.561400000000006,17.5194,True,11,INMOBILIARIA GÁLVEZ SANTA CRUZ,False
SUMIALKI CB CIUDAD DE MOSTOLES,13,12.623400000000004,52.6843,False,11,INMOBILIARIA GÁLVEZ SANTA CRUZ,False
SUMIALKI CB CIUDAD DE MOSTOLES,15,10.648799999999994,55.9613,False,11,INMOBILIARIA GÁLVEZ SANTA CRUZ,False
SUMIALKI CB CIUDAD DE MOSTOLES,13,14.2454,46.2563,True,11,INMOBILIARIA GÁLVEZ SANTA CRUZ,False
SUMIALKI CB CIUDAD DE MOSTOLES,22,12.200299999999999,50.7937,True,11,INMOBILIARIA GÁLVEZ SANTA CRUZ,False
SUMIALKI CB CIUDAD DE MOSTOLES,29,34.5557,29.7452,True,11,INMOBILIARIA GÁLVEZ SANTA CRUZ,False
SUMIALKI CB CIUDAD DE MOSTOLES,22,16.290599999999998,44.8699,True,11,INMOBILIARIA GÁLVEZ SANTA CRUZ,False
SUMIALKI CB CIUDAD DE MOSTOLES,22,38.646,58.6082,False,11,INMOBILIARIA GÁLVEZ SANTA CRUZ,False
SUMIALKI CB CIUDAD DE MOSTOLES,29,14.9506,41.971,False,11,INMOBILIARIA GÁLVEZ SANTA CRUZ,False
SUMIALKI CB CIUDAD DE MOSTOLES,22,16.290599999999998,50.1636,False,11,INMOBILIARIA GÁLVEZ SANTA CRUZ,False
SUMIALKI CB CIUDAD DE MOSTOLES,15,24.753200000000007,9.32689,False,11,INMOBILIARIA GÁLVEZ SANTA CRUZ,False
SUMIALKI CB CIUDAD DE MOSTOLES,11,7.757400000000004,4.91552,True,11,INMOBILIARIA GÁLVEZ SANTA CRUZ,False
SUMIALKI CB CIUDAD DE MOSTOLES,29,32.9337,31.1317,False,11,INMOBILIARIA GÁLVEZ SANTA CRUZ,False
SUMIALKI CB CIUDAD DE MOSTOLES,39,32.5106,79.6567,True,11,INMOBILIARIA GÁLVEZ SANTA CRUZ,False
SUMIALKI CB CIUDAD DE MOSTOLES,8,16.078999999999994,49.0292,False,11,INMOBILIARIA GÁLVEZ SANTA CRUZ,False
SUMIALKI CB CIUDAD DE MOSTOLES,29,14.597999999999999,52.3062,False,11,INMOBILIARIA GÁLVEZ SANTA CRUZ,False
SUMIALKI CB CIUDAD DE MOSTOLES,11,9.52045,49.2813,False,11,INMOBILIARIA GÁLVEZ SANTA CRUZ,False
SUMIALKI CB CIUDAD DE MOSTOLES,29,13.3992,93.0168,False,11,INMOBILIARIA GÁLVEZ SANTA CRUZ,False
SUMIALKI CB CIUDAD DE MOSTOLES,39,15.1622,93.521,False,11,INMOBILIARIA GÁLVEZ SANTA CRUZ,False
SUMIALKI CB CIUDAD DE MOSTOLES,39,35.1199,57.7259,True,11,INMOBILIARIA GÁLVEZ SANTA CRUZ,False
SUMIALKI CB CIUDAD DE MOSTOLES,13,24.6121,93.521,False,11,INMOBILIARIA GÁLVEZ SANTA CRUZ,False
SUMIALKI CB CIUDAD DE MOSTOLES,13,11.847700000000003,5.29364,True,11,INMOBILIARIA GÁLVEZ SANTA CRUZ,False
SUMIALKI CB CIUDAD DE MOSTOLES,29,26.868799999999993,84.6983,False,11,INMOBILIARIA GÁLVEZ SANTA CRUZ,False
SUMIALKI CB CIUDAD DE MOSTOLES,15,7.8279,95.5376,False,11,INMOBILIARIA GÁLVEZ SANTA CRUZ,False
SUMIALKI CB CIUDAD DE MOSTOLES,13,13.540199999999999,52.9364,False,11,INMOBILIARIA GÁLVEZ SANTA CRUZ,False
SUMIALKI CB CIUDAD DE MOSTOLES,6,9.802499999999995,52.9364,False,11,INMOBILIARIA GÁLVEZ SANTA CRUZ,False
SUMIALKI CB CIUDAD DE MOSTOLES,6,28.067700000000002,24.5776,False,11,INMOBILIARIA GÁLVEZ SANTA CRUZ,False
SUMIALKI CB CIUDAD DE MOSTOLES,8,15.2327,41.971,True,11,INMOBILIARIA GÁLVEZ SANTA CRUZ,False
SUMIALKI CB CIUDAD DE MOSTOLES,8,11.565600000000003,47.7688,True,11,INMOBILIARIA GÁLVEZ SANTA CRUZ,False
SUMIALKI CB CIUDAD DE MOSTOLES,13,7.75741,95.6637,False,11,INMOBILIARIA GÁLVEZ SANTA CRUZ,False
SUMIALKI CB CIUDAD DE MOSTOLES,39,10.860399999999998,62.5154,False,11,INMOBILIARIA GÁLVEZ SANTA CRUZ,False
SUMIALKI CB CIUDAD DE MOSTOLES,29,34.2736,42.7272,True,11,INMOBILIARIA GÁLVEZ SANTA CRUZ,False
SUMIALKI CB CIUDAD DE MOSTOLES,22,14.457,45.6261,False,11,INMOBILIARIA GÁLVEZ SANTA CRUZ,False
SUMIALKI CB CIUDAD DE MOSTOLES,13,35.6135,49.1552,True,11,INMOBILIARIA GÁLVEZ SANTA CRUZ,False
SUMIALKI CB CIUDAD DE MOSTOLES,39,11.7772,93.1429,True,11,INMOBILIARIA GÁLVEZ SANTA CRUZ,False
SUMIALKI CB CIUDAD DE MOSTOLES,13,25.67,89.3617,False,11,INMOBILIARIA GÁLVEZ SANTA CRUZ,False
SUMIALKI CB CIUDAD DE MOSTOLES,29,11.1425,50.7937,True,11,INMOBILIARIA GÁLVEZ SANTA CRUZ,False
SUMIALKI CB CIUDAD DE MOSTOLES,8,13.399100000000004,49.7854,False,11,INMOBILIARIA GÁLVEZ SANTA CRUZ,False
SUMIALKI CB CIUDAD DE MOSTOLES,39,11.495099999999994,52.6843,False,11,INMOBILIARIA GÁLVEZ SANTA CRUZ,False
SUMIALKI CB CIUDAD DE MOSTOLES,8,10.437200000000004,46.6345,True,11,INMOBILIARIA GÁLVEZ SANTA CRUZ,False
SUMIALKI CB CIUDAD DE MOSTOLES,29,29.830699999999993,23.9474,False,11,INMOBILIARIA GÁLVEZ SANTA CRUZ,False
SUMIALKI CB CIUDAD DE MOSTOLES,15,36.1072,66.1705,False,11,INMOBILIARIA GÁLVEZ SANTA CRUZ,False
SUMIALKI CB CIUDAD DE MOSTOLES,11,11.9887,93.7731,True,11,INMOBILIARIA GÁLVEZ SANTA CRUZ,False
SUMIALKI CB CIUDAD DE MOSTOLES,6,13.3286,41.4669,False,11,INMOBILIARIA GÁLVEZ SANTA CRUZ,False
SUMIALKI CB CIUDAD DE MOSTOLES,8,19.464,52.3062,False,11,INMOBILIARIA GÁLVEZ SANTA CRUZ,False
SUMIALKI CB CIUDAD DE MOSTOLES,8,27.6446,86.8409,True,11,INMOBILIARIA GÁLVEZ SANTA CRUZ,False
SUMIALKI CB CIUDAD DE MOSTOLES,6,12.552899999999994,19.0319,False,11,INMOBILIARIA GÁLVEZ SANTA CRUZ,False
SUMIALKI CB CIUDAD DE MOSTOLES,15,12.552899999999994,46.7605,True,11,INMOBILIARIA GÁLVEZ SANTA CRUZ,False
SUMIALKI CB CIUDAD DE MOSTOLES,12,17.630499999999998,52.8104,False,11,INMOBILIARIA GÁLVEZ SANTA CRUZ,False
SUMIALKI CB CIUDAD DE MOSTOLES,15,7.334299999999999,92.8908,False,11,INMOBILIARIA GÁLVEZ SANTA CRUZ,False
SUMIALKI CB CIUDAD DE MOSTOLES,22,28.067700000000002,88.8575,False,11,INMOBILIARIA GÁLVEZ SANTA CRUZ,False
SUMIALKI CB CIUDAD DE MOSTOLES,11,10.437200000000004,94.6553,False,11,INMOBILIARIA GÁLVEZ SANTA CRUZ,False
SUMIALKI CB CIUDAD DE MOSTOLES,8,35.3315,53.1885,False,11,INMOBILIARIA GÁLVEZ SANTA CRUZ,False
SUMIALKI CB CIUDAD DE MOSTOLES,29,24.400599999999997,12.3518,False,11,INMOBILIARIA GÁLVEZ SANTA CRUZ,False
SUMIALKI CB CIUDAD DE MOSTOLES,22,14.598,46.7605,False,11,INMOBILIARIA GÁLVEZ SANTA CRUZ,False
SUMIALKI CB CIUDAD DE MOSTOLES,15,28.067700000000002,20.0402,False,11,INMOBILIARIA GÁLVEZ SANTA CRUZ,False
SUMIALKI CB CIUDAD DE MOSTOLES,13,19.534599999999998,93.1429,False,11,INMOBILIARIA GÁLVEZ SANTA CRUZ,False
SUMIALKI CB CIUDAD DE MOSTOLES,22,15.0212,75.8755,True,11,INMOBILIARIA GÁLVEZ SANTA CRUZ,False
SUMIALKI CB CIUDAD DE MOSTOLES,6,15.3738,7.68838,False,11,INMOBILIARIA GÁLVEZ SANTA CRUZ,False
SUMIALKI CB CIUDAD DE MOSTOLES,39,27.362499999999997,17.2674,True,11,INMOBILIARIA GÁLVEZ SANTA CRUZ,False
TOSCONES CORRALEJO,11,31.4528,68.1871,False,12,INMOBILIARIA GÁLVEZ SANTA CRUZ,True
TOSCONES CORRALEJO,8,5.6417,79.5307,False,12,INMOBILIARIA GÁLVEZ SANTA CRUZ,True
TOSCONES CORRALEJO,8,12.905500000000004,51.676,False,12,INMOBILIARIA GÁLVEZ SANTA CRUZ,True
TOSCONES CORRALEJO,9,4.4428999999999945,64.1539,False,12,INMOBILIARIA GÁLVEZ SANTA CRUZ,True
TOSCONES CORRALEJO,8,28.4203,86.967,False,12,INMOBILIARIA GÁLVEZ SANTA CRUZ,True
TOSCONES CORRALEJO,17,34.6262,61.6331,True,12,INMOBILIARIA GÁLVEZ SANTA CRUZ,True
TOSCONES CORRALEJO,17,6.558499999999995,76.6318,False,12,INMOBILIARIA GÁLVEZ SANTA CRUZ,True
TOSCONES CORRALEJO,8,30.6065,74.111,False,12,INMOBILIARIA GÁLVEZ SANTA CRUZ,True
TOSCONES CORRALEJO,9,22.214399999999998,64.658,False,12,INMOBILIARIA GÁLVEZ SANTA CRUZ,True
TOSCONES CORRALEJO,9,10.7193,52.5583,False,12,INMOBILIARIA GÁLVEZ SANTA CRUZ,True
TOSCONES CORRALEJO,7,35.1199,46.8865,False,12,INMOBILIARIA GÁLVEZ SANTA CRUZ,True
TOSCONES CORRALEJO,11,12.6939,18.1496,False,12,INMOBILIARIA GÁLVEZ SANTA CRUZ,True
TOSCONES CORRALEJO,17,10.930899999999994,65.0362,True,12,INMOBILIARIA GÁLVEZ SANTA CRUZ,True
TOSCONES CORRALEJO,17,9.23836,43.2314,False,12,INMOBILIARIA GÁLVEZ SANTA CRUZ,True
TOSCONES CORRALEJO,10,17.136799999999994,37.0555,False,12,INMOBILIARIA GÁLVEZ SANTA CRUZ,True
TOSCONES CORRALEJO,9,25.3879,11.5956,True,12,INMOBILIARIA GÁLVEZ SANTA CRUZ,True
TOSCONES CORRALEJO,8,6.2059,24.3255,True,12,INMOBILIARIA GÁLVEZ SANTA CRUZ,True
TOSCONES CORRALEJO,7,6.699600000000004,43.4835,False,12,INMOBILIARIA GÁLVEZ SANTA CRUZ,True
TOSCONES CORRALEJO,17,10.2257,49.9115,False,12,INMOBILIARIA GÁLVEZ SANTA CRUZ,True
TOSCONES CORRALEJO,30,5.1481,61.5071,False,12,INMOBILIARIA GÁLVEZ SANTA CRUZ,True
TOSCONES CORRALEJO,17,9.520499999999998,91.3783,False,12,INMOBILIARIA GÁLVEZ SANTA CRUZ,True
TOSCONES CORRALEJO,8,34.2736,52.0541,True,12,INMOBILIARIA GÁLVEZ SANTA CRUZ,True
TOSCONES CORRALEJO,17,33.145300000000006,39.7023,True,12,INMOBILIARIA GÁLVEZ SANTA CRUZ,True
TOSCONES CORRALEJO,9,8.462599999999995,3.65513,True,12,INMOBILIARIA GÁLVEZ SANTA CRUZ,True
TOSCONES CORRALEJO,17,32.5811,70.5819,False,12,INMOBILIARIA GÁLVEZ SANTA CRUZ,True
TOSCONES CORRALEJO,8,10.507800000000003,56.2134,True,12,INMOBILIARIA GÁLVEZ SANTA CRUZ,True
TOSCONES CORRALEJO,15,15.3738,33.1483,False,12,INMOBILIARIA GÁLVEZ SANTA CRUZ,True
TOSCONES CORRALEJO,11,8.53315,44.4918,True,12,INMOBILIARIA GÁLVEZ SANTA CRUZ,True
TOSCONES CORRALEJO,15,13.9633,43.3574,True,12,INMOBILIARIA GÁLVEZ SANTA CRUZ,True
TOSCONES CORRALEJO,9,29.055000000000007,76.2536,True,12,INMOBILIARIA GÁLVEZ SANTA CRUZ,True
TOSCONES CORRALEJO,11,7.61636,22.0568,False,12,INMOBILIARIA GÁLVEZ SANTA CRUZ,True
TOSCONES CORRALEJO,8,19.7461,44.8699,True,12,INMOBILIARIA GÁLVEZ SANTA CRUZ,True
TOSCONES CORRALEJO,8,31.5938,49.2813,False,12,INMOBILIARIA GÁLVEZ SANTA CRUZ,True
TOSCONES CORRALEJO,15,13.9633,47.0126,False,12,INMOBILIARIA GÁLVEZ SANTA CRUZ,True
TOSCONES CORRALEJO,8,33.63890000000001,55.2051,False,12,INMOBILIARIA GÁLVEZ SANTA CRUZ,True
TOSCONES CORRALEJO,9,11.7066,44.2397,True,12,INMOBILIARIA GÁLVEZ SANTA CRUZ,True
TOSCONES CORRALEJO,9,11.4951,52.8104,False,12,INMOBILIARIA GÁLVEZ SANTA CRUZ,True
TOSCONES CORRALEJO,8,10.7898,48.7771,True,12,INMOBILIARIA GÁLVEZ SANTA CRUZ,True
TOSCONES CORRALEJO,9,14.5275,45.122,True,12,INMOBILIARIA GÁLVEZ SANTA CRUZ,True
TOSCONES CORRALEJO,8,12.1298,47.2647,True,12,INMOBILIARIA GÁLVEZ SANTA CRUZ,True
TOSCONES CORRALEJO,11,3.1029999999999944,37.8117,False,12,INMOBILIARIA GÁLVEZ SANTA CRUZ,True
TOSCONES CORRALEJO,7,11.0014,51.9281,False,12,INMOBILIARIA GÁLVEZ SANTA CRUZ,True
TOSCONES CORRALEJO,8,18.688299999999998,51.0458,True,12,INMOBILIARIA GÁLVEZ SANTA CRUZ,True
TOSCONES CORRALEJO,9,8.74471,93.0168,False,12,INMOBILIARIA GÁLVEZ SANTA CRUZ,True
TOSCONES CORRALEJO,17,12.270799999999994,53.4406,True,12,INMOBILIARIA GÁLVEZ SANTA CRUZ,True
TOSCONES CORRALEJO,11,27.7151,21.6787,False,12,INMOBILIARIA GÁLVEZ SANTA CRUZ,True
TOSCONES CORRALEJO,9,7.616399999999999,56.7176,True,12,INMOBILIARIA GÁLVEZ SANTA CRUZ,True
TOSCONES CORRALEJO,11,26.5162,11.5956,False,12,INMOBILIARIA GÁLVEZ SANTA CRUZ,True
TOSCONES CORRALEJO,11,3.596599999999995,60.8769,True,12,INMOBILIARIA GÁLVEZ SANTA CRUZ,True
TOSCONES CORRALEJO,7,9.59097,27.8546,True,12,INMOBILIARIA GÁLVEZ SANTA CRUZ,True
TOSCONES CORRALEJO,8,8.3921,38.0638,True,12,INMOBILIARIA GÁLVEZ SANTA CRUZ,True
TOSCONES CORRALEJO,17,11.8477,43.9876,True,12,INMOBILIARIA GÁLVEZ SANTA CRUZ,True
TOSCONES CORRALEJO,10,5.077600000000004,95.5376,False,12,INMOBILIARIA GÁLVEZ SANTA CRUZ,True
TOSCONES CORRALEJO,7,4.654399999999995,78.9005,False,12,INMOBILIARIA GÁLVEZ SANTA CRUZ,True
TOSCONES CORRALEJO,7,7.475300000000004,22.1829,False,12,INMOBILIARIA GÁLVEZ SANTA CRUZ,True
TOSCONES CORRALEJO,11,28.2087,77.514,False,12,INMOBILIARIA GÁLVEZ SANTA CRUZ,True
TOSCONES CORRALEJO,9,30.677,80.2869,False,12,INMOBILIARIA GÁLVEZ SANTA CRUZ,True
TOSCONES CORRALEJO,9,9.44993,48.399,True,12,INMOBILIARIA GÁLVEZ SANTA CRUZ,True
TOSCONES CORRALEJO,7,29.6897,18.4017,False,12,INMOBILIARIA GÁLVEZ SANTA CRUZ,True
TOSCONES CORRALEJO,11,37.3061,33.7785,True,12,INMOBILIARIA GÁLVEZ SANTA CRUZ,True
TOSCONES CORRALEJO,25,9.30889,43.1054,False,12,INMOBILIARIA GÁLVEZ SANTA CRUZ,True
TOSCONES CORRALEJO,8,11.0719,56.9697,True,12,INMOBILIARIA GÁLVEZ SANTA CRUZ,True
TOSCONES CORRALEJO,7,11.5656,93.647,False,12,INMOBILIARIA GÁLVEZ SANTA CRUZ,True
TOSCONES CORRALEJO,17,17.4894,30.6275,False,12,INMOBILIARIA GÁLVEZ SANTA CRUZ,True
TOSCONES CORRALEJO,17,7.052199999999999,36.0472,True,12,INMOBILIARIA GÁLVEZ SANTA CRUZ,True
TOSCONES CORRALEJO,17,10.437200000000004,57.2217,True,12,INMOBILIARIA GÁLVEZ SANTA CRUZ,True
TOSCONES CORRALEJO,9,34.3441,70.834,False,12,INMOBILIARIA GÁLVEZ SANTA CRUZ,True
TOSCONES CORRALEJO,7,21.791300000000007,9.83105,False,12,INMOBILIARIA GÁLVEZ SANTA CRUZ,True
TOSCONES CORRALEJO,6,29.6897,18.7798,False,12,INMOBILIARIA GÁLVEZ SANTA CRUZ,True
TOSCONES CORRALEJO,15,15.9379,25.964,True,12,INMOBILIARIA GÁLVEZ SANTA CRUZ,True
TOSCONES CORRALEJO,7,11.5656,51.1719,True,12,INMOBILIARIA GÁLVEZ SANTA CRUZ,True
TOSCONES CORRALEJO,6,11.142499999999998,70.4558,True,12,INMOBILIARIA GÁLVEZ SANTA CRUZ,True
INMOBILIARIA GÁLVEZ SANTA CRUZ,21,11.1425,41.971,True,12,TOSCONES CORRALEJO,False
INMOBILIARIA GÁLVEZ SANTA CRUZ,14,6.1354,93.2689,True,12,TOSCONES CORRALEJO,False
INMOBILIARIA GÁLVEZ SANTA CRUZ,15,9.37941,25.964,True,12,TOSCONES CORRALEJO,False
INMOBILIARIA GÁLVEZ SANTA CRUZ,44,11.0014,96.1678,False,12,TOSCONES CORRALEJO,False
INMOBILIARIA GÁLVEZ SANTA CRUZ,14,8.3921,3.40306,False,12,TOSCONES CORRALEJO,False
INMOBILIARIA GÁLVEZ SANTA CRUZ,44,32.158,53.5666,True,12,TOSCONES CORRALEJO,False
INMOBILIARIA GÁLVEZ SANTA CRUZ,44,27.9972,13.9903,False,12,TOSCONES CORRALEJO,False
INMOBILIARIA GÁLVEZ SANTA CRUZ,15,8.46262,66.1705,False,12,TOSCONES CORRALEJO,False
INMOBILIARIA GÁLVEZ SANTA CRUZ,6,7.26375,91.7564,True,12,TOSCONES CORRALEJO,False
INMOBILIARIA GÁLVEZ SANTA CRUZ,8,13.3286,53.5666,True,12,TOSCONES CORRALEJO,False
INMOBILIARIA GÁLVEZ SANTA CRUZ,6,12.976,51.9281,False,12,TOSCONES CORRALEJO,False
INMOBILIARIA GÁLVEZ SANTA CRUZ,8,7.122699999999995,94.5293,False,12,TOSCONES CORRALEJO,False
INMOBILIARIA GÁLVEZ SANTA CRUZ,24,5.6417,93.2689,True,12,TOSCONES CORRALEJO,False
INMOBILIARIA GÁLVEZ SANTA CRUZ,8,6.981700000000004,23.9474,False,12,TOSCONES CORRALEJO,False
INMOBILIARIA GÁLVEZ SANTA CRUZ,15,23.201700000000002,66.9267,False,12,TOSCONES CORRALEJO,False
INMOBILIARIA GÁLVEZ SANTA CRUZ,21,5.85331,58.104,False,12,TOSCONES CORRALEJO,False
INMOBILIARIA GÁLVEZ SANTA CRUZ,24,7.475300000000004,74.7412,False,12,TOSCONES CORRALEJO,False
INMOBILIARIA GÁLVEZ SANTA CRUZ,14,35.3315,59.4904,False,12,TOSCONES CORRALEJO,False
INMOBILIARIA GÁLVEZ SANTA CRUZ,6,32.3695,73.9849,True,12,TOSCONES CORRALEJO,False
INMOBILIARIA GÁLVEZ SANTA CRUZ,6,36.3893,49.7854,False,12,TOSCONES CORRALEJO,False
INMOBILIARIA GÁLVEZ SANTA CRUZ,21,12.5529,63.5237,False,12,TOSCONES CORRALEJO,False
INMOBILIARIA GÁLVEZ SANTA CRUZ,8,7.5458,3.78117,True,12,TOSCONES CORRALEJO,False
INMOBILIARIA GÁLVEZ SANTA CRUZ,8,10.4372,44.1137,True,12,TOSCONES CORRALEJO,False
INMOBILIARIA GÁLVEZ SANTA CRUZ,15,8.74471,66.0445,False,12,TOSCONES CORRALEJO,False
INMOBILIARIA GÁLVEZ SANTA CRUZ,21,10.6488,47.0126,True,12,TOSCONES CORRALEJO,False
INMOBILIARIA GÁLVEZ SANTA CRUZ,6,7.122699999999995,35.9211,True,12,TOSCONES CORRALEJO,False
INMOBILIARIA GÁLVEZ SANTA CRUZ,14,11.706599999999995,95.4116,False,12,TOSCONES CORRALEJO,False
INMOBILIARIA GÁLVEZ SANTA CRUZ,8,9.4499,47.1386,True,12,TOSCONES CORRALEJO,False
INMOBILIARIA GÁLVEZ SANTA CRUZ,6,7.61636,33.1483,False,12,TOSCONES CORRALEJO,False
INMOBILIARIA GÁLVEZ SANTA CRUZ,21,8.462599999999995,45.3741,True,12,TOSCONES CORRALEJO,False
INMOBILIARIA GÁLVEZ SANTA CRUZ,44,22.7786,89.2357,True,12,TOSCONES CORRALEJO,False
INMOBILIARIA GÁLVEZ SANTA CRUZ,6,12.3413,95.5376,False,12,TOSCONES CORRALEJO,False
INMOBILIARIA GÁLVEZ SANTA CRUZ,15,33.4979,66.2966,False,12,TOSCONES CORRALEJO,False
INMOBILIARIA GÁLVEZ SANTA CRUZ,6,31.5233,83.3118,False,12,TOSCONES CORRALEJO,False
INMOBILIARIA GÁLVEZ SANTA CRUZ,14,6.840599999999995,4.78948,True,12,TOSCONES CORRALEJO,False
INMOBILIARIA GÁLVEZ SANTA CRUZ,14,13.187600000000003,22.0568,False,12,TOSCONES CORRALEJO,False
INMOBILIARIA GÁLVEZ SANTA CRUZ,15,5.6417,93.2689,False,12,TOSCONES CORRALEJO,False
INMOBILIARIA GÁLVEZ SANTA CRUZ,15,10.084599999999995,42.8533,True,12,TOSCONES CORRALEJO,False
INMOBILIARIA GÁLVEZ SANTA CRUZ,6,11.706599999999995,28.3588,True,12,TOSCONES CORRALEJO,False
INMOBILIARIA GÁLVEZ SANTA CRUZ,21,7.26375,60.8769,True,12,TOSCONES CORRALEJO,False
INMOBILIARIA GÁLVEZ SANTA CRUZ,44,27.5035,81.4212,False,12,TOSCONES CORRALEJO,False
INMOBILIARIA GÁLVEZ SANTA CRUZ,14,9.943600000000004,7.31027,False,12,TOSCONES CORRALEJO,False
INMOBILIARIA GÁLVEZ SANTA CRUZ,15,8.53315,35.0389,False,12,TOSCONES CORRALEJO,False
INMOBILIARIA GÁLVEZ SANTA CRUZ,16,27.1509,60.7508,False,12,TOSCONES CORRALEJO,False
INMOBILIARIA GÁLVEZ SANTA CRUZ,44,26.798299999999998,13.9903,False,12,TOSCONES CORRALEJO,False
INMOBILIARIA GÁLVEZ SANTA CRUZ,44,22.8491,9.70501,True,12,TOSCONES CORRALEJO,False
INMOBILIARIA GÁLVEZ SANTA CRUZ,15,10.2257,19.7881,False,12,TOSCONES CORRALEJO,False
INMOBILIARIA GÁLVEZ SANTA CRUZ,13,33.78,59.1123,False,12,TOSCONES CORRALEJO,False
INMOBILIARIA GÁLVEZ SANTA CRUZ,15,32.7927,76.6318,True,12,TOSCONES CORRALEJO,False
INMOBILIARIA GÁLVEZ SANTA CRUZ,24,12.3413,47.5167,True,12,TOSCONES CORRALEJO,False
INMOBILIARIA GÁLVEZ SANTA CRUZ,21,11.213,48.6511,True,12,TOSCONES CORRALEJO,False
INMOBILIARIA GÁLVEZ SANTA CRUZ,15,10.5783,48.0209,True,12,TOSCONES CORRALEJO,False
INMOBILIARIA GÁLVEZ SANTA CRUZ,15,32.792699999999996,45.248,True,12,TOSCONES CORRALEJO,False
INMOBILIARIA GÁLVEZ SANTA CRUZ,21,8.67419,33.9045,True,12,TOSCONES CORRALEJO,False
INMOBILIARIA GÁLVEZ SANTA CRUZ,13,20.8745,62.2633,False,12,TOSCONES CORRALEJO,False
INMOBILIARIA GÁLVEZ SANTA CRUZ,44,33.5684,55.8353,True,12,TOSCONES CORRALEJO,False
INMOBILIARIA GÁLVEZ SANTA CRUZ,15,17.2073,74.9932,True,12,TOSCONES CORRALEJO,False
INMOBILIARIA GÁLVEZ SANTA CRUZ,13,9.4499,51.0458,False,12,TOSCONES CORRALEJO,False
INMOBILIARIA GÁLVEZ SANTA CRUZ,6,8.674199999999999,46.3824,False,12,TOSCONES CORRALEJO,False
INMOBILIARIA GÁLVEZ SANTA CRUZ,24,5.6417,93.2689,False,12,TOSCONES CORRALEJO,False
TOBARRA CB,3,10.437200000000004,40.8367,True,12,NÁUTICO TENERIFE,True
TOBARRA CB,3,10.3667,93.395,False,12,NÁUTICO TENERIFE,True
TOBARRA CB,3,10.860399999999998,52.8104,False,12,NÁUTICO TENERIFE,True
TOBARRA CB,28,13.4697,37.4336,False,12,NÁUTICO TENERIFE,True
TOBARRA CB,0,5.28914,38.4419,False,12,NÁUTICO TENERIFE,True
TOBARRA CB,28,13.963300000000004,43.4835,False,12,NÁUTICO TENERIFE,True
TOBARRA CB,7,9.308899999999994,81.6733,True,12,NÁUTICO TENERIFE,True
TOBARRA CB,31,15.091700000000003,37.3076,False,12,NÁUTICO TENERIFE,True
TOBARRA CB,28,18.9704,70.2038,False,12,NÁUTICO TENERIFE,True
TOBARRA CB,3,8.18054,69.4475,False,12,NÁUTICO TENERIFE,True
TOBARRA CB,3,25.4584,17.2674,False,12,NÁUTICO TENERIFE,True
TOBARRA CB,3,33.0042,59.8686,False,12,NÁUTICO TENERIFE,True
TOBARRA CB,31,6.276399999999995,44.4918,True,12,NÁUTICO TENERIFE,True
TOBARRA CB,28,30.042299999999997,15.3768,False,12,NÁUTICO TENERIFE,True
TOBARRA CB,28,9.1678,53.8187,True,12,NÁUTICO TENERIFE,True
TOBARRA CB,31,3.80818,38.568,True,12,NÁUTICO TENERIFE,True
TOBARRA CB,34,7.96897,54.3228,True,12,NÁUTICO TENERIFE,True
TOBARRA CB,3,19.040899999999993,48.7771,False,12,NÁUTICO TENERIFE,True
TOBARRA CB,21,8.039500000000004,43.6095,False,12,NÁUTICO TENERIFE,True
TOBARRA CB,0,25.2468,87.3451,False,12,NÁUTICO TENERIFE,True
TOBARRA CB,3,32.792699999999996,31.7618,True,12,NÁUTICO TENERIFE,True
TOBARRA CB,34,10.578299999999999,48.1469,True,12,NÁUTICO TENERIFE,True
TOBARRA CB,3,14.597999999999999,42.9793,True,12,NÁUTICO TENERIFE,True
TOBARRA CB,0,27.574,16.133,False,12,NÁUTICO TENERIFE,True
TOBARRA CB,6,31.382199999999997,78.6484,False,12,NÁUTICO TENERIFE,True
TOBARRA CB,3,11.847700000000003,31.0056,False,12,NÁUTICO TENERIFE,True
TOBARRA CB,3,25.811000000000007,11.9737,False,12,NÁUTICO TENERIFE,True
TOBARRA CB,7,5.50071,40.8367,True,12,NÁUTICO TENERIFE,True
TOBARRA CB,28,9.30889,95.6637,True,12,NÁUTICO TENERIFE,True
TOBARRA CB,34,7.61636,48.1469,True,12,NÁUTICO TENERIFE,True
TOBARRA CB,31,6.06488,59.6165,True,12,NÁUTICO TENERIFE,True
TOBARRA CB,3,22.849100000000007,44.4918,False,12,NÁUTICO TENERIFE,True
TOBARRA CB,0,28.7024,17.3934,True,12,NÁUTICO TENERIFE,True
TOBARRA CB,31,15.091700000000003,37.3076,False,12,NÁUTICO TENERIFE,True
TOBARRA CB,26,7.96897,54.3228,False,12,NÁUTICO TENERIFE,True
TOBARRA CB,6,19.9577,92.7648,False,12,NÁUTICO TENERIFE,True
TOBARRA CB,31,5.00705,32.266,True,12,NÁUTICO TENERIFE,True
TOBARRA CB,3,4.86601,31.3837,True,12,NÁUTICO TENERIFE,True
TOBARRA CB,0,7.61636,55.9613,True,12,NÁUTICO TENERIFE,True
TOBARRA CB,31,7.4047999999999945,55.2051,True,12,NÁUTICO TENERIFE,True
TOBARRA CB,0,29.7602,18.5277,False,12,NÁUTICO TENERIFE,True
TOBARRA CB,31,15.091700000000003,37.3076,True,12,NÁUTICO TENERIFE,True
TOBARRA CB,7,28.138199999999998,19.41,True,12,NÁUTICO TENERIFE,True
TOBARRA CB,26,6.558499999999995,43.1054,True,12,NÁUTICO TENERIFE,True
TOBARRA CB,7,16.643199999999993,93.521,False,12,NÁUTICO TENERIFE,True
TOBARRA CB,21,5.994399999999999,53.8187,True,12,NÁUTICO TENERIFE,True
TOBARRA CB,21,7.75741,48.399,True,12,NÁUTICO TENERIFE,True
TOBARRA CB,3,27.6446,16.7632,False,12,NÁUTICO TENERIFE,True
TOBARRA CB,7,28.0677,18.7798,True,12,NÁUTICO TENERIFE,True
TOBARRA CB,0,30.112799999999993,23.4433,False,12,NÁUTICO TENERIFE,True
TOBARRA CB,7,5.85331,41.845,True,12,NÁUTICO TENERIFE,True
TOBARRA CB,7,18.053600000000003,55.5832,True,12,NÁUTICO TENERIFE,True
TOBARRA CB,21,7.61636,55.9613,True,12,NÁUTICO TENERIFE,True
TOBARRA CB,31,9.873099999999994,46.3824,True,12,NÁUTICO TENERIFE,True
TOBARRA CB,34,13.328599999999994,73.8589,True,12,NÁUTICO TENERIFE,True
TOBARRA CB,3,12.3413,93.2689,False,12,NÁUTICO TENERIFE,True
TOBARRA CB,34,6.20592,59.8686,True,12,NÁUTICO TENERIFE,True
NÁUTICO TENERIFE,15,7.968999999999994,49.4073,True,12,TOBARRA CB,False
NÁUTICO TENERIFE,23,7.052199999999999,40.7106,True,12,TOBARRA CB,False
NÁUTICO TENERIFE,13,29.830699999999993,80.4129,False,12,TOBARRA CB,False
NÁUTICO TENERIFE,5,7.757400000000004,38.9461,False,12,TOBARRA CB,False
NÁUTICO TENERIFE,5,13.187600000000003,53.8187,False,12,TOBARRA CB,False
NÁUTICO TENERIFE,3,9.873099999999994,23.9474,False,12,TOBARRA CB,False
NÁUTICO TENERIFE,23,28.208699999999993,17.5194,True,12,TOBARRA CB,False
NÁUTICO TENERIFE,10,30.8886,20.4183,False,12,TOBARRA CB,False
NÁUTICO TENERIFE,39,6.48801,44.1137,True,12,TOBARRA CB,False
NÁUTICO TENERIFE,15,19.7461,21.5527,True,12,TOBARRA CB,False
NÁUTICO TENERIFE,42,9.873099999999994,23.9474,False,12,TOBARRA CB,False
NÁUTICO TENERIFE,15,6.69958,40.8367,True,12,TOBARRA CB,False
NÁUTICO TENERIFE,23,17.418899999999994,59.4904,True,12,TOBARRA CB,False
NÁUTICO TENERIFE,39,7.82793,36.4253,False,12,TOBARRA CB,False
NÁUTICO TENERIFE,7,30.677,77.6401,True,12,TOBARRA CB,False
NÁUTICO TENERIFE,15,19.7461,21.5527,False,12,TOBARRA CB,False
NÁUTICO TENERIFE,13,6.84062,53.0624,True,12,TOBARRA CB,False
NÁUTICO TENERIFE,12,4.5134,58.7342,True,12,TOBARRA CB,False
NÁUTICO TENERIFE,39,5.712299999999999,58.9863,True,12,TOBARRA CB,False
NÁUTICO TENERIFE,18,12.4118,45.122,False,12,TOBARRA CB,False
NÁUTICO TENERIFE,7,25.176299999999998,87.4711,True,12,TOBARRA CB,False
NÁUTICO TENERIFE,5,6.629099999999994,59.9946,True,12,TOBARRA CB,False
NÁUTICO TENERIFE,15,9.80254,55.0791,False,12,TOBARRA CB,False
NÁUTICO TENERIFE,15,34.5557,60.2467,False,12,TOBARRA CB,False
NÁUTICO TENERIFE,13,32.0874,73.6068,True,12,TOBARRA CB,False
NÁUTICO TENERIFE,5,8.674199999999999,60.4988,True,12,TOBARRA CB,False
NÁUTICO TENERIFE,10,4.513400000000004,55.7093,True,12,TOBARRA CB,False
NÁUTICO TENERIFE,15,5.07757,45.248,True,12,TOBARRA CB,False
NÁUTICO TENERIFE,7,17.842,63.9018,True,12,TOBARRA CB,False
NÁUTICO TENERIFE,13,17.418899999999994,59.4904,False,12,TOBARRA CB,False
NÁUTICO TENERIFE,15,7.12271,35.7951,True,12,TOBARRA CB,False
NÁUTICO TENERIFE,10,6.84062,48.273,True,12,TOBARRA CB,False
NÁUTICO TENERIFE,15,6.91114,55.4572,True,12,TOBARRA CB,False
NÁUTICO TENERIFE,39,7.12271,59.8686,True,12,TOBARRA CB,False
NÁUTICO TENERIFE,42,5.218599999999995,40.3325,True,12,TOBARRA CB,False
NÁUTICO TENERIFE,13,30.888599999999997,73.2287,True,12,TOBARRA CB,False
NÁUTICO TENERIFE,10,27.362499999999997,13.3601,False,12,TOBARRA CB,False
NÁUTICO TENERIFE,15,6.84062,53.3145,True,12,TOBARRA CB,False
NÁUTICO TENERIFE,23,7.052199999999999,40.7106,False,12,TOBARRA CB,False
NÁUTICO TENERIFE,7,26.0931,14.7466,False,12,TOBARRA CB,False
NÁUTICO TENERIFE,18,18.9704,27.4765,True,12,TOBARRA CB,False
NÁUTICO TENERIFE,42,7.757400000000004,38.9461,True,12,TOBARRA CB,False
NÁUTICO TENERIFE,42,8.533100000000005,52.1802,True,12,TOBARRA CB,False
NÁUTICO TENERIFE,13,27.574,19.5361,False,12,TOBARRA CB,False
NÁUTICO TENERIFE,10,31.382199999999997,68.9434,False,12,TOBARRA CB,False
NÁUTICO TENERIFE,10,8.74471,40.0804,False,12,TOBARRA CB,False
NÁUTICO TENERIFE,39,9.026799999999994,58.6082,False,12,TOBARRA CB,False
NÁUTICO TENERIFE,13,20.874499999999998,29.115,True,12,TOBARRA CB,False
NÁUTICO TENERIFE,5,20.3808,37.0555,True,12,TOBARRA CB,False
NÁUTICO TENERIFE,5,6.699600000000004,43.2314,True,12,TOBARRA CB,False
NÁUTICO TENERIFE,13,30.1834,72.4725,False,12,TOBARRA CB,False
NÁUTICO TENERIFE,42,8.956299999999999,43.6095,True,12,TOBARRA CB,False
NÁUTICO TENERIFE,39,10.437200000000004,31.8879,False,12,TOBARRA CB,False
NÁUTICO TENERIFE,39,7.334299999999999,57.978,True,12,TOBARRA CB,False
NÁUTICO TENERIFE,15,6.7701,44.4918,False,12,TOBARRA CB,False
NÁUTICO TENERIFE,39,31.5233,71.9683,False,12,TOBARRA CB,False
NÁUTICO TENERIFE,15,8.815200000000004,5.7978,False,12,TOBARRA CB,False
NÁUTICO TENERIFE,10,7.75741,55.2051,False,12,TOBARRA CB,False
NÁUTICO TENERIFE,18,30.4654,20.7964,False,12,TOBARRA CB,False
NÁUTICO TENERIFE,10,13.046499999999995,21.5527,False,12,TOBARRA CB,False
NÁUTICO TENERIFE,15,7.8279,45.5001,True,12,TOBARRA CB,False
NÁUTICO TENERIFE,3,18.547200000000004,39.7023,True,12,TOBARRA CB,False
NÁUTICO TENERIFE,3,6.98166,79.5307,False,12,TOBARRA CB,False
NÁUTICO TENERIFE,5,30.0423,18.7798,True,12,TOBARRA CB,False
C.D. BASKET GLOBALCAJA QUINTANAR,21,27.009900000000002,14.6205,False,12,EL VENTERO CBV,True
C.D. BASKET GLOBALCAJA QUINTANAR,8,32.01690000000001,71.3381,False,12,EL VENTERO CBV,True
C.D. BASKET GLOBALCAJA QUINTANAR,21,13.540199999999999,33.1483,False,12,EL VENTERO CBV,True
C.D. BASKET GLOBALCAJA QUINTANAR,8,12.5529,47.0126,False,12,EL VENTERO CBV,True
C.D. BASKET GLOBALCAJA QUINTANAR,50,5.359700000000004,5.41968,False,12,EL VENTERO CBV,True
C.D. BASKET GLOBALCAJA QUINTANAR,21,5.6417,47.2647,True,12,EL VENTERO CBV,True
C.D. BASKET GLOBALCAJA QUINTANAR,12,5.78279,50.6677,True,12,EL VENTERO CBV,True
C.D. BASKET GLOBALCAJA QUINTANAR,14,35.331500000000005,44.2397,True,12,EL VENTERO CBV,True
C.D. BASKET GLOBALCAJA QUINTANAR,8,8.11001,45.248,False,12,EL VENTERO CBV,True
C.D. BASKET GLOBALCAJA QUINTANAR,12,5.712299999999999,48.399,True,12,EL VENTERO CBV,True
C.D. BASKET GLOBALCAJA QUINTANAR,1,31.8759,71.9683,False,12,EL VENTERO CBV,True
C.D. BASKET GLOBALCAJA QUINTANAR,2,23.2017,70.96,False,12,EL VENTERO CBV,True
C.D. BASKET GLOBALCAJA QUINTANAR,50,29.830699999999993,18.7798,False,12,EL VENTERO CBV,True
C.D. BASKET GLOBALCAJA QUINTANAR,21,7.686899999999994,93.647,False,12,EL VENTERO CBV,True
C.D. BASKET GLOBALCAJA QUINTANAR,2,6.4879999999999995,48.525,False,12,EL VENTERO CBV,True
C.D. BASKET GLOBALCAJA QUINTANAR,2,5.571200000000005,49.1552,True,12,EL VENTERO CBV,True
C.D. BASKET GLOBALCAJA QUINTANAR,1,34.485200000000006,30.5015,False,12,EL VENTERO CBV,True
C.D. BASKET GLOBALCAJA QUINTANAR,2,6.558499999999995,47.7688,True,12,EL VENTERO CBV,True
C.D. BASKET GLOBALCAJA QUINTANAR,2,6.98166,49.5334,True,12,EL VENTERO CBV,True
C.D. BASKET GLOBALCAJA QUINTANAR,1,34.9083,25.5859,False,12,EL VENTERO CBV,True
C.D. BASKET GLOBALCAJA QUINTANAR,8,33.9915,70.2038,True,12,EL VENTERO CBV,True
C.D. BASKET GLOBALCAJA QUINTANAR,50,5.712299999999999,49.2813,True,12,EL VENTERO CBV,True
C.D. BASKET GLOBALCAJA QUINTANAR,12,5.289100000000005,46.7605,True,12,EL VENTERO CBV,True
C.D. BASKET GLOBALCAJA QUINTANAR,2,30.042299999999997,23.1912,False,12,EL VENTERO CBV,True
C.D. BASKET GLOBALCAJA QUINTANAR,14,7.05219,93.0168,True,12,EL VENTERO CBV,True
C.D. BASKET GLOBALCAJA QUINTANAR,1,32.299,71.7162,True,12,EL VENTERO CBV,True
C.D. BASKET GLOBALCAJA QUINTANAR,3,5.007099999999994,48.1469,True,12,EL VENTERO CBV,True
C.D. BASKET GLOBALCAJA QUINTANAR,1,8.11001,51.4239,False,12,EL VENTERO CBV,True
C.D. BASKET GLOBALCAJA QUINTANAR,1,9.0268,4.28533,False,12,EL VENTERO CBV,True
C.D. BASKET GLOBALCAJA QUINTANAR,2,5.78279,48.9032,True,12,EL VENTERO CBV,True
C.D. BASKET GLOBALCAJA QUINTANAR,50,4.866,50.2896,True,12,EL VENTERO CBV,True
C.D. BASKET GLOBALCAJA QUINTANAR,1,22.708,50.5417,False,12,EL VENTERO CBV,True
C.D. BASKET GLOBALCAJA QUINTANAR,2,5.289100000000005,49.5334,True,12,EL VENTERO CBV,True
C.D. BASKET GLOBALCAJA QUINTANAR,12,7.1932000000000045,47.8948,True,12,EL VENTERO CBV,True
C.D. BASKET GLOBALCAJA QUINTANAR,2,6.84062,45.6261,True,12,EL VENTERO CBV,True
C.D. BASKET GLOBALCAJA QUINTANAR,1,8.25106,53.6926,False,12,EL VENTERO CBV,True
C.D. BASKET GLOBALCAJA QUINTANAR,1,5.78279,49.9115,True,12,EL VENTERO CBV,True
C.D. BASKET GLOBALCAJA QUINTANAR,2,5.07757,46.6345,True,12,EL VENTERO CBV,True
C.D. BASKET GLOBALCAJA QUINTANAR,12,34.1326,67.683,False,12,EL VENTERO CBV,True
C.D. BASKET GLOBALCAJA QUINTANAR,8,30.8886,76.7578,False,12,EL VENTERO CBV,True
C.D. BASKET GLOBALCAJA QUINTANAR,8,34.0621,72.3464,True,12,EL VENTERO CBV,True
C.D. BASKET GLOBALCAJA QUINTANAR,12,8.815200000000004,52.6843,False,12,EL VENTERO CBV,True
C.D. BASKET GLOBALCAJA QUINTANAR,1,34.203100000000006,34.7868,True,12,EL VENTERO CBV,True
C.D. BASKET GLOBALCAJA QUINTANAR,2,26.304699999999997,16.6372,False,12,EL VENTERO CBV,True
C.D. BASKET GLOBALCAJA QUINTANAR,8,33.1453,34.7868,False,12,EL VENTERO CBV,True
C.D. BASKET GLOBALCAJA QUINTANAR,3,32.6516,22.8131,False,12,EL VENTERO CBV,True
C.D. BASKET GLOBALCAJA QUINTANAR,14,6.276399999999995,51.55,False,12,EL VENTERO CBV,True
C.D. BASKET GLOBALCAJA QUINTANAR,2,7.96897,4.03325,True,12,EL VENTERO CBV,True
C.D. BASKET GLOBALCAJA QUINTANAR,8,8.11001,49.0292,True,12,EL VENTERO CBV,True
C.D. BASKET GLOBALCAJA QUINTANAR,2,7.33427,50.6677,False,12,EL VENTERO CBV,True
C.D. BASKET GLOBALCAJA QUINTANAR,1,18.7588,57.7259,False,12,EL VENTERO CBV,True
C.D. BASKET GLOBALCAJA QUINTANAR,2,8.46262,49.6594,False,12,EL VENTERO CBV,True
C.D. BASKET GLOBALCAJA QUINTANAR,2,8.3921,48.399,False,12,EL VENTERO CBV,True
C.D. BASKET GLOBALCAJA QUINTANAR,8,36.3893,62.1373,True,12,EL VENTERO CBV,True
C.D. BASKET GLOBALCAJA QUINTANAR,1,6.699600000000004,49.9115,True,12,EL VENTERO CBV,True
EL VENTERO CBV,41,29.055000000000007,84.8243,True,12,C.D. BASKET GLOBALCAJA QUINTANAR,False
EL VENTERO CBV,0,6.41749,48.7771,True,12,C.D. BASKET GLOBALCAJA QUINTANAR,False
EL VENTERO CBV,1,4.3018,47.3907,True,12,C.D. BASKET GLOBALCAJA QUINTANAR,False
EL VENTERO CBV,21,6.558499999999995,47.6428,False,12,C.D. BASKET GLOBALCAJA QUINTANAR,False
EL VENTERO CBV,0,8.251099999999994,39.7023,False,12,C.D. BASKET GLOBALCAJA QUINTANAR,False
EL VENTERO CBV,10,8.674199999999999,47.6428,False,12,C.D. BASKET GLOBALCAJA QUINTANAR,False
EL VENTERO CBV,21,11.1425,69.6996,False,12,C.D. BASKET GLOBALCAJA QUINTANAR,False
EL VENTERO CBV,1,35.3315,65.7924,False,12,C.D. BASKET GLOBALCAJA QUINTANAR,False
EL VENTERO CBV,10,31.6643,76.0016,True,12,C.D. BASKET GLOBALCAJA QUINTANAR,False
EL VENTERO CBV,1,5.64175,49.9115,False,12,C.D. BASKET GLOBALCAJA QUINTANAR,False
EL VENTERO CBV,10,6.699600000000004,49.2813,True,12,C.D. BASKET GLOBALCAJA QUINTANAR,False
EL VENTERO CBV,41,34.6262,47.1386,True,12,C.D. BASKET GLOBALCAJA QUINTANAR,False
EL VENTERO CBV,21,8.815200000000004,49.2813,True,12,C.D. BASKET GLOBALCAJA QUINTANAR,False
EL VENTERO CBV,41,3.667100000000005,46.8865,False,12,C.D. BASKET GLOBALCAJA QUINTANAR,False
EL VENTERO CBV,10,28.561400000000006,17.7715,False,12,C.D. BASKET GLOBALCAJA QUINTANAR,False
EL VENTERO CBV,21,11.4245,75.6234,True,12,C.D. BASKET GLOBALCAJA QUINTANAR,False
EL VENTERO CBV,10,36.2482,72.9766,False,12,C.D. BASKET GLOBALCAJA QUINTANAR,False
EL VENTERO CBV,1,36.3893,52.0541,False,12,C.D. BASKET GLOBALCAJA QUINTANAR,False
EL VENTERO CBV,10,7.898399999999995,4.53741,True,12,C.D. BASKET GLOBALCAJA QUINTANAR,False
EL VENTERO CBV,41,11.4245,49.1552,True,12,C.D. BASKET GLOBALCAJA QUINTANAR,False
EL VENTERO CBV,2,7.68688,4.15929,False,12,C.D. BASKET GLOBALCAJA QUINTANAR,False
EL VENTERO CBV,10,16.6432,40.3325,True,12,C.D. BASKET GLOBALCAJA QUINTANAR,False
EL VENTERO CBV,21,30.677000000000007,16.133,True,12,C.D. BASKET GLOBALCAJA QUINTANAR,False
EL VENTERO CBV,1,5.6417,48.525,False,12,C.D. BASKET GLOBALCAJA QUINTANAR,False
EL VENTERO CBV,1,7.052199999999999,51.2979,False,12,C.D. BASKET GLOBALCAJA QUINTANAR,False
EL VENTERO CBV,10,14.3159,48.6511,False,12,C.D. BASKET GLOBALCAJA QUINTANAR,False
EL VENTERO CBV,1,4.86601,50.5417,False,12,C.D. BASKET GLOBALCAJA QUINTANAR,False
EL VENTERO CBV,0,5.853300000000004,49.5334,True,12,C.D. BASKET GLOBALCAJA QUINTANAR,False
EL VENTERO CBV,0,23.9069,86.967,False,12,C.D. BASKET GLOBALCAJA QUINTANAR,False
EL VENTERO CBV,18,23.9069,86.967,True,12,C.D. BASKET GLOBALCAJA QUINTANAR,False
EL VENTERO CBV,41,30.394900000000007,80.9171,True,12,C.D. BASKET GLOBALCAJA QUINTANAR,False
EL VENTERO CBV,3,28.843400000000003,15.6288,False,12,C.D. BASKET GLOBALCAJA QUINTANAR,False
EL VENTERO CBV,3,31.734800000000007,16.5111,False,12,C.D. BASKET GLOBALCAJA QUINTANAR,False
EL VENTERO CBV,10,27.9267,17.3934,False,12,C.D. BASKET GLOBALCAJA QUINTANAR,False
EL VENTERO CBV,0,5.35966,47.1386,True,12,C.D. BASKET GLOBALCAJA QUINTANAR,False
EL VENTERO CBV,0,24.189,47.6428,False,12,C.D. BASKET GLOBALCAJA QUINTANAR,False
EL VENTERO CBV,41,7.82793,46.2563,False,12,C.D. BASKET GLOBALCAJA QUINTANAR,False
EL VENTERO CBV,41,6.770099999999999,6.04988,True,12,C.D. BASKET GLOBALCAJA QUINTANAR,False
EL VENTERO CBV,0,5.28914,46.0043,True,12,C.D. BASKET GLOBALCAJA QUINTANAR,False
EL VENTERO CBV,0,7.4047999999999945,48.399,False,12,C.D. BASKET GLOBALCAJA QUINTANAR,False
EL VENTERO CBV,0,6.064899999999994,48.525,True,12,C.D. BASKET GLOBALCAJA QUINTANAR,False
EL VENTERO CBV,0,5.359700000000004,45.8782,False,12,C.D. BASKET GLOBALCAJA QUINTANAR,False
EL VENTERO CBV,0,5.35966,47.1386,False,12,C.D. BASKET GLOBALCAJA QUINTANAR,False
EL VENTERO CBV,0,6.558499999999995,47.6428,False,12,C.D. BASKET GLOBALCAJA QUINTANAR,False
EL VENTERO CBV,41,33.8505,43.9876,True,12,C.D. BASKET GLOBALCAJA QUINTANAR,False
EL VENTERO CBV,0,10.0141,71.7162,False,12,C.D. BASKET GLOBALCAJA QUINTANAR,False
EL VENTERO CBV,10,38.4344,47.5167,False,12,C.D. BASKET GLOBALCAJA QUINTANAR,False
EL VENTERO CBV,0,6.06488,49.2813,True,12,C.D. BASKET GLOBALCAJA QUINTANAR,False
EL VENTERO CBV,10,26.5162,9.70501,False,12,C.D. BASKET GLOBALCAJA QUINTANAR,False
EL VENTERO CBV,1,13.540199999999999,50.7937,False,12,C.D. BASKET GLOBALCAJA QUINTANAR,False
EL VENTERO CBV,1,7.19323,4.66345,True,12,C.D. BASKET GLOBALCAJA QUINTANAR,False
EL VENTERO CBV,0,30.536,80.9171,False,12,C.D. BASKET GLOBALCAJA QUINTANAR,False
EL VENTERO CBV,0,6.699600000000004,51.8021,True,12,C.D. BASKET GLOBALCAJA QUINTANAR,False
EL VENTERO CBV,41,5.99436,49.5334,True,12,C.D. BASKET GLOBALCAJA QUINTANAR,False
EL VENTERO CBV,10,8.603700000000003,40.8367,True,12,C.D. BASKET GLOBALCAJA QUINTANAR,False
EL VENTERO CBV,10,25.1763,9.20085,False,12,C.D. BASKET GLOBALCAJA QUINTANAR,False
EL VENTERO CBV,10,6.48801,51.1719,False,12,C.D. BASKET GLOBALCAJA QUINTANAR,False
EL VENTERO CBV,0,6.55853,49.1552,False,12,C.D. BASKET GLOBALCAJA QUINTANAR,False
EL VENTERO CBV,1,24.8237,25.838,False,12,C.D. BASKET GLOBALCAJA QUINTANAR,False
MOVISTAR ESTUDIANTES,2,10.1457,41.4054,False,12,BALONCESTO ALCALA,True
MOVISTAR ESTUDIANTES,12,14.9389,47.2005,False,12,BALONCESTO ALCALA,True
MOVISTAR ESTUDIANTES,2,11.752799999999993,60.1344,True,12,BALONCESTO ALCALA,True
MOVISTAR ESTUDIANTES,2,31.7152,76.5118,False,12,BALONCESTO ALCALA,True
MOVISTAR ESTUDIANTES,8,6.959599999999995,48.7122,False,12,BALONCESTO ALCALA,True
MOVISTAR ESTUDIANTES,6,17.8525,60.7223,False,12,BALONCESTO ALCALA,True
MOVISTAR ESTUDIANTES,6,13.0122,44.3449,False,12,BALONCESTO ALCALA,True
MOVISTAR ESTUDIANTES,2,10.0141,46.5286,True,12,BALONCESTO ALCALA,True
MOVISTAR ESTUDIANTES,11,10.8036,46.8645,True,12,BALONCESTO ALCALA,True
MOVISTAR ESTUDIANTES,25,33.078,33.5946,True,12,BALONCESTO ALCALA,True
MOVISTAR ESTUDIANTES,9,12.7773,47.2005,True,12,BALONCESTO ALCALA,True
MOVISTAR ESTUDIANTES,6,25.5122,88.1859,False,12,BALONCESTO ALCALA,True
MOVISTAR ESTUDIANTES,22,10.343000000000004,54.1713,True,12,BALONCESTO ALCALA,True
MOVISTAR ESTUDIANTES,7,13.8581,68.0291,False,12,BALONCESTO ALCALA,True
MOVISTAR ESTUDIANTES,2,39.516,13.4379,False,12,BALONCESTO ALCALA,True
MOVISTAR ESTUDIANTES,11,35.718999999999994,46.7805,False,12,BALONCESTO ALCALA,True
MOVISTAR ESTUDIANTES,12,32.5611,76.6797,False,12,BALONCESTO ALCALA,True
MOVISTAR ESTUDIANTES,19,11.799800000000005,41.0694,False,12,BALONCESTO ALCALA,True
MOVISTAR ESTUDIANTES,2,8.219,38.0459,True,12,BALONCESTO ALCALA,True
MOVISTAR ESTUDIANTES,22,11.6588,53.4994,True,12,BALONCESTO ALCALA,True
MOVISTAR ESTUDIANTES,2,29.4126,82.4748,False,12,BALONCESTO ALCALA,True
MOVISTAR ESTUDIANTES,2,14.234,24.1881,False,12,BALONCESTO ALCALA,True
MOVISTAR ESTUDIANTES,12,27.11,89.1937,True,12,BALONCESTO ALCALA,True
MOVISTAR ESTUDIANTES,10,11.752799999999993,57.3628,True,12,BALONCESTO ALCALA,True
MOVISTAR ESTUDIANTES,22,6.62126,52.4916,True,12,BALONCESTO ALCALA,True
MOVISTAR ESTUDIANTES,9,12.598699999999994,45.3527,True,12,BALONCESTO ALCALA,True
MOVISTAR ESTUDIANTES,6,9.215199999999996,42.4132,True,12,BALONCESTO ALCALA,True
MOVISTAR ESTUDIANTES,9,9.39382,46.7805,True,12,BALONCESTO ALCALA,True
MOVISTAR ESTUDIANTES,2,11.2735,49.888,True,12,BALONCESTO ALCALA,True
MOVISTAR ESTUDIANTES,11,28.8487,78.4435,True,12,BALONCESTO ALCALA,True
MOVISTAR ESTUDIANTES,6,11.6495,52.6596,True,12,BALONCESTO ALCALA,True
MOVISTAR ESTUDIANTES,2,6.301699999999997,20.0728,False,12,BALONCESTO ALCALA,True
MOVISTAR ESTUDIANTES,8,21.1889,31.411,False,12,BALONCESTO ALCALA,True
MOVISTAR ESTUDIANTES,7,6.301699999999997,20.0728,False,12,BALONCESTO ALCALA,True
MOVISTAR ESTUDIANTES,11,17.532899999999998,5.71109,False,12,BALONCESTO ALCALA,True
MOVISTAR ESTUDIANTES,12,20.766,94.065,True,12,BALONCESTO ALCALA,True
MOVISTAR ESTUDIANTES,8,25.662599999999998,8.1467,True,12,BALONCESTO ALCALA,True
MOVISTAR ESTUDIANTES,6,26.790400000000005,13.0179,True,12,BALONCESTO ALCALA,True
MOVISTAR ESTUDIANTES,25,26.461399999999998,89.2777,True,12,BALONCESTO ALCALA,True
MOVISTAR ESTUDIANTES,25,34.9107,68.785,False,12,BALONCESTO ALCALA,True
MOVISTAR ESTUDIANTES,10,9.91073,52.0717,True,12,BALONCESTO ALCALA,True
MOVISTAR ESTUDIANTES,10,10.531000000000006,38.6338,True,12,BALONCESTO ALCALA,True
MOVISTAR ESTUDIANTES,11,34.2998,27.2956,False,12,BALONCESTO ALCALA,True
MOVISTAR ESTUDIANTES,25,9.403199999999998,48.9642,False,12,BALONCESTO ALCALA,True
MOVISTAR ESTUDIANTES,9,4.233999999999995,43.589,False,12,BALONCESTO ALCALA,True
MOVISTAR ESTUDIANTES,22,15.0799,35.4423,False,12,BALONCESTO ALCALA,True
MOVISTAR ESTUDIANTES,7,31.4426,77.7716,True,12,BALONCESTO ALCALA,True
MOVISTAR ESTUDIANTES,10,30.3525,80.8791,True,12,BALONCESTO ALCALA,True
MOVISTAR ESTUDIANTES,22,11.799800000000005,41.0694,True,12,BALONCESTO ALCALA,True
MOVISTAR ESTUDIANTES,12,8.181399999999996,56.271,True,12,BALONCESTO ALCALA,True
MOVISTAR ESTUDIANTES,19,8.463300000000004,43.505,True,12,BALONCESTO ALCALA,True
MOVISTAR ESTUDIANTES,19,10.436999999999998,54.3393,True,12,BALONCESTO ALCALA,True
MOVISTAR ESTUDIANTES,25,34.1212,77.5196,True,12,BALONCESTO ALCALA,True
MOVISTAR ESTUDIANTES,9,11.2359,55.1792,True,12,BALONCESTO ALCALA,True
MOVISTAR ESTUDIANTES,6,11.5555,55.2632,True,12,BALONCESTO ALCALA,True
MOVISTAR ESTUDIANTES,8,32.664500000000004,86.8421,False,12,BALONCESTO ALCALA,True
MOVISTAR ESTUDIANTES,12,10.9446,41.3214,False,12,BALONCESTO ALCALA,True
MOVISTAR ESTUDIANTES,6,27.016,12.1781,True,12,BALONCESTO ALCALA,True
MOVISTAR ESTUDIANTES,22,10.6156,47.0325,True,12,BALONCESTO ALCALA,True
MOVISTAR ESTUDIANTES,19,22.1758,26.0358,True,12,BALONCESTO ALCALA,True
BALONCESTO ALCALA,29,8.17201,58.3707,True,12,MOVISTAR ESTUDIANTES,False
BALONCESTO ALCALA,8,26.1231,43.1691,True,12,MOVISTAR ESTUDIANTES,False
BALONCESTO ALCALA,91,8.82991,42.2452,True,12,MOVISTAR ESTUDIANTES,False
BALONCESTO ALCALA,91,6.442599999999999,33.9306,False,12,MOVISTAR ESTUDIANTES,False
BALONCESTO ALCALA,12,33.7453,54.0034,False,12,MOVISTAR ESTUDIANTES,False
BALONCESTO ALCALA,13,10.4746,44.0929,True,12,MOVISTAR ESTUDIANTES,False
BALONCESTO ALCALA,12,9.967100000000002,59.0426,True,12,MOVISTAR ESTUDIANTES,False
BALONCESTO ALCALA,14,21.6589,57.1109,False,12,MOVISTAR ESTUDIANTES,False
BALONCESTO ALCALA,14,17.9464,24.776,False,12,MOVISTAR ESTUDIANTES,False
BALONCESTO ALCALA,4,27.9182,91.2934,False,12,MOVISTAR ESTUDIANTES,False
BALONCESTO ALCALA,10,35.2397,52.3236,False,12,MOVISTAR ESTUDIANTES,False
BALONCESTO ALCALA,29,8.181399999999996,54.5913,True,12,MOVISTAR ESTUDIANTES,False
BALONCESTO ALCALA,29,36.0479,27.9675,False,12,MOVISTAR ESTUDIANTES,False
BALONCESTO ALCALA,10,33.604299999999995,70.8007,True,12,MOVISTAR ESTUDIANTES,False
BALONCESTO ALCALA,29,11.329899999999995,45.1848,True,12,MOVISTAR ESTUDIANTES,False
BALONCESTO ALCALA,8,15.8318,46.3606,False,12,MOVISTAR ESTUDIANTES,False
BALONCESTO ALCALA,91,10.671999999999997,56.6069,False,12,MOVISTAR ESTUDIANTES,False
BALONCESTO ALCALA,12,21.2829,9.4065,False,12,MOVISTAR ESTUDIANTES,False
BALONCESTO ALCALA,91,8.275400000000005,40.6495,True,12,MOVISTAR ESTUDIANTES,False
BALONCESTO ALCALA,4,37.4013,49.5521,False,12,MOVISTAR ESTUDIANTES,False
BALONCESTO ALCALA,8,26.320499999999996,45.9407,False,12,MOVISTAR ESTUDIANTES,False
BALONCESTO ALCALA,5,14.9859,35.2744,False,12,MOVISTAR ESTUDIANTES,False
BALONCESTO ALCALA,91,9.95773,51.3158,True,12,MOVISTAR ESTUDIANTES,False
BALONCESTO ALCALA,12,12.363699999999994,77.2676,False,12,MOVISTAR ESTUDIANTES,False
BALONCESTO ALCALA,14,25.239599999999996,14.2777,False,12,MOVISTAR ESTUDIANTES,False
BALONCESTO ALCALA,8,13.162599999999998,18.813,False,12,MOVISTAR ESTUDIANTES,False
BALONCESTO ALCALA,8,13.5761,44.9328,False,12,MOVISTAR ESTUDIANTES,False
BALONCESTO ALCALA,4,12.645700000000005,68.1131,False,12,MOVISTAR ESTUDIANTES,False
BALONCESTO ALCALA,4,21.7058,12.1781,True,12,MOVISTAR ESTUDIANTES,False
BALONCESTO ALCALA,29,8.219,53.2475,True,12,MOVISTAR ESTUDIANTES,False
BALONCESTO ALCALA,14,11.799800000000005,46.4446,True,12,MOVISTAR ESTUDIANTES,False
BALONCESTO ALCALA,29,10.0987,52.7436,True,12,MOVISTAR ESTUDIANTES,False
BALONCESTO ALCALA,10,11.846800000000002,60.1344,False,12,MOVISTAR ESTUDIANTES,False
BALONCESTO ALCALA,8,10.2397,20.2408,True,12,MOVISTAR ESTUDIANTES,False
BALONCESTO ALCALA,12,8.97088,56.8589,True,12,MOVISTAR ESTUDIANTES,False
BALONCESTO ALCALA,14,28.1908,79.6193,False,12,MOVISTAR ESTUDIANTES,False
BALONCESTO ALCALA,10,11.000900000000001,39.1377,False,12,MOVISTAR ESTUDIANTES,False
BALONCESTO ALCALA,0,8.8769,51.9037,True,12,MOVISTAR ESTUDIANTES,False
BALONCESTO ALCALA,29,31.6683,34.6865,False,12,MOVISTAR ESTUDIANTES,False
BALONCESTO ALCALA,3,32.6081,19.1489,True,12,MOVISTAR ESTUDIANTES,False
BALONCESTO ALCALA,29,31.6683,23.2643,False,12,MOVISTAR ESTUDIANTES,False
BALONCESTO ALCALA,29,7.51412,51.9877,False,12,MOVISTAR ESTUDIANTES,False
BALONCESTO ALCALA,14,38.2096,51.1478,False,12,MOVISTAR ESTUDIANTES,False
BALONCESTO ALCALA,29,9.262200000000007,58.7906,False,12,MOVISTAR ESTUDIANTES,False
BALONCESTO ALCALA,12,24.487799999999993,6.13102,False,12,MOVISTAR ESTUDIANTES,False
BALONCESTO ALCALA,10,24.017799999999994,8.81859,True,12,MOVISTAR ESTUDIANTES,False
BALONCESTO ALCALA,91,11.282899999999998,39.3897,False,12,MOVISTAR ESTUDIANTES,False
BALONCESTO ALCALA,12,34.9671,74.916,False,12,MOVISTAR ESTUDIANTES,False
BALONCESTO ALCALA,4,6.90321,52.8276,False,12,MOVISTAR ESTUDIANTES,False
BALONCESTO ALCALA,4,28.1062,88.5218,False,12,MOVISTAR ESTUDIANTES,False
BALONCESTO ALCALA,3,33.36,68.3651,True,12,MOVISTAR ESTUDIANTES,False
BALONCESTO ALCALA,8,10.436999999999998,37.206,True,12,MOVISTAR ESTUDIANTES,False
BALONCESTO ALCALA,14,9.20585,45.9407,True,12,MOVISTAR ESTUDIANTES,False
BALONCESTO ALCALA,13,29.4596,81.8869,False,12,MOVISTAR ESTUDIANTES,False
BALONCESTO ALCALA,4,12.1194,54.9272,False,12,MOVISTAR ESTUDIANTES,False
BALONCESTO ALCALA,12,17.1946,51.7357,False,12,MOVISTAR ESTUDIANTES,False
BALONCESTO ALCALA,8,13.3035,64.9216,False,12,MOVISTAR ESTUDIANTES,False
BALONCESTO ALCALA,29,14.704,36.9541,False,12,MOVISTAR ESTUDIANTES,False
BALONCESTO ALCALA,91,13.3882,35.8623,False,12,MOVISTAR ESTUDIANTES,False
BALONCESTO ALCALA,12,8.087400000000002,46.8645,True,12,MOVISTAR ESTUDIANTES,False
BALONCESTO ALCALA,29,31.2453,79.3673,False,12,MOVISTAR ESTUDIANTES,False
BALONCESTO ALCALA,29,9.309200000000004,56.439,True,12,MOVISTAR ESTUDIANTES,False
BALONCESTO ALCALA,4,23.7735,7.97872,False,12,MOVISTAR ESTUDIANTES,False
BALONCESTO ALCALA,12,29.7509,16.7133,True,12,MOVISTAR ESTUDIANTES,False
BALONCESTO ALCALA,29,32.0912,74.2441,True,12,MOVISTAR ESTUDIANTES,False
BALONCESTO ALCALA,13,10.3807,52.7436,False,12,MOVISTAR ESTUDIANTES,False
BALONCESTO ALCALA,4,35.8976,44.009,False,12,MOVISTAR ESTUDIANTES,False
BALONCESTO ALCALA,29,8.040400000000005,55.4311,True,12,MOVISTAR ESTUDIANTES,False
BALONCESTO ALCALA,4,14.102400000000003,62.57,False,12,MOVISTAR ESTUDIANTES,False
BALONCESTO ALCALA,29,10.7566,40.9854,True,12,MOVISTAR ESTUDIANTES,False
BALONCESTO ALCALA,29,16.217100000000002,62.9899,False,12,MOVISTAR ESTUDIANTES,False
BALONCESTO ALCALA,12,9.403199999999998,49.6361,False,12,MOVISTAR ESTUDIANTES,False
BALONCESTO ALCALA,29,37.3637,48.3763,False,12,MOVISTAR ESTUDIANTES,False
PROBASKETLAB FUENLABRADA,7,10.084599999999995,57.978,False,12,CESUR DISTRITO OLIMPICO,True
PROBASKETLAB FUENLABRADA,3,11.7066,53.3145,True,12,CESUR DISTRITO OLIMPICO,True
PROBASKETLAB FUENLABRADA,10,10.0141,53.6926,False,12,CESUR DISTRITO OLIMPICO,True
PROBASKETLAB FUENLABRADA,13,11.001400000000004,61.6331,True,12,CESUR DISTRITO OLIMPICO,True
PROBASKETLAB FUENLABRADA,7,38.2229,49.0292,False,12,CESUR DISTRITO OLIMPICO,True
PROBASKETLAB FUENLABRADA,8,13.3286,50.6677,True,12,CESUR DISTRITO OLIMPICO,True
PROBASKETLAB FUENLABRADA,11,6.981700000000004,42.4752,False,12,CESUR DISTRITO OLIMPICO,True
PROBASKETLAB FUENLABRADA,13,36.6714,57.3478,False,12,CESUR DISTRITO OLIMPICO,True
PROBASKETLAB FUENLABRADA,8,10.719300000000004,50.0375,False,12,CESUR DISTRITO OLIMPICO,True
PROBASKETLAB FUENLABRADA,8,22.355400000000003,50.7937,False,12,CESUR DISTRITO OLIMPICO,True
PROBASKETLAB FUENLABRADA,7,10.507800000000003,64.1539,True,12,CESUR DISTRITO OLIMPICO,True
PROBASKETLAB FUENLABRADA,7,37.0945,81.2952,False,12,CESUR DISTRITO OLIMPICO,True
PROBASKETLAB FUENLABRADA,14,8.039500000000004,82.5556,False,12,CESUR DISTRITO OLIMPICO,True
PROBASKETLAB FUENLABRADA,7,8.03949,54.5749,False,12,CESUR DISTRITO OLIMPICO,True
PROBASKETLAB FUENLABRADA,10,32.0874,67.683,True,12,CESUR DISTRITO OLIMPICO,True
PROBASKETLAB FUENLABRADA,13,34.3441,84.5722,True,12,CESUR DISTRITO OLIMPICO,True
PROBASKETLAB FUENLABRADA,7,10.0846,54.3228,False,12,CESUR DISTRITO OLIMPICO,True
PROBASKETLAB FUENLABRADA,11,27.503500000000003,95.9157,False,12,CESUR DISTRITO OLIMPICO,True
PROBASKETLAB FUENLABRADA,13,28.914,16.7632,True,12,CESUR DISTRITO OLIMPICO,True
PROBASKETLAB FUENLABRADA,14,26.3047,10.2092,False,12,CESUR DISTRITO OLIMPICO,True
PROBASKETLAB FUENLABRADA,10,29.125500000000002,89.7398,False,12,CESUR DISTRITO OLIMPICO,True
PROBASKETLAB FUENLABRADA,13,36.1777,53.8187,False,12,CESUR DISTRITO OLIMPICO,True
PROBASKETLAB FUENLABRADA,3,8.67419,54.0708,True,12,CESUR DISTRITO OLIMPICO,True
PROBASKETLAB FUENLABRADA,7,29.478099999999998,89.4877,False,12,CESUR DISTRITO OLIMPICO,True
PROBASKETLAB FUENLABRADA,14,12.200299999999999,53.1885,False,12,CESUR DISTRITO OLIMPICO,True
PROBASKETLAB FUENLABRADA,14,6.4879999999999995,58.2301,True,12,CESUR DISTRITO OLIMPICO,True
PROBASKETLAB FUENLABRADA,14,24.612099999999998,12.3518,False,12,CESUR DISTRITO OLIMPICO,True
PROBASKETLAB FUENLABRADA,14,16.431600000000003,50.4156,False,12,CESUR DISTRITO OLIMPICO,True
PROBASKETLAB FUENLABRADA,10,34.8378,53.6926,False,12,CESUR DISTRITO OLIMPICO,True
PROBASKETLAB FUENLABRADA,3,34.1326,71.7162,False,12,CESUR DISTRITO OLIMPICO,True
PROBASKETLAB FUENLABRADA,13,10.578299999999999,53.6926,False,12,CESUR DISTRITO OLIMPICO,True
PROBASKETLAB FUENLABRADA,2,38.5049,40.3325,False,12,CESUR DISTRITO OLIMPICO,True
PROBASKETLAB FUENLABRADA,8,13.5402,52.4323,False,12,CESUR DISTRITO OLIMPICO,True
PROBASKETLAB FUENLABRADA,8,33.0042,20.4183,True,12,CESUR DISTRITO OLIMPICO,True
PROBASKETLAB FUENLABRADA,11,29.689700000000002,78.3963,False,12,CESUR DISTRITO OLIMPICO,True
PROBASKETLAB FUENLABRADA,14,24.4006,88.2274,False,12,CESUR DISTRITO OLIMPICO,True
PROBASKETLAB FUENLABRADA,11,28.2087,94.9074,False,12,CESUR DISTRITO OLIMPICO,True
PROBASKETLAB FUENLABRADA,10,35.8251,51.1719,False,12,CESUR DISTRITO OLIMPICO,True
PROBASKETLAB FUENLABRADA,11,13.399100000000004,54.827,True,12,CESUR DISTRITO OLIMPICO,True
PROBASKETLAB FUENLABRADA,13,30.8181,17.6455,False,12,CESUR DISTRITO OLIMPICO,True
PROBASKETLAB FUENLABRADA,11,9.590999999999994,56.5915,True,12,CESUR DISTRITO OLIMPICO,True
PROBASKETLAB FUENLABRADA,7,19.323,49.7854,True,12,CESUR DISTRITO OLIMPICO,True
PROBASKETLAB FUENLABRADA,8,10.930899999999994,44.1137,False,12,CESUR DISTRITO OLIMPICO,True
PROBASKETLAB FUENLABRADA,8,16.925200000000004,44.4918,False,12,CESUR DISTRITO OLIMPICO,True
PROBASKETLAB FUENLABRADA,13,24.8237,89.4877,True,12,CESUR DISTRITO OLIMPICO,True
PROBASKETLAB FUENLABRADA,8,17.5599,59.7425,False,12,CESUR DISTRITO OLIMPICO,True
PROBASKETLAB FUENLABRADA,8,16.7137,43.9876,False,12,CESUR DISTRITO OLIMPICO,True
PROBASKETLAB FUENLABRADA,7,9.0268,55.2051,False,12,CESUR DISTRITO OLIMPICO,True
PROBASKETLAB FUENLABRADA,10,13.751800000000003,47.3907,False,12,CESUR DISTRITO OLIMPICO,True
PROBASKETLAB FUENLABRADA,13,38.9281,46.8865,False,12,CESUR DISTRITO OLIMPICO,True
PROBASKETLAB FUENLABRADA,11,38.5049,40.3325,False,12,CESUR DISTRITO OLIMPICO,True
PROBASKETLAB FUENLABRADA,8,12.976,45.5001,False,12,CESUR DISTRITO OLIMPICO,True
PROBASKETLAB FUENLABRADA,14,20.521900000000002,5.7978,True,12,CESUR DISTRITO OLIMPICO,True
PROBASKETLAB FUENLABRADA,10,7.8279,50.4156,False,12,CESUR DISTRITO OLIMPICO,True
PROBASKETLAB FUENLABRADA,8,8.3921,56.0874,True,12,CESUR DISTRITO OLIMPICO,True
PROBASKETLAB FUENLABRADA,14,27.080399999999997,15.2507,False,12,CESUR DISTRITO OLIMPICO,True
PROBASKETLAB FUENLABRADA,8,40.0564,50.1636,False,12,CESUR DISTRITO OLIMPICO,True
PROBASKETLAB FUENLABRADA,8,13.540199999999999,41.971,True,12,CESUR DISTRITO OLIMPICO,True
PROBASKETLAB FUENLABRADA,3,8.03949,54.5749,True,12,CESUR DISTRITO OLIMPICO,True
PROBASKETLAB FUENLABRADA,7,8.60367,57.4738,False,12,CESUR DISTRITO OLIMPICO,True
PROBASKETLAB FUENLABRADA,8,13.540199999999999,41.971,False,12,CESUR DISTRITO OLIMPICO,True
PROBASKETLAB FUENLABRADA,10,30.8181,87.219,False,12,CESUR DISTRITO OLIMPICO,True
PROBASKETLAB FUENLABRADA,13,35.402,51.0458,False,12,CESUR DISTRITO OLIMPICO,True
PROBASKETLAB FUENLABRADA,10,32.9337,25.964,False,12,CESUR DISTRITO OLIMPICO,True
PROBASKETLAB FUENLABRADA,3,5.6417,48.1469,False,12,CESUR DISTRITO OLIMPICO,True
PROBASKETLAB FUENLABRADA,7,4.724999999999994,49.9115,True,12,CESUR DISTRITO OLIMPICO,True
CESUR DISTRITO OLIMPICO,14,37.4471,25.838,True,12,PROBASKETLAB FUENLABRADA,False
CESUR DISTRITO OLIMPICO,14,28.914,18.4017,False,12,PROBASKETLAB FUENLABRADA,False
CESUR DISTRITO OLIMPICO,2,32.3695,78.9005,False,12,PROBASKETLAB FUENLABRADA,False
CESUR DISTRITO OLIMPICO,2,15.3032,48.9032,True,12,PROBASKETLAB FUENLABRADA,False
CESUR DISTRITO OLIMPICO,14,26.1636,86.4628,True,12,PROBASKETLAB FUENLABRADA,False
CESUR DISTRITO OLIMPICO,41,25.035300000000007,13.4862,False,12,PROBASKETLAB FUENLABRADA,False
CESUR DISTRITO OLIMPICO,14,12.5529,50.9198,True,12,PROBASKETLAB FUENLABRADA,False
CESUR DISTRITO OLIMPICO,2,11.0719,50.9198,False,12,PROBASKETLAB FUENLABRADA,False
CESUR DISTRITO OLIMPICO,25,33.5684,15.2507,True,12,PROBASKETLAB FUENLABRADA,False
CESUR DISTRITO OLIMPICO,14,39.7038,22.435,False,12,PROBASKETLAB FUENLABRADA,False
CESUR DISTRITO OLIMPICO,15,7.4047999999999945,50.7937,True,12,PROBASKETLAB FUENLABRADA,False
CESUR DISTRITO OLIMPICO,14,10.719300000000004,60.3727,True,12,PROBASKETLAB FUENLABRADA,False
CESUR DISTRITO OLIMPICO,33,36.1072,35.1649,False,12,PROBASKETLAB FUENLABRADA,False
CESUR DISTRITO OLIMPICO,14,18.1241,50.5417,False,12,PROBASKETLAB FUENLABRADA,False
CESUR DISTRITO OLIMPICO,16,10.296199999999999,50.2896,False,12,PROBASKETLAB FUENLABRADA,False
CESUR DISTRITO OLIMPICO,14,25.7405,12.4779,False,12,PROBASKETLAB FUENLABRADA,False
CESUR DISTRITO OLIMPICO,25,12.2003,49.4073,False,12,PROBASKETLAB FUENLABRADA,False
CESUR DISTRITO OLIMPICO,16,30.8181,25.4599,False,12,PROBASKETLAB FUENLABRADA,False
CESUR DISTRITO OLIMPICO,25,7.686899999999994,59.2384,True,12,PROBASKETLAB FUENLABRADA,False
CESUR DISTRITO OLIMPICO,41,27.221400000000003,87.093,False,12,PROBASKETLAB FUENLABRADA,False
CESUR DISTRITO OLIMPICO,15,12.200299999999999,53.9447,True,12,PROBASKETLAB FUENLABRADA,False
CESUR DISTRITO OLIMPICO,25,12.4118,53.3145,True,12,PROBASKETLAB FUENLABRADA,False
CESUR DISTRITO OLIMPICO,14,13.963300000000004,45.7522,True,12,PROBASKETLAB FUENLABRADA,False
CESUR DISTRITO OLIMPICO,2,8.180499999999995,57.5999,True,12,PROBASKETLAB FUENLABRADA,False
CESUR DISTRITO OLIMPICO,2,9.097300000000004,48.1469,True,12,PROBASKETLAB FUENLABRADA,False
CESUR DISTRITO OLIMPICO,41,28.6319,85.9586,False,12,PROBASKETLAB FUENLABRADA,False
CESUR DISTRITO OLIMPICO,25,12.835,49.4073,True,12,PROBASKETLAB FUENLABRADA,False
CESUR DISTRITO OLIMPICO,14,13.1171,42.3491,True,12,PROBASKETLAB FUENLABRADA,False
CESUR DISTRITO OLIMPICO,41,38.8575,63.9018,False,12,PROBASKETLAB FUENLABRADA,False
CESUR DISTRITO OLIMPICO,5,17.0663,48.525,False,12,PROBASKETLAB FUENLABRADA,False
CESUR DISTRITO OLIMPICO,2,31.170699999999997,85.5805,False,12,PROBASKETLAB FUENLABRADA,False
CESUR DISTRITO OLIMPICO,12,26.586699999999993,86.4628,False,12,PROBASKETLAB FUENLABRADA,False
CESUR DISTRITO OLIMPICO,14,15.867400000000004,56.9697,False,12,PROBASKETLAB FUENLABRADA,False
CESUR DISTRITO OLIMPICO,41,35.2609,48.273,True,12,PROBASKETLAB FUENLABRADA,False
CESUR DISTRITO OLIMPICO,2,30.324399999999997,17.6455,False,12,PROBASKETLAB FUENLABRADA,False
CESUR DISTRITO OLIMPICO,2,12.9055,33.9045,False,12,PROBASKETLAB FUENLABRADA,False
CESUR DISTRITO OLIMPICO,14,7.334299999999999,54.1968,True,12,PROBASKETLAB FUENLABRADA,False
CESUR DISTRITO OLIMPICO,12,8.462599999999995,49.4073,True,12,PROBASKETLAB FUENLABRADA,False
CESUR DISTRITO OLIMPICO,5,31.5938,9.32689,False,12,PROBASKETLAB FUENLABRADA,False
CESUR DISTRITO OLIMPICO,10,24.541600000000003,83.0598,False,12,PROBASKETLAB FUENLABRADA,False
CESUR DISTRITO OLIMPICO,41,12.764499999999998,30.2494,False,12,PROBASKETLAB FUENLABRADA,False
CESUR DISTRITO OLIMPICO,14,26.939300000000003,85.8326,True,12,PROBASKETLAB FUENLABRADA,False
CESUR DISTRITO OLIMPICO,41,31.3117,23.6953,True,12,PROBASKETLAB FUENLABRADA,False
CESUR DISTRITO OLIMPICO,2,35.1199,18.6538,False,12,PROBASKETLAB FUENLABRADA,False
CESUR DISTRITO OLIMPICO,33,34.97880000000001,79.7827,False,12,PROBASKETLAB FUENLABRADA,False
CESUR DISTRITO OLIMPICO,14,38.8575,48.6511,True,12,PROBASKETLAB FUENLABRADA,False
CESUR DISTRITO OLIMPICO,25,12.764499999999998,30.2494,False,12,PROBASKETLAB FUENLABRADA,False
CESUR DISTRITO OLIMPICO,10,39.5628,21.4266,False,12,PROBASKETLAB FUENLABRADA,False
CESUR DISTRITO OLIMPICO,25,20.2398,47.6428,False,12,PROBASKETLAB FUENLABRADA,False
CESUR DISTRITO OLIMPICO,41,16.22,53.6926,False,12,PROBASKETLAB FUENLABRADA,False
CESUR DISTRITO OLIMPICO,25,16.361099999999993,57.4738,True,12,PROBASKETLAB FUENLABRADA,False
CESUR DISTRITO OLIMPICO,15,8.11001,60.6248,True,12,PROBASKETLAB FUENLABRADA,False
CESUR DISTRITO OLIMPICO,25,9.026799999999994,57.0957,True,12,PROBASKETLAB FUENLABRADA,False
CESUR DISTRITO OLIMPICO,12,37.9408,55.7093,False,12,PROBASKETLAB FUENLABRADA,False
CESUR DISTRITO OLIMPICO,5,32.6516,80.9171,False,12,PROBASKETLAB FUENLABRADA,False
CESUR DISTRITO OLIMPICO,5,6.55853,44.8699,True,12,PROBASKETLAB FUENLABRADA,False
CESUR DISTRITO OLIMPICO,25,7.12271,63.6497,True,12,PROBASKETLAB FUENLABRADA,False
CESUR DISTRITO OLIMPICO,10,13.751800000000003,57.0957,True,12,PROBASKETLAB FUENLABRADA,False
CESUR DISTRITO OLIMPICO,25,9.4499,61.5071,False,12,PROBASKETLAB FUENLABRADA,False
CESUR DISTRITO OLIMPICO,25,18.053600000000003,50.2896,False,12,PROBASKETLAB FUENLABRADA,False
CESUR DISTRITO OLIMPICO,5,30.394900000000007,14.6205,False,12,PROBASKETLAB FUENLABRADA,False
CESUR DISTRITO OLIMPICO,41,35.754599999999996,84.0681,False,12,PROBASKETLAB FUENLABRADA,False
CESUR DISTRITO OLIMPICO,25,8.53315,60.1206,True,12,PROBASKETLAB FUENLABRADA,False
CESUR DISTRITO OLIMPICO,5,17.842,35.543,False,12,PROBASKETLAB FUENLABRADA,False
CESUR DISTRITO OLIMPICO,14,33.5684,15.2507,False,12,PROBASKETLAB FUENLABRADA,False
PROBASKETLAB FUENLABRADA,10,12.270799999999994,48.1469,True,13,EL VENTERO CBV,True
PROBASKETLAB FUENLABRADA,11,30.3244,83.1858,False,13,EL VENTERO CBV,True
PROBASKETLAB FUENLABRADA,8,8.885800000000003,53.0624,False,13,EL VENTERO CBV,True
PROBASKETLAB FUENLABRADA,7,10.507800000000003,48.399,False,13,EL VENTERO CBV,True
PROBASKETLAB FUENLABRADA,10,9.873099999999994,49.9115,True,13,EL VENTERO CBV,True
PROBASKETLAB FUENLABRADA,13,35.402,20.6704,False,13,EL VENTERO CBV,True
PROBASKETLAB FUENLABRADA,10,34.4147,67.0528,False,13,EL VENTERO CBV,True
PROBASKETLAB FUENLABRADA,14,31.4528,18.1496,False,13,EL VENTERO CBV,True
PROBASKETLAB FUENLABRADA,11,14.6685,48.1469,True,13,EL VENTERO CBV,True
PROBASKETLAB FUENLABRADA,14,29.2666,15.8809,False,13,EL VENTERO CBV,True
PROBASKETLAB FUENLABRADA,8,12.4118,49.7854,True,13,EL VENTERO CBV,True
PROBASKETLAB FUENLABRADA,8,12.975999999999999,46.2563,False,13,EL VENTERO CBV,True
PROBASKETLAB FUENLABRADA,10,13.8928,53.6926,True,13,EL VENTERO CBV,True
PROBASKETLAB FUENLABRADA,7,33.2863,87.8492,False,13,EL VENTERO CBV,True
PROBASKETLAB FUENLABRADA,13,32.3695,91.8825,False,13,EL VENTERO CBV,True
PROBASKETLAB FUENLABRADA,11,36.2482,67.683,False,13,EL VENTERO CBV,True
PROBASKETLAB FUENLABRADA,13,14.7391,50.0375,False,13,EL VENTERO CBV,True
PROBASKETLAB FUENLABRADA,8,10.507800000000003,51.2979,False,13,EL VENTERO CBV,True
PROBASKETLAB FUENLABRADA,10,13.9633,47.3907,False,13,EL VENTERO CBV,True
PROBASKETLAB FUENLABRADA,2,28.0677,13.1081,True,13,EL VENTERO CBV,True
PROBASKETLAB FUENLABRADA,11,10.930899999999994,53.5666,False,13,EL VENTERO CBV,True
PROBASKETLAB FUENLABRADA,3,13.751800000000003,50.7937,False,13,EL VENTERO CBV,True
PROBASKETLAB FUENLABRADA,7,18.4062,47.3907,False,13,EL VENTERO CBV,True
PROBASKETLAB FUENLABRADA,13,11.142499999999998,55.2051,True,13,EL VENTERO CBV,True
PROBASKETLAB FUENLABRADA,11,13.469700000000003,54.5749,False,13,EL VENTERO CBV,True
PROBASKETLAB FUENLABRADA,7,15.726399999999998,54.0708,False,13,EL VENTERO CBV,True
PROBASKETLAB FUENLABRADA,11,14.1044,53.9447,False,13,EL VENTERO CBV,True
PROBASKETLAB FUENLABRADA,10,12.270799999999994,51.1719,True,13,EL VENTERO CBV,True
PROBASKETLAB FUENLABRADA,13,32.7927,24.9557,False,13,EL VENTERO CBV,True
PROBASKETLAB FUENLABRADA,11,14.809600000000003,56.4655,True,13,EL VENTERO CBV,True
PROBASKETLAB FUENLABRADA,3,27.221400000000003,14.7466,True,13,EL VENTERO CBV,True
PROBASKETLAB FUENLABRADA,8,13.2581,55.9613,False,13,EL VENTERO CBV,True
PROBASKETLAB FUENLABRADA,3,14.597999999999999,56.3395,False,13,EL VENTERO CBV,True
PROBASKETLAB FUENLABRADA,14,33.35680000000001,85.9586,False,13,EL VENTERO CBV,True
PROBASKETLAB FUENLABRADA,10,16.22,52.6843,True,13,EL VENTERO CBV,True
PROBASKETLAB FUENLABRADA,8,6.98166,49.0292,True,13,EL VENTERO CBV,True
PROBASKETLAB FUENLABRADA,10,15.4443,48.399,True,13,EL VENTERO CBV,True
PROBASKETLAB FUENLABRADA,11,13.8223,55.9613,False,13,EL VENTERO CBV,True
PROBASKETLAB FUENLABRADA,11,13.822299999999998,47.8948,True,13,EL VENTERO CBV,True
PROBASKETLAB FUENLABRADA,10,14.5275,49.7854,False,13,EL VENTERO CBV,True
PROBASKETLAB FUENLABRADA,8,15.3032,54.5749,False,13,EL VENTERO CBV,True
PROBASKETLAB FUENLABRADA,7,9.59097,53.4406,True,13,EL VENTERO CBV,True
PROBASKETLAB FUENLABRADA,8,14.6685,40.5846,False,13,EL VENTERO CBV,True
PROBASKETLAB FUENLABRADA,11,12.2003,57.8519,False,13,EL VENTERO CBV,True
PROBASKETLAB FUENLABRADA,7,23.554299999999998,50.6677,True,13,EL VENTERO CBV,True
PROBASKETLAB FUENLABRADA,8,15.7264,50.9198,False,13,EL VENTERO CBV,True
PROBASKETLAB FUENLABRADA,10,11.8477,48.0209,False,13,EL VENTERO CBV,True
PROBASKETLAB FUENLABRADA,14,34.696799999999996,20.9225,False,13,EL VENTERO CBV,True
PROBASKETLAB FUENLABRADA,8,12.834999999999994,53.6926,True,13,EL VENTERO CBV,True
PROBASKETLAB FUENLABRADA,10,16.5021,52.6843,False,13,EL VENTERO CBV,True
PROBASKETLAB FUENLABRADA,10,34.0621,83.4379,False,13,EL VENTERO CBV,True
PROBASKETLAB FUENLABRADA,8,15.2327,62.8935,False,13,EL VENTERO CBV,True
PROBASKETLAB FUENLABRADA,12,9.23836,66.0445,False,13,EL VENTERO CBV,True
PROBASKETLAB FUENLABRADA,13,27.574,84.4462,True,13,EL VENTERO CBV,True
PROBASKETLAB FUENLABRADA,9,12.764499999999998,49.4073,False,13,EL VENTERO CBV,True
PROBASKETLAB FUENLABRADA,3,11.2835,48.399,True,13,EL VENTERO CBV,True
PROBASKETLAB FUENLABRADA,7,11.706599999999995,53.5666,True,13,EL VENTERO CBV,True
PROBASKETLAB FUENLABRADA,13,25.1763,82.3035,False,13,EL VENTERO CBV,True
PROBASKETLAB FUENLABRADA,8,13.681200000000004,54.0708,False,13,EL VENTERO CBV,True
PROBASKETLAB FUENLABRADA,9,13.117099999999994,35.6691,False,13,EL VENTERO CBV,True
PROBASKETLAB FUENLABRADA,14,12.129800000000003,55.3312,False,13,EL VENTERO CBV,True
PROBASKETLAB FUENLABRADA,8,24.753200000000007,51.1719,True,13,EL VENTERO CBV,True
PROBASKETLAB FUENLABRADA,14,33.5684,22.561,False,13,EL VENTERO CBV,True
PROBASKETLAB FUENLABRADA,10,9.52045,51.2979,True,13,EL VENTERO CBV,True
EL VENTERO CBV,41,9.59097,48.9032,True,13,PROBASKETLAB FUENLABRADA,False
EL VENTERO CBV,41,32.4401,13.8643,False,13,PROBASKETLAB FUENLABRADA,False
EL VENTERO CBV,18,10.507800000000003,53.6926,True,13,PROBASKETLAB FUENLABRADA,False
EL VENTERO CBV,41,24.894199999999998,10.9654,False,13,PROBASKETLAB FUENLABRADA,False
EL VENTERO CBV,10,27.292,12.4779,True,13,PROBASKETLAB FUENLABRADA,False
EL VENTERO CBV,10,32.8632,9.20085,False,13,PROBASKETLAB FUENLABRADA,False
EL VENTERO CBV,18,13.822299999999998,53.5666,True,13,PROBASKETLAB FUENLABRADA,False
EL VENTERO CBV,3,8.11,54.4489,False,13,PROBASKETLAB FUENLABRADA,False
EL VENTERO CBV,0,11.706599999999995,49.6594,True,13,PROBASKETLAB FUENLABRADA,False
EL VENTERO CBV,1,18.899900000000002,49.5334,False,13,PROBASKETLAB FUENLABRADA,False
EL VENTERO CBV,18,8.674199999999999,50.9198,True,13,PROBASKETLAB FUENLABRADA,False
EL VENTERO CBV,3,21.8618,47.8948,True,13,PROBASKETLAB FUENLABRADA,False
EL VENTERO CBV,10,16.5021,47.2647,False,13,PROBASKETLAB FUENLABRADA,False
EL VENTERO CBV,3,11.0014,48.1469,True,13,PROBASKETLAB FUENLABRADA,False
EL VENTERO CBV,10,13.469700000000003,47.7688,True,13,PROBASKETLAB FUENLABRADA,False
EL VENTERO CBV,0,10.225700000000003,49.9115,True,13,PROBASKETLAB FUENLABRADA,False
EL VENTERO CBV,10,22.637500000000003,51.8021,True,13,PROBASKETLAB FUENLABRADA,False
EL VENTERO CBV,1,24.964699999999993,13.6122,True,13,PROBASKETLAB FUENLABRADA,False
EL VENTERO CBV,41,11.847700000000003,55.5832,False,13,PROBASKETLAB FUENLABRADA,False
EL VENTERO CBV,10,38.1523,17.8975,False,13,PROBASKETLAB FUENLABRADA,False
EL VENTERO CBV,10,30.042299999999997,80.539,True,13,PROBASKETLAB FUENLABRADA,False
EL VENTERO CBV,1,22.990099999999998,13.2341,False,13,PROBASKETLAB FUENLABRADA,False
EL VENTERO CBV,10,33.7094,19.41,True,13,PROBASKETLAB FUENLABRADA,False
EL VENTERO CBV,21,9.732,54.1968,True,13,PROBASKETLAB FUENLABRADA,False
EL VENTERO CBV,0,20.098699999999994,49.0292,False,13,PROBASKETLAB FUENLABRADA,False
EL VENTERO CBV,0,29.1255,83.6899,False,13,PROBASKETLAB FUENLABRADA,False
EL VENTERO CBV,3,9.943600000000004,52.1802,True,13,PROBASKETLAB FUENLABRADA,False
EL VENTERO CBV,18,11.001400000000004,46.8865,False,13,PROBASKETLAB FUENLABRADA,False
EL VENTERO CBV,10,34.414699999999996,75.6234,False,13,PROBASKETLAB FUENLABRADA,False
EL VENTERO CBV,18,16.1495,50.0375,True,13,PROBASKETLAB FUENLABRADA,False
EL VENTERO CBV,1,22.496499999999997,30.1233,False,13,PROBASKETLAB FUENLABRADA,False
EL VENTERO CBV,21,13.3992,28.8629,False,13,PROBASKETLAB FUENLABRADA,False
EL VENTERO CBV,1,10.7898,48.1469,False,13,PROBASKETLAB FUENLABRADA,False
EL VENTERO CBV,18,15.8674,42.8533,False,13,PROBASKETLAB FUENLABRADA,False
EL VENTERO CBV,10,31.4528,82.1775,False,13,PROBASKETLAB FUENLABRADA,False
EL VENTERO CBV,10,9.87306,51.9281,True,13,PROBASKETLAB FUENLABRADA,False
EL VENTERO CBV,18,14.8096,49.2813,False,13,PROBASKETLAB FUENLABRADA,False
EL VENTERO CBV,21,30.112799999999993,12.6039,False,13,PROBASKETLAB FUENLABRADA,False
EL VENTERO CBV,41,31.100099999999998,84.0681,False,13,PROBASKETLAB FUENLABRADA,False
EL VENTERO CBV,41,25.811000000000007,88.3534,True,13,PROBASKETLAB FUENLABRADA,False
EL VENTERO CBV,41,17.4894,50.2896,True,13,PROBASKETLAB FUENLABRADA,False
EL VENTERO CBV,1,24.4711,51.9281,False,13,PROBASKETLAB FUENLABRADA,False
EL VENTERO CBV,3,13.399100000000004,49.4073,False,13,PROBASKETLAB FUENLABRADA,False
EL VENTERO CBV,21,11.283500000000004,54.0708,False,13,PROBASKETLAB FUENLABRADA,False
EL VENTERO CBV,1,24.2595,51.1719,True,13,PROBASKETLAB FUENLABRADA,False
EL VENTERO CBV,41,23.977400000000003,50.2896,True,13,PROBASKETLAB FUENLABRADA,False
EL VENTERO CBV,18,10.5078,54.1968,True,13,PROBASKETLAB FUENLABRADA,False
EL VENTERO CBV,10,15.585300000000004,52.4323,True,13,PROBASKETLAB FUENLABRADA,False
EL VENTERO CBV,10,17.4894,50.2896,False,13,PROBASKETLAB FUENLABRADA,False
EL VENTERO CBV,10,34.4147,56.7176,False,13,PROBASKETLAB FUENLABRADA,False
EL VENTERO CBV,1,33.1453,77.514,True,13,PROBASKETLAB FUENLABRADA,False
EL VENTERO CBV,10,13.5402,50.5417,False,13,PROBASKETLAB FUENLABRADA,False
EL VENTERO CBV,41,34.2736,17.6455,False,13,PROBASKETLAB FUENLABRADA,False
EL VENTERO CBV,0,32.7927,77.1359,False,13,PROBASKETLAB FUENLABRADA,False
EL VENTERO CBV,0,31.311700000000002,79.5307,False,13,PROBASKETLAB FUENLABRADA,False
EL VENTERO CBV,18,10.7193,51.9281,False,13,PROBASKETLAB FUENLABRADA,False
EL VENTERO CBV,21,36.7419,23.6953,False,13,PROBASKETLAB FUENLABRADA,False
EL VENTERO CBV,0,18.4062,49.5334,True,13,PROBASKETLAB FUENLABRADA,False
EL VENTERO CBV,10,24.9647,50.7937,False,13,PROBASKETLAB FUENLABRADA,False
EL VENTERO CBV,3,11.565600000000003,50.4156,True,13,PROBASKETLAB FUENLABRADA,False
EL VENTERO CBV,18,11.9182,49.0292,True,13,PROBASKETLAB FUENLABRADA,False
EL VENTERO CBV,10,45.4161,19.6621,False,13,PROBASKETLAB FUENLABRADA,False
EL VENTERO CBV,10,12.975999999999999,54.5749,True,13,PROBASKETLAB FUENLABRADA,False
EL VENTERO CBV,1,26.2341,12.0998,True,13,PROBASKETLAB FUENLABRADA,False
EL VENTERO CBV,41,12.764499999999998,59.6165,False,13,PROBASKETLAB FUENLABRADA,False
EL VENTERO CBV,10,17.207300000000004,50.4156,False,13,PROBASKETLAB FUENLABRADA,False
EL VENTERO CBV,10,37.3766,22.435,False,13,PROBASKETLAB FUENLABRADA,False
EL VENTERO CBV,18,13.2581,48.1469,True,13,PROBASKETLAB FUENLABRADA,False
EL VENTERO CBV,18,9.943600000000004,52.5583,True,13,PROBASKETLAB FUENLABRADA,False
EL VENTERO CBV,10,29.337100000000007,18.7798,True,13,PROBASKETLAB FUENLABRADA,False
CESUR DISTRITO OLIMPICO,25,17.842,61.129,False,13,MOVISTAR ESTUDIANTES,True
CESUR DISTRITO OLIMPICO,25,18.829300000000003,68.0611,False,13,MOVISTAR ESTUDIANTES,True
CESUR DISTRITO OLIMPICO,25,22.0028,66.2966,False,13,MOVISTAR ESTUDIANTES,True
CESUR DISTRITO OLIMPICO,14,19.675600000000003,50.4156,False,13,MOVISTAR ESTUDIANTES,True
CESUR DISTRITO OLIMPICO,16,28.6319,84.6983,False,13,MOVISTAR ESTUDIANTES,True
CESUR DISTRITO OLIMPICO,5,29.901300000000006,18.9059,False,13,MOVISTAR ESTUDIANTES,True
CESUR DISTRITO OLIMPICO,25,11.8477,54.953,True,13,MOVISTAR ESTUDIANTES,True
CESUR DISTRITO OLIMPICO,25,10.084599999999995,57.0957,False,13,MOVISTAR ESTUDIANTES,True
CESUR DISTRITO OLIMPICO,12,21.791300000000007,63.1456,False,13,MOVISTAR ESTUDIANTES,True
CESUR DISTRITO OLIMPICO,14,19.111400000000003,66.5486,False,13,MOVISTAR ESTUDIANTES,True
CESUR DISTRITO OLIMPICO,13,11.0014,41.2148,True,13,MOVISTAR ESTUDIANTES,True
CESUR DISTRITO OLIMPICO,41,26.4457,19.6621,False,13,MOVISTAR ESTUDIANTES,True
CESUR DISTRITO OLIMPICO,10,13.328599999999994,50.7937,False,13,MOVISTAR ESTUDIANTES,True
CESUR DISTRITO OLIMPICO,33,7.475300000000004,48.273,True,13,MOVISTAR ESTUDIANTES,True
CESUR DISTRITO OLIMPICO,2,31.3117,24.0735,False,13,MOVISTAR ESTUDIANTES,True
CESUR DISTRITO OLIMPICO,25,16.9252,47.8948,False,13,MOVISTAR ESTUDIANTES,True
CESUR DISTRITO OLIMPICO,14,23.342699999999994,42.2231,False,13,MOVISTAR ESTUDIANTES,True
CESUR DISTRITO OLIMPICO,25,13.046499999999995,57.978,True,13,MOVISTAR ESTUDIANTES,True
CESUR DISTRITO OLIMPICO,14,10.860399999999998,49.0292,True,13,MOVISTAR ESTUDIANTES,True
CESUR DISTRITO OLIMPICO,15,13.469700000000003,62.6414,False,13,MOVISTAR ESTUDIANTES,True
CESUR DISTRITO OLIMPICO,15,13.3992,56.7176,True,13,MOVISTAR ESTUDIANTES,True
CESUR DISTRITO OLIMPICO,2,29.478099999999998,8.57066,False,13,MOVISTAR ESTUDIANTES,True
CESUR DISTRITO OLIMPICO,14,15.585300000000004,46.2563,True,13,MOVISTAR ESTUDIANTES,True
CESUR DISTRITO OLIMPICO,41,31.241200000000006,14.8726,False,13,MOVISTAR ESTUDIANTES,True
CESUR DISTRITO OLIMPICO,25,11.4245,67.1788,True,13,MOVISTAR ESTUDIANTES,True
CESUR DISTRITO OLIMPICO,25,13.187600000000003,55.8353,False,13,MOVISTAR ESTUDIANTES,True
CESUR DISTRITO OLIMPICO,15,11.7066,59.3644,True,13,MOVISTAR ESTUDIANTES,True
CESUR DISTRITO OLIMPICO,10,9.802499999999995,61.8852,True,13,MOVISTAR ESTUDIANTES,True
CESUR DISTRITO OLIMPICO,14,19.322999999999993,33.5264,False,13,MOVISTAR ESTUDIANTES,True
CESUR DISTRITO OLIMPICO,5,19.887200000000007,54.4489,True,13,MOVISTAR ESTUDIANTES,True
CESUR DISTRITO OLIMPICO,5,15.7264,57.3478,False,13,MOVISTAR ESTUDIANTES,True
CESUR DISTRITO OLIMPICO,2,25.3879,89.9919,False,13,MOVISTAR ESTUDIANTES,True
CESUR DISTRITO OLIMPICO,15,8.533100000000005,48.273,True,13,MOVISTAR ESTUDIANTES,True
CESUR DISTRITO OLIMPICO,15,17.0663,49.7854,False,13,MOVISTAR ESTUDIANTES,True
CESUR DISTRITO OLIMPICO,5,12.834999999999994,66.9267,True,13,MOVISTAR ESTUDIANTES,True
CESUR DISTRITO OLIMPICO,2,28.7024,17.1413,False,13,MOVISTAR ESTUDIANTES,True
CESUR DISTRITO OLIMPICO,33,9.37941,62.2633,True,13,MOVISTAR ESTUDIANTES,True
CESUR DISTRITO OLIMPICO,5,10.6488,51.9281,True,13,MOVISTAR ESTUDIANTES,True
CESUR DISTRITO OLIMPICO,41,29.9718,71.7162,True,13,MOVISTAR ESTUDIANTES,True
CESUR DISTRITO OLIMPICO,10,13.6107,76.0016,False,13,MOVISTAR ESTUDIANTES,True
CESUR DISTRITO OLIMPICO,33,20.2398,44.1137,False,13,MOVISTAR ESTUDIANTES,True
CESUR DISTRITO OLIMPICO,12,22.3554,31.3837,False,13,MOVISTAR ESTUDIANTES,True
CESUR DISTRITO OLIMPICO,12,37.8702,35.6691,False,13,MOVISTAR ESTUDIANTES,True
CESUR DISTRITO OLIMPICO,33,7.334299999999999,53.5666,False,13,MOVISTAR ESTUDIANTES,True
CESUR DISTRITO OLIMPICO,41,34.2031,62.0112,True,13,MOVISTAR ESTUDIANTES,True
CESUR DISTRITO OLIMPICO,33,32.5811,24.7037,False,13,MOVISTAR ESTUDIANTES,True
CESUR DISTRITO OLIMPICO,2,15.1622,60.1206,False,13,MOVISTAR ESTUDIANTES,True
CESUR DISTRITO OLIMPICO,2,9.943600000000004,44.4918,False,13,MOVISTAR ESTUDIANTES,True
CESUR DISTRITO OLIMPICO,5,7.75741,52.5583,True,13,MOVISTAR ESTUDIANTES,True
CESUR DISTRITO OLIMPICO,25,20.0282,62.5154,False,13,MOVISTAR ESTUDIANTES,True
CESUR DISTRITO OLIMPICO,14,27.997200000000007,73.9849,False,13,MOVISTAR ESTUDIANTES,True
CESUR DISTRITO OLIMPICO,25,12.4118,53.4406,False,13,MOVISTAR ESTUDIANTES,True
CESUR DISTRITO OLIMPICO,25,13.7518,59.3644,True,13,MOVISTAR ESTUDIANTES,True
CESUR DISTRITO OLIMPICO,25,12.764499999999998,62.7675,False,13,MOVISTAR ESTUDIANTES,True
CESUR DISTRITO OLIMPICO,14,12.270799999999994,58.2301,False,13,MOVISTAR ESTUDIANTES,True
CESUR DISTRITO OLIMPICO,15,18.8999,49.7854,False,13,MOVISTAR ESTUDIANTES,True
CESUR DISTRITO OLIMPICO,41,31.8759,84.9503,False,13,MOVISTAR ESTUDIANTES,True
CESUR DISTRITO OLIMPICO,5,33.7094,26.8463,False,13,MOVISTAR ESTUDIANTES,True
CESUR DISTRITO OLIMPICO,5,21.086,53.1885,False,13,MOVISTAR ESTUDIANTES,True
CESUR DISTRITO OLIMPICO,33,31.8759,22.561,False,13,MOVISTAR ESTUDIANTES,True
CESUR DISTRITO OLIMPICO,16,23.836399999999998,74.9932,False,13,MOVISTAR ESTUDIANTES,True
CESUR DISTRITO OLIMPICO,33,10.7898,66.4226,True,13,MOVISTAR ESTUDIANTES,True
CESUR DISTRITO OLIMPICO,5,29.3371,15.3768,False,13,MOVISTAR ESTUDIANTES,True
CESUR DISTRITO OLIMPICO,41,35.049400000000006,79.4046,False,13,MOVISTAR ESTUDIANTES,True
CESUR DISTRITO OLIMPICO,14,30.465400000000002,21.1746,False,13,MOVISTAR ESTUDIANTES,True
CESUR DISTRITO OLIMPICO,15,11.918199999999999,60.6248,True,13,MOVISTAR ESTUDIANTES,True
CESUR DISTRITO OLIMPICO,25,10.296199999999999,57.4738,True,13,MOVISTAR ESTUDIANTES,True
MOVISTAR ESTUDIANTES,19,14.7391,61.0029,True,13,CESUR DISTRITO OLIMPICO,False
MOVISTAR ESTUDIANTES,6,34.97880000000001,53.9447,True,13,CESUR DISTRITO OLIMPICO,False
MOVISTAR ESTUDIANTES,22,12.4824,54.953,True,13,CESUR DISTRITO OLIMPICO,False
MOVISTAR ESTUDIANTES,9,6.84062,52.8104,True,13,CESUR DISTRITO OLIMPICO,False
MOVISTAR ESTUDIANTES,25,28.279300000000006,85.4545,False,13,CESUR DISTRITO OLIMPICO,False
MOVISTAR ESTUDIANTES,25,23.2017,53.4406,False,13,CESUR DISTRITO OLIMPICO,False
MOVISTAR ESTUDIANTES,19,9.943600000000004,38.568,False,13,CESUR DISTRITO OLIMPICO,False
MOVISTAR ESTUDIANTES,8,9.80254,36.4253,True,13,CESUR DISTRITO OLIMPICO,False
MOVISTAR ESTUDIANTES,7,8.533100000000005,48.7771,True,13,CESUR DISTRITO OLIMPICO,False
MOVISTAR ESTUDIANTES,10,15.373800000000003,79.1525,False,13,CESUR DISTRITO OLIMPICO,False
MOVISTAR ESTUDIANTES,9,5.43018,50.9198,True,13,CESUR DISTRITO OLIMPICO,False
MOVISTAR ESTUDIANTES,25,26.7278,17.8975,False,13,CESUR DISTRITO OLIMPICO,False
MOVISTAR ESTUDIANTES,25,30.183400000000006,17.1413,True,13,CESUR DISTRITO OLIMPICO,False
MOVISTAR ESTUDIANTES,25,26.4457,89.4877,False,13,CESUR DISTRITO OLIMPICO,False
MOVISTAR ESTUDIANTES,7,28.7024,86.967,True,13,CESUR DISTRITO OLIMPICO,False
MOVISTAR ESTUDIANTES,6,21.7913,90.1179,False,13,CESUR DISTRITO OLIMPICO,False
MOVISTAR ESTUDIANTES,2,29.9718,80.791,False,13,CESUR DISTRITO OLIMPICO,False
MOVISTAR ESTUDIANTES,25,24.188999999999993,87.8492,True,13,CESUR DISTRITO OLIMPICO,False
MOVISTAR ESTUDIANTES,11,27.574,87.093,False,13,CESUR DISTRITO OLIMPICO,False
MOVISTAR ESTUDIANTES,12,27.6446,83.0598,True,13,CESUR DISTRITO OLIMPICO,False
MOVISTAR ESTUDIANTES,22,15.3738,61.129,False,13,CESUR DISTRITO OLIMPICO,False
MOVISTAR ESTUDIANTES,22,11.5656,68.1871,True,13,CESUR DISTRITO OLIMPICO,False
MOVISTAR ESTUDIANTES,11,28.914,14.6205,False,13,CESUR DISTRITO OLIMPICO,False
MOVISTAR ESTUDIANTES,6,10.366699999999994,43.1054,True,13,CESUR DISTRITO OLIMPICO,False
MOVISTAR ESTUDIANTES,22,7.616399999999999,48.273,True,13,CESUR DISTRITO OLIMPICO,False
MOVISTAR ESTUDIANTES,11,17.912599999999998,62.1373,True,13,CESUR DISTRITO OLIMPICO,False
MOVISTAR ESTUDIANTES,6,20.8745,90.6221,False,13,CESUR DISTRITO OLIMPICO,False
MOVISTAR ESTUDIANTES,6,18.335700000000003,34.7868,True,13,CESUR DISTRITO OLIMPICO,False
MOVISTAR ESTUDIANTES,25,15.091700000000003,67.5569,False,13,CESUR DISTRITO OLIMPICO,False
MOVISTAR ESTUDIANTES,8,25.811000000000007,85.9586,False,13,CESUR DISTRITO OLIMPICO,False
MOVISTAR ESTUDIANTES,19,33.78,30.7535,False,13,CESUR DISTRITO OLIMPICO,False
MOVISTAR ESTUDIANTES,7,28.208699999999993,84.4462,True,13,CESUR DISTRITO OLIMPICO,False
MOVISTAR ESTUDIANTES,8,29.2666,13.4862,False,13,CESUR DISTRITO OLIMPICO,False
MOVISTAR ESTUDIANTES,2,10.0141,62.2633,True,13,CESUR DISTRITO OLIMPICO,False
MOVISTAR ESTUDIANTES,7,27.1509,13.4862,True,13,CESUR DISTRITO OLIMPICO,False
MOVISTAR ESTUDIANTES,8,15.6559,61.8852,False,13,CESUR DISTRITO OLIMPICO,False
MOVISTAR ESTUDIANTES,6,26.163600000000002,14.4945,True,13,CESUR DISTRITO OLIMPICO,False
MOVISTAR ESTUDIANTES,7,29.6897,80.0348,False,13,CESUR DISTRITO OLIMPICO,False
MOVISTAR ESTUDIANTES,9,13.399100000000004,56.7176,True,13,CESUR DISTRITO OLIMPICO,False
MOVISTAR ESTUDIANTES,2,32.4401,23.5693,True,13,CESUR DISTRITO OLIMPICO,False
MOVISTAR ESTUDIANTES,6,14.3865,56.2134,True,13,CESUR DISTRITO OLIMPICO,False
MOVISTAR ESTUDIANTES,19,11.495099999999994,57.8519,True,13,CESUR DISTRITO OLIMPICO,False
MOVISTAR ESTUDIANTES,6,15.7264,51.0458,True,13,CESUR DISTRITO OLIMPICO,False
MOVISTAR ESTUDIANTES,19,17.1368,68.5653,False,13,CESUR DISTRITO OLIMPICO,False
MOVISTAR ESTUDIANTES,25,30.888599999999997,80.4129,False,13,CESUR DISTRITO OLIMPICO,False
MOVISTAR ESTUDIANTES,2,31.5233,72.9766,True,13,CESUR DISTRITO OLIMPICO,False
MOVISTAR ESTUDIANTES,9,9.943600000000004,56.2134,True,13,CESUR DISTRITO OLIMPICO,False
MOVISTAR ESTUDIANTES,6,31.3822,9.70501,False,13,CESUR DISTRITO OLIMPICO,False
MOVISTAR ESTUDIANTES,25,27.3625,84.1941,True,13,CESUR DISTRITO OLIMPICO,False
MOVISTAR ESTUDIANTES,12,28.279300000000006,18.6538,True,13,CESUR DISTRITO OLIMPICO,False
MOVISTAR ESTUDIANTES,2,13.8223,51.9281,True,13,CESUR DISTRITO OLIMPICO,False
MOVISTAR ESTUDIANTES,11,24.6827,90.8742,False,13,CESUR DISTRITO OLIMPICO,False
MOVISTAR ESTUDIANTES,7,28.5614,14.1164,True,13,CESUR DISTRITO OLIMPICO,False
MOVISTAR ESTUDIANTES,22,17.4189,49.7854,False,13,CESUR DISTRITO OLIMPICO,False
MOVISTAR ESTUDIANTES,2,31.4528,77.514,False,13,CESUR DISTRITO OLIMPICO,False
MOVISTAR ESTUDIANTES,12,31.311700000000002,81.2952,True,13,CESUR DISTRITO OLIMPICO,False
MOVISTAR ESTUDIANTES,6,32.29900000000001,68.1871,False,13,CESUR DISTRITO OLIMPICO,False
MOVISTAR ESTUDIANTES,19,14.3159,19.41,True,13,CESUR DISTRITO OLIMPICO,False
MOVISTAR ESTUDIANTES,8,14.3159,78.3963,False,13,CESUR DISTRITO OLIMPICO,False
MOVISTAR ESTUDIANTES,10,29.830699999999993,80.1609,False,13,CESUR DISTRITO OLIMPICO,False
MOVISTAR ESTUDIANTES,2,32.0874,66.9267,False,13,CESUR DISTRITO OLIMPICO,False
MOVISTAR ESTUDIANTES,6,12.976,74.7412,False,13,CESUR DISTRITO OLIMPICO,False
MOVISTAR ESTUDIANTES,12,10.366699999999994,57.0957,True,13,CESUR DISTRITO OLIMPICO,False
MOVISTAR ESTUDIANTES,10,32.0169,77.8921,True,13,CESUR DISTRITO OLIMPICO,False
BALONCESTO ALCALA,91,7.5458,53.4406,True,13,TOBARRA CB,True
BALONCESTO ALCALA,3,27.292,85.0764,False,13,TOBARRA CB,True
BALONCESTO ALCALA,13,9.238399999999999,42.0971,False,13,TOBARRA CB,True
BALONCESTO ALCALA,12,13.9633,50.2896,False,13,TOBARRA CB,True
BALONCESTO ALCALA,29,11.495099999999994,40.9627,False,13,TOBARRA CB,True
BALONCESTO ALCALA,91,9.94358,55.7093,True,13,TOBARRA CB,True
BALONCESTO ALCALA,4,29.830699999999993,83.4379,False,13,TOBARRA CB,True
BALONCESTO ALCALA,12,8.11,45.248,True,13,TOBARRA CB,True
BALONCESTO ALCALA,91,8.3921,62.2633,False,13,TOBARRA CB,True
BALONCESTO ALCALA,8,20.0282,65.2882,False,13,TOBARRA CB,True
BALONCESTO ALCALA,12,10.5783,42.4752,True,13,TOBARRA CB,True
BALONCESTO ALCALA,8,15.0917,63.1456,False,13,TOBARRA CB,True
BALONCESTO ALCALA,8,19.464,64.406,False,13,TOBARRA CB,True
BALONCESTO ALCALA,29,5.6417,56.3395,True,13,TOBARRA CB,True
BALONCESTO ALCALA,12,12.4118,93.521,False,13,TOBARRA CB,True
BALONCESTO ALCALA,13,10.2962,4.53741,False,13,TOBARRA CB,True
BALONCESTO ALCALA,29,30.747500000000002,15.6288,False,13,TOBARRA CB,True
BALONCESTO ALCALA,4,12.2708,39.5763,False,13,TOBARRA CB,True
BALONCESTO ALCALA,29,10.6488,43.6095,True,13,TOBARRA CB,True
BALONCESTO ALCALA,3,9.661500000000004,43.1054,False,13,TOBARRA CB,True
BALONCESTO ALCALA,4,27.9267,20.0402,False,13,TOBARRA CB,True
BALONCESTO ALCALA,13,12.4824,42.2231,False,13,TOBARRA CB,True
BALONCESTO ALCALA,12,25.035300000000007,91.2523,True,13,TOBARRA CB,True
BALONCESTO ALCALA,8,6.699600000000004,20.6704,True,13,TOBARRA CB,True
BALONCESTO ALCALA,0,29.9718,20.6704,False,13,TOBARRA CB,True
BALONCESTO ALCALA,4,33.3568,35.1649,False,13,TOBARRA CB,True
BALONCESTO ALCALA,29,31.8054,74.3631,True,13,TOBARRA CB,True
BALONCESTO ALCALA,4,25.5994,90.37,True,13,TOBARRA CB,True
BALONCESTO ALCALA,29,7.33427,57.7259,True,13,TOBARRA CB,True
BALONCESTO ALCALA,91,10.0846,42.3491,False,13,TOBARRA CB,True
BALONCESTO ALCALA,12,9.30889,58.7342,True,13,TOBARRA CB,True
BALONCESTO ALCALA,5,25.3173,10.4612,False,13,TOBARRA CB,True
BALONCESTO ALCALA,29,17.700999999999993,51.8021,False,13,TOBARRA CB,True
BALONCESTO ALCALA,13,6.135400000000004,60.1206,True,13,TOBARRA CB,True
BALONCESTO ALCALA,12,9.026799999999994,60.2467,False,13,TOBARRA CB,True
BALONCESTO ALCALA,4,11.1425,40.5846,False,13,TOBARRA CB,True
BALONCESTO ALCALA,5,35.1199,64.406,False,13,TOBARRA CB,True
BALONCESTO ALCALA,12,11.1425,95.0335,True,13,TOBARRA CB,True
BALONCESTO ALCALA,29,13.822299999999998,49.4073,False,13,TOBARRA CB,True
BALONCESTO ALCALA,8,15.3032,46.1303,False,13,TOBARRA CB,True
BALONCESTO ALCALA,8,6.840599999999995,62.7675,True,13,TOBARRA CB,True
BALONCESTO ALCALA,8,15.162199999999999,49.9115,False,13,TOBARRA CB,True
BALONCESTO ALCALA,29,29.6192,84.5722,False,13,TOBARRA CB,True
BALONCESTO ALCALA,13,7.2637,59.8686,True,13,TOBARRA CB,True
BALONCESTO ALCALA,4,31.3117,20.1663,False,13,TOBARRA CB,True
BALONCESTO ALCALA,4,35.331500000000005,62.7675,False,13,TOBARRA CB,True
BALONCESTO ALCALA,29,8.744699999999995,49.1552,True,13,TOBARRA CB,True
BALONCESTO ALCALA,91,9.94358,51.55,False,13,TOBARRA CB,True
BALONCESTO ALCALA,29,11.7066,53.6926,True,13,TOBARRA CB,True
BALONCESTO ALCALA,13,11.9887,37.9378,False,13,TOBARRA CB,True
BALONCESTO ALCALA,8,10.296199999999999,50.1636,True,13,TOBARRA CB,True
BALONCESTO ALCALA,12,6.2059,55.3312,True,13,TOBARRA CB,True
BALONCESTO ALCALA,91,8.180499999999995,61.129,False,13,TOBARRA CB,True
BALONCESTO ALCALA,29,10.225700000000003,59.7425,True,13,TOBARRA CB,True
BALONCESTO ALCALA,8,10.084599999999995,51.9281,True,13,TOBARRA CB,True
BALONCESTO ALCALA,12,22.355400000000003,92.5127,False,13,TOBARRA CB,True
BALONCESTO ALCALA,29,28.420299999999997,86.7149,False,13,TOBARRA CB,True
BALONCESTO ALCALA,29,9.09732,56.2134,True,13,TOBARRA CB,True
BALONCESTO ALCALA,13,9.37941,55.8353,False,13,TOBARRA CB,True
BALONCESTO ALCALA,5,26.3752,85.9586,True,13,TOBARRA CB,True
BALONCESTO ALCALA,29,7.757400000000004,54.5749,False,13,TOBARRA CB,True
TOBARRA CB,31,10.5783,57.4738,True,13,BALONCESTO ALCALA,False
TOBARRA CB,0,11.001400000000004,61.8852,False,13,BALONCESTO ALCALA,False
TOBARRA CB,28,33.0042,71.4642,False,13,BALONCESTO ALCALA,False
TOBARRA CB,3,9.52045,46.3824,False,13,BALONCESTO ALCALA,False
TOBARRA CB,21,24.259500000000003,89.7398,False,13,BALONCESTO ALCALA,False
TOBARRA CB,34,8.3921,57.4738,False,13,BALONCESTO ALCALA,False
TOBARRA CB,21,7.616399999999999,46.5084,True,13,BALONCESTO ALCALA,False
TOBARRA CB,31,11.4951,52.3062,False,13,BALONCESTO ALCALA,False
TOBARRA CB,31,17.7715,47.8948,False,13,BALONCESTO ALCALA,False
TOBARRA CB,7,13.328599999999994,57.978,False,13,BALONCESTO ALCALA,False
TOBARRA CB,0,32.3695,27.4765,False,13,BALONCESTO ALCALA,False
TOBARRA CB,28,28.208699999999993,18.7798,True,13,BALONCESTO ALCALA,False
TOBARRA CB,3,22.637500000000003,92.5127,False,13,BALONCESTO ALCALA,False
TOBARRA CB,7,8.180499999999995,59.4904,False,13,BALONCESTO ALCALA,False
TOBARRA CB,0,27.644599999999997,19.6621,False,13,BALONCESTO ALCALA,False
TOBARRA CB,3,14.598,55.8353,False,13,BALONCESTO ALCALA,False
TOBARRA CB,3,7.475300000000004,43.8616,True,13,BALONCESTO ALCALA,False
TOBARRA CB,34,7.616399999999999,44.9959,True,13,BALONCESTO ALCALA,False
TOBARRA CB,7,8.3921,43.2314,True,13,BALONCESTO ALCALA,False
TOBARRA CB,0,9.732,63.7758,False,13,BALONCESTO ALCALA,False
TOBARRA CB,6,8.03949,53.5666,True,13,BALONCESTO ALCALA,False
TOBARRA CB,31,8.81523,54.1968,True,13,BALONCESTO ALCALA,False
TOBARRA CB,7,25.952,87.3451,False,13,BALONCESTO ALCALA,False
TOBARRA CB,31,16.5021,52.9364,False,13,BALONCESTO ALCALA,False
TOBARRA CB,3,18.970399999999998,52.8104,False,13,BALONCESTO ALCALA,False
TOBARRA CB,0,34.97880000000001,71.5902,False,13,BALONCESTO ALCALA,False
TOBARRA CB,6,30.0423,82.8077,False,13,BALONCESTO ALCALA,False
TOBARRA CB,7,7.757400000000004,21.8048,True,13,BALONCESTO ALCALA,False
TOBARRA CB,3,34.2736,47.3907,False,13,BALONCESTO ALCALA,False
TOBARRA CB,31,8.251099999999994,57.2217,True,13,BALONCESTO ALCALA,False
TOBARRA CB,21,27.715100000000007,82.5556,False,13,BALONCESTO ALCALA,False
TOBARRA CB,31,10.3667,44.3658,True,13,BALONCESTO ALCALA,False
TOBARRA CB,31,7.757400000000004,57.978,True,13,BALONCESTO ALCALA,False
TOBARRA CB,21,12.270799999999994,44.1137,False,13,BALONCESTO ALCALA,False
TOBARRA CB,28,9.6615,41.0887,True,13,BALONCESTO ALCALA,False
TOBARRA CB,31,12.905500000000004,57.4738,False,13,BALONCESTO ALCALA,False
TOBARRA CB,28,11.706599999999995,46.6345,True,13,BALONCESTO ALCALA,False
TOBARRA CB,0,10.3667,44.3658,False,13,BALONCESTO ALCALA,False
TOBARRA CB,31,7.052199999999999,59.4904,True,13,BALONCESTO ALCALA,False
TOBARRA CB,0,15.7264,40.4585,False,13,BALONCESTO ALCALA,False
TOBARRA CB,0,9.943600000000004,51.676,True,13,BALONCESTO ALCALA,False
TOBARRA CB,26,10.0141,55.3312,True,13,BALONCESTO ALCALA,False
TOBARRA CB,3,7.757400000000004,44.6178,True,13,BALONCESTO ALCALA,False
TOBARRA CB,3,15.444299999999998,35.1649,False,13,BALONCESTO ALCALA,False
TOBARRA CB,0,30.6065,30.1233,True,13,BALONCESTO ALCALA,False
TOBARRA CB,3,11.9182,40.9627,True,13,BALONCESTO ALCALA,False
TOBARRA CB,3,26.868799999999993,14.9987,True,13,BALONCESTO ALCALA,False
TOBARRA CB,3,36.8829,48.1469,False,13,BALONCESTO ALCALA,False
TOBARRA CB,31,7.898399999999995,62.8935,False,13,BALONCESTO ALCALA,False
GRUPO INTERBUS ALCOBENDAS,33,23.695300000000003,86.2107,False,13,TOSCONES CORRALEJO,True
GRUPO INTERBUS ALCOBENDAS,24,9.590999999999994,46.3824,True,13,TOSCONES CORRALEJO,True
GRUPO INTERBUS ALCOBENDAS,5,7.12271,61.255,True,13,TOSCONES CORRALEJO,True
GRUPO INTERBUS ALCOBENDAS,17,33.35680000000001,31.7618,False,13,TOSCONES CORRALEJO,True
GRUPO INTERBUS ALCOBENDAS,24,9.09732,55.8353,False,13,TOSCONES CORRALEJO,True
GRUPO INTERBUS ALCOBENDAS,77,11.0014,95.0335,False,13,TOSCONES CORRALEJO,True
GRUPO INTERBUS ALCOBENDAS,13,21.861800000000002,91.3783,True,13,TOSCONES CORRALEJO,True
GRUPO INTERBUS ALCOBENDAS,13,33.78,45.7522,False,13,TOSCONES CORRALEJO,True
GRUPO INTERBUS ALCOBENDAS,24,9.026799999999994,6.80611,False,13,TOSCONES CORRALEJO,True
GRUPO INTERBUS ALCOBENDAS,11,30.677000000000007,31.0056,False,13,TOSCONES CORRALEJO,True
GRUPO INTERBUS ALCOBENDAS,13,11.212999999999994,38.82,False,13,TOSCONES CORRALEJO,True
GRUPO INTERBUS ALCOBENDAS,13,25.176299999999998,58.8602,True,13,TOSCONES CORRALEJO,True
GRUPO INTERBUS ALCOBENDAS,13,34.696799999999996,46.6345,False,13,TOSCONES CORRALEJO,True
GRUPO INTERBUS ALCOBENDAS,24,8.25106,61.5071,True,13,TOSCONES CORRALEJO,True
GRUPO INTERBUS ALCOBENDAS,24,8.674199999999999,40.3325,True,13,TOSCONES CORRALEJO,True
GRUPO INTERBUS ALCOBENDAS,5,30.3949,25.712,True,13,TOSCONES CORRALEJO,True
GRUPO INTERBUS ALCOBENDAS,13,9.23836,57.5999,False,13,TOSCONES CORRALEJO,True
GRUPO INTERBUS ALCOBENDAS,33,10.2257,94.1512,False,13,TOSCONES CORRALEJO,True
GRUPO INTERBUS ALCOBENDAS,33,30.0423,25.0818,False,13,TOSCONES CORRALEJO,True
GRUPO INTERBUS ALCOBENDAS,24,11.918199999999999,52.9364,True,13,TOSCONES CORRALEJO,True
GRUPO INTERBUS ALCOBENDAS,13,8.039500000000004,60.4988,True,13,TOSCONES CORRALEJO,True
GRUPO INTERBUS ALCOBENDAS,33,4.866,93.0168,False,13,TOSCONES CORRALEJO,True
GRUPO INTERBUS ALCOBENDAS,41,12.834999999999994,23.6953,False,13,TOSCONES CORRALEJO,True
GRUPO INTERBUS ALCOBENDAS,41,6.55853,48.6511,True,13,TOSCONES CORRALEJO,True
GRUPO INTERBUS ALCOBENDAS,13,27.503500000000003,22.1829,False,13,TOSCONES CORRALEJO,True
GRUPO INTERBUS ALCOBENDAS,13,7.1932000000000045,59.4904,True,13,TOSCONES CORRALEJO,True
GRUPO INTERBUS ALCOBENDAS,24,8.81523,55.2051,True,13,TOSCONES CORRALEJO,True
GRUPO INTERBUS ALCOBENDAS,16,13.6107,27.8546,False,13,TOSCONES CORRALEJO,True
GRUPO INTERBUS ALCOBENDAS,33,31.2412,68.9434,False,13,TOSCONES CORRALEJO,True
GRUPO INTERBUS ALCOBENDAS,16,9.238399999999999,59.7425,False,13,TOSCONES CORRALEJO,True
GRUPO INTERBUS ALCOBENDAS,13,33.8505,54.701,True,13,TOSCONES CORRALEJO,True
GRUPO INTERBUS ALCOBENDAS,41,7.68688,57.8519,True,13,TOSCONES CORRALEJO,True
GRUPO INTERBUS ALCOBENDAS,11,8.674199999999999,5.54572,True,13,TOSCONES CORRALEJO,True
GRUPO INTERBUS ALCOBENDAS,24,9.87306,52.9364,True,13,TOSCONES CORRALEJO,True
GRUPO INTERBUS ALCOBENDAS,41,11.354,37.4336,False,13,TOSCONES CORRALEJO,True
GRUPO INTERBUS ALCOBENDAS,13,27.574,84.1941,False,13,TOSCONES CORRALEJO,True
GRUPO INTERBUS ALCOBENDAS,5,36.8124,46.6345,False,13,TOSCONES CORRALEJO,True
GRUPO INTERBUS ALCOBENDAS,13,7.968999999999994,44.4918,True,13,TOSCONES CORRALEJO,True
GRUPO INTERBUS ALCOBENDAS,77,8.039500000000004,4.53741,False,13,TOSCONES CORRALEJO,True
GRUPO INTERBUS ALCOBENDAS,5,9.59097,56.2134,False,13,TOSCONES CORRALEJO,True
GRUPO INTERBUS ALCOBENDAS,33,27.8561,81.1692,True,13,TOSCONES CORRALEJO,True
GRUPO INTERBUS ALCOBENDAS,5,9.44993,93.2689,False,13,TOSCONES CORRALEJO,True
GRUPO INTERBUS ALCOBENDAS,33,6.840599999999995,55.5832,True,13,TOSCONES CORRALEJO,True
GRUPO INTERBUS ALCOBENDAS,13,31.311700000000002,77.6401,True,13,TOSCONES CORRALEJO,True
GRUPO INTERBUS ALCOBENDAS,16,10.0141,43.9876,True,13,TOSCONES CORRALEJO,True
GRUPO INTERBUS ALCOBENDAS,33,7.54584,58.104,True,13,TOSCONES CORRALEJO,True
GRUPO INTERBUS ALCOBENDAS,41,7.19323,59.9946,False,13,TOSCONES CORRALEJO,True
GRUPO INTERBUS ALCOBENDAS,41,10.3667,55.2051,True,13,TOSCONES CORRALEJO,True
GRUPO INTERBUS ALCOBENDAS,5,30.677,17.0153,False,13,TOSCONES CORRALEJO,True
GRUPO INTERBUS ALCOBENDAS,24,5.71227,57.7259,False,13,TOSCONES CORRALEJO,True
GRUPO INTERBUS ALCOBENDAS,24,9.590999999999994,43.3574,False,13,TOSCONES CORRALEJO,True
GRUPO INTERBUS ALCOBENDAS,13,10.225700000000003,48.7771,True,13,TOSCONES CORRALEJO,True
GRUPO INTERBUS ALCOBENDAS,24,7.19323,47.2647,True,13,TOSCONES CORRALEJO,True
GRUPO INTERBUS ALCOBENDAS,33,19.323,93.7731,False,13,TOSCONES CORRALEJO,True
GRUPO INTERBUS ALCOBENDAS,17,30.394900000000007,72.7245,False,13,TOSCONES CORRALEJO,True
GRUPO INTERBUS ALCOBENDAS,13,22.990099999999998,42.9793,False,13,TOSCONES CORRALEJO,True
GRUPO INTERBUS ALCOBENDAS,17,9.30889,59.1123,True,13,TOSCONES CORRALEJO,True
GRUPO INTERBUS ALCOBENDAS,5,28.279300000000006,15.3768,False,13,TOSCONES CORRALEJO,True
GRUPO INTERBUS ALCOBENDAS,17,12.552899999999994,7.31027,True,13,TOSCONES CORRALEJO,True
GRUPO INTERBUS ALCOBENDAS,41,8.3921,60.7508,False,13,TOSCONES CORRALEJO,True
GRUPO INTERBUS ALCOBENDAS,13,9.0268,57.0957,True,13,TOSCONES CORRALEJO,True
GRUPO INTERBUS ALCOBENDAS,5,27.3625,16.007,False,13,TOSCONES CORRALEJO,True
TOSCONES CORRALEJO,11,11.1425,56.4655,False,13,GRUPO INTERBUS ALCOBENDAS,False
TOSCONES CORRALEJO,6,6.7701,94.6553,False,13,GRUPO INTERBUS ALCOBENDAS,False
TOSCONES CORRALEJO,17,16.572599999999994,57.7259,False,13,GRUPO INTERBUS ALCOBENDAS,False
TOSCONES CORRALEJO,10,33.0748,62.5154,False,13,GRUPO INTERBUS ALCOBENDAS,False
TOSCONES CORRALEJO,7,20.874499999999998,27.9807,False,13,GRUPO INTERBUS ALCOBENDAS,False
TOSCONES CORRALEJO,17,23.9774,33.1483,False,13,GRUPO INTERBUS ALCOBENDAS,False
TOSCONES CORRALEJO,30,8.815200000000004,55.0791,False,13,GRUPO INTERBUS ALCOBENDAS,False
TOSCONES CORRALEJO,17,34.2736,32.14,False,13,GRUPO INTERBUS ALCOBENDAS,False
TOSCONES CORRALEJO,8,8.674199999999999,43.2314,True,13,GRUPO INTERBUS ALCOBENDAS,False
TOSCONES CORRALEJO,17,30.8181,44.9959,True,13,GRUPO INTERBUS ALCOBENDAS,False
TOSCONES CORRALEJO,8,32.863200000000006,37.8117,True,13,GRUPO INTERBUS ALCOBENDAS,False
TOSCONES CORRALEJO,9,21.3681,70.4558,False,13,GRUPO INTERBUS ALCOBENDAS,False
TOSCONES CORRALEJO,8,32.8632,50.9198,False,13,GRUPO INTERBUS ALCOBENDAS,False
TOSCONES CORRALEJO,10,9.943600000000004,50.2896,True,13,GRUPO INTERBUS ALCOBENDAS,False
TOSCONES CORRALEJO,9,25.2468,51.676,False,13,GRUPO INTERBUS ALCOBENDAS,False
TOSCONES CORRALEJO,9,13.2581,49.1552,False,13,GRUPO INTERBUS ALCOBENDAS,False
TOSCONES CORRALEJO,9,7.4047999999999945,95.1595,False,13,GRUPO INTERBUS ALCOBENDAS,False
TOSCONES CORRALEJO,7,7.475300000000004,61.129,True,13,GRUPO INTERBUS ALCOBENDAS,False
TOSCONES CORRALEJO,30,30.0423,75.8755,True,13,GRUPO INTERBUS ALCOBENDAS,False
TOSCONES CORRALEJO,10,5.1480999999999995,43.8616,False,13,GRUPO INTERBUS ALCOBENDAS,False
TOSCONES CORRALEJO,7,12.834999999999994,41.7189,False,13,GRUPO INTERBUS ALCOBENDAS,False
TOSCONES CORRALEJO,17,26.939300000000003,88.8575,True,13,GRUPO INTERBUS ALCOBENDAS,False
TOSCONES CORRALEJO,17,10.0846,56.0874,True,13,GRUPO INTERBUS ALCOBENDAS,False
TOSCONES CORRALEJO,8,7.616399999999999,55.9613,True,13,GRUPO INTERBUS ALCOBENDAS,False
TOSCONES CORRALEJO,17,8.321600000000004,49.4073,True,13,GRUPO INTERBUS ALCOBENDAS,False
TOSCONES CORRALEJO,17,8.3921,57.2217,False,13,GRUPO INTERBUS ALCOBENDAS,False
TOSCONES CORRALEJO,17,12.1298,45.7522,True,13,GRUPO INTERBUS ALCOBENDAS,False
TOSCONES CORRALEJO,10,29.407600000000002,21.5527,True,13,GRUPO INTERBUS ALCOBENDAS,False
TOSCONES CORRALEJO,9,16.7842,44.1137,False,13,GRUPO INTERBUS ALCOBENDAS,False
TOSCONES CORRALEJO,30,11.213,43.7356,True,13,GRUPO INTERBUS ALCOBENDAS,False
TOSCONES CORRALEJO,7,8.95628,58.3561,True,13,GRUPO INTERBUS ALCOBENDAS,False
TOSCONES CORRALEJO,17,11.0014,38.82,False,13,GRUPO INTERBUS ALCOBENDAS,False
TOSCONES CORRALEJO,8,16.572599999999994,57.7259,False,13,GRUPO INTERBUS ALCOBENDAS,False
TOSCONES CORRALEJO,7,11.0719,51.676,True,13,GRUPO INTERBUS ALCOBENDAS,False
TOSCONES CORRALEJO,15,29.901300000000006,79.7827,False,13,GRUPO INTERBUS ALCOBENDAS,False
TOSCONES CORRALEJO,30,12.905500000000004,74.8672,False,13,GRUPO INTERBUS ALCOBENDAS,False
TOSCONES CORRALEJO,7,24.6121,28.4848,True,13,GRUPO INTERBUS ALCOBENDAS,False
TOSCONES CORRALEJO,17,9.0268,45.6261,True,13,GRUPO INTERBUS ALCOBENDAS,False
TOSCONES CORRALEJO,9,25.67,14.3685,False,13,GRUPO INTERBUS ALCOBENDAS,False
TOSCONES CORRALEJO,10,25.528899999999993,10.2092,False,13,GRUPO INTERBUS ALCOBENDAS,False
TOSCONES CORRALEJO,7,28.4203,19.1579,False,13,GRUPO INTERBUS ALCOBENDAS,False
TOSCONES CORRALEJO,15,10.3667,45.6261,True,13,GRUPO INTERBUS ALCOBENDAS,False
TOSCONES CORRALEJO,17,11.354,39.9544,True,13,GRUPO INTERBUS ALCOBENDAS,False
TOSCONES CORRALEJO,8,10.8604,52.1802,True,13,GRUPO INTERBUS ALCOBENDAS,False
TOSCONES CORRALEJO,8,9.80254,4.78948,False,13,GRUPO INTERBUS ALCOBENDAS,False
TOSCONES CORRALEJO,8,9.0268,4.28533,True,13,GRUPO INTERBUS ALCOBENDAS,False
TOSCONES CORRALEJO,10,30.8886,26.2161,False,13,GRUPO INTERBUS ALCOBENDAS,False
TOSCONES CORRALEJO,11,28.0677,84.9503,True,13,GRUPO INTERBUS ALCOBENDAS,False
TOSCONES CORRALEJO,17,10.6488,39.5763,True,13,GRUPO INTERBUS ALCOBENDAS,False
TOSCONES CORRALEJO,7,24.541600000000003,29.6192,False,13,GRUPO INTERBUS ALCOBENDAS,False
TOSCONES CORRALEJO,10,26.657300000000006,13.1081,False,13,GRUPO INTERBUS ALCOBENDAS,False
TOSCONES CORRALEJO,17,10.0846,58.2301,True,13,GRUPO INTERBUS ALCOBENDAS,False
TOSCONES CORRALEJO,8,9.238399999999999,57.3478,False,13,GRUPO INTERBUS ALCOBENDAS,False
TOSCONES CORRALEJO,17,23.2017,48.525,False,13,GRUPO INTERBUS ALCOBENDAS,False
TOSCONES CORRALEJO,30,13.3286,37.3076,False,13,GRUPO INTERBUS ALCOBENDAS,False
TOSCONES CORRALEJO,9,8.251099999999994,58.6082,True,13,GRUPO INTERBUS ALCOBENDAS,False
TOSCONES CORRALEJO,10,10.5783,95.1595,True,13,GRUPO INTERBUS ALCOBENDAS,False
TOSCONES CORRALEJO,11,10.4372,52.1802,False,13,GRUPO INTERBUS ALCOBENDAS,False
TOSCONES CORRALEJO,6,27.997200000000007,15.1247,False,13,GRUPO INTERBUS ALCOBENDAS,False
TOSCONES CORRALEJO,6,10.0141,54.827,True,13,GRUPO INTERBUS ALCOBENDAS,False
TOSCONES CORRALEJO,8,8.674199999999999,46.7605,True,13,GRUPO INTERBUS ALCOBENDAS,False
TOSCONES CORRALEJO,17,11.636099999999999,58.6082,True,13,GRUPO INTERBUS ALCOBENDAS,False
TOSCONES CORRALEJO,8,12.552899999999994,91.8825,False,13,GRUPO INTERBUS ALCOBENDAS,False
TOSCONES CORRALEJO,6,7.334299999999999,91.2523,False,13,GRUPO INTERBUS ALCOBENDAS,False
TOSCONES CORRALEJO,8,32.2285,23.5693,False,13,GRUPO INTERBUS ALCOBENDAS,False
TOSCONES CORRALEJO,17,5.6417,54.701,False,13,GRUPO INTERBUS ALCOBENDAS,False
TOSCONES CORRALEJO,9,11.988699999999994,57.978,False,13,GRUPO INTERBUS ALCOBENDAS,False
TOSCONES CORRALEJO,6,27.433000000000007,78.6484,False,13,GRUPO INTERBUS ALCOBENDAS,False
NÁUTICO TENERIFE,13,7.60224,65.9059,False,13,FUNDACION GLOBALCAJA LA RODA,True
NÁUTICO TENERIFE,23,8.5261,46.9243,True,13,FUNDACION GLOBALCAJA LA RODA,True
NÁUTICO TENERIFE,42,6.08602,50.945,True,13,FUNDACION GLOBALCAJA LA RODA,True
NÁUTICO TENERIFE,23,7.820899999999995,91.2145,True,13,FUNDACION GLOBALCAJA LA RODA,True
NÁUTICO TENERIFE,5,23.6601,50.088,True,13,FUNDACION GLOBALCAJA LA RODA,True
NÁUTICO TENERIFE,42,8.69533,52.5835,True,13,FUNDACION GLOBALCAJA LA RODA,True
NÁUTICO TENERIFE,5,16.8336,62.4271,False,13,FUNDACION GLOBALCAJA LA RODA,True
NÁUTICO TENERIFE,10,8.3357,53.6044,True,13,FUNDACION GLOBALCAJA LA RODA,True
NÁUTICO TENERIFE,13,11.5726,52.7096,False,13,FUNDACION GLOBALCAJA LA RODA,True
NÁUTICO TENERIFE,42,13.3286,50.6552,False,13,FUNDACION GLOBALCAJA LA RODA,True
NÁUTICO TENERIFE,7,33.1312,53.2767,False,13,FUNDACION GLOBALCAJA LA RODA,True
NÁUTICO TENERIFE,13,24.0621,28.9764,True,13,FUNDACION GLOBALCAJA LA RODA,True
NÁUTICO TENERIFE,5,7.475300000000004,52.0667,False,13,FUNDACION GLOBALCAJA LA RODA,True
NÁUTICO TENERIFE,7,30.5218,26.0396,True,13,FUNDACION GLOBALCAJA LA RODA,True
NÁUTICO TENERIFE,20,33.5473,32.4425,False,13,FUNDACION GLOBALCAJA LA RODA,True
NÁUTICO TENERIFE,42,9.91535,53.365,False,13,FUNDACION GLOBALCAJA LA RODA,True
NÁUTICO TENERIFE,13,33.0183,66.4982,True,13,FUNDACION GLOBALCAJA LA RODA,True
NÁUTICO TENERIFE,23,34.005700000000004,47.0881,True,13,FUNDACION GLOBALCAJA LA RODA,True
NÁUTICO TENERIFE,39,6.56556,47.2142,True,13,FUNDACION GLOBALCAJA LA RODA,True
NÁUTICO TENERIFE,39,11.600800000000007,54.9783,False,13,FUNDACION GLOBALCAJA LA RODA,True
NÁUTICO TENERIFE,5,9.689700000000002,50.882,True,13,FUNDACION GLOBALCAJA LA RODA,True
NÁUTICO TENERIFE,5,27.059299999999993,51.1593,True,13,FUNDACION GLOBALCAJA LA RODA,True
NÁUTICO TENERIFE,13,31.8829,79.7323,False,13,FUNDACION GLOBALCAJA LA RODA,True
NÁUTICO TENERIFE,42,12.905500000000004,52.8986,False,13,FUNDACION GLOBALCAJA LA RODA,True
NÁUTICO TENERIFE,42,9.400599999999997,53.9825,False,13,FUNDACION GLOBALCAJA LA RODA,True
NÁUTICO TENERIFE,23,34.32299999999999,33.5138,False,13,FUNDACION GLOBALCAJA LA RODA,True
NÁUTICO TENERIFE,12,6.46687,54.9026,True,13,FUNDACION GLOBALCAJA LA RODA,True
NÁUTICO TENERIFE,5,7.468299999999999,54.1086,True,13,FUNDACION GLOBALCAJA LA RODA,True
NÁUTICO TENERIFE,5,16.8759,21.2501,False,13,FUNDACION GLOBALCAJA LA RODA,True
NÁUTICO TENERIFE,42,8.180499999999995,41.2652,False,13,FUNDACION GLOBALCAJA LA RODA,True
NÁUTICO TENERIFE,5,29.4852,24.5651,False,13,FUNDACION GLOBALCAJA LA RODA,True
NÁUTICO TENERIFE,10,33.2369,21.3511,False,13,FUNDACION GLOBALCAJA LA RODA,True
NÁUTICO TENERIFE,23,12.0451,54.4614,False,13,FUNDACION GLOBALCAJA LA RODA,True
NÁUTICO TENERIFE,13,8.97742,60.6626,False,13,FUNDACION GLOBALCAJA LA RODA,True
NÁUTICO TENERIFE,42,9.548699999999997,53.075,True,13,FUNDACION GLOBALCAJA LA RODA,True
NÁUTICO TENERIFE,23,6.967500000000001,52.3818,True,13,FUNDACION GLOBALCAJA LA RODA,True
NÁUTICO TENERIFE,42,9.294799999999995,52.281,True,13,FUNDACION GLOBALCAJA LA RODA,True
NÁUTICO TENERIFE,18,20.239800000000002,7.07074,False,13,FUNDACION GLOBALCAJA LA RODA,True
NÁUTICO TENERIFE,5,15.493700000000004,76.2032,False,13,FUNDACION GLOBALCAJA LA RODA,True
NÁUTICO TENERIFE,5,9.576899999999995,6.8439,False,13,FUNDACION GLOBALCAJA LA RODA,True
NÁUTICO TENERIFE,5,9.62623,51.2474,False,13,FUNDACION GLOBALCAJA LA RODA,True
NÁUTICO TENERIFE,12,4.98591,47.4032,True,13,FUNDACION GLOBALCAJA LA RODA,True
NÁUTICO TENERIFE,13,10.7193,51.5247,False,13,FUNDACION GLOBALCAJA LA RODA,True
NÁUTICO TENERIFE,13,9.329999999999998,51.0584,False,13,FUNDACION GLOBALCAJA LA RODA,True
NÁUTICO TENERIFE,23,30.592399999999998,23.2037,False,13,FUNDACION GLOBALCAJA LA RODA,True
NÁUTICO TENERIFE,42,9.499300000000005,51.9029,True,13,FUNDACION GLOBALCAJA LA RODA,True
NÁUTICO TENERIFE,5,21.001400000000004,48.7519,True,13,FUNDACION GLOBALCAJA LA RODA,True
NÁUTICO TENERIFE,39,8.356800000000007,48.2982,False,13,FUNDACION GLOBALCAJA LA RODA,True
NÁUTICO TENERIFE,23,7.143900000000002,6.06243,False,13,FUNDACION GLOBALCAJA LA RODA,True
NÁUTICO TENERIFE,5,8.44851,25.8885,True,13,FUNDACION GLOBALCAJA LA RODA,True
NÁUTICO TENERIFE,20,21.995800000000003,90.0802,False,13,FUNDACION GLOBALCAJA LA RODA,True
NÁUTICO TENERIFE,5,10.4584,48.1974,True,13,FUNDACION GLOBALCAJA LA RODA,True
NÁUTICO TENERIFE,39,8.89278,40.219,False,13,FUNDACION GLOBALCAJA LA RODA,True
NÁUTICO TENERIFE,5,6.544399999999996,48.8024,True,13,FUNDACION GLOBALCAJA LA RODA,True
NÁUTICO TENERIFE,18,9.322999999999993,55.0538,False,13,FUNDACION GLOBALCAJA LA RODA,True
NÁUTICO TENERIFE,5,19.7179,31.5223,False,13,FUNDACION GLOBALCAJA LA RODA,True
NÁUTICO TENERIFE,23,12.7433,44.1515,False,13,FUNDACION GLOBALCAJA LA RODA,True
NÁUTICO TENERIFE,42,11.9182,43.1936,False,13,FUNDACION GLOBALCAJA LA RODA,True
NÁUTICO TENERIFE,42,7.616399999999999,40.7232,False,13,FUNDACION GLOBALCAJA LA RODA,True
NÁUTICO TENERIFE,42,3.63188,54.6127,True,13,FUNDACION GLOBALCAJA LA RODA,True
NÁUTICO TENERIFE,20,9.1537,52.2306,True,13,FUNDACION GLOBALCAJA LA RODA,True
NÁUTICO TENERIFE,18,7.5176,44.1011,False,13,FUNDACION GLOBALCAJA LA RODA,True
NÁUTICO TENERIFE,39,6.551500000000004,51.9786,True,13,FUNDACION GLOBALCAJA LA RODA,True
NÁUTICO TENERIFE,39,7.954899999999995,48.9409,True,13,FUNDACION GLOBALCAJA LA RODA,True
NÁUTICO TENERIFE,18,30.761700000000005,25.4724,True,13,FUNDACION GLOBALCAJA LA RODA,True
NÁUTICO TENERIFE,5,30.9238,33.854,False,13,FUNDACION GLOBALCAJA LA RODA,True
NÁUTICO TENERIFE,5,13.4133,63.8766,True,13,FUNDACION GLOBALCAJA LA RODA,True
NÁUTICO TENERIFE,13,33.3286,72.548,False,13,FUNDACION GLOBALCAJA LA RODA,True
NÁUTICO TENERIFE,5,9.8942,48.0334,True,13,FUNDACION GLOBALCAJA LA RODA,True
NÁUTICO TENERIFE,5,6.20592,48.6763,True,13,FUNDACION GLOBALCAJA LA RODA,True
NÁUTICO TENERIFE,5,9.661500000000004,50.5921,True,13,FUNDACION GLOBALCAJA LA RODA,True
NÁUTICO TENERIFE,42,3.9986,56.2387,True,13,FUNDACION GLOBALCAJA LA RODA,True
NÁUTICO TENERIFE,13,17.8703,55.9488,False,13,FUNDACION GLOBALCAJA LA RODA,True
NÁUTICO TENERIFE,13,36.354,58.6964,True,13,FUNDACION GLOBALCAJA LA RODA,True
FUNDACION GLOBALCAJA LA RODA,9,22.919600000000003,12.9568,False,13,NÁUTICO TENERIFE,False
FUNDACION GLOBALCAJA LA RODA,2,8.3357,46.5589,False,13,NÁUTICO TENERIFE,False
FUNDACION GLOBALCAJA LA RODA,4,5.58535,50.9576,True,13,NÁUTICO TENERIFE,False
FUNDACION GLOBALCAJA LA RODA,4,10.2116,50.1131,False,13,NÁUTICO TENERIFE,False
FUNDACION GLOBALCAJA LA RODA,9,34.1537,61.6583,False,13,NÁUTICO TENERIFE,False
FUNDACION GLOBALCAJA LA RODA,4,10.324399999999997,55.7848,True,13,NÁUTICO TENERIFE,False
FUNDACION GLOBALCAJA LA RODA,0,9.6615,49.8359,False,13,NÁUTICO TENERIFE,False
FUNDACION GLOBALCAJA LA RODA,0,9.64035,61.8726,False,13,NÁUTICO TENERIFE,False
FUNDACION GLOBALCAJA LA RODA,3,33.1805,81.3204,False,13,NÁUTICO TENERIFE,False
FUNDACION GLOBALCAJA LA RODA,3,13.1735,47.8066,False,13,NÁUTICO TENERIFE,False
FUNDACION GLOBALCAJA LA RODA,6,31.7842,79.997,False,13,NÁUTICO TENERIFE,False
FUNDACION GLOBALCAJA LA RODA,13,7.644599999999997,52.6465,True,13,NÁUTICO TENERIFE,False
FUNDACION GLOBALCAJA LA RODA,10,35.952,63.7002,False,13,NÁUTICO TENERIFE,False
FUNDACION GLOBALCAJA LA RODA,4,33.8928,24.9305,False,13,NÁUTICO TENERIFE,False
FUNDACION GLOBALCAJA LA RODA,4,7.67277,49.067,False,13,NÁUTICO TENERIFE,False
FUNDACION GLOBALCAJA LA RODA,9,29.8872,82.3791,True,13,NÁUTICO TENERIFE,False
FUNDACION GLOBALCAJA LA RODA,25,6.39635,53.075,True,13,NÁUTICO TENERIFE,False
FUNDACION GLOBALCAJA LA RODA,3,19.160799999999995,7.04563,True,13,NÁUTICO TENERIFE,False
FUNDACION GLOBALCAJA LA RODA,4,5.423199999999994,52.9742,False,13,NÁUTICO TENERIFE,False
FUNDACION GLOBALCAJA LA RODA,9,14.5486,44.9582,True,13,NÁUTICO TENERIFE,False
FUNDACION GLOBALCAJA LA RODA,10,6.763099999999994,52.7221,True,13,NÁUTICO TENERIFE,False
FUNDACION GLOBALCAJA LA RODA,20,6.75598,45.9287,True,13,NÁUTICO TENERIFE,False
FUNDACION GLOBALCAJA LA RODA,9,7.701,46.3446,False,13,NÁUTICO TENERIFE,False
FUNDACION GLOBALCAJA LA RODA,20,30.324399999999997,21.3889,False,13,NÁUTICO TENERIFE,False
FUNDACION GLOBALCAJA LA RODA,25,7.67277,53.7431,True,13,NÁUTICO TENERIFE,False
FUNDACION GLOBALCAJA LA RODA,20,6.946399999999997,46.7857,False,13,NÁUTICO TENERIFE,False
FUNDACION GLOBALCAJA LA RODA,4,10.310299999999998,45.6009,False,13,NÁUTICO TENERIFE,False
FUNDACION GLOBALCAJA LA RODA,4,8.58955,50.3274,True,13,NÁUTICO TENERIFE,False
FUNDACION GLOBALCAJA LA RODA,2,28.702399999999997,23.7331,True,13,NÁUTICO TENERIFE,False
FUNDACION GLOBALCAJA LA RODA,10,12.990099999999998,95.4368,False,13,NÁUTICO TENERIFE,False
FUNDACION GLOBALCAJA LA RODA,6,9.936599999999999,97.0123,False,13,NÁUTICO TENERIFE,False
FUNDACION GLOBALCAJA LA RODA,10,11.128299999999996,41.9962,True,13,NÁUTICO TENERIFE,False
FUNDACION GLOBALCAJA LA RODA,4,8.3921,51.3987,True,13,NÁUTICO TENERIFE,False
FUNDACION GLOBALCAJA LA RODA,25,7.99011,44.328,True,13,NÁUTICO TENERIFE,False
FUNDACION GLOBALCAJA LA RODA,9,8.8082,49.2687,True,13,NÁUTICO TENERIFE,False
FUNDACION GLOBALCAJA LA RODA,10,7.143900000000002,52.7348,True,13,NÁUTICO TENERIFE,False
FUNDACION GLOBALCAJA LA RODA,10,9.936599999999999,97.0123,True,13,NÁUTICO TENERIFE,False
FUNDACION GLOBALCAJA LA RODA,3,36.0508,53.6674,False,13,NÁUTICO TENERIFE,False
FUNDACION GLOBALCAJA LA RODA,25,8.519000000000005,50.3274,True,13,NÁUTICO TENERIFE,False
FUNDACION GLOBALCAJA LA RODA,4,8.48377,50.3652,False,13,NÁUTICO TENERIFE,False
FUNDACION GLOBALCAJA LA RODA,9,12.045100000000005,49.2938,False,13,NÁUTICO TENERIFE,False
FUNDACION GLOBALCAJA LA RODA,9,25.155199999999994,92.9664,True,13,NÁUTICO TENERIFE,False
FUNDACION GLOBALCAJA LA RODA,0,12.2567,55.0665,False,13,NÁUTICO TENERIFE,False
FUNDACION GLOBALCAJA LA RODA,4,8.71647,0.831809,False,13,NÁUTICO TENERIFE,False
FUNDACION GLOBALCAJA LA RODA,2,25.719300000000004,85.9964,True,13,NÁUTICO TENERIFE,False
FUNDACION GLOBALCAJA LA RODA,3,7.581100000000006,5.47014,False,13,NÁUTICO TENERIFE,False
FUNDACION GLOBALCAJA LA RODA,0,31.3681,18.1118,False,13,NÁUTICO TENERIFE,False
FUNDACION GLOBALCAJA LA RODA,9,6.4739,52.8986,True,13,NÁUTICO TENERIFE,False
FUNDACION GLOBALCAJA LA RODA,3,8.29334,97.6047,False,13,NÁUTICO TENERIFE,False
FUNDACION GLOBALCAJA LA RODA,10,10.6558,46.1429,False,13,NÁUTICO TENERIFE,False
FUNDACION GLOBALCAJA LA RODA,9,9.40055,96.9745,True,13,NÁUTICO TENERIFE,False
FUNDACION GLOBALCAJA LA RODA,4,27.4824,91.0885,True,13,NÁUTICO TENERIFE,False
FUNDACION GLOBALCAJA LA RODA,3,8.26518,49.6089,True,13,NÁUTICO TENERIFE,False
FUNDACION GLOBALCAJA LA RODA,25,8.349800000000002,63.1203,False,13,NÁUTICO TENERIFE,False
FUNDACION GLOBALCAJA LA RODA,4,5.4583999999999975,52.1424,True,13,NÁUTICO TENERIFE,False
FUNDACION GLOBALCAJA LA RODA,25,7.440100000000001,57.4864,True,13,NÁUTICO TENERIFE,False
FUNDACION GLOBALCAJA LA RODA,4,7.62339,51.4492,True,13,NÁUTICO TENERIFE,False
FUNDACION GLOBALCAJA LA RODA,25,5.839200000000005,51.3484,True,13,NÁUTICO TENERIFE,False
FUNDACION GLOBALCAJA LA RODA,2,28.5684,16.6624,False,13,NÁUTICO TENERIFE,False
FUNDACION GLOBALCAJA LA RODA,9,31.2553,78.2577,False,13,NÁUTICO TENERIFE,False
FUNDACION GLOBALCAJA LA RODA,9,7.17209,94.1764,True,13,NÁUTICO TENERIFE,False
FUNDACION GLOBALCAJA LA RODA,2,30.7687,79.4929,True,13,NÁUTICO TENERIFE,False
FUNDACION GLOBALCAJA LA RODA,0,8.30746,49.4956,True,13,NÁUTICO TENERIFE,False
FUNDACION GLOBALCAJA LA RODA,4,7.89845,51.6382,False,13,NÁUTICO TENERIFE,False
FUNDACION GLOBALCAJA LA RODA,2,10.7546,48.1217,False,13,NÁUTICO TENERIFE,False
FUNDACION GLOBALCAJA LA RODA,0,31.9111,19.3722,False,13,NÁUTICO TENERIFE,False
FUNDACION GLOBALCAJA LA RODA,13,27.094499999999996,20.0024,True,13,NÁUTICO TENERIFE,False
CB LA MATANZA,7,1.69252,41.2148,True,14,TOSCONES CORRALEJO,True
CB LA MATANZA,23,49.6474,48.7771,False,14,TOSCONES CORRALEJO,True
CB LA MATANZA,21,28.6319,13.3601,False,14,TOSCONES CORRALEJO,True
CB LA MATANZA,10,34.3441,27.8546,True,14,TOSCONES CORRALEJO,True
CB LA MATANZA,11,17.0663,4.41137,False,14,TOSCONES CORRALEJO,True
CB LA MATANZA,11,5.21862,95.4116,False,14,TOSCONES CORRALEJO,True
CB LA MATANZA,23,29.055,80.791,False,14,TOSCONES CORRALEJO,True
CB LA MATANZA,7,6.840599999999995,71.5902,False,14,TOSCONES CORRALEJO,True
CB LA MATANZA,0,5.9238,51.8021,True,14,TOSCONES CORRALEJO,True
CB LA MATANZA,14,29.7602,74.7412,False,14,TOSCONES CORRALEJO,True
CB LA MATANZA,72,6.276399999999995,54.953,True,14,TOSCONES CORRALEJO,True
CB LA MATANZA,23,10.0846,95.6637,True,14,TOSCONES CORRALEJO,True
CB LA MATANZA,11,4.44288,4.91552,False,14,TOSCONES CORRALEJO,True
CB LA MATANZA,10,18.970399999999998,98.4365,False,14,TOSCONES CORRALEJO,True
CB LA MATANZA,0,2.53879,47.2647,False,14,TOSCONES CORRALEJO,True
CB LA MATANZA,72,7.052199999999999,48.525,False,14,TOSCONES CORRALEJO,True
CB LA MATANZA,0,6.62906,95.1595,False,14,TOSCONES CORRALEJO,True
CB LA MATANZA,0,4.09027,53.5666,True,14,TOSCONES CORRALEJO,True
CB LA MATANZA,3,29.407600000000002,17.5194,False,14,TOSCONES CORRALEJO,True
CB LA MATANZA,23,5.9238,54.5749,True,14,TOSCONES CORRALEJO,True
CB LA MATANZA,11,15.7969,6.30195,False,14,TOSCONES CORRALEJO,True
CB LA MATANZA,11,3.80818,49.5334,False,14,TOSCONES CORRALEJO,True
CB LA MATANZA,21,4.2313000000000045,46.2563,False,14,TOSCONES CORRALEJO,True
CB LA MATANZA,21,6.911100000000005,49.2813,True,14,TOSCONES CORRALEJO,True
CB LA MATANZA,11,6.417500000000004,94.5293,True,14,TOSCONES CORRALEJO,True
CB LA MATANZA,23,32.9337,27.3505,False,14,TOSCONES CORRALEJO,True
CB LA MATANZA,11,6.62906,56.4655,True,14,TOSCONES CORRALEJO,True
CB LA MATANZA,11,11.0719,6.17591,False,14,TOSCONES CORRALEJO,True
CB LA MATANZA,23,10.7898,74.111,False,14,TOSCONES CORRALEJO,True
CB LA MATANZA,7,4.79549,47.2647,True,14,TOSCONES CORRALEJO,True
CB LA MATANZA,7,25.67,13.7383,True,14,TOSCONES CORRALEJO,True
CB LA MATANZA,3,22.426,89.6138,False,14,TOSCONES CORRALEJO,True
CB LA MATANZA,0,5.218599999999995,49.2813,True,14,TOSCONES CORRALEJO,True
CB LA MATANZA,7,0.21160000000000423,52.4323,False,14,TOSCONES CORRALEJO,True
CB LA MATANZA,7,5.35966,50.2896,True,14,TOSCONES CORRALEJO,True
CB LA MATANZA,11,24.189,13.7383,False,14,TOSCONES CORRALEJO,True
CB LA MATANZA,10,6.34697,45.7522,False,14,TOSCONES CORRALEJO,True
CB LA MATANZA,3,9.4499,6.93215,True,14,TOSCONES CORRALEJO,True
CB LA MATANZA,23,7.122699999999995,20.9225,True,14,TOSCONES CORRALEJO,True
CB LA MATANZA,23,22.073300000000003,50.7937,False,14,TOSCONES CORRALEJO,True
CB LA MATANZA,0,6.558499999999995,53.1885,True,14,TOSCONES CORRALEJO,True
CB LA MATANZA,7,40.1269,9.45293,False,14,TOSCONES CORRALEJO,True
CB LA MATANZA,72,5.500699999999995,53.3145,True,14,TOSCONES CORRALEJO,True
CB LA MATANZA,23,5.57123,56.2134,False,14,TOSCONES CORRALEJO,True
CB LA MATANZA,10,1.69252,41.2148,False,14,TOSCONES CORRALEJO,True
CB LA MATANZA,23,3.03244,62.1373,False,14,TOSCONES CORRALEJO,True
CB LA MATANZA,23,2.67983,46.8865,False,14,TOSCONES CORRALEJO,True
CB LA MATANZA,0,3.8787,45.8782,True,14,TOSCONES CORRALEJO,True
CB LA MATANZA,23,6.84062,54.5749,False,14,TOSCONES CORRALEJO,True
CB LA MATANZA,6,31.452699999999993,51.1719,False,14,TOSCONES CORRALEJO,True
CB LA MATANZA,14,27.7856,81.0431,True,14,TOSCONES CORRALEJO,True
CB LA MATANZA,11,17.418899999999994,90.4961,True,14,TOSCONES CORRALEJO,True
CB LA MATANZA,11,5.853300000000004,92.0085,True,14,TOSCONES CORRALEJO,True
CB LA MATANZA,23,8.321600000000004,26.3422,True,14,TOSCONES CORRALEJO,True
CB LA MATANZA,23,29.1961,80.4129,False,14,TOSCONES CORRALEJO,True
CB LA MATANZA,72,7.54584,46.3824,True,14,TOSCONES CORRALEJO,True
CB LA MATANZA,23,31.3117,27.3505,True,14,TOSCONES CORRALEJO,True
CB LA MATANZA,7,6.135400000000004,49.2813,True,14,TOSCONES CORRALEJO,True
CB LA MATANZA,7,25.317300000000003,14.7466,False,14,TOSCONES CORRALEJO,True
CB LA MATANZA,3,14.245400000000004,25.4599,False,14,TOSCONES CORRALEJO,True
CB LA MATANZA,11,35.8956,47.0126,False,14,TOSCONES CORRALEJO,True
CB LA MATANZA,6,8.251099999999994,54.701,True,14,TOSCONES CORRALEJO,True
CB LA MATANZA,7,7.616399999999999,51.0458,False,14,TOSCONES CORRALEJO,True
TOSCONES CORRALEJO,30,33.6389,54.953,True,14,CB LA MATANZA,False
TOSCONES CORRALEJO,34,6.7701,50.1636,True,14,CB LA MATANZA,False
TOSCONES CORRALEJO,17,6.629099999999994,52.0541,True,14,CB LA MATANZA,False
TOSCONES CORRALEJO,9,14.2454,38.0638,True,14,CB LA MATANZA,False
TOSCONES CORRALEJO,9,28.9845,24.4516,False,14,CB LA MATANZA,False
TOSCONES CORRALEJO,9,6.558499999999995,44.7439,True,14,CB LA MATANZA,False
TOSCONES CORRALEJO,9,4.2313000000000045,49.6594,True,14,CB LA MATANZA,False
TOSCONES CORRALEJO,30,26.3752,49.7854,True,14,CB LA MATANZA,False
TOSCONES CORRALEJO,9,15.1622,41.5929,False,14,CB LA MATANZA,False
TOSCONES CORRALEJO,9,11.706599999999995,48.525,False,14,CB LA MATANZA,False
TOSCONES CORRALEJO,8,21.861800000000002,34.4087,False,14,CB LA MATANZA,False
TOSCONES CORRALEJO,34,7.1932000000000045,48.399,True,14,CB LA MATANZA,False
TOSCONES CORRALEJO,15,3.8787,76.8838,False,14,CB LA MATANZA,False
TOSCONES CORRALEJO,34,5.007099999999994,48.7771,True,14,CB LA MATANZA,False
TOSCONES CORRALEJO,8,30.9591,18.9059,False,14,CB LA MATANZA,False
TOSCONES CORRALEJO,10,6.48801,53.0624,True,14,CB LA MATANZA,False
TOSCONES CORRALEJO,34,33.07470000000001,47.7688,False,14,CB LA MATANZA,False
TOSCONES CORRALEJO,34,27.0099,22.435,False,14,CB LA MATANZA,False
TOSCONES CORRALEJO,8,4.513400000000004,47.5167,True,14,CB LA MATANZA,False
TOSCONES CORRALEJO,17,9.097300000000004,92.7648,False,14,CB LA MATANZA,False
TOSCONES CORRALEJO,10,34.9788,54.1968,False,14,CB LA MATANZA,False
TOSCONES CORRALEJO,7,22.9196,9.70501,False,14,CB LA MATANZA,False
TOSCONES CORRALEJO,17,30.4654,28.2328,False,14,CB LA MATANZA,False
TOSCONES CORRALEJO,9,3.8787,49.2813,True,14,CB LA MATANZA,False
TOSCONES CORRALEJO,9,4.58392,50.7937,False,14,CB LA MATANZA,False
TOSCONES CORRALEJO,30,23.2017,12.4779,False,14,CB LA MATANZA,False
TOSCONES CORRALEJO,10,4.09027,48.0209,False,14,CB LA MATANZA,False
TOSCONES CORRALEJO,17,8.3921,49.4073,True,14,CB LA MATANZA,False
TOSCONES CORRALEJO,7,12.129800000000003,49.0292,True,14,CB LA MATANZA,False
TOSCONES CORRALEJO,11,6.770099999999999,4.15929,False,14,CB LA MATANZA,False
TOSCONES CORRALEJO,17,36.2482,19.9142,True,14,CB LA MATANZA,False
TOSCONES CORRALEJO,17,5.430199999999999,93.521,False,14,CB LA MATANZA,False
TOSCONES CORRALEJO,30,5.35966,52.5583,True,14,CB LA MATANZA,False
TOSCONES CORRALEJO,34,32.4401,32.14,True,14,CB LA MATANZA,False
TOSCONES CORRALEJO,17,7.757400000000004,51.9281,True,14,CB LA MATANZA,False
TOSCONES CORRALEJO,9,6.629099999999994,47.3907,True,14,CB LA MATANZA,False
TOSCONES CORRALEJO,15,7.686899999999994,53.6926,False,14,CB LA MATANZA,False
TOSCONES CORRALEJO,7,7.05219,56.7176,False,14,CB LA MATANZA,False
TOSCONES CORRALEJO,8,5.289100000000005,52.9364,False,14,CB LA MATANZA,False
TOSCONES CORRALEJO,17,8.25106,94.7814,False,14,CB LA MATANZA,False
TOSCONES CORRALEJO,9,7.54584,46.7605,False,14,CB LA MATANZA,False
TOSCONES CORRALEJO,34,28.279300000000006,22.687,True,14,CB LA MATANZA,False
TOSCONES CORRALEJO,10,11.565600000000003,41.845,False,14,CB LA MATANZA,False
TOSCONES CORRALEJO,6,16.854699999999994,7.43631,False,14,CB LA MATANZA,False
TOSCONES CORRALEJO,7,8.251099999999994,47.7688,False,14,CB LA MATANZA,False
TOSCONES CORRALEJO,8,7.4047999999999945,49.0292,True,14,CB LA MATANZA,False
TOSCONES CORRALEJO,7,6.55853,47.7688,False,14,CB LA MATANZA,False
TOSCONES CORRALEJO,7,16.22,72.0944,False,14,CB LA MATANZA,False
TOSCONES CORRALEJO,30,29.478099999999998,22.687,False,14,CB LA MATANZA,False
TOSCONES CORRALEJO,8,26.7983,84.3201,False,14,CB LA MATANZA,False
TOSCONES CORRALEJO,17,4.58392,50.7937,False,14,CB LA MATANZA,False
TOSCONES CORRALEJO,34,12.975999999999999,95.0335,False,14,CB LA MATANZA,False
TOSCONES CORRALEJO,11,30.677,33.5264,False,14,CB LA MATANZA,False
TOSCONES CORRALEJO,9,6.2059,46.2563,True,14,CB LA MATANZA,False
TOSCONES CORRALEJO,34,20.5219,32.0139,True,14,CB LA MATANZA,False
TOSCONES CORRALEJO,30,10.5783,17.7715,False,14,CB LA MATANZA,False
TOSCONES CORRALEJO,30,20.3103,46.2563,True,14,CB LA MATANZA,False
TOSCONES CORRALEJO,34,5.218599999999995,95.0335,True,14,CB LA MATANZA,False
TOSCONES CORRALEJO,34,34.4147,49.7854,True,14,CB LA MATANZA,False
TOSCONES CORRALEJO,34,5.500699999999995,4.41137,True,14,CB LA MATANZA,False
TOSCONES CORRALEJO,9,7.334299999999999,49.4073,True,14,CB LA MATANZA,False
TOSCONES CORRALEJO,7,17.7715,29.6192,False,14,CB LA MATANZA,False
TOSCONES CORRALEJO,34,7.12271,5.67176,False,14,CB LA MATANZA,False
CESUR DISTRITO OLIMPICO,14,14.809600000000003,36.9294,False,14,TOBARRA CB,True
CESUR DISTRITO OLIMPICO,33,11.2835,39.9544,True,14,TOBARRA CB,True
CESUR DISTRITO OLIMPICO,33,8.462599999999995,65.5403,False,14,TOBARRA CB,True
CESUR DISTRITO OLIMPICO,10,12.2003,67.4309,False,14,TOBARRA CB,True
CESUR DISTRITO OLIMPICO,2,20.8745,50.0375,False,14,TOBARRA CB,True
CESUR DISTRITO OLIMPICO,25,10.6488,48.525,True,14,TOBARRA CB,True
CESUR DISTRITO OLIMPICO,5,14.174899999999994,50.4156,False,14,TOBARRA CB,True
CESUR DISTRITO OLIMPICO,33,34.6262,44.4918,False,14,TOBARRA CB,True
CESUR DISTRITO OLIMPICO,33,13.5402,34.0306,True,14,TOBARRA CB,True
CESUR DISTRITO OLIMPICO,16,13.117099999999994,42.2231,False,14,TOBARRA CB,True
CESUR DISTRITO OLIMPICO,14,7.475300000000004,63.7758,False,14,TOBARRA CB,True
CESUR DISTRITO OLIMPICO,10,11.0719,63.1456,False,14,TOBARRA CB,True
CESUR DISTRITO OLIMPICO,77,34.4852,31.2577,False,14,TOBARRA CB,True
CESUR DISTRITO OLIMPICO,33,15.6559,58.2301,True,14,TOBARRA CB,True
CESUR DISTRITO OLIMPICO,2,10.3667,38.82,True,14,TOBARRA CB,True
CESUR DISTRITO OLIMPICO,33,35.7546,78.2703,False,14,TOBARRA CB,True
CESUR DISTRITO OLIMPICO,10,24.471100000000007,89.2357,False,14,TOBARRA CB,True
CESUR DISTRITO OLIMPICO,41,8.88575,58.6082,True,14,TOBARRA CB,True
CESUR DISTRITO OLIMPICO,41,27.503500000000003,86.3368,True,14,TOBARRA CB,True
CESUR DISTRITO OLIMPICO,33,10.578299999999999,62.3893,True,14,TOBARRA CB,True
CESUR DISTRITO OLIMPICO,33,22.284899999999993,93.1429,False,14,TOBARRA CB,True
CESUR DISTRITO OLIMPICO,16,11.565600000000003,45.122,True,14,TOBARRA CB,True
CESUR DISTRITO OLIMPICO,15,10.8604,45.6261,True,14,TOBARRA CB,True
CESUR DISTRITO OLIMPICO,15,9.94358,50.4156,True,14,TOBARRA CB,True
CESUR DISTRITO OLIMPICO,5,35.331500000000005,35.9211,False,14,TOBARRA CB,True
CESUR DISTRITO OLIMPICO,15,10.2257,58.8602,True,14,TOBARRA CB,True
CESUR DISTRITO OLIMPICO,25,9.09732,49.9115,True,14,TOBARRA CB,True
CESUR DISTRITO OLIMPICO,13,9.238399999999999,43.7356,False,14,TOBARRA CB,True
CESUR DISTRITO OLIMPICO,25,10.3667,51.55,True,14,TOBARRA CB,True
CESUR DISTRITO OLIMPICO,16,7.8279,65.7924,True,14,TOBARRA CB,True
CESUR DISTRITO OLIMPICO,2,24.8942,6.55403,True,14,TOBARRA CB,True
CESUR DISTRITO OLIMPICO,41,7.686899999999994,73.6068,False,14,TOBARRA CB,True
CESUR DISTRITO OLIMPICO,33,25.740499999999997,88.2274,False,14,TOBARRA CB,True
CESUR DISTRITO OLIMPICO,41,14.9506,67.5569,False,14,TOBARRA CB,True
CESUR DISTRITO OLIMPICO,16,16.22,55.9613,False,14,TOBARRA CB,True
CESUR DISTRITO OLIMPICO,25,12.905500000000004,34.4087,True,14,TOBARRA CB,True
CESUR DISTRITO OLIMPICO,5,11.777100000000004,31.1317,True,14,TOBARRA CB,True
CESUR DISTRITO OLIMPICO,12,10.296199999999999,65.5403,False,14,TOBARRA CB,True
CESUR DISTRITO OLIMPICO,13,10.9309,42.0971,False,14,TOBARRA CB,True
CESUR DISTRITO OLIMPICO,25,12.6234,59.9946,False,14,TOBARRA CB,True
CESUR DISTRITO OLIMPICO,15,11.4245,25.5859,False,14,TOBARRA CB,True
CESUR DISTRITO OLIMPICO,13,10.3667,38.82,False,14,TOBARRA CB,True
CESUR DISTRITO OLIMPICO,10,21.932299999999998,92.7648,False,14,TOBARRA CB,True
CESUR DISTRITO OLIMPICO,14,7.475300000000004,65.2882,False,14,TOBARRA CB,True
CESUR DISTRITO OLIMPICO,14,5.007099999999994,67.1788,False,14,TOBARRA CB,True
CESUR DISTRITO OLIMPICO,33,11.212999999999994,60.2467,True,14,TOBARRA CB,True
CESUR DISTRITO OLIMPICO,14,10.7193,51.4239,True,14,TOBARRA CB,True
CESUR DISTRITO OLIMPICO,15,7.686899999999994,73.6068,False,14,TOBARRA CB,True
CESUR DISTRITO OLIMPICO,25,13.1876,48.0209,False,14,TOBARRA CB,True
CESUR DISTRITO OLIMPICO,15,16.3611,30.3754,False,14,TOBARRA CB,True
CESUR DISTRITO OLIMPICO,14,9.23836,43.7356,True,14,TOBARRA CB,True
CESUR DISTRITO OLIMPICO,14,10.9309,42.0971,True,14,TOBARRA CB,True
CESUR DISTRITO OLIMPICO,10,8.321600000000004,42.0971,True,14,TOBARRA CB,True
CESUR DISTRITO OLIMPICO,14,13.117099999999994,49.2813,False,14,TOBARRA CB,True
CESUR DISTRITO OLIMPICO,41,23.9774,92.5127,False,14,TOBARRA CB,True
CESUR DISTRITO OLIMPICO,41,21.650199999999998,8.0665,False,14,TOBARRA CB,True
CESUR DISTRITO OLIMPICO,12,21.086,33.0222,False,14,TOBARRA CB,True
CESUR DISTRITO OLIMPICO,14,11.283500000000004,50.6677,True,14,TOBARRA CB,True
CESUR DISTRITO OLIMPICO,33,7.898399999999995,3.02494,False,14,TOBARRA CB,True
CESUR DISTRITO OLIMPICO,15,16.22,55.9613,True,14,TOBARRA CB,True
CESUR DISTRITO OLIMPICO,16,11.212999999999994,92.3866,False,14,TOBARRA CB,True
CESUR DISTRITO OLIMPICO,13,14.5275,41.5929,False,14,TOBARRA CB,True
CESUR DISTRITO OLIMPICO,13,23.624799999999993,90.8742,False,14,TOBARRA CB,True
CESUR DISTRITO OLIMPICO,16,37.165,50.7937,True,14,TOBARRA CB,True
CESUR DISTRITO OLIMPICO,5,13.3992,45.7522,True,14,TOBARRA CB,True
CESUR DISTRITO OLIMPICO,10,10.0846,56.2134,True,14,TOBARRA CB,True
CESUR DISTRITO OLIMPICO,2,28.9845,16.6372,True,14,TOBARRA CB,True
CESUR DISTRITO OLIMPICO,15,16.6432,44.1137,True,14,TOBARRA CB,True
CESUR DISTRITO OLIMPICO,13,8.956299999999999,40.0804,True,14,TOBARRA CB,True
CESUR DISTRITO OLIMPICO,25,10.0141,27.7286,False,14,TOBARRA CB,True
CESUR DISTRITO OLIMPICO,41,27.433000000000007,12.982,True,14,TOBARRA CB,True
CESUR DISTRITO OLIMPICO,12,21.438599999999994,6.80611,False,14,TOBARRA CB,True
CESUR DISTRITO OLIMPICO,33,8.885800000000003,62.5154,False,14,TOBARRA CB,True
CESUR DISTRITO OLIMPICO,12,23.9774,92.5127,False,14,TOBARRA CB,True
CESUR DISTRITO OLIMPICO,77,10.6488,44.1137,True,14,TOBARRA CB,True
CESUR DISTRITO OLIMPICO,33,17.983099999999993,50.5417,False,14,TOBARRA CB,True
CESUR DISTRITO OLIMPICO,33,12.7645,24.1995,False,14,TOBARRA CB,True
CESUR DISTRITO OLIMPICO,2,18.6178,93.2689,False,14,TOBARRA CB,True
CESUR DISTRITO OLIMPICO,13,10.719300000000004,56.8436,False,14,TOBARRA CB,True
CESUR DISTRITO OLIMPICO,14,10.7193,44.6178,False,14,TOBARRA CB,True
CESUR DISTRITO OLIMPICO,13,14.5275,41.5929,False,14,TOBARRA CB,True
TOBARRA CB,26,10.7193,57.978,True,14,CESUR DISTRITO OLIMPICO,False
TOBARRA CB,21,22.778599999999997,55.4572,False,14,CESUR DISTRITO OLIMPICO,False
TOBARRA CB,26,25.811000000000007,84.1941,True,14,CESUR DISTRITO OLIMPICO,False
TOBARRA CB,21,27.292,84.6983,True,14,CESUR DISTRITO OLIMPICO,False
TOBARRA CB,0,30.747500000000002,82.8077,False,14,CESUR DISTRITO OLIMPICO,False
TOBARRA CB,26,6.840599999999995,96.2939,False,14,CESUR DISTRITO OLIMPICO,False
TOBARRA CB,34,12.7645,46.2563,False,14,CESUR DISTRITO OLIMPICO,False
TOBARRA CB,31,6.840599999999995,61.381,False,14,CESUR DISTRITO OLIMPICO,False
TOBARRA CB,0,8.67419,68.8173,False,14,CESUR DISTRITO OLIMPICO,False
TOBARRA CB,31,30.677,74.237,False,14,CESUR DISTRITO OLIMPICO,False
TOBARRA CB,26,11.4245,61.6331,False,14,CESUR DISTRITO OLIMPICO,False
TOBARRA CB,0,35.9662,23.6953,False,14,CESUR DISTRITO OLIMPICO,False
TOBARRA CB,34,23.695300000000003,9.32689,True,14,CESUR DISTRITO OLIMPICO,False
TOBARRA CB,21,8.60367,50.7937,True,14,CESUR DISTRITO OLIMPICO,False
TOBARRA CB,34,6.4879999999999995,56.4655,True,14,CESUR DISTRITO OLIMPICO,False
TOBARRA CB,26,9.37941,33.2743,False,14,CESUR DISTRITO OLIMPICO,False
TOBARRA CB,26,33.427400000000006,66.9267,False,14,CESUR DISTRITO OLIMPICO,False
TOBARRA CB,0,11.001400000000004,59.8686,True,14,CESUR DISTRITO OLIMPICO,False
TOBARRA CB,0,25.8815,7.81442,True,14,CESUR DISTRITO OLIMPICO,False
TOBARRA CB,7,14.597999999999999,46.2563,False,14,CESUR DISTRITO OLIMPICO,False
TOBARRA CB,21,29.7602,19.0319,False,14,CESUR DISTRITO OLIMPICO,False
TOBARRA CB,21,10.648799999999994,39.9544,False,14,CESUR DISTRITO OLIMPICO,False
TOBARRA CB,0,15.6559,18.9059,False,14,CESUR DISTRITO OLIMPICO,False
TOBARRA CB,21,24.33,88.7315,True,14,CESUR DISTRITO OLIMPICO,False
TOBARRA CB,0,35.8956,49.6594,False,14,CESUR DISTRITO OLIMPICO,False
TOBARRA CB,21,12.4118,58.104,False,14,CESUR DISTRITO OLIMPICO,False
TOBARRA CB,31,12.7645,46.2563,False,14,CESUR DISTRITO OLIMPICO,False
TOBARRA CB,7,7.968999999999994,39.8283,False,14,CESUR DISTRITO OLIMPICO,False
TOBARRA CB,0,8.32158,96.672,True,14,CESUR DISTRITO OLIMPICO,False
TOBARRA CB,21,14.457,72.2204,True,14,CESUR DISTRITO OLIMPICO,False
TOBARRA CB,21,18.8293,50.4156,False,14,CESUR DISTRITO OLIMPICO,False
TOBARRA CB,6,13.6107,64.7841,False,14,CESUR DISTRITO OLIMPICO,False
TOBARRA CB,21,11.6361,6.04988,False,14,CESUR DISTRITO OLIMPICO,False
TOBARRA CB,34,13.258099999999999,53.3145,False,14,CESUR DISTRITO OLIMPICO,False
TOBARRA CB,0,32.6516,67.3049,False,14,CESUR DISTRITO OLIMPICO,False
TOBARRA CB,21,13.1876,30.8796,True,14,CESUR DISTRITO OLIMPICO,False
TOBARRA CB,34,23.695300000000003,9.32689,False,14,CESUR DISTRITO OLIMPICO,False
TOBARRA CB,21,8.462599999999995,66.9267,False,14,CESUR DISTRITO OLIMPICO,False
TOBARRA CB,7,9.308899999999994,48.0209,False,14,CESUR DISTRITO OLIMPICO,False
TOBARRA CB,0,10.437200000000004,95.9157,False,14,CESUR DISTRITO OLIMPICO,False
TOBARRA CB,6,10.507800000000003,55.9613,False,14,CESUR DISTRITO OLIMPICO,False
TOBARRA CB,7,8.67419,73.2287,False,14,CESUR DISTRITO OLIMPICO,False
TOBARRA CB,26,34.4852,38.4419,False,14,CESUR DISTRITO OLIMPICO,False
TOBARRA CB,7,9.4499,48.273,False,14,CESUR DISTRITO OLIMPICO,False
TOBARRA CB,21,11.495099999999994,33.1483,False,14,CESUR DISTRITO OLIMPICO,False
TOBARRA CB,0,38.0818,48.6511,False,14,CESUR DISTRITO OLIMPICO,False
TOBARRA CB,26,8.180499999999995,68.1871,True,14,CESUR DISTRITO OLIMPICO,False
TOBARRA CB,26,22.637500000000003,2.64682,True,14,CESUR DISTRITO OLIMPICO,False
TOBARRA CB,21,8.03949,31.3837,False,14,CESUR DISTRITO OLIMPICO,False
TOBARRA CB,0,39.2807,33.4004,True,14,CESUR DISTRITO OLIMPICO,False
TOBARRA CB,7,9.802499999999995,40.2065,False,14,CESUR DISTRITO OLIMPICO,False
TOBARRA CB,26,7.4047999999999945,64.658,False,14,CESUR DISTRITO OLIMPICO,False
TOBARRA CB,34,7.4047999999999945,64.658,True,14,CESUR DISTRITO OLIMPICO,False
TOBARRA CB,0,8.67419,30.7535,True,14,CESUR DISTRITO OLIMPICO,False
TOBARRA CB,0,7.616399999999999,4.53741,False,14,CESUR DISTRITO OLIMPICO,False
TOBARRA CB,31,16.4316,28.4848,False,14,CESUR DISTRITO OLIMPICO,False
TOBARRA CB,7,16.0085,49.0292,False,14,CESUR DISTRITO OLIMPICO,False
TOBARRA CB,0,31.3117,18.0236,False,14,CESUR DISTRITO OLIMPICO,False
TOBARRA CB,34,6.699600000000004,49.7854,True,14,CESUR DISTRITO OLIMPICO,False
TOBARRA CB,7,10.1551,63.6497,False,14,CESUR DISTRITO OLIMPICO,False
TOBARRA CB,6,11.354,95.4116,False,14,CESUR DISTRITO OLIMPICO,False
TOBARRA CB,6,3.2439999999999998,91.8825,False,14,CESUR DISTRITO OLIMPICO,False
TOBARRA CB,26,7.5458,61.6331,False,14,CESUR DISTRITO OLIMPICO,False
TOBARRA CB,21,23.695300000000003,9.32689,False,14,CESUR DISTRITO OLIMPICO,False
TOBARRA CB,21,30.2539,20.5444,False,14,CESUR DISTRITO OLIMPICO,False
GRUPO INTERBUS ALCOBENDAS,16,19.5346,35.1649,False,14,C.D. BASKET GLOBALCAJA QUINTANAR,True
GRUPO INTERBUS ALCOBENDAS,17,12.4824,45.6261,True,14,C.D. BASKET GLOBALCAJA QUINTANAR,True
GRUPO INTERBUS ALCOBENDAS,25,13.469700000000003,50.1636,False,14,C.D. BASKET GLOBALCAJA QUINTANAR,True
GRUPO INTERBUS ALCOBENDAS,77,27.856099999999998,88.1013,True,14,C.D. BASKET GLOBALCAJA QUINTANAR,True
GRUPO INTERBUS ALCOBENDAS,13,8.321600000000004,57.2217,True,14,C.D. BASKET GLOBALCAJA QUINTANAR,True
GRUPO INTERBUS ALCOBENDAS,4,27.644599999999997,13.2341,True,14,C.D. BASKET GLOBALCAJA QUINTANAR,True
GRUPO INTERBUS ALCOBENDAS,33,33.4274,82.4296,True,14,C.D. BASKET GLOBALCAJA QUINTANAR,True
GRUPO INTERBUS ALCOBENDAS,11,17.983099999999993,62.5154,False,14,C.D. BASKET GLOBALCAJA QUINTANAR,True
GRUPO INTERBUS ALCOBENDAS,33,30.1128,78.2703,False,14,C.D. BASKET GLOBALCAJA QUINTANAR,True
GRUPO INTERBUS ALCOBENDAS,13,10.2962,45.122,True,14,C.D. BASKET GLOBALCAJA QUINTANAR,True
GRUPO INTERBUS ALCOBENDAS,20,28.914,13.1081,False,14,C.D. BASKET GLOBALCAJA QUINTANAR,True
GRUPO INTERBUS ALCOBENDAS,41,23.5543,49.6594,False,14,C.D. BASKET GLOBALCAJA QUINTANAR,True
GRUPO INTERBUS ALCOBENDAS,13,38.8575,34.7868,False,14,C.D. BASKET GLOBALCAJA QUINTANAR,True
GRUPO INTERBUS ALCOBENDAS,17,29.6897,80.9171,True,14,C.D. BASKET GLOBALCAJA QUINTANAR,True
GRUPO INTERBUS ALCOBENDAS,16,22.7786,39.3242,False,14,C.D. BASKET GLOBALCAJA QUINTANAR,True
GRUPO INTERBUS ALCOBENDAS,41,10.578299999999999,54.4489,True,14,C.D. BASKET GLOBALCAJA QUINTANAR,True
GRUPO INTERBUS ALCOBENDAS,33,31.8759,22.687,False,14,C.D. BASKET GLOBALCAJA QUINTANAR,True
GRUPO INTERBUS ALCOBENDAS,33,33.5684,75.7495,False,14,C.D. BASKET GLOBALCAJA QUINTANAR,True
GRUPO INTERBUS ALCOBENDAS,13,35.049400000000006,33.6524,True,14,C.D. BASKET GLOBALCAJA QUINTANAR,True
GRUPO INTERBUS ALCOBENDAS,11,33.9915,16.133,False,14,C.D. BASKET GLOBALCAJA QUINTANAR,True
GRUPO INTERBUS ALCOBENDAS,16,11.7066,48.0209,True,14,C.D. BASKET GLOBALCAJA QUINTANAR,True
GRUPO INTERBUS ALCOBENDAS,13,32.5106,80.791,True,14,C.D. BASKET GLOBALCAJA QUINTANAR,True
GRUPO INTERBUS ALCOBENDAS,41,18.1241,33.0222,True,14,C.D. BASKET GLOBALCAJA QUINTANAR,True
GRUPO INTERBUS ALCOBENDAS,13,36.7419,76.0016,True,14,C.D. BASKET GLOBALCAJA QUINTANAR,True
GRUPO INTERBUS ALCOBENDAS,33,12.129800000000003,49.7854,False,14,C.D. BASKET GLOBALCAJA QUINTANAR,True
GRUPO INTERBUS ALCOBENDAS,41,13.892799999999994,49.6594,True,14,C.D. BASKET GLOBALCAJA QUINTANAR,True
GRUPO INTERBUS ALCOBENDAS,13,34.3441,77.0099,True,14,C.D. BASKET GLOBALCAJA QUINTANAR,True
GRUPO INTERBUS ALCOBENDAS,41,17.5599,63.5237,False,14,C.D. BASKET GLOBALCAJA QUINTANAR,True
GRUPO INTERBUS ALCOBENDAS,77,22.637500000000003,11.2175,False,14,C.D. BASKET GLOBALCAJA QUINTANAR,True
GRUPO INTERBUS ALCOBENDAS,11,10.507800000000003,32.6441,False,14,C.D. BASKET GLOBALCAJA QUINTANAR,True
GRUPO INTERBUS ALCOBENDAS,13,33.921,28.1067,True,14,C.D. BASKET GLOBALCAJA QUINTANAR,True
GRUPO INTERBUS ALCOBENDAS,11,10.6488,48.9032,True,14,C.D. BASKET GLOBALCAJA QUINTANAR,True
GRUPO INTERBUS ALCOBENDAS,11,15.2327,53.0624,False,14,C.D. BASKET GLOBALCAJA QUINTANAR,True
GRUPO INTERBUS ALCOBENDAS,13,13.1876,38.0638,False,14,C.D. BASKET GLOBALCAJA QUINTANAR,True
GRUPO INTERBUS ALCOBENDAS,4,15.5853,21.0485,False,14,C.D. BASKET GLOBALCAJA QUINTANAR,True
GRUPO INTERBUS ALCOBENDAS,41,20.874499999999998,50.0375,True,14,C.D. BASKET GLOBALCAJA QUINTANAR,True
GRUPO INTERBUS ALCOBENDAS,41,10.648799999999994,53.1885,True,14,C.D. BASKET GLOBALCAJA QUINTANAR,True
GRUPO INTERBUS ALCOBENDAS,41,22.849100000000007,35.417,True,14,C.D. BASKET GLOBALCAJA QUINTANAR,True
GRUPO INTERBUS ALCOBENDAS,16,15.021199999999993,47.7688,False,14,C.D. BASKET GLOBALCAJA QUINTANAR,True
GRUPO INTERBUS ALCOBENDAS,13,32.0169,76.3797,True,14,C.D. BASKET GLOBALCAJA QUINTANAR,True
GRUPO INTERBUS ALCOBENDAS,77,11.636099999999999,57.5999,False,14,C.D. BASKET GLOBALCAJA QUINTANAR,True
GRUPO INTERBUS ALCOBENDAS,16,8.11,53.3145,True,14,C.D. BASKET GLOBALCAJA QUINTANAR,True
GRUPO INTERBUS ALCOBENDAS,33,13.046499999999995,37.0555,True,14,C.D. BASKET GLOBALCAJA QUINTANAR,True
GRUPO INTERBUS ALCOBENDAS,33,31.523300000000006,20.5444,True,14,C.D. BASKET GLOBALCAJA QUINTANAR,True
GRUPO INTERBUS ALCOBENDAS,16,12.835,42.8533,True,14,C.D. BASKET GLOBALCAJA QUINTANAR,True
GRUPO INTERBUS ALCOBENDAS,13,38.5755,18.6538,False,14,C.D. BASKET GLOBALCAJA QUINTANAR,True
GRUPO INTERBUS ALCOBENDAS,16,13.328599999999994,57.8519,False,14,C.D. BASKET GLOBALCAJA QUINTANAR,True
GRUPO INTERBUS ALCOBENDAS,13,32.0874,83.816,False,14,C.D. BASKET GLOBALCAJA QUINTANAR,True
GRUPO INTERBUS ALCOBENDAS,13,13.258099999999999,72.7245,False,14,C.D. BASKET GLOBALCAJA QUINTANAR,True
GRUPO INTERBUS ALCOBENDAS,41,19.8166,47.2647,True,14,C.D. BASKET GLOBALCAJA QUINTANAR,True
GRUPO INTERBUS ALCOBENDAS,33,9.097300000000004,52.3062,False,14,C.D. BASKET GLOBALCAJA QUINTANAR,True
GRUPO INTERBUS ALCOBENDAS,25,14.809600000000003,6.55403,False,14,C.D. BASKET GLOBALCAJA QUINTANAR,True
GRUPO INTERBUS ALCOBENDAS,16,17.136799999999994,51.0458,False,14,C.D. BASKET GLOBALCAJA QUINTANAR,True
GRUPO INTERBUS ALCOBENDAS,41,20.3808,29.7452,False,14,C.D. BASKET GLOBALCAJA QUINTANAR,True
GRUPO INTERBUS ALCOBENDAS,33,39.0691,74.6151,False,14,C.D. BASKET GLOBALCAJA QUINTANAR,True
GRUPO INTERBUS ALCOBENDAS,13,40.3385,19.284,False,14,C.D. BASKET GLOBALCAJA QUINTANAR,True
GRUPO INTERBUS ALCOBENDAS,4,32.581100000000006,82.4296,False,14,C.D. BASKET GLOBALCAJA QUINTANAR,True
GRUPO INTERBUS ALCOBENDAS,33,21.861800000000002,44.2397,False,14,C.D. BASKET GLOBALCAJA QUINTANAR,True
GRUPO INTERBUS ALCOBENDAS,4,17.4894,70.96,False,14,C.D. BASKET GLOBALCAJA QUINTANAR,True
GRUPO INTERBUS ALCOBENDAS,13,34.6262,79.7827,True,14,C.D. BASKET GLOBALCAJA QUINTANAR,True
GRUPO INTERBUS ALCOBENDAS,13,17.630499999999998,73.6068,True,14,C.D. BASKET GLOBALCAJA QUINTANAR,True
GRUPO INTERBUS ALCOBENDAS,11,35.754599999999996,22.1829,False,14,C.D. BASKET GLOBALCAJA QUINTANAR,True
GRUPO INTERBUS ALCOBENDAS,77,9.026799999999994,50.0375,True,14,C.D. BASKET GLOBALCAJA QUINTANAR,True
GRUPO INTERBUS ALCOBENDAS,16,12.7645,49.4073,True,14,C.D. BASKET GLOBALCAJA QUINTANAR,True
GRUPO INTERBUS ALCOBENDAS,41,16.9958,27.0984,False,14,C.D. BASKET GLOBALCAJA QUINTANAR,True
GRUPO INTERBUS ALCOBENDAS,33,18.6178,48.0209,False,14,C.D. BASKET GLOBALCAJA QUINTANAR,True
GRUPO INTERBUS ALCOBENDAS,13,31.241200000000006,85.8326,False,14,C.D. BASKET GLOBALCAJA QUINTANAR,True
C.D. BASKET GLOBALCAJA QUINTANAR,12,13.469700000000003,47.5167,False,14,GRUPO INTERBUS ALCOBENDAS,False
C.D. BASKET GLOBALCAJA QUINTANAR,14,30.112799999999993,10.2092,True,14,GRUPO INTERBUS ALCOBENDAS,False
C.D. BASKET GLOBALCAJA QUINTANAR,14,31.3822,90.7481,False,14,GRUPO INTERBUS ALCOBENDAS,False
C.D. BASKET GLOBALCAJA QUINTANAR,8,35.9662,82.5556,False,14,GRUPO INTERBUS ALCOBENDAS,False
C.D. BASKET GLOBALCAJA QUINTANAR,21,12.0592,60.4988,False,14,GRUPO INTERBUS ALCOBENDAS,False
C.D. BASKET GLOBALCAJA QUINTANAR,12,13.6812,52.4323,True,14,GRUPO INTERBUS ALCOBENDAS,False
C.D. BASKET GLOBALCAJA QUINTANAR,2,15.5853,50.6677,True,14,GRUPO INTERBUS ALCOBENDAS,False
C.D. BASKET GLOBALCAJA QUINTANAR,1,38.5755,27.7286,False,14,GRUPO INTERBUS ALCOBENDAS,False
C.D. BASKET GLOBALCAJA QUINTANAR,2,35.0494,78.5223,True,14,GRUPO INTERBUS ALCOBENDAS,False
C.D. BASKET GLOBALCAJA QUINTANAR,1,31.5938,80.4129,False,14,GRUPO INTERBUS ALCOBENDAS,False
C.D. BASKET GLOBALCAJA QUINTANAR,12,14.174899999999994,68.1871,False,14,GRUPO INTERBUS ALCOBENDAS,False
C.D. BASKET GLOBALCAJA QUINTANAR,12,9.238399999999999,52.0541,True,14,GRUPO INTERBUS ALCOBENDAS,False
C.D. BASKET GLOBALCAJA QUINTANAR,2,8.180499999999995,51.676,False,14,GRUPO INTERBUS ALCOBENDAS,False
C.D. BASKET GLOBALCAJA QUINTANAR,8,8.039500000000004,55.8353,False,14,GRUPO INTERBUS ALCOBENDAS,False
C.D. BASKET GLOBALCAJA QUINTANAR,8,32.6516,23.8214,False,14,GRUPO INTERBUS ALCOBENDAS,False
C.D. BASKET GLOBALCAJA QUINTANAR,2,8.95628,55.4572,False,14,GRUPO INTERBUS ALCOBENDAS,False
C.D. BASKET GLOBALCAJA QUINTANAR,12,15.5853,44.4918,False,14,GRUPO INTERBUS ALCOBENDAS,False
C.D. BASKET GLOBALCAJA QUINTANAR,50,10.719300000000004,46.2563,False,14,GRUPO INTERBUS ALCOBENDAS,False
C.D. BASKET GLOBALCAJA QUINTANAR,14,34.696799999999996,26.9724,True,14,GRUPO INTERBUS ALCOBENDAS,False
C.D. BASKET GLOBALCAJA QUINTANAR,50,13.8928,48.273,True,14,GRUPO INTERBUS ALCOBENDAS,False
C.D. BASKET GLOBALCAJA QUINTANAR,21,26.2341,12.0998,True,14,GRUPO INTERBUS ALCOBENDAS,False
C.D. BASKET GLOBALCAJA QUINTANAR,8,35.402,41.4669,True,14,GRUPO INTERBUS ALCOBENDAS,False
C.D. BASKET GLOBALCAJA QUINTANAR,1,9.590999999999994,53.1885,True,14,GRUPO INTERBUS ALCOBENDAS,False
C.D. BASKET GLOBALCAJA QUINTANAR,14,32.158,85.2024,False,14,GRUPO INTERBUS ALCOBENDAS,False
C.D. BASKET GLOBALCAJA QUINTANAR,8,23.765900000000002,50.7937,True,14,GRUPO INTERBUS ALCOBENDAS,False
C.D. BASKET GLOBALCAJA QUINTANAR,3,21.4386,51.676,False,14,GRUPO INTERBUS ALCOBENDAS,False
C.D. BASKET GLOBALCAJA QUINTANAR,8,36.3188,33.2743,False,14,GRUPO INTERBUS ALCOBENDAS,False
C.D. BASKET GLOBALCAJA QUINTANAR,1,19.322999999999993,36.9294,False,14,GRUPO INTERBUS ALCOBENDAS,False
C.D. BASKET GLOBALCAJA QUINTANAR,1,10.6488,50.7937,True,14,GRUPO INTERBUS ALCOBENDAS,False
C.D. BASKET GLOBALCAJA QUINTANAR,8,35.2609,79.2786,False,14,GRUPO INTERBUS ALCOBENDAS,False
C.D. BASKET GLOBALCAJA QUINTANAR,12,19.2525,46.3824,False,14,GRUPO INTERBUS ALCOBENDAS,False
C.D. BASKET GLOBALCAJA QUINTANAR,21,35.049400000000006,19.1579,True,14,GRUPO INTERBUS ALCOBENDAS,False
C.D. BASKET GLOBALCAJA QUINTANAR,50,10.084599999999995,4.28533,True,14,GRUPO INTERBUS ALCOBENDAS,False
C.D. BASKET GLOBALCAJA QUINTANAR,8,16.4316,29.3671,False,14,GRUPO INTERBUS ALCOBENDAS,False
C.D. BASKET GLOBALCAJA QUINTANAR,14,31.9464,20.2923,True,14,GRUPO INTERBUS ALCOBENDAS,False
C.D. BASKET GLOBALCAJA QUINTANAR,12,10.7898,51.2979,False,14,GRUPO INTERBUS ALCOBENDAS,False
C.D. BASKET GLOBALCAJA QUINTANAR,21,23.131200000000007,48.525,False,14,GRUPO INTERBUS ALCOBENDAS,False
C.D. BASKET GLOBALCAJA QUINTANAR,21,21.720699999999994,50.6677,True,14,GRUPO INTERBUS ALCOBENDAS,False
C.D. BASKET GLOBALCAJA QUINTANAR,8,17.348399999999998,32.8962,False,14,GRUPO INTERBUS ALCOBENDAS,False
C.D. BASKET GLOBALCAJA QUINTANAR,50,8.956299999999999,59.1123,False,14,GRUPO INTERBUS ALCOBENDAS,False
C.D. BASKET GLOBALCAJA QUINTANAR,12,14.668499999999995,54.701,False,14,GRUPO INTERBUS ALCOBENDAS,False
C.D. BASKET GLOBALCAJA QUINTANAR,50,9.661500000000004,50.1636,True,14,GRUPO INTERBUS ALCOBENDAS,False
C.D. BASKET GLOBALCAJA QUINTANAR,3,7.968999999999994,53.3145,False,14,GRUPO INTERBUS ALCOBENDAS,False
C.D. BASKET GLOBALCAJA QUINTANAR,1,20.169200000000004,50.2896,False,14,GRUPO INTERBUS ALCOBENDAS,False
C.D. BASKET GLOBALCAJA QUINTANAR,12,10.5783,50.7937,True,14,GRUPO INTERBUS ALCOBENDAS,False
C.D. BASKET GLOBALCAJA QUINTANAR,14,13.187600000000003,54.0708,False,14,GRUPO INTERBUS ALCOBENDAS,False
C.D. BASKET GLOBALCAJA QUINTANAR,8,15.7969,52.4323,True,14,GRUPO INTERBUS ALCOBENDAS,False
C.D. BASKET GLOBALCAJA QUINTANAR,1,13.963300000000004,49.6594,True,14,GRUPO INTERBUS ALCOBENDAS,False
C.D. BASKET GLOBALCAJA QUINTANAR,12,23.131200000000007,45.7522,False,14,GRUPO INTERBUS ALCOBENDAS,False
C.D. BASKET GLOBALCAJA QUINTANAR,21,14.668499999999995,40.3325,False,14,GRUPO INTERBUS ALCOBENDAS,False
C.D. BASKET GLOBALCAJA QUINTANAR,12,31.5938,80.539,False,14,GRUPO INTERBUS ALCOBENDAS,False
C.D. BASKET GLOBALCAJA QUINTANAR,12,11.706599999999995,49.5334,True,14,GRUPO INTERBUS ALCOBENDAS,False
C.D. BASKET GLOBALCAJA QUINTANAR,2,6.558499999999995,51.2979,True,14,GRUPO INTERBUS ALCOBENDAS,False
C.D. BASKET GLOBALCAJA QUINTANAR,8,13.046499999999995,47.8948,False,14,GRUPO INTERBUS ALCOBENDAS,False
C.D. BASKET GLOBALCAJA QUINTANAR,2,35.049400000000006,56.8436,False,14,GRUPO INTERBUS ALCOBENDAS,False
C.D. BASKET GLOBALCAJA QUINTANAR,8,28.5614,84.1941,False,14,GRUPO INTERBUS ALCOBENDAS,False
C.D. BASKET GLOBALCAJA QUINTANAR,3,16.9958,58.7342,False,14,GRUPO INTERBUS ALCOBENDAS,False
C.D. BASKET GLOBALCAJA QUINTANAR,8,38.5755,20.4183,False,14,GRUPO INTERBUS ALCOBENDAS,False
C.D. BASKET GLOBALCAJA QUINTANAR,2,10.7898,49.0292,True,14,GRUPO INTERBUS ALCOBENDAS,False
C.D. BASKET GLOBALCAJA QUINTANAR,8,20.8745,31.3837,False,14,GRUPO INTERBUS ALCOBENDAS,False
C.D. BASKET GLOBALCAJA QUINTANAR,8,12.976,24.0735,False,14,GRUPO INTERBUS ALCOBENDAS,False
C.D. BASKET GLOBALCAJA QUINTANAR,8,16.2906,46.3824,False,14,GRUPO INTERBUS ALCOBENDAS,False
C.D. BASKET GLOBALCAJA QUINTANAR,21,12.4118,48.399,True,14,GRUPO INTERBUS ALCOBENDAS,False
EL VENTERO CBV,1,5.64175,51.8021,True,14,MOVISTAR ESTUDIANTES,True
EL VENTERO CBV,0,4.93653,50.6677,True,14,MOVISTAR ESTUDIANTES,True
EL VENTERO CBV,18,6.840599999999995,43.4835,False,14,MOVISTAR ESTUDIANTES,True
EL VENTERO CBV,10,32.158,71.8423,False,14,MOVISTAR ESTUDIANTES,True
EL VENTERO CBV,21,7.05219,52.5583,True,14,MOVISTAR ESTUDIANTES,True
EL VENTERO CBV,1,23.6953,50.0375,False,14,MOVISTAR ESTUDIANTES,True
EL VENTERO CBV,0,20.592399999999998,8.44462,True,14,MOVISTAR ESTUDIANTES,True
EL VENTERO CBV,3,35.402,36.6774,False,14,MOVISTAR ESTUDIANTES,True
EL VENTERO CBV,1,6.840599999999995,43.4835,False,14,MOVISTAR ESTUDIANTES,True
EL VENTERO CBV,3,8.533100000000005,43.3574,False,14,MOVISTAR ESTUDIANTES,True
EL VENTERO CBV,3,4.795500000000004,48.273,True,14,MOVISTAR ESTUDIANTES,True
EL VENTERO CBV,0,4.2313000000000045,51.1719,False,14,MOVISTAR ESTUDIANTES,True
EL VENTERO CBV,18,23.6953,50.0375,False,14,MOVISTAR ESTUDIANTES,True
EL VENTERO CBV,10,27.8561,85.9586,False,14,MOVISTAR ESTUDIANTES,True
EL VENTERO CBV,0,5.1480999999999995,49.9115,True,14,MOVISTAR ESTUDIANTES,True
EL VENTERO CBV,10,36.1777,49.4073,False,14,MOVISTAR ESTUDIANTES,True
EL VENTERO CBV,1,24.8237,49.9115,False,14,MOVISTAR ESTUDIANTES,True
EL VENTERO CBV,10,30.6065,21.9308,False,14,MOVISTAR ESTUDIANTES,True
EL VENTERO CBV,0,9.238399999999999,44.4918,True,14,MOVISTAR ESTUDIANTES,True
EL VENTERO CBV,15,7.616399999999999,93.521,False,14,MOVISTAR ESTUDIANTES,True
EL VENTERO CBV,21,7.89845,50.9198,False,14,MOVISTAR ESTUDIANTES,True
EL VENTERO CBV,18,4.724999999999994,46.2563,False,14,MOVISTAR ESTUDIANTES,True
EL VENTERO CBV,10,5.07757,47.2647,False,14,MOVISTAR ESTUDIANTES,True
EL VENTERO CBV,21,5.500699999999995,4.78948,True,14,MOVISTAR ESTUDIANTES,True
EL VENTERO CBV,3,35.543,53.6926,False,14,MOVISTAR ESTUDIANTES,True
EL VENTERO CBV,0,5.1481,53.8187,True,14,MOVISTAR ESTUDIANTES,True
EL VENTERO CBV,10,5.289100000000005,50.6677,False,14,MOVISTAR ESTUDIANTES,True
EL VENTERO CBV,21,10.084599999999995,6.68007,False,14,MOVISTAR ESTUDIANTES,True
EL VENTERO CBV,0,23.6953,50.0375,True,14,MOVISTAR ESTUDIANTES,True
EL VENTERO CBV,0,6.629099999999994,48.6511,False,14,MOVISTAR ESTUDIANTES,True
EL VENTERO CBV,10,27.0804,81.7994,False,14,MOVISTAR ESTUDIANTES,True
EL VENTERO CBV,18,6.629099999999994,48.6511,False,14,MOVISTAR ESTUDIANTES,True
EL VENTERO CBV,10,30.536,19.6621,False,14,MOVISTAR ESTUDIANTES,True
EL VENTERO CBV,0,7.61636,93.2689,True,14,MOVISTAR ESTUDIANTES,True
EL VENTERO CBV,10,23.695300000000003,91.8825,False,14,MOVISTAR ESTUDIANTES,True
EL VENTERO CBV,1,5.571200000000005,52.5583,True,14,MOVISTAR ESTUDIANTES,True
EL VENTERO CBV,10,4.936499999999995,47.6428,True,14,MOVISTAR ESTUDIANTES,True
EL VENTERO CBV,10,7.686899999999994,57.3478,True,14,MOVISTAR ESTUDIANTES,True
EL VENTERO CBV,0,5.43018,51.2979,False,14,MOVISTAR ESTUDIANTES,True
EL VENTERO CBV,10,36.7419,22.0568,True,14,MOVISTAR ESTUDIANTES,True
EL VENTERO CBV,10,8.03949,94.4033,False,14,MOVISTAR ESTUDIANTES,True
EL VENTERO CBV,1,8.533100000000005,43.3574,True,14,MOVISTAR ESTUDIANTES,True
EL VENTERO CBV,18,5.43018,51.2979,False,14,MOVISTAR ESTUDIANTES,True
EL VENTERO CBV,0,4.654399999999995,47.8948,True,14,MOVISTAR ESTUDIANTES,True
EL VENTERO CBV,0,5.35966,93.647,True,14,MOVISTAR ESTUDIANTES,True
EL VENTERO CBV,1,3.59662,52.6843,True,14,MOVISTAR ESTUDIANTES,True
EL VENTERO CBV,41,25.176299999999998,11.9737,True,14,MOVISTAR ESTUDIANTES,True
EL VENTERO CBV,18,4.866,48.6511,True,14,MOVISTAR ESTUDIANTES,True
EL VENTERO CBV,10,4.795500000000004,51.55,True,14,MOVISTAR ESTUDIANTES,True
EL VENTERO CBV,0,30.888599999999997,16.8892,False,14,MOVISTAR ESTUDIANTES,True
EL VENTERO CBV,18,5.289100000000005,50.6677,True,14,MOVISTAR ESTUDIANTES,True
EL VENTERO CBV,41,20.380799999999994,61.7591,False,14,MOVISTAR ESTUDIANTES,True
EL VENTERO CBV,1,28.772900000000007,19.41,False,14,MOVISTAR ESTUDIANTES,True
EL VENTERO CBV,0,7.05219,95.6637,True,14,MOVISTAR ESTUDIANTES,True
EL VENTERO CBV,1,6.4879999999999995,50.0375,False,14,MOVISTAR ESTUDIANTES,True
EL VENTERO CBV,3,5.28914,51.0458,False,14,MOVISTAR ESTUDIANTES,True
EL VENTERO CBV,18,4.795500000000004,51.2979,False,14,MOVISTAR ESTUDIANTES,True
EL VENTERO CBV,18,5.007099999999994,50.2896,False,14,MOVISTAR ESTUDIANTES,True
EL VENTERO CBV,0,5.28914,49.4073,True,14,MOVISTAR ESTUDIANTES,True
EL VENTERO CBV,41,32.9337,77.1359,True,14,MOVISTAR ESTUDIANTES,True
EL VENTERO CBV,10,9.943600000000004,94.0252,False,14,MOVISTAR ESTUDIANTES,True
EL VENTERO CBV,10,32.299,19.41,True,14,MOVISTAR ESTUDIANTES,True
EL VENTERO CBV,3,5.85331,50.7937,True,14,MOVISTAR ESTUDIANTES,True
EL VENTERO CBV,41,5.64175,49.1552,True,14,MOVISTAR ESTUDIANTES,True
EL VENTERO CBV,18,5.43018,51.2979,False,14,MOVISTAR ESTUDIANTES,True
MOVISTAR ESTUDIANTES,11,28.7729,83.6899,False,14,EL VENTERO CBV,False
MOVISTAR ESTUDIANTES,9,5.994399999999999,59.2384,True,14,EL VENTERO CBV,False
MOVISTAR ESTUDIANTES,11,32.2285,21.3006,False,14,EL VENTERO CBV,False
MOVISTAR ESTUDIANTES,25,4.58392,49.0292,True,14,EL VENTERO CBV,False
MOVISTAR ESTUDIANTES,2,32.8632,70.96,True,14,EL VENTERO CBV,False
MOVISTAR ESTUDIANTES,7,13.3992,43.7356,False,14,EL VENTERO CBV,False
MOVISTAR ESTUDIANTES,8,8.3921,50.0375,True,14,EL VENTERO CBV,False
MOVISTAR ESTUDIANTES,12,4.936499999999995,5.67176,True,14,EL VENTERO CBV,False
MOVISTAR ESTUDIANTES,25,25.528899999999993,49.5334,False,14,EL VENTERO CBV,False
MOVISTAR ESTUDIANTES,12,6.41749,56.5915,True,14,EL VENTERO CBV,False
MOVISTAR ESTUDIANTES,11,9.73202,6.42799,True,14,EL VENTERO CBV,False
MOVISTAR ESTUDIANTES,7,17.842,72.8506,True,14,EL VENTERO CBV,False
MOVISTAR ESTUDIANTES,12,7.54584,86.8409,False,14,EL VENTERO CBV,False
MOVISTAR ESTUDIANTES,6,30.606499999999997,16.7632,False,14,EL VENTERO CBV,False
MOVISTAR ESTUDIANTES,25,31.1707,78.2703,True,14,EL VENTERO CBV,False
MOVISTAR ESTUDIANTES,9,5.500699999999995,48.399,True,14,EL VENTERO CBV,False
MOVISTAR ESTUDIANTES,7,26.1636,13.6122,False,14,EL VENTERO CBV,False
MOVISTAR ESTUDIANTES,6,5.500699999999995,52.1802,False,14,EL VENTERO CBV,False
MOVISTAR ESTUDIANTES,25,29.407600000000002,15.8809,False,14,EL VENTERO CBV,False
MOVISTAR ESTUDIANTES,22,5.077600000000004,49.2813,True,14,EL VENTERO CBV,False
MOVISTAR ESTUDIANTES,6,7.052199999999999,52.4323,True,14,EL VENTERO CBV,False
MOVISTAR ESTUDIANTES,7,5.50071,52.9364,True,14,EL VENTERO CBV,False
MOVISTAR ESTUDIANTES,11,8.11001,95.1595,False,14,EL VENTERO CBV,False
MOVISTAR ESTUDIANTES,9,4.372399999999999,48.7771,True,14,EL VENTERO CBV,False
MOVISTAR ESTUDIANTES,6,5.64175,52.8104,False,14,EL VENTERO CBV,False
MOVISTAR ESTUDIANTES,2,35.8251,52.5583,True,14,EL VENTERO CBV,False
MOVISTAR ESTUDIANTES,7,37.3766,42.9793,False,14,EL VENTERO CBV,False
MOVISTAR ESTUDIANTES,6,15.4443,64.2799,True,14,EL VENTERO CBV,False
MOVISTAR ESTUDIANTES,19,32.01690000000001,77.0099,False,14,EL VENTERO CBV,False
MOVISTAR ESTUDIANTES,22,5.85331,48.0209,True,14,EL VENTERO CBV,False
MOVISTAR ESTUDIANTES,6,19.111400000000003,59.4904,False,14,EL VENTERO CBV,False
MOVISTAR ESTUDIANTES,2,30.183400000000006,21.1746,False,14,EL VENTERO CBV,False
MOVISTAR ESTUDIANTES,8,22.002799999999993,66.6747,True,14,EL VENTERO CBV,False
MOVISTAR ESTUDIANTES,2,5.571200000000005,49.6594,False,14,EL VENTERO CBV,False
MOVISTAR ESTUDIANTES,11,31.8759,19.41,False,14,EL VENTERO CBV,False
MOVISTAR ESTUDIANTES,6,32.4401,21.5527,False,14,EL VENTERO CBV,False
MOVISTAR ESTUDIANTES,6,34.9788,49.0292,False,14,EL VENTERO CBV,False
MOVISTAR ESTUDIANTES,25,27.7856,17.5194,False,14,EL VENTERO CBV,False
MOVISTAR ESTUDIANTES,22,5.50071,50.6677,False,14,EL VENTERO CBV,False
MOVISTAR ESTUDIANTES,12,4.866,49.6594,True,14,EL VENTERO CBV,False
MOVISTAR ESTUDIANTES,22,17.9831,48.273,False,14,EL VENTERO CBV,False
MOVISTAR ESTUDIANTES,2,31.8054,77.8921,True,14,EL VENTERO CBV,False
MOVISTAR ESTUDIANTES,8,8.11,4.41137,False,14,EL VENTERO CBV,False
MOVISTAR ESTUDIANTES,22,5.571200000000005,50.1636,True,14,EL VENTERO CBV,False
MOVISTAR ESTUDIANTES,6,32.6516,73.2287,True,14,EL VENTERO CBV,False
MOVISTAR ESTUDIANTES,22,31.8759,19.41,True,14,EL VENTERO CBV,False
MOVISTAR ESTUDIANTES,2,33.5684,26.4682,True,14,EL VENTERO CBV,False
MOVISTAR ESTUDIANTES,19,6.1354,51.1719,True,14,EL VENTERO CBV,False
MOVISTAR ESTUDIANTES,8,20.2398,90.244,False,14,EL VENTERO CBV,False
MOVISTAR ESTUDIANTES,2,34.485200000000006,29.6192,False,14,EL VENTERO CBV,False
MOVISTAR ESTUDIANTES,9,18.829300000000003,51.2979,False,14,EL VENTERO CBV,False
MOVISTAR ESTUDIANTES,11,29.901300000000006,19.7881,True,14,EL VENTERO CBV,False
MOVISTAR ESTUDIANTES,8,33.427400000000006,68.5653,True,14,EL VENTERO CBV,False
MOVISTAR ESTUDIANTES,19,9.16784,5.1676,False,14,EL VENTERO CBV,False
MOVISTAR ESTUDIANTES,2,5.712299999999999,50.1636,False,14,EL VENTERO CBV,False
MOVISTAR ESTUDIANTES,25,30.7475,82.1775,False,14,EL VENTERO CBV,False
MOVISTAR ESTUDIANTES,25,37.3061,51.0458,True,14,EL VENTERO CBV,False
MOVISTAR ESTUDIANTES,9,6.55853,48.273,True,14,EL VENTERO CBV,False
INMOBILIARIA GÁLVEZ SANTA CRUZ,16,33.0042,20.7964,False,14,PROBASKETLAB FUENLABRADA,True
INMOBILIARIA GÁLVEZ SANTA CRUZ,44,30.9591,33.0222,False,14,PROBASKETLAB FUENLABRADA,True
INMOBILIARIA GÁLVEZ SANTA CRUZ,11,22.708,7.68838,True,14,PROBASKETLAB FUENLABRADA,True
INMOBILIARIA GÁLVEZ SANTA CRUZ,8,7.82793,65.1622,True,14,PROBASKETLAB FUENLABRADA,True
INMOBILIARIA GÁLVEZ SANTA CRUZ,8,7.2637,62.1373,True,14,PROBASKETLAB FUENLABRADA,True
INMOBILIARIA GÁLVEZ SANTA CRUZ,44,27.080399999999997,13.3601,True,14,PROBASKETLAB FUENLABRADA,True
INMOBILIARIA GÁLVEZ SANTA CRUZ,24,13.7518,58.9863,True,14,PROBASKETLAB FUENLABRADA,True
INMOBILIARIA GÁLVEZ SANTA CRUZ,44,6.4879999999999995,70.3298,False,14,PROBASKETLAB FUENLABRADA,True
INMOBILIARIA GÁLVEZ SANTA CRUZ,6,10.4372,37.8117,True,14,PROBASKETLAB FUENLABRADA,True
INMOBILIARIA GÁLVEZ SANTA CRUZ,24,11.4245,63.6497,False,14,PROBASKETLAB FUENLABRADA,True
INMOBILIARIA GÁLVEZ SANTA CRUZ,15,9.94358,61.255,False,14,PROBASKETLAB FUENLABRADA,True
INMOBILIARIA GÁLVEZ SANTA CRUZ,15,35.1904,34.7868,False,14,PROBASKETLAB FUENLABRADA,True
INMOBILIARIA GÁLVEZ SANTA CRUZ,14,30.183400000000006,74.6151,False,14,PROBASKETLAB FUENLABRADA,True
INMOBILIARIA GÁLVEZ SANTA CRUZ,21,11.2835,56.3395,True,14,PROBASKETLAB FUENLABRADA,True
INMOBILIARIA GÁLVEZ SANTA CRUZ,15,35.6135,48.6511,True,14,PROBASKETLAB FUENLABRADA,True
INMOBILIARIA GÁLVEZ SANTA CRUZ,44,10.4372,6.55403,False,14,PROBASKETLAB FUENLABRADA,True
INMOBILIARIA GÁLVEZ SANTA CRUZ,21,7.5458,43.6095,False,14,PROBASKETLAB FUENLABRADA,True
INMOBILIARIA GÁLVEZ SANTA CRUZ,13,26.3752,84.5722,False,14,PROBASKETLAB FUENLABRADA,True
INMOBILIARIA GÁLVEZ SANTA CRUZ,21,10.0141,41.7189,False,14,PROBASKETLAB FUENLABRADA,True
INMOBILIARIA GÁLVEZ SANTA CRUZ,15,14.598,39.7023,False,14,PROBASKETLAB FUENLABRADA,True
INMOBILIARIA GÁLVEZ SANTA CRUZ,21,9.73202,35.2909,False,14,PROBASKETLAB FUENLABRADA,True
INMOBILIARIA GÁLVEZ SANTA CRUZ,15,9.379400000000004,44.3658,True,14,PROBASKETLAB FUENLABRADA,True
INMOBILIARIA GÁLVEZ SANTA CRUZ,21,8.956299999999999,28.6109,True,14,PROBASKETLAB FUENLABRADA,True
INMOBILIARIA GÁLVEZ SANTA CRUZ,15,22.3554,83.3118,False,14,PROBASKETLAB FUENLABRADA,True
INMOBILIARIA GÁLVEZ SANTA CRUZ,6,11.9182,38.694,False,14,PROBASKETLAB FUENLABRADA,True
INMOBILIARIA GÁLVEZ SANTA CRUZ,24,9.37941,39.5763,True,14,PROBASKETLAB FUENLABRADA,True
INMOBILIARIA GÁLVEZ SANTA CRUZ,24,8.88575,61.7591,False,14,PROBASKETLAB FUENLABRADA,True
INMOBILIARIA GÁLVEZ SANTA CRUZ,8,26.516199999999998,48.525,True,14,PROBASKETLAB FUENLABRADA,True
INMOBILIARIA GÁLVEZ SANTA CRUZ,44,6.770099999999999,63.3977,False,14,PROBASKETLAB FUENLABRADA,True
INMOBILIARIA GÁLVEZ SANTA CRUZ,8,32.29900000000001,34.2826,False,14,PROBASKETLAB FUENLABRADA,True
INMOBILIARIA GÁLVEZ SANTA CRUZ,8,29.055000000000007,24.0735,True,14,PROBASKETLAB FUENLABRADA,True
INMOBILIARIA GÁLVEZ SANTA CRUZ,15,31.4528,75.3714,False,14,PROBASKETLAB FUENLABRADA,True
INMOBILIARIA GÁLVEZ SANTA CRUZ,44,31.664299999999997,69.6996,True,14,PROBASKETLAB FUENLABRADA,True
INMOBILIARIA GÁLVEZ SANTA CRUZ,44,7.616399999999999,93.1429,True,14,PROBASKETLAB FUENLABRADA,True
INMOBILIARIA GÁLVEZ SANTA CRUZ,15,27.433,82.5556,False,14,PROBASKETLAB FUENLABRADA,True
INMOBILIARIA GÁLVEZ SANTA CRUZ,15,27.9267,79.5307,False,14,PROBASKETLAB FUENLABRADA,True
INMOBILIARIA GÁLVEZ SANTA CRUZ,44,26.3752,84.8243,True,14,PROBASKETLAB FUENLABRADA,True
INMOBILIARIA GÁLVEZ SANTA CRUZ,15,11.847700000000003,70.834,False,14,PROBASKETLAB FUENLABRADA,True
INMOBILIARIA GÁLVEZ SANTA CRUZ,8,10.7193,59.1123,True,14,PROBASKETLAB FUENLABRADA,True
INMOBILIARIA GÁLVEZ SANTA CRUZ,15,9.0268,77.7661,True,14,PROBASKETLAB FUENLABRADA,True
INMOBILIARIA GÁLVEZ SANTA CRUZ,24,12.4118,55.0791,True,14,PROBASKETLAB FUENLABRADA,True
INMOBILIARIA GÁLVEZ SANTA CRUZ,15,8.67419,42.7272,False,14,PROBASKETLAB FUENLABRADA,True
INMOBILIARIA GÁLVEZ SANTA CRUZ,14,31.8759,33.7785,True,14,PROBASKETLAB FUENLABRADA,True
INMOBILIARIA GÁLVEZ SANTA CRUZ,15,6.417500000000004,59.4904,True,14,PROBASKETLAB FUENLABRADA,True
INMOBILIARIA GÁLVEZ SANTA CRUZ,15,7.75741,40.4585,True,14,PROBASKETLAB FUENLABRADA,True
INMOBILIARIA GÁLVEZ SANTA CRUZ,6,8.533100000000005,39.7023,True,14,PROBASKETLAB FUENLABRADA,True
INMOBILIARIA GÁLVEZ SANTA CRUZ,15,30.606499999999997,21.6787,False,14,PROBASKETLAB FUENLABRADA,True
INMOBILIARIA GÁLVEZ SANTA CRUZ,15,10.6488,51.55,True,14,PROBASKETLAB FUENLABRADA,True
INMOBILIARIA GÁLVEZ SANTA CRUZ,8,8.251099999999994,41.3408,True,14,PROBASKETLAB FUENLABRADA,True
INMOBILIARIA GÁLVEZ SANTA CRUZ,6,15.1622,65.9184,False,14,PROBASKETLAB FUENLABRADA,True
INMOBILIARIA GÁLVEZ SANTA CRUZ,14,24.9647,86.5888,False,14,PROBASKETLAB FUENLABRADA,True
INMOBILIARIA GÁLVEZ SANTA CRUZ,6,11.2835,58.4821,True,14,PROBASKETLAB FUENLABRADA,True
INMOBILIARIA GÁLVEZ SANTA CRUZ,8,9.520499999999998,42.2231,False,14,PROBASKETLAB FUENLABRADA,True
INMOBILIARIA GÁLVEZ SANTA CRUZ,21,12.341300000000004,44.2397,False,14,PROBASKETLAB FUENLABRADA,True
INMOBILIARIA GÁLVEZ SANTA CRUZ,8,10.7193,62.8935,True,14,PROBASKETLAB FUENLABRADA,True
INMOBILIARIA GÁLVEZ SANTA CRUZ,8,15.162199999999999,54.0708,True,14,PROBASKETLAB FUENLABRADA,True
INMOBILIARIA GÁLVEZ SANTA CRUZ,15,11.918199999999999,46.7605,True,14,PROBASKETLAB FUENLABRADA,True
INMOBILIARIA GÁLVEZ SANTA CRUZ,44,7.122699999999995,3.65513,False,14,PROBASKETLAB FUENLABRADA,True
INMOBILIARIA GÁLVEZ SANTA CRUZ,15,7.122699999999995,79.9088,True,14,PROBASKETLAB FUENLABRADA,True
INMOBILIARIA GÁLVEZ SANTA CRUZ,8,14.456999999999994,58.7342,False,14,PROBASKETLAB FUENLABRADA,True
INMOBILIARIA GÁLVEZ SANTA CRUZ,24,10.0141,56.2134,False,14,PROBASKETLAB FUENLABRADA,True
INMOBILIARIA GÁLVEZ SANTA CRUZ,15,26.3752,84.8243,False,14,PROBASKETLAB FUENLABRADA,True
INMOBILIARIA GÁLVEZ SANTA CRUZ,8,8.885800000000003,42.3491,True,14,PROBASKETLAB FUENLABRADA,True
INMOBILIARIA GÁLVEZ SANTA CRUZ,15,30.536,85.4545,False,14,PROBASKETLAB FUENLABRADA,True
INMOBILIARIA GÁLVEZ SANTA CRUZ,15,33.78,44.4918,False,14,PROBASKETLAB FUENLABRADA,True
INMOBILIARIA GÁLVEZ SANTA CRUZ,8,26.234099999999998,50.4156,False,14,PROBASKETLAB FUENLABRADA,True
INMOBILIARIA GÁLVEZ SANTA CRUZ,15,9.52045,38.3159,True,14,PROBASKETLAB FUENLABRADA,True
INMOBILIARIA GÁLVEZ SANTA CRUZ,6,6.911100000000005,39.3242,False,14,PROBASKETLAB FUENLABRADA,True
INMOBILIARIA GÁLVEZ SANTA CRUZ,24,10.2962,43.6095,True,14,PROBASKETLAB FUENLABRADA,True
INMOBILIARIA GÁLVEZ SANTA CRUZ,44,32.6516,78.1442,True,14,PROBASKETLAB FUENLABRADA,True
INMOBILIARIA GÁLVEZ SANTA CRUZ,14,27.292,18.2757,False,14,PROBASKETLAB FUENLABRADA,True
PROBASKETLAB FUENLABRADA,7,9.873099999999994,40.4585,False,14,INMOBILIARIA GÁLVEZ SANTA CRUZ,False
PROBASKETLAB FUENLABRADA,7,28.1382,15.8809,True,14,INMOBILIARIA GÁLVEZ SANTA CRUZ,False
PROBASKETLAB FUENLABRADA,10,7.968999999999994,39.1982,True,14,INMOBILIARIA GÁLVEZ SANTA CRUZ,False
PROBASKETLAB FUENLABRADA,5,32.863200000000006,60.7508,False,14,INMOBILIARIA GÁLVEZ SANTA CRUZ,False
PROBASKETLAB FUENLABRADA,7,9.87306,60.1206,True,14,INMOBILIARIA GÁLVEZ SANTA CRUZ,False
PROBASKETLAB FUENLABRADA,7,8.3921,43.3574,False,14,INMOBILIARIA GÁLVEZ SANTA CRUZ,False
PROBASKETLAB FUENLABRADA,7,6.417500000000004,62.7675,True,14,INMOBILIARIA GÁLVEZ SANTA CRUZ,False
PROBASKETLAB FUENLABRADA,14,15.232699999999994,44.2397,False,14,INMOBILIARIA GÁLVEZ SANTA CRUZ,False
PROBASKETLAB FUENLABRADA,7,32.3695,30.8796,False,14,INMOBILIARIA GÁLVEZ SANTA CRUZ,False
PROBASKETLAB FUENLABRADA,8,9.943600000000004,61.129,False,14,INMOBILIARIA GÁLVEZ SANTA CRUZ,False
PROBASKETLAB FUENLABRADA,7,11.777100000000004,36.8034,False,14,INMOBILIARIA GÁLVEZ SANTA CRUZ,False
PROBASKETLAB FUENLABRADA,3,10.719300000000004,71.5902,False,14,INMOBILIARIA GÁLVEZ SANTA CRUZ,False
PROBASKETLAB FUENLABRADA,11,13.0465,51.0458,False,14,INMOBILIARIA GÁLVEZ SANTA CRUZ,False
PROBASKETLAB FUENLABRADA,7,13.751800000000003,42.8533,False,14,INMOBILIARIA GÁLVEZ SANTA CRUZ,False
PROBASKETLAB FUENLABRADA,11,7.686899999999994,40.0804,True,14,INMOBILIARIA GÁLVEZ SANTA CRUZ,False
PROBASKETLAB FUENLABRADA,3,10.860399999999998,59.3644,True,14,INMOBILIARIA GÁLVEZ SANTA CRUZ,False
PROBASKETLAB FUENLABRADA,13,34.9083,50.9198,True,14,INMOBILIARIA GÁLVEZ SANTA CRUZ,False
PROBASKETLAB FUENLABRADA,7,6.629099999999994,63.6497,True,14,INMOBILIARIA GÁLVEZ SANTA CRUZ,False
PROBASKETLAB FUENLABRADA,11,11.7066,41.845,True,14,INMOBILIARIA GÁLVEZ SANTA CRUZ,False
PROBASKETLAB FUENLABRADA,11,18.6178,54.4489,True,14,INMOBILIARIA GÁLVEZ SANTA CRUZ,False
PROBASKETLAB FUENLABRADA,12,11.001400000000004,39.9544,True,14,INMOBILIARIA GÁLVEZ SANTA CRUZ,False
PROBASKETLAB FUENLABRADA,14,28.772900000000007,22.1829,False,14,INMOBILIARIA GÁLVEZ SANTA CRUZ,False
PROBASKETLAB FUENLABRADA,13,25.7405,87.9753,True,14,INMOBILIARIA GÁLVEZ SANTA CRUZ,False
PROBASKETLAB FUENLABRADA,8,18.7588,54.3228,False,14,INMOBILIARIA GÁLVEZ SANTA CRUZ,False
PROBASKETLAB FUENLABRADA,8,12.7645,34.1566,True,14,INMOBILIARIA GÁLVEZ SANTA CRUZ,False
PROBASKETLAB FUENLABRADA,5,11.2835,40.4585,True,14,INMOBILIARIA GÁLVEZ SANTA CRUZ,False
PROBASKETLAB FUENLABRADA,8,14.1044,49.6594,False,14,INMOBILIARIA GÁLVEZ SANTA CRUZ,False
PROBASKETLAB FUENLABRADA,10,12.764499999999998,57.4738,False,14,INMOBILIARIA GÁLVEZ SANTA CRUZ,False
PROBASKETLAB FUENLABRADA,7,32.01690000000001,70.834,False,14,INMOBILIARIA GÁLVEZ SANTA CRUZ,False
PROBASKETLAB FUENLABRADA,7,8.674199999999999,43.1054,True,14,INMOBILIARIA GÁLVEZ SANTA CRUZ,False
PROBASKETLAB FUENLABRADA,10,7.686899999999994,59.6165,True,14,INMOBILIARIA GÁLVEZ SANTA CRUZ,False
PROBASKETLAB FUENLABRADA,14,9.238399999999999,43.2314,True,14,INMOBILIARIA GÁLVEZ SANTA CRUZ,False
PROBASKETLAB FUENLABRADA,10,7.968999999999994,61.6331,True,14,INMOBILIARIA GÁLVEZ SANTA CRUZ,False
PROBASKETLAB FUENLABRADA,2,12.2708,53.9447,True,14,INMOBILIARIA GÁLVEZ SANTA CRUZ,False
PROBASKETLAB FUENLABRADA,11,11.4245,44.9959,True,14,INMOBILIARIA GÁLVEZ SANTA CRUZ,False
PROBASKETLAB FUENLABRADA,13,12.129800000000003,45.248,False,14,INMOBILIARIA GÁLVEZ SANTA CRUZ,False
PROBASKETLAB FUENLABRADA,10,4.724999999999994,63.6497,True,14,INMOBILIARIA GÁLVEZ SANTA CRUZ,False
PROBASKETLAB FUENLABRADA,8,13.0465,40.9627,True,14,INMOBILIARIA GÁLVEZ SANTA CRUZ,False
PROBASKETLAB FUENLABRADA,7,10.8604,51.4239,True,14,INMOBILIARIA GÁLVEZ SANTA CRUZ,False
PROBASKETLAB FUENLABRADA,13,13.4697,57.0957,False,14,INMOBILIARIA GÁLVEZ SANTA CRUZ,False
PROBASKETLAB FUENLABRADA,13,11.5656,59.8686,True,14,INMOBILIARIA GÁLVEZ SANTA CRUZ,False
PROBASKETLAB FUENLABRADA,13,36.5303,49.4073,False,14,INMOBILIARIA GÁLVEZ SANTA CRUZ,False
PROBASKETLAB FUENLABRADA,11,32.7927,76.8838,False,14,INMOBILIARIA GÁLVEZ SANTA CRUZ,False
PROBASKETLAB FUENLABRADA,8,7.122699999999995,38.82,True,14,INMOBILIARIA GÁLVEZ SANTA CRUZ,False
PROBASKETLAB FUENLABRADA,13,23.2722,88.3534,False,14,INMOBILIARIA GÁLVEZ SANTA CRUZ,False
PROBASKETLAB FUENLABRADA,13,29.266599999999997,83.816,True,14,INMOBILIARIA GÁLVEZ SANTA CRUZ,False
PROBASKETLAB FUENLABRADA,14,8.11001,11.0914,False,14,INMOBILIARIA GÁLVEZ SANTA CRUZ,False
PROBASKETLAB FUENLABRADA,8,35.1199,30.7535,False,14,INMOBILIARIA GÁLVEZ SANTA CRUZ,False
PROBASKETLAB FUENLABRADA,3,8.815200000000004,44.8699,False,14,INMOBILIARIA GÁLVEZ SANTA CRUZ,False
PROBASKETLAB FUENLABRADA,10,28.349800000000002,84.0681,True,14,INMOBILIARIA GÁLVEZ SANTA CRUZ,False
PROBASKETLAB FUENLABRADA,8,12.9055,55.4572,True,14,INMOBILIARIA GÁLVEZ SANTA CRUZ,False
PROBASKETLAB FUENLABRADA,14,33.6389,58.6082,False,14,INMOBILIARIA GÁLVEZ SANTA CRUZ,False
PROBASKETLAB FUENLABRADA,11,11.9182,41.4669,False,14,INMOBILIARIA GÁLVEZ SANTA CRUZ,False
PROBASKETLAB FUENLABRADA,7,8.603700000000003,42.9793,False,14,INMOBILIARIA GÁLVEZ SANTA CRUZ,False
PROBASKETLAB FUENLABRADA,11,7.334299999999999,63.3977,False,14,INMOBILIARIA GÁLVEZ SANTA CRUZ,False
PROBASKETLAB FUENLABRADA,2,11.283500000000004,44.1137,False,14,INMOBILIARIA GÁLVEZ SANTA CRUZ,False
PROBASKETLAB FUENLABRADA,7,9.73202,61.5071,True,14,INMOBILIARIA GÁLVEZ SANTA CRUZ,False
PROBASKETLAB FUENLABRADA,10,33.63890000000001,44.3658,False,14,INMOBILIARIA GÁLVEZ SANTA CRUZ,False
PROBASKETLAB FUENLABRADA,10,13.2581,95.4116,True,14,INMOBILIARIA GÁLVEZ SANTA CRUZ,False
PROBASKETLAB FUENLABRADA,2,6.770099999999999,93.0168,True,14,INMOBILIARIA GÁLVEZ SANTA CRUZ,False
SUMIALKI CB CIUDAD DE MOSTOLES,88,5.782799999999995,4.66345,False,14,FUNDACION GLOBALCAJA LA RODA,True
SUMIALKI CB CIUDAD DE MOSTOLES,22,6.69958,41.845,False,14,FUNDACION GLOBALCAJA LA RODA,True
SUMIALKI CB CIUDAD DE MOSTOLES,29,33.07470000000001,73.1027,True,14,FUNDACION GLOBALCAJA LA RODA,True
SUMIALKI CB CIUDAD DE MOSTOLES,12,34.5557,69.0694,False,14,FUNDACION GLOBALCAJA LA RODA,True
SUMIALKI CB CIUDAD DE MOSTOLES,22,24.5416,92.0085,False,14,FUNDACION GLOBALCAJA LA RODA,True
SUMIALKI CB CIUDAD DE MOSTOLES,22,10.084599999999995,54.4489,True,14,FUNDACION GLOBALCAJA LA RODA,True
SUMIALKI CB CIUDAD DE MOSTOLES,29,20.662899999999993,73.7329,True,14,FUNDACION GLOBALCAJA LA RODA,True
SUMIALKI CB CIUDAD DE MOSTOLES,29,10.930899999999994,53.3145,True,14,FUNDACION GLOBALCAJA LA RODA,True
SUMIALKI CB CIUDAD DE MOSTOLES,25,7.8279,49.5334,True,14,FUNDACION GLOBALCAJA LA RODA,True
SUMIALKI CB CIUDAD DE MOSTOLES,39,8.11001,51.0458,True,14,FUNDACION GLOBALCAJA LA RODA,True
SUMIALKI CB CIUDAD DE MOSTOLES,29,8.462599999999995,50.7937,True,14,FUNDACION GLOBALCAJA LA RODA,True
SUMIALKI CB CIUDAD DE MOSTOLES,15,32.2285,17.1413,False,14,FUNDACION GLOBALCAJA LA RODA,True
SUMIALKI CB CIUDAD DE MOSTOLES,29,12.3413,53.8187,True,14,FUNDACION GLOBALCAJA LA RODA,True
SUMIALKI CB CIUDAD DE MOSTOLES,88,8.25106,52.9364,False,14,FUNDACION GLOBALCAJA LA RODA,True
SUMIALKI CB CIUDAD DE MOSTOLES,8,36.6714,38.694,False,14,FUNDACION GLOBALCAJA LA RODA,True
SUMIALKI CB CIUDAD DE MOSTOLES,15,33.2863,22.561,True,14,FUNDACION GLOBALCAJA LA RODA,True
SUMIALKI CB CIUDAD DE MOSTOLES,39,36.8829,47.7688,False,14,FUNDACION GLOBALCAJA LA RODA,True
SUMIALKI CB CIUDAD DE MOSTOLES,29,28.6319,85.2024,True,14,FUNDACION GLOBALCAJA LA RODA,True
SUMIALKI CB CIUDAD DE MOSTOLES,25,17.630499999999998,21.9308,False,14,FUNDACION GLOBALCAJA LA RODA,True
SUMIALKI CB CIUDAD DE MOSTOLES,88,10.7193,59.8686,True,14,FUNDACION GLOBALCAJA LA RODA,True
SUMIALKI CB CIUDAD DE MOSTOLES,8,32.792699999999996,27.9807,True,14,FUNDACION GLOBALCAJA LA RODA,True
SUMIALKI CB CIUDAD DE MOSTOLES,6,10.7193,5.41968,False,14,FUNDACION GLOBALCAJA LA RODA,True
SUMIALKI CB CIUDAD DE MOSTOLES,8,10.084599999999995,51.4239,True,14,FUNDACION GLOBALCAJA LA RODA,True
SUMIALKI CB CIUDAD DE MOSTOLES,88,8.321600000000004,59.4904,False,14,FUNDACION GLOBALCAJA LA RODA,True
SUMIALKI CB CIUDAD DE MOSTOLES,39,21.8618,94.4033,False,14,FUNDACION GLOBALCAJA LA RODA,True
SUMIALKI CB CIUDAD DE MOSTOLES,22,8.53315,46.6345,True,14,FUNDACION GLOBALCAJA LA RODA,True
SUMIALKI CB CIUDAD DE MOSTOLES,15,7.686899999999994,38.4419,False,14,FUNDACION GLOBALCAJA LA RODA,True
SUMIALKI CB CIUDAD DE MOSTOLES,22,7.475300000000004,51.2979,False,14,FUNDACION GLOBALCAJA LA RODA,True
SUMIALKI CB CIUDAD DE MOSTOLES,22,14.880099999999999,83.1858,False,14,FUNDACION GLOBALCAJA LA RODA,True
SUMIALKI CB CIUDAD DE MOSTOLES,88,13.258099999999999,56.9697,True,14,FUNDACION GLOBALCAJA LA RODA,True
SUMIALKI CB CIUDAD DE MOSTOLES,8,11.424499999999995,46.0043,False,14,FUNDACION GLOBALCAJA LA RODA,True
SUMIALKI CB CIUDAD DE MOSTOLES,29,12.0592,48.525,True,14,FUNDACION GLOBALCAJA LA RODA,True
SUMIALKI CB CIUDAD DE MOSTOLES,22,34.4852,70.5819,False,14,FUNDACION GLOBALCAJA LA RODA,True
SUMIALKI CB CIUDAD DE MOSTOLES,88,10.0141,48.7771,True,14,FUNDACION GLOBALCAJA LA RODA,True
SUMIALKI CB CIUDAD DE MOSTOLES,29,37.3061,52.0541,True,14,FUNDACION GLOBALCAJA LA RODA,True
SUMIALKI CB CIUDAD DE MOSTOLES,15,32.0874,75.8755,False,14,FUNDACION GLOBALCAJA LA RODA,True
SUMIALKI CB CIUDAD DE MOSTOLES,88,30.888599999999997,18.4017,False,14,FUNDACION GLOBALCAJA LA RODA,True
SUMIALKI CB CIUDAD DE MOSTOLES,11,31.7348,24.7037,False,14,FUNDACION GLOBALCAJA LA RODA,True
SUMIALKI CB CIUDAD DE MOSTOLES,22,30.677000000000007,15.3768,False,14,FUNDACION GLOBALCAJA LA RODA,True
SUMIALKI CB CIUDAD DE MOSTOLES,88,9.590999999999994,55.9613,False,14,FUNDACION GLOBALCAJA LA RODA,True
SUMIALKI CB CIUDAD DE MOSTOLES,88,8.81523,52.5583,False,14,FUNDACION GLOBALCAJA LA RODA,True
SUMIALKI CB CIUDAD DE MOSTOLES,39,28.8434,83.5639,False,14,FUNDACION GLOBALCAJA LA RODA,True
SUMIALKI CB CIUDAD DE MOSTOLES,22,31.8054,16.007,True,14,FUNDACION GLOBALCAJA LA RODA,True
SUMIALKI CB CIUDAD DE MOSTOLES,8,17.277900000000002,72.9766,True,14,FUNDACION GLOBALCAJA LA RODA,True
SUMIALKI CB CIUDAD DE MOSTOLES,8,12.6939,73.6068,True,14,FUNDACION GLOBALCAJA LA RODA,True
SUMIALKI CB CIUDAD DE MOSTOLES,29,34.97880000000001,73.8589,False,14,FUNDACION GLOBALCAJA LA RODA,True
SUMIALKI CB CIUDAD DE MOSTOLES,39,9.87306,51.0458,False,14,FUNDACION GLOBALCAJA LA RODA,True
SUMIALKI CB CIUDAD DE MOSTOLES,11,8.18054,42.2231,True,14,FUNDACION GLOBALCAJA LA RODA,True
SUMIALKI CB CIUDAD DE MOSTOLES,15,11.283500000000004,52.6843,True,14,FUNDACION GLOBALCAJA LA RODA,True
SUMIALKI CB CIUDAD DE MOSTOLES,39,10.5783,48.0209,False,14,FUNDACION GLOBALCAJA LA RODA,True
SUMIALKI CB CIUDAD DE MOSTOLES,12,37.4471,59.6165,False,14,FUNDACION GLOBALCAJA LA RODA,True
SUMIALKI CB CIUDAD DE MOSTOLES,22,8.744699999999995,53.3145,True,14,FUNDACION GLOBALCAJA LA RODA,True
SUMIALKI CB CIUDAD DE MOSTOLES,22,31.664299999999997,13.3601,False,14,FUNDACION GLOBALCAJA LA RODA,True
SUMIALKI CB CIUDAD DE MOSTOLES,88,7.4047999999999945,55.9613,True,14,FUNDACION GLOBALCAJA LA RODA,True
SUMIALKI CB CIUDAD DE MOSTOLES,29,30.2539,24.4516,False,14,FUNDACION GLOBALCAJA LA RODA,True
SUMIALKI CB CIUDAD DE MOSTOLES,12,23.8364,9.07481,False,14,FUNDACION GLOBALCAJA LA RODA,True
SUMIALKI CB CIUDAD DE MOSTOLES,29,10.1551,52.4323,True,14,FUNDACION GLOBALCAJA LA RODA,True
SUMIALKI CB CIUDAD DE MOSTOLES,29,29.7602,79.1525,True,14,FUNDACION GLOBALCAJA LA RODA,True
SUMIALKI CB CIUDAD DE MOSTOLES,29,21.9323,74.8672,False,14,FUNDACION GLOBALCAJA LA RODA,True
SUMIALKI CB CIUDAD DE MOSTOLES,88,9.30889,17.6455,False,14,FUNDACION GLOBALCAJA LA RODA,True
SUMIALKI CB CIUDAD DE MOSTOLES,39,31.3117,80.4129,True,14,FUNDACION GLOBALCAJA LA RODA,True
SUMIALKI CB CIUDAD DE MOSTOLES,11,23.1312,9.83105,True,14,FUNDACION GLOBALCAJA LA RODA,True
SUMIALKI CB CIUDAD DE MOSTOLES,29,34.9788,50.4156,True,14,FUNDACION GLOBALCAJA LA RODA,True
SUMIALKI CB CIUDAD DE MOSTOLES,88,9.590999999999994,55.9613,False,14,FUNDACION GLOBALCAJA LA RODA,True
SUMIALKI CB CIUDAD DE MOSTOLES,29,31.382199999999997,78.3963,True,14,FUNDACION GLOBALCAJA LA RODA,True
SUMIALKI CB CIUDAD DE MOSTOLES,22,33.2863,81.2952,False,14,FUNDACION GLOBALCAJA LA RODA,True
SUMIALKI CB CIUDAD DE MOSTOLES,29,30.8181,24.3255,True,14,FUNDACION GLOBALCAJA LA RODA,True
SUMIALKI CB CIUDAD DE MOSTOLES,25,35.825100000000006,48.273,False,14,FUNDACION GLOBALCAJA LA RODA,True
FUNDACION GLOBALCAJA LA RODA,20,7.4048,47.6428,False,14,SUMIALKI CB CIUDAD DE MOSTOLES,False
FUNDACION GLOBALCAJA LA RODA,25,10.648799999999994,51.1719,True,14,SUMIALKI CB CIUDAD DE MOSTOLES,False
FUNDACION GLOBALCAJA LA RODA,0,8.3921,51.2979,True,14,SUMIALKI CB CIUDAD DE MOSTOLES,False
FUNDACION GLOBALCAJA LA RODA,9,30.324399999999997,77.7661,False,14,SUMIALKI CB CIUDAD DE MOSTOLES,False
FUNDACION GLOBALCAJA LA RODA,4,9.026799999999994,53.3145,True,14,SUMIALKI CB CIUDAD DE MOSTOLES,False
FUNDACION GLOBALCAJA LA RODA,4,8.603700000000003,51.0458,False,14,SUMIALKI CB CIUDAD DE MOSTOLES,False
FUNDACION GLOBALCAJA LA RODA,0,10.3667,67.1788,False,14,SUMIALKI CB CIUDAD DE MOSTOLES,False
FUNDACION GLOBALCAJA LA RODA,4,7.33427,55.2051,True,14,SUMIALKI CB CIUDAD DE MOSTOLES,False
FUNDACION GLOBALCAJA LA RODA,20,11.213,47.3907,False,14,SUMIALKI CB CIUDAD DE MOSTOLES,False
FUNDACION GLOBALCAJA LA RODA,7,10.578299999999999,50.2896,False,14,SUMIALKI CB CIUDAD DE MOSTOLES,False
FUNDACION GLOBALCAJA LA RODA,4,8.67419,50.0375,True,14,SUMIALKI CB CIUDAD DE MOSTOLES,False
FUNDACION GLOBALCAJA LA RODA,20,9.379400000000004,45.5001,True,14,SUMIALKI CB CIUDAD DE MOSTOLES,False
FUNDACION GLOBALCAJA LA RODA,4,7.61636,49.6594,True,14,SUMIALKI CB CIUDAD DE MOSTOLES,False
FUNDACION GLOBALCAJA LA RODA,10,8.88575,48.1469,False,14,SUMIALKI CB CIUDAD DE MOSTOLES,False
FUNDACION GLOBALCAJA LA RODA,4,30.677000000000007,78.1442,False,14,SUMIALKI CB CIUDAD DE MOSTOLES,False
FUNDACION GLOBALCAJA LA RODA,33,22.214399999999998,92.7648,False,14,SUMIALKI CB CIUDAD DE MOSTOLES,False
FUNDACION GLOBALCAJA LA RODA,25,8.3921,53.3145,False,14,SUMIALKI CB CIUDAD DE MOSTOLES,False
FUNDACION GLOBALCAJA LA RODA,4,30.8181,86.3368,False,14,SUMIALKI CB CIUDAD DE MOSTOLES,False
FUNDACION GLOBALCAJA LA RODA,4,5.6417,52.6843,True,14,SUMIALKI CB CIUDAD DE MOSTOLES,False
FUNDACION GLOBALCAJA LA RODA,20,6.770099999999999,55.7093,True,14,SUMIALKI CB CIUDAD DE MOSTOLES,False
FUNDACION GLOBALCAJA LA RODA,25,9.590999999999994,49.0292,True,14,SUMIALKI CB CIUDAD DE MOSTOLES,False
FUNDACION GLOBALCAJA LA RODA,20,18.6178,6.04988,False,14,SUMIALKI CB CIUDAD DE MOSTOLES,False
FUNDACION GLOBALCAJA LA RODA,4,34.97880000000001,51.4239,False,14,SUMIALKI CB CIUDAD DE MOSTOLES,False
FUNDACION GLOBALCAJA LA RODA,0,19.816599999999994,25.2078,True,14,SUMIALKI CB CIUDAD DE MOSTOLES,False
FUNDACION GLOBALCAJA LA RODA,25,10.0141,51.4239,True,14,SUMIALKI CB CIUDAD DE MOSTOLES,False
FUNDACION GLOBALCAJA LA RODA,25,8.533100000000005,57.7259,False,14,SUMIALKI CB CIUDAD DE MOSTOLES,False
FUNDACION GLOBALCAJA LA RODA,20,5.218599999999995,50.7937,True,14,SUMIALKI CB CIUDAD DE MOSTOLES,False
FUNDACION GLOBALCAJA LA RODA,20,5.782799999999995,50.7937,True,14,SUMIALKI CB CIUDAD DE MOSTOLES,False
FUNDACION GLOBALCAJA LA RODA,4,9.520499999999998,48.9032,True,14,SUMIALKI CB CIUDAD DE MOSTOLES,False
FUNDACION GLOBALCAJA LA RODA,10,12.2003,96.1678,True,14,SUMIALKI CB CIUDAD DE MOSTOLES,False
FUNDACION GLOBALCAJA LA RODA,0,11.0719,50.2896,True,14,SUMIALKI CB CIUDAD DE MOSTOLES,False
FUNDACION GLOBALCAJA LA RODA,9,36.2482,45.3741,False,14,SUMIALKI CB CIUDAD DE MOSTOLES,False
FUNDACION GLOBALCAJA LA RODA,4,8.88575,48.1469,False,14,SUMIALKI CB CIUDAD DE MOSTOLES,False
FUNDACION GLOBALCAJA LA RODA,25,9.4499,50.4156,True,14,SUMIALKI CB CIUDAD DE MOSTOLES,False
FUNDACION GLOBALCAJA LA RODA,9,8.744699999999995,55.5832,True,14,SUMIALKI CB CIUDAD DE MOSTOLES,False
FUNDACION GLOBALCAJA LA RODA,4,7.8279,53.1885,True,14,SUMIALKI CB CIUDAD DE MOSTOLES,False
FUNDACION GLOBALCAJA LA RODA,9,8.956299999999999,57.2217,False,14,SUMIALKI CB CIUDAD DE MOSTOLES,False
FUNDACION GLOBALCAJA LA RODA,4,17.5599,54.701,False,14,SUMIALKI CB CIUDAD DE MOSTOLES,False
FUNDACION GLOBALCAJA LA RODA,4,29.4076,90.6221,False,14,SUMIALKI CB CIUDAD DE MOSTOLES,False
FUNDACION GLOBALCAJA LA RODA,0,31.2412,17.3934,True,14,SUMIALKI CB CIUDAD DE MOSTOLES,False
FUNDACION GLOBALCAJA LA RODA,0,29.1961,80.539,False,14,SUMIALKI CB CIUDAD DE MOSTOLES,False
FUNDACION GLOBALCAJA LA RODA,25,9.520499999999998,53.6926,False,14,SUMIALKI CB CIUDAD DE MOSTOLES,False
FUNDACION GLOBALCAJA LA RODA,0,9.520499999999998,52.4323,False,14,SUMIALKI CB CIUDAD DE MOSTOLES,False
FUNDACION GLOBALCAJA LA RODA,0,31.4528,80.665,False,14,SUMIALKI CB CIUDAD DE MOSTOLES,False
FUNDACION GLOBALCAJA LA RODA,4,15.2327,24.4516,False,14,SUMIALKI CB CIUDAD DE MOSTOLES,False
FUNDACION GLOBALCAJA LA RODA,25,11.9887,52.3062,True,14,SUMIALKI CB CIUDAD DE MOSTOLES,False
FUNDACION GLOBALCAJA LA RODA,4,6.911100000000005,42.3491,False,14,SUMIALKI CB CIUDAD DE MOSTOLES,False
FUNDACION GLOBALCAJA LA RODA,4,5.99436,49.2813,True,14,SUMIALKI CB CIUDAD DE MOSTOLES,False
FUNDACION GLOBALCAJA LA RODA,25,8.603700000000003,52.9364,True,14,SUMIALKI CB CIUDAD DE MOSTOLES,False
FUNDACION GLOBALCAJA LA RODA,4,34.6262,52.6843,False,14,SUMIALKI CB CIUDAD DE MOSTOLES,False
FUNDACION GLOBALCAJA LA RODA,9,34.5557,79.0265,False,14,SUMIALKI CB CIUDAD DE MOSTOLES,False
FUNDACION GLOBALCAJA LA RODA,6,33.78,28.4848,True,14,SUMIALKI CB CIUDAD DE MOSTOLES,False
FUNDACION GLOBALCAJA LA RODA,10,6.91114,60.8769,False,14,SUMIALKI CB CIUDAD DE MOSTOLES,False
FUNDACION GLOBALCAJA LA RODA,20,9.23836,53.1885,False,14,SUMIALKI CB CIUDAD DE MOSTOLES,False
FUNDACION GLOBALCAJA LA RODA,6,6.91114,60.8769,True,14,SUMIALKI CB CIUDAD DE MOSTOLES,False
FUNDACION GLOBALCAJA LA RODA,4,29.1961,80.539,False,14,SUMIALKI CB CIUDAD DE MOSTOLES,False
FUNDACION GLOBALCAJA LA RODA,10,7.757400000000004,54.827,True,14,SUMIALKI CB CIUDAD DE MOSTOLES,False
FUNDACION GLOBALCAJA LA RODA,9,10.5783,49.7854,True,14,SUMIALKI CB CIUDAD DE MOSTOLES,False
FUNDACION GLOBALCAJA LA RODA,9,35.2609,77.7661,False,14,SUMIALKI CB CIUDAD DE MOSTOLES,False
FUNDACION GLOBALCAJA LA RODA,20,8.462599999999995,53.3145,True,14,SUMIALKI CB CIUDAD DE MOSTOLES,False
FUNDACION GLOBALCAJA LA RODA,20,9.590999999999994,46.1303,False,14,SUMIALKI CB CIUDAD DE MOSTOLES,False
FUNDACION GLOBALCAJA LA RODA,4,12.4118,42.2231,True,14,SUMIALKI CB CIUDAD DE MOSTOLES,False
FUNDACION GLOBALCAJA LA RODA,6,28.2793,86.967,False,14,SUMIALKI CB CIUDAD DE MOSTOLES,False
FUNDACION GLOBALCAJA LA RODA,25,6.98166,45.7522,False,14,SUMIALKI CB CIUDAD DE MOSTOLES,False
FUNDACION GLOBALCAJA LA RODA,0,7.33427,50.0375,True,14,SUMIALKI CB CIUDAD DE MOSTOLES,False
FUNDACION GLOBALCAJA LA RODA,4,8.321600000000004,48.9032,True,14,SUMIALKI CB CIUDAD DE MOSTOLES,False
FUNDACION GLOBALCAJA LA RODA,20,22.919600000000003,9.07481,False,14,SUMIALKI CB CIUDAD DE MOSTOLES,False
FUNDACION GLOBALCAJA LA RODA,9,26.7278,14.1164,False,14,SUMIALKI CB CIUDAD DE MOSTOLES,False
FUNDACION GLOBALCAJA LA RODA,4,11.6361,72.9766,False,14,SUMIALKI CB CIUDAD DE MOSTOLES,False
FUNDACION GLOBALCAJA LA RODA,3,30.394900000000007,16.5111,True,14,SUMIALKI CB CIUDAD DE MOSTOLES,False
FUNDACION GLOBALCAJA LA RODA,4,7.96897,48.399,False,14,SUMIALKI CB CIUDAD DE MOSTOLES,False
FUNDACION GLOBALCAJA LA RODA,3,33.07470000000001,67.3049,True,14,SUMIALKI CB CIUDAD DE MOSTOLES,False
FUNDACION GLOBALCAJA LA RODA,0,27.574,10.4612,True,14,SUMIALKI CB CIUDAD DE MOSTOLES,False
FUNDACION GLOBALCAJA LA RODA,6,29.055000000000007,17.8975,False,14,SUMIALKI CB CIUDAD DE MOSTOLES,False
TOBARRA CB,26,8.039500000000004,54.4489,False,15,EL VENTERO CBV,True
TOBARRA CB,31,7.47532,47.5167,True,15,EL VENTERO CBV,True
TOBARRA CB,34,24.1185,52.8104,False,15,EL VENTERO CBV,True
TOBARRA CB,26,10.2962,50.9198,False,15,EL VENTERO CBV,True
TOBARRA CB,82,26.7983,85.8326,False,15,EL VENTERO CBV,True
TOBARRA CB,34,7.2637,51.1719,False,15,EL VENTERO CBV,True
TOBARRA CB,21,29.407600000000002,71.7162,False,15,EL VENTERO CBV,True
TOBARRA CB,26,6.98166,52.8104,True,15,EL VENTERO CBV,True
TOBARRA CB,82,32.9337,49.7854,True,15,EL VENTERO CBV,True
TOBARRA CB,5,29.337100000000007,79.7827,False,15,EL VENTERO CBV,True
TOBARRA CB,21,14.2454,52.0541,True,15,EL VENTERO CBV,True
TOBARRA CB,5,32.6516,20.9225,False,15,EL VENTERO CBV,True
TOBARRA CB,21,7.616399999999999,92.5127,False,15,EL VENTERO CBV,True
TOBARRA CB,5,15.6559,51.9281,False,15,EL VENTERO CBV,True
TOBARRA CB,21,12.4118,49.4073,False,15,EL VENTERO CBV,True
TOBARRA CB,21,18.8999,26.9724,False,15,EL VENTERO CBV,True
TOBARRA CB,5,27.009900000000002,87.4711,False,15,EL VENTERO CBV,True
TOBARRA CB,21,31.5938,82.6816,False,15,EL VENTERO CBV,True
TOBARRA CB,21,11.495099999999994,50.5417,False,15,EL VENTERO CBV,True
TOBARRA CB,82,29.901300000000006,80.9171,False,15,EL VENTERO CBV,True
TOBARRA CB,82,7.616399999999999,49.0292,True,15,EL VENTERO CBV,True
TOBARRA CB,31,13.4697,54.1968,False,15,EL VENTERO CBV,True
TOBARRA CB,5,6.770099999999999,7.43631,False,15,EL VENTERO CBV,True
TOBARRA CB,26,10.437200000000004,56.7176,False,15,EL VENTERO CBV,True
TOBARRA CB,34,8.533100000000005,49.2813,True,15,EL VENTERO CBV,True
TOBARRA CB,34,8.67419,53.0624,True,15,EL VENTERO CBV,True
TOBARRA CB,82,8.533100000000005,93.395,True,15,EL VENTERO CBV,True
TOBARRA CB,26,32.29900000000001,33.5264,True,15,EL VENTERO CBV,True
TOBARRA CB,31,23.624799999999993,49.5334,False,15,EL VENTERO CBV,True
TOBARRA CB,7,8.46262,54.827,True,15,EL VENTERO CBV,True
TOBARRA CB,6,10.9309,50.5417,True,15,EL VENTERO CBV,True
TOBARRA CB,26,11.495099999999994,52.9364,True,15,EL VENTERO CBV,True
TOBARRA CB,7,16.713700000000003,23.6953,False,15,EL VENTERO CBV,True
TOBARRA CB,82,14.7391,52.1802,True,15,EL VENTERO CBV,True
TOBARRA CB,31,6.699600000000004,49.9115,True,15,EL VENTERO CBV,True
TOBARRA CB,31,15.162199999999999,48.273,False,15,EL VENTERO CBV,True
TOBARRA CB,6,31.311700000000002,79.2786,False,15,EL VENTERO CBV,True
TOBARRA CB,82,23.5543,50.1636,True,15,EL VENTERO CBV,True
TOBARRA CB,26,32.0169,52.3062,False,15,EL VENTERO CBV,True
TOBARRA CB,5,33.92100000000001,59.6165,False,15,EL VENTERO CBV,True
TOBARRA CB,21,9.590999999999994,76.3797,False,15,EL VENTERO CBV,True
TOBARRA CB,5,33.0042,48.525,False,15,EL VENTERO CBV,True
TOBARRA CB,26,10.1551,54.4489,True,15,EL VENTERO CBV,True
TOBARRA CB,82,18.758799999999994,32.266,False,15,EL VENTERO CBV,True
TOBARRA CB,26,33.8505,55.9613,False,15,EL VENTERO CBV,True
EL VENTERO CBV,10,9.520499999999998,56.5915,False,15,TOBARRA CB,False
EL VENTERO CBV,22,9.943600000000004,50.5417,True,15,TOBARRA CB,False
EL VENTERO CBV,1,9.802499999999995,93.0168,True,15,TOBARRA CB,False
EL VENTERO CBV,21,7.686899999999994,46.0043,False,15,TOBARRA CB,False
EL VENTERO CBV,21,32.7221,28.4848,False,15,TOBARRA CB,False
EL VENTERO CBV,41,18.6883,7.05819,False,15,TOBARRA CB,False
EL VENTERO CBV,0,23.554299999999998,89.6138,False,15,TOBARRA CB,False
EL VENTERO CBV,21,30.747500000000002,75.3714,False,15,TOBARRA CB,False
EL VENTERO CBV,22,24.4006,81.4212,False,15,TOBARRA CB,False
EL VENTERO CBV,41,7.616399999999999,52.0541,False,15,TOBARRA CB,False
EL VENTERO CBV,10,8.81523,52.1802,False,15,TOBARRA CB,False
EL VENTERO CBV,18,8.46262,54.5749,False,15,TOBARRA CB,False
EL VENTERO CBV,41,9.661500000000004,53.0624,False,15,TOBARRA CB,False
EL VENTERO CBV,0,5.289100000000005,5.04156,True,15,TOBARRA CB,False
EL VENTERO CBV,41,4.513400000000004,93.2689,True,15,TOBARRA CB,False
EL VENTERO CBV,3,12.6234,79.7827,False,15,TOBARRA CB,False
EL VENTERO CBV,41,9.59097,47.5167,True,15,TOBARRA CB,False
EL VENTERO CBV,18,11.283500000000004,49.9115,False,15,TOBARRA CB,False
EL VENTERO CBV,1,30.747500000000002,71.5902,True,15,TOBARRA CB,False
EL VENTERO CBV,41,29.407600000000002,32.14,True,15,TOBARRA CB,False
EL VENTERO CBV,10,32.5106,19.41,True,15,TOBARRA CB,False
EL VENTERO CBV,15,9.52045,49.7854,True,15,TOBARRA CB,False
EL VENTERO CBV,0,29.266599999999997,22.1829,False,15,TOBARRA CB,False
EL VENTERO CBV,0,28.7729,88.2274,False,15,TOBARRA CB,False
EL VENTERO CBV,10,27.009900000000002,86.2107,False,15,TOBARRA CB,False
EL VENTERO CBV,1,29.6192,87.8492,False,15,TOBARRA CB,False
EL VENTERO CBV,0,7.898399999999995,51.1719,True,15,TOBARRA CB,False
EL VENTERO CBV,41,11.8477,50.7937,True,15,TOBARRA CB,False
EL VENTERO CBV,18,9.238399999999999,50.5417,True,15,TOBARRA CB,False
EL VENTERO CBV,10,8.11,71.7162,False,15,TOBARRA CB,False
EL VENTERO CBV,41,22.3554,92.3866,False,15,TOBARRA CB,False
EL VENTERO CBV,1,32.01690000000001,67.0528,True,15,TOBARRA CB,False
EL VENTERO CBV,27,29.7602,78.6484,True,15,TOBARRA CB,False
EL VENTERO CBV,1,7.61636,51.4239,True,15,TOBARRA CB,False
EL VENTERO CBV,10,6.346999999999994,47.0126,True,15,TOBARRA CB,False
EL VENTERO CBV,0,33.0748,64.658,True,15,TOBARRA CB,False
EL VENTERO CBV,21,32.9337,53.6926,True,15,TOBARRA CB,False
EL VENTERO CBV,10,36.3188,54.3228,False,15,TOBARRA CB,False
EL VENTERO CBV,0,8.956299999999999,59.4904,False,15,TOBARRA CB,False
EL VENTERO CBV,22,8.956299999999999,6.04988,False,15,TOBARRA CB,False
EL VENTERO CBV,27,6.770099999999999,54.3228,True,15,TOBARRA CB,False
EL VENTERO CBV,1,31.5938,83.6899,False,15,TOBARRA CB,False
EL VENTERO CBV,0,21.1566,95.0335,False,15,TOBARRA CB,False
EL VENTERO CBV,18,11.0719,56.5915,False,15,TOBARRA CB,False
EL VENTERO CBV,0,8.74471,59.1123,False,15,TOBARRA CB,False
EL VENTERO CBV,22,8.251099999999994,93.1429,True,15,TOBARRA CB,False
EL VENTERO CBV,0,11.636099999999999,45.5001,False,15,TOBARRA CB,False
EL VENTERO CBV,15,29.4076,16.8892,True,15,TOBARRA CB,False
EL VENTERO CBV,10,31.4528,75.7495,False,15,TOBARRA CB,False
EL VENTERO CBV,1,8.60367,51.676,True,15,TOBARRA CB,False
EL VENTERO CBV,10,35.9662,40.3325,False,15,TOBARRA CB,False
EL VENTERO CBV,0,14.0339,50.4156,True,15,TOBARRA CB,False
EL VENTERO CBV,10,7.686899999999994,7.31027,False,15,TOBARRA CB,False
EL VENTERO CBV,21,28.138199999999998,16.259,False,15,TOBARRA CB,False
EL VENTERO CBV,10,23.6248,90.8742,False,15,TOBARRA CB,False
EL VENTERO CBV,1,11.4951,26.4682,False,15,TOBARRA CB,False
EL VENTERO CBV,0,11.2835,55.3312,False,15,TOBARRA CB,False
EL VENTERO CBV,41,12.4824,44.7439,True,15,TOBARRA CB,False
EL VENTERO CBV,1,9.873099999999994,45.6261,True,15,TOBARRA CB,False
EL VENTERO CBV,10,28.8434,20.2923,False,15,TOBARRA CB,False
EL VENTERO CBV,0,23.0606,88.7315,True,15,TOBARRA CB,False
EL VENTERO CBV,10,12.7645,50.4156,True,15,TOBARRA CB,False
FUNDACION GLOBALCAJA LA RODA,9,7.90819,57.3335,True,15,BALONCESTO ALCALA,True
FUNDACION GLOBALCAJA LA RODA,25,12.027500000000003,50.5407,True,15,BALONCESTO ALCALA,True
FUNDACION GLOBALCAJA LA RODA,9,36.2158,76.3912,True,15,BALONCESTO ALCALA,True
FUNDACION GLOBALCAJA LA RODA,3,32.2021,71.4852,False,15,BALONCESTO ALCALA,True
FUNDACION GLOBALCAJA LA RODA,13,13.7176,51.8615,False,15,BALONCESTO ALCALA,True
FUNDACION GLOBALCAJA LA RODA,4,9.703800000000001,56.5787,True,15,BALONCESTO ALCALA,True
FUNDACION GLOBALCAJA LA RODA,9,30.1952,19.2184,True,15,BALONCESTO ALCALA,True
FUNDACION GLOBALCAJA LA RODA,10,10.1263,40.1629,True,15,BALONCESTO ALCALA,True
FUNDACION GLOBALCAJA LA RODA,25,9.386899999999997,45.2574,False,15,BALONCESTO ALCALA,True
FUNDACION GLOBALCAJA LA RODA,3,38.5396,27.7093,False,15,BALONCESTO ALCALA,True
FUNDACION GLOBALCAJA LA RODA,6,34.9483,59.5978,True,15,BALONCESTO ALCALA,True
FUNDACION GLOBALCAJA LA RODA,20,9.281300000000002,45.2574,True,15,BALONCESTO ALCALA,True
FUNDACION GLOBALCAJA LA RODA,2,34.6314,20.7277,True,15,BALONCESTO ALCALA,True
FUNDACION GLOBALCAJA LA RODA,4,7.696899999999999,38.6533,True,15,BALONCESTO ALCALA,True
FUNDACION GLOBALCAJA LA RODA,6,31.8852,77.5234,False,15,BALONCESTO ALCALA,True
FUNDACION GLOBALCAJA LA RODA,9,5.68997,4.12315,True,15,BALONCESTO ALCALA,True
FUNDACION GLOBALCAJA LA RODA,4,8.858699999999999,57.3335,True,15,BALONCESTO ALCALA,True
FUNDACION GLOBALCAJA LA RODA,9,6.1125,7.51956,False,15,BALONCESTO ALCALA,True
FUNDACION GLOBALCAJA LA RODA,4,8.96445,44.6914,True,15,BALONCESTO ALCALA,True
FUNDACION GLOBALCAJA LA RODA,25,8.858699999999999,50.1634,True,15,BALONCESTO ALCALA,True
FUNDACION GLOBALCAJA LA RODA,10,8.1194,41.1062,True,15,BALONCESTO ALCALA,True
FUNDACION GLOBALCAJA LA RODA,0,11.7107,46.0122,False,15,BALONCESTO ALCALA,True
FUNDACION GLOBALCAJA LA RODA,25,13.9288,50.5407,True,15,BALONCESTO ALCALA,True
FUNDACION GLOBALCAJA LA RODA,13,5.37316,96.5809,True,15,BALONCESTO ALCALA,True
FUNDACION GLOBALCAJA LA RODA,4,4.0,94.694,False,15,BALONCESTO ALCALA,True
FUNDACION GLOBALCAJA LA RODA,6,5.37316,95.8263,False,15,BALONCESTO ALCALA,True
FUNDACION GLOBALCAJA LA RODA,0,22.3789,27.1433,False,15,BALONCESTO ALCALA,True
FUNDACION GLOBALCAJA LA RODA,2,6.1125,96.3923,False,15,BALONCESTO ALCALA,True
FUNDACION GLOBALCAJA LA RODA,25,9.17566,53.9371,False,15,BALONCESTO ALCALA,True
FUNDACION GLOBALCAJA LA RODA,2,26.9208,11.6708,False,15,BALONCESTO ALCALA,True
FUNDACION GLOBALCAJA LA RODA,2,7.38007,44.5026,True,15,BALONCESTO ALCALA,True
FUNDACION GLOBALCAJA LA RODA,25,8.22501,56.9562,True,15,BALONCESTO ALCALA,True
FUNDACION GLOBALCAJA LA RODA,25,6.00689,56.2014,True,15,BALONCESTO ALCALA,True
FUNDACION GLOBALCAJA LA RODA,0,33.047,22.9921,False,15,BALONCESTO ALCALA,True
FUNDACION GLOBALCAJA LA RODA,20,4.316900000000004,90.9203,False,15,BALONCESTO ALCALA,True
FUNDACION GLOBALCAJA LA RODA,13,8.1194,41.295,True,15,BALONCESTO ALCALA,True
FUNDACION GLOBALCAJA LA RODA,2,26.181399999999996,13.3689,False,15,BALONCESTO ALCALA,True
FUNDACION GLOBALCAJA LA RODA,9,33.4696,21.1052,False,15,BALONCESTO ALCALA,True
FUNDACION GLOBALCAJA LA RODA,0,20.160799999999995,58.4658,True,15,BALONCESTO ALCALA,True
FUNDACION GLOBALCAJA LA RODA,25,15.618799999999993,46.2009,False,15,BALONCESTO ALCALA,True
FUNDACION GLOBALCAJA LA RODA,20,7.80249,94.8828,False,15,BALONCESTO ALCALA,True
FUNDACION GLOBALCAJA LA RODA,4,10.9713,46.0122,False,15,BALONCESTO ALCALA,True
FUNDACION GLOBALCAJA LA RODA,20,7.908100000000005,45.2574,True,15,BALONCESTO ALCALA,True
FUNDACION GLOBALCAJA LA RODA,4,11.816299999999998,48.2765,True,15,BALONCESTO ALCALA,True
FUNDACION GLOBALCAJA LA RODA,2,12.5556,49.2199,True,15,BALONCESTO ALCALA,True
FUNDACION GLOBALCAJA LA RODA,3,8.753100000000003,43.9366,True,15,BALONCESTO ALCALA,True
FUNDACION GLOBALCAJA LA RODA,25,9.80939,53.7485,True,15,BALONCESTO ALCALA,True
FUNDACION GLOBALCAJA LA RODA,2,8.64753,7.89686,False,15,BALONCESTO ALCALA,True
FUNDACION GLOBALCAJA LA RODA,13,6.95754,58.6543,True,15,BALONCESTO ALCALA,True
FUNDACION GLOBALCAJA LA RODA,25,10.1263,56.2014,False,15,BALONCESTO ALCALA,True
FUNDACION GLOBALCAJA LA RODA,9,30.4064,17.5201,False,15,BALONCESTO ALCALA,True
FUNDACION GLOBALCAJA LA RODA,20,15.196299999999994,49.4086,True,15,BALONCESTO ALCALA,True
FUNDACION GLOBALCAJA LA RODA,4,10.4431,42.6158,False,15,BALONCESTO ALCALA,True
FUNDACION GLOBALCAJA LA RODA,10,7.38007,56.5787,True,15,BALONCESTO ALCALA,True
FUNDACION GLOBALCAJA LA RODA,25,10.1263,55.2579,True,15,BALONCESTO ALCALA,True
BALONCESTO ALCALA,91,7.16875,56.5787,False,15,FUNDACION GLOBALCAJA LA RODA,False
BALONCESTO ALCALA,4,20.055099999999996,27.332,False,15,FUNDACION GLOBALCAJA LA RODA,False
BALONCESTO ALCALA,14,8.54193,45.6349,True,15,FUNDACION GLOBALCAJA LA RODA,False
BALONCESTO ALCALA,14,36.5327,25.8224,False,15,FUNDACION GLOBALCAJA LA RODA,False
BALONCESTO ALCALA,4,33.8921,73.5608,True,15,FUNDACION GLOBALCAJA LA RODA,False
BALONCESTO ALCALA,91,12.6613,48.2765,False,15,FUNDACION GLOBALCAJA LA RODA,False
BALONCESTO ALCALA,4,35.0539,15.0672,True,15,FUNDACION GLOBALCAJA LA RODA,False
BALONCESTO ALCALA,10,36.3214,70.3531,False,15,FUNDACION GLOBALCAJA LA RODA,False
BALONCESTO ALCALA,4,37.3778,22.8033,False,15,FUNDACION GLOBALCAJA LA RODA,False
BALONCESTO ALCALA,14,11.3938,55.8241,False,15,FUNDACION GLOBALCAJA LA RODA,False
BALONCESTO ALCALA,14,9.809399999999997,56.5787,True,15,FUNDACION GLOBALCAJA LA RODA,False
BALONCESTO ALCALA,4,6.85194,4.68919,True,15,FUNDACION GLOBALCAJA LA RODA,False
BALONCESTO ALCALA,4,21.9563,53.9371,False,15,FUNDACION GLOBALCAJA LA RODA,False
BALONCESTO ALCALA,91,8.75314,43.1818,True,15,FUNDACION GLOBALCAJA LA RODA,False
BALONCESTO ALCALA,8,21.9563,37.1438,True,15,FUNDACION GLOBALCAJA LA RODA,False
BALONCESTO ALCALA,4,6.534999999999997,57.1449,False,15,FUNDACION GLOBALCAJA LA RODA,False
BALONCESTO ALCALA,4,32.3077,72.6175,True,15,FUNDACION GLOBALCAJA LA RODA,False
BALONCESTO ALCALA,13,7.485699999999994,53.9371,False,15,FUNDACION GLOBALCAJA LA RODA,False
BALONCESTO ALCALA,8,22.062,42.0497,False,15,FUNDACION GLOBALCAJA LA RODA,False
BALONCESTO ALCALA,10,35.899,75.2591,False,15,FUNDACION GLOBALCAJA LA RODA,False
BALONCESTO ALCALA,3,7.696899999999999,56.0127,True,15,FUNDACION GLOBALCAJA LA RODA,False
BALONCESTO ALCALA,8,15.618799999999993,51.1067,False,15,FUNDACION GLOBALCAJA LA RODA,False
BALONCESTO ALCALA,12,34.9483,67.1454,False,15,FUNDACION GLOBALCAJA LA RODA,False
BALONCESTO ALCALA,12,10.654399999999995,57.8995,False,15,FUNDACION GLOBALCAJA LA RODA,False
BALONCESTO ALCALA,14,10.654399999999995,56.2014,False,15,FUNDACION GLOBALCAJA LA RODA,False
BALONCESTO ALCALA,4,33.364,16.5765,False,15,FUNDACION GLOBALCAJA LA RODA,False
BALONCESTO ALCALA,14,21.9563,33.3701,False,15,FUNDACION GLOBALCAJA LA RODA,False
BALONCESTO ALCALA,13,7.80249,58.4658,True,15,FUNDACION GLOBALCAJA LA RODA,False
BALONCESTO ALCALA,4,33.15260000000001,29.0301,False,15,FUNDACION GLOBALCAJA LA RODA,False
BALONCESTO ALCALA,12,7.908100000000005,56.9562,False,15,FUNDACION GLOBALCAJA LA RODA,False
BALONCESTO ALCALA,4,6.1125,59.9751,True,15,FUNDACION GLOBALCAJA LA RODA,False
BALONCESTO ALCALA,4,7.063100000000006,55.6354,False,15,FUNDACION GLOBALCAJA LA RODA,False
BALONCESTO ALCALA,4,12.5556,42.0497,False,15,FUNDACION GLOBALCAJA LA RODA,False
BALONCESTO ALCALA,12,8.753100000000003,59.4091,True,15,FUNDACION GLOBALCAJA LA RODA,False
BALONCESTO ALCALA,12,10.654399999999995,55.4466,False,15,FUNDACION GLOBALCAJA LA RODA,False
BALONCESTO ALCALA,8,9.49258,26.7658,False,15,FUNDACION GLOBALCAJA LA RODA,False
BALONCESTO ALCALA,8,19.315700000000007,40.1629,False,15,FUNDACION GLOBALCAJA LA RODA,False
BALONCESTO ALCALA,14,9.07006,42.6158,True,15,FUNDACION GLOBALCAJA LA RODA,False
BALONCESTO ALCALA,12,30.089600000000004,11.2933,True,15,FUNDACION GLOBALCAJA LA RODA,False
BALONCESTO ALCALA,12,20.160799999999995,23.9356,False,15,FUNDACION GLOBALCAJA LA RODA,False
BALONCESTO ALCALA,13,6.534999999999997,40.1629,True,15,FUNDACION GLOBALCAJA LA RODA,False
BALONCESTO ALCALA,91,17.308800000000005,39.2194,False,15,FUNDACION GLOBALCAJA LA RODA,False
BALONCESTO ALCALA,91,5.68997,56.9562,True,15,FUNDACION GLOBALCAJA LA RODA,False
BALONCESTO ALCALA,10,8.4362,43.7478,True,15,FUNDACION GLOBALCAJA LA RODA,False
BALONCESTO ALCALA,4,8.64753,45.4461,False,15,FUNDACION GLOBALCAJA LA RODA,False
BALONCESTO ALCALA,8,7.3799999999999955,71.4852,False,15,FUNDACION GLOBALCAJA LA RODA,False
BALONCESTO ALCALA,10,9.915000000000006,53.9371,False,15,FUNDACION GLOBALCAJA LA RODA,False
BALONCESTO ALCALA,4,8.224999999999994,57.8995,True,15,FUNDACION GLOBALCAJA LA RODA,False
BALONCESTO ALCALA,12,9.07006,45.6349,False,15,FUNDACION GLOBALCAJA LA RODA,False
BALONCESTO ALCALA,4,37.0609,50.3521,True,15,FUNDACION GLOBALCAJA LA RODA,False
BALONCESTO ALCALA,4,8.4362,43.7478,False,15,FUNDACION GLOBALCAJA LA RODA,False
BALONCESTO ALCALA,13,37.2721,45.6349,False,15,FUNDACION GLOBALCAJA LA RODA,False
BALONCESTO ALCALA,91,33.15260000000001,29.0301,True,15,FUNDACION GLOBALCAJA LA RODA,False
BALONCESTO ALCALA,3,8.96445,45.6349,False,15,FUNDACION GLOBALCAJA LA RODA,False
BALONCESTO ALCALA,8,18.0482,42.8045,False,15,FUNDACION GLOBALCAJA LA RODA,False
BALONCESTO ALCALA,8,22.3789,50.7294,True,15,FUNDACION GLOBALCAJA LA RODA,False
BALONCESTO ALCALA,8,6.534999999999997,56.5787,True,15,FUNDACION GLOBALCAJA LA RODA,False
C.D. BASKET GLOBALCAJA QUINTANAR,3,10.0846,84.4462,False,15,CB LA MATANZA,True
C.D. BASKET GLOBALCAJA QUINTANAR,14,9.23836,94.0252,False,15,CB LA MATANZA,True
C.D. BASKET GLOBALCAJA QUINTANAR,1,16.8547,66.9267,False,15,CB LA MATANZA,True
C.D. BASKET GLOBALCAJA QUINTANAR,1,8.46262,75.8755,True,15,CB LA MATANZA,True
C.D. BASKET GLOBALCAJA QUINTANAR,8,27.2214,82.6816,False,15,CB LA MATANZA,True
C.D. BASKET GLOBALCAJA QUINTANAR,50,8.815200000000004,48.273,True,15,CB LA MATANZA,True
C.D. BASKET GLOBALCAJA QUINTANAR,8,27.433,16.5111,False,15,CB LA MATANZA,True
C.D. BASKET GLOBALCAJA QUINTANAR,21,11.918199999999999,78.9005,False,15,CB LA MATANZA,True
C.D. BASKET GLOBALCAJA QUINTANAR,21,17.5599,65.9184,True,15,CB LA MATANZA,True
C.D. BASKET GLOBALCAJA QUINTANAR,3,7.898399999999995,58.2301,False,15,CB LA MATANZA,True
C.D. BASKET GLOBALCAJA QUINTANAR,2,8.674199999999999,47.7688,False,15,CB LA MATANZA,True
C.D. BASKET GLOBALCAJA QUINTANAR,14,30.3244,69.8256,False,15,CB LA MATANZA,True
C.D. BASKET GLOBALCAJA QUINTANAR,50,4.0197,40.8367,False,15,CB LA MATANZA,True
C.D. BASKET GLOBALCAJA QUINTANAR,2,4.58392,58.8602,True,15,CB LA MATANZA,True
C.D. BASKET GLOBALCAJA QUINTANAR,12,6.62906,44.4918,True,15,CB LA MATANZA,True
C.D. BASKET GLOBALCAJA QUINTANAR,0,8.11,57.0957,True,15,CB LA MATANZA,True
C.D. BASKET GLOBALCAJA QUINTANAR,3,7.4048,94.2772,False,15,CB LA MATANZA,True
C.D. BASKET GLOBALCAJA QUINTANAR,14,6.911100000000005,58.7342,True,15,CB LA MATANZA,True
C.D. BASKET GLOBALCAJA QUINTANAR,0,27.715100000000007,82.9337,True,15,CB LA MATANZA,True
C.D. BASKET GLOBALCAJA QUINTANAR,0,7.757400000000004,41.4669,False,15,CB LA MATANZA,True
C.D. BASKET GLOBALCAJA QUINTANAR,3,7.757400000000004,4.91552,True,15,CB LA MATANZA,True
C.D. BASKET GLOBALCAJA QUINTANAR,8,28.279300000000006,85.3285,False,15,CB LA MATANZA,True
C.D. BASKET GLOBALCAJA QUINTANAR,8,8.11,55.0791,True,15,CB LA MATANZA,True
C.D. BASKET GLOBALCAJA QUINTANAR,1,5.853300000000004,44.9959,True,15,CB LA MATANZA,True
C.D. BASKET GLOBALCAJA QUINTANAR,0,6.840599999999995,58.7342,True,15,CB LA MATANZA,True
C.D. BASKET GLOBALCAJA QUINTANAR,8,4.93653,62.2633,False,15,CB LA MATANZA,True
C.D. BASKET GLOBALCAJA QUINTANAR,50,8.81523,94.7814,False,15,CB LA MATANZA,True
C.D. BASKET GLOBALCAJA QUINTANAR,21,7.05219,59.2384,True,15,CB LA MATANZA,True
C.D. BASKET GLOBALCAJA QUINTANAR,3,30.465400000000002,80.2869,False,15,CB LA MATANZA,True
C.D. BASKET GLOBALCAJA QUINTANAR,50,9.23836,93.521,False,15,CB LA MATANZA,True
C.D. BASKET GLOBALCAJA QUINTANAR,12,9.520499999999998,59.6165,False,15,CB LA MATANZA,True
C.D. BASKET GLOBALCAJA QUINTANAR,1,5.99436,55.9613,True,15,CB LA MATANZA,True
C.D. BASKET GLOBALCAJA QUINTANAR,12,32.581100000000006,22.8131,False,15,CB LA MATANZA,True
C.D. BASKET GLOBALCAJA QUINTANAR,0,7.82793,44.6178,False,15,CB LA MATANZA,True
C.D. BASKET GLOBALCAJA QUINTANAR,1,7.75741,46.5084,True,15,CB LA MATANZA,True
C.D. BASKET GLOBALCAJA QUINTANAR,12,7.75741,46.2563,True,15,CB LA MATANZA,True
C.D. BASKET GLOBALCAJA QUINTANAR,50,9.87306,94.2772,True,15,CB LA MATANZA,True
C.D. BASKET GLOBALCAJA QUINTANAR,1,6.417500000000004,40.8367,True,15,CB LA MATANZA,True
C.D. BASKET GLOBALCAJA QUINTANAR,0,29.407600000000002,19.284,False,15,CB LA MATANZA,True
C.D. BASKET GLOBALCAJA QUINTANAR,50,11.8477,49.5334,True,15,CB LA MATANZA,True
C.D. BASKET GLOBALCAJA QUINTANAR,0,27.362499999999997,82.5556,True,15,CB LA MATANZA,True
C.D. BASKET GLOBALCAJA QUINTANAR,21,8.180499999999995,44.2397,True,15,CB LA MATANZA,True
C.D. BASKET GLOBALCAJA QUINTANAR,21,23.765900000000002,9.57897,False,15,CB LA MATANZA,True
C.D. BASKET GLOBALCAJA QUINTANAR,3,7.475300000000004,58.3561,True,15,CB LA MATANZA,True
C.D. BASKET GLOBALCAJA QUINTANAR,21,13.822299999999998,6.30195,True,15,CB LA MATANZA,True
C.D. BASKET GLOBALCAJA QUINTANAR,8,25.599400000000003,86.7149,False,15,CB LA MATANZA,True
C.D. BASKET GLOBALCAJA QUINTANAR,14,7.4048,49.2813,True,15,CB LA MATANZA,True
C.D. BASKET GLOBALCAJA QUINTANAR,12,9.520499999999998,44.1137,False,15,CB LA MATANZA,True
C.D. BASKET GLOBALCAJA QUINTANAR,0,8.603700000000003,61.6331,True,15,CB LA MATANZA,True
C.D. BASKET GLOBALCAJA QUINTANAR,12,10.0141,77.6401,False,15,CB LA MATANZA,True
C.D. BASKET GLOBALCAJA QUINTANAR,3,5.57123,56.9697,True,15,CB LA MATANZA,True
C.D. BASKET GLOBALCAJA QUINTANAR,2,32.4401,61.0029,False,15,CB LA MATANZA,True
C.D. BASKET GLOBALCAJA QUINTANAR,21,5.50071,92.6387,False,15,CB LA MATANZA,True
C.D. BASKET GLOBALCAJA QUINTANAR,1,32.8632,39.9544,False,15,CB LA MATANZA,True
C.D. BASKET GLOBALCAJA QUINTANAR,8,26.163600000000002,13.9903,False,15,CB LA MATANZA,True
C.D. BASKET GLOBALCAJA QUINTANAR,14,4.58392,45.122,True,15,CB LA MATANZA,True
C.D. BASKET GLOBALCAJA QUINTANAR,1,9.4499,43.7356,False,15,CB LA MATANZA,True
C.D. BASKET GLOBALCAJA QUINTANAR,2,8.956299999999999,19.0319,False,15,CB LA MATANZA,True
C.D. BASKET GLOBALCAJA QUINTANAR,14,25.7405,83.1858,False,15,CB LA MATANZA,True
C.D. BASKET GLOBALCAJA QUINTANAR,2,9.732,93.0168,False,15,CB LA MATANZA,True
C.D. BASKET GLOBALCAJA QUINTANAR,50,4.0197,40.8367,False,15,CB LA MATANZA,True
C.D. BASKET GLOBALCAJA QUINTANAR,2,8.674199999999999,47.7688,True,15,CB LA MATANZA,True
C.D. BASKET GLOBALCAJA QUINTANAR,50,13.892799999999994,47.5167,False,15,CB LA MATANZA,True
C.D. BASKET GLOBALCAJA QUINTANAR,12,5.28914,43.8616,True,15,CB LA MATANZA,True
C.D. BASKET GLOBALCAJA QUINTANAR,50,8.53315,92.1346,False,15,CB LA MATANZA,True
C.D. BASKET GLOBALCAJA QUINTANAR,21,8.11,15.7549,False,15,CB LA MATANZA,True
C.D. BASKET GLOBALCAJA QUINTANAR,1,5.28914,55.0791,True,15,CB LA MATANZA,True
C.D. BASKET GLOBALCAJA QUINTANAR,21,6.20592,92.1346,False,15,CB LA MATANZA,True
C.D. BASKET GLOBALCAJA QUINTANAR,12,8.885800000000003,43.8616,False,15,CB LA MATANZA,True
C.D. BASKET GLOBALCAJA QUINTANAR,0,30.0423,73.6068,False,15,CB LA MATANZA,True
C.D. BASKET GLOBALCAJA QUINTANAR,3,5.71227,49.6594,True,15,CB LA MATANZA,True
C.D. BASKET GLOBALCAJA QUINTANAR,2,8.180499999999995,60.4988,False,15,CB LA MATANZA,True
CB LA MATANZA,21,8.815200000000004,45.3741,False,15,C.D. BASKET GLOBALCAJA QUINTANAR,False
CB LA MATANZA,14,11.142499999999998,53.9447,True,15,C.D. BASKET GLOBALCAJA QUINTANAR,False
CB LA MATANZA,9,17.2073,29.8713,False,15,C.D. BASKET GLOBALCAJA QUINTANAR,False
CB LA MATANZA,3,8.95628,94.6553,False,15,C.D. BASKET GLOBALCAJA QUINTANAR,False
CB LA MATANZA,8,15.7969,37.0555,True,15,C.D. BASKET GLOBALCAJA QUINTANAR,False
CB LA MATANZA,11,35.8956,34.1566,False,15,C.D. BASKET GLOBALCAJA QUINTANAR,False
CB LA MATANZA,14,35.1199,35.9211,False,15,C.D. BASKET GLOBALCAJA QUINTANAR,False
CB LA MATANZA,9,11.0719,47.2647,True,15,C.D. BASKET GLOBALCAJA QUINTANAR,False
CB LA MATANZA,9,27.0804,17.0153,True,15,C.D. BASKET GLOBALCAJA QUINTANAR,False
CB LA MATANZA,7,11.9887,71.2121,True,15,C.D. BASKET GLOBALCAJA QUINTANAR,False
CB LA MATANZA,10,32.0874,26.7203,True,15,C.D. BASKET GLOBALCAJA QUINTANAR,False
CB LA MATANZA,10,6.7701,40.2065,True,15,C.D. BASKET GLOBALCAJA QUINTANAR,False
CB LA MATANZA,14,30.677,78.9005,False,15,C.D. BASKET GLOBALCAJA QUINTANAR,False
CB LA MATANZA,0,5.71227,61.7591,False,15,C.D. BASKET GLOBALCAJA QUINTANAR,False
CB LA MATANZA,7,13.399100000000004,66.9267,False,15,C.D. BASKET GLOBALCAJA QUINTANAR,False
CB LA MATANZA,11,34.0621,26.5942,False,15,C.D. BASKET GLOBALCAJA QUINTANAR,False
CB LA MATANZA,6,6.69958,56.7176,True,15,C.D. BASKET GLOBALCAJA QUINTANAR,False
CB LA MATANZA,14,33.5684,42.4752,False,15,C.D. BASKET GLOBALCAJA QUINTANAR,False
CB LA MATANZA,21,10.437200000000004,49.4073,False,15,C.D. BASKET GLOBALCAJA QUINTANAR,False
CB LA MATANZA,0,5.71227,61.7591,False,15,C.D. BASKET GLOBALCAJA QUINTANAR,False
CB LA MATANZA,10,7.757400000000004,63.2716,False,15,C.D. BASKET GLOBALCAJA QUINTANAR,False
CB LA MATANZA,8,5.994399999999999,56.8436,True,15,C.D. BASKET GLOBALCAJA QUINTANAR,False
CB LA MATANZA,10,5.64175,56.8436,True,15,C.D. BASKET GLOBALCAJA QUINTANAR,False
CB LA MATANZA,3,5.782799999999995,20.2923,False,15,C.D. BASKET GLOBALCAJA QUINTANAR,False
CB LA MATANZA,8,8.533100000000005,59.9946,True,15,C.D. BASKET GLOBALCAJA QUINTANAR,False
CB LA MATANZA,11,12.4118,5.67176,True,15,C.D. BASKET GLOBALCAJA QUINTANAR,False
CB LA MATANZA,8,13.328599999999994,51.55,True,15,C.D. BASKET GLOBALCAJA QUINTANAR,False
CB LA MATANZA,0,9.87306,46.6345,True,15,C.D. BASKET GLOBALCAJA QUINTANAR,False
CB LA MATANZA,7,8.95628,38.568,False,15,C.D. BASKET GLOBALCAJA QUINTANAR,False
CB LA MATANZA,14,32.01690000000001,69.0694,False,15,C.D. BASKET GLOBALCAJA QUINTANAR,False
CB LA MATANZA,11,8.60367,30.1233,False,15,C.D. BASKET GLOBALCAJA QUINTANAR,False
CB LA MATANZA,9,33.145300000000006,69.9517,False,15,C.D. BASKET GLOBALCAJA QUINTANAR,False
CB LA MATANZA,8,6.558499999999995,46.5084,True,15,C.D. BASKET GLOBALCAJA QUINTANAR,False
CB LA MATANZA,7,11.1425,50.1636,True,15,C.D. BASKET GLOBALCAJA QUINTANAR,False
CB LA MATANZA,0,6.4879999999999995,29.115,True,15,C.D. BASKET GLOBALCAJA QUINTANAR,False
CB LA MATANZA,11,35.0494,34.6607,False,15,C.D. BASKET GLOBALCAJA QUINTANAR,False
CB LA MATANZA,9,7.616399999999999,59.9946,False,15,C.D. BASKET GLOBALCAJA QUINTANAR,False
CB LA MATANZA,10,5.57123,39.4502,True,15,C.D. BASKET GLOBALCAJA QUINTANAR,False
CB LA MATANZA,7,12.4118,49.9115,False,15,C.D. BASKET GLOBALCAJA QUINTANAR,False
CB LA MATANZA,14,25.3879,49.5334,False,15,C.D. BASKET GLOBALCAJA QUINTANAR,False
CB LA MATANZA,0,8.46262,45.8782,True,15,C.D. BASKET GLOBALCAJA QUINTANAR,False
CB LA MATANZA,9,6.417500000000004,93.1429,False,15,C.D. BASKET GLOBALCAJA QUINTANAR,False
CB LA MATANZA,0,14.950599999999994,51.8021,False,15,C.D. BASKET GLOBALCAJA QUINTANAR,False
CB LA MATANZA,14,33.8505,63.2716,False,15,C.D. BASKET GLOBALCAJA QUINTANAR,False
CB LA MATANZA,7,9.308899999999994,59.3644,False,15,C.D. BASKET GLOBALCAJA QUINTANAR,False
CB LA MATANZA,14,6.4879999999999995,75.6234,False,15,C.D. BASKET GLOBALCAJA QUINTANAR,False
CB LA MATANZA,9,9.1678,5.1676,True,15,C.D. BASKET GLOBALCAJA QUINTANAR,False
CB LA MATANZA,7,6.770099999999999,57.8519,True,15,C.D. BASKET GLOBALCAJA QUINTANAR,False
CB LA MATANZA,7,5.21862,61.129,False,15,C.D. BASKET GLOBALCAJA QUINTANAR,False
CB LA MATANZA,11,5.077600000000004,59.6165,False,15,C.D. BASKET GLOBALCAJA QUINTANAR,False
CB LA MATANZA,0,7.75741,44.9959,True,15,C.D. BASKET GLOBALCAJA QUINTANAR,False
CB LA MATANZA,14,7.1932000000000045,71.5902,True,15,C.D. BASKET GLOBALCAJA QUINTANAR,False
CB LA MATANZA,8,7.89845,65.7924,True,15,C.D. BASKET GLOBALCAJA QUINTANAR,False
CB LA MATANZA,10,27.0804,14.6205,True,15,C.D. BASKET GLOBALCAJA QUINTANAR,False
CB LA MATANZA,7,5.077600000000004,43.9876,True,15,C.D. BASKET GLOBALCAJA QUINTANAR,False
CB LA MATANZA,0,7.898399999999995,59.7425,True,15,C.D. BASKET GLOBALCAJA QUINTANAR,False
CB LA MATANZA,11,18.7588,32.5181,False,15,C.D. BASKET GLOBALCAJA QUINTANAR,False
CB LA MATANZA,8,5.500699999999995,56.3395,True,15,C.D. BASKET GLOBALCAJA QUINTANAR,False
TOSCONES CORRALEJO,15,15.2327,49.4073,False,15,SUMIALKI CB CIUDAD DE MOSTOLES,True
TOSCONES CORRALEJO,9,12.835,44.2397,True,15,SUMIALKI CB CIUDAD DE MOSTOLES,True
TOSCONES CORRALEJO,17,13.187600000000003,62.5154,False,15,SUMIALKI CB CIUDAD DE MOSTOLES,True
TOSCONES CORRALEJO,7,24.7532,68.6913,True,15,SUMIALKI CB CIUDAD DE MOSTOLES,True
TOSCONES CORRALEJO,17,26.304699999999997,88.4794,False,15,SUMIALKI CB CIUDAD DE MOSTOLES,True
TOSCONES CORRALEJO,17,11.9887,45.122,True,15,SUMIALKI CB CIUDAD DE MOSTOLES,True
TOSCONES CORRALEJO,7,23.9069,36.9294,True,15,SUMIALKI CB CIUDAD DE MOSTOLES,True
TOSCONES CORRALEJO,30,33.0042,64.532,True,15,SUMIALKI CB CIUDAD DE MOSTOLES,True
TOSCONES CORRALEJO,8,13.187600000000003,62.5154,True,15,SUMIALKI CB CIUDAD DE MOSTOLES,True
TOSCONES CORRALEJO,7,7.052199999999999,68.0611,False,15,SUMIALKI CB CIUDAD DE MOSTOLES,True
TOSCONES CORRALEJO,30,21.227099999999993,6.93215,True,15,SUMIALKI CB CIUDAD DE MOSTOLES,True
TOSCONES CORRALEJO,17,9.590999999999994,62.0112,False,15,SUMIALKI CB CIUDAD DE MOSTOLES,True
TOSCONES CORRALEJO,10,26.093100000000007,81.9254,False,15,SUMIALKI CB CIUDAD DE MOSTOLES,True
TOSCONES CORRALEJO,9,16.2906,48.7771,False,15,SUMIALKI CB CIUDAD DE MOSTOLES,True
TOSCONES CORRALEJO,10,27.362499999999997,15.6288,False,15,SUMIALKI CB CIUDAD DE MOSTOLES,True
TOSCONES CORRALEJO,6,13.1171,56.7176,False,15,SUMIALKI CB CIUDAD DE MOSTOLES,True
TOSCONES CORRALEJO,8,7.122699999999995,27.0984,False,15,SUMIALKI CB CIUDAD DE MOSTOLES,True
TOSCONES CORRALEJO,30,22.4965,51.9281,True,15,SUMIALKI CB CIUDAD DE MOSTOLES,True
TOSCONES CORRALEJO,15,13.1171,56.7176,True,15,SUMIALKI CB CIUDAD DE MOSTOLES,True
TOSCONES CORRALEJO,7,26.5867,8.0665,True,15,SUMIALKI CB CIUDAD DE MOSTOLES,True
TOSCONES CORRALEJO,9,31.241200000000006,74.8672,False,15,SUMIALKI CB CIUDAD DE MOSTOLES,True
TOSCONES CORRALEJO,15,7.052199999999999,53.3145,False,15,SUMIALKI CB CIUDAD DE MOSTOLES,True
TOSCONES CORRALEJO,11,11.212999999999994,49.6594,True,15,SUMIALKI CB CIUDAD DE MOSTOLES,True
TOSCONES CORRALEJO,17,14.9506,52.8104,False,15,SUMIALKI CB CIUDAD DE MOSTOLES,True
TOSCONES CORRALEJO,7,9.520499999999998,64.658,True,15,SUMIALKI CB CIUDAD DE MOSTOLES,True
TOSCONES CORRALEJO,9,9.80254,46.7605,False,15,SUMIALKI CB CIUDAD DE MOSTOLES,True
TOSCONES CORRALEJO,30,28.208699999999993,85.2024,False,15,SUMIALKI CB CIUDAD DE MOSTOLES,True
TOSCONES CORRALEJO,17,15.1622,50.4156,False,15,SUMIALKI CB CIUDAD DE MOSTOLES,True
TOSCONES CORRALEJO,10,7.1932000000000045,62.2633,True,15,SUMIALKI CB CIUDAD DE MOSTOLES,True
TOSCONES CORRALEJO,6,24.6121,13.1081,False,15,SUMIALKI CB CIUDAD DE MOSTOLES,True
TOSCONES CORRALEJO,30,9.238399999999999,56.5915,False,15,SUMIALKI CB CIUDAD DE MOSTOLES,True
TOSCONES CORRALEJO,9,8.180499999999995,55.2051,True,15,SUMIALKI CB CIUDAD DE MOSTOLES,True
TOSCONES CORRALEJO,7,18.4062,51.9281,False,15,SUMIALKI CB CIUDAD DE MOSTOLES,True
TOSCONES CORRALEJO,30,30.183400000000006,79.0265,True,15,SUMIALKI CB CIUDAD DE MOSTOLES,True
TOSCONES CORRALEJO,30,12.6939,39.4502,False,15,SUMIALKI CB CIUDAD DE MOSTOLES,True
TOSCONES CORRALEJO,15,9.802499999999995,78.0182,False,15,SUMIALKI CB CIUDAD DE MOSTOLES,True
TOSCONES CORRALEJO,9,11.0719,49.0292,False,15,SUMIALKI CB CIUDAD DE MOSTOLES,True
TOSCONES CORRALEJO,17,14.2454,26.3422,False,15,SUMIALKI CB CIUDAD DE MOSTOLES,True
TOSCONES CORRALEJO,11,18.758799999999994,92.6387,False,15,SUMIALKI CB CIUDAD DE MOSTOLES,True
TOSCONES CORRALEJO,17,27.150899999999993,81.4212,False,15,SUMIALKI CB CIUDAD DE MOSTOLES,True
TOSCONES CORRALEJO,7,15.796899999999994,57.4738,False,15,SUMIALKI CB CIUDAD DE MOSTOLES,True
TOSCONES CORRALEJO,8,12.2003,49.2813,True,15,SUMIALKI CB CIUDAD DE MOSTOLES,True
TOSCONES CORRALEJO,10,13.1876,45.5001,True,15,SUMIALKI CB CIUDAD DE MOSTOLES,True
TOSCONES CORRALEJO,17,12.200299999999999,39.9544,False,15,SUMIALKI CB CIUDAD DE MOSTOLES,True
TOSCONES CORRALEJO,6,6.4879999999999995,65.0362,True,15,SUMIALKI CB CIUDAD DE MOSTOLES,True
TOSCONES CORRALEJO,17,6.840599999999995,73.6068,False,15,SUMIALKI CB CIUDAD DE MOSTOLES,True
TOSCONES CORRALEJO,30,18.6178,49.9115,False,15,SUMIALKI CB CIUDAD DE MOSTOLES,True
TOSCONES CORRALEJO,9,17.9126,47.8948,False,15,SUMIALKI CB CIUDAD DE MOSTOLES,True
TOSCONES CORRALEJO,8,9.80254,46.7605,True,15,SUMIALKI CB CIUDAD DE MOSTOLES,True
TOSCONES CORRALEJO,7,9.732,59.7425,True,15,SUMIALKI CB CIUDAD DE MOSTOLES,True
TOSCONES CORRALEJO,11,13.610699999999994,39.9544,False,15,SUMIALKI CB CIUDAD DE MOSTOLES,True
TOSCONES CORRALEJO,11,15.0917,29.6192,False,15,SUMIALKI CB CIUDAD DE MOSTOLES,True
TOSCONES CORRALEJO,10,22.9196,88.6055,True,15,SUMIALKI CB CIUDAD DE MOSTOLES,True
TOSCONES CORRALEJO,7,25.881500000000003,42.6012,False,15,SUMIALKI CB CIUDAD DE MOSTOLES,True
TOSCONES CORRALEJO,7,8.603700000000003,59.7425,True,15,SUMIALKI CB CIUDAD DE MOSTOLES,True
TOSCONES CORRALEJO,8,18.8293,48.7771,False,15,SUMIALKI CB CIUDAD DE MOSTOLES,True
TOSCONES CORRALEJO,8,11.8477,54.0708,False,15,SUMIALKI CB CIUDAD DE MOSTOLES,True
TOSCONES CORRALEJO,15,23.4838,11.5956,False,15,SUMIALKI CB CIUDAD DE MOSTOLES,True
TOSCONES CORRALEJO,7,21.3681,29.8713,True,15,SUMIALKI CB CIUDAD DE MOSTOLES,True
TOSCONES CORRALEJO,30,17.0663,25.964,True,15,SUMIALKI CB CIUDAD DE MOSTOLES,True
TOSCONES CORRALEJO,6,10.507800000000003,4.41137,False,15,SUMIALKI CB CIUDAD DE MOSTOLES,True
TOSCONES CORRALEJO,17,9.026799999999994,64.7841,True,15,SUMIALKI CB CIUDAD DE MOSTOLES,True
TOSCONES CORRALEJO,17,28.914,84.0681,False,15,SUMIALKI CB CIUDAD DE MOSTOLES,True
TOSCONES CORRALEJO,7,31.9464,75.2453,False,15,SUMIALKI CB CIUDAD DE MOSTOLES,True
TOSCONES CORRALEJO,7,14.597999999999999,52.4323,True,15,SUMIALKI CB CIUDAD DE MOSTOLES,True
TOSCONES CORRALEJO,11,31.5938,22.435,False,15,SUMIALKI CB CIUDAD DE MOSTOLES,True
TOSCONES CORRALEJO,6,13.9633,27.7286,False,15,SUMIALKI CB CIUDAD DE MOSTOLES,True
TOSCONES CORRALEJO,9,12.835,29.6192,True,15,SUMIALKI CB CIUDAD DE MOSTOLES,True
TOSCONES CORRALEJO,7,10.2962,49.5334,True,15,SUMIALKI CB CIUDAD DE MOSTOLES,True
TOSCONES CORRALEJO,30,17.7715,51.676,True,15,SUMIALKI CB CIUDAD DE MOSTOLES,True
TOSCONES CORRALEJO,30,7.5458,41.4669,True,15,SUMIALKI CB CIUDAD DE MOSTOLES,True
TOSCONES CORRALEJO,6,12.482399999999998,31.3837,False,15,SUMIALKI CB CIUDAD DE MOSTOLES,True
TOSCONES CORRALEJO,9,12.4118,46.2563,False,15,SUMIALKI CB CIUDAD DE MOSTOLES,True
TOSCONES CORRALEJO,17,27.9267,81.1692,False,15,SUMIALKI CB CIUDAD DE MOSTOLES,True
TOSCONES CORRALEJO,8,13.6812,60.8769,True,15,SUMIALKI CB CIUDAD DE MOSTOLES,True
TOSCONES CORRALEJO,30,20.098699999999994,7.68838,True,15,SUMIALKI CB CIUDAD DE MOSTOLES,True
TOSCONES CORRALEJO,7,16.9252,39.5763,False,15,SUMIALKI CB CIUDAD DE MOSTOLES,True
SUMIALKI CB CIUDAD DE MOSTOLES,39,33.8505,62.5154,False,15,TOSCONES CORRALEJO,False
SUMIALKI CB CIUDAD DE MOSTOLES,6,7.334299999999999,67.809,True,15,TOSCONES CORRALEJO,False
SUMIALKI CB CIUDAD DE MOSTOLES,15,22.426000000000002,10.3352,False,15,TOSCONES CORRALEJO,False
SUMIALKI CB CIUDAD DE MOSTOLES,88,7.475300000000004,48.6511,False,15,TOSCONES CORRALEJO,False
SUMIALKI CB CIUDAD DE MOSTOLES,22,12.3413,47.3907,True,15,TOSCONES CORRALEJO,False
SUMIALKI CB CIUDAD DE MOSTOLES,29,34.3441,68.3132,True,15,TOSCONES CORRALEJO,False
SUMIALKI CB CIUDAD DE MOSTOLES,11,15.0212,26.5942,False,15,TOSCONES CORRALEJO,False
SUMIALKI CB CIUDAD DE MOSTOLES,15,9.802499999999995,71.4642,False,15,TOSCONES CORRALEJO,False
SUMIALKI CB CIUDAD DE MOSTOLES,29,10.2962,49.9115,False,15,TOSCONES CORRALEJO,False
SUMIALKI CB CIUDAD DE MOSTOLES,88,11.9182,44.9959,True,15,TOSCONES CORRALEJO,False
SUMIALKI CB CIUDAD DE MOSTOLES,13,32.3695,22.687,True,15,TOSCONES CORRALEJO,False
SUMIALKI CB CIUDAD DE MOSTOLES,11,23.765900000000002,91.3783,False,15,TOSCONES CORRALEJO,False
SUMIALKI CB CIUDAD DE MOSTOLES,88,9.30889,49.7854,True,15,TOSCONES CORRALEJO,False
SUMIALKI CB CIUDAD DE MOSTOLES,29,25.3173,85.7066,False,15,TOSCONES CORRALEJO,False
SUMIALKI CB CIUDAD DE MOSTOLES,8,11.4245,39.4502,True,15,TOSCONES CORRALEJO,False
SUMIALKI CB CIUDAD DE MOSTOLES,8,33.0748,59.3644,False,15,TOSCONES CORRALEJO,False
SUMIALKI CB CIUDAD DE MOSTOLES,13,26.939300000000003,85.7066,False,15,TOSCONES CORRALEJO,False
SUMIALKI CB CIUDAD DE MOSTOLES,88,8.74471,42.8533,True,15,TOSCONES CORRALEJO,False
SUMIALKI CB CIUDAD DE MOSTOLES,29,30.1834,20.0402,True,15,TOSCONES CORRALEJO,False
SUMIALKI CB CIUDAD DE MOSTOLES,88,26.5867,18.0236,False,15,TOSCONES CORRALEJO,False
SUMIALKI CB CIUDAD DE MOSTOLES,29,11.142499999999998,55.9613,False,15,TOSCONES CORRALEJO,False
SUMIALKI CB CIUDAD DE MOSTOLES,13,27.9267,79.1525,False,15,TOSCONES CORRALEJO,False
SUMIALKI CB CIUDAD DE MOSTOLES,13,13.2581,93.647,True,15,TOSCONES CORRALEJO,False
SUMIALKI CB CIUDAD DE MOSTOLES,22,13.6812,25.3339,False,15,TOSCONES CORRALEJO,False
SUMIALKI CB CIUDAD DE MOSTOLES,29,34.0621,58.2301,False,15,TOSCONES CORRALEJO,False
SUMIALKI CB CIUDAD DE MOSTOLES,8,6.417500000000004,58.8602,False,15,TOSCONES CORRALEJO,False
SUMIALKI CB CIUDAD DE MOSTOLES,29,11.636099999999999,51.676,False,15,TOSCONES CORRALEJO,False
SUMIALKI CB CIUDAD DE MOSTOLES,6,16.7842,75.1193,False,15,TOSCONES CORRALEJO,False
SUMIALKI CB CIUDAD DE MOSTOLES,22,32.3695,20.0402,False,15,TOSCONES CORRALEJO,False
SUMIALKI CB CIUDAD DE MOSTOLES,29,29.478099999999998,17.1413,True,15,TOSCONES CORRALEJO,False
SUMIALKI CB CIUDAD DE MOSTOLES,88,10.296199999999999,42.0971,False,15,TOSCONES CORRALEJO,False
SUMIALKI CB CIUDAD DE MOSTOLES,8,11.565600000000003,46.0043,False,15,TOSCONES CORRALEJO,False
SUMIALKI CB CIUDAD DE MOSTOLES,15,12.200299999999999,48.6511,True,15,TOSCONES CORRALEJO,False
SUMIALKI CB CIUDAD DE MOSTOLES,12,32.01690000000001,24.8297,False,15,TOSCONES CORRALEJO,False
SUMIALKI CB CIUDAD DE MOSTOLES,8,8.533100000000005,59.7425,False,15,TOSCONES CORRALEJO,False
SUMIALKI CB CIUDAD DE MOSTOLES,29,30.677,22.0568,False,15,TOSCONES CORRALEJO,False
SUMIALKI CB CIUDAD DE MOSTOLES,8,14.456999999999994,42.7272,True,15,TOSCONES CORRALEJO,False
SUMIALKI CB CIUDAD DE MOSTOLES,29,26.5867,82.8077,False,15,TOSCONES CORRALEJO,False
SUMIALKI CB CIUDAD DE MOSTOLES,13,9.73202,48.6511,True,15,TOSCONES CORRALEJO,False
SUMIALKI CB CIUDAD DE MOSTOLES,13,23.4133,8.94877,False,15,TOSCONES CORRALEJO,False
SUMIALKI CB CIUDAD DE MOSTOLES,29,16.079,51.55,False,15,TOSCONES CORRALEJO,False
SUMIALKI CB CIUDAD DE MOSTOLES,13,9.590999999999994,53.0624,True,15,TOSCONES CORRALEJO,False
SUMIALKI CB CIUDAD DE MOSTOLES,22,15.585300000000004,43.6095,False,15,TOSCONES CORRALEJO,False
SUMIALKI CB CIUDAD DE MOSTOLES,29,10.8604,32.14,False,15,TOSCONES CORRALEJO,False
SUMIALKI CB CIUDAD DE MOSTOLES,39,10.366699999999994,92.7648,True,15,TOSCONES CORRALEJO,False
SUMIALKI CB CIUDAD DE MOSTOLES,29,13.1876,64.532,False,15,TOSCONES CORRALEJO,False
SUMIALKI CB CIUDAD DE MOSTOLES,22,13.8928,71.5902,False,15,TOSCONES CORRALEJO,False
SUMIALKI CB CIUDAD DE MOSTOLES,88,11.7772,41.3408,False,15,TOSCONES CORRALEJO,False
SUMIALKI CB CIUDAD DE MOSTOLES,29,9.6615,87.5972,False,15,TOSCONES CORRALEJO,False
SUMIALKI CB CIUDAD DE MOSTOLES,29,31.8759,74.3631,False,15,TOSCONES CORRALEJO,False
SUMIALKI CB CIUDAD DE MOSTOLES,22,11.847700000000003,67.4309,False,15,TOSCONES CORRALEJO,False
SUMIALKI CB CIUDAD DE MOSTOLES,15,8.815200000000004,66.6747,False,15,TOSCONES CORRALEJO,False
SUMIALKI CB CIUDAD DE MOSTOLES,88,9.59097,59.4904,True,15,TOSCONES CORRALEJO,False
SUMIALKI CB CIUDAD DE MOSTOLES,22,11.424499999999995,23.6953,False,15,TOSCONES CORRALEJO,False
SUMIALKI CB CIUDAD DE MOSTOLES,22,11.565600000000003,44.7439,True,15,TOSCONES CORRALEJO,False
SUMIALKI CB CIUDAD DE MOSTOLES,15,18.8293,93.8991,False,15,TOSCONES CORRALEJO,False
SUMIALKI CB CIUDAD DE MOSTOLES,22,9.37941,39.4502,True,15,TOSCONES CORRALEJO,False
SUMIALKI CB CIUDAD DE MOSTOLES,22,29.548699999999997,74.111,False,15,TOSCONES CORRALEJO,False
SUMIALKI CB CIUDAD DE MOSTOLES,29,22.708,87.9753,False,15,TOSCONES CORRALEJO,False
SUMIALKI CB CIUDAD DE MOSTOLES,6,27.8561,84.9503,False,15,TOSCONES CORRALEJO,False
SUMIALKI CB CIUDAD DE MOSTOLES,8,8.603700000000003,45.248,True,15,TOSCONES CORRALEJO,False
SUMIALKI CB CIUDAD DE MOSTOLES,22,14.174899999999994,49.7854,True,15,TOSCONES CORRALEJO,False
SUMIALKI CB CIUDAD DE MOSTOLES,29,10.1551,48.6511,True,15,TOSCONES CORRALEJO,False
SUMIALKI CB CIUDAD DE MOSTOLES,29,17.418899999999994,47.7688,False,15,TOSCONES CORRALEJO,False
SUMIALKI CB CIUDAD DE MOSTOLES,15,32.158,73.1027,False,15,TOSCONES CORRALEJO,False
MOVISTAR ESTUDIANTES,22,7.37782,60.7139,False,15,INMOBILIARIA GÁLVEZ SANTA CRUZ,True
MOVISTAR ESTUDIANTES,2,31.343999999999994,61.8897,True,15,INMOBILIARIA GÁLVEZ SANTA CRUZ,True
MOVISTAR ESTUDIANTES,6,9.210499999999996,56.5986,True,15,INMOBILIARIA GÁLVEZ SANTA CRUZ,True
MOVISTAR ESTUDIANTES,11,25.939800000000005,17.6288,False,15,INMOBILIARIA GÁLVEZ SANTA CRUZ,True
MOVISTAR ESTUDIANTES,19,28.195499999999996,25.8595,False,15,INMOBILIARIA GÁLVEZ SANTA CRUZ,True
MOVISTAR ESTUDIANTES,11,21.428600000000003,27.2033,False,15,INMOBILIARIA GÁLVEZ SANTA CRUZ,True
MOVISTAR ESTUDIANTES,19,9.25752,55.7587,False,15,INMOBILIARIA GÁLVEZ SANTA CRUZ,True
MOVISTAR ESTUDIANTES,11,23.214299999999994,73.3959,False,15,INMOBILIARIA GÁLVEZ SANTA CRUZ,True
MOVISTAR ESTUDIANTES,2,30.545100000000005,70.7923,True,15,INMOBILIARIA GÁLVEZ SANTA CRUZ,True
MOVISTAR ESTUDIANTES,12,24.4361,89.3533,True,15,INMOBILIARIA GÁLVEZ SANTA CRUZ,True
MOVISTAR ESTUDIANTES,6,33.223699999999994,41.565,True,15,INMOBILIARIA GÁLVEZ SANTA CRUZ,True
MOVISTAR ESTUDIANTES,7,28.4774,19.3085,True,15,INMOBILIARIA GÁLVEZ SANTA CRUZ,True
MOVISTAR ESTUDIANTES,7,10.7143,44.0006,True,15,INMOBILIARIA GÁLVEZ SANTA CRUZ,True
MOVISTAR ESTUDIANTES,25,31.9079,65.0812,False,15,INMOBILIARIA GÁLVEZ SANTA CRUZ,True
MOVISTAR ESTUDIANTES,8,13.1109,7.46644,False,15,INMOBILIARIA GÁLVEZ SANTA CRUZ,True
MOVISTAR ESTUDIANTES,25,25.704899999999995,19.7285,False,15,INMOBILIARIA GÁLVEZ SANTA CRUZ,True
MOVISTAR ESTUDIANTES,11,31.485,64.4933,False,15,INMOBILIARIA GÁLVEZ SANTA CRUZ,True
MOVISTAR ESTUDIANTES,2,9.11654,39.8013,False,15,INMOBILIARIA GÁLVEZ SANTA CRUZ,True
MOVISTAR ESTUDIANTES,6,7.18985,59.958,False,15,INMOBILIARIA GÁLVEZ SANTA CRUZ,True
MOVISTAR ESTUDIANTES,6,19.219899999999996,46.2682,False,15,INMOBILIARIA GÁLVEZ SANTA CRUZ,True
MOVISTAR ESTUDIANTES,8,9.915400000000005,5.03083,False,15,INMOBILIARIA GÁLVEZ SANTA CRUZ,True
MOVISTAR ESTUDIANTES,19,21.0056,10.154,False,15,INMOBILIARIA GÁLVEZ SANTA CRUZ,True
MOVISTAR ESTUDIANTES,2,27.4906,20.8203,False,15,INMOBILIARIA GÁLVEZ SANTA CRUZ,True
MOVISTAR ESTUDIANTES,2,10.1504,63.6535,False,15,INMOBILIARIA GÁLVEZ SANTA CRUZ,True
MOVISTAR ESTUDIANTES,8,32.5188,61.8897,True,15,INMOBILIARIA GÁLVEZ SANTA CRUZ,True
MOVISTAR ESTUDIANTES,25,31.343999999999994,68.8606,False,15,INMOBILIARIA GÁLVEZ SANTA CRUZ,True
MOVISTAR ESTUDIANTES,6,10.1504,53.911,False,15,INMOBILIARIA GÁLVEZ SANTA CRUZ,True
MOVISTAR ESTUDIANTES,8,6.43797,67.0129,True,15,INMOBILIARIA GÁLVEZ SANTA CRUZ,True
MOVISTAR ESTUDIANTES,9,11.748099999999994,41.733,False,15,INMOBILIARIA GÁLVEZ SANTA CRUZ,True
MOVISTAR ESTUDIANTES,8,6.578900000000004,91.369,False,15,INMOBILIARIA GÁLVEZ SANTA CRUZ,True
MOVISTAR ESTUDIANTES,7,33.3177,48.1999,False,15,INMOBILIARIA GÁLVEZ SANTA CRUZ,True
MOVISTAR ESTUDIANTES,6,23.214299999999994,13.0096,False,15,INMOBILIARIA GÁLVEZ SANTA CRUZ,True
MOVISTAR ESTUDIANTES,2,8.834599999999995,50.0476,True,15,INMOBILIARIA GÁLVEZ SANTA CRUZ,True
MOVISTAR ESTUDIANTES,8,7.330799999999996,40.3052,True,15,INMOBILIARIA GÁLVEZ SANTA CRUZ,True
MOVISTAR ESTUDIANTES,22,12.030100000000004,43.0767,True,15,INMOBILIARIA GÁLVEZ SANTA CRUZ,True
MOVISTAR ESTUDIANTES,7,27.396600000000007,81.4586,True,15,INMOBILIARIA GÁLVEZ SANTA CRUZ,True
MOVISTAR ESTUDIANTES,25,10.4793,93.8886,False,15,INMOBILIARIA GÁLVEZ SANTA CRUZ,True
MOVISTAR ESTUDIANTES,11,28.5244,21.5762,False,15,INMOBILIARIA GÁLVEZ SANTA CRUZ,True
MOVISTAR ESTUDIANTES,2,7.142799999999994,46.6042,True,15,INMOBILIARIA GÁLVEZ SANTA CRUZ,True
MOVISTAR ESTUDIANTES,8,11.513199999999998,38.8774,False,15,INMOBILIARIA GÁLVEZ SANTA CRUZ,True
MOVISTAR ESTUDIANTES,6,10.5263,94.2246,False,15,INMOBILIARIA GÁLVEZ SANTA CRUZ,True
MOVISTAR ESTUDIANTES,25,29.6053,23.6758,False,15,INMOBILIARIA GÁLVEZ SANTA CRUZ,True
MOVISTAR ESTUDIANTES,10,27.7726,81.2066,True,15,INMOBILIARIA GÁLVEZ SANTA CRUZ,True
MOVISTAR ESTUDIANTES,6,29.8402,21.4082,False,15,INMOBILIARIA GÁLVEZ SANTA CRUZ,True
MOVISTAR ESTUDIANTES,7,9.351500000000001,48.5359,False,15,INMOBILIARIA GÁLVEZ SANTA CRUZ,True
MOVISTAR ESTUDIANTES,9,7.94173,53.827,False,15,INMOBILIARIA GÁLVEZ SANTA CRUZ,True
MOVISTAR ESTUDIANTES,11,17.6692,94.4765,False,15,INMOBILIARIA GÁLVEZ SANTA CRUZ,True
MOVISTAR ESTUDIANTES,6,11.0432,54.163,False,15,INMOBILIARIA GÁLVEZ SANTA CRUZ,True
MOVISTAR ESTUDIANTES,8,27.5376,73.4799,False,15,INMOBILIARIA GÁLVEZ SANTA CRUZ,True
MOVISTAR ESTUDIANTES,11,8.787599999999998,56.2626,True,15,INMOBILIARIA GÁLVEZ SANTA CRUZ,True
MOVISTAR ESTUDIANTES,22,12.030100000000004,43.0767,False,15,INMOBILIARIA GÁLVEZ SANTA CRUZ,True
MOVISTAR ESTUDIANTES,9,7.0959,57.8584,True,15,INMOBILIARIA GÁLVEZ SANTA CRUZ,True
MOVISTAR ESTUDIANTES,9,7.37782,50.2156,True,15,INMOBILIARIA GÁLVEZ SANTA CRUZ,True
MOVISTAR ESTUDIANTES,6,11.8891,92.4608,True,15,INMOBILIARIA GÁLVEZ SANTA CRUZ,True
MOVISTAR ESTUDIANTES,8,19.501900000000006,5.45076,False,15,INMOBILIARIA GÁLVEZ SANTA CRUZ,True
MOVISTAR ESTUDIANTES,8,10.479299999999995,44.5885,True,15,INMOBILIARIA GÁLVEZ SANTA CRUZ,True
MOVISTAR ESTUDIANTES,10,9.63346,51.6434,True,15,INMOBILIARIA GÁLVEZ SANTA CRUZ,True
MOVISTAR ESTUDIANTES,8,10.9962,73.8998,False,15,INMOBILIARIA GÁLVEZ SANTA CRUZ,True
MOVISTAR ESTUDIANTES,9,7.56579,51.8113,True,15,INMOBILIARIA GÁLVEZ SANTA CRUZ,True
MOVISTAR ESTUDIANTES,22,7.80075,58.4463,False,15,INMOBILIARIA GÁLVEZ SANTA CRUZ,True
MOVISTAR ESTUDIANTES,6,8.88158,17.1249,False,15,INMOBILIARIA GÁLVEZ SANTA CRUZ,True
MOVISTAR ESTUDIANTES,6,7.56579,49.6277,True,15,INMOBILIARIA GÁLVEZ SANTA CRUZ,True
MOVISTAR ESTUDIANTES,6,11.1842,48.7038,False,15,INMOBILIARIA GÁLVEZ SANTA CRUZ,True
MOVISTAR ESTUDIANTES,8,17.434200000000004,32.5784,True,15,INMOBILIARIA GÁLVEZ SANTA CRUZ,True
MOVISTAR ESTUDIANTES,9,6.39098,48.6199,True,15,INMOBILIARIA GÁLVEZ SANTA CRUZ,True
MOVISTAR ESTUDIANTES,22,7.753799999999998,59.1182,False,15,INMOBILIARIA GÁLVEZ SANTA CRUZ,True
MOVISTAR ESTUDIANTES,12,7.80075,57.2705,False,15,INMOBILIARIA GÁLVEZ SANTA CRUZ,True
MOVISTAR ESTUDIANTES,6,19.266900000000007,60.462,True,15,INMOBILIARIA GÁLVEZ SANTA CRUZ,True
MOVISTAR ESTUDIANTES,6,27.866500000000002,78.0152,False,15,INMOBILIARIA GÁLVEZ SANTA CRUZ,True
MOVISTAR ESTUDIANTES,6,9.06955,48.7038,True,15,INMOBILIARIA GÁLVEZ SANTA CRUZ,True
MOVISTAR ESTUDIANTES,25,12.265,3.43508,True,15,INMOBILIARIA GÁLVEZ SANTA CRUZ,True
INMOBILIARIA GÁLVEZ SANTA CRUZ,44,26.315799999999996,80.7027,True,15,MOVISTAR ESTUDIANTES,False
INMOBILIARIA GÁLVEZ SANTA CRUZ,44,16.8233,92.5448,False,15,MOVISTAR ESTUDIANTES,False
INMOBILIARIA GÁLVEZ SANTA CRUZ,15,34.4925,63.9054,False,15,MOVISTAR ESTUDIANTES,False
INMOBILIARIA GÁLVEZ SANTA CRUZ,44,12.875900000000001,3.3511,False,15,MOVISTAR ESTUDIANTES,False
INMOBILIARIA GÁLVEZ SANTA CRUZ,8,12.782,47.864,True,15,MOVISTAR ESTUDIANTES,False
INMOBILIARIA GÁLVEZ SANTA CRUZ,15,9.398499999999999,51.9793,True,15,MOVISTAR ESTUDIANTES,False
INMOBILIARIA GÁLVEZ SANTA CRUZ,6,31.343999999999994,26.1115,False,15,MOVISTAR ESTUDIANTES,False
INMOBILIARIA GÁLVEZ SANTA CRUZ,44,28.1015,19.8965,False,15,MOVISTAR ESTUDIANTES,False
INMOBILIARIA GÁLVEZ SANTA CRUZ,15,9.680400000000006,67.9368,False,15,MOVISTAR ESTUDIANTES,False
INMOBILIARIA GÁLVEZ SANTA CRUZ,6,29.840199999999996,27.7072,True,15,MOVISTAR ESTUDIANTES,False
INMOBILIARIA GÁLVEZ SANTA CRUZ,8,7.04887,54.4149,False,15,MOVISTAR ESTUDIANTES,False
INMOBILIARIA GÁLVEZ SANTA CRUZ,7,12.735,93.1327,False,15,MOVISTAR ESTUDIANTES,False
INMOBILIARIA GÁLVEZ SANTA CRUZ,44,29.7462,19.4765,False,15,MOVISTAR ESTUDIANTES,False
INMOBILIARIA GÁLVEZ SANTA CRUZ,21,7.565799999999996,58.1943,True,15,MOVISTAR ESTUDIANTES,False
INMOBILIARIA GÁLVEZ SANTA CRUZ,44,27.631600000000006,24.2638,False,15,MOVISTAR ESTUDIANTES,False
INMOBILIARIA GÁLVEZ SANTA CRUZ,15,30.4511,25.0196,True,15,MOVISTAR ESTUDIANTES,False
INMOBILIARIA GÁLVEZ SANTA CRUZ,8,31.7669,28.6311,False,15,MOVISTAR ESTUDIANTES,False
INMOBILIARIA GÁLVEZ SANTA CRUZ,15,34.0226,48.9558,False,15,MOVISTAR ESTUDIANTES,False
INMOBILIARIA GÁLVEZ SANTA CRUZ,7,7.941699999999997,93.1327,True,15,MOVISTAR ESTUDIANTES,False
INMOBILIARIA GÁLVEZ SANTA CRUZ,21,5.263099999999994,56.5986,True,15,MOVISTAR ESTUDIANTES,False
INMOBILIARIA GÁLVEZ SANTA CRUZ,44,9.539500000000004,4.77887,False,15,MOVISTAR ESTUDIANTES,False
INMOBILIARIA GÁLVEZ SANTA CRUZ,21,32.0019,32.0745,True,15,MOVISTAR ESTUDIANTES,False
INMOBILIARIA GÁLVEZ SANTA CRUZ,21,24.953,89.2694,False,15,MOVISTAR ESTUDIANTES,False
INMOBILIARIA GÁLVEZ SANTA CRUZ,15,30.968,61.2178,False,15,MOVISTAR ESTUDIANTES,False
INMOBILIARIA GÁLVEZ SANTA CRUZ,21,7.00188,61.1339,True,15,MOVISTAR ESTUDIANTES,False
INMOBILIARIA GÁLVEZ SANTA CRUZ,21,23.5902,49.3757,False,15,MOVISTAR ESTUDIANTES,False
INMOBILIARIA GÁLVEZ SANTA CRUZ,24,9.91541,56.5986,True,15,MOVISTAR ESTUDIANTES,False
INMOBILIARIA GÁLVEZ SANTA CRUZ,24,9.06955,53.4071,True,15,MOVISTAR ESTUDIANTES,False
INMOBILIARIA GÁLVEZ SANTA CRUZ,21,9.82143,51.5594,True,15,MOVISTAR ESTUDIANTES,False
INMOBILIARIA GÁLVEZ SANTA CRUZ,44,29.7462,21.6602,False,15,MOVISTAR ESTUDIANTES,False
INMOBILIARIA GÁLVEZ SANTA CRUZ,44,24.765,11.0779,True,15,MOVISTAR ESTUDIANTES,False
INMOBILIARIA GÁLVEZ SANTA CRUZ,15,17.3402,94.3925,True,15,MOVISTAR ESTUDIANTES,False
INMOBILIARIA GÁLVEZ SANTA CRUZ,21,7.75376,38.1215,False,15,MOVISTAR ESTUDIANTES,False
INMOBILIARIA GÁLVEZ SANTA CRUZ,16,28.054500000000004,78.0152,False,15,MOVISTAR ESTUDIANTES,False
INMOBILIARIA GÁLVEZ SANTA CRUZ,15,8.83459,46.3522,True,15,MOVISTAR ESTUDIANTES,False
INMOBILIARIA GÁLVEZ SANTA CRUZ,24,8.411699999999996,44.3365,True,15,MOVISTAR ESTUDIANTES,False
INMOBILIARIA GÁLVEZ SANTA CRUZ,15,17.3402,52.8192,False,15,MOVISTAR ESTUDIANTES,False
INMOBILIARIA GÁLVEZ SANTA CRUZ,8,29.8402,28.715,False,15,MOVISTAR ESTUDIANTES,False
INMOBILIARIA GÁLVEZ SANTA CRUZ,15,28.571399999999997,18.8886,True,15,MOVISTAR ESTUDIANTES,False
INMOBILIARIA GÁLVEZ SANTA CRUZ,8,9.868399999999994,44.3365,False,15,MOVISTAR ESTUDIANTES,False
INMOBILIARIA GÁLVEZ SANTA CRUZ,6,14.4737,70.7923,False,15,MOVISTAR ESTUDIANTES,False
INMOBILIARIA GÁLVEZ SANTA CRUZ,15,34.3045,54.3309,True,15,MOVISTAR ESTUDIANTES,False
INMOBILIARIA GÁLVEZ SANTA CRUZ,16,32.330799999999996,35.7699,True,15,MOVISTAR ESTUDIANTES,False
INMOBILIARIA GÁLVEZ SANTA CRUZ,21,25.3759,35.8539,True,15,MOVISTAR ESTUDIANTES,False
INMOBILIARIA GÁLVEZ SANTA CRUZ,15,33.6936,48.7038,False,15,MOVISTAR ESTUDIANTES,False
INMOBILIARIA GÁLVEZ SANTA CRUZ,8,9.680400000000006,40.7251,False,15,MOVISTAR ESTUDIANTES,False
INMOBILIARIA GÁLVEZ SANTA CRUZ,6,9.3515,56.2626,False,15,MOVISTAR ESTUDIANTES,False
INMOBILIARIA GÁLVEZ SANTA CRUZ,21,9.445499999999996,46.7722,True,15,MOVISTAR ESTUDIANTES,False
INMOBILIARIA GÁLVEZ SANTA CRUZ,44,8.17669,5.1988,False,15,MOVISTAR ESTUDIANTES,False
INMOBILIARIA GÁLVEZ SANTA CRUZ,21,7.94173,56.2626,False,15,MOVISTAR ESTUDIANTES,False
INMOBILIARIA GÁLVEZ SANTA CRUZ,15,29.6523,77.6792,False,15,MOVISTAR ESTUDIANTES,False
INMOBILIARIA GÁLVEZ SANTA CRUZ,21,8.458600000000004,40.9771,False,15,MOVISTAR ESTUDIANTES,False
INMOBILIARIA GÁLVEZ SANTA CRUZ,15,31.391000000000005,25.0196,False,15,MOVISTAR ESTUDIANTES,False
INMOBILIARIA GÁLVEZ SANTA CRUZ,15,12.5,38.0375,False,15,MOVISTAR ESTUDIANTES,False
INMOBILIARIA GÁLVEZ SANTA CRUZ,6,7.988699999999994,55.4228,True,15,MOVISTAR ESTUDIANTES,False
INMOBILIARIA GÁLVEZ SANTA CRUZ,44,31.485,36.0219,False,15,MOVISTAR ESTUDIANTES,False
INMOBILIARIA GÁLVEZ SANTA CRUZ,6,33.7876,53.743,False,15,MOVISTAR ESTUDIANTES,False
INMOBILIARIA GÁLVEZ SANTA CRUZ,21,10.808300000000003,52.0633,False,15,MOVISTAR ESTUDIANTES,False
INMOBILIARIA GÁLVEZ SANTA CRUZ,8,7.98872,58.6143,True,15,MOVISTAR ESTUDIANTES,False
INMOBILIARIA GÁLVEZ SANTA CRUZ,15,32.800700000000006,72.3881,True,15,MOVISTAR ESTUDIANTES,False
INMOBILIARIA GÁLVEZ SANTA CRUZ,6,5.78008,57.1025,True,15,MOVISTAR ESTUDIANTES,False
INMOBILIARIA GÁLVEZ SANTA CRUZ,6,29.1353,19.8125,False,15,MOVISTAR ESTUDIANTES,False
INMOBILIARIA GÁLVEZ SANTA CRUZ,6,8.693600000000004,41.9849,True,15,MOVISTAR ESTUDIANTES,False
INMOBILIARIA GÁLVEZ SANTA CRUZ,8,16.2124,76.0835,False,15,MOVISTAR ESTUDIANTES,False
INMOBILIARIA GÁLVEZ SANTA CRUZ,6,7.001900000000006,43.4967,True,15,MOVISTAR ESTUDIANTES,False
INMOBILIARIA GÁLVEZ SANTA CRUZ,6,5.68609,51.3914,True,15,MOVISTAR ESTUDIANTES,False
CB LA MATANZA,7,5.430199999999999,47.3907,True,16,PROBASKETLAB FUENLABRADA,True
CB LA MATANZA,23,7.475300000000004,82.5556,False,16,PROBASKETLAB FUENLABRADA,True
CB LA MATANZA,0,7.052199999999999,44.9959,True,16,PROBASKETLAB FUENLABRADA,True
CB LA MATANZA,23,29.8307,16.133,False,16,PROBASKETLAB FUENLABRADA,True
CB LA MATANZA,7,7.75741,47.1386,False,16,PROBASKETLAB FUENLABRADA,True
CB LA MATANZA,23,25.811000000000007,86.2107,False,16,PROBASKETLAB FUENLABRADA,True
CB LA MATANZA,23,9.52045,76.7578,False,16,PROBASKETLAB FUENLABRADA,True
CB LA MATANZA,23,31.1001,76.1276,False,16,PROBASKETLAB FUENLABRADA,True
CB LA MATANZA,7,5.43018,52.6843,True,16,PROBASKETLAB FUENLABRADA,True
CB LA MATANZA,10,28.8434,27.3505,False,16,PROBASKETLAB FUENLABRADA,True
CB LA MATANZA,23,11.0719,73.6068,False,16,PROBASKETLAB FUENLABRADA,True
CB LA MATANZA,23,8.3921,53.0624,False,16,PROBASKETLAB FUENLABRADA,True
CB LA MATANZA,72,7.2637,79.6567,False,16,PROBASKETLAB FUENLABRADA,True
CB LA MATANZA,21,16.713700000000003,90.37,False,16,PROBASKETLAB FUENLABRADA,True
CB LA MATANZA,10,31.029600000000002,22.687,True,16,PROBASKETLAB FUENLABRADA,True
CB LA MATANZA,10,10.3667,53.6926,True,16,PROBASKETLAB FUENLABRADA,True
CB LA MATANZA,72,5.571200000000005,52.5583,True,16,PROBASKETLAB FUENLABRADA,True
CB LA MATANZA,11,5.1481,3.52909,False,16,PROBASKETLAB FUENLABRADA,True
CB LA MATANZA,7,4.72496,46.3824,True,16,PROBASKETLAB FUENLABRADA,True
CB LA MATANZA,9,23.6953,87.8492,False,16,PROBASKETLAB FUENLABRADA,True
CB LA MATANZA,9,10.9309,4.41137,False,16,PROBASKETLAB FUENLABRADA,True
CB LA MATANZA,9,22.214399999999998,9.20085,True,16,PROBASKETLAB FUENLABRADA,True
CB LA MATANZA,23,26.1636,22.9391,True,16,PROBASKETLAB FUENLABRADA,True
CB LA MATANZA,23,11.9887,46.1303,False,16,PROBASKETLAB FUENLABRADA,True
CB LA MATANZA,72,11.0719,43.2314,False,16,PROBASKETLAB FUENLABRADA,True
CB LA MATANZA,9,6.20592,96.4199,False,16,PROBASKETLAB FUENLABRADA,True
CB LA MATANZA,9,22.284899999999993,89.9919,True,16,PROBASKETLAB FUENLABRADA,True
CB LA MATANZA,3,17.630499999999998,94.4033,False,16,PROBASKETLAB FUENLABRADA,True
CB LA MATANZA,14,14.880099999999999,84.0681,True,16,PROBASKETLAB FUENLABRADA,True
CB LA MATANZA,10,3.737700000000004,48.399,True,16,PROBASKETLAB FUENLABRADA,True
CB LA MATANZA,23,5.85331,44.4918,True,16,PROBASKETLAB FUENLABRADA,True
CB LA MATANZA,23,16.572599999999994,94.4033,False,16,PROBASKETLAB FUENLABRADA,True
CB LA MATANZA,7,30.536,23.3172,True,16,PROBASKETLAB FUENLABRADA,True
CB LA MATANZA,21,32.01690000000001,20.7964,False,16,PROBASKETLAB FUENLABRADA,True
CB LA MATANZA,7,4.090299999999999,47.5167,True,16,PROBASKETLAB FUENLABRADA,True
CB LA MATANZA,7,7.33427,49.4073,True,16,PROBASKETLAB FUENLABRADA,True
CB LA MATANZA,21,13.0465,8.57066,False,16,PROBASKETLAB FUENLABRADA,True
CB LA MATANZA,7,6.135400000000004,63.2716,False,16,PROBASKETLAB FUENLABRADA,True
CB LA MATANZA,23,22.426000000000002,12.0998,False,16,PROBASKETLAB FUENLABRADA,True
CB LA MATANZA,10,31.1001,31.7618,False,16,PROBASKETLAB FUENLABRADA,True
CB LA MATANZA,23,20.0987,77.0099,True,16,PROBASKETLAB FUENLABRADA,True
CB LA MATANZA,23,6.98166,51.9281,True,16,PROBASKETLAB FUENLABRADA,True
CB LA MATANZA,7,6.69958,44.7439,True,16,PROBASKETLAB FUENLABRADA,True
CB LA MATANZA,11,4.86601,52.5583,True,16,PROBASKETLAB FUENLABRADA,True
CB LA MATANZA,23,33.07470000000001,28.1067,False,16,PROBASKETLAB FUENLABRADA,True
CB LA MATANZA,72,5.218599999999995,49.9115,False,16,PROBASKETLAB FUENLABRADA,True
CB LA MATANZA,23,11.0014,5.1676,True,16,PROBASKETLAB FUENLABRADA,True
CB LA MATANZA,9,32.01690000000001,20.7964,False,16,PROBASKETLAB FUENLABRADA,True
CB LA MATANZA,72,27.292,48.399,False,16,PROBASKETLAB FUENLABRADA,True
CB LA MATANZA,9,9.732,4.66345,True,16,PROBASKETLAB FUENLABRADA,True
CB LA MATANZA,6,11.706599999999995,50.5417,False,16,PROBASKETLAB FUENLABRADA,True
CB LA MATANZA,7,6.135400000000004,50.6677,True,16,PROBASKETLAB FUENLABRADA,True
CB LA MATANZA,0,4.724999999999994,43.3574,False,16,PROBASKETLAB FUENLABRADA,True
CB LA MATANZA,72,8.53315,37.5596,False,16,PROBASKETLAB FUENLABRADA,True
CB LA MATANZA,72,11.6361,49.9115,True,16,PROBASKETLAB FUENLABRADA,True
CB LA MATANZA,14,6.91114,60.8769,False,16,PROBASKETLAB FUENLABRADA,True
CB LA MATANZA,0,7.616399999999999,50.1636,False,16,PROBASKETLAB FUENLABRADA,True
CB LA MATANZA,0,8.95628,50.7937,True,16,PROBASKETLAB FUENLABRADA,True
CB LA MATANZA,0,4.090299999999999,52.4323,False,16,PROBASKETLAB FUENLABRADA,True
CB LA MATANZA,6,31.100099999999998,55.5832,False,16,PROBASKETLAB FUENLABRADA,True
CB LA MATANZA,0,12.3413,17.0153,False,16,PROBASKETLAB FUENLABRADA,True
CB LA MATANZA,0,4.4428999999999945,50.4156,True,16,PROBASKETLAB FUENLABRADA,True
CB LA MATANZA,0,9.873099999999994,94.4033,False,16,PROBASKETLAB FUENLABRADA,True
CB LA MATANZA,23,6.84062,53.8187,True,16,PROBASKETLAB FUENLABRADA,True
CB LA MATANZA,11,28.420299999999997,19.284,False,16,PROBASKETLAB FUENLABRADA,True
CB LA MATANZA,23,22.4965,90.4961,False,16,PROBASKETLAB FUENLABRADA,True
CB LA MATANZA,23,6.064899999999994,51.676,False,16,PROBASKETLAB FUENLABRADA,True
CB LA MATANZA,23,41.5374,89.9919,True,16,PROBASKETLAB FUENLABRADA,True
CB LA MATANZA,0,5.782799999999995,52.5583,False,16,PROBASKETLAB FUENLABRADA,True
CB LA MATANZA,72,24.471100000000007,47.5167,True,16,PROBASKETLAB FUENLABRADA,True
CB LA MATANZA,72,3.3144999999999953,49.4073,False,16,PROBASKETLAB FUENLABRADA,True
CB LA MATANZA,72,4.3018,46.5084,True,16,PROBASKETLAB FUENLABRADA,True
CB LA MATANZA,0,11.7066,85.3285,True,16,PROBASKETLAB FUENLABRADA,True
CB LA MATANZA,11,11.0719,43.2314,False,16,PROBASKETLAB FUENLABRADA,True
CB LA MATANZA,23,29.619200000000006,76.2536,True,16,PROBASKETLAB FUENLABRADA,True
CB LA MATANZA,0,4.2313000000000045,50.4156,True,16,PROBASKETLAB FUENLABRADA,True
CB LA MATANZA,23,7.54584,52.0541,True,16,PROBASKETLAB FUENLABRADA,True
CB LA MATANZA,14,18.829300000000003,92.8908,False,16,PROBASKETLAB FUENLABRADA,True
PROBASKETLAB FUENLABRADA,11,11.706599999999995,87.3451,False,16,CB LA MATANZA,False
PROBASKETLAB FUENLABRADA,14,10.296199999999999,4.53741,False,16,CB LA MATANZA,False
PROBASKETLAB FUENLABRADA,11,30.1834,26.8463,False,16,CB LA MATANZA,False
PROBASKETLAB FUENLABRADA,13,23.483800000000002,87.8492,True,16,CB LA MATANZA,False
PROBASKETLAB FUENLABRADA,7,13.822299999999998,34.7868,False,16,CB LA MATANZA,False
PROBASKETLAB FUENLABRADA,13,28.067700000000002,20.1663,False,16,CB LA MATANZA,False
PROBASKETLAB FUENLABRADA,14,26.234099999999998,81.6733,False,16,CB LA MATANZA,False
PROBASKETLAB FUENLABRADA,7,10.4372,49.2813,True,16,CB LA MATANZA,False
PROBASKETLAB FUENLABRADA,7,21.438599999999994,88.4794,False,16,CB LA MATANZA,False
PROBASKETLAB FUENLABRADA,8,8.462599999999995,48.1469,True,16,CB LA MATANZA,False
PROBASKETLAB FUENLABRADA,5,23.483800000000002,49.0292,True,16,CB LA MATANZA,False
PROBASKETLAB FUENLABRADA,2,13.8928,92.8908,False,16,CB LA MATANZA,False
PROBASKETLAB FUENLABRADA,13,19.5346,92.2606,True,16,CB LA MATANZA,False
PROBASKETLAB FUENLABRADA,7,31.5938,31.8879,False,16,CB LA MATANZA,False
PROBASKETLAB FUENLABRADA,8,6.699600000000004,49.7854,True,16,CB LA MATANZA,False
PROBASKETLAB FUENLABRADA,13,30.959100000000007,79.0265,False,16,CB LA MATANZA,False
PROBASKETLAB FUENLABRADA,8,29.760199999999998,27.2244,False,16,CB LA MATANZA,False
PROBASKETLAB FUENLABRADA,2,19.1819,91.1263,False,16,CB LA MATANZA,False
PROBASKETLAB FUENLABRADA,3,5.571200000000005,50.0375,True,16,CB LA MATANZA,False
PROBASKETLAB FUENLABRADA,14,10.7898,95.1595,False,16,CB LA MATANZA,False
PROBASKETLAB FUENLABRADA,7,9.943600000000004,64.9101,False,16,CB LA MATANZA,False
PROBASKETLAB FUENLABRADA,7,7.33427,89.1096,False,16,CB LA MATANZA,False
PROBASKETLAB FUENLABRADA,3,6.629099999999994,52.3062,True,16,CB LA MATANZA,False
PROBASKETLAB FUENLABRADA,13,21.6502,94.7814,False,16,CB LA MATANZA,False
PROBASKETLAB FUENLABRADA,8,7.616399999999999,40.8367,False,16,CB LA MATANZA,False
PROBASKETLAB FUENLABRADA,8,3.385000000000005,53.8187,False,16,CB LA MATANZA,False
PROBASKETLAB FUENLABRADA,8,6.2059,48.525,False,16,CB LA MATANZA,False
PROBASKETLAB FUENLABRADA,8,6.629099999999994,53.4406,True,16,CB LA MATANZA,False
PROBASKETLAB FUENLABRADA,5,25.740499999999997,85.0764,True,16,CB LA MATANZA,False
PROBASKETLAB FUENLABRADA,2,12.4824,92.7648,False,16,CB LA MATANZA,False
PROBASKETLAB FUENLABRADA,5,24.048,90.4961,False,16,CB LA MATANZA,False
PROBASKETLAB FUENLABRADA,11,8.53315,50.7937,True,16,CB LA MATANZA,False
PROBASKETLAB FUENLABRADA,7,28.3498,21.6787,False,16,CB LA MATANZA,False
PROBASKETLAB FUENLABRADA,5,5.782799999999995,50.7937,True,16,CB LA MATANZA,False
PROBASKETLAB FUENLABRADA,13,6.69958,46.5084,False,16,CB LA MATANZA,False
PROBASKETLAB FUENLABRADA,7,30.6065,30.8796,False,16,CB LA MATANZA,False
PROBASKETLAB FUENLABRADA,5,5.6417,50.9198,True,16,CB LA MATANZA,False
PROBASKETLAB FUENLABRADA,13,6.69958,46.5084,True,16,CB LA MATANZA,False
PROBASKETLAB FUENLABRADA,5,25.67,49.2813,True,16,CB LA MATANZA,False
PROBASKETLAB FUENLABRADA,7,15.303200000000004,48.9032,True,16,CB LA MATANZA,False
PROBASKETLAB FUENLABRADA,13,32.5106,69.8256,False,16,CB LA MATANZA,False
PROBASKETLAB FUENLABRADA,8,4.795500000000004,51.2979,True,16,CB LA MATANZA,False
PROBASKETLAB FUENLABRADA,11,10.2962,27.9807,False,16,CB LA MATANZA,False
PROBASKETLAB FUENLABRADA,14,13.1171,93.647,False,16,CB LA MATANZA,False
PROBASKETLAB FUENLABRADA,7,18.194599999999994,96.0418,True,16,CB LA MATANZA,False
PROBASKETLAB FUENLABRADA,7,4.93653,53.5666,False,16,CB LA MATANZA,False
PROBASKETLAB FUENLABRADA,13,11.0719,57.8519,False,16,CB LA MATANZA,False
PROBASKETLAB FUENLABRADA,13,26.5867,14.4945,False,16,CB LA MATANZA,False
PROBASKETLAB FUENLABRADA,8,5.35966,49.9115,False,16,CB LA MATANZA,False
PROBASKETLAB FUENLABRADA,5,6.276399999999995,50.1636,True,16,CB LA MATANZA,False
PROBASKETLAB FUENLABRADA,5,13.6812,7.68838,False,16,CB LA MATANZA,False
PROBASKETLAB FUENLABRADA,8,6.41749,51.9281,True,16,CB LA MATANZA,False
PROBASKETLAB FUENLABRADA,7,26.939300000000003,12.3518,False,16,CB LA MATANZA,False
PROBASKETLAB FUENLABRADA,7,4.09027,46.7605,True,16,CB LA MATANZA,False
PROBASKETLAB FUENLABRADA,11,30.747500000000002,50.6677,False,16,CB LA MATANZA,False
PROBASKETLAB FUENLABRADA,13,31.170699999999997,22.0568,False,16,CB LA MATANZA,False
PROBASKETLAB FUENLABRADA,13,25.67,87.7232,False,16,CB LA MATANZA,False
PROBASKETLAB FUENLABRADA,5,20.521900000000002,49.0292,True,16,CB LA MATANZA,False
PROBASKETLAB FUENLABRADA,14,7.5458,4.28533,True,16,CB LA MATANZA,False
PROBASKETLAB FUENLABRADA,8,20.5219,24.4516,False,16,CB LA MATANZA,False
PROBASKETLAB FUENLABRADA,8,8.251099999999994,53.0624,True,16,CB LA MATANZA,False
PROBASKETLAB FUENLABRADA,8,0.35259999999999536,49.2813,True,16,CB LA MATANZA,False
PROBASKETLAB FUENLABRADA,7,12.975999999999999,51.8021,False,16,CB LA MATANZA,False
PROBASKETLAB FUENLABRADA,11,5.571200000000005,50.5417,True,16,CB LA MATANZA,False
PROBASKETLAB FUENLABRADA,14,16.5021,35.543,False,16,CB LA MATANZA,False
PROBASKETLAB FUENLABRADA,2,26.3047,13.9903,False,16,CB LA MATANZA,False
PROBASKETLAB FUENLABRADA,14,6.911100000000005,53.5666,True,16,CB LA MATANZA,False
PROBASKETLAB FUENLABRADA,8,5.359700000000004,47.7688,True,16,CB LA MATANZA,False
PROBASKETLAB FUENLABRADA,7,33.0748,15.3768,True,16,CB LA MATANZA,False
PROBASKETLAB FUENLABRADA,13,34.5557,44.9959,False,16,CB LA MATANZA,False
PROBASKETLAB FUENLABRADA,8,30.959100000000007,79.0265,True,16,CB LA MATANZA,False
PROBASKETLAB FUENLABRADA,7,5.00705,54.953,False,16,CB LA MATANZA,False
TOSCONES CORRALEJO,17,10.366699999999994,58.4821,False,16,FUNDACION GLOBALCAJA LA RODA,True
TOSCONES CORRALEJO,15,9.6615,55.5832,True,16,FUNDACION GLOBALCAJA LA RODA,True
TOSCONES CORRALEJO,17,13.963300000000004,26.3422,True,16,FUNDACION GLOBALCAJA LA RODA,True
TOSCONES CORRALEJO,30,11.213,42.3491,False,16,FUNDACION GLOBALCAJA LA RODA,True
TOSCONES CORRALEJO,7,16.22,53.0624,False,16,FUNDACION GLOBALCAJA LA RODA,True
TOSCONES CORRALEJO,17,10.0141,55.9613,True,16,FUNDACION GLOBALCAJA LA RODA,True
TOSCONES CORRALEJO,7,10.7898,46.7605,False,16,FUNDACION GLOBALCAJA LA RODA,True
TOSCONES CORRALEJO,8,29.548699999999997,18.9059,True,16,FUNDACION GLOBALCAJA LA RODA,True
TOSCONES CORRALEJO,17,7.4048,39.1982,True,16,FUNDACION GLOBALCAJA LA RODA,True
TOSCONES CORRALEJO,7,11.0014,60.1206,True,16,FUNDACION GLOBALCAJA LA RODA,True
TOSCONES CORRALEJO,19,26.9394,13.1081,False,16,FUNDACION GLOBALCAJA LA RODA,True
TOSCONES CORRALEJO,17,12.1298,64.2799,False,16,FUNDACION GLOBALCAJA LA RODA,True
TOSCONES CORRALEJO,36,12.059200000000004,43.8616,False,16,FUNDACION GLOBALCAJA LA RODA,True
TOSCONES CORRALEJO,30,11.495099999999994,41.3408,True,16,FUNDACION GLOBALCAJA LA RODA,True
TOSCONES CORRALEJO,8,7.686899999999994,50.4156,True,16,FUNDACION GLOBALCAJA LA RODA,True
TOSCONES CORRALEJO,15,11.9887,48.9032,False,16,FUNDACION GLOBALCAJA LA RODA,True
TOSCONES CORRALEJO,9,21.9323,35.7951,False,16,FUNDACION GLOBALCAJA LA RODA,True
TOSCONES CORRALEJO,11,12.6234,33.6524,True,16,FUNDACION GLOBALCAJA LA RODA,True
TOSCONES CORRALEJO,19,28.5614,84.5722,True,16,FUNDACION GLOBALCAJA LA RODA,True
TOSCONES CORRALEJO,9,10.507800000000003,50.7937,False,16,FUNDACION GLOBALCAJA LA RODA,True
TOSCONES CORRALEJO,8,12.905500000000004,41.7189,False,16,FUNDACION GLOBALCAJA LA RODA,True
TOSCONES CORRALEJO,9,5.9238,48.273,True,16,FUNDACION GLOBALCAJA LA RODA,True
TOSCONES CORRALEJO,30,14.7391,59.8686,False,16,FUNDACION GLOBALCAJA LA RODA,True
TOSCONES CORRALEJO,30,15.021199999999993,40.5846,False,16,FUNDACION GLOBALCAJA LA RODA,True
TOSCONES CORRALEJO,7,9.37941,42.4752,True,16,FUNDACION GLOBALCAJA LA RODA,True
TOSCONES CORRALEJO,30,8.674199999999999,55.5832,True,16,FUNDACION GLOBALCAJA LA RODA,True
TOSCONES CORRALEJO,17,9.73202,39.3242,True,16,FUNDACION GLOBALCAJA LA RODA,True
TOSCONES CORRALEJO,9,29.266599999999997,16.259,False,16,FUNDACION GLOBALCAJA LA RODA,True
TOSCONES CORRALEJO,36,10.578299999999999,55.9613,False,16,FUNDACION GLOBALCAJA LA RODA,True
TOSCONES CORRALEJO,11,29.760199999999998,19.0319,True,16,FUNDACION GLOBALCAJA LA RODA,True
TOSCONES CORRALEJO,7,9.80254,35.7951,False,16,FUNDACION GLOBALCAJA LA RODA,True
TOSCONES CORRALEJO,19,34.1326,25.964,False,16,FUNDACION GLOBALCAJA LA RODA,True
TOSCONES CORRALEJO,8,24.9647,11.9737,False,16,FUNDACION GLOBALCAJA LA RODA,True
TOSCONES CORRALEJO,9,15.867400000000004,40.2065,False,16,FUNDACION GLOBALCAJA LA RODA,True
TOSCONES CORRALEJO,17,9.73202,41.2148,True,16,FUNDACION GLOBALCAJA LA RODA,True
TOSCONES CORRALEJO,8,16.7842,94.1512,False,16,FUNDACION GLOBALCAJA LA RODA,True
TOSCONES CORRALEJO,30,35.6135,41.845,False,16,FUNDACION GLOBALCAJA LA RODA,True
TOSCONES CORRALEJO,7,28.1382,14.9987,False,16,FUNDACION GLOBALCAJA LA RODA,True
TOSCONES CORRALEJO,17,10.578299999999999,48.399,False,16,FUNDACION GLOBALCAJA LA RODA,True
TOSCONES CORRALEJO,8,33.4979,70.3298,False,16,FUNDACION GLOBALCAJA LA RODA,True
TOSCONES CORRALEJO,8,10.6488,45.7522,True,16,FUNDACION GLOBALCAJA LA RODA,True
TOSCONES CORRALEJO,36,8.603700000000003,58.104,True,16,FUNDACION GLOBALCAJA LA RODA,True
TOSCONES CORRALEJO,30,27.785600000000002,17.7715,False,16,FUNDACION GLOBALCAJA LA RODA,True
TOSCONES CORRALEJO,11,30.183400000000006,18.0236,False,16,FUNDACION GLOBALCAJA LA RODA,True
TOSCONES CORRALEJO,17,20.380799999999994,69.0694,False,16,FUNDACION GLOBALCAJA LA RODA,True
TOSCONES CORRALEJO,8,11.283500000000004,28.8629,False,16,FUNDACION GLOBALCAJA LA RODA,True
TOSCONES CORRALEJO,7,17.136799999999994,65.6664,False,16,FUNDACION GLOBALCAJA LA RODA,True
TOSCONES CORRALEJO,15,13.2581,43.2314,True,16,FUNDACION GLOBALCAJA LA RODA,True
TOSCONES CORRALEJO,9,11.706599999999995,61.5071,False,16,FUNDACION GLOBALCAJA LA RODA,True
TOSCONES CORRALEJO,8,22.0028,93.1429,True,16,FUNDACION GLOBALCAJA LA RODA,True
TOSCONES CORRALEJO,8,8.956299999999999,48.1469,True,16,FUNDACION GLOBALCAJA LA RODA,True
TOSCONES CORRALEJO,9,10.9309,51.2979,True,16,FUNDACION GLOBALCAJA LA RODA,True
TOSCONES CORRALEJO,9,4.866,49.0292,True,16,FUNDACION GLOBALCAJA LA RODA,True
TOSCONES CORRALEJO,17,16.078999999999994,57.4738,True,16,FUNDACION GLOBALCAJA LA RODA,True
TOSCONES CORRALEJO,19,23.2722,89.3617,False,16,FUNDACION GLOBALCAJA LA RODA,True
TOSCONES CORRALEJO,11,30.677000000000007,77.0099,True,16,FUNDACION GLOBALCAJA LA RODA,True
TOSCONES CORRALEJO,17,9.943600000000004,53.8187,False,16,FUNDACION GLOBALCAJA LA RODA,True
TOSCONES CORRALEJO,30,12.552899999999994,39.4502,False,16,FUNDACION GLOBALCAJA LA RODA,True
TOSCONES CORRALEJO,17,10.4372,53.6926,False,16,FUNDACION GLOBALCAJA LA RODA,True
TOSCONES CORRALEJO,7,10.1551,47.6428,True,16,FUNDACION GLOBALCAJA LA RODA,True
TOSCONES CORRALEJO,7,8.744699999999995,61.6331,True,16,FUNDACION GLOBALCAJA LA RODA,True
TOSCONES CORRALEJO,17,10.507800000000003,50.7937,True,16,FUNDACION GLOBALCAJA LA RODA,True
TOSCONES CORRALEJO,11,18.0536,68.4392,False,16,FUNDACION GLOBALCAJA LA RODA,True
TOSCONES CORRALEJO,30,31.452699999999993,77.388,False,16,FUNDACION GLOBALCAJA LA RODA,True
TOSCONES CORRALEJO,15,3.80818,48.9032,True,16,FUNDACION GLOBALCAJA LA RODA,True
FUNDACION GLOBALCAJA LA RODA,2,32.9337,62.7675,True,16,TOSCONES CORRALEJO,False
FUNDACION GLOBALCAJA LA RODA,25,5.1480999999999995,48.9032,True,16,TOSCONES CORRALEJO,False
FUNDACION GLOBALCAJA LA RODA,10,11.706599999999995,40.7106,False,16,TOSCONES CORRALEJO,False
FUNDACION GLOBALCAJA LA RODA,9,10.2257,95.5376,False,16,TOSCONES CORRALEJO,False
FUNDACION GLOBALCAJA LA RODA,13,31.170699999999997,76.6318,False,16,TOSCONES CORRALEJO,False
FUNDACION GLOBALCAJA LA RODA,6,16.149500000000003,4.53741,True,16,TOSCONES CORRALEJO,False
FUNDACION GLOBALCAJA LA RODA,13,10.7193,95.5376,True,16,TOSCONES CORRALEJO,False
FUNDACION GLOBALCAJA LA RODA,0,7.96897,44.7439,True,16,TOSCONES CORRALEJO,False
FUNDACION GLOBALCAJA LA RODA,4,11.354,56.0874,True,16,TOSCONES CORRALEJO,False
FUNDACION GLOBALCAJA LA RODA,0,27.644599999999997,14.3685,False,16,TOSCONES CORRALEJO,False
FUNDACION GLOBALCAJA LA RODA,6,33.0042,67.9351,False,16,TOSCONES CORRALEJO,False
FUNDACION GLOBALCAJA LA RODA,6,35.1199,38.0638,False,16,TOSCONES CORRALEJO,False
FUNDACION GLOBALCAJA LA RODA,13,32.5106,74.6151,False,16,TOSCONES CORRALEJO,False
FUNDACION GLOBALCAJA LA RODA,13,21.509200000000007,48.273,False,16,TOSCONES CORRALEJO,False
FUNDACION GLOBALCAJA LA RODA,0,12.835,48.1469,False,16,TOSCONES CORRALEJO,False
FUNDACION GLOBALCAJA LA RODA,13,16.9252,16.8892,True,16,TOSCONES CORRALEJO,False
FUNDACION GLOBALCAJA LA RODA,6,29.4076,80.539,True,16,TOSCONES CORRALEJO,False
FUNDACION GLOBALCAJA LA RODA,4,33.0042,73.6068,False,16,TOSCONES CORRALEJO,False
FUNDACION GLOBALCAJA LA RODA,25,11.495099999999994,52.4323,False,16,TOSCONES CORRALEJO,False
FUNDACION GLOBALCAJA LA RODA,4,8.18054,42.6012,False,16,TOSCONES CORRALEJO,False
FUNDACION GLOBALCAJA LA RODA,9,27.3625,83.942,False,16,TOSCONES CORRALEJO,False
FUNDACION GLOBALCAJA LA RODA,0,30.183400000000006,81.2952,True,16,TOSCONES CORRALEJO,False
FUNDACION GLOBALCAJA LA RODA,25,12.6939,39.9544,False,16,TOSCONES CORRALEJO,False
FUNDACION GLOBALCAJA LA RODA,6,7.96897,53.4406,False,16,TOSCONES CORRALEJO,False
FUNDACION GLOBALCAJA LA RODA,0,29.4781,16.8892,True,16,TOSCONES CORRALEJO,False
FUNDACION GLOBALCAJA LA RODA,2,10.5783,55.9613,True,16,TOSCONES CORRALEJO,False
FUNDACION GLOBALCAJA LA RODA,13,35.8956,56.9697,True,16,TOSCONES CORRALEJO,False
FUNDACION GLOBALCAJA LA RODA,13,8.11001,46.1303,True,16,TOSCONES CORRALEJO,False
FUNDACION GLOBALCAJA LA RODA,0,29.9718,81.2952,False,16,TOSCONES CORRALEJO,False
FUNDACION GLOBALCAJA LA RODA,4,11.9887,47.6428,True,16,TOSCONES CORRALEJO,False
FUNDACION GLOBALCAJA LA RODA,0,28.3498,13.8643,True,16,TOSCONES CORRALEJO,False
FUNDACION GLOBALCAJA LA RODA,4,5.6417,51.8021,True,16,TOSCONES CORRALEJO,False
FUNDACION GLOBALCAJA LA RODA,4,10.9309,53.3145,False,16,TOSCONES CORRALEJO,False
FUNDACION GLOBALCAJA LA RODA,0,33.7094,66.4226,True,16,TOSCONES CORRALEJO,False
FUNDACION GLOBALCAJA LA RODA,4,30.465400000000002,81.0431,True,16,TOSCONES CORRALEJO,False
FUNDACION GLOBALCAJA LA RODA,13,10.7193,54.827,True,16,TOSCONES CORRALEJO,False
FUNDACION GLOBALCAJA LA RODA,13,30.112799999999993,81.0431,True,16,TOSCONES CORRALEJO,False
FUNDACION GLOBALCAJA LA RODA,0,28.561400000000006,15.5028,True,16,TOSCONES CORRALEJO,False
FUNDACION GLOBALCAJA LA RODA,10,14.386499999999998,47.5167,False,16,TOSCONES CORRALEJO,False
FUNDACION GLOBALCAJA LA RODA,4,5.430199999999999,50.6677,True,16,TOSCONES CORRALEJO,False
FUNDACION GLOBALCAJA LA RODA,13,29.830699999999993,19.1579,False,16,TOSCONES CORRALEJO,False
FUNDACION GLOBALCAJA LA RODA,9,11.6361,36.6774,False,16,TOSCONES CORRALEJO,False
FUNDACION GLOBALCAJA LA RODA,9,27.292,87.8492,False,16,TOSCONES CORRALEJO,False
FUNDACION GLOBALCAJA LA RODA,3,11.283500000000004,57.978,False,16,TOSCONES CORRALEJO,False
FUNDACION GLOBALCAJA LA RODA,25,5.07757,47.0126,True,16,TOSCONES CORRALEJO,False
FUNDACION GLOBALCAJA LA RODA,6,35.3315,42.4752,False,16,TOSCONES CORRALEJO,False
FUNDACION GLOBALCAJA LA RODA,13,9.94358,37.8117,False,16,TOSCONES CORRALEJO,False
FUNDACION GLOBALCAJA LA RODA,25,10.084599999999995,58.6082,False,16,TOSCONES CORRALEJO,False
FUNDACION GLOBALCAJA LA RODA,3,27.7856,84.6983,False,16,TOSCONES CORRALEJO,False
FUNDACION GLOBALCAJA LA RODA,0,28.914,19.6621,False,16,TOSCONES CORRALEJO,False
FUNDACION GLOBALCAJA LA RODA,6,32.0874,74.6151,False,16,TOSCONES CORRALEJO,False
FUNDACION GLOBALCAJA LA RODA,20,9.379400000000004,58.8602,True,16,TOSCONES CORRALEJO,False
FUNDACION GLOBALCAJA LA RODA,0,29.9718,19.0319,True,16,TOSCONES CORRALEJO,False
FUNDACION GLOBALCAJA LA RODA,0,9.73202,36.5513,False,16,TOSCONES CORRALEJO,False
FUNDACION GLOBALCAJA LA RODA,3,30.042299999999997,20.7964,True,16,TOSCONES CORRALEJO,False
FUNDACION GLOBALCAJA LA RODA,10,25.599400000000003,88.4794,True,16,TOSCONES CORRALEJO,False
FUNDACION GLOBALCAJA LA RODA,13,9.94358,37.8117,True,16,TOSCONES CORRALEJO,False
FUNDACION GLOBALCAJA LA RODA,2,24.2595,91.1263,False,16,TOSCONES CORRALEJO,False
FUNDACION GLOBALCAJA LA RODA,20,13.892799999999994,57.0957,False,16,TOSCONES CORRALEJO,False
FUNDACION GLOBALCAJA LA RODA,9,30.888599999999997,24.7037,False,16,TOSCONES CORRALEJO,False
GRUPO INTERBUS ALCOBENDAS,33,7.4047999999999945,60.3727,True,16,MOVISTAR ESTUDIANTES,True
GRUPO INTERBUS ALCOBENDAS,17,27.221400000000003,17.2674,False,16,MOVISTAR ESTUDIANTES,True
GRUPO INTERBUS ALCOBENDAS,77,10.7898,3.40306,False,16,MOVISTAR ESTUDIANTES,True
GRUPO INTERBUS ALCOBENDAS,13,28.6319,79.5307,True,16,MOVISTAR ESTUDIANTES,True
GRUPO INTERBUS ALCOBENDAS,33,6.4879999999999995,15.3768,False,16,MOVISTAR ESTUDIANTES,True
GRUPO INTERBUS ALCOBENDAS,41,9.59097,44.9959,True,16,MOVISTAR ESTUDIANTES,True
GRUPO INTERBUS ALCOBENDAS,25,11.9887,94.0252,False,16,MOVISTAR ESTUDIANTES,True
GRUPO INTERBUS ALCOBENDAS,24,9.661500000000004,44.4918,False,16,MOVISTAR ESTUDIANTES,True
GRUPO INTERBUS ALCOBENDAS,11,35.6841,46.2563,False,16,MOVISTAR ESTUDIANTES,True
GRUPO INTERBUS ALCOBENDAS,41,6.417500000000004,57.8519,True,16,MOVISTAR ESTUDIANTES,True
GRUPO INTERBUS ALCOBENDAS,16,20.804,51.676,False,16,MOVISTAR ESTUDIANTES,True
GRUPO INTERBUS ALCOBENDAS,33,36.9535,49.1552,False,16,MOVISTAR ESTUDIANTES,True
GRUPO INTERBUS ALCOBENDAS,41,10.9309,59.6165,False,16,MOVISTAR ESTUDIANTES,True
GRUPO INTERBUS ALCOBENDAS,41,11.706599999999995,53.0624,True,16,MOVISTAR ESTUDIANTES,True
GRUPO INTERBUS ALCOBENDAS,13,34.203100000000006,25.712,False,16,MOVISTAR ESTUDIANTES,True
GRUPO INTERBUS ALCOBENDAS,77,18.8293,90.1179,False,16,MOVISTAR ESTUDIANTES,True
GRUPO INTERBUS ALCOBENDAS,77,27.0099,89.2357,True,16,MOVISTAR ESTUDIANTES,True
GRUPO INTERBUS ALCOBENDAS,13,34.97880000000001,51.1719,False,16,MOVISTAR ESTUDIANTES,True
GRUPO INTERBUS ALCOBENDAS,11,13.540199999999999,50.7937,False,16,MOVISTAR ESTUDIANTES,True
GRUPO INTERBUS ALCOBENDAS,41,8.251099999999994,77.0099,False,16,MOVISTAR ESTUDIANTES,True
GRUPO INTERBUS ALCOBENDAS,41,9.37941,60.3727,True,16,MOVISTAR ESTUDIANTES,True
GRUPO INTERBUS ALCOBENDAS,11,30.959100000000007,69.6996,False,16,MOVISTAR ESTUDIANTES,True
GRUPO INTERBUS ALCOBENDAS,30,10.2962,57.978,True,16,MOVISTAR ESTUDIANTES,True
GRUPO INTERBUS ALCOBENDAS,17,10.7193,61.7591,False,16,MOVISTAR ESTUDIANTES,True
GRUPO INTERBUS ALCOBENDAS,33,26.5867,8.19254,True,16,MOVISTAR ESTUDIANTES,True
GRUPO INTERBUS ALCOBENDAS,41,11.847700000000003,49.2813,True,16,MOVISTAR ESTUDIANTES,True
GRUPO INTERBUS ALCOBENDAS,25,10.7193,61.0029,True,16,MOVISTAR ESTUDIANTES,True
GRUPO INTERBUS ALCOBENDAS,4,10.3667,95.4116,False,16,MOVISTAR ESTUDIANTES,True
GRUPO INTERBUS ALCOBENDAS,15,8.74471,41.0887,True,16,MOVISTAR ESTUDIANTES,True
GRUPO INTERBUS ALCOBENDAS,25,10.7898,93.7731,False,16,MOVISTAR ESTUDIANTES,True
GRUPO INTERBUS ALCOBENDAS,41,23.9774,40.4585,False,16,MOVISTAR ESTUDIANTES,True
GRUPO INTERBUS ALCOBENDAS,41,8.3921,32.7702,True,16,MOVISTAR ESTUDIANTES,True
GRUPO INTERBUS ALCOBENDAS,11,9.87306,59.4904,True,16,MOVISTAR ESTUDIANTES,True
GRUPO INTERBUS ALCOBENDAS,11,44.8519,79.0265,False,16,MOVISTAR ESTUDIANTES,True
GRUPO INTERBUS ALCOBENDAS,41,13.6107,48.1469,True,16,MOVISTAR ESTUDIANTES,True
GRUPO INTERBUS ALCOBENDAS,33,6.91114,43.3574,True,16,MOVISTAR ESTUDIANTES,True
GRUPO INTERBUS ALCOBENDAS,41,11.1425,32.5181,False,16,MOVISTAR ESTUDIANTES,True
GRUPO INTERBUS ALCOBENDAS,11,8.11,42.4752,True,16,MOVISTAR ESTUDIANTES,True
GRUPO INTERBUS ALCOBENDAS,41,7.686899999999994,71.5902,True,16,MOVISTAR ESTUDIANTES,True
GRUPO INTERBUS ALCOBENDAS,17,22.637500000000003,90.8742,False,16,MOVISTAR ESTUDIANTES,True
GRUPO INTERBUS ALCOBENDAS,4,10.1551,2.14266,False,16,MOVISTAR ESTUDIANTES,True
GRUPO INTERBUS ALCOBENDAS,13,25.1058,89.3617,False,16,MOVISTAR ESTUDIANTES,True
GRUPO INTERBUS ALCOBENDAS,11,34.6262,51.676,True,16,MOVISTAR ESTUDIANTES,True
GRUPO INTERBUS ALCOBENDAS,41,11.4245,56.2134,True,16,MOVISTAR ESTUDIANTES,True
GRUPO INTERBUS ALCOBENDAS,77,10.0141,40.9627,False,16,MOVISTAR ESTUDIANTES,True
GRUPO INTERBUS ALCOBENDAS,16,8.11001,41.4669,True,16,MOVISTAR ESTUDIANTES,True
GRUPO INTERBUS ALCOBENDAS,13,13.4697,57.978,False,16,MOVISTAR ESTUDIANTES,True
GRUPO INTERBUS ALCOBENDAS,77,23.977400000000003,8.82274,False,16,MOVISTAR ESTUDIANTES,True
GRUPO INTERBUS ALCOBENDAS,13,13.187600000000003,40.8367,True,16,MOVISTAR ESTUDIANTES,True
GRUPO INTERBUS ALCOBENDAS,17,28.2087,8.6967,False,16,MOVISTAR ESTUDIANTES,True
GRUPO INTERBUS ALCOBENDAS,24,8.25106,40.2065,True,16,MOVISTAR ESTUDIANTES,True
GRUPO INTERBUS ALCOBENDAS,24,12.552899999999994,51.9281,False,16,MOVISTAR ESTUDIANTES,True
GRUPO INTERBUS ALCOBENDAS,41,8.533100000000005,58.8602,True,16,MOVISTAR ESTUDIANTES,True
GRUPO INTERBUS ALCOBENDAS,16,16.7137,51.55,False,16,MOVISTAR ESTUDIANTES,True
GRUPO INTERBUS ALCOBENDAS,33,24.33,13.6122,False,16,MOVISTAR ESTUDIANTES,True
GRUPO INTERBUS ALCOBENDAS,13,35.6135,31.5098,False,16,MOVISTAR ESTUDIANTES,True
GRUPO INTERBUS ALCOBENDAS,13,8.03949,84.9503,False,16,MOVISTAR ESTUDIANTES,True
GRUPO INTERBUS ALCOBENDAS,15,7.898399999999995,55.3312,True,16,MOVISTAR ESTUDIANTES,True
GRUPO INTERBUS ALCOBENDAS,33,25.105800000000002,15.7549,True,16,MOVISTAR ESTUDIANTES,True
GRUPO INTERBUS ALCOBENDAS,13,32.4401,74.4891,True,16,MOVISTAR ESTUDIANTES,True
GRUPO INTERBUS ALCOBENDAS,11,14.598,54.953,False,16,MOVISTAR ESTUDIANTES,True
GRUPO INTERBUS ALCOBENDAS,41,17.983099999999993,65.4143,True,16,MOVISTAR ESTUDIANTES,True
GRUPO INTERBUS ALCOBENDAS,13,22.355400000000003,93.1429,False,16,MOVISTAR ESTUDIANTES,True
GRUPO INTERBUS ALCOBENDAS,41,10.1551,64.9101,True,16,MOVISTAR ESTUDIANTES,True
GRUPO INTERBUS ALCOBENDAS,25,10.0141,3.78117,False,16,MOVISTAR ESTUDIANTES,True
GRUPO INTERBUS ALCOBENDAS,4,8.46262,7.18423,True,16,MOVISTAR ESTUDIANTES,True
GRUPO INTERBUS ALCOBENDAS,11,8.885800000000003,35.0389,True,16,MOVISTAR ESTUDIANTES,True
GRUPO INTERBUS ALCOBENDAS,30,12.5529,39.8283,False,16,MOVISTAR ESTUDIANTES,True
GRUPO INTERBUS ALCOBENDAS,13,33.4979,88.7315,False,16,MOVISTAR ESTUDIANTES,True
MOVISTAR ESTUDIANTES,6,15.1622,39.9544,True,16,GRUPO INTERBUS ALCOBENDAS,False
MOVISTAR ESTUDIANTES,25,13.7518,3.52909,False,16,GRUPO INTERBUS ALCOBENDAS,False
MOVISTAR ESTUDIANTES,8,18.899900000000002,89.6138,False,16,GRUPO INTERBUS ALCOBENDAS,False
MOVISTAR ESTUDIANTES,11,28.6319,12.0998,False,16,GRUPO INTERBUS ALCOBENDAS,False
MOVISTAR ESTUDIANTES,11,11.706599999999995,38.82,False,16,GRUPO INTERBUS ALCOBENDAS,False
MOVISTAR ESTUDIANTES,11,27.2214,46.1303,False,16,GRUPO INTERBUS ALCOBENDAS,False
MOVISTAR ESTUDIANTES,6,8.251099999999994,42.9793,False,16,GRUPO INTERBUS ALCOBENDAS,False
MOVISTAR ESTUDIANTES,7,13.9633,55.9613,True,16,GRUPO INTERBUS ALCOBENDAS,False
MOVISTAR ESTUDIANTES,2,17.136799999999994,45.8782,False,16,GRUPO INTERBUS ALCOBENDAS,False
MOVISTAR ESTUDIANTES,7,8.251099999999994,65.0362,True,16,GRUPO INTERBUS ALCOBENDAS,False
MOVISTAR ESTUDIANTES,10,27.997200000000007,85.9586,False,16,GRUPO INTERBUS ALCOBENDAS,False
MOVISTAR ESTUDIANTES,6,14.9506,50.1636,False,16,GRUPO INTERBUS ALCOBENDAS,False
MOVISTAR ESTUDIANTES,6,33.0042,43.8616,False,16,GRUPO INTERBUS ALCOBENDAS,False
MOVISTAR ESTUDIANTES,25,14.668499999999995,71.9683,False,16,GRUPO INTERBUS ALCOBENDAS,False
MOVISTAR ESTUDIANTES,8,16.079,38.0638,True,16,GRUPO INTERBUS ALCOBENDAS,False
MOVISTAR ESTUDIANTES,8,14.1044,40.4585,True,16,GRUPO INTERBUS ALCOBENDAS,False
MOVISTAR ESTUDIANTES,11,34.203100000000006,72.8506,False,16,GRUPO INTERBUS ALCOBENDAS,False
MOVISTAR ESTUDIANTES,6,14.598,54.0708,False,16,GRUPO INTERBUS ALCOBENDAS,False
MOVISTAR ESTUDIANTES,8,13.5402,94.1512,False,16,GRUPO INTERBUS ALCOBENDAS,False
MOVISTAR ESTUDIANTES,10,16.22,50.4156,False,16,GRUPO INTERBUS ALCOBENDAS,False
MOVISTAR ESTUDIANTES,9,16.2906,63.5237,False,16,GRUPO INTERBUS ALCOBENDAS,False
MOVISTAR ESTUDIANTES,11,37.2355,46.5084,False,16,GRUPO INTERBUS ALCOBENDAS,False
MOVISTAR ESTUDIANTES,8,13.258099999999999,4.15929,False,16,GRUPO INTERBUS ALCOBENDAS,False
MOVISTAR ESTUDIANTES,7,23.272199999999998,4.91552,False,16,GRUPO INTERBUS ALCOBENDAS,False
MOVISTAR ESTUDIANTES,22,7.8279,50.9198,False,16,GRUPO INTERBUS ALCOBENDAS,False
MOVISTAR ESTUDIANTES,11,26.375200000000007,47.2647,True,16,GRUPO INTERBUS ALCOBENDAS,False
MOVISTAR ESTUDIANTES,7,12.200299999999999,6.04988,True,16,GRUPO INTERBUS ALCOBENDAS,False
MOVISTAR ESTUDIANTES,2,26.093100000000007,84.5722,True,16,GRUPO INTERBUS ALCOBENDAS,False
MOVISTAR ESTUDIANTES,9,10.0846,63.6497,True,16,GRUPO INTERBUS ALCOBENDAS,False
MOVISTAR ESTUDIANTES,6,21.8618,60.4988,False,16,GRUPO INTERBUS ALCOBENDAS,False
MOVISTAR ESTUDIANTES,7,34.0621,64.7841,False,16,GRUPO INTERBUS ALCOBENDAS,False
MOVISTAR ESTUDIANTES,9,15.373800000000003,53.8187,True,16,GRUPO INTERBUS ALCOBENDAS,False
MOVISTAR ESTUDIANTES,25,11.636099999999999,46.0043,False,16,GRUPO INTERBUS ALCOBENDAS,False
MOVISTAR ESTUDIANTES,2,35.543,27.0984,True,16,GRUPO INTERBUS ALCOBENDAS,False
MOVISTAR ESTUDIANTES,8,14.3159,48.6511,True,16,GRUPO INTERBUS ALCOBENDAS,False
MOVISTAR ESTUDIANTES,7,12.0592,49.7854,True,16,GRUPO INTERBUS ALCOBENDAS,False
MOVISTAR ESTUDIANTES,6,6.135400000000004,93.647,True,16,GRUPO INTERBUS ALCOBENDAS,False
MOVISTAR ESTUDIANTES,11,33.2158,20.9225,False,16,GRUPO INTERBUS ALCOBENDAS,False
MOVISTAR ESTUDIANTES,8,18.8293,61.0029,False,16,GRUPO INTERBUS ALCOBENDAS,False
MOVISTAR ESTUDIANTES,7,9.590999999999994,6.30195,True,16,GRUPO INTERBUS ALCOBENDAS,False
MOVISTAR ESTUDIANTES,19,8.03949,55.0791,True,16,GRUPO INTERBUS ALCOBENDAS,False
MOVISTAR ESTUDIANTES,6,32.7221,31.0056,True,16,GRUPO INTERBUS ALCOBENDAS,False
MOVISTAR ESTUDIANTES,8,32.581100000000006,14.1164,True,16,GRUPO INTERBUS ALCOBENDAS,False
MOVISTAR ESTUDIANTES,25,16.9958,94.7814,False,16,GRUPO INTERBUS ALCOBENDAS,False
MOVISTAR ESTUDIANTES,25,13.1171,79.7827,False,16,GRUPO INTERBUS ALCOBENDAS,False
MOVISTAR ESTUDIANTES,6,9.59097,94.1512,False,16,GRUPO INTERBUS ALCOBENDAS,False
MOVISTAR ESTUDIANTES,7,19.9577,94.4033,False,16,GRUPO INTERBUS ALCOBENDAS,False
MOVISTAR ESTUDIANTES,19,14.3865,62.5154,False,16,GRUPO INTERBUS ALCOBENDAS,False
MOVISTAR ESTUDIANTES,7,33.2158,20.9225,False,16,GRUPO INTERBUS ALCOBENDAS,False
MOVISTAR ESTUDIANTES,6,7.75741,94.9074,False,16,GRUPO INTERBUS ALCOBENDAS,False
MOVISTAR ESTUDIANTES,8,12.0592,51.9281,True,16,GRUPO INTERBUS ALCOBENDAS,False
MOVISTAR ESTUDIANTES,19,12.834999999999994,73.6068,False,16,GRUPO INTERBUS ALCOBENDAS,False
MOVISTAR ESTUDIANTES,6,36.2482,32.392,False,16,GRUPO INTERBUS ALCOBENDAS,False
MOVISTAR ESTUDIANTES,8,8.815200000000004,36.9294,False,16,GRUPO INTERBUS ALCOBENDAS,False
MOVISTAR ESTUDIANTES,8,10.2257,63.6497,False,16,GRUPO INTERBUS ALCOBENDAS,False
MOVISTAR ESTUDIANTES,25,21.7207,38.1898,False,16,GRUPO INTERBUS ALCOBENDAS,False
MOVISTAR ESTUDIANTES,11,9.59097,38.82,True,16,GRUPO INTERBUS ALCOBENDAS,False
MOVISTAR ESTUDIANTES,10,11.565600000000003,5.04156,True,16,GRUPO INTERBUS ALCOBENDAS,False
MOVISTAR ESTUDIANTES,22,11.918199999999999,53.9447,True,16,GRUPO INTERBUS ALCOBENDAS,False
SUMIALKI CB CIUDAD DE MOSTOLES,8,8.03949,94.4033,True,16,C.D. BASKET GLOBALCAJA QUINTANAR,True
SUMIALKI CB CIUDAD DE MOSTOLES,29,14.245400000000004,49.1552,True,16,C.D. BASKET GLOBALCAJA QUINTANAR,True
SUMIALKI CB CIUDAD DE MOSTOLES,8,10.5078,27.4765,True,16,C.D. BASKET GLOBALCAJA QUINTANAR,True
SUMIALKI CB CIUDAD DE MOSTOLES,29,21.2271,7.31027,False,16,C.D. BASKET GLOBALCAJA QUINTANAR,True
SUMIALKI CB CIUDAD DE MOSTOLES,29,29.830699999999993,19.5361,True,16,C.D. BASKET GLOBALCAJA QUINTANAR,True
SUMIALKI CB CIUDAD DE MOSTOLES,8,9.943600000000004,48.9032,False,16,C.D. BASKET GLOBALCAJA QUINTANAR,True
SUMIALKI CB CIUDAD DE MOSTOLES,8,28.772900000000007,22.1829,False,16,C.D. BASKET GLOBALCAJA QUINTANAR,True
SUMIALKI CB CIUDAD DE MOSTOLES,8,8.462599999999995,51.8021,True,16,C.D. BASKET GLOBALCAJA QUINTANAR,True
SUMIALKI CB CIUDAD DE MOSTOLES,4,16.2906,46.3824,False,16,C.D. BASKET GLOBALCAJA QUINTANAR,True
SUMIALKI CB CIUDAD DE MOSTOLES,8,7.757400000000004,44.9959,True,16,C.D. BASKET GLOBALCAJA QUINTANAR,True
SUMIALKI CB CIUDAD DE MOSTOLES,22,27.292,46.8865,False,16,C.D. BASKET GLOBALCAJA QUINTANAR,True
SUMIALKI CB CIUDAD DE MOSTOLES,15,26.2341,88.3534,False,16,C.D. BASKET GLOBALCAJA QUINTANAR,True
SUMIALKI CB CIUDAD DE MOSTOLES,29,25.951999999999998,81.7994,False,16,C.D. BASKET GLOBALCAJA QUINTANAR,True
SUMIALKI CB CIUDAD DE MOSTOLES,29,6.770099999999999,57.3478,True,16,C.D. BASKET GLOBALCAJA QUINTANAR,True
SUMIALKI CB CIUDAD DE MOSTOLES,4,7.2637,44.1137,True,16,C.D. BASKET GLOBALCAJA QUINTANAR,True
SUMIALKI CB CIUDAD DE MOSTOLES,22,16.643199999999993,40.0804,False,16,C.D. BASKET GLOBALCAJA QUINTANAR,True
SUMIALKI CB CIUDAD DE MOSTOLES,15,7.757400000000004,93.8991,False,16,C.D. BASKET GLOBALCAJA QUINTANAR,True
SUMIALKI CB CIUDAD DE MOSTOLES,22,11.0014,42.6012,False,16,C.D. BASKET GLOBALCAJA QUINTANAR,True
SUMIALKI CB CIUDAD DE MOSTOLES,15,8.46262,48.7771,True,16,C.D. BASKET GLOBALCAJA QUINTANAR,True
SUMIALKI CB CIUDAD DE MOSTOLES,25,10.578299999999999,51.55,False,16,C.D. BASKET GLOBALCAJA QUINTANAR,True
SUMIALKI CB CIUDAD DE MOSTOLES,22,6.699600000000004,41.7189,False,16,C.D. BASKET GLOBALCAJA QUINTANAR,True
SUMIALKI CB CIUDAD DE MOSTOLES,29,29.5487,20.5444,True,16,C.D. BASKET GLOBALCAJA QUINTANAR,True
SUMIALKI CB CIUDAD DE MOSTOLES,29,31.1707,69.4475,False,16,C.D. BASKET GLOBALCAJA QUINTANAR,True
SUMIALKI CB CIUDAD DE MOSTOLES,15,6.91114,41.845,False,16,C.D. BASKET GLOBALCAJA QUINTANAR,True
SUMIALKI CB CIUDAD DE MOSTOLES,88,31.6643,67.683,False,16,C.D. BASKET GLOBALCAJA QUINTANAR,True
SUMIALKI CB CIUDAD DE MOSTOLES,29,35.4725,38.1898,False,16,C.D. BASKET GLOBALCAJA QUINTANAR,True
SUMIALKI CB CIUDAD DE MOSTOLES,29,28.5614,18.0236,False,16,C.D. BASKET GLOBALCAJA QUINTANAR,True
SUMIALKI CB CIUDAD DE MOSTOLES,8,7.898399999999995,48.399,False,16,C.D. BASKET GLOBALCAJA QUINTANAR,True
SUMIALKI CB CIUDAD DE MOSTOLES,29,34.2736,49.4073,False,16,C.D. BASKET GLOBALCAJA QUINTANAR,True
SUMIALKI CB CIUDAD DE MOSTOLES,29,9.44993,42.9793,False,16,C.D. BASKET GLOBALCAJA QUINTANAR,True
SUMIALKI CB CIUDAD DE MOSTOLES,4,6.55853,42.2231,True,16,C.D. BASKET GLOBALCAJA QUINTANAR,True
SUMIALKI CB CIUDAD DE MOSTOLES,15,7.1932000000000045,68.6913,False,16,C.D. BASKET GLOBALCAJA QUINTANAR,True
SUMIALKI CB CIUDAD DE MOSTOLES,13,28.3498,19.9142,False,16,C.D. BASKET GLOBALCAJA QUINTANAR,True
SUMIALKI CB CIUDAD DE MOSTOLES,8,6.770099999999999,28.4848,False,16,C.D. BASKET GLOBALCAJA QUINTANAR,True
SUMIALKI CB CIUDAD DE MOSTOLES,22,24.048000000000002,86.3368,False,16,C.D. BASKET GLOBALCAJA QUINTANAR,True
SUMIALKI CB CIUDAD DE MOSTOLES,22,30.7475,24.9557,False,16,C.D. BASKET GLOBALCAJA QUINTANAR,True
SUMIALKI CB CIUDAD DE MOSTOLES,29,33.78,18.9059,True,16,C.D. BASKET GLOBALCAJA QUINTANAR,True
SUMIALKI CB CIUDAD DE MOSTOLES,29,6.981700000000004,56.3395,False,16,C.D. BASKET GLOBALCAJA QUINTANAR,True
SUMIALKI CB CIUDAD DE MOSTOLES,8,9.30889,68.6913,True,16,C.D. BASKET GLOBALCAJA QUINTANAR,True
SUMIALKI CB CIUDAD DE MOSTOLES,29,31.100099999999998,78.5223,True,16,C.D. BASKET GLOBALCAJA QUINTANAR,True
SUMIALKI CB CIUDAD DE MOSTOLES,22,31.9464,72.7245,False,16,C.D. BASKET GLOBALCAJA QUINTANAR,True
SUMIALKI CB CIUDAD DE MOSTOLES,15,8.039500000000004,56.5915,False,16,C.D. BASKET GLOBALCAJA QUINTANAR,True
SUMIALKI CB CIUDAD DE MOSTOLES,15,8.25106,93.647,False,16,C.D. BASKET GLOBALCAJA QUINTANAR,True
SUMIALKI CB CIUDAD DE MOSTOLES,29,8.3921,50.6677,True,16,C.D. BASKET GLOBALCAJA QUINTANAR,True
SUMIALKI CB CIUDAD DE MOSTOLES,4,9.30889,91.5044,False,16,C.D. BASKET GLOBALCAJA QUINTANAR,True
SUMIALKI CB CIUDAD DE MOSTOLES,8,7.33427,43.4835,True,16,C.D. BASKET GLOBALCAJA QUINTANAR,True
SUMIALKI CB CIUDAD DE MOSTOLES,8,22.8491,10.5873,False,16,C.D. BASKET GLOBALCAJA QUINTANAR,True
SUMIALKI CB CIUDAD DE MOSTOLES,29,27.221400000000003,12.856,False,16,C.D. BASKET GLOBALCAJA QUINTANAR,True
SUMIALKI CB CIUDAD DE MOSTOLES,22,8.462599999999995,54.0708,False,16,C.D. BASKET GLOBALCAJA QUINTANAR,True
SUMIALKI CB CIUDAD DE MOSTOLES,8,5.218599999999995,62.3893,False,16,C.D. BASKET GLOBALCAJA QUINTANAR,True
SUMIALKI CB CIUDAD DE MOSTOLES,22,26.234099999999998,85.0764,False,16,C.D. BASKET GLOBALCAJA QUINTANAR,True
SUMIALKI CB CIUDAD DE MOSTOLES,8,6.629099999999994,54.3228,False,16,C.D. BASKET GLOBALCAJA QUINTANAR,True
SUMIALKI CB CIUDAD DE MOSTOLES,8,7.61636,43.2314,False,16,C.D. BASKET GLOBALCAJA QUINTANAR,True
SUMIALKI CB CIUDAD DE MOSTOLES,15,8.74471,43.1054,True,16,C.D. BASKET GLOBALCAJA QUINTANAR,True
SUMIALKI CB CIUDAD DE MOSTOLES,4,8.74471,41.0887,True,16,C.D. BASKET GLOBALCAJA QUINTANAR,True
SUMIALKI CB CIUDAD DE MOSTOLES,15,7.47532,45.5001,False,16,C.D. BASKET GLOBALCAJA QUINTANAR,True
SUMIALKI CB CIUDAD DE MOSTOLES,4,6.48801,58.2301,False,16,C.D. BASKET GLOBALCAJA QUINTANAR,True
SUMIALKI CB CIUDAD DE MOSTOLES,4,29.1961,18.7798,True,16,C.D. BASKET GLOBALCAJA QUINTANAR,True
SUMIALKI CB CIUDAD DE MOSTOLES,6,10.1551,41.4669,False,16,C.D. BASKET GLOBALCAJA QUINTANAR,True
SUMIALKI CB CIUDAD DE MOSTOLES,22,24.471100000000007,10.8394,False,16,C.D. BASKET GLOBALCAJA QUINTANAR,True
C.D. BASKET GLOBALCAJA QUINTANAR,1,8.603700000000003,59.2384,False,16,SUMIALKI CB CIUDAD DE MOSTOLES,False
C.D. BASKET GLOBALCAJA QUINTANAR,50,7.4047999999999945,55.5832,False,16,SUMIALKI CB CIUDAD DE MOSTOLES,False
C.D. BASKET GLOBALCAJA QUINTANAR,14,27.2214,80.9171,False,16,SUMIALKI CB CIUDAD DE MOSTOLES,False
C.D. BASKET GLOBALCAJA QUINTANAR,12,7.5458,59.9946,False,16,SUMIALKI CB CIUDAD DE MOSTOLES,False
C.D. BASKET GLOBALCAJA QUINTANAR,0,6.981700000000004,62.1373,True,16,SUMIALKI CB CIUDAD DE MOSTOLES,False
C.D. BASKET GLOBALCAJA QUINTANAR,14,7.052199999999999,5.54572,True,16,SUMIALKI CB CIUDAD DE MOSTOLES,False
C.D. BASKET GLOBALCAJA QUINTANAR,3,6.84062,43.3574,True,16,SUMIALKI CB CIUDAD DE MOSTOLES,False
C.D. BASKET GLOBALCAJA QUINTANAR,50,26.3047,14.4945,True,16,SUMIALKI CB CIUDAD DE MOSTOLES,False
C.D. BASKET GLOBALCAJA QUINTANAR,1,33.5684,33.4004,True,16,SUMIALKI CB CIUDAD DE MOSTOLES,False
C.D. BASKET GLOBALCAJA QUINTANAR,1,9.52045,43.3574,True,16,SUMIALKI CB CIUDAD DE MOSTOLES,False
C.D. BASKET GLOBALCAJA QUINTANAR,3,6.699600000000004,55.9613,True,16,SUMIALKI CB CIUDAD DE MOSTOLES,False
C.D. BASKET GLOBALCAJA QUINTANAR,8,26.586699999999993,81.6733,False,16,SUMIALKI CB CIUDAD DE MOSTOLES,False
C.D. BASKET GLOBALCAJA QUINTANAR,3,10.3667,63.0195,False,16,SUMIALKI CB CIUDAD DE MOSTOLES,False
C.D. BASKET GLOBALCAJA QUINTANAR,3,5.853300000000004,57.7259,True,16,SUMIALKI CB CIUDAD DE MOSTOLES,False
C.D. BASKET GLOBALCAJA QUINTANAR,8,27.926699999999997,15.3768,False,16,SUMIALKI CB CIUDAD DE MOSTOLES,False
C.D. BASKET GLOBALCAJA QUINTANAR,12,6.135400000000004,39.3242,False,16,SUMIALKI CB CIUDAD DE MOSTOLES,False
C.D. BASKET GLOBALCAJA QUINTANAR,8,22.778599999999997,86.4628,False,16,SUMIALKI CB CIUDAD DE MOSTOLES,False
C.D. BASKET GLOBALCAJA QUINTANAR,21,12.976,48.6511,False,16,SUMIALKI CB CIUDAD DE MOSTOLES,False
C.D. BASKET GLOBALCAJA QUINTANAR,3,5.64175,5.04156,False,16,SUMIALKI CB CIUDAD DE MOSTOLES,False
C.D. BASKET GLOBALCAJA QUINTANAR,50,12.3413,49.9115,False,16,SUMIALKI CB CIUDAD DE MOSTOLES,False
C.D. BASKET GLOBALCAJA QUINTANAR,21,7.33427,61.255,True,16,SUMIALKI CB CIUDAD DE MOSTOLES,False
C.D. BASKET GLOBALCAJA QUINTANAR,21,22.919600000000003,89.4877,False,16,SUMIALKI CB CIUDAD DE MOSTOLES,False
C.D. BASKET GLOBALCAJA QUINTANAR,14,7.4047999999999945,58.7342,True,16,SUMIALKI CB CIUDAD DE MOSTOLES,False
C.D. BASKET GLOBALCAJA QUINTANAR,3,7.2637,42.7272,True,16,SUMIALKI CB CIUDAD DE MOSTOLES,False
C.D. BASKET GLOBALCAJA QUINTANAR,50,24.894199999999998,10.3352,True,16,SUMIALKI CB CIUDAD DE MOSTOLES,False
C.D. BASKET GLOBALCAJA QUINTANAR,8,8.462599999999995,56.0874,False,16,SUMIALKI CB CIUDAD DE MOSTOLES,False
C.D. BASKET GLOBALCAJA QUINTANAR,50,23.5543,90.37,False,16,SUMIALKI CB CIUDAD DE MOSTOLES,False
C.D. BASKET GLOBALCAJA QUINTANAR,8,28.6319,20.1663,False,16,SUMIALKI CB CIUDAD DE MOSTOLES,False
C.D. BASKET GLOBALCAJA QUINTANAR,50,5.500699999999995,58.3561,True,16,SUMIALKI CB CIUDAD DE MOSTOLES,False
C.D. BASKET GLOBALCAJA QUINTANAR,1,21.932299999999998,65.6664,False,16,SUMIALKI CB CIUDAD DE MOSTOLES,False
C.D. BASKET GLOBALCAJA QUINTANAR,21,27.9972,19.1579,False,16,SUMIALKI CB CIUDAD DE MOSTOLES,False
C.D. BASKET GLOBALCAJA QUINTANAR,1,7.19323,57.3478,True,16,SUMIALKI CB CIUDAD DE MOSTOLES,False
C.D. BASKET GLOBALCAJA QUINTANAR,50,8.11,44.6178,True,16,SUMIALKI CB CIUDAD DE MOSTOLES,False
C.D. BASKET GLOBALCAJA QUINTANAR,12,8.03949,44.8699,True,16,SUMIALKI CB CIUDAD DE MOSTOLES,False
C.D. BASKET GLOBALCAJA QUINTANAR,14,9.4499,91.6304,False,16,SUMIALKI CB CIUDAD DE MOSTOLES,False
C.D. BASKET GLOBALCAJA QUINTANAR,21,34.9788,56.8436,True,16,SUMIALKI CB CIUDAD DE MOSTOLES,False
C.D. BASKET GLOBALCAJA QUINTANAR,8,10.296199999999999,59.1123,True,16,SUMIALKI CB CIUDAD DE MOSTOLES,False
C.D. BASKET GLOBALCAJA QUINTANAR,14,32.29900000000001,60.8769,False,16,SUMIALKI CB CIUDAD DE MOSTOLES,False
C.D. BASKET GLOBALCAJA QUINTANAR,1,7.5458,59.9946,False,16,SUMIALKI CB CIUDAD DE MOSTOLES,False
C.D. BASKET GLOBALCAJA QUINTANAR,21,5.78279,3.90721,False,16,SUMIALKI CB CIUDAD DE MOSTOLES,False
C.D. BASKET GLOBALCAJA QUINTANAR,0,29.619200000000006,17.8975,True,16,SUMIALKI CB CIUDAD DE MOSTOLES,False
C.D. BASKET GLOBALCAJA QUINTANAR,1,31.100099999999998,25.838,False,16,SUMIALKI CB CIUDAD DE MOSTOLES,False
C.D. BASKET GLOBALCAJA QUINTANAR,0,21.861800000000002,9.45293,False,16,SUMIALKI CB CIUDAD DE MOSTOLES,False
C.D. BASKET GLOBALCAJA QUINTANAR,14,5.782799999999995,42.7272,True,16,SUMIALKI CB CIUDAD DE MOSTOLES,False
C.D. BASKET GLOBALCAJA QUINTANAR,50,9.16784,36.5513,False,16,SUMIALKI CB CIUDAD DE MOSTOLES,False
C.D. BASKET GLOBALCAJA QUINTANAR,8,32.2285,62.3893,False,16,SUMIALKI CB CIUDAD DE MOSTOLES,False
C.D. BASKET GLOBALCAJA QUINTANAR,12,28.6319,20.1663,True,16,SUMIALKI CB CIUDAD DE MOSTOLES,False
C.D. BASKET GLOBALCAJA QUINTANAR,8,5.500699999999995,17.3934,True,16,SUMIALKI CB CIUDAD DE MOSTOLES,False
C.D. BASKET GLOBALCAJA QUINTANAR,50,6.7701,5.29364,False,16,SUMIALKI CB CIUDAD DE MOSTOLES,False
C.D. BASKET GLOBALCAJA QUINTANAR,21,28.067700000000002,13.9903,True,16,SUMIALKI CB CIUDAD DE MOSTOLES,False
C.D. BASKET GLOBALCAJA QUINTANAR,50,11.0719,41.2148,True,16,SUMIALKI CB CIUDAD DE MOSTOLES,False
C.D. BASKET GLOBALCAJA QUINTANAR,50,25.2468,83.5639,False,16,SUMIALKI CB CIUDAD DE MOSTOLES,False
C.D. BASKET GLOBALCAJA QUINTANAR,1,43.1594,71.8423,False,16,SUMIALKI CB CIUDAD DE MOSTOLES,False
C.D. BASKET GLOBALCAJA QUINTANAR,1,27.2214,15.2507,True,16,SUMIALKI CB CIUDAD DE MOSTOLES,False
C.D. BASKET GLOBALCAJA QUINTANAR,14,5.92384,61.0029,False,16,SUMIALKI CB CIUDAD DE MOSTOLES,False
C.D. BASKET GLOBALCAJA QUINTANAR,3,7.4048,41.971,True,16,SUMIALKI CB CIUDAD DE MOSTOLES,False
C.D. BASKET GLOBALCAJA QUINTANAR,1,12.4118,61.5071,False,16,SUMIALKI CB CIUDAD DE MOSTOLES,False
C.D. BASKET GLOBALCAJA QUINTANAR,14,29.689700000000002,78.3963,True,16,SUMIALKI CB CIUDAD DE MOSTOLES,False
C.D. BASKET GLOBALCAJA QUINTANAR,1,7.47532,59.2384,False,16,SUMIALKI CB CIUDAD DE MOSTOLES,False
C.D. BASKET GLOBALCAJA QUINTANAR,1,22.7786,89.1096,False,16,SUMIALKI CB CIUDAD DE MOSTOLES,False
C.D. BASKET GLOBALCAJA QUINTANAR,0,6.346999999999994,38.3159,True,16,SUMIALKI CB CIUDAD DE MOSTOLES,False
C.D. BASKET GLOBALCAJA QUINTANAR,50,7.052199999999999,51.55,True,16,SUMIALKI CB CIUDAD DE MOSTOLES,False
C.D. BASKET GLOBALCAJA QUINTANAR,3,7.75741,31.8879,False,16,SUMIALKI CB CIUDAD DE MOSTOLES,False
C.D. BASKET GLOBALCAJA QUINTANAR,21,7.19323,60.7508,False,16,SUMIALKI CB CIUDAD DE MOSTOLES,False
C.D. BASKET GLOBALCAJA QUINTANAR,1,26.7983,81.0431,False,16,SUMIALKI CB CIUDAD DE MOSTOLES,False
C.D. BASKET GLOBALCAJA QUINTANAR,14,6.1354,43.1054,True,16,SUMIALKI CB CIUDAD DE MOSTOLES,False
C.D. BASKET GLOBALCAJA QUINTANAR,0,24.894199999999998,10.3352,False,16,SUMIALKI CB CIUDAD DE MOSTOLES,False
C.D. BASKET GLOBALCAJA QUINTANAR,14,26.586699999999993,11.8477,False,16,SUMIALKI CB CIUDAD DE MOSTOLES,False
C.D. BASKET GLOBALCAJA QUINTANAR,50,6.98166,56.8436,True,16,SUMIALKI CB CIUDAD DE MOSTOLES,False
C.D. BASKET GLOBALCAJA QUINTANAR,0,23.5543,90.37,False,16,SUMIALKI CB CIUDAD DE MOSTOLES,False
C.D. BASKET GLOBALCAJA QUINTANAR,0,30.8181,72.0944,True,16,SUMIALKI CB CIUDAD DE MOSTOLES,False
C.D. BASKET GLOBALCAJA QUINTANAR,21,32.158,18.2757,False,16,SUMIALKI CB CIUDAD DE MOSTOLES,False
NÁUTICO TENERIFE,7,33.9915,29.7452,False,17,INMOBILIARIA GÁLVEZ SANTA CRUZ,True
NÁUTICO TENERIFE,42,10.648799999999994,52.0541,False,17,INMOBILIARIA GÁLVEZ SANTA CRUZ,True
NÁUTICO TENERIFE,15,11.777100000000004,21.3006,True,17,INMOBILIARIA GÁLVEZ SANTA CRUZ,True
NÁUTICO TENERIFE,15,19.322999999999993,49.6594,False,17,INMOBILIARIA GÁLVEZ SANTA CRUZ,True
NÁUTICO TENERIFE,5,32.4401,53.1885,True,17,INMOBILIARIA GÁLVEZ SANTA CRUZ,True
NÁUTICO TENERIFE,15,12.552899999999994,45.7522,True,17,INMOBILIARIA GÁLVEZ SANTA CRUZ,True
NÁUTICO TENERIFE,5,7.68688,23.3172,True,17,INMOBILIARIA GÁLVEZ SANTA CRUZ,True
NÁUTICO TENERIFE,8,25.458399999999997,88.6055,False,17,INMOBILIARIA GÁLVEZ SANTA CRUZ,True
NÁUTICO TENERIFE,5,18.1241,26.5942,True,17,INMOBILIARIA GÁLVEZ SANTA CRUZ,True
NÁUTICO TENERIFE,39,16.431600000000003,57.4738,False,17,INMOBILIARIA GÁLVEZ SANTA CRUZ,True
NÁUTICO TENERIFE,15,16.854699999999994,81.4212,False,17,INMOBILIARIA GÁLVEZ SANTA CRUZ,True
NÁUTICO TENERIFE,15,9.80254,54.701,False,17,INMOBILIARIA GÁLVEZ SANTA CRUZ,True
NÁUTICO TENERIFE,15,20.0987,75.3714,True,17,INMOBILIARIA GÁLVEZ SANTA CRUZ,True
NÁUTICO TENERIFE,42,9.16784,52.4323,False,17,INMOBILIARIA GÁLVEZ SANTA CRUZ,True
NÁUTICO TENERIFE,39,10.2257,52.9364,False,17,INMOBILIARIA GÁLVEZ SANTA CRUZ,True
NÁUTICO TENERIFE,20,19.8166,79.9088,False,17,INMOBILIARIA GÁLVEZ SANTA CRUZ,True
NÁUTICO TENERIFE,42,9.30889,52.5583,True,17,INMOBILIARIA GÁLVEZ SANTA CRUZ,True
NÁUTICO TENERIFE,39,13.258099999999999,51.1719,False,17,INMOBILIARIA GÁLVEZ SANTA CRUZ,True
NÁUTICO TENERIFE,39,12.6234,52.1802,False,17,INMOBILIARIA GÁLVEZ SANTA CRUZ,True
NÁUTICO TENERIFE,42,15.303200000000004,49.2813,False,17,INMOBILIARIA GÁLVEZ SANTA CRUZ,True
NÁUTICO TENERIFE,15,18.1241,73.8589,False,17,INMOBILIARIA GÁLVEZ SANTA CRUZ,True
NÁUTICO TENERIFE,39,9.4499,50.2896,True,17,INMOBILIARIA GÁLVEZ SANTA CRUZ,True
NÁUTICO TENERIFE,55,9.73202,41.4669,False,17,INMOBILIARIA GÁLVEZ SANTA CRUZ,True
NÁUTICO TENERIFE,5,14.597999999999999,23.9474,True,17,INMOBILIARIA GÁLVEZ SANTA CRUZ,True
NÁUTICO TENERIFE,15,18.265199999999993,51.1719,True,17,INMOBILIARIA GÁLVEZ SANTA CRUZ,True
NÁUTICO TENERIFE,5,27.715100000000007,16.7632,False,17,INMOBILIARIA GÁLVEZ SANTA CRUZ,True
NÁUTICO TENERIFE,42,7.47532,50.0375,True,17,INMOBILIARIA GÁLVEZ SANTA CRUZ,True
NÁUTICO TENERIFE,5,20.874499999999998,8.82274,False,17,INMOBILIARIA GÁLVEZ SANTA CRUZ,True
NÁUTICO TENERIFE,55,30.1128,19.6621,False,17,INMOBILIARIA GÁLVEZ SANTA CRUZ,True
NÁUTICO TENERIFE,42,14.104399999999998,47.1386,True,17,INMOBILIARIA GÁLVEZ SANTA CRUZ,True
NÁUTICO TENERIFE,5,10.0141,54.5749,True,17,INMOBILIARIA GÁLVEZ SANTA CRUZ,True
NÁUTICO TENERIFE,5,17.771500000000003,81.7994,False,17,INMOBILIARIA GÁLVEZ SANTA CRUZ,True
NÁUTICO TENERIFE,55,9.732,49.1552,False,17,INMOBILIARIA GÁLVEZ SANTA CRUZ,True
NÁUTICO TENERIFE,55,28.5614,89.4877,False,17,INMOBILIARIA GÁLVEZ SANTA CRUZ,True
NÁUTICO TENERIFE,7,17.4894,4.28533,False,17,INMOBILIARIA GÁLVEZ SANTA CRUZ,True
NÁUTICO TENERIFE,10,18.7588,92.0085,False,17,INMOBILIARIA GÁLVEZ SANTA CRUZ,True
NÁUTICO TENERIFE,5,13.6812,83.3118,False,17,INMOBILIARIA GÁLVEZ SANTA CRUZ,True
NÁUTICO TENERIFE,5,31.734800000000007,20.0402,False,17,INMOBILIARIA GÁLVEZ SANTA CRUZ,True
NÁUTICO TENERIFE,5,21.7207,49.1552,True,17,INMOBILIARIA GÁLVEZ SANTA CRUZ,True
NÁUTICO TENERIFE,15,14.3865,74.3631,False,17,INMOBILIARIA GÁLVEZ SANTA CRUZ,True
NÁUTICO TENERIFE,5,25.1763,48.1469,True,17,INMOBILIARIA GÁLVEZ SANTA CRUZ,True
NÁUTICO TENERIFE,5,13.2581,77.262,False,17,INMOBILIARIA GÁLVEZ SANTA CRUZ,True
NÁUTICO TENERIFE,39,31.452699999999993,84.5722,False,17,INMOBILIARIA GÁLVEZ SANTA CRUZ,True
NÁUTICO TENERIFE,42,8.88575,50.9198,True,17,INMOBILIARIA GÁLVEZ SANTA CRUZ,True
NÁUTICO TENERIFE,23,29.8307,81.2952,False,17,INMOBILIARIA GÁLVEZ SANTA CRUZ,True
NÁUTICO TENERIFE,55,11.354,47.7688,False,17,INMOBILIARIA GÁLVEZ SANTA CRUZ,True
NÁUTICO TENERIFE,10,31.523300000000006,74.6151,False,17,INMOBILIARIA GÁLVEZ SANTA CRUZ,True
NÁUTICO TENERIFE,55,10.0846,44.9959,False,17,INMOBILIARIA GÁLVEZ SANTA CRUZ,True
NÁUTICO TENERIFE,23,6.69958,43.9876,False,17,INMOBILIARIA GÁLVEZ SANTA CRUZ,True
NÁUTICO TENERIFE,39,9.73202,45.8782,False,17,INMOBILIARIA GÁLVEZ SANTA CRUZ,True
NÁUTICO TENERIFE,10,7.68688,47.6428,False,17,INMOBILIARIA GÁLVEZ SANTA CRUZ,True
NÁUTICO TENERIFE,7,27.221400000000003,83.942,False,17,INMOBILIARIA GÁLVEZ SANTA CRUZ,True
NÁUTICO TENERIFE,39,10.7898,60.3727,True,17,INMOBILIARIA GÁLVEZ SANTA CRUZ,True
NÁUTICO TENERIFE,39,27.2214,15.2507,False,17,INMOBILIARIA GÁLVEZ SANTA CRUZ,True
NÁUTICO TENERIFE,18,10.719300000000004,50.2896,True,17,INMOBILIARIA GÁLVEZ SANTA CRUZ,True
NÁUTICO TENERIFE,55,10.7898,60.3727,False,17,INMOBILIARIA GÁLVEZ SANTA CRUZ,True
NÁUTICO TENERIFE,7,23.131200000000007,91.0002,False,17,INMOBILIARIA GÁLVEZ SANTA CRUZ,True
NÁUTICO TENERIFE,7,27.856099999999998,12.4779,True,17,INMOBILIARIA GÁLVEZ SANTA CRUZ,True
NÁUTICO TENERIFE,5,7.75741,49.4073,False,17,INMOBILIARIA GÁLVEZ SANTA CRUZ,True
NÁUTICO TENERIFE,55,11.4245,32.0139,False,17,INMOBILIARIA GÁLVEZ SANTA CRUZ,True
NÁUTICO TENERIFE,55,7.96897,40.0804,False,17,INMOBILIARIA GÁLVEZ SANTA CRUZ,True
NÁUTICO TENERIFE,20,37.9408,77.6401,False,17,INMOBILIARIA GÁLVEZ SANTA CRUZ,True
NÁUTICO TENERIFE,5,17.277900000000002,20.5444,True,17,INMOBILIARIA GÁLVEZ SANTA CRUZ,True
NÁUTICO TENERIFE,7,30.959100000000007,80.9171,False,17,INMOBILIARIA GÁLVEZ SANTA CRUZ,True
NÁUTICO TENERIFE,5,12.764499999999998,68.5653,True,17,INMOBILIARIA GÁLVEZ SANTA CRUZ,True
NÁUTICO TENERIFE,18,33.63890000000001,66.5486,False,17,INMOBILIARIA GÁLVEZ SANTA CRUZ,True
NÁUTICO TENERIFE,20,34.8378,43.9876,False,17,INMOBILIARIA GÁLVEZ SANTA CRUZ,True
NÁUTICO TENERIFE,5,34.8378,81.6733,False,17,INMOBILIARIA GÁLVEZ SANTA CRUZ,True
INMOBILIARIA GÁLVEZ SANTA CRUZ,8,31.8054,20.5444,True,17,NÁUTICO TENERIFE,False
INMOBILIARIA GÁLVEZ SANTA CRUZ,9,22.002799999999993,92.8908,False,17,NÁUTICO TENERIFE,False
INMOBILIARIA GÁLVEZ SANTA CRUZ,8,21.509200000000007,50.9198,False,17,NÁUTICO TENERIFE,False
INMOBILIARIA GÁLVEZ SANTA CRUZ,44,14.739099999999993,84.4462,False,17,NÁUTICO TENERIFE,False
INMOBILIARIA GÁLVEZ SANTA CRUZ,44,19.5346,91.7564,False,17,NÁUTICO TENERIFE,False
INMOBILIARIA GÁLVEZ SANTA CRUZ,24,10.3667,45.7522,False,17,NÁUTICO TENERIFE,False
INMOBILIARIA GÁLVEZ SANTA CRUZ,21,12.2003,49.5334,True,17,NÁUTICO TENERIFE,False
INMOBILIARIA GÁLVEZ SANTA CRUZ,44,26.093100000000007,47.8948,False,17,NÁUTICO TENERIFE,False
INMOBILIARIA GÁLVEZ SANTA CRUZ,8,24.894199999999998,49.5334,True,17,NÁUTICO TENERIFE,False
INMOBILIARIA GÁLVEZ SANTA CRUZ,8,36.6008,52.1802,False,17,NÁUTICO TENERIFE,False
INMOBILIARIA GÁLVEZ SANTA CRUZ,8,10.225700000000003,45.8782,True,17,NÁUTICO TENERIFE,False
INMOBILIARIA GÁLVEZ SANTA CRUZ,6,13.8928,50.1636,False,17,NÁUTICO TENERIFE,False
INMOBILIARIA GÁLVEZ SANTA CRUZ,21,33.3568,44.7439,False,17,NÁUTICO TENERIFE,False
INMOBILIARIA GÁLVEZ SANTA CRUZ,44,20.380799999999994,21.5527,False,17,NÁUTICO TENERIFE,False
INMOBILIARIA GÁLVEZ SANTA CRUZ,7,17.7715,95.9157,False,17,NÁUTICO TENERIFE,False
INMOBILIARIA GÁLVEZ SANTA CRUZ,8,15.3032,57.5999,False,17,NÁUTICO TENERIFE,False
INMOBILIARIA GÁLVEZ SANTA CRUZ,9,11.283500000000004,26.3422,False,17,NÁUTICO TENERIFE,False
INMOBILIARIA GÁLVEZ SANTA CRUZ,44,7.122699999999995,49.7854,True,17,NÁUTICO TENERIFE,False
INMOBILIARIA GÁLVEZ SANTA CRUZ,6,15.091700000000003,49.7854,False,17,NÁUTICO TENERIFE,False
INMOBILIARIA GÁLVEZ SANTA CRUZ,24,12.9055,24.8297,False,17,NÁUTICO TENERIFE,False
INMOBILIARIA GÁLVEZ SANTA CRUZ,21,11.5656,49.9115,False,17,NÁUTICO TENERIFE,False
INMOBILIARIA GÁLVEZ SANTA CRUZ,24,14.809600000000003,55.3312,False,17,NÁUTICO TENERIFE,False
INMOBILIARIA GÁLVEZ SANTA CRUZ,44,30.465400000000002,24.8297,False,17,NÁUTICO TENERIFE,False
INMOBILIARIA GÁLVEZ SANTA CRUZ,44,28.2793,88.9836,False,17,NÁUTICO TENERIFE,False
INMOBILIARIA GÁLVEZ SANTA CRUZ,14,14.597999999999999,95.9157,False,17,NÁUTICO TENERIFE,False
INMOBILIARIA GÁLVEZ SANTA CRUZ,6,15.021199999999993,48.1469,False,17,NÁUTICO TENERIFE,False
INMOBILIARIA GÁLVEZ SANTA CRUZ,44,16.7842,82.9337,False,17,NÁUTICO TENERIFE,False
INMOBILIARIA GÁLVEZ SANTA CRUZ,16,23.413300000000007,10.5873,False,17,NÁUTICO TENERIFE,False
INMOBILIARIA GÁLVEZ SANTA CRUZ,8,18.970399999999998,51.9281,False,17,NÁUTICO TENERIFE,False
INMOBILIARIA GÁLVEZ SANTA CRUZ,8,13.6107,23.9474,False,17,NÁUTICO TENERIFE,False
INMOBILIARIA GÁLVEZ SANTA CRUZ,21,15.6559,50.4156,False,17,NÁUTICO TENERIFE,False
INMOBILIARIA GÁLVEZ SANTA CRUZ,6,9.026799999999994,40.8367,True,17,NÁUTICO TENERIFE,False
INMOBILIARIA GÁLVEZ SANTA CRUZ,21,13.963300000000004,51.1719,True,17,NÁUTICO TENERIFE,False
INMOBILIARIA GÁLVEZ SANTA CRUZ,14,38.0113,62.3893,True,17,NÁUTICO TENERIFE,False
INMOBILIARIA GÁLVEZ SANTA CRUZ,14,30.2539,22.1829,False,17,NÁUTICO TENERIFE,False
INMOBILIARIA GÁLVEZ SANTA CRUZ,6,13.1171,43.4835,False,17,NÁUTICO TENERIFE,False
INMOBILIARIA GÁLVEZ SANTA CRUZ,14,25.67,12.2258,False,17,NÁUTICO TENERIFE,False
INMOBILIARIA GÁLVEZ SANTA CRUZ,24,16.8547,54.1968,False,17,NÁUTICO TENERIFE,False
INMOBILIARIA GÁLVEZ SANTA CRUZ,21,8.25106,49.6594,False,17,NÁUTICO TENERIFE,False
INMOBILIARIA GÁLVEZ SANTA CRUZ,16,33.07470000000001,70.3298,True,17,NÁUTICO TENERIFE,False
INMOBILIARIA GÁLVEZ SANTA CRUZ,16,14.3159,83.1858,True,17,NÁUTICO TENERIFE,False
INMOBILIARIA GÁLVEZ SANTA CRUZ,7,18.8999,6.04988,False,17,NÁUTICO TENERIFE,False
INMOBILIARIA GÁLVEZ SANTA CRUZ,24,12.129800000000003,50.0375,True,17,NÁUTICO TENERIFE,False
INMOBILIARIA GÁLVEZ SANTA CRUZ,24,27.5035,14.3685,False,17,NÁUTICO TENERIFE,False
INMOBILIARIA GÁLVEZ SANTA CRUZ,21,8.03949,47.3907,True,17,NÁUTICO TENERIFE,False
INMOBILIARIA GÁLVEZ SANTA CRUZ,24,10.2962,52.3062,True,17,NÁUTICO TENERIFE,False
INMOBILIARIA GÁLVEZ SANTA CRUZ,8,14.739099999999993,50.4156,False,17,NÁUTICO TENERIFE,False
INMOBILIARIA GÁLVEZ SANTA CRUZ,24,11.918199999999999,50.5417,True,17,NÁUTICO TENERIFE,False
INMOBILIARIA GÁLVEZ SANTA CRUZ,44,28.772900000000007,12.0998,True,17,NÁUTICO TENERIFE,False
INMOBILIARIA GÁLVEZ SANTA CRUZ,14,25.5994,12.4779,False,17,NÁUTICO TENERIFE,False
INMOBILIARIA GÁLVEZ SANTA CRUZ,8,9.37941,53.9447,False,17,NÁUTICO TENERIFE,False
INMOBILIARIA GÁLVEZ SANTA CRUZ,14,29.9718,74.7412,True,17,NÁUTICO TENERIFE,False
INMOBILIARIA GÁLVEZ SANTA CRUZ,21,7.47532,49.0292,False,17,NÁUTICO TENERIFE,False
INMOBILIARIA GÁLVEZ SANTA CRUZ,6,18.2652,49.6594,False,17,NÁUTICO TENERIFE,False
INMOBILIARIA GÁLVEZ SANTA CRUZ,8,14.527500000000003,34.4087,True,17,NÁUTICO TENERIFE,False
INMOBILIARIA GÁLVEZ SANTA CRUZ,16,10.225700000000003,45.5001,False,17,NÁUTICO TENERIFE,False
INMOBILIARIA GÁLVEZ SANTA CRUZ,24,11.8477,46.7605,False,17,NÁUTICO TENERIFE,False
INMOBILIARIA GÁLVEZ SANTA CRUZ,24,12.6939,59.4904,False,17,NÁUTICO TENERIFE,False
INMOBILIARIA GÁLVEZ SANTA CRUZ,44,11.777100000000004,95.1595,False,17,NÁUTICO TENERIFE,False
INMOBILIARIA GÁLVEZ SANTA CRUZ,14,11.0719,41.7189,False,17,NÁUTICO TENERIFE,False
INMOBILIARIA GÁLVEZ SANTA CRUZ,21,34.696799999999996,56.2134,False,17,NÁUTICO TENERIFE,False
INMOBILIARIA GÁLVEZ SANTA CRUZ,21,9.026799999999994,47.7688,False,17,NÁUTICO TENERIFE,False
INMOBILIARIA GÁLVEZ SANTA CRUZ,21,10.507800000000003,54.4489,True,17,NÁUTICO TENERIFE,False
INMOBILIARIA GÁLVEZ SANTA CRUZ,24,7.33427,49.5334,False,17,NÁUTICO TENERIFE,False
C.D. BASKET GLOBALCAJA QUINTANAR,50,15.937899999999999,51.1719,True,17,TOSCONES CORRALEJO,True
C.D. BASKET GLOBALCAJA QUINTANAR,14,31.8054,27.3505,True,17,TOSCONES CORRALEJO,True
C.D. BASKET GLOBALCAJA QUINTANAR,50,8.603700000000003,60.2467,True,17,TOSCONES CORRALEJO,True
C.D. BASKET GLOBALCAJA QUINTANAR,14,34.2031,27.9807,True,17,TOSCONES CORRALEJO,True
C.D. BASKET GLOBALCAJA QUINTANAR,8,5.07757,61.255,True,17,TOSCONES CORRALEJO,True
C.D. BASKET GLOBALCAJA QUINTANAR,21,6.84062,92.8908,False,17,TOSCONES CORRALEJO,True
C.D. BASKET GLOBALCAJA QUINTANAR,8,7.616399999999999,43.7356,True,17,TOSCONES CORRALEJO,True
C.D. BASKET GLOBALCAJA QUINTANAR,12,7.334299999999999,58.6082,True,17,TOSCONES CORRALEJO,True
C.D. BASKET GLOBALCAJA QUINTANAR,12,11.354,42.3491,True,17,TOSCONES CORRALEJO,True
C.D. BASKET GLOBALCAJA QUINTANAR,12,31.311700000000002,29.7452,False,17,TOSCONES CORRALEJO,True
C.D. BASKET GLOBALCAJA QUINTANAR,1,4.936499999999995,40.0804,True,17,TOSCONES CORRALEJO,True
C.D. BASKET GLOBALCAJA QUINTANAR,0,7.89845,56.3395,False,17,TOSCONES CORRALEJO,True
C.D. BASKET GLOBALCAJA QUINTANAR,3,31.241200000000006,74.4891,True,17,TOSCONES CORRALEJO,True
C.D. BASKET GLOBALCAJA QUINTANAR,21,38.0818,59.3644,False,17,TOSCONES CORRALEJO,True
C.D. BASKET GLOBALCAJA QUINTANAR,1,11.1425,79.0265,False,17,TOSCONES CORRALEJO,True
C.D. BASKET GLOBALCAJA QUINTANAR,0,7.26375,95.5376,False,17,TOSCONES CORRALEJO,True
C.D. BASKET GLOBALCAJA QUINTANAR,1,32.9337,73.8589,False,17,TOSCONES CORRALEJO,True
C.D. BASKET GLOBALCAJA QUINTANAR,14,20.310299999999998,6.93215,False,17,TOSCONES CORRALEJO,True
C.D. BASKET GLOBALCAJA QUINTANAR,8,29.337100000000007,19.1579,False,17,TOSCONES CORRALEJO,True
C.D. BASKET GLOBALCAJA QUINTANAR,12,9.943600000000004,38.0638,False,17,TOSCONES CORRALEJO,True
C.D. BASKET GLOBALCAJA QUINTANAR,50,6.346999999999994,54.701,False,17,TOSCONES CORRALEJO,True
C.D. BASKET GLOBALCAJA QUINTANAR,3,29.4781,78.0182,True,17,TOSCONES CORRALEJO,True
C.D. BASKET GLOBALCAJA QUINTANAR,3,10.0141,5.67176,True,17,TOSCONES CORRALEJO,True
C.D. BASKET GLOBALCAJA QUINTANAR,1,35.402,71.3381,False,17,TOSCONES CORRALEJO,True
C.D. BASKET GLOBALCAJA QUINTANAR,50,11.847700000000003,56.8436,False,17,TOSCONES CORRALEJO,True
C.D. BASKET GLOBALCAJA QUINTANAR,14,21.5797,10.9654,True,17,TOSCONES CORRALEJO,True
C.D. BASKET GLOBALCAJA QUINTANAR,0,37.3061,57.2217,False,17,TOSCONES CORRALEJO,True
C.D. BASKET GLOBALCAJA QUINTANAR,8,37.0945,34.5347,False,17,TOSCONES CORRALEJO,True
C.D. BASKET GLOBALCAJA QUINTANAR,3,33.0748,21.8048,False,17,TOSCONES CORRALEJO,True
C.D. BASKET GLOBALCAJA QUINTANAR,50,13.681200000000004,52.9364,True,17,TOSCONES CORRALEJO,True
C.D. BASKET GLOBALCAJA QUINTANAR,3,10.4372,41.4669,True,17,TOSCONES CORRALEJO,True
C.D. BASKET GLOBALCAJA QUINTANAR,8,36.8829,56.4655,False,17,TOSCONES CORRALEJO,True
C.D. BASKET GLOBALCAJA QUINTANAR,8,25.528899999999993,89.1096,False,17,TOSCONES CORRALEJO,True
C.D. BASKET GLOBALCAJA QUINTANAR,0,7.4047999999999945,58.8602,True,17,TOSCONES CORRALEJO,True
C.D. BASKET GLOBALCAJA QUINTANAR,12,9.80254,44.8699,True,17,TOSCONES CORRALEJO,True
C.D. BASKET GLOBALCAJA QUINTANAR,50,6.558499999999995,92.1346,False,17,TOSCONES CORRALEJO,True
C.D. BASKET GLOBALCAJA QUINTANAR,50,19.8166,51.676,True,17,TOSCONES CORRALEJO,True
C.D. BASKET GLOBALCAJA QUINTANAR,1,26.939300000000003,13.3601,False,17,TOSCONES CORRALEJO,True
C.D. BASKET GLOBALCAJA QUINTANAR,0,9.0268,43.2314,True,17,TOSCONES CORRALEJO,True
C.D. BASKET GLOBALCAJA QUINTANAR,21,4.79549,94.2772,False,17,TOSCONES CORRALEJO,True
C.D. BASKET GLOBALCAJA QUINTANAR,14,10.0846,5.41968,True,17,TOSCONES CORRALEJO,True
C.D. BASKET GLOBALCAJA QUINTANAR,12,6.2059,55.7093,True,17,TOSCONES CORRALEJO,True
C.D. BASKET GLOBALCAJA QUINTANAR,8,7.75741,44.3658,True,17,TOSCONES CORRALEJO,True
C.D. BASKET GLOBALCAJA QUINTANAR,0,4.513400000000004,5.7978,True,17,TOSCONES CORRALEJO,True
C.D. BASKET GLOBALCAJA QUINTANAR,0,7.898399999999995,62.7675,False,17,TOSCONES CORRALEJO,True
C.D. BASKET GLOBALCAJA QUINTANAR,50,18.4062,49.7854,True,17,TOSCONES CORRALEJO,True
C.D. BASKET GLOBALCAJA QUINTANAR,50,4.654399999999995,94.4033,True,17,TOSCONES CORRALEJO,True
C.D. BASKET GLOBALCAJA QUINTANAR,14,6.276399999999995,57.5999,False,17,TOSCONES CORRALEJO,True
C.D. BASKET GLOBALCAJA QUINTANAR,3,6.417500000000004,59.2384,False,17,TOSCONES CORRALEJO,True
C.D. BASKET GLOBALCAJA QUINTANAR,21,28.4203,19.41,True,17,TOSCONES CORRALEJO,True
C.D. BASKET GLOBALCAJA QUINTANAR,0,32.9337,75.4974,False,17,TOSCONES CORRALEJO,True
C.D. BASKET GLOBALCAJA QUINTANAR,1,9.1678,59.2384,True,17,TOSCONES CORRALEJO,True
C.D. BASKET GLOBALCAJA QUINTANAR,1,8.3921,62.8935,False,17,TOSCONES CORRALEJO,True
C.D. BASKET GLOBALCAJA QUINTANAR,14,30.8886,24.9557,False,17,TOSCONES CORRALEJO,True
C.D. BASKET GLOBALCAJA QUINTANAR,8,16.5021,39.5763,False,17,TOSCONES CORRALEJO,True
C.D. BASKET GLOBALCAJA QUINTANAR,8,15.7264,52.1802,False,17,TOSCONES CORRALEJO,True
C.D. BASKET GLOBALCAJA QUINTANAR,3,15.5148,46.5084,False,17,TOSCONES CORRALEJO,True
C.D. BASKET GLOBALCAJA QUINTANAR,1,6.41749,59.4904,True,17,TOSCONES CORRALEJO,True
C.D. BASKET GLOBALCAJA QUINTANAR,50,5.571200000000005,94.6553,True,17,TOSCONES CORRALEJO,True
C.D. BASKET GLOBALCAJA QUINTANAR,21,7.26375,5.92384,False,17,TOSCONES CORRALEJO,True
C.D. BASKET GLOBALCAJA QUINTANAR,12,6.911100000000005,41.2148,True,17,TOSCONES CORRALEJO,True
C.D. BASKET GLOBALCAJA QUINTANAR,0,32.01690000000001,82.9337,False,17,TOSCONES CORRALEJO,True
C.D. BASKET GLOBALCAJA QUINTANAR,8,28.772900000000007,78.0182,False,17,TOSCONES CORRALEJO,True
C.D. BASKET GLOBALCAJA QUINTANAR,14,32.4401,79.5307,False,17,TOSCONES CORRALEJO,True
C.D. BASKET GLOBALCAJA QUINTANAR,0,13.0465,51.8021,True,17,TOSCONES CORRALEJO,True
TOSCONES CORRALEJO,8,32.6516,71.9683,True,17,C.D. BASKET GLOBALCAJA QUINTANAR,False
TOSCONES CORRALEJO,19,32.0874,78.9005,False,17,C.D. BASKET GLOBALCAJA QUINTANAR,False
TOSCONES CORRALEJO,8,4.30183,46.2563,True,17,C.D. BASKET GLOBALCAJA QUINTANAR,False
TOSCONES CORRALEJO,8,7.334299999999999,44.7439,True,17,C.D. BASKET GLOBALCAJA QUINTANAR,False
TOSCONES CORRALEJO,30,38.0113,66.6747,False,17,C.D. BASKET GLOBALCAJA QUINTANAR,False
TOSCONES CORRALEJO,9,10.507800000000003,43.7356,False,17,C.D. BASKET GLOBALCAJA QUINTANAR,False
TOSCONES CORRALEJO,7,6.135400000000004,58.8602,True,17,C.D. BASKET GLOBALCAJA QUINTANAR,False
TOSCONES CORRALEJO,9,10.0846,41.0887,True,17,C.D. BASKET GLOBALCAJA QUINTANAR,False
TOSCONES CORRALEJO,7,7.898399999999995,42.3491,False,17,C.D. BASKET GLOBALCAJA QUINTANAR,False
TOSCONES CORRALEJO,17,14.1044,49.0292,True,17,C.D. BASKET GLOBALCAJA QUINTANAR,False
TOSCONES CORRALEJO,30,23.9774,61.255,False,17,C.D. BASKET GLOBALCAJA QUINTANAR,False
TOSCONES CORRALEJO,7,24.400599999999997,58.3561,True,17,C.D. BASKET GLOBALCAJA QUINTANAR,False
TOSCONES CORRALEJO,7,17.7715,20.4183,False,17,C.D. BASKET GLOBALCAJA QUINTANAR,False
TOSCONES CORRALEJO,15,10.8604,45.8782,False,17,C.D. BASKET GLOBALCAJA QUINTANAR,False
TOSCONES CORRALEJO,8,20.874499999999998,37.9378,False,17,C.D. BASKET GLOBALCAJA QUINTANAR,False
TOSCONES CORRALEJO,30,36.7419,77.1359,False,17,C.D. BASKET GLOBALCAJA QUINTANAR,False
TOSCONES CORRALEJO,9,28.279300000000006,19.1579,True,17,C.D. BASKET GLOBALCAJA QUINTANAR,False
TOSCONES CORRALEJO,9,8.674199999999999,55.9613,True,17,C.D. BASKET GLOBALCAJA QUINTANAR,False
TOSCONES CORRALEJO,30,10.2257,44.6178,False,17,C.D. BASKET GLOBALCAJA QUINTANAR,False
TOSCONES CORRALEJO,30,5.43018,40.2065,True,17,C.D. BASKET GLOBALCAJA QUINTANAR,False
TOSCONES CORRALEJO,9,32.01690000000001,21.5527,False,17,C.D. BASKET GLOBALCAJA QUINTANAR,False
TOSCONES CORRALEJO,30,10.0141,61.7591,False,17,C.D. BASKET GLOBALCAJA QUINTANAR,False
TOSCONES CORRALEJO,11,29.760199999999998,21.3006,False,17,C.D. BASKET GLOBALCAJA QUINTANAR,False
TOSCONES CORRALEJO,17,17.630499999999998,39.9544,False,17,C.D. BASKET GLOBALCAJA QUINTANAR,False
TOSCONES CORRALEJO,17,18.6883,54.5749,False,17,C.D. BASKET GLOBALCAJA QUINTANAR,False
TOSCONES CORRALEJO,9,8.180499999999995,56.7176,False,17,C.D. BASKET GLOBALCAJA QUINTANAR,False
TOSCONES CORRALEJO,11,37.4471,50.2896,True,17,C.D. BASKET GLOBALCAJA QUINTANAR,False
TOSCONES CORRALEJO,19,5.99436,60.6248,True,17,C.D. BASKET GLOBALCAJA QUINTANAR,False
TOSCONES CORRALEJO,8,7.2637,39.3242,True,17,C.D. BASKET GLOBALCAJA QUINTANAR,False
TOSCONES CORRALEJO,9,10.648799999999994,40.5846,False,17,C.D. BASKET GLOBALCAJA QUINTANAR,False
TOSCONES CORRALEJO,30,5.78279,94.5293,False,17,C.D. BASKET GLOBALCAJA QUINTANAR,False
TOSCONES CORRALEJO,7,6.69958,58.6082,True,17,C.D. BASKET GLOBALCAJA QUINTANAR,False
TOSCONES CORRALEJO,11,34.6968,75.1193,True,17,C.D. BASKET GLOBALCAJA QUINTANAR,False
TOSCONES CORRALEJO,8,16.5726,44.7439,False,17,C.D. BASKET GLOBALCAJA QUINTANAR,False
TOSCONES CORRALEJO,19,30.394900000000007,82.5556,True,17,C.D. BASKET GLOBALCAJA QUINTANAR,False
TOSCONES CORRALEJO,19,2.6093000000000046,96.1678,False,17,C.D. BASKET GLOBALCAJA QUINTANAR,False
TOSCONES CORRALEJO,30,5.853300000000004,66.1705,False,17,C.D. BASKET GLOBALCAJA QUINTANAR,False
TOSCONES CORRALEJO,8,5.07757,58.8602,False,17,C.D. BASKET GLOBALCAJA QUINTANAR,False
TOSCONES CORRALEJO,7,22.0733,42.3491,False,17,C.D. BASKET GLOBALCAJA QUINTANAR,False
TOSCONES CORRALEJO,6,26.657300000000006,90.8742,False,17,C.D. BASKET GLOBALCAJA QUINTANAR,False
TOSCONES CORRALEJO,7,10.0141,34.7868,False,17,C.D. BASKET GLOBALCAJA QUINTANAR,False
TOSCONES CORRALEJO,7,7.122699999999995,61.255,True,17,C.D. BASKET GLOBALCAJA QUINTANAR,False
TOSCONES CORRALEJO,8,35.9662,65.9184,False,17,C.D. BASKET GLOBALCAJA QUINTANAR,False
TOSCONES CORRALEJO,11,9.732,40.8367,False,17,C.D. BASKET GLOBALCAJA QUINTANAR,False
TOSCONES CORRALEJO,11,8.03949,43.4835,True,17,C.D. BASKET GLOBALCAJA QUINTANAR,False
TOSCONES CORRALEJO,11,4.65444,40.8367,True,17,C.D. BASKET GLOBALCAJA QUINTANAR,False
TOSCONES CORRALEJO,8,13.540199999999999,46.2563,False,17,C.D. BASKET GLOBALCAJA QUINTANAR,False
TOSCONES CORRALEJO,8,34.9788,47.7688,True,17,C.D. BASKET GLOBALCAJA QUINTANAR,False
TOSCONES CORRALEJO,9,9.732,61.5071,False,17,C.D. BASKET GLOBALCAJA QUINTANAR,False
TOSCONES CORRALEJO,9,10.084599999999995,58.7342,True,17,C.D. BASKET GLOBALCAJA QUINTANAR,False
TOSCONES CORRALEJO,9,12.6939,41.971,False,17,C.D. BASKET GLOBALCAJA QUINTANAR,False
TOSCONES CORRALEJO,7,7.2637,41.3408,True,17,C.D. BASKET GLOBALCAJA QUINTANAR,False
MOVISTAR ESTUDIANTES,22,5.59211,45.2604,True,17,CB LA MATANZA,True
MOVISTAR ESTUDIANTES,7,5.7801000000000045,46.7722,False,17,CB LA MATANZA,True
MOVISTAR ESTUDIANTES,22,8.83459,43.4127,False,17,CB LA MATANZA,True
MOVISTAR ESTUDIANTES,2,31.438,15.1092,False,17,CB LA MATANZA,True
MOVISTAR ESTUDIANTES,8,8.92857,51.4754,False,17,CB LA MATANZA,True
MOVISTAR ESTUDIANTES,9,10.667299999999997,75.6635,True,17,CB LA MATANZA,True
MOVISTAR ESTUDIANTES,6,21.3346,46.8561,False,17,CB LA MATANZA,True
MOVISTAR ESTUDIANTES,8,10.3853,92.7968,True,17,CB LA MATANZA,True
MOVISTAR ESTUDIANTES,7,9.492500000000007,55.5907,False,17,CB LA MATANZA,True
MOVISTAR ESTUDIANTES,25,32.37779999999999,73.6479,False,17,CB LA MATANZA,True
MOVISTAR ESTUDIANTES,11,9.44549,91.9569,False,17,CB LA MATANZA,True
MOVISTAR ESTUDIANTES,6,30.075199999999995,25.6075,True,17,CB LA MATANZA,True
MOVISTAR ESTUDIANTES,2,26.1748,51.9793,False,17,CB LA MATANZA,True
MOVISTAR ESTUDIANTES,15,32.0959,64.5773,True,17,CB LA MATANZA,True
MOVISTAR ESTUDIANTES,6,14.6147,42.6568,True,17,CB LA MATANZA,True
MOVISTAR ESTUDIANTES,2,8.92857,51.4754,False,17,CB LA MATANZA,True
MOVISTAR ESTUDIANTES,10,30.169200000000004,16.7889,False,17,CB LA MATANZA,True
MOVISTAR ESTUDIANTES,25,31.532,13.1775,False,17,CB LA MATANZA,True
MOVISTAR ESTUDIANTES,2,8.03571,94.8125,True,17,CB LA MATANZA,True
MOVISTAR ESTUDIANTES,6,30.686099999999996,20.9043,False,17,CB LA MATANZA,True
MOVISTAR ESTUDIANTES,7,10.1034,55.5907,False,17,CB LA MATANZA,True
MOVISTAR ESTUDIANTES,12,17.1523,61.0499,False,17,CB LA MATANZA,True
MOVISTAR ESTUDIANTES,25,13.157899999999998,5.1988,False,17,CB LA MATANZA,True
MOVISTAR ESTUDIANTES,25,24.107100000000003,9.81806,False,17,CB LA MATANZA,True
MOVISTAR ESTUDIANTES,8,6.53196,51.0555,True,17,CB LA MATANZA,True
MOVISTAR ESTUDIANTES,22,9.022499999999994,40.7251,False,17,CB LA MATANZA,True
MOVISTAR ESTUDIANTES,25,20.6297,35.266,True,17,CB LA MATANZA,True
MOVISTAR ESTUDIANTES,6,23.4962,47.0241,True,17,CB LA MATANZA,True
MOVISTAR ESTUDIANTES,10,27.1147,16.453,True,17,CB LA MATANZA,True
MOVISTAR ESTUDIANTES,12,8.55263,93.4687,False,17,CB LA MATANZA,True
MOVISTAR ESTUDIANTES,10,32.9887,16.453,True,17,CB LA MATANZA,True
MOVISTAR ESTUDIANTES,8,9.44549,91.9569,True,17,CB LA MATANZA,True
MOVISTAR ESTUDIANTES,25,33.0827,57.0185,True,17,CB LA MATANZA,True
MOVISTAR ESTUDIANTES,8,21.6635,30.4788,True,17,CB LA MATANZA,True
MOVISTAR ESTUDIANTES,6,36.1372,77.7632,False,17,CB LA MATANZA,True
MOVISTAR ESTUDIANTES,6,31.8609,36.1059,False,17,CB LA MATANZA,True
MOVISTAR ESTUDIANTES,6,6.296999999999997,3.43508,False,17,CB LA MATANZA,True
MOVISTAR ESTUDIANTES,25,19.1259,27.6232,True,17,CB LA MATANZA,True
MOVISTAR ESTUDIANTES,9,9.91541,47.864,True,17,CB LA MATANZA,True
MOVISTAR ESTUDIANTES,25,14.6147,42.6568,False,17,CB LA MATANZA,True
MOVISTAR ESTUDIANTES,9,8.88158,51.8953,True,17,CB LA MATANZA,True
MOVISTAR ESTUDIANTES,12,5.263099999999994,94.0566,True,17,CB LA MATANZA,True
MOVISTAR ESTUDIANTES,6,31.391000000000005,64.3253,True,17,CB LA MATANZA,True
MOVISTAR ESTUDIANTES,6,33.411699999999996,39.1294,False,17,CB LA MATANZA,True
MOVISTAR ESTUDIANTES,2,10.714299999999994,48.2839,True,17,CB LA MATANZA,True
MOVISTAR ESTUDIANTES,6,10.7613,44.7565,True,17,CB LA MATANZA,True
MOVISTAR ESTUDIANTES,7,9.492500000000007,46.1842,True,17,CB LA MATANZA,True
MOVISTAR ESTUDIANTES,10,30.122200000000007,12.0857,False,17,CB LA MATANZA,True
MOVISTAR ESTUDIANTES,22,30.169200000000004,16.7889,True,17,CB LA MATANZA,True
MOVISTAR ESTUDIANTES,9,9.398499999999999,43.7486,True,17,CB LA MATANZA,True
MOVISTAR ESTUDIANTES,6,5.8740999999999985,92.9648,True,17,CB LA MATANZA,True
MOVISTAR ESTUDIANTES,2,5.92105,56.5146,True,17,CB LA MATANZA,True
MOVISTAR ESTUDIANTES,11,10.1034,75.5795,True,17,CB LA MATANZA,True
MOVISTAR ESTUDIANTES,9,10.573300000000003,73.0599,True,17,CB LA MATANZA,True
MOVISTAR ESTUDIANTES,8,11.607100000000003,34.93,True,17,CB LA MATANZA,True
MOVISTAR ESTUDIANTES,8,34.6805,41.733,True,17,CB LA MATANZA,True
MOVISTAR ESTUDIANTES,2,29.2763,86.2458,False,17,CB LA MATANZA,True
MOVISTAR ESTUDIANTES,11,28.2425,89.3533,False,17,CB LA MATANZA,True
MOVISTAR ESTUDIANTES,8,37.359,40.6411,False,17,CB LA MATANZA,True
MOVISTAR ESTUDIANTES,8,31.296999999999997,13.9334,True,17,CB LA MATANZA,True
MOVISTAR ESTUDIANTES,9,8.3647,55.3388,True,17,CB LA MATANZA,True
MOVISTAR ESTUDIANTES,25,6.061999999999998,24.9356,True,17,CB LA MATANZA,True
MOVISTAR ESTUDIANTES,8,27.678600000000003,27.2873,False,17,CB LA MATANZA,True
MOVISTAR ESTUDIANTES,6,8.45865,80.0308,False,17,CB LA MATANZA,True
MOVISTAR ESTUDIANTES,8,7.847700000000003,42.3209,False,17,CB LA MATANZA,True
MOVISTAR ESTUDIANTES,9,21.9455,47.528,True,17,CB LA MATANZA,True
MOVISTAR ESTUDIANTES,12,14.7086,44.6725,True,17,CB LA MATANZA,True
MOVISTAR ESTUDIANTES,11,32.7538,46.6042,False,17,CB LA MATANZA,True
MOVISTAR ESTUDIANTES,10,27.067700000000002,74.2358,False,17,CB LA MATANZA,True
MOVISTAR ESTUDIANTES,2,32.1429,21.3242,True,17,CB LA MATANZA,True
MOVISTAR ESTUDIANTES,22,5.7801000000000045,50.8035,True,17,CB LA MATANZA,True
MOVISTAR ESTUDIANTES,6,11.0432,95.1484,False,17,CB LA MATANZA,True
CB LA MATANZA,0,7.471800000000002,55.6747,True,17,MOVISTAR ESTUDIANTES,False
CB LA MATANZA,23,13.251900000000006,52.5672,False,17,MOVISTAR ESTUDIANTES,False
CB LA MATANZA,21,7.283799999999999,53.0711,True,17,MOVISTAR ESTUDIANTES,False
CB LA MATANZA,0,8.787599999999998,41.397,True,17,MOVISTAR ESTUDIANTES,False
CB LA MATANZA,9,28.665400000000005,84.0622,False,17,MOVISTAR ESTUDIANTES,False
CB LA MATANZA,0,32.800700000000006,49.9636,False,17,MOVISTAR ESTUDIANTES,False
CB LA MATANZA,23,8.928600000000003,55.5068,False,17,MOVISTAR ESTUDIANTES,False
CB LA MATANZA,23,13.016900000000007,57.4384,False,17,MOVISTAR ESTUDIANTES,False
CB LA MATANZA,8,13.298900000000003,45.5124,False,17,MOVISTAR ESTUDIANTES,False
CB LA MATANZA,10,33.223699999999994,52.1473,False,17,MOVISTAR ESTUDIANTES,False
CB LA MATANZA,10,31.6729,27.0353,False,17,MOVISTAR ESTUDIANTES,False
CB LA MATANZA,23,9.49248,52.6512,True,17,MOVISTAR ESTUDIANTES,False
CB LA MATANZA,0,8.36466,41.481,False,17,MOVISTAR ESTUDIANTES,False
CB LA MATANZA,0,5.73308,51.2234,True,17,MOVISTAR ESTUDIANTES,False
CB LA MATANZA,0,34.8684,47.0241,False,17,MOVISTAR ESTUDIANTES,False
CB LA MATANZA,10,30.498099999999994,20.9883,True,17,MOVISTAR ESTUDIANTES,False
CB LA MATANZA,0,6.25,55.3388,True,17,MOVISTAR ESTUDIANTES,False
CB LA MATANZA,8,13.298900000000003,45.5124,True,17,MOVISTAR ESTUDIANTES,False
CB LA MATANZA,14,12.8759,45.0924,True,17,MOVISTAR ESTUDIANTES,False
CB LA MATANZA,10,12.265,56.5146,False,17,MOVISTAR ESTUDIANTES,False
CB LA MATANZA,23,36.4192,67.5168,False,17,MOVISTAR ESTUDIANTES,False
CB LA MATANZA,6,34.5865,82.8864,False,17,MOVISTAR ESTUDIANTES,False
CB LA MATANZA,14,33.5526,67.6008,True,17,MOVISTAR ESTUDIANTES,False
CB LA MATANZA,11,31.813900000000004,77.8472,False,17,MOVISTAR ESTUDIANTES,False
CB LA MATANZA,6,31.203,79.191,True,17,MOVISTAR ESTUDIANTES,False
CB LA MATANZA,3,33.3177,11.9177,False,17,MOVISTAR ESTUDIANTES,False
CB LA MATANZA,6,13.6278,48.3679,False,17,MOVISTAR ESTUDIANTES,False
CB LA MATANZA,3,32.61279999999999,63.2335,False,17,MOVISTAR ESTUDIANTES,False
CB LA MATANZA,3,12.8289,23.004,True,17,MOVISTAR ESTUDIANTES,False
CB LA MATANZA,10,33.4117,70.2044,False,17,MOVISTAR ESTUDIANTES,False
CB LA MATANZA,9,8.22368,94.8125,False,17,MOVISTAR ESTUDIANTES,False
CB LA MATANZA,3,31.438,19.1406,True,17,MOVISTAR ESTUDIANTES,False
CB LA MATANZA,9,11.7951,72.976,False,17,MOVISTAR ESTUDIANTES,False
CB LA MATANZA,8,13.6748,44.0006,True,17,MOVISTAR ESTUDIANTES,False
CB LA MATANZA,0,10.338300000000004,47.696,False,17,MOVISTAR ESTUDIANTES,False
CB LA MATANZA,23,20.676699999999997,33.3343,True,17,MOVISTAR ESTUDIANTES,False
CB LA MATANZA,9,12.453,19.8125,True,17,MOVISTAR ESTUDIANTES,False
CB LA MATANZA,0,7.5188,42.0689,True,17,MOVISTAR ESTUDIANTES,False
CB LA MATANZA,9,10.996200000000002,5.1988,False,17,MOVISTAR ESTUDIANTES,False
CB LA MATANZA,11,11.1842,5.61873,False,17,MOVISTAR ESTUDIANTES,False
CB LA MATANZA,21,9.25752,46.1842,False,17,MOVISTAR ESTUDIANTES,False
CB LA MATANZA,21,10.0094,46.6882,False,17,MOVISTAR ESTUDIANTES,False
CB LA MATANZA,14,34.5865,51.3074,True,17,MOVISTAR ESTUDIANTES,False
CB LA MATANZA,3,27.443600000000004,19.6445,False,17,MOVISTAR ESTUDIANTES,False
CB LA MATANZA,14,33.64660000000001,25.1036,False,17,MOVISTAR ESTUDIANTES,False
CB LA MATANZA,14,33.6936,48.9558,False,17,MOVISTAR ESTUDIANTES,False
CB LA MATANZA,8,8.36466,41.481,True,17,MOVISTAR ESTUDIANTES,False
CB LA MATANZA,11,27.2556,13.6814,True,17,MOVISTAR ESTUDIANTES,False
CB LA MATANZA,11,32.9417,73.7318,False,17,MOVISTAR ESTUDIANTES,False
CB LA MATANZA,0,15.695499999999996,26.7833,False,17,MOVISTAR ESTUDIANTES,False
CB LA MATANZA,9,33.8346,15.6971,False,17,MOVISTAR ESTUDIANTES,False
CB LA MATANZA,23,28.289500000000004,84.6501,False,17,MOVISTAR ESTUDIANTES,False
CB LA MATANZA,3,31.391000000000005,72.892,True,17,MOVISTAR ESTUDIANTES,False
CB LA MATANZA,3,7.800700000000006,93.3007,True,17,MOVISTAR ESTUDIANTES,False
CB LA MATANZA,0,28.2425,10.8259,False,17,MOVISTAR ESTUDIANTES,False
CB LA MATANZA,21,15.4135,38.7094,False,17,MOVISTAR ESTUDIANTES,False
CB LA MATANZA,11,33.6936,72.1361,False,17,MOVISTAR ESTUDIANTES,False
CB LA MATANZA,8,12.5,44.3365,False,17,MOVISTAR ESTUDIANTES,False
CB LA MATANZA,9,29.8872,19.8965,True,17,MOVISTAR ESTUDIANTES,False
CB LA MATANZA,23,33.0827,79.5269,False,17,MOVISTAR ESTUDIANTES,False
CB LA MATANZA,23,36.8421,46.1842,False,17,MOVISTAR ESTUDIANTES,False
CB LA MATANZA,0,9.72744,76.1675,True,17,MOVISTAR ESTUDIANTES,False
CB LA MATANZA,23,33.6936,48.9558,False,17,MOVISTAR ESTUDIANTES,False
CB LA MATANZA,8,7.89474,37.4496,True,17,MOVISTAR ESTUDIANTES,False
CB LA MATANZA,0,12.969899999999996,48.1159,False,17,MOVISTAR ESTUDIANTES,False
CB LA MATANZA,9,12.265,56.5146,True,17,MOVISTAR ESTUDIANTES,False
CB LA MATANZA,21,10.1974,49.6277,False,17,MOVISTAR ESTUDIANTES,False
CB LA MATANZA,23,32.800700000000006,27.3713,False,17,MOVISTAR ESTUDIANTES,False
CB LA MATANZA,23,9.398499999999999,72.1361,False,17,MOVISTAR ESTUDIANTES,False
CB LA MATANZA,0,5.8740999999999985,54.8349,True,17,MOVISTAR ESTUDIANTES,False
CB LA MATANZA,14,10.1974,49.6277,False,17,MOVISTAR ESTUDIANTES,False
