league,group,team,player_number,player_name,left,top,success,game_index,rival,home
COPA ESPAÑA,Play-offs 1/2 Final,CLOUD.GAL OURENSE BALONCESTO,27,M. IGLESIAS FERNANDEZ,90.268%,7.68838%,False,1,MOVISTAR ESTUDIANTES,True
COPA ESPAÑA,Play-offs 1/2 Final,CLOUD.GAL OURENSE BALONCESTO,28,R. DIAS MARQUES LISBOA SANTOS,22.2849%,29.9973%,False,1,MOVISTAR ESTUDIANTES,True
COPA ESPAÑA,Play-offs 1/2 Final,CLOUD.GAL OURENSE BALONCESTO,27,M. IGLESIAS FERNANDEZ,90.268%,43.4835%,False,1,MOVISTAR ESTUDIANTES,True
COPA ESPAÑA,Play-offs 1/2 Final,CLOUD.GAL OURENSE BALONCESTO,9,C. OKANU,9.80254%,55.3312%,False,1,MOVISTAR ESTUDIANTES,True
COPA ESPAÑA,Play-offs 1/2 Final,CLOUD.GAL OURENSE BALONCESTO,28,R. DIAS MARQUES LISBOA SANTOS,29.9718%,80.791%,False,1,MOVISTAR ESTUDIANTES,True
COPA ESPAÑA,Play-offs 1/2 Final,CLOUD.GAL OURENSE BALONCESTO,35,R. GILL,5.92384%,55.0791%,True,1,MOVISTAR ESTUDIANTES,True
COPA ESPAÑA,Play-offs 1/2 Final,CLOUD.GAL OURENSE BALONCESTO,35,R. GILL,8.81523%,94.2772%,True,1,MOVISTAR ESTUDIANTES,True
COPA ESPAÑA,Play-offs 1/2 Final,CLOUD.GAL OURENSE BALONCESTO,28,R. DIAS MARQUES LISBOA SANTOS,10.2257%,56.7176%,False,1,MOVISTAR ESTUDIANTES,True
COPA ESPAÑA,Play-offs 1/2 Final,CLOUD.GAL OURENSE BALONCESTO,10,I. VAZQUEZ PEREZ,32.299%,69.1955%,False,1,MOVISTAR ESTUDIANTES,True
COPA ESPAÑA,Play-offs 1/2 Final,CLOUD.GAL OURENSE BALONCESTO,22,G. KALSCHEUR,35.1199%,44.9959%,False,1,MOVISTAR ESTUDIANTES,True
COPA ESPAÑA,Play-offs 1/2 Final,CLOUD.GAL OURENSE BALONCESTO,12,S. HUGUET CARRASCO,16.22%,50.2896%,False,1,MOVISTAR ESTUDIANTES,True
COPA ESPAÑA,Play-offs 1/2 Final,CLOUD.GAL OURENSE BALONCESTO,35,R. GILL,8.46262%,52.1802%,True,1,MOVISTAR ESTUDIANTES,True
COPA ESPAÑA,Play-offs 1/2 Final,CLOUD.GAL OURENSE BALONCESTO,9,C. OKANU,92.1721%,51.8021%,True,1,MOVISTAR ESTUDIANTES,True
COPA ESPAÑA,Play-offs 1/2 Final,CLOUD.GAL OURENSE BALONCESTO,35,R. GILL,90.5501%,43.6095%,True,1,MOVISTAR ESTUDIANTES,True
COPA ESPAÑA,Play-offs 1/2 Final,CLOUD.GAL OURENSE BALONCESTO,10,I. VAZQUEZ PEREZ,25.1058%,52.0541%,True,1,MOVISTAR ESTUDIANTES,True
COPA ESPAÑA,Play-offs 1/2 Final,CLOUD.GAL OURENSE BALONCESTO,24,S. MC DONNELL,90.0564%,53.9447%,True,1,MOVISTAR ESTUDIANTES,True
COPA ESPAÑA,Play-offs 1/2 Final,CLOUD.GAL OURENSE BALONCESTO,22,G. KALSCHEUR,35.1199%,47.0126%,True,1,MOVISTAR ESTUDIANTES,True
COPA ESPAÑA,Play-offs 1/2 Final,CLOUD.GAL OURENSE BALONCESTO,22,G. KALSCHEUR,10.2257%,49.9115%,False,1,MOVISTAR ESTUDIANTES,True
COPA ESPAÑA,Play-offs 1/2 Final,CLOUD.GAL OURENSE BALONCESTO,22,G. KALSCHEUR,9.87306%,54.827%,False,1,MOVISTAR ESTUDIANTES,True
COPA ESPAÑA,Play-offs 1/2 Final,CLOUD.GAL OURENSE BALONCESTO,23,D. SARAIVA SEIXAS,92.6657%,45.7522%,True,1,MOVISTAR ESTUDIANTES,True
COPA ESPAÑA,Play-offs 1/2 Final,CLOUD.GAL OURENSE BALONCESTO,24,S. MC DONNELL,9.59097%,6.93215%,True,1,MOVISTAR ESTUDIANTES,True
COPA ESPAÑA,Play-offs 1/2 Final,CLOUD.GAL OURENSE BALONCESTO,9,C. OKANU,91.7489%,55.5832%,False,1,MOVISTAR ESTUDIANTES,True
COPA ESPAÑA,Play-offs 1/2 Final,CLOUD.GAL OURENSE BALONCESTO,28,R. DIAS MARQUES LISBOA SANTOS,91.1848%,52.8104%,True,1,MOVISTAR ESTUDIANTES,True
COPA ESPAÑA,Play-offs 1/2 Final,CLOUD.GAL OURENSE BALONCESTO,24,S. MC DONNELL,89.2102%,47.2647%,False,1,MOVISTAR ESTUDIANTES,True
COPA ESPAÑA,Play-offs 1/2 Final,CLOUD.GAL OURENSE BALONCESTO,23,D. SARAIVA SEIXAS,66.22%,38.1898%,False,1,MOVISTAR ESTUDIANTES,True
COPA ESPAÑA,Play-offs 1/2 Final,CLOUD.GAL OURENSE BALONCESTO,28,R. DIAS MARQUES LISBOA SANTOS,8.81523%,94.2772%,False,1,MOVISTAR ESTUDIANTES,True
COPA ESPAÑA,Play-offs 1/2 Final,CLOUD.GAL OURENSE BALONCESTO,12,S. HUGUET CARRASCO,75.4584%,13.8643%,True,1,MOVISTAR ESTUDIANTES,True
COPA ESPAÑA,Play-offs 1/2 Final,CLOUD.GAL OURENSE BALONCESTO,10,I. VAZQUEZ PEREZ,6.34697%,81.5473%,True,1,MOVISTAR ESTUDIANTES,True
COPA ESPAÑA,Play-offs 1/2 Final,CLOUD.GAL OURENSE BALONCESTO,27,M. IGLESIAS FERNANDEZ,92.3131%,45.3741%,True,1,MOVISTAR ESTUDIANTES,True
COPA ESPAÑA,Play-offs 1/2 Final,CLOUD.GAL OURENSE BALONCESTO,35,R. GILL,7.33427%,59.7425%,True,1,MOVISTAR ESTUDIANTES,True
COPA ESPAÑA,Play-offs 1/2 Final,CLOUD.GAL OURENSE BALONCESTO,24,S. MC DONNELL,30.6065%,18.7798%,False,1,MOVISTAR ESTUDIANTES,True
COPA ESPAÑA,Play-offs 1/2 Final,CLOUD.GAL OURENSE BALONCESTO,28,R. DIAS MARQUES LISBOA SANTOS,77.9972%,50.6677%,False,1,MOVISTAR ESTUDIANTES,True
COPA ESPAÑA,Play-offs 1/2 Final,CLOUD.GAL OURENSE BALONCESTO,9,C. OKANU,86.0367%,55.9613%,True,1,MOVISTAR ESTUDIANTES,True
COPA ESPAÑA,Play-offs 1/2 Final,CLOUD.GAL OURENSE BALONCESTO,10,I. VAZQUEZ PEREZ,25.1763%,45.6261%,True,1,MOVISTAR ESTUDIANTES,True
COPA ESPAÑA,Play-offs 1/2 Final,CLOUD.GAL OURENSE BALONCESTO,9,C. OKANU,80.3244%,48.6511%,True,1,MOVISTAR ESTUDIANTES,True
COPA ESPAÑA,Play-offs 1/2 Final,CLOUD.GAL OURENSE BALONCESTO,9,C. OKANU,10.2257%,49.9115%,False,1,MOVISTAR ESTUDIANTES,True
COPA ESPAÑA,Play-offs 1/2 Final,CLOUD.GAL OURENSE BALONCESTO,12,S. HUGUET CARRASCO,91.5374%,43.6095%,True,1,MOVISTAR ESTUDIANTES,True
COPA ESPAÑA,Play-offs 1/2 Final,CLOUD.GAL OURENSE BALONCESTO,3,K. SMITH,91.7489%,55.5832%,False,1,MOVISTAR ESTUDIANTES,True
COPA ESPAÑA,Play-offs 1/2 Final,CLOUD.GAL OURENSE BALONCESTO,35,R. GILL,10.4372%,48.525%,True,1,MOVISTAR ESTUDIANTES,True
COPA ESPAÑA,Play-offs 1/2 Final,CLOUD.GAL OURENSE BALONCESTO,12,S. HUGUET CARRASCO,91.7489%,55.5832%,True,1,MOVISTAR ESTUDIANTES,True
COPA ESPAÑA,Play-offs 1/2 Final,CLOUD.GAL OURENSE BALONCESTO,24,S. MC DONNELL,64.9506%,72.5985%,True,1,MOVISTAR ESTUDIANTES,True
COPA ESPAÑA,Play-offs 1/2 Final,CLOUD.GAL OURENSE BALONCESTO,22,G. KALSCHEUR,66.6432%,75.6234%,True,1,MOVISTAR ESTUDIANTES,True
COPA ESPAÑA,Play-offs 1/2 Final,CLOUD.GAL OURENSE BALONCESTO,23,D. SARAIVA SEIXAS,90.1269%,46.1303%,False,1,MOVISTAR ESTUDIANTES,True
COPA ESPAÑA,Play-offs 1/2 Final,CLOUD.GAL OURENSE BALONCESTO,23,D. SARAIVA SEIXAS,71.4386%,13.2341%,False,1,MOVISTAR ESTUDIANTES,True
COPA ESPAÑA,Play-offs 1/2 Final,CLOUD.GAL OURENSE BALONCESTO,9,C. OKANU,87.3061%,62.6414%,False,1,MOVISTAR ESTUDIANTES,True
COPA ESPAÑA,Play-offs 1/2 Final,CLOUD.GAL OURENSE BALONCESTO,28,R. DIAS MARQUES LISBOA SANTOS,12.0592%,55.7093%,True,1,MOVISTAR ESTUDIANTES,True
COPA ESPAÑA,Play-offs 1/2 Final,CLOUD.GAL OURENSE BALONCESTO,27,M. IGLESIAS FERNANDEZ,83.4274%,47.3907%,False,1,MOVISTAR ESTUDIANTES,True
COPA ESPAÑA,Play-offs 1/2 Final,CLOUD.GAL OURENSE BALONCESTO,22,G. KALSCHEUR,66.5726%,41.7189%,False,1,MOVISTAR ESTUDIANTES,True
COPA ESPAÑA,Play-offs 1/2 Final,CLOUD.GAL OURENSE BALONCESTO,23,D. SARAIVA SEIXAS,69.9577%,84.3201%,False,1,MOVISTAR ESTUDIANTES,True
COPA ESPAÑA,Play-offs 1/2 Final,CLOUD.GAL OURENSE BALONCESTO,35,R. GILL,8.81523%,51.1719%,True,1,MOVISTAR ESTUDIANTES,True
COPA ESPAÑA,Play-offs 1/2 Final,CLOUD.GAL OURENSE BALONCESTO,28,R. DIAS MARQUES LISBOA SANTOS,11.0719%,51.1719%,False,1,MOVISTAR ESTUDIANTES,True
COPA ESPAÑA,Play-offs 1/2 Final,CLOUD.GAL OURENSE BALONCESTO,24,S. MC DONNELL,88.8575%,43.4835%,False,1,MOVISTAR ESTUDIANTES,True
COPA ESPAÑA,Play-offs 1/2 Final,CLOUD.GAL OURENSE BALONCESTO,9,C. OKANU,11.2835%,48.273%,False,1,MOVISTAR ESTUDIANTES,True
COPA ESPAÑA,Play-offs 1/2 Final,CLOUD.GAL OURENSE BALONCESTO,10,I. VAZQUEZ PEREZ,64.598%,49.6594%,False,1,MOVISTAR ESTUDIANTES,True
COPA ESPAÑA,Play-offs 1/2 Final,CLOUD.GAL OURENSE BALONCESTO,10,I. VAZQUEZ PEREZ,9.23836%,47.8948%,False,1,MOVISTAR ESTUDIANTES,True
COPA ESPAÑA,Play-offs 1/2 Final,CLOUD.GAL OURENSE BALONCESTO,35,R. GILL,93.8646%,52.5583%,True,1,MOVISTAR ESTUDIANTES,True
COPA ESPAÑA,Play-offs 1/2 Final,CLOUD.GAL OURENSE BALONCESTO,10,I. VAZQUEZ PEREZ,63.9633%,46.8865%,False,1,MOVISTAR ESTUDIANTES,True
COPA ESPAÑA,Play-offs 1/2 Final,CLOUD.GAL OURENSE BALONCESTO,24,S. MC DONNELL,34.6968%,43.7356%,False,1,MOVISTAR ESTUDIANTES,True
COPA ESPAÑA,Play-offs 1/2 Final,CLOUD.GAL OURENSE BALONCESTO,35,R. GILL,8.32158%,51.1719%,True,1,MOVISTAR ESTUDIANTES,True
COPA ESPAÑA,Play-offs 1/2 Final,CLOUD.GAL OURENSE BALONCESTO,12,S. HUGUET CARRASCO,31.3822%,72.8506%,False,1,MOVISTAR ESTUDIANTES,True
COPA ESPAÑA,Play-offs 1/2 Final,CLOUD.GAL OURENSE BALONCESTO,35,R. GILL,9.16784%,52.6843%,True,1,MOVISTAR ESTUDIANTES,True
COPA ESPAÑA,Play-offs 1/2 Final,CLOUD.GAL OURENSE BALONCESTO,22,G. KALSCHEUR,36.8829%,42.0971%,False,1,MOVISTAR ESTUDIANTES,True
COPA ESPAÑA,Play-offs 1/2 Final,CLOUD.GAL OURENSE BALONCESTO,3,K. SMITH,29.6192%,72.5985%,False,1,MOVISTAR ESTUDIANTES,True
COPA ESPAÑA,Play-offs 1/2 Final,CLOUD.GAL OURENSE BALONCESTO,35,R. GILL,90.8322%,56.5915%,True,1,MOVISTAR ESTUDIANTES,True
COPA ESPAÑA,Play-offs 1/2 Final,CLOUD.GAL OURENSE BALONCESTO,23,D. SARAIVA SEIXAS,16.4316%,47.1386%,False,1,MOVISTAR ESTUDIANTES,True
COPA ESPAÑA,Play-offs 1/2 Final,CLOUD.GAL OURENSE BALONCESTO,10,I. VAZQUEZ PEREZ,67.5599%,26.7203%,False,1,MOVISTAR ESTUDIANTES,True
COPA ESPAÑA,Play-offs 1/2 Final,MOVISTAR ESTUDIANTES,22,J. VAULET,93.7236%,49.7854%,True,1,CLOUD.GAL OURENSE BALONCESTO,False
COPA ESPAÑA,Play-offs 1/2 Final,MOVISTAR ESTUDIANTES,24,L. NWOGBO,8.67419%,50.7937%,True,1,CLOUD.GAL OURENSE BALONCESTO,False
COPA ESPAÑA,Play-offs 1/2 Final,MOVISTAR ESTUDIANTES,51,O. SILVERIO GRULLON,81.4528%,66.0445%,True,1,CLOUD.GAL OURENSE BALONCESTO,False
COPA ESPAÑA,Play-offs 1/2 Final,MOVISTAR ESTUDIANTES,10,S. GARCIA CALVO,8.25106%,44.4918%,True,1,CLOUD.GAL OURENSE BALONCESTO,False
COPA ESPAÑA,Play-offs 1/2 Final,MOVISTAR ESTUDIANTES,15,T. MC GREW,11.1425%,51.676%,False,1,CLOUD.GAL OURENSE BALONCESTO,False
COPA ESPAÑA,Play-offs 1/2 Final,MOVISTAR ESTUDIANTES,15,T. MC GREW,90.1269%,52.3062%,True,1,CLOUD.GAL OURENSE BALONCESTO,False
COPA ESPAÑA,Play-offs 1/2 Final,MOVISTAR ESTUDIANTES,9,S. SALIN,30.536%,17.8975%,True,1,CLOUD.GAL OURENSE BALONCESTO,False
COPA ESPAÑA,Play-offs 1/2 Final,MOVISTAR ESTUDIANTES,11,J. GRANGER,64.8096%,43.8616%,False,1,CLOUD.GAL OURENSE BALONCESTO,False
COPA ESPAÑA,Play-offs 1/2 Final,MOVISTAR ESTUDIANTES,29,P. GARINO GULLOTTA,70.5219%,82.8077%,True,1,CLOUD.GAL OURENSE BALONCESTO,False
COPA ESPAÑA,Play-offs 1/2 Final,MOVISTAR ESTUDIANTES,15,T. MC GREW,92.3131%,55.2051%,True,1,CLOUD.GAL OURENSE BALONCESTO,False
COPA ESPAÑA,Play-offs 1/2 Final,MOVISTAR ESTUDIANTES,29,P. GARINO GULLOTTA,90.3385%,49.6594%,True,1,CLOUD.GAL OURENSE BALONCESTO,False
COPA ESPAÑA,Play-offs 1/2 Final,MOVISTAR ESTUDIANTES,6,L. GIOVANNETTI,28.2087%,16.133%,True,1,CLOUD.GAL OURENSE BALONCESTO,False
COPA ESPAÑA,Play-offs 1/2 Final,MOVISTAR ESTUDIANTES,22,J. VAULET,92.8068%,49.4073%,True,1,CLOUD.GAL OURENSE BALONCESTO,False
COPA ESPAÑA,Play-offs 1/2 Final,MOVISTAR ESTUDIANTES,29,P. GARINO GULLOTTA,72.8491%,14.2424%,False,1,CLOUD.GAL OURENSE BALONCESTO,False
COPA ESPAÑA,Play-offs 1/2 Final,MOVISTAR ESTUDIANTES,15,T. MC GREW,92.8773%,41.7189%,False,1,CLOUD.GAL OURENSE BALONCESTO,False
COPA ESPAÑA,Play-offs 1/2 Final,MOVISTAR ESTUDIANTES,9,S. SALIN,32.9337%,79.0265%,False,1,CLOUD.GAL OURENSE BALONCESTO,False
COPA ESPAÑA,Play-offs 1/2 Final,MOVISTAR ESTUDIANTES,22,J. VAULET,89.4217%,50.0375%,False,1,CLOUD.GAL OURENSE BALONCESTO,False
COPA ESPAÑA,Play-offs 1/2 Final,MOVISTAR ESTUDIANTES,22,J. VAULET,92.7363%,49.6594%,True,1,CLOUD.GAL OURENSE BALONCESTO,False
COPA ESPAÑA,Play-offs 1/2 Final,MOVISTAR ESTUDIANTES,6,L. GIOVANNETTI,11.7772%,94.2772%,True,1,CLOUD.GAL OURENSE BALONCESTO,False
COPA ESPAÑA,Play-offs 1/2 Final,MOVISTAR ESTUDIANTES,29,P. GARINO GULLOTTA,29.8307%,77.0099%,True,1,CLOUD.GAL OURENSE BALONCESTO,False
COPA ESPAÑA,Play-offs 1/2 Final,MOVISTAR ESTUDIANTES,8,G. FILIPOVIC,67.3484%,46.7605%,False,1,CLOUD.GAL OURENSE BALONCESTO,False
COPA ESPAÑA,Play-offs 1/2 Final,MOVISTAR ESTUDIANTES,1,A. GONZÁLEZ PÉREZ,93.1594%,48.1469%,False,1,CLOUD.GAL OURENSE BALONCESTO,False
COPA ESPAÑA,Play-offs 1/2 Final,MOVISTAR ESTUDIANTES,10,S. GARCIA CALVO,7.89845%,50.9198%,True,1,CLOUD.GAL OURENSE BALONCESTO,False
COPA ESPAÑA,Play-offs 1/2 Final,MOVISTAR ESTUDIANTES,10,S. GARCIA CALVO,70.1693%,17.7715%,False,1,CLOUD.GAL OURENSE BALONCESTO,False
COPA ESPAÑA,Play-offs 1/2 Final,MOVISTAR ESTUDIANTES,10,S. GARCIA CALVO,92.4542%,43.8616%,True,1,CLOUD.GAL OURENSE BALONCESTO,False
COPA ESPAÑA,Play-offs 1/2 Final,MOVISTAR ESTUDIANTES,1,A. GONZÁLEZ PÉREZ,91.6784%,47.6428%,True,1,CLOUD.GAL OURENSE BALONCESTO,False
COPA ESPAÑA,Play-offs 1/2 Final,MOVISTAR ESTUDIANTES,51,O. SILVERIO GRULLON,89.5628%,50.6677%,True,1,CLOUD.GAL OURENSE BALONCESTO,False
COPA ESPAÑA,Play-offs 1/2 Final,MOVISTAR ESTUDIANTES,22,J. VAULET,93.8646%,51.0458%,False,1,CLOUD.GAL OURENSE BALONCESTO,False
COPA ESPAÑA,Play-offs 1/2 Final,MOVISTAR ESTUDIANTES,8,G. FILIPOVIC,8.60367%,51.2979%,True,1,CLOUD.GAL OURENSE BALONCESTO,False
COPA ESPAÑA,Play-offs 1/2 Final,MOVISTAR ESTUDIANTES,6,L. GIOVANNETTI,70.3103%,22.687%,True,1,CLOUD.GAL OURENSE BALONCESTO,False
COPA ESPAÑA,Play-offs 1/2 Final,MOVISTAR ESTUDIANTES,1,A. GONZÁLEZ PÉREZ,8.18054%,50.5417%,True,1,CLOUD.GAL OURENSE BALONCESTO,False
COPA ESPAÑA,Play-offs 1/2 Final,MOVISTAR ESTUDIANTES,6,L. GIOVANNETTI,92.9478%,92.6387%,False,1,CLOUD.GAL OURENSE BALONCESTO,False
COPA ESPAÑA,Play-offs 1/2 Final,MOVISTAR ESTUDIANTES,15,T. MC GREW,32.2285%,77.1359%,False,1,CLOUD.GAL OURENSE BALONCESTO,False
COPA ESPAÑA,Play-offs 1/2 Final,MOVISTAR ESTUDIANTES,9,S. SALIN,69.7461%,24.8297%,False,1,CLOUD.GAL OURENSE BALONCESTO,False
COPA ESPAÑA,Play-offs 1/2 Final,MOVISTAR ESTUDIANTES,22,J. VAULET,6.84062%,53.5666%,True,1,CLOUD.GAL OURENSE BALONCESTO,False
COPA ESPAÑA,Play-offs 1/2 Final,MOVISTAR ESTUDIANTES,15,T. MC GREW,6.41749%,58.7342%,True,1,CLOUD.GAL OURENSE BALONCESTO,False
COPA ESPAÑA,Play-offs 1/2 Final,MOVISTAR ESTUDIANTES,51,O. SILVERIO GRULLON,71.2271%,21.0485%,False,1,CLOUD.GAL OURENSE BALONCESTO,False
COPA ESPAÑA,Play-offs 1/2 Final,MOVISTAR ESTUDIANTES,15,T. MC GREW,68.7588%,28.4848%,True,1,CLOUD.GAL OURENSE BALONCESTO,False
COPA ESPAÑA,Play-offs 1/2 Final,MOVISTAR ESTUDIANTES,51,O. SILVERIO GRULLON,90.4795%,79.5307%,False,1,CLOUD.GAL OURENSE BALONCESTO,False
COPA ESPAÑA,Play-offs 1/2 Final,MOVISTAR ESTUDIANTES,29,P. GARINO GULLOTTA,90.1975%,93.1429%,False,1,CLOUD.GAL OURENSE BALONCESTO,False
COPA ESPAÑA,Play-offs 1/2 Final,MOVISTAR ESTUDIANTES,1,A. GONZÁLEZ PÉREZ,93.9351%,49.7854%,True,1,CLOUD.GAL OURENSE BALONCESTO,False
COPA ESPAÑA,Play-offs 1/2 Final,MOVISTAR ESTUDIANTES,29,P. GARINO GULLOTTA,93.7941%,92.3866%,False,1,CLOUD.GAL OURENSE BALONCESTO,False
COPA ESPAÑA,Play-offs 1/2 Final,MOVISTAR ESTUDIANTES,19,H. LOPEZ BARRANTES,6.98166%,53.6926%,True,1,CLOUD.GAL OURENSE BALONCESTO,False
COPA ESPAÑA,Play-offs 1/2 Final,MOVISTAR ESTUDIANTES,9,S. SALIN,22.567%,49.5334%,False,1,CLOUD.GAL OURENSE BALONCESTO,False
COPA ESPAÑA,Play-offs 1/2 Final,MOVISTAR ESTUDIANTES,29,P. GARINO GULLOTTA,92.8068%,55.2051%,True,1,CLOUD.GAL OURENSE BALONCESTO,False
COPA ESPAÑA,Play-offs 1/2 Final,MOVISTAR ESTUDIANTES,15,T. MC GREW,69.8872%,82.1775%,False,1,CLOUD.GAL OURENSE BALONCESTO,False
COPA ESPAÑA,Play-offs 1/2 Final,MOVISTAR ESTUDIANTES,29,P. GARINO GULLOTTA,93.8646%,51.0458%,False,1,CLOUD.GAL OURENSE BALONCESTO,False
COPA ESPAÑA,Play-offs 1/2 Final,MOVISTAR ESTUDIANTES,51,O. SILVERIO GRULLON,70.4513%,19.6621%,False,1,CLOUD.GAL OURENSE BALONCESTO,False
COPA ESPAÑA,Play-offs 1/2 Final,MOVISTAR ESTUDIANTES,9,S. SALIN,74.2595%,15.5028%,False,1,CLOUD.GAL OURENSE BALONCESTO,False
COPA ESPAÑA,Play-offs 1/2 Final,MOVISTAR ESTUDIANTES,1,A. GONZÁLEZ PÉREZ,90.409%,49.7854%,True,1,CLOUD.GAL OURENSE BALONCESTO,False
COPA ESPAÑA,Play-offs 1/2 Final,MOVISTAR ESTUDIANTES,24,L. NWOGBO,91.3258%,49.7854%,True,1,CLOUD.GAL OURENSE BALONCESTO,False
COPA ESPAÑA,Play-offs 1/2 Final,MOVISTAR ESTUDIANTES,8,G. FILIPOVIC,31.5938%,26.9724%,False,1,CLOUD.GAL OURENSE BALONCESTO,False
COPA ESPAÑA,Play-offs 1/2 Final,MOVISTAR ESTUDIANTES,29,P. GARINO GULLOTTA,13.1171%,93.395%,False,1,CLOUD.GAL OURENSE BALONCESTO,False
COPA ESPAÑA,Play-offs 1/2 Final,MOVISTAR ESTUDIANTES,51,O. SILVERIO GRULLON,5.35966%,52.8104%,True,1,CLOUD.GAL OURENSE BALONCESTO,False
COPA ESPAÑA,Play-offs 1/2 Final,MOVISTAR ESTUDIANTES,15,T. MC GREW,92.031%,50.0375%,True,1,CLOUD.GAL OURENSE BALONCESTO,False
COPA ESPAÑA,Play-offs 1/2 Final,MOVISTAR ESTUDIANTES,9,S. SALIN,31.5233%,20.2923%,False,1,CLOUD.GAL OURENSE BALONCESTO,False
COPA ESPAÑA,Play-offs 1/4 Final,MOVISTAR ESTUDIANTES,29,P. GARINO GULLOTTA,29.7602%,81.2952%,False,1,GRUPO URETA TIZONA BURGOS,True
COPA ESPAÑA,Play-offs 1/4 Final,MOVISTAR ESTUDIANTES,6,L. GIOVANNETTI,12.976%,47.1386%,False,1,GRUPO URETA TIZONA BURGOS,True
COPA ESPAÑA,Play-offs 1/4 Final,MOVISTAR ESTUDIANTES,8,G. FILIPOVIC,9.80254%,48.1469%,False,1,GRUPO URETA TIZONA BURGOS,True
COPA ESPAÑA,Play-offs 1/4 Final,MOVISTAR ESTUDIANTES,29,P. GARINO GULLOTTA,12.3413%,47.8948%,True,1,GRUPO URETA TIZONA BURGOS,True
COPA ESPAÑA,Play-offs 1/4 Final,MOVISTAR ESTUDIANTES,29,P. GARINO GULLOTTA,7.05219%,47.0126%,False,1,GRUPO URETA TIZONA BURGOS,True
COPA ESPAÑA,Play-offs 1/4 Final,MOVISTAR ESTUDIANTES,1,A. GONZÁLEZ PÉREZ,12.6939%,48.6511%,True,1,GRUPO URETA TIZONA BURGOS,True
COPA ESPAÑA,Play-offs 1/4 Final,MOVISTAR ESTUDIANTES,19,H. LOPEZ BARRANTES,9.37941%,49.2813%,True,1,GRUPO URETA TIZONA BURGOS,True
COPA ESPAÑA,Play-offs 1/4 Final,MOVISTAR ESTUDIANTES,6,L. GIOVANNETTI,8.67419%,47.1386%,True,1,GRUPO URETA TIZONA BURGOS,True
COPA ESPAÑA,Play-offs 1/4 Final,MOVISTAR ESTUDIANTES,29,P. GARINO GULLOTTA,11.0719%,45.8782%,False,1,GRUPO URETA TIZONA BURGOS,True
COPA ESPAÑA,Play-offs 1/4 Final,MOVISTAR ESTUDIANTES,22,J. VAULET,17.6305%,48.9032%,False,1,GRUPO URETA TIZONA BURGOS,True
COPA ESPAÑA,Play-offs 1/4 Final,MOVISTAR ESTUDIANTES,9,S. SALIN,71.086%,15.6288%,True,1,GRUPO URETA TIZONA BURGOS,True
COPA ESPAÑA,Play-offs 1/4 Final,MOVISTAR ESTUDIANTES,6,L. GIOVANNETTI,32.6516%,17.8975%,True,1,GRUPO URETA TIZONA BURGOS,True
COPA ESPAÑA,Play-offs 1/4 Final,MOVISTAR ESTUDIANTES,1,A. GONZÁLEZ PÉREZ,11.5656%,47.0126%,False,1,GRUPO URETA TIZONA BURGOS,True
COPA ESPAÑA,Play-offs 1/4 Final,MOVISTAR ESTUDIANTES,6,L. GIOVANNETTI,17.3484%,3.52909%,False,1,GRUPO URETA TIZONA BURGOS,True
COPA ESPAÑA,Play-offs 1/4 Final,MOVISTAR ESTUDIANTES,11,J. GRANGER,78.6319%,21.5527%,False,1,GRUPO URETA TIZONA BURGOS,True
COPA ESPAÑA,Play-offs 1/4 Final,MOVISTAR ESTUDIANTES,24,L. NWOGBO,93.3004%,51.4239%,True,1,GRUPO URETA TIZONA BURGOS,True
COPA ESPAÑA,Play-offs 1/4 Final,MOVISTAR ESTUDIANTES,8,G. FILIPOVIC,36.5303%,52.0541%,False,1,GRUPO URETA TIZONA BURGOS,True
COPA ESPAÑA,Play-offs 1/4 Final,MOVISTAR ESTUDIANTES,22,J. VAULET,71.2976%,23.8214%,False,1,GRUPO URETA TIZONA BURGOS,True
COPA ESPAÑA,Play-offs 1/4 Final,MOVISTAR ESTUDIANTES,6,L. GIOVANNETTI,91.5374%,91.7564%,False,1,GRUPO URETA TIZONA BURGOS,True
COPA ESPAÑA,Play-offs 1/4 Final,MOVISTAR ESTUDIANTES,29,P. GARINO GULLOTTA,10.7193%,50.9198%,False,1,GRUPO URETA TIZONA BURGOS,True
COPA ESPAÑA,Play-offs 1/4 Final,MOVISTAR ESTUDIANTES,22,J. VAULET,95.2045%,50.2896%,True,1,GRUPO URETA TIZONA BURGOS,True
COPA ESPAÑA,Play-offs 1/4 Final,MOVISTAR ESTUDIANTES,29,P. GARINO GULLOTTA,91.1848%,51.676%,True,1,GRUPO URETA TIZONA BURGOS,True
COPA ESPAÑA,Play-offs 1/4 Final,MOVISTAR ESTUDIANTES,22,J. VAULET,7.75741%,48.7771%,True,1,GRUPO URETA TIZONA BURGOS,True
COPA ESPAÑA,Play-offs 1/4 Final,MOVISTAR ESTUDIANTES,24,L. NWOGBO,93.653%,47.2647%,True,1,GRUPO URETA TIZONA BURGOS,True
COPA ESPAÑA,Play-offs 1/4 Final,MOVISTAR ESTUDIANTES,10,S. GARCIA CALVO,68.1241%,76.0016%,False,1,GRUPO URETA TIZONA BURGOS,True
COPA ESPAÑA,Play-offs 1/4 Final,MOVISTAR ESTUDIANTES,1,A. GONZÁLEZ PÉREZ,92.5952%,50.4156%,True,1,GRUPO URETA TIZONA BURGOS,True
COPA ESPAÑA,Play-offs 1/4 Final,MOVISTAR ESTUDIANTES,8,G. FILIPOVIC,14.7391%,6.68007%,True,1,GRUPO URETA TIZONA BURGOS,True
COPA ESPAÑA,Play-offs 1/4 Final,MOVISTAR ESTUDIANTES,29,P. GARINO GULLOTTA,69.7461%,77.388%,True,1,GRUPO URETA TIZONA BURGOS,True
COPA ESPAÑA,Play-offs 1/4 Final,MOVISTAR ESTUDIANTES,15,T. MC GREW,33.3568%,75.6234%,True,1,GRUPO URETA TIZONA BURGOS,True
COPA ESPAÑA,Play-offs 1/4 Final,MOVISTAR ESTUDIANTES,10,S. GARCIA CALVO,65.7264%,50.0375%,False,1,GRUPO URETA TIZONA BURGOS,True
COPA ESPAÑA,Play-offs 1/4 Final,MOVISTAR ESTUDIANTES,22,J. VAULET,90.3385%,56.7176%,True,1,GRUPO URETA TIZONA BURGOS,True
COPA ESPAÑA,Play-offs 1/4 Final,MOVISTAR ESTUDIANTES,9,S. SALIN,68.1241%,67.0528%,False,1,GRUPO URETA TIZONA BURGOS,True
COPA ESPAÑA,Play-offs 1/4 Final,MOVISTAR ESTUDIANTES,19,H. LOPEZ BARRANTES,11.1425%,52.5583%,False,1,GRUPO URETA TIZONA BURGOS,True
COPA ESPAÑA,Play-offs 1/4 Final,MOVISTAR ESTUDIANTES,29,P. GARINO GULLOTTA,92.4542%,51.0458%,True,1,GRUPO URETA TIZONA BURGOS,True
COPA ESPAÑA,Play-offs 1/4 Final,MOVISTAR ESTUDIANTES,10,S. GARCIA CALVO,11.0719%,46.7605%,True,1,GRUPO URETA TIZONA BURGOS,True
COPA ESPAÑA,Play-offs 1/4 Final,MOVISTAR ESTUDIANTES,10,S. GARCIA CALVO,35.3315%,65.5403%,False,1,GRUPO URETA TIZONA BURGOS,True
COPA ESPAÑA,Play-offs 1/4 Final,MOVISTAR ESTUDIANTES,22,J. VAULET,93.512%,50.5417%,True,1,GRUPO URETA TIZONA BURGOS,True
COPA ESPAÑA,Play-offs 1/4 Final,MOVISTAR ESTUDIANTES,51,O. SILVERIO GRULLON,66.5726%,63.5237%,False,1,GRUPO URETA TIZONA BURGOS,True
COPA ESPAÑA,Play-offs 1/4 Final,MOVISTAR ESTUDIANTES,22,J. VAULET,13.1876%,48.525%,True,1,GRUPO URETA TIZONA BURGOS,True
COPA ESPAÑA,Play-offs 1/4 Final,MOVISTAR ESTUDIANTES,51,O. SILVERIO GRULLON,91.1848%,51.676%,False,1,GRUPO URETA TIZONA BURGOS,True
COPA ESPAÑA,Play-offs 1/4 Final,MOVISTAR ESTUDIANTES,10,S. GARCIA CALVO,35.6841%,46.2563%,False,1,GRUPO URETA TIZONA BURGOS,True
COPA ESPAÑA,Play-offs 1/4 Final,MOVISTAR ESTUDIANTES,51,O. SILVERIO GRULLON,73.2722%,13.8643%,True,1,GRUPO URETA TIZONA BURGOS,True
COPA ESPAÑA,Play-offs 1/4 Final,MOVISTAR ESTUDIANTES,9,S. SALIN,68.9704%,25.2078%,False,1,GRUPO URETA TIZONA BURGOS,True
COPA ESPAÑA,Play-offs 1/4 Final,MOVISTAR ESTUDIANTES,29,P. GARINO GULLOTTA,82.8632%,30.5015%,False,1,GRUPO URETA TIZONA BURGOS,True
COPA ESPAÑA,Play-offs 1/4 Final,MOVISTAR ESTUDIANTES,24,L. NWOGBO,8.95628%,45.5001%,False,1,GRUPO URETA TIZONA BURGOS,True
COPA ESPAÑA,Play-offs 1/4 Final,MOVISTAR ESTUDIANTES,22,J. VAULET,91.0437%,48.399%,True,1,GRUPO URETA TIZONA BURGOS,True
COPA ESPAÑA,Play-offs 1/4 Final,MOVISTAR ESTUDIANTES,19,H. LOPEZ BARRANTES,9.73202%,50.6677%,True,1,GRUPO URETA TIZONA BURGOS,True
COPA ESPAÑA,Play-offs 1/4 Final,MOVISTAR ESTUDIANTES,10,S. GARCIA CALVO,8.67419%,47.5167%,True,1,GRUPO URETA TIZONA BURGOS,True
COPA ESPAÑA,Play-offs 1/4 Final,MOVISTAR ESTUDIANTES,51,O. SILVERIO GRULLON,31.1001%,73.2287%,False,1,GRUPO URETA TIZONA BURGOS,True
COPA ESPAÑA,Play-offs 1/4 Final,MOVISTAR ESTUDIANTES,24,L. NWOGBO,91.1848%,49.5334%,True,1,GRUPO URETA TIZONA BURGOS,True
COPA ESPAÑA,Play-offs 1/4 Final,MOVISTAR ESTUDIANTES,9,S. SALIN,90.5501%,50.0375%,True,1,GRUPO URETA TIZONA BURGOS,True
COPA ESPAÑA,Play-offs 1/4 Final,MOVISTAR ESTUDIANTES,22,J. VAULET,95.275%,49.0292%,True,1,GRUPO URETA TIZONA BURGOS,True
COPA ESPAÑA,Play-offs 1/4 Final,MOVISTAR ESTUDIANTES,8,G. FILIPOVIC,7.75741%,51.55%,True,1,GRUPO URETA TIZONA BURGOS,True
COPA ESPAÑA,Play-offs 1/4 Final,MOVISTAR ESTUDIANTES,15,T. MC GREW,92.3131%,45.8782%,False,1,GRUPO URETA TIZONA BURGOS,True
COPA ESPAÑA,Play-offs 1/4 Final,MOVISTAR ESTUDIANTES,22,J. VAULET,7.33427%,49.9115%,True,1,GRUPO URETA TIZONA BURGOS,True
COPA ESPAÑA,Play-offs 1/4 Final,MOVISTAR ESTUDIANTES,9,S. SALIN,92.9478%,47.7688%,True,1,GRUPO URETA TIZONA BURGOS,True
COPA ESPAÑA,Play-offs 1/4 Final,MOVISTAR ESTUDIANTES,29,P. GARINO GULLOTTA,76.5867%,50.2896%,False,1,GRUPO URETA TIZONA BURGOS,True
COPA ESPAÑA,Play-offs 1/4 Final,MOVISTAR ESTUDIANTES,29,P. GARINO GULLOTTA,7.89845%,48.1469%,True,1,GRUPO URETA TIZONA BURGOS,True
COPA ESPAÑA,Play-offs 1/4 Final,MOVISTAR ESTUDIANTES,6,L. GIOVANNETTI,33.4274%,22.687%,False,1,GRUPO URETA TIZONA BURGOS,True
COPA ESPAÑA,Play-offs 1/4 Final,MOVISTAR ESTUDIANTES,29,P. GARINO GULLOTTA,89.9154%,94.5293%,True,1,GRUPO URETA TIZONA BURGOS,True
COPA ESPAÑA,Play-offs 1/4 Final,MOVISTAR ESTUDIANTES,10,S. GARCIA CALVO,32.7927%,76.6318%,True,1,GRUPO URETA TIZONA BURGOS,True
COPA ESPAÑA,Play-offs 1/4 Final,GRUPO URETA TIZONA BURGOS,13,R. VILA SOLEY,8.18054%,48.1469%,True,1,MOVISTAR ESTUDIANTES,False
COPA ESPAÑA,Play-offs 1/4 Final,GRUPO URETA TIZONA BURGOS,24,A. HUELVES GARCIA,10.0846%,53.5666%,True,1,MOVISTAR ESTUDIANTES,False
COPA ESPAÑA,Play-offs 1/4 Final,GRUPO URETA TIZONA BURGOS,25,J. ZIDEK,13.8928%,95.0335%,False,1,MOVISTAR ESTUDIANTES,False
COPA ESPAÑA,Play-offs 1/4 Final,GRUPO URETA TIZONA BURGOS,21,G. GIL GARCIA,68.5473%,76.1276%,True,1,MOVISTAR ESTUDIANTES,False
COPA ESPAÑA,Play-offs 1/4 Final,GRUPO URETA TIZONA BURGOS,25,J. ZIDEK,9.30889%,48.525%,True,1,MOVISTAR ESTUDIANTES,False
COPA ESPAÑA,Play-offs 1/4 Final,GRUPO URETA TIZONA BURGOS,55,G. JOFRESA SARRET,66.7137%,78.5223%,True,1,MOVISTAR ESTUDIANTES,False
COPA ESPAÑA,Play-offs 1/4 Final,GRUPO URETA TIZONA BURGOS,21,G. GIL GARCIA,32.9337%,24.0735%,False,1,MOVISTAR ESTUDIANTES,False
COPA ESPAÑA,Play-offs 1/4 Final,GRUPO URETA TIZONA BURGOS,8,F. TERINS,77.0804%,61.8852%,False,1,MOVISTAR ESTUDIANTES,False
COPA ESPAÑA,Play-offs 1/4 Final,GRUPO URETA TIZONA BURGOS,25,J. ZIDEK,81.9464%,81.5473%,False,1,MOVISTAR ESTUDIANTES,False
COPA ESPAÑA,Play-offs 1/4 Final,GRUPO URETA TIZONA BURGOS,60,A. ALONSO RUIZ,91.3258%,94.4033%,False,1,MOVISTAR ESTUDIANTES,False
COPA ESPAÑA,Play-offs 1/4 Final,GRUPO URETA TIZONA BURGOS,10,A. PARRADO CALABRIA,10.1551%,96.0418%,True,1,MOVISTAR ESTUDIANTES,False
COPA ESPAÑA,Play-offs 1/4 Final,GRUPO URETA TIZONA BURGOS,13,R. VILA SOLEY,18.0536%,48.9032%,False,1,MOVISTAR ESTUDIANTES,False
COPA ESPAÑA,Play-offs 1/4 Final,GRUPO URETA TIZONA BURGOS,55,G. JOFRESA SARRET,35.6841%,25.712%,True,1,MOVISTAR ESTUDIANTES,False
COPA ESPAÑA,Play-offs 1/4 Final,GRUPO URETA TIZONA BURGOS,8,F. TERINS,88.2934%,5.7978%,True,1,MOVISTAR ESTUDIANTES,False
COPA ESPAÑA,Play-offs 1/4 Final,GRUPO URETA TIZONA BURGOS,55,G. JOFRESA SARRET,11.0014%,46.5084%,False,1,MOVISTAR ESTUDIANTES,False
COPA ESPAÑA,Play-offs 1/4 Final,GRUPO URETA TIZONA BURGOS,21,G. GIL GARCIA,29.7602%,80.0348%,False,1,MOVISTAR ESTUDIANTES,False
COPA ESPAÑA,Play-offs 1/4 Final,GRUPO URETA TIZONA BURGOS,21,G. GIL GARCIA,71.5797%,16.8892%,False,1,MOVISTAR ESTUDIANTES,False
COPA ESPAÑA,Play-offs 1/4 Final,GRUPO URETA TIZONA BURGOS,13,R. VILA SOLEY,17.1368%,47.1386%,False,1,MOVISTAR ESTUDIANTES,False
COPA ESPAÑA,Play-offs 1/4 Final,GRUPO URETA TIZONA BURGOS,21,G. GIL GARCIA,90.3385%,47.2647%,True,1,MOVISTAR ESTUDIANTES,False
COPA ESPAÑA,Play-offs 1/4 Final,GRUPO URETA TIZONA BURGOS,60,A. ALONSO RUIZ,67.5599%,32.6441%,False,1,MOVISTAR ESTUDIANTES,False
COPA ESPAÑA,Play-offs 1/4 Final,GRUPO URETA TIZONA BURGOS,8,F. TERINS,28.7024%,76.0016%,False,1,MOVISTAR ESTUDIANTES,False
COPA ESPAÑA,Play-offs 1/4 Final,GRUPO URETA TIZONA BURGOS,24,A. HUELVES GARCIA,35.6135%,41.2148%,False,1,MOVISTAR ESTUDIANTES,False
COPA ESPAÑA,Play-offs 1/4 Final,GRUPO URETA TIZONA BURGOS,60,A. ALONSO RUIZ,91.5374%,53.5666%,True,1,MOVISTAR ESTUDIANTES,False
COPA ESPAÑA,Play-offs 1/4 Final,GRUPO URETA TIZONA BURGOS,8,F. TERINS,13.5402%,51.4239%,False,1,MOVISTAR ESTUDIANTES,False
COPA ESPAÑA,Play-offs 1/4 Final,GRUPO URETA TIZONA BURGOS,13,R. VILA SOLEY,94.4993%,50.5417%,True,1,MOVISTAR ESTUDIANTES,False
COPA ESPAÑA,Play-offs 1/4 Final,GRUPO URETA TIZONA BURGOS,5,M. JACKSON,87.3061%,73.8589%,False,1,MOVISTAR ESTUDIANTES,False
COPA ESPAÑA,Play-offs 1/4 Final,GRUPO URETA TIZONA BURGOS,25,J. ZIDEK,34.0621%,67.1788%,True,1,MOVISTAR ESTUDIANTES,False
COPA ESPAÑA,Play-offs 1/4 Final,GRUPO URETA TIZONA BURGOS,31,J. BROWN-FERGUSON,92.9478%,50.4156%,False,1,MOVISTAR ESTUDIANTES,False
COPA ESPAÑA,Play-offs 1/4 Final,GRUPO URETA TIZONA BURGOS,25,J. ZIDEK,12.976%,50.7937%,True,1,MOVISTAR ESTUDIANTES,False
COPA ESPAÑA,Play-offs 1/4 Final,GRUPO URETA TIZONA BURGOS,55,G. JOFRESA SARRET,12.7645%,48.399%,False,1,MOVISTAR ESTUDIANTES,False
COPA ESPAÑA,Play-offs 1/4 Final,GRUPO URETA TIZONA BURGOS,24,A. HUELVES GARCIA,13.0465%,49.0292%,False,1,MOVISTAR ESTUDIANTES,False
COPA ESPAÑA,Play-offs 1/4 Final,GRUPO URETA TIZONA BURGOS,60,A. ALONSO RUIZ,92.8773%,47.3907%,False,1,MOVISTAR ESTUDIANTES,False
COPA ESPAÑA,Play-offs 1/4 Final,GRUPO URETA TIZONA BURGOS,25,J. ZIDEK,19.2525%,65.1622%,False,1,MOVISTAR ESTUDIANTES,False
COPA ESPAÑA,Play-offs 1/4 Final,GRUPO URETA TIZONA BURGOS,21,G. GIL GARCIA,92.5952%,48.6511%,False,1,MOVISTAR ESTUDIANTES,False
COPA ESPAÑA,Play-offs 1/4 Final,GRUPO URETA TIZONA BURGOS,31,J. BROWN-FERGUSON,15.0212%,49.5334%,False,1,MOVISTAR ESTUDIANTES,False
COPA ESPAÑA,Play-offs 1/4 Final,GRUPO URETA TIZONA BURGOS,21,G. GIL GARCIA,94.2172%,49.6594%,True,1,MOVISTAR ESTUDIANTES,False
COPA ESPAÑA,Play-offs 1/4 Final,GRUPO URETA TIZONA BURGOS,25,J. ZIDEK,90.1269%,59.2384%,False,1,MOVISTAR ESTUDIANTES,False
COPA ESPAÑA,Play-offs 1/4 Final,GRUPO URETA TIZONA BURGOS,8,F. TERINS,67.701%,76.7578%,False,1,MOVISTAR ESTUDIANTES,False
COPA ESPAÑA,Play-offs 1/4 Final,GRUPO URETA TIZONA BURGOS,60,A. ALONSO RUIZ,90.0564%,51.55%,False,1,MOVISTAR ESTUDIANTES,False
COPA ESPAÑA,Play-offs 1/4 Final,GRUPO URETA TIZONA BURGOS,25,J. ZIDEK,87.7997%,52.8104%,False,1,MOVISTAR ESTUDIANTES,False
COPA ESPAÑA,Play-offs 1/4 Final,GRUPO URETA TIZONA BURGOS,25,J. ZIDEK,36.2482%,26.3422%,True,1,MOVISTAR ESTUDIANTES,False
COPA ESPAÑA,Play-offs 1/4 Final,GRUPO URETA TIZONA BURGOS,8,F. TERINS,63.1171%,48.399%,False,1,MOVISTAR ESTUDIANTES,False
COPA ESPAÑA,Play-offs 1/4 Final,GRUPO URETA TIZONA BURGOS,21,G. GIL GARCIA,31.1001%,72.3464%,False,1,MOVISTAR ESTUDIANTES,False
COPA ESPAÑA,Play-offs 1/4 Final,GRUPO URETA TIZONA BURGOS,60,A. ALONSO RUIZ,93.3004%,47.2647%,False,1,MOVISTAR ESTUDIANTES,False
COPA ESPAÑA,Play-offs 1/4 Final,GRUPO URETA TIZONA BURGOS,8,F. TERINS,33.5684%,79.5307%,False,1,MOVISTAR ESTUDIANTES,False
COPA ESPAÑA,Play-offs 1/4 Final,GRUPO URETA TIZONA BURGOS,21,G. GIL GARCIA,21.7207%,90.8742%,False,1,MOVISTAR ESTUDIANTES,False
COPA ESPAÑA,Play-offs 1/4 Final,GRUPO URETA TIZONA BURGOS,24,A. HUELVES GARCIA,82.6516%,34.5347%,True,1,MOVISTAR ESTUDIANTES,False
COPA ESPAÑA,Play-offs 1/4 Final,GRUPO URETA TIZONA BURGOS,5,M. JACKSON,38.787%,42.0971%,True,1,MOVISTAR ESTUDIANTES,False
COPA ESPAÑA,Play-offs 1/4 Final,GRUPO URETA TIZONA BURGOS,21,G. GIL GARCIA,30.6065%,19.9142%,False,1,MOVISTAR ESTUDIANTES,False
COPA ESPAÑA,Play-offs 1/4 Final,GRUPO URETA TIZONA BURGOS,5,M. JACKSON,14.1749%,7.81442%,False,1,MOVISTAR ESTUDIANTES,False
COPA ESPAÑA,Play-offs 1/4 Final,GRUPO URETA TIZONA BURGOS,5,M. JACKSON,72.7786%,87.093%,True,1,MOVISTAR ESTUDIANTES,False
COPA ESPAÑA,Play-offs 1/4 Final,GRUPO URETA TIZONA BURGOS,10,A. PARRADO CALABRIA,66.22%,47.7688%,False,1,MOVISTAR ESTUDIANTES,False
COPA ESPAÑA,Play-offs 1/4 Final,GRUPO URETA TIZONA BURGOS,8,F. TERINS,67.701%,23.1912%,False,1,MOVISTAR ESTUDIANTES,False
COPA ESPAÑA,Play-offs 1/4 Final,GRUPO URETA TIZONA BURGOS,55,G. JOFRESA SARRET,35.7546%,49.4073%,False,1,MOVISTAR ESTUDIANTES,False
COPA ESPAÑA,Play-offs 1/4 Final,GRUPO URETA TIZONA BURGOS,13,R. VILA SOLEY,89.6333%,50.4156%,True,1,MOVISTAR ESTUDIANTES,False
COPA ESPAÑA,Play-offs 1/4 Final,GRUPO URETA TIZONA BURGOS,25,J. ZIDEK,11.9182%,76.1276%,False,1,MOVISTAR ESTUDIANTES,False
COPA ESPAÑA,Play-offs 1/4 Final,GRUPO URETA TIZONA BURGOS,5,M. JACKSON,72.6375%,17.7715%,False,1,MOVISTAR ESTUDIANTES,False
COPA ESPAÑA,Play-offs 1/4 Final,GRUPO URETA TIZONA BURGOS,25,J. ZIDEK,26.3752%,53.5666%,False,1,MOVISTAR ESTUDIANTES,False
COPA ESPAÑA,Play-offs 1/4 Final,GRUPO URETA TIZONA BURGOS,13,R. VILA SOLEY,9.80254%,49.4073%,True,1,MOVISTAR ESTUDIANTES,False
COPA ESPAÑA,Play-offs 1/4 Final,GRUPO URETA TIZONA BURGOS,31,J. BROWN-FERGUSON,94.6403%,47.5167%,True,1,MOVISTAR ESTUDIANTES,False
COPA ESPAÑA,Play-offs 1/4 Final,GRUPO URETA TIZONA BURGOS,13,R. VILA SOLEY,17.842%,53.4406%,False,1,MOVISTAR ESTUDIANTES,False
COPA ESPAÑA,Play-offs 1/4 Final,GRUPO URETA TIZONA BURGOS,25,J. ZIDEK,90.3385%,50.2896%,True,1,MOVISTAR ESTUDIANTES,False
COPA ESPAÑA,Play-offs 1/4 Final,GRUPO URETA TIZONA BURGOS,31,J. BROWN-FERGUSON,13.5402%,51.4239%,True,1,MOVISTAR ESTUDIANTES,False
COPA ESPAÑA,Play-offs 1/4 Final,SÚPER AGROPAL PALENCIA,2,A. WINTERING,30.6065%,19.0319%,True,1,MONBUS OBRADOIRO,True
COPA ESPAÑA,Play-offs 1/4 Final,SÚPER AGROPAL PALENCIA,2,A. WINTERING,86.7419%,52.6843%,False,1,MONBUS OBRADOIRO,True
COPA ESPAÑA,Play-offs 1/4 Final,SÚPER AGROPAL PALENCIA,2,A. WINTERING,17.5599%,27.9807%,True,1,MONBUS OBRADOIRO,True
COPA ESPAÑA,Play-offs 1/4 Final,SÚPER AGROPAL PALENCIA,9,M. KAMBA,29.9718%,79.9088%,True,1,MONBUS OBRADOIRO,True
COPA ESPAÑA,Play-offs 1/4 Final,SÚPER AGROPAL PALENCIA,17,M. ARMUS,11.5656%,51.4239%,True,1,MONBUS OBRADOIRO,True
COPA ESPAÑA,Play-offs 1/4 Final,SÚPER AGROPAL PALENCIA,17,M. ARMUS,67.7715%,49.0292%,True,1,MONBUS OBRADOIRO,True
COPA ESPAÑA,Play-offs 1/4 Final,SÚPER AGROPAL PALENCIA,31,S. UGOCHUKWU,6.41749%,70.3298%,False,1,MONBUS OBRADOIRO,True
COPA ESPAÑA,Play-offs 1/4 Final,SÚPER AGROPAL PALENCIA,8,I. JAKOVICS,90.3385%,50.2896%,True,1,MONBUS OBRADOIRO,True
COPA ESPAÑA,Play-offs 1/4 Final,SÚPER AGROPAL PALENCIA,35,A. MUÑOZ BORCHERS,67.4894%,17.7715%,False,1,MONBUS OBRADOIRO,True
COPA ESPAÑA,Play-offs 1/4 Final,SÚPER AGROPAL PALENCIA,17,M. ARMUS,87.4471%,55.8353%,False,1,MONBUS OBRADOIRO,True
COPA ESPAÑA,Play-offs 1/4 Final,SÚPER AGROPAL PALENCIA,31,S. UGOCHUKWU,12.3413%,51.2979%,True,1,MONBUS OBRADOIRO,True
COPA ESPAÑA,Play-offs 1/4 Final,SÚPER AGROPAL PALENCIA,6,T. BORG,91.3963%,59.8686%,True,1,MONBUS OBRADOIRO,True
COPA ESPAÑA,Play-offs 1/4 Final,SÚPER AGROPAL PALENCIA,8,I. JAKOVICS,27.6446%,84.1941%,False,1,MONBUS OBRADOIRO,True
COPA ESPAÑA,Play-offs 1/4 Final,SÚPER AGROPAL PALENCIA,8,I. JAKOVICS,29.6897%,16.5111%,True,1,MONBUS OBRADOIRO,True
COPA ESPAÑA,Play-offs 1/4 Final,SÚPER AGROPAL PALENCIA,9,M. KAMBA,32.5106%,48.273%,False,1,MONBUS OBRADOIRO,True
COPA ESPAÑA,Play-offs 1/4 Final,SÚPER AGROPAL PALENCIA,8,I. JAKOVICS,65.9379%,79.2786%,True,1,MONBUS OBRADOIRO,True
COPA ESPAÑA,Play-offs 1/4 Final,SÚPER AGROPAL PALENCIA,6,T. BORG,8.32158%,59.1123%,True,1,MONBUS OBRADOIRO,True
COPA ESPAÑA,Play-offs 1/4 Final,SÚPER AGROPAL PALENCIA,8,I. JAKOVICS,27.9972%,82.1775%,False,1,MONBUS OBRADOIRO,True
COPA ESPAÑA,Play-offs 1/4 Final,SÚPER AGROPAL PALENCIA,31,S. UGOCHUKWU,11.7066%,49.2813%,True,1,MONBUS OBRADOIRO,True
COPA ESPAÑA,Play-offs 1/4 Final,SÚPER AGROPAL PALENCIA,2,A. WINTERING,9.52045%,76.3797%,False,1,MONBUS OBRADOIRO,True
COPA ESPAÑA,Play-offs 1/4 Final,SÚPER AGROPAL PALENCIA,2,A. WINTERING,85.6135%,56.4655%,False,1,MONBUS OBRADOIRO,True
COPA ESPAÑA,Play-offs 1/4 Final,SÚPER AGROPAL PALENCIA,13,J. VRANKIC,8.32158%,61.5071%,False,1,MONBUS OBRADOIRO,True
COPA ESPAÑA,Play-offs 1/4 Final,SÚPER AGROPAL PALENCIA,2,A. WINTERING,6.98166%,65.6664%,False,1,MONBUS OBRADOIRO,True
COPA ESPAÑA,Play-offs 1/4 Final,SÚPER AGROPAL PALENCIA,6,T. BORG,32.299%,22.687%,False,1,MONBUS OBRADOIRO,True
COPA ESPAÑA,Play-offs 1/4 Final,SÚPER AGROPAL PALENCIA,2,A. WINTERING,28.4908%,81.4212%,True,1,MONBUS OBRADOIRO,True
COPA ESPAÑA,Play-offs 1/4 Final,SÚPER AGROPAL PALENCIA,6,T. BORG,83.0748%,25.2078%,False,1,MONBUS OBRADOIRO,True
COPA ESPAÑA,Play-offs 1/4 Final,SÚPER AGROPAL PALENCIA,35,A. MUÑOZ BORCHERS,63.5402%,53.8187%,False,1,MONBUS OBRADOIRO,True
COPA ESPAÑA,Play-offs 1/4 Final,SÚPER AGROPAL PALENCIA,8,I. JAKOVICS,28.8434%,16.133%,True,1,MONBUS OBRADOIRO,True
COPA ESPAÑA,Play-offs 1/4 Final,SÚPER AGROPAL PALENCIA,8,I. JAKOVICS,65.0917%,73.4808%,True,1,MONBUS OBRADOIRO,True
COPA ESPAÑA,Play-offs 1/4 Final,SÚPER AGROPAL PALENCIA,6,T. BORG,77.1509%,33.2743%,True,1,MONBUS OBRADOIRO,True
COPA ESPAÑA,Play-offs 1/4 Final,SÚPER AGROPAL PALENCIA,13,J. VRANKIC,28.1382%,83.6899%,False,1,MONBUS OBRADOIRO,True
COPA ESPAÑA,Play-offs 1/4 Final,SÚPER AGROPAL PALENCIA,2,A. WINTERING,80.8886%,39.3242%,False,1,MONBUS OBRADOIRO,True
COPA ESPAÑA,Play-offs 1/4 Final,SÚPER AGROPAL PALENCIA,2,A. WINTERING,18.9704%,52.0541%,False,1,MONBUS OBRADOIRO,True
COPA ESPAÑA,Play-offs 1/4 Final,SÚPER AGROPAL PALENCIA,2,A. WINTERING,67.7715%,49.0292%,False,1,MONBUS OBRADOIRO,True
COPA ESPAÑA,Play-offs 1/4 Final,SÚPER AGROPAL PALENCIA,7,X. OROZ URIA,13.3992%,48.525%,False,1,MONBUS OBRADOIRO,True
COPA ESPAÑA,Play-offs 1/4 Final,SÚPER AGROPAL PALENCIA,9,M. KAMBA,33.4979%,34.5347%,False,1,MONBUS OBRADOIRO,True
COPA ESPAÑA,Play-offs 1/4 Final,SÚPER AGROPAL PALENCIA,13,J. VRANKIC,34.1326%,38.694%,False,1,MONBUS OBRADOIRO,True
COPA ESPAÑA,Play-offs 1/4 Final,SÚPER AGROPAL PALENCIA,7,X. OROZ URIA,73.2017%,10.2092%,False,1,MONBUS OBRADOIRO,True
COPA ESPAÑA,Play-offs 1/4 Final,SÚPER AGROPAL PALENCIA,35,A. MUÑOZ BORCHERS,28.9845%,79.1525%,True,1,MONBUS OBRADOIRO,True
COPA ESPAÑA,Play-offs 1/4 Final,SÚPER AGROPAL PALENCIA,8,I. JAKOVICS,92.031%,58.6082%,True,1,MONBUS OBRADOIRO,True
COPA ESPAÑA,Play-offs 1/4 Final,SÚPER AGROPAL PALENCIA,13,J. VRANKIC,91.6784%,62.3893%,True,1,MONBUS OBRADOIRO,True
COPA ESPAÑA,Play-offs 1/4 Final,SÚPER AGROPAL PALENCIA,17,M. ARMUS,90.0564%,58.4821%,True,1,MONBUS OBRADOIRO,True
COPA ESPAÑA,Play-offs 1/4 Final,SÚPER AGROPAL PALENCIA,6,T. BORG,64.3159%,46.7605%,False,1,MONBUS OBRADOIRO,True
COPA ESPAÑA,Play-offs 1/4 Final,SÚPER AGROPAL PALENCIA,2,A. WINTERING,93.512%,59.7425%,True,1,MONBUS OBRADOIRO,True
COPA ESPAÑA,Play-offs 1/4 Final,SÚPER AGROPAL PALENCIA,17,M. ARMUS,9.94358%,52.5583%,True,1,MONBUS OBRADOIRO,True
COPA ESPAÑA,Play-offs 1/4 Final,SÚPER AGROPAL PALENCIA,8,I. JAKOVICS,12.9055%,42.8533%,False,1,MONBUS OBRADOIRO,True
COPA ESPAÑA,Play-offs 1/4 Final,SÚPER AGROPAL PALENCIA,2,A. WINTERING,76.6573%,7.81442%,False,1,MONBUS OBRADOIRO,True
COPA ESPAÑA,Play-offs 1/4 Final,SÚPER AGROPAL PALENCIA,8,I. JAKOVICS,73.3427%,83.6899%,False,1,MONBUS OBRADOIRO,True
COPA ESPAÑA,Play-offs 1/4 Final,SÚPER AGROPAL PALENCIA,17,M. ARMUS,86.7419%,52.6843%,True,1,MONBUS OBRADOIRO,True
COPA ESPAÑA,Play-offs 1/4 Final,SÚPER AGROPAL PALENCIA,13,J. VRANKIC,11.7772%,48.1469%,False,1,MONBUS OBRADOIRO,True
COPA ESPAÑA,Play-offs 1/4 Final,SÚPER AGROPAL PALENCIA,2,A. WINTERING,79.8308%,60.1206%,False,1,MONBUS OBRADOIRO,True
COPA ESPAÑA,Play-offs 1/4 Final,SÚPER AGROPAL PALENCIA,13,J. VRANKIC,87.9408%,49.0292%,False,1,MONBUS OBRADOIRO,True
COPA ESPAÑA,Play-offs 1/4 Final,SÚPER AGROPAL PALENCIA,31,S. UGOCHUKWU,80.8886%,39.3242%,True,1,MONBUS OBRADOIRO,True
COPA ESPAÑA,Play-offs 1/4 Final,SÚPER AGROPAL PALENCIA,13,J. VRANKIC,13.3992%,51.9281%,True,1,MONBUS OBRADOIRO,True
COPA ESPAÑA,Play-offs 1/4 Final,SÚPER AGROPAL PALENCIA,13,J. VRANKIC,82.7927%,25.2078%,False,1,MONBUS OBRADOIRO,True
COPA ESPAÑA,Play-offs 1/4 Final,MONBUS OBRADOIRO,25,S. QUINTELA SALVADOR,27.574%,83.4379%,False,1,SÚPER AGROPAL PALENCIA,False
COPA ESPAÑA,Play-offs 1/4 Final,MONBUS OBRADOIRO,1,M. SPEIGHT,25.8815%,85.3285%,False,1,SÚPER AGROPAL PALENCIA,False
COPA ESPAÑA,Play-offs 1/4 Final,MONBUS OBRADOIRO,1,M. SPEIGHT,11.7772%,72.4725%,False,1,SÚPER AGROPAL PALENCIA,False
COPA ESPAÑA,Play-offs 1/4 Final,MONBUS OBRADOIRO,28,A. BARCELLO,77.8561%,53.0624%,False,1,SÚPER AGROPAL PALENCIA,False
COPA ESPAÑA,Play-offs 1/4 Final,MONBUS OBRADOIRO,28,A. BARCELLO,10.7898%,30.7535%,False,1,SÚPER AGROPAL PALENCIA,False
COPA ESPAÑA,Play-offs 1/4 Final,MONBUS OBRADOIRO,5,R. ANDERSSON,24.6121%,10.4612%,False,1,SÚPER AGROPAL PALENCIA,False
COPA ESPAÑA,Play-offs 1/4 Final,MONBUS OBRADOIRO,57,A. GALAN POZO,86.3893%,60.2467%,False,1,SÚPER AGROPAL PALENCIA,False
COPA ESPAÑA,Play-offs 1/4 Final,MONBUS OBRADOIRO,25,S. QUINTELA SALVADOR,91.1142%,64.406%,False,1,SÚPER AGROPAL PALENCIA,False
COPA ESPAÑA,Play-offs 1/4 Final,MONBUS OBRADOIRO,28,A. BARCELLO,11.1425%,56.0874%,True,1,SÚPER AGROPAL PALENCIA,False
COPA ESPAÑA,Play-offs 1/4 Final,MONBUS OBRADOIRO,57,A. GALAN POZO,92.031%,61.0029%,False,1,SÚPER AGROPAL PALENCIA,False
COPA ESPAÑA,Play-offs 1/4 Final,MONBUS OBRADOIRO,5,R. ANDERSSON,34.2736%,16.133%,True,1,SÚPER AGROPAL PALENCIA,False
COPA ESPAÑA,Play-offs 1/4 Final,MONBUS OBRADOIRO,28,A. BARCELLO,87.2355%,66.0445%,False,1,SÚPER AGROPAL PALENCIA,False
COPA ESPAÑA,Play-offs 1/4 Final,MONBUS OBRADOIRO,25,S. QUINTELA SALVADOR,69.8166%,70.5819%,False,1,SÚPER AGROPAL PALENCIA,False
COPA ESPAÑA,Play-offs 1/4 Final,MONBUS OBRADOIRO,25,S. QUINTELA SALVADOR,14.0339%,65.9184%,False,1,SÚPER AGROPAL PALENCIA,False
COPA ESPAÑA,Play-offs 1/4 Final,MONBUS OBRADOIRO,28,A. BARCELLO,31.5233%,63.9018%,False,1,SÚPER AGROPAL PALENCIA,False
COPA ESPAÑA,Play-offs 1/4 Final,MONBUS OBRADOIRO,57,A. GALAN POZO,90.9027%,58.6082%,False,1,SÚPER AGROPAL PALENCIA,False
COPA ESPAÑA,Play-offs 1/4 Final,MONBUS OBRADOIRO,7,F. DOS ANJOS DE PAULA,84.1326%,40.4585%,False,1,SÚPER AGROPAL PALENCIA,False
COPA ESPAÑA,Play-offs 1/4 Final,MONBUS OBRADOIRO,1,M. SPEIGHT,87.4471%,61.7591%,False,1,SÚPER AGROPAL PALENCIA,False
COPA ESPAÑA,Play-offs 1/4 Final,MONBUS OBRADOIRO,25,S. QUINTELA SALVADOR,91.1142%,64.406%,False,1,SÚPER AGROPAL PALENCIA,False
COPA ESPAÑA,Play-offs 1/4 Final,MONBUS OBRADOIRO,28,A. BARCELLO,90.1975%,61.7591%,True,1,SÚPER AGROPAL PALENCIA,False
COPA ESPAÑA,Play-offs 1/4 Final,MONBUS OBRADOIRO,1,M. SPEIGHT,32.3695%,22.0568%,False,1,SÚPER AGROPAL PALENCIA,False
COPA ESPAÑA,Play-offs 1/4 Final,MONBUS OBRADOIRO,25,S. QUINTELA SALVADOR,27.8561%,17.7715%,False,1,SÚPER AGROPAL PALENCIA,False
COPA ESPAÑA,Play-offs 1/4 Final,MONBUS OBRADOIRO,25,S. QUINTELA SALVADOR,88.646%,49.5334%,True,1,SÚPER AGROPAL PALENCIA,False
COPA ESPAÑA,Play-offs 1/4 Final,MONBUS OBRADOIRO,28,A. BARCELLO,62.2003%,50.2896%,False,1,SÚPER AGROPAL PALENCIA,False
COPA ESPAÑA,Play-offs 1/4 Final,MONBUS OBRADOIRO,24,D. DE SOUSA ANJO BRITO,11.0014%,54.827%,True,1,SÚPER AGROPAL PALENCIA,False
COPA ESPAÑA,Play-offs 1/4 Final,MONBUS OBRADOIRO,23,Y. BARRUETA,63.0465%,59.7425%,True,1,SÚPER AGROPAL PALENCIA,False
COPA ESPAÑA,Play-offs 1/4 Final,MONBUS OBRADOIRO,1,M. SPEIGHT,81.1001%,65.1622%,False,1,SÚPER AGROPAL PALENCIA,False
COPA ESPAÑA,Play-offs 1/4 Final,MONBUS OBRADOIRO,1,M. SPEIGHT,91.1142%,64.406%,False,1,SÚPER AGROPAL PALENCIA,False
COPA ESPAÑA,Play-offs 1/4 Final,MONBUS OBRADOIRO,57,A. GALAN POZO,71.8618%,81.2952%,False,1,SÚPER AGROPAL PALENCIA,False
COPA ESPAÑA,Play-offs 1/4 Final,MONBUS OBRADOIRO,11,D. KRAVIC,6.41749%,60.3727%,False,1,SÚPER AGROPAL PALENCIA,False
COPA ESPAÑA,Play-offs 1/4 Final,MONBUS OBRADOIRO,28,A. BARCELLO,87.4471%,61.7591%,False,1,SÚPER AGROPAL PALENCIA,False
COPA ESPAÑA,Play-offs 1/4 Final,MONBUS OBRADOIRO,57,A. GALAN POZO,88.9986%,72.4725%,False,1,SÚPER AGROPAL PALENCIA,False
COPA ESPAÑA,Play-offs 1/4 Final,MONBUS OBRADOIRO,25,S. QUINTELA SALVADOR,28.3498%,79.0265%,False,1,SÚPER AGROPAL PALENCIA,False
COPA ESPAÑA,Play-offs 1/4 Final,MONBUS OBRADOIRO,57,A. GALAN POZO,13.6107%,28.1067%,True,1,SÚPER AGROPAL PALENCIA,False
COPA ESPAÑA,Play-offs 1/4 Final,MONBUS OBRADOIRO,57,A. GALAN POZO,80.1128%,5.54572%,False,1,SÚPER AGROPAL PALENCIA,False
COPA ESPAÑA,Play-offs 1/4 Final,MONBUS OBRADOIRO,24,D. DE SOUSA ANJO BRITO,34.4147%,62.8935%,False,1,SÚPER AGROPAL PALENCIA,False
COPA ESPAÑA,Play-offs 1/4 Final,MONBUS OBRADOIRO,57,A. GALAN POZO,90.9027%,58.6082%,False,1,SÚPER AGROPAL PALENCIA,False
COPA ESPAÑA,Play-offs 1/4 Final,MONBUS OBRADOIRO,24,D. DE SOUSA ANJO BRITO,67.9831%,18.2757%,False,1,SÚPER AGROPAL PALENCIA,False
COPA ESPAÑA,Play-offs 1/4 Final,MONBUS OBRADOIRO,24,D. DE SOUSA ANJO BRITO,8.53315%,44.6178%,True,1,SÚPER AGROPAL PALENCIA,False
COPA ESPAÑA,Play-offs 1/4 Final,MONBUS OBRADOIRO,24,D. DE SOUSA ANJO BRITO,34.4147%,15.3768%,False,1,SÚPER AGROPAL PALENCIA,False
COPA ESPAÑA,Play-offs 1/4 Final,MONBUS OBRADOIRO,9,L. WESTERMANN,69.8166%,70.5819%,False,1,SÚPER AGROPAL PALENCIA,False
COPA ESPAÑA,Play-offs 1/4 Final,MONBUS OBRADOIRO,23,Y. BARRUETA,77.7151%,7.68838%,True,1,SÚPER AGROPAL PALENCIA,False
COPA ESPAÑA,Play-offs 1/4 Final,MONBUS OBRADOIRO,5,R. ANDERSSON,23.6953%,10.5873%,True,1,SÚPER AGROPAL PALENCIA,False
COPA ESPAÑA,Play-offs 1/4 Final,MONBUS OBRADOIRO,1,M. SPEIGHT,66.5726%,73.1027%,True,1,SÚPER AGROPAL PALENCIA,False
COPA ESPAÑA,Play-offs 1/4 Final,MONBUS OBRADOIRO,25,S. QUINTELA SALVADOR,89.9154%,59.7425%,True,1,SÚPER AGROPAL PALENCIA,False
COPA ESPAÑA,Play-offs 1/4 Final,MONBUS OBRADOIRO,25,S. QUINTELA SALVADOR,12.2003%,54.953%,True,1,SÚPER AGROPAL PALENCIA,False
COPA ESPAÑA,Play-offs 1/4 Final,MONBUS OBRADOIRO,1,M. SPEIGHT,32.5811%,18.7798%,True,1,SÚPER AGROPAL PALENCIA,False
COPA ESPAÑA,Play-offs 1/4 Final,MONBUS OBRADOIRO,23,Y. BARRUETA,29.3371%,17.3934%,False,1,SÚPER AGROPAL PALENCIA,False
COPA ESPAÑA,Play-offs 1/4 Final,MONBUS OBRADOIRO,1,M. SPEIGHT,90.409%,58.2301%,True,1,SÚPER AGROPAL PALENCIA,False
COPA ESPAÑA,Play-offs 1/4 Final,MONBUS OBRADOIRO,23,Y. BARRUETA,28.2087%,81.9254%,True,1,SÚPER AGROPAL PALENCIA,False
COPA ESPAÑA,Play-offs 1/4 Final,MONBUS OBRADOIRO,24,D. DE SOUSA ANJO BRITO,65.7969%,29.3671%,False,1,SÚPER AGROPAL PALENCIA,False
COPA ESPAÑA,Play-offs 1/4 Final,MONBUS OBRADOIRO,9,L. WESTERMANN,63.5402%,45.3741%,False,1,SÚPER AGROPAL PALENCIA,False
COPA ESPAÑA,Play-offs 1/4 Final,MONBUS OBRADOIRO,5,R. ANDERSSON,82.4401%,50.7937%,False,1,SÚPER AGROPAL PALENCIA,False
COPA ESPAÑA,Play-offs 1/4 Final,MONBUS OBRADOIRO,23,Y. BARRUETA,31.8054%,72.5985%,False,1,SÚPER AGROPAL PALENCIA,False
COPA ESPAÑA,Play-offs 1/4 Final,MONBUS OBRADOIRO,28,A. BARCELLO,87.2355%,66.0445%,False,1,SÚPER AGROPAL PALENCIA,False
COPA ESPAÑA,Play-offs 1/4 Final,MONBUS OBRADOIRO,23,Y. BARRUETA,70.3808%,79.1525%,True,1,SÚPER AGROPAL PALENCIA,False
COPA ESPAÑA,Play-offs 1/4 Final,MONBUS OBRADOIRO,1,M. SPEIGHT,65.5148%,30.1233%,True,1,SÚPER AGROPAL PALENCIA,False
COPA ESPAÑA,Play-offs 1/4 Final,MONBUS OBRADOIRO,5,R. ANDERSSON,28.3498%,80.2869%,True,1,SÚPER AGROPAL PALENCIA,False
COPA ESPAÑA,Play-offs 1/4 Final,MONBUS OBRADOIRO,57,A. GALAN POZO,90.4795%,61.5071%,True,1,SÚPER AGROPAL PALENCIA,False
COPA ESPAÑA,Play-offs 1/4 Final,MONBUS OBRADOIRO,5,R. ANDERSSON,24.8942%,89.3617%,False,1,SÚPER AGROPAL PALENCIA,False
COPA ESPAÑA,Play-offs 1/4 Final,MONBUS OBRADOIRO,57,A. GALAN POZO,25.2468%,88.7315%,False,1,SÚPER AGROPAL PALENCIA,False
COPA ESPAÑA,Play-offs 1/4 Final,MONBUS OBRADOIRO,25,S. QUINTELA SALVADOR,30.7475%,76.1276%,True,1,SÚPER AGROPAL PALENCIA,False
COPA ESPAÑA,Play-offs 1/4 Final,MONBUS OBRADOIRO,7,F. DOS ANJOS DE PAULA,83.2158%,49.4073%,False,1,SÚPER AGROPAL PALENCIA,False
COPA ESPAÑA,Play-offs 1/4 Final,MONBUS OBRADOIRO,57,A. GALAN POZO,9.37941%,52.4323%,False,1,SÚPER AGROPAL PALENCIA,False
COPA ESPAÑA,Play-offs 1/4 Final,MONBUS OBRADOIRO,24,D. DE SOUSA ANJO BRITO,26.7278%,83.3118%,True,1,SÚPER AGROPAL PALENCIA,False
COPA ESPAÑA,Play-offs 1/4 Final,MONBUS OBRADOIRO,1,M. SPEIGHT,81.1707%,74.4891%,True,1,SÚPER AGROPAL PALENCIA,False
COPA ESPAÑA,Play-offs 1/4 Final,LOGROBASKET LOGI7,17,A. BIRD-JELINEK,70.7334%,80.665%,False,1,CLOUD.GAL OURENSE BALONCESTO,True
COPA ESPAÑA,Play-offs 1/4 Final,LOGROBASKET LOGI7,5,L. OBAJO BELTRAN,11.9182%,52.5583%,False,1,CLOUD.GAL OURENSE BALONCESTO,True
COPA ESPAÑA,Play-offs 1/4 Final,LOGROBASKET LOGI7,17,A. BIRD-JELINEK,64.7391%,67.4309%,False,1,CLOUD.GAL OURENSE BALONCESTO,True
COPA ESPAÑA,Play-offs 1/4 Final,LOGROBASKET LOGI7,10,A. INFANTE GUTIERREZ,68.6178%,73.1027%,False,1,CLOUD.GAL OURENSE BALONCESTO,True
COPA ESPAÑA,Play-offs 1/4 Final,LOGROBASKET LOGI7,77,I. MONTERO MECA,63.3992%,47.6428%,False,1,CLOUD.GAL OURENSE BALONCESTO,True
COPA ESPAÑA,Play-offs 1/4 Final,LOGROBASKET LOGI7,77,I. MONTERO MECA,67.6305%,79.0265%,False,1,CLOUD.GAL OURENSE BALONCESTO,True
COPA ESPAÑA,Play-offs 1/4 Final,LOGROBASKET LOGI7,10,A. INFANTE GUTIERREZ,68.2652%,28.6109%,False,1,CLOUD.GAL OURENSE BALONCESTO,True
COPA ESPAÑA,Play-offs 1/4 Final,LOGROBASKET LOGI7,16,W. NIANG,9.16784%,44.2397%,False,1,CLOUD.GAL OURENSE BALONCESTO,True
COPA ESPAÑA,Play-offs 1/4 Final,LOGROBASKET LOGI7,77,I. MONTERO MECA,33.7094%,64.1539%,True,1,CLOUD.GAL OURENSE BALONCESTO,True
COPA ESPAÑA,Play-offs 1/4 Final,LOGROBASKET LOGI7,2,A. RODRIGUEZ MONTON,66.7842%,78.5223%,False,1,CLOUD.GAL OURENSE BALONCESTO,True
COPA ESPAÑA,Play-offs 1/4 Final,LOGROBASKET LOGI7,10,A. INFANTE GUTIERREZ,91.1142%,51.8021%,False,1,CLOUD.GAL OURENSE BALONCESTO,True
COPA ESPAÑA,Play-offs 1/4 Final,LOGROBASKET LOGI7,77,I. MONTERO MECA,34.9083%,60.8769%,False,1,CLOUD.GAL OURENSE BALONCESTO,True
COPA ESPAÑA,Play-offs 1/4 Final,LOGROBASKET LOGI7,55,P. SALL,13.2581%,49.4073%,True,1,CLOUD.GAL OURENSE BALONCESTO,True
COPA ESPAÑA,Play-offs 1/4 Final,LOGROBASKET LOGI7,16,W. NIANG,7.05219%,36.6774%,True,1,CLOUD.GAL OURENSE BALONCESTO,True
COPA ESPAÑA,Play-offs 1/4 Final,LOGROBASKET LOGI7,7,B. AREVALO SAENZ,9.0268%,42.8533%,False,1,CLOUD.GAL OURENSE BALONCESTO,True
COPA ESPAÑA,Play-offs 1/4 Final,LOGROBASKET LOGI7,55,P. SALL,32.2285%,20.9225%,False,1,CLOUD.GAL OURENSE BALONCESTO,True
COPA ESPAÑA,Play-offs 1/4 Final,LOGROBASKET LOGI7,7,B. AREVALO SAENZ,18.2652%,28.989%,True,1,CLOUD.GAL OURENSE BALONCESTO,True
COPA ESPAÑA,Play-offs 1/4 Final,LOGROBASKET LOGI7,10,A. INFANTE GUTIERREZ,25.1763%,13.6122%,True,1,CLOUD.GAL OURENSE BALONCESTO,True
COPA ESPAÑA,Play-offs 1/4 Final,LOGROBASKET LOGI7,17,A. BIRD-JELINEK,34.8378%,69.1955%,False,1,CLOUD.GAL OURENSE BALONCESTO,True
COPA ESPAÑA,Play-offs 1/4 Final,LOGROBASKET LOGI7,10,A. INFANTE GUTIERREZ,12.9055%,40.3325%,False,1,CLOUD.GAL OURENSE BALONCESTO,True
COPA ESPAÑA,Play-offs 1/4 Final,LOGROBASKET LOGI7,2,A. RODRIGUEZ MONTON,94.4993%,43.1054%,True,1,CLOUD.GAL OURENSE BALONCESTO,True
COPA ESPAÑA,Play-offs 1/4 Final,LOGROBASKET LOGI7,77,I. MONTERO MECA,79.9718%,49.6594%,False,1,CLOUD.GAL OURENSE BALONCESTO,True
COPA ESPAÑA,Play-offs 1/4 Final,LOGROBASKET LOGI7,17,A. BIRD-JELINEK,14.7391%,37.5596%,True,1,CLOUD.GAL OURENSE BALONCESTO,True
COPA ESPAÑA,Play-offs 1/4 Final,LOGROBASKET LOGI7,55,P. SALL,9.09732%,34.4087%,True,1,CLOUD.GAL OURENSE BALONCESTO,True
COPA ESPAÑA,Play-offs 1/4 Final,LOGROBASKET LOGI7,55,P. SALL,6.62906%,33.7785%,True,1,CLOUD.GAL OURENSE BALONCESTO,True
COPA ESPAÑA,Play-offs 1/4 Final,LOGROBASKET LOGI7,5,L. OBAJO BELTRAN,8.11001%,42.9793%,True,1,CLOUD.GAL OURENSE BALONCESTO,True
COPA ESPAÑA,Play-offs 1/4 Final,LOGROBASKET LOGI7,10,A. INFANTE GUTIERREZ,15.3738%,21.1746%,False,1,CLOUD.GAL OURENSE BALONCESTO,True
COPA ESPAÑA,Play-offs 1/4 Final,LOGROBASKET LOGI7,10,A. INFANTE GUTIERREZ,72.6375%,16.133%,True,1,CLOUD.GAL OURENSE BALONCESTO,True
COPA ESPAÑA,Play-offs 1/4 Final,LOGROBASKET LOGI7,16,W. NIANG,36.0367%,38.82%,False,1,CLOUD.GAL OURENSE BALONCESTO,True
COPA ESPAÑA,Play-offs 1/4 Final,LOGROBASKET LOGI7,2,A. RODRIGUEZ MONTON,27.1509%,82.6816%,False,1,CLOUD.GAL OURENSE BALONCESTO,True
COPA ESPAÑA,Play-offs 1/4 Final,LOGROBASKET LOGI7,16,W. NIANG,17.2073%,17.2674%,False,1,CLOUD.GAL OURENSE BALONCESTO,True
COPA ESPAÑA,Play-offs 1/4 Final,LOGROBASKET LOGI7,17,A. BIRD-JELINEK,9.52045%,29.2411%,False,1,CLOUD.GAL OURENSE BALONCESTO,True
COPA ESPAÑA,Play-offs 1/4 Final,LOGROBASKET LOGI7,10,A. INFANTE GUTIERREZ,69.1819%,76.6318%,True,1,CLOUD.GAL OURENSE BALONCESTO,True
COPA ESPAÑA,Play-offs 1/4 Final,LOGROBASKET LOGI7,77,I. MONTERO MECA,90.1975%,50.7937%,True,1,CLOUD.GAL OURENSE BALONCESTO,True
COPA ESPAÑA,Play-offs 1/4 Final,LOGROBASKET LOGI7,77,I. MONTERO MECA,70.8745%,77.7661%,False,1,CLOUD.GAL OURENSE BALONCESTO,True
COPA ESPAÑA,Play-offs 1/4 Final,LOGROBASKET LOGI7,77,I. MONTERO MECA,29.2666%,83.942%,False,1,CLOUD.GAL OURENSE BALONCESTO,True
COPA ESPAÑA,Play-offs 1/4 Final,LOGROBASKET LOGI7,55,P. SALL,87.7292%,19.7881%,True,1,CLOUD.GAL OURENSE BALONCESTO,True
COPA ESPAÑA,Play-offs 1/4 Final,LOGROBASKET LOGI7,5,L. OBAJO BELTRAN,13.6812%,54.3228%,False,1,CLOUD.GAL OURENSE BALONCESTO,True
COPA ESPAÑA,Play-offs 1/4 Final,LOGROBASKET LOGI7,5,L. OBAJO BELTRAN,93.9351%,38.3159%,True,1,CLOUD.GAL OURENSE BALONCESTO,True
COPA ESPAÑA,Play-offs 1/4 Final,LOGROBASKET LOGI7,55,P. SALL,94.7814%,45.122%,True,1,CLOUD.GAL OURENSE BALONCESTO,True
COPA ESPAÑA,Play-offs 1/4 Final,LOGROBASKET LOGI7,2,A. RODRIGUEZ MONTON,21.2976%,43.4835%,True,1,CLOUD.GAL OURENSE BALONCESTO,True
COPA ESPAÑA,Play-offs 1/4 Final,LOGROBASKET LOGI7,10,A. INFANTE GUTIERREZ,36.0367%,47.7688%,True,1,CLOUD.GAL OURENSE BALONCESTO,True
COPA ESPAÑA,Play-offs 1/4 Final,LOGROBASKET LOGI7,17,A. BIRD-JELINEK,63.3286%,43.7356%,False,1,CLOUD.GAL OURENSE BALONCESTO,True
COPA ESPAÑA,Play-offs 1/4 Final,LOGROBASKET LOGI7,10,A. INFANTE GUTIERREZ,66.079%,69.9517%,False,1,CLOUD.GAL OURENSE BALONCESTO,True
COPA ESPAÑA,Play-offs 1/4 Final,LOGROBASKET LOGI7,55,P. SALL,7.89845%,41.0887%,True,1,CLOUD.GAL OURENSE BALONCESTO,True
COPA ESPAÑA,Play-offs 1/4 Final,LOGROBASKET LOGI7,10,A. INFANTE GUTIERREZ,71.2271%,78.2703%,False,1,CLOUD.GAL OURENSE BALONCESTO,True
COPA ESPAÑA,Play-offs 1/4 Final,LOGROBASKET LOGI7,55,P. SALL,5.28914%,52.8104%,True,1,CLOUD.GAL OURENSE BALONCESTO,True
COPA ESPAÑA,Play-offs 1/4 Final,LOGROBASKET LOGI7,16,W. NIANG,34.0621%,48.7771%,False,1,CLOUD.GAL OURENSE BALONCESTO,True
COPA ESPAÑA,Play-offs 1/4 Final,LOGROBASKET LOGI7,7,B. AREVALO SAENZ,10.3667%,41.5929%,False,1,CLOUD.GAL OURENSE BALONCESTO,True
COPA ESPAÑA,Play-offs 1/4 Final,LOGROBASKET LOGI7,77,I. MONTERO MECA,32.299%,79.0265%,False,1,CLOUD.GAL OURENSE BALONCESTO,True
COPA ESPAÑA,Play-offs 1/4 Final,LOGROBASKET LOGI7,10,A. INFANTE GUTIERREZ,36.1072%,23.9474%,False,1,CLOUD.GAL OURENSE BALONCESTO,True
COPA ESPAÑA,Play-offs 1/4 Final,LOGROBASKET LOGI7,5,L. OBAJO BELTRAN,90.8322%,47.8948%,True,1,CLOUD.GAL OURENSE BALONCESTO,True
COPA ESPAÑA,Play-offs 1/4 Final,LOGROBASKET LOGI7,5,L. OBAJO BELTRAN,88.9281%,54.827%,False,1,CLOUD.GAL OURENSE BALONCESTO,True
COPA ESPAÑA,Play-offs 1/4 Final,LOGROBASKET LOGI7,16,W. NIANG,13.1876%,35.7951%,False,1,CLOUD.GAL OURENSE BALONCESTO,True
COPA ESPAÑA,Play-offs 1/4 Final,CLOUD.GAL OURENSE BALONCESTO,9,C. OKANU,10.0846%,40.7106%,True,1,LOGROBASKET LOGI7,False
COPA ESPAÑA,Play-offs 1/4 Final,CLOUD.GAL OURENSE BALONCESTO,23,D. SARAIVA SEIXAS,68.1241%,76.2536%,False,1,LOGROBASKET LOGI7,False
COPA ESPAÑA,Play-offs 1/4 Final,CLOUD.GAL OURENSE BALONCESTO,28,R. DIAS MARQUES LISBOA SANTOS,88.5755%,24.3255%,False,1,LOGROBASKET LOGI7,False
COPA ESPAÑA,Play-offs 1/4 Final,CLOUD.GAL OURENSE BALONCESTO,10,I. VAZQUEZ PEREZ,16.8547%,51.8021%,True,1,LOGROBASKET LOGI7,False
COPA ESPAÑA,Play-offs 1/4 Final,CLOUD.GAL OURENSE BALONCESTO,35,R. GILL,8.18054%,53.4406%,False,1,LOGROBASKET LOGI7,False
COPA ESPAÑA,Play-offs 1/4 Final,CLOUD.GAL OURENSE BALONCESTO,3,K. SMITH,31.5233%,82.4296%,False,1,LOGROBASKET LOGI7,False
COPA ESPAÑA,Play-offs 1/4 Final,CLOUD.GAL OURENSE BALONCESTO,12,S. HUGUET CARRASCO,88.8575%,59.1123%,False,1,LOGROBASKET LOGI7,False
COPA ESPAÑA,Play-offs 1/4 Final,CLOUD.GAL OURENSE BALONCESTO,9,C. OKANU,88.3639%,43.9876%,True,1,LOGROBASKET LOGI7,False
COPA ESPAÑA,Play-offs 1/4 Final,CLOUD.GAL OURENSE BALONCESTO,11,M. FERNANDEZ CARBALLO,9.59097%,22.561%,True,1,LOGROBASKET LOGI7,False
COPA ESPAÑA,Play-offs 1/4 Final,CLOUD.GAL OURENSE BALONCESTO,10,I. VAZQUEZ PEREZ,34.2736%,62.6414%,True,1,LOGROBASKET LOGI7,False
COPA ESPAÑA,Play-offs 1/4 Final,CLOUD.GAL OURENSE BALONCESTO,10,I. VAZQUEZ PEREZ,86.1777%,51.4239%,True,1,LOGROBASKET LOGI7,False
COPA ESPAÑA,Play-offs 1/4 Final,CLOUD.GAL OURENSE BALONCESTO,22,G. KALSCHEUR,87.9408%,53.1885%,False,1,LOGROBASKET LOGI7,False
COPA ESPAÑA,Play-offs 1/4 Final,CLOUD.GAL OURENSE BALONCESTO,24,S. MC DONNELL,10.8604%,35.0389%,True,1,LOGROBASKET LOGI7,False
COPA ESPAÑA,Play-offs 1/4 Final,CLOUD.GAL OURENSE BALONCESTO,3,K. SMITH,66.7137%,72.3464%,True,1,LOGROBASKET LOGI7,False
COPA ESPAÑA,Play-offs 1/4 Final,CLOUD.GAL OURENSE BALONCESTO,22,G. KALSCHEUR,31.3822%,70.4558%,False,1,LOGROBASKET LOGI7,False
COPA ESPAÑA,Play-offs 1/4 Final,CLOUD.GAL OURENSE BALONCESTO,22,G. KALSCHEUR,10.2257%,42.2231%,True,1,LOGROBASKET LOGI7,False
COPA ESPAÑA,Play-offs 1/4 Final,CLOUD.GAL OURENSE BALONCESTO,9,C. OKANU,89.9859%,44.9959%,True,1,LOGROBASKET LOGI7,False
COPA ESPAÑA,Play-offs 1/4 Final,CLOUD.GAL OURENSE BALONCESTO,11,M. FERNANDEZ CARBALLO,84.1326%,54.701%,True,1,LOGROBASKET LOGI7,False
COPA ESPAÑA,Play-offs 1/4 Final,CLOUD.GAL OURENSE BALONCESTO,11,M. FERNANDEZ CARBALLO,10.6488%,56.2134%,False,1,LOGROBASKET LOGI7,False
COPA ESPAÑA,Play-offs 1/4 Final,CLOUD.GAL OURENSE BALONCESTO,28,R. DIAS MARQUES LISBOA SANTOS,34.5557%,52.8104%,False,1,LOGROBASKET LOGI7,False
COPA ESPAÑA,Play-offs 1/4 Final,CLOUD.GAL OURENSE BALONCESTO,11,M. FERNANDEZ CARBALLO,90.268%,53.0624%,False,1,LOGROBASKET LOGI7,False
COPA ESPAÑA,Play-offs 1/4 Final,CLOUD.GAL OURENSE BALONCESTO,28,R. DIAS MARQUES LISBOA SANTOS,37.2355%,67.0528%,False,1,LOGROBASKET LOGI7,False
COPA ESPAÑA,Play-offs 1/4 Final,CLOUD.GAL OURENSE BALONCESTO,24,S. MC DONNELL,37.4471%,45.5001%,False,1,LOGROBASKET LOGI7,False
COPA ESPAÑA,Play-offs 1/4 Final,CLOUD.GAL OURENSE BALONCESTO,12,S. HUGUET CARRASCO,72.426%,11.8477%,False,1,LOGROBASKET LOGI7,False
COPA ESPAÑA,Play-offs 1/4 Final,CLOUD.GAL OURENSE BALONCESTO,3,K. SMITH,73.8364%,84.6983%,True,1,LOGROBASKET LOGI7,False
COPA ESPAÑA,Play-offs 1/4 Final,CLOUD.GAL OURENSE BALONCESTO,11,M. FERNANDEZ CARBALLO,18.6178%,44.8699%,False,1,LOGROBASKET LOGI7,False
COPA ESPAÑA,Play-offs 1/4 Final,CLOUD.GAL OURENSE BALONCESTO,22,G. KALSCHEUR,8.25106%,38.82%,False,1,LOGROBASKET LOGI7,False
COPA ESPAÑA,Play-offs 1/4 Final,CLOUD.GAL OURENSE BALONCESTO,22,G. KALSCHEUR,27.7856%,18.7798%,False,1,LOGROBASKET LOGI7,False
COPA ESPAÑA,Play-offs 1/4 Final,CLOUD.GAL OURENSE BALONCESTO,24,S. MC DONNELL,10.2257%,36.8034%,False,1,LOGROBASKET LOGI7,False
COPA ESPAÑA,Play-offs 1/4 Final,CLOUD.GAL OURENSE BALONCESTO,28,R. DIAS MARQUES LISBOA SANTOS,36.0367%,33.4004%,False,1,LOGROBASKET LOGI7,False
COPA ESPAÑA,Play-offs 1/4 Final,CLOUD.GAL OURENSE BALONCESTO,3,K. SMITH,63.4697%,48.525%,False,1,LOGROBASKET LOGI7,False
COPA ESPAÑA,Play-offs 1/4 Final,CLOUD.GAL OURENSE BALONCESTO,23,D. SARAIVA SEIXAS,71.4386%,80.9171%,False,1,LOGROBASKET LOGI7,False
COPA ESPAÑA,Play-offs 1/4 Final,CLOUD.GAL OURENSE BALONCESTO,3,K. SMITH,30.2539%,80.539%,False,1,LOGROBASKET LOGI7,False
COPA ESPAÑA,Play-offs 1/4 Final,CLOUD.GAL OURENSE BALONCESTO,11,M. FERNANDEZ CARBALLO,18.2652%,36.0472%,False,1,LOGROBASKET LOGI7,False
COPA ESPAÑA,Play-offs 1/4 Final,CLOUD.GAL OURENSE BALONCESTO,11,M. FERNANDEZ CARBALLO,93.5825%,41.4669%,True,1,LOGROBASKET LOGI7,False
COPA ESPAÑA,Play-offs 1/4 Final,CLOUD.GAL OURENSE BALONCESTO,28,R. DIAS MARQUES LISBOA SANTOS,33.2863%,63.3977%,False,1,LOGROBASKET LOGI7,False
COPA ESPAÑA,Play-offs 1/4 Final,CLOUD.GAL OURENSE BALONCESTO,24,S. MC DONNELL,68.9704%,15.5028%,True,1,LOGROBASKET LOGI7,False
COPA ESPAÑA,Play-offs 1/4 Final,CLOUD.GAL OURENSE BALONCESTO,10,I. VAZQUEZ PEREZ,10.0846%,41.5929%,False,1,LOGROBASKET LOGI7,False
COPA ESPAÑA,Play-offs 1/4 Final,CLOUD.GAL OURENSE BALONCESTO,12,S. HUGUET CARRASCO,66.3611%,17.2674%,False,1,LOGROBASKET LOGI7,False
COPA ESPAÑA,Play-offs 1/4 Final,CLOUD.GAL OURENSE BALONCESTO,10,I. VAZQUEZ PEREZ,13.9633%,57.5999%,False,1,LOGROBASKET LOGI7,False
COPA ESPAÑA,Play-offs 1/4 Final,CLOUD.GAL OURENSE BALONCESTO,22,G. KALSCHEUR,9.80254%,40.2065%,False,1,LOGROBASKET LOGI7,False
COPA ESPAÑA,Play-offs 1/4 Final,CLOUD.GAL OURENSE BALONCESTO,35,R. GILL,15.3738%,46.2563%,True,1,LOGROBASKET LOGI7,False
COPA ESPAÑA,Play-offs 1/4 Final,CLOUD.GAL OURENSE BALONCESTO,28,R. DIAS MARQUES LISBOA SANTOS,17.3484%,43.1054%,True,1,LOGROBASKET LOGI7,False
COPA ESPAÑA,Play-offs 1/4 Final,CLOUD.GAL OURENSE BALONCESTO,35,R. GILL,12.2003%,31.0056%,False,1,LOGROBASKET LOGI7,False
COPA ESPAÑA,Play-offs 1/4 Final,CLOUD.GAL OURENSE BALONCESTO,11,M. FERNANDEZ CARBALLO,90.1269%,51.4239%,True,1,LOGROBASKET LOGI7,False
COPA ESPAÑA,Play-offs 1/4 Final,CLOUD.GAL OURENSE BALONCESTO,10,I. VAZQUEZ PEREZ,12.5529%,55.0791%,False,1,LOGROBASKET LOGI7,False
COPA ESPAÑA,Play-offs 1/4 Final,CLOUD.GAL OURENSE BALONCESTO,12,S. HUGUET CARRASCO,66.079%,28.2328%,False,1,LOGROBASKET LOGI7,False
COPA ESPAÑA,Play-offs 1/4 Final,CLOUD.GAL OURENSE BALONCESTO,9,C. OKANU,7.19323%,51.9281%,True,1,LOGROBASKET LOGI7,False
COPA ESPAÑA,Play-offs 1/4 Final,CLOUD.GAL OURENSE BALONCESTO,22,G. KALSCHEUR,23.7659%,61.6331%,False,1,LOGROBASKET LOGI7,False
COPA ESPAÑA,Play-offs 1/4 Final,CLOUD.GAL OURENSE BALONCESTO,9,C. OKANU,9.52045%,40.9627%,True,1,LOGROBASKET LOGI7,False
COPA ESPAÑA,Play-offs 1/4 Final,CLOUD.GAL OURENSE BALONCESTO,24,S. MC DONNELL,8.53315%,50.7937%,True,1,LOGROBASKET LOGI7,False
COPA ESPAÑA,Play-offs 1/4 Final,CLOUD.GAL OURENSE BALONCESTO,10,I. VAZQUEZ PEREZ,30.6065%,77.6401%,False,1,LOGROBASKET LOGI7,False
COPA ESPAÑA,Play-offs 1/4 Final,CLOUD.GAL OURENSE BALONCESTO,22,G. KALSCHEUR,75.3879%,10.3352%,True,1,LOGROBASKET LOGI7,False
COPA ESPAÑA,Play-offs 1/4 Final,CLOUD.GAL OURENSE BALONCESTO,24,S. MC DONNELL,70.0987%,18.0236%,True,1,LOGROBASKET LOGI7,False
COPA ESPAÑA,Play-offs 1/4 Final,CLOUD.GAL OURENSE BALONCESTO,9,C. OKANU,87.6587%,59.3644%,False,1,LOGROBASKET LOGI7,False
COPA ESPAÑA,Play-offs 1/4 Final,CLOUD.GAL OURENSE BALONCESTO,28,R. DIAS MARQUES LISBOA SANTOS,16.5726%,46.8865%,False,1,LOGROBASKET LOGI7,False
COPA ESPAÑA,Play-offs 1/4 Final,CLOUD.GAL OURENSE BALONCESTO,22,G. KALSCHEUR,87.7997%,62.0112%,False,1,LOGROBASKET LOGI7,False
COPA ESPAÑA,Play-offs 1/4 Final,CLOUD.GAL OURENSE BALONCESTO,9,C. OKANU,92.8773%,49.6594%,True,1,LOGROBASKET LOGI7,False
COPA ESPAÑA,Play-offs 1/4 Final,CLOUD.GAL OURENSE BALONCESTO,28,R. DIAS MARQUES LISBOA SANTOS,27.7856%,82.9337%,False,1,LOGROBASKET LOGI7,False
COPA ESPAÑA,Play-offs 1/4 Final,CLOUD.GAL OURENSE BALONCESTO,23,D. SARAIVA SEIXAS,78.4908%,50.4156%,False,1,LOGROBASKET LOGI7,False
COPA ESPAÑA,Play-offs 1/4 Final,CLOUD.GAL OURENSE BALONCESTO,35,R. GILL,88.9281%,48.1469%,True,1,LOGROBASKET LOGI7,False
COPA ESPAÑA,Play-offs 1/4 Final,CLOUD.GAL OURENSE BALONCESTO,9,C. OKANU,14.8801%,48.0209%,False,1,LOGROBASKET LOGI7,False
COPA ESPAÑA,Play-offs 1/4 Final,CLOUD.GAL OURENSE BALONCESTO,35,R. GILL,85.543%,48.7771%,False,1,LOGROBASKET LOGI7,False
COPA ESPAÑA,Play-offs 1/4 Final,CLOUD.GAL OURENSE BALONCESTO,9,C. OKANU,19.1819%,47.3907%,False,1,LOGROBASKET LOGI7,False
COPA ESPAÑA,Play-offs 1/4 Final,CLOUD.GAL OURENSE BALONCESTO,12,S. HUGUET CARRASCO,84.9788%,49.9115%,True,1,LOGROBASKET LOGI7,False
COPA ESPAÑA,Play-offs 1/4 Final,CLOUD.GAL OURENSE BALONCESTO,10,I. VAZQUEZ PEREZ,68.8999%,74.111%,True,1,LOGROBASKET LOGI7,False
COPA ESPAÑA,Play-offs 1/8 Final,CLASS BASQUET SANT ANTONI,20,N. ZIZIC,9.44993%,58.3561%,True,1,CLUB OURENSE BALONCESTO,True
COPA ESPAÑA,Play-offs 1/8 Final,CLASS BASQUET SANT ANTONI,32,J. SOLARIN,27.433%,84.1941%,True,1,CLUB OURENSE BALONCESTO,True
COPA ESPAÑA,Play-offs 1/8 Final,CLASS BASQUET SANT ANTONI,10,D. DE LA RUA DE AGUSTIN,26.1636%,88.6055%,True,1,CLUB OURENSE BALONCESTO,True
COPA ESPAÑA,Play-offs 1/8 Final,CLASS BASQUET SANT ANTONI,20,N. ZIZIC,9.44993%,58.3561%,False,1,CLUB OURENSE BALONCESTO,True
COPA ESPAÑA,Play-offs 1/8 Final,CLASS BASQUET SANT ANTONI,20,N. ZIZIC,92.3131%,45.122%,False,1,CLUB OURENSE BALONCESTO,True
COPA ESPAÑA,Play-offs 1/8 Final,CLASS BASQUET SANT ANTONI,32,J. SOLARIN,67.4189%,25.964%,True,1,CLUB OURENSE BALONCESTO,True
COPA ESPAÑA,Play-offs 1/8 Final,CLASS BASQUET SANT ANTONI,10,D. DE LA RUA DE AGUSTIN,21.5797%,19.5361%,False,1,CLUB OURENSE BALONCESTO,True
COPA ESPAÑA,Play-offs 1/8 Final,CLASS BASQUET SANT ANTONI,10,D. DE LA RUA DE AGUSTIN,72.708%,89.1096%,False,1,CLUB OURENSE BALONCESTO,True
COPA ESPAÑA,Play-offs 1/8 Final,CLASS BASQUET SANT ANTONI,5,K. JOHNSON,10.9309%,47.8948%,False,1,CLUB OURENSE BALONCESTO,True
COPA ESPAÑA,Play-offs 1/8 Final,CLASS BASQUET SANT ANTONI,4,G. BLAT BAEZA,90.1269%,40.4585%,True,1,CLUB OURENSE BALONCESTO,True
COPA ESPAÑA,Play-offs 1/8 Final,CLASS BASQUET SANT ANTONI,19,S. PAZ VAZQUEZ,30.6065%,22.0568%,False,1,CLUB OURENSE BALONCESTO,True
COPA ESPAÑA,Play-offs 1/8 Final,CLASS BASQUET SANT ANTONI,5,K. JOHNSON,34.2736%,47.0126%,False,1,CLUB OURENSE BALONCESTO,True
COPA ESPAÑA,Play-offs 1/8 Final,CLASS BASQUET SANT ANTONI,5,K. JOHNSON,69.6756%,82.1775%,True,1,CLUB OURENSE BALONCESTO,True
COPA ESPAÑA,Play-offs 1/8 Final,CLASS BASQUET SANT ANTONI,14,R. GOMEZ BARRAL,8.11001%,96.5459%,False,1,CLUB OURENSE BALONCESTO,True
COPA ESPAÑA,Play-offs 1/8 Final,CLASS BASQUET SANT ANTONI,17,E. STOILOV,13.7518%,49.4073%,False,1,CLUB OURENSE BALONCESTO,True
COPA ESPAÑA,Play-offs 1/8 Final,CLASS BASQUET SANT ANTONI,5,K. JOHNSON,7.68688%,56.2134%,True,1,CLUB OURENSE BALONCESTO,True
COPA ESPAÑA,Play-offs 1/8 Final,CLASS BASQUET SANT ANTONI,20,N. ZIZIC,5.43018%,58.2301%,False,1,CLUB OURENSE BALONCESTO,True
COPA ESPAÑA,Play-offs 1/8 Final,CLASS BASQUET SANT ANTONI,32,J. SOLARIN,88.5755%,48.525%,True,1,CLUB OURENSE BALONCESTO,True
COPA ESPAÑA,Play-offs 1/8 Final,CLASS BASQUET SANT ANTONI,10,D. DE LA RUA DE AGUSTIN,90.268%,49.1552%,True,1,CLUB OURENSE BALONCESTO,True
COPA ESPAÑA,Play-offs 1/8 Final,CLASS BASQUET SANT ANTONI,10,D. DE LA RUA DE AGUSTIN,88.2229%,47.1386%,False,1,CLUB OURENSE BALONCESTO,True
COPA ESPAÑA,Play-offs 1/8 Final,CLASS BASQUET SANT ANTONI,17,E. STOILOV,91.89%,47.7688%,True,1,CLUB OURENSE BALONCESTO,True
COPA ESPAÑA,Play-offs 1/8 Final,CLASS BASQUET SANT ANTONI,32,J. SOLARIN,91.89%,49.1552%,False,1,CLUB OURENSE BALONCESTO,True
COPA ESPAÑA,Play-offs 1/8 Final,CLASS BASQUET SANT ANTONI,4,G. BLAT BAEZA,44.2172%,13.2341%,False,1,CLUB OURENSE BALONCESTO,True
COPA ESPAÑA,Play-offs 1/8 Final,CLASS BASQUET SANT ANTONI,2,G. GANTT,73.1312%,83.1858%,False,1,CLUB OURENSE BALONCESTO,True
COPA ESPAÑA,Play-offs 1/8 Final,CLASS BASQUET SANT ANTONI,32,J. SOLARIN,9.44993%,5.54572%,True,1,CLUB OURENSE BALONCESTO,True
COPA ESPAÑA,Play-offs 1/8 Final,CLASS BASQUET SANT ANTONI,4,G. BLAT BAEZA,89.0691%,53.3145%,False,1,CLUB OURENSE BALONCESTO,True
COPA ESPAÑA,Play-offs 1/8 Final,CLASS BASQUET SANT ANTONI,19,S. PAZ VAZQUEZ,11.5656%,54.827%,True,1,CLUB OURENSE BALONCESTO,True
COPA ESPAÑA,Play-offs 1/8 Final,CLASS BASQUET SANT ANTONI,10,D. DE LA RUA DE AGUSTIN,84.8378%,51.0458%,True,1,CLUB OURENSE BALONCESTO,True
COPA ESPAÑA,Play-offs 1/8 Final,CLASS BASQUET SANT ANTONI,32,J. SOLARIN,84.3441%,50.5417%,False,1,CLUB OURENSE BALONCESTO,True
COPA ESPAÑA,Play-offs 1/8 Final,CLASS BASQUET SANT ANTONI,9,J. RODRIGUEZ JIMENEZ,94.4288%,49.2813%,True,1,CLUB OURENSE BALONCESTO,True
COPA ESPAÑA,Play-offs 1/8 Final,CLASS BASQUET SANT ANTONI,10,D. DE LA RUA DE AGUSTIN,83.2863%,33.7785%,False,1,CLUB OURENSE BALONCESTO,True
COPA ESPAÑA,Play-offs 1/8 Final,CLASS BASQUET SANT ANTONI,10,D. DE LA RUA DE AGUSTIN,90.3385%,43.9876%,False,1,CLUB OURENSE BALONCESTO,True
COPA ESPAÑA,Play-offs 1/8 Final,CLASS BASQUET SANT ANTONI,2,G. GANTT,33.4979%,26.5942%,True,1,CLUB OURENSE BALONCESTO,True
COPA ESPAÑA,Play-offs 1/8 Final,CLASS BASQUET SANT ANTONI,19,S. PAZ VAZQUEZ,91.4669%,3.40306%,False,1,CLUB OURENSE BALONCESTO,True
COPA ESPAÑA,Play-offs 1/8 Final,CLASS BASQUET SANT ANTONI,10,D. DE LA RUA DE AGUSTIN,90.6911%,50.5417%,False,1,CLUB OURENSE BALONCESTO,True
COPA ESPAÑA,Play-offs 1/8 Final,CLASS BASQUET SANT ANTONI,5,K. JOHNSON,94.9929%,93.647%,False,1,CLUB OURENSE BALONCESTO,True
COPA ESPAÑA,Play-offs 1/8 Final,CLASS BASQUET SANT ANTONI,20,N. ZIZIC,90.409%,42.8533%,False,1,CLUB OURENSE BALONCESTO,True
COPA ESPAÑA,Play-offs 1/8 Final,CLASS BASQUET SANT ANTONI,32,J. SOLARIN,26.9394%,88.4794%,True,1,CLUB OURENSE BALONCESTO,True
COPA ESPAÑA,Play-offs 1/8 Final,CLASS BASQUET SANT ANTONI,2,G. GANTT,11.0014%,13.9903%,False,1,CLUB OURENSE BALONCESTO,True
COPA ESPAÑA,Play-offs 1/8 Final,CLASS BASQUET SANT ANTONI,32,J. SOLARIN,64.9506%,59.7425%,True,1,CLUB OURENSE BALONCESTO,True
COPA ESPAÑA,Play-offs 1/8 Final,CLASS BASQUET SANT ANTONI,17,E. STOILOV,10.1551%,44.4918%,False,1,CLUB OURENSE BALONCESTO,True
COPA ESPAÑA,Play-offs 1/8 Final,CLASS BASQUET SANT ANTONI,14,R. GOMEZ BARRAL,13.2581%,93.1429%,True,1,CLUB OURENSE BALONCESTO,True
COPA ESPAÑA,Play-offs 1/8 Final,CLASS BASQUET SANT ANTONI,32,J. SOLARIN,65.5853%,52.3062%,False,1,CLUB OURENSE BALONCESTO,True
COPA ESPAÑA,Play-offs 1/8 Final,CLASS BASQUET SANT ANTONI,9,J. RODRIGUEZ JIMENEZ,92.1016%,48.1469%,True,1,CLUB OURENSE BALONCESTO,True
COPA ESPAÑA,Play-offs 1/8 Final,CLASS BASQUET SANT ANTONI,17,E. STOILOV,12.1298%,49.7854%,True,1,CLUB OURENSE BALONCESTO,True
COPA ESPAÑA,Play-offs 1/8 Final,CLASS BASQUET SANT ANTONI,2,G. GANTT,66.9958%,68.4392%,False,1,CLUB OURENSE BALONCESTO,True
COPA ESPAÑA,Play-offs 1/8 Final,CLASS BASQUET SANT ANTONI,5,K. JOHNSON,72.6375%,81.2952%,True,1,CLUB OURENSE BALONCESTO,True
COPA ESPAÑA,Play-offs 1/8 Final,CLASS BASQUET SANT ANTONI,19,S. PAZ VAZQUEZ,87.5176%,6.80611%,False,1,CLUB OURENSE BALONCESTO,True
COPA ESPAÑA,Play-offs 1/8 Final,CLASS BASQUET SANT ANTONI,10,D. DE LA RUA DE AGUSTIN,21.3681%,31.0056%,False,1,CLUB OURENSE BALONCESTO,True
COPA ESPAÑA,Play-offs 1/8 Final,CLASS BASQUET SANT ANTONI,10,D. DE LA RUA DE AGUSTIN,7.82793%,47.7688%,True,1,CLUB OURENSE BALONCESTO,True
COPA ESPAÑA,Play-offs 1/8 Final,CLASS BASQUET SANT ANTONI,32,J. SOLARIN,12.9055%,95.4116%,True,1,CLUB OURENSE BALONCESTO,True
COPA ESPAÑA,Play-offs 1/8 Final,CLUB OURENSE BALONCESTO,41,C. JÜRGENS,6.84062%,50.6677%,True,1,CLASS BASQUET SANT ANTONI,False
COPA ESPAÑA,Play-offs 1/8 Final,CLUB OURENSE BALONCESTO,22,G. KALSCHEUR,10.5078%,3.90721%,False,1,CLASS BASQUET SANT ANTONI,False
COPA ESPAÑA,Play-offs 1/8 Final,CLUB OURENSE BALONCESTO,22,G. KALSCHEUR,91.89%,56.5915%,True,1,CLASS BASQUET SANT ANTONI,False
COPA ESPAÑA,Play-offs 1/8 Final,CLUB OURENSE BALONCESTO,35,R. GILL,3.73766%,47.3907%,True,1,CLASS BASQUET SANT ANTONI,False
COPA ESPAÑA,Play-offs 1/8 Final,CLUB OURENSE BALONCESTO,28,R. DIAS MARQUES LISBOA SANTOS,16.22%,39.1982%,True,1,CLASS BASQUET SANT ANTONI,False
COPA ESPAÑA,Play-offs 1/8 Final,CLUB OURENSE BALONCESTO,41,C. JÜRGENS,34.1326%,63.0195%,False,1,CLASS BASQUET SANT ANTONI,False
COPA ESPAÑA,Play-offs 1/8 Final,CLUB OURENSE BALONCESTO,22,G. KALSCHEUR,84.0621%,19.1579%,True,1,CLASS BASQUET SANT ANTONI,False
COPA ESPAÑA,Play-offs 1/8 Final,CLUB OURENSE BALONCESTO,28,R. DIAS MARQUES LISBOA SANTOS,83.6389%,55.2051%,False,1,CLASS BASQUET SANT ANTONI,False
COPA ESPAÑA,Play-offs 1/8 Final,CLUB OURENSE BALONCESTO,28,R. DIAS MARQUES LISBOA SANTOS,65.6559%,64.532%,True,1,CLASS BASQUET SANT ANTONI,False
COPA ESPAÑA,Play-offs 1/8 Final,CLUB OURENSE BALONCESTO,41,C. JÜRGENS,27.1509%,87.3451%,True,1,CLASS BASQUET SANT ANTONI,False
COPA ESPAÑA,Play-offs 1/8 Final,CLUB OURENSE BALONCESTO,22,G. KALSCHEUR,8.46262%,56.4655%,True,1,CLASS BASQUET SANT ANTONI,False
COPA ESPAÑA,Play-offs 1/8 Final,CLUB OURENSE BALONCESTO,35,R. GILL,89.4217%,41.7189%,True,1,CLASS BASQUET SANT ANTONI,False
COPA ESPAÑA,Play-offs 1/8 Final,CLUB OURENSE BALONCESTO,28,R. DIAS MARQUES LISBOA SANTOS,26.4457%,9.45293%,False,1,CLASS BASQUET SANT ANTONI,False
COPA ESPAÑA,Play-offs 1/8 Final,CLUB OURENSE BALONCESTO,11,M. FERNANDEZ CARBALLO,11.6361%,48.7771%,True,1,CLASS BASQUET SANT ANTONI,False
COPA ESPAÑA,Play-offs 1/8 Final,CLUB OURENSE BALONCESTO,9,C. OKANU,88.2934%,55.5832%,False,1,CLASS BASQUET SANT ANTONI,False
COPA ESPAÑA,Play-offs 1/8 Final,CLUB OURENSE BALONCESTO,24,S. MC DONNELL,12.6234%,46.7605%,True,1,CLASS BASQUET SANT ANTONI,False
COPA ESPAÑA,Play-offs 1/8 Final,CLUB OURENSE BALONCESTO,35,R. GILL,90.6911%,43.4835%,True,1,CLASS BASQUET SANT ANTONI,False
COPA ESPAÑA,Play-offs 1/8 Final,CLUB OURENSE BALONCESTO,41,C. JÜRGENS,17.842%,48.1469%,False,1,CLASS BASQUET SANT ANTONI,False
COPA ESPAÑA,Play-offs 1/8 Final,CLUB OURENSE BALONCESTO,24,S. MC DONNELL,88.9281%,60.2467%,True,1,CLASS BASQUET SANT ANTONI,False
COPA ESPAÑA,Play-offs 1/8 Final,CLUB OURENSE BALONCESTO,22,G. KALSCHEUR,92.9478%,94.7814%,True,1,CLASS BASQUET SANT ANTONI,False
COPA ESPAÑA,Play-offs 1/8 Final,CLUB OURENSE BALONCESTO,22,G. KALSCHEUR,92.031%,44.1137%,False,1,CLASS BASQUET SANT ANTONI,False
COPA ESPAÑA,Play-offs 1/8 Final,CLUB OURENSE BALONCESTO,22,G. KALSCHEUR,64.5275%,49.2813%,False,1,CLASS BASQUET SANT ANTONI,False
COPA ESPAÑA,Play-offs 1/8 Final,CLUB OURENSE BALONCESTO,11,M. FERNANDEZ CARBALLO,89.4922%,67.5569%,False,1,CLASS BASQUET SANT ANTONI,False
COPA ESPAÑA,Play-offs 1/8 Final,CLUB OURENSE BALONCESTO,28,R. DIAS MARQUES LISBOA SANTOS,10.4372%,94.2772%,True,1,CLASS BASQUET SANT ANTONI,False
COPA ESPAÑA,Play-offs 1/8 Final,CLUB OURENSE BALONCESTO,10,I. VAZQUEZ PEREZ,83.9915%,53.9447%,False,1,CLASS BASQUET SANT ANTONI,False
COPA ESPAÑA,Play-offs 1/8 Final,CLUB OURENSE BALONCESTO,22,G. KALSCHEUR,89.6333%,50.2896%,True,1,CLASS BASQUET SANT ANTONI,False
COPA ESPAÑA,Play-offs 1/8 Final,CLUB OURENSE BALONCESTO,11,M. FERNANDEZ CARBALLO,7.82793%,68.3132%,False,1,CLASS BASQUET SANT ANTONI,False
COPA ESPAÑA,Play-offs 1/8 Final,CLUB OURENSE BALONCESTO,10,I. VAZQUEZ PEREZ,5.57123%,50.4156%,True,1,CLASS BASQUET SANT ANTONI,False
COPA ESPAÑA,Play-offs 1/8 Final,CLUB OURENSE BALONCESTO,9,C. OKANU,88.4344%,45.7522%,False,1,CLASS BASQUET SANT ANTONI,False
COPA ESPAÑA,Play-offs 1/8 Final,CLUB OURENSE BALONCESTO,22,G. KALSCHEUR,70.5924%,84.4462%,True,1,CLASS BASQUET SANT ANTONI,False
COPA ESPAÑA,Play-offs 1/8 Final,CLUB OURENSE BALONCESTO,10,I. VAZQUEZ PEREZ,11.354%,50.2896%,False,1,CLASS BASQUET SANT ANTONI,False
COPA ESPAÑA,Play-offs 1/8 Final,CLUB OURENSE BALONCESTO,28,R. DIAS MARQUES LISBOA SANTOS,10.7898%,46.0043%,False,1,CLASS BASQUET SANT ANTONI,False
COPA ESPAÑA,Play-offs 1/8 Final,CLUB OURENSE BALONCESTO,28,R. DIAS MARQUES LISBOA SANTOS,25.1763%,83.6899%,False,1,CLASS BASQUET SANT ANTONI,False
COPA ESPAÑA,Play-offs 1/8 Final,CLUB OURENSE BALONCESTO,35,R. GILL,92.5247%,40.3325%,False,1,CLASS BASQUET SANT ANTONI,False
COPA ESPAÑA,Play-offs 1/8 Final,CLUB OURENSE BALONCESTO,28,R. DIAS MARQUES LISBOA SANTOS,27.1509%,86.3368%,False,1,CLASS BASQUET SANT ANTONI,False
COPA ESPAÑA,Play-offs 1/8 Final,CLUB OURENSE BALONCESTO,35,R. GILL,4.93653%,48.7771%,True,1,CLASS BASQUET SANT ANTONI,False
COPA ESPAÑA,Play-offs 1/8 Final,CLUB OURENSE BALONCESTO,10,I. VAZQUEZ PEREZ,85.8956%,32.14%,False,1,CLASS BASQUET SANT ANTONI,False
COPA ESPAÑA,Play-offs 1/8 Final,CLUB OURENSE BALONCESTO,10,I. VAZQUEZ PEREZ,69.9577%,21.5527%,True,1,CLASS BASQUET SANT ANTONI,False
COPA ESPAÑA,Play-offs 1/8 Final,CLUB OURENSE BALONCESTO,9,C. OKANU,19.2525%,36.0472%,True,1,CLASS BASQUET SANT ANTONI,False
COPA ESPAÑA,Play-offs 1/8 Final,CLUB OURENSE BALONCESTO,11,M. FERNANDEZ CARBALLO,90.7616%,44.9959%,True,1,CLASS BASQUET SANT ANTONI,False
COPA ESPAÑA,Play-offs 1/8 Final,CLUB OURENSE BALONCESTO,28,R. DIAS MARQUES LISBOA SANTOS,10.7898%,46.0043%,True,1,CLASS BASQUET SANT ANTONI,False
COPA ESPAÑA,Play-offs 1/8 Final,CLUB OURENSE BALONCESTO,12,S. HUGUET CARRASCO,21.2271%,7.43631%,False,1,CLASS BASQUET SANT ANTONI,False
COPA ESPAÑA,Play-offs 1/8 Final,CLUB OURENSE BALONCESTO,35,R. GILL,11.8477%,47.6428%,False,1,CLASS BASQUET SANT ANTONI,False
COPA ESPAÑA,Play-offs 1/8 Final,CLUB OURENSE BALONCESTO,22,G. KALSCHEUR,15.3032%,41.4669%,False,1,CLASS BASQUET SANT ANTONI,False
COPA ESPAÑA,Play-offs 1/8 Final,CLUB OURENSE BALONCESTO,23,D. SARAIVA SEIXAS,8.60367%,54.4489%,True,1,CLASS BASQUET SANT ANTONI,False
COPA ESPAÑA,Play-offs 1/8 Final,CLUB OURENSE BALONCESTO,28,R. DIAS MARQUES LISBOA SANTOS,6.41749%,15.6288%,False,1,CLASS BASQUET SANT ANTONI,False
COPA ESPAÑA,Play-offs 1/8 Final,CLUB OURENSE BALONCESTO,41,C. JÜRGENS,16.7137%,40.2065%,True,1,CLASS BASQUET SANT ANTONI,False
COPA ESPAÑA,Play-offs 1/8 Final,CLUB OURENSE BALONCESTO,12,S. HUGUET CARRASCO,90.9027%,63.9018%,False,1,CLASS BASQUET SANT ANTONI,False
COPA ESPAÑA,Play-offs 1/8 Final,CLUB OURENSE BALONCESTO,35,R. GILL,91.89%,56.5915%,False,1,CLASS BASQUET SANT ANTONI,False
COPA ESPAÑA,Play-offs 1/8 Final,CLUB OURENSE BALONCESTO,11,M. FERNANDEZ CARBALLO,91.6079%,39.4502%,False,1,CLASS BASQUET SANT ANTONI,False
COPA ESPAÑA,Play-offs 1/8 Final,CLUB OURENSE BALONCESTO,28,R. DIAS MARQUES LISBOA SANTOS,90.268%,57.2217%,False,1,CLASS BASQUET SANT ANTONI,False
COPA ESPAÑA,Play-offs 1/8 Final,CLUB OURENSE BALONCESTO,24,S. MC DONNELL,24.6121%,91.7564%,False,1,CLASS BASQUET SANT ANTONI,False
COPA ESPAÑA,Play-offs 1/8 Final,CLUB OURENSE BALONCESTO,24,S. MC DONNELL,93.3709%,95.7897%,False,1,CLASS BASQUET SANT ANTONI,False
COPA ESPAÑA,Play-offs 1/8 Final,CLUB OURENSE BALONCESTO,11,M. FERNANDEZ CARBALLO,83.2158%,63.0195%,False,1,CLASS BASQUET SANT ANTONI,False
COPA ESPAÑA,Play-offs 1/8 Final,CLUB OURENSE BALONCESTO,28,R. DIAS MARQUES LISBOA SANTOS,27.3625%,84.9503%,False,1,CLASS BASQUET SANT ANTONI,False
COPA ESPAÑA,Play-offs 1/8 Final,CLUB OURENSE BALONCESTO,11,M. FERNANDEZ CARBALLO,12.2708%,45.6261%,True,1,CLASS BASQUET SANT ANTONI,False
COPA ESPAÑA,Play-offs 1/8 Final,CLUB OURENSE BALONCESTO,22,G. KALSCHEUR,33.9915%,51.4239%,False,1,CLASS BASQUET SANT ANTONI,False
COPA ESPAÑA,Play-offs 1/8 Final,CLUB OURENSE BALONCESTO,24,S. MC DONNELL,34.0621%,32.14%,False,1,CLASS BASQUET SANT ANTONI,False
COPA ESPAÑA,Play-offs 1/8 Final,CLUB OURENSE BALONCESTO,10,I. VAZQUEZ PEREZ,72.708%,88.8575%,True,1,CLASS BASQUET SANT ANTONI,False
COPA ESPAÑA,Play-offs 1/8 Final,CLUB OURENSE BALONCESTO,28,R. DIAS MARQUES LISBOA SANTOS,90.8322%,42.7272%,True,1,CLASS BASQUET SANT ANTONI,False
COPA ESPAÑA,Play-offs 1/8 Final,CLUB OURENSE BALONCESTO,10,I. VAZQUEZ PEREZ,83.9915%,53.9447%,False,1,CLASS BASQUET SANT ANTONI,False
COPA ESPAÑA,Play-offs 1/8 Final,CLUB OURENSE BALONCESTO,35,R. GILL,3.03244%,51.8021%,True,1,CLASS BASQUET SANT ANTONI,False
COPA ESPAÑA,Play-offs 1/8 Final,CLUB OURENSE BALONCESTO,11,M. FERNANDEZ CARBALLO,84.7673%,45.6261%,False,1,CLASS BASQUET SANT ANTONI,False
COPA ESPAÑA,Play-offs 1/8 Final,MOVISTAR ESTUDIANTES,22,J. VAULET,89.8449%,35.417%,True,1,PALMER BASKET MALLORCA PALMA,True
COPA ESPAÑA,Play-offs 1/8 Final,MOVISTAR ESTUDIANTES,9,S. SALIN,36.6714%,23.9474%,False,1,PALMER BASKET MALLORCA PALMA,True
COPA ESPAÑA,Play-offs 1/8 Final,MOVISTAR ESTUDIANTES,9,S. SALIN,65.9379%,32.392%,True,1,PALMER BASKET MALLORCA PALMA,True
COPA ESPAÑA,Play-offs 1/8 Final,MOVISTAR ESTUDIANTES,6,L. GIOVANNETTI,7.26375%,56.3395%,True,1,PALMER BASKET MALLORCA PALMA,True
COPA ESPAÑA,Play-offs 1/8 Final,MOVISTAR ESTUDIANTES,24,L. NWOGBO,93.4415%,50.7937%,True,1,PALMER BASKET MALLORCA PALMA,True
COPA ESPAÑA,Play-offs 1/8 Final,MOVISTAR ESTUDIANTES,24,L. NWOGBO,6.48801%,48.9032%,True,1,PALMER BASKET MALLORCA PALMA,True
COPA ESPAÑA,Play-offs 1/8 Final,MOVISTAR ESTUDIANTES,8,G. FILIPOVIC,85.543%,58.8602%,False,1,PALMER BASKET MALLORCA PALMA,True
COPA ESPAÑA,Play-offs 1/8 Final,MOVISTAR ESTUDIANTES,22,J. VAULET,7.19323%,50.1636%,True,1,PALMER BASKET MALLORCA PALMA,True
COPA ESPAÑA,Play-offs 1/8 Final,MOVISTAR ESTUDIANTES,22,J. VAULET,34.8378%,78.3963%,True,1,PALMER BASKET MALLORCA PALMA,True
COPA ESPAÑA,Play-offs 1/8 Final,MOVISTAR ESTUDIANTES,22,J. VAULET,93.7941%,61.6331%,True,1,PALMER BASKET MALLORCA PALMA,True
COPA ESPAÑA,Play-offs 1/8 Final,MOVISTAR ESTUDIANTES,8,G. FILIPOVIC,9.44993%,48.399%,False,1,PALMER BASKET MALLORCA PALMA,True
COPA ESPAÑA,Play-offs 1/8 Final,MOVISTAR ESTUDIANTES,8,G. FILIPOVIC,71.5092%,17.5194%,False,1,PALMER BASKET MALLORCA PALMA,True
COPA ESPAÑA,Play-offs 1/8 Final,MOVISTAR ESTUDIANTES,24,L. NWOGBO,7.89845%,47.7688%,True,1,PALMER BASKET MALLORCA PALMA,True
COPA ESPAÑA,Play-offs 1/8 Final,MOVISTAR ESTUDIANTES,15,T. MC GREW,92.8068%,58.7342%,True,1,PALMER BASKET MALLORCA PALMA,True
COPA ESPAÑA,Play-offs 1/8 Final,MOVISTAR ESTUDIANTES,15,T. MC GREW,93.4415%,47.3907%,False,1,PALMER BASKET MALLORCA PALMA,True
COPA ESPAÑA,Play-offs 1/8 Final,MOVISTAR ESTUDIANTES,6,L. GIOVANNETTI,94.7109%,94.2772%,True,1,PALMER BASKET MALLORCA PALMA,True
COPA ESPAÑA,Play-offs 1/8 Final,MOVISTAR ESTUDIANTES,8,G. FILIPOVIC,22.8491%,32.14%,True,1,PALMER BASKET MALLORCA PALMA,True
COPA ESPAÑA,Play-offs 1/8 Final,MOVISTAR ESTUDIANTES,22,J. VAULET,72.1439%,12.7299%,False,1,PALMER BASKET MALLORCA PALMA,True
COPA ESPAÑA,Play-offs 1/8 Final,MOVISTAR ESTUDIANTES,24,L. NWOGBO,9.59097%,46.7605%,False,1,PALMER BASKET MALLORCA PALMA,True
COPA ESPAÑA,Play-offs 1/8 Final,MOVISTAR ESTUDIANTES,8,G. FILIPOVIC,6.48801%,47.3907%,True,1,PALMER BASKET MALLORCA PALMA,True
COPA ESPAÑA,Play-offs 1/8 Final,MOVISTAR ESTUDIANTES,11,J. GRANGER,34.6262%,38.568%,False,1,PALMER BASKET MALLORCA PALMA,True
COPA ESPAÑA,Play-offs 1/8 Final,MOVISTAR ESTUDIANTES,9,S. SALIN,65.7264%,80.1609%,False,1,PALMER BASKET MALLORCA PALMA,True
COPA ESPAÑA,Play-offs 1/8 Final,MOVISTAR ESTUDIANTES,2,A. BRIMAH,92.8773%,52.0541%,False,1,PALMER BASKET MALLORCA PALMA,True
COPA ESPAÑA,Play-offs 1/8 Final,MOVISTAR ESTUDIANTES,9,S. SALIN,70.5219%,81.6733%,False,1,PALMER BASKET MALLORCA PALMA,True
COPA ESPAÑA,Play-offs 1/8 Final,MOVISTAR ESTUDIANTES,15,T. MC GREW,67.6305%,25.3339%,False,1,PALMER BASKET MALLORCA PALMA,True
COPA ESPAÑA,Play-offs 1/8 Final,MOVISTAR ESTUDIANTES,2,A. BRIMAH,8.88575%,48.9032%,True,1,PALMER BASKET MALLORCA PALMA,True
COPA ESPAÑA,Play-offs 1/8 Final,MOVISTAR ESTUDIANTES,24,L. NWOGBO,89.8449%,35.417%,False,1,PALMER BASKET MALLORCA PALMA,True
COPA ESPAÑA,Play-offs 1/8 Final,MOVISTAR ESTUDIANTES,22,J. VAULET,24.6121%,33.2743%,False,1,PALMER BASKET MALLORCA PALMA,True
COPA ESPAÑA,Play-offs 1/8 Final,MOVISTAR ESTUDIANTES,9,S. SALIN,72.0028%,12.982%,False,1,PALMER BASKET MALLORCA PALMA,True
COPA ESPAÑA,Play-offs 1/8 Final,MOVISTAR ESTUDIANTES,24,L. NWOGBO,9.0268%,56.0874%,False,1,PALMER BASKET MALLORCA PALMA,True
COPA ESPAÑA,Play-offs 1/8 Final,MOVISTAR ESTUDIANTES,9,S. SALIN,73.2722%,13.4862%,True,1,PALMER BASKET MALLORCA PALMA,True
COPA ESPAÑA,Play-offs 1/8 Final,MOVISTAR ESTUDIANTES,19,H. LOPEZ BARRANTES,73.4133%,88.4794%,False,1,PALMER BASKET MALLORCA PALMA,True
COPA ESPAÑA,Play-offs 1/8 Final,MOVISTAR ESTUDIANTES,9,S. SALIN,69.9577%,85.8326%,False,1,PALMER BASKET MALLORCA PALMA,True
COPA ESPAÑA,Play-offs 1/8 Final,MOVISTAR ESTUDIANTES,19,H. LOPEZ BARRANTES,93.2299%,51.4239%,True,1,PALMER BASKET MALLORCA PALMA,True
COPA ESPAÑA,Play-offs 1/8 Final,MOVISTAR ESTUDIANTES,6,L. GIOVANNETTI,26.4457%,13.1081%,False,1,PALMER BASKET MALLORCA PALMA,True
COPA ESPAÑA,Play-offs 1/8 Final,MOVISTAR ESTUDIANTES,2,A. BRIMAH,8.32158%,43.2314%,False,1,PALMER BASKET MALLORCA PALMA,True
COPA ESPAÑA,Play-offs 1/8 Final,MOVISTAR ESTUDIANTES,15,T. MC GREW,8.88575%,56.9697%,True,1,PALMER BASKET MALLORCA PALMA,True
COPA ESPAÑA,Play-offs 1/8 Final,MOVISTAR ESTUDIANTES,8,G. FILIPOVIC,83.6389%,59.1123%,False,1,PALMER BASKET MALLORCA PALMA,True
COPA ESPAÑA,Play-offs 1/8 Final,MOVISTAR ESTUDIANTES,2,A. BRIMAH,88.2934%,56.8436%,True,1,PALMER BASKET MALLORCA PALMA,True
COPA ESPAÑA,Play-offs 1/8 Final,MOVISTAR ESTUDIANTES,51,O. SILVERIO GRULLON,36.1777%,22.435%,True,1,PALMER BASKET MALLORCA PALMA,True
COPA ESPAÑA,Play-offs 1/8 Final,MOVISTAR ESTUDIANTES,51,O. SILVERIO GRULLON,65.6559%,80.0348%,True,1,PALMER BASKET MALLORCA PALMA,True
COPA ESPAÑA,Play-offs 1/8 Final,MOVISTAR ESTUDIANTES,6,L. GIOVANNETTI,32.0169%,21.3006%,True,1,PALMER BASKET MALLORCA PALMA,True
COPA ESPAÑA,Play-offs 1/8 Final,MOVISTAR ESTUDIANTES,22,J. VAULET,6.41749%,54.1968%,True,1,PALMER BASKET MALLORCA PALMA,True
COPA ESPAÑA,Play-offs 1/8 Final,MOVISTAR ESTUDIANTES,51,O. SILVERIO GRULLON,30.7475%,88.9836%,False,1,PALMER BASKET MALLORCA PALMA,True
COPA ESPAÑA,Play-offs 1/8 Final,MOVISTAR ESTUDIANTES,51,O. SILVERIO GRULLON,8.03949%,97.1761%,False,1,PALMER BASKET MALLORCA PALMA,True
COPA ESPAÑA,Play-offs 1/8 Final,MOVISTAR ESTUDIANTES,9,S. SALIN,35.9662%,68.9434%,False,1,PALMER BASKET MALLORCA PALMA,True
COPA ESPAÑA,Play-offs 1/8 Final,MOVISTAR ESTUDIANTES,24,L. NWOGBO,8.60367%,52.0541%,True,1,PALMER BASKET MALLORCA PALMA,True
COPA ESPAÑA,Play-offs 1/8 Final,MOVISTAR ESTUDIANTES,15,T. MC GREW,94.1467%,54.1968%,False,1,PALMER BASKET MALLORCA PALMA,True
COPA ESPAÑA,Play-offs 1/8 Final,MOVISTAR ESTUDIANTES,9,S. SALIN,65.3032%,22.9391%,True,1,PALMER BASKET MALLORCA PALMA,True
COPA ESPAÑA,Play-offs 1/8 Final,MOVISTAR ESTUDIANTES,22,J. VAULET,4.86601%,53.0624%,True,1,PALMER BASKET MALLORCA PALMA,True
COPA ESPAÑA,Play-offs 1/8 Final,MOVISTAR ESTUDIANTES,11,J. GRANGER,68.8999%,29.4931%,False,1,PALMER BASKET MALLORCA PALMA,True
COPA ESPAÑA,Play-offs 1/8 Final,MOVISTAR ESTUDIANTES,19,H. LOPEZ BARRANTES,82.158%,22.1829%,False,1,PALMER BASKET MALLORCA PALMA,True
COPA ESPAÑA,Play-offs 1/8 Final,MOVISTAR ESTUDIANTES,51,O. SILVERIO GRULLON,66.5021%,43.7356%,True,1,PALMER BASKET MALLORCA PALMA,True
COPA ESPAÑA,Play-offs 1/8 Final,MOVISTAR ESTUDIANTES,6,L. GIOVANNETTI,9.09732%,64.532%,False,1,PALMER BASKET MALLORCA PALMA,True
COPA ESPAÑA,Play-offs 1/8 Final,MOVISTAR ESTUDIANTES,22,J. VAULET,11.354%,94.9074%,True,1,PALMER BASKET MALLORCA PALMA,True
COPA ESPAÑA,Play-offs 1/8 Final,MOVISTAR ESTUDIANTES,11,J. GRANGER,66.22%,21.8048%,True,1,PALMER BASKET MALLORCA PALMA,True
COPA ESPAÑA,Play-offs 1/8 Final,MOVISTAR ESTUDIANTES,9,S. SALIN,34.2736%,80.4129%,True,1,PALMER BASKET MALLORCA PALMA,True
COPA ESPAÑA,Play-offs 1/8 Final,MOVISTAR ESTUDIANTES,6,L. GIOVANNETTI,94.2172%,48.7771%,False,1,PALMER BASKET MALLORCA PALMA,True
COPA ESPAÑA,Play-offs 1/8 Final,MOVISTAR ESTUDIANTES,15,T. MC GREW,72.426%,18.6538%,False,1,PALMER BASKET MALLORCA PALMA,True
COPA ESPAÑA,Play-offs 1/8 Final,MOVISTAR ESTUDIANTES,2,A. BRIMAH,30.7475%,88.9836%,True,1,PALMER BASKET MALLORCA PALMA,True
COPA ESPAÑA,Play-offs 1/8 Final,MOVISTAR ESTUDIANTES,6,L. GIOVANNETTI,25.1763%,91.2523%,False,1,PALMER BASKET MALLORCA PALMA,True
COPA ESPAÑA,Play-offs 1/8 Final,MOVISTAR ESTUDIANTES,18,M. SOLA IDRISU,37.0945%,45.3741%,False,1,PALMER BASKET MALLORCA PALMA,True
COPA ESPAÑA,Play-offs 1/8 Final,MOVISTAR ESTUDIANTES,15,T. MC GREW,94.2172%,52.6843%,True,1,PALMER BASKET MALLORCA PALMA,True
COPA ESPAÑA,Play-offs 1/8 Final,PALMER BASKET MALLORCA PALMA,0,H. ATENCIA SUAREZ,69.464%,21.0485%,False,1,MOVISTAR ESTUDIANTES,False
COPA ESPAÑA,Play-offs 1/8 Final,PALMER BASKET MALLORCA PALMA,0,H. ATENCIA SUAREZ,19.8166%,43.2314%,True,1,MOVISTAR ESTUDIANTES,False
COPA ESPAÑA,Play-offs 1/8 Final,PALMER BASKET MALLORCA PALMA,25,I. MASSOUD RODRÍGUEZ,93.0889%,96.2939%,False,1,MOVISTAR ESTUDIANTES,False
COPA ESPAÑA,Play-offs 1/8 Final,PALMER BASKET MALLORCA PALMA,12,J. CARRALERO MARTIN,66.1495%,32.5181%,False,1,MOVISTAR ESTUDIANTES,False
COPA ESPAÑA,Play-offs 1/8 Final,PALMER BASKET MALLORCA PALMA,0,H. ATENCIA SUAREZ,33.2158%,21.3006%,False,1,MOVISTAR ESTUDIANTES,False
COPA ESPAÑA,Play-offs 1/8 Final,PALMER BASKET MALLORCA PALMA,0,H. ATENCIA SUAREZ,8.88575%,60.3727%,False,1,MOVISTAR ESTUDIANTES,False
COPA ESPAÑA,Play-offs 1/8 Final,PALMER BASKET MALLORCA PALMA,1,D. AGBELESE,93.5825%,51.676%,False,1,MOVISTAR ESTUDIANTES,False
COPA ESPAÑA,Play-offs 1/8 Final,PALMER BASKET MALLORCA PALMA,0,H. ATENCIA SUAREZ,35.6135%,35.543%,True,1,MOVISTAR ESTUDIANTES,False
COPA ESPAÑA,Play-offs 1/8 Final,PALMER BASKET MALLORCA PALMA,17,A. ALMENTA MACIAS,93.3004%,59.2384%,True,1,MOVISTAR ESTUDIANTES,False
COPA ESPAÑA,Play-offs 1/8 Final,PALMER BASKET MALLORCA PALMA,0,H. ATENCIA SUAREZ,80.536%,36.6774%,True,1,MOVISTAR ESTUDIANTES,False
COPA ESPAÑA,Play-offs 1/8 Final,PALMER BASKET MALLORCA PALMA,8,A. CHAPELA LAGE,35.8956%,58.8602%,False,1,MOVISTAR ESTUDIANTES,False
COPA ESPAÑA,Play-offs 1/8 Final,PALMER BASKET MALLORCA PALMA,0,H. ATENCIA SUAREZ,25.1058%,38.9461%,True,1,MOVISTAR ESTUDIANTES,False
COPA ESPAÑA,Play-offs 1/8 Final,PALMER BASKET MALLORCA PALMA,22,N. CAMACHO DE SÁ,9.37941%,51.4239%,True,1,MOVISTAR ESTUDIANTES,False
COPA ESPAÑA,Play-offs 1/8 Final,PALMER BASKET MALLORCA PALMA,7,D. SANADZE,62.2708%,52.9364%,True,1,MOVISTAR ESTUDIANTES,False
COPA ESPAÑA,Play-offs 1/8 Final,PALMER BASKET MALLORCA PALMA,22,N. CAMACHO DE SÁ,8.88575%,75.7495%,False,1,MOVISTAR ESTUDIANTES,False
COPA ESPAÑA,Play-offs 1/8 Final,PALMER BASKET MALLORCA PALMA,6,A. SCARIOLO ARES,91.8195%,48.525%,False,1,MOVISTAR ESTUDIANTES,False
COPA ESPAÑA,Play-offs 1/8 Final,PALMER BASKET MALLORCA PALMA,17,A. ALMENTA MACIAS,92.7363%,52.8104%,True,1,MOVISTAR ESTUDIANTES,False
COPA ESPAÑA,Play-offs 1/8 Final,PALMER BASKET MALLORCA PALMA,7,D. SANADZE,21.086%,35.6691%,True,1,MOVISTAR ESTUDIANTES,False
COPA ESPAÑA,Play-offs 1/8 Final,PALMER BASKET MALLORCA PALMA,1,D. AGBELESE,23.3427%,51.0458%,False,1,MOVISTAR ESTUDIANTES,False
COPA ESPAÑA,Play-offs 1/8 Final,PALMER BASKET MALLORCA PALMA,12,J. CARRALERO MARTIN,11.9182%,50.6677%,True,1,MOVISTAR ESTUDIANTES,False
COPA ESPAÑA,Play-offs 1/8 Final,PALMER BASKET MALLORCA PALMA,0,H. ATENCIA SUAREZ,11.6361%,67.4309%,False,1,MOVISTAR ESTUDIANTES,False
COPA ESPAÑA,Play-offs 1/8 Final,PALMER BASKET MALLORCA PALMA,8,A. CHAPELA LAGE,62.976%,34.9128%,True,1,MOVISTAR ESTUDIANTES,False
COPA ESPAÑA,Play-offs 1/8 Final,PALMER BASKET MALLORCA PALMA,22,N. CAMACHO DE SÁ,38.1523%,31.3837%,False,1,MOVISTAR ESTUDIANTES,False
COPA ESPAÑA,Play-offs 1/8 Final,PALMER BASKET MALLORCA PALMA,0,H. ATENCIA SUAREZ,81.9464%,63.3977%,False,1,MOVISTAR ESTUDIANTES,False
COPA ESPAÑA,Play-offs 1/8 Final,PALMER BASKET MALLORCA PALMA,25,I. MASSOUD RODRÍGUEZ,71.7913%,15.2507%,False,1,MOVISTAR ESTUDIANTES,False
COPA ESPAÑA,Play-offs 1/8 Final,PALMER BASKET MALLORCA PALMA,24,A. COMENDADOR FEMENIAS,93.3709%,63.2716%,True,1,MOVISTAR ESTUDIANTES,False
COPA ESPAÑA,Play-offs 1/8 Final,PALMER BASKET MALLORCA PALMA,7,D. SANADZE,36.6008%,20.1663%,True,1,MOVISTAR ESTUDIANTES,False
COPA ESPAÑA,Play-offs 1/8 Final,PALMER BASKET MALLORCA PALMA,25,I. MASSOUD RODRÍGUEZ,86.7419%,95.9157%,False,1,MOVISTAR ESTUDIANTES,False
COPA ESPAÑA,Play-offs 1/8 Final,PALMER BASKET MALLORCA PALMA,22,N. CAMACHO DE SÁ,30.7475%,15.6288%,False,1,MOVISTAR ESTUDIANTES,False
COPA ESPAÑA,Play-offs 1/8 Final,PALMER BASKET MALLORCA PALMA,9,A. URDIAIN LABAYEN,35.0494%,71.4642%,True,1,MOVISTAR ESTUDIANTES,False
COPA ESPAÑA,Play-offs 1/8 Final,PALMER BASKET MALLORCA PALMA,0,H. ATENCIA SUAREZ,33.4979%,19.9142%,True,1,MOVISTAR ESTUDIANTES,False
COPA ESPAÑA,Play-offs 1/8 Final,PALMER BASKET MALLORCA PALMA,0,H. ATENCIA SUAREZ,10.2962%,23.8214%,False,1,MOVISTAR ESTUDIANTES,False
COPA ESPAÑA,Play-offs 1/8 Final,PALMER BASKET MALLORCA PALMA,21,T. HOLLOWELL,34.6968%,38.3159%,False,1,MOVISTAR ESTUDIANTES,False
COPA ESPAÑA,Play-offs 1/8 Final,PALMER BASKET MALLORCA PALMA,24,A. COMENDADOR FEMENIAS,91.3963%,55.8353%,True,1,MOVISTAR ESTUDIANTES,False
COPA ESPAÑA,Play-offs 1/8 Final,PALMER BASKET MALLORCA PALMA,0,H. ATENCIA SUAREZ,11.4951%,7.43631%,True,1,MOVISTAR ESTUDIANTES,False
COPA ESPAÑA,Play-offs 1/8 Final,PALMER BASKET MALLORCA PALMA,6,A. SCARIOLO ARES,9.09732%,48.1469%,True,1,MOVISTAR ESTUDIANTES,False
COPA ESPAÑA,Play-offs 1/8 Final,PALMER BASKET MALLORCA PALMA,6,A. SCARIOLO ARES,8.67419%,45.122%,True,1,MOVISTAR ESTUDIANTES,False
COPA ESPAÑA,Play-offs 1/8 Final,PALMER BASKET MALLORCA PALMA,7,D. SANADZE,37.165%,28.1067%,True,1,MOVISTAR ESTUDIANTES,False
COPA ESPAÑA,Play-offs 1/8 Final,PALMER BASKET MALLORCA PALMA,25,I. MASSOUD RODRÍGUEZ,73.4838%,16.007%,False,1,MOVISTAR ESTUDIANTES,False
COPA ESPAÑA,Play-offs 1/8 Final,PALMER BASKET MALLORCA PALMA,7,D. SANADZE,37.0945%,46.1303%,False,1,MOVISTAR ESTUDIANTES,False
COPA ESPAÑA,Play-offs 1/8 Final,PALMER BASKET MALLORCA PALMA,1,D. AGBELESE,90.268%,52.8104%,False,1,MOVISTAR ESTUDIANTES,False
COPA ESPAÑA,Play-offs 1/8 Final,PALMER BASKET MALLORCA PALMA,12,J. CARRALERO MARTIN,92.4542%,51.8021%,True,1,MOVISTAR ESTUDIANTES,False
COPA ESPAÑA,Play-offs 1/8 Final,PALMER BASKET MALLORCA PALMA,7,D. SANADZE,15.5853%,78.7744%,True,1,MOVISTAR ESTUDIANTES,False
COPA ESPAÑA,Play-offs 1/8 Final,PALMER BASKET MALLORCA PALMA,1,D. AGBELESE,92.031%,51.8021%,True,1,MOVISTAR ESTUDIANTES,False
COPA ESPAÑA,Play-offs 1/8 Final,PALMER BASKET MALLORCA PALMA,12,J. CARRALERO MARTIN,20.5924%,35.7951%,False,1,MOVISTAR ESTUDIANTES,False
COPA ESPAÑA,Play-offs 1/8 Final,PALMER BASKET MALLORCA PALMA,7,D. SANADZE,79.5487%,37.3076%,False,1,MOVISTAR ESTUDIANTES,False
COPA ESPAÑA,Play-offs 1/8 Final,PALMER BASKET MALLORCA PALMA,8,A. CHAPELA LAGE,68.6178%,73.1027%,False,1,MOVISTAR ESTUDIANTES,False
COPA ESPAÑA,Play-offs 1/8 Final,PALMER BASKET MALLORCA PALMA,0,H. ATENCIA SUAREZ,33.4274%,25.0818%,False,1,MOVISTAR ESTUDIANTES,False
COPA ESPAÑA,Play-offs 1/8 Final,PALMER BASKET MALLORCA PALMA,1,D. AGBELESE,11.2835%,74.3631%,False,1,MOVISTAR ESTUDIANTES,False
COPA ESPAÑA,Play-offs 1/8 Final,PALMER BASKET MALLORCA PALMA,6,A. SCARIOLO ARES,7.54584%,65.1622%,False,1,MOVISTAR ESTUDIANTES,False
COPA ESPAÑA,Play-offs 1/8 Final,PALMER BASKET MALLORCA PALMA,8,A. CHAPELA LAGE,20.3808%,41.845%,False,1,MOVISTAR ESTUDIANTES,False
COPA ESPAÑA,Play-offs 1/8 Final,PALMER BASKET MALLORCA PALMA,0,H. ATENCIA SUAREZ,33.921%,81.9254%,True,1,MOVISTAR ESTUDIANTES,False
COPA ESPAÑA,Play-offs 1/8 Final,PALMER BASKET MALLORCA PALMA,7,D. SANADZE,35.1199%,26.3422%,True,1,MOVISTAR ESTUDIANTES,False
COPA ESPAÑA,Play-offs 1/8 Final,PALMER BASKET MALLORCA PALMA,7,D. SANADZE,68.0536%,24.4516%,True,1,MOVISTAR ESTUDIANTES,False
COPA ESPAÑA,Play-offs 1/8 Final,PALMER BASKET MALLORCA PALMA,25,I. MASSOUD RODRÍGUEZ,78.8434%,54.0708%,False,1,MOVISTAR ESTUDIANTES,False
COPA ESPAÑA,Play-offs 1/8 Final,PALMER BASKET MALLORCA PALMA,25,I. MASSOUD RODRÍGUEZ,89.7743%,44.4918%,False,1,MOVISTAR ESTUDIANTES,False
COPA ESPAÑA,Play-offs 1/8 Final,PALMER BASKET MALLORCA PALMA,8,A. CHAPELA LAGE,72.426%,13.8643%,False,1,MOVISTAR ESTUDIANTES,False
COPA ESPAÑA,Play-offs 1/8 Final,PALMER BASKET MALLORCA PALMA,7,D. SANADZE,10.2257%,73.4808%,False,1,MOVISTAR ESTUDIANTES,False
COPA ESPAÑA,Play-offs 1/8 Final,PALMER BASKET MALLORCA PALMA,12,J. CARRALERO MARTIN,91.7489%,79.0265%,False,1,MOVISTAR ESTUDIANTES,False
COPA ESPAÑA,Play-offs 1/8 Final,PALMER BASKET MALLORCA PALMA,9,A. URDIAIN LABAYEN,64.6685%,52.0541%,False,1,MOVISTAR ESTUDIANTES,False
COPA ESPAÑA,Play-offs 1/8 Final,AMICS CASTELLÓ,27,K. BAOKO,11.7772%,42.3491%,False,1,FLEXICAR FUENLABRADA,True
COPA ESPAÑA,Play-offs 1/8 Final,AMICS CASTELLÓ,42,F. STUTZ,94.4288%,54.4489%,True,1,FLEXICAR FUENLABRADA,True
COPA ESPAÑA,Play-offs 1/8 Final,AMICS CASTELLÓ,4,R. FABREGA URPINA,82.7221%,72.0944%,True,1,FLEXICAR FUENLABRADA,True
COPA ESPAÑA,Play-offs 1/8 Final,AMICS CASTELLÓ,22,K. NEWTON,95.275%,92.3866%,True,1,FLEXICAR FUENLABRADA,True
COPA ESPAÑA,Play-offs 1/8 Final,AMICS CASTELLÓ,13,P. GARCIA CARRERO,20.7334%,87.4711%,False,1,FLEXICAR FUENLABRADA,True
COPA ESPAÑA,Play-offs 1/8 Final,AMICS CASTELLÓ,13,P. GARCIA CARRERO,5.00705%,51.8021%,True,1,FLEXICAR FUENLABRADA,True
COPA ESPAÑA,Play-offs 1/8 Final,AMICS CASTELLÓ,11,D. BAH,93.9351%,43.3574%,True,1,FLEXICAR FUENLABRADA,True
COPA ESPAÑA,Play-offs 1/8 Final,AMICS CASTELLÓ,33,M. ANDREATTA,74.4006%,16.3851%,False,1,FLEXICAR FUENLABRADA,True
COPA ESPAÑA,Play-offs 1/8 Final,AMICS CASTELLÓ,27,K. BAOKO,5.43018%,53.8187%,True,1,FLEXICAR FUENLABRADA,True
COPA ESPAÑA,Play-offs 1/8 Final,AMICS CASTELLÓ,42,F. STUTZ,69.464%,17.7715%,False,1,FLEXICAR FUENLABRADA,True
COPA ESPAÑA,Play-offs 1/8 Final,AMICS CASTELLÓ,67,A. TAMAYO LESMES,80.1128%,10.3352%,False,1,FLEXICAR FUENLABRADA,True
COPA ESPAÑA,Play-offs 1/8 Final,AMICS CASTELLÓ,33,M. ANDREATTA,92.2426%,39.7023%,False,1,FLEXICAR FUENLABRADA,True
COPA ESPAÑA,Play-offs 1/8 Final,AMICS CASTELLÓ,10,O. RUSSELL,74.4006%,19.1579%,True,1,FLEXICAR FUENLABRADA,True
COPA ESPAÑA,Play-offs 1/8 Final,AMICS CASTELLÓ,22,K. NEWTON,5.1481%,91.8825%,False,1,FLEXICAR FUENLABRADA,True
COPA ESPAÑA,Play-offs 1/8 Final,AMICS CASTELLÓ,4,R. FABREGA URPINA,95.2045%,56.7176%,False,1,FLEXICAR FUENLABRADA,True
COPA ESPAÑA,Play-offs 1/8 Final,AMICS CASTELLÓ,4,R. FABREGA URPINA,34.3441%,60.4988%,False,1,FLEXICAR FUENLABRADA,True
COPA ESPAÑA,Play-offs 1/8 Final,AMICS CASTELLÓ,22,K. NEWTON,83.6389%,20.2923%,False,1,FLEXICAR FUENLABRADA,True
COPA ESPAÑA,Play-offs 1/8 Final,AMICS CASTELLÓ,33,M. ANDREATTA,23.7659%,86.2107%,False,1,FLEXICAR FUENLABRADA,True
COPA ESPAÑA,Play-offs 1/8 Final,AMICS CASTELLÓ,22,K. NEWTON,25.2468%,83.816%,False,1,FLEXICAR FUENLABRADA,True
COPA ESPAÑA,Play-offs 1/8 Final,AMICS CASTELLÓ,27,K. BAOKO,91.6784%,59.6165%,False,1,FLEXICAR FUENLABRADA,True
COPA ESPAÑA,Play-offs 1/8 Final,AMICS CASTELLÓ,11,D. BAH,5.78279%,56.0874%,True,1,FLEXICAR FUENLABRADA,True
COPA ESPAÑA,Play-offs 1/8 Final,AMICS CASTELLÓ,10,O. RUSSELL,93.1594%,72.0944%,False,1,FLEXICAR FUENLABRADA,True
COPA ESPAÑA,Play-offs 1/8 Final,AMICS CASTELLÓ,42,F. STUTZ,24.6827%,64.532%,False,1,FLEXICAR FUENLABRADA,True
COPA ESPAÑA,Play-offs 1/8 Final,AMICS CASTELLÓ,4,R. FABREGA URPINA,60.5078%,45.3741%,True,1,FLEXICAR FUENLABRADA,True
COPA ESPAÑA,Play-offs 1/8 Final,AMICS CASTELLÓ,42,F. STUTZ,11.7772%,42.3491%,True,1,FLEXICAR FUENLABRADA,True
COPA ESPAÑA,Play-offs 1/8 Final,AMICS CASTELLÓ,13,P. GARCIA CARRERO,6.1354%,61.381%,False,1,FLEXICAR FUENLABRADA,True
COPA ESPAÑA,Play-offs 1/8 Final,AMICS CASTELLÓ,8,J. FANER CATALA,64.2454%,47.0126%,True,1,FLEXICAR FUENLABRADA,True
COPA ESPAÑA,Play-offs 1/8 Final,AMICS CASTELLÓ,10,O. RUSSELL,24.048%,13.7383%,False,1,FLEXICAR FUENLABRADA,True
COPA ESPAÑA,Play-offs 1/8 Final,AMICS CASTELLÓ,67,A. TAMAYO LESMES,77.9972%,88.1013%,False,1,FLEXICAR FUENLABRADA,True
COPA ESPAÑA,Play-offs 1/8 Final,AMICS CASTELLÓ,8,J. FANER CATALA,15.9379%,7.18423%,True,1,FLEXICAR FUENLABRADA,True
COPA ESPAÑA,Play-offs 1/8 Final,AMICS CASTELLÓ,8,J. FANER CATALA,78.3498%,74.7412%,False,1,FLEXICAR FUENLABRADA,True
COPA ESPAÑA,Play-offs 1/8 Final,AMICS CASTELLÓ,22,K. NEWTON,4.16079%,95.1595%,False,1,FLEXICAR FUENLABRADA,True
COPA ESPAÑA,Play-offs 1/8 Final,AMICS CASTELLÓ,22,K. NEWTON,79.7602%,90.1179%,False,1,FLEXICAR FUENLABRADA,True
COPA ESPAÑA,Play-offs 1/8 Final,AMICS CASTELLÓ,22,K. NEWTON,10.9309%,5.7978%,True,1,FLEXICAR FUENLABRADA,True
COPA ESPAÑA,Play-offs 1/8 Final,AMICS CASTELLÓ,8,J. FANER CATALA,19.2525%,21.9308%,True,1,FLEXICAR FUENLABRADA,True
COPA ESPAÑA,Play-offs 1/8 Final,AMICS CASTELLÓ,4,R. FABREGA URPINA,29.055%,74.8672%,False,1,FLEXICAR FUENLABRADA,True
COPA ESPAÑA,Play-offs 1/8 Final,AMICS CASTELLÓ,27,K. BAOKO,95.8392%,52.9364%,True,1,FLEXICAR FUENLABRADA,True
COPA ESPAÑA,Play-offs 1/8 Final,AMICS CASTELLÓ,42,F. STUTZ,32.0874%,69.6996%,False,1,FLEXICAR FUENLABRADA,True
COPA ESPAÑA,Play-offs 1/8 Final,AMICS CASTELLÓ,27,K. BAOKO,92.8068%,56.9697%,False,1,FLEXICAR FUENLABRADA,True
COPA ESPAÑA,Play-offs 1/8 Final,AMICS CASTELLÓ,4,R. FABREGA URPINA,8.25106%,15.6288%,False,1,FLEXICAR FUENLABRADA,True
COPA ESPAÑA,Play-offs 1/8 Final,AMICS CASTELLÓ,33,M. ANDREATTA,5.35966%,55.7093%,True,1,FLEXICAR FUENLABRADA,True
COPA ESPAÑA,Play-offs 1/8 Final,AMICS CASTELLÓ,42,F. STUTZ,92.9478%,58.9863%,False,1,FLEXICAR FUENLABRADA,True
COPA ESPAÑA,Play-offs 1/8 Final,AMICS CASTELLÓ,27,K. BAOKO,13.0465%,36.9294%,False,1,FLEXICAR FUENLABRADA,True
COPA ESPAÑA,Play-offs 1/8 Final,AMICS CASTELLÓ,33,M. ANDREATTA,93.0183%,7.31027%,False,1,FLEXICAR FUENLABRADA,True
COPA ESPAÑA,Play-offs 1/8 Final,AMICS CASTELLÓ,27,K. BAOKO,94.2172%,45.122%,True,1,FLEXICAR FUENLABRADA,True
COPA ESPAÑA,Play-offs 1/8 Final,AMICS CASTELLÓ,10,O. RUSSELL,67.4189%,48.6511%,True,1,FLEXICAR FUENLABRADA,True
COPA ESPAÑA,Play-offs 1/8 Final,AMICS CASTELLÓ,8,J. FANER CATALA,7.19323%,41.5929%,True,1,FLEXICAR FUENLABRADA,True
COPA ESPAÑA,Play-offs 1/8 Final,AMICS CASTELLÓ,4,R. FABREGA URPINA,5.64175%,59.1123%,True,1,FLEXICAR FUENLABRADA,True
COPA ESPAÑA,Play-offs 1/8 Final,AMICS CASTELLÓ,4,R. FABREGA URPINA,92.6657%,76.0016%,False,1,FLEXICAR FUENLABRADA,True
COPA ESPAÑA,Play-offs 1/8 Final,AMICS CASTELLÓ,4,R. FABREGA URPINA,93.653%,60.2467%,True,1,FLEXICAR FUENLABRADA,True
COPA ESPAÑA,Play-offs 1/8 Final,AMICS CASTELLÓ,27,K. BAOKO,93.5825%,53.0624%,True,1,FLEXICAR FUENLABRADA,True
COPA ESPAÑA,Play-offs 1/8 Final,AMICS CASTELLÓ,11,D. BAH,5.71227%,53.3145%,True,1,FLEXICAR FUENLABRADA,True
COPA ESPAÑA,Play-offs 1/8 Final,AMICS CASTELLÓ,8,J. FANER CATALA,27.0804%,20.1663%,False,1,FLEXICAR FUENLABRADA,True
COPA ESPAÑA,Play-offs 1/8 Final,AMICS CASTELLÓ,42,F. STUTZ,9.16784%,13.2341%,True,1,FLEXICAR FUENLABRADA,True
COPA ESPAÑA,Play-offs 1/8 Final,AMICS CASTELLÓ,4,R. FABREGA URPINA,8.88575%,69.5736%,True,1,FLEXICAR FUENLABRADA,True
COPA ESPAÑA,Play-offs 1/8 Final,AMICS CASTELLÓ,67,A. TAMAYO LESMES,87.4471%,6.93215%,False,1,FLEXICAR FUENLABRADA,True
COPA ESPAÑA,Play-offs 1/8 Final,AMICS CASTELLÓ,67,A. TAMAYO LESMES,11.213%,40.4585%,True,1,FLEXICAR FUENLABRADA,True
COPA ESPAÑA,Play-offs 1/8 Final,AMICS CASTELLÓ,8,J. FANER CATALA,9.16784%,13.2341%,False,1,FLEXICAR FUENLABRADA,True
COPA ESPAÑA,Play-offs 1/8 Final,AMICS CASTELLÓ,11,D. BAH,7.75741%,53.1885%,True,1,FLEXICAR FUENLABRADA,True
COPA ESPAÑA,Play-offs 1/8 Final,AMICS CASTELLÓ,33,M. ANDREATTA,94.7814%,46.8865%,True,1,FLEXICAR FUENLABRADA,True
COPA ESPAÑA,Play-offs 1/8 Final,AMICS CASTELLÓ,67,A. TAMAYO LESMES,28.7024%,74.237%,False,1,FLEXICAR FUENLABRADA,True
COPA ESPAÑA,Play-offs 1/8 Final,AMICS CASTELLÓ,42,F. STUTZ,92.9478%,58.9863%,True,1,FLEXICAR FUENLABRADA,True
COPA ESPAÑA,Play-offs 1/8 Final,AMICS CASTELLÓ,67,A. TAMAYO LESMES,5.35966%,55.7093%,False,1,FLEXICAR FUENLABRADA,True
COPA ESPAÑA,Play-offs 1/8 Final,AMICS CASTELLÓ,22,K. NEWTON,8.67419%,7.05819%,True,1,FLEXICAR FUENLABRADA,True
COPA ESPAÑA,Play-offs 1/8 Final,AMICS CASTELLÓ,11,D. BAH,11.7066%,36.1732%,False,1,FLEXICAR FUENLABRADA,True
COPA ESPAÑA,Play-offs 1/8 Final,AMICS CASTELLÓ,22,K. NEWTON,73.5543%,79.6567%,False,1,FLEXICAR FUENLABRADA,True
COPA ESPAÑA,Play-offs 1/8 Final,FLEXICAR FUENLABRADA,11,D. MANCHON CRESPO,27.2214%,18.1496%,True,1,AMICS CASTELLÓ,False
COPA ESPAÑA,Play-offs 1/8 Final,FLEXICAR FUENLABRADA,8,V. ALVES BENITE,74.33%,61.129%,False,1,AMICS CASTELLÓ,False
COPA ESPAÑA,Play-offs 1/8 Final,FLEXICAR FUENLABRADA,7,M. DIAZ,93.4415%,58.3561%,False,1,AMICS CASTELLÓ,False
COPA ESPAÑA,Play-offs 1/8 Final,FLEXICAR FUENLABRADA,30,P. RIGOT,85.543%,40.3325%,True,1,AMICS CASTELLÓ,False
COPA ESPAÑA,Play-offs 1/8 Final,FLEXICAR FUENLABRADA,7,M. DIAZ,38.9281%,32.0139%,False,1,AMICS CASTELLÓ,False
COPA ESPAÑA,Play-offs 1/8 Final,FLEXICAR FUENLABRADA,7,M. DIAZ,90.5501%,43.8616%,False,1,AMICS CASTELLÓ,False
COPA ESPAÑA,Play-offs 1/8 Final,FLEXICAR FUENLABRADA,30,P. RIGOT,9.44993%,61.5071%,True,1,AMICS CASTELLÓ,False
COPA ESPAÑA,Play-offs 1/8 Final,FLEXICAR FUENLABRADA,11,D. MANCHON CRESPO,7.12271%,56.0874%,True,1,AMICS CASTELLÓ,False
COPA ESPAÑA,Play-offs 1/8 Final,FLEXICAR FUENLABRADA,41,L. NIKKARINEN,66.8547%,30.3754%,False,1,AMICS CASTELLÓ,False
COPA ESPAÑA,Play-offs 1/8 Final,FLEXICAR FUENLABRADA,9,B. VIDARTE CANO,82.0169%,41.971%,False,1,AMICS CASTELLÓ,False
COPA ESPAÑA,Play-offs 1/8 Final,FLEXICAR FUENLABRADA,21,D. STOLBETSKIY,6.06488%,47.5167%,True,1,AMICS CASTELLÓ,False
COPA ESPAÑA,Play-offs 1/8 Final,FLEXICAR FUENLABRADA,21,D. STOLBETSKIY,14.0339%,93.521%,False,1,AMICS CASTELLÓ,False
COPA ESPAÑA,Play-offs 1/8 Final,FLEXICAR FUENLABRADA,35,J. BELEMENE-DZABATOU,24.5416%,19.41%,False,1,AMICS CASTELLÓ,False
COPA ESPAÑA,Play-offs 1/8 Final,FLEXICAR FUENLABRADA,35,J. BELEMENE-DZABATOU,16.8547%,93.2689%,False,1,AMICS CASTELLÓ,False
COPA ESPAÑA,Play-offs 1/8 Final,FLEXICAR FUENLABRADA,5,A. MURPHY,28.4908%,75.6234%,True,1,AMICS CASTELLÓ,False
COPA ESPAÑA,Play-offs 1/8 Final,FLEXICAR FUENLABRADA,41,L. NIKKARINEN,21.7913%,13.7383%,False,1,AMICS CASTELLÓ,False
COPA ESPAÑA,Play-offs 1/8 Final,FLEXICAR FUENLABRADA,15,P. RODRIGUEZ PASCUAL,88.646%,5.92384%,False,1,AMICS CASTELLÓ,False
COPA ESPAÑA,Play-offs 1/8 Final,FLEXICAR FUENLABRADA,7,M. DIAZ,41.7489%,16.259%,False,1,AMICS CASTELLÓ,False
COPA ESPAÑA,Play-offs 1/8 Final,FLEXICAR FUENLABRADA,30,P. RIGOT,27.2214%,18.1496%,False,1,AMICS CASTELLÓ,False
COPA ESPAÑA,Play-offs 1/8 Final,FLEXICAR FUENLABRADA,7,M. DIAZ,81.2412%,65.9184%,True,1,AMICS CASTELLÓ,False
COPA ESPAÑA,Play-offs 1/8 Final,FLEXICAR FUENLABRADA,21,D. STOLBETSKIY,92.6657%,40.8367%,False,1,AMICS CASTELLÓ,False
COPA ESPAÑA,Play-offs 1/8 Final,FLEXICAR FUENLABRADA,35,J. BELEMENE-DZABATOU,10.7193%,69.8256%,False,1,AMICS CASTELLÓ,False
COPA ESPAÑA,Play-offs 1/8 Final,FLEXICAR FUENLABRADA,8,V. ALVES BENITE,15.7264%,15.8809%,False,1,AMICS CASTELLÓ,False
COPA ESPAÑA,Play-offs 1/8 Final,FLEXICAR FUENLABRADA,88,J. KASIBABU SHILALA,91.5374%,24.4516%,True,1,AMICS CASTELLÓ,False
COPA ESPAÑA,Play-offs 1/8 Final,FLEXICAR FUENLABRADA,21,D. STOLBETSKIY,93.4415%,58.3561%,True,1,AMICS CASTELLÓ,False
COPA ESPAÑA,Play-offs 1/8 Final,FLEXICAR FUENLABRADA,7,M. DIAZ,26.5867%,18.6538%,True,1,AMICS CASTELLÓ,False
COPA ESPAÑA,Play-offs 1/8 Final,FLEXICAR FUENLABRADA,7,M. DIAZ,93.8646%,54.1968%,True,1,AMICS CASTELLÓ,False
COPA ESPAÑA,Play-offs 1/8 Final,FLEXICAR FUENLABRADA,21,D. STOLBETSKIY,91.7489%,31.3837%,True,1,AMICS CASTELLÓ,False
COPA ESPAÑA,Play-offs 1/8 Final,FLEXICAR FUENLABRADA,11,D. MANCHON CRESPO,78.6319%,88.1013%,False,1,AMICS CASTELLÓ,False
COPA ESPAÑA,Play-offs 1/8 Final,FLEXICAR FUENLABRADA,88,J. KASIBABU SHILALA,91.0437%,78.0182%,False,1,AMICS CASTELLÓ,False
COPA ESPAÑA,Play-offs 1/8 Final,FLEXICAR FUENLABRADA,30,P. RIGOT,91.4669%,44.6178%,True,1,AMICS CASTELLÓ,False
COPA ESPAÑA,Play-offs 1/8 Final,FLEXICAR FUENLABRADA,8,V. ALVES BENITE,93.2299%,54.5749%,True,1,AMICS CASTELLÓ,False
COPA ESPAÑA,Play-offs 1/8 Final,FLEXICAR FUENLABRADA,15,P. RODRIGUEZ PASCUAL,67.6305%,33.9045%,False,1,AMICS CASTELLÓ,False
COPA ESPAÑA,Play-offs 1/8 Final,FLEXICAR FUENLABRADA,88,J. KASIBABU SHILALA,89.3512%,43.9876%,True,1,AMICS CASTELLÓ,False
COPA ESPAÑA,Play-offs 1/8 Final,FLEXICAR FUENLABRADA,88,J. KASIBABU SHILALA,5.28914%,88.6055%,False,1,AMICS CASTELLÓ,False
COPA ESPAÑA,Play-offs 1/8 Final,FLEXICAR FUENLABRADA,8,V. ALVES BENITE,26.4457%,13.2341%,True,1,AMICS CASTELLÓ,False
COPA ESPAÑA,Play-offs 1/8 Final,FLEXICAR FUENLABRADA,8,V. ALVES BENITE,94.2172%,87.219%,False,1,AMICS CASTELLÓ,False
COPA ESPAÑA,Play-offs 1/8 Final,FLEXICAR FUENLABRADA,7,M. DIAZ,28.2793%,75.1193%,True,1,AMICS CASTELLÓ,False
COPA ESPAÑA,Play-offs 1/8 Final,FLEXICAR FUENLABRADA,41,L. NIKKARINEN,74.33%,43.4835%,False,1,AMICS CASTELLÓ,False
COPA ESPAÑA,Play-offs 1/8 Final,FLEXICAR FUENLABRADA,5,A. MURPHY,94.7814%,92.0085%,False,1,AMICS CASTELLÓ,False
COPA ESPAÑA,Play-offs 1/8 Final,FLEXICAR FUENLABRADA,30,P. RIGOT,18.4767%,91.5044%,False,1,AMICS CASTELLÓ,False
COPA ESPAÑA,Play-offs 1/8 Final,FLEXICAR FUENLABRADA,30,P. RIGOT,92.1016%,92.8908%,False,1,AMICS CASTELLÓ,False
COPA ESPAÑA,Play-offs 1/8 Final,FLEXICAR FUENLABRADA,35,J. BELEMENE-DZABATOU,5.28914%,68.6913%,False,1,AMICS CASTELLÓ,False
COPA ESPAÑA,Play-offs 1/8 Final,FLEXICAR FUENLABRADA,88,J. KASIBABU SHILALA,85.2609%,43.9876%,False,1,AMICS CASTELLÓ,False
COPA ESPAÑA,Play-offs 1/8 Final,FLEXICAR FUENLABRADA,30,P. RIGOT,25.952%,80.1609%,False,1,AMICS CASTELLÓ,False
COPA ESPAÑA,Play-offs 1/8 Final,FLEXICAR FUENLABRADA,5,A. MURPHY,66.9253%,46.7605%,False,1,AMICS CASTELLÓ,False
COPA ESPAÑA,Play-offs 1/8 Final,FLEXICAR FUENLABRADA,5,A. MURPHY,8.03949%,41.4669%,True,1,AMICS CASTELLÓ,False
COPA ESPAÑA,Play-offs 1/8 Final,FLEXICAR FUENLABRADA,8,V. ALVES BENITE,23.0606%,11.4696%,False,1,AMICS CASTELLÓ,False
COPA ESPAÑA,Play-offs 1/8 Final,FLEXICAR FUENLABRADA,21,D. STOLBETSKIY,12.5529%,51.0458%,True,1,AMICS CASTELLÓ,False
COPA ESPAÑA,Play-offs 1/8 Final,FLEXICAR FUENLABRADA,11,D. MANCHON CRESPO,8.53315%,45.5001%,False,1,AMICS CASTELLÓ,False
COPA ESPAÑA,Play-offs 1/8 Final,FLEXICAR FUENLABRADA,7,M. DIAZ,39.2102%,56.4655%,False,1,AMICS CASTELLÓ,False
COPA ESPAÑA,Play-offs 1/8 Final,FLEXICAR FUENLABRADA,5,A. MURPHY,5.00705%,93.2689%,True,1,AMICS CASTELLÓ,False
COPA ESPAÑA,Play-offs 1/8 Final,FLEXICAR FUENLABRADA,88,J. KASIBABU SHILALA,5.28914%,68.6913%,False,1,AMICS CASTELLÓ,False
COPA ESPAÑA,Play-offs 1/8 Final,FLEXICAR FUENLABRADA,9,B. VIDARTE CANO,88.5049%,24.3255%,False,1,AMICS CASTELLÓ,False
COPA ESPAÑA,Play-offs 1/8 Final,FLEXICAR FUENLABRADA,21,D. STOLBETSKIY,95.3456%,54.5749%,True,1,AMICS CASTELLÓ,False
COPA ESPAÑA,Play-offs 1/8 Final,FLEXICAR FUENLABRADA,7,M. DIAZ,91.5374%,24.4516%,False,1,AMICS CASTELLÓ,False
COPA ESPAÑA,Play-offs 1/8 Final,FLEXICAR FUENLABRADA,11,D. MANCHON CRESPO,86.3893%,93.2689%,False,1,AMICS CASTELLÓ,False
COPA ESPAÑA,Play-offs 1/8 Final,FLEXICAR FUENLABRADA,30,P. RIGOT,69.2525%,35.7951%,True,1,AMICS CASTELLÓ,False
COPA ESPAÑA,Play-offs 1/8 Final,FLEXICAR FUENLABRADA,41,L. NIKKARINEN,83.4979%,25.2078%,False,1,AMICS CASTELLÓ,False
COPA ESPAÑA,Play-offs 1/8 Final,FLEXICAR FUENLABRADA,30,P. RIGOT,4.93653%,7.05819%,False,1,AMICS CASTELLÓ,False
COPA ESPAÑA,Play-offs 1/8 Final,FLEXICAR FUENLABRADA,9,B. VIDARTE CANO,94.9929%,55.9613%,True,1,AMICS CASTELLÓ,False
COPA ESPAÑA,Play-offs 1/8 Final,FLEXICAR FUENLABRADA,7,M. DIAZ,66.6432%,23.5693%,False,1,AMICS CASTELLÓ,False
COPA ESPAÑA,Play-offs 1/8 Final,FLEXICAR FUENLABRADA,7,M. DIAZ,20.5219%,25.3339%,False,1,AMICS CASTELLÓ,False
COPA ESPAÑA,Play-offs 1/8 Final,FLEXICAR FUENLABRADA,7,M. DIAZ,11.0014%,65.0362%,True,1,AMICS CASTELLÓ,False
COPA ESPAÑA,Play-offs 1/8 Final,FLEXICAR FUENLABRADA,7,M. DIAZ,33.78%,49.0292%,False,1,AMICS CASTELLÓ,False
COPA ESPAÑA,Play-offs 1/8 Final,FLEXICAR FUENLABRADA,11,D. MANCHON CRESPO,9.30889%,47.7688%,True,1,AMICS CASTELLÓ,False
COPA ESPAÑA,Play-offs 1/8 Final,FLEXICAR FUENLABRADA,9,B. VIDARTE CANO,92.1016%,92.8908%,False,1,AMICS CASTELLÓ,False
COPA ESPAÑA,Play-offs 1/8 Final,FLEXICAR FUENLABRADA,15,P. RODRIGUEZ PASCUAL,84.6262%,93.0168%,True,1,AMICS CASTELLÓ,False
COPA ESPAÑA,Play-offs 1/8 Final,FLEXICAR FUENLABRADA,35,J. BELEMENE-DZABATOU,80.4654%,9.20085%,True,1,AMICS CASTELLÓ,False
COPA ESPAÑA,Play-offs 1/8 Final,FLEXICAR FUENLABRADA,35,J. BELEMENE-DZABATOU,96.1213%,54.953%,True,1,AMICS CASTELLÓ,False
COPA ESPAÑA,Play-offs 1/8 Final,FLEXICAR FUENLABRADA,11,D. MANCHON CRESPO,85.402%,7.43631%,False,1,AMICS CASTELLÓ,False
COPA ESPAÑA,Play-offs 1/8 Final,BIELE ISB,0,P. BADJI,24.5416%,48.525%,False,1,SÚPER AGROPAL PALENCIA,True
COPA ESPAÑA,Play-offs 1/8 Final,BIELE ISB,15,M. NIANG NDONGO,13.1876%,49.5334%,True,1,SÚPER AGROPAL PALENCIA,True
COPA ESPAÑA,Play-offs 1/8 Final,BIELE ISB,14,T. SAGNA,84.4147%,50.6677%,True,1,SÚPER AGROPAL PALENCIA,True
COPA ESPAÑA,Play-offs 1/8 Final,BIELE ISB,7,I. AIZPITARTE ARANZA,28.5614%,15.8809%,False,1,SÚPER AGROPAL PALENCIA,True
COPA ESPAÑA,Play-offs 1/8 Final,BIELE ISB,10,O. ARDANZA BERNAOLA,66.5021%,42.0971%,True,1,SÚPER AGROPAL PALENCIA,True
COPA ESPAÑA,Play-offs 1/8 Final,BIELE ISB,14,T. SAGNA,80.1834%,28.4848%,True,1,SÚPER AGROPAL PALENCIA,True
COPA ESPAÑA,Play-offs 1/8 Final,BIELE ISB,7,I. AIZPITARTE ARANZA,69.9577%,27.3505%,True,1,SÚPER AGROPAL PALENCIA,True
COPA ESPAÑA,Play-offs 1/8 Final,BIELE ISB,10,O. ARDANZA BERNAOLA,35.1904%,62.6414%,False,1,SÚPER AGROPAL PALENCIA,True
COPA ESPAÑA,Play-offs 1/8 Final,BIELE ISB,14,T. SAGNA,5.99436%,62.5154%,True,1,SÚPER AGROPAL PALENCIA,True
COPA ESPAÑA,Play-offs 1/8 Final,BIELE ISB,13,M. OLAIZOLA GARIN,26.0226%,85.3285%,False,1,SÚPER AGROPAL PALENCIA,True
COPA ESPAÑA,Play-offs 1/8 Final,BIELE ISB,13,M. OLAIZOLA GARIN,90.7616%,77.262%,False,1,SÚPER AGROPAL PALENCIA,True
COPA ESPAÑA,Play-offs 1/8 Final,BIELE ISB,15,M. NIANG NDONGO,16.7137%,94.9074%,False,1,SÚPER AGROPAL PALENCIA,True
COPA ESPAÑA,Play-offs 1/8 Final,BIELE ISB,15,M. NIANG NDONGO,85.402%,45.7522%,True,1,SÚPER AGROPAL PALENCIA,True
COPA ESPAÑA,Play-offs 1/8 Final,BIELE ISB,10,O. ARDANZA BERNAOLA,86.1072%,93.395%,False,1,SÚPER AGROPAL PALENCIA,True
COPA ESPAÑA,Play-offs 1/8 Final,BIELE ISB,13,M. OLAIZOLA GARIN,9.94358%,60.2467%,True,1,SÚPER AGROPAL PALENCIA,True
COPA ESPAÑA,Play-offs 1/8 Final,BIELE ISB,7,I. AIZPITARTE ARANZA,80.1834%,28.4848%,False,1,SÚPER AGROPAL PALENCIA,True
COPA ESPAÑA,Play-offs 1/8 Final,BIELE ISB,0,P. BADJI,8.03949%,38.694%,True,1,SÚPER AGROPAL PALENCIA,True
COPA ESPAÑA,Play-offs 1/8 Final,BIELE ISB,7,I. AIZPITARTE ARANZA,67.9126%,32.0139%,True,1,SÚPER AGROPAL PALENCIA,True
COPA ESPAÑA,Play-offs 1/8 Final,BIELE ISB,15,M. NIANG NDONGO,67.2073%,25.2078%,False,1,SÚPER AGROPAL PALENCIA,True
COPA ESPAÑA,Play-offs 1/8 Final,BIELE ISB,6,J. KARRERA ALTUNA,29.2666%,19.0319%,False,1,SÚPER AGROPAL PALENCIA,True
COPA ESPAÑA,Play-offs 1/8 Final,BIELE ISB,10,O. ARDANZA BERNAOLA,84.3441%,47.1386%,True,1,SÚPER AGROPAL PALENCIA,True
COPA ESPAÑA,Play-offs 1/8 Final,BIELE ISB,13,M. OLAIZOLA GARIN,72.6375%,17.7715%,True,1,SÚPER AGROPAL PALENCIA,True
COPA ESPAÑA,Play-offs 1/8 Final,BIELE ISB,15,M. NIANG NDONGO,93.512%,74.237%,False,1,SÚPER AGROPAL PALENCIA,True
COPA ESPAÑA,Play-offs 1/8 Final,BIELE ISB,14,T. SAGNA,88.2934%,50.6677%,True,1,SÚPER AGROPAL PALENCIA,True
COPA ESPAÑA,Play-offs 1/8 Final,BIELE ISB,15,M. NIANG NDONGO,8.32158%,73.1027%,True,1,SÚPER AGROPAL PALENCIA,True
COPA ESPAÑA,Play-offs 1/8 Final,BIELE ISB,8,A. MONCANUT MORE,65.5148%,55.0791%,False,1,SÚPER AGROPAL PALENCIA,True
COPA ESPAÑA,Play-offs 1/8 Final,BIELE ISB,13,M. OLAIZOLA GARIN,81.6643%,8.94877%,False,1,SÚPER AGROPAL PALENCIA,True
COPA ESPAÑA,Play-offs 1/8 Final,BIELE ISB,14,T. SAGNA,10.7898%,62.3893%,False,1,SÚPER AGROPAL PALENCIA,True
COPA ESPAÑA,Play-offs 1/8 Final,BIELE ISB,14,T. SAGNA,10.5078%,50.5417%,True,1,SÚPER AGROPAL PALENCIA,True
COPA ESPAÑA,Play-offs 1/8 Final,BIELE ISB,10,O. ARDANZA BERNAOLA,90.7616%,31.7618%,False,1,SÚPER AGROPAL PALENCIA,True
COPA ESPAÑA,Play-offs 1/8 Final,BIELE ISB,7,I. AIZPITARTE ARANZA,67.0663%,77.1359%,False,1,SÚPER AGROPAL PALENCIA,True
COPA ESPAÑA,Play-offs 1/8 Final,BIELE ISB,30,I. MIRANDA GARCIA,82.0874%,51.9281%,True,1,SÚPER AGROPAL PALENCIA,True
COPA ESPAÑA,Play-offs 1/8 Final,BIELE ISB,8,A. MONCANUT MORE,69.5346%,74.8672%,False,1,SÚPER AGROPAL PALENCIA,True
COPA ESPAÑA,Play-offs 1/8 Final,BIELE ISB,7,I. AIZPITARTE ARANZA,21.3681%,49.5334%,False,1,SÚPER AGROPAL PALENCIA,True
COPA ESPAÑA,Play-offs 1/8 Final,BIELE ISB,15,M. NIANG NDONGO,15.3032%,5.1676%,False,1,SÚPER AGROPAL PALENCIA,True
COPA ESPAÑA,Play-offs 1/8 Final,BIELE ISB,7,I. AIZPITARTE ARANZA,71.1566%,83.1858%,False,1,SÚPER AGROPAL PALENCIA,True
COPA ESPAÑA,Play-offs 1/8 Final,BIELE ISB,8,A. MONCANUT MORE,14.0339%,33.2743%,False,1,SÚPER AGROPAL PALENCIA,True
COPA ESPAÑA,Play-offs 1/8 Final,BIELE ISB,7,I. AIZPITARTE ARANZA,67.3484%,31.2577%,False,1,SÚPER AGROPAL PALENCIA,True
COPA ESPAÑA,Play-offs 1/8 Final,BIELE ISB,14,T. SAGNA,13.6812%,55.2051%,False,1,SÚPER AGROPAL PALENCIA,True
COPA ESPAÑA,Play-offs 1/8 Final,BIELE ISB,7,I. AIZPITARTE ARANZA,91.2553%,36.2993%,True,1,SÚPER AGROPAL PALENCIA,True
COPA ESPAÑA,Play-offs 1/8 Final,BIELE ISB,15,M. NIANG NDONGO,10.5078%,39.3242%,False,1,SÚPER AGROPAL PALENCIA,True
COPA ESPAÑA,Play-offs 1/8 Final,BIELE ISB,30,I. MIRANDA GARCIA,87.0945%,45.8782%,False,1,SÚPER AGROPAL PALENCIA,True
COPA ESPAÑA,Play-offs 1/8 Final,BIELE ISB,8,A. MONCANUT MORE,82.8632%,48.1469%,True,1,SÚPER AGROPAL PALENCIA,True
COPA ESPAÑA,Play-offs 1/8 Final,BIELE ISB,8,A. MONCANUT MORE,74.4006%,88.7315%,False,1,SÚPER AGROPAL PALENCIA,True
COPA ESPAÑA,Play-offs 1/8 Final,BIELE ISB,8,A. MONCANUT MORE,30.3949%,26.2161%,False,1,SÚPER AGROPAL PALENCIA,True
COPA ESPAÑA,Play-offs 1/8 Final,BIELE ISB,50,O. INDA HERNANDEZ,9.87306%,63.6497%,True,1,SÚPER AGROPAL PALENCIA,True
COPA ESPAÑA,Play-offs 1/8 Final,BIELE ISB,8,A. MONCANUT MORE,10.2962%,64.1539%,False,1,SÚPER AGROPAL PALENCIA,True
COPA ESPAÑA,Play-offs 1/8 Final,BIELE ISB,8,A. MONCANUT MORE,10.1551%,41.4669%,False,1,SÚPER AGROPAL PALENCIA,True
COPA ESPAÑA,Play-offs 1/8 Final,BIELE ISB,14,T. SAGNA,26.2341%,15.1247%,False,1,SÚPER AGROPAL PALENCIA,True
COPA ESPAÑA,Play-offs 1/8 Final,BIELE ISB,42,A. ACHA CORTABARRIA,12.0592%,48.525%,False,1,SÚPER AGROPAL PALENCIA,True
COPA ESPAÑA,Play-offs 1/8 Final,SÚPER AGROPAL PALENCIA,6,T. BORG,69.6051%,21.6787%,True,1,BIELE ISB,False
COPA ESPAÑA,Play-offs 1/8 Final,SÚPER AGROPAL PALENCIA,6,T. BORG,35.402%,55.7093%,False,1,BIELE ISB,False
COPA ESPAÑA,Play-offs 1/8 Final,SÚPER AGROPAL PALENCIA,6,T. BORG,7.82793%,41.0887%,True,1,BIELE ISB,False
COPA ESPAÑA,Play-offs 1/8 Final,SÚPER AGROPAL PALENCIA,2,A. WINTERING,20.1693%,36.0472%,True,1,BIELE ISB,False
COPA ESPAÑA,Play-offs 1/8 Final,SÚPER AGROPAL PALENCIA,9,M. KAMBA,35.543%,51.0458%,False,1,BIELE ISB,False
COPA ESPAÑA,Play-offs 1/8 Final,SÚPER AGROPAL PALENCIA,13,J. VRANKIC,10.5783%,63.5237%,False,1,BIELE ISB,False
COPA ESPAÑA,Play-offs 1/8 Final,SÚPER AGROPAL PALENCIA,31,S. UGOCHUKWU,12.9055%,44.3658%,False,1,BIELE ISB,False
COPA ESPAÑA,Play-offs 1/8 Final,SÚPER AGROPAL PALENCIA,5,A. KUNKEL,90.6206%,55.4572%,True,1,BIELE ISB,False
COPA ESPAÑA,Play-offs 1/8 Final,SÚPER AGROPAL PALENCIA,8,I. JAKOVICS,8.46262%,42.2231%,True,1,BIELE ISB,False
COPA ESPAÑA,Play-offs 1/8 Final,SÚPER AGROPAL PALENCIA,5,A. KUNKEL,79.7602%,10.9654%,True,1,BIELE ISB,False
COPA ESPAÑA,Play-offs 1/8 Final,SÚPER AGROPAL PALENCIA,31,S. UGOCHUKWU,12.5529%,49.2813%,True,1,BIELE ISB,False
COPA ESPAÑA,Play-offs 1/8 Final,SÚPER AGROPAL PALENCIA,2,A. WINTERING,79.4781%,41.845%,False,1,BIELE ISB,False
COPA ESPAÑA,Play-offs 1/8 Final,SÚPER AGROPAL PALENCIA,4,O. GOMEZ FERNANDEZ,87.8702%,5.1676%,False,1,BIELE ISB,False
COPA ESPAÑA,Play-offs 1/8 Final,SÚPER AGROPAL PALENCIA,6,T. BORG,7.54584%,64.532%,True,1,BIELE ISB,False
COPA ESPAÑA,Play-offs 1/8 Final,SÚPER AGROPAL PALENCIA,2,A. WINTERING,91.1142%,62.7675%,True,1,BIELE ISB,False
COPA ESPAÑA,Play-offs 1/8 Final,SÚPER AGROPAL PALENCIA,17,M. ARMUS,7.47532%,62.5154%,True,1,BIELE ISB,False
COPA ESPAÑA,Play-offs 1/8 Final,SÚPER AGROPAL PALENCIA,2,A. WINTERING,86.8124%,46.2563%,False,1,BIELE ISB,False
COPA ESPAÑA,Play-offs 1/8 Final,SÚPER AGROPAL PALENCIA,5,A. KUNKEL,13.4697%,55.7093%,True,1,BIELE ISB,False
COPA ESPAÑA,Play-offs 1/8 Final,SÚPER AGROPAL PALENCIA,8,I. JAKOVICS,25.952%,85.4545%,True,1,BIELE ISB,False
COPA ESPAÑA,Play-offs 1/8 Final,SÚPER AGROPAL PALENCIA,6,T. BORG,84.4147%,46.6345%,False,1,BIELE ISB,False
COPA ESPAÑA,Play-offs 1/8 Final,SÚPER AGROPAL PALENCIA,6,T. BORG,76.2341%,89.3617%,False,1,BIELE ISB,False
COPA ESPAÑA,Play-offs 1/8 Final,SÚPER AGROPAL PALENCIA,6,T. BORG,33.0042%,49.2813%,False,1,BIELE ISB,False
COPA ESPAÑA,Play-offs 1/8 Final,SÚPER AGROPAL PALENCIA,5,A. KUNKEL,84.4852%,7.43631%,True,1,BIELE ISB,False
COPA ESPAÑA,Play-offs 1/8 Final,SÚPER AGROPAL PALENCIA,9,M. KAMBA,16.5726%,95.1595%,True,1,BIELE ISB,False
COPA ESPAÑA,Play-offs 1/8 Final,SÚPER AGROPAL PALENCIA,17,M. ARMUS,10.0141%,66.8007%,False,1,BIELE ISB,False
COPA ESPAÑA,Play-offs 1/8 Final,SÚPER AGROPAL PALENCIA,7,X. OROZ URIA,67.3484%,73.6068%,False,1,BIELE ISB,False
COPA ESPAÑA,Play-offs 1/8 Final,SÚPER AGROPAL PALENCIA,6,T. BORG,14.457%,95.2855%,False,1,BIELE ISB,False
COPA ESPAÑA,Play-offs 1/8 Final,SÚPER AGROPAL PALENCIA,5,A. KUNKEL,10.2257%,42.6012%,False,1,BIELE ISB,False
COPA ESPAÑA,Play-offs 1/8 Final,SÚPER AGROPAL PALENCIA,17,M. ARMUS,90.1975%,55.0791%,True,1,BIELE ISB,False
COPA ESPAÑA,Play-offs 1/8 Final,SÚPER AGROPAL PALENCIA,8,I. JAKOVICS,64.3159%,54.827%,True,1,BIELE ISB,False
COPA ESPAÑA,Play-offs 1/8 Final,SÚPER AGROPAL PALENCIA,13,J. VRANKIC,66.7842%,31.3837%,True,1,BIELE ISB,False
COPA ESPAÑA,Play-offs 1/8 Final,SÚPER AGROPAL PALENCIA,8,I. JAKOVICS,11.0014%,5.67176%,False,1,BIELE ISB,False
COPA ESPAÑA,Play-offs 1/8 Final,SÚPER AGROPAL PALENCIA,5,A. KUNKEL,79.055%,31.7618%,False,1,BIELE ISB,False
COPA ESPAÑA,Play-offs 1/8 Final,SÚPER AGROPAL PALENCIA,9,M. KAMBA,90.6206%,59.2384%,True,1,BIELE ISB,False
COPA ESPAÑA,Play-offs 1/8 Final,SÚPER AGROPAL PALENCIA,13,J. VRANKIC,30.8886%,25.3339%,False,1,BIELE ISB,False
COPA ESPAÑA,Play-offs 1/8 Final,SÚPER AGROPAL PALENCIA,8,I. JAKOVICS,69.6051%,21.6787%,False,1,BIELE ISB,False
COPA ESPAÑA,Play-offs 1/8 Final,SÚPER AGROPAL PALENCIA,5,A. KUNKEL,76.0226%,50.2896%,False,1,BIELE ISB,False
COPA ESPAÑA,Play-offs 1/8 Final,SÚPER AGROPAL PALENCIA,8,I. JAKOVICS,76.7983%,70.4558%,True,1,BIELE ISB,False
COPA ESPAÑA,Play-offs 1/8 Final,SÚPER AGROPAL PALENCIA,8,I. JAKOVICS,7.82793%,39.3242%,True,1,BIELE ISB,False
COPA ESPAÑA,Play-offs 1/8 Final,SÚPER AGROPAL PALENCIA,5,A. KUNKEL,91.3963%,64.1539%,True,1,BIELE ISB,False
COPA ESPAÑA,Play-offs 1/8 Final,SÚPER AGROPAL PALENCIA,2,A. WINTERING,15.1622%,58.7342%,False,1,BIELE ISB,False
COPA ESPAÑA,Play-offs 1/8 Final,SÚPER AGROPAL PALENCIA,6,T. BORG,17.4189%,6.68007%,True,1,BIELE ISB,False
COPA ESPAÑA,Play-offs 1/8 Final,SÚPER AGROPAL PALENCIA,8,I. JAKOVICS,24.1185%,87.7232%,False,1,BIELE ISB,False
COPA ESPAÑA,Play-offs 1/8 Final,SÚPER AGROPAL PALENCIA,31,S. UGOCHUKWU,89.6333%,43.3574%,True,1,BIELE ISB,False
COPA ESPAÑA,Play-offs 1/8 Final,SÚPER AGROPAL PALENCIA,13,J. VRANKIC,80.4654%,33.2743%,False,1,BIELE ISB,False
COPA ESPAÑA,Play-offs 1/8 Final,SÚPER AGROPAL PALENCIA,2,A. WINTERING,91.1142%,39.5763%,True,1,BIELE ISB,False
COPA ESPAÑA,Play-offs 1/8 Final,SÚPER AGROPAL PALENCIA,2,A. WINTERING,90.0564%,60.8769%,True,1,BIELE ISB,False
COPA ESPAÑA,Play-offs 1/8 Final,SÚPER AGROPAL PALENCIA,7,X. OROZ URIA,92.031%,62.3893%,False,1,BIELE ISB,False
COPA ESPAÑA,Play-offs 1/8 Final,SÚPER AGROPAL PALENCIA,9,M. KAMBA,23.3427%,11.3435%,False,1,BIELE ISB,False
COPA ESPAÑA,Play-offs 1/8 Final,SÚPER AGROPAL PALENCIA,31,S. UGOCHUKWU,92.2426%,63.1456%,True,1,BIELE ISB,False
COPA ESPAÑA,Play-offs 1/8 Final,SÚPER AGROPAL PALENCIA,5,A. KUNKEL,63.2581%,52.3062%,True,1,BIELE ISB,False
COPA ESPAÑA,Play-offs 1/8 Final,SÚPER AGROPAL PALENCIA,2,A. WINTERING,18.3357%,59.2384%,False,1,BIELE ISB,False
COPA ESPAÑA,Play-offs 1/8 Final,SÚPER AGROPAL PALENCIA,31,S. UGOCHUKWU,11.8477%,42.3491%,True,1,BIELE ISB,False
COPA ESPAÑA,Play-offs 1/8 Final,SÚPER AGROPAL PALENCIA,17,M. ARMUS,87.165%,46.8865%,False,1,BIELE ISB,False
COPA ESPAÑA,Play-offs 1/8 Final,SÚPER AGROPAL PALENCIA,7,X. OROZ URIA,86.5303%,95.2855%,True,1,BIELE ISB,False
COPA ESPAÑA,Play-offs 1/8 Final,SÚPER AGROPAL PALENCIA,31,S. UGOCHUKWU,10.8604%,56.2134%,False,1,BIELE ISB,False
COPA ESPAÑA,Play-offs 1/8 Final,SÚPER AGROPAL PALENCIA,2,A. WINTERING,24.4711%,57.7259%,True,1,BIELE ISB,False
COPA ESPAÑA,Play-offs 1/8 Final,SÚPER AGROPAL PALENCIA,2,A. WINTERING,9.87306%,58.8602%,True,1,BIELE ISB,False
COPA ESPAÑA,Play-offs 1/8 Final,SÚPER AGROPAL PALENCIA,2,A. WINTERING,26.0226%,89.1096%,False,1,BIELE ISB,False
COPA ESPAÑA,Play-offs 1/8 Final,SÚPER AGROPAL PALENCIA,9,M. KAMBA,16.079%,24.9557%,False,1,BIELE ISB,False
COPA ESPAÑA,Play-offs 1/8 Final,SÚPER AGROPAL PALENCIA,5,A. KUNKEL,68.1241%,23.9474%,False,1,BIELE ISB,False
COPA ESPAÑA,Play-offs 1/8 Final,SÚPER AGROPAL PALENCIA,2,A. WINTERING,94.4288%,39.1982%,True,1,BIELE ISB,False
COPA ESPAÑA,Play-offs 1/8 Final,SÚPER AGROPAL PALENCIA,31,S. UGOCHUKWU,89.2807%,48.525%,True,1,BIELE ISB,False
COPA ESPAÑA,Play-offs 1/8 Final,SÚPER AGROPAL PALENCIA,31,S. UGOCHUKWU,10.2962%,62.5154%,False,1,BIELE ISB,False
COPA ESPAÑA,Play-offs 1/8 Final,SÚPER AGROPAL PALENCIA,17,M. ARMUS,6.1354%,37.4336%,True,1,BIELE ISB,False
COPA ESPAÑA,Play-offs 1/8 Final,SÚPER AGROPAL PALENCIA,6,T. BORG,69.8872%,83.942%,False,1,BIELE ISB,False
COPA ESPAÑA,Play-offs 1/8 Final,SÚPER AGROPAL PALENCIA,7,X. OROZ URIA,30.1834%,80.9171%,True,1,BIELE ISB,False
COPA ESPAÑA,Play-offs 1/8 Final,SÚPER AGROPAL PALENCIA,13,J. VRANKIC,88.3639%,49.4073%,True,1,BIELE ISB,False
COPA ESPAÑA,Play-offs 1/16 Final,INVEREADY GIPUZKOA,10,M. ANSORREGUI DEBA,7.05219%,52.0541%,True,1,PALMER BASKET MALLORCA PALMA,True
COPA ESPAÑA,Play-offs 1/16 Final,INVEREADY GIPUZKOA,22,G. KORSANTIA,6.98166%,49.1552%,True,1,PALMER BASKET MALLORCA PALMA,True
COPA ESPAÑA,Play-offs 1/16 Final,INVEREADY GIPUZKOA,9,M. MOTOS CABODEVILLA,6.91114%,51.9281%,True,1,PALMER BASKET MALLORCA PALMA,True
COPA ESPAÑA,Play-offs 1/16 Final,INVEREADY GIPUZKOA,13,T. MCGHIE,23.1312%,38.0638%,True,1,PALMER BASKET MALLORCA PALMA,True
COPA ESPAÑA,Play-offs 1/16 Final,INVEREADY GIPUZKOA,2,O. HANZLIK,29.5487%,29.2411%,False,1,PALMER BASKET MALLORCA PALMA,True
COPA ESPAÑA,Play-offs 1/16 Final,INVEREADY GIPUZKOA,22,G. KORSANTIA,93.2299%,52.1802%,True,1,PALMER BASKET MALLORCA PALMA,True
COPA ESPAÑA,Play-offs 1/16 Final,INVEREADY GIPUZKOA,22,G. KORSANTIA,93.0183%,51.676%,True,1,PALMER BASKET MALLORCA PALMA,True
COPA ESPAÑA,Play-offs 1/16 Final,INVEREADY GIPUZKOA,1,L. TERRY,8.3921%,46.3824%,False,1,PALMER BASKET MALLORCA PALMA,True
COPA ESPAÑA,Play-offs 1/16 Final,INVEREADY GIPUZKOA,9,M. MOTOS CABODEVILLA,68.5473%,74.7412%,False,1,PALMER BASKET MALLORCA PALMA,True
COPA ESPAÑA,Play-offs 1/16 Final,INVEREADY GIPUZKOA,2,O. HANZLIK,29.055%,85.7066%,True,1,PALMER BASKET MALLORCA PALMA,True
COPA ESPAÑA,Play-offs 1/16 Final,INVEREADY GIPUZKOA,6,A. ZUBIZARRETA ARANBARRI,29.6192%,88.4794%,True,1,PALMER BASKET MALLORCA PALMA,True
COPA ESPAÑA,Play-offs 1/16 Final,INVEREADY GIPUZKOA,1,L. TERRY,5.78279%,52.6843%,True,1,PALMER BASKET MALLORCA PALMA,True
COPA ESPAÑA,Play-offs 1/16 Final,INVEREADY GIPUZKOA,1,L. TERRY,93.5825%,50.0375%,False,1,PALMER BASKET MALLORCA PALMA,True
COPA ESPAÑA,Play-offs 1/16 Final,INVEREADY GIPUZKOA,6,A. ZUBIZARRETA ARANBARRI,71.6502%,82.1775%,False,1,PALMER BASKET MALLORCA PALMA,True
COPA ESPAÑA,Play-offs 1/16 Final,INVEREADY GIPUZKOA,6,A. ZUBIZARRETA ARANBARRI,94.4993%,50.2896%,True,1,PALMER BASKET MALLORCA PALMA,True
COPA ESPAÑA,Play-offs 1/16 Final,INVEREADY GIPUZKOA,2,O. HANZLIK,26.2341%,12.2258%,False,1,PALMER BASKET MALLORCA PALMA,True
COPA ESPAÑA,Play-offs 1/16 Final,INVEREADY GIPUZKOA,33,I. ROSA POMPIDO,31.5233%,25.712%,False,1,PALMER BASKET MALLORCA PALMA,True
COPA ESPAÑA,Play-offs 1/16 Final,INVEREADY GIPUZKOA,1,L. TERRY,5.43018%,52.3062%,False,1,PALMER BASKET MALLORCA PALMA,True
COPA ESPAÑA,Play-offs 1/16 Final,INVEREADY GIPUZKOA,9,M. MOTOS CABODEVILLA,5.07757%,52.3062%,True,1,PALMER BASKET MALLORCA PALMA,True
COPA ESPAÑA,Play-offs 1/16 Final,INVEREADY GIPUZKOA,33,I. ROSA POMPIDO,93.2299%,51.676%,False,1,PALMER BASKET MALLORCA PALMA,True
COPA ESPAÑA,Play-offs 1/16 Final,INVEREADY GIPUZKOA,1,L. TERRY,94.5698%,50.5417%,True,1,PALMER BASKET MALLORCA PALMA,True
COPA ESPAÑA,Play-offs 1/16 Final,INVEREADY GIPUZKOA,22,G. KORSANTIA,82.0169%,4.66345%,False,1,PALMER BASKET MALLORCA PALMA,True
COPA ESPAÑA,Play-offs 1/16 Final,INVEREADY GIPUZKOA,9,M. MOTOS CABODEVILLA,12.835%,31.7618%,False,1,PALMER BASKET MALLORCA PALMA,True
COPA ESPAÑA,Play-offs 1/16 Final,INVEREADY GIPUZKOA,9,M. MOTOS CABODEVILLA,93.0889%,52.4323%,False,1,PALMER BASKET MALLORCA PALMA,True
COPA ESPAÑA,Play-offs 1/16 Final,INVEREADY GIPUZKOA,6,A. ZUBIZARRETA ARANBARRI,4.58392%,53.0624%,True,1,PALMER BASKET MALLORCA PALMA,True
COPA ESPAÑA,Play-offs 1/16 Final,INVEREADY GIPUZKOA,12,J. NICOLAU ALEDON,94.4993%,50.1636%,True,1,PALMER BASKET MALLORCA PALMA,True
COPA ESPAÑA,Play-offs 1/16 Final,INVEREADY GIPUZKOA,13,T. MCGHIE,22.8491%,9.45293%,True,1,PALMER BASKET MALLORCA PALMA,True
COPA ESPAÑA,Play-offs 1/16 Final,INVEREADY GIPUZKOA,33,I. ROSA POMPIDO,13.7518%,53.1885%,False,1,PALMER BASKET MALLORCA PALMA,True
COPA ESPAÑA,Play-offs 1/16 Final,INVEREADY GIPUZKOA,1,L. TERRY,15.3032%,40.8367%,False,1,PALMER BASKET MALLORCA PALMA,True
COPA ESPAÑA,Play-offs 1/16 Final,INVEREADY GIPUZKOA,2,O. HANZLIK,7.33427%,78.9005%,True,1,PALMER BASKET MALLORCA PALMA,True
COPA ESPAÑA,Play-offs 1/16 Final,INVEREADY GIPUZKOA,9,M. MOTOS CABODEVILLA,26.6573%,88.3534%,True,1,PALMER BASKET MALLORCA PALMA,True
COPA ESPAÑA,Play-offs 1/16 Final,INVEREADY GIPUZKOA,12,J. NICOLAU ALEDON,94.1467%,53.5666%,True,1,PALMER BASKET MALLORCA PALMA,True
COPA ESPAÑA,Play-offs 1/16 Final,INVEREADY GIPUZKOA,10,M. ANSORREGUI DEBA,93.7941%,50.4156%,False,1,PALMER BASKET MALLORCA PALMA,True
COPA ESPAÑA,Play-offs 1/16 Final,INVEREADY GIPUZKOA,9,M. MOTOS CABODEVILLA,84.1326%,43.6095%,True,1,PALMER BASKET MALLORCA PALMA,True
COPA ESPAÑA,Play-offs 1/16 Final,INVEREADY GIPUZKOA,12,J. NICOLAU ALEDON,94.4993%,53.4406%,True,1,PALMER BASKET MALLORCA PALMA,True
COPA ESPAÑA,Play-offs 1/16 Final,INVEREADY GIPUZKOA,22,G. KORSANTIA,91.9605%,54.4489%,False,1,PALMER BASKET MALLORCA PALMA,True
COPA ESPAÑA,Play-offs 1/16 Final,INVEREADY GIPUZKOA,12,J. NICOLAU ALEDON,93.5825%,50.0375%,False,1,PALMER BASKET MALLORCA PALMA,True
COPA ESPAÑA,Play-offs 1/16 Final,INVEREADY GIPUZKOA,2,O. HANZLIK,67.842%,23.8214%,False,1,PALMER BASKET MALLORCA PALMA,True
COPA ESPAÑA,Play-offs 1/16 Final,INVEREADY GIPUZKOA,10,M. ANSORREGUI DEBA,74.048%,7.43631%,False,1,PALMER BASKET MALLORCA PALMA,True
COPA ESPAÑA,Play-offs 1/16 Final,INVEREADY GIPUZKOA,10,M. ANSORREGUI DEBA,92.4542%,45.5001%,False,1,PALMER BASKET MALLORCA PALMA,True
COPA ESPAÑA,Play-offs 1/16 Final,INVEREADY GIPUZKOA,10,M. ANSORREGUI DEBA,7.61636%,51.9281%,True,1,PALMER BASKET MALLORCA PALMA,True
COPA ESPAÑA,Play-offs 1/16 Final,INVEREADY GIPUZKOA,2,O. HANZLIK,34.7673%,75.2453%,False,1,PALMER BASKET MALLORCA PALMA,True
COPA ESPAÑA,Play-offs 1/16 Final,INVEREADY GIPUZKOA,24,I. ARROYO VARELA,69.6756%,23.1912%,True,1,PALMER BASKET MALLORCA PALMA,True
COPA ESPAÑA,Play-offs 1/16 Final,INVEREADY GIPUZKOA,10,M. ANSORREGUI DEBA,94.5698%,50.1636%,False,1,PALMER BASKET MALLORCA PALMA,True
COPA ESPAÑA,Play-offs 1/16 Final,INVEREADY GIPUZKOA,22,G. KORSANTIA,94.0762%,50.1636%,True,1,PALMER BASKET MALLORCA PALMA,True
COPA ESPAÑA,Play-offs 1/16 Final,INVEREADY GIPUZKOA,2,O. HANZLIK,27.9972%,84.6983%,False,1,PALMER BASKET MALLORCA PALMA,True
COPA ESPAÑA,Play-offs 1/16 Final,INVEREADY GIPUZKOA,10,M. ANSORREGUI DEBA,93.5825%,50.0375%,True,1,PALMER BASKET MALLORCA PALMA,True
COPA ESPAÑA,Play-offs 1/16 Final,INVEREADY GIPUZKOA,13,T. MCGHIE,23.2017%,8.57066%,False,1,PALMER BASKET MALLORCA PALMA,True
COPA ESPAÑA,Play-offs 1/16 Final,INVEREADY GIPUZKOA,22,G. KORSANTIA,6.48801%,52.3062%,True,1,PALMER BASKET MALLORCA PALMA,True
COPA ESPAÑA,Play-offs 1/16 Final,INVEREADY GIPUZKOA,12,J. NICOLAU ALEDON,94.0762%,52.3062%,True,1,PALMER BASKET MALLORCA PALMA,True
COPA ESPAÑA,Play-offs 1/16 Final,INVEREADY GIPUZKOA,1,L. TERRY,65.9379%,26.4682%,False,1,PALMER BASKET MALLORCA PALMA,True
COPA ESPAÑA,Play-offs 1/16 Final,INVEREADY GIPUZKOA,2,O. HANZLIK,68.0536%,74.3631%,False,1,PALMER BASKET MALLORCA PALMA,True
COPA ESPAÑA,Play-offs 1/16 Final,INVEREADY GIPUZKOA,22,G. KORSANTIA,30.9591%,20.5444%,False,1,PALMER BASKET MALLORCA PALMA,True
COPA ESPAÑA,Play-offs 1/16 Final,INVEREADY GIPUZKOA,1,L. TERRY,74.048%,15.1247%,False,1,PALMER BASKET MALLORCA PALMA,True
COPA ESPAÑA,Play-offs 1/16 Final,INVEREADY GIPUZKOA,1,L. TERRY,73.8364%,17.6455%,True,1,PALMER BASKET MALLORCA PALMA,True
COPA ESPAÑA,Play-offs 1/16 Final,INVEREADY GIPUZKOA,6,A. ZUBIZARRETA ARANBARRI,5.78279%,50.7937%,True,1,PALMER BASKET MALLORCA PALMA,True
COPA ESPAÑA,Play-offs 1/16 Final,INVEREADY GIPUZKOA,13,T. MCGHIE,70.3808%,83.816%,False,1,PALMER BASKET MALLORCA PALMA,True
COPA ESPAÑA,Play-offs 1/16 Final,INVEREADY GIPUZKOA,6,A. ZUBIZARRETA ARANBARRI,89.2807%,38.694%,False,1,PALMER BASKET MALLORCA PALMA,True
COPA ESPAÑA,Play-offs 1/16 Final,INVEREADY GIPUZKOA,11,G. MAIZA APECECHEA,41.3258%,58.8602%,False,1,PALMER BASKET MALLORCA PALMA,True
COPA ESPAÑA,Play-offs 1/16 Final,INVEREADY GIPUZKOA,2,O. HANZLIK,73.8364%,20.0402%,True,1,PALMER BASKET MALLORCA PALMA,True
COPA ESPAÑA,Play-offs 1/16 Final,PALMER BASKET MALLORCA PALMA,15,J. FELIU ESPEJO,93.3004%,51.4239%,True,1,INVEREADY GIPUZKOA,False
COPA ESPAÑA,Play-offs 1/16 Final,PALMER BASKET MALLORCA PALMA,4,M. FRIERSON,32.5811%,81.9254%,True,1,INVEREADY GIPUZKOA,False
COPA ESPAÑA,Play-offs 1/16 Final,PALMER BASKET MALLORCA PALMA,9,A. URDIAIN LABAYEN,14.3159%,69.1955%,False,1,INVEREADY GIPUZKOA,False
COPA ESPAÑA,Play-offs 1/16 Final,PALMER BASKET MALLORCA PALMA,8,A. CHAPELA LAGE,13.4697%,39.9544%,True,1,INVEREADY GIPUZKOA,False
COPA ESPAÑA,Play-offs 1/16 Final,PALMER BASKET MALLORCA PALMA,24,A. COMENDADOR FEMENIAS,93.8646%,51.1719%,True,1,INVEREADY GIPUZKOA,False
COPA ESPAÑA,Play-offs 1/16 Final,PALMER BASKET MALLORCA PALMA,15,J. FELIU ESPEJO,68.7588%,76.8838%,False,1,INVEREADY GIPUZKOA,False
COPA ESPAÑA,Play-offs 1/16 Final,PALMER BASKET MALLORCA PALMA,25,I. MASSOUD RODRÍGUEZ,94.2172%,51.0458%,True,1,INVEREADY GIPUZKOA,False
COPA ESPAÑA,Play-offs 1/16 Final,PALMER BASKET MALLORCA PALMA,25,I. MASSOUD RODRÍGUEZ,29.7602%,17.7715%,False,1,INVEREADY GIPUZKOA,False
COPA ESPAÑA,Play-offs 1/16 Final,PALMER BASKET MALLORCA PALMA,12,J. CARRALERO MARTIN,9.52045%,47.1386%,False,1,INVEREADY GIPUZKOA,False
COPA ESPAÑA,Play-offs 1/16 Final,PALMER BASKET MALLORCA PALMA,15,J. FELIU ESPEJO,78.3498%,62.8935%,False,1,INVEREADY GIPUZKOA,False
COPA ESPAÑA,Play-offs 1/16 Final,PALMER BASKET MALLORCA PALMA,25,I. MASSOUD RODRÍGUEZ,17.2073%,73.7329%,False,1,INVEREADY GIPUZKOA,False
COPA ESPAÑA,Play-offs 1/16 Final,PALMER BASKET MALLORCA PALMA,4,M. FRIERSON,71.3681%,83.3118%,True,1,INVEREADY GIPUZKOA,False
COPA ESPAÑA,Play-offs 1/16 Final,PALMER BASKET MALLORCA PALMA,21,T. HOLLOWELL,29.3371%,78.3963%,False,1,INVEREADY GIPUZKOA,False
COPA ESPAÑA,Play-offs 1/16 Final,PALMER BASKET MALLORCA PALMA,12,J. CARRALERO MARTIN,93.2299%,48.525%,False,1,INVEREADY GIPUZKOA,False
COPA ESPAÑA,Play-offs 1/16 Final,PALMER BASKET MALLORCA PALMA,15,J. FELIU ESPEJO,24.33%,31.6358%,False,1,INVEREADY GIPUZKOA,False
COPA ESPAÑA,Play-offs 1/16 Final,PALMER BASKET MALLORCA PALMA,24,A. COMENDADOR FEMENIAS,4.16079%,51.55%,True,1,INVEREADY GIPUZKOA,False
COPA ESPAÑA,Play-offs 1/16 Final,PALMER BASKET MALLORCA PALMA,10,G. DIKE EGUN,7.26375%,48.399%,True,1,INVEREADY GIPUZKOA,False
COPA ESPAÑA,Play-offs 1/16 Final,PALMER BASKET MALLORCA PALMA,21,T. HOLLOWELL,31.9464%,76.7578%,False,1,INVEREADY GIPUZKOA,False
COPA ESPAÑA,Play-offs 1/16 Final,PALMER BASKET MALLORCA PALMA,8,A. CHAPELA LAGE,91.3258%,56.3395%,False,1,INVEREADY GIPUZKOA,False
COPA ESPAÑA,Play-offs 1/16 Final,PALMER BASKET MALLORCA PALMA,21,T. HOLLOWELL,68.1241%,27.6026%,False,1,INVEREADY GIPUZKOA,False
COPA ESPAÑA,Play-offs 1/16 Final,PALMER BASKET MALLORCA PALMA,25,I. MASSOUD RODRÍGUEZ,29.9718%,83.1858%,True,1,INVEREADY GIPUZKOA,False
COPA ESPAÑA,Play-offs 1/16 Final,PALMER BASKET MALLORCA PALMA,6,A. SCARIOLO ARES,79.4076%,61.6331%,True,1,INVEREADY GIPUZKOA,False
COPA ESPAÑA,Play-offs 1/16 Final,PALMER BASKET MALLORCA PALMA,4,M. FRIERSON,69.2525%,71.086%,True,1,INVEREADY GIPUZKOA,False
COPA ESPAÑA,Play-offs 1/16 Final,PALMER BASKET MALLORCA PALMA,15,J. FELIU ESPEJO,11.1425%,51.676%,False,1,INVEREADY GIPUZKOA,False
COPA ESPAÑA,Play-offs 1/16 Final,PALMER BASKET MALLORCA PALMA,9,A. URDIAIN LABAYEN,28.7024%,22.8131%,True,1,INVEREADY GIPUZKOA,False
COPA ESPAÑA,Play-offs 1/16 Final,PALMER BASKET MALLORCA PALMA,6,A. SCARIOLO ARES,24.2595%,42.7272%,False,1,INVEREADY GIPUZKOA,False
COPA ESPAÑA,Play-offs 1/16 Final,PALMER BASKET MALLORCA PALMA,24,A. COMENDADOR FEMENIAS,93.3004%,54.3228%,True,1,INVEREADY GIPUZKOA,False
COPA ESPAÑA,Play-offs 1/16 Final,PALMER BASKET MALLORCA PALMA,24,A. COMENDADOR FEMENIAS,95.134%,54.0708%,True,1,INVEREADY GIPUZKOA,False
COPA ESPAÑA,Play-offs 1/16 Final,PALMER BASKET MALLORCA PALMA,15,J. FELIU ESPEJO,94.8519%,48.525%,True,1,INVEREADY GIPUZKOA,False
COPA ESPAÑA,Play-offs 1/16 Final,PALMER BASKET MALLORCA PALMA,4,M. FRIERSON,31.2412%,76.7578%,False,1,INVEREADY GIPUZKOA,False
COPA ESPAÑA,Play-offs 1/16 Final,PALMER BASKET MALLORCA PALMA,9,A. URDIAIN LABAYEN,32.0169%,19.0319%,True,1,INVEREADY GIPUZKOA,False
COPA ESPAÑA,Play-offs 1/16 Final,PALMER BASKET MALLORCA PALMA,9,A. URDIAIN LABAYEN,30.6065%,15.5028%,False,1,INVEREADY GIPUZKOA,False
COPA ESPAÑA,Play-offs 1/16 Final,PALMER BASKET MALLORCA PALMA,4,M. FRIERSON,70.5924%,18.6538%,False,1,INVEREADY GIPUZKOA,False
COPA ESPAÑA,Play-offs 1/16 Final,PALMER BASKET MALLORCA PALMA,9,A. URDIAIN LABAYEN,18.7588%,39.1982%,False,1,INVEREADY GIPUZKOA,False
COPA ESPAÑA,Play-offs 1/16 Final,PALMER BASKET MALLORCA PALMA,10,G. DIKE EGUN,5.64175%,50.1636%,True,1,INVEREADY GIPUZKOA,False
COPA ESPAÑA,Play-offs 1/16 Final,PALMER BASKET MALLORCA PALMA,4,M. FRIERSON,31.6643%,78.0182%,False,1,INVEREADY GIPUZKOA,False
COPA ESPAÑA,Play-offs 1/16 Final,PALMER BASKET MALLORCA PALMA,9,A. URDIAIN LABAYEN,29.3371%,84.1941%,False,1,INVEREADY GIPUZKOA,False
COPA ESPAÑA,Play-offs 1/16 Final,PALMER BASKET MALLORCA PALMA,12,J. CARRALERO MARTIN,66.5726%,21.9308%,True,1,INVEREADY GIPUZKOA,False
COPA ESPAÑA,Play-offs 1/16 Final,PALMER BASKET MALLORCA PALMA,15,J. FELIU ESPEJO,68.8999%,76.0016%,True,1,INVEREADY GIPUZKOA,False
COPA ESPAÑA,Play-offs 1/16 Final,PALMER BASKET MALLORCA PALMA,6,A. SCARIOLO ARES,95.9803%,50.9198%,True,1,INVEREADY GIPUZKOA,False
COPA ESPAÑA,Play-offs 1/16 Final,PALMER BASKET MALLORCA PALMA,8,A. CHAPELA LAGE,31.3117%,83.942%,True,1,INVEREADY GIPUZKOA,False
COPA ESPAÑA,Play-offs 1/16 Final,PALMER BASKET MALLORCA PALMA,15,J. FELIU ESPEJO,84.5557%,17.7715%,False,1,INVEREADY GIPUZKOA,False
COPA ESPAÑA,Play-offs 1/16 Final,PALMER BASKET MALLORCA PALMA,24,A. COMENDADOR FEMENIAS,93.8646%,51.1719%,False,1,INVEREADY GIPUZKOA,False
COPA ESPAÑA,Play-offs 1/16 Final,PALMER BASKET MALLORCA PALMA,9,A. URDIAIN LABAYEN,32.7927%,82.0514%,True,1,INVEREADY GIPUZKOA,False
COPA ESPAÑA,Play-offs 1/16 Final,PALMER BASKET MALLORCA PALMA,6,A. SCARIOLO ARES,29.055%,79.9088%,True,1,INVEREADY GIPUZKOA,False
COPA ESPAÑA,Play-offs 1/16 Final,PALMER BASKET MALLORCA PALMA,4,M. FRIERSON,67.5599%,25.964%,False,1,INVEREADY GIPUZKOA,False
COPA ESPAÑA,Play-offs 1/16 Final,PALMER BASKET MALLORCA PALMA,10,G. DIKE EGUN,94.1467%,51.0458%,True,1,INVEREADY GIPUZKOA,False
COPA ESPAÑA,Play-offs 1/16 Final,PALMER BASKET MALLORCA PALMA,24,A. COMENDADOR FEMENIAS,96.0508%,50.4156%,True,1,INVEREADY GIPUZKOA,False
COPA ESPAÑA,Play-offs 1/16 Final,PALMER BASKET MALLORCA PALMA,4,M. FRIERSON,64.598%,48.7771%,False,1,INVEREADY GIPUZKOA,False
COPA ESPAÑA,Play-offs 1/16 Final,PALMER BASKET MALLORCA PALMA,21,T. HOLLOWELL,9.44993%,52.4323%,False,1,INVEREADY GIPUZKOA,False
COPA ESPAÑA,Play-offs 1/16 Final,PALMER BASKET MALLORCA PALMA,10,G. DIKE EGUN,96.4034%,49.6594%,True,1,INVEREADY GIPUZKOA,False
COPA ESPAÑA,Play-offs 1/16 Final,PALMER BASKET MALLORCA PALMA,4,M. FRIERSON,68.2652%,25.4599%,False,1,INVEREADY GIPUZKOA,False
COPA ESPAÑA,Play-offs 1/16 Final,PALMER BASKET MALLORCA PALMA,12,J. CARRALERO MARTIN,15.8674%,4.66345%,True,1,INVEREADY GIPUZKOA,False
COPA ESPAÑA,Play-offs 1/16 Final,PALMER BASKET MALLORCA PALMA,6,A. SCARIOLO ARES,96.4739%,52.9364%,True,1,INVEREADY GIPUZKOA,False
COPA ESPAÑA,Play-offs 1/16 Final,PALMER BASKET MALLORCA PALMA,9,A. URDIAIN LABAYEN,29.1255%,87.5972%,True,1,INVEREADY GIPUZKOA,False
COPA ESPAÑA,Play-offs 1/16 Final,PALMER BASKET MALLORCA PALMA,24,A. COMENDADOR FEMENIAS,92.3836%,50.0375%,False,1,INVEREADY GIPUZKOA,False
COPA ESPAÑA,Play-offs 1/16 Final,PALMER BASKET MALLORCA PALMA,25,I. MASSOUD RODRÍGUEZ,95.6982%,49.9115%,True,1,INVEREADY GIPUZKOA,False
COPA ESPAÑA,Play-offs 1/16 Final,PALMER BASKET MALLORCA PALMA,15,J. FELIU ESPEJO,68.6178%,80.791%,False,1,INVEREADY GIPUZKOA,False
COPA ESPAÑA,Play-offs 1/16 Final,PALMER BASKET MALLORCA PALMA,21,T. HOLLOWELL,18.5472%,63.7758%,True,1,INVEREADY GIPUZKOA,False
COPA ESPAÑA,Play-offs 1/16 Final,PALMER BASKET MALLORCA PALMA,21,T. HOLLOWELL,6.41749%,54.701%,False,1,INVEREADY GIPUZKOA,False
COPA ESPAÑA,Play-offs 1/16 Final,PALMER BASKET MALLORCA PALMA,21,T. HOLLOWELL,29.055%,82.4296%,False,1,INVEREADY GIPUZKOA,False
COPA ESPAÑA,Play-offs 1/16 Final,PALMER BASKET MALLORCA PALMA,21,T. HOLLOWELL,94.0762%,53.0624%,True,1,INVEREADY GIPUZKOA,False
COPA ESPAÑA,Play-offs 1/16 Final,UEMC BALONCESTO VALLADOLID,10,I. ORDOÑEZ OCHOA,86.3893%,52.3062%,True,1,MOVISTAR ESTUDIANTES,True
COPA ESPAÑA,Play-offs 1/16 Final,UEMC BALONCESTO VALLADOLID,5,J. GARCIA-ABRIL GUERRERO,15.2327%,51.2979%,False,1,MOVISTAR ESTUDIANTES,True
COPA ESPAÑA,Play-offs 1/16 Final,UEMC BALONCESTO VALLADOLID,1,S. TAIWO,84.4147%,53.3145%,True,1,MOVISTAR ESTUDIANTES,True
COPA ESPAÑA,Play-offs 1/16 Final,UEMC BALONCESTO VALLADOLID,3,I. HANEY,15.9379%,46.5084%,False,1,MOVISTAR ESTUDIANTES,True
COPA ESPAÑA,Play-offs 1/16 Final,UEMC BALONCESTO VALLADOLID,3,I. HANEY,87.4471%,50.6677%,False,1,MOVISTAR ESTUDIANTES,True
COPA ESPAÑA,Play-offs 1/16 Final,UEMC BALONCESTO VALLADOLID,10,I. ORDOÑEZ OCHOA,15.2327%,48.273%,False,1,MOVISTAR ESTUDIANTES,True
COPA ESPAÑA,Play-offs 1/16 Final,UEMC BALONCESTO VALLADOLID,99,M. OCHI,15.5148%,53.1885%,True,1,MOVISTAR ESTUDIANTES,True
COPA ESPAÑA,Play-offs 1/16 Final,UEMC BALONCESTO VALLADOLID,1,S. TAIWO,16.7137%,51.0458%,False,1,MOVISTAR ESTUDIANTES,True
COPA ESPAÑA,Play-offs 1/16 Final,UEMC BALONCESTO VALLADOLID,3,I. HANEY,86.2482%,48.525%,True,1,MOVISTAR ESTUDIANTES,True
COPA ESPAÑA,Play-offs 1/16 Final,UEMC BALONCESTO VALLADOLID,6,P. MARIN FONTAN,67.4894%,35.543%,False,1,MOVISTAR ESTUDIANTES,True
COPA ESPAÑA,Play-offs 1/16 Final,UEMC BALONCESTO VALLADOLID,9,P. ISERN MAZA,32.8632%,77.388%,False,1,MOVISTAR ESTUDIANTES,True
COPA ESPAÑA,Play-offs 1/16 Final,UEMC BALONCESTO VALLADOLID,1,S. TAIWO,14.6685%,53.6926%,False,1,MOVISTAR ESTUDIANTES,True
COPA ESPAÑA,Play-offs 1/16 Final,UEMC BALONCESTO VALLADOLID,9,P. ISERN MAZA,15.0212%,51.9281%,False,1,MOVISTAR ESTUDIANTES,True
COPA ESPAÑA,Play-offs 1/16 Final,UEMC BALONCESTO VALLADOLID,2,J. HANNA,69.6051%,83.1858%,False,1,MOVISTAR ESTUDIANTES,True
COPA ESPAÑA,Play-offs 1/16 Final,UEMC BALONCESTO VALLADOLID,1,S. TAIWO,15.7264%,57.8519%,False,1,MOVISTAR ESTUDIANTES,True
COPA ESPAÑA,Play-offs 1/16 Final,UEMC BALONCESTO VALLADOLID,6,P. MARIN FONTAN,19.1114%,26.7203%,True,1,MOVISTAR ESTUDIANTES,True
COPA ESPAÑA,Play-offs 1/16 Final,UEMC BALONCESTO VALLADOLID,3,I. HANEY,87.9408%,74.4891%,False,1,MOVISTAR ESTUDIANTES,True
COPA ESPAÑA,Play-offs 1/16 Final,UEMC BALONCESTO VALLADOLID,9,P. ISERN MAZA,13.9633%,52.4323%,True,1,MOVISTAR ESTUDIANTES,True
COPA ESPAÑA,Play-offs 1/16 Final,UEMC BALONCESTO VALLADOLID,2,J. HANNA,86.8829%,51.0458%,True,1,MOVISTAR ESTUDIANTES,True
COPA ESPAÑA,Play-offs 1/16 Final,UEMC BALONCESTO VALLADOLID,12,P. MARTIN MARTIN,14.6685%,53.6926%,False,1,MOVISTAR ESTUDIANTES,True
COPA ESPAÑA,Play-offs 1/16 Final,UEMC BALONCESTO VALLADOLID,10,I. ORDOÑEZ OCHOA,15.5148%,53.1885%,False,1,MOVISTAR ESTUDIANTES,True
COPA ESPAÑA,Play-offs 1/16 Final,UEMC BALONCESTO VALLADOLID,1,S. TAIWO,15.3738%,53.3145%,False,1,MOVISTAR ESTUDIANTES,True
COPA ESPAÑA,Play-offs 1/16 Final,UEMC BALONCESTO VALLADOLID,2,J. HANNA,33.6389%,31.7618%,False,1,MOVISTAR ESTUDIANTES,True
COPA ESPAÑA,Play-offs 1/16 Final,UEMC BALONCESTO VALLADOLID,9,P. ISERN MAZA,85.6135%,51.8021%,True,1,MOVISTAR ESTUDIANTES,True
COPA ESPAÑA,Play-offs 1/16 Final,UEMC BALONCESTO VALLADOLID,2,J. HANNA,13.1876%,52.0541%,True,1,MOVISTAR ESTUDIANTES,True
COPA ESPAÑA,Play-offs 1/16 Final,UEMC BALONCESTO VALLADOLID,3,I. HANEY,13.3286%,58.8602%,False,1,MOVISTAR ESTUDIANTES,True
COPA ESPAÑA,Play-offs 1/16 Final,UEMC BALONCESTO VALLADOLID,3,I. HANEY,69.1819%,22.435%,True,1,MOVISTAR ESTUDIANTES,True
COPA ESPAÑA,Play-offs 1/16 Final,UEMC BALONCESTO VALLADOLID,9,P. ISERN MAZA,12.4118%,49.7854%,False,1,MOVISTAR ESTUDIANTES,True
COPA ESPAÑA,Play-offs 1/16 Final,UEMC BALONCESTO VALLADOLID,99,M. OCHI,64.8801%,55.5832%,True,1,MOVISTAR ESTUDIANTES,True
COPA ESPAÑA,Play-offs 1/16 Final,UEMC BALONCESTO VALLADOLID,9,P. ISERN MAZA,87.0945%,51.676%,False,1,MOVISTAR ESTUDIANTES,True
COPA ESPAÑA,Play-offs 1/16 Final,UEMC BALONCESTO VALLADOLID,9,P. ISERN MAZA,88.9281%,52.0541%,True,1,MOVISTAR ESTUDIANTES,True
COPA ESPAÑA,Play-offs 1/16 Final,UEMC BALONCESTO VALLADOLID,9,P. ISERN MAZA,16.5726%,54.3228%,False,1,MOVISTAR ESTUDIANTES,True
COPA ESPAÑA,Play-offs 1/16 Final,UEMC BALONCESTO VALLADOLID,10,I. ORDOÑEZ OCHOA,85.8956%,49.9115%,True,1,MOVISTAR ESTUDIANTES,True
COPA ESPAÑA,Play-offs 1/16 Final,UEMC BALONCESTO VALLADOLID,2,J. HANNA,31.4528%,81.5473%,False,1,MOVISTAR ESTUDIANTES,True
COPA ESPAÑA,Play-offs 1/16 Final,UEMC BALONCESTO VALLADOLID,6,P. MARIN FONTAN,35.8251%,31.0056%,False,1,MOVISTAR ESTUDIANTES,True
COPA ESPAÑA,Play-offs 1/16 Final,UEMC BALONCESTO VALLADOLID,1,S. TAIWO,81.9464%,45.6261%,True,1,MOVISTAR ESTUDIANTES,True
COPA ESPAÑA,Play-offs 1/16 Final,UEMC BALONCESTO VALLADOLID,3,I. HANEY,71.5797%,18.1496%,True,1,MOVISTAR ESTUDIANTES,True
COPA ESPAÑA,Play-offs 1/16 Final,UEMC BALONCESTO VALLADOLID,6,P. MARIN FONTAN,85.8251%,49.2813%,True,1,MOVISTAR ESTUDIANTES,True
COPA ESPAÑA,Play-offs 1/16 Final,UEMC BALONCESTO VALLADOLID,3,I. HANEY,20.5924%,92.8908%,True,1,MOVISTAR ESTUDIANTES,True
COPA ESPAÑA,Play-offs 1/16 Final,UEMC BALONCESTO VALLADOLID,12,P. MARTIN MARTIN,85.8956%,54.5749%,False,1,MOVISTAR ESTUDIANTES,True
COPA ESPAÑA,Play-offs 1/16 Final,UEMC BALONCESTO VALLADOLID,99,M. OCHI,85.8251%,52.0541%,False,1,MOVISTAR ESTUDIANTES,True
COPA ESPAÑA,Play-offs 1/16 Final,UEMC BALONCESTO VALLADOLID,3,I. HANEY,83.7094%,53.0624%,False,1,MOVISTAR ESTUDIANTES,True
COPA ESPAÑA,Play-offs 1/16 Final,UEMC BALONCESTO VALLADOLID,9,P. ISERN MAZA,83.7094%,29.8713%,True,1,MOVISTAR ESTUDIANTES,True
COPA ESPAÑA,Play-offs 1/16 Final,UEMC BALONCESTO VALLADOLID,9,P. ISERN MAZA,84.8378%,46.7605%,False,1,MOVISTAR ESTUDIANTES,True
COPA ESPAÑA,Play-offs 1/16 Final,UEMC BALONCESTO VALLADOLID,6,P. MARIN FONTAN,63.8223%,57.8519%,False,1,MOVISTAR ESTUDIANTES,True
COPA ESPAÑA,Play-offs 1/16 Final,UEMC BALONCESTO VALLADOLID,3,I. HANEY,32.8632%,29.6192%,True,1,MOVISTAR ESTUDIANTES,True
COPA ESPAÑA,Play-offs 1/16 Final,UEMC BALONCESTO VALLADOLID,9,P. ISERN MAZA,25.4584%,87.5972%,False,1,MOVISTAR ESTUDIANTES,True
COPA ESPAÑA,Play-offs 1/16 Final,UEMC BALONCESTO VALLADOLID,12,P. MARTIN MARTIN,86.1777%,57.2217%,False,1,MOVISTAR ESTUDIANTES,True
COPA ESPAÑA,Play-offs 1/16 Final,UEMC BALONCESTO VALLADOLID,6,P. MARIN FONTAN,63.3992%,63.0195%,True,1,MOVISTAR ESTUDIANTES,True
COPA ESPAÑA,Play-offs 1/16 Final,UEMC BALONCESTO VALLADOLID,3,I. HANEY,31.9464%,75.8755%,True,1,MOVISTAR ESTUDIANTES,True
COPA ESPAÑA,Play-offs 1/16 Final,UEMC BALONCESTO VALLADOLID,99,M. OCHI,15.5148%,53.1885%,False,1,MOVISTAR ESTUDIANTES,True
COPA ESPAÑA,Play-offs 1/16 Final,UEMC BALONCESTO VALLADOLID,9,P. ISERN MAZA,13.7518%,53.4406%,True,1,MOVISTAR ESTUDIANTES,True
COPA ESPAÑA,Play-offs 1/16 Final,UEMC BALONCESTO VALLADOLID,9,P. ISERN MAZA,13.8928%,54.5749%,True,1,MOVISTAR ESTUDIANTES,True
COPA ESPAÑA,Play-offs 1/16 Final,UEMC BALONCESTO VALLADOLID,12,P. MARTIN MARTIN,15.2327%,51.2979%,True,1,MOVISTAR ESTUDIANTES,True
COPA ESPAÑA,Play-offs 1/16 Final,UEMC BALONCESTO VALLADOLID,5,J. GARCIA-ABRIL GUERRERO,15.0917%,44.4918%,False,1,MOVISTAR ESTUDIANTES,True
COPA ESPAÑA,Play-offs 1/16 Final,UEMC BALONCESTO VALLADOLID,9,P. ISERN MAZA,13.7518%,50.6677%,False,1,MOVISTAR ESTUDIANTES,True
COPA ESPAÑA,Play-offs 1/16 Final,UEMC BALONCESTO VALLADOLID,99,M. OCHI,32.2285%,26.7203%,False,1,MOVISTAR ESTUDIANTES,True
COPA ESPAÑA,Play-offs 1/16 Final,UEMC BALONCESTO VALLADOLID,10,I. ORDOÑEZ OCHOA,35.8956%,50.7937%,False,1,MOVISTAR ESTUDIANTES,True
COPA ESPAÑA,Play-offs 1/16 Final,UEMC BALONCESTO VALLADOLID,10,I. ORDOÑEZ OCHOA,84.4852%,51.55%,True,1,MOVISTAR ESTUDIANTES,True
COPA ESPAÑA,Play-offs 1/16 Final,UEMC BALONCESTO VALLADOLID,12,P. MARTIN MARTIN,16.1495%,55.5832%,False,1,MOVISTAR ESTUDIANTES,True
COPA ESPAÑA,Play-offs 1/16 Final,UEMC BALONCESTO VALLADOLID,10,I. ORDOÑEZ OCHOA,12.2003%,57.2217%,False,1,MOVISTAR ESTUDIANTES,True
COPA ESPAÑA,Play-offs 1/16 Final,UEMC BALONCESTO VALLADOLID,10,I. ORDOÑEZ OCHOA,13.2581%,54.701%,True,1,MOVISTAR ESTUDIANTES,True
COPA ESPAÑA,Play-offs 1/16 Final,UEMC BALONCESTO VALLADOLID,3,I. HANEY,86.6714%,53.4406%,True,1,MOVISTAR ESTUDIANTES,True
COPA ESPAÑA,Play-offs 1/16 Final,MOVISTAR ESTUDIANTES,11,J. GRANGER,21.3681%,53.0624%,False,1,UEMC BALONCESTO VALLADOLID,False
COPA ESPAÑA,Play-offs 1/16 Final,MOVISTAR ESTUDIANTES,29,P. GARINO GULLOTTA,63.6107%,50.1636%,False,1,UEMC BALONCESTO VALLADOLID,False
COPA ESPAÑA,Play-offs 1/16 Final,MOVISTAR ESTUDIANTES,11,J. GRANGER,32.5811%,75.2453%,True,1,UEMC BALONCESTO VALLADOLID,False
COPA ESPAÑA,Play-offs 1/16 Final,MOVISTAR ESTUDIANTES,51,O. SILVERIO GRULLON,17.4894%,71.9683%,False,1,UEMC BALONCESTO VALLADOLID,False
COPA ESPAÑA,Play-offs 1/16 Final,MOVISTAR ESTUDIANTES,8,G. FILIPOVIC,14.2454%,51.2979%,True,1,UEMC BALONCESTO VALLADOLID,False
COPA ESPAÑA,Play-offs 1/16 Final,MOVISTAR ESTUDIANTES,11,J. GRANGER,68.1946%,75.4974%,False,1,UEMC BALONCESTO VALLADOLID,False
COPA ESPAÑA,Play-offs 1/16 Final,MOVISTAR ESTUDIANTES,11,J. GRANGER,86.3893%,52.3062%,True,1,UEMC BALONCESTO VALLADOLID,False
COPA ESPAÑA,Play-offs 1/16 Final,MOVISTAR ESTUDIANTES,15,T. MC GREW,86.1777%,55.3312%,True,1,UEMC BALONCESTO VALLADOLID,False
COPA ESPAÑA,Play-offs 1/16 Final,MOVISTAR ESTUDIANTES,22,J. VAULET,25.1058%,89.2357%,False,1,UEMC BALONCESTO VALLADOLID,False
COPA ESPAÑA,Play-offs 1/16 Final,MOVISTAR ESTUDIANTES,29,P. GARINO GULLOTTA,77.0099%,93.395%,False,1,UEMC BALONCESTO VALLADOLID,False
COPA ESPAÑA,Play-offs 1/16 Final,MOVISTAR ESTUDIANTES,24,L. NWOGBO,86.9535%,55.9613%,False,1,UEMC BALONCESTO VALLADOLID,False
COPA ESPAÑA,Play-offs 1/16 Final,MOVISTAR ESTUDIANTES,11,J. GRANGER,83.7094%,72.4725%,False,1,UEMC BALONCESTO VALLADOLID,False
COPA ESPAÑA,Play-offs 1/16 Final,MOVISTAR ESTUDIANTES,29,P. GARINO GULLOTTA,66.6432%,70.3298%,True,1,UEMC BALONCESTO VALLADOLID,False
COPA ESPAÑA,Play-offs 1/16 Final,MOVISTAR ESTUDIANTES,2,A. BRIMAH,14.598%,54.827%,False,1,UEMC BALONCESTO VALLADOLID,False
COPA ESPAÑA,Play-offs 1/16 Final,MOVISTAR ESTUDIANTES,24,L. NWOGBO,13.1876%,53.3145%,True,1,UEMC BALONCESTO VALLADOLID,False
COPA ESPAÑA,Play-offs 1/16 Final,MOVISTAR ESTUDIANTES,9,S. SALIN,64.457%,62.5154%,True,1,UEMC BALONCESTO VALLADOLID,False
COPA ESPAÑA,Play-offs 1/16 Final,MOVISTAR ESTUDIANTES,24,L. NWOGBO,13.8928%,53.3145%,True,1,UEMC BALONCESTO VALLADOLID,False
COPA ESPAÑA,Play-offs 1/16 Final,MOVISTAR ESTUDIANTES,29,P. GARINO GULLOTTA,71.0155%,86.0847%,True,1,UEMC BALONCESTO VALLADOLID,False
COPA ESPAÑA,Play-offs 1/16 Final,MOVISTAR ESTUDIANTES,51,O. SILVERIO GRULLON,33.0748%,69.6996%,False,1,UEMC BALONCESTO VALLADOLID,False
COPA ESPAÑA,Play-offs 1/16 Final,MOVISTAR ESTUDIANTES,9,S. SALIN,74.2595%,17.2674%,False,1,UEMC BALONCESTO VALLADOLID,False
COPA ESPAÑA,Play-offs 1/16 Final,MOVISTAR ESTUDIANTES,51,O. SILVERIO GRULLON,88.8575%,77.0099%,False,1,UEMC BALONCESTO VALLADOLID,False
COPA ESPAÑA,Play-offs 1/16 Final,MOVISTAR ESTUDIANTES,51,O. SILVERIO GRULLON,16.0085%,49.2813%,False,1,UEMC BALONCESTO VALLADOLID,False
COPA ESPAÑA,Play-offs 1/16 Final,MOVISTAR ESTUDIANTES,8,G. FILIPOVIC,16.0085%,53.0624%,False,1,UEMC BALONCESTO VALLADOLID,False
COPA ESPAÑA,Play-offs 1/16 Final,MOVISTAR ESTUDIANTES,9,S. SALIN,67.4189%,26.0901%,True,1,UEMC BALONCESTO VALLADOLID,False
COPA ESPAÑA,Play-offs 1/16 Final,MOVISTAR ESTUDIANTES,22,J. VAULET,13.4697%,56.4655%,True,1,UEMC BALONCESTO VALLADOLID,False
COPA ESPAÑA,Play-offs 1/16 Final,MOVISTAR ESTUDIANTES,9,S. SALIN,31.1707%,21.1746%,False,1,UEMC BALONCESTO VALLADOLID,False
COPA ESPAÑA,Play-offs 1/16 Final,MOVISTAR ESTUDIANTES,8,G. FILIPOVIC,22.567%,48.525%,False,1,UEMC BALONCESTO VALLADOLID,False
COPA ESPAÑA,Play-offs 1/16 Final,MOVISTAR ESTUDIANTES,9,S. SALIN,29.4076%,83.5639%,True,1,UEMC BALONCESTO VALLADOLID,False
COPA ESPAÑA,Play-offs 1/16 Final,MOVISTAR ESTUDIANTES,9,S. SALIN,64.457%,57.8519%,False,1,UEMC BALONCESTO VALLADOLID,False
COPA ESPAÑA,Play-offs 1/16 Final,MOVISTAR ESTUDIANTES,8,G. FILIPOVIC,29.5487%,22.435%,False,1,UEMC BALONCESTO VALLADOLID,False
COPA ESPAÑA,Play-offs 1/16 Final,MOVISTAR ESTUDIANTES,11,J. GRANGER,87.024%,55.5832%,False,1,UEMC BALONCESTO VALLADOLID,False
COPA ESPAÑA,Play-offs 1/16 Final,MOVISTAR ESTUDIANTES,8,G. FILIPOVIC,15.2327%,53.5666%,True,1,UEMC BALONCESTO VALLADOLID,False
COPA ESPAÑA,Play-offs 1/16 Final,MOVISTAR ESTUDIANTES,22,J. VAULET,85.7546%,54.953%,True,1,UEMC BALONCESTO VALLADOLID,False
COPA ESPAÑA,Play-offs 1/16 Final,MOVISTAR ESTUDIANTES,22,J. VAULET,89.1396%,57.978%,False,1,UEMC BALONCESTO VALLADOLID,False
COPA ESPAÑA,Play-offs 1/16 Final,MOVISTAR ESTUDIANTES,22,J. VAULET,31.1707%,23.4433%,False,1,UEMC BALONCESTO VALLADOLID,False
COPA ESPAÑA,Play-offs 1/16 Final,MOVISTAR ESTUDIANTES,11,J. GRANGER,66.7137%,73.8589%,False,1,UEMC BALONCESTO VALLADOLID,False
COPA ESPAÑA,Play-offs 1/16 Final,MOVISTAR ESTUDIANTES,9,S. SALIN,27.1509%,86.0847%,False,1,UEMC BALONCESTO VALLADOLID,False
COPA ESPAÑA,Play-offs 1/16 Final,MOVISTAR ESTUDIANTES,11,J. GRANGER,13.7518%,78.5223%,True,1,UEMC BALONCESTO VALLADOLID,False
COPA ESPAÑA,Play-offs 1/16 Final,MOVISTAR ESTUDIANTES,11,J. GRANGER,25.1058%,15.8809%,False,1,UEMC BALONCESTO VALLADOLID,False
COPA ESPAÑA,Play-offs 1/16 Final,MOVISTAR ESTUDIANTES,8,G. FILIPOVIC,35.8956%,35.417%,True,1,UEMC BALONCESTO VALLADOLID,False
COPA ESPAÑA,Play-offs 1/16 Final,MOVISTAR ESTUDIANTES,51,O. SILVERIO GRULLON,25.2468%,37.3076%,False,1,UEMC BALONCESTO VALLADOLID,False
COPA ESPAÑA,Play-offs 1/16 Final,MOVISTAR ESTUDIANTES,22,J. VAULET,15.3032%,54.3228%,False,1,UEMC BALONCESTO VALLADOLID,False
COPA ESPAÑA,Play-offs 1/16 Final,MOVISTAR ESTUDIANTES,15,T. MC GREW,84.9788%,50.4156%,False,1,UEMC BALONCESTO VALLADOLID,False
COPA ESPAÑA,Play-offs 1/16 Final,MOVISTAR ESTUDIANTES,1,A. GONZÁLEZ PÉREZ,12.6234%,56.3395%,False,1,UEMC BALONCESTO VALLADOLID,False
COPA ESPAÑA,Play-offs 1/16 Final,MOVISTAR ESTUDIANTES,29,P. GARINO GULLOTTA,69.6051%,23.0652%,False,1,UEMC BALONCESTO VALLADOLID,False
COPA ESPAÑA,Play-offs 1/16 Final,MOVISTAR ESTUDIANTES,8,G. FILIPOVIC,23.7659%,51.2979%,True,1,UEMC BALONCESTO VALLADOLID,False
COPA ESPAÑA,Play-offs 1/16 Final,MOVISTAR ESTUDIANTES,8,G. FILIPOVIC,65.5148%,38.9461%,True,1,UEMC BALONCESTO VALLADOLID,False
COPA ESPAÑA,Play-offs 1/16 Final,MOVISTAR ESTUDIANTES,11,J. GRANGER,64.8096%,42.9793%,False,1,UEMC BALONCESTO VALLADOLID,False
COPA ESPAÑA,Play-offs 1/16 Final,MOVISTAR ESTUDIANTES,29,P. GARINO GULLOTTA,67.7715%,24.7037%,True,1,UEMC BALONCESTO VALLADOLID,False
COPA ESPAÑA,Play-offs 1/16 Final,MOVISTAR ESTUDIANTES,6,L. GIOVANNETTI,69.9577%,79.9088%,False,1,UEMC BALONCESTO VALLADOLID,False
COPA ESPAÑA,Play-offs 1/16 Final,MOVISTAR ESTUDIANTES,29,P. GARINO GULLOTTA,67.3484%,64.9101%,True,1,UEMC BALONCESTO VALLADOLID,False
COPA ESPAÑA,Play-offs 1/16 Final,MOVISTAR ESTUDIANTES,51,O. SILVERIO GRULLON,11.0014%,78.5223%,True,1,UEMC BALONCESTO VALLADOLID,False
COPA ESPAÑA,Play-offs 1/16 Final,MOVISTAR ESTUDIANTES,15,T. MC GREW,64.8096%,39.4502%,False,1,UEMC BALONCESTO VALLADOLID,False
COPA ESPAÑA,Play-offs 1/16 Final,MOVISTAR ESTUDIANTES,15,T. MC GREW,22.567%,48.525%,True,1,UEMC BALONCESTO VALLADOLID,False
COPA ESPAÑA,Play-offs 1/16 Final,MOVISTAR ESTUDIANTES,8,G. FILIPOVIC,80.7475%,28.4848%,False,1,UEMC BALONCESTO VALLADOLID,False
COPA ESPAÑA,Play-offs 1/16 Final,MOVISTAR ESTUDIANTES,22,J. VAULET,83.8505%,51.676%,True,1,UEMC BALONCESTO VALLADOLID,False
COPA ESPAÑA,Play-offs 1/16 Final,MOVISTAR ESTUDIANTES,51,O. SILVERIO GRULLON,30.6065%,76.3797%,False,1,UEMC BALONCESTO VALLADOLID,False
COPA ESPAÑA,Play-offs 1/16 Final,MOVISTAR ESTUDIANTES,2,A. BRIMAH,15.5148%,48.7771%,True,1,UEMC BALONCESTO VALLADOLID,False
COPA ESPAÑA,Play-offs 1/16 Final,MOVISTAR ESTUDIANTES,8,G. FILIPOVIC,35.2609%,58.8602%,False,1,UEMC BALONCESTO VALLADOLID,False
COPA ESPAÑA,Play-offs 1/16 Final,MOVISTAR ESTUDIANTES,6,L. GIOVANNETTI,14.6685%,52.4323%,False,1,UEMC BALONCESTO VALLADOLID,False
COPA ESPAÑA,Play-offs 1/16 Final,MOVISTAR ESTUDIANTES,9,S. SALIN,62.9055%,26.7203%,False,1,UEMC BALONCESTO VALLADOLID,False
COPA ESPAÑA,Play-offs 1/16 Final,MOVISTAR ESTUDIANTES,29,P. GARINO GULLOTTA,68.6178%,27.4765%,True,1,UEMC BALONCESTO VALLADOLID,False
COPA ESPAÑA,Play-offs 1/16 Final,MOVISTAR ESTUDIANTES,51,O. SILVERIO GRULLON,33.4979%,34.2826%,False,1,UEMC BALONCESTO VALLADOLID,False
COPA ESPAÑA,Play-offs 1/16 Final,MOVISTAR ESTUDIANTES,24,L. NWOGBO,17.4894%,55.3312%,True,1,UEMC BALONCESTO VALLADOLID,False
COPA ESPAÑA,Play-offs 1/16 Final,MOVISTAR ESTUDIANTES,11,J. GRANGER,71.4386%,19.6621%,False,1,UEMC BALONCESTO VALLADOLID,False
COPA ESPAÑA,Play-offs 1/16 Final,MOVISTAR ESTUDIANTES,51,O. SILVERIO GRULLON,35.3315%,27.3505%,False,1,UEMC BALONCESTO VALLADOLID,False
COPA ESPAÑA,Play-offs 1/16 Final,MOVISTAR ESTUDIANTES,6,L. GIOVANNETTI,32.2285%,24.9557%,False,1,UEMC BALONCESTO VALLADOLID,False
COPA ESPAÑA,Play-offs 1/16 Final,MOVISTAR ESTUDIANTES,8,G. FILIPOVIC,83.5684%,53.8187%,False,1,UEMC BALONCESTO VALLADOLID,False
COPA ESPAÑA,Play-offs 1/16 Final,MOVISTAR ESTUDIANTES,51,O. SILVERIO GRULLON,81.4528%,48.273%,True,1,UEMC BALONCESTO VALLADOLID,False
COPA ESPAÑA,Play-offs 1/16 Final,MOVISTAR ESTUDIANTES,24,L. NWOGBO,14.1044%,56.4655%,True,1,UEMC BALONCESTO VALLADOLID,False
COPA ESPAÑA,Play-offs 1/16 Final,MOVISTAR ESTUDIANTES,29,P. GARINO GULLOTTA,64.7391%,53.5666%,False,1,UEMC BALONCESTO VALLADOLID,False
COPA ESPAÑA,Play-offs 1/16 Final,MOVISTAR ESTUDIANTES,24,L. NWOGBO,12.6939%,55.9613%,True,1,UEMC BALONCESTO VALLADOLID,False
COPA ESPAÑA,Play-offs 1/16 Final,MOVISTAR ESTUDIANTES,11,J. GRANGER,34.9788%,39.5763%,False,1,UEMC BALONCESTO VALLADOLID,False
COPA ESPAÑA,Play-offs 1/16 Final,FLEXICAR FUENLABRADA,5,A. MURPHY,15.8674%,59.4904%,False,1,HLA ALICANTE,True
COPA ESPAÑA,Play-offs 1/16 Final,FLEXICAR FUENLABRADA,5,A. MURPHY,69.9577%,79.7827%,True,1,HLA ALICANTE,True
COPA ESPAÑA,Play-offs 1/16 Final,FLEXICAR FUENLABRADA,15,P. RODRIGUEZ PASCUAL,87.5882%,75.6234%,False,1,HLA ALICANTE,True
COPA ESPAÑA,Play-offs 1/16 Final,FLEXICAR FUENLABRADA,30,P. RIGOT,32.0169%,21.1746%,False,1,HLA ALICANTE,True
COPA ESPAÑA,Play-offs 1/16 Final,FLEXICAR FUENLABRADA,5,A. MURPHY,29.6897%,20.4183%,True,1,HLA ALICANTE,True
COPA ESPAÑA,Play-offs 1/16 Final,FLEXICAR FUENLABRADA,11,D. MANCHON CRESPO,10.5783%,50.9198%,True,1,HLA ALICANTE,True
COPA ESPAÑA,Play-offs 1/16 Final,FLEXICAR FUENLABRADA,11,D. MANCHON CRESPO,70.1693%,82.0514%,True,1,HLA ALICANTE,True
COPA ESPAÑA,Play-offs 1/16 Final,FLEXICAR FUENLABRADA,8,V. ALVES BENITE,39.2102%,56.3395%,True,1,HLA ALICANTE,True
COPA ESPAÑA,Play-offs 1/16 Final,FLEXICAR FUENLABRADA,35,J. BELEMENE-DZABATOU,82.3695%,54.827%,True,1,HLA ALICANTE,True
COPA ESPAÑA,Play-offs 1/16 Final,FLEXICAR FUENLABRADA,41,L. NIKKARINEN,33.9915%,49.9115%,False,1,HLA ALICANTE,True
COPA ESPAÑA,Play-offs 1/16 Final,FLEXICAR FUENLABRADA,31,C. MARTIN,10.7193%,57.2217%,False,1,HLA ALICANTE,True
COPA ESPAÑA,Play-offs 1/16 Final,FLEXICAR FUENLABRADA,8,V. ALVES BENITE,64.1749%,28.3588%,False,1,HLA ALICANTE,True
COPA ESPAÑA,Play-offs 1/16 Final,FLEXICAR FUENLABRADA,11,D. MANCHON CRESPO,89.7743%,63.1456%,True,1,HLA ALICANTE,True
COPA ESPAÑA,Play-offs 1/16 Final,FLEXICAR FUENLABRADA,7,M. DIAZ,31.2412%,24.7037%,True,1,HLA ALICANTE,True
COPA ESPAÑA,Play-offs 1/16 Final,FLEXICAR FUENLABRADA,7,M. DIAZ,29.3371%,20.9225%,True,1,HLA ALICANTE,True
COPA ESPAÑA,Play-offs 1/16 Final,FLEXICAR FUENLABRADA,11,D. MANCHON CRESPO,15.1622%,45.8782%,True,1,HLA ALICANTE,True
COPA ESPAÑA,Play-offs 1/16 Final,FLEXICAR FUENLABRADA,7,M. DIAZ,32.5106%,68.3132%,False,1,HLA ALICANTE,True
COPA ESPAÑA,Play-offs 1/16 Final,FLEXICAR FUENLABRADA,11,D. MANCHON CRESPO,70.3103%,17.0153%,True,1,HLA ALICANTE,True
COPA ESPAÑA,Play-offs 1/16 Final,FLEXICAR FUENLABRADA,31,C. MARTIN,31.8759%,57.5999%,False,1,HLA ALICANTE,True
COPA ESPAÑA,Play-offs 1/16 Final,FLEXICAR FUENLABRADA,15,P. RODRIGUEZ PASCUAL,5.85331%,4.15929%,True,1,HLA ALICANTE,True
COPA ESPAÑA,Play-offs 1/16 Final,FLEXICAR FUENLABRADA,30,P. RIGOT,71.086%,19.0319%,False,1,HLA ALICANTE,True
COPA ESPAÑA,Play-offs 1/16 Final,FLEXICAR FUENLABRADA,9,B. VIDARTE CANO,80.536%,54.827%,False,1,HLA ALICANTE,True
COPA ESPAÑA,Play-offs 1/16 Final,FLEXICAR FUENLABRADA,41,L. NIKKARINEN,35.1904%,38.568%,False,1,HLA ALICANTE,True
COPA ESPAÑA,Play-offs 1/16 Final,FLEXICAR FUENLABRADA,41,L. NIKKARINEN,69.464%,19.7881%,False,1,HLA ALICANTE,True
COPA ESPAÑA,Play-offs 1/16 Final,FLEXICAR FUENLABRADA,8,V. ALVES BENITE,65.1622%,27.8546%,True,1,HLA ALICANTE,True
COPA ESPAÑA,Play-offs 1/16 Final,FLEXICAR FUENLABRADA,5,A. MURPHY,72.0733%,84.5722%,False,1,HLA ALICANTE,True
COPA ESPAÑA,Play-offs 1/16 Final,FLEXICAR FUENLABRADA,31,C. MARTIN,62.4824%,44.1137%,False,1,HLA ALICANTE,True
COPA ESPAÑA,Play-offs 1/16 Final,FLEXICAR FUENLABRADA,5,A. MURPHY,91.2553%,58.7342%,True,1,HLA ALICANTE,True
COPA ESPAÑA,Play-offs 1/16 Final,FLEXICAR FUENLABRADA,31,C. MARTIN,12.0592%,49.1552%,True,1,HLA ALICANTE,True
COPA ESPAÑA,Play-offs 1/16 Final,FLEXICAR FUENLABRADA,11,D. MANCHON CRESPO,34.9788%,28.989%,True,1,HLA ALICANTE,True
COPA ESPAÑA,Play-offs 1/16 Final,FLEXICAR FUENLABRADA,31,C. MARTIN,72.3554%,84.6983%,True,1,HLA ALICANTE,True
COPA ESPAÑA,Play-offs 1/16 Final,FLEXICAR FUENLABRADA,11,D. MANCHON CRESPO,36.3893%,56.4655%,False,1,HLA ALICANTE,True
COPA ESPAÑA,Play-offs 1/16 Final,FLEXICAR FUENLABRADA,35,J. BELEMENE-DZABATOU,68.6883%,82.6816%,True,1,HLA ALICANTE,True
COPA ESPAÑA,Play-offs 1/16 Final,FLEXICAR FUENLABRADA,35,J. BELEMENE-DZABATOU,69.3935%,24.9557%,True,1,HLA ALICANTE,True
COPA ESPAÑA,Play-offs 1/16 Final,FLEXICAR FUENLABRADA,7,M. DIAZ,31.9464%,76.6318%,True,1,HLA ALICANTE,True
COPA ESPAÑA,Play-offs 1/16 Final,FLEXICAR FUENLABRADA,88,J. KASIBABU SHILALA,87.9408%,55.4572%,False,1,HLA ALICANTE,True
COPA ESPAÑA,Play-offs 1/16 Final,FLEXICAR FUENLABRADA,41,L. NIKKARINEN,61.9182%,51.0458%,False,1,HLA ALICANTE,True
COPA ESPAÑA,Play-offs 1/16 Final,FLEXICAR FUENLABRADA,88,J. KASIBABU SHILALA,15.9379%,51.2979%,True,1,HLA ALICANTE,True
COPA ESPAÑA,Play-offs 1/16 Final,FLEXICAR FUENLABRADA,8,V. ALVES BENITE,28.1382%,80.791%,True,1,HLA ALICANTE,True
COPA ESPAÑA,Play-offs 1/16 Final,FLEXICAR FUENLABRADA,30,P. RIGOT,65.4443%,49.0292%,True,1,HLA ALICANTE,True
COPA ESPAÑA,Play-offs 1/16 Final,FLEXICAR FUENLABRADA,21,D. STOLBETSKIY,27.8561%,17.0153%,False,1,HLA ALICANTE,True
COPA ESPAÑA,Play-offs 1/16 Final,FLEXICAR FUENLABRADA,30,P. RIGOT,85.2609%,44.6178%,False,1,HLA ALICANTE,True
COPA ESPAÑA,Play-offs 1/16 Final,FLEXICAR FUENLABRADA,41,L. NIKKARINEN,69.6051%,23.4433%,True,1,HLA ALICANTE,True
COPA ESPAÑA,Play-offs 1/16 Final,FLEXICAR FUENLABRADA,11,D. MANCHON CRESPO,36.6714%,57.978%,False,1,HLA ALICANTE,True
COPA ESPAÑA,Play-offs 1/16 Final,FLEXICAR FUENLABRADA,31,C. MARTIN,7.47532%,6.42799%,False,1,HLA ALICANTE,True
COPA ESPAÑA,Play-offs 1/16 Final,FLEXICAR FUENLABRADA,31,C. MARTIN,68.0536%,29.8713%,True,1,HLA ALICANTE,True
COPA ESPAÑA,Play-offs 1/16 Final,FLEXICAR FUENLABRADA,30,P. RIGOT,65.3738%,55.3312%,False,1,HLA ALICANTE,True
COPA ESPAÑA,Play-offs 1/16 Final,FLEXICAR FUENLABRADA,15,P. RODRIGUEZ PASCUAL,77.0099%,66.1705%,True,1,HLA ALICANTE,True
COPA ESPAÑA,Play-offs 1/16 Final,FLEXICAR FUENLABRADA,31,C. MARTIN,90.268%,49.2813%,True,1,HLA ALICANTE,True
COPA ESPAÑA,Play-offs 1/16 Final,FLEXICAR FUENLABRADA,5,A. MURPHY,64.6685%,56.8436%,True,1,HLA ALICANTE,True
COPA ESPAÑA,Play-offs 1/16 Final,FLEXICAR FUENLABRADA,21,D. STOLBETSKIY,90.6206%,7.56234%,False,1,HLA ALICANTE,True
COPA ESPAÑA,Play-offs 1/16 Final,FLEXICAR FUENLABRADA,5,A. MURPHY,35.4725%,53.6926%,True,1,HLA ALICANTE,True
COPA ESPAÑA,Play-offs 1/16 Final,FLEXICAR FUENLABRADA,15,P. RODRIGUEZ PASCUAL,74.4711%,21.5527%,False,1,HLA ALICANTE,True
COPA ESPAÑA,Play-offs 1/16 Final,FLEXICAR FUENLABRADA,7,M. DIAZ,20.0282%,58.3561%,False,1,HLA ALICANTE,True
COPA ESPAÑA,Play-offs 1/16 Final,FLEXICAR FUENLABRADA,15,P. RODRIGUEZ PASCUAL,8.3921%,50.7937%,True,1,HLA ALICANTE,True
COPA ESPAÑA,Play-offs 1/16 Final,FLEXICAR FUENLABRADA,11,D. MANCHON CRESPO,89.1396%,21.8048%,False,1,HLA ALICANTE,True
COPA ESPAÑA,Play-offs 1/16 Final,FLEXICAR FUENLABRADA,30,P. RIGOT,85.7546%,56.0874%,True,1,HLA ALICANTE,True
COPA ESPAÑA,Play-offs 1/16 Final,FLEXICAR FUENLABRADA,11,D. MANCHON CRESPO,86.4598%,72.9766%,False,1,HLA ALICANTE,True
COPA ESPAÑA,Play-offs 1/16 Final,FLEXICAR FUENLABRADA,30,P. RIGOT,9.80254%,46.8865%,True,1,HLA ALICANTE,True
COPA ESPAÑA,Play-offs 1/16 Final,FLEXICAR FUENLABRADA,35,J. BELEMENE-DZABATOU,15.4443%,36.8034%,False,1,HLA ALICANTE,True
COPA ESPAÑA,Play-offs 1/16 Final,FLEXICAR FUENLABRADA,5,A. MURPHY,87.8702%,95.4116%,False,1,HLA ALICANTE,True
COPA ESPAÑA,Play-offs 1/16 Final,FLEXICAR FUENLABRADA,7,M. DIAZ,19.8166%,25.0818%,False,1,HLA ALICANTE,True
COPA ESPAÑA,Play-offs 1/16 Final,FLEXICAR FUENLABRADA,21,D. STOLBETSKIY,5.43018%,61.129%,False,1,HLA ALICANTE,True
COPA ESPAÑA,Play-offs 1/16 Final,FLEXICAR FUENLABRADA,15,P. RODRIGUEZ PASCUAL,12.9055%,55.4572%,True,1,HLA ALICANTE,True
COPA ESPAÑA,Play-offs 1/16 Final,FLEXICAR FUENLABRADA,21,D. STOLBETSKIY,31.0296%,21.0485%,False,1,HLA ALICANTE,True
COPA ESPAÑA,Play-offs 1/16 Final,FLEXICAR FUENLABRADA,41,L. NIKKARINEN,65.4443%,49.0292%,False,1,HLA ALICANTE,True
COPA ESPAÑA,Play-offs 1/16 Final,HLA ALICANTE,22,J. WALKER,4.37236%,40.5846%,False,1,FLEXICAR FUENLABRADA,False
COPA ESPAÑA,Play-offs 1/16 Final,HLA ALICANTE,15,T. RICHARDSON,33.3568%,66.9267%,False,1,FLEXICAR FUENLABRADA,False
COPA ESPAÑA,Play-offs 1/16 Final,HLA ALICANTE,21,A. JORDA RODRIGUEZ,8.53315%,51.4239%,False,1,FLEXICAR FUENLABRADA,False
COPA ESPAÑA,Play-offs 1/16 Final,HLA ALICANTE,3,U. MENDICOTE RUBIO,30.677%,78.7744%,False,1,FLEXICAR FUENLABRADA,False
COPA ESPAÑA,Play-offs 1/16 Final,HLA ALICANTE,24,S. LLORENTE PAZ,67.842%,29.9973%,True,1,FLEXICAR FUENLABRADA,False
COPA ESPAÑA,Play-offs 1/16 Final,HLA ALICANTE,24,S. LLORENTE PAZ,67.3484%,27.7286%,False,1,FLEXICAR FUENLABRADA,False
COPA ESPAÑA,Play-offs 1/16 Final,HLA ALICANTE,23,D. GEU,28.7729%,13.8643%,True,1,FLEXICAR FUENLABRADA,False
COPA ESPAÑA,Play-offs 1/16 Final,HLA ALICANTE,22,J. WALKER,30.6065%,84.6983%,True,1,FLEXICAR FUENLABRADA,False
COPA ESPAÑA,Play-offs 1/16 Final,HLA ALICANTE,8,J. MWEMA,87.6587%,95.1595%,False,1,FLEXICAR FUENLABRADA,False
COPA ESPAÑA,Play-offs 1/16 Final,HLA ALICANTE,22,J. WALKER,78.2793%,39.3242%,False,1,FLEXICAR FUENLABRADA,False
COPA ESPAÑA,Play-offs 1/16 Final,HLA ALICANTE,22,J. WALKER,90.8322%,63.3977%,True,1,FLEXICAR FUENLABRADA,False
COPA ESPAÑA,Play-offs 1/16 Final,HLA ALICANTE,22,J. WALKER,13.2581%,48.1469%,False,1,FLEXICAR FUENLABRADA,False
COPA ESPAÑA,Play-offs 1/16 Final,HLA ALICANTE,14,I. TAMBA VILLEN,10.0141%,49.0292%,True,1,FLEXICAR FUENLABRADA,False
COPA ESPAÑA,Play-offs 1/16 Final,HLA ALICANTE,22,J. WALKER,17.2779%,27.7286%,True,1,FLEXICAR FUENLABRADA,False
COPA ESPAÑA,Play-offs 1/16 Final,HLA ALICANTE,21,A. JORDA RODRIGUEZ,35.402%,41.2148%,True,1,FLEXICAR FUENLABRADA,False
COPA ESPAÑA,Play-offs 1/16 Final,HLA ALICANTE,23,D. GEU,92.8068%,93.2689%,False,1,FLEXICAR FUENLABRADA,False
COPA ESPAÑA,Play-offs 1/16 Final,HLA ALICANTE,8,J. MWEMA,16.0085%,31.5098%,True,1,FLEXICAR FUENLABRADA,False
COPA ESPAÑA,Play-offs 1/16 Final,HLA ALICANTE,8,J. MWEMA,64.7391%,51.676%,False,1,FLEXICAR FUENLABRADA,False
COPA ESPAÑA,Play-offs 1/16 Final,HLA ALICANTE,4,S. CECCARDI,92.2426%,59.3644%,False,1,FLEXICAR FUENLABRADA,False
COPA ESPAÑA,Play-offs 1/16 Final,HLA ALICANTE,4,S. CECCARDI,15.3738%,50.1636%,False,1,FLEXICAR FUENLABRADA,False
COPA ESPAÑA,Play-offs 1/16 Final,HLA ALICANTE,3,U. MENDICOTE RUBIO,78.2793%,92.6387%,False,1,FLEXICAR FUENLABRADA,False
COPA ESPAÑA,Play-offs 1/16 Final,HLA ALICANTE,21,A. JORDA RODRIGUEZ,15.3738%,50.6677%,True,1,FLEXICAR FUENLABRADA,False
COPA ESPAÑA,Play-offs 1/16 Final,HLA ALICANTE,23,D. GEU,72.4965%,84.5722%,False,1,FLEXICAR FUENLABRADA,False
COPA ESPAÑA,Play-offs 1/16 Final,HLA ALICANTE,21,A. JORDA RODRIGUEZ,8.03949%,95.4116%,False,1,FLEXICAR FUENLABRADA,False
COPA ESPAÑA,Play-offs 1/16 Final,HLA ALICANTE,14,I. TAMBA VILLEN,13.2581%,48.1469%,False,1,FLEXICAR FUENLABRADA,False
COPA ESPAÑA,Play-offs 1/16 Final,HLA ALICANTE,14,I. TAMBA VILLEN,12.6234%,54.827%,True,1,FLEXICAR FUENLABRADA,False
COPA ESPAÑA,Play-offs 1/16 Final,HLA ALICANTE,13,K. LARSEN,89.4922%,78.5223%,True,1,FLEXICAR FUENLABRADA,False
COPA ESPAÑA,Play-offs 1/16 Final,HLA ALICANTE,22,J. WALKER,87.2355%,63.3977%,True,1,FLEXICAR FUENLABRADA,False
COPA ESPAÑA,Play-offs 1/16 Final,HLA ALICANTE,21,A. JORDA RODRIGUEZ,27.6446%,20.4183%,False,1,FLEXICAR FUENLABRADA,False
COPA ESPAÑA,Play-offs 1/16 Final,HLA ALICANTE,23,D. GEU,87.7997%,51.0458%,True,1,FLEXICAR FUENLABRADA,False
COPA ESPAÑA,Play-offs 1/16 Final,HLA ALICANTE,22,J. WALKER,65.3738%,27.2244%,False,1,FLEXICAR FUENLABRADA,False
COPA ESPAÑA,Play-offs 1/16 Final,HLA ALICANTE,8,J. MWEMA,89.7038%,7.18423%,False,1,FLEXICAR FUENLABRADA,False
COPA ESPAÑA,Play-offs 1/16 Final,HLA ALICANTE,22,J. WALKER,90.9027%,63.7758%,False,1,FLEXICAR FUENLABRADA,False
COPA ESPAÑA,Play-offs 1/16 Final,HLA ALICANTE,24,S. LLORENTE PAZ,35.1904%,72.4725%,True,1,FLEXICAR FUENLABRADA,False
COPA ESPAÑA,Play-offs 1/16 Final,HLA ALICANTE,12,B. COULIBALY,8.18054%,49.2813%,False,1,FLEXICAR FUENLABRADA,False
COPA ESPAÑA,Play-offs 1/16 Final,HLA ALICANTE,4,S. CECCARDI,31.7348%,27.4765%,True,1,FLEXICAR FUENLABRADA,False
COPA ESPAÑA,Play-offs 1/16 Final,HLA ALICANTE,13,K. LARSEN,16.5021%,54.0708%,False,1,FLEXICAR FUENLABRADA,False
COPA ESPAÑA,Play-offs 1/16 Final,HLA ALICANTE,21,A. JORDA RODRIGUEZ,8.25106%,91.0002%,False,1,FLEXICAR FUENLABRADA,False
COPA ESPAÑA,Play-offs 1/16 Final,HLA ALICANTE,13,K. LARSEN,92.4542%,37.9378%,True,1,FLEXICAR FUENLABRADA,False
COPA ESPAÑA,Play-offs 1/16 Final,HLA ALICANTE,23,D. GEU,87.165%,61.8852%,True,1,FLEXICAR FUENLABRADA,False
COPA ESPAÑA,Play-offs 1/16 Final,HLA ALICANTE,8,J. MWEMA,31.1707%,24.4516%,False,1,FLEXICAR FUENLABRADA,False
COPA ESPAÑA,Play-offs 1/16 Final,HLA ALICANTE,22,J. WALKER,73.1312%,21.9308%,False,1,FLEXICAR FUENLABRADA,False
COPA ESPAÑA,Play-offs 1/16 Final,HLA ALICANTE,4,S. CECCARDI,64.1044%,72.0944%,False,1,FLEXICAR FUENLABRADA,False
COPA ESPAÑA,Play-offs 1/16 Final,HLA ALICANTE,13,K. LARSEN,91.3963%,53.0624%,True,1,FLEXICAR FUENLABRADA,False
COPA ESPAÑA,Play-offs 1/16 Final,HLA ALICANTE,13,K. LARSEN,67.2073%,24.5776%,False,1,FLEXICAR FUENLABRADA,False
COPA ESPAÑA,Play-offs 1/16 Final,HLA ALICANTE,14,I. TAMBA VILLEN,10.7898%,52.8104%,True,1,FLEXICAR FUENLABRADA,False
COPA ESPAÑA,Play-offs 1/16 Final,HLA ALICANTE,22,J. WALKER,30.3949%,60.2467%,False,1,FLEXICAR FUENLABRADA,False
COPA ESPAÑA,Play-offs 1/16 Final,HLA ALICANTE,21,A. JORDA RODRIGUEZ,64.457%,77.388%,False,1,FLEXICAR FUENLABRADA,False
COPA ESPAÑA,Play-offs 1/16 Final,HLA ALICANTE,21,A. JORDA RODRIGUEZ,28.7729%,80.665%,False,1,FLEXICAR FUENLABRADA,False
COPA ESPAÑA,Play-offs 1/16 Final,HLA ALICANTE,21,A. JORDA RODRIGUEZ,31.4528%,20.4183%,True,1,FLEXICAR FUENLABRADA,False
COPA ESPAÑA,Play-offs 1/16 Final,HLA ALICANTE,21,A. JORDA RODRIGUEZ,28.4908%,18.6538%,True,1,FLEXICAR FUENLABRADA,False
COPA ESPAÑA,Play-offs 1/16 Final,HLA ALICANTE,24,S. LLORENTE PAZ,27.3625%,91.7564%,True,1,FLEXICAR FUENLABRADA,False
COPA ESPAÑA,Play-offs 1/16 Final,HLA ALICANTE,14,I. TAMBA VILLEN,88.646%,60.8769%,True,1,FLEXICAR FUENLABRADA,False
COPA ESPAÑA,Play-offs 1/16 Final,HLA ALICANTE,23,D. GEU,91.89%,58.2301%,True,1,FLEXICAR FUENLABRADA,False
COPA ESPAÑA,Play-offs 1/16 Final,HLA ALICANTE,15,T. RICHARDSON,9.52045%,54.827%,False,1,FLEXICAR FUENLABRADA,False
COPA ESPAÑA,Play-offs 1/16 Final,HLA ALICANTE,15,T. RICHARDSON,66.22%,25.964%,False,1,FLEXICAR FUENLABRADA,False
COPA ESPAÑA,Play-offs 1/16 Final,HLA ALICANTE,4,S. CECCARDI,62.5529%,33.1483%,False,1,FLEXICAR FUENLABRADA,False
COPA ESPAÑA,Play-offs 1/16 Final,HLA ALICANTE,24,S. LLORENTE PAZ,68.8999%,20.7964%,True,1,FLEXICAR FUENLABRADA,False
COPA ESPAÑA,Play-offs 1/16 Final,HLA ALICANTE,24,S. LLORENTE PAZ,32.0874%,71.9683%,True,1,FLEXICAR FUENLABRADA,False
COPA ESPAÑA,Play-offs 1/16 Final,HLA ALICANTE,4,S. CECCARDI,31.8054%,28.8629%,False,1,FLEXICAR FUENLABRADA,False
COPA ESPAÑA,Play-offs 1/16 Final,HLA ALICANTE,24,S. LLORENTE PAZ,96.5444%,7.68838%,False,1,FLEXICAR FUENLABRADA,False
COPA ESPAÑA,Play-offs 1/16 Final,HLA ALICANTE,24,S. LLORENTE PAZ,80.3949%,51.676%,False,1,FLEXICAR FUENLABRADA,False
COPA ESPAÑA,Play-offs 1/16 Final,HLA ALICANTE,22,J. WALKER,11.4245%,52.3062%,True,1,FLEXICAR FUENLABRADA,False
COPA ESPAÑA,Play-offs 1/16 Final,HLA ALICANTE,23,D. GEU,90.5501%,52.0541%,True,1,FLEXICAR FUENLABRADA,False
COPA ESPAÑA,Play-offs 1/16 Final,HLA ALICANTE,4,S. CECCARDI,75.7405%,49.4073%,False,1,FLEXICAR FUENLABRADA,False
COPA ESPAÑA,Play-offs 1/16 Final,HLA ALICANTE,4,S. CECCARDI,65.7264%,27.7286%,False,1,FLEXICAR FUENLABRADA,False
COPA ESPAÑA,Play-offs 1/16 Final,HLA ALICANTE,15,T. RICHARDSON,31.6643%,79.0265%,False,1,FLEXICAR FUENLABRADA,False
COPA ESPAÑA,Play-offs 1/16 Final,HLA ALICANTE,23,D. GEU,91.6784%,67.3049%,True,1,FLEXICAR FUENLABRADA,False
COPA ESPAÑA,Play-offs 1/16 Final,HLA ALICANTE,15,T. RICHARDSON,66.079%,29.3671%,True,1,FLEXICAR FUENLABRADA,False
COPA ESPAÑA,Play-offs 1/16 Final,HESTIA MENORCA,55,A. SOLA IDDRISU,29.6897%,12.3518%,False,1,LEYMA CORUÑA,True
COPA ESPAÑA,Play-offs 1/16 Final,HESTIA MENORCA,55,A. SOLA IDDRISU,86.7419%,61.381%,False,1,LEYMA CORUÑA,True
COPA ESPAÑA,Play-offs 1/16 Final,HESTIA MENORCA,23,E. WEMBI,86.6009%,44.4918%,True,1,LEYMA CORUÑA,True
COPA ESPAÑA,Play-offs 1/16 Final,HESTIA MENORCA,23,E. WEMBI,83.8505%,50.0375%,False,1,LEYMA CORUÑA,True
COPA ESPAÑA,Play-offs 1/16 Final,HESTIA MENORCA,3,N. GALETTE,10.4372%,55.5832%,False,1,LEYMA CORUÑA,True
COPA ESPAÑA,Play-offs 1/16 Final,HESTIA MENORCA,11,S. LITTLESON,17.701%,33.0222%,False,1,LEYMA CORUÑA,True
COPA ESPAÑA,Play-offs 1/16 Final,HESTIA MENORCA,77,V. ARTEAGA GONZALEZ,89.5628%,43.4835%,True,1,LEYMA CORUÑA,True
COPA ESPAÑA,Play-offs 1/16 Final,HESTIA MENORCA,11,S. LITTLESON,90.8322%,71.8423%,False,1,LEYMA CORUÑA,True
COPA ESPAÑA,Play-offs 1/16 Final,HESTIA MENORCA,11,S. LITTLESON,19.3935%,27.6026%,False,1,LEYMA CORUÑA,True
COPA ESPAÑA,Play-offs 1/16 Final,HESTIA MENORCA,0,E. VICEDO AYALA,32.0169%,74.237%,False,1,LEYMA CORUÑA,True
COPA ESPAÑA,Play-offs 1/16 Final,HESTIA MENORCA,11,S. LITTLESON,19.6756%,65.0362%,True,1,LEYMA CORUÑA,True
COPA ESPAÑA,Play-offs 1/16 Final,HESTIA MENORCA,1,J. CONE,16.0085%,46.8865%,False,1,LEYMA CORUÑA,True
COPA ESPAÑA,Play-offs 1/16 Final,HESTIA MENORCA,23,E. WEMBI,89.3512%,63.3977%,True,1,LEYMA CORUÑA,True
COPA ESPAÑA,Play-offs 1/16 Final,HESTIA MENORCA,0,E. VICEDO AYALA,64.3865%,83.3118%,True,1,LEYMA CORUÑA,True
COPA ESPAÑA,Play-offs 1/16 Final,HESTIA MENORCA,55,A. SOLA IDDRISU,9.59097%,66.6747%,False,1,LEYMA CORUÑA,True
COPA ESPAÑA,Play-offs 1/16 Final,HESTIA MENORCA,77,V. ARTEAGA GONZALEZ,11.8477%,49.7854%,True,1,LEYMA CORUÑA,True
COPA ESPAÑA,Play-offs 1/16 Final,HESTIA MENORCA,77,V. ARTEAGA GONZALEZ,13.3286%,42.6012%,True,1,LEYMA CORUÑA,True
COPA ESPAÑA,Play-offs 1/16 Final,HESTIA MENORCA,11,S. LITTLESON,14.598%,49.9115%,False,1,LEYMA CORUÑA,True
COPA ESPAÑA,Play-offs 1/16 Final,HESTIA MENORCA,15,P. MOLINS CALDERON,65.9379%,18.5277%,True,1,LEYMA CORUÑA,True
COPA ESPAÑA,Play-offs 1/16 Final,HESTIA MENORCA,77,V. ARTEAGA GONZALEZ,86.7419%,48.399%,False,1,LEYMA CORUÑA,True
COPA ESPAÑA,Play-offs 1/16 Final,HESTIA MENORCA,23,E. WEMBI,17.0663%,45.3741%,False,1,LEYMA CORUÑA,True
COPA ESPAÑA,Play-offs 1/16 Final,HESTIA MENORCA,1,J. CONE,21.2976%,29.115%,False,1,LEYMA CORUÑA,True
COPA ESPAÑA,Play-offs 1/16 Final,HESTIA MENORCA,0,E. VICEDO AYALA,32.5106%,86.5888%,False,1,LEYMA CORUÑA,True
COPA ESPAÑA,Play-offs 1/16 Final,HESTIA MENORCA,23,E. WEMBI,16.4316%,62.8935%,False,1,LEYMA CORUÑA,True
COPA ESPAÑA,Play-offs 1/16 Final,HESTIA MENORCA,0,E. VICEDO AYALA,73.8364%,86.8409%,True,1,LEYMA CORUÑA,True
COPA ESPAÑA,Play-offs 1/16 Final,HESTIA MENORCA,7,P. FIGUERAS LOPEZ,38.8575%,24.4516%,False,1,LEYMA CORUÑA,True
COPA ESPAÑA,Play-offs 1/16 Final,HESTIA MENORCA,55,A. SOLA IDDRISU,88.787%,37.6857%,True,1,LEYMA CORUÑA,True
COPA ESPAÑA,Play-offs 1/16 Final,HESTIA MENORCA,77,V. ARTEAGA GONZALEZ,88.5755%,52.3062%,True,1,LEYMA CORUÑA,True
COPA ESPAÑA,Play-offs 1/16 Final,HESTIA MENORCA,11,S. LITTLESON,74.5416%,14.7466%,False,1,LEYMA CORUÑA,True
COPA ESPAÑA,Play-offs 1/16 Final,HESTIA MENORCA,13,J. LOBO MARTORELL,85.6135%,63.5237%,False,1,LEYMA CORUÑA,True
COPA ESPAÑA,Play-offs 1/16 Final,HESTIA MENORCA,77,V. ARTEAGA GONZALEZ,7.4048%,45.248%,False,1,LEYMA CORUÑA,True
COPA ESPAÑA,Play-offs 1/16 Final,HESTIA MENORCA,11,S. LITTLESON,75.67%,46.2563%,True,1,LEYMA CORUÑA,True
COPA ESPAÑA,Play-offs 1/16 Final,HESTIA MENORCA,13,J. LOBO MARTORELL,65.3032%,21.9308%,False,1,LEYMA CORUÑA,True
COPA ESPAÑA,Play-offs 1/16 Final,HESTIA MENORCA,11,S. LITTLESON,84.8378%,54.5749%,False,1,LEYMA CORUÑA,True
COPA ESPAÑA,Play-offs 1/16 Final,HESTIA MENORCA,1,J. CONE,67.9831%,16.007%,True,1,LEYMA CORUÑA,True
COPA ESPAÑA,Play-offs 1/16 Final,HESTIA MENORCA,55,A. SOLA IDDRISU,66.9958%,85.5805%,True,1,LEYMA CORUÑA,True
COPA ESPAÑA,Play-offs 1/16 Final,HESTIA MENORCA,1,J. CONE,33.921%,81.7994%,False,1,LEYMA CORUÑA,True
COPA ESPAÑA,Play-offs 1/16 Final,HESTIA MENORCA,0,E. VICEDO AYALA,8.46262%,39.0721%,True,1,LEYMA CORUÑA,True
COPA ESPAÑA,Play-offs 1/16 Final,HESTIA MENORCA,77,V. ARTEAGA GONZALEZ,15.4443%,42.8533%,True,1,LEYMA CORUÑA,True
COPA ESPAÑA,Play-offs 1/16 Final,HESTIA MENORCA,11,S. LITTLESON,90.9732%,34.4087%,False,1,LEYMA CORUÑA,True
COPA ESPAÑA,Play-offs 1/16 Final,HESTIA MENORCA,1,J. CONE,33.5684%,18.9059%,True,1,LEYMA CORUÑA,True
COPA ESPAÑA,Play-offs 1/16 Final,HESTIA MENORCA,55,A. SOLA IDDRISU,67.2073%,19.1579%,False,1,LEYMA CORUÑA,True
COPA ESPAÑA,Play-offs 1/16 Final,HESTIA MENORCA,77,V. ARTEAGA GONZALEZ,91.7489%,60.4988%,False,1,LEYMA CORUÑA,True
COPA ESPAÑA,Play-offs 1/16 Final,HESTIA MENORCA,11,S. LITTLESON,86.6009%,37.3076%,True,1,LEYMA CORUÑA,True
COPA ESPAÑA,Play-offs 1/16 Final,HESTIA MENORCA,11,S. LITTLESON,18.6178%,38.82%,False,1,LEYMA CORUÑA,True
COPA ESPAÑA,Play-offs 1/16 Final,HESTIA MENORCA,7,P. FIGUERAS LOPEZ,9.80254%,36.6774%,False,1,LEYMA CORUÑA,True
COPA ESPAÑA,Play-offs 1/16 Final,HESTIA MENORCA,11,S. LITTLESON,37.5882%,17.3934%,False,1,LEYMA CORUÑA,True
COPA ESPAÑA,Play-offs 1/16 Final,HESTIA MENORCA,1,J. CONE,33.2863%,83.4379%,True,1,LEYMA CORUÑA,True
COPA ESPAÑA,Play-offs 1/16 Final,HESTIA MENORCA,11,S. LITTLESON,17.0663%,37.4336%,True,1,LEYMA CORUÑA,True
COPA ESPAÑA,Play-offs 1/16 Final,HESTIA MENORCA,23,E. WEMBI,12.4118%,40.8367%,True,1,LEYMA CORUÑA,True
COPA ESPAÑA,Play-offs 1/16 Final,HESTIA MENORCA,77,V. ARTEAGA GONZALEZ,14.1044%,54.827%,False,1,LEYMA CORUÑA,True
COPA ESPAÑA,Play-offs 1/16 Final,HESTIA MENORCA,11,S. LITTLESON,70.8039%,90.37%,True,1,LEYMA CORUÑA,True
COPA ESPAÑA,Play-offs 1/16 Final,HESTIA MENORCA,7,P. FIGUERAS LOPEZ,87.165%,54.4489%,False,1,LEYMA CORUÑA,True
COPA ESPAÑA,Play-offs 1/16 Final,HESTIA MENORCA,23,E. WEMBI,86.1072%,47.6428%,True,1,LEYMA CORUÑA,True
COPA ESPAÑA,Play-offs 1/16 Final,HESTIA MENORCA,0,E. VICEDO AYALA,72.2849%,78.7744%,False,1,LEYMA CORUÑA,True
COPA ESPAÑA,Play-offs 1/16 Final,HESTIA MENORCA,1,J. CONE,33.78%,16.259%,False,1,LEYMA CORUÑA,True
COPA ESPAÑA,Play-offs 1/16 Final,HESTIA MENORCA,23,E. WEMBI,89.4217%,60.6248%,True,1,LEYMA CORUÑA,True
COPA ESPAÑA,Play-offs 1/16 Final,HESTIA MENORCA,77,V. ARTEAGA GONZALEZ,90.1975%,59.6165%,True,1,LEYMA CORUÑA,True
COPA ESPAÑA,Play-offs 1/16 Final,HESTIA MENORCA,13,J. LOBO MARTORELL,62.7645%,21.5527%,False,1,LEYMA CORUÑA,True
COPA ESPAÑA,Play-offs 1/16 Final,HESTIA MENORCA,11,S. LITTLESON,76.7278%,9.20085%,False,1,LEYMA CORUÑA,True
COPA ESPAÑA,Play-offs 1/16 Final,HESTIA MENORCA,1,J. CONE,84.0621%,53.5666%,False,1,LEYMA CORUÑA,True
COPA ESPAÑA,Play-offs 1/16 Final,HESTIA MENORCA,0,E. VICEDO AYALA,32.7927%,13.9903%,True,1,LEYMA CORUÑA,True
COPA ESPAÑA,Play-offs 1/16 Final,HESTIA MENORCA,11,S. LITTLESON,70.0282%,14.4945%,False,1,LEYMA CORUÑA,True
COPA ESPAÑA,Play-offs 1/16 Final,HESTIA MENORCA,11,S. LITTLESON,8.18054%,48.6511%,False,1,LEYMA CORUÑA,True
COPA ESPAÑA,Play-offs 1/16 Final,HESTIA MENORCA,77,V. ARTEAGA GONZALEZ,86.2482%,48.273%,True,1,LEYMA CORUÑA,True
COPA ESPAÑA,Play-offs 1/16 Final,HESTIA MENORCA,11,S. LITTLESON,32.158%,78.5223%,False,1,LEYMA CORUÑA,True
COPA ESPAÑA,Play-offs 1/16 Final,HESTIA MENORCA,1,J. CONE,35.4725%,15.6288%,False,1,LEYMA CORUÑA,True
COPA ESPAÑA,Play-offs 1/16 Final,HESTIA MENORCA,1,J. CONE,21.8618%,46.1303%,False,1,LEYMA CORUÑA,True
COPA ESPAÑA,Play-offs 1/16 Final,LEYMA CORUÑA,0,D. CUEVAS SIMARRO,32.0169%,80.0348%,False,1,HESTIA MENORCA,False
COPA ESPAÑA,Play-offs 1/16 Final,LEYMA CORUÑA,21,I. DIOP GAYE,13.7518%,32.14%,False,1,HESTIA MENORCA,False
COPA ESPAÑA,Play-offs 1/16 Final,LEYMA CORUÑA,13,D. BRNOVIC,71.086%,12.856%,False,1,HESTIA MENORCA,False
COPA ESPAÑA,Play-offs 1/16 Final,LEYMA CORUÑA,50,J. DIAZ ALEJANO,36.1777%,30.3754%,False,1,HESTIA MENORCA,False
COPA ESPAÑA,Play-offs 1/16 Final,LEYMA CORUÑA,22,C. VARELA ROMERO,34.9788%,20.4183%,False,1,HESTIA MENORCA,False
COPA ESPAÑA,Play-offs 1/16 Final,LEYMA CORUÑA,44,A. THIAM,80.8886%,35.543%,True,1,HESTIA MENORCA,False
COPA ESPAÑA,Play-offs 1/16 Final,LEYMA CORUÑA,0,D. CUEVAS SIMARRO,84.9083%,46.1303%,True,1,HESTIA MENORCA,False
COPA ESPAÑA,Play-offs 1/16 Final,LEYMA CORUÑA,0,D. CUEVAS SIMARRO,31.1001%,27.0984%,False,1,HESTIA MENORCA,False
COPA ESPAÑA,Play-offs 1/16 Final,LEYMA CORUÑA,5,G. JOU COLL,69.6051%,14.7466%,True,1,HESTIA MENORCA,False
COPA ESPAÑA,Play-offs 1/16 Final,LEYMA CORUÑA,6,M. BRAZ,11.354%,36.5513%,False,1,HESTIA MENORCA,False
COPA ESPAÑA,Play-offs 1/16 Final,LEYMA CORUÑA,4,P. JORGENSEN,66.6432%,82.9337%,False,1,HESTIA MENORCA,False
COPA ESPAÑA,Play-offs 1/16 Final,LEYMA CORUÑA,4,P. JORGENSEN,79.3371%,35.0389%,True,1,HESTIA MENORCA,False
COPA ESPAÑA,Play-offs 1/16 Final,LEYMA CORUÑA,50,J. DIAZ ALEJANO,79.9718%,42.4752%,False,1,HESTIA MENORCA,False
COPA ESPAÑA,Play-offs 1/16 Final,LEYMA CORUÑA,0,D. CUEVAS SIMARRO,9.37941%,56.9697%,True,1,HESTIA MENORCA,False
COPA ESPAÑA,Play-offs 1/16 Final,LEYMA CORUÑA,50,J. DIAZ ALEJANO,9.80254%,61.0029%,True,1,HESTIA MENORCA,False
COPA ESPAÑA,Play-offs 1/16 Final,LEYMA CORUÑA,5,G. JOU COLL,68.3357%,17.8975%,True,1,HESTIA MENORCA,False
COPA ESPAÑA,Play-offs 1/16 Final,LEYMA CORUÑA,13,D. BRNOVIC,58.11%,47.5167%,False,1,HESTIA MENORCA,False
COPA ESPAÑA,Play-offs 1/16 Final,LEYMA CORUÑA,5,G. JOU COLL,12.5529%,59.1123%,False,1,HESTIA MENORCA,False
COPA ESPAÑA,Play-offs 1/16 Final,LEYMA CORUÑA,44,A. THIAM,86.1777%,40.0804%,True,1,HESTIA MENORCA,False
COPA ESPAÑA,Play-offs 1/16 Final,LEYMA CORUÑA,0,D. CUEVAS SIMARRO,62.2003%,32.0139%,True,1,HESTIA MENORCA,False
COPA ESPAÑA,Play-offs 1/16 Final,LEYMA CORUÑA,5,G. JOU COLL,71.5797%,14.7466%,True,1,HESTIA MENORCA,False
COPA ESPAÑA,Play-offs 1/16 Final,LEYMA CORUÑA,21,I. DIOP GAYE,87.3766%,56.7176%,False,1,HESTIA MENORCA,False
COPA ESPAÑA,Play-offs 1/16 Final,LEYMA CORUÑA,44,A. THIAM,91.3963%,60.4988%,True,1,HESTIA MENORCA,False
COPA ESPAÑA,Play-offs 1/16 Final,LEYMA CORUÑA,4,P. JORGENSEN,68.2652%,25.5859%,False,1,HESTIA MENORCA,False
COPA ESPAÑA,Play-offs 1/16 Final,LEYMA CORUÑA,13,D. BRNOVIC,8.60367%,58.6082%,True,1,HESTIA MENORCA,False
COPA ESPAÑA,Play-offs 1/16 Final,LEYMA CORUÑA,5,G. JOU COLL,66.7842%,13.8643%,False,1,HESTIA MENORCA,False
COPA ESPAÑA,Play-offs 1/16 Final,LEYMA CORUÑA,0,D. CUEVAS SIMARRO,34.2031%,82.0514%,False,1,HESTIA MENORCA,False
COPA ESPAÑA,Play-offs 1/16 Final,LEYMA CORUÑA,0,D. CUEVAS SIMARRO,4.93653%,56.9697%,False,1,HESTIA MENORCA,False
COPA ESPAÑA,Play-offs 1/16 Final,LEYMA CORUÑA,21,I. DIOP GAYE,88.787%,57.7259%,False,1,HESTIA MENORCA,False
COPA ESPAÑA,Play-offs 1/16 Final,LEYMA CORUÑA,5,G. JOU COLL,71.4386%,14.8726%,False,1,HESTIA MENORCA,False
COPA ESPAÑA,Play-offs 1/16 Final,LEYMA CORUÑA,4,P. JORGENSEN,64.0338%,56.2134%,True,1,HESTIA MENORCA,False
COPA ESPAÑA,Play-offs 1/16 Final,LEYMA CORUÑA,13,D. BRNOVIC,30.1834%,89.8659%,True,1,HESTIA MENORCA,False
COPA ESPAÑA,Play-offs 1/16 Final,LEYMA CORUÑA,0,D. CUEVAS SIMARRO,61.9182%,26.9724%,False,1,HESTIA MENORCA,False
COPA ESPAÑA,Play-offs 1/16 Final,LEYMA CORUÑA,5,G. JOU COLL,63.5402%,23.0652%,False,1,HESTIA MENORCA,False
COPA ESPAÑA,Play-offs 1/16 Final,LEYMA CORUÑA,24,J. CREMO,16.9252%,52.8104%,True,1,HESTIA MENORCA,False
COPA ESPAÑA,Play-offs 1/16 Final,LEYMA CORUÑA,0,D. CUEVAS SIMARRO,31.1001%,22.8131%,True,1,HESTIA MENORCA,False
COPA ESPAÑA,Play-offs 1/16 Final,LEYMA CORUÑA,0,D. CUEVAS SIMARRO,8.18054%,38.1898%,True,1,HESTIA MENORCA,False
COPA ESPAÑA,Play-offs 1/16 Final,LEYMA CORUÑA,44,A. THIAM,78.0677%,41.7189%,False,1,HESTIA MENORCA,False
COPA ESPAÑA,Play-offs 1/16 Final,LEYMA CORUÑA,44,A. THIAM,7.26375%,50.7937%,False,1,HESTIA MENORCA,False
COPA ESPAÑA,Play-offs 1/16 Final,LEYMA CORUÑA,44,A. THIAM,92.4542%,42.9793%,True,1,HESTIA MENORCA,False
COPA ESPAÑA,Play-offs 1/16 Final,LEYMA CORUÑA,24,J. CREMO,33.3568%,20.4183%,True,1,HESTIA MENORCA,False
COPA ESPAÑA,Play-offs 1/16 Final,LEYMA CORUÑA,50,J. DIAZ ALEJANO,28.3498%,21.0485%,False,1,HESTIA MENORCA,False
COPA ESPAÑA,Play-offs 1/16 Final,LEYMA CORUÑA,44,A. THIAM,75.5994%,40.0804%,False,1,HESTIA MENORCA,False
COPA ESPAÑA,Play-offs 1/16 Final,LEYMA CORUÑA,22,C. VARELA ROMERO,81.2412%,49.4073%,False,1,HESTIA MENORCA,False
COPA ESPAÑA,Play-offs 1/16 Final,LEYMA CORUÑA,4,P. JORGENSEN,69.1114%,16.5111%,False,1,HESTIA MENORCA,False
COPA ESPAÑA,Play-offs 1/16 Final,LEYMA CORUÑA,0,D. CUEVAS SIMARRO,32.2285%,79.0265%,False,1,HESTIA MENORCA,False
COPA ESPAÑA,Play-offs 1/16 Final,LEYMA CORUÑA,5,G. JOU COLL,33.6389%,33.1483%,False,1,HESTIA MENORCA,False
COPA ESPAÑA,Play-offs 1/16 Final,LEYMA CORUÑA,13,D. BRNOVIC,6.62906%,54.1968%,True,1,HESTIA MENORCA,False
COPA ESPAÑA,Play-offs 1/16 Final,LEYMA CORUÑA,0,D. CUEVAS SIMARRO,86.2482%,41.7189%,True,1,HESTIA MENORCA,False
COPA ESPAÑA,Play-offs 1/16 Final,LEYMA CORUÑA,21,I. DIOP GAYE,20.4513%,61.5071%,False,1,HESTIA MENORCA,False
COPA ESPAÑA,Play-offs 1/16 Final,LEYMA CORUÑA,24,J. CREMO,33.4274%,85.9586%,False,1,HESTIA MENORCA,False
COPA ESPAÑA,Play-offs 1/16 Final,LEYMA CORUÑA,0,D. CUEVAS SIMARRO,69.1114%,18.2757%,False,1,HESTIA MENORCA,False
COPA ESPAÑA,Play-offs 1/16 Final,LEYMA CORUÑA,13,D. BRNOVIC,30.536%,19.1579%,False,1,HESTIA MENORCA,False
COPA ESPAÑA,Play-offs 1/16 Final,LEYMA CORUÑA,21,I. DIOP GAYE,83.2158%,47.2647%,False,1,HESTIA MENORCA,False
COPA ESPAÑA,Play-offs 1/16 Final,LEYMA CORUÑA,50,J. DIAZ ALEJANO,90.6911%,37.4336%,True,1,HESTIA MENORCA,False
COPA ESPAÑA,Play-offs 1/16 Final,LEYMA CORUÑA,4,P. JORGENSEN,88.787%,63.6497%,False,1,HESTIA MENORCA,False
COPA ESPAÑA,Play-offs 1/16 Final,LEYMA CORUÑA,4,P. JORGENSEN,28.9845%,18.9059%,False,1,HESTIA MENORCA,False
COPA ESPAÑA,Play-offs 1/16 Final,LEYMA CORUÑA,4,P. JORGENSEN,36.7419%,24.0735%,False,1,HESTIA MENORCA,False
COPA ESPAÑA,Play-offs 1/16 Final,LEYMA CORUÑA,24,J. CREMO,33.8505%,17.5194%,False,1,HESTIA MENORCA,False
COPA ESPAÑA,Play-offs 1/16 Final,LEYMA CORUÑA,4,P. JORGENSEN,88.3639%,43.7356%,True,1,HESTIA MENORCA,False
COPA ESPAÑA,Play-offs 1/16 Final,LEYMA CORUÑA,44,A. THIAM,22.2849%,41.3408%,True,1,HESTIA MENORCA,False
COPA ESPAÑA,Play-offs 1/16 Final,LEYMA CORUÑA,50,J. DIAZ ALEJANO,30.1834%,87.3451%,True,1,HESTIA MENORCA,False
COPA ESPAÑA,Play-offs 1/16 Final,LEYMA CORUÑA,4,P. JORGENSEN,33.921%,82.9337%,False,1,HESTIA MENORCA,False
COPA ESPAÑA,Play-offs 1/16 Final,LEYMA CORUÑA,0,D. CUEVAS SIMARRO,29.3371%,78.2703%,True,1,HESTIA MENORCA,False
COPA ESPAÑA,Play-offs 1/16 Final,LEYMA CORUÑA,24,J. CREMO,11.2835%,53.4406%,True,1,HESTIA MENORCA,False
COPA ESPAÑA,Play-offs 1/16 Final,CLASS BASQUET SANT ANTONI,32,J. SOLARIN,68.2652%,32.5181%,True,1,GRUPO ALEGA CANTABRIA,True
COPA ESPAÑA,Play-offs 1/16 Final,CLASS BASQUET SANT ANTONI,4,G. BLAT BAEZA,80.7475%,47.8948%,True,1,GRUPO ALEGA CANTABRIA,True
COPA ESPAÑA,Play-offs 1/16 Final,CLASS BASQUET SANT ANTONI,19,S. PAZ VAZQUEZ,13.3992%,40.4585%,True,1,GRUPO ALEGA CANTABRIA,True
COPA ESPAÑA,Play-offs 1/16 Final,CLASS BASQUET SANT ANTONI,32,J. SOLARIN,90.6206%,46.8865%,False,1,GRUPO ALEGA CANTABRIA,True
COPA ESPAÑA,Play-offs 1/16 Final,CLASS BASQUET SANT ANTONI,10,D. DE LA RUA DE AGUSTIN,32.5811%,51.1719%,False,1,GRUPO ALEGA CANTABRIA,True
COPA ESPAÑA,Play-offs 1/16 Final,CLASS BASQUET SANT ANTONI,17,E. STOILOV,10.5078%,54.1968%,True,1,GRUPO ALEGA CANTABRIA,True
COPA ESPAÑA,Play-offs 1/16 Final,CLASS BASQUET SANT ANTONI,4,G. BLAT BAEZA,87.0945%,49.6594%,False,1,GRUPO ALEGA CANTABRIA,True
COPA ESPAÑA,Play-offs 1/16 Final,CLASS BASQUET SANT ANTONI,10,D. DE LA RUA DE AGUSTIN,7.61636%,50.6677%,False,1,GRUPO ALEGA CANTABRIA,True
COPA ESPAÑA,Play-offs 1/16 Final,CLASS BASQUET SANT ANTONI,10,D. DE LA RUA DE AGUSTIN,89.2102%,49.9115%,True,1,GRUPO ALEGA CANTABRIA,True
COPA ESPAÑA,Play-offs 1/16 Final,CLASS BASQUET SANT ANTONI,14,R. GOMEZ BARRAL,29.4076%,71.4642%,True,1,GRUPO ALEGA CANTABRIA,True
COPA ESPAÑA,Play-offs 1/16 Final,CLASS BASQUET SANT ANTONI,2,G. GANTT,28.914%,76.3797%,True,1,GRUPO ALEGA CANTABRIA,True
COPA ESPAÑA,Play-offs 1/16 Final,CLASS BASQUET SANT ANTONI,14,R. GOMEZ BARRAL,72.3554%,19.284%,False,1,GRUPO ALEGA CANTABRIA,True
COPA ESPAÑA,Play-offs 1/16 Final,CLASS BASQUET SANT ANTONI,5,K. JOHNSON,7.54584%,51.9281%,True,1,GRUPO ALEGA CANTABRIA,True
COPA ESPAÑA,Play-offs 1/16 Final,CLASS BASQUET SANT ANTONI,10,D. DE LA RUA DE AGUSTIN,33.5684%,61.7591%,False,1,GRUPO ALEGA CANTABRIA,True
COPA ESPAÑA,Play-offs 1/16 Final,CLASS BASQUET SANT ANTONI,17,E. STOILOV,93.0183%,48.0209%,True,1,GRUPO ALEGA CANTABRIA,True
COPA ESPAÑA,Play-offs 1/16 Final,CLASS BASQUET SANT ANTONI,19,S. PAZ VAZQUEZ,32.158%,29.4931%,False,1,GRUPO ALEGA CANTABRIA,True
COPA ESPAÑA,Play-offs 1/16 Final,CLASS BASQUET SANT ANTONI,17,E. STOILOV,7.61636%,50.6677%,True,1,GRUPO ALEGA CANTABRIA,True
COPA ESPAÑA,Play-offs 1/16 Final,CLASS BASQUET SANT ANTONI,32,J. SOLARIN,92.6657%,48.399%,True,1,GRUPO ALEGA CANTABRIA,True
COPA ESPAÑA,Play-offs 1/16 Final,CLASS BASQUET SANT ANTONI,5,K. JOHNSON,68.9704%,23.4433%,False,1,GRUPO ALEGA CANTABRIA,True
COPA ESPAÑA,Play-offs 1/16 Final,CLASS BASQUET SANT ANTONI,5,K. JOHNSON,94.9224%,48.1469%,True,1,GRUPO ALEGA CANTABRIA,True
COPA ESPAÑA,Play-offs 1/16 Final,CLASS BASQUET SANT ANTONI,4,G. BLAT BAEZA,29.9013%,82.3035%,False,1,GRUPO ALEGA CANTABRIA,True
COPA ESPAÑA,Play-offs 1/16 Final,CLASS BASQUET SANT ANTONI,4,G. BLAT BAEZA,26.5867%,83.816%,True,1,GRUPO ALEGA CANTABRIA,True
COPA ESPAÑA,Play-offs 1/16 Final,CLASS BASQUET SANT ANTONI,32,J. SOLARIN,34.7673%,70.3298%,False,1,GRUPO ALEGA CANTABRIA,True
COPA ESPAÑA,Play-offs 1/16 Final,CLASS BASQUET SANT ANTONI,5,K. JOHNSON,8.88575%,51.8021%,True,1,GRUPO ALEGA CANTABRIA,True
COPA ESPAÑA,Play-offs 1/16 Final,CLASS BASQUET SANT ANTONI,20,N. ZIZIC,91.89%,49.9115%,True,1,GRUPO ALEGA CANTABRIA,True
COPA ESPAÑA,Play-offs 1/16 Final,CLASS BASQUET SANT ANTONI,5,K. JOHNSON,67.842%,72.2204%,False,1,GRUPO ALEGA CANTABRIA,True
COPA ESPAÑA,Play-offs 1/16 Final,CLASS BASQUET SANT ANTONI,20,N. ZIZIC,92.1016%,49.6594%,True,1,GRUPO ALEGA CANTABRIA,True
COPA ESPAÑA,Play-offs 1/16 Final,CLASS BASQUET SANT ANTONI,5,K. JOHNSON,9.59097%,49.1552%,True,1,GRUPO ALEGA CANTABRIA,True
COPA ESPAÑA,Play-offs 1/16 Final,CLASS BASQUET SANT ANTONI,5,K. JOHNSON,8.53315%,51.9281%,True,1,GRUPO ALEGA CANTABRIA,True
COPA ESPAÑA,Play-offs 1/16 Final,CLASS BASQUET SANT ANTONI,10,D. DE LA RUA DE AGUSTIN,10.6488%,49.1552%,False,1,GRUPO ALEGA CANTABRIA,True
COPA ESPAÑA,Play-offs 1/16 Final,CLASS BASQUET SANT ANTONI,14,R. GOMEZ BARRAL,67.3484%,59.1123%,False,1,GRUPO ALEGA CANTABRIA,True
COPA ESPAÑA,Play-offs 1/16 Final,CLASS BASQUET SANT ANTONI,17,E. STOILOV,93.1594%,46.8865%,True,1,GRUPO ALEGA CANTABRIA,True
COPA ESPAÑA,Play-offs 1/16 Final,CLASS BASQUET SANT ANTONI,19,S. PAZ VAZQUEZ,30.1834%,71.2121%,False,1,GRUPO ALEGA CANTABRIA,True
COPA ESPAÑA,Play-offs 1/16 Final,CLASS BASQUET SANT ANTONI,14,R. GOMEZ BARRAL,33.0748%,53.3145%,True,1,GRUPO ALEGA CANTABRIA,True
COPA ESPAÑA,Play-offs 1/16 Final,CLASS BASQUET SANT ANTONI,17,E. STOILOV,13.1171%,49.9115%,True,1,GRUPO ALEGA CANTABRIA,True
COPA ESPAÑA,Play-offs 1/16 Final,CLASS BASQUET SANT ANTONI,5,K. JOHNSON,30.3949%,71.3381%,True,1,GRUPO ALEGA CANTABRIA,True
COPA ESPAÑA,Play-offs 1/16 Final,CLASS BASQUET SANT ANTONI,10,D. DE LA RUA DE AGUSTIN,10.2257%,53.5666%,False,1,GRUPO ALEGA CANTABRIA,True
COPA ESPAÑA,Play-offs 1/16 Final,CLASS BASQUET SANT ANTONI,32,J. SOLARIN,8.67419%,51.0458%,True,1,GRUPO ALEGA CANTABRIA,True
COPA ESPAÑA,Play-offs 1/16 Final,CLASS BASQUET SANT ANTONI,2,G. GANTT,73.6248%,83.5639%,False,1,GRUPO ALEGA CANTABRIA,True
COPA ESPAÑA,Play-offs 1/16 Final,CLASS BASQUET SANT ANTONI,4,G. BLAT BAEZA,31.3117%,16.8892%,False,1,GRUPO ALEGA CANTABRIA,True
COPA ESPAÑA,Play-offs 1/16 Final,CLASS BASQUET SANT ANTONI,20,N. ZIZIC,90.1269%,49.6594%,True,1,GRUPO ALEGA CANTABRIA,True
COPA ESPAÑA,Play-offs 1/16 Final,CLASS BASQUET SANT ANTONI,19,S. PAZ VAZQUEZ,90.268%,53.3145%,False,1,GRUPO ALEGA CANTABRIA,True
COPA ESPAÑA,Play-offs 1/16 Final,CLASS BASQUET SANT ANTONI,17,E. STOILOV,7.96897%,51.4239%,True,1,GRUPO ALEGA CANTABRIA,True
COPA ESPAÑA,Play-offs 1/16 Final,CLASS BASQUET SANT ANTONI,5,K. JOHNSON,86.6714%,41.3408%,False,1,GRUPO ALEGA CANTABRIA,True
COPA ESPAÑA,Play-offs 1/16 Final,CLASS BASQUET SANT ANTONI,10,D. DE LA RUA DE AGUSTIN,89.6333%,46.8865%,True,1,GRUPO ALEGA CANTABRIA,True
COPA ESPAÑA,Play-offs 1/16 Final,CLASS BASQUET SANT ANTONI,4,G. BLAT BAEZA,43.9351%,70.3298%,False,1,GRUPO ALEGA CANTABRIA,True
COPA ESPAÑA,Play-offs 1/16 Final,CLASS BASQUET SANT ANTONI,5,K. JOHNSON,93.0183%,57.0957%,True,1,GRUPO ALEGA CANTABRIA,True
COPA ESPAÑA,Play-offs 1/16 Final,CLASS BASQUET SANT ANTONI,5,K. JOHNSON,34.5557%,55.4572%,False,1,GRUPO ALEGA CANTABRIA,True
COPA ESPAÑA,Play-offs 1/16 Final,CLASS BASQUET SANT ANTONI,5,K. JOHNSON,7.33427%,52.4323%,True,1,GRUPO ALEGA CANTABRIA,True
COPA ESPAÑA,Play-offs 1/16 Final,CLASS BASQUET SANT ANTONI,19,S. PAZ VAZQUEZ,69.2525%,26.8463%,False,1,GRUPO ALEGA CANTABRIA,True
COPA ESPAÑA,Play-offs 1/16 Final,CLASS BASQUET SANT ANTONI,17,E. STOILOV,90.9027%,48.6511%,False,1,GRUPO ALEGA CANTABRIA,True
COPA ESPAÑA,Play-offs 1/16 Final,CLASS BASQUET SANT ANTONI,4,G. BLAT BAEZA,94.8519%,53.0624%,True,1,GRUPO ALEGA CANTABRIA,True
COPA ESPAÑA,Play-offs 1/16 Final,CLASS BASQUET SANT ANTONI,2,G. GANTT,66.5021%,53.8187%,False,1,GRUPO ALEGA CANTABRIA,True
COPA ESPAÑA,Play-offs 1/16 Final,CLASS BASQUET SANT ANTONI,5,K. JOHNSON,91.6784%,55.0791%,True,1,GRUPO ALEGA CANTABRIA,True
COPA ESPAÑA,Play-offs 1/16 Final,CLASS BASQUET SANT ANTONI,32,J. SOLARIN,94.0762%,53.1885%,True,1,GRUPO ALEGA CANTABRIA,True
COPA ESPAÑA,Play-offs 1/16 Final,CLASS BASQUET SANT ANTONI,14,R. GOMEZ BARRAL,7.26375%,50.5417%,True,1,GRUPO ALEGA CANTABRIA,True
COPA ESPAÑA,Play-offs 1/16 Final,CLASS BASQUET SANT ANTONI,9,J. RODRIGUEZ JIMENEZ,92.031%,45.7522%,False,1,GRUPO ALEGA CANTABRIA,True
COPA ESPAÑA,Play-offs 1/16 Final,CLASS BASQUET SANT ANTONI,20,N. ZIZIC,91.6784%,52.6843%,True,1,GRUPO ALEGA CANTABRIA,True
COPA ESPAÑA,Play-offs 1/16 Final,CLASS BASQUET SANT ANTONI,17,E. STOILOV,10.6488%,49.1552%,False,1,GRUPO ALEGA CANTABRIA,True
COPA ESPAÑA,Play-offs 1/16 Final,CLASS BASQUET SANT ANTONI,10,D. DE LA RUA DE AGUSTIN,80.677%,22.561%,True,1,GRUPO ALEGA CANTABRIA,True
COPA ESPAÑA,Play-offs 1/16 Final,CLASS BASQUET SANT ANTONI,14,R. GOMEZ BARRAL,68.7588%,79.1525%,True,1,GRUPO ALEGA CANTABRIA,True
COPA ESPAÑA,Play-offs 1/16 Final,CLASS BASQUET SANT ANTONI,20,N. ZIZIC,14.3865%,45.3741%,True,1,GRUPO ALEGA CANTABRIA,True
COPA ESPAÑA,Play-offs 1/16 Final,CLASS BASQUET SANT ANTONI,10,D. DE LA RUA DE AGUSTIN,33.2158%,23.8214%,True,1,GRUPO ALEGA CANTABRIA,True
COPA ESPAÑA,Play-offs 1/16 Final,CLASS BASQUET SANT ANTONI,9,J. RODRIGUEZ JIMENEZ,12.835%,58.104%,True,1,GRUPO ALEGA CANTABRIA,True
COPA ESPAÑA,Play-offs 1/16 Final,GRUPO ALEGA CANTABRIA,2,J. POWELL,31.3822%,69.6996%,True,1,CLASS BASQUET SANT ANTONI,False
COPA ESPAÑA,Play-offs 1/16 Final,GRUPO ALEGA CANTABRIA,24,J. PEREZ PEREZ,8.18054%,53.5666%,True,1,CLASS BASQUET SANT ANTONI,False
COPA ESPAÑA,Play-offs 1/16 Final,GRUPO ALEGA CANTABRIA,34,G. KANDE KIELI,10.6488%,49.1552%,False,1,CLASS BASQUET SANT ANTONI,False
COPA ESPAÑA,Play-offs 1/16 Final,GRUPO ALEGA CANTABRIA,2,J. POWELL,92.5247%,51.55%,True,1,CLASS BASQUET SANT ANTONI,False
COPA ESPAÑA,Play-offs 1/16 Final,GRUPO ALEGA CANTABRIA,8,S. RODRÍGUEZ RAMOS,32.6516%,28.6109%,False,1,CLASS BASQUET SANT ANTONI,False
COPA ESPAÑA,Play-offs 1/16 Final,GRUPO ALEGA CANTABRIA,8,S. RODRÍGUEZ RAMOS,25.4584%,85.9586%,True,1,CLASS BASQUET SANT ANTONI,False
COPA ESPAÑA,Play-offs 1/16 Final,GRUPO ALEGA CANTABRIA,8,S. RODRÍGUEZ RAMOS,17.9831%,40.5846%,False,1,CLASS BASQUET SANT ANTONI,False
COPA ESPAÑA,Play-offs 1/16 Final,GRUPO ALEGA CANTABRIA,24,J. PEREZ PEREZ,91.5374%,42.0971%,False,1,CLASS BASQUET SANT ANTONI,False
COPA ESPAÑA,Play-offs 1/16 Final,GRUPO ALEGA CANTABRIA,24,J. PEREZ PEREZ,30.3244%,76.2536%,False,1,CLASS BASQUET SANT ANTONI,False
COPA ESPAÑA,Play-offs 1/16 Final,GRUPO ALEGA CANTABRIA,32,R. JOHNSON JR,87.7292%,49.0292%,True,1,CLASS BASQUET SANT ANTONI,False
COPA ESPAÑA,Play-offs 1/16 Final,GRUPO ALEGA CANTABRIA,8,S. RODRÍGUEZ RAMOS,23.8364%,89.1096%,True,1,CLASS BASQUET SANT ANTONI,False
COPA ESPAÑA,Play-offs 1/16 Final,GRUPO ALEGA CANTABRIA,32,R. JOHNSON JR,17.842%,22.561%,False,1,CLASS BASQUET SANT ANTONI,False
COPA ESPAÑA,Play-offs 1/16 Final,GRUPO ALEGA CANTABRIA,32,R. JOHNSON JR,67.9831%,37.5596%,False,1,CLASS BASQUET SANT ANTONI,False
COPA ESPAÑA,Play-offs 1/16 Final,GRUPO ALEGA CANTABRIA,10,G. MARTINEZ DIAZ,75.67%,83.942%,False,1,CLASS BASQUET SANT ANTONI,False
COPA ESPAÑA,Play-offs 1/16 Final,GRUPO ALEGA CANTABRIA,10,G. MARTINEZ DIAZ,91.3963%,50.9198%,True,1,CLASS BASQUET SANT ANTONI,False
COPA ESPAÑA,Play-offs 1/16 Final,GRUPO ALEGA CANTABRIA,9,B. LUGARINI,89.6333%,49.2813%,False,1,CLASS BASQUET SANT ANTONI,False
COPA ESPAÑA,Play-offs 1/16 Final,GRUPO ALEGA CANTABRIA,2,J. POWELL,29.055%,17.5194%,True,1,CLASS BASQUET SANT ANTONI,False
COPA ESPAÑA,Play-offs 1/16 Final,GRUPO ALEGA CANTABRIA,15,P. HERNANDEZ MONTENEGRO,11.7772%,40.9627%,False,1,CLASS BASQUET SANT ANTONI,False
COPA ESPAÑA,Play-offs 1/16 Final,GRUPO ALEGA CANTABRIA,8,S. RODRÍGUEZ RAMOS,31.1001%,26.4682%,False,1,CLASS BASQUET SANT ANTONI,False
COPA ESPAÑA,Play-offs 1/16 Final,GRUPO ALEGA CANTABRIA,10,G. MARTINEZ DIAZ,18.4767%,57.2217%,True,1,CLASS BASQUET SANT ANTONI,False
COPA ESPAÑA,Play-offs 1/16 Final,GRUPO ALEGA CANTABRIA,34,G. KANDE KIELI,11.4245%,50.5417%,True,1,CLASS BASQUET SANT ANTONI,False
COPA ESPAÑA,Play-offs 1/16 Final,GRUPO ALEGA CANTABRIA,24,J. PEREZ PEREZ,71.7913%,19.284%,False,1,CLASS BASQUET SANT ANTONI,False
COPA ESPAÑA,Play-offs 1/16 Final,GRUPO ALEGA CANTABRIA,8,S. RODRÍGUEZ RAMOS,35.543%,43.4835%,True,1,CLASS BASQUET SANT ANTONI,False
COPA ESPAÑA,Play-offs 1/16 Final,GRUPO ALEGA CANTABRIA,2,J. POWELL,68.1241%,44.8699%,True,1,CLASS BASQUET SANT ANTONI,False
COPA ESPAÑA,Play-offs 1/16 Final,GRUPO ALEGA CANTABRIA,32,R. JOHNSON JR,89.3512%,44.3658%,True,1,CLASS BASQUET SANT ANTONI,False
COPA ESPAÑA,Play-offs 1/16 Final,GRUPO ALEGA CANTABRIA,32,R. JOHNSON JR,32.6516%,76.3797%,False,1,CLASS BASQUET SANT ANTONI,False
COPA ESPAÑA,Play-offs 1/16 Final,GRUPO ALEGA CANTABRIA,32,R. JOHNSON JR,94.4288%,47.2647%,True,1,CLASS BASQUET SANT ANTONI,False
COPA ESPAÑA,Play-offs 1/16 Final,GRUPO ALEGA CANTABRIA,34,G. KANDE KIELI,92.9478%,53.8187%,True,1,CLASS BASQUET SANT ANTONI,False
COPA ESPAÑA,Play-offs 1/16 Final,GRUPO ALEGA CANTABRIA,10,G. MARTINEZ DIAZ,87.7292%,50.0375%,True,1,CLASS BASQUET SANT ANTONI,False
COPA ESPAÑA,Play-offs 1/16 Final,GRUPO ALEGA CANTABRIA,2,J. POWELL,88.4344%,50.7937%,True,1,CLASS BASQUET SANT ANTONI,False
COPA ESPAÑA,Play-offs 1/16 Final,GRUPO ALEGA CANTABRIA,15,P. HERNANDEZ MONTENEGRO,88.2934%,51.1719%,False,1,CLASS BASQUET SANT ANTONI,False
COPA ESPAÑA,Play-offs 1/16 Final,GRUPO ALEGA CANTABRIA,32,R. JOHNSON JR,92.4542%,49.5334%,True,1,CLASS BASQUET SANT ANTONI,False
COPA ESPAÑA,Play-offs 1/16 Final,GRUPO ALEGA CANTABRIA,2,J. POWELL,90.409%,49.7854%,True,1,CLASS BASQUET SANT ANTONI,False
COPA ESPAÑA,Play-offs 1/16 Final,GRUPO ALEGA CANTABRIA,24,J. PEREZ PEREZ,67.9126%,71.2121%,True,1,CLASS BASQUET SANT ANTONI,False
COPA ESPAÑA,Play-offs 1/16 Final,GRUPO ALEGA CANTABRIA,2,J. POWELL,88.646%,44.6178%,False,1,CLASS BASQUET SANT ANTONI,False
COPA ESPAÑA,Play-offs 1/16 Final,GRUPO ALEGA CANTABRIA,34,G. KANDE KIELI,90.9027%,49.6594%,True,1,CLASS BASQUET SANT ANTONI,False
COPA ESPAÑA,Play-offs 1/16 Final,GRUPO ALEGA CANTABRIA,32,R. JOHNSON JR,68.8293%,73.1027%,False,1,CLASS BASQUET SANT ANTONI,False
COPA ESPAÑA,Play-offs 1/16 Final,GRUPO ALEGA CANTABRIA,34,G. KANDE KIELI,91.2553%,53.1885%,True,1,CLASS BASQUET SANT ANTONI,False
COPA ESPAÑA,Play-offs 1/16 Final,GRUPO ALEGA CANTABRIA,15,P. HERNANDEZ MONTENEGRO,72.6375%,72.3464%,True,1,CLASS BASQUET SANT ANTONI,False
COPA ESPAÑA,Play-offs 1/16 Final,GRUPO ALEGA CANTABRIA,2,J. POWELL,71.7913%,14.2424%,True,1,CLASS BASQUET SANT ANTONI,False
COPA ESPAÑA,Play-offs 1/16 Final,GRUPO ALEGA CANTABRIA,24,J. PEREZ PEREZ,5.1481%,51.9281%,False,1,CLASS BASQUET SANT ANTONI,False
COPA ESPAÑA,Play-offs 1/16 Final,GRUPO ALEGA CANTABRIA,24,J. PEREZ PEREZ,89.2102%,44.4918%,True,1,CLASS BASQUET SANT ANTONI,False
COPA ESPAÑA,Play-offs 1/16 Final,GRUPO ALEGA CANTABRIA,24,J. PEREZ PEREZ,8.53315%,47.6428%,False,1,CLASS BASQUET SANT ANTONI,False
COPA ESPAÑA,Play-offs 1/16 Final,GRUPO ALEGA CANTABRIA,6,C. TABOADA HEISKANEN,27.6446%,80.2869%,False,1,CLASS BASQUET SANT ANTONI,False
COPA ESPAÑA,Play-offs 1/16 Final,GRUPO ALEGA CANTABRIA,34,G. KANDE KIELI,7.54584%,56.3395%,True,1,CLASS BASQUET SANT ANTONI,False
COPA ESPAÑA,Play-offs 1/16 Final,GRUPO ALEGA CANTABRIA,2,J. POWELL,7.47532%,58.104%,True,1,CLASS BASQUET SANT ANTONI,False
COPA ESPAÑA,Play-offs 1/16 Final,GRUPO ALEGA CANTABRIA,24,J. PEREZ PEREZ,33.2863%,50.4156%,True,1,CLASS BASQUET SANT ANTONI,False
COPA ESPAÑA,Play-offs 1/16 Final,GRUPO ALEGA CANTABRIA,8,S. RODRÍGUEZ RAMOS,78.1382%,85.9586%,False,1,CLASS BASQUET SANT ANTONI,False
COPA ESPAÑA,Play-offs 1/16 Final,GRUPO ALEGA CANTABRIA,32,R. JOHNSON JR,69.2525%,33.9045%,False,1,CLASS BASQUET SANT ANTONI,False
COPA ESPAÑA,Play-offs 1/16 Final,GRUPO ALEGA CANTABRIA,10,G. MARTINEZ DIAZ,73.2722%,12.0998%,True,1,CLASS BASQUET SANT ANTONI,False
COPA ESPAÑA,Play-offs 1/16 Final,GRUPO ALEGA CANTABRIA,34,G. KANDE KIELI,93.512%,49.5334%,True,1,CLASS BASQUET SANT ANTONI,False
COPA ESPAÑA,Play-offs 1/16 Final,GRUPO ALEGA CANTABRIA,6,C. TABOADA HEISKANEN,28.914%,20.1663%,True,1,CLASS BASQUET SANT ANTONI,False
COPA ESPAÑA,Play-offs 1/16 Final,GRUPO ALEGA CANTABRIA,2,J. POWELL,32.5106%,76.8838%,True,1,CLASS BASQUET SANT ANTONI,False
COPA ESPAÑA,Play-offs 1/16 Final,GRUPO ALEGA CANTABRIA,9,B. LUGARINI,36.9535%,51.55%,False,1,CLASS BASQUET SANT ANTONI,False
COPA ESPAÑA,Play-offs 1/16 Final,GRUPO ALEGA CANTABRIA,32,R. JOHNSON JR,14.3865%,48.273%,False,1,CLASS BASQUET SANT ANTONI,False
COPA ESPAÑA,Play-offs 1/16 Final,CLUB OURENSE BALONCESTO,41,C. JÜRGENS,44.5698%,84.8243%,False,1,GRUPO CAESA SEGUROS FC CARTAGENA CB,True
COPA ESPAÑA,Play-offs 1/16 Final,CLUB OURENSE BALONCESTO,12,S. HUGUET CARRASCO,31.8759%,29.3671%,False,1,GRUPO CAESA SEGUROS FC CARTAGENA CB,True
COPA ESPAÑA,Play-offs 1/16 Final,CLUB OURENSE BALONCESTO,22,G. KALSCHEUR,94.2877%,47.8948%,True,1,GRUPO CAESA SEGUROS FC CARTAGENA CB,True
COPA ESPAÑA,Play-offs 1/16 Final,CLUB OURENSE BALONCESTO,27,M. IGLESIAS FERNANDEZ,94.2172%,37.6857%,True,1,GRUPO CAESA SEGUROS FC CARTAGENA CB,True
COPA ESPAÑA,Play-offs 1/16 Final,CLUB OURENSE BALONCESTO,27,M. IGLESIAS FERNANDEZ,87.5176%,54.4489%,True,1,GRUPO CAESA SEGUROS FC CARTAGENA CB,True
COPA ESPAÑA,Play-offs 1/16 Final,CLUB OURENSE BALONCESTO,9,C. OKANU,93.3004%,56.5915%,False,1,GRUPO CAESA SEGUROS FC CARTAGENA CB,True
COPA ESPAÑA,Play-offs 1/16 Final,CLUB OURENSE BALONCESTO,41,C. JÜRGENS,90.6206%,64.406%,False,1,GRUPO CAESA SEGUROS FC CARTAGENA CB,True
COPA ESPAÑA,Play-offs 1/16 Final,CLUB OURENSE BALONCESTO,41,C. JÜRGENS,94.8519%,52.6843%,True,1,GRUPO CAESA SEGUROS FC CARTAGENA CB,True
COPA ESPAÑA,Play-offs 1/16 Final,CLUB OURENSE BALONCESTO,41,C. JÜRGENS,10.8604%,37.8117%,True,1,GRUPO CAESA SEGUROS FC CARTAGENA CB,True
COPA ESPAÑA,Play-offs 1/16 Final,CLUB OURENSE BALONCESTO,27,M. IGLESIAS FERNANDEZ,68.1241%,31.5098%,False,1,GRUPO CAESA SEGUROS FC CARTAGENA CB,True
COPA ESPAÑA,Play-offs 1/16 Final,CLUB OURENSE BALONCESTO,3,K. SMITH,70.3808%,18.5277%,False,1,GRUPO CAESA SEGUROS FC CARTAGENA CB,True
COPA ESPAÑA,Play-offs 1/16 Final,CLUB OURENSE BALONCESTO,35,R. GILL,93.9351%,45.7522%,True,1,GRUPO CAESA SEGUROS FC CARTAGENA CB,True
COPA ESPAÑA,Play-offs 1/16 Final,CLUB OURENSE BALONCESTO,28,R. DIAS MARQUES LISBOA SANTOS,4.30183%,49.0292%,True,1,GRUPO CAESA SEGUROS FC CARTAGENA CB,True
COPA ESPAÑA,Play-offs 1/16 Final,CLUB OURENSE BALONCESTO,35,R. GILL,15.7969%,29.2411%,False,1,GRUPO CAESA SEGUROS FC CARTAGENA CB,True
COPA ESPAÑA,Play-offs 1/16 Final,CLUB OURENSE BALONCESTO,35,R. GILL,15.1622%,37.0555%,False,1,GRUPO CAESA SEGUROS FC CARTAGENA CB,True
COPA ESPAÑA,Play-offs 1/16 Final,CLUB OURENSE BALONCESTO,24,S. MC DONNELL,71.4386%,74.7412%,False,1,GRUPO CAESA SEGUROS FC CARTAGENA CB,True
COPA ESPAÑA,Play-offs 1/16 Final,CLUB OURENSE BALONCESTO,28,R. DIAS MARQUES LISBOA SANTOS,13.1876%,4.03325%,False,1,GRUPO CAESA SEGUROS FC CARTAGENA CB,True
COPA ESPAÑA,Play-offs 1/16 Final,CLUB OURENSE BALONCESTO,9,C. OKANU,74.189%,46.2563%,False,1,GRUPO CAESA SEGUROS FC CARTAGENA CB,True
COPA ESPAÑA,Play-offs 1/16 Final,CLUB OURENSE BALONCESTO,3,K. SMITH,37.3766%,49.0292%,False,1,GRUPO CAESA SEGUROS FC CARTAGENA CB,True
COPA ESPAÑA,Play-offs 1/16 Final,CLUB OURENSE BALONCESTO,24,S. MC DONNELL,94.1467%,50.5417%,True,1,GRUPO CAESA SEGUROS FC CARTAGENA CB,True
COPA ESPAÑA,Play-offs 1/16 Final,CLUB OURENSE BALONCESTO,3,K. SMITH,25.4584%,19.284%,True,1,GRUPO CAESA SEGUROS FC CARTAGENA CB,True
COPA ESPAÑA,Play-offs 1/16 Final,CLUB OURENSE BALONCESTO,28,R. DIAS MARQUES LISBOA SANTOS,12.3413%,39.7023%,False,1,GRUPO CAESA SEGUROS FC CARTAGENA CB,True
COPA ESPAÑA,Play-offs 1/16 Final,CLUB OURENSE BALONCESTO,22,G. KALSCHEUR,14.457%,53.4406%,False,1,GRUPO CAESA SEGUROS FC CARTAGENA CB,True
COPA ESPAÑA,Play-offs 1/16 Final,CLUB OURENSE BALONCESTO,27,M. IGLESIAS FERNANDEZ,5.35966%,55.9613%,True,1,GRUPO CAESA SEGUROS FC CARTAGENA CB,True
COPA ESPAÑA,Play-offs 1/16 Final,CLUB OURENSE BALONCESTO,3,K. SMITH,5.1481%,54.0708%,True,1,GRUPO CAESA SEGUROS FC CARTAGENA CB,True
COPA ESPAÑA,Play-offs 1/16 Final,CLUB OURENSE BALONCESTO,35,R. GILL,81.3822%,43.4835%,False,1,GRUPO CAESA SEGUROS FC CARTAGENA CB,True
COPA ESPAÑA,Play-offs 1/16 Final,CLUB OURENSE BALONCESTO,11,M. FERNANDEZ CARBALLO,66.7137%,30.2494%,False,1,GRUPO CAESA SEGUROS FC CARTAGENA CB,True
COPA ESPAÑA,Play-offs 1/16 Final,CLUB OURENSE BALONCESTO,28,R. DIAS MARQUES LISBOA SANTOS,34.6968%,41.5929%,False,1,GRUPO CAESA SEGUROS FC CARTAGENA CB,True
COPA ESPAÑA,Play-offs 1/16 Final,CLUB OURENSE BALONCESTO,22,G. KALSCHEUR,77.3625%,9.95709%,True,1,GRUPO CAESA SEGUROS FC CARTAGENA CB,True
COPA ESPAÑA,Play-offs 1/16 Final,CLUB OURENSE BALONCESTO,27,M. IGLESIAS FERNANDEZ,12.5529%,56.0874%,True,1,GRUPO CAESA SEGUROS FC CARTAGENA CB,True
COPA ESPAÑA,Play-offs 1/16 Final,CLUB OURENSE BALONCESTO,11,M. FERNANDEZ CARBALLO,8.18054%,53.3145%,True,1,GRUPO CAESA SEGUROS FC CARTAGENA CB,True
COPA ESPAÑA,Play-offs 1/16 Final,CLUB OURENSE BALONCESTO,23,D. SARAIVA SEIXAS,89.0691%,90.4961%,False,1,GRUPO CAESA SEGUROS FC CARTAGENA CB,True
COPA ESPAÑA,Play-offs 1/16 Final,CLUB OURENSE BALONCESTO,27,M. IGLESIAS FERNANDEZ,17.2779%,48.525%,False,1,GRUPO CAESA SEGUROS FC CARTAGENA CB,True
COPA ESPAÑA,Play-offs 1/16 Final,CLUB OURENSE BALONCESTO,3,K. SMITH,36.3188%,38.0638%,False,1,GRUPO CAESA SEGUROS FC CARTAGENA CB,True
COPA ESPAÑA,Play-offs 1/16 Final,CLUB OURENSE BALONCESTO,3,K. SMITH,30.8181%,75.3714%,False,1,GRUPO CAESA SEGUROS FC CARTAGENA CB,True
COPA ESPAÑA,Play-offs 1/16 Final,CLUB OURENSE BALONCESTO,28,R. DIAS MARQUES LISBOA SANTOS,32.8632%,24.7037%,False,1,GRUPO CAESA SEGUROS FC CARTAGENA CB,True
COPA ESPAÑA,Play-offs 1/16 Final,CLUB OURENSE BALONCESTO,22,G. KALSCHEUR,7.19323%,50.7937%,True,1,GRUPO CAESA SEGUROS FC CARTAGENA CB,True
COPA ESPAÑA,Play-offs 1/16 Final,CLUB OURENSE BALONCESTO,11,M. FERNANDEZ CARBALLO,18.0536%,49.1552%,True,1,GRUPO CAESA SEGUROS FC CARTAGENA CB,True
COPA ESPAÑA,Play-offs 1/16 Final,CLUB OURENSE BALONCESTO,9,C. OKANU,93.1594%,61.255%,True,1,GRUPO CAESA SEGUROS FC CARTAGENA CB,True
COPA ESPAÑA,Play-offs 1/16 Final,CLUB OURENSE BALONCESTO,3,K. SMITH,65.4443%,54.953%,False,1,GRUPO CAESA SEGUROS FC CARTAGENA CB,True
COPA ESPAÑA,Play-offs 1/16 Final,CLUB OURENSE BALONCESTO,28,R. DIAS MARQUES LISBOA SANTOS,9.0268%,78.7744%,False,1,GRUPO CAESA SEGUROS FC CARTAGENA CB,True
COPA ESPAÑA,Play-offs 1/16 Final,CLUB OURENSE BALONCESTO,3,K. SMITH,7.19323%,49.1552%,True,1,GRUPO CAESA SEGUROS FC CARTAGENA CB,True
COPA ESPAÑA,Play-offs 1/16 Final,CLUB OURENSE BALONCESTO,12,S. HUGUET CARRASCO,87.4471%,95.7897%,False,1,GRUPO CAESA SEGUROS FC CARTAGENA CB,True
COPA ESPAÑA,Play-offs 1/16 Final,CLUB OURENSE BALONCESTO,10,I. VAZQUEZ PEREZ,72.708%,82.1775%,False,1,GRUPO CAESA SEGUROS FC CARTAGENA CB,True
COPA ESPAÑA,Play-offs 1/16 Final,CLUB OURENSE BALONCESTO,11,M. FERNANDEZ CARBALLO,86.9535%,6.68007%,False,1,GRUPO CAESA SEGUROS FC CARTAGENA CB,True
COPA ESPAÑA,Play-offs 1/16 Final,CLUB OURENSE BALONCESTO,22,G. KALSCHEUR,13.2581%,92.5127%,True,1,GRUPO CAESA SEGUROS FC CARTAGENA CB,True
COPA ESPAÑA,Play-offs 1/16 Final,CLUB OURENSE BALONCESTO,41,C. JÜRGENS,22.2144%,35.417%,False,1,GRUPO CAESA SEGUROS FC CARTAGENA CB,True
COPA ESPAÑA,Play-offs 1/16 Final,CLUB OURENSE BALONCESTO,27,M. IGLESIAS FERNANDEZ,22.567%,88.8575%,False,1,GRUPO CAESA SEGUROS FC CARTAGENA CB,True
COPA ESPAÑA,Play-offs 1/16 Final,CLUB OURENSE BALONCESTO,27,M. IGLESIAS FERNANDEZ,5.50071%,50.2896%,True,1,GRUPO CAESA SEGUROS FC CARTAGENA CB,True
COPA ESPAÑA,Play-offs 1/16 Final,CLUB OURENSE BALONCESTO,9,C. OKANU,91.8195%,52.5583%,True,1,GRUPO CAESA SEGUROS FC CARTAGENA CB,True
COPA ESPAÑA,Play-offs 1/16 Final,CLUB OURENSE BALONCESTO,24,S. MC DONNELL,6.7701%,54.1968%,True,1,GRUPO CAESA SEGUROS FC CARTAGENA CB,True
COPA ESPAÑA,Play-offs 1/16 Final,CLUB OURENSE BALONCESTO,27,M. IGLESIAS FERNANDEZ,93.8646%,56.2134%,True,1,GRUPO CAESA SEGUROS FC CARTAGENA CB,True
COPA ESPAÑA,Play-offs 1/16 Final,CLUB OURENSE BALONCESTO,3,K. SMITH,65.1622%,44.7439%,False,1,GRUPO CAESA SEGUROS FC CARTAGENA CB,True
COPA ESPAÑA,Play-offs 1/16 Final,CLUB OURENSE BALONCESTO,22,G. KALSCHEUR,92.1721%,39.3242%,False,1,GRUPO CAESA SEGUROS FC CARTAGENA CB,True
COPA ESPAÑA,Play-offs 1/16 Final,CLUB OURENSE BALONCESTO,11,M. FERNANDEZ CARBALLO,20.945%,48.525%,True,1,GRUPO CAESA SEGUROS FC CARTAGENA CB,True
COPA ESPAÑA,Play-offs 1/16 Final,CLUB OURENSE BALONCESTO,22,G. KALSCHEUR,32.299%,68.1871%,False,1,GRUPO CAESA SEGUROS FC CARTAGENA CB,True
COPA ESPAÑA,Play-offs 1/16 Final,CLUB OURENSE BALONCESTO,41,C. JÜRGENS,67.701%,70.0777%,True,1,GRUPO CAESA SEGUROS FC CARTAGENA CB,True
COPA ESPAÑA,Play-offs 1/16 Final,CLUB OURENSE BALONCESTO,27,M. IGLESIAS FERNANDEZ,90.6206%,51.676%,True,1,GRUPO CAESA SEGUROS FC CARTAGENA CB,True
COPA ESPAÑA,Play-offs 1/16 Final,CLUB OURENSE BALONCESTO,3,K. SMITH,86.0367%,67.1788%,False,1,GRUPO CAESA SEGUROS FC CARTAGENA CB,True
COPA ESPAÑA,Play-offs 1/16 Final,CLUB OURENSE BALONCESTO,22,G. KALSCHEUR,6.1354%,52.6843%,True,1,GRUPO CAESA SEGUROS FC CARTAGENA CB,True
COPA ESPAÑA,Play-offs 1/16 Final,CLUB OURENSE BALONCESTO,9,C. OKANU,17.9831%,24.8297%,True,1,GRUPO CAESA SEGUROS FC CARTAGENA CB,True
COPA ESPAÑA,Play-offs 1/16 Final,CLUB OURENSE BALONCESTO,24,S. MC DONNELL,92.5952%,33.6524%,False,1,GRUPO CAESA SEGUROS FC CARTAGENA CB,True
COPA ESPAÑA,Play-offs 1/16 Final,CLUB OURENSE BALONCESTO,11,M. FERNANDEZ CARBALLO,22.567%,46.6345%,False,1,GRUPO CAESA SEGUROS FC CARTAGENA CB,True
COPA ESPAÑA,Play-offs 1/16 Final,CLUB OURENSE BALONCESTO,28,R. DIAS MARQUES LISBOA SANTOS,6.27645%,47.1386%,True,1,GRUPO CAESA SEGUROS FC CARTAGENA CB,True
COPA ESPAÑA,Play-offs 1/16 Final,CLUB OURENSE BALONCESTO,28,R. DIAS MARQUES LISBOA SANTOS,91.2553%,56.5915%,True,1,GRUPO CAESA SEGUROS FC CARTAGENA CB,True
COPA ESPAÑA,Play-offs 1/16 Final,CLUB OURENSE BALONCESTO,41,C. JÜRGENS,14.0339%,54.0708%,False,1,GRUPO CAESA SEGUROS FC CARTAGENA CB,True
COPA ESPAÑA,Play-offs 1/16 Final,CLUB OURENSE BALONCESTO,22,G. KALSCHEUR,23.0606%,30.3754%,False,1,GRUPO CAESA SEGUROS FC CARTAGENA CB,True
COPA ESPAÑA,Play-offs 1/16 Final,CLUB OURENSE BALONCESTO,41,C. JÜRGENS,36.3188%,38.0638%,True,1,GRUPO CAESA SEGUROS FC CARTAGENA CB,True
COPA ESPAÑA,Play-offs 1/16 Final,CLUB OURENSE BALONCESTO,35,R. GILL,10.6488%,45.248%,True,1,GRUPO CAESA SEGUROS FC CARTAGENA CB,True
COPA ESPAÑA,Play-offs 1/16 Final,CLUB OURENSE BALONCESTO,24,S. MC DONNELL,73.2722%,20.2923%,True,1,GRUPO CAESA SEGUROS FC CARTAGENA CB,True
COPA ESPAÑA,Play-offs 1/16 Final,GRUPO CAESA SEGUROS FC CARTAGENA CB,13,V. FAVERANI TATSCH,30.3244%,31.1317%,False,1,CLUB OURENSE BALONCESTO,False
COPA ESPAÑA,Play-offs 1/16 Final,GRUPO CAESA SEGUROS FC CARTAGENA CB,23,A. KELLY,13.1171%,28.1067%,False,1,CLUB OURENSE BALONCESTO,False
COPA ESPAÑA,Play-offs 1/16 Final,GRUPO CAESA SEGUROS FC CARTAGENA CB,5,A. MARTIN MARIN,7.33427%,50.0375%,True,1,CLUB OURENSE BALONCESTO,False
COPA ESPAÑA,Play-offs 1/16 Final,GRUPO CAESA SEGUROS FC CARTAGENA CB,3,T. SUOKAS,33.9915%,35.9211%,False,1,CLUB OURENSE BALONCESTO,False
COPA ESPAÑA,Play-offs 1/16 Final,GRUPO CAESA SEGUROS FC CARTAGENA CB,2,A. GARUBA ALARI,87.8702%,6.04988%,False,1,CLUB OURENSE BALONCESTO,False
COPA ESPAÑA,Play-offs 1/16 Final,GRUPO CAESA SEGUROS FC CARTAGENA CB,12,A. DOMENECH FONTANA,94.4993%,54.3228%,True,1,CLUB OURENSE BALONCESTO,False
COPA ESPAÑA,Play-offs 1/16 Final,GRUPO CAESA SEGUROS FC CARTAGENA CB,13,V. FAVERANI TATSCH,66.7137%,50.7937%,False,1,CLUB OURENSE BALONCESTO,False
COPA ESPAÑA,Play-offs 1/16 Final,GRUPO CAESA SEGUROS FC CARTAGENA CB,4,I. RIVERA CARROLL,35.402%,41.0887%,False,1,CLUB OURENSE BALONCESTO,False
COPA ESPAÑA,Play-offs 1/16 Final,GRUPO CAESA SEGUROS FC CARTAGENA CB,23,A. KELLY,93.9351%,47.5167%,False,1,CLUB OURENSE BALONCESTO,False
COPA ESPAÑA,Play-offs 1/16 Final,GRUPO CAESA SEGUROS FC CARTAGENA CB,11,E. IDEHEN IDEHEN,94.4993%,50.4156%,False,1,CLUB OURENSE BALONCESTO,False
COPA ESPAÑA,Play-offs 1/16 Final,GRUPO CAESA SEGUROS FC CARTAGENA CB,12,A. DOMENECH FONTANA,80.536%,5.29364%,False,1,CLUB OURENSE BALONCESTO,False
COPA ESPAÑA,Play-offs 1/16 Final,GRUPO CAESA SEGUROS FC CARTAGENA CB,19,A. HARGUINDEY MANEIRO,70.5219%,76.5057%,False,1,CLUB OURENSE BALONCESTO,False
COPA ESPAÑA,Play-offs 1/16 Final,GRUPO CAESA SEGUROS FC CARTAGENA CB,20,S. SVEJCAR,66.7842%,33.9045%,True,1,CLUB OURENSE BALONCESTO,False
COPA ESPAÑA,Play-offs 1/16 Final,GRUPO CAESA SEGUROS FC CARTAGENA CB,19,A. HARGUINDEY MANEIRO,95.2045%,57.4738%,False,1,CLUB OURENSE BALONCESTO,False
COPA ESPAÑA,Play-offs 1/16 Final,GRUPO CAESA SEGUROS FC CARTAGENA CB,12,A. DOMENECH FONTANA,85.6841%,57.0957%,False,1,CLUB OURENSE BALONCESTO,False
COPA ESPAÑA,Play-offs 1/16 Final,GRUPO CAESA SEGUROS FC CARTAGENA CB,3,T. SUOKAS,6.84062%,57.0957%,True,1,CLUB OURENSE BALONCESTO,False
COPA ESPAÑA,Play-offs 1/16 Final,GRUPO CAESA SEGUROS FC CARTAGENA CB,23,A. KELLY,13.1876%,44.8699%,True,1,CLUB OURENSE BALONCESTO,False
COPA ESPAÑA,Play-offs 1/16 Final,GRUPO CAESA SEGUROS FC CARTAGENA CB,20,S. SVEJCAR,91.1848%,54.1968%,False,1,CLUB OURENSE BALONCESTO,False
COPA ESPAÑA,Play-offs 1/16 Final,GRUPO CAESA SEGUROS FC CARTAGENA CB,2,A. GARUBA ALARI,96.1918%,49.4073%,True,1,CLUB OURENSE BALONCESTO,False
COPA ESPAÑA,Play-offs 1/16 Final,GRUPO CAESA SEGUROS FC CARTAGENA CB,20,S. SVEJCAR,88.5755%,4.91552%,True,1,CLUB OURENSE BALONCESTO,False
COPA ESPAÑA,Play-offs 1/16 Final,GRUPO CAESA SEGUROS FC CARTAGENA CB,13,V. FAVERANI TATSCH,93.3709%,49.0292%,True,1,CLUB OURENSE BALONCESTO,False
COPA ESPAÑA,Play-offs 1/16 Final,GRUPO CAESA SEGUROS FC CARTAGENA CB,23,A. KELLY,10.0141%,35.6691%,False,1,CLUB OURENSE BALONCESTO,False
COPA ESPAÑA,Play-offs 1/16 Final,GRUPO CAESA SEGUROS FC CARTAGENA CB,12,A. DOMENECH FONTANA,9.80254%,61.255%,False,1,CLUB OURENSE BALONCESTO,False
COPA ESPAÑA,Play-offs 1/16 Final,GRUPO CAESA SEGUROS FC CARTAGENA CB,12,A. DOMENECH FONTANA,92.3836%,62.3893%,False,1,CLUB OURENSE BALONCESTO,False
COPA ESPAÑA,Play-offs 1/16 Final,GRUPO CAESA SEGUROS FC CARTAGENA CB,12,A. DOMENECH FONTANA,7.82793%,54.1968%,True,1,CLUB OURENSE BALONCESTO,False
COPA ESPAÑA,Play-offs 1/16 Final,GRUPO CAESA SEGUROS FC CARTAGENA CB,1,S. THOMAS,35.9662%,28.989%,False,1,CLUB OURENSE BALONCESTO,False
COPA ESPAÑA,Play-offs 1/16 Final,GRUPO CAESA SEGUROS FC CARTAGENA CB,12,A. DOMENECH FONTANA,12.835%,51.676%,False,1,CLUB OURENSE BALONCESTO,False
COPA ESPAÑA,Play-offs 1/16 Final,GRUPO CAESA SEGUROS FC CARTAGENA CB,12,A. DOMENECH FONTANA,6.91114%,41.0887%,True,1,CLUB OURENSE BALONCESTO,False
COPA ESPAÑA,Play-offs 1/16 Final,GRUPO CAESA SEGUROS FC CARTAGENA CB,13,V. FAVERANI TATSCH,96.5444%,51.8021%,True,1,CLUB OURENSE BALONCESTO,False
COPA ESPAÑA,Play-offs 1/16 Final,GRUPO CAESA SEGUROS FC CARTAGENA CB,12,A. DOMENECH FONTANA,33.0748%,26.3422%,False,1,CLUB OURENSE BALONCESTO,False
COPA ESPAÑA,Play-offs 1/16 Final,GRUPO CAESA SEGUROS FC CARTAGENA CB,5,A. MARTIN MARIN,5.78279%,51.2979%,True,1,CLUB OURENSE BALONCESTO,False
COPA ESPAÑA,Play-offs 1/16 Final,GRUPO CAESA SEGUROS FC CARTAGENA CB,23,A. KELLY,93.4415%,59.7425%,True,1,CLUB OURENSE BALONCESTO,False
COPA ESPAÑA,Play-offs 1/16 Final,GRUPO CAESA SEGUROS FC CARTAGENA CB,2,A. GARUBA ALARI,4.23131%,47.6428%,True,1,CLUB OURENSE BALONCESTO,False
COPA ESPAÑA,Play-offs 1/16 Final,GRUPO CAESA SEGUROS FC CARTAGENA CB,19,A. HARGUINDEY MANEIRO,93.7941%,46.7605%,True,1,CLUB OURENSE BALONCESTO,False
COPA ESPAÑA,Play-offs 1/16 Final,GRUPO CAESA SEGUROS FC CARTAGENA CB,3,T. SUOKAS,94.0762%,44.1137%,True,1,CLUB OURENSE BALONCESTO,False
COPA ESPAÑA,Play-offs 1/16 Final,GRUPO CAESA SEGUROS FC CARTAGENA CB,12,A. DOMENECH FONTANA,95.0635%,44.6178%,False,1,CLUB OURENSE BALONCESTO,False
COPA ESPAÑA,Play-offs 1/16 Final,GRUPO CAESA SEGUROS FC CARTAGENA CB,19,A. HARGUINDEY MANEIRO,9.37941%,48.399%,True,1,CLUB OURENSE BALONCESTO,False
COPA ESPAÑA,Play-offs 1/16 Final,GRUPO CAESA SEGUROS FC CARTAGENA CB,3,T. SUOKAS,8.25106%,39.0721%,False,1,CLUB OURENSE BALONCESTO,False
COPA ESPAÑA,Play-offs 1/16 Final,GRUPO CAESA SEGUROS FC CARTAGENA CB,2,A. GARUBA ALARI,70.3103%,82.5556%,False,1,CLUB OURENSE BALONCESTO,False
COPA ESPAÑA,Play-offs 1/16 Final,GRUPO CAESA SEGUROS FC CARTAGENA CB,11,E. IDEHEN IDEHEN,11.4245%,53.6926%,False,1,CLUB OURENSE BALONCESTO,False
COPA ESPAÑA,Play-offs 1/16 Final,GRUPO CAESA SEGUROS FC CARTAGENA CB,19,A. HARGUINDEY MANEIRO,6.62906%,55.2051%,True,1,CLUB OURENSE BALONCESTO,False
COPA ESPAÑA,Play-offs 1/16 Final,GRUPO CAESA SEGUROS FC CARTAGENA CB,11,E. IDEHEN IDEHEN,6.55853%,50.7937%,True,1,CLUB OURENSE BALONCESTO,False
COPA ESPAÑA,Play-offs 1/16 Final,GRUPO CAESA SEGUROS FC CARTAGENA CB,3,T. SUOKAS,35.6135%,48.273%,False,1,CLUB OURENSE BALONCESTO,False
COPA ESPAÑA,Play-offs 1/16 Final,GRUPO CAESA SEGUROS FC CARTAGENA CB,3,T. SUOKAS,19.8166%,27.6026%,True,1,CLUB OURENSE BALONCESTO,False
COPA ESPAÑA,Play-offs 1/16 Final,GRUPO CAESA SEGUROS FC CARTAGENA CB,11,E. IDEHEN IDEHEN,10.7193%,42.6012%,True,1,CLUB OURENSE BALONCESTO,False
COPA ESPAÑA,Play-offs 1/16 Final,GRUPO CAESA SEGUROS FC CARTAGENA CB,20,S. SVEJCAR,95.9097%,43.7356%,False,1,CLUB OURENSE BALONCESTO,False
COPA ESPAÑA,Play-offs 1/16 Final,GRUPO CAESA SEGUROS FC CARTAGENA CB,4,I. RIVERA CARROLL,11.8477%,41.3408%,False,1,CLUB OURENSE BALONCESTO,False
COPA ESPAÑA,Play-offs 1/16 Final,GRUPO CAESA SEGUROS FC CARTAGENA CB,20,S. SVEJCAR,24.8942%,12.4779%,True,1,CLUB OURENSE BALONCESTO,False
COPA ESPAÑA,Play-offs 1/16 Final,GRUPO CAESA SEGUROS FC CARTAGENA CB,4,I. RIVERA CARROLL,23.9069%,29.3671%,False,1,CLUB OURENSE BALONCESTO,False
COPA ESPAÑA,Play-offs 1/16 Final,GRUPO CAESA SEGUROS FC CARTAGENA CB,12,A. DOMENECH FONTANA,92.3836%,51.55%,True,1,CLUB OURENSE BALONCESTO,False
COPA ESPAÑA,Play-offs 1/16 Final,GRUPO CAESA SEGUROS FC CARTAGENA CB,12,A. DOMENECH FONTANA,84.4147%,6.17591%,False,1,CLUB OURENSE BALONCESTO,False
COPA ESPAÑA,Play-offs 1/16 Final,GRUPO CAESA SEGUROS FC CARTAGENA CB,4,I. RIVERA CARROLL,73.2017%,83.3118%,False,1,CLUB OURENSE BALONCESTO,False
COPA ESPAÑA,Play-offs 1/16 Final,GRUPO CAESA SEGUROS FC CARTAGENA CB,2,A. GARUBA ALARI,21.1566%,36.9294%,True,1,CLUB OURENSE BALONCESTO,False
COPA ESPAÑA,Play-offs 1/16 Final,GRUPO CAESA SEGUROS FC CARTAGENA CB,12,A. DOMENECH FONTANA,7.12271%,43.6095%,True,1,CLUB OURENSE BALONCESTO,False
COPA ESPAÑA,Play-offs 1/16 Final,GRUPO CAESA SEGUROS FC CARTAGENA CB,4,I. RIVERA CARROLL,30.3244%,23.3172%,False,1,CLUB OURENSE BALONCESTO,False
COPA ESPAÑA,Play-offs 1/16 Final,GRUPO CAESA SEGUROS FC CARTAGENA CB,12,A. DOMENECH FONTANA,94.4288%,39.8283%,True,1,CLUB OURENSE BALONCESTO,False
COPA ESPAÑA,Play-offs 1/16 Final,GRUPO CAESA SEGUROS FC CARTAGENA CB,20,S. SVEJCAR,17.3484%,90.4961%,True,1,CLUB OURENSE BALONCESTO,False
COPA ESPAÑA,Play-offs 1/16 Final,GRUPO CAESA SEGUROS FC CARTAGENA CB,20,S. SVEJCAR,74.4006%,58.2301%,False,1,CLUB OURENSE BALONCESTO,False
COPA ESPAÑA,Play-offs 1/16 Final,ALIMERKA OVIEDO BALONCESTO,41,R. COSIALLS BORRAS,90.6911%,44.8699%,True,1,MONBUS OBRADOIRO,True
COPA ESPAÑA,Play-offs 1/16 Final,ALIMERKA OVIEDO BALONCESTO,24,C. HERMANSON,27.3625%,86.0847%,True,1,MONBUS OBRADOIRO,True
COPA ESPAÑA,Play-offs 1/16 Final,ALIMERKA OVIEDO BALONCESTO,14,D. SHELIST,8.25106%,93.2689%,True,1,MONBUS OBRADOIRO,True
COPA ESPAÑA,Play-offs 1/16 Final,ALIMERKA OVIEDO BALONCESTO,48,J. ARIAS GONZALEZ,69.323%,20.6704%,True,1,MONBUS OBRADOIRO,True
COPA ESPAÑA,Play-offs 1/16 Final,ALIMERKA OVIEDO BALONCESTO,11,F. COPES,27.1509%,11.9737%,False,1,MONBUS OBRADOIRO,True
COPA ESPAÑA,Play-offs 1/16 Final,ALIMERKA OVIEDO BALONCESTO,41,R. COSIALLS BORRAS,89.1396%,43.3574%,False,1,MONBUS OBRADOIRO,True
COPA ESPAÑA,Play-offs 1/16 Final,ALIMERKA OVIEDO BALONCESTO,48,J. ARIAS GONZALEZ,66.1495%,11.9737%,False,1,MONBUS OBRADOIRO,True
COPA ESPAÑA,Play-offs 1/16 Final,ALIMERKA OVIEDO BALONCESTO,3,M. TOWNES VILLAR,27.9267%,14.8726%,True,1,MONBUS OBRADOIRO,True
COPA ESPAÑA,Play-offs 1/16 Final,ALIMERKA OVIEDO BALONCESTO,24,C. HERMANSON,26.0226%,86.3368%,False,1,MONBUS OBRADOIRO,True
COPA ESPAÑA,Play-offs 1/16 Final,ALIMERKA OVIEDO BALONCESTO,5,G. PARHAM II,13.1171%,46.1303%,False,1,MONBUS OBRADOIRO,True
COPA ESPAÑA,Play-offs 1/16 Final,ALIMERKA OVIEDO BALONCESTO,35,F. NWAOKORIE,90.9732%,43.7356%,False,1,MONBUS OBRADOIRO,True
COPA ESPAÑA,Play-offs 1/16 Final,ALIMERKA OVIEDO BALONCESTO,35,F. NWAOKORIE,91.1142%,58.2301%,True,1,MONBUS OBRADOIRO,True
COPA ESPAÑA,Play-offs 1/16 Final,ALIMERKA OVIEDO BALONCESTO,24,C. HERMANSON,31.5233%,23.0652%,False,1,MONBUS OBRADOIRO,True
COPA ESPAÑA,Play-offs 1/16 Final,ALIMERKA OVIEDO BALONCESTO,14,D. SHELIST,86.1072%,52.4323%,False,1,MONBUS OBRADOIRO,True
COPA ESPAÑA,Play-offs 1/16 Final,ALIMERKA OVIEDO BALONCESTO,11,F. COPES,24.1185%,8.57066%,False,1,MONBUS OBRADOIRO,True
COPA ESPAÑA,Play-offs 1/16 Final,ALIMERKA OVIEDO BALONCESTO,14,D. SHELIST,67.7715%,74.9932%,False,1,MONBUS OBRADOIRO,True
COPA ESPAÑA,Play-offs 1/16 Final,ALIMERKA OVIEDO BALONCESTO,55,R. LOBACO MUÑOZ,66.3611%,74.6151%,False,1,MONBUS OBRADOIRO,True
COPA ESPAÑA,Play-offs 1/16 Final,ALIMERKA OVIEDO BALONCESTO,3,M. TOWNES VILLAR,92.5247%,58.6082%,True,1,MONBUS OBRADOIRO,True
COPA ESPAÑA,Play-offs 1/16 Final,ALIMERKA OVIEDO BALONCESTO,3,M. TOWNES VILLAR,15.4443%,74.237%,False,1,MONBUS OBRADOIRO,True
COPA ESPAÑA,Play-offs 1/16 Final,ALIMERKA OVIEDO BALONCESTO,3,M. TOWNES VILLAR,12.7645%,39.8283%,False,1,MONBUS OBRADOIRO,True
COPA ESPAÑA,Play-offs 1/16 Final,ALIMERKA OVIEDO BALONCESTO,5,G. PARHAM II,90.3385%,3.15098%,False,1,MONBUS OBRADOIRO,True
COPA ESPAÑA,Play-offs 1/16 Final,ALIMERKA OVIEDO BALONCESTO,35,F. NWAOKORIE,6.1354%,6.42799%,False,1,MONBUS OBRADOIRO,True
COPA ESPAÑA,Play-offs 1/16 Final,ALIMERKA OVIEDO BALONCESTO,3,M. TOWNES VILLAR,70.1693%,81.7994%,False,1,MONBUS OBRADOIRO,True
COPA ESPAÑA,Play-offs 1/16 Final,ALIMERKA OVIEDO BALONCESTO,24,C. HERMANSON,33.8505%,56.4655%,False,1,MONBUS OBRADOIRO,True
COPA ESPAÑA,Play-offs 1/16 Final,ALIMERKA OVIEDO BALONCESTO,55,R. LOBACO MUÑOZ,10.2962%,44.2397%,True,1,MONBUS OBRADOIRO,True
COPA ESPAÑA,Play-offs 1/16 Final,ALIMERKA OVIEDO BALONCESTO,3,M. TOWNES VILLAR,6.41749%,64.406%,True,1,MONBUS OBRADOIRO,True
COPA ESPAÑA,Play-offs 1/16 Final,ALIMERKA OVIEDO BALONCESTO,55,R. LOBACO MUÑOZ,30.6065%,84.5722%,False,1,MONBUS OBRADOIRO,True
COPA ESPAÑA,Play-offs 1/16 Final,ALIMERKA OVIEDO BALONCESTO,24,C. HERMANSON,70.4513%,15.3768%,False,1,MONBUS OBRADOIRO,True
COPA ESPAÑA,Play-offs 1/16 Final,ALIMERKA OVIEDO BALONCESTO,5,G. PARHAM II,6.55853%,3.27702%,False,1,MONBUS OBRADOIRO,True
COPA ESPAÑA,Play-offs 1/16 Final,ALIMERKA OVIEDO BALONCESTO,24,C. HERMANSON,70.8039%,19.0319%,False,1,MONBUS OBRADOIRO,True
COPA ESPAÑA,Play-offs 1/16 Final,ALIMERKA OVIEDO BALONCESTO,55,R. LOBACO MUÑOZ,27.6446%,86.0847%,False,1,MONBUS OBRADOIRO,True
COPA ESPAÑA,Play-offs 1/16 Final,ALIMERKA OVIEDO BALONCESTO,3,M. TOWNES VILLAR,91.2553%,44.2397%,False,1,MONBUS OBRADOIRO,True
COPA ESPAÑA,Play-offs 1/16 Final,ALIMERKA OVIEDO BALONCESTO,3,M. TOWNES VILLAR,90.4795%,45.6261%,True,1,MONBUS OBRADOIRO,True
COPA ESPAÑA,Play-offs 1/16 Final,ALIMERKA OVIEDO BALONCESTO,55,R. LOBACO MUÑOZ,79.055%,8.44462%,False,1,MONBUS OBRADOIRO,True
COPA ESPAÑA,Play-offs 1/16 Final,ALIMERKA OVIEDO BALONCESTO,48,J. ARIAS GONZALEZ,92.5952%,57.7259%,True,1,MONBUS OBRADOIRO,True
COPA ESPAÑA,Play-offs 1/16 Final,ALIMERKA OVIEDO BALONCESTO,14,D. SHELIST,7.54584%,43.4835%,True,1,MONBUS OBRADOIRO,True
COPA ESPAÑA,Play-offs 1/16 Final,ALIMERKA OVIEDO BALONCESTO,24,C. HERMANSON,89.0691%,95.1595%,False,1,MONBUS OBRADOIRO,True
COPA ESPAÑA,Play-offs 1/16 Final,ALIMERKA OVIEDO BALONCESTO,3,M. TOWNES VILLAR,8.46262%,41.7189%,True,1,MONBUS OBRADOIRO,True
COPA ESPAÑA,Play-offs 1/16 Final,ALIMERKA OVIEDO BALONCESTO,35,F. NWAOKORIE,22.567%,89.2357%,False,1,MONBUS OBRADOIRO,True
COPA ESPAÑA,Play-offs 1/16 Final,ALIMERKA OVIEDO BALONCESTO,55,R. LOBACO MUÑOZ,29.2666%,79.9088%,False,1,MONBUS OBRADOIRO,True
COPA ESPAÑA,Play-offs 1/16 Final,ALIMERKA OVIEDO BALONCESTO,35,F. NWAOKORIE,29.9013%,80.539%,True,1,MONBUS OBRADOIRO,True
COPA ESPAÑA,Play-offs 1/16 Final,ALIMERKA OVIEDO BALONCESTO,41,R. COSIALLS BORRAS,18.8293%,41.3408%,True,1,MONBUS OBRADOIRO,True
COPA ESPAÑA,Play-offs 1/16 Final,ALIMERKA OVIEDO BALONCESTO,24,C. HERMANSON,78.6319%,71.086%,False,1,MONBUS OBRADOIRO,True
COPA ESPAÑA,Play-offs 1/16 Final,ALIMERKA OVIEDO BALONCESTO,24,C. HERMANSON,90.0564%,40.9627%,False,1,MONBUS OBRADOIRO,True
COPA ESPAÑA,Play-offs 1/16 Final,ALIMERKA OVIEDO BALONCESTO,3,M. TOWNES VILLAR,7.96897%,41.0887%,False,1,MONBUS OBRADOIRO,True
COPA ESPAÑA,Play-offs 1/16 Final,ALIMERKA OVIEDO BALONCESTO,41,R. COSIALLS BORRAS,90.7616%,57.5999%,False,1,MONBUS OBRADOIRO,True
COPA ESPAÑA,Play-offs 1/16 Final,ALIMERKA OVIEDO BALONCESTO,35,F. NWAOKORIE,90.7616%,57.2217%,True,1,MONBUS OBRADOIRO,True
COPA ESPAÑA,Play-offs 1/16 Final,ALIMERKA OVIEDO BALONCESTO,3,M. TOWNES VILLAR,89.1396%,43.3574%,False,1,MONBUS OBRADOIRO,True
COPA ESPAÑA,Play-offs 1/16 Final,ALIMERKA OVIEDO BALONCESTO,24,C. HERMANSON,33.0042%,49.1552%,False,1,MONBUS OBRADOIRO,True
COPA ESPAÑA,Play-offs 1/16 Final,ALIMERKA OVIEDO BALONCESTO,35,F. NWAOKORIE,89.8449%,93.521%,False,1,MONBUS OBRADOIRO,True
COPA ESPAÑA,Play-offs 1/16 Final,ALIMERKA OVIEDO BALONCESTO,5,G. PARHAM II,83.78%,50.4156%,True,1,MONBUS OBRADOIRO,True
COPA ESPAÑA,Play-offs 1/16 Final,ALIMERKA OVIEDO BALONCESTO,35,F. NWAOKORIE,8.53315%,47.3907%,True,1,MONBUS OBRADOIRO,True
COPA ESPAÑA,Play-offs 1/16 Final,ALIMERKA OVIEDO BALONCESTO,24,C. HERMANSON,30.3244%,16.133%,True,1,MONBUS OBRADOIRO,True
COPA ESPAÑA,Play-offs 1/16 Final,ALIMERKA OVIEDO BALONCESTO,55,R. LOBACO MUÑOZ,8.60367%,93.0168%,False,1,MONBUS OBRADOIRO,True
COPA ESPAÑA,Play-offs 1/16 Final,ALIMERKA OVIEDO BALONCESTO,48,J. ARIAS GONZALEZ,28.0677%,20.0402%,False,1,MONBUS OBRADOIRO,True
COPA ESPAÑA,Play-offs 1/16 Final,ALIMERKA OVIEDO BALONCESTO,3,M. TOWNES VILLAR,66.0085%,79.5307%,True,1,MONBUS OBRADOIRO,True
COPA ESPAÑA,Play-offs 1/16 Final,ALIMERKA OVIEDO BALONCESTO,24,C. HERMANSON,27.5035%,84.4462%,True,1,MONBUS OBRADOIRO,True
COPA ESPAÑA,Play-offs 1/16 Final,ALIMERKA OVIEDO BALONCESTO,55,R. LOBACO MUÑOZ,6.69958%,95.0335%,False,1,MONBUS OBRADOIRO,True
COPA ESPAÑA,Play-offs 1/16 Final,ALIMERKA OVIEDO BALONCESTO,3,M. TOWNES VILLAR,71.086%,82.9337%,True,1,MONBUS OBRADOIRO,True
COPA ESPAÑA,Play-offs 1/16 Final,ALIMERKA OVIEDO BALONCESTO,35,F. NWAOKORIE,67.9126%,77.1359%,False,1,MONBUS OBRADOIRO,True
COPA ESPAÑA,Play-offs 1/16 Final,ALIMERKA OVIEDO BALONCESTO,4,A. FAURE RIBES,89.3512%,48.9032%,False,1,MONBUS OBRADOIRO,True
COPA ESPAÑA,Play-offs 1/16 Final,ALIMERKA OVIEDO BALONCESTO,4,A. FAURE RIBES,92.1721%,55.0791%,True,1,MONBUS OBRADOIRO,True
COPA ESPAÑA,Play-offs 1/16 Final,ALIMERKA OVIEDO BALONCESTO,24,C. HERMANSON,30.8181%,78.2703%,True,1,MONBUS OBRADOIRO,True
COPA ESPAÑA,Play-offs 1/16 Final,ALIMERKA OVIEDO BALONCESTO,24,C. HERMANSON,69.1819%,76.6318%,False,1,MONBUS OBRADOIRO,True
COPA ESPAÑA,Play-offs 1/16 Final,MONBUS OBRADOIRO,7,F. DOS ANJOS DE PAULA,14.0339%,46.8865%,True,1,ALIMERKA OVIEDO BALONCESTO,False
COPA ESPAÑA,Play-offs 1/16 Final,MONBUS OBRADOIRO,5,R. ANDERSSON,8.95628%,43.2314%,True,1,ALIMERKA OVIEDO BALONCESTO,False
COPA ESPAÑA,Play-offs 1/16 Final,MONBUS OBRADOIRO,24,D. DE SOUSA ANJO BRITO,90.4795%,6.42799%,False,1,ALIMERKA OVIEDO BALONCESTO,False
COPA ESPAÑA,Play-offs 1/16 Final,MONBUS OBRADOIRO,28,A. BARCELLO,10.4372%,43.6095%,False,1,ALIMERKA OVIEDO BALONCESTO,False
COPA ESPAÑA,Play-offs 1/16 Final,MONBUS OBRADOIRO,28,A. BARCELLO,71.4386%,20.0402%,True,1,ALIMERKA OVIEDO BALONCESTO,False
COPA ESPAÑA,Play-offs 1/16 Final,MONBUS OBRADOIRO,23,Y. BARRUETA,87.5176%,92.5127%,False,1,ALIMERKA OVIEDO BALONCESTO,False
COPA ESPAÑA,Play-offs 1/16 Final,MONBUS OBRADOIRO,23,Y. BARRUETA,87.9408%,93.1429%,True,1,ALIMERKA OVIEDO BALONCESTO,False
COPA ESPAÑA,Play-offs 1/16 Final,MONBUS OBRADOIRO,28,A. BARCELLO,88.5049%,47.5167%,True,1,ALIMERKA OVIEDO BALONCESTO,False
COPA ESPAÑA,Play-offs 1/16 Final,MONBUS OBRADOIRO,7,F. DOS ANJOS DE PAULA,87.024%,50.5417%,False,1,ALIMERKA OVIEDO BALONCESTO,False
COPA ESPAÑA,Play-offs 1/16 Final,MONBUS OBRADOIRO,28,A. BARCELLO,74.9647%,14.7466%,True,1,ALIMERKA OVIEDO BALONCESTO,False
COPA ESPAÑA,Play-offs 1/16 Final,MONBUS OBRADOIRO,25,S. QUINTELA SALVADOR,83.2863%,40.9627%,True,1,ALIMERKA OVIEDO BALONCESTO,False
COPA ESPAÑA,Play-offs 1/16 Final,MONBUS OBRADOIRO,57,A. GALAN POZO,90.409%,57.4738%,False,1,ALIMERKA OVIEDO BALONCESTO,False
COPA ESPAÑA,Play-offs 1/16 Final,MONBUS OBRADOIRO,25,S. QUINTELA SALVADOR,9.6615%,46.5084%,True,1,ALIMERKA OVIEDO BALONCESTO,False
COPA ESPAÑA,Play-offs 1/16 Final,MONBUS OBRADOIRO,28,A. BARCELLO,22.8491%,88.3534%,False,1,ALIMERKA OVIEDO BALONCESTO,False
COPA ESPAÑA,Play-offs 1/16 Final,MONBUS OBRADOIRO,23,Y. BARRUETA,71.4386%,86.2107%,True,1,ALIMERKA OVIEDO BALONCESTO,False
COPA ESPAÑA,Play-offs 1/16 Final,MONBUS OBRADOIRO,10,A. GRELA ROJAS,85.4725%,72.5985%,True,1,ALIMERKA OVIEDO BALONCESTO,False
COPA ESPAÑA,Play-offs 1/16 Final,MONBUS OBRADOIRO,16,A. ETXEGUREN GONZALEZ,91.7489%,60.3727%,True,1,ALIMERKA OVIEDO BALONCESTO,False
COPA ESPAÑA,Play-offs 1/16 Final,MONBUS OBRADOIRO,25,S. QUINTELA SALVADOR,11.7772%,54.701%,False,1,ALIMERKA OVIEDO BALONCESTO,False
COPA ESPAÑA,Play-offs 1/16 Final,MONBUS OBRADOIRO,7,F. DOS ANJOS DE PAULA,91.9605%,53.3145%,True,1,ALIMERKA OVIEDO BALONCESTO,False
COPA ESPAÑA,Play-offs 1/16 Final,MONBUS OBRADOIRO,28,A. BARCELLO,29.1255%,17.0153%,False,1,ALIMERKA OVIEDO BALONCESTO,False
COPA ESPAÑA,Play-offs 1/16 Final,MONBUS OBRADOIRO,9,L. WESTERMANN,12.5529%,37.5596%,False,1,ALIMERKA OVIEDO BALONCESTO,False
COPA ESPAÑA,Play-offs 1/16 Final,MONBUS OBRADOIRO,7,F. DOS ANJOS DE PAULA,90.9732%,55.3312%,True,1,ALIMERKA OVIEDO BALONCESTO,False
COPA ESPAÑA,Play-offs 1/16 Final,MONBUS OBRADOIRO,7,F. DOS ANJOS DE PAULA,10.2257%,52.8104%,False,1,ALIMERKA OVIEDO BALONCESTO,False
COPA ESPAÑA,Play-offs 1/16 Final,MONBUS OBRADOIRO,24,D. DE SOUSA ANJO BRITO,75.67%,64.0278%,False,1,ALIMERKA OVIEDO BALONCESTO,False
COPA ESPAÑA,Play-offs 1/16 Final,MONBUS OBRADOIRO,7,F. DOS ANJOS DE PAULA,86.3893%,51.9281%,True,1,ALIMERKA OVIEDO BALONCESTO,False
COPA ESPAÑA,Play-offs 1/16 Final,MONBUS OBRADOIRO,7,F. DOS ANJOS DE PAULA,8.95628%,49.9115%,False,1,ALIMERKA OVIEDO BALONCESTO,False
COPA ESPAÑA,Play-offs 1/16 Final,MONBUS OBRADOIRO,23,Y. BARRUETA,23.6248%,9.45293%,True,1,ALIMERKA OVIEDO BALONCESTO,False
COPA ESPAÑA,Play-offs 1/16 Final,MONBUS OBRADOIRO,9,L. WESTERMANN,8.67419%,57.3478%,True,1,ALIMERKA OVIEDO BALONCESTO,False
COPA ESPAÑA,Play-offs 1/16 Final,MONBUS OBRADOIRO,5,R. ANDERSSON,83.7094%,50.9198%,False,1,ALIMERKA OVIEDO BALONCESTO,False
COPA ESPAÑA,Play-offs 1/16 Final,MONBUS OBRADOIRO,23,Y. BARRUETA,26.4457%,86.967%,False,1,ALIMERKA OVIEDO BALONCESTO,False
COPA ESPAÑA,Play-offs 1/16 Final,MONBUS OBRADOIRO,29,K. LUNDQVIST,83.9915%,5.41968%,False,1,ALIMERKA OVIEDO BALONCESTO,False
COPA ESPAÑA,Play-offs 1/16 Final,MONBUS OBRADOIRO,10,A. GRELA ROJAS,84.2031%,37.6857%,False,1,ALIMERKA OVIEDO BALONCESTO,False
COPA ESPAÑA,Play-offs 1/16 Final,MONBUS OBRADOIRO,7,F. DOS ANJOS DE PAULA,8.74471%,54.953%,False,1,ALIMERKA OVIEDO BALONCESTO,False
COPA ESPAÑA,Play-offs 1/16 Final,MONBUS OBRADOIRO,28,A. BARCELLO,13.3286%,45.122%,False,1,ALIMERKA OVIEDO BALONCESTO,False
COPA ESPAÑA,Play-offs 1/16 Final,MONBUS OBRADOIRO,7,F. DOS ANJOS DE PAULA,90.6911%,49.7854%,True,1,ALIMERKA OVIEDO BALONCESTO,False
COPA ESPAÑA,Play-offs 1/16 Final,MONBUS OBRADOIRO,25,S. QUINTELA SALVADOR,7.82793%,70.834%,False,1,ALIMERKA OVIEDO BALONCESTO,False
COPA ESPAÑA,Play-offs 1/16 Final,MONBUS OBRADOIRO,25,S. QUINTELA SALVADOR,83.9915%,64.1539%,True,1,ALIMERKA OVIEDO BALONCESTO,False
COPA ESPAÑA,Play-offs 1/16 Final,MONBUS OBRADOIRO,11,D. KRAVIC,86.7419%,38.694%,False,1,ALIMERKA OVIEDO BALONCESTO,False
COPA ESPAÑA,Play-offs 1/16 Final,MONBUS OBRADOIRO,28,A. BARCELLO,9.30889%,46.0043%,True,1,ALIMERKA OVIEDO BALONCESTO,False
COPA ESPAÑA,Play-offs 1/16 Final,MONBUS OBRADOIRO,25,S. QUINTELA SALVADOR,34.9083%,49.7854%,True,1,ALIMERKA OVIEDO BALONCESTO,False
COPA ESPAÑA,Play-offs 1/16 Final,MONBUS OBRADOIRO,25,S. QUINTELA SALVADOR,8.67419%,44.7439%,True,1,ALIMERKA OVIEDO BALONCESTO,False
COPA ESPAÑA,Play-offs 1/16 Final,MONBUS OBRADOIRO,23,Y. BARRUETA,7.26375%,95.4116%,False,1,ALIMERKA OVIEDO BALONCESTO,False
COPA ESPAÑA,Play-offs 1/16 Final,MONBUS OBRADOIRO,9,L. WESTERMANN,7.19323%,32.266%,False,1,ALIMERKA OVIEDO BALONCESTO,False
COPA ESPAÑA,Play-offs 1/16 Final,MONBUS OBRADOIRO,57,A. GALAN POZO,91.7489%,57.5999%,False,1,ALIMERKA OVIEDO BALONCESTO,False
COPA ESPAÑA,Play-offs 1/16 Final,MONBUS OBRADOIRO,24,D. DE SOUSA ANJO BRITO,6.48801%,5.54572%,False,1,ALIMERKA OVIEDO BALONCESTO,False
COPA ESPAÑA,Play-offs 1/16 Final,MONBUS OBRADOIRO,11,D. KRAVIC,83.7094%,50.9198%,False,1,ALIMERKA OVIEDO BALONCESTO,False
COPA ESPAÑA,Play-offs 1/16 Final,MONBUS OBRADOIRO,9,L. WESTERMANN,84.3441%,56.3395%,False,1,ALIMERKA OVIEDO BALONCESTO,False
COPA ESPAÑA,Play-offs 1/16 Final,MONBUS OBRADOIRO,16,A. ETXEGUREN GONZALEZ,88.2229%,55.9613%,True,1,ALIMERKA OVIEDO BALONCESTO,False
COPA ESPAÑA,Play-offs 1/16 Final,MONBUS OBRADOIRO,25,S. QUINTELA SALVADOR,20.3808%,28.2328%,False,1,ALIMERKA OVIEDO BALONCESTO,False
COPA ESPAÑA,Play-offs 1/16 Final,MONBUS OBRADOIRO,9,L. WESTERMANN,10.2962%,37.8117%,False,1,ALIMERKA OVIEDO BALONCESTO,False
COPA ESPAÑA,Play-offs 1/16 Final,MONBUS OBRADOIRO,9,L. WESTERMANN,33.6389%,57.0957%,False,1,ALIMERKA OVIEDO BALONCESTO,False
COPA ESPAÑA,Play-offs 1/16 Final,MONBUS OBRADOIRO,9,L. WESTERMANN,17.7715%,59.3644%,False,1,ALIMERKA OVIEDO BALONCESTO,False
COPA ESPAÑA,Play-offs 1/16 Final,MONBUS OBRADOIRO,29,K. LUNDQVIST,69.6051%,76.8838%,False,1,ALIMERKA OVIEDO BALONCESTO,False
COPA ESPAÑA,Play-offs 1/16 Final,MONBUS OBRADOIRO,28,A. BARCELLO,30.1834%,10.9654%,False,1,ALIMERKA OVIEDO BALONCESTO,False
COPA ESPAÑA,Play-offs 1/16 Final,MONBUS OBRADOIRO,10,A. GRELA ROJAS,12.4824%,27.4765%,False,1,ALIMERKA OVIEDO BALONCESTO,False
COPA ESPAÑA,Play-offs 1/16 Final,MONBUS OBRADOIRO,7,F. DOS ANJOS DE PAULA,11.213%,49.7854%,True,1,ALIMERKA OVIEDO BALONCESTO,False
COPA ESPAÑA,Play-offs 1/16 Final,MONBUS OBRADOIRO,7,F. DOS ANJOS DE PAULA,6.98166%,53.6926%,False,1,ALIMERKA OVIEDO BALONCESTO,False
COPA ESPAÑA,Play-offs 1/16 Final,MONBUS OBRADOIRO,23,Y. BARRUETA,10.0846%,4.91552%,False,1,ALIMERKA OVIEDO BALONCESTO,False
COPA ESPAÑA,Play-offs 1/16 Final,MONBUS OBRADOIRO,57,A. GALAN POZO,91.4669%,53.9447%,False,1,ALIMERKA OVIEDO BALONCESTO,False
COPA ESPAÑA,Play-offs 1/16 Final,MONBUS OBRADOIRO,24,D. DE SOUSA ANJO BRITO,90.9732%,5.29364%,False,1,ALIMERKA OVIEDO BALONCESTO,False
COPA ESPAÑA,Play-offs 1/16 Final,MONBUS OBRADOIRO,25,S. QUINTELA SALVADOR,91.7489%,60.3727%,False,1,ALIMERKA OVIEDO BALONCESTO,False
COPA ESPAÑA,Play-offs 1/16 Final,MONBUS OBRADOIRO,9,L. WESTERMANN,32.7221%,71.086%,False,1,ALIMERKA OVIEDO BALONCESTO,False
COPA ESPAÑA,Play-offs 1/16 Final,MONBUS OBRADOIRO,28,A. BARCELLO,77.574%,48.6511%,False,1,ALIMERKA OVIEDO BALONCESTO,False
COPA ESPAÑA,Play-offs 1/16 Final,MONBUS OBRADOIRO,23,Y. BARRUETA,8.3921%,93.0168%,False,1,ALIMERKA OVIEDO BALONCESTO,False
COPA ESPAÑA,Play-offs 1/16 Final,MONBUS OBRADOIRO,28,A. BARCELLO,68.9704%,79.0265%,True,1,ALIMERKA OVIEDO BALONCESTO,False
COPA ESPAÑA,Play-offs 1/16 Final,MONBUS OBRADOIRO,9,L. WESTERMANN,69.6756%,18.9059%,False,1,ALIMERKA OVIEDO BALONCESTO,False
COPA ESPAÑA,Play-offs 1/16 Final,MONBUS OBRADOIRO,23,Y. BARRUETA,62.7645%,50.5417%,True,1,ALIMERKA OVIEDO BALONCESTO,False
COPA ESPAÑA,Play-offs 1/16 Final,BIELE ISB,14,T. SAGNA,89.9154%,54.1968%,False,1,CLUB BALONCESTO TOLEDO BASKET,True
COPA ESPAÑA,Play-offs 1/16 Final,BIELE ISB,22,U. BARANDALLA LUQUE,58.7447%,53.1885%,False,1,CLUB BALONCESTO TOLEDO BASKET,True
COPA ESPAÑA,Play-offs 1/16 Final,BIELE ISB,13,M. OLAIZOLA GARIN,29.8307%,15.7549%,False,1,CLUB BALONCESTO TOLEDO BASKET,True
COPA ESPAÑA,Play-offs 1/16 Final,BIELE ISB,34,M. SAKHO,91.6784%,52.1802%,False,1,CLUB BALONCESTO TOLEDO BASKET,True
COPA ESPAÑA,Play-offs 1/16 Final,BIELE ISB,30,I. MIRANDA GARCIA,28.4203%,18.5277%,False,1,CLUB BALONCESTO TOLEDO BASKET,True
COPA ESPAÑA,Play-offs 1/16 Final,BIELE ISB,8,A. MONCANUT MORE,76.0931%,64.532%,True,1,CLUB BALONCESTO TOLEDO BASKET,True
COPA ESPAÑA,Play-offs 1/16 Final,BIELE ISB,22,U. BARANDALLA LUQUE,87.5176%,60.3727%,False,1,CLUB BALONCESTO TOLEDO BASKET,True
COPA ESPAÑA,Play-offs 1/16 Final,BIELE ISB,10,O. ARDANZA BERNAOLA,31.3822%,79.5307%,True,1,CLUB BALONCESTO TOLEDO BASKET,True
COPA ESPAÑA,Play-offs 1/16 Final,BIELE ISB,8,A. MONCANUT MORE,64.3865%,38.694%,False,1,CLUB BALONCESTO TOLEDO BASKET,True
COPA ESPAÑA,Play-offs 1/16 Final,BIELE ISB,25,J. JERMAIN,4.30183%,45.122%,False,1,CLUB BALONCESTO TOLEDO BASKET,True
COPA ESPAÑA,Play-offs 1/16 Final,BIELE ISB,14,T. SAGNA,91.6784%,53.4406%,True,1,CLUB BALONCESTO TOLEDO BASKET,True
COPA ESPAÑA,Play-offs 1/16 Final,BIELE ISB,42,A. ACHA CORTABARRIA,75.8815%,40.5846%,True,1,CLUB BALONCESTO TOLEDO BASKET,True
COPA ESPAÑA,Play-offs 1/16 Final,BIELE ISB,50,O. INDA HERNANDEZ,62.3413%,61.255%,False,1,CLUB BALONCESTO TOLEDO BASKET,True
COPA ESPAÑA,Play-offs 1/16 Final,BIELE ISB,25,J. JERMAIN,74.8237%,63.2716%,True,1,CLUB BALONCESTO TOLEDO BASKET,True
COPA ESPAÑA,Play-offs 1/16 Final,BIELE ISB,22,U. BARANDALLA LUQUE,35.3315%,67.4309%,True,1,CLUB BALONCESTO TOLEDO BASKET,True
COPA ESPAÑA,Play-offs 1/16 Final,BIELE ISB,10,O. ARDANZA BERNAOLA,59.8025%,54.4489%,False,1,CLUB BALONCESTO TOLEDO BASKET,True
COPA ESPAÑA,Play-offs 1/16 Final,BIELE ISB,25,J. JERMAIN,7.54584%,49.7854%,True,1,CLUB BALONCESTO TOLEDO BASKET,True
COPA ESPAÑA,Play-offs 1/16 Final,BIELE ISB,25,J. JERMAIN,63.7518%,27.9807%,False,1,CLUB BALONCESTO TOLEDO BASKET,True
COPA ESPAÑA,Play-offs 1/16 Final,BIELE ISB,25,J. JERMAIN,33.8505%,29.9973%,False,1,CLUB BALONCESTO TOLEDO BASKET,True
COPA ESPAÑA,Play-offs 1/16 Final,BIELE ISB,14,T. SAGNA,3.8787%,52.6843%,True,1,CLUB BALONCESTO TOLEDO BASKET,True
COPA ESPAÑA,Play-offs 1/16 Final,BIELE ISB,8,A. MONCANUT MORE,11.2835%,53.8187%,False,1,CLUB BALONCESTO TOLEDO BASKET,True
COPA ESPAÑA,Play-offs 1/16 Final,BIELE ISB,8,A. MONCANUT MORE,85.3315%,48.399%,False,1,CLUB BALONCESTO TOLEDO BASKET,True
COPA ESPAÑA,Play-offs 1/16 Final,BIELE ISB,13,M. OLAIZOLA GARIN,31.3822%,20.5444%,True,1,CLUB BALONCESTO TOLEDO BASKET,True
COPA ESPAÑA,Play-offs 1/16 Final,BIELE ISB,13,M. OLAIZOLA GARIN,81.3117%,57.8519%,False,1,CLUB BALONCESTO TOLEDO BASKET,True
COPA ESPAÑA,Play-offs 1/16 Final,BIELE ISB,10,O. ARDANZA BERNAOLA,91.5374%,52.8104%,True,1,CLUB BALONCESTO TOLEDO BASKET,True
COPA ESPAÑA,Play-offs 1/16 Final,BIELE ISB,34,M. SAKHO,63.0465%,73.6068%,False,1,CLUB BALONCESTO TOLEDO BASKET,True
COPA ESPAÑA,Play-offs 1/16 Final,BIELE ISB,22,U. BARANDALLA LUQUE,6.27645%,50.6677%,True,1,CLUB BALONCESTO TOLEDO BASKET,True
COPA ESPAÑA,Play-offs 1/16 Final,BIELE ISB,10,O. ARDANZA BERNAOLA,70.0987%,82.3035%,True,1,CLUB BALONCESTO TOLEDO BASKET,True
COPA ESPAÑA,Play-offs 1/16 Final,BIELE ISB,30,I. MIRANDA GARCIA,63.5402%,18.7798%,False,1,CLUB BALONCESTO TOLEDO BASKET,True
COPA ESPAÑA,Play-offs 1/16 Final,BIELE ISB,25,J. JERMAIN,76.8688%,65.1622%,True,1,CLUB BALONCESTO TOLEDO BASKET,True
COPA ESPAÑA,Play-offs 1/16 Final,BIELE ISB,34,M. SAKHO,86.5303%,49.1552%,True,1,CLUB BALONCESTO TOLEDO BASKET,True
COPA ESPAÑA,Play-offs 1/16 Final,BIELE ISB,8,A. MONCANUT MORE,6.27645%,52.6843%,True,1,CLUB BALONCESTO TOLEDO BASKET,True
COPA ESPAÑA,Play-offs 1/16 Final,BIELE ISB,34,M. SAKHO,91.7489%,50.9198%,True,1,CLUB BALONCESTO TOLEDO BASKET,True
COPA ESPAÑA,Play-offs 1/16 Final,BIELE ISB,50,O. INDA HERNANDEZ,90.1269%,53.6926%,False,1,CLUB BALONCESTO TOLEDO BASKET,True
COPA ESPAÑA,Play-offs 1/16 Final,BIELE ISB,34,M. SAKHO,5.1481%,52.3062%,False,1,CLUB BALONCESTO TOLEDO BASKET,True
COPA ESPAÑA,Play-offs 1/16 Final,BIELE ISB,13,M. OLAIZOLA GARIN,29.3371%,13.2341%,True,1,CLUB BALONCESTO TOLEDO BASKET,True
COPA ESPAÑA,Play-offs 1/16 Final,BIELE ISB,42,A. ACHA CORTABARRIA,68.4062%,19.5361%,True,1,CLUB BALONCESTO TOLEDO BASKET,True
COPA ESPAÑA,Play-offs 1/16 Final,BIELE ISB,14,T. SAGNA,90.8322%,51.4239%,True,1,CLUB BALONCESTO TOLEDO BASKET,True
COPA ESPAÑA,Play-offs 1/16 Final,BIELE ISB,25,J. JERMAIN,34.9083%,30.5015%,False,1,CLUB BALONCESTO TOLEDO BASKET,True
COPA ESPAÑA,Play-offs 1/16 Final,BIELE ISB,13,M. OLAIZOLA GARIN,28.2087%,86.967%,False,1,CLUB BALONCESTO TOLEDO BASKET,True
COPA ESPAÑA,Play-offs 1/16 Final,BIELE ISB,8,A. MONCANUT MORE,77.1509%,40.0804%,False,1,CLUB BALONCESTO TOLEDO BASKET,True
COPA ESPAÑA,Play-offs 1/16 Final,BIELE ISB,25,J. JERMAIN,65.2327%,29.2411%,True,1,CLUB BALONCESTO TOLEDO BASKET,True
COPA ESPAÑA,Play-offs 1/16 Final,BIELE ISB,34,M. SAKHO,88.9281%,73.9849%,True,1,CLUB BALONCESTO TOLEDO BASKET,True
COPA ESPAÑA,Play-offs 1/16 Final,BIELE ISB,8,A. MONCANUT MORE,60.0141%,48.0209%,True,1,CLUB BALONCESTO TOLEDO BASKET,True
COPA ESPAÑA,Play-offs 1/16 Final,BIELE ISB,22,U. BARANDALLA LUQUE,61.9887%,51.2979%,False,1,CLUB BALONCESTO TOLEDO BASKET,True
COPA ESPAÑA,Play-offs 1/16 Final,BIELE ISB,14,T. SAGNA,92.031%,51.676%,True,1,CLUB BALONCESTO TOLEDO BASKET,True
COPA ESPAÑA,Play-offs 1/16 Final,BIELE ISB,25,J. JERMAIN,18.1946%,36.8034%,False,1,CLUB BALONCESTO TOLEDO BASKET,True
COPA ESPAÑA,Play-offs 1/16 Final,BIELE ISB,14,T. SAGNA,90.7616%,51.4239%,True,1,CLUB BALONCESTO TOLEDO BASKET,True
COPA ESPAÑA,Play-offs 1/16 Final,BIELE ISB,14,T. SAGNA,4.5134%,47.2647%,False,1,CLUB BALONCESTO TOLEDO BASKET,True
COPA ESPAÑA,Play-offs 1/16 Final,BIELE ISB,10,O. ARDANZA BERNAOLA,33.4979%,76.1276%,True,1,CLUB BALONCESTO TOLEDO BASKET,True
COPA ESPAÑA,Play-offs 1/16 Final,BIELE ISB,13,M. OLAIZOLA GARIN,66.4316%,80.4129%,False,1,CLUB BALONCESTO TOLEDO BASKET,True
COPA ESPAÑA,Play-offs 1/16 Final,BIELE ISB,42,A. ACHA CORTABARRIA,5.99436%,50.9198%,True,1,CLUB BALONCESTO TOLEDO BASKET,True
COPA ESPAÑA,Play-offs 1/16 Final,BIELE ISB,10,O. ARDANZA BERNAOLA,6.84062%,50.9198%,False,1,CLUB BALONCESTO TOLEDO BASKET,True
COPA ESPAÑA,Play-offs 1/16 Final,BIELE ISB,25,J. JERMAIN,6.41749%,50.4156%,False,1,CLUB BALONCESTO TOLEDO BASKET,True
COPA ESPAÑA,Play-offs 1/16 Final,BIELE ISB,25,J. JERMAIN,90.9732%,51.55%,False,1,CLUB BALONCESTO TOLEDO BASKET,True
COPA ESPAÑA,Play-offs 1/16 Final,BIELE ISB,25,J. JERMAIN,36.1072%,62.1373%,True,1,CLUB BALONCESTO TOLEDO BASKET,True
COPA ESPAÑA,Play-offs 1/16 Final,BIELE ISB,8,A. MONCANUT MORE,23.9774%,50.5417%,False,1,CLUB BALONCESTO TOLEDO BASKET,True
COPA ESPAÑA,Play-offs 1/16 Final,BIELE ISB,50,O. INDA HERNANDEZ,32.6516%,68.5653%,False,1,CLUB BALONCESTO TOLEDO BASKET,True
COPA ESPAÑA,Play-offs 1/16 Final,BIELE ISB,13,M. OLAIZOLA GARIN,7.26375%,55.2051%,False,1,CLUB BALONCESTO TOLEDO BASKET,True
COPA ESPAÑA,Play-offs 1/16 Final,BIELE ISB,50,O. INDA HERNANDEZ,5.92384%,53.6926%,False,1,CLUB BALONCESTO TOLEDO BASKET,True
COPA ESPAÑA,Play-offs 1/16 Final,BIELE ISB,10,O. ARDANZA BERNAOLA,62.976%,20.2923%,False,1,CLUB BALONCESTO TOLEDO BASKET,True
COPA ESPAÑA,Play-offs 1/16 Final,BIELE ISB,30,I. MIRANDA GARCIA,29.8307%,15.7549%,False,1,CLUB BALONCESTO TOLEDO BASKET,True
COPA ESPAÑA,Play-offs 1/16 Final,BIELE ISB,14,T. SAGNA,91.7489%,51.8021%,True,1,CLUB BALONCESTO TOLEDO BASKET,True
COPA ESPAÑA,Play-offs 1/16 Final,BIELE ISB,10,O. ARDANZA BERNAOLA,37.0945%,76.5057%,False,1,CLUB BALONCESTO TOLEDO BASKET,True
COPA ESPAÑA,Play-offs 1/16 Final,BIELE ISB,8,A. MONCANUT MORE,91.1848%,51.4239%,False,1,CLUB BALONCESTO TOLEDO BASKET,True
COPA ESPAÑA,Play-offs 1/16 Final,BIELE ISB,25,J. JERMAIN,73.9069%,49.7854%,True,1,CLUB BALONCESTO TOLEDO BASKET,True
COPA ESPAÑA,Play-offs 1/16 Final,BIELE ISB,22,U. BARANDALLA LUQUE,5.21862%,50.5417%,True,1,CLUB BALONCESTO TOLEDO BASKET,True
COPA ESPAÑA,Play-offs 1/16 Final,CLUB BALONCESTO TOLEDO BASKET,10,V. MORENO MARTIN,3.24401%,48.525%,True,1,BIELE ISB,False
COPA ESPAÑA,Play-offs 1/16 Final,CLUB BALONCESTO TOLEDO BASKET,44,J. JOHNSON,35.543%,70.3298%,False,1,BIELE ISB,False
COPA ESPAÑA,Play-offs 1/16 Final,CLUB BALONCESTO TOLEDO BASKET,1,M. SERRANO ALVAREZ,92.1016%,52.3062%,True,1,BIELE ISB,False
COPA ESPAÑA,Play-offs 1/16 Final,CLUB BALONCESTO TOLEDO BASKET,10,V. MORENO MARTIN,3.94922%,51.0458%,False,1,BIELE ISB,False
COPA ESPAÑA,Play-offs 1/16 Final,CLUB BALONCESTO TOLEDO BASKET,10,V. MORENO MARTIN,4.86601%,54.0708%,False,1,BIELE ISB,False
COPA ESPAÑA,Play-offs 1/16 Final,CLUB BALONCESTO TOLEDO BASKET,13,S. MENDIOLA DIEZ,93.2299%,48.0209%,True,1,BIELE ISB,False
COPA ESPAÑA,Play-offs 1/16 Final,CLUB BALONCESTO TOLEDO BASKET,4,L. GARCIA MUÑOZ,8.3921%,44.8699%,False,1,BIELE ISB,False
COPA ESPAÑA,Play-offs 1/16 Final,CLUB BALONCESTO TOLEDO BASKET,6,V. STEVANIC,6.48801%,50.6677%,True,1,BIELE ISB,False
COPA ESPAÑA,Play-offs 1/16 Final,CLUB BALONCESTO TOLEDO BASKET,88,T. TEIXEIRA DO VALE DIAS,33.8505%,78.6484%,False,1,BIELE ISB,False
COPA ESPAÑA,Play-offs 1/16 Final,CLUB BALONCESTO TOLEDO BASKET,10,V. MORENO MARTIN,32.158%,14.4945%,False,1,BIELE ISB,False
COPA ESPAÑA,Play-offs 1/16 Final,CLUB BALONCESTO TOLEDO BASKET,4,L. GARCIA MUÑOZ,77.0099%,58.8602%,False,1,BIELE ISB,False
COPA ESPAÑA,Play-offs 1/16 Final,CLUB BALONCESTO TOLEDO BASKET,1,M. SERRANO ALVAREZ,93.2299%,50.9198%,True,1,BIELE ISB,False
COPA ESPAÑA,Play-offs 1/16 Final,CLUB BALONCESTO TOLEDO BASKET,44,J. JOHNSON,93.3004%,48.9032%,True,1,BIELE ISB,False
COPA ESPAÑA,Play-offs 1/16 Final,CLUB BALONCESTO TOLEDO BASKET,13,S. MENDIOLA DIEZ,89.4217%,51.676%,False,1,BIELE ISB,False
COPA ESPAÑA,Play-offs 1/16 Final,CLUB BALONCESTO TOLEDO BASKET,4,L. GARCIA MUÑOZ,7.33427%,53.4406%,False,1,BIELE ISB,False
COPA ESPAÑA,Play-offs 1/16 Final,CLUB BALONCESTO TOLEDO BASKET,13,S. MENDIOLA DIEZ,88.0818%,53.6926%,False,1,BIELE ISB,False
COPA ESPAÑA,Play-offs 1/16 Final,CLUB BALONCESTO TOLEDO BASKET,44,J. JOHNSON,20.0987%,62.0112%,False,1,BIELE ISB,False
COPA ESPAÑA,Play-offs 1/16 Final,CLUB BALONCESTO TOLEDO BASKET,10,V. MORENO MARTIN,32.0874%,23.9474%,True,1,BIELE ISB,False
COPA ESPAÑA,Play-offs 1/16 Final,CLUB BALONCESTO TOLEDO BASKET,3,I. ALVAREZ FERNANDEZ,35.9662%,79.9088%,False,1,BIELE ISB,False
COPA ESPAÑA,Play-offs 1/16 Final,CLUB BALONCESTO TOLEDO BASKET,13,S. MENDIOLA DIEZ,3.66714%,47.7688%,True,1,BIELE ISB,False
COPA ESPAÑA,Play-offs 1/16 Final,CLUB BALONCESTO TOLEDO BASKET,4,L. GARCIA MUÑOZ,10.8604%,57.0957%,False,1,BIELE ISB,False
COPA ESPAÑA,Play-offs 1/16 Final,CLUB BALONCESTO TOLEDO BASKET,4,L. GARCIA MUÑOZ,61.9182%,78.6484%,False,1,BIELE ISB,False
COPA ESPAÑA,Play-offs 1/16 Final,CLUB BALONCESTO TOLEDO BASKET,6,V. STEVANIC,88.0818%,52.1802%,True,1,BIELE ISB,False
COPA ESPAÑA,Play-offs 1/16 Final,CLUB BALONCESTO TOLEDO BASKET,6,V. STEVANIC,79.2666%,68.6913%,True,1,BIELE ISB,False
COPA ESPAÑA,Play-offs 1/16 Final,CLUB BALONCESTO TOLEDO BASKET,3,I. ALVAREZ FERNANDEZ,9.52045%,50.5417%,False,1,BIELE ISB,False
COPA ESPAÑA,Play-offs 1/16 Final,CLUB BALONCESTO TOLEDO BASKET,3,I. ALVAREZ FERNANDEZ,87.024%,52.3062%,False,1,BIELE ISB,False
COPA ESPAÑA,Play-offs 1/16 Final,CLUB BALONCESTO TOLEDO BASKET,12,G. VILLAREJO COSTA,5.57123%,51.1719%,False,1,BIELE ISB,False
COPA ESPAÑA,Play-offs 1/16 Final,CLUB BALONCESTO TOLEDO BASKET,3,I. ALVAREZ FERNANDEZ,31.8759%,76.8838%,True,1,BIELE ISB,False
COPA ESPAÑA,Play-offs 1/16 Final,CLUB BALONCESTO TOLEDO BASKET,6,V. STEVANIC,6.20592%,48.0209%,True,1,BIELE ISB,False
COPA ESPAÑA,Play-offs 1/16 Final,CLUB BALONCESTO TOLEDO BASKET,13,S. MENDIOLA DIEZ,85.4725%,64.7841%,True,1,BIELE ISB,False
COPA ESPAÑA,Play-offs 1/16 Final,CLUB BALONCESTO TOLEDO BASKET,88,T. TEIXEIRA DO VALE DIAS,6.55853%,52.0541%,False,1,BIELE ISB,False
COPA ESPAÑA,Play-offs 1/16 Final,CLUB BALONCESTO TOLEDO BASKET,4,L. GARCIA MUÑOZ,36.8829%,30.1233%,False,1,BIELE ISB,False
COPA ESPAÑA,Play-offs 1/16 Final,CLUB BALONCESTO TOLEDO BASKET,1,M. SERRANO ALVAREZ,91.7489%,51.8021%,True,1,BIELE ISB,False
COPA ESPAÑA,Play-offs 1/16 Final,CLUB BALONCESTO TOLEDO BASKET,1,M. SERRANO ALVAREZ,6.91114%,52.1802%,False,1,BIELE ISB,False
COPA ESPAÑA,Play-offs 1/16 Final,CLUB BALONCESTO TOLEDO BASKET,13,S. MENDIOLA DIEZ,6.91114%,50.7937%,False,1,BIELE ISB,False
COPA ESPAÑA,Play-offs 1/16 Final,CLUB BALONCESTO TOLEDO BASKET,7,J. LAFUENTE VELAZQUEZ,94.1467%,52.1802%,True,1,BIELE ISB,False
COPA ESPAÑA,Play-offs 1/16 Final,CLUB BALONCESTO TOLEDO BASKET,7,J. LAFUENTE VELAZQUEZ,8.95628%,48.6511%,False,1,BIELE ISB,False
COPA ESPAÑA,Play-offs 1/16 Final,CLUB BALONCESTO TOLEDO BASKET,44,J. JOHNSON,59.8731%,41.3408%,False,1,BIELE ISB,False
COPA ESPAÑA,Play-offs 1/16 Final,CLUB BALONCESTO TOLEDO BASKET,44,J. JOHNSON,59.6615%,68.1871%,False,1,BIELE ISB,False
COPA ESPAÑA,Play-offs 1/16 Final,CLUB BALONCESTO TOLEDO BASKET,6,V. STEVANIC,7.54584%,49.2813%,True,1,BIELE ISB,False
COPA ESPAÑA,Play-offs 1/16 Final,CLUB BALONCESTO TOLEDO BASKET,6,V. STEVANIC,69.323%,19.9142%,False,1,BIELE ISB,False
COPA ESPAÑA,Play-offs 1/16 Final,CLUB BALONCESTO TOLEDO BASKET,88,T. TEIXEIRA DO VALE DIAS,91.2553%,49.1552%,True,1,BIELE ISB,False
COPA ESPAÑA,Play-offs 1/16 Final,CLUB BALONCESTO TOLEDO BASKET,3,I. ALVAREZ FERNANDEZ,89.9154%,53.0624%,True,1,BIELE ISB,False
COPA ESPAÑA,Play-offs 1/16 Final,CLUB BALONCESTO TOLEDO BASKET,88,T. TEIXEIRA DO VALE DIAS,92.5952%,53.0624%,True,1,BIELE ISB,False
COPA ESPAÑA,Play-offs 1/16 Final,CLUB BALONCESTO TOLEDO BASKET,3,I. ALVAREZ FERNANDEZ,26.6573%,89.7398%,False,1,BIELE ISB,False
COPA ESPAÑA,Play-offs 1/16 Final,CLUB BALONCESTO TOLEDO BASKET,13,S. MENDIOLA DIEZ,8.74471%,55.3312%,False,1,BIELE ISB,False
COPA ESPAÑA,Play-offs 1/16 Final,CLUB BALONCESTO TOLEDO BASKET,3,I. ALVAREZ FERNANDEZ,34.2031%,24.1995%,False,1,BIELE ISB,False
COPA ESPAÑA,Play-offs 1/16 Final,CLUB BALONCESTO TOLEDO BASKET,7,J. LAFUENTE VELAZQUEZ,91.8195%,50.0375%,True,1,BIELE ISB,False
COPA ESPAÑA,Play-offs 1/16 Final,CLUB BALONCESTO TOLEDO BASKET,10,V. MORENO MARTIN,20.0987%,51.676%,False,1,BIELE ISB,False
COPA ESPAÑA,Play-offs 1/16 Final,CLUB BALONCESTO TOLEDO BASKET,13,S. MENDIOLA DIEZ,89.9859%,50.7937%,True,1,BIELE ISB,False
COPA ESPAÑA,Play-offs 1/16 Final,CLUB BALONCESTO TOLEDO BASKET,10,V. MORENO MARTIN,36.2482%,38.82%,True,1,BIELE ISB,False
COPA ESPAÑA,Play-offs 1/16 Final,CLUB BALONCESTO TOLEDO BASKET,44,J. JOHNSON,92.7363%,49.1552%,True,1,BIELE ISB,False
COPA ESPAÑA,Play-offs 1/16 Final,CLUB BALONCESTO TOLEDO BASKET,12,G. VILLAREJO COSTA,33.2158%,29.4931%,False,1,BIELE ISB,False
COPA ESPAÑA,Play-offs 1/16 Final,CLUB BALONCESTO TOLEDO BASKET,13,S. MENDIOLA DIEZ,75.952%,65.1622%,True,1,BIELE ISB,False
COPA ESPAÑA,Play-offs 1/16 Final,C.B. STARLABS MORÓN,13,A. MARIN ORTEGA,6.55853%,49.9115%,True,1,COTO CÓRDOBA CB,True
COPA ESPAÑA,Play-offs 1/16 Final,C.B. STARLABS MORÓN,27,A. BURGOS CABALLERO,94.7814%,51.2979%,True,1,COTO CÓRDOBA CB,True
COPA ESPAÑA,Play-offs 1/16 Final,C.B. STARLABS MORÓN,7,J. JIMÉNEZ GONZÁLEZ,5.21862%,52.1802%,True,1,COTO CÓRDOBA CB,True
COPA ESPAÑA,Play-offs 1/16 Final,C.B. STARLABS MORÓN,7,J. JIMÉNEZ GONZÁLEZ,68.9704%,23.4433%,False,1,COTO CÓRDOBA CB,True
COPA ESPAÑA,Play-offs 1/16 Final,C.B. STARLABS MORÓN,85,S. CORREIA,96.2623%,50.2896%,True,1,COTO CÓRDOBA CB,True
COPA ESPAÑA,Play-offs 1/16 Final,C.B. STARLABS MORÓN,7,J. JIMÉNEZ GONZÁLEZ,71.4386%,20.7964%,True,1,COTO CÓRDOBA CB,True
COPA ESPAÑA,Play-offs 1/16 Final,C.B. STARLABS MORÓN,85,S. CORREIA,8.03949%,59.4904%,True,1,COTO CÓRDOBA CB,True
COPA ESPAÑA,Play-offs 1/16 Final,C.B. STARLABS MORÓN,10,A. HERRERA DOMINGUEZ,94.4288%,48.525%,False,1,COTO CÓRDOBA CB,True
COPA ESPAÑA,Play-offs 1/16 Final,C.B. STARLABS MORÓN,7,J. JIMÉNEZ GONZÁLEZ,71.3681%,78.0182%,True,1,COTO CÓRDOBA CB,True
COPA ESPAÑA,Play-offs 1/16 Final,C.B. STARLABS MORÓN,27,A. BURGOS CABALLERO,73.6248%,14.1164%,False,1,COTO CÓRDOBA CB,True
COPA ESPAÑA,Play-offs 1/16 Final,C.B. STARLABS MORÓN,7,J. JIMÉNEZ GONZÁLEZ,32.0874%,28.6109%,False,1,COTO CÓRDOBA CB,True
COPA ESPAÑA,Play-offs 1/16 Final,C.B. STARLABS MORÓN,23,S. CHABI YO,18.6883%,75.1193%,False,1,COTO CÓRDOBA CB,True
COPA ESPAÑA,Play-offs 1/16 Final,C.B. STARLABS MORÓN,0,Z. WILLIAMS,8.11001%,48.7771%,False,1,COTO CÓRDOBA CB,True
COPA ESPAÑA,Play-offs 1/16 Final,C.B. STARLABS MORÓN,27,A. BURGOS CABALLERO,70.7334%,79.6567%,True,1,COTO CÓRDOBA CB,True
COPA ESPAÑA,Play-offs 1/16 Final,C.B. STARLABS MORÓN,8,G. FERNANDEZ DIAZ,7.75741%,49.4073%,False,1,COTO CÓRDOBA CB,True
COPA ESPAÑA,Play-offs 1/16 Final,C.B. STARLABS MORÓN,7,J. JIMÉNEZ GONZÁLEZ,71.0155%,15.7549%,True,1,COTO CÓRDOBA CB,True
COPA ESPAÑA,Play-offs 1/16 Final,C.B. STARLABS MORÓN,27,A. BURGOS CABALLERO,68.9704%,23.4433%,True,1,COTO CÓRDOBA CB,True
COPA ESPAÑA,Play-offs 1/16 Final,C.B. STARLABS MORÓN,13,A. MARIN ORTEGA,12.835%,75.3714%,False,1,COTO CÓRDOBA CB,True
COPA ESPAÑA,Play-offs 1/16 Final,C.B. STARLABS MORÓN,23,S. CHABI YO,23.6953%,93.7731%,False,1,COTO CÓRDOBA CB,True
COPA ESPAÑA,Play-offs 1/16 Final,C.B. STARLABS MORÓN,10,A. HERRERA DOMINGUEZ,4.79549%,53.4406%,True,1,COTO CÓRDOBA CB,True
COPA ESPAÑA,Play-offs 1/16 Final,C.B. STARLABS MORÓN,13,A. MARIN ORTEGA,69.464%,77.262%,True,1,COTO CÓRDOBA CB,True
COPA ESPAÑA,Play-offs 1/16 Final,C.B. STARLABS MORÓN,85,S. CORREIA,5.1481%,53.9447%,True,1,COTO CÓRDOBA CB,True
COPA ESPAÑA,Play-offs 1/16 Final,C.B. STARLABS MORÓN,27,A. BURGOS CABALLERO,25.0353%,10.7133%,False,1,COTO CÓRDOBA CB,True
COPA ESPAÑA,Play-offs 1/16 Final,C.B. STARLABS MORÓN,27,A. BURGOS CABALLERO,10.5783%,24.8297%,False,1,COTO CÓRDOBA CB,True
COPA ESPAÑA,Play-offs 1/16 Final,C.B. STARLABS MORÓN,0,Z. WILLIAMS,32.8632%,74.9932%,False,1,COTO CÓRDOBA CB,True
COPA ESPAÑA,Play-offs 1/16 Final,C.B. STARLABS MORÓN,45,V. ORLOV STURMAN MAURIN,7.19323%,52.3062%,True,1,COTO CÓRDOBA CB,True
COPA ESPAÑA,Play-offs 1/16 Final,C.B. STARLABS MORÓN,7,J. JIMÉNEZ GONZÁLEZ,5.71227%,51.9281%,True,1,COTO CÓRDOBA CB,True
COPA ESPAÑA,Play-offs 1/16 Final,C.B. STARLABS MORÓN,23,S. CHABI YO,18.1241%,74.9932%,True,1,COTO CÓRDOBA CB,True
COPA ESPAÑA,Play-offs 1/16 Final,C.B. STARLABS MORÓN,23,S. CHABI YO,76.2341%,49.6594%,False,1,COTO CÓRDOBA CB,True
COPA ESPAÑA,Play-offs 1/16 Final,C.B. STARLABS MORÓN,13,A. MARIN ORTEGA,69.464%,78.3963%,False,1,COTO CÓRDOBA CB,True
COPA ESPAÑA,Play-offs 1/16 Final,C.B. STARLABS MORÓN,0,Z. WILLIAMS,93.0889%,51.1719%,False,1,COTO CÓRDOBA CB,True
COPA ESPAÑA,Play-offs 1/16 Final,C.B. STARLABS MORÓN,27,A. BURGOS CABALLERO,69.3935%,27.8546%,True,1,COTO CÓRDOBA CB,True
COPA ESPAÑA,Play-offs 1/16 Final,C.B. STARLABS MORÓN,0,Z. WILLIAMS,10.6488%,94.1512%,False,1,COTO CÓRDOBA CB,True
COPA ESPAÑA,Play-offs 1/16 Final,C.B. STARLABS MORÓN,0,Z. WILLIAMS,96.2623%,49.0292%,False,1,COTO CÓRDOBA CB,True
COPA ESPAÑA,Play-offs 1/16 Final,C.B. STARLABS MORÓN,23,S. CHABI YO,9.23836%,48.0209%,True,1,COTO CÓRDOBA CB,True
COPA ESPAÑA,Play-offs 1/16 Final,C.B. STARLABS MORÓN,27,A. BURGOS CABALLERO,94.9929%,50.7937%,True,1,COTO CÓRDOBA CB,True
COPA ESPAÑA,Play-offs 1/16 Final,C.B. STARLABS MORÓN,13,A. MARIN ORTEGA,32.5106%,21.5527%,False,1,COTO CÓRDOBA CB,True
COPA ESPAÑA,Play-offs 1/16 Final,C.B. STARLABS MORÓN,13,A. MARIN ORTEGA,33.6389%,30.8796%,False,1,COTO CÓRDOBA CB,True
COPA ESPAÑA,Play-offs 1/16 Final,C.B. STARLABS MORÓN,7,J. JIMÉNEZ GONZÁLEZ,67.9126%,83.0598%,False,1,COTO CÓRDOBA CB,True
COPA ESPAÑA,Play-offs 1/16 Final,C.B. STARLABS MORÓN,27,A. BURGOS CABALLERO,91.2553%,94.1512%,False,1,COTO CÓRDOBA CB,True
COPA ESPAÑA,Play-offs 1/16 Final,C.B. STARLABS MORÓN,13,A. MARIN ORTEGA,72.3554%,19.0319%,False,1,COTO CÓRDOBA CB,True
COPA ESPAÑA,Play-offs 1/16 Final,C.B. STARLABS MORÓN,85,S. CORREIA,11.4245%,49.7854%,True,1,COTO CÓRDOBA CB,True
COPA ESPAÑA,Play-offs 1/16 Final,C.B. STARLABS MORÓN,85,S. CORREIA,68.8999%,28.4848%,False,1,COTO CÓRDOBA CB,True
COPA ESPAÑA,Play-offs 1/16 Final,C.B. STARLABS MORÓN,13,A. MARIN ORTEGA,96.615%,50.0375%,False,1,COTO CÓRDOBA CB,True
COPA ESPAÑA,Play-offs 1/16 Final,C.B. STARLABS MORÓN,8,G. FERNANDEZ DIAZ,94.0056%,51.8021%,True,1,COTO CÓRDOBA CB,True
COPA ESPAÑA,Play-offs 1/16 Final,C.B. STARLABS MORÓN,85,S. CORREIA,12.835%,75.3714%,True,1,COTO CÓRDOBA CB,True
COPA ESPAÑA,Play-offs 1/16 Final,C.B. STARLABS MORÓN,45,V. ORLOV STURMAN MAURIN,17.5599%,23.1912%,False,1,COTO CÓRDOBA CB,True
COPA ESPAÑA,Play-offs 1/16 Final,C.B. STARLABS MORÓN,13,A. MARIN ORTEGA,4.65444%,50.1636%,True,1,COTO CÓRDOBA CB,True
COPA ESPAÑA,Play-offs 1/16 Final,C.B. STARLABS MORÓN,7,J. JIMÉNEZ GONZÁLEZ,70.3103%,77.262%,False,1,COTO CÓRDOBA CB,True
COPA ESPAÑA,Play-offs 1/16 Final,C.B. STARLABS MORÓN,0,Z. WILLIAMS,30.3244%,79.4046%,False,1,COTO CÓRDOBA CB,True
COPA ESPAÑA,Play-offs 1/16 Final,C.B. STARLABS MORÓN,13,A. MARIN ORTEGA,92.3836%,50.6677%,False,1,COTO CÓRDOBA CB,True
COPA ESPAÑA,Play-offs 1/16 Final,C.B. STARLABS MORÓN,23,S. CHABI YO,6.84062%,51.1719%,True,1,COTO CÓRDOBA CB,True
COPA ESPAÑA,Play-offs 1/16 Final,C.B. STARLABS MORÓN,0,Z. WILLIAMS,96.1918%,49.1552%,True,1,COTO CÓRDOBA CB,True
COPA ESPAÑA,Play-offs 1/16 Final,C.B. STARLABS MORÓN,27,A. BURGOS CABALLERO,30.2539%,78.0182%,True,1,COTO CÓRDOBA CB,True
COPA ESPAÑA,Play-offs 1/16 Final,C.B. STARLABS MORÓN,7,J. JIMÉNEZ GONZÁLEZ,85.8956%,26.3422%,True,1,COTO CÓRDOBA CB,True
COPA ESPAÑA,Play-offs 1/16 Final,C.B. STARLABS MORÓN,0,Z. WILLIAMS,95.0635%,51.676%,True,1,COTO CÓRDOBA CB,True
COPA ESPAÑA,Play-offs 1/16 Final,C.B. STARLABS MORÓN,7,J. JIMÉNEZ GONZÁLEZ,70.5219%,83.4379%,True,1,COTO CÓRDOBA CB,True
COPA ESPAÑA,Play-offs 1/16 Final,C.B. STARLABS MORÓN,0,Z. WILLIAMS,71.7207%,18.5277%,True,1,COTO CÓRDOBA CB,True
COPA ESPAÑA,Play-offs 1/16 Final,C.B. STARLABS MORÓN,23,S. CHABI YO,91.9605%,5.92384%,False,1,COTO CÓRDOBA CB,True
COPA ESPAÑA,Play-offs 1/16 Final,C.B. STARLABS MORÓN,85,S. CORREIA,11.4245%,54.953%,False,1,COTO CÓRDOBA CB,True
COPA ESPAÑA,Play-offs 1/16 Final,C.B. STARLABS MORÓN,0,Z. WILLIAMS,6.91114%,50.6677%,False,1,COTO CÓRDOBA CB,True
COPA ESPAÑA,Play-offs 1/16 Final,C.B. STARLABS MORÓN,85,S. CORREIA,11.354%,95.7897%,True,1,COTO CÓRDOBA CB,True
COPA ESPAÑA,Play-offs 1/16 Final,C.B. STARLABS MORÓN,27,A. BURGOS CABALLERO,71.9323%,18.6538%,True,1,COTO CÓRDOBA CB,True
COPA ESPAÑA,Play-offs 1/16 Final,C.B. STARLABS MORÓN,27,A. BURGOS CABALLERO,11.354%,95.7897%,False,1,COTO CÓRDOBA CB,True
COPA ESPAÑA,Play-offs 1/16 Final,C.B. STARLABS MORÓN,0,Z. WILLIAMS,95.5571%,50.5417%,True,1,COTO CÓRDOBA CB,True
COPA ESPAÑA,Play-offs 1/16 Final,C.B. STARLABS MORÓN,7,J. JIMÉNEZ GONZÁLEZ,9.59097%,93.647%,True,1,COTO CÓRDOBA CB,True
COPA ESPAÑA,Play-offs 1/16 Final,C.B. STARLABS MORÓN,0,Z. WILLIAMS,4.93653%,52.9364%,True,1,COTO CÓRDOBA CB,True
COPA ESPAÑA,Play-offs 1/16 Final,COTO CÓRDOBA CB,4,J. BLACK,4.79549%,49.2813%,True,1,C.B. STARLABS MORÓN,False
COPA ESPAÑA,Play-offs 1/16 Final,COTO CÓRDOBA CB,10,G. OROZCO DOMINGUEZ,95.0635%,51.2979%,True,1,C.B. STARLABS MORÓN,False
COPA ESPAÑA,Play-offs 1/16 Final,COTO CÓRDOBA CB,4,J. BLACK,84.3441%,28.7369%,False,1,C.B. STARLABS MORÓN,False
COPA ESPAÑA,Play-offs 1/16 Final,COTO CÓRDOBA CB,8,S. NDIAYE,88.5755%,18.2757%,False,1,C.B. STARLABS MORÓN,False
COPA ESPAÑA,Play-offs 1/16 Final,COTO CÓRDOBA CB,35,J. SIENCHE GUEMETA,8.53315%,51.55%,True,1,C.B. STARLABS MORÓN,False
COPA ESPAÑA,Play-offs 1/16 Final,COTO CÓRDOBA CB,35,J. SIENCHE GUEMETA,23.4838%,9.95709%,False,1,C.B. STARLABS MORÓN,False
COPA ESPAÑA,Play-offs 1/16 Final,COTO CÓRDOBA CB,27,F. BELLO MOURE,87.3766%,5.29364%,True,1,C.B. STARLABS MORÓN,False
COPA ESPAÑA,Play-offs 1/16 Final,COTO CÓRDOBA CB,27,F. BELLO MOURE,94.6403%,51.1719%,False,1,C.B. STARLABS MORÓN,False
COPA ESPAÑA,Play-offs 1/16 Final,COTO CÓRDOBA CB,7,A. RODRIGUEZ AGUILAR,92.2426%,51.8021%,True,1,C.B. STARLABS MORÓN,False
COPA ESPAÑA,Play-offs 1/16 Final,COTO CÓRDOBA CB,1,L. SORENSEN,96.2623%,50.5417%,False,1,C.B. STARLABS MORÓN,False
COPA ESPAÑA,Play-offs 1/16 Final,COTO CÓRDOBA CB,35,J. SIENCHE GUEMETA,29.055%,18.5277%,True,1,C.B. STARLABS MORÓN,False
COPA ESPAÑA,Play-offs 1/16 Final,COTO CÓRDOBA CB,35,J. SIENCHE GUEMETA,28.7024%,87.219%,False,1,C.B. STARLABS MORÓN,False
COPA ESPAÑA,Play-offs 1/16 Final,COTO CÓRDOBA CB,4,J. BLACK,9.44993%,50.0375%,False,1,C.B. STARLABS MORÓN,False
COPA ESPAÑA,Play-offs 1/16 Final,COTO CÓRDOBA CB,1,L. SORENSEN,8.3921%,53.3145%,True,1,C.B. STARLABS MORÓN,False
COPA ESPAÑA,Play-offs 1/16 Final,COTO CÓRDOBA CB,16,P. SANCHEZ INFANTES,12.1298%,28.7369%,True,1,C.B. STARLABS MORÓN,False
COPA ESPAÑA,Play-offs 1/16 Final,COTO CÓRDOBA CB,4,J. BLACK,71.1566%,83.3118%,False,1,C.B. STARLABS MORÓN,False
COPA ESPAÑA,Play-offs 1/16 Final,COTO CÓRDOBA CB,4,J. BLACK,33.7094%,73.7329%,False,1,C.B. STARLABS MORÓN,False
COPA ESPAÑA,Play-offs 1/16 Final,COTO CÓRDOBA CB,7,A. RODRIGUEZ AGUILAR,30.4654%,84.4462%,False,1,C.B. STARLABS MORÓN,False
COPA ESPAÑA,Play-offs 1/16 Final,COTO CÓRDOBA CB,15,K. SCHUTTE,4.30183%,51.9281%,True,1,C.B. STARLABS MORÓN,False
COPA ESPAÑA,Play-offs 1/16 Final,COTO CÓRDOBA CB,15,K. SCHUTTE,7.75741%,51.8021%,True,1,C.B. STARLABS MORÓN,False
COPA ESPAÑA,Play-offs 1/16 Final,COTO CÓRDOBA CB,4,J. BLACK,83.921%,26.5942%,False,1,C.B. STARLABS MORÓN,False
COPA ESPAÑA,Play-offs 1/16 Final,COTO CÓRDOBA CB,16,P. SANCHEZ INFANTES,75.5289%,9.45293%,True,1,C.B. STARLABS MORÓN,False
COPA ESPAÑA,Play-offs 1/16 Final,COTO CÓRDOBA CB,35,J. SIENCHE GUEMETA,10.5783%,48.6511%,False,1,C.B. STARLABS MORÓN,False
COPA ESPAÑA,Play-offs 1/16 Final,COTO CÓRDOBA CB,8,S. NDIAYE,93.0889%,53.0624%,True,1,C.B. STARLABS MORÓN,False
COPA ESPAÑA,Play-offs 1/16 Final,COTO CÓRDOBA CB,17,N. SAGNIA,75.952%,53.8187%,True,1,C.B. STARLABS MORÓN,False
COPA ESPAÑA,Play-offs 1/16 Final,COTO CÓRDOBA CB,16,P. SANCHEZ INFANTES,94.6403%,50.4156%,False,1,C.B. STARLABS MORÓN,False
COPA ESPAÑA,Play-offs 1/16 Final,COTO CÓRDOBA CB,1,L. SORENSEN,94.7109%,52.4323%,True,1,C.B. STARLABS MORÓN,False
COPA ESPAÑA,Play-offs 1/16 Final,COTO CÓRDOBA CB,4,J. BLACK,34.1326%,28.7369%,False,1,C.B. STARLABS MORÓN,False
COPA ESPAÑA,Play-offs 1/16 Final,COTO CÓRDOBA CB,8,S. NDIAYE,94.9224%,51.2979%,True,1,C.B. STARLABS MORÓN,False
COPA ESPAÑA,Play-offs 1/16 Final,COTO CÓRDOBA CB,4,J. BLACK,25.5994%,85.9586%,False,1,C.B. STARLABS MORÓN,False
COPA ESPAÑA,Play-offs 1/16 Final,COTO CÓRDOBA CB,10,G. OROZCO DOMINGUEZ,11.7066%,55.5832%,False,1,C.B. STARLABS MORÓN,False
COPA ESPAÑA,Play-offs 1/16 Final,COTO CÓRDOBA CB,35,J. SIENCHE GUEMETA,28.2793%,15.5028%,True,1,C.B. STARLABS MORÓN,False
COPA ESPAÑA,Play-offs 1/16 Final,COTO CÓRDOBA CB,35,J. SIENCHE GUEMETA,95.4866%,51.0458%,False,1,C.B. STARLABS MORÓN,False
COPA ESPAÑA,Play-offs 1/16 Final,COTO CÓRDOBA CB,16,P. SANCHEZ INFANTES,91.1848%,52.9364%,True,1,C.B. STARLABS MORÓN,False
COPA ESPAÑA,Play-offs 1/16 Final,COTO CÓRDOBA CB,27,F. BELLO MOURE,95.2045%,50.1636%,True,1,C.B. STARLABS MORÓN,False
COPA ESPAÑA,Play-offs 1/16 Final,COTO CÓRDOBA CB,4,J. BLACK,95.7687%,50.5417%,True,1,C.B. STARLABS MORÓN,False
COPA ESPAÑA,Play-offs 1/16 Final,COTO CÓRDOBA CB,35,J. SIENCHE GUEMETA,29.4076%,84.9503%,False,1,C.B. STARLABS MORÓN,False
COPA ESPAÑA,Play-offs 1/16 Final,COTO CÓRDOBA CB,4,J. BLACK,31.1707%,20.9225%,False,1,C.B. STARLABS MORÓN,False
COPA ESPAÑA,Play-offs 1/16 Final,COTO CÓRDOBA CB,7,A. RODRIGUEZ AGUILAR,70.3103%,87.093%,False,1,C.B. STARLABS MORÓN,False
COPA ESPAÑA,Play-offs 1/16 Final,COTO CÓRDOBA CB,15,K. SCHUTTE,7.68688%,51.9281%,False,1,C.B. STARLABS MORÓN,False
COPA ESPAÑA,Play-offs 1/16 Final,COTO CÓRDOBA CB,17,N. SAGNIA,83.921%,26.5942%,True,1,C.B. STARLABS MORÓN,False
COPA ESPAÑA,Play-offs 1/16 Final,COTO CÓRDOBA CB,15,K. SCHUTTE,94.6403%,50.4156%,True,1,C.B. STARLABS MORÓN,False
COPA ESPAÑA,Play-offs 1/16 Final,COTO CÓRDOBA CB,16,P. SANCHEZ INFANTES,29.1961%,17.3934%,True,1,C.B. STARLABS MORÓN,False
COPA ESPAÑA,Play-offs 1/16 Final,COTO CÓRDOBA CB,35,J. SIENCHE GUEMETA,70.7334%,79.7827%,False,1,C.B. STARLABS MORÓN,False
COPA ESPAÑA,Play-offs 1/16 Final,COTO CÓRDOBA CB,35,J. SIENCHE GUEMETA,30.6065%,83.0598%,True,1,C.B. STARLABS MORÓN,False
COPA ESPAÑA,Play-offs 1/16 Final,COTO CÓRDOBA CB,27,F. BELLO MOURE,31.5233%,82.4296%,False,1,C.B. STARLABS MORÓN,False
COPA ESPAÑA,Play-offs 1/16 Final,COTO CÓRDOBA CB,8,S. NDIAYE,94.2172%,50.0375%,False,1,C.B. STARLABS MORÓN,False
COPA ESPAÑA,Play-offs 1/16 Final,COTO CÓRDOBA CB,15,K. SCHUTTE,6.27645%,53.3145%,False,1,C.B. STARLABS MORÓN,False
COPA ESPAÑA,Play-offs 1/16 Final,COTO CÓRDOBA CB,7,A. RODRIGUEZ AGUILAR,70.0282%,23.4433%,True,1,C.B. STARLABS MORÓN,False
COPA ESPAÑA,Play-offs 1/16 Final,COTO CÓRDOBA CB,35,J. SIENCHE GUEMETA,95.134%,52.6843%,False,1,C.B. STARLABS MORÓN,False
COPA ESPAÑA,Play-offs 1/16 Final,COTO CÓRDOBA CB,15,K. SCHUTTE,94.8519%,50.1636%,True,1,C.B. STARLABS MORÓN,False
COPA ESPAÑA,Play-offs 1/16 Final,COTO CÓRDOBA CB,17,N. SAGNIA,80.536%,75.4974%,False,1,C.B. STARLABS MORÓN,False
COPA ESPAÑA,Play-offs 1/16 Final,COTO CÓRDOBA CB,15,K. SCHUTTE,7.68688%,51.9281%,True,1,C.B. STARLABS MORÓN,False
COPA ESPAÑA,Play-offs 1/16 Final,COTO CÓRDOBA CB,27,F. BELLO MOURE,77.574%,9.32689%,True,1,C.B. STARLABS MORÓN,False
COPA ESPAÑA,Play-offs 1/16 Final,COTO CÓRDOBA CB,15,K. SCHUTTE,95.4866%,51.0458%,True,1,C.B. STARLABS MORÓN,False
COPA ESPAÑA,Play-offs 1/16 Final,COTO CÓRDOBA CB,7,A. RODRIGUEZ AGUILAR,16.4316%,78.6484%,True,1,C.B. STARLABS MORÓN,False
COPA ESPAÑA,Play-offs 1/16 Final,COTO CÓRDOBA CB,4,J. BLACK,72.8491%,82.1775%,False,1,C.B. STARLABS MORÓN,False
COPA ESPAÑA,Play-offs 1/16 Final,COTO CÓRDOBA CB,7,A. RODRIGUEZ AGUILAR,9.30889%,50.1636%,True,1,C.B. STARLABS MORÓN,False
COPA ESPAÑA,Play-offs 1/16 Final,COTO CÓRDOBA CB,15,K. SCHUTTE,95.4866%,51.2979%,False,1,C.B. STARLABS MORÓN,False
COPA ESPAÑA,Play-offs 1/16 Final,COTO CÓRDOBA CB,16,P. SANCHEZ INFANTES,25.67%,90.4961%,False,1,C.B. STARLABS MORÓN,False
COPA ESPAÑA,Play-offs 1/16 Final,COTO CÓRDOBA CB,16,P. SANCHEZ INFANTES,94.0762%,49.6594%,True,1,C.B. STARLABS MORÓN,False
COPA ESPAÑA,Play-offs 1/16 Final,COTO CÓRDOBA CB,8,S. NDIAYE,5.28914%,51.8021%,True,1,C.B. STARLABS MORÓN,False
COPA ESPAÑA,Play-offs 1/16 Final,COTO CÓRDOBA CB,27,F. BELLO MOURE,95.2045%,50.1636%,False,1,C.B. STARLABS MORÓN,False
COPA ESPAÑA,Play-offs 1/16 Final,COTO CÓRDOBA CB,16,P. SANCHEZ INFANTES,94.1467%,51.676%,True,1,C.B. STARLABS MORÓN,False
COPA ESPAÑA,Play-offs 1/16 Final,CULTURAL Y DEPORTIVA LEONESA,13,A. DOMINGUEZ ESPELT,10.8604%,95.1595%,True,1,PROINBENI UPB GANDIA,True
COPA ESPAÑA,Play-offs 1/16 Final,CULTURAL Y DEPORTIVA LEONESA,11,D. CEBOLLA PORCAR,29.055%,82.1775%,False,1,PROINBENI UPB GANDIA,True
COPA ESPAÑA,Play-offs 1/16 Final,CULTURAL Y DEPORTIVA LEONESA,13,A. DOMINGUEZ ESPELT,88.8575%,56.2134%,True,1,PROINBENI UPB GANDIA,True
COPA ESPAÑA,Play-offs 1/16 Final,CULTURAL Y DEPORTIVA LEONESA,0,M. DENG,91.1848%,55.0791%,True,1,PROINBENI UPB GANDIA,True
COPA ESPAÑA,Play-offs 1/16 Final,CULTURAL Y DEPORTIVA LEONESA,0,M. DENG,68.7588%,80.791%,False,1,PROINBENI UPB GANDIA,True
COPA ESPAÑA,Play-offs 1/16 Final,CULTURAL Y DEPORTIVA LEONESA,33,R. LLAMAS MARTINEZ,88.3639%,93.2689%,False,1,PROINBENI UPB GANDIA,True
COPA ESPAÑA,Play-offs 1/16 Final,CULTURAL Y DEPORTIVA LEONESA,5,D. HAYMAN,12.6234%,43.6095%,False,1,PROINBENI UPB GANDIA,True
COPA ESPAÑA,Play-offs 1/16 Final,CULTURAL Y DEPORTIVA LEONESA,17,M. AMADASUN,10.3667%,53.6926%,True,1,PROINBENI UPB GANDIA,True
COPA ESPAÑA,Play-offs 1/16 Final,CULTURAL Y DEPORTIVA LEONESA,11,D. CEBOLLA PORCAR,83.78%,57.2217%,False,1,PROINBENI UPB GANDIA,True
COPA ESPAÑA,Play-offs 1/16 Final,CULTURAL Y DEPORTIVA LEONESA,33,R. LLAMAS MARTINEZ,11.354%,51.0458%,True,1,PROINBENI UPB GANDIA,True
COPA ESPAÑA,Play-offs 1/16 Final,CULTURAL Y DEPORTIVA LEONESA,10,D. BULTO CASTILLO,88.2229%,54.701%,False,1,PROINBENI UPB GANDIA,True
COPA ESPAÑA,Play-offs 1/16 Final,CULTURAL Y DEPORTIVA LEONESA,11,D. CEBOLLA PORCAR,13.3992%,49.1552%,True,1,PROINBENI UPB GANDIA,True
COPA ESPAÑA,Play-offs 1/16 Final,CULTURAL Y DEPORTIVA LEONESA,5,D. HAYMAN,90.1975%,72.7245%,True,1,PROINBENI UPB GANDIA,True
COPA ESPAÑA,Play-offs 1/16 Final,CULTURAL Y DEPORTIVA LEONESA,5,D. HAYMAN,11.6361%,48.273%,False,1,PROINBENI UPB GANDIA,True
COPA ESPAÑA,Play-offs 1/16 Final,CULTURAL Y DEPORTIVA LEONESA,6,G. MCKAY JR,91.1142%,44.1137%,False,1,PROINBENI UPB GANDIA,True
COPA ESPAÑA,Play-offs 1/16 Final,CULTURAL Y DEPORTIVA LEONESA,10,D. BULTO CASTILLO,11.2835%,50.0375%,True,1,PROINBENI UPB GANDIA,True
COPA ESPAÑA,Play-offs 1/16 Final,CULTURAL Y DEPORTIVA LEONESA,0,M. DENG,90.7616%,74.7412%,True,1,PROINBENI UPB GANDIA,True
COPA ESPAÑA,Play-offs 1/16 Final,CULTURAL Y DEPORTIVA LEONESA,13,A. DOMINGUEZ ESPELT,66.22%,22.9391%,False,1,PROINBENI UPB GANDIA,True
COPA ESPAÑA,Play-offs 1/16 Final,CULTURAL Y DEPORTIVA LEONESA,11,D. CEBOLLA PORCAR,64.1749%,70.5819%,False,1,PROINBENI UPB GANDIA,True
COPA ESPAÑA,Play-offs 1/16 Final,CULTURAL Y DEPORTIVA LEONESA,33,R. LLAMAS MARTINEZ,5.92384%,62.5154%,True,1,PROINBENI UPB GANDIA,True
COPA ESPAÑA,Play-offs 1/16 Final,CULTURAL Y DEPORTIVA LEONESA,6,G. MCKAY JR,86.9535%,57.0957%,True,1,PROINBENI UPB GANDIA,True
COPA ESPAÑA,Play-offs 1/16 Final,CULTURAL Y DEPORTIVA LEONESA,17,M. AMADASUN,10.6488%,58.2301%,False,1,PROINBENI UPB GANDIA,True
COPA ESPAÑA,Play-offs 1/16 Final,CULTURAL Y DEPORTIVA LEONESA,10,D. BULTO CASTILLO,8.95628%,62.6414%,False,1,PROINBENI UPB GANDIA,True
COPA ESPAÑA,Play-offs 1/16 Final,CULTURAL Y DEPORTIVA LEONESA,17,M. AMADASUN,76.8688%,52.5583%,True,1,PROINBENI UPB GANDIA,True
COPA ESPAÑA,Play-offs 1/16 Final,CULTURAL Y DEPORTIVA LEONESA,23,E. VAN DER HEIJDEN,10.8604%,57.4738%,True,1,PROINBENI UPB GANDIA,True
COPA ESPAÑA,Play-offs 1/16 Final,CULTURAL Y DEPORTIVA LEONESA,13,A. DOMINGUEZ ESPELT,88.2934%,46.5084%,False,1,PROINBENI UPB GANDIA,True
COPA ESPAÑA,Play-offs 1/16 Final,CULTURAL Y DEPORTIVA LEONESA,10,D. BULTO CASTILLO,63.6107%,21.6787%,False,1,PROINBENI UPB GANDIA,True
COPA ESPAÑA,Play-offs 1/16 Final,CULTURAL Y DEPORTIVA LEONESA,17,M. AMADASUN,13.0465%,28.6109%,False,1,PROINBENI UPB GANDIA,True
COPA ESPAÑA,Play-offs 1/16 Final,CULTURAL Y DEPORTIVA LEONESA,5,D. HAYMAN,80.8886%,26.4682%,False,1,PROINBENI UPB GANDIA,True
COPA ESPAÑA,Play-offs 1/16 Final,CULTURAL Y DEPORTIVA LEONESA,10,D. BULTO CASTILLO,12.0592%,56.0874%,False,1,PROINBENI UPB GANDIA,True
COPA ESPAÑA,Play-offs 1/16 Final,CULTURAL Y DEPORTIVA LEONESA,33,R. LLAMAS MARTINEZ,87.4471%,47.2647%,True,1,PROINBENI UPB GANDIA,True
COPA ESPAÑA,Play-offs 1/16 Final,CULTURAL Y DEPORTIVA LEONESA,0,M. DENG,74.048%,84.0681%,True,1,PROINBENI UPB GANDIA,True
COPA ESPAÑA,Play-offs 1/16 Final,CULTURAL Y DEPORTIVA LEONESA,11,D. CEBOLLA PORCAR,90.1269%,44.1137%,True,1,PROINBENI UPB GANDIA,True
COPA ESPAÑA,Play-offs 1/16 Final,CULTURAL Y DEPORTIVA LEONESA,10,D. BULTO CASTILLO,89.9154%,59.1123%,True,1,PROINBENI UPB GANDIA,True
COPA ESPAÑA,Play-offs 1/16 Final,CULTURAL Y DEPORTIVA LEONESA,11,D. CEBOLLA PORCAR,86.7419%,47.8948%,False,1,PROINBENI UPB GANDIA,True
COPA ESPAÑA,Play-offs 1/16 Final,CULTURAL Y DEPORTIVA LEONESA,13,A. DOMINGUEZ ESPELT,92.1016%,63.1456%,False,1,PROINBENI UPB GANDIA,True
COPA ESPAÑA,Play-offs 1/16 Final,CULTURAL Y DEPORTIVA LEONESA,0,M. DENG,69.8872%,79.6567%,True,1,PROINBENI UPB GANDIA,True
COPA ESPAÑA,Play-offs 1/16 Final,CULTURAL Y DEPORTIVA LEONESA,11,D. CEBOLLA PORCAR,91.9605%,58.9863%,True,1,PROINBENI UPB GANDIA,True
COPA ESPAÑA,Play-offs 1/16 Final,CULTURAL Y DEPORTIVA LEONESA,10,D. BULTO CASTILLO,18.1946%,18.7798%,False,1,PROINBENI UPB GANDIA,True
COPA ESPAÑA,Play-offs 1/16 Final,CULTURAL Y DEPORTIVA LEONESA,5,D. HAYMAN,10.7898%,43.3574%,False,1,PROINBENI UPB GANDIA,True
COPA ESPAÑA,Play-offs 1/16 Final,CULTURAL Y DEPORTIVA LEONESA,6,G. MCKAY JR,65.5148%,29.4931%,False,1,PROINBENI UPB GANDIA,True
COPA ESPAÑA,Play-offs 1/16 Final,CULTURAL Y DEPORTIVA LEONESA,23,E. VAN DER HEIJDEN,75.811%,86.967%,True,1,PROINBENI UPB GANDIA,True
COPA ESPAÑA,Play-offs 1/16 Final,CULTURAL Y DEPORTIVA LEONESA,0,M. DENG,9.87306%,44.1137%,False,1,PROINBENI UPB GANDIA,True
COPA ESPAÑA,Play-offs 1/16 Final,CULTURAL Y DEPORTIVA LEONESA,11,D. CEBOLLA PORCAR,12.4824%,50.9198%,True,1,PROINBENI UPB GANDIA,True
COPA ESPAÑA,Play-offs 1/16 Final,CULTURAL Y DEPORTIVA LEONESA,0,M. DENG,7.89845%,57.2217%,True,1,PROINBENI UPB GANDIA,True
COPA ESPAÑA,Play-offs 1/16 Final,CULTURAL Y DEPORTIVA LEONESA,5,D. HAYMAN,11.4951%,5.67176%,True,1,PROINBENI UPB GANDIA,True
COPA ESPAÑA,Play-offs 1/16 Final,CULTURAL Y DEPORTIVA LEONESA,13,A. DOMINGUEZ ESPELT,32.5106%,73.8589%,True,1,PROINBENI UPB GANDIA,True
COPA ESPAÑA,Play-offs 1/16 Final,CULTURAL Y DEPORTIVA LEONESA,5,D. HAYMAN,91.9605%,59.2384%,False,1,PROINBENI UPB GANDIA,True
COPA ESPAÑA,Play-offs 1/16 Final,CULTURAL Y DEPORTIVA LEONESA,0,M. DENG,85.3315%,81.0431%,False,1,PROINBENI UPB GANDIA,True
COPA ESPAÑA,Play-offs 1/16 Final,CULTURAL Y DEPORTIVA LEONESA,17,M. AMADASUN,10.0846%,44.3658%,False,1,PROINBENI UPB GANDIA,True
COPA ESPAÑA,Play-offs 1/16 Final,CULTURAL Y DEPORTIVA LEONESA,13,A. DOMINGUEZ ESPELT,71.1566%,14.7466%,True,1,PROINBENI UPB GANDIA,True
COPA ESPAÑA,Play-offs 1/16 Final,CULTURAL Y DEPORTIVA LEONESA,0,M. DENG,78.2793%,72.0944%,True,1,PROINBENI UPB GANDIA,True
COPA ESPAÑA,Play-offs 1/16 Final,CULTURAL Y DEPORTIVA LEONESA,23,E. VAN DER HEIJDEN,90.4795%,44.3658%,True,1,PROINBENI UPB GANDIA,True
COPA ESPAÑA,Play-offs 1/16 Final,CULTURAL Y DEPORTIVA LEONESA,17,M. AMADASUN,92.3836%,59.6165%,False,1,PROINBENI UPB GANDIA,True
COPA ESPAÑA,Play-offs 1/16 Final,CULTURAL Y DEPORTIVA LEONESA,0,M. DENG,24.1185%,87.5972%,False,1,PROINBENI UPB GANDIA,True
COPA ESPAÑA,Play-offs 1/16 Final,CULTURAL Y DEPORTIVA LEONESA,0,M. DENG,66.8547%,63.2716%,True,1,PROINBENI UPB GANDIA,True
COPA ESPAÑA,Play-offs 1/16 Final,CULTURAL Y DEPORTIVA LEONESA,0,M. DENG,73.7659%,84.5722%,False,1,PROINBENI UPB GANDIA,True
COPA ESPAÑA,Play-offs 1/16 Final,CULTURAL Y DEPORTIVA LEONESA,13,A. DOMINGUEZ ESPELT,12.2003%,42.2231%,False,1,PROINBENI UPB GANDIA,True
COPA ESPAÑA,Play-offs 1/16 Final,CULTURAL Y DEPORTIVA LEONESA,11,D. CEBOLLA PORCAR,12.6939%,44.9959%,False,1,PROINBENI UPB GANDIA,True
COPA ESPAÑA,Play-offs 1/16 Final,CULTURAL Y DEPORTIVA LEONESA,13,A. DOMINGUEZ ESPELT,90.6911%,46.8865%,False,1,PROINBENI UPB GANDIA,True
COPA ESPAÑA,Play-offs 1/16 Final,CULTURAL Y DEPORTIVA LEONESA,13,A. DOMINGUEZ ESPELT,33.1453%,31.0056%,False,1,PROINBENI UPB GANDIA,True
COPA ESPAÑA,Play-offs 1/16 Final,CULTURAL Y DEPORTIVA LEONESA,23,E. VAN DER HEIJDEN,10.2257%,58.6082%,False,1,PROINBENI UPB GANDIA,True
COPA ESPAÑA,Play-offs 1/16 Final,CULTURAL Y DEPORTIVA LEONESA,5,D. HAYMAN,33.0042%,78.1442%,False,1,PROINBENI UPB GANDIA,True
COPA ESPAÑA,Play-offs 1/16 Final,CULTURAL Y DEPORTIVA LEONESA,23,E. VAN DER HEIJDEN,13.5402%,49.7854%,True,1,PROINBENI UPB GANDIA,True
COPA ESPAÑA,Play-offs 1/16 Final,CULTURAL Y DEPORTIVA LEONESA,13,A. DOMINGUEZ ESPELT,24.33%,70.96%,False,1,PROINBENI UPB GANDIA,True
COPA ESPAÑA,Play-offs 1/16 Final,CULTURAL Y DEPORTIVA LEONESA,5,D. HAYMAN,13.1171%,44.9959%,True,1,PROINBENI UPB GANDIA,True
COPA ESPAÑA,Play-offs 1/16 Final,CULTURAL Y DEPORTIVA LEONESA,0,M. DENG,12.7645%,50.7937%,False,1,PROINBENI UPB GANDIA,True
COPA ESPAÑA,Play-offs 1/16 Final,CULTURAL Y DEPORTIVA LEONESA,13,A. DOMINGUEZ ESPELT,11.9887%,45.122%,True,1,PROINBENI UPB GANDIA,True
COPA ESPAÑA,Play-offs 1/16 Final,CULTURAL Y DEPORTIVA LEONESA,11,D. CEBOLLA PORCAR,67.9126%,76.0016%,False,1,PROINBENI UPB GANDIA,True
COPA ESPAÑA,Play-offs 1/16 Final,CULTURAL Y DEPORTIVA LEONESA,10,D. BULTO CASTILLO,27.292%,14.9987%,False,1,PROINBENI UPB GANDIA,True
COPA ESPAÑA,Play-offs 1/16 Final,PROINBENI UPB GANDIA,11,J. MOLINA MARTINEZ,26.8688%,86.5888%,False,1,CULTURAL Y DEPORTIVA LEONESA,False
COPA ESPAÑA,Play-offs 1/16 Final,PROINBENI UPB GANDIA,13,L. FERRANDO ORTELLS,14.0339%,92.8908%,False,1,CULTURAL Y DEPORTIVA LEONESA,False
COPA ESPAÑA,Play-offs 1/16 Final,PROINBENI UPB GANDIA,14,D. ILINCIC,9.0268%,51.2979%,True,1,CULTURAL Y DEPORTIVA LEONESA,False
COPA ESPAÑA,Play-offs 1/16 Final,PROINBENI UPB GANDIA,7,K. GREELEY,10.5078%,59.6165%,False,1,CULTURAL Y DEPORTIVA LEONESA,False
COPA ESPAÑA,Play-offs 1/16 Final,PROINBENI UPB GANDIA,14,D. ILINCIC,11.1425%,51.0458%,False,1,CULTURAL Y DEPORTIVA LEONESA,False
COPA ESPAÑA,Play-offs 1/16 Final,PROINBENI UPB GANDIA,7,K. GREELEY,32.0169%,19.284%,False,1,CULTURAL Y DEPORTIVA LEONESA,False
COPA ESPAÑA,Play-offs 1/16 Final,PROINBENI UPB GANDIA,7,K. GREELEY,91.8195%,59.4904%,True,1,CULTURAL Y DEPORTIVA LEONESA,False
COPA ESPAÑA,Play-offs 1/16 Final,PROINBENI UPB GANDIA,7,K. GREELEY,73.3427%,86.5888%,False,1,CULTURAL Y DEPORTIVA LEONESA,False
COPA ESPAÑA,Play-offs 1/16 Final,PROINBENI UPB GANDIA,6,C. HURTADO CERVANTES,8.88575%,45.7522%,True,1,CULTURAL Y DEPORTIVA LEONESA,False
COPA ESPAÑA,Play-offs 1/16 Final,PROINBENI UPB GANDIA,6,C. HURTADO CERVANTES,33.0042%,71.7162%,False,1,CULTURAL Y DEPORTIVA LEONESA,False
COPA ESPAÑA,Play-offs 1/16 Final,PROINBENI UPB GANDIA,14,D. ILINCIC,11.1425%,49.0292%,True,1,CULTURAL Y DEPORTIVA LEONESA,False
COPA ESPAÑA,Play-offs 1/16 Final,PROINBENI UPB GANDIA,35,J. BITJAA KODY,10.1551%,46.5084%,True,1,CULTURAL Y DEPORTIVA LEONESA,False
COPA ESPAÑA,Play-offs 1/16 Final,PROINBENI UPB GANDIA,7,K. GREELEY,89.7038%,43.8616%,False,1,CULTURAL Y DEPORTIVA LEONESA,False
COPA ESPAÑA,Play-offs 1/16 Final,PROINBENI UPB GANDIA,13,L. FERRANDO ORTELLS,9.80254%,53.5666%,False,1,CULTURAL Y DEPORTIVA LEONESA,False
COPA ESPAÑA,Play-offs 1/16 Final,PROINBENI UPB GANDIA,14,D. ILINCIC,9.94358%,43.4835%,True,1,CULTURAL Y DEPORTIVA LEONESA,False
COPA ESPAÑA,Play-offs 1/16 Final,PROINBENI UPB GANDIA,5,G. PEREZ RAMIREZ,63.1171%,24.7037%,False,1,CULTURAL Y DEPORTIVA LEONESA,False
COPA ESPAÑA,Play-offs 1/16 Final,PROINBENI UPB GANDIA,14,D. ILINCIC,10.2257%,44.4918%,True,1,CULTURAL Y DEPORTIVA LEONESA,False
COPA ESPAÑA,Play-offs 1/16 Final,PROINBENI UPB GANDIA,7,K. GREELEY,85.9662%,51.676%,False,1,CULTURAL Y DEPORTIVA LEONESA,False
COPA ESPAÑA,Play-offs 1/16 Final,PROINBENI UPB GANDIA,13,L. FERRANDO ORTELLS,75.1058%,13.9903%,False,1,CULTURAL Y DEPORTIVA LEONESA,False
COPA ESPAÑA,Play-offs 1/16 Final,PROINBENI UPB GANDIA,7,K. GREELEY,22.2849%,53.5666%,True,1,CULTURAL Y DEPORTIVA LEONESA,False
COPA ESPAÑA,Play-offs 1/16 Final,PROINBENI UPB GANDIA,14,D. ILINCIC,88.0113%,48.0209%,True,1,CULTURAL Y DEPORTIVA LEONESA,False
COPA ESPAÑA,Play-offs 1/16 Final,PROINBENI UPB GANDIA,14,D. ILINCIC,93.7941%,60.3727%,True,1,CULTURAL Y DEPORTIVA LEONESA,False
COPA ESPAÑA,Play-offs 1/16 Final,PROINBENI UPB GANDIA,13,L. FERRANDO ORTELLS,7.61636%,61.0029%,True,1,CULTURAL Y DEPORTIVA LEONESA,False
COPA ESPAÑA,Play-offs 1/16 Final,PROINBENI UPB GANDIA,22,J. SANTANA LUCHORO,10.7193%,47.5167%,False,1,CULTURAL Y DEPORTIVA LEONESA,False
COPA ESPAÑA,Play-offs 1/16 Final,PROINBENI UPB GANDIA,15,M. MONTILLA DIAZ,90.268%,59.9946%,True,1,CULTURAL Y DEPORTIVA LEONESA,False
COPA ESPAÑA,Play-offs 1/16 Final,PROINBENI UPB GANDIA,7,K. GREELEY,68.1946%,76.2536%,False,1,CULTURAL Y DEPORTIVA LEONESA,False
COPA ESPAÑA,Play-offs 1/16 Final,PROINBENI UPB GANDIA,24,A. BELLVER VALIENTE,87.5882%,49.2813%,False,1,CULTURAL Y DEPORTIVA LEONESA,False
COPA ESPAÑA,Play-offs 1/16 Final,PROINBENI UPB GANDIA,14,D. ILINCIC,92.6657%,60.1206%,False,1,CULTURAL Y DEPORTIVA LEONESA,False
COPA ESPAÑA,Play-offs 1/16 Final,PROINBENI UPB GANDIA,22,J. SANTANA LUCHORO,90.7616%,57.3478%,False,1,CULTURAL Y DEPORTIVA LEONESA,False
COPA ESPAÑA,Play-offs 1/16 Final,PROINBENI UPB GANDIA,22,J. SANTANA LUCHORO,90.8322%,54.3228%,False,1,CULTURAL Y DEPORTIVA LEONESA,False
COPA ESPAÑA,Play-offs 1/16 Final,PROINBENI UPB GANDIA,16,J. SOLER CIRUJEDA,75.1058%,10.4612%,True,1,CULTURAL Y DEPORTIVA LEONESA,False
COPA ESPAÑA,Play-offs 1/16 Final,PROINBENI UPB GANDIA,5,G. PEREZ RAMIREZ,9.59097%,86.967%,False,1,CULTURAL Y DEPORTIVA LEONESA,False
COPA ESPAÑA,Play-offs 1/16 Final,PROINBENI UPB GANDIA,6,C. HURTADO CERVANTES,7.68688%,59.4904%,True,1,CULTURAL Y DEPORTIVA LEONESA,False
COPA ESPAÑA,Play-offs 1/16 Final,PROINBENI UPB GANDIA,14,D. ILINCIC,12.3413%,54.701%,False,1,CULTURAL Y DEPORTIVA LEONESA,False
COPA ESPAÑA,Play-offs 1/16 Final,PROINBENI UPB GANDIA,6,C. HURTADO CERVANTES,68.9704%,21.1746%,True,1,CULTURAL Y DEPORTIVA LEONESA,False
COPA ESPAÑA,Play-offs 1/16 Final,PROINBENI UPB GANDIA,13,L. FERRANDO ORTELLS,55.7828%,67.4309%,False,1,CULTURAL Y DEPORTIVA LEONESA,False
COPA ESPAÑA,Play-offs 1/16 Final,PROINBENI UPB GANDIA,35,J. BITJAA KODY,66.079%,62.0112%,False,1,CULTURAL Y DEPORTIVA LEONESA,False
COPA ESPAÑA,Play-offs 1/16 Final,PROINBENI UPB GANDIA,24,A. BELLVER VALIENTE,72.426%,8.57066%,True,1,CULTURAL Y DEPORTIVA LEONESA,False
COPA ESPAÑA,Play-offs 1/16 Final,PROINBENI UPB GANDIA,6,C. HURTADO CERVANTES,68.0536%,21.6787%,False,1,CULTURAL Y DEPORTIVA LEONESA,False
COPA ESPAÑA,Play-offs 1/16 Final,PROINBENI UPB GANDIA,7,K. GREELEY,13.3286%,43.9876%,False,1,CULTURAL Y DEPORTIVA LEONESA,False
COPA ESPAÑA,Play-offs 1/16 Final,PROINBENI UPB GANDIA,7,K. GREELEY,92.031%,59.2384%,True,1,CULTURAL Y DEPORTIVA LEONESA,False
COPA ESPAÑA,Play-offs 1/16 Final,PROINBENI UPB GANDIA,35,J. BITJAA KODY,12.1298%,52.3062%,True,1,CULTURAL Y DEPORTIVA LEONESA,False
COPA ESPAÑA,Play-offs 1/16 Final,PROINBENI UPB GANDIA,13,L. FERRANDO ORTELLS,68.8999%,74.4891%,False,1,CULTURAL Y DEPORTIVA LEONESA,False
COPA ESPAÑA,Play-offs 1/16 Final,PROINBENI UPB GANDIA,14,D. ILINCIC,35.1199%,64.532%,True,1,CULTURAL Y DEPORTIVA LEONESA,False
COPA ESPAÑA,Play-offs 1/16 Final,PROINBENI UPB GANDIA,5,G. PEREZ RAMIREZ,12.4118%,28.989%,True,1,CULTURAL Y DEPORTIVA LEONESA,False
COPA ESPAÑA,Play-offs 1/16 Final,PROINBENI UPB GANDIA,7,K. GREELEY,11.0014%,49.2813%,True,1,CULTURAL Y DEPORTIVA LEONESA,False
COPA ESPAÑA,Play-offs 1/16 Final,PROINBENI UPB GANDIA,11,J. MOLINA MARTINEZ,71.3681%,17.3934%,True,1,CULTURAL Y DEPORTIVA LEONESA,False
COPA ESPAÑA,Play-offs 1/16 Final,PROINBENI UPB GANDIA,14,D. ILINCIC,86.8124%,49.0292%,True,1,CULTURAL Y DEPORTIVA LEONESA,False
COPA ESPAÑA,Play-offs 1/16 Final,PROINBENI UPB GANDIA,14,D. ILINCIC,10.1551%,43.2314%,True,1,CULTURAL Y DEPORTIVA LEONESA,False
COPA ESPAÑA,Play-offs 1/16 Final,PROINBENI UPB GANDIA,24,A. BELLVER VALIENTE,10.3667%,94.2772%,False,1,CULTURAL Y DEPORTIVA LEONESA,False
COPA ESPAÑA,Play-offs 1/16 Final,PROINBENI UPB GANDIA,14,D. ILINCIC,10.4372%,46.2563%,True,1,CULTURAL Y DEPORTIVA LEONESA,False
COPA ESPAÑA,Play-offs 1/16 Final,PROINBENI UPB GANDIA,7,K. GREELEY,77.8561%,91.5044%,False,1,CULTURAL Y DEPORTIVA LEONESA,False
COPA ESPAÑA,Play-offs 1/16 Final,PROINBENI UPB GANDIA,22,J. SANTANA LUCHORO,75.2468%,8.0665%,False,1,CULTURAL Y DEPORTIVA LEONESA,False
COPA ESPAÑA,Play-offs 1/16 Final,PROINBENI UPB GANDIA,24,A. BELLVER VALIENTE,64.2454%,78.0182%,False,1,CULTURAL Y DEPORTIVA LEONESA,False
COPA ESPAÑA,Play-offs 1/16 Final,PROINBENI UPB GANDIA,7,K. GREELEY,89.0691%,42.2231%,False,1,CULTURAL Y DEPORTIVA LEONESA,False
COPA ESPAÑA,Play-offs 1/16 Final,PROINBENI UPB GANDIA,22,J. SANTANA LUCHORO,9.80254%,53.5666%,False,1,CULTURAL Y DEPORTIVA LEONESA,False
COPA ESPAÑA,Play-offs 1/16 Final,PROINBENI UPB GANDIA,14,D. ILINCIC,91.8195%,55.4572%,True,1,CULTURAL Y DEPORTIVA LEONESA,False
COPA ESPAÑA,Play-offs 1/16 Final,PROINBENI UPB GANDIA,24,A. BELLVER VALIENTE,11.7772%,94.2772%,True,1,CULTURAL Y DEPORTIVA LEONESA,False
COPA ESPAÑA,Play-offs 1/16 Final,PROINBENI UPB GANDIA,35,J. BITJAA KODY,9.6615%,56.7176%,True,1,CULTURAL Y DEPORTIVA LEONESA,False
COPA ESPAÑA,Play-offs 1/16 Final,PROINBENI UPB GANDIA,16,J. SOLER CIRUJEDA,9.80254%,53.5666%,True,1,CULTURAL Y DEPORTIVA LEONESA,False
COPA ESPAÑA,Play-offs 1/16 Final,PROINBENI UPB GANDIA,6,C. HURTADO CERVANTES,12.976%,50.5417%,False,1,CULTURAL Y DEPORTIVA LEONESA,False
COPA ESPAÑA,Play-offs 1/16 Final,PROINBENI UPB GANDIA,24,A. BELLVER VALIENTE,32.9337%,20.1663%,True,1,CULTURAL Y DEPORTIVA LEONESA,False
COPA ESPAÑA,Play-offs 1/16 Final,LOBE HUESCA LA MAGIA,6,I. CORRALIZA COBA,10.5783%,48.1469%,True,1,BUENO ARENAS ALBACETE BASKET,True
COPA ESPAÑA,Play-offs 1/16 Final,LOBE HUESCA LA MAGIA,2,J. WELLS,24.6827%,14.2424%,False,1,BUENO ARENAS ALBACETE BASKET,True
COPA ESPAÑA,Play-offs 1/16 Final,LOBE HUESCA LA MAGIA,11,A. BADMUS,83.1453%,52.0541%,True,1,BUENO ARENAS ALBACETE BASKET,True
COPA ESPAÑA,Play-offs 1/16 Final,LOBE HUESCA LA MAGIA,2,J. WELLS,10.7193%,43.1054%,False,1,BUENO ARENAS ALBACETE BASKET,True
COPA ESPAÑA,Play-offs 1/16 Final,LOBE HUESCA LA MAGIA,4,I. TERREROS RIVAS,10.6488%,91.7564%,False,1,BUENO ARENAS ALBACETE BASKET,True
COPA ESPAÑA,Play-offs 1/16 Final,LOBE HUESCA LA MAGIA,2,J. WELLS,10.5078%,40.4585%,False,1,BUENO ARENAS ALBACETE BASKET,True
COPA ESPAÑA,Play-offs 1/16 Final,LOBE HUESCA LA MAGIA,77,G. VAZQUEZ VALLEJO,65.6559%,36.5513%,True,1,BUENO ARENAS ALBACETE BASKET,True
COPA ESPAÑA,Play-offs 1/16 Final,LOBE HUESCA LA MAGIA,2,J. WELLS,94.4993%,92.8908%,True,1,BUENO ARENAS ALBACETE BASKET,True
COPA ESPAÑA,Play-offs 1/16 Final,LOBE HUESCA LA MAGIA,9,M. CARREIRA KREPS,16.1495%,43.7356%,False,1,BUENO ARENAS ALBACETE BASKET,True
COPA ESPAÑA,Play-offs 1/16 Final,LOBE HUESCA LA MAGIA,5,H. FIGUEROA ÁLVAREZ,14.3865%,51.9281%,True,1,BUENO ARENAS ALBACETE BASKET,True
COPA ESPAÑA,Play-offs 1/16 Final,LOBE HUESCA LA MAGIA,10,J. FRITZ,90.3385%,36.8034%,True,1,BUENO ARENAS ALBACETE BASKET,True
COPA ESPAÑA,Play-offs 1/16 Final,LOBE HUESCA LA MAGIA,4,I. TERREROS RIVAS,9.23836%,5.7978%,False,1,BUENO ARENAS ALBACETE BASKET,True
COPA ESPAÑA,Play-offs 1/16 Final,LOBE HUESCA LA MAGIA,77,G. VAZQUEZ VALLEJO,81.4528%,56.4655%,True,1,BUENO ARENAS ALBACETE BASKET,True
COPA ESPAÑA,Play-offs 1/16 Final,LOBE HUESCA LA MAGIA,11,A. BADMUS,33.0042%,55.5832%,True,1,BUENO ARENAS ALBACETE BASKET,True
COPA ESPAÑA,Play-offs 1/16 Final,LOBE HUESCA LA MAGIA,11,A. BADMUS,86.0367%,52.1802%,False,1,BUENO ARENAS ALBACETE BASKET,True
COPA ESPAÑA,Play-offs 1/16 Final,LOBE HUESCA LA MAGIA,11,A. BADMUS,83.1453%,58.9863%,False,1,BUENO ARENAS ALBACETE BASKET,True
COPA ESPAÑA,Play-offs 1/16 Final,LOBE HUESCA LA MAGIA,11,A. BADMUS,86.9535%,58.3561%,False,1,BUENO ARENAS ALBACETE BASKET,True
COPA ESPAÑA,Play-offs 1/16 Final,LOBE HUESCA LA MAGIA,2,J. WELLS,64.7391%,37.8117%,False,1,BUENO ARENAS ALBACETE BASKET,True
COPA ESPAÑA,Play-offs 1/16 Final,LOBE HUESCA LA MAGIA,77,G. VAZQUEZ VALLEJO,11.0719%,52.0541%,True,1,BUENO ARENAS ALBACETE BASKET,True
COPA ESPAÑA,Play-offs 1/16 Final,LOBE HUESCA LA MAGIA,2,J. WELLS,31.2412%,31.5098%,True,1,BUENO ARENAS ALBACETE BASKET,True
COPA ESPAÑA,Play-offs 1/16 Final,LOBE HUESCA LA MAGIA,6,I. CORRALIZA COBA,66.079%,37.8117%,True,1,BUENO ARENAS ALBACETE BASKET,True
COPA ESPAÑA,Play-offs 1/16 Final,LOBE HUESCA LA MAGIA,10,J. FRITZ,64.1749%,61.255%,True,1,BUENO ARENAS ALBACETE BASKET,True
COPA ESPAÑA,Play-offs 1/16 Final,LOBE HUESCA LA MAGIA,5,H. FIGUEROA ÁLVAREZ,29.5487%,24.4516%,True,1,BUENO ARENAS ALBACETE BASKET,True
COPA ESPAÑA,Play-offs 1/16 Final,LOBE HUESCA LA MAGIA,6,I. CORRALIZA COBA,67.842%,70.96%,False,1,BUENO ARENAS ALBACETE BASKET,True
COPA ESPAÑA,Play-offs 1/16 Final,LOBE HUESCA LA MAGIA,10,J. FRITZ,8.03949%,41.0887%,False,1,BUENO ARENAS ALBACETE BASKET,True
COPA ESPAÑA,Play-offs 1/16 Final,LOBE HUESCA LA MAGIA,5,H. FIGUEROA ÁLVAREZ,32.7927%,66.2966%,True,1,BUENO ARENAS ALBACETE BASKET,True
COPA ESPAÑA,Play-offs 1/16 Final,LOBE HUESCA LA MAGIA,15,P. LOPEZ-SANVICENTE RETA,88.5049%,55.3312%,True,1,BUENO ARENAS ALBACETE BASKET,True
COPA ESPAÑA,Play-offs 1/16 Final,LOBE HUESCA LA MAGIA,5,H. FIGUEROA ÁLVAREZ,31.5233%,73.1027%,False,1,BUENO ARENAS ALBACETE BASKET,True
COPA ESPAÑA,Play-offs 1/16 Final,LOBE HUESCA LA MAGIA,6,I. CORRALIZA COBA,13.1171%,50.5417%,False,1,BUENO ARENAS ALBACETE BASKET,True
COPA ESPAÑA,Play-offs 1/16 Final,LOBE HUESCA LA MAGIA,6,I. CORRALIZA COBA,24.5416%,63.9018%,False,1,BUENO ARENAS ALBACETE BASKET,True
COPA ESPAÑA,Play-offs 1/16 Final,LOBE HUESCA LA MAGIA,11,A. BADMUS,11.9887%,50.5417%,False,1,BUENO ARENAS ALBACETE BASKET,True
COPA ESPAÑA,Play-offs 1/16 Final,LOBE HUESCA LA MAGIA,15,P. LOPEZ-SANVICENTE RETA,90.9732%,5.29364%,True,1,BUENO ARENAS ALBACETE BASKET,True
COPA ESPAÑA,Play-offs 1/16 Final,LOBE HUESCA LA MAGIA,15,P. LOPEZ-SANVICENTE RETA,15.3032%,59.7425%,False,1,BUENO ARENAS ALBACETE BASKET,True
COPA ESPAÑA,Play-offs 1/16 Final,LOBE HUESCA LA MAGIA,5,H. FIGUEROA ÁLVAREZ,27.8561%,19.7881%,False,1,BUENO ARENAS ALBACETE BASKET,True
COPA ESPAÑA,Play-offs 1/16 Final,LOBE HUESCA LA MAGIA,11,A. BADMUS,87.5882%,49.7854%,True,1,BUENO ARENAS ALBACETE BASKET,True
COPA ESPAÑA,Play-offs 1/16 Final,LOBE HUESCA LA MAGIA,77,G. VAZQUEZ VALLEJO,10.1551%,92.7648%,False,1,BUENO ARENAS ALBACETE BASKET,True
COPA ESPAÑA,Play-offs 1/16 Final,LOBE HUESCA LA MAGIA,15,P. LOPEZ-SANVICENTE RETA,88.1523%,43.1054%,True,1,BUENO ARENAS ALBACETE BASKET,True
COPA ESPAÑA,Play-offs 1/16 Final,LOBE HUESCA LA MAGIA,2,J. WELLS,31.3117%,70.4558%,False,1,BUENO ARENAS ALBACETE BASKET,True
COPA ESPAÑA,Play-offs 1/16 Final,LOBE HUESCA LA MAGIA,10,J. FRITZ,31.5233%,51.2979%,True,1,BUENO ARENAS ALBACETE BASKET,True
COPA ESPAÑA,Play-offs 1/16 Final,LOBE HUESCA LA MAGIA,2,J. WELLS,16.2906%,56.2134%,False,1,BUENO ARENAS ALBACETE BASKET,True
COPA ESPAÑA,Play-offs 1/16 Final,LOBE HUESCA LA MAGIA,9,M. CARREIRA KREPS,10.2962%,74.3631%,False,1,BUENO ARENAS ALBACETE BASKET,True
COPA ESPAÑA,Play-offs 1/16 Final,LOBE HUESCA LA MAGIA,2,J. WELLS,26.9394%,17.2674%,True,1,BUENO ARENAS ALBACETE BASKET,True
COPA ESPAÑA,Play-offs 1/16 Final,LOBE HUESCA LA MAGIA,6,I. CORRALIZA COBA,14.1749%,48.7771%,False,1,BUENO ARENAS ALBACETE BASKET,True
COPA ESPAÑA,Play-offs 1/16 Final,LOBE HUESCA LA MAGIA,2,J. WELLS,30.0423%,78.0182%,True,1,BUENO ARENAS ALBACETE BASKET,True
COPA ESPAÑA,Play-offs 1/16 Final,LOBE HUESCA LA MAGIA,10,J. FRITZ,86.8124%,53.4406%,True,1,BUENO ARENAS ALBACETE BASKET,True
COPA ESPAÑA,Play-offs 1/16 Final,LOBE HUESCA LA MAGIA,0,O. THIAM PEDRERA,24.9647%,81.5473%,False,1,BUENO ARENAS ALBACETE BASKET,True
COPA ESPAÑA,Play-offs 1/16 Final,LOBE HUESCA LA MAGIA,2,J. WELLS,30.7475%,26.7203%,True,1,BUENO ARENAS ALBACETE BASKET,True
COPA ESPAÑA,Play-offs 1/16 Final,LOBE HUESCA LA MAGIA,2,J. WELLS,67.7715%,26.8463%,False,1,BUENO ARENAS ALBACETE BASKET,True
COPA ESPAÑA,Play-offs 1/16 Final,LOBE HUESCA LA MAGIA,4,I. TERREROS RIVAS,83.4979%,6.55403%,True,1,BUENO ARENAS ALBACETE BASKET,True
COPA ESPAÑA,Play-offs 1/16 Final,LOBE HUESCA LA MAGIA,2,J. WELLS,91.2553%,72.9766%,False,1,BUENO ARENAS ALBACETE BASKET,True
COPA ESPAÑA,Play-offs 1/16 Final,LOBE HUESCA LA MAGIA,77,G. VAZQUEZ VALLEJO,84.3441%,91.1263%,True,1,BUENO ARENAS ALBACETE BASKET,True
COPA ESPAÑA,Play-offs 1/16 Final,LOBE HUESCA LA MAGIA,2,J. WELLS,32.7927%,68.8173%,True,1,BUENO ARENAS ALBACETE BASKET,True
COPA ESPAÑA,Play-offs 1/16 Final,LOBE HUESCA LA MAGIA,4,I. TERREROS RIVAS,78.6319%,10.8394%,False,1,BUENO ARENAS ALBACETE BASKET,True
COPA ESPAÑA,Play-offs 1/16 Final,LOBE HUESCA LA MAGIA,2,J. WELLS,65.0212%,25.4599%,True,1,BUENO ARENAS ALBACETE BASKET,True
COPA ESPAÑA,Play-offs 1/16 Final,LOBE HUESCA LA MAGIA,9,M. CARREIRA KREPS,69.323%,79.2786%,False,1,BUENO ARENAS ALBACETE BASKET,True
COPA ESPAÑA,Play-offs 1/16 Final,LOBE HUESCA LA MAGIA,0,O. THIAM PEDRERA,87.7997%,47.8948%,True,1,BUENO ARENAS ALBACETE BASKET,True
COPA ESPAÑA,Play-offs 1/16 Final,LOBE HUESCA LA MAGIA,5,H. FIGUEROA ÁLVAREZ,28.2087%,17.7715%,False,1,BUENO ARENAS ALBACETE BASKET,True
COPA ESPAÑA,Play-offs 1/16 Final,LOBE HUESCA LA MAGIA,6,I. CORRALIZA COBA,65.3738%,40.9627%,True,1,BUENO ARENAS ALBACETE BASKET,True
COPA ESPAÑA,Play-offs 1/16 Final,LOBE HUESCA LA MAGIA,11,A. BADMUS,88.1523%,43.7356%,False,1,BUENO ARENAS ALBACETE BASKET,True
COPA ESPAÑA,Play-offs 1/16 Final,LOBE HUESCA LA MAGIA,5,H. FIGUEROA ÁLVAREZ,9.80254%,5.7978%,False,1,BUENO ARENAS ALBACETE BASKET,True
COPA ESPAÑA,Play-offs 1/16 Final,LOBE HUESCA LA MAGIA,77,G. VAZQUEZ VALLEJO,20.3808%,56.3395%,False,1,BUENO ARENAS ALBACETE BASKET,True
COPA ESPAÑA,Play-offs 1/16 Final,LOBE HUESCA LA MAGIA,4,I. TERREROS RIVAS,23.6953%,45.248%,False,1,BUENO ARENAS ALBACETE BASKET,True
COPA ESPAÑA,Play-offs 1/16 Final,LOBE HUESCA LA MAGIA,0,O. THIAM PEDRERA,12.7645%,51.9281%,False,1,BUENO ARENAS ALBACETE BASKET,True
COPA ESPAÑA,Play-offs 1/16 Final,LOBE HUESCA LA MAGIA,0,O. THIAM PEDRERA,92.7363%,90.37%,False,1,BUENO ARENAS ALBACETE BASKET,True
COPA ESPAÑA,Play-offs 1/16 Final,LOBE HUESCA LA MAGIA,2,J. WELLS,89.9859%,37.3076%,True,1,BUENO ARENAS ALBACETE BASKET,True
COPA ESPAÑA,Play-offs 1/16 Final,BUENO ARENAS ALBACETE BASKET,5,N. REID,27.7856%,16.007%,True,1,LOBE HUESCA LA MAGIA,False
COPA ESPAÑA,Play-offs 1/16 Final,BUENO ARENAS ALBACETE BASKET,5,N. REID,11.9887%,39.9544%,False,1,LOBE HUESCA LA MAGIA,False
COPA ESPAÑA,Play-offs 1/16 Final,BUENO ARENAS ALBACETE BASKET,47,J. HIERREZUELO SERER,11.6361%,6.04988%,True,1,LOBE HUESCA LA MAGIA,False
COPA ESPAÑA,Play-offs 1/16 Final,BUENO ARENAS ALBACETE BASKET,47,J. HIERREZUELO SERER,12.3413%,38.694%,True,1,LOBE HUESCA LA MAGIA,False
COPA ESPAÑA,Play-offs 1/16 Final,BUENO ARENAS ALBACETE BASKET,10,S. MERLO,8.32158%,45.3741%,True,1,LOBE HUESCA LA MAGIA,False
COPA ESPAÑA,Play-offs 1/16 Final,BUENO ARENAS ALBACETE BASKET,11,J. GONZALEZ ALBADALEJO,88.5755%,58.8602%,True,1,LOBE HUESCA LA MAGIA,False
COPA ESPAÑA,Play-offs 1/16 Final,BUENO ARENAS ALBACETE BASKET,10,S. MERLO,66.9253%,71.9683%,True,1,LOBE HUESCA LA MAGIA,False
COPA ESPAÑA,Play-offs 1/16 Final,BUENO ARENAS ALBACETE BASKET,3,V. AGUILAR HERNANDEZ,11.8477%,43.4835%,False,1,LOBE HUESCA LA MAGIA,False
COPA ESPAÑA,Play-offs 1/16 Final,BUENO ARENAS ALBACETE BASKET,3,V. AGUILAR HERNANDEZ,32.8632%,69.3215%,False,1,LOBE HUESCA LA MAGIA,False
COPA ESPAÑA,Play-offs 1/16 Final,BUENO ARENAS ALBACETE BASKET,11,J. GONZALEZ ALBADALEJO,31.2412%,21.3006%,False,1,LOBE HUESCA LA MAGIA,False
COPA ESPAÑA,Play-offs 1/16 Final,BUENO ARENAS ALBACETE BASKET,5,N. REID,10.9309%,60.2467%,True,1,LOBE HUESCA LA MAGIA,False
COPA ESPAÑA,Play-offs 1/16 Final,BUENO ARENAS ALBACETE BASKET,5,N. REID,31.1707%,34.6607%,True,1,LOBE HUESCA LA MAGIA,False
COPA ESPAÑA,Play-offs 1/16 Final,BUENO ARENAS ALBACETE BASKET,2,F. ANDRADE AMIEL,74.8237%,62.3893%,True,1,LOBE HUESCA LA MAGIA,False
COPA ESPAÑA,Play-offs 1/16 Final,BUENO ARENAS ALBACETE BASKET,47,J. HIERREZUELO SERER,10.2257%,6.42799%,False,1,LOBE HUESCA LA MAGIA,False
COPA ESPAÑA,Play-offs 1/16 Final,BUENO ARENAS ALBACETE BASKET,10,S. MERLO,29.9718%,25.2078%,True,1,LOBE HUESCA LA MAGIA,False
COPA ESPAÑA,Play-offs 1/16 Final,BUENO ARENAS ALBACETE BASKET,10,S. MERLO,68.4767%,74.7412%,False,1,LOBE HUESCA LA MAGIA,False
COPA ESPAÑA,Play-offs 1/16 Final,BUENO ARENAS ALBACETE BASKET,5,N. REID,18.8999%,91.1263%,False,1,LOBE HUESCA LA MAGIA,False
COPA ESPAÑA,Play-offs 1/16 Final,BUENO ARENAS ALBACETE BASKET,10,S. MERLO,69.8166%,75.7495%,False,1,LOBE HUESCA LA MAGIA,False
COPA ESPAÑA,Play-offs 1/16 Final,BUENO ARENAS ALBACETE BASKET,11,J. GONZALEZ ALBADALEJO,77.292%,88.8575%,False,1,LOBE HUESCA LA MAGIA,False
COPA ESPAÑA,Play-offs 1/16 Final,BUENO ARENAS ALBACETE BASKET,3,V. AGUILAR HERNANDEZ,8.81523%,54.3228%,True,1,LOBE HUESCA LA MAGIA,False
COPA ESPAÑA,Play-offs 1/16 Final,BUENO ARENAS ALBACETE BASKET,24,O. BRAMBLE,89.0691%,52.6843%,True,1,LOBE HUESCA LA MAGIA,False
COPA ESPAÑA,Play-offs 1/16 Final,BUENO ARENAS ALBACETE BASKET,7,V. MUÑOZ QUIÑONES,8.60367%,41.845%,True,1,LOBE HUESCA LA MAGIA,False
COPA ESPAÑA,Play-offs 1/16 Final,BUENO ARENAS ALBACETE BASKET,24,O. BRAMBLE,10.3667%,41.3408%,True,1,LOBE HUESCA LA MAGIA,False
COPA ESPAÑA,Play-offs 1/16 Final,BUENO ARENAS ALBACETE BASKET,3,V. AGUILAR HERNANDEZ,66.5726%,34.5347%,False,1,LOBE HUESCA LA MAGIA,False
COPA ESPAÑA,Play-offs 1/16 Final,BUENO ARENAS ALBACETE BASKET,11,J. GONZALEZ ALBADALEJO,7.82793%,55.9613%,True,1,LOBE HUESCA LA MAGIA,False
COPA ESPAÑA,Play-offs 1/16 Final,BUENO ARENAS ALBACETE BASKET,10,S. MERLO,87.2355%,48.1469%,True,1,LOBE HUESCA LA MAGIA,False
COPA ESPAÑA,Play-offs 1/16 Final,BUENO ARENAS ALBACETE BASKET,11,J. GONZALEZ ALBADALEJO,87.2355%,45.7522%,True,1,LOBE HUESCA LA MAGIA,False
COPA ESPAÑA,Play-offs 1/16 Final,BUENO ARENAS ALBACETE BASKET,11,J. GONZALEZ ALBADALEJO,15.7264%,2.14266%,True,1,LOBE HUESCA LA MAGIA,False
COPA ESPAÑA,Play-offs 1/16 Final,BUENO ARENAS ALBACETE BASKET,44,B. VANACLOCHA SANCHEZ,88.5755%,50.9198%,False,1,LOBE HUESCA LA MAGIA,False
COPA ESPAÑA,Play-offs 1/16 Final,BUENO ARENAS ALBACETE BASKET,2,F. ANDRADE AMIEL,30.8886%,74.8672%,False,1,LOBE HUESCA LA MAGIA,False
COPA ESPAÑA,Play-offs 1/16 Final,BUENO ARENAS ALBACETE BASKET,5,N. REID,13.8928%,57.0957%,False,1,LOBE HUESCA LA MAGIA,False
COPA ESPAÑA,Play-offs 1/16 Final,BUENO ARENAS ALBACETE BASKET,3,V. AGUILAR HERNANDEZ,33.7094%,67.683%,False,1,LOBE HUESCA LA MAGIA,False
COPA ESPAÑA,Play-offs 1/16 Final,BUENO ARENAS ALBACETE BASKET,2,F. ANDRADE AMIEL,33.4274%,35.2909%,False,1,LOBE HUESCA LA MAGIA,False
COPA ESPAÑA,Play-offs 1/16 Final,BUENO ARENAS ALBACETE BASKET,3,V. AGUILAR HERNANDEZ,70.6629%,26.0901%,False,1,LOBE HUESCA LA MAGIA,False
COPA ESPAÑA,Play-offs 1/16 Final,BUENO ARENAS ALBACETE BASKET,5,N. REID,69.1819%,78.5223%,True,1,LOBE HUESCA LA MAGIA,False
COPA ESPAÑA,Play-offs 1/16 Final,BUENO ARENAS ALBACETE BASKET,47,J. HIERREZUELO SERER,85.7546%,43.8616%,False,1,LOBE HUESCA LA MAGIA,False
COPA ESPAÑA,Play-offs 1/16 Final,BUENO ARENAS ALBACETE BASKET,3,V. AGUILAR HERNANDEZ,71.0155%,20.1663%,True,1,LOBE HUESCA LA MAGIA,False
COPA ESPAÑA,Play-offs 1/16 Final,BUENO ARENAS ALBACETE BASKET,2,F. ANDRADE AMIEL,8.53315%,59.2384%,False,1,LOBE HUESCA LA MAGIA,False
COPA ESPAÑA,Play-offs 1/16 Final,BUENO ARENAS ALBACETE BASKET,5,N. REID,88.9281%,51.1719%,False,1,LOBE HUESCA LA MAGIA,False
COPA ESPAÑA,Play-offs 1/16 Final,BUENO ARENAS ALBACETE BASKET,24,O. BRAMBLE,9.59097%,63.6497%,False,1,LOBE HUESCA LA MAGIA,False
COPA ESPAÑA,Play-offs 1/16 Final,BUENO ARENAS ALBACETE BASKET,24,O. BRAMBLE,89.7743%,52.8104%,True,1,LOBE HUESCA LA MAGIA,False
COPA ESPAÑA,Play-offs 1/16 Final,BUENO ARENAS ALBACETE BASKET,5,N. REID,86.9535%,52.0541%,False,1,LOBE HUESCA LA MAGIA,False
COPA ESPAÑA,Play-offs 1/16 Final,BUENO ARENAS ALBACETE BASKET,44,B. VANACLOCHA SANCHEZ,9.52045%,45.122%,True,1,LOBE HUESCA LA MAGIA,False
COPA ESPAÑA,Play-offs 1/16 Final,BUENO ARENAS ALBACETE BASKET,47,J. HIERREZUELO SERER,89.0691%,57.7259%,False,1,LOBE HUESCA LA MAGIA,False
COPA ESPAÑA,Play-offs 1/16 Final,BUENO ARENAS ALBACETE BASKET,5,N. REID,23.1312%,33.9045%,False,1,LOBE HUESCA LA MAGIA,False
COPA ESPAÑA,Play-offs 1/16 Final,BUENO ARENAS ALBACETE BASKET,10,S. MERLO,12.4118%,51.1719%,False,1,LOBE HUESCA LA MAGIA,False
COPA ESPAÑA,Play-offs 1/16 Final,BUENO ARENAS ALBACETE BASKET,47,J. HIERREZUELO SERER,10.5783%,54.827%,False,1,LOBE HUESCA LA MAGIA,False
COPA ESPAÑA,Play-offs 1/16 Final,BUENO ARENAS ALBACETE BASKET,44,B. VANACLOCHA SANCHEZ,87.9408%,55.3312%,False,1,LOBE HUESCA LA MAGIA,False
COPA ESPAÑA,Play-offs 1/16 Final,BUENO ARENAS ALBACETE BASKET,10,S. MERLO,68.8293%,23.5693%,False,1,LOBE HUESCA LA MAGIA,False
COPA ESPAÑA,Play-offs 1/16 Final,BUENO ARENAS ALBACETE BASKET,11,J. GONZALEZ ALBADALEJO,6.91114%,58.7342%,True,1,LOBE HUESCA LA MAGIA,False
COPA ESPAÑA,Play-offs 1/16 Final,BUENO ARENAS ALBACETE BASKET,2,F. ANDRADE AMIEL,32.299%,63.6497%,False,1,LOBE HUESCA LA MAGIA,False
COPA ESPAÑA,Play-offs 1/16 Final,BUENO ARENAS ALBACETE BASKET,47,J. HIERREZUELO SERER,33.2158%,39.7023%,True,1,LOBE HUESCA LA MAGIA,False
COPA ESPAÑA,Play-offs 1/16 Final,BUENO ARENAS ALBACETE BASKET,7,V. MUÑOZ QUIÑONES,10.7193%,57.5999%,False,1,LOBE HUESCA LA MAGIA,False
COPA ESPAÑA,Play-offs 1/16 Final,BUENO ARENAS ALBACETE BASKET,5,N. REID,90.9027%,28.2328%,False,1,LOBE HUESCA LA MAGIA,False
COPA ESPAÑA,Play-offs 1/16 Final,BUENO ARENAS ALBACETE BASKET,22,A. PEREZ CONTI,80.6065%,92.1346%,True,1,LOBE HUESCA LA MAGIA,False
COPA ESPAÑA,Play-offs 1/16 Final,BUENO ARENAS ALBACETE BASKET,10,S. MERLO,10.5783%,42.7272%,False,1,LOBE HUESCA LA MAGIA,False
COPA ESPAÑA,Play-offs 1/16 Final,BUENO ARENAS ALBACETE BASKET,11,J. GONZALEZ ALBADALEJO,72.0028%,82.5556%,False,1,LOBE HUESCA LA MAGIA,False
COPA ESPAÑA,Play-offs 1/16 Final,BUENO ARENAS ALBACETE BASKET,5,N. REID,10.3667%,47.7688%,False,1,LOBE HUESCA LA MAGIA,False
COPA ESPAÑA,Play-offs 1/16 Final,BUENO ARENAS ALBACETE BASKET,5,N. REID,16.0085%,36.8034%,True,1,LOBE HUESCA LA MAGIA,False
COPA ESPAÑA,Play-offs 1/16 Final,BUENO ARENAS ALBACETE BASKET,2,F. ANDRADE AMIEL,30.4654%,25.712%,False,1,LOBE HUESCA LA MAGIA,False
COPA ESPAÑA,Play-offs 1/16 Final,BUENO ARENAS ALBACETE BASKET,11,J. GONZALEZ ALBADALEJO,70.5219%,19.7881%,False,1,LOBE HUESCA LA MAGIA,False
COPA ESPAÑA,Play-offs 1/16 Final,BUENO ARENAS ALBACETE BASKET,10,S. MERLO,64.2454%,63.1456%,False,1,LOBE HUESCA LA MAGIA,False
COPA ESPAÑA,Play-offs 1/16 Final,BUENO ARENAS ALBACETE BASKET,11,J. GONZALEZ ALBADALEJO,32.9337%,58.3561%,False,1,LOBE HUESCA LA MAGIA,False
COPA ESPAÑA,Play-offs 1/16 Final,BUENO ARENAS ALBACETE BASKET,10,S. MERLO,33.9915%,56.2134%,False,1,LOBE HUESCA LA MAGIA,False
COPA ESPAÑA,Play-offs 1/16 Final,BUENO ARENAS ALBACETE BASKET,3,V. AGUILAR HERNANDEZ,14.3159%,51.9281%,True,1,LOBE HUESCA LA MAGIA,False
COPA ESPAÑA,Play-offs 1/16 Final,BUENO ARENAS ALBACETE BASKET,11,J. GONZALEZ ALBADALEJO,91.6079%,26.2161%,False,1,LOBE HUESCA LA MAGIA,False
COPA ESPAÑA,Play-offs 1/16 Final,MELILLA CIUDAD DEL DEPORTE,7,P. CORDOBA MURO,65.3032%,77.6401%,False,1,CAJA RURAL CB ZAMORA,True
COPA ESPAÑA,Play-offs 1/16 Final,MELILLA CIUDAD DEL DEPORTE,23,R. STUMBRIS,37.5882%,78.6484%,False,1,CAJA RURAL CB ZAMORA,True
COPA ESPAÑA,Play-offs 1/16 Final,MELILLA CIUDAD DEL DEPORTE,21,L. DEBAUT,9.0268%,56.3395%,False,1,CAJA RURAL CB ZAMORA,True
COPA ESPAÑA,Play-offs 1/16 Final,MELILLA CIUDAD DEL DEPORTE,0,J. GODSPOWER JOHNSON,36.0367%,78.1442%,False,1,CAJA RURAL CB ZAMORA,True
COPA ESPAÑA,Play-offs 1/16 Final,MELILLA CIUDAD DEL DEPORTE,21,L. DEBAUT,35.402%,89.2357%,True,1,CAJA RURAL CB ZAMORA,True
COPA ESPAÑA,Play-offs 1/16 Final,MELILLA CIUDAD DEL DEPORTE,33,M. STILMA,55.9944%,80.2869%,True,1,CAJA RURAL CB ZAMORA,True
COPA ESPAÑA,Play-offs 1/16 Final,MELILLA CIUDAD DEL DEPORTE,7,P. CORDOBA MURO,32.7221%,90.7481%,False,1,CAJA RURAL CB ZAMORA,True
COPA ESPAÑA,Play-offs 1/16 Final,MELILLA CIUDAD DEL DEPORTE,23,R. STUMBRIS,89.9154%,57.2217%,False,1,CAJA RURAL CB ZAMORA,True
COPA ESPAÑA,Play-offs 1/16 Final,MELILLA CIUDAD DEL DEPORTE,12,P. KRUTOUS,35.4725%,85.0764%,False,1,CAJA RURAL CB ZAMORA,True
COPA ESPAÑA,Play-offs 1/16 Final,MELILLA CIUDAD DEL DEPORTE,33,M. STILMA,62.0592%,82.9337%,True,1,CAJA RURAL CB ZAMORA,True
COPA ESPAÑA,Play-offs 1/16 Final,MELILLA CIUDAD DEL DEPORTE,21,L. DEBAUT,8.53315%,52.3062%,True,1,CAJA RURAL CB ZAMORA,True
COPA ESPAÑA,Play-offs 1/16 Final,MELILLA CIUDAD DEL DEPORTE,12,P. KRUTOUS,59.1678%,89.2357%,False,1,CAJA RURAL CB ZAMORA,True
COPA ESPAÑA,Play-offs 1/16 Final,MELILLA CIUDAD DEL DEPORTE,22,C. DIAZ RODRIGUEZ,36.7419%,53.4406%,True,1,CAJA RURAL CB ZAMORA,True
COPA ESPAÑA,Play-offs 1/16 Final,MELILLA CIUDAD DEL DEPORTE,44,J. GARCIA SANCHEZ,40.0564%,83.3118%,False,1,CAJA RURAL CB ZAMORA,True
COPA ESPAÑA,Play-offs 1/16 Final,MELILLA CIUDAD DEL DEPORTE,33,M. STILMA,63.8928%,83.3118%,False,1,CAJA RURAL CB ZAMORA,True
COPA ESPAÑA,Play-offs 1/16 Final,MELILLA CIUDAD DEL DEPORTE,22,C. DIAZ RODRIGUEZ,86.9535%,52.0541%,False,1,CAJA RURAL CB ZAMORA,True
COPA ESPAÑA,Play-offs 1/16 Final,MELILLA CIUDAD DEL DEPORTE,33,M. STILMA,56.5585%,84.1941%,False,1,CAJA RURAL CB ZAMORA,True
COPA ESPAÑA,Play-offs 1/16 Final,MELILLA CIUDAD DEL DEPORTE,23,R. STUMBRIS,13.5402%,61.129%,False,1,CAJA RURAL CB ZAMORA,True
COPA ESPAÑA,Play-offs 1/16 Final,MELILLA CIUDAD DEL DEPORTE,44,J. GARCIA SANCHEZ,62.4118%,80.665%,True,1,CAJA RURAL CB ZAMORA,True
COPA ESPAÑA,Play-offs 1/16 Final,MELILLA CIUDAD DEL DEPORTE,22,C. DIAZ RODRIGUEZ,35.0494%,81.1692%,False,1,CAJA RURAL CB ZAMORA,True
COPA ESPAÑA,Play-offs 1/16 Final,MELILLA CIUDAD DEL DEPORTE,33,M. STILMA,63.4697%,82.3035%,False,1,CAJA RURAL CB ZAMORA,True
COPA ESPAÑA,Play-offs 1/16 Final,MELILLA CIUDAD DEL DEPORTE,12,P. KRUTOUS,37.3766%,21.4266%,False,1,CAJA RURAL CB ZAMORA,True
COPA ESPAÑA,Play-offs 1/16 Final,MELILLA CIUDAD DEL DEPORTE,7,P. CORDOBA MURO,89.7743%,49.7854%,True,1,CAJA RURAL CB ZAMORA,True
COPA ESPAÑA,Play-offs 1/16 Final,MELILLA CIUDAD DEL DEPORTE,33,M. STILMA,91.0437%,53.6926%,False,1,CAJA RURAL CB ZAMORA,True
COPA ESPAÑA,Play-offs 1/16 Final,MELILLA CIUDAD DEL DEPORTE,21,L. DEBAUT,10.9309%,51.676%,True,1,CAJA RURAL CB ZAMORA,True
COPA ESPAÑA,Play-offs 1/16 Final,MELILLA CIUDAD DEL DEPORTE,23,R. STUMBRIS,34.1326%,81.5473%,True,1,CAJA RURAL CB ZAMORA,True
COPA ESPAÑA,Play-offs 1/16 Final,MELILLA CIUDAD DEL DEPORTE,21,L. DEBAUT,8.32158%,51.676%,True,1,CAJA RURAL CB ZAMORA,True
COPA ESPAÑA,Play-offs 1/16 Final,MELILLA CIUDAD DEL DEPORTE,44,J. GARCIA SANCHEZ,64.457%,79.1525%,False,1,CAJA RURAL CB ZAMORA,True
COPA ESPAÑA,Play-offs 1/16 Final,MELILLA CIUDAD DEL DEPORTE,5,M. HERON,88.646%,55.0791%,False,1,CAJA RURAL CB ZAMORA,True
COPA ESPAÑA,Play-offs 1/16 Final,MELILLA CIUDAD DEL DEPORTE,22,C. DIAZ RODRIGUEZ,59.8025%,75.3714%,False,1,CAJA RURAL CB ZAMORA,True
COPA ESPAÑA,Play-offs 1/16 Final,MELILLA CIUDAD DEL DEPORTE,5,M. HERON,63.3992%,19.7881%,False,1,CAJA RURAL CB ZAMORA,True
COPA ESPAÑA,Play-offs 1/16 Final,MELILLA CIUDAD DEL DEPORTE,23,R. STUMBRIS,35.402%,80.0348%,False,1,CAJA RURAL CB ZAMORA,True
COPA ESPAÑA,Play-offs 1/16 Final,MELILLA CIUDAD DEL DEPORTE,23,R. STUMBRIS,12.1298%,54.4489%,False,1,CAJA RURAL CB ZAMORA,True
COPA ESPAÑA,Play-offs 1/16 Final,MELILLA CIUDAD DEL DEPORTE,7,P. CORDOBA MURO,88.4344%,54.827%,True,1,CAJA RURAL CB ZAMORA,True
COPA ESPAÑA,Play-offs 1/16 Final,MELILLA CIUDAD DEL DEPORTE,22,C. DIAZ RODRIGUEZ,84.4852%,49.9115%,True,1,CAJA RURAL CB ZAMORA,True
COPA ESPAÑA,Play-offs 1/16 Final,MELILLA CIUDAD DEL DEPORTE,23,R. STUMBRIS,86.9535%,52.0541%,True,1,CAJA RURAL CB ZAMORA,True
COPA ESPAÑA,Play-offs 1/16 Final,MELILLA CIUDAD DEL DEPORTE,44,J. GARCIA SANCHEZ,35.3315%,85.4545%,False,1,CAJA RURAL CB ZAMORA,True
COPA ESPAÑA,Play-offs 1/16 Final,MELILLA CIUDAD DEL DEPORTE,23,R. STUMBRIS,11.0014%,51.0458%,False,1,CAJA RURAL CB ZAMORA,True
COPA ESPAÑA,Play-offs 1/16 Final,MELILLA CIUDAD DEL DEPORTE,21,L. DEBAUT,92.3131%,52.4323%,False,1,CAJA RURAL CB ZAMORA,True
COPA ESPAÑA,Play-offs 1/16 Final,MELILLA CIUDAD DEL DEPORTE,12,P. KRUTOUS,35.8251%,82.4296%,True,1,CAJA RURAL CB ZAMORA,True
COPA ESPAÑA,Play-offs 1/16 Final,MELILLA CIUDAD DEL DEPORTE,5,M. HERON,90.7616%,50.9198%,False,1,CAJA RURAL CB ZAMORA,True
COPA ESPAÑA,Play-offs 1/16 Final,MELILLA CIUDAD DEL DEPORTE,33,M. STILMA,90.6206%,57.8519%,False,1,CAJA RURAL CB ZAMORA,True
COPA ESPAÑA,Play-offs 1/16 Final,MELILLA CIUDAD DEL DEPORTE,23,R. STUMBRIS,55.0071%,80.539%,False,1,CAJA RURAL CB ZAMORA,True
COPA ESPAÑA,Play-offs 1/16 Final,MELILLA CIUDAD DEL DEPORTE,33,M. STILMA,88.1523%,67.5569%,False,1,CAJA RURAL CB ZAMORA,True
COPA ESPAÑA,Play-offs 1/16 Final,MELILLA CIUDAD DEL DEPORTE,5,M. HERON,91.0437%,53.6926%,False,1,CAJA RURAL CB ZAMORA,True
COPA ESPAÑA,Play-offs 1/16 Final,MELILLA CIUDAD DEL DEPORTE,23,R. STUMBRIS,8.74471%,52.8104%,True,1,CAJA RURAL CB ZAMORA,True
COPA ESPAÑA,Play-offs 1/16 Final,MELILLA CIUDAD DEL DEPORTE,33,M. STILMA,11.2835%,49.1552%,True,1,CAJA RURAL CB ZAMORA,True
COPA ESPAÑA,Play-offs 1/16 Final,MELILLA CIUDAD DEL DEPORTE,7,P. CORDOBA MURO,36.6714%,82.8077%,False,1,CAJA RURAL CB ZAMORA,True
COPA ESPAÑA,Play-offs 1/16 Final,MELILLA CIUDAD DEL DEPORTE,23,R. STUMBRIS,61.354%,77.6401%,False,1,CAJA RURAL CB ZAMORA,True
COPA ESPAÑA,Play-offs 1/16 Final,MELILLA CIUDAD DEL DEPORTE,7,P. CORDOBA MURO,58.2511%,78.5223%,False,1,CAJA RURAL CB ZAMORA,True
COPA ESPAÑA,Play-offs 1/16 Final,MELILLA CIUDAD DEL DEPORTE,23,R. STUMBRIS,59.1678%,83.816%,False,1,CAJA RURAL CB ZAMORA,True
COPA ESPAÑA,Play-offs 1/16 Final,MELILLA CIUDAD DEL DEPORTE,1,D. POIRIER,17.2073%,62.3893%,False,1,CAJA RURAL CB ZAMORA,True
COPA ESPAÑA,Play-offs 1/16 Final,MELILLA CIUDAD DEL DEPORTE,5,M. HERON,37.165%,14.4945%,True,1,CAJA RURAL CB ZAMORA,True
COPA ESPAÑA,Play-offs 1/16 Final,MELILLA CIUDAD DEL DEPORTE,7,P. CORDOBA MURO,87.5176%,51.4239%,False,1,CAJA RURAL CB ZAMORA,True
COPA ESPAÑA,Play-offs 1/16 Final,MELILLA CIUDAD DEL DEPORTE,33,M. STILMA,88.646%,55.0791%,False,1,CAJA RURAL CB ZAMORA,True
COPA ESPAÑA,Play-offs 1/16 Final,MELILLA CIUDAD DEL DEPORTE,33,M. STILMA,92.031%,52.8104%,True,1,CAJA RURAL CB ZAMORA,True
COPA ESPAÑA,Play-offs 1/16 Final,MELILLA CIUDAD DEL DEPORTE,5,M. HERON,10.0846%,49.4073%,True,1,CAJA RURAL CB ZAMORA,True
COPA ESPAÑA,Play-offs 1/16 Final,MELILLA CIUDAD DEL DEPORTE,7,P. CORDOBA MURO,59.591%,84.3201%,False,1,CAJA RURAL CB ZAMORA,True
COPA ESPAÑA,Play-offs 1/16 Final,MELILLA CIUDAD DEL DEPORTE,33,M. STILMA,61.9182%,20.9225%,False,1,CAJA RURAL CB ZAMORA,True
COPA ESPAÑA,Play-offs 1/16 Final,MELILLA CIUDAD DEL DEPORTE,12,P. KRUTOUS,90.0564%,45.6261%,True,1,CAJA RURAL CB ZAMORA,True
COPA ESPAÑA,Play-offs 1/16 Final,MELILLA CIUDAD DEL DEPORTE,0,J. GODSPOWER JOHNSON,62.3413%,21.9308%,False,1,CAJA RURAL CB ZAMORA,True
COPA ESPAÑA,Play-offs 1/16 Final,MELILLA CIUDAD DEL DEPORTE,33,M. STILMA,36.8829%,83.3118%,True,1,CAJA RURAL CB ZAMORA,True
COPA ESPAÑA,Play-offs 1/16 Final,MELILLA CIUDAD DEL DEPORTE,5,M. HERON,35.6135%,80.1609%,True,1,CAJA RURAL CB ZAMORA,True
COPA ESPAÑA,Play-offs 1/16 Final,MELILLA CIUDAD DEL DEPORTE,5,M. HERON,36.2482%,82.8077%,False,1,CAJA RURAL CB ZAMORA,True
COPA ESPAÑA,Play-offs 1/16 Final,MELILLA CIUDAD DEL DEPORTE,22,C. DIAZ RODRIGUEZ,60.9309%,73.8589%,False,1,CAJA RURAL CB ZAMORA,True
COPA ESPAÑA,Play-offs 1/16 Final,MELILLA CIUDAD DEL DEPORTE,7,P. CORDOBA MURO,62.7645%,17.8975%,False,1,CAJA RURAL CB ZAMORA,True
COPA ESPAÑA,Play-offs 1/16 Final,CAJA RURAL CB ZAMORA,15,O. LO,13.8928%,50.9198%,False,1,MELILLA CIUDAD DEL DEPORTE,False
COPA ESPAÑA,Play-offs 1/16 Final,CAJA RURAL CB ZAMORA,9,J. PERIS CRESPO,89.7743%,51.0458%,True,1,MELILLA CIUDAD DEL DEPORTE,False
COPA ESPAÑA,Play-offs 1/16 Final,CAJA RURAL CB ZAMORA,4,J. ROUND,38.0113%,18.1496%,False,1,MELILLA CIUDAD DEL DEPORTE,False
COPA ESPAÑA,Play-offs 1/16 Final,CAJA RURAL CB ZAMORA,15,O. LO,89.9859%,50.9198%,True,1,MELILLA CIUDAD DEL DEPORTE,False
COPA ESPAÑA,Play-offs 1/16 Final,CAJA RURAL CB ZAMORA,21,J. VAN ZEGEREN,11.8477%,52.3062%,True,1,MELILLA CIUDAD DEL DEPORTE,False
COPA ESPAÑA,Play-offs 1/16 Final,CAJA RURAL CB ZAMORA,9,J. PERIS CRESPO,31.3822%,9.70501%,False,1,MELILLA CIUDAD DEL DEPORTE,False
COPA ESPAÑA,Play-offs 1/16 Final,CAJA RURAL CB ZAMORA,13,A. MARTINEZ CLARIANA,60.3667%,79.7827%,True,1,MELILLA CIUDAD DEL DEPORTE,False
COPA ESPAÑA,Play-offs 1/16 Final,CAJA RURAL CB ZAMORA,34,S. THRASTARSON,85.1199%,54.1968%,False,1,MELILLA CIUDAD DEL DEPORTE,False
COPA ESPAÑA,Play-offs 1/16 Final,CAJA RURAL CB ZAMORA,9,J. PERIS CRESPO,60.0141%,81.2952%,False,1,MELILLA CIUDAD DEL DEPORTE,False
COPA ESPAÑA,Play-offs 1/16 Final,CAJA RURAL CB ZAMORA,15,O. LO,11.0014%,47.1386%,True,1,MELILLA CIUDAD DEL DEPORTE,False
COPA ESPAÑA,Play-offs 1/16 Final,CAJA RURAL CB ZAMORA,78,A. BOUZAN CUMPLIDO,91.3963%,48.9032%,False,1,MELILLA CIUDAD DEL DEPORTE,False
COPA ESPAÑA,Play-offs 1/16 Final,CAJA RURAL CB ZAMORA,15,O. LO,90.409%,54.5749%,False,1,MELILLA CIUDAD DEL DEPORTE,False
COPA ESPAÑA,Play-offs 1/16 Final,CAJA RURAL CB ZAMORA,78,A. BOUZAN CUMPLIDO,66.0085%,83.1858%,False,1,MELILLA CIUDAD DEL DEPORTE,False
COPA ESPAÑA,Play-offs 1/16 Final,CAJA RURAL CB ZAMORA,13,A. MARTINEZ CLARIANA,66.0085%,83.1858%,True,1,MELILLA CIUDAD DEL DEPORTE,False
COPA ESPAÑA,Play-offs 1/16 Final,CAJA RURAL CB ZAMORA,4,J. ROUND,39.4217%,80.0348%,False,1,MELILLA CIUDAD DEL DEPORTE,False
COPA ESPAÑA,Play-offs 1/16 Final,CAJA RURAL CB ZAMORA,9,J. PERIS CRESPO,14.598%,49.1552%,False,1,MELILLA CIUDAD DEL DEPORTE,False
COPA ESPAÑA,Play-offs 1/16 Final,CAJA RURAL CB ZAMORA,34,S. THRASTARSON,62.1298%,79.6567%,True,1,MELILLA CIUDAD DEL DEPORTE,False
COPA ESPAÑA,Play-offs 1/16 Final,CAJA RURAL CB ZAMORA,34,S. THRASTARSON,86.5303%,50.0375%,False,1,MELILLA CIUDAD DEL DEPORTE,False
COPA ESPAÑA,Play-offs 1/16 Final,CAJA RURAL CB ZAMORA,21,J. VAN ZEGEREN,86.5303%,50.0375%,True,1,MELILLA CIUDAD DEL DEPORTE,False
COPA ESPAÑA,Play-offs 1/16 Final,CAJA RURAL CB ZAMORA,9,J. PERIS CRESPO,10.5078%,49.0292%,True,1,MELILLA CIUDAD DEL DEPORTE,False
COPA ESPAÑA,Play-offs 1/16 Final,CAJA RURAL CB ZAMORA,4,J. ROUND,9.73202%,49.4073%,True,1,MELILLA CIUDAD DEL DEPORTE,False
COPA ESPAÑA,Play-offs 1/16 Final,CAJA RURAL CB ZAMORA,13,A. MARTINEZ CLARIANA,88.3639%,53.6926%,True,1,MELILLA CIUDAD DEL DEPORTE,False
COPA ESPAÑA,Play-offs 1/16 Final,CAJA RURAL CB ZAMORA,9,J. PERIS CRESPO,88.9986%,51.2979%,True,1,MELILLA CIUDAD DEL DEPORTE,False
COPA ESPAÑA,Play-offs 1/16 Final,CAJA RURAL CB ZAMORA,9,J. PERIS CRESPO,64.9506%,79.1525%,False,1,MELILLA CIUDAD DEL DEPORTE,False
COPA ESPAÑA,Play-offs 1/16 Final,CAJA RURAL CB ZAMORA,9,J. PERIS CRESPO,36.6008%,79.2786%,False,1,MELILLA CIUDAD DEL DEPORTE,False
COPA ESPAÑA,Play-offs 1/16 Final,CAJA RURAL CB ZAMORA,9,J. PERIS CRESPO,35.8251%,81.6733%,False,1,MELILLA CIUDAD DEL DEPORTE,False
COPA ESPAÑA,Play-offs 1/16 Final,CAJA RURAL CB ZAMORA,13,A. MARTINEZ CLARIANA,9.94358%,49.7854%,False,1,MELILLA CIUDAD DEL DEPORTE,False
COPA ESPAÑA,Play-offs 1/16 Final,CAJA RURAL CB ZAMORA,78,A. BOUZAN CUMPLIDO,65.3738%,16.6372%,False,1,MELILLA CIUDAD DEL DEPORTE,False
COPA ESPAÑA,Play-offs 1/16 Final,CAJA RURAL CB ZAMORA,15,O. LO,89.4217%,49.2813%,True,1,MELILLA CIUDAD DEL DEPORTE,False
COPA ESPAÑA,Play-offs 1/16 Final,CAJA RURAL CB ZAMORA,4,J. ROUND,10.7193%,46.3824%,True,1,MELILLA CIUDAD DEL DEPORTE,False
COPA ESPAÑA,Play-offs 1/16 Final,CAJA RURAL CB ZAMORA,4,J. ROUND,35.1904%,16.6372%,False,1,MELILLA CIUDAD DEL DEPORTE,False
COPA ESPAÑA,Play-offs 1/16 Final,CAJA RURAL CB ZAMORA,13,A. MARTINEZ CLARIANA,86.6714%,54.953%,False,1,MELILLA CIUDAD DEL DEPORTE,False
COPA ESPAÑA,Play-offs 1/16 Final,CAJA RURAL CB ZAMORA,17,T. NASPLER PERAIRE,7.61636%,55.0791%,False,1,MELILLA CIUDAD DEL DEPORTE,False
COPA ESPAÑA,Play-offs 1/16 Final,CAJA RURAL CB ZAMORA,4,J. ROUND,62.4824%,75.4974%,True,1,MELILLA CIUDAD DEL DEPORTE,False
COPA ESPAÑA,Play-offs 1/16 Final,CAJA RURAL CB ZAMORA,17,T. NASPLER PERAIRE,64.0338%,76.6318%,False,1,MELILLA CIUDAD DEL DEPORTE,False
COPA ESPAÑA,Play-offs 1/16 Final,CAJA RURAL CB ZAMORA,78,A. BOUZAN CUMPLIDO,93.0889%,59.3644%,False,1,MELILLA CIUDAD DEL DEPORTE,False
COPA ESPAÑA,Play-offs 1/16 Final,CAJA RURAL CB ZAMORA,21,J. VAN ZEGEREN,11.0719%,51.55%,False,1,MELILLA CIUDAD DEL DEPORTE,False
COPA ESPAÑA,Play-offs 1/16 Final,CAJA RURAL CB ZAMORA,78,A. BOUZAN CUMPLIDO,39.0691%,86.8409%,False,1,MELILLA CIUDAD DEL DEPORTE,False
COPA ESPAÑA,Play-offs 1/16 Final,CAJA RURAL CB ZAMORA,21,J. VAN ZEGEREN,8.3921%,51.8021%,False,1,MELILLA CIUDAD DEL DEPORTE,False
COPA ESPAÑA,Play-offs 1/16 Final,CAJA RURAL CB ZAMORA,9,J. PERIS CRESPO,38.9986%,76.7578%,False,1,MELILLA CIUDAD DEL DEPORTE,False
COPA ESPAÑA,Play-offs 1/16 Final,CAJA RURAL CB ZAMORA,17,T. NASPLER PERAIRE,63.1171%,77.0099%,True,1,MELILLA CIUDAD DEL DEPORTE,False
COPA ESPAÑA,Play-offs 1/16 Final,CAJA RURAL CB ZAMORA,78,A. BOUZAN CUMPLIDO,60.2962%,85.0764%,False,1,MELILLA CIUDAD DEL DEPORTE,False
COPA ESPAÑA,Play-offs 1/16 Final,CAJA RURAL CB ZAMORA,15,O. LO,88.2934%,44.6178%,False,1,MELILLA CIUDAD DEL DEPORTE,False
COPA ESPAÑA,Play-offs 1/16 Final,CAJA RURAL CB ZAMORA,15,O. LO,92.2426%,52.1802%,True,1,MELILLA CIUDAD DEL DEPORTE,False
COPA ESPAÑA,Play-offs 1/16 Final,CAJA RURAL CB ZAMORA,9,J. PERIS CRESPO,65.2327%,84.0681%,False,1,MELILLA CIUDAD DEL DEPORTE,False
COPA ESPAÑA,Play-offs 1/16 Final,CAJA RURAL CB ZAMORA,17,T. NASPLER PERAIRE,87.0945%,51.4239%,True,1,MELILLA CIUDAD DEL DEPORTE,False
COPA ESPAÑA,Play-offs 1/16 Final,CAJA RURAL CB ZAMORA,15,O. LO,15.0212%,59.1123%,True,1,MELILLA CIUDAD DEL DEPORTE,False
COPA ESPAÑA,Play-offs 1/16 Final,CAJA RURAL CB ZAMORA,15,O. LO,86.0367%,54.5749%,False,1,MELILLA CIUDAD DEL DEPORTE,False
COPA ESPAÑA,Play-offs 1/16 Final,CAJA RURAL CB ZAMORA,4,J. ROUND,36.8124%,73.1027%,False,1,MELILLA CIUDAD DEL DEPORTE,False
COPA ESPAÑA,Play-offs 1/16 Final,CAJA RURAL CB ZAMORA,21,J. VAN ZEGEREN,89.7743%,56.9697%,True,1,MELILLA CIUDAD DEL DEPORTE,False
COPA ESPAÑA,Play-offs 1/16 Final,CAJA RURAL CB ZAMORA,34,S. THRASTARSON,84.6262%,35.6691%,False,1,MELILLA CIUDAD DEL DEPORTE,False
COPA ESPAÑA,Play-offs 1/16 Final,CAJA RURAL CB ZAMORA,14,D. KRISTENSEN,88.2229%,51.9281%,False,1,MELILLA CIUDAD DEL DEPORTE,False
COPA ESPAÑA,Play-offs 1/16 Final,CAJA RURAL CB ZAMORA,14,D. KRISTENSEN,89.4217%,56.4655%,True,1,MELILLA CIUDAD DEL DEPORTE,False
COPA ESPAÑA,Play-offs 1/16 Final,CAJA RURAL CB ZAMORA,13,A. MARTINEZ CLARIANA,69.3935%,14.2424%,True,1,MELILLA CIUDAD DEL DEPORTE,False
COPA ESPAÑA,Play-offs 1/16 Final,CAJA RURAL CB ZAMORA,14,D. KRISTENSEN,87.5176%,50.7937%,False,1,MELILLA CIUDAD DEL DEPORTE,False
COPA ESPAÑA,Play-offs 1/16 Final,CAJA RURAL CB ZAMORA,9,J. PERIS CRESPO,35.1904%,82.8077%,False,1,MELILLA CIUDAD DEL DEPORTE,False
COPA ESPAÑA,Play-offs 1/16 Final,CAJA RURAL CB ZAMORA,17,T. NASPLER PERAIRE,36.4598%,82.5556%,True,1,MELILLA CIUDAD DEL DEPORTE,False
COPA ESPAÑA,Play-offs 1/16 Final,CAJA RURAL CB ZAMORA,21,J. VAN ZEGEREN,88.2934%,49.6594%,False,1,MELILLA CIUDAD DEL DEPORTE,False
COPA ESPAÑA,Play-offs 1/16 Final,CAJA RURAL CB ZAMORA,78,A. BOUZAN CUMPLIDO,11.9887%,44.7439%,False,1,MELILLA CIUDAD DEL DEPORTE,False
COPA ESPAÑA,Play-offs 1/16 Final,CAJA RURAL CB ZAMORA,78,A. BOUZAN CUMPLIDO,8.88575%,59.6165%,True,1,MELILLA CIUDAD DEL DEPORTE,False
COPA ESPAÑA,Play-offs 1/16 Final,C.B. ZARAGOZA,12,E. GATELL SANZ,15.5853%,50.0375%,False,1,GRUPO URETA TIZONA BURGOS,True
COPA ESPAÑA,Play-offs 1/16 Final,C.B. ZARAGOZA,22,J. ZHAO OLMOS,68.9704%,24.7037%,False,1,GRUPO URETA TIZONA BURGOS,True
COPA ESPAÑA,Play-offs 1/16 Final,C.B. ZARAGOZA,15,J. JIMÉNEZ JIMÉNEZ,14.1044%,56.9697%,True,1,GRUPO URETA TIZONA BURGOS,True
COPA ESPAÑA,Play-offs 1/16 Final,C.B. ZARAGOZA,3,I. OKEKE,86.7419%,49.6594%,False,1,GRUPO URETA TIZONA BURGOS,True
COPA ESPAÑA,Play-offs 1/16 Final,C.B. ZARAGOZA,3,I. OKEKE,91.89%,57.4738%,True,1,GRUPO URETA TIZONA BURGOS,True
COPA ESPAÑA,Play-offs 1/16 Final,C.B. ZARAGOZA,0,D. MUÑOZ SAMATAN,13.8223%,42.4752%,True,1,GRUPO URETA TIZONA BURGOS,True
COPA ESPAÑA,Play-offs 1/16 Final,C.B. ZARAGOZA,24,G. COLOM BARRUFET,67.9831%,83.0598%,False,1,GRUPO URETA TIZONA BURGOS,True
COPA ESPAÑA,Play-offs 1/16 Final,C.B. ZARAGOZA,3,I. OKEKE,82.6516%,44.9959%,False,1,GRUPO URETA TIZONA BURGOS,True
COPA ESPAÑA,Play-offs 1/16 Final,C.B. ZARAGOZA,5,D. ARJOL LOPEZ,88.5755%,59.8686%,True,1,GRUPO URETA TIZONA BURGOS,True
COPA ESPAÑA,Play-offs 1/16 Final,C.B. ZARAGOZA,24,G. COLOM BARRUFET,31.6643%,19.284%,False,1,GRUPO URETA TIZONA BURGOS,True
COPA ESPAÑA,Play-offs 1/16 Final,C.B. ZARAGOZA,7,O. ALVARADO RODRIGUEZ,67.5599%,30.7535%,True,1,GRUPO URETA TIZONA BURGOS,True
COPA ESPAÑA,Play-offs 1/16 Final,C.B. ZARAGOZA,22,J. ZHAO OLMOS,67.9126%,71.8423%,False,1,GRUPO URETA TIZONA BURGOS,True
COPA ESPAÑA,Play-offs 1/16 Final,C.B. ZARAGOZA,5,D. ARJOL LOPEZ,12.6939%,74.237%,False,1,GRUPO URETA TIZONA BURGOS,True
COPA ESPAÑA,Play-offs 1/16 Final,C.B. ZARAGOZA,22,J. ZHAO OLMOS,13.5402%,45.7522%,True,1,GRUPO URETA TIZONA BURGOS,True
COPA ESPAÑA,Play-offs 1/16 Final,C.B. ZARAGOZA,5,D. ARJOL LOPEZ,14.598%,46.0043%,True,1,GRUPO URETA TIZONA BURGOS,True
COPA ESPAÑA,Play-offs 1/16 Final,C.B. ZARAGOZA,3,I. OKEKE,13.2581%,57.0957%,False,1,GRUPO URETA TIZONA BURGOS,True
COPA ESPAÑA,Play-offs 1/16 Final,C.B. ZARAGOZA,24,G. COLOM BARRUFET,16.2906%,52.0541%,False,1,GRUPO URETA TIZONA BURGOS,True
COPA ESPAÑA,Play-offs 1/16 Final,C.B. ZARAGOZA,22,J. ZHAO OLMOS,67.701%,77.6401%,False,1,GRUPO URETA TIZONA BURGOS,True
COPA ESPAÑA,Play-offs 1/16 Final,C.B. ZARAGOZA,0,D. MUÑOZ SAMATAN,88.646%,21.8048%,False,1,GRUPO URETA TIZONA BURGOS,True
COPA ESPAÑA,Play-offs 1/16 Final,C.B. ZARAGOZA,22,J. ZHAO OLMOS,34.9083%,64.658%,False,1,GRUPO URETA TIZONA BURGOS,True
COPA ESPAÑA,Play-offs 1/16 Final,C.B. ZARAGOZA,24,G. COLOM BARRUFET,16.9958%,52.4323%,True,1,GRUPO URETA TIZONA BURGOS,True
COPA ESPAÑA,Play-offs 1/16 Final,C.B. ZARAGOZA,24,G. COLOM BARRUFET,67.4894%,76.8838%,False,1,GRUPO URETA TIZONA BURGOS,True
COPA ESPAÑA,Play-offs 1/16 Final,C.B. ZARAGOZA,22,J. ZHAO OLMOS,18.3357%,38.694%,False,1,GRUPO URETA TIZONA BURGOS,True
COPA ESPAÑA,Play-offs 1/16 Final,C.B. ZARAGOZA,5,D. ARJOL LOPEZ,14.5275%,45.5001%,True,1,GRUPO URETA TIZONA BURGOS,True
COPA ESPAÑA,Play-offs 1/16 Final,C.B. ZARAGOZA,13,P. ASO JIMENEZ,33.1453%,24.8297%,False,1,GRUPO URETA TIZONA BURGOS,True
COPA ESPAÑA,Play-offs 1/16 Final,C.B. ZARAGOZA,22,J. ZHAO OLMOS,14.1044%,71.5902%,False,1,GRUPO URETA TIZONA BURGOS,True
COPA ESPAÑA,Play-offs 1/16 Final,C.B. ZARAGOZA,22,J. ZHAO OLMOS,31.5233%,74.111%,False,1,GRUPO URETA TIZONA BURGOS,True
COPA ESPAÑA,Play-offs 1/16 Final,C.B. ZARAGOZA,3,I. OKEKE,77.6446%,49.4073%,False,1,GRUPO URETA TIZONA BURGOS,True
COPA ESPAÑA,Play-offs 1/16 Final,C.B. ZARAGOZA,13,P. ASO JIMENEZ,14.9506%,54.953%,True,1,GRUPO URETA TIZONA BURGOS,True
COPA ESPAÑA,Play-offs 1/16 Final,C.B. ZARAGOZA,24,G. COLOM BARRUFET,13.8223%,76.1276%,False,1,GRUPO URETA TIZONA BURGOS,True
COPA ESPAÑA,Play-offs 1/16 Final,C.B. ZARAGOZA,22,J. ZHAO OLMOS,12.7645%,56.5915%,True,1,GRUPO URETA TIZONA BURGOS,True
COPA ESPAÑA,Play-offs 1/16 Final,C.B. ZARAGOZA,15,J. JIMÉNEZ JIMÉNEZ,31.6643%,22.8131%,False,1,GRUPO URETA TIZONA BURGOS,True
COPA ESPAÑA,Play-offs 1/16 Final,C.B. ZARAGOZA,0,D. MUÑOZ SAMATAN,13.7518%,55.4572%,False,1,GRUPO URETA TIZONA BURGOS,True
COPA ESPAÑA,Play-offs 1/16 Final,C.B. ZARAGOZA,5,D. ARJOL LOPEZ,85.0494%,56.5915%,True,1,GRUPO URETA TIZONA BURGOS,True
COPA ESPAÑA,Play-offs 1/16 Final,C.B. ZARAGOZA,22,J. ZHAO OLMOS,12.835%,43.3574%,True,1,GRUPO URETA TIZONA BURGOS,True
COPA ESPAÑA,Play-offs 1/16 Final,C.B. ZARAGOZA,15,J. JIMÉNEZ JIMÉNEZ,65.7969%,67.5569%,True,1,GRUPO URETA TIZONA BURGOS,True
COPA ESPAÑA,Play-offs 1/16 Final,C.B. ZARAGOZA,5,D. ARJOL LOPEZ,88.0113%,59.7425%,True,1,GRUPO URETA TIZONA BURGOS,True
COPA ESPAÑA,Play-offs 1/16 Final,C.B. ZARAGOZA,3,I. OKEKE,68.5473%,77.388%,True,1,GRUPO URETA TIZONA BURGOS,True
COPA ESPAÑA,Play-offs 1/16 Final,C.B. ZARAGOZA,22,J. ZHAO OLMOS,67.3484%,34.4087%,True,1,GRUPO URETA TIZONA BURGOS,True
COPA ESPAÑA,Play-offs 1/16 Final,C.B. ZARAGOZA,22,J. ZHAO OLMOS,84.9083%,46.5084%,False,1,GRUPO URETA TIZONA BURGOS,True
COPA ESPAÑA,Play-offs 1/16 Final,C.B. ZARAGOZA,12,E. GATELL SANZ,15.6559%,70.3298%,True,1,GRUPO URETA TIZONA BURGOS,True
COPA ESPAÑA,Play-offs 1/16 Final,C.B. ZARAGOZA,12,E. GATELL SANZ,85.2609%,46.2563%,True,1,GRUPO URETA TIZONA BURGOS,True
COPA ESPAÑA,Play-offs 1/16 Final,C.B. ZARAGOZA,13,P. ASO JIMENEZ,18.0536%,48.9032%,False,1,GRUPO URETA TIZONA BURGOS,True
COPA ESPAÑA,Play-offs 1/16 Final,C.B. ZARAGOZA,15,J. JIMÉNEZ JIMÉNEZ,14.3159%,59.3644%,True,1,GRUPO URETA TIZONA BURGOS,True
COPA ESPAÑA,Play-offs 1/16 Final,C.B. ZARAGOZA,15,J. JIMÉNEZ JIMÉNEZ,14.3865%,55.8353%,False,1,GRUPO URETA TIZONA BURGOS,True
COPA ESPAÑA,Play-offs 1/16 Final,C.B. ZARAGOZA,24,G. COLOM BARRUFET,30.4654%,20.9225%,False,1,GRUPO URETA TIZONA BURGOS,True
COPA ESPAÑA,Play-offs 1/16 Final,C.B. ZARAGOZA,7,O. ALVARADO RODRIGUEZ,33.1453%,71.086%,False,1,GRUPO URETA TIZONA BURGOS,True
COPA ESPAÑA,Play-offs 1/16 Final,C.B. ZARAGOZA,12,E. GATELL SANZ,88.5755%,60.3727%,True,1,GRUPO URETA TIZONA BURGOS,True
COPA ESPAÑA,Play-offs 1/16 Final,C.B. ZARAGOZA,22,J. ZHAO OLMOS,34.6262%,68.4392%,False,1,GRUPO URETA TIZONA BURGOS,True
COPA ESPAÑA,Play-offs 1/16 Final,C.B. ZARAGOZA,5,D. ARJOL LOPEZ,86.1777%,43.1054%,True,1,GRUPO URETA TIZONA BURGOS,True
COPA ESPAÑA,Play-offs 1/16 Final,C.B. ZARAGOZA,12,E. GATELL SANZ,14.6685%,50.1636%,False,1,GRUPO URETA TIZONA BURGOS,True
COPA ESPAÑA,Play-offs 1/16 Final,C.B. ZARAGOZA,13,P. ASO JIMENEZ,12.2003%,45.5001%,True,1,GRUPO URETA TIZONA BURGOS,True
COPA ESPAÑA,Play-offs 1/16 Final,C.B. ZARAGOZA,22,J. ZHAO OLMOS,15.5148%,69.6996%,False,1,GRUPO URETA TIZONA BURGOS,True
COPA ESPAÑA,Play-offs 1/16 Final,C.B. ZARAGOZA,15,J. JIMÉNEZ JIMÉNEZ,29.9718%,21.0485%,False,1,GRUPO URETA TIZONA BURGOS,True
COPA ESPAÑA,Play-offs 1/16 Final,C.B. ZARAGOZA,0,D. MUÑOZ SAMATAN,84.6262%,44.3658%,True,1,GRUPO URETA TIZONA BURGOS,True
COPA ESPAÑA,Play-offs 1/16 Final,C.B. ZARAGOZA,15,J. JIMÉNEZ JIMÉNEZ,84.4852%,46.2563%,True,1,GRUPO URETA TIZONA BURGOS,True
COPA ESPAÑA,Play-offs 1/16 Final,C.B. ZARAGOZA,13,P. ASO JIMENEZ,9.23836%,57.8519%,False,1,GRUPO URETA TIZONA BURGOS,True
COPA ESPAÑA,Play-offs 1/16 Final,C.B. ZARAGOZA,3,I. OKEKE,16.5021%,51.55%,True,1,GRUPO URETA TIZONA BURGOS,True
COPA ESPAÑA,Play-offs 1/16 Final,C.B. ZARAGOZA,7,O. ALVARADO RODRIGUEZ,65.9379%,68.5653%,False,1,GRUPO URETA TIZONA BURGOS,True
COPA ESPAÑA,Play-offs 1/16 Final,C.B. ZARAGOZA,7,O. ALVARADO RODRIGUEZ,69.1114%,83.5639%,True,1,GRUPO URETA TIZONA BURGOS,True
COPA ESPAÑA,Play-offs 1/16 Final,C.B. ZARAGOZA,0,D. MUÑOZ SAMATAN,87.5176%,46.1303%,False,1,GRUPO URETA TIZONA BURGOS,True
COPA ESPAÑA,Play-offs 1/16 Final,C.B. ZARAGOZA,22,J. ZHAO OLMOS,69.323%,26.4682%,True,1,GRUPO URETA TIZONA BURGOS,True
COPA ESPAÑA,Play-offs 1/16 Final,GRUPO URETA TIZONA BURGOS,13,R. VILA SOLEY,12.5529%,56.8436%,True,1,C.B. ZARAGOZA,False
COPA ESPAÑA,Play-offs 1/16 Final,GRUPO URETA TIZONA BURGOS,21,G. GIL GARCIA,75.5289%,37.6857%,True,1,C.B. ZARAGOZA,False
COPA ESPAÑA,Play-offs 1/16 Final,GRUPO URETA TIZONA BURGOS,10,A. PARRADO CALABRIA,24.189%,44.7439%,False,1,C.B. ZARAGOZA,False
COPA ESPAÑA,Play-offs 1/16 Final,GRUPO URETA TIZONA BURGOS,35,R. SEOANE RODICIO,70.6629%,81.0431%,True,1,C.B. ZARAGOZA,False
COPA ESPAÑA,Play-offs 1/16 Final,GRUPO URETA TIZONA BURGOS,13,R. VILA SOLEY,86.4598%,44.9959%,True,1,C.B. ZARAGOZA,False
COPA ESPAÑA,Play-offs 1/16 Final,GRUPO URETA TIZONA BURGOS,25,J. ZIDEK,33.78%,25.0818%,False,1,C.B. ZARAGOZA,False
COPA ESPAÑA,Play-offs 1/16 Final,GRUPO URETA TIZONA BURGOS,31,J. BROWN-FERGUSON,12.4824%,43.7356%,True,1,C.B. ZARAGOZA,False
COPA ESPAÑA,Play-offs 1/16 Final,GRUPO URETA TIZONA BURGOS,25,J. ZIDEK,29.6897%,79.0265%,True,1,C.B. ZARAGOZA,False
COPA ESPAÑA,Play-offs 1/16 Final,GRUPO URETA TIZONA BURGOS,10,A. PARRADO CALABRIA,14.1749%,56.2134%,True,1,C.B. ZARAGOZA,False
COPA ESPAÑA,Play-offs 1/16 Final,GRUPO URETA TIZONA BURGOS,21,G. GIL GARCIA,65.6559%,29.7452%,False,1,C.B. ZARAGOZA,False
COPA ESPAÑA,Play-offs 1/16 Final,GRUPO URETA TIZONA BURGOS,25,J. ZIDEK,87.3061%,84.5722%,False,1,C.B. ZARAGOZA,False
COPA ESPAÑA,Play-offs 1/16 Final,GRUPO URETA TIZONA BURGOS,10,A. PARRADO CALABRIA,32.2285%,24.3255%,True,1,C.B. ZARAGOZA,False
COPA ESPAÑA,Play-offs 1/16 Final,GRUPO URETA TIZONA BURGOS,21,G. GIL GARCIA,13.2581%,42.2231%,True,1,C.B. ZARAGOZA,False
COPA ESPAÑA,Play-offs 1/16 Final,GRUPO URETA TIZONA BURGOS,31,J. BROWN-FERGUSON,87.8702%,58.9863%,True,1,C.B. ZARAGOZA,False
COPA ESPAÑA,Play-offs 1/16 Final,GRUPO URETA TIZONA BURGOS,10,A. PARRADO CALABRIA,68.8293%,28.1067%,True,1,C.B. ZARAGOZA,False
COPA ESPAÑA,Play-offs 1/16 Final,GRUPO URETA TIZONA BURGOS,31,J. BROWN-FERGUSON,10.2962%,44.4918%,False,1,C.B. ZARAGOZA,False
COPA ESPAÑA,Play-offs 1/16 Final,GRUPO URETA TIZONA BURGOS,55,G. JOFRESA SARRET,81.2412%,50.5417%,False,1,C.B. ZARAGOZA,False
COPA ESPAÑA,Play-offs 1/16 Final,GRUPO URETA TIZONA BURGOS,21,G. GIL GARCIA,33.7094%,27.9807%,False,1,C.B. ZARAGOZA,False
COPA ESPAÑA,Play-offs 1/16 Final,GRUPO URETA TIZONA BURGOS,13,R. VILA SOLEY,85.3315%,49.2813%,True,1,C.B. ZARAGOZA,False
COPA ESPAÑA,Play-offs 1/16 Final,GRUPO URETA TIZONA BURGOS,10,A. PARRADO CALABRIA,85.4725%,62.5154%,False,1,C.B. ZARAGOZA,False
COPA ESPAÑA,Play-offs 1/16 Final,GRUPO URETA TIZONA BURGOS,55,G. JOFRESA SARRET,12.5529%,56.2134%,True,1,C.B. ZARAGOZA,False
COPA ESPAÑA,Play-offs 1/16 Final,GRUPO URETA TIZONA BURGOS,10,A. PARRADO CALABRIA,69.6051%,26.4682%,True,1,C.B. ZARAGOZA,False
COPA ESPAÑA,Play-offs 1/16 Final,GRUPO URETA TIZONA BURGOS,31,J. BROWN-FERGUSON,13.9633%,54.0708%,True,1,C.B. ZARAGOZA,False
COPA ESPAÑA,Play-offs 1/16 Final,GRUPO URETA TIZONA BURGOS,35,R. SEOANE RODICIO,69.1114%,29.3671%,False,1,C.B. ZARAGOZA,False
COPA ESPAÑA,Play-offs 1/16 Final,GRUPO URETA TIZONA BURGOS,25,J. ZIDEK,86.8829%,44.9959%,True,1,C.B. ZARAGOZA,False
COPA ESPAÑA,Play-offs 1/16 Final,GRUPO URETA TIZONA BURGOS,25,J. ZIDEK,32.0169%,82.1775%,False,1,C.B. ZARAGOZA,False
COPA ESPAÑA,Play-offs 1/16 Final,GRUPO URETA TIZONA BURGOS,35,R. SEOANE RODICIO,13.1171%,45.122%,False,1,C.B. ZARAGOZA,False
COPA ESPAÑA,Play-offs 1/16 Final,GRUPO URETA TIZONA BURGOS,10,A. PARRADO CALABRIA,69.6756%,79.4046%,False,1,C.B. ZARAGOZA,False
COPA ESPAÑA,Play-offs 1/16 Final,GRUPO URETA TIZONA BURGOS,24,A. HUELVES GARCIA,85.3315%,49.2813%,False,1,C.B. ZARAGOZA,False
COPA ESPAÑA,Play-offs 1/16 Final,GRUPO URETA TIZONA BURGOS,24,A. HUELVES GARCIA,87.4471%,57.0957%,False,1,C.B. ZARAGOZA,False
COPA ESPAÑA,Play-offs 1/16 Final,GRUPO URETA TIZONA BURGOS,35,R. SEOANE RODICIO,68.9704%,22.9391%,True,1,C.B. ZARAGOZA,False
COPA ESPAÑA,Play-offs 1/16 Final,GRUPO URETA TIZONA BURGOS,24,A. HUELVES GARCIA,89.2807%,72.9766%,False,1,C.B. ZARAGOZA,False
COPA ESPAÑA,Play-offs 1/16 Final,GRUPO URETA TIZONA BURGOS,24,A. HUELVES GARCIA,19.3935%,22.9391%,False,1,C.B. ZARAGOZA,False
COPA ESPAÑA,Play-offs 1/16 Final,GRUPO URETA TIZONA BURGOS,31,J. BROWN-FERGUSON,12.4824%,43.7356%,False,1,C.B. ZARAGOZA,False
COPA ESPAÑA,Play-offs 1/16 Final,GRUPO URETA TIZONA BURGOS,35,R. SEOANE RODICIO,66.3611%,56.4655%,True,1,C.B. ZARAGOZA,False
COPA ESPAÑA,Play-offs 1/16 Final,GRUPO URETA TIZONA BURGOS,10,A. PARRADO CALABRIA,67.5599%,79.2786%,False,1,C.B. ZARAGOZA,False
COPA ESPAÑA,Play-offs 1/16 Final,GRUPO URETA TIZONA BURGOS,10,A. PARRADO CALABRIA,33.0042%,80.665%,False,1,C.B. ZARAGOZA,False
COPA ESPAÑA,Play-offs 1/16 Final,GRUPO URETA TIZONA BURGOS,10,A. PARRADO CALABRIA,32.0874%,81.0431%,False,1,C.B. ZARAGOZA,False
COPA ESPAÑA,Play-offs 1/16 Final,GRUPO URETA TIZONA BURGOS,25,J. ZIDEK,76.2341%,52.9364%,True,1,C.B. ZARAGOZA,False
COPA ESPAÑA,Play-offs 1/16 Final,GRUPO URETA TIZONA BURGOS,55,G. JOFRESA SARRET,33.9915%,79.6567%,False,1,C.B. ZARAGOZA,False
COPA ESPAÑA,Play-offs 1/16 Final,GRUPO URETA TIZONA BURGOS,21,G. GIL GARCIA,13.3286%,59.3644%,False,1,C.B. ZARAGOZA,False
COPA ESPAÑA,Play-offs 1/16 Final,GRUPO URETA TIZONA BURGOS,55,G. JOFRESA SARRET,32.7927%,77.8921%,False,1,C.B. ZARAGOZA,False
COPA ESPAÑA,Play-offs 1/16 Final,GRUPO URETA TIZONA BURGOS,21,G. GIL GARCIA,64.3865%,66.4226%,True,1,C.B. ZARAGOZA,False
COPA ESPAÑA,Play-offs 1/16 Final,GRUPO URETA TIZONA BURGOS,25,J. ZIDEK,67.0663%,78.7744%,False,1,C.B. ZARAGOZA,False
COPA ESPAÑA,Play-offs 1/16 Final,GRUPO URETA TIZONA BURGOS,10,A. PARRADO CALABRIA,32.8632%,23.4433%,False,1,C.B. ZARAGOZA,False
COPA ESPAÑA,Play-offs 1/16 Final,GRUPO URETA TIZONA BURGOS,13,R. VILA SOLEY,82.5106%,50.4156%,False,1,C.B. ZARAGOZA,False
COPA ESPAÑA,Play-offs 1/16 Final,GRUPO URETA TIZONA BURGOS,35,R. SEOANE RODICIO,62.6234%,55.8353%,False,1,C.B. ZARAGOZA,False
COPA ESPAÑA,Play-offs 1/16 Final,GRUPO URETA TIZONA BURGOS,55,G. JOFRESA SARRET,66.0085%,71.9683%,True,1,C.B. ZARAGOZA,False
COPA ESPAÑA,Play-offs 1/16 Final,GRUPO URETA TIZONA BURGOS,10,A. PARRADO CALABRIA,20.0282%,50.5417%,True,1,C.B. ZARAGOZA,False
COPA ESPAÑA,Play-offs 1/16 Final,GRUPO URETA TIZONA BURGOS,21,G. GIL GARCIA,33.78%,27.4765%,False,1,C.B. ZARAGOZA,False
COPA ESPAÑA,Play-offs 1/16 Final,GRUPO URETA TIZONA BURGOS,13,R. VILA SOLEY,13.5402%,58.3561%,True,1,C.B. ZARAGOZA,False
COPA ESPAÑA,Play-offs 1/16 Final,GRUPO URETA TIZONA BURGOS,13,R. VILA SOLEY,89.2102%,47.1386%,True,1,C.B. ZARAGOZA,False
COPA ESPAÑA,Play-offs 1/16 Final,GRUPO URETA TIZONA BURGOS,35,R. SEOANE RODICIO,68.1241%,28.1067%,True,1,C.B. ZARAGOZA,False
COPA ESPAÑA,Play-offs 1/16 Final,GRUPO URETA TIZONA BURGOS,21,G. GIL GARCIA,33.3568%,28.3588%,False,1,C.B. ZARAGOZA,False
COPA ESPAÑA,Play-offs 1/16 Final,GRUPO URETA TIZONA BURGOS,13,R. VILA SOLEY,13.7518%,48.0209%,False,1,C.B. ZARAGOZA,False
COPA ESPAÑA,Play-offs 1/16 Final,GRUPO URETA TIZONA BURGOS,24,A. HUELVES GARCIA,67.9831%,25.838%,True,1,C.B. ZARAGOZA,False
COPA ESPAÑA,Play-offs 1/16 Final,GRUPO URETA TIZONA BURGOS,10,A. PARRADO CALABRIA,64.9506%,36.0472%,False,1,C.B. ZARAGOZA,False
COPA ESPAÑA,Play-offs 1/16 Final,GRUPO URETA TIZONA BURGOS,24,A. HUELVES GARCIA,90.268%,59.4904%,True,1,C.B. ZARAGOZA,False
COPA ESPAÑA,Play-offs 1/16 Final,GRUPO URETA TIZONA BURGOS,35,R. SEOANE RODICIO,28.8434%,76.2536%,False,1,C.B. ZARAGOZA,False
COPA ESPAÑA,Play-offs 1/16 Final,GRUPO URETA TIZONA BURGOS,10,A. PARRADO CALABRIA,17.0663%,52.8104%,False,1,C.B. ZARAGOZA,False
COPA ESPAÑA,Play-offs 1/16 Final,GRUPO URETA TIZONA BURGOS,21,G. GIL GARCIA,66.5726%,76.8838%,True,1,C.B. ZARAGOZA,False
COPA ESPAÑA,Play-offs 1/16 Final,GRUPO URETA TIZONA BURGOS,21,G. GIL GARCIA,68.1946%,71.8423%,False,1,C.B. ZARAGOZA,False
COPA ESPAÑA,Play-offs 1/16 Final,GRUPO URETA TIZONA BURGOS,55,G. JOFRESA SARRET,14.1044%,51.1719%,False,1,C.B. ZARAGOZA,False
COPA ESPAÑA,Play-offs 1/16 Final,GRUPO URETA TIZONA BURGOS,21,G. GIL GARCIA,33.0748%,26.9724%,True,1,C.B. ZARAGOZA,False
COPA ESPAÑA,Play-offs 1/16 Final,GRUPO URETA TIZONA BURGOS,10,A. PARRADO CALABRIA,15.3032%,54.701%,False,1,C.B. ZARAGOZA,False
COPA ESPAÑA,Play-offs 1/16 Final,GRUPO URETA TIZONA BURGOS,13,R. VILA SOLEY,19.7461%,51.0458%,False,1,C.B. ZARAGOZA,False
COPA ESPAÑA,Play-offs 1/16 Final,GRUPO URETA TIZONA BURGOS,60,A. ALONSO RUIZ,12.1298%,58.8602%,True,1,C.B. ZARAGOZA,False
COPA ESPAÑA,Play-offs 1/16 Final,GRUPO URETA TIZONA BURGOS,10,A. PARRADO CALABRIA,17.9126%,52.8104%,True,1,C.B. ZARAGOZA,False
COPA ESPAÑA,Play-offs 1/16 Final,GRUPO URETA TIZONA BURGOS,35,R. SEOANE RODICIO,70.0987%,24.0735%,True,1,C.B. ZARAGOZA,False
COPA ESPAÑA,Play-offs 1/16 Final,GRUPO URETA TIZONA BURGOS,35,R. SEOANE RODICIO,29.9718%,77.7661%,True,1,C.B. ZARAGOZA,False
COPA ESPAÑA,Play-offs 1/16 Final,AMICS CASTELLÓ,67,A. TAMAYO LESMES,75.5994%,83.0598%,False,1,REINA PROTEÍNAS CLAVIJO,True
COPA ESPAÑA,Play-offs 1/16 Final,AMICS CASTELLÓ,67,A. TAMAYO LESMES,88.7165%,5.29364%,False,1,REINA PROTEÍNAS CLAVIJO,True
COPA ESPAÑA,Play-offs 1/16 Final,AMICS CASTELLÓ,27,K. BAOKO,87.4471%,60.2467%,False,1,REINA PROTEÍNAS CLAVIJO,True
COPA ESPAÑA,Play-offs 1/16 Final,AMICS CASTELLÓ,10,O. RUSSELL,93.653%,58.4821%,True,1,REINA PROTEÍNAS CLAVIJO,True
COPA ESPAÑA,Play-offs 1/16 Final,AMICS CASTELLÓ,5,A. BALADA SEGOVIA,10.0846%,5.7978%,False,1,REINA PROTEÍNAS CLAVIJO,True
COPA ESPAÑA,Play-offs 1/16 Final,AMICS CASTELLÓ,8,J. FANER CATALA,94.0762%,4.66345%,True,1,REINA PROTEÍNAS CLAVIJO,True
COPA ESPAÑA,Play-offs 1/16 Final,AMICS CASTELLÓ,42,F. STUTZ,6.34697%,42.9793%,True,1,REINA PROTEÍNAS CLAVIJO,True
COPA ESPAÑA,Play-offs 1/16 Final,AMICS CASTELLÓ,67,A. TAMAYO LESMES,76.3047%,12.7299%,False,1,REINA PROTEÍNAS CLAVIJO,True
COPA ESPAÑA,Play-offs 1/16 Final,AMICS CASTELLÓ,33,M. ANDREATTA,88.0113%,5.54572%,True,1,REINA PROTEÍNAS CLAVIJO,True
COPA ESPAÑA,Play-offs 1/16 Final,AMICS CASTELLÓ,27,K. BAOKO,9.52045%,58.7342%,False,1,REINA PROTEÍNAS CLAVIJO,True
COPA ESPAÑA,Play-offs 1/16 Final,AMICS CASTELLÓ,4,R. FABREGA URPINA,12.6939%,39.1982%,False,1,REINA PROTEÍNAS CLAVIJO,True
COPA ESPAÑA,Play-offs 1/16 Final,AMICS CASTELLÓ,67,A. TAMAYO LESMES,92.3836%,42.2231%,True,1,REINA PROTEÍNAS CLAVIJO,True
COPA ESPAÑA,Play-offs 1/16 Final,AMICS CASTELLÓ,42,F. STUTZ,29.9718%,22.3089%,False,1,REINA PROTEÍNAS CLAVIJO,True
COPA ESPAÑA,Play-offs 1/16 Final,AMICS CASTELLÓ,27,K. BAOKO,8.74471%,57.8519%,True,1,REINA PROTEÍNAS CLAVIJO,True
COPA ESPAÑA,Play-offs 1/16 Final,AMICS CASTELLÓ,22,K. NEWTON,11.4245%,47.1386%,False,1,REINA PROTEÍNAS CLAVIJO,True
COPA ESPAÑA,Play-offs 1/16 Final,AMICS CASTELLÓ,42,F. STUTZ,15.1622%,38.82%,False,1,REINA PROTEÍNAS CLAVIJO,True
COPA ESPAÑA,Play-offs 1/16 Final,AMICS CASTELLÓ,42,F. STUTZ,94.2877%,5.92384%,False,1,REINA PROTEÍNAS CLAVIJO,True
COPA ESPAÑA,Play-offs 1/16 Final,AMICS CASTELLÓ,10,O. RUSSELL,25.2468%,15.7549%,False,1,REINA PROTEÍNAS CLAVIJO,True
COPA ESPAÑA,Play-offs 1/16 Final,AMICS CASTELLÓ,33,M. ANDREATTA,76.0931%,85.2024%,False,1,REINA PROTEÍNAS CLAVIJO,True
COPA ESPAÑA,Play-offs 1/16 Final,AMICS CASTELLÓ,10,O. RUSSELL,10.3667%,92.2606%,True,1,REINA PROTEÍNAS CLAVIJO,True
COPA ESPAÑA,Play-offs 1/16 Final,AMICS CASTELLÓ,22,K. NEWTON,13.1876%,6.55403%,True,1,REINA PROTEÍNAS CLAVIJO,True
COPA ESPAÑA,Play-offs 1/16 Final,AMICS CASTELLÓ,67,A. TAMAYO LESMES,22.8491%,9.20085%,True,1,REINA PROTEÍNAS CLAVIJO,True
COPA ESPAÑA,Play-offs 1/16 Final,AMICS CASTELLÓ,22,K. NEWTON,28.6319%,19.1579%,True,1,REINA PROTEÍNAS CLAVIJO,True
COPA ESPAÑA,Play-offs 1/16 Final,AMICS CASTELLÓ,8,J. FANER CATALA,70.3103%,72.7245%,True,1,REINA PROTEÍNAS CLAVIJO,True
COPA ESPAÑA,Play-offs 1/16 Final,AMICS CASTELLÓ,10,O. RUSSELL,31.8759%,73.4808%,False,1,REINA PROTEÍNAS CLAVIJO,True
COPA ESPAÑA,Play-offs 1/16 Final,AMICS CASTELLÓ,27,K. BAOKO,8.60367%,44.6178%,True,1,REINA PROTEÍNAS CLAVIJO,True
COPA ESPAÑA,Play-offs 1/16 Final,AMICS CASTELLÓ,4,R. FABREGA URPINA,5.71227%,41.4669%,True,1,REINA PROTEÍNAS CLAVIJO,True
COPA ESPAÑA,Play-offs 1/16 Final,AMICS CASTELLÓ,22,K. NEWTON,25.3879%,42.6012%,False,1,REINA PROTEÍNAS CLAVIJO,True
COPA ESPAÑA,Play-offs 1/16 Final,AMICS CASTELLÓ,33,M. ANDREATTA,88.787%,5.1676%,True,1,REINA PROTEÍNAS CLAVIJO,True
COPA ESPAÑA,Play-offs 1/16 Final,AMICS CASTELLÓ,67,A. TAMAYO LESMES,10.4372%,38.3159%,False,1,REINA PROTEÍNAS CLAVIJO,True
COPA ESPAÑA,Play-offs 1/16 Final,AMICS CASTELLÓ,11,D. BAH,25.1763%,54.953%,False,1,REINA PROTEÍNAS CLAVIJO,True
COPA ESPAÑA,Play-offs 1/16 Final,AMICS CASTELLÓ,4,R. FABREGA URPINA,6.48801%,55.5832%,True,1,REINA PROTEÍNAS CLAVIJO,True
COPA ESPAÑA,Play-offs 1/16 Final,AMICS CASTELLÓ,67,A. TAMAYO LESMES,5.71227%,56.7176%,True,1,REINA PROTEÍNAS CLAVIJO,True
COPA ESPAÑA,Play-offs 1/16 Final,AMICS CASTELLÓ,22,K. NEWTON,76.5867%,12.3518%,True,1,REINA PROTEÍNAS CLAVIJO,True
COPA ESPAÑA,Play-offs 1/16 Final,AMICS CASTELLÓ,27,K. BAOKO,92.3131%,40.7106%,True,1,REINA PROTEÍNAS CLAVIJO,True
COPA ESPAÑA,Play-offs 1/16 Final,AMICS CASTELLÓ,22,K. NEWTON,77.9267%,10.7133%,True,1,REINA PROTEÍNAS CLAVIJO,True
COPA ESPAÑA,Play-offs 1/16 Final,AMICS CASTELLÓ,10,O. RUSSELL,9.44993%,44.6178%,True,1,REINA PROTEÍNAS CLAVIJO,True
COPA ESPAÑA,Play-offs 1/16 Final,AMICS CASTELLÓ,42,F. STUTZ,7.96897%,44.1137%,True,1,REINA PROTEÍNAS CLAVIJO,True
COPA ESPAÑA,Play-offs 1/16 Final,AMICS CASTELLÓ,22,K. NEWTON,66.6432%,45.5001%,True,1,REINA PROTEÍNAS CLAVIJO,True
COPA ESPAÑA,Play-offs 1/16 Final,AMICS CASTELLÓ,22,K. NEWTON,24.189%,87.8492%,False,1,REINA PROTEÍNAS CLAVIJO,True
COPA ESPAÑA,Play-offs 1/16 Final,AMICS CASTELLÓ,42,F. STUTZ,88.0818%,57.7259%,False,1,REINA PROTEÍNAS CLAVIJO,True
COPA ESPAÑA,Play-offs 1/16 Final,AMICS CASTELLÓ,10,O. RUSSELL,13.3286%,67.0528%,False,1,REINA PROTEÍNAS CLAVIJO,True
COPA ESPAÑA,Play-offs 1/16 Final,AMICS CASTELLÓ,33,M. ANDREATTA,86.3188%,23.0652%,False,1,REINA PROTEÍNAS CLAVIJO,True
COPA ESPAÑA,Play-offs 1/16 Final,AMICS CASTELLÓ,8,J. FANER CATALA,67.9126%,72.2204%,False,1,REINA PROTEÍNAS CLAVIJO,True
COPA ESPAÑA,Play-offs 1/16 Final,AMICS CASTELLÓ,10,O. RUSSELL,20.804%,9.07481%,True,1,REINA PROTEÍNAS CLAVIJO,True
COPA ESPAÑA,Play-offs 1/16 Final,AMICS CASTELLÓ,67,A. TAMAYO LESMES,75.2468%,14.7466%,False,1,REINA PROTEÍNAS CLAVIJO,True
COPA ESPAÑA,Play-offs 1/16 Final,AMICS CASTELLÓ,4,R. FABREGA URPINA,7.4048%,41.5929%,True,1,REINA PROTEÍNAS CLAVIJO,True
COPA ESPAÑA,Play-offs 1/16 Final,AMICS CASTELLÓ,10,O. RUSSELL,7.75741%,34.6607%,False,1,REINA PROTEÍNAS CLAVIJO,True
COPA ESPAÑA,Play-offs 1/16 Final,AMICS CASTELLÓ,10,O. RUSSELL,25.4584%,82.9337%,False,1,REINA PROTEÍNAS CLAVIJO,True
COPA ESPAÑA,Play-offs 1/16 Final,AMICS CASTELLÓ,5,A. BALADA SEGOVIA,22.9901%,91.8825%,True,1,REINA PROTEÍNAS CLAVIJO,True
COPA ESPAÑA,Play-offs 1/16 Final,AMICS CASTELLÓ,27,K. BAOKO,11.6361%,67.1788%,False,1,REINA PROTEÍNAS CLAVIJO,True
COPA ESPAÑA,Play-offs 1/16 Final,AMICS CASTELLÓ,27,K. BAOKO,33.1453%,44.8699%,True,1,REINA PROTEÍNAS CLAVIJO,True
COPA ESPAÑA,Play-offs 1/16 Final,AMICS CASTELLÓ,27,K. BAOKO,9.0268%,58.9863%,True,1,REINA PROTEÍNAS CLAVIJO,True
COPA ESPAÑA,Play-offs 1/16 Final,AMICS CASTELLÓ,8,J. FANER CATALA,93.8646%,58.2301%,True,1,REINA PROTEÍNAS CLAVIJO,True
COPA ESPAÑA,Play-offs 1/16 Final,AMICS CASTELLÓ,22,K. NEWTON,33.1453%,44.8699%,False,1,REINA PROTEÍNAS CLAVIJO,True
COPA ESPAÑA,Play-offs 1/16 Final,AMICS CASTELLÓ,11,D. BAH,14.8801%,50.7937%,True,1,REINA PROTEÍNAS CLAVIJO,True
COPA ESPAÑA,Play-offs 1/16 Final,AMICS CASTELLÓ,4,R. FABREGA URPINA,71.2976%,76.6318%,False,1,REINA PROTEÍNAS CLAVIJO,True
COPA ESPAÑA,Play-offs 1/16 Final,AMICS CASTELLÓ,10,O. RUSSELL,94.2172%,7.31027%,True,1,REINA PROTEÍNAS CLAVIJO,True
COPA ESPAÑA,Play-offs 1/16 Final,AMICS CASTELLÓ,10,O. RUSSELL,75.3173%,17.1413%,False,1,REINA PROTEÍNAS CLAVIJO,True
COPA ESPAÑA,Play-offs 1/16 Final,AMICS CASTELLÓ,11,D. BAH,13.2581%,49.6594%,False,1,REINA PROTEÍNAS CLAVIJO,True
COPA ESPAÑA,Play-offs 1/16 Final,AMICS CASTELLÓ,27,K. BAOKO,92.3836%,43.7356%,True,1,REINA PROTEÍNAS CLAVIJO,True
COPA ESPAÑA,Play-offs 1/16 Final,AMICS CASTELLÓ,10,O. RUSSELL,72.4965%,81.5473%,False,1,REINA PROTEÍNAS CLAVIJO,True
COPA ESPAÑA,Play-offs 1/16 Final,AMICS CASTELLÓ,8,J. FANER CATALA,31.4528%,71.4642%,True,1,REINA PROTEÍNAS CLAVIJO,True
COPA ESPAÑA,Play-offs 1/16 Final,AMICS CASTELLÓ,67,A. TAMAYO LESMES,23.2017%,7.68838%,False,1,REINA PROTEÍNAS CLAVIJO,True
COPA ESPAÑA,Play-offs 1/16 Final,AMICS CASTELLÓ,33,M. ANDREATTA,9.52045%,58.7342%,True,1,REINA PROTEÍNAS CLAVIJO,True
COPA ESPAÑA,Play-offs 1/16 Final,AMICS CASTELLÓ,10,O. RUSSELL,11.0719%,62.2633%,False,1,REINA PROTEÍNAS CLAVIJO,True
COPA ESPAÑA,Play-offs 1/16 Final,REINA PROTEÍNAS CLAVIJO,55,C. JACOBS,33.1453%,22.8131%,True,1,AMICS CASTELLÓ,False
COPA ESPAÑA,Play-offs 1/16 Final,REINA PROTEÍNAS CLAVIJO,55,C. JACOBS,10.9309%,39.1982%,False,1,AMICS CASTELLÓ,False
COPA ESPAÑA,Play-offs 1/16 Final,REINA PROTEÍNAS CLAVIJO,11,J. PARDINA MOLINA,9.80254%,93.0168%,True,1,AMICS CASTELLÓ,False
COPA ESPAÑA,Play-offs 1/16 Final,REINA PROTEÍNAS CLAVIJO,8,J. QUEREJETA MARTINEZ DE ARENAZA,89.7038%,61.6331%,False,1,AMICS CASTELLÓ,False
COPA ESPAÑA,Play-offs 1/16 Final,REINA PROTEÍNAS CLAVIJO,8,J. QUEREJETA MARTINEZ DE ARENAZA,92.4542%,58.9863%,False,1,AMICS CASTELLÓ,False
COPA ESPAÑA,Play-offs 1/16 Final,REINA PROTEÍNAS CLAVIJO,11,J. PARDINA MOLINA,20.5924%,6.42799%,False,1,AMICS CASTELLÓ,False
COPA ESPAÑA,Play-offs 1/16 Final,REINA PROTEÍNAS CLAVIJO,22,I. ROYO ARGOTE,7.61636%,40.9627%,True,1,AMICS CASTELLÓ,False
COPA ESPAÑA,Play-offs 1/16 Final,REINA PROTEÍNAS CLAVIJO,22,I. ROYO ARGOTE,24.5416%,12.2258%,False,1,AMICS CASTELLÓ,False
COPA ESPAÑA,Play-offs 1/16 Final,REINA PROTEÍNAS CLAVIJO,12,D. PA MOR,89.5628%,41.7189%,False,1,AMICS CASTELLÓ,False
COPA ESPAÑA,Play-offs 1/16 Final,REINA PROTEÍNAS CLAVIJO,55,C. JACOBS,9.30889%,56.7176%,True,1,AMICS CASTELLÓ,False
COPA ESPAÑA,Play-offs 1/16 Final,REINA PROTEÍNAS CLAVIJO,8,J. QUEREJETA MARTINEZ DE ARENAZA,29.9718%,21.3006%,False,1,AMICS CASTELLÓ,False
COPA ESPAÑA,Play-offs 1/16 Final,REINA PROTEÍNAS CLAVIJO,8,J. QUEREJETA MARTINEZ DE ARENAZA,72.0733%,22.687%,True,1,AMICS CASTELLÓ,False
COPA ESPAÑA,Play-offs 1/16 Final,REINA PROTEÍNAS CLAVIJO,55,C. JACOBS,92.1721%,43.7356%,True,1,AMICS CASTELLÓ,False
COPA ESPAÑA,Play-offs 1/16 Final,REINA PROTEÍNAS CLAVIJO,55,C. JACOBS,85.8956%,56.9697%,False,1,AMICS CASTELLÓ,False
COPA ESPAÑA,Play-offs 1/16 Final,REINA PROTEÍNAS CLAVIJO,55,C. JACOBS,71.0155%,24.1995%,False,1,AMICS CASTELLÓ,False
COPA ESPAÑA,Play-offs 1/16 Final,REINA PROTEÍNAS CLAVIJO,55,C. JACOBS,10.1551%,58.6082%,False,1,AMICS CASTELLÓ,False
COPA ESPAÑA,Play-offs 1/16 Final,REINA PROTEÍNAS CLAVIJO,8,J. QUEREJETA MARTINEZ DE ARENAZA,82.4401%,46.5084%,False,1,AMICS CASTELLÓ,False
COPA ESPAÑA,Play-offs 1/16 Final,REINA PROTEÍNAS CLAVIJO,11,J. PARDINA MOLINA,73.6248%,84.8243%,False,1,AMICS CASTELLÓ,False
COPA ESPAÑA,Play-offs 1/16 Final,REINA PROTEÍNAS CLAVIJO,8,J. QUEREJETA MARTINEZ DE ARENAZA,35.7546%,55.2051%,False,1,AMICS CASTELLÓ,False
COPA ESPAÑA,Play-offs 1/16 Final,REINA PROTEÍNAS CLAVIJO,5,M. DE PABLO DEL CASTILLO,93.9351%,95.4116%,True,1,AMICS CASTELLÓ,False
COPA ESPAÑA,Play-offs 1/16 Final,REINA PROTEÍNAS CLAVIJO,1,E. A NONGO BERTHOLD,10.5078%,37.6857%,False,1,AMICS CASTELLÓ,False
COPA ESPAÑA,Play-offs 1/16 Final,REINA PROTEÍNAS CLAVIJO,55,C. JACOBS,72.6375%,78.7744%,False,1,AMICS CASTELLÓ,False
COPA ESPAÑA,Play-offs 1/16 Final,REINA PROTEÍNAS CLAVIJO,33,K. TORRES CUEVAS,66.7137%,61.129%,True,1,AMICS CASTELLÓ,False
COPA ESPAÑA,Play-offs 1/16 Final,REINA PROTEÍNAS CLAVIJO,33,K. TORRES CUEVAS,92.5247%,26.2161%,True,1,AMICS CASTELLÓ,False
COPA ESPAÑA,Play-offs 1/16 Final,REINA PROTEÍNAS CLAVIJO,12,D. PA MOR,93.3709%,56.5915%,True,1,AMICS CASTELLÓ,False
COPA ESPAÑA,Play-offs 1/16 Final,REINA PROTEÍNAS CLAVIJO,9,H. ARBOSA ROLDAN,8.25106%,94.6553%,False,1,AMICS CASTELLÓ,False
COPA ESPAÑA,Play-offs 1/16 Final,REINA PROTEÍNAS CLAVIJO,12,D. PA MOR,14.457%,70.834%,False,1,AMICS CASTELLÓ,False
COPA ESPAÑA,Play-offs 1/16 Final,REINA PROTEÍNAS CLAVIJO,12,D. PA MOR,32.9337%,69.9517%,True,1,AMICS CASTELLÓ,False
COPA ESPAÑA,Play-offs 1/16 Final,REINA PROTEÍNAS CLAVIJO,5,M. DE PABLO DEL CASTILLO,5.92384%,61.5071%,True,1,AMICS CASTELLÓ,False
COPA ESPAÑA,Play-offs 1/16 Final,REINA PROTEÍNAS CLAVIJO,8,J. QUEREJETA MARTINEZ DE ARENAZA,89.2807%,72.3464%,False,1,AMICS CASTELLÓ,False
COPA ESPAÑA,Play-offs 1/16 Final,REINA PROTEÍNAS CLAVIJO,5,M. DE PABLO DEL CASTILLO,87.024%,51.9281%,False,1,AMICS CASTELLÓ,False
COPA ESPAÑA,Play-offs 1/16 Final,REINA PROTEÍNAS CLAVIJO,33,K. TORRES CUEVAS,76.7278%,11.0914%,True,1,AMICS CASTELLÓ,False
COPA ESPAÑA,Play-offs 1/16 Final,REINA PROTEÍNAS CLAVIJO,55,C. JACOBS,73.9774%,86.7149%,False,1,AMICS CASTELLÓ,False
COPA ESPAÑA,Play-offs 1/16 Final,REINA PROTEÍNAS CLAVIJO,33,K. TORRES CUEVAS,91.6784%,58.7342%,True,1,AMICS CASTELLÓ,False
COPA ESPAÑA,Play-offs 1/16 Final,REINA PROTEÍNAS CLAVIJO,33,K. TORRES CUEVAS,8.95628%,56.9697%,False,1,AMICS CASTELLÓ,False
COPA ESPAÑA,Play-offs 1/16 Final,REINA PROTEÍNAS CLAVIJO,33,K. TORRES CUEVAS,71.5797%,78.2703%,False,1,AMICS CASTELLÓ,False
COPA ESPAÑA,Play-offs 1/16 Final,REINA PROTEÍNAS CLAVIJO,55,C. JACOBS,31.3117%,19.5361%,False,1,AMICS CASTELLÓ,False
COPA ESPAÑA,Play-offs 1/16 Final,REINA PROTEÍNAS CLAVIJO,33,K. TORRES CUEVAS,10.3667%,41.5929%,False,1,AMICS CASTELLÓ,False
COPA ESPAÑA,Play-offs 1/16 Final,REINA PROTEÍNAS CLAVIJO,22,I. ROYO ARGOTE,66.8547%,39.3242%,True,1,AMICS CASTELLÓ,False
COPA ESPAÑA,Play-offs 1/16 Final,REINA PROTEÍNAS CLAVIJO,1,E. A NONGO BERTHOLD,89.6333%,43.7356%,True,1,AMICS CASTELLÓ,False
COPA ESPAÑA,Play-offs 1/16 Final,REINA PROTEÍNAS CLAVIJO,9,H. ARBOSA ROLDAN,91.6079%,43.6095%,True,1,AMICS CASTELLÓ,False
COPA ESPAÑA,Play-offs 1/16 Final,REINA PROTEÍNAS CLAVIJO,8,J. QUEREJETA MARTINEZ DE ARENAZA,72.9196%,21.8048%,False,1,AMICS CASTELLÓ,False
COPA ESPAÑA,Play-offs 1/16 Final,REINA PROTEÍNAS CLAVIJO,1,E. A NONGO BERTHOLD,92.3836%,41.3408%,True,1,AMICS CASTELLÓ,False
COPA ESPAÑA,Play-offs 1/16 Final,REINA PROTEÍNAS CLAVIJO,55,C. JACOBS,9.0268%,39.3242%,False,1,AMICS CASTELLÓ,False
COPA ESPAÑA,Play-offs 1/16 Final,REINA PROTEÍNAS CLAVIJO,8,J. QUEREJETA MARTINEZ DE ARENAZA,26.0931%,16.8892%,True,1,AMICS CASTELLÓ,False
COPA ESPAÑA,Play-offs 1/16 Final,REINA PROTEÍNAS CLAVIJO,55,C. JACOBS,33.5684%,25.712%,True,1,AMICS CASTELLÓ,False
COPA ESPAÑA,Play-offs 1/16 Final,REINA PROTEÍNAS CLAVIJO,55,C. JACOBS,92.031%,29.4931%,False,1,AMICS CASTELLÓ,False
COPA ESPAÑA,Play-offs 1/16 Final,REINA PROTEÍNAS CLAVIJO,55,C. JACOBS,28.2793%,80.791%,False,1,AMICS CASTELLÓ,False
COPA ESPAÑA,Play-offs 1/16 Final,REINA PROTEÍNAS CLAVIJO,8,J. QUEREJETA MARTINEZ DE ARENAZA,58.8858%,35.0389%,False,1,AMICS CASTELLÓ,False
COPA ESPAÑA,Play-offs 1/16 Final,REINA PROTEÍNAS CLAVIJO,8,J. QUEREJETA MARTINEZ DE ARENAZA,66.1495%,40.5846%,False,1,AMICS CASTELLÓ,False
COPA ESPAÑA,Play-offs 1/16 Final,REINA PROTEÍNAS CLAVIJO,1,E. A NONGO BERTHOLD,88.4344%,63.9018%,False,1,AMICS CASTELLÓ,False
COPA ESPAÑA,Play-offs 1/16 Final,REINA PROTEÍNAS CLAVIJO,1,E. A NONGO BERTHOLD,92.4542%,58.9863%,True,1,AMICS CASTELLÓ,False
COPA ESPAÑA,Play-offs 1/16 Final,REINA PROTEÍNAS CLAVIJO,8,J. QUEREJETA MARTINEZ DE ARENAZA,69.8166%,73.4808%,True,1,AMICS CASTELLÓ,False
COPA ESPAÑA,Play-offs 1/16 Final,REINA PROTEÍNAS CLAVIJO,5,M. DE PABLO DEL CASTILLO,30.1834%,19.41%,True,1,AMICS CASTELLÓ,False
COPA ESPAÑA,Play-offs 1/16 Final,REINA PROTEÍNAS CLAVIJO,22,I. ROYO ARGOTE,7.68688%,42.4752%,True,1,AMICS CASTELLÓ,False
COPA ESPAÑA,Play-offs 1/16 Final,REINA PROTEÍNAS CLAVIJO,55,C. JACOBS,30.1834%,78.9005%,True,1,AMICS CASTELLÓ,False
COPA ESPAÑA,Play-offs 1/16 Final,REINA PROTEÍNAS CLAVIJO,8,J. QUEREJETA MARTINEZ DE ARENAZA,28.9845%,80.9171%,False,1,AMICS CASTELLÓ,False
COPA ESPAÑA,Play-offs 1/16 Final,REINA PROTEÍNAS CLAVIJO,8,J. QUEREJETA MARTINEZ DE ARENAZA,20.7334%,26.0901%,False,1,AMICS CASTELLÓ,False
COPA ESPAÑA,Play-offs 1/16 Final,REINA PROTEÍNAS CLAVIJO,9,H. ARBOSA ROLDAN,8.95628%,56.9697%,True,1,AMICS CASTELLÓ,False
COPA ESPAÑA,Play-offs 1/16 Final,REINA PROTEÍNAS CLAVIJO,12,D. PA MOR,85.8956%,56.9697%,True,1,AMICS CASTELLÓ,False
COPA ESPAÑA,Play-offs 1/16 Final,REINA PROTEÍNAS CLAVIJO,5,M. DE PABLO DEL CASTILLO,34.5557%,21.9308%,True,1,AMICS CASTELLÓ,False
COPA ESPAÑA,Play-offs 1/16 Final,REINA PROTEÍNAS CLAVIJO,55,C. JACOBS,11.4951%,53.3145%,True,1,AMICS CASTELLÓ,False
COPA ESPAÑA,Play-offs 1/16 Final,REINA PROTEÍNAS CLAVIJO,8,J. QUEREJETA MARTINEZ DE ARENAZA,7.82793%,39.9544%,False,1,AMICS CASTELLÓ,False
COPA ESPAÑA,Play-offs 1/16 Final,REINA PROTEÍNAS CLAVIJO,5,M. DE PABLO DEL CASTILLO,32.9337%,45.122%,True,1,AMICS CASTELLÓ,False
COPA ESPAÑA,Play-offs 1/16 Final,REINA PROTEÍNAS CLAVIJO,1,E. A NONGO BERTHOLD,93.0889%,55.3312%,True,1,AMICS CASTELLÓ,False
COPA ESPAÑA,Play-offs 1/16 Final,REINA PROTEÍNAS CLAVIJO,55,C. JACOBS,30.8181%,29.2411%,False,1,AMICS CASTELLÓ,False
COPA ESPAÑA,Play-offs 1/16 Final,REINA PROTEÍNAS CLAVIJO,11,J. PARDINA MOLINA,92.4542%,60.3727%,False,1,AMICS CASTELLÓ,False
COPA ESPAÑA,Play-offs 1/16 Final,REINA PROTEÍNAS CLAVIJO,9,H. ARBOSA ROLDAN,90.4795%,57.5999%,False,1,AMICS CASTELLÓ,False
COPA ESPAÑA,Play-offs 1/16 Final,REINA PROTEÍNAS CLAVIJO,8,J. QUEREJETA MARTINEZ DE ARENAZA,18.6178%,29.2411%,True,1,AMICS CASTELLÓ,False
COPA ESPAÑA,Play-offs 1/16 Final,REINA PROTEÍNAS CLAVIJO,55,C. JACOBS,67.6305%,27.8546%,False,1,AMICS CASTELLÓ,False
COPA ESPAÑA,"FASE DE GRUPOS ""A""",CB CLAVIJO,33,K. TORRES CUEVAS,95.0694%,50.1418%,True,1,BIELE ISB,True
COPA ESPAÑA,"FASE DE GRUPOS ""A""",CB CLAVIJO,33,K. TORRES CUEVAS,94.6528%,47.5355%,True,1,BIELE ISB,True
COPA ESPAÑA,"FASE DE GRUPOS ""A""",CB CLAVIJO,12,D. PA MOR,4.51389%,49.273%,True,1,BIELE ISB,True
COPA ESPAÑA,"FASE DE GRUPOS ""A""",CB CLAVIJO,55,C. JACOBS,5.69444%,55.2305%,True,1,BIELE ISB,True
COPA ESPAÑA,"FASE DE GRUPOS ""A""",CB CLAVIJO,12,D. PA MOR,4.51389%,49.273%,False,1,BIELE ISB,True
COPA ESPAÑA,"FASE DE GRUPOS ""A""",CB CLAVIJO,22,I. ROYO ARGOTE,68.6806%,73.1028%,True,1,BIELE ISB,True
COPA ESPAÑA,"FASE DE GRUPOS ""A""",CB CLAVIJO,5,M. DE PABLO DEL CASTILLO,7.29167%,43.3156%,False,1,BIELE ISB,True
COPA ESPAÑA,"FASE DE GRUPOS ""A""",CB CLAVIJO,12,D. PA MOR,67.5%,50.6383%,False,1,BIELE ISB,True
COPA ESPAÑA,"FASE DE GRUPOS ""A""",CB CLAVIJO,9,H. ARBOSA ROLDAN,7.36111%,48.7766%,True,1,BIELE ISB,True
COPA ESPAÑA,"FASE DE GRUPOS ""A""",CB CLAVIJO,55,C. JACOBS,22.9861%,24.5745%,False,1,BIELE ISB,True
COPA ESPAÑA,"FASE DE GRUPOS ""A""",CB CLAVIJO,5,M. DE PABLO DEL CASTILLO,70.3472%,11.6667%,False,1,BIELE ISB,True
COPA ESPAÑA,"FASE DE GRUPOS ""A""",CB CLAVIJO,33,K. TORRES CUEVAS,68.6806%,29.2908%,True,1,BIELE ISB,True
COPA ESPAÑA,"FASE DE GRUPOS ""A""",CB CLAVIJO,7,V. HRABAR,9.58333%,64.7872%,False,1,BIELE ISB,True
COPA ESPAÑA,"FASE DE GRUPOS ""A""",CB CLAVIJO,12,D. PA MOR,66.0417%,47.039%,True,1,BIELE ISB,True
COPA ESPAÑA,"FASE DE GRUPOS ""A""",CB CLAVIJO,7,V. HRABAR,73.2639%,83.5284%,False,1,BIELE ISB,True
COPA ESPAÑA,"FASE DE GRUPOS ""A""",CB CLAVIJO,33,K. TORRES CUEVAS,70.9028%,27.5532%,True,1,BIELE ISB,True
COPA ESPAÑA,"FASE DE GRUPOS ""A""",CB CLAVIJO,33,K. TORRES CUEVAS,68.8889%,27.1809%,True,1,BIELE ISB,True
COPA ESPAÑA,"FASE DE GRUPOS ""A""",CB CLAVIJO,9,H. ARBOSA ROLDAN,93.9583%,49.0248%,True,1,BIELE ISB,True
COPA ESPAÑA,"FASE DE GRUPOS ""A""",CB CLAVIJO,55,C. JACOBS,93.8194%,52.6241%,True,1,BIELE ISB,True
COPA ESPAÑA,"FASE DE GRUPOS ""A""",CB CLAVIJO,11,J. PARDINA MOLINA,6.38889%,44.9291%,False,1,BIELE ISB,True
COPA ESPAÑA,"FASE DE GRUPOS ""A""",CB CLAVIJO,7,V. HRABAR,71.8056%,21.5957%,False,1,BIELE ISB,True
COPA ESPAÑA,"FASE DE GRUPOS ""A""",CB CLAVIJO,22,I. ROYO ARGOTE,5.76389%,60.4433%,False,1,BIELE ISB,True
COPA ESPAÑA,"FASE DE GRUPOS ""A""",CB CLAVIJO,33,K. TORRES CUEVAS,11.1111%,44.6809%,False,1,BIELE ISB,True
COPA ESPAÑA,"FASE DE GRUPOS ""A""",CB CLAVIJO,55,C. JACOBS,67.3611%,76.578%,False,1,BIELE ISB,True
COPA ESPAÑA,"FASE DE GRUPOS ""A""",CB CLAVIJO,1,E. A NONGO BERTHOLD,92.8472%,44.9291%,False,1,BIELE ISB,True
COPA ESPAÑA,"FASE DE GRUPOS ""A""",CB CLAVIJO,5,M. DE PABLO DEL CASTILLO,39.3056%,42.9433%,False,1,BIELE ISB,True
COPA ESPAÑA,"FASE DE GRUPOS ""A""",CB CLAVIJO,55,C. JACOBS,32.5%,69.1312%,False,1,BIELE ISB,True
COPA ESPAÑA,"FASE DE GRUPOS ""A""",CB CLAVIJO,55,C. JACOBS,31.5278%,77.8191%,True,1,BIELE ISB,True
COPA ESPAÑA,"FASE DE GRUPOS ""A""",CB CLAVIJO,33,K. TORRES CUEVAS,71.0417%,77.8191%,False,1,BIELE ISB,True
COPA ESPAÑA,"FASE DE GRUPOS ""A""",CB CLAVIJO,9,H. ARBOSA ROLDAN,4.30556%,45.7979%,True,1,BIELE ISB,True
COPA ESPAÑA,"FASE DE GRUPOS ""A""",CB CLAVIJO,1,E. A NONGO BERTHOLD,32.5%,69.1312%,False,1,BIELE ISB,True
COPA ESPAÑA,"FASE DE GRUPOS ""A""",CB CLAVIJO,1,E. A NONGO BERTHOLD,92.8472%,44.9291%,False,1,BIELE ISB,True
COPA ESPAÑA,"FASE DE GRUPOS ""A""",CB CLAVIJO,12,D. PA MOR,69.5833%,70.4965%,False,1,BIELE ISB,True
COPA ESPAÑA,"FASE DE GRUPOS ""A""",CB CLAVIJO,55,C. JACOBS,90.625%,14.3972%,False,1,BIELE ISB,True
COPA ESPAÑA,"FASE DE GRUPOS ""A""",CB CLAVIJO,55,C. JACOBS,63.8889%,35.2482%,True,1,BIELE ISB,True
COPA ESPAÑA,"FASE DE GRUPOS ""A""",CB CLAVIJO,12,D. PA MOR,93.8194%,46.9149%,True,1,BIELE ISB,True
COPA ESPAÑA,"FASE DE GRUPOS ""A""",CB CLAVIJO,7,V. HRABAR,93.6806%,54.3617%,False,1,BIELE ISB,True
COPA ESPAÑA,"FASE DE GRUPOS ""A""",CB CLAVIJO,1,E. A NONGO BERTHOLD,67.3611%,76.578%,True,1,BIELE ISB,True
COPA ESPAÑA,"FASE DE GRUPOS ""A""",CB CLAVIJO,33,K. TORRES CUEVAS,70.5556%,76.9504%,False,1,BIELE ISB,True
COPA ESPAÑA,"FASE DE GRUPOS ""A""",CB CLAVIJO,9,H. ARBOSA ROLDAN,8.33333%,3.59929%,False,1,BIELE ISB,True
COPA ESPAÑA,"FASE DE GRUPOS ""A""",CB CLAVIJO,22,I. ROYO ARGOTE,71.25%,85.3901%,False,1,BIELE ISB,True
COPA ESPAÑA,"FASE DE GRUPOS ""A""",CB CLAVIJO,33,K. TORRES CUEVAS,65.8333%,59.6986%,False,1,BIELE ISB,True
COPA ESPAÑA,"FASE DE GRUPOS ""A""",CB CLAVIJO,33,K. TORRES CUEVAS,93.9583%,49.0248%,False,1,BIELE ISB,True
COPA ESPAÑA,"FASE DE GRUPOS ""A""",CB CLAVIJO,5,M. DE PABLO DEL CASTILLO,89.5833%,5.58511%,False,1,BIELE ISB,True
COPA ESPAÑA,"FASE DE GRUPOS ""A""",CB CLAVIJO,33,K. TORRES CUEVAS,9.44444%,68.5106%,False,1,BIELE ISB,True
COPA ESPAÑA,"FASE DE GRUPOS ""A""",CB CLAVIJO,12,D. PA MOR,7.70833%,46.9149%,False,1,BIELE ISB,True
COPA ESPAÑA,"FASE DE GRUPOS ""A""",CB CLAVIJO,55,C. JACOBS,25.4167%,11.2943%,False,1,BIELE ISB,True
COPA ESPAÑA,"FASE DE GRUPOS ""A""",CB CLAVIJO,33,K. TORRES CUEVAS,8.05556%,45.6738%,False,1,BIELE ISB,True
COPA ESPAÑA,"FASE DE GRUPOS ""A""",CB CLAVIJO,12,D. PA MOR,10.0694%,61.0638%,False,1,BIELE ISB,True
COPA ESPAÑA,"FASE DE GRUPOS ""A""",CB CLAVIJO,9,H. ARBOSA ROLDAN,94.7917%,52.8723%,True,1,BIELE ISB,True
COPA ESPAÑA,"FASE DE GRUPOS ""A""",CB CLAVIJO,9,H. ARBOSA ROLDAN,22.7778%,6.70213%,False,1,BIELE ISB,True
COPA ESPAÑA,"FASE DE GRUPOS ""A""",CB CLAVIJO,12,D. PA MOR,7.36111%,49.7695%,False,1,BIELE ISB,True
COPA ESPAÑA,"FASE DE GRUPOS ""A""",CB CLAVIJO,33,K. TORRES CUEVAS,94.4444%,49.5213%,True,1,BIELE ISB,True
COPA ESPAÑA,"FASE DE GRUPOS ""A""",CB CLAVIJO,11,J. PARDINA MOLINA,11.1806%,4.21986%,False,1,BIELE ISB,True
COPA ESPAÑA,"FASE DE GRUPOS ""A""",CB CLAVIJO,55,C. JACOBS,91.6667%,5.95745%,True,1,BIELE ISB,True
COPA ESPAÑA,"FASE DE GRUPOS ""A""",CB CLAVIJO,5,M. DE PABLO DEL CASTILLO,32.7778%,14.3972%,False,1,BIELE ISB,True
COPA ESPAÑA,"FASE DE GRUPOS ""A""",CB CLAVIJO,11,J. PARDINA MOLINA,70.3472%,11.6667%,False,1,BIELE ISB,True
COPA ESPAÑA,"FASE DE GRUPOS ""A""",CB CLAVIJO,22,I. ROYO ARGOTE,95%,47.4113%,True,1,BIELE ISB,True
COPA ESPAÑA,"FASE DE GRUPOS ""A""",CB CLAVIJO,11,J. PARDINA MOLINA,70.3472%,11.6667%,False,1,BIELE ISB,True
COPA ESPAÑA,"FASE DE GRUPOS ""A""",CB CLAVIJO,7,V. HRABAR,74.4444%,84.7695%,True,1,BIELE ISB,True
COPA ESPAÑA,"FASE DE GRUPOS ""A""",CB CLAVIJO,55,C. JACOBS,71.8056%,19.2376%,True,1,BIELE ISB,True
COPA ESPAÑA,"FASE DE GRUPOS ""A""",CB CLAVIJO,55,C. JACOBS,3.81944%,45.922%,True,1,BIELE ISB,True
COPA ESPAÑA,"FASE DE GRUPOS ""A""",CB CLAVIJO,5,M. DE PABLO DEL CASTILLO,5.27778%,46.2943%,True,1,BIELE ISB,True
COPA ESPAÑA,"FASE DE GRUPOS ""A""",CB CLAVIJO,22,I. ROYO ARGOTE,5.90278%,53.3688%,False,1,BIELE ISB,True
COPA ESPAÑA,"FASE DE GRUPOS ""A""",BIELE ISB,10,O. ARDANZA BERNAOLA,95.5556%,46.9149%,False,1,CB CLAVIJO,False
COPA ESPAÑA,"FASE DE GRUPOS ""A""",BIELE ISB,7,I. AIZPITARTE ARANZA,21.6667%,88.1206%,False,1,CB CLAVIJO,False
COPA ESPAÑA,"FASE DE GRUPOS ""A""",BIELE ISB,7,I. AIZPITARTE ARANZA,25.2083%,9.55674%,True,1,CB CLAVIJO,False
COPA ESPAÑA,"FASE DE GRUPOS ""A""",BIELE ISB,8,A. MONCANUT MORE,72.5694%,12.5355%,False,1,CB CLAVIJO,False
COPA ESPAÑA,"FASE DE GRUPOS ""A""",BIELE ISB,13,M. OLAIZOLA GARIN,93.8889%,92.7128%,False,1,CB CLAVIJO,False
COPA ESPAÑA,"FASE DE GRUPOS ""A""",BIELE ISB,25,J. JERMAIN,67.5694%,22.7128%,False,1,CB CLAVIJO,False
COPA ESPAÑA,"FASE DE GRUPOS ""A""",BIELE ISB,13,M. OLAIZOLA GARIN,18.5417%,56.9681%,True,1,CB CLAVIJO,False
COPA ESPAÑA,"FASE DE GRUPOS ""A""",BIELE ISB,25,J. JERMAIN,6.73611%,52.1277%,True,1,CB CLAVIJO,False
COPA ESPAÑA,"FASE DE GRUPOS ""A""",BIELE ISB,8,A. MONCANUT MORE,69.8611%,75.7092%,False,1,CB CLAVIJO,False
COPA ESPAÑA,"FASE DE GRUPOS ""A""",BIELE ISB,10,O. ARDANZA BERNAOLA,92.7778%,95.4433%,False,1,CB CLAVIJO,False
COPA ESPAÑA,"FASE DE GRUPOS ""A""",BIELE ISB,13,M. OLAIZOLA GARIN,21.3889%,60.8156%,True,1,CB CLAVIJO,False
COPA ESPAÑA,"FASE DE GRUPOS ""A""",BIELE ISB,15,M. NIANG NDONGO,5.97222%,52.6241%,True,1,CB CLAVIJO,False
COPA ESPAÑA,"FASE DE GRUPOS ""A""",BIELE ISB,25,J. JERMAIN,78.4028%,71.4894%,True,1,CB CLAVIJO,False
COPA ESPAÑA,"FASE DE GRUPOS ""A""",BIELE ISB,7,I. AIZPITARTE ARANZA,31.0417%,19.734%,True,1,CB CLAVIJO,False
COPA ESPAÑA,"FASE DE GRUPOS ""A""",BIELE ISB,8,A. MONCANUT MORE,92.9861%,48.5284%,False,1,CB CLAVIJO,False
COPA ESPAÑA,"FASE DE GRUPOS ""A""",BIELE ISB,8,A. MONCANUT MORE,94.9306%,40.5851%,False,1,CB CLAVIJO,False
COPA ESPAÑA,"FASE DE GRUPOS ""A""",BIELE ISB,7,I. AIZPITARTE ARANZA,94.6528%,56.5957%,False,1,CB CLAVIJO,False
COPA ESPAÑA,"FASE DE GRUPOS ""A""",BIELE ISB,10,O. ARDANZA BERNAOLA,93.2639%,4.09574%,True,1,CB CLAVIJO,False
COPA ESPAÑA,"FASE DE GRUPOS ""A""",BIELE ISB,7,I. AIZPITARTE ARANZA,94.5139%,55.1064%,False,1,CB CLAVIJO,False
COPA ESPAÑA,"FASE DE GRUPOS ""A""",BIELE ISB,15,M. NIANG NDONGO,4.86111%,46.0461%,True,1,CB CLAVIJO,False
COPA ESPAÑA,"FASE DE GRUPOS ""A""",BIELE ISB,25,J. JERMAIN,75.1389%,19.9823%,True,1,CB CLAVIJO,False
COPA ESPAÑA,"FASE DE GRUPOS ""A""",BIELE ISB,7,I. AIZPITARTE ARANZA,22.7778%,10.922%,True,1,CB CLAVIJO,False
COPA ESPAÑA,"FASE DE GRUPOS ""A""",BIELE ISB,15,M. NIANG NDONGO,22.2917%,28.1738%,True,1,CB CLAVIJO,False
COPA ESPAÑA,"FASE DE GRUPOS ""A""",BIELE ISB,8,A. MONCANUT MORE,34.6528%,46.9149%,False,1,CB CLAVIJO,False
COPA ESPAÑA,"FASE DE GRUPOS ""A""",BIELE ISB,15,M. NIANG NDONGO,19.7222%,7.69504%,False,1,CB CLAVIJO,False
COPA ESPAÑA,"FASE DE GRUPOS ""A""",BIELE ISB,10,O. ARDANZA BERNAOLA,17.5%,7.57092%,True,1,CB CLAVIJO,False
COPA ESPAÑA,"FASE DE GRUPOS ""A""",BIELE ISB,50,O. INDA HERNANDEZ,5.83333%,81.9149%,False,1,CB CLAVIJO,False
COPA ESPAÑA,"FASE DE GRUPOS ""A""",BIELE ISB,7,I. AIZPITARTE ARANZA,94.4444%,7.94326%,False,1,CB CLAVIJO,False
COPA ESPAÑA,"FASE DE GRUPOS ""A""",BIELE ISB,8,A. MONCANUT MORE,20.625%,89.9823%,False,1,CB CLAVIJO,False
COPA ESPAÑA,"FASE DE GRUPOS ""A""",BIELE ISB,8,A. MONCANUT MORE,6.80556%,45.4255%,False,1,CB CLAVIJO,False
COPA ESPAÑA,"FASE DE GRUPOS ""A""",BIELE ISB,15,M. NIANG NDONGO,5.76389%,54.4858%,True,1,CB CLAVIJO,False
COPA ESPAÑA,"FASE DE GRUPOS ""A""",BIELE ISB,7,I. AIZPITARTE ARANZA,94.8611%,92.3404%,True,1,CB CLAVIJO,False
COPA ESPAÑA,"FASE DE GRUPOS ""A""",BIELE ISB,30,I. MIRANDA GARCIA,3.68056%,51.5071%,True,1,CB CLAVIJO,False
COPA ESPAÑA,"FASE DE GRUPOS ""A""",BIELE ISB,15,M. NIANG NDONGO,93.8889%,70.2482%,False,1,CB CLAVIJO,False
COPA ESPAÑA,"FASE DE GRUPOS ""A""",BIELE ISB,13,M. OLAIZOLA GARIN,20.7639%,92.8369%,False,1,CB CLAVIJO,False
COPA ESPAÑA,"FASE DE GRUPOS ""A""",BIELE ISB,10,O. ARDANZA BERNAOLA,9.65278%,95.0709%,True,1,CB CLAVIJO,False
COPA ESPAÑA,"FASE DE GRUPOS ""A""",BIELE ISB,15,M. NIANG NDONGO,10.9028%,52.9965%,False,1,CB CLAVIJO,False
COPA ESPAÑA,"FASE DE GRUPOS ""A""",BIELE ISB,13,M. OLAIZOLA GARIN,75.9028%,12.5355%,False,1,CB CLAVIJO,False
COPA ESPAÑA,"FASE DE GRUPOS ""A""",BIELE ISB,25,J. JERMAIN,22.2917%,28.1738%,False,1,CB CLAVIJO,False
COPA ESPAÑA,"FASE DE GRUPOS ""A""",BIELE ISB,30,I. MIRANDA GARCIA,95%,4.21986%,True,1,CB CLAVIJO,False
COPA ESPAÑA,"FASE DE GRUPOS ""A""",BIELE ISB,8,A. MONCANUT MORE,83.8889%,5.33688%,False,1,CB CLAVIJO,False
COPA ESPAÑA,"FASE DE GRUPOS ""A""",BIELE ISB,11,U. ARREGI ODRIOZOLA,93.0556%,7.07447%,False,1,CB CLAVIJO,False
COPA ESPAÑA,"FASE DE GRUPOS ""A""",BIELE ISB,7,I. AIZPITARTE ARANZA,93.1944%,3.59929%,False,1,CB CLAVIJO,False
COPA ESPAÑA,"FASE DE GRUPOS ""A""",BIELE ISB,30,I. MIRANDA GARCIA,5.97222%,48.6525%,True,1,CB CLAVIJO,False
COPA ESPAÑA,"FASE DE GRUPOS ""A""",BIELE ISB,25,J. JERMAIN,65.2778%,26.6844%,False,1,CB CLAVIJO,False
COPA ESPAÑA,"FASE DE GRUPOS ""A""",BIELE ISB,7,I. AIZPITARTE ARANZA,71.9444%,16.8794%,False,1,CB CLAVIJO,False
COPA ESPAÑA,"FASE DE GRUPOS ""A""",BIELE ISB,15,M. NIANG NDONGO,7.77778%,49.7695%,False,1,CB CLAVIJO,False
COPA ESPAÑA,"FASE DE GRUPOS ""A""",BIELE ISB,15,M. NIANG NDONGO,94.5139%,55.1064%,True,1,CB CLAVIJO,False
COPA ESPAÑA,"FASE DE GRUPOS ""A""",BIELE ISB,10,O. ARDANZA BERNAOLA,93.0556%,93.7057%,True,1,CB CLAVIJO,False
COPA ESPAÑA,"FASE DE GRUPOS ""A""",BIELE ISB,15,M. NIANG NDONGO,24.0972%,88.2447%,False,1,CB CLAVIJO,False
COPA ESPAÑA,"FASE DE GRUPOS ""A""",BIELE ISB,7,I. AIZPITARTE ARANZA,94.0972%,5.21277%,False,1,CB CLAVIJO,False
COPA ESPAÑA,"FASE DE GRUPOS ""A""",BIELE ISB,10,O. ARDANZA BERNAOLA,94.375%,45.0532%,False,1,CB CLAVIJO,False
COPA ESPAÑA,"FASE DE GRUPOS ""A""",BIELE ISB,13,M. OLAIZOLA GARIN,6.11111%,53.1206%,True,1,CB CLAVIJO,False
COPA ESPAÑA,"FASE DE GRUPOS ""A""",BIELE ISB,10,O. ARDANZA BERNAOLA,28.6111%,77.8191%,True,1,CB CLAVIJO,False
COPA ESPAÑA,"FASE DE GRUPOS ""B""",CULTURAL Y DEPORTIVA LEONESA,5,D. HAYMAN,69.6528%,65.7801%,False,1,UEMC CBC VALLADOLID,True
COPA ESPAÑA,"FASE DE GRUPOS ""B""",CULTURAL Y DEPORTIVA LEONESA,10,D. BULTO CASTILLO,13.4722%,52.5%,False,1,UEMC CBC VALLADOLID,True
COPA ESPAÑA,"FASE DE GRUPOS ""B""",CULTURAL Y DEPORTIVA LEONESA,17,M. AMADASUN,83.8889%,46.7908%,False,1,UEMC CBC VALLADOLID,True
COPA ESPAÑA,"FASE DE GRUPOS ""B""",CULTURAL Y DEPORTIVA LEONESA,11,D. CEBOLLA PORCAR,67.1528%,44.1844%,True,1,UEMC CBC VALLADOLID,True
COPA ESPAÑA,"FASE DE GRUPOS ""B""",CULTURAL Y DEPORTIVA LEONESA,0,M. DENG,69.2361%,22.7128%,False,1,UEMC CBC VALLADOLID,True
COPA ESPAÑA,"FASE DE GRUPOS ""B""",CULTURAL Y DEPORTIVA LEONESA,0,M. DENG,70.625%,19.8582%,False,1,UEMC CBC VALLADOLID,True
COPA ESPAÑA,"FASE DE GRUPOS ""B""",CULTURAL Y DEPORTIVA LEONESA,32,J. LLAMAS PRADO,12.2917%,57.8369%,False,1,UEMC CBC VALLADOLID,True
COPA ESPAÑA,"FASE DE GRUPOS ""B""",CULTURAL Y DEPORTIVA LEONESA,11,D. CEBOLLA PORCAR,84.8611%,44.1844%,False,1,UEMC CBC VALLADOLID,True
COPA ESPAÑA,"FASE DE GRUPOS ""B""",CULTURAL Y DEPORTIVA LEONESA,17,M. AMADASUN,87.6389%,39.0957%,False,1,UEMC CBC VALLADOLID,True
COPA ESPAÑA,"FASE DE GRUPOS ""B""",CULTURAL Y DEPORTIVA LEONESA,10,D. BULTO CASTILLO,32.7778%,38.5993%,False,1,UEMC CBC VALLADOLID,True
COPA ESPAÑA,"FASE DE GRUPOS ""B""",CULTURAL Y DEPORTIVA LEONESA,33,R. LLAMAS MARTINEZ,87.0139%,30.656%,True,1,UEMC CBC VALLADOLID,True
COPA ESPAÑA,"FASE DE GRUPOS ""B""",CULTURAL Y DEPORTIVA LEONESA,17,M. AMADASUN,78.6111%,52.9965%,True,1,UEMC CBC VALLADOLID,True
COPA ESPAÑA,"FASE DE GRUPOS ""B""",CULTURAL Y DEPORTIVA LEONESA,11,D. CEBOLLA PORCAR,12.4306%,55.6028%,True,1,UEMC CBC VALLADOLID,True
COPA ESPAÑA,"FASE DE GRUPOS ""B""",CULTURAL Y DEPORTIVA LEONESA,33,R. LLAMAS MARTINEZ,32.9861%,47.4113%,True,1,UEMC CBC VALLADOLID,True
COPA ESPAÑA,"FASE DE GRUPOS ""B""",CULTURAL Y DEPORTIVA LEONESA,32,J. LLAMAS PRADO,86.5278%,61.5603%,False,1,UEMC CBC VALLADOLID,True
COPA ESPAÑA,"FASE DE GRUPOS ""B""",CULTURAL Y DEPORTIVA LEONESA,0,M. DENG,8.47222%,93.2092%,True,1,UEMC CBC VALLADOLID,True
COPA ESPAÑA,"FASE DE GRUPOS ""B""",CULTURAL Y DEPORTIVA LEONESA,32,J. LLAMAS PRADO,87.8472%,6.82624%,False,1,UEMC CBC VALLADOLID,True
COPA ESPAÑA,"FASE DE GRUPOS ""B""",CULTURAL Y DEPORTIVA LEONESA,32,J. LLAMAS PRADO,92.6389%,50.1418%,True,1,UEMC CBC VALLADOLID,True
COPA ESPAÑA,"FASE DE GRUPOS ""B""",CULTURAL Y DEPORTIVA LEONESA,0,M. DENG,28.8889%,77.4468%,False,1,UEMC CBC VALLADOLID,True
COPA ESPAÑA,"FASE DE GRUPOS ""B""",CULTURAL Y DEPORTIVA LEONESA,7,P. ORENGA IMAZ,86.5278%,48.0319%,True,1,UEMC CBC VALLADOLID,True
COPA ESPAÑA,"FASE DE GRUPOS ""B""",CULTURAL Y DEPORTIVA LEONESA,17,M. AMADASUN,88.0556%,59.4504%,False,1,UEMC CBC VALLADOLID,True
COPA ESPAÑA,"FASE DE GRUPOS ""B""",CULTURAL Y DEPORTIVA LEONESA,11,D. CEBOLLA PORCAR,24.2361%,88.8653%,True,1,UEMC CBC VALLADOLID,True
COPA ESPAÑA,"FASE DE GRUPOS ""B""",CULTURAL Y DEPORTIVA LEONESA,32,J. LLAMAS PRADO,85.3472%,42.0745%,True,1,UEMC CBC VALLADOLID,True
COPA ESPAÑA,"FASE DE GRUPOS ""B""",CULTURAL Y DEPORTIVA LEONESA,10,D. BULTO CASTILLO,78.3333%,43.1915%,False,1,UEMC CBC VALLADOLID,True
COPA ESPAÑA,"FASE DE GRUPOS ""B""",CULTURAL Y DEPORTIVA LEONESA,32,J. LLAMAS PRADO,24.0278%,89.734%,False,1,UEMC CBC VALLADOLID,True
COPA ESPAÑA,"FASE DE GRUPOS ""B""",CULTURAL Y DEPORTIVA LEONESA,11,D. CEBOLLA PORCAR,67.3611%,34.1312%,False,1,UEMC CBC VALLADOLID,True
COPA ESPAÑA,"FASE DE GRUPOS ""B""",CULTURAL Y DEPORTIVA LEONESA,5,D. HAYMAN,12.2917%,41.7021%,True,1,UEMC CBC VALLADOLID,True
COPA ESPAÑA,"FASE DE GRUPOS ""B""",CULTURAL Y DEPORTIVA LEONESA,5,D. HAYMAN,21.7361%,47.7837%,True,1,UEMC CBC VALLADOLID,True
COPA ESPAÑA,"FASE DE GRUPOS ""B""",CULTURAL Y DEPORTIVA LEONESA,23,E. VAN DER HEIJDEN,90.4861%,38.4752%,True,1,UEMC CBC VALLADOLID,True
COPA ESPAÑA,"FASE DE GRUPOS ""B""",CULTURAL Y DEPORTIVA LEONESA,13,A. DOMINGUEZ ESPELT,24.6528%,12.5355%,False,1,UEMC CBC VALLADOLID,True
COPA ESPAÑA,"FASE DE GRUPOS ""B""",CULTURAL Y DEPORTIVA LEONESA,32,J. LLAMAS PRADO,72.9167%,79.0603%,False,1,UEMC CBC VALLADOLID,True
COPA ESPAÑA,"FASE DE GRUPOS ""B""",CULTURAL Y DEPORTIVA LEONESA,10,D. BULTO CASTILLO,71.9444%,76.8262%,False,1,UEMC CBC VALLADOLID,True
COPA ESPAÑA,"FASE DE GRUPOS ""B""",CULTURAL Y DEPORTIVA LEONESA,17,M. AMADASUN,23.0556%,45.5496%,False,1,UEMC CBC VALLADOLID,True
COPA ESPAÑA,"FASE DE GRUPOS ""B""",CULTURAL Y DEPORTIVA LEONESA,10,D. BULTO CASTILLO,74.7222%,16.1348%,False,1,UEMC CBC VALLADOLID,True
COPA ESPAÑA,"FASE DE GRUPOS ""B""",CULTURAL Y DEPORTIVA LEONESA,5,D. HAYMAN,73.4722%,86.0106%,False,1,UEMC CBC VALLADOLID,True
COPA ESPAÑA,"FASE DE GRUPOS ""B""",CULTURAL Y DEPORTIVA LEONESA,17,M. AMADASUN,22.0833%,65.2837%,True,1,UEMC CBC VALLADOLID,True
COPA ESPAÑA,"FASE DE GRUPOS ""B""",CULTURAL Y DEPORTIVA LEONESA,17,M. AMADASUN,77.1528%,47.7837%,False,1,UEMC CBC VALLADOLID,True
COPA ESPAÑA,"FASE DE GRUPOS ""B""",CULTURAL Y DEPORTIVA LEONESA,7,P. ORENGA IMAZ,15.6944%,47.9078%,False,1,UEMC CBC VALLADOLID,True
COPA ESPAÑA,"FASE DE GRUPOS ""B""",CULTURAL Y DEPORTIVA LEONESA,0,M. DENG,31.4583%,29.6631%,True,1,UEMC CBC VALLADOLID,True
COPA ESPAÑA,"FASE DE GRUPOS ""B""",CULTURAL Y DEPORTIVA LEONESA,13,A. DOMINGUEZ ESPELT,68.6806%,34.2553%,False,1,UEMC CBC VALLADOLID,True
COPA ESPAÑA,"FASE DE GRUPOS ""B""",CULTURAL Y DEPORTIVA LEONESA,0,M. DENG,28.8194%,16.0106%,False,1,UEMC CBC VALLADOLID,True
COPA ESPAÑA,"FASE DE GRUPOS ""B""",CULTURAL Y DEPORTIVA LEONESA,32,J. LLAMAS PRADO,12.9861%,44.1844%,True,1,UEMC CBC VALLADOLID,True
COPA ESPAÑA,"FASE DE GRUPOS ""B""",CULTURAL Y DEPORTIVA LEONESA,17,M. AMADASUN,88.6111%,68.7589%,False,1,UEMC CBC VALLADOLID,True
COPA ESPAÑA,"FASE DE GRUPOS ""B""",CULTURAL Y DEPORTIVA LEONESA,7,P. ORENGA IMAZ,85.8333%,42.8191%,True,1,UEMC CBC VALLADOLID,True
COPA ESPAÑA,"FASE DE GRUPOS ""B""",CULTURAL Y DEPORTIVA LEONESA,5,D. HAYMAN,25.9028%,83.9007%,True,1,UEMC CBC VALLADOLID,True
COPA ESPAÑA,"FASE DE GRUPOS ""B""",CULTURAL Y DEPORTIVA LEONESA,11,D. CEBOLLA PORCAR,15.6944%,43.1915%,False,1,UEMC CBC VALLADOLID,True
COPA ESPAÑA,"FASE DE GRUPOS ""B""",CULTURAL Y DEPORTIVA LEONESA,17,M. AMADASUN,85.1389%,54.2376%,True,1,UEMC CBC VALLADOLID,True
COPA ESPAÑA,"FASE DE GRUPOS ""B""",CULTURAL Y DEPORTIVA LEONESA,5,D. HAYMAN,69.7222%,67.0213%,False,1,UEMC CBC VALLADOLID,True
COPA ESPAÑA,"FASE DE GRUPOS ""B""",CULTURAL Y DEPORTIVA LEONESA,17,M. AMADASUN,86.875%,44.0603%,False,1,UEMC CBC VALLADOLID,True
COPA ESPAÑA,"FASE DE GRUPOS ""B""",CULTURAL Y DEPORTIVA LEONESA,13,A. DOMINGUEZ ESPELT,88.125%,44.1844%,False,1,UEMC CBC VALLADOLID,True
COPA ESPAÑA,"FASE DE GRUPOS ""B""",CULTURAL Y DEPORTIVA LEONESA,17,M. AMADASUN,89.6528%,64.0426%,False,1,UEMC CBC VALLADOLID,True
COPA ESPAÑA,"FASE DE GRUPOS ""B""",CULTURAL Y DEPORTIVA LEONESA,17,M. AMADASUN,18.9583%,38.7234%,False,1,UEMC CBC VALLADOLID,True
COPA ESPAÑA,"FASE DE GRUPOS ""B""",CULTURAL Y DEPORTIVA LEONESA,17,M. AMADASUN,20.4167%,45.5496%,False,1,UEMC CBC VALLADOLID,True
COPA ESPAÑA,"FASE DE GRUPOS ""B""",CULTURAL Y DEPORTIVA LEONESA,13,A. DOMINGUEZ ESPELT,20.0694%,40.3369%,True,1,UEMC CBC VALLADOLID,True
COPA ESPAÑA,"FASE DE GRUPOS ""B""",CULTURAL Y DEPORTIVA LEONESA,5,D. HAYMAN,14.5833%,54.8582%,True,1,UEMC CBC VALLADOLID,True
COPA ESPAÑA,"FASE DE GRUPOS ""B""",CULTURAL Y DEPORTIVA LEONESA,13,A. DOMINGUEZ ESPELT,90.4861%,43.1915%,False,1,UEMC CBC VALLADOLID,True
COPA ESPAÑA,"FASE DE GRUPOS ""B""",CULTURAL Y DEPORTIVA LEONESA,5,D. HAYMAN,28.75%,76.9504%,True,1,UEMC CBC VALLADOLID,True
COPA ESPAÑA,"FASE DE GRUPOS ""B""",CULTURAL Y DEPORTIVA LEONESA,33,R. LLAMAS MARTINEZ,69.7222%,72.8546%,True,1,UEMC CBC VALLADOLID,True
COPA ESPAÑA,"FASE DE GRUPOS ""B""",CULTURAL Y DEPORTIVA LEONESA,10,D. BULTO CASTILLO,73.4028%,83.2801%,False,1,UEMC CBC VALLADOLID,True
COPA ESPAÑA,"FASE DE GRUPOS ""B""",CULTURAL Y DEPORTIVA LEONESA,7,P. ORENGA IMAZ,18.8889%,52.8723%,False,1,UEMC CBC VALLADOLID,True
COPA ESPAÑA,"FASE DE GRUPOS ""B""",CULTURAL Y DEPORTIVA LEONESA,23,E. VAN DER HEIJDEN,76.3194%,85.7624%,True,1,UEMC CBC VALLADOLID,True
COPA ESPAÑA,"FASE DE GRUPOS ""B""",CULTURAL Y DEPORTIVA LEONESA,10,D. BULTO CASTILLO,39.0278%,50.3901%,False,1,UEMC CBC VALLADOLID,True
COPA ESPAÑA,"FASE DE GRUPOS ""B""",CULTURAL Y DEPORTIVA LEONESA,32,J. LLAMAS PRADO,72.0833%,22.961%,False,1,UEMC CBC VALLADOLID,True
COPA ESPAÑA,"FASE DE GRUPOS ""B""",CULTURAL Y DEPORTIVA LEONESA,32,J. LLAMAS PRADO,25.2778%,19.1135%,True,1,UEMC CBC VALLADOLID,True
COPA ESPAÑA,"FASE DE GRUPOS ""B""",CULTURAL Y DEPORTIVA LEONESA,33,R. LLAMAS MARTINEZ,75.4167%,35.2482%,True,1,UEMC CBC VALLADOLID,True
COPA ESPAÑA,"FASE DE GRUPOS ""B""",CULTURAL Y DEPORTIVA LEONESA,5,D. HAYMAN,58.6111%,16.383%,False,1,UEMC CBC VALLADOLID,True
COPA ESPAÑA,"FASE DE GRUPOS ""B""",CULTURAL Y DEPORTIVA LEONESA,32,J. LLAMAS PRADO,15.9722%,46.9149%,False,1,UEMC CBC VALLADOLID,True
COPA ESPAÑA,"FASE DE GRUPOS ""B""",CULTURAL Y DEPORTIVA LEONESA,32,J. LLAMAS PRADO,29.7222%,77.695%,True,1,UEMC CBC VALLADOLID,True
COPA ESPAÑA,"FASE DE GRUPOS ""B""",CULTURAL Y DEPORTIVA LEONESA,5,D. HAYMAN,23.3333%,89.8582%,False,1,UEMC CBC VALLADOLID,True
COPA ESPAÑA,"FASE DE GRUPOS ""B""",CULTURAL Y DEPORTIVA LEONESA,17,M. AMADASUN,78.8889%,46.7908%,False,1,UEMC CBC VALLADOLID,True
COPA ESPAÑA,"FASE DE GRUPOS ""B""",CULTURAL Y DEPORTIVA LEONESA,0,M. DENG,33.0556%,47.9078%,True,1,UEMC CBC VALLADOLID,True
COPA ESPAÑA,"FASE DE GRUPOS ""B""",CULTURAL Y DEPORTIVA LEONESA,10,D. BULTO CASTILLO,36.9444%,55.9752%,True,1,UEMC CBC VALLADOLID,True
COPA ESPAÑA,"FASE DE GRUPOS ""B""",CULTURAL Y DEPORTIVA LEONESA,17,M. AMADASUN,82.1528%,41.9504%,False,1,UEMC CBC VALLADOLID,True
COPA ESPAÑA,"FASE DE GRUPOS ""B""",CULTURAL Y DEPORTIVA LEONESA,17,M. AMADASUN,14.2361%,52.5%,False,1,UEMC CBC VALLADOLID,True
COPA ESPAÑA,"FASE DE GRUPOS ""B""",CULTURAL Y DEPORTIVA LEONESA,33,R. LLAMAS MARTINEZ,9.30556%,7.57092%,True,1,UEMC CBC VALLADOLID,True
COPA ESPAÑA,"FASE DE GRUPOS ""B""",CULTURAL Y DEPORTIVA LEONESA,0,M. DENG,21.7361%,45.1773%,False,1,UEMC CBC VALLADOLID,True
COPA ESPAÑA,"FASE DE GRUPOS ""B""",CULTURAL Y DEPORTIVA LEONESA,10,D. BULTO CASTILLO,13.4722%,57.2163%,True,1,UEMC CBC VALLADOLID,True
COPA ESPAÑA,"FASE DE GRUPOS ""B""",CULTURAL Y DEPORTIVA LEONESA,0,M. DENG,81.875%,21.7199%,True,1,UEMC CBC VALLADOLID,True
COPA ESPAÑA,"FASE DE GRUPOS ""B""",CULTURAL Y DEPORTIVA LEONESA,11,D. CEBOLLA PORCAR,88.2639%,41.578%,True,1,UEMC CBC VALLADOLID,True
COPA ESPAÑA,"FASE DE GRUPOS ""B""",CULTURAL Y DEPORTIVA LEONESA,11,D. CEBOLLA PORCAR,80.4861%,63.5461%,False,1,UEMC CBC VALLADOLID,True
COPA ESPAÑA,"FASE DE GRUPOS ""B""",CULTURAL Y DEPORTIVA LEONESA,13,A. DOMINGUEZ ESPELT,20.6944%,41.4539%,True,1,UEMC CBC VALLADOLID,True
COPA ESPAÑA,"FASE DE GRUPOS ""B""",CULTURAL Y DEPORTIVA LEONESA,0,M. DENG,65.4861%,44.3085%,False,1,UEMC CBC VALLADOLID,True
COPA ESPAÑA,"FASE DE GRUPOS ""B""",UEMC CBC VALLADOLID,3,I. HANEY,77.9861%,59.2021%,False,1,CULTURAL Y DEPORTIVA LEONESA,False
COPA ESPAÑA,"FASE DE GRUPOS ""B""",UEMC CBC VALLADOLID,9,P. ISERN MAZA,86.5278%,57.0922%,False,1,CULTURAL Y DEPORTIVA LEONESA,False
COPA ESPAÑA,"FASE DE GRUPOS ""B""",UEMC CBC VALLADOLID,10,I. ORDOÑEZ OCHOA,85.4861%,51.1347%,True,1,CULTURAL Y DEPORTIVA LEONESA,False
COPA ESPAÑA,"FASE DE GRUPOS ""B""",UEMC CBC VALLADOLID,3,I. HANEY,86.4583%,42.4468%,True,1,CULTURAL Y DEPORTIVA LEONESA,False
COPA ESPAÑA,"FASE DE GRUPOS ""B""",UEMC CBC VALLADOLID,7,J. RODRIGUEZ NERI,39.4444%,22.8369%,False,1,CULTURAL Y DEPORTIVA LEONESA,False
COPA ESPAÑA,"FASE DE GRUPOS ""B""",UEMC CBC VALLADOLID,12,P. MARTIN MARTIN,10.625%,53.2447%,True,1,CULTURAL Y DEPORTIVA LEONESA,False
COPA ESPAÑA,"FASE DE GRUPOS ""B""",UEMC CBC VALLADOLID,3,I. HANEY,15.2083%,33.0142%,True,1,CULTURAL Y DEPORTIVA LEONESA,False
COPA ESPAÑA,"FASE DE GRUPOS ""B""",UEMC CBC VALLADOLID,9,P. ISERN MAZA,76.3889%,17.6241%,False,1,CULTURAL Y DEPORTIVA LEONESA,False
COPA ESPAÑA,"FASE DE GRUPOS ""B""",UEMC CBC VALLADOLID,1,S. TAIWO,86.1111%,48.2801%,True,1,CULTURAL Y DEPORTIVA LEONESA,False
COPA ESPAÑA,"FASE DE GRUPOS ""B""",UEMC CBC VALLADOLID,99,M. OCHI,24.0972%,51.7553%,False,1,CULTURAL Y DEPORTIVA LEONESA,False
COPA ESPAÑA,"FASE DE GRUPOS ""B""",UEMC CBC VALLADOLID,9,P. ISERN MAZA,12.7083%,46.2943%,True,1,CULTURAL Y DEPORTIVA LEONESA,False
COPA ESPAÑA,"FASE DE GRUPOS ""B""",UEMC CBC VALLADOLID,99,M. OCHI,14.8611%,50.0177%,False,1,CULTURAL Y DEPORTIVA LEONESA,False
COPA ESPAÑA,"FASE DE GRUPOS ""B""",UEMC CBC VALLADOLID,5,J. GARCIA-ABRIL GUERRERO,83.75%,54.734%,False,1,CULTURAL Y DEPORTIVA LEONESA,False
COPA ESPAÑA,"FASE DE GRUPOS ""B""",UEMC CBC VALLADOLID,99,M. OCHI,85.4167%,53.617%,True,1,CULTURAL Y DEPORTIVA LEONESA,False
COPA ESPAÑA,"FASE DE GRUPOS ""B""",UEMC CBC VALLADOLID,12,P. MARTIN MARTIN,16.5972%,52.8723%,True,1,CULTURAL Y DEPORTIVA LEONESA,False
COPA ESPAÑA,"FASE DE GRUPOS ""B""",UEMC CBC VALLADOLID,9,P. ISERN MAZA,69.5833%,67.0213%,False,1,CULTURAL Y DEPORTIVA LEONESA,False
COPA ESPAÑA,"FASE DE GRUPOS ""B""",UEMC CBC VALLADOLID,12,P. MARTIN MARTIN,87.6389%,43.6879%,False,1,CULTURAL Y DEPORTIVA LEONESA,False
COPA ESPAÑA,"FASE DE GRUPOS ""B""",UEMC CBC VALLADOLID,9,P. ISERN MAZA,12.9167%,55.6028%,True,1,CULTURAL Y DEPORTIVA LEONESA,False
COPA ESPAÑA,"FASE DE GRUPOS ""B""",UEMC CBC VALLADOLID,3,I. HANEY,69.5833%,31.7731%,False,1,CULTURAL Y DEPORTIVA LEONESA,False
COPA ESPAÑA,"FASE DE GRUPOS ""B""",UEMC CBC VALLADOLID,2,J. HANNA,10.9028%,45.0532%,False,1,CULTURAL Y DEPORTIVA LEONESA,False
COPA ESPAÑA,"FASE DE GRUPOS ""B""",UEMC CBC VALLADOLID,3,I. HANEY,72.0833%,21.0993%,True,1,CULTURAL Y DEPORTIVA LEONESA,False
COPA ESPAÑA,"FASE DE GRUPOS ""B""",UEMC CBC VALLADOLID,5,J. GARCIA-ABRIL GUERRERO,33.0556%,44.4326%,True,1,CULTURAL Y DEPORTIVA LEONESA,False
COPA ESPAÑA,"FASE DE GRUPOS ""B""",UEMC CBC VALLADOLID,9,P. ISERN MAZA,13.3333%,42.0745%,False,1,CULTURAL Y DEPORTIVA LEONESA,False
COPA ESPAÑA,"FASE DE GRUPOS ""B""",UEMC CBC VALLADOLID,3,I. HANEY,33.125%,34.7518%,False,1,CULTURAL Y DEPORTIVA LEONESA,False
COPA ESPAÑA,"FASE DE GRUPOS ""B""",UEMC CBC VALLADOLID,3,I. HANEY,9.30556%,93.3333%,False,1,CULTURAL Y DEPORTIVA LEONESA,False
COPA ESPAÑA,"FASE DE GRUPOS ""B""",UEMC CBC VALLADOLID,99,M. OCHI,12.8472%,42.5709%,False,1,CULTURAL Y DEPORTIVA LEONESA,False
COPA ESPAÑA,"FASE DE GRUPOS ""B""",UEMC CBC VALLADOLID,5,J. GARCIA-ABRIL GUERRERO,84.7222%,52.2518%,True,1,CULTURAL Y DEPORTIVA LEONESA,False
COPA ESPAÑA,"FASE DE GRUPOS ""B""",UEMC CBC VALLADOLID,9,P. ISERN MAZA,86.4583%,40.5851%,True,1,CULTURAL Y DEPORTIVA LEONESA,False
COPA ESPAÑA,"FASE DE GRUPOS ""B""",UEMC CBC VALLADOLID,3,I. HANEY,24.0972%,89.3617%,False,1,CULTURAL Y DEPORTIVA LEONESA,False
COPA ESPAÑA,"FASE DE GRUPOS ""B""",UEMC CBC VALLADOLID,9,P. ISERN MAZA,12.1528%,54.3617%,True,1,CULTURAL Y DEPORTIVA LEONESA,False
COPA ESPAÑA,"FASE DE GRUPOS ""B""",UEMC CBC VALLADOLID,9,P. ISERN MAZA,11.4583%,52.9965%,True,1,CULTURAL Y DEPORTIVA LEONESA,False
COPA ESPAÑA,"FASE DE GRUPOS ""B""",UEMC CBC VALLADOLID,9,P. ISERN MAZA,32.5694%,45.6738%,True,1,CULTURAL Y DEPORTIVA LEONESA,False
COPA ESPAÑA,"FASE DE GRUPOS ""B""",UEMC CBC VALLADOLID,3,I. HANEY,72.3611%,20.8511%,False,1,CULTURAL Y DEPORTIVA LEONESA,False
COPA ESPAÑA,"FASE DE GRUPOS ""B""",UEMC CBC VALLADOLID,9,P. ISERN MAZA,21.8056%,39.5922%,True,1,CULTURAL Y DEPORTIVA LEONESA,False
COPA ESPAÑA,"FASE DE GRUPOS ""B""",UEMC CBC VALLADOLID,3,I. HANEY,87.0833%,43.0674%,False,1,CULTURAL Y DEPORTIVA LEONESA,False
COPA ESPAÑA,"FASE DE GRUPOS ""B""",UEMC CBC VALLADOLID,12,P. MARTIN MARTIN,33.8194%,62.6773%,True,1,CULTURAL Y DEPORTIVA LEONESA,False
COPA ESPAÑA,"FASE DE GRUPOS ""B""",UEMC CBC VALLADOLID,99,M. OCHI,11.4583%,51.383%,True,1,CULTURAL Y DEPORTIVA LEONESA,False
COPA ESPAÑA,"FASE DE GRUPOS ""B""",UEMC CBC VALLADOLID,10,I. ORDOÑEZ OCHOA,15.1389%,54.734%,True,1,CULTURAL Y DEPORTIVA LEONESA,False
COPA ESPAÑA,"FASE DE GRUPOS ""B""",UEMC CBC VALLADOLID,1,S. TAIWO,13.125%,47.1631%,True,1,CULTURAL Y DEPORTIVA LEONESA,False
COPA ESPAÑA,"FASE DE GRUPOS ""B""",UEMC CBC VALLADOLID,9,P. ISERN MAZA,80.625%,65.656%,False,1,CULTURAL Y DEPORTIVA LEONESA,False
COPA ESPAÑA,"FASE DE GRUPOS ""B""",UEMC CBC VALLADOLID,10,I. ORDOÑEZ OCHOA,86.3194%,41.0816%,False,1,CULTURAL Y DEPORTIVA LEONESA,False
COPA ESPAÑA,"FASE DE GRUPOS ""B""",UEMC CBC VALLADOLID,12,P. MARTIN MARTIN,88.125%,84.3972%,False,1,CULTURAL Y DEPORTIVA LEONESA,False
COPA ESPAÑA,"FASE DE GRUPOS ""B""",UEMC CBC VALLADOLID,99,M. OCHI,12.5%,53.617%,True,1,CULTURAL Y DEPORTIVA LEONESA,False
COPA ESPAÑA,"FASE DE GRUPOS ""B""",UEMC CBC VALLADOLID,2,J. HANNA,88.0556%,38.1028%,False,1,CULTURAL Y DEPORTIVA LEONESA,False
COPA ESPAÑA,"FASE DE GRUPOS ""B""",UEMC CBC VALLADOLID,12,P. MARTIN MARTIN,11.875%,53.8653%,False,1,CULTURAL Y DEPORTIVA LEONESA,False
COPA ESPAÑA,"FASE DE GRUPOS ""B""",UEMC CBC VALLADOLID,9,P. ISERN MAZA,13.8194%,61.0638%,False,1,CULTURAL Y DEPORTIVA LEONESA,False
COPA ESPAÑA,"FASE DE GRUPOS ""B""",UEMC CBC VALLADOLID,2,J. HANNA,79.375%,67.1454%,False,1,CULTURAL Y DEPORTIVA LEONESA,False
COPA ESPAÑA,"FASE DE GRUPOS ""B""",UEMC CBC VALLADOLID,99,M. OCHI,14.8611%,35.7447%,False,1,CULTURAL Y DEPORTIVA LEONESA,False
COPA ESPAÑA,"FASE DE GRUPOS ""B""",UEMC CBC VALLADOLID,12,P. MARTIN MARTIN,13.2639%,55.4787%,False,1,CULTURAL Y DEPORTIVA LEONESA,False
COPA ESPAÑA,"FASE DE GRUPOS ""B""",UEMC CBC VALLADOLID,9,P. ISERN MAZA,87.3611%,54.3617%,True,1,CULTURAL Y DEPORTIVA LEONESA,False
COPA ESPAÑA,"FASE DE GRUPOS ""B""",UEMC CBC VALLADOLID,5,J. GARCIA-ABRIL GUERRERO,20.4861%,90.8511%,True,1,CULTURAL Y DEPORTIVA LEONESA,False
COPA ESPAÑA,"FASE DE GRUPOS ""B""",UEMC CBC VALLADOLID,7,J. RODRIGUEZ NERI,89.3056%,56.2234%,True,1,CULTURAL Y DEPORTIVA LEONESA,False
COPA ESPAÑA,"FASE DE GRUPOS ""B""",UEMC CBC VALLADOLID,3,I. HANEY,12.6389%,43.9362%,True,1,CULTURAL Y DEPORTIVA LEONESA,False
COPA ESPAÑA,"FASE DE GRUPOS ""B""",UEMC CBC VALLADOLID,99,M. OCHI,64.8611%,56.844%,False,1,CULTURAL Y DEPORTIVA LEONESA,False
COPA ESPAÑA,"FASE DE GRUPOS ""B""",UEMC CBC VALLADOLID,3,I. HANEY,83.6111%,52.5%,True,1,CULTURAL Y DEPORTIVA LEONESA,False
COPA ESPAÑA,"FASE DE GRUPOS ""B""",UEMC CBC VALLADOLID,1,S. TAIWO,87.2222%,59.2021%,True,1,CULTURAL Y DEPORTIVA LEONESA,False
COPA ESPAÑA,"FASE DE GRUPOS ""B""",UEMC CBC VALLADOLID,3,I. HANEY,13.8889%,41.2057%,True,1,CULTURAL Y DEPORTIVA LEONESA,False
COPA ESPAÑA,"FASE DE GRUPOS ""B""",UEMC CBC VALLADOLID,1,S. TAIWO,68.75%,27.6773%,False,1,CULTURAL Y DEPORTIVA LEONESA,False
COPA ESPAÑA,"FASE DE GRUPOS ""B""",UEMC CBC VALLADOLID,99,M. OCHI,32.5%,65.4078%,False,1,CULTURAL Y DEPORTIVA LEONESA,False
COPA ESPAÑA,"FASE DE GRUPOS ""B""",UEMC CBC VALLADOLID,10,I. ORDOÑEZ OCHOA,15.3472%,53.1206%,True,1,CULTURAL Y DEPORTIVA LEONESA,False
COPA ESPAÑA,"FASE DE GRUPOS ""B""",UEMC CBC VALLADOLID,9,P. ISERN MAZA,65.9028%,51.383%,False,1,CULTURAL Y DEPORTIVA LEONESA,False
COPA ESPAÑA,"FASE DE GRUPOS ""B""",UEMC CBC VALLADOLID,1,S. TAIWO,86.6667%,43.6879%,True,1,CULTURAL Y DEPORTIVA LEONESA,False
COPA ESPAÑA,"FASE DE GRUPOS ""B""",UEMC CBC VALLADOLID,3,I. HANEY,13.6111%,93.8298%,False,1,CULTURAL Y DEPORTIVA LEONESA,False
COPA ESPAÑA,"FASE DE GRUPOS ""B""",UEMC CBC VALLADOLID,3,I. HANEY,87.0833%,53.8653%,False,1,CULTURAL Y DEPORTIVA LEONESA,False
COPA ESPAÑA,"FASE DE GRUPOS ""B""",UEMC CBC VALLADOLID,2,J. HANNA,87.3611%,40.0887%,False,1,CULTURAL Y DEPORTIVA LEONESA,False
COPA ESPAÑA,"FASE DE GRUPOS ""C""",COTO CÓRDOBA CB,4,J. BLACK,68.5417%,38.7234%,True,1,JAEN PARAÍSO INTERIOR CB,True
COPA ESPAÑA,"FASE DE GRUPOS ""C""",COTO CÓRDOBA CB,7,A. RODRIGUEZ AGUILAR,72.4306%,89.734%,False,1,JAEN PARAÍSO INTERIOR CB,True
COPA ESPAÑA,"FASE DE GRUPOS ""C""",COTO CÓRDOBA CB,15,K. SCHUTTE,91.5278%,46.6667%,True,1,JAEN PARAÍSO INTERIOR CB,True
COPA ESPAÑA,"FASE DE GRUPOS ""C""",COTO CÓRDOBA CB,4,J. BLACK,9.93056%,42.9433%,True,1,JAEN PARAÍSO INTERIOR CB,True
COPA ESPAÑA,"FASE DE GRUPOS ""C""",COTO CÓRDOBA CB,35,A. ARROYO AGUADO,65.8333%,64.2908%,False,1,JAEN PARAÍSO INTERIOR CB,True
COPA ESPAÑA,"FASE DE GRUPOS ""C""",COTO CÓRDOBA CB,16,P. SANCHEZ INFANTES,66.1806%,57.8369%,False,1,JAEN PARAÍSO INTERIOR CB,True
COPA ESPAÑA,"FASE DE GRUPOS ""C""",COTO CÓRDOBA CB,4,J. BLACK,67.7778%,18.7411%,True,1,JAEN PARAÍSO INTERIOR CB,True
COPA ESPAÑA,"FASE DE GRUPOS ""C""",COTO CÓRDOBA CB,16,P. SANCHEZ INFANTES,22.6389%,47.9078%,False,1,JAEN PARAÍSO INTERIOR CB,True
COPA ESPAÑA,"FASE DE GRUPOS ""C""",COTO CÓRDOBA CB,10,G. OROZCO DOMINGUEZ,69.375%,88.1206%,False,1,JAEN PARAÍSO INTERIOR CB,True
COPA ESPAÑA,"FASE DE GRUPOS ""C""",COTO CÓRDOBA CB,1,L. SORENSEN,87.0139%,53.8653%,True,1,JAEN PARAÍSO INTERIOR CB,True
COPA ESPAÑA,"FASE DE GRUPOS ""C""",COTO CÓRDOBA CB,15,K. SCHUTTE,11.1806%,45.922%,True,1,JAEN PARAÍSO INTERIOR CB,True
COPA ESPAÑA,"FASE DE GRUPOS ""C""",COTO CÓRDOBA CB,11,A. OROZCO DOMINGUEZ,30.8333%,19.6099%,False,1,JAEN PARAÍSO INTERIOR CB,True
COPA ESPAÑA,"FASE DE GRUPOS ""C""",COTO CÓRDOBA CB,4,J. BLACK,70.6944%,82.5355%,False,1,JAEN PARAÍSO INTERIOR CB,True
COPA ESPAÑA,"FASE DE GRUPOS ""C""",COTO CÓRDOBA CB,1,L. SORENSEN,12.3611%,37.7305%,True,1,JAEN PARAÍSO INTERIOR CB,True
COPA ESPAÑA,"FASE DE GRUPOS ""C""",COTO CÓRDOBA CB,10,G. OROZCO DOMINGUEZ,8.54167%,48.4043%,True,1,JAEN PARAÍSO INTERIOR CB,True
COPA ESPAÑA,"FASE DE GRUPOS ""C""",COTO CÓRDOBA CB,16,P. SANCHEZ INFANTES,22.6389%,32.2695%,False,1,JAEN PARAÍSO INTERIOR CB,True
COPA ESPAÑA,"FASE DE GRUPOS ""C""",COTO CÓRDOBA CB,10,G. OROZCO DOMINGUEZ,6.59722%,46.4184%,True,1,JAEN PARAÍSO INTERIOR CB,True
COPA ESPAÑA,"FASE DE GRUPOS ""C""",COTO CÓRDOBA CB,16,P. SANCHEZ INFANTES,91.1111%,49.273%,False,1,JAEN PARAÍSO INTERIOR CB,True
COPA ESPAÑA,"FASE DE GRUPOS ""C""",COTO CÓRDOBA CB,15,K. SCHUTTE,92.8472%,53.617%,True,1,JAEN PARAÍSO INTERIOR CB,True
COPA ESPAÑA,"FASE DE GRUPOS ""C""",COTO CÓRDOBA CB,7,A. RODRIGUEZ AGUILAR,21.9444%,90.727%,False,1,JAEN PARAÍSO INTERIOR CB,True
COPA ESPAÑA,"FASE DE GRUPOS ""C""",COTO CÓRDOBA CB,7,A. RODRIGUEZ AGUILAR,11.875%,45.4255%,True,1,JAEN PARAÍSO INTERIOR CB,True
COPA ESPAÑA,"FASE DE GRUPOS ""C""",COTO CÓRDOBA CB,15,K. SCHUTTE,7.63889%,47.6596%,True,1,JAEN PARAÍSO INTERIOR CB,True
COPA ESPAÑA,"FASE DE GRUPOS ""C""",COTO CÓRDOBA CB,4,J. BLACK,78.1944%,7.69504%,True,1,JAEN PARAÍSO INTERIOR CB,True
COPA ESPAÑA,"FASE DE GRUPOS ""C""",COTO CÓRDOBA CB,4,J. BLACK,17.4306%,27.305%,False,1,JAEN PARAÍSO INTERIOR CB,True
COPA ESPAÑA,"FASE DE GRUPOS ""C""",COTO CÓRDOBA CB,4,J. BLACK,92.0139%,46.4184%,False,1,JAEN PARAÍSO INTERIOR CB,True
COPA ESPAÑA,"FASE DE GRUPOS ""C""",COTO CÓRDOBA CB,10,G. OROZCO DOMINGUEZ,9.93056%,48.0319%,True,1,JAEN PARAÍSO INTERIOR CB,True
COPA ESPAÑA,"FASE DE GRUPOS ""C""",COTO CÓRDOBA CB,8,S. NDIAYE,6.94444%,49.7695%,True,1,JAEN PARAÍSO INTERIOR CB,True
COPA ESPAÑA,"FASE DE GRUPOS ""C""",COTO CÓRDOBA CB,10,G. OROZCO DOMINGUEZ,88.0556%,53.8653%,False,1,JAEN PARAÍSO INTERIOR CB,True
COPA ESPAÑA,"FASE DE GRUPOS ""C""",COTO CÓRDOBA CB,4,J. BLACK,66.875%,57.2163%,False,1,JAEN PARAÍSO INTERIOR CB,True
COPA ESPAÑA,"FASE DE GRUPOS ""C""",COTO CÓRDOBA CB,4,J. BLACK,30.4167%,84.1489%,False,1,JAEN PARAÍSO INTERIOR CB,True
COPA ESPAÑA,"FASE DE GRUPOS ""C""",COTO CÓRDOBA CB,7,A. RODRIGUEZ AGUILAR,84.4444%,49.6454%,False,1,JAEN PARAÍSO INTERIOR CB,True
COPA ESPAÑA,"FASE DE GRUPOS ""C""",COTO CÓRDOBA CB,11,A. OROZCO DOMINGUEZ,13.4722%,2.35816%,True,1,JAEN PARAÍSO INTERIOR CB,True
COPA ESPAÑA,"FASE DE GRUPOS ""C""",COTO CÓRDOBA CB,4,J. BLACK,32.5694%,38.8475%,True,1,JAEN PARAÍSO INTERIOR CB,True
COPA ESPAÑA,"FASE DE GRUPOS ""C""",COTO CÓRDOBA CB,8,S. NDIAYE,14.3056%,43.6879%,False,1,JAEN PARAÍSO INTERIOR CB,True
COPA ESPAÑA,"FASE DE GRUPOS ""C""",COTO CÓRDOBA CB,4,J. BLACK,12.5%,45.3014%,True,1,JAEN PARAÍSO INTERIOR CB,True
COPA ESPAÑA,"FASE DE GRUPOS ""C""",COTO CÓRDOBA CB,11,A. OROZCO DOMINGUEZ,84.7222%,49.0248%,False,1,JAEN PARAÍSO INTERIOR CB,True
COPA ESPAÑA,"FASE DE GRUPOS ""C""",COTO CÓRDOBA CB,15,K. SCHUTTE,87.5%,46.6667%,True,1,JAEN PARAÍSO INTERIOR CB,True
COPA ESPAÑA,"FASE DE GRUPOS ""C""",COTO CÓRDOBA CB,1,L. SORENSEN,23.8889%,89.1135%,False,1,JAEN PARAÍSO INTERIOR CB,True
COPA ESPAÑA,"FASE DE GRUPOS ""C""",COTO CÓRDOBA CB,10,G. OROZCO DOMINGUEZ,10.6944%,44.5567%,True,1,JAEN PARAÍSO INTERIOR CB,True
COPA ESPAÑA,"FASE DE GRUPOS ""C""",COTO CÓRDOBA CB,27,F. BELLO MOURE,61.7361%,54.734%,False,1,JAEN PARAÍSO INTERIOR CB,True
COPA ESPAÑA,"FASE DE GRUPOS ""C""",COTO CÓRDOBA CB,15,K. SCHUTTE,77.7778%,51.0106%,True,1,JAEN PARAÍSO INTERIOR CB,True
COPA ESPAÑA,"FASE DE GRUPOS ""C""",COTO CÓRDOBA CB,4,J. BLACK,80.6944%,51.1347%,True,1,JAEN PARAÍSO INTERIOR CB,True
COPA ESPAÑA,"FASE DE GRUPOS ""C""",COTO CÓRDOBA CB,11,A. OROZCO DOMINGUEZ,60.625%,55.9752%,False,1,JAEN PARAÍSO INTERIOR CB,True
COPA ESPAÑA,"FASE DE GRUPOS ""C""",COTO CÓRDOBA CB,4,J. BLACK,95.9722%,46.1702%,True,1,JAEN PARAÍSO INTERIOR CB,True
COPA ESPAÑA,"FASE DE GRUPOS ""C""",COTO CÓRDOBA CB,16,P. SANCHEZ INFANTES,63.4722%,45.1773%,False,1,JAEN PARAÍSO INTERIOR CB,True
COPA ESPAÑA,"FASE DE GRUPOS ""C""",COTO CÓRDOBA CB,4,J. BLACK,36.4583%,60.9397%,False,1,JAEN PARAÍSO INTERIOR CB,True
COPA ESPAÑA,"FASE DE GRUPOS ""C""",COTO CÓRDOBA CB,4,J. BLACK,22.9167%,88.2447%,True,1,JAEN PARAÍSO INTERIOR CB,True
COPA ESPAÑA,"FASE DE GRUPOS ""C""",COTO CÓRDOBA CB,7,A. RODRIGUEZ AGUILAR,75.7639%,90.2305%,False,1,JAEN PARAÍSO INTERIOR CB,True
COPA ESPAÑA,"FASE DE GRUPOS ""C""",COTO CÓRDOBA CB,4,J. BLACK,25.2083%,89.6099%,False,1,JAEN PARAÍSO INTERIOR CB,True
COPA ESPAÑA,"FASE DE GRUPOS ""C""",COTO CÓRDOBA CB,4,J. BLACK,69.7917%,11.4184%,True,1,JAEN PARAÍSO INTERIOR CB,True
COPA ESPAÑA,"FASE DE GRUPOS ""C""",COTO CÓRDOBA CB,10,G. OROZCO DOMINGUEZ,20.1389%,4.96454%,True,1,JAEN PARAÍSO INTERIOR CB,True
COPA ESPAÑA,"FASE DE GRUPOS ""C""",COTO CÓRDOBA CB,10,G. OROZCO DOMINGUEZ,86.3889%,46.0461%,True,1,JAEN PARAÍSO INTERIOR CB,True
COPA ESPAÑA,"FASE DE GRUPOS ""C""",COTO CÓRDOBA CB,4,J. BLACK,66.5972%,55.1064%,False,1,JAEN PARAÍSO INTERIOR CB,True
COPA ESPAÑA,"FASE DE GRUPOS ""C""",COTO CÓRDOBA CB,8,S. NDIAYE,24.5833%,87.6241%,False,1,JAEN PARAÍSO INTERIOR CB,True
COPA ESPAÑA,"FASE DE GRUPOS ""C""",COTO CÓRDOBA CB,90,A. LOPEZ OLANDA,78.5417%,46.1702%,True,1,JAEN PARAÍSO INTERIOR CB,True
COPA ESPAÑA,"FASE DE GRUPOS ""C""",COTO CÓRDOBA CB,16,P. SANCHEZ INFANTES,75.3472%,15.5142%,False,1,JAEN PARAÍSO INTERIOR CB,True
COPA ESPAÑA,"FASE DE GRUPOS ""C""",COTO CÓRDOBA CB,1,L. SORENSEN,26.25%,88.9894%,False,1,JAEN PARAÍSO INTERIOR CB,True
COPA ESPAÑA,"FASE DE GRUPOS ""C""",COTO CÓRDOBA CB,16,P. SANCHEZ INFANTES,78.75%,94.4504%,False,1,JAEN PARAÍSO INTERIOR CB,True
COPA ESPAÑA,"FASE DE GRUPOS ""C""",COTO CÓRDOBA CB,7,A. RODRIGUEZ AGUILAR,87.0833%,50.7624%,False,1,JAEN PARAÍSO INTERIOR CB,True
COPA ESPAÑA,"FASE DE GRUPOS ""C""",COTO CÓRDOBA CB,15,K. SCHUTTE,5.20833%,44.6809%,True,1,JAEN PARAÍSO INTERIOR CB,True
COPA ESPAÑA,"FASE DE GRUPOS ""C""",COTO CÓRDOBA CB,1,L. SORENSEN,88.125%,47.9078%,True,1,JAEN PARAÍSO INTERIOR CB,True
COPA ESPAÑA,"FASE DE GRUPOS ""C""",COTO CÓRDOBA CB,16,P. SANCHEZ INFANTES,62.5694%,66.1525%,True,1,JAEN PARAÍSO INTERIOR CB,True
COPA ESPAÑA,"FASE DE GRUPOS ""C""",JAEN PARAÍSO INTERIOR CB,13,J. SANTA BARBARA CARCELEN,29.4444%,83.7766%,False,1,COTO CÓRDOBA CB,False
COPA ESPAÑA,"FASE DE GRUPOS ""C""",JAEN PARAÍSO INTERIOR CB,16,I. CASAS GARRIDO,35.0694%,73.3511%,True,1,COTO CÓRDOBA CB,False
COPA ESPAÑA,"FASE DE GRUPOS ""C""",JAEN PARAÍSO INTERIOR CB,6,L. FAIAL,79.3056%,42.1986%,False,1,COTO CÓRDOBA CB,False
COPA ESPAÑA,"FASE DE GRUPOS ""C""",JAEN PARAÍSO INTERIOR CB,6,L. FAIAL,24.5139%,90.1064%,False,1,COTO CÓRDOBA CB,False
COPA ESPAÑA,"FASE DE GRUPOS ""C""",JAEN PARAÍSO INTERIOR CB,9,G. BOAHEN,20.0694%,6.32979%,False,1,COTO CÓRDOBA CB,False
COPA ESPAÑA,"FASE DE GRUPOS ""C""",JAEN PARAÍSO INTERIOR CB,14,A. LOPES MARQUES,78.6806%,90.2305%,False,1,COTO CÓRDOBA CB,False
COPA ESPAÑA,"FASE DE GRUPOS ""C""",JAEN PARAÍSO INTERIOR CB,9,G. BOAHEN,13.3333%,44.6809%,False,1,COTO CÓRDOBA CB,False
COPA ESPAÑA,"FASE DE GRUPOS ""C""",JAEN PARAÍSO INTERIOR CB,9,G. BOAHEN,84.5139%,43.1915%,False,1,COTO CÓRDOBA CB,False
COPA ESPAÑA,"FASE DE GRUPOS ""C""",JAEN PARAÍSO INTERIOR CB,6,L. FAIAL,79.0972%,35%,False,1,COTO CÓRDOBA CB,False
COPA ESPAÑA,"FASE DE GRUPOS ""C""",JAEN PARAÍSO INTERIOR CB,22,J. MORENO POZA,87.7083%,51.7553%,True,1,COTO CÓRDOBA CB,False
COPA ESPAÑA,"FASE DE GRUPOS ""C""",JAEN PARAÍSO INTERIOR CB,14,A. LOPES MARQUES,12.5694%,92.7128%,False,1,COTO CÓRDOBA CB,False
COPA ESPAÑA,"FASE DE GRUPOS ""C""",JAEN PARAÍSO INTERIOR CB,16,I. CASAS GARRIDO,34.7917%,55.4787%,False,1,COTO CÓRDOBA CB,False
COPA ESPAÑA,"FASE DE GRUPOS ""C""",JAEN PARAÍSO INTERIOR CB,5,A. CAÑETE PUENTENUEVA,13.4722%,45.1773%,False,1,COTO CÓRDOBA CB,False
COPA ESPAÑA,"FASE DE GRUPOS ""C""",JAEN PARAÍSO INTERIOR CB,10,L. RODRIGUEZ DOMINGUEZ,13.1944%,51.6312%,False,1,COTO CÓRDOBA CB,False
COPA ESPAÑA,"FASE DE GRUPOS ""C""",JAEN PARAÍSO INTERIOR CB,6,L. FAIAL,35%,36.2411%,False,1,COTO CÓRDOBA CB,False
COPA ESPAÑA,"FASE DE GRUPOS ""C""",JAEN PARAÍSO INTERIOR CB,13,J. SANTA BARBARA CARCELEN,31.6667%,22.0922%,False,1,COTO CÓRDOBA CB,False
COPA ESPAÑA,"FASE DE GRUPOS ""C""",JAEN PARAÍSO INTERIOR CB,16,I. CASAS GARRIDO,10.0694%,47.9078%,False,1,COTO CÓRDOBA CB,False
COPA ESPAÑA,"FASE DE GRUPOS ""C""",JAEN PARAÍSO INTERIOR CB,9,G. BOAHEN,9.30556%,93.8298%,False,1,COTO CÓRDOBA CB,False
COPA ESPAÑA,"FASE DE GRUPOS ""C""",JAEN PARAÍSO INTERIOR CB,14,A. LOPES MARQUES,61.7361%,44.0603%,True,1,COTO CÓRDOBA CB,False
COPA ESPAÑA,"FASE DE GRUPOS ""C""",JAEN PARAÍSO INTERIOR CB,6,L. FAIAL,9.375%,44.5567%,True,1,COTO CÓRDOBA CB,False
COPA ESPAÑA,"FASE DE GRUPOS ""C""",JAEN PARAÍSO INTERIOR CB,13,J. SANTA BARBARA CARCELEN,69.0278%,85.1418%,False,1,COTO CÓRDOBA CB,False
COPA ESPAÑA,"FASE DE GRUPOS ""C""",JAEN PARAÍSO INTERIOR CB,14,A. LOPES MARQUES,12.0833%,39.4681%,True,1,COTO CÓRDOBA CB,False
COPA ESPAÑA,"FASE DE GRUPOS ""C""",JAEN PARAÍSO INTERIOR CB,22,J. MORENO POZA,12.2917%,43.9362%,False,1,COTO CÓRDOBA CB,False
COPA ESPAÑA,"FASE DE GRUPOS ""C""",JAEN PARAÍSO INTERIOR CB,14,A. LOPES MARQUES,63.5417%,39.4681%,False,1,COTO CÓRDOBA CB,False
COPA ESPAÑA,"FASE DE GRUPOS ""C""",JAEN PARAÍSO INTERIOR CB,13,J. SANTA BARBARA CARCELEN,11.3194%,61.9326%,False,1,COTO CÓRDOBA CB,False
COPA ESPAÑA,"FASE DE GRUPOS ""C""",JAEN PARAÍSO INTERIOR CB,16,I. CASAS GARRIDO,11.3889%,44.0603%,True,1,COTO CÓRDOBA CB,False
COPA ESPAÑA,"FASE DE GRUPOS ""C""",JAEN PARAÍSO INTERIOR CB,10,L. RODRIGUEZ DOMINGUEZ,81.8056%,53.617%,True,1,COTO CÓRDOBA CB,False
COPA ESPAÑA,"FASE DE GRUPOS ""C""",JAEN PARAÍSO INTERIOR CB,6,L. FAIAL,70.4167%,80.7979%,False,1,COTO CÓRDOBA CB,False
COPA ESPAÑA,"FASE DE GRUPOS ""C""",JAEN PARAÍSO INTERIOR CB,10,L. RODRIGUEZ DOMINGUEZ,63.6806%,44.0603%,True,1,COTO CÓRDOBA CB,False
COPA ESPAÑA,"FASE DE GRUPOS ""C""",JAEN PARAÍSO INTERIOR CB,6,L. FAIAL,86.3889%,35.7447%,True,1,COTO CÓRDOBA CB,False
COPA ESPAÑA,"FASE DE GRUPOS ""C""",JAEN PARAÍSO INTERIOR CB,13,J. SANTA BARBARA CARCELEN,12.4306%,24.3262%,False,1,COTO CÓRDOBA CB,False
COPA ESPAÑA,"FASE DE GRUPOS ""C""",JAEN PARAÍSO INTERIOR CB,14,A. LOPES MARQUES,15.625%,40.9574%,False,1,COTO CÓRDOBA CB,False
COPA ESPAÑA,"FASE DE GRUPOS ""C""",JAEN PARAÍSO INTERIOR CB,6,L. FAIAL,28.6806%,86.383%,False,1,COTO CÓRDOBA CB,False
COPA ESPAÑA,"FASE DE GRUPOS ""C""",JAEN PARAÍSO INTERIOR CB,5,A. CAÑETE PUENTENUEVA,22.2222%,7.57092%,True,1,COTO CÓRDOBA CB,False
COPA ESPAÑA,"FASE DE GRUPOS ""C""",JAEN PARAÍSO INTERIOR CB,6,L. FAIAL,91.25%,49.8936%,True,1,COTO CÓRDOBA CB,False
COPA ESPAÑA,"FASE DE GRUPOS ""C""",JAEN PARAÍSO INTERIOR CB,16,I. CASAS GARRIDO,64.7222%,40.9574%,False,1,COTO CÓRDOBA CB,False
COPA ESPAÑA,"FASE DE GRUPOS ""C""",JAEN PARAÍSO INTERIOR CB,5,A. CAÑETE PUENTENUEVA,73.4722%,86.7553%,False,1,COTO CÓRDOBA CB,False
COPA ESPAÑA,"FASE DE GRUPOS ""C""",JAEN PARAÍSO INTERIOR CB,5,A. CAÑETE PUENTENUEVA,70.7639%,86.6312%,False,1,COTO CÓRDOBA CB,False
COPA ESPAÑA,"FASE DE GRUPOS ""C""",JAEN PARAÍSO INTERIOR CB,13,J. SANTA BARBARA CARCELEN,69.5139%,87.9965%,False,1,COTO CÓRDOBA CB,False
COPA ESPAÑA,"FASE DE GRUPOS ""C""",JAEN PARAÍSO INTERIOR CB,2,F. LOPEZ JIMENEZ,11.9444%,48.0319%,False,1,COTO CÓRDOBA CB,False
COPA ESPAÑA,"FASE DE GRUPOS ""C""",JAEN PARAÍSO INTERIOR CB,6,L. FAIAL,69.375%,17.1277%,True,1,COTO CÓRDOBA CB,False
COPA ESPAÑA,"FASE DE GRUPOS ""C""",JAEN PARAÍSO INTERIOR CB,5,A. CAÑETE PUENTENUEVA,85.5556%,48.7766%,True,1,COTO CÓRDOBA CB,False
COPA ESPAÑA,"FASE DE GRUPOS ""C""",JAEN PARAÍSO INTERIOR CB,15,J. MARTINEZ MEGIAS,14.8611%,45.4255%,False,1,COTO CÓRDOBA CB,False
COPA ESPAÑA,"FASE DE GRUPOS ""C""",JAEN PARAÍSO INTERIOR CB,15,J. MARTINEZ MEGIAS,6.11111%,47.5355%,True,1,COTO CÓRDOBA CB,False
COPA ESPAÑA,"FASE DE GRUPOS ""C""",JAEN PARAÍSO INTERIOR CB,6,L. FAIAL,25.6944%,13.2801%,True,1,COTO CÓRDOBA CB,False
COPA ESPAÑA,"FASE DE GRUPOS ""C""",JAEN PARAÍSO INTERIOR CB,14,A. LOPES MARQUES,10.6944%,45.922%,False,1,COTO CÓRDOBA CB,False
COPA ESPAÑA,"FASE DE GRUPOS ""C""",JAEN PARAÍSO INTERIOR CB,9,G. BOAHEN,90.2083%,47.9078%,True,1,COTO CÓRDOBA CB,False
COPA ESPAÑA,"FASE DE GRUPOS ""C""",JAEN PARAÍSO INTERIOR CB,9,G. BOAHEN,71.3889%,83.4043%,True,1,COTO CÓRDOBA CB,False
COPA ESPAÑA,"FASE DE GRUPOS ""C""",JAEN PARAÍSO INTERIOR CB,5,A. CAÑETE PUENTENUEVA,13.125%,50.8865%,False,1,COTO CÓRDOBA CB,False
COPA ESPAÑA,"FASE DE GRUPOS ""C""",JAEN PARAÍSO INTERIOR CB,14,A. LOPES MARQUES,8.61111%,46.6667%,False,1,COTO CÓRDOBA CB,False
COPA ESPAÑA,"FASE DE GRUPOS ""C""",JAEN PARAÍSO INTERIOR CB,10,L. RODRIGUEZ DOMINGUEZ,92.7083%,32.0213%,True,1,COTO CÓRDOBA CB,False
COPA ESPAÑA,"FASE DE GRUPOS ""C""",JAEN PARAÍSO INTERIOR CB,2,F. LOPEZ JIMENEZ,70.4861%,18.1206%,False,1,COTO CÓRDOBA CB,False
COPA ESPAÑA,"FASE DE GRUPOS ""C""",JAEN PARAÍSO INTERIOR CB,6,L. FAIAL,76.25%,88.3688%,False,1,COTO CÓRDOBA CB,False
COPA ESPAÑA,"FASE DE GRUPOS ""C""",JAEN PARAÍSO INTERIOR CB,2,F. LOPEZ JIMENEZ,15.3472%,77.8191%,False,1,COTO CÓRDOBA CB,False
COPA ESPAÑA,"FASE DE GRUPOS ""C""",JAEN PARAÍSO INTERIOR CB,15,J. MARTINEZ MEGIAS,8.61111%,47.5355%,True,1,COTO CÓRDOBA CB,False
COPA ESPAÑA,"FASE DE GRUPOS ""C""",JAEN PARAÍSO INTERIOR CB,14,A. LOPES MARQUES,77.2917%,47.9078%,True,1,COTO CÓRDOBA CB,False
COPA ESPAÑA,"FASE DE GRUPOS ""C""",JAEN PARAÍSO INTERIOR CB,13,J. SANTA BARBARA CARCELEN,72.2917%,14.8936%,False,1,COTO CÓRDOBA CB,False
COPA ESPAÑA,"FASE DE GRUPOS ""C""",JAEN PARAÍSO INTERIOR CB,14,A. LOPES MARQUES,79.0972%,46.4184%,False,1,COTO CÓRDOBA CB,False
COPA ESPAÑA,"FASE DE GRUPOS ""C""",JAEN PARAÍSO INTERIOR CB,5,A. CAÑETE PUENTENUEVA,7.91667%,47.1631%,True,1,COTO CÓRDOBA CB,False
COPA ESPAÑA,"FASE DE GRUPOS ""C""",JAEN PARAÍSO INTERIOR CB,22,J. MORENO POZA,11.7361%,47.039%,True,1,COTO CÓRDOBA CB,False
COPA ESPAÑA,"FASE DE GRUPOS ""C""",JAEN PARAÍSO INTERIOR CB,16,I. CASAS GARRIDO,90.4167%,45.1773%,True,1,COTO CÓRDOBA CB,False
COPA ESPAÑA,"FASE DE GRUPOS ""C""",JAEN PARAÍSO INTERIOR CB,10,L. RODRIGUEZ DOMINGUEZ,73.8194%,14.8936%,False,1,COTO CÓRDOBA CB,False
COPA ESPAÑA,"FASE DE GRUPOS ""C""",JAEN PARAÍSO INTERIOR CB,14,A. LOPES MARQUES,76.25%,93.3333%,True,1,COTO CÓRDOBA CB,False
COPA ESPAÑA,"FASE DE GRUPOS ""C""",JAEN PARAÍSO INTERIOR CB,13,J. SANTA BARBARA CARCELEN,31.7361%,18.2447%,False,1,COTO CÓRDOBA CB,False
COPA ESPAÑA,"FASE DE GRUPOS ""C""",JAEN PARAÍSO INTERIOR CB,13,J. SANTA BARBARA CARCELEN,85%,45.5496%,False,1,COTO CÓRDOBA CB,False
COPA ESPAÑA,"FASE DE GRUPOS ""D""",PROINBENI UPB GANDIA,11,J. MOLINA MARTINEZ,72.6389%,25.5674%,False,1,CIUDAD MOLINA BASKET,True
COPA ESPAÑA,"FASE DE GRUPOS ""D""",PROINBENI UPB GANDIA,11,J. MOLINA MARTINEZ,92.1528%,48.156%,False,1,CIUDAD MOLINA BASKET,True
COPA ESPAÑA,"FASE DE GRUPOS ""D""",PROINBENI UPB GANDIA,24,A. BELLVER VALIENTE,72.8472%,17.1277%,False,1,CIUDAD MOLINA BASKET,True
COPA ESPAÑA,"FASE DE GRUPOS ""D""",PROINBENI UPB GANDIA,35,J. BITJAA KODY,32.0833%,25.9397%,False,1,CIUDAD MOLINA BASKET,True
COPA ESPAÑA,"FASE DE GRUPOS ""D""",PROINBENI UPB GANDIA,16,J. SOLER CIRUJEDA,83.6111%,28.2979%,False,1,CIUDAD MOLINA BASKET,True
COPA ESPAÑA,"FASE DE GRUPOS ""D""",PROINBENI UPB GANDIA,6,C. HURTADO CERVANTES,6.45833%,49.0248%,False,1,CIUDAD MOLINA BASKET,True
COPA ESPAÑA,"FASE DE GRUPOS ""D""",PROINBENI UPB GANDIA,7,K. GREELEY,97.9861%,5.58511%,False,1,CIUDAD MOLINA BASKET,True
COPA ESPAÑA,"FASE DE GRUPOS ""D""",PROINBENI UPB GANDIA,13,L. FERRANDO ORTELLS,76.0417%,50.6383%,True,1,CIUDAD MOLINA BASKET,True
COPA ESPAÑA,"FASE DE GRUPOS ""D""",PROINBENI UPB GANDIA,15,M. MONTILLA DIAZ,10.2083%,44.3085%,True,1,CIUDAD MOLINA BASKET,True
COPA ESPAÑA,"FASE DE GRUPOS ""D""",PROINBENI UPB GANDIA,5,G. PEREZ RAMIREZ,95.7639%,51.0106%,True,1,CIUDAD MOLINA BASKET,True
COPA ESPAÑA,"FASE DE GRUPOS ""D""",PROINBENI UPB GANDIA,14,D. ILINCIC,24.2361%,50.8865%,True,1,CIUDAD MOLINA BASKET,True
COPA ESPAÑA,"FASE DE GRUPOS ""D""",PROINBENI UPB GANDIA,15,M. MONTILLA DIAZ,5.90278%,51.8794%,False,1,CIUDAD MOLINA BASKET,True
COPA ESPAÑA,"FASE DE GRUPOS ""D""",PROINBENI UPB GANDIA,13,L. FERRANDO ORTELLS,91.3194%,58.5816%,False,1,CIUDAD MOLINA BASKET,True
COPA ESPAÑA,"FASE DE GRUPOS ""D""",PROINBENI UPB GANDIA,22,J. SANTANA LUCHORO,8.61111%,54.3617%,False,1,CIUDAD MOLINA BASKET,True
COPA ESPAÑA,"FASE DE GRUPOS ""D""",PROINBENI UPB GANDIA,13,L. FERRANDO ORTELLS,80.0694%,25.8156%,True,1,CIUDAD MOLINA BASKET,True
COPA ESPAÑA,"FASE DE GRUPOS ""D""",PROINBENI UPB GANDIA,14,D. ILINCIC,67.8472%,64.6631%,True,1,CIUDAD MOLINA BASKET,True
COPA ESPAÑA,"FASE DE GRUPOS ""D""",PROINBENI UPB GANDIA,5,G. PEREZ RAMIREZ,31.4583%,70.9929%,False,1,CIUDAD MOLINA BASKET,True
COPA ESPAÑA,"FASE DE GRUPOS ""D""",PROINBENI UPB GANDIA,13,L. FERRANDO ORTELLS,74.9306%,52.3759%,False,1,CIUDAD MOLINA BASKET,True
COPA ESPAÑA,"FASE DE GRUPOS ""D""",PROINBENI UPB GANDIA,13,L. FERRANDO ORTELLS,29.0972%,22.7128%,True,1,CIUDAD MOLINA BASKET,True
COPA ESPAÑA,"FASE DE GRUPOS ""D""",PROINBENI UPB GANDIA,15,M. MONTILLA DIAZ,4.51389%,49.7695%,True,1,CIUDAD MOLINA BASKET,True
COPA ESPAÑA,"FASE DE GRUPOS ""D""",PROINBENI UPB GANDIA,13,L. FERRANDO ORTELLS,13.6806%,6.4539%,True,1,CIUDAD MOLINA BASKET,True
COPA ESPAÑA,"FASE DE GRUPOS ""D""",PROINBENI UPB GANDIA,6,C. HURTADO CERVANTES,72.6389%,25.5674%,False,1,CIUDAD MOLINA BASKET,True
COPA ESPAÑA,"FASE DE GRUPOS ""D""",PROINBENI UPB GANDIA,7,K. GREELEY,16.7361%,61.4362%,False,1,CIUDAD MOLINA BASKET,True
COPA ESPAÑA,"FASE DE GRUPOS ""D""",PROINBENI UPB GANDIA,16,J. SOLER CIRUJEDA,67.6389%,54.4858%,False,1,CIUDAD MOLINA BASKET,True
COPA ESPAÑA,"FASE DE GRUPOS ""D""",PROINBENI UPB GANDIA,7,K. GREELEY,96.0417%,47.6596%,True,1,CIUDAD MOLINA BASKET,True
COPA ESPAÑA,"FASE DE GRUPOS ""D""",PROINBENI UPB GANDIA,13,L. FERRANDO ORTELLS,96.4583%,48.4043%,True,1,CIUDAD MOLINA BASKET,True
COPA ESPAÑA,"FASE DE GRUPOS ""D""",PROINBENI UPB GANDIA,15,M. MONTILLA DIAZ,4.30556%,49.5213%,True,1,CIUDAD MOLINA BASKET,True
COPA ESPAÑA,"FASE DE GRUPOS ""D""",PROINBENI UPB GANDIA,35,J. BITJAA KODY,6.18056%,51.2589%,False,1,CIUDAD MOLINA BASKET,True
COPA ESPAÑA,"FASE DE GRUPOS ""D""",PROINBENI UPB GANDIA,13,L. FERRANDO ORTELLS,75.9722%,29.4149%,True,1,CIUDAD MOLINA BASKET,True
COPA ESPAÑA,"FASE DE GRUPOS ""D""",PROINBENI UPB GANDIA,16,J. SOLER CIRUJEDA,3.95833%,50.266%,False,1,CIUDAD MOLINA BASKET,True
COPA ESPAÑA,"FASE DE GRUPOS ""D""",PROINBENI UPB GANDIA,14,D. ILINCIC,4.58333%,52.1277%,True,1,CIUDAD MOLINA BASKET,True
COPA ESPAÑA,"FASE DE GRUPOS ""D""",PROINBENI UPB GANDIA,5,G. PEREZ RAMIREZ,87.9167%,51.1347%,False,1,CIUDAD MOLINA BASKET,True
COPA ESPAÑA,"FASE DE GRUPOS ""D""",PROINBENI UPB GANDIA,14,D. ILINCIC,95.0694%,47.1631%,False,1,CIUDAD MOLINA BASKET,True
COPA ESPAÑA,"FASE DE GRUPOS ""D""",PROINBENI UPB GANDIA,15,M. MONTILLA DIAZ,11.25%,42.5709%,False,1,CIUDAD MOLINA BASKET,True
COPA ESPAÑA,"FASE DE GRUPOS ""D""",PROINBENI UPB GANDIA,6,C. HURTADO CERVANTES,33.3333%,33.2624%,True,1,CIUDAD MOLINA BASKET,True
COPA ESPAÑA,"FASE DE GRUPOS ""D""",PROINBENI UPB GANDIA,35,J. BITJAA KODY,27.6389%,80.6738%,True,1,CIUDAD MOLINA BASKET,True
COPA ESPAÑA,"FASE DE GRUPOS ""D""",PROINBENI UPB GANDIA,11,J. MOLINA MARTINEZ,70%,23.9539%,False,1,CIUDAD MOLINA BASKET,True
COPA ESPAÑA,"FASE DE GRUPOS ""D""",PROINBENI UPB GANDIA,7,K. GREELEY,94.0278%,46.6667%,True,1,CIUDAD MOLINA BASKET,True
COPA ESPAÑA,"FASE DE GRUPOS ""D""",PROINBENI UPB GANDIA,7,K. GREELEY,16.8056%,51.383%,False,1,CIUDAD MOLINA BASKET,True
COPA ESPAÑA,"FASE DE GRUPOS ""D""",PROINBENI UPB GANDIA,35,J. BITJAA KODY,8.40278%,52.3759%,False,1,CIUDAD MOLINA BASKET,True
COPA ESPAÑA,"FASE DE GRUPOS ""D""",PROINBENI UPB GANDIA,7,K. GREELEY,72.1528%,75.7092%,False,1,CIUDAD MOLINA BASKET,True
COPA ESPAÑA,"FASE DE GRUPOS ""D""",PROINBENI UPB GANDIA,24,A. BELLVER VALIENTE,89.7222%,1.24113%,False,1,CIUDAD MOLINA BASKET,True
COPA ESPAÑA,"FASE DE GRUPOS ""D""",PROINBENI UPB GANDIA,5,G. PEREZ RAMIREZ,66.6667%,51.5071%,True,1,CIUDAD MOLINA BASKET,True
COPA ESPAÑA,"FASE DE GRUPOS ""D""",PROINBENI UPB GANDIA,16,J. SOLER CIRUJEDA,94.8611%,52.2518%,True,1,CIUDAD MOLINA BASKET,True
COPA ESPAÑA,"FASE DE GRUPOS ""D""",PROINBENI UPB GANDIA,15,M. MONTILLA DIAZ,27.9861%,80.3014%,False,1,CIUDAD MOLINA BASKET,True
COPA ESPAÑA,"FASE DE GRUPOS ""D""",PROINBENI UPB GANDIA,16,J. SOLER CIRUJEDA,81.7361%,25.3191%,True,1,CIUDAD MOLINA BASKET,True
COPA ESPAÑA,"FASE DE GRUPOS ""D""",PROINBENI UPB GANDIA,35,J. BITJAA KODY,8.40278%,52.3759%,True,1,CIUDAD MOLINA BASKET,True
COPA ESPAÑA,"FASE DE GRUPOS ""D""",PROINBENI UPB GANDIA,7,K. GREELEY,6.18056%,76.4539%,False,1,CIUDAD MOLINA BASKET,True
COPA ESPAÑA,"FASE DE GRUPOS ""D""",PROINBENI UPB GANDIA,5,G. PEREZ RAMIREZ,96.4583%,94.078%,True,1,CIUDAD MOLINA BASKET,True
COPA ESPAÑA,"FASE DE GRUPOS ""D""",PROINBENI UPB GANDIA,16,J. SOLER CIRUJEDA,5.27778%,49.6454%,True,1,CIUDAD MOLINA BASKET,True
COPA ESPAÑA,"FASE DE GRUPOS ""D""",PROINBENI UPB GANDIA,14,D. ILINCIC,7.22222%,50.5142%,False,1,CIUDAD MOLINA BASKET,True
COPA ESPAÑA,"FASE DE GRUPOS ""D""",PROINBENI UPB GANDIA,15,M. MONTILLA DIAZ,93.4722%,52.7482%,False,1,CIUDAD MOLINA BASKET,True
COPA ESPAÑA,"FASE DE GRUPOS ""D""",PROINBENI UPB GANDIA,13,L. FERRANDO ORTELLS,5.76389%,44.1844%,False,1,CIUDAD MOLINA BASKET,True
COPA ESPAÑA,"FASE DE GRUPOS ""D""",PROINBENI UPB GANDIA,11,J. MOLINA MARTINEZ,36.0417%,43.1915%,False,1,CIUDAD MOLINA BASKET,True
COPA ESPAÑA,"FASE DE GRUPOS ""D""",PROINBENI UPB GANDIA,7,K. GREELEY,6.73611%,52.6241%,True,1,CIUDAD MOLINA BASKET,True
COPA ESPAÑA,"FASE DE GRUPOS ""D""",PROINBENI UPB GANDIA,22,J. SANTANA LUCHORO,86.875%,52.1277%,False,1,CIUDAD MOLINA BASKET,True
COPA ESPAÑA,"FASE DE GRUPOS ""D""",PROINBENI UPB GANDIA,6,C. HURTADO CERVANTES,69.3056%,60.9397%,True,1,CIUDAD MOLINA BASKET,True
COPA ESPAÑA,"FASE DE GRUPOS ""D""",PROINBENI UPB GANDIA,14,D. ILINCIC,87.9167%,51.1347%,False,1,CIUDAD MOLINA BASKET,True
COPA ESPAÑA,"FASE DE GRUPOS ""D""",PROINBENI UPB GANDIA,35,J. BITJAA KODY,8.40278%,52.3759%,False,1,CIUDAD MOLINA BASKET,True
COPA ESPAÑA,"FASE DE GRUPOS ""D""",PROINBENI UPB GANDIA,7,K. GREELEY,12.9861%,25.5674%,False,1,CIUDAD MOLINA BASKET,True
COPA ESPAÑA,"FASE DE GRUPOS ""D""",PROINBENI UPB GANDIA,7,K. GREELEY,89.1667%,52.2518%,True,1,CIUDAD MOLINA BASKET,True
COPA ESPAÑA,"FASE DE GRUPOS ""D""",PROINBENI UPB GANDIA,7,K. GREELEY,24.8611%,17.1277%,True,1,CIUDAD MOLINA BASKET,True
COPA ESPAÑA,"FASE DE GRUPOS ""D""",PROINBENI UPB GANDIA,24,A. BELLVER VALIENTE,71.5278%,25.5674%,True,1,CIUDAD MOLINA BASKET,True
COPA ESPAÑA,"FASE DE GRUPOS ""D""",PROINBENI UPB GANDIA,16,J. SOLER CIRUJEDA,4.30556%,51.5071%,True,1,CIUDAD MOLINA BASKET,True
COPA ESPAÑA,"FASE DE GRUPOS ""D""",PROINBENI UPB GANDIA,16,J. SOLER CIRUJEDA,6.73611%,52.6241%,False,1,CIUDAD MOLINA BASKET,True
COPA ESPAÑA,"FASE DE GRUPOS ""D""",PROINBENI UPB GANDIA,5,G. PEREZ RAMIREZ,13.0556%,50.7624%,False,1,CIUDAD MOLINA BASKET,True
COPA ESPAÑA,"FASE DE GRUPOS ""D""",PROINBENI UPB GANDIA,35,J. BITJAA KODY,95.2778%,48.9007%,False,1,CIUDAD MOLINA BASKET,True
COPA ESPAÑA,"FASE DE GRUPOS ""D""",CIUDAD MOLINA BASKET,26,M. MUKENDI MUKENDI,3.47222%,48.7766%,True,1,PROINBENI UPB GANDIA,False
COPA ESPAÑA,"FASE DE GRUPOS ""D""",CIUDAD MOLINA BASKET,88,J. TAVELLI,4.93056%,46.1702%,True,1,PROINBENI UPB GANDIA,False
COPA ESPAÑA,"FASE DE GRUPOS ""D""",CIUDAD MOLINA BASKET,21,G. MILADINOVIC,94.375%,51.2589%,False,1,PROINBENI UPB GANDIA,False
COPA ESPAÑA,"FASE DE GRUPOS ""D""",CIUDAD MOLINA BASKET,11,P. CAMPENY LLOVERAS,17.1528%,5.46099%,True,1,PROINBENI UPB GANDIA,False
COPA ESPAÑA,"FASE DE GRUPOS ""D""",CIUDAD MOLINA BASKET,21,G. MILADINOVIC,93.2639%,56.5957%,False,1,PROINBENI UPB GANDIA,False
COPA ESPAÑA,"FASE DE GRUPOS ""D""",CIUDAD MOLINA BASKET,12,R. MARTÍNEZ-QUINTANILLA JIMÉNEZ,33.8194%,28.6702%,True,1,PROINBENI UPB GANDIA,False
COPA ESPAÑA,"FASE DE GRUPOS ""D""",CIUDAD MOLINA BASKET,8,G. CADME ARIAS,4.02778%,50.1418%,True,1,PROINBENI UPB GANDIA,False
COPA ESPAÑA,"FASE DE GRUPOS ""D""",CIUDAD MOLINA BASKET,5,A. DUVAL,32.7083%,36.117%,False,1,PROINBENI UPB GANDIA,False
COPA ESPAÑA,"FASE DE GRUPOS ""D""",CIUDAD MOLINA BASKET,12,R. MARTÍNEZ-QUINTANILLA JIMÉNEZ,32.3611%,23.7057%,False,1,PROINBENI UPB GANDIA,False
COPA ESPAÑA,"FASE DE GRUPOS ""D""",CIUDAD MOLINA BASKET,12,R. MARTÍNEZ-QUINTANILLA JIMÉNEZ,93.8889%,60.9397%,False,1,PROINBENI UPB GANDIA,False
COPA ESPAÑA,"FASE DE GRUPOS ""D""",CIUDAD MOLINA BASKET,25,F. HERNANDEZ MARTINEZ,70.6944%,76.4539%,False,1,PROINBENI UPB GANDIA,False
COPA ESPAÑA,"FASE DE GRUPOS ""D""",CIUDAD MOLINA BASKET,37,C. TOLEDO ZAMORA,96.1111%,47.6596%,True,1,PROINBENI UPB GANDIA,False
COPA ESPAÑA,"FASE DE GRUPOS ""D""",CIUDAD MOLINA BASKET,21,G. MILADINOVIC,94.5833%,51.2589%,False,1,PROINBENI UPB GANDIA,False
COPA ESPAÑA,"FASE DE GRUPOS ""D""",CIUDAD MOLINA BASKET,26,M. MUKENDI MUKENDI,23.4722%,54.8582%,False,1,PROINBENI UPB GANDIA,False
COPA ESPAÑA,"FASE DE GRUPOS ""D""",CIUDAD MOLINA BASKET,26,M. MUKENDI MUKENDI,32.7083%,36.117%,False,1,PROINBENI UPB GANDIA,False
COPA ESPAÑA,"FASE DE GRUPOS ""D""",CIUDAD MOLINA BASKET,37,C. TOLEDO ZAMORA,29.3056%,20.8511%,False,1,PROINBENI UPB GANDIA,False
COPA ESPAÑA,"FASE DE GRUPOS ""D""",CIUDAD MOLINA BASKET,9,R. TIMONER GIMENEZ,33.5417%,65.656%,False,1,PROINBENI UPB GANDIA,False
COPA ESPAÑA,"FASE DE GRUPOS ""D""",CIUDAD MOLINA BASKET,9,R. TIMONER GIMENEZ,25.625%,85.3901%,False,1,PROINBENI UPB GANDIA,False
COPA ESPAÑA,"FASE DE GRUPOS ""D""",CIUDAD MOLINA BASKET,88,J. TAVELLI,4.86111%,49.3972%,True,1,PROINBENI UPB GANDIA,False
COPA ESPAÑA,"FASE DE GRUPOS ""D""",CIUDAD MOLINA BASKET,12,R. MARTÍNEZ-QUINTANILLA JIMÉNEZ,70.7639%,72.8546%,False,1,PROINBENI UPB GANDIA,False
COPA ESPAÑA,"FASE DE GRUPOS ""D""",CIUDAD MOLINA BASKET,11,P. CAMPENY LLOVERAS,69.6528%,18.617%,True,1,PROINBENI UPB GANDIA,False
COPA ESPAÑA,"FASE DE GRUPOS ""D""",CIUDAD MOLINA BASKET,5,A. DUVAL,13.8889%,93.4574%,False,1,PROINBENI UPB GANDIA,False
COPA ESPAÑA,"FASE DE GRUPOS ""D""",CIUDAD MOLINA BASKET,88,J. TAVELLI,94.7222%,52.0035%,True,1,PROINBENI UPB GANDIA,False
COPA ESPAÑA,"FASE DE GRUPOS ""D""",CIUDAD MOLINA BASKET,21,G. MILADINOVIC,91.5278%,50.0177%,False,1,PROINBENI UPB GANDIA,False
COPA ESPAÑA,"FASE DE GRUPOS ""D""",CIUDAD MOLINA BASKET,25,F. HERNANDEZ MARTINEZ,31.3194%,74.5922%,False,1,PROINBENI UPB GANDIA,False
COPA ESPAÑA,"FASE DE GRUPOS ""D""",CIUDAD MOLINA BASKET,21,G. MILADINOVIC,91.5278%,50.0177%,False,1,PROINBENI UPB GANDIA,False
COPA ESPAÑA,"FASE DE GRUPOS ""D""",CIUDAD MOLINA BASKET,26,M. MUKENDI MUKENDI,90.9722%,55.9752%,True,1,PROINBENI UPB GANDIA,False
COPA ESPAÑA,"FASE DE GRUPOS ""D""",CIUDAD MOLINA BASKET,88,J. TAVELLI,74.3056%,19.6099%,True,1,PROINBENI UPB GANDIA,False
COPA ESPAÑA,"FASE DE GRUPOS ""D""",CIUDAD MOLINA BASKET,7,J. CASCALES FERNANDEZ,94.5139%,51.7553%,True,1,PROINBENI UPB GANDIA,False
COPA ESPAÑA,"FASE DE GRUPOS ""D""",CIUDAD MOLINA BASKET,8,G. CADME ARIAS,4.65278%,54.6099%,True,1,PROINBENI UPB GANDIA,False
COPA ESPAÑA,"FASE DE GRUPOS ""D""",CIUDAD MOLINA BASKET,26,M. MUKENDI MUKENDI,87.0139%,49.7695%,False,1,PROINBENI UPB GANDIA,False
COPA ESPAÑA,"FASE DE GRUPOS ""D""",CIUDAD MOLINA BASKET,26,M. MUKENDI MUKENDI,91.875%,56.4716%,False,1,PROINBENI UPB GANDIA,False
COPA ESPAÑA,"FASE DE GRUPOS ""D""",CIUDAD MOLINA BASKET,25,F. HERNANDEZ MARTINEZ,69.4444%,52.2518%,False,1,PROINBENI UPB GANDIA,False
COPA ESPAÑA,"FASE DE GRUPOS ""D""",CIUDAD MOLINA BASKET,5,A. DUVAL,90.9722%,55.9752%,False,1,PROINBENI UPB GANDIA,False
COPA ESPAÑA,"FASE DE GRUPOS ""D""",CIUDAD MOLINA BASKET,11,P. CAMPENY LLOVERAS,76.5278%,13.156%,False,1,PROINBENI UPB GANDIA,False
COPA ESPAÑA,"FASE DE GRUPOS ""D""",CIUDAD MOLINA BASKET,5,A. DUVAL,90.6944%,49.7695%,False,1,PROINBENI UPB GANDIA,False
COPA ESPAÑA,"FASE DE GRUPOS ""D""",CIUDAD MOLINA BASKET,88,J. TAVELLI,30.4167%,73.4752%,False,1,PROINBENI UPB GANDIA,False
COPA ESPAÑA,"FASE DE GRUPOS ""D""",CIUDAD MOLINA BASKET,5,A. DUVAL,22.9861%,91.2234%,False,1,PROINBENI UPB GANDIA,False
COPA ESPAÑA,"FASE DE GRUPOS ""D""",CIUDAD MOLINA BASKET,5,A. DUVAL,72.3611%,81.5426%,True,1,PROINBENI UPB GANDIA,False
COPA ESPAÑA,"FASE DE GRUPOS ""D""",CIUDAD MOLINA BASKET,8,G. CADME ARIAS,68.1944%,51.8794%,True,1,PROINBENI UPB GANDIA,False
COPA ESPAÑA,"FASE DE GRUPOS ""D""",CIUDAD MOLINA BASKET,5,A. DUVAL,75.2083%,82.4113%,False,1,PROINBENI UPB GANDIA,False
COPA ESPAÑA,"FASE DE GRUPOS ""D""",CIUDAD MOLINA BASKET,21,G. MILADINOVIC,68.1944%,51.8794%,False,1,PROINBENI UPB GANDIA,False
COPA ESPAÑA,"FASE DE GRUPOS ""D""",CIUDAD MOLINA BASKET,21,G. MILADINOVIC,70.7639%,72.8546%,False,1,PROINBENI UPB GANDIA,False
COPA ESPAÑA,"FASE DE GRUPOS ""D""",CIUDAD MOLINA BASKET,37,C. TOLEDO ZAMORA,8.05556%,56.7199%,True,1,PROINBENI UPB GANDIA,False
COPA ESPAÑA,"FASE DE GRUPOS ""D""",CIUDAD MOLINA BASKET,88,J. TAVELLI,26.7361%,84.6454%,False,1,PROINBENI UPB GANDIA,False
COPA ESPAÑA,"FASE DE GRUPOS ""D""",CIUDAD MOLINA BASKET,5,A. DUVAL,74.5833%,14.6454%,True,1,PROINBENI UPB GANDIA,False
COPA ESPAÑA,"FASE DE GRUPOS ""D""",CIUDAD MOLINA BASKET,26,M. MUKENDI MUKENDI,90.4861%,53.4929%,False,1,PROINBENI UPB GANDIA,False
COPA ESPAÑA,"FASE DE GRUPOS ""D""",CIUDAD MOLINA BASKET,9,R. TIMONER GIMENEZ,33.5417%,61.5603%,False,1,PROINBENI UPB GANDIA,False
COPA ESPAÑA,"FASE DE GRUPOS ""D""",CIUDAD MOLINA BASKET,25,F. HERNANDEZ MARTINEZ,8.05556%,56.7199%,False,1,PROINBENI UPB GANDIA,False
COPA ESPAÑA,"FASE DE GRUPOS ""D""",CIUDAD MOLINA BASKET,21,G. MILADINOVIC,5.625%,47.2872%,False,1,PROINBENI UPB GANDIA,False
COPA ESPAÑA,"FASE DE GRUPOS ""D""",CIUDAD MOLINA BASKET,21,G. MILADINOVIC,7.43056%,55.4787%,False,1,PROINBENI UPB GANDIA,False
COPA ESPAÑA,"FASE DE GRUPOS ""D""",CIUDAD MOLINA BASKET,25,F. HERNANDEZ MARTINEZ,73.9583%,82.4113%,True,1,PROINBENI UPB GANDIA,False
COPA ESPAÑA,"FASE DE GRUPOS ""D""",CIUDAD MOLINA BASKET,8,G. CADME ARIAS,12.2222%,93.0851%,False,1,PROINBENI UPB GANDIA,False
COPA ESPAÑA,"FASE DE GRUPOS ""D""",CIUDAD MOLINA BASKET,5,A. DUVAL,70.8333%,25.4433%,False,1,PROINBENI UPB GANDIA,False
COPA ESPAÑA,"FASE DE GRUPOS ""D""",CIUDAD MOLINA BASKET,8,G. CADME ARIAS,76.3194%,81.5426%,True,1,PROINBENI UPB GANDIA,False
COPA ESPAÑA,"FASE DE GRUPOS ""D""",CIUDAD MOLINA BASKET,8,G. CADME ARIAS,8.05556%,59.5745%,True,1,PROINBENI UPB GANDIA,False
COPA ESPAÑA,"FASE DE GRUPOS ""D""",CIUDAD MOLINA BASKET,12,R. MARTÍNEZ-QUINTANILLA JIMÉNEZ,9.65278%,57.5887%,False,1,PROINBENI UPB GANDIA,False
COPA ESPAÑA,"FASE DE GRUPOS ""D""",CIUDAD MOLINA BASKET,37,C. TOLEDO ZAMORA,94.7222%,47.2872%,False,1,PROINBENI UPB GANDIA,False
COPA ESPAÑA,"FASE DE GRUPOS ""D""",CIUDAD MOLINA BASKET,11,P. CAMPENY LLOVERAS,11.5278%,92.2163%,True,1,PROINBENI UPB GANDIA,False
COPA ESPAÑA,"FASE DE GRUPOS ""D""",CIUDAD MOLINA BASKET,25,F. HERNANDEZ MARTINEZ,30.6944%,70.6206%,False,1,PROINBENI UPB GANDIA,False
COPA ESPAÑA,"FASE DE GRUPOS ""D""",CIUDAD MOLINA BASKET,21,G. MILADINOVIC,92.0139%,50.7624%,False,1,PROINBENI UPB GANDIA,False
COPA ESPAÑA,"FASE DE GRUPOS ""D""",CIUDAD MOLINA BASKET,5,A. DUVAL,10.2778%,70.3723%,False,1,PROINBENI UPB GANDIA,False
COPA ESPAÑA,"FASE DE GRUPOS ""D""",CIUDAD MOLINA BASKET,37,C. TOLEDO ZAMORA,95.2083%,50.0177%,True,1,PROINBENI UPB GANDIA,False
COPA ESPAÑA,"FASE DE GRUPOS ""D""",CIUDAD MOLINA BASKET,25,F. HERNANDEZ MARTINEZ,33.125%,46.0461%,False,1,PROINBENI UPB GANDIA,False
COPA ESPAÑA,"FASE DE GRUPOS ""D""",CIUDAD MOLINA BASKET,11,P. CAMPENY LLOVERAS,31.1111%,72.4823%,False,1,PROINBENI UPB GANDIA,False
COPA ESPAÑA,"FASE DE GRUPOS ""D""",CIUDAD MOLINA BASKET,11,P. CAMPENY LLOVERAS,92.7083%,49.8936%,False,1,PROINBENI UPB GANDIA,False
COPA ESPAÑA,"FASE DE GRUPOS ""D""",CIUDAD MOLINA BASKET,21,G. MILADINOVIC,4.79167%,42.0745%,False,1,PROINBENI UPB GANDIA,False
COPA ESPAÑA,"FASE DE GRUPOS ""E""",CBSALOU,3,B. TRAORE,90.8333%,48.4043%,False,1,SOL GIRONÈS BISBAL BÀSQUET,True
COPA ESPAÑA,"FASE DE GRUPOS ""E""",CBSALOU,15,A. DEL CERRO MARTIN,8.40278%,94.5745%,False,1,SOL GIRONÈS BISBAL BÀSQUET,True
COPA ESPAÑA,"FASE DE GRUPOS ""E""",CBSALOU,15,A. DEL CERRO MARTIN,88.9583%,28.1738%,False,1,SOL GIRONÈS BISBAL BÀSQUET,True
COPA ESPAÑA,"FASE DE GRUPOS ""E""",CBSALOU,14,E. MARTINEZ PRETEL,69.9306%,16.2589%,True,1,SOL GIRONÈS BISBAL BÀSQUET,True
COPA ESPAÑA,"FASE DE GRUPOS ""E""",CBSALOU,3,B. TRAORE,5.69444%,49.6454%,True,1,SOL GIRONÈS BISBAL BÀSQUET,True
COPA ESPAÑA,"FASE DE GRUPOS ""E""",CBSALOU,15,A. DEL CERRO MARTIN,26.6667%,18.9894%,False,1,SOL GIRONÈS BISBAL BÀSQUET,True
COPA ESPAÑA,"FASE DE GRUPOS ""E""",CBSALOU,15,A. DEL CERRO MARTIN,4.86111%,95.3191%,False,1,SOL GIRONÈS BISBAL BÀSQUET,True
COPA ESPAÑA,"FASE DE GRUPOS ""E""",CBSALOU,9,E. SIMS SERRA,22.7083%,88.617%,False,1,SOL GIRONÈS BISBAL BÀSQUET,True
COPA ESPAÑA,"FASE DE GRUPOS ""E""",CBSALOU,14,E. MARTINEZ PRETEL,74.5833%,13.6525%,False,1,SOL GIRONÈS BISBAL BÀSQUET,True
COPA ESPAÑA,"FASE DE GRUPOS ""E""",CBSALOU,17,P. SALO BLAYA,66.6667%,42.1986%,False,1,SOL GIRONÈS BISBAL BÀSQUET,True
COPA ESPAÑA,"FASE DE GRUPOS ""E""",CBSALOU,15,A. DEL CERRO MARTIN,90.9028%,3.97163%,False,1,SOL GIRONÈS BISBAL BÀSQUET,True
COPA ESPAÑA,"FASE DE GRUPOS ""E""",CBSALOU,15,A. DEL CERRO MARTIN,24.3056%,84.8936%,False,1,SOL GIRONÈS BISBAL BÀSQUET,True
COPA ESPAÑA,"FASE DE GRUPOS ""E""",CBSALOU,15,A. DEL CERRO MARTIN,69.375%,15.5142%,True,1,SOL GIRONÈS BISBAL BÀSQUET,True
COPA ESPAÑA,"FASE DE GRUPOS ""E""",CBSALOU,3,B. TRAORE,24.5833%,85.8865%,True,1,SOL GIRONÈS BISBAL BÀSQUET,True
COPA ESPAÑA,"FASE DE GRUPOS ""E""",CBSALOU,14,E. MARTINEZ PRETEL,23.6806%,52.0035%,True,1,SOL GIRONÈS BISBAL BÀSQUET,True
COPA ESPAÑA,"FASE DE GRUPOS ""E""",CBSALOU,3,B. TRAORE,6.31944%,50.266%,True,1,SOL GIRONÈS BISBAL BÀSQUET,True
COPA ESPAÑA,"FASE DE GRUPOS ""E""",CBSALOU,17,P. SALO BLAYA,93.4028%,51.8794%,True,1,SOL GIRONÈS BISBAL BÀSQUET,True
COPA ESPAÑA,"FASE DE GRUPOS ""E""",CBSALOU,14,E. MARTINEZ PRETEL,29.1667%,20.4787%,False,1,SOL GIRONÈS BISBAL BÀSQUET,True
COPA ESPAÑA,"FASE DE GRUPOS ""E""",CBSALOU,9,E. SIMS SERRA,69.1667%,70%,False,1,SOL GIRONÈS BISBAL BÀSQUET,True
COPA ESPAÑA,"FASE DE GRUPOS ""E""",CBSALOU,15,A. DEL CERRO MARTIN,7.01389%,50.5142%,False,1,SOL GIRONÈS BISBAL BÀSQUET,True
COPA ESPAÑA,"FASE DE GRUPOS ""E""",CBSALOU,14,E. MARTINEZ PRETEL,11.875%,34.1312%,False,1,SOL GIRONÈS BISBAL BÀSQUET,True
COPA ESPAÑA,"FASE DE GRUPOS ""E""",CBSALOU,4,D. CUELLAR GARCIA,65.6944%,45.4255%,True,1,SOL GIRONÈS BISBAL BÀSQUET,True
COPA ESPAÑA,"FASE DE GRUPOS ""E""",CBSALOU,4,D. CUELLAR GARCIA,29.1667%,20.9752%,False,1,SOL GIRONÈS BISBAL BÀSQUET,True
COPA ESPAÑA,"FASE DE GRUPOS ""E""",CBSALOU,9,E. SIMS SERRA,25.9722%,82.6596%,False,1,SOL GIRONÈS BISBAL BÀSQUET,True
COPA ESPAÑA,"FASE DE GRUPOS ""E""",CBSALOU,33,A. MORALES ROS,6.18056%,49.3972%,True,1,SOL GIRONÈS BISBAL BÀSQUET,True
COPA ESPAÑA,"FASE DE GRUPOS ""E""",CBSALOU,33,A. MORALES ROS,32.7778%,52.9965%,True,1,SOL GIRONÈS BISBAL BÀSQUET,True
COPA ESPAÑA,"FASE DE GRUPOS ""E""",CBSALOU,15,A. DEL CERRO MARTIN,90.8333%,48.4043%,False,1,SOL GIRONÈS BISBAL BÀSQUET,True
COPA ESPAÑA,"FASE DE GRUPOS ""E""",CBSALOU,4,D. CUELLAR GARCIA,4.51389%,95.195%,True,1,SOL GIRONÈS BISBAL BÀSQUET,True
COPA ESPAÑA,"FASE DE GRUPOS ""E""",CBSALOU,9,E. SIMS SERRA,75.9028%,15.266%,False,1,SOL GIRONÈS BISBAL BÀSQUET,True
COPA ESPAÑA,"FASE DE GRUPOS ""E""",CBSALOU,15,A. DEL CERRO MARTIN,21.3889%,88.4929%,False,1,SOL GIRONÈS BISBAL BÀSQUET,True
COPA ESPAÑA,"FASE DE GRUPOS ""E""",CBSALOU,33,A. MORALES ROS,93.2639%,45.922%,False,1,SOL GIRONÈS BISBAL BÀSQUET,True
COPA ESPAÑA,"FASE DE GRUPOS ""E""",CBSALOU,4,D. CUELLAR GARCIA,10.3472%,95.195%,True,1,SOL GIRONÈS BISBAL BÀSQUET,True
COPA ESPAÑA,"FASE DE GRUPOS ""E""",CBSALOU,17,P. SALO BLAYA,95.625%,46.9149%,True,1,SOL GIRONÈS BISBAL BÀSQUET,True
COPA ESPAÑA,"FASE DE GRUPOS ""E""",CBSALOU,17,P. SALO BLAYA,94.7917%,49.3972%,True,1,SOL GIRONÈS BISBAL BÀSQUET,True
COPA ESPAÑA,"FASE DE GRUPOS ""E""",CBSALOU,17,P. SALO BLAYA,91.3194%,48.156%,True,1,SOL GIRONÈS BISBAL BÀSQUET,True
COPA ESPAÑA,"FASE DE GRUPOS ""E""",CBSALOU,17,P. SALO BLAYA,6.04167%,44.9291%,False,1,SOL GIRONÈS BISBAL BÀSQUET,True
COPA ESPAÑA,"FASE DE GRUPOS ""E""",CBSALOU,4,D. CUELLAR GARCIA,31.25%,65.0355%,False,1,SOL GIRONÈS BISBAL BÀSQUET,True
COPA ESPAÑA,"FASE DE GRUPOS ""E""",CBSALOU,33,A. MORALES ROS,6.59722%,81.5426%,False,1,SOL GIRONÈS BISBAL BÀSQUET,True
COPA ESPAÑA,"FASE DE GRUPOS ""E""",CBSALOU,3,B. TRAORE,94.6528%,50.5142%,True,1,SOL GIRONÈS BISBAL BÀSQUET,True
COPA ESPAÑA,"FASE DE GRUPOS ""E""",CBSALOU,3,B. TRAORE,90.1389%,49.0248%,False,1,SOL GIRONÈS BISBAL BÀSQUET,True
COPA ESPAÑA,"FASE DE GRUPOS ""E""",CBSALOU,15,A. DEL CERRO MARTIN,6.04167%,44.9291%,False,1,SOL GIRONÈS BISBAL BÀSQUET,True
COPA ESPAÑA,"FASE DE GRUPOS ""E""",CBSALOU,33,A. MORALES ROS,92.2222%,43.3156%,False,1,SOL GIRONÈS BISBAL BÀSQUET,True
COPA ESPAÑA,"FASE DE GRUPOS ""E""",CBSALOU,5,E. MOURE COLOMBO,66.7361%,49.273%,False,1,SOL GIRONÈS BISBAL BÀSQUET,True
COPA ESPAÑA,"FASE DE GRUPOS ""E""",CBSALOU,14,E. MARTINEZ PRETEL,70.9028%,19.8582%,False,1,SOL GIRONÈS BISBAL BÀSQUET,True
COPA ESPAÑA,"FASE DE GRUPOS ""E""",CBSALOU,15,A. DEL CERRO MARTIN,6.73611%,48.5284%,False,1,SOL GIRONÈS BISBAL BÀSQUET,True
COPA ESPAÑA,"FASE DE GRUPOS ""E""",CBSALOU,3,B. TRAORE,5.625%,94.9468%,True,1,SOL GIRONÈS BISBAL BÀSQUET,True
COPA ESPAÑA,"FASE DE GRUPOS ""E""",CBSALOU,17,P. SALO BLAYA,94.0278%,48.5284%,True,1,SOL GIRONÈS BISBAL BÀSQUET,True
COPA ESPAÑA,"FASE DE GRUPOS ""E""",CBSALOU,15,A. DEL CERRO MARTIN,7.5%,48.0319%,True,1,SOL GIRONÈS BISBAL BÀSQUET,True
COPA ESPAÑA,"FASE DE GRUPOS ""E""",CBSALOU,3,B. TRAORE,93.6806%,48.5284%,True,1,SOL GIRONÈS BISBAL BÀSQUET,True
COPA ESPAÑA,"FASE DE GRUPOS ""E""",CBSALOU,14,E. MARTINEZ PRETEL,25.3472%,81.2943%,False,1,SOL GIRONÈS BISBAL BÀSQUET,True
COPA ESPAÑA,"FASE DE GRUPOS ""E""",CBSALOU,9,E. SIMS SERRA,3.61111%,95.3191%,False,1,SOL GIRONÈS BISBAL BÀSQUET,True
COPA ESPAÑA,"FASE DE GRUPOS ""E""",CBSALOU,9,E. SIMS SERRA,94.2361%,43.9362%,False,1,SOL GIRONÈS BISBAL BÀSQUET,True
COPA ESPAÑA,"FASE DE GRUPOS ""E""",CBSALOU,9,E. SIMS SERRA,8.05556%,56.7199%,False,1,SOL GIRONÈS BISBAL BÀSQUET,True
COPA ESPAÑA,"FASE DE GRUPOS ""E""",CBSALOU,3,B. TRAORE,5.48611%,95.5674%,False,1,SOL GIRONÈS BISBAL BÀSQUET,True
COPA ESPAÑA,"FASE DE GRUPOS ""E""",CBSALOU,9,E. SIMS SERRA,26.6667%,18.9894%,False,1,SOL GIRONÈS BISBAL BÀSQUET,True
COPA ESPAÑA,"FASE DE GRUPOS ""E""",CBSALOU,15,A. DEL CERRO MARTIN,4.09722%,96.3121%,True,1,SOL GIRONÈS BISBAL BÀSQUET,True
COPA ESPAÑA,"FASE DE GRUPOS ""E""",CBSALOU,33,A. MORALES ROS,33.4722%,59.6986%,True,1,SOL GIRONÈS BISBAL BÀSQUET,True
COPA ESPAÑA,"FASE DE GRUPOS ""E""",CBSALOU,14,E. MARTINEZ PRETEL,22.1528%,49.8936%,True,1,SOL GIRONÈS BISBAL BÀSQUET,True
COPA ESPAÑA,"FASE DE GRUPOS ""E""",CBSALOU,15,A. DEL CERRO MARTIN,28.4028%,19.8582%,True,1,SOL GIRONÈS BISBAL BÀSQUET,True
COPA ESPAÑA,"FASE DE GRUPOS ""E""",CBSALOU,14,E. MARTINEZ PRETEL,10.3472%,95.195%,False,1,SOL GIRONÈS BISBAL BÀSQUET,True
COPA ESPAÑA,"FASE DE GRUPOS ""E""",CBSALOU,14,E. MARTINEZ PRETEL,92.7778%,24.4504%,False,1,SOL GIRONÈS BISBAL BÀSQUET,True
COPA ESPAÑA,"FASE DE GRUPOS ""E""",CBSALOU,15,A. DEL CERRO MARTIN,93.2639%,49.7695%,False,1,SOL GIRONÈS BISBAL BÀSQUET,True
COPA ESPAÑA,"FASE DE GRUPOS ""E""",CBSALOU,17,P. SALO BLAYA,92.9861%,45.6738%,False,1,SOL GIRONÈS BISBAL BÀSQUET,True
COPA ESPAÑA,"FASE DE GRUPOS ""E""",CBSALOU,9,E. SIMS SERRA,93.6806%,93.4574%,False,1,SOL GIRONÈS BISBAL BÀSQUET,True
COPA ESPAÑA,"FASE DE GRUPOS ""E""",CBSALOU,3,B. TRAORE,5.20833%,94.6986%,False,1,SOL GIRONÈS BISBAL BÀSQUET,True
COPA ESPAÑA,"FASE DE GRUPOS ""E""",CBSALOU,15,A. DEL CERRO MARTIN,92.9861%,45.6738%,False,1,SOL GIRONÈS BISBAL BÀSQUET,True
COPA ESPAÑA,"FASE DE GRUPOS ""E""",CBSALOU,4,D. CUELLAR GARCIA,90.5556%,94.078%,False,1,SOL GIRONÈS BISBAL BÀSQUET,True
COPA ESPAÑA,"FASE DE GRUPOS ""E""",CBSALOU,17,P. SALO BLAYA,91.5278%,49.7695%,False,1,SOL GIRONÈS BISBAL BÀSQUET,True
COPA ESPAÑA,"FASE DE GRUPOS ""E""",CBSALOU,14,E. MARTINEZ PRETEL,29.7917%,28.2979%,False,1,SOL GIRONÈS BISBAL BÀSQUET,True
COPA ESPAÑA,"FASE DE GRUPOS ""E""",CBSALOU,15,A. DEL CERRO MARTIN,92.7778%,50.8865%,True,1,SOL GIRONÈS BISBAL BÀSQUET,True
COPA ESPAÑA,"FASE DE GRUPOS ""E""",CBSALOU,33,A. MORALES ROS,66.5972%,32.8901%,True,1,SOL GIRONÈS BISBAL BÀSQUET,True
COPA ESPAÑA,"FASE DE GRUPOS ""E""",CBSALOU,5,E. MOURE COLOMBO,57.5%,78.9362%,False,1,SOL GIRONÈS BISBAL BÀSQUET,True
COPA ESPAÑA,"FASE DE GRUPOS ""E""",SOL GIRONÈS BISBAL BÀSQUET,7,P. RENANE,29.3056%,27.6773%,True,1,CBSALOU,False
COPA ESPAÑA,"FASE DE GRUPOS ""E""",SOL GIRONÈS BISBAL BÀSQUET,13,M. MIKHAILOV PALTARAK,9.30556%,46.6667%,True,1,CBSALOU,False
COPA ESPAÑA,"FASE DE GRUPOS ""E""",SOL GIRONÈS BISBAL BÀSQUET,2,J. CARRASCO MARTIN,3.40278%,55.1064%,False,1,CBSALOU,False
COPA ESPAÑA,"FASE DE GRUPOS ""E""",SOL GIRONÈS BISBAL BÀSQUET,2,J. CARRASCO MARTIN,75.7639%,49.8936%,False,1,CBSALOU,False
COPA ESPAÑA,"FASE DE GRUPOS ""E""",SOL GIRONÈS BISBAL BÀSQUET,21,B. ALVAREZ TORRES,7.29167%,70.9929%,True,1,CBSALOU,False
COPA ESPAÑA,"FASE DE GRUPOS ""E""",SOL GIRONÈS BISBAL BÀSQUET,22,J. GOLSON,72.5%,18.7411%,True,1,CBSALOU,False
COPA ESPAÑA,"FASE DE GRUPOS ""E""",SOL GIRONÈS BISBAL BÀSQUET,13,M. MIKHAILOV PALTARAK,93.5417%,45.5496%,True,1,CBSALOU,False
COPA ESPAÑA,"FASE DE GRUPOS ""E""",SOL GIRONÈS BISBAL BÀSQUET,13,M. MIKHAILOV PALTARAK,93.125%,38.9716%,True,1,CBSALOU,False
COPA ESPAÑA,"FASE DE GRUPOS ""E""",SOL GIRONÈS BISBAL BÀSQUET,13,M. MIKHAILOV PALTARAK,7.36111%,49.1489%,False,1,CBSALOU,False
COPA ESPAÑA,"FASE DE GRUPOS ""E""",SOL GIRONÈS BISBAL BÀSQUET,15,N. OKEKE,18.9583%,6.95035%,False,1,CBSALOU,False
COPA ESPAÑA,"FASE DE GRUPOS ""E""",SOL GIRONÈS BISBAL BÀSQUET,21,B. ALVAREZ TORRES,18.6111%,23.2092%,True,1,CBSALOU,False
COPA ESPAÑA,"FASE DE GRUPOS ""E""",SOL GIRONÈS BISBAL BÀSQUET,13,M. MIKHAILOV PALTARAK,92.1528%,48.5284%,True,1,CBSALOU,False
COPA ESPAÑA,"FASE DE GRUPOS ""E""",SOL GIRONÈS BISBAL BÀSQUET,2,J. CARRASCO MARTIN,6.18056%,48.2801%,False,1,CBSALOU,False
COPA ESPAÑA,"FASE DE GRUPOS ""E""",SOL GIRONÈS BISBAL BÀSQUET,13,M. MIKHAILOV PALTARAK,7.43056%,42.1986%,False,1,CBSALOU,False
COPA ESPAÑA,"FASE DE GRUPOS ""E""",SOL GIRONÈS BISBAL BÀSQUET,2,J. CARRASCO MARTIN,6.94444%,54.1135%,False,1,CBSALOU,False
COPA ESPAÑA,"FASE DE GRUPOS ""E""",SOL GIRONÈS BISBAL BÀSQUET,23,N. CLEDJO HOUNGUES,94.2361%,79.4326%,True,1,CBSALOU,False
COPA ESPAÑA,"FASE DE GRUPOS ""E""",SOL GIRONÈS BISBAL BÀSQUET,7,P. RENANE,8.54167%,56.844%,False,1,CBSALOU,False
COPA ESPAÑA,"FASE DE GRUPOS ""E""",SOL GIRONÈS BISBAL BÀSQUET,96,X. TORRENT BAYÉ,67.7083%,73.1028%,False,1,CBSALOU,False
COPA ESPAÑA,"FASE DE GRUPOS ""E""",SOL GIRONÈS BISBAL BÀSQUET,96,X. TORRENT BAYÉ,94.7917%,50.1418%,False,1,CBSALOU,False
COPA ESPAÑA,"FASE DE GRUPOS ""E""",SOL GIRONÈS BISBAL BÀSQUET,22,J. GOLSON,31.5972%,15.7624%,False,1,CBSALOU,False
COPA ESPAÑA,"FASE DE GRUPOS ""E""",SOL GIRONÈS BISBAL BÀSQUET,11,I. VALERA COROMINAS,70.9028%,13.6525%,False,1,CBSALOU,False
COPA ESPAÑA,"FASE DE GRUPOS ""E""",SOL GIRONÈS BISBAL BÀSQUET,23,N. CLEDJO HOUNGUES,95.6944%,52.6241%,True,1,CBSALOU,False
COPA ESPAÑA,"FASE DE GRUPOS ""E""",SOL GIRONÈS BISBAL BÀSQUET,15,N. OKEKE,6.18056%,47.2872%,True,1,CBSALOU,False
COPA ESPAÑA,"FASE DE GRUPOS ""E""",SOL GIRONÈS BISBAL BÀSQUET,2,J. CARRASCO MARTIN,17.9167%,78.3156%,False,1,CBSALOU,False
COPA ESPAÑA,"FASE DE GRUPOS ""E""",SOL GIRONÈS BISBAL BÀSQUET,23,N. CLEDJO HOUNGUES,20.2778%,10.6738%,False,1,CBSALOU,False
COPA ESPAÑA,"FASE DE GRUPOS ""E""",SOL GIRONÈS BISBAL BÀSQUET,96,X. TORRENT BAYÉ,30.4861%,73.1028%,False,1,CBSALOU,False
COPA ESPAÑA,"FASE DE GRUPOS ""E""",SOL GIRONÈS BISBAL BÀSQUET,23,N. CLEDJO HOUNGUES,15.5556%,95.5674%,True,1,CBSALOU,False
COPA ESPAÑA,"FASE DE GRUPOS ""E""",SOL GIRONÈS BISBAL BÀSQUET,23,N. CLEDJO HOUNGUES,4.44444%,46.9149%,True,1,CBSALOU,False
COPA ESPAÑA,"FASE DE GRUPOS ""E""",SOL GIRONÈS BISBAL BÀSQUET,2,J. CARRASCO MARTIN,28.1944%,17.8723%,False,1,CBSALOU,False
COPA ESPAÑA,"FASE DE GRUPOS ""E""",SOL GIRONÈS BISBAL BÀSQUET,13,M. MIKHAILOV PALTARAK,6.04167%,59.2021%,False,1,CBSALOU,False
COPA ESPAÑA,"FASE DE GRUPOS ""E""",SOL GIRONÈS BISBAL BÀSQUET,15,N. OKEKE,13.6111%,49.3972%,False,1,CBSALOU,False
COPA ESPAÑA,"FASE DE GRUPOS ""E""",SOL GIRONÈS BISBAL BÀSQUET,6,P. SALA VALLMAJO,87.7083%,5.08865%,False,1,CBSALOU,False
COPA ESPAÑA,"FASE DE GRUPOS ""E""",SOL GIRONÈS BISBAL BÀSQUET,2,J. CARRASCO MARTIN,5.69444%,29.2908%,False,1,CBSALOU,False
COPA ESPAÑA,"FASE DE GRUPOS ""E""",SOL GIRONÈS BISBAL BÀSQUET,23,N. CLEDJO HOUNGUES,6.04167%,59.2021%,False,1,CBSALOU,False
COPA ESPAÑA,"FASE DE GRUPOS ""E""",SOL GIRONÈS BISBAL BÀSQUET,13,M. MIKHAILOV PALTARAK,95%,45.7979%,True,1,CBSALOU,False
COPA ESPAÑA,"FASE DE GRUPOS ""E""",SOL GIRONÈS BISBAL BÀSQUET,7,P. RENANE,92.2917%,50.0177%,True,1,CBSALOU,False
COPA ESPAÑA,"FASE DE GRUPOS ""E""",SOL GIRONÈS BISBAL BÀSQUET,15,N. OKEKE,84.0278%,46.2943%,False,1,CBSALOU,False
COPA ESPAÑA,"FASE DE GRUPOS ""E""",SOL GIRONÈS BISBAL BÀSQUET,15,N. OKEKE,12.4306%,6.70213%,True,1,CBSALOU,False
COPA ESPAÑA,"FASE DE GRUPOS ""E""",SOL GIRONÈS BISBAL BÀSQUET,2,J. CARRASCO MARTIN,92.2917%,59.5745%,True,1,CBSALOU,False
COPA ESPAÑA,"FASE DE GRUPOS ""E""",SOL GIRONÈS BISBAL BÀSQUET,13,M. MIKHAILOV PALTARAK,94.1667%,70.3723%,False,1,CBSALOU,False
COPA ESPAÑA,"FASE DE GRUPOS ""E""",SOL GIRONÈS BISBAL BÀSQUET,7,P. RENANE,65%,34.8759%,False,1,CBSALOU,False
COPA ESPAÑA,"FASE DE GRUPOS ""E""",SOL GIRONÈS BISBAL BÀSQUET,21,B. ALVAREZ TORRES,66.4583%,52.6241%,False,1,CBSALOU,False
COPA ESPAÑA,"FASE DE GRUPOS ""E""",SOL GIRONÈS BISBAL BÀSQUET,15,N. OKEKE,75.8333%,7.44681%,False,1,CBSALOU,False
COPA ESPAÑA,"FASE DE GRUPOS ""E""",SOL GIRONÈS BISBAL BÀSQUET,15,N. OKEKE,92.1528%,45.1773%,True,1,CBSALOU,False
COPA ESPAÑA,"FASE DE GRUPOS ""E""",SOL GIRONÈS BISBAL BÀSQUET,15,N. OKEKE,28.125%,15.3901%,True,1,CBSALOU,False
COPA ESPAÑA,"FASE DE GRUPOS ""E""",SOL GIRONÈS BISBAL BÀSQUET,21,B. ALVAREZ TORRES,71.3194%,50.1418%,False,1,CBSALOU,False
COPA ESPAÑA,"FASE DE GRUPOS ""E""",SOL GIRONÈS BISBAL BÀSQUET,13,M. MIKHAILOV PALTARAK,6.11111%,49.8936%,True,1,CBSALOU,False
COPA ESPAÑA,"FASE DE GRUPOS ""E""",SOL GIRONÈS BISBAL BÀSQUET,23,N. CLEDJO HOUNGUES,93.3333%,50.0177%,True,1,CBSALOU,False
COPA ESPAÑA,"FASE DE GRUPOS ""E""",SOL GIRONÈS BISBAL BÀSQUET,7,P. RENANE,68.4722%,29.539%,True,1,CBSALOU,False
COPA ESPAÑA,"FASE DE GRUPOS ""E""",SOL GIRONÈS BISBAL BÀSQUET,7,P. RENANE,92.0833%,26.1879%,True,1,CBSALOU,False
COPA ESPAÑA,"FASE DE GRUPOS ""E""",SOL GIRONÈS BISBAL BÀSQUET,11,I. VALERA COROMINAS,91.6667%,94.3262%,False,1,CBSALOU,False
COPA ESPAÑA,"FASE DE GRUPOS ""E""",SOL GIRONÈS BISBAL BÀSQUET,23,N. CLEDJO HOUNGUES,12.9167%,51.2589%,False,1,CBSALOU,False
COPA ESPAÑA,"FASE DE GRUPOS ""E""",SOL GIRONÈS BISBAL BÀSQUET,23,N. CLEDJO HOUNGUES,92.3611%,74.4681%,False,1,CBSALOU,False
COPA ESPAÑA,"FASE DE GRUPOS ""E""",SOL GIRONÈS BISBAL BÀSQUET,15,N. OKEKE,19.5833%,91.844%,False,1,CBSALOU,False
COPA ESPAÑA,"FASE DE GRUPOS ""E""",SOL GIRONÈS BISBAL BÀSQUET,15,N. OKEKE,94.0278%,42.8191%,True,1,CBSALOU,False
COPA ESPAÑA,"FASE DE GRUPOS ""E""",SOL GIRONÈS BISBAL BÀSQUET,21,B. ALVAREZ TORRES,5.48611%,49.1489%,False,1,CBSALOU,False
COPA ESPAÑA,"FASE DE GRUPOS ""E""",SOL GIRONÈS BISBAL BÀSQUET,6,P. SALA VALLMAJO,91.3194%,4.09574%,False,1,CBSALOU,False
COPA ESPAÑA,"FASE DE GRUPOS ""E""",SOL GIRONÈS BISBAL BÀSQUET,15,N. OKEKE,70.9722%,79.3085%,False,1,CBSALOU,False
COPA ESPAÑA,"FASE DE GRUPOS ""E""",SOL GIRONÈS BISBAL BÀSQUET,23,N. CLEDJO HOUNGUES,92.5694%,79.805%,True,1,CBSALOU,False
COPA ESPAÑA,"FASE DE GRUPOS ""E""",SOL GIRONÈS BISBAL BÀSQUET,13,M. MIKHAILOV PALTARAK,24.9306%,50.266%,True,1,CBSALOU,False
COPA ESPAÑA,"FASE DE GRUPOS ""E""",SOL GIRONÈS BISBAL BÀSQUET,15,N. OKEKE,89.0278%,49.0248%,False,1,CBSALOU,False
COPA ESPAÑA,"FASE DE GRUPOS ""E""",SOL GIRONÈS BISBAL BÀSQUET,15,N. OKEKE,29.0278%,70.7447%,False,1,CBSALOU,False
COPA ESPAÑA,"FASE DE GRUPOS ""E""",SOL GIRONÈS BISBAL BÀSQUET,7,P. RENANE,95.3472%,49.3972%,True,1,CBSALOU,False
COPA ESPAÑA,"FASE DE GRUPOS ""E""",SOL GIRONÈS BISBAL BÀSQUET,15,N. OKEKE,93.6806%,49.8936%,True,1,CBSALOU,False
COPA ESPAÑA,"FASE DE GRUPOS ""E""",SOL GIRONÈS BISBAL BÀSQUET,13,M. MIKHAILOV PALTARAK,9.51389%,51.7553%,False,1,CBSALOU,False
COPA ESPAÑA,"FASE DE GRUPOS ""E""",SOL GIRONÈS BISBAL BÀSQUET,15,N. OKEKE,64.8611%,51.5071%,False,1,CBSALOU,False
COPA ESPAÑA,"FASE DE GRUPOS ""E""",SOL GIRONÈS BISBAL BÀSQUET,96,X. TORRENT BAYÉ,67.7778%,20.2305%,False,1,CBSALOU,False
COPA ESPAÑA,"FASE DE GRUPOS ""E""",SOL GIRONÈS BISBAL BÀSQUET,11,I. VALERA COROMINAS,70.7639%,17.1277%,True,1,CBSALOU,False
COPA ESPAÑA,"FASE DE GRUPOS ""E""",SOL GIRONÈS BISBAL BÀSQUET,22,J. GOLSON,4.65278%,95.5674%,False,1,CBSALOU,False
COPA ESPAÑA,"FASE DE GRUPOS ""E""",SOL GIRONÈS BISBAL BÀSQUET,96,X. TORRENT BAYÉ,66.5278%,46.9149%,False,1,CBSALOU,False
COPA ESPAÑA,"FASE DE GRUPOS ""E""",SOL GIRONÈS BISBAL BÀSQUET,13,M. MIKHAILOV PALTARAK,8.81944%,53.3688%,False,1,CBSALOU,False
COPA ESPAÑA,"FASE DE GRUPOS ""F""",MADERAS SORLI BENICARLO,1,A. IKPEZE,16.7333%,51.5915%,False,1,CLASS BASQUET SANT ANTONI,True
COPA ESPAÑA,"FASE DE GRUPOS ""F""",MADERAS SORLI BENICARLO,33,K. OBIEKWE SAM,69.7333%,21.4468%,False,1,CLASS BASQUET SANT ANTONI,True
COPA ESPAÑA,"FASE DE GRUPOS ""F""",MADERAS SORLI BENICARLO,9,P. HARGUINDEY MANEIRO,67.2%,69.1064%,True,1,CLASS BASQUET SANT ANTONI,True
COPA ESPAÑA,"FASE DE GRUPOS ""F""",MADERAS SORLI BENICARLO,35,O. NDOUR,69.7333%,71.1319%,False,1,CLASS BASQUET SANT ANTONI,True
COPA ESPAÑA,"FASE DE GRUPOS ""F""",MADERAS SORLI BENICARLO,8,A. HARO VAL,7.06667%,39.9149%,False,1,CLASS BASQUET SANT ANTONI,True
COPA ESPAÑA,"FASE DE GRUPOS ""F""",MADERAS SORLI BENICARLO,9,P. HARGUINDEY MANEIRO,91.0667%,92.5787%,False,1,CLASS BASQUET SANT ANTONI,True
COPA ESPAÑA,"FASE DE GRUPOS ""F""",MADERAS SORLI BENICARLO,33,K. OBIEKWE SAM,66.3333%,65.5319%,False,1,CLASS BASQUET SANT ANTONI,True
COPA ESPAÑA,"FASE DE GRUPOS ""F""",MADERAS SORLI BENICARLO,8,A. HARO VAL,68.8%,14.7745%,False,1,CLASS BASQUET SANT ANTONI,True
COPA ESPAÑA,"FASE DE GRUPOS ""F""",MADERAS SORLI BENICARLO,1,A. IKPEZE,17.8%,35.983%,False,1,CLASS BASQUET SANT ANTONI,True
COPA ESPAÑA,"FASE DE GRUPOS ""F""",MADERAS SORLI BENICARLO,35,O. NDOUR,80.4%,41.8213%,False,1,CLASS BASQUET SANT ANTONI,True
COPA ESPAÑA,"FASE DE GRUPOS ""F""",MADERAS SORLI BENICARLO,25,R. UKAWUBA,72.2%,79.9489%,False,1,CLASS BASQUET SANT ANTONI,True
COPA ESPAÑA,"FASE DE GRUPOS ""F""",MADERAS SORLI BENICARLO,8,A. HARO VAL,7.6%,40.7489%,False,1,CLASS BASQUET SANT ANTONI,True
COPA ESPAÑA,"FASE DE GRUPOS ""F""",MADERAS SORLI BENICARLO,11,M. VORONIN,5.4%,58.2638%,True,1,CLASS BASQUET SANT ANTONI,True
COPA ESPAÑA,"FASE DE GRUPOS ""F""",MADERAS SORLI BENICARLO,9,P. HARGUINDEY MANEIRO,73%,16.8%,False,1,CLASS BASQUET SANT ANTONI,True
COPA ESPAÑA,"FASE DE GRUPOS ""F""",MADERAS SORLI BENICARLO,33,K. OBIEKWE SAM,72.8667%,82.5702%,False,1,CLASS BASQUET SANT ANTONI,True
COPA ESPAÑA,"FASE DE GRUPOS ""F""",MADERAS SORLI BENICARLO,1,A. IKPEZE,11.4%,54.0936%,False,1,CLASS BASQUET SANT ANTONI,True
COPA ESPAÑA,"FASE DE GRUPOS ""F""",MADERAS SORLI BENICARLO,1,A. IKPEZE,24.3333%,34.6723%,True,1,CLASS BASQUET SANT ANTONI,True
COPA ESPAÑA,"FASE DE GRUPOS ""F""",MADERAS SORLI BENICARLO,12,A. PRIOR RUIZ,23.2%,86.8596%,False,1,CLASS BASQUET SANT ANTONI,True
COPA ESPAÑA,"FASE DE GRUPOS ""F""",MADERAS SORLI BENICARLO,13,A. LIBROIA,66.8%,26.4511%,False,1,CLASS BASQUET SANT ANTONI,True
COPA ESPAÑA,"FASE DE GRUPOS ""F""",MADERAS SORLI BENICARLO,13,A. LIBROIA,5.66667%,58.2638%,False,1,CLASS BASQUET SANT ANTONI,True
COPA ESPAÑA,"FASE DE GRUPOS ""F""",MADERAS SORLI BENICARLO,33,K. OBIEKWE SAM,6.46667%,44.8%,False,1,CLASS BASQUET SANT ANTONI,True
COPA ESPAÑA,"FASE DE GRUPOS ""F""",MADERAS SORLI BENICARLO,13,A. LIBROIA,34.6667%,62.5532%,False,1,CLASS BASQUET SANT ANTONI,True
COPA ESPAÑA,"FASE DE GRUPOS ""F""",MADERAS SORLI BENICARLO,8,A. HARO VAL,34.5333%,51.9489%,False,1,CLASS BASQUET SANT ANTONI,True
COPA ESPAÑA,"FASE DE GRUPOS ""F""",MADERAS SORLI BENICARLO,9,P. HARGUINDEY MANEIRO,8.13333%,4.05106%,True,1,CLASS BASQUET SANT ANTONI,True
COPA ESPAÑA,"FASE DE GRUPOS ""F""",MADERAS SORLI BENICARLO,12,A. PRIOR RUIZ,26.4667%,85.7872%,False,1,CLASS BASQUET SANT ANTONI,True
COPA ESPAÑA,"FASE DE GRUPOS ""F""",MADERAS SORLI BENICARLO,9,P. HARGUINDEY MANEIRO,72.1333%,79.9489%,True,1,CLASS BASQUET SANT ANTONI,True
COPA ESPAÑA,"FASE DE GRUPOS ""F""",MADERAS SORLI BENICARLO,25,R. UKAWUBA,7.33333%,57.1915%,False,1,CLASS BASQUET SANT ANTONI,True
COPA ESPAÑA,"FASE DE GRUPOS ""F""",MADERAS SORLI BENICARLO,35,O. NDOUR,92.8667%,57.4298%,True,1,CLASS BASQUET SANT ANTONI,True
COPA ESPAÑA,"FASE DE GRUPOS ""F""",MADERAS SORLI BENICARLO,9,P. HARGUINDEY MANEIRO,68.6667%,22.6383%,True,1,CLASS BASQUET SANT ANTONI,True
COPA ESPAÑA,"FASE DE GRUPOS ""F""",MADERAS SORLI BENICARLO,33,K. OBIEKWE SAM,14.7333%,3.33617%,False,1,CLASS BASQUET SANT ANTONI,True
COPA ESPAÑA,"FASE DE GRUPOS ""F""",MADERAS SORLI BENICARLO,12,A. PRIOR RUIZ,23.0667%,50.0426%,True,1,CLASS BASQUET SANT ANTONI,True
COPA ESPAÑA,"FASE DE GRUPOS ""F""",MADERAS SORLI BENICARLO,8,A. HARO VAL,72.9333%,82.4511%,False,1,CLASS BASQUET SANT ANTONI,True
COPA ESPAÑA,"FASE DE GRUPOS ""F""",MADERAS SORLI BENICARLO,13,A. LIBROIA,18.0667%,94.366%,False,1,CLASS BASQUET SANT ANTONI,True
COPA ESPAÑA,"FASE DE GRUPOS ""F""",MADERAS SORLI BENICARLO,11,M. VORONIN,88.9333%,40.1532%,True,1,CLASS BASQUET SANT ANTONI,True
COPA ESPAÑA,"FASE DE GRUPOS ""F""",MADERAS SORLI BENICARLO,8,A. HARO VAL,72%,74.7064%,True,1,CLASS BASQUET SANT ANTONI,True
COPA ESPAÑA,"FASE DE GRUPOS ""F""",MADERAS SORLI BENICARLO,12,A. PRIOR RUIZ,68.4667%,17.634%,False,1,CLASS BASQUET SANT ANTONI,True
COPA ESPAÑA,"FASE DE GRUPOS ""F""",MADERAS SORLI BENICARLO,25,R. UKAWUBA,33.3333%,25.7362%,False,1,CLASS BASQUET SANT ANTONI,True
COPA ESPAÑA,"FASE DE GRUPOS ""F""",MADERAS SORLI BENICARLO,8,A. HARO VAL,7.6%,60.766%,True,1,CLASS BASQUET SANT ANTONI,True
COPA ESPAÑA,"FASE DE GRUPOS ""F""",MADERAS SORLI BENICARLO,25,R. UKAWUBA,80.4667%,80.3064%,False,1,CLASS BASQUET SANT ANTONI,True
COPA ESPAÑA,"FASE DE GRUPOS ""F""",MADERAS SORLI BENICARLO,8,A. HARO VAL,74.1333%,84.4766%,False,1,CLASS BASQUET SANT ANTONI,True
COPA ESPAÑA,"FASE DE GRUPOS ""F""",MADERAS SORLI BENICARLO,12,A. PRIOR RUIZ,92.4%,45.1574%,False,1,CLASS BASQUET SANT ANTONI,True
COPA ESPAÑA,"FASE DE GRUPOS ""F""",MADERAS SORLI BENICARLO,35,O. NDOUR,7.2%,44.5617%,True,1,CLASS BASQUET SANT ANTONI,True
COPA ESPAÑA,"FASE DE GRUPOS ""F""",MADERAS SORLI BENICARLO,11,M. VORONIN,69.2667%,66.366%,False,1,CLASS BASQUET SANT ANTONI,True
COPA ESPAÑA,"FASE DE GRUPOS ""F""",MADERAS SORLI BENICARLO,13,A. LIBROIA,30.4667%,32.0511%,False,1,CLASS BASQUET SANT ANTONI,True
COPA ESPAÑA,"FASE DE GRUPOS ""F""",MADERAS SORLI BENICARLO,12,A. PRIOR RUIZ,93%,59.5745%,False,1,CLASS BASQUET SANT ANTONI,True
COPA ESPAÑA,"FASE DE GRUPOS ""F""",MADERAS SORLI BENICARLO,1,A. IKPEZE,9.73333%,58.383%,True,1,CLASS BASQUET SANT ANTONI,True
COPA ESPAÑA,"FASE DE GRUPOS ""F""",MADERAS SORLI BENICARLO,8,A. HARO VAL,91.3333%,56.1191%,True,1,CLASS BASQUET SANT ANTONI,True
COPA ESPAÑA,"FASE DE GRUPOS ""F""",MADERAS SORLI BENICARLO,33,K. OBIEKWE SAM,88.5333%,51.3532%,True,1,CLASS BASQUET SANT ANTONI,True
COPA ESPAÑA,"FASE DE GRUPOS ""F""",MADERAS SORLI BENICARLO,25,R. UKAWUBA,84.6%,40.3915%,True,1,CLASS BASQUET SANT ANTONI,True
COPA ESPAÑA,"FASE DE GRUPOS ""F""",MADERAS SORLI BENICARLO,35,O. NDOUR,5.66667%,58.2638%,False,1,CLASS BASQUET SANT ANTONI,True
COPA ESPAÑA,"FASE DE GRUPOS ""F""",MADERAS SORLI BENICARLO,25,R. UKAWUBA,8.46667%,47.7787%,False,1,CLASS BASQUET SANT ANTONI,True
COPA ESPAÑA,"FASE DE GRUPOS ""F""",MADERAS SORLI BENICARLO,12,A. PRIOR RUIZ,91.4%,56.7149%,True,1,CLASS BASQUET SANT ANTONI,True
COPA ESPAÑA,"FASE DE GRUPOS ""F""",MADERAS SORLI BENICARLO,35,O. NDOUR,7.66667%,48.3745%,True,1,CLASS BASQUET SANT ANTONI,True
COPA ESPAÑA,"FASE DE GRUPOS ""F""",MADERAS SORLI BENICARLO,12,A. PRIOR RUIZ,70.1333%,74.3489%,False,1,CLASS BASQUET SANT ANTONI,True
COPA ESPAÑA,"FASE DE GRUPOS ""F""",MADERAS SORLI BENICARLO,8,A. HARO VAL,13.6%,5.71915%,False,1,CLASS BASQUET SANT ANTONI,True
COPA ESPAÑA,"FASE DE GRUPOS ""F""",MADERAS SORLI BENICARLO,13,A. LIBROIA,92.6667%,58.5021%,False,1,CLASS BASQUET SANT ANTONI,True
COPA ESPAÑA,"FASE DE GRUPOS ""F""",MADERAS SORLI BENICARLO,25,R. UKAWUBA,91.3333%,55.6426%,True,1,CLASS BASQUET SANT ANTONI,True
COPA ESPAÑA,"FASE DE GRUPOS ""F""",MADERAS SORLI BENICARLO,13,A. LIBROIA,6.2%,72.0851%,False,1,CLASS BASQUET SANT ANTONI,True
COPA ESPAÑA,"FASE DE GRUPOS ""F""",MADERAS SORLI BENICARLO,33,K. OBIEKWE SAM,9%,7.38723%,False,1,CLASS BASQUET SANT ANTONI,True
COPA ESPAÑA,"FASE DE GRUPOS ""F""",MADERAS SORLI BENICARLO,25,R. UKAWUBA,91.2%,43.1319%,True,1,CLASS BASQUET SANT ANTONI,True
COPA ESPAÑA,"FASE DE GRUPOS ""F""",CLASS BASQUET SANT ANTONI,4,G. BLAT BAEZA,67.4667%,71.8468%,True,1,MADERAS SORLI BENICARLO,False
COPA ESPAÑA,"FASE DE GRUPOS ""F""",CLASS BASQUET SANT ANTONI,20,N. ZIZIC,5.66667%,56.5957%,True,1,MADERAS SORLI BENICARLO,False
COPA ESPAÑA,"FASE DE GRUPOS ""F""",CLASS BASQUET SANT ANTONI,32,J. SOLARIN,87.8%,56.1191%,True,1,MADERAS SORLI BENICARLO,False
COPA ESPAÑA,"FASE DE GRUPOS ""F""",CLASS BASQUET SANT ANTONI,4,G. BLAT BAEZA,5.66667%,59.8128%,True,1,MADERAS SORLI BENICARLO,False
COPA ESPAÑA,"FASE DE GRUPOS ""F""",CLASS BASQUET SANT ANTONI,99,I. RUIZ GONZALEZ,89.2667%,51.5915%,True,1,MADERAS SORLI BENICARLO,False
COPA ESPAÑA,"FASE DE GRUPOS ""F""",CLASS BASQUET SANT ANTONI,19,S. PAZ VAZQUEZ,17.2%,6.91064%,False,1,MADERAS SORLI BENICARLO,False
COPA ESPAÑA,"FASE DE GRUPOS ""F""",CLASS BASQUET SANT ANTONI,32,J. SOLARIN,68.8%,76.017%,True,1,MADERAS SORLI BENICARLO,False
COPA ESPAÑA,"FASE DE GRUPOS ""F""",CLASS BASQUET SANT ANTONI,5,K. JOHNSON,90.9333%,75.5404%,False,1,MADERAS SORLI BENICARLO,False
COPA ESPAÑA,"FASE DE GRUPOS ""F""",CLASS BASQUET SANT ANTONI,5,K. JOHNSON,92.5333%,47.183%,True,1,MADERAS SORLI BENICARLO,False
COPA ESPAÑA,"FASE DE GRUPOS ""F""",CLASS BASQUET SANT ANTONI,20,N. ZIZIC,4.93333%,56.834%,True,1,MADERAS SORLI BENICARLO,False
COPA ESPAÑA,"FASE DE GRUPOS ""F""",CLASS BASQUET SANT ANTONI,99,I. RUIZ GONZALEZ,90.5333%,52.3064%,True,1,MADERAS SORLI BENICARLO,False
COPA ESPAÑA,"FASE DE GRUPOS ""F""",CLASS BASQUET SANT ANTONI,20,N. ZIZIC,92.2667%,40.8681%,False,1,MADERAS SORLI BENICARLO,False
COPA ESPAÑA,"FASE DE GRUPOS ""F""",CLASS BASQUET SANT ANTONI,4,G. BLAT BAEZA,6.86667%,59.0979%,False,1,MADERAS SORLI BENICARLO,False
COPA ESPAÑA,"FASE DE GRUPOS ""F""",CLASS BASQUET SANT ANTONI,19,S. PAZ VAZQUEZ,91.4%,47.0638%,True,1,MADERAS SORLI BENICARLO,False
COPA ESPAÑA,"FASE DE GRUPOS ""F""",CLASS BASQUET SANT ANTONI,19,S. PAZ VAZQUEZ,29.5333%,24.4255%,False,1,MADERAS SORLI BENICARLO,False
COPA ESPAÑA,"FASE DE GRUPOS ""F""",CLASS BASQUET SANT ANTONI,14,R. GOMEZ BARRAL,76.8%,8.93617%,False,1,MADERAS SORLI BENICARLO,False
COPA ESPAÑA,"FASE DE GRUPOS ""F""",CLASS BASQUET SANT ANTONI,99,I. RUIZ GONZALEZ,8.13333%,44.8%,False,1,MADERAS SORLI BENICARLO,False
COPA ESPAÑA,"FASE DE GRUPOS ""F""",CLASS BASQUET SANT ANTONI,99,I. RUIZ GONZALEZ,72.3333%,85.7872%,False,1,MADERAS SORLI BENICARLO,False
COPA ESPAÑA,"FASE DE GRUPOS ""F""",CLASS BASQUET SANT ANTONI,32,J. SOLARIN,32.8667%,62.0766%,False,1,MADERAS SORLI BENICARLO,False
COPA ESPAÑA,"FASE DE GRUPOS ""F""",CLASS BASQUET SANT ANTONI,4,G. BLAT BAEZA,65.5333%,76.7319%,False,1,MADERAS SORLI BENICARLO,False
COPA ESPAÑA,"FASE DE GRUPOS ""F""",CLASS BASQUET SANT ANTONI,17,E. STOILOV,93.1333%,59.8128%,False,1,MADERAS SORLI BENICARLO,False
COPA ESPAÑA,"FASE DE GRUPOS ""F""",CLASS BASQUET SANT ANTONI,20,N. ZIZIC,7%,56.3574%,True,1,MADERAS SORLI BENICARLO,False
COPA ESPAÑA,"FASE DE GRUPOS ""F""",CLASS BASQUET SANT ANTONI,99,I. RUIZ GONZALEZ,67.9333%,71.8468%,True,1,MADERAS SORLI BENICARLO,False
COPA ESPAÑA,"FASE DE GRUPOS ""F""",CLASS BASQUET SANT ANTONI,4,G. BLAT BAEZA,25.4%,12.5106%,False,1,MADERAS SORLI BENICARLO,False
COPA ESPAÑA,"FASE DE GRUPOS ""F""",CLASS BASQUET SANT ANTONI,11,M. ISSOUF,25.2%,58.9787%,False,1,MADERAS SORLI BENICARLO,False
COPA ESPAÑA,"FASE DE GRUPOS ""F""",CLASS BASQUET SANT ANTONI,9,J. RODRIGUEZ JIMENEZ,93.4667%,93.7702%,False,1,MADERAS SORLI BENICARLO,False
COPA ESPAÑA,"FASE DE GRUPOS ""F""",CLASS BASQUET SANT ANTONI,5,K. JOHNSON,33.0667%,57.0723%,True,1,MADERAS SORLI BENICARLO,False
COPA ESPAÑA,"FASE DE GRUPOS ""F""",CLASS BASQUET SANT ANTONI,4,G. BLAT BAEZA,74.0667%,10.8426%,True,1,MADERAS SORLI BENICARLO,False
COPA ESPAÑA,"FASE DE GRUPOS ""F""",CLASS BASQUET SANT ANTONI,17,E. STOILOV,6.06667%,46.3489%,False,1,MADERAS SORLI BENICARLO,False
COPA ESPAÑA,"FASE DE GRUPOS ""F""",CLASS BASQUET SANT ANTONI,5,K. JOHNSON,18.4%,56.7149%,False,1,MADERAS SORLI BENICARLO,False
COPA ESPAÑA,"FASE DE GRUPOS ""F""",CLASS BASQUET SANT ANTONI,4,G. BLAT BAEZA,16.3333%,93.2936%,False,1,MADERAS SORLI BENICARLO,False
COPA ESPAÑA,"FASE DE GRUPOS ""F""",CLASS BASQUET SANT ANTONI,19,S. PAZ VAZQUEZ,88.3333%,74.2298%,False,1,MADERAS SORLI BENICARLO,False
COPA ESPAÑA,"FASE DE GRUPOS ""F""",CLASS BASQUET SANT ANTONI,20,N. ZIZIC,90.9333%,56.9532%,False,1,MADERAS SORLI BENICARLO,False
COPA ESPAÑA,"FASE DE GRUPOS ""F""",CLASS BASQUET SANT ANTONI,14,R. GOMEZ BARRAL,32.6667%,28.3574%,True,1,MADERAS SORLI BENICARLO,False
COPA ESPAÑA,"FASE DE GRUPOS ""F""",CLASS BASQUET SANT ANTONI,19,S. PAZ VAZQUEZ,31.3333%,23.8298%,False,1,MADERAS SORLI BENICARLO,False
COPA ESPAÑA,"FASE DE GRUPOS ""F""",CLASS BASQUET SANT ANTONI,5,K. JOHNSON,66.2667%,38.366%,True,1,MADERAS SORLI BENICARLO,False
COPA ESPAÑA,"FASE DE GRUPOS ""F""",CLASS BASQUET SANT ANTONI,5,K. JOHNSON,26.2%,15.8468%,False,1,MADERAS SORLI BENICARLO,False
COPA ESPAÑA,"FASE DE GRUPOS ""F""",CLASS BASQUET SANT ANTONI,4,G. BLAT BAEZA,8.4%,43.4894%,False,1,MADERAS SORLI BENICARLO,False
COPA ESPAÑA,"FASE DE GRUPOS ""F""",CLASS BASQUET SANT ANTONI,14,R. GOMEZ BARRAL,67.9333%,71.8468%,False,1,MADERAS SORLI BENICARLO,False
COPA ESPAÑA,"FASE DE GRUPOS ""F""",CLASS BASQUET SANT ANTONI,5,K. JOHNSON,9.2%,52.6638%,True,1,MADERAS SORLI BENICARLO,False
COPA ESPAÑA,"FASE DE GRUPOS ""F""",CLASS BASQUET SANT ANTONI,5,K. JOHNSON,91.9333%,38.4851%,False,1,MADERAS SORLI BENICARLO,False
COPA ESPAÑA,"FASE DE GRUPOS ""F""",CLASS BASQUET SANT ANTONI,20,N. ZIZIC,88.8%,65.0553%,False,1,MADERAS SORLI BENICARLO,False
COPA ESPAÑA,"FASE DE GRUPOS ""F""",CLASS BASQUET SANT ANTONI,17,E. STOILOV,89.2%,41.9404%,True,1,MADERAS SORLI BENICARLO,False
COPA ESPAÑA,"FASE DE GRUPOS ""F""",CLASS BASQUET SANT ANTONI,5,K. JOHNSON,21.6667%,65.5319%,True,1,MADERAS SORLI BENICARLO,False
COPA ESPAÑA,"FASE DE GRUPOS ""F""",CLASS BASQUET SANT ANTONI,4,G. BLAT BAEZA,8.53333%,57.6681%,False,1,MADERAS SORLI BENICARLO,False
COPA ESPAÑA,"FASE DE GRUPOS ""F""",CLASS BASQUET SANT ANTONI,17,E. STOILOV,91.3333%,45.9915%,True,1,MADERAS SORLI BENICARLO,False
COPA ESPAÑA,"FASE DE GRUPOS ""F""",CLASS BASQUET SANT ANTONI,5,K. JOHNSON,92.2%,58.1447%,True,1,MADERAS SORLI BENICARLO,False
COPA ESPAÑA,"FASE DE GRUPOS ""F""",CLASS BASQUET SANT ANTONI,14,R. GOMEZ BARRAL,6.86667%,54.4511%,True,1,MADERAS SORLI BENICARLO,False
COPA ESPAÑA,"FASE DE GRUPOS ""F""",CLASS BASQUET SANT ANTONI,99,I. RUIZ GONZALEZ,88.6667%,93.2936%,False,1,MADERAS SORLI BENICARLO,False
COPA ESPAÑA,"FASE DE GRUPOS ""F""",CLASS BASQUET SANT ANTONI,4,G. BLAT BAEZA,4.6%,94.366%,True,1,MADERAS SORLI BENICARLO,False
COPA ESPAÑA,"FASE DE GRUPOS ""F""",CLASS BASQUET SANT ANTONI,14,R. GOMEZ BARRAL,17.7333%,93.6511%,False,1,MADERAS SORLI BENICARLO,False
COPA ESPAÑA,"FASE DE GRUPOS ""F""",CLASS BASQUET SANT ANTONI,4,G. BLAT BAEZA,69.4%,79.8298%,True,1,MADERAS SORLI BENICARLO,False
COPA ESPAÑA,"FASE DE GRUPOS ""F""",CLASS BASQUET SANT ANTONI,14,R. GOMEZ BARRAL,10.2667%,97.4638%,False,1,MADERAS SORLI BENICARLO,False
COPA ESPAÑA,"FASE DE GRUPOS ""F""",CLASS BASQUET SANT ANTONI,4,G. BLAT BAEZA,66.3333%,70.0596%,True,1,MADERAS SORLI BENICARLO,False
COPA ESPAÑA,"FASE DE GRUPOS ""F""",CLASS BASQUET SANT ANTONI,4,G. BLAT BAEZA,93.1333%,43.3702%,True,1,MADERAS SORLI BENICARLO,False
COPA ESPAÑA,"FASE DE GRUPOS ""F""",CLASS BASQUET SANT ANTONI,5,K. JOHNSON,69.2667%,22.4%,False,1,MADERAS SORLI BENICARLO,False
COPA ESPAÑA,"FASE DE GRUPOS ""F""",CLASS BASQUET SANT ANTONI,17,E. STOILOV,12.2667%,36.817%,True,1,MADERAS SORLI BENICARLO,False
COPA ESPAÑA,"FASE DE GRUPOS ""F""",CLASS BASQUET SANT ANTONI,32,J. SOLARIN,11.3333%,51.5915%,True,1,MADERAS SORLI BENICARLO,False
COPA ESPAÑA,"FASE DE GRUPOS ""F""",CLASS BASQUET SANT ANTONI,99,I. RUIZ GONZALEZ,93.1333%,59.8128%,False,1,MADERAS SORLI BENICARLO,False
COPA ESPAÑA,"FASE DE GRUPOS ""F""",CLASS BASQUET SANT ANTONI,19,S. PAZ VAZQUEZ,91.8%,47.8979%,True,1,MADERAS SORLI BENICARLO,False
COPA ESPAÑA,"FASE DE GRUPOS ""F""",CLASS BASQUET SANT ANTONI,5,K. JOHNSON,91.6%,52.9021%,True,1,MADERAS SORLI BENICARLO,False
COPA ESPAÑA,"FASE DE GRUPOS ""F""",CLASS BASQUET SANT ANTONI,19,S. PAZ VAZQUEZ,6.73333%,44.6809%,True,1,MADERAS SORLI BENICARLO,False
COPA ESPAÑA,"FASE DE GRUPOS ""F""",CLASS BASQUET SANT ANTONI,32,J. SOLARIN,65.0667%,56.1191%,False,1,MADERAS SORLI BENICARLO,False
COPA ESPAÑA,"FASE DE GRUPOS ""F""",CLASS BASQUET SANT ANTONI,4,G. BLAT BAEZA,92.8%,94.0085%,False,1,MADERAS SORLI BENICARLO,False
COPA ESPAÑA,"FASE DE GRUPOS ""F""",CLASS BASQUET SANT ANTONI,20,N. ZIZIC,67.9333%,71.8468%,False,1,MADERAS SORLI BENICARLO,False
COPA ESPAÑA,"FASE DE GRUPOS ""G""",CACERES PATRIMONIO DE LA HUMANIDAD,14,A. MAZAIRA GOMEZ,22.6339%,91.8777%,False,1,SPANISH BASKETBALL ACADEMY,True
COPA ESPAÑA,"FASE DE GRUPOS ""G""",CACERES PATRIMONIO DE LA HUMANIDAD,14,A. MAZAIRA GOMEZ,71.8152%,14.5798%,False,1,SPANISH BASKETBALL ACADEMY,True
COPA ESPAÑA,"FASE DE GRUPOS ""G""",CACERES PATRIMONIO DE LA HUMANIDAD,77,N. MARINA PARRA,23.6331%,89.7844%,False,1,SPANISH BASKETBALL ACADEMY,True
COPA ESPAÑA,"FASE DE GRUPOS ""G""",CACERES PATRIMONIO DE LA HUMANIDAD,7,W. LEVEQUE,85.8035%,51.0191%,False,1,SPANISH BASKETBALL ACADEMY,True
COPA ESPAÑA,"FASE DE GRUPOS ""G""",CACERES PATRIMONIO DE LA HUMANIDAD,24,A. LAFUENTE SISO,63.3777%,32.0241%,False,1,SPANISH BASKETBALL ACADEMY,True
COPA ESPAÑA,"FASE DE GRUPOS ""G""",CACERES PATRIMONIO DE LA HUMANIDAD,14,A. MAZAIRA GOMEZ,14.3075%,59.7025%,False,1,SPANISH BASKETBALL ACADEMY,True
COPA ESPAÑA,"FASE DE GRUPOS ""G""",CACERES PATRIMONIO DE LA HUMANIDAD,5,D. FOREMAN JR,33.0697%,75.6738%,True,1,SPANISH BASKETBALL ACADEMY,True
COPA ESPAÑA,"FASE DE GRUPOS ""G""",CACERES PATRIMONIO DE LA HUMANIDAD,5,D. FOREMAN JR,33.2917%,81.4886%,True,1,SPANISH BASKETBALL ACADEMY,True
COPA ESPAÑA,"FASE DE GRUPOS ""G""",CACERES PATRIMONIO DE LA HUMANIDAD,24,A. LAFUENTE SISO,29.295%,81.6437%,False,1,SPANISH BASKETBALL ACADEMY,True
COPA ESPAÑA,"FASE DE GRUPOS ""G""",CACERES PATRIMONIO DE LA HUMANIDAD,14,A. MAZAIRA GOMEZ,85.4704%,48.1505%,True,1,SPANISH BASKETBALL ACADEMY,True
COPA ESPAÑA,"FASE DE GRUPOS ""G""",CACERES PATRIMONIO DE LA HUMANIDAD,14,A. MAZAIRA GOMEZ,19.7474%,13.1842%,False,1,SPANISH BASKETBALL ACADEMY,True
COPA ESPAÑA,"FASE DE GRUPOS ""G""",CACERES PATRIMONIO DE LA HUMANIDAD,14,A. MAZAIRA GOMEZ,88.912%,93.0407%,False,1,SPANISH BASKETBALL ACADEMY,True
COPA ESPAÑA,"FASE DE GRUPOS ""G""",CACERES PATRIMONIO DE LA HUMANIDAD,24,A. LAFUENTE SISO,31.6264%,15.9753%,True,1,SPANISH BASKETBALL ACADEMY,True
COPA ESPAÑA,"FASE DE GRUPOS ""G""",CACERES PATRIMONIO DE LA HUMANIDAD,1,A. PALAZUELOS PEREZ,68.1515%,29.1555%,False,1,SPANISH BASKETBALL ACADEMY,True
COPA ESPAÑA,"FASE DE GRUPOS ""G""",CACERES PATRIMONIO DE LA HUMANIDAD,7,W. LEVEQUE,12.7533%,39.9322%,False,1,SPANISH BASKETBALL ACADEMY,True
COPA ESPAÑA,"FASE DE GRUPOS ""G""",CACERES PATRIMONIO DE LA HUMANIDAD,7,W. LEVEQUE,89.023%,45.9796%,False,1,SPANISH BASKETBALL ACADEMY,True
COPA ESPAÑA,"FASE DE GRUPOS ""G""",CACERES PATRIMONIO DE LA HUMANIDAD,7,W. LEVEQUE,12.0871%,39.7772%,True,1,SPANISH BASKETBALL ACADEMY,True
COPA ESPAÑA,"FASE DE GRUPOS ""G""",CACERES PATRIMONIO DE LA HUMANIDAD,7,W. LEVEQUE,89.2451%,45.9796%,True,1,SPANISH BASKETBALL ACADEMY,True
COPA ESPAÑA,"FASE DE GRUPOS ""G""",CACERES PATRIMONIO DE LA HUMANIDAD,7,W. LEVEQUE,87.6908%,51.1742%,True,1,SPANISH BASKETBALL ACADEMY,True
COPA ESPAÑA,"FASE DE GRUPOS ""G""",CACERES PATRIMONIO DE LA HUMANIDAD,1,A. PALAZUELOS PEREZ,28.4069%,89.3967%,False,1,SPANISH BASKETBALL ACADEMY,True
COPA ESPAÑA,"FASE DE GRUPOS ""G""",CACERES PATRIMONIO DE LA HUMANIDAD,14,A. MAZAIRA GOMEZ,15.6397%,45.0493%,True,1,SPANISH BASKETBALL ACADEMY,True
COPA ESPAÑA,"FASE DE GRUPOS ""G""",CACERES PATRIMONIO DE LA HUMANIDAD,21,M. STRIKKER,85.6925%,46.5999%,True,1,SPANISH BASKETBALL ACADEMY,True
COPA ESPAÑA,"FASE DE GRUPOS ""G""",CACERES PATRIMONIO DE LA HUMANIDAD,0,P. MENDES LIMA,71.038%,81.4111%,False,1,SPANISH BASKETBALL ACADEMY,True
COPA ESPAÑA,"FASE DE GRUPOS ""G""",CACERES PATRIMONIO DE LA HUMANIDAD,7,W. LEVEQUE,89.023%,45.9796%,True,1,SPANISH BASKETBALL ACADEMY,True
COPA ESPAÑA,"FASE DE GRUPOS ""G""",CACERES PATRIMONIO DE LA HUMANIDAD,1,A. PALAZUELOS PEREZ,15.5287%,61.6408%,False,1,SPANISH BASKETBALL ACADEMY,True
COPA ESPAÑA,"FASE DE GRUPOS ""G""",CACERES PATRIMONIO DE LA HUMANIDAD,0,P. MENDES LIMA,87.6908%,51.1742%,False,1,SPANISH BASKETBALL ACADEMY,True
COPA ESPAÑA,"FASE DE GRUPOS ""G""",CACERES PATRIMONIO DE LA HUMANIDAD,0,P. MENDES LIMA,89.4671%,48.5381%,True,1,SPANISH BASKETBALL ACADEMY,True
COPA ESPAÑA,"FASE DE GRUPOS ""G""",CACERES PATRIMONIO DE LA HUMANIDAD,5,D. FOREMAN JR,72.9253%,11.6336%,False,1,SPANISH BASKETBALL ACADEMY,True
COPA ESPAÑA,"FASE DE GRUPOS ""G""",CACERES PATRIMONIO DE LA HUMANIDAD,21,M. STRIKKER,76.589%,87.6135%,False,1,SPANISH BASKETBALL ACADEMY,True
COPA ESPAÑA,"FASE DE GRUPOS ""G""",CACERES PATRIMONIO DE LA HUMANIDAD,14,A. MAZAIRA GOMEZ,22.967%,46.1347%,False,1,SPANISH BASKETBALL ACADEMY,True
COPA ESPAÑA,"FASE DE GRUPOS ""G""",CACERES PATRIMONIO DE LA HUMANIDAD,1,A. PALAZUELOS PEREZ,17.9711%,75.8289%,False,1,SPANISH BASKETBALL ACADEMY,True
COPA ESPAÑA,"FASE DE GRUPOS ""G""",CACERES PATRIMONIO DE LA HUMANIDAD,7,W. LEVEQUE,15.5287%,54.663%,True,1,SPANISH BASKETBALL ACADEMY,True
COPA ESPAÑA,"FASE DE GRUPOS ""G""",CACERES PATRIMONIO DE LA HUMANIDAD,1,A. PALAZUELOS PEREZ,32.9586%,20.9373%,False,1,SPANISH BASKETBALL ACADEMY,True
COPA ESPAÑA,"FASE DE GRUPOS ""G""",CACERES PATRIMONIO DE LA HUMANIDAD,14,A. MAZAIRA GOMEZ,28.1848%,81.0234%,False,1,SPANISH BASKETBALL ACADEMY,True
COPA ESPAÑA,"FASE DE GRUPOS ""G""",CACERES PATRIMONIO DE LA HUMANIDAD,7,W. LEVEQUE,12.3092%,41.0952%,True,1,SPANISH BASKETBALL ACADEMY,True
COPA ESPAÑA,"FASE DE GRUPOS ""G""",CACERES PATRIMONIO DE LA HUMANIDAD,24,A. LAFUENTE SISO,27.9628%,21.7126%,False,1,SPANISH BASKETBALL ACADEMY,True
COPA ESPAÑA,"FASE DE GRUPOS ""G""",CACERES PATRIMONIO DE LA HUMANIDAD,24,A. LAFUENTE SISO,19.1923%,7.05929%,True,1,SPANISH BASKETBALL ACADEMY,True
COPA ESPAÑA,"FASE DE GRUPOS ""G""",CACERES PATRIMONIO DE LA HUMANIDAD,7,W. LEVEQUE,89.6891%,55.2833%,True,1,SPANISH BASKETBALL ACADEMY,True
COPA ESPAÑA,"FASE DE GRUPOS ""G""",CACERES PATRIMONIO DE LA HUMANIDAD,1,A. PALAZUELOS PEREZ,36.0672%,48.5381%,False,1,SPANISH BASKETBALL ACADEMY,True
COPA ESPAÑA,"FASE DE GRUPOS ""G""",CACERES PATRIMONIO DE LA HUMANIDAD,1,A. PALAZUELOS PEREZ,89.3561%,5.8188%,True,1,SPANISH BASKETBALL ACADEMY,True
COPA ESPAÑA,"FASE DE GRUPOS ""G""",CACERES PATRIMONIO DE LA HUMANIDAD,21,M. STRIKKER,12.3092%,45.0493%,True,1,SPANISH BASKETBALL ACADEMY,True
COPA ESPAÑA,"FASE DE GRUPOS ""G""",CACERES PATRIMONIO DE LA HUMANIDAD,14,A. MAZAIRA GOMEZ,13.6414%,72.34%,False,1,SPANISH BASKETBALL ACADEMY,True
COPA ESPAÑA,"FASE DE GRUPOS ""G""",CACERES PATRIMONIO DE LA HUMANIDAD,24,A. LAFUENTE SISO,29.8501%,16.2854%,False,1,SPANISH BASKETBALL ACADEMY,True
COPA ESPAÑA,"FASE DE GRUPOS ""G""",CACERES PATRIMONIO DE LA HUMANIDAD,5,D. FOREMAN JR,23.6331%,89.7844%,True,1,SPANISH BASKETBALL ACADEMY,True
COPA ESPAÑA,"FASE DE GRUPOS ""G""",CACERES PATRIMONIO DE LA HUMANIDAD,14,A. MAZAIRA GOMEZ,91.5765%,90.9473%,False,1,SPANISH BASKETBALL ACADEMY,True
COPA ESPAÑA,"FASE DE GRUPOS ""G""",CACERES PATRIMONIO DE LA HUMANIDAD,1,A. PALAZUELOS PEREZ,15.4177%,45.3594%,True,1,SPANISH BASKETBALL ACADEMY,True
COPA ESPAÑA,"FASE DE GRUPOS ""G""",CACERES PATRIMONIO DE LA HUMANIDAD,1,A. PALAZUELOS PEREZ,86.8027%,7.602%,True,1,SPANISH BASKETBALL ACADEMY,True
COPA ESPAÑA,"FASE DE GRUPOS ""G""",CACERES PATRIMONIO DE LA HUMANIDAD,21,M. STRIKKER,15.6397%,6.05139%,False,1,SPANISH BASKETBALL ACADEMY,True
COPA ESPAÑA,"FASE DE GRUPOS ""G""",CACERES PATRIMONIO DE LA HUMANIDAD,14,A. MAZAIRA GOMEZ,28.0738%,87.3034%,True,1,SPANISH BASKETBALL ACADEMY,True
COPA ESPAÑA,"FASE DE GRUPOS ""G""",CACERES PATRIMONIO DE LA HUMANIDAD,21,M. STRIKKER,89.6891%,55.2833%,False,1,SPANISH BASKETBALL ACADEMY,True
COPA ESPAÑA,"FASE DE GRUPOS ""G""",CACERES PATRIMONIO DE LA HUMANIDAD,14,A. MAZAIRA GOMEZ,10.7549%,51.5618%,False,1,SPANISH BASKETBALL ACADEMY,True
COPA ESPAÑA,"FASE DE GRUPOS ""G""",CACERES PATRIMONIO DE LA HUMANIDAD,1,A. PALAZUELOS PEREZ,66.3752%,54.1203%,False,1,SPANISH BASKETBALL ACADEMY,True
COPA ESPAÑA,"FASE DE GRUPOS ""G""",CACERES PATRIMONIO DE LA HUMANIDAD,0,P. MENDES LIMA,9.75576%,47.9179%,False,1,SPANISH BASKETBALL ACADEMY,True
COPA ESPAÑA,"FASE DE GRUPOS ""G""",CACERES PATRIMONIO DE LA HUMANIDAD,0,P. MENDES LIMA,13.6414%,49.8562%,True,1,SPANISH BASKETBALL ACADEMY,True
COPA ESPAÑA,"FASE DE GRUPOS ""G""",CACERES PATRIMONIO DE LA HUMANIDAD,24,A. LAFUENTE SISO,12.0871%,46.5223%,True,1,SPANISH BASKETBALL ACADEMY,True
COPA ESPAÑA,"FASE DE GRUPOS ""G""",CACERES PATRIMONIO DE LA HUMANIDAD,24,A. LAFUENTE SISO,84.1382%,47.7628%,False,1,SPANISH BASKETBALL ACADEMY,True
COPA ESPAÑA,"FASE DE GRUPOS ""G""",CACERES PATRIMONIO DE LA HUMANIDAD,14,A. MAZAIRA GOMEZ,81.3628%,95.7542%,True,1,SPANISH BASKETBALL ACADEMY,True
COPA ESPAÑA,"FASE DE GRUPOS ""G""",CACERES PATRIMONIO DE LA HUMANIDAD,0,P. MENDES LIMA,80.4746%,51.1742%,True,1,SPANISH BASKETBALL ACADEMY,True
COPA ESPAÑA,"FASE DE GRUPOS ""G""",CACERES PATRIMONIO DE LA HUMANIDAD,21,M. STRIKKER,14.3075%,46.2122%,False,1,SPANISH BASKETBALL ACADEMY,True
COPA ESPAÑA,"FASE DE GRUPOS ""G""",CACERES PATRIMONIO DE LA HUMANIDAD,5,D. FOREMAN JR,89.4671%,52.8023%,True,1,SPANISH BASKETBALL ACADEMY,True
COPA ESPAÑA,"FASE DE GRUPOS ""G""",CACERES PATRIMONIO DE LA HUMANIDAD,5,D. FOREMAN JR,27.8518%,82.574%,False,1,SPANISH BASKETBALL ACADEMY,True
COPA ESPAÑA,"FASE DE GRUPOS ""G""",CACERES PATRIMONIO DE LA HUMANIDAD,14,A. MAZAIRA GOMEZ,89.4671%,45.592%,True,1,SPANISH BASKETBALL ACADEMY,True
COPA ESPAÑA,"FASE DE GRUPOS ""G""",CACERES PATRIMONIO DE LA HUMANIDAD,1,A. PALAZUELOS PEREZ,91.5765%,93.1182%,False,1,SPANISH BASKETBALL ACADEMY,True
COPA ESPAÑA,"FASE DE GRUPOS ""G""",CACERES PATRIMONIO DE LA HUMANIDAD,7,W. LEVEQUE,89.023%,45.9796%,False,1,SPANISH BASKETBALL ACADEMY,True
COPA ESPAÑA,"FASE DE GRUPOS ""G""",CACERES PATRIMONIO DE LA HUMANIDAD,0,P. MENDES LIMA,21.6347%,90.7923%,False,1,SPANISH BASKETBALL ACADEMY,True
COPA ESPAÑA,"FASE DE GRUPOS ""G""",SPANISH BASKETBALL ACADEMY,33,D. SIMEUNOVIC,11.088%,15.5101%,True,1,CACERES PATRIMONIO DE LA HUMANIDAD,False
COPA ESPAÑA,"FASE DE GRUPOS ""G""",SPANISH BASKETBALL ACADEMY,99,R. GARCIA SALAME,86.8027%,46.1347%,True,1,CACERES PATRIMONIO DE LA HUMANIDAD,False
COPA ESPAÑA,"FASE DE GRUPOS ""G""",SPANISH BASKETBALL ACADEMY,6,J. PUIDET,11.9761%,47.3752%,True,1,CACERES PATRIMONIO DE LA HUMANIDAD,False
COPA ESPAÑA,"FASE DE GRUPOS ""G""",SPANISH BASKETBALL ACADEMY,19,L. SAVIKJEVIKJ,67.3744%,23.4958%,True,1,CACERES PATRIMONIO DE LA HUMANIDAD,False
COPA ESPAÑA,"FASE DE GRUPOS ""G""",SPANISH BASKETBALL ACADEMY,2,E. ARQUES LOPEZ,87.6908%,46.91%,False,1,CACERES PATRIMONIO DE LA HUMANIDAD,False
COPA ESPAÑA,"FASE DE GRUPOS ""G""",SPANISH BASKETBALL ACADEMY,33,D. SIMEUNOVIC,33.5137%,65.5949%,False,1,CACERES PATRIMONIO DE LA HUMANIDAD,False
COPA ESPAÑA,"FASE DE GRUPOS ""G""",SPANISH BASKETBALL ACADEMY,21,A. MORENO TRUJILLO,26.5196%,11.3235%,False,1,CACERES PATRIMONIO DE LA HUMANIDAD,False
COPA ESPAÑA,"FASE DE GRUPOS ""G""",SPANISH BASKETBALL ACADEMY,7,S. TRAORE,36.6223%,49.4685%,True,1,CACERES PATRIMONIO DE LA HUMANIDAD,False
COPA ESPAÑA,"FASE DE GRUPOS ""G""",SPANISH BASKETBALL ACADEMY,21,A. MORENO TRUJILLO,71.5931%,16.518%,True,1,CACERES PATRIMONIO DE LA HUMANIDAD,False
COPA ESPAÑA,"FASE DE GRUPOS ""G""",SPANISH BASKETBALL ACADEMY,19,L. SAVIKJEVIKJ,16.861%,47.6853%,False,1,CACERES PATRIMONIO DE LA HUMANIDAD,False
COPA ESPAÑA,"FASE DE GRUPOS ""G""",SPANISH BASKETBALL ACADEMY,2,E. ARQUES LOPEZ,86.0255%,63.9667%,False,1,CACERES PATRIMONIO DE LA HUMANIDAD,False
COPA ESPAÑA,"FASE DE GRUPOS ""G""",SPANISH BASKETBALL ACADEMY,19,L. SAVIKJEVIKJ,70.816%,21.0148%,False,1,CACERES PATRIMONIO DE LA HUMANIDAD,False
COPA ESPAÑA,"FASE DE GRUPOS ""G""",SPANISH BASKETBALL ACADEMY,33,D. SIMEUNOVIC,87.0247%,46.7549%,True,1,CACERES PATRIMONIO DE LA HUMANIDAD,False
COPA ESPAÑA,"FASE DE GRUPOS ""G""",SPANISH BASKETBALL ACADEMY,21,A. MORENO TRUJILLO,22.1898%,95.5992%,False,1,CACERES PATRIMONIO DE LA HUMANIDAD,False
COPA ESPAÑA,"FASE DE GRUPOS ""G""",SPANISH BASKETBALL ACADEMY,33,D. SIMEUNOVIC,90.6883%,48.5381%,True,1,CACERES PATRIMONIO DE LA HUMANIDAD,False
COPA ESPAÑA,"FASE DE GRUPOS ""G""",SPANISH BASKETBALL ACADEMY,33,D. SIMEUNOVIC,10.0888%,45.3594%,True,1,CACERES PATRIMONIO DE LA HUMANIDAD,False
COPA ESPAÑA,"FASE DE GRUPOS ""G""",SPANISH BASKETBALL ACADEMY,99,R. GARCIA SALAME,34.5129%,33.4197%,False,1,CACERES PATRIMONIO DE LA HUMANIDAD,False
COPA ESPAÑA,"FASE DE GRUPOS ""G""",SPANISH BASKETBALL ACADEMY,33,D. SIMEUNOVIC,14.0855%,25.434%,False,1,CACERES PATRIMONIO DE LA HUMANIDAD,False
COPA ESPAÑA,"FASE DE GRUPOS ""G""",SPANISH BASKETBALL ACADEMY,33,D. SIMEUNOVIC,15.3067%,90.7148%,False,1,CACERES PATRIMONIO DE LA HUMANIDAD,False
COPA ESPAÑA,"FASE DE GRUPOS ""G""",SPANISH BASKETBALL ACADEMY,33,D. SIMEUNOVIC,10.8659%,47.9179%,True,1,CACERES PATRIMONIO DE LA HUMANIDAD,False
COPA ESPAÑA,"FASE DE GRUPOS ""G""",SPANISH BASKETBALL ACADEMY,21,A. MORENO TRUJILLO,10.977%,42.7233%,True,1,CACERES PATRIMONIO DE LA HUMANIDAD,False
COPA ESPAÑA,"FASE DE GRUPOS ""G""",SPANISH BASKETBALL ACADEMY,33,D. SIMEUNOVIC,89.6891%,28.6903%,False,1,CACERES PATRIMONIO DE LA HUMANIDAD,False
COPA ESPAÑA,"FASE DE GRUPOS ""G""",SPANISH BASKETBALL ACADEMY,99,R. GARCIA SALAME,38.1765%,46.91%,False,1,CACERES PATRIMONIO DE LA HUMANIDAD,False
COPA ESPAÑA,"FASE DE GRUPOS ""G""",SPANISH BASKETBALL ACADEMY,6,J. PUIDET,72.8143%,83.3493%,False,1,CACERES PATRIMONIO DE LA HUMANIDAD,False
COPA ESPAÑA,"FASE DE GRUPOS ""G""",SPANISH BASKETBALL ACADEMY,6,J. PUIDET,66.5973%,50.0887%,True,1,CACERES PATRIMONIO DE LA HUMANIDAD,False
COPA ESPAÑA,"FASE DE GRUPOS ""G""",SPANISH BASKETBALL ACADEMY,19,L. SAVIKJEVIKJ,18.6372%,46.3673%,True,1,CACERES PATRIMONIO DE LA HUMANIDAD,False
COPA ESPAÑA,"FASE DE GRUPOS ""G""",SPANISH BASKETBALL ACADEMY,33,D. SIMEUNOVIC,75.2567%,88.0012%,False,1,CACERES PATRIMONIO DE LA HUMANIDAD,False
COPA ESPAÑA,"FASE DE GRUPOS ""G""",SPANISH BASKETBALL ACADEMY,33,D. SIMEUNOVIC,10.7549%,46.3673%,True,1,CACERES PATRIMONIO DE LA HUMANIDAD,False
COPA ESPAÑA,"FASE DE GRUPOS ""G""",SPANISH BASKETBALL ACADEMY,2,E. ARQUES LOPEZ,65.5981%,42.4907%,False,1,CACERES PATRIMONIO DE LA HUMANIDAD,False
COPA ESPAÑA,"FASE DE GRUPOS ""G""",SPANISH BASKETBALL ACADEMY,6,J. PUIDET,89.8002%,95.9868%,False,1,CACERES PATRIMONIO DE LA HUMANIDAD,False
COPA ESPAÑA,"FASE DE GRUPOS ""G""",SPANISH BASKETBALL ACADEMY,6,J. PUIDET,67.1524%,71.7973%,False,1,CACERES PATRIMONIO DE LA HUMANIDAD,False
COPA ESPAÑA,"FASE DE GRUPOS ""G""",SPANISH BASKETBALL ACADEMY,6,J. PUIDET,79.1424%,89.2417%,False,1,CACERES PATRIMONIO DE LA HUMANIDAD,False
COPA ESPAÑA,"FASE DE GRUPOS ""G""",SPANISH BASKETBALL ACADEMY,7,S. TRAORE,86.3586%,47.3752%,True,1,CACERES PATRIMONIO DE LA HUMANIDAD,False
COPA ESPAÑA,"FASE DE GRUPOS ""G""",SPANISH BASKETBALL ACADEMY,99,R. GARCIA SALAME,33.4027%,47.1426%,False,1,CACERES PATRIMONIO DE LA HUMANIDAD,False
COPA ESPAÑA,"FASE DE GRUPOS ""G""",SPANISH BASKETBALL ACADEMY,21,A. MORENO TRUJILLO,87.2467%,95.9868%,True,1,CACERES PATRIMONIO DE LA HUMANIDAD,False
COPA ESPAÑA,"FASE DE GRUPOS ""G""",SPANISH BASKETBALL ACADEMY,99,R. GARCIA SALAME,18.5262%,29.3106%,False,1,CACERES PATRIMONIO DE LA HUMANIDAD,False
COPA ESPAÑA,"FASE DE GRUPOS ""G""",SPANISH BASKETBALL ACADEMY,2,E. ARQUES LOPEZ,92.6867%,46.91%,True,1,CACERES PATRIMONIO DE LA HUMANIDAD,False
COPA ESPAÑA,"FASE DE GRUPOS ""G""",SPANISH BASKETBALL ACADEMY,21,A. MORENO TRUJILLO,25.4094%,49.6236%,False,1,CACERES PATRIMONIO DE LA HUMANIDAD,False
COPA ESPAÑA,"FASE DE GRUPOS ""G""",SPANISH BASKETBALL ACADEMY,33,D. SIMEUNOVIC,89.8002%,45.9796%,True,1,CACERES PATRIMONIO DE LA HUMANIDAD,False
COPA ESPAÑA,"FASE DE GRUPOS ""G""",SPANISH BASKETBALL ACADEMY,15,J. SANTANO BARTOLOME,14.8626%,40.1648%,True,1,CACERES PATRIMONIO DE LA HUMANIDAD,False
COPA ESPAÑA,"FASE DE GRUPOS ""G""",SPANISH BASKETBALL ACADEMY,1,J. ORTEGA MORA,29.5171%,79.5503%,True,1,CACERES PATRIMONIO DE LA HUMANIDAD,False
COPA ESPAÑA,"FASE DE GRUPOS ""G""",SPANISH BASKETBALL ACADEMY,21,A. MORENO TRUJILLO,84.9153%,93.1182%,False,1,CACERES PATRIMONIO DE LA HUMANIDAD,False
COPA ESPAÑA,"FASE DE GRUPOS ""G""",SPANISH BASKETBALL ACADEMY,2,E. ARQUES LOPEZ,12.0871%,49.3134%,True,1,CACERES PATRIMONIO DE LA HUMANIDAD,False
COPA ESPAÑA,"FASE DE GRUPOS ""G""",SPANISH BASKETBALL ACADEMY,6,J. PUIDET,71.5931%,23.3407%,False,1,CACERES PATRIMONIO DE LA HUMANIDAD,False
COPA ESPAÑA,"FASE DE GRUPOS ""G""",SPANISH BASKETBALL ACADEMY,99,R. GARCIA SALAME,34.1798%,42.7233%,False,1,CACERES PATRIMONIO DE LA HUMANIDAD,False
COPA ESPAÑA,"FASE DE GRUPOS ""G""",SPANISH BASKETBALL ACADEMY,33,D. SIMEUNOVIC,10.6439%,47.6853%,True,1,CACERES PATRIMONIO DE LA HUMANIDAD,False
COPA ESPAÑA,"FASE DE GRUPOS ""G""",SPANISH BASKETBALL ACADEMY,33,D. SIMEUNOVIC,17.5271%,82.9617%,False,1,CACERES PATRIMONIO DE LA HUMANIDAD,False
COPA ESPAÑA,"FASE DE GRUPOS ""G""",SPANISH BASKETBALL ACADEMY,21,A. MORENO TRUJILLO,89.9112%,55.5159%,False,1,CACERES PATRIMONIO DE LA HUMANIDAD,False
COPA ESPAÑA,"FASE DE GRUPOS ""G""",SPANISH BASKETBALL ACADEMY,6,J. PUIDET,29.5171%,13.4168%,False,1,CACERES PATRIMONIO DE LA HUMANIDAD,False
COPA ESPAÑA,"FASE DE GRUPOS ""G""",SPANISH BASKETBALL ACADEMY,33,D. SIMEUNOVIC,89.2451%,46.91%,True,1,CACERES PATRIMONIO DE LA HUMANIDAD,False
COPA ESPAÑA,"FASE DE GRUPOS ""G""",SPANISH BASKETBALL ACADEMY,21,A. MORENO TRUJILLO,39.6198%,67.9208%,False,1,CACERES PATRIMONIO DE LA HUMANIDAD,False
COPA ESPAÑA,"FASE DE GRUPOS ""G""",SPANISH BASKETBALL ACADEMY,2,E. ARQUES LOPEZ,89.9112%,96.1419%,True,1,CACERES PATRIMONIO DE LA HUMANIDAD,False
COPA ESPAÑA,"FASE DE GRUPOS ""G""",SPANISH BASKETBALL ACADEMY,15,J. SANTANO BARTOLOME,85.4704%,7.602%,False,1,CACERES PATRIMONIO DE LA HUMANIDAD,False
COPA ESPAÑA,"FASE DE GRUPOS ""G""",SPANISH BASKETBALL ACADEMY,21,A. MORENO TRUJILLO,14.1965%,84.2022%,False,1,CACERES PATRIMONIO DE LA HUMANIDAD,False
COPA ESPAÑA,"FASE DE GRUPOS ""G""",SPANISH BASKETBALL ACADEMY,19,L. SAVIKJEVIKJ,28.2959%,75.9839%,True,1,CACERES PATRIMONIO DE LA HUMANIDAD,False
COPA ESPAÑA,"FASE DE GRUPOS ""G""",SPANISH BASKETBALL ACADEMY,21,A. MORENO TRUJILLO,12.9753%,51.2517%,False,1,CACERES PATRIMONIO DE LA HUMANIDAD,False
COPA ESPAÑA,"FASE DE GRUPOS ""G""",SPANISH BASKETBALL ACADEMY,6,J. PUIDET,85.1374%,6.05139%,False,1,CACERES PATRIMONIO DE LA HUMANIDAD,False
COPA ESPAÑA,"FASE DE GRUPOS ""G""",SPANISH BASKETBALL ACADEMY,21,A. MORENO TRUJILLO,10.6439%,42.6458%,True,1,CACERES PATRIMONIO DE LA HUMANIDAD,False
COPA ESPAÑA,"FASE DE GRUPOS ""G""",SPANISH BASKETBALL ACADEMY,2,E. ARQUES LOPEZ,12.7533%,48.8483%,False,1,CACERES PATRIMONIO DE LA HUMANIDAD,False
COPA ESPAÑA,"FASE DE GRUPOS ""G""",SPANISH BASKETBALL ACADEMY,6,J. PUIDET,85.5815%,52.5697%,True,1,CACERES PATRIMONIO DE LA HUMANIDAD,False
COPA ESPAÑA,"FASE DE GRUPOS ""G""",SPANISH BASKETBALL ACADEMY,99,R. GARCIA SALAME,27.8518%,32.4118%,False,1,CACERES PATRIMONIO DE LA HUMANIDAD,False
COPA ESPAÑA,"FASE DE GRUPOS ""G""",SPANISH BASKETBALL ACADEMY,33,D. SIMEUNOVIC,10.0888%,31.4039%,False,1,CACERES PATRIMONIO DE LA HUMANIDAD,False
COPA ESPAÑA,"FASE DE GRUPOS ""G""",SPANISH BASKETBALL ACADEMY,21,A. MORENO TRUJILLO,37.7324%,63.0363%,False,1,CACERES PATRIMONIO DE LA HUMANIDAD,False
COPA ESPAÑA,"FASE DE GRUPOS ""G""",SPANISH BASKETBALL ACADEMY,21,A. MORENO TRUJILLO,36.6223%,49.4685%,False,1,CACERES PATRIMONIO DE LA HUMANIDAD,False
COPA ESPAÑA,"FASE DE GRUPOS ""G""",SPANISH BASKETBALL ACADEMY,33,D. SIMEUNOVIC,73.0364%,17.9136%,False,1,CACERES PATRIMONIO DE LA HUMANIDAD,False
COPA ESPAÑA,"FASE DE GRUPOS ""G""",SPANISH BASKETBALL ACADEMY,2,E. ARQUES LOPEZ,14.7516%,44.6616%,False,1,CACERES PATRIMONIO DE LA HUMANIDAD,False
COPA ESPAÑA,"FASE DE GRUPOS ""G""",SPANISH BASKETBALL ACADEMY,6,J. PUIDET,87.4688%,36.2883%,True,1,CACERES PATRIMONIO DE LA HUMANIDAD,False
COPA ESPAÑA,"FASE DE GRUPOS ""G""",SPANISH BASKETBALL ACADEMY,21,A. MORENO TRUJILLO,34.1798%,64.9746%,True,1,CACERES PATRIMONIO DE LA HUMANIDAD,False
