league,group,team,player_number,player_name,left,top,success,game_index,rival,home
L.F.-2,"Liga Regular ""B""",HORBISA SPIRIT GREENKW BARAKALDO,11,C. BIEG SALAZAR,30.0423%,72.9766%,False,1,TALENOM BOET MATARÓ,True
L.F.-2,"Liga Regular ""B""",HORBISA SPIRIT GREENKW BARAKALDO,0,E. MAGUIRE,6.69958%,36.1732%,True,1,TALENOM BOET MATARÓ,True
L.F.-2,"Liga Regular ""B""",HORBISA SPIRIT GREENKW BARAKALDO,10,I. TOMAS BONET,24.4006%,9.95709%,True,1,TALENOM BOET MATARÓ,True
L.F.-2,"Liga Regular ""B""",HORBISA SPIRIT GREENKW BARAKALDO,0,E. MAGUIRE,70.5219%,70.3298%,False,1,TALENOM BOET MATARÓ,True
L.F.-2,"Liga Regular ""B""",HORBISA SPIRIT GREENKW BARAKALDO,0,E. MAGUIRE,6.91114%,95.2855%,False,1,TALENOM BOET MATARÓ,True
L.F.-2,"Liga Regular ""B""",HORBISA SPIRIT GREENKW BARAKALDO,2,A. BARNEDA DE SANTOS,82.0169%,52.6843%,False,1,TALENOM BOET MATARÓ,True
L.F.-2,"Liga Regular ""B""",HORBISA SPIRIT GREENKW BARAKALDO,16,P. GARCIA GARCIA,16.4316%,94.6553%,False,1,TALENOM BOET MATARÓ,True
L.F.-2,"Liga Regular ""B""",HORBISA SPIRIT GREENKW BARAKALDO,0,E. MAGUIRE,5.99436%,6.68007%,True,1,TALENOM BOET MATARÓ,True
L.F.-2,"Liga Regular ""B""",HORBISA SPIRIT GREENKW BARAKALDO,77,M. DIOP,15.8674%,55.4572%,False,1,TALENOM BOET MATARÓ,True
L.F.-2,"Liga Regular ""B""",HORBISA SPIRIT GREENKW BARAKALDO,12,C. CARRAL MAZA,6.91114%,59.2384%,True,1,TALENOM BOET MATARÓ,True
L.F.-2,"Liga Regular ""B""",HORBISA SPIRIT GREENKW BARAKALDO,77,M. DIOP,8.11001%,60.6248%,True,1,TALENOM BOET MATARÓ,True
L.F.-2,"Liga Regular ""B""",HORBISA SPIRIT GREENKW BARAKALDO,16,P. GARCIA GARCIA,91.7489%,52.5583%,False,1,TALENOM BOET MATARÓ,True
L.F.-2,"Liga Regular ""B""",HORBISA SPIRIT GREENKW BARAKALDO,16,P. GARCIA GARCIA,14.8096%,60.1206%,False,1,TALENOM BOET MATARÓ,True
L.F.-2,"Liga Regular ""B""",HORBISA SPIRIT GREENKW BARAKALDO,0,E. MAGUIRE,66.079%,48.0209%,False,1,TALENOM BOET MATARÓ,True
L.F.-2,"Liga Regular ""B""",HORBISA SPIRIT GREENKW BARAKALDO,16,P. GARCIA GARCIA,83.4274%,93.0168%,False,1,TALENOM BOET MATARÓ,True
L.F.-2,"Liga Regular ""B""",HORBISA SPIRIT GREENKW BARAKALDO,16,P. GARCIA GARCIA,93.3004%,61.7591%,False,1,TALENOM BOET MATARÓ,True
L.F.-2,"Liga Regular ""B""",HORBISA SPIRIT GREENKW BARAKALDO,16,P. GARCIA GARCIA,18.3357%,54.3228%,True,1,TALENOM BOET MATARÓ,True
L.F.-2,"Liga Regular ""B""",HORBISA SPIRIT GREENKW BARAKALDO,77,M. DIOP,5.99436%,20.9225%,False,1,TALENOM BOET MATARÓ,True
L.F.-2,"Liga Regular ""B""",HORBISA SPIRIT GREENKW BARAKALDO,8,A. MOYANO MEDINA,24.189%,86.3368%,False,1,TALENOM BOET MATARÓ,True
L.F.-2,"Liga Regular ""B""",HORBISA SPIRIT GREENKW BARAKALDO,77,M. DIOP,87.5882%,48.0209%,False,1,TALENOM BOET MATARÓ,True
L.F.-2,"Liga Regular ""B""",HORBISA SPIRIT GREENKW BARAKALDO,0,E. MAGUIRE,89.9154%,92.6387%,False,1,TALENOM BOET MATARÓ,True
L.F.-2,"Liga Regular ""B""",HORBISA SPIRIT GREENKW BARAKALDO,12,C. CARRAL MAZA,72.6375%,17.2674%,False,1,TALENOM BOET MATARÓ,True
L.F.-2,"Liga Regular ""B""",HORBISA SPIRIT GREENKW BARAKALDO,2,A. BARNEDA DE SANTOS,24.189%,68.1871%,False,1,TALENOM BOET MATARÓ,True
L.F.-2,"Liga Regular ""B""",HORBISA SPIRIT GREENKW BARAKALDO,16,P. GARCIA GARCIA,6.98166%,46.0043%,True,1,TALENOM BOET MATARÓ,True
L.F.-2,"Liga Regular ""B""",HORBISA SPIRIT GREENKW BARAKALDO,77,M. DIOP,94.5698%,74.3631%,False,1,TALENOM BOET MATARÓ,True
L.F.-2,"Liga Regular ""B""",HORBISA SPIRIT GREENKW BARAKALDO,10,I. TOMAS BONET,94.2172%,34.0306%,False,1,TALENOM BOET MATARÓ,True
L.F.-2,"Liga Regular ""B""",HORBISA SPIRIT GREENKW BARAKALDO,8,A. MOYANO MEDINA,90.7616%,39.9544%,False,1,TALENOM BOET MATARÓ,True
L.F.-2,"Liga Regular ""B""",HORBISA SPIRIT GREENKW BARAKALDO,77,M. DIOP,76.9394%,35.1649%,False,1,TALENOM BOET MATARÓ,True
L.F.-2,"Liga Regular ""B""",HORBISA SPIRIT GREENKW BARAKALDO,10,I. TOMAS BONET,92.1016%,56.8436%,True,1,TALENOM BOET MATARÓ,True
L.F.-2,"Liga Regular ""B""",HORBISA SPIRIT GREENKW BARAKALDO,0,E. MAGUIRE,6.84062%,40.7106%,True,1,TALENOM BOET MATARÓ,True
L.F.-2,"Liga Regular ""B""",HORBISA SPIRIT GREENKW BARAKALDO,25,A. DIAW,88.4344%,50.4156%,False,1,TALENOM BOET MATARÓ,True
L.F.-2,"Liga Regular ""B""",HORBISA SPIRIT GREENKW BARAKALDO,10,I. TOMAS BONET,94.0762%,59.8686%,True,1,TALENOM BOET MATARÓ,True
L.F.-2,"Liga Regular ""B""",HORBISA SPIRIT GREENKW BARAKALDO,25,A. DIAW,73.1312%,42.7272%,False,1,TALENOM BOET MATARÓ,True
L.F.-2,"Liga Regular ""B""",HORBISA SPIRIT GREENKW BARAKALDO,12,C. CARRAL MAZA,8.25106%,39.7023%,True,1,TALENOM BOET MATARÓ,True
L.F.-2,"Liga Regular ""B""",HORBISA SPIRIT GREENKW BARAKALDO,16,P. GARCIA GARCIA,87.7997%,49.4073%,True,1,TALENOM BOET MATARÓ,True
L.F.-2,"Liga Regular ""B""",HORBISA SPIRIT GREENKW BARAKALDO,12,C. CARRAL MAZA,85.6135%,35.9211%,False,1,TALENOM BOET MATARÓ,True
L.F.-2,"Liga Regular ""B""",HORBISA SPIRIT GREENKW BARAKALDO,77,M. DIOP,94.1467%,57.7259%,True,1,TALENOM BOET MATARÓ,True
L.F.-2,"Liga Regular ""B""",HORBISA SPIRIT GREENKW BARAKALDO,8,A. MOYANO MEDINA,72.4965%,79.9088%,False,1,TALENOM BOET MATARÓ,True
L.F.-2,"Liga Regular ""B""",HORBISA SPIRIT GREENKW BARAKALDO,77,M. DIOP,84.1326%,43.7356%,False,1,TALENOM BOET MATARÓ,True
L.F.-2,"Liga Regular ""B""",HORBISA SPIRIT GREENKW BARAKALDO,11,C. BIEG SALAZAR,20.5219%,6.42799%,False,1,TALENOM BOET MATARÓ,True
L.F.-2,"Liga Regular ""B""",HORBISA SPIRIT GREENKW BARAKALDO,77,M. DIOP,90.3385%,40.5846%,False,1,TALENOM BOET MATARÓ,True
L.F.-2,"Liga Regular ""B""",HORBISA SPIRIT GREENKW BARAKALDO,12,C. CARRAL MAZA,93.0889%,93.647%,False,1,TALENOM BOET MATARÓ,True
L.F.-2,"Liga Regular ""B""",HORBISA SPIRIT GREENKW BARAKALDO,12,C. CARRAL MAZA,81.9464%,48.525%,False,1,TALENOM BOET MATARÓ,True
L.F.-2,"Liga Regular ""B""",HORBISA SPIRIT GREENKW BARAKALDO,0,E. MAGUIRE,6.84062%,39.0721%,True,1,TALENOM BOET MATARÓ,True
L.F.-2,"Liga Regular ""B""",HORBISA SPIRIT GREENKW BARAKALDO,77,M. DIOP,10.3667%,50.0375%,True,1,TALENOM BOET MATARÓ,True
L.F.-2,"Liga Regular ""B""",HORBISA SPIRIT GREENKW BARAKALDO,25,A. DIAW,91.7489%,42.9793%,False,1,TALENOM BOET MATARÓ,True
L.F.-2,"Liga Regular ""B""",HORBISA SPIRIT GREENKW BARAKALDO,0,E. MAGUIRE,73.9774%,12.982%,False,1,TALENOM BOET MATARÓ,True
L.F.-2,"Liga Regular ""B""",HORBISA SPIRIT GREENKW BARAKALDO,2,A. BARNEDA DE SANTOS,90.6911%,56.7176%,True,1,TALENOM BOET MATARÓ,True
L.F.-2,"Liga Regular ""B""",HORBISA SPIRIT GREENKW BARAKALDO,12,C. CARRAL MAZA,6.55853%,57.3478%,True,1,TALENOM BOET MATARÓ,True
L.F.-2,"Liga Regular ""B""",HORBISA SPIRIT GREENKW BARAKALDO,0,E. MAGUIRE,83.8505%,94.2772%,True,1,TALENOM BOET MATARÓ,True
L.F.-2,"Liga Regular ""B""",HORBISA SPIRIT GREENKW BARAKALDO,16,P. GARCIA GARCIA,79.3371%,35.6691%,True,1,TALENOM BOET MATARÓ,True
L.F.-2,"Liga Regular ""B""",HORBISA SPIRIT GREENKW BARAKALDO,16,P. GARCIA GARCIA,92.3836%,40.0804%,True,1,TALENOM BOET MATARÓ,True
L.F.-2,"Liga Regular ""B""",HORBISA SPIRIT GREENKW BARAKALDO,2,A. BARNEDA DE SANTOS,6.91114%,60.3727%,False,1,TALENOM BOET MATARÓ,True
L.F.-2,"Liga Regular ""B""",HORBISA SPIRIT GREENKW BARAKALDO,25,A. DIAW,90.5501%,42.6012%,False,1,TALENOM BOET MATARÓ,True
L.F.-2,"Liga Regular ""B""",HORBISA SPIRIT GREENKW BARAKALDO,12,C. CARRAL MAZA,77.3625%,88.7315%,False,1,TALENOM BOET MATARÓ,True
L.F.-2,"Liga Regular ""B""",HORBISA SPIRIT GREENKW BARAKALDO,16,P. GARCIA GARCIA,86.8829%,48.9032%,False,1,TALENOM BOET MATARÓ,True
L.F.-2,"Liga Regular ""B""",HORBISA SPIRIT GREENKW BARAKALDO,77,M. DIOP,6.20592%,37.4336%,True,1,TALENOM BOET MATARÓ,True
L.F.-2,"Liga Regular ""B""",HORBISA SPIRIT GREENKW BARAKALDO,2,A. BARNEDA DE SANTOS,7.33427%,59.2384%,False,1,TALENOM BOET MATARÓ,True
L.F.-2,"Liga Regular ""B""",HORBISA SPIRIT GREENKW BARAKALDO,77,M. DIOP,93.0889%,39.4502%,True,1,TALENOM BOET MATARÓ,True
L.F.-2,"Liga Regular ""B""",HORBISA SPIRIT GREENKW BARAKALDO,12,C. CARRAL MAZA,33.7094%,43.4835%,False,1,TALENOM BOET MATARÓ,True
L.F.-2,"Liga Regular ""B""",HORBISA SPIRIT GREENKW BARAKALDO,10,I. TOMAS BONET,8.81523%,57.5999%,True,1,TALENOM BOET MATARÓ,True
L.F.-2,"Liga Regular ""B""",TALENOM BOET MATARÓ,9,J. NAVARRO CASTELLA,33.3568%,45.248%,True,1,HORBISA SPIRIT GREENKW BARAKALDO,False
L.F.-2,"Liga Regular ""B""",TALENOM BOET MATARÓ,13,Q. COLL PRADAS,8.88575%,38.0638%,False,1,HORBISA SPIRIT GREENKW BARAKALDO,False
L.F.-2,"Liga Regular ""B""",TALENOM BOET MATARÓ,9,J. NAVARRO CASTELLA,88.787%,78.6484%,False,1,HORBISA SPIRIT GREENKW BARAKALDO,False
L.F.-2,"Liga Regular ""B""",TALENOM BOET MATARÓ,9,J. NAVARRO CASTELLA,14.8096%,32.0139%,False,1,HORBISA SPIRIT GREENKW BARAKALDO,False
L.F.-2,"Liga Regular ""B""",TALENOM BOET MATARÓ,7,C. PEREZ BELTRAN,17.7715%,51.0458%,False,1,HORBISA SPIRIT GREENKW BARAKALDO,False
L.F.-2,"Liga Regular ""B""",TALENOM BOET MATARÓ,12,A. MAGRIÑA GARCIA,17.1368%,27.6026%,False,1,HORBISA SPIRIT GREENKW BARAKALDO,False
L.F.-2,"Liga Regular ""B""",TALENOM BOET MATARÓ,29,L. CERVAN CAMPO,7.89845%,5.1676%,True,1,HORBISA SPIRIT GREENKW BARAKALDO,False
L.F.-2,"Liga Regular ""B""",TALENOM BOET MATARÓ,9,J. NAVARRO CASTELLA,68.8999%,73.4808%,False,1,HORBISA SPIRIT GREENKW BARAKALDO,False
L.F.-2,"Liga Regular ""B""",TALENOM BOET MATARÓ,13,Q. COLL PRADAS,91.3963%,37.1815%,False,1,HORBISA SPIRIT GREENKW BARAKALDO,False
L.F.-2,"Liga Regular ""B""",TALENOM BOET MATARÓ,5,A. GAMARRA RAMIREZ,93.8646%,76.0016%,False,1,HORBISA SPIRIT GREENKW BARAKALDO,False
L.F.-2,"Liga Regular ""B""",TALENOM BOET MATARÓ,5,A. GAMARRA RAMIREZ,88.7165%,62.6414%,False,1,HORBISA SPIRIT GREENKW BARAKALDO,False
L.F.-2,"Liga Regular ""B""",TALENOM BOET MATARÓ,13,Q. COLL PRADAS,8.3921%,61.5071%,True,1,HORBISA SPIRIT GREENKW BARAKALDO,False
L.F.-2,"Liga Regular ""B""",TALENOM BOET MATARÓ,9,J. NAVARRO CASTELLA,5.92384%,58.4821%,False,1,HORBISA SPIRIT GREENKW BARAKALDO,False
L.F.-2,"Liga Regular ""B""",TALENOM BOET MATARÓ,2,M. FUX,65.6559%,52.9364%,False,1,HORBISA SPIRIT GREENKW BARAKALDO,False
L.F.-2,"Liga Regular ""B""",TALENOM BOET MATARÓ,9,J. NAVARRO CASTELLA,85.543%,52.4323%,False,1,HORBISA SPIRIT GREENKW BARAKALDO,False
L.F.-2,"Liga Regular ""B""",TALENOM BOET MATARÓ,6,M. VIGÁRIO SCHNEIDER,92.3836%,93.521%,False,1,HORBISA SPIRIT GREENKW BARAKALDO,False
L.F.-2,"Liga Regular ""B""",TALENOM BOET MATARÓ,7,C. PEREZ BELTRAN,75.5289%,13.7383%,False,1,HORBISA SPIRIT GREENKW BARAKALDO,False
L.F.-2,"Liga Regular ""B""",TALENOM BOET MATARÓ,12,A. MAGRIÑA GARCIA,21.5092%,91.2523%,False,1,HORBISA SPIRIT GREENKW BARAKALDO,False
L.F.-2,"Liga Regular ""B""",TALENOM BOET MATARÓ,13,Q. COLL PRADAS,17.9831%,57.3478%,True,1,HORBISA SPIRIT GREENKW BARAKALDO,False
L.F.-2,"Liga Regular ""B""",TALENOM BOET MATARÓ,22,J. JIMENEZ SAEZ,22.567%,8.57066%,True,1,HORBISA SPIRIT GREENKW BARAKALDO,False
L.F.-2,"Liga Regular ""B""",TALENOM BOET MATARÓ,9,J. NAVARRO CASTELLA,79.5487%,35.9211%,False,1,HORBISA SPIRIT GREENKW BARAKALDO,False
L.F.-2,"Liga Regular ""B""",TALENOM BOET MATARÓ,22,J. JIMENEZ SAEZ,26.6573%,17.5194%,True,1,HORBISA SPIRIT GREENKW BARAKALDO,False
L.F.-2,"Liga Regular ""B""",TALENOM BOET MATARÓ,4,A. GARCIA BALLESTEROS,83.7094%,67.4309%,False,1,HORBISA SPIRIT GREENKW BARAKALDO,False
L.F.-2,"Liga Regular ""B""",TALENOM BOET MATARÓ,6,M. VIGÁRIO SCHNEIDER,75.4584%,84.8243%,False,1,HORBISA SPIRIT GREENKW BARAKALDO,False
L.F.-2,"Liga Regular ""B""",TALENOM BOET MATARÓ,9,J. NAVARRO CASTELLA,14.8096%,47.7688%,False,1,HORBISA SPIRIT GREENKW BARAKALDO,False
L.F.-2,"Liga Regular ""B""",TALENOM BOET MATARÓ,13,Q. COLL PRADAS,9.80254%,40.2065%,True,1,HORBISA SPIRIT GREENKW BARAKALDO,False
L.F.-2,"Liga Regular ""B""",TALENOM BOET MATARÓ,9,J. NAVARRO CASTELLA,88.7165%,74.6151%,False,1,HORBISA SPIRIT GREENKW BARAKALDO,False
L.F.-2,"Liga Regular ""B""",TALENOM BOET MATARÓ,9,J. NAVARRO CASTELLA,63.9633%,47.0126%,False,1,HORBISA SPIRIT GREENKW BARAKALDO,False
L.F.-2,"Liga Regular ""B""",TALENOM BOET MATARÓ,13,Q. COLL PRADAS,10.7193%,41.4669%,False,1,HORBISA SPIRIT GREENKW BARAKALDO,False
L.F.-2,"Liga Regular ""B""",TALENOM BOET MATARÓ,12,A. MAGRIÑA GARCIA,24.2595%,35.6691%,False,1,HORBISA SPIRIT GREENKW BARAKALDO,False
L.F.-2,"Liga Regular ""B""",TALENOM BOET MATARÓ,13,Q. COLL PRADAS,7.47532%,41.845%,True,1,HORBISA SPIRIT GREENKW BARAKALDO,False
L.F.-2,"Liga Regular ""B""",TALENOM BOET MATARÓ,13,Q. COLL PRADAS,77.6446%,48.273%,True,1,HORBISA SPIRIT GREENKW BARAKALDO,False
L.F.-2,"Liga Regular ""B""",TALENOM BOET MATARÓ,6,M. VIGÁRIO SCHNEIDER,27.2214%,47.1386%,False,1,HORBISA SPIRIT GREENKW BARAKALDO,False
L.F.-2,"Liga Regular ""B""",TALENOM BOET MATARÓ,9,J. NAVARRO CASTELLA,91.8195%,61.7591%,True,1,HORBISA SPIRIT GREENKW BARAKALDO,False
L.F.-2,"Liga Regular ""B""",TALENOM BOET MATARÓ,22,J. JIMENEZ SAEZ,75.4584%,84.5722%,False,1,HORBISA SPIRIT GREENKW BARAKALDO,False
L.F.-2,"Liga Regular ""B""",TALENOM BOET MATARÓ,12,A. MAGRIÑA GARCIA,31.1001%,71.4642%,False,1,HORBISA SPIRIT GREENKW BARAKALDO,False
L.F.-2,"Liga Regular ""B""",TALENOM BOET MATARÓ,4,A. GARCIA BALLESTEROS,30.1834%,73.1027%,True,1,HORBISA SPIRIT GREENKW BARAKALDO,False
L.F.-2,"Liga Regular ""B""",TALENOM BOET MATARÓ,13,Q. COLL PRADAS,85.6135%,44.2397%,False,1,HORBISA SPIRIT GREENKW BARAKALDO,False
L.F.-2,"Liga Regular ""B""",TALENOM BOET MATARÓ,22,J. JIMENEZ SAEZ,27.8561%,49.5334%,False,1,HORBISA SPIRIT GREENKW BARAKALDO,False
L.F.-2,"Liga Regular ""B""",TALENOM BOET MATARÓ,9,J. NAVARRO CASTELLA,18.4062%,67.9351%,True,1,HORBISA SPIRIT GREENKW BARAKALDO,False
L.F.-2,"Liga Regular ""B""",TALENOM BOET MATARÓ,4,A. GARCIA BALLESTEROS,7.68688%,93.521%,False,1,HORBISA SPIRIT GREENKW BARAKALDO,False
L.F.-2,"Liga Regular ""B""",TALENOM BOET MATARÓ,13,Q. COLL PRADAS,10.2257%,43.4835%,True,1,HORBISA SPIRIT GREENKW BARAKALDO,False
L.F.-2,"Liga Regular ""B""",TALENOM BOET MATARÓ,22,J. JIMENEZ SAEZ,77.9972%,90.4961%,False,1,HORBISA SPIRIT GREENKW BARAKALDO,False
L.F.-2,"Liga Regular ""B""",TALENOM BOET MATARÓ,12,A. MAGRIÑA GARCIA,92.3131%,40.0804%,False,1,HORBISA SPIRIT GREENKW BARAKALDO,False
L.F.-2,"Liga Regular ""B""",TALENOM BOET MATARÓ,4,A. GARCIA BALLESTEROS,28.4908%,22.3089%,False,1,HORBISA SPIRIT GREENKW BARAKALDO,False
L.F.-2,"Liga Regular ""B""",TALENOM BOET MATARÓ,9,J. NAVARRO CASTELLA,94.3583%,38.82%,False,1,HORBISA SPIRIT GREENKW BARAKALDO,False
L.F.-2,"Liga Regular ""B""",TALENOM BOET MATARÓ,4,A. GARCIA BALLESTEROS,12.5529%,5.29364%,False,1,HORBISA SPIRIT GREENKW BARAKALDO,False
L.F.-2,"Liga Regular ""B""",TALENOM BOET MATARÓ,12,A. MAGRIÑA GARCIA,88.2229%,68.1871%,False,1,HORBISA SPIRIT GREENKW BARAKALDO,False
L.F.-2,"Liga Regular ""B""",TALENOM BOET MATARÓ,10,M. VILAFRANCA RODRIGUEZ,73.2017%,83.3118%,False,1,HORBISA SPIRIT GREENKW BARAKALDO,False
L.F.-2,"Liga Regular ""B""",TALENOM BOET MATARÓ,7,C. PEREZ BELTRAN,29.5487%,73.9849%,False,1,HORBISA SPIRIT GREENKW BARAKALDO,False
L.F.-2,"Liga Regular ""B""",TALENOM BOET MATARÓ,13,Q. COLL PRADAS,7.19323%,39.0721%,True,1,HORBISA SPIRIT GREENKW BARAKALDO,False
L.F.-2,"Liga Regular ""B""",TALENOM BOET MATARÓ,12,A. MAGRIÑA GARCIA,87.5176%,52.9364%,False,1,HORBISA SPIRIT GREENKW BARAKALDO,False
L.F.-2,"Liga Regular ""B""",TALENOM BOET MATARÓ,10,M. VILAFRANCA RODRIGUEZ,77.433%,88.8575%,False,1,HORBISA SPIRIT GREENKW BARAKALDO,False
L.F.-2,"Liga Regular ""B""",TALENOM BOET MATARÓ,7,C. PEREZ BELTRAN,65.8674%,36.6774%,False,1,HORBISA SPIRIT GREENKW BARAKALDO,False
L.F.-2,"Liga Regular ""B""",TALENOM BOET MATARÓ,4,A. GARCIA BALLESTEROS,7.61636%,61.255%,False,1,HORBISA SPIRIT GREENKW BARAKALDO,False
L.F.-2,"Liga Regular ""B""",MARISTAS CORUÑA,10,J. ZEBALLOS RODDA,88.5755%,48.1469%,True,1,TGN BASQUET A,True
L.F.-2,"Liga Regular ""B""",MARISTAS CORUÑA,29,M. RIVAS DIAZ,30.2539%,79.9088%,True,1,TGN BASQUET A,True
L.F.-2,"Liga Regular ""B""",MARISTAS CORUÑA,55,B. FONTANA,91.5374%,60.6248%,True,1,TGN BASQUET A,True
L.F.-2,"Liga Regular ""B""",MARISTAS CORUÑA,55,B. FONTANA,10.5783%,45.8782%,True,1,TGN BASQUET A,True
L.F.-2,"Liga Regular ""B""",MARISTAS CORUÑA,55,B. FONTANA,90.5501%,58.3561%,True,1,TGN BASQUET A,True
L.F.-2,"Liga Regular ""B""",MARISTAS CORUÑA,29,M. RIVAS DIAZ,8.81523%,49.9115%,True,1,TGN BASQUET A,True
L.F.-2,"Liga Regular ""B""",MARISTAS CORUÑA,7,A. JIMENEZ GARCIA,10.2962%,93.395%,True,1,TGN BASQUET A,True
L.F.-2,"Liga Regular ""B""",MARISTAS CORUÑA,7,A. JIMENEZ GARCIA,10.9309%,43.9876%,True,1,TGN BASQUET A,True
L.F.-2,"Liga Regular ""B""",MARISTAS CORUÑA,44,A. PEREZ ALONSO,91.89%,59.3644%,False,1,TGN BASQUET A,True
L.F.-2,"Liga Regular ""B""",MARISTAS CORUÑA,6,L. IBAÑEZ DÍAZ,4.86601%,4.03325%,False,1,TGN BASQUET A,True
L.F.-2,"Liga Regular ""B""",MARISTAS CORUÑA,55,B. FONTANA,32.2285%,21.9308%,False,1,TGN BASQUET A,True
L.F.-2,"Liga Regular ""B""",MARISTAS CORUÑA,9,L. GALAN GONZALEZ,91.6079%,62.6414%,True,1,TGN BASQUET A,True
L.F.-2,"Liga Regular ""B""",MARISTAS CORUÑA,10,J. ZEBALLOS RODDA,90.409%,43.3574%,True,1,TGN BASQUET A,True
L.F.-2,"Liga Regular ""B""",MARISTAS CORUÑA,10,J. ZEBALLOS RODDA,36.5303%,33.2743%,False,1,TGN BASQUET A,True
L.F.-2,"Liga Regular ""B""",MARISTAS CORUÑA,55,B. FONTANA,66.079%,61.0029%,False,1,TGN BASQUET A,True
L.F.-2,"Liga Regular ""B""",MARISTAS CORUÑA,14,E. FILGUEIRA CHENLO,91.1848%,92.0085%,True,1,TGN BASQUET A,True
L.F.-2,"Liga Regular ""B""",MARISTAS CORUÑA,4,N. DIMITRIJEVIC,93.0183%,44.4918%,False,1,TGN BASQUET A,True
L.F.-2,"Liga Regular ""B""",MARISTAS CORUÑA,55,B. FONTANA,88.5049%,49.2813%,True,1,TGN BASQUET A,True
L.F.-2,"Liga Regular ""B""",MARISTAS CORUÑA,24,S. ARCOS JEREZ,93.512%,93.1429%,True,1,TGN BASQUET A,True
L.F.-2,"Liga Regular ""B""",MARISTAS CORUÑA,9,L. GALAN GONZALEZ,93.0889%,58.9863%,True,1,TGN BASQUET A,True
L.F.-2,"Liga Regular ""B""",MARISTAS CORUÑA,55,B. FONTANA,35.2609%,36.9294%,False,1,TGN BASQUET A,True
L.F.-2,"Liga Regular ""B""",MARISTAS CORUÑA,9,L. GALAN GONZALEZ,68.4062%,26.0901%,True,1,TGN BASQUET A,True
L.F.-2,"Liga Regular ""B""",MARISTAS CORUÑA,55,B. FONTANA,6.41749%,59.9946%,False,1,TGN BASQUET A,True
L.F.-2,"Liga Regular ""B""",MARISTAS CORUÑA,6,L. IBAÑEZ DÍAZ,6.1354%,79.0265%,False,1,TGN BASQUET A,True
L.F.-2,"Liga Regular ""B""",MARISTAS CORUÑA,24,S. ARCOS JEREZ,35.3315%,51.0458%,False,1,TGN BASQUET A,True
L.F.-2,"Liga Regular ""B""",MARISTAS CORUÑA,9,L. GALAN GONZALEZ,6.34697%,6.04988%,True,1,TGN BASQUET A,True
L.F.-2,"Liga Regular ""B""",MARISTAS CORUÑA,7,A. JIMENEZ GARCIA,26.0931%,47.1386%,False,1,TGN BASQUET A,True
L.F.-2,"Liga Regular ""B""",MARISTAS CORUÑA,14,E. FILGUEIRA CHENLO,91.1848%,64.9101%,False,1,TGN BASQUET A,True
L.F.-2,"Liga Regular ""B""",MARISTAS CORUÑA,4,N. DIMITRIJEVIC,77.7151%,59.1123%,False,1,TGN BASQUET A,True
L.F.-2,"Liga Regular ""B""",MARISTAS CORUÑA,10,J. ZEBALLOS RODDA,34.3441%,54.3228%,False,1,TGN BASQUET A,True
L.F.-2,"Liga Regular ""B""",MARISTAS CORUÑA,27,R. BOTANA FRAGOSO,91.7489%,58.8602%,True,1,TGN BASQUET A,True
L.F.-2,"Liga Regular ""B""",MARISTAS CORUÑA,9,L. GALAN GONZALEZ,8.25106%,42.9793%,False,1,TGN BASQUET A,True
L.F.-2,"Liga Regular ""B""",MARISTAS CORUÑA,10,J. ZEBALLOS RODDA,15.0917%,44.1137%,True,1,TGN BASQUET A,True
L.F.-2,"Liga Regular ""B""",MARISTAS CORUÑA,55,B. FONTANA,92.8068%,59.2384%,True,1,TGN BASQUET A,True
L.F.-2,"Liga Regular ""B""",MARISTAS CORUÑA,55,B. FONTANA,8.88575%,47.1386%,False,1,TGN BASQUET A,True
L.F.-2,"Liga Regular ""B""",MARISTAS CORUÑA,4,N. DIMITRIJEVIC,82.5106%,42.8533%,False,1,TGN BASQUET A,True
L.F.-2,"Liga Regular ""B""",MARISTAS CORUÑA,44,A. PEREZ ALONSO,78.7024%,49.2813%,True,1,TGN BASQUET A,True
L.F.-2,"Liga Regular ""B""",MARISTAS CORUÑA,10,J. ZEBALLOS RODDA,89.7743%,40.0804%,False,1,TGN BASQUET A,True
L.F.-2,"Liga Regular ""B""",MARISTAS CORUÑA,4,N. DIMITRIJEVIC,33.1453%,71.5902%,True,1,TGN BASQUET A,True
L.F.-2,"Liga Regular ""B""",MARISTAS CORUÑA,4,N. DIMITRIJEVIC,31.8759%,17.2674%,True,1,TGN BASQUET A,True
L.F.-2,"Liga Regular ""B""",MARISTAS CORUÑA,10,J. ZEBALLOS RODDA,9.80254%,54.701%,False,1,TGN BASQUET A,True
L.F.-2,"Liga Regular ""B""",MARISTAS CORUÑA,55,B. FONTANA,19.7461%,46.7605%,False,1,TGN BASQUET A,True
L.F.-2,"Liga Regular ""B""",MARISTAS CORUÑA,7,A. JIMENEZ GARCIA,81.1707%,39.1982%,True,1,TGN BASQUET A,True
L.F.-2,"Liga Regular ""B""",MARISTAS CORUÑA,29,M. RIVAS DIAZ,29.3371%,92.0085%,False,1,TGN BASQUET A,True
L.F.-2,"Liga Regular ""B""",MARISTAS CORUÑA,9,L. GALAN GONZALEZ,94.8519%,94.7814%,True,1,TGN BASQUET A,True
L.F.-2,"Liga Regular ""B""",MARISTAS CORUÑA,7,A. JIMENEZ GARCIA,15.1622%,45.5001%,True,1,TGN BASQUET A,True
L.F.-2,"Liga Regular ""B""",MARISTAS CORUÑA,14,E. FILGUEIRA CHENLO,72.9901%,22.687%,False,1,TGN BASQUET A,True
L.F.-2,"Liga Regular ""B""",MARISTAS CORUÑA,10,J. ZEBALLOS RODDA,6.06488%,65.5403%,False,1,TGN BASQUET A,True
L.F.-2,"Liga Regular ""B""",MARISTAS CORUÑA,55,B. FONTANA,12.976%,45.248%,False,1,TGN BASQUET A,True
L.F.-2,"Liga Regular ""B""",MARISTAS CORUÑA,14,E. FILGUEIRA CHENLO,9.37941%,60.3727%,True,1,TGN BASQUET A,True
L.F.-2,"Liga Regular ""B""",MARISTAS CORUÑA,24,S. ARCOS JEREZ,64.8801%,62.1373%,True,1,TGN BASQUET A,True
L.F.-2,"Liga Regular ""B""",MARISTAS CORUÑA,24,S. ARCOS JEREZ,29.9013%,76.3797%,True,1,TGN BASQUET A,True
L.F.-2,"Liga Regular ""B""",MARISTAS CORUÑA,10,J. ZEBALLOS RODDA,6.69958%,57.8519%,False,1,TGN BASQUET A,True
L.F.-2,"Liga Regular ""B""",MARISTAS CORUÑA,24,S. ARCOS JEREZ,72.7786%,83.4379%,True,1,TGN BASQUET A,True
L.F.-2,"Liga Regular ""B""",MARISTAS CORUÑA,14,E. FILGUEIRA CHENLO,92.3836%,56.2134%,False,1,TGN BASQUET A,True
L.F.-2,"Liga Regular ""B""",MARISTAS CORUÑA,7,A. JIMENEZ GARCIA,15.0212%,49.5334%,False,1,TGN BASQUET A,True
L.F.-2,"Liga Regular ""B""",MARISTAS CORUÑA,27,R. BOTANA FRAGOSO,8.95628%,45.248%,True,1,TGN BASQUET A,True
L.F.-2,"Liga Regular ""B""",MARISTAS CORUÑA,27,R. BOTANA FRAGOSO,96.1918%,66.1705%,False,1,TGN BASQUET A,True
L.F.-2,"Liga Regular ""B""",MARISTAS CORUÑA,29,M. RIVAS DIAZ,34.3441%,20.9225%,False,1,TGN BASQUET A,True
L.F.-2,"Liga Regular ""B""",MARISTAS CORUÑA,10,J. ZEBALLOS RODDA,35.0494%,31.0056%,False,1,TGN BASQUET A,True
L.F.-2,"Liga Regular ""B""",MARISTAS CORUÑA,7,A. JIMENEZ GARCIA,33.9915%,26.5942%,False,1,TGN BASQUET A,True
L.F.-2,"Liga Regular ""B""",MARISTAS CORUÑA,55,B. FONTANA,30.677%,16.8892%,False,1,TGN BASQUET A,True
L.F.-2,"Liga Regular ""B""",MARISTAS CORUÑA,4,N. DIMITRIJEVIC,84.4852%,39.1982%,False,1,TGN BASQUET A,True
L.F.-2,"Liga Regular ""B""",MARISTAS CORUÑA,9,L. GALAN GONZALEZ,11.4245%,39.1982%,False,1,TGN BASQUET A,True
L.F.-2,"Liga Regular ""B""",MARISTAS CORUÑA,10,J. ZEBALLOS RODDA,94.9224%,4.53741%,True,1,TGN BASQUET A,True
L.F.-2,"Liga Regular ""B""",MARISTAS CORUÑA,55,B. FONTANA,90.3385%,55.8353%,False,1,TGN BASQUET A,True
L.F.-2,"Liga Regular ""B""",MARISTAS CORUÑA,8,C. NAYA ANGERIZ,8.18054%,96.0418%,False,1,TGN BASQUET A,True
L.F.-2,"Liga Regular ""B""",MARISTAS CORUÑA,8,C. NAYA ANGERIZ,91.3963%,61.0029%,True,1,TGN BASQUET A,True
L.F.-2,"Liga Regular ""B""",MARISTAS CORUÑA,4,N. DIMITRIJEVIC,34.1326%,70.0777%,False,1,TGN BASQUET A,True
L.F.-2,"Liga Regular ""B""",MARISTAS CORUÑA,24,S. ARCOS JEREZ,85.4725%,54.5749%,False,1,TGN BASQUET A,True
L.F.-2,"Liga Regular ""B""",TGN BASQUET A,45,M. PICO MESTRES,88.7165%,54.701%,False,1,MARISTAS CORUÑA,False
L.F.-2,"Liga Regular ""B""",TGN BASQUET A,7,M. GARCIA LEON,92.5952%,55.5832%,False,1,MARISTAS CORUÑA,False
L.F.-2,"Liga Regular ""B""",TGN BASQUET A,0,A. FARELL TORRES,30.3949%,17.7715%,True,1,MARISTAS CORUÑA,False
L.F.-2,"Liga Regular ""B""",TGN BASQUET A,6,A. SISNIEGA GONZÁLEZ,67.4189%,28.7369%,True,1,MARISTAS CORUÑA,False
L.F.-2,"Liga Regular ""B""",TGN BASQUET A,6,A. SISNIEGA GONZÁLEZ,8.67419%,95.9157%,False,1,MARISTAS CORUÑA,False
L.F.-2,"Liga Regular ""B""",TGN BASQUET A,7,M. GARCIA LEON,12.9055%,93.521%,True,1,MARISTAS CORUÑA,False
L.F.-2,"Liga Regular ""B""",TGN BASQUET A,52,S. TORRUELLA BRETÓN,85.4725%,53.4406%,False,1,MARISTAS CORUÑA,False
L.F.-2,"Liga Regular ""B""",TGN BASQUET A,8,D. PUERTO RODRIGUEZ,8.18054%,62.3893%,False,1,MARISTAS CORUÑA,False
L.F.-2,"Liga Regular ""B""",TGN BASQUET A,0,A. FARELL TORRES,7.47532%,46.6345%,True,1,MARISTAS CORUÑA,False
L.F.-2,"Liga Regular ""B""",TGN BASQUET A,4,A. TERRÓN MARTINEZ,11.0014%,44.2397%,True,1,MARISTAS CORUÑA,False
L.F.-2,"Liga Regular ""B""",TGN BASQUET A,7,M. GARCIA LEON,83.9915%,41.971%,False,1,MARISTAS CORUÑA,False
L.F.-2,"Liga Regular ""B""",TGN BASQUET A,8,D. PUERTO RODRIGUEZ,88.0113%,79.9088%,False,1,MARISTAS CORUÑA,False
L.F.-2,"Liga Regular ""B""",TGN BASQUET A,7,M. GARCIA LEON,8.11001%,34.2826%,False,1,MARISTAS CORUÑA,False
L.F.-2,"Liga Regular ""B""",TGN BASQUET A,4,A. TERRÓN MARTINEZ,8.60367%,56.2134%,False,1,MARISTAS CORUÑA,False
L.F.-2,"Liga Regular ""B""",TGN BASQUET A,45,M. PICO MESTRES,87.7997%,58.4821%,True,1,MARISTAS CORUÑA,False
L.F.-2,"Liga Regular ""B""",TGN BASQUET A,14,M. DIAZ VENDRELL,89.9154%,49.5334%,True,1,MARISTAS CORUÑA,False
L.F.-2,"Liga Regular ""B""",TGN BASQUET A,52,S. TORRUELLA BRETÓN,87.3061%,76.2536%,False,1,MARISTAS CORUÑA,False
L.F.-2,"Liga Regular ""B""",TGN BASQUET A,52,S. TORRUELLA BRETÓN,10.5783%,55.2051%,True,1,MARISTAS CORUÑA,False
L.F.-2,"Liga Regular ""B""",TGN BASQUET A,6,A. SISNIEGA GONZÁLEZ,82.0874%,36.6774%,False,1,MARISTAS CORUÑA,False
L.F.-2,"Liga Regular ""B""",TGN BASQUET A,52,S. TORRUELLA BRETÓN,86.6009%,55.5832%,False,1,MARISTAS CORUÑA,False
L.F.-2,"Liga Regular ""B""",TGN BASQUET A,0,A. FARELL TORRES,7.82793%,55.4572%,False,1,MARISTAS CORUÑA,False
L.F.-2,"Liga Regular ""B""",TGN BASQUET A,7,M. GARCIA LEON,89.5628%,43.7356%,True,1,MARISTAS CORUÑA,False
L.F.-2,"Liga Regular ""B""",TGN BASQUET A,6,A. SISNIEGA GONZÁLEZ,8.88575%,7.56234%,False,1,MARISTAS CORUÑA,False
L.F.-2,"Liga Regular ""B""",TGN BASQUET A,45,M. PICO MESTRES,16.22%,47.0126%,True,1,MARISTAS CORUÑA,False
L.F.-2,"Liga Regular ""B""",TGN BASQUET A,14,M. DIAZ VENDRELL,21.2976%,70.7079%,True,1,MARISTAS CORUÑA,False
L.F.-2,"Liga Regular ""B""",TGN BASQUET A,14,M. DIAZ VENDRELL,9.73202%,92.8908%,False,1,MARISTAS CORUÑA,False
L.F.-2,"Liga Regular ""B""",TGN BASQUET A,6,A. SISNIEGA GONZÁLEZ,16.22%,37.8117%,False,1,MARISTAS CORUÑA,False
L.F.-2,"Liga Regular ""B""",TGN BASQUET A,4,A. TERRÓN MARTINEZ,36.6008%,40.7106%,False,1,MARISTAS CORUÑA,False
L.F.-2,"Liga Regular ""B""",TGN BASQUET A,45,M. PICO MESTRES,90.0564%,50.5417%,False,1,MARISTAS CORUÑA,False
L.F.-2,"Liga Regular ""B""",TGN BASQUET A,52,S. TORRUELLA BRETÓN,64.6685%,55.7093%,True,1,MARISTAS CORUÑA,False
L.F.-2,"Liga Regular ""B""",TGN BASQUET A,7,M. GARCIA LEON,12.6939%,43.4835%,False,1,MARISTAS CORUÑA,False
L.F.-2,"Liga Regular ""B""",TGN BASQUET A,7,M. GARCIA LEON,89.2807%,65.1622%,False,1,MARISTAS CORUÑA,False
L.F.-2,"Liga Regular ""B""",TGN BASQUET A,52,S. TORRUELLA BRETÓN,89.7038%,93.647%,False,1,MARISTAS CORUÑA,False
L.F.-2,"Liga Regular ""B""",TGN BASQUET A,4,A. TERRÓN MARTINEZ,14.1749%,47.8948%,False,1,MARISTAS CORUÑA,False
L.F.-2,"Liga Regular ""B""",TGN BASQUET A,52,S. TORRUELLA BRETÓN,10.7898%,44.1137%,True,1,MARISTAS CORUÑA,False
L.F.-2,"Liga Regular ""B""",TGN BASQUET A,0,A. FARELL TORRES,93.3004%,55.7093%,True,1,MARISTAS CORUÑA,False
L.F.-2,"Liga Regular ""B""",TGN BASQUET A,7,M. GARCIA LEON,10.0846%,53.6926%,True,1,MARISTAS CORUÑA,False
L.F.-2,"Liga Regular ""B""",TGN BASQUET A,6,A. SISNIEGA GONZÁLEZ,67.5599%,76.2536%,False,1,MARISTAS CORUÑA,False
L.F.-2,"Liga Regular ""B""",TGN BASQUET A,52,S. TORRUELLA BRETÓN,79.5487%,62.2633%,False,1,MARISTAS CORUÑA,False
L.F.-2,"Liga Regular ""B""",TGN BASQUET A,7,M. GARCIA LEON,91.8195%,44.7439%,True,1,MARISTAS CORUÑA,False
L.F.-2,"Liga Regular ""B""",TGN BASQUET A,39,A. DOMINGUEZ CORDON,32.299%,76.1276%,True,1,MARISTAS CORUÑA,False
L.F.-2,"Liga Regular ""B""",TGN BASQUET A,52,S. TORRUELLA BRETÓN,84.0621%,41.3408%,False,1,MARISTAS CORUÑA,False
L.F.-2,"Liga Regular ""B""",TGN BASQUET A,45,M. PICO MESTRES,11.0719%,57.5999%,True,1,MARISTAS CORUÑA,False
L.F.-2,"Liga Regular ""B""",TGN BASQUET A,7,M. GARCIA LEON,9.80254%,41.2148%,True,1,MARISTAS CORUÑA,False
L.F.-2,"Liga Regular ""B""",TGN BASQUET A,7,M. GARCIA LEON,63.8928%,46.7605%,False,1,MARISTAS CORUÑA,False
L.F.-2,"Liga Regular ""B""",TGN BASQUET A,8,D. PUERTO RODRIGUEZ,93.5825%,58.4821%,False,1,MARISTAS CORUÑA,False
L.F.-2,"Liga Regular ""B""",TGN BASQUET A,0,A. FARELL TORRES,72.0028%,87.7232%,False,1,MARISTAS CORUÑA,False
L.F.-2,"Liga Regular ""B""",TGN BASQUET A,52,S. TORRUELLA BRETÓN,82.7221%,49.1552%,True,1,MARISTAS CORUÑA,False
L.F.-2,"Liga Regular ""B""",TGN BASQUET A,6,A. SISNIEGA GONZÁLEZ,67.9126%,25.712%,False,1,MARISTAS CORUÑA,False
L.F.-2,"Liga Regular ""B""",TGN BASQUET A,52,S. TORRUELLA BRETÓN,85.0494%,52.6843%,True,1,MARISTAS CORUÑA,False
L.F.-2,"Liga Regular ""B""",TGN BASQUET A,0,A. FARELL TORRES,87.3766%,37.3076%,False,1,MARISTAS CORUÑA,False
L.F.-2,"Liga Regular ""B""",TGN BASQUET A,7,M. GARCIA LEON,91.89%,57.3478%,True,1,MARISTAS CORUÑA,False
L.F.-2,"Liga Regular ""B""",TGN BASQUET A,7,M. GARCIA LEON,85.6841%,31.2577%,True,1,MARISTAS CORUÑA,False
L.F.-2,"Liga Regular ""B""",TGN BASQUET A,52,S. TORRUELLA BRETÓN,10.2962%,40.4585%,False,1,MARISTAS CORUÑA,False
L.F.-2,"Liga Regular ""B""",TGN BASQUET A,45,M. PICO MESTRES,93.1594%,54.4489%,True,1,MARISTAS CORUÑA,False
L.F.-2,"Liga Regular ""B""",TGN BASQUET A,0,A. FARELL TORRES,7.19323%,57.5999%,True,1,MARISTAS CORUÑA,False
L.F.-2,"Liga Regular ""B""",TGN BASQUET A,7,M. GARCIA LEON,20.7334%,48.6511%,False,1,MARISTAS CORUÑA,False
L.F.-2,"Liga Regular ""B""",TGN BASQUET A,0,A. FARELL TORRES,85.7546%,45.3741%,False,1,MARISTAS CORUÑA,False
L.F.-2,"Liga Regular ""B""",MARISCOS ANTÓN CORTEGADA,23,D. RODRIGUEZ,79.1961%,9.07481%,False,1,MIPELLETYMAS B.F. LEON,True
L.F.-2,"Liga Regular ""B""",MARISCOS ANTÓN CORTEGADA,46,G. JORGE GARCIA,9.52045%,48.9032%,False,1,MIPELLETYMAS B.F. LEON,True
L.F.-2,"Liga Regular ""B""",MARISCOS ANTÓN CORTEGADA,46,G. JORGE GARCIA,24.6827%,85.4545%,False,1,MIPELLETYMAS B.F. LEON,True
L.F.-2,"Liga Regular ""B""",MARISCOS ANTÓN CORTEGADA,46,G. JORGE GARCIA,70.5924%,78.1442%,False,1,MIPELLETYMAS B.F. LEON,True
L.F.-2,"Liga Regular ""B""",MARISCOS ANTÓN CORTEGADA,23,D. RODRIGUEZ,5.1481%,73.1027%,False,1,MIPELLETYMAS B.F. LEON,True
L.F.-2,"Liga Regular ""B""",MARISCOS ANTÓN CORTEGADA,46,G. JORGE GARCIA,91.1142%,49.1552%,True,1,MIPELLETYMAS B.F. LEON,True
L.F.-2,"Liga Regular ""B""",MARISCOS ANTÓN CORTEGADA,23,D. RODRIGUEZ,7.68688%,52.6843%,True,1,MIPELLETYMAS B.F. LEON,True
L.F.-2,"Liga Regular ""B""",MARISCOS ANTÓN CORTEGADA,46,G. JORGE GARCIA,15.4443%,79.5307%,False,1,MIPELLETYMAS B.F. LEON,True
L.F.-2,"Liga Regular ""B""",MARISCOS ANTÓN CORTEGADA,23,D. RODRIGUEZ,90.409%,79.6567%,False,1,MIPELLETYMAS B.F. LEON,True
L.F.-2,"Liga Regular ""B""",MARISCOS ANTÓN CORTEGADA,23,D. RODRIGUEZ,8.32158%,51.0458%,False,1,MIPELLETYMAS B.F. LEON,True
L.F.-2,"Liga Regular ""B""",MARISCOS ANTÓN CORTEGADA,4,C. LOUREIRO CURRAS,89.6333%,45.3741%,False,1,MIPELLETYMAS B.F. LEON,True
L.F.-2,"Liga Regular ""B""",MARISCOS ANTÓN CORTEGADA,1,C. EZUMAH,93.2299%,53.4406%,True,1,MIPELLETYMAS B.F. LEON,True
L.F.-2,"Liga Regular ""B""",MARISCOS ANTÓN CORTEGADA,4,C. LOUREIRO CURRAS,90.7616%,16.5111%,False,1,MIPELLETYMAS B.F. LEON,True
L.F.-2,"Liga Regular ""B""",MARISCOS ANTÓN CORTEGADA,4,C. LOUREIRO CURRAS,93.7236%,54.3228%,True,1,MIPELLETYMAS B.F. LEON,True
L.F.-2,"Liga Regular ""B""",MARISCOS ANTÓN CORTEGADA,7,B. MANIVESA DOPICO,32.4401%,61.5071%,False,1,MIPELLETYMAS B.F. LEON,True
L.F.-2,"Liga Regular ""B""",MARISCOS ANTÓN CORTEGADA,23,D. RODRIGUEZ,91.6079%,50.4156%,False,1,MIPELLETYMAS B.F. LEON,True
L.F.-2,"Liga Regular ""B""",MARISCOS ANTÓN CORTEGADA,4,C. LOUREIRO CURRAS,28.2087%,49.2813%,True,1,MIPELLETYMAS B.F. LEON,True
L.F.-2,"Liga Regular ""B""",MARISCOS ANTÓN CORTEGADA,15,L. CARABAN CASTRO,27.5035%,82.6816%,False,1,MIPELLETYMAS B.F. LEON,True
L.F.-2,"Liga Regular ""B""",MARISCOS ANTÓN CORTEGADA,4,C. LOUREIRO CURRAS,89.8449%,52.6843%,False,1,MIPELLETYMAS B.F. LEON,True
L.F.-2,"Liga Regular ""B""",MARISCOS ANTÓN CORTEGADA,7,B. MANIVESA DOPICO,5.64175%,49.4073%,False,1,MIPELLETYMAS B.F. LEON,True
L.F.-2,"Liga Regular ""B""",MARISCOS ANTÓN CORTEGADA,15,L. CARABAN CASTRO,73.3427%,11.0914%,False,1,MIPELLETYMAS B.F. LEON,True
L.F.-2,"Liga Regular ""B""",MARISCOS ANTÓN CORTEGADA,23,D. RODRIGUEZ,29.6192%,18.2757%,False,1,MIPELLETYMAS B.F. LEON,True
L.F.-2,"Liga Regular ""B""",MARISCOS ANTÓN CORTEGADA,46,G. JORGE GARCIA,91.1848%,49.6594%,False,1,MIPELLETYMAS B.F. LEON,True
L.F.-2,"Liga Regular ""B""",MARISCOS ANTÓN CORTEGADA,4,C. LOUREIRO CURRAS,28.8434%,20.9225%,False,1,MIPELLETYMAS B.F. LEON,True
L.F.-2,"Liga Regular ""B""",MARISCOS ANTÓN CORTEGADA,1,C. EZUMAH,5.35966%,52.9364%,True,1,MIPELLETYMAS B.F. LEON,True
L.F.-2,"Liga Regular ""B""",MARISCOS ANTÓN CORTEGADA,23,D. RODRIGUEZ,25.67%,12.0998%,False,1,MIPELLETYMAS B.F. LEON,True
L.F.-2,"Liga Regular ""B""",MARISCOS ANTÓN CORTEGADA,23,D. RODRIGUEZ,76.3047%,12.0998%,True,1,MIPELLETYMAS B.F. LEON,True
L.F.-2,"Liga Regular ""B""",MARISCOS ANTÓN CORTEGADA,4,C. LOUREIRO CURRAS,93.7236%,54.5749%,True,1,MIPELLETYMAS B.F. LEON,True
L.F.-2,"Liga Regular ""B""",MARISCOS ANTÓN CORTEGADA,4,C. LOUREIRO CURRAS,8.46262%,50.7937%,True,1,MIPELLETYMAS B.F. LEON,True
L.F.-2,"Liga Regular ""B""",MARISCOS ANTÓN CORTEGADA,1,C. EZUMAH,8.25106%,49.7854%,False,1,MIPELLETYMAS B.F. LEON,True
L.F.-2,"Liga Regular ""B""",MARISCOS ANTÓN CORTEGADA,23,D. RODRIGUEZ,91.3963%,50.5417%,True,1,MIPELLETYMAS B.F. LEON,True
L.F.-2,"Liga Regular ""B""",MARISCOS ANTÓN CORTEGADA,8,M. SANMARTÍN FALCÓN,26.4457%,88.3534%,False,1,MIPELLETYMAS B.F. LEON,True
L.F.-2,"Liga Regular ""B""",MARISCOS ANTÓN CORTEGADA,23,D. RODRIGUEZ,27.433%,83.1858%,True,1,MIPELLETYMAS B.F. LEON,True
L.F.-2,"Liga Regular ""B""",MARISCOS ANTÓN CORTEGADA,4,C. LOUREIRO CURRAS,27.3625%,83.816%,False,1,MIPELLETYMAS B.F. LEON,True
L.F.-2,"Liga Regular ""B""",MARISCOS ANTÓN CORTEGADA,1,C. EZUMAH,10.6488%,52.1802%,True,1,MIPELLETYMAS B.F. LEON,True
L.F.-2,"Liga Regular ""B""",MARISCOS ANTÓN CORTEGADA,46,G. JORGE GARCIA,92.3131%,54.5749%,False,1,MIPELLETYMAS B.F. LEON,True
L.F.-2,"Liga Regular ""B""",MARISCOS ANTÓN CORTEGADA,23,D. RODRIGUEZ,6.7701%,50.5417%,False,1,MIPELLETYMAS B.F. LEON,True
L.F.-2,"Liga Regular ""B""",MARISCOS ANTÓN CORTEGADA,1,C. EZUMAH,91.5374%,54.4489%,True,1,MIPELLETYMAS B.F. LEON,True
L.F.-2,"Liga Regular ""B""",MARISCOS ANTÓN CORTEGADA,4,C. LOUREIRO CURRAS,74.4711%,27.4765%,False,1,MIPELLETYMAS B.F. LEON,True
L.F.-2,"Liga Regular ""B""",MARISCOS ANTÓN CORTEGADA,15,L. CARABAN CASTRO,92.7363%,50.1636%,False,1,MIPELLETYMAS B.F. LEON,True
L.F.-2,"Liga Regular ""B""",MARISCOS ANTÓN CORTEGADA,4,C. LOUREIRO CURRAS,92.5952%,53.4406%,True,1,MIPELLETYMAS B.F. LEON,True
L.F.-2,"Liga Regular ""B""",MARISCOS ANTÓN CORTEGADA,23,D. RODRIGUEZ,93.2299%,54.4489%,True,1,MIPELLETYMAS B.F. LEON,True
L.F.-2,"Liga Regular ""B""",MARISCOS ANTÓN CORTEGADA,46,G. JORGE GARCIA,72.0028%,86.4628%,False,1,MIPELLETYMAS B.F. LEON,True
L.F.-2,"Liga Regular ""B""",MARISCOS ANTÓN CORTEGADA,1,C. EZUMAH,22.0733%,28.3588%,False,1,MIPELLETYMAS B.F. LEON,True
L.F.-2,"Liga Regular ""B""",MARISCOS ANTÓN CORTEGADA,8,M. SANMARTÍN FALCÓN,90.268%,49.7854%,False,1,MIPELLETYMAS B.F. LEON,True
L.F.-2,"Liga Regular ""B""",MARISCOS ANTÓN CORTEGADA,7,B. MANIVESA DOPICO,6.84062%,51.0458%,True,1,MIPELLETYMAS B.F. LEON,True
L.F.-2,"Liga Regular ""B""",MARISCOS ANTÓN CORTEGADA,8,M. SANMARTÍN FALCÓN,6.1354%,50.7937%,False,1,MIPELLETYMAS B.F. LEON,True
L.F.-2,"Liga Regular ""B""",MARISCOS ANTÓN CORTEGADA,7,B. MANIVESA DOPICO,7.68688%,52.3062%,False,1,MIPELLETYMAS B.F. LEON,True
L.F.-2,"Liga Regular ""B""",MARISCOS ANTÓN CORTEGADA,8,M. SANMARTÍN FALCÓN,35.0494%,51.1719%,False,1,MIPELLETYMAS B.F. LEON,True
L.F.-2,"Liga Regular ""B""",MARISCOS ANTÓN CORTEGADA,46,G. JORGE GARCIA,28.9845%,83.3118%,False,1,MIPELLETYMAS B.F. LEON,True
L.F.-2,"Liga Regular ""B""",MARISCOS ANTÓN CORTEGADA,4,C. LOUREIRO CURRAS,93.0889%,55.0791%,True,1,MIPELLETYMAS B.F. LEON,True
L.F.-2,"Liga Regular ""B""",MARISCOS ANTÓN CORTEGADA,4,C. LOUREIRO CURRAS,33.3568%,57.2217%,False,1,MIPELLETYMAS B.F. LEON,True
L.F.-2,"Liga Regular ""B""",MARISCOS ANTÓN CORTEGADA,7,B. MANIVESA DOPICO,6.7701%,54.1968%,True,1,MIPELLETYMAS B.F. LEON,True
L.F.-2,"Liga Regular ""B""",MARISCOS ANTÓN CORTEGADA,23,D. RODRIGUEZ,94.4993%,50.7937%,True,1,MIPELLETYMAS B.F. LEON,True
L.F.-2,"Liga Regular ""B""",MARISCOS ANTÓN CORTEGADA,4,C. LOUREIRO CURRAS,6.7701%,49.5334%,True,1,MIPELLETYMAS B.F. LEON,True
L.F.-2,"Liga Regular ""B""",MARISCOS ANTÓN CORTEGADA,23,D. RODRIGUEZ,74.189%,85.3285%,False,1,MIPELLETYMAS B.F. LEON,True
L.F.-2,"Liga Regular ""B""",MARISCOS ANTÓN CORTEGADA,46,G. JORGE GARCIA,6.62906%,52.3062%,True,1,MIPELLETYMAS B.F. LEON,True
L.F.-2,"Liga Regular ""B""",MARISCOS ANTÓN CORTEGADA,1,C. EZUMAH,6.48801%,52.0541%,True,1,MIPELLETYMAS B.F. LEON,True
L.F.-2,"Liga Regular ""B""",MARISCOS ANTÓN CORTEGADA,15,L. CARABAN CASTRO,5.1481%,52.4323%,False,1,MIPELLETYMAS B.F. LEON,True
L.F.-2,"Liga Regular ""B""",MARISCOS ANTÓN CORTEGADA,1,C. EZUMAH,89.6333%,50.7937%,True,1,MIPELLETYMAS B.F. LEON,True
L.F.-2,"Liga Regular ""B""",MARISCOS ANTÓN CORTEGADA,46,G. JORGE GARCIA,94.7109%,53.9447%,False,1,MIPELLETYMAS B.F. LEON,True
L.F.-2,"Liga Regular ""B""",MARISCOS ANTÓN CORTEGADA,4,C. LOUREIRO CURRAS,71.8618%,52.8104%,False,1,MIPELLETYMAS B.F. LEON,True
L.F.-2,"Liga Regular ""B""",MARISCOS ANTÓN CORTEGADA,46,G. JORGE GARCIA,4.58392%,50.6677%,True,1,MIPELLETYMAS B.F. LEON,True
L.F.-2,"Liga Regular ""B""",MARISCOS ANTÓN CORTEGADA,4,C. LOUREIRO CURRAS,92.9478%,53.9447%,True,1,MIPELLETYMAS B.F. LEON,True
L.F.-2,"Liga Regular ""B""",MARISCOS ANTÓN CORTEGADA,8,M. SANMARTÍN FALCÓN,90.6911%,51.676%,False,1,MIPELLETYMAS B.F. LEON,True
L.F.-2,"Liga Regular ""B""",MARISCOS ANTÓN CORTEGADA,33,T. CABELLO CAÑAS,3.73766%,49.4073%,False,1,MIPELLETYMAS B.F. LEON,True
L.F.-2,"Liga Regular ""B""",MARISCOS ANTÓN CORTEGADA,46,G. JORGE GARCIA,6.34697%,53.1885%,False,1,MIPELLETYMAS B.F. LEON,True
L.F.-2,"Liga Regular ""B""",MARISCOS ANTÓN CORTEGADA,8,M. SANMARTÍN FALCÓN,11.4951%,52.0541%,False,1,MIPELLETYMAS B.F. LEON,True
L.F.-2,"Liga Regular ""B""",MARISCOS ANTÓN CORTEGADA,33,T. CABELLO CAÑAS,9.30889%,46.0043%,True,1,MIPELLETYMAS B.F. LEON,True
L.F.-2,"Liga Regular ""B""",MARISCOS ANTÓN CORTEGADA,23,D. RODRIGUEZ,23.9774%,11.5956%,True,1,MIPELLETYMAS B.F. LEON,True
L.F.-2,"Liga Regular ""B""",MARISCOS ANTÓN CORTEGADA,4,C. LOUREIRO CURRAS,90.9732%,84.3201%,False,1,MIPELLETYMAS B.F. LEON,True
L.F.-2,"Liga Regular ""B""",MARISCOS ANTÓN CORTEGADA,7,B. MANIVESA DOPICO,92.031%,54.3228%,True,1,MIPELLETYMAS B.F. LEON,True
L.F.-2,"Liga Regular ""B""",MIPELLETYMAS B.F. LEON,1,M. ALVAREZ,29.6897%,25.3339%,False,1,MARISCOS ANTÓN CORTEGADA,False
L.F.-2,"Liga Regular ""B""",MIPELLETYMAS B.F. LEON,15,S. GARCIA NIÑO,31.8054%,78.9005%,False,1,MARISCOS ANTÓN CORTEGADA,False
L.F.-2,"Liga Regular ""B""",MIPELLETYMAS B.F. LEON,14,L. GARCIA ANDRES,70.8039%,15.3768%,True,1,MARISCOS ANTÓN CORTEGADA,False
L.F.-2,"Liga Regular ""B""",MIPELLETYMAS B.F. LEON,55,L. RODRIGUEZ DE LA TORRIENTE,90.7616%,56.2134%,False,1,MARISCOS ANTÓN CORTEGADA,False
L.F.-2,"Liga Regular ""B""",MIPELLETYMAS B.F. LEON,1,M. ALVAREZ,66.5021%,40.5846%,True,1,MARISCOS ANTÓN CORTEGADA,False
L.F.-2,"Liga Regular ""B""",MIPELLETYMAS B.F. LEON,61,D. DÍAZ GÓMEZ,90.4795%,52.1802%,False,1,MARISCOS ANTÓN CORTEGADA,False
L.F.-2,"Liga Regular ""B""",MIPELLETYMAS B.F. LEON,61,D. DÍAZ GÓMEZ,92.1721%,50.9198%,True,1,MARISCOS ANTÓN CORTEGADA,False
L.F.-2,"Liga Regular ""B""",MIPELLETYMAS B.F. LEON,97,F. DEMBELE,86.6714%,53.6926%,False,1,MARISCOS ANTÓN CORTEGADA,False
L.F.-2,"Liga Regular ""B""",MIPELLETYMAS B.F. LEON,0,K. BENITEZ DE LA ROSA,65.5853%,49.1552%,False,1,MARISCOS ANTÓN CORTEGADA,False
L.F.-2,"Liga Regular ""B""",MIPELLETYMAS B.F. LEON,15,S. GARCIA NIÑO,8.46262%,52.8104%,True,1,MARISCOS ANTÓN CORTEGADA,False
L.F.-2,"Liga Regular ""B""",MIPELLETYMAS B.F. LEON,1,M. ALVAREZ,37.165%,51.0458%,False,1,MARISCOS ANTÓN CORTEGADA,False
L.F.-2,"Liga Regular ""B""",MIPELLETYMAS B.F. LEON,0,K. BENITEZ DE LA ROSA,93.1594%,53.1885%,True,1,MARISCOS ANTÓN CORTEGADA,False
L.F.-2,"Liga Regular ""B""",MIPELLETYMAS B.F. LEON,1,M. ALVAREZ,71.5797%,16.007%,True,1,MARISCOS ANTÓN CORTEGADA,False
L.F.-2,"Liga Regular ""B""",MIPELLETYMAS B.F. LEON,55,L. RODRIGUEZ DE LA TORRIENTE,8.25106%,52.8104%,False,1,MARISCOS ANTÓN CORTEGADA,False
L.F.-2,"Liga Regular ""B""",MIPELLETYMAS B.F. LEON,3,N. MARTÍNEZ MARTÍNEZ,90.0564%,51.4239%,False,1,MARISCOS ANTÓN CORTEGADA,False
L.F.-2,"Liga Regular ""B""",MIPELLETYMAS B.F. LEON,15,S. GARCIA NIÑO,88.3639%,54.4489%,True,1,MARISCOS ANTÓN CORTEGADA,False
L.F.-2,"Liga Regular ""B""",MIPELLETYMAS B.F. LEON,14,L. GARCIA ANDRES,76.6573%,11.7216%,False,1,MARISCOS ANTÓN CORTEGADA,False
L.F.-2,"Liga Regular ""B""",MIPELLETYMAS B.F. LEON,1,M. ALVAREZ,91.5374%,51.1719%,False,1,MARISCOS ANTÓN CORTEGADA,False
L.F.-2,"Liga Regular ""B""",MIPELLETYMAS B.F. LEON,15,S. GARCIA NIÑO,6.55853%,54.5749%,False,1,MARISCOS ANTÓN CORTEGADA,False
L.F.-2,"Liga Regular ""B""",MIPELLETYMAS B.F. LEON,97,F. DEMBELE,68.8293%,70.3298%,True,1,MARISCOS ANTÓN CORTEGADA,False
L.F.-2,"Liga Regular ""B""",MIPELLETYMAS B.F. LEON,0,K. BENITEZ DE LA ROSA,90.1975%,47.8948%,False,1,MARISCOS ANTÓN CORTEGADA,False
L.F.-2,"Liga Regular ""B""",MIPELLETYMAS B.F. LEON,97,F. DEMBELE,92.9478%,51.2979%,True,1,MARISCOS ANTÓN CORTEGADA,False
L.F.-2,"Liga Regular ""B""",MIPELLETYMAS B.F. LEON,97,F. DEMBELE,13.0465%,54.827%,False,1,MARISCOS ANTÓN CORTEGADA,False
L.F.-2,"Liga Regular ""B""",MIPELLETYMAS B.F. LEON,97,F. DEMBELE,17.3484%,56.2134%,False,1,MARISCOS ANTÓN CORTEGADA,False
L.F.-2,"Liga Regular ""B""",MIPELLETYMAS B.F. LEON,24,A. MARTIN CASTAÑEDA,9.37941%,50.9198%,True,1,MARISCOS ANTÓN CORTEGADA,False
L.F.-2,"Liga Regular ""B""",MIPELLETYMAS B.F. LEON,3,N. MARTÍNEZ MARTÍNEZ,87.5176%,50.7937%,True,1,MARISCOS ANTÓN CORTEGADA,False
L.F.-2,"Liga Regular ""B""",MIPELLETYMAS B.F. LEON,55,L. RODRIGUEZ DE LA TORRIENTE,92.031%,48.7771%,True,1,MARISCOS ANTÓN CORTEGADA,False
L.F.-2,"Liga Regular ""B""",MIPELLETYMAS B.F. LEON,24,A. MARTIN CASTAÑEDA,8.18054%,51.4239%,False,1,MARISCOS ANTÓN CORTEGADA,False
L.F.-2,"Liga Regular ""B""",MIPELLETYMAS B.F. LEON,14,L. GARCIA ANDRES,26.4457%,83.1858%,False,1,MARISCOS ANTÓN CORTEGADA,False
L.F.-2,"Liga Regular ""B""",MIPELLETYMAS B.F. LEON,1,M. ALVAREZ,71.3681%,20.7964%,True,1,MARISCOS ANTÓN CORTEGADA,False
L.F.-2,"Liga Regular ""B""",MIPELLETYMAS B.F. LEON,24,A. MARTIN CASTAÑEDA,8.46262%,54.4489%,True,1,MARISCOS ANTÓN CORTEGADA,False
L.F.-2,"Liga Regular ""B""",MIPELLETYMAS B.F. LEON,97,F. DEMBELE,92.031%,56.4655%,True,1,MARISCOS ANTÓN CORTEGADA,False
L.F.-2,"Liga Regular ""B""",MIPELLETYMAS B.F. LEON,3,N. MARTÍNEZ MARTÍNEZ,91.3963%,53.0624%,False,1,MARISCOS ANTÓN CORTEGADA,False
L.F.-2,"Liga Regular ""B""",MIPELLETYMAS B.F. LEON,64,P. VAQUERA BLANCO,89.4217%,50.5417%,False,1,MARISCOS ANTÓN CORTEGADA,False
L.F.-2,"Liga Regular ""B""",MIPELLETYMAS B.F. LEON,3,N. MARTÍNEZ MARTÍNEZ,91.6079%,53.4406%,False,1,MARISCOS ANTÓN CORTEGADA,False
L.F.-2,"Liga Regular ""B""",MIPELLETYMAS B.F. LEON,14,L. GARCIA ANDRES,29.1255%,84.5722%,True,1,MARISCOS ANTÓN CORTEGADA,False
L.F.-2,"Liga Regular ""B""",MIPELLETYMAS B.F. LEON,15,S. GARCIA NIÑO,9.16784%,52.5583%,True,1,MARISCOS ANTÓN CORTEGADA,False
L.F.-2,"Liga Regular ""B""",MIPELLETYMAS B.F. LEON,24,A. MARTIN CASTAÑEDA,91.7489%,49.2813%,False,1,MARISCOS ANTÓN CORTEGADA,False
L.F.-2,"Liga Regular ""B""",MIPELLETYMAS B.F. LEON,55,L. RODRIGUEZ DE LA TORRIENTE,8.3921%,51.4239%,True,1,MARISCOS ANTÓN CORTEGADA,False
L.F.-2,"Liga Regular ""B""",MIPELLETYMAS B.F. LEON,97,F. DEMBELE,92.6657%,56.7176%,False,1,MARISCOS ANTÓN CORTEGADA,False
L.F.-2,"Liga Regular ""B""",MIPELLETYMAS B.F. LEON,0,K. BENITEZ DE LA ROSA,93.0889%,50.2896%,False,1,MARISCOS ANTÓN CORTEGADA,False
L.F.-2,"Liga Regular ""B""",MIPELLETYMAS B.F. LEON,3,N. MARTÍNEZ MARTÍNEZ,4.09027%,51.4239%,True,1,MARISCOS ANTÓN CORTEGADA,False
L.F.-2,"Liga Regular ""B""",MIPELLETYMAS B.F. LEON,97,F. DEMBELE,92.5247%,50.6677%,True,1,MARISCOS ANTÓN CORTEGADA,False
L.F.-2,"Liga Regular ""B""",MIPELLETYMAS B.F. LEON,0,K. BENITEZ DE LA ROSA,27.1509%,11.3435%,False,1,MARISCOS ANTÓN CORTEGADA,False
L.F.-2,"Liga Regular ""B""",MIPELLETYMAS B.F. LEON,24,A. MARTIN CASTAÑEDA,7.4048%,53.0624%,True,1,MARISCOS ANTÓN CORTEGADA,False
L.F.-2,"Liga Regular ""B""",MIPELLETYMAS B.F. LEON,1,M. ALVAREZ,77.1509%,28.2328%,False,1,MARISCOS ANTÓN CORTEGADA,False
L.F.-2,"Liga Regular ""B""",MIPELLETYMAS B.F. LEON,55,L. RODRIGUEZ DE LA TORRIENTE,93.1594%,49.1552%,False,1,MARISCOS ANTÓN CORTEGADA,False
L.F.-2,"Liga Regular ""B""",MIPELLETYMAS B.F. LEON,14,L. GARCIA ANDRES,22.1439%,10.2092%,False,1,MARISCOS ANTÓN CORTEGADA,False
L.F.-2,"Liga Regular ""B""",MIPELLETYMAS B.F. LEON,24,A. MARTIN CASTAÑEDA,92.9478%,53.3145%,True,1,MARISCOS ANTÓN CORTEGADA,False
L.F.-2,"Liga Regular ""B""",MIPELLETYMAS B.F. LEON,15,S. GARCIA NIÑO,88.787%,53.6926%,True,1,MARISCOS ANTÓN CORTEGADA,False
L.F.-2,"Liga Regular ""B""",MIPELLETYMAS B.F. LEON,0,K. BENITEZ DE LA ROSA,29.4781%,86.967%,False,1,MARISCOS ANTÓN CORTEGADA,False
L.F.-2,"Liga Regular ""B""",MIPELLETYMAS B.F. LEON,1,M. ALVAREZ,11.213%,51.4239%,True,1,MARISCOS ANTÓN CORTEGADA,False
L.F.-2,"Liga Regular ""B""",MIPELLETYMAS B.F. LEON,0,K. BENITEZ DE LA ROSA,92.8068%,50.1636%,True,1,MARISCOS ANTÓN CORTEGADA,False
L.F.-2,"Liga Regular ""B""",MIPELLETYMAS B.F. LEON,61,D. DÍAZ GÓMEZ,9.30889%,60.6248%,False,1,MARISCOS ANTÓN CORTEGADA,False
L.F.-2,"Liga Regular ""B""",MIPELLETYMAS B.F. LEON,55,L. RODRIGUEZ DE LA TORRIENTE,89.9859%,53.9447%,False,1,MARISCOS ANTÓN CORTEGADA,False
L.F.-2,"Liga Regular ""B""",MIPELLETYMAS B.F. LEON,61,D. DÍAZ GÓMEZ,92.4542%,51.676%,True,1,MARISCOS ANTÓN CORTEGADA,False
L.F.-2,"Liga Regular ""B""",MIPELLETYMAS B.F. LEON,1,M. ALVAREZ,92.2426%,56.2134%,False,1,MARISCOS ANTÓN CORTEGADA,False
L.F.-2,"Liga Regular ""B""",MIPELLETYMAS B.F. LEON,0,K. BENITEZ DE LA ROSA,90.268%,55.8353%,False,1,MARISCOS ANTÓN CORTEGADA,False
L.F.-2,"Liga Regular ""B""",MIPELLETYMAS B.F. LEON,55,L. RODRIGUEZ DE LA TORRIENTE,7.19323%,51.1719%,True,1,MARISCOS ANTÓN CORTEGADA,False
L.F.-2,"Liga Regular ""B""",MIPELLETYMAS B.F. LEON,55,L. RODRIGUEZ DE LA TORRIENTE,7.68688%,57.0957%,False,1,MARISCOS ANTÓN CORTEGADA,False
L.F.-2,"Liga Regular ""B""",MIPELLETYMAS B.F. LEON,97,F. DEMBELE,5.92384%,59.2384%,False,1,MARISCOS ANTÓN CORTEGADA,False
L.F.-2,"Liga Regular ""B""",MIPELLETYMAS B.F. LEON,64,P. VAQUERA BLANCO,87.7997%,51.2979%,True,1,MARISCOS ANTÓN CORTEGADA,False
L.F.-2,"Liga Regular ""B""",MIPELLETYMAS B.F. LEON,97,F. DEMBELE,27.2214%,86.3368%,False,1,MARISCOS ANTÓN CORTEGADA,False
L.F.-2,"Liga Regular ""B""",MIPELLETYMAS B.F. LEON,1,M. ALVAREZ,31.5233%,84.9503%,False,1,MARISCOS ANTÓN CORTEGADA,False
L.F.-2,"Liga Regular ""B""",MIPELLETYMAS B.F. LEON,97,F. DEMBELE,93.653%,53.5666%,True,1,MARISCOS ANTÓN CORTEGADA,False
L.F.-2,"Liga Regular ""B""",C.B. ARXIL,41,M. MAESTRO GARCIA-ITURRI,22.1439%,50.1636%,True,1,IBAIZABAL,True
L.F.-2,"Liga Regular ""B""",C.B. ARXIL,13,A. FAUSSURIER ZAFRILLA,14.8801%,20.2923%,True,1,IBAIZABAL,True
L.F.-2,"Liga Regular ""B""",C.B. ARXIL,11,K. CHASSE,86.1777%,31.3837%,False,1,IBAIZABAL,True
L.F.-2,"Liga Regular ""B""",C.B. ARXIL,13,A. FAUSSURIER ZAFRILLA,76.8688%,48.7771%,False,1,IBAIZABAL,True
L.F.-2,"Liga Regular ""B""",C.B. ARXIL,44,L. FLORES FERNÁNDEZ,70.2398%,23.5693%,False,1,IBAIZABAL,True
L.F.-2,"Liga Regular ""B""",C.B. ARXIL,41,M. MAESTRO GARCIA-ITURRI,13.6812%,62.2633%,True,1,IBAIZABAL,True
L.F.-2,"Liga Regular ""B""",C.B. ARXIL,9,M. GONZALEZ ALBALADEJO,33.5684%,38.694%,True,1,IBAIZABAL,True
L.F.-2,"Liga Regular ""B""",C.B. ARXIL,11,K. CHASSE,70.8039%,16.259%,False,1,IBAIZABAL,True
L.F.-2,"Liga Regular ""B""",C.B. ARXIL,44,L. FLORES FERNÁNDEZ,31.1001%,20.5444%,False,1,IBAIZABAL,True
L.F.-2,"Liga Regular ""B""",C.B. ARXIL,13,A. FAUSSURIER ZAFRILLA,18.6883%,30.5015%,False,1,IBAIZABAL,True
L.F.-2,"Liga Regular ""B""",C.B. ARXIL,13,A. FAUSSURIER ZAFRILLA,79.055%,34.1566%,False,1,IBAIZABAL,True
L.F.-2,"Liga Regular ""B""",C.B. ARXIL,44,L. FLORES FERNÁNDEZ,71.4386%,83.1858%,True,1,IBAIZABAL,True
L.F.-2,"Liga Regular ""B""",C.B. ARXIL,16,M. MOREIRA GOMES,31.5938%,19.284%,False,1,IBAIZABAL,True
L.F.-2,"Liga Regular ""B""",C.B. ARXIL,11,K. CHASSE,10.5783%,68.5653%,True,1,IBAIZABAL,True
L.F.-2,"Liga Regular ""B""",C.B. ARXIL,44,L. FLORES FERNÁNDEZ,29.055%,85.8326%,True,1,IBAIZABAL,True
L.F.-2,"Liga Regular ""B""",C.B. ARXIL,14,C. DIAZ PACHE BLAS,15.1622%,27.2244%,False,1,IBAIZABAL,True
L.F.-2,"Liga Regular ""B""",C.B. ARXIL,44,L. FLORES FERNÁNDEZ,28.1382%,87.7232%,True,1,IBAIZABAL,True
L.F.-2,"Liga Regular ""B""",C.B. ARXIL,9,M. GONZALEZ ALBALADEJO,30.4654%,82.0514%,False,1,IBAIZABAL,True
L.F.-2,"Liga Regular ""B""",C.B. ARXIL,9,M. GONZALEZ ALBALADEJO,70.0282%,21.4266%,False,1,IBAIZABAL,True
L.F.-2,"Liga Regular ""B""",C.B. ARXIL,13,A. FAUSSURIER ZAFRILLA,15.1622%,26.2161%,False,1,IBAIZABAL,True
L.F.-2,"Liga Regular ""B""",C.B. ARXIL,15,N. LORENZO PLACIDO,78.8434%,52.4323%,False,1,IBAIZABAL,True
L.F.-2,"Liga Regular ""B""",C.B. ARXIL,11,K. CHASSE,35.543%,48.525%,False,1,IBAIZABAL,True
L.F.-2,"Liga Regular ""B""",C.B. ARXIL,44,L. FLORES FERNÁNDEZ,30.9591%,86.4628%,False,1,IBAIZABAL,True
L.F.-2,"Liga Regular ""B""",C.B. ARXIL,44,L. FLORES FERNÁNDEZ,87.6587%,95.2855%,False,1,IBAIZABAL,True
L.F.-2,"Liga Regular ""B""",C.B. ARXIL,11,K. CHASSE,10.2962%,73.1027%,False,1,IBAIZABAL,True
L.F.-2,"Liga Regular ""B""",C.B. ARXIL,13,A. FAUSSURIER ZAFRILLA,79.5487%,51.55%,True,1,IBAIZABAL,True
L.F.-2,"Liga Regular ""B""",C.B. ARXIL,93,N. LEMONGANG,91.6784%,78.2703%,False,1,IBAIZABAL,True
L.F.-2,"Liga Regular ""B""",C.B. ARXIL,13,A. FAUSSURIER ZAFRILLA,10.0846%,76.8838%,False,1,IBAIZABAL,True
L.F.-2,"Liga Regular ""B""",C.B. ARXIL,13,A. FAUSSURIER ZAFRILLA,84.1326%,58.7342%,True,1,IBAIZABAL,True
L.F.-2,"Liga Regular ""B""",C.B. ARXIL,11,K. CHASSE,74.4006%,91.7564%,False,1,IBAIZABAL,True
L.F.-2,"Liga Regular ""B""",C.B. ARXIL,93,N. LEMONGANG,30.7475%,26.5942%,False,1,IBAIZABAL,True
L.F.-2,"Liga Regular ""B""",C.B. ARXIL,11,K. CHASSE,22.1439%,9.70501%,True,1,IBAIZABAL,True
L.F.-2,"Liga Regular ""B""",C.B. ARXIL,9,M. GONZALEZ ALBALADEJO,76.0931%,55.2051%,False,1,IBAIZABAL,True
L.F.-2,"Liga Regular ""B""",C.B. ARXIL,11,K. CHASSE,8.81523%,60.8769%,True,1,IBAIZABAL,True
L.F.-2,"Liga Regular ""B""",C.B. ARXIL,16,M. MOREIRA GOMES,13.9633%,47.8948%,True,1,IBAIZABAL,True
L.F.-2,"Liga Regular ""B""",C.B. ARXIL,44,L. FLORES FERNÁNDEZ,66.2906%,25.0818%,False,1,IBAIZABAL,True
L.F.-2,"Liga Regular ""B""",C.B. ARXIL,41,M. MAESTRO GARCIA-ITURRI,23.0606%,42.9793%,False,1,IBAIZABAL,True
L.F.-2,"Liga Regular ""B""",C.B. ARXIL,11,K. CHASSE,68.7588%,21.9308%,False,1,IBAIZABAL,True
L.F.-2,"Liga Regular ""B""",C.B. ARXIL,28,A. SIPKA,70.8039%,23.0652%,False,1,IBAIZABAL,True
L.F.-2,"Liga Regular ""B""",C.B. ARXIL,44,L. FLORES FERNÁNDEZ,31.0296%,25.964%,False,1,IBAIZABAL,True
L.F.-2,"Liga Regular ""B""",C.B. ARXIL,28,A. SIPKA,27.9267%,12.2258%,False,1,IBAIZABAL,True
L.F.-2,"Liga Regular ""B""",C.B. ARXIL,41,M. MAESTRO GARCIA-ITURRI,12.2708%,64.2799%,True,1,IBAIZABAL,True
L.F.-2,"Liga Regular ""B""",C.B. ARXIL,9,M. GONZALEZ ALBALADEJO,35.4725%,37.9378%,False,1,IBAIZABAL,True
L.F.-2,"Liga Regular ""B""",C.B. ARXIL,93,N. LEMONGANG,89.2807%,61.0029%,True,1,IBAIZABAL,True
L.F.-2,"Liga Regular ""B""",C.B. ARXIL,44,L. FLORES FERNÁNDEZ,14.5275%,26.0901%,False,1,IBAIZABAL,True
L.F.-2,"Liga Regular ""B""",C.B. ARXIL,41,M. MAESTRO GARCIA-ITURRI,84.5557%,63.7758%,False,1,IBAIZABAL,True
L.F.-2,"Liga Regular ""B""",C.B. ARXIL,28,A. SIPKA,70.5924%,81.6733%,False,1,IBAIZABAL,True
L.F.-2,"Liga Regular ""B""",C.B. ARXIL,44,L. FLORES FERNÁNDEZ,74.8237%,10.7133%,False,1,IBAIZABAL,True
L.F.-2,"Liga Regular ""B""",C.B. ARXIL,14,C. DIAZ PACHE BLAS,70.5219%,18.4017%,True,1,IBAIZABAL,True
L.F.-2,"Liga Regular ""B""",C.B. ARXIL,13,A. FAUSSURIER ZAFRILLA,15.2327%,23.8214%,False,1,IBAIZABAL,True
L.F.-2,"Liga Regular ""B""",C.B. ARXIL,44,L. FLORES FERNÁNDEZ,25.7405%,43.8616%,False,1,IBAIZABAL,True
L.F.-2,"Liga Regular ""B""",C.B. ARXIL,16,M. MOREIRA GOMES,32.0874%,24.1995%,False,1,IBAIZABAL,True
L.F.-2,"Liga Regular ""B""",C.B. ARXIL,93,N. LEMONGANG,89.0691%,74.111%,False,1,IBAIZABAL,True
L.F.-2,"Liga Regular ""B""",IBAIZABAL,11,U. IRUSKIETA URIBE,76.7278%,57.7259%,False,1,C.B. ARXIL,False
L.F.-2,"Liga Regular ""B""",IBAIZABAL,8,L. VINDEL ARETXABALA,80.8886%,54.1968%,True,1,C.B. ARXIL,False
L.F.-2,"Liga Regular ""B""",IBAIZABAL,19,N. DIAZ CAMACHO,91.2553%,75.4974%,False,1,C.B. ARXIL,False
L.F.-2,"Liga Regular ""B""",IBAIZABAL,4,N. SARASUA BLANCO,34.9788%,67.4309%,False,1,C.B. ARXIL,False
L.F.-2,"Liga Regular ""B""",IBAIZABAL,7,A. IRUSKIETA URIBE,15.4443%,41.971%,True,1,C.B. ARXIL,False
L.F.-2,"Liga Regular ""B""",IBAIZABAL,7,A. IRUSKIETA URIBE,92.4542%,63.9018%,True,1,C.B. ARXIL,False
L.F.-2,"Liga Regular ""B""",IBAIZABAL,1,L. VALLEJO CASARES,71.5092%,88.3534%,True,1,C.B. ARXIL,False
L.F.-2,"Liga Regular ""B""",IBAIZABAL,8,L. VINDEL ARETXABALA,11.213%,42.2231%,False,1,C.B. ARXIL,False
L.F.-2,"Liga Regular ""B""",IBAIZABAL,1,L. VALLEJO CASARES,86.0367%,43.2314%,False,1,C.B. ARXIL,False
L.F.-2,"Liga Regular ""B""",IBAIZABAL,8,L. VINDEL ARETXABALA,88.5755%,60.6248%,True,1,C.B. ARXIL,False
L.F.-2,"Liga Regular ""B""",IBAIZABAL,1,L. VALLEJO CASARES,30.3244%,23.6953%,False,1,C.B. ARXIL,False
L.F.-2,"Liga Regular ""B""",IBAIZABAL,11,U. IRUSKIETA URIBE,29.6192%,18.0236%,False,1,C.B. ARXIL,False
L.F.-2,"Liga Regular ""B""",IBAIZABAL,1,L. VALLEJO CASARES,9.30889%,71.2121%,True,1,C.B. ARXIL,False
L.F.-2,"Liga Regular ""B""",IBAIZABAL,31,M. CUESTA GARCIA,17.5599%,59.2384%,True,1,C.B. ARXIL,False
L.F.-2,"Liga Regular ""B""",IBAIZABAL,8,L. VINDEL ARETXABALA,68.7588%,73.7329%,False,1,C.B. ARXIL,False
L.F.-2,"Liga Regular ""B""",IBAIZABAL,31,M. CUESTA GARCIA,22.7786%,49.4073%,True,1,C.B. ARXIL,False
L.F.-2,"Liga Regular ""B""",IBAIZABAL,4,N. SARASUA BLANCO,78.9845%,49.1552%,False,1,C.B. ARXIL,False
L.F.-2,"Liga Regular ""B""",IBAIZABAL,11,U. IRUSKIETA URIBE,17.701%,49.9115%,True,1,C.B. ARXIL,False
L.F.-2,"Liga Regular ""B""",IBAIZABAL,27,G. CHASS,16.079%,33.0222%,False,1,C.B. ARXIL,False
L.F.-2,"Liga Regular ""B""",IBAIZABAL,1,L. VALLEJO CASARES,28.3498%,87.3451%,False,1,C.B. ARXIL,False
L.F.-2,"Liga Regular ""B""",IBAIZABAL,31,M. CUESTA GARCIA,35.1904%,37.4336%,True,1,C.B. ARXIL,False
L.F.-2,"Liga Regular ""B""",IBAIZABAL,1,L. VALLEJO CASARES,78.8434%,31.1317%,True,1,C.B. ARXIL,False
L.F.-2,"Liga Regular ""B""",IBAIZABAL,27,G. CHASS,87.024%,69.8256%,False,1,C.B. ARXIL,False
L.F.-2,"Liga Regular ""B""",IBAIZABAL,8,L. VINDEL ARETXABALA,69.8166%,16.7632%,False,1,C.B. ARXIL,False
L.F.-2,"Liga Regular ""B""",IBAIZABAL,4,N. SARASUA BLANCO,77.574%,75.2453%,False,1,C.B. ARXIL,False
L.F.-2,"Liga Regular ""B""",IBAIZABAL,4,N. SARASUA BLANCO,91.9605%,95.5376%,False,1,C.B. ARXIL,False
L.F.-2,"Liga Regular ""B""",IBAIZABAL,1,L. VALLEJO CASARES,24.33%,12.2258%,True,1,C.B. ARXIL,False
L.F.-2,"Liga Regular ""B""",IBAIZABAL,7,A. IRUSKIETA URIBE,84.2736%,73.7329%,False,1,C.B. ARXIL,False
L.F.-2,"Liga Regular ""B""",IBAIZABAL,1,L. VALLEJO CASARES,77.433%,89.3617%,False,1,C.B. ARXIL,False
L.F.-2,"Liga Regular ""B""",IBAIZABAL,19,N. DIAZ CAMACHO,17.842%,45.5001%,False,1,C.B. ARXIL,False
L.F.-2,"Liga Regular ""B""",IBAIZABAL,8,L. VINDEL ARETXABALA,36.0367%,44.1137%,True,1,C.B. ARXIL,False
L.F.-2,"Liga Regular ""B""",IBAIZABAL,8,L. VINDEL ARETXABALA,77.2214%,67.4309%,True,1,C.B. ARXIL,False
L.F.-2,"Liga Regular ""B""",IBAIZABAL,4,N. SARASUA BLANCO,6.84062%,75.7495%,False,1,C.B. ARXIL,False
L.F.-2,"Liga Regular ""B""",IBAIZABAL,1,L. VALLEJO CASARES,75.1058%,39.0721%,False,1,C.B. ARXIL,False
L.F.-2,"Liga Regular ""B""",IBAIZABAL,8,L. VINDEL ARETXABALA,33.4979%,76.5057%,False,1,C.B. ARXIL,False
L.F.-2,"Liga Regular ""B""",IBAIZABAL,8,L. VINDEL ARETXABALA,85.3315%,41.845%,True,1,C.B. ARXIL,False
L.F.-2,"Liga Regular ""B""",IBAIZABAL,11,U. IRUSKIETA URIBE,19.2525%,36.2993%,False,1,C.B. ARXIL,False
L.F.-2,"Liga Regular ""B""",IBAIZABAL,11,U. IRUSKIETA URIBE,73.1312%,16.3851%,False,1,C.B. ARXIL,False
L.F.-2,"Liga Regular ""B""",IBAIZABAL,1,L. VALLEJO CASARES,79.1255%,44.8699%,False,1,C.B. ARXIL,False
L.F.-2,"Liga Regular ""B""",IBAIZABAL,19,N. DIAZ CAMACHO,11.0014%,35.9211%,False,1,C.B. ARXIL,False
L.F.-2,"Liga Regular ""B""",IBAIZABAL,4,N. SARASUA BLANCO,67.7715%,24.3255%,False,1,C.B. ARXIL,False
L.F.-2,"Liga Regular ""B""",IBAIZABAL,1,L. VALLEJO CASARES,82.8632%,33.4004%,False,1,C.B. ARXIL,False
L.F.-2,"Liga Regular ""B""",IBAIZABAL,1,L. VALLEJO CASARES,34.4147%,58.7342%,False,1,C.B. ARXIL,False
L.F.-2,"Liga Regular ""B""",IBAIZABAL,8,L. VINDEL ARETXABALA,84.9788%,39.1982%,True,1,C.B. ARXIL,False
L.F.-2,"Liga Regular ""B""",IBAIZABAL,1,L. VALLEJO CASARES,17.9126%,49.9115%,True,1,C.B. ARXIL,False
L.F.-2,"Liga Regular ""B""",IBAIZABAL,1,L. VALLEJO CASARES,7.4048%,39.3242%,True,1,C.B. ARXIL,False
L.F.-2,"Liga Regular ""B""",IBAIZABAL,1,L. VALLEJO CASARES,15.2327%,71.8423%,False,1,C.B. ARXIL,False
L.F.-2,"Liga Regular ""B""",IBAIZABAL,1,L. VALLEJO CASARES,65.3738%,77.514%,False,1,C.B. ARXIL,False
L.F.-2,"Liga Regular ""B""",IBAIZABAL,8,L. VINDEL ARETXABALA,77.5035%,55.2051%,True,1,C.B. ARXIL,False
L.F.-2,"Liga Regular ""B""",IBAIZABAL,11,U. IRUSKIETA URIBE,74.33%,11.3435%,False,1,C.B. ARXIL,False
L.F.-2,"Liga Regular ""B""",IBAIZABAL,8,L. VINDEL ARETXABALA,81.7348%,59.8686%,True,1,C.B. ARXIL,False
L.F.-2,"Liga Regular ""B""",IBAIZABAL,8,L. VINDEL ARETXABALA,73.6953%,51.4239%,True,1,C.B. ARXIL,False
L.F.-2,"Liga Regular ""B""",IBAIZABAL,4,N. SARASUA BLANCO,18.4767%,41.2148%,False,1,C.B. ARXIL,False
L.F.-2,"Liga Regular ""B""",IBAIZABAL,4,N. SARASUA BLANCO,88.9281%,44.7439%,True,1,C.B. ARXIL,False
L.F.-2,"Liga Regular ""B""",IBAIZABAL,31,M. CUESTA GARCIA,26.0226%,47.3907%,False,1,C.B. ARXIL,False
L.F.-2,"Liga Regular ""B""",IBAIZABAL,8,L. VINDEL ARETXABALA,19.8872%,77.262%,False,1,C.B. ARXIL,False
L.F.-2,"Liga Regular ""B""",IBAIZABAL,1,L. VALLEJO CASARES,77.2214%,62.2633%,True,1,C.B. ARXIL,False
L.F.-2,"Liga Regular ""B""",ROMAKURUMA U.E.MATARÓ,11,L. GUARDIA MARTI,12.835%,40.5846%,False,1,SIROKO GIJON BASKETBALL,True
L.F.-2,"Liga Regular ""B""",ROMAKURUMA U.E.MATARÓ,18,A. TALAVERON GARCIA,32.158%,23.9474%,False,1,SIROKO GIJON BASKETBALL,True
L.F.-2,"Liga Regular ""B""",ROMAKURUMA U.E.MATARÓ,21,E. PEY RUIZ,90.8322%,26.8463%,False,1,SIROKO GIJON BASKETBALL,True
L.F.-2,"Liga Regular ""B""",ROMAKURUMA U.E.MATARÓ,11,L. GUARDIA MARTI,10.2257%,55.0791%,True,1,SIROKO GIJON BASKETBALL,True
L.F.-2,"Liga Regular ""B""",ROMAKURUMA U.E.MATARÓ,21,E. PEY RUIZ,22.426%,53.1885%,True,1,SIROKO GIJON BASKETBALL,True
L.F.-2,"Liga Regular ""B""",ROMAKURUMA U.E.MATARÓ,13,P. CASADEVALL RODRIGUEZ,8.74471%,63.3977%,False,1,SIROKO GIJON BASKETBALL,True
L.F.-2,"Liga Regular ""B""",ROMAKURUMA U.E.MATARÓ,12,M. LABORDA MARTIN,27.1509%,13.8643%,False,1,SIROKO GIJON BASKETBALL,True
L.F.-2,"Liga Regular ""B""",ROMAKURUMA U.E.MATARÓ,12,M. LABORDA MARTIN,8.18054%,59.7425%,False,1,SIROKO GIJON BASKETBALL,True
L.F.-2,"Liga Regular ""B""",ROMAKURUMA U.E.MATARÓ,6,H. LOPEZ VIVES,34.2031%,25.964%,False,1,SIROKO GIJON BASKETBALL,True
L.F.-2,"Liga Regular ""B""",ROMAKURUMA U.E.MATARÓ,10,I. ROIG GONZÁLEZ,71.3681%,86.3368%,False,1,SIROKO GIJON BASKETBALL,True
L.F.-2,"Liga Regular ""B""",ROMAKURUMA U.E.MATARÓ,21,E. PEY RUIZ,10.6488%,62.6414%,True,1,SIROKO GIJON BASKETBALL,True
L.F.-2,"Liga Regular ""B""",ROMAKURUMA U.E.MATARÓ,11,L. GUARDIA MARTI,9.73202%,55.0791%,False,1,SIROKO GIJON BASKETBALL,True
L.F.-2,"Liga Regular ""B""",ROMAKURUMA U.E.MATARÓ,2,N. GRAU DE DIEGO,9.94358%,42.4752%,False,1,SIROKO GIJON BASKETBALL,True
L.F.-2,"Liga Regular ""B""",ROMAKURUMA U.E.MATARÓ,12,M. LABORDA MARTIN,88.646%,31.1317%,False,1,SIROKO GIJON BASKETBALL,True
L.F.-2,"Liga Regular ""B""",ROMAKURUMA U.E.MATARÓ,13,P. CASADEVALL RODRIGUEZ,70.8039%,16.007%,False,1,SIROKO GIJON BASKETBALL,True
L.F.-2,"Liga Regular ""B""",ROMAKURUMA U.E.MATARÓ,12,M. LABORDA MARTIN,71.8618%,87.5972%,True,1,SIROKO GIJON BASKETBALL,True
L.F.-2,"Liga Regular ""B""",ROMAKURUMA U.E.MATARÓ,18,A. TALAVERON GARCIA,64.2454%,50.7937%,False,1,SIROKO GIJON BASKETBALL,True
L.F.-2,"Liga Regular ""B""",ROMAKURUMA U.E.MATARÓ,21,E. PEY RUIZ,89.1396%,53.0624%,False,1,SIROKO GIJON BASKETBALL,True
L.F.-2,"Liga Regular ""B""",ROMAKURUMA U.E.MATARÓ,5,J. MUÑOZ PINO,13.3992%,38.4419%,True,1,SIROKO GIJON BASKETBALL,True
L.F.-2,"Liga Regular ""B""",ROMAKURUMA U.E.MATARÓ,11,L. GUARDIA MARTI,8.03949%,66.9267%,True,1,SIROKO GIJON BASKETBALL,True
L.F.-2,"Liga Regular ""B""",ROMAKURUMA U.E.MATARÓ,21,E. PEY RUIZ,89.1396%,32.14%,False,1,SIROKO GIJON BASKETBALL,True
L.F.-2,"Liga Regular ""B""",ROMAKURUMA U.E.MATARÓ,12,M. LABORDA MARTIN,11.6361%,54.953%,True,1,SIROKO GIJON BASKETBALL,True
L.F.-2,"Liga Regular ""B""",ROMAKURUMA U.E.MATARÓ,21,E. PEY RUIZ,92.3836%,17.2674%,False,1,SIROKO GIJON BASKETBALL,True
L.F.-2,"Liga Regular ""B""",ROMAKURUMA U.E.MATARÓ,13,P. CASADEVALL RODRIGUEZ,7.47532%,78.3963%,True,1,SIROKO GIJON BASKETBALL,True
L.F.-2,"Liga Regular ""B""",ROMAKURUMA U.E.MATARÓ,12,M. LABORDA MARTIN,69.3935%,73.7329%,False,1,SIROKO GIJON BASKETBALL,True
L.F.-2,"Liga Regular ""B""",ROMAKURUMA U.E.MATARÓ,4,L. ARIAS CAPITAN,76.2341%,9.32689%,False,1,SIROKO GIJON BASKETBALL,True
L.F.-2,"Liga Regular ""B""",ROMAKURUMA U.E.MATARÓ,2,N. GRAU DE DIEGO,85.2609%,54.3228%,True,1,SIROKO GIJON BASKETBALL,True
L.F.-2,"Liga Regular ""B""",ROMAKURUMA U.E.MATARÓ,21,E. PEY RUIZ,87.6587%,36.0472%,True,1,SIROKO GIJON BASKETBALL,True
L.F.-2,"Liga Regular ""B""",ROMAKURUMA U.E.MATARÓ,18,A. TALAVERON GARCIA,9.80254%,64.532%,False,1,SIROKO GIJON BASKETBALL,True
L.F.-2,"Liga Regular ""B""",ROMAKURUMA U.E.MATARÓ,5,J. MUÑOZ PINO,90.4795%,56.8436%,False,1,SIROKO GIJON BASKETBALL,True
L.F.-2,"Liga Regular ""B""",ROMAKURUMA U.E.MATARÓ,12,M. LABORDA MARTIN,8.18054%,58.4821%,False,1,SIROKO GIJON BASKETBALL,True
L.F.-2,"Liga Regular ""B""",ROMAKURUMA U.E.MATARÓ,18,A. TALAVERON GARCIA,10.7898%,27.6026%,False,1,SIROKO GIJON BASKETBALL,True
L.F.-2,"Liga Regular ""B""",ROMAKURUMA U.E.MATARÓ,21,E. PEY RUIZ,74.8237%,7.94046%,True,1,SIROKO GIJON BASKETBALL,True
L.F.-2,"Liga Regular ""B""",ROMAKURUMA U.E.MATARÓ,11,L. GUARDIA MARTI,88.5049%,31.7618%,False,1,SIROKO GIJON BASKETBALL,True
L.F.-2,"Liga Regular ""B""",ROMAKURUMA U.E.MATARÓ,5,J. MUÑOZ PINO,66.22%,34.0306%,False,1,SIROKO GIJON BASKETBALL,True
L.F.-2,"Liga Regular ""B""",ROMAKURUMA U.E.MATARÓ,10,I. ROIG GONZÁLEZ,74.8237%,88.3534%,True,1,SIROKO GIJON BASKETBALL,True
L.F.-2,"Liga Regular ""B""",ROMAKURUMA U.E.MATARÓ,6,H. LOPEZ VIVES,30.8181%,78.7744%,True,1,SIROKO GIJON BASKETBALL,True
L.F.-2,"Liga Regular ""B""",ROMAKURUMA U.E.MATARÓ,11,L. GUARDIA MARTI,12.4118%,44.7439%,False,1,SIROKO GIJON BASKETBALL,True
L.F.-2,"Liga Regular ""B""",ROMAKURUMA U.E.MATARÓ,11,L. GUARDIA MARTI,10.2257%,55.0791%,False,1,SIROKO GIJON BASKETBALL,True
L.F.-2,"Liga Regular ""B""",ROMAKURUMA U.E.MATARÓ,11,L. GUARDIA MARTI,10.0846%,40.9627%,False,1,SIROKO GIJON BASKETBALL,True
L.F.-2,"Liga Regular ""B""",ROMAKURUMA U.E.MATARÓ,11,L. GUARDIA MARTI,86.0367%,36.9294%,False,1,SIROKO GIJON BASKETBALL,True
L.F.-2,"Liga Regular ""B""",ROMAKURUMA U.E.MATARÓ,2,N. GRAU DE DIEGO,30.4654%,18.0236%,False,1,SIROKO GIJON BASKETBALL,True
L.F.-2,"Liga Regular ""B""",ROMAKURUMA U.E.MATARÓ,13,P. CASADEVALL RODRIGUEZ,70.0282%,81.2952%,False,1,SIROKO GIJON BASKETBALL,True
L.F.-2,"Liga Regular ""B""",ROMAKURUMA U.E.MATARÓ,12,M. LABORDA MARTIN,12.2003%,59.9946%,False,1,SIROKO GIJON BASKETBALL,True
L.F.-2,"Liga Regular ""B""",ROMAKURUMA U.E.MATARÓ,21,E. PEY RUIZ,9.0268%,57.8519%,True,1,SIROKO GIJON BASKETBALL,True
L.F.-2,"Liga Regular ""B""",ROMAKURUMA U.E.MATARÓ,6,H. LOPEZ VIVES,82.0169%,59.7425%,False,1,SIROKO GIJON BASKETBALL,True
L.F.-2,"Liga Regular ""B""",ROMAKURUMA U.E.MATARÓ,5,J. MUÑOZ PINO,33.2158%,31.2577%,False,1,SIROKO GIJON BASKETBALL,True
L.F.-2,"Liga Regular ""B""",ROMAKURUMA U.E.MATARÓ,12,M. LABORDA MARTIN,10.8604%,57.978%,False,1,SIROKO GIJON BASKETBALL,True
L.F.-2,"Liga Regular ""B""",ROMAKURUMA U.E.MATARÓ,11,L. GUARDIA MARTI,12.2708%,59.1123%,True,1,SIROKO GIJON BASKETBALL,True
L.F.-2,"Liga Regular ""B""",ROMAKURUMA U.E.MATARÓ,21,E. PEY RUIZ,10.6488%,35.6691%,True,1,SIROKO GIJON BASKETBALL,True
L.F.-2,"Liga Regular ""B""",ROMAKURUMA U.E.MATARÓ,6,H. LOPEZ VIVES,65.9379%,45.248%,True,1,SIROKO GIJON BASKETBALL,True
L.F.-2,"Liga Regular ""B""",ROMAKURUMA U.E.MATARÓ,2,N. GRAU DE DIEGO,68.2652%,74.111%,False,1,SIROKO GIJON BASKETBALL,True
L.F.-2,"Liga Regular ""B""",ROMAKURUMA U.E.MATARÓ,4,L. ARIAS CAPITAN,12.9055%,32.8962%,True,1,SIROKO GIJON BASKETBALL,True
L.F.-2,"Liga Regular ""B""",ROMAKURUMA U.E.MATARÓ,2,N. GRAU DE DIEGO,28.7729%,9.70501%,False,1,SIROKO GIJON BASKETBALL,True
L.F.-2,"Liga Regular ""B""",ROMAKURUMA U.E.MATARÓ,5,J. MUÑOZ PINO,66.3611%,49.6594%,False,1,SIROKO GIJON BASKETBALL,True
L.F.-2,"Liga Regular ""B""",ROMAKURUMA U.E.MATARÓ,6,H. LOPEZ VIVES,15.3032%,54.0708%,False,1,SIROKO GIJON BASKETBALL,True
L.F.-2,"Liga Regular ""B""",ROMAKURUMA U.E.MATARÓ,11,L. GUARDIA MARTI,89.7743%,63.3977%,True,1,SIROKO GIJON BASKETBALL,True
L.F.-2,"Liga Regular ""B""",ROMAKURUMA U.E.MATARÓ,6,H. LOPEZ VIVES,63.8223%,59.2384%,False,1,SIROKO GIJON BASKETBALL,True
L.F.-2,"Liga Regular ""B""",ROMAKURUMA U.E.MATARÓ,11,L. GUARDIA MARTI,87.0945%,59.7425%,True,1,SIROKO GIJON BASKETBALL,True
L.F.-2,"Liga Regular ""B""",ROMAKURUMA U.E.MATARÓ,6,H. LOPEZ VIVES,11.213%,30.7535%,False,1,SIROKO GIJON BASKETBALL,True
L.F.-2,"Liga Regular ""B""",ROMAKURUMA U.E.MATARÓ,4,L. ARIAS CAPITAN,13.0465%,42.3491%,False,1,SIROKO GIJON BASKETBALL,True
L.F.-2,"Liga Regular ""B""",ROMAKURUMA U.E.MATARÓ,6,H. LOPEZ VIVES,14.6685%,67.9351%,True,1,SIROKO GIJON BASKETBALL,True
L.F.-2,"Liga Regular ""B""",ROMAKURUMA U.E.MATARÓ,12,M. LABORDA MARTIN,89.1396%,70.96%,True,1,SIROKO GIJON BASKETBALL,True
L.F.-2,"Liga Regular ""B""",ROMAKURUMA U.E.MATARÓ,6,H. LOPEZ VIVES,66.3611%,38.1898%,False,1,SIROKO GIJON BASKETBALL,True
L.F.-2,"Liga Regular ""B""",ROMAKURUMA U.E.MATARÓ,21,E. PEY RUIZ,89.2807%,56.4655%,True,1,SIROKO GIJON BASKETBALL,True
L.F.-2,"Liga Regular ""B""",ROMAKURUMA U.E.MATARÓ,12,M. LABORDA MARTIN,72.0028%,82.6816%,False,1,SIROKO GIJON BASKETBALL,True
L.F.-2,"Liga Regular ""B""",ROMAKURUMA U.E.MATARÓ,11,L. GUARDIA MARTI,9.09732%,60.3727%,True,1,SIROKO GIJON BASKETBALL,True
L.F.-2,"Liga Regular ""B""",ROMAKURUMA U.E.MATARÓ,12,M. LABORDA MARTIN,13.0465%,58.3561%,False,1,SIROKO GIJON BASKETBALL,True
L.F.-2,"Liga Regular ""B""",ROMAKURUMA U.E.MATARÓ,2,N. GRAU DE DIEGO,28.914%,18.0236%,False,1,SIROKO GIJON BASKETBALL,True
L.F.-2,"Liga Regular ""B""",SIROKO GIJON BASKETBALL,17,S. HAMIDI,11.6361%,33.9045%,False,1,ROMAKURUMA U.E.MATARÓ,False
L.F.-2,"Liga Regular ""B""",SIROKO GIJON BASKETBALL,10,L. GARCIA PECES,10.0141%,25.838%,False,1,ROMAKURUMA U.E.MATARÓ,False
L.F.-2,"Liga Regular ""B""",SIROKO GIJON BASKETBALL,23,S. AINSA LLUCH,70.1693%,16.007%,False,1,ROMAKURUMA U.E.MATARÓ,False
L.F.-2,"Liga Regular ""B""",SIROKO GIJON BASKETBALL,11,L. MERA RODRIGUEZ,72.2144%,15.6288%,False,1,ROMAKURUMA U.E.MATARÓ,False
L.F.-2,"Liga Regular ""B""",SIROKO GIJON BASKETBALL,10,L. GARCIA PECES,33.9915%,27.3505%,False,1,ROMAKURUMA U.E.MATARÓ,False
L.F.-2,"Liga Regular ""B""",SIROKO GIJON BASKETBALL,17,S. HAMIDI,82.158%,44.6178%,False,1,ROMAKURUMA U.E.MATARÓ,False
L.F.-2,"Liga Regular ""B""",SIROKO GIJON BASKETBALL,9,M. CORTES REY,87.5176%,37.9378%,False,1,ROMAKURUMA U.E.MATARÓ,False
L.F.-2,"Liga Regular ""B""",SIROKO GIJON BASKETBALL,23,S. AINSA LLUCH,89.2102%,64.9101%,True,1,ROMAKURUMA U.E.MATARÓ,False
L.F.-2,"Liga Regular ""B""",SIROKO GIJON BASKETBALL,10,L. GARCIA PECES,71.2976%,14.7466%,True,1,ROMAKURUMA U.E.MATARÓ,False
L.F.-2,"Liga Regular ""B""",SIROKO GIJON BASKETBALL,23,S. AINSA LLUCH,88.0818%,58.8602%,True,1,ROMAKURUMA U.E.MATARÓ,False
L.F.-2,"Liga Regular ""B""",SIROKO GIJON BASKETBALL,23,S. AINSA LLUCH,16.9252%,40.0804%,True,1,ROMAKURUMA U.E.MATARÓ,False
L.F.-2,"Liga Regular ""B""",SIROKO GIJON BASKETBALL,6,C. YUSTE PIQUER,84.4852%,31.0056%,False,1,ROMAKURUMA U.E.MATARÓ,False
L.F.-2,"Liga Regular ""B""",SIROKO GIJON BASKETBALL,17,S. HAMIDI,83.1453%,50.9198%,False,1,ROMAKURUMA U.E.MATARÓ,False
L.F.-2,"Liga Regular ""B""",SIROKO GIJON BASKETBALL,99,L. HUESO VENTURA,29.7602%,78.7744%,True,1,ROMAKURUMA U.E.MATARÓ,False
L.F.-2,"Liga Regular ""B""",SIROKO GIJON BASKETBALL,13,M. RUSSELL,7.19323%,32.392%,False,1,ROMAKURUMA U.E.MATARÓ,False
L.F.-2,"Liga Regular ""B""",SIROKO GIJON BASKETBALL,13,M. RUSSELL,70.5924%,84.0681%,False,1,ROMAKURUMA U.E.MATARÓ,False
L.F.-2,"Liga Regular ""B""",SIROKO GIJON BASKETBALL,10,L. GARCIA PECES,32.3695%,23.8214%,False,1,ROMAKURUMA U.E.MATARÓ,False
L.F.-2,"Liga Regular ""B""",SIROKO GIJON BASKETBALL,13,M. RUSSELL,12.0592%,64.532%,False,1,ROMAKURUMA U.E.MATARÓ,False
L.F.-2,"Liga Regular ""B""",SIROKO GIJON BASKETBALL,23,S. AINSA LLUCH,68.8293%,19.7881%,False,1,ROMAKURUMA U.E.MATARÓ,False
L.F.-2,"Liga Regular ""B""",SIROKO GIJON BASKETBALL,23,S. AINSA LLUCH,10.0846%,29.3671%,True,1,ROMAKURUMA U.E.MATARÓ,False
L.F.-2,"Liga Regular ""B""",SIROKO GIJON BASKETBALL,10,L. GARCIA PECES,10.1551%,24.7037%,False,1,ROMAKURUMA U.E.MATARÓ,False
L.F.-2,"Liga Regular ""B""",SIROKO GIJON BASKETBALL,9,M. CORTES REY,13.0465%,61.129%,True,1,ROMAKURUMA U.E.MATARÓ,False
L.F.-2,"Liga Regular ""B""",SIROKO GIJON BASKETBALL,13,M. RUSSELL,84.7673%,50.4156%,False,1,ROMAKURUMA U.E.MATARÓ,False
L.F.-2,"Liga Regular ""B""",SIROKO GIJON BASKETBALL,1,L. TESSON,11.354%,32.266%,True,1,ROMAKURUMA U.E.MATARÓ,False
L.F.-2,"Liga Regular ""B""",SIROKO GIJON BASKETBALL,13,M. RUSSELL,65.5853%,41.971%,False,1,ROMAKURUMA U.E.MATARÓ,False
L.F.-2,"Liga Regular ""B""",SIROKO GIJON BASKETBALL,1,L. TESSON,16.8547%,27.6026%,True,1,ROMAKURUMA U.E.MATARÓ,False
L.F.-2,"Liga Regular ""B""",SIROKO GIJON BASKETBALL,10,L. GARCIA PECES,63.4697%,36.9294%,False,1,ROMAKURUMA U.E.MATARÓ,False
L.F.-2,"Liga Regular ""B""",SIROKO GIJON BASKETBALL,17,S. HAMIDI,14.457%,32.0139%,False,1,ROMAKURUMA U.E.MATARÓ,False
L.F.-2,"Liga Regular ""B""",SIROKO GIJON BASKETBALL,6,C. YUSTE PIQUER,11.4951%,58.6082%,False,1,ROMAKURUMA U.E.MATARÓ,False
L.F.-2,"Liga Regular ""B""",SIROKO GIJON BASKETBALL,23,S. AINSA LLUCH,88.9281%,29.8713%,False,1,ROMAKURUMA U.E.MATARÓ,False
L.F.-2,"Liga Regular ""B""",SIROKO GIJON BASKETBALL,10,L. GARCIA PECES,90.9027%,59.1123%,True,1,ROMAKURUMA U.E.MATARÓ,False
L.F.-2,"Liga Regular ""B""",SIROKO GIJON BASKETBALL,6,C. YUSTE PIQUER,28.8434%,13.6122%,False,1,ROMAKURUMA U.E.MATARÓ,False
L.F.-2,"Liga Regular ""B""",SIROKO GIJON BASKETBALL,6,C. YUSTE PIQUER,23.4838%,91.8825%,True,1,ROMAKURUMA U.E.MATARÓ,False
L.F.-2,"Liga Regular ""B""",SIROKO GIJON BASKETBALL,17,S. HAMIDI,9.80254%,54.4489%,True,1,ROMAKURUMA U.E.MATARÓ,False
L.F.-2,"Liga Regular ""B""",SIROKO GIJON BASKETBALL,23,S. AINSA LLUCH,11.0014%,41.3408%,False,1,ROMAKURUMA U.E.MATARÓ,False
L.F.-2,"Liga Regular ""B""",SIROKO GIJON BASKETBALL,17,S. HAMIDI,37.165%,54.827%,False,1,ROMAKURUMA U.E.MATARÓ,False
L.F.-2,"Liga Regular ""B""",SIROKO GIJON BASKETBALL,23,S. AINSA LLUCH,88.5049%,19.41%,False,1,ROMAKURUMA U.E.MATARÓ,False
L.F.-2,"Liga Regular ""B""",SIROKO GIJON BASKETBALL,1,L. TESSON,70.6629%,20.7964%,False,1,ROMAKURUMA U.E.MATARÓ,False
L.F.-2,"Liga Regular ""B""",SIROKO GIJON BASKETBALL,1,L. TESSON,88.5755%,27.8546%,False,1,ROMAKURUMA U.E.MATARÓ,False
L.F.-2,"Liga Regular ""B""",SIROKO GIJON BASKETBALL,23,S. AINSA LLUCH,85.8251%,79.7827%,False,1,ROMAKURUMA U.E.MATARÓ,False
L.F.-2,"Liga Regular ""B""",SIROKO GIJON BASKETBALL,10,L. GARCIA PECES,12.4118%,73.2287%,False,1,ROMAKURUMA U.E.MATARÓ,False
L.F.-2,"Liga Regular ""B""",SIROKO GIJON BASKETBALL,17,S. HAMIDI,85.3315%,49.9115%,False,1,ROMAKURUMA U.E.MATARÓ,False
L.F.-2,"Liga Regular ""B""",SIROKO GIJON BASKETBALL,23,S. AINSA LLUCH,71.7913%,16.7632%,False,1,ROMAKURUMA U.E.MATARÓ,False
L.F.-2,"Liga Regular ""B""",SIROKO GIJON BASKETBALL,13,M. RUSSELL,7.89845%,26.3422%,False,1,ROMAKURUMA U.E.MATARÓ,False
L.F.-2,"Liga Regular ""B""",SIROKO GIJON BASKETBALL,23,S. AINSA LLUCH,83.4979%,41.971%,True,1,ROMAKURUMA U.E.MATARÓ,False
L.F.-2,"Liga Regular ""B""",SIROKO GIJON BASKETBALL,23,S. AINSA LLUCH,89.8449%,67.9351%,False,1,ROMAKURUMA U.E.MATARÓ,False
L.F.-2,"Liga Regular ""B""",SIROKO GIJON BASKETBALL,1,L. TESSON,85.9662%,63.0195%,False,1,ROMAKURUMA U.E.MATARÓ,False
L.F.-2,"Liga Regular ""B""",SIROKO GIJON BASKETBALL,23,S. AINSA LLUCH,87.6587%,67.683%,True,1,ROMAKURUMA U.E.MATARÓ,False
L.F.-2,"Liga Regular ""B""",SIROKO GIJON BASKETBALL,17,S. HAMIDI,11.8477%,54.5749%,True,1,ROMAKURUMA U.E.MATARÓ,False
L.F.-2,"Liga Regular ""B""",SIROKO GIJON BASKETBALL,6,C. YUSTE PIQUER,8.32158%,60.6248%,False,1,ROMAKURUMA U.E.MATARÓ,False
L.F.-2,"Liga Regular ""B""",SIROKO GIJON BASKETBALL,23,S. AINSA LLUCH,33.78%,70.2038%,False,1,ROMAKURUMA U.E.MATARÓ,False
L.F.-2,"Liga Regular ""B""",SIROKO GIJON BASKETBALL,6,C. YUSTE PIQUER,24.4006%,89.4877%,False,1,ROMAKURUMA U.E.MATARÓ,False
L.F.-2,"Liga Regular ""B""",SIROKO GIJON BASKETBALL,10,L. GARCIA PECES,86.6714%,38.3159%,True,1,ROMAKURUMA U.E.MATARÓ,False
L.F.-2,"Liga Regular ""B""",SIROKO GIJON BASKETBALL,9,M. CORTES REY,82.6516%,46.7605%,False,1,ROMAKURUMA U.E.MATARÓ,False
L.F.-2,"Liga Regular ""B""",SIROKO GIJON BASKETBALL,9,M. CORTES REY,8.18054%,66.2966%,False,1,ROMAKURUMA U.E.MATARÓ,False
L.F.-2,"Liga Regular ""B""",ROBLES LLEIDA,11,I. TRIBO TERMENS,2.2567%,93.8991%,True,1,SMARTLOG OINTXE,True
L.F.-2,"Liga Regular ""B""",ROBLES LLEIDA,14,C. FERNANDEZ TORNE,4.5134%,92.7648%,True,1,SMARTLOG OINTXE,True
L.F.-2,"Liga Regular ""B""",ROBLES LLEIDA,5,M. CERQUEDA DURO,17.4894%,91.5044%,False,1,SMARTLOG OINTXE,True
L.F.-2,"Liga Regular ""B""",ROBLES LLEIDA,22,L. BICZO,12.4824%,30.8796%,False,1,SMARTLOG OINTXE,True
L.F.-2,"Liga Regular ""B""",ROBLES LLEIDA,5,M. CERQUEDA DURO,91.4669%,40.3325%,True,1,SMARTLOG OINTXE,True
L.F.-2,"Liga Regular ""B""",ROBLES LLEIDA,7,A. REXACH ROURE,6.41749%,43.2314%,False,1,SMARTLOG OINTXE,True
L.F.-2,"Liga Regular ""B""",ROBLES LLEIDA,3,A. FERNANDEZ PULIDO,90.9027%,5.29364%,True,1,SMARTLOG OINTXE,True
L.F.-2,"Liga Regular ""B""",ROBLES LLEIDA,3,A. FERNANDEZ PULIDO,90.6206%,7.43631%,False,1,SMARTLOG OINTXE,True
L.F.-2,"Liga Regular ""B""",ROBLES LLEIDA,3,A. FERNANDEZ PULIDO,90.7616%,59.9946%,True,1,SMARTLOG OINTXE,True
L.F.-2,"Liga Regular ""B""",ROBLES LLEIDA,5,M. CERQUEDA DURO,75.67%,33.2743%,False,1,SMARTLOG OINTXE,True
L.F.-2,"Liga Regular ""B""",ROBLES LLEIDA,14,C. FERNANDEZ TORNE,12.4824%,30.8796%,False,1,SMARTLOG OINTXE,True
L.F.-2,"Liga Regular ""B""",ROBLES LLEIDA,15,L. CONCA LLUCH,72.8491%,79.4046%,True,1,SMARTLOG OINTXE,True
L.F.-2,"Liga Regular ""B""",ROBLES LLEIDA,13,V. MORATO SANGLAS,6.1354%,47.5167%,True,1,SMARTLOG OINTXE,True
L.F.-2,"Liga Regular ""B""",ROBLES LLEIDA,5,M. CERQUEDA DURO,69.5346%,72.9766%,False,1,SMARTLOG OINTXE,True
L.F.-2,"Liga Regular ""B""",ROBLES LLEIDA,13,V. MORATO SANGLAS,91.4669%,40.3325%,False,1,SMARTLOG OINTXE,True
L.F.-2,"Liga Regular ""B""",ROBLES LLEIDA,14,C. FERNANDEZ TORNE,68.7588%,65.0362%,False,1,SMARTLOG OINTXE,True
L.F.-2,"Liga Regular ""B""",ROBLES LLEIDA,22,L. BICZO,31.3822%,60.3727%,False,1,SMARTLOG OINTXE,True
L.F.-2,"Liga Regular ""B""",ROBLES LLEIDA,15,L. CONCA LLUCH,5.28914%,55.7093%,True,1,SMARTLOG OINTXE,True
L.F.-2,"Liga Regular ""B""",ROBLES LLEIDA,3,A. FERNANDEZ PULIDO,32.2285%,49.9115%,True,1,SMARTLOG OINTXE,True
L.F.-2,"Liga Regular ""B""",ROBLES LLEIDA,14,C. FERNANDEZ TORNE,28.3498%,71.3381%,True,1,SMARTLOG OINTXE,True
L.F.-2,"Liga Regular ""B""",ROBLES LLEIDA,9,L. GIL BAILO,8.60367%,43.7356%,True,1,SMARTLOG OINTXE,True
L.F.-2,"Liga Regular ""B""",ROBLES LLEIDA,5,M. CERQUEDA DURO,90.1269%,42.9793%,False,1,SMARTLOG OINTXE,True
L.F.-2,"Liga Regular ""B""",ROBLES LLEIDA,3,A. FERNANDEZ PULIDO,28.6319%,69.1955%,False,1,SMARTLOG OINTXE,True
L.F.-2,"Liga Regular ""B""",ROBLES LLEIDA,17,A. HERASYMENKO,83.2158%,93.647%,False,1,SMARTLOG OINTXE,True
L.F.-2,"Liga Regular ""B""",ROBLES LLEIDA,3,A. FERNANDEZ PULIDO,76.0931%,86.3368%,True,1,SMARTLOG OINTXE,True
L.F.-2,"Liga Regular ""B""",ROBLES LLEIDA,22,L. BICZO,91.1848%,55.2051%,True,1,SMARTLOG OINTXE,True
L.F.-2,"Liga Regular ""B""",ROBLES LLEIDA,9,L. GIL BAILO,92.5952%,59.3644%,False,1,SMARTLOG OINTXE,True
L.F.-2,"Liga Regular ""B""",ROBLES LLEIDA,5,M. CERQUEDA DURO,10.7898%,39.0721%,False,1,SMARTLOG OINTXE,True
L.F.-2,"Liga Regular ""B""",ROBLES LLEIDA,5,M. CERQUEDA DURO,26.3047%,84.6983%,False,1,SMARTLOG OINTXE,True
L.F.-2,"Liga Regular ""B""",ROBLES LLEIDA,14,C. FERNANDEZ TORNE,88.3639%,43.3574%,True,1,SMARTLOG OINTXE,True
L.F.-2,"Liga Regular ""B""",ROBLES LLEIDA,22,L. BICZO,78.3498%,26.3422%,True,1,SMARTLOG OINTXE,True
L.F.-2,"Liga Regular ""B""",ROBLES LLEIDA,14,C. FERNANDEZ TORNE,73.2722%,48.1469%,False,1,SMARTLOG OINTXE,True
L.F.-2,"Liga Regular ""B""",ROBLES LLEIDA,3,A. FERNANDEZ PULIDO,67.4189%,38.694%,False,1,SMARTLOG OINTXE,True
L.F.-2,"Liga Regular ""B""",ROBLES LLEIDA,22,L. BICZO,88.5049%,62.6414%,False,1,SMARTLOG OINTXE,True
L.F.-2,"Liga Regular ""B""",ROBLES LLEIDA,5,M. CERQUEDA DURO,92.5952%,57.8519%,True,1,SMARTLOG OINTXE,True
L.F.-2,"Liga Regular ""B""",ROBLES LLEIDA,5,M. CERQUEDA DURO,10.7898%,39.0721%,False,1,SMARTLOG OINTXE,True
L.F.-2,"Liga Regular ""B""",ROBLES LLEIDA,5,M. CERQUEDA DURO,78.2087%,89.7398%,False,1,SMARTLOG OINTXE,True
L.F.-2,"Liga Regular ""B""",ROBLES LLEIDA,7,A. REXACH ROURE,10.7898%,39.0721%,False,1,SMARTLOG OINTXE,True
L.F.-2,"Liga Regular ""B""",ROBLES LLEIDA,15,L. CONCA LLUCH,74.048%,15.8809%,False,1,SMARTLOG OINTXE,True
L.F.-2,"Liga Regular ""B""",ROBLES LLEIDA,17,A. HERASYMENKO,93.7236%,44.6178%,False,1,SMARTLOG OINTXE,True
L.F.-2,"Liga Regular ""B""",ROBLES LLEIDA,15,L. CONCA LLUCH,91.2553%,59.9946%,False,1,SMARTLOG OINTXE,True
L.F.-2,"Liga Regular ""B""",ROBLES LLEIDA,15,L. CONCA LLUCH,91.6079%,57.7259%,True,1,SMARTLOG OINTXE,True
L.F.-2,"Liga Regular ""B""",ROBLES LLEIDA,11,I. TRIBO TERMENS,75.3879%,14.3685%,False,1,SMARTLOG OINTXE,True
L.F.-2,"Liga Regular ""B""",ROBLES LLEIDA,9,L. GIL BAILO,9.94358%,4.91552%,False,1,SMARTLOG OINTXE,True
L.F.-2,"Liga Regular ""B""",ROBLES LLEIDA,22,L. BICZO,6.62906%,58.9863%,False,1,SMARTLOG OINTXE,True
L.F.-2,"Liga Regular ""B""",ROBLES LLEIDA,3,A. FERNANDEZ PULIDO,93.2299%,7.05819%,True,1,SMARTLOG OINTXE,True
L.F.-2,"Liga Regular ""B""",ROBLES LLEIDA,15,L. CONCA LLUCH,17.1368%,35.417%,False,1,SMARTLOG OINTXE,True
L.F.-2,"Liga Regular ""B""",ROBLES LLEIDA,5,M. CERQUEDA DURO,10.5783%,50.1636%,True,1,SMARTLOG OINTXE,True
L.F.-2,"Liga Regular ""B""",ROBLES LLEIDA,22,L. BICZO,92.8068%,53.3145%,True,1,SMARTLOG OINTXE,True
L.F.-2,"Liga Regular ""B""",ROBLES LLEIDA,9,L. GIL BAILO,83.2158%,93.647%,True,1,SMARTLOG OINTXE,True
L.F.-2,"Liga Regular ""B""",ROBLES LLEIDA,15,L. CONCA LLUCH,92.8773%,43.9876%,True,1,SMARTLOG OINTXE,True
L.F.-2,"Liga Regular ""B""",ROBLES LLEIDA,7,A. REXACH ROURE,13.3992%,57.2217%,False,1,SMARTLOG OINTXE,True
L.F.-2,"Liga Regular ""B""",ROBLES LLEIDA,15,L. CONCA LLUCH,6.1354%,46.7605%,True,1,SMARTLOG OINTXE,True
L.F.-2,"Liga Regular ""B""",ROBLES LLEIDA,5,M. CERQUEDA DURO,89.9859%,51.55%,True,1,SMARTLOG OINTXE,True
L.F.-2,"Liga Regular ""B""",ROBLES LLEIDA,14,C. FERNANDEZ TORNE,6.62906%,66.5486%,False,1,SMARTLOG OINTXE,True
L.F.-2,"Liga Regular ""B""",ROBLES LLEIDA,14,C. FERNANDEZ TORNE,8.60367%,55.3312%,True,1,SMARTLOG OINTXE,True
L.F.-2,"Liga Regular ""B""",ROBLES LLEIDA,15,L. CONCA LLUCH,83.921%,92.5127%,False,1,SMARTLOG OINTXE,True
L.F.-2,"Liga Regular ""B""",ROBLES LLEIDA,11,I. TRIBO TERMENS,8.60367%,42.4752%,True,1,SMARTLOG OINTXE,True
L.F.-2,"Liga Regular ""B""",ROBLES LLEIDA,14,C. FERNANDEZ TORNE,72.3554%,84.0681%,False,1,SMARTLOG OINTXE,True
L.F.-2,"Liga Regular ""B""",ROBLES LLEIDA,9,L. GIL BAILO,7.75741%,45.8782%,True,1,SMARTLOG OINTXE,True
L.F.-2,"Liga Regular ""B""",ROBLES LLEIDA,3,A. FERNANDEZ PULIDO,69.7461%,21.6787%,False,1,SMARTLOG OINTXE,True
L.F.-2,"Liga Regular ""B""",SMARTLOG OINTXE,2,U. ETXARTE ORTEGA,85.2609%,7.81442%,False,1,ROBLES LLEIDA,False
L.F.-2,"Liga Regular ""B""",SMARTLOG OINTXE,8,S. GUTIERREZ IBAÑEZ,11.9182%,5.04156%,False,1,ROBLES LLEIDA,False
L.F.-2,"Liga Regular ""B""",SMARTLOG OINTXE,15,O. SARASTI GARIKANO,71.7913%,72.9766%,False,1,ROBLES LLEIDA,False
L.F.-2,"Liga Regular ""B""",SMARTLOG OINTXE,11,N. BADIOLA IRIARTE,24.1185%,86.967%,False,1,ROBLES LLEIDA,False
L.F.-2,"Liga Regular ""B""",SMARTLOG OINTXE,6,J. LEGARRETA DIAZ,71.2271%,80.665%,True,1,ROBLES LLEIDA,False
L.F.-2,"Liga Regular ""B""",SMARTLOG OINTXE,10,U. ESPARTA BATOR,8.46262%,38.694%,True,1,ROBLES LLEIDA,False
L.F.-2,"Liga Regular ""B""",SMARTLOG OINTXE,19,N. GARAI MARKULETA,4.86601%,58.104%,True,1,ROBLES LLEIDA,False
L.F.-2,"Liga Regular ""B""",SMARTLOG OINTXE,10,U. ESPARTA BATOR,4.65444%,71.4642%,False,1,ROBLES LLEIDA,False
L.F.-2,"Liga Regular ""B""",SMARTLOG OINTXE,15,O. SARASTI GARIKANO,68.8999%,26.5942%,False,1,ROBLES LLEIDA,False
L.F.-2,"Liga Regular ""B""",SMARTLOG OINTXE,10,U. ESPARTA BATOR,6.91114%,18.1496%,True,1,ROBLES LLEIDA,False
L.F.-2,"Liga Regular ""B""",SMARTLOG OINTXE,6,J. LEGARRETA DIAZ,7.4048%,62.3893%,False,1,ROBLES LLEIDA,False
L.F.-2,"Liga Regular ""B""",SMARTLOG OINTXE,14,I. BEDIA DELGADO,93.1594%,61.255%,True,1,ROBLES LLEIDA,False
L.F.-2,"Liga Regular ""B""",SMARTLOG OINTXE,10,U. ESPARTA BATOR,22.3554%,49.5334%,True,1,ROBLES LLEIDA,False
L.F.-2,"Liga Regular ""B""",SMARTLOG OINTXE,8,S. GUTIERREZ IBAÑEZ,7.12271%,58.104%,False,1,ROBLES LLEIDA,False
L.F.-2,"Liga Regular ""B""",SMARTLOG OINTXE,19,N. GARAI MARKULETA,7.12271%,43.2314%,True,1,ROBLES LLEIDA,False
L.F.-2,"Liga Regular ""B""",SMARTLOG OINTXE,54,N. CABUE RUIZ DE AZUA,92.9478%,60.1206%,False,1,ROBLES LLEIDA,False
L.F.-2,"Liga Regular ""B""",SMARTLOG OINTXE,1,M. CARRILLO PEREZ,71.3681%,82.6816%,False,1,ROBLES LLEIDA,False
L.F.-2,"Liga Regular ""B""",SMARTLOG OINTXE,6,J. LEGARRETA DIAZ,14.5275%,77.0099%,False,1,ROBLES LLEIDA,False
L.F.-2,"Liga Regular ""B""",SMARTLOG OINTXE,10,U. ESPARTA BATOR,83.1453%,61.0029%,False,1,ROBLES LLEIDA,False
L.F.-2,"Liga Regular ""B""",SMARTLOG OINTXE,15,O. SARASTI GARIKANO,25.2468%,81.5473%,False,1,ROBLES LLEIDA,False
L.F.-2,"Liga Regular ""B""",SMARTLOG OINTXE,1,M. CARRILLO PEREZ,93.0183%,46.1303%,False,1,ROBLES LLEIDA,False
L.F.-2,"Liga Regular ""B""",SMARTLOG OINTXE,10,U. ESPARTA BATOR,93.0889%,56.0874%,True,1,ROBLES LLEIDA,False
L.F.-2,"Liga Regular ""B""",SMARTLOG OINTXE,10,U. ESPARTA BATOR,82.9337%,39.7023%,True,1,ROBLES LLEIDA,False
L.F.-2,"Liga Regular ""B""",SMARTLOG OINTXE,11,N. BADIOLA IRIARTE,66.22%,43.1054%,False,1,ROBLES LLEIDA,False
L.F.-2,"Liga Regular ""B""",SMARTLOG OINTXE,10,U. ESPARTA BATOR,92.8068%,42.9793%,True,1,ROBLES LLEIDA,False
L.F.-2,"Liga Regular ""B""",SMARTLOG OINTXE,1,M. CARRILLO PEREZ,93.0183%,59.9946%,True,1,ROBLES LLEIDA,False
L.F.-2,"Liga Regular ""B""",SMARTLOG OINTXE,54,N. CABUE RUIZ DE AZUA,89.0691%,40.8367%,False,1,ROBLES LLEIDA,False
L.F.-2,"Liga Regular ""B""",SMARTLOG OINTXE,2,U. ETXARTE ORTEGA,82.5106%,39.5763%,False,1,ROBLES LLEIDA,False
L.F.-2,"Liga Regular ""B""",SMARTLOG OINTXE,10,U. ESPARTA BATOR,12.5529%,40.5846%,True,1,ROBLES LLEIDA,False
L.F.-2,"Liga Regular ""B""",SMARTLOG OINTXE,15,O. SARASTI GARIKANO,85.2609%,7.81442%,False,1,ROBLES LLEIDA,False
L.F.-2,"Liga Regular ""B""",SMARTLOG OINTXE,1,M. CARRILLO PEREZ,5.35966%,55.7093%,True,1,ROBLES LLEIDA,False
L.F.-2,"Liga Regular ""B""",SMARTLOG OINTXE,14,I. BEDIA DELGADO,87.7292%,43.7356%,True,1,ROBLES LLEIDA,False
L.F.-2,"Liga Regular ""B""",SMARTLOG OINTXE,2,U. ETXARTE ORTEGA,8.32158%,44.4918%,True,1,ROBLES LLEIDA,False
L.F.-2,"Liga Regular ""B""",SMARTLOG OINTXE,2,U. ETXARTE ORTEGA,7.19323%,42.3491%,False,1,ROBLES LLEIDA,False
L.F.-2,"Liga Regular ""B""",SMARTLOG OINTXE,8,S. GUTIERREZ IBAÑEZ,10.1551%,6.04988%,True,1,ROBLES LLEIDA,False
L.F.-2,"Liga Regular ""B""",SMARTLOG OINTXE,2,U. ETXARTE ORTEGA,81.1001%,50.0375%,False,1,ROBLES LLEIDA,False
L.F.-2,"Liga Regular ""B""",SMARTLOG OINTXE,19,N. GARAI MARKULETA,87.6587%,41.845%,False,1,ROBLES LLEIDA,False
L.F.-2,"Liga Regular ""B""",SMARTLOG OINTXE,6,J. LEGARRETA DIAZ,27.433%,77.388%,False,1,ROBLES LLEIDA,False
L.F.-2,"Liga Regular ""B""",SMARTLOG OINTXE,14,I. BEDIA DELGADO,14.0339%,42.8533%,False,1,ROBLES LLEIDA,False
L.F.-2,"Liga Regular ""B""",SMARTLOG OINTXE,14,I. BEDIA DELGADO,6.84062%,54.953%,True,1,ROBLES LLEIDA,False
L.F.-2,"Liga Regular ""B""",SMARTLOG OINTXE,10,U. ESPARTA BATOR,7.4048%,43.8616%,True,1,ROBLES LLEIDA,False
L.F.-2,"Liga Regular ""B""",SMARTLOG OINTXE,14,I. BEDIA DELGADO,6.55853%,51.9281%,True,1,ROBLES LLEIDA,False
L.F.-2,"Liga Regular ""B""",SMARTLOG OINTXE,11,N. BADIOLA IRIARTE,24.4006%,16.007%,False,1,ROBLES LLEIDA,False
L.F.-2,"Liga Regular ""B""",SMARTLOG OINTXE,11,N. BADIOLA IRIARTE,20.2398%,10.2092%,True,1,ROBLES LLEIDA,False
L.F.-2,"Liga Regular ""B""",SMARTLOG OINTXE,1,M. CARRILLO PEREZ,92.5952%,62.8935%,False,1,ROBLES LLEIDA,False
L.F.-2,"Liga Regular ""B""",SMARTLOG OINTXE,1,M. CARRILLO PEREZ,92.8068%,44.8699%,True,1,ROBLES LLEIDA,False
L.F.-2,"Liga Regular ""B""",SMARTLOG OINTXE,6,J. LEGARRETA DIAZ,68.5473%,66.9267%,True,1,ROBLES LLEIDA,False
L.F.-2,"Liga Regular ""B""",SMARTLOG OINTXE,8,S. GUTIERREZ IBAÑEZ,24.9647%,82.1775%,False,1,ROBLES LLEIDA,False
L.F.-2,"Liga Regular ""B""",SMARTLOG OINTXE,15,O. SARASTI GARIKANO,32.0169%,34.7868%,False,1,ROBLES LLEIDA,False
L.F.-2,"Liga Regular ""B""",SMARTLOG OINTXE,10,U. ESPARTA BATOR,83.7094%,58.4821%,False,1,ROBLES LLEIDA,False
L.F.-2,"Liga Regular ""B""",SMARTLOG OINTXE,14,I. BEDIA DELGADO,16.5726%,49.4073%,True,1,ROBLES LLEIDA,False
L.F.-2,"Liga Regular ""B""",SMARTLOG OINTXE,6,J. LEGARRETA DIAZ,7.33427%,91.2523%,False,1,ROBLES LLEIDA,False
L.F.-2,"Liga Regular ""B""",SMARTLOG OINTXE,6,J. LEGARRETA DIAZ,71.086%,26.0901%,False,1,ROBLES LLEIDA,False
L.F.-2,"Liga Regular ""B""",SMARTLOG OINTXE,10,U. ESPARTA BATOR,94.6403%,75.8755%,False,1,ROBLES LLEIDA,False
L.F.-2,"Liga Regular ""B""",SMARTLOG OINTXE,14,I. BEDIA DELGADO,10.3667%,45.7522%,False,1,ROBLES LLEIDA,False
L.F.-2,"Liga Regular ""B""",SMARTLOG OINTXE,14,I. BEDIA DELGADO,91.1848%,43.9876%,False,1,ROBLES LLEIDA,False
L.F.-2,"Liga Regular ""B""",SMARTLOG OINTXE,1,M. CARRILLO PEREZ,85.6135%,64.406%,False,1,ROBLES LLEIDA,False
L.F.-2,"Liga Regular ""B""",SMARTLOG OINTXE,8,S. GUTIERREZ IBAÑEZ,93.4415%,53.1885%,True,1,ROBLES LLEIDA,False
L.F.-2,"Liga Regular ""B""",SMARTLOG OINTXE,2,U. ETXARTE ORTEGA,66.7842%,63.5237%,False,1,ROBLES LLEIDA,False
L.F.-2,"Liga Regular ""B""",SMARTLOG OINTXE,19,N. GARAI MARKULETA,11.1425%,47.7688%,False,1,ROBLES LLEIDA,False
L.F.-2,"Liga Regular ""B""",SMARTLOG OINTXE,11,N. BADIOLA IRIARTE,70.1693%,80.4129%,False,1,ROBLES LLEIDA,False
L.F.-2,"Liga Regular ""B""",SMARTLOG OINTXE,2,U. ETXARTE ORTEGA,10.0846%,38.0638%,True,1,ROBLES LLEIDA,False
L.F.-2,"Liga Regular ""B""",SMARTLOG OINTXE,11,N. BADIOLA IRIARTE,4.30183%,58.8602%,True,1,ROBLES LLEIDA,False
L.F.-2,"Liga Regular ""B""",SMARTLOG OINTXE,10,U. ESPARTA BATOR,6.7701%,60.1206%,False,1,ROBLES LLEIDA,False
L.F.-2,"Liga Regular ""B""",SMARTLOG OINTXE,1,M. CARRILLO PEREZ,91.6079%,54.1968%,False,1,ROBLES LLEIDA,False
L.F.-2,"Liga Regular ""B""",SMARTLOG OINTXE,14,I. BEDIA DELGADO,6.48801%,46.6345%,True,1,ROBLES LLEIDA,False
L.F.-2,"Liga Regular ""B""",SMARTLOG OINTXE,2,U. ETXARTE ORTEGA,80.3949%,17.2674%,False,1,ROBLES LLEIDA,False
L.F.-2,"Liga Regular ""B""",SMARTLOG OINTXE,1,M. CARRILLO PEREZ,10.2257%,53.3145%,False,1,ROBLES LLEIDA,False
L.F.-2,"Liga Regular ""B""",SMARTLOG OINTXE,11,N. BADIOLA IRIARTE,16.4316%,92.8908%,False,1,ROBLES LLEIDA,False
L.F.-2,"Liga Regular ""B""",SMARTLOG OINTXE,11,N. BADIOLA IRIARTE,88.5049%,53.3145%,False,1,ROBLES LLEIDA,False
L.F.-2,"Liga Regular ""B""",SMARTLOG OINTXE,14,I. BEDIA DELGADO,7.12271%,58.104%,True,1,ROBLES LLEIDA,False
L.F.-2,"Liga Regular ""B""",SMARTLOG OINTXE,54,N. CABUE RUIZ DE AZUA,78.5614%,48.7771%,False,1,ROBLES LLEIDA,False
L.F.-2,"Liga Regular ""B""",SMARTLOG OINTXE,14,I. BEDIA DELGADO,5.07757%,57.7259%,False,1,ROBLES LLEIDA,False
L.F.-2,"Liga Regular ""B""",SMARTLOG OINTXE,8,S. GUTIERREZ IBAÑEZ,7.96897%,44.7439%,False,1,ROBLES LLEIDA,False
L.F.-2,"Liga Regular ""B""",SMARTLOG OINTXE,1,M. CARRILLO PEREZ,9.52045%,11.9737%,True,1,ROBLES LLEIDA,False
L.F.-2,"Liga Regular ""B""",SMARTLOG OINTXE,8,S. GUTIERREZ IBAÑEZ,23.2722%,11.5956%,True,1,ROBLES LLEIDA,False
L.F.-2,"Liga Regular ""B""",SMARTLOG OINTXE,6,J. LEGARRETA DIAZ,75.952%,17.6455%,False,1,ROBLES LLEIDA,False
L.F.-2,"Liga Regular ""B""",SMARTLOG OINTXE,2,U. ETXARTE ORTEGA,7.26375%,44.3658%,False,1,ROBLES LLEIDA,False
L.F.-2,"Liga Regular ""B""",ACEITES ABRIL ADBA SANFER,23,C. UGOCHUKWU UGOCHUKWU,9.94358%,55.4572%,False,1,MANRESA CBF A,True
L.F.-2,"Liga Regular ""B""",ACEITES ABRIL ADBA SANFER,2,E. LARSEN,63.1876%,48.9032%,False,1,MANRESA CBF A,True
L.F.-2,"Liga Regular ""B""",ACEITES ABRIL ADBA SANFER,7,S. FRAILE DIAZ,29.055%,80.9171%,True,1,MANRESA CBF A,True
L.F.-2,"Liga Regular ""B""",ACEITES ABRIL ADBA SANFER,23,C. UGOCHUKWU UGOCHUKWU,7.26375%,57.8519%,True,1,MANRESA CBF A,True
L.F.-2,"Liga Regular ""B""",ACEITES ABRIL ADBA SANFER,2,E. LARSEN,29.6897%,17.2674%,True,1,MANRESA CBF A,True
L.F.-2,"Liga Regular ""B""",ACEITES ABRIL ADBA SANFER,5,L. LORENZO ATANES,93.0183%,71.3381%,False,1,MANRESA CBF A,True
L.F.-2,"Liga Regular ""B""",ACEITES ABRIL ADBA SANFER,5,L. LORENZO ATANES,63.9633%,41.971%,False,1,MANRESA CBF A,True
L.F.-2,"Liga Regular ""B""",ACEITES ABRIL ADBA SANFER,2,E. LARSEN,93.8646%,37.9378%,False,1,MANRESA CBF A,True
L.F.-2,"Liga Regular ""B""",ACEITES ABRIL ADBA SANFER,17,E. SEVILLA ANTON,90.1975%,30.6275%,False,1,MANRESA CBF A,True
L.F.-2,"Liga Regular ""B""",ACEITES ABRIL ADBA SANFER,5,L. LORENZO ATANES,7.96897%,33.4004%,True,1,MANRESA CBF A,True
L.F.-2,"Liga Regular ""B""",ACEITES ABRIL ADBA SANFER,17,E. SEVILLA ANTON,91.3963%,40.0804%,False,1,MANRESA CBF A,True
L.F.-2,"Liga Regular ""B""",ACEITES ABRIL ADBA SANFER,23,C. UGOCHUKWU UGOCHUKWU,91.5374%,28.8629%,False,1,MANRESA CBF A,True
L.F.-2,"Liga Regular ""B""",ACEITES ABRIL ADBA SANFER,7,S. FRAILE DIAZ,70.5924%,11.3435%,False,1,MANRESA CBF A,True
L.F.-2,"Liga Regular ""B""",ACEITES ABRIL ADBA SANFER,23,C. UGOCHUKWU UGOCHUKWU,29.7602%,12.4779%,False,1,MANRESA CBF A,True
L.F.-2,"Liga Regular ""B""",ACEITES ABRIL ADBA SANFER,5,L. LORENZO ATANES,94.2877%,37.1815%,False,1,MANRESA CBF A,True
L.F.-2,"Liga Regular ""B""",ACEITES ABRIL ADBA SANFER,11,T. JANSSEN,11.4951%,47.7688%,True,1,MANRESA CBF A,True
L.F.-2,"Liga Regular ""B""",ACEITES ABRIL ADBA SANFER,5,L. LORENZO ATANES,8.60367%,52.4323%,False,1,MANRESA CBF A,True
L.F.-2,"Liga Regular ""B""",ACEITES ABRIL ADBA SANFER,7,S. FRAILE DIAZ,66.2906%,77.7661%,False,1,MANRESA CBF A,True
L.F.-2,"Liga Regular ""B""",ACEITES ABRIL ADBA SANFER,17,E. SEVILLA ANTON,12.2708%,48.273%,False,1,MANRESA CBF A,True
L.F.-2,"Liga Regular ""B""",ACEITES ABRIL ADBA SANFER,2,E. LARSEN,9.23836%,50.9198%,False,1,MANRESA CBF A,True
L.F.-2,"Liga Regular ""B""",ACEITES ABRIL ADBA SANFER,7,S. FRAILE DIAZ,83.9915%,55.8353%,False,1,MANRESA CBF A,True
L.F.-2,"Liga Regular ""B""",ACEITES ABRIL ADBA SANFER,5,L. LORENZO ATANES,11.4951%,41.7189%,True,1,MANRESA CBF A,True
L.F.-2,"Liga Regular ""B""",ACEITES ABRIL ADBA SANFER,17,E. SEVILLA ANTON,33.78%,35.543%,False,1,MANRESA CBF A,True
L.F.-2,"Liga Regular ""B""",ACEITES ABRIL ADBA SANFER,7,S. FRAILE DIAZ,35.402%,47.7688%,False,1,MANRESA CBF A,True
L.F.-2,"Liga Regular ""B""",ACEITES ABRIL ADBA SANFER,17,E. SEVILLA ANTON,9.52045%,48.6511%,True,1,MANRESA CBF A,True
L.F.-2,"Liga Regular ""B""",ACEITES ABRIL ADBA SANFER,5,L. LORENZO ATANES,90.1975%,27.9807%,False,1,MANRESA CBF A,True
L.F.-2,"Liga Regular ""B""",ACEITES ABRIL ADBA SANFER,2,E. LARSEN,8.53315%,35.417%,True,1,MANRESA CBF A,True
L.F.-2,"Liga Regular ""B""",ACEITES ABRIL ADBA SANFER,23,C. UGOCHUKWU UGOCHUKWU,88.9281%,51.4239%,False,1,MANRESA CBF A,True
L.F.-2,"Liga Regular ""B""",ACEITES ABRIL ADBA SANFER,7,S. FRAILE DIAZ,30.677%,76.1276%,False,1,MANRESA CBF A,True
L.F.-2,"Liga Regular ""B""",ACEITES ABRIL ADBA SANFER,23,C. UGOCHUKWU UGOCHUKWU,80.677%,48.273%,False,1,MANRESA CBF A,True
L.F.-2,"Liga Regular ""B""",ACEITES ABRIL ADBA SANFER,7,S. FRAILE DIAZ,25.2468%,88.1013%,False,1,MANRESA CBF A,True
L.F.-2,"Liga Regular ""B""",ACEITES ABRIL ADBA SANFER,23,C. UGOCHUKWU UGOCHUKWU,76.6573%,72.0944%,True,1,MANRESA CBF A,True
L.F.-2,"Liga Regular ""B""",ACEITES ABRIL ADBA SANFER,17,E. SEVILLA ANTON,8.18054%,58.2301%,True,1,MANRESA CBF A,True
L.F.-2,"Liga Regular ""B""",ACEITES ABRIL ADBA SANFER,8,C. GARCÍA AZQUETA,86.3893%,42.9793%,False,1,MANRESA CBF A,True
L.F.-2,"Liga Regular ""B""",ACEITES ABRIL ADBA SANFER,11,T. JANSSEN,63.1876%,54.827%,True,1,MANRESA CBF A,True
L.F.-2,"Liga Regular ""B""",ACEITES ABRIL ADBA SANFER,2,E. LARSEN,69.6051%,85.0764%,False,1,MANRESA CBF A,True
L.F.-2,"Liga Regular ""B""",ACEITES ABRIL ADBA SANFER,2,E. LARSEN,72.7786%,11.2175%,True,1,MANRESA CBF A,True
L.F.-2,"Liga Regular ""B""",ACEITES ABRIL ADBA SANFER,2,E. LARSEN,70.1693%,81.1692%,True,1,MANRESA CBF A,True
L.F.-2,"Liga Regular ""B""",ACEITES ABRIL ADBA SANFER,5,L. LORENZO ATANES,94.2172%,51.9281%,True,1,MANRESA CBF A,True
L.F.-2,"Liga Regular ""B""",ACEITES ABRIL ADBA SANFER,7,S. FRAILE DIAZ,8.46262%,38.0638%,False,1,MANRESA CBF A,True
L.F.-2,"Liga Regular ""B""",ACEITES ABRIL ADBA SANFER,7,S. FRAILE DIAZ,26.1636%,83.5639%,True,1,MANRESA CBF A,True
L.F.-2,"Liga Regular ""B""",ACEITES ABRIL ADBA SANFER,5,L. LORENZO ATANES,10.0846%,46.1303%,True,1,MANRESA CBF A,True
L.F.-2,"Liga Regular ""B""",ACEITES ABRIL ADBA SANFER,5,L. LORENZO ATANES,89.5628%,34.6607%,True,1,MANRESA CBF A,True
L.F.-2,"Liga Regular ""B""",ACEITES ABRIL ADBA SANFER,8,C. GARCÍA AZQUETA,72.4965%,9.70501%,False,1,MANRESA CBF A,True
L.F.-2,"Liga Regular ""B""",ACEITES ABRIL ADBA SANFER,8,C. GARCÍA AZQUETA,23.4133%,7.31027%,True,1,MANRESA CBF A,True
L.F.-2,"Liga Regular ""B""",ACEITES ABRIL ADBA SANFER,2,E. LARSEN,28.4203%,11.5956%,False,1,MANRESA CBF A,True
L.F.-2,"Liga Regular ""B""",ACEITES ABRIL ADBA SANFER,8,C. GARCÍA AZQUETA,12.835%,49.4073%,False,1,MANRESA CBF A,True
L.F.-2,"Liga Regular ""B""",ACEITES ABRIL ADBA SANFER,23,C. UGOCHUKWU UGOCHUKWU,9.16784%,37.9378%,True,1,MANRESA CBF A,True
L.F.-2,"Liga Regular ""B""",ACEITES ABRIL ADBA SANFER,2,E. LARSEN,90.6206%,31.7618%,True,1,MANRESA CBF A,True
L.F.-2,"Liga Regular ""B""",ACEITES ABRIL ADBA SANFER,22,C. MARTINEZ LOPEZ,63.3992%,50.0375%,False,1,MANRESA CBF A,True
L.F.-2,"Liga Regular ""B""",ACEITES ABRIL ADBA SANFER,11,T. JANSSEN,85.8251%,20.7964%,True,1,MANRESA CBF A,True
L.F.-2,"Liga Regular ""B""",ACEITES ABRIL ADBA SANFER,4,M. SÁNCHEZ FOLGUEIRAS,29.4076%,12.7299%,False,1,MANRESA CBF A,True
L.F.-2,"Liga Regular ""B""",ACEITES ABRIL ADBA SANFER,11,T. JANSSEN,84.9083%,47.6428%,False,1,MANRESA CBF A,True
L.F.-2,"Liga Regular ""B""",ACEITES ABRIL ADBA SANFER,22,C. MARTINEZ LOPEZ,65.2327%,29.2411%,False,1,MANRESA CBF A,True
L.F.-2,"Liga Regular ""B""",ACEITES ABRIL ADBA SANFER,11,T. JANSSEN,62.2003%,46.7605%,True,1,MANRESA CBF A,True
L.F.-2,"Liga Regular ""B""",ACEITES ABRIL ADBA SANFER,7,S. FRAILE DIAZ,22.708%,88.9836%,True,1,MANRESA CBF A,True
L.F.-2,"Liga Regular ""B""",ACEITES ABRIL ADBA SANFER,23,C. UGOCHUKWU UGOCHUKWU,70.3103%,86.4628%,True,1,MANRESA CBF A,True
L.F.-2,"Liga Regular ""B""",ACEITES ABRIL ADBA SANFER,23,C. UGOCHUKWU UGOCHUKWU,92.8773%,35.1649%,True,1,MANRESA CBF A,True
L.F.-2,"Liga Regular ""B""",ACEITES ABRIL ADBA SANFER,23,C. UGOCHUKWU UGOCHUKWU,93.4415%,14.8726%,False,1,MANRESA CBF A,True
L.F.-2,"Liga Regular ""B""",ACEITES ABRIL ADBA SANFER,11,T. JANSSEN,74.4006%,6.30195%,True,1,MANRESA CBF A,True
L.F.-2,"Liga Regular ""B""",MANRESA CBF A,6,E. ALMASQUE VILA,29.2666%,79.0265%,False,1,ACEITES ABRIL ADBA SANFER,False
L.F.-2,"Liga Regular ""B""",MANRESA CBF A,15,E. PAEZ FREIXAS,29.8307%,78.2703%,True,1,ACEITES ABRIL ADBA SANFER,False
L.F.-2,"Liga Regular ""B""",MANRESA CBF A,15,E. PAEZ FREIXAS,65.8674%,20.6704%,True,1,ACEITES ABRIL ADBA SANFER,False
L.F.-2,"Liga Regular ""B""",MANRESA CBF A,15,E. PAEZ FREIXAS,91.7489%,17.6455%,False,1,ACEITES ABRIL ADBA SANFER,False
L.F.-2,"Liga Regular ""B""",MANRESA CBF A,16,M. TEIXIDO ORRIOLS,30.6065%,79.5307%,True,1,ACEITES ABRIL ADBA SANFER,False
L.F.-2,"Liga Regular ""B""",MANRESA CBF A,3,C. ORTAS NET,93.3709%,28.4848%,True,1,ACEITES ABRIL ADBA SANFER,False
L.F.-2,"Liga Regular ""B""",MANRESA CBF A,3,C. ORTAS NET,69.2525%,10.3352%,False,1,ACEITES ABRIL ADBA SANFER,False
L.F.-2,"Liga Regular ""B""",MANRESA CBF A,99,D. ZAFRA CASTRO,69.1114%,82.6816%,False,1,ACEITES ABRIL ADBA SANFER,False
L.F.-2,"Liga Regular ""B""",MANRESA CBF A,8,M. SALL CALZADO,94.0056%,71.7162%,False,1,ACEITES ABRIL ADBA SANFER,False
L.F.-2,"Liga Regular ""B""",MANRESA CBF A,15,E. PAEZ FREIXAS,91.9605%,33.9045%,False,1,ACEITES ABRIL ADBA SANFER,False
L.F.-2,"Liga Regular ""B""",MANRESA CBF A,15,E. PAEZ FREIXAS,9.87306%,44.2397%,True,1,ACEITES ABRIL ADBA SANFER,False
L.F.-2,"Liga Regular ""B""",MANRESA CBF A,10,I. GARCIA VILA,27.3625%,83.6899%,False,1,ACEITES ABRIL ADBA SANFER,False
L.F.-2,"Liga Regular ""B""",MANRESA CBF A,6,E. ALMASQUE VILA,67.0663%,67.0528%,False,1,ACEITES ABRIL ADBA SANFER,False
L.F.-2,"Liga Regular ""B""",MANRESA CBF A,15,E. PAEZ FREIXAS,90.1269%,19.0319%,False,1,ACEITES ABRIL ADBA SANFER,False
L.F.-2,"Liga Regular ""B""",MANRESA CBF A,23,M. MARTÍ TORRECILLAS,24.2595%,7.81442%,False,1,ACEITES ABRIL ADBA SANFER,False
L.F.-2,"Liga Regular ""B""",MANRESA CBF A,3,C. ORTAS NET,92.1721%,56.7176%,False,1,ACEITES ABRIL ADBA SANFER,False
L.F.-2,"Liga Regular ""B""",MANRESA CBF A,16,M. TEIXIDO ORRIOLS,75.3879%,41.845%,False,1,ACEITES ABRIL ADBA SANFER,False
L.F.-2,"Liga Regular ""B""",MANRESA CBF A,15,E. PAEZ FREIXAS,67.0663%,24.5776%,True,1,ACEITES ABRIL ADBA SANFER,False
L.F.-2,"Liga Regular ""B""",MANRESA CBF A,15,E. PAEZ FREIXAS,9.6615%,21.8048%,False,1,ACEITES ABRIL ADBA SANFER,False
L.F.-2,"Liga Regular ""B""",MANRESA CBF A,5,S. BELTRAN MASANES,92.1016%,37.0555%,True,1,ACEITES ABRIL ADBA SANFER,False
L.F.-2,"Liga Regular ""B""",MANRESA CBF A,16,M. TEIXIDO ORRIOLS,70.2398%,15.2507%,False,1,ACEITES ABRIL ADBA SANFER,False
L.F.-2,"Liga Regular ""B""",MANRESA CBF A,24,C. GENER VILA,74.5416%,7.94046%,False,1,ACEITES ABRIL ADBA SANFER,False
L.F.-2,"Liga Regular ""B""",MANRESA CBF A,5,S. BELTRAN MASANES,26.5867%,8.94877%,False,1,ACEITES ABRIL ADBA SANFER,False
L.F.-2,"Liga Regular ""B""",MANRESA CBF A,16,M. TEIXIDO ORRIOLS,8.25106%,60.6248%,True,1,ACEITES ABRIL ADBA SANFER,False
L.F.-2,"Liga Regular ""B""",MANRESA CBF A,16,M. TEIXIDO ORRIOLS,11.2835%,35.9211%,True,1,ACEITES ABRIL ADBA SANFER,False
L.F.-2,"Liga Regular ""B""",MANRESA CBF A,15,E. PAEZ FREIXAS,65.5148%,76.0016%,False,1,ACEITES ABRIL ADBA SANFER,False
L.F.-2,"Liga Regular ""B""",MANRESA CBF A,10,I. GARCIA VILA,94.2172%,61.255%,False,1,ACEITES ABRIL ADBA SANFER,False
L.F.-2,"Liga Regular ""B""",MANRESA CBF A,6,E. ALMASQUE VILA,66.5021%,30.7535%,False,1,ACEITES ABRIL ADBA SANFER,False
L.F.-2,"Liga Regular ""B""",MANRESA CBF A,6,E. ALMASQUE VILA,73.6953%,7.05819%,True,1,ACEITES ABRIL ADBA SANFER,False
L.F.-2,"Liga Regular ""B""",MANRESA CBF A,99,D. ZAFRA CASTRO,26.9394%,86.0847%,True,1,ACEITES ABRIL ADBA SANFER,False
L.F.-2,"Liga Regular ""B""",MANRESA CBF A,16,M. TEIXIDO ORRIOLS,10.0846%,54.0708%,False,1,ACEITES ABRIL ADBA SANFER,False
L.F.-2,"Liga Regular ""B""",MANRESA CBF A,24,C. GENER VILA,29.6192%,12.2258%,False,1,ACEITES ABRIL ADBA SANFER,False
L.F.-2,"Liga Regular ""B""",MANRESA CBF A,3,C. ORTAS NET,92.1721%,58.3561%,False,1,ACEITES ABRIL ADBA SANFER,False
L.F.-2,"Liga Regular ""B""",MANRESA CBF A,99,D. ZAFRA CASTRO,68.7588%,84.4462%,True,1,ACEITES ABRIL ADBA SANFER,False
L.F.-2,"Liga Regular ""B""",MANRESA CBF A,10,I. GARCIA VILA,7.68688%,29.115%,False,1,ACEITES ABRIL ADBA SANFER,False
L.F.-2,"Liga Regular ""B""",MANRESA CBF A,6,E. ALMASQUE VILA,65.5853%,57.3478%,False,1,ACEITES ABRIL ADBA SANFER,False
L.F.-2,"Liga Regular ""B""",MANRESA CBF A,6,E. ALMASQUE VILA,35.6841%,29.6192%,False,1,ACEITES ABRIL ADBA SANFER,False
L.F.-2,"Liga Regular ""B""",MANRESA CBF A,6,E. ALMASQUE VILA,89.4922%,23.5693%,False,1,ACEITES ABRIL ADBA SANFER,False
L.F.-2,"Liga Regular ""B""",MANRESA CBF A,6,E. ALMASQUE VILA,30.0423%,17.5194%,True,1,ACEITES ABRIL ADBA SANFER,False
L.F.-2,"Liga Regular ""B""",MANRESA CBF A,5,S. BELTRAN MASANES,10.3667%,31.5098%,False,1,ACEITES ABRIL ADBA SANFER,False
L.F.-2,"Liga Regular ""B""",MANRESA CBF A,15,E. PAEZ FREIXAS,8.32158%,28.989%,True,1,ACEITES ABRIL ADBA SANFER,False
L.F.-2,"Liga Regular ""B""",MANRESA CBF A,16,M. TEIXIDO ORRIOLS,35.402%,33.6524%,False,1,ACEITES ABRIL ADBA SANFER,False
L.F.-2,"Liga Regular ""B""",MANRESA CBF A,8,M. SALL CALZADO,22.708%,44.9959%,False,1,ACEITES ABRIL ADBA SANFER,False
L.F.-2,"Liga Regular ""B""",MANRESA CBF A,15,E. PAEZ FREIXAS,91.8195%,72.8506%,False,1,ACEITES ABRIL ADBA SANFER,False
L.F.-2,"Liga Regular ""B""",MANRESA CBF A,16,M. TEIXIDO ORRIOLS,32.6516%,74.3631%,False,1,ACEITES ABRIL ADBA SANFER,False
L.F.-2,"Liga Regular ""B""",MANRESA CBF A,22,L. SEGUES SERRADELL,22.2144%,9.83105%,False,1,ACEITES ABRIL ADBA SANFER,False
L.F.-2,"Liga Regular ""B""",MANRESA CBF A,8,M. SALL CALZADO,12.1298%,45.7522%,True,1,ACEITES ABRIL ADBA SANFER,False
L.F.-2,"Liga Regular ""B""",MANRESA CBF A,15,E. PAEZ FREIXAS,27.0099%,83.3118%,True,1,ACEITES ABRIL ADBA SANFER,False
L.F.-2,"Liga Regular ""B""",MANRESA CBF A,15,E. PAEZ FREIXAS,8.74471%,26.8463%,False,1,ACEITES ABRIL ADBA SANFER,False
L.F.-2,"Liga Regular ""B""",MANRESA CBF A,15,E. PAEZ FREIXAS,11.0014%,46.2563%,True,1,ACEITES ABRIL ADBA SANFER,False
L.F.-2,"Liga Regular ""B""",MANRESA CBF A,10,I. GARCIA VILA,91.1848%,47.6428%,True,1,ACEITES ABRIL ADBA SANFER,False
L.F.-2,"Liga Regular ""B""",MANRESA CBF A,16,M. TEIXIDO ORRIOLS,26.4457%,84.4462%,False,1,ACEITES ABRIL ADBA SANFER,False
L.F.-2,"Liga Regular ""B""",MANRESA CBF A,10,I. GARCIA VILA,89.4922%,48.9032%,True,1,ACEITES ABRIL ADBA SANFER,False
L.F.-2,"Liga Regular ""B""",MANRESA CBF A,99,D. ZAFRA CASTRO,73.8364%,6.30195%,False,1,ACEITES ABRIL ADBA SANFER,False
L.F.-2,"Liga Regular ""B""",MANRESA CBF A,99,D. ZAFRA CASTRO,76.0931%,60.3727%,True,1,ACEITES ABRIL ADBA SANFER,False
L.F.-2,"Liga Regular ""B""",MANRESA CBF A,15,E. PAEZ FREIXAS,68.3357%,21.0485%,False,1,ACEITES ABRIL ADBA SANFER,False
L.F.-2,"Liga Regular ""B""",MANRESA CBF A,10,I. GARCIA VILA,70.945%,13.3601%,False,1,ACEITES ABRIL ADBA SANFER,False
L.F.-2,"Liga Regular ""B""",MANRESA CBF A,99,D. ZAFRA CASTRO,93.0183%,75.1193%,False,1,ACEITES ABRIL ADBA SANFER,False
L.F.-2,"Liga Regular ""B""",MANRESA CBF A,15,E. PAEZ FREIXAS,13.6812%,48.9032%,False,1,ACEITES ABRIL ADBA SANFER,False
L.F.-2,"Liga Regular ""B""",MANRESA CBF A,15,E. PAEZ FREIXAS,29.2666%,79.5307%,False,1,ACEITES ABRIL ADBA SANFER,False
L.F.-2,"Liga Regular ""B""",MANRESA CBF A,15,E. PAEZ FREIXAS,88.646%,46.6345%,False,1,ACEITES ABRIL ADBA SANFER,False
