league,group,team,player_number,player_name,left,top,success,game_index,rival,home
LF ENDESA,Liga Regular Único,INGENIERÍA AMBIENTAL CAB ESTEPONA,3,S. KONE,91.3258%,60.3727%,False,1,SPAR GIRONA,True
LF ENDESA,Liga Regular Único,INGENIERÍA AMBIENTAL CAB ESTEPONA,9,C. MUHATE PEÑA,11.8477%,27.7286%,True,1,SPAR GIRONA,True
LF ENDESA,Liga Regular Único,INGENIERÍA AMBIENTAL CAB ESTEPONA,20,M. GRETTER,13.8928%,25.3339%,False,1,SPAR GIRONA,True
LF ENDESA,Liga Regular Único,INGENIERÍA AMBIENTAL CAB ESTEPONA,23,M. GARRICK,81.5938%,54.3228%,False,1,SPAR GIRONA,True
LF ENDESA,Liga Regular Único,INGENIERÍA AMBIENTAL CAB ESTEPONA,23,M. GARRICK,77.5035%,32.0139%,False,1,SPAR GIRONA,True
LF ENDESA,Liga Regular Único,INGENIERÍA AMBIENTAL CAB ESTEPONA,26,M. ÄIJÄNEN,65.2327%,58.6082%,False,1,SPAR GIRONA,True
LF ENDESA,Liga Regular Único,INGENIERÍA AMBIENTAL CAB ESTEPONA,20,M. GRETTER,27.2214%,14.4945%,False,1,SPAR GIRONA,True
LF ENDESA,Liga Regular Único,INGENIERÍA AMBIENTAL CAB ESTEPONA,3,S. KONE,25.2468%,87.5972%,True,1,SPAR GIRONA,True
LF ENDESA,Liga Regular Único,INGENIERÍA AMBIENTAL CAB ESTEPONA,12,M. GEA BECERRA,8.11001%,36.6774%,False,1,SPAR GIRONA,True
LF ENDESA,Liga Regular Único,INGENIERÍA AMBIENTAL CAB ESTEPONA,23,M. GARRICK,81.5938%,65.1622%,False,1,SPAR GIRONA,True
LF ENDESA,Liga Regular Único,INGENIERÍA AMBIENTAL CAB ESTEPONA,2,M. CONNER,24.4006%,29.7452%,True,1,SPAR GIRONA,True
LF ENDESA,Liga Regular Único,INGENIERÍA AMBIENTAL CAB ESTEPONA,3,S. KONE,65.0917%,63.2716%,False,1,SPAR GIRONA,True
LF ENDESA,Liga Regular Único,INGENIERÍA AMBIENTAL CAB ESTEPONA,3,S. KONE,82.158%,45.5001%,True,1,SPAR GIRONA,True
LF ENDESA,Liga Regular Único,INGENIERÍA AMBIENTAL CAB ESTEPONA,20,M. GRETTER,28.6319%,83.4379%,False,1,SPAR GIRONA,True
LF ENDESA,Liga Regular Único,INGENIERÍA AMBIENTAL CAB ESTEPONA,23,M. GARRICK,9.87306%,28.6109%,False,1,SPAR GIRONA,True
LF ENDESA,Liga Regular Único,INGENIERÍA AMBIENTAL CAB ESTEPONA,23,M. GARRICK,71.5092%,77.6401%,True,1,SPAR GIRONA,True
LF ENDESA,Liga Regular Único,INGENIERÍA AMBIENTAL CAB ESTEPONA,9,C. MUHATE PEÑA,66.6432%,67.9351%,False,1,SPAR GIRONA,True
LF ENDESA,Liga Regular Único,INGENIERÍA AMBIENTAL CAB ESTEPONA,9,C. MUHATE PEÑA,86.7419%,60.6248%,True,1,SPAR GIRONA,True
LF ENDESA,Liga Regular Único,INGENIERÍA AMBIENTAL CAB ESTEPONA,3,S. KONE,89.4922%,60.7508%,True,1,SPAR GIRONA,True
LF ENDESA,Liga Regular Único,INGENIERÍA AMBIENTAL CAB ESTEPONA,12,M. GEA BECERRA,13.9633%,36.1732%,False,1,SPAR GIRONA,True
LF ENDESA,Liga Regular Único,INGENIERÍA AMBIENTAL CAB ESTEPONA,2,M. CONNER,23.5543%,88.9836%,False,1,SPAR GIRONA,True
LF ENDESA,Liga Regular Único,INGENIERÍA AMBIENTAL CAB ESTEPONA,9,C. MUHATE PEÑA,83.6389%,50.7937%,False,1,SPAR GIRONA,True
LF ENDESA,Liga Regular Único,INGENIERÍA AMBIENTAL CAB ESTEPONA,26,M. ÄIJÄNEN,66.5726%,34.0306%,False,1,SPAR GIRONA,True
LF ENDESA,Liga Regular Único,INGENIERÍA AMBIENTAL CAB ESTEPONA,23,M. GARRICK,25.8815%,16.3851%,False,1,SPAR GIRONA,True
LF ENDESA,Liga Regular Único,INGENIERÍA AMBIENTAL CAB ESTEPONA,20,M. GRETTER,22.6375%,7.81442%,True,1,SPAR GIRONA,True
LF ENDESA,Liga Regular Único,INGENIERÍA AMBIENTAL CAB ESTEPONA,3,S. KONE,33.8505%,48.9032%,True,1,SPAR GIRONA,True
LF ENDESA,Liga Regular Único,INGENIERÍA AMBIENTAL CAB ESTEPONA,2,M. CONNER,68.0536%,29.3671%,False,1,SPAR GIRONA,True
LF ENDESA,Liga Regular Único,INGENIERÍA AMBIENTAL CAB ESTEPONA,12,M. GEA BECERRA,89.3512%,70.5819%,False,1,SPAR GIRONA,True
LF ENDESA,Liga Regular Único,INGENIERÍA AMBIENTAL CAB ESTEPONA,20,M. GRETTER,84.3441%,70.834%,False,1,SPAR GIRONA,True
LF ENDESA,Liga Regular Único,INGENIERÍA AMBIENTAL CAB ESTEPONA,23,M. GARRICK,20.945%,66.8007%,False,1,SPAR GIRONA,True
LF ENDESA,Liga Regular Único,INGENIERÍA AMBIENTAL CAB ESTEPONA,20,M. GRETTER,19.1114%,45.3741%,False,1,SPAR GIRONA,True
LF ENDESA,Liga Regular Único,INGENIERÍA AMBIENTAL CAB ESTEPONA,20,M. GRETTER,33.8505%,61.8852%,False,1,SPAR GIRONA,True
LF ENDESA,Liga Regular Único,INGENIERÍA AMBIENTAL CAB ESTEPONA,2,M. CONNER,22.708%,32.392%,False,1,SPAR GIRONA,True
LF ENDESA,Liga Regular Único,INGENIERÍA AMBIENTAL CAB ESTEPONA,9,C. MUHATE PEÑA,31.3117%,29.6192%,False,1,SPAR GIRONA,True
LF ENDESA,Liga Regular Único,INGENIERÍA AMBIENTAL CAB ESTEPONA,3,S. KONE,14.3865%,30.3754%,True,1,SPAR GIRONA,True
LF ENDESA,Liga Regular Único,INGENIERÍA AMBIENTAL CAB ESTEPONA,2,M. CONNER,87.165%,6.68007%,False,1,SPAR GIRONA,True
LF ENDESA,Liga Regular Único,INGENIERÍA AMBIENTAL CAB ESTEPONA,9,C. MUHATE PEÑA,35.8251%,48.0209%,True,1,SPAR GIRONA,True
LF ENDESA,Liga Regular Único,INGENIERÍA AMBIENTAL CAB ESTEPONA,3,S. KONE,84.6968%,55.3312%,True,1,SPAR GIRONA,True
LF ENDESA,Liga Regular Único,INGENIERÍA AMBIENTAL CAB ESTEPONA,3,S. KONE,86.9535%,36.9294%,False,1,SPAR GIRONA,True
LF ENDESA,Liga Regular Único,INGENIERÍA AMBIENTAL CAB ESTEPONA,20,M. GRETTER,81.8759%,58.6082%,False,1,SPAR GIRONA,True
LF ENDESA,Liga Regular Único,INGENIERÍA AMBIENTAL CAB ESTEPONA,23,M. GARRICK,83.5684%,53.0624%,True,1,SPAR GIRONA,True
LF ENDESA,Liga Regular Único,INGENIERÍA AMBIENTAL CAB ESTEPONA,12,M. GEA BECERRA,86.6009%,63.5237%,False,1,SPAR GIRONA,True
LF ENDESA,Liga Regular Único,INGENIERÍA AMBIENTAL CAB ESTEPONA,11,N. MASIA LLANES,10.9309%,64.2799%,False,1,SPAR GIRONA,True
LF ENDESA,Liga Regular Único,INGENIERÍA AMBIENTAL CAB ESTEPONA,3,S. KONE,75.3173%,13.3601%,True,1,SPAR GIRONA,True
LF ENDESA,Liga Regular Único,INGENIERÍA AMBIENTAL CAB ESTEPONA,23,M. GARRICK,6.55853%,55.4572%,False,1,SPAR GIRONA,True
LF ENDESA,Liga Regular Único,INGENIERÍA AMBIENTAL CAB ESTEPONA,9,C. MUHATE PEÑA,10.2257%,56.7176%,True,1,SPAR GIRONA,True
LF ENDESA,Liga Regular Único,INGENIERÍA AMBIENTAL CAB ESTEPONA,20,M. GRETTER,29.6897%,24.8297%,False,1,SPAR GIRONA,True
LF ENDESA,Liga Regular Único,INGENIERÍA AMBIENTAL CAB ESTEPONA,12,M. GEA BECERRA,89.1396%,93.521%,False,1,SPAR GIRONA,True
LF ENDESA,Liga Regular Único,INGENIERÍA AMBIENTAL CAB ESTEPONA,2,M. CONNER,70.0987%,25.2078%,True,1,SPAR GIRONA,True
LF ENDESA,Liga Regular Único,INGENIERÍA AMBIENTAL CAB ESTEPONA,2,M. CONNER,31.1001%,23.5693%,False,1,SPAR GIRONA,True
LF ENDESA,Liga Regular Único,INGENIERÍA AMBIENTAL CAB ESTEPONA,20,M. GRETTER,13.1876%,65.9184%,False,1,SPAR GIRONA,True
LF ENDESA,Liga Regular Único,INGENIERÍA AMBIENTAL CAB ESTEPONA,3,S. KONE,73.4838%,35.6691%,True,1,SPAR GIRONA,True
LF ENDESA,Liga Regular Único,INGENIERÍA AMBIENTAL CAB ESTEPONA,3,S. KONE,66.8547%,51.676%,True,1,SPAR GIRONA,True
LF ENDESA,Liga Regular Único,INGENIERÍA AMBIENTAL CAB ESTEPONA,12,M. GEA BECERRA,60.0141%,64.1539%,False,1,SPAR GIRONA,True
LF ENDESA,Liga Regular Único,INGENIERÍA AMBIENTAL CAB ESTEPONA,23,M. GARRICK,16.1495%,75.1193%,False,1,SPAR GIRONA,True
LF ENDESA,Liga Regular Único,INGENIERÍA AMBIENTAL CAB ESTEPONA,9,C. MUHATE PEÑA,85.1904%,39.0721%,True,1,SPAR GIRONA,True
LF ENDESA,Liga Regular Único,INGENIERÍA AMBIENTAL CAB ESTEPONA,2,M. CONNER,16.7137%,72.3464%,True,1,SPAR GIRONA,True
LF ENDESA,Liga Regular Único,INGENIERÍA AMBIENTAL CAB ESTEPONA,23,M. GARRICK,24.4006%,89.1096%,False,1,SPAR GIRONA,True
LF ENDESA,Liga Regular Único,INGENIERÍA AMBIENTAL CAB ESTEPONA,23,M. GARRICK,87.5882%,65.5403%,False,1,SPAR GIRONA,True
LF ENDESA,Liga Regular Único,INGENIERÍA AMBIENTAL CAB ESTEPONA,20,M. GRETTER,23.6953%,47.2647%,False,1,SPAR GIRONA,True
LF ENDESA,Liga Regular Único,INGENIERÍA AMBIENTAL CAB ESTEPONA,12,M. GEA BECERRA,19.2525%,53.5666%,True,1,SPAR GIRONA,True
LF ENDESA,Liga Regular Único,INGENIERÍA AMBIENTAL CAB ESTEPONA,23,M. GARRICK,66.2906%,53.5666%,False,1,SPAR GIRONA,True
LF ENDESA,Liga Regular Único,INGENIERÍA AMBIENTAL CAB ESTEPONA,23,M. GARRICK,17.3484%,61.6331%,False,1,SPAR GIRONA,True
LF ENDESA,Liga Regular Único,INGENIERÍA AMBIENTAL CAB ESTEPONA,9,C. MUHATE PEÑA,88.7165%,56.3395%,False,1,SPAR GIRONA,True
LF ENDESA,Liga Regular Único,INGENIERÍA AMBIENTAL CAB ESTEPONA,2,M. CONNER,18.7588%,76.0016%,False,1,SPAR GIRONA,True
LF ENDESA,Liga Regular Único,SPAR GIRONA,6,L. QUEVEDO CAÑIZARES,75.952%,11.7216%,False,1,INGENIERÍA AMBIENTAL CAB ESTEPONA,False
LF ENDESA,Liga Regular Único,SPAR GIRONA,8,M. CANELLA RODRIGUEZ,30.1834%,21.0485%,False,1,INGENIERÍA AMBIENTAL CAB ESTEPONA,False
LF ENDESA,Liga Regular Único,SPAR GIRONA,6,L. QUEVEDO CAÑIZARES,73.9774%,16.8892%,True,1,INGENIERÍA AMBIENTAL CAB ESTEPONA,False
LF ENDESA,Liga Regular Único,SPAR GIRONA,5,K. HOLM,12.9055%,38.9461%,True,1,INGENIERÍA AMBIENTAL CAB ESTEPONA,False
LF ENDESA,Liga Regular Único,SPAR GIRONA,14,M. COULIBALY,84.2736%,45.5001%,True,1,INGENIERÍA AMBIENTAL CAB ESTEPONA,False
LF ENDESA,Liga Regular Único,SPAR GIRONA,5,K. HOLM,24.7532%,11.0914%,False,1,INGENIERÍA AMBIENTAL CAB ESTEPONA,False
LF ENDESA,Liga Regular Único,SPAR GIRONA,5,K. HOLM,83.7094%,30.3754%,True,1,INGENIERÍA AMBIENTAL CAB ESTEPONA,False
LF ENDESA,Liga Regular Único,SPAR GIRONA,5,K. HOLM,29.1961%,20.0402%,True,1,INGENIERÍA AMBIENTAL CAB ESTEPONA,False
LF ENDESA,Liga Regular Único,SPAR GIRONA,4,J. JOCYTE,10.0141%,93.521%,False,1,INGENIERÍA AMBIENTAL CAB ESTEPONA,False
LF ENDESA,Liga Regular Único,SPAR GIRONA,8,M. CANELLA RODRIGUEZ,21.7207%,91.2523%,False,1,INGENIERÍA AMBIENTAL CAB ESTEPONA,False
LF ENDESA,Liga Regular Único,SPAR GIRONA,4,J. JOCYTE,14.1044%,27.6026%,False,1,INGENIERÍA AMBIENTAL CAB ESTEPONA,False
LF ENDESA,Liga Regular Único,SPAR GIRONA,14,M. COULIBALY,13.3992%,36.2993%,True,1,INGENIERÍA AMBIENTAL CAB ESTEPONA,False
LF ENDESA,Liga Regular Único,SPAR GIRONA,4,J. JOCYTE,88.8575%,92.2606%,True,1,INGENIERÍA AMBIENTAL CAB ESTEPONA,False
LF ENDESA,Liga Regular Único,SPAR GIRONA,24,A. LOPEZ RODRIGUEZ,30.0423%,17.6455%,False,1,INGENIERÍA AMBIENTAL CAB ESTEPONA,False
LF ENDESA,Liga Regular Único,SPAR GIRONA,14,M. COULIBALY,84.3441%,47.6428%,True,1,INGENIERÍA AMBIENTAL CAB ESTEPONA,False
LF ENDESA,Liga Regular Único,SPAR GIRONA,21,M. PENDANDE MENDES,14.7391%,67.4309%,True,1,INGENIERÍA AMBIENTAL CAB ESTEPONA,False
LF ENDESA,Liga Regular Único,SPAR GIRONA,8,M. CANELLA RODRIGUEZ,14.1044%,36.5513%,True,1,INGENIERÍA AMBIENTAL CAB ESTEPONA,False
LF ENDESA,Liga Regular Único,SPAR GIRONA,15,L. AMIHERE,14.1749%,50.9198%,True,1,INGENIERÍA AMBIENTAL CAB ESTEPONA,False
LF ENDESA,Liga Regular Único,SPAR GIRONA,11,C. GUERRERO ALCANTARA,93.0889%,73.3547%,True,1,INGENIERÍA AMBIENTAL CAB ESTEPONA,False
LF ENDESA,Liga Regular Único,SPAR GIRONA,6,L. QUEVEDO CAÑIZARES,29.4076%,74.237%,False,1,INGENIERÍA AMBIENTAL CAB ESTEPONA,False
LF ENDESA,Liga Regular Único,SPAR GIRONA,23,A. CARTER,89.0691%,49.0292%,True,1,INGENIERÍA AMBIENTAL CAB ESTEPONA,False
LF ENDESA,Liga Regular Único,SPAR GIRONA,23,A. CARTER,88.7165%,54.1968%,True,1,INGENIERÍA AMBIENTAL CAB ESTEPONA,False
LF ENDESA,Liga Regular Único,SPAR GIRONA,23,A. CARTER,80.1128%,75.4974%,False,1,INGENIERÍA AMBIENTAL CAB ESTEPONA,False
LF ENDESA,Liga Regular Único,SPAR GIRONA,14,M. COULIBALY,79.4076%,52.0541%,False,1,INGENIERÍA AMBIENTAL CAB ESTEPONA,False
LF ENDESA,Liga Regular Único,SPAR GIRONA,4,J. JOCYTE,23.7659%,10.7133%,True,1,INGENIERÍA AMBIENTAL CAB ESTEPONA,False
LF ENDESA,Liga Regular Único,SPAR GIRONA,14,M. COULIBALY,66.5726%,54.701%,True,1,INGENIERÍA AMBIENTAL CAB ESTEPONA,False
LF ENDESA,Liga Regular Único,SPAR GIRONA,4,J. JOCYTE,24.6827%,85.4545%,True,1,INGENIERÍA AMBIENTAL CAB ESTEPONA,False
LF ENDESA,Liga Regular Único,SPAR GIRONA,4,J. JOCYTE,35.8251%,54.4489%,False,1,INGENIERÍA AMBIENTAL CAB ESTEPONA,False
LF ENDESA,Liga Regular Único,SPAR GIRONA,24,A. LOPEZ RODRIGUEZ,15.0917%,62.3893%,False,1,INGENIERÍA AMBIENTAL CAB ESTEPONA,False
LF ENDESA,Liga Regular Único,SPAR GIRONA,14,M. COULIBALY,67.9126%,57.2217%,True,1,INGENIERÍA AMBIENTAL CAB ESTEPONA,False
LF ENDESA,Liga Regular Único,SPAR GIRONA,6,L. QUEVEDO CAÑIZARES,89.8449%,59.3644%,False,1,INGENIERÍA AMBIENTAL CAB ESTEPONA,False
LF ENDESA,Liga Regular Único,SPAR GIRONA,4,J. JOCYTE,69.7461%,72.5985%,True,1,INGENIERÍA AMBIENTAL CAB ESTEPONA,False
LF ENDESA,Liga Regular Único,SPAR GIRONA,11,C. GUERRERO ALCANTARA,34.2031%,67.1788%,False,1,INGENIERÍA AMBIENTAL CAB ESTEPONA,False
LF ENDESA,Liga Regular Único,SPAR GIRONA,11,C. GUERRERO ALCANTARA,88.646%,93.1429%,True,1,INGENIERÍA AMBIENTAL CAB ESTEPONA,False
LF ENDESA,Liga Regular Único,SPAR GIRONA,14,M. COULIBALY,65.7969%,64.2799%,False,1,INGENIERÍA AMBIENTAL CAB ESTEPONA,False
LF ENDESA,Liga Regular Único,SPAR GIRONA,4,J. JOCYTE,33.6389%,74.237%,False,1,INGENIERÍA AMBIENTAL CAB ESTEPONA,False
LF ENDESA,Liga Regular Único,SPAR GIRONA,21,M. PENDANDE MENDES,6.41749%,69.1955%,False,1,INGENIERÍA AMBIENTAL CAB ESTEPONA,False
LF ENDESA,Liga Regular Único,SPAR GIRONA,21,M. PENDANDE MENDES,14.2454%,66.9267%,True,1,INGENIERÍA AMBIENTAL CAB ESTEPONA,False
LF ENDESA,Liga Regular Único,SPAR GIRONA,14,M. COULIBALY,32.299%,75.4974%,False,1,INGENIERÍA AMBIENTAL CAB ESTEPONA,False
LF ENDESA,Liga Regular Único,SPAR GIRONA,15,L. AMIHERE,22.0028%,33.1483%,False,1,INGENIERÍA AMBIENTAL CAB ESTEPONA,False
LF ENDESA,Liga Regular Único,SPAR GIRONA,5,K. HOLM,12.5529%,56.0874%,True,1,INGENIERÍA AMBIENTAL CAB ESTEPONA,False
LF ENDESA,Liga Regular Único,SPAR GIRONA,24,A. LOPEZ RODRIGUEZ,84.1326%,36.5513%,True,1,INGENIERÍA AMBIENTAL CAB ESTEPONA,False
LF ENDESA,Liga Regular Único,SPAR GIRONA,14,M. COULIBALY,85.8956%,45.5001%,True,1,INGENIERÍA AMBIENTAL CAB ESTEPONA,False
LF ENDESA,Liga Regular Único,SPAR GIRONA,14,M. COULIBALY,34.6262%,60.1206%,False,1,INGENIERÍA AMBIENTAL CAB ESTEPONA,False
LF ENDESA,Liga Regular Único,SPAR GIRONA,14,M. COULIBALY,20.0987%,37.6857%,False,1,INGENIERÍA AMBIENTAL CAB ESTEPONA,False
LF ENDESA,Liga Regular Único,SPAR GIRONA,24,A. LOPEZ RODRIGUEZ,28.4908%,16.259%,True,1,INGENIERÍA AMBIENTAL CAB ESTEPONA,False
LF ENDESA,Liga Regular Único,SPAR GIRONA,5,K. HOLM,83.6389%,44.9959%,False,1,INGENIERÍA AMBIENTAL CAB ESTEPONA,False
LF ENDESA,Liga Regular Único,SPAR GIRONA,11,C. GUERRERO ALCANTARA,67.5599%,53.6926%,True,1,INGENIERÍA AMBIENTAL CAB ESTEPONA,False
LF ENDESA,Liga Regular Único,SPAR GIRONA,8,M. CANELLA RODRIGUEZ,14.1749%,59.2384%,False,1,INGENIERÍA AMBIENTAL CAB ESTEPONA,False
LF ENDESA,Liga Regular Único,SPAR GIRONA,23,A. CARTER,17.5599%,36.0472%,True,1,INGENIERÍA AMBIENTAL CAB ESTEPONA,False
LF ENDESA,Liga Regular Único,SPAR GIRONA,6,L. QUEVEDO CAÑIZARES,84.3441%,30.7535%,False,1,INGENIERÍA AMBIENTAL CAB ESTEPONA,False
LF ENDESA,Liga Regular Único,SPAR GIRONA,24,A. LOPEZ RODRIGUEZ,70.7334%,18.5277%,False,1,INGENIERÍA AMBIENTAL CAB ESTEPONA,False
LF ENDESA,Liga Regular Único,SPAR GIRONA,15,L. AMIHERE,80.677%,45.3741%,False,1,INGENIERÍA AMBIENTAL CAB ESTEPONA,False
LF ENDESA,Liga Regular Único,SPAR GIRONA,4,J. JOCYTE,67.2073%,68.5653%,False,1,INGENIERÍA AMBIENTAL CAB ESTEPONA,False
LF ENDESA,Liga Regular Único,SPAR GIRONA,15,L. AMIHERE,32.299%,23.5693%,False,1,INGENIERÍA AMBIENTAL CAB ESTEPONA,False
LF ENDESA,Liga Regular Único,SPAR GIRONA,5,K. HOLM,83.2863%,45.7522%,True,1,INGENIERÍA AMBIENTAL CAB ESTEPONA,False
LF ENDESA,Liga Regular Único,SPAR GIRONA,24,A. LOPEZ RODRIGUEZ,24.5416%,90.7481%,False,1,INGENIERÍA AMBIENTAL CAB ESTEPONA,False
LF ENDESA,Liga Regular Único,SPAR GIRONA,24,A. LOPEZ RODRIGUEZ,28.4908%,81.0431%,False,1,INGENIERÍA AMBIENTAL CAB ESTEPONA,False
LF ENDESA,Liga Regular Único,SPAR GIRONA,14,M. COULIBALY,65.7969%,57.978%,False,1,INGENIERÍA AMBIENTAL CAB ESTEPONA,False
LF ENDESA,Liga Regular Único,SPAR GIRONA,4,J. JOCYTE,22.0733%,90.7481%,False,1,INGENIERÍA AMBIENTAL CAB ESTEPONA,False
LF ENDESA,Liga Regular Único,SPAR GIRONA,5,K. HOLM,87.8702%,73.2287%,False,1,INGENIERÍA AMBIENTAL CAB ESTEPONA,False
LF ENDESA,Liga Regular Único,SPAR GIRONA,6,L. QUEVEDO CAÑIZARES,10.7898%,57.2217%,False,1,INGENIERÍA AMBIENTAL CAB ESTEPONA,False
LF ENDESA,Liga Regular Único,LOINTEK GERNIKA BIZKAIA,8,A. SALVADORES ALVAREZ,31.2412%,34.1566%,True,1,MOVISTAR ESTUDIANTES,True
LF ENDESA,Liga Regular Único,LOINTEK GERNIKA BIZKAIA,12,M. JANKOVIC,89.9859%,49.5334%,False,1,MOVISTAR ESTUDIANTES,True
LF ENDESA,Liga Regular Único,LOINTEK GERNIKA BIZKAIA,21,S. POLLEROS,90.268%,48.6511%,False,1,MOVISTAR ESTUDIANTES,True
LF ENDESA,Liga Regular Único,LOINTEK GERNIKA BIZKAIA,24,J. BROWN,17.1368%,41.5929%,True,1,MOVISTAR ESTUDIANTES,True
LF ENDESA,Liga Regular Único,LOINTEK GERNIKA BIZKAIA,11,L. WESTERIK,10.2962%,43.8616%,False,1,MOVISTAR ESTUDIANTES,True
LF ENDESA,Liga Regular Único,LOINTEK GERNIKA BIZKAIA,21,S. POLLEROS,92.2426%,57.0957%,False,1,MOVISTAR ESTUDIANTES,True
LF ENDESA,Liga Regular Único,LOINTEK GERNIKA BIZKAIA,11,L. WESTERIK,24.4711%,85.8326%,False,1,MOVISTAR ESTUDIANTES,True
LF ENDESA,Liga Regular Único,LOINTEK GERNIKA BIZKAIA,16,E. CASTEDO POTENTE,12.5529%,49.1552%,False,1,MOVISTAR ESTUDIANTES,True
LF ENDESA,Liga Regular Único,LOINTEK GERNIKA BIZKAIA,7,A. OLAETA LARRAURI,91.3258%,47.2647%,False,1,MOVISTAR ESTUDIANTES,True
LF ENDESA,Liga Regular Único,LOINTEK GERNIKA BIZKAIA,24,J. BROWN,18.1946%,70.834%,True,1,MOVISTAR ESTUDIANTES,True
LF ENDESA,Liga Regular Único,LOINTEK GERNIKA BIZKAIA,7,A. OLAETA LARRAURI,92.8773%,51.4239%,True,1,MOVISTAR ESTUDIANTES,True
LF ENDESA,Liga Regular Único,LOINTEK GERNIKA BIZKAIA,8,A. SALVADORES ALVAREZ,92.3836%,46.2563%,False,1,MOVISTAR ESTUDIANTES,True
LF ENDESA,Liga Regular Único,LOINTEK GERNIKA BIZKAIA,12,M. JANKOVIC,22.8491%,45.8782%,True,1,MOVISTAR ESTUDIANTES,True
LF ENDESA,Liga Regular Único,LOINTEK GERNIKA BIZKAIA,8,A. SALVADORES ALVAREZ,90.8322%,47.6428%,True,1,MOVISTAR ESTUDIANTES,True
LF ENDESA,Liga Regular Único,LOINTEK GERNIKA BIZKAIA,22,E. BESSOIR,94.2172%,45.8782%,True,1,MOVISTAR ESTUDIANTES,True
LF ENDESA,Liga Regular Único,LOINTEK GERNIKA BIZKAIA,8,A. SALVADORES ALVAREZ,6.98166%,94.4033%,False,1,MOVISTAR ESTUDIANTES,True
LF ENDESA,Liga Regular Único,LOINTEK GERNIKA BIZKAIA,7,A. OLAETA LARRAURI,9.37941%,92.7648%,False,1,MOVISTAR ESTUDIANTES,True
LF ENDESA,Liga Regular Único,LOINTEK GERNIKA BIZKAIA,21,S. POLLEROS,66.5021%,29.4931%,False,1,MOVISTAR ESTUDIANTES,True
LF ENDESA,Liga Regular Único,LOINTEK GERNIKA BIZKAIA,16,E. CASTEDO POTENTE,29.9013%,68.1871%,True,1,MOVISTAR ESTUDIANTES,True
LF ENDESA,Liga Regular Único,LOINTEK GERNIKA BIZKAIA,4,E. MATARRANZ MARTÍN,89.1396%,48.1469%,False,1,MOVISTAR ESTUDIANTES,True
LF ENDESA,Liga Regular Único,LOINTEK GERNIKA BIZKAIA,11,L. WESTERIK,8.32158%,45.8782%,False,1,MOVISTAR ESTUDIANTES,True
LF ENDESA,Liga Regular Único,LOINTEK GERNIKA BIZKAIA,22,E. BESSOIR,69.8872%,29.115%,False,1,MOVISTAR ESTUDIANTES,True
LF ENDESA,Liga Regular Único,LOINTEK GERNIKA BIZKAIA,11,L. WESTERIK,6.98166%,53.3145%,False,1,MOVISTAR ESTUDIANTES,True
LF ENDESA,Liga Regular Único,LOINTEK GERNIKA BIZKAIA,21,S. POLLEROS,93.0183%,92.2606%,False,1,MOVISTAR ESTUDIANTES,True
LF ENDESA,Liga Regular Único,LOINTEK GERNIKA BIZKAIA,21,S. POLLEROS,90.0564%,57.5999%,True,1,MOVISTAR ESTUDIANTES,True
LF ENDESA,Liga Regular Único,LOINTEK GERNIKA BIZKAIA,4,E. MATARRANZ MARTÍN,6.55853%,47.3907%,False,1,MOVISTAR ESTUDIANTES,True
LF ENDESA,Liga Regular Único,LOINTEK GERNIKA BIZKAIA,7,A. OLAETA LARRAURI,13.1171%,61.0029%,False,1,MOVISTAR ESTUDIANTES,True
LF ENDESA,Liga Regular Único,LOINTEK GERNIKA BIZKAIA,12,M. JANKOVIC,9.37941%,44.9959%,False,1,MOVISTAR ESTUDIANTES,True
LF ENDESA,Liga Regular Único,LOINTEK GERNIKA BIZKAIA,21,S. POLLEROS,93.1594%,93.2689%,True,1,MOVISTAR ESTUDIANTES,True
LF ENDESA,Liga Regular Único,LOINTEK GERNIKA BIZKAIA,22,E. BESSOIR,32.8632%,50.2896%,False,1,MOVISTAR ESTUDIANTES,True
LF ENDESA,Liga Regular Único,LOINTEK GERNIKA BIZKAIA,8,A. SALVADORES ALVAREZ,82.0874%,41.845%,False,1,MOVISTAR ESTUDIANTES,True
LF ENDESA,Liga Regular Único,LOINTEK GERNIKA BIZKAIA,21,S. POLLEROS,91.6784%,55.4572%,False,1,MOVISTAR ESTUDIANTES,True
LF ENDESA,Liga Regular Único,LOINTEK GERNIKA BIZKAIA,8,A. SALVADORES ALVAREZ,23.9774%,67.1788%,True,1,MOVISTAR ESTUDIANTES,True
LF ENDESA,Liga Regular Único,LOINTEK GERNIKA BIZKAIA,8,A. SALVADORES ALVAREZ,68.6883%,58.2301%,True,1,MOVISTAR ESTUDIANTES,True
LF ENDESA,Liga Regular Único,LOINTEK GERNIKA BIZKAIA,12,M. JANKOVIC,11.9887%,53.0624%,True,1,MOVISTAR ESTUDIANTES,True
LF ENDESA,Liga Regular Único,LOINTEK GERNIKA BIZKAIA,8,A. SALVADORES ALVAREZ,71.8618%,77.262%,True,1,MOVISTAR ESTUDIANTES,True
LF ENDESA,Liga Regular Único,LOINTEK GERNIKA BIZKAIA,8,A. SALVADORES ALVAREZ,11.2835%,71.7162%,True,1,MOVISTAR ESTUDIANTES,True
LF ENDESA,Liga Regular Único,LOINTEK GERNIKA BIZKAIA,8,A. SALVADORES ALVAREZ,67.842%,50.5417%,False,1,MOVISTAR ESTUDIANTES,True
LF ENDESA,Liga Regular Único,LOINTEK GERNIKA BIZKAIA,16,E. CASTEDO POTENTE,27.9267%,76.8838%,False,1,MOVISTAR ESTUDIANTES,True
LF ENDESA,Liga Regular Único,LOINTEK GERNIKA BIZKAIA,24,J. BROWN,7.61636%,95.2855%,True,1,MOVISTAR ESTUDIANTES,True
LF ENDESA,Liga Regular Único,LOINTEK GERNIKA BIZKAIA,24,J. BROWN,6.98166%,56.0874%,True,1,MOVISTAR ESTUDIANTES,True
LF ENDESA,Liga Regular Único,LOINTEK GERNIKA BIZKAIA,22,E. BESSOIR,81.2412%,91.5044%,False,1,MOVISTAR ESTUDIANTES,True
LF ENDESA,Liga Regular Único,LOINTEK GERNIKA BIZKAIA,8,A. SALVADORES ALVAREZ,73.3427%,24.1995%,False,1,MOVISTAR ESTUDIANTES,True
LF ENDESA,Liga Regular Único,LOINTEK GERNIKA BIZKAIA,11,L. WESTERIK,12.976%,47.3907%,True,1,MOVISTAR ESTUDIANTES,True
LF ENDESA,Liga Regular Único,LOINTEK GERNIKA BIZKAIA,22,E. BESSOIR,69.9577%,72.3464%,False,1,MOVISTAR ESTUDIANTES,True
LF ENDESA,Liga Regular Único,LOINTEK GERNIKA BIZKAIA,7,A. OLAETA LARRAURI,92.3131%,57.0957%,False,1,MOVISTAR ESTUDIANTES,True
LF ENDESA,Liga Regular Único,LOINTEK GERNIKA BIZKAIA,24,J. BROWN,8.32158%,47.8948%,False,1,MOVISTAR ESTUDIANTES,True
LF ENDESA,Liga Regular Único,LOINTEK GERNIKA BIZKAIA,7,A. OLAETA LARRAURI,10.2962%,87.4711%,True,1,MOVISTAR ESTUDIANTES,True
LF ENDESA,Liga Regular Único,LOINTEK GERNIKA BIZKAIA,8,A. SALVADORES ALVAREZ,92.4542%,58.2301%,True,1,MOVISTAR ESTUDIANTES,True
LF ENDESA,Liga Regular Único,LOINTEK GERNIKA BIZKAIA,8,A. SALVADORES ALVAREZ,75.3173%,83.942%,False,1,MOVISTAR ESTUDIANTES,True
LF ENDESA,Liga Regular Único,LOINTEK GERNIKA BIZKAIA,7,A. OLAETA LARRAURI,28.1382%,75.7495%,False,1,MOVISTAR ESTUDIANTES,True
LF ENDESA,Liga Regular Único,LOINTEK GERNIKA BIZKAIA,22,E. BESSOIR,71.086%,74.9932%,True,1,MOVISTAR ESTUDIANTES,True
LF ENDESA,Liga Regular Único,LOINTEK GERNIKA BIZKAIA,24,J. BROWN,9.23836%,45.8782%,False,1,MOVISTAR ESTUDIANTES,True
LF ENDESA,Liga Regular Único,LOINTEK GERNIKA BIZKAIA,11,L. WESTERIK,8.25106%,48.9032%,True,1,MOVISTAR ESTUDIANTES,True
LF ENDESA,Liga Regular Único,LOINTEK GERNIKA BIZKAIA,7,A. OLAETA LARRAURI,7.19323%,57.8519%,True,1,MOVISTAR ESTUDIANTES,True
LF ENDESA,Liga Regular Único,LOINTEK GERNIKA BIZKAIA,21,S. POLLEROS,13.1171%,61.0029%,True,1,MOVISTAR ESTUDIANTES,True
LF ENDESA,Liga Regular Único,LOINTEK GERNIKA BIZKAIA,22,E. BESSOIR,28.7024%,19.6621%,False,1,MOVISTAR ESTUDIANTES,True
LF ENDESA,Liga Regular Único,LOINTEK GERNIKA BIZKAIA,7,A. OLAETA LARRAURI,71.4386%,22.687%,False,1,MOVISTAR ESTUDIANTES,True
LF ENDESA,Liga Regular Único,LOINTEK GERNIKA BIZKAIA,22,E. BESSOIR,7.19323%,49.9115%,True,1,MOVISTAR ESTUDIANTES,True
LF ENDESA,Liga Regular Único,LOINTEK GERNIKA BIZKAIA,4,E. MATARRANZ MARTÍN,91.4669%,46.0043%,True,1,MOVISTAR ESTUDIANTES,True
LF ENDESA,Liga Regular Único,LOINTEK GERNIKA BIZKAIA,7,A. OLAETA LARRAURI,8.25106%,56.2134%,False,1,MOVISTAR ESTUDIANTES,True
LF ENDESA,Liga Regular Único,LOINTEK GERNIKA BIZKAIA,7,A. OLAETA LARRAURI,27.433%,77.388%,True,1,MOVISTAR ESTUDIANTES,True
LF ENDESA,Liga Regular Único,LOINTEK GERNIKA BIZKAIA,24,J. BROWN,90.9732%,55.2051%,True,1,MOVISTAR ESTUDIANTES,True
LF ENDESA,Liga Regular Único,LOINTEK GERNIKA BIZKAIA,8,A. SALVADORES ALVAREZ,74.4711%,17.2674%,False,1,MOVISTAR ESTUDIANTES,True
LF ENDESA,Liga Regular Único,LOINTEK GERNIKA BIZKAIA,12,M. JANKOVIC,9.0268%,58.7342%,False,1,MOVISTAR ESTUDIANTES,True
LF ENDESA,Liga Regular Único,LOINTEK GERNIKA BIZKAIA,4,E. MATARRANZ MARTÍN,92.031%,53.4406%,True,1,MOVISTAR ESTUDIANTES,True
LF ENDESA,Liga Regular Único,LOINTEK GERNIKA BIZKAIA,4,E. MATARRANZ MARTÍN,9.09732%,50.0375%,False,1,MOVISTAR ESTUDIANTES,True
LF ENDESA,Liga Regular Único,LOINTEK GERNIKA BIZKAIA,7,A. OLAETA LARRAURI,26.3047%,17.5194%,False,1,MOVISTAR ESTUDIANTES,True
LF ENDESA,Liga Regular Único,LOINTEK GERNIKA BIZKAIA,7,A. OLAETA LARRAURI,79.3371%,91.8825%,False,1,MOVISTAR ESTUDIANTES,True
LF ENDESA,Liga Regular Único,LOINTEK GERNIKA BIZKAIA,16,E. CASTEDO POTENTE,78.3498%,36.9294%,False,1,MOVISTAR ESTUDIANTES,True
LF ENDESA,Liga Regular Único,LOINTEK GERNIKA BIZKAIA,7,A. OLAETA LARRAURI,91.0437%,91.2523%,False,1,MOVISTAR ESTUDIANTES,True
LF ENDESA,Liga Regular Único,LOINTEK GERNIKA BIZKAIA,8,A. SALVADORES ALVAREZ,25.3879%,70.3298%,False,1,MOVISTAR ESTUDIANTES,True
LF ENDESA,Liga Regular Único,LOINTEK GERNIKA BIZKAIA,12,M. JANKOVIC,8.25106%,57.0957%,True,1,MOVISTAR ESTUDIANTES,True
LF ENDESA,Liga Regular Único,LOINTEK GERNIKA BIZKAIA,21,S. POLLEROS,91.2553%,48.399%,True,1,MOVISTAR ESTUDIANTES,True
LF ENDESA,Liga Regular Único,LOINTEK GERNIKA BIZKAIA,11,L. WESTERIK,6.91114%,46.3824%,False,1,MOVISTAR ESTUDIANTES,True
LF ENDESA,Liga Regular Único,LOINTEK GERNIKA BIZKAIA,24,J. BROWN,92.4542%,51.2979%,True,1,MOVISTAR ESTUDIANTES,True
LF ENDESA,Liga Regular Único,LOINTEK GERNIKA BIZKAIA,21,S. POLLEROS,71.4386%,22.687%,True,1,MOVISTAR ESTUDIANTES,True
LF ENDESA,Liga Regular Único,LOINTEK GERNIKA BIZKAIA,24,J. BROWN,32.0874%,32.6441%,False,1,MOVISTAR ESTUDIANTES,True
LF ENDESA,Liga Regular Único,LOINTEK GERNIKA BIZKAIA,21,S. POLLEROS,92.7363%,54.701%,False,1,MOVISTAR ESTUDIANTES,True
LF ENDESA,Liga Regular Único,LOINTEK GERNIKA BIZKAIA,24,J. BROWN,8.18054%,48.399%,True,1,MOVISTAR ESTUDIANTES,True
LF ENDESA,Liga Regular Único,LOINTEK GERNIKA BIZKAIA,11,L. WESTERIK,92.5247%,54.4489%,False,1,MOVISTAR ESTUDIANTES,True
LF ENDESA,Liga Regular Único,MOVISTAR ESTUDIANTES,33,N. EZEIGBO,10.4372%,51.4239%,True,1,LOINTEK GERNIKA BIZKAIA,False
LF ENDESA,Liga Regular Único,MOVISTAR ESTUDIANTES,4,A. STANACEV,15.6559%,49.0292%,False,1,LOINTEK GERNIKA BIZKAIA,False
LF ENDESA,Liga Regular Único,MOVISTAR ESTUDIANTES,19,K. TOPUZOVIC,77.292%,14.3685%,True,1,LOINTEK GERNIKA BIZKAIA,False
LF ENDESA,Liga Regular Único,MOVISTAR ESTUDIANTES,4,A. STANACEV,7.54584%,50.1636%,True,1,LOINTEK GERNIKA BIZKAIA,False
LF ENDESA,Liga Regular Único,MOVISTAR ESTUDIANTES,4,A. STANACEV,11.213%,59.7425%,False,1,LOINTEK GERNIKA BIZKAIA,False
LF ENDESA,Liga Regular Único,MOVISTAR ESTUDIANTES,99,L. ODOM,7.82793%,47.7688%,True,1,LOINTEK GERNIKA BIZKAIA,False
LF ENDESA,Liga Regular Único,MOVISTAR ESTUDIANTES,7,C. SAMSON,7.82793%,48.6511%,False,1,LOINTEK GERNIKA BIZKAIA,False
LF ENDESA,Liga Regular Único,MOVISTAR ESTUDIANTES,7,C. SAMSON,71.3681%,80.665%,False,1,LOINTEK GERNIKA BIZKAIA,False
LF ENDESA,Liga Regular Único,MOVISTAR ESTUDIANTES,33,N. EZEIGBO,92.2426%,48.525%,True,1,LOINTEK GERNIKA BIZKAIA,False
LF ENDESA,Liga Regular Único,MOVISTAR ESTUDIANTES,22,J. CAMILION CUCCARO,69.2525%,34.1566%,False,1,LOINTEK GERNIKA BIZKAIA,False
LF ENDESA,Liga Regular Único,MOVISTAR ESTUDIANTES,8,I. ETXARRI MUNARRIZ,81.3822%,32.8962%,True,1,LOINTEK GERNIKA BIZKAIA,False
LF ENDESA,Liga Regular Único,MOVISTAR ESTUDIANTES,7,C. SAMSON,94.1467%,83.1858%,False,1,LOINTEK GERNIKA BIZKAIA,False
LF ENDESA,Liga Regular Único,MOVISTAR ESTUDIANTES,0,F. BUHNER,8.3921%,47.1386%,True,1,LOINTEK GERNIKA BIZKAIA,False
LF ENDESA,Liga Regular Único,MOVISTAR ESTUDIANTES,7,C. SAMSON,5.92384%,20.1663%,False,1,LOINTEK GERNIKA BIZKAIA,False
LF ENDESA,Liga Regular Único,MOVISTAR ESTUDIANTES,7,C. SAMSON,28.6319%,47.1386%,False,1,LOINTEK GERNIKA BIZKAIA,False
LF ENDESA,Liga Regular Único,MOVISTAR ESTUDIANTES,4,A. STANACEV,68.4767%,63.2716%,False,1,LOINTEK GERNIKA BIZKAIA,False
LF ENDESA,Liga Regular Único,MOVISTAR ESTUDIANTES,33,N. EZEIGBO,13.2581%,46.7605%,False,1,LOINTEK GERNIKA BIZKAIA,False
LF ENDESA,Liga Regular Único,MOVISTAR ESTUDIANTES,19,K. TOPUZOVIC,91.4669%,46.0043%,False,1,LOINTEK GERNIKA BIZKAIA,False
LF ENDESA,Liga Regular Único,MOVISTAR ESTUDIANTES,22,J. CAMILION CUCCARO,81.1707%,44.6178%,True,1,LOINTEK GERNIKA BIZKAIA,False
LF ENDESA,Liga Regular Único,MOVISTAR ESTUDIANTES,33,N. EZEIGBO,8.25106%,60.2467%,False,1,LOINTEK GERNIKA BIZKAIA,False
LF ENDESA,Liga Regular Único,MOVISTAR ESTUDIANTES,19,K. TOPUZOVIC,21.1566%,63.6497%,False,1,LOINTEK GERNIKA BIZKAIA,False
LF ENDESA,Liga Regular Único,MOVISTAR ESTUDIANTES,8,I. ETXARRI MUNARRIZ,92.8773%,66.0445%,True,1,LOINTEK GERNIKA BIZKAIA,False
LF ENDESA,Liga Regular Único,MOVISTAR ESTUDIANTES,19,K. TOPUZOVIC,78.914%,45.6261%,True,1,LOINTEK GERNIKA BIZKAIA,False
LF ENDESA,Liga Regular Único,MOVISTAR ESTUDIANTES,0,F. BUHNER,7.82793%,50.6677%,True,1,LOINTEK GERNIKA BIZKAIA,False
LF ENDESA,Liga Regular Único,MOVISTAR ESTUDIANTES,33,N. EZEIGBO,6.84062%,43.6095%,True,1,LOINTEK GERNIKA BIZKAIA,False
LF ENDESA,Liga Regular Único,MOVISTAR ESTUDIANTES,0,F. BUHNER,9.16784%,58.7342%,True,1,LOINTEK GERNIKA BIZKAIA,False
LF ENDESA,Liga Regular Único,MOVISTAR ESTUDIANTES,0,F. BUHNER,7.89845%,45.7522%,True,1,LOINTEK GERNIKA BIZKAIA,False
LF ENDESA,Liga Regular Único,MOVISTAR ESTUDIANTES,8,I. ETXARRI MUNARRIZ,89.2102%,49.2813%,True,1,LOINTEK GERNIKA BIZKAIA,False
LF ENDESA,Liga Regular Único,MOVISTAR ESTUDIANTES,33,N. EZEIGBO,8.46262%,47.8948%,False,1,LOINTEK GERNIKA BIZKAIA,False
LF ENDESA,Liga Regular Único,MOVISTAR ESTUDIANTES,99,L. ODOM,17.9831%,25.0818%,False,1,LOINTEK GERNIKA BIZKAIA,False
LF ENDESA,Liga Regular Único,MOVISTAR ESTUDIANTES,4,A. STANACEV,25.1763%,74.6151%,False,1,LOINTEK GERNIKA BIZKAIA,False
LF ENDESA,Liga Regular Único,MOVISTAR ESTUDIANTES,7,C. SAMSON,25.8815%,59.3644%,False,1,LOINTEK GERNIKA BIZKAIA,False
LF ENDESA,Liga Regular Único,MOVISTAR ESTUDIANTES,8,I. ETXARRI MUNARRIZ,65.3032%,49.1552%,True,1,LOINTEK GERNIKA BIZKAIA,False
LF ENDESA,Liga Regular Único,MOVISTAR ESTUDIANTES,8,I. ETXARRI MUNARRIZ,26.3752%,81.4212%,False,1,LOINTEK GERNIKA BIZKAIA,False
LF ENDESA,Liga Regular Único,MOVISTAR ESTUDIANTES,8,I. ETXARRI MUNARRIZ,90.268%,56.7176%,False,1,LOINTEK GERNIKA BIZKAIA,False
LF ENDESA,Liga Regular Único,MOVISTAR ESTUDIANTES,99,L. ODOM,9.0268%,48.525%,True,1,LOINTEK GERNIKA BIZKAIA,False
LF ENDESA,Liga Regular Único,MOVISTAR ESTUDIANTES,0,F. BUHNER,81.6643%,46.5084%,False,1,LOINTEK GERNIKA BIZKAIA,False
LF ENDESA,Liga Regular Único,MOVISTAR ESTUDIANTES,8,I. ETXARRI MUNARRIZ,19.1819%,52.5583%,False,1,LOINTEK GERNIKA BIZKAIA,False
LF ENDESA,Liga Regular Único,MOVISTAR ESTUDIANTES,7,C. SAMSON,7.68688%,7.43631%,True,1,LOINTEK GERNIKA BIZKAIA,False
LF ENDESA,Liga Regular Único,MOVISTAR ESTUDIANTES,19,K. TOPUZOVIC,76.9394%,43.3574%,True,1,LOINTEK GERNIKA BIZKAIA,False
LF ENDESA,Liga Regular Único,MOVISTAR ESTUDIANTES,33,N. EZEIGBO,92.2426%,55.4572%,False,1,LOINTEK GERNIKA BIZKAIA,False
LF ENDESA,Liga Regular Único,MOVISTAR ESTUDIANTES,19,K. TOPUZOVIC,92.1721%,60.8769%,True,1,LOINTEK GERNIKA BIZKAIA,False
LF ENDESA,Liga Regular Único,MOVISTAR ESTUDIANTES,22,J. CAMILION CUCCARO,70.1693%,29.2411%,False,1,LOINTEK GERNIKA BIZKAIA,False
LF ENDESA,Liga Regular Único,MOVISTAR ESTUDIANTES,4,A. STANACEV,73.1312%,23.9474%,False,1,LOINTEK GERNIKA BIZKAIA,False
LF ENDESA,Liga Regular Único,MOVISTAR ESTUDIANTES,0,F. BUHNER,20.0987%,8.82274%,False,1,LOINTEK GERNIKA BIZKAIA,False
LF ENDESA,Liga Regular Único,MOVISTAR ESTUDIANTES,99,L. ODOM,88.787%,48.0209%,True,1,LOINTEK GERNIKA BIZKAIA,False
LF ENDESA,Liga Regular Único,MOVISTAR ESTUDIANTES,19,K. TOPUZOVIC,9.23836%,56.9697%,True,1,LOINTEK GERNIKA BIZKAIA,False
LF ENDESA,Liga Regular Único,MOVISTAR ESTUDIANTES,33,N. EZEIGBO,68.4767%,63.2716%,True,1,LOINTEK GERNIKA BIZKAIA,False
LF ENDESA,Liga Regular Único,MOVISTAR ESTUDIANTES,33,N. EZEIGBO,90.6911%,53.6926%,True,1,LOINTEK GERNIKA BIZKAIA,False
LF ENDESA,Liga Regular Único,MOVISTAR ESTUDIANTES,19,K. TOPUZOVIC,76.7983%,86.0847%,False,1,LOINTEK GERNIKA BIZKAIA,False
LF ENDESA,Liga Regular Único,MOVISTAR ESTUDIANTES,19,K. TOPUZOVIC,6.98166%,46.5084%,True,1,LOINTEK GERNIKA BIZKAIA,False
LF ENDESA,Liga Regular Único,MOVISTAR ESTUDIANTES,19,K. TOPUZOVIC,10.5078%,92.3866%,True,1,LOINTEK GERNIKA BIZKAIA,False
LF ENDESA,Liga Regular Único,MOVISTAR ESTUDIANTES,14,T. KRIVACEVIC,10.2257%,65.1622%,False,1,LOINTEK GERNIKA BIZKAIA,False
LF ENDESA,Liga Regular Único,MOVISTAR ESTUDIANTES,33,N. EZEIGBO,90.6911%,46.6345%,True,1,LOINTEK GERNIKA BIZKAIA,False
LF ENDESA,Liga Regular Único,MOVISTAR ESTUDIANTES,0,F. BUHNER,71.4386%,76.6318%,False,1,LOINTEK GERNIKA BIZKAIA,False
LF ENDESA,Liga Regular Único,MOVISTAR ESTUDIANTES,22,J. CAMILION CUCCARO,91.5374%,94.1512%,True,1,LOINTEK GERNIKA BIZKAIA,False
LF ENDESA,Liga Regular Único,MOVISTAR ESTUDIANTES,33,N. EZEIGBO,91.5374%,45.7522%,True,1,LOINTEK GERNIKA BIZKAIA,False
LF ENDESA,Liga Regular Único,MOVISTAR ESTUDIANTES,0,F. BUHNER,13.3992%,38.9461%,False,1,LOINTEK GERNIKA BIZKAIA,False
LF ENDESA,Liga Regular Único,MOVISTAR ESTUDIANTES,4,A. STANACEV,33.0748%,38.568%,False,1,LOINTEK GERNIKA BIZKAIA,False
LF ENDESA,Liga Regular Único,MOVISTAR ESTUDIANTES,22,J. CAMILION CUCCARO,71.8618%,78.2703%,False,1,LOINTEK GERNIKA BIZKAIA,False
LF ENDESA,Liga Regular Único,MOVISTAR ESTUDIANTES,7,C. SAMSON,5.85331%,57.8519%,False,1,LOINTEK GERNIKA BIZKAIA,False
LF ENDESA,Liga Regular Único,MOVISTAR ESTUDIANTES,8,I. ETXARRI MUNARRIZ,69.3935%,32.5181%,False,1,LOINTEK GERNIKA BIZKAIA,False
LF ENDESA,Liga Regular Único,MOVISTAR ESTUDIANTES,7,C. SAMSON,28.3498%,73.7329%,False,1,LOINTEK GERNIKA BIZKAIA,False
LF ENDESA,Liga Regular Único,MOVISTAR ESTUDIANTES,0,F. BUHNER,92.2426%,6.42799%,False,1,LOINTEK GERNIKA BIZKAIA,False
LF ENDESA,Liga Regular Único,MOVISTAR ESTUDIANTES,33,N. EZEIGBO,90.268%,61.255%,False,1,LOINTEK GERNIKA BIZKAIA,False
LF ENDESA,Liga Regular Único,MOVISTAR ESTUDIANTES,0,F. BUHNER,92.1721%,55.7093%,True,1,LOINTEK GERNIKA BIZKAIA,False
LF ENDESA,Liga Regular Único,MOVISTAR ESTUDIANTES,33,N. EZEIGBO,93.5825%,55.9613%,True,1,LOINTEK GERNIKA BIZKAIA,False
LF ENDESA,Liga Regular Único,MOVISTAR ESTUDIANTES,22,J. CAMILION CUCCARO,68.6178%,36.5513%,True,1,LOINTEK GERNIKA BIZKAIA,False
LF ENDESA,Liga Regular Único,MOVISTAR ESTUDIANTES,4,A. STANACEV,92.2426%,55.9613%,True,1,LOINTEK GERNIKA BIZKAIA,False
LF ENDESA,Liga Regular Único,MOVISTAR ESTUDIANTES,0,F. BUHNER,32.0874%,44.7439%,True,1,LOINTEK GERNIKA BIZKAIA,False
LF ENDESA,Liga Regular Único,MOVISTAR ESTUDIANTES,4,A. STANACEV,54.1608%,93.8991%,False,1,LOINTEK GERNIKA BIZKAIA,False
LF ENDESA,Liga Regular Único,MOVISTAR ESTUDIANTES,33,N. EZEIGBO,10.7898%,49.5334%,False,1,LOINTEK GERNIKA BIZKAIA,False
LF ENDESA,Liga Regular Único,KUTXABANK ARASKI,11,Q. URBANIAK- DORNSTAUDER,12.835%,33.4004%,True,1,PERFUMERIAS AVENIDA,True
LF ENDESA,Liga Regular Único,KUTXABANK ARASKI,31,L. LAHTINEN,86.9535%,53.3145%,False,1,PERFUMERIAS AVENIDA,True
LF ENDESA,Liga Regular Único,KUTXABANK ARASKI,17,I. JOURDAIN QUEVEDO,70.1693%,17.1413%,False,1,PERFUMERIAS AVENIDA,True
LF ENDESA,Liga Regular Único,KUTXABANK ARASKI,22,D. TOUSSAINT,70.6629%,80.791%,True,1,PERFUMERIAS AVENIDA,True
LF ENDESA,Liga Regular Único,KUTXABANK ARASKI,5,M. BROTONS PASCUAL,15.8674%,48.6511%,True,1,PERFUMERIAS AVENIDA,True
LF ENDESA,Liga Regular Único,KUTXABANK ARASKI,17,I. JOURDAIN QUEVEDO,85.8956%,54.701%,True,1,PERFUMERIAS AVENIDA,True
LF ENDESA,Liga Regular Único,KUTXABANK ARASKI,31,L. LAHTINEN,69.8872%,23.6953%,False,1,PERFUMERIAS AVENIDA,True
LF ENDESA,Liga Regular Único,KUTXABANK ARASKI,15,N. DJIU MORRO,66.7842%,67.1788%,False,1,PERFUMERIAS AVENIDA,True
LF ENDESA,Liga Regular Único,KUTXABANK ARASKI,31,L. LAHTINEN,34.6262%,23.4433%,False,1,PERFUMERIAS AVENIDA,True
LF ENDESA,Liga Regular Único,KUTXABANK ARASKI,15,N. DJIU MORRO,83.2158%,40.3325%,False,1,PERFUMERIAS AVENIDA,True
LF ENDESA,Liga Regular Único,KUTXABANK ARASKI,15,N. DJIU MORRO,16.9252%,50.6677%,False,1,PERFUMERIAS AVENIDA,True
LF ENDESA,Liga Regular Único,KUTXABANK ARASKI,31,L. LAHTINEN,12.2003%,54.827%,False,1,PERFUMERIAS AVENIDA,True
LF ENDESA,Liga Regular Único,KUTXABANK ARASKI,8,M. DEMBELE TRAORE,79.9013%,43.8616%,False,1,PERFUMERIAS AVENIDA,True
LF ENDESA,Liga Regular Único,KUTXABANK ARASKI,15,N. DJIU MORRO,16.1495%,36.0472%,True,1,PERFUMERIAS AVENIDA,True
LF ENDESA,Liga Regular Único,KUTXABANK ARASKI,31,L. LAHTINEN,74.9647%,13.2341%,False,1,PERFUMERIAS AVENIDA,True
LF ENDESA,Liga Regular Único,KUTXABANK ARASKI,22,D. TOUSSAINT,76.5162%,61.6331%,False,1,PERFUMERIAS AVENIDA,True
LF ENDESA,Liga Regular Único,KUTXABANK ARASKI,8,M. DEMBELE TRAORE,16.8547%,50.0375%,False,1,PERFUMERIAS AVENIDA,True
LF ENDESA,Liga Regular Único,KUTXABANK ARASKI,31,L. LAHTINEN,10.6488%,48.9032%,False,1,PERFUMERIAS AVENIDA,True
LF ENDESA,Liga Regular Único,KUTXABANK ARASKI,15,N. DJIU MORRO,12.4118%,72.7245%,True,1,PERFUMERIAS AVENIDA,True
LF ENDESA,Liga Regular Único,KUTXABANK ARASKI,31,L. LAHTINEN,12.4118%,28.7369%,False,1,PERFUMERIAS AVENIDA,True
LF ENDESA,Liga Regular Único,KUTXABANK ARASKI,4,S. HILL,17.2073%,62.5154%,False,1,PERFUMERIAS AVENIDA,True
LF ENDESA,Liga Regular Único,KUTXABANK ARASKI,31,L. LAHTINEN,87.2355%,30.7535%,True,1,PERFUMERIAS AVENIDA,True
LF ENDESA,Liga Regular Único,KUTXABANK ARASKI,31,L. LAHTINEN,32.3695%,17.7715%,False,1,PERFUMERIAS AVENIDA,True
LF ENDESA,Liga Regular Único,KUTXABANK ARASKI,5,M. BROTONS PASCUAL,86.5303%,65.6664%,True,1,PERFUMERIAS AVENIDA,True
LF ENDESA,Liga Regular Único,KUTXABANK ARASKI,4,S. HILL,10.4372%,45.5001%,True,1,PERFUMERIAS AVENIDA,True
LF ENDESA,Liga Regular Único,KUTXABANK ARASKI,11,Q. URBANIAK- DORNSTAUDER,15.3738%,32.7702%,False,1,PERFUMERIAS AVENIDA,True
LF ENDESA,Liga Regular Único,KUTXABANK ARASKI,15,N. DJIU MORRO,67.4189%,66.5486%,True,1,PERFUMERIAS AVENIDA,True
LF ENDESA,Liga Regular Único,KUTXABANK ARASKI,11,Q. URBANIAK- DORNSTAUDER,90.1269%,35.0389%,True,1,PERFUMERIAS AVENIDA,True
LF ENDESA,Liga Regular Único,KUTXABANK ARASKI,11,Q. URBANIAK- DORNSTAUDER,85.6841%,54.3228%,True,1,PERFUMERIAS AVENIDA,True
LF ENDESA,Liga Regular Único,KUTXABANK ARASKI,8,M. DEMBELE TRAORE,12.7645%,52.8104%,False,1,PERFUMERIAS AVENIDA,True
LF ENDESA,Liga Regular Único,KUTXABANK ARASKI,4,S. HILL,30.677%,18.6538%,True,1,PERFUMERIAS AVENIDA,True
LF ENDESA,Liga Regular Único,KUTXABANK ARASKI,17,I. JOURDAIN QUEVEDO,17.9831%,46.1303%,False,1,PERFUMERIAS AVENIDA,True
LF ENDESA,Liga Regular Único,KUTXABANK ARASKI,8,M. DEMBELE TRAORE,12.0592%,54.701%,False,1,PERFUMERIAS AVENIDA,True
LF ENDESA,Liga Regular Único,KUTXABANK ARASKI,15,N. DJIU MORRO,89.4922%,52.3062%,True,1,PERFUMERIAS AVENIDA,True
LF ENDESA,Liga Regular Único,KUTXABANK ARASKI,15,N. DJIU MORRO,15.0917%,41.4669%,False,1,PERFUMERIAS AVENIDA,True
LF ENDESA,Liga Regular Único,KUTXABANK ARASKI,31,L. LAHTINEN,33.4274%,54.701%,False,1,PERFUMERIAS AVENIDA,True
LF ENDESA,Liga Regular Único,KUTXABANK ARASKI,4,S. HILL,71.2976%,23.0652%,False,1,PERFUMERIAS AVENIDA,True
LF ENDESA,Liga Regular Único,KUTXABANK ARASKI,31,L. LAHTINEN,35.1199%,49.1552%,True,1,PERFUMERIAS AVENIDA,True
LF ENDESA,Liga Regular Único,KUTXABANK ARASKI,8,M. DEMBELE TRAORE,12.3413%,43.1054%,True,1,PERFUMERIAS AVENIDA,True
LF ENDESA,Liga Regular Único,KUTXABANK ARASKI,4,S. HILL,90.6206%,48.0209%,True,1,PERFUMERIAS AVENIDA,True
LF ENDESA,Liga Regular Único,KUTXABANK ARASKI,17,I. JOURDAIN QUEVEDO,86.0367%,40.9627%,False,1,PERFUMERIAS AVENIDA,True
LF ENDESA,Liga Regular Único,KUTXABANK ARASKI,31,L. LAHTINEN,26.3752%,85.3285%,False,1,PERFUMERIAS AVENIDA,True
LF ENDESA,Liga Regular Único,KUTXABANK ARASKI,17,I. JOURDAIN QUEVEDO,14.9506%,46.3824%,True,1,PERFUMERIAS AVENIDA,True
LF ENDESA,Liga Regular Único,KUTXABANK ARASKI,17,I. JOURDAIN QUEVEDO,85.6135%,41.2148%,True,1,PERFUMERIAS AVENIDA,True
LF ENDESA,Liga Regular Único,KUTXABANK ARASKI,31,L. LAHTINEN,31.2412%,75.8755%,False,1,PERFUMERIAS AVENIDA,True
LF ENDESA,Liga Regular Único,KUTXABANK ARASKI,31,L. LAHTINEN,66.0085%,60.8769%,False,1,PERFUMERIAS AVENIDA,True
LF ENDESA,Liga Regular Único,KUTXABANK ARASKI,31,L. LAHTINEN,67.701%,75.8755%,False,1,PERFUMERIAS AVENIDA,True
LF ENDESA,Liga Regular Único,KUTXABANK ARASKI,11,Q. URBANIAK- DORNSTAUDER,87.6587%,73.8589%,False,1,PERFUMERIAS AVENIDA,True
LF ENDESA,Liga Regular Único,KUTXABANK ARASKI,31,L. LAHTINEN,11.7066%,36.4253%,False,1,PERFUMERIAS AVENIDA,True
LF ENDESA,Liga Regular Único,KUTXABANK ARASKI,15,N. DJIU MORRO,18.3357%,47.5167%,False,1,PERFUMERIAS AVENIDA,True
LF ENDESA,Liga Regular Único,KUTXABANK ARASKI,9,M. SANZ ARRANZ,30.8886%,76.5057%,False,1,PERFUMERIAS AVENIDA,True
LF ENDESA,Liga Regular Único,KUTXABANK ARASKI,11,Q. URBANIAK- DORNSTAUDER,82.9337%,52.1802%,True,1,PERFUMERIAS AVENIDA,True
LF ENDESA,Liga Regular Único,KUTXABANK ARASKI,31,L. LAHTINEN,33.0748%,63.0195%,False,1,PERFUMERIAS AVENIDA,True
LF ENDESA,Liga Regular Único,KUTXABANK ARASKI,31,L. LAHTINEN,13.2581%,52.1802%,True,1,PERFUMERIAS AVENIDA,True
LF ENDESA,Liga Regular Único,KUTXABANK ARASKI,4,S. HILL,73.1312%,11.7216%,False,1,PERFUMERIAS AVENIDA,True
LF ENDESA,Liga Regular Único,KUTXABANK ARASKI,22,D. TOUSSAINT,84.0621%,49.5334%,False,1,PERFUMERIAS AVENIDA,True
LF ENDESA,Liga Regular Único,KUTXABANK ARASKI,31,L. LAHTINEN,87.4471%,27.3505%,False,1,PERFUMERIAS AVENIDA,True
LF ENDESA,Liga Regular Único,KUTXABANK ARASKI,8,M. DEMBELE TRAORE,10.7898%,45.3741%,True,1,PERFUMERIAS AVENIDA,True
LF ENDESA,Liga Regular Único,PERFUMERIAS AVENIDA,5,N. STOUPALOVA,86.5303%,63.0195%,True,1,KUTXABANK ARASKI,False
LF ENDESA,Liga Regular Único,PERFUMERIAS AVENIDA,3,L. SPREAFICO,32.8632%,72.5985%,False,1,KUTXABANK ARASKI,False
LF ENDESA,Liga Regular Único,PERFUMERIAS AVENIDA,11,S. ZELLOUS,21.8618%,41.7189%,False,1,KUTXABANK ARASKI,False
LF ENDESA,Liga Regular Único,PERFUMERIAS AVENIDA,3,L. SPREAFICO,32.158%,73.8589%,True,1,KUTXABANK ARASKI,False
LF ENDESA,Liga Regular Único,PERFUMERIAS AVENIDA,55,K. CAVE,12.2003%,48.9032%,True,1,KUTXABANK ARASKI,False
LF ENDESA,Liga Regular Único,PERFUMERIAS AVENIDA,11,S. ZELLOUS,83.6389%,34.4087%,True,1,KUTXABANK ARASKI,False
LF ENDESA,Liga Regular Único,PERFUMERIAS AVENIDA,11,S. ZELLOUS,83.4979%,49.5334%,True,1,KUTXABANK ARASKI,False
LF ENDESA,Liga Regular Único,PERFUMERIAS AVENIDA,5,N. STOUPALOVA,11.6361%,34.6607%,False,1,KUTXABANK ARASKI,False
LF ENDESA,Liga Regular Único,PERFUMERIAS AVENIDA,11,S. ZELLOUS,34.6968%,48.9032%,False,1,KUTXABANK ARASKI,False
LF ENDESA,Liga Regular Único,PERFUMERIAS AVENIDA,55,K. CAVE,88.0113%,32.5181%,True,1,KUTXABANK ARASKI,False
LF ENDESA,Liga Regular Único,PERFUMERIAS AVENIDA,11,S. ZELLOUS,65.5853%,69.8256%,False,1,KUTXABANK ARASKI,False
LF ENDESA,Liga Regular Único,PERFUMERIAS AVENIDA,12,A. MEYERS,69.9577%,49.4073%,False,1,KUTXABANK ARASKI,False
LF ENDESA,Liga Regular Único,PERFUMERIAS AVENIDA,12,A. MEYERS,71.2271%,82.6816%,False,1,KUTXABANK ARASKI,False
LF ENDESA,Liga Regular Único,PERFUMERIAS AVENIDA,7,M. ARROJO JIMENEZ,12.6939%,32.8962%,True,1,KUTXABANK ARASKI,False
LF ENDESA,Liga Regular Único,PERFUMERIAS AVENIDA,5,N. STOUPALOVA,14.1044%,30.3754%,False,1,KUTXABANK ARASKI,False
LF ENDESA,Liga Regular Único,PERFUMERIAS AVENIDA,11,S. ZELLOUS,35.543%,24.3255%,False,1,KUTXABANK ARASKI,False
LF ENDESA,Liga Regular Único,PERFUMERIAS AVENIDA,12,A. MEYERS,71.7913%,13.3601%,True,1,KUTXABANK ARASKI,False
LF ENDESA,Liga Regular Único,PERFUMERIAS AVENIDA,11,S. ZELLOUS,13.4697%,29.7452%,False,1,KUTXABANK ARASKI,False
LF ENDESA,Liga Regular Único,PERFUMERIAS AVENIDA,7,M. ARROJO JIMENEZ,87.3766%,62.6414%,False,1,KUTXABANK ARASKI,False
LF ENDESA,Liga Regular Único,PERFUMERIAS AVENIDA,55,K. CAVE,79.2666%,49.1552%,True,1,KUTXABANK ARASKI,False
LF ENDESA,Liga Regular Único,PERFUMERIAS AVENIDA,55,K. CAVE,86.4598%,41.5929%,True,1,KUTXABANK ARASKI,False
LF ENDESA,Liga Regular Único,PERFUMERIAS AVENIDA,5,N. STOUPALOVA,80.677%,43.6095%,False,1,KUTXABANK ARASKI,False
LF ENDESA,Liga Regular Único,PERFUMERIAS AVENIDA,55,K. CAVE,88.787%,37.6857%,True,1,KUTXABANK ARASKI,False
LF ENDESA,Liga Regular Único,PERFUMERIAS AVENIDA,5,N. STOUPALOVA,11.2835%,35.0389%,True,1,KUTXABANK ARASKI,False
LF ENDESA,Liga Regular Único,PERFUMERIAS AVENIDA,3,L. SPREAFICO,67.4894%,23.5693%,False,1,KUTXABANK ARASKI,False
LF ENDESA,Liga Regular Único,PERFUMERIAS AVENIDA,11,S. ZELLOUS,83.2158%,37.3076%,True,1,KUTXABANK ARASKI,False
LF ENDESA,Liga Regular Único,PERFUMERIAS AVENIDA,55,K. CAVE,83.9915%,49.6594%,False,1,KUTXABANK ARASKI,False
LF ENDESA,Liga Regular Único,PERFUMERIAS AVENIDA,3,L. SPREAFICO,67.5599%,29.3671%,False,1,KUTXABANK ARASKI,False
LF ENDESA,Liga Regular Único,PERFUMERIAS AVENIDA,5,N. STOUPALOVA,34.6968%,62.6414%,False,1,KUTXABANK ARASKI,False
LF ENDESA,Liga Regular Único,PERFUMERIAS AVENIDA,55,K. CAVE,15.5853%,39.8283%,True,1,KUTXABANK ARASKI,False
LF ENDESA,Liga Regular Único,PERFUMERIAS AVENIDA,3,L. SPREAFICO,29.9013%,75.8755%,False,1,KUTXABANK ARASKI,False
LF ENDESA,Liga Regular Único,PERFUMERIAS AVENIDA,11,S. ZELLOUS,34.2031%,52.9364%,False,1,KUTXABANK ARASKI,False
LF ENDESA,Liga Regular Único,PERFUMERIAS AVENIDA,55,K. CAVE,87.024%,66.1705%,False,1,KUTXABANK ARASKI,False
LF ENDESA,Liga Regular Único,PERFUMERIAS AVENIDA,5,N. STOUPALOVA,13.9633%,54.953%,False,1,KUTXABANK ARASKI,False
LF ENDESA,Liga Regular Único,PERFUMERIAS AVENIDA,1,C. SORIANO PEREZ,33.5684%,71.9683%,False,1,KUTXABANK ARASKI,False
LF ENDESA,Liga Regular Único,PERFUMERIAS AVENIDA,7,M. ARROJO JIMENEZ,85.543%,47.3907%,False,1,KUTXABANK ARASKI,False
LF ENDESA,Liga Regular Único,PERFUMERIAS AVENIDA,55,K. CAVE,88.1523%,42.2231%,False,1,KUTXABANK ARASKI,False
LF ENDESA,Liga Regular Único,PERFUMERIAS AVENIDA,12,A. MEYERS,36.5303%,57.3478%,False,1,KUTXABANK ARASKI,False
LF ENDESA,Liga Regular Único,PERFUMERIAS AVENIDA,55,K. CAVE,14.1044%,30.3754%,True,1,KUTXABANK ARASKI,False
LF ENDESA,Liga Regular Único,PERFUMERIAS AVENIDA,55,K. CAVE,16.22%,47.8948%,True,1,KUTXABANK ARASKI,False
LF ENDESA,Liga Regular Único,PERFUMERIAS AVENIDA,12,A. MEYERS,72.3554%,79.9088%,False,1,KUTXABANK ARASKI,False
LF ENDESA,Liga Regular Único,PERFUMERIAS AVENIDA,11,S. ZELLOUS,12.2003%,41.2148%,True,1,KUTXABANK ARASKI,False
LF ENDESA,Liga Regular Único,PERFUMERIAS AVENIDA,3,L. SPREAFICO,69.3935%,24.9557%,False,1,KUTXABANK ARASKI,False
LF ENDESA,Liga Regular Único,PERFUMERIAS AVENIDA,3,L. SPREAFICO,34.1326%,66.9267%,False,1,KUTXABANK ARASKI,False
LF ENDESA,Liga Regular Único,PERFUMERIAS AVENIDA,3,L. SPREAFICO,16.5726%,59.7425%,False,1,KUTXABANK ARASKI,False
LF ENDESA,Liga Regular Único,PERFUMERIAS AVENIDA,7,M. ARROJO JIMENEZ,10.8604%,50.5417%,True,1,KUTXABANK ARASKI,False
LF ENDESA,Liga Regular Único,PERFUMERIAS AVENIDA,1,C. SORIANO PEREZ,34.2031%,57.2217%,False,1,KUTXABANK ARASKI,False
LF ENDESA,Liga Regular Único,PERFUMERIAS AVENIDA,1,C. SORIANO PEREZ,15.8674%,44.9959%,True,1,KUTXABANK ARASKI,False
LF ENDESA,Liga Regular Único,PERFUMERIAS AVENIDA,55,K. CAVE,12.9055%,49.6594%,True,1,KUTXABANK ARASKI,False
LF ENDESA,Liga Regular Único,PERFUMERIAS AVENIDA,7,M. ARROJO JIMENEZ,80.536%,51.4239%,False,1,KUTXABANK ARASKI,False
LF ENDESA,Liga Regular Único,PERFUMERIAS AVENIDA,5,N. STOUPALOVA,88.7165%,36.5513%,False,1,KUTXABANK ARASKI,False
LF ENDESA,Liga Regular Único,PERFUMERIAS AVENIDA,12,A. MEYERS,69.5346%,79.4046%,False,1,KUTXABANK ARASKI,False
LF ENDESA,Liga Regular Único,PERFUMERIAS AVENIDA,55,K. CAVE,85.6135%,46.1303%,True,1,KUTXABANK ARASKI,False
LF ENDESA,Liga Regular Único,HOZONO GLOBAL JAIRIS,21,A. VONLEH,6.69958%,56.0874%,False,1,CLUB JOVENTUT BADALONA,True
LF ENDESA,Liga Regular Único,HOZONO GLOBAL JAIRIS,40,J. WALKER,32.3695%,65.5403%,False,1,CLUB JOVENTUT BADALONA,True
LF ENDESA,Liga Regular Único,HOZONO GLOBAL JAIRIS,10,A. MATAIX GUILL,68.8293%,26.8463%,False,1,CLUB JOVENTUT BADALONA,True
LF ENDESA,Liga Regular Único,HOZONO GLOBAL JAIRIS,97,K. CHERY,93.3004%,42.9793%,True,1,CLUB JOVENTUT BADALONA,True
LF ENDESA,Liga Regular Único,HOZONO GLOBAL JAIRIS,6,A. AYUSO BAGUR,92.4542%,49.1552%,True,1,CLUB JOVENTUT BADALONA,True
LF ENDESA,Liga Regular Único,HOZONO GLOBAL JAIRIS,21,A. VONLEH,87.024%,53.3145%,False,1,CLUB JOVENTUT BADALONA,True
LF ENDESA,Liga Regular Único,HOZONO GLOBAL JAIRIS,97,K. CHERY,92.3836%,24.1995%,False,1,CLUB JOVENTUT BADALONA,True
LF ENDESA,Liga Regular Único,HOZONO GLOBAL JAIRIS,6,A. AYUSO BAGUR,9.87306%,62.8935%,False,1,CLUB JOVENTUT BADALONA,True
LF ENDESA,Liga Regular Único,HOZONO GLOBAL JAIRIS,11,A. CVITKOVIC,16.0085%,58.3561%,False,1,CLUB JOVENTUT BADALONA,True
LF ENDESA,Liga Regular Único,HOZONO GLOBAL JAIRIS,6,A. AYUSO BAGUR,93.5825%,56.0874%,False,1,CLUB JOVENTUT BADALONA,True
LF ENDESA,Liga Regular Único,HOZONO GLOBAL JAIRIS,19,L. LÓPEZ-SÉNÉCHAL,94.6403%,57.978%,True,1,CLUB JOVENTUT BADALONA,True
LF ENDESA,Liga Regular Único,HOZONO GLOBAL JAIRIS,11,A. CVITKOVIC,21.2976%,10.0831%,False,1,CLUB JOVENTUT BADALONA,True
LF ENDESA,Liga Regular Único,HOZONO GLOBAL JAIRIS,40,J. WALKER,8.67419%,58.2301%,False,1,CLUB JOVENTUT BADALONA,True
LF ENDESA,Liga Regular Único,HOZONO GLOBAL JAIRIS,34,B. MASSEY,91.6079%,16.133%,False,1,CLUB JOVENTUT BADALONA,True
LF ENDESA,Liga Regular Único,HOZONO GLOBAL JAIRIS,19,L. LÓPEZ-SÉNÉCHAL,8.74471%,53.1885%,True,1,CLUB JOVENTUT BADALONA,True
LF ENDESA,Liga Regular Único,HOZONO GLOBAL JAIRIS,21,A. VONLEH,7.26375%,44.9959%,False,1,CLUB JOVENTUT BADALONA,True
LF ENDESA,Liga Regular Único,HOZONO GLOBAL JAIRIS,4,A. PRIETO MARTINEZ,72.708%,17.0153%,True,1,CLUB JOVENTUT BADALONA,True
LF ENDESA,Liga Regular Único,HOZONO GLOBAL JAIRIS,11,A. CVITKOVIC,92.5952%,76.6318%,True,1,CLUB JOVENTUT BADALONA,True
LF ENDESA,Liga Regular Único,HOZONO GLOBAL JAIRIS,19,L. LÓPEZ-SÉNÉCHAL,11.6361%,41.5929%,True,1,CLUB JOVENTUT BADALONA,True
LF ENDESA,Liga Regular Único,HOZONO GLOBAL JAIRIS,19,L. LÓPEZ-SÉNÉCHAL,92.3836%,92.5127%,False,1,CLUB JOVENTUT BADALONA,True
LF ENDESA,Liga Regular Único,HOZONO GLOBAL JAIRIS,19,L. LÓPEZ-SÉNÉCHAL,10.6488%,42.8533%,True,1,CLUB JOVENTUT BADALONA,True
LF ENDESA,Liga Regular Único,HOZONO GLOBAL JAIRIS,6,A. AYUSO BAGUR,82.7927%,30.5015%,False,1,CLUB JOVENTUT BADALONA,True
LF ENDESA,Liga Regular Único,HOZONO GLOBAL JAIRIS,2,T. ALARCON OTERO,9.44993%,44.1137%,False,1,CLUB JOVENTUT BADALONA,True
LF ENDESA,Liga Regular Único,HOZONO GLOBAL JAIRIS,10,A. MATAIX GUILL,89.6333%,38.9461%,True,1,CLUB JOVENTUT BADALONA,True
LF ENDESA,Liga Regular Único,HOZONO GLOBAL JAIRIS,19,L. LÓPEZ-SÉNÉCHAL,87.3766%,72.3464%,False,1,CLUB JOVENTUT BADALONA,True
LF ENDESA,Liga Regular Único,HOZONO GLOBAL JAIRIS,97,K. CHERY,91.3258%,94.6553%,False,1,CLUB JOVENTUT BADALONA,True
LF ENDESA,Liga Regular Único,HOZONO GLOBAL JAIRIS,19,L. LÓPEZ-SÉNÉCHAL,33.8505%,44.2397%,False,1,CLUB JOVENTUT BADALONA,True
LF ENDESA,Liga Regular Único,HOZONO GLOBAL JAIRIS,10,A. MATAIX GUILL,7.68688%,60.8769%,False,1,CLUB JOVENTUT BADALONA,True
LF ENDESA,Liga Regular Único,HOZONO GLOBAL JAIRIS,19,L. LÓPEZ-SÉNÉCHAL,9.37941%,44.1137%,True,1,CLUB JOVENTUT BADALONA,True
LF ENDESA,Liga Regular Único,HOZONO GLOBAL JAIRIS,19,L. LÓPEZ-SÉNÉCHAL,17.2779%,53.9447%,False,1,CLUB JOVENTUT BADALONA,True
LF ENDESA,Liga Regular Único,HOZONO GLOBAL JAIRIS,21,A. VONLEH,89.3512%,50.2896%,True,1,CLUB JOVENTUT BADALONA,True
LF ENDESA,Liga Regular Único,HOZONO GLOBAL JAIRIS,40,J. WALKER,83.4274%,48.525%,False,1,CLUB JOVENTUT BADALONA,True
LF ENDESA,Liga Regular Único,HOZONO GLOBAL JAIRIS,10,A. MATAIX GUILL,84.7673%,67.1788%,True,1,CLUB JOVENTUT BADALONA,True
LF ENDESA,Liga Regular Único,HOZONO GLOBAL JAIRIS,6,A. AYUSO BAGUR,70.1693%,23.0652%,False,1,CLUB JOVENTUT BADALONA,True
LF ENDESA,Liga Regular Único,HOZONO GLOBAL JAIRIS,6,A. AYUSO BAGUR,89.7743%,6.04988%,False,1,CLUB JOVENTUT BADALONA,True
LF ENDESA,Liga Regular Único,HOZONO GLOBAL JAIRIS,11,A. CVITKOVIC,34.5557%,48.6511%,False,1,CLUB JOVENTUT BADALONA,True
LF ENDESA,Liga Regular Único,HOZONO GLOBAL JAIRIS,21,A. VONLEH,8.18054%,43.1054%,False,1,CLUB JOVENTUT BADALONA,True
LF ENDESA,Liga Regular Único,HOZONO GLOBAL JAIRIS,21,A. VONLEH,7.89845%,40.8367%,False,1,CLUB JOVENTUT BADALONA,True
LF ENDESA,Liga Regular Único,HOZONO GLOBAL JAIRIS,10,A. MATAIX GUILL,93.4415%,59.2384%,True,1,CLUB JOVENTUT BADALONA,True
LF ENDESA,Liga Regular Único,HOZONO GLOBAL JAIRIS,21,A. VONLEH,94.4288%,57.5999%,False,1,CLUB JOVENTUT BADALONA,True
LF ENDESA,Liga Regular Único,HOZONO GLOBAL JAIRIS,19,L. LÓPEZ-SÉNÉCHAL,22.9196%,89.3617%,False,1,CLUB JOVENTUT BADALONA,True
LF ENDESA,Liga Regular Único,HOZONO GLOBAL JAIRIS,40,J. WALKER,11.0719%,93.2689%,False,1,CLUB JOVENTUT BADALONA,True
LF ENDESA,Liga Regular Único,HOZONO GLOBAL JAIRIS,2,T. ALARCON OTERO,20.945%,26.0901%,False,1,CLUB JOVENTUT BADALONA,True
LF ENDESA,Liga Regular Único,HOZONO GLOBAL JAIRIS,40,J. WALKER,91.5374%,27.2244%,False,1,CLUB JOVENTUT BADALONA,True
LF ENDESA,Liga Regular Único,HOZONO GLOBAL JAIRIS,97,K. CHERY,25.2468%,87.7232%,True,1,CLUB JOVENTUT BADALONA,True
LF ENDESA,Liga Regular Único,HOZONO GLOBAL JAIRIS,6,A. AYUSO BAGUR,66.3611%,41.0887%,False,1,CLUB JOVENTUT BADALONA,True
LF ENDESA,Liga Regular Único,HOZONO GLOBAL JAIRIS,6,A. AYUSO BAGUR,7.54584%,45.7522%,True,1,CLUB JOVENTUT BADALONA,True
LF ENDESA,Liga Regular Único,HOZONO GLOBAL JAIRIS,6,A. AYUSO BAGUR,85.8956%,69.5736%,True,1,CLUB JOVENTUT BADALONA,True
LF ENDESA,Liga Regular Único,HOZONO GLOBAL JAIRIS,19,L. LÓPEZ-SÉNÉCHAL,14.6685%,65.5403%,False,1,CLUB JOVENTUT BADALONA,True
LF ENDESA,Liga Regular Único,HOZONO GLOBAL JAIRIS,19,L. LÓPEZ-SÉNÉCHAL,26.0931%,11.2175%,False,1,CLUB JOVENTUT BADALONA,True
LF ENDESA,Liga Regular Único,HOZONO GLOBAL JAIRIS,4,A. PRIETO MARTINEZ,30.8181%,17.6455%,False,1,CLUB JOVENTUT BADALONA,True
LF ENDESA,Liga Regular Único,HOZONO GLOBAL JAIRIS,40,J. WALKER,92.8068%,57.3478%,True,1,CLUB JOVENTUT BADALONA,True
LF ENDESA,Liga Regular Único,HOZONO GLOBAL JAIRIS,4,A. PRIETO MARTINEZ,9.94358%,41.0887%,True,1,CLUB JOVENTUT BADALONA,True
LF ENDESA,Liga Regular Único,HOZONO GLOBAL JAIRIS,40,J. WALKER,10.2962%,69.0694%,True,1,CLUB JOVENTUT BADALONA,True
LF ENDESA,Liga Regular Único,HOZONO GLOBAL JAIRIS,10,A. MATAIX GUILL,85.6841%,69.0694%,True,1,CLUB JOVENTUT BADALONA,True
LF ENDESA,Liga Regular Único,HOZONO GLOBAL JAIRIS,2,T. ALARCON OTERO,11.1425%,93.0168%,False,1,CLUB JOVENTUT BADALONA,True
LF ENDESA,Liga Regular Único,HOZONO GLOBAL JAIRIS,6,A. AYUSO BAGUR,77.9267%,50.9198%,False,1,CLUB JOVENTUT BADALONA,True
LF ENDESA,Liga Regular Único,HOZONO GLOBAL JAIRIS,2,T. ALARCON OTERO,90.9732%,45.248%,False,1,CLUB JOVENTUT BADALONA,True
LF ENDESA,Liga Regular Único,HOZONO GLOBAL JAIRIS,6,A. AYUSO BAGUR,32.7927%,38.9461%,False,1,CLUB JOVENTUT BADALONA,True
LF ENDESA,Liga Regular Único,CLUB JOVENTUT BADALONA,15,L. HOWARD,90.9027%,52.1802%,False,1,HOZONO GLOBAL JAIRIS,False
LF ENDESA,Liga Regular Único,CLUB JOVENTUT BADALONA,12,G. DEMBELE,9.73202%,51.8021%,True,1,HOZONO GLOBAL JAIRIS,False
LF ENDESA,Liga Regular Único,CLUB JOVENTUT BADALONA,12,G. DEMBELE,91.89%,69.4475%,True,1,HOZONO GLOBAL JAIRIS,False
LF ENDESA,Liga Regular Único,CLUB JOVENTUT BADALONA,17,A. SIVKA,76.2341%,85.9586%,False,1,HOZONO GLOBAL JAIRIS,False
LF ENDESA,Liga Regular Único,CLUB JOVENTUT BADALONA,12,G. DEMBELE,8.46262%,41.5929%,False,1,HOZONO GLOBAL JAIRIS,False
LF ENDESA,Liga Regular Único,CLUB JOVENTUT BADALONA,12,G. DEMBELE,8.03949%,47.3907%,True,1,HOZONO GLOBAL JAIRIS,False
LF ENDESA,Liga Regular Único,CLUB JOVENTUT BADALONA,11,L. LAMANA LLOBERA,7.19323%,47.7688%,True,1,HOZONO GLOBAL JAIRIS,False
LF ENDESA,Liga Regular Único,CLUB JOVENTUT BADALONA,12,G. DEMBELE,73.4838%,12.856%,False,1,HOZONO GLOBAL JAIRIS,False
LF ENDESA,Liga Regular Único,CLUB JOVENTUT BADALONA,15,L. HOWARD,21.6502%,41.4669%,False,1,HOZONO GLOBAL JAIRIS,False
LF ENDESA,Liga Regular Único,CLUB JOVENTUT BADALONA,4,E. RAMETTE,68.3357%,71.9683%,False,1,HOZONO GLOBAL JAIRIS,False
LF ENDESA,Liga Regular Único,CLUB JOVENTUT BADALONA,3,A. GAYE,6.84062%,61.5071%,False,1,HOZONO GLOBAL JAIRIS,False
LF ENDESA,Liga Regular Único,CLUB JOVENTUT BADALONA,12,G. DEMBELE,81.1001%,36.1732%,False,1,HOZONO GLOBAL JAIRIS,False
LF ENDESA,Liga Regular Único,CLUB JOVENTUT BADALONA,11,L. LAMANA LLOBERA,16.22%,57.3478%,False,1,HOZONO GLOBAL JAIRIS,False
LF ENDESA,Liga Regular Único,CLUB JOVENTUT BADALONA,17,A. SIVKA,67.4189%,70.96%,False,1,HOZONO GLOBAL JAIRIS,False
LF ENDESA,Liga Regular Único,CLUB JOVENTUT BADALONA,17,A. SIVKA,28.5614%,82.0514%,True,1,HOZONO GLOBAL JAIRIS,False
LF ENDESA,Liga Regular Único,CLUB JOVENTUT BADALONA,4,E. RAMETTE,24.7532%,86.7149%,False,1,HOZONO GLOBAL JAIRIS,False
LF ENDESA,Liga Regular Único,CLUB JOVENTUT BADALONA,10,I. SANTIBAÑEZ HERRERO,33.4274%,53.6926%,False,1,HOZONO GLOBAL JAIRIS,False
LF ENDESA,Liga Regular Único,CLUB JOVENTUT BADALONA,4,E. RAMETTE,14.3159%,49.2813%,True,1,HOZONO GLOBAL JAIRIS,False
LF ENDESA,Liga Regular Único,CLUB JOVENTUT BADALONA,15,L. HOWARD,10.7898%,40.8367%,True,1,HOZONO GLOBAL JAIRIS,False
LF ENDESA,Liga Regular Único,CLUB JOVENTUT BADALONA,5,L. PIERA FLO,91.3258%,39.4502%,False,1,HOZONO GLOBAL JAIRIS,False
LF ENDESA,Liga Regular Único,CLUB JOVENTUT BADALONA,33,L. EBO,91.89%,45.6261%,True,1,HOZONO GLOBAL JAIRIS,False
LF ENDESA,Liga Regular Único,CLUB JOVENTUT BADALONA,10,I. SANTIBAÑEZ HERRERO,80.7475%,49.7854%,False,1,HOZONO GLOBAL JAIRIS,False
LF ENDESA,Liga Regular Único,CLUB JOVENTUT BADALONA,15,L. HOWARD,7.82793%,44.7439%,True,1,HOZONO GLOBAL JAIRIS,False
LF ENDESA,Liga Regular Único,CLUB JOVENTUT BADALONA,10,I. SANTIBAÑEZ HERRERO,78.1382%,10.9654%,False,1,HOZONO GLOBAL JAIRIS,False
LF ENDESA,Liga Regular Único,CLUB JOVENTUT BADALONA,10,I. SANTIBAÑEZ HERRERO,90.7616%,41.971%,False,1,HOZONO GLOBAL JAIRIS,False
LF ENDESA,Liga Regular Único,CLUB JOVENTUT BADALONA,15,L. HOWARD,84.5557%,47.6428%,True,1,HOZONO GLOBAL JAIRIS,False
LF ENDESA,Liga Regular Único,CLUB JOVENTUT BADALONA,12,G. DEMBELE,13.1171%,38.694%,False,1,HOZONO GLOBAL JAIRIS,False
LF ENDESA,Liga Regular Único,CLUB JOVENTUT BADALONA,15,L. HOWARD,87.9408%,40.3325%,False,1,HOZONO GLOBAL JAIRIS,False
LF ENDESA,Liga Regular Único,CLUB JOVENTUT BADALONA,4,E. RAMETTE,93.0183%,52.6843%,True,1,HOZONO GLOBAL JAIRIS,False
LF ENDESA,Liga Regular Único,CLUB JOVENTUT BADALONA,3,A. GAYE,85.3315%,51.676%,True,1,HOZONO GLOBAL JAIRIS,False
LF ENDESA,Liga Regular Único,CLUB JOVENTUT BADALONA,15,L. HOWARD,38.5049%,48.7771%,False,1,HOZONO GLOBAL JAIRIS,False
LF ENDESA,Liga Regular Único,CLUB JOVENTUT BADALONA,5,L. PIERA FLO,9.87306%,54.827%,False,1,HOZONO GLOBAL JAIRIS,False
LF ENDESA,Liga Regular Único,CLUB JOVENTUT BADALONA,3,A. GAYE,6.48801%,57.0957%,True,1,HOZONO GLOBAL JAIRIS,False
LF ENDESA,Liga Regular Único,CLUB JOVENTUT BADALONA,15,L. HOWARD,84.9788%,61.255%,False,1,HOZONO GLOBAL JAIRIS,False
LF ENDESA,Liga Regular Único,CLUB JOVENTUT BADALONA,11,L. LAMANA LLOBERA,32.7927%,22.8131%,True,1,HOZONO GLOBAL JAIRIS,False
LF ENDESA,Liga Regular Único,CLUB JOVENTUT BADALONA,15,L. HOWARD,9.0268%,49.1552%,True,1,HOZONO GLOBAL JAIRIS,False
LF ENDESA,Liga Regular Único,CLUB JOVENTUT BADALONA,12,G. DEMBELE,10.2962%,43.7356%,False,1,HOZONO GLOBAL JAIRIS,False
LF ENDESA,Liga Regular Único,CLUB JOVENTUT BADALONA,11,L. LAMANA LLOBERA,21.2271%,49.7854%,False,1,HOZONO GLOBAL JAIRIS,False
LF ENDESA,Liga Regular Único,CLUB JOVENTUT BADALONA,11,L. LAMANA LLOBERA,81.8054%,26.9724%,False,1,HOZONO GLOBAL JAIRIS,False
LF ENDESA,Liga Regular Único,CLUB JOVENTUT BADALONA,12,G. DEMBELE,86.6714%,39.7023%,False,1,HOZONO GLOBAL JAIRIS,False
LF ENDESA,Liga Regular Único,CLUB JOVENTUT BADALONA,33,L. EBO,20.2398%,38.9461%,False,1,HOZONO GLOBAL JAIRIS,False
LF ENDESA,Liga Regular Único,CLUB JOVENTUT BADALONA,17,A. SIVKA,73.9774%,84.4462%,False,1,HOZONO GLOBAL JAIRIS,False
LF ENDESA,Liga Regular Único,CLUB JOVENTUT BADALONA,17,A. SIVKA,71.7913%,20.5444%,False,1,HOZONO GLOBAL JAIRIS,False
LF ENDESA,Liga Regular Único,CLUB JOVENTUT BADALONA,4,E. RAMETTE,75.4584%,12.982%,False,1,HOZONO GLOBAL JAIRIS,False
LF ENDESA,Liga Regular Único,CLUB JOVENTUT BADALONA,33,L. EBO,8.81523%,57.3478%,False,1,HOZONO GLOBAL JAIRIS,False
LF ENDESA,Liga Regular Único,CLUB JOVENTUT BADALONA,17,A. SIVKA,81.8054%,64.658%,False,1,HOZONO GLOBAL JAIRIS,False
LF ENDESA,Liga Regular Único,CLUB JOVENTUT BADALONA,17,A. SIVKA,31.0296%,76.6318%,True,1,HOZONO GLOBAL JAIRIS,False
LF ENDESA,Liga Regular Único,CLUB JOVENTUT BADALONA,33,L. EBO,91.3963%,51.676%,True,1,HOZONO GLOBAL JAIRIS,False
LF ENDESA,Liga Regular Único,CLUB JOVENTUT BADALONA,17,A. SIVKA,92.031%,49.1552%,True,1,HOZONO GLOBAL JAIRIS,False
LF ENDESA,Liga Regular Único,CLUB JOVENTUT BADALONA,5,L. PIERA FLO,21.0155%,7.81442%,True,1,HOZONO GLOBAL JAIRIS,False
LF ENDESA,Liga Regular Único,CLUB JOVENTUT BADALONA,12,G. DEMBELE,35.1904%,47.8948%,True,1,HOZONO GLOBAL JAIRIS,False
LF ENDESA,Liga Regular Único,CLUB JOVENTUT BADALONA,15,L. HOWARD,25.67%,16.007%,False,1,HOZONO GLOBAL JAIRIS,False
LF ENDESA,Liga Regular Único,CLUB JOVENTUT BADALONA,9,I. VENNEMA,94.7109%,55.2051%,False,1,HOZONO GLOBAL JAIRIS,False
LF ENDESA,Liga Regular Único,CLUB JOVENTUT BADALONA,11,L. LAMANA LLOBERA,91.1848%,57.3478%,False,1,HOZONO GLOBAL JAIRIS,False
LF ENDESA,Liga Regular Único,CLUB JOVENTUT BADALONA,33,L. EBO,15.7969%,52.3062%,False,1,HOZONO GLOBAL JAIRIS,False
LF ENDESA,Liga Regular Único,CLUB JOVENTUT BADALONA,33,L. EBO,91.0437%,54.5749%,True,1,HOZONO GLOBAL JAIRIS,False
LF ENDESA,Liga Regular Único,CLUB JOVENTUT BADALONA,17,A. SIVKA,76.3752%,86.5888%,False,1,HOZONO GLOBAL JAIRIS,False
LF ENDESA,Liga Regular Único,CLUB JOVENTUT BADALONA,11,L. LAMANA LLOBERA,67.842%,28.7369%,True,1,HOZONO GLOBAL JAIRIS,False
LF ENDESA,Liga Regular Único,BAXI FERROL,22,M. JOINER,13.7518%,51.0458%,True,1,VALENCIA B.C.,True
LF ENDESA,Liga Regular Único,BAXI FERROL,9,K. SOTOLOVÁ,36.8829%,61.5071%,False,1,VALENCIA B.C.,True
LF ENDESA,Liga Regular Único,BAXI FERROL,11,B. MILLAN MODIA,36.6008%,77.6401%,False,1,VALENCIA B.C.,True
LF ENDESA,Liga Regular Único,BAXI FERROL,99,I. JORIS,93.653%,65.4143%,False,1,VALENCIA B.C.,True
LF ENDESA,Liga Regular Único,BAXI FERROL,11,B. MILLAN MODIA,32.6516%,26.3422%,True,1,VALENCIA B.C.,True
LF ENDESA,Liga Regular Único,BAXI FERROL,22,M. JOINER,84.6968%,54.701%,True,1,VALENCIA B.C.,True
LF ENDESA,Liga Regular Único,BAXI FERROL,5,K. ERJAVEC,32.5811%,81.6733%,False,1,VALENCIA B.C.,True
LF ENDESA,Liga Regular Único,BAXI FERROL,13,C. MELIA,13.0465%,55.3312%,False,1,VALENCIA B.C.,True
LF ENDESA,Liga Regular Único,BAXI FERROL,5,K. ERJAVEC,7.96897%,50.1636%,False,1,VALENCIA B.C.,True
LF ENDESA,Liga Regular Único,BAXI FERROL,9,K. SOTOLOVÁ,93.3709%,56.8436%,True,1,VALENCIA B.C.,True
LF ENDESA,Liga Regular Único,BAXI FERROL,14,D. DANIELS,10.7193%,63.3977%,True,1,VALENCIA B.C.,True
LF ENDESA,Liga Regular Único,BAXI FERROL,11,B. MILLAN MODIA,91.89%,94.1512%,True,1,VALENCIA B.C.,True
LF ENDESA,Liga Regular Único,BAXI FERROL,99,I. JORIS,71.6502%,17.6455%,True,1,VALENCIA B.C.,True
LF ENDESA,Liga Regular Único,BAXI FERROL,1,A. SANCHEZ RAMOS PEREDA,67.842%,76.8838%,False,1,VALENCIA B.C.,True
LF ENDESA,Liga Regular Único,BAXI FERROL,5,K. ERJAVEC,92.5247%,3.78117%,False,1,VALENCIA B.C.,True
LF ENDESA,Liga Regular Único,BAXI FERROL,14,D. DANIELS,11.2835%,58.8602%,False,1,VALENCIA B.C.,True
LF ENDESA,Liga Regular Único,BAXI FERROL,14,D. DANIELS,92.1721%,40.2065%,False,1,VALENCIA B.C.,True
LF ENDESA,Liga Regular Único,BAXI FERROL,11,B. MILLAN MODIA,63.6107%,68.6913%,False,1,VALENCIA B.C.,True
LF ENDESA,Liga Regular Único,BAXI FERROL,1,A. SANCHEZ RAMOS PEREDA,82.299%,59.3644%,False,1,VALENCIA B.C.,True
LF ENDESA,Liga Regular Único,BAXI FERROL,22,M. JOINER,94.3583%,61.7591%,True,1,VALENCIA B.C.,True
LF ENDESA,Liga Regular Único,BAXI FERROL,22,M. JOINER,15.0212%,48.399%,True,1,VALENCIA B.C.,True
LF ENDESA,Liga Regular Único,BAXI FERROL,14,D. DANIELS,14.7391%,60.4988%,True,1,VALENCIA B.C.,True
LF ENDESA,Liga Regular Único,BAXI FERROL,22,M. JOINER,67.7715%,21.4266%,True,1,VALENCIA B.C.,True
LF ENDESA,Liga Regular Único,BAXI FERROL,14,D. DANIELS,68.0536%,66.0445%,True,1,VALENCIA B.C.,True
LF ENDESA,Liga Regular Único,BAXI FERROL,5,K. ERJAVEC,12.4118%,42.9793%,True,1,VALENCIA B.C.,True
LF ENDESA,Liga Regular Único,BAXI FERROL,14,D. DANIELS,90.8322%,51.55%,True,1,VALENCIA B.C.,True
LF ENDESA,Liga Regular Único,BAXI FERROL,5,K. ERJAVEC,67.0663%,36.4253%,False,1,VALENCIA B.C.,True
LF ENDESA,Liga Regular Único,BAXI FERROL,99,I. JORIS,92.031%,47.7688%,True,1,VALENCIA B.C.,True
LF ENDESA,Liga Regular Único,BAXI FERROL,11,B. MILLAN MODIA,94.5698%,61.5071%,True,1,VALENCIA B.C.,True
LF ENDESA,Liga Regular Único,BAXI FERROL,9,K. SOTOLOVÁ,10.4372%,43.1054%,True,1,VALENCIA B.C.,True
LF ENDESA,Liga Regular Único,BAXI FERROL,13,C. MELIA,93.512%,56.9697%,True,1,VALENCIA B.C.,True
LF ENDESA,Liga Regular Único,BAXI FERROL,22,M. JOINER,83.4979%,56.5915%,True,1,VALENCIA B.C.,True
LF ENDESA,Liga Regular Único,BAXI FERROL,22,M. JOINER,15.9379%,91.8825%,False,1,VALENCIA B.C.,True
LF ENDESA,Liga Regular Único,BAXI FERROL,14,D. DANIELS,92.3131%,50.9198%,True,1,VALENCIA B.C.,True
LF ENDESA,Liga Regular Único,BAXI FERROL,14,D. DANIELS,16.079%,62.3893%,True,1,VALENCIA B.C.,True
LF ENDESA,Liga Regular Único,BAXI FERROL,14,D. DANIELS,92.3836%,56.8436%,False,1,VALENCIA B.C.,True
LF ENDESA,Liga Regular Único,BAXI FERROL,99,I. JORIS,91.8195%,43.3574%,False,1,VALENCIA B.C.,True
LF ENDESA,Liga Regular Único,BAXI FERROL,11,B. MILLAN MODIA,27.8561%,83.942%,False,1,VALENCIA B.C.,True
LF ENDESA,Liga Regular Único,BAXI FERROL,99,I. JORIS,33.1453%,81.9254%,False,1,VALENCIA B.C.,True
LF ENDESA,Liga Regular Único,BAXI FERROL,14,D. DANIELS,91.4669%,61.0029%,True,1,VALENCIA B.C.,True
LF ENDESA,Liga Regular Único,BAXI FERROL,14,D. DANIELS,10.6488%,60.1206%,False,1,VALENCIA B.C.,True
LF ENDESA,Liga Regular Único,BAXI FERROL,20,E. RODRIGUEZ DOMINGUEZ,69.1819%,20.6704%,False,1,VALENCIA B.C.,True
LF ENDESA,Liga Regular Único,BAXI FERROL,5,K. ERJAVEC,35.7546%,81.9254%,False,1,VALENCIA B.C.,True
LF ENDESA,Liga Regular Único,BAXI FERROL,99,I. JORIS,72.8491%,84.5722%,False,1,VALENCIA B.C.,True
LF ENDESA,Liga Regular Único,BAXI FERROL,1,A. SANCHEZ RAMOS PEREDA,94.0056%,4.66345%,False,1,VALENCIA B.C.,True
LF ENDESA,Liga Regular Único,BAXI FERROL,1,A. SANCHEZ RAMOS PEREDA,90.268%,44.9959%,False,1,VALENCIA B.C.,True
LF ENDESA,Liga Regular Único,BAXI FERROL,11,B. MILLAN MODIA,85.3315%,56.8436%,False,1,VALENCIA B.C.,True
LF ENDESA,Liga Regular Único,BAXI FERROL,14,D. DANIELS,13.1876%,60.1206%,True,1,VALENCIA B.C.,True
LF ENDESA,Liga Regular Único,BAXI FERROL,11,B. MILLAN MODIA,10.1551%,49.4073%,True,1,VALENCIA B.C.,True
LF ENDESA,Liga Regular Único,BAXI FERROL,13,C. MELIA,95.134%,48.0209%,True,1,VALENCIA B.C.,True
LF ENDESA,Liga Regular Único,BAXI FERROL,9,K. SOTOLOVÁ,21.7207%,62.1373%,False,1,VALENCIA B.C.,True
LF ENDESA,Liga Regular Único,BAXI FERROL,5,K. ERJAVEC,70.2398%,81.4212%,True,1,VALENCIA B.C.,True
LF ENDESA,Liga Regular Único,BAXI FERROL,11,B. MILLAN MODIA,28.8434%,24.4516%,False,1,VALENCIA B.C.,True
LF ENDESA,Liga Regular Único,BAXI FERROL,14,D. DANIELS,15.7264%,51.8021%,False,1,VALENCIA B.C.,True
LF ENDESA,Liga Regular Único,BAXI FERROL,22,M. JOINER,13.3286%,63.6497%,False,1,VALENCIA B.C.,True
LF ENDESA,Liga Regular Único,BAXI FERROL,11,B. MILLAN MODIA,92.5952%,46.1303%,False,1,VALENCIA B.C.,True
LF ENDESA,Liga Regular Único,BAXI FERROL,11,B. MILLAN MODIA,17.842%,52.1802%,False,1,VALENCIA B.C.,True
LF ENDESA,Liga Regular Único,VALENCIA B.C.,11,A. FAM THIAM,14.2454%,59.4904%,False,1,BAXI FERROL,False
LF ENDESA,Liga Regular Único,VALENCIA B.C.,22,T. ATKINSON,15.6559%,53.0624%,False,1,BAXI FERROL,False
LF ENDESA,Liga Regular Único,VALENCIA B.C.,11,A. FAM THIAM,9.87306%,38.4419%,False,1,BAXI FERROL,False
LF ENDESA,Liga Regular Único,VALENCIA B.C.,25,M. LEKOVIC,33.0042%,75.8755%,False,1,BAXI FERROL,False
LF ENDESA,Liga Regular Único,VALENCIA B.C.,9,Q. CASAS CARRERAS,93.8646%,91.3783%,False,1,BAXI FERROL,False
LF ENDESA,Liga Regular Único,VALENCIA B.C.,10,L. ROMERO GONZALEZ,12.5529%,49.1552%,False,1,BAXI FERROL,False
LF ENDESA,Liga Regular Único,VALENCIA B.C.,11,A. FAM THIAM,10.4372%,54.701%,False,1,BAXI FERROL,False
LF ENDESA,Liga Regular Único,VALENCIA B.C.,11,A. FAM THIAM,68.2652%,23.3172%,False,1,BAXI FERROL,False
LF ENDESA,Liga Regular Único,VALENCIA B.C.,40,K. ALEXANDER,92.9478%,59.9946%,False,1,BAXI FERROL,False
LF ENDESA,Liga Regular Único,VALENCIA B.C.,22,T. ATKINSON,93.3709%,52.9364%,True,1,BAXI FERROL,False
LF ENDESA,Liga Regular Único,VALENCIA B.C.,25,M. LEKOVIC,91.4669%,61.0029%,True,1,BAXI FERROL,False
LF ENDESA,Liga Regular Único,VALENCIA B.C.,9,Q. CASAS CARRERAS,90.7616%,42.8533%,False,1,BAXI FERROL,False
LF ENDESA,Liga Regular Único,VALENCIA B.C.,14,R. CARRERA QUINTANA,11.213%,56.8436%,True,1,BAXI FERROL,False
LF ENDESA,Liga Regular Único,VALENCIA B.C.,10,L. ROMERO GONZALEZ,15.0917%,31.2577%,False,1,BAXI FERROL,False
LF ENDESA,Liga Regular Único,VALENCIA B.C.,10,L. ROMERO GONZALEZ,90.7616%,62.1373%,False,1,BAXI FERROL,False
LF ENDESA,Liga Regular Único,VALENCIA B.C.,8,M. PEREZ ARAUJO,27.0804%,86.8409%,False,1,BAXI FERROL,False
LF ENDESA,Liga Regular Único,VALENCIA B.C.,24,H. BEN ABDELKADER,10.1551%,54.827%,True,1,BAXI FERROL,False
LF ENDESA,Liga Regular Único,VALENCIA B.C.,22,T. ATKINSON,30.1128%,17.3934%,False,1,BAXI FERROL,False
LF ENDESA,Liga Regular Único,VALENCIA B.C.,14,R. CARRERA QUINTANA,91.4669%,43.4835%,True,1,BAXI FERROL,False
LF ENDESA,Liga Regular Único,VALENCIA B.C.,22,T. ATKINSON,30.7475%,80.791%,False,1,BAXI FERROL,False
LF ENDESA,Liga Regular Único,VALENCIA B.C.,24,H. BEN ABDELKADER,14.6685%,57.8519%,False,1,BAXI FERROL,False
LF ENDESA,Liga Regular Único,VALENCIA B.C.,22,T. ATKINSON,30.677%,80.791%,True,1,BAXI FERROL,False
LF ENDESA,Liga Regular Único,VALENCIA B.C.,9,Q. CASAS CARRERAS,10.3667%,53.5666%,True,1,BAXI FERROL,False
LF ENDESA,Liga Regular Único,VALENCIA B.C.,10,L. ROMERO GONZALEZ,10.7898%,45.5001%,False,1,BAXI FERROL,False
LF ENDESA,Liga Regular Único,VALENCIA B.C.,8,M. PEREZ ARAUJO,33.0042%,26.7203%,False,1,BAXI FERROL,False
LF ENDESA,Liga Regular Único,VALENCIA B.C.,9,Q. CASAS CARRERAS,8.95628%,59.3644%,False,1,BAXI FERROL,False
LF ENDESA,Liga Regular Único,VALENCIA B.C.,24,H. BEN ABDELKADER,16.7842%,53.1885%,False,1,BAXI FERROL,False
LF ENDESA,Liga Regular Único,VALENCIA B.C.,11,A. FAM THIAM,16.1495%,46.8865%,False,1,BAXI FERROL,False
LF ENDESA,Liga Regular Único,VALENCIA B.C.,14,R. CARRERA QUINTANA,94.3583%,65.6664%,True,1,BAXI FERROL,False
LF ENDESA,Liga Regular Único,VALENCIA B.C.,8,M. PEREZ ARAUJO,93.9351%,56.5915%,True,1,BAXI FERROL,False
LF ENDESA,Liga Regular Único,VALENCIA B.C.,9,Q. CASAS CARRERAS,32.7221%,79.9088%,False,1,BAXI FERROL,False
LF ENDESA,Liga Regular Único,VALENCIA B.C.,8,M. PEREZ ARAUJO,33.4979%,28.3588%,False,1,BAXI FERROL,False
LF ENDESA,Liga Regular Único,VALENCIA B.C.,22,T. ATKINSON,68.1241%,78.2703%,False,1,BAXI FERROL,False
LF ENDESA,Liga Regular Único,VALENCIA B.C.,9,Q. CASAS CARRERAS,93.0183%,49.9115%,False,1,BAXI FERROL,False
LF ENDESA,Liga Regular Único,VALENCIA B.C.,24,H. BEN ABDELKADER,9.73202%,56.4655%,False,1,BAXI FERROL,False
LF ENDESA,Liga Regular Único,VALENCIA B.C.,22,T. ATKINSON,7.54584%,49.1552%,False,1,BAXI FERROL,False
LF ENDESA,Liga Regular Único,VALENCIA B.C.,8,M. PEREZ ARAUJO,93.8646%,7.05819%,False,1,BAXI FERROL,False
LF ENDESA,Liga Regular Único,VALENCIA B.C.,8,M. PEREZ ARAUJO,32.7221%,33.5264%,False,1,BAXI FERROL,False
LF ENDESA,Liga Regular Único,VALENCIA B.C.,22,T. ATKINSON,68.6178%,82.9337%,True,1,BAXI FERROL,False
LF ENDESA,Liga Regular Único,VALENCIA B.C.,11,A. FAM THIAM,91.3258%,52.3062%,True,1,BAXI FERROL,False
LF ENDESA,Liga Regular Único,VALENCIA B.C.,14,R. CARRERA QUINTANA,94.0762%,59.2384%,True,1,BAXI FERROL,False
LF ENDESA,Liga Regular Único,VALENCIA B.C.,24,H. BEN ABDELKADER,60.4372%,21.1746%,False,1,BAXI FERROL,False
LF ENDESA,Liga Regular Único,VALENCIA B.C.,9,Q. CASAS CARRERAS,94.7109%,56.8436%,True,1,BAXI FERROL,False
LF ENDESA,Liga Regular Único,VALENCIA B.C.,9,Q. CASAS CARRERAS,89.7038%,51.9281%,True,1,BAXI FERROL,False
LF ENDESA,Liga Regular Único,VALENCIA B.C.,10,L. ROMERO GONZALEZ,18.8999%,4.15929%,False,1,BAXI FERROL,False
LF ENDESA,Liga Regular Único,VALENCIA B.C.,24,H. BEN ABDELKADER,72.1439%,12.982%,False,1,BAXI FERROL,False
LF ENDESA,Liga Regular Único,VALENCIA B.C.,10,L. ROMERO GONZALEZ,14.0339%,31.7618%,False,1,BAXI FERROL,False
LF ENDESA,Liga Regular Único,VALENCIA B.C.,14,R. CARRERA QUINTANA,89.6333%,56.7176%,True,1,BAXI FERROL,False
LF ENDESA,Liga Regular Único,VALENCIA B.C.,23,A. IAGUPOVA,9.09732%,49.7854%,False,1,BAXI FERROL,False
LF ENDESA,Liga Regular Único,VALENCIA B.C.,10,L. ROMERO GONZALEZ,88.7165%,59.4904%,False,1,BAXI FERROL,False
LF ENDESA,Liga Regular Único,VALENCIA B.C.,9,Q. CASAS CARRERAS,12.3413%,3.52909%,False,1,BAXI FERROL,False
LF ENDESA,Liga Regular Único,VALENCIA B.C.,22,T. ATKINSON,91.8195%,64.1539%,True,1,BAXI FERROL,False
LF ENDESA,Liga Regular Único,VALENCIA B.C.,9,Q. CASAS CARRERAS,67.7715%,40.9627%,False,1,BAXI FERROL,False
LF ENDESA,Liga Regular Único,VALENCIA B.C.,11,A. FAM THIAM,67.9126%,28.2328%,False,1,BAXI FERROL,False
LF ENDESA,Liga Regular Único,VALENCIA B.C.,22,T. ATKINSON,15.3738%,51.55%,True,1,BAXI FERROL,False
LF ENDESA,Liga Regular Único,VALENCIA B.C.,14,R. CARRERA QUINTANA,13.3992%,27.8546%,True,1,BAXI FERROL,False
LF ENDESA,Liga Regular Único,VALENCIA B.C.,9,Q. CASAS CARRERAS,93.0183%,50.5417%,True,1,BAXI FERROL,False
LF ENDESA,Liga Regular Único,VALENCIA B.C.,24,H. BEN ABDELKADER,89.2102%,64.7841%,True,1,BAXI FERROL,False
LF ENDESA,Liga Regular Único,VALENCIA B.C.,10,L. ROMERO GONZALEZ,11.7772%,40.4585%,True,1,BAXI FERROL,False
LF ENDESA,Liga Regular Único,VALENCIA B.C.,9,Q. CASAS CARRERAS,89.2807%,54.1968%,True,1,BAXI FERROL,False
LF ENDESA,Liga Regular Único,VALENCIA B.C.,22,T. ATKINSON,89.4922%,56.0874%,True,1,BAXI FERROL,False
LF ENDESA,Liga Regular Único,VALENCIA B.C.,24,H. BEN ABDELKADER,71.5797%,85.5805%,False,1,BAXI FERROL,False
LF ENDESA,Liga Regular Único,VALENCIA B.C.,8,M. PEREZ ARAUJO,10.2257%,52.1802%,False,1,BAXI FERROL,False
LF ENDESA,Liga Regular Único,CADI LA SEU,24,N. NIARE,93.3004%,46.0043%,True,1,INNOVA-TSN LEGANES,True
LF ENDESA,Liga Regular Único,CADI LA SEU,12,F. WERTH,9.80254%,45.6261%,False,1,INNOVA-TSN LEGANES,True
LF ENDESA,Liga Regular Único,CADI LA SEU,4,L. RAVENTOS ROIG,17.9126%,66.8007%,True,1,INNOVA-TSN LEGANES,True
LF ENDESA,Liga Regular Único,CADI LA SEU,0,A. GERVASINI LACORZANA,30.8181%,32.14%,False,1,INNOVA-TSN LEGANES,True
LF ENDESA,Liga Regular Único,CADI LA SEU,33,L. RODRIGUEZ ARRIBAS,26.3752%,83.1858%,False,1,INNOVA-TSN LEGANES,True
LF ENDESA,Liga Regular Único,CADI LA SEU,12,F. WERTH,30.7475%,69.0694%,True,1,INNOVA-TSN LEGANES,True
LF ENDESA,Liga Regular Único,CADI LA SEU,6,M. MATA GALINDO,93.2299%,45.7522%,False,1,INNOVA-TSN LEGANES,True
LF ENDESA,Liga Regular Único,CADI LA SEU,4,L. RAVENTOS ROIG,29.7602%,30.8796%,False,1,INNOVA-TSN LEGANES,True
LF ENDESA,Liga Regular Único,CADI LA SEU,2,S. GONZALES,92.5247%,49.6594%,True,1,INNOVA-TSN LEGANES,True
LF ENDESA,Liga Regular Único,CADI LA SEU,4,L. RAVENTOS ROIG,30.1834%,70.7079%,False,1,INNOVA-TSN LEGANES,True
LF ENDESA,Liga Regular Único,CADI LA SEU,24,N. NIARE,93.0889%,48.1469%,True,1,INNOVA-TSN LEGANES,True
LF ENDESA,Liga Regular Único,CADI LA SEU,4,L. RAVENTOS ROIG,10.0846%,61.0029%,True,1,INNOVA-TSN LEGANES,True
LF ENDESA,Liga Regular Único,CADI LA SEU,0,A. GERVASINI LACORZANA,43.8646%,67.3049%,False,1,INNOVA-TSN LEGANES,True
LF ENDESA,Liga Regular Único,CADI LA SEU,7,A. PALMA JORGE,91.1142%,57.7259%,False,1,INNOVA-TSN LEGANES,True
LF ENDESA,Liga Regular Único,CADI LA SEU,0,A. GERVASINI LACORZANA,89.7743%,58.9863%,False,1,INNOVA-TSN LEGANES,True
LF ENDESA,Liga Regular Único,CADI LA SEU,6,M. MATA GALINDO,93.1594%,56.4655%,False,1,INNOVA-TSN LEGANES,True
LF ENDESA,Liga Regular Único,CADI LA SEU,7,A. PALMA JORGE,32.299%,45.248%,False,1,INNOVA-TSN LEGANES,True
LF ENDESA,Liga Regular Único,CADI LA SEU,2,S. GONZALES,7.26375%,45.5001%,True,1,INNOVA-TSN LEGANES,True
LF ENDESA,Liga Regular Único,CADI LA SEU,13,R. AGUILAR MOTTA,74.1185%,80.539%,False,1,INNOVA-TSN LEGANES,True
LF ENDESA,Liga Regular Único,CADI LA SEU,0,A. GERVASINI LACORZANA,6.98166%,53.6926%,False,1,INNOVA-TSN LEGANES,True
LF ENDESA,Liga Regular Único,CADI LA SEU,12,F. WERTH,85.1199%,91.8825%,False,1,INNOVA-TSN LEGANES,True
LF ENDESA,Liga Regular Único,CADI LA SEU,2,S. GONZALES,94.0762%,56.7176%,True,1,INNOVA-TSN LEGANES,True
LF ENDESA,Liga Regular Único,CADI LA SEU,2,S. GONZALES,67.2779%,34.1566%,False,1,INNOVA-TSN LEGANES,True
LF ENDESA,Liga Regular Único,CADI LA SEU,2,S. GONZALES,7.05219%,44.9959%,True,1,INNOVA-TSN LEGANES,True
LF ENDESA,Liga Regular Único,CADI LA SEU,4,L. RAVENTOS ROIG,29.9718%,25.2078%,True,1,INNOVA-TSN LEGANES,True
LF ENDESA,Liga Regular Único,CADI LA SEU,33,L. RODRIGUEZ ARRIBAS,32.299%,45.248%,False,1,INNOVA-TSN LEGANES,True
LF ENDESA,Liga Regular Único,CADI LA SEU,12,F. WERTH,71.5092%,74.6151%,False,1,INNOVA-TSN LEGANES,True
LF ENDESA,Liga Regular Único,CADI LA SEU,0,A. GERVASINI LACORZANA,6.41749%,59.8686%,False,1,INNOVA-TSN LEGANES,True
LF ENDESA,Liga Regular Único,CADI LA SEU,0,A. GERVASINI LACORZANA,89.2807%,57.5999%,False,1,INNOVA-TSN LEGANES,True
LF ENDESA,Liga Regular Único,CADI LA SEU,6,M. MATA GALINDO,12.0592%,54.701%,False,1,INNOVA-TSN LEGANES,True
LF ENDESA,Liga Regular Único,CADI LA SEU,24,N. NIARE,5.78279%,56.8436%,False,1,INNOVA-TSN LEGANES,True
LF ENDESA,Liga Regular Único,CADI LA SEU,2,S. GONZALES,89.3512%,54.5749%,False,1,INNOVA-TSN LEGANES,True
LF ENDESA,Liga Regular Único,CADI LA SEU,2,S. GONZALES,15.0212%,54.4489%,True,1,INNOVA-TSN LEGANES,True
LF ENDESA,Liga Regular Único,CADI LA SEU,13,R. AGUILAR MOTTA,8.32158%,44.9959%,False,1,INNOVA-TSN LEGANES,True
LF ENDESA,Liga Regular Único,CADI LA SEU,13,R. AGUILAR MOTTA,6.1354%,62.6414%,False,1,INNOVA-TSN LEGANES,True
LF ENDESA,Liga Regular Único,CADI LA SEU,33,L. RODRIGUEZ ARRIBAS,7.26375%,47.2647%,False,1,INNOVA-TSN LEGANES,True
LF ENDESA,Liga Regular Único,CADI LA SEU,13,R. AGUILAR MOTTA,87.3766%,42.4752%,True,1,INNOVA-TSN LEGANES,True
LF ENDESA,Liga Regular Único,CADI LA SEU,13,R. AGUILAR MOTTA,31.3117%,44.7439%,False,1,INNOVA-TSN LEGANES,True
LF ENDESA,Liga Regular Único,CADI LA SEU,4,L. RAVENTOS ROIG,25.0353%,15.6288%,True,1,INNOVA-TSN LEGANES,True
LF ENDESA,Liga Regular Único,CADI LA SEU,7,A. PALMA JORGE,77.2214%,26.7203%,False,1,INNOVA-TSN LEGANES,True
LF ENDESA,Liga Regular Único,CADI LA SEU,2,S. GONZALES,93.0889%,57.4738%,True,1,INNOVA-TSN LEGANES,True
LF ENDESA,Liga Regular Único,CADI LA SEU,0,A. GERVASINI LACORZANA,87.7997%,71.7162%,True,1,INNOVA-TSN LEGANES,True
LF ENDESA,Liga Regular Único,CADI LA SEU,12,F. WERTH,69.3935%,72.7245%,False,1,INNOVA-TSN LEGANES,True
LF ENDESA,Liga Regular Único,CADI LA SEU,7,A. PALMA JORGE,92.2426%,73.6068%,True,1,INNOVA-TSN LEGANES,True
LF ENDESA,Liga Regular Único,CADI LA SEU,13,R. AGUILAR MOTTA,32.8632%,59.8686%,False,1,INNOVA-TSN LEGANES,True
LF ENDESA,Liga Regular Único,CADI LA SEU,6,M. MATA GALINDO,92.2426%,55.7093%,True,1,INNOVA-TSN LEGANES,True
LF ENDESA,Liga Regular Único,CADI LA SEU,0,A. GERVASINI LACORZANA,93.5825%,56.3395%,True,1,INNOVA-TSN LEGANES,True
LF ENDESA,Liga Regular Único,CADI LA SEU,33,L. RODRIGUEZ ARRIBAS,94.2172%,45.248%,False,1,INNOVA-TSN LEGANES,True
LF ENDESA,Liga Regular Único,CADI LA SEU,0,A. GERVASINI LACORZANA,92.8068%,47.3907%,False,1,INNOVA-TSN LEGANES,True
LF ENDESA,Liga Regular Único,CADI LA SEU,24,N. NIARE,6.7701%,46.0043%,False,1,INNOVA-TSN LEGANES,True
LF ENDESA,Liga Regular Único,CADI LA SEU,12,F. WERTH,90.1269%,47.1386%,False,1,INNOVA-TSN LEGANES,True
LF ENDESA,Liga Regular Único,CADI LA SEU,13,R. AGUILAR MOTTA,68.4767%,44.3658%,True,1,INNOVA-TSN LEGANES,True
LF ENDESA,Liga Regular Único,CADI LA SEU,4,L. RAVENTOS ROIG,90.409%,6.30195%,True,1,INNOVA-TSN LEGANES,True
LF ENDESA,Liga Regular Único,CADI LA SEU,4,L. RAVENTOS ROIG,5.85331%,55.5832%,True,1,INNOVA-TSN LEGANES,True
LF ENDESA,Liga Regular Único,CADI LA SEU,2,S. GONZALES,20.1693%,77.1359%,False,1,INNOVA-TSN LEGANES,True
LF ENDESA,Liga Regular Único,CADI LA SEU,13,R. AGUILAR MOTTA,6.91114%,74.111%,False,1,INNOVA-TSN LEGANES,True
LF ENDESA,Liga Regular Único,CADI LA SEU,2,S. GONZALES,72.708%,81.9254%,True,1,INNOVA-TSN LEGANES,True
LF ENDESA,Liga Regular Único,CADI LA SEU,2,S. GONZALES,83.7094%,57.978%,False,1,INNOVA-TSN LEGANES,True
LF ENDESA,Liga Regular Único,CADI LA SEU,6,M. MATA GALINDO,7.75741%,47.8948%,True,1,INNOVA-TSN LEGANES,True
LF ENDESA,Liga Regular Único,CADI LA SEU,13,R. AGUILAR MOTTA,88.646%,53.4406%,False,1,INNOVA-TSN LEGANES,True
LF ENDESA,Liga Regular Único,CADI LA SEU,4,L. RAVENTOS ROIG,17.4189%,46.0043%,True,1,INNOVA-TSN LEGANES,True
LF ENDESA,Liga Regular Único,CADI LA SEU,2,S. GONZALES,8.67419%,43.4835%,False,1,INNOVA-TSN LEGANES,True
LF ENDESA,Liga Regular Único,CADI LA SEU,13,R. AGUILAR MOTTA,7.26375%,47.2647%,False,1,INNOVA-TSN LEGANES,True
LF ENDESA,Liga Regular Único,CADI LA SEU,2,S. GONZALES,83.4979%,5.54572%,False,1,INNOVA-TSN LEGANES,True
LF ENDESA,Liga Regular Único,CADI LA SEU,6,M. MATA GALINDO,90.3385%,54.3228%,False,1,INNOVA-TSN LEGANES,True
LF ENDESA,Liga Regular Único,CADI LA SEU,2,S. GONZALES,9.52045%,44.4918%,False,1,INNOVA-TSN LEGANES,True
LF ENDESA,Liga Regular Único,CADI LA SEU,0,A. GERVASINI LACORZANA,6.7701%,52.6843%,True,1,INNOVA-TSN LEGANES,True
LF ENDESA,Liga Regular Único,CADI LA SEU,2,S. GONZALES,26.4457%,18.6538%,False,1,INNOVA-TSN LEGANES,True
LF ENDESA,Liga Regular Único,CADI LA SEU,6,M. MATA GALINDO,9.0268%,44.6178%,False,1,INNOVA-TSN LEGANES,True
LF ENDESA,Liga Regular Único,INNOVA-TSN LEGANES,2,A. SANGARE,89.9154%,54.827%,False,1,CADI LA SEU,False
LF ENDESA,Liga Regular Único,INNOVA-TSN LEGANES,11,L. TOGORES CARPINTERO,85.0494%,96.1678%,False,1,CADI LA SEU,False
LF ENDESA,Liga Regular Único,INNOVA-TSN LEGANES,6,N. DRIESSEN,91.9605%,48.273%,False,1,CADI LA SEU,False
LF ENDESA,Liga Regular Único,INNOVA-TSN LEGANES,2,A. SANGARE,5.21862%,57.4738%,True,1,CADI LA SEU,False
LF ENDESA,Liga Regular Único,INNOVA-TSN LEGANES,20,E. BOSGANA,69.6756%,28.2328%,True,1,CADI LA SEU,False
LF ENDESA,Liga Regular Único,INNOVA-TSN LEGANES,2,A. SANGARE,7.96897%,49.5334%,False,1,CADI LA SEU,False
LF ENDESA,Liga Regular Único,INNOVA-TSN LEGANES,0,M. DODSON,6.62906%,56.5915%,False,1,CADI LA SEU,False
LF ENDESA,Liga Regular Único,INNOVA-TSN LEGANES,44,G. ANDELOVA,94.2172%,52.9364%,True,1,CADI LA SEU,False
LF ENDESA,Liga Regular Único,INNOVA-TSN LEGANES,11,L. TOGORES CARPINTERO,11.7772%,59.2384%,False,1,CADI LA SEU,False
LF ENDESA,Liga Regular Único,INNOVA-TSN LEGANES,2,A. SANGARE,7.4048%,45.5001%,True,1,CADI LA SEU,False
LF ENDESA,Liga Regular Único,INNOVA-TSN LEGANES,6,N. DRIESSEN,6.27645%,43.2314%,True,1,CADI LA SEU,False
LF ENDESA,Liga Regular Único,INNOVA-TSN LEGANES,8,I. LAHUERTA MENDOZA,34.9083%,29.9973%,True,1,CADI LA SEU,False
LF ENDESA,Liga Regular Único,INNOVA-TSN LEGANES,44,G. ANDELOVA,70.0282%,65.0362%,False,1,CADI LA SEU,False
LF ENDESA,Liga Regular Único,INNOVA-TSN LEGANES,8,I. LAHUERTA MENDOZA,6.62906%,47.1386%,True,1,CADI LA SEU,False
LF ENDESA,Liga Regular Único,INNOVA-TSN LEGANES,20,E. BOSGANA,94.2172%,57.0957%,False,1,CADI LA SEU,False
LF ENDESA,Liga Regular Único,INNOVA-TSN LEGANES,7,M. ESPIN DE SANCHO,7.12271%,45.8782%,True,1,CADI LA SEU,False
LF ENDESA,Liga Regular Único,INNOVA-TSN LEGANES,14,B. HERLIHY,32.0874%,37.6857%,False,1,CADI LA SEU,False
LF ENDESA,Liga Regular Único,INNOVA-TSN LEGANES,1,C. BERMEJO GIL,75.5289%,84.0681%,False,1,CADI LA SEU,False
LF ENDESA,Liga Regular Único,INNOVA-TSN LEGANES,2,A. SANGARE,6.98166%,49.1552%,True,1,CADI LA SEU,False
LF ENDESA,Liga Regular Único,INNOVA-TSN LEGANES,44,G. ANDELOVA,6.48801%,46.7605%,False,1,CADI LA SEU,False
LF ENDESA,Liga Regular Único,INNOVA-TSN LEGANES,14,B. HERLIHY,10.8604%,47.1386%,True,1,CADI LA SEU,False
LF ENDESA,Liga Regular Único,INNOVA-TSN LEGANES,0,M. DODSON,5.07757%,56.7176%,True,1,CADI LA SEU,False
LF ENDESA,Liga Regular Único,INNOVA-TSN LEGANES,14,B. HERLIHY,14.5275%,37.5596%,True,1,CADI LA SEU,False
LF ENDESA,Liga Regular Único,INNOVA-TSN LEGANES,44,G. ANDELOVA,92.031%,55.9613%,True,1,CADI LA SEU,False
LF ENDESA,Liga Regular Único,INNOVA-TSN LEGANES,6,N. DRIESSEN,11.213%,40.8367%,False,1,CADI LA SEU,False
LF ENDESA,Liga Regular Único,INNOVA-TSN LEGANES,8,I. LAHUERTA MENDOZA,7.68688%,48.9032%,True,1,CADI LA SEU,False
LF ENDESA,Liga Regular Único,INNOVA-TSN LEGANES,6,N. DRIESSEN,27.7856%,76.2536%,True,1,CADI LA SEU,False
LF ENDESA,Liga Regular Único,INNOVA-TSN LEGANES,2,A. SANGARE,92.3836%,86.3368%,True,1,CADI LA SEU,False
LF ENDESA,Liga Regular Único,INNOVA-TSN LEGANES,6,N. DRIESSEN,87.7292%,48.273%,False,1,CADI LA SEU,False
LF ENDESA,Liga Regular Único,INNOVA-TSN LEGANES,6,N. DRIESSEN,13.1876%,61.6331%,False,1,CADI LA SEU,False
LF ENDESA,Liga Regular Único,INNOVA-TSN LEGANES,44,G. ANDELOVA,93.7236%,4.66345%,True,1,CADI LA SEU,False
LF ENDESA,Liga Regular Único,INNOVA-TSN LEGANES,20,E. BOSGANA,92.9478%,44.8699%,False,1,CADI LA SEU,False
LF ENDESA,Liga Regular Único,INNOVA-TSN LEGANES,0,M. DODSON,92.5247%,53.8187%,True,1,CADI LA SEU,False
LF ENDESA,Liga Regular Único,INNOVA-TSN LEGANES,20,E. BOSGANA,74.8237%,20.0402%,False,1,CADI LA SEU,False
LF ENDESA,Liga Regular Único,INNOVA-TSN LEGANES,7,M. ESPIN DE SANCHO,79.1255%,88.4794%,True,1,CADI LA SEU,False
LF ENDESA,Liga Regular Único,INNOVA-TSN LEGANES,2,A. SANGARE,7.89845%,57.3478%,True,1,CADI LA SEU,False
LF ENDESA,Liga Regular Único,INNOVA-TSN LEGANES,8,I. LAHUERTA MENDOZA,8.60367%,52.9364%,True,1,CADI LA SEU,False
LF ENDESA,Liga Regular Único,INNOVA-TSN LEGANES,8,I. LAHUERTA MENDOZA,29.4076%,25.3339%,True,1,CADI LA SEU,False
LF ENDESA,Liga Regular Único,INNOVA-TSN LEGANES,14,B. HERLIHY,90.7616%,62.8935%,False,1,CADI LA SEU,False
LF ENDESA,Liga Regular Único,INNOVA-TSN LEGANES,14,B. HERLIHY,16.0085%,52.0541%,True,1,CADI LA SEU,False
LF ENDESA,Liga Regular Único,INNOVA-TSN LEGANES,44,G. ANDELOVA,92.1721%,54.5749%,False,1,CADI LA SEU,False
LF ENDESA,Liga Regular Único,INNOVA-TSN LEGANES,0,M. DODSON,94.8519%,56.4655%,True,1,CADI LA SEU,False
LF ENDESA,Liga Regular Único,INNOVA-TSN LEGANES,14,B. HERLIHY,82.5106%,46.2563%,True,1,CADI LA SEU,False
LF ENDESA,Liga Regular Único,INNOVA-TSN LEGANES,1,C. BERMEJO GIL,85.7546%,92.7648%,False,1,CADI LA SEU,False
LF ENDESA,Liga Regular Único,CASADEMONT ZARAGOZA,7,N. FINGALL,14.6685%,57.5999%,True,1,DURÁN MAQUINARIA ENSINO,True
LF ENDESA,Liga Regular Único,CASADEMONT ZARAGOZA,7,N. FINGALL,65.9379%,72.3464%,False,1,DURÁN MAQUINARIA ENSINO,True
LF ENDESA,Liga Regular Único,CASADEMONT ZARAGOZA,5,M. HEMPE,84.1326%,54.1968%,False,1,DURÁN MAQUINARIA ENSINO,True
LF ENDESA,Liga Regular Único,CASADEMONT ZARAGOZA,31,A. GUEYE,10.6488%,40.2065%,False,1,DURÁN MAQUINARIA ENSINO,True
LF ENDESA,Liga Regular Único,CASADEMONT ZARAGOZA,3,O. BANKOLE,70.3103%,20.1663%,False,1,DURÁN MAQUINARIA ENSINO,True
LF ENDESA,Liga Regular Único,CASADEMONT ZARAGOZA,13,H. PUEYO MELCHOR,66.1495%,69.4475%,True,1,DURÁN MAQUINARIA ENSINO,True
LF ENDESA,Liga Regular Único,CASADEMONT ZARAGOZA,10,L. FLORES COSTA,16.079%,45.8782%,True,1,DURÁN MAQUINARIA ENSINO,True
LF ENDESA,Liga Regular Único,CASADEMONT ZARAGOZA,3,O. BANKOLE,15.5148%,60.2467%,True,1,DURÁN MAQUINARIA ENSINO,True
LF ENDESA,Liga Regular Único,CASADEMONT ZARAGOZA,31,A. GUEYE,10.6488%,40.2065%,True,1,DURÁN MAQUINARIA ENSINO,True
LF ENDESA,Liga Regular Único,CASADEMONT ZARAGOZA,8,V. VORACKOVA,15.0917%,47.2647%,True,1,DURÁN MAQUINARIA ENSINO,True
LF ENDESA,Liga Regular Único,CASADEMONT ZARAGOZA,31,A. GUEYE,13.4697%,47.7688%,True,1,DURÁN MAQUINARIA ENSINO,True
LF ENDESA,Liga Regular Único,CASADEMONT ZARAGOZA,13,H. PUEYO MELCHOR,68.1946%,30.1233%,False,1,DURÁN MAQUINARIA ENSINO,True
LF ENDESA,Liga Regular Único,CASADEMONT ZARAGOZA,31,A. GUEYE,82.8632%,54.1968%,False,1,DURÁN MAQUINARIA ENSINO,True
LF ENDESA,Liga Regular Único,CASADEMONT ZARAGOZA,7,N. FINGALL,68.2652%,77.514%,True,1,DURÁN MAQUINARIA ENSINO,True
LF ENDESA,Liga Regular Único,CASADEMONT ZARAGOZA,13,H. PUEYO MELCHOR,32.5106%,74.8672%,False,1,DURÁN MAQUINARIA ENSINO,True
LF ENDESA,Liga Regular Único,CASADEMONT ZARAGOZA,8,V. VORACKOVA,67.9831%,31.6358%,False,1,DURÁN MAQUINARIA ENSINO,True
LF ENDESA,Liga Regular Único,CASADEMONT ZARAGOZA,7,N. FINGALL,82.158%,54.3228%,False,1,DURÁN MAQUINARIA ENSINO,True
LF ENDESA,Liga Regular Único,CASADEMONT ZARAGOZA,8,V. VORACKOVA,33.7094%,27.4765%,True,1,DURÁN MAQUINARIA ENSINO,True
LF ENDESA,Liga Regular Único,CASADEMONT ZARAGOZA,31,A. GUEYE,13.9633%,71.9683%,True,1,DURÁN MAQUINARIA ENSINO,True
LF ENDESA,Liga Regular Único,CASADEMONT ZARAGOZA,8,V. VORACKOVA,18.9704%,50.7937%,False,1,DURÁN MAQUINARIA ENSINO,True
LF ENDESA,Liga Regular Único,CASADEMONT ZARAGOZA,13,H. PUEYO MELCHOR,86.8829%,24.8297%,True,1,DURÁN MAQUINARIA ENSINO,True
LF ENDESA,Liga Regular Único,CASADEMONT ZARAGOZA,7,N. FINGALL,77.0099%,56.8436%,False,1,DURÁN MAQUINARIA ENSINO,True
LF ENDESA,Liga Regular Único,CASADEMONT ZARAGOZA,8,V. VORACKOVA,33.921%,79.5307%,False,1,DURÁN MAQUINARIA ENSINO,True
LF ENDESA,Liga Regular Único,CASADEMONT ZARAGOZA,7,N. FINGALL,31.2412%,76.0016%,False,1,DURÁN MAQUINARIA ENSINO,True
LF ENDESA,Liga Regular Único,CASADEMONT ZARAGOZA,0,C. LEITE,33.8505%,71.9683%,True,1,DURÁN MAQUINARIA ENSINO,True
LF ENDESA,Liga Regular Único,CASADEMONT ZARAGOZA,8,V. VORACKOVA,13.8928%,54.4489%,False,1,DURÁN MAQUINARIA ENSINO,True
LF ENDESA,Liga Regular Único,CASADEMONT ZARAGOZA,10,L. FLORES COSTA,31.8054%,78.0182%,False,1,DURÁN MAQUINARIA ENSINO,True
LF ENDESA,Liga Regular Único,CASADEMONT ZARAGOZA,0,C. LEITE,90.268%,26.2161%,True,1,DURÁN MAQUINARIA ENSINO,True
LF ENDESA,Liga Regular Único,CASADEMONT ZARAGOZA,16,H. OMA GIRALT,86.2482%,60.8769%,True,1,DURÁN MAQUINARIA ENSINO,True
LF ENDESA,Liga Regular Único,CASADEMONT ZARAGOZA,0,C. LEITE,83.0042%,33.5264%,False,1,DURÁN MAQUINARIA ENSINO,True
LF ENDESA,Liga Regular Único,CASADEMONT ZARAGOZA,5,M. HEMPE,17.9831%,49.6594%,False,1,DURÁN MAQUINARIA ENSINO,True
LF ENDESA,Liga Regular Único,CASADEMONT ZARAGOZA,10,L. FLORES COSTA,35.543%,49.6594%,False,1,DURÁN MAQUINARIA ENSINO,True
LF ENDESA,Liga Regular Único,CASADEMONT ZARAGOZA,4,M. ORTIZ VIVES,84.5557%,59.1123%,False,1,DURÁN MAQUINARIA ENSINO,True
LF ENDESA,Liga Regular Único,CASADEMONT ZARAGOZA,7,N. FINGALL,68.1946%,30.1233%,True,1,DURÁN MAQUINARIA ENSINO,True
LF ENDESA,Liga Regular Único,CASADEMONT ZARAGOZA,13,H. PUEYO MELCHOR,17.0663%,71.3381%,True,1,DURÁN MAQUINARIA ENSINO,True
LF ENDESA,Liga Regular Único,CASADEMONT ZARAGOZA,7,N. FINGALL,69.7461%,80.665%,True,1,DURÁN MAQUINARIA ENSINO,True
LF ENDESA,Liga Regular Único,CASADEMONT ZARAGOZA,5,M. HEMPE,36.6714%,52.6843%,True,1,DURÁN MAQUINARIA ENSINO,True
LF ENDESA,Liga Regular Único,CASADEMONT ZARAGOZA,0,C. LEITE,16.8547%,28.6109%,True,1,DURÁN MAQUINARIA ENSINO,True
LF ENDESA,Liga Regular Único,CASADEMONT ZARAGOZA,0,C. LEITE,37.3061%,64.1539%,False,1,DURÁN MAQUINARIA ENSINO,True
LF ENDESA,Liga Regular Único,CASADEMONT ZARAGOZA,7,N. FINGALL,18.6883%,54.701%,True,1,DURÁN MAQUINARIA ENSINO,True
LF ENDESA,Liga Regular Único,CASADEMONT ZARAGOZA,4,M. ORTIZ VIVES,14.8801%,56.2134%,False,1,DURÁN MAQUINARIA ENSINO,True
LF ENDESA,Liga Regular Único,CASADEMONT ZARAGOZA,0,C. LEITE,15.0212%,44.3658%,True,1,DURÁN MAQUINARIA ENSINO,True
LF ENDESA,Liga Regular Único,CASADEMONT ZARAGOZA,0,C. LEITE,38.4344%,57.7259%,False,1,DURÁN MAQUINARIA ENSINO,True
LF ENDESA,Liga Regular Único,CASADEMONT ZARAGOZA,7,N. FINGALL,69.6756%,24.4516%,False,1,DURÁN MAQUINARIA ENSINO,True
LF ENDESA,Liga Regular Único,CASADEMONT ZARAGOZA,5,M. HEMPE,82.158%,54.3228%,True,1,DURÁN MAQUINARIA ENSINO,True
LF ENDESA,Liga Regular Único,CASADEMONT ZARAGOZA,13,H. PUEYO MELCHOR,12.976%,76.3797%,False,1,DURÁN MAQUINARIA ENSINO,True
LF ENDESA,Liga Regular Único,CASADEMONT ZARAGOZA,3,O. BANKOLE,66.6432%,73.7329%,True,1,DURÁN MAQUINARIA ENSINO,True
LF ENDESA,Liga Regular Único,CASADEMONT ZARAGOZA,13,H. PUEYO MELCHOR,66.8547%,28.3588%,False,1,DURÁN MAQUINARIA ENSINO,True
LF ENDESA,Liga Regular Único,CASADEMONT ZARAGOZA,7,N. FINGALL,81.5938%,56.3395%,True,1,DURÁN MAQUINARIA ENSINO,True
LF ENDESA,Liga Regular Único,CASADEMONT ZARAGOZA,5,M. HEMPE,66.8547%,75.7495%,True,1,DURÁN MAQUINARIA ENSINO,True
LF ENDESA,Liga Regular Único,CASADEMONT ZARAGOZA,31,A. GUEYE,87.2355%,57.5999%,False,1,DURÁN MAQUINARIA ENSINO,True
LF ENDESA,Liga Regular Único,CASADEMONT ZARAGOZA,5,M. HEMPE,17.4189%,43.9876%,False,1,DURÁN MAQUINARIA ENSINO,True
LF ENDESA,Liga Regular Único,CASADEMONT ZARAGOZA,5,M. HEMPE,86.8829%,61.255%,True,1,DURÁN MAQUINARIA ENSINO,True
LF ENDESA,Liga Regular Único,CASADEMONT ZARAGOZA,8,V. VORACKOVA,85.8251%,46.7605%,False,1,DURÁN MAQUINARIA ENSINO,True
LF ENDESA,Liga Regular Único,CASADEMONT ZARAGOZA,33,S. MAWULI,30.8886%,78.2703%,True,1,DURÁN MAQUINARIA ENSINO,True
LF ENDESA,Liga Regular Único,CASADEMONT ZARAGOZA,16,H. OMA GIRALT,86.1072%,46.0043%,False,1,DURÁN MAQUINARIA ENSINO,True
LF ENDESA,Liga Regular Único,CASADEMONT ZARAGOZA,13,H. PUEYO MELCHOR,68.0536%,31.0056%,True,1,DURÁN MAQUINARIA ENSINO,True
LF ENDESA,Liga Regular Único,CASADEMONT ZARAGOZA,5,M. HEMPE,16.22%,46.3824%,True,1,DURÁN MAQUINARIA ENSINO,True
LF ENDESA,Liga Regular Único,CASADEMONT ZARAGOZA,31,A. GUEYE,10.6488%,40.2065%,False,1,DURÁN MAQUINARIA ENSINO,True
LF ENDESA,Liga Regular Único,CASADEMONT ZARAGOZA,31,A. GUEYE,13.0465%,51.2979%,False,1,DURÁN MAQUINARIA ENSINO,True
LF ENDESA,Liga Regular Único,DURÁN MAQUINARIA ENSINO,41,L. GIOMI,82.9337%,45.6261%,False,1,CASADEMONT ZARAGOZA,False
LF ENDESA,Liga Regular Único,DURÁN MAQUINARIA ENSINO,18,A. FLOREZ GETINO,86.3893%,62.2633%,True,1,CASADEMONT ZARAGOZA,False
LF ENDESA,Liga Regular Único,DURÁN MAQUINARIA ENSINO,41,L. GIOMI,68.6178%,26.5942%,True,1,CASADEMONT ZARAGOZA,False
LF ENDESA,Liga Regular Único,DURÁN MAQUINARIA ENSINO,8,N. BOSCH DURAN,84.9083%,28.6109%,True,1,CASADEMONT ZARAGOZA,False
LF ENDESA,Liga Regular Único,DURÁN MAQUINARIA ENSINO,14,E. GARFELLA BEJAR,13.2581%,52.9364%,False,1,CASADEMONT ZARAGOZA,False
LF ENDESA,Liga Regular Único,DURÁN MAQUINARIA ENSINO,31,A. ORSILI,35.402%,80.791%,False,1,CASADEMONT ZARAGOZA,False
LF ENDESA,Liga Regular Único,DURÁN MAQUINARIA ENSINO,41,L. GIOMI,12.2708%,55.0791%,False,1,CASADEMONT ZARAGOZA,False
LF ENDESA,Liga Regular Único,DURÁN MAQUINARIA ENSINO,10,M. HAIDARA,13.6107%,56.4655%,False,1,CASADEMONT ZARAGOZA,False
LF ENDESA,Liga Regular Único,DURÁN MAQUINARIA ENSINO,8,N. BOSCH DURAN,33.2863%,25.0818%,False,1,CASADEMONT ZARAGOZA,False
LF ENDESA,Liga Regular Único,DURÁN MAQUINARIA ENSINO,15,J. FEQUIERE,68.4062%,80.4129%,True,1,CASADEMONT ZARAGOZA,False
LF ENDESA,Liga Regular Único,DURÁN MAQUINARIA ENSINO,18,A. FLOREZ GETINO,35.9662%,76.3797%,True,1,CASADEMONT ZARAGOZA,False
LF ENDESA,Liga Regular Único,DURÁN MAQUINARIA ENSINO,2,I. TATE,86.1072%,62.3893%,True,1,CASADEMONT ZARAGOZA,False
LF ENDESA,Liga Regular Único,DURÁN MAQUINARIA ENSINO,41,L. GIOMI,11.8477%,60.3727%,True,1,CASADEMONT ZARAGOZA,False
LF ENDESA,Liga Regular Único,DURÁN MAQUINARIA ENSINO,18,A. FLOREZ GETINO,85.8251%,43.7356%,False,1,CASADEMONT ZARAGOZA,False
LF ENDESA,Liga Regular Único,DURÁN MAQUINARIA ENSINO,3,H. VAN SCHAIK,13.8928%,53.3145%,False,1,CASADEMONT ZARAGOZA,False
LF ENDESA,Liga Regular Único,DURÁN MAQUINARIA ENSINO,2,I. TATE,32.299%,77.0099%,True,1,CASADEMONT ZARAGOZA,False
LF ENDESA,Liga Regular Único,DURÁN MAQUINARIA ENSINO,14,E. GARFELLA BEJAR,32.3695%,77.514%,False,1,CASADEMONT ZARAGOZA,False
LF ENDESA,Liga Regular Único,DURÁN MAQUINARIA ENSINO,2,I. TATE,86.2482%,61.381%,True,1,CASADEMONT ZARAGOZA,False
LF ENDESA,Liga Regular Único,DURÁN MAQUINARIA ENSINO,3,H. VAN SCHAIK,34.8378%,75.7495%,False,1,CASADEMONT ZARAGOZA,False
LF ENDESA,Liga Regular Único,DURÁN MAQUINARIA ENSINO,15,J. FEQUIERE,34.4852%,83.0598%,False,1,CASADEMONT ZARAGOZA,False
LF ENDESA,Liga Regular Único,DURÁN MAQUINARIA ENSINO,2,I. TATE,17.7715%,53.3145%,True,1,CASADEMONT ZARAGOZA,False
LF ENDESA,Liga Regular Único,DURÁN MAQUINARIA ENSINO,15,J. FEQUIERE,33.2863%,27.2244%,False,1,CASADEMONT ZARAGOZA,False
LF ENDESA,Liga Regular Único,DURÁN MAQUINARIA ENSINO,41,L. GIOMI,14.5275%,43.1054%,True,1,CASADEMONT ZARAGOZA,False
LF ENDESA,Liga Regular Único,DURÁN MAQUINARIA ENSINO,15,J. FEQUIERE,86.6009%,56.5915%,False,1,CASADEMONT ZARAGOZA,False
LF ENDESA,Liga Regular Único,DURÁN MAQUINARIA ENSINO,15,J. FEQUIERE,29.055%,82.4296%,False,1,CASADEMONT ZARAGOZA,False
LF ENDESA,Liga Regular Único,DURÁN MAQUINARIA ENSINO,41,L. GIOMI,87.2355%,57.5999%,True,1,CASADEMONT ZARAGOZA,False
LF ENDESA,Liga Regular Único,DURÁN MAQUINARIA ENSINO,41,L. GIOMI,84.7673%,41.3408%,False,1,CASADEMONT ZARAGOZA,False
LF ENDESA,Liga Regular Único,DURÁN MAQUINARIA ENSINO,31,A. ORSILI,17.4894%,67.0528%,False,1,CASADEMONT ZARAGOZA,False
LF ENDESA,Liga Regular Único,DURÁN MAQUINARIA ENSINO,10,M. HAIDARA,14.2454%,44.6178%,False,1,CASADEMONT ZARAGOZA,False
LF ENDESA,Liga Regular Único,DURÁN MAQUINARIA ENSINO,2,I. TATE,12.5529%,40.4585%,True,1,CASADEMONT ZARAGOZA,False
LF ENDESA,Liga Regular Único,DURÁN MAQUINARIA ENSINO,15,J. FEQUIERE,86.3893%,65.4143%,False,1,CASADEMONT ZARAGOZA,False
LF ENDESA,Liga Regular Único,DURÁN MAQUINARIA ENSINO,2,I. TATE,36.8829%,63.6497%,False,1,CASADEMONT ZARAGOZA,False
LF ENDESA,Liga Regular Único,DURÁN MAQUINARIA ENSINO,14,E. GARFELLA BEJAR,35.2609%,55.3312%,True,1,CASADEMONT ZARAGOZA,False
LF ENDESA,Liga Regular Único,DURÁN MAQUINARIA ENSINO,18,A. FLOREZ GETINO,66.3611%,73.7329%,True,1,CASADEMONT ZARAGOZA,False
LF ENDESA,Liga Regular Único,DURÁN MAQUINARIA ENSINO,10,M. HAIDARA,15.7264%,48.273%,False,1,CASADEMONT ZARAGOZA,False
LF ENDESA,Liga Regular Único,DURÁN MAQUINARIA ENSINO,15,J. FEQUIERE,31.1001%,19.1579%,False,1,CASADEMONT ZARAGOZA,False
LF ENDESA,Liga Regular Único,DURÁN MAQUINARIA ENSINO,18,A. FLOREZ GETINO,17.4189%,41.7189%,False,1,CASADEMONT ZARAGOZA,False
LF ENDESA,Liga Regular Único,DURÁN MAQUINARIA ENSINO,41,L. GIOMI,12.4118%,56.7176%,True,1,CASADEMONT ZARAGOZA,False
LF ENDESA,Liga Regular Único,DURÁN MAQUINARIA ENSINO,10,M. HAIDARA,86.3188%,49.2813%,False,1,CASADEMONT ZARAGOZA,False
LF ENDESA,Liga Regular Único,DURÁN MAQUINARIA ENSINO,2,I. TATE,10.9309%,57.8519%,True,1,CASADEMONT ZARAGOZA,False
LF ENDESA,Liga Regular Único,DURÁN MAQUINARIA ENSINO,18,A. FLOREZ GETINO,86.6714%,57.7259%,True,1,CASADEMONT ZARAGOZA,False
LF ENDESA,Liga Regular Único,DURÁN MAQUINARIA ENSINO,2,I. TATE,69.323%,80.9171%,False,1,CASADEMONT ZARAGOZA,False
LF ENDESA,Liga Regular Único,DURÁN MAQUINARIA ENSINO,18,A. FLOREZ GETINO,14.1749%,55.7093%,False,1,CASADEMONT ZARAGOZA,False
LF ENDESA,Liga Regular Único,DURÁN MAQUINARIA ENSINO,15,J. FEQUIERE,17.2779%,58.4821%,False,1,CASADEMONT ZARAGOZA,False
LF ENDESA,Liga Regular Único,DURÁN MAQUINARIA ENSINO,41,L. GIOMI,11.213%,57.978%,False,1,CASADEMONT ZARAGOZA,False
LF ENDESA,Liga Regular Único,DURÁN MAQUINARIA ENSINO,18,A. FLOREZ GETINO,81.3822%,51.2979%,False,1,CASADEMONT ZARAGOZA,False
LF ENDESA,Liga Regular Único,DURÁN MAQUINARIA ENSINO,15,J. FEQUIERE,67.7715%,31.6358%,False,1,CASADEMONT ZARAGOZA,False
LF ENDESA,Liga Regular Único,DURÁN MAQUINARIA ENSINO,31,A. ORSILI,67.7715%,76.6318%,True,1,CASADEMONT ZARAGOZA,False
LF ENDESA,Liga Regular Único,DURÁN MAQUINARIA ENSINO,18,A. FLOREZ GETINO,82.4401%,47.5167%,False,1,CASADEMONT ZARAGOZA,False
LF ENDESA,Liga Regular Único,DURÁN MAQUINARIA ENSINO,14,E. GARFELLA BEJAR,12.976%,59.9946%,False,1,CASADEMONT ZARAGOZA,False
LF ENDESA,Liga Regular Único,DURÁN MAQUINARIA ENSINO,14,E. GARFELLA BEJAR,14.3159%,43.8616%,True,1,CASADEMONT ZARAGOZA,False
LF ENDESA,Liga Regular Único,DURÁN MAQUINARIA ENSINO,18,A. FLOREZ GETINO,86.8829%,45.248%,False,1,CASADEMONT ZARAGOZA,False
LF ENDESA,Liga Regular Único,DURÁN MAQUINARIA ENSINO,41,L. GIOMI,79.5487%,50.5417%,True,1,CASADEMONT ZARAGOZA,False
LF ENDESA,Liga Regular Único,DURÁN MAQUINARIA ENSINO,8,N. BOSCH DURAN,13.9633%,56.3395%,False,1,CASADEMONT ZARAGOZA,False
LF ENDESA,Liga Regular Único,DURÁN MAQUINARIA ENSINO,41,L. GIOMI,10.2962%,74.3631%,True,1,CASADEMONT ZARAGOZA,False
LF ENDESA,Liga Regular Único,DURÁN MAQUINARIA ENSINO,41,L. GIOMI,88.2229%,61.0029%,True,1,CASADEMONT ZARAGOZA,False
LF ENDESA,Liga Regular Único,DURÁN MAQUINARIA ENSINO,18,A. FLOREZ GETINO,85.1199%,48.1469%,False,1,CASADEMONT ZARAGOZA,False
LF ENDESA,Liga Regular Único,DURÁN MAQUINARIA ENSINO,2,I. TATE,85.3315%,44.8699%,False,1,CASADEMONT ZARAGOZA,False
LF ENDESA,Liga Regular Único,DURÁN MAQUINARIA ENSINO,41,L. GIOMI,67.9831%,72.8506%,True,1,CASADEMONT ZARAGOZA,False
LF ENDESA,Liga Regular Único,DURÁN MAQUINARIA ENSINO,18,A. FLOREZ GETINO,68.6178%,26.5942%,False,1,CASADEMONT ZARAGOZA,False
LF ENDESA,Liga Regular Único,DURÁN MAQUINARIA ENSINO,15,J. FEQUIERE,15.8674%,44.7439%,True,1,CASADEMONT ZARAGOZA,False
LF ENDESA,Liga Regular Único,DURÁN MAQUINARIA ENSINO,2,I. TATE,14.9506%,32.7702%,False,1,CASADEMONT ZARAGOZA,False
LF ENDESA,Liga Regular Único,DURÁN MAQUINARIA ENSINO,18,A. FLOREZ GETINO,67.9831%,72.8506%,False,1,CASADEMONT ZARAGOZA,False
LF ENDESA,Liga Regular Único,DURÁN MAQUINARIA ENSINO,2,I. TATE,19.6756%,25.4599%,False,1,CASADEMONT ZARAGOZA,False
LF ENDESA,Liga Regular Único,DURÁN MAQUINARIA ENSINO,15,J. FEQUIERE,16.079%,46.7605%,True,1,CASADEMONT ZARAGOZA,False
LF ENDESA,Liga Regular Único,DURÁN MAQUINARIA ENSINO,15,J. FEQUIERE,69.464%,21.1746%,False,1,CASADEMONT ZARAGOZA,False
LF ENDESA,Liga Regular Único,DURÁN MAQUINARIA ENSINO,41,L. GIOMI,19.6051%,36.6774%,False,1,CASADEMONT ZARAGOZA,False
LF ENDESA,Liga Regular Único,DURÁN MAQUINARIA ENSINO,14,E. GARFELLA BEJAR,32.4401%,23.1912%,False,1,CASADEMONT ZARAGOZA,False
LF ENDESA,Liga Regular Único,DURÁN MAQUINARIA ENSINO,41,L. GIOMI,86.6009%,56.5915%,True,1,CASADEMONT ZARAGOZA,False
LF ENDESA,Liga Regular Único,DURÁN MAQUINARIA ENSINO,2,I. TATE,65.8674%,64.7841%,False,1,CASADEMONT ZARAGOZA,False
LF ENDESA,Liga Regular Único,DURÁN MAQUINARIA ENSINO,8,N. BOSCH DURAN,65.6559%,74.3631%,False,1,CASADEMONT ZARAGOZA,False
LF ENDESA,Liga Regular Único,DURÁN MAQUINARIA ENSINO,2,I. TATE,66.9958%,34.5347%,False,1,CASADEMONT ZARAGOZA,False
LF ENDESA,C.SM Reina 1/2 Final,HOZONO GLOBAL JAIRIS,34,B. MASSEY,7.99547%,48.6277%,True,1,PERFUMERIAS AVENIDA,True
LF ENDESA,C.SM Reina 1/2 Final,HOZONO GLOBAL JAIRIS,6,A. AYUSO BAGUR,92.5055%,48.0528%,True,1,PERFUMERIAS AVENIDA,True
LF ENDESA,C.SM Reina 1/2 Final,HOZONO GLOBAL JAIRIS,4,A. PRIETO MARTINEZ,28.583%,23.1675%,True,1,PERFUMERIAS AVENIDA,True
LF ENDESA,C.SM Reina 1/2 Final,HOZONO GLOBAL JAIRIS,6,A. AYUSO BAGUR,74.4913%,82.7935%,False,1,PERFUMERIAS AVENIDA,True
LF ENDESA,C.SM Reina 1/2 Final,HOZONO GLOBAL JAIRIS,24,M. BERTSCH,93.4245%,93.4703%,True,1,PERFUMERIAS AVENIDA,True
LF ENDESA,C.SM Reina 1/2 Final,HOZONO GLOBAL JAIRIS,11,L. EHK,90.5754%,7.39871%,False,1,PERFUMERIAS AVENIDA,True
LF ENDESA,C.SM Reina 1/2 Final,HOZONO GLOBAL JAIRIS,10,A. MATAIX GUILL,7.90356%,5.75611%,False,1,PERFUMERIAS AVENIDA,True
LF ENDESA,C.SM Reina 1/2 Final,HOZONO GLOBAL JAIRIS,4,A. PRIETO MARTINEZ,68.4254%,28.6702%,False,1,PERFUMERIAS AVENIDA,True
LF ENDESA,C.SM Reina 1/2 Final,HOZONO GLOBAL JAIRIS,30,L. GIL COLLADO,33.1784%,28.2595%,False,1,PERFUMERIAS AVENIDA,True
LF ENDESA,C.SM Reina 1/2 Final,HOZONO GLOBAL JAIRIS,11,L. EHK,30.8807%,68.0102%,True,1,PERFUMERIAS AVENIDA,True
LF ENDESA,C.SM Reina 1/2 Final,HOZONO GLOBAL JAIRIS,6,A. AYUSO BAGUR,5.42203%,47.8064%,True,1,PERFUMERIAS AVENIDA,True
LF ENDESA,C.SM Reina 1/2 Final,HOZONO GLOBAL JAIRIS,6,A. AYUSO BAGUR,5.83559%,55.7729%,False,1,PERFUMERIAS AVENIDA,True
LF ENDESA,C.SM Reina 1/2 Final,HOZONO GLOBAL JAIRIS,30,L. GIL COLLADO,10.9825%,48.9561%,False,1,PERFUMERIAS AVENIDA,True
LF ENDESA,C.SM Reina 1/2 Final,HOZONO GLOBAL JAIRIS,2,T. ALARCON OTERO,7.26018%,60.3722%,True,1,PERFUMERIAS AVENIDA,True
LF ENDESA,C.SM Reina 1/2 Final,HOZONO GLOBAL JAIRIS,4,A. PRIETO MARTINEZ,29.6399%,25.8778%,False,1,PERFUMERIAS AVENIDA,True
LF ENDESA,C.SM Reina 1/2 Final,HOZONO GLOBAL JAIRIS,6,A. AYUSO BAGUR,33.1325%,50.6809%,True,1,PERFUMERIAS AVENIDA,True
LF ENDESA,C.SM Reina 1/2 Final,HOZONO GLOBAL JAIRIS,6,A. AYUSO BAGUR,70.9069%,77.4551%,False,1,PERFUMERIAS AVENIDA,True
LF ENDESA,C.SM Reina 1/2 Final,HOZONO GLOBAL JAIRIS,10,A. MATAIX GUILL,25.0445%,85.668%,True,1,PERFUMERIAS AVENIDA,True
LF ENDESA,C.SM Reina 1/2 Final,HOZONO GLOBAL JAIRIS,24,M. BERTSCH,7.71974%,52.9805%,True,1,PERFUMERIAS AVENIDA,True
LF ENDESA,C.SM Reina 1/2 Final,HOZONO GLOBAL JAIRIS,24,M. BERTSCH,84.8771%,45.0961%,False,1,PERFUMERIAS AVENIDA,True
LF ENDESA,C.SM Reina 1/2 Final,HOZONO GLOBAL JAIRIS,4,A. PRIETO MARTINEZ,69.5742%,29.3273%,False,1,PERFUMERIAS AVENIDA,True
LF ENDESA,C.SM Reina 1/2 Final,HOZONO GLOBAL JAIRIS,4,A. PRIETO MARTINEZ,93.7003%,72.3631%,False,1,PERFUMERIAS AVENIDA,True
LF ENDESA,C.SM Reina 1/2 Final,HOZONO GLOBAL JAIRIS,30,L. GIL COLLADO,92.4136%,60.0437%,False,1,PERFUMERIAS AVENIDA,True
LF ENDESA,C.SM Reina 1/2 Final,HOZONO GLOBAL JAIRIS,24,M. BERTSCH,92.6433%,53.5554%,False,1,PERFUMERIAS AVENIDA,True
LF ENDESA,C.SM Reina 1/2 Final,HOZONO GLOBAL JAIRIS,6,A. AYUSO BAGUR,6.61684%,40.4968%,False,1,PERFUMERIAS AVENIDA,True
LF ENDESA,C.SM Reina 1/2 Final,HOZONO GLOBAL JAIRIS,30,L. GIL COLLADO,6.38706%,49.5311%,False,1,PERFUMERIAS AVENIDA,True
LF ENDESA,C.SM Reina 1/2 Final,HOZONO GLOBAL JAIRIS,24,M. BERTSCH,8.45498%,49.9418%,True,1,PERFUMERIAS AVENIDA,True
LF ENDESA,C.SM Reina 1/2 Final,HOZONO GLOBAL JAIRIS,10,A. MATAIX GUILL,91.6783%,93.2239%,True,1,PERFUMERIAS AVENIDA,True
LF ENDESA,C.SM Reina 1/2 Final,HOZONO GLOBAL JAIRIS,24,M. BERTSCH,91.0809%,52.3235%,True,1,PERFUMERIAS AVENIDA,True
LF ENDESA,C.SM Reina 1/2 Final,HOZONO GLOBAL JAIRIS,4,A. PRIETO MARTINEZ,72.0098%,24.8101%,False,1,PERFUMERIAS AVENIDA,True
LF ENDESA,C.SM Reina 1/2 Final,HOZONO GLOBAL JAIRIS,10,A. MATAIX GUILL,13.9695%,61.4399%,False,1,PERFUMERIAS AVENIDA,True
LF ENDESA,C.SM Reina 1/2 Final,HOZONO GLOBAL JAIRIS,10,A. MATAIX GUILL,64.9788%,50.5166%,False,1,PERFUMERIAS AVENIDA,True
LF ENDESA,C.SM Reina 1/2 Final,HOZONO GLOBAL JAIRIS,1,M. MANE,68.0118%,33.8444%,False,1,PERFUMERIAS AVENIDA,True
LF ENDESA,C.SM Reina 1/2 Final,HOZONO GLOBAL JAIRIS,4,A. PRIETO MARTINEZ,8.73072%,48.7919%,False,1,PERFUMERIAS AVENIDA,True
LF ENDESA,C.SM Reina 1/2 Final,HOZONO GLOBAL JAIRIS,10,A. MATAIX GUILL,21.1384%,75.7304%,False,1,PERFUMERIAS AVENIDA,True
LF ENDESA,C.SM Reina 1/2 Final,HOZONO GLOBAL JAIRIS,10,A. MATAIX GUILL,85.8421%,6.6595%,False,1,PERFUMERIAS AVENIDA,True
LF ENDESA,C.SM Reina 1/2 Final,HOZONO GLOBAL JAIRIS,4,A. PRIETO MARTINEZ,17.5539%,44.8497%,False,1,PERFUMERIAS AVENIDA,True
LF ENDESA,C.SM Reina 1/2 Final,HOZONO GLOBAL JAIRIS,24,M. BERTSCH,8.45498%,48.5456%,False,1,PERFUMERIAS AVENIDA,True
LF ENDESA,C.SM Reina 1/2 Final,HOZONO GLOBAL JAIRIS,10,A. MATAIX GUILL,11.5799%,53.309%,False,1,PERFUMERIAS AVENIDA,True
LF ENDESA,C.SM Reina 1/2 Final,HOZONO GLOBAL JAIRIS,11,L. EHK,14.7048%,46.8208%,False,1,PERFUMERIAS AVENIDA,True
LF ENDESA,C.SM Reina 1/2 Final,HOZONO GLOBAL JAIRIS,24,M. BERTSCH,91.908%,52.5699%,True,1,PERFUMERIAS AVENIDA,True
LF ENDESA,C.SM Reina 1/2 Final,HOZONO GLOBAL JAIRIS,4,A. PRIETO MARTINEZ,16.5889%,41.4002%,False,1,PERFUMERIAS AVENIDA,True
LF ENDESA,C.SM Reina 1/2 Final,HOZONO GLOBAL JAIRIS,2,T. ALARCON OTERO,91.1728%,4.11351%,True,1,PERFUMERIAS AVENIDA,True
LF ENDESA,C.SM Reina 1/2 Final,HOZONO GLOBAL JAIRIS,2,T. ALARCON OTERO,65.9898%,51.6664%,True,1,PERFUMERIAS AVENIDA,True
LF ENDESA,C.SM Reina 1/2 Final,HOZONO GLOBAL JAIRIS,34,B. MASSEY,67.0008%,30.1485%,True,1,PERFUMERIAS AVENIDA,True
LF ENDESA,C.SM Reina 1/2 Final,HOZONO GLOBAL JAIRIS,34,B. MASSEY,8.82263%,56.9227%,False,1,PERFUMERIAS AVENIDA,True
LF ENDESA,C.SM Reina 1/2 Final,HOZONO GLOBAL JAIRIS,24,M. BERTSCH,11.9016%,79.4262%,True,1,PERFUMERIAS AVENIDA,True
LF ENDESA,C.SM Reina 1/2 Final,HOZONO GLOBAL JAIRIS,4,A. PRIETO MARTINEZ,80.0518%,9.9447%,False,1,PERFUMERIAS AVENIDA,True
LF ENDESA,C.SM Reina 1/2 Final,HOZONO GLOBAL JAIRIS,2,T. ALARCON OTERO,28.7668%,72.4452%,False,1,PERFUMERIAS AVENIDA,True
LF ENDESA,C.SM Reina 1/2 Final,HOZONO GLOBAL JAIRIS,11,L. EHK,26.8367%,18.6504%,True,1,PERFUMERIAS AVENIDA,True
LF ENDESA,C.SM Reina 1/2 Final,HOZONO GLOBAL JAIRIS,6,A. AYUSO BAGUR,31.7539%,72.1167%,False,1,PERFUMERIAS AVENIDA,True
LF ENDESA,C.SM Reina 1/2 Final,HOZONO GLOBAL JAIRIS,10,A. MATAIX GUILL,32.6729%,64.7251%,False,1,PERFUMERIAS AVENIDA,True
LF ENDESA,C.SM Reina 1/2 Final,HOZONO GLOBAL JAIRIS,1,M. MANE,31.2024%,26.617%,False,1,PERFUMERIAS AVENIDA,True
LF ENDESA,C.SM Reina 1/2 Final,HOZONO GLOBAL JAIRIS,6,A. AYUSO BAGUR,18.6569%,53.2269%,False,1,PERFUMERIAS AVENIDA,True
LF ENDESA,C.SM Reina 1/2 Final,HOZONO GLOBAL JAIRIS,11,L. EHK,90.7132%,35.6512%,False,1,PERFUMERIAS AVENIDA,True
LF ENDESA,C.SM Reina 1/2 Final,HOZONO GLOBAL JAIRIS,4,A. PRIETO MARTINEZ,9.46601%,48.1349%,True,1,PERFUMERIAS AVENIDA,True
LF ENDESA,C.SM Reina 1/2 Final,HOZONO GLOBAL JAIRIS,6,A. AYUSO BAGUR,91.2187%,55.7729%,True,1,PERFUMERIAS AVENIDA,True
LF ENDESA,C.SM Reina 1/2 Final,HOZONO GLOBAL JAIRIS,1,M. MANE,67.6901%,67.9281%,True,1,PERFUMERIAS AVENIDA,True
LF ENDESA,C.SM Reina 1/2 Final,PERFUMERIAS AVENIDA,10,I. MARTIN CARRION,92.5974%,46.4102%,True,1,HOZONO GLOBAL JAIRIS,False
LF ENDESA,C.SM Reina 1/2 Final,PERFUMERIAS AVENIDA,10,I. MARTIN CARRION,16.9566%,66.7782%,True,1,HOZONO GLOBAL JAIRIS,False
LF ENDESA,C.SM Reina 1/2 Final,PERFUMERIAS AVENIDA,11,S. ZELLOUS,73.9859%,85.9965%,True,1,HOZONO GLOBAL JAIRIS,False
LF ENDESA,C.SM Reina 1/2 Final,PERFUMERIAS AVENIDA,13,A. VILARO ARAGONES,7.444%,60.2079%,False,1,HOZONO GLOBAL JAIRIS,False
LF ENDESA,C.SM Reina 1/2 Final,PERFUMERIAS AVENIDA,55,K. CAVE,7.48996%,56.0193%,False,1,HOZONO GLOBAL JAIRIS,False
LF ENDESA,C.SM Reina 1/2 Final,PERFUMERIAS AVENIDA,10,I. MARTIN CARRION,91.5864%,46.4102%,True,1,HOZONO GLOBAL JAIRIS,False
LF ENDESA,C.SM Reina 1/2 Final,PERFUMERIAS AVENIDA,10,I. MARTIN CARRION,9.78766%,50.106%,False,1,HOZONO GLOBAL JAIRIS,False
LF ENDESA,C.SM Reina 1/2 Final,PERFUMERIAS AVENIDA,55,K. CAVE,6.98444%,47.7242%,True,1,HOZONO GLOBAL JAIRIS,False
LF ENDESA,C.SM Reina 1/2 Final,PERFUMERIAS AVENIDA,10,I. MARTIN CARRION,7.94951%,50.1881%,True,1,HOZONO GLOBAL JAIRIS,False
LF ENDESA,C.SM Reina 1/2 Final,PERFUMERIAS AVENIDA,3,L. SPREAFICO,3.44597%,95.0308%,False,1,HOZONO GLOBAL JAIRIS,False
LF ENDESA,C.SM Reina 1/2 Final,PERFUMERIAS AVENIDA,55,K. CAVE,7.39804%,47.3957%,False,1,HOZONO GLOBAL JAIRIS,False
LF ENDESA,C.SM Reina 1/2 Final,PERFUMERIAS AVENIDA,11,S. ZELLOUS,80.4195%,27.5204%,False,1,HOZONO GLOBAL JAIRIS,False
LF ENDESA,C.SM Reina 1/2 Final,PERFUMERIAS AVENIDA,2,R. MAGARITY,8.36307%,48.6277%,True,1,HOZONO GLOBAL JAIRIS,False
LF ENDESA,C.SM Reina 1/2 Final,PERFUMERIAS AVENIDA,13,A. VILARO ARAGONES,84.3256%,50.8451%,False,1,HOZONO GLOBAL JAIRIS,False
LF ENDESA,C.SM Reina 1/2 Final,PERFUMERIAS AVENIDA,3,L. SPREAFICO,69.0687%,27.7668%,True,1,HOZONO GLOBAL JAIRIS,False
LF ENDESA,C.SM Reina 1/2 Final,PERFUMERIAS AVENIDA,12,A. MEYERS,6.52493%,49.2025%,True,1,HOZONO GLOBAL JAIRIS,False
LF ENDESA,C.SM Reina 1/2 Final,PERFUMERIAS AVENIDA,13,A. VILARO ARAGONES,70.6771%,83.6148%,True,1,HOZONO GLOBAL JAIRIS,False
LF ENDESA,C.SM Reina 1/2 Final,PERFUMERIAS AVENIDA,2,R. MAGARITY,6.57088%,6.33097%,False,1,HOZONO GLOBAL JAIRIS,False
LF ENDESA,C.SM Reina 1/2 Final,PERFUMERIAS AVENIDA,10,I. MARTIN CARRION,7.62782%,48.4634%,True,1,HOZONO GLOBAL JAIRIS,False
LF ENDESA,C.SM Reina 1/2 Final,PERFUMERIAS AVENIDA,2,R. MAGARITY,80.5573%,74.3342%,False,1,HOZONO GLOBAL JAIRIS,False
LF ENDESA,C.SM Reina 1/2 Final,PERFUMERIAS AVENIDA,2,R. MAGARITY,7.07635%,68.0102%,True,1,HOZONO GLOBAL JAIRIS,False
LF ENDESA,C.SM Reina 1/2 Final,PERFUMERIAS AVENIDA,10,I. MARTIN CARRION,88.4615%,31.7911%,False,1,HOZONO GLOBAL JAIRIS,False
LF ENDESA,C.SM Reina 1/2 Final,PERFUMERIAS AVENIDA,55,K. CAVE,77.4324%,52.9805%,False,1,HOZONO GLOBAL JAIRIS,False
LF ENDESA,C.SM Reina 1/2 Final,PERFUMERIAS AVENIDA,2,R. MAGARITY,92%,58.3189%,False,1,HOZONO GLOBAL JAIRIS,False
LF ENDESA,C.SM Reina 1/2 Final,PERFUMERIAS AVENIDA,23,V. TAKACS-KISS,90.1159%,23.1675%,False,1,HOZONO GLOBAL JAIRIS,False
LF ENDESA,C.SM Reina 1/2 Final,PERFUMERIAS AVENIDA,23,V. TAKACS-KISS,8.40903%,39.9219%,False,1,HOZONO GLOBAL JAIRIS,False
LF ENDESA,C.SM Reina 1/2 Final,PERFUMERIAS AVENIDA,2,R. MAGARITY,91.6323%,79.8368%,False,1,HOZONO GLOBAL JAIRIS,False
LF ENDESA,C.SM Reina 1/2 Final,PERFUMERIAS AVENIDA,12,A. MEYERS,31.4781%,66.1213%,False,1,HOZONO GLOBAL JAIRIS,False
LF ENDESA,C.SM Reina 1/2 Final,PERFUMERIAS AVENIDA,10,I. MARTIN CARRION,87.4505%,47.7242%,True,1,HOZONO GLOBAL JAIRIS,False
LF ENDESA,C.SM Reina 1/2 Final,PERFUMERIAS AVENIDA,10,I. MARTIN CARRION,74.2157%,58.8939%,False,1,HOZONO GLOBAL JAIRIS,False
LF ENDESA,C.SM Reina 1/2 Final,PERFUMERIAS AVENIDA,2,R. MAGARITY,91.8621%,33.7623%,True,1,HOZONO GLOBAL JAIRIS,False
LF ENDESA,C.SM Reina 1/2 Final,PERFUMERIAS AVENIDA,3,L. SPREAFICO,29.9616%,26.2885%,True,1,HOZONO GLOBAL JAIRIS,False
LF ENDESA,C.SM Reina 1/2 Final,PERFUMERIAS AVENIDA,12,A. MEYERS,73.4804%,53.5554%,True,1,HOZONO GLOBAL JAIRIS,False
LF ENDESA,C.SM Reina 1/2 Final,PERFUMERIAS AVENIDA,2,R. MAGARITY,79.9599%,74.7448%,True,1,HOZONO GLOBAL JAIRIS,False
LF ENDESA,C.SM Reina 1/2 Final,PERFUMERIAS AVENIDA,55,K. CAVE,7.444%,48.217%,True,1,HOZONO GLOBAL JAIRIS,False
LF ENDESA,C.SM Reina 1/2 Final,PERFUMERIAS AVENIDA,13,A. VILARO ARAGONES,19.6219%,72.1988%,True,1,HOZONO GLOBAL JAIRIS,False
LF ENDESA,C.SM Reina 1/2 Final,PERFUMERIAS AVENIDA,13,A. VILARO ARAGONES,22.0115%,40.2504%,False,1,HOZONO GLOBAL JAIRIS,False
LF ENDESA,C.SM Reina 1/2 Final,PERFUMERIAS AVENIDA,55,K. CAVE,9.60384%,49.6954%,False,1,HOZONO GLOBAL JAIRIS,False
LF ENDESA,C.SM Reina 1/2 Final,PERFUMERIAS AVENIDA,2,R. MAGARITY,91.2187%,53.4733%,True,1,HOZONO GLOBAL JAIRIS,False
LF ENDESA,C.SM Reina 1/2 Final,PERFUMERIAS AVENIDA,14,M. DJALDI-TABDI,91.1728%,46.0816%,False,1,HOZONO GLOBAL JAIRIS,False
LF ENDESA,C.SM Reina 1/2 Final,PERFUMERIAS AVENIDA,13,A. VILARO ARAGONES,21.0005%,34.4192%,False,1,HOZONO GLOBAL JAIRIS,False
LF ENDESA,C.SM Reina 1/2 Final,PERFUMERIAS AVENIDA,10,I. MARTIN CARRION,72.7451%,82.3008%,True,1,HOZONO GLOBAL JAIRIS,False
LF ENDESA,C.SM Reina 1/2 Final,PERFUMERIAS AVENIDA,14,M. DJALDI-TABDI,6.66279%,49.2847%,True,1,HOZONO GLOBAL JAIRIS,False
LF ENDESA,C.SM Reina 1/2 Final,PERFUMERIAS AVENIDA,3,L. SPREAFICO,30.5131%,29.3273%,False,1,HOZONO GLOBAL JAIRIS,False
LF ENDESA,C.SM Reina 1/2 Final,PERFUMERIAS AVENIDA,10,I. MARTIN CARRION,64.3355%,42.7144%,False,1,HOZONO GLOBAL JAIRIS,False
LF ENDESA,C.SM Reina 1/2 Final,PERFUMERIAS AVENIDA,2,R. MAGARITY,19.7598%,25.4671%,False,1,HOZONO GLOBAL JAIRIS,False
LF ENDESA,C.SM Reina 1/2 Final,PERFUMERIAS AVENIDA,2,R. MAGARITY,9.7417%,47.0672%,True,1,HOZONO GLOBAL JAIRIS,False
LF ENDESA,C.SM Reina 1/2 Final,PERFUMERIAS AVENIDA,12,A. MEYERS,79.4544%,28.4238%,False,1,HOZONO GLOBAL JAIRIS,False
LF ENDESA,C.SM Reina 1/2 Final,PERFUMERIAS AVENIDA,2,R. MAGARITY,13.3262%,50.1881%,True,1,HOZONO GLOBAL JAIRIS,False
LF ENDESA,C.SM Reina 1/2 Final,PERFUMERIAS AVENIDA,23,V. TAKACS-KISS,69.2526%,73.9235%,False,1,HOZONO GLOBAL JAIRIS,False
LF ENDESA,C.SM Reina 1/2 Final,PERFUMERIAS AVENIDA,2,R. MAGARITY,94.5274%,52.1592%,True,1,HOZONO GLOBAL JAIRIS,False
LF ENDESA,C.SM Reina 1/2 Final,PERFUMERIAS AVENIDA,12,A. MEYERS,6.29515%,48.5456%,True,1,HOZONO GLOBAL JAIRIS,False
LF ENDESA,C.SM Reina 1/2 Final,PERFUMERIAS AVENIDA,55,K. CAVE,8.31712%,48.874%,True,1,HOZONO GLOBAL JAIRIS,False
LF ENDESA,C.SM Reina 1/2 Final,PERFUMERIAS AVENIDA,55,K. CAVE,6.84657%,21.3607%,False,1,HOZONO GLOBAL JAIRIS,False
LF ENDESA,C.SM Reina 1/2 Final,PERFUMERIAS AVENIDA,2,R. MAGARITY,9.7417%,53.9661%,False,1,HOZONO GLOBAL JAIRIS,False
LF ENDESA,C.SM Reina 1/2 Final,PERFUMERIAS AVENIDA,10,I. MARTIN CARRION,76.1917%,62.5897%,True,1,HOZONO GLOBAL JAIRIS,False
LF ENDESA,C.SM Reina 1/2 Final,PERFUMERIAS AVENIDA,13,A. VILARO ARAGONES,78.5353%,35.8154%,False,1,HOZONO GLOBAL JAIRIS,False
LF ENDESA,C.SM Reina 1/2 Final,PERFUMERIAS AVENIDA,13,A. VILARO ARAGONES,55.0986%,22.4283%,False,1,HOZONO GLOBAL JAIRIS,False
LF ENDESA,C.SM Reina 1/2 Final,PERFUMERIAS AVENIDA,2,R. MAGARITY,90.5294%,54.0482%,False,1,HOZONO GLOBAL JAIRIS,False
LF ENDESA,C.SM Reina 1/2 Final,PERFUMERIAS AVENIDA,3,L. SPREAFICO,69.4364%,79.0977%,False,1,HOZONO GLOBAL JAIRIS,False
LF ENDESA,C.SM Reina 1/2 Final,PERFUMERIAS AVENIDA,23,V. TAKACS-KISS,7.35209%,50.0239%,True,1,HOZONO GLOBAL JAIRIS,False
LF ENDESA,C.SM Reina 1/2 Final,PERFUMERIAS AVENIDA,10,I. MARTIN CARRION,32.2593%,54.0482%,True,1,HOZONO GLOBAL JAIRIS,False
LF ENDESA,C.SM Reina 1/4 Final,VALENCIA B.C.,24,H. BEN ABDELKADER,65.806%,77.373%,False,1,DURÁN MAQUINARIA ENSINO,True
LF ENDESA,C.SM Reina 1/4 Final,VALENCIA B.C.,10,L. ROMERO GONZALEZ,84.6013%,59.633%,False,1,DURÁN MAQUINARIA ENSINO,True
LF ENDESA,C.SM Reina 1/4 Final,VALENCIA B.C.,14,R. CARRERA QUINTANA,67.0927%,12.1622%,True,1,DURÁN MAQUINARIA ENSINO,True
LF ENDESA,C.SM Reina 1/4 Final,VALENCIA B.C.,13,L. FIEBICH,20.3572%,45.7531%,False,1,DURÁN MAQUINARIA ENSINO,True
LF ENDESA,C.SM Reina 1/4 Final,VALENCIA B.C.,13,L. FIEBICH,62.8649%,25.6314%,True,1,DURÁN MAQUINARIA ENSINO,True
LF ENDESA,C.SM Reina 1/4 Final,VALENCIA B.C.,0,K. HILLSMAN,91.3107%,48.6277%,True,1,DURÁN MAQUINARIA ENSINO,True
LF ENDESA,C.SM Reina 1/4 Final,VALENCIA B.C.,1,I. ANDERSON,86.1638%,78.7692%,False,1,DURÁN MAQUINARIA ENSINO,True
LF ENDESA,C.SM Reina 1/4 Final,VALENCIA B.C.,9,Q. CASAS CARRERAS,10.9825%,50.6809%,False,1,DURÁN MAQUINARIA ENSINO,True
LF ENDESA,C.SM Reina 1/4 Final,VALENCIA B.C.,11,A. FAM THIAM,13.0045%,46.328%,True,1,DURÁN MAQUINARIA ENSINO,True
LF ENDESA,C.SM Reina 1/4 Final,VALENCIA B.C.,12,N. COFFEY,86.1638%,31.4626%,False,1,DURÁN MAQUINARIA ENSINO,True
LF ENDESA,C.SM Reina 1/4 Final,VALENCIA B.C.,1,I. ANDERSON,36.4871%,70.5562%,False,1,DURÁN MAQUINARIA ENSINO,True
LF ENDESA,C.SM Reina 1/4 Final,VALENCIA B.C.,14,R. CARRERA QUINTANA,11.1663%,47.6421%,True,1,DURÁN MAQUINARIA ENSINO,True
LF ENDESA,C.SM Reina 1/4 Final,VALENCIA B.C.,14,R. CARRERA QUINTANA,7.99547%,49.2847%,True,1,DURÁN MAQUINARIA ENSINO,True
LF ENDESA,C.SM Reina 1/4 Final,VALENCIA B.C.,0,K. HILLSMAN,9.97148%,48.3813%,True,1,DURÁN MAQUINARIA ENSINO,True
LF ENDESA,C.SM Reina 1/4 Final,VALENCIA B.C.,6,E. BUENAVIDA ESTEVEZ,89.978%,46.6566%,False,1,DURÁN MAQUINARIA ENSINO,True
LF ENDESA,C.SM Reina 1/4 Final,VALENCIA B.C.,10,L. ROMERO GONZALEZ,64.5652%,17.8291%,False,1,DURÁN MAQUINARIA ENSINO,True
LF ENDESA,C.SM Reina 1/4 Final,VALENCIA B.C.,0,K. HILLSMAN,16.7727%,47.8064%,True,1,DURÁN MAQUINARIA ENSINO,True
LF ENDESA,C.SM Reina 1/4 Final,VALENCIA B.C.,11,A. FAM THIAM,41.1285%,26.2885%,False,1,DURÁN MAQUINARIA ENSINO,True
LF ENDESA,C.SM Reina 1/4 Final,VALENCIA B.C.,6,E. BUENAVIDA ESTEVEZ,36.3952%,73.2665%,False,1,DURÁN MAQUINARIA ENSINO,True
LF ENDESA,C.SM Reina 1/4 Final,VALENCIA B.C.,0,K. HILLSMAN,88.2317%,53.3911%,True,1,DURÁN MAQUINARIA ENSINO,True
LF ENDESA,C.SM Reina 1/4 Final,VALENCIA B.C.,1,I. ANDERSON,84.6473%,47.3957%,True,1,DURÁN MAQUINARIA ENSINO,True
LF ENDESA,C.SM Reina 1/4 Final,VALENCIA B.C.,13,L. FIEBICH,88.4155%,57.087%,True,1,DURÁN MAQUINARIA ENSINO,True
LF ENDESA,C.SM Reina 1/4 Final,VALENCIA B.C.,24,H. BEN ABDELKADER,35.7978%,78.03%,True,1,DURÁN MAQUINARIA ENSINO,True
LF ENDESA,C.SM Reina 1/4 Final,VALENCIA B.C.,0,K. HILLSMAN,89.7942%,53.5554%,True,1,DURÁN MAQUINARIA ENSINO,True
LF ENDESA,C.SM Reina 1/4 Final,VALENCIA B.C.,13,L. FIEBICH,89.7022%,73.9235%,False,1,DURÁN MAQUINARIA ENSINO,True
LF ENDESA,C.SM Reina 1/4 Final,VALENCIA B.C.,13,L. FIEBICH,67.0927%,12.1622%,False,1,DURÁN MAQUINARIA ENSINO,True
LF ENDESA,C.SM Reina 1/4 Final,VALENCIA B.C.,0,K. HILLSMAN,5.46799%,51.7485%,True,1,DURÁN MAQUINARIA ENSINO,True
LF ENDESA,C.SM Reina 1/4 Final,VALENCIA B.C.,14,R. CARRERA QUINTANA,17.508%,47.4778%,False,1,DURÁN MAQUINARIA ENSINO,True
LF ENDESA,C.SM Reina 1/4 Final,VALENCIA B.C.,8,M. PEREZ ARAUJO,40.7149%,27.274%,False,1,DURÁN MAQUINARIA ENSINO,True
LF ENDESA,C.SM Reina 1/4 Final,VALENCIA B.C.,6,E. BUENAVIDA ESTEVEZ,93.8841%,53.8018%,True,1,DURÁN MAQUINARIA ENSINO,True
LF ENDESA,C.SM Reina 1/4 Final,VALENCIA B.C.,13,L. FIEBICH,66.4493%,18.6504%,True,1,DURÁN MAQUINARIA ENSINO,True
LF ENDESA,C.SM Reina 1/4 Final,VALENCIA B.C.,8,M. PEREZ ARAUJO,82.1198%,53.8839%,False,1,DURÁN MAQUINARIA ENSINO,True
LF ENDESA,C.SM Reina 1/4 Final,VALENCIA B.C.,12,N. COFFEY,82.5334%,51.9128%,True,1,DURÁN MAQUINARIA ENSINO,True
LF ENDESA,C.SM Reina 1/4 Final,VALENCIA B.C.,6,E. BUENAVIDA ESTEVEZ,92.2297%,49.6954%,True,1,DURÁN MAQUINARIA ENSINO,True
LF ENDESA,C.SM Reina 1/4 Final,VALENCIA B.C.,6,E. BUENAVIDA ESTEVEZ,62.9109%,29.7379%,False,1,DURÁN MAQUINARIA ENSINO,True
LF ENDESA,C.SM Reina 1/4 Final,VALENCIA B.C.,10,L. ROMERO GONZALEZ,37.9577%,29.9843%,True,1,DURÁN MAQUINARIA ENSINO,True
LF ENDESA,C.SM Reina 1/4 Final,VALENCIA B.C.,11,A. FAM THIAM,9.64979%,54.1303%,True,1,DURÁN MAQUINARIA ENSINO,True
LF ENDESA,C.SM Reina 1/4 Final,VALENCIA B.C.,13,L. FIEBICH,63.784%,72.7737%,False,1,DURÁN MAQUINARIA ENSINO,True
LF ENDESA,C.SM Reina 1/4 Final,VALENCIA B.C.,13,L. FIEBICH,65.1167%,12.5728%,True,1,DURÁN MAQUINARIA ENSINO,True
LF ENDESA,C.SM Reina 1/4 Final,VALENCIA B.C.,10,L. ROMERO GONZALEZ,66.817%,81.9722%,False,1,DURÁN MAQUINARIA ENSINO,True
LF ENDESA,C.SM Reina 1/4 Final,VALENCIA B.C.,13,L. FIEBICH,38.0036%,59.4687%,True,1,DURÁN MAQUINARIA ENSINO,True
LF ENDESA,C.SM Reina 1/4 Final,VALENCIA B.C.,12,N. COFFEY,64.795%,75.6482%,True,1,DURÁN MAQUINARIA ENSINO,True
LF ENDESA,C.SM Reina 1/4 Final,VALENCIA B.C.,8,M. PEREZ ARAUJO,19.2543%,40.579%,False,1,DURÁN MAQUINARIA ENSINO,True
LF ENDESA,C.SM Reina 1/4 Final,VALENCIA B.C.,1,I. ANDERSON,90.4375%,60.1258%,False,1,DURÁN MAQUINARIA ENSINO,True
LF ENDESA,C.SM Reina 1/4 Final,VALENCIA B.C.,13,L. FIEBICH,92.1838%,49.3668%,False,1,DURÁN MAQUINARIA ENSINO,True
LF ENDESA,C.SM Reina 1/4 Final,VALENCIA B.C.,6,E. BUENAVIDA ESTEVEZ,65.7141%,18.404%,False,1,DURÁN MAQUINARIA ENSINO,True
LF ENDESA,C.SM Reina 1/4 Final,VALENCIA B.C.,12,N. COFFEY,66.2196%,14.8724%,False,1,DURÁN MAQUINARIA ENSINO,True
LF ENDESA,C.SM Reina 1/4 Final,VALENCIA B.C.,11,A. FAM THIAM,60.4753%,51.2558%,False,1,DURÁN MAQUINARIA ENSINO,True
LF ENDESA,C.SM Reina 1/4 Final,VALENCIA B.C.,6,E. BUENAVIDA ESTEVEZ,18.7028%,49.2847%,False,1,DURÁN MAQUINARIA ENSINO,True
LF ENDESA,C.SM Reina 1/4 Final,VALENCIA B.C.,1,I. ANDERSON,19.3002%,44.0284%,False,1,DURÁN MAQUINARIA ENSINO,True
LF ENDESA,C.SM Reina 1/4 Final,VALENCIA B.C.,13,L. FIEBICH,64.2895%,56.6763%,False,1,DURÁN MAQUINARIA ENSINO,True
LF ENDESA,C.SM Reina 1/4 Final,VALENCIA B.C.,12,N. COFFEY,40.7149%,27.274%,True,1,DURÁN MAQUINARIA ENSINO,True
LF ENDESA,C.SM Reina 1/4 Final,VALENCIA B.C.,6,E. BUENAVIDA ESTEVEZ,95.4006%,54.1303%,True,1,DURÁN MAQUINARIA ENSINO,True
LF ENDESA,C.SM Reina 1/4 Final,VALENCIA B.C.,8,M. PEREZ ARAUJO,31.4322%,13.8048%,False,1,DURÁN MAQUINARIA ENSINO,True
LF ENDESA,C.SM Reina 1/4 Final,VALENCIA B.C.,11,A. FAM THIAM,64.2895%,48.5456%,False,1,DURÁN MAQUINARIA ENSINO,True
LF ENDESA,C.SM Reina 1/4 Final,VALENCIA B.C.,6,E. BUENAVIDA ESTEVEZ,36.625%,64.9715%,True,1,DURÁN MAQUINARIA ENSINO,True
LF ENDESA,C.SM Reina 1/4 Final,VALENCIA B.C.,12,N. COFFEY,88.5993%,50.0239%,True,1,DURÁN MAQUINARIA ENSINO,True
LF ENDESA,C.SM Reina 1/4 Final,VALENCIA B.C.,11,A. FAM THIAM,14.6129%,47.0672%,True,1,DURÁN MAQUINARIA ENSINO,True
LF ENDESA,C.SM Reina 1/4 Final,DURÁN MAQUINARIA ENSINO,3,H. VAN SCHAIK,65.76%,17.6649%,False,1,VALENCIA B.C.,False
LF ENDESA,C.SM Reina 1/4 Final,DURÁN MAQUINARIA ENSINO,14,E. GARFELLA BEJAR,30.1454%,11.423%,True,1,VALENCIA B.C.,False
LF ENDESA,C.SM Reina 1/4 Final,DURÁN MAQUINARIA ENSINO,41,L. GIOMI,83.866%,66.3677%,True,1,VALENCIA B.C.,False
LF ENDESA,C.SM Reina 1/4 Final,DURÁN MAQUINARIA ENSINO,2,I. TATE,81.89%,66.2034%,False,1,VALENCIA B.C.,False
LF ENDESA,C.SM Reina 1/4 Final,DURÁN MAQUINARIA ENSINO,31,A. ORSILI,83.866%,59.7151%,True,1,VALENCIA B.C.,False
LF ENDESA,C.SM Reina 1/4 Final,DURÁN MAQUINARIA ENSINO,2,I. TATE,83.3606%,47.4778%,True,1,VALENCIA B.C.,False
LF ENDESA,C.SM Reina 1/4 Final,DURÁN MAQUINARIA ENSINO,2,I. TATE,83.6822%,43.125%,True,1,VALENCIA B.C.,False
LF ENDESA,C.SM Reina 1/4 Final,DURÁN MAQUINARIA ENSINO,18,A. FLOREZ GETINO,65.9898%,19.8002%,True,1,VALENCIA B.C.,False
LF ENDESA,C.SM Reina 1/4 Final,DURÁN MAQUINARIA ENSINO,18,A. FLOREZ GETINO,5.1463%,48.3813%,True,1,VALENCIA B.C.,False
LF ENDESA,C.SM Reina 1/4 Final,DURÁN MAQUINARIA ENSINO,41,L. GIOMI,17.0025%,49.2847%,True,1,VALENCIA B.C.,False
LF ENDESA,C.SM Reina 1/4 Final,DURÁN MAQUINARIA ENSINO,18,A. FLOREZ GETINO,83.4525%,38.033%,False,1,VALENCIA B.C.,False
LF ENDESA,C.SM Reina 1/4 Final,DURÁN MAQUINARIA ENSINO,2,I. TATE,89.5644%,51.6664%,False,1,VALENCIA B.C.,False
LF ENDESA,C.SM Reina 1/4 Final,DURÁN MAQUINARIA ENSINO,10,M. HAIDARA,65.1626%,71.1311%,False,1,VALENCIA B.C.,False
LF ENDESA,C.SM Reina 1/4 Final,DURÁN MAQUINARIA ENSINO,31,A. ORSILI,67.1387%,13.3941%,False,1,VALENCIA B.C.,False
LF ENDESA,C.SM Reina 1/4 Final,DURÁN MAQUINARIA ENSINO,18,A. FLOREZ GETINO,13.9695%,45.8352%,True,1,VALENCIA B.C.,False
LF ENDESA,C.SM Reina 1/4 Final,DURÁN MAQUINARIA ENSINO,41,L. GIOMI,18.1514%,40.1683%,False,1,VALENCIA B.C.,False
LF ENDESA,C.SM Reina 1/4 Final,DURÁN MAQUINARIA ENSINO,18,A. FLOREZ GETINO,13.0045%,42.3858%,True,1,VALENCIA B.C.,False
LF ENDESA,C.SM Reina 1/4 Final,DURÁN MAQUINARIA ENSINO,10,M. HAIDARA,89.7482%,53.5554%,False,1,VALENCIA B.C.,False
LF ENDESA,C.SM Reina 1/4 Final,DURÁN MAQUINARIA ENSINO,15,J. FEQUIERE,85.1528%,30.8877%,False,1,VALENCIA B.C.,False
LF ENDESA,C.SM Reina 1/4 Final,DURÁN MAQUINARIA ENSINO,41,L. GIOMI,18.1054%,48.217%,False,1,VALENCIA B.C.,False
LF ENDESA,C.SM Reina 1/4 Final,DURÁN MAQUINARIA ENSINO,14,E. GARFELLA BEJAR,86.8071%,43.782%,True,1,VALENCIA B.C.,False
LF ENDESA,C.SM Reina 1/4 Final,DURÁN MAQUINARIA ENSINO,2,I. TATE,86.8071%,43.782%,False,1,VALENCIA B.C.,False
LF ENDESA,C.SM Reina 1/4 Final,DURÁN MAQUINARIA ENSINO,2,I. TATE,86.5773%,40.3326%,False,1,VALENCIA B.C.,False
LF ENDESA,C.SM Reina 1/4 Final,DURÁN MAQUINARIA ENSINO,2,I. TATE,41.9097%,52.5699%,False,1,VALENCIA B.C.,False
LF ENDESA,C.SM Reina 1/4 Final,DURÁN MAQUINARIA ENSINO,14,E. GARFELLA BEJAR,86.899%,68.7494%,False,1,VALENCIA B.C.,False
LF ENDESA,C.SM Reina 1/4 Final,DURÁN MAQUINARIA ENSINO,2,I. TATE,81.7981%,45.1782%,False,1,VALENCIA B.C.,False
LF ENDESA,C.SM Reina 1/4 Final,DURÁN MAQUINARIA ENSINO,18,A. FLOREZ GETINO,12.6368%,48.2992%,True,1,VALENCIA B.C.,False
LF ENDESA,C.SM Reina 1/4 Final,DURÁN MAQUINARIA ENSINO,2,I. TATE,65.1167%,67.6817%,True,1,VALENCIA B.C.,False
LF ENDESA,C.SM Reina 1/4 Final,DURÁN MAQUINARIA ENSINO,18,A. FLOREZ GETINO,41.0826%,33.1052%,False,1,VALENCIA B.C.,False
LF ENDESA,C.SM Reina 1/4 Final,DURÁN MAQUINARIA ENSINO,31,A. ORSILI,67.6901%,72.8558%,False,1,VALENCIA B.C.,False
LF ENDESA,C.SM Reina 1/4 Final,DURÁN MAQUINARIA ENSINO,18,A. FLOREZ GETINO,37.2684%,24.8101%,False,1,VALENCIA B.C.,False
LF ENDESA,C.SM Reina 1/4 Final,DURÁN MAQUINARIA ENSINO,14,E. GARFELLA BEJAR,36.2574%,78.8513%,True,1,VALENCIA B.C.,False
LF ENDESA,C.SM Reina 1/4 Final,DURÁN MAQUINARIA ENSINO,18,A. FLOREZ GETINO,17.5539%,60.7828%,False,1,VALENCIA B.C.,False
LF ENDESA,C.SM Reina 1/4 Final,DURÁN MAQUINARIA ENSINO,10,M. HAIDARA,91.3566%,50.9273%,True,1,VALENCIA B.C.,False
LF ENDESA,C.SM Reina 1/4 Final,DURÁN MAQUINARIA ENSINO,31,A. ORSILI,39.0146%,22.7569%,False,1,VALENCIA B.C.,False
LF ENDESA,C.SM Reina 1/4 Final,DURÁN MAQUINARIA ENSINO,2,I. TATE,64.2895%,24.4816%,True,1,VALENCIA B.C.,False
LF ENDESA,C.SM Reina 1/4 Final,DURÁN MAQUINARIA ENSINO,2,I. TATE,84.3715%,59.8794%,False,1,VALENCIA B.C.,False
LF ENDESA,C.SM Reina 1/4 Final,DURÁN MAQUINARIA ENSINO,41,L. GIOMI,17.2782%,44.9318%,True,1,VALENCIA B.C.,False
LF ENDESA,C.SM Reina 1/4 Final,DURÁN MAQUINARIA ENSINO,15,J. FEQUIERE,64.8869%,62.3433%,False,1,VALENCIA B.C.,False
LF ENDESA,C.SM Reina 1/4 Final,DURÁN MAQUINARIA ENSINO,2,I. TATE,18.0595%,70.8026%,False,1,VALENCIA B.C.,False
LF ENDESA,C.SM Reina 1/4 Final,DURÁN MAQUINARIA ENSINO,18,A. FLOREZ GETINO,11.442%,49.449%,True,1,VALENCIA B.C.,False
LF ENDESA,C.SM Reina 1/4 Final,DURÁN MAQUINARIA ENSINO,10,M. HAIDARA,93.6543%,49.9418%,True,1,VALENCIA B.C.,False
LF ENDESA,C.SM Reina 1/4 Final,DURÁN MAQUINARIA ENSINO,2,I. TATE,18.7487%,44.1106%,True,1,VALENCIA B.C.,False
LF ENDESA,C.SM Reina 1/4 Final,DURÁN MAQUINARIA ENSINO,17,Z. HERNANDEZ ORTIZ,36.7629%,79.1798%,True,1,VALENCIA B.C.,False
LF ENDESA,C.SM Reina 1/4 Final,DURÁN MAQUINARIA ENSINO,18,A. FLOREZ GETINO,67.0468%,16.7614%,False,1,VALENCIA B.C.,False
LF ENDESA,C.SM Reina 1/4 Final,DURÁN MAQUINARIA ENSINO,41,L. GIOMI,84.9689%,29.5736%,True,1,VALENCIA B.C.,False
LF ENDESA,C.SM Reina 1/4 Final,DURÁN MAQUINARIA ENSINO,31,A. ORSILI,64.6112%,73.2665%,True,1,VALENCIA B.C.,False
LF ENDESA,C.SM Reina 1/4 Final,DURÁN MAQUINARIA ENSINO,31,A. ORSILI,68.1956%,13.6405%,True,1,VALENCIA B.C.,False
LF ENDESA,C.SM Reina 1/4 Final,DURÁN MAQUINARIA ENSINO,14,E. GARFELLA BEJAR,42.0936%,32.1197%,False,1,VALENCIA B.C.,False
LF ENDESA,C.SM Reina 1/4 Final,DURÁN MAQUINARIA ENSINO,31,A. ORSILI,37.5441%,69.7349%,False,1,VALENCIA B.C.,False
LF ENDESA,C.SM Reina 1/4 Final,DURÁN MAQUINARIA ENSINO,2,I. TATE,34.0056%,78.8513%,False,1,VALENCIA B.C.,False
LF ENDESA,C.SM Reina 1/4 Final,DURÁN MAQUINARIA ENSINO,18,A. FLOREZ GETINO,86.8071%,38.5257%,True,1,VALENCIA B.C.,False
LF ENDESA,C.SM Reina 1/4 Final,DURÁN MAQUINARIA ENSINO,41,L. GIOMI,9.87957%,47.3135%,True,1,VALENCIA B.C.,False
LF ENDESA,C.SM Reina 1/4 Final,DURÁN MAQUINARIA ENSINO,18,A. FLOREZ GETINO,86.0259%,37.8687%,False,1,VALENCIA B.C.,False
LF ENDESA,C.SM Reina 1/4 Final,DURÁN MAQUINARIA ENSINO,14,E. GARFELLA BEJAR,87.2207%,51.0915%,False,1,VALENCIA B.C.,False
LF ENDESA,C.SM Reina 1/4 Final,DURÁN MAQUINARIA ENSINO,2,I. TATE,13.464%,48.7097%,True,1,VALENCIA B.C.,False
LF ENDESA,C.SM Reina 1/4 Final,DURÁN MAQUINARIA ENSINO,2,I. TATE,38.4172%,16.5971%,False,1,VALENCIA B.C.,False
LF ENDESA,C.SM Reina 1/4 Final,DURÁN MAQUINARIA ENSINO,18,A. FLOREZ GETINO,60.797%,63.3289%,False,1,VALENCIA B.C.,False
LF ENDESA,C.SM Reina 1/4 Final,DURÁN MAQUINARIA ENSINO,14,E. GARFELLA BEJAR,82.901%,44.1927%,False,1,VALENCIA B.C.,False
LF ENDESA,C.SM Reina 1/4 Final,DURÁN MAQUINARIA ENSINO,41,L. GIOMI,83.8201%,62.7539%,False,1,VALENCIA B.C.,False
LF ENDESA,C.SM Reina 1/4 Final,DURÁN MAQUINARIA ENSINO,15,J. FEQUIERE,62.6811%,71.2954%,True,1,VALENCIA B.C.,False
LF ENDESA,C.SM Reina 1/4 Final,HOZONO GLOBAL JAIRIS,2,T. ALARCON OTERO,90.6213%,46.7387%,True,1,INNOVA-TSN LEGANES,True
LF ENDESA,C.SM Reina 1/4 Final,HOZONO GLOBAL JAIRIS,2,T. ALARCON OTERO,73.6182%,82.7935%,False,1,INNOVA-TSN LEGANES,True
LF ENDESA,C.SM Reina 1/4 Final,HOZONO GLOBAL JAIRIS,34,B. MASSEY,84.8771%,76.4696%,False,1,INNOVA-TSN LEGANES,True
LF ENDESA,C.SM Reina 1/4 Final,HOZONO GLOBAL JAIRIS,6,A. AYUSO BAGUR,81.6602%,52.7341%,True,1,INNOVA-TSN LEGANES,True
LF ENDESA,C.SM Reina 1/4 Final,HOZONO GLOBAL JAIRIS,2,T. ALARCON OTERO,93.7003%,55.2801%,True,1,INNOVA-TSN LEGANES,True
LF ENDESA,C.SM Reina 1/4 Final,HOZONO GLOBAL JAIRIS,6,A. AYUSO BAGUR,17.3242%,37.5402%,False,1,INNOVA-TSN LEGANES,True
LF ENDESA,C.SM Reina 1/4 Final,HOZONO GLOBAL JAIRIS,10,A. MATAIX GUILL,6.43302%,93.7989%,True,1,INNOVA-TSN LEGANES,True
LF ENDESA,C.SM Reina 1/4 Final,HOZONO GLOBAL JAIRIS,24,M. BERTSCH,86.1178%,42.3037%,False,1,INNOVA-TSN LEGANES,True
LF ENDESA,C.SM Reina 1/4 Final,HOZONO GLOBAL JAIRIS,30,L. GIL COLLADO,7.76569%,49.8596%,True,1,INNOVA-TSN LEGANES,True
LF ENDESA,C.SM Reina 1/4 Final,HOZONO GLOBAL JAIRIS,2,T. ALARCON OTERO,93.7462%,61.1113%,False,1,INNOVA-TSN LEGANES,True
LF ENDESA,C.SM Reina 1/4 Final,HOZONO GLOBAL JAIRIS,24,M. BERTSCH,69.7121%,74.4163%,False,1,INNOVA-TSN LEGANES,True
LF ENDESA,C.SM Reina 1/4 Final,HOZONO GLOBAL JAIRIS,1,M. MANE,93.7462%,6.4131%,False,1,INNOVA-TSN LEGANES,True
LF ENDESA,C.SM Reina 1/4 Final,HOZONO GLOBAL JAIRIS,2,T. ALARCON OTERO,89.7482%,45.2604%,False,1,INNOVA-TSN LEGANES,True
LF ENDESA,C.SM Reina 1/4 Final,HOZONO GLOBAL JAIRIS,10,A. MATAIX GUILL,8.13334%,44.7676%,False,1,INNOVA-TSN LEGANES,True
LF ENDESA,C.SM Reina 1/4 Final,HOZONO GLOBAL JAIRIS,1,M. MANE,78.0758%,38.5257%,True,1,INNOVA-TSN LEGANES,True
LF ENDESA,C.SM Reina 1/4 Final,HOZONO GLOBAL JAIRIS,4,A. PRIETO MARTINEZ,7.8576%,49.6954%,True,1,INNOVA-TSN LEGANES,True
LF ENDESA,C.SM Reina 1/4 Final,HOZONO GLOBAL JAIRIS,11,L. EHK,9.87957%,6.90591%,False,1,INNOVA-TSN LEGANES,True
LF ENDESA,C.SM Reina 1/4 Final,HOZONO GLOBAL JAIRIS,1,M. MANE,4.87056%,95.3593%,False,1,INNOVA-TSN LEGANES,True
LF ENDESA,C.SM Reina 1/4 Final,HOZONO GLOBAL JAIRIS,24,M. BERTSCH,12.5909%,49.6132%,True,1,INNOVA-TSN LEGANES,True
LF ENDESA,C.SM Reina 1/4 Final,HOZONO GLOBAL JAIRIS,10,A. MATAIX GUILL,17.9216%,51.5844%,True,1,INNOVA-TSN LEGANES,True
LF ENDESA,C.SM Reina 1/4 Final,HOZONO GLOBAL JAIRIS,30,L. GIL COLLADO,6.57088%,52.2413%,False,1,INNOVA-TSN LEGANES,True
LF ENDESA,C.SM Reina 1/4 Final,HOZONO GLOBAL JAIRIS,34,B. MASSEY,93.7462%,55.6087%,True,1,INNOVA-TSN LEGANES,True
LF ENDESA,C.SM Reina 1/4 Final,HOZONO GLOBAL JAIRIS,6,A. AYUSO BAGUR,8.04143%,48.4634%,False,1,INNOVA-TSN LEGANES,True
LF ENDESA,C.SM Reina 1/4 Final,HOZONO GLOBAL JAIRIS,24,M. BERTSCH,10.8446%,5.18117%,True,1,INNOVA-TSN LEGANES,True
LF ENDESA,C.SM Reina 1/4 Final,HOZONO GLOBAL JAIRIS,6,A. AYUSO BAGUR,29.8238%,26.8633%,True,1,INNOVA-TSN LEGANES,True
LF ENDESA,C.SM Reina 1/4 Final,HOZONO GLOBAL JAIRIS,24,M. BERTSCH,85.4744%,60.3722%,False,1,INNOVA-TSN LEGANES,True
LF ENDESA,C.SM Reina 1/4 Final,HOZONO GLOBAL JAIRIS,1,M. MANE,5.55985%,97.1662%,False,1,INNOVA-TSN LEGANES,True
LF ENDESA,C.SM Reina 1/4 Final,HOZONO GLOBAL JAIRIS,24,M. BERTSCH,6.11132%,59.5509%,False,1,INNOVA-TSN LEGANES,True
LF ENDESA,C.SM Reina 1/4 Final,HOZONO GLOBAL JAIRIS,24,M. BERTSCH,86.7152%,30.2307%,True,1,INNOVA-TSN LEGANES,True
LF ENDESA,C.SM Reina 1/4 Final,HOZONO GLOBAL JAIRIS,34,B. MASSEY,17.9675%,74.9912%,False,1,INNOVA-TSN LEGANES,True
LF ENDESA,C.SM Reina 1/4 Final,HOZONO GLOBAL JAIRIS,6,A. AYUSO BAGUR,68.2416%,68.5851%,False,1,INNOVA-TSN LEGANES,True
LF ENDESA,C.SM Reina 1/4 Final,HOZONO GLOBAL JAIRIS,6,A. AYUSO BAGUR,90.1618%,44.8497%,False,1,INNOVA-TSN LEGANES,True
LF ENDESA,C.SM Reina 1/4 Final,HOZONO GLOBAL JAIRIS,6,A. AYUSO BAGUR,67.0927%,57.6619%,False,1,INNOVA-TSN LEGANES,True
LF ENDESA,C.SM Reina 1/4 Final,HOZONO GLOBAL JAIRIS,4,A. PRIETO MARTINEZ,27.7099%,25.0565%,False,1,INNOVA-TSN LEGANES,True
LF ENDESA,C.SM Reina 1/4 Final,HOZONO GLOBAL JAIRIS,6,A. AYUSO BAGUR,87.7721%,62.8361%,False,1,INNOVA-TSN LEGANES,True
LF ENDESA,C.SM Reina 1/4 Final,HOZONO GLOBAL JAIRIS,6,A. AYUSO BAGUR,22.1494%,32.0375%,True,1,INNOVA-TSN LEGANES,True
LF ENDESA,C.SM Reina 1/4 Final,HOZONO GLOBAL JAIRIS,4,A. PRIETO MARTINEZ,90.5294%,4.93477%,True,1,INNOVA-TSN LEGANES,True
LF ENDESA,C.SM Reina 1/4 Final,HOZONO GLOBAL JAIRIS,2,T. ALARCON OTERO,19.8976%,59.8794%,True,1,INNOVA-TSN LEGANES,True
LF ENDESA,C.SM Reina 1/4 Final,HOZONO GLOBAL JAIRIS,4,A. PRIETO MARTINEZ,91.6323%,42.0573%,False,1,INNOVA-TSN LEGANES,True
LF ENDESA,C.SM Reina 1/4 Final,HOZONO GLOBAL JAIRIS,2,T. ALARCON OTERO,91.4026%,54.0482%,True,1,INNOVA-TSN LEGANES,True
LF ENDESA,C.SM Reina 1/4 Final,HOZONO GLOBAL JAIRIS,10,A. MATAIX GUILL,29.7318%,24.3173%,True,1,INNOVA-TSN LEGANES,True
LF ENDESA,C.SM Reina 1/4 Final,HOZONO GLOBAL JAIRIS,4,A. PRIETO MARTINEZ,5.74368%,50.6809%,True,1,INNOVA-TSN LEGANES,True
LF ENDESA,C.SM Reina 1/4 Final,HOZONO GLOBAL JAIRIS,10,A. MATAIX GUILL,4.87056%,27.1919%,True,1,INNOVA-TSN LEGANES,True
LF ENDESA,C.SM Reina 1/4 Final,HOZONO GLOBAL JAIRIS,24,M. BERTSCH,75.7781%,48.7097%,True,1,INNOVA-TSN LEGANES,True
LF ENDESA,C.SM Reina 1/4 Final,HOZONO GLOBAL JAIRIS,30,L. GIL COLLADO,6.57088%,48.4634%,True,1,INNOVA-TSN LEGANES,True
LF ENDESA,C.SM Reina 1/4 Final,HOZONO GLOBAL JAIRIS,6,A. AYUSO BAGUR,30.7888%,30.9699%,False,1,INNOVA-TSN LEGANES,True
LF ENDESA,C.SM Reina 1/4 Final,HOZONO GLOBAL JAIRIS,6,A. AYUSO BAGUR,7.26018%,47.5599%,False,1,INNOVA-TSN LEGANES,True
LF ENDESA,C.SM Reina 1/4 Final,HOZONO GLOBAL JAIRIS,4,A. PRIETO MARTINEZ,8.5469%,48.9561%,True,1,INNOVA-TSN LEGANES,True
LF ENDESA,C.SM Reina 1/4 Final,HOZONO GLOBAL JAIRIS,24,M. BERTSCH,28.1694%,22.839%,False,1,INNOVA-TSN LEGANES,True
LF ENDESA,C.SM Reina 1/4 Final,HOZONO GLOBAL JAIRIS,24,M. BERTSCH,80.6033%,24.8101%,False,1,INNOVA-TSN LEGANES,True
LF ENDESA,C.SM Reina 1/4 Final,HOZONO GLOBAL JAIRIS,4,A. PRIETO MARTINEZ,92.8272%,23.9888%,True,1,INNOVA-TSN LEGANES,True
LF ENDESA,C.SM Reina 1/4 Final,HOZONO GLOBAL JAIRIS,24,M. BERTSCH,93.4245%,59.3866%,False,1,INNOVA-TSN LEGANES,True
LF ENDESA,C.SM Reina 1/4 Final,HOZONO GLOBAL JAIRIS,4,A. PRIETO MARTINEZ,19.484%,52.8163%,False,1,INNOVA-TSN LEGANES,True
LF ENDESA,C.SM Reina 1/4 Final,HOZONO GLOBAL JAIRIS,24,M. BERTSCH,9.83362%,53.2269%,True,1,INNOVA-TSN LEGANES,True
LF ENDESA,C.SM Reina 1/4 Final,HOZONO GLOBAL JAIRIS,4,A. PRIETO MARTINEZ,91.8621%,52.8984%,True,1,INNOVA-TSN LEGANES,True
LF ENDESA,C.SM Reina 1/4 Final,HOZONO GLOBAL JAIRIS,24,M. BERTSCH,77.0648%,42.2216%,False,1,INNOVA-TSN LEGANES,True
LF ENDESA,C.SM Reina 1/4 Final,HOZONO GLOBAL JAIRIS,34,B. MASSEY,76.881%,49.6954%,False,1,INNOVA-TSN LEGANES,True
LF ENDESA,C.SM Reina 1/4 Final,HOZONO GLOBAL JAIRIS,10,A. MATAIX GUILL,93.1948%,56.8406%,False,1,INNOVA-TSN LEGANES,True
LF ENDESA,C.SM Reina 1/4 Final,HOZONO GLOBAL JAIRIS,11,L. EHK,94.2057%,93.3061%,False,1,INNOVA-TSN LEGANES,True
LF ENDESA,C.SM Reina 1/4 Final,HOZONO GLOBAL JAIRIS,4,A. PRIETO MARTINEZ,19.53%,63.4931%,True,1,INNOVA-TSN LEGANES,True
LF ENDESA,C.SM Reina 1/4 Final,HOZONO GLOBAL JAIRIS,6,A. AYUSO BAGUR,65.806%,56.0193%,False,1,INNOVA-TSN LEGANES,True
LF ENDESA,C.SM Reina 1/4 Final,HOZONO GLOBAL JAIRIS,4,A. PRIETO MARTINEZ,8.77668%,49.0383%,False,1,INNOVA-TSN LEGANES,True
LF ENDESA,C.SM Reina 1/4 Final,HOZONO GLOBAL JAIRIS,34,B. MASSEY,9.05241%,43.2071%,False,1,INNOVA-TSN LEGANES,True
LF ENDESA,C.SM Reina 1/4 Final,HOZONO GLOBAL JAIRIS,34,B. MASSEY,92.1378%,61.0292%,True,1,INNOVA-TSN LEGANES,True
LF ENDESA,C.SM Reina 1/4 Final,HOZONO GLOBAL JAIRIS,24,M. BERTSCH,90.6673%,55.9372%,False,1,INNOVA-TSN LEGANES,True
LF ENDESA,C.SM Reina 1/4 Final,HOZONO GLOBAL JAIRIS,6,A. AYUSO BAGUR,30.651%,70.8026%,False,1,INNOVA-TSN LEGANES,True
LF ENDESA,C.SM Reina 1/4 Final,HOZONO GLOBAL JAIRIS,11,L. EHK,6.52493%,75.8946%,False,1,INNOVA-TSN LEGANES,True
LF ENDESA,C.SM Reina 1/4 Final,HOZONO GLOBAL JAIRIS,24,M. BERTSCH,73.6182%,82.7935%,False,1,INNOVA-TSN LEGANES,True
LF ENDESA,C.SM Reina 1/4 Final,HOZONO GLOBAL JAIRIS,2,T. ALARCON OTERO,96.3197%,4.60624%,False,1,INNOVA-TSN LEGANES,True
LF ENDESA,C.SM Reina 1/4 Final,INNOVA-TSN LEGANES,2,A. SANGARE,68.885%,72.1988%,False,1,HOZONO GLOBAL JAIRIS,False
LF ENDESA,C.SM Reina 1/4 Final,INNOVA-TSN LEGANES,1,C. BERMEJO GIL,65.76%,56.7585%,False,1,HOZONO GLOBAL JAIRIS,False
LF ENDESA,C.SM Reina 1/4 Final,INNOVA-TSN LEGANES,14,B. HERLIHY,24.6769%,88.6247%,False,1,HOZONO GLOBAL JAIRIS,False
LF ENDESA,C.SM Reina 1/4 Final,INNOVA-TSN LEGANES,77,N. DUDASOVA,20.9086%,49.9418%,False,1,HOZONO GLOBAL JAIRIS,False
LF ENDESA,C.SM Reina 1/4 Final,INNOVA-TSN LEGANES,14,B. HERLIHY,72.837%,81.151%,True,1,HOZONO GLOBAL JAIRIS,False
LF ENDESA,C.SM Reina 1/4 Final,INNOVA-TSN LEGANES,77,N. DUDASOVA,18.8407%,45.9995%,False,1,HOZONO GLOBAL JAIRIS,False
LF ENDESA,C.SM Reina 1/4 Final,INNOVA-TSN LEGANES,11,L. TOGORES CARPINTERO,14.1074%,72.1167%,False,1,HOZONO GLOBAL JAIRIS,False
LF ENDESA,C.SM Reina 1/4 Final,INNOVA-TSN LEGANES,14,B. HERLIHY,24.2633%,89.5281%,False,1,HOZONO GLOBAL JAIRIS,False
LF ENDESA,C.SM Reina 1/4 Final,INNOVA-TSN LEGANES,8,I. LAHUERTA MENDOZA,89.3346%,49.6132%,False,1,HOZONO GLOBAL JAIRIS,False
LF ENDESA,C.SM Reina 1/4 Final,INNOVA-TSN LEGANES,77,N. DUDASOVA,6.89253%,92.6491%,False,1,HOZONO GLOBAL JAIRIS,False
LF ENDESA,C.SM Reina 1/4 Final,INNOVA-TSN LEGANES,44,G. ANDELOVA,6.93849%,53.309%,True,1,HOZONO GLOBAL JAIRIS,False
LF ENDESA,C.SM Reina 1/4 Final,INNOVA-TSN LEGANES,77,N. DUDASOVA,12.5909%,95.3593%,False,1,HOZONO GLOBAL JAIRIS,False
LF ENDESA,C.SM Reina 1/4 Final,INNOVA-TSN LEGANES,0,M. DODSON,5.05438%,50.0239%,True,1,HOZONO GLOBAL JAIRIS,False
LF ENDESA,C.SM Reina 1/4 Final,INNOVA-TSN LEGANES,2,A. SANGARE,70.2176%,30.3128%,False,1,HOZONO GLOBAL JAIRIS,False
LF ENDESA,C.SM Reina 1/4 Final,INNOVA-TSN LEGANES,77,N. DUDASOVA,5.28416%,49.6954%,True,1,HOZONO GLOBAL JAIRIS,False
LF ENDESA,C.SM Reina 1/4 Final,INNOVA-TSN LEGANES,11,L. TOGORES CARPINTERO,32.1674%,57.4155%,False,1,HOZONO GLOBAL JAIRIS,False
LF ENDESA,C.SM Reina 1/4 Final,INNOVA-TSN LEGANES,77,N. DUDASOVA,79.2706%,38.1151%,True,1,HOZONO GLOBAL JAIRIS,False
LF ENDESA,C.SM Reina 1/4 Final,INNOVA-TSN LEGANES,7,M. ESPIN DE SANCHO,67.9658%,72.281%,False,1,HOZONO GLOBAL JAIRIS,False
LF ENDESA,C.SM Reina 1/4 Final,INNOVA-TSN LEGANES,44,G. ANDELOVA,89.1508%,7.07017%,False,1,HOZONO GLOBAL JAIRIS,False
LF ENDESA,C.SM Reina 1/4 Final,INNOVA-TSN LEGANES,0,M. DODSON,5.97346%,45.2604%,True,1,HOZONO GLOBAL JAIRIS,False
LF ENDESA,C.SM Reina 1/4 Final,INNOVA-TSN LEGANES,2,A. SANGARE,87.956%,48.5456%,False,1,HOZONO GLOBAL JAIRIS,False
LF ENDESA,C.SM Reina 1/4 Final,INNOVA-TSN LEGANES,77,N. DUDASOVA,88.5993%,51.5022%,True,1,HOZONO GLOBAL JAIRIS,False
LF ENDESA,C.SM Reina 1/4 Final,INNOVA-TSN LEGANES,2,A. SANGARE,14.2912%,67.1889%,False,1,HOZONO GLOBAL JAIRIS,False
LF ENDESA,C.SM Reina 1/4 Final,INNOVA-TSN LEGANES,77,N. DUDASOVA,86.9909%,48.3813%,True,1,HOZONO GLOBAL JAIRIS,False
LF ENDESA,C.SM Reina 1/4 Final,INNOVA-TSN LEGANES,0,M. DODSON,8.31712%,46.328%,False,1,HOZONO GLOBAL JAIRIS,False
LF ENDESA,C.SM Reina 1/4 Final,INNOVA-TSN LEGANES,44,G. ANDELOVA,5.5139%,94.8665%,False,1,HOZONO GLOBAL JAIRIS,False
LF ENDESA,C.SM Reina 1/4 Final,INNOVA-TSN LEGANES,77,N. DUDASOVA,17.508%,24.4816%,True,1,HOZONO GLOBAL JAIRIS,False
LF ENDESA,C.SM Reina 1/4 Final,INNOVA-TSN LEGANES,0,M. DODSON,19.8517%,52.8984%,True,1,HOZONO GLOBAL JAIRIS,False
LF ENDESA,C.SM Reina 1/4 Final,INNOVA-TSN LEGANES,77,N. DUDASOVA,17.0485%,67.1068%,True,1,HOZONO GLOBAL JAIRIS,False
LF ENDESA,C.SM Reina 1/4 Final,INNOVA-TSN LEGANES,0,M. DODSON,15.8537%,61.3577%,True,1,HOZONO GLOBAL JAIRIS,False
LF ENDESA,C.SM Reina 1/4 Final,INNOVA-TSN LEGANES,77,N. DUDASOVA,74.7211%,49.1204%,False,1,HOZONO GLOBAL JAIRIS,False
LF ENDESA,C.SM Reina 1/4 Final,INNOVA-TSN LEGANES,0,M. DODSON,8.40903%,72.6094%,False,1,HOZONO GLOBAL JAIRIS,False
LF ENDESA,C.SM Reina 1/4 Final,INNOVA-TSN LEGANES,14,B. HERLIHY,83.7282%,50.9273%,False,1,HOZONO GLOBAL JAIRIS,False
LF ENDESA,C.SM Reina 1/4 Final,INNOVA-TSN LEGANES,77,N. DUDASOVA,68.6552%,74.7448%,False,1,HOZONO GLOBAL JAIRIS,False
LF ENDESA,C.SM Reina 1/4 Final,INNOVA-TSN LEGANES,77,N. DUDASOVA,9.64979%,48.7919%,False,1,HOZONO GLOBAL JAIRIS,False
LF ENDESA,C.SM Reina 1/4 Final,INNOVA-TSN LEGANES,2,A. SANGARE,84.0958%,37.1295%,True,1,HOZONO GLOBAL JAIRIS,False
LF ENDESA,C.SM Reina 1/4 Final,INNOVA-TSN LEGANES,0,M. DODSON,11.3042%,53.4733%,False,1,HOZONO GLOBAL JAIRIS,False
LF ENDESA,C.SM Reina 1/4 Final,INNOVA-TSN LEGANES,2,A. SANGARE,7.35209%,51.4201%,True,1,HOZONO GLOBAL JAIRIS,False
LF ENDESA,C.SM Reina 1/4 Final,INNOVA-TSN LEGANES,77,N. DUDASOVA,93.6084%,26.4527%,True,1,HOZONO GLOBAL JAIRIS,False
LF ENDESA,C.SM Reina 1/4 Final,INNOVA-TSN LEGANES,6,N. DRIESSEN,70.6312%,27.6025%,False,1,HOZONO GLOBAL JAIRIS,False
LF ENDESA,C.SM Reina 1/4 Final,INNOVA-TSN LEGANES,8,I. LAHUERTA MENDOZA,28.4451%,21.0321%,False,1,HOZONO GLOBAL JAIRIS,False
LF ENDESA,C.SM Reina 1/4 Final,INNOVA-TSN LEGANES,2,A. SANGARE,90.3456%,59.8794%,False,1,HOZONO GLOBAL JAIRIS,False
LF ENDESA,C.SM Reina 1/4 Final,INNOVA-TSN LEGANES,0,M. DODSON,83.4984%,44.3569%,False,1,HOZONO GLOBAL JAIRIS,False
LF ENDESA,C.SM Reina 1/4 Final,INNOVA-TSN LEGANES,77,N. DUDASOVA,73.7101%,84.1898%,False,1,HOZONO GLOBAL JAIRIS,False
LF ENDESA,C.SM Reina 1/4 Final,INNOVA-TSN LEGANES,77,N. DUDASOVA,92.5974%,26.2885%,False,1,HOZONO GLOBAL JAIRIS,False
LF ENDESA,C.SM Reina 1/4 Final,INNOVA-TSN LEGANES,0,M. DODSON,7.94951%,56.2657%,True,1,HOZONO GLOBAL JAIRIS,False
LF ENDESA,C.SM Reina 1/4 Final,INNOVA-TSN LEGANES,7,M. ESPIN DE SANCHO,24.0794%,87.3106%,False,1,HOZONO GLOBAL JAIRIS,False
LF ENDESA,C.SM Reina 1/4 Final,INNOVA-TSN LEGANES,44,G. ANDELOVA,34.1435%,50.5166%,False,1,HOZONO GLOBAL JAIRIS,False
LF ENDESA,C.SM Reina 1/4 Final,INNOVA-TSN LEGANES,0,M. DODSON,17.0485%,65.2178%,False,1,HOZONO GLOBAL JAIRIS,False
LF ENDESA,C.SM Reina 1/4 Final,INNOVA-TSN LEGANES,0,M. DODSON,92.1838%,47.3135%,True,1,HOZONO GLOBAL JAIRIS,False
LF ENDESA,C.SM Reina 1/4 Final,INNOVA-TSN LEGANES,8,I. LAHUERTA MENDOZA,12.5909%,95.3593%,False,1,HOZONO GLOBAL JAIRIS,False
LF ENDESA,C.SM Reina 1/4 Final,INNOVA-TSN LEGANES,77,N. DUDASOVA,91.4485%,61.0292%,False,1,HOZONO GLOBAL JAIRIS,False
LF ENDESA,C.SM Reina 1/4 Final,INNOVA-TSN LEGANES,6,N. DRIESSEN,89.5184%,57.8261%,False,1,HOZONO GLOBAL JAIRIS,False
LF ENDESA,C.SM Reina 1/4 Final,INNOVA-TSN LEGANES,7,M. ESPIN DE SANCHO,89.3346%,48.9561%,False,1,HOZONO GLOBAL JAIRIS,False
LF ENDESA,C.SM Reina 1/4 Final,INNOVA-TSN LEGANES,77,N. DUDASOVA,92.7352%,70.6384%,False,1,HOZONO GLOBAL JAIRIS,False
LF ENDESA,C.SM Reina 1/4 Final,INNOVA-TSN LEGANES,14,B. HERLIHY,13.3721%,64.4787%,True,1,HOZONO GLOBAL JAIRIS,False
LF ENDESA,C.SM Reina 1/4 Final,INNOVA-TSN LEGANES,77,N. DUDASOVA,24.8607%,84.9289%,False,1,HOZONO GLOBAL JAIRIS,False
LF ENDESA,C.SM Reina 1/4 Final,INNOVA-TSN LEGANES,6,N. DRIESSEN,89.0129%,50.763%,False,1,HOZONO GLOBAL JAIRIS,False
LF ENDESA,C.SM Reina 1/4 Final,INNOVA-TSN LEGANES,44,G. ANDELOVA,29.1345%,76.3874%,True,1,HOZONO GLOBAL JAIRIS,False
LF ENDESA,C.SM Reina 1/4 Final,INNOVA-TSN LEGANES,14,B. HERLIHY,13.2343%,36.6368%,False,1,HOZONO GLOBAL JAIRIS,False
LF ENDESA,C.SM Reina 1/4 Final,INNOVA-TSN LEGANES,2,A. SANGARE,75.7321%,48.1349%,False,1,HOZONO GLOBAL JAIRIS,False
LF ENDESA,C.SM Reina 1/4 Final,INNOVA-TSN LEGANES,14,B. HERLIHY,12.8666%,51.4201%,False,1,HOZONO GLOBAL JAIRIS,False
LF ENDESA,C.SM Reina 1/4 Final,INNOVA-TSN LEGANES,1,C. BERMEJO GIL,73.9859%,87.8034%,False,1,HOZONO GLOBAL JAIRIS,False
LF ENDESA,C.SM Reina 1/4 Final,INNOVA-TSN LEGANES,8,I. LAHUERTA MENDOZA,90.8971%,49.8596%,True,1,HOZONO GLOBAL JAIRIS,False
LF ENDESA,C.SM Reina 1/4 Final,INNOVA-TSN LEGANES,6,N. DRIESSEN,80.925%,61.3577%,False,1,HOZONO GLOBAL JAIRIS,False
LF ENDESA,C.SM Reina 1/4 Final,INNOVA-TSN LEGANES,2,A. SANGARE,89.2427%,56.8406%,False,1,HOZONO GLOBAL JAIRIS,False
LF ENDESA,C.SM Reina 1/4 Final,INNOVA-TSN LEGANES,11,L. TOGORES CARPINTERO,7.94951%,57.9083%,False,1,HOZONO GLOBAL JAIRIS,False
LF ENDESA,C.SM Reina 1/4 Final,INNOVA-TSN LEGANES,77,N. DUDASOVA,15.8996%,74.5806%,False,1,HOZONO GLOBAL JAIRIS,False
LF ENDESA,C.SM Reina 1/4 Final,INNOVA-TSN LEGANES,6,N. DRIESSEN,84.0958%,37.1295%,False,1,HOZONO GLOBAL JAIRIS,False
LF ENDESA,C.SM Reina 1/4 Final,INNOVA-TSN LEGANES,77,N. DUDASOVA,76.0538%,33.5159%,False,1,HOZONO GLOBAL JAIRIS,False
LF ENDESA,C.SM Reina 1/4 Final,INNOVA-TSN LEGANES,14,B. HERLIHY,27.572%,16.3507%,False,1,HOZONO GLOBAL JAIRIS,False
LF ENDESA,C.SM Reina 1/4 Final,SPAR GIRONA,5,K. HOLM,90.6213%,48.874%,False,1,PERFUMERIAS AVENIDA,True
LF ENDESA,C.SM Reina 1/4 Final,SPAR GIRONA,4,J. JOCYTE,33.1325%,65.7106%,False,1,PERFUMERIAS AVENIDA,True
LF ENDESA,C.SM Reina 1/4 Final,SPAR GIRONA,23,A. CARTER,90.8051%,5.67398%,False,1,PERFUMERIAS AVENIDA,True
LF ENDESA,C.SM Reina 1/4 Final,SPAR GIRONA,55,C. BIBBY,89.932%,44.1927%,False,1,PERFUMERIAS AVENIDA,True
LF ENDESA,C.SM Reina 1/4 Final,SPAR GIRONA,5,K. HOLM,87.2667%,48.7919%,False,1,PERFUMERIAS AVENIDA,True
LF ENDESA,C.SM Reina 1/4 Final,SPAR GIRONA,4,J. JOCYTE,5.97346%,48.3813%,True,1,PERFUMERIAS AVENIDA,True
LF ENDESA,C.SM Reina 1/4 Final,SPAR GIRONA,23,A. CARTER,27.3422%,23.3318%,False,1,PERFUMERIAS AVENIDA,True
LF ENDESA,C.SM Reina 1/4 Final,SPAR GIRONA,5,K. HOLM,7.39804%,48.7097%,True,1,PERFUMERIAS AVENIDA,True
LF ENDESA,C.SM Reina 1/4 Final,SPAR GIRONA,14,M. COULIBALY,80.2816%,39.5934%,False,1,PERFUMERIAS AVENIDA,True
LF ENDESA,C.SM Reina 1/4 Final,SPAR GIRONA,4,J. JOCYTE,66.771%,62.8361%,False,1,PERFUMERIAS AVENIDA,True
LF ENDESA,C.SM Reina 1/4 Final,SPAR GIRONA,5,K. HOLM,79.5923%,49.1204%,False,1,PERFUMERIAS AVENIDA,True
LF ENDESA,C.SM Reina 1/4 Final,SPAR GIRONA,14,M. COULIBALY,33.4082%,57.1691%,False,1,PERFUMERIAS AVENIDA,True
LF ENDESA,C.SM Reina 1/4 Final,SPAR GIRONA,23,A. CARTER,80.9709%,42.5501%,True,1,PERFUMERIAS AVENIDA,True
LF ENDESA,C.SM Reina 1/4 Final,SPAR GIRONA,55,C. BIBBY,9.69575%,46.5744%,False,1,PERFUMERIAS AVENIDA,True
LF ENDESA,C.SM Reina 1/4 Final,SPAR GIRONA,4,J. JOCYTE,79.2706%,36.3904%,True,1,PERFUMERIAS AVENIDA,True
LF ENDESA,C.SM Reina 1/4 Final,SPAR GIRONA,23,A. CARTER,86.945%,63.1646%,True,1,PERFUMERIAS AVENIDA,True
LF ENDESA,C.SM Reina 1/4 Final,SPAR GIRONA,21,M. PENDANDE MENDES,7.35209%,43.8642%,False,1,PERFUMERIAS AVENIDA,True
LF ENDESA,C.SM Reina 1/4 Final,SPAR GIRONA,44,A. MERCERON,91.4945%,45.2604%,True,1,PERFUMERIAS AVENIDA,True
LF ENDESA,C.SM Reina 1/4 Final,SPAR GIRONA,5,K. HOLM,81.2926%,74.7448%,True,1,PERFUMERIAS AVENIDA,True
LF ENDESA,C.SM Reina 1/4 Final,SPAR GIRONA,4,J. JOCYTE,6.80066%,57.2513%,True,1,PERFUMERIAS AVENIDA,True
LF ENDESA,C.SM Reina 1/4 Final,SPAR GIRONA,6,L. QUEVEDO CAÑIZARES,42.7369%,69.2422%,False,1,PERFUMERIAS AVENIDA,True
LF ENDESA,C.SM Reina 1/4 Final,SPAR GIRONA,23,A. CARTER,21.2303%,67.6817%,True,1,PERFUMERIAS AVENIDA,True
LF ENDESA,C.SM Reina 1/4 Final,SPAR GIRONA,55,C. BIBBY,18.3352%,30.0664%,False,1,PERFUMERIAS AVENIDA,True
LF ENDESA,C.SM Reina 1/4 Final,SPAR GIRONA,14,M. COULIBALY,71.9179%,24.8923%,True,1,PERFUMERIAS AVENIDA,True
LF ENDESA,C.SM Reina 1/4 Final,SPAR GIRONA,23,A. CARTER,7.62782%,49.5311%,True,1,PERFUMERIAS AVENIDA,True
LF ENDESA,C.SM Reina 1/4 Final,SPAR GIRONA,4,J. JOCYTE,13.4181%,50.8451%,False,1,PERFUMERIAS AVENIDA,True
LF ENDESA,C.SM Reina 1/4 Final,SPAR GIRONA,23,A. CARTER,12.0395%,58.6475%,False,1,PERFUMERIAS AVENIDA,True
LF ENDESA,C.SM Reina 1/4 Final,SPAR GIRONA,5,K. HOLM,7.76569%,48.6277%,False,1,PERFUMERIAS AVENIDA,True
LF ENDESA,C.SM Reina 1/4 Final,SPAR GIRONA,23,A. CARTER,28.3992%,23.7424%,False,1,PERFUMERIAS AVENIDA,True
LF ENDESA,C.SM Reina 1/4 Final,SPAR GIRONA,55,C. BIBBY,15.7617%,66.0391%,False,1,PERFUMERIAS AVENIDA,True
LF ENDESA,C.SM Reina 1/4 Final,SPAR GIRONA,14,M. COULIBALY,4.08936%,50.6809%,True,1,PERFUMERIAS AVENIDA,True
LF ENDESA,C.SM Reina 1/4 Final,SPAR GIRONA,11,C. GUERRERO ALCANTARA,94.4815%,30.8877%,False,1,PERFUMERIAS AVENIDA,True
LF ENDESA,C.SM Reina 1/4 Final,SPAR GIRONA,14,M. COULIBALY,90.0239%,46.8208%,True,1,PERFUMERIAS AVENIDA,True
LF ENDESA,C.SM Reina 1/4 Final,SPAR GIRONA,14,M. COULIBALY,8.40903%,48.1349%,False,1,PERFUMERIAS AVENIDA,True
LF ENDESA,C.SM Reina 1/4 Final,SPAR GIRONA,5,K. HOLM,31.616%,70.3098%,False,1,PERFUMERIAS AVENIDA,True
LF ENDESA,C.SM Reina 1/4 Final,SPAR GIRONA,55,C. BIBBY,72.0098%,86.9821%,False,1,PERFUMERIAS AVENIDA,True
LF ENDESA,C.SM Reina 1/4 Final,SPAR GIRONA,21,M. PENDANDE MENDES,77.9839%,66.3677%,True,1,PERFUMERIAS AVENIDA,True
LF ENDESA,C.SM Reina 1/4 Final,SPAR GIRONA,5,K. HOLM,93.3786%,52.652%,True,1,PERFUMERIAS AVENIDA,True
LF ENDESA,C.SM Reina 1/4 Final,SPAR GIRONA,24,A. LOPEZ RODRIGUEZ,11.2582%,7.72717%,False,1,PERFUMERIAS AVENIDA,True
LF ENDESA,C.SM Reina 1/4 Final,SPAR GIRONA,11,C. GUERRERO ALCANTARA,64.3355%,52.1592%,False,1,PERFUMERIAS AVENIDA,True
LF ENDESA,C.SM Reina 1/4 Final,SPAR GIRONA,14,M. COULIBALY,29.594%,77.1266%,False,1,PERFUMERIAS AVENIDA,True
LF ENDESA,C.SM Reina 1/4 Final,SPAR GIRONA,44,A. MERCERON,93.2407%,64.3144%,False,1,PERFUMERIAS AVENIDA,True
LF ENDESA,C.SM Reina 1/4 Final,SPAR GIRONA,5,K. HOLM,6.01941%,94.0453%,False,1,PERFUMERIAS AVENIDA,True
LF ENDESA,C.SM Reina 1/4 Final,SPAR GIRONA,11,C. GUERRERO ALCANTARA,8.36307%,94.2917%,False,1,PERFUMERIAS AVENIDA,True
LF ENDESA,C.SM Reina 1/4 Final,SPAR GIRONA,5,K. HOLM,8.04143%,47.8885%,False,1,PERFUMERIAS AVENIDA,True
LF ENDESA,C.SM Reina 1/4 Final,SPAR GIRONA,4,J. JOCYTE,89.8401%,92.5669%,False,1,PERFUMERIAS AVENIDA,True
LF ENDESA,C.SM Reina 1/4 Final,SPAR GIRONA,6,L. QUEVEDO CAÑIZARES,90.5754%,47.3135%,False,1,PERFUMERIAS AVENIDA,True
LF ENDESA,C.SM Reina 1/4 Final,SPAR GIRONA,24,A. LOPEZ RODRIGUEZ,28.1694%,77.7015%,True,1,PERFUMERIAS AVENIDA,True
LF ENDESA,C.SM Reina 1/4 Final,SPAR GIRONA,44,A. MERCERON,15.3941%,51.0915%,False,1,PERFUMERIAS AVENIDA,True
LF ENDESA,C.SM Reina 1/4 Final,SPAR GIRONA,4,J. JOCYTE,21.0005%,11.5873%,False,1,PERFUMERIAS AVENIDA,True
LF ENDESA,C.SM Reina 1/4 Final,SPAR GIRONA,4,J. JOCYTE,31.6619%,65.5463%,True,1,PERFUMERIAS AVENIDA,True
LF ENDESA,C.SM Reina 1/4 Final,SPAR GIRONA,24,A. LOPEZ RODRIGUEZ,92.5514%,60.4543%,False,1,PERFUMERIAS AVENIDA,True
LF ENDESA,C.SM Reina 1/4 Final,SPAR GIRONA,23,A. CARTER,31.6619%,32.6124%,False,1,PERFUMERIAS AVENIDA,True
LF ENDESA,C.SM Reina 1/4 Final,SPAR GIRONA,4,J. JOCYTE,70.6771%,20.4573%,False,1,PERFUMERIAS AVENIDA,True
LF ENDESA,C.SM Reina 1/4 Final,SPAR GIRONA,14,M. COULIBALY,91.6783%,48.874%,True,1,PERFUMERIAS AVENIDA,True
LF ENDESA,C.SM Reina 1/4 Final,SPAR GIRONA,6,L. QUEVEDO CAÑIZARES,31.616%,18.2397%,False,1,PERFUMERIAS AVENIDA,True
LF ENDESA,C.SM Reina 1/4 Final,SPAR GIRONA,11,C. GUERRERO ALCANTARA,68.9769%,28.9987%,False,1,PERFUMERIAS AVENIDA,True
LF ENDESA,C.SM Reina 1/4 Final,SPAR GIRONA,24,A. LOPEZ RODRIGUEZ,11.5799%,52.8984%,False,1,PERFUMERIAS AVENIDA,True
LF ENDESA,C.SM Reina 1/4 Final,SPAR GIRONA,11,C. GUERRERO ALCANTARA,91.7702%,56.1835%,True,1,PERFUMERIAS AVENIDA,True
LF ENDESA,C.SM Reina 1/4 Final,PERFUMERIAS AVENIDA,10,I. MARTIN CARRION,89.7022%,51.0915%,True,1,SPAR GIRONA,False
LF ENDESA,C.SM Reina 1/4 Final,PERFUMERIAS AVENIDA,13,A. VILARO ARAGONES,93.4245%,94.4559%,False,1,SPAR GIRONA,False
LF ENDESA,C.SM Reina 1/4 Final,PERFUMERIAS AVENIDA,55,K. CAVE,82.947%,48.7919%,False,1,SPAR GIRONA,False
LF ENDESA,C.SM Reina 1/4 Final,PERFUMERIAS AVENIDA,55,K. CAVE,5.9275%,49.6954%,True,1,SPAR GIRONA,False
LF ENDESA,C.SM Reina 1/4 Final,PERFUMERIAS AVENIDA,11,S. ZELLOUS,5.83559%,51.2558%,True,1,SPAR GIRONA,False
LF ENDESA,C.SM Reina 1/4 Final,PERFUMERIAS AVENIDA,55,K. CAVE,89.978%,36.3904%,False,1,SPAR GIRONA,False
LF ENDESA,C.SM Reina 1/4 Final,PERFUMERIAS AVENIDA,2,R. MAGARITY,94.1139%,60.0437%,True,1,SPAR GIRONA,False
LF ENDESA,C.SM Reina 1/4 Final,PERFUMERIAS AVENIDA,55,K. CAVE,7.12231%,51.8307%,True,1,SPAR GIRONA,False
LF ENDESA,C.SM Reina 1/4 Final,PERFUMERIAS AVENIDA,55,K. CAVE,77.1107%,49.6954%,True,1,SPAR GIRONA,False
LF ENDESA,C.SM Reina 1/4 Final,PERFUMERIAS AVENIDA,3,L. SPREAFICO,32.2134%,45.014%,True,1,SPAR GIRONA,False
LF ENDESA,C.SM Reina 1/4 Final,PERFUMERIAS AVENIDA,55,K. CAVE,76.7891%,37.9508%,True,1,SPAR GIRONA,False
LF ENDESA,C.SM Reina 1/4 Final,PERFUMERIAS AVENIDA,11,S. ZELLOUS,15.8537%,33.2694%,True,1,SPAR GIRONA,False
LF ENDESA,C.SM Reina 1/4 Final,PERFUMERIAS AVENIDA,13,A. VILARO ARAGONES,11.6259%,45.8352%,False,1,SPAR GIRONA,False
LF ENDESA,C.SM Reina 1/4 Final,PERFUMERIAS AVENIDA,55,K. CAVE,93.1488%,49.6954%,True,1,SPAR GIRONA,False
LF ENDESA,C.SM Reina 1/4 Final,PERFUMERIAS AVENIDA,13,A. VILARO ARAGONES,64.841%,39.9219%,False,1,SPAR GIRONA,False
LF ENDESA,C.SM Reina 1/4 Final,PERFUMERIAS AVENIDA,1,C. SORIANO PEREZ,95.5384%,52.4056%,True,1,SPAR GIRONA,False
LF ENDESA,C.SM Reina 1/4 Final,PERFUMERIAS AVENIDA,3,L. SPREAFICO,33.0406%,46.2459%,True,1,SPAR GIRONA,False
LF ENDESA,C.SM Reina 1/4 Final,PERFUMERIAS AVENIDA,2,R. MAGARITY,92.5974%,21.4428%,False,1,SPAR GIRONA,False
LF ENDESA,C.SM Reina 1/4 Final,PERFUMERIAS AVENIDA,55,K. CAVE,8.63881%,50.0239%,True,1,SPAR GIRONA,False
LF ENDESA,C.SM Reina 1/4 Final,PERFUMERIAS AVENIDA,10,I. MARTIN CARRION,92.5974%,47.7242%,True,1,SPAR GIRONA,False
LF ENDESA,C.SM Reina 1/4 Final,PERFUMERIAS AVENIDA,1,C. SORIANO PEREZ,80.0059%,76.6338%,True,1,SPAR GIRONA,False
LF ENDESA,C.SM Reina 1/4 Final,PERFUMERIAS AVENIDA,12,A. MEYERS,19.484%,34.0907%,True,1,SPAR GIRONA,False
LF ENDESA,C.SM Reina 1/4 Final,PERFUMERIAS AVENIDA,55,K. CAVE,91.4485%,52.1592%,True,1,SPAR GIRONA,False
LF ENDESA,C.SM Reina 1/4 Final,PERFUMERIAS AVENIDA,1,C. SORIANO PEREZ,79.1328%,34.4192%,False,1,SPAR GIRONA,False
LF ENDESA,C.SM Reina 1/4 Final,PERFUMERIAS AVENIDA,55,K. CAVE,76.835%,64.9715%,True,1,SPAR GIRONA,False
LF ENDESA,C.SM Reina 1/4 Final,PERFUMERIAS AVENIDA,1,C. SORIANO PEREZ,4.22718%,32.2839%,True,1,SPAR GIRONA,False
LF ENDESA,C.SM Reina 1/4 Final,PERFUMERIAS AVENIDA,13,A. VILARO ARAGONES,5.9275%,44.3569%,True,1,SPAR GIRONA,False
LF ENDESA,C.SM Reina 1/4 Final,PERFUMERIAS AVENIDA,10,I. MARTIN CARRION,3.49193%,31.134%,True,1,SPAR GIRONA,False
LF ENDESA,C.SM Reina 1/4 Final,PERFUMERIAS AVENIDA,1,C. SORIANO PEREZ,34.1435%,53.5554%,False,1,SPAR GIRONA,False
LF ENDESA,C.SM Reina 1/4 Final,PERFUMERIAS AVENIDA,55,K. CAVE,89.3806%,48.1349%,False,1,SPAR GIRONA,False
LF ENDESA,C.SM Reina 1/4 Final,PERFUMERIAS AVENIDA,23,V. TAKACS-KISS,7.26018%,53.6375%,True,1,SPAR GIRONA,False
LF ENDESA,C.SM Reina 1/4 Final,PERFUMERIAS AVENIDA,14,M. DJALDI-TABDI,90.6673%,53.0627%,False,1,SPAR GIRONA,False
LF ENDESA,C.SM Reina 1/4 Final,PERFUMERIAS AVENIDA,10,I. MARTIN CARRION,7.99547%,55.9372%,False,1,SPAR GIRONA,False
LF ENDESA,C.SM Reina 1/4 Final,PERFUMERIAS AVENIDA,3,L. SPREAFICO,91.8621%,5.09904%,True,1,SPAR GIRONA,False
LF ENDESA,C.SM Reina 1/4 Final,PERFUMERIAS AVENIDA,3,L. SPREAFICO,66.2656%,49.9418%,False,1,SPAR GIRONA,False
LF ENDESA,C.SM Reina 1/4 Final,PERFUMERIAS AVENIDA,13,A. VILARO ARAGONES,67.4604%,69.4885%,False,1,SPAR GIRONA,False
LF ENDESA,C.SM Reina 1/4 Final,PERFUMERIAS AVENIDA,14,M. DJALDI-TABDI,22.7468%,51.5844%,False,1,SPAR GIRONA,False
LF ENDESA,C.SM Reina 1/4 Final,PERFUMERIAS AVENIDA,11,S. ZELLOUS,70.9988%,73.4308%,True,1,SPAR GIRONA,False
LF ENDESA,C.SM Reina 1/4 Final,PERFUMERIAS AVENIDA,11,S. ZELLOUS,89.1967%,21.6071%,False,1,SPAR GIRONA,False
LF ENDESA,C.SM Reina 1/4 Final,PERFUMERIAS AVENIDA,1,C. SORIANO PEREZ,91.4485%,54.541%,True,1,SPAR GIRONA,False
LF ENDESA,C.SM Reina 1/4 Final,PERFUMERIAS AVENIDA,23,V. TAKACS-KISS,7.16826%,49.8596%,False,1,SPAR GIRONA,False
LF ENDESA,C.SM Reina 1/4 Final,PERFUMERIAS AVENIDA,1,C. SORIANO PEREZ,93.2407%,50.6809%,True,1,SPAR GIRONA,False
LF ENDESA,C.SM Reina 1/4 Final,PERFUMERIAS AVENIDA,55,K. CAVE,79.1787%,49.449%,True,1,SPAR GIRONA,False
LF ENDESA,C.SM Reina 1/4 Final,PERFUMERIAS AVENIDA,55,K. CAVE,7.67378%,47.3135%,False,1,SPAR GIRONA,False
LF ENDESA,C.SM Reina 1/4 Final,PERFUMERIAS AVENIDA,1,C. SORIANO PEREZ,76.4674%,48.4634%,False,1,SPAR GIRONA,False
LF ENDESA,C.SM Reina 1/4 Final,PERFUMERIAS AVENIDA,13,A. VILARO ARAGONES,20.7248%,89.7745%,False,1,SPAR GIRONA,False
LF ENDESA,C.SM Reina 1/4 Final,PERFUMERIAS AVENIDA,11,S. ZELLOUS,18.2433%,30.2307%,False,1,SPAR GIRONA,False
LF ENDESA,C.SM Reina 1/4 Final,PERFUMERIAS AVENIDA,10,I. MARTIN CARRION,86.2556%,53.8839%,True,1,SPAR GIRONA,False
LF ENDESA,C.SM Reina 1/4 Final,PERFUMERIAS AVENIDA,10,I. MARTIN CARRION,12.0395%,43.4535%,False,1,SPAR GIRONA,False
LF ENDESA,C.SM Reina 1/4 Final,PERFUMERIAS AVENIDA,55,K. CAVE,89.5184%,57.9904%,False,1,SPAR GIRONA,False
LF ENDESA,C.SM Reina 1/4 Final,PERFUMERIAS AVENIDA,10,I. MARTIN CARRION,68.0577%,29.2451%,False,1,SPAR GIRONA,False
LF ENDESA,C.SM Reina 1/4 Final,PERFUMERIAS AVENIDA,1,C. SORIANO PEREZ,6.66279%,48.7097%,True,1,SPAR GIRONA,False
LF ENDESA,C.SM Reina 1/4 Final,PERFUMERIAS AVENIDA,1,C. SORIANO PEREZ,92.6893%,54.9516%,True,1,SPAR GIRONA,False
LF ENDESA,C.SM Reina 1/4 Final,PERFUMERIAS AVENIDA,1,C. SORIANO PEREZ,8.31712%,63.2467%,False,1,SPAR GIRONA,False
LF ENDESA,C.SM Reina 1/4 Final,PERFUMERIAS AVENIDA,10,I. MARTIN CARRION,27.2503%,15.201%,False,1,SPAR GIRONA,False
LF ENDESA,C.SM Reina 1/4 Final,PERFUMERIAS AVENIDA,12,A. MEYERS,92.6893%,75.3198%,False,1,SPAR GIRONA,False
LF ENDESA,C.SM Reina 1/4 Final,PERFUMERIAS AVENIDA,13,A. VILARO ARAGONES,33.546%,47.3135%,True,1,SPAR GIRONA,False
LF ENDESA,C.SM Reina 1/4 Final,PERFUMERIAS AVENIDA,1,C. SORIANO PEREZ,66.7251%,43.125%,False,1,SPAR GIRONA,False
LF ENDESA,C.SM Reina 1/4 Final,PERFUMERIAS AVENIDA,10,I. MARTIN CARRION,71.78%,83.8612%,False,1,SPAR GIRONA,False
LF ENDESA,C.SM Reina 1/4 Final,PERFUMERIAS AVENIDA,11,S. ZELLOUS,23.6659%,69.5706%,True,1,SPAR GIRONA,False
LF ENDESA,C.SM Reina 1/4 Final,PERFUMERIAS AVENIDA,3,L. SPREAFICO,31.2943%,27.3561%,False,1,SPAR GIRONA,False
LF ENDESA,Supercopa 1/2 Final,CASADEMONT ZARAGOZA,4,M. ORTIZ VIVES,81.8445%,33.5133%,False,1,HOZONO GLOBAL JAIRIS,True
LF ENDESA,Supercopa 1/2 Final,CASADEMONT ZARAGOZA,0,C. LEITE,75.6652%,46.9611%,False,1,HOZONO GLOBAL JAIRIS,True
LF ENDESA,Supercopa 1/2 Final,CASADEMONT ZARAGOZA,31,A. GUEYE,88.5703%,47.4118%,True,1,HOZONO GLOBAL JAIRIS,True
LF ENDESA,Supercopa 1/2 Final,CASADEMONT ZARAGOZA,5,M. HEMPE,86.3845%,52.5205%,False,1,HOZONO GLOBAL JAIRIS,True
LF ENDESA,Supercopa 1/2 Final,CASADEMONT ZARAGOZA,3,O. BANKOLE,12.9888%,93.6151%,False,1,HOZONO GLOBAL JAIRIS,True
LF ENDESA,Supercopa 1/2 Final,CASADEMONT ZARAGOZA,5,M. HEMPE,65.072%,51.3184%,True,1,HOZONO GLOBAL JAIRIS,True
LF ENDESA,Supercopa 1/2 Final,CASADEMONT ZARAGOZA,3,O. BANKOLE,10.3826%,42.9042%,True,1,HOZONO GLOBAL JAIRIS,True
LF ENDESA,Supercopa 1/2 Final,CASADEMONT ZARAGOZA,13,H. PUEYO MELCHOR,70.831%,76.5613%,False,1,HOZONO GLOBAL JAIRIS,True
LF ENDESA,Supercopa 1/2 Final,CASADEMONT ZARAGOZA,31,A. GUEYE,87.5194%,47.6372%,False,1,HOZONO GLOBAL JAIRIS,True
LF ENDESA,Supercopa 1/2 Final,CASADEMONT ZARAGOZA,8,V. VORACKOVA,11.1393%,46.2097%,True,1,HOZONO GLOBAL JAIRIS,True
LF ENDESA,Supercopa 1/2 Final,CASADEMONT ZARAGOZA,7,N. FINGALL,13.9137%,49.5154%,False,1,HOZONO GLOBAL JAIRIS,True
LF ENDESA,Supercopa 1/2 Final,CASADEMONT ZARAGOZA,16,H. OMA GIRALT,16.604%,82.4211%,True,1,HOZONO GLOBAL JAIRIS,True
LF ENDESA,Supercopa 1/2 Final,CASADEMONT ZARAGOZA,33,S. MAWULI,83.3158%,53.1215%,True,1,HOZONO GLOBAL JAIRIS,True
LF ENDESA,Supercopa 1/2 Final,CASADEMONT ZARAGOZA,7,N. FINGALL,10.2565%,94.0659%,False,1,HOZONO GLOBAL JAIRIS,True
LF ENDESA,Supercopa 1/2 Final,CASADEMONT ZARAGOZA,0,C. LEITE,13.2831%,40.5001%,False,1,HOZONO GLOBAL JAIRIS,True
LF ENDESA,Supercopa 1/2 Final,CASADEMONT ZARAGOZA,13,H. PUEYO MELCHOR,22.2789%,87.9806%,True,1,HOZONO GLOBAL JAIRIS,True
LF ENDESA,Supercopa 1/2 Final,CASADEMONT ZARAGOZA,16,H. OMA GIRALT,24.717%,13.6796%,False,1,HOZONO GLOBAL JAIRIS,True
LF ENDESA,Supercopa 1/2 Final,CASADEMONT ZARAGOZA,33,S. MAWULI,89.6633%,7.66943%,False,1,HOZONO GLOBAL JAIRIS,True
LF ENDESA,Supercopa 1/2 Final,CASADEMONT ZARAGOZA,8,V. VORACKOVA,24.5909%,50.492%,False,1,HOZONO GLOBAL JAIRIS,True
LF ENDESA,Supercopa 1/2 Final,CASADEMONT ZARAGOZA,33,S. MAWULI,75.6652%,85.9522%,False,1,HOZONO GLOBAL JAIRIS,True
LF ENDESA,Supercopa 1/2 Final,CASADEMONT ZARAGOZA,5,M. HEMPE,11.8959%,47.6372%,True,1,HOZONO GLOBAL JAIRIS,True
LF ENDESA,Supercopa 1/2 Final,CASADEMONT ZARAGOZA,3,O. BANKOLE,88.2761%,53.4971%,True,1,HOZONO GLOBAL JAIRIS,True
LF ENDESA,Supercopa 1/2 Final,CASADEMONT ZARAGOZA,31,A. GUEYE,86.1743%,43.5803%,True,1,HOZONO GLOBAL JAIRIS,True
LF ENDESA,Supercopa 1/2 Final,CASADEMONT ZARAGOZA,5,M. HEMPE,86.0902%,53.8728%,True,1,HOZONO GLOBAL JAIRIS,True
LF ENDESA,Supercopa 1/2 Final,CASADEMONT ZARAGOZA,16,H. OMA GIRALT,90.8823%,32.9873%,False,1,HOZONO GLOBAL JAIRIS,True
LF ENDESA,Supercopa 1/2 Final,CASADEMONT ZARAGOZA,31,A. GUEYE,23.54%,30.5081%,True,1,HOZONO GLOBAL JAIRIS,True
LF ENDESA,Supercopa 1/2 Final,CASADEMONT ZARAGOZA,7,N. FINGALL,90.1257%,87.7553%,True,1,HOZONO GLOBAL JAIRIS,True
LF ENDESA,Supercopa 1/2 Final,CASADEMONT ZARAGOZA,5,M. HEMPE,66.4592%,50.7925%,True,1,HOZONO GLOBAL JAIRIS,True
LF ENDESA,Supercopa 1/2 Final,CASADEMONT ZARAGOZA,31,A. GUEYE,22.9094%,29.832%,False,1,HOZONO GLOBAL JAIRIS,True
LF ENDESA,Supercopa 1/2 Final,CASADEMONT ZARAGOZA,7,N. FINGALL,8.61706%,93.1644%,False,1,HOZONO GLOBAL JAIRIS,True
LF ENDESA,Supercopa 1/2 Final,CASADEMONT ZARAGOZA,7,N. FINGALL,88.7385%,28.1792%,False,1,HOZONO GLOBAL JAIRIS,True
LF ENDESA,Supercopa 1/2 Final,CASADEMONT ZARAGOZA,16,H. OMA GIRALT,76.3798%,50.3418%,False,1,HOZONO GLOBAL JAIRIS,True
LF ENDESA,Supercopa 1/2 Final,CASADEMONT ZARAGOZA,33,S. MAWULI,8.9954%,95.4934%,False,1,HOZONO GLOBAL JAIRIS,True
LF ENDESA,Supercopa 1/2 Final,CASADEMONT ZARAGOZA,13,H. PUEYO MELCHOR,89.9575%,12.6278%,True,1,HOZONO GLOBAL JAIRIS,True
LF ENDESA,Supercopa 1/2 Final,CASADEMONT ZARAGOZA,33,S. MAWULI,24.8852%,32.6117%,False,1,HOZONO GLOBAL JAIRIS,True
LF ENDESA,Supercopa 1/2 Final,CASADEMONT ZARAGOZA,4,M. ORTIZ VIVES,30.3919%,26.1507%,True,1,HOZONO GLOBAL JAIRIS,True
LF ENDESA,Supercopa 1/2 Final,CASADEMONT ZARAGOZA,13,H. PUEYO MELCHOR,31.0225%,73.2556%,True,1,HOZONO GLOBAL JAIRIS,True
LF ENDESA,Supercopa 1/2 Final,CASADEMONT ZARAGOZA,8,V. VORACKOVA,77.6409%,33.8137%,True,1,HOZONO GLOBAL JAIRIS,True
LF ENDESA,Supercopa 1/2 Final,CASADEMONT ZARAGOZA,31,A. GUEYE,23.1196%,43.0544%,True,1,HOZONO GLOBAL JAIRIS,True
LF ENDESA,Supercopa 1/2 Final,CASADEMONT ZARAGOZA,13,H. PUEYO MELCHOR,74.4041%,15.1821%,True,1,HOZONO GLOBAL JAIRIS,True
LF ENDESA,Supercopa 1/2 Final,CASADEMONT ZARAGOZA,4,M. ORTIZ VIVES,81.298%,7.29377%,False,1,HOZONO GLOBAL JAIRIS,True
LF ENDESA,Supercopa 1/2 Final,CASADEMONT ZARAGOZA,7,N. FINGALL,10.6768%,6.16687%,False,1,HOZONO GLOBAL JAIRIS,True
LF ENDESA,Supercopa 1/2 Final,CASADEMONT ZARAGOZA,8,V. VORACKOVA,87.6876%,44.4819%,True,1,HOZONO GLOBAL JAIRIS,True
LF ENDESA,Supercopa 1/2 Final,CASADEMONT ZARAGOZA,33,S. MAWULI,17.2345%,42.9042%,True,1,HOZONO GLOBAL JAIRIS,True
LF ENDESA,Supercopa 1/2 Final,CASADEMONT ZARAGOZA,8,V. VORACKOVA,87.3933%,69.1987%,True,1,HOZONO GLOBAL JAIRIS,True
LF ENDESA,Supercopa 1/2 Final,CASADEMONT ZARAGOZA,0,C. LEITE,27.029%,81.9704%,False,1,HOZONO GLOBAL JAIRIS,True
LF ENDESA,Supercopa 1/2 Final,CASADEMONT ZARAGOZA,10,L. FLORES COSTA,76.7581%,48.1631%,False,1,HOZONO GLOBAL JAIRIS,True
LF ENDESA,Supercopa 1/2 Final,CASADEMONT ZARAGOZA,33,S. MAWULI,31.0645%,33.0625%,True,1,HOZONO GLOBAL JAIRIS,True
LF ENDESA,Supercopa 1/2 Final,CASADEMONT ZARAGOZA,5,M. HEMPE,31.653%,35.3914%,True,1,HOZONO GLOBAL JAIRIS,True
LF ENDESA,Supercopa 1/2 Final,CASADEMONT ZARAGOZA,13,H. PUEYO MELCHOR,81.6343%,7.44403%,True,1,HOZONO GLOBAL JAIRIS,True
LF ENDESA,Supercopa 1/2 Final,CASADEMONT ZARAGOZA,5,M. HEMPE,34.0491%,57.8545%,True,1,HOZONO GLOBAL JAIRIS,True
LF ENDESA,Supercopa 1/2 Final,CASADEMONT ZARAGOZA,0,C. LEITE,23.1617%,67.7713%,False,1,HOZONO GLOBAL JAIRIS,True
LF ENDESA,Supercopa 1/2 Final,CASADEMONT ZARAGOZA,5,M. HEMPE,11.9379%,50.6423%,True,1,HOZONO GLOBAL JAIRIS,True
LF ENDESA,Supercopa 1/2 Final,CASADEMONT ZARAGOZA,10,L. FLORES COSTA,74.32%,15.7832%,False,1,HOZONO GLOBAL JAIRIS,True
LF ENDESA,Supercopa 1/2 Final,CASADEMONT ZARAGOZA,31,A. GUEYE,78.4816%,63.7896%,False,1,HOZONO GLOBAL JAIRIS,True
LF ENDESA,Supercopa 1/2 Final,CASADEMONT ZARAGOZA,31,A. GUEYE,86.4265%,54.3986%,False,1,HOZONO GLOBAL JAIRIS,True
LF ENDESA,Supercopa 1/2 Final,CASADEMONT ZARAGOZA,8,V. VORACKOVA,19.1682%,60.7094%,False,1,HOZONO GLOBAL JAIRIS,True
LF ENDESA,Supercopa 1/2 Final,CASADEMONT ZARAGOZA,5,M. HEMPE,10.7609%,40.7254%,True,1,HOZONO GLOBAL JAIRIS,True
LF ENDESA,Supercopa 1/2 Final,CASADEMONT ZARAGOZA,4,M. ORTIZ VIVES,23.2037%,54.8494%,False,1,HOZONO GLOBAL JAIRIS,True
LF ENDESA,Supercopa 1/2 Final,HOZONO GLOBAL JAIRIS,11,A. CVITKOVIC,84.5348%,50.4169%,False,1,CASADEMONT ZARAGOZA,False
LF ENDESA,Supercopa 1/2 Final,HOZONO GLOBAL JAIRIS,10,A. MATAIX GUILL,17.0664%,36.2178%,False,1,CASADEMONT ZARAGOZA,False
LF ENDESA,Supercopa 1/2 Final,HOZONO GLOBAL JAIRIS,2,T. ALARCON OTERO,85.88%,50.4169%,False,1,CASADEMONT ZARAGOZA,False
LF ENDESA,Supercopa 1/2 Final,HOZONO GLOBAL JAIRIS,2,T. ALARCON OTERO,10.6768%,93.7654%,False,1,CASADEMONT ZARAGOZA,False
LF ENDESA,Supercopa 1/2 Final,HOZONO GLOBAL JAIRIS,40,J. WALKER,29.4251%,25.4746%,False,1,CASADEMONT ZARAGOZA,False
LF ENDESA,Supercopa 1/2 Final,HOZONO GLOBAL JAIRIS,11,A. CVITKOVIC,87.2672%,52.3702%,True,1,CASADEMONT ZARAGOZA,False
LF ENDESA,Supercopa 1/2 Final,HOZONO GLOBAL JAIRIS,19,L. LÓPEZ-SÉNÉCHAL,10.3406%,42.228%,True,1,CASADEMONT ZARAGOZA,False
LF ENDESA,Supercopa 1/2 Final,HOZONO GLOBAL JAIRIS,11,A. CVITKOVIC,82.2228%,46.2097%,False,1,CASADEMONT ZARAGOZA,False
LF ENDESA,Supercopa 1/2 Final,HOZONO GLOBAL JAIRIS,21,A. VONLEH,86.7628%,45.3082%,False,1,CASADEMONT ZARAGOZA,False
LF ENDESA,Supercopa 1/2 Final,HOZONO GLOBAL JAIRIS,10,A. MATAIX GUILL,60.9945%,29.231%,False,1,CASADEMONT ZARAGOZA,False
LF ENDESA,Supercopa 1/2 Final,HOZONO GLOBAL JAIRIS,4,A. PRIETO MARTINEZ,12.4424%,7.06838%,False,1,CASADEMONT ZARAGOZA,False
LF ENDESA,Supercopa 1/2 Final,HOZONO GLOBAL JAIRIS,21,A. VONLEH,86.7208%,52.7458%,True,1,CASADEMONT ZARAGOZA,False
LF ENDESA,Supercopa 1/2 Final,HOZONO GLOBAL JAIRIS,6,A. AYUSO BAGUR,68.2668%,69.8749%,False,1,CASADEMONT ZARAGOZA,False
LF ENDESA,Supercopa 1/2 Final,HOZONO GLOBAL JAIRIS,21,A. VONLEH,25.0953%,66.1186%,False,1,CASADEMONT ZARAGOZA,False
LF ENDESA,Supercopa 1/2 Final,HOZONO GLOBAL JAIRIS,21,A. VONLEH,14.7964%,45.4585%,True,1,CASADEMONT ZARAGOZA,False
LF ENDESA,Supercopa 1/2 Final,HOZONO GLOBAL JAIRIS,21,A. VONLEH,88.192%,58.155%,False,1,CASADEMONT ZARAGOZA,False
LF ENDESA,Supercopa 1/2 Final,HOZONO GLOBAL JAIRIS,34,B. MASSEY,89.2009%,40.425%,False,1,CASADEMONT ZARAGOZA,False
LF ENDESA,Supercopa 1/2 Final,HOZONO GLOBAL JAIRIS,34,B. MASSEY,88.4022%,41.3265%,True,1,CASADEMONT ZARAGOZA,False
LF ENDESA,Supercopa 1/2 Final,HOZONO GLOBAL JAIRIS,10,A. MATAIX GUILL,17.1925%,54.2484%,True,1,CASADEMONT ZARAGOZA,False
LF ENDESA,Supercopa 1/2 Final,HOZONO GLOBAL JAIRIS,6,A. AYUSO BAGUR,13.2411%,42.228%,False,1,CASADEMONT ZARAGOZA,False
LF ENDESA,Supercopa 1/2 Final,HOZONO GLOBAL JAIRIS,11,A. CVITKOVIC,29.1729%,23.8218%,True,1,CASADEMONT ZARAGOZA,False
LF ENDESA,Supercopa 1/2 Final,HOZONO GLOBAL JAIRIS,40,J. WALKER,87.3933%,87.0791%,True,1,CASADEMONT ZARAGOZA,False
LF ENDESA,Supercopa 1/2 Final,HOZONO GLOBAL JAIRIS,34,B. MASSEY,11.8959%,46.2849%,True,1,CASADEMONT ZARAGOZA,False
LF ENDESA,Supercopa 1/2 Final,HOZONO GLOBAL JAIRIS,19,L. LÓPEZ-SÉNÉCHAL,11.0972%,39.0727%,True,1,CASADEMONT ZARAGOZA,False
LF ENDESA,Supercopa 1/2 Final,HOZONO GLOBAL JAIRIS,34,B. MASSEY,72.5965%,83.473%,False,1,CASADEMONT ZARAGOZA,False
LF ENDESA,Supercopa 1/2 Final,HOZONO GLOBAL JAIRIS,21,A. VONLEH,83.8623%,56.8778%,False,1,CASADEMONT ZARAGOZA,False
LF ENDESA,Supercopa 1/2 Final,HOZONO GLOBAL JAIRIS,21,A. VONLEH,85.7119%,52.0697%,False,1,CASADEMONT ZARAGOZA,False
LF ENDESA,Supercopa 1/2 Final,HOZONO GLOBAL JAIRIS,6,A. AYUSO BAGUR,74.9505%,44.4819%,False,1,CASADEMONT ZARAGOZA,False
LF ENDESA,Supercopa 1/2 Final,HOZONO GLOBAL JAIRIS,19,L. LÓPEZ-SÉNÉCHAL,73.7315%,77.8384%,True,1,CASADEMONT ZARAGOZA,False
LF ENDESA,Supercopa 1/2 Final,HOZONO GLOBAL JAIRIS,21,A. VONLEH,84.4087%,42.0777%,True,1,CASADEMONT ZARAGOZA,False
LF ENDESA,Supercopa 1/2 Final,HOZONO GLOBAL JAIRIS,19,L. LÓPEZ-SÉNÉCHAL,88.9487%,54.1732%,False,1,CASADEMONT ZARAGOZA,False
LF ENDESA,Supercopa 1/2 Final,HOZONO GLOBAL JAIRIS,19,L. LÓPEZ-SÉNÉCHAL,77.0524%,13.6044%,True,1,CASADEMONT ZARAGOZA,False
LF ENDESA,Supercopa 1/2 Final,HOZONO GLOBAL JAIRIS,21,A. VONLEH,23.2037%,41.8523%,False,1,CASADEMONT ZARAGOZA,False
LF ENDESA,Supercopa 1/2 Final,HOZONO GLOBAL JAIRIS,21,A. VONLEH,19.5465%,46.4351%,False,1,CASADEMONT ZARAGOZA,False
LF ENDESA,Supercopa 1/2 Final,HOZONO GLOBAL JAIRIS,21,A. VONLEH,12.2322%,46.2097%,True,1,CASADEMONT ZARAGOZA,False
LF ENDESA,Supercopa 1/2 Final,HOZONO GLOBAL JAIRIS,34,B. MASSEY,85.1234%,51.8443%,False,1,CASADEMONT ZARAGOZA,False
LF ENDESA,Supercopa 1/2 Final,HOZONO GLOBAL JAIRIS,11,A. CVITKOVIC,77.7249%,50.4169%,False,1,CASADEMONT ZARAGOZA,False
LF ENDESA,Supercopa 1/2 Final,HOZONO GLOBAL JAIRIS,40,J. WALKER,71.2093%,72.2038%,True,1,CASADEMONT ZARAGOZA,False
LF ENDESA,Supercopa 1/2 Final,HOZONO GLOBAL JAIRIS,11,A. CVITKOVIC,32.788%,47.1113%,True,1,CASADEMONT ZARAGOZA,False
LF ENDESA,Supercopa 1/2 Final,HOZONO GLOBAL JAIRIS,11,A. CVITKOVIC,26.987%,80.7684%,False,1,CASADEMONT ZARAGOZA,False
LF ENDESA,Supercopa 1/2 Final,HOZONO GLOBAL JAIRIS,10,A. MATAIX GUILL,87.5615%,57.9297%,False,1,CASADEMONT ZARAGOZA,False
LF ENDESA,Supercopa 1/2 Final,HOZONO GLOBAL JAIRIS,11,A. CVITKOVIC,74.9505%,70.551%,False,1,CASADEMONT ZARAGOZA,False
LF ENDESA,Supercopa 1/2 Final,HOZONO GLOBAL JAIRIS,34,B. MASSEY,14.1239%,36.7437%,False,1,CASADEMONT ZARAGOZA,False
LF ENDESA,Supercopa 1/2 Final,HOZONO GLOBAL JAIRIS,40,J. WALKER,33.2084%,73.481%,False,1,CASADEMONT ZARAGOZA,False
LF ENDESA,Supercopa 1/2 Final,HOZONO GLOBAL JAIRIS,10,A. MATAIX GUILL,82.3069%,58.6809%,False,1,CASADEMONT ZARAGOZA,False
LF ENDESA,Supercopa 1/2 Final,HOZONO GLOBAL JAIRIS,21,A. VONLEH,12.9048%,42.9793%,False,1,CASADEMONT ZARAGOZA,False
LF ENDESA,Supercopa 1/2 Final,HOZONO GLOBAL JAIRIS,4,A. PRIETO MARTINEZ,73.101%,80.3176%,True,1,CASADEMONT ZARAGOZA,False
LF ENDESA,Supercopa 1/2 Final,HOZONO GLOBAL JAIRIS,2,T. ALARCON OTERO,88.9487%,3.23689%,False,1,CASADEMONT ZARAGOZA,False
LF ENDESA,Supercopa 1/2 Final,HOZONO GLOBAL JAIRIS,10,A. MATAIX GUILL,11.8959%,29.0807%,True,1,CASADEMONT ZARAGOZA,False
LF ENDESA,Supercopa 1/2 Final,HOZONO GLOBAL JAIRIS,21,A. VONLEH,87.3933%,57.3286%,True,1,CASADEMONT ZARAGOZA,False
LF ENDESA,Supercopa 1/2 Final,HOZONO GLOBAL JAIRIS,11,A. CVITKOVIC,30.8123%,77.3876%,False,1,CASADEMONT ZARAGOZA,False
LF ENDESA,Supercopa 1/2 Final,HOZONO GLOBAL JAIRIS,6,A. AYUSO BAGUR,82.7273%,38.8473%,False,1,CASADEMONT ZARAGOZA,False
LF ENDESA,Supercopa 1/2 Final,HOZONO GLOBAL JAIRIS,34,B. MASSEY,89.4951%,47.7874%,False,1,CASADEMONT ZARAGOZA,False
LF ENDESA,Supercopa 1/2 Final,HOZONO GLOBAL JAIRIS,6,A. AYUSO BAGUR,82.9795%,45.759%,True,1,CASADEMONT ZARAGOZA,False
LF ENDESA,Supercopa 1/2 Final,HOZONO GLOBAL JAIRIS,10,A. MATAIX GUILL,12.5265%,6.99324%,False,1,CASADEMONT ZARAGOZA,False
LF ENDESA,Supercopa 1/2 Final,HOZONO GLOBAL JAIRIS,4,A. PRIETO MARTINEZ,13.7876%,47.6372%,False,1,CASADEMONT ZARAGOZA,False
