league,group,team,player_number,player_name,left,top,success,game_index,rival,home
LIGA U,"2ª FASE Grupo ""A""",BAXI MANRESA,3,M. ROSELL LANZA,16.3611%,48.6511%,False,1,REAL MADRID,True
LIGA U,"2ª FASE Grupo ""A""",BAXI MANRESA,24,F. TORREBLANCA CATALAN,33.4979%,46.1303%,True,1,REAL MADRID,True
LIGA U,"2ª FASE Grupo ""A""",BAXI MANRESA,15,J. SALO BLAYA,8.53315%,62.8935%,False,1,REAL MADRID,True
LIGA U,"2ª FASE Grupo ""A""",BAXI MANRESA,23,L. SANCHEZ FERNANDEZ,78.4203%,56.8436%,True,1,REAL MADRID,True
LIGA U,"2ª FASE Grupo ""A""",BAXI MANRESA,3,M. ROSELL LANZA,6.48801%,93.395%,False,1,REAL MADRID,True
LIGA U,"2ª FASE Grupo ""A""",BAXI MANRESA,6,M. OLVERA GIMENEZ,91.0437%,57.0957%,True,1,REAL MADRID,True
LIGA U,"2ª FASE Grupo ""A""",BAXI MANRESA,9,B. JEKABSONS,80.8181%,47.0126%,True,1,REAL MADRID,True
LIGA U,"2ª FASE Grupo ""A""",BAXI MANRESA,11,L. BERGSENG,15.3738%,51.2979%,True,1,REAL MADRID,True
LIGA U,"2ª FASE Grupo ""A""",BAXI MANRESA,17,G. NASPLER PEREZ,86.6009%,47.5167%,True,1,REAL MADRID,True
LIGA U,"2ª FASE Grupo ""A""",BAXI MANRESA,9,B. JEKABSONS,85.402%,24.3255%,True,1,REAL MADRID,True
LIGA U,"2ª FASE Grupo ""A""",BAXI MANRESA,11,L. BERGSENG,33.0042%,50.4156%,True,1,REAL MADRID,True
LIGA U,"2ª FASE Grupo ""A""",BAXI MANRESA,23,L. SANCHEZ FERNANDEZ,11.1425%,31.2577%,True,1,REAL MADRID,True
LIGA U,"2ª FASE Grupo ""A""",BAXI MANRESA,15,J. SALO BLAYA,89.9859%,51.0458%,False,1,REAL MADRID,True
LIGA U,"2ª FASE Grupo ""A""",BAXI MANRESA,17,G. NASPLER PEREZ,86.8124%,32.0139%,False,1,REAL MADRID,True
LIGA U,"2ª FASE Grupo ""A""",BAXI MANRESA,11,L. BERGSENG,23.9774%,48.399%,False,1,REAL MADRID,True
LIGA U,"2ª FASE Grupo ""A""",BAXI MANRESA,15,J. SALO BLAYA,9.30889%,38.9461%,False,1,REAL MADRID,True
LIGA U,"2ª FASE Grupo ""A""",BAXI MANRESA,23,L. SANCHEZ FERNANDEZ,67.9126%,40.9627%,True,1,REAL MADRID,True
LIGA U,"2ª FASE Grupo ""A""",BAXI MANRESA,9,B. JEKABSONS,73.6248%,16.259%,False,1,REAL MADRID,True
LIGA U,"2ª FASE Grupo ""A""",BAXI MANRESA,11,L. BERGSENG,14.457%,42.4752%,False,1,REAL MADRID,True
LIGA U,"2ª FASE Grupo ""A""",BAXI MANRESA,15,J. SALO BLAYA,9.30889%,38.9461%,False,1,REAL MADRID,True
LIGA U,"2ª FASE Grupo ""A""",BAXI MANRESA,20,J. PUMAROLA AGUILAR,8.74471%,93.647%,False,1,REAL MADRID,True
LIGA U,"2ª FASE Grupo ""A""",BAXI MANRESA,17,G. NASPLER PEREZ,7.47532%,54.4489%,True,1,REAL MADRID,True
LIGA U,"2ª FASE Grupo ""A""",BAXI MANRESA,9,B. JEKABSONS,85.1199%,50.7937%,True,1,REAL MADRID,True
LIGA U,"2ª FASE Grupo ""A""",BAXI MANRESA,17,G. NASPLER PEREZ,93.1594%,58.6082%,False,1,REAL MADRID,True
LIGA U,"2ª FASE Grupo ""A""",BAXI MANRESA,11,L. BERGSENG,14.9506%,40.2065%,False,1,REAL MADRID,True
LIGA U,"2ª FASE Grupo ""A""",BAXI MANRESA,77,S. LEDERMAN,90.0564%,21.3006%,True,1,REAL MADRID,True
LIGA U,"2ª FASE Grupo ""A""",BAXI MANRESA,15,J. SALO BLAYA,33.2863%,50.9198%,True,1,REAL MADRID,True
LIGA U,"2ª FASE Grupo ""A""",BAXI MANRESA,3,M. ROSELL LANZA,96.4739%,91.5044%,False,1,REAL MADRID,True
LIGA U,"2ª FASE Grupo ""A""",BAXI MANRESA,20,J. PUMAROLA AGUILAR,86.2482%,41.7189%,False,1,REAL MADRID,True
LIGA U,"2ª FASE Grupo ""A""",BAXI MANRESA,24,F. TORREBLANCA CATALAN,75.2468%,15.3768%,False,1,REAL MADRID,True
LIGA U,"2ª FASE Grupo ""A""",BAXI MANRESA,17,G. NASPLER PEREZ,5.35966%,92.0085%,False,1,REAL MADRID,True
LIGA U,"2ª FASE Grupo ""A""",BAXI MANRESA,2,I. FRANCISCO,73.6248%,62.0112%,True,1,REAL MADRID,True
LIGA U,"2ª FASE Grupo ""A""",BAXI MANRESA,23,L. SANCHEZ FERNANDEZ,10.6488%,40.9627%,False,1,REAL MADRID,True
LIGA U,"2ª FASE Grupo ""A""",BAXI MANRESA,2,I. FRANCISCO,89.5628%,70.834%,False,1,REAL MADRID,True
LIGA U,"2ª FASE Grupo ""A""",BAXI MANRESA,15,J. SALO BLAYA,91.6079%,55.8353%,False,1,REAL MADRID,True
LIGA U,"2ª FASE Grupo ""A""",BAXI MANRESA,77,S. LEDERMAN,22.708%,90.6221%,False,1,REAL MADRID,True
LIGA U,"2ª FASE Grupo ""A""",BAXI MANRESA,24,F. TORREBLANCA CATALAN,18.8999%,48.7771%,True,1,REAL MADRID,True
LIGA U,"2ª FASE Grupo ""A""",BAXI MANRESA,6,M. OLVERA GIMENEZ,90.3385%,5.54572%,False,1,REAL MADRID,True
LIGA U,"2ª FASE Grupo ""A""",BAXI MANRESA,23,L. SANCHEZ FERNANDEZ,90.1975%,62.3893%,False,1,REAL MADRID,True
LIGA U,"2ª FASE Grupo ""A""",BAXI MANRESA,23,L. SANCHEZ FERNANDEZ,27.9267%,79.4046%,False,1,REAL MADRID,True
LIGA U,"2ª FASE Grupo ""A""",BAXI MANRESA,20,J. PUMAROLA AGUILAR,71.0155%,78.0182%,True,1,REAL MADRID,True
LIGA U,"2ª FASE Grupo ""A""",BAXI MANRESA,20,J. PUMAROLA AGUILAR,76.6573%,12.3518%,True,1,REAL MADRID,True
LIGA U,"2ª FASE Grupo ""A""",BAXI MANRESA,2,I. FRANCISCO,26.0226%,16.7632%,False,1,REAL MADRID,True
LIGA U,"2ª FASE Grupo ""A""",BAXI MANRESA,23,L. SANCHEZ FERNANDEZ,91.6079%,55.8353%,True,1,REAL MADRID,True
LIGA U,"2ª FASE Grupo ""A""",BAXI MANRESA,2,I. FRANCISCO,33.2863%,50.9198%,False,1,REAL MADRID,True
LIGA U,"2ª FASE Grupo ""A""",BAXI MANRESA,20,J. PUMAROLA AGUILAR,89.7038%,48.0209%,False,1,REAL MADRID,True
LIGA U,"2ª FASE Grupo ""A""",BAXI MANRESA,3,M. ROSELL LANZA,24.1185%,86.2107%,False,1,REAL MADRID,True
LIGA U,"2ª FASE Grupo ""A""",BAXI MANRESA,6,M. OLVERA GIMENEZ,89.3512%,50.6677%,False,1,REAL MADRID,True
LIGA U,"2ª FASE Grupo ""A""",BAXI MANRESA,24,F. TORREBLANCA CATALAN,74.8237%,15.1247%,False,1,REAL MADRID,True
LIGA U,"2ª FASE Grupo ""A""",BAXI MANRESA,23,L. SANCHEZ FERNANDEZ,84.1326%,61.6331%,False,1,REAL MADRID,True
LIGA U,"2ª FASE Grupo ""A""",BAXI MANRESA,11,L. BERGSENG,11.0014%,59.6165%,False,1,REAL MADRID,True
LIGA U,"2ª FASE Grupo ""A""",BAXI MANRESA,9,B. JEKABSONS,75.4584%,13.2341%,True,1,REAL MADRID,True
LIGA U,"2ª FASE Grupo ""A""",BAXI MANRESA,9,B. JEKABSONS,9.44993%,46.3824%,True,1,REAL MADRID,True
LIGA U,"2ª FASE Grupo ""A""",BAXI MANRESA,14,G. ECKER ALBERTI,21.5797%,12.3518%,False,1,REAL MADRID,True
LIGA U,"2ª FASE Grupo ""A""",BAXI MANRESA,23,L. SANCHEZ FERNANDEZ,93.653%,55.0791%,True,1,REAL MADRID,True
LIGA U,"2ª FASE Grupo ""A""",BAXI MANRESA,9,B. JEKABSONS,23.2722%,11.2175%,False,1,REAL MADRID,True
LIGA U,"2ª FASE Grupo ""A""",BAXI MANRESA,24,F. TORREBLANCA CATALAN,25.0353%,85.5805%,False,1,REAL MADRID,True
LIGA U,"2ª FASE Grupo ""A""",BAXI MANRESA,15,J. SALO BLAYA,9.44993%,56.8436%,True,1,REAL MADRID,True
LIGA U,"2ª FASE Grupo ""A""",BAXI MANRESA,9,B. JEKABSONS,8.03949%,93.521%,False,1,REAL MADRID,True
LIGA U,"2ª FASE Grupo ""A""",BAXI MANRESA,3,M. ROSELL LANZA,11.354%,5.41968%,False,1,REAL MADRID,True
LIGA U,"2ª FASE Grupo ""A""",BAXI MANRESA,3,M. ROSELL LANZA,24.8237%,85.0764%,True,1,REAL MADRID,True
LIGA U,"2ª FASE Grupo ""A""",BAXI MANRESA,9,B. JEKABSONS,75.7405%,13.9903%,False,1,REAL MADRID,True
LIGA U,"2ª FASE Grupo ""A""",BAXI MANRESA,3,M. ROSELL LANZA,9.30889%,38.9461%,False,1,REAL MADRID,True
LIGA U,"2ª FASE Grupo ""A""",REAL MADRID,17,E. AMOSOV,29.9718%,22.435%,True,1,BAXI MANRESA,False
LIGA U,"2ª FASE Grupo ""A""",REAL MADRID,17,E. AMOSOV,9.23836%,59.3644%,True,1,BAXI MANRESA,False
LIGA U,"2ª FASE Grupo ""A""",REAL MADRID,18,O. DIARRA,94.1467%,52.0541%,True,1,BAXI MANRESA,False
LIGA U,"2ª FASE Grupo ""A""",REAL MADRID,17,E. AMOSOV,69.464%,75.8755%,False,1,BAXI MANRESA,False
LIGA U,"2ª FASE Grupo ""A""",REAL MADRID,17,E. AMOSOV,28.2793%,78.1442%,False,1,BAXI MANRESA,False
LIGA U,"2ª FASE Grupo ""A""",REAL MADRID,7,H. ALONSO MARTINEZ,6.1354%,94.2772%,False,1,BAXI MANRESA,False
LIGA U,"2ª FASE Grupo ""A""",REAL MADRID,7,H. ALONSO MARTINEZ,33.6389%,45.8782%,False,1,BAXI MANRESA,False
LIGA U,"2ª FASE Grupo ""A""",REAL MADRID,9,I. RUPEREZ NUÑEZ-MORGADES,8.18054%,39.5763%,True,1,BAXI MANRESA,False
LIGA U,"2ª FASE Grupo ""A""",REAL MADRID,18,O. DIARRA,90.6206%,54.701%,True,1,BAXI MANRESA,False
LIGA U,"2ª FASE Grupo ""A""",REAL MADRID,10,O. KUTLUAY,69.8872%,65.7924%,False,1,BAXI MANRESA,False
LIGA U,"2ª FASE Grupo ""A""",REAL MADRID,8,F. KAYSER,27.433%,16.007%,False,1,BAXI MANRESA,False
LIGA U,"2ª FASE Grupo ""A""",REAL MADRID,11,A. BJELIC,25.0353%,84.5722%,False,1,BAXI MANRESA,False
LIGA U,"2ª FASE Grupo ""A""",REAL MADRID,11,A. BJELIC,9.6615%,51.8021%,False,1,BAXI MANRESA,False
LIGA U,"2ª FASE Grupo ""A""",REAL MADRID,18,O. DIARRA,88.7165%,48.525%,True,1,BAXI MANRESA,False
LIGA U,"2ª FASE Grupo ""A""",REAL MADRID,8,F. KAYSER,15.1622%,54.701%,True,1,BAXI MANRESA,False
LIGA U,"2ª FASE Grupo ""A""",REAL MADRID,8,F. KAYSER,6.91114%,92.3866%,False,1,BAXI MANRESA,False
LIGA U,"2ª FASE Grupo ""A""",REAL MADRID,8,F. KAYSER,28.9845%,21.5527%,False,1,BAXI MANRESA,False
LIGA U,"2ª FASE Grupo ""A""",REAL MADRID,7,H. ALONSO MARTINEZ,94.1467%,52.0541%,False,1,BAXI MANRESA,False
LIGA U,"2ª FASE Grupo ""A""",REAL MADRID,11,A. BJELIC,24.4711%,12.2258%,False,1,BAXI MANRESA,False
LIGA U,"2ª FASE Grupo ""A""",REAL MADRID,10,O. KUTLUAY,68.8999%,31.6358%,True,1,BAXI MANRESA,False
LIGA U,"2ª FASE Grupo ""A""",REAL MADRID,17,E. AMOSOV,11.6361%,31.0056%,True,1,BAXI MANRESA,False
LIGA U,"2ª FASE Grupo ""A""",REAL MADRID,8,F. KAYSER,12.2003%,28.6109%,False,1,BAXI MANRESA,False
LIGA U,"2ª FASE Grupo ""A""",REAL MADRID,14,I. FROLOV,30.536%,69.5736%,True,1,BAXI MANRESA,False
LIGA U,"2ª FASE Grupo ""A""",REAL MADRID,8,F. KAYSER,30.4654%,27.3505%,True,1,BAXI MANRESA,False
LIGA U,"2ª FASE Grupo ""A""",REAL MADRID,8,F. KAYSER,8.18054%,59.7425%,False,1,BAXI MANRESA,False
LIGA U,"2ª FASE Grupo ""A""",REAL MADRID,20,O. HADI ADEGBITE,91.1142%,46.8865%,True,1,BAXI MANRESA,False
LIGA U,"2ª FASE Grupo ""A""",REAL MADRID,8,F. KAYSER,89.3512%,44.9959%,True,1,BAXI MANRESA,False
LIGA U,"2ª FASE Grupo ""A""",REAL MADRID,18,O. DIARRA,11.354%,46.2563%,True,1,BAXI MANRESA,False
LIGA U,"2ª FASE Grupo ""A""",REAL MADRID,9,I. RUPEREZ NUÑEZ-MORGADES,26.0931%,13.3601%,False,1,BAXI MANRESA,False
LIGA U,"2ª FASE Grupo ""A""",REAL MADRID,8,F. KAYSER,16.2906%,61.6331%,False,1,BAXI MANRESA,False
LIGA U,"2ª FASE Grupo ""A""",REAL MADRID,4,G. TAVIER MONTOYA,10.2962%,53.4406%,True,1,BAXI MANRESA,False
LIGA U,"2ª FASE Grupo ""A""",REAL MADRID,7,H. ALONSO MARTINEZ,88.2934%,40.7106%,False,1,BAXI MANRESA,False
LIGA U,"2ª FASE Grupo ""A""",REAL MADRID,18,O. DIARRA,10.0846%,44.6178%,True,1,BAXI MANRESA,False
LIGA U,"2ª FASE Grupo ""A""",REAL MADRID,11,A. BJELIC,11.4245%,48.1469%,False,1,BAXI MANRESA,False
LIGA U,"2ª FASE Grupo ""A""",REAL MADRID,11,A. BJELIC,93.5825%,53.0624%,True,1,BAXI MANRESA,False
LIGA U,"2ª FASE Grupo ""A""",REAL MADRID,11,A. BJELIC,8.60367%,37.9378%,True,1,BAXI MANRESA,False
LIGA U,"2ª FASE Grupo ""A""",REAL MADRID,9,I. RUPEREZ NUÑEZ-MORGADES,10.4372%,38.9461%,False,1,BAXI MANRESA,False
LIGA U,"2ª FASE Grupo ""A""",REAL MADRID,14,I. FROLOV,10.2962%,9.32689%,False,1,BAXI MANRESA,False
LIGA U,"2ª FASE Grupo ""A""",REAL MADRID,8,F. KAYSER,80.8886%,44.3658%,False,1,BAXI MANRESA,False
LIGA U,"2ª FASE Grupo ""A""",REAL MADRID,18,O. DIARRA,84.2736%,51.1719%,True,1,BAXI MANRESA,False
LIGA U,"2ª FASE Grupo ""A""",REAL MADRID,10,O. KUTLUAY,81.4528%,48.6511%,True,1,BAXI MANRESA,False
LIGA U,"2ª FASE Grupo ""A""",REAL MADRID,15,R. RIOJA ACHIAGA,93.7236%,43.7356%,False,1,BAXI MANRESA,False
LIGA U,"2ª FASE Grupo ""A""",REAL MADRID,8,F. KAYSER,84.2031%,48.7771%,True,1,BAXI MANRESA,False
LIGA U,"2ª FASE Grupo ""A""",REAL MADRID,10,O. KUTLUAY,90.1269%,4.78948%,True,1,BAXI MANRESA,False
LIGA U,"2ª FASE Grupo ""A""",REAL MADRID,11,A. BJELIC,9.87306%,57.978%,False,1,BAXI MANRESA,False
LIGA U,"2ª FASE Grupo ""A""",REAL MADRID,7,H. ALONSO MARTINEZ,8.74471%,56.8436%,False,1,BAXI MANRESA,False
LIGA U,"2ª FASE Grupo ""A""",REAL MADRID,18,O. DIARRA,8.74471%,53.4406%,False,1,BAXI MANRESA,False
LIGA U,"2ª FASE Grupo ""A""",REAL MADRID,17,E. AMOSOV,32.9337%,27.7286%,False,1,BAXI MANRESA,False
LIGA U,"2ª FASE Grupo ""A""",REAL MADRID,7,H. ALONSO MARTINEZ,89.9859%,55.3312%,True,1,BAXI MANRESA,False
LIGA U,"2ª FASE Grupo ""A""",REAL MADRID,10,O. KUTLUAY,93.653%,71.9683%,False,1,BAXI MANRESA,False
LIGA U,"2ª FASE Grupo ""A""",REAL MADRID,8,F. KAYSER,31.2412%,28.7369%,True,1,BAXI MANRESA,False
LIGA U,"2ª FASE Grupo ""A""",REAL MADRID,10,O. KUTLUAY,12.5529%,37.8117%,False,1,BAXI MANRESA,False
LIGA U,"2ª FASE Grupo ""A""",REAL MADRID,7,H. ALONSO MARTINEZ,78.6319%,8.44462%,False,1,BAXI MANRESA,False
LIGA U,"2ª FASE Grupo ""A""",REAL MADRID,9,I. RUPEREZ NUÑEZ-MORGADES,90.6206%,54.701%,False,1,BAXI MANRESA,False
LIGA U,"2ª FASE Grupo ""A""",REAL MADRID,8,F. KAYSER,7.33427%,92.6387%,False,1,BAXI MANRESA,False
LIGA U,"2ª FASE Grupo ""A""",REAL MADRID,17,E. AMOSOV,96.4739%,93.0168%,True,1,BAXI MANRESA,False
LIGA U,"2ª FASE Grupo ""A""",REAL MADRID,11,A. BJELIC,75.5289%,11.9737%,False,1,BAXI MANRESA,False
LIGA U,"2ª FASE Grupo ""A""",REAL MADRID,8,F. KAYSER,91.8195%,61.7591%,False,1,BAXI MANRESA,False
LIGA U,"2ª FASE Grupo ""A""",REAL MADRID,7,H. ALONSO MARTINEZ,12.835%,39.0721%,True,1,BAXI MANRESA,False
LIGA U,"2ª FASE Grupo ""A""",REAL MADRID,18,O. DIARRA,89.1396%,51.1719%,True,1,BAXI MANRESA,False
LIGA U,"2ª FASE Grupo ""A""",REAL MADRID,9,I. RUPEREZ NUÑEZ-MORGADES,90.7616%,57.5999%,True,1,BAXI MANRESA,False
LIGA U,"2ª FASE Grupo ""A""",REAL MADRID,14,I. FROLOV,90.1269%,42.6012%,True,1,BAXI MANRESA,False
LIGA U,"2ª FASE Grupo ""A""",REAL MADRID,17,E. AMOSOV,11.5656%,25.0818%,False,1,BAXI MANRESA,False
LIGA U,"2ª FASE Grupo ""A""",REAL MADRID,20,O. HADI ADEGBITE,86.1777%,49.2813%,True,1,BAXI MANRESA,False
LIGA U,"2ª FASE Grupo ""A""",REAL MADRID,8,F. KAYSER,10.5078%,57.5999%,True,1,BAXI MANRESA,False
LIGA U,"2ª FASE Grupo ""A""",REAL MADRID,9,I. RUPEREZ NUÑEZ-MORGADES,11.8477%,37.3076%,False,1,BAXI MANRESA,False
LIGA U,"2ª FASE Grupo ""A""",REAL MADRID,17,E. AMOSOV,88.2934%,36.4253%,False,1,BAXI MANRESA,False
LIGA U,"2ª FASE Grupo ""A""",REAL MADRID,4,G. TAVIER MONTOYA,11.7772%,48.9032%,True,1,BAXI MANRESA,False
LIGA U,"2ª FASE Grupo ""A""",REAL MADRID,17,E. AMOSOV,27.3625%,84.6983%,False,1,BAXI MANRESA,False
LIGA U,"2ª FASE Grupo ""A""",REAL MADRID,7,H. ALONSO MARTINEZ,8.53315%,50.7937%,True,1,BAXI MANRESA,False
LIGA U,"2ª FASE Grupo ""A""",REAL MADRID,11,A. BJELIC,12.4824%,43.6095%,False,1,BAXI MANRESA,False
LIGA U,"2ª FASE Grupo ""A""",REAL MADRID,9,I. RUPEREZ NUÑEZ-MORGADES,91.5374%,71.4642%,False,1,BAXI MANRESA,False
LIGA U,"2ª FASE Grupo ""A""",REAL MADRID,18,O. DIARRA,11.4245%,48.1469%,True,1,BAXI MANRESA,False
LIGA U,"2ª FASE Grupo ""A""",REAL MADRID,10,O. KUTLUAY,86.8829%,57.978%,True,1,BAXI MANRESA,False
LIGA U,"2ª FASE Grupo ""A""",REAL MADRID,10,O. KUTLUAY,22.9901%,44.4918%,False,1,BAXI MANRESA,False
LIGA U,"2ª FASE Grupo ""A""",REAL MADRID,14,I. FROLOV,8.74471%,53.4406%,True,1,BAXI MANRESA,False
LIGA U,"2ª FASE Grupo ""A""",REAL MADRID,17,E. AMOSOV,30.6065%,27.9807%,False,1,BAXI MANRESA,False
LIGA U,"2ª FASE Grupo ""A""",GRAN CANARIA,2,E. HEINONEN,89.9154%,23.9474%,False,1,FUNDACIÓN CB CANARIAS,True
LIGA U,"2ª FASE Grupo ""A""",GRAN CANARIA,27,M. MITEO,84.7673%,46.7605%,True,1,FUNDACIÓN CB CANARIAS,True
LIGA U,"2ª FASE Grupo ""A""",GRAN CANARIA,47,B. GONZÁLEZ RAMÍREZ,32.8632%,31.1317%,False,1,FUNDACIÓN CB CANARIAS,True
LIGA U,"2ª FASE Grupo ""A""",GRAN CANARIA,47,B. GONZÁLEZ RAMÍREZ,81.8759%,48.525%,False,1,FUNDACIÓN CB CANARIAS,True
LIGA U,"2ª FASE Grupo ""A""",GRAN CANARIA,27,M. MITEO,89.9154%,42.0971%,False,1,FUNDACIÓN CB CANARIAS,True
LIGA U,"2ª FASE Grupo ""A""",GRAN CANARIA,30,G. BAEZ PIERSON,28.7024%,17.6455%,False,1,FUNDACIÓN CB CANARIAS,True
LIGA U,"2ª FASE Grupo ""A""",GRAN CANARIA,17,P. PASQUA AMAT,71.086%,15.6288%,False,1,FUNDACIÓN CB CANARIAS,True
LIGA U,"2ª FASE Grupo ""A""",GRAN CANARIA,47,B. GONZÁLEZ RAMÍREZ,66.22%,37.0555%,True,1,FUNDACIÓN CB CANARIAS,True
LIGA U,"2ª FASE Grupo ""A""",GRAN CANARIA,11,W. TSAFACK,91.1142%,52.9364%,True,1,FUNDACIÓN CB CANARIAS,True
LIGA U,"2ª FASE Grupo ""A""",GRAN CANARIA,47,B. GONZÁLEZ RAMÍREZ,32.0874%,28.989%,False,1,FUNDACIÓN CB CANARIAS,True
LIGA U,"2ª FASE Grupo ""A""",GRAN CANARIA,2,E. HEINONEN,9.23836%,44.7439%,True,1,FUNDACIÓN CB CANARIAS,True
LIGA U,"2ª FASE Grupo ""A""",GRAN CANARIA,47,B. GONZÁLEZ RAMÍREZ,87.0945%,46.3824%,True,1,FUNDACIÓN CB CANARIAS,True
LIGA U,"2ª FASE Grupo ""A""",GRAN CANARIA,7,F. DÍAZ HERRERA,84.2736%,52.6843%,False,1,FUNDACIÓN CB CANARIAS,True
LIGA U,"2ª FASE Grupo ""A""",GRAN CANARIA,7,F. DÍAZ HERRERA,33.6389%,75.3714%,True,1,FUNDACIÓN CB CANARIAS,True
LIGA U,"2ª FASE Grupo ""A""",GRAN CANARIA,11,W. TSAFACK,88.646%,69.1955%,False,1,FUNDACIÓN CB CANARIAS,True
LIGA U,"2ª FASE Grupo ""A""",GRAN CANARIA,2,E. HEINONEN,68.6883%,32.266%,False,1,FUNDACIÓN CB CANARIAS,True
LIGA U,"2ª FASE Grupo ""A""",GRAN CANARIA,47,B. GONZÁLEZ RAMÍREZ,65.8674%,30.1233%,False,1,FUNDACIÓN CB CANARIAS,True
LIGA U,"2ª FASE Grupo ""A""",GRAN CANARIA,2,E. HEINONEN,74.6827%,11.0914%,False,1,FUNDACIÓN CB CANARIAS,True
LIGA U,"2ª FASE Grupo ""A""",GRAN CANARIA,2,E. HEINONEN,27.292%,18.0236%,False,1,FUNDACIÓN CB CANARIAS,True
LIGA U,"2ª FASE Grupo ""A""",GRAN CANARIA,30,G. BAEZ PIERSON,26.8688%,16.7632%,True,1,FUNDACIÓN CB CANARIAS,True
LIGA U,"2ª FASE Grupo ""A""",GRAN CANARIA,27,M. MITEO,87.7292%,20.6704%,False,1,FUNDACIÓN CB CANARIAS,True
LIGA U,"2ª FASE Grupo ""A""",GRAN CANARIA,11,W. TSAFACK,88.5755%,46.3824%,True,1,FUNDACIÓN CB CANARIAS,True
LIGA U,"2ª FASE Grupo ""A""",GRAN CANARIA,17,P. PASQUA AMAT,9.37941%,48.6511%,True,1,FUNDACIÓN CB CANARIAS,True
LIGA U,"2ª FASE Grupo ""A""",GRAN CANARIA,27,M. MITEO,76.5162%,50.7937%,False,1,FUNDACIÓN CB CANARIAS,True
LIGA U,"2ª FASE Grupo ""A""",GRAN CANARIA,12,C. MBENGUE,91.0437%,51.0458%,False,1,FUNDACIÓN CB CANARIAS,True
LIGA U,"2ª FASE Grupo ""A""",GRAN CANARIA,7,F. DÍAZ HERRERA,9.0268%,47.3907%,True,1,FUNDACIÓN CB CANARIAS,True
LIGA U,"2ª FASE Grupo ""A""",GRAN CANARIA,47,B. GONZÁLEZ RAMÍREZ,82.299%,44.1137%,False,1,FUNDACIÓN CB CANARIAS,True
LIGA U,"2ª FASE Grupo ""A""",GRAN CANARIA,11,W. TSAFACK,89.1396%,48.273%,False,1,FUNDACIÓN CB CANARIAS,True
LIGA U,"2ª FASE Grupo ""A""",GRAN CANARIA,17,P. PASQUA AMAT,71.0155%,20.2923%,False,1,FUNDACIÓN CB CANARIAS,True
LIGA U,"2ª FASE Grupo ""A""",GRAN CANARIA,47,B. GONZÁLEZ RAMÍREZ,22.567%,51.0458%,False,1,FUNDACIÓN CB CANARIAS,True
LIGA U,"2ª FASE Grupo ""A""",GRAN CANARIA,2,E. HEINONEN,5.57123%,4.15929%,False,1,FUNDACIÓN CB CANARIAS,True
LIGA U,"2ª FASE Grupo ""A""",GRAN CANARIA,11,W. TSAFACK,32.3695%,17.0153%,False,1,FUNDACIÓN CB CANARIAS,True
LIGA U,"2ª FASE Grupo ""A""",GRAN CANARIA,7,F. DÍAZ HERRERA,10.5078%,42.2231%,True,1,FUNDACIÓN CB CANARIAS,True
LIGA U,"2ª FASE Grupo ""A""",GRAN CANARIA,7,F. DÍAZ HERRERA,11.9887%,50.7937%,False,1,FUNDACIÓN CB CANARIAS,True
LIGA U,"2ª FASE Grupo ""A""",GRAN CANARIA,12,C. MBENGUE,89.9859%,41.4669%,False,1,FUNDACIÓN CB CANARIAS,True
LIGA U,"2ª FASE Grupo ""A""",GRAN CANARIA,11,W. TSAFACK,92.5952%,6.42799%,False,1,FUNDACIÓN CB CANARIAS,True
LIGA U,"2ª FASE Grupo ""A""",GRAN CANARIA,27,M. MITEO,72.0733%,84.4462%,False,1,FUNDACIÓN CB CANARIAS,True
LIGA U,"2ª FASE Grupo ""A""",GRAN CANARIA,11,W. TSAFACK,7.33427%,44.4918%,True,1,FUNDACIÓN CB CANARIAS,True
LIGA U,"2ª FASE Grupo ""A""",GRAN CANARIA,2,E. HEINONEN,91.89%,3.52909%,False,1,FUNDACIÓN CB CANARIAS,True
LIGA U,"2ª FASE Grupo ""A""",GRAN CANARIA,7,F. DÍAZ HERRERA,73.2017%,86.967%,False,1,FUNDACIÓN CB CANARIAS,True
LIGA U,"2ª FASE Grupo ""A""",GRAN CANARIA,12,C. MBENGUE,5.50071%,50.2896%,True,1,FUNDACIÓN CB CANARIAS,True
LIGA U,"2ª FASE Grupo ""A""",GRAN CANARIA,30,G. BAEZ PIERSON,34.2031%,71.5902%,True,1,FUNDACIÓN CB CANARIAS,True
LIGA U,"2ª FASE Grupo ""A""",GRAN CANARIA,23,M. COULIBALY,11.0014%,43.9876%,False,1,FUNDACIÓN CB CANARIAS,True
LIGA U,"2ª FASE Grupo ""A""",GRAN CANARIA,11,W. TSAFACK,85.0494%,44.1137%,False,1,FUNDACIÓN CB CANARIAS,True
LIGA U,"2ª FASE Grupo ""A""",GRAN CANARIA,11,W. TSAFACK,27.292%,18.0236%,True,1,FUNDACIÓN CB CANARIAS,True
LIGA U,"2ª FASE Grupo ""A""",GRAN CANARIA,2,E. HEINONEN,11.2835%,42.9793%,False,1,FUNDACIÓN CB CANARIAS,True
LIGA U,"2ª FASE Grupo ""A""",GRAN CANARIA,47,B. GONZÁLEZ RAMÍREZ,87.0945%,79.2786%,True,1,FUNDACIÓN CB CANARIAS,True
LIGA U,"2ª FASE Grupo ""A""",GRAN CANARIA,30,G. BAEZ PIERSON,75.1763%,14.1164%,False,1,FUNDACIÓN CB CANARIAS,True
LIGA U,"2ª FASE Grupo ""A""",GRAN CANARIA,11,W. TSAFACK,29.4076%,76.3797%,False,1,FUNDACIÓN CB CANARIAS,True
LIGA U,"2ª FASE Grupo ""A""",GRAN CANARIA,7,F. DÍAZ HERRERA,12.9055%,21.1746%,False,1,FUNDACIÓN CB CANARIAS,True
LIGA U,"2ª FASE Grupo ""A""",GRAN CANARIA,11,W. TSAFACK,77.3625%,71.086%,False,1,FUNDACIÓN CB CANARIAS,True
LIGA U,"2ª FASE Grupo ""A""",GRAN CANARIA,2,E. HEINONEN,63.6812%,46.8865%,False,1,FUNDACIÓN CB CANARIAS,True
LIGA U,"2ª FASE Grupo ""A""",GRAN CANARIA,11,W. TSAFACK,12.0592%,47.5167%,False,1,FUNDACIÓN CB CANARIAS,True
LIGA U,"2ª FASE Grupo ""A""",GRAN CANARIA,47,B. GONZÁLEZ RAMÍREZ,86.5303%,49.0292%,False,1,FUNDACIÓN CB CANARIAS,True
LIGA U,"2ª FASE Grupo ""A""",GRAN CANARIA,47,B. GONZÁLEZ RAMÍREZ,9.87306%,26.4682%,False,1,FUNDACIÓN CB CANARIAS,True
LIGA U,"2ª FASE Grupo ""A""",GRAN CANARIA,47,B. GONZÁLEZ RAMÍREZ,75.811%,54.701%,True,1,FUNDACIÓN CB CANARIAS,True
LIGA U,"2ª FASE Grupo ""A""",GRAN CANARIA,23,M. COULIBALY,87.8702%,47.7688%,False,1,FUNDACIÓN CB CANARIAS,True
LIGA U,"2ª FASE Grupo ""A""",GRAN CANARIA,2,E. HEINONEN,89.7038%,46.3824%,True,1,FUNDACIÓN CB CANARIAS,True
LIGA U,"2ª FASE Grupo ""A""",GRAN CANARIA,2,E. HEINONEN,32.5811%,32.6441%,False,1,FUNDACIÓN CB CANARIAS,True
LIGA U,"2ª FASE Grupo ""A""",GRAN CANARIA,2,E. HEINONEN,65.3032%,64.532%,False,1,FUNDACIÓN CB CANARIAS,True
LIGA U,"2ª FASE Grupo ""A""",GRAN CANARIA,27,M. MITEO,73.3427%,14.3685%,True,1,FUNDACIÓN CB CANARIAS,True
LIGA U,"2ª FASE Grupo ""A""",GRAN CANARIA,7,F. DÍAZ HERRERA,81.1707%,52.0541%,False,1,FUNDACIÓN CB CANARIAS,True
LIGA U,"2ª FASE Grupo ""A""",GRAN CANARIA,12,C. MBENGUE,7.96897%,49.7854%,True,1,FUNDACIÓN CB CANARIAS,True
LIGA U,"2ª FASE Grupo ""A""",GRAN CANARIA,27,M. MITEO,7.47532%,48.525%,False,1,FUNDACIÓN CB CANARIAS,True
LIGA U,"2ª FASE Grupo ""A""",GRAN CANARIA,11,W. TSAFACK,8.60367%,50.5417%,True,1,FUNDACIÓN CB CANARIAS,True
LIGA U,"2ª FASE Grupo ""A""",GRAN CANARIA,27,M. MITEO,88.0818%,50.4156%,True,1,FUNDACIÓN CB CANARIAS,True
LIGA U,"2ª FASE Grupo ""A""",GRAN CANARIA,47,B. GONZÁLEZ RAMÍREZ,70.1693%,78.6484%,False,1,FUNDACIÓN CB CANARIAS,True
LIGA U,"2ª FASE Grupo ""A""",GRAN CANARIA,30,G. BAEZ PIERSON,65.5853%,26.7203%,False,1,FUNDACIÓN CB CANARIAS,True
LIGA U,"2ª FASE Grupo ""A""",GRAN CANARIA,30,G. BAEZ PIERSON,33.1453%,83.1858%,False,1,FUNDACIÓN CB CANARIAS,True
LIGA U,"2ª FASE Grupo ""A""",GRAN CANARIA,2,E. HEINONEN,84.6262%,40.8367%,False,1,FUNDACIÓN CB CANARIAS,True
LIGA U,"2ª FASE Grupo ""A""",GRAN CANARIA,2,E. HEINONEN,91.6784%,36.6774%,False,1,FUNDACIÓN CB CANARIAS,True
LIGA U,"2ª FASE Grupo ""A""",GRAN CANARIA,47,B. GONZÁLEZ RAMÍREZ,65.3032%,49.1552%,True,1,FUNDACIÓN CB CANARIAS,True
LIGA U,"2ª FASE Grupo ""A""",GRAN CANARIA,11,W. TSAFACK,72.3554%,81.7994%,False,1,FUNDACIÓN CB CANARIAS,True
LIGA U,"2ª FASE Grupo ""A""",GRAN CANARIA,47,B. GONZÁLEZ RAMÍREZ,27.574%,13.9903%,True,1,FUNDACIÓN CB CANARIAS,True
LIGA U,"2ª FASE Grupo ""A""",GRAN CANARIA,23,M. COULIBALY,8.67419%,53.4406%,False,1,FUNDACIÓN CB CANARIAS,True
LIGA U,"2ª FASE Grupo ""A""",FUNDACIÓN CB CANARIAS,16,D. BORDÓN DRI,29.3371%,19.5361%,True,1,GRAN CANARIA,False
LIGA U,"2ª FASE Grupo ""A""",FUNDACIÓN CB CANARIAS,11,L. RIGA,67.7715%,25.838%,False,1,GRAN CANARIA,False
LIGA U,"2ª FASE Grupo ""A""",FUNDACIÓN CB CANARIAS,6,X. LOPEZ RODRIGUEZ,88.0818%,27.4765%,True,1,GRAN CANARIA,False
LIGA U,"2ª FASE Grupo ""A""",FUNDACIÓN CB CANARIAS,16,D. BORDÓN DRI,11.354%,53.5666%,True,1,GRAN CANARIA,False
LIGA U,"2ª FASE Grupo ""A""",FUNDACIÓN CB CANARIAS,14,D. ACOSTA MOLINÉ,88.9986%,42.0971%,True,1,GRAN CANARIA,False
LIGA U,"2ª FASE Grupo ""A""",FUNDACIÓN CB CANARIAS,6,X. LOPEZ RODRIGUEZ,84.2736%,46.3824%,False,1,GRAN CANARIA,False
LIGA U,"2ª FASE Grupo ""A""",FUNDACIÓN CB CANARIAS,6,X. LOPEZ RODRIGUEZ,88.3639%,44.7439%,True,1,GRAN CANARIA,False
LIGA U,"2ª FASE Grupo ""A""",FUNDACIÓN CB CANARIAS,16,D. BORDÓN DRI,65.4443%,22.3089%,False,1,GRAN CANARIA,False
LIGA U,"2ª FASE Grupo ""A""",FUNDACIÓN CB CANARIAS,16,D. BORDÓN DRI,35.4725%,46.0043%,True,1,GRAN CANARIA,False
LIGA U,"2ª FASE Grupo ""A""",FUNDACIÓN CB CANARIAS,13,D. FERNANDEZ TRUJILLO,87.3061%,46.6345%,False,1,GRAN CANARIA,False
LIGA U,"2ª FASE Grupo ""A""",FUNDACIÓN CB CANARIAS,6,X. LOPEZ RODRIGUEZ,66.5021%,71.8423%,True,1,GRAN CANARIA,False
LIGA U,"2ª FASE Grupo ""A""",FUNDACIÓN CB CANARIAS,22,R. RODRIGUEZ GALVAN,28.4203%,85.3285%,True,1,GRAN CANARIA,False
LIGA U,"2ª FASE Grupo ""A""",FUNDACIÓN CB CANARIAS,23,M. SANGARE,35.6135%,44.9959%,False,1,GRAN CANARIA,False
LIGA U,"2ª FASE Grupo ""A""",FUNDACIÓN CB CANARIAS,16,D. BORDÓN DRI,8.32158%,56.4655%,False,1,GRAN CANARIA,False
LIGA U,"2ª FASE Grupo ""A""",FUNDACIÓN CB CANARIAS,22,R. RODRIGUEZ GALVAN,70.5924%,81.2952%,False,1,GRAN CANARIA,False
LIGA U,"2ª FASE Grupo ""A""",FUNDACIÓN CB CANARIAS,45,E. LIMA TEIXEIRA,13.8928%,50.5417%,True,1,GRAN CANARIA,False
LIGA U,"2ª FASE Grupo ""A""",FUNDACIÓN CB CANARIAS,16,D. BORDÓN DRI,85.9662%,49.0292%,False,1,GRAN CANARIA,False
LIGA U,"2ª FASE Grupo ""A""",FUNDACIÓN CB CANARIAS,22,R. RODRIGUEZ GALVAN,32.0169%,22.0568%,False,1,GRAN CANARIA,False
LIGA U,"2ª FASE Grupo ""A""",FUNDACIÓN CB CANARIAS,11,L. RIGA,70.3103%,17.2674%,True,1,GRAN CANARIA,False
LIGA U,"2ª FASE Grupo ""A""",FUNDACIÓN CB CANARIAS,22,R. RODRIGUEZ GALVAN,69.2525%,75.4974%,False,1,GRAN CANARIA,False
LIGA U,"2ª FASE Grupo ""A""",FUNDACIÓN CB CANARIAS,23,M. SANGARE,6.06488%,40.8367%,True,1,GRAN CANARIA,False
LIGA U,"2ª FASE Grupo ""A""",FUNDACIÓN CB CANARIAS,23,M. SANGARE,91.4669%,48.399%,True,1,GRAN CANARIA,False
LIGA U,"2ª FASE Grupo ""A""",FUNDACIÓN CB CANARIAS,23,M. SANGARE,86.4598%,56.4655%,False,1,GRAN CANARIA,False
LIGA U,"2ª FASE Grupo ""A""",FUNDACIÓN CB CANARIAS,23,M. SANGARE,11.354%,3.15098%,False,1,GRAN CANARIA,False
LIGA U,"2ª FASE Grupo ""A""",FUNDACIÓN CB CANARIAS,23,M. SANGARE,93.0183%,51.8021%,True,1,GRAN CANARIA,False
LIGA U,"2ª FASE Grupo ""A""",FUNDACIÓN CB CANARIAS,16,D. BORDÓN DRI,10.2257%,46.2563%,True,1,GRAN CANARIA,False
LIGA U,"2ª FASE Grupo ""A""",FUNDACIÓN CB CANARIAS,23,M. SANGARE,18.8999%,28.8629%,False,1,GRAN CANARIA,False
LIGA U,"2ª FASE Grupo ""A""",FUNDACIÓN CB CANARIAS,22,R. RODRIGUEZ GALVAN,69.6051%,21.9308%,True,1,GRAN CANARIA,False
LIGA U,"2ª FASE Grupo ""A""",FUNDACIÓN CB CANARIAS,14,D. ACOSTA MOLINÉ,7.12271%,52.9364%,True,1,GRAN CANARIA,False
LIGA U,"2ª FASE Grupo ""A""",FUNDACIÓN CB CANARIAS,6,X. LOPEZ RODRIGUEZ,9.73202%,44.6178%,False,1,GRAN CANARIA,False
LIGA U,"2ª FASE Grupo ""A""",FUNDACIÓN CB CANARIAS,14,D. ACOSTA MOLINÉ,93.653%,59.2384%,False,1,GRAN CANARIA,False
LIGA U,"2ª FASE Grupo ""A""",FUNDACIÓN CB CANARIAS,16,D. BORDÓN DRI,15.6559%,41.3408%,True,1,GRAN CANARIA,False
LIGA U,"2ª FASE Grupo ""A""",FUNDACIÓN CB CANARIAS,16,D. BORDÓN DRI,29.3371%,84.8243%,False,1,GRAN CANARIA,False
LIGA U,"2ª FASE Grupo ""A""",FUNDACIÓN CB CANARIAS,14,D. ACOSTA MOLINÉ,89.2102%,50.9198%,True,1,GRAN CANARIA,False
LIGA U,"2ª FASE Grupo ""A""",FUNDACIÓN CB CANARIAS,11,L. RIGA,30.677%,75.1193%,True,1,GRAN CANARIA,False
LIGA U,"2ª FASE Grupo ""A""",FUNDACIÓN CB CANARIAS,6,X. LOPEZ RODRIGUEZ,24.2595%,10.8394%,True,1,GRAN CANARIA,False
LIGA U,"2ª FASE Grupo ""A""",FUNDACIÓN CB CANARIAS,22,R. RODRIGUEZ GALVAN,26.7278%,85.7066%,False,1,GRAN CANARIA,False
LIGA U,"2ª FASE Grupo ""A""",FUNDACIÓN CB CANARIAS,14,D. ACOSTA MOLINÉ,7.68688%,51.8021%,False,1,GRAN CANARIA,False
LIGA U,"2ª FASE Grupo ""A""",FUNDACIÓN CB CANARIAS,6,X. LOPEZ RODRIGUEZ,5.71227%,42.4752%,True,1,GRAN CANARIA,False
LIGA U,"2ª FASE Grupo ""A""",FUNDACIÓN CB CANARIAS,13,D. FERNANDEZ TRUJILLO,9.23836%,49.0292%,False,1,GRAN CANARIA,False
LIGA U,"2ª FASE Grupo ""A""",FUNDACIÓN CB CANARIAS,16,D. BORDÓN DRI,10.0846%,47.0126%,True,1,GRAN CANARIA,False
LIGA U,"2ª FASE Grupo ""A""",FUNDACIÓN CB CANARIAS,16,D. BORDÓN DRI,90.0564%,48.0209%,True,1,GRAN CANARIA,False
LIGA U,"2ª FASE Grupo ""A""",FUNDACIÓN CB CANARIAS,16,D. BORDÓN DRI,28.2087%,11.5956%,False,1,GRAN CANARIA,False
LIGA U,"2ª FASE Grupo ""A""",FUNDACIÓN CB CANARIAS,8,E. PREKEVICIUS,7.96897%,4.28533%,False,1,GRAN CANARIA,False
LIGA U,"2ª FASE Grupo ""A""",FUNDACIÓN CB CANARIAS,16,D. BORDÓN DRI,6.20592%,54.827%,False,1,GRAN CANARIA,False
LIGA U,"2ª FASE Grupo ""A""",FUNDACIÓN CB CANARIAS,22,R. RODRIGUEZ GALVAN,64.2454%,57.3478%,False,1,GRAN CANARIA,False
LIGA U,"2ª FASE Grupo ""A""",FUNDACIÓN CB CANARIAS,8,E. PREKEVICIUS,93.3004%,3.27702%,False,1,GRAN CANARIA,False
LIGA U,"2ª FASE Grupo ""A""",FUNDACIÓN CB CANARIAS,22,R. RODRIGUEZ GALVAN,11.4245%,23.6953%,False,1,GRAN CANARIA,False
LIGA U,"2ª FASE Grupo ""A""",FUNDACIÓN CB CANARIAS,23,M. SANGARE,88.5049%,44.3658%,True,1,GRAN CANARIA,False
LIGA U,"2ª FASE Grupo ""A""",FUNDACIÓN CB CANARIAS,14,D. ACOSTA MOLINÉ,8.03949%,51.676%,True,1,GRAN CANARIA,False
LIGA U,"2ª FASE Grupo ""A""",FUNDACIÓN CB CANARIAS,11,L. RIGA,68.1946%,20.9225%,True,1,GRAN CANARIA,False
LIGA U,"2ª FASE Grupo ""A""",FUNDACIÓN CB CANARIAS,11,L. RIGA,88.2934%,51.55%,False,1,GRAN CANARIA,False
LIGA U,"2ª FASE Grupo ""A""",FUNDACIÓN CB CANARIAS,22,R. RODRIGUEZ GALVAN,34.5557%,72.9766%,False,1,GRAN CANARIA,False
LIGA U,"2ª FASE Grupo ""A""",FUNDACIÓN CB CANARIAS,11,L. RIGA,80.2539%,75.1193%,False,1,GRAN CANARIA,False
LIGA U,"2ª FASE Grupo ""A""",FUNDACIÓN CB CANARIAS,6,X. LOPEZ RODRIGUEZ,11.0014%,45.7522%,False,1,GRAN CANARIA,False
LIGA U,"2ª FASE Grupo ""A""",FUNDACIÓN CB CANARIAS,16,D. BORDÓN DRI,88.1523%,5.29364%,False,1,GRAN CANARIA,False
LIGA U,"2ª FASE Grupo ""A""",FUNDACIÓN CB CANARIAS,6,X. LOPEZ RODRIGUEZ,9.6615%,76.0016%,False,1,GRAN CANARIA,False
LIGA U,"2ª FASE Grupo ""A""",FUNDACIÓN CB CANARIAS,16,D. BORDÓN DRI,8.88575%,70.5819%,False,1,GRAN CANARIA,False
LIGA U,"2ª FASE Grupo ""A""",FUNDACIÓN CB CANARIAS,14,D. ACOSTA MOLINÉ,8.11001%,51.2979%,True,1,GRAN CANARIA,False
LIGA U,"2ª FASE Grupo ""A""",FUNDACIÓN CB CANARIAS,9,M. CRUJEIRAS MOREIRAS,9.94358%,27.4765%,False,1,GRAN CANARIA,False
LIGA U,"2ª FASE Grupo ""A""",FUNDACIÓN CB CANARIAS,14,D. ACOSTA MOLINÉ,10.0141%,47.5167%,False,1,GRAN CANARIA,False
LIGA U,"2ª FASE Grupo ""A""",FUNDACIÓN CB CANARIAS,16,D. BORDÓN DRI,13.6812%,39.9544%,False,1,GRAN CANARIA,False
LIGA U,"2ª FASE Grupo ""A""",FUNDACIÓN CB CANARIAS,6,X. LOPEZ RODRIGUEZ,86.6714%,37.6857%,False,1,GRAN CANARIA,False
LIGA U,"2ª FASE Grupo ""A""",FUNDACIÓN CB CANARIAS,22,R. RODRIGUEZ GALVAN,9.44993%,45.7522%,True,1,GRAN CANARIA,False
LIGA U,"2ª FASE Grupo ""A""",FUNDACIÓN CB CANARIAS,13,D. FERNANDEZ TRUJILLO,69.6051%,16.259%,False,1,GRAN CANARIA,False
LIGA U,"2ª FASE Grupo ""A""",FUNDACIÓN CB CANARIAS,22,R. RODRIGUEZ GALVAN,69.6756%,76.8838%,False,1,GRAN CANARIA,False
LIGA U,"2ª FASE Grupo ""A""",FUNDACIÓN CB CANARIAS,14,D. ACOSTA MOLINÉ,89.7743%,47.0126%,True,1,GRAN CANARIA,False
LIGA U,"2ª FASE Grupo ""A""",FUNDACIÓN CB CANARIAS,16,D. BORDÓN DRI,62.835%,50.2896%,False,1,GRAN CANARIA,False
LIGA U,"2ª FASE Grupo ""A""",BURGOS GRUPO DE SANTIAGO,57,L. KRISPIN,6.98166%,46.0043%,True,1,CASADEMONT ZARAGOZA,True
LIGA U,"2ª FASE Grupo ""A""",BURGOS GRUPO DE SANTIAGO,7,A. LASO CAREAGA,65.5148%,34.0306%,False,1,CASADEMONT ZARAGOZA,True
LIGA U,"2ª FASE Grupo ""A""",BURGOS GRUPO DE SANTIAGO,9,A. REYES ABAD,88.9986%,54.827%,True,1,CASADEMONT ZARAGOZA,True
LIGA U,"2ª FASE Grupo ""A""",BURGOS GRUPO DE SANTIAGO,12,F. NUÑEZ,91.0437%,54.1968%,True,1,CASADEMONT ZARAGOZA,True
LIGA U,"2ª FASE Grupo ""A""",BURGOS GRUPO DE SANTIAGO,57,L. KRISPIN,32.299%,67.683%,False,1,CASADEMONT ZARAGOZA,True
LIGA U,"2ª FASE Grupo ""A""",BURGOS GRUPO DE SANTIAGO,13,D. RODRIGUEZ RAMOS,28.7729%,75.8755%,False,1,CASADEMONT ZARAGOZA,True
LIGA U,"2ª FASE Grupo ""A""",BURGOS GRUPO DE SANTIAGO,59,J. TABOADA LÜHERS,95.2045%,46.3824%,True,1,CASADEMONT ZARAGOZA,True
LIGA U,"2ª FASE Grupo ""A""",BURGOS GRUPO DE SANTIAGO,12,F. NUÑEZ,69.8872%,21.6787%,True,1,CASADEMONT ZARAGOZA,True
LIGA U,"2ª FASE Grupo ""A""",BURGOS GRUPO DE SANTIAGO,5,A. TRAORE,9.23836%,45.8782%,True,1,CASADEMONT ZARAGOZA,True
LIGA U,"2ª FASE Grupo ""A""",BURGOS GRUPO DE SANTIAGO,13,D. RODRIGUEZ RAMOS,9.87306%,50.9198%,True,1,CASADEMONT ZARAGOZA,True
LIGA U,"2ª FASE Grupo ""A""",BURGOS GRUPO DE SANTIAGO,4,R. RODRIGUEZ,71.5092%,17.8975%,False,1,CASADEMONT ZARAGOZA,True
LIGA U,"2ª FASE Grupo ""A""",BURGOS GRUPO DE SANTIAGO,57,L. KRISPIN,9.52045%,51.55%,True,1,CASADEMONT ZARAGOZA,True
LIGA U,"2ª FASE Grupo ""A""",BURGOS GRUPO DE SANTIAGO,57,L. KRISPIN,87.8702%,51.0458%,False,1,CASADEMONT ZARAGOZA,True
LIGA U,"2ª FASE Grupo ""A""",BURGOS GRUPO DE SANTIAGO,59,J. TABOADA LÜHERS,10.5078%,48.7771%,True,1,CASADEMONT ZARAGOZA,True
LIGA U,"2ª FASE Grupo ""A""",BURGOS GRUPO DE SANTIAGO,4,R. RODRIGUEZ,68.5473%,22.8131%,False,1,CASADEMONT ZARAGOZA,True
LIGA U,"2ª FASE Grupo ""A""",BURGOS GRUPO DE SANTIAGO,59,J. TABOADA LÜHERS,29.2666%,23.0652%,False,1,CASADEMONT ZARAGOZA,True
LIGA U,"2ª FASE Grupo ""A""",BURGOS GRUPO DE SANTIAGO,59,J. TABOADA LÜHERS,5.07757%,52.0541%,True,1,CASADEMONT ZARAGOZA,True
LIGA U,"2ª FASE Grupo ""A""",BURGOS GRUPO DE SANTIAGO,59,J. TABOADA LÜHERS,15.5853%,50.2896%,True,1,CASADEMONT ZARAGOZA,True
LIGA U,"2ª FASE Grupo ""A""",BURGOS GRUPO DE SANTIAGO,57,L. KRISPIN,9.16784%,49.5334%,True,1,CASADEMONT ZARAGOZA,True
LIGA U,"2ª FASE Grupo ""A""",BURGOS GRUPO DE SANTIAGO,59,J. TABOADA LÜHERS,12.2003%,50.5417%,False,1,CASADEMONT ZARAGOZA,True
LIGA U,"2ª FASE Grupo ""A""",BURGOS GRUPO DE SANTIAGO,2,M. BELLA CABAÑAS,10.3667%,49.5334%,False,1,CASADEMONT ZARAGOZA,True
LIGA U,"2ª FASE Grupo ""A""",BURGOS GRUPO DE SANTIAGO,22,E. FRANCO SANZ,91.0437%,54.1968%,True,1,CASADEMONT ZARAGOZA,True
LIGA U,"2ª FASE Grupo ""A""",BURGOS GRUPO DE SANTIAGO,57,L. KRISPIN,92.5247%,46.3824%,False,1,CASADEMONT ZARAGOZA,True
LIGA U,"2ª FASE Grupo ""A""",BURGOS GRUPO DE SANTIAGO,5,A. TRAORE,91.6784%,45.7522%,True,1,CASADEMONT ZARAGOZA,True
LIGA U,"2ª FASE Grupo ""A""",BURGOS GRUPO DE SANTIAGO,9,A. REYES ABAD,10.7898%,23.8214%,False,1,CASADEMONT ZARAGOZA,True
LIGA U,"2ª FASE Grupo ""A""",BURGOS GRUPO DE SANTIAGO,4,R. RODRIGUEZ,89.7038%,51.4239%,False,1,CASADEMONT ZARAGOZA,True
LIGA U,"2ª FASE Grupo ""A""",BURGOS GRUPO DE SANTIAGO,2,M. BELLA CABAÑAS,8.88575%,42.0971%,True,1,CASADEMONT ZARAGOZA,True
LIGA U,"2ª FASE Grupo ""A""",BURGOS GRUPO DE SANTIAGO,13,D. RODRIGUEZ RAMOS,66.0085%,52.1802%,False,1,CASADEMONT ZARAGOZA,True
LIGA U,"2ª FASE Grupo ""A""",BURGOS GRUPO DE SANTIAGO,59,J. TABOADA LÜHERS,9.16784%,71.3381%,False,1,CASADEMONT ZARAGOZA,True
LIGA U,"2ª FASE Grupo ""A""",BURGOS GRUPO DE SANTIAGO,9,A. REYES ABAD,5.99436%,50.6677%,True,1,CASADEMONT ZARAGOZA,True
LIGA U,"2ª FASE Grupo ""A""",BURGOS GRUPO DE SANTIAGO,5,A. TRAORE,90.8322%,49.4073%,True,1,CASADEMONT ZARAGOZA,True
LIGA U,"2ª FASE Grupo ""A""",BURGOS GRUPO DE SANTIAGO,2,M. BELLA CABAÑAS,30.7475%,76.2536%,False,1,CASADEMONT ZARAGOZA,True
LIGA U,"2ª FASE Grupo ""A""",BURGOS GRUPO DE SANTIAGO,57,L. KRISPIN,17.5599%,44.2397%,True,1,CASADEMONT ZARAGOZA,True
LIGA U,"2ª FASE Grupo ""A""",BURGOS GRUPO DE SANTIAGO,57,L. KRISPIN,91.0437%,54.1968%,False,1,CASADEMONT ZARAGOZA,True
LIGA U,"2ª FASE Grupo ""A""",BURGOS GRUPO DE SANTIAGO,57,L. KRISPIN,90.9027%,54.4489%,False,1,CASADEMONT ZARAGOZA,True
LIGA U,"2ª FASE Grupo ""A""",BURGOS GRUPO DE SANTIAGO,59,J. TABOADA LÜHERS,7.12271%,45.7522%,True,1,CASADEMONT ZARAGOZA,True
LIGA U,"2ª FASE Grupo ""A""",BURGOS GRUPO DE SANTIAGO,5,A. TRAORE,93.7236%,48.6511%,False,1,CASADEMONT ZARAGOZA,True
LIGA U,"2ª FASE Grupo ""A""",BURGOS GRUPO DE SANTIAGO,9,A. REYES ABAD,69.0409%,77.514%,False,1,CASADEMONT ZARAGOZA,True
LIGA U,"2ª FASE Grupo ""A""",BURGOS GRUPO DE SANTIAGO,57,L. KRISPIN,69.7461%,19.7881%,False,1,CASADEMONT ZARAGOZA,True
LIGA U,"2ª FASE Grupo ""A""",BURGOS GRUPO DE SANTIAGO,12,F. NUÑEZ,68.2652%,67.9351%,False,1,CASADEMONT ZARAGOZA,True
LIGA U,"2ª FASE Grupo ""A""",BURGOS GRUPO DE SANTIAGO,9,A. REYES ABAD,87.5176%,52.4323%,False,1,CASADEMONT ZARAGOZA,True
LIGA U,"2ª FASE Grupo ""A""",BURGOS GRUPO DE SANTIAGO,4,R. RODRIGUEZ,27.7151%,79.7827%,False,1,CASADEMONT ZARAGOZA,True
LIGA U,"2ª FASE Grupo ""A""",BURGOS GRUPO DE SANTIAGO,57,L. KRISPIN,91.9605%,48.525%,True,1,CASADEMONT ZARAGOZA,True
LIGA U,"2ª FASE Grupo ""A""",BURGOS GRUPO DE SANTIAGO,9,A. REYES ABAD,32.299%,73.8589%,True,1,CASADEMONT ZARAGOZA,True
LIGA U,"2ª FASE Grupo ""A""",BURGOS GRUPO DE SANTIAGO,2,M. BELLA CABAÑAS,82.4401%,50.5417%,False,1,CASADEMONT ZARAGOZA,True
LIGA U,"2ª FASE Grupo ""A""",BURGOS GRUPO DE SANTIAGO,9,A. REYES ABAD,27.1509%,81.0431%,False,1,CASADEMONT ZARAGOZA,True
LIGA U,"2ª FASE Grupo ""A""",BURGOS GRUPO DE SANTIAGO,2,M. BELLA CABAÑAS,69.1114%,25.2078%,False,1,CASADEMONT ZARAGOZA,True
LIGA U,"2ª FASE Grupo ""A""",BURGOS GRUPO DE SANTIAGO,59,J. TABOADA LÜHERS,87.0945%,23.4433%,False,1,CASADEMONT ZARAGOZA,True
LIGA U,"2ª FASE Grupo ""A""",BURGOS GRUPO DE SANTIAGO,12,F. NUÑEZ,67.4894%,29.9973%,False,1,CASADEMONT ZARAGOZA,True
LIGA U,"2ª FASE Grupo ""A""",BURGOS GRUPO DE SANTIAGO,12,F. NUÑEZ,67.9126%,77.388%,True,1,CASADEMONT ZARAGOZA,True
LIGA U,"2ª FASE Grupo ""A""",BURGOS GRUPO DE SANTIAGO,5,A. TRAORE,9.87306%,46.0043%,True,1,CASADEMONT ZARAGOZA,True
LIGA U,"2ª FASE Grupo ""A""",BURGOS GRUPO DE SANTIAGO,4,R. RODRIGUEZ,90.6206%,47.0126%,False,1,CASADEMONT ZARAGOZA,True
LIGA U,"2ª FASE Grupo ""A""",BURGOS GRUPO DE SANTIAGO,57,L. KRISPIN,10.5078%,42.8533%,False,1,CASADEMONT ZARAGOZA,True
LIGA U,"2ª FASE Grupo ""A""",BURGOS GRUPO DE SANTIAGO,13,D. RODRIGUEZ RAMOS,8.46262%,50.0375%,True,1,CASADEMONT ZARAGOZA,True
LIGA U,"2ª FASE Grupo ""A""",BURGOS GRUPO DE SANTIAGO,2,M. BELLA CABAÑAS,70.8745%,84.0681%,True,1,CASADEMONT ZARAGOZA,True
LIGA U,"2ª FASE Grupo ""A""",BURGOS GRUPO DE SANTIAGO,13,D. RODRIGUEZ RAMOS,91.5374%,50.4156%,False,1,CASADEMONT ZARAGOZA,True
LIGA U,"2ª FASE Grupo ""A""",BURGOS GRUPO DE SANTIAGO,57,L. KRISPIN,12.5529%,51.55%,True,1,CASADEMONT ZARAGOZA,True
LIGA U,"2ª FASE Grupo ""A""",BURGOS GRUPO DE SANTIAGO,13,D. RODRIGUEZ RAMOS,32.9337%,68.4392%,False,1,CASADEMONT ZARAGOZA,True
LIGA U,"2ª FASE Grupo ""A""",BURGOS GRUPO DE SANTIAGO,59,J. TABOADA LÜHERS,30.8886%,76.6318%,False,1,CASADEMONT ZARAGOZA,True
LIGA U,"2ª FASE Grupo ""A""",BURGOS GRUPO DE SANTIAGO,12,F. NUÑEZ,90.1269%,51.9281%,True,1,CASADEMONT ZARAGOZA,True
LIGA U,"2ª FASE Grupo ""A""",BURGOS GRUPO DE SANTIAGO,7,A. LASO CAREAGA,9.87306%,50.9198%,False,1,CASADEMONT ZARAGOZA,True
LIGA U,"2ª FASE Grupo ""A""",BURGOS GRUPO DE SANTIAGO,13,D. RODRIGUEZ RAMOS,70.1693%,16.3851%,False,1,CASADEMONT ZARAGOZA,True
LIGA U,"2ª FASE Grupo ""A""",BURGOS GRUPO DE SANTIAGO,12,F. NUÑEZ,69.6051%,20.2923%,False,1,CASADEMONT ZARAGOZA,True
LIGA U,"2ª FASE Grupo ""A""",BURGOS GRUPO DE SANTIAGO,57,L. KRISPIN,67.7715%,76.6318%,False,1,CASADEMONT ZARAGOZA,True
LIGA U,"2ª FASE Grupo ""A""",BURGOS GRUPO DE SANTIAGO,59,J. TABOADA LÜHERS,30.3949%,24.4516%,False,1,CASADEMONT ZARAGOZA,True
LIGA U,"2ª FASE Grupo ""A""",BURGOS GRUPO DE SANTIAGO,7,A. LASO CAREAGA,32.5106%,62.7675%,False,1,CASADEMONT ZARAGOZA,True
LIGA U,"2ª FASE Grupo ""A""",BURGOS GRUPO DE SANTIAGO,59,J. TABOADA LÜHERS,27.5035%,9.95709%,True,1,CASADEMONT ZARAGOZA,True
LIGA U,"2ª FASE Grupo ""A""",BURGOS GRUPO DE SANTIAGO,59,J. TABOADA LÜHERS,30.536%,75.6234%,True,1,CASADEMONT ZARAGOZA,True
LIGA U,"2ª FASE Grupo ""A""",BURGOS GRUPO DE SANTIAGO,57,L. KRISPIN,66.3611%,66.2966%,False,1,CASADEMONT ZARAGOZA,True
LIGA U,"2ª FASE Grupo ""A""",BURGOS GRUPO DE SANTIAGO,12,F. NUÑEZ,93.2299%,48.1469%,True,1,CASADEMONT ZARAGOZA,True
LIGA U,"2ª FASE Grupo ""A""",BURGOS GRUPO DE SANTIAGO,57,L. KRISPIN,85.0494%,50.5417%,False,1,CASADEMONT ZARAGOZA,True
LIGA U,"2ª FASE Grupo ""A""",BURGOS GRUPO DE SANTIAGO,57,L. KRISPIN,73.9069%,14.4945%,True,1,CASADEMONT ZARAGOZA,True
LIGA U,"2ª FASE Grupo ""A""",BURGOS GRUPO DE SANTIAGO,57,L. KRISPIN,87.9408%,54.953%,True,1,CASADEMONT ZARAGOZA,True
LIGA U,"2ª FASE Grupo ""A""",BURGOS GRUPO DE SANTIAGO,57,L. KRISPIN,9.0268%,48.7771%,True,1,CASADEMONT ZARAGOZA,True
LIGA U,"2ª FASE Grupo ""A""",BURGOS GRUPO DE SANTIAGO,59,J. TABOADA LÜHERS,10.3667%,54.5749%,False,1,CASADEMONT ZARAGOZA,True
LIGA U,"2ª FASE Grupo ""A""",BURGOS GRUPO DE SANTIAGO,59,J. TABOADA LÜHERS,35.8251%,50.0375%,False,1,CASADEMONT ZARAGOZA,True
LIGA U,"2ª FASE Grupo ""A""",BURGOS GRUPO DE SANTIAGO,9,A. REYES ABAD,84.5557%,47.0126%,False,1,CASADEMONT ZARAGOZA,True
LIGA U,"2ª FASE Grupo ""A""",BURGOS GRUPO DE SANTIAGO,12,F. NUÑEZ,31.4528%,74.6151%,True,1,CASADEMONT ZARAGOZA,True
LIGA U,"2ª FASE Grupo ""A""",BURGOS GRUPO DE SANTIAGO,57,L. KRISPIN,64.5275%,50.6677%,False,1,CASADEMONT ZARAGOZA,True
LIGA U,"2ª FASE Grupo ""A""",CASADEMONT ZARAGOZA,15,A. CATIVIELA AISA,32.5106%,21.6787%,False,1,BURGOS GRUPO DE SANTIAGO,False
LIGA U,"2ª FASE Grupo ""A""",CASADEMONT ZARAGOZA,5,J. GARCIA SANCHEZ,28.4908%,18.5277%,False,1,BURGOS GRUPO DE SANTIAGO,False
LIGA U,"2ª FASE Grupo ""A""",CASADEMONT ZARAGOZA,60,K. SOUMALIA SALIF,90.6911%,46.5084%,False,1,BURGOS GRUPO DE SANTIAGO,False
LIGA U,"2ª FASE Grupo ""A""",CASADEMONT ZARAGOZA,5,J. GARCIA SANCHEZ,69.1114%,77.7661%,False,1,BURGOS GRUPO DE SANTIAGO,False
LIGA U,"2ª FASE Grupo ""A""",CASADEMONT ZARAGOZA,60,K. SOUMALIA SALIF,10.4372%,50.4156%,True,1,BURGOS GRUPO DE SANTIAGO,False
LIGA U,"2ª FASE Grupo ""A""",CASADEMONT ZARAGOZA,10,C. ALIAS BERMUDEZ,31.9464%,68.8173%,False,1,BURGOS GRUPO DE SANTIAGO,False
LIGA U,"2ª FASE Grupo ""A""",CASADEMONT ZARAGOZA,7,A. MORENO VALERO,92.3131%,53.1885%,True,1,BURGOS GRUPO DE SANTIAGO,False
LIGA U,"2ª FASE Grupo ""A""",CASADEMONT ZARAGOZA,7,A. MORENO VALERO,67.3484%,74.7412%,False,1,BURGOS GRUPO DE SANTIAGO,False
LIGA U,"2ª FASE Grupo ""A""",CASADEMONT ZARAGOZA,7,A. MORENO VALERO,70.3808%,75.3714%,True,1,BURGOS GRUPO DE SANTIAGO,False
LIGA U,"2ª FASE Grupo ""A""",CASADEMONT ZARAGOZA,15,A. CATIVIELA AISA,30.1128%,21.3006%,True,1,BURGOS GRUPO DE SANTIAGO,False
LIGA U,"2ª FASE Grupo ""A""",CASADEMONT ZARAGOZA,4,S. FAYE,7.96897%,46.6345%,False,1,BURGOS GRUPO DE SANTIAGO,False
LIGA U,"2ª FASE Grupo ""A""",CASADEMONT ZARAGOZA,9,M. LUKIC,31.8054%,73.2287%,True,1,BURGOS GRUPO DE SANTIAGO,False
LIGA U,"2ª FASE Grupo ""A""",CASADEMONT ZARAGOZA,9,M. LUKIC,14.0339%,43.4835%,False,1,BURGOS GRUPO DE SANTIAGO,False
LIGA U,"2ª FASE Grupo ""A""",CASADEMONT ZARAGOZA,12,A. SAVKOV,88.9986%,49.9115%,False,1,BURGOS GRUPO DE SANTIAGO,False
LIGA U,"2ª FASE Grupo ""A""",CASADEMONT ZARAGOZA,10,C. ALIAS BERMUDEZ,10.7193%,49.9115%,True,1,BURGOS GRUPO DE SANTIAGO,False
LIGA U,"2ª FASE Grupo ""A""",CASADEMONT ZARAGOZA,4,S. FAYE,89.2102%,48.525%,True,1,BURGOS GRUPO DE SANTIAGO,False
LIGA U,"2ª FASE Grupo ""A""",CASADEMONT ZARAGOZA,10,C. ALIAS BERMUDEZ,17.0663%,70.834%,False,1,BURGOS GRUPO DE SANTIAGO,False
LIGA U,"2ª FASE Grupo ""A""",CASADEMONT ZARAGOZA,12,A. SAVKOV,88.5049%,49.0292%,False,1,BURGOS GRUPO DE SANTIAGO,False
LIGA U,"2ª FASE Grupo ""A""",CASADEMONT ZARAGOZA,60,K. SOUMALIA SALIF,92.8068%,54.1968%,True,1,BURGOS GRUPO DE SANTIAGO,False
LIGA U,"2ª FASE Grupo ""A""",CASADEMONT ZARAGOZA,10,C. ALIAS BERMUDEZ,74.6827%,82.1775%,False,1,BURGOS GRUPO DE SANTIAGO,False
LIGA U,"2ª FASE Grupo ""A""",CASADEMONT ZARAGOZA,9,M. LUKIC,9.59097%,46.2563%,True,1,BURGOS GRUPO DE SANTIAGO,False
LIGA U,"2ª FASE Grupo ""A""",CASADEMONT ZARAGOZA,4,S. FAYE,89.0691%,48.273%,True,1,BURGOS GRUPO DE SANTIAGO,False
LIGA U,"2ª FASE Grupo ""A""",CASADEMONT ZARAGOZA,5,J. GARCIA SANCHEZ,87.7997%,49.7854%,False,1,BURGOS GRUPO DE SANTIAGO,False
LIGA U,"2ª FASE Grupo ""A""",CASADEMONT ZARAGOZA,9,M. LUKIC,10.1551%,51.0458%,True,1,BURGOS GRUPO DE SANTIAGO,False
LIGA U,"2ª FASE Grupo ""A""",CASADEMONT ZARAGOZA,12,A. SAVKOV,88.0818%,58.3561%,False,1,BURGOS GRUPO DE SANTIAGO,False
LIGA U,"2ª FASE Grupo ""A""",CASADEMONT ZARAGOZA,9,M. LUKIC,28.3498%,18.4017%,False,1,BURGOS GRUPO DE SANTIAGO,False
LIGA U,"2ª FASE Grupo ""A""",CASADEMONT ZARAGOZA,7,A. MORENO VALERO,91.9605%,46.6345%,True,1,BURGOS GRUPO DE SANTIAGO,False
LIGA U,"2ª FASE Grupo ""A""",CASADEMONT ZARAGOZA,4,S. FAYE,94.6403%,78.0182%,True,1,BURGOS GRUPO DE SANTIAGO,False
LIGA U,"2ª FASE Grupo ""A""",CASADEMONT ZARAGOZA,9,M. LUKIC,87.4471%,52.6843%,False,1,BURGOS GRUPO DE SANTIAGO,False
LIGA U,"2ª FASE Grupo ""A""",CASADEMONT ZARAGOZA,9,M. LUKIC,33.2863%,71.3381%,True,1,BURGOS GRUPO DE SANTIAGO,False
LIGA U,"2ª FASE Grupo ""A""",CASADEMONT ZARAGOZA,5,J. GARCIA SANCHEZ,67.4894%,73.6068%,False,1,BURGOS GRUPO DE SANTIAGO,False
LIGA U,"2ª FASE Grupo ""A""",CASADEMONT ZARAGOZA,7,A. MORENO VALERO,68.9704%,75.3714%,False,1,BURGOS GRUPO DE SANTIAGO,False
LIGA U,"2ª FASE Grupo ""A""",CASADEMONT ZARAGOZA,15,A. CATIVIELA AISA,70.1693%,78.7744%,True,1,BURGOS GRUPO DE SANTIAGO,False
LIGA U,"2ª FASE Grupo ""A""",CASADEMONT ZARAGOZA,4,S. FAYE,12.2003%,48.0209%,False,1,BURGOS GRUPO DE SANTIAGO,False
LIGA U,"2ª FASE Grupo ""A""",CASADEMONT ZARAGOZA,5,J. GARCIA SANCHEZ,67.1368%,56.3395%,False,1,BURGOS GRUPO DE SANTIAGO,False
LIGA U,"2ª FASE Grupo ""A""",CASADEMONT ZARAGOZA,10,C. ALIAS BERMUDEZ,63.9633%,46.1303%,False,1,BURGOS GRUPO DE SANTIAGO,False
LIGA U,"2ª FASE Grupo ""A""",CASADEMONT ZARAGOZA,10,C. ALIAS BERMUDEZ,11.1425%,43.2314%,True,1,BURGOS GRUPO DE SANTIAGO,False
LIGA U,"2ª FASE Grupo ""A""",CASADEMONT ZARAGOZA,12,A. SAVKOV,25.3173%,18.1496%,False,1,BURGOS GRUPO DE SANTIAGO,False
LIGA U,"2ª FASE Grupo ""A""",CASADEMONT ZARAGOZA,15,A. CATIVIELA AISA,68.4767%,72.3464%,False,1,BURGOS GRUPO DE SANTIAGO,False
LIGA U,"2ª FASE Grupo ""A""",CASADEMONT ZARAGOZA,10,C. ALIAS BERMUDEZ,20.6629%,49.9115%,False,1,BURGOS GRUPO DE SANTIAGO,False
LIGA U,"2ª FASE Grupo ""A""",CASADEMONT ZARAGOZA,7,A. MORENO VALERO,68.4767%,29.9973%,False,1,BURGOS GRUPO DE SANTIAGO,False
LIGA U,"2ª FASE Grupo ""A""",CASADEMONT ZARAGOZA,10,C. ALIAS BERMUDEZ,89.2102%,49.4073%,False,1,BURGOS GRUPO DE SANTIAGO,False
LIGA U,"2ª FASE Grupo ""A""",CASADEMONT ZARAGOZA,15,A. CATIVIELA AISA,90.7616%,47.2647%,False,1,BURGOS GRUPO DE SANTIAGO,False
LIGA U,"2ª FASE Grupo ""A""",CASADEMONT ZARAGOZA,4,S. FAYE,7.61636%,46.7605%,True,1,BURGOS GRUPO DE SANTIAGO,False
LIGA U,"2ª FASE Grupo ""A""",CASADEMONT ZARAGOZA,12,A. SAVKOV,8.3921%,47.8948%,True,1,BURGOS GRUPO DE SANTIAGO,False
LIGA U,"2ª FASE Grupo ""A""",CASADEMONT ZARAGOZA,34,A. RODRIGUEZ AGUILA,91.1142%,54.0708%,True,1,BURGOS GRUPO DE SANTIAGO,False
LIGA U,"2ª FASE Grupo ""A""",CASADEMONT ZARAGOZA,5,J. GARCIA SANCHEZ,91.7489%,44.6178%,False,1,BURGOS GRUPO DE SANTIAGO,False
LIGA U,"2ª FASE Grupo ""A""",CASADEMONT ZARAGOZA,9,M. LUKIC,69.1114%,23.5693%,False,1,BURGOS GRUPO DE SANTIAGO,False
LIGA U,"2ª FASE Grupo ""A""",CASADEMONT ZARAGOZA,12,A. SAVKOV,71.5797%,75.8755%,True,1,BURGOS GRUPO DE SANTIAGO,False
LIGA U,"2ª FASE Grupo ""A""",CASADEMONT ZARAGOZA,7,A. MORENO VALERO,32.0874%,79.6567%,False,1,BURGOS GRUPO DE SANTIAGO,False
LIGA U,"2ª FASE Grupo ""A""",CASADEMONT ZARAGOZA,10,C. ALIAS BERMUDEZ,11.5656%,48.273%,False,1,BURGOS GRUPO DE SANTIAGO,False
LIGA U,"2ª FASE Grupo ""A""",CASADEMONT ZARAGOZA,20,J. PRIETO ALEJANDRE,31.1001%,25.712%,False,1,BURGOS GRUPO DE SANTIAGO,False
LIGA U,"2ª FASE Grupo ""A""",CASADEMONT ZARAGOZA,5,J. GARCIA SANCHEZ,90.4795%,49.7854%,False,1,BURGOS GRUPO DE SANTIAGO,False
LIGA U,"2ª FASE Grupo ""A""",CASADEMONT ZARAGOZA,5,J. GARCIA SANCHEZ,67.7715%,65.7924%,False,1,BURGOS GRUPO DE SANTIAGO,False
LIGA U,"2ª FASE Grupo ""A""",CASADEMONT ZARAGOZA,4,S. FAYE,8.3921%,47.8948%,False,1,BURGOS GRUPO DE SANTIAGO,False
LIGA U,"2ª FASE Grupo ""A""",CASADEMONT ZARAGOZA,5,J. GARCIA SANCHEZ,71.2271%,82.3035%,False,1,BURGOS GRUPO DE SANTIAGO,False
LIGA U,"2ª FASE Grupo ""A""",CASADEMONT ZARAGOZA,15,A. CATIVIELA AISA,91.8195%,49.0292%,True,1,BURGOS GRUPO DE SANTIAGO,False
LIGA U,"2ª FASE Grupo ""A""",CASADEMONT ZARAGOZA,20,J. PRIETO ALEJANDRE,8.67419%,54.5749%,True,1,BURGOS GRUPO DE SANTIAGO,False
LIGA U,"2ª FASE Grupo ""A""",CASADEMONT ZARAGOZA,10,C. ALIAS BERMUDEZ,8.67419%,42.4752%,False,1,BURGOS GRUPO DE SANTIAGO,False
LIGA U,"2ª FASE Grupo ""A""",CASADEMONT ZARAGOZA,16,R. VALERO LOPEZ,33.6389%,54.0708%,False,1,BURGOS GRUPO DE SANTIAGO,False
LIGA U,"2ª FASE Grupo ""A""",CASADEMONT ZARAGOZA,7,A. MORENO VALERO,90.1269%,52.0541%,True,1,BURGOS GRUPO DE SANTIAGO,False
LIGA U,"2ª FASE Grupo ""A""",CASADEMONT ZARAGOZA,12,A. SAVKOV,33.2158%,72.8506%,False,1,BURGOS GRUPO DE SANTIAGO,False
LIGA U,"2ª FASE Grupo ""A""",CASADEMONT ZARAGOZA,34,A. RODRIGUEZ AGUILA,90.4795%,49.7854%,True,1,BURGOS GRUPO DE SANTIAGO,False
LIGA U,"2ª FASE Grupo ""A""",CASADEMONT ZARAGOZA,10,C. ALIAS BERMUDEZ,90.1975%,57.2217%,False,1,BURGOS GRUPO DE SANTIAGO,False
LIGA U,"2ª FASE Grupo ""A""",CASADEMONT ZARAGOZA,7,A. MORENO VALERO,32.2285%,22.9391%,False,1,BURGOS GRUPO DE SANTIAGO,False
LIGA U,"2ª FASE Grupo ""A""",CASADEMONT ZARAGOZA,12,A. SAVKOV,11.213%,47.3907%,False,1,BURGOS GRUPO DE SANTIAGO,False
LIGA U,"2ª FASE Grupo ""A""",CASADEMONT ZARAGOZA,5,J. GARCIA SANCHEZ,13.9633%,42.4752%,False,1,BURGOS GRUPO DE SANTIAGO,False
LIGA U,"2ª FASE Grupo ""A""",CASADEMONT ZARAGOZA,9,M. LUKIC,9.87306%,45.3741%,True,1,BURGOS GRUPO DE SANTIAGO,False
LIGA U,"2ª FASE Grupo ""A""",CASADEMONT ZARAGOZA,60,K. SOUMALIA SALIF,9.87306%,50.0375%,False,1,BURGOS GRUPO DE SANTIAGO,False
LIGA U,"2ª FASE Grupo ""A""",CASADEMONT ZARAGOZA,15,A. CATIVIELA AISA,69.3935%,77.388%,False,1,BURGOS GRUPO DE SANTIAGO,False
LIGA U,"2ª FASE Grupo ""A""",CASADEMONT ZARAGOZA,15,A. CATIVIELA AISA,90.409%,50.6677%,False,1,BURGOS GRUPO DE SANTIAGO,False
LIGA U,"2ª FASE Grupo ""A""",CASADEMONT ZARAGOZA,12,A. SAVKOV,68.2652%,69.6996%,False,1,BURGOS GRUPO DE SANTIAGO,False
LIGA U,"2ª FASE Grupo ""A""",CASADEMONT ZARAGOZA,10,C. ALIAS BERMUDEZ,31.7348%,71.086%,False,1,BURGOS GRUPO DE SANTIAGO,False
LIGA U,"2ª FASE Grupo ""A""",CASADEMONT ZARAGOZA,60,K. SOUMALIA SALIF,90.1269%,48.7771%,False,1,BURGOS GRUPO DE SANTIAGO,False
LIGA U,"2ª FASE Grupo ""A""",CASADEMONT ZARAGOZA,7,A. MORENO VALERO,91.5374%,45.7522%,True,1,BURGOS GRUPO DE SANTIAGO,False
LIGA U,"2ª FASE Grupo ""A""",CASADEMONT ZARAGOZA,15,A. CATIVIELA AISA,12.9055%,51.4239%,True,1,BURGOS GRUPO DE SANTIAGO,False
LIGA U,"2ª FASE Grupo ""A""",CASADEMONT ZARAGOZA,34,A. RODRIGUEZ AGUILA,7.4048%,48.9032%,True,1,BURGOS GRUPO DE SANTIAGO,False
LIGA U,"2ª FASE Grupo ""A""",CASADEMONT ZARAGOZA,7,A. MORENO VALERO,70.1693%,25.838%,True,1,BURGOS GRUPO DE SANTIAGO,False
LIGA U,"2ª FASE Grupo ""B""",AMARA LLEIDA,34,X. ARREDONDO FERREIRO,87.3061%,34.7868%,True,1,BÀSQUET GIRONA,True
LIGA U,"2ª FASE Grupo ""B""",AMARA LLEIDA,18,B. PALLAS VARGUES,93.3004%,7.31027%,False,1,BÀSQUET GIRONA,True
LIGA U,"2ª FASE Grupo ""B""",AMARA LLEIDA,50,P. TORRENS RIERA,68.6178%,47.3907%,True,1,BÀSQUET GIRONA,True
LIGA U,"2ª FASE Grupo ""B""",AMARA LLEIDA,15,E. GALATANU,8.95628%,44.7439%,True,1,BÀSQUET GIRONA,True
LIGA U,"2ª FASE Grupo ""B""",AMARA LLEIDA,50,P. TORRENS RIERA,7.61636%,53.8187%,False,1,BÀSQUET GIRONA,True
LIGA U,"2ª FASE Grupo ""B""",AMARA LLEIDA,21,R. FERNANDEZ ROMAN,93.5825%,53.0624%,False,1,BÀSQUET GIRONA,True
LIGA U,"2ª FASE Grupo ""B""",AMARA LLEIDA,50,P. TORRENS RIERA,72.4965%,18.7798%,False,1,BÀSQUET GIRONA,True
LIGA U,"2ª FASE Grupo ""B""",AMARA LLEIDA,77,I. MARTOS VELEZ,6.06488%,46.0043%,True,1,BÀSQUET GIRONA,True
LIGA U,"2ª FASE Grupo ""B""",AMARA LLEIDA,2,S. MESTRE PICORNELL,3.38505%,32.8962%,False,1,BÀSQUET GIRONA,True
LIGA U,"2ª FASE Grupo ""B""",AMARA LLEIDA,3,M. GUSTRAN SOLER,3.10296%,91.5044%,True,1,BÀSQUET GIRONA,True
LIGA U,"2ª FASE Grupo ""B""",AMARA LLEIDA,50,P. TORRENS RIERA,8.67419%,54.5749%,False,1,BÀSQUET GIRONA,True
LIGA U,"2ª FASE Grupo ""B""",AMARA LLEIDA,18,B. PALLAS VARGUES,77.9267%,34.5347%,True,1,BÀSQUET GIRONA,True
LIGA U,"2ª FASE Grupo ""B""",AMARA LLEIDA,77,I. MARTOS VELEZ,5.78279%,44.2397%,False,1,BÀSQUET GIRONA,True
LIGA U,"2ª FASE Grupo ""B""",AMARA LLEIDA,4,M. IBARS ANDREU,89.3512%,41.971%,False,1,BÀSQUET GIRONA,True
LIGA U,"2ª FASE Grupo ""B""",AMARA LLEIDA,9,I. MONTULL CARRERA,9.0268%,51.2979%,False,1,BÀSQUET GIRONA,True
LIGA U,"2ª FASE Grupo ""B""",AMARA LLEIDA,1,A. MARVA ESTRADA,92.9478%,34.6607%,True,1,BÀSQUET GIRONA,True
LIGA U,"2ª FASE Grupo ""B""",AMARA LLEIDA,18,B. PALLAS VARGUES,85.6841%,63.6497%,True,1,BÀSQUET GIRONA,True
LIGA U,"2ª FASE Grupo ""B""",AMARA LLEIDA,21,R. FERNANDEZ ROMAN,3.80818%,60.8769%,False,1,BÀSQUET GIRONA,True
LIGA U,"2ª FASE Grupo ""B""",AMARA LLEIDA,2,S. MESTRE PICORNELL,91.9605%,51.1719%,True,1,BÀSQUET GIRONA,True
LIGA U,"2ª FASE Grupo ""B""",AMARA LLEIDA,1,A. MARVA ESTRADA,87.3061%,34.7868%,False,1,BÀSQUET GIRONA,True
LIGA U,"2ª FASE Grupo ""B""",AMARA LLEIDA,50,P. TORRENS RIERA,76.4457%,53.5666%,True,1,BÀSQUET GIRONA,True
LIGA U,"2ª FASE Grupo ""B""",AMARA LLEIDA,77,I. MARTOS VELEZ,11.9887%,52.8104%,True,1,BÀSQUET GIRONA,True
LIGA U,"2ª FASE Grupo ""B""",AMARA LLEIDA,77,I. MARTOS VELEZ,72.4965%,18.7798%,False,1,BÀSQUET GIRONA,True
LIGA U,"2ª FASE Grupo ""B""",AMARA LLEIDA,27,M. ROS MARIMON,82.0169%,32.392%,True,1,BÀSQUET GIRONA,True
LIGA U,"2ª FASE Grupo ""B""",AMARA LLEIDA,1,A. MARVA ESTRADA,92.5952%,41.971%,False,1,BÀSQUET GIRONA,True
LIGA U,"2ª FASE Grupo ""B""",AMARA LLEIDA,2,S. MESTRE PICORNELL,10.6488%,40.5846%,False,1,BÀSQUET GIRONA,True
LIGA U,"2ª FASE Grupo ""B""",AMARA LLEIDA,27,M. ROS MARIMON,91.1142%,54.0708%,False,1,BÀSQUET GIRONA,True
LIGA U,"2ª FASE Grupo ""B""",AMARA LLEIDA,2,S. MESTRE PICORNELL,3.66714%,30.5015%,False,1,BÀSQUET GIRONA,True
LIGA U,"2ª FASE Grupo ""B""",AMARA LLEIDA,15,E. GALATANU,7.19323%,53.5666%,True,1,BÀSQUET GIRONA,True
LIGA U,"2ª FASE Grupo ""B""",AMARA LLEIDA,77,I. MARTOS VELEZ,8.74471%,90.4961%,False,1,BÀSQUET GIRONA,True
LIGA U,"2ª FASE Grupo ""B""",AMARA LLEIDA,77,I. MARTOS VELEZ,7.61636%,47.3907%,True,1,BÀSQUET GIRONA,True
LIGA U,"2ª FASE Grupo ""B""",AMARA LLEIDA,3,M. GUSTRAN SOLER,26.8688%,20.9225%,False,1,BÀSQUET GIRONA,True
LIGA U,"2ª FASE Grupo ""B""",AMARA LLEIDA,50,P. TORRENS RIERA,89.9859%,44.2397%,False,1,BÀSQUET GIRONA,True
LIGA U,"2ª FASE Grupo ""B""",AMARA LLEIDA,34,X. ARREDONDO FERREIRO,90.8322%,48.7771%,True,1,BÀSQUET GIRONA,True
LIGA U,"2ª FASE Grupo ""B""",AMARA LLEIDA,50,P. TORRENS RIERA,95.8392%,95.5376%,False,1,BÀSQUET GIRONA,True
LIGA U,"2ª FASE Grupo ""B""",AMARA LLEIDA,50,P. TORRENS RIERA,30.8181%,32.0139%,False,1,BÀSQUET GIRONA,True
LIGA U,"2ª FASE Grupo ""B""",AMARA LLEIDA,34,X. ARREDONDO FERREIRO,7.4048%,60.4988%,False,1,BÀSQUET GIRONA,True
LIGA U,"2ª FASE Grupo ""B""",AMARA LLEIDA,9,I. MONTULL CARRERA,7.47532%,53.8187%,True,1,BÀSQUET GIRONA,True
LIGA U,"2ª FASE Grupo ""B""",AMARA LLEIDA,50,P. TORRENS RIERA,65.7264%,40.0804%,False,1,BÀSQUET GIRONA,True
LIGA U,"2ª FASE Grupo ""B""",AMARA LLEIDA,77,I. MARTOS VELEZ,66.3611%,37.1815%,False,1,BÀSQUET GIRONA,True
LIGA U,"2ª FASE Grupo ""B""",AMARA LLEIDA,3,M. GUSTRAN SOLER,30.3244%,20.7964%,False,1,BÀSQUET GIRONA,True
LIGA U,"2ª FASE Grupo ""B""",AMARA LLEIDA,21,R. FERNANDEZ ROMAN,89.4922%,46.5084%,True,1,BÀSQUET GIRONA,True
LIGA U,"2ª FASE Grupo ""B""",AMARA LLEIDA,3,M. GUSTRAN SOLER,5.50071%,5.54572%,False,1,BÀSQUET GIRONA,True
LIGA U,"2ª FASE Grupo ""B""",AMARA LLEIDA,18,B. PALLAS VARGUES,6.7701%,60.2467%,False,1,BÀSQUET GIRONA,True
LIGA U,"2ª FASE Grupo ""B""",AMARA LLEIDA,77,I. MARTOS VELEZ,5.78279%,44.2397%,False,1,BÀSQUET GIRONA,True
LIGA U,"2ª FASE Grupo ""B""",AMARA LLEIDA,50,P. TORRENS RIERA,7.05219%,49.1552%,True,1,BÀSQUET GIRONA,True
LIGA U,"2ª FASE Grupo ""B""",AMARA LLEIDA,34,X. ARREDONDO FERREIRO,6.34697%,48.7771%,False,1,BÀSQUET GIRONA,True
LIGA U,"2ª FASE Grupo ""B""",AMARA LLEIDA,3,M. GUSTRAN SOLER,2.8914%,5.29364%,False,1,BÀSQUET GIRONA,True
LIGA U,"2ª FASE Grupo ""B""",AMARA LLEIDA,50,P. TORRENS RIERA,7.68688%,51.55%,True,1,BÀSQUET GIRONA,True
LIGA U,"2ª FASE Grupo ""B""",AMARA LLEIDA,3,M. GUSTRAN SOLER,3.45557%,6.30195%,False,1,BÀSQUET GIRONA,True
LIGA U,"2ª FASE Grupo ""B""",AMARA LLEIDA,27,M. ROS MARIMON,8.74471%,42.3491%,True,1,BÀSQUET GIRONA,True
LIGA U,"2ª FASE Grupo ""B""",AMARA LLEIDA,1,A. MARVA ESTRADA,93.4415%,4.15929%,False,1,BÀSQUET GIRONA,True
LIGA U,"2ª FASE Grupo ""B""",AMARA LLEIDA,34,X. ARREDONDO FERREIRO,89.3512%,41.971%,True,1,BÀSQUET GIRONA,True
LIGA U,"2ª FASE Grupo ""B""",AMARA LLEIDA,15,E. GALATANU,80.3244%,54.701%,False,1,BÀSQUET GIRONA,True
LIGA U,"2ª FASE Grupo ""B""",AMARA LLEIDA,27,M. ROS MARIMON,5.64175%,46.3824%,False,1,BÀSQUET GIRONA,True
LIGA U,"2ª FASE Grupo ""B""",AMARA LLEIDA,27,M. ROS MARIMON,17.0663%,30.2494%,False,1,BÀSQUET GIRONA,True
LIGA U,"2ª FASE Grupo ""B""",AMARA LLEIDA,21,R. FERNANDEZ ROMAN,89.2102%,38.568%,False,1,BÀSQUET GIRONA,True
LIGA U,"2ª FASE Grupo ""B""",AMARA LLEIDA,3,M. GUSTRAN SOLER,5.71227%,5.92384%,True,1,BÀSQUET GIRONA,True
LIGA U,"2ª FASE Grupo ""B""",AMARA LLEIDA,50,P. TORRENS RIERA,6.62906%,52.5583%,True,1,BÀSQUET GIRONA,True
LIGA U,"2ª FASE Grupo ""B""",AMARA LLEIDA,2,S. MESTRE PICORNELL,11.213%,83.4379%,False,1,BÀSQUET GIRONA,True
LIGA U,"2ª FASE Grupo ""B""",AMARA LLEIDA,34,X. ARREDONDO FERREIRO,8.67419%,54.5749%,False,1,BÀSQUET GIRONA,True
LIGA U,"2ª FASE Grupo ""B""",BÀSQUET GIRONA,4,J. LLINAS TERRADAS,53.385%,46.8865%,False,1,AMARA LLEIDA,False
LIGA U,"2ª FASE Grupo ""B""",BÀSQUET GIRONA,2,E. SANMARTIN SORIA,76.9394%,9.32689%,False,1,AMARA LLEIDA,False
LIGA U,"2ª FASE Grupo ""B""",BÀSQUET GIRONA,4,J. LLINAS TERRADAS,7.26375%,53.3145%,True,1,AMARA LLEIDA,False
LIGA U,"2ª FASE Grupo ""B""",BÀSQUET GIRONA,2,E. SANMARTIN SORIA,11.2835%,51.0458%,True,1,AMARA LLEIDA,False
LIGA U,"2ª FASE Grupo ""B""",BÀSQUET GIRONA,4,J. LLINAS TERRADAS,8.32158%,46.8865%,True,1,AMARA LLEIDA,False
LIGA U,"2ª FASE Grupo ""B""",BÀSQUET GIRONA,2,E. SANMARTIN SORIA,74.8237%,85.2024%,False,1,AMARA LLEIDA,False
LIGA U,"2ª FASE Grupo ""B""",BÀSQUET GIRONA,4,J. LLINAS TERRADAS,5.78279%,55.4572%,True,1,AMARA LLEIDA,False
LIGA U,"2ª FASE Grupo ""B""",BÀSQUET GIRONA,11,O. FUENTES PELUFO,91.4669%,50.1636%,True,1,AMARA LLEIDA,False
LIGA U,"2ª FASE Grupo ""B""",BÀSQUET GIRONA,12,O. MOLIST SEGALÉS,16.9958%,6.30195%,False,1,AMARA LLEIDA,False
LIGA U,"2ª FASE Grupo ""B""",BÀSQUET GIRONA,11,O. FUENTES PELUFO,5.78279%,3.78117%,False,1,AMARA LLEIDA,False
LIGA U,"2ª FASE Grupo ""B""",BÀSQUET GIRONA,12,O. MOLIST SEGALÉS,94.2172%,52.4323%,True,1,AMARA LLEIDA,False
LIGA U,"2ª FASE Grupo ""B""",BÀSQUET GIRONA,16,I. SOLER VALENZUELA,95.2045%,50.4156%,True,1,AMARA LLEIDA,False
LIGA U,"2ª FASE Grupo ""B""",BÀSQUET GIRONA,7,P. COLL QUINTANAS,92.8773%,50.7937%,True,1,AMARA LLEIDA,False
LIGA U,"2ª FASE Grupo ""B""",BÀSQUET GIRONA,16,I. SOLER VALENZUELA,91.6079%,51.0458%,False,1,AMARA LLEIDA,False
LIGA U,"2ª FASE Grupo ""B""",BÀSQUET GIRONA,4,J. LLINAS TERRADAS,93.7941%,51.9281%,True,1,AMARA LLEIDA,False
LIGA U,"2ª FASE Grupo ""B""",BÀSQUET GIRONA,11,O. FUENTES PELUFO,8.25106%,21.3006%,True,1,AMARA LLEIDA,False
LIGA U,"2ª FASE Grupo ""B""",BÀSQUET GIRONA,4,J. LLINAS TERRADAS,89.0691%,7.56234%,False,1,AMARA LLEIDA,False
LIGA U,"2ª FASE Grupo ""B""",BÀSQUET GIRONA,16,I. SOLER VALENZUELA,9.0268%,48.1469%,True,1,AMARA LLEIDA,False
LIGA U,"2ª FASE Grupo ""B""",BÀSQUET GIRONA,4,J. LLINAS TERRADAS,27.9267%,78.1442%,False,1,AMARA LLEIDA,False
LIGA U,"2ª FASE Grupo ""B""",BÀSQUET GIRONA,7,P. COLL QUINTANAS,67.842%,51.8021%,True,1,AMARA LLEIDA,False
LIGA U,"2ª FASE Grupo ""B""",BÀSQUET GIRONA,7,P. COLL QUINTANAS,5.92384%,48.399%,False,1,AMARA LLEIDA,False
LIGA U,"2ª FASE Grupo ""B""",BÀSQUET GIRONA,2,E. SANMARTIN SORIA,89.9154%,44.6178%,False,1,AMARA LLEIDA,False
LIGA U,"2ª FASE Grupo ""B""",BÀSQUET GIRONA,5,J. ESQUEU PORRAS,2.75035%,92.8908%,False,1,AMARA LLEIDA,False
LIGA U,"2ª FASE Grupo ""B""",BÀSQUET GIRONA,16,I. SOLER VALENZUELA,93.4415%,90.244%,False,1,AMARA LLEIDA,False
LIGA U,"2ª FASE Grupo ""B""",BÀSQUET GIRONA,16,I. SOLER VALENZUELA,91.8195%,51.1719%,True,1,AMARA LLEIDA,False
LIGA U,"2ª FASE Grupo ""B""",BÀSQUET GIRONA,1,K. BRUNOT,5.28914%,47.3907%,True,1,AMARA LLEIDA,False
LIGA U,"2ª FASE Grupo ""B""",BÀSQUET GIRONA,4,J. LLINAS TERRADAS,79.2666%,86.8409%,False,1,AMARA LLEIDA,False
LIGA U,"2ª FASE Grupo ""B""",BÀSQUET GIRONA,12,O. MOLIST SEGALÉS,25.4584%,80.665%,False,1,AMARA LLEIDA,False
LIGA U,"2ª FASE Grupo ""B""",BÀSQUET GIRONA,11,O. FUENTES PELUFO,93.4415%,49.0292%,False,1,AMARA LLEIDA,False
LIGA U,"2ª FASE Grupo ""B""",BÀSQUET GIRONA,2,E. SANMARTIN SORIA,31.6643%,62.3893%,False,1,AMARA LLEIDA,False
LIGA U,"2ª FASE Grupo ""B""",BÀSQUET GIRONA,12,O. MOLIST SEGALÉS,33.3568%,42.4752%,True,1,AMARA LLEIDA,False
LIGA U,"2ª FASE Grupo ""B""",BÀSQUET GIRONA,1,K. BRUNOT,6.06488%,49.6594%,True,1,AMARA LLEIDA,False
LIGA U,"2ª FASE Grupo ""B""",BÀSQUET GIRONA,12,O. MOLIST SEGALÉS,5.99436%,57.0957%,True,1,AMARA LLEIDA,False
LIGA U,"2ª FASE Grupo ""B""",BÀSQUET GIRONA,12,O. MOLIST SEGALÉS,69.9577%,28.2328%,True,1,AMARA LLEIDA,False
LIGA U,"2ª FASE Grupo ""B""",BÀSQUET GIRONA,11,O. FUENTES PELUFO,90.3385%,56.8436%,False,1,AMARA LLEIDA,False
LIGA U,"2ª FASE Grupo ""B""",BÀSQUET GIRONA,2,E. SANMARTIN SORIA,12.9055%,49.5334%,False,1,AMARA LLEIDA,False
LIGA U,"2ª FASE Grupo ""B""",BÀSQUET GIRONA,1,K. BRUNOT,3.38505%,58.4821%,False,1,AMARA LLEIDA,False
LIGA U,"2ª FASE Grupo ""B""",BÀSQUET GIRONA,22,S. JUHER VALDAYO,76.9394%,11.7216%,False,1,AMARA LLEIDA,False
LIGA U,"2ª FASE Grupo ""B""",BÀSQUET GIRONA,16,I. SOLER VALENZUELA,92.5247%,49.2813%,True,1,AMARA LLEIDA,False
LIGA U,"2ª FASE Grupo ""B""",BÀSQUET GIRONA,16,I. SOLER VALENZUELA,90.5501%,50.4156%,False,1,AMARA LLEIDA,False
LIGA U,"2ª FASE Grupo ""B""",BÀSQUET GIRONA,9,A. SERKAN STEFANOV,6.84062%,50.7937%,True,1,AMARA LLEIDA,False
LIGA U,"2ª FASE Grupo ""B""",BÀSQUET GIRONA,4,J. LLINAS TERRADAS,94.5698%,49.9115%,True,1,AMARA LLEIDA,False
LIGA U,"2ª FASE Grupo ""B""",BÀSQUET GIRONA,7,P. COLL QUINTANAS,7.12271%,55.7093%,True,1,AMARA LLEIDA,False
LIGA U,"2ª FASE Grupo ""B""",BÀSQUET GIRONA,11,O. FUENTES PELUFO,92.8068%,50.7937%,True,1,AMARA LLEIDA,False
LIGA U,"2ª FASE Grupo ""B""",BÀSQUET GIRONA,11,O. FUENTES PELUFO,4.16079%,53.3145%,True,1,AMARA LLEIDA,False
LIGA U,"2ª FASE Grupo ""B""",BÀSQUET GIRONA,11,O. FUENTES PELUFO,4.93653%,2.2687%,False,1,AMARA LLEIDA,False
LIGA U,"2ª FASE Grupo ""B""",BÀSQUET GIRONA,2,E. SANMARTIN SORIA,88.8575%,43.8616%,False,1,AMARA LLEIDA,False
LIGA U,"2ª FASE Grupo ""B""",BÀSQUET GIRONA,1,K. BRUNOT,3.8787%,58.8602%,False,1,AMARA LLEIDA,False
LIGA U,"2ª FASE Grupo ""B""",BÀSQUET GIRONA,11,O. FUENTES PELUFO,24.6121%,84.8243%,False,1,AMARA LLEIDA,False
LIGA U,"2ª FASE Grupo ""B""",BÀSQUET GIRONA,1,K. BRUNOT,92.9478%,7.43631%,False,1,AMARA LLEIDA,False
LIGA U,"2ª FASE Grupo ""B""",BÀSQUET GIRONA,5,J. ESQUEU PORRAS,90.7616%,48.273%,True,1,AMARA LLEIDA,False
LIGA U,"2ª FASE Grupo ""B""",BÀSQUET GIRONA,12,O. MOLIST SEGALÉS,23.3427%,12.4779%,False,1,AMARA LLEIDA,False
LIGA U,"2ª FASE Grupo ""B""",BÀSQUET GIRONA,4,J. LLINAS TERRADAS,69.464%,22.435%,False,1,AMARA LLEIDA,False
LIGA U,"2ª FASE Grupo ""B""",BÀSQUET GIRONA,7,P. COLL QUINTANAS,69.6051%,20.2923%,False,1,AMARA LLEIDA,False
LIGA U,"2ª FASE Grupo ""B""",BÀSQUET GIRONA,11,O. FUENTES PELUFO,92.8068%,6.17591%,False,1,AMARA LLEIDA,False
LIGA U,"2ª FASE Grupo ""B""",BÀSQUET GIRONA,7,P. COLL QUINTANAS,5.28914%,52.5583%,True,1,AMARA LLEIDA,False
LIGA U,"2ª FASE Grupo ""B""",BÀSQUET GIRONA,9,A. SERKAN STEFANOV,5.21862%,38.4419%,True,1,AMARA LLEIDA,False
LIGA U,"2ª FASE Grupo ""B""",BÀSQUET GIRONA,11,O. FUENTES PELUFO,91.6079%,51.0458%,False,1,AMARA LLEIDA,False
LIGA U,"2ª FASE Grupo ""B""",BÀSQUET GIRONA,7,P. COLL QUINTANAS,74.8942%,3.52909%,False,1,AMARA LLEIDA,False
LIGA U,"2ª FASE Grupo ""B""",BÀSQUET GIRONA,4,J. LLINAS TERRADAS,79.1255%,90.6221%,False,1,AMARA LLEIDA,False
LIGA U,"2ª FASE Grupo ""B""",BÀSQUET GIRONA,11,O. FUENTES PELUFO,2.39774%,86.8409%,False,1,AMARA LLEIDA,False
LIGA U,"2ª FASE Grupo ""B""",BÀSQUET GIRONA,12,O. MOLIST SEGALÉS,79.2666%,86.8409%,False,1,AMARA LLEIDA,False
LIGA U,"2ª FASE Grupo ""B""",BÀSQUET GIRONA,1,K. BRUNOT,68.8999%,12.4779%,False,1,AMARA LLEIDA,False
LIGA U,"2ª FASE Grupo ""B""",BÀSQUET GIRONA,12,O. MOLIST SEGALÉS,8.18054%,49.4073%,False,1,AMARA LLEIDA,False
LIGA U,"2ª FASE Grupo ""B""",BÀSQUET GIRONA,4,J. LLINAS TERRADAS,33.3568%,66.5486%,False,1,AMARA LLEIDA,False
LIGA U,"2ª FASE Grupo ""B""",BÀSQUET GIRONA,16,I. SOLER VALENZUELA,93.3709%,51.55%,True,1,AMARA LLEIDA,False
LIGA U,"2ª FASE Grupo ""B""",BÀSQUET GIRONA,2,E. SANMARTIN SORIA,88.5049%,49.7854%,False,1,AMARA LLEIDA,False
LIGA U,"2ª FASE Grupo ""B""",BÀSQUET GIRONA,1,K. BRUNOT,93.4415%,90.244%,False,1,AMARA LLEIDA,False
LIGA U,"2ª FASE Grupo ""B""",BÀSQUET GIRONA,16,I. SOLER VALENZUELA,12.9055%,49.5334%,False,1,AMARA LLEIDA,False
LIGA U,"2ª FASE Grupo ""B""",BÀSQUET GIRONA,2,E. SANMARTIN SORIA,6.7701%,50.7937%,False,1,AMARA LLEIDA,False
LIGA U,"2ª FASE Grupo ""B""",UNICAJA ALHAURÍN DE LA TORRE,23,A. BUTAJEVAS,92.3131%,66.5486%,True,1,STELLANTIS&YOU GRANADA,True
LIGA U,"2ª FASE Grupo ""B""",UNICAJA ALHAURÍN DE LA TORRE,4,M. TRUJILLO BRAVO,67.842%,76.3797%,True,1,STELLANTIS&YOU GRANADA,True
LIGA U,"2ª FASE Grupo ""B""",UNICAJA ALHAURÍN DE LA TORRE,44,J. CAZORLA SANCHEZ,39.5628%,49.4073%,False,1,STELLANTIS&YOU GRANADA,True
LIGA U,"2ª FASE Grupo ""B""",UNICAJA ALHAURÍN DE LA TORRE,9,A. NUÑO CASTRO,87.7292%,3.40306%,True,1,STELLANTIS&YOU GRANADA,True
LIGA U,"2ª FASE Grupo ""B""",UNICAJA ALHAURÍN DE LA TORRE,23,A. BUTAJEVAS,12.2003%,40.3325%,True,1,STELLANTIS&YOU GRANADA,True
LIGA U,"2ª FASE Grupo ""B""",UNICAJA ALHAURÍN DE LA TORRE,16,J. VALERO CHICA,12.9055%,53.5666%,False,1,STELLANTIS&YOU GRANADA,True
LIGA U,"2ª FASE Grupo ""B""",UNICAJA ALHAURÍN DE LA TORRE,5,W. BURGOS MEJIA,40.5501%,33.6524%,False,1,STELLANTIS&YOU GRANADA,True
LIGA U,"2ª FASE Grupo ""B""",UNICAJA ALHAURÍN DE LA TORRE,16,J. VALERO CHICA,14.3865%,42.6012%,False,1,STELLANTIS&YOU GRANADA,True
LIGA U,"2ª FASE Grupo ""B""",UNICAJA ALHAURÍN DE LA TORRE,5,W. BURGOS MEJIA,77.9267%,49.7854%,False,1,STELLANTIS&YOU GRANADA,True
LIGA U,"2ª FASE Grupo ""B""",UNICAJA ALHAURÍN DE LA TORRE,16,J. VALERO CHICA,11.9887%,61.5071%,False,1,STELLANTIS&YOU GRANADA,True
LIGA U,"2ª FASE Grupo ""B""",UNICAJA ALHAURÍN DE LA TORRE,4,M. TRUJILLO BRAVO,37.9408%,72.0944%,True,1,STELLANTIS&YOU GRANADA,True
LIGA U,"2ª FASE Grupo ""B""",UNICAJA ALHAURÍN DE LA TORRE,5,W. BURGOS MEJIA,13.9633%,59.3644%,False,1,STELLANTIS&YOU GRANADA,True
LIGA U,"2ª FASE Grupo ""B""",UNICAJA ALHAURÍN DE LA TORRE,23,A. BUTAJEVAS,90.5501%,57.7259%,True,1,STELLANTIS&YOU GRANADA,True
LIGA U,"2ª FASE Grupo ""B""",UNICAJA ALHAURÍN DE LA TORRE,44,J. CAZORLA SANCHEZ,81.3117%,51.2979%,False,1,STELLANTIS&YOU GRANADA,True
LIGA U,"2ª FASE Grupo ""B""",UNICAJA ALHAURÍN DE LA TORRE,11,R. IKPONMWOSA BOZANO,86.3893%,35.7951%,True,1,STELLANTIS&YOU GRANADA,True
LIGA U,"2ª FASE Grupo ""B""",UNICAJA ALHAURÍN DE LA TORRE,14,A. RODRÍGUEZ ORTA,38.7165%,37.4336%,True,1,STELLANTIS&YOU GRANADA,True
LIGA U,"2ª FASE Grupo ""B""",UNICAJA ALHAURÍN DE LA TORRE,5,W. BURGOS MEJIA,11.0014%,37.6857%,False,1,STELLANTIS&YOU GRANADA,True
LIGA U,"2ª FASE Grupo ""B""",UNICAJA ALHAURÍN DE LA TORRE,44,J. CAZORLA SANCHEZ,92.1016%,65.0362%,False,1,STELLANTIS&YOU GRANADA,True
LIGA U,"2ª FASE Grupo ""B""",UNICAJA ALHAURÍN DE LA TORRE,4,M. TRUJILLO BRAVO,38.2229%,54.953%,True,1,STELLANTIS&YOU GRANADA,True
LIGA U,"2ª FASE Grupo ""B""",UNICAJA ALHAURÍN DE LA TORRE,5,W. BURGOS MEJIA,93.5825%,66.6747%,False,1,STELLANTIS&YOU GRANADA,True
LIGA U,"2ª FASE Grupo ""B""",UNICAJA ALHAURÍN DE LA TORRE,11,R. IKPONMWOSA BOZANO,15.5148%,52.8104%,True,1,STELLANTIS&YOU GRANADA,True
LIGA U,"2ª FASE Grupo ""B""",UNICAJA ALHAURÍN DE LA TORRE,23,A. BUTAJEVAS,9.94358%,61.6331%,True,1,STELLANTIS&YOU GRANADA,True
LIGA U,"2ª FASE Grupo ""B""",UNICAJA ALHAURÍN DE LA TORRE,23,A. BUTAJEVAS,13.3992%,56.3395%,True,1,STELLANTIS&YOU GRANADA,True
LIGA U,"2ª FASE Grupo ""B""",UNICAJA ALHAURÍN DE LA TORRE,11,R. IKPONMWOSA BOZANO,86.0367%,94.7814%,False,1,STELLANTIS&YOU GRANADA,True
LIGA U,"2ª FASE Grupo ""B""",UNICAJA ALHAURÍN DE LA TORRE,23,A. BUTAJEVAS,12.835%,63.5237%,False,1,STELLANTIS&YOU GRANADA,True
LIGA U,"2ª FASE Grupo ""B""",UNICAJA ALHAURÍN DE LA TORRE,16,J. VALERO CHICA,13.6812%,57.3478%,True,1,STELLANTIS&YOU GRANADA,True
LIGA U,"2ª FASE Grupo ""B""",UNICAJA ALHAURÍN DE LA TORRE,16,J. VALERO CHICA,12.4118%,43.9876%,True,1,STELLANTIS&YOU GRANADA,True
LIGA U,"2ª FASE Grupo ""B""",UNICAJA ALHAURÍN DE LA TORRE,11,R. IKPONMWOSA BOZANO,91.7489%,47.7688%,False,1,STELLANTIS&YOU GRANADA,True
LIGA U,"2ª FASE Grupo ""B""",UNICAJA ALHAURÍN DE LA TORRE,23,A. BUTAJEVAS,94.4993%,46.6345%,True,1,STELLANTIS&YOU GRANADA,True
LIGA U,"2ª FASE Grupo ""B""",UNICAJA ALHAURÍN DE LA TORRE,11,R. IKPONMWOSA BOZANO,91.5374%,64.2799%,False,1,STELLANTIS&YOU GRANADA,True
LIGA U,"2ª FASE Grupo ""B""",UNICAJA ALHAURÍN DE LA TORRE,21,M. MARTINEZ LOPEZ,95.275%,41.3408%,True,1,STELLANTIS&YOU GRANADA,True
LIGA U,"2ª FASE Grupo ""B""",UNICAJA ALHAURÍN DE LA TORRE,5,W. BURGOS MEJIA,91.6079%,67.5569%,False,1,STELLANTIS&YOU GRANADA,True
LIGA U,"2ª FASE Grupo ""B""",UNICAJA ALHAURÍN DE LA TORRE,16,J. VALERO CHICA,36.3893%,18.5277%,False,1,STELLANTIS&YOU GRANADA,True
LIGA U,"2ª FASE Grupo ""B""",UNICAJA ALHAURÍN DE LA TORRE,9,A. NUÑO CASTRO,64.3159%,30.3754%,True,1,STELLANTIS&YOU GRANADA,True
LIGA U,"2ª FASE Grupo ""B""",UNICAJA ALHAURÍN DE LA TORRE,9,A. NUÑO CASTRO,73.5543%,85.4545%,False,1,STELLANTIS&YOU GRANADA,True
LIGA U,"2ª FASE Grupo ""B""",UNICAJA ALHAURÍN DE LA TORRE,23,A. BUTAJEVAS,96.0508%,67.809%,True,1,STELLANTIS&YOU GRANADA,True
LIGA U,"2ª FASE Grupo ""B""",UNICAJA ALHAURÍN DE LA TORRE,5,W. BURGOS MEJIA,94.1467%,68.9434%,True,1,STELLANTIS&YOU GRANADA,True
LIGA U,"2ª FASE Grupo ""B""",UNICAJA ALHAURÍN DE LA TORRE,23,A. BUTAJEVAS,92.7363%,44.7439%,False,1,STELLANTIS&YOU GRANADA,True
LIGA U,"2ª FASE Grupo ""B""",UNICAJA ALHAURÍN DE LA TORRE,23,A. BUTAJEVAS,15.3738%,52.0541%,True,1,STELLANTIS&YOU GRANADA,True
LIGA U,"2ª FASE Grupo ""B""",UNICAJA ALHAURÍN DE LA TORRE,5,W. BURGOS MEJIA,14.1044%,42.4752%,True,1,STELLANTIS&YOU GRANADA,True
LIGA U,"2ª FASE Grupo ""B""",UNICAJA ALHAURÍN DE LA TORRE,21,M. MARTINEZ LOPEZ,12.5529%,64.9101%,True,1,STELLANTIS&YOU GRANADA,True
LIGA U,"2ª FASE Grupo ""B""",UNICAJA ALHAURÍN DE LA TORRE,2,A. MARTINEZ SANCHO,69.2525%,82.9337%,True,1,STELLANTIS&YOU GRANADA,True
LIGA U,"2ª FASE Grupo ""B""",UNICAJA ALHAURÍN DE LA TORRE,5,W. BURGOS MEJIA,12.5529%,61.381%,True,1,STELLANTIS&YOU GRANADA,True
LIGA U,"2ª FASE Grupo ""B""",UNICAJA ALHAURÍN DE LA TORRE,23,A. BUTAJEVAS,13.9633%,59.3644%,True,1,STELLANTIS&YOU GRANADA,True
LIGA U,"2ª FASE Grupo ""B""",UNICAJA ALHAURÍN DE LA TORRE,14,A. RODRÍGUEZ ORTA,13.7518%,42.4752%,False,1,STELLANTIS&YOU GRANADA,True
LIGA U,"2ª FASE Grupo ""B""",UNICAJA ALHAURÍN DE LA TORRE,16,J. VALERO CHICA,10.8604%,61.8852%,True,1,STELLANTIS&YOU GRANADA,True
LIGA U,"2ª FASE Grupo ""B""",UNICAJA ALHAURÍN DE LA TORRE,5,W. BURGOS MEJIA,94.2877%,43.4835%,True,1,STELLANTIS&YOU GRANADA,True
LIGA U,"2ª FASE Grupo ""B""",UNICAJA ALHAURÍN DE LA TORRE,16,J. VALERO CHICA,15.2327%,65.2882%,False,1,STELLANTIS&YOU GRANADA,True
LIGA U,"2ª FASE Grupo ""B""",UNICAJA ALHAURÍN DE LA TORRE,99,L. FERNÁNDEZ MARÍN,92.031%,70.7079%,False,1,STELLANTIS&YOU GRANADA,True
LIGA U,"2ª FASE Grupo ""B""",UNICAJA ALHAURÍN DE LA TORRE,14,A. RODRÍGUEZ ORTA,13.7518%,42.4752%,True,1,STELLANTIS&YOU GRANADA,True
LIGA U,"2ª FASE Grupo ""B""",UNICAJA ALHAURÍN DE LA TORRE,5,W. BURGOS MEJIA,92.4542%,35.417%,False,1,STELLANTIS&YOU GRANADA,True
LIGA U,"2ª FASE Grupo ""B""",UNICAJA ALHAURÍN DE LA TORRE,9,A. NUÑO CASTRO,9.59097%,64.1539%,True,1,STELLANTIS&YOU GRANADA,True
LIGA U,"2ª FASE Grupo ""B""",UNICAJA ALHAURÍN DE LA TORRE,11,R. IKPONMWOSA BOZANO,12.4118%,43.8616%,False,1,STELLANTIS&YOU GRANADA,True
LIGA U,"2ª FASE Grupo ""B""",UNICAJA ALHAURÍN DE LA TORRE,9,A. NUÑO CASTRO,35.2609%,18.1496%,False,1,STELLANTIS&YOU GRANADA,True
LIGA U,"2ª FASE Grupo ""B""",UNICAJA ALHAURÍN DE LA TORRE,2,A. MARTINEZ SANCHO,13.8223%,60.2467%,False,1,STELLANTIS&YOU GRANADA,True
LIGA U,"2ª FASE Grupo ""B""",UNICAJA ALHAURÍN DE LA TORRE,44,J. CAZORLA SANCHEZ,93.0183%,77.0099%,False,1,STELLANTIS&YOU GRANADA,True
LIGA U,"2ª FASE Grupo ""B""",UNICAJA ALHAURÍN DE LA TORRE,16,J. VALERO CHICA,72.9901%,9.95709%,False,1,STELLANTIS&YOU GRANADA,True
LIGA U,"2ª FASE Grupo ""B""",UNICAJA ALHAURÍN DE LA TORRE,2,A. MARTINEZ SANCHO,38.8575%,18.1496%,True,1,STELLANTIS&YOU GRANADA,True
LIGA U,"2ª FASE Grupo ""B""",UNICAJA ALHAURÍN DE LA TORRE,44,J. CAZORLA SANCHEZ,70.5219%,85.4545%,False,1,STELLANTIS&YOU GRANADA,True
LIGA U,"2ª FASE Grupo ""B""",UNICAJA ALHAURÍN DE LA TORRE,4,M. TRUJILLO BRAVO,39.4217%,58.104%,True,1,STELLANTIS&YOU GRANADA,True
LIGA U,"2ª FASE Grupo ""B""",UNICAJA ALHAURÍN DE LA TORRE,11,R. IKPONMWOSA BOZANO,90.1269%,57.4738%,True,1,STELLANTIS&YOU GRANADA,True
LIGA U,"2ª FASE Grupo ""B""",UNICAJA ALHAURÍN DE LA TORRE,14,A. RODRÍGUEZ ORTA,76.6573%,46.3824%,False,1,STELLANTIS&YOU GRANADA,True
LIGA U,"2ª FASE Grupo ""B""",UNICAJA ALHAURÍN DE LA TORRE,11,R. IKPONMWOSA BOZANO,19.2525%,47.1386%,False,1,STELLANTIS&YOU GRANADA,True
LIGA U,"2ª FASE Grupo ""B""",UNICAJA ALHAURÍN DE LA TORRE,23,A. BUTAJEVAS,42.031%,26.5942%,False,1,STELLANTIS&YOU GRANADA,True
LIGA U,"2ª FASE Grupo ""B""",UNICAJA ALHAURÍN DE LA TORRE,9,A. NUÑO CASTRO,38.646%,41.2148%,True,1,STELLANTIS&YOU GRANADA,True
LIGA U,"2ª FASE Grupo ""B""",UNICAJA ALHAURÍN DE LA TORRE,4,M. TRUJILLO BRAVO,64.8096%,31.8879%,True,1,STELLANTIS&YOU GRANADA,True
LIGA U,"2ª FASE Grupo ""B""",UNICAJA ALHAURÍN DE LA TORRE,5,W. BURGOS MEJIA,11.4951%,42.7272%,False,1,STELLANTIS&YOU GRANADA,True
LIGA U,"2ª FASE Grupo ""B""",UNICAJA ALHAURÍN DE LA TORRE,9,A. NUÑO CASTRO,94.8519%,63.1456%,True,1,STELLANTIS&YOU GRANADA,True
LIGA U,"2ª FASE Grupo ""B""",UNICAJA ALHAURÍN DE LA TORRE,99,L. FERNÁNDEZ MARÍN,15.4443%,62.1373%,True,1,STELLANTIS&YOU GRANADA,True
LIGA U,"2ª FASE Grupo ""B""",STELLANTIS&YOU GRANADA,35,J. ZAMORA MORAGA,93.9351%,68.9434%,True,1,UNICAJA ALHAURÍN DE LA TORRE,False
LIGA U,"2ª FASE Grupo ""B""",STELLANTIS&YOU GRANADA,12,G. KHALIFA ABABACAR,10.7193%,63.9018%,True,1,UNICAJA ALHAURÍN DE LA TORRE,False
LIGA U,"2ª FASE Grupo ""B""",STELLANTIS&YOU GRANADA,7,L. MEDAL COPPINI,91.5374%,40.4585%,True,1,UNICAJA ALHAURÍN DE LA TORRE,False
LIGA U,"2ª FASE Grupo ""B""",STELLANTIS&YOU GRANADA,12,G. KHALIFA ABABACAR,6.7701%,34.9128%,True,1,UNICAJA ALHAURÍN DE LA TORRE,False
LIGA U,"2ª FASE Grupo ""B""",STELLANTIS&YOU GRANADA,12,G. KHALIFA ABABACAR,41.7489%,16.007%,False,1,UNICAJA ALHAURÍN DE LA TORRE,False
LIGA U,"2ª FASE Grupo ""B""",STELLANTIS&YOU GRANADA,34,O. CERDÁ FREIRE,89.8449%,68.6913%,False,1,UNICAJA ALHAURÍN DE LA TORRE,False
LIGA U,"2ª FASE Grupo ""B""",STELLANTIS&YOU GRANADA,24,F. ROMERO GARCIA,84.1326%,60.8769%,False,1,UNICAJA ALHAURÍN DE LA TORRE,False
LIGA U,"2ª FASE Grupo ""B""",STELLANTIS&YOU GRANADA,38,R. DIAZ MORALES,38.4344%,26.3422%,False,1,UNICAJA ALHAURÍN DE LA TORRE,False
LIGA U,"2ª FASE Grupo ""B""",STELLANTIS&YOU GRANADA,7,L. MEDAL COPPINI,68.8293%,21.1746%,False,1,UNICAJA ALHAURÍN DE LA TORRE,False
LIGA U,"2ª FASE Grupo ""B""",STELLANTIS&YOU GRANADA,34,O. CERDÁ FREIRE,14.1749%,51.9281%,False,1,UNICAJA ALHAURÍN DE LA TORRE,False
LIGA U,"2ª FASE Grupo ""B""",STELLANTIS&YOU GRANADA,38,R. DIAZ MORALES,61.9887%,73.6068%,False,1,UNICAJA ALHAURÍN DE LA TORRE,False
LIGA U,"2ª FASE Grupo ""B""",STELLANTIS&YOU GRANADA,20,I. HENDRICKX AGUILERA,91.5374%,65.2882%,True,1,UNICAJA ALHAURÍN DE LA TORRE,False
LIGA U,"2ª FASE Grupo ""B""",STELLANTIS&YOU GRANADA,38,R. DIAZ MORALES,34.7673%,87.9753%,True,1,UNICAJA ALHAURÍN DE LA TORRE,False
LIGA U,"2ª FASE Grupo ""B""",STELLANTIS&YOU GRANADA,20,I. HENDRICKX AGUILERA,10.5783%,42.6012%,False,1,UNICAJA ALHAURÍN DE LA TORRE,False
LIGA U,"2ª FASE Grupo ""B""",STELLANTIS&YOU GRANADA,12,G. KHALIFA ABABACAR,14.1749%,51.9281%,False,1,UNICAJA ALHAURÍN DE LA TORRE,False
LIGA U,"2ª FASE Grupo ""B""",STELLANTIS&YOU GRANADA,20,I. HENDRICKX AGUILERA,25.811%,8.82274%,False,1,UNICAJA ALHAURÍN DE LA TORRE,False
LIGA U,"2ª FASE Grupo ""B""",STELLANTIS&YOU GRANADA,5,I. GONZALEZ MORENO,10.2257%,44.2397%,True,1,UNICAJA ALHAURÍN DE LA TORRE,False
LIGA U,"2ª FASE Grupo ""B""",STELLANTIS&YOU GRANADA,20,I. HENDRICKX AGUILERA,93.7236%,46.3824%,True,1,UNICAJA ALHAURÍN DE LA TORRE,False
LIGA U,"2ª FASE Grupo ""B""",STELLANTIS&YOU GRANADA,34,O. CERDÁ FREIRE,91.5374%,56.9697%,True,1,UNICAJA ALHAURÍN DE LA TORRE,False
LIGA U,"2ª FASE Grupo ""B""",STELLANTIS&YOU GRANADA,12,G. KHALIFA ABABACAR,90.9027%,53.5666%,False,1,UNICAJA ALHAURÍN DE LA TORRE,False
LIGA U,"2ª FASE Grupo ""B""",STELLANTIS&YOU GRANADA,38,R. DIAZ MORALES,73.9069%,8.82274%,False,1,UNICAJA ALHAURÍN DE LA TORRE,False
LIGA U,"2ª FASE Grupo ""B""",STELLANTIS&YOU GRANADA,20,I. HENDRICKX AGUILERA,92.1016%,67.9351%,False,1,UNICAJA ALHAURÍN DE LA TORRE,False
LIGA U,"2ª FASE Grupo ""B""",STELLANTIS&YOU GRANADA,34,O. CERDÁ FREIRE,93.0889%,52.3062%,True,1,UNICAJA ALHAURÍN DE LA TORRE,False
LIGA U,"2ª FASE Grupo ""B""",STELLANTIS&YOU GRANADA,31,J. GARCIA CEREZO,79.8308%,6.80611%,False,1,UNICAJA ALHAURÍN DE LA TORRE,False
LIGA U,"2ª FASE Grupo ""B""",STELLANTIS&YOU GRANADA,38,R. DIAZ MORALES,85.6841%,22.3089%,True,1,UNICAJA ALHAURÍN DE LA TORRE,False
LIGA U,"2ª FASE Grupo ""B""",STELLANTIS&YOU GRANADA,5,I. GONZALEZ MORENO,10.5078%,55.2051%,False,1,UNICAJA ALHAURÍN DE LA TORRE,False
LIGA U,"2ª FASE Grupo ""B""",STELLANTIS&YOU GRANADA,34,O. CERDÁ FREIRE,10.0846%,60.2467%,True,1,UNICAJA ALHAURÍN DE LA TORRE,False
LIGA U,"2ª FASE Grupo ""B""",STELLANTIS&YOU GRANADA,35,J. ZAMORA MORAGA,83.6389%,50.4156%,False,1,UNICAJA ALHAURÍN DE LA TORRE,False
LIGA U,"2ª FASE Grupo ""B""",STELLANTIS&YOU GRANADA,7,L. MEDAL COPPINI,9.59097%,47.7688%,False,1,UNICAJA ALHAURÍN DE LA TORRE,False
LIGA U,"2ª FASE Grupo ""B""",STELLANTIS&YOU GRANADA,34,O. CERDÁ FREIRE,92.031%,50.9198%,False,1,UNICAJA ALHAURÍN DE LA TORRE,False
LIGA U,"2ª FASE Grupo ""B""",STELLANTIS&YOU GRANADA,31,J. GARCIA CEREZO,38.787%,77.514%,False,1,UNICAJA ALHAURÍN DE LA TORRE,False
LIGA U,"2ª FASE Grupo ""B""",STELLANTIS&YOU GRANADA,7,L. MEDAL COPPINI,95.6276%,39.9544%,False,1,UNICAJA ALHAURÍN DE LA TORRE,False
LIGA U,"2ª FASE Grupo ""B""",STELLANTIS&YOU GRANADA,7,L. MEDAL COPPINI,66.5726%,74.4891%,False,1,UNICAJA ALHAURÍN DE LA TORRE,False
LIGA U,"2ª FASE Grupo ""B""",STELLANTIS&YOU GRANADA,20,I. HENDRICKX AGUILERA,92.2426%,57.5999%,False,1,UNICAJA ALHAURÍN DE LA TORRE,False
LIGA U,"2ª FASE Grupo ""B""",STELLANTIS&YOU GRANADA,25,J. GARCÍA CORREA,9.94358%,39.8283%,False,1,UNICAJA ALHAURÍN DE LA TORRE,False
LIGA U,"2ª FASE Grupo ""B""",STELLANTIS&YOU GRANADA,20,I. HENDRICKX AGUILERA,38.2934%,75.1193%,True,1,UNICAJA ALHAURÍN DE LA TORRE,False
LIGA U,"2ª FASE Grupo ""B""",STELLANTIS&YOU GRANADA,12,G. KHALIFA ABABACAR,94.1467%,6.30195%,False,1,UNICAJA ALHAURÍN DE LA TORRE,False
LIGA U,"2ª FASE Grupo ""B""",STELLANTIS&YOU GRANADA,0,V. PUERTOLLANO CUENCA,69.6756%,86.967%,False,1,UNICAJA ALHAURÍN DE LA TORRE,False
LIGA U,"2ª FASE Grupo ""B""",STELLANTIS&YOU GRANADA,35,J. ZAMORA MORAGA,37.3766%,50.0375%,True,1,UNICAJA ALHAURÍN DE LA TORRE,False
LIGA U,"2ª FASE Grupo ""B""",STELLANTIS&YOU GRANADA,7,L. MEDAL COPPINI,10.8604%,33.7785%,False,1,UNICAJA ALHAURÍN DE LA TORRE,False
LIGA U,"2ª FASE Grupo ""B""",STELLANTIS&YOU GRANADA,20,I. HENDRICKX AGUILERA,7.89845%,38.3159%,False,1,UNICAJA ALHAURÍN DE LA TORRE,False
LIGA U,"2ª FASE Grupo ""B""",STELLANTIS&YOU GRANADA,12,G. KHALIFA ABABACAR,89.6333%,57.5999%,False,1,UNICAJA ALHAURÍN DE LA TORRE,False
LIGA U,"2ª FASE Grupo ""B""",STELLANTIS&YOU GRANADA,25,J. GARCÍA CORREA,17.4894%,95.7897%,False,1,UNICAJA ALHAURÍN DE LA TORRE,False
LIGA U,"2ª FASE Grupo ""B""",STELLANTIS&YOU GRANADA,38,R. DIAZ MORALES,73.3427%,87.4711%,False,1,UNICAJA ALHAURÍN DE LA TORRE,False
LIGA U,"2ª FASE Grupo ""B""",STELLANTIS&YOU GRANADA,7,L. MEDAL COPPINI,91.3963%,69.8256%,False,1,UNICAJA ALHAURÍN DE LA TORRE,False
LIGA U,"2ª FASE Grupo ""B""",STELLANTIS&YOU GRANADA,35,J. ZAMORA MORAGA,10.3667%,39.0721%,False,1,UNICAJA ALHAURÍN DE LA TORRE,False
LIGA U,"2ª FASE Grupo ""B""",STELLANTIS&YOU GRANADA,20,I. HENDRICKX AGUILERA,7.82793%,42.6012%,False,1,UNICAJA ALHAURÍN DE LA TORRE,False
LIGA U,"2ª FASE Grupo ""B""",STELLANTIS&YOU GRANADA,20,I. HENDRICKX AGUILERA,92.5247%,45.7522%,True,1,UNICAJA ALHAURÍN DE LA TORRE,False
LIGA U,"2ª FASE Grupo ""B""",STELLANTIS&YOU GRANADA,34,O. CERDÁ FREIRE,19.8872%,57.4738%,False,1,UNICAJA ALHAURÍN DE LA TORRE,False
LIGA U,"2ª FASE Grupo ""B""",STELLANTIS&YOU GRANADA,12,G. KHALIFA ABABACAR,89.9154%,53.9447%,True,1,UNICAJA ALHAURÍN DE LA TORRE,False
LIGA U,"2ª FASE Grupo ""B""",STELLANTIS&YOU GRANADA,12,G. KHALIFA ABABACAR,37.6587%,73.3547%,False,1,UNICAJA ALHAURÍN DE LA TORRE,False
LIGA U,"2ª FASE Grupo ""B""",STELLANTIS&YOU GRANADA,34,O. CERDÁ FREIRE,19.3935%,56.2134%,False,1,UNICAJA ALHAURÍN DE LA TORRE,False
LIGA U,"2ª FASE Grupo ""B""",STELLANTIS&YOU GRANADA,31,J. GARCIA CEREZO,37.2355%,33.5264%,False,1,UNICAJA ALHAURÍN DE LA TORRE,False
LIGA U,"2ª FASE Grupo ""B""",STELLANTIS&YOU GRANADA,38,R. DIAZ MORALES,11.6361%,53.9447%,True,1,UNICAJA ALHAURÍN DE LA TORRE,False
LIGA U,"2ª FASE Grupo ""B""",STELLANTIS&YOU GRANADA,34,O. CERDÁ FREIRE,95.3456%,47.3907%,True,1,UNICAJA ALHAURÍN DE LA TORRE,False
LIGA U,"2ª FASE Grupo ""B""",STELLANTIS&YOU GRANADA,12,G. KHALIFA ABABACAR,87.024%,41.7189%,True,1,UNICAJA ALHAURÍN DE LA TORRE,False
LIGA U,"2ª FASE Grupo ""B""",STELLANTIS&YOU GRANADA,12,G. KHALIFA ABABACAR,8.46262%,37.9378%,False,1,UNICAJA ALHAURÍN DE LA TORRE,False
LIGA U,"2ª FASE Grupo ""B""",STELLANTIS&YOU GRANADA,34,O. CERDÁ FREIRE,18.6178%,22.8131%,False,1,UNICAJA ALHAURÍN DE LA TORRE,False
LIGA U,"2ª FASE Grupo ""B""",STELLANTIS&YOU GRANADA,31,J. GARCIA CEREZO,92.5952%,94.1512%,False,1,UNICAJA ALHAURÍN DE LA TORRE,False
LIGA U,"2ª FASE Grupo ""B""",STELLANTIS&YOU GRANADA,20,I. HENDRICKX AGUILERA,92.5247%,65.4143%,False,1,UNICAJA ALHAURÍN DE LA TORRE,False
LIGA U,"2ª FASE Grupo ""B""",STELLANTIS&YOU GRANADA,20,I. HENDRICKX AGUILERA,95.4866%,37.3076%,True,1,UNICAJA ALHAURÍN DE LA TORRE,False
LIGA U,"2ª FASE Grupo ""B""",STELLANTIS&YOU GRANADA,25,J. GARCÍA CORREA,71.8618%,82.1775%,False,1,UNICAJA ALHAURÍN DE LA TORRE,False
LIGA U,"2ª FASE Grupo ""B""",STELLANTIS&YOU GRANADA,34,O. CERDÁ FREIRE,9.94358%,57.2217%,False,1,UNICAJA ALHAURÍN DE LA TORRE,False
LIGA U,"2ª FASE Grupo ""B""",STELLANTIS&YOU GRANADA,35,J. ZAMORA MORAGA,92.1016%,62.0112%,True,1,UNICAJA ALHAURÍN DE LA TORRE,False
LIGA U,"2ª FASE Grupo ""B""",STELLANTIS&YOU GRANADA,12,G. KHALIFA ABABACAR,9.23836%,59.3644%,True,1,UNICAJA ALHAURÍN DE LA TORRE,False
LIGA U,"2ª FASE Grupo ""B""",STELLANTIS&YOU GRANADA,0,V. PUERTOLLANO CUENCA,41.2553%,21.5527%,True,1,UNICAJA ALHAURÍN DE LA TORRE,False
LIGA U,"2ª FASE Grupo ""B""",STELLANTIS&YOU GRANADA,20,I. HENDRICKX AGUILERA,6.48801%,60.3727%,True,1,UNICAJA ALHAURÍN DE LA TORRE,False
LIGA U,"2ª FASE Grupo ""B""",STELLANTIS&YOU GRANADA,38,R. DIAZ MORALES,94.4993%,49.4073%,False,1,UNICAJA ALHAURÍN DE LA TORRE,False
LIGA U,"2ª FASE Grupo ""B""",STELLANTIS&YOU GRANADA,7,L. MEDAL COPPINI,9.30889%,62.3893%,False,1,UNICAJA ALHAURÍN DE LA TORRE,False
LIGA U,"2ª FASE Grupo ""B""",STELLANTIS&YOU GRANADA,25,J. GARCÍA CORREA,15.5853%,53.6926%,True,1,UNICAJA ALHAURÍN DE LA TORRE,False
LIGA U,"2ª FASE Grupo ""B""",STELLANTIS&YOU GRANADA,12,G. KHALIFA ABABACAR,17.2073%,56.3395%,False,1,UNICAJA ALHAURÍN DE LA TORRE,False
LIGA U,"2ª FASE Grupo ""B""",STELLANTIS&YOU GRANADA,5,I. GONZALEZ MORENO,91.4669%,66.0445%,False,1,UNICAJA ALHAURÍN DE LA TORRE,False
LIGA U,"2ª FASE Grupo ""B""",STELLANTIS&YOU GRANADA,7,L. MEDAL COPPINI,13.3992%,30.8796%,True,1,UNICAJA ALHAURÍN DE LA TORRE,False
LIGA U,"2ª FASE Grupo ""B""",STELLANTIS&YOU GRANADA,36,J. HIGUERAS HERRADOR,89.4922%,78.6484%,False,1,UNICAJA ALHAURÍN DE LA TORRE,False
LIGA U,"2ª FASE Grupo ""B""",STELLANTIS&YOU GRANADA,35,J. ZAMORA MORAGA,11.8477%,63.0195%,False,1,UNICAJA ALHAURÍN DE LA TORRE,False
LIGA U,"2ª FASE Grupo ""B""",STELLANTIS&YOU GRANADA,35,J. ZAMORA MORAGA,16.7842%,60.3727%,False,1,UNICAJA ALHAURÍN DE LA TORRE,False
LIGA U,"2ª FASE Grupo ""B""",STELLANTIS&YOU GRANADA,12,G. KHALIFA ABABACAR,67.1368%,61.0029%,True,1,UNICAJA ALHAURÍN DE LA TORRE,False
LIGA U,"2ª FASE Grupo ""B""",STELLANTIS&YOU GRANADA,20,I. HENDRICKX AGUILERA,91.6079%,66.5486%,True,1,UNICAJA ALHAURÍN DE LA TORRE,False
LIGA U,"LIGA REGULAR GRUPO ""A""",CASADEMONT ZARAGOZA,5,J. GARCIA SANCHEZ,31.1001%,75.8755%,True,1,JOVENTUT BADALONA,True
LIGA U,"LIGA REGULAR GRUPO ""A""",CASADEMONT ZARAGOZA,10,C. ALIAS BERMUDEZ,68.2652%,79.7827%,True,1,JOVENTUT BADALONA,True
LIGA U,"LIGA REGULAR GRUPO ""A""",CASADEMONT ZARAGOZA,12,A. SAVKOV,35.2609%,58.2301%,False,1,JOVENTUT BADALONA,True
LIGA U,"LIGA REGULAR GRUPO ""A""",CASADEMONT ZARAGOZA,7,A. MORENO VALERO,33.6389%,29.7452%,False,1,JOVENTUT BADALONA,True
LIGA U,"LIGA REGULAR GRUPO ""A""",CASADEMONT ZARAGOZA,10,C. ALIAS BERMUDEZ,67.9126%,34.2826%,True,1,JOVENTUT BADALONA,True
LIGA U,"LIGA REGULAR GRUPO ""A""",CASADEMONT ZARAGOZA,10,C. ALIAS BERMUDEZ,86.6009%,56.8436%,True,1,JOVENTUT BADALONA,True
LIGA U,"LIGA REGULAR GRUPO ""A""",CASADEMONT ZARAGOZA,34,A. RODRIGUEZ AGUILA,13.1876%,45.3741%,True,1,JOVENTUT BADALONA,True
LIGA U,"LIGA REGULAR GRUPO ""A""",CASADEMONT ZARAGOZA,15,A. CATIVIELA AISA,31.8759%,25.3339%,False,1,JOVENTUT BADALONA,True
LIGA U,"LIGA REGULAR GRUPO ""A""",CASADEMONT ZARAGOZA,22,L. LANGARITA HERNANDEZ,10.2962%,80.1609%,False,1,JOVENTUT BADALONA,True
LIGA U,"LIGA REGULAR GRUPO ""A""",CASADEMONT ZARAGOZA,9,M. LUKIC,84.2736%,44.3658%,True,1,JOVENTUT BADALONA,True
LIGA U,"LIGA REGULAR GRUPO ""A""",CASADEMONT ZARAGOZA,10,C. ALIAS BERMUDEZ,33.2158%,22.9391%,True,1,JOVENTUT BADALONA,True
LIGA U,"LIGA REGULAR GRUPO ""A""",CASADEMONT ZARAGOZA,22,L. LANGARITA HERNANDEZ,67.6305%,34.0306%,True,1,JOVENTUT BADALONA,True
LIGA U,"LIGA REGULAR GRUPO ""A""",CASADEMONT ZARAGOZA,4,S. FAYE,87.165%,62.5154%,True,1,JOVENTUT BADALONA,True
LIGA U,"LIGA REGULAR GRUPO ""A""",CASADEMONT ZARAGOZA,34,A. RODRIGUEZ AGUILA,88.0113%,60.8769%,True,1,JOVENTUT BADALONA,True
LIGA U,"LIGA REGULAR GRUPO ""A""",CASADEMONT ZARAGOZA,22,L. LANGARITA HERNANDEZ,12.0592%,77.0099%,False,1,JOVENTUT BADALONA,True
LIGA U,"LIGA REGULAR GRUPO ""A""",CASADEMONT ZARAGOZA,34,A. RODRIGUEZ AGUILA,88.5755%,62.0112%,True,1,JOVENTUT BADALONA,True
LIGA U,"LIGA REGULAR GRUPO ""A""",CASADEMONT ZARAGOZA,23,Y. TRAORE,82.158%,57.5999%,True,1,JOVENTUT BADALONA,True
LIGA U,"LIGA REGULAR GRUPO ""A""",CASADEMONT ZARAGOZA,34,A. RODRIGUEZ AGUILA,12.4824%,53.6926%,False,1,JOVENTUT BADALONA,True
LIGA U,"LIGA REGULAR GRUPO ""A""",CASADEMONT ZARAGOZA,4,S. FAYE,86.8829%,61.381%,False,1,JOVENTUT BADALONA,True
LIGA U,"LIGA REGULAR GRUPO ""A""",CASADEMONT ZARAGOZA,10,C. ALIAS BERMUDEZ,31.7348%,28.2328%,False,1,JOVENTUT BADALONA,True
LIGA U,"LIGA REGULAR GRUPO ""A""",CASADEMONT ZARAGOZA,16,R. VALERO LOPEZ,70.3103%,79.5307%,True,1,JOVENTUT BADALONA,True
LIGA U,"LIGA REGULAR GRUPO ""A""",CASADEMONT ZARAGOZA,22,L. LANGARITA HERNANDEZ,36.4598%,58.104%,False,1,JOVENTUT BADALONA,True
LIGA U,"LIGA REGULAR GRUPO ""A""",CASADEMONT ZARAGOZA,15,A. CATIVIELA AISA,33.6389%,30.6275%,True,1,JOVENTUT BADALONA,True
LIGA U,"LIGA REGULAR GRUPO ""A""",CASADEMONT ZARAGOZA,4,S. FAYE,11.9887%,58.3561%,True,1,JOVENTUT BADALONA,True
LIGA U,"LIGA REGULAR GRUPO ""A""",CASADEMONT ZARAGOZA,22,L. LANGARITA HERNANDEZ,15.0212%,47.3907%,False,1,JOVENTUT BADALONA,True
LIGA U,"LIGA REGULAR GRUPO ""A""",CASADEMONT ZARAGOZA,5,J. GARCIA SANCHEZ,31.5233%,25.0818%,False,1,JOVENTUT BADALONA,True
LIGA U,"LIGA REGULAR GRUPO ""A""",CASADEMONT ZARAGOZA,7,A. MORENO VALERO,65.0212%,59.6165%,True,1,JOVENTUT BADALONA,True
LIGA U,"LIGA REGULAR GRUPO ""A""",CASADEMONT ZARAGOZA,4,S. FAYE,14.8801%,56.5915%,True,1,JOVENTUT BADALONA,True
LIGA U,"LIGA REGULAR GRUPO ""A""",CASADEMONT ZARAGOZA,60,K. SOUMALIA SALIF,82.5106%,58.7342%,True,1,JOVENTUT BADALONA,True
LIGA U,"LIGA REGULAR GRUPO ""A""",CASADEMONT ZARAGOZA,22,L. LANGARITA HERNANDEZ,12.6939%,58.2301%,True,1,JOVENTUT BADALONA,True
LIGA U,"LIGA REGULAR GRUPO ""A""",CASADEMONT ZARAGOZA,12,A. SAVKOV,88.5049%,61.381%,True,1,JOVENTUT BADALONA,True
LIGA U,"LIGA REGULAR GRUPO ""A""",CASADEMONT ZARAGOZA,60,K. SOUMALIA SALIF,13.3286%,44.6178%,False,1,JOVENTUT BADALONA,True
LIGA U,"LIGA REGULAR GRUPO ""A""",CASADEMONT ZARAGOZA,4,S. FAYE,9.23836%,47.3907%,True,1,JOVENTUT BADALONA,True
LIGA U,"LIGA REGULAR GRUPO ""A""",CASADEMONT ZARAGOZA,60,K. SOUMALIA SALIF,87.6587%,51.676%,False,1,JOVENTUT BADALONA,True
LIGA U,"LIGA REGULAR GRUPO ""A""",CASADEMONT ZARAGOZA,7,A. MORENO VALERO,67.4894%,71.9683%,False,1,JOVENTUT BADALONA,True
LIGA U,"LIGA REGULAR GRUPO ""A""",CASADEMONT ZARAGOZA,7,A. MORENO VALERO,69.8872%,76.0016%,True,1,JOVENTUT BADALONA,True
LIGA U,"LIGA REGULAR GRUPO ""A""",CASADEMONT ZARAGOZA,10,C. ALIAS BERMUDEZ,88.3639%,61.255%,False,1,JOVENTUT BADALONA,True
LIGA U,"LIGA REGULAR GRUPO ""A""",CASADEMONT ZARAGOZA,4,S. FAYE,10.0846%,60.3727%,True,1,JOVENTUT BADALONA,True
LIGA U,"LIGA REGULAR GRUPO ""A""",CASADEMONT ZARAGOZA,7,A. MORENO VALERO,33.0042%,28.6109%,False,1,JOVENTUT BADALONA,True
LIGA U,"LIGA REGULAR GRUPO ""A""",CASADEMONT ZARAGOZA,22,L. LANGARITA HERNANDEZ,88.8575%,58.7342%,True,1,JOVENTUT BADALONA,True
LIGA U,"LIGA REGULAR GRUPO ""A""",CASADEMONT ZARAGOZA,22,L. LANGARITA HERNANDEZ,76.8688%,56.3395%,True,1,JOVENTUT BADALONA,True
LIGA U,"LIGA REGULAR GRUPO ""A""",CASADEMONT ZARAGOZA,5,J. GARCIA SANCHEZ,33.0748%,74.7412%,True,1,JOVENTUT BADALONA,True
LIGA U,"LIGA REGULAR GRUPO ""A""",CASADEMONT ZARAGOZA,12,A. SAVKOV,12.4118%,54.953%,False,1,JOVENTUT BADALONA,True
LIGA U,"LIGA REGULAR GRUPO ""A""",CASADEMONT ZARAGOZA,12,A. SAVKOV,34.9788%,33.6524%,True,1,JOVENTUT BADALONA,True
LIGA U,"LIGA REGULAR GRUPO ""A""",CASADEMONT ZARAGOZA,9,M. LUKIC,13.5402%,45.8782%,True,1,JOVENTUT BADALONA,True
LIGA U,"LIGA REGULAR GRUPO ""A""",CASADEMONT ZARAGOZA,22,L. LANGARITA HERNANDEZ,76.3752%,52.6843%,False,1,JOVENTUT BADALONA,True
LIGA U,"LIGA REGULAR GRUPO ""A""",CASADEMONT ZARAGOZA,22,L. LANGARITA HERNANDEZ,33.7094%,31.0056%,False,1,JOVENTUT BADALONA,True
LIGA U,"LIGA REGULAR GRUPO ""A""",CASADEMONT ZARAGOZA,22,L. LANGARITA HERNANDEZ,64.2454%,57.5999%,False,1,JOVENTUT BADALONA,True
LIGA U,"LIGA REGULAR GRUPO ""A""",CASADEMONT ZARAGOZA,22,L. LANGARITA HERNANDEZ,84.6968%,45.5001%,False,1,JOVENTUT BADALONA,True
LIGA U,"LIGA REGULAR GRUPO ""A""",CASADEMONT ZARAGOZA,22,L. LANGARITA HERNANDEZ,68.8293%,32.14%,False,1,JOVENTUT BADALONA,True
LIGA U,"LIGA REGULAR GRUPO ""A""",CASADEMONT ZARAGOZA,16,R. VALERO LOPEZ,10.9309%,61.255%,True,1,JOVENTUT BADALONA,True
LIGA U,"LIGA REGULAR GRUPO ""A""",CASADEMONT ZARAGOZA,12,A. SAVKOV,33.5684%,31.3837%,True,1,JOVENTUT BADALONA,True
LIGA U,"LIGA REGULAR GRUPO ""A""",CASADEMONT ZARAGOZA,4,S. FAYE,11.4245%,58.2301%,False,1,JOVENTUT BADALONA,True
LIGA U,"LIGA REGULAR GRUPO ""A""",CASADEMONT ZARAGOZA,7,A. MORENO VALERO,87.9408%,60.6248%,False,1,JOVENTUT BADALONA,True
LIGA U,"LIGA REGULAR GRUPO ""A""",CASADEMONT ZARAGOZA,12,A. SAVKOV,78.7729%,53.3145%,True,1,JOVENTUT BADALONA,True
LIGA U,"LIGA REGULAR GRUPO ""A""",CASADEMONT ZARAGOZA,10,C. ALIAS BERMUDEZ,67.9831%,78.2703%,False,1,JOVENTUT BADALONA,True
LIGA U,"LIGA REGULAR GRUPO ""A""",CASADEMONT ZARAGOZA,5,J. GARCIA SANCHEZ,68.8293%,29.2411%,False,1,JOVENTUT BADALONA,True
LIGA U,"LIGA REGULAR GRUPO ""A""",CASADEMONT ZARAGOZA,12,A. SAVKOV,32.3695%,78.6484%,False,1,JOVENTUT BADALONA,True
LIGA U,"LIGA REGULAR GRUPO ""A""",CASADEMONT ZARAGOZA,9,M. LUKIC,86.1777%,44.3658%,True,1,JOVENTUT BADALONA,True
LIGA U,"LIGA REGULAR GRUPO ""A""",CASADEMONT ZARAGOZA,7,A. MORENO VALERO,32.7927%,29.6192%,False,1,JOVENTUT BADALONA,True
LIGA U,"LIGA REGULAR GRUPO ""A""",CASADEMONT ZARAGOZA,34,A. RODRIGUEZ AGUILA,10.5078%,42.2231%,False,1,JOVENTUT BADALONA,True
LIGA U,"LIGA REGULAR GRUPO ""A""",CASADEMONT ZARAGOZA,12,A. SAVKOV,14.1044%,59.2384%,True,1,JOVENTUT BADALONA,True
LIGA U,"LIGA REGULAR GRUPO ""A""",CASADEMONT ZARAGOZA,5,J. GARCIA SANCHEZ,22.0028%,49.7854%,False,1,JOVENTUT BADALONA,True
LIGA U,"LIGA REGULAR GRUPO ""A""",CASADEMONT ZARAGOZA,5,J. GARCIA SANCHEZ,35.9662%,59.9946%,True,1,JOVENTUT BADALONA,True
LIGA U,"LIGA REGULAR GRUPO ""A""",CASADEMONT ZARAGOZA,9,M. LUKIC,33.9915%,26.9724%,False,1,JOVENTUT BADALONA,True
LIGA U,"LIGA REGULAR GRUPO ""A""",CASADEMONT ZARAGOZA,7,A. MORENO VALERO,13.3286%,44.6178%,True,1,JOVENTUT BADALONA,True
LIGA U,"LIGA REGULAR GRUPO ""A""",CASADEMONT ZARAGOZA,60,K. SOUMALIA SALIF,88.3639%,61.255%,True,1,JOVENTUT BADALONA,True
LIGA U,"LIGA REGULAR GRUPO ""A""",CASADEMONT ZARAGOZA,23,Y. TRAORE,12.9055%,50.6677%,False,1,JOVENTUT BADALONA,True
LIGA U,"LIGA REGULAR GRUPO ""A""",CASADEMONT ZARAGOZA,4,S. FAYE,86.5303%,57.3478%,True,1,JOVENTUT BADALONA,True
LIGA U,"LIGA REGULAR GRUPO ""A""",CASADEMONT ZARAGOZA,22,L. LANGARITA HERNANDEZ,14.3865%,61.255%,True,1,JOVENTUT BADALONA,True
LIGA U,"LIGA REGULAR GRUPO ""A""",CASADEMONT ZARAGOZA,23,Y. TRAORE,87.6587%,60.4988%,False,1,JOVENTUT BADALONA,True
LIGA U,"LIGA REGULAR GRUPO ""A""",CASADEMONT ZARAGOZA,16,R. VALERO LOPEZ,87.024%,60.7508%,True,1,JOVENTUT BADALONA,True
LIGA U,"LIGA REGULAR GRUPO ""A""",CASADEMONT ZARAGOZA,22,L. LANGARITA HERNANDEZ,10.8604%,55.9613%,False,1,JOVENTUT BADALONA,True
LIGA U,"LIGA REGULAR GRUPO ""A""",JOVENTUT BADALONA,34,D. NIEBLA SANTOS,17.5599%,54.5749%,False,1,CASADEMONT ZARAGOZA,False
LIGA U,"LIGA REGULAR GRUPO ""A""",JOVENTUT BADALONA,32,F. MAURI GUILLEN,32.7927%,71.3381%,True,1,CASADEMONT ZARAGOZA,False
LIGA U,"LIGA REGULAR GRUPO ""A""",JOVENTUT BADALONA,34,D. NIEBLA SANTOS,69.6756%,27.7286%,False,1,CASADEMONT ZARAGOZA,False
LIGA U,"LIGA REGULAR GRUPO ""A""",JOVENTUT BADALONA,33,K. MACÍAS BOOK,13.1171%,45.3741%,True,1,CASADEMONT ZARAGOZA,False
LIGA U,"LIGA REGULAR GRUPO ""A""",JOVENTUT BADALONA,11,H. RUIZ ZAMORANO,32.0169%,27.6026%,False,1,CASADEMONT ZARAGOZA,False
LIGA U,"LIGA REGULAR GRUPO ""A""",JOVENTUT BADALONA,20,A. TORRES DE LA TORRE,13.3992%,43.2314%,True,1,CASADEMONT ZARAGOZA,False
LIGA U,"LIGA REGULAR GRUPO ""A""",JOVENTUT BADALONA,33,K. MACÍAS BOOK,29.6192%,29.115%,False,1,CASADEMONT ZARAGOZA,False
LIGA U,"LIGA REGULAR GRUPO ""A""",JOVENTUT BADALONA,2,E. DEL CASTILLO LINDO,12.0592%,56.5915%,True,1,CASADEMONT ZARAGOZA,False
LIGA U,"LIGA REGULAR GRUPO ""A""",JOVENTUT BADALONA,32,F. MAURI GUILLEN,78.8434%,53.1885%,False,1,CASADEMONT ZARAGOZA,False
LIGA U,"LIGA REGULAR GRUPO ""A""",JOVENTUT BADALONA,34,D. NIEBLA SANTOS,15.0212%,60.1206%,False,1,CASADEMONT ZARAGOZA,False
LIGA U,"LIGA REGULAR GRUPO ""A""",JOVENTUT BADALONA,2,E. DEL CASTILLO LINDO,11.1425%,73.6068%,True,1,CASADEMONT ZARAGOZA,False
LIGA U,"LIGA REGULAR GRUPO ""A""",JOVENTUT BADALONA,20,A. TORRES DE LA TORRE,32.3695%,73.6068%,False,1,CASADEMONT ZARAGOZA,False
LIGA U,"LIGA REGULAR GRUPO ""A""",JOVENTUT BADALONA,2,E. DEL CASTILLO LINDO,67.9831%,27.9807%,False,1,CASADEMONT ZARAGOZA,False
LIGA U,"LIGA REGULAR GRUPO ""A""",JOVENTUT BADALONA,32,F. MAURI GUILLEN,15.3032%,57.7259%,False,1,CASADEMONT ZARAGOZA,False
LIGA U,"LIGA REGULAR GRUPO ""A""",JOVENTUT BADALONA,14,P. BERMEJO JARAMILLO,88.2229%,46.0043%,True,1,CASADEMONT ZARAGOZA,False
LIGA U,"LIGA REGULAR GRUPO ""A""",JOVENTUT BADALONA,2,E. DEL CASTILLO LINDO,84.6968%,46.5084%,True,1,CASADEMONT ZARAGOZA,False
LIGA U,"LIGA REGULAR GRUPO ""A""",JOVENTUT BADALONA,20,A. TORRES DE LA TORRE,12.2708%,55.8353%,False,1,CASADEMONT ZARAGOZA,False
LIGA U,"LIGA REGULAR GRUPO ""A""",JOVENTUT BADALONA,2,E. DEL CASTILLO LINDO,15.2327%,26.4682%,False,1,CASADEMONT ZARAGOZA,False
LIGA U,"LIGA REGULAR GRUPO ""A""",JOVENTUT BADALONA,2,E. DEL CASTILLO LINDO,69.9577%,20.2923%,False,1,CASADEMONT ZARAGOZA,False
LIGA U,"LIGA REGULAR GRUPO ""A""",JOVENTUT BADALONA,77,H. PETROVICS,9.37941%,59.4904%,True,1,CASADEMONT ZARAGOZA,False
LIGA U,"LIGA REGULAR GRUPO ""A""",JOVENTUT BADALONA,2,E. DEL CASTILLO LINDO,68.2652%,78.7744%,False,1,CASADEMONT ZARAGOZA,False
LIGA U,"LIGA REGULAR GRUPO ""A""",JOVENTUT BADALONA,45,T. THOMAS I GARCÍA,82.2285%,48.273%,True,1,CASADEMONT ZARAGOZA,False
LIGA U,"LIGA REGULAR GRUPO ""A""",JOVENTUT BADALONA,2,E. DEL CASTILLO LINDO,22.2849%,52.6843%,False,1,CASADEMONT ZARAGOZA,False
LIGA U,"LIGA REGULAR GRUPO ""A""",JOVENTUT BADALONA,20,A. TORRES DE LA TORRE,14.598%,62.3893%,False,1,CASADEMONT ZARAGOZA,False
LIGA U,"LIGA REGULAR GRUPO ""A""",JOVENTUT BADALONA,20,A. TORRES DE LA TORRE,15.8674%,53.4406%,True,1,CASADEMONT ZARAGOZA,False
LIGA U,"LIGA REGULAR GRUPO ""A""",JOVENTUT BADALONA,45,T. THOMAS I GARCÍA,85.4725%,56.7176%,False,1,CASADEMONT ZARAGOZA,False
LIGA U,"LIGA REGULAR GRUPO ""A""",JOVENTUT BADALONA,20,A. TORRES DE LA TORRE,86.1777%,57.3478%,False,1,CASADEMONT ZARAGOZA,False
LIGA U,"LIGA REGULAR GRUPO ""A""",JOVENTUT BADALONA,32,F. MAURI GUILLEN,84.5557%,44.6178%,False,1,CASADEMONT ZARAGOZA,False
LIGA U,"LIGA REGULAR GRUPO ""A""",JOVENTUT BADALONA,45,T. THOMAS I GARCÍA,68.1946%,73.1027%,True,1,CASADEMONT ZARAGOZA,False
LIGA U,"LIGA REGULAR GRUPO ""A""",JOVENTUT BADALONA,77,H. PETROVICS,10.9309%,59.4904%,True,1,CASADEMONT ZARAGOZA,False
LIGA U,"LIGA REGULAR GRUPO ""A""",JOVENTUT BADALONA,45,T. THOMAS I GARCÍA,23.2722%,51.8021%,True,1,CASADEMONT ZARAGOZA,False
LIGA U,"LIGA REGULAR GRUPO ""A""",JOVENTUT BADALONA,5,G. GRAAE BARBOSA,88.5049%,56.0874%,False,1,CASADEMONT ZARAGOZA,False
LIGA U,"LIGA REGULAR GRUPO ""A""",JOVENTUT BADALONA,14,P. BERMEJO JARAMILLO,12.3413%,42.0971%,True,1,CASADEMONT ZARAGOZA,False
LIGA U,"LIGA REGULAR GRUPO ""A""",JOVENTUT BADALONA,24,M. GIL LLIMONA,84.3441%,55.5832%,True,1,CASADEMONT ZARAGOZA,False
LIGA U,"LIGA REGULAR GRUPO ""A""",JOVENTUT BADALONA,33,K. MACÍAS BOOK,85.1904%,56.5915%,False,1,CASADEMONT ZARAGOZA,False
LIGA U,"LIGA REGULAR GRUPO ""A""",JOVENTUT BADALONA,20,A. TORRES DE LA TORRE,85.3315%,43.9876%,True,1,CASADEMONT ZARAGOZA,False
LIGA U,"LIGA REGULAR GRUPO ""A""",JOVENTUT BADALONA,32,F. MAURI GUILLEN,69.323%,81.0431%,True,1,CASADEMONT ZARAGOZA,False
LIGA U,"LIGA REGULAR GRUPO ""A""",JOVENTUT BADALONA,32,F. MAURI GUILLEN,87.7997%,59.6165%,True,1,CASADEMONT ZARAGOZA,False
LIGA U,"LIGA REGULAR GRUPO ""A""",JOVENTUT BADALONA,34,D. NIEBLA SANTOS,16.079%,46.0043%,True,1,CASADEMONT ZARAGOZA,False
LIGA U,"LIGA REGULAR GRUPO ""A""",JOVENTUT BADALONA,32,F. MAURI GUILLEN,14.1749%,46.5084%,False,1,CASADEMONT ZARAGOZA,False
LIGA U,"LIGA REGULAR GRUPO ""A""",JOVENTUT BADALONA,45,T. THOMAS I GARCÍA,68.1241%,30.6275%,True,1,CASADEMONT ZARAGOZA,False
LIGA U,"LIGA REGULAR GRUPO ""A""",JOVENTUT BADALONA,20,A. TORRES DE LA TORRE,72.7786%,84.9503%,True,1,CASADEMONT ZARAGOZA,False
LIGA U,"LIGA REGULAR GRUPO ""A""",JOVENTUT BADALONA,24,M. GIL LLIMONA,18.6883%,31.0056%,True,1,CASADEMONT ZARAGOZA,False
LIGA U,"LIGA REGULAR GRUPO ""A""",JOVENTUT BADALONA,77,H. PETROVICS,33.4274%,23.5693%,False,1,CASADEMONT ZARAGOZA,False
LIGA U,"LIGA REGULAR GRUPO ""A""",JOVENTUT BADALONA,33,K. MACÍAS BOOK,85.1904%,44.2397%,True,1,CASADEMONT ZARAGOZA,False
LIGA U,"LIGA REGULAR GRUPO ""A""",JOVENTUT BADALONA,14,P. BERMEJO JARAMILLO,82.9337%,47.3907%,False,1,CASADEMONT ZARAGOZA,False
LIGA U,"LIGA REGULAR GRUPO ""A""",JOVENTUT BADALONA,11,H. RUIZ ZAMORANO,32.0874%,80.539%,True,1,CASADEMONT ZARAGOZA,False
LIGA U,"LIGA REGULAR GRUPO ""A""",JOVENTUT BADALONA,14,P. BERMEJO JARAMILLO,14.9506%,59.4904%,False,1,CASADEMONT ZARAGOZA,False
LIGA U,"LIGA REGULAR GRUPO ""A""",JOVENTUT BADALONA,32,F. MAURI GUILLEN,69.0409%,77.0099%,True,1,CASADEMONT ZARAGOZA,False
LIGA U,"LIGA REGULAR GRUPO ""A""",JOVENTUT BADALONA,20,A. TORRES DE LA TORRE,12.835%,57.5999%,True,1,CASADEMONT ZARAGOZA,False
LIGA U,"LIGA REGULAR GRUPO ""A""",JOVENTUT BADALONA,45,T. THOMAS I GARCÍA,16.22%,47.5167%,False,1,CASADEMONT ZARAGOZA,False
LIGA U,"LIGA REGULAR GRUPO ""A""",JOVENTUT BADALONA,32,F. MAURI GUILLEN,67.0663%,34.1566%,False,1,CASADEMONT ZARAGOZA,False
LIGA U,"LIGA REGULAR GRUPO ""A""",JOVENTUT BADALONA,33,K. MACÍAS BOOK,15.7264%,45.8782%,True,1,CASADEMONT ZARAGOZA,False
LIGA U,"LIGA REGULAR GRUPO ""A""",JOVENTUT BADALONA,20,A. TORRES DE LA TORRE,68.1946%,73.1027%,False,1,CASADEMONT ZARAGOZA,False
LIGA U,"LIGA REGULAR GRUPO ""A""",JOVENTUT BADALONA,11,H. RUIZ ZAMORANO,77.0099%,59.3644%,False,1,CASADEMONT ZARAGOZA,False
LIGA U,"LIGA REGULAR GRUPO ""A""",JOVENTUT BADALONA,32,F. MAURI GUILLEN,31.8054%,73.8589%,False,1,CASADEMONT ZARAGOZA,False
LIGA U,"LIGA REGULAR GRUPO ""A""",JOVENTUT BADALONA,33,K. MACÍAS BOOK,32.4401%,78.1442%,False,1,CASADEMONT ZARAGOZA,False
LIGA U,"LIGA REGULAR GRUPO ""A""",JOVENTUT BADALONA,14,P. BERMEJO JARAMILLO,85.8251%,46.0043%,True,1,CASADEMONT ZARAGOZA,False
LIGA U,"LIGA REGULAR GRUPO ""A""",JOVENTUT BADALONA,20,A. TORRES DE LA TORRE,84.9788%,44.8699%,False,1,CASADEMONT ZARAGOZA,False
LIGA U,"LIGA REGULAR GRUPO ""A""",JOVENTUT BADALONA,32,F. MAURI GUILLEN,88.4344%,62.5154%,False,1,CASADEMONT ZARAGOZA,False
LIGA U,"LIGA REGULAR GRUPO ""A""",BARÇA ATLÉTIC,30,O. FILBA GONZALEZ,74.4711%,86.8409%,False,1,BAXI MANRESA,True
LIGA U,"LIGA REGULAR GRUPO ""A""",BARÇA ATLÉTIC,30,O. FILBA GONZALEZ,32.158%,33.6524%,True,1,BAXI MANRESA,True
LIGA U,"LIGA REGULAR GRUPO ""A""",BARÇA ATLÉTIC,30,O. FILBA GONZALEZ,65.9379%,48.399%,False,1,BAXI MANRESA,True
LIGA U,"LIGA REGULAR GRUPO ""A""",BARÇA ATLÉTIC,28,D. GONZALEZ CASTRO,13.7518%,50.1636%,False,1,BAXI MANRESA,True
LIGA U,"LIGA REGULAR GRUPO ""A""",BARÇA ATLÉTIC,23,D. FERRERAS CAMARERO,33.4979%,65.4143%,True,1,BAXI MANRESA,True
LIGA U,"LIGA REGULAR GRUPO ""A""",BARÇA ATLÉTIC,23,D. FERRERAS CAMARERO,72.4965%,16.3851%,True,1,BAXI MANRESA,True
LIGA U,"LIGA REGULAR GRUPO ""A""",BARÇA ATLÉTIC,23,D. FERRERAS CAMARERO,70.0282%,16.259%,True,1,BAXI MANRESA,True
LIGA U,"LIGA REGULAR GRUPO ""A""",BARÇA ATLÉTIC,3,J. SIFTAR,4.72496%,43.1054%,False,1,BAXI MANRESA,True
LIGA U,"LIGA REGULAR GRUPO ""A""",BARÇA ATLÉTIC,3,J. SIFTAR,26.6573%,89.6138%,False,1,BAXI MANRESA,True
LIGA U,"LIGA REGULAR GRUPO ""A""",BARÇA ATLÉTIC,30,O. FILBA GONZALEZ,66.7137%,63.1456%,False,1,BAXI MANRESA,True
LIGA U,"LIGA REGULAR GRUPO ""A""",BARÇA ATLÉTIC,21,S. KEITA,91.1142%,46.6345%,True,1,BAXI MANRESA,True
LIGA U,"LIGA REGULAR GRUPO ""A""",BARÇA ATLÉTIC,3,J. SIFTAR,93.3709%,59.9946%,False,1,BAXI MANRESA,True
LIGA U,"LIGA REGULAR GRUPO ""A""",BARÇA ATLÉTIC,3,J. SIFTAR,24.8942%,51.2979%,True,1,BAXI MANRESA,True
LIGA U,"LIGA REGULAR GRUPO ""A""",BARÇA ATLÉTIC,21,S. KEITA,3.73766%,54.5749%,True,1,BAXI MANRESA,True
LIGA U,"LIGA REGULAR GRUPO ""A""",BARÇA ATLÉTIC,23,D. FERRERAS CAMARERO,92.031%,4.28533%,True,1,BAXI MANRESA,True
LIGA U,"LIGA REGULAR GRUPO ""A""",BARÇA ATLÉTIC,23,D. FERRERAS CAMARERO,7.89845%,43.9876%,False,1,BAXI MANRESA,True
LIGA U,"LIGA REGULAR GRUPO ""A""",BARÇA ATLÉTIC,46,N. KUSTURICA,88.1523%,93.8991%,False,1,BAXI MANRESA,True
LIGA U,"LIGA REGULAR GRUPO ""A""",BARÇA ATLÉTIC,7,M. KEITA,10.2962%,48.9032%,True,1,BAXI MANRESA,True
LIGA U,"LIGA REGULAR GRUPO ""A""",BARÇA ATLÉTIC,46,N. KUSTURICA,8.11001%,93.2689%,False,1,BAXI MANRESA,True
LIGA U,"LIGA REGULAR GRUPO ""A""",BARÇA ATLÉTIC,7,M. KEITA,87.5176%,41.4669%,False,1,BAXI MANRESA,True
LIGA U,"LIGA REGULAR GRUPO ""A""",BARÇA ATLÉTIC,23,D. FERRERAS CAMARERO,72.6375%,16.6372%,False,1,BAXI MANRESA,True
LIGA U,"LIGA REGULAR GRUPO ""A""",BARÇA ATLÉTIC,7,M. KEITA,76.3047%,9.70501%,False,1,BAXI MANRESA,True
LIGA U,"LIGA REGULAR GRUPO ""A""",BARÇA ATLÉTIC,7,M. KEITA,6.55853%,47.1386%,True,1,BAXI MANRESA,True
LIGA U,"LIGA REGULAR GRUPO ""A""",BARÇA ATLÉTIC,23,D. FERRERAS CAMARERO,34.3441%,57.978%,True,1,BAXI MANRESA,True
LIGA U,"LIGA REGULAR GRUPO ""A""",BARÇA ATLÉTIC,1,A. KONE,95.134%,45.6261%,True,1,BAXI MANRESA,True
LIGA U,"LIGA REGULAR GRUPO ""A""",BARÇA ATLÉTIC,60,M. DABONE,12.6939%,73.9849%,False,1,BAXI MANRESA,True
LIGA U,"LIGA REGULAR GRUPO ""A""",BARÇA ATLÉTIC,30,O. FILBA GONZALEZ,93.7941%,39.7023%,True,1,BAXI MANRESA,True
LIGA U,"LIGA REGULAR GRUPO ""A""",BARÇA ATLÉTIC,1,A. KONE,93.3709%,44.4918%,True,1,BAXI MANRESA,True
LIGA U,"LIGA REGULAR GRUPO ""A""",BARÇA ATLÉTIC,60,M. DABONE,7.7574%,46.0043%,True,1,BAXI MANRESA,True
LIGA U,"LIGA REGULAR GRUPO ""A""",BARÇA ATLÉTIC,3,J. SIFTAR,3.45557%,53.5666%,True,1,BAXI MANRESA,True
LIGA U,"LIGA REGULAR GRUPO ""A""",BARÇA ATLÉTIC,46,N. KUSTURICA,8.32158%,6.17591%,True,1,BAXI MANRESA,True
LIGA U,"LIGA REGULAR GRUPO ""A""",BARÇA ATLÉTIC,21,S. KEITA,92.8773%,79.9088%,False,1,BAXI MANRESA,True
LIGA U,"LIGA REGULAR GRUPO ""A""",BARÇA ATLÉTIC,46,N. KUSTURICA,92.8068%,93.2689%,False,1,BAXI MANRESA,True
LIGA U,"LIGA REGULAR GRUPO ""A""",BARÇA ATLÉTIC,11,N. POZA CERVANTES,34.7673%,49.0292%,True,1,BAXI MANRESA,True
LIGA U,"LIGA REGULAR GRUPO ""A""",BARÇA ATLÉTIC,30,O. FILBA GONZALEZ,29.8307%,21.8048%,True,1,BAXI MANRESA,True
LIGA U,"LIGA REGULAR GRUPO ""A""",BARÇA ATLÉTIC,23,D. FERRERAS CAMARERO,68.6178%,22.0568%,True,1,BAXI MANRESA,True
LIGA U,"LIGA REGULAR GRUPO ""A""",BARÇA ATLÉTIC,60,M. DABONE,34.4852%,38.694%,True,1,BAXI MANRESA,True
LIGA U,"LIGA REGULAR GRUPO ""A""",BARÇA ATLÉTIC,30,O. FILBA GONZALEZ,8.88575%,31.1317%,True,1,BAXI MANRESA,True
LIGA U,"LIGA REGULAR GRUPO ""A""",BARÇA ATLÉTIC,1,A. KONE,92.1721%,48.7771%,True,1,BAXI MANRESA,True
LIGA U,"LIGA REGULAR GRUPO ""A""",BARÇA ATLÉTIC,60,M. DABONE,10.5078%,58.6082%,True,1,BAXI MANRESA,True
LIGA U,"LIGA REGULAR GRUPO ""A""",BARÇA ATLÉTIC,1,A. KONE,96.2623%,40.8367%,False,1,BAXI MANRESA,True
LIGA U,"LIGA REGULAR GRUPO ""A""",BARÇA ATLÉTIC,3,J. SIFTAR,5.00705%,92.0085%,False,1,BAXI MANRESA,True
LIGA U,"LIGA REGULAR GRUPO ""A""",BARÇA ATLÉTIC,3,J. SIFTAR,68.5472%,19.9142%,False,1,BAXI MANRESA,True
LIGA U,"LIGA REGULAR GRUPO ""A""",BARÇA ATLÉTIC,60,M. DABONE,91.6079%,43.8616%,True,1,BAXI MANRESA,True
LIGA U,"LIGA REGULAR GRUPO ""A""",BARÇA ATLÉTIC,21,S. KEITA,77.5035%,68.1871%,False,1,BAXI MANRESA,True
LIGA U,"LIGA REGULAR GRUPO ""A""",BARÇA ATLÉTIC,60,M. DABONE,3.31453%,47.0126%,True,1,BAXI MANRESA,True
LIGA U,"LIGA REGULAR GRUPO ""A""",BARÇA ATLÉTIC,1,A. KONE,89.5628%,46.8865%,True,1,BAXI MANRESA,True
LIGA U,"LIGA REGULAR GRUPO ""A""",BARÇA ATLÉTIC,3,J. SIFTAR,94.2877%,51.55%,True,1,BAXI MANRESA,True
LIGA U,"LIGA REGULAR GRUPO ""A""",BARÇA ATLÉTIC,21,S. KEITA,91.6784%,50.2896%,True,1,BAXI MANRESA,True
LIGA U,"LIGA REGULAR GRUPO ""A""",BARÇA ATLÉTIC,1,A. KONE,92.9478%,46.6345%,True,1,BAXI MANRESA,True
LIGA U,"LIGA REGULAR GRUPO ""A""",BARÇA ATLÉTIC,11,N. POZA CERVANTES,93.512%,51.2979%,False,1,BAXI MANRESA,True
LIGA U,"LIGA REGULAR GRUPO ""A""",BARÇA ATLÉTIC,21,S. KEITA,5.28914%,48.525%,True,1,BAXI MANRESA,True
LIGA U,"LIGA REGULAR GRUPO ""A""",BARÇA ATLÉTIC,21,S. KEITA,90.9027%,54.953%,False,1,BAXI MANRESA,True
LIGA U,"LIGA REGULAR GRUPO ""A""",BARÇA ATLÉTIC,21,S. KEITA,12.2003%,32.14%,True,1,BAXI MANRESA,True
LIGA U,"LIGA REGULAR GRUPO ""A""",BARÇA ATLÉTIC,23,D. FERRERAS CAMARERO,10.0141%,74.4891%,False,1,BAXI MANRESA,True
LIGA U,"LIGA REGULAR GRUPO ""A""",BARÇA ATLÉTIC,28,D. GONZALEZ CASTRO,86.6714%,47.7688%,True,1,BAXI MANRESA,True
LIGA U,"LIGA REGULAR GRUPO ""A""",BARÇA ATLÉTIC,1,A. KONE,6.34697%,46.8865%,True,1,BAXI MANRESA,True
LIGA U,"LIGA REGULAR GRUPO ""A""",BARÇA ATLÉTIC,60,M. DABONE,5.71227%,96.2939%,True,1,BAXI MANRESA,True
LIGA U,"LIGA REGULAR GRUPO ""A""",BARÇA ATLÉTIC,3,J. SIFTAR,88.9281%,46.7605%,False,1,BAXI MANRESA,True
LIGA U,"LIGA REGULAR GRUPO ""A""",BARÇA ATLÉTIC,46,N. KUSTURICA,96.2623%,40.8367%,True,1,BAXI MANRESA,True
LIGA U,"LIGA REGULAR GRUPO ""A""",BARÇA ATLÉTIC,46,N. KUSTURICA,19.6051%,92.1346%,False,1,BAXI MANRESA,True
LIGA U,"LIGA REGULAR GRUPO ""A""",BARÇA ATLÉTIC,46,N. KUSTURICA,67.9831%,25.712%,False,1,BAXI MANRESA,True
LIGA U,"LIGA REGULAR GRUPO ""A""",BARÇA ATLÉTIC,46,N. KUSTURICA,67.0663%,18.9059%,False,1,BAXI MANRESA,True
LIGA U,"LIGA REGULAR GRUPO ""A""",BARÇA ATLÉTIC,21,S. KEITA,7.89845%,43.9876%,True,1,BAXI MANRESA,True
LIGA U,"LIGA REGULAR GRUPO ""A""",BARÇA ATLÉTIC,7,M. KEITA,92.2426%,63.1456%,False,1,BAXI MANRESA,True
LIGA U,"LIGA REGULAR GRUPO ""A""",BARÇA ATLÉTIC,46,N. KUSTURICA,6.48801%,96.5459%,True,1,BAXI MANRESA,True
LIGA U,"LIGA REGULAR GRUPO ""A""",BAXI MANRESA,11,L. BERGSENG,7.47532%,43.7356%,True,1,BARÇA ATLÉTIC,False
LIGA U,"LIGA REGULAR GRUPO ""A""",BAXI MANRESA,23,L. SANCHEZ FERNANDEZ,14.6685%,61.6331%,True,1,BARÇA ATLÉTIC,False
LIGA U,"LIGA REGULAR GRUPO ""A""",BAXI MANRESA,15,J. SALO BLAYA,89.7038%,47.7688%,False,1,BARÇA ATLÉTIC,False
LIGA U,"LIGA REGULAR GRUPO ""A""",BAXI MANRESA,3,M. ROSELL LANZA,12.1298%,16.3851%,False,1,BARÇA ATLÉTIC,False
LIGA U,"LIGA REGULAR GRUPO ""A""",BAXI MANRESA,24,F. TORREBLANCA CATALAN,27.1509%,83.0597%,False,1,BARÇA ATLÉTIC,False
LIGA U,"LIGA REGULAR GRUPO ""A""",BAXI MANRESA,3,M. ROSELL LANZA,92.8068%,91.5044%,False,1,BARÇA ATLÉTIC,False
LIGA U,"LIGA REGULAR GRUPO ""A""",BAXI MANRESA,24,F. TORREBLANCA CATALAN,32.0169%,69.0694%,False,1,BARÇA ATLÉTIC,False
LIGA U,"LIGA REGULAR GRUPO ""A""",BAXI MANRESA,20,J. PUMAROLA AGUILAR,12.6234%,45.3741%,False,1,BARÇA ATLÉTIC,False
LIGA U,"LIGA REGULAR GRUPO ""A""",BAXI MANRESA,3,M. ROSELL LANZA,21.3681%,8.94877%,False,1,BARÇA ATLÉTIC,False
LIGA U,"LIGA REGULAR GRUPO ""A""",BAXI MANRESA,9,B. JEKABSONS,25.3879%,10.8394%,False,1,BARÇA ATLÉTIC,False
LIGA U,"LIGA REGULAR GRUPO ""A""",BAXI MANRESA,20,J. PUMAROLA AGUILAR,10.5783%,50.7937%,False,1,BARÇA ATLÉTIC,False
LIGA U,"LIGA REGULAR GRUPO ""A""",BAXI MANRESA,6,M. OLVERA GIMENEZ,7.33427%,2.52078%,False,1,BARÇA ATLÉTIC,False
LIGA U,"LIGA REGULAR GRUPO ""A""",BAXI MANRESA,6,M. OLVERA GIMENEZ,90.5501%,49.6594%,False,1,BARÇA ATLÉTIC,False
LIGA U,"LIGA REGULAR GRUPO ""A""",BAXI MANRESA,6,M. OLVERA GIMENEZ,10.2962%,58.8602%,False,1,BARÇA ATLÉTIC,False
LIGA U,"LIGA REGULAR GRUPO ""A""",BAXI MANRESA,20,J. PUMAROLA AGUILAR,7.68688%,28.3588%,False,1,BARÇA ATLÉTIC,False
LIGA U,"LIGA REGULAR GRUPO ""A""",BAXI MANRESA,3,M. ROSELL LANZA,7.61636%,42.9793%,True,1,BARÇA ATLÉTIC,False
LIGA U,"LIGA REGULAR GRUPO ""A""",BAXI MANRESA,20,J. PUMAROLA AGUILAR,6.06488%,46.0043%,True,1,BARÇA ATLÉTIC,False
LIGA U,"LIGA REGULAR GRUPO ""A""",BAXI MANRESA,23,L. SANCHEZ FERNANDEZ,66.2906%,41.845%,False,1,BARÇA ATLÉTIC,False
LIGA U,"LIGA REGULAR GRUPO ""A""",BAXI MANRESA,3,M. ROSELL LANZA,2.96192%,81.7994%,True,1,BARÇA ATLÉTIC,False
LIGA U,"LIGA REGULAR GRUPO ""A""",BAXI MANRESA,11,L. BERGSENG,33.8505%,49.7854%,False,1,BARÇA ATLÉTIC,False
LIGA U,"LIGA REGULAR GRUPO ""A""",BAXI MANRESA,20,J. PUMAROLA AGUILAR,6.84062%,45.6261%,False,1,BARÇA ATLÉTIC,False
LIGA U,"LIGA REGULAR GRUPO ""A""",BAXI MANRESA,10,A. MUNCUNILL FERRER,89.4217%,44.3658%,False,1,BARÇA ATLÉTIC,False
LIGA U,"LIGA REGULAR GRUPO ""A""",BAXI MANRESA,11,L. BERGSENG,93.2299%,43.7356%,False,1,BARÇA ATLÉTIC,False
LIGA U,"LIGA REGULAR GRUPO ""A""",BAXI MANRESA,23,L. SANCHEZ FERNANDEZ,23.9774%,37.0555%,False,1,BARÇA ATLÉTIC,False
LIGA U,"LIGA REGULAR GRUPO ""A""",BAXI MANRESA,24,F. TORREBLANCA CATALAN,69.1114%,77.6401%,False,1,BARÇA ATLÉTIC,False
LIGA U,"LIGA REGULAR GRUPO ""A""",BAXI MANRESA,10,A. MUNCUNILL FERRER,95.5571%,78.0182%,False,1,BARÇA ATLÉTIC,False
LIGA U,"LIGA REGULAR GRUPO ""A""",BAXI MANRESA,20,J. PUMAROLA AGUILAR,7.54584%,45.6261%,True,1,BARÇA ATLÉTIC,False
LIGA U,"LIGA REGULAR GRUPO ""A""",BAXI MANRESA,3,M. ROSELL LANZA,4.37236%,96.798%,False,1,BARÇA ATLÉTIC,False
LIGA U,"LIGA REGULAR GRUPO ""A""",BAXI MANRESA,6,M. OLVERA GIMENEZ,11.9182%,57.2217%,False,1,BARÇA ATLÉTIC,False
LIGA U,"LIGA REGULAR GRUPO ""A""",BAXI MANRESA,14,G. ECKER ALBERTI,90.9027%,42.2231%,True,1,BARÇA ATLÉTIC,False
LIGA U,"LIGA REGULAR GRUPO ""A""",BAXI MANRESA,17,G. NASPLER PEREZ,94.0762%,28.2328%,False,1,BARÇA ATLÉTIC,False
LIGA U,"LIGA REGULAR GRUPO ""A""",BAXI MANRESA,11,L. BERGSENG,9.16784%,56.7176%,False,1,BARÇA ATLÉTIC,False
LIGA U,"LIGA REGULAR GRUPO ""A""",BAXI MANRESA,17,G. NASPLER PEREZ,88.9986%,53.0624%,True,1,BARÇA ATLÉTIC,False
LIGA U,"LIGA REGULAR GRUPO ""A""",BAXI MANRESA,14,G. ECKER ALBERTI,28.7024%,20.2923%,False,1,BARÇA ATLÉTIC,False
LIGA U,"LIGA REGULAR GRUPO ""A""",BAXI MANRESA,9,B. JEKABSONS,7.19323%,96.0418%,False,1,BARÇA ATLÉTIC,False
LIGA U,"LIGA REGULAR GRUPO ""A""",BAXI MANRESA,20,J. PUMAROLA AGUILAR,94.0762%,92.2606%,False,1,BARÇA ATLÉTIC,False
LIGA U,"LIGA REGULAR GRUPO ""A""",BAXI MANRESA,20,J. PUMAROLA AGUILAR,7.96897%,91.6304%,False,1,BARÇA ATLÉTIC,False
LIGA U,"LIGA REGULAR GRUPO ""A""",BAXI MANRESA,11,L. BERGSENG,27.9972%,81.5473%,True,1,BARÇA ATLÉTIC,False
LIGA U,"LIGA REGULAR GRUPO ""A""",BAXI MANRESA,20,J. PUMAROLA AGUILAR,7.4048%,49.2813%,True,1,BARÇA ATLÉTIC,False
LIGA U,"LIGA REGULAR GRUPO ""A""",BAXI MANRESA,17,G. NASPLER PEREZ,94.4288%,94.0251%,False,1,BARÇA ATLÉTIC,False
LIGA U,"LIGA REGULAR GRUPO ""A""",BAXI MANRESA,17,G. NASPLER PEREZ,90.7616%,53.6926%,True,1,BARÇA ATLÉTIC,False
LIGA U,"LIGA REGULAR GRUPO ""A""",BAXI MANRESA,11,L. BERGSENG,7.4048%,58.4821%,False,1,BARÇA ATLÉTIC,False
LIGA U,"LIGA REGULAR GRUPO ""A""",BAXI MANRESA,9,B. JEKABSONS,69.7461%,26.0901%,False,1,BARÇA ATLÉTIC,False
LIGA U,"LIGA REGULAR GRUPO ""A""",BAXI MANRESA,3,M. ROSELL LANZA,31.8759%,74.111%,False,1,BARÇA ATLÉTIC,False
LIGA U,"LIGA REGULAR GRUPO ""A""",BAXI MANRESA,24,F. TORREBLANCA CATALAN,5.57123%,94.5293%,False,1,BARÇA ATLÉTIC,False
LIGA U,"LIGA REGULAR GRUPO ""A""",BAXI MANRESA,17,G. NASPLER PEREZ,92.8773%,56.5915%,False,1,BARÇA ATLÉTIC,False
LIGA U,"LIGA REGULAR GRUPO ""A""",BAXI MANRESA,24,F. TORREBLANCA CATALAN,67.701%,28.2328%,False,1,BARÇA ATLÉTIC,False
LIGA U,"LIGA REGULAR GRUPO ""A""",BAXI MANRESA,3,M. ROSELL LANZA,89.3512%,92.5127%,False,1,BARÇA ATLÉTIC,False
LIGA U,"LIGA REGULAR GRUPO ""A""",BAXI MANRESA,2,I. FRANCISCO,19.6051%,52.5583%,False,1,BARÇA ATLÉTIC,False
LIGA U,"LIGA REGULAR GRUPO ""A""",BAXI MANRESA,20,J. PUMAROLA AGUILAR,89.8449%,94.9074%,False,1,BARÇA ATLÉTIC,False
LIGA U,"LIGA REGULAR GRUPO ""A""",BAXI MANRESA,15,J. SALO BLAYA,93.0889%,39.4502%,True,1,BARÇA ATLÉTIC,False
LIGA U,"LIGA REGULAR GRUPO ""A""",BAXI MANRESA,24,F. TORREBLANCA CATALAN,65.5148%,48.9032%,False,1,BARÇA ATLÉTIC,False
LIGA U,"LIGA REGULAR GRUPO ""A""",BAXI MANRESA,24,F. TORREBLANCA CATALAN,25.2468%,86.967%,False,1,BARÇA ATLÉTIC,False
LIGA U,"LIGA REGULAR GRUPO ""A""",BAXI MANRESA,17,G. NASPLER PEREZ,7.54584%,56.9697%,False,1,BARÇA ATLÉTIC,False
LIGA U,"LIGA REGULAR GRUPO ""A""",BAXI MANRESA,14,G. ECKER ALBERTI,93.3004%,2.64682%,False,1,BARÇA ATLÉTIC,False
LIGA U,"LIGA REGULAR GRUPO ""A""",BAXI MANRESA,14,G. ECKER ALBERTI,93.4415%,96.672%,False,1,BARÇA ATLÉTIC,False
LIGA U,"LIGA REGULAR GRUPO ""A""",BAXI MANRESA,20,J. PUMAROLA AGUILAR,8.67419%,51.0458%,True,1,BARÇA ATLÉTIC,False
LIGA U,"LIGA REGULAR GRUPO ""A""",BAXI MANRESA,20,J. PUMAROLA AGUILAR,6.41749%,4.28533%,False,1,BARÇA ATLÉTIC,False
LIGA U,"LIGA REGULAR GRUPO ""A""",BAXI MANRESA,9,B. JEKABSONS,64.8096%,43.9876%,False,1,BARÇA ATLÉTIC,False
LIGA U,"LIGA REGULAR GRUPO ""A""",BAXI MANRESA,23,L. SANCHEZ FERNANDEZ,94.0762%,4.53741%,False,1,BARÇA ATLÉTIC,False
LIGA U,"LIGA REGULAR GRUPO ""A""",BAXI MANRESA,11,L. BERGSENG,27.0804%,81.5473%,False,1,BARÇA ATLÉTIC,False
LIGA U,"LIGA REGULAR GRUPO ""A""",BAXI MANRESA,3,M. ROSELL LANZA,69.8872%,79.7827%,False,1,BARÇA ATLÉTIC,False
LIGA U,"LIGA REGULAR GRUPO ""A""",BAXI MANRESA,17,G. NASPLER PEREZ,8.95628%,77.7661%,False,1,BARÇA ATLÉTIC,False
LIGA U,"LIGA REGULAR GRUPO ""A""",BAXI MANRESA,3,M. ROSELL LANZA,33.0748%,46.8865%,False,1,BARÇA ATLÉTIC,False
LIGA U,"LIGA REGULAR GRUPO ""A""",BAXI MANRESA,3,M. ROSELL LANZA,65.1622%,43.9876%,False,1,BARÇA ATLÉTIC,False
LIGA U,"LIGA REGULAR GRUPO ""A""",BAXI MANRESA,17,G. NASPLER PEREZ,87.4471%,49.1552%,False,1,BARÇA ATLÉTIC,False
LIGA U,"LIGA REGULAR GRUPO ""A""",BAXI MANRESA,3,M. ROSELL LANZA,16.0085%,51.55%,False,1,BARÇA ATLÉTIC,False
LIGA U,"LIGA REGULAR GRUPO ""A""",BAXI MANRESA,6,M. OLVERA GIMENEZ,12.835%,45.122%,False,1,BARÇA ATLÉTIC,False
LIGA U,"LIGA REGULAR GRUPO ""A""",BAXI MANRESA,20,J. PUMAROLA AGUILAR,92.1016%,57.3478%,False,1,BARÇA ATLÉTIC,False
LIGA U,"LIGA REGULAR GRUPO ""A""",BAXI MANRESA,17,G. NASPLER PEREZ,85.7546%,56.9697%,False,1,BARÇA ATLÉTIC,False
LIGA U,"LIGA REGULAR GRUPO ""A""",BAXI MANRESA,17,G. NASPLER PEREZ,91.4669%,54.3228%,False,1,BARÇA ATLÉTIC,False
LIGA U,"LIGA REGULAR GRUPO ""A""",BAXI MANRESA,17,G. NASPLER PEREZ,7.19323%,4.03325%,False,1,BARÇA ATLÉTIC,False
LIGA U,"LIGA REGULAR GRUPO ""A""",BAXI MANRESA,11,L. BERGSENG,84.2736%,50.1636%,False,1,BARÇA ATLÉTIC,False
LIGA U,"LIGA REGULAR GRUPO ""A""",BAXI MANRESA,23,L. SANCHEZ FERNANDEZ,7.7574%,58.2301%,True,1,BARÇA ATLÉTIC,False
LIGA U,"LIGA REGULAR GRUPO ""A""",BAXI MANRESA,24,F. TORREBLANCA CATALAN,66.2906%,48.9032%,False,1,BARÇA ATLÉTIC,False
LIGA U,"LIGA REGULAR GRUPO ""A""",BAXI MANRESA,20,J. PUMAROLA AGUILAR,5.00705%,57.0957%,False,1,BARÇA ATLÉTIC,False
LIGA U,"LIGA REGULAR GRUPO ""A""",BAXI MANRESA,24,F. TORREBLANCA CATALAN,71.7913%,14.4945%,True,1,BARÇA ATLÉTIC,False
LIGA U,"LIGA REGULAR GRUPO ""A""",BAXI MANRESA,14,G. ECKER ALBERTI,91.5374%,3.52909%,False,1,BARÇA ATLÉTIC,False
LIGA U,"LIGA REGULAR GRUPO ""A""",BAXI MANRESA,15,J. SALO BLAYA,30.677%,21.3006%,False,1,BARÇA ATLÉTIC,False
LIGA U,"LIGA REGULAR GRUPO ""A""",BAXI MANRESA,20,J. PUMAROLA AGUILAR,15.1622%,5.67176%,False,1,BARÇA ATLÉTIC,False
LIGA U,"LIGA REGULAR GRUPO ""A""",BAXI MANRESA,3,M. ROSELL LANZA,7.26375%,6.04988%,False,1,BARÇA ATLÉTIC,False
LIGA U,"LIGA REGULAR GRUPO ""A""",BAXI MANRESA,2,I. FRANCISCO,92.031%,3.15098%,False,1,BARÇA ATLÉTIC,False
LIGA U,"LIGA REGULAR GRUPO ""A""",BAXI MANRESA,20,J. PUMAROLA AGUILAR,83.5684%,49.7854%,False,1,BARÇA ATLÉTIC,False
LIGA U,"LIGA REGULAR GRUPO ""A""",BAXI MANRESA,24,F. TORREBLANCA CATALAN,32.0874%,22.561%,False,1,BARÇA ATLÉTIC,False
LIGA U,"LIGA REGULAR GRUPO ""A""",VALENCIA BASKET,9,J. VIGUER GARCÍA DE LA VEGA,64.2384%,49.9115%,False,1,FUNDACIÓN CB CANARIAS,True
LIGA U,"LIGA REGULAR GRUPO ""A""",VALENCIA BASKET,17,M. LEITAO RIBEIRO DO SACRAMENTO E,21.5727%,7.31027%,False,1,FUNDACIÓN CB CANARIAS,True
LIGA U,"LIGA REGULAR GRUPO ""A""",VALENCIA BASKET,11,V. IGLESIAS MARTINEZ,66.0014%,53.1885%,False,1,FUNDACIÓN CB CANARIAS,True
LIGA U,"LIGA REGULAR GRUPO ""A""",VALENCIA BASKET,10,J. CAROT HERNANDEZ,95.7617%,49.7854%,True,1,FUNDACIÓN CB CANARIAS,True
LIGA U,"LIGA REGULAR GRUPO ""A""",VALENCIA BASKET,7,A. BLANCO CARDONA,17.3484%,25.4599%,True,1,FUNDACIÓN CB CANARIAS,True
LIGA U,"LIGA REGULAR GRUPO ""A""",VALENCIA BASKET,33,D. OSAYI JAMES,30.9591%,76.7578%,False,1,FUNDACIÓN CB CANARIAS,True
LIGA U,"LIGA REGULAR GRUPO ""A""",VALENCIA BASKET,13,G. TAZO CAMACHO,75.8745%,14.4945%,False,1,FUNDACIÓN CB CANARIAS,True
LIGA U,"LIGA REGULAR GRUPO ""A""",VALENCIA BASKET,3,N. DZEPINA,32.0874%,73.1027%,True,1,FUNDACIÓN CB CANARIAS,True
LIGA U,"LIGA REGULAR GRUPO ""A""",VALENCIA BASKET,17,M. LEITAO RIBEIRO DO SACRAMENTO E,94.7038%,93.647%,False,1,FUNDACIÓN CB CANARIAS,True
LIGA U,"LIGA REGULAR GRUPO ""A""",VALENCIA BASKET,22,T. TALCIS GRIKIETIS,28.1382%,22.0568%,False,1,FUNDACIÓN CB CANARIAS,True
LIGA U,"LIGA REGULAR GRUPO ""A""",VALENCIA BASKET,33,D. OSAYI JAMES,12.1298%,45.6261%,False,1,FUNDACIÓN CB CANARIAS,True
LIGA U,"LIGA REGULAR GRUPO ""A""",VALENCIA BASKET,21,M. VEINTIMILLA COMES,34.6968%,54.3228%,False,1,FUNDACIÓN CB CANARIAS,True
LIGA U,"LIGA REGULAR GRUPO ""A""",VALENCIA BASKET,10,J. CAROT HERNANDEZ,5.64175%,49.9115%,True,1,FUNDACIÓN CB CANARIAS,True
LIGA U,"LIGA REGULAR GRUPO ""A""",VALENCIA BASKET,22,T. TALCIS GRIKIETIS,94.5628%,51.0458%,True,1,FUNDACIÓN CB CANARIAS,True
LIGA U,"LIGA REGULAR GRUPO ""A""",VALENCIA BASKET,7,A. BLANCO CARDONA,33.921%,34.1566%,True,1,FUNDACIÓN CB CANARIAS,True
LIGA U,"LIGA REGULAR GRUPO ""A""",VALENCIA BASKET,7,A. BLANCO CARDONA,28.1382%,22.0568%,False,1,FUNDACIÓN CB CANARIAS,True
LIGA U,"LIGA REGULAR GRUPO ""A""",VALENCIA BASKET,7,A. BLANCO CARDONA,5.1481%,49.4073%,False,1,FUNDACIÓN CB CANARIAS,True
LIGA U,"LIGA REGULAR GRUPO ""A""",VALENCIA BASKET,9,J. VIGUER GARCÍA DE LA VEGA,33.78%,44.6178%,False,1,FUNDACIÓN CB CANARIAS,True
LIGA U,"LIGA REGULAR GRUPO ""A""",VALENCIA BASKET,3,N. DZEPINA,5.50071%,49.6594%,True,1,FUNDACIÓN CB CANARIAS,True
LIGA U,"LIGA REGULAR GRUPO ""A""",VALENCIA BASKET,7,A. BLANCO CARDONA,33.4979%,62.0112%,False,1,FUNDACIÓN CB CANARIAS,True
LIGA U,"LIGA REGULAR GRUPO ""A""",VALENCIA BASKET,10,J. CAROT HERNANDEZ,5.99436%,52.9364%,True,1,FUNDACIÓN CB CANARIAS,True
LIGA U,"LIGA REGULAR GRUPO ""A""",VALENCIA BASKET,33,D. OSAYI JAMES,96.89%,50.5417%,True,1,FUNDACIÓN CB CANARIAS,True
LIGA U,"LIGA REGULAR GRUPO ""A""",VALENCIA BASKET,10,J. CAROT HERNANDEZ,9.44993%,47.5167%,False,1,FUNDACIÓN CB CANARIAS,True
LIGA U,"LIGA REGULAR GRUPO ""A""",VALENCIA BASKET,15,R. VILLAREJO COSTA,66.8477%,41.7189%,False,1,FUNDACIÓN CB CANARIAS,True
LIGA U,"LIGA REGULAR GRUPO ""A""",VALENCIA BASKET,7,A. BLANCO CARDONA,26.5867%,81.2952%,False,1,FUNDACIÓN CB CANARIAS,True
LIGA U,"LIGA REGULAR GRUPO ""A""",VALENCIA BASKET,15,R. VILLAREJO COSTA,16.2906%,52.9364%,True,1,FUNDACIÓN CB CANARIAS,True
LIGA U,"LIGA REGULAR GRUPO ""A""",VALENCIA BASKET,9,J. VIGUER GARCÍA DE LA VEGA,94.7744%,48.273%,True,1,FUNDACIÓN CB CANARIAS,True
LIGA U,"LIGA REGULAR GRUPO ""A""",VALENCIA BASKET,10,J. CAROT HERNANDEZ,89.7673%,37.6857%,False,1,FUNDACIÓN CB CANARIAS,True
LIGA U,"LIGA REGULAR GRUPO ""A""",VALENCIA BASKET,9,J. VIGUER GARCÍA DE LA VEGA,30.9591%,75.2453%,False,1,FUNDACIÓN CB CANARIAS,True
LIGA U,"LIGA REGULAR GRUPO ""A""",VALENCIA BASKET,13,G. TAZO CAMACHO,93.0818%,44.4918%,True,1,FUNDACIÓN CB CANARIAS,True
LIGA U,"LIGA REGULAR GRUPO ""A""",VALENCIA BASKET,10,J. CAROT HERNANDEZ,29.3371%,20.6704%,False,1,FUNDACIÓN CB CANARIAS,True
LIGA U,"LIGA REGULAR GRUPO ""A""",VALENCIA BASKET,10,J. CAROT HERNANDEZ,33.78%,72.5985%,False,1,FUNDACIÓN CB CANARIAS,True
LIGA U,"LIGA REGULAR GRUPO ""A""",VALENCIA BASKET,13,G. TAZO CAMACHO,12.835%,54.1968%,False,1,FUNDACIÓN CB CANARIAS,True
LIGA U,"LIGA REGULAR GRUPO ""A""",VALENCIA BASKET,15,R. VILLAREJO COSTA,93.0818%,44.4918%,False,1,FUNDACIÓN CB CANARIAS,True
LIGA U,"LIGA REGULAR GRUPO ""A""",VALENCIA BASKET,15,R. VILLAREJO COSTA,19.0409%,6.68007%,True,1,FUNDACIÓN CB CANARIAS,True
LIGA U,"LIGA REGULAR GRUPO ""A""",VALENCIA BASKET,7,A. BLANCO CARDONA,9.09732%,55.2051%,False,1,FUNDACIÓN CB CANARIAS,True
LIGA U,"LIGA REGULAR GRUPO ""A""",VALENCIA BASKET,7,A. BLANCO CARDONA,91.4598%,26.4682%,True,1,FUNDACIÓN CB CANARIAS,True
LIGA U,"LIGA REGULAR GRUPO ""A""",VALENCIA BASKET,7,A. BLANCO CARDONA,28.1382%,22.0568%,True,1,FUNDACIÓN CB CANARIAS,True
LIGA U,"LIGA REGULAR GRUPO ""A""",VALENCIA BASKET,15,R. VILLAREJO COSTA,10.8604%,6.04988%,False,1,FUNDACIÓN CB CANARIAS,True
LIGA U,"LIGA REGULAR GRUPO ""A""",VALENCIA BASKET,7,A. BLANCO CARDONA,83.914%,2.64682%,False,1,FUNDACIÓN CB CANARIAS,True
LIGA U,"LIGA REGULAR GRUPO ""A""",VALENCIA BASKET,9,J. VIGUER GARCÍA DE LA VEGA,24.189%,91.8825%,True,1,FUNDACIÓN CB CANARIAS,True
LIGA U,"LIGA REGULAR GRUPO ""A""",VALENCIA BASKET,9,J. VIGUER GARCÍA DE LA VEGA,7.12271%,28.989%,True,1,FUNDACIÓN CB CANARIAS,True
LIGA U,"LIGA REGULAR GRUPO ""A""",VALENCIA BASKET,13,G. TAZO CAMACHO,95.268%,53.0624%,True,1,FUNDACIÓN CB CANARIAS,True
LIGA U,"LIGA REGULAR GRUPO ""A""",VALENCIA BASKET,13,G. TAZO CAMACHO,26.5162%,28.1067%,False,1,FUNDACIÓN CB CANARIAS,True
LIGA U,"LIGA REGULAR GRUPO ""A""",VALENCIA BASKET,10,J. CAROT HERNANDEZ,89.9789%,59.4904%,False,1,FUNDACIÓN CB CANARIAS,True
LIGA U,"LIGA REGULAR GRUPO ""A""",VALENCIA BASKET,10,J. CAROT HERNANDEZ,33.5684%,71.086%,False,1,FUNDACIÓN CB CANARIAS,True
LIGA U,"LIGA REGULAR GRUPO ""A""",VALENCIA BASKET,7,A. BLANCO CARDONA,65.5783%,54.827%,False,1,FUNDACIÓN CB CANARIAS,True
LIGA U,"LIGA REGULAR GRUPO ""A""",VALENCIA BASKET,10,J. CAROT HERNANDEZ,31.6643%,21.0485%,False,1,FUNDACIÓN CB CANARIAS,True
LIGA U,"LIGA REGULAR GRUPO ""A""",VALENCIA BASKET,22,T. TALCIS GRIKIETIS,4.37236%,76.0016%,False,1,FUNDACIÓN CB CANARIAS,True
LIGA U,"LIGA REGULAR GRUPO ""A""",VALENCIA BASKET,21,M. VEINTIMILLA COMES,91.3188%,51.55%,False,1,FUNDACIÓN CB CANARIAS,True
LIGA U,"LIGA REGULAR GRUPO ""A""",VALENCIA BASKET,15,R. VILLAREJO COSTA,89.9789%,91.8825%,False,1,FUNDACIÓN CB CANARIAS,True
LIGA U,"LIGA REGULAR GRUPO ""A""",VALENCIA BASKET,7,A. BLANCO CARDONA,87.158%,36.9294%,False,1,FUNDACIÓN CB CANARIAS,True
LIGA U,"LIGA REGULAR GRUPO ""A""",VALENCIA BASKET,9,J. VIGUER GARCÍA DE LA VEGA,95.5501%,54.0708%,True,1,FUNDACIÓN CB CANARIAS,True
LIGA U,"LIGA REGULAR GRUPO ""A""",VALENCIA BASKET,9,J. VIGUER GARCÍA DE LA VEGA,72.9126%,23.6953%,False,1,FUNDACIÓN CB CANARIAS,True
LIGA U,"LIGA REGULAR GRUPO ""A""",VALENCIA BASKET,13,G. TAZO CAMACHO,6.7701%,51.1719%,True,1,FUNDACIÓN CB CANARIAS,True
LIGA U,"LIGA REGULAR GRUPO ""A""",VALENCIA BASKET,7,A. BLANCO CARDONA,13.3286%,24.7037%,True,1,FUNDACIÓN CB CANARIAS,True
LIGA U,"LIGA REGULAR GRUPO ""A""",VALENCIA BASKET,10,J. CAROT HERNANDEZ,93.9281%,43.9876%,False,1,FUNDACIÓN CB CANARIAS,True
LIGA U,"LIGA REGULAR GRUPO ""A""",VALENCIA BASKET,7,A. BLANCO CARDONA,28.1382%,22.0568%,False,1,FUNDACIÓN CB CANARIAS,True
LIGA U,"LIGA REGULAR GRUPO ""A""",VALENCIA BASKET,7,A. BLANCO CARDONA,30.0423%,70.5819%,False,1,FUNDACIÓN CB CANARIAS,True
LIGA U,"LIGA REGULAR GRUPO ""A""",VALENCIA BASKET,7,A. BLANCO CARDONA,10.4372%,7.18423%,False,1,FUNDACIÓN CB CANARIAS,True
LIGA U,"LIGA REGULAR GRUPO ""A""",VALENCIA BASKET,22,T. TALCIS GRIKIETIS,92.165%,93.521%,False,1,FUNDACIÓN CB CANARIAS,True
LIGA U,"LIGA REGULAR GRUPO ""A""",VALENCIA BASKET,3,N. DZEPINA,8.25106%,72.7245%,False,1,FUNDACIÓN CB CANARIAS,True
LIGA U,"LIGA REGULAR GRUPO ""A""",VALENCIA BASKET,22,T. TALCIS GRIKIETIS,23.8364%,9.70501%,False,1,FUNDACIÓN CB CANARIAS,True
LIGA U,"LIGA REGULAR GRUPO ""A""",VALENCIA BASKET,13,G. TAZO CAMACHO,94.8449%,69.1955%,False,1,FUNDACIÓN CB CANARIAS,True
LIGA U,"LIGA REGULAR GRUPO ""A""",VALENCIA BASKET,7,A. BLANCO CARDONA,5.00705%,51.4239%,True,1,FUNDACIÓN CB CANARIAS,True
LIGA U,"LIGA REGULAR GRUPO ""A""",VALENCIA BASKET,7,A. BLANCO CARDONA,93.8576%,94.5293%,False,1,FUNDACIÓN CB CANARIAS,True
LIGA U,"LIGA REGULAR GRUPO ""A""",VALENCIA BASKET,13,G. TAZO CAMACHO,90.8957%,48.7771%,False,1,FUNDACIÓN CB CANARIAS,True
LIGA U,"LIGA REGULAR GRUPO ""A""",VALENCIA BASKET,11,V. IGLESIAS MARTINEZ,29.4076%,77.388%,False,1,FUNDACIÓN CB CANARIAS,True
LIGA U,"LIGA REGULAR GRUPO ""A""",VALENCIA BASKET,9,J. VIGUER GARCÍA DE LA VEGA,65.8604%,54.827%,True,1,FUNDACIÓN CB CANARIAS,True
LIGA U,"LIGA REGULAR GRUPO ""A""",VALENCIA BASKET,13,G. TAZO CAMACHO,89.4852%,46.5084%,False,1,FUNDACIÓN CB CANARIAS,True
LIGA U,"LIGA REGULAR GRUPO ""A""",VALENCIA BASKET,15,R. VILLAREJO COSTA,82.0804%,8.0665%,False,1,FUNDACIÓN CB CANARIAS,True
LIGA U,"LIGA REGULAR GRUPO ""A""",VALENCIA BASKET,3,N. DZEPINA,34.4852%,45.5001%,True,1,FUNDACIÓN CB CANARIAS,True
LIGA U,"LIGA REGULAR GRUPO ""A""",VALENCIA BASKET,9,J. VIGUER GARCÍA DE LA VEGA,89.2737%,19.5361%,False,1,FUNDACIÓN CB CANARIAS,True
LIGA U,"LIGA REGULAR GRUPO ""A""",VALENCIA BASKET,21,M. VEINTIMILLA COMES,86.5938%,49.7854%,False,1,FUNDACIÓN CB CANARIAS,True
LIGA U,"LIGA REGULAR GRUPO ""A""",VALENCIA BASKET,10,J. CAROT HERNANDEZ,80.7405%,70.3298%,False,1,FUNDACIÓN CB CANARIAS,True
LIGA U,"LIGA REGULAR GRUPO ""A""",VALENCIA BASKET,7,A. BLANCO CARDONA,92.4471%,61.8852%,False,1,FUNDACIÓN CB CANARIAS,True
LIGA U,"LIGA REGULAR GRUPO ""A""",VALENCIA BASKET,33,D. OSAYI JAMES,94.3512%,67.809%,False,1,FUNDACIÓN CB CANARIAS,True
LIGA U,"LIGA REGULAR GRUPO ""A""",VALENCIA BASKET,9,J. VIGUER GARCÍA DE LA VEGA,91.4598%,50.5417%,False,1,FUNDACIÓN CB CANARIAS,True
LIGA U,"LIGA REGULAR GRUPO ""A""",VALENCIA BASKET,9,J. VIGUER GARCÍA DE LA VEGA,12.1298%,6.80611%,False,1,FUNDACIÓN CB CANARIAS,True
LIGA U,"LIGA REGULAR GRUPO ""A""",FUNDACIÓN CB CANARIAS,22,R. RODRIGUEZ GALVAN,75.811%,14.1164%,False,1,VALENCIA BASKET,False
LIGA U,"LIGA REGULAR GRUPO ""A""",FUNDACIÓN CB CANARIAS,16,D. BORDÓN DRI,8.24403%,41.0887%,False,1,VALENCIA BASKET,False
LIGA U,"LIGA REGULAR GRUPO ""A""",FUNDACIÓN CB CANARIAS,6,X. LOPEZ RODRIGUEZ,94.7109%,50.0375%,True,1,VALENCIA BASKET,False
LIGA U,"LIGA REGULAR GRUPO ""A""",FUNDACIÓN CB CANARIAS,16,D. BORDÓN DRI,5.21159%,51.1719%,True,1,VALENCIA BASKET,False
LIGA U,"LIGA REGULAR GRUPO ""A""",FUNDACIÓN CB CANARIAS,16,D. BORDÓN DRI,92.5952%,50.1636%,False,1,VALENCIA BASKET,False
LIGA U,"LIGA REGULAR GRUPO ""A""",FUNDACIÓN CB CANARIAS,6,X. LOPEZ RODRIGUEZ,93.653%,50.7937%,True,1,VALENCIA BASKET,False
LIGA U,"LIGA REGULAR GRUPO ""A""",FUNDACIÓN CB CANARIAS,16,D. BORDÓN DRI,67.4894%,68.6913%,False,1,VALENCIA BASKET,False
LIGA U,"LIGA REGULAR GRUPO ""A""",FUNDACIÓN CB CANARIAS,6,X. LOPEZ RODRIGUEZ,16.2835%,6.93215%,False,1,VALENCIA BASKET,False
LIGA U,"LIGA REGULAR GRUPO ""A""",FUNDACIÓN CB CANARIAS,22,R. RODRIGUEZ GALVAN,5.77577%,49.2813%,True,1,VALENCIA BASKET,False
LIGA U,"LIGA REGULAR GRUPO ""A""",FUNDACIÓN CB CANARIAS,16,D. BORDÓN DRI,6.1989%,51.1719%,True,1,VALENCIA BASKET,False
LIGA U,"LIGA REGULAR GRUPO ""A""",FUNDACIÓN CB CANARIAS,6,X. LOPEZ RODRIGUEZ,4.78846%,49.5334%,True,1,VALENCIA BASKET,False
LIGA U,"LIGA REGULAR GRUPO ""A""",FUNDACIÓN CB CANARIAS,16,D. BORDÓN DRI,4.36533%,51.0458%,True,1,VALENCIA BASKET,False
LIGA U,"LIGA REGULAR GRUPO ""A""",FUNDACIÓN CB CANARIAS,7,D. DELGADO SAURA,19.1044%,4.53741%,False,1,VALENCIA BASKET,False
LIGA U,"LIGA REGULAR GRUPO ""A""",FUNDACIÓN CB CANARIAS,23,M. SANGARE,92.7363%,92.6387%,False,1,VALENCIA BASKET,False
LIGA U,"LIGA REGULAR GRUPO ""A""",FUNDACIÓN CB CANARIAS,23,M. SANGARE,91.3258%,48.1469%,False,1,VALENCIA BASKET,False
LIGA U,"LIGA REGULAR GRUPO ""A""",FUNDACIÓN CB CANARIAS,5,A. GUERRA LOZANO,62.0522%,21.3006%,False,1,VALENCIA BASKET,False
LIGA U,"LIGA REGULAR GRUPO ""A""",FUNDACIÓN CB CANARIAS,14,D. ACOSTA MOLINÉ,89.7743%,44.9959%,False,1,VALENCIA BASKET,False
LIGA U,"LIGA REGULAR GRUPO ""A""",FUNDACIÓN CB CANARIAS,6,X. LOPEZ RODRIGUEZ,92.7363%,92.6387%,True,1,VALENCIA BASKET,False
LIGA U,"LIGA REGULAR GRUPO ""A""",FUNDACIÓN CB CANARIAS,23,M. SANGARE,92.3131%,47.6428%,False,1,VALENCIA BASKET,False
LIGA U,"LIGA REGULAR GRUPO ""A""",FUNDACIÓN CB CANARIAS,11,L. RIGA,91.5374%,92.2606%,False,1,VALENCIA BASKET,False
LIGA U,"LIGA REGULAR GRUPO ""A""",FUNDACIÓN CB CANARIAS,45,E. LIMA TEIXEIRA,96.897%,52.3062%,True,1,VALENCIA BASKET,False
LIGA U,"LIGA REGULAR GRUPO ""A""",FUNDACIÓN CB CANARIAS,9,M. CRUJEIRAS MOREIRAS,90.0564%,46.2563%,False,1,VALENCIA BASKET,False
LIGA U,"LIGA REGULAR GRUPO ""A""",FUNDACIÓN CB CANARIAS,16,D. BORDÓN DRI,7.39777%,51.8021%,True,1,VALENCIA BASKET,False
LIGA U,"LIGA REGULAR GRUPO ""A""",FUNDACIÓN CB CANARIAS,14,D. ACOSTA MOLINÉ,89.9859%,6.68007%,False,1,VALENCIA BASKET,False
LIGA U,"LIGA REGULAR GRUPO ""A""",FUNDACIÓN CB CANARIAS,23,M. SANGARE,93.8646%,60.6248%,False,1,VALENCIA BASKET,False
LIGA U,"LIGA REGULAR GRUPO ""A""",FUNDACIÓN CB CANARIAS,23,M. SANGARE,95.7687%,50.1636%,True,1,VALENCIA BASKET,False
LIGA U,"LIGA REGULAR GRUPO ""A""",FUNDACIÓN CB CANARIAS,14,D. ACOSTA MOLINÉ,88.5755%,92.8908%,False,1,VALENCIA BASKET,False
LIGA U,"LIGA REGULAR GRUPO ""A""",FUNDACIÓN CB CANARIAS,16,D. BORDÓN DRI,6.76307%,51.4239%,True,1,VALENCIA BASKET,False
LIGA U,"LIGA REGULAR GRUPO ""A""",FUNDACIÓN CB CANARIAS,16,D. BORDÓN DRI,89.4217%,72.2204%,False,1,VALENCIA BASKET,False
LIGA U,"LIGA REGULAR GRUPO ""A""",FUNDACIÓN CB CANARIAS,8,E. PREKEVICIUS,15.4373%,93.2689%,False,1,VALENCIA BASKET,False
LIGA U,"LIGA REGULAR GRUPO ""A""",FUNDACIÓN CB CANARIAS,22,R. RODRIGUEZ GALVAN,95.0635%,50.7937%,True,1,VALENCIA BASKET,False
LIGA U,"LIGA REGULAR GRUPO ""A""",FUNDACIÓN CB CANARIAS,22,R. RODRIGUEZ GALVAN,26.0861%,34.4087%,True,1,VALENCIA BASKET,False
LIGA U,"LIGA REGULAR GRUPO ""A""",FUNDACIÓN CB CANARIAS,16,D. BORDÓN DRI,31.8689%,22.0568%,False,1,VALENCIA BASKET,False
LIGA U,"LIGA REGULAR GRUPO ""A""",FUNDACIÓN CB CANARIAS,22,R. RODRIGUEZ GALVAN,69.6051%,78.5223%,False,1,VALENCIA BASKET,False
LIGA U,"LIGA REGULAR GRUPO ""A""",FUNDACIÓN CB CANARIAS,16,D. BORDÓN DRI,68.2652%,37.5596%,False,1,VALENCIA BASKET,False
LIGA U,"LIGA REGULAR GRUPO ""A""",FUNDACIÓN CB CANARIAS,16,D. BORDÓN DRI,91.4669%,75.1193%,False,1,VALENCIA BASKET,False
LIGA U,"LIGA REGULAR GRUPO ""A""",FUNDACIÓN CB CANARIAS,6,X. LOPEZ RODRIGUEZ,5.07055%,51.4239%,True,1,VALENCIA BASKET,False
LIGA U,"LIGA REGULAR GRUPO ""A""",FUNDACIÓN CB CANARIAS,8,E. PREKEVICIUS,94.8519%,60.4988%,False,1,VALENCIA BASKET,False
LIGA U,"LIGA REGULAR GRUPO ""A""",FUNDACIÓN CB CANARIAS,16,D. BORDÓN DRI,24.8167%,11.7216%,False,1,VALENCIA BASKET,False
LIGA U,"LIGA REGULAR GRUPO ""A""",FUNDACIÓN CB CANARIAS,22,R. RODRIGUEZ GALVAN,75.1058%,40.9627%,False,1,VALENCIA BASKET,False
LIGA U,"LIGA REGULAR GRUPO ""A""",FUNDACIÓN CB CANARIAS,8,E. PREKEVICIUS,76.3752%,8.31858%,False,1,VALENCIA BASKET,False
LIGA U,"LIGA REGULAR GRUPO ""A""",FUNDACIÓN CB CANARIAS,22,R. RODRIGUEZ GALVAN,35.677%,63.1456%,False,1,VALENCIA BASKET,False
LIGA U,"LIGA REGULAR GRUPO ""A""",FUNDACIÓN CB CANARIAS,16,D. BORDÓN DRI,4.01272%,51.676%,True,1,VALENCIA BASKET,False
LIGA U,"LIGA REGULAR GRUPO ""A""",FUNDACIÓN CB CANARIAS,22,R. RODRIGUEZ GALVAN,68.4062%,72.5985%,True,1,VALENCIA BASKET,False
LIGA U,"LIGA REGULAR GRUPO ""A""",FUNDACIÓN CB CANARIAS,16,D. BORDÓN DRI,33.7729%,65.5403%,False,1,VALENCIA BASKET,False
LIGA U,"LIGA REGULAR GRUPO ""A""",FUNDACIÓN CB CANARIAS,9,M. CRUJEIRAS MOREIRAS,94.2877%,53.1885%,False,1,VALENCIA BASKET,False
LIGA U,"LIGA REGULAR GRUPO ""A""",FUNDACIÓN CB CANARIAS,6,X. LOPEZ RODRIGUEZ,6.05786%,49.0292%,False,1,VALENCIA BASKET,False
LIGA U,"LIGA REGULAR GRUPO ""A""",FUNDACIÓN CB CANARIAS,11,L. RIGA,93.653%,58.4821%,False,1,VALENCIA BASKET,False
LIGA U,"LIGA REGULAR GRUPO ""A""",FUNDACIÓN CB CANARIAS,22,R. RODRIGUEZ GALVAN,33.4909%,65.2882%,False,1,VALENCIA BASKET,False
LIGA U,"LIGA REGULAR GRUPO ""A""",FUNDACIÓN CB CANARIAS,5,A. GUERRA LOZANO,7.96195%,82.1775%,False,1,VALENCIA BASKET,False
LIGA U,"LIGA REGULAR GRUPO ""A""",FUNDACIÓN CB CANARIAS,16,D. BORDÓN DRI,4.64742%,50.5417%,True,1,VALENCIA BASKET,False
LIGA U,"LIGA REGULAR GRUPO ""A""",FUNDACIÓN CB CANARIAS,45,E. LIMA TEIXEIRA,8.59664%,44.4918%,False,1,VALENCIA BASKET,False
LIGA U,"LIGA REGULAR GRUPO ""A""",FUNDACIÓN CB CANARIAS,16,D. BORDÓN DRI,5.63472%,51.2979%,True,1,VALENCIA BASKET,False
LIGA U,"LIGA REGULAR GRUPO ""A""",FUNDACIÓN CB CANARIAS,14,D. ACOSTA MOLINÉ,88.1523%,48.9032%,False,1,VALENCIA BASKET,False
LIGA U,"LIGA REGULAR GRUPO ""A""",FUNDACIÓN CB CANARIAS,6,X. LOPEZ RODRIGUEZ,94.9929%,50.5417%,True,1,VALENCIA BASKET,False
LIGA U,"LIGA REGULAR GRUPO ""A""",FUNDACIÓN CB CANARIAS,23,M. SANGARE,4.08324%,50.9198%,True,1,VALENCIA BASKET,False
LIGA U,"LIGA REGULAR GRUPO ""A""",FUNDACIÓN CB CANARIAS,23,M. SANGARE,92.2426%,56.7176%,False,1,VALENCIA BASKET,False
LIGA U,"LIGA REGULAR GRUPO ""A""",FUNDACIÓN CB CANARIAS,22,R. RODRIGUEZ GALVAN,88.1523%,48.9032%,False,1,VALENCIA BASKET,False
LIGA U,"LIGA REGULAR GRUPO ""A""",FUNDACIÓN CB CANARIAS,16,D. BORDÓN DRI,95.275%,49.0292%,True,1,VALENCIA BASKET,False
LIGA U,"LIGA REGULAR GRUPO ""A""",FUNDACIÓN CB CANARIAS,22,R. RODRIGUEZ GALVAN,35.536%,50.2896%,True,1,VALENCIA BASKET,False
LIGA U,"LIGA REGULAR GRUPO ""A""",FUNDACIÓN CB CANARIAS,16,D. BORDÓN DRI,12.6869%,49.0292%,False,1,VALENCIA BASKET,False
LIGA U,"LIGA REGULAR GRUPO ""A""",FUNDACIÓN CB CANARIAS,8,E. PREKEVICIUS,16.6361%,30.6275%,True,1,VALENCIA BASKET,False
LIGA U,"LIGA REGULAR GRUPO ""A""",FUNDACIÓN CB CANARIAS,22,R. RODRIGUEZ GALVAN,94.9929%,53.4406%,True,1,VALENCIA BASKET,False
LIGA U,"LIGA REGULAR GRUPO ""A""",FUNDACIÓN CB CANARIAS,6,X. LOPEZ RODRIGUEZ,5.49368%,51.4239%,True,1,VALENCIA BASKET,False
LIGA U,"LIGA REGULAR GRUPO ""A""",FUNDACIÓN CB CANARIAS,16,D. BORDÓN DRI,95.8392%,48.525%,True,1,VALENCIA BASKET,False
LIGA U,"LIGA REGULAR GRUPO ""A""",FUNDACIÓN CB CANARIAS,16,D. BORDÓN DRI,72.0733%,19.6621%,False,1,VALENCIA BASKET,False
LIGA U,"LIGA REGULAR GRUPO ""A""",FUNDACIÓN CB CANARIAS,16,D. BORDÓN DRI,8.94925%,56.0874%,False,1,VALENCIA BASKET,False
LIGA U,"LIGA REGULAR GRUPO ""A""",FUNDACIÓN CB CANARIAS,22,R. RODRIGUEZ GALVAN,88.1523%,44.7439%,True,1,VALENCIA BASKET,False
LIGA U,"LIGA REGULAR GRUPO ""A""",FUNDACIÓN CB CANARIAS,23,M. SANGARE,4.29481%,53.6926%,True,1,VALENCIA BASKET,False
LIGA U,"LIGA REGULAR GRUPO ""A""",FUNDACIÓN CB CANARIAS,23,M. SANGARE,10.5713%,55.2051%,False,1,VALENCIA BASKET,False
LIGA U,"LIGA REGULAR GRUPO ""A""",FUNDACIÓN CB CANARIAS,6,X. LOPEZ RODRIGUEZ,12.3343%,64.532%,False,1,VALENCIA BASKET,False
LIGA U,"LIGA REGULAR GRUPO ""A""",FUNDACIÓN CB CANARIAS,16,D. BORDÓN DRI,6.26942%,50.6677%,True,1,VALENCIA BASKET,False
LIGA U,"LIGA REGULAR GRUPO ""A""",FUNDACIÓN CB CANARIAS,16,D. BORDÓN DRI,4.92951%,51.55%,True,1,VALENCIA BASKET,False
LIGA U,"LIGA REGULAR GRUPO ""A""",FUNDACIÓN CB CANARIAS,23,M. SANGARE,95.4866%,52.3062%,True,1,VALENCIA BASKET,False
LIGA U,"LIGA REGULAR GRUPO ""A""",FUNDACIÓN CB CANARIAS,6,X. LOPEZ RODRIGUEZ,94.5698%,46.3824%,False,1,VALENCIA BASKET,False
LIGA U,"LIGA REGULAR GRUPO ""A""",FUNDACIÓN CB CANARIAS,7,D. DELGADO SAURA,31.4457%,70.5819%,False,1,VALENCIA BASKET,False
LIGA U,"LIGA REGULAR GRUPO ""A""",FUNDACIÓN CB CANARIAS,23,M. SANGARE,94.7109%,49.7854%,True,1,VALENCIA BASKET,False
LIGA U,"LIGA REGULAR GRUPO ""A""",FUNDACIÓN CB CANARIAS,16,D. BORDÓN DRI,95.4161%,48.9032%,True,1,VALENCIA BASKET,False
LIGA U,"LIGA REGULAR GRUPO ""A""",FUNDACIÓN CB CANARIAS,16,D. BORDÓN DRI,30.3879%,72.0944%,False,1,VALENCIA BASKET,False
LIGA U,"LIGA REGULAR GRUPO ""A""",FUNDACIÓN CB CANARIAS,16,D. BORDÓN DRI,71.3681%,21.8048%,True,1,VALENCIA BASKET,False
LIGA U,"LIGA REGULAR GRUPO ""A""",FUNDACIÓN CB CANARIAS,16,D. BORDÓN DRI,87.5176%,49.4073%,False,1,VALENCIA BASKET,False
LIGA U,"LIGA REGULAR GRUPO ""A""",FUNDACIÓN CB CANARIAS,16,D. BORDÓN DRI,68.6178%,49.4073%,False,1,VALENCIA BASKET,False
LIGA U,"LIGA REGULAR GRUPO ""A""",FUNDACIÓN CB CANARIAS,6,X. LOPEZ RODRIGUEZ,3.73063%,52.3062%,True,1,VALENCIA BASKET,False
LIGA U,"LIGA REGULAR GRUPO ""A""",FUNDACIÓN CB CANARIAS,6,X. LOPEZ RODRIGUEZ,95.0635%,50.9198%,True,1,VALENCIA BASKET,False
LIGA U,"LIGA REGULAR GRUPO ""B""",AMARA LLEIDA,24,I. DABO,92.031%,44.9959%,True,1,STELLANTIS & YOU FCBG,True
LIGA U,"LIGA REGULAR GRUPO ""B""",AMARA LLEIDA,3,M. GUSTRAN SOLER,89.7038%,5.29364%,False,1,STELLANTIS & YOU FCBG,True
LIGA U,"LIGA REGULAR GRUPO ""B""",AMARA LLEIDA,9,I. MONTULL CARRERA,5.64175%,4.78948%,False,1,STELLANTIS & YOU FCBG,True
LIGA U,"LIGA REGULAR GRUPO ""B""",AMARA LLEIDA,3,M. GUSTRAN SOLER,89.7743%,5.04156%,False,1,STELLANTIS & YOU FCBG,True
LIGA U,"LIGA REGULAR GRUPO ""B""",AMARA LLEIDA,24,I. DABO,8.88575%,53.1885%,True,1,STELLANTIS & YOU FCBG,True
LIGA U,"LIGA REGULAR GRUPO ""B""",AMARA LLEIDA,77,I. MARTOS VELEZ,24.33%,16.133%,False,1,STELLANTIS & YOU FCBG,True
LIGA U,"LIGA REGULAR GRUPO ""B""",AMARA LLEIDA,77,I. MARTOS VELEZ,91.89%,60.7508%,False,1,STELLANTIS & YOU FCBG,True
LIGA U,"LIGA REGULAR GRUPO ""B""",AMARA LLEIDA,24,I. DABO,90.6206%,46.5084%,False,1,STELLANTIS & YOU FCBG,True
LIGA U,"LIGA REGULAR GRUPO ""B""",AMARA LLEIDA,1,A. MARVA ESTRADA,96.3329%,24.8297%,False,1,STELLANTIS & YOU FCBG,True
LIGA U,"LIGA REGULAR GRUPO ""B""",AMARA LLEIDA,77,I. MARTOS VELEZ,5.57123%,86.8409%,False,1,STELLANTIS & YOU FCBG,True
LIGA U,"LIGA REGULAR GRUPO ""B""",AMARA LLEIDA,27,M. ROS MARIMON,10.7898%,41.0887%,True,1,STELLANTIS & YOU FCBG,True
LIGA U,"LIGA REGULAR GRUPO ""B""",AMARA LLEIDA,34,X. ARREDONDO FERREIRO,8.18054%,61.129%,False,1,STELLANTIS & YOU FCBG,True
LIGA U,"LIGA REGULAR GRUPO ""B""",AMARA LLEIDA,24,I. DABO,5.57123%,86.8409%,False,1,STELLANTIS & YOU FCBG,True
LIGA U,"LIGA REGULAR GRUPO ""B""",AMARA LLEIDA,77,I. MARTOS VELEZ,63.0465%,31.2577%,True,1,STELLANTIS & YOU FCBG,True
LIGA U,"LIGA REGULAR GRUPO ""B""",AMARA LLEIDA,77,I. MARTOS VELEZ,92.031%,92.7648%,False,1,STELLANTIS & YOU FCBG,True
LIGA U,"LIGA REGULAR GRUPO ""B""",AMARA LLEIDA,1,A. MARVA ESTRADA,68.0536%,41.845%,False,1,STELLANTIS & YOU FCBG,True
LIGA U,"LIGA REGULAR GRUPO ""B""",AMARA LLEIDA,3,M. GUSTRAN SOLER,10.5783%,7.81442%,False,1,STELLANTIS & YOU FCBG,True
LIGA U,"LIGA REGULAR GRUPO ""B""",AMARA LLEIDA,77,I. MARTOS VELEZ,97.3907%,71.9683%,False,1,STELLANTIS & YOU FCBG,True
LIGA U,"LIGA REGULAR GRUPO ""B""",AMARA LLEIDA,27,M. ROS MARIMON,7.12271%,59.1123%,False,1,STELLANTIS & YOU FCBG,True
LIGA U,"LIGA REGULAR GRUPO ""B""",AMARA LLEIDA,2,S. MESTRE PICORNELL,28.1382%,22.561%,False,1,STELLANTIS & YOU FCBG,True
LIGA U,"LIGA REGULAR GRUPO ""B""",AMARA LLEIDA,9,I. MONTULL CARRERA,25.811%,17.1413%,False,1,STELLANTIS & YOU FCBG,True
LIGA U,"LIGA REGULAR GRUPO ""B""",AMARA LLEIDA,24,I. DABO,74.048%,82.3035%,False,1,STELLANTIS & YOU FCBG,True
LIGA U,"LIGA REGULAR GRUPO ""B""",AMARA LLEIDA,24,I. DABO,5.92384%,44.8699%,False,1,STELLANTIS & YOU FCBG,True
LIGA U,"LIGA REGULAR GRUPO ""B""",AMARA LLEIDA,1,A. MARVA ESTRADA,15.7969%,39.4502%,False,1,STELLANTIS & YOU FCBG,True
LIGA U,"LIGA REGULAR GRUPO ""B""",AMARA LLEIDA,24,I. DABO,7.26375%,54.5749%,True,1,STELLANTIS & YOU FCBG,True
LIGA U,"LIGA REGULAR GRUPO ""B""",AMARA LLEIDA,1,A. MARVA ESTRADA,88.787%,54.4489%,False,1,STELLANTIS & YOU FCBG,True
LIGA U,"LIGA REGULAR GRUPO ""B""",AMARA LLEIDA,1,A. MARVA ESTRADA,31.1707%,62.2633%,True,1,STELLANTIS & YOU FCBG,True
LIGA U,"LIGA REGULAR GRUPO ""B""",AMARA LLEIDA,2,S. MESTRE PICORNELL,82.2285%,93.8991%,False,1,STELLANTIS & YOU FCBG,True
LIGA U,"LIGA REGULAR GRUPO ""B""",AMARA LLEIDA,24,I. DABO,5.00705%,55.0791%,True,1,STELLANTIS & YOU FCBG,True
LIGA U,"LIGA REGULAR GRUPO ""B""",AMARA LLEIDA,3,M. GUSTRAN SOLER,77.292%,13.7383%,False,1,STELLANTIS & YOU FCBG,True
LIGA U,"LIGA REGULAR GRUPO ""B""",AMARA LLEIDA,27,M. ROS MARIMON,67.842%,35.1649%,True,1,STELLANTIS & YOU FCBG,True
LIGA U,"LIGA REGULAR GRUPO ""B""",AMARA LLEIDA,77,I. MARTOS VELEZ,91.1848%,8.19254%,False,1,STELLANTIS & YOU FCBG,True
LIGA U,"LIGA REGULAR GRUPO ""B""",AMARA LLEIDA,34,X. ARREDONDO FERREIRO,5.92384%,44.8699%,True,1,STELLANTIS & YOU FCBG,True
LIGA U,"LIGA REGULAR GRUPO ""B""",AMARA LLEIDA,77,I. MARTOS VELEZ,5.85331%,42.6012%,False,1,STELLANTIS & YOU FCBG,True
LIGA U,"LIGA REGULAR GRUPO ""B""",AMARA LLEIDA,3,M. GUSTRAN SOLER,8.11001%,7.18423%,False,1,STELLANTIS & YOU FCBG,True
LIGA U,"LIGA REGULAR GRUPO ""B""",AMARA LLEIDA,2,S. MESTRE PICORNELL,33.5684%,36.9294%,False,1,STELLANTIS & YOU FCBG,True
LIGA U,"LIGA REGULAR GRUPO ""B""",AMARA LLEIDA,9,I. MONTULL CARRERA,93.0889%,93.647%,False,1,STELLANTIS & YOU FCBG,True
LIGA U,"LIGA REGULAR GRUPO ""B""",AMARA LLEIDA,18,B. PALLAS VARGUES,9.6615%,44.8699%,True,1,STELLANTIS & YOU FCBG,True
LIGA U,"LIGA REGULAR GRUPO ""B""",AMARA LLEIDA,24,I. DABO,4.72496%,60.3727%,False,1,STELLANTIS & YOU FCBG,True
LIGA U,"LIGA REGULAR GRUPO ""B""",AMARA LLEIDA,1,A. MARVA ESTRADA,91.6784%,44.6178%,True,1,STELLANTIS & YOU FCBG,True
LIGA U,"LIGA REGULAR GRUPO ""B""",AMARA LLEIDA,27,M. ROS MARIMON,8.53315%,53.1885%,True,1,STELLANTIS & YOU FCBG,True
LIGA U,"LIGA REGULAR GRUPO ""B""",AMARA LLEIDA,4,M. IBARS ANDREU,32.5811%,54.701%,True,1,STELLANTIS & YOU FCBG,True
LIGA U,"LIGA REGULAR GRUPO ""B""",AMARA LLEIDA,1,A. MARVA ESTRADA,90.1975%,60.8769%,False,1,STELLANTIS & YOU FCBG,True
LIGA U,"LIGA REGULAR GRUPO ""B""",AMARA LLEIDA,27,M. ROS MARIMON,72.6375%,23.6953%,False,1,STELLANTIS & YOU FCBG,True
LIGA U,"LIGA REGULAR GRUPO ""B""",AMARA LLEIDA,77,I. MARTOS VELEZ,69.5346%,25.5859%,False,1,STELLANTIS & YOU FCBG,True
LIGA U,"LIGA REGULAR GRUPO ""B""",AMARA LLEIDA,1,A. MARVA ESTRADA,87.8702%,58.7342%,False,1,STELLANTIS & YOU FCBG,True
LIGA U,"LIGA REGULAR GRUPO ""B""",AMARA LLEIDA,27,M. ROS MARIMON,91.9605%,57.0957%,False,1,STELLANTIS & YOU FCBG,True
LIGA U,"LIGA REGULAR GRUPO ""B""",AMARA LLEIDA,34,X. ARREDONDO FERREIRO,8.18054%,61.129%,True,1,STELLANTIS & YOU FCBG,True
LIGA U,"LIGA REGULAR GRUPO ""B""",AMARA LLEIDA,2,S. MESTRE PICORNELL,92.3836%,48.0209%,False,1,STELLANTIS & YOU FCBG,True
LIGA U,"LIGA REGULAR GRUPO ""B""",AMARA LLEIDA,3,M. GUSTRAN SOLER,67.4894%,59.3644%,False,1,STELLANTIS & YOU FCBG,True
LIGA U,"LIGA REGULAR GRUPO ""B""",AMARA LLEIDA,9,I. MONTULL CARRERA,26.0226%,78.2703%,False,1,STELLANTIS & YOU FCBG,True
LIGA U,"LIGA REGULAR GRUPO ""B""",AMARA LLEIDA,24,I. DABO,25.3879%,19.0319%,False,1,STELLANTIS & YOU FCBG,True
LIGA U,"LIGA REGULAR GRUPO ""B""",AMARA LLEIDA,2,S. MESTRE PICORNELL,88.7165%,57.8519%,False,1,STELLANTIS & YOU FCBG,True
LIGA U,"LIGA REGULAR GRUPO ""B""",AMARA LLEIDA,2,S. MESTRE PICORNELL,92.3836%,54.1968%,True,1,STELLANTIS & YOU FCBG,True
LIGA U,"LIGA REGULAR GRUPO ""B""",AMARA LLEIDA,1,A. MARVA ESTRADA,11.8477%,40.4585%,False,1,STELLANTIS & YOU FCBG,True
LIGA U,"LIGA REGULAR GRUPO ""B""",AMARA LLEIDA,3,M. GUSTRAN SOLER,79.2666%,89.9919%,False,1,STELLANTIS & YOU FCBG,True
LIGA U,"LIGA REGULAR GRUPO ""B""",AMARA LLEIDA,24,I. DABO,5.78279%,58.8602%,True,1,STELLANTIS & YOU FCBG,True
LIGA U,"LIGA REGULAR GRUPO ""B""",AMARA LLEIDA,2,S. MESTRE PICORNELL,8.18054%,61.129%,False,1,STELLANTIS & YOU FCBG,True
LIGA U,"LIGA REGULAR GRUPO ""B""",AMARA LLEIDA,1,A. MARVA ESTRADA,7.54584%,38.82%,True,1,STELLANTIS & YOU FCBG,True
LIGA U,"LIGA REGULAR GRUPO ""B""",AMARA LLEIDA,3,M. GUSTRAN SOLER,24.6827%,82.6816%,True,1,STELLANTIS & YOU FCBG,True
LIGA U,"LIGA REGULAR GRUPO ""B""",AMARA LLEIDA,24,I. DABO,9.09732%,56.0874%,False,1,STELLANTIS & YOU FCBG,True
LIGA U,"LIGA REGULAR GRUPO ""B""",AMARA LLEIDA,1,A. MARVA ESTRADA,9.52045%,44.1137%,False,1,STELLANTIS & YOU FCBG,True
LIGA U,"LIGA REGULAR GRUPO ""B""",AMARA LLEIDA,77,I. MARTOS VELEZ,39.2807%,15.2507%,False,1,STELLANTIS & YOU FCBG,True
LIGA U,"LIGA REGULAR GRUPO ""B""",AMARA LLEIDA,2,S. MESTRE PICORNELL,85.4725%,91.3783%,False,1,STELLANTIS & YOU FCBG,True
LIGA U,"LIGA REGULAR GRUPO ""B""",AMARA LLEIDA,77,I. MARTOS VELEZ,15.4443%,84.8243%,True,1,STELLANTIS & YOU FCBG,True
LIGA U,"LIGA REGULAR GRUPO ""B""",AMARA LLEIDA,1,A. MARVA ESTRADA,6.84062%,58.6082%,True,1,STELLANTIS & YOU FCBG,True
LIGA U,"LIGA REGULAR GRUPO ""B""",AMARA LLEIDA,3,M. GUSTRAN SOLER,6.69958%,59.3644%,True,1,STELLANTIS & YOU FCBG,True
LIGA U,"LIGA REGULAR GRUPO ""B""",AMARA LLEIDA,4,M. IBARS ANDREU,87.3766%,29.7452%,False,1,STELLANTIS & YOU FCBG,True
LIGA U,"LIGA REGULAR GRUPO ""B""",AMARA LLEIDA,1,A. MARVA ESTRADA,94.5698%,56.7176%,True,1,STELLANTIS & YOU FCBG,True
LIGA U,"LIGA REGULAR GRUPO ""B""",AMARA LLEIDA,3,M. GUSTRAN SOLER,94.0056%,92.2606%,False,1,STELLANTIS & YOU FCBG,True
LIGA U,"LIGA REGULAR GRUPO ""B""",AMARA LLEIDA,27,M. ROS MARIMON,36.6008%,13.3601%,False,1,STELLANTIS & YOU FCBG,True
LIGA U,"LIGA REGULAR GRUPO ""B""",AMARA LLEIDA,2,S. MESTRE PICORNELL,6.69958%,59.3644%,False,1,STELLANTIS & YOU FCBG,True
LIGA U,"LIGA REGULAR GRUPO ""B""",AMARA LLEIDA,3,M. GUSTRAN SOLER,93.7236%,92.6387%,False,1,STELLANTIS & YOU FCBG,True
LIGA U,"LIGA REGULAR GRUPO ""B""",AMARA LLEIDA,2,S. MESTRE PICORNELL,9.59097%,48.6511%,True,1,STELLANTIS & YOU FCBG,True
LIGA U,"LIGA REGULAR GRUPO ""B""",AMARA LLEIDA,2,S. MESTRE PICORNELL,68.8999%,29.9973%,False,1,STELLANTIS & YOU FCBG,True
LIGA U,"LIGA REGULAR GRUPO ""B""",AMARA LLEIDA,4,M. IBARS ANDREU,15.4443%,84.8243%,False,1,STELLANTIS & YOU FCBG,True
LIGA U,"LIGA REGULAR GRUPO ""B""",STELLANTIS & YOU FCBG,31,J. GARCIA CEREZO,23.0606%,14.4945%,False,1,AMARA LLEIDA,False
LIGA U,"LIGA REGULAR GRUPO ""B""",STELLANTIS & YOU FCBG,0,V. PUERTOLLANO CUENCA,91.1142%,5.1676%,True,1,AMARA LLEIDA,False
LIGA U,"LIGA REGULAR GRUPO ""B""",STELLANTIS & YOU FCBG,34,O. CERDÁ FREIRE,90.8322%,57.978%,False,1,AMARA LLEIDA,False
LIGA U,"LIGA REGULAR GRUPO ""B""",STELLANTIS & YOU FCBG,20,I. HENDRICKX AGUILERA,84.9083%,40.3325%,False,1,AMARA LLEIDA,False
LIGA U,"LIGA REGULAR GRUPO ""B""",STELLANTIS & YOU FCBG,34,O. CERDÁ FREIRE,17.701%,39.3242%,False,1,AMARA LLEIDA,False
LIGA U,"LIGA REGULAR GRUPO ""B""",STELLANTIS & YOU FCBG,12,G. KHALIFA ABABACAR,31.5233%,39.5763%,False,1,AMARA LLEIDA,False
LIGA U,"LIGA REGULAR GRUPO ""B""",STELLANTIS & YOU FCBG,31,J. GARCIA CEREZO,5.00705%,58.104%,False,1,AMARA LLEIDA,False
LIGA U,"LIGA REGULAR GRUPO ""B""",STELLANTIS & YOU FCBG,38,R. DIAZ MORALES,32.4401%,20.9225%,False,1,AMARA LLEIDA,False
LIGA U,"LIGA REGULAR GRUPO ""B""",STELLANTIS & YOU FCBG,38,R. DIAZ MORALES,7.05219%,59.6165%,True,1,AMARA LLEIDA,False
LIGA U,"LIGA REGULAR GRUPO ""B""",STELLANTIS & YOU FCBG,3,J. RUIZ SERVIAN,90.6206%,40.0804%,False,1,AMARA LLEIDA,False
LIGA U,"LIGA REGULAR GRUPO ""B""",STELLANTIS & YOU FCBG,14,Á. FERNANDEZ RUIZ,89.7743%,55.8353%,False,1,AMARA LLEIDA,False
LIGA U,"LIGA REGULAR GRUPO ""B""",STELLANTIS & YOU FCBG,12,G. KHALIFA ABABACAR,91.4669%,56.4655%,True,1,AMARA LLEIDA,False
LIGA U,"LIGA REGULAR GRUPO ""B""",STELLANTIS & YOU FCBG,20,I. HENDRICKX AGUILERA,10.4372%,45.122%,True,1,AMARA LLEIDA,False
LIGA U,"LIGA REGULAR GRUPO ""B""",STELLANTIS & YOU FCBG,31,J. GARCIA CEREZO,84.9788%,52.1802%,False,1,AMARA LLEIDA,False
LIGA U,"LIGA REGULAR GRUPO ""B""",STELLANTIS & YOU FCBG,14,Á. FERNANDEZ RUIZ,68.6178%,43.2314%,False,1,AMARA LLEIDA,False
LIGA U,"LIGA REGULAR GRUPO ""B""",STELLANTIS & YOU FCBG,12,G. KHALIFA ABABACAR,8.88575%,47.3907%,True,1,AMARA LLEIDA,False
LIGA U,"LIGA REGULAR GRUPO ""B""",STELLANTIS & YOU FCBG,25,J. GARCÍA CORREA,8.3921%,44.7439%,True,1,AMARA LLEIDA,False
LIGA U,"LIGA REGULAR GRUPO ""B""",STELLANTIS & YOU FCBG,0,V. PUERTOLLANO CUENCA,85.543%,92.8908%,False,1,AMARA LLEIDA,False
LIGA U,"LIGA REGULAR GRUPO ""B""",STELLANTIS & YOU FCBG,14,Á. FERNANDEZ RUIZ,94.9224%,85.2024%,False,1,AMARA LLEIDA,False
LIGA U,"LIGA REGULAR GRUPO ""B""",STELLANTIS & YOU FCBG,12,G. KHALIFA ABABACAR,91.9605%,57.0957%,True,1,AMARA LLEIDA,False
LIGA U,"LIGA REGULAR GRUPO ""B""",STELLANTIS & YOU FCBG,38,R. DIAZ MORALES,15.0917%,92.8908%,False,1,AMARA LLEIDA,False
LIGA U,"LIGA REGULAR GRUPO ""B""",STELLANTIS & YOU FCBG,20,I. HENDRICKX AGUILERA,6.84062%,46.7605%,False,1,AMARA LLEIDA,False
LIGA U,"LIGA REGULAR GRUPO ""B""",STELLANTIS & YOU FCBG,20,I. HENDRICKX AGUILERA,8.3921%,45.248%,True,1,AMARA LLEIDA,False
LIGA U,"LIGA REGULAR GRUPO ""B""",STELLANTIS & YOU FCBG,20,I. HENDRICKX AGUILERA,93.653%,56.8436%,True,1,AMARA LLEIDA,False
LIGA U,"LIGA REGULAR GRUPO ""B""",STELLANTIS & YOU FCBG,12,G. KHALIFA ABABACAR,8.11001%,38.694%,False,1,AMARA LLEIDA,False
LIGA U,"LIGA REGULAR GRUPO ""B""",STELLANTIS & YOU FCBG,7,L. MEDAL COPPINI,8.3921%,45.248%,False,1,AMARA LLEIDA,False
LIGA U,"LIGA REGULAR GRUPO ""B""",STELLANTIS & YOU FCBG,20,I. HENDRICKX AGUILERA,94.3583%,82.8077%,False,1,AMARA LLEIDA,False
LIGA U,"LIGA REGULAR GRUPO ""B""",STELLANTIS & YOU FCBG,12,G. KHALIFA ABABACAR,72.3554%,25.3339%,False,1,AMARA LLEIDA,False
LIGA U,"LIGA REGULAR GRUPO ""B""",STELLANTIS & YOU FCBG,5,I. GONZALEZ MORENO,90.7616%,44.9959%,False,1,AMARA LLEIDA,False
LIGA U,"LIGA REGULAR GRUPO ""B""",STELLANTIS & YOU FCBG,7,L. MEDAL COPPINI,8.46262%,46.6345%,True,1,AMARA LLEIDA,False
LIGA U,"LIGA REGULAR GRUPO ""B""",STELLANTIS & YOU FCBG,14,Á. FERNANDEZ RUIZ,9.09732%,46.7605%,True,1,AMARA LLEIDA,False
LIGA U,"LIGA REGULAR GRUPO ""B""",STELLANTIS & YOU FCBG,7,L. MEDAL COPPINI,94.1467%,59.9946%,True,1,AMARA LLEIDA,False
LIGA U,"LIGA REGULAR GRUPO ""B""",STELLANTIS & YOU FCBG,7,L. MEDAL COPPINI,89.7743%,46.1303%,True,1,AMARA LLEIDA,False
LIGA U,"LIGA REGULAR GRUPO ""B""",STELLANTIS & YOU FCBG,7,L. MEDAL COPPINI,9.16784%,61.8852%,False,1,AMARA LLEIDA,False
LIGA U,"LIGA REGULAR GRUPO ""B""",STELLANTIS & YOU FCBG,14,Á. FERNANDEZ RUIZ,9.0268%,42.6012%,True,1,AMARA LLEIDA,False
LIGA U,"LIGA REGULAR GRUPO ""B""",STELLANTIS & YOU FCBG,14,Á. FERNANDEZ RUIZ,31.5233%,39.5763%,False,1,AMARA LLEIDA,False
LIGA U,"LIGA REGULAR GRUPO ""B""",STELLANTIS & YOU FCBG,3,J. RUIZ SERVIAN,89.4922%,5.29364%,False,1,AMARA LLEIDA,False
LIGA U,"LIGA REGULAR GRUPO ""B""",STELLANTIS & YOU FCBG,14,Á. FERNANDEZ RUIZ,64.9506%,47.6428%,False,1,AMARA LLEIDA,False
LIGA U,"LIGA REGULAR GRUPO ""B""",STELLANTIS & YOU FCBG,25,J. GARCÍA CORREA,91.0437%,57.3478%,False,1,AMARA LLEIDA,False
LIGA U,"LIGA REGULAR GRUPO ""B""",STELLANTIS & YOU FCBG,38,R. DIAZ MORALES,7.61636%,57.0957%,False,1,AMARA LLEIDA,False
LIGA U,"LIGA REGULAR GRUPO ""B""",STELLANTIS & YOU FCBG,24,F. ROMERO GARCIA,8.32158%,50.6677%,False,1,AMARA LLEIDA,False
LIGA U,"LIGA REGULAR GRUPO ""B""",STELLANTIS & YOU FCBG,38,R. DIAZ MORALES,68.0536%,47.7688%,False,1,AMARA LLEIDA,False
LIGA U,"LIGA REGULAR GRUPO ""B""",STELLANTIS & YOU FCBG,34,O. CERDÁ FREIRE,72.3554%,25.3339%,False,1,AMARA LLEIDA,False
LIGA U,"LIGA REGULAR GRUPO ""B""",STELLANTIS & YOU FCBG,31,J. GARCIA CEREZO,88.2229%,64.7841%,False,1,AMARA LLEIDA,False
LIGA U,"LIGA REGULAR GRUPO ""B""",STELLANTIS & YOU FCBG,14,Á. FERNANDEZ RUIZ,93.2299%,57.2217%,False,1,AMARA LLEIDA,False
LIGA U,"LIGA REGULAR GRUPO ""B""",STELLANTIS & YOU FCBG,34,O. CERDÁ FREIRE,88.646%,49.9115%,False,1,AMARA LLEIDA,False
LIGA U,"LIGA REGULAR GRUPO ""B""",STELLANTIS & YOU FCBG,12,G. KHALIFA ABABACAR,35.402%,30.2494%,False,1,AMARA LLEIDA,False
LIGA U,"LIGA REGULAR GRUPO ""B""",STELLANTIS & YOU FCBG,7,L. MEDAL COPPINI,11.9182%,47.7688%,True,1,AMARA LLEIDA,False
LIGA U,"LIGA REGULAR GRUPO ""B""",STELLANTIS & YOU FCBG,25,J. GARCÍA CORREA,90.409%,6.80611%,False,1,AMARA LLEIDA,False
LIGA U,"LIGA REGULAR GRUPO ""B""",STELLANTIS & YOU FCBG,24,F. ROMERO GARCIA,6.7701%,56.3395%,True,1,AMARA LLEIDA,False
LIGA U,"LIGA REGULAR GRUPO ""B""",STELLANTIS & YOU FCBG,25,J. GARCÍA CORREA,69.9577%,30.5015%,False,1,AMARA LLEIDA,False
LIGA U,"LIGA REGULAR GRUPO ""B""",STELLANTIS & YOU FCBG,24,F. ROMERO GARCIA,91.4669%,56.4655%,False,1,AMARA LLEIDA,False
LIGA U,"LIGA REGULAR GRUPO ""B""",STELLANTIS & YOU FCBG,38,R. DIAZ MORALES,8.95628%,46.2563%,False,1,AMARA LLEIDA,False
LIGA U,"LIGA REGULAR GRUPO ""B""",STELLANTIS & YOU FCBG,38,R. DIAZ MORALES,10.8604%,7.81442%,False,1,AMARA LLEIDA,False
LIGA U,"LIGA REGULAR GRUPO ""B""",STELLANTIS & YOU FCBG,25,J. GARCÍA CORREA,92.8068%,90.7481%,True,1,AMARA LLEIDA,False
LIGA U,"LIGA REGULAR GRUPO ""B""",STELLANTIS & YOU FCBG,38,R. DIAZ MORALES,29.8307%,78.1442%,False,1,AMARA LLEIDA,False
LIGA U,"LIGA REGULAR GRUPO ""B""",STELLANTIS & YOU FCBG,38,R. DIAZ MORALES,91.7489%,46.5084%,True,1,AMARA LLEIDA,False
LIGA U,"LIGA REGULAR GRUPO ""B""",STELLANTIS & YOU FCBG,14,Á. FERNANDEZ RUIZ,9.52045%,50.9198%,True,1,AMARA LLEIDA,False
LIGA U,"LIGA REGULAR GRUPO ""B""",STELLANTIS & YOU FCBG,14,Á. FERNANDEZ RUIZ,9.87306%,3.90721%,False,1,AMARA LLEIDA,False
LIGA U,"LIGA REGULAR GRUPO ""B""",STELLANTIS & YOU FCBG,31,J. GARCIA CEREZO,93.0183%,61.8852%,False,1,AMARA LLEIDA,False
LIGA U,"LIGA REGULAR GRUPO ""B""",GRAN CANARIA,29,A. PANASIUK,10.2116%,56.9949%,False,1,BILBAO BASKET,True
LIGA U,"LIGA REGULAR GRUPO ""B""",GRAN CANARIA,27,M. MITEO,89.9718%,48.4368%,False,1,BILBAO BASKET,True
LIGA U,"LIGA REGULAR GRUPO ""B""",GRAN CANARIA,7,F. DÍAZ HERRERA,8.75883%,47.0504%,True,1,BILBAO BASKET,True
LIGA U,"LIGA REGULAR GRUPO ""B""",GRAN CANARIA,27,M. MITEO,7.33427%,47.7183%,True,1,BILBAO BASKET,True
LIGA U,"LIGA REGULAR GRUPO ""B""",GRAN CANARIA,27,M. MITEO,81.079%,56.9319%,False,1,BILBAO BASKET,True
LIGA U,"LIGA REGULAR GRUPO ""B""",GRAN CANARIA,29,A. PANASIUK,8.25106%,35.9589%,False,1,BILBAO BASKET,True
LIGA U,"LIGA REGULAR GRUPO ""B""",GRAN CANARIA,27,M. MITEO,9.0832%,53.9825%,True,1,BILBAO BASKET,True
LIGA U,"LIGA REGULAR GRUPO ""B""",GRAN CANARIA,27,M. MITEO,6.53739%,46.6597%,True,1,BILBAO BASKET,True
LIGA U,"LIGA REGULAR GRUPO ""B""",GRAN CANARIA,7,F. DÍAZ HERRERA,23.4838%,1.56293%,False,1,BILBAO BASKET,True
LIGA U,"LIGA REGULAR GRUPO ""B""",GRAN CANARIA,3,J. ARTEAGA GINER,11.8194%,2.02918%,False,1,BILBAO BASKET,True
LIGA U,"LIGA REGULAR GRUPO ""B""",GRAN CANARIA,11,W. TSAFACK,93.9845%,43.8994%,False,1,BILBAO BASKET,True
LIGA U,"LIGA REGULAR GRUPO ""B""",GRAN CANARIA,27,M. MITEO,94.0762%,42.765%,False,1,BILBAO BASKET,True
LIGA U,"LIGA REGULAR GRUPO ""B""",GRAN CANARIA,7,F. DÍAZ HERRERA,91.1142%,91.2145%,False,1,BILBAO BASKET,True
LIGA U,"LIGA REGULAR GRUPO ""B""",GRAN CANARIA,23,M. COULIBALY,92.1721%,49.3317%,True,1,BILBAO BASKET,True
LIGA U,"LIGA REGULAR GRUPO ""B""",GRAN CANARIA,7,F. DÍAZ HERRERA,10.3456%,48.4746%,True,1,BILBAO BASKET,True
LIGA U,"LIGA REGULAR GRUPO ""B""",GRAN CANARIA,6,G. CABRERA MUJICA,79.866%,49.0797%,False,1,BILBAO BASKET,True
LIGA U,"LIGA REGULAR GRUPO ""B""",GRAN CANARIA,4,M. OLIVER GRACIA,28.3568%,10.9906%,False,1,BILBAO BASKET,True
LIGA U,"LIGA REGULAR GRUPO ""B""",GRAN CANARIA,27,M. MITEO,88.3498%,53.5161%,True,1,BILBAO BASKET,True
LIGA U,"LIGA REGULAR GRUPO ""B""",GRAN CANARIA,2,E. HEINONEN,91.6573%,4.27277%,False,1,BILBAO BASKET,True
LIGA U,"LIGA REGULAR GRUPO ""B""",GRAN CANARIA,7,F. DÍAZ HERRERA,92.3343%,57.2343%,True,1,BILBAO BASKET,True
LIGA U,"LIGA REGULAR GRUPO ""B""",GRAN CANARIA,29,A. PANASIUK,13.9139%,41.0635%,True,1,BILBAO BASKET,True
LIGA U,"LIGA REGULAR GRUPO ""B""",GRAN CANARIA,27,M. MITEO,8.25106%,35.9589%,True,1,BILBAO BASKET,True
LIGA U,"LIGA REGULAR GRUPO ""B""",GRAN CANARIA,47,B. GONZÁLEZ RAMÍREZ,24.598%,88.0131%,True,1,BILBAO BASKET,True
LIGA U,"LIGA REGULAR GRUPO ""B""",GRAN CANARIA,12,C. MBENGUE,14.196%,51.5122%,False,1,BILBAO BASKET,True
LIGA U,"LIGA REGULAR GRUPO ""B""",GRAN CANARIA,47,B. GONZÁLEZ RAMÍREZ,12.5529%,94.9327%,False,1,BILBAO BASKET,True
LIGA U,"LIGA REGULAR GRUPO ""B""",GRAN CANARIA,2,E. HEINONEN,79.866%,49.0797%,True,1,BILBAO BASKET,True
LIGA U,"LIGA REGULAR GRUPO ""B""",GRAN CANARIA,30,G. BAEZ PIERSON,84.4499%,51.0711%,False,1,BILBAO BASKET,True
LIGA U,"LIGA REGULAR GRUPO ""B""",GRAN CANARIA,47,B. GONZÁLEZ RAMÍREZ,93.9845%,43.8994%,False,1,BILBAO BASKET,True
LIGA U,"LIGA REGULAR GRUPO ""B""",GRAN CANARIA,11,W. TSAFACK,80.6206%,24.439%,False,1,BILBAO BASKET,True
LIGA U,"LIGA REGULAR GRUPO ""B""",GRAN CANARIA,12,C. MBENGUE,85.6699%,54.3103%,True,1,BILBAO BASKET,True
LIGA U,"LIGA REGULAR GRUPO ""B""",GRAN CANARIA,6,G. CABRERA MUJICA,90.4796%,68.6787%,True,1,BILBAO BASKET,True
LIGA U,"LIGA REGULAR GRUPO ""B""",GRAN CANARIA,11,W. TSAFACK,5.92384%,43.5591%,False,1,BILBAO BASKET,True
LIGA U,"LIGA REGULAR GRUPO ""B""",GRAN CANARIA,27,M. MITEO,8.37798%,56.5538%,True,1,BILBAO BASKET,True
LIGA U,"LIGA REGULAR GRUPO ""B""",GRAN CANARIA,12,C. MBENGUE,90.6981%,61.3936%,False,1,BILBAO BASKET,True
LIGA U,"LIGA REGULAR GRUPO ""B""",GRAN CANARIA,12,C. MBENGUE,92.9901%,51.5247%,True,1,BILBAO BASKET,True
LIGA U,"LIGA REGULAR GRUPO ""B""",GRAN CANARIA,27,M. MITEO,7.55996%,56.4781%,True,1,BILBAO BASKET,True
LIGA U,"LIGA REGULAR GRUPO ""B""",GRAN CANARIA,12,C. MBENGUE,19.9295%,24.3508%,True,1,BILBAO BASKET,True
LIGA U,"LIGA REGULAR GRUPO ""B""",GRAN CANARIA,2,E. HEINONEN,35.952%,71.1868%,False,1,BILBAO BASKET,True
LIGA U,"LIGA REGULAR GRUPO ""B""",GRAN CANARIA,12,C. MBENGUE,9.323%,49.6468%,True,1,BILBAO BASKET,True
LIGA U,"LIGA REGULAR GRUPO ""B""",GRAN CANARIA,6,G. CABRERA MUJICA,27.8561%,9.17562%,True,1,BILBAO BASKET,True
LIGA U,"LIGA REGULAR GRUPO ""B""",GRAN CANARIA,7,F. DÍAZ HERRERA,92.0169%,50.8063%,True,1,BILBAO BASKET,True
LIGA U,"LIGA REGULAR GRUPO ""B""",GRAN CANARIA,12,C. MBENGUE,12.2144%,60.1962%,False,1,BILBAO BASKET,True
LIGA U,"LIGA REGULAR GRUPO ""B""",GRAN CANARIA,12,C. MBENGUE,93.0677%,47.4789%,True,1,BILBAO BASKET,True
LIGA U,"LIGA REGULAR GRUPO ""B""",GRAN CANARIA,23,M. COULIBALY,9.34415%,64.1413%,False,1,BILBAO BASKET,True
LIGA U,"LIGA REGULAR GRUPO ""B""",GRAN CANARIA,2,E. HEINONEN,75.1058%,7.95302%,False,1,BILBAO BASKET,True
LIGA U,"LIGA REGULAR GRUPO ""B""",GRAN CANARIA,7,F. DÍAZ HERRERA,92.1721%,49.3317%,False,1,BILBAO BASKET,True
LIGA U,"LIGA REGULAR GRUPO ""B""",GRAN CANARIA,12,C. MBENGUE,90.9591%,48.2982%,False,1,BILBAO BASKET,True
LIGA U,"LIGA REGULAR GRUPO ""B""",GRAN CANARIA,2,E. HEINONEN,7.67277%,33.8163%,True,1,BILBAO BASKET,True
LIGA U,"LIGA REGULAR GRUPO ""B""",GRAN CANARIA,11,W. TSAFACK,90.4443%,55.8228%,False,1,BILBAO BASKET,True
LIGA U,"LIGA REGULAR GRUPO ""B""",GRAN CANARIA,29,A. PANASIUK,19.9295%,24.3508%,False,1,BILBAO BASKET,True
LIGA U,"LIGA REGULAR GRUPO ""B""",GRAN CANARIA,29,A. PANASIUK,95.5077%,54.2346%,False,1,BILBAO BASKET,True
LIGA U,"LIGA REGULAR GRUPO ""B""",GRAN CANARIA,2,E. HEINONEN,7.67277%,33.8163%,False,1,BILBAO BASKET,True
LIGA U,"LIGA REGULAR GRUPO ""B""",GRAN CANARIA,29,A. PANASIUK,8.42736%,53.428%,False,1,BILBAO BASKET,True
LIGA U,"LIGA REGULAR GRUPO ""B""",GRAN CANARIA,29,A. PANASIUK,12.2144%,60.1962%,False,1,BILBAO BASKET,True
LIGA U,"LIGA REGULAR GRUPO ""B""",BILBAO BASKET,12,H. MATEO BERNADÓ,8.46262%,96.3694%,False,1,GRAN CANARIA,False
LIGA U,"LIGA REGULAR GRUPO ""B""",BILBAO BASKET,16,O. DE LAS HERAS PEREZ,18.5543%,48.5376%,False,1,GRAN CANARIA,False
LIGA U,"LIGA REGULAR GRUPO ""B""",BILBAO BASKET,9,U. MADARIAGA ANTUÑANO,91.9746%,51.8398%,True,1,GRAN CANARIA,False
LIGA U,"LIGA REGULAR GRUPO ""B""",BILBAO BASKET,3,B. ERRASTI UGARTE,10.3032%,54.9026%,False,1,GRAN CANARIA,False
LIGA U,"LIGA REGULAR GRUPO ""B""",BILBAO BASKET,6,A. MINTEGUI COSTA,69.4147%,73.2792%,False,1,GRAN CANARIA,False
LIGA U,"LIGA REGULAR GRUPO ""B""",BILBAO BASKET,23,K. DE CASTRO HURTADO,89.5345%,45.0337%,False,1,GRAN CANARIA,False
LIGA U,"LIGA REGULAR GRUPO ""B""",BILBAO BASKET,16,O. DE LAS HERAS PEREZ,14.5486%,99.0793%,False,1,GRAN CANARIA,False
LIGA U,"LIGA REGULAR GRUPO ""B""",BILBAO BASKET,12,H. MATEO BERNADÓ,64.8237%,76.6695%,True,1,GRAN CANARIA,False
LIGA U,"LIGA REGULAR GRUPO ""B""",BILBAO BASKET,12,H. MATEO BERNADÓ,66.0296%,28.2202%,False,1,GRAN CANARIA,False
LIGA U,"LIGA REGULAR GRUPO ""B""",BILBAO BASKET,16,O. DE LAS HERAS PEREZ,90.8322%,32.9845%,True,1,GRAN CANARIA,False
LIGA U,"LIGA REGULAR GRUPO ""B""",BILBAO BASKET,3,B. ERRASTI UGARTE,93.8364%,54.0582%,True,1,GRAN CANARIA,False
LIGA U,"LIGA REGULAR GRUPO ""B""",BILBAO BASKET,2,A. ZECEVIC,4.52752%,48.8149%,False,1,GRAN CANARIA,False
LIGA U,"LIGA REGULAR GRUPO ""B""",BILBAO BASKET,5,A. ALAÑA UNZUE,83.3639%,53.1129%,False,1,GRAN CANARIA,False
LIGA U,"LIGA REGULAR GRUPO ""B""",BILBAO BASKET,4,A. SARDUI ARRIETA,93.7236%,52.9112%,True,1,GRAN CANARIA,False
LIGA U,"LIGA REGULAR GRUPO ""B""",BILBAO BASKET,4,A. SARDUI ARRIETA,71.5797%,10.3604%,True,1,GRAN CANARIA,False
LIGA U,"LIGA REGULAR GRUPO ""B""",BILBAO BASKET,3,B. ERRASTI UGARTE,30.1481%,17.9858%,True,1,GRAN CANARIA,False
LIGA U,"LIGA REGULAR GRUPO ""B""",BILBAO BASKET,3,B. ERRASTI UGARTE,27.9055%,84.3076%,False,1,GRAN CANARIA,False
LIGA U,"LIGA REGULAR GRUPO ""B""",BILBAO BASKET,23,K. DE CASTRO HURTADO,4.52752%,48.8149%,False,1,GRAN CANARIA,False
LIGA U,"LIGA REGULAR GRUPO ""B""",BILBAO BASKET,23,K. DE CASTRO HURTADO,63.7165%,51.8146%,False,1,GRAN CANARIA,False
LIGA U,"LIGA REGULAR GRUPO ""B""",BILBAO BASKET,9,U. MADARIAGA ANTUÑANO,94.2242%,54.5245%,True,1,GRAN CANARIA,False
LIGA U,"LIGA REGULAR GRUPO ""B""",BILBAO BASKET,21,J. RODRIGUEZ LAGUNA,90.818%,44.7186%,False,1,GRAN CANARIA,False
LIGA U,"LIGA REGULAR GRUPO ""B""",BILBAO BASKET,2,A. ZECEVIC,62.8491%,33.8793%,False,1,GRAN CANARIA,False
LIGA U,"LIGA REGULAR GRUPO ""B""",BILBAO BASKET,3,B. ERRASTI UGARTE,90.1058%,59.0619%,False,1,GRAN CANARIA,False
LIGA U,"LIGA REGULAR GRUPO ""B""",BILBAO BASKET,16,O. DE LAS HERAS PEREZ,21.6925%,32.4046%,False,1,GRAN CANARIA,False
LIGA U,"LIGA REGULAR GRUPO ""B""",BILBAO BASKET,3,B. ERRASTI UGARTE,32.3766%,76.8334%,True,1,GRAN CANARIA,False
LIGA U,"LIGA REGULAR GRUPO ""B""",BILBAO BASKET,6,A. MINTEGUI COSTA,90.3526%,94.5167%,False,1,GRAN CANARIA,False
LIGA U,"LIGA REGULAR GRUPO ""B""",BILBAO BASKET,2,A. ZECEVIC,95.5783%,59.0115%,True,1,GRAN CANARIA,False
LIGA U,"LIGA REGULAR GRUPO ""B""",BILBAO BASKET,2,A. ZECEVIC,5.71227%,35.6438%,True,1,GRAN CANARIA,False
LIGA U,"LIGA REGULAR GRUPO ""B""",BILBAO BASKET,9,U. MADARIAGA ANTUÑANO,8.46262%,96.3694%,True,1,GRAN CANARIA,False
LIGA U,"LIGA REGULAR GRUPO ""B""",BILBAO BASKET,5,A. ALAÑA UNZUE,17.9337%,58.1923%,False,1,GRAN CANARIA,False
LIGA U,"LIGA REGULAR GRUPO ""B""",BILBAO BASKET,3,B. ERRASTI UGARTE,67.9972%,73.7833%,True,1,GRAN CANARIA,False
LIGA U,"LIGA REGULAR GRUPO ""B""",BILBAO BASKET,9,U. MADARIAGA ANTUÑANO,7.94783%,63.4859%,False,1,GRAN CANARIA,False
LIGA U,"LIGA REGULAR GRUPO ""B""",BILBAO BASKET,16,O. DE LAS HERAS PEREZ,10.2468%,68.2376%,False,1,GRAN CANARIA,False
LIGA U,"LIGA REGULAR GRUPO ""B""",BILBAO BASKET,6,A. MINTEGUI COSTA,31.3258%,71.628%,False,1,GRAN CANARIA,False
LIGA U,"LIGA REGULAR GRUPO ""B""",BILBAO BASKET,16,O. DE LAS HERAS PEREZ,27.0099%,82.3161%,False,1,GRAN CANARIA,False
LIGA U,"LIGA REGULAR GRUPO ""B""",BILBAO BASKET,16,O. DE LAS HERAS PEREZ,20.3878%,63.6875%,True,1,GRAN CANARIA,False
LIGA U,"LIGA REGULAR GRUPO ""B""",BILBAO BASKET,21,J. RODRIGUEZ LAGUNA,88.3004%,47.3781%,False,1,GRAN CANARIA,False
LIGA U,"LIGA REGULAR GRUPO ""B""",BILBAO BASKET,4,A. SARDUI ARRIETA,70.6982%,20.8469%,True,1,GRAN CANARIA,False
LIGA U,"LIGA REGULAR GRUPO ""B""",BILBAO BASKET,9,U. MADARIAGA ANTUÑANO,6.2553%,54.159%,True,1,GRAN CANARIA,False
LIGA U,"LIGA REGULAR GRUPO ""B""",BILBAO BASKET,16,O. DE LAS HERAS PEREZ,70.0423%,82.1522%,False,1,GRAN CANARIA,False
LIGA U,"LIGA REGULAR GRUPO ""B""",BILBAO BASKET,30,A. VELASCO BILBAO,88.7729%,24.5272%,True,1,GRAN CANARIA,False
LIGA U,"LIGA REGULAR GRUPO ""B""",BILBAO BASKET,3,B. ERRASTI UGARTE,27.4753%,80.7785%,False,1,GRAN CANARIA,False
LIGA U,"LIGA REGULAR GRUPO ""B""",BILBAO BASKET,9,U. MADARIAGA ANTUÑANO,10.2609%,60.713%,True,1,GRAN CANARIA,False
LIGA U,"LIGA REGULAR GRUPO ""B""",BILBAO BASKET,9,U. MADARIAGA ANTUÑANO,12.024%,43.8994%,False,1,GRAN CANARIA,False
LIGA U,"LIGA REGULAR GRUPO ""B""",BILBAO BASKET,4,A. SARDUI ARRIETA,75.811%,11.2049%,False,1,GRAN CANARIA,False
LIGA U,"LIGA REGULAR GRUPO ""B""",BILBAO BASKET,2,A. ZECEVIC,94.725%,55.1169%,True,1,GRAN CANARIA,False
LIGA U,"LIGA REGULAR GRUPO ""B""",BILBAO BASKET,23,K. DE CASTRO HURTADO,94.4005%,0.970525%,False,1,GRAN CANARIA,False
LIGA U,"LIGA REGULAR GRUPO ""B""",BILBAO BASKET,2,A. ZECEVIC,95.8462%,29.6696%,True,1,GRAN CANARIA,False
LIGA U,"LIGA REGULAR GRUPO ""B""",BILBAO BASKET,3,B. ERRASTI UGARTE,7.70803%,61.1415%,False,1,GRAN CANARIA,False
LIGA U,"LIGA REGULAR GRUPO ""B""",BILBAO BASKET,4,A. SARDUI ARRIETA,68.1805%,57.7007%,True,1,GRAN CANARIA,False
LIGA U,"LIGA REGULAR GRUPO ""B""",BILBAO BASKET,30,A. VELASCO BILBAO,23.2511%,46.1808%,False,1,GRAN CANARIA,False
LIGA U,"LIGA REGULAR GRUPO ""B""",BILBAO BASKET,12,H. MATEO BERNADÓ,64.0903%,76.7452%,False,1,GRAN CANARIA,False
LIGA U,"LIGA REGULAR GRUPO ""B""",BILBAO BASKET,5,A. ALAÑA UNZUE,8.9704%,49.2938%,True,1,GRAN CANARIA,False
LIGA U,"LIGA REGULAR GRUPO ""B""",BILBAO BASKET,6,A. MINTEGUI COSTA,92.0874%,50.2013%,True,1,GRAN CANARIA,False
LIGA U,"LIGA REGULAR GRUPO ""B""",BILBAO BASKET,9,U. MADARIAGA ANTUÑANO,10.5924%,51.3862%,False,1,GRAN CANARIA,False
LIGA U,"LIGA REGULAR GRUPO ""B""",BILBAO BASKET,5,A. ALAÑA UNZUE,10.7193%,11.6081%,False,1,GRAN CANARIA,False
LIGA U,"LIGA REGULAR GRUPO ""B""",BILBAO BASKET,3,B. ERRASTI UGARTE,14.055%,54.0455%,False,1,GRAN CANARIA,False
LIGA U,"LIGA REGULAR GRUPO ""B""",BILBAO BASKET,30,A. VELASCO BILBAO,69.873%,73.0019%,False,1,GRAN CANARIA,False
LIGA U,"LIGA REGULAR GRUPO ""B""",BILBAO BASKET,16,O. DE LAS HERAS PEREZ,69.1467%,81.1817%,False,1,GRAN CANARIA,False
LIGA U,"LIGA REGULAR GRUPO ""B""",BILBAO BASKET,9,U. MADARIAGA ANTUÑANO,9.99296%,42.1726%,True,1,GRAN CANARIA,False
LIGA U,"LIGA REGULAR GRUPO ""B""",BILBAO BASKET,3,B. ERRASTI UGARTE,30.7475%,86.5133%,False,1,GRAN CANARIA,False
LIGA U,"LIGA REGULAR GRUPO ""B""",BILBAO BASKET,23,K. DE CASTRO HURTADO,25.0564%,87.0678%,True,1,GRAN CANARIA,False
LIGA U,"LIGA REGULAR GRUPO ""B""",BILBAO BASKET,3,B. ERRASTI UGARTE,7.21437%,50.5669%,True,1,GRAN CANARIA,False
LIGA U,"LIGA REGULAR GRUPO ""B""",BILBAO BASKET,9,U. MADARIAGA ANTUÑANO,96.3681%,52.0416%,True,1,GRAN CANARIA,False
LIGA U,"LIGA REGULAR GRUPO ""B""",BILBAO BASKET,9,U. MADARIAGA ANTUÑANO,91.5444%,54.4363%,True,1,GRAN CANARIA,False
LIGA U,"LIGA REGULAR GRUPO ""B""",BILBAO BASKET,9,U. MADARIAGA ANTUÑANO,11.3188%,47.6806%,False,1,GRAN CANARIA,False
LIGA U,"LIGA REGULAR GRUPO ""B""",BILBAO BASKET,9,U. MADARIAGA ANTUÑANO,93.8646%,62.6919%,True,1,GRAN CANARIA,False
LIGA U,"LIGA REGULAR GRUPO ""B""",BILBAO BASKET,2,A. ZECEVIC,95.0776%,53.4658%,True,1,GRAN CANARIA,False
LIGA U,"LIGA REGULAR GRUPO ""B""",BILBAO BASKET,16,O. DE LAS HERAS PEREZ,36.5797%,32.5055%,False,1,GRAN CANARIA,False
LIGA U,"LIGA REGULAR GRUPO ""B""",BILBAO BASKET,3,B. ERRASTI UGARTE,6.8265%,38.9713%,False,1,GRAN CANARIA,False
LIGA U,"LIGA REGULAR GRUPO ""B""",BILBAO BASKET,21,J. RODRIGUEZ LAGUNA,87.2073%,48.5628%,False,1,GRAN CANARIA,False
