league,group,team,player_number,player_name,left,top,success,game_index,rival,home
SEGUNDA FEB,ELIMINATORIAS 1/8 Final,LOBE HUESCA LA MAGIA,5,H. FIGUEROA ÁLVAREZ,28.2793%,82.0514%,False,1,BIELE ISB,True
SEGUNDA FEB,ELIMINATORIAS 1/8 Final,LOBE HUESCA LA MAGIA,5,H. FIGUEROA ÁLVAREZ,81.5938%,42.0971%,False,1,BIELE ISB,True
SEGUNDA FEB,ELIMINATORIAS 1/8 Final,LOBE HUESCA LA MAGIA,17,G. RODRIGUEZ SOLER,79.1961%,56.7176%,False,1,BIELE ISB,True
SEGUNDA FEB,ELIMINATORIAS 1/8 Final,LOBE HUESCA LA MAGIA,10,J. FRITZ,68.0536%,14.7466%,False,1,BIELE ISB,True
SEGUNDA FEB,ELIMINATORIAS 1/8 Final,LOBE HUESCA LA MAGIA,15,P. LOPEZ-SANVICENTE RETA,6.06488%,52.4323%,True,1,BIELE ISB,True
SEGUNDA FEB,ELIMINATORIAS 1/8 Final,LOBE HUESCA LA MAGIA,77,G. VAZQUEZ VALLEJO,8.03949%,51.9281%,True,1,BIELE ISB,True
SEGUNDA FEB,ELIMINATORIAS 1/8 Final,LOBE HUESCA LA MAGIA,5,H. FIGUEROA ÁLVAREZ,7.33427%,48.399%,True,1,BIELE ISB,True
SEGUNDA FEB,ELIMINATORIAS 1/8 Final,LOBE HUESCA LA MAGIA,8,A. SMITH,87.8702%,54.953%,True,1,BIELE ISB,True
SEGUNDA FEB,ELIMINATORIAS 1/8 Final,LOBE HUESCA LA MAGIA,8,A. SMITH,93.3004%,53.9447%,False,1,BIELE ISB,True
SEGUNDA FEB,ELIMINATORIAS 1/8 Final,LOBE HUESCA LA MAGIA,10,J. FRITZ,12.2003%,42.2231%,True,1,BIELE ISB,True
SEGUNDA FEB,ELIMINATORIAS 1/8 Final,LOBE HUESCA LA MAGIA,8,A. SMITH,88.4344%,46.5084%,False,1,BIELE ISB,True
SEGUNDA FEB,ELIMINATORIAS 1/8 Final,LOBE HUESCA LA MAGIA,8,A. SMITH,13.3286%,49.5334%,True,1,BIELE ISB,True
SEGUNDA FEB,ELIMINATORIAS 1/8 Final,LOBE HUESCA LA MAGIA,77,G. VAZQUEZ VALLEJO,59.9436%,53.3145%,False,1,BIELE ISB,True
SEGUNDA FEB,ELIMINATORIAS 1/8 Final,LOBE HUESCA LA MAGIA,10,J. FRITZ,84.9788%,41.2148%,False,1,BIELE ISB,True
SEGUNDA FEB,ELIMINATORIAS 1/8 Final,LOBE HUESCA LA MAGIA,10,J. FRITZ,7.33427%,61.255%,True,1,BIELE ISB,True
SEGUNDA FEB,ELIMINATORIAS 1/8 Final,LOBE HUESCA LA MAGIA,15,P. LOPEZ-SANVICENTE RETA,84.0621%,46.3824%,True,1,BIELE ISB,True
SEGUNDA FEB,ELIMINATORIAS 1/8 Final,LOBE HUESCA LA MAGIA,0,O. THIAM PEDRERA,87.2355%,49.5334%,True,1,BIELE ISB,True
SEGUNDA FEB,ELIMINATORIAS 1/8 Final,LOBE HUESCA LA MAGIA,15,P. LOPEZ-SANVICENTE RETA,89.9859%,54.827%,True,1,BIELE ISB,True
SEGUNDA FEB,ELIMINATORIAS 1/8 Final,LOBE HUESCA LA MAGIA,5,H. FIGUEROA ÁLVAREZ,13.1876%,49.5334%,True,1,BIELE ISB,True
SEGUNDA FEB,ELIMINATORIAS 1/8 Final,LOBE HUESCA LA MAGIA,1,O. BIESHAAR,68.5473%,82.4296%,False,1,BIELE ISB,True
SEGUNDA FEB,ELIMINATORIAS 1/8 Final,LOBE HUESCA LA MAGIA,77,G. VAZQUEZ VALLEJO,87.3766%,21.9308%,False,1,BIELE ISB,True
SEGUNDA FEB,ELIMINATORIAS 1/8 Final,LOBE HUESCA LA MAGIA,5,H. FIGUEROA ÁLVAREZ,30.1834%,83.0598%,True,1,BIELE ISB,True
SEGUNDA FEB,ELIMINATORIAS 1/8 Final,LOBE HUESCA LA MAGIA,8,A. SMITH,92.3836%,46.7605%,True,1,BIELE ISB,True
SEGUNDA FEB,ELIMINATORIAS 1/8 Final,LOBE HUESCA LA MAGIA,11,A. BADMUS,14.6685%,53.5666%,False,1,BIELE ISB,True
SEGUNDA FEB,ELIMINATORIAS 1/8 Final,LOBE HUESCA LA MAGIA,77,G. VAZQUEZ VALLEJO,68.0536%,14.7466%,False,1,BIELE ISB,True
SEGUNDA FEB,ELIMINATORIAS 1/8 Final,LOBE HUESCA LA MAGIA,5,H. FIGUEROA ÁLVAREZ,13.2581%,28.7369%,False,1,BIELE ISB,True
SEGUNDA FEB,ELIMINATORIAS 1/8 Final,LOBE HUESCA LA MAGIA,1,O. BIESHAAR,20.5924%,47.1386%,False,1,BIELE ISB,True
SEGUNDA FEB,ELIMINATORIAS 1/8 Final,LOBE HUESCA LA MAGIA,5,H. FIGUEROA ÁLVAREZ,68.7588%,17.8975%,True,1,BIELE ISB,True
SEGUNDA FEB,ELIMINATORIAS 1/8 Final,LOBE HUESCA LA MAGIA,77,G. VAZQUEZ VALLEJO,15.8674%,56.4655%,False,1,BIELE ISB,True
SEGUNDA FEB,ELIMINATORIAS 1/8 Final,LOBE HUESCA LA MAGIA,15,P. LOPEZ-SANVICENTE RETA,86.3893%,28.3588%,False,1,BIELE ISB,True
SEGUNDA FEB,ELIMINATORIAS 1/8 Final,LOBE HUESCA LA MAGIA,11,A. BADMUS,11.1425%,53.0624%,True,1,BIELE ISB,True
SEGUNDA FEB,ELIMINATORIAS 1/8 Final,LOBE HUESCA LA MAGIA,8,A. SMITH,31.9464%,18.4017%,False,1,BIELE ISB,True
SEGUNDA FEB,ELIMINATORIAS 1/8 Final,LOBE HUESCA LA MAGIA,77,G. VAZQUEZ VALLEJO,72.0733%,87.093%,False,1,BIELE ISB,True
SEGUNDA FEB,ELIMINATORIAS 1/8 Final,LOBE HUESCA LA MAGIA,11,A. BADMUS,91.7489%,53.1885%,False,1,BIELE ISB,True
SEGUNDA FEB,ELIMINATORIAS 1/8 Final,LOBE HUESCA LA MAGIA,11,A. BADMUS,86.6714%,52.0541%,False,1,BIELE ISB,True
SEGUNDA FEB,ELIMINATORIAS 1/8 Final,LOBE HUESCA LA MAGIA,12,P. SUÁREZ CUSTODIO,27.1509%,87.8492%,False,1,BIELE ISB,True
SEGUNDA FEB,ELIMINATORIAS 1/8 Final,LOBE HUESCA LA MAGIA,0,O. THIAM PEDRERA,87.2355%,52.9364%,True,1,BIELE ISB,True
SEGUNDA FEB,ELIMINATORIAS 1/8 Final,LOBE HUESCA LA MAGIA,15,P. LOPEZ-SANVICENTE RETA,7.47532%,52.6843%,False,1,BIELE ISB,True
SEGUNDA FEB,ELIMINATORIAS 1/8 Final,LOBE HUESCA LA MAGIA,77,G. VAZQUEZ VALLEJO,15.0212%,36.8034%,False,1,BIELE ISB,True
SEGUNDA FEB,ELIMINATORIAS 1/8 Final,LOBE HUESCA LA MAGIA,11,A. BADMUS,91.2553%,35.543%,False,1,BIELE ISB,True
SEGUNDA FEB,ELIMINATORIAS 1/8 Final,LOBE HUESCA LA MAGIA,5,H. FIGUEROA ÁLVAREZ,7.75741%,56.4655%,True,1,BIELE ISB,True
SEGUNDA FEB,ELIMINATORIAS 1/8 Final,LOBE HUESCA LA MAGIA,77,G. VAZQUEZ VALLEJO,25.3173%,91.0002%,False,1,BIELE ISB,True
SEGUNDA FEB,ELIMINATORIAS 1/8 Final,LOBE HUESCA LA MAGIA,15,P. LOPEZ-SANVICENTE RETA,30.1834%,15.7549%,True,1,BIELE ISB,True
SEGUNDA FEB,ELIMINATORIAS 1/8 Final,LOBE HUESCA LA MAGIA,10,J. FRITZ,21.9323%,50.5417%,False,1,BIELE ISB,True
SEGUNDA FEB,ELIMINATORIAS 1/8 Final,LOBE HUESCA LA MAGIA,17,G. RODRIGUEZ SOLER,81.4528%,49.9115%,False,1,BIELE ISB,True
SEGUNDA FEB,ELIMINATORIAS 1/8 Final,LOBE HUESCA LA MAGIA,17,G. RODRIGUEZ SOLER,31.8054%,11.8477%,True,1,BIELE ISB,True
SEGUNDA FEB,ELIMINATORIAS 1/8 Final,LOBE HUESCA LA MAGIA,15,P. LOPEZ-SANVICENTE RETA,35.402%,76.5057%,False,1,BIELE ISB,True
SEGUNDA FEB,ELIMINATORIAS 1/8 Final,LOBE HUESCA LA MAGIA,11,A. BADMUS,83.4979%,42.2231%,True,1,BIELE ISB,True
SEGUNDA FEB,ELIMINATORIAS 1/8 Final,LOBE HUESCA LA MAGIA,5,H. FIGUEROA ÁLVAREZ,69.6756%,18.7798%,True,1,BIELE ISB,True
SEGUNDA FEB,ELIMINATORIAS 1/8 Final,LOBE HUESCA LA MAGIA,11,A. BADMUS,89.6333%,58.8602%,True,1,BIELE ISB,True
SEGUNDA FEB,ELIMINATORIAS 1/8 Final,LOBE HUESCA LA MAGIA,10,J. FRITZ,89.6333%,58.6082%,False,1,BIELE ISB,True
SEGUNDA FEB,ELIMINATORIAS 1/8 Final,LOBE HUESCA LA MAGIA,1,O. BIESHAAR,85.7546%,36.4253%,True,1,BIELE ISB,True
SEGUNDA FEB,ELIMINATORIAS 1/8 Final,LOBE HUESCA LA MAGIA,77,G. VAZQUEZ VALLEJO,86.9535%,54.827%,True,1,BIELE ISB,True
SEGUNDA FEB,ELIMINATORIAS 1/8 Final,LOBE HUESCA LA MAGIA,15,P. LOPEZ-SANVICENTE RETA,18.4767%,40.0804%,True,1,BIELE ISB,True
SEGUNDA FEB,ELIMINATORIAS 1/8 Final,LOBE HUESCA LA MAGIA,10,J. FRITZ,14.8801%,49.9115%,False,1,BIELE ISB,True
SEGUNDA FEB,ELIMINATORIAS 1/8 Final,LOBE HUESCA LA MAGIA,8,A. SMITH,72.426%,16.007%,False,1,BIELE ISB,True
SEGUNDA FEB,ELIMINATORIAS 1/8 Final,LOBE HUESCA LA MAGIA,15,P. LOPEZ-SANVICENTE RETA,89.9154%,53.0624%,False,1,BIELE ISB,True
SEGUNDA FEB,ELIMINATORIAS 1/8 Final,LOBE HUESCA LA MAGIA,11,A. BADMUS,14.6685%,50.6677%,False,1,BIELE ISB,True
SEGUNDA FEB,ELIMINATORIAS 1/8 Final,LOBE HUESCA LA MAGIA,10,J. FRITZ,88.646%,54.1968%,True,1,BIELE ISB,True
SEGUNDA FEB,ELIMINATORIAS 1/8 Final,LOBE HUESCA LA MAGIA,17,G. RODRIGUEZ SOLER,89.0691%,50.9198%,True,1,BIELE ISB,True
SEGUNDA FEB,ELIMINATORIAS 1/8 Final,LOBE HUESCA LA MAGIA,77,G. VAZQUEZ VALLEJO,67.4189%,82.0514%,False,1,BIELE ISB,True
SEGUNDA FEB,ELIMINATORIAS 1/8 Final,LOBE HUESCA LA MAGIA,10,J. FRITZ,9.16784%,52.1802%,True,1,BIELE ISB,True
SEGUNDA FEB,ELIMINATORIAS 1/8 Final,LOBE HUESCA LA MAGIA,10,J. FRITZ,11.4951%,57.7259%,False,1,BIELE ISB,True
SEGUNDA FEB,ELIMINATORIAS 1/8 Final,LOBE HUESCA LA MAGIA,12,P. SUÁREZ CUSTODIO,71.2976%,16.6372%,False,1,BIELE ISB,True
SEGUNDA FEB,ELIMINATORIAS 1/8 Final,BIELE ISB,1,N. WILLIAMS,87.7997%,52.9364%,False,1,LOBE HUESCA LA MAGIA,False
SEGUNDA FEB,ELIMINATORIAS 1/8 Final,BIELE ISB,50,O. INDA HERNANDEZ,37.5176%,24.1995%,False,1,LOBE HUESCA LA MAGIA,False
SEGUNDA FEB,ELIMINATORIAS 1/8 Final,BIELE ISB,8,A. MONCANUT MORE,87.3766%,54.1968%,True,1,LOBE HUESCA LA MAGIA,False
SEGUNDA FEB,ELIMINATORIAS 1/8 Final,BIELE ISB,7,I. AIZPITARTE ARANZA,33.4274%,70.3298%,False,1,LOBE HUESCA LA MAGIA,False
SEGUNDA FEB,ELIMINATORIAS 1/8 Final,BIELE ISB,13,M. OLAIZOLA GARIN,12.1298%,68.1871%,False,1,LOBE HUESCA LA MAGIA,False
SEGUNDA FEB,ELIMINATORIAS 1/8 Final,BIELE ISB,1,N. WILLIAMS,90.268%,64.658%,False,1,LOBE HUESCA LA MAGIA,False
SEGUNDA FEB,ELIMINATORIAS 1/8 Final,BIELE ISB,14,T. SAGNA,8.53315%,47.3907%,True,1,LOBE HUESCA LA MAGIA,False
SEGUNDA FEB,ELIMINATORIAS 1/8 Final,BIELE ISB,8,A. MONCANUT MORE,10.4372%,54.5749%,False,1,LOBE HUESCA LA MAGIA,False
SEGUNDA FEB,ELIMINATORIAS 1/8 Final,BIELE ISB,30,I. MIRANDA GARCIA,88.3639%,34.6607%,False,1,LOBE HUESCA LA MAGIA,False
SEGUNDA FEB,ELIMINATORIAS 1/8 Final,BIELE ISB,13,M. OLAIZOLA GARIN,69.8872%,87.7232%,True,1,LOBE HUESCA LA MAGIA,False
SEGUNDA FEB,ELIMINATORIAS 1/8 Final,BIELE ISB,1,N. WILLIAMS,90.7616%,64.2799%,False,1,LOBE HUESCA LA MAGIA,False
SEGUNDA FEB,ELIMINATORIAS 1/8 Final,BIELE ISB,8,A. MONCANUT MORE,78.9845%,39.5763%,True,1,LOBE HUESCA LA MAGIA,False
SEGUNDA FEB,ELIMINATORIAS 1/8 Final,BIELE ISB,7,I. AIZPITARTE ARANZA,29.6897%,18.1496%,True,1,LOBE HUESCA LA MAGIA,False
SEGUNDA FEB,ELIMINATORIAS 1/8 Final,BIELE ISB,7,I. AIZPITARTE ARANZA,6.34697%,42.9793%,True,1,LOBE HUESCA LA MAGIA,False
SEGUNDA FEB,ELIMINATORIAS 1/8 Final,BIELE ISB,15,M. NIANG NDONGO,65.0212%,28.1067%,False,1,LOBE HUESCA LA MAGIA,False
SEGUNDA FEB,ELIMINATORIAS 1/8 Final,BIELE ISB,10,O. ARDANZA BERNAOLA,25.811%,88.6055%,False,1,LOBE HUESCA LA MAGIA,False
SEGUNDA FEB,ELIMINATORIAS 1/8 Final,BIELE ISB,8,A. MONCANUT MORE,78.7729%,44.6178%,False,1,LOBE HUESCA LA MAGIA,False
SEGUNDA FEB,ELIMINATORIAS 1/8 Final,BIELE ISB,50,O. INDA HERNANDEZ,9.37941%,55.7093%,True,1,LOBE HUESCA LA MAGIA,False
SEGUNDA FEB,ELIMINATORIAS 1/8 Final,BIELE ISB,10,O. ARDANZA BERNAOLA,10.1551%,56.3395%,True,1,LOBE HUESCA LA MAGIA,False
SEGUNDA FEB,ELIMINATORIAS 1/8 Final,BIELE ISB,13,M. OLAIZOLA GARIN,79.6192%,39.8283%,True,1,LOBE HUESCA LA MAGIA,False
SEGUNDA FEB,ELIMINATORIAS 1/8 Final,BIELE ISB,10,O. ARDANZA BERNAOLA,79.1961%,93.2689%,False,1,LOBE HUESCA LA MAGIA,False
SEGUNDA FEB,ELIMINATORIAS 1/8 Final,BIELE ISB,1,N. WILLIAMS,32.8632%,80.4129%,False,1,LOBE HUESCA LA MAGIA,False
SEGUNDA FEB,ELIMINATORIAS 1/8 Final,BIELE ISB,1,N. WILLIAMS,75.4584%,10.5873%,False,1,LOBE HUESCA LA MAGIA,False
SEGUNDA FEB,ELIMINATORIAS 1/8 Final,BIELE ISB,42,A. ACHA CORTABARRIA,27.7151%,82.3035%,False,1,LOBE HUESCA LA MAGIA,False
SEGUNDA FEB,ELIMINATORIAS 1/8 Final,BIELE ISB,8,A. MONCANUT MORE,89.3512%,40.9627%,True,1,LOBE HUESCA LA MAGIA,False
SEGUNDA FEB,ELIMINATORIAS 1/8 Final,BIELE ISB,14,T. SAGNA,86.3893%,48.7771%,True,1,LOBE HUESCA LA MAGIA,False
SEGUNDA FEB,ELIMINATORIAS 1/8 Final,BIELE ISB,14,T. SAGNA,87.7997%,52.9364%,True,1,LOBE HUESCA LA MAGIA,False
SEGUNDA FEB,ELIMINATORIAS 1/8 Final,BIELE ISB,10,O. ARDANZA BERNAOLA,11.6361%,40.2065%,False,1,LOBE HUESCA LA MAGIA,False
SEGUNDA FEB,ELIMINATORIAS 1/8 Final,BIELE ISB,1,N. WILLIAMS,9.59097%,41.3408%,True,1,LOBE HUESCA LA MAGIA,False
SEGUNDA FEB,ELIMINATORIAS 1/8 Final,BIELE ISB,50,O. INDA HERNANDEZ,18.1946%,40.3325%,False,1,LOBE HUESCA LA MAGIA,False
SEGUNDA FEB,ELIMINATORIAS 1/8 Final,BIELE ISB,50,O. INDA HERNANDEZ,8.18054%,53.9447%,False,1,LOBE HUESCA LA MAGIA,False
SEGUNDA FEB,ELIMINATORIAS 1/8 Final,BIELE ISB,14,T. SAGNA,83.0748%,45.122%,True,1,LOBE HUESCA LA MAGIA,False
SEGUNDA FEB,ELIMINATORIAS 1/8 Final,BIELE ISB,7,I. AIZPITARTE ARANZA,35.1199%,50.1636%,False,1,LOBE HUESCA LA MAGIA,False
SEGUNDA FEB,ELIMINATORIAS 1/8 Final,BIELE ISB,1,N. WILLIAMS,91.3963%,54.4489%,True,1,LOBE HUESCA LA MAGIA,False
SEGUNDA FEB,ELIMINATORIAS 1/8 Final,BIELE ISB,15,M. NIANG NDONGO,71.4386%,10.0831%,True,1,LOBE HUESCA LA MAGIA,False
SEGUNDA FEB,ELIMINATORIAS 1/8 Final,BIELE ISB,42,A. ACHA CORTABARRIA,24.5416%,10.0831%,True,1,LOBE HUESCA LA MAGIA,False
SEGUNDA FEB,ELIMINATORIAS 1/8 Final,BIELE ISB,7,I. AIZPITARTE ARANZA,66.0085%,76.6318%,True,1,LOBE HUESCA LA MAGIA,False
SEGUNDA FEB,ELIMINATORIAS 1/8 Final,BIELE ISB,42,A. ACHA CORTABARRIA,77.292%,50.4156%,True,1,LOBE HUESCA LA MAGIA,False
SEGUNDA FEB,ELIMINATORIAS 1/8 Final,BIELE ISB,50,O. INDA HERNANDEZ,14.7391%,94.2772%,False,1,LOBE HUESCA LA MAGIA,False
SEGUNDA FEB,ELIMINATORIAS 1/8 Final,BIELE ISB,13,M. OLAIZOLA GARIN,10.5783%,35.543%,False,1,LOBE HUESCA LA MAGIA,False
SEGUNDA FEB,ELIMINATORIAS 1/8 Final,BIELE ISB,42,A. ACHA CORTABARRIA,16.9252%,32.0139%,False,1,LOBE HUESCA LA MAGIA,False
SEGUNDA FEB,ELIMINATORIAS 1/8 Final,BIELE ISB,42,A. ACHA CORTABARRIA,24.6121%,10.8394%,False,1,LOBE HUESCA LA MAGIA,False
SEGUNDA FEB,ELIMINATORIAS 1/8 Final,BIELE ISB,15,M. NIANG NDONGO,88.1523%,58.104%,True,1,LOBE HUESCA LA MAGIA,False
SEGUNDA FEB,ELIMINATORIAS 1/8 Final,BIELE ISB,42,A. ACHA CORTABARRIA,7.61636%,46.6345%,True,1,LOBE HUESCA LA MAGIA,False
SEGUNDA FEB,ELIMINATORIAS 1/8 Final,BIELE ISB,1,N. WILLIAMS,10.8604%,42.4752%,True,1,LOBE HUESCA LA MAGIA,False
SEGUNDA FEB,ELIMINATORIAS 1/8 Final,BIELE ISB,50,O. INDA HERNANDEZ,11.6361%,58.4821%,False,1,LOBE HUESCA LA MAGIA,False
SEGUNDA FEB,ELIMINATORIAS 1/8 Final,BIELE ISB,8,A. MONCANUT MORE,34.2031%,61.6331%,True,1,LOBE HUESCA LA MAGIA,False
SEGUNDA FEB,ELIMINATORIAS 1/8 Final,BIELE ISB,10,O. ARDANZA BERNAOLA,72.708%,11.3435%,False,1,LOBE HUESCA LA MAGIA,False
SEGUNDA FEB,ELIMINATORIAS 1/8 Final,BIELE ISB,7,I. AIZPITARTE ARANZA,69.0409%,84.4462%,False,1,LOBE HUESCA LA MAGIA,False
SEGUNDA FEB,ELIMINATORIAS 1/8 Final,BIELE ISB,8,A. MONCANUT MORE,60.9309%,64.2799%,False,1,LOBE HUESCA LA MAGIA,False
SEGUNDA FEB,ELIMINATORIAS 1/8 Final,BIELE ISB,15,M. NIANG NDONGO,10.7898%,54.701%,True,1,LOBE HUESCA LA MAGIA,False
SEGUNDA FEB,ELIMINATORIAS 1/8 Final,BIELE ISB,7,I. AIZPITARTE ARANZA,80.536%,41.4669%,False,1,LOBE HUESCA LA MAGIA,False
SEGUNDA FEB,ELIMINATORIAS 1/8 Final,BIELE ISB,1,N. WILLIAMS,61.7772%,45.8782%,False,1,LOBE HUESCA LA MAGIA,False
SEGUNDA FEB,ELIMINATORIAS 1/8 Final,BIELE ISB,8,A. MONCANUT MORE,36.0367%,63.7758%,False,1,LOBE HUESCA LA MAGIA,False
SEGUNDA FEB,ELIMINATORIAS 1/8 Final,BIELE ISB,15,M. NIANG NDONGO,80.8181%,39.4502%,False,1,LOBE HUESCA LA MAGIA,False
SEGUNDA FEB,ELIMINATORIAS 1/8 Final,BIELE ISB,1,N. WILLIAMS,88.787%,58.7342%,True,1,LOBE HUESCA LA MAGIA,False
SEGUNDA FEB,ELIMINATORIAS 1/8 Final,BIELE ISB,42,A. ACHA CORTABARRIA,91.7489%,74.237%,False,1,LOBE HUESCA LA MAGIA,False
SEGUNDA FEB,ELIMINATORIAS 1/8 Final,BIELE ISB,8,A. MONCANUT MORE,87.5882%,43.8616%,False,1,LOBE HUESCA LA MAGIA,False
SEGUNDA FEB,ELIMINATORIAS 1/8 Final,BIELE ISB,42,A. ACHA CORTABARRIA,8.03949%,55.3312%,False,1,LOBE HUESCA LA MAGIA,False
SEGUNDA FEB,ELIMINATORIAS 1/8 Final,BIELE ISB,13,M. OLAIZOLA GARIN,77.7856%,93.0168%,False,1,LOBE HUESCA LA MAGIA,False
SEGUNDA FEB,ELIMINATORIAS 1/8 Final,BIELE ISB,50,O. INDA HERNANDEZ,35.7546%,46.3824%,False,1,LOBE HUESCA LA MAGIA,False
SEGUNDA FEB,ELIMINATORIAS 1/8 Final,BIELE ISB,8,A. MONCANUT MORE,89.9154%,56.7176%,True,1,LOBE HUESCA LA MAGIA,False
SEGUNDA FEB,ELIMINATORIAS 1/8 Final,BIELE ISB,13,M. OLAIZOLA GARIN,94.7109%,94.0252%,False,1,LOBE HUESCA LA MAGIA,False
SEGUNDA FEB,ELIMINATORIAS 1/8 Final,BIELE ISB,8,A. MONCANUT MORE,27.2214%,87.8492%,False,1,LOBE HUESCA LA MAGIA,False
SEGUNDA FEB,ELIMINATORIAS 1/8 Final,BIELE ISB,10,O. ARDANZA BERNAOLA,73.2722%,91.0002%,True,1,LOBE HUESCA LA MAGIA,False
SEGUNDA FEB,ELIMINATORIAS 1/8 Final,BIELE ISB,8,A. MONCANUT MORE,35.2609%,43.7356%,True,1,LOBE HUESCA LA MAGIA,False
SEGUNDA FEB,ELIMINATORIAS 1/8 Final,BIELE ISB,8,A. MONCANUT MORE,64.1749%,66.9267%,False,1,LOBE HUESCA LA MAGIA,False
SEGUNDA FEB,ELIMINATORIAS 1/8 Final,BIELE ISB,15,M. NIANG NDONGO,13.3286%,56.4655%,False,1,LOBE HUESCA LA MAGIA,False
SEGUNDA FEB,ELIMINATORIAS 1/8 Final,BIELE ISB,8,A. MONCANUT MORE,83.1453%,34.4087%,True,1,LOBE HUESCA LA MAGIA,False
SEGUNDA FEB,ELIMINATORIAS 1/8 Final,BIELE ISB,1,N. WILLIAMS,25.5994%,84.9503%,False,1,LOBE HUESCA LA MAGIA,False
SEGUNDA FEB,ELIMINATORIAS 1/8 Final,BIELE ISB,1,N. WILLIAMS,20.5219%,76.2536%,False,1,LOBE HUESCA LA MAGIA,False
SEGUNDA FEB,ELIMINATORIAS 1/8 Final,BIELE ISB,1,N. WILLIAMS,61.8477%,64.532%,False,1,LOBE HUESCA LA MAGIA,False
SEGUNDA FEB,ELIMINATORIAS 1/8 Final,BIELE ISB,8,A. MONCANUT MORE,9.94358%,40.3325%,False,1,LOBE HUESCA LA MAGIA,False
SEGUNDA FEB,ELIMINATORIAS 1/8 Final,BIELE ISB,42,A. ACHA CORTABARRIA,75.811%,8.82274%,False,1,LOBE HUESCA LA MAGIA,False
SEGUNDA FEB,ELIMINATORIAS 1/8 Final,BIELE ISB,7,I. AIZPITARTE ARANZA,10.6488%,76.3797%,False,1,LOBE HUESCA LA MAGIA,False
SEGUNDA FEB,ELIMINATORIAS 1/8 Final,REINA PROTEÍNAS CLAVIJO,12,P. DIENE,31.1001%,31.8879%,False,1,SPANISH BASKETBALL ACADEMY,True
SEGUNDA FEB,ELIMINATORIAS 1/8 Final,REINA PROTEÍNAS CLAVIJO,33,K. TORRES CUEVAS,34.5557%,48.525%,False,1,SPANISH BASKETBALL ACADEMY,True
SEGUNDA FEB,ELIMINATORIAS 1/8 Final,REINA PROTEÍNAS CLAVIJO,55,C. JACOBS,92.031%,54.953%,False,1,SPANISH BASKETBALL ACADEMY,True
SEGUNDA FEB,ELIMINATORIAS 1/8 Final,REINA PROTEÍNAS CLAVIJO,55,C. JACOBS,7.54584%,45.3741%,False,1,SPANISH BASKETBALL ACADEMY,True
SEGUNDA FEB,ELIMINATORIAS 1/8 Final,REINA PROTEÍNAS CLAVIJO,1,E. A NONGO BERTHOLD,92.9478%,51.8021%,True,1,SPANISH BASKETBALL ACADEMY,True
SEGUNDA FEB,ELIMINATORIAS 1/8 Final,REINA PROTEÍNAS CLAVIJO,33,K. TORRES CUEVAS,78.2793%,88.2274%,False,1,SPANISH BASKETBALL ACADEMY,True
SEGUNDA FEB,ELIMINATORIAS 1/8 Final,REINA PROTEÍNAS CLAVIJO,77,R. UKAWUBA,6.48801%,57.8519%,True,1,SPANISH BASKETBALL ACADEMY,True
SEGUNDA FEB,ELIMINATORIAS 1/8 Final,REINA PROTEÍNAS CLAVIJO,12,P. DIENE,6.55853%,52.3062%,True,1,SPANISH BASKETBALL ACADEMY,True
SEGUNDA FEB,ELIMINATORIAS 1/8 Final,REINA PROTEÍNAS CLAVIJO,55,C. JACOBS,90.409%,59.8686%,False,1,SPANISH BASKETBALL ACADEMY,True
SEGUNDA FEB,ELIMINATORIAS 1/8 Final,REINA PROTEÍNAS CLAVIJO,33,K. TORRES CUEVAS,28.7729%,77.6401%,True,1,SPANISH BASKETBALL ACADEMY,True
SEGUNDA FEB,ELIMINATORIAS 1/8 Final,REINA PROTEÍNAS CLAVIJO,12,P. DIENE,30.9591%,66.0445%,False,1,SPANISH BASKETBALL ACADEMY,True
SEGUNDA FEB,ELIMINATORIAS 1/8 Final,REINA PROTEÍNAS CLAVIJO,77,R. UKAWUBA,94.0762%,94.5293%,False,1,SPANISH BASKETBALL ACADEMY,True
SEGUNDA FEB,ELIMINATORIAS 1/8 Final,REINA PROTEÍNAS CLAVIJO,1,E. A NONGO BERTHOLD,7.54584%,45.3741%,True,1,SPANISH BASKETBALL ACADEMY,True
SEGUNDA FEB,ELIMINATORIAS 1/8 Final,REINA PROTEÍNAS CLAVIJO,11,J. PARDINA MOLINA,31.1707%,51.8021%,False,1,SPANISH BASKETBALL ACADEMY,True
SEGUNDA FEB,ELIMINATORIAS 1/8 Final,REINA PROTEÍNAS CLAVIJO,33,K. TORRES CUEVAS,81.4528%,49.4073%,True,1,SPANISH BASKETBALL ACADEMY,True
SEGUNDA FEB,ELIMINATORIAS 1/8 Final,REINA PROTEÍNAS CLAVIJO,55,C. JACOBS,89.9154%,50.1636%,False,1,SPANISH BASKETBALL ACADEMY,True
SEGUNDA FEB,ELIMINATORIAS 1/8 Final,REINA PROTEÍNAS CLAVIJO,55,C. JACOBS,74.1185%,85.2024%,False,1,SPANISH BASKETBALL ACADEMY,True
SEGUNDA FEB,ELIMINATORIAS 1/8 Final,REINA PROTEÍNAS CLAVIJO,5,M. DE PABLO DEL CASTILLO,30.0423%,75.8755%,True,1,SPANISH BASKETBALL ACADEMY,True
SEGUNDA FEB,ELIMINATORIAS 1/8 Final,REINA PROTEÍNAS CLAVIJO,5,M. DE PABLO DEL CASTILLO,74.189%,85.0764%,False,1,SPANISH BASKETBALL ACADEMY,True
SEGUNDA FEB,ELIMINATORIAS 1/8 Final,REINA PROTEÍNAS CLAVIJO,55,C. JACOBS,77.7856%,88.7315%,True,1,SPANISH BASKETBALL ACADEMY,True
SEGUNDA FEB,ELIMINATORIAS 1/8 Final,REINA PROTEÍNAS CLAVIJO,11,J. PARDINA MOLINA,5.50071%,93.521%,False,1,SPANISH BASKETBALL ACADEMY,True
SEGUNDA FEB,ELIMINATORIAS 1/8 Final,REINA PROTEÍNAS CLAVIJO,33,K. TORRES CUEVAS,5.43018%,6.80611%,False,1,SPANISH BASKETBALL ACADEMY,True
SEGUNDA FEB,ELIMINATORIAS 1/8 Final,REINA PROTEÍNAS CLAVIJO,55,C. JACOBS,78.1382%,91.0002%,False,1,SPANISH BASKETBALL ACADEMY,True
SEGUNDA FEB,ELIMINATORIAS 1/8 Final,REINA PROTEÍNAS CLAVIJO,9,H. ARBOSA ROLDAN,88.646%,47.2647%,False,1,SPANISH BASKETBALL ACADEMY,True
SEGUNDA FEB,ELIMINATORIAS 1/8 Final,REINA PROTEÍNAS CLAVIJO,33,K. TORRES CUEVAS,75.4584%,12.4779%,False,1,SPANISH BASKETBALL ACADEMY,True
SEGUNDA FEB,ELIMINATORIAS 1/8 Final,REINA PROTEÍNAS CLAVIJO,5,M. DE PABLO DEL CASTILLO,71.2271%,74.237%,False,1,SPANISH BASKETBALL ACADEMY,True
SEGUNDA FEB,ELIMINATORIAS 1/8 Final,REINA PROTEÍNAS CLAVIJO,5,M. DE PABLO DEL CASTILLO,67.4189%,25.0818%,False,1,SPANISH BASKETBALL ACADEMY,True
SEGUNDA FEB,ELIMINATORIAS 1/8 Final,REINA PROTEÍNAS CLAVIJO,55,C. JACOBS,20.4513%,8.82274%,False,1,SPANISH BASKETBALL ACADEMY,True
SEGUNDA FEB,ELIMINATORIAS 1/8 Final,REINA PROTEÍNAS CLAVIJO,55,C. JACOBS,66.22%,49.9115%,True,1,SPANISH BASKETBALL ACADEMY,True
SEGUNDA FEB,ELIMINATORIAS 1/8 Final,REINA PROTEÍNAS CLAVIJO,77,R. UKAWUBA,4.01975%,95.0335%,False,1,SPANISH BASKETBALL ACADEMY,True
SEGUNDA FEB,ELIMINATORIAS 1/8 Final,REINA PROTEÍNAS CLAVIJO,7,V. HRABAR,7.96897%,47.5167%,True,1,SPANISH BASKETBALL ACADEMY,True
SEGUNDA FEB,ELIMINATORIAS 1/8 Final,REINA PROTEÍNAS CLAVIJO,33,K. TORRES CUEVAS,33.1453%,48.6511%,False,1,SPANISH BASKETBALL ACADEMY,True
SEGUNDA FEB,ELIMINATORIAS 1/8 Final,REINA PROTEÍNAS CLAVIJO,9,H. ARBOSA ROLDAN,93.3709%,49.2813%,False,1,SPANISH BASKETBALL ACADEMY,True
SEGUNDA FEB,ELIMINATORIAS 1/8 Final,REINA PROTEÍNAS CLAVIJO,33,K. TORRES CUEVAS,31.4528%,27.7286%,True,1,SPANISH BASKETBALL ACADEMY,True
SEGUNDA FEB,ELIMINATORIAS 1/8 Final,REINA PROTEÍNAS CLAVIJO,55,C. JACOBS,30.4654%,71.9683%,True,1,SPANISH BASKETBALL ACADEMY,True
SEGUNDA FEB,ELIMINATORIAS 1/8 Final,REINA PROTEÍNAS CLAVIJO,5,M. DE PABLO DEL CASTILLO,75.0353%,15.5028%,True,1,SPANISH BASKETBALL ACADEMY,True
SEGUNDA FEB,ELIMINATORIAS 1/8 Final,REINA PROTEÍNAS CLAVIJO,55,C. JACOBS,8.88575%,52.1802%,False,1,SPANISH BASKETBALL ACADEMY,True
SEGUNDA FEB,ELIMINATORIAS 1/8 Final,REINA PROTEÍNAS CLAVIJO,33,K. TORRES CUEVAS,74.7532%,13.4862%,False,1,SPANISH BASKETBALL ACADEMY,True
SEGUNDA FEB,ELIMINATORIAS 1/8 Final,REINA PROTEÍNAS CLAVIJO,77,R. UKAWUBA,73.6953%,84.0681%,False,1,SPANISH BASKETBALL ACADEMY,True
SEGUNDA FEB,ELIMINATORIAS 1/8 Final,REINA PROTEÍNAS CLAVIJO,55,C. JACOBS,33.2158%,57.5999%,False,1,SPANISH BASKETBALL ACADEMY,True
SEGUNDA FEB,ELIMINATORIAS 1/8 Final,REINA PROTEÍNAS CLAVIJO,5,M. DE PABLO DEL CASTILLO,75.8815%,14.6205%,True,1,SPANISH BASKETBALL ACADEMY,True
SEGUNDA FEB,ELIMINATORIAS 1/8 Final,REINA PROTEÍNAS CLAVIJO,9,H. ARBOSA ROLDAN,94.8519%,6.55403%,False,1,SPANISH BASKETBALL ACADEMY,True
SEGUNDA FEB,ELIMINATORIAS 1/8 Final,REINA PROTEÍNAS CLAVIJO,5,M. DE PABLO DEL CASTILLO,80.677%,49.2813%,True,1,SPANISH BASKETBALL ACADEMY,True
SEGUNDA FEB,ELIMINATORIAS 1/8 Final,REINA PROTEÍNAS CLAVIJO,9,H. ARBOSA ROLDAN,11.9182%,42.7272%,False,1,SPANISH BASKETBALL ACADEMY,True
SEGUNDA FEB,ELIMINATORIAS 1/8 Final,REINA PROTEÍNAS CLAVIJO,12,P. DIENE,7.26375%,50.6677%,False,1,SPANISH BASKETBALL ACADEMY,True
SEGUNDA FEB,ELIMINATORIAS 1/8 Final,REINA PROTEÍNAS CLAVIJO,55,C. JACOBS,27.9972%,79.9088%,True,1,SPANISH BASKETBALL ACADEMY,True
SEGUNDA FEB,ELIMINATORIAS 1/8 Final,REINA PROTEÍNAS CLAVIJO,5,M. DE PABLO DEL CASTILLO,28.4908%,78.9005%,True,1,SPANISH BASKETBALL ACADEMY,True
SEGUNDA FEB,ELIMINATORIAS 1/8 Final,REINA PROTEÍNAS CLAVIJO,33,K. TORRES CUEVAS,95.6276%,75.4974%,False,1,SPANISH BASKETBALL ACADEMY,True
SEGUNDA FEB,ELIMINATORIAS 1/8 Final,REINA PROTEÍNAS CLAVIJO,7,V. HRABAR,96.0508%,93.647%,False,1,SPANISH BASKETBALL ACADEMY,True
SEGUNDA FEB,ELIMINATORIAS 1/8 Final,REINA PROTEÍNAS CLAVIJO,5,M. DE PABLO DEL CASTILLO,66.079%,47.1386%,False,1,SPANISH BASKETBALL ACADEMY,True
SEGUNDA FEB,ELIMINATORIAS 1/8 Final,REINA PROTEÍNAS CLAVIJO,5,M. DE PABLO DEL CASTILLO,32.9337%,25.4599%,False,1,SPANISH BASKETBALL ACADEMY,True
SEGUNDA FEB,ELIMINATORIAS 1/8 Final,REINA PROTEÍNAS CLAVIJO,9,H. ARBOSA ROLDAN,92.4542%,47.0126%,True,1,SPANISH BASKETBALL ACADEMY,True
SEGUNDA FEB,ELIMINATORIAS 1/8 Final,REINA PROTEÍNAS CLAVIJO,55,C. JACOBS,6.55853%,42.7272%,False,1,SPANISH BASKETBALL ACADEMY,True
SEGUNDA FEB,ELIMINATORIAS 1/8 Final,REINA PROTEÍNAS CLAVIJO,7,V. HRABAR,6.34697%,93.647%,False,1,SPANISH BASKETBALL ACADEMY,True
SEGUNDA FEB,ELIMINATORIAS 1/8 Final,REINA PROTEÍNAS CLAVIJO,5,M. DE PABLO DEL CASTILLO,5.35966%,93.1429%,False,1,SPANISH BASKETBALL ACADEMY,True
SEGUNDA FEB,ELIMINATORIAS 1/8 Final,REINA PROTEÍNAS CLAVIJO,77,R. UKAWUBA,94.2877%,94.5293%,True,1,SPANISH BASKETBALL ACADEMY,True
SEGUNDA FEB,ELIMINATORIAS 1/8 Final,REINA PROTEÍNAS CLAVIJO,33,K. TORRES CUEVAS,17.0663%,72.2204%,False,1,SPANISH BASKETBALL ACADEMY,True
SEGUNDA FEB,ELIMINATORIAS 1/8 Final,REINA PROTEÍNAS CLAVIJO,12,P. DIENE,12.976%,48.525%,False,1,SPANISH BASKETBALL ACADEMY,True
SEGUNDA FEB,ELIMINATORIAS 1/8 Final,REINA PROTEÍNAS CLAVIJO,7,V. HRABAR,87.8702%,42.6012%,True,1,SPANISH BASKETBALL ACADEMY,True
SEGUNDA FEB,ELIMINATORIAS 1/8 Final,REINA PROTEÍNAS CLAVIJO,12,P. DIENE,6.55853%,42.7272%,True,1,SPANISH BASKETBALL ACADEMY,True
SEGUNDA FEB,ELIMINATORIAS 1/8 Final,REINA PROTEÍNAS CLAVIJO,9,H. ARBOSA ROLDAN,7.96897%,54.1968%,False,1,SPANISH BASKETBALL ACADEMY,True
SEGUNDA FEB,ELIMINATORIAS 1/8 Final,REINA PROTEÍNAS CLAVIJO,9,H. ARBOSA ROLDAN,8.60367%,52.8104%,True,1,SPANISH BASKETBALL ACADEMY,True
SEGUNDA FEB,ELIMINATORIAS 1/8 Final,REINA PROTEÍNAS CLAVIJO,11,J. PARDINA MOLINA,86.4598%,6.93215%,False,1,SPANISH BASKETBALL ACADEMY,True
SEGUNDA FEB,ELIMINATORIAS 1/8 Final,REINA PROTEÍNAS CLAVIJO,5,M. DE PABLO DEL CASTILLO,92.8068%,46.2563%,True,1,SPANISH BASKETBALL ACADEMY,True
SEGUNDA FEB,ELIMINATORIAS 1/8 Final,REINA PROTEÍNAS CLAVIJO,55,C. JACOBS,22.567%,89.7398%,False,1,SPANISH BASKETBALL ACADEMY,True
SEGUNDA FEB,ELIMINATORIAS 1/8 Final,REINA PROTEÍNAS CLAVIJO,5,M. DE PABLO DEL CASTILLO,24.4006%,85.9586%,True,1,SPANISH BASKETBALL ACADEMY,True
SEGUNDA FEB,ELIMINATORIAS 1/8 Final,SPANISH BASKETBALL ACADEMY,15,J. SANTANO BARTOLOME,11.0014%,87.219%,True,1,REINA PROTEÍNAS CLAVIJO,False
SEGUNDA FEB,ELIMINATORIAS 1/8 Final,SPANISH BASKETBALL ACADEMY,33,D. SIMEUNOVIC,9.0268%,20.6704%,True,1,REINA PROTEÍNAS CLAVIJO,False
SEGUNDA FEB,ELIMINATORIAS 1/8 Final,SPANISH BASKETBALL ACADEMY,33,D. SIMEUNOVIC,85.543%,52.8104%,False,1,REINA PROTEÍNAS CLAVIJO,False
SEGUNDA FEB,ELIMINATORIAS 1/8 Final,SPANISH BASKETBALL ACADEMY,15,J. SANTANO BARTOLOME,11.0719%,37.0555%,False,1,REINA PROTEÍNAS CLAVIJO,False
SEGUNDA FEB,ELIMINATORIAS 1/8 Final,SPANISH BASKETBALL ACADEMY,33,D. SIMEUNOVIC,8.88575%,63.6497%,False,1,REINA PROTEÍNAS CLAVIJO,False
SEGUNDA FEB,ELIMINATORIAS 1/8 Final,SPANISH BASKETBALL ACADEMY,15,J. SANTANO BARTOLOME,92.1721%,55.7093%,True,1,REINA PROTEÍNAS CLAVIJO,False
SEGUNDA FEB,ELIMINATORIAS 1/8 Final,SPANISH BASKETBALL ACADEMY,10,K. CURFMAN,66.9958%,50.2896%,False,1,REINA PROTEÍNAS CLAVIJO,False
SEGUNDA FEB,ELIMINATORIAS 1/8 Final,SPANISH BASKETBALL ACADEMY,33,D. SIMEUNOVIC,6.69958%,45.6261%,True,1,REINA PROTEÍNAS CLAVIJO,False
SEGUNDA FEB,ELIMINATORIAS 1/8 Final,SPANISH BASKETBALL ACADEMY,15,J. SANTANO BARTOLOME,73.0607%,79.4046%,False,1,REINA PROTEÍNAS CLAVIJO,False
SEGUNDA FEB,ELIMINATORIAS 1/8 Final,SPANISH BASKETBALL ACADEMY,99,R. GARCIA SALAME,17.6305%,23.1912%,False,1,REINA PROTEÍNAS CLAVIJO,False
SEGUNDA FEB,ELIMINATORIAS 1/8 Final,SPANISH BASKETBALL ACADEMY,10,K. CURFMAN,67.1368%,64.406%,False,1,REINA PROTEÍNAS CLAVIJO,False
SEGUNDA FEB,ELIMINATORIAS 1/8 Final,SPANISH BASKETBALL ACADEMY,33,D. SIMEUNOVIC,78.3498%,9.70501%,True,1,REINA PROTEÍNAS CLAVIJO,False
SEGUNDA FEB,ELIMINATORIAS 1/8 Final,SPANISH BASKETBALL ACADEMY,33,D. SIMEUNOVIC,10.2962%,22.435%,False,1,REINA PROTEÍNAS CLAVIJO,False
SEGUNDA FEB,ELIMINATORIAS 1/8 Final,SPANISH BASKETBALL ACADEMY,99,R. GARCIA SALAME,24.5416%,33.9045%,False,1,REINA PROTEÍNAS CLAVIJO,False
SEGUNDA FEB,ELIMINATORIAS 1/8 Final,SPANISH BASKETBALL ACADEMY,21,A. MORENO TRUJILLO,7.82793%,44.8699%,False,1,REINA PROTEÍNAS CLAVIJO,False
SEGUNDA FEB,ELIMINATORIAS 1/8 Final,SPANISH BASKETBALL ACADEMY,6,J. PUIDET,95.9803%,94.6553%,False,1,REINA PROTEÍNAS CLAVIJO,False
SEGUNDA FEB,ELIMINATORIAS 1/8 Final,SPANISH BASKETBALL ACADEMY,33,D. SIMEUNOVIC,91.8195%,45.3741%,True,1,REINA PROTEÍNAS CLAVIJO,False
SEGUNDA FEB,ELIMINATORIAS 1/8 Final,SPANISH BASKETBALL ACADEMY,6,J. PUIDET,22.0733%,91.8825%,True,1,REINA PROTEÍNAS CLAVIJO,False
SEGUNDA FEB,ELIMINATORIAS 1/8 Final,SPANISH BASKETBALL ACADEMY,21,A. MORENO TRUJILLO,69.2525%,76.5057%,False,1,REINA PROTEÍNAS CLAVIJO,False
SEGUNDA FEB,ELIMINATORIAS 1/8 Final,SPANISH BASKETBALL ACADEMY,99,R. GARCIA SALAME,89.7038%,23.0652%,False,1,REINA PROTEÍNAS CLAVIJO,False
SEGUNDA FEB,ELIMINATORIAS 1/8 Final,SPANISH BASKETBALL ACADEMY,21,A. MORENO TRUJILLO,68.2652%,65.7924%,False,1,REINA PROTEÍNAS CLAVIJO,False
SEGUNDA FEB,ELIMINATORIAS 1/8 Final,SPANISH BASKETBALL ACADEMY,33,D. SIMEUNOVIC,32.5106%,45.8782%,False,1,REINA PROTEÍNAS CLAVIJO,False
SEGUNDA FEB,ELIMINATORIAS 1/8 Final,SPANISH BASKETBALL ACADEMY,21,A. MORENO TRUJILLO,68.5473%,73.6068%,False,1,REINA PROTEÍNAS CLAVIJO,False
SEGUNDA FEB,ELIMINATORIAS 1/8 Final,SPANISH BASKETBALL ACADEMY,15,J. SANTANO BARTOLOME,8.18054%,50.9198%,False,1,REINA PROTEÍNAS CLAVIJO,False
SEGUNDA FEB,ELIMINATORIAS 1/8 Final,SPANISH BASKETBALL ACADEMY,99,R. GARCIA SALAME,67.7715%,59.9946%,False,1,REINA PROTEÍNAS CLAVIJO,False
SEGUNDA FEB,ELIMINATORIAS 1/8 Final,SPANISH BASKETBALL ACADEMY,10,K. CURFMAN,32.0169%,17.5194%,True,1,REINA PROTEÍNAS CLAVIJO,False
SEGUNDA FEB,ELIMINATORIAS 1/8 Final,SPANISH BASKETBALL ACADEMY,6,J. PUIDET,71.1566%,19.9142%,False,1,REINA PROTEÍNAS CLAVIJO,False
SEGUNDA FEB,ELIMINATORIAS 1/8 Final,SPANISH BASKETBALL ACADEMY,10,K. CURFMAN,74.1185%,15.6288%,True,1,REINA PROTEÍNAS CLAVIJO,False
SEGUNDA FEB,ELIMINATORIAS 1/8 Final,SPANISH BASKETBALL ACADEMY,33,D. SIMEUNOVIC,92.031%,54.1968%,True,1,REINA PROTEÍNAS CLAVIJO,False
SEGUNDA FEB,ELIMINATORIAS 1/8 Final,SPANISH BASKETBALL ACADEMY,15,J. SANTANO BARTOLOME,86.8829%,42.4752%,False,1,REINA PROTEÍNAS CLAVIJO,False
SEGUNDA FEB,ELIMINATORIAS 1/8 Final,SPANISH BASKETBALL ACADEMY,7,S. TRAORE,13.6812%,70.5819%,False,1,REINA PROTEÍNAS CLAVIJO,False
SEGUNDA FEB,ELIMINATORIAS 1/8 Final,SPANISH BASKETBALL ACADEMY,21,A. MORENO TRUJILLO,92.8068%,55.2051%,False,1,REINA PROTEÍNAS CLAVIJO,False
SEGUNDA FEB,ELIMINATORIAS 1/8 Final,SPANISH BASKETBALL ACADEMY,33,D. SIMEUNOVIC,7.54584%,52.3062%,False,1,REINA PROTEÍNAS CLAVIJO,False
SEGUNDA FEB,ELIMINATORIAS 1/8 Final,SPANISH BASKETBALL ACADEMY,15,J. SANTANO BARTOLOME,96.3329%,94.1512%,False,1,REINA PROTEÍNAS CLAVIJO,False
SEGUNDA FEB,ELIMINATORIAS 1/8 Final,SPANISH BASKETBALL ACADEMY,21,A. MORENO TRUJILLO,95.6982%,5.29364%,False,1,REINA PROTEÍNAS CLAVIJO,False
SEGUNDA FEB,ELIMINATORIAS 1/8 Final,SPANISH BASKETBALL ACADEMY,6,J. PUIDET,11.0014%,45.3741%,False,1,REINA PROTEÍNAS CLAVIJO,False
SEGUNDA FEB,ELIMINATORIAS 1/8 Final,SPANISH BASKETBALL ACADEMY,77,E. MEDINA ROA,23.4838%,46.8865%,False,1,REINA PROTEÍNAS CLAVIJO,False
SEGUNDA FEB,ELIMINATORIAS 1/8 Final,SPANISH BASKETBALL ACADEMY,10,K. CURFMAN,75.3173%,56.8436%,True,1,REINA PROTEÍNAS CLAVIJO,False
SEGUNDA FEB,ELIMINATORIAS 1/8 Final,SPANISH BASKETBALL ACADEMY,99,R. GARCIA SALAME,7.47532%,43.1054%,False,1,REINA PROTEÍNAS CLAVIJO,False
SEGUNDA FEB,ELIMINATORIAS 1/8 Final,SPANISH BASKETBALL ACADEMY,15,J. SANTANO BARTOLOME,92.5247%,60.6248%,True,1,REINA PROTEÍNAS CLAVIJO,False
SEGUNDA FEB,ELIMINATORIAS 1/8 Final,SPANISH BASKETBALL ACADEMY,10,K. CURFMAN,32.7927%,48.399%,False,1,REINA PROTEÍNAS CLAVIJO,False
SEGUNDA FEB,ELIMINATORIAS 1/8 Final,SPANISH BASKETBALL ACADEMY,99,R. GARCIA SALAME,21.3681%,38.0638%,False,1,REINA PROTEÍNAS CLAVIJO,False
SEGUNDA FEB,ELIMINATORIAS 1/8 Final,SPANISH BASKETBALL ACADEMY,99,R. GARCIA SALAME,71.1566%,80.2869%,False,1,REINA PROTEÍNAS CLAVIJO,False
SEGUNDA FEB,ELIMINATORIAS 1/8 Final,SPANISH BASKETBALL ACADEMY,15,J. SANTANO BARTOLOME,5.99436%,94.7814%,False,1,REINA PROTEÍNAS CLAVIJO,False
SEGUNDA FEB,ELIMINATORIAS 1/8 Final,SPANISH BASKETBALL ACADEMY,99,R. GARCIA SALAME,80.677%,69.1955%,False,1,REINA PROTEÍNAS CLAVIJO,False
SEGUNDA FEB,ELIMINATORIAS 1/8 Final,SPANISH BASKETBALL ACADEMY,21,A. MORENO TRUJILLO,18.8999%,48.0209%,False,1,REINA PROTEÍNAS CLAVIJO,False
SEGUNDA FEB,ELIMINATORIAS 1/8 Final,SPANISH BASKETBALL ACADEMY,6,J. PUIDET,6.48801%,46.7605%,True,1,REINA PROTEÍNAS CLAVIJO,False
SEGUNDA FEB,ELIMINATORIAS 1/8 Final,SPANISH BASKETBALL ACADEMY,77,E. MEDINA ROA,7.12271%,47.3907%,True,1,REINA PROTEÍNAS CLAVIJO,False
SEGUNDA FEB,ELIMINATORIAS 1/8 Final,SPANISH BASKETBALL ACADEMY,21,A. MORENO TRUJILLO,25.2468%,60.2467%,False,1,REINA PROTEÍNAS CLAVIJO,False
SEGUNDA FEB,ELIMINATORIAS 1/8 Final,SPANISH BASKETBALL ACADEMY,21,A. MORENO TRUJILLO,92.3836%,63.1456%,True,1,REINA PROTEÍNAS CLAVIJO,False
SEGUNDA FEB,ELIMINATORIAS 1/8 Final,SPANISH BASKETBALL ACADEMY,15,J. SANTANO BARTOLOME,94.6403%,93.1429%,True,1,REINA PROTEÍNAS CLAVIJO,False
SEGUNDA FEB,ELIMINATORIAS 1/8 Final,SPANISH BASKETBALL ACADEMY,33,D. SIMEUNOVIC,7.75741%,46.2563%,True,1,REINA PROTEÍNAS CLAVIJO,False
SEGUNDA FEB,ELIMINATORIAS 1/8 Final,SPANISH BASKETBALL ACADEMY,99,R. GARCIA SALAME,77.433%,12.2258%,True,1,REINA PROTEÍNAS CLAVIJO,False
SEGUNDA FEB,ELIMINATORIAS 1/8 Final,SPANISH BASKETBALL ACADEMY,21,A. MORENO TRUJILLO,8.32158%,58.7342%,False,1,REINA PROTEÍNAS CLAVIJO,False
SEGUNDA FEB,ELIMINATORIAS 1/8 Final,SPANISH BASKETBALL ACADEMY,33,D. SIMEUNOVIC,92.7363%,72.8506%,True,1,REINA PROTEÍNAS CLAVIJO,False
SEGUNDA FEB,ELIMINATORIAS 1/8 Final,SPANISH BASKETBALL ACADEMY,21,A. MORENO TRUJILLO,5.57123%,94.4033%,False,1,REINA PROTEÍNAS CLAVIJO,False
SEGUNDA FEB,ELIMINATORIAS 1/8 Final,SPANISH BASKETBALL ACADEMY,10,K. CURFMAN,32.5106%,45.8782%,False,1,REINA PROTEÍNAS CLAVIJO,False
SEGUNDA FEB,ELIMINATORIAS 1/8 Final,SPANISH BASKETBALL ACADEMY,21,A. MORENO TRUJILLO,90.268%,50.7937%,False,1,REINA PROTEÍNAS CLAVIJO,False
SEGUNDA FEB,ELIMINATORIAS 1/8 Final,SPANISH BASKETBALL ACADEMY,99,R. GARCIA SALAME,78.2087%,62.2633%,False,1,REINA PROTEÍNAS CLAVIJO,False
SEGUNDA FEB,ELIMINATORIAS 1/8 Final,SPANISH BASKETBALL ACADEMY,10,K. CURFMAN,8.03949%,6.30195%,False,1,REINA PROTEÍNAS CLAVIJO,False
SEGUNDA FEB,ELIMINATORIAS 1/8 Final,SPANISH BASKETBALL ACADEMY,99,R. GARCIA SALAME,33.4979%,48.525%,False,1,REINA PROTEÍNAS CLAVIJO,False
SEGUNDA FEB,ELIMINATORIAS 1/8 Final,SPANISH BASKETBALL ACADEMY,33,D. SIMEUNOVIC,85.6841%,42.6012%,False,1,REINA PROTEÍNAS CLAVIJO,False
SEGUNDA FEB,ELIMINATORIAS 1/8 Final,SPANISH BASKETBALL ACADEMY,77,E. MEDINA ROA,92.8068%,55.2051%,False,1,REINA PROTEÍNAS CLAVIJO,False
SEGUNDA FEB,ELIMINATORIAS 1/8 Final,SPANISH BASKETBALL ACADEMY,99,R. GARCIA SALAME,68.2652%,66.0445%,False,1,REINA PROTEÍNAS CLAVIJO,False
SEGUNDA FEB,ELIMINATORIAS 1/8 Final,SPANISH BASKETBALL ACADEMY,77,E. MEDINA ROA,7.54584%,51.55%,True,1,REINA PROTEÍNAS CLAVIJO,False
SEGUNDA FEB,ELIMINATORIAS 1/8 Final,CACERES PATRIMONIO DE LA HUMANIDAD,1,A. PALAZUELOS PEREZ,30.4654%,15.8809%,False,1,CLASS BASQUET SANT ANTONI,True
SEGUNDA FEB,ELIMINATORIAS 1/8 Final,CACERES PATRIMONIO DE LA HUMANIDAD,24,A. LAFUENTE SISO,70.0987%,85.5805%,False,1,CLASS BASQUET SANT ANTONI,True
SEGUNDA FEB,ELIMINATORIAS 1/8 Final,CACERES PATRIMONIO DE LA HUMANIDAD,40,L. PAUL,19.323%,33.1483%,True,1,CLASS BASQUET SANT ANTONI,True
SEGUNDA FEB,ELIMINATORIAS 1/8 Final,CACERES PATRIMONIO DE LA HUMANIDAD,14,A. MAZAIRA GOMEZ,10.7898%,63.1456%,False,1,CLASS BASQUET SANT ANTONI,True
SEGUNDA FEB,ELIMINATORIAS 1/8 Final,CACERES PATRIMONIO DE LA HUMANIDAD,24,A. LAFUENTE SISO,81.1707%,42.6012%,False,1,CLASS BASQUET SANT ANTONI,True
SEGUNDA FEB,ELIMINATORIAS 1/8 Final,CACERES PATRIMONIO DE LA HUMANIDAD,1,A. PALAZUELOS PEREZ,83.6389%,23.1912%,True,1,CLASS BASQUET SANT ANTONI,True
SEGUNDA FEB,ELIMINATORIAS 1/8 Final,CACERES PATRIMONIO DE LA HUMANIDAD,24,A. LAFUENTE SISO,28.8434%,18.1496%,False,1,CLASS BASQUET SANT ANTONI,True
SEGUNDA FEB,ELIMINATORIAS 1/8 Final,CACERES PATRIMONIO DE LA HUMANIDAD,24,A. LAFUENTE SISO,28.4203%,83.5639%,True,1,CLASS BASQUET SANT ANTONI,True
SEGUNDA FEB,ELIMINATORIAS 1/8 Final,CACERES PATRIMONIO DE LA HUMANIDAD,24,A. LAFUENTE SISO,67.2779%,72.8506%,True,1,CLASS BASQUET SANT ANTONI,True
SEGUNDA FEB,ELIMINATORIAS 1/8 Final,CACERES PATRIMONIO DE LA HUMANIDAD,14,A. MAZAIRA GOMEZ,8.67419%,74.9932%,False,1,CLASS BASQUET SANT ANTONI,True
SEGUNDA FEB,ELIMINATORIAS 1/8 Final,CACERES PATRIMONIO DE LA HUMANIDAD,7,W. LEVEQUE,77.7856%,42.0971%,True,1,CLASS BASQUET SANT ANTONI,True
SEGUNDA FEB,ELIMINATORIAS 1/8 Final,CACERES PATRIMONIO DE LA HUMANIDAD,14,A. MAZAIRA GOMEZ,12.1298%,5.41968%,False,1,CLASS BASQUET SANT ANTONI,True
SEGUNDA FEB,ELIMINATORIAS 1/8 Final,CACERES PATRIMONIO DE LA HUMANIDAD,12,P. CAMPENY LLOVERAS,9.0268%,50.5417%,False,1,CLASS BASQUET SANT ANTONI,True
SEGUNDA FEB,ELIMINATORIAS 1/8 Final,CACERES PATRIMONIO DE LA HUMANIDAD,21,M. STRIKKER,89.2807%,42.9793%,False,1,CLASS BASQUET SANT ANTONI,True
SEGUNDA FEB,ELIMINATORIAS 1/8 Final,CACERES PATRIMONIO DE LA HUMANIDAD,14,A. MAZAIRA GOMEZ,71.6502%,84.0681%,True,1,CLASS BASQUET SANT ANTONI,True
SEGUNDA FEB,ELIMINATORIAS 1/8 Final,CACERES PATRIMONIO DE LA HUMANIDAD,1,A. PALAZUELOS PEREZ,9.37941%,77.262%,False,1,CLASS BASQUET SANT ANTONI,True
SEGUNDA FEB,ELIMINATORIAS 1/8 Final,CACERES PATRIMONIO DE LA HUMANIDAD,24,A. LAFUENTE SISO,92.2426%,64.2799%,True,1,CLASS BASQUET SANT ANTONI,True
SEGUNDA FEB,ELIMINATORIAS 1/8 Final,CACERES PATRIMONIO DE LA HUMANIDAD,40,L. PAUL,87.5176%,42.9793%,False,1,CLASS BASQUET SANT ANTONI,True
SEGUNDA FEB,ELIMINATORIAS 1/8 Final,CACERES PATRIMONIO DE LA HUMANIDAD,40,L. PAUL,12.2708%,42.0971%,False,1,CLASS BASQUET SANT ANTONI,True
SEGUNDA FEB,ELIMINATORIAS 1/8 Final,CACERES PATRIMONIO DE LA HUMANIDAD,14,A. MAZAIRA GOMEZ,10.5078%,35.543%,True,1,CLASS BASQUET SANT ANTONI,True
SEGUNDA FEB,ELIMINATORIAS 1/8 Final,CACERES PATRIMONIO DE LA HUMANIDAD,40,L. PAUL,35.0494%,44.4918%,False,1,CLASS BASQUET SANT ANTONI,True
SEGUNDA FEB,ELIMINATORIAS 1/8 Final,CACERES PATRIMONIO DE LA HUMANIDAD,44,E. KALINICENKO,7.96897%,2.52078%,False,1,CLASS BASQUET SANT ANTONI,True
SEGUNDA FEB,ELIMINATORIAS 1/8 Final,CACERES PATRIMONIO DE LA HUMANIDAD,14,A. MAZAIRA GOMEZ,83.7094%,41.4669%,False,1,CLASS BASQUET SANT ANTONI,True
SEGUNDA FEB,ELIMINATORIAS 1/8 Final,CACERES PATRIMONIO DE LA HUMANIDAD,14,A. MAZAIRA GOMEZ,94.9929%,94.1512%,True,1,CLASS BASQUET SANT ANTONI,True
SEGUNDA FEB,ELIMINATORIAS 1/8 Final,CACERES PATRIMONIO DE LA HUMANIDAD,40,L. PAUL,79.6897%,35.2909%,True,1,CLASS BASQUET SANT ANTONI,True
SEGUNDA FEB,ELIMINATORIAS 1/8 Final,CACERES PATRIMONIO DE LA HUMANIDAD,44,E. KALINICENKO,90.4795%,6.93215%,False,1,CLASS BASQUET SANT ANTONI,True
SEGUNDA FEB,ELIMINATORIAS 1/8 Final,CACERES PATRIMONIO DE LA HUMANIDAD,1,A. PALAZUELOS PEREZ,29.4076%,21.0485%,False,1,CLASS BASQUET SANT ANTONI,True
SEGUNDA FEB,ELIMINATORIAS 1/8 Final,CACERES PATRIMONIO DE LA HUMANIDAD,44,E. KALINICENKO,28.4203%,81.1692%,False,1,CLASS BASQUET SANT ANTONI,True
SEGUNDA FEB,ELIMINATORIAS 1/8 Final,CACERES PATRIMONIO DE LA HUMANIDAD,7,W. LEVEQUE,91.1142%,53.4406%,True,1,CLASS BASQUET SANT ANTONI,True
SEGUNDA FEB,ELIMINATORIAS 1/8 Final,CACERES PATRIMONIO DE LA HUMANIDAD,14,A. MAZAIRA GOMEZ,72.9196%,15.6288%,False,1,CLASS BASQUET SANT ANTONI,True
SEGUNDA FEB,ELIMINATORIAS 1/8 Final,CACERES PATRIMONIO DE LA HUMANIDAD,44,E. KALINICENKO,29.1255%,21.8048%,False,1,CLASS BASQUET SANT ANTONI,True
SEGUNDA FEB,ELIMINATORIAS 1/8 Final,CACERES PATRIMONIO DE LA HUMANIDAD,40,L. PAUL,8.03949%,47.3907%,True,1,CLASS BASQUET SANT ANTONI,True
SEGUNDA FEB,ELIMINATORIAS 1/8 Final,CACERES PATRIMONIO DE LA HUMANIDAD,40,L. PAUL,5.43018%,51.0458%,True,1,CLASS BASQUET SANT ANTONI,True
SEGUNDA FEB,ELIMINATORIAS 1/8 Final,CACERES PATRIMONIO DE LA HUMANIDAD,14,A. MAZAIRA GOMEZ,18.9704%,32.7702%,True,1,CLASS BASQUET SANT ANTONI,True
SEGUNDA FEB,ELIMINATORIAS 1/8 Final,CACERES PATRIMONIO DE LA HUMANIDAD,7,W. LEVEQUE,7.54584%,56.7176%,True,1,CLASS BASQUET SANT ANTONI,True
SEGUNDA FEB,ELIMINATORIAS 1/8 Final,CACERES PATRIMONIO DE LA HUMANIDAD,24,A. LAFUENTE SISO,75.7405%,6.30195%,False,1,CLASS BASQUET SANT ANTONI,True
SEGUNDA FEB,ELIMINATORIAS 1/8 Final,CACERES PATRIMONIO DE LA HUMANIDAD,7,W. LEVEQUE,66.7137%,73.2287%,True,1,CLASS BASQUET SANT ANTONI,True
SEGUNDA FEB,ELIMINATORIAS 1/8 Final,CACERES PATRIMONIO DE LA HUMANIDAD,21,M. STRIKKER,88.0818%,41.845%,False,1,CLASS BASQUET SANT ANTONI,True
SEGUNDA FEB,ELIMINATORIAS 1/8 Final,CACERES PATRIMONIO DE LA HUMANIDAD,24,A. LAFUENTE SISO,79.055%,50.5417%,False,1,CLASS BASQUET SANT ANTONI,True
SEGUNDA FEB,ELIMINATORIAS 1/8 Final,CACERES PATRIMONIO DE LA HUMANIDAD,7,W. LEVEQUE,17.9126%,50.7937%,False,1,CLASS BASQUET SANT ANTONI,True
SEGUNDA FEB,ELIMINATORIAS 1/8 Final,CACERES PATRIMONIO DE LA HUMANIDAD,21,M. STRIKKER,81.3117%,40.4585%,True,1,CLASS BASQUET SANT ANTONI,True
SEGUNDA FEB,ELIMINATORIAS 1/8 Final,CACERES PATRIMONIO DE LA HUMANIDAD,7,W. LEVEQUE,10.5078%,45.3741%,True,1,CLASS BASQUET SANT ANTONI,True
SEGUNDA FEB,ELIMINATORIAS 1/8 Final,CACERES PATRIMONIO DE LA HUMANIDAD,21,M. STRIKKER,9.09732%,62.7675%,True,1,CLASS BASQUET SANT ANTONI,True
SEGUNDA FEB,ELIMINATORIAS 1/8 Final,CACERES PATRIMONIO DE LA HUMANIDAD,12,P. CAMPENY LLOVERAS,30.6065%,23.5693%,True,1,CLASS BASQUET SANT ANTONI,True
SEGUNDA FEB,ELIMINATORIAS 1/8 Final,CACERES PATRIMONIO DE LA HUMANIDAD,1,A. PALAZUELOS PEREZ,88.0818%,41.845%,False,1,CLASS BASQUET SANT ANTONI,True
SEGUNDA FEB,ELIMINATORIAS 1/8 Final,CACERES PATRIMONIO DE LA HUMANIDAD,21,M. STRIKKER,85.1904%,42.4752%,True,1,CLASS BASQUET SANT ANTONI,True
SEGUNDA FEB,ELIMINATORIAS 1/8 Final,CACERES PATRIMONIO DE LA HUMANIDAD,0,P. MENDES LIMA,7.89845%,60.8769%,True,1,CLASS BASQUET SANT ANTONI,True
SEGUNDA FEB,ELIMINATORIAS 1/8 Final,CACERES PATRIMONIO DE LA HUMANIDAD,7,W. LEVEQUE,79.6192%,34.1566%,True,1,CLASS BASQUET SANT ANTONI,True
SEGUNDA FEB,ELIMINATORIAS 1/8 Final,CACERES PATRIMONIO DE LA HUMANIDAD,7,W. LEVEQUE,34.2031%,52.8104%,False,1,CLASS BASQUET SANT ANTONI,True
SEGUNDA FEB,ELIMINATORIAS 1/8 Final,CACERES PATRIMONIO DE LA HUMANIDAD,40,L. PAUL,10.5078%,35.543%,False,1,CLASS BASQUET SANT ANTONI,True
SEGUNDA FEB,ELIMINATORIAS 1/8 Final,CACERES PATRIMONIO DE LA HUMANIDAD,21,M. STRIKKER,29.2666%,20.4183%,False,1,CLASS BASQUET SANT ANTONI,True
SEGUNDA FEB,ELIMINATORIAS 1/8 Final,CACERES PATRIMONIO DE LA HUMANIDAD,14,A. MAZAIRA GOMEZ,91.2553%,24.8297%,True,1,CLASS BASQUET SANT ANTONI,True
SEGUNDA FEB,ELIMINATORIAS 1/8 Final,CACERES PATRIMONIO DE LA HUMANIDAD,7,W. LEVEQUE,8.46262%,54.4489%,False,1,CLASS BASQUET SANT ANTONI,True
SEGUNDA FEB,ELIMINATORIAS 1/8 Final,CACERES PATRIMONIO DE LA HUMANIDAD,1,A. PALAZUELOS PEREZ,90.4795%,32.7702%,False,1,CLASS BASQUET SANT ANTONI,True
SEGUNDA FEB,ELIMINATORIAS 1/8 Final,CACERES PATRIMONIO DE LA HUMANIDAD,7,W. LEVEQUE,10.7898%,63.1456%,True,1,CLASS BASQUET SANT ANTONI,True
SEGUNDA FEB,ELIMINATORIAS 1/8 Final,CACERES PATRIMONIO DE LA HUMANIDAD,14,A. MAZAIRA GOMEZ,63.5402%,65.2882%,False,1,CLASS BASQUET SANT ANTONI,True
SEGUNDA FEB,ELIMINATORIAS 1/8 Final,CACERES PATRIMONIO DE LA HUMANIDAD,24,A. LAFUENTE SISO,17.3484%,35.9211%,False,1,CLASS BASQUET SANT ANTONI,True
SEGUNDA FEB,ELIMINATORIAS 1/8 Final,CACERES PATRIMONIO DE LA HUMANIDAD,14,A. MAZAIRA GOMEZ,7.19323%,93.8991%,False,1,CLASS BASQUET SANT ANTONI,True
SEGUNDA FEB,ELIMINATORIAS 1/8 Final,CACERES PATRIMONIO DE LA HUMANIDAD,24,A. LAFUENTE SISO,66.8547%,73.4808%,False,1,CLASS BASQUET SANT ANTONI,True
SEGUNDA FEB,ELIMINATORIAS 1/8 Final,CACERES PATRIMONIO DE LA HUMANIDAD,21,M. STRIKKER,87.3766%,55.9613%,False,1,CLASS BASQUET SANT ANTONI,True
SEGUNDA FEB,ELIMINATORIAS 1/8 Final,CACERES PATRIMONIO DE LA HUMANIDAD,24,A. LAFUENTE SISO,69.6051%,77.262%,False,1,CLASS BASQUET SANT ANTONI,True
SEGUNDA FEB,ELIMINATORIAS 1/8 Final,CLASS BASQUET SANT ANTONI,5,K. JOHNSON,69.1114%,77.6401%,False,1,CACERES PATRIMONIO DE LA HUMANIDAD,False
SEGUNDA FEB,ELIMINATORIAS 1/8 Final,CLASS BASQUET SANT ANTONI,4,G. BLAT BAEZA,5.71227%,60.7508%,True,1,CACERES PATRIMONIO DE LA HUMANIDAD,False
SEGUNDA FEB,ELIMINATORIAS 1/8 Final,CLASS BASQUET SANT ANTONI,5,K. JOHNSON,19.2525%,33.5264%,True,1,CACERES PATRIMONIO DE LA HUMANIDAD,False
SEGUNDA FEB,ELIMINATORIAS 1/8 Final,CLASS BASQUET SANT ANTONI,5,K. JOHNSON,70.5924%,82.0514%,False,1,CACERES PATRIMONIO DE LA HUMANIDAD,False
SEGUNDA FEB,ELIMINATORIAS 1/8 Final,CLASS BASQUET SANT ANTONI,2,G. GANTT,71.2271%,18.7798%,False,1,CACERES PATRIMONIO DE LA HUMANIDAD,False
SEGUNDA FEB,ELIMINATORIAS 1/8 Final,CLASS BASQUET SANT ANTONI,17,E. STOILOV,14.0339%,51.2979%,False,1,CACERES PATRIMONIO DE LA HUMANIDAD,False
SEGUNDA FEB,ELIMINATORIAS 1/8 Final,CLASS BASQUET SANT ANTONI,2,G. GANTT,71.5092%,82.1775%,False,1,CACERES PATRIMONIO DE LA HUMANIDAD,False
SEGUNDA FEB,ELIMINATORIAS 1/8 Final,CLASS BASQUET SANT ANTONI,14,R. GOMEZ BARRAL,27.0804%,86.2107%,False,1,CACERES PATRIMONIO DE LA HUMANIDAD,False
SEGUNDA FEB,ELIMINATORIAS 1/8 Final,CLASS BASQUET SANT ANTONI,2,G. GANTT,33.4979%,73.1027%,True,1,CACERES PATRIMONIO DE LA HUMANIDAD,False
SEGUNDA FEB,ELIMINATORIAS 1/8 Final,CLASS BASQUET SANT ANTONI,14,R. GOMEZ BARRAL,90.3385%,48.7771%,True,1,CACERES PATRIMONIO DE LA HUMANIDAD,False
SEGUNDA FEB,ELIMINATORIAS 1/8 Final,CLASS BASQUET SANT ANTONI,32,J. SOLARIN,28.7729%,80.539%,True,1,CACERES PATRIMONIO DE LA HUMANIDAD,False
SEGUNDA FEB,ELIMINATORIAS 1/8 Final,CLASS BASQUET SANT ANTONI,10,D. DE LA RUA DE AGUSTIN,87.165%,42.3491%,True,1,CACERES PATRIMONIO DE LA HUMANIDAD,False
SEGUNDA FEB,ELIMINATORIAS 1/8 Final,CLASS BASQUET SANT ANTONI,2,G. GANTT,18.1946%,4.28533%,False,1,CACERES PATRIMONIO DE LA HUMANIDAD,False
SEGUNDA FEB,ELIMINATORIAS 1/8 Final,CLASS BASQUET SANT ANTONI,10,D. DE LA RUA DE AGUSTIN,64.8096%,46.7605%,False,1,CACERES PATRIMONIO DE LA HUMANIDAD,False
SEGUNDA FEB,ELIMINATORIAS 1/8 Final,CLASS BASQUET SANT ANTONI,5,K. JOHNSON,77.7151%,41.0887%,False,1,CACERES PATRIMONIO DE LA HUMANIDAD,False
SEGUNDA FEB,ELIMINATORIAS 1/8 Final,CLASS BASQUET SANT ANTONI,5,K. JOHNSON,74.4711%,70.3298%,False,1,CACERES PATRIMONIO DE LA HUMANIDAD,False
SEGUNDA FEB,ELIMINATORIAS 1/8 Final,CLASS BASQUET SANT ANTONI,17,E. STOILOV,87.0945%,39.9544%,False,1,CACERES PATRIMONIO DE LA HUMANIDAD,False
SEGUNDA FEB,ELIMINATORIAS 1/8 Final,CLASS BASQUET SANT ANTONI,4,G. BLAT BAEZA,8.25106%,60.3727%,False,1,CACERES PATRIMONIO DE LA HUMANIDAD,False
SEGUNDA FEB,ELIMINATORIAS 1/8 Final,CLASS BASQUET SANT ANTONI,5,K. JOHNSON,7.33427%,45.5001%,False,1,CACERES PATRIMONIO DE LA HUMANIDAD,False
SEGUNDA FEB,ELIMINATORIAS 1/8 Final,CLASS BASQUET SANT ANTONI,10,D. DE LA RUA DE AGUSTIN,23.4133%,9.95709%,False,1,CACERES PATRIMONIO DE LA HUMANIDAD,False
SEGUNDA FEB,ELIMINATORIAS 1/8 Final,CLASS BASQUET SANT ANTONI,10,D. DE LA RUA DE AGUSTIN,17.4894%,63.5237%,False,1,CACERES PATRIMONIO DE LA HUMANIDAD,False
SEGUNDA FEB,ELIMINATORIAS 1/8 Final,CLASS BASQUET SANT ANTONI,32,J. SOLARIN,89.2807%,40.9627%,False,1,CACERES PATRIMONIO DE LA HUMANIDAD,False
SEGUNDA FEB,ELIMINATORIAS 1/8 Final,CLASS BASQUET SANT ANTONI,14,R. GOMEZ BARRAL,88.5755%,77.7661%,False,1,CACERES PATRIMONIO DE LA HUMANIDAD,False
SEGUNDA FEB,ELIMINATORIAS 1/8 Final,CLASS BASQUET SANT ANTONI,10,D. DE LA RUA DE AGUSTIN,9.16784%,61.8852%,True,1,CACERES PATRIMONIO DE LA HUMANIDAD,False
SEGUNDA FEB,ELIMINATORIAS 1/8 Final,CLASS BASQUET SANT ANTONI,32,J. SOLARIN,71.7913%,15.6288%,True,1,CACERES PATRIMONIO DE LA HUMANIDAD,False
SEGUNDA FEB,ELIMINATORIAS 1/8 Final,CLASS BASQUET SANT ANTONI,14,R. GOMEZ BARRAL,5.35966%,97.0501%,False,1,CACERES PATRIMONIO DE LA HUMANIDAD,False
SEGUNDA FEB,ELIMINATORIAS 1/8 Final,CLASS BASQUET SANT ANTONI,5,K. JOHNSON,21.4386%,32.392%,False,1,CACERES PATRIMONIO DE LA HUMANIDAD,False
SEGUNDA FEB,ELIMINATORIAS 1/8 Final,CLASS BASQUET SANT ANTONI,4,G. BLAT BAEZA,64.2454%,59.1123%,True,1,CACERES PATRIMONIO DE LA HUMANIDAD,False
SEGUNDA FEB,ELIMINATORIAS 1/8 Final,CLASS BASQUET SANT ANTONI,10,D. DE LA RUA DE AGUSTIN,14.8801%,68.1871%,False,1,CACERES PATRIMONIO DE LA HUMANIDAD,False
SEGUNDA FEB,ELIMINATORIAS 1/8 Final,CLASS BASQUET SANT ANTONI,32,J. SOLARIN,90.4795%,43.6095%,False,1,CACERES PATRIMONIO DE LA HUMANIDAD,False
SEGUNDA FEB,ELIMINATORIAS 1/8 Final,CLASS BASQUET SANT ANTONI,20,N. ZIZIC,35.6841%,41.4669%,False,1,CACERES PATRIMONIO DE LA HUMANIDAD,False
SEGUNDA FEB,ELIMINATORIAS 1/8 Final,CLASS BASQUET SANT ANTONI,5,K. JOHNSON,94.9929%,53.3145%,True,1,CACERES PATRIMONIO DE LA HUMANIDAD,False
SEGUNDA FEB,ELIMINATORIAS 1/8 Final,CLASS BASQUET SANT ANTONI,5,K. JOHNSON,9.0268%,38.9461%,False,1,CACERES PATRIMONIO DE LA HUMANIDAD,False
SEGUNDA FEB,ELIMINATORIAS 1/8 Final,CLASS BASQUET SANT ANTONI,4,G. BLAT BAEZA,10.1551%,39.4502%,True,1,CACERES PATRIMONIO DE LA HUMANIDAD,False
SEGUNDA FEB,ELIMINATORIAS 1/8 Final,CLASS BASQUET SANT ANTONI,17,E. STOILOV,14.7391%,49.7854%,False,1,CACERES PATRIMONIO DE LA HUMANIDAD,False
SEGUNDA FEB,ELIMINATORIAS 1/8 Final,CLASS BASQUET SANT ANTONI,2,G. GANTT,73.1312%,84.3201%,True,1,CACERES PATRIMONIO DE LA HUMANIDAD,False
SEGUNDA FEB,ELIMINATORIAS 1/8 Final,CLASS BASQUET SANT ANTONI,4,G. BLAT BAEZA,90.268%,61.7591%,False,1,CACERES PATRIMONIO DE LA HUMANIDAD,False
SEGUNDA FEB,ELIMINATORIAS 1/8 Final,CLASS BASQUET SANT ANTONI,4,G. BLAT BAEZA,10.0846%,34.6607%,False,1,CACERES PATRIMONIO DE LA HUMANIDAD,False
SEGUNDA FEB,ELIMINATORIAS 1/8 Final,CLASS BASQUET SANT ANTONI,2,G. GANTT,19.1819%,27.7286%,True,1,CACERES PATRIMONIO DE LA HUMANIDAD,False
SEGUNDA FEB,ELIMINATORIAS 1/8 Final,CLASS BASQUET SANT ANTONI,5,K. JOHNSON,9.37941%,42.8533%,True,1,CACERES PATRIMONIO DE LA HUMANIDAD,False
SEGUNDA FEB,ELIMINATORIAS 1/8 Final,CLASS BASQUET SANT ANTONI,7,L. TVRDIC,87.5176%,40.0804%,False,1,CACERES PATRIMONIO DE LA HUMANIDAD,False
SEGUNDA FEB,ELIMINATORIAS 1/8 Final,CLASS BASQUET SANT ANTONI,4,G. BLAT BAEZA,18.9704%,93.2689%,True,1,CACERES PATRIMONIO DE LA HUMANIDAD,False
SEGUNDA FEB,ELIMINATORIAS 1/8 Final,CLASS BASQUET SANT ANTONI,10,D. DE LA RUA DE AGUSTIN,6.48801%,59.9946%,False,1,CACERES PATRIMONIO DE LA HUMANIDAD,False
SEGUNDA FEB,ELIMINATORIAS 1/8 Final,CLASS BASQUET SANT ANTONI,5,K. JOHNSON,83.921%,45.5001%,True,1,CACERES PATRIMONIO DE LA HUMANIDAD,False
SEGUNDA FEB,ELIMINATORIAS 1/8 Final,CLASS BASQUET SANT ANTONI,17,E. STOILOV,7.33427%,45.5001%,False,1,CACERES PATRIMONIO DE LA HUMANIDAD,False
SEGUNDA FEB,ELIMINATORIAS 1/8 Final,CLASS BASQUET SANT ANTONI,4,G. BLAT BAEZA,35.6841%,41.4669%,False,1,CACERES PATRIMONIO DE LA HUMANIDAD,False
SEGUNDA FEB,ELIMINATORIAS 1/8 Final,CLASS BASQUET SANT ANTONI,19,S. PAZ VAZQUEZ,77.7856%,6.80611%,False,1,CACERES PATRIMONIO DE LA HUMANIDAD,False
SEGUNDA FEB,ELIMINATORIAS 1/8 Final,CLASS BASQUET SANT ANTONI,32,J. SOLARIN,88.0818%,48.525%,True,1,CACERES PATRIMONIO DE LA HUMANIDAD,False
SEGUNDA FEB,ELIMINATORIAS 1/8 Final,CLASS BASQUET SANT ANTONI,4,G. BLAT BAEZA,65.7264%,67.0528%,True,1,CACERES PATRIMONIO DE LA HUMANIDAD,False
SEGUNDA FEB,ELIMINATORIAS 1/8 Final,CLASS BASQUET SANT ANTONI,10,D. DE LA RUA DE AGUSTIN,90.4795%,41.4669%,False,1,CACERES PATRIMONIO DE LA HUMANIDAD,False
SEGUNDA FEB,ELIMINATORIAS 1/8 Final,CLASS BASQUET SANT ANTONI,5,K. JOHNSON,7.47532%,46.1303%,True,1,CACERES PATRIMONIO DE LA HUMANIDAD,False
SEGUNDA FEB,ELIMINATORIAS 1/8 Final,CLASS BASQUET SANT ANTONI,17,E. STOILOV,85.9662%,58.3561%,True,1,CACERES PATRIMONIO DE LA HUMANIDAD,False
SEGUNDA FEB,ELIMINATORIAS 1/8 Final,CLASS BASQUET SANT ANTONI,5,K. JOHNSON,72.0733%,78.6484%,True,1,CACERES PATRIMONIO DE LA HUMANIDAD,False
SEGUNDA FEB,ELIMINATORIAS 1/8 Final,CLASS BASQUET SANT ANTONI,14,R. GOMEZ BARRAL,25.3879%,86.8409%,True,1,CACERES PATRIMONIO DE LA HUMANIDAD,False
SEGUNDA FEB,ELIMINATORIAS 1/8 Final,CLASS BASQUET SANT ANTONI,7,L. TVRDIC,65.2327%,38.4419%,False,1,CACERES PATRIMONIO DE LA HUMANIDAD,False
SEGUNDA FEB,ELIMINATORIAS 1/8 Final,CLASS BASQUET SANT ANTONI,10,D. DE LA RUA DE AGUSTIN,69.8166%,17.2674%,True,1,CACERES PATRIMONIO DE LA HUMANIDAD,False
SEGUNDA FEB,ELIMINATORIAS 1/8 Final,CLASS BASQUET SANT ANTONI,5,K. JOHNSON,76.0226%,8.57066%,False,1,CACERES PATRIMONIO DE LA HUMANIDAD,False
SEGUNDA FEB,ELIMINATORIAS 1/8 Final,CLASS BASQUET SANT ANTONI,5,K. JOHNSON,69.464%,77.7661%,True,1,CACERES PATRIMONIO DE LA HUMANIDAD,False
SEGUNDA FEB,ELIMINATORIAS 1/8 Final,CLASS BASQUET SANT ANTONI,7,L. TVRDIC,88.5755%,77.7661%,True,1,CACERES PATRIMONIO DE LA HUMANIDAD,False
SEGUNDA FEB,ELIMINATORIAS 1/8 Final,CLASS BASQUET SANT ANTONI,10,D. DE LA RUA DE AGUSTIN,67.0663%,62.7675%,True,1,CACERES PATRIMONIO DE LA HUMANIDAD,False
SEGUNDA FEB,ELIMINATORIAS 1/8 Final,CLASS BASQUET SANT ANTONI,19,S. PAZ VAZQUEZ,6.84062%,4.28533%,False,1,CACERES PATRIMONIO DE LA HUMANIDAD,False
SEGUNDA FEB,ELIMINATORIAS 1/8 Final,CLASS BASQUET SANT ANTONI,2,G. GANTT,94.2877%,95.4116%,True,1,CACERES PATRIMONIO DE LA HUMANIDAD,False
SEGUNDA FEB,ELIMINATORIAS 1/8 Final,CLASS BASQUET SANT ANTONI,32,J. SOLARIN,29.4076%,17.0153%,True,1,CACERES PATRIMONIO DE LA HUMANIDAD,False
SEGUNDA FEB,ELIMINATORIAS 1/8 Final,CLASS BASQUET SANT ANTONI,19,S. PAZ VAZQUEZ,30.536%,13.9903%,False,1,CACERES PATRIMONIO DE LA HUMANIDAD,False
SEGUNDA FEB,ELIMINATORIAS 1/8 Final,CLASS BASQUET SANT ANTONI,10,D. DE LA RUA DE AGUSTIN,11.213%,42.3491%,False,1,CACERES PATRIMONIO DE LA HUMANIDAD,False
SEGUNDA FEB,ELIMINATORIAS 1/8 Final,CLASS BASQUET SANT ANTONI,14,R. GOMEZ BARRAL,9.37941%,42.8533%,False,1,CACERES PATRIMONIO DE LA HUMANIDAD,False
SEGUNDA FEB,ELIMINATORIAS 1/8 Final,CLASS BASQUET SANT ANTONI,5,K. JOHNSON,92.2426%,46.8865%,True,1,CACERES PATRIMONIO DE LA HUMANIDAD,False
SEGUNDA FEB,ELIMINATORIAS 1/8 Final,CLASS BASQUET SANT ANTONI,2,G. GANTT,73.5543%,86.5888%,True,1,CACERES PATRIMONIO DE LA HUMANIDAD,False
SEGUNDA FEB,ELIMINATORIAS 1/8 Final,CLASS BASQUET SANT ANTONI,2,G. GANTT,13.3992%,2.2687%,False,1,CACERES PATRIMONIO DE LA HUMANIDAD,False
SEGUNDA FEB,ELIMINATORIAS 1/8 Final,C.B. ZARAGOZA,22,J. ZHAO OLMOS,6.91114%,42.7272%,True,1,INSOLAC CAJA 87,True
SEGUNDA FEB,ELIMINATORIAS 1/8 Final,C.B. ZARAGOZA,0,D. MUÑOZ SAMATAN,7.68688%,56.3395%,True,1,INSOLAC CAJA 87,True
SEGUNDA FEB,ELIMINATORIAS 1/8 Final,C.B. ZARAGOZA,12,E. GATELL SANZ,82.7927%,72.5985%,False,1,INSOLAC CAJA 87,True
SEGUNDA FEB,ELIMINATORIAS 1/8 Final,C.B. ZARAGOZA,17,Y. KOLO,89.9859%,41.3408%,True,1,INSOLAC CAJA 87,True
SEGUNDA FEB,ELIMINATORIAS 1/8 Final,C.B. ZARAGOZA,17,Y. KOLO,8.67419%,51.0458%,True,1,INSOLAC CAJA 87,True
SEGUNDA FEB,ELIMINATORIAS 1/8 Final,C.B. ZARAGOZA,22,J. ZHAO OLMOS,76.5867%,10.7133%,False,1,INSOLAC CAJA 87,True
SEGUNDA FEB,ELIMINATORIAS 1/8 Final,C.B. ZARAGOZA,7,O. ALVARADO RODRIGUEZ,26.0226%,13.4862%,False,1,INSOLAC CAJA 87,True
SEGUNDA FEB,ELIMINATORIAS 1/8 Final,C.B. ZARAGOZA,0,D. MUÑOZ SAMATAN,92.8068%,35.417%,True,1,INSOLAC CAJA 87,True
SEGUNDA FEB,ELIMINATORIAS 1/8 Final,C.B. ZARAGOZA,55,A. ARAGONES NAVAIS,91.1142%,59.2384%,False,1,INSOLAC CAJA 87,True
SEGUNDA FEB,ELIMINATORIAS 1/8 Final,C.B. ZARAGOZA,0,D. MUÑOZ SAMATAN,91.4669%,37.9378%,False,1,INSOLAC CAJA 87,True
SEGUNDA FEB,ELIMINATORIAS 1/8 Final,C.B. ZARAGOZA,24,G. COLOM BARRUFET,11.213%,42.8533%,False,1,INSOLAC CAJA 87,True
SEGUNDA FEB,ELIMINATORIAS 1/8 Final,C.B. ZARAGOZA,17,Y. KOLO,7.05219%,60.1206%,True,1,INSOLAC CAJA 87,True
SEGUNDA FEB,ELIMINATORIAS 1/8 Final,C.B. ZARAGOZA,17,Y. KOLO,7.75741%,43.1054%,True,1,INSOLAC CAJA 87,True
SEGUNDA FEB,ELIMINATORIAS 1/8 Final,C.B. ZARAGOZA,15,J. JIMÉNEZ JIMÉNEZ,12.2003%,57.7259%,False,1,INSOLAC CAJA 87,True
SEGUNDA FEB,ELIMINATORIAS 1/8 Final,C.B. ZARAGOZA,24,G. COLOM BARRUFET,23.1312%,90.4961%,False,1,INSOLAC CAJA 87,True
SEGUNDA FEB,ELIMINATORIAS 1/8 Final,C.B. ZARAGOZA,15,J. JIMÉNEZ JIMÉNEZ,93.4415%,34.2826%,True,1,INSOLAC CAJA 87,True
SEGUNDA FEB,ELIMINATORIAS 1/8 Final,C.B. ZARAGOZA,5,D. ARJOL LOPEZ,69.6051%,27.9807%,False,1,INSOLAC CAJA 87,True
SEGUNDA FEB,ELIMINATORIAS 1/8 Final,C.B. ZARAGOZA,55,A. ARAGONES NAVAIS,6.98166%,43.6095%,True,1,INSOLAC CAJA 87,True
SEGUNDA FEB,ELIMINATORIAS 1/8 Final,C.B. ZARAGOZA,7,O. ALVARADO RODRIGUEZ,26.2341%,10.4612%,False,1,INSOLAC CAJA 87,True
SEGUNDA FEB,ELIMINATORIAS 1/8 Final,C.B. ZARAGOZA,7,O. ALVARADO RODRIGUEZ,72.708%,83.4379%,False,1,INSOLAC CAJA 87,True
SEGUNDA FEB,ELIMINATORIAS 1/8 Final,C.B. ZARAGOZA,5,D. ARJOL LOPEZ,89.4217%,49.9115%,False,1,INSOLAC CAJA 87,True
SEGUNDA FEB,ELIMINATORIAS 1/8 Final,C.B. ZARAGOZA,17,Y. KOLO,73.4838%,84.1941%,False,1,INSOLAC CAJA 87,True
SEGUNDA FEB,ELIMINATORIAS 1/8 Final,C.B. ZARAGOZA,13,P. ASO JIMENEZ,93.2299%,93.0168%,False,1,INSOLAC CAJA 87,True
SEGUNDA FEB,ELIMINATORIAS 1/8 Final,C.B. ZARAGOZA,55,A. ARAGONES NAVAIS,94.1467%,60.7508%,False,1,INSOLAC CAJA 87,True
SEGUNDA FEB,ELIMINATORIAS 1/8 Final,C.B. ZARAGOZA,5,D. ARJOL LOPEZ,12.2003%,48.6511%,False,1,INSOLAC CAJA 87,True
SEGUNDA FEB,ELIMINATORIAS 1/8 Final,C.B. ZARAGOZA,15,J. JIMÉNEZ JIMÉNEZ,9.16784%,36.2993%,False,1,INSOLAC CAJA 87,True
SEGUNDA FEB,ELIMINATORIAS 1/8 Final,C.B. ZARAGOZA,22,J. ZHAO OLMOS,13.1876%,33.5264%,False,1,INSOLAC CAJA 87,True
SEGUNDA FEB,ELIMINATORIAS 1/8 Final,C.B. ZARAGOZA,24,G. COLOM BARRUFET,90.3385%,92.1346%,False,1,INSOLAC CAJA 87,True
SEGUNDA FEB,ELIMINATORIAS 1/8 Final,C.B. ZARAGOZA,12,E. GATELL SANZ,59.1678%,14.1164%,False,1,INSOLAC CAJA 87,True
SEGUNDA FEB,ELIMINATORIAS 1/8 Final,C.B. ZARAGOZA,5,D. ARJOL LOPEZ,6.1354%,46.6345%,True,1,INSOLAC CAJA 87,True
SEGUNDA FEB,ELIMINATORIAS 1/8 Final,C.B. ZARAGOZA,55,A. ARAGONES NAVAIS,8.46262%,58.104%,False,1,INSOLAC CAJA 87,True
SEGUNDA FEB,ELIMINATORIAS 1/8 Final,C.B. ZARAGOZA,55,A. ARAGONES NAVAIS,73.7659%,82.3035%,False,1,INSOLAC CAJA 87,True
SEGUNDA FEB,ELIMINATORIAS 1/8 Final,C.B. ZARAGOZA,24,G. COLOM BARRUFET,33.2158%,65.1622%,False,1,INSOLAC CAJA 87,True
SEGUNDA FEB,ELIMINATORIAS 1/8 Final,C.B. ZARAGOZA,7,O. ALVARADO RODRIGUEZ,25.5994%,12.0998%,True,1,INSOLAC CAJA 87,True
SEGUNDA FEB,ELIMINATORIAS 1/8 Final,C.B. ZARAGOZA,15,J. JIMÉNEZ JIMÉNEZ,23.9774%,12.3518%,False,1,INSOLAC CAJA 87,True
SEGUNDA FEB,ELIMINATORIAS 1/8 Final,C.B. ZARAGOZA,0,D. MUÑOZ SAMATAN,92.8068%,61.5071%,True,1,INSOLAC CAJA 87,True
SEGUNDA FEB,ELIMINATORIAS 1/8 Final,C.B. ZARAGOZA,15,J. JIMÉNEZ JIMÉNEZ,93.4415%,40.4585%,True,1,INSOLAC CAJA 87,True
SEGUNDA FEB,ELIMINATORIAS 1/8 Final,C.B. ZARAGOZA,22,J. ZHAO OLMOS,81.5938%,92.5127%,False,1,INSOLAC CAJA 87,True
SEGUNDA FEB,ELIMINATORIAS 1/8 Final,C.B. ZARAGOZA,22,J. ZHAO OLMOS,11.7066%,70.5819%,False,1,INSOLAC CAJA 87,True
SEGUNDA FEB,ELIMINATORIAS 1/8 Final,C.B. ZARAGOZA,5,D. ARJOL LOPEZ,10.2962%,29.7452%,False,1,INSOLAC CAJA 87,True
SEGUNDA FEB,ELIMINATORIAS 1/8 Final,C.B. ZARAGOZA,17,Y. KOLO,29.2666%,75.3714%,False,1,INSOLAC CAJA 87,True
SEGUNDA FEB,ELIMINATORIAS 1/8 Final,C.B. ZARAGOZA,55,A. ARAGONES NAVAIS,93.0183%,64.9101%,False,1,INSOLAC CAJA 87,True
SEGUNDA FEB,ELIMINATORIAS 1/8 Final,C.B. ZARAGOZA,22,J. ZHAO OLMOS,27.292%,16.133%,False,1,INSOLAC CAJA 87,True
SEGUNDA FEB,ELIMINATORIAS 1/8 Final,C.B. ZARAGOZA,15,J. JIMÉNEZ JIMÉNEZ,78.9845%,90.6221%,True,1,INSOLAC CAJA 87,True
SEGUNDA FEB,ELIMINATORIAS 1/8 Final,C.B. ZARAGOZA,5,D. ARJOL LOPEZ,95.8392%,49.6594%,True,1,INSOLAC CAJA 87,True
SEGUNDA FEB,ELIMINATORIAS 1/8 Final,C.B. ZARAGOZA,0,D. MUÑOZ SAMATAN,92.6657%,40.8367%,True,1,INSOLAC CAJA 87,True
SEGUNDA FEB,ELIMINATORIAS 1/8 Final,C.B. ZARAGOZA,15,J. JIMÉNEZ JIMÉNEZ,8.88575%,57.978%,False,1,INSOLAC CAJA 87,True
SEGUNDA FEB,ELIMINATORIAS 1/8 Final,C.B. ZARAGOZA,7,O. ALVARADO RODRIGUEZ,73.9069%,82.5556%,True,1,INSOLAC CAJA 87,True
SEGUNDA FEB,ELIMINATORIAS 1/8 Final,C.B. ZARAGOZA,24,G. COLOM BARRUFET,14.6685%,5.54572%,False,1,INSOLAC CAJA 87,True
SEGUNDA FEB,ELIMINATORIAS 1/8 Final,C.B. ZARAGOZA,24,G. COLOM BARRUFET,17.6305%,75.7495%,False,1,INSOLAC CAJA 87,True
SEGUNDA FEB,ELIMINATORIAS 1/8 Final,C.B. ZARAGOZA,55,A. ARAGONES NAVAIS,7.96897%,57.8519%,True,1,INSOLAC CAJA 87,True
SEGUNDA FEB,ELIMINATORIAS 1/8 Final,C.B. ZARAGOZA,15,J. JIMÉNEZ JIMÉNEZ,67.3484%,70.3298%,False,1,INSOLAC CAJA 87,True
SEGUNDA FEB,ELIMINATORIAS 1/8 Final,C.B. ZARAGOZA,17,Y. KOLO,9.37941%,52.1802%,True,1,INSOLAC CAJA 87,True
SEGUNDA FEB,ELIMINATORIAS 1/8 Final,C.B. ZARAGOZA,55,A. ARAGONES NAVAIS,8.3921%,60.4988%,False,1,INSOLAC CAJA 87,True
SEGUNDA FEB,ELIMINATORIAS 1/8 Final,C.B. ZARAGOZA,55,A. ARAGONES NAVAIS,76.5867%,89.2357%,False,1,INSOLAC CAJA 87,True
SEGUNDA FEB,ELIMINATORIAS 1/8 Final,C.B. ZARAGOZA,12,E. GATELL SANZ,12.5529%,71.7162%,True,1,INSOLAC CAJA 87,True
SEGUNDA FEB,ELIMINATORIAS 1/8 Final,C.B. ZARAGOZA,22,J. ZHAO OLMOS,26.4457%,83.816%,True,1,INSOLAC CAJA 87,True
SEGUNDA FEB,ELIMINATORIAS 1/8 Final,C.B. ZARAGOZA,22,J. ZHAO OLMOS,91.6079%,58.9863%,False,1,INSOLAC CAJA 87,True
SEGUNDA FEB,ELIMINATORIAS 1/8 Final,C.B. ZARAGOZA,15,J. JIMÉNEZ JIMÉNEZ,72.2849%,16.259%,False,1,INSOLAC CAJA 87,True
SEGUNDA FEB,ELIMINATORIAS 1/8 Final,C.B. ZARAGOZA,17,Y. KOLO,29.5487%,22.1829%,True,1,INSOLAC CAJA 87,True
SEGUNDA FEB,ELIMINATORIAS 1/8 Final,C.B. ZARAGOZA,24,G. COLOM BARRUFET,16.5726%,22.8131%,False,1,INSOLAC CAJA 87,True
SEGUNDA FEB,ELIMINATORIAS 1/8 Final,C.B. ZARAGOZA,24,G. COLOM BARRUFET,82.7221%,26.8463%,False,1,INSOLAC CAJA 87,True
SEGUNDA FEB,ELIMINATORIAS 1/8 Final,C.B. ZARAGOZA,24,G. COLOM BARRUFET,90.1269%,93.521%,True,1,INSOLAC CAJA 87,True
SEGUNDA FEB,ELIMINATORIAS 1/8 Final,C.B. ZARAGOZA,22,J. ZHAO OLMOS,91.6784%,33.5264%,True,1,INSOLAC CAJA 87,True
SEGUNDA FEB,ELIMINATORIAS 1/8 Final,C.B. ZARAGOZA,15,J. JIMÉNEZ JIMÉNEZ,12.4118%,55.2051%,False,1,INSOLAC CAJA 87,True
SEGUNDA FEB,ELIMINATORIAS 1/8 Final,C.B. ZARAGOZA,7,O. ALVARADO RODRIGUEZ,73.6248%,18.4017%,False,1,INSOLAC CAJA 87,True
SEGUNDA FEB,ELIMINATORIAS 1/8 Final,INSOLAC CAJA 87,16,N. DEDOVIC,90.7616%,59.9946%,False,1,C.B. ZARAGOZA,False
SEGUNDA FEB,ELIMINATORIAS 1/8 Final,INSOLAC CAJA 87,30,J. FRANCH DE PABLO,15.1622%,62.3893%,False,1,C.B. ZARAGOZA,False
SEGUNDA FEB,ELIMINATORIAS 1/8 Final,INSOLAC CAJA 87,30,J. FRANCH DE PABLO,73.2017%,16.8892%,False,1,C.B. ZARAGOZA,False
SEGUNDA FEB,ELIMINATORIAS 1/8 Final,INSOLAC CAJA 87,16,N. DEDOVIC,8.53315%,59.6165%,True,1,C.B. ZARAGOZA,False
SEGUNDA FEB,ELIMINATORIAS 1/8 Final,INSOLAC CAJA 87,30,J. FRANCH DE PABLO,91.4669%,33.2743%,False,1,C.B. ZARAGOZA,False
SEGUNDA FEB,ELIMINATORIAS 1/8 Final,INSOLAC CAJA 87,18,A. LATORRE SANCHEZ,91.1142%,41.2148%,True,1,C.B. ZARAGOZA,False
SEGUNDA FEB,ELIMINATORIAS 1/8 Final,INSOLAC CAJA 87,11,A. MOODY,31.5233%,71.3381%,True,1,C.B. ZARAGOZA,False
SEGUNDA FEB,ELIMINATORIAS 1/8 Final,INSOLAC CAJA 87,6,R. SANTOS JIMENEZ,73.4838%,85.4545%,False,1,C.B. ZARAGOZA,False
SEGUNDA FEB,ELIMINATORIAS 1/8 Final,INSOLAC CAJA 87,16,N. DEDOVIC,29.5487%,78.7744%,False,1,C.B. ZARAGOZA,False
SEGUNDA FEB,ELIMINATORIAS 1/8 Final,INSOLAC CAJA 87,16,N. DEDOVIC,81.5938%,91.8825%,False,1,C.B. ZARAGOZA,False
SEGUNDA FEB,ELIMINATORIAS 1/8 Final,INSOLAC CAJA 87,3,L. SOUMBEY-ALLEY,22.708%,64.1539%,False,1,C.B. ZARAGOZA,False
SEGUNDA FEB,ELIMINATORIAS 1/8 Final,INSOLAC CAJA 87,17,L. DIBBA,95.275%,53.0624%,True,1,C.B. ZARAGOZA,False
SEGUNDA FEB,ELIMINATORIAS 1/8 Final,INSOLAC CAJA 87,16,N. DEDOVIC,93.8646%,60.8769%,False,1,C.B. ZARAGOZA,False
SEGUNDA FEB,ELIMINATORIAS 1/8 Final,INSOLAC CAJA 87,3,L. SOUMBEY-ALLEY,87.5882%,38.3159%,False,1,C.B. ZARAGOZA,False
SEGUNDA FEB,ELIMINATORIAS 1/8 Final,INSOLAC CAJA 87,5,W. CABRAL BUERIBERI,26.8688%,86.2107%,False,1,C.B. ZARAGOZA,False
SEGUNDA FEB,ELIMINATORIAS 1/8 Final,INSOLAC CAJA 87,3,L. SOUMBEY-ALLEY,10.1551%,60.4988%,False,1,C.B. ZARAGOZA,False
SEGUNDA FEB,ELIMINATORIAS 1/8 Final,INSOLAC CAJA 87,11,A. MOODY,72.567%,81.2952%,True,1,C.B. ZARAGOZA,False
SEGUNDA FEB,ELIMINATORIAS 1/8 Final,INSOLAC CAJA 87,11,A. MOODY,30.1128%,75.1193%,False,1,C.B. ZARAGOZA,False
SEGUNDA FEB,ELIMINATORIAS 1/8 Final,INSOLAC CAJA 87,11,A. MOODY,71.7913%,23.3172%,True,1,C.B. ZARAGOZA,False
SEGUNDA FEB,ELIMINATORIAS 1/8 Final,INSOLAC CAJA 87,5,W. CABRAL BUERIBERI,7.26375%,56.7176%,True,1,C.B. ZARAGOZA,False
SEGUNDA FEB,ELIMINATORIAS 1/8 Final,INSOLAC CAJA 87,3,L. SOUMBEY-ALLEY,80.6065%,6.93215%,False,1,C.B. ZARAGOZA,False
SEGUNDA FEB,ELIMINATORIAS 1/8 Final,INSOLAC CAJA 87,5,W. CABRAL BUERIBERI,8.88575%,58.2301%,False,1,C.B. ZARAGOZA,False
SEGUNDA FEB,ELIMINATORIAS 1/8 Final,INSOLAC CAJA 87,1,G. CLARKE,85.402%,93.647%,False,1,C.B. ZARAGOZA,False
SEGUNDA FEB,ELIMINATORIAS 1/8 Final,INSOLAC CAJA 87,5,W. CABRAL BUERIBERI,12.2003%,33.7785%,False,1,C.B. ZARAGOZA,False
SEGUNDA FEB,ELIMINATORIAS 1/8 Final,INSOLAC CAJA 87,0,S. CECILIA PEREZ,73.2722%,85.7066%,False,1,C.B. ZARAGOZA,False
SEGUNDA FEB,ELIMINATORIAS 1/8 Final,INSOLAC CAJA 87,16,N. DEDOVIC,90.6206%,62.5154%,False,1,C.B. ZARAGOZA,False
SEGUNDA FEB,ELIMINATORIAS 1/8 Final,INSOLAC CAJA 87,5,W. CABRAL BUERIBERI,25.5994%,18.0236%,False,1,C.B. ZARAGOZA,False
SEGUNDA FEB,ELIMINATORIAS 1/8 Final,INSOLAC CAJA 87,5,W. CABRAL BUERIBERI,91.8195%,59.2384%,False,1,C.B. ZARAGOZA,False
SEGUNDA FEB,ELIMINATORIAS 1/8 Final,INSOLAC CAJA 87,18,A. LATORRE SANCHEZ,5.43018%,48.399%,True,1,C.B. ZARAGOZA,False
SEGUNDA FEB,ELIMINATORIAS 1/8 Final,INSOLAC CAJA 87,18,A. LATORRE SANCHEZ,11.354%,60.3727%,False,1,C.B. ZARAGOZA,False
SEGUNDA FEB,ELIMINATORIAS 1/8 Final,INSOLAC CAJA 87,5,W. CABRAL BUERIBERI,91.1142%,60.2467%,True,1,C.B. ZARAGOZA,False
SEGUNDA FEB,ELIMINATORIAS 1/8 Final,INSOLAC CAJA 87,5,W. CABRAL BUERIBERI,29.5487%,78.7744%,True,1,C.B. ZARAGOZA,False
SEGUNDA FEB,ELIMINATORIAS 1/8 Final,INSOLAC CAJA 87,16,N. DEDOVIC,25.0353%,10.2092%,True,1,C.B. ZARAGOZA,False
SEGUNDA FEB,ELIMINATORIAS 1/8 Final,INSOLAC CAJA 87,5,W. CABRAL BUERIBERI,13.4697%,33.7785%,False,1,C.B. ZARAGOZA,False
SEGUNDA FEB,ELIMINATORIAS 1/8 Final,INSOLAC CAJA 87,0,S. CECILIA PEREZ,68.9704%,69.5736%,True,1,C.B. ZARAGOZA,False
SEGUNDA FEB,ELIMINATORIAS 1/8 Final,INSOLAC CAJA 87,1,G. CLARKE,78.3498%,90.37%,True,1,C.B. ZARAGOZA,False
SEGUNDA FEB,ELIMINATORIAS 1/8 Final,INSOLAC CAJA 87,4,M. JANKOVIC,93.5825%,60.7508%,True,1,C.B. ZARAGOZA,False
SEGUNDA FEB,ELIMINATORIAS 1/8 Final,INSOLAC CAJA 87,1,G. CLARKE,22.2849%,88.2274%,False,1,C.B. ZARAGOZA,False
SEGUNDA FEB,ELIMINATORIAS 1/8 Final,INSOLAC CAJA 87,5,W. CABRAL BUERIBERI,5.00705%,47.1386%,True,1,C.B. ZARAGOZA,False
SEGUNDA FEB,ELIMINATORIAS 1/8 Final,INSOLAC CAJA 87,3,L. SOUMBEY-ALLEY,11.213%,55.7093%,True,1,C.B. ZARAGOZA,False
SEGUNDA FEB,ELIMINATORIAS 1/8 Final,INSOLAC CAJA 87,11,A. MOODY,24.33%,87.219%,False,1,C.B. ZARAGOZA,False
SEGUNDA FEB,ELIMINATORIAS 1/8 Final,INSOLAC CAJA 87,18,A. LATORRE SANCHEZ,86.4598%,41.4669%,False,1,C.B. ZARAGOZA,False
SEGUNDA FEB,ELIMINATORIAS 1/8 Final,INSOLAC CAJA 87,30,J. FRANCH DE PABLO,28.4908%,78.6484%,True,1,C.B. ZARAGOZA,False
SEGUNDA FEB,ELIMINATORIAS 1/8 Final,INSOLAC CAJA 87,17,L. DIBBA,11.2835%,28.989%,False,1,C.B. ZARAGOZA,False
SEGUNDA FEB,ELIMINATORIAS 1/8 Final,INSOLAC CAJA 87,11,A. MOODY,86.1777%,5.54572%,False,1,C.B. ZARAGOZA,False
SEGUNDA FEB,ELIMINATORIAS 1/8 Final,INSOLAC CAJA 87,16,N. DEDOVIC,93.9351%,57.978%,True,1,C.B. ZARAGOZA,False
SEGUNDA FEB,ELIMINATORIAS 1/8 Final,INSOLAC CAJA 87,5,W. CABRAL BUERIBERI,87.5882%,61.381%,True,1,C.B. ZARAGOZA,False
SEGUNDA FEB,ELIMINATORIAS 1/8 Final,INSOLAC CAJA 87,11,A. MOODY,75.1763%,87.4711%,False,1,C.B. ZARAGOZA,False
SEGUNDA FEB,ELIMINATORIAS 1/8 Final,INSOLAC CAJA 87,4,M. JANKOVIC,78.2793%,8.6967%,False,1,C.B. ZARAGOZA,False
SEGUNDA FEB,ELIMINATORIAS 1/8 Final,INSOLAC CAJA 87,3,L. SOUMBEY-ALLEY,19.8166%,92.8908%,False,1,C.B. ZARAGOZA,False
SEGUNDA FEB,ELIMINATORIAS 1/8 Final,INSOLAC CAJA 87,16,N. DEDOVIC,10.8604%,62.6414%,False,1,C.B. ZARAGOZA,False
SEGUNDA FEB,ELIMINATORIAS 1/8 Final,INSOLAC CAJA 87,16,N. DEDOVIC,91.9605%,5.41968%,True,1,C.B. ZARAGOZA,False
SEGUNDA FEB,ELIMINATORIAS 1/8 Final,INSOLAC CAJA 87,4,M. JANKOVIC,7.4048%,45.7522%,True,1,C.B. ZARAGOZA,False
SEGUNDA FEB,ELIMINATORIAS 1/8 Final,INSOLAC CAJA 87,1,G. CLARKE,11.7066%,37.0555%,False,1,C.B. ZARAGOZA,False
SEGUNDA FEB,ELIMINATORIAS 1/8 Final,INSOLAC CAJA 87,3,L. SOUMBEY-ALLEY,23.0606%,7.56234%,True,1,C.B. ZARAGOZA,False
SEGUNDA FEB,ELIMINATORIAS 1/8 Final,INSOLAC CAJA 87,3,L. SOUMBEY-ALLEY,10.3667%,35.9211%,True,1,C.B. ZARAGOZA,False
SEGUNDA FEB,ELIMINATORIAS 1/8 Final,INSOLAC CAJA 87,16,N. DEDOVIC,27.9972%,19.6621%,False,1,C.B. ZARAGOZA,False
SEGUNDA FEB,ELIMINATORIAS 1/8 Final,INSOLAC CAJA 87,11,A. MOODY,93.4415%,66.2966%,True,1,C.B. ZARAGOZA,False
SEGUNDA FEB,ELIMINATORIAS 1/8 Final,INSOLAC CAJA 87,16,N. DEDOVIC,76.1636%,87.7232%,False,1,C.B. ZARAGOZA,False
SEGUNDA FEB,ELIMINATORIAS 1/8 Final,INSOLAC CAJA 87,4,M. JANKOVIC,91.7489%,40.5846%,True,1,C.B. ZARAGOZA,False
SEGUNDA FEB,ELIMINATORIAS 1/8 Final,INSOLAC CAJA 87,4,M. JANKOVIC,90.409%,55.9613%,True,1,C.B. ZARAGOZA,False
SEGUNDA FEB,ELIMINATORIAS 1/8 Final,INSOLAC CAJA 87,16,N. DEDOVIC,91.1142%,60.2467%,False,1,C.B. ZARAGOZA,False
SEGUNDA FEB,ELIMINATORIAS 1/8 Final,INSOLAC CAJA 87,16,N. DEDOVIC,80.677%,89.8659%,False,1,C.B. ZARAGOZA,False
SEGUNDA FEB,ELIMINATORIAS 1/8 Final,INSOLAC CAJA 87,5,W. CABRAL BUERIBERI,93.0183%,60.7508%,True,1,C.B. ZARAGOZA,False
SEGUNDA FEB,ELIMINATORIAS 1/8 Final,INSOLAC CAJA 87,3,L. SOUMBEY-ALLEY,9.73202%,54.953%,True,1,C.B. ZARAGOZA,False
SEGUNDA FEB,ELIMINATORIAS 1/8 Final,INSOLAC CAJA 87,5,W. CABRAL BUERIBERI,90.7616%,63.1456%,False,1,C.B. ZARAGOZA,False
SEGUNDA FEB,ELIMINATORIAS 1/8 Final,INSOLAC CAJA 87,5,W. CABRAL BUERIBERI,71.2976%,25.964%,False,1,C.B. ZARAGOZA,False
SEGUNDA FEB,ELIMINATORIAS 1/8 Final,INSOLAC CAJA 87,5,W. CABRAL BUERIBERI,81.5938%,25.4599%,True,1,C.B. ZARAGOZA,False
SEGUNDA FEB,ELIMINATORIAS 1/8 Final,INSOLAC CAJA 87,0,S. CECILIA PEREZ,13.1876%,3.52909%,False,1,C.B. ZARAGOZA,False
SEGUNDA FEB,ELIMINATORIAS 1/8 Final,INSOLAC CAJA 87,30,J. FRANCH DE PABLO,72.2849%,83.942%,True,1,C.B. ZARAGOZA,False
SEGUNDA FEB,ELIMINATORIAS 1/8 Final,INSOLAC CAJA 87,1,G. CLARKE,29.4076%,27.6026%,False,1,C.B. ZARAGOZA,False
SEGUNDA FEB,ELIMINATORIAS 1/8 Final,INSOLAC CAJA 87,11,A. MOODY,30.9591%,78.0182%,True,1,C.B. ZARAGOZA,False
SEGUNDA FEB,ELIMINATORIAS 1/8 Final,INSOLAC CAJA 87,30,J. FRANCH DE PABLO,71.7913%,84.6983%,False,1,C.B. ZARAGOZA,False
SEGUNDA FEB,ELIMINATORIAS 1/8 Final,INSOLAC CAJA 87,11,A. MOODY,93.8646%,60.8769%,False,1,C.B. ZARAGOZA,False
SEGUNDA FEB,ELIMINATORIAS 1/8 Final,INSOLAC CAJA 87,18,A. LATORRE SANCHEZ,15.7264%,38.82%,False,1,C.B. ZARAGOZA,False
SEGUNDA FEB,ELIMINATORIAS 1/8 Final,INSOLAC CAJA 87,4,M. JANKOVIC,91.1142%,41.2148%,False,1,C.B. ZARAGOZA,False
SEGUNDA FEB,ELIMINATORIAS 1/8 Final,C.B. STARLABS MORÓN,6,J. MARIN ORTEGA,19.6756%,19.7881%,False,1,PROINBENI UPB GANDIA,True
SEGUNDA FEB,ELIMINATORIAS 1/8 Final,C.B. STARLABS MORÓN,6,J. MARIN ORTEGA,24.2595%,52.6843%,True,1,PROINBENI UPB GANDIA,True
SEGUNDA FEB,ELIMINATORIAS 1/8 Final,C.B. STARLABS MORÓN,7,J. JIMÉNEZ GONZÁLEZ,61.0014%,41.7189%,False,1,PROINBENI UPB GANDIA,True
SEGUNDA FEB,ELIMINATORIAS 1/8 Final,C.B. STARLABS MORÓN,13,A. MARIN ORTEGA,31.4528%,84.4462%,True,1,PROINBENI UPB GANDIA,True
SEGUNDA FEB,ELIMINATORIAS 1/8 Final,C.B. STARLABS MORÓN,0,Z. WILLIAMS,14.5275%,38.694%,True,1,PROINBENI UPB GANDIA,True
SEGUNDA FEB,ELIMINATORIAS 1/8 Final,C.B. STARLABS MORÓN,6,J. MARIN ORTEGA,36.6714%,26.4682%,True,1,PROINBENI UPB GANDIA,True
SEGUNDA FEB,ELIMINATORIAS 1/8 Final,C.B. STARLABS MORÓN,8,G. FERNANDEZ DIAZ,35.1904%,17.7715%,True,1,PROINBENI UPB GANDIA,True
SEGUNDA FEB,ELIMINATORIAS 1/8 Final,C.B. STARLABS MORÓN,8,G. FERNANDEZ DIAZ,27.433%,87.3451%,True,1,PROINBENI UPB GANDIA,True
SEGUNDA FEB,ELIMINATORIAS 1/8 Final,C.B. STARLABS MORÓN,8,G. FERNANDEZ DIAZ,29.9718%,10.2092%,False,1,PROINBENI UPB GANDIA,True
SEGUNDA FEB,ELIMINATORIAS 1/8 Final,C.B. STARLABS MORÓN,0,Z. WILLIAMS,60.8604%,18.6538%,True,1,PROINBENI UPB GANDIA,True
SEGUNDA FEB,ELIMINATORIAS 1/8 Final,C.B. STARLABS MORÓN,13,A. MARIN ORTEGA,71.4386%,7.31027%,False,1,PROINBENI UPB GANDIA,True
SEGUNDA FEB,ELIMINATORIAS 1/8 Final,C.B. STARLABS MORÓN,13,A. MARIN ORTEGA,64.1044%,27.6026%,False,1,PROINBENI UPB GANDIA,True
SEGUNDA FEB,ELIMINATORIAS 1/8 Final,C.B. STARLABS MORÓN,85,S. CORREIA,13.4697%,48.9032%,True,1,PROINBENI UPB GANDIA,True
SEGUNDA FEB,ELIMINATORIAS 1/8 Final,C.B. STARLABS MORÓN,85,S. CORREIA,13.8928%,55.4572%,False,1,PROINBENI UPB GANDIA,True
SEGUNDA FEB,ELIMINATORIAS 1/8 Final,C.B. STARLABS MORÓN,7,J. JIMÉNEZ GONZÁLEZ,61.8477%,76.3797%,True,1,PROINBENI UPB GANDIA,True
SEGUNDA FEB,ELIMINATORIAS 1/8 Final,C.B. STARLABS MORÓN,7,J. JIMÉNEZ GONZÁLEZ,61.1425%,34.4087%,True,1,PROINBENI UPB GANDIA,True
SEGUNDA FEB,ELIMINATORIAS 1/8 Final,C.B. STARLABS MORÓN,33,L. PAREJO CAMACHO,36.0367%,21.9308%,True,1,PROINBENI UPB GANDIA,True
SEGUNDA FEB,ELIMINATORIAS 1/8 Final,C.B. STARLABS MORÓN,27,A. BURGOS CABALLERO,24.6121%,92.0085%,True,1,PROINBENI UPB GANDIA,True
SEGUNDA FEB,ELIMINATORIAS 1/8 Final,C.B. STARLABS MORÓN,33,L. PAREJO CAMACHO,29.8307%,82.0514%,True,1,PROINBENI UPB GANDIA,True
SEGUNDA FEB,ELIMINATORIAS 1/8 Final,C.B. STARLABS MORÓN,85,S. CORREIA,14.7391%,36.8034%,True,1,PROINBENI UPB GANDIA,True
SEGUNDA FEB,ELIMINATORIAS 1/8 Final,C.B. STARLABS MORÓN,6,J. MARIN ORTEGA,60.0846%,16.259%,False,1,PROINBENI UPB GANDIA,True
SEGUNDA FEB,ELIMINATORIAS 1/8 Final,C.B. STARLABS MORÓN,8,G. FERNANDEZ DIAZ,61.0014%,41.7189%,True,1,PROINBENI UPB GANDIA,True
SEGUNDA FEB,ELIMINATORIAS 1/8 Final,C.B. STARLABS MORÓN,27,A. BURGOS CABALLERO,83.8505%,45.3741%,True,1,PROINBENI UPB GANDIA,True
SEGUNDA FEB,ELIMINATORIAS 1/8 Final,C.B. STARLABS MORÓN,45,V. ORLOV STURMAN MAURIN,19.323%,40.5846%,False,1,PROINBENI UPB GANDIA,True
SEGUNDA FEB,ELIMINATORIAS 1/8 Final,C.B. STARLABS MORÓN,13,A. MARIN ORTEGA,27.3625%,89.3617%,True,1,PROINBENI UPB GANDIA,True
SEGUNDA FEB,ELIMINATORIAS 1/8 Final,C.B. STARLABS MORÓN,33,L. PAREJO CAMACHO,64.3865%,78.2703%,False,1,PROINBENI UPB GANDIA,True
SEGUNDA FEB,ELIMINATORIAS 1/8 Final,C.B. STARLABS MORÓN,13,A. MARIN ORTEGA,17.701%,52.1802%,False,1,PROINBENI UPB GANDIA,True
SEGUNDA FEB,ELIMINATORIAS 1/8 Final,C.B. STARLABS MORÓN,7,J. JIMÉNEZ GONZÁLEZ,63.6107%,28.2328%,False,1,PROINBENI UPB GANDIA,True
SEGUNDA FEB,ELIMINATORIAS 1/8 Final,C.B. STARLABS MORÓN,8,G. FERNANDEZ DIAZ,60.4372%,64.406%,False,1,PROINBENI UPB GANDIA,True
SEGUNDA FEB,ELIMINATORIAS 1/8 Final,C.B. STARLABS MORÓN,10,A. HERRERA DOMINGUEZ,35.6135%,73.4808%,False,1,PROINBENI UPB GANDIA,True
SEGUNDA FEB,ELIMINATORIAS 1/8 Final,C.B. STARLABS MORÓN,7,J. JIMÉNEZ GONZÁLEZ,37.9408%,67.5569%,False,1,PROINBENI UPB GANDIA,True
SEGUNDA FEB,ELIMINATORIAS 1/8 Final,C.B. STARLABS MORÓN,27,A. BURGOS CABALLERO,64.8801%,78.6484%,False,1,PROINBENI UPB GANDIA,True
SEGUNDA FEB,ELIMINATORIAS 1/8 Final,C.B. STARLABS MORÓN,13,A. MARIN ORTEGA,87.4471%,55.0791%,True,1,PROINBENI UPB GANDIA,True
SEGUNDA FEB,ELIMINATORIAS 1/8 Final,C.B. STARLABS MORÓN,85,S. CORREIA,14.8801%,51.0458%,True,1,PROINBENI UPB GANDIA,True
SEGUNDA FEB,ELIMINATORIAS 1/8 Final,C.B. STARLABS MORÓN,7,J. JIMÉNEZ GONZÁLEZ,33.0748%,65.7924%,False,1,PROINBENI UPB GANDIA,True
SEGUNDA FEB,ELIMINATORIAS 1/8 Final,C.B. STARLABS MORÓN,45,V. ORLOV STURMAN MAURIN,37.9408%,67.5569%,False,1,PROINBENI UPB GANDIA,True
SEGUNDA FEB,ELIMINATORIAS 1/8 Final,C.B. STARLABS MORÓN,7,J. JIMÉNEZ GONZÁLEZ,12.0592%,43.7356%,True,1,PROINBENI UPB GANDIA,True
SEGUNDA FEB,ELIMINATORIAS 1/8 Final,C.B. STARLABS MORÓN,7,J. JIMÉNEZ GONZÁLEZ,65.3032%,19.1579%,True,1,PROINBENI UPB GANDIA,True
SEGUNDA FEB,ELIMINATORIAS 1/8 Final,C.B. STARLABS MORÓN,10,A. HERRERA DOMINGUEZ,86.2482%,56.3395%,True,1,PROINBENI UPB GANDIA,True
SEGUNDA FEB,ELIMINATORIAS 1/8 Final,C.B. STARLABS MORÓN,6,J. MARIN ORTEGA,61.4951%,64.0278%,False,1,PROINBENI UPB GANDIA,True
SEGUNDA FEB,ELIMINATORIAS 1/8 Final,C.B. STARLABS MORÓN,27,A. BURGOS CABALLERO,61.8477%,80.9171%,False,1,PROINBENI UPB GANDIA,True
SEGUNDA FEB,ELIMINATORIAS 1/8 Final,C.B. STARLABS MORÓN,45,V. ORLOV STURMAN MAURIN,86.6714%,33.7785%,False,1,PROINBENI UPB GANDIA,True
SEGUNDA FEB,ELIMINATORIAS 1/8 Final,C.B. STARLABS MORÓN,0,Z. WILLIAMS,13.6812%,36.0472%,False,1,PROINBENI UPB GANDIA,True
SEGUNDA FEB,ELIMINATORIAS 1/8 Final,C.B. STARLABS MORÓN,8,G. FERNANDEZ DIAZ,12.7645%,51.2979%,False,1,PROINBENI UPB GANDIA,True
SEGUNDA FEB,ELIMINATORIAS 1/8 Final,C.B. STARLABS MORÓN,6,J. MARIN ORTEGA,78.4203%,33.5264%,False,1,PROINBENI UPB GANDIA,True
SEGUNDA FEB,ELIMINATORIAS 1/8 Final,C.B. STARLABS MORÓN,6,J. MARIN ORTEGA,80.8181%,63.6497%,True,1,PROINBENI UPB GANDIA,True
SEGUNDA FEB,ELIMINATORIAS 1/8 Final,C.B. STARLABS MORÓN,45,V. ORLOV STURMAN MAURIN,19.6756%,22.687%,True,1,PROINBENI UPB GANDIA,True
SEGUNDA FEB,ELIMINATORIAS 1/8 Final,C.B. STARLABS MORÓN,13,A. MARIN ORTEGA,64.1044%,12.2258%,False,1,PROINBENI UPB GANDIA,True
SEGUNDA FEB,ELIMINATORIAS 1/8 Final,C.B. STARLABS MORÓN,0,Z. WILLIAMS,87.024%,53.4406%,True,1,PROINBENI UPB GANDIA,True
SEGUNDA FEB,ELIMINATORIAS 1/8 Final,C.B. STARLABS MORÓN,8,G. FERNANDEZ DIAZ,37.3766%,76.0016%,False,1,PROINBENI UPB GANDIA,True
SEGUNDA FEB,ELIMINATORIAS 1/8 Final,C.B. STARLABS MORÓN,13,A. MARIN ORTEGA,88.9986%,41.5929%,True,1,PROINBENI UPB GANDIA,True
SEGUNDA FEB,ELIMINATORIAS 1/8 Final,C.B. STARLABS MORÓN,8,G. FERNANDEZ DIAZ,66.5726%,12.6039%,False,1,PROINBENI UPB GANDIA,True
SEGUNDA FEB,ELIMINATORIAS 1/8 Final,C.B. STARLABS MORÓN,10,A. HERRERA DOMINGUEZ,19.6756%,22.687%,False,1,PROINBENI UPB GANDIA,True
SEGUNDA FEB,ELIMINATORIAS 1/8 Final,C.B. STARLABS MORÓN,6,J. MARIN ORTEGA,82.7221%,47.2647%,True,1,PROINBENI UPB GANDIA,True
SEGUNDA FEB,ELIMINATORIAS 1/8 Final,C.B. STARLABS MORÓN,45,V. ORLOV STURMAN MAURIN,87.7997%,58.3561%,True,1,PROINBENI UPB GANDIA,True
SEGUNDA FEB,ELIMINATORIAS 1/8 Final,C.B. STARLABS MORÓN,7,J. JIMÉNEZ GONZÁLEZ,33.0748%,13.1081%,False,1,PROINBENI UPB GANDIA,True
SEGUNDA FEB,ELIMINATORIAS 1/8 Final,C.B. STARLABS MORÓN,7,J. JIMÉNEZ GONZÁLEZ,60.8604%,18.6538%,False,1,PROINBENI UPB GANDIA,True
SEGUNDA FEB,ELIMINATORIAS 1/8 Final,C.B. STARLABS MORÓN,6,J. MARIN ORTEGA,12.6234%,41.4669%,True,1,PROINBENI UPB GANDIA,True
SEGUNDA FEB,ELIMINATORIAS 1/8 Final,C.B. STARLABS MORÓN,7,J. JIMÉNEZ GONZÁLEZ,35.402%,78.6484%,False,1,PROINBENI UPB GANDIA,True
SEGUNDA FEB,ELIMINATORIAS 1/8 Final,C.B. STARLABS MORÓN,85,S. CORREIA,11.0719%,49.9115%,True,1,PROINBENI UPB GANDIA,True
SEGUNDA FEB,ELIMINATORIAS 1/8 Final,C.B. STARLABS MORÓN,33,L. PAREJO CAMACHO,33.2863%,77.7661%,False,1,PROINBENI UPB GANDIA,True
SEGUNDA FEB,ELIMINATORIAS 1/8 Final,C.B. STARLABS MORÓN,0,Z. WILLIAMS,86.8124%,60.1206%,True,1,PROINBENI UPB GANDIA,True
SEGUNDA FEB,ELIMINATORIAS 1/8 Final,C.B. STARLABS MORÓN,45,V. ORLOV STURMAN MAURIN,14.5275%,44.1137%,True,1,PROINBENI UPB GANDIA,True
SEGUNDA FEB,ELIMINATORIAS 1/8 Final,PROINBENI UPB GANDIA,5,G. PEREZ RAMIREZ,87.5882%,57.8519%,True,1,C.B. STARLABS MORÓN,False
SEGUNDA FEB,ELIMINATORIAS 1/8 Final,PROINBENI UPB GANDIA,35,J. BITJAA KODY,34.9083%,16.007%,False,1,C.B. STARLABS MORÓN,False
SEGUNDA FEB,ELIMINATORIAS 1/8 Final,PROINBENI UPB GANDIA,35,J. BITJAA KODY,89.2102%,43.8616%,True,1,C.B. STARLABS MORÓN,False
SEGUNDA FEB,ELIMINATORIAS 1/8 Final,PROINBENI UPB GANDIA,33,C. OSAIKHWUWUOMWAN,36.1777%,77.6401%,False,1,C.B. STARLABS MORÓN,False
SEGUNDA FEB,ELIMINATORIAS 1/8 Final,PROINBENI UPB GANDIA,11,J. MOLINA MARTINEZ,74.4006%,92.0085%,False,1,C.B. STARLABS MORÓN,False
SEGUNDA FEB,ELIMINATORIAS 1/8 Final,PROINBENI UPB GANDIA,7,K. GREELEY,32.158%,81.9254%,False,1,C.B. STARLABS MORÓN,False
SEGUNDA FEB,ELIMINATORIAS 1/8 Final,PROINBENI UPB GANDIA,7,K. GREELEY,21.4386%,36.4253%,True,1,C.B. STARLABS MORÓN,False
SEGUNDA FEB,ELIMINATORIAS 1/8 Final,PROINBENI UPB GANDIA,22,J. SANTANA LUCHORO,30.6065%,82.6816%,True,1,C.B. STARLABS MORÓN,False
SEGUNDA FEB,ELIMINATORIAS 1/8 Final,PROINBENI UPB GANDIA,16,J. SOLER CIRUJEDA,38.9986%,15.8809%,False,1,C.B. STARLABS MORÓN,False
SEGUNDA FEB,ELIMINATORIAS 1/8 Final,PROINBENI UPB GANDIA,6,C. HURTADO CERVANTES,10.9309%,59.8686%,False,1,C.B. STARLABS MORÓN,False
SEGUNDA FEB,ELIMINATORIAS 1/8 Final,PROINBENI UPB GANDIA,35,J. BITJAA KODY,41.6079%,40.4585%,False,1,C.B. STARLABS MORÓN,False
SEGUNDA FEB,ELIMINATORIAS 1/8 Final,PROINBENI UPB GANDIA,24,A. BELLVER VALIENTE,25.8815%,8.31858%,True,1,C.B. STARLABS MORÓN,False
SEGUNDA FEB,ELIMINATORIAS 1/8 Final,PROINBENI UPB GANDIA,7,K. GREELEY,82.3695%,21.3006%,False,1,C.B. STARLABS MORÓN,False
SEGUNDA FEB,ELIMINATORIAS 1/8 Final,PROINBENI UPB GANDIA,35,J. BITJAA KODY,61.0719%,63.0195%,False,1,C.B. STARLABS MORÓN,False
SEGUNDA FEB,ELIMINATORIAS 1/8 Final,PROINBENI UPB GANDIA,7,K. GREELEY,89.1396%,26.9724%,True,1,C.B. STARLABS MORÓN,False
SEGUNDA FEB,ELIMINATORIAS 1/8 Final,PROINBENI UPB GANDIA,7,K. GREELEY,41.6079%,40.4585%,False,1,C.B. STARLABS MORÓN,False
SEGUNDA FEB,ELIMINATORIAS 1/8 Final,PROINBENI UPB GANDIA,16,J. SOLER CIRUJEDA,34.9788%,12.7299%,False,1,C.B. STARLABS MORÓN,False
SEGUNDA FEB,ELIMINATORIAS 1/8 Final,PROINBENI UPB GANDIA,7,K. GREELEY,75.3879%,56.8436%,False,1,C.B. STARLABS MORÓN,False
SEGUNDA FEB,ELIMINATORIAS 1/8 Final,PROINBENI UPB GANDIA,11,J. MOLINA MARTINEZ,67.0663%,17.5194%,False,1,C.B. STARLABS MORÓN,False
SEGUNDA FEB,ELIMINATORIAS 1/8 Final,PROINBENI UPB GANDIA,24,A. BELLVER VALIENTE,12.5529%,62.1373%,False,1,C.B. STARLABS MORÓN,False
SEGUNDA FEB,ELIMINATORIAS 1/8 Final,PROINBENI UPB GANDIA,6,C. HURTADO CERVANTES,31.8759%,69.3215%,False,1,C.B. STARLABS MORÓN,False
SEGUNDA FEB,ELIMINATORIAS 1/8 Final,PROINBENI UPB GANDIA,13,L. FERRANDO ORTELLS,38.0113%,48.399%,True,1,C.B. STARLABS MORÓN,False
SEGUNDA FEB,ELIMINATORIAS 1/8 Final,PROINBENI UPB GANDIA,7,K. GREELEY,78.3498%,30.8796%,False,1,C.B. STARLABS MORÓN,False
SEGUNDA FEB,ELIMINATORIAS 1/8 Final,PROINBENI UPB GANDIA,13,L. FERRANDO ORTELLS,66.9253%,72.2204%,True,1,C.B. STARLABS MORÓN,False
SEGUNDA FEB,ELIMINATORIAS 1/8 Final,PROINBENI UPB GANDIA,7,K. GREELEY,85.8251%,25.838%,True,1,C.B. STARLABS MORÓN,False
SEGUNDA FEB,ELIMINATORIAS 1/8 Final,PROINBENI UPB GANDIA,11,J. MOLINA MARTINEZ,36.8829%,15.1247%,True,1,C.B. STARLABS MORÓN,False
SEGUNDA FEB,ELIMINATORIAS 1/8 Final,PROINBENI UPB GANDIA,15,M. MONTILLA DIAZ,87.9408%,56.5915%,False,1,C.B. STARLABS MORÓN,False
SEGUNDA FEB,ELIMINATORIAS 1/8 Final,PROINBENI UPB GANDIA,22,J. SANTANA LUCHORO,30.1834%,15.5028%,True,1,C.B. STARLABS MORÓN,False
SEGUNDA FEB,ELIMINATORIAS 1/8 Final,PROINBENI UPB GANDIA,22,J. SANTANA LUCHORO,18.3357%,35.0389%,True,1,C.B. STARLABS MORÓN,False
SEGUNDA FEB,ELIMINATORIAS 1/8 Final,PROINBENI UPB GANDIA,13,L. FERRANDO ORTELLS,64.457%,15.6288%,True,1,C.B. STARLABS MORÓN,False
SEGUNDA FEB,ELIMINATORIAS 1/8 Final,PROINBENI UPB GANDIA,7,K. GREELEY,13.3992%,64.406%,True,1,C.B. STARLABS MORÓN,False
SEGUNDA FEB,ELIMINATORIAS 1/8 Final,PROINBENI UPB GANDIA,7,K. GREELEY,10.0141%,44.8699%,True,1,C.B. STARLABS MORÓN,False
SEGUNDA FEB,ELIMINATORIAS 1/8 Final,PROINBENI UPB GANDIA,16,J. SOLER CIRUJEDA,36.6008%,56.2134%,True,1,C.B. STARLABS MORÓN,False
SEGUNDA FEB,ELIMINATORIAS 1/8 Final,PROINBENI UPB GANDIA,16,J. SOLER CIRUJEDA,65.8674%,12.6039%,False,1,C.B. STARLABS MORÓN,False
SEGUNDA FEB,ELIMINATORIAS 1/8 Final,PROINBENI UPB GANDIA,7,K. GREELEY,13.2581%,63.0195%,False,1,C.B. STARLABS MORÓN,False
SEGUNDA FEB,ELIMINATORIAS 1/8 Final,PROINBENI UPB GANDIA,15,M. MONTILLA DIAZ,83.1453%,47.6428%,True,1,C.B. STARLABS MORÓN,False
SEGUNDA FEB,ELIMINATORIAS 1/8 Final,PROINBENI UPB GANDIA,35,J. BITJAA KODY,87.4471%,50.0375%,False,1,C.B. STARLABS MORÓN,False
SEGUNDA FEB,ELIMINATORIAS 1/8 Final,PROINBENI UPB GANDIA,11,J. MOLINA MARTINEZ,12.1298%,52.9364%,True,1,C.B. STARLABS MORÓN,False
SEGUNDA FEB,ELIMINATORIAS 1/8 Final,PROINBENI UPB GANDIA,13,L. FERRANDO ORTELLS,81.2412%,55.2051%,False,1,C.B. STARLABS MORÓN,False
SEGUNDA FEB,ELIMINATORIAS 1/8 Final,PROINBENI UPB GANDIA,6,C. HURTADO CERVANTES,63.6812%,16.3851%,False,1,C.B. STARLABS MORÓN,False
SEGUNDA FEB,ELIMINATORIAS 1/8 Final,PROINBENI UPB GANDIA,11,J. MOLINA MARTINEZ,61.354%,13.4862%,False,1,C.B. STARLABS MORÓN,False
SEGUNDA FEB,ELIMINATORIAS 1/8 Final,PROINBENI UPB GANDIA,13,L. FERRANDO ORTELLS,16.22%,29.4931%,False,1,C.B. STARLABS MORÓN,False
SEGUNDA FEB,ELIMINATORIAS 1/8 Final,PROINBENI UPB GANDIA,7,K. GREELEY,13.3992%,60.3727%,False,1,C.B. STARLABS MORÓN,False
SEGUNDA FEB,ELIMINATORIAS 1/8 Final,PROINBENI UPB GANDIA,7,K. GREELEY,14.0339%,54.0708%,True,1,C.B. STARLABS MORÓN,False
SEGUNDA FEB,ELIMINATORIAS 1/8 Final,PROINBENI UPB GANDIA,7,K. GREELEY,66.4316%,12.0998%,True,1,C.B. STARLABS MORÓN,False
SEGUNDA FEB,ELIMINATORIAS 1/8 Final,PROINBENI UPB GANDIA,13,L. FERRANDO ORTELLS,33.0042%,74.9932%,False,1,C.B. STARLABS MORÓN,False
SEGUNDA FEB,ELIMINATORIAS 1/8 Final,PROINBENI UPB GANDIA,16,J. SOLER CIRUJEDA,33.1453%,72.9766%,False,1,C.B. STARLABS MORÓN,False
SEGUNDA FEB,ELIMINATORIAS 1/8 Final,PROINBENI UPB GANDIA,15,M. MONTILLA DIAZ,12.6939%,45.122%,False,1,C.B. STARLABS MORÓN,False
SEGUNDA FEB,ELIMINATORIAS 1/8 Final,PROINBENI UPB GANDIA,13,L. FERRANDO ORTELLS,77.7856%,35.7951%,False,1,C.B. STARLABS MORÓN,False
SEGUNDA FEB,ELIMINATORIAS 1/8 Final,PROINBENI UPB GANDIA,6,C. HURTADO CERVANTES,64.0338%,16.133%,False,1,C.B. STARLABS MORÓN,False
SEGUNDA FEB,ELIMINATORIAS 1/8 Final,PROINBENI UPB GANDIA,7,K. GREELEY,81.0296%,48.273%,True,1,C.B. STARLABS MORÓN,False
SEGUNDA FEB,ELIMINATORIAS 1/8 Final,PROINBENI UPB GANDIA,35,J. BITJAA KODY,12.7645%,47.3907%,False,1,C.B. STARLABS MORÓN,False
SEGUNDA FEB,ELIMINATORIAS 1/8 Final,PROINBENI UPB GANDIA,13,L. FERRANDO ORTELLS,66.7842%,16.007%,True,1,C.B. STARLABS MORÓN,False
SEGUNDA FEB,ELIMINATORIAS 1/8 Final,PROINBENI UPB GANDIA,7,K. GREELEY,79.6192%,33.6524%,False,1,C.B. STARLABS MORÓN,False
SEGUNDA FEB,ELIMINATORIAS 1/8 Final,PROINBENI UPB GANDIA,35,J. BITJAA KODY,85.9662%,58.9863%,True,1,C.B. STARLABS MORÓN,False
SEGUNDA FEB,ELIMINATORIAS 1/8 Final,PROINBENI UPB GANDIA,35,J. BITJAA KODY,16.1495%,36.6774%,False,1,C.B. STARLABS MORÓN,False
SEGUNDA FEB,ELIMINATORIAS 1/8 Final,PROINBENI UPB GANDIA,5,G. PEREZ RAMIREZ,81.5938%,68.9434%,False,1,C.B. STARLABS MORÓN,False
SEGUNDA FEB,ELIMINATORIAS 1/8 Final,PROINBENI UPB GANDIA,7,K. GREELEY,89.0691%,55.9613%,True,1,C.B. STARLABS MORÓN,False
SEGUNDA FEB,ELIMINATORIAS 1/8 Final,PROINBENI UPB GANDIA,5,G. PEREZ RAMIREZ,66.7842%,79.1525%,False,1,C.B. STARLABS MORÓN,False
SEGUNDA FEB,ELIMINATORIAS 1/8 Final,PROINBENI UPB GANDIA,7,K. GREELEY,87.4471%,51.4239%,True,1,C.B. STARLABS MORÓN,False
SEGUNDA FEB,ELIMINATORIAS 1/8 Final,PROINBENI UPB GANDIA,33,C. OSAIKHWUWUOMWAN,36.2482%,41.0887%,False,1,C.B. STARLABS MORÓN,False
SEGUNDA FEB,ELIMINATORIAS 1/8 Final,PROINBENI UPB GANDIA,7,K. GREELEY,80.6065%,65.2882%,False,1,C.B. STARLABS MORÓN,False
SEGUNDA FEB,ELIMINATORIAS 1/8 Final,PROINBENI UPB GANDIA,13,L. FERRANDO ORTELLS,67.0663%,17.5194%,False,1,C.B. STARLABS MORÓN,False
SEGUNDA FEB,ELIMINATORIAS 1/8 Final,PROINBENI UPB GANDIA,6,C. HURTADO CERVANTES,78.6319%,51.0458%,False,1,C.B. STARLABS MORÓN,False
SEGUNDA FEB,ELIMINATORIAS 1/8 Final,PROINBENI UPB GANDIA,13,L. FERRANDO ORTELLS,86.9535%,57.4738%,False,1,C.B. STARLABS MORÓN,False
SEGUNDA FEB,ELIMINATORIAS 1/8 Final,PROINBENI UPB GANDIA,13,L. FERRANDO ORTELLS,16.5726%,51.55%,False,1,C.B. STARLABS MORÓN,False
SEGUNDA FEB,ELIMINATORIAS 1/8 Final,PROINBENI UPB GANDIA,6,C. HURTADO CERVANTES,38.5755%,20.2923%,False,1,C.B. STARLABS MORÓN,False
SEGUNDA FEB,ELIMINATORIAS 1/8 Final,CLÍNICA PONFERRADA SDP,15,N. OKEKE,92.6657%,51.8021%,False,1,BUENO ARENAS ALBACETE BASKET,True
SEGUNDA FEB,ELIMINATORIAS 1/8 Final,CLÍNICA PONFERRADA SDP,33,A. MORALES ROS,92.3131%,53.6926%,True,1,BUENO ARENAS ALBACETE BASKET,True
SEGUNDA FEB,ELIMINATORIAS 1/8 Final,CLÍNICA PONFERRADA SDP,16,J. CERA RODRIGUEZ,21.0155%,78.6484%,False,1,BUENO ARENAS ALBACETE BASKET,True
SEGUNDA FEB,ELIMINATORIAS 1/8 Final,CLÍNICA PONFERRADA SDP,16,J. CERA RODRIGUEZ,72.4965%,48.1469%,False,1,BUENO ARENAS ALBACETE BASKET,True
SEGUNDA FEB,ELIMINATORIAS 1/8 Final,CLÍNICA PONFERRADA SDP,19,D. GUEYE,6.98166%,44.4918%,True,1,BUENO ARENAS ALBACETE BASKET,True
SEGUNDA FEB,ELIMINATORIAS 1/8 Final,CLÍNICA PONFERRADA SDP,1,D. ORRIT SERRANO,6.34697%,56.0874%,True,1,BUENO ARENAS ALBACETE BASKET,True
SEGUNDA FEB,ELIMINATORIAS 1/8 Final,CLÍNICA PONFERRADA SDP,24,R. HAYES,7.96897%,48.399%,False,1,BUENO ARENAS ALBACETE BASKET,True
SEGUNDA FEB,ELIMINATORIAS 1/8 Final,CLÍNICA PONFERRADA SDP,1,D. ORRIT SERRANO,26.4457%,38.82%,True,1,BUENO ARENAS ALBACETE BASKET,True
SEGUNDA FEB,ELIMINATORIAS 1/8 Final,CLÍNICA PONFERRADA SDP,19,D. GUEYE,28.5614%,79.1525%,True,1,BUENO ARENAS ALBACETE BASKET,True
SEGUNDA FEB,ELIMINATORIAS 1/8 Final,CLÍNICA PONFERRADA SDP,99,O. SIMA FATTY,7.68688%,49.9115%,False,1,BUENO ARENAS ALBACETE BASKET,True
SEGUNDA FEB,ELIMINATORIAS 1/8 Final,CLÍNICA PONFERRADA SDP,1,D. ORRIT SERRANO,30.2539%,26.4682%,False,1,BUENO ARENAS ALBACETE BASKET,True
SEGUNDA FEB,ELIMINATORIAS 1/8 Final,CLÍNICA PONFERRADA SDP,24,R. HAYES,8.46262%,49.4073%,True,1,BUENO ARENAS ALBACETE BASKET,True
SEGUNDA FEB,ELIMINATORIAS 1/8 Final,CLÍNICA PONFERRADA SDP,9,R. BLAK MOLLER,10.0846%,47.2647%,False,1,BUENO ARENAS ALBACETE BASKET,True
SEGUNDA FEB,ELIMINATORIAS 1/8 Final,CLÍNICA PONFERRADA SDP,1,D. ORRIT SERRANO,93.7236%,54.4489%,False,1,BUENO ARENAS ALBACETE BASKET,True
SEGUNDA FEB,ELIMINATORIAS 1/8 Final,CLÍNICA PONFERRADA SDP,19,D. GUEYE,71.6502%,76.1276%,False,1,BUENO ARENAS ALBACETE BASKET,True
SEGUNDA FEB,ELIMINATORIAS 1/8 Final,CLÍNICA PONFERRADA SDP,24,R. HAYES,7.54584%,57.4738%,False,1,BUENO ARENAS ALBACETE BASKET,True
SEGUNDA FEB,ELIMINATORIAS 1/8 Final,CLÍNICA PONFERRADA SDP,33,A. MORALES ROS,11.7066%,46.6345%,False,1,BUENO ARENAS ALBACETE BASKET,True
SEGUNDA FEB,ELIMINATORIAS 1/8 Final,CLÍNICA PONFERRADA SDP,16,J. CERA RODRIGUEZ,92.2426%,58.104%,False,1,BUENO ARENAS ALBACETE BASKET,True
SEGUNDA FEB,ELIMINATORIAS 1/8 Final,CLÍNICA PONFERRADA SDP,24,R. HAYES,7.12271%,57.4738%,False,1,BUENO ARENAS ALBACETE BASKET,True
SEGUNDA FEB,ELIMINATORIAS 1/8 Final,CLÍNICA PONFERRADA SDP,24,R. HAYES,92.3131%,53.6926%,False,1,BUENO ARENAS ALBACETE BASKET,True
SEGUNDA FEB,ELIMINATORIAS 1/8 Final,CLÍNICA PONFERRADA SDP,24,R. HAYES,6.98166%,54.953%,True,1,BUENO ARENAS ALBACETE BASKET,True
SEGUNDA FEB,ELIMINATORIAS 1/8 Final,CLÍNICA PONFERRADA SDP,16,J. CERA RODRIGUEZ,72.567%,82.8077%,False,1,BUENO ARENAS ALBACETE BASKET,True
SEGUNDA FEB,ELIMINATORIAS 1/8 Final,CLÍNICA PONFERRADA SDP,16,J. CERA RODRIGUEZ,92.3131%,56.5915%,False,1,BUENO ARENAS ALBACETE BASKET,True
SEGUNDA FEB,ELIMINATORIAS 1/8 Final,CLÍNICA PONFERRADA SDP,16,J. CERA RODRIGUEZ,92.3836%,57.7259%,False,1,BUENO ARENAS ALBACETE BASKET,True
SEGUNDA FEB,ELIMINATORIAS 1/8 Final,CLÍNICA PONFERRADA SDP,16,J. CERA RODRIGUEZ,67.9126%,47.6428%,False,1,BUENO ARENAS ALBACETE BASKET,True
SEGUNDA FEB,ELIMINATORIAS 1/8 Final,CLÍNICA PONFERRADA SDP,9,R. BLAK MOLLER,6.91114%,53.0624%,False,1,BUENO ARENAS ALBACETE BASKET,True
SEGUNDA FEB,ELIMINATORIAS 1/8 Final,CLÍNICA PONFERRADA SDP,24,R. HAYES,91.9605%,54.1968%,False,1,BUENO ARENAS ALBACETE BASKET,True
SEGUNDA FEB,ELIMINATORIAS 1/8 Final,CLÍNICA PONFERRADA SDP,33,A. MORALES ROS,90.409%,52.3062%,False,1,BUENO ARENAS ALBACETE BASKET,True
SEGUNDA FEB,ELIMINATORIAS 1/8 Final,CLÍNICA PONFERRADA SDP,8,S. ROMERO SANCHEZ,69.6051%,25.5859%,True,1,BUENO ARENAS ALBACETE BASKET,True
SEGUNDA FEB,ELIMINATORIAS 1/8 Final,CLÍNICA PONFERRADA SDP,24,R. HAYES,93.3004%,57.2217%,True,1,BUENO ARENAS ALBACETE BASKET,True
SEGUNDA FEB,ELIMINATORIAS 1/8 Final,CLÍNICA PONFERRADA SDP,15,N. OKEKE,86.6009%,7.56234%,False,1,BUENO ARENAS ALBACETE BASKET,True
SEGUNDA FEB,ELIMINATORIAS 1/8 Final,CLÍNICA PONFERRADA SDP,16,J. CERA RODRIGUEZ,67.9126%,66.0445%,True,1,BUENO ARENAS ALBACETE BASKET,True
SEGUNDA FEB,ELIMINATORIAS 1/8 Final,CLÍNICA PONFERRADA SDP,24,R. HAYES,7.26375%,54.827%,True,1,BUENO ARENAS ALBACETE BASKET,True
SEGUNDA FEB,ELIMINATORIAS 1/8 Final,CLÍNICA PONFERRADA SDP,15,N. OKEKE,92.2426%,47.6428%,False,1,BUENO ARENAS ALBACETE BASKET,True
SEGUNDA FEB,ELIMINATORIAS 1/8 Final,CLÍNICA PONFERRADA SDP,1,D. ORRIT SERRANO,74.2595%,60.8769%,False,1,BUENO ARENAS ALBACETE BASKET,True
SEGUNDA FEB,ELIMINATORIAS 1/8 Final,CLÍNICA PONFERRADA SDP,15,N. OKEKE,91.89%,60.1206%,True,1,BUENO ARENAS ALBACETE BASKET,True
SEGUNDA FEB,ELIMINATORIAS 1/8 Final,CLÍNICA PONFERRADA SDP,8,S. ROMERO SANCHEZ,93.3004%,57.2217%,False,1,BUENO ARENAS ALBACETE BASKET,True
SEGUNDA FEB,ELIMINATORIAS 1/8 Final,CLÍNICA PONFERRADA SDP,19,D. GUEYE,9.0268%,45.248%,True,1,BUENO ARENAS ALBACETE BASKET,True
SEGUNDA FEB,ELIMINATORIAS 1/8 Final,CLÍNICA PONFERRADA SDP,24,R. HAYES,90.9027%,54.701%,True,1,BUENO ARENAS ALBACETE BASKET,True
SEGUNDA FEB,ELIMINATORIAS 1/8 Final,CLÍNICA PONFERRADA SDP,24,R. HAYES,7.4048%,43.7356%,False,1,BUENO ARENAS ALBACETE BASKET,True
SEGUNDA FEB,ELIMINATORIAS 1/8 Final,CLÍNICA PONFERRADA SDP,1,D. ORRIT SERRANO,71.5092%,77.262%,False,1,BUENO ARENAS ALBACETE BASKET,True
SEGUNDA FEB,ELIMINATORIAS 1/8 Final,CLÍNICA PONFERRADA SDP,8,S. ROMERO SANCHEZ,18.6883%,92.8908%,False,1,BUENO ARENAS ALBACETE BASKET,True
SEGUNDA FEB,ELIMINATORIAS 1/8 Final,CLÍNICA PONFERRADA SDP,99,O. SIMA FATTY,9.37941%,49.1552%,True,1,BUENO ARENAS ALBACETE BASKET,True
SEGUNDA FEB,ELIMINATORIAS 1/8 Final,CLÍNICA PONFERRADA SDP,24,R. HAYES,95.3456%,57.2217%,False,1,BUENO ARENAS ALBACETE BASKET,True
SEGUNDA FEB,ELIMINATORIAS 1/8 Final,CLÍNICA PONFERRADA SDP,9,R. BLAK MOLLER,91.89%,55.9613%,False,1,BUENO ARENAS ALBACETE BASKET,True
SEGUNDA FEB,ELIMINATORIAS 1/8 Final,CLÍNICA PONFERRADA SDP,24,R. HAYES,92.6657%,50.5417%,False,1,BUENO ARENAS ALBACETE BASKET,True
SEGUNDA FEB,ELIMINATORIAS 1/8 Final,CLÍNICA PONFERRADA SDP,15,N. OKEKE,92.5952%,40.3325%,False,1,BUENO ARENAS ALBACETE BASKET,True
SEGUNDA FEB,ELIMINATORIAS 1/8 Final,CLÍNICA PONFERRADA SDP,19,D. GUEYE,32.9337%,67.1788%,True,1,BUENO ARENAS ALBACETE BASKET,True
SEGUNDA FEB,ELIMINATORIAS 1/8 Final,CLÍNICA PONFERRADA SDP,33,A. MORALES ROS,69.323%,29.8713%,False,1,BUENO ARENAS ALBACETE BASKET,True
SEGUNDA FEB,ELIMINATORIAS 1/8 Final,CLÍNICA PONFERRADA SDP,8,S. ROMERO SANCHEZ,7.26375%,56.4655%,True,1,BUENO ARENAS ALBACETE BASKET,True
SEGUNDA FEB,ELIMINATORIAS 1/8 Final,CLÍNICA PONFERRADA SDP,16,J. CERA RODRIGUEZ,12.835%,56.7176%,False,1,BUENO ARENAS ALBACETE BASKET,True
SEGUNDA FEB,ELIMINATORIAS 1/8 Final,CLÍNICA PONFERRADA SDP,33,A. MORALES ROS,67.6305%,49.0292%,False,1,BUENO ARENAS ALBACETE BASKET,True
SEGUNDA FEB,ELIMINATORIAS 1/8 Final,CLÍNICA PONFERRADA SDP,33,A. MORALES ROS,30.3949%,74.6151%,True,1,BUENO ARENAS ALBACETE BASKET,True
SEGUNDA FEB,ELIMINATORIAS 1/8 Final,CLÍNICA PONFERRADA SDP,24,R. HAYES,8.74471%,45.122%,True,1,BUENO ARENAS ALBACETE BASKET,True
SEGUNDA FEB,ELIMINATORIAS 1/8 Final,CLÍNICA PONFERRADA SDP,9,R. BLAK MOLLER,18.1241%,7.68838%,True,1,BUENO ARENAS ALBACETE BASKET,True
SEGUNDA FEB,ELIMINATORIAS 1/8 Final,CLÍNICA PONFERRADA SDP,15,N. OKEKE,83.0748%,7.56234%,False,1,BUENO ARENAS ALBACETE BASKET,True
SEGUNDA FEB,ELIMINATORIAS 1/8 Final,CLÍNICA PONFERRADA SDP,24,R. HAYES,92.8773%,52.5583%,False,1,BUENO ARENAS ALBACETE BASKET,True
SEGUNDA FEB,ELIMINATORIAS 1/8 Final,CLÍNICA PONFERRADA SDP,15,N. OKEKE,6.69958%,54.953%,True,1,BUENO ARENAS ALBACETE BASKET,True
SEGUNDA FEB,ELIMINATORIAS 1/8 Final,CLÍNICA PONFERRADA SDP,15,N. OKEKE,91.9605%,52.3062%,False,1,BUENO ARENAS ALBACETE BASKET,True
SEGUNDA FEB,ELIMINATORIAS 1/8 Final,CLÍNICA PONFERRADA SDP,16,J. CERA RODRIGUEZ,7.12271%,55.4572%,True,1,BUENO ARENAS ALBACETE BASKET,True
SEGUNDA FEB,ELIMINATORIAS 1/8 Final,CLÍNICA PONFERRADA SDP,1,D. ORRIT SERRANO,94.7109%,57.5999%,False,1,BUENO ARENAS ALBACETE BASKET,True
SEGUNDA FEB,ELIMINATORIAS 1/8 Final,CLÍNICA PONFERRADA SDP,15,N. OKEKE,66.9958%,46.2563%,True,1,BUENO ARENAS ALBACETE BASKET,True
SEGUNDA FEB,ELIMINATORIAS 1/8 Final,CLÍNICA PONFERRADA SDP,16,J. CERA RODRIGUEZ,92.1721%,46.0043%,True,1,BUENO ARENAS ALBACETE BASKET,True
SEGUNDA FEB,ELIMINATORIAS 1/8 Final,CLÍNICA PONFERRADA SDP,15,N. OKEKE,89.6333%,5.7978%,True,1,BUENO ARENAS ALBACETE BASKET,True
SEGUNDA FEB,ELIMINATORIAS 1/8 Final,CLÍNICA PONFERRADA SDP,16,J. CERA RODRIGUEZ,92.9478%,61.0029%,False,1,BUENO ARENAS ALBACETE BASKET,True
SEGUNDA FEB,ELIMINATORIAS 1/8 Final,BUENO ARENAS ALBACETE BASKET,2,F. ANDRADE AMIEL,14.1749%,43.8616%,False,1,CLÍNICA PONFERRADA SDP,False
SEGUNDA FEB,ELIMINATORIAS 1/8 Final,BUENO ARENAS ALBACETE BASKET,10,S. MERLO,29.8307%,75.1193%,False,1,CLÍNICA PONFERRADA SDP,False
SEGUNDA FEB,ELIMINATORIAS 1/8 Final,BUENO ARENAS ALBACETE BASKET,3,V. AGUILAR HERNANDEZ,67.7715%,43.8616%,False,1,CLÍNICA PONFERRADA SDP,False
SEGUNDA FEB,ELIMINATORIAS 1/8 Final,BUENO ARENAS ALBACETE BASKET,3,V. AGUILAR HERNANDEZ,7.33427%,40.7106%,False,1,CLÍNICA PONFERRADA SDP,False
SEGUNDA FEB,ELIMINATORIAS 1/8 Final,BUENO ARENAS ALBACETE BASKET,21,M. VORONIN,91.89%,57.7259%,True,1,CLÍNICA PONFERRADA SDP,False
SEGUNDA FEB,ELIMINATORIAS 1/8 Final,BUENO ARENAS ALBACETE BASKET,47,J. HIERREZUELO SERER,32.0169%,69.4475%,False,1,CLÍNICA PONFERRADA SDP,False
SEGUNDA FEB,ELIMINATORIAS 1/8 Final,BUENO ARENAS ALBACETE BASKET,10,S. MERLO,68.6178%,68.8173%,True,1,CLÍNICA PONFERRADA SDP,False
SEGUNDA FEB,ELIMINATORIAS 1/8 Final,BUENO ARENAS ALBACETE BASKET,2,F. ANDRADE AMIEL,92.8068%,93.2689%,False,1,CLÍNICA PONFERRADA SDP,False
SEGUNDA FEB,ELIMINATORIAS 1/8 Final,BUENO ARENAS ALBACETE BASKET,21,M. VORONIN,7.75741%,83.5639%,True,1,CLÍNICA PONFERRADA SDP,False
SEGUNDA FEB,ELIMINATORIAS 1/8 Final,BUENO ARENAS ALBACETE BASKET,24,O. BRAMBLE,90.1269%,6.68007%,True,1,CLÍNICA PONFERRADA SDP,False
SEGUNDA FEB,ELIMINATORIAS 1/8 Final,BUENO ARENAS ALBACETE BASKET,5,N. REID,10.4372%,67.0528%,False,1,CLÍNICA PONFERRADA SDP,False
SEGUNDA FEB,ELIMINATORIAS 1/8 Final,BUENO ARENAS ALBACETE BASKET,44,B. VANACLOCHA SANCHEZ,93.4415%,45.5001%,True,1,CLÍNICA PONFERRADA SDP,False
SEGUNDA FEB,ELIMINATORIAS 1/8 Final,BUENO ARENAS ALBACETE BASKET,44,B. VANACLOCHA SANCHEZ,93.5825%,57.8519%,True,1,CLÍNICA PONFERRADA SDP,False
SEGUNDA FEB,ELIMINATORIAS 1/8 Final,BUENO ARENAS ALBACETE BASKET,3,V. AGUILAR HERNANDEZ,8.3921%,51.676%,True,1,CLÍNICA PONFERRADA SDP,False
SEGUNDA FEB,ELIMINATORIAS 1/8 Final,BUENO ARENAS ALBACETE BASKET,5,N. REID,94.0056%,32.0139%,False,1,CLÍNICA PONFERRADA SDP,False
SEGUNDA FEB,ELIMINATORIAS 1/8 Final,BUENO ARENAS ALBACETE BASKET,11,J. GONZALEZ ALBADALEJO,10.7193%,72.0944%,False,1,CLÍNICA PONFERRADA SDP,False
SEGUNDA FEB,ELIMINATORIAS 1/8 Final,BUENO ARENAS ALBACETE BASKET,3,V. AGUILAR HERNANDEZ,69.9577%,26.3422%,False,1,CLÍNICA PONFERRADA SDP,False
SEGUNDA FEB,ELIMINATORIAS 1/8 Final,BUENO ARENAS ALBACETE BASKET,11,J. GONZALEZ ALBADALEJO,4.86601%,59.7425%,False,1,CLÍNICA PONFERRADA SDP,False
SEGUNDA FEB,ELIMINATORIAS 1/8 Final,BUENO ARENAS ALBACETE BASKET,50,A. GARCIA BORREGO,90.1975%,47.8948%,True,1,CLÍNICA PONFERRADA SDP,False
SEGUNDA FEB,ELIMINATORIAS 1/8 Final,BUENO ARENAS ALBACETE BASKET,50,A. GARCIA BORREGO,26.5162%,15.7549%,False,1,CLÍNICA PONFERRADA SDP,False
SEGUNDA FEB,ELIMINATORIAS 1/8 Final,BUENO ARENAS ALBACETE BASKET,47,J. HIERREZUELO SERER,33.0748%,61.5071%,True,1,CLÍNICA PONFERRADA SDP,False
SEGUNDA FEB,ELIMINATORIAS 1/8 Final,BUENO ARENAS ALBACETE BASKET,5,N. REID,91.5374%,33.0222%,False,1,CLÍNICA PONFERRADA SDP,False
SEGUNDA FEB,ELIMINATORIAS 1/8 Final,BUENO ARENAS ALBACETE BASKET,3,V. AGUILAR HERNANDEZ,87.4471%,93.1429%,False,1,CLÍNICA PONFERRADA SDP,False
SEGUNDA FEB,ELIMINATORIAS 1/8 Final,BUENO ARENAS ALBACETE BASKET,10,S. MERLO,66.9253%,44.2397%,False,1,CLÍNICA PONFERRADA SDP,False
SEGUNDA FEB,ELIMINATORIAS 1/8 Final,BUENO ARENAS ALBACETE BASKET,3,V. AGUILAR HERNANDEZ,91.7489%,55.7093%,True,1,CLÍNICA PONFERRADA SDP,False
SEGUNDA FEB,ELIMINATORIAS 1/8 Final,BUENO ARENAS ALBACETE BASKET,21,M. VORONIN,91.3258%,56.3395%,False,1,CLÍNICA PONFERRADA SDP,False
SEGUNDA FEB,ELIMINATORIAS 1/8 Final,BUENO ARENAS ALBACETE BASKET,44,B. VANACLOCHA SANCHEZ,91.89%,56.2134%,True,1,CLÍNICA PONFERRADA SDP,False
SEGUNDA FEB,ELIMINATORIAS 1/8 Final,BUENO ARENAS ALBACETE BASKET,10,S. MERLO,60.2257%,43.7356%,False,1,CLÍNICA PONFERRADA SDP,False
SEGUNDA FEB,ELIMINATORIAS 1/8 Final,BUENO ARENAS ALBACETE BASKET,3,V. AGUILAR HERNANDEZ,32.9337%,63.9018%,False,1,CLÍNICA PONFERRADA SDP,False
SEGUNDA FEB,ELIMINATORIAS 1/8 Final,BUENO ARENAS ALBACETE BASKET,11,J. GONZALEZ ALBADALEJO,23.2017%,50.5417%,False,1,CLÍNICA PONFERRADA SDP,False
SEGUNDA FEB,ELIMINATORIAS 1/8 Final,BUENO ARENAS ALBACETE BASKET,47,J. HIERREZUELO SERER,27.5035%,17.6455%,True,1,CLÍNICA PONFERRADA SDP,False
SEGUNDA FEB,ELIMINATORIAS 1/8 Final,BUENO ARENAS ALBACETE BASKET,44,B. VANACLOCHA SANCHEZ,7.89845%,36.5513%,False,1,CLÍNICA PONFERRADA SDP,False
SEGUNDA FEB,ELIMINATORIAS 1/8 Final,BUENO ARENAS ALBACETE BASKET,50,A. GARCIA BORREGO,83.3568%,92.5127%,False,1,CLÍNICA PONFERRADA SDP,False
SEGUNDA FEB,ELIMINATORIAS 1/8 Final,BUENO ARENAS ALBACETE BASKET,3,V. AGUILAR HERNANDEZ,67.7715%,39.3242%,False,1,CLÍNICA PONFERRADA SDP,False
SEGUNDA FEB,ELIMINATORIAS 1/8 Final,BUENO ARENAS ALBACETE BASKET,47,J. HIERREZUELO SERER,66.5726%,63.3977%,False,1,CLÍNICA PONFERRADA SDP,False
SEGUNDA FEB,ELIMINATORIAS 1/8 Final,BUENO ARENAS ALBACETE BASKET,21,M. VORONIN,91.6079%,47.5167%,False,1,CLÍNICA PONFERRADA SDP,False
SEGUNDA FEB,ELIMINATORIAS 1/8 Final,BUENO ARENAS ALBACETE BASKET,47,J. HIERREZUELO SERER,33.0748%,39.7023%,False,1,CLÍNICA PONFERRADA SDP,False
SEGUNDA FEB,ELIMINATORIAS 1/8 Final,BUENO ARENAS ALBACETE BASKET,10,S. MERLO,91.89%,57.5999%,False,1,CLÍNICA PONFERRADA SDP,False
SEGUNDA FEB,ELIMINATORIAS 1/8 Final,BUENO ARENAS ALBACETE BASKET,3,V. AGUILAR HERNANDEZ,65.6559%,51.55%,True,1,CLÍNICA PONFERRADA SDP,False
SEGUNDA FEB,ELIMINATORIAS 1/8 Final,BUENO ARENAS ALBACETE BASKET,21,M. VORONIN,6.34697%,57.978%,True,1,CLÍNICA PONFERRADA SDP,False
SEGUNDA FEB,ELIMINATORIAS 1/8 Final,BUENO ARENAS ALBACETE BASKET,3,V. AGUILAR HERNANDEZ,93.0183%,3.78117%,False,1,CLÍNICA PONFERRADA SDP,False
SEGUNDA FEB,ELIMINATORIAS 1/8 Final,BUENO ARENAS ALBACETE BASKET,3,V. AGUILAR HERNANDEZ,94.8519%,60.7508%,False,1,CLÍNICA PONFERRADA SDP,False
SEGUNDA FEB,ELIMINATORIAS 1/8 Final,BUENO ARENAS ALBACETE BASKET,21,M. VORONIN,72.3554%,81.4212%,True,1,CLÍNICA PONFERRADA SDP,False
SEGUNDA FEB,ELIMINATORIAS 1/8 Final,BUENO ARENAS ALBACETE BASKET,50,A. GARCIA BORREGO,87.024%,94.1512%,False,1,CLÍNICA PONFERRADA SDP,False
SEGUNDA FEB,ELIMINATORIAS 1/8 Final,BUENO ARENAS ALBACETE BASKET,2,F. ANDRADE AMIEL,14.457%,67.1788%,False,1,CLÍNICA PONFERRADA SDP,False
SEGUNDA FEB,ELIMINATORIAS 1/8 Final,BUENO ARENAS ALBACETE BASKET,5,N. REID,92.2426%,58.7342%,True,1,CLÍNICA PONFERRADA SDP,False
SEGUNDA FEB,ELIMINATORIAS 1/8 Final,BUENO ARENAS ALBACETE BASKET,21,M. VORONIN,7.33427%,45.5001%,True,1,CLÍNICA PONFERRADA SDP,False
SEGUNDA FEB,ELIMINATORIAS 1/8 Final,BUENO ARENAS ALBACETE BASKET,50,A. GARCIA BORREGO,85.9662%,4.91552%,False,1,CLÍNICA PONFERRADA SDP,False
SEGUNDA FEB,ELIMINATORIAS 1/8 Final,BUENO ARENAS ALBACETE BASKET,10,S. MERLO,8.88575%,45.3741%,False,1,CLÍNICA PONFERRADA SDP,False
SEGUNDA FEB,ELIMINATORIAS 1/8 Final,BUENO ARENAS ALBACETE BASKET,11,J. GONZALEZ ALBADALEJO,8.67419%,53.8187%,True,1,CLÍNICA PONFERRADA SDP,False
SEGUNDA FEB,ELIMINATORIAS 1/8 Final,BUENO ARENAS ALBACETE BASKET,50,A. GARCIA BORREGO,13.0465%,55.2051%,False,1,CLÍNICA PONFERRADA SDP,False
SEGUNDA FEB,ELIMINATORIAS 1/8 Final,BUENO ARENAS ALBACETE BASKET,10,S. MERLO,34.4147%,48.399%,True,1,CLÍNICA PONFERRADA SDP,False
SEGUNDA FEB,ELIMINATORIAS 1/8 Final,BUENO ARENAS ALBACETE BASKET,21,M. VORONIN,89.8449%,5.29364%,False,1,CLÍNICA PONFERRADA SDP,False
SEGUNDA FEB,ELIMINATORIAS 1/8 Final,BUENO ARENAS ALBACETE BASKET,10,S. MERLO,30.6065%,71.4642%,False,1,CLÍNICA PONFERRADA SDP,False
SEGUNDA FEB,ELIMINATORIAS 1/8 Final,BUENO ARENAS ALBACETE BASKET,24,O. BRAMBLE,87.3766%,94.6553%,False,1,CLÍNICA PONFERRADA SDP,False
SEGUNDA FEB,ELIMINATORIAS 1/8 Final,BUENO ARENAS ALBACETE BASKET,10,S. MERLO,69.6051%,75.2453%,True,1,CLÍNICA PONFERRADA SDP,False
SEGUNDA FEB,ELIMINATORIAS 1/8 Final,BUENO ARENAS ALBACETE BASKET,21,M. VORONIN,76.4457%,88.6055%,False,1,CLÍNICA PONFERRADA SDP,False
SEGUNDA FEB,ELIMINATORIAS 1/8 Final,BUENO ARENAS ALBACETE BASKET,24,O. BRAMBLE,8.53315%,48.7771%,False,1,CLÍNICA PONFERRADA SDP,False
SEGUNDA FEB,ELIMINATORIAS 1/8 Final,BUENO ARENAS ALBACETE BASKET,10,S. MERLO,24.189%,12.6039%,True,1,CLÍNICA PONFERRADA SDP,False
SEGUNDA FEB,ELIMINATORIAS 1/8 Final,BUENO ARENAS ALBACETE BASKET,5,N. REID,26.7983%,82.9337%,False,1,CLÍNICA PONFERRADA SDP,False
SEGUNDA FEB,ELIMINATORIAS 1/8 Final,BUENO ARENAS ALBACETE BASKET,50,A. GARCIA BORREGO,88.5755%,46.2563%,True,1,CLÍNICA PONFERRADA SDP,False
SEGUNDA FEB,ELIMINATORIAS 1/8 Final,BUENO ARENAS ALBACETE BASKET,2,F. ANDRADE AMIEL,72.0028%,19.9142%,True,1,CLÍNICA PONFERRADA SDP,False
SEGUNDA FEB,ELIMINATORIAS 1/8 Final,BUENO ARENAS ALBACETE BASKET,10,S. MERLO,70.7334%,74.7412%,False,1,CLÍNICA PONFERRADA SDP,False
SEGUNDA FEB,ELIMINATORIAS 1/8 Final,BUENO ARENAS ALBACETE BASKET,47,J. HIERREZUELO SERER,92.5952%,51.676%,True,1,CLÍNICA PONFERRADA SDP,False
SEGUNDA FEB,"Liga Regular ""ESTE""",HOMS U.E.MATARÓ,0,F. GARRIDO TEBAN,24.8237%,88.4794%,False,1,CLASS BASQUET SANT ANTONI,True
SEGUNDA FEB,"Liga Regular ""ESTE""",HOMS U.E.MATARÓ,8,J. JUANOLA MADERA,11.0719%,44.1137%,True,1,CLASS BASQUET SANT ANTONI,True
SEGUNDA FEB,"Liga Regular ""ESTE""",HOMS U.E.MATARÓ,22,E. COLL COMABELLA,22.6375%,6.42799%,False,1,CLASS BASQUET SANT ANTONI,True
SEGUNDA FEB,"Liga Regular ""ESTE""",HOMS U.E.MATARÓ,3,S. HALL,6.1354%,37.8117%,False,1,CLASS BASQUET SANT ANTONI,True
SEGUNDA FEB,"Liga Regular ""ESTE""",HOMS U.E.MATARÓ,8,J. JUANOLA MADERA,94.0762%,47.0126%,True,1,CLASS BASQUET SANT ANTONI,True
SEGUNDA FEB,"Liga Regular ""ESTE""",HOMS U.E.MATARÓ,21,E. KALU,8.03949%,57.978%,False,1,CLASS BASQUET SANT ANTONI,True
SEGUNDA FEB,"Liga Regular ""ESTE""",HOMS U.E.MATARÓ,8,J. JUANOLA MADERA,22.2144%,5.7978%,False,1,CLASS BASQUET SANT ANTONI,True
SEGUNDA FEB,"Liga Regular ""ESTE""",HOMS U.E.MATARÓ,8,J. JUANOLA MADERA,94.9929%,60.8769%,False,1,CLASS BASQUET SANT ANTONI,True
SEGUNDA FEB,"Liga Regular ""ESTE""",HOMS U.E.MATARÓ,8,J. JUANOLA MADERA,25.1763%,47.3907%,False,1,CLASS BASQUET SANT ANTONI,True
SEGUNDA FEB,"Liga Regular ""ESTE""",HOMS U.E.MATARÓ,3,S. HALL,30.7475%,25.3339%,True,1,CLASS BASQUET SANT ANTONI,True
SEGUNDA FEB,"Liga Regular ""ESTE""",HOMS U.E.MATARÓ,10,S. NIANG BEYE,89.1396%,78.0182%,False,1,CLASS BASQUET SANT ANTONI,True
SEGUNDA FEB,"Liga Regular ""ESTE""",HOMS U.E.MATARÓ,0,F. GARRIDO TEBAN,7.19323%,2.8989%,True,1,CLASS BASQUET SANT ANTONI,True
SEGUNDA FEB,"Liga Regular ""ESTE""",HOMS U.E.MATARÓ,8,J. JUANOLA MADERA,93.0889%,37.4336%,False,1,CLASS BASQUET SANT ANTONI,True
SEGUNDA FEB,"Liga Regular ""ESTE""",HOMS U.E.MATARÓ,15,G. MARTINEZ RIVERA,11.8477%,43.2314%,True,1,CLASS BASQUET SANT ANTONI,True
SEGUNDA FEB,"Liga Regular ""ESTE""",HOMS U.E.MATARÓ,22,E. COLL COMABELLA,87.0945%,94.1512%,False,1,CLASS BASQUET SANT ANTONI,True
SEGUNDA FEB,"Liga Regular ""ESTE""",HOMS U.E.MATARÓ,10,S. NIANG BEYE,35.9661%,63.5237%,False,1,CLASS BASQUET SANT ANTONI,True
SEGUNDA FEB,"Liga Regular ""ESTE""",HOMS U.E.MATARÓ,15,G. MARTINEZ RIVERA,62.7645%,23.3172%,False,1,CLASS BASQUET SANT ANTONI,True
SEGUNDA FEB,"Liga Regular ""ESTE""",HOMS U.E.MATARÓ,3,S. HALL,31.3822%,26.5942%,True,1,CLASS BASQUET SANT ANTONI,True
SEGUNDA FEB,"Liga Regular ""ESTE""",HOMS U.E.MATARÓ,8,J. JUANOLA MADERA,94.5698%,62.8935%,True,1,CLASS BASQUET SANT ANTONI,True
SEGUNDA FEB,"Liga Regular ""ESTE""",HOMS U.E.MATARÓ,3,S. HALL,93.9351%,61.1289%,False,1,CLASS BASQUET SANT ANTONI,True
SEGUNDA FEB,"Liga Regular ""ESTE""",HOMS U.E.MATARÓ,8,J. JUANOLA MADERA,90.5501%,49.9115%,True,1,CLASS BASQUET SANT ANTONI,True
SEGUNDA FEB,"Liga Regular ""ESTE""",HOMS U.E.MATARÓ,9,N. FERRER IGLESIA,9.87306%,55.4572%,False,1,CLASS BASQUET SANT ANTONI,True
SEGUNDA FEB,"Liga Regular ""ESTE""",HOMS U.E.MATARÓ,21,E. KALU,14.8096%,42.0971%,False,1,CLASS BASQUET SANT ANTONI,True
SEGUNDA FEB,"Liga Regular ""ESTE""",HOMS U.E.MATARÓ,8,J. JUANOLA MADERA,63.7518%,35.417%,False,1,CLASS BASQUET SANT ANTONI,True
SEGUNDA FEB,"Liga Regular ""ESTE""",HOMS U.E.MATARÓ,22,E. COLL COMABELLA,79.6192%,91.5044%,False,1,CLASS BASQUET SANT ANTONI,True
SEGUNDA FEB,"Liga Regular ""ESTE""",HOMS U.E.MATARÓ,9,N. FERRER IGLESIA,94.4993%,36.1732%,False,1,CLASS BASQUET SANT ANTONI,True
SEGUNDA FEB,"Liga Regular ""ESTE""",HOMS U.E.MATARÓ,8,J. JUANOLA MADERA,8.18054%,43.7356%,True,1,CLASS BASQUET SANT ANTONI,True
SEGUNDA FEB,"Liga Regular ""ESTE""",HOMS U.E.MATARÓ,8,J. JUANOLA MADERA,37.7292%,23.4433%,False,1,CLASS BASQUET SANT ANTONI,True
SEGUNDA FEB,"Liga Regular ""ESTE""",HOMS U.E.MATARÓ,8,J. JUANOLA MADERA,73.8364%,19.1579%,True,1,CLASS BASQUET SANT ANTONI,True
SEGUNDA FEB,"Liga Regular ""ESTE""",HOMS U.E.MATARÓ,15,G. MARTINEZ RIVERA,63.1171%,42.8533%,False,1,CLASS BASQUET SANT ANTONI,True
SEGUNDA FEB,"Liga Regular ""ESTE""",HOMS U.E.MATARÓ,10,S. NIANG BEYE,91.4669%,42.9793%,True,1,CLASS BASQUET SANT ANTONI,True
SEGUNDA FEB,"Liga Regular ""ESTE""",HOMS U.E.MATARÓ,8,J. JUANOLA MADERA,94.5698%,44.7439%,True,1,CLASS BASQUET SANT ANTONI,True
SEGUNDA FEB,"Liga Regular ""ESTE""",HOMS U.E.MATARÓ,15,G. MARTINEZ RIVERA,8.46262%,54.3228%,True,1,CLASS BASQUET SANT ANTONI,True
SEGUNDA FEB,"Liga Regular ""ESTE""",HOMS U.E.MATARÓ,9,N. FERRER IGLESIA,95.0635%,55.0791%,True,1,CLASS BASQUET SANT ANTONI,True
SEGUNDA FEB,"Liga Regular ""ESTE""",HOMS U.E.MATARÓ,3,S. HALL,13.8223%,52.3062%,True,1,CLASS BASQUET SANT ANTONI,True
SEGUNDA FEB,"Liga Regular ""ESTE""",HOMS U.E.MATARÓ,9,N. FERRER IGLESIA,93.0183%,46.7605%,False,1,CLASS BASQUET SANT ANTONI,True
SEGUNDA FEB,"Liga Regular ""ESTE""",HOMS U.E.MATARÓ,3,S. HALL,93.9351%,61.1289%,False,1,CLASS BASQUET SANT ANTONI,True
SEGUNDA FEB,"Liga Regular ""ESTE""",HOMS U.E.MATARÓ,8,J. JUANOLA MADERA,71.7913%,78.3963%,False,1,CLASS BASQUET SANT ANTONI,True
SEGUNDA FEB,"Liga Regular ""ESTE""",HOMS U.E.MATARÓ,3,S. HALL,92.3131%,63.0195%,True,1,CLASS BASQUET SANT ANTONI,True
SEGUNDA FEB,"Liga Regular ""ESTE""",HOMS U.E.MATARÓ,8,J. JUANOLA MADERA,91.7489%,39.5763%,True,1,CLASS BASQUET SANT ANTONI,True
SEGUNDA FEB,"Liga Regular ""ESTE""",HOMS U.E.MATARÓ,0,F. GARRIDO TEBAN,92.6657%,7.56234%,False,1,CLASS BASQUET SANT ANTONI,True
SEGUNDA FEB,"Liga Regular ""ESTE""",HOMS U.E.MATARÓ,3,S. HALL,34.4147%,68.8173%,False,1,CLASS BASQUET SANT ANTONI,True
SEGUNDA FEB,"Liga Regular ""ESTE""",HOMS U.E.MATARÓ,8,J. JUANOLA MADERA,14.457%,62.8935%,True,1,CLASS BASQUET SANT ANTONI,True
SEGUNDA FEB,"Liga Regular ""ESTE""",HOMS U.E.MATARÓ,8,J. JUANOLA MADERA,13.7518%,28.7369%,False,1,CLASS BASQUET SANT ANTONI,True
SEGUNDA FEB,"Liga Regular ""ESTE""",HOMS U.E.MATARÓ,6,J. CASTILLO CARRASCO,30.0423%,76.5057%,False,1,CLASS BASQUET SANT ANTONI,True
SEGUNDA FEB,"Liga Regular ""ESTE""",HOMS U.E.MATARÓ,8,J. JUANOLA MADERA,20.5219%,29.8713%,False,1,CLASS BASQUET SANT ANTONI,True
SEGUNDA FEB,"Liga Regular ""ESTE""",HOMS U.E.MATARÓ,15,G. MARTINEZ RIVERA,77.3625%,90.8742%,False,1,CLASS BASQUET SANT ANTONI,True
SEGUNDA FEB,"Liga Regular ""ESTE""",HOMS U.E.MATARÓ,10,S. NIANG BEYE,17.9126%,37.3076%,False,1,CLASS BASQUET SANT ANTONI,True
SEGUNDA FEB,"Liga Regular ""ESTE""",HOMS U.E.MATARÓ,10,S. NIANG BEYE,17.0663%,93.1429%,False,1,CLASS BASQUET SANT ANTONI,True
SEGUNDA FEB,"Liga Regular ""ESTE""",HOMS U.E.MATARÓ,3,S. HALL,25.952%,82.1775%,False,1,CLASS BASQUET SANT ANTONI,True
SEGUNDA FEB,"Liga Regular ""ESTE""",HOMS U.E.MATARÓ,3,S. HALL,86.4598%,21.5527%,False,1,CLASS BASQUET SANT ANTONI,True
SEGUNDA FEB,"Liga Regular ""ESTE""",HOMS U.E.MATARÓ,15,G. MARTINEZ RIVERA,87.0945%,6.68007%,False,1,CLASS BASQUET SANT ANTONI,True
SEGUNDA FEB,"Liga Regular ""ESTE""",HOMS U.E.MATARÓ,15,G. MARTINEZ RIVERA,8.11001%,63.6497%,False,1,CLASS BASQUET SANT ANTONI,True
SEGUNDA FEB,"Liga Regular ""ESTE""",HOMS U.E.MATARÓ,8,J. JUANOLA MADERA,91.6079%,43.8616%,False,1,CLASS BASQUET SANT ANTONI,True
SEGUNDA FEB,"Liga Regular ""ESTE""",HOMS U.E.MATARÓ,8,J. JUANOLA MADERA,14.1044%,72.3464%,False,1,CLASS BASQUET SANT ANTONI,True
SEGUNDA FEB,"Liga Regular ""ESTE""",HOMS U.E.MATARÓ,15,G. MARTINEZ RIVERA,33.78%,27.0984%,True,1,CLASS BASQUET SANT ANTONI,True
SEGUNDA FEB,"Liga Regular ""ESTE""",HOMS U.E.MATARÓ,15,G. MARTINEZ RIVERA,93.5825%,63.0195%,False,1,CLASS BASQUET SANT ANTONI,True
SEGUNDA FEB,"Liga Regular ""ESTE""",HOMS U.E.MATARÓ,8,J. JUANOLA MADERA,66.22%,43.8616%,False,1,CLASS BASQUET SANT ANTONI,True
SEGUNDA FEB,"Liga Regular ""ESTE""",HOMS U.E.MATARÓ,8,J. JUANOLA MADERA,31.9464%,52.3062%,True,1,CLASS BASQUET SANT ANTONI,True
SEGUNDA FEB,"Liga Regular ""ESTE""",HOMS U.E.MATARÓ,8,J. JUANOLA MADERA,92.4542%,42.6012%,True,1,CLASS BASQUET SANT ANTONI,True
SEGUNDA FEB,"Liga Regular ""ESTE""",HOMS U.E.MATARÓ,3,S. HALL,22.2144%,5.7978%,True,1,CLASS BASQUET SANT ANTONI,True
SEGUNDA FEB,"Liga Regular ""ESTE""",CLASS BASQUET SANT ANTONI,17,E. STOILOV,13.4697%,47.3907%,True,1,HOMS U.E.MATARÓ,False
SEGUNDA FEB,"Liga Regular ""ESTE""",CLASS BASQUET SANT ANTONI,2,G. GANTT,24.33%,89.8659%,False,1,HOMS U.E.MATARÓ,False
SEGUNDA FEB,"Liga Regular ""ESTE""",CLASS BASQUET SANT ANTONI,11,M. ISSOUF,22.2144%,54.953%,False,1,HOMS U.E.MATARÓ,False
SEGUNDA FEB,"Liga Regular ""ESTE""",CLASS BASQUET SANT ANTONI,32,J. SOLARIN,17.701%,33.6524%,False,1,HOMS U.E.MATARÓ,False
SEGUNDA FEB,"Liga Regular ""ESTE""",CLASS BASQUET SANT ANTONI,14,R. GOMEZ BARRAL,67.4189%,58.9863%,False,1,HOMS U.E.MATARÓ,False
SEGUNDA FEB,"Liga Regular ""ESTE""",CLASS BASQUET SANT ANTONI,32,J. SOLARIN,72.0028%,20.7964%,False,1,HOMS U.E.MATARÓ,False
SEGUNDA FEB,"Liga Regular ""ESTE""",CLASS BASQUET SANT ANTONI,14,R. GOMEZ BARRAL,91.3963%,46.2563%,True,1,HOMS U.E.MATARÓ,False
SEGUNDA FEB,"Liga Regular ""ESTE""",CLASS BASQUET SANT ANTONI,4,G. BLAT BAEZA,11.9182%,46.2563%,True,1,HOMS U.E.MATARÓ,False
SEGUNDA FEB,"Liga Regular ""ESTE""",CLASS BASQUET SANT ANTONI,4,G. BLAT BAEZA,30.6065%,21.4266%,False,1,HOMS U.E.MATARÓ,False
SEGUNDA FEB,"Liga Regular ""ESTE""",CLASS BASQUET SANT ANTONI,4,G. BLAT BAEZA,15.3738%,64.7841%,False,1,HOMS U.E.MATARÓ,False
SEGUNDA FEB,"Liga Regular ""ESTE""",CLASS BASQUET SANT ANTONI,4,G. BLAT BAEZA,11.6361%,65.7924%,False,1,HOMS U.E.MATARÓ,False
SEGUNDA FEB,"Liga Regular ""ESTE""",CLASS BASQUET SANT ANTONI,10,D. DE LA RUA DE AGUSTIN,78.4203%,57.2217%,True,1,HOMS U.E.MATARÓ,False
SEGUNDA FEB,"Liga Regular ""ESTE""",CLASS BASQUET SANT ANTONI,4,G. BLAT BAEZA,80.3949%,90.244%,False,1,HOMS U.E.MATARÓ,False
SEGUNDA FEB,"Liga Regular ""ESTE""",CLASS BASQUET SANT ANTONI,4,G. BLAT BAEZA,12.7645%,43.9876%,False,1,HOMS U.E.MATARÓ,False
SEGUNDA FEB,"Liga Regular ""ESTE""",CLASS BASQUET SANT ANTONI,14,R. GOMEZ BARRAL,72.7786%,22.435%,False,1,HOMS U.E.MATARÓ,False
SEGUNDA FEB,"Liga Regular ""ESTE""",CLASS BASQUET SANT ANTONI,4,G. BLAT BAEZA,9.0268%,61.6331%,False,1,HOMS U.E.MATARÓ,False
SEGUNDA FEB,"Liga Regular ""ESTE""",CLASS BASQUET SANT ANTONI,17,E. STOILOV,91.7489%,66.4226%,False,1,HOMS U.E.MATARÓ,False
SEGUNDA FEB,"Liga Regular ""ESTE""",CLASS BASQUET SANT ANTONI,10,D. DE LA RUA DE AGUSTIN,76.9394%,28.3588%,False,1,HOMS U.E.MATARÓ,False
SEGUNDA FEB,"Liga Regular ""ESTE""",CLASS BASQUET SANT ANTONI,19,S. PAZ VAZQUEZ,77.1509%,87.7232%,False,1,HOMS U.E.MATARÓ,False
SEGUNDA FEB,"Liga Regular ""ESTE""",CLASS BASQUET SANT ANTONI,10,D. DE LA RUA DE AGUSTIN,82.6516%,51.9281%,True,1,HOMS U.E.MATARÓ,False
SEGUNDA FEB,"Liga Regular ""ESTE""",CLASS BASQUET SANT ANTONI,10,D. DE LA RUA DE AGUSTIN,92.2426%,56.2134%,True,1,HOMS U.E.MATARÓ,False
SEGUNDA FEB,"Liga Regular ""ESTE""",CLASS BASQUET SANT ANTONI,32,J. SOLARIN,17.6305%,32.8962%,False,1,HOMS U.E.MATARÓ,False
SEGUNDA FEB,"Liga Regular ""ESTE""",CLASS BASQUET SANT ANTONI,2,G. GANTT,33.7094%,51.8021%,False,1,HOMS U.E.MATARÓ,False
SEGUNDA FEB,"Liga Regular ""ESTE""",CLASS BASQUET SANT ANTONI,11,M. ISSOUF,11.9887%,26.4682%,False,1,HOMS U.E.MATARÓ,False
SEGUNDA FEB,"Liga Regular ""ESTE""",CLASS BASQUET SANT ANTONI,99,I. RUIZ GONZALEZ,17.4894%,92.1346%,False,1,HOMS U.E.MATARÓ,False
SEGUNDA FEB,"Liga Regular ""ESTE""",CLASS BASQUET SANT ANTONI,10,D. DE LA RUA DE AGUSTIN,79.9013%,22.8131%,False,1,HOMS U.E.MATARÓ,False
SEGUNDA FEB,"Liga Regular ""ESTE""",CLASS BASQUET SANT ANTONI,11,M. ISSOUF,14.6685%,77.7661%,False,1,HOMS U.E.MATARÓ,False
SEGUNDA FEB,"Liga Regular ""ESTE""",CLASS BASQUET SANT ANTONI,99,I. RUIZ GONZALEZ,77.433%,51.4239%,True,1,HOMS U.E.MATARÓ,False
SEGUNDA FEB,"Liga Regular ""ESTE""",CLASS BASQUET SANT ANTONI,17,E. STOILOV,7.33427%,62.1373%,True,1,HOMS U.E.MATARÓ,False
SEGUNDA FEB,"Liga Regular ""ESTE""",CLASS BASQUET SANT ANTONI,4,G. BLAT BAEZA,7.89845%,54.953%,True,1,HOMS U.E.MATARÓ,False
SEGUNDA FEB,"Liga Regular ""ESTE""",CLASS BASQUET SANT ANTONI,32,J. SOLARIN,91.4669%,45.8782%,True,1,HOMS U.E.MATARÓ,False
SEGUNDA FEB,"Liga Regular ""ESTE""",CLASS BASQUET SANT ANTONI,14,R. GOMEZ BARRAL,72.1439%,75.8755%,False,1,HOMS U.E.MATARÓ,False
SEGUNDA FEB,"Liga Regular ""ESTE""",CLASS BASQUET SANT ANTONI,4,G. BLAT BAEZA,26.3047%,83.3118%,False,1,HOMS U.E.MATARÓ,False
SEGUNDA FEB,"Liga Regular ""ESTE""",CLASS BASQUET SANT ANTONI,10,D. DE LA RUA DE AGUSTIN,92.7362%,60.2467%,False,1,HOMS U.E.MATARÓ,False
SEGUNDA FEB,"Liga Regular ""ESTE""",CLASS BASQUET SANT ANTONI,32,J. SOLARIN,16.5021%,36.8034%,False,1,HOMS U.E.MATARÓ,False
SEGUNDA FEB,"Liga Regular ""ESTE""",CLASS BASQUET SANT ANTONI,9,J. RODRIGUEZ JIMENEZ,22.6375%,8.57066%,False,1,HOMS U.E.MATARÓ,False
SEGUNDA FEB,"Liga Regular ""ESTE""",CLASS BASQUET SANT ANTONI,9,J. RODRIGUEZ JIMENEZ,10.2257%,56.4655%,True,1,HOMS U.E.MATARÓ,False
SEGUNDA FEB,"Liga Regular ""ESTE""",CLASS BASQUET SANT ANTONI,2,G. GANTT,77.8561%,68.4392%,False,1,HOMS U.E.MATARÓ,False
SEGUNDA FEB,"Liga Regular ""ESTE""",CLASS BASQUET SANT ANTONI,2,G. GANTT,82.4401%,52.6843%,False,1,HOMS U.E.MATARÓ,False
SEGUNDA FEB,"Liga Regular ""ESTE""",CLASS BASQUET SANT ANTONI,9,J. RODRIGUEZ JIMENEZ,13.9633%,53.1885%,False,1,HOMS U.E.MATARÓ,False
SEGUNDA FEB,"Liga Regular ""ESTE""",CLASS BASQUET SANT ANTONI,32,J. SOLARIN,89.9859%,34.0305%,False,1,HOMS U.E.MATARÓ,False
SEGUNDA FEB,"Liga Regular ""ESTE""",CLASS BASQUET SANT ANTONI,17,E. STOILOV,93.0889%,48.0209%,True,1,HOMS U.E.MATARÓ,False
SEGUNDA FEB,"Liga Regular ""ESTE""",CLASS BASQUET SANT ANTONI,4,G. BLAT BAEZA,5.50071%,54.0708%,True,1,HOMS U.E.MATARÓ,False
SEGUNDA FEB,"Liga Regular ""ESTE""",CLASS BASQUET SANT ANTONI,14,R. GOMEZ BARRAL,22.567%,89.9919%,True,1,HOMS U.E.MATARÓ,False
SEGUNDA FEB,"Liga Regular ""ESTE""",CLASS BASQUET SANT ANTONI,17,E. STOILOV,18.0536%,30.6275%,False,1,HOMS U.E.MATARÓ,False
SEGUNDA FEB,"Liga Regular ""ESTE""",CLASS BASQUET SANT ANTONI,32,J. SOLARIN,32.8632%,56.5915%,False,1,HOMS U.E.MATARÓ,False
SEGUNDA FEB,"Liga Regular ""ESTE""",CLASS BASQUET SANT ANTONI,19,S. PAZ VAZQUEZ,94.2172%,40.7106%,True,1,HOMS U.E.MATARÓ,False
SEGUNDA FEB,"Liga Regular ""ESTE""",CLASS BASQUET SANT ANTONI,19,S. PAZ VAZQUEZ,26.3752%,83.816%,False,1,HOMS U.E.MATARÓ,False
SEGUNDA FEB,"Liga Regular ""ESTE""",CLASS BASQUET SANT ANTONI,4,G. BLAT BAEZA,90.0564%,56.7176%,True,1,HOMS U.E.MATARÓ,False
SEGUNDA FEB,"Liga Regular ""ESTE""",CLASS BASQUET SANT ANTONI,14,R. GOMEZ BARRAL,92.031%,9.20085%,False,1,HOMS U.E.MATARÓ,False
SEGUNDA FEB,"Liga Regular ""ESTE""",CLASS BASQUET SANT ANTONI,14,R. GOMEZ BARRAL,16.9958%,94.4033%,False,1,HOMS U.E.MATARÓ,False
SEGUNDA FEB,"Liga Regular ""ESTE""",CLASS BASQUET SANT ANTONI,2,G. GANTT,84.8378%,16.3851%,False,1,HOMS U.E.MATARÓ,False
SEGUNDA FEB,"Liga Regular ""ESTE""",CLASS BASQUET SANT ANTONI,32,J. SOLARIN,94.2172%,40.7106%,False,1,HOMS U.E.MATARÓ,False
SEGUNDA FEB,"Liga Regular ""ESTE""",CLASS BASQUET SANT ANTONI,2,G. GANTT,10.0846%,69.4475%,False,1,HOMS U.E.MATARÓ,False
SEGUNDA FEB,"Liga Regular ""ESTE""",CLASS BASQUET SANT ANTONI,9,J. RODRIGUEZ JIMENEZ,22.6375%,11.3435%,True,1,HOMS U.E.MATARÓ,False
SEGUNDA FEB,"Liga Regular ""ESTE""",CLASS BASQUET SANT ANTONI,10,D. DE LA RUA DE AGUSTIN,92.6657%,51.1719%,False,1,HOMS U.E.MATARÓ,False
SEGUNDA FEB,"Liga Regular ""ESTE""",CLASS BASQUET SANT ANTONI,32,J. SOLARIN,32.299%,31.7618%,False,1,HOMS U.E.MATARÓ,False
SEGUNDA FEB,"Liga Regular ""ESTE""",CLASS BASQUET SANT ANTONI,32,J. SOLARIN,35.7546%,35.2909%,False,1,HOMS U.E.MATARÓ,False
SEGUNDA FEB,"Liga Regular ""ESTE""",CLASS BASQUET SANT ANTONI,14,R. GOMEZ BARRAL,91.0437%,49.4073%,False,1,HOMS U.E.MATARÓ,False
SEGUNDA FEB,"Liga Regular ""ESTE""",CLASS BASQUET SANT ANTONI,19,S. PAZ VAZQUEZ,13.3992%,56.3395%,True,1,HOMS U.E.MATARÓ,False
SEGUNDA FEB,"Liga Regular ""ESTE""",CLASS BASQUET SANT ANTONI,2,G. GANTT,87.7292%,72.7245%,False,1,HOMS U.E.MATARÓ,False
SEGUNDA FEB,"Liga Regular ""ESTE""",CLASS BASQUET SANT ANTONI,2,G. GANTT,93.1594%,61.1289%,True,1,HOMS U.E.MATARÓ,False
SEGUNDA FEB,"Liga Regular ""ESTE""",CLASS BASQUET SANT ANTONI,17,E. STOILOV,10.5783%,48.9032%,True,1,HOMS U.E.MATARÓ,False
SEGUNDA FEB,"Liga Regular ""ESTE""",CLASS BASQUET SANT ANTONI,19,S. PAZ VAZQUEZ,15.0917%,38.3159%,False,1,HOMS U.E.MATARÓ,False
SEGUNDA FEB,"Liga Regular ""ESTE""",CLASS BASQUET SANT ANTONI,14,R. GOMEZ BARRAL,19.9577%,90.6221%,True,1,HOMS U.E.MATARÓ,False
SEGUNDA FEB,"Liga Regular ""ESTE""",CLASS BASQUET SANT ANTONI,17,E. STOILOV,94.8519%,51.55%,True,1,HOMS U.E.MATARÓ,False
SEGUNDA FEB,"Liga Regular ""ESTE""",CLASS BASQUET SANT ANTONI,4,G. BLAT BAEZA,15.7969%,56.0874%,False,1,HOMS U.E.MATARÓ,False
SEGUNDA FEB,"Liga Regular ""ESTE""",CLASS BASQUET SANT ANTONI,2,G. GANTT,94.5698%,4.53741%,True,1,HOMS U.E.MATARÓ,False
SEGUNDA FEB,"Liga Regular ""ESTE""",CLASS BASQUET SANT ANTONI,32,J. SOLARIN,21.7207%,29.9973%,True,1,HOMS U.E.MATARÓ,False
SEGUNDA FEB,"Liga Regular ""ESTE""",CLASS BASQUET SANT ANTONI,14,R. GOMEZ BARRAL,68.6178%,65.9184%,True,1,HOMS U.E.MATARÓ,False
SEGUNDA FEB,"Liga Regular ""ESTE""",PROINBENI UPB GANDIA,6,C. HURTADO CERVANTES,33.0748%,69.4475%,False,1,C.B. GETAFE,True
SEGUNDA FEB,"Liga Regular ""ESTE""",PROINBENI UPB GANDIA,22,J. SANTANA LUCHORO,24.048%,86.4628%,False,1,C.B. GETAFE,True
SEGUNDA FEB,"Liga Regular ""ESTE""",PROINBENI UPB GANDIA,22,J. SANTANA LUCHORO,25.5289%,10.5873%,True,1,C.B. GETAFE,True
SEGUNDA FEB,"Liga Regular ""ESTE""",PROINBENI UPB GANDIA,6,C. HURTADO CERVANTES,68.6883%,70.2038%,False,1,C.B. GETAFE,True
SEGUNDA FEB,"Liga Regular ""ESTE""",PROINBENI UPB GANDIA,14,D. ILINCIC,11.213%,43.8616%,True,1,C.B. GETAFE,True
SEGUNDA FEB,"Liga Regular ""ESTE""",PROINBENI UPB GANDIA,13,L. FERRANDO ORTELLS,10.9309%,33.6524%,False,1,C.B. GETAFE,True
SEGUNDA FEB,"Liga Regular ""ESTE""",PROINBENI UPB GANDIA,7,K. GREELEY,89.9154%,50.2896%,True,1,C.B. GETAFE,True
SEGUNDA FEB,"Liga Regular ""ESTE""",PROINBENI UPB GANDIA,7,K. GREELEY,15.5853%,62.6414%,False,1,C.B. GETAFE,True
SEGUNDA FEB,"Liga Regular ""ESTE""",PROINBENI UPB GANDIA,11,J. MOLINA MARTINEZ,74.8237%,12.856%,True,1,C.B. GETAFE,True
SEGUNDA FEB,"Liga Regular ""ESTE""",PROINBENI UPB GANDIA,24,A. BELLVER VALIENTE,73.3427%,14.7466%,False,1,C.B. GETAFE,True
SEGUNDA FEB,"Liga Regular ""ESTE""",PROINBENI UPB GANDIA,11,J. MOLINA MARTINEZ,87.5176%,43.8616%,True,1,C.B. GETAFE,True
SEGUNDA FEB,"Liga Regular ""ESTE""",PROINBENI UPB GANDIA,11,J. MOLINA MARTINEZ,88.646%,5.54572%,False,1,C.B. GETAFE,True
SEGUNDA FEB,"Liga Regular ""ESTE""",PROINBENI UPB GANDIA,35,J. BITJAA KODY,74.4006%,88.4794%,True,1,C.B. GETAFE,True
SEGUNDA FEB,"Liga Regular ""ESTE""",PROINBENI UPB GANDIA,13,L. FERRANDO ORTELLS,10.5783%,47.6428%,False,1,C.B. GETAFE,True
SEGUNDA FEB,"Liga Regular ""ESTE""",PROINBENI UPB GANDIA,16,J. SOLER CIRUJEDA,69.6051%,19.284%,False,1,C.B. GETAFE,True
SEGUNDA FEB,"Liga Regular ""ESTE""",PROINBENI UPB GANDIA,11,J. MOLINA MARTINEZ,87.5882%,43.9876%,False,1,C.B. GETAFE,True
SEGUNDA FEB,"Liga Regular ""ESTE""",PROINBENI UPB GANDIA,13,L. FERRANDO ORTELLS,81.8759%,30.6275%,False,1,C.B. GETAFE,True
SEGUNDA FEB,"Liga Regular ""ESTE""",PROINBENI UPB GANDIA,7,K. GREELEY,83.4979%,54.953%,False,1,C.B. GETAFE,True
SEGUNDA FEB,"Liga Regular ""ESTE""",PROINBENI UPB GANDIA,5,G. PEREZ RAMIREZ,80.2539%,31.7618%,True,1,C.B. GETAFE,True
SEGUNDA FEB,"Liga Regular ""ESTE""",PROINBENI UPB GANDIA,35,J. BITJAA KODY,87.3766%,53.1885%,True,1,C.B. GETAFE,True
SEGUNDA FEB,"Liga Regular ""ESTE""",PROINBENI UPB GANDIA,5,G. PEREZ RAMIREZ,12.4824%,37.4336%,True,1,C.B. GETAFE,True
SEGUNDA FEB,"Liga Regular ""ESTE""",PROINBENI UPB GANDIA,5,G. PEREZ RAMIREZ,65.9379%,42.4752%,True,1,C.B. GETAFE,True
SEGUNDA FEB,"Liga Regular ""ESTE""",PROINBENI UPB GANDIA,7,K. GREELEY,9.37941%,48.399%,True,1,C.B. GETAFE,True
SEGUNDA FEB,"Liga Regular ""ESTE""",PROINBENI UPB GANDIA,11,J. MOLINA MARTINEZ,92.9478%,56.0874%,False,1,C.B. GETAFE,True
SEGUNDA FEB,"Liga Regular ""ESTE""",PROINBENI UPB GANDIA,11,J. MOLINA MARTINEZ,68.7588%,83.6899%,True,1,C.B. GETAFE,True
SEGUNDA FEB,"Liga Regular ""ESTE""",PROINBENI UPB GANDIA,7,K. GREELEY,31.9464%,17.8975%,False,1,C.B. GETAFE,True
SEGUNDA FEB,"Liga Regular ""ESTE""",PROINBENI UPB GANDIA,22,J. SANTANA LUCHORO,90.7616%,55.4572%,False,1,C.B. GETAFE,True
SEGUNDA FEB,"Liga Regular ""ESTE""",PROINBENI UPB GANDIA,7,K. GREELEY,77.6446%,47.6428%,True,1,C.B. GETAFE,True
SEGUNDA FEB,"Liga Regular ""ESTE""",PROINBENI UPB GANDIA,13,L. FERRANDO ORTELLS,25.1058%,86.3368%,True,1,C.B. GETAFE,True
SEGUNDA FEB,"Liga Regular ""ESTE""",PROINBENI UPB GANDIA,11,J. MOLINA MARTINEZ,8.74471%,55.7093%,False,1,C.B. GETAFE,True
SEGUNDA FEB,"Liga Regular ""ESTE""",PROINBENI UPB GANDIA,7,K. GREELEY,70.3103%,18.2757%,False,1,C.B. GETAFE,True
SEGUNDA FEB,"Liga Regular ""ESTE""",PROINBENI UPB GANDIA,22,J. SANTANA LUCHORO,11.7066%,44.2397%,True,1,C.B. GETAFE,True
SEGUNDA FEB,"Liga Regular ""ESTE""",PROINBENI UPB GANDIA,14,D. ILINCIC,16.079%,21.8048%,False,1,C.B. GETAFE,True
SEGUNDA FEB,"Liga Regular ""ESTE""",PROINBENI UPB GANDIA,11,J. MOLINA MARTINEZ,92.6657%,54.827%,False,1,C.B. GETAFE,True
SEGUNDA FEB,"Liga Regular ""ESTE""",PROINBENI UPB GANDIA,7,K. GREELEY,64.8096%,66.9267%,False,1,C.B. GETAFE,True
SEGUNDA FEB,"Liga Regular ""ESTE""",PROINBENI UPB GANDIA,6,C. HURTADO CERVANTES,8.46262%,44.2397%,True,1,C.B. GETAFE,True
SEGUNDA FEB,"Liga Regular ""ESTE""",PROINBENI UPB GANDIA,6,C. HURTADO CERVANTES,33.4274%,70.0777%,True,1,C.B. GETAFE,True
SEGUNDA FEB,"Liga Regular ""ESTE""",PROINBENI UPB GANDIA,7,K. GREELEY,10.5783%,47.6428%,True,1,C.B. GETAFE,True
SEGUNDA FEB,"Liga Regular ""ESTE""",PROINBENI UPB GANDIA,13,L. FERRANDO ORTELLS,17.6305%,38.82%,True,1,C.B. GETAFE,True
SEGUNDA FEB,"Liga Regular ""ESTE""",PROINBENI UPB GANDIA,6,C. HURTADO CERVANTES,86.1072%,51.0458%,False,1,C.B. GETAFE,True
SEGUNDA FEB,"Liga Regular ""ESTE""",PROINBENI UPB GANDIA,14,D. ILINCIC,10.7193%,44.7439%,True,1,C.B. GETAFE,True
SEGUNDA FEB,"Liga Regular ""ESTE""",PROINBENI UPB GANDIA,7,K. GREELEY,85.402%,50.4156%,True,1,C.B. GETAFE,True
SEGUNDA FEB,"Liga Regular ""ESTE""",PROINBENI UPB GANDIA,24,A. BELLVER VALIENTE,8.81523%,42.9793%,False,1,C.B. GETAFE,True
SEGUNDA FEB,"Liga Regular ""ESTE""",PROINBENI UPB GANDIA,14,D. ILINCIC,31.9464%,72.8506%,True,1,C.B. GETAFE,True
SEGUNDA FEB,"Liga Regular ""ESTE""",PROINBENI UPB GANDIA,22,J. SANTANA LUCHORO,71.086%,12.856%,True,1,C.B. GETAFE,True
SEGUNDA FEB,"Liga Regular ""ESTE""",PROINBENI UPB GANDIA,11,J. MOLINA MARTINEZ,33.0748%,17.6455%,True,1,C.B. GETAFE,True
SEGUNDA FEB,"Liga Regular ""ESTE""",PROINBENI UPB GANDIA,13,L. FERRANDO ORTELLS,87.4471%,65.4143%,False,1,C.B. GETAFE,True
SEGUNDA FEB,"Liga Regular ""ESTE""",PROINBENI UPB GANDIA,15,M. MONTILLA DIAZ,10.1551%,57.8519%,False,1,C.B. GETAFE,True
SEGUNDA FEB,"Liga Regular ""ESTE""",PROINBENI UPB GANDIA,11,J. MOLINA MARTINEZ,66.9253%,13.6122%,True,1,C.B. GETAFE,True
SEGUNDA FEB,"Liga Regular ""ESTE""",PROINBENI UPB GANDIA,16,J. SOLER CIRUJEDA,91.7489%,47.7688%,True,1,C.B. GETAFE,True
SEGUNDA FEB,"Liga Regular ""ESTE""",PROINBENI UPB GANDIA,35,J. BITJAA KODY,10.2257%,59.9946%,False,1,C.B. GETAFE,True
SEGUNDA FEB,"Liga Regular ""ESTE""",PROINBENI UPB GANDIA,7,K. GREELEY,69.6051%,26.0901%,False,1,C.B. GETAFE,True
SEGUNDA FEB,"Liga Regular ""ESTE""",PROINBENI UPB GANDIA,7,K. GREELEY,20.1693%,60.7508%,True,1,C.B. GETAFE,True
SEGUNDA FEB,"Liga Regular ""ESTE""",PROINBENI UPB GANDIA,35,J. BITJAA KODY,65.9379%,42.4752%,False,1,C.B. GETAFE,True
SEGUNDA FEB,"Liga Regular ""ESTE""",PROINBENI UPB GANDIA,6,C. HURTADO CERVANTES,34.8378%,56.4655%,False,1,C.B. GETAFE,True
SEGUNDA FEB,"Liga Regular ""ESTE""",PROINBENI UPB GANDIA,5,G. PEREZ RAMIREZ,66.0085%,35.0389%,False,1,C.B. GETAFE,True
SEGUNDA FEB,"Liga Regular ""ESTE""",PROINBENI UPB GANDIA,16,J. SOLER CIRUJEDA,76.8688%,73.3547%,False,1,C.B. GETAFE,True
SEGUNDA FEB,"Liga Regular ""ESTE""",PROINBENI UPB GANDIA,7,K. GREELEY,18.0536%,32.266%,False,1,C.B. GETAFE,True
SEGUNDA FEB,"Liga Regular ""ESTE""",PROINBENI UPB GANDIA,5,G. PEREZ RAMIREZ,11.7066%,50.4156%,False,1,C.B. GETAFE,True
SEGUNDA FEB,"Liga Regular ""ESTE""",PROINBENI UPB GANDIA,35,J. BITJAA KODY,10.5783%,43.4835%,False,1,C.B. GETAFE,True
SEGUNDA FEB,"Liga Regular ""ESTE""",PROINBENI UPB GANDIA,15,M. MONTILLA DIAZ,8.18054%,45.6261%,False,1,C.B. GETAFE,True
SEGUNDA FEB,"Liga Regular ""ESTE""",PROINBENI UPB GANDIA,13,L. FERRANDO ORTELLS,11.5656%,44.6178%,False,1,C.B. GETAFE,True
SEGUNDA FEB,"Liga Regular ""ESTE""",PROINBENI UPB GANDIA,13,L. FERRANDO ORTELLS,27.6446%,12.982%,False,1,C.B. GETAFE,True
SEGUNDA FEB,"Liga Regular ""ESTE""",PROINBENI UPB GANDIA,7,K. GREELEY,24.048%,86.4628%,True,1,C.B. GETAFE,True
SEGUNDA FEB,"Liga Regular ""ESTE""",PROINBENI UPB GANDIA,13,L. FERRANDO ORTELLS,23.0606%,45.6261%,True,1,C.B. GETAFE,True
SEGUNDA FEB,"Liga Regular ""ESTE""",PROINBENI UPB GANDIA,5,G. PEREZ RAMIREZ,86.1072%,93.0168%,False,1,C.B. GETAFE,True
SEGUNDA FEB,"Liga Regular ""ESTE""",PROINBENI UPB GANDIA,7,K. GREELEY,11.9887%,43.7356%,False,1,C.B. GETAFE,True
SEGUNDA FEB,"Liga Regular ""ESTE""",PROINBENI UPB GANDIA,6,C. HURTADO CERVANTES,13.5402%,61.255%,False,1,C.B. GETAFE,True
SEGUNDA FEB,"Liga Regular ""ESTE""",C.B. GETAFE,20,G. MULERO MALDONADO,89.1396%,46.1303%,True,1,PROINBENI UPB GANDIA,False
SEGUNDA FEB,"Liga Regular ""ESTE""",C.B. GETAFE,25,J. PARRA BAEZ,8.88575%,57.7259%,False,1,PROINBENI UPB GANDIA,False
SEGUNDA FEB,"Liga Regular ""ESTE""",C.B. GETAFE,20,G. MULERO MALDONADO,92.3836%,53.8187%,True,1,PROINBENI UPB GANDIA,False
SEGUNDA FEB,"Liga Regular ""ESTE""",C.B. GETAFE,13,I. IBAÑEZ ZAMALLOA,35.2609%,23.4433%,False,1,PROINBENI UPB GANDIA,False
SEGUNDA FEB,"Liga Regular ""ESTE""",C.B. GETAFE,22,W. CABRAL BUERIBERI,12.2708%,28.8629%,True,1,PROINBENI UPB GANDIA,False
SEGUNDA FEB,"Liga Regular ""ESTE""",C.B. GETAFE,22,W. CABRAL BUERIBERI,91.0437%,49.0292%,True,1,PROINBENI UPB GANDIA,False
SEGUNDA FEB,"Liga Regular ""ESTE""",C.B. GETAFE,10,A. AKINWOLE,23.5543%,7.31027%,False,1,PROINBENI UPB GANDIA,False
SEGUNDA FEB,"Liga Regular ""ESTE""",C.B. GETAFE,34,J. NVE MALEVA,23.5543%,7.31027%,True,1,PROINBENI UPB GANDIA,False
SEGUNDA FEB,"Liga Regular ""ESTE""",C.B. GETAFE,4,M. ABDULSALAM,13.2581%,41.971%,False,1,PROINBENI UPB GANDIA,False
SEGUNDA FEB,"Liga Regular ""ESTE""",C.B. GETAFE,4,M. ABDULSALAM,7.54584%,37.6857%,True,1,PROINBENI UPB GANDIA,False
SEGUNDA FEB,"Liga Regular ""ESTE""",C.B. GETAFE,10,A. AKINWOLE,20.6629%,50.7937%,False,1,PROINBENI UPB GANDIA,False
SEGUNDA FEB,"Liga Regular ""ESTE""",C.B. GETAFE,25,J. PARRA BAEZ,91.2553%,42.3491%,True,1,PROINBENI UPB GANDIA,False
SEGUNDA FEB,"Liga Regular ""ESTE""",C.B. GETAFE,22,W. CABRAL BUERIBERI,10.0846%,58.6082%,False,1,PROINBENI UPB GANDIA,False
SEGUNDA FEB,"Liga Regular ""ESTE""",C.B. GETAFE,34,J. NVE MALEVA,82.0874%,55.8353%,False,1,PROINBENI UPB GANDIA,False
SEGUNDA FEB,"Liga Regular ""ESTE""",C.B. GETAFE,55,A. MONTERO ISLA,10.0846%,54.0708%,True,1,PROINBENI UPB GANDIA,False
SEGUNDA FEB,"Liga Regular ""ESTE""",C.B. GETAFE,5,E. ORTIZ TORRES,88.646%,41.0887%,True,1,PROINBENI UPB GANDIA,False
SEGUNDA FEB,"Liga Regular ""ESTE""",C.B. GETAFE,11,C. HENDERSON,82.158%,32.8962%,True,1,PROINBENI UPB GANDIA,False
SEGUNDA FEB,"Liga Regular ""ESTE""",C.B. GETAFE,25,J. PARRA BAEZ,32.8632%,21.9308%,False,1,PROINBENI UPB GANDIA,False
SEGUNDA FEB,"Liga Regular ""ESTE""",C.B. GETAFE,34,J. NVE MALEVA,90.5501%,42.2231%,False,1,PROINBENI UPB GANDIA,False
SEGUNDA FEB,"Liga Regular ""ESTE""",C.B. GETAFE,11,C. HENDERSON,65.6559%,65.6664%,False,1,PROINBENI UPB GANDIA,False
SEGUNDA FEB,"Liga Regular ""ESTE""",C.B. GETAFE,5,E. ORTIZ TORRES,12.835%,49.6594%,True,1,PROINBENI UPB GANDIA,False
SEGUNDA FEB,"Liga Regular ""ESTE""",C.B. GETAFE,25,J. PARRA BAEZ,90.0564%,55.4572%,True,1,PROINBENI UPB GANDIA,False
SEGUNDA FEB,"Liga Regular ""ESTE""",C.B. GETAFE,22,W. CABRAL BUERIBERI,34.2736%,17.3934%,True,1,PROINBENI UPB GANDIA,False
SEGUNDA FEB,"Liga Regular ""ESTE""",C.B. GETAFE,25,J. PARRA BAEZ,82.7927%,27.2244%,False,1,PROINBENI UPB GANDIA,False
SEGUNDA FEB,"Liga Regular ""ESTE""",C.B. GETAFE,22,W. CABRAL BUERIBERI,7.96897%,46.6345%,False,1,PROINBENI UPB GANDIA,False
SEGUNDA FEB,"Liga Regular ""ESTE""",C.B. GETAFE,4,M. ABDULSALAM,9.23836%,44.6178%,False,1,PROINBENI UPB GANDIA,False
SEGUNDA FEB,"Liga Regular ""ESTE""",C.B. GETAFE,34,J. NVE MALEVA,87.6587%,50.7937%,True,1,PROINBENI UPB GANDIA,False
SEGUNDA FEB,"Liga Regular ""ESTE""",C.B. GETAFE,25,J. PARRA BAEZ,92.3836%,47.5167%,False,1,PROINBENI UPB GANDIA,False
SEGUNDA FEB,"Liga Regular ""ESTE""",C.B. GETAFE,22,W. CABRAL BUERIBERI,14.2454%,5.7978%,False,1,PROINBENI UPB GANDIA,False
SEGUNDA FEB,"Liga Regular ""ESTE""",C.B. GETAFE,55,A. MONTERO ISLA,32.5106%,78.5223%,False,1,PROINBENI UPB GANDIA,False
SEGUNDA FEB,"Liga Regular ""ESTE""",C.B. GETAFE,22,W. CABRAL BUERIBERI,66.079%,63.1456%,False,1,PROINBENI UPB GANDIA,False
SEGUNDA FEB,"Liga Regular ""ESTE""",C.B. GETAFE,13,I. IBAÑEZ ZAMALLOA,67.3484%,68.9434%,False,1,PROINBENI UPB GANDIA,False
SEGUNDA FEB,"Liga Regular ""ESTE""",C.B. GETAFE,55,A. MONTERO ISLA,15.4443%,93.0168%,False,1,PROINBENI UPB GANDIA,False
SEGUNDA FEB,"Liga Regular ""ESTE""",C.B. GETAFE,11,C. HENDERSON,13.8223%,23.3172%,True,1,PROINBENI UPB GANDIA,False
SEGUNDA FEB,"Liga Regular ""ESTE""",C.B. GETAFE,25,J. PARRA BAEZ,73.6248%,43.9876%,False,1,PROINBENI UPB GANDIA,False
SEGUNDA FEB,"Liga Regular ""ESTE""",C.B. GETAFE,34,J. NVE MALEVA,88.0818%,51.55%,True,1,PROINBENI UPB GANDIA,False
SEGUNDA FEB,"Liga Regular ""ESTE""",C.B. GETAFE,20,G. MULERO MALDONADO,88.7165%,51.4239%,True,1,PROINBENI UPB GANDIA,False
SEGUNDA FEB,"Liga Regular ""ESTE""",C.B. GETAFE,20,G. MULERO MALDONADO,9.23836%,44.6178%,False,1,PROINBENI UPB GANDIA,False
SEGUNDA FEB,"Liga Regular ""ESTE""",C.B. GETAFE,10,A. AKINWOLE,19.0409%,50.0375%,False,1,PROINBENI UPB GANDIA,False
SEGUNDA FEB,"Liga Regular ""ESTE""",C.B. GETAFE,25,J. PARRA BAEZ,87.165%,69.5736%,False,1,PROINBENI UPB GANDIA,False
SEGUNDA FEB,"Liga Regular ""ESTE""",C.B. GETAFE,20,G. MULERO MALDONADO,86.6009%,37.0555%,False,1,PROINBENI UPB GANDIA,False
SEGUNDA FEB,"Liga Regular ""ESTE""",C.B. GETAFE,22,W. CABRAL BUERIBERI,10.0846%,58.6082%,False,1,PROINBENI UPB GANDIA,False
SEGUNDA FEB,"Liga Regular ""ESTE""",C.B. GETAFE,10,A. AKINWOLE,10.7193%,43.2314%,True,1,PROINBENI UPB GANDIA,False
SEGUNDA FEB,"Liga Regular ""ESTE""",C.B. GETAFE,20,G. MULERO MALDONADO,32.0169%,14.7466%,False,1,PROINBENI UPB GANDIA,False
SEGUNDA FEB,"Liga Regular ""ESTE""",C.B. GETAFE,13,I. IBAÑEZ ZAMALLOA,88.787%,6.93215%,True,1,PROINBENI UPB GANDIA,False
SEGUNDA FEB,"Liga Regular ""ESTE""",C.B. GETAFE,11,C. HENDERSON,27.9972%,14.2424%,True,1,PROINBENI UPB GANDIA,False
SEGUNDA FEB,"Liga Regular ""ESTE""",C.B. GETAFE,20,G. MULERO MALDONADO,91.3258%,43.6095%,True,1,PROINBENI UPB GANDIA,False
SEGUNDA FEB,"Liga Regular ""ESTE""",C.B. GETAFE,3,J. TEJERA TEJO,86.5303%,32.8962%,False,1,PROINBENI UPB GANDIA,False
SEGUNDA FEB,"Liga Regular ""ESTE""",C.B. GETAFE,20,G. MULERO MALDONADO,7.75741%,43.6095%,False,1,PROINBENI UPB GANDIA,False
SEGUNDA FEB,"Liga Regular ""ESTE""",C.B. GETAFE,13,I. IBAÑEZ ZAMALLOA,76.3752%,8.0665%,False,1,PROINBENI UPB GANDIA,False
SEGUNDA FEB,"Liga Regular ""ESTE""",C.B. GETAFE,25,J. PARRA BAEZ,84.8378%,54.5749%,True,1,PROINBENI UPB GANDIA,False
SEGUNDA FEB,"Liga Regular ""ESTE""",C.B. GETAFE,20,G. MULERO MALDONADO,10.0846%,58.6082%,False,1,PROINBENI UPB GANDIA,False
SEGUNDA FEB,"Liga Regular ""ESTE""",C.B. GETAFE,25,J. PARRA BAEZ,31.5938%,68.0611%,False,1,PROINBENI UPB GANDIA,False
SEGUNDA FEB,"Liga Regular ""ESTE""",C.B. GETAFE,22,W. CABRAL BUERIBERI,89.8449%,5.1676%,True,1,PROINBENI UPB GANDIA,False
SEGUNDA FEB,"Liga Regular ""ESTE""",C.B. GETAFE,34,J. NVE MALEVA,7.75741%,43.6095%,True,1,PROINBENI UPB GANDIA,False
SEGUNDA FEB,"Liga Regular ""ESTE""",C.B. GETAFE,25,J. PARRA BAEZ,33.4979%,63.1456%,False,1,PROINBENI UPB GANDIA,False
SEGUNDA FEB,"Liga Regular ""ESTE""",C.B. GETAFE,25,J. PARRA BAEZ,19.6051%,32.5181%,True,1,PROINBENI UPB GANDIA,False
SEGUNDA FEB,"Liga Regular ""ESTE""",C.B. GETAFE,3,J. TEJERA TEJO,67.842%,26.4682%,False,1,PROINBENI UPB GANDIA,False
SEGUNDA FEB,"Liga Regular ""ESTE""",C.B. GETAFE,20,G. MULERO MALDONADO,88.4344%,47.7688%,True,1,PROINBENI UPB GANDIA,False
SEGUNDA FEB,"Liga Regular ""ESTE""",C.B. GETAFE,20,G. MULERO MALDONADO,31.3822%,17.1413%,False,1,PROINBENI UPB GANDIA,False
SEGUNDA FEB,"Liga Regular ""ESTE""",C.B. GETAFE,20,G. MULERO MALDONADO,64.457%,60.7508%,True,1,PROINBENI UPB GANDIA,False
SEGUNDA FEB,"Liga Regular ""ESTE""",C.B. GETAFE,4,M. ABDULSALAM,91.6784%,47.2647%,True,1,PROINBENI UPB GANDIA,False
SEGUNDA FEB,"Liga Regular ""ESTE""",C.B. GETAFE,20,G. MULERO MALDONADO,7.54584%,37.6857%,False,1,PROINBENI UPB GANDIA,False
SEGUNDA FEB,"Liga Regular ""ESTE""",C.B. GETAFE,25,J. PARRA BAEZ,66.8547%,71.086%,True,1,PROINBENI UPB GANDIA,False
SEGUNDA FEB,"Liga Regular ""ESTE""",C.B. GETAFE,5,E. ORTIZ TORRES,88.0818%,51.55%,False,1,PROINBENI UPB GANDIA,False
SEGUNDA FEB,"Liga Regular ""ESTE""",C.B. GETAFE,55,A. MONTERO ISLA,66.3611%,70.0777%,True,1,PROINBENI UPB GANDIA,False
SEGUNDA FEB,"Liga Regular ""ESTE""",C.B. GETAFE,22,W. CABRAL BUERIBERI,8.53315%,35.417%,True,1,PROINBENI UPB GANDIA,False
SEGUNDA FEB,"Liga Regular ""ESTE""",C.B. GETAFE,4,M. ABDULSALAM,86.9535%,55.0791%,False,1,PROINBENI UPB GANDIA,False
SEGUNDA FEB,"Liga Regular ""ESTE""",CLUB ESPORTIU BÀSQUET LLÍRIA,18,M. ENABULELE OGUNSUYI,88.1523%,52.6843%,False,1,C.B. ZARAGOZA,True
SEGUNDA FEB,"Liga Regular ""ESTE""",CLUB ESPORTIU BÀSQUET LLÍRIA,12,A. MEANA PEREZ,68.6883%,25.3339%,True,1,C.B. ZARAGOZA,True
SEGUNDA FEB,"Liga Regular ""ESTE""",CLUB ESPORTIU BÀSQUET LLÍRIA,5,D. RIVAS PALMER,90.409%,30.6275%,False,1,C.B. ZARAGOZA,True
SEGUNDA FEB,"Liga Regular ""ESTE""",CLUB ESPORTIU BÀSQUET LLÍRIA,13,V. PEREZ TOMAS,69.0409%,18.9059%,True,1,C.B. ZARAGOZA,True
SEGUNDA FEB,"Liga Regular ""ESTE""",CLUB ESPORTIU BÀSQUET LLÍRIA,8,A. RIVAS PALMER,88.2229%,41.5929%,False,1,C.B. ZARAGOZA,True
SEGUNDA FEB,"Liga Regular ""ESTE""",CLUB ESPORTIU BÀSQUET LLÍRIA,12,A. MEANA PEREZ,78.1382%,50.5417%,True,1,C.B. ZARAGOZA,True
SEGUNDA FEB,"Liga Regular ""ESTE""",CLUB ESPORTIU BÀSQUET LLÍRIA,18,M. ENABULELE OGUNSUYI,89.6333%,48.1469%,False,1,C.B. ZARAGOZA,True
SEGUNDA FEB,"Liga Regular ""ESTE""",CLUB ESPORTIU BÀSQUET LLÍRIA,16,P. BONO SOLER,69.6756%,75.7495%,False,1,C.B. ZARAGOZA,True
SEGUNDA FEB,"Liga Regular ""ESTE""",CLUB ESPORTIU BÀSQUET LLÍRIA,3,E. HERRERA SAURET,86.1777%,56.0874%,False,1,C.B. ZARAGOZA,True
SEGUNDA FEB,"Liga Regular ""ESTE""",CLUB ESPORTIU BÀSQUET LLÍRIA,5,D. RIVAS PALMER,26.8688%,12.4779%,True,1,C.B. ZARAGOZA,True
SEGUNDA FEB,"Liga Regular ""ESTE""",CLUB ESPORTIU BÀSQUET LLÍRIA,8,A. RIVAS PALMER,70.4513%,22.687%,False,1,C.B. ZARAGOZA,True
SEGUNDA FEB,"Liga Regular ""ESTE""",CLUB ESPORTIU BÀSQUET LLÍRIA,7,J. PALAMOS MOLINS,89.8449%,37.0555%,False,1,C.B. ZARAGOZA,True
SEGUNDA FEB,"Liga Regular ""ESTE""",CLUB ESPORTIU BÀSQUET LLÍRIA,18,M. ENABULELE OGUNSUYI,12.2003%,49.6594%,False,1,C.B. ZARAGOZA,True
SEGUNDA FEB,"Liga Regular ""ESTE""",CLUB ESPORTIU BÀSQUET LLÍRIA,30,S. GALLEGO MOGRO,29.4076%,24.5776%,True,1,C.B. ZARAGOZA,True
SEGUNDA FEB,"Liga Regular ""ESTE""",CLUB ESPORTIU BÀSQUET LLÍRIA,18,M. ENABULELE OGUNSUYI,9.80254%,49.2813%,False,1,C.B. ZARAGOZA,True
SEGUNDA FEB,"Liga Regular ""ESTE""",CLUB ESPORTIU BÀSQUET LLÍRIA,8,A. RIVAS PALMER,64.598%,64.0278%,False,1,C.B. ZARAGOZA,True
SEGUNDA FEB,"Liga Regular ""ESTE""",CLUB ESPORTIU BÀSQUET LLÍRIA,5,D. RIVAS PALMER,33.8505%,49.7854%,True,1,C.B. ZARAGOZA,True
SEGUNDA FEB,"Liga Regular ""ESTE""",CLUB ESPORTIU BÀSQUET LLÍRIA,12,A. MEANA PEREZ,20.4513%,33.2743%,True,1,C.B. ZARAGOZA,True
SEGUNDA FEB,"Liga Regular ""ESTE""",CLUB ESPORTIU BÀSQUET LLÍRIA,13,V. PEREZ TOMAS,34.9083%,20.4183%,False,1,C.B. ZARAGOZA,True
SEGUNDA FEB,"Liga Regular ""ESTE""",CLUB ESPORTIU BÀSQUET LLÍRIA,3,E. HERRERA SAURET,89.2807%,48.399%,True,1,C.B. ZARAGOZA,True
SEGUNDA FEB,"Liga Regular ""ESTE""",CLUB ESPORTIU BÀSQUET LLÍRIA,12,A. MEANA PEREZ,84.7673%,59.8686%,False,1,C.B. ZARAGOZA,True
SEGUNDA FEB,"Liga Regular ""ESTE""",CLUB ESPORTIU BÀSQUET LLÍRIA,7,J. PALAMOS MOLINS,31.5233%,69.3215%,False,1,C.B. ZARAGOZA,True
SEGUNDA FEB,"Liga Regular ""ESTE""",CLUB ESPORTIU BÀSQUET LLÍRIA,12,A. MEANA PEREZ,89.2102%,45.5001%,True,1,C.B. ZARAGOZA,True
SEGUNDA FEB,"Liga Regular ""ESTE""",CLUB ESPORTIU BÀSQUET LLÍRIA,30,S. GALLEGO MOGRO,12.1298%,46.0043%,True,1,C.B. ZARAGOZA,True
SEGUNDA FEB,"Liga Regular ""ESTE""",CLUB ESPORTIU BÀSQUET LLÍRIA,8,A. RIVAS PALMER,35.2609%,50.5417%,False,1,C.B. ZARAGOZA,True
SEGUNDA FEB,"Liga Regular ""ESTE""",CLUB ESPORTIU BÀSQUET LLÍRIA,3,E. HERRERA SAURET,28.9845%,15.6288%,True,1,C.B. ZARAGOZA,True
SEGUNDA FEB,"Liga Regular ""ESTE""",CLUB ESPORTIU BÀSQUET LLÍRIA,18,M. ENABULELE OGUNSUYI,91.5374%,54.827%,True,1,C.B. ZARAGOZA,True
SEGUNDA FEB,"Liga Regular ""ESTE""",CLUB ESPORTIU BÀSQUET LLÍRIA,2,D. KANDULU,92.3131%,43.3574%,False,1,C.B. ZARAGOZA,True
SEGUNDA FEB,"Liga Regular ""ESTE""",CLUB ESPORTIU BÀSQUET LLÍRIA,2,D. KANDULU,9.0268%,49.1552%,True,1,C.B. ZARAGOZA,True
SEGUNDA FEB,"Liga Regular ""ESTE""",CLUB ESPORTIU BÀSQUET LLÍRIA,12,A. MEANA PEREZ,33.6389%,61.255%,False,1,C.B. ZARAGOZA,True
SEGUNDA FEB,"Liga Regular ""ESTE""",CLUB ESPORTIU BÀSQUET LLÍRIA,0,K. CLEMENT AIGBOGUN,24.4711%,88.2274%,True,1,C.B. ZARAGOZA,True
SEGUNDA FEB,"Liga Regular ""ESTE""",CLUB ESPORTIU BÀSQUET LLÍRIA,0,K. CLEMENT AIGBOGUN,89.9859%,47.6428%,True,1,C.B. ZARAGOZA,True
SEGUNDA FEB,"Liga Regular ""ESTE""",CLUB ESPORTIU BÀSQUET LLÍRIA,2,D. KANDULU,90.4795%,50.6677%,False,1,C.B. ZARAGOZA,True
SEGUNDA FEB,"Liga Regular ""ESTE""",CLUB ESPORTIU BÀSQUET LLÍRIA,3,E. HERRERA SAURET,69.6756%,25.712%,False,1,C.B. ZARAGOZA,True
SEGUNDA FEB,"Liga Regular ""ESTE""",CLUB ESPORTIU BÀSQUET LLÍRIA,18,M. ENABULELE OGUNSUYI,89.6333%,48.1469%,True,1,C.B. ZARAGOZA,True
SEGUNDA FEB,"Liga Regular ""ESTE""",CLUB ESPORTIU BÀSQUET LLÍRIA,0,K. CLEMENT AIGBOGUN,68.6178%,24.8297%,False,1,C.B. ZARAGOZA,True
SEGUNDA FEB,"Liga Regular ""ESTE""",CLUB ESPORTIU BÀSQUET LLÍRIA,8,A. RIVAS PALMER,69.464%,22.561%,True,1,C.B. ZARAGOZA,True
SEGUNDA FEB,"Liga Regular ""ESTE""",CLUB ESPORTIU BÀSQUET LLÍRIA,3,E. HERRERA SAURET,15.0212%,50.6677%,True,1,C.B. ZARAGOZA,True
SEGUNDA FEB,"Liga Regular ""ESTE""",CLUB ESPORTIU BÀSQUET LLÍRIA,8,A. RIVAS PALMER,34.2736%,71.9683%,False,1,C.B. ZARAGOZA,True
SEGUNDA FEB,"Liga Regular ""ESTE""",CLUB ESPORTIU BÀSQUET LLÍRIA,30,S. GALLEGO MOGRO,91.8195%,51.676%,True,1,C.B. ZARAGOZA,True
SEGUNDA FEB,"Liga Regular ""ESTE""",CLUB ESPORTIU BÀSQUET LLÍRIA,3,E. HERRERA SAURET,32.0169%,21.5527%,False,1,C.B. ZARAGOZA,True
SEGUNDA FEB,"Liga Regular ""ESTE""",CLUB ESPORTIU BÀSQUET LLÍRIA,8,A. RIVAS PALMER,35.8956%,26.4682%,True,1,C.B. ZARAGOZA,True
SEGUNDA FEB,"Liga Regular ""ESTE""",CLUB ESPORTIU BÀSQUET LLÍRIA,16,P. BONO SOLER,9.59097%,54.953%,False,1,C.B. ZARAGOZA,True
SEGUNDA FEB,"Liga Regular ""ESTE""",CLUB ESPORTIU BÀSQUET LLÍRIA,8,A. RIVAS PALMER,72.0028%,17.6455%,False,1,C.B. ZARAGOZA,True
SEGUNDA FEB,"Liga Regular ""ESTE""",CLUB ESPORTIU BÀSQUET LLÍRIA,8,A. RIVAS PALMER,25.811%,14.1164%,True,1,C.B. ZARAGOZA,True
SEGUNDA FEB,"Liga Regular ""ESTE""",CLUB ESPORTIU BÀSQUET LLÍRIA,8,A. RIVAS PALMER,11.213%,60.8769%,False,1,C.B. ZARAGOZA,True
SEGUNDA FEB,"Liga Regular ""ESTE""",CLUB ESPORTIU BÀSQUET LLÍRIA,2,D. KANDULU,11.8477%,56.9697%,False,1,C.B. ZARAGOZA,True
SEGUNDA FEB,"Liga Regular ""ESTE""",CLUB ESPORTIU BÀSQUET LLÍRIA,13,V. PEREZ TOMAS,11.0719%,5.7978%,True,1,C.B. ZARAGOZA,True
SEGUNDA FEB,"Liga Regular ""ESTE""",CLUB ESPORTIU BÀSQUET LLÍRIA,13,V. PEREZ TOMAS,36.3893%,60.4988%,True,1,C.B. ZARAGOZA,True
SEGUNDA FEB,"Liga Regular ""ESTE""",CLUB ESPORTIU BÀSQUET LLÍRIA,8,A. RIVAS PALMER,68.9704%,20.9225%,False,1,C.B. ZARAGOZA,True
SEGUNDA FEB,"Liga Regular ""ESTE""",CLUB ESPORTIU BÀSQUET LLÍRIA,30,S. GALLEGO MOGRO,66.9958%,42.0971%,False,1,C.B. ZARAGOZA,True
SEGUNDA FEB,"Liga Regular ""ESTE""",CLUB ESPORTIU BÀSQUET LLÍRIA,0,K. CLEMENT AIGBOGUN,90.7616%,41.0887%,True,1,C.B. ZARAGOZA,True
SEGUNDA FEB,"Liga Regular ""ESTE""",CLUB ESPORTIU BÀSQUET LLÍRIA,2,D. KANDULU,9.0268%,52.0541%,True,1,C.B. ZARAGOZA,True
SEGUNDA FEB,"Liga Regular ""ESTE""",CLUB ESPORTIU BÀSQUET LLÍRIA,2,D. KANDULU,90.1975%,54.5749%,True,1,C.B. ZARAGOZA,True
SEGUNDA FEB,"Liga Regular ""ESTE""",CLUB ESPORTIU BÀSQUET LLÍRIA,5,D. RIVAS PALMER,66.7137%,46.6345%,False,1,C.B. ZARAGOZA,True
SEGUNDA FEB,"Liga Regular ""ESTE""",CLUB ESPORTIU BÀSQUET LLÍRIA,18,M. ENABULELE OGUNSUYI,90.268%,49.0292%,False,1,C.B. ZARAGOZA,True
SEGUNDA FEB,"Liga Regular ""ESTE""",CLUB ESPORTIU BÀSQUET LLÍRIA,8,A. RIVAS PALMER,8.60367%,49.2813%,True,1,C.B. ZARAGOZA,True
SEGUNDA FEB,"Liga Regular ""ESTE""",CLUB ESPORTIU BÀSQUET LLÍRIA,2,D. KANDULU,8.3921%,55.5832%,True,1,C.B. ZARAGOZA,True
SEGUNDA FEB,"Liga Regular ""ESTE""",CLUB ESPORTIU BÀSQUET LLÍRIA,7,J. PALAMOS MOLINS,33.0042%,59.7425%,False,1,C.B. ZARAGOZA,True
SEGUNDA FEB,"Liga Regular ""ESTE""",CLUB ESPORTIU BÀSQUET LLÍRIA,30,S. GALLEGO MOGRO,33.921%,67.4309%,False,1,C.B. ZARAGOZA,True
SEGUNDA FEB,"Liga Regular ""ESTE""",CLUB ESPORTIU BÀSQUET LLÍRIA,3,E. HERRERA SAURET,89.6333%,53.1885%,True,1,C.B. ZARAGOZA,True
SEGUNDA FEB,"Liga Regular ""ESTE""",CLUB ESPORTIU BÀSQUET LLÍRIA,18,M. ENABULELE OGUNSUYI,89.8449%,54.3228%,True,1,C.B. ZARAGOZA,True
SEGUNDA FEB,"Liga Regular ""ESTE""",CLUB ESPORTIU BÀSQUET LLÍRIA,3,E. HERRERA SAURET,65.3032%,45.122%,False,1,C.B. ZARAGOZA,True
SEGUNDA FEB,"Liga Regular ""ESTE""",CLUB ESPORTIU BÀSQUET LLÍRIA,3,E. HERRERA SAURET,69.6756%,75.7495%,False,1,C.B. ZARAGOZA,True
SEGUNDA FEB,"Liga Regular ""ESTE""",CLUB ESPORTIU BÀSQUET LLÍRIA,13,V. PEREZ TOMAS,29.9013%,25.2078%,False,1,C.B. ZARAGOZA,True
SEGUNDA FEB,"Liga Regular ""ESTE""",CLUB ESPORTIU BÀSQUET LLÍRIA,13,V. PEREZ TOMAS,71.1566%,20.2923%,False,1,C.B. ZARAGOZA,True
SEGUNDA FEB,"Liga Regular ""ESTE""",CLUB ESPORTIU BÀSQUET LLÍRIA,18,M. ENABULELE OGUNSUYI,7.19323%,54.4489%,False,1,C.B. ZARAGOZA,True
SEGUNDA FEB,"Liga Regular ""ESTE""",CLUB ESPORTIU BÀSQUET LLÍRIA,30,S. GALLEGO MOGRO,12.7645%,50.6677%,True,1,C.B. ZARAGOZA,True
SEGUNDA FEB,"Liga Regular ""ESTE""",CLUB ESPORTIU BÀSQUET LLÍRIA,3,E. HERRERA SAURET,14.2454%,28.8629%,False,1,C.B. ZARAGOZA,True
SEGUNDA FEB,"Liga Regular ""ESTE""",CLUB ESPORTIU BÀSQUET LLÍRIA,0,K. CLEMENT AIGBOGUN,85.8251%,51.0458%,False,1,C.B. ZARAGOZA,True
SEGUNDA FEB,"Liga Regular ""ESTE""",C.B. ZARAGOZA,24,G. COLOM BARRUFET,29.1255%,22.1829%,False,1,CLUB ESPORTIU BÀSQUET LLÍRIA,False
SEGUNDA FEB,"Liga Regular ""ESTE""",C.B. ZARAGOZA,22,J. ZHAO OLMOS,90.9027%,52.0541%,False,1,CLUB ESPORTIU BÀSQUET LLÍRIA,False
SEGUNDA FEB,"Liga Regular ""ESTE""",C.B. ZARAGOZA,13,P. ASO JIMENEZ,7.82793%,55.8353%,False,1,CLUB ESPORTIU BÀSQUET LLÍRIA,False
SEGUNDA FEB,"Liga Regular ""ESTE""",C.B. ZARAGOZA,22,J. ZHAO OLMOS,78.914%,8.31858%,True,1,CLUB ESPORTIU BÀSQUET LLÍRIA,False
SEGUNDA FEB,"Liga Regular ""ESTE""",C.B. ZARAGOZA,24,G. COLOM BARRUFET,66.4316%,59.7425%,False,1,CLUB ESPORTIU BÀSQUET LLÍRIA,False
SEGUNDA FEB,"Liga Regular ""ESTE""",C.B. ZARAGOZA,22,J. ZHAO OLMOS,14.598%,49.6594%,False,1,CLUB ESPORTIU BÀSQUET LLÍRIA,False
SEGUNDA FEB,"Liga Regular ""ESTE""",C.B. ZARAGOZA,7,O. ALVARADO RODRIGUEZ,65.9379%,64.532%,True,1,CLUB ESPORTIU BÀSQUET LLÍRIA,False
SEGUNDA FEB,"Liga Regular ""ESTE""",C.B. ZARAGOZA,3,I. OKEKE,7.12271%,43.8616%,True,1,CLUB ESPORTIU BÀSQUET LLÍRIA,False
SEGUNDA FEB,"Liga Regular ""ESTE""",C.B. ZARAGOZA,13,P. ASO JIMENEZ,6.48801%,43.8616%,False,1,CLUB ESPORTIU BÀSQUET LLÍRIA,False
SEGUNDA FEB,"Liga Regular ""ESTE""",C.B. ZARAGOZA,55,A. ARAGONES NAVAIS,28.7729%,18.7798%,False,1,CLUB ESPORTIU BÀSQUET LLÍRIA,False
SEGUNDA FEB,"Liga Regular ""ESTE""",C.B. ZARAGOZA,22,J. ZHAO OLMOS,77.1509%,89.4877%,False,1,CLUB ESPORTIU BÀSQUET LLÍRIA,False
SEGUNDA FEB,"Liga Regular ""ESTE""",C.B. ZARAGOZA,22,J. ZHAO OLMOS,67.2073%,31.3837%,False,1,CLUB ESPORTIU BÀSQUET LLÍRIA,False
SEGUNDA FEB,"Liga Regular ""ESTE""",C.B. ZARAGOZA,0,D. MUÑOZ SAMATAN,64.3865%,38.9461%,False,1,CLUB ESPORTIU BÀSQUET LLÍRIA,False
SEGUNDA FEB,"Liga Regular ""ESTE""",C.B. ZARAGOZA,55,A. ARAGONES NAVAIS,90.0564%,46.3824%,False,1,CLUB ESPORTIU BÀSQUET LLÍRIA,False
SEGUNDA FEB,"Liga Regular ""ESTE""",C.B. ZARAGOZA,22,J. ZHAO OLMOS,86.8124%,35.417%,False,1,CLUB ESPORTIU BÀSQUET LLÍRIA,False
SEGUNDA FEB,"Liga Regular ""ESTE""",C.B. ZARAGOZA,22,J. ZHAO OLMOS,69.8872%,17.2674%,False,1,CLUB ESPORTIU BÀSQUET LLÍRIA,False
SEGUNDA FEB,"Liga Regular ""ESTE""",C.B. ZARAGOZA,22,J. ZHAO OLMOS,7.19323%,56.8436%,True,1,CLUB ESPORTIU BÀSQUET LLÍRIA,False
SEGUNDA FEB,"Liga Regular ""ESTE""",C.B. ZARAGOZA,0,D. MUÑOZ SAMATAN,20.5219%,60.6248%,False,1,CLUB ESPORTIU BÀSQUET LLÍRIA,False
SEGUNDA FEB,"Liga Regular ""ESTE""",C.B. ZARAGOZA,3,I. OKEKE,89.9154%,28.6109%,False,1,CLUB ESPORTIU BÀSQUET LLÍRIA,False
SEGUNDA FEB,"Liga Regular ""ESTE""",C.B. ZARAGOZA,22,J. ZHAO OLMOS,84.2736%,6.93215%,False,1,CLUB ESPORTIU BÀSQUET LLÍRIA,False
SEGUNDA FEB,"Liga Regular ""ESTE""",C.B. ZARAGOZA,12,E. GATELL SANZ,9.52045%,48.6511%,True,1,CLUB ESPORTIU BÀSQUET LLÍRIA,False
SEGUNDA FEB,"Liga Regular ""ESTE""",C.B. ZARAGOZA,5,D. ARJOL LOPEZ,8.53315%,45.5001%,False,1,CLUB ESPORTIU BÀSQUET LLÍRIA,False
SEGUNDA FEB,"Liga Regular ""ESTE""",C.B. ZARAGOZA,22,J. ZHAO OLMOS,18.1241%,22.8131%,True,1,CLUB ESPORTIU BÀSQUET LLÍRIA,False
SEGUNDA FEB,"Liga Regular ""ESTE""",C.B. ZARAGOZA,7,O. ALVARADO RODRIGUEZ,32.158%,34.9128%,True,1,CLUB ESPORTIU BÀSQUET LLÍRIA,False
SEGUNDA FEB,"Liga Regular ""ESTE""",C.B. ZARAGOZA,12,E. GATELL SANZ,9.30889%,45.8782%,False,1,CLUB ESPORTIU BÀSQUET LLÍRIA,False
SEGUNDA FEB,"Liga Regular ""ESTE""",C.B. ZARAGOZA,22,J. ZHAO OLMOS,27.7856%,78.9005%,False,1,CLUB ESPORTIU BÀSQUET LLÍRIA,False
SEGUNDA FEB,"Liga Regular ""ESTE""",C.B. ZARAGOZA,22,J. ZHAO OLMOS,90.9027%,52.0541%,False,1,CLUB ESPORTIU BÀSQUET LLÍRIA,False
SEGUNDA FEB,"Liga Regular ""ESTE""",C.B. ZARAGOZA,22,J. ZHAO OLMOS,8.46262%,53.3145%,True,1,CLUB ESPORTIU BÀSQUET LLÍRIA,False
SEGUNDA FEB,"Liga Regular ""ESTE""",C.B. ZARAGOZA,5,D. ARJOL LOPEZ,90.3385%,50.6677%,True,1,CLUB ESPORTIU BÀSQUET LLÍRIA,False
SEGUNDA FEB,"Liga Regular ""ESTE""",C.B. ZARAGOZA,24,G. COLOM BARRUFET,11.9887%,76.6318%,False,1,CLUB ESPORTIU BÀSQUET LLÍRIA,False
SEGUNDA FEB,"Liga Regular ""ESTE""",C.B. ZARAGOZA,0,D. MUÑOZ SAMATAN,90.3385%,58.8602%,False,1,CLUB ESPORTIU BÀSQUET LLÍRIA,False
SEGUNDA FEB,"Liga Regular ""ESTE""",C.B. ZARAGOZA,12,E. GATELL SANZ,84.9083%,47.2647%,False,1,CLUB ESPORTIU BÀSQUET LLÍRIA,False
SEGUNDA FEB,"Liga Regular ""ESTE""",C.B. ZARAGOZA,22,J. ZHAO OLMOS,70.7334%,18.5277%,True,1,CLUB ESPORTIU BÀSQUET LLÍRIA,False
SEGUNDA FEB,"Liga Regular ""ESTE""",C.B. ZARAGOZA,55,A. ARAGONES NAVAIS,8.67419%,52.0541%,True,1,CLUB ESPORTIU BÀSQUET LLÍRIA,False
SEGUNDA FEB,"Liga Regular ""ESTE""",C.B. ZARAGOZA,55,A. ARAGONES NAVAIS,88.646%,48.7771%,True,1,CLUB ESPORTIU BÀSQUET LLÍRIA,False
SEGUNDA FEB,"Liga Regular ""ESTE""",C.B. ZARAGOZA,13,P. ASO JIMENEZ,20.5219%,60.6248%,False,1,CLUB ESPORTIU BÀSQUET LLÍRIA,False
SEGUNDA FEB,"Liga Regular ""ESTE""",C.B. ZARAGOZA,12,E. GATELL SANZ,91.9605%,39.7023%,True,1,CLUB ESPORTIU BÀSQUET LLÍRIA,False
SEGUNDA FEB,"Liga Regular ""ESTE""",C.B. ZARAGOZA,22,J. ZHAO OLMOS,88.2229%,50.1636%,True,1,CLUB ESPORTIU BÀSQUET LLÍRIA,False
SEGUNDA FEB,"Liga Regular ""ESTE""",C.B. ZARAGOZA,22,J. ZHAO OLMOS,92.4542%,93.395%,True,1,CLUB ESPORTIU BÀSQUET LLÍRIA,False
SEGUNDA FEB,"Liga Regular ""ESTE""",C.B. ZARAGOZA,7,O. ALVARADO RODRIGUEZ,45.4866%,15.6288%,False,1,CLUB ESPORTIU BÀSQUET LLÍRIA,False
SEGUNDA FEB,"Liga Regular ""ESTE""",C.B. ZARAGOZA,13,P. ASO JIMENEZ,8.88575%,57.2217%,False,1,CLUB ESPORTIU BÀSQUET LLÍRIA,False
SEGUNDA FEB,"Liga Regular ""ESTE""",C.B. ZARAGOZA,3,I. OKEKE,7.96897%,50.7937%,True,1,CLUB ESPORTIU BÀSQUET LLÍRIA,False
SEGUNDA FEB,"Liga Regular ""ESTE""",C.B. ZARAGOZA,12,E. GATELL SANZ,91.1142%,53.3145%,True,1,CLUB ESPORTIU BÀSQUET LLÍRIA,False
SEGUNDA FEB,"Liga Regular ""ESTE""",C.B. ZARAGOZA,55,A. ARAGONES NAVAIS,76.7983%,8.19254%,True,1,CLUB ESPORTIU BÀSQUET LLÍRIA,False
SEGUNDA FEB,"Liga Regular ""ESTE""",C.B. ZARAGOZA,22,J. ZHAO OLMOS,92.8068%,45.122%,True,1,CLUB ESPORTIU BÀSQUET LLÍRIA,False
SEGUNDA FEB,"Liga Regular ""ESTE""",C.B. ZARAGOZA,5,D. ARJOL LOPEZ,91.3258%,50.7937%,True,1,CLUB ESPORTIU BÀSQUET LLÍRIA,False
SEGUNDA FEB,"Liga Regular ""ESTE""",C.B. ZARAGOZA,55,A. ARAGONES NAVAIS,93.0889%,52.4323%,True,1,CLUB ESPORTIU BÀSQUET LLÍRIA,False
SEGUNDA FEB,"Liga Regular ""ESTE""",C.B. ZARAGOZA,24,G. COLOM BARRUFET,8.32158%,93.0168%,True,1,CLUB ESPORTIU BÀSQUET LLÍRIA,False
SEGUNDA FEB,"Liga Regular ""ESTE""",C.B. ZARAGOZA,24,G. COLOM BARRUFET,9.59097%,93.2689%,True,1,CLUB ESPORTIU BÀSQUET LLÍRIA,False
SEGUNDA FEB,"Liga Regular ""ESTE""",C.B. ZARAGOZA,22,J. ZHAO OLMOS,30.8886%,77.7661%,True,1,CLUB ESPORTIU BÀSQUET LLÍRIA,False
SEGUNDA FEB,"Liga Regular ""ESTE""",C.B. ZARAGOZA,22,J. ZHAO OLMOS,33.8505%,50.2896%,False,1,CLUB ESPORTIU BÀSQUET LLÍRIA,False
SEGUNDA FEB,"Liga Regular ""ESTE""",C.B. ZARAGOZA,24,G. COLOM BARRUFET,10.3667%,46.7605%,False,1,CLUB ESPORTIU BÀSQUET LLÍRIA,False
SEGUNDA FEB,"Liga Regular ""ESTE""",C.B. ZARAGOZA,5,D. ARJOL LOPEZ,7.68688%,42.7272%,False,1,CLUB ESPORTIU BÀSQUET LLÍRIA,False
SEGUNDA FEB,"Liga Regular ""ESTE""",C.B. ZARAGOZA,5,D. ARJOL LOPEZ,32.2285%,19.5361%,False,1,CLUB ESPORTIU BÀSQUET LLÍRIA,False
SEGUNDA FEB,"Liga Regular ""ESTE""",C.B. ZARAGOZA,5,D. ARJOL LOPEZ,69.9577%,74.6151%,True,1,CLUB ESPORTIU BÀSQUET LLÍRIA,False
SEGUNDA FEB,"Liga Regular ""ESTE""",C.B. ZARAGOZA,13,P. ASO JIMENEZ,23.1312%,12.2258%,False,1,CLUB ESPORTIU BÀSQUET LLÍRIA,False
SEGUNDA FEB,"Liga Regular ""ESTE""",C.B. ZARAGOZA,55,A. ARAGONES NAVAIS,89.6333%,51.1719%,True,1,CLUB ESPORTIU BÀSQUET LLÍRIA,False
SEGUNDA FEB,"Liga Regular ""ESTE""",C.B. ZARAGOZA,22,J. ZHAO OLMOS,29.8307%,20.5444%,True,1,CLUB ESPORTIU BÀSQUET LLÍRIA,False
SEGUNDA FEB,"Liga Regular ""ESTE""",C.B. ZARAGOZA,24,G. COLOM BARRUFET,16.2906%,62.6414%,False,1,CLUB ESPORTIU BÀSQUET LLÍRIA,False
SEGUNDA FEB,"Liga Regular ""ESTE""",C.B. ZARAGOZA,0,D. MUÑOZ SAMATAN,94.7109%,92.5127%,True,1,CLUB ESPORTIU BÀSQUET LLÍRIA,False
SEGUNDA FEB,"Liga Regular ""ESTE""",C.B. ZARAGOZA,24,G. COLOM BARRUFET,9.30889%,45.122%,False,1,CLUB ESPORTIU BÀSQUET LLÍRIA,False
SEGUNDA FEB,"Liga Regular ""ESTE""",C.B. ZARAGOZA,22,J. ZHAO OLMOS,91.2553%,53.5666%,True,1,CLUB ESPORTIU BÀSQUET LLÍRIA,False
SEGUNDA FEB,"Liga Regular ""ESTE""",C.B. ZARAGOZA,22,J. ZHAO OLMOS,27.292%,20.5444%,False,1,CLUB ESPORTIU BÀSQUET LLÍRIA,False
SEGUNDA FEB,"Liga Regular ""ESTE""",C.B. ZARAGOZA,3,I. OKEKE,32.299%,67.683%,True,1,CLUB ESPORTIU BÀSQUET LLÍRIA,False
SEGUNDA FEB,"Liga Regular ""ESTE""",C.B. ZARAGOZA,12,E. GATELL SANZ,77.7151%,67.5569%,False,1,CLUB ESPORTIU BÀSQUET LLÍRIA,False
SEGUNDA FEB,"Liga Regular ""ESTE""",C.B. ZARAGOZA,0,D. MUÑOZ SAMATAN,9.30889%,46.3824%,True,1,CLUB ESPORTIU BÀSQUET LLÍRIA,False
SEGUNDA FEB,"Liga Regular ""ESTE""",C.B. ZARAGOZA,5,D. ARJOL LOPEZ,69.5346%,72.8506%,False,1,CLUB ESPORTIU BÀSQUET LLÍRIA,False
SEGUNDA FEB,"Liga Regular ""ESTE""",C.B. ZARAGOZA,12,E. GATELL SANZ,25.5994%,39.1982%,False,1,CLUB ESPORTIU BÀSQUET LLÍRIA,False
SEGUNDA FEB,"Liga Regular ""ESTE""",C.B. ZARAGOZA,55,A. ARAGONES NAVAIS,69.464%,20.6704%,True,1,CLUB ESPORTIU BÀSQUET LLÍRIA,False
SEGUNDA FEB,"Liga Regular ""ESTE""",C.B. ZARAGOZA,22,J. ZHAO OLMOS,37.4471%,19.284%,False,1,CLUB ESPORTIU BÀSQUET LLÍRIA,False
SEGUNDA FEB,"Liga Regular ""ESTE""",SPANISH BASKETBALL ACADEMY,21,A. MORENO TRUJILLO,24.6827%,13.1081%,False,1,LOBE HUESCA LA MAGIA,True
SEGUNDA FEB,"Liga Regular ""ESTE""",SPANISH BASKETBALL ACADEMY,33,D. SIMEUNOVIC,7.19323%,43.2314%,False,1,LOBE HUESCA LA MAGIA,True
SEGUNDA FEB,"Liga Regular ""ESTE""",SPANISH BASKETBALL ACADEMY,6,J. PUIDET,6.20592%,47.8948%,True,1,LOBE HUESCA LA MAGIA,True
SEGUNDA FEB,"Liga Regular ""ESTE""",SPANISH BASKETBALL ACADEMY,77,E. MEDINA ROA,92.8773%,52.0541%,True,1,LOBE HUESCA LA MAGIA,True
SEGUNDA FEB,"Liga Regular ""ESTE""",SPANISH BASKETBALL ACADEMY,21,A. MORENO TRUJILLO,12.3413%,47.7688%,False,1,LOBE HUESCA LA MAGIA,True
SEGUNDA FEB,"Liga Regular ""ESTE""",SPANISH BASKETBALL ACADEMY,99,R. GARCIA SALAME,89.7038%,50.5417%,False,1,LOBE HUESCA LA MAGIA,True
SEGUNDA FEB,"Liga Regular ""ESTE""",SPANISH BASKETBALL ACADEMY,2,E. ARQUES LOPEZ,10.9309%,49.5334%,False,1,LOBE HUESCA LA MAGIA,True
SEGUNDA FEB,"Liga Regular ""ESTE""",SPANISH BASKETBALL ACADEMY,15,J. SANTANO BARTOLOME,90.9027%,50.0375%,True,1,LOBE HUESCA LA MAGIA,True
SEGUNDA FEB,"Liga Regular ""ESTE""",SPANISH BASKETBALL ACADEMY,6,J. PUIDET,35.1199%,43.9876%,False,1,LOBE HUESCA LA MAGIA,True
SEGUNDA FEB,"Liga Regular ""ESTE""",SPANISH BASKETBALL ACADEMY,19,L. SAVIKJEVIKJ,62.835%,59.9946%,False,1,LOBE HUESCA LA MAGIA,True
SEGUNDA FEB,"Liga Regular ""ESTE""",SPANISH BASKETBALL ACADEMY,33,D. SIMEUNOVIC,92.3836%,45.7522%,True,1,LOBE HUESCA LA MAGIA,True
SEGUNDA FEB,"Liga Regular ""ESTE""",SPANISH BASKETBALL ACADEMY,99,R. GARCIA SALAME,85.402%,49.4073%,False,1,LOBE HUESCA LA MAGIA,True
SEGUNDA FEB,"Liga Regular ""ESTE""",SPANISH BASKETBALL ACADEMY,33,D. SIMEUNOVIC,9.44993%,45.7522%,True,1,LOBE HUESCA LA MAGIA,True
SEGUNDA FEB,"Liga Regular ""ESTE""",SPANISH BASKETBALL ACADEMY,33,D. SIMEUNOVIC,63.8928%,26.2161%,False,1,LOBE HUESCA LA MAGIA,True
SEGUNDA FEB,"Liga Regular ""ESTE""",SPANISH BASKETBALL ACADEMY,6,J. PUIDET,11.2835%,50.2896%,True,1,LOBE HUESCA LA MAGIA,True
SEGUNDA FEB,"Liga Regular ""ESTE""",SPANISH BASKETBALL ACADEMY,33,D. SIMEUNOVIC,91.4669%,48.1469%,True,1,LOBE HUESCA LA MAGIA,True
SEGUNDA FEB,"Liga Regular ""ESTE""",SPANISH BASKETBALL ACADEMY,21,A. MORENO TRUJILLO,35.9662%,64.2799%,False,1,LOBE HUESCA LA MAGIA,True
SEGUNDA FEB,"Liga Regular ""ESTE""",SPANISH BASKETBALL ACADEMY,33,D. SIMEUNOVIC,34.2736%,38.1898%,False,1,LOBE HUESCA LA MAGIA,True
SEGUNDA FEB,"Liga Regular ""ESTE""",SPANISH BASKETBALL ACADEMY,2,E. ARQUES LOPEZ,63.9633%,23.1912%,True,1,LOBE HUESCA LA MAGIA,True
SEGUNDA FEB,"Liga Regular ""ESTE""",SPANISH BASKETBALL ACADEMY,99,R. GARCIA SALAME,90.7616%,51.1719%,False,1,LOBE HUESCA LA MAGIA,True
SEGUNDA FEB,"Liga Regular ""ESTE""",SPANISH BASKETBALL ACADEMY,2,E. ARQUES LOPEZ,78.7729%,48.6511%,False,1,LOBE HUESCA LA MAGIA,True
SEGUNDA FEB,"Liga Regular ""ESTE""",SPANISH BASKETBALL ACADEMY,77,E. MEDINA ROA,7.68688%,49.4073%,True,1,LOBE HUESCA LA MAGIA,True
SEGUNDA FEB,"Liga Regular ""ESTE""",SPANISH BASKETBALL ACADEMY,2,E. ARQUES LOPEZ,64.8801%,46.0043%,False,1,LOBE HUESCA LA MAGIA,True
SEGUNDA FEB,"Liga Regular ""ESTE""",SPANISH BASKETBALL ACADEMY,21,A. MORENO TRUJILLO,66.22%,65.4143%,True,1,LOBE HUESCA LA MAGIA,True
SEGUNDA FEB,"Liga Regular ""ESTE""",SPANISH BASKETBALL ACADEMY,33,D. SIMEUNOVIC,6.41749%,57.2217%,False,1,LOBE HUESCA LA MAGIA,True
SEGUNDA FEB,"Liga Regular ""ESTE""",SPANISH BASKETBALL ACADEMY,21,A. MORENO TRUJILLO,69.3935%,83.3118%,False,1,LOBE HUESCA LA MAGIA,True
SEGUNDA FEB,"Liga Regular ""ESTE""",SPANISH BASKETBALL ACADEMY,21,A. MORENO TRUJILLO,11.7772%,46.8865%,False,1,LOBE HUESCA LA MAGIA,True
SEGUNDA FEB,"Liga Regular ""ESTE""",SPANISH BASKETBALL ACADEMY,6,J. PUIDET,33.7094%,70.7079%,False,1,LOBE HUESCA LA MAGIA,True
SEGUNDA FEB,"Liga Regular ""ESTE""",SPANISH BASKETBALL ACADEMY,2,E. ARQUES LOPEZ,26.3752%,11.0914%,True,1,LOBE HUESCA LA MAGIA,True
SEGUNDA FEB,"Liga Regular ""ESTE""",SPANISH BASKETBALL ACADEMY,33,D. SIMEUNOVIC,91.6784%,24.8297%,True,1,LOBE HUESCA LA MAGIA,True
SEGUNDA FEB,"Liga Regular ""ESTE""",SPANISH BASKETBALL ACADEMY,21,A. MORENO TRUJILLO,9.52045%,48.399%,False,1,LOBE HUESCA LA MAGIA,True
SEGUNDA FEB,"Liga Regular ""ESTE""",SPANISH BASKETBALL ACADEMY,99,R. GARCIA SALAME,30.536%,21.6787%,False,1,LOBE HUESCA LA MAGIA,True
SEGUNDA FEB,"Liga Regular ""ESTE""",SPANISH BASKETBALL ACADEMY,15,J. SANTANO BARTOLOME,7.96897%,53.5666%,True,1,LOBE HUESCA LA MAGIA,True
SEGUNDA FEB,"Liga Regular ""ESTE""",SPANISH BASKETBALL ACADEMY,21,A. MORENO TRUJILLO,91.1142%,57.3478%,True,1,LOBE HUESCA LA MAGIA,True
SEGUNDA FEB,"Liga Regular ""ESTE""",SPANISH BASKETBALL ACADEMY,77,E. MEDINA ROA,85.1904%,51.8021%,True,1,LOBE HUESCA LA MAGIA,True
SEGUNDA FEB,"Liga Regular ""ESTE""",SPANISH BASKETBALL ACADEMY,33,D. SIMEUNOVIC,70.6629%,82.1775%,False,1,LOBE HUESCA LA MAGIA,True
SEGUNDA FEB,"Liga Regular ""ESTE""",SPANISH BASKETBALL ACADEMY,33,D. SIMEUNOVIC,90.268%,26.4682%,True,1,LOBE HUESCA LA MAGIA,True
SEGUNDA FEB,"Liga Regular ""ESTE""",SPANISH BASKETBALL ACADEMY,21,A. MORENO TRUJILLO,6.98166%,48.9032%,True,1,LOBE HUESCA LA MAGIA,True
SEGUNDA FEB,"Liga Regular ""ESTE""",SPANISH BASKETBALL ACADEMY,2,E. ARQUES LOPEZ,11.9182%,52.3062%,False,1,LOBE HUESCA LA MAGIA,True
SEGUNDA FEB,"Liga Regular ""ESTE""",SPANISH BASKETBALL ACADEMY,99,R. GARCIA SALAME,11.5656%,66.8007%,True,1,LOBE HUESCA LA MAGIA,True
SEGUNDA FEB,"Liga Regular ""ESTE""",SPANISH BASKETBALL ACADEMY,99,R. GARCIA SALAME,62.9055%,27.8546%,False,1,LOBE HUESCA LA MAGIA,True
SEGUNDA FEB,"Liga Regular ""ESTE""",SPANISH BASKETBALL ACADEMY,2,E. ARQUES LOPEZ,87.4471%,50.4156%,True,1,LOBE HUESCA LA MAGIA,True
SEGUNDA FEB,"Liga Regular ""ESTE""",SPANISH BASKETBALL ACADEMY,6,J. PUIDET,67.4189%,80.665%,False,1,LOBE HUESCA LA MAGIA,True
SEGUNDA FEB,"Liga Regular ""ESTE""",SPANISH BASKETBALL ACADEMY,15,J. SANTANO BARTOLOME,89.9154%,48.525%,True,1,LOBE HUESCA LA MAGIA,True
SEGUNDA FEB,"Liga Regular ""ESTE""",SPANISH BASKETBALL ACADEMY,6,J. PUIDET,66.4316%,25.3339%,False,1,LOBE HUESCA LA MAGIA,True
SEGUNDA FEB,"Liga Regular ""ESTE""",SPANISH BASKETBALL ACADEMY,99,R. GARCIA SALAME,79.4076%,41.5929%,False,1,LOBE HUESCA LA MAGIA,True
SEGUNDA FEB,"Liga Regular ""ESTE""",SPANISH BASKETBALL ACADEMY,6,J. PUIDET,8.74471%,55.3312%,True,1,LOBE HUESCA LA MAGIA,True
SEGUNDA FEB,"Liga Regular ""ESTE""",SPANISH BASKETBALL ACADEMY,77,E. MEDINA ROA,92.031%,44.8699%,True,1,LOBE HUESCA LA MAGIA,True
SEGUNDA FEB,"Liga Regular ""ESTE""",SPANISH BASKETBALL ACADEMY,21,A. MORENO TRUJILLO,75.811%,10.2092%,False,1,LOBE HUESCA LA MAGIA,True
SEGUNDA FEB,"Liga Regular ""ESTE""",SPANISH BASKETBALL ACADEMY,33,D. SIMEUNOVIC,5.85331%,68.0611%,False,1,LOBE HUESCA LA MAGIA,True
SEGUNDA FEB,"Liga Regular ""ESTE""",SPANISH BASKETBALL ACADEMY,15,J. SANTANO BARTOLOME,8.95628%,47.5167%,True,1,LOBE HUESCA LA MAGIA,True
SEGUNDA FEB,"Liga Regular ""ESTE""",SPANISH BASKETBALL ACADEMY,2,E. ARQUES LOPEZ,33.4274%,71.2121%,False,1,LOBE HUESCA LA MAGIA,True
SEGUNDA FEB,"Liga Regular ""ESTE""",SPANISH BASKETBALL ACADEMY,21,A. MORENO TRUJILLO,6.55853%,55.4572%,True,1,LOBE HUESCA LA MAGIA,True
SEGUNDA FEB,"Liga Regular ""ESTE""",SPANISH BASKETBALL ACADEMY,33,D. SIMEUNOVIC,8.03949%,56.8436%,True,1,LOBE HUESCA LA MAGIA,True
SEGUNDA FEB,"Liga Regular ""ESTE""",SPANISH BASKETBALL ACADEMY,2,E. ARQUES LOPEZ,9.23836%,53.4406%,True,1,LOBE HUESCA LA MAGIA,True
SEGUNDA FEB,"Liga Regular ""ESTE""",SPANISH BASKETBALL ACADEMY,99,R. GARCIA SALAME,60.7898%,64.9101%,False,1,LOBE HUESCA LA MAGIA,True
SEGUNDA FEB,"Liga Regular ""ESTE""",SPANISH BASKETBALL ACADEMY,99,R. GARCIA SALAME,65.8674%,23.5693%,True,1,LOBE HUESCA LA MAGIA,True
SEGUNDA FEB,"Liga Regular ""ESTE""",SPANISH BASKETBALL ACADEMY,77,E. MEDINA ROA,4.93653%,44.7439%,True,1,LOBE HUESCA LA MAGIA,True
SEGUNDA FEB,"Liga Regular ""ESTE""",SPANISH BASKETBALL ACADEMY,6,J. PUIDET,67.6305%,27.6026%,False,1,LOBE HUESCA LA MAGIA,True
SEGUNDA FEB,"Liga Regular ""ESTE""",SPANISH BASKETBALL ACADEMY,77,E. MEDINA ROA,10.4372%,49.4073%,True,1,LOBE HUESCA LA MAGIA,True
SEGUNDA FEB,"Liga Regular ""ESTE""",SPANISH BASKETBALL ACADEMY,33,D. SIMEUNOVIC,13.8223%,47.7688%,False,1,LOBE HUESCA LA MAGIA,True
SEGUNDA FEB,"Liga Regular ""ESTE""",SPANISH BASKETBALL ACADEMY,6,J. PUIDET,27.7151%,18.2757%,False,1,LOBE HUESCA LA MAGIA,True
SEGUNDA FEB,"Liga Regular ""ESTE""",SPANISH BASKETBALL ACADEMY,6,J. PUIDET,32.7927%,73.2287%,False,1,LOBE HUESCA LA MAGIA,True
SEGUNDA FEB,"Liga Regular ""ESTE""",SPANISH BASKETBALL ACADEMY,33,D. SIMEUNOVIC,73.1312%,8.0665%,False,1,LOBE HUESCA LA MAGIA,True
SEGUNDA FEB,"Liga Regular ""ESTE""",SPANISH BASKETBALL ACADEMY,21,A. MORENO TRUJILLO,66.5021%,79.9088%,False,1,LOBE HUESCA LA MAGIA,True
SEGUNDA FEB,"Liga Regular ""ESTE""",SPANISH BASKETBALL ACADEMY,33,D. SIMEUNOVIC,7.61636%,58.4821%,False,1,LOBE HUESCA LA MAGIA,True
SEGUNDA FEB,"Liga Regular ""ESTE""",LOBE HUESCA LA MAGIA,5,H. FIGUEROA ÁLVAREZ,66.079%,22.8131%,False,1,SPANISH BASKETBALL ACADEMY,False
SEGUNDA FEB,"Liga Regular ""ESTE""",LOBE HUESCA LA MAGIA,11,A. BADMUS,8.81523%,37.4336%,False,1,SPANISH BASKETBALL ACADEMY,False
SEGUNDA FEB,"Liga Regular ""ESTE""",LOBE HUESCA LA MAGIA,5,H. FIGUEROA ÁLVAREZ,79.9718%,92.1346%,False,1,SPANISH BASKETBALL ACADEMY,False
SEGUNDA FEB,"Liga Regular ""ESTE""",LOBE HUESCA LA MAGIA,2,J. WELLS,31.8054%,78.2703%,False,1,SPANISH BASKETBALL ACADEMY,False
SEGUNDA FEB,"Liga Regular ""ESTE""",LOBE HUESCA LA MAGIA,77,G. VAZQUEZ VALLEJO,27.6446%,21.3006%,False,1,SPANISH BASKETBALL ACADEMY,False
SEGUNDA FEB,"Liga Regular ""ESTE""",LOBE HUESCA LA MAGIA,0,O. THIAM PEDRERA,66.9253%,23.1912%,True,1,SPANISH BASKETBALL ACADEMY,False
SEGUNDA FEB,"Liga Regular ""ESTE""",LOBE HUESCA LA MAGIA,5,H. FIGUEROA ÁLVAREZ,32.0169%,72.8506%,True,1,SPANISH BASKETBALL ACADEMY,False
SEGUNDA FEB,"Liga Regular ""ESTE""",LOBE HUESCA LA MAGIA,2,J. WELLS,16.5021%,40.2065%,False,1,SPANISH BASKETBALL ACADEMY,False
SEGUNDA FEB,"Liga Regular ""ESTE""",LOBE HUESCA LA MAGIA,0,O. THIAM PEDRERA,93.4415%,70.3298%,False,1,SPANISH BASKETBALL ACADEMY,False
SEGUNDA FEB,"Liga Regular ""ESTE""",LOBE HUESCA LA MAGIA,10,J. FRITZ,88.2229%,53.8187%,False,1,SPANISH BASKETBALL ACADEMY,False
SEGUNDA FEB,"Liga Regular ""ESTE""",LOBE HUESCA LA MAGIA,9,M. CARREIRA KREPS,30.2539%,78.2703%,False,1,SPANISH BASKETBALL ACADEMY,False
SEGUNDA FEB,"Liga Regular ""ESTE""",LOBE HUESCA LA MAGIA,6,I. CORRALIZA COBA,14.0339%,44.9959%,False,1,SPANISH BASKETBALL ACADEMY,False
SEGUNDA FEB,"Liga Regular ""ESTE""",LOBE HUESCA LA MAGIA,15,P. LOPEZ-SANVICENTE RETA,20.1693%,5.41968%,False,1,SPANISH BASKETBALL ACADEMY,False
SEGUNDA FEB,"Liga Regular ""ESTE""",LOBE HUESCA LA MAGIA,6,I. CORRALIZA COBA,91.3963%,58.9863%,True,1,SPANISH BASKETBALL ACADEMY,False
SEGUNDA FEB,"Liga Regular ""ESTE""",LOBE HUESCA LA MAGIA,0,O. THIAM PEDRERA,67.9831%,22.561%,False,1,SPANISH BASKETBALL ACADEMY,False
SEGUNDA FEB,"Liga Regular ""ESTE""",LOBE HUESCA LA MAGIA,15,P. LOPEZ-SANVICENTE RETA,14.5275%,45.122%,False,1,SPANISH BASKETBALL ACADEMY,False
SEGUNDA FEB,"Liga Regular ""ESTE""",LOBE HUESCA LA MAGIA,0,O. THIAM PEDRERA,18.0536%,92.3866%,False,1,SPANISH BASKETBALL ACADEMY,False
SEGUNDA FEB,"Liga Regular ""ESTE""",LOBE HUESCA LA MAGIA,77,G. VAZQUEZ VALLEJO,71.3681%,12.2258%,False,1,SPANISH BASKETBALL ACADEMY,False
SEGUNDA FEB,"Liga Regular ""ESTE""",LOBE HUESCA LA MAGIA,5,H. FIGUEROA ÁLVAREZ,90.268%,49.9115%,False,1,SPANISH BASKETBALL ACADEMY,False
SEGUNDA FEB,"Liga Regular ""ESTE""",LOBE HUESCA LA MAGIA,10,J. FRITZ,87.165%,49.0292%,False,1,SPANISH BASKETBALL ACADEMY,False
SEGUNDA FEB,"Liga Regular ""ESTE""",LOBE HUESCA LA MAGIA,77,G. VAZQUEZ VALLEJO,66.7137%,17.2674%,True,1,SPANISH BASKETBALL ACADEMY,False
SEGUNDA FEB,"Liga Regular ""ESTE""",LOBE HUESCA LA MAGIA,11,A. BADMUS,15.1622%,72.0944%,False,1,SPANISH BASKETBALL ACADEMY,False
SEGUNDA FEB,"Liga Regular ""ESTE""",LOBE HUESCA LA MAGIA,6,I. CORRALIZA COBA,16.7842%,31.6358%,True,1,SPANISH BASKETBALL ACADEMY,False
SEGUNDA FEB,"Liga Regular ""ESTE""",LOBE HUESCA LA MAGIA,15,P. LOPEZ-SANVICENTE RETA,83.4274%,47.1386%,False,1,SPANISH BASKETBALL ACADEMY,False
SEGUNDA FEB,"Liga Regular ""ESTE""",LOBE HUESCA LA MAGIA,2,J. WELLS,21.086%,7.31027%,True,1,SPANISH BASKETBALL ACADEMY,False
SEGUNDA FEB,"Liga Regular ""ESTE""",LOBE HUESCA LA MAGIA,9,M. CARREIRA KREPS,92.1016%,49.1552%,True,1,SPANISH BASKETBALL ACADEMY,False
SEGUNDA FEB,"Liga Regular ""ESTE""",LOBE HUESCA LA MAGIA,2,J. WELLS,63.8223%,20.7964%,True,1,SPANISH BASKETBALL ACADEMY,False
SEGUNDA FEB,"Liga Regular ""ESTE""",LOBE HUESCA LA MAGIA,6,I. CORRALIZA COBA,92.1016%,44.1137%,False,1,SPANISH BASKETBALL ACADEMY,False
SEGUNDA FEB,"Liga Regular ""ESTE""",LOBE HUESCA LA MAGIA,1,O. BIESHAAR,79.5487%,95.1595%,False,1,SPANISH BASKETBALL ACADEMY,False
SEGUNDA FEB,"Liga Regular ""ESTE""",LOBE HUESCA LA MAGIA,5,H. FIGUEROA ÁLVAREZ,68.1946%,24.3255%,False,1,SPANISH BASKETBALL ACADEMY,False
SEGUNDA FEB,"Liga Regular ""ESTE""",LOBE HUESCA LA MAGIA,5,H. FIGUEROA ÁLVAREZ,65.5853%,27.3505%,True,1,SPANISH BASKETBALL ACADEMY,False
SEGUNDA FEB,"Liga Regular ""ESTE""",LOBE HUESCA LA MAGIA,0,O. THIAM PEDRERA,65.2327%,23.8214%,False,1,SPANISH BASKETBALL ACADEMY,False
SEGUNDA FEB,"Liga Regular ""ESTE""",LOBE HUESCA LA MAGIA,15,P. LOPEZ-SANVICENTE RETA,5.64175%,40.0804%,True,1,SPANISH BASKETBALL ACADEMY,False
SEGUNDA FEB,"Liga Regular ""ESTE""",LOBE HUESCA LA MAGIA,10,J. FRITZ,61.7772%,51.2979%,False,1,SPANISH BASKETBALL ACADEMY,False
SEGUNDA FEB,"Liga Regular ""ESTE""",LOBE HUESCA LA MAGIA,6,I. CORRALIZA COBA,91.0437%,50.6677%,False,1,SPANISH BASKETBALL ACADEMY,False
SEGUNDA FEB,"Liga Regular ""ESTE""",LOBE HUESCA LA MAGIA,6,I. CORRALIZA COBA,13.6812%,49.1552%,True,1,SPANISH BASKETBALL ACADEMY,False
SEGUNDA FEB,"Liga Regular ""ESTE""",LOBE HUESCA LA MAGIA,11,A. BADMUS,26.6573%,85.4545%,False,1,SPANISH BASKETBALL ACADEMY,False
SEGUNDA FEB,"Liga Regular ""ESTE""",LOBE HUESCA LA MAGIA,2,J. WELLS,81.5938%,47.6428%,True,1,SPANISH BASKETBALL ACADEMY,False
SEGUNDA FEB,"Liga Regular ""ESTE""",LOBE HUESCA LA MAGIA,5,H. FIGUEROA ÁLVAREZ,31.3117%,24.4516%,False,1,SPANISH BASKETBALL ACADEMY,False
SEGUNDA FEB,"Liga Regular ""ESTE""",LOBE HUESCA LA MAGIA,2,J. WELLS,15.3738%,44.6178%,True,1,SPANISH BASKETBALL ACADEMY,False
SEGUNDA FEB,"Liga Regular ""ESTE""",LOBE HUESCA LA MAGIA,11,A. BADMUS,32.5106%,26.0901%,False,1,SPANISH BASKETBALL ACADEMY,False
SEGUNDA FEB,"Liga Regular ""ESTE""",LOBE HUESCA LA MAGIA,0,O. THIAM PEDRERA,88.4344%,47.7688%,False,1,SPANISH BASKETBALL ACADEMY,False
SEGUNDA FEB,"Liga Regular ""ESTE""",LOBE HUESCA LA MAGIA,6,I. CORRALIZA COBA,31.4528%,24.1995%,True,1,SPANISH BASKETBALL ACADEMY,False
SEGUNDA FEB,"Liga Regular ""ESTE""",LOBE HUESCA LA MAGIA,15,P. LOPEZ-SANVICENTE RETA,25.952%,15.2507%,False,1,SPANISH BASKETBALL ACADEMY,False
SEGUNDA FEB,"Liga Regular ""ESTE""",LOBE HUESCA LA MAGIA,6,I. CORRALIZA COBA,31.1001%,77.388%,False,1,SPANISH BASKETBALL ACADEMY,False
SEGUNDA FEB,"Liga Regular ""ESTE""",LOBE HUESCA LA MAGIA,2,J. WELLS,68.4767%,85.9586%,False,1,SPANISH BASKETBALL ACADEMY,False
SEGUNDA FEB,"Liga Regular ""ESTE""",LOBE HUESCA LA MAGIA,1,O. BIESHAAR,6.27645%,53.5666%,False,1,SPANISH BASKETBALL ACADEMY,False
SEGUNDA FEB,"Liga Regular ""ESTE""",LOBE HUESCA LA MAGIA,5,H. FIGUEROA ÁLVAREZ,63.7518%,43.8616%,True,1,SPANISH BASKETBALL ACADEMY,False
SEGUNDA FEB,"Liga Regular ""ESTE""",LOBE HUESCA LA MAGIA,6,I. CORRALIZA COBA,61.7066%,62.1373%,False,1,SPANISH BASKETBALL ACADEMY,False
SEGUNDA FEB,"Liga Regular ""ESTE""",LOBE HUESCA LA MAGIA,0,O. THIAM PEDRERA,23.6248%,92.7648%,False,1,SPANISH BASKETBALL ACADEMY,False
SEGUNDA FEB,"Liga Regular ""ESTE""",LOBE HUESCA LA MAGIA,2,J. WELLS,33.78%,19.5361%,False,1,SPANISH BASKETBALL ACADEMY,False
SEGUNDA FEB,"Liga Regular ""ESTE""",LOBE HUESCA LA MAGIA,77,G. VAZQUEZ VALLEJO,86.6009%,48.399%,False,1,SPANISH BASKETBALL ACADEMY,False
SEGUNDA FEB,"Liga Regular ""ESTE""",LOBE HUESCA LA MAGIA,11,A. BADMUS,92.7363%,45.3741%,False,1,SPANISH BASKETBALL ACADEMY,False
SEGUNDA FEB,"Liga Regular ""ESTE""",LOBE HUESCA LA MAGIA,6,I. CORRALIZA COBA,67.9831%,68.8173%,False,1,SPANISH BASKETBALL ACADEMY,False
SEGUNDA FEB,"Liga Regular ""ESTE""",LOBE HUESCA LA MAGIA,2,J. WELLS,29.4781%,76.8838%,False,1,SPANISH BASKETBALL ACADEMY,False
SEGUNDA FEB,"Liga Regular ""ESTE""",LOBE HUESCA LA MAGIA,2,J. WELLS,88.646%,52.3062%,True,1,SPANISH BASKETBALL ACADEMY,False
SEGUNDA FEB,"Liga Regular ""ESTE""",LOBE HUESCA LA MAGIA,6,I. CORRALIZA COBA,88.2229%,60.7508%,True,1,SPANISH BASKETBALL ACADEMY,False
SEGUNDA FEB,"Liga Regular ""ESTE""",LOBE HUESCA LA MAGIA,0,O. THIAM PEDRERA,31.3117%,18.5277%,True,1,SPANISH BASKETBALL ACADEMY,False
SEGUNDA FEB,"Liga Regular ""ESTE""",LOBE HUESCA LA MAGIA,6,I. CORRALIZA COBA,8.88575%,50.9198%,True,1,SPANISH BASKETBALL ACADEMY,False
SEGUNDA FEB,"Liga Regular ""ESTE""",LOBE HUESCA LA MAGIA,9,M. CARREIRA KREPS,89.4217%,7.81442%,False,1,SPANISH BASKETBALL ACADEMY,False
SEGUNDA FEB,"Liga Regular ""ESTE""",LOBE HUESCA LA MAGIA,10,J. FRITZ,10.0141%,64.2799%,True,1,SPANISH BASKETBALL ACADEMY,False
SEGUNDA FEB,"Liga Regular ""ESTE""",LOBE HUESCA LA MAGIA,9,M. CARREIRA KREPS,8.67419%,47.1386%,True,1,SPANISH BASKETBALL ACADEMY,False
SEGUNDA FEB,"Liga Regular ""ESTE""",LOBE HUESCA LA MAGIA,5,H. FIGUEROA ÁLVAREZ,69.0409%,21.3006%,True,1,SPANISH BASKETBALL ACADEMY,False
SEGUNDA FEB,"Liga Regular ""ESTE""",LOBE HUESCA LA MAGIA,6,I. CORRALIZA COBA,93.7236%,57.4738%,True,1,SPANISH BASKETBALL ACADEMY,False
SEGUNDA FEB,"Liga Regular ""ESTE""",LOBE HUESCA LA MAGIA,6,I. CORRALIZA COBA,88.5049%,46.3824%,False,1,SPANISH BASKETBALL ACADEMY,False
SEGUNDA FEB,"Liga Regular ""ESTE""",LOBE HUESCA LA MAGIA,2,J. WELLS,72.1439%,81.0431%,False,1,SPANISH BASKETBALL ACADEMY,False
SEGUNDA FEB,"Liga Regular ""ESTE""",CIUDAD MOLINA BASKET,21,G. MILADINOVIC,9.52045%,43.3574%,False,1,AMICS CASTELLÓ,True
SEGUNDA FEB,"Liga Regular ""ESTE""",CIUDAD MOLINA BASKET,37,C. TOLEDO ZAMORA,7.47532%,47.3907%,True,1,AMICS CASTELLÓ,True
SEGUNDA FEB,"Liga Regular ""ESTE""",CIUDAD MOLINA BASKET,7,J. CASCALES FERNANDEZ,93.0183%,44.8699%,True,1,AMICS CASTELLÓ,True
SEGUNDA FEB,"Liga Regular ""ESTE""",CIUDAD MOLINA BASKET,26,M. MUKENDI MUKENDI,91.9605%,54.0708%,False,1,AMICS CASTELLÓ,True
SEGUNDA FEB,"Liga Regular ""ESTE""",CIUDAD MOLINA BASKET,9,R. TIMONER GIMENEZ,67.2779%,28.3588%,False,1,AMICS CASTELLÓ,True
SEGUNDA FEB,"Liga Regular ""ESTE""",CIUDAD MOLINA BASKET,8,G. CADME ARIAS,85.402%,45.7522%,False,1,AMICS CASTELLÓ,True
SEGUNDA FEB,"Liga Regular ""ESTE""",CIUDAD MOLINA BASKET,5,A. DUVAL,23.5543%,90.244%,False,1,AMICS CASTELLÓ,True
SEGUNDA FEB,"Liga Regular ""ESTE""",CIUDAD MOLINA BASKET,37,C. TOLEDO ZAMORA,89.9154%,50.4156%,False,1,AMICS CASTELLÓ,True
SEGUNDA FEB,"Liga Regular ""ESTE""",CIUDAD MOLINA BASKET,8,G. CADME ARIAS,9.73202%,43.4835%,False,1,AMICS CASTELLÓ,True
SEGUNDA FEB,"Liga Regular ""ESTE""",CIUDAD MOLINA BASKET,9,R. TIMONER GIMENEZ,33.1453%,23.8214%,False,1,AMICS CASTELLÓ,True
SEGUNDA FEB,"Liga Regular ""ESTE""",CIUDAD MOLINA BASKET,25,F. HERNANDEZ MARTINEZ,6.62906%,48.6511%,True,1,AMICS CASTELLÓ,True
SEGUNDA FEB,"Liga Regular ""ESTE""",CIUDAD MOLINA BASKET,25,F. HERNANDEZ MARTINEZ,71.4386%,88.1013%,False,1,AMICS CASTELLÓ,True
SEGUNDA FEB,"Liga Regular ""ESTE""",CIUDAD MOLINA BASKET,37,C. TOLEDO ZAMORA,6.98166%,49.2813%,True,1,AMICS CASTELLÓ,True
SEGUNDA FEB,"Liga Regular ""ESTE""",CIUDAD MOLINA BASKET,7,J. CASCALES FERNANDEZ,93.7941%,53.3145%,False,1,AMICS CASTELLÓ,True
SEGUNDA FEB,"Liga Regular ""ESTE""",CIUDAD MOLINA BASKET,9,R. TIMONER GIMENEZ,28.7729%,84.6983%,True,1,AMICS CASTELLÓ,True
SEGUNDA FEB,"Liga Regular ""ESTE""",CIUDAD MOLINA BASKET,9,R. TIMONER GIMENEZ,28.3498%,80.4129%,True,1,AMICS CASTELLÓ,True
SEGUNDA FEB,"Liga Regular ""ESTE""",CIUDAD MOLINA BASKET,11,P. CAMPENY LLOVERAS,93.8646%,48.6511%,True,1,AMICS CASTELLÓ,True
SEGUNDA FEB,"Liga Regular ""ESTE""",CIUDAD MOLINA BASKET,26,M. MUKENDI MUKENDI,7.12271%,41.845%,False,1,AMICS CASTELLÓ,True
SEGUNDA FEB,"Liga Regular ""ESTE""",CIUDAD MOLINA BASKET,21,G. MILADINOVIC,6.91114%,40.2065%,True,1,AMICS CASTELLÓ,True
SEGUNDA FEB,"Liga Regular ""ESTE""",CIUDAD MOLINA BASKET,37,C. TOLEDO ZAMORA,91.2553%,49.2813%,True,1,AMICS CASTELLÓ,True
SEGUNDA FEB,"Liga Regular ""ESTE""",CIUDAD MOLINA BASKET,5,A. DUVAL,31.4528%,71.3381%,False,1,AMICS CASTELLÓ,True
SEGUNDA FEB,"Liga Regular ""ESTE""",CIUDAD MOLINA BASKET,5,A. DUVAL,66.9958%,29.115%,False,1,AMICS CASTELLÓ,True
SEGUNDA FEB,"Liga Regular ""ESTE""",CIUDAD MOLINA BASKET,11,P. CAMPENY LLOVERAS,6.1354%,43.2314%,True,1,AMICS CASTELLÓ,True
SEGUNDA FEB,"Liga Regular ""ESTE""",CIUDAD MOLINA BASKET,26,M. MUKENDI MUKENDI,92.031%,50.5417%,True,1,AMICS CASTELLÓ,True
SEGUNDA FEB,"Liga Regular ""ESTE""",CIUDAD MOLINA BASKET,7,J. CASCALES FERNANDEZ,92.6657%,50.2896%,False,1,AMICS CASTELLÓ,True
SEGUNDA FEB,"Liga Regular ""ESTE""",CIUDAD MOLINA BASKET,9,R. TIMONER GIMENEZ,69.1114%,27.8546%,False,1,AMICS CASTELLÓ,True
SEGUNDA FEB,"Liga Regular ""ESTE""",CIUDAD MOLINA BASKET,88,J. TAVELLI,32.3695%,72.2204%,False,1,AMICS CASTELLÓ,True
SEGUNDA FEB,"Liga Regular ""ESTE""",CIUDAD MOLINA BASKET,25,F. HERNANDEZ MARTINEZ,64.2454%,46.7605%,False,1,AMICS CASTELLÓ,True
SEGUNDA FEB,"Liga Regular ""ESTE""",CIUDAD MOLINA BASKET,26,M. MUKENDI MUKENDI,8.3921%,45.122%,False,1,AMICS CASTELLÓ,True
SEGUNDA FEB,"Liga Regular ""ESTE""",CIUDAD MOLINA BASKET,9,R. TIMONER GIMENEZ,44.3583%,21.3006%,False,1,AMICS CASTELLÓ,True
SEGUNDA FEB,"Liga Regular ""ESTE""",CIUDAD MOLINA BASKET,12,R. MARTÍNEZ-QUINTANILLA JIMÉNEZ,89.4922%,57.4738%,False,1,AMICS CASTELLÓ,True
SEGUNDA FEB,"Liga Regular ""ESTE""",CIUDAD MOLINA BASKET,5,A. DUVAL,92.7363%,43.3574%,False,1,AMICS CASTELLÓ,True
SEGUNDA FEB,"Liga Regular ""ESTE""",CIUDAD MOLINA BASKET,25,F. HERNANDEZ MARTINEZ,86.7419%,49.5334%,True,1,AMICS CASTELLÓ,True
SEGUNDA FEB,"Liga Regular ""ESTE""",CIUDAD MOLINA BASKET,12,R. MARTÍNEZ-QUINTANILLA JIMÉNEZ,65.9379%,49.4073%,True,1,AMICS CASTELLÓ,True
SEGUNDA FEB,"Liga Regular ""ESTE""",CIUDAD MOLINA BASKET,5,A. DUVAL,25.5289%,86.5888%,False,1,AMICS CASTELLÓ,True
SEGUNDA FEB,"Liga Regular ""ESTE""",CIUDAD MOLINA BASKET,9,R. TIMONER GIMENEZ,94.2172%,43.1054%,True,1,AMICS CASTELLÓ,True
SEGUNDA FEB,"Liga Regular ""ESTE""",CIUDAD MOLINA BASKET,21,G. MILADINOVIC,10.4372%,40.7106%,False,1,AMICS CASTELLÓ,True
SEGUNDA FEB,"Liga Regular ""ESTE""",CIUDAD MOLINA BASKET,5,A. DUVAL,27.292%,85.0764%,False,1,AMICS CASTELLÓ,True
SEGUNDA FEB,"Liga Regular ""ESTE""",CIUDAD MOLINA BASKET,25,F. HERNANDEZ MARTINEZ,15.5853%,3.65513%,False,1,AMICS CASTELLÓ,True
SEGUNDA FEB,"Liga Regular ""ESTE""",CIUDAD MOLINA BASKET,8,G. CADME ARIAS,93.8646%,50.2896%,False,1,AMICS CASTELLÓ,True
SEGUNDA FEB,"Liga Regular ""ESTE""",CIUDAD MOLINA BASKET,9,R. TIMONER GIMENEZ,29.1961%,77.514%,False,1,AMICS CASTELLÓ,True
SEGUNDA FEB,"Liga Regular ""ESTE""",CIUDAD MOLINA BASKET,26,M. MUKENDI MUKENDI,93.7941%,53.3145%,True,1,AMICS CASTELLÓ,True
SEGUNDA FEB,"Liga Regular ""ESTE""",CIUDAD MOLINA BASKET,88,J. TAVELLI,30.7475%,15.7549%,False,1,AMICS CASTELLÓ,True
SEGUNDA FEB,"Liga Regular ""ESTE""",CIUDAD MOLINA BASKET,9,R. TIMONER GIMENEZ,30.2539%,72.4725%,False,1,AMICS CASTELLÓ,True
SEGUNDA FEB,"Liga Regular ""ESTE""",CIUDAD MOLINA BASKET,25,F. HERNANDEZ MARTINEZ,93.8646%,50.2896%,False,1,AMICS CASTELLÓ,True
SEGUNDA FEB,"Liga Regular ""ESTE""",CIUDAD MOLINA BASKET,26,M. MUKENDI MUKENDI,91.89%,51.8021%,True,1,AMICS CASTELLÓ,True
SEGUNDA FEB,"Liga Regular ""ESTE""",CIUDAD MOLINA BASKET,37,C. TOLEDO ZAMORA,93.653%,44.3658%,True,1,AMICS CASTELLÓ,True
SEGUNDA FEB,"Liga Regular ""ESTE""",CIUDAD MOLINA BASKET,12,R. MARTÍNEZ-QUINTANILLA JIMÉNEZ,65.6559%,25.964%,False,1,AMICS CASTELLÓ,True
SEGUNDA FEB,"Liga Regular ""ESTE""",CIUDAD MOLINA BASKET,22,M. GARCIA ROSELLO,74.8237%,91.2523%,False,1,AMICS CASTELLÓ,True
SEGUNDA FEB,"Liga Regular ""ESTE""",CIUDAD MOLINA BASKET,12,R. MARTÍNEZ-QUINTANILLA JIMÉNEZ,95.0635%,92.2606%,True,1,AMICS CASTELLÓ,True
SEGUNDA FEB,"Liga Regular ""ESTE""",CIUDAD MOLINA BASKET,11,P. CAMPENY LLOVERAS,6.98166%,94.5293%,True,1,AMICS CASTELLÓ,True
SEGUNDA FEB,"Liga Regular ""ESTE""",CIUDAD MOLINA BASKET,26,M. MUKENDI MUKENDI,12.6939%,23.9474%,True,1,AMICS CASTELLÓ,True
SEGUNDA FEB,"Liga Regular ""ESTE""",CIUDAD MOLINA BASKET,22,M. GARCIA ROSELLO,32.299%,68.3132%,False,1,AMICS CASTELLÓ,True
SEGUNDA FEB,"Liga Regular ""ESTE""",CIUDAD MOLINA BASKET,22,M. GARCIA ROSELLO,7.75741%,94.5293%,False,1,AMICS CASTELLÓ,True
SEGUNDA FEB,"Liga Regular ""ESTE""",CIUDAD MOLINA BASKET,11,P. CAMPENY LLOVERAS,6.91114%,45.248%,True,1,AMICS CASTELLÓ,True
SEGUNDA FEB,"Liga Regular ""ESTE""",CIUDAD MOLINA BASKET,26,M. MUKENDI MUKENDI,94.6403%,48.399%,True,1,AMICS CASTELLÓ,True
SEGUNDA FEB,"Liga Regular ""ESTE""",CIUDAD MOLINA BASKET,22,M. GARCIA ROSELLO,91.9605%,48.399%,True,1,AMICS CASTELLÓ,True
SEGUNDA FEB,"Liga Regular ""ESTE""",CIUDAD MOLINA BASKET,37,C. TOLEDO ZAMORA,93.5825%,45.8782%,True,1,AMICS CASTELLÓ,True
SEGUNDA FEB,"Liga Regular ""ESTE""",CIUDAD MOLINA BASKET,11,P. CAMPENY LLOVERAS,92.2426%,55.4572%,False,1,AMICS CASTELLÓ,True
SEGUNDA FEB,"Liga Regular ""ESTE""",CIUDAD MOLINA BASKET,9,R. TIMONER GIMENEZ,27.3625%,15.1247%,True,1,AMICS CASTELLÓ,True
SEGUNDA FEB,"Liga Regular ""ESTE""",CIUDAD MOLINA BASKET,5,A. DUVAL,24.33%,9.32689%,True,1,AMICS CASTELLÓ,True
SEGUNDA FEB,"Liga Regular ""ESTE""",CIUDAD MOLINA BASKET,25,F. HERNANDEZ MARTINEZ,7.68688%,55.0791%,False,1,AMICS CASTELLÓ,True
SEGUNDA FEB,"Liga Regular ""ESTE""",AMICS CASTELLÓ,42,F. STUTZ,91.89%,52.8104%,False,1,CIUDAD MOLINA BASKET,False
SEGUNDA FEB,"Liga Regular ""ESTE""",AMICS CASTELLÓ,67,A. TAMAYO LESMES,8.3921%,51.8021%,True,1,CIUDAD MOLINA BASKET,False
SEGUNDA FEB,"Liga Regular ""ESTE""",AMICS CASTELLÓ,22,K. NEWTON,25.4584%,87.9753%,True,1,CIUDAD MOLINA BASKET,False
SEGUNDA FEB,"Liga Regular ""ESTE""",AMICS CASTELLÓ,22,K. NEWTON,72.7786%,17.5194%,False,1,CIUDAD MOLINA BASKET,False
SEGUNDA FEB,"Liga Regular ""ESTE""",AMICS CASTELLÓ,4,R. FABREGA URPINA,91.7489%,92.8908%,True,1,CIUDAD MOLINA BASKET,False
SEGUNDA FEB,"Liga Regular ""ESTE""",AMICS CASTELLÓ,42,F. STUTZ,92.1016%,54.4489%,True,1,CIUDAD MOLINA BASKET,False
SEGUNDA FEB,"Liga Regular ""ESTE""",AMICS CASTELLÓ,67,A. TAMAYO LESMES,89.1396%,37.1815%,True,1,CIUDAD MOLINA BASKET,False
SEGUNDA FEB,"Liga Regular ""ESTE""",AMICS CASTELLÓ,33,M. ANDREATTA,6.20592%,47.3907%,True,1,CIUDAD MOLINA BASKET,False
SEGUNDA FEB,"Liga Regular ""ESTE""",AMICS CASTELLÓ,17,A. ROIG BARBERA,32.9337%,21.0485%,False,1,CIUDAD MOLINA BASKET,False
SEGUNDA FEB,"Liga Regular ""ESTE""",AMICS CASTELLÓ,10,O. RUSSELL,25.67%,86.3368%,False,1,CIUDAD MOLINA BASKET,False
SEGUNDA FEB,"Liga Regular ""ESTE""",AMICS CASTELLÓ,22,K. NEWTON,74.8237%,12.2258%,True,1,CIUDAD MOLINA BASKET,False
SEGUNDA FEB,"Liga Regular ""ESTE""",AMICS CASTELLÓ,33,M. ANDREATTA,91.89%,80.0348%,True,1,CIUDAD MOLINA BASKET,False
SEGUNDA FEB,"Liga Regular ""ESTE""",AMICS CASTELLÓ,11,D. BAH,6.20592%,52.9364%,True,1,CIUDAD MOLINA BASKET,False
SEGUNDA FEB,"Liga Regular ""ESTE""",AMICS CASTELLÓ,17,A. ROIG BARBERA,6.48801%,51.55%,True,1,CIUDAD MOLINA BASKET,False
SEGUNDA FEB,"Liga Regular ""ESTE""",AMICS CASTELLÓ,10,O. RUSSELL,8.18054%,54.4489%,False,1,CIUDAD MOLINA BASKET,False
SEGUNDA FEB,"Liga Regular ""ESTE""",AMICS CASTELLÓ,33,M. ANDREATTA,9.80254%,6.42799%,False,1,CIUDAD MOLINA BASKET,False
SEGUNDA FEB,"Liga Regular ""ESTE""",AMICS CASTELLÓ,10,O. RUSSELL,27.1509%,11.9737%,True,1,CIUDAD MOLINA BASKET,False
SEGUNDA FEB,"Liga Regular ""ESTE""",AMICS CASTELLÓ,4,R. FABREGA URPINA,92.5952%,51.9281%,False,1,CIUDAD MOLINA BASKET,False
SEGUNDA FEB,"Liga Regular ""ESTE""",AMICS CASTELLÓ,17,A. ROIG BARBERA,74.2595%,11.5956%,True,1,CIUDAD MOLINA BASKET,False
SEGUNDA FEB,"Liga Regular ""ESTE""",AMICS CASTELLÓ,10,O. RUSSELL,26.5162%,10.0831%,True,1,CIUDAD MOLINA BASKET,False
SEGUNDA FEB,"Liga Regular ""ESTE""",AMICS CASTELLÓ,22,K. NEWTON,73.2017%,88.1013%,False,1,CIUDAD MOLINA BASKET,False
SEGUNDA FEB,"Liga Regular ""ESTE""",AMICS CASTELLÓ,27,K. BAOKO,93.0889%,50.4156%,True,1,CIUDAD MOLINA BASKET,False
SEGUNDA FEB,"Liga Regular ""ESTE""",AMICS CASTELLÓ,5,A. BALADA SEGOVIA,6.98166%,93.647%,False,1,CIUDAD MOLINA BASKET,False
SEGUNDA FEB,"Liga Regular ""ESTE""",AMICS CASTELLÓ,8,J. FANER CATALA,7.26375%,45.7522%,True,1,CIUDAD MOLINA BASKET,False
SEGUNDA FEB,"Liga Regular ""ESTE""",AMICS CASTELLÓ,67,A. TAMAYO LESMES,93.4415%,72.3464%,True,1,CIUDAD MOLINA BASKET,False
SEGUNDA FEB,"Liga Regular ""ESTE""",AMICS CASTELLÓ,11,D. BAH,21.086%,35.2909%,False,1,CIUDAD MOLINA BASKET,False
SEGUNDA FEB,"Liga Regular ""ESTE""",AMICS CASTELLÓ,33,M. ANDREATTA,92.3836%,92.5127%,True,1,CIUDAD MOLINA BASKET,False
SEGUNDA FEB,"Liga Regular ""ESTE""",AMICS CASTELLÓ,30,V. RODRIGUEZ GIL,8.25106%,46.2563%,False,1,CIUDAD MOLINA BASKET,False
SEGUNDA FEB,"Liga Regular ""ESTE""",AMICS CASTELLÓ,5,A. BALADA SEGOVIA,6.84062%,4.41137%,False,1,CIUDAD MOLINA BASKET,False
SEGUNDA FEB,"Liga Regular ""ESTE""",AMICS CASTELLÓ,11,D. BAH,93.7941%,73.3547%,True,1,CIUDAD MOLINA BASKET,False
SEGUNDA FEB,"Liga Regular ""ESTE""",AMICS CASTELLÓ,10,O. RUSSELL,6.27645%,92.2606%,True,1,CIUDAD MOLINA BASKET,False
SEGUNDA FEB,"Liga Regular ""ESTE""",AMICS CASTELLÓ,10,O. RUSSELL,93.512%,42.8533%,False,1,CIUDAD MOLINA BASKET,False
SEGUNDA FEB,"Liga Regular ""ESTE""",AMICS CASTELLÓ,67,A. TAMAYO LESMES,8.32158%,94.5293%,False,1,CIUDAD MOLINA BASKET,False
SEGUNDA FEB,"Liga Regular ""ESTE""",AMICS CASTELLÓ,10,O. RUSSELL,5.35966%,54.953%,True,1,CIUDAD MOLINA BASKET,False
SEGUNDA FEB,"Liga Regular ""ESTE""",AMICS CASTELLÓ,4,R. FABREGA URPINA,6.48801%,58.6082%,False,1,CIUDAD MOLINA BASKET,False
SEGUNDA FEB,"Liga Regular ""ESTE""",AMICS CASTELLÓ,33,M. ANDREATTA,10.1551%,70.2038%,True,1,CIUDAD MOLINA BASKET,False
SEGUNDA FEB,"Liga Regular ""ESTE""",AMICS CASTELLÓ,22,K. NEWTON,69.8872%,17.1413%,True,1,CIUDAD MOLINA BASKET,False
SEGUNDA FEB,"Liga Regular ""ESTE""",AMICS CASTELLÓ,10,O. RUSSELL,83.921%,40.8367%,False,1,CIUDAD MOLINA BASKET,False
SEGUNDA FEB,"Liga Regular ""ESTE""",AMICS CASTELLÓ,67,A. TAMAYO LESMES,79.9718%,96.672%,False,1,CIUDAD MOLINA BASKET,False
SEGUNDA FEB,"Liga Regular ""ESTE""",AMICS CASTELLÓ,8,J. FANER CATALA,6.55853%,42.8533%,False,1,CIUDAD MOLINA BASKET,False
SEGUNDA FEB,"Liga Regular ""ESTE""",AMICS CASTELLÓ,8,J. FANER CATALA,94.0056%,23.4433%,False,1,CIUDAD MOLINA BASKET,False
SEGUNDA FEB,"Liga Regular ""ESTE""",AMICS CASTELLÓ,67,A. TAMAYO LESMES,92.5952%,52.1802%,True,1,CIUDAD MOLINA BASKET,False
SEGUNDA FEB,"Liga Regular ""ESTE""",AMICS CASTELLÓ,10,O. RUSSELL,28.2793%,82.1775%,False,1,CIUDAD MOLINA BASKET,False
SEGUNDA FEB,"Liga Regular ""ESTE""",AMICS CASTELLÓ,10,O. RUSSELL,66.0085%,39.3242%,False,1,CIUDAD MOLINA BASKET,False
SEGUNDA FEB,"Liga Regular ""ESTE""",AMICS CASTELLÓ,42,F. STUTZ,35.1904%,43.1054%,True,1,CIUDAD MOLINA BASKET,False
SEGUNDA FEB,"Liga Regular ""ESTE""",AMICS CASTELLÓ,67,A. TAMAYO LESMES,29.8307%,20.5444%,True,1,CIUDAD MOLINA BASKET,False
SEGUNDA FEB,"Liga Regular ""ESTE""",AMICS CASTELLÓ,17,A. ROIG BARBERA,92.1016%,93.7731%,False,1,CIUDAD MOLINA BASKET,False
SEGUNDA FEB,"Liga Regular ""ESTE""",AMICS CASTELLÓ,10,O. RUSSELL,92.7363%,54.953%,True,1,CIUDAD MOLINA BASKET,False
SEGUNDA FEB,"Liga Regular ""ESTE""",AMICS CASTELLÓ,11,D. BAH,92.5247%,52.9364%,False,1,CIUDAD MOLINA BASKET,False
SEGUNDA FEB,"Liga Regular ""ESTE""",AMICS CASTELLÓ,4,R. FABREGA URPINA,91.1142%,55.5832%,True,1,CIUDAD MOLINA BASKET,False
SEGUNDA FEB,"Liga Regular ""ESTE""",AMICS CASTELLÓ,17,A. ROIG BARBERA,93.3709%,42.8533%,True,1,CIUDAD MOLINA BASKET,False
SEGUNDA FEB,"Liga Regular ""ESTE""",AMICS CASTELLÓ,67,A. TAMAYO LESMES,22.4965%,92.2606%,True,1,CIUDAD MOLINA BASKET,False
SEGUNDA FEB,"Liga Regular ""ESTE""",AMICS CASTELLÓ,4,R. FABREGA URPINA,6.06488%,44.8699%,True,1,CIUDAD MOLINA BASKET,False
SEGUNDA FEB,"Liga Regular ""ESTE""",AMICS CASTELLÓ,4,R. FABREGA URPINA,8.3921%,29.8713%,False,1,CIUDAD MOLINA BASKET,False
SEGUNDA FEB,"Liga Regular ""ESTE""",AMICS CASTELLÓ,22,K. NEWTON,35.2609%,50.9198%,False,1,CIUDAD MOLINA BASKET,False
SEGUNDA FEB,"Liga Regular ""ESTE""",AMICS CASTELLÓ,8,J. FANER CATALA,27.2214%,84.8243%,False,1,CIUDAD MOLINA BASKET,False
SEGUNDA FEB,"Liga Regular ""ESTE""",AMICS CASTELLÓ,22,K. NEWTON,65.2327%,35.9211%,False,1,CIUDAD MOLINA BASKET,False
SEGUNDA FEB,"Liga Regular ""ESTE""",AMICS CASTELLÓ,22,K. NEWTON,17.5599%,77.7661%,False,1,CIUDAD MOLINA BASKET,False
SEGUNDA FEB,"Liga Regular ""ESTE""",MADERAS SORLI BENICARLO,9,P. HARGUINDEY MANEIRO,31.6644%,34.8257%,False,1,OCA GLOBAL C.B. SALOU,True
SEGUNDA FEB,"Liga Regular ""ESTE""",MADERAS SORLI BENICARLO,33,K. OBIEKWE SAM,73.41%,18.5011%,False,1,OCA GLOBAL C.B. SALOU,True
SEGUNDA FEB,"Liga Regular ""ESTE""",MADERAS SORLI BENICARLO,8,A. HARO VAL,77.1313%,13.6642%,False,1,OCA GLOBAL C.B. SALOU,True
SEGUNDA FEB,"Liga Regular ""ESTE""",MADERAS SORLI BENICARLO,12,A. PRIOR RUIZ,84.5061%,43.5321%,True,1,OCA GLOBAL C.B. SALOU,True
SEGUNDA FEB,"Liga Regular ""ESTE""",MADERAS SORLI BENICARLO,33,K. OBIEKWE SAM,88.092%,6.40889%,True,1,OCA GLOBAL C.B. SALOU,True
SEGUNDA FEB,"Liga Regular ""ESTE""",MADERAS SORLI BENICARLO,32,A. SANCHEZ PERDIGUERO,90.5277%,56.108%,False,1,OCA GLOBAL C.B. SALOU,True
SEGUNDA FEB,"Liga Regular ""ESTE""",MADERAS SORLI BENICARLO,13,A. LIBROIA,24.4249%,15.1153%,False,1,OCA GLOBAL C.B. SALOU,True
SEGUNDA FEB,"Liga Regular ""ESTE""",MADERAS SORLI BENICARLO,33,K. OBIEKWE SAM,76.793%,90.0872%,False,1,OCA GLOBAL C.B. SALOU,True
SEGUNDA FEB,"Liga Regular ""ESTE""",MADERAS SORLI BENICARLO,8,A. HARO VAL,91.5426%,54.8988%,True,1,OCA GLOBAL C.B. SALOU,True
SEGUNDA FEB,"Liga Regular ""ESTE""",MADERAS SORLI BENICARLO,1,A. IKPEZE,11.1637%,15.7199%,True,1,OCA GLOBAL C.B. SALOU,True
SEGUNDA FEB,"Liga Regular ""ESTE""",MADERAS SORLI BENICARLO,32,A. SANCHEZ PERDIGUERO,77.9432%,54.8988%,True,1,OCA GLOBAL C.B. SALOU,True
SEGUNDA FEB,"Liga Regular ""ESTE""",MADERAS SORLI BENICARLO,12,A. PRIOR RUIZ,10.3518%,5.44151%,False,1,OCA GLOBAL C.B. SALOU,True
SEGUNDA FEB,"Liga Regular ""ESTE""",MADERAS SORLI BENICARLO,25,R. UKAWUBA,34.3708%,36.3977%,True,1,OCA GLOBAL C.B. SALOU,True
SEGUNDA FEB,"Liga Regular ""ESTE""",MADERAS SORLI BENICARLO,8,A. HARO VAL,89.5805%,38.3324%,False,1,OCA GLOBAL C.B. SALOU,True
SEGUNDA FEB,"Liga Regular ""ESTE""",MADERAS SORLI BENICARLO,9,P. HARGUINDEY MANEIRO,24.3572%,31.4398%,False,1,OCA GLOBAL C.B. SALOU,True
SEGUNDA FEB,"Liga Regular ""ESTE""",MADERAS SORLI BENICARLO,13,A. LIBROIA,9.06631%,93.3521%,True,1,OCA GLOBAL C.B. SALOU,True
SEGUNDA FEB,"Liga Regular ""ESTE""",MADERAS SORLI BENICARLO,3,L. SOUMBEY-ALLEY,70.0271%,74.4882%,True,1,OCA GLOBAL C.B. SALOU,True
SEGUNDA FEB,"Liga Regular ""ESTE""",MADERAS SORLI BENICARLO,35,O. NDOUR,90.5277%,56.108%,False,1,OCA GLOBAL C.B. SALOU,True
SEGUNDA FEB,"Liga Regular ""ESTE""",MADERAS SORLI BENICARLO,8,A. HARO VAL,71.4479%,9.19011%,True,1,OCA GLOBAL C.B. SALOU,True
SEGUNDA FEB,"Liga Regular ""ESTE""",MADERAS SORLI BENICARLO,3,L. SOUMBEY-ALLEY,89.8511%,96.8589%,False,1,OCA GLOBAL C.B. SALOU,True
SEGUNDA FEB,"Liga Regular ""ESTE""",MADERAS SORLI BENICARLO,3,L. SOUMBEY-ALLEY,15.8999%,54.657%,False,1,OCA GLOBAL C.B. SALOU,True
SEGUNDA FEB,"Liga Regular ""ESTE""",MADERAS SORLI BENICARLO,9,P. HARGUINDEY MANEIRO,29.2287%,77.7531%,False,1,OCA GLOBAL C.B. SALOU,True
SEGUNDA FEB,"Liga Regular ""ESTE""",MADERAS SORLI BENICARLO,35,O. NDOUR,9.53992%,94.3195%,True,1,OCA GLOBAL C.B. SALOU,True
SEGUNDA FEB,"Liga Regular ""ESTE""",MADERAS SORLI BENICARLO,32,A. SANCHEZ PERDIGUERO,91.9486%,40.3881%,True,1,OCA GLOBAL C.B. SALOU,True
SEGUNDA FEB,"Liga Regular ""ESTE""",MADERAS SORLI BENICARLO,13,A. LIBROIA,15.6292%,43.5321%,True,1,OCA GLOBAL C.B. SALOU,True
SEGUNDA FEB,"Liga Regular ""ESTE""",MADERAS SORLI BENICARLO,8,A. HARO VAL,36.6035%,38.6952%,True,1,OCA GLOBAL C.B. SALOU,True
SEGUNDA FEB,"Liga Regular ""ESTE""",MADERAS SORLI BENICARLO,25,R. UKAWUBA,18.6062%,92.2638%,False,1,OCA GLOBAL C.B. SALOU,True
SEGUNDA FEB,"Liga Regular ""ESTE""",MADERAS SORLI BENICARLO,3,L. SOUMBEY-ALLEY,87.4831%,38.937%,True,1,OCA GLOBAL C.B. SALOU,True
SEGUNDA FEB,"Liga Regular ""ESTE""",MADERAS SORLI BENICARLO,12,A. PRIOR RUIZ,24.8309%,44.3785%,True,1,OCA GLOBAL C.B. SALOU,True
SEGUNDA FEB,"Liga Regular ""ESTE""",MADERAS SORLI BENICARLO,13,A. LIBROIA,70.2977%,75.9393%,False,1,OCA GLOBAL C.B. SALOU,True
SEGUNDA FEB,"Liga Regular ""ESTE""",MADERAS SORLI BENICARLO,25,R. UKAWUBA,88.7686%,90.5709%,False,1,OCA GLOBAL C.B. SALOU,True
SEGUNDA FEB,"Liga Regular ""ESTE""",MADERAS SORLI BENICARLO,13,A. LIBROIA,24.8309%,44.3785%,False,1,OCA GLOBAL C.B. SALOU,True
SEGUNDA FEB,"Liga Regular ""ESTE""",MADERAS SORLI BENICARLO,33,K. OBIEKWE SAM,26.59%,19.1057%,False,1,OCA GLOBAL C.B. SALOU,True
SEGUNDA FEB,"Liga Regular ""ESTE""",MADERAS SORLI BENICARLO,25,R. UKAWUBA,12.7199%,39.6626%,False,1,OCA GLOBAL C.B. SALOU,True
SEGUNDA FEB,"Liga Regular ""ESTE""",MADERAS SORLI BENICARLO,8,A. HARO VAL,11.7727%,92.2638%,False,1,OCA GLOBAL C.B. SALOU,True
SEGUNDA FEB,"Liga Regular ""ESTE""",MADERAS SORLI BENICARLO,25,R. UKAWUBA,89.2422%,60.4612%,True,1,OCA GLOBAL C.B. SALOU,True
SEGUNDA FEB,"Liga Regular ""ESTE""",MADERAS SORLI BENICARLO,1,A. IKPEZE,9.81055%,68.3212%,False,1,OCA GLOBAL C.B. SALOU,True
SEGUNDA FEB,"Liga Regular ""ESTE""",MADERAS SORLI BENICARLO,1,A. IKPEZE,88.9039%,44.1367%,True,1,OCA GLOBAL C.B. SALOU,True
SEGUNDA FEB,"Liga Regular ""ESTE""",MADERAS SORLI BENICARLO,3,L. SOUMBEY-ALLEY,77.6049%,35.6721%,True,1,OCA GLOBAL C.B. SALOU,True
SEGUNDA FEB,"Liga Regular ""ESTE""",MADERAS SORLI BENICARLO,25,R. UKAWUBA,90.1218%,55.9871%,False,1,OCA GLOBAL C.B. SALOU,True
SEGUNDA FEB,"Liga Regular ""ESTE""",MADERAS SORLI BENICARLO,13,A. LIBROIA,75.7781%,52.1176%,True,1,OCA GLOBAL C.B. SALOU,True
SEGUNDA FEB,"Liga Regular ""ESTE""",MADERAS SORLI BENICARLO,3,L. SOUMBEY-ALLEY,77.9432%,54.8988%,False,1,OCA GLOBAL C.B. SALOU,True
SEGUNDA FEB,"Liga Regular ""ESTE""",MADERAS SORLI BENICARLO,3,L. SOUMBEY-ALLEY,93.0988%,58.2846%,False,1,OCA GLOBAL C.B. SALOU,True
SEGUNDA FEB,"Liga Regular ""ESTE""",MADERAS SORLI BENICARLO,33,K. OBIEKWE SAM,9.94587%,37.1232%,True,1,OCA GLOBAL C.B. SALOU,True
SEGUNDA FEB,"Liga Regular ""ESTE""",MADERAS SORLI BENICARLO,33,K. OBIEKWE SAM,9.53992%,94.3195%,False,1,OCA GLOBAL C.B. SALOU,True
SEGUNDA FEB,"Liga Regular ""ESTE""",MADERAS SORLI BENICARLO,33,K. OBIEKWE SAM,94.249%,96.617%,False,1,OCA GLOBAL C.B. SALOU,True
SEGUNDA FEB,"Liga Regular ""ESTE""",MADERAS SORLI BENICARLO,35,O. NDOUR,90.3248%,53.8105%,True,1,OCA GLOBAL C.B. SALOU,True
SEGUNDA FEB,"Liga Regular ""ESTE""",MADERAS SORLI BENICARLO,3,L. SOUMBEY-ALLEY,31.8674%,34.9466%,False,1,OCA GLOBAL C.B. SALOU,True
SEGUNDA FEB,"Liga Regular ""ESTE""",MADERAS SORLI BENICARLO,33,K. OBIEKWE SAM,92.3545%,27.2076%,False,1,OCA GLOBAL C.B. SALOU,True
SEGUNDA FEB,"Liga Regular ""ESTE""",MADERAS SORLI BENICARLO,33,K. OBIEKWE SAM,8.72801%,62.0332%,True,1,OCA GLOBAL C.B. SALOU,True
SEGUNDA FEB,"Liga Regular ""ESTE""",MADERAS SORLI BENICARLO,25,R. UKAWUBA,90.7984%,58.8892%,True,1,OCA GLOBAL C.B. SALOU,True
SEGUNDA FEB,"Liga Regular ""ESTE""",MADERAS SORLI BENICARLO,1,A. IKPEZE,92.2192%,40.1463%,True,1,OCA GLOBAL C.B. SALOU,True
SEGUNDA FEB,"Liga Regular ""ESTE""",MADERAS SORLI BENICARLO,35,O. NDOUR,11.1637%,41.8392%,True,1,OCA GLOBAL C.B. SALOU,True
SEGUNDA FEB,"Liga Regular ""ESTE""",MADERAS SORLI BENICARLO,8,A. HARO VAL,31.7997%,69.6513%,False,1,OCA GLOBAL C.B. SALOU,True
SEGUNDA FEB,"Liga Regular ""ESTE""",MADERAS SORLI BENICARLO,8,A. HARO VAL,92.4222%,94.4404%,False,1,OCA GLOBAL C.B. SALOU,True
SEGUNDA FEB,"Liga Regular ""ESTE""",MADERAS SORLI BENICARLO,33,K. OBIEKWE SAM,10.6901%,39.5416%,True,1,OCA GLOBAL C.B. SALOU,True
SEGUNDA FEB,"Liga Regular ""ESTE""",MADERAS SORLI BENICARLO,12,A. PRIOR RUIZ,9.33694%,76.0602%,False,1,OCA GLOBAL C.B. SALOU,True
SEGUNDA FEB,"Liga Regular ""ESTE""",MADERAS SORLI BENICARLO,9,P. HARGUINDEY MANEIRO,9.06631%,95.2869%,True,1,OCA GLOBAL C.B. SALOU,True
SEGUNDA FEB,"Liga Regular ""ESTE""",MADERAS SORLI BENICARLO,11,M. VORONIN,86.5359%,26.8448%,False,1,OCA GLOBAL C.B. SALOU,True
SEGUNDA FEB,"Liga Regular ""ESTE""",MADERAS SORLI BENICARLO,13,A. LIBROIA,76.793%,64.5726%,False,1,OCA GLOBAL C.B. SALOU,True
SEGUNDA FEB,"Liga Regular ""ESTE""",OCA GLOBAL C.B. SALOU,3,B. TRAORE,91.7456%,55.6243%,True,1,MADERAS SORLI BENICARLO,False
SEGUNDA FEB,"Liga Regular ""ESTE""",OCA GLOBAL C.B. SALOU,33,A. MORALES ROS,25.7781%,81.5017%,False,1,MADERAS SORLI BENICARLO,False
SEGUNDA FEB,"Liga Regular ""ESTE""",OCA GLOBAL C.B. SALOU,17,P. SALO BLAYA,89.3099%,50.7874%,True,1,MADERAS SORLI BENICARLO,False
SEGUNDA FEB,"Liga Regular ""ESTE""",OCA GLOBAL C.B. SALOU,3,B. TRAORE,92.0162%,61.7914%,True,1,MADERAS SORLI BENICARLO,False
SEGUNDA FEB,"Liga Regular ""ESTE""",OCA GLOBAL C.B. SALOU,3,B. TRAORE,14.885%,4.11136%,False,1,MADERAS SORLI BENICARLO,False
SEGUNDA FEB,"Liga Regular ""ESTE""",OCA GLOBAL C.B. SALOU,3,B. TRAORE,13.0582%,96.738%,True,1,MADERAS SORLI BENICARLO,False
SEGUNDA FEB,"Liga Regular ""ESTE""",OCA GLOBAL C.B. SALOU,33,A. MORALES ROS,33.4912%,41.9601%,True,1,MADERAS SORLI BENICARLO,False
SEGUNDA FEB,"Liga Regular ""ESTE""",OCA GLOBAL C.B. SALOU,3,B. TRAORE,46.5494%,45.1041%,False,1,MADERAS SORLI BENICARLO,False
SEGUNDA FEB,"Liga Regular ""ESTE""",OCA GLOBAL C.B. SALOU,9,E. SIMS SERRA,10.2842%,42.9275%,True,1,MADERAS SORLI BENICARLO,False
SEGUNDA FEB,"Liga Regular ""ESTE""",OCA GLOBAL C.B. SALOU,1,J. SÁNCHEZ,88.9039%,4.23229%,True,1,MADERAS SORLI BENICARLO,False
SEGUNDA FEB,"Liga Regular ""ESTE""",OCA GLOBAL C.B. SALOU,33,A. MORALES ROS,9.67524%,45.225%,True,1,MADERAS SORLI BENICARLO,False
SEGUNDA FEB,"Liga Regular ""ESTE""",OCA GLOBAL C.B. SALOU,33,A. MORALES ROS,65.0203%,36.6395%,False,1,MADERAS SORLI BENICARLO,False
SEGUNDA FEB,"Liga Regular ""ESTE""",OCA GLOBAL C.B. SALOU,14,E. MARTINEZ PRETEL,88.2273%,43.1693%,True,1,MADERAS SORLI BENICARLO,False
SEGUNDA FEB,"Liga Regular ""ESTE""",OCA GLOBAL C.B. SALOU,14,E. MARTINEZ PRETEL,11.0284%,53.5687%,True,1,MADERAS SORLI BENICARLO,False
SEGUNDA FEB,"Liga Regular ""ESTE""",OCA GLOBAL C.B. SALOU,70,D. JACKSON,8.2544%,38.2115%,False,1,MADERAS SORLI BENICARLO,False
SEGUNDA FEB,"Liga Regular ""ESTE""",OCA GLOBAL C.B. SALOU,4,D. CUELLAR GARCIA,66.9147%,51.0293%,True,1,MADERAS SORLI BENICARLO,False
SEGUNDA FEB,"Liga Regular ""ESTE""",OCA GLOBAL C.B. SALOU,3,B. TRAORE,11.1637%,47.6434%,True,1,MADERAS SORLI BENICARLO,False
SEGUNDA FEB,"Liga Regular ""ESTE""",OCA GLOBAL C.B. SALOU,3,B. TRAORE,30.7172%,26.8448%,False,1,MADERAS SORLI BENICARLO,False
SEGUNDA FEB,"Liga Regular ""ESTE""",OCA GLOBAL C.B. SALOU,3,B. TRAORE,23.3424%,51.7548%,False,1,MADERAS SORLI BENICARLO,False
SEGUNDA FEB,"Liga Regular ""ESTE""",OCA GLOBAL C.B. SALOU,3,B. TRAORE,6.69824%,93.594%,False,1,MADERAS SORLI BENICARLO,False
SEGUNDA FEB,"Liga Regular ""ESTE""",OCA GLOBAL C.B. SALOU,4,D. CUELLAR GARCIA,68.4032%,72.9162%,True,1,MADERAS SORLI BENICARLO,False
SEGUNDA FEB,"Liga Regular ""ESTE""",OCA GLOBAL C.B. SALOU,3,B. TRAORE,91.8133%,42.8066%,True,1,MADERAS SORLI BENICARLO,False
SEGUNDA FEB,"Liga Regular ""ESTE""",OCA GLOBAL C.B. SALOU,9,E. SIMS SERRA,88.295%,39.5416%,True,1,MADERAS SORLI BENICARLO,False
SEGUNDA FEB,"Liga Regular ""ESTE""",OCA GLOBAL C.B. SALOU,3,B. TRAORE,20.0947%,93.3521%,False,1,MADERAS SORLI BENICARLO,False
SEGUNDA FEB,"Liga Regular ""ESTE""",OCA GLOBAL C.B. SALOU,0,J. CAJELLI TRIVER,66.7794%,37.6069%,True,1,MADERAS SORLI BENICARLO,False
SEGUNDA FEB,"Liga Regular ""ESTE""",OCA GLOBAL C.B. SALOU,33,A. MORALES ROS,29.0934%,74.6092%,False,1,MADERAS SORLI BENICARLO,False
SEGUNDA FEB,"Liga Regular ""ESTE""",OCA GLOBAL C.B. SALOU,1,J. SÁNCHEZ,71.5156%,78.3578%,True,1,MADERAS SORLI BENICARLO,False
SEGUNDA FEB,"Liga Regular ""ESTE""",OCA GLOBAL C.B. SALOU,33,A. MORALES ROS,73.3424%,81.8645%,True,1,MADERAS SORLI BENICARLO,False
SEGUNDA FEB,"Liga Regular ""ESTE""",OCA GLOBAL C.B. SALOU,70,D. JACKSON,62.7876%,50.5456%,False,1,MADERAS SORLI BENICARLO,False
SEGUNDA FEB,"Liga Regular ""ESTE""",OCA GLOBAL C.B. SALOU,70,D. JACKSON,12.5169%,44.3785%,True,1,MADERAS SORLI BENICARLO,False
SEGUNDA FEB,"Liga Regular ""ESTE""",OCA GLOBAL C.B. SALOU,14,E. MARTINEZ PRETEL,68.4032%,27.8122%,False,1,MADERAS SORLI BENICARLO,False
SEGUNDA FEB,"Liga Regular ""ESTE""",OCA GLOBAL C.B. SALOU,33,A. MORALES ROS,30.1083%,73.0372%,True,1,MADERAS SORLI BENICARLO,False
SEGUNDA FEB,"Liga Regular ""ESTE""",OCA GLOBAL C.B. SALOU,33,A. MORALES ROS,65.5616%,49.6991%,False,1,MADERAS SORLI BENICARLO,False
SEGUNDA FEB,"Liga Regular ""ESTE""",OCA GLOBAL C.B. SALOU,1,J. SÁNCHEZ,22.0568%,50.3037%,True,1,MADERAS SORLI BENICARLO,False
SEGUNDA FEB,"Liga Regular ""ESTE""",OCA GLOBAL C.B. SALOU,33,A. MORALES ROS,77.6725%,9.79472%,False,1,MADERAS SORLI BENICARLO,False
SEGUNDA FEB,"Liga Regular ""ESTE""",OCA GLOBAL C.B. SALOU,1,J. SÁNCHEZ,30.4465%,86.5805%,False,1,MADERAS SORLI BENICARLO,False
SEGUNDA FEB,"Liga Regular ""ESTE""",OCA GLOBAL C.B. SALOU,4,D. CUELLAR GARCIA,70.2977%,20.315%,False,1,MADERAS SORLI BENICARLO,False
SEGUNDA FEB,"Liga Regular ""ESTE""",OCA GLOBAL C.B. SALOU,4,D. CUELLAR GARCIA,16.7118%,94.5614%,False,1,MADERAS SORLI BENICARLO,False
SEGUNDA FEB,"Liga Regular ""ESTE""",OCA GLOBAL C.B. SALOU,1,J. SÁNCHEZ,33.8295%,44.0158%,False,1,MADERAS SORLI BENICARLO,False
SEGUNDA FEB,"Liga Regular ""ESTE""",OCA GLOBAL C.B. SALOU,0,J. CAJELLI TRIVER,91.069%,60.5822%,True,1,MADERAS SORLI BENICARLO,False
SEGUNDA FEB,"Liga Regular ""ESTE""",OCA GLOBAL C.B. SALOU,1,J. SÁNCHEZ,90.0541%,94.8032%,False,1,MADERAS SORLI BENICARLO,False
SEGUNDA FEB,"Liga Regular ""ESTE""",OCA GLOBAL C.B. SALOU,1,J. SÁNCHEZ,72.5981%,85.4922%,False,1,MADERAS SORLI BENICARLO,False
SEGUNDA FEB,"Liga Regular ""ESTE""",OCA GLOBAL C.B. SALOU,70,D. JACKSON,9.20162%,58.5265%,True,1,MADERAS SORLI BENICARLO,False
SEGUNDA FEB,"Liga Regular ""ESTE""",OCA GLOBAL C.B. SALOU,1,J. SÁNCHEZ,9.26928%,63.968%,False,1,MADERAS SORLI BENICARLO,False
SEGUNDA FEB,"Liga Regular ""ESTE""",OCA GLOBAL C.B. SALOU,33,A. MORALES ROS,35.2503%,35.6721%,False,1,MADERAS SORLI BENICARLO,False
SEGUNDA FEB,"Liga Regular ""ESTE""",OCA GLOBAL C.B. SALOU,33,A. MORALES ROS,31.4614%,33.7374%,False,1,MADERAS SORLI BENICARLO,False
SEGUNDA FEB,"Liga Regular ""ESTE""",OCA GLOBAL C.B. SALOU,9,E. SIMS SERRA,33.9648%,31.8026%,True,1,MADERAS SORLI BENICARLO,False
SEGUNDA FEB,"Liga Regular ""ESTE""",OCA GLOBAL C.B. SALOU,3,B. TRAORE,86.7388%,7.85996%,False,1,MADERAS SORLI BENICARLO,False
SEGUNDA FEB,"Liga Regular ""ESTE""",OCA GLOBAL C.B. SALOU,9,E. SIMS SERRA,85.5886%,41.3555%,False,1,MADERAS SORLI BENICARLO,False
SEGUNDA FEB,"Liga Regular ""ESTE""",OCA GLOBAL C.B. SALOU,4,D. CUELLAR GARCIA,9.94587%,56.4708%,True,1,MADERAS SORLI BENICARLO,False
SEGUNDA FEB,"Liga Regular ""ESTE""",OCA GLOBAL C.B. SALOU,4,D. CUELLAR GARCIA,29.0257%,75.6975%,True,1,MADERAS SORLI BENICARLO,False
SEGUNDA FEB,"Liga Regular ""ESTE""",OCA GLOBAL C.B. SALOU,4,D. CUELLAR GARCIA,79.0934%,93.8358%,False,1,MADERAS SORLI BENICARLO,False
SEGUNDA FEB,"Liga Regular ""ESTE""",OCA GLOBAL C.B. SALOU,3,B. TRAORE,6.56292%,96.2543%,False,1,MADERAS SORLI BENICARLO,False
SEGUNDA FEB,"Liga Regular ""ESTE""",OCA GLOBAL C.B. SALOU,4,D. CUELLAR GARCIA,83.0176%,57.8009%,True,1,MADERAS SORLI BENICARLO,False
SEGUNDA FEB,"Liga Regular ""ESTE""",OCA GLOBAL C.B. SALOU,70,D. JACKSON,92.6252%,38.5743%,False,1,MADERAS SORLI BENICARLO,False
SEGUNDA FEB,"Liga Regular ""ESTE""",OCA GLOBAL C.B. SALOU,70,D. JACKSON,30.7848%,20.0731%,False,1,MADERAS SORLI BENICARLO,False
SEGUNDA FEB,"Liga Regular ""ESTE""",OCA GLOBAL C.B. SALOU,14,E. MARTINEZ PRETEL,73.2747%,22.1288%,True,1,MADERAS SORLI BENICARLO,False
SEGUNDA FEB,"Liga Regular ""ESTE""",OCA GLOBAL C.B. SALOU,3,B. TRAORE,92.7605%,39.5416%,False,1,MADERAS SORLI BENICARLO,False
SEGUNDA FEB,"Liga Regular ""ESTE""",OCA GLOBAL C.B. SALOU,33,A. MORALES ROS,68.2003%,40.509%,False,1,MADERAS SORLI BENICARLO,False
SEGUNDA FEB,"Liga Regular ""ESTE""",OCA GLOBAL C.B. SALOU,1,J. SÁNCHEZ,11.2991%,61.5495%,True,1,MADERAS SORLI BENICARLO,False
SEGUNDA FEB,"Liga Regular ""ESTE""",OCA GLOBAL C.B. SALOU,1,J. SÁNCHEZ,89.3099%,5.44151%,False,1,MADERAS SORLI BENICARLO,False
SEGUNDA FEB,"Liga Regular ""ESTE""",BUENO ARENAS ALBACETE BASKET,3,V. AGUILAR HERNANDEZ,95.8392%,61.8852%,False,1,SOL GIRONÈS BISBAL BÀSQUET,True
SEGUNDA FEB,"Liga Regular ""ESTE""",BUENO ARENAS ALBACETE BASKET,47,J. HIERREZUELO SERER,68.1946%,14.1164%,False,1,SOL GIRONÈS BISBAL BÀSQUET,True
SEGUNDA FEB,"Liga Regular ""ESTE""",BUENO ARENAS ALBACETE BASKET,47,J. HIERREZUELO SERER,29.9013%,70.0777%,False,1,SOL GIRONÈS BISBAL BÀSQUET,True
SEGUNDA FEB,"Liga Regular ""ESTE""",BUENO ARENAS ALBACETE BASKET,44,B. VANACLOCHA SANCHEZ,93.0183%,46.0043%,True,1,SOL GIRONÈS BISBAL BÀSQUET,True
SEGUNDA FEB,"Liga Regular ""ESTE""",BUENO ARENAS ALBACETE BASKET,5,N. REID,6.7701%,2.01663%,True,1,SOL GIRONÈS BISBAL BÀSQUET,True
SEGUNDA FEB,"Liga Regular ""ESTE""",BUENO ARENAS ALBACETE BASKET,47,J. HIERREZUELO SERER,34.0621%,79.5307%,False,1,SOL GIRONÈS BISBAL BÀSQUET,True
SEGUNDA FEB,"Liga Regular ""ESTE""",BUENO ARENAS ALBACETE BASKET,3,V. AGUILAR HERNANDEZ,13.3992%,68.4392%,True,1,SOL GIRONÈS BISBAL BÀSQUET,True
SEGUNDA FEB,"Liga Regular ""ESTE""",BUENO ARENAS ALBACETE BASKET,7,V. MUÑOZ QUIÑONES,89.9859%,48.525%,False,1,SOL GIRONÈS BISBAL BÀSQUET,True
SEGUNDA FEB,"Liga Regular ""ESTE""",BUENO ARENAS ALBACETE BASKET,24,O. BRAMBLE,91.7489%,57.7259%,True,1,SOL GIRONÈS BISBAL BÀSQUET,True
SEGUNDA FEB,"Liga Regular ""ESTE""",BUENO ARENAS ALBACETE BASKET,47,J. HIERREZUELO SERER,67.6305%,27.2244%,False,1,SOL GIRONÈS BISBAL BÀSQUET,True
SEGUNDA FEB,"Liga Regular ""ESTE""",BUENO ARENAS ALBACETE BASKET,44,B. VANACLOCHA SANCHEZ,9.30889%,49.5334%,False,1,SOL GIRONÈS BISBAL BÀSQUET,True
SEGUNDA FEB,"Liga Regular ""ESTE""",BUENO ARENAS ALBACETE BASKET,3,V. AGUILAR HERNANDEZ,91.6784%,45.7522%,False,1,SOL GIRONÈS BISBAL BÀSQUET,True
SEGUNDA FEB,"Liga Regular ""ESTE""",BUENO ARENAS ALBACETE BASKET,11,J. GONZALEZ ALBADALEJO,80.8886%,44.9959%,False,1,SOL GIRONÈS BISBAL BÀSQUET,True
SEGUNDA FEB,"Liga Regular ""ESTE""",BUENO ARENAS ALBACETE BASKET,47,J. HIERREZUELO SERER,24.6121%,91.5044%,False,1,SOL GIRONÈS BISBAL BÀSQUET,True
SEGUNDA FEB,"Liga Regular ""ESTE""",BUENO ARENAS ALBACETE BASKET,47,J. HIERREZUELO SERER,6.91114%,3.78117%,False,1,SOL GIRONÈS BISBAL BÀSQUET,True
SEGUNDA FEB,"Liga Regular ""ESTE""",BUENO ARENAS ALBACETE BASKET,11,J. GONZALEZ ALBADALEJO,82.7221%,64.2799%,False,1,SOL GIRONÈS BISBAL BÀSQUET,True
SEGUNDA FEB,"Liga Regular ""ESTE""",BUENO ARENAS ALBACETE BASKET,3,V. AGUILAR HERNANDEZ,9.44993%,39.8283%,False,1,SOL GIRONÈS BISBAL BÀSQUET,True
SEGUNDA FEB,"Liga Regular ""ESTE""",BUENO ARENAS ALBACETE BASKET,44,B. VANACLOCHA SANCHEZ,92.031%,44.9959%,True,1,SOL GIRONÈS BISBAL BÀSQUET,True
SEGUNDA FEB,"Liga Regular ""ESTE""",BUENO ARENAS ALBACETE BASKET,5,N. REID,82.7221%,64.2799%,True,1,SOL GIRONÈS BISBAL BÀSQUET,True
SEGUNDA FEB,"Liga Regular ""ESTE""",BUENO ARENAS ALBACETE BASKET,11,J. GONZALEZ ALBADALEJO,92.8068%,93.647%,False,1,SOL GIRONÈS BISBAL BÀSQUET,True
SEGUNDA FEB,"Liga Regular ""ESTE""",BUENO ARENAS ALBACETE BASKET,11,J. GONZALEZ ALBADALEJO,66.3611%,20.2923%,False,1,SOL GIRONÈS BISBAL BÀSQUET,True
SEGUNDA FEB,"Liga Regular ""ESTE""",BUENO ARENAS ALBACETE BASKET,5,N. REID,21.5797%,89.4877%,False,1,SOL GIRONÈS BISBAL BÀSQUET,True
SEGUNDA FEB,"Liga Regular ""ESTE""",BUENO ARENAS ALBACETE BASKET,7,V. MUÑOZ QUIÑONES,28.2087%,86.4628%,True,1,SOL GIRONÈS BISBAL BÀSQUET,True
SEGUNDA FEB,"Liga Regular ""ESTE""",BUENO ARENAS ALBACETE BASKET,10,S. MERLO,67.1368%,21.1746%,False,1,SOL GIRONÈS BISBAL BÀSQUET,True
SEGUNDA FEB,"Liga Regular ""ESTE""",BUENO ARENAS ALBACETE BASKET,44,B. VANACLOCHA SANCHEZ,7.47532%,43.6095%,True,1,SOL GIRONÈS BISBAL BÀSQUET,True
SEGUNDA FEB,"Liga Regular ""ESTE""",BUENO ARENAS ALBACETE BASKET,10,S. MERLO,95.4161%,33.7785%,True,1,SOL GIRONÈS BISBAL BÀSQUET,True
SEGUNDA FEB,"Liga Regular ""ESTE""",BUENO ARENAS ALBACETE BASKET,47,J. HIERREZUELO SERER,36.3893%,48.0209%,False,1,SOL GIRONÈS BISBAL BÀSQUET,True
SEGUNDA FEB,"Liga Regular ""ESTE""",BUENO ARENAS ALBACETE BASKET,7,V. MUÑOZ QUIÑONES,28.6319%,17.0153%,False,1,SOL GIRONÈS BISBAL BÀSQUET,True
SEGUNDA FEB,"Liga Regular ""ESTE""",BUENO ARENAS ALBACETE BASKET,5,N. REID,4.5134%,55.2051%,True,1,SOL GIRONÈS BISBAL BÀSQUET,True
SEGUNDA FEB,"Liga Regular ""ESTE""",BUENO ARENAS ALBACETE BASKET,3,V. AGUILAR HERNANDEZ,96.4739%,62.2633%,True,1,SOL GIRONÈS BISBAL BÀSQUET,True
SEGUNDA FEB,"Liga Regular ""ESTE""",BUENO ARENAS ALBACETE BASKET,8,A. VERA PICAZO,28.4908%,77.7661%,False,1,SOL GIRONÈS BISBAL BÀSQUET,True
SEGUNDA FEB,"Liga Regular ""ESTE""",BUENO ARENAS ALBACETE BASKET,5,N. REID,33.4979%,39.9544%,False,1,SOL GIRONÈS BISBAL BÀSQUET,True
SEGUNDA FEB,"Liga Regular ""ESTE""",BUENO ARENAS ALBACETE BASKET,24,O. BRAMBLE,7.89845%,49.0292%,True,1,SOL GIRONÈS BISBAL BÀSQUET,True
SEGUNDA FEB,"Liga Regular ""ESTE""",BUENO ARENAS ALBACETE BASKET,11,J. GONZALEZ ALBADALEJO,94.9224%,39.8283%,False,1,SOL GIRONÈS BISBAL BÀSQUET,True
SEGUNDA FEB,"Liga Regular ""ESTE""",BUENO ARENAS ALBACETE BASKET,11,J. GONZALEZ ALBADALEJO,17.701%,63.7758%,False,1,SOL GIRONÈS BISBAL BÀSQUET,True
SEGUNDA FEB,"Liga Regular ""ESTE""",BUENO ARENAS ALBACETE BASKET,10,S. MERLO,28.8434%,91.5044%,False,1,SOL GIRONÈS BISBAL BÀSQUET,True
SEGUNDA FEB,"Liga Regular ""ESTE""",BUENO ARENAS ALBACETE BASKET,10,S. MERLO,10.7193%,46.7605%,False,1,SOL GIRONÈS BISBAL BÀSQUET,True
SEGUNDA FEB,"Liga Regular ""ESTE""",BUENO ARENAS ALBACETE BASKET,5,N. REID,7.54584%,73.1027%,False,1,SOL GIRONÈS BISBAL BÀSQUET,True
SEGUNDA FEB,"Liga Regular ""ESTE""",BUENO ARENAS ALBACETE BASKET,24,O. BRAMBLE,92.2426%,58.104%,True,1,SOL GIRONÈS BISBAL BÀSQUET,True
SEGUNDA FEB,"Liga Regular ""ESTE""",BUENO ARENAS ALBACETE BASKET,24,O. BRAMBLE,7.68688%,46.1303%,False,1,SOL GIRONÈS BISBAL BÀSQUET,True
SEGUNDA FEB,"Liga Regular ""ESTE""",BUENO ARENAS ALBACETE BASKET,44,B. VANACLOCHA SANCHEZ,8.46262%,43.9876%,False,1,SOL GIRONÈS BISBAL BÀSQUET,True
SEGUNDA FEB,"Liga Regular ""ESTE""",BUENO ARENAS ALBACETE BASKET,3,V. AGUILAR HERNANDEZ,68.8999%,20.2923%,True,1,SOL GIRONÈS BISBAL BÀSQUET,True
SEGUNDA FEB,"Liga Regular ""ESTE""",BUENO ARENAS ALBACETE BASKET,5,N. REID,67.4894%,19.1579%,False,1,SOL GIRONÈS BISBAL BÀSQUET,True
SEGUNDA FEB,"Liga Regular ""ESTE""",BUENO ARENAS ALBACETE BASKET,11,J. GONZALEZ ALBADALEJO,67.7715%,23.0652%,False,1,SOL GIRONÈS BISBAL BÀSQUET,True
SEGUNDA FEB,"Liga Regular ""ESTE""",BUENO ARENAS ALBACETE BASKET,10,S. MERLO,68.9704%,70.4558%,False,1,SOL GIRONÈS BISBAL BÀSQUET,True
SEGUNDA FEB,"Liga Regular ""ESTE""",BUENO ARENAS ALBACETE BASKET,11,J. GONZALEZ ALBADALEJO,25.5994%,11.4696%,False,1,SOL GIRONÈS BISBAL BÀSQUET,True
SEGUNDA FEB,"Liga Regular ""ESTE""",BUENO ARENAS ALBACETE BASKET,3,V. AGUILAR HERNANDEZ,70.6629%,15.2507%,True,1,SOL GIRONÈS BISBAL BÀSQUET,True
SEGUNDA FEB,"Liga Regular ""ESTE""",BUENO ARENAS ALBACETE BASKET,11,J. GONZALEZ ALBADALEJO,9.59097%,70.4558%,False,1,SOL GIRONÈS BISBAL BÀSQUET,True
SEGUNDA FEB,"Liga Regular ""ESTE""",BUENO ARENAS ALBACETE BASKET,11,J. GONZALEZ ALBADALEJO,29.9718%,82.8077%,False,1,SOL GIRONÈS BISBAL BÀSQUET,True
SEGUNDA FEB,"Liga Regular ""ESTE""",BUENO ARENAS ALBACETE BASKET,5,N. REID,9.59097%,72.9766%,True,1,SOL GIRONÈS BISBAL BÀSQUET,True
SEGUNDA FEB,"Liga Regular ""ESTE""",BUENO ARENAS ALBACETE BASKET,44,B. VANACLOCHA SANCHEZ,92.8773%,52.8104%,True,1,SOL GIRONÈS BISBAL BÀSQUET,True
SEGUNDA FEB,"Liga Regular ""ESTE""",BUENO ARENAS ALBACETE BASKET,11,J. GONZALEZ ALBADALEJO,6.1354%,54.0708%,True,1,SOL GIRONÈS BISBAL BÀSQUET,True
SEGUNDA FEB,"Liga Regular ""ESTE""",BUENO ARENAS ALBACETE BASKET,24,O. BRAMBLE,5.35966%,53.0624%,True,1,SOL GIRONÈS BISBAL BÀSQUET,True
SEGUNDA FEB,"Liga Regular ""ESTE""",BUENO ARENAS ALBACETE BASKET,10,S. MERLO,93.9351%,56.3395%,True,1,SOL GIRONÈS BISBAL BÀSQUET,True
SEGUNDA FEB,"Liga Regular ""ESTE""",BUENO ARENAS ALBACETE BASKET,44,B. VANACLOCHA SANCHEZ,92.1721%,59.2384%,True,1,SOL GIRONÈS BISBAL BÀSQUET,True
SEGUNDA FEB,"Liga Regular ""ESTE""",BUENO ARENAS ALBACETE BASKET,5,N. REID,91.5374%,66.5486%,True,1,SOL GIRONÈS BISBAL BÀSQUET,True
SEGUNDA FEB,"Liga Regular ""ESTE""",BUENO ARENAS ALBACETE BASKET,5,N. REID,94.6403%,32.392%,True,1,SOL GIRONÈS BISBAL BÀSQUET,True
SEGUNDA FEB,"Liga Regular ""ESTE""",BUENO ARENAS ALBACETE BASKET,44,B. VANACLOCHA SANCHEZ,82.4401%,48.273%,False,1,SOL GIRONÈS BISBAL BÀSQUET,True
SEGUNDA FEB,"Liga Regular ""ESTE""",BUENO ARENAS ALBACETE BASKET,5,N. REID,32.7927%,21.8048%,False,1,SOL GIRONÈS BISBAL BÀSQUET,True
SEGUNDA FEB,"Liga Regular ""ESTE""",BUENO ARENAS ALBACETE BASKET,5,N. REID,10.0846%,40.8367%,True,1,SOL GIRONÈS BISBAL BÀSQUET,True
SEGUNDA FEB,"Liga Regular ""ESTE""",BUENO ARENAS ALBACETE BASKET,11,J. GONZALEZ ALBADALEJO,94.7109%,40.8367%,False,1,SOL GIRONÈS BISBAL BÀSQUET,True
SEGUNDA FEB,"Liga Regular ""ESTE""",BUENO ARENAS ALBACETE BASKET,10,S. MERLO,62.0592%,33.1483%,False,1,SOL GIRONÈS BISBAL BÀSQUET,True
SEGUNDA FEB,"Liga Regular ""ESTE""",BUENO ARENAS ALBACETE BASKET,5,N. REID,22.3554%,5.92384%,False,1,SOL GIRONÈS BISBAL BÀSQUET,True
SEGUNDA FEB,"Liga Regular ""ESTE""",BUENO ARENAS ALBACETE BASKET,11,J. GONZALEZ ALBADALEJO,29.5487%,79.5307%,True,1,SOL GIRONÈS BISBAL BÀSQUET,True
SEGUNDA FEB,"Liga Regular ""ESTE""",BUENO ARENAS ALBACETE BASKET,2,F. ANDRADE AMIEL,8.3921%,59.4904%,False,1,SOL GIRONÈS BISBAL BÀSQUET,True
SEGUNDA FEB,"Liga Regular ""ESTE""",BUENO ARENAS ALBACETE BASKET,5,N. REID,93.2299%,58.9863%,True,1,SOL GIRONÈS BISBAL BÀSQUET,True
SEGUNDA FEB,"Liga Regular ""ESTE""",BUENO ARENAS ALBACETE BASKET,44,B. VANACLOCHA SANCHEZ,6.98166%,40.8367%,True,1,SOL GIRONÈS BISBAL BÀSQUET,True
SEGUNDA FEB,"Liga Regular ""ESTE""",SOL GIRONÈS BISBAL BÀSQUET,96,X. TORRENT BAYÉ,68.4062%,22.8131%,False,1,BUENO ARENAS ALBACETE BASKET,False
SEGUNDA FEB,"Liga Regular ""ESTE""",SOL GIRONÈS BISBAL BÀSQUET,96,X. TORRENT BAYÉ,9.73202%,63.7758%,False,1,BUENO ARENAS ALBACETE BASKET,False
SEGUNDA FEB,"Liga Regular ""ESTE""",SOL GIRONÈS BISBAL BÀSQUET,13,M. MIKHAILOV PALTARAK,5.85331%,37.0555%,True,1,BUENO ARENAS ALBACETE BASKET,False
SEGUNDA FEB,"Liga Regular ""ESTE""",SOL GIRONÈS BISBAL BÀSQUET,15,N. OKEKE,28.1382%,13.9903%,True,1,BUENO ARENAS ALBACETE BASKET,False
SEGUNDA FEB,"Liga Regular ""ESTE""",SOL GIRONÈS BISBAL BÀSQUET,21,B. ALVAREZ TORRES,84.2736%,43.8616%,False,1,BUENO ARENAS ALBACETE BASKET,False
SEGUNDA FEB,"Liga Regular ""ESTE""",SOL GIRONÈS BISBAL BÀSQUET,22,J. GOLSON,37.024%,34.0306%,False,1,BUENO ARENAS ALBACETE BASKET,False
SEGUNDA FEB,"Liga Regular ""ESTE""",SOL GIRONÈS BISBAL BÀSQUET,13,M. MIKHAILOV PALTARAK,7.89845%,54.701%,False,1,BUENO ARENAS ALBACETE BASKET,False
SEGUNDA FEB,"Liga Regular ""ESTE""",SOL GIRONÈS BISBAL BÀSQUET,21,B. ALVAREZ TORRES,32.5106%,79.1525%,False,1,BUENO ARENAS ALBACETE BASKET,False
SEGUNDA FEB,"Liga Regular ""ESTE""",SOL GIRONÈS BISBAL BÀSQUET,13,M. MIKHAILOV PALTARAK,67.5599%,76.0016%,True,1,BUENO ARENAS ALBACETE BASKET,False
SEGUNDA FEB,"Liga Regular ""ESTE""",SOL GIRONÈS BISBAL BÀSQUET,7,P. RENANE,13.3286%,21.0485%,False,1,BUENO ARENAS ALBACETE BASKET,False
SEGUNDA FEB,"Liga Regular ""ESTE""",SOL GIRONÈS BISBAL BÀSQUET,15,N. OKEKE,64.457%,55.8353%,False,1,BUENO ARENAS ALBACETE BASKET,False
SEGUNDA FEB,"Liga Regular ""ESTE""",SOL GIRONÈS BISBAL BÀSQUET,15,N. OKEKE,4.65444%,3.02494%,False,1,BUENO ARENAS ALBACETE BASKET,False
SEGUNDA FEB,"Liga Regular ""ESTE""",SOL GIRONÈS BISBAL BÀSQUET,6,P. SALA VALLMAJO,84.2031%,5.1676%,False,1,BUENO ARENAS ALBACETE BASKET,False
SEGUNDA FEB,"Liga Regular ""ESTE""",SOL GIRONÈS BISBAL BÀSQUET,21,B. ALVAREZ TORRES,32.4401%,14.6205%,False,1,BUENO ARENAS ALBACETE BASKET,False
SEGUNDA FEB,"Liga Regular ""ESTE""",SOL GIRONÈS BISBAL BÀSQUET,7,P. RENANE,71.2271%,19.0319%,False,1,BUENO ARENAS ALBACETE BASKET,False
SEGUNDA FEB,"Liga Regular ""ESTE""",SOL GIRONÈS BISBAL BÀSQUET,13,M. MIKHAILOV PALTARAK,93.0183%,58.4821%,True,1,BUENO ARENAS ALBACETE BASKET,False
SEGUNDA FEB,"Liga Regular ""ESTE""",SOL GIRONÈS BISBAL BÀSQUET,11,I. VALERA COROMINAS,91.8195%,57.2217%,True,1,BUENO ARENAS ALBACETE BASKET,False
SEGUNDA FEB,"Liga Regular ""ESTE""",SOL GIRONÈS BISBAL BÀSQUET,13,M. MIKHAILOV PALTARAK,4.72496%,29.9973%,True,1,BUENO ARENAS ALBACETE BASKET,False
SEGUNDA FEB,"Liga Regular ""ESTE""",SOL GIRONÈS BISBAL BÀSQUET,13,M. MIKHAILOV PALTARAK,91.6784%,54.827%,True,1,BUENO ARENAS ALBACETE BASKET,False
SEGUNDA FEB,"Liga Regular ""ESTE""",SOL GIRONÈS BISBAL BÀSQUET,23,N. CLEDJO HOUNGUES,93.8646%,43.4835%,True,1,BUENO ARENAS ALBACETE BASKET,False
SEGUNDA FEB,"Liga Regular ""ESTE""",SOL GIRONÈS BISBAL BÀSQUET,13,M. MIKHAILOV PALTARAK,10.7193%,48.525%,False,1,BUENO ARENAS ALBACETE BASKET,False
SEGUNDA FEB,"Liga Regular ""ESTE""",SOL GIRONÈS BISBAL BÀSQUET,15,N. OKEKE,78.1382%,8.57066%,False,1,BUENO ARENAS ALBACETE BASKET,False
SEGUNDA FEB,"Liga Regular ""ESTE""",SOL GIRONÈS BISBAL BÀSQUET,6,P. SALA VALLMAJO,95.5571%,38.694%,False,1,BUENO ARENAS ALBACETE BASKET,False
SEGUNDA FEB,"Liga Regular ""ESTE""",SOL GIRONÈS BISBAL BÀSQUET,22,J. GOLSON,7.89845%,70.96%,False,1,BUENO ARENAS ALBACETE BASKET,False
SEGUNDA FEB,"Liga Regular ""ESTE""",SOL GIRONÈS BISBAL BÀSQUET,13,M. MIKHAILOV PALTARAK,93.1594%,46.3824%,False,1,BUENO ARENAS ALBACETE BASKET,False
SEGUNDA FEB,"Liga Regular ""ESTE""",SOL GIRONÈS BISBAL BÀSQUET,15,N. OKEKE,30.3244%,25.964%,True,1,BUENO ARENAS ALBACETE BASKET,False
SEGUNDA FEB,"Liga Regular ""ESTE""",SOL GIRONÈS BISBAL BÀSQUET,2,J. CARRASCO MARTIN,29.9013%,23.6953%,True,1,BUENO ARENAS ALBACETE BASKET,False
SEGUNDA FEB,"Liga Regular ""ESTE""",SOL GIRONÈS BISBAL BÀSQUET,96,X. TORRENT BAYÉ,32.5811%,30.8796%,False,1,BUENO ARENAS ALBACETE BASKET,False
SEGUNDA FEB,"Liga Regular ""ESTE""",SOL GIRONÈS BISBAL BÀSQUET,13,M. MIKHAILOV PALTARAK,9.73202%,63.7758%,True,1,BUENO ARENAS ALBACETE BASKET,False
SEGUNDA FEB,"Liga Regular ""ESTE""",SOL GIRONÈS BISBAL BÀSQUET,96,X. TORRENT BAYÉ,9.52045%,41.5929%,True,1,BUENO ARENAS ALBACETE BASKET,False
SEGUNDA FEB,"Liga Regular ""ESTE""",SOL GIRONÈS BISBAL BÀSQUET,7,P. RENANE,33.78%,25.0818%,False,1,BUENO ARENAS ALBACETE BASKET,False
SEGUNDA FEB,"Liga Regular ""ESTE""",SOL GIRONÈS BISBAL BÀSQUET,7,P. RENANE,88.2934%,50.4156%,False,1,BUENO ARENAS ALBACETE BASKET,False
SEGUNDA FEB,"Liga Regular ""ESTE""",SOL GIRONÈS BISBAL BÀSQUET,11,I. VALERA COROMINAS,95.5571%,38.694%,False,1,BUENO ARENAS ALBACETE BASKET,False
SEGUNDA FEB,"Liga Regular ""ESTE""",SOL GIRONÈS BISBAL BÀSQUET,22,J. GOLSON,67.5599%,76.0016%,False,1,BUENO ARENAS ALBACETE BASKET,False
SEGUNDA FEB,"Liga Regular ""ESTE""",SOL GIRONÈS BISBAL BÀSQUET,7,P. RENANE,32.0874%,24.9557%,False,1,BUENO ARENAS ALBACETE BASKET,False
SEGUNDA FEB,"Liga Regular ""ESTE""",SOL GIRONÈS BISBAL BÀSQUET,15,N. OKEKE,4.65444%,5.41968%,True,1,BUENO ARENAS ALBACETE BASKET,False
SEGUNDA FEB,"Liga Regular ""ESTE""",SOL GIRONÈS BISBAL BÀSQUET,2,J. CARRASCO MARTIN,66.2906%,17.1413%,False,1,BUENO ARENAS ALBACETE BASKET,False
SEGUNDA FEB,"Liga Regular ""ESTE""",SOL GIRONÈS BISBAL BÀSQUET,15,N. OKEKE,68.2652%,25.838%,True,1,BUENO ARENAS ALBACETE BASKET,False
SEGUNDA FEB,"Liga Regular ""ESTE""",SOL GIRONÈS BISBAL BÀSQUET,15,N. OKEKE,34.2736%,64.7841%,False,1,BUENO ARENAS ALBACETE BASKET,False
SEGUNDA FEB,"Liga Regular ""ESTE""",SOL GIRONÈS BISBAL BÀSQUET,96,X. TORRENT BAYÉ,71.5092%,79.4046%,False,1,BUENO ARENAS ALBACETE BASKET,False
SEGUNDA FEB,"Liga Regular ""ESTE""",SOL GIRONÈS BISBAL BÀSQUET,21,B. ALVAREZ TORRES,72.567%,16.6372%,True,1,BUENO ARENAS ALBACETE BASKET,False
SEGUNDA FEB,"Liga Regular ""ESTE""",SOL GIRONÈS BISBAL BÀSQUET,96,X. TORRENT BAYÉ,21.2976%,5.41968%,True,1,BUENO ARENAS ALBACETE BASKET,False
SEGUNDA FEB,"Liga Regular ""ESTE""",SOL GIRONÈS BISBAL BÀSQUET,21,B. ALVAREZ TORRES,15.4443%,32.6441%,True,1,BUENO ARENAS ALBACETE BASKET,False
SEGUNDA FEB,"Liga Regular ""ESTE""",SOL GIRONÈS BISBAL BÀSQUET,15,N. OKEKE,32.6516%,79.4046%,False,1,BUENO ARENAS ALBACETE BASKET,False
SEGUNDA FEB,"Liga Regular ""ESTE""",SOL GIRONÈS BISBAL BÀSQUET,15,N. OKEKE,38.5049%,47.0126%,False,1,BUENO ARENAS ALBACETE BASKET,False
SEGUNDA FEB,"Liga Regular ""ESTE""",SOL GIRONÈS BISBAL BÀSQUET,22,J. GOLSON,4.16079%,3.90721%,True,1,BUENO ARENAS ALBACETE BASKET,False
SEGUNDA FEB,"Liga Regular ""ESTE""",SOL GIRONÈS BISBAL BÀSQUET,34,S. KANE,92.1016%,56.2134%,True,1,BUENO ARENAS ALBACETE BASKET,False
SEGUNDA FEB,"Liga Regular ""ESTE""",SOL GIRONÈS BISBAL BÀSQUET,96,X. TORRENT BAYÉ,70.3103%,80.665%,False,1,BUENO ARENAS ALBACETE BASKET,False
SEGUNDA FEB,"Liga Regular ""ESTE""",SOL GIRONÈS BISBAL BÀSQUET,15,N. OKEKE,94.9929%,4.91552%,False,1,BUENO ARENAS ALBACETE BASKET,False
SEGUNDA FEB,"Liga Regular ""ESTE""",SOL GIRONÈS BISBAL BÀSQUET,15,N. OKEKE,29.9718%,16.5111%,False,1,BUENO ARENAS ALBACETE BASKET,False
SEGUNDA FEB,"Liga Regular ""ESTE""",SOL GIRONÈS BISBAL BÀSQUET,96,X. TORRENT BAYÉ,38.7165%,39.0721%,False,1,BUENO ARENAS ALBACETE BASKET,False
SEGUNDA FEB,"Liga Regular ""ESTE""",SOL GIRONÈS BISBAL BÀSQUET,13,M. MIKHAILOV PALTARAK,7.4048%,52.9364%,True,1,BUENO ARENAS ALBACETE BASKET,False
SEGUNDA FEB,"Liga Regular ""ESTE""",SOL GIRONÈS BISBAL BÀSQUET,7,P. RENANE,88.7165%,53.1885%,False,1,BUENO ARENAS ALBACETE BASKET,False
SEGUNDA FEB,"Liga Regular ""ESTE""",SOL GIRONÈS BISBAL BÀSQUET,11,I. VALERA COROMINAS,35.2609%,74.111%,False,1,BUENO ARENAS ALBACETE BASKET,False
SEGUNDA FEB,"Liga Regular ""ESTE""",SOL GIRONÈS BISBAL BÀSQUET,96,X. TORRENT BAYÉ,94.7109%,91.7564%,False,1,BUENO ARENAS ALBACETE BASKET,False
SEGUNDA FEB,"Liga Regular ""ESTE""",SOL GIRONÈS BISBAL BÀSQUET,22,J. GOLSON,30.7475%,25.0818%,True,1,BUENO ARENAS ALBACETE BASKET,False
SEGUNDA FEB,"Liga Regular ""ESTE""",SOL GIRONÈS BISBAL BÀSQUET,22,J. GOLSON,70.2398%,17.3934%,True,1,BUENO ARENAS ALBACETE BASKET,False
SEGUNDA FEB,"Liga Regular ""ESTE""",SOL GIRONÈS BISBAL BÀSQUET,7,P. RENANE,73.4133%,82.3035%,False,1,BUENO ARENAS ALBACETE BASKET,False
SEGUNDA FEB,"Liga Regular ""ESTE""",SOL GIRONÈS BISBAL BÀSQUET,2,J. CARRASCO MARTIN,5.21862%,55.8353%,True,1,BUENO ARENAS ALBACETE BASKET,False
SEGUNDA FEB,"Liga Regular ""ESTE""",SOL GIRONÈS BISBAL BÀSQUET,2,J. CARRASCO MARTIN,6.06488%,56.4655%,True,1,BUENO ARENAS ALBACETE BASKET,False
SEGUNDA FEB,"Liga Regular ""ESTE""",SOL GIRONÈS BISBAL BÀSQUET,13,M. MIKHAILOV PALTARAK,11.6361%,52.3062%,False,1,BUENO ARENAS ALBACETE BASKET,False
SEGUNDA FEB,"Liga Regular ""ESTE""",SOL GIRONÈS BISBAL BÀSQUET,13,M. MIKHAILOV PALTARAK,92.5247%,55.9613%,False,1,BUENO ARENAS ALBACETE BASKET,False
SEGUNDA FEB,"Liga Regular ""ESTE""",SOL GIRONÈS BISBAL BÀSQUET,2,J. CARRASCO MARTIN,13.0465%,50.4156%,True,1,BUENO ARENAS ALBACETE BASKET,False
SEGUNDA FEB,"Liga Regular ""ESTE""",SOL GIRONÈS BISBAL BÀSQUET,7,P. RENANE,66.6432%,65.7924%,True,1,BUENO ARENAS ALBACETE BASKET,False
SEGUNDA FEB,"Liga Regular ""ESTE""",SOL GIRONÈS BISBAL BÀSQUET,11,I. VALERA COROMINAS,5.1481%,94.0252%,False,1,BUENO ARENAS ALBACETE BASKET,False
SEGUNDA FEB,"Liga Regular ""ESTE""",SOL GIRONÈS BISBAL BÀSQUET,96,X. TORRENT BAYÉ,23.8364%,89.9919%,False,1,BUENO ARENAS ALBACETE BASKET,False
SEGUNDA FEB,"Liga Regular ""ESTE""",SOL GIRONÈS BISBAL BÀSQUET,96,X. TORRENT BAYÉ,34.4147%,25.5859%,False,1,BUENO ARENAS ALBACETE BASKET,False
SEGUNDA FEB,"Liga Regular ""OESTE""",CLÍNICA PONFERRADA SDP,11,R. SALAS MERCHAN,11.213%,47.1386%,True,1,REINA PROTEÍNAS CLAVIJO,True
SEGUNDA FEB,"Liga Regular ""OESTE""",CLÍNICA PONFERRADA SDP,11,R. SALAS MERCHAN,27.2214%,81.5473%,False,1,REINA PROTEÍNAS CLAVIJO,True
SEGUNDA FEB,"Liga Regular ""OESTE""",CLÍNICA PONFERRADA SDP,11,R. SALAS MERCHAN,30.9591%,74.8672%,True,1,REINA PROTEÍNAS CLAVIJO,True
SEGUNDA FEB,"Liga Regular ""OESTE""",CLÍNICA PONFERRADA SDP,11,R. SALAS MERCHAN,9.87306%,50.2896%,True,1,REINA PROTEÍNAS CLAVIJO,True
SEGUNDA FEB,"Liga Regular ""OESTE""",CLÍNICA PONFERRADA SDP,66,C. KNOWLES,93.8646%,51.4239%,True,1,REINA PROTEÍNAS CLAVIJO,True
SEGUNDA FEB,"Liga Regular ""OESTE""",CLÍNICA PONFERRADA SDP,5,P. TREVIÑO QUINTILLÁ,13.5402%,16.7632%,True,1,REINA PROTEÍNAS CLAVIJO,True
SEGUNDA FEB,"Liga Regular ""OESTE""",CLÍNICA PONFERRADA SDP,16,J. CERA RODRIGUEZ,65.0917%,26.5942%,True,1,REINA PROTEÍNAS CLAVIJO,True
SEGUNDA FEB,"Liga Regular ""OESTE""",CLÍNICA PONFERRADA SDP,8,S. ROMERO SANCHEZ,68.2652%,74.3631%,True,1,REINA PROTEÍNAS CLAVIJO,True
SEGUNDA FEB,"Liga Regular ""OESTE""",CLÍNICA PONFERRADA SDP,99,O. SIMA FATTY,5.71227%,51.4239%,True,1,REINA PROTEÍNAS CLAVIJO,True
SEGUNDA FEB,"Liga Regular ""OESTE""",CLÍNICA PONFERRADA SDP,11,R. SALAS MERCHAN,78.5614%,8.0665%,True,1,REINA PROTEÍNAS CLAVIJO,True
SEGUNDA FEB,"Liga Regular ""OESTE""",CLÍNICA PONFERRADA SDP,1,D. ORRIT SERRANO,27.433%,79.1525%,False,1,REINA PROTEÍNAS CLAVIJO,True
SEGUNDA FEB,"Liga Regular ""OESTE""",CLÍNICA PONFERRADA SDP,24,R. HAYES,91.6079%,49.7854%,False,1,REINA PROTEÍNAS CLAVIJO,True
SEGUNDA FEB,"Liga Regular ""OESTE""",CLÍNICA PONFERRADA SDP,24,R. HAYES,13.3286%,42.2231%,False,1,REINA PROTEÍNAS CLAVIJO,True
SEGUNDA FEB,"Liga Regular ""OESTE""",CLÍNICA PONFERRADA SDP,24,R. HAYES,11.8477%,56.9697%,True,1,REINA PROTEÍNAS CLAVIJO,True
SEGUNDA FEB,"Liga Regular ""OESTE""",CLÍNICA PONFERRADA SDP,24,R. HAYES,10.3667%,48.7771%,True,1,REINA PROTEÍNAS CLAVIJO,True
SEGUNDA FEB,"Liga Regular ""OESTE""",CLÍNICA PONFERRADA SDP,7,D. EFAMBE,10.0141%,50.7937%,True,1,REINA PROTEÍNAS CLAVIJO,True
SEGUNDA FEB,"Liga Regular ""OESTE""",CLÍNICA PONFERRADA SDP,5,P. TREVIÑO QUINTILLÁ,74.6121%,86.3368%,True,1,REINA PROTEÍNAS CLAVIJO,True
SEGUNDA FEB,"Liga Regular ""OESTE""",CLÍNICA PONFERRADA SDP,24,R. HAYES,89.9154%,50.6677%,False,1,REINA PROTEÍNAS CLAVIJO,True
SEGUNDA FEB,"Liga Regular ""OESTE""",CLÍNICA PONFERRADA SDP,16,J. CERA RODRIGUEZ,9.87306%,75.7495%,False,1,REINA PROTEÍNAS CLAVIJO,True
SEGUNDA FEB,"Liga Regular ""OESTE""",CLÍNICA PONFERRADA SDP,8,S. ROMERO SANCHEZ,75.67%,52.0541%,False,1,REINA PROTEÍNAS CLAVIJO,True
SEGUNDA FEB,"Liga Regular ""OESTE""",CLÍNICA PONFERRADA SDP,11,R. SALAS MERCHAN,21.7913%,93.647%,True,1,REINA PROTEÍNAS CLAVIJO,True
SEGUNDA FEB,"Liga Regular ""OESTE""",CLÍNICA PONFERRADA SDP,11,R. SALAS MERCHAN,67.4894%,72.0944%,False,1,REINA PROTEÍNAS CLAVIJO,True
SEGUNDA FEB,"Liga Regular ""OESTE""",CLÍNICA PONFERRADA SDP,99,O. SIMA FATTY,28.4203%,19.1579%,False,1,REINA PROTEÍNAS CLAVIJO,True
SEGUNDA FEB,"Liga Regular ""OESTE""",CLÍNICA PONFERRADA SDP,16,J. CERA RODRIGUEZ,13.0465%,39.8283%,False,1,REINA PROTEÍNAS CLAVIJO,True
SEGUNDA FEB,"Liga Regular ""OESTE""",CLÍNICA PONFERRADA SDP,16,J. CERA RODRIGUEZ,30.3949%,73.2287%,False,1,REINA PROTEÍNAS CLAVIJO,True
SEGUNDA FEB,"Liga Regular ""OESTE""",CLÍNICA PONFERRADA SDP,16,J. CERA RODRIGUEZ,69.2525%,21.8048%,False,1,REINA PROTEÍNAS CLAVIJO,True
SEGUNDA FEB,"Liga Regular ""OESTE""",CLÍNICA PONFERRADA SDP,7,D. EFAMBE,9.59097%,48.6511%,False,1,REINA PROTEÍNAS CLAVIJO,True
SEGUNDA FEB,"Liga Regular ""OESTE""",CLÍNICA PONFERRADA SDP,24,R. HAYES,10.8604%,48.9032%,False,1,REINA PROTEÍNAS CLAVIJO,True
SEGUNDA FEB,"Liga Regular ""OESTE""",CLÍNICA PONFERRADA SDP,5,P. TREVIÑO QUINTILLÁ,88.9986%,50.5417%,False,1,REINA PROTEÍNAS CLAVIJO,True
SEGUNDA FEB,"Liga Regular ""OESTE""",CLÍNICA PONFERRADA SDP,16,J. CERA RODRIGUEZ,66.7842%,49.1552%,False,1,REINA PROTEÍNAS CLAVIJO,True
SEGUNDA FEB,"Liga Regular ""OESTE""",CLÍNICA PONFERRADA SDP,8,S. ROMERO SANCHEZ,10.1551%,50.1636%,True,1,REINA PROTEÍNAS CLAVIJO,True
SEGUNDA FEB,"Liga Regular ""OESTE""",CLÍNICA PONFERRADA SDP,66,C. KNOWLES,80.7475%,6.30195%,False,1,REINA PROTEÍNAS CLAVIJO,True
SEGUNDA FEB,"Liga Regular ""OESTE""",CLÍNICA PONFERRADA SDP,99,O. SIMA FATTY,33.0042%,49.5334%,False,1,REINA PROTEÍNAS CLAVIJO,True
SEGUNDA FEB,"Liga Regular ""OESTE""",CLÍNICA PONFERRADA SDP,5,P. TREVIÑO QUINTILLÁ,89.9154%,43.8616%,False,1,REINA PROTEÍNAS CLAVIJO,True
SEGUNDA FEB,"Liga Regular ""OESTE""",CLÍNICA PONFERRADA SDP,16,J. CERA RODRIGUEZ,92.8773%,50.6677%,True,1,REINA PROTEÍNAS CLAVIJO,True
SEGUNDA FEB,"Liga Regular ""OESTE""",CLÍNICA PONFERRADA SDP,8,S. ROMERO SANCHEZ,21.4386%,8.19254%,False,1,REINA PROTEÍNAS CLAVIJO,True
SEGUNDA FEB,"Liga Regular ""OESTE""",CLÍNICA PONFERRADA SDP,5,P. TREVIÑO QUINTILLÁ,10.5078%,58.9863%,False,1,REINA PROTEÍNAS CLAVIJO,True
SEGUNDA FEB,"Liga Regular ""OESTE""",CLÍNICA PONFERRADA SDP,16,J. CERA RODRIGUEZ,65.3738%,54.827%,True,1,REINA PROTEÍNAS CLAVIJO,True
SEGUNDA FEB,"Liga Regular ""OESTE""",CLÍNICA PONFERRADA SDP,5,P. TREVIÑO QUINTILLÁ,27.0099%,20.2923%,False,1,REINA PROTEÍNAS CLAVIJO,True
SEGUNDA FEB,"Liga Regular ""OESTE""",CLÍNICA PONFERRADA SDP,66,C. KNOWLES,34.4852%,49.4073%,False,1,REINA PROTEÍNAS CLAVIJO,True
SEGUNDA FEB,"Liga Regular ""OESTE""",CLÍNICA PONFERRADA SDP,5,P. TREVIÑO QUINTILLÁ,10.7898%,49.7854%,False,1,REINA PROTEÍNAS CLAVIJO,True
SEGUNDA FEB,"Liga Regular ""OESTE""",CLÍNICA PONFERRADA SDP,16,J. CERA RODRIGUEZ,61.2835%,59.7425%,False,1,REINA PROTEÍNAS CLAVIJO,True
SEGUNDA FEB,"Liga Regular ""OESTE""",CLÍNICA PONFERRADA SDP,5,P. TREVIÑO QUINTILLÁ,89.7038%,50.5417%,False,1,REINA PROTEÍNAS CLAVIJO,True
SEGUNDA FEB,"Liga Regular ""OESTE""",CLÍNICA PONFERRADA SDP,1,D. ORRIT SERRANO,65.8674%,57.978%,False,1,REINA PROTEÍNAS CLAVIJO,True
SEGUNDA FEB,"Liga Regular ""OESTE""",CLÍNICA PONFERRADA SDP,11,R. SALAS MERCHAN,77.7856%,7.56234%,True,1,REINA PROTEÍNAS CLAVIJO,True
SEGUNDA FEB,"Liga Regular ""OESTE""",CLÍNICA PONFERRADA SDP,11,R. SALAS MERCHAN,30.2539%,19.7881%,True,1,REINA PROTEÍNAS CLAVIJO,True
SEGUNDA FEB,"Liga Regular ""OESTE""",CLÍNICA PONFERRADA SDP,8,S. ROMERO SANCHEZ,65.5148%,61.7591%,False,1,REINA PROTEÍNAS CLAVIJO,True
SEGUNDA FEB,"Liga Regular ""OESTE""",CLÍNICA PONFERRADA SDP,99,O. SIMA FATTY,12.1298%,86.5888%,False,1,REINA PROTEÍNAS CLAVIJO,True
SEGUNDA FEB,"Liga Regular ""OESTE""",CLÍNICA PONFERRADA SDP,5,P. TREVIÑO QUINTILLÁ,71.2271%,16.8892%,False,1,REINA PROTEÍNAS CLAVIJO,True
SEGUNDA FEB,"Liga Regular ""OESTE""",CLÍNICA PONFERRADA SDP,11,R. SALAS MERCHAN,71.3681%,16.7632%,True,1,REINA PROTEÍNAS CLAVIJO,True
SEGUNDA FEB,"Liga Regular ""OESTE""",CLÍNICA PONFERRADA SDP,99,O. SIMA FATTY,70.3103%,16.6372%,False,1,REINA PROTEÍNAS CLAVIJO,True
SEGUNDA FEB,"Liga Regular ""OESTE""",CLÍNICA PONFERRADA SDP,1,D. ORRIT SERRANO,66.8547%,69.1955%,False,1,REINA PROTEÍNAS CLAVIJO,True
SEGUNDA FEB,"Liga Regular ""OESTE""",CLÍNICA PONFERRADA SDP,5,P. TREVIÑO QUINTILLÁ,91.3963%,51.2979%,True,1,REINA PROTEÍNAS CLAVIJO,True
SEGUNDA FEB,"Liga Regular ""OESTE""",CLÍNICA PONFERRADA SDP,11,R. SALAS MERCHAN,67.701%,74.111%,False,1,REINA PROTEÍNAS CLAVIJO,True
SEGUNDA FEB,"Liga Regular ""OESTE""",CLÍNICA PONFERRADA SDP,24,R. HAYES,10.7193%,49.0292%,False,1,REINA PROTEÍNAS CLAVIJO,True
SEGUNDA FEB,"Liga Regular ""OESTE""",CLÍNICA PONFERRADA SDP,24,R. HAYES,8.67419%,48.9032%,True,1,REINA PROTEÍNAS CLAVIJO,True
SEGUNDA FEB,"Liga Regular ""OESTE""",CLÍNICA PONFERRADA SDP,11,R. SALAS MERCHAN,23.9069%,88.8575%,True,1,REINA PROTEÍNAS CLAVIJO,True
SEGUNDA FEB,"Liga Regular ""OESTE""",CLÍNICA PONFERRADA SDP,16,J. CERA RODRIGUEZ,29.5487%,77.1359%,True,1,REINA PROTEÍNAS CLAVIJO,True
SEGUNDA FEB,"Liga Regular ""OESTE""",CLÍNICA PONFERRADA SDP,66,C. KNOWLES,89.4922%,75.1193%,True,1,REINA PROTEÍNAS CLAVIJO,True
SEGUNDA FEB,"Liga Regular ""OESTE""",CLÍNICA PONFERRADA SDP,5,P. TREVIÑO QUINTILLÁ,14.1749%,55.3312%,True,1,REINA PROTEÍNAS CLAVIJO,True
SEGUNDA FEB,"Liga Regular ""OESTE""",CLÍNICA PONFERRADA SDP,8,S. ROMERO SANCHEZ,12.5529%,93.1429%,True,1,REINA PROTEÍNAS CLAVIJO,True
SEGUNDA FEB,"Liga Regular ""OESTE""",CLÍNICA PONFERRADA SDP,24,R. HAYES,92.1016%,48.0209%,True,1,REINA PROTEÍNAS CLAVIJO,True
SEGUNDA FEB,"Liga Regular ""OESTE""",CLÍNICA PONFERRADA SDP,16,J. CERA RODRIGUEZ,90.1269%,51.2979%,False,1,REINA PROTEÍNAS CLAVIJO,True
SEGUNDA FEB,"Liga Regular ""OESTE""",CLÍNICA PONFERRADA SDP,11,R. SALAS MERCHAN,75.3879%,87.9753%,True,1,REINA PROTEÍNAS CLAVIJO,True
SEGUNDA FEB,"Liga Regular ""OESTE""",REINA PROTEÍNAS CLAVIJO,11,J. PARDINA MOLINA,11.6361%,94.1512%,True,1,CLÍNICA PONFERRADA SDP,False
SEGUNDA FEB,"Liga Regular ""OESTE""",REINA PROTEÍNAS CLAVIJO,22,I. ROYO ARGOTE,66.7137%,54.827%,False,1,CLÍNICA PONFERRADA SDP,False
SEGUNDA FEB,"Liga Regular ""OESTE""",REINA PROTEÍNAS CLAVIJO,33,K. TORRES CUEVAS,11.0014%,39.7023%,False,1,CLÍNICA PONFERRADA SDP,False
SEGUNDA FEB,"Liga Regular ""OESTE""",REINA PROTEÍNAS CLAVIJO,22,I. ROYO ARGOTE,92.2426%,92.6387%,True,1,CLÍNICA PONFERRADA SDP,False
SEGUNDA FEB,"Liga Regular ""OESTE""",REINA PROTEÍNAS CLAVIJO,5,M. DE PABLO DEL CASTILLO,66.1495%,53.1885%,False,1,CLÍNICA PONFERRADA SDP,False
SEGUNDA FEB,"Liga Regular ""OESTE""",REINA PROTEÍNAS CLAVIJO,8,J. QUEREJETA MARTINEZ DE ARENAZA,14.5275%,93.2689%,True,1,CLÍNICA PONFERRADA SDP,False
SEGUNDA FEB,"Liga Regular ""OESTE""",REINA PROTEÍNAS CLAVIJO,55,C. JACOBS,12.2708%,53.0624%,False,1,CLÍNICA PONFERRADA SDP,False
SEGUNDA FEB,"Liga Regular ""OESTE""",REINA PROTEÍNAS CLAVIJO,9,H. ARBOSA ROLDAN,8.25106%,92.7648%,True,1,CLÍNICA PONFERRADA SDP,False
SEGUNDA FEB,"Liga Regular ""OESTE""",REINA PROTEÍNAS CLAVIJO,12,D. PA MOR,69.7461%,74.3631%,False,1,CLÍNICA PONFERRADA SDP,False
SEGUNDA FEB,"Liga Regular ""OESTE""",REINA PROTEÍNAS CLAVIJO,8,J. QUEREJETA MARTINEZ DE ARENAZA,68.1241%,38.0638%,False,1,CLÍNICA PONFERRADA SDP,False
SEGUNDA FEB,"Liga Regular ""OESTE""",REINA PROTEÍNAS CLAVIJO,33,K. TORRES CUEVAS,24.5416%,85.9586%,False,1,CLÍNICA PONFERRADA SDP,False
SEGUNDA FEB,"Liga Regular ""OESTE""",REINA PROTEÍNAS CLAVIJO,33,K. TORRES CUEVAS,12.6234%,32.6441%,False,1,CLÍNICA PONFERRADA SDP,False
SEGUNDA FEB,"Liga Regular ""OESTE""",REINA PROTEÍNAS CLAVIJO,5,M. DE PABLO DEL CASTILLO,68.5473%,70.2038%,True,1,CLÍNICA PONFERRADA SDP,False
SEGUNDA FEB,"Liga Regular ""OESTE""",REINA PROTEÍNAS CLAVIJO,9,H. ARBOSA ROLDAN,73.4133%,12.6039%,False,1,CLÍNICA PONFERRADA SDP,False
SEGUNDA FEB,"Liga Regular ""OESTE""",REINA PROTEÍNAS CLAVIJO,5,M. DE PABLO DEL CASTILLO,67.2779%,57.4738%,False,1,CLÍNICA PONFERRADA SDP,False
SEGUNDA FEB,"Liga Regular ""OESTE""",REINA PROTEÍNAS CLAVIJO,9,H. ARBOSA ROLDAN,91.89%,50.7937%,False,1,CLÍNICA PONFERRADA SDP,False
SEGUNDA FEB,"Liga Regular ""OESTE""",REINA PROTEÍNAS CLAVIJO,9,H. ARBOSA ROLDAN,8.53315%,47.8948%,False,1,CLÍNICA PONFERRADA SDP,False
SEGUNDA FEB,"Liga Regular ""OESTE""",REINA PROTEÍNAS CLAVIJO,9,H. ARBOSA ROLDAN,8.88575%,48.525%,True,1,CLÍNICA PONFERRADA SDP,False
SEGUNDA FEB,"Liga Regular ""OESTE""",REINA PROTEÍNAS CLAVIJO,5,M. DE PABLO DEL CASTILLO,70.0282%,77.6401%,False,1,CLÍNICA PONFERRADA SDP,False
SEGUNDA FEB,"Liga Regular ""OESTE""",REINA PROTEÍNAS CLAVIJO,33,K. TORRES CUEVAS,33.9915%,48.0209%,True,1,CLÍNICA PONFERRADA SDP,False
SEGUNDA FEB,"Liga Regular ""OESTE""",REINA PROTEÍNAS CLAVIJO,11,J. PARDINA MOLINA,24.33%,8.94877%,True,1,CLÍNICA PONFERRADA SDP,False
SEGUNDA FEB,"Liga Regular ""OESTE""",REINA PROTEÍNAS CLAVIJO,11,J. PARDINA MOLINA,68.9704%,20.9225%,False,1,CLÍNICA PONFERRADA SDP,False
SEGUNDA FEB,"Liga Regular ""OESTE""",REINA PROTEÍNAS CLAVIJO,5,M. DE PABLO DEL CASTILLO,29.4076%,76.2536%,True,1,CLÍNICA PONFERRADA SDP,False
SEGUNDA FEB,"Liga Regular ""OESTE""",REINA PROTEÍNAS CLAVIJO,55,C. JACOBS,7.82793%,46.5084%,False,1,CLÍNICA PONFERRADA SDP,False
SEGUNDA FEB,"Liga Regular ""OESTE""",REINA PROTEÍNAS CLAVIJO,1,E. A NONGO BERTHOLD,7.82793%,49.9115%,False,1,CLÍNICA PONFERRADA SDP,False
SEGUNDA FEB,"Liga Regular ""OESTE""",REINA PROTEÍNAS CLAVIJO,55,C. JACOBS,35.3315%,45.8782%,False,1,CLÍNICA PONFERRADA SDP,False
SEGUNDA FEB,"Liga Regular ""OESTE""",REINA PROTEÍNAS CLAVIJO,22,I. ROYO ARGOTE,65.6559%,51.4239%,False,1,CLÍNICA PONFERRADA SDP,False
SEGUNDA FEB,"Liga Regular ""OESTE""",REINA PROTEÍNAS CLAVIJO,9,H. ARBOSA ROLDAN,9.37941%,51.8021%,True,1,CLÍNICA PONFERRADA SDP,False
SEGUNDA FEB,"Liga Regular ""OESTE""",REINA PROTEÍNAS CLAVIJO,55,C. JACOBS,65.2327%,55.3312%,False,1,CLÍNICA PONFERRADA SDP,False
SEGUNDA FEB,"Liga Regular ""OESTE""",REINA PROTEÍNAS CLAVIJO,12,D. PA MOR,35.543%,48.7771%,False,1,CLÍNICA PONFERRADA SDP,False
SEGUNDA FEB,"Liga Regular ""OESTE""",REINA PROTEÍNAS CLAVIJO,9,H. ARBOSA ROLDAN,90.7616%,49.2813%,True,1,CLÍNICA PONFERRADA SDP,False
SEGUNDA FEB,"Liga Regular ""OESTE""",REINA PROTEÍNAS CLAVIJO,33,K. TORRES CUEVAS,35.4725%,49.5334%,False,1,CLÍNICA PONFERRADA SDP,False
SEGUNDA FEB,"Liga Regular ""OESTE""",REINA PROTEÍNAS CLAVIJO,33,K. TORRES CUEVAS,92.2426%,48.273%,False,1,CLÍNICA PONFERRADA SDP,False
SEGUNDA FEB,"Liga Regular ""OESTE""",REINA PROTEÍNAS CLAVIJO,5,M. DE PABLO DEL CASTILLO,8.67419%,52.0541%,True,1,CLÍNICA PONFERRADA SDP,False
SEGUNDA FEB,"Liga Regular ""OESTE""",REINA PROTEÍNAS CLAVIJO,12,D. PA MOR,9.87306%,49.5334%,True,1,CLÍNICA PONFERRADA SDP,False
SEGUNDA FEB,"Liga Regular ""OESTE""",REINA PROTEÍNAS CLAVIJO,9,H. ARBOSA ROLDAN,92.5952%,42.2231%,True,1,CLÍNICA PONFERRADA SDP,False
SEGUNDA FEB,"Liga Regular ""OESTE""",REINA PROTEÍNAS CLAVIJO,12,D. PA MOR,64.3865%,57.0957%,False,1,CLÍNICA PONFERRADA SDP,False
SEGUNDA FEB,"Liga Regular ""OESTE""",REINA PROTEÍNAS CLAVIJO,9,H. ARBOSA ROLDAN,92.031%,49.4073%,True,1,CLÍNICA PONFERRADA SDP,False
SEGUNDA FEB,"Liga Regular ""OESTE""",REINA PROTEÍNAS CLAVIJO,33,K. TORRES CUEVAS,31.6643%,64.406%,False,1,CLÍNICA PONFERRADA SDP,False
SEGUNDA FEB,"Liga Regular ""OESTE""",REINA PROTEÍNAS CLAVIJO,12,D. PA MOR,73.1312%,83.0598%,False,1,CLÍNICA PONFERRADA SDP,False
SEGUNDA FEB,"Liga Regular ""OESTE""",REINA PROTEÍNAS CLAVIJO,9,H. ARBOSA ROLDAN,9.30889%,52.1802%,False,1,CLÍNICA PONFERRADA SDP,False
SEGUNDA FEB,"Liga Regular ""OESTE""",REINA PROTEÍNAS CLAVIJO,9,H. ARBOSA ROLDAN,89.2102%,93.2689%,False,1,CLÍNICA PONFERRADA SDP,False
SEGUNDA FEB,"Liga Regular ""OESTE""",REINA PROTEÍNAS CLAVIJO,9,H. ARBOSA ROLDAN,91.89%,48.273%,True,1,CLÍNICA PONFERRADA SDP,False
SEGUNDA FEB,"Liga Regular ""OESTE""",REINA PROTEÍNAS CLAVIJO,22,I. ROYO ARGOTE,10.0846%,50.7937%,True,1,CLÍNICA PONFERRADA SDP,False
SEGUNDA FEB,"Liga Regular ""OESTE""",REINA PROTEÍNAS CLAVIJO,33,K. TORRES CUEVAS,91.8195%,51.0458%,False,1,CLÍNICA PONFERRADA SDP,False
SEGUNDA FEB,"Liga Regular ""OESTE""",REINA PROTEÍNAS CLAVIJO,8,J. QUEREJETA MARTINEZ DE ARENAZA,10.0141%,50.9198%,True,1,CLÍNICA PONFERRADA SDP,False
SEGUNDA FEB,"Liga Regular ""OESTE""",REINA PROTEÍNAS CLAVIJO,55,C. JACOBS,89.4922%,19.0319%,False,1,CLÍNICA PONFERRADA SDP,False
SEGUNDA FEB,"Liga Regular ""OESTE""",REINA PROTEÍNAS CLAVIJO,11,J. PARDINA MOLINA,90.8322%,56.5915%,False,1,CLÍNICA PONFERRADA SDP,False
SEGUNDA FEB,"Liga Regular ""OESTE""",REINA PROTEÍNAS CLAVIJO,33,K. TORRES CUEVAS,92.2426%,93.521%,False,1,CLÍNICA PONFERRADA SDP,False
SEGUNDA FEB,"Liga Regular ""OESTE""",REINA PROTEÍNAS CLAVIJO,8,J. QUEREJETA MARTINEZ DE ARENAZA,64.457%,52.3062%,False,1,CLÍNICA PONFERRADA SDP,False
SEGUNDA FEB,"Liga Regular ""OESTE""",REINA PROTEÍNAS CLAVIJO,33,K. TORRES CUEVAS,9.37941%,47.2647%,True,1,CLÍNICA PONFERRADA SDP,False
SEGUNDA FEB,"Liga Regular ""OESTE""",REINA PROTEÍNAS CLAVIJO,22,I. ROYO ARGOTE,9.6615%,92.7648%,False,1,CLÍNICA PONFERRADA SDP,False
SEGUNDA FEB,"Liga Regular ""OESTE""",REINA PROTEÍNAS CLAVIJO,8,J. QUEREJETA MARTINEZ DE ARENAZA,31.3117%,77.6401%,False,1,CLÍNICA PONFERRADA SDP,False
SEGUNDA FEB,"Liga Regular ""OESTE""",REINA PROTEÍNAS CLAVIJO,55,C. JACOBS,35.2609%,43.3574%,True,1,CLÍNICA PONFERRADA SDP,False
SEGUNDA FEB,"Liga Regular ""OESTE""",REINA PROTEÍNAS CLAVIJO,9,H. ARBOSA ROLDAN,9.16784%,49.1552%,False,1,CLÍNICA PONFERRADA SDP,False
SEGUNDA FEB,"Liga Regular ""OESTE""",REINA PROTEÍNAS CLAVIJO,8,J. QUEREJETA MARTINEZ DE ARENAZA,66.7842%,39.1982%,False,1,CLÍNICA PONFERRADA SDP,False
SEGUNDA FEB,"Liga Regular ""OESTE""",REINA PROTEÍNAS CLAVIJO,9,H. ARBOSA ROLDAN,10.2962%,50.7937%,True,1,CLÍNICA PONFERRADA SDP,False
SEGUNDA FEB,"Liga Regular ""OESTE""",REINA PROTEÍNAS CLAVIJO,22,I. ROYO ARGOTE,8.88575%,52.1802%,True,1,CLÍNICA PONFERRADA SDP,False
SEGUNDA FEB,"Liga Regular ""OESTE""",REINA PROTEÍNAS CLAVIJO,5,M. DE PABLO DEL CASTILLO,32.9337%,27.0984%,True,1,CLÍNICA PONFERRADA SDP,False
SEGUNDA FEB,"Liga Regular ""OESTE""",REINA PROTEÍNAS CLAVIJO,55,C. JACOBS,33.9915%,34.7868%,False,1,CLÍNICA PONFERRADA SDP,False
SEGUNDA FEB,"Liga Regular ""OESTE""",REINA PROTEÍNAS CLAVIJO,8,J. QUEREJETA MARTINEZ DE ARENAZA,9.09732%,49.6594%,True,1,CLÍNICA PONFERRADA SDP,False
SEGUNDA FEB,"Liga Regular ""OESTE""",REINA PROTEÍNAS CLAVIJO,5,M. DE PABLO DEL CASTILLO,92.1016%,53.1885%,True,1,CLÍNICA PONFERRADA SDP,False
SEGUNDA FEB,"Liga Regular ""OESTE""",REINA PROTEÍNAS CLAVIJO,33,K. TORRES CUEVAS,10.6488%,46.8865%,False,1,CLÍNICA PONFERRADA SDP,False
SEGUNDA FEB,"Liga Regular ""OESTE""",REINA PROTEÍNAS CLAVIJO,9,H. ARBOSA ROLDAN,92.4542%,48.273%,True,1,CLÍNICA PONFERRADA SDP,False
SEGUNDA FEB,"Liga Regular ""OESTE""",UEMC CBC VALLADOLID,6,P. MARIN FONTAN,12.3413%,57.8519%,False,1,CLUB BALONCESTO TOLEDO BASKET,True
SEGUNDA FEB,"Liga Regular ""OESTE""",UEMC CBC VALLADOLID,2,J. HANNA,10.2257%,56.5915%,False,1,CLUB BALONCESTO TOLEDO BASKET,True
SEGUNDA FEB,"Liga Regular ""OESTE""",UEMC CBC VALLADOLID,6,P. MARIN FONTAN,35.0494%,50.9198%,False,1,CLUB BALONCESTO TOLEDO BASKET,True
SEGUNDA FEB,"Liga Regular ""OESTE""",UEMC CBC VALLADOLID,2,J. HANNA,11.6361%,59.3644%,False,1,CLUB BALONCESTO TOLEDO BASKET,True
SEGUNDA FEB,"Liga Regular ""OESTE""",UEMC CBC VALLADOLID,3,I. HANEY,12.1298%,47.5167%,False,1,CLUB BALONCESTO TOLEDO BASKET,True
SEGUNDA FEB,"Liga Regular ""OESTE""",UEMC CBC VALLADOLID,3,I. HANEY,32.5106%,62.1373%,False,1,CLUB BALONCESTO TOLEDO BASKET,True
SEGUNDA FEB,"Liga Regular ""OESTE""",UEMC CBC VALLADOLID,2,J. HANNA,85.7546%,47.7688%,False,1,CLUB BALONCESTO TOLEDO BASKET,True
SEGUNDA FEB,"Liga Regular ""OESTE""",UEMC CBC VALLADOLID,6,P. MARIN FONTAN,89.3512%,47.3907%,False,1,CLUB BALONCESTO TOLEDO BASKET,True
SEGUNDA FEB,"Liga Regular ""OESTE""",UEMC CBC VALLADOLID,1,S. TAIWO,89.5628%,51.55%,True,1,CLUB BALONCESTO TOLEDO BASKET,True
SEGUNDA FEB,"Liga Regular ""OESTE""",UEMC CBC VALLADOLID,99,M. OCHI,9.6615%,42.3491%,False,1,CLUB BALONCESTO TOLEDO BASKET,True
SEGUNDA FEB,"Liga Regular ""OESTE""",UEMC CBC VALLADOLID,2,J. HANNA,68.5473%,13.6122%,True,1,CLUB BALONCESTO TOLEDO BASKET,True
SEGUNDA FEB,"Liga Regular ""OESTE""",UEMC CBC VALLADOLID,99,M. OCHI,12.3413%,47.6428%,True,1,CLUB BALONCESTO TOLEDO BASKET,True
SEGUNDA FEB,"Liga Regular ""OESTE""",UEMC CBC VALLADOLID,12,P. MARTIN MARTIN,68.8999%,85.9586%,False,1,CLUB BALONCESTO TOLEDO BASKET,True
SEGUNDA FEB,"Liga Regular ""OESTE""",UEMC CBC VALLADOLID,12,P. MARTIN MARTIN,13.3992%,36.9294%,False,1,CLUB BALONCESTO TOLEDO BASKET,True
SEGUNDA FEB,"Liga Regular ""OESTE""",UEMC CBC VALLADOLID,10,I. ORDOÑEZ OCHOA,88.787%,65.9184%,False,1,CLUB BALONCESTO TOLEDO BASKET,True
SEGUNDA FEB,"Liga Regular ""OESTE""",UEMC CBC VALLADOLID,1,S. TAIWO,12.0592%,42.8533%,False,1,CLUB BALONCESTO TOLEDO BASKET,True
SEGUNDA FEB,"Liga Regular ""OESTE""",UEMC CBC VALLADOLID,1,S. TAIWO,86.9535%,55.9613%,True,1,CLUB BALONCESTO TOLEDO BASKET,True
SEGUNDA FEB,"Liga Regular ""OESTE""",UEMC CBC VALLADOLID,1,S. TAIWO,10.6488%,54.953%,True,1,CLUB BALONCESTO TOLEDO BASKET,True
SEGUNDA FEB,"Liga Regular ""OESTE""",UEMC CBC VALLADOLID,3,I. HANEY,82.4401%,50.2896%,True,1,CLUB BALONCESTO TOLEDO BASKET,True
SEGUNDA FEB,"Liga Regular ""OESTE""",UEMC CBC VALLADOLID,6,P. MARIN FONTAN,25.1058%,88.9836%,False,1,CLUB BALONCESTO TOLEDO BASKET,True
SEGUNDA FEB,"Liga Regular ""OESTE""",UEMC CBC VALLADOLID,3,I. HANEY,30.4654%,83.4379%,True,1,CLUB BALONCESTO TOLEDO BASKET,True
SEGUNDA FEB,"Liga Regular ""OESTE""",UEMC CBC VALLADOLID,10,I. ORDOÑEZ OCHOA,89.7038%,55.7093%,False,1,CLUB BALONCESTO TOLEDO BASKET,True
SEGUNDA FEB,"Liga Regular ""OESTE""",UEMC CBC VALLADOLID,6,P. MARIN FONTAN,86.9535%,55.9613%,False,1,CLUB BALONCESTO TOLEDO BASKET,True
SEGUNDA FEB,"Liga Regular ""OESTE""",UEMC CBC VALLADOLID,3,I. HANEY,88.5049%,58.9863%,False,1,CLUB BALONCESTO TOLEDO BASKET,True
SEGUNDA FEB,"Liga Regular ""OESTE""",UEMC CBC VALLADOLID,10,I. ORDOÑEZ OCHOA,80.9591%,7.05819%,False,1,CLUB BALONCESTO TOLEDO BASKET,True
SEGUNDA FEB,"Liga Regular ""OESTE""",UEMC CBC VALLADOLID,1,S. TAIWO,10.7898%,47.1386%,True,1,CLUB BALONCESTO TOLEDO BASKET,True
SEGUNDA FEB,"Liga Regular ""OESTE""",UEMC CBC VALLADOLID,2,J. HANNA,90.6206%,60.3727%,True,1,CLUB BALONCESTO TOLEDO BASKET,True
SEGUNDA FEB,"Liga Regular ""OESTE""",UEMC CBC VALLADOLID,3,I. HANEY,92.8773%,63.3977%,False,1,CLUB BALONCESTO TOLEDO BASKET,True
SEGUNDA FEB,"Liga Regular ""OESTE""",UEMC CBC VALLADOLID,6,P. MARIN FONTAN,68.8293%,15.1247%,False,1,CLUB BALONCESTO TOLEDO BASKET,True
SEGUNDA FEB,"Liga Regular ""OESTE""",UEMC CBC VALLADOLID,3,I. HANEY,23.8364%,91.0002%,False,1,CLUB BALONCESTO TOLEDO BASKET,True
SEGUNDA FEB,"Liga Regular ""OESTE""",UEMC CBC VALLADOLID,3,I. HANEY,66.5021%,82.8077%,False,1,CLUB BALONCESTO TOLEDO BASKET,True
SEGUNDA FEB,"Liga Regular ""OESTE""",UEMC CBC VALLADOLID,2,J. HANNA,12.1298%,42.8533%,True,1,CLUB BALONCESTO TOLEDO BASKET,True
SEGUNDA FEB,"Liga Regular ""OESTE""",UEMC CBC VALLADOLID,99,M. OCHI,65.0212%,26.2161%,False,1,CLUB BALONCESTO TOLEDO BASKET,True
SEGUNDA FEB,"Liga Regular ""OESTE""",UEMC CBC VALLADOLID,10,I. ORDOÑEZ OCHOA,33.78%,78.0182%,False,1,CLUB BALONCESTO TOLEDO BASKET,True
SEGUNDA FEB,"Liga Regular ""OESTE""",UEMC CBC VALLADOLID,10,I. ORDOÑEZ OCHOA,14.1749%,47.5167%,True,1,CLUB BALONCESTO TOLEDO BASKET,True
SEGUNDA FEB,"Liga Regular ""OESTE""",UEMC CBC VALLADOLID,6,P. MARIN FONTAN,27.8561%,13.3601%,True,1,CLUB BALONCESTO TOLEDO BASKET,True
SEGUNDA FEB,"Liga Regular ""OESTE""",UEMC CBC VALLADOLID,12,P. MARTIN MARTIN,91.7489%,37.9378%,True,1,CLUB BALONCESTO TOLEDO BASKET,True
SEGUNDA FEB,"Liga Regular ""OESTE""",UEMC CBC VALLADOLID,10,I. ORDOÑEZ OCHOA,92.4542%,65.4143%,True,1,CLUB BALONCESTO TOLEDO BASKET,True
SEGUNDA FEB,"Liga Regular ""OESTE""",UEMC CBC VALLADOLID,3,I. HANEY,27.3625%,13.4862%,True,1,CLUB BALONCESTO TOLEDO BASKET,True
SEGUNDA FEB,"Liga Regular ""OESTE""",UEMC CBC VALLADOLID,10,I. ORDOÑEZ OCHOA,88.3639%,58.2301%,True,1,CLUB BALONCESTO TOLEDO BASKET,True
SEGUNDA FEB,"Liga Regular ""OESTE""",UEMC CBC VALLADOLID,2,J. HANNA,70.0987%,81.6733%,True,1,CLUB BALONCESTO TOLEDO BASKET,True
SEGUNDA FEB,"Liga Regular ""OESTE""",UEMC CBC VALLADOLID,2,J. HANNA,90.3385%,62.6414%,False,1,CLUB BALONCESTO TOLEDO BASKET,True
SEGUNDA FEB,"Liga Regular ""OESTE""",UEMC CBC VALLADOLID,3,I. HANEY,90.0564%,40.8367%,True,1,CLUB BALONCESTO TOLEDO BASKET,True
SEGUNDA FEB,"Liga Regular ""OESTE""",UEMC CBC VALLADOLID,1,S. TAIWO,87.8702%,49.5334%,True,1,CLUB BALONCESTO TOLEDO BASKET,True
SEGUNDA FEB,"Liga Regular ""OESTE""",UEMC CBC VALLADOLID,2,J. HANNA,34.3441%,44.6178%,True,1,CLUB BALONCESTO TOLEDO BASKET,True
SEGUNDA FEB,"Liga Regular ""OESTE""",UEMC CBC VALLADOLID,3,I. HANEY,26.3752%,86.5888%,True,1,CLUB BALONCESTO TOLEDO BASKET,True
SEGUNDA FEB,"Liga Regular ""OESTE""",UEMC CBC VALLADOLID,99,M. OCHI,35.543%,39.8283%,True,1,CLUB BALONCESTO TOLEDO BASKET,True
SEGUNDA FEB,"Liga Regular ""OESTE""",UEMC CBC VALLADOLID,3,I. HANEY,34.4147%,42.7272%,True,1,CLUB BALONCESTO TOLEDO BASKET,True
SEGUNDA FEB,"Liga Regular ""OESTE""",UEMC CBC VALLADOLID,10,I. ORDOÑEZ OCHOA,64.1749%,52.1802%,False,1,CLUB BALONCESTO TOLEDO BASKET,True
SEGUNDA FEB,"Liga Regular ""OESTE""",UEMC CBC VALLADOLID,3,I. HANEY,90.4795%,52.5583%,True,1,CLUB BALONCESTO TOLEDO BASKET,True
SEGUNDA FEB,"Liga Regular ""OESTE""",UEMC CBC VALLADOLID,12,P. MARTIN MARTIN,24.4006%,91.6304%,False,1,CLUB BALONCESTO TOLEDO BASKET,True
SEGUNDA FEB,"Liga Regular ""OESTE""",UEMC CBC VALLADOLID,12,P. MARTIN MARTIN,74.048%,92.1346%,True,1,CLUB BALONCESTO TOLEDO BASKET,True
SEGUNDA FEB,"Liga Regular ""OESTE""",UEMC CBC VALLADOLID,5,J. GARCIA-ABRIL GUERRERO,83.3568%,57.8519%,False,1,CLUB BALONCESTO TOLEDO BASKET,True
SEGUNDA FEB,"Liga Regular ""OESTE""",UEMC CBC VALLADOLID,12,P. MARTIN MARTIN,74.048%,92.1346%,False,1,CLUB BALONCESTO TOLEDO BASKET,True
SEGUNDA FEB,"Liga Regular ""OESTE""",UEMC CBC VALLADOLID,3,I. HANEY,91.9605%,62.0112%,True,1,CLUB BALONCESTO TOLEDO BASKET,True
SEGUNDA FEB,"Liga Regular ""OESTE""",UEMC CBC VALLADOLID,3,I. HANEY,88.7165%,58.2301%,False,1,CLUB BALONCESTO TOLEDO BASKET,True
SEGUNDA FEB,"Liga Regular ""OESTE""",UEMC CBC VALLADOLID,3,I. HANEY,9.09732%,19.6621%,False,1,CLUB BALONCESTO TOLEDO BASKET,True
SEGUNDA FEB,"Liga Regular ""OESTE""",UEMC CBC VALLADOLID,12,P. MARTIN MARTIN,89.9859%,59.3644%,True,1,CLUB BALONCESTO TOLEDO BASKET,True
SEGUNDA FEB,"Liga Regular ""OESTE""",UEMC CBC VALLADOLID,99,M. OCHI,68.9704%,74.111%,True,1,CLUB BALONCESTO TOLEDO BASKET,True
SEGUNDA FEB,"Liga Regular ""OESTE""",UEMC CBC VALLADOLID,6,P. MARIN FONTAN,23.2017%,89.8659%,False,1,CLUB BALONCESTO TOLEDO BASKET,True
SEGUNDA FEB,"Liga Regular ""OESTE""",UEMC CBC VALLADOLID,10,I. ORDOÑEZ OCHOA,26.3752%,86.5888%,False,1,CLUB BALONCESTO TOLEDO BASKET,True
SEGUNDA FEB,"Liga Regular ""OESTE""",UEMC CBC VALLADOLID,10,I. ORDOÑEZ OCHOA,88.646%,47.5167%,False,1,CLUB BALONCESTO TOLEDO BASKET,True
SEGUNDA FEB,"Liga Regular ""OESTE""",UEMC CBC VALLADOLID,1,S. TAIWO,33.9915%,34.9128%,False,1,CLUB BALONCESTO TOLEDO BASKET,True
SEGUNDA FEB,"Liga Regular ""OESTE""",UEMC CBC VALLADOLID,5,J. GARCIA-ABRIL GUERRERO,34.9083%,50.7937%,False,1,CLUB BALONCESTO TOLEDO BASKET,True
SEGUNDA FEB,"Liga Regular ""OESTE""",UEMC CBC VALLADOLID,3,I. HANEY,37.6587%,48.273%,True,1,CLUB BALONCESTO TOLEDO BASKET,True
SEGUNDA FEB,"Liga Regular ""OESTE""",UEMC CBC VALLADOLID,1,S. TAIWO,89.1396%,57.3478%,False,1,CLUB BALONCESTO TOLEDO BASKET,True
SEGUNDA FEB,"Liga Regular ""OESTE""",UEMC CBC VALLADOLID,1,S. TAIWO,91.3963%,56.2134%,True,1,CLUB BALONCESTO TOLEDO BASKET,True
SEGUNDA FEB,"Liga Regular ""OESTE""",UEMC CBC VALLADOLID,10,I. ORDOÑEZ OCHOA,27.8561%,83.3118%,False,1,CLUB BALONCESTO TOLEDO BASKET,True
SEGUNDA FEB,"Liga Regular ""OESTE""",UEMC CBC VALLADOLID,2,J. HANNA,91.3963%,56.2134%,False,1,CLUB BALONCESTO TOLEDO BASKET,True
SEGUNDA FEB,"Liga Regular ""OESTE""",UEMC CBC VALLADOLID,99,M. OCHI,91.7489%,37.9378%,False,1,CLUB BALONCESTO TOLEDO BASKET,True
SEGUNDA FEB,"Liga Regular ""OESTE""",CLUB BALONCESTO TOLEDO BASKET,6,V. STEVANIC,88.2229%,52.3062%,True,1,UEMC CBC VALLADOLID,False
SEGUNDA FEB,"Liga Regular ""OESTE""",CLUB BALONCESTO TOLEDO BASKET,10,V. MORENO MARTIN,87.5176%,50.6677%,True,1,UEMC CBC VALLADOLID,False
SEGUNDA FEB,"Liga Regular ""OESTE""",CLUB BALONCESTO TOLEDO BASKET,1,M. SERRANO ALVAREZ,12.7645%,40.3325%,False,1,UEMC CBC VALLADOLID,False
SEGUNDA FEB,"Liga Regular ""OESTE""",CLUB BALONCESTO TOLEDO BASKET,1,M. SERRANO ALVAREZ,86.2482%,53.4406%,True,1,UEMC CBC VALLADOLID,False
SEGUNDA FEB,"Liga Regular ""OESTE""",CLUB BALONCESTO TOLEDO BASKET,1,M. SERRANO ALVAREZ,88.787%,45.122%,True,1,UEMC CBC VALLADOLID,False
SEGUNDA FEB,"Liga Regular ""OESTE""",CLUB BALONCESTO TOLEDO BASKET,3,I. ALVAREZ FERNANDEZ,71.1566%,13.8643%,False,1,UEMC CBC VALLADOLID,False
SEGUNDA FEB,"Liga Regular ""OESTE""",CLUB BALONCESTO TOLEDO BASKET,3,I. ALVAREZ FERNANDEZ,73.2722%,12.3518%,False,1,UEMC CBC VALLADOLID,False
SEGUNDA FEB,"Liga Regular ""OESTE""",CLUB BALONCESTO TOLEDO BASKET,88,T. TEIXEIRA DO VALE DIAS,12.976%,28.4848%,False,1,UEMC CBC VALLADOLID,False
SEGUNDA FEB,"Liga Regular ""OESTE""",CLUB BALONCESTO TOLEDO BASKET,88,T. TEIXEIRA DO VALE DIAS,88.7165%,56.9697%,False,1,UEMC CBC VALLADOLID,False
SEGUNDA FEB,"Liga Regular ""OESTE""",CLUB BALONCESTO TOLEDO BASKET,3,I. ALVAREZ FERNANDEZ,92.4542%,60.8769%,True,1,UEMC CBC VALLADOLID,False
SEGUNDA FEB,"Liga Regular ""OESTE""",CLUB BALONCESTO TOLEDO BASKET,10,V. MORENO MARTIN,80.536%,41.2148%,False,1,UEMC CBC VALLADOLID,False
SEGUNDA FEB,"Liga Regular ""OESTE""",CLUB BALONCESTO TOLEDO BASKET,3,I. ALVAREZ FERNANDEZ,9.23836%,72.7245%,False,1,UEMC CBC VALLADOLID,False
SEGUNDA FEB,"Liga Regular ""OESTE""",CLUB BALONCESTO TOLEDO BASKET,6,V. STEVANIC,9.30889%,37.6857%,True,1,UEMC CBC VALLADOLID,False
SEGUNDA FEB,"Liga Regular ""OESTE""",CLUB BALONCESTO TOLEDO BASKET,7,J. LAFUENTE VELAZQUEZ,88.9986%,52.6843%,False,1,UEMC CBC VALLADOLID,False
SEGUNDA FEB,"Liga Regular ""OESTE""",CLUB BALONCESTO TOLEDO BASKET,10,V. MORENO MARTIN,10.5078%,34.5347%,False,1,UEMC CBC VALLADOLID,False
SEGUNDA FEB,"Liga Regular ""OESTE""",CLUB BALONCESTO TOLEDO BASKET,4,L. GARCIA MUÑOZ,12.1298%,56.4655%,True,1,UEMC CBC VALLADOLID,False
SEGUNDA FEB,"Liga Regular ""OESTE""",CLUB BALONCESTO TOLEDO BASKET,10,V. MORENO MARTIN,86.4598%,26.3422%,False,1,UEMC CBC VALLADOLID,False
SEGUNDA FEB,"Liga Regular ""OESTE""",CLUB BALONCESTO TOLEDO BASKET,3,I. ALVAREZ FERNANDEZ,23.6953%,85.7066%,False,1,UEMC CBC VALLADOLID,False
SEGUNDA FEB,"Liga Regular ""OESTE""",CLUB BALONCESTO TOLEDO BASKET,3,I. ALVAREZ FERNANDEZ,64.7391%,53.9447%,True,1,UEMC CBC VALLADOLID,False
SEGUNDA FEB,"Liga Regular ""OESTE""",CLUB BALONCESTO TOLEDO BASKET,7,J. LAFUENTE VELAZQUEZ,27.6446%,81.9254%,False,1,UEMC CBC VALLADOLID,False
SEGUNDA FEB,"Liga Regular ""OESTE""",CLUB BALONCESTO TOLEDO BASKET,3,I. ALVAREZ FERNANDEZ,70.4513%,12.3518%,True,1,UEMC CBC VALLADOLID,False
SEGUNDA FEB,"Liga Regular ""OESTE""",CLUB BALONCESTO TOLEDO BASKET,3,I. ALVAREZ FERNANDEZ,35.2609%,57.4738%,True,1,UEMC CBC VALLADOLID,False
SEGUNDA FEB,"Liga Regular ""OESTE""",CLUB BALONCESTO TOLEDO BASKET,10,V. MORENO MARTIN,32.2285%,66.4226%,False,1,UEMC CBC VALLADOLID,False
SEGUNDA FEB,"Liga Regular ""OESTE""",CLUB BALONCESTO TOLEDO BASKET,10,V. MORENO MARTIN,89.8449%,51.55%,False,1,UEMC CBC VALLADOLID,False
SEGUNDA FEB,"Liga Regular ""OESTE""",CLUB BALONCESTO TOLEDO BASKET,4,L. GARCIA MUÑOZ,13.3286%,49.5334%,True,1,UEMC CBC VALLADOLID,False
SEGUNDA FEB,"Liga Regular ""OESTE""",CLUB BALONCESTO TOLEDO BASKET,10,V. MORENO MARTIN,30.4654%,84.6983%,False,1,UEMC CBC VALLADOLID,False
SEGUNDA FEB,"Liga Regular ""OESTE""",CLUB BALONCESTO TOLEDO BASKET,12,G. VILLAREJO COSTA,24.33%,90.4961%,False,1,UEMC CBC VALLADOLID,False
SEGUNDA FEB,"Liga Regular ""OESTE""",CLUB BALONCESTO TOLEDO BASKET,13,S. MENDIOLA DIEZ,15.3032%,52.9364%,True,1,UEMC CBC VALLADOLID,False
SEGUNDA FEB,"Liga Regular ""OESTE""",CLUB BALONCESTO TOLEDO BASKET,3,I. ALVAREZ FERNANDEZ,72.9196%,94.0252%,False,1,UEMC CBC VALLADOLID,False
SEGUNDA FEB,"Liga Regular ""OESTE""",CLUB BALONCESTO TOLEDO BASKET,88,T. TEIXEIRA DO VALE DIAS,8.53315%,67.683%,False,1,UEMC CBC VALLADOLID,False
SEGUNDA FEB,"Liga Regular ""OESTE""",CLUB BALONCESTO TOLEDO BASKET,3,I. ALVAREZ FERNANDEZ,26.0226%,15.2507%,False,1,UEMC CBC VALLADOLID,False
SEGUNDA FEB,"Liga Regular ""OESTE""",CLUB BALONCESTO TOLEDO BASKET,10,V. MORENO MARTIN,21.6502%,92.1346%,False,1,UEMC CBC VALLADOLID,False
SEGUNDA FEB,"Liga Regular ""OESTE""",CLUB BALONCESTO TOLEDO BASKET,13,S. MENDIOLA DIEZ,14.2454%,78.7744%,False,1,UEMC CBC VALLADOLID,False
SEGUNDA FEB,"Liga Regular ""OESTE""",CLUB BALONCESTO TOLEDO BASKET,6,V. STEVANIC,90.4795%,46.8865%,True,1,UEMC CBC VALLADOLID,False
SEGUNDA FEB,"Liga Regular ""OESTE""",CLUB BALONCESTO TOLEDO BASKET,10,V. MORENO MARTIN,91.3258%,66.0445%,False,1,UEMC CBC VALLADOLID,False
SEGUNDA FEB,"Liga Regular ""OESTE""",CLUB BALONCESTO TOLEDO BASKET,3,I. ALVAREZ FERNANDEZ,73.6248%,88.7315%,False,1,UEMC CBC VALLADOLID,False
SEGUNDA FEB,"Liga Regular ""OESTE""",CLUB BALONCESTO TOLEDO BASKET,88,T. TEIXEIRA DO VALE DIAS,10.5078%,52.6843%,False,1,UEMC CBC VALLADOLID,False
SEGUNDA FEB,"Liga Regular ""OESTE""",CLUB BALONCESTO TOLEDO BASKET,88,T. TEIXEIRA DO VALE DIAS,15.3032%,36.9294%,False,1,UEMC CBC VALLADOLID,False
SEGUNDA FEB,"Liga Regular ""OESTE""",CLUB BALONCESTO TOLEDO BASKET,6,V. STEVANIC,9.09732%,72.8506%,True,1,UEMC CBC VALLADOLID,False
SEGUNDA FEB,"Liga Regular ""OESTE""",CLUB BALONCESTO TOLEDO BASKET,10,V. MORENO MARTIN,25.5289%,88.4794%,False,1,UEMC CBC VALLADOLID,False
SEGUNDA FEB,"Liga Regular ""OESTE""",CLUB BALONCESTO TOLEDO BASKET,3,I. ALVAREZ FERNANDEZ,24.048%,9.57897%,True,1,UEMC CBC VALLADOLID,False
SEGUNDA FEB,"Liga Regular ""OESTE""",CLUB BALONCESTO TOLEDO BASKET,88,T. TEIXEIRA DO VALE DIAS,88.646%,66.1705%,False,1,UEMC CBC VALLADOLID,False
SEGUNDA FEB,"Liga Regular ""OESTE""",CLUB BALONCESTO TOLEDO BASKET,4,L. GARCIA MUÑOZ,88.787%,41.2148%,True,1,UEMC CBC VALLADOLID,False
SEGUNDA FEB,"Liga Regular ""OESTE""",CLUB BALONCESTO TOLEDO BASKET,3,I. ALVAREZ FERNANDEZ,73.8364%,38.82%,False,1,UEMC CBC VALLADOLID,False
SEGUNDA FEB,"Liga Regular ""OESTE""",CLUB BALONCESTO TOLEDO BASKET,10,V. MORENO MARTIN,71.086%,88.4794%,False,1,UEMC CBC VALLADOLID,False
SEGUNDA FEB,"Liga Regular ""OESTE""",CLUB BALONCESTO TOLEDO BASKET,7,J. LAFUENTE VELAZQUEZ,89.8449%,56.3395%,True,1,UEMC CBC VALLADOLID,False
SEGUNDA FEB,"Liga Regular ""OESTE""",CLUB BALONCESTO TOLEDO BASKET,13,S. MENDIOLA DIEZ,12.2003%,51.0458%,True,1,UEMC CBC VALLADOLID,False
SEGUNDA FEB,"Liga Regular ""OESTE""",CLUB BALONCESTO TOLEDO BASKET,10,V. MORENO MARTIN,91.3963%,59.7425%,True,1,UEMC CBC VALLADOLID,False
SEGUNDA FEB,"Liga Regular ""OESTE""",CLUB BALONCESTO TOLEDO BASKET,3,I. ALVAREZ FERNANDEZ,29.7602%,17.6455%,False,1,UEMC CBC VALLADOLID,False
SEGUNDA FEB,"Liga Regular ""OESTE""",CLUB BALONCESTO TOLEDO BASKET,10,V. MORENO MARTIN,26.1636%,86.967%,True,1,UEMC CBC VALLADOLID,False
SEGUNDA FEB,"Liga Regular ""OESTE""",CLUB BALONCESTO TOLEDO BASKET,6,V. STEVANIC,32.5106%,73.4808%,True,1,UEMC CBC VALLADOLID,False
SEGUNDA FEB,"Liga Regular ""OESTE""",CLUB BALONCESTO TOLEDO BASKET,7,J. LAFUENTE VELAZQUEZ,35.402%,54.827%,False,1,UEMC CBC VALLADOLID,False
SEGUNDA FEB,"Liga Regular ""OESTE""",CLUB BALONCESTO TOLEDO BASKET,7,J. LAFUENTE VELAZQUEZ,16.0085%,57.978%,True,1,UEMC CBC VALLADOLID,False
SEGUNDA FEB,"Liga Regular ""OESTE""",CLUB BALONCESTO TOLEDO BASKET,10,V. MORENO MARTIN,10.7898%,35.6691%,False,1,UEMC CBC VALLADOLID,False
SEGUNDA FEB,"Liga Regular ""OESTE""",CLUB BALONCESTO TOLEDO BASKET,3,I. ALVAREZ FERNANDEZ,9.59097%,53.4406%,True,1,UEMC CBC VALLADOLID,False
SEGUNDA FEB,"Liga Regular ""OESTE""",CLUB BALONCESTO TOLEDO BASKET,4,L. GARCIA MUÑOZ,85.8251%,28.3588%,False,1,UEMC CBC VALLADOLID,False
SEGUNDA FEB,"Liga Regular ""OESTE""",CLUB BALONCESTO TOLEDO BASKET,13,S. MENDIOLA DIEZ,88.8575%,49.5334%,True,1,UEMC CBC VALLADOLID,False
SEGUNDA FEB,"Liga Regular ""OESTE""",CLUB BALONCESTO TOLEDO BASKET,13,S. MENDIOLA DIEZ,89.7038%,47.2647%,True,1,UEMC CBC VALLADOLID,False
SEGUNDA FEB,"Liga Regular ""OESTE""",CLUB BALONCESTO TOLEDO BASKET,10,V. MORENO MARTIN,73.2017%,8.94877%,False,1,UEMC CBC VALLADOLID,False
SEGUNDA FEB,"Liga Regular ""OESTE""",CLUB BALONCESTO TOLEDO BASKET,3,I. ALVAREZ FERNANDEZ,9.44993%,40.2065%,True,1,UEMC CBC VALLADOLID,False
SEGUNDA FEB,"Liga Regular ""OESTE""",CLUB BALONCESTO TOLEDO BASKET,3,I. ALVAREZ FERNANDEZ,26.6573%,89.4877%,False,1,UEMC CBC VALLADOLID,False
SEGUNDA FEB,"Liga Regular ""OESTE""",CLUB BALONCESTO TOLEDO BASKET,7,J. LAFUENTE VELAZQUEZ,87.8702%,56.9697%,True,1,UEMC CBC VALLADOLID,False
SEGUNDA FEB,"Liga Regular ""OESTE""",CLUB BALONCESTO TOLEDO BASKET,13,S. MENDIOLA DIEZ,10.8604%,30.7535%,True,1,UEMC CBC VALLADOLID,False
SEGUNDA FEB,"Liga Regular ""OESTE""",CLUB BALONCESTO TOLEDO BASKET,1,M. SERRANO ALVAREZ,75.1763%,10.4612%,False,1,UEMC CBC VALLADOLID,False
SEGUNDA FEB,"Liga Regular ""OESTE""",CASTILLO DE GORRAIZ VALLE DE EGÜES,16,J. POTIER,26.5972%,30.656%,False,1,CACERES PATRIMONIO DE LA HUMANIDAD,True
SEGUNDA FEB,"Liga Regular ""OESTE""",CASTILLO DE GORRAIZ VALLE DE EGÜES,16,J. POTIER,8.125%,38.9716%,False,1,CACERES PATRIMONIO DE LA HUMANIDAD,True
SEGUNDA FEB,"Liga Regular ""OESTE""",CASTILLO DE GORRAIZ VALLE DE EGÜES,21,J. DJERY,13.6111%,47.6596%,False,1,CACERES PATRIMONIO DE LA HUMANIDAD,True
SEGUNDA FEB,"Liga Regular ""OESTE""",CASTILLO DE GORRAIZ VALLE DE EGÜES,2,J. KNOTEK,8.26389%,65.1596%,True,1,CACERES PATRIMONIO DE LA HUMANIDAD,True
SEGUNDA FEB,"Liga Regular ""OESTE""",CASTILLO DE GORRAIZ VALLE DE EGÜES,12,P. YARNOZ LUMBRERAS,93.75%,44.1844%,True,1,CACERES PATRIMONIO DE LA HUMANIDAD,True
SEGUNDA FEB,"Liga Regular ""OESTE""",CASTILLO DE GORRAIZ VALLE DE EGÜES,6,J. LACUNZA ABECIA,30.4861%,26.3121%,False,1,CACERES PATRIMONIO DE LA HUMANIDAD,True
SEGUNDA FEB,"Liga Regular ""OESTE""",CASTILLO DE GORRAIZ VALLE DE EGÜES,4,A. CALVO TORRES,6.66667%,60.5674%,False,1,CACERES PATRIMONIO DE LA HUMANIDAD,True
SEGUNDA FEB,"Liga Regular ""OESTE""",CASTILLO DE GORRAIZ VALLE DE EGÜES,16,J. POTIER,11.3889%,37.6064%,False,1,CACERES PATRIMONIO DE LA HUMANIDAD,True
SEGUNDA FEB,"Liga Regular ""OESTE""",CASTILLO DE GORRAIZ VALLE DE EGÜES,6,J. LACUNZA ABECIA,74.0972%,18.9894%,False,1,CACERES PATRIMONIO DE LA HUMANIDAD,True
SEGUNDA FEB,"Liga Regular ""OESTE""",CASTILLO DE GORRAIZ VALLE DE EGÜES,2,J. KNOTEK,6.80556%,48.7766%,True,1,CACERES PATRIMONIO DE LA HUMANIDAD,True
SEGUNDA FEB,"Liga Regular ""OESTE""",CASTILLO DE GORRAIZ VALLE DE EGÜES,4,A. CALVO TORRES,32.2222%,32.5177%,True,1,CACERES PATRIMONIO DE LA HUMANIDAD,True
SEGUNDA FEB,"Liga Regular ""OESTE""",CASTILLO DE GORRAIZ VALLE DE EGÜES,2,J. KNOTEK,6.52778%,44.0603%,True,1,CACERES PATRIMONIO DE LA HUMANIDAD,True
SEGUNDA FEB,"Liga Regular ""OESTE""",CASTILLO DE GORRAIZ VALLE DE EGÜES,4,A. CALVO TORRES,8.33333%,49.6454%,True,1,CACERES PATRIMONIO DE LA HUMANIDAD,True
SEGUNDA FEB,"Liga Regular ""OESTE""",CASTILLO DE GORRAIZ VALLE DE EGÜES,11,N. DEL VAL GARCIA,24.375%,17.1277%,False,1,CACERES PATRIMONIO DE LA HUMANIDAD,True
SEGUNDA FEB,"Liga Regular ""OESTE""",CASTILLO DE GORRAIZ VALLE DE EGÜES,12,P. YARNOZ LUMBRERAS,94.375%,53.617%,False,1,CACERES PATRIMONIO DE LA HUMANIDAD,True
SEGUNDA FEB,"Liga Regular ""OESTE""",CASTILLO DE GORRAIZ VALLE DE EGÜES,2,J. KNOTEK,90.625%,42.0745%,True,1,CACERES PATRIMONIO DE LA HUMANIDAD,True
SEGUNDA FEB,"Liga Regular ""OESTE""",CASTILLO DE GORRAIZ VALLE DE EGÜES,6,J. LACUNZA ABECIA,91.8056%,43.0674%,False,1,CACERES PATRIMONIO DE LA HUMANIDAD,True
SEGUNDA FEB,"Liga Regular ""OESTE""",CASTILLO DE GORRAIZ VALLE DE EGÜES,4,A. CALVO TORRES,92.4306%,51.7553%,False,1,CACERES PATRIMONIO DE LA HUMANIDAD,True
SEGUNDA FEB,"Liga Regular ""OESTE""",CASTILLO DE GORRAIZ VALLE DE EGÜES,2,J. KNOTEK,69.6528%,27.1809%,False,1,CACERES PATRIMONIO DE LA HUMANIDAD,True
SEGUNDA FEB,"Liga Regular ""OESTE""",CASTILLO DE GORRAIZ VALLE DE EGÜES,16,J. POTIER,90.625%,52.0035%,False,1,CACERES PATRIMONIO DE LA HUMANIDAD,True
SEGUNDA FEB,"Liga Regular ""OESTE""",CASTILLO DE GORRAIZ VALLE DE EGÜES,2,J. KNOTEK,31.1111%,42.5709%,False,1,CACERES PATRIMONIO DE LA HUMANIDAD,True
SEGUNDA FEB,"Liga Regular ""OESTE""",CASTILLO DE GORRAIZ VALLE DE EGÜES,2,J. KNOTEK,11.3889%,46.5426%,True,1,CACERES PATRIMONIO DE LA HUMANIDAD,True
SEGUNDA FEB,"Liga Regular ""OESTE""",CASTILLO DE GORRAIZ VALLE DE EGÜES,21,J. DJERY,6.80556%,51.1347%,False,1,CACERES PATRIMONIO DE LA HUMANIDAD,True
SEGUNDA FEB,"Liga Regular ""OESTE""",CASTILLO DE GORRAIZ VALLE DE EGÜES,7,A. RUBIERA RAPOSO,74.0278%,78.6879%,False,1,CACERES PATRIMONIO DE LA HUMANIDAD,True
SEGUNDA FEB,"Liga Regular ""OESTE""",CASTILLO DE GORRAIZ VALLE DE EGÜES,2,J. KNOTEK,18.4028%,71.2411%,False,1,CACERES PATRIMONIO DE LA HUMANIDAD,True
SEGUNDA FEB,"Liga Regular ""OESTE""",CASTILLO DE GORRAIZ VALLE DE EGÜES,2,J. KNOTEK,33.1944%,34.0071%,True,1,CACERES PATRIMONIO DE LA HUMANIDAD,True
SEGUNDA FEB,"Liga Regular ""OESTE""",CASTILLO DE GORRAIZ VALLE DE EGÜES,7,A. RUBIERA RAPOSO,93.2639%,45.922%,True,1,CACERES PATRIMONIO DE LA HUMANIDAD,True
SEGUNDA FEB,"Liga Regular ""OESTE""",CASTILLO DE GORRAIZ VALLE DE EGÜES,6,J. LACUNZA ABECIA,94.8611%,54.1135%,False,1,CACERES PATRIMONIO DE LA HUMANIDAD,True
SEGUNDA FEB,"Liga Regular ""OESTE""",CASTILLO DE GORRAIZ VALLE DE EGÜES,2,J. KNOTEK,93.8889%,57.7128%,True,1,CACERES PATRIMONIO DE LA HUMANIDAD,True
SEGUNDA FEB,"Liga Regular ""OESTE""",CASTILLO DE GORRAIZ VALLE DE EGÜES,6,J. LACUNZA ABECIA,9.93056%,36.4894%,True,1,CACERES PATRIMONIO DE LA HUMANIDAD,True
SEGUNDA FEB,"Liga Regular ""OESTE""",CASTILLO DE GORRAIZ VALLE DE EGÜES,6,J. LACUNZA ABECIA,67.1528%,65.0355%,False,1,CACERES PATRIMONIO DE LA HUMANIDAD,True
SEGUNDA FEB,"Liga Regular ""OESTE""",CASTILLO DE GORRAIZ VALLE DE EGÜES,12,P. YARNOZ LUMBRERAS,74.1667%,79.4326%,False,1,CACERES PATRIMONIO DE LA HUMANIDAD,True
SEGUNDA FEB,"Liga Regular ""OESTE""",CASTILLO DE GORRAIZ VALLE DE EGÜES,12,P. YARNOZ LUMBRERAS,97.2222%,92.961%,True,1,CACERES PATRIMONIO DE LA HUMANIDAD,True
SEGUNDA FEB,"Liga Regular ""OESTE""",CASTILLO DE GORRAIZ VALLE DE EGÜES,4,A. CALVO TORRES,69.7222%,32.3936%,False,1,CACERES PATRIMONIO DE LA HUMANIDAD,True
SEGUNDA FEB,"Liga Regular ""OESTE""",CASTILLO DE GORRAIZ VALLE DE EGÜES,4,A. CALVO TORRES,30.5556%,35.3723%,False,1,CACERES PATRIMONIO DE LA HUMANIDAD,True
SEGUNDA FEB,"Liga Regular ""OESTE""",CASTILLO DE GORRAIZ VALLE DE EGÜES,12,P. YARNOZ LUMBRERAS,85.4861%,45.0532%,False,1,CACERES PATRIMONIO DE LA HUMANIDAD,True
SEGUNDA FEB,"Liga Regular ""OESTE""",CASTILLO DE GORRAIZ VALLE DE EGÜES,4,A. CALVO TORRES,13.2639%,60.8156%,True,1,CACERES PATRIMONIO DE LA HUMANIDAD,True
SEGUNDA FEB,"Liga Regular ""OESTE""",CASTILLO DE GORRAIZ VALLE DE EGÜES,13,P. FERNANDEZ CHOCARRO,94.6528%,45.7979%,True,1,CACERES PATRIMONIO DE LA HUMANIDAD,True
SEGUNDA FEB,"Liga Regular ""OESTE""",CASTILLO DE GORRAIZ VALLE DE EGÜES,12,P. YARNOZ LUMBRERAS,70.3472%,23.8298%,False,1,CACERES PATRIMONIO DE LA HUMANIDAD,True
SEGUNDA FEB,"Liga Regular ""OESTE""",CASTILLO DE GORRAIZ VALLE DE EGÜES,7,A. RUBIERA RAPOSO,72.2917%,24.2021%,False,1,CACERES PATRIMONIO DE LA HUMANIDAD,True
SEGUNDA FEB,"Liga Regular ""OESTE""",CASTILLO DE GORRAIZ VALLE DE EGÜES,2,J. KNOTEK,29.0972%,22.7128%,True,1,CACERES PATRIMONIO DE LA HUMANIDAD,True
SEGUNDA FEB,"Liga Regular ""OESTE""",CASTILLO DE GORRAIZ VALLE DE EGÜES,2,J. KNOTEK,74.1667%,51.6312%,False,1,CACERES PATRIMONIO DE LA HUMANIDAD,True
SEGUNDA FEB,"Liga Regular ""OESTE""",CASTILLO DE GORRAIZ VALLE DE EGÜES,16,J. POTIER,67.1528%,41.7021%,False,1,CACERES PATRIMONIO DE LA HUMANIDAD,True
SEGUNDA FEB,"Liga Regular ""OESTE""",CASTILLO DE GORRAIZ VALLE DE EGÜES,12,P. YARNOZ LUMBRERAS,18.8889%,19.9823%,False,1,CACERES PATRIMONIO DE LA HUMANIDAD,True
SEGUNDA FEB,"Liga Regular ""OESTE""",CASTILLO DE GORRAIZ VALLE DE EGÜES,6,J. LACUNZA ABECIA,7.77778%,49.7695%,True,1,CACERES PATRIMONIO DE LA HUMANIDAD,True
SEGUNDA FEB,"Liga Regular ""OESTE""",CASTILLO DE GORRAIZ VALLE DE EGÜES,2,J. KNOTEK,26.9444%,78.1915%,False,1,CACERES PATRIMONIO DE LA HUMANIDAD,True
SEGUNDA FEB,"Liga Regular ""OESTE""",CASTILLO DE GORRAIZ VALLE DE EGÜES,7,A. RUBIERA RAPOSO,66.875%,39.344%,True,1,CACERES PATRIMONIO DE LA HUMANIDAD,True
SEGUNDA FEB,"Liga Regular ""OESTE""",CASTILLO DE GORRAIZ VALLE DE EGÜES,4,A. CALVO TORRES,92.5%,53.8653%,True,1,CACERES PATRIMONIO DE LA HUMANIDAD,True
SEGUNDA FEB,"Liga Regular ""OESTE""",CASTILLO DE GORRAIZ VALLE DE EGÜES,12,P. YARNOZ LUMBRERAS,5.48611%,54.734%,False,1,CACERES PATRIMONIO DE LA HUMANIDAD,True
SEGUNDA FEB,"Liga Regular ""OESTE""",CASTILLO DE GORRAIZ VALLE DE EGÜES,16,J. POTIER,68.4722%,45.5496%,True,1,CACERES PATRIMONIO DE LA HUMANIDAD,True
SEGUNDA FEB,"Liga Regular ""OESTE""",CASTILLO DE GORRAIZ VALLE DE EGÜES,2,J. KNOTEK,14.375%,35.1241%,False,1,CACERES PATRIMONIO DE LA HUMANIDAD,True
SEGUNDA FEB,"Liga Regular ""OESTE""",CASTILLO DE GORRAIZ VALLE DE EGÜES,2,J. KNOTEK,91.1806%,29.539%,True,1,CACERES PATRIMONIO DE LA HUMANIDAD,True
SEGUNDA FEB,"Liga Regular ""OESTE""",CASTILLO DE GORRAIZ VALLE DE EGÜES,2,J. KNOTEK,78.8889%,88.8653%,False,1,CACERES PATRIMONIO DE LA HUMANIDAD,True
SEGUNDA FEB,"Liga Regular ""OESTE""",CASTILLO DE GORRAIZ VALLE DE EGÜES,4,A. CALVO TORRES,18.8889%,32.2695%,False,1,CACERES PATRIMONIO DE LA HUMANIDAD,True
SEGUNDA FEB,"Liga Regular ""OESTE""",CASTILLO DE GORRAIZ VALLE DE EGÜES,21,J. DJERY,13.4028%,33.3865%,False,1,CACERES PATRIMONIO DE LA HUMANIDAD,True
SEGUNDA FEB,"Liga Regular ""OESTE""",CASTILLO DE GORRAIZ VALLE DE EGÜES,12,P. YARNOZ LUMBRERAS,69.375%,35.9929%,True,1,CACERES PATRIMONIO DE LA HUMANIDAD,True
SEGUNDA FEB,"Liga Regular ""OESTE""",CASTILLO DE GORRAIZ VALLE DE EGÜES,2,J. KNOTEK,82.5%,75.3369%,True,1,CACERES PATRIMONIO DE LA HUMANIDAD,True
SEGUNDA FEB,"Liga Regular ""OESTE""",CASTILLO DE GORRAIZ VALLE DE EGÜES,12,P. YARNOZ LUMBRERAS,10.9028%,59.5745%,False,1,CACERES PATRIMONIO DE LA HUMANIDAD,True
SEGUNDA FEB,"Liga Regular ""OESTE""",CASTILLO DE GORRAIZ VALLE DE EGÜES,7,A. RUBIERA RAPOSO,20.9028%,87.8723%,False,1,CACERES PATRIMONIO DE LA HUMANIDAD,True
SEGUNDA FEB,"Liga Regular ""OESTE""",CASTILLO DE GORRAIZ VALLE DE EGÜES,16,J. POTIER,91.1111%,9.1844%,False,1,CACERES PATRIMONIO DE LA HUMANIDAD,True
SEGUNDA FEB,"Liga Regular ""OESTE""",CASTILLO DE GORRAIZ VALLE DE EGÜES,6,J. LACUNZA ABECIA,94.6528%,58.7057%,True,1,CACERES PATRIMONIO DE LA HUMANIDAD,True
SEGUNDA FEB,"Liga Regular ""OESTE""",CASTILLO DE GORRAIZ VALLE DE EGÜES,4,A. CALVO TORRES,7.01389%,49.273%,False,1,CACERES PATRIMONIO DE LA HUMANIDAD,True
SEGUNDA FEB,"Liga Regular ""OESTE""",CASTILLO DE GORRAIZ VALLE DE EGÜES,7,A. RUBIERA RAPOSO,93.4028%,53.1206%,False,1,CACERES PATRIMONIO DE LA HUMANIDAD,True
SEGUNDA FEB,"Liga Regular ""OESTE""",CASTILLO DE GORRAIZ VALLE DE EGÜES,12,P. YARNOZ LUMBRERAS,9.23611%,6.95035%,False,1,CACERES PATRIMONIO DE LA HUMANIDAD,True
SEGUNDA FEB,"Liga Regular ""OESTE""",CASTILLO DE GORRAIZ VALLE DE EGÜES,16,J. POTIER,27.7778%,73.1028%,False,1,CACERES PATRIMONIO DE LA HUMANIDAD,True
SEGUNDA FEB,"Liga Regular ""OESTE""",CASTILLO DE GORRAIZ VALLE DE EGÜES,2,J. KNOTEK,11.3194%,49.6454%,True,1,CACERES PATRIMONIO DE LA HUMANIDAD,True
SEGUNDA FEB,"Liga Regular ""OESTE""",CACERES PATRIMONIO DE LA HUMANIDAD,21,M. STRIKKER,93.4722%,8.68794%,True,1,CASTILLO DE GORRAIZ VALLE DE EGÜES,False
SEGUNDA FEB,"Liga Regular ""OESTE""",CACERES PATRIMONIO DE LA HUMANIDAD,7,W. LEVEQUE,7.98611%,50.0177%,True,1,CASTILLO DE GORRAIZ VALLE DE EGÜES,False
SEGUNDA FEB,"Liga Regular ""OESTE""",CACERES PATRIMONIO DE LA HUMANIDAD,77,N. MARINA PARRA,92.2222%,48.5284%,True,1,CASTILLO DE GORRAIZ VALLE DE EGÜES,False
SEGUNDA FEB,"Liga Regular ""OESTE""",CACERES PATRIMONIO DE LA HUMANIDAD,13,J. SANTOS RODRÍGUEZ,82.5694%,91.2234%,False,1,CASTILLO DE GORRAIZ VALLE DE EGÜES,False
SEGUNDA FEB,"Liga Regular ""OESTE""",CACERES PATRIMONIO DE LA HUMANIDAD,7,W. LEVEQUE,89.1667%,40.9574%,True,1,CASTILLO DE GORRAIZ VALLE DE EGÜES,False
SEGUNDA FEB,"Liga Regular ""OESTE""",CACERES PATRIMONIO DE LA HUMANIDAD,14,A. MAZAIRA GOMEZ,68.4722%,65.656%,False,1,CASTILLO DE GORRAIZ VALLE DE EGÜES,False
SEGUNDA FEB,"Liga Regular ""OESTE""",CACERES PATRIMONIO DE LA HUMANIDAD,1,A. PALAZUELOS PEREZ,11.0417%,25.8156%,False,1,CASTILLO DE GORRAIZ VALLE DE EGÜES,False
SEGUNDA FEB,"Liga Regular ""OESTE""",CACERES PATRIMONIO DE LA HUMANIDAD,14,A. MAZAIRA GOMEZ,8.33333%,47.9078%,True,1,CASTILLO DE GORRAIZ VALLE DE EGÜES,False
SEGUNDA FEB,"Liga Regular ""OESTE""",CACERES PATRIMONIO DE LA HUMANIDAD,0,P. MENDES LIMA,5.06944%,93.3333%,True,1,CASTILLO DE GORRAIZ VALLE DE EGÜES,False
SEGUNDA FEB,"Liga Regular ""OESTE""",CACERES PATRIMONIO DE LA HUMANIDAD,77,N. MARINA PARRA,85.7639%,45.3014%,True,1,CASTILLO DE GORRAIZ VALLE DE EGÜES,False
SEGUNDA FEB,"Liga Regular ""OESTE""",CACERES PATRIMONIO DE LA HUMANIDAD,14,A. MAZAIRA GOMEZ,89.1667%,50.0177%,True,1,CASTILLO DE GORRAIZ VALLE DE EGÜES,False
SEGUNDA FEB,"Liga Regular ""OESTE""",CACERES PATRIMONIO DE LA HUMANIDAD,7,W. LEVEQUE,11.6667%,45.7979%,True,1,CASTILLO DE GORRAIZ VALLE DE EGÜES,False
SEGUNDA FEB,"Liga Regular ""OESTE""",CACERES PATRIMONIO DE LA HUMANIDAD,14,A. MAZAIRA GOMEZ,5.69444%,43.1915%,False,1,CASTILLO DE GORRAIZ VALLE DE EGÜES,False
SEGUNDA FEB,"Liga Regular ""OESTE""",CACERES PATRIMONIO DE LA HUMANIDAD,24,A. LAFUENTE SISO,13.6806%,40.5851%,True,1,CASTILLO DE GORRAIZ VALLE DE EGÜES,False
SEGUNDA FEB,"Liga Regular ""OESTE""",CACERES PATRIMONIO DE LA HUMANIDAD,7,W. LEVEQUE,7.01389%,42.4468%,True,1,CASTILLO DE GORRAIZ VALLE DE EGÜES,False
SEGUNDA FEB,"Liga Regular ""OESTE""",CACERES PATRIMONIO DE LA HUMANIDAD,11,L. GARCIA PEREZ,7.56944%,49.0248%,True,1,CASTILLO DE GORRAIZ VALLE DE EGÜES,False
SEGUNDA FEB,"Liga Regular ""OESTE""",CACERES PATRIMONIO DE LA HUMANIDAD,7,W. LEVEQUE,8.05556%,49.5213%,False,1,CASTILLO DE GORRAIZ VALLE DE EGÜES,False
SEGUNDA FEB,"Liga Regular ""OESTE""",CACERES PATRIMONIO DE LA HUMANIDAD,21,M. STRIKKER,92.8472%,4.5922%,True,1,CASTILLO DE GORRAIZ VALLE DE EGÜES,False
SEGUNDA FEB,"Liga Regular ""OESTE""",CACERES PATRIMONIO DE LA HUMANIDAD,24,A. LAFUENTE SISO,32.3611%,47.039%,True,1,CASTILLO DE GORRAIZ VALLE DE EGÜES,False
SEGUNDA FEB,"Liga Regular ""OESTE""",CACERES PATRIMONIO DE LA HUMANIDAD,14,A. MAZAIRA GOMEZ,74.4444%,21.2234%,False,1,CASTILLO DE GORRAIZ VALLE DE EGÜES,False
SEGUNDA FEB,"Liga Regular ""OESTE""",CACERES PATRIMONIO DE LA HUMANIDAD,11,L. GARCIA PEREZ,91.4583%,48.9007%,False,1,CASTILLO DE GORRAIZ VALLE DE EGÜES,False
SEGUNDA FEB,"Liga Regular ""OESTE""",CACERES PATRIMONIO DE LA HUMANIDAD,14,A. MAZAIRA GOMEZ,86.1806%,69.6277%,True,1,CASTILLO DE GORRAIZ VALLE DE EGÜES,False
SEGUNDA FEB,"Liga Regular ""OESTE""",CACERES PATRIMONIO DE LA HUMANIDAD,11,L. GARCIA PEREZ,10.625%,45.4255%,False,1,CASTILLO DE GORRAIZ VALLE DE EGÜES,False
SEGUNDA FEB,"Liga Regular ""OESTE""",CACERES PATRIMONIO DE LA HUMANIDAD,14,A. MAZAIRA GOMEZ,21.9444%,84.7695%,False,1,CASTILLO DE GORRAIZ VALLE DE EGÜES,False
SEGUNDA FEB,"Liga Regular ""OESTE""",CACERES PATRIMONIO DE LA HUMANIDAD,24,A. LAFUENTE SISO,11.6667%,64.0426%,False,1,CASTILLO DE GORRAIZ VALLE DE EGÜES,False
SEGUNDA FEB,"Liga Regular ""OESTE""",CACERES PATRIMONIO DE LA HUMANIDAD,1,A. PALAZUELOS PEREZ,72.5694%,21.4716%,True,1,CASTILLO DE GORRAIZ VALLE DE EGÜES,False
SEGUNDA FEB,"Liga Regular ""OESTE""",CACERES PATRIMONIO DE LA HUMANIDAD,14,A. MAZAIRA GOMEZ,23.6806%,84.6454%,True,1,CASTILLO DE GORRAIZ VALLE DE EGÜES,False
SEGUNDA FEB,"Liga Regular ""OESTE""",CACERES PATRIMONIO DE LA HUMANIDAD,7,W. LEVEQUE,93.6806%,54.2376%,True,1,CASTILLO DE GORRAIZ VALLE DE EGÜES,False
SEGUNDA FEB,"Liga Regular ""OESTE""",CACERES PATRIMONIO DE LA HUMANIDAD,21,M. STRIKKER,71.1111%,28.2979%,True,1,CASTILLO DE GORRAIZ VALLE DE EGÜES,False
SEGUNDA FEB,"Liga Regular ""OESTE""",CACERES PATRIMONIO DE LA HUMANIDAD,14,A. MAZAIRA GOMEZ,27.7778%,80.7979%,False,1,CASTILLO DE GORRAIZ VALLE DE EGÜES,False
SEGUNDA FEB,"Liga Regular ""OESTE""",CACERES PATRIMONIO DE LA HUMANIDAD,14,A. MAZAIRA GOMEZ,20.5556%,12.2872%,False,1,CASTILLO DE GORRAIZ VALLE DE EGÜES,False
SEGUNDA FEB,"Liga Regular ""OESTE""",CACERES PATRIMONIO DE LA HUMANIDAD,0,P. MENDES LIMA,8.47222%,46.7908%,True,1,CASTILLO DE GORRAIZ VALLE DE EGÜES,False
SEGUNDA FEB,"Liga Regular ""OESTE""",CACERES PATRIMONIO DE LA HUMANIDAD,14,A. MAZAIRA GOMEZ,21.9444%,35.3723%,False,1,CASTILLO DE GORRAIZ VALLE DE EGÜES,False
SEGUNDA FEB,"Liga Regular ""OESTE""",CACERES PATRIMONIO DE LA HUMANIDAD,21,M. STRIKKER,9.65278%,48.7766%,False,1,CASTILLO DE GORRAIZ VALLE DE EGÜES,False
SEGUNDA FEB,"Liga Regular ""OESTE""",CACERES PATRIMONIO DE LA HUMANIDAD,14,A. MAZAIRA GOMEZ,20.6944%,90.6028%,True,1,CASTILLO DE GORRAIZ VALLE DE EGÜES,False
SEGUNDA FEB,"Liga Regular ""OESTE""",CACERES PATRIMONIO DE LA HUMANIDAD,24,A. LAFUENTE SISO,8.54167%,41.0816%,True,1,CASTILLO DE GORRAIZ VALLE DE EGÜES,False
SEGUNDA FEB,"Liga Regular ""OESTE""",CACERES PATRIMONIO DE LA HUMANIDAD,13,J. SANTOS RODRÍGUEZ,81.3194%,54.4858%,True,1,CASTILLO DE GORRAIZ VALLE DE EGÜES,False
SEGUNDA FEB,"Liga Regular ""OESTE""",CACERES PATRIMONIO DE LA HUMANIDAD,1,A. PALAZUELOS PEREZ,33.1944%,38.2269%,True,1,CASTILLO DE GORRAIZ VALLE DE EGÜES,False
SEGUNDA FEB,"Liga Regular ""OESTE""",CACERES PATRIMONIO DE LA HUMANIDAD,77,N. MARINA PARRA,73.125%,21.3475%,False,1,CASTILLO DE GORRAIZ VALLE DE EGÜES,False
SEGUNDA FEB,"Liga Regular ""OESTE""",CACERES PATRIMONIO DE LA HUMANIDAD,24,A. LAFUENTE SISO,28.8889%,73.9716%,False,1,CASTILLO DE GORRAIZ VALLE DE EGÜES,False
SEGUNDA FEB,"Liga Regular ""OESTE""",CACERES PATRIMONIO DE LA HUMANIDAD,7,W. LEVEQUE,94.5139%,44.4326%,True,1,CASTILLO DE GORRAIZ VALLE DE EGÜES,False
SEGUNDA FEB,"Liga Regular ""OESTE""",CACERES PATRIMONIO DE LA HUMANIDAD,77,N. MARINA PARRA,10.7639%,50.1418%,False,1,CASTILLO DE GORRAIZ VALLE DE EGÜES,False
SEGUNDA FEB,"Liga Regular ""OESTE""",CACERES PATRIMONIO DE LA HUMANIDAD,21,M. STRIKKER,86.5278%,69.1312%,False,1,CASTILLO DE GORRAIZ VALLE DE EGÜES,False
SEGUNDA FEB,"Liga Regular ""OESTE""",CACERES PATRIMONIO DE LA HUMANIDAD,21,M. STRIKKER,5.13889%,91.844%,False,1,CASTILLO DE GORRAIZ VALLE DE EGÜES,False
SEGUNDA FEB,"Liga Regular ""OESTE""",CACERES PATRIMONIO DE LA HUMANIDAD,7,W. LEVEQUE,91.7361%,43.1915%,False,1,CASTILLO DE GORRAIZ VALLE DE EGÜES,False
SEGUNDA FEB,"Liga Regular ""OESTE""",CACERES PATRIMONIO DE LA HUMANIDAD,13,J. SANTOS RODRÍGUEZ,17.4306%,72.6064%,False,1,CASTILLO DE GORRAIZ VALLE DE EGÜES,False
SEGUNDA FEB,"Liga Regular ""OESTE""",CACERES PATRIMONIO DE LA HUMANIDAD,5,D. FOREMAN JR,9.65278%,39.344%,True,1,CASTILLO DE GORRAIZ VALLE DE EGÜES,False
SEGUNDA FEB,"Liga Regular ""OESTE""",CACERES PATRIMONIO DE LA HUMANIDAD,7,W. LEVEQUE,94.2361%,53.3688%,True,1,CASTILLO DE GORRAIZ VALLE DE EGÜES,False
SEGUNDA FEB,"Liga Regular ""OESTE""",CACERES PATRIMONIO DE LA HUMANIDAD,14,A. MAZAIRA GOMEZ,30.9028%,74.0957%,True,1,CASTILLO DE GORRAIZ VALLE DE EGÜES,False
SEGUNDA FEB,"Liga Regular ""OESTE""",CACERES PATRIMONIO DE LA HUMANIDAD,14,A. MAZAIRA GOMEZ,91.3194%,6.70213%,True,1,CASTILLO DE GORRAIZ VALLE DE EGÜES,False
SEGUNDA FEB,"Liga Regular ""OESTE""",CACERES PATRIMONIO DE LA HUMANIDAD,11,L. GARCIA PEREZ,67.9861%,59.6986%,False,1,CASTILLO DE GORRAIZ VALLE DE EGÜES,False
SEGUNDA FEB,"Liga Regular ""OESTE""",CACERES PATRIMONIO DE LA HUMANIDAD,7,W. LEVEQUE,93.6806%,7.07447%,False,1,CASTILLO DE GORRAIZ VALLE DE EGÜES,False
SEGUNDA FEB,"Liga Regular ""OESTE""",CACERES PATRIMONIO DE LA HUMANIDAD,5,D. FOREMAN JR,20.625%,31.4007%,False,1,CASTILLO DE GORRAIZ VALLE DE EGÜES,False
SEGUNDA FEB,"Liga Regular ""OESTE""",CACERES PATRIMONIO DE LA HUMANIDAD,14,A. MAZAIRA GOMEZ,30.2778%,21.2234%,False,1,CASTILLO DE GORRAIZ VALLE DE EGÜES,False
SEGUNDA FEB,"Liga Regular ""OESTE""",CACERES PATRIMONIO DE LA HUMANIDAD,24,A. LAFUENTE SISO,92.0833%,53.8653%,False,1,CASTILLO DE GORRAIZ VALLE DE EGÜES,False
SEGUNDA FEB,"Liga Regular ""OESTE""",CACERES PATRIMONIO DE LA HUMANIDAD,7,W. LEVEQUE,6.94444%,46.4184%,True,1,CASTILLO DE GORRAIZ VALLE DE EGÜES,False
SEGUNDA FEB,"Liga Regular ""OESTE""",CACERES PATRIMONIO DE LA HUMANIDAD,1,A. PALAZUELOS PEREZ,14.7222%,91.9681%,False,1,CASTILLO DE GORRAIZ VALLE DE EGÜES,False
SEGUNDA FEB,"Liga Regular ""OESTE""",CACERES PATRIMONIO DE LA HUMANIDAD,1,A. PALAZUELOS PEREZ,71.1111%,73.8475%,True,1,CASTILLO DE GORRAIZ VALLE DE EGÜES,False
SEGUNDA FEB,"Liga Regular ""OESTE""",CACERES PATRIMONIO DE LA HUMANIDAD,24,A. LAFUENTE SISO,30%,68.7589%,False,1,CASTILLO DE GORRAIZ VALLE DE EGÜES,False
SEGUNDA FEB,"Liga Regular ""OESTE""",CACERES PATRIMONIO DE LA HUMANIDAD,0,P. MENDES LIMA,91.5278%,48.9007%,True,1,CASTILLO DE GORRAIZ VALLE DE EGÜES,False
SEGUNDA FEB,"Liga Regular ""OESTE""",CACERES PATRIMONIO DE LA HUMANIDAD,21,M. STRIKKER,5.41667%,46.6667%,False,1,CASTILLO DE GORRAIZ VALLE DE EGÜES,False
SEGUNDA FEB,"Liga Regular ""OESTE""",CACERES PATRIMONIO DE LA HUMANIDAD,24,A. LAFUENTE SISO,93.8194%,60.0709%,True,1,CASTILLO DE GORRAIZ VALLE DE EGÜES,False
SEGUNDA FEB,"Liga Regular ""OESTE""",CACERES PATRIMONIO DE LA HUMANIDAD,13,J. SANTOS RODRÍGUEZ,69.8611%,69.3794%,True,1,CASTILLO DE GORRAIZ VALLE DE EGÜES,False
SEGUNDA FEB,"Liga Regular ""OESTE""",INSOLAC CAJA 87,16,N. DEDOVIC,10.7898%,52.3062%,False,1,CÍRCULO GIJÓN BALONCESTO,True
SEGUNDA FEB,"Liga Regular ""OESTE""",INSOLAC CAJA 87,1,G. CLARKE,65.9379%,22.0568%,False,1,CÍRCULO GIJÓN BALONCESTO,True
SEGUNDA FEB,"Liga Regular ""OESTE""",INSOLAC CAJA 87,7,M. BILALOVIC,11.9182%,57.0957%,True,1,CÍRCULO GIJÓN BALONCESTO,True
SEGUNDA FEB,"Liga Regular ""OESTE""",INSOLAC CAJA 87,16,N. DEDOVIC,62.0592%,72.0944%,False,1,CÍRCULO GIJÓN BALONCESTO,True
SEGUNDA FEB,"Liga Regular ""OESTE""",INSOLAC CAJA 87,6,R. SANTOS JIMENEZ,86.1072%,39.5763%,True,1,CÍRCULO GIJÓN BALONCESTO,True
SEGUNDA FEB,"Liga Regular ""OESTE""",INSOLAC CAJA 87,1,G. CLARKE,33.921%,71.5902%,False,1,CÍRCULO GIJÓN BALONCESTO,True
SEGUNDA FEB,"Liga Regular ""OESTE""",INSOLAC CAJA 87,7,M. BILALOVIC,9.73202%,48.273%,False,1,CÍRCULO GIJÓN BALONCESTO,True
SEGUNDA FEB,"Liga Regular ""OESTE""",INSOLAC CAJA 87,30,J. FRANCH DE PABLO,12.5529%,60.6248%,False,1,CÍRCULO GIJÓN BALONCESTO,True
SEGUNDA FEB,"Liga Regular ""OESTE""",INSOLAC CAJA 87,0,S. CECILIA PEREZ,11.9182%,57.0957%,False,1,CÍRCULO GIJÓN BALONCESTO,True
SEGUNDA FEB,"Liga Regular ""OESTE""",INSOLAC CAJA 87,0,S. CECILIA PEREZ,13.7518%,55.8353%,True,1,CÍRCULO GIJÓN BALONCESTO,True
SEGUNDA FEB,"Liga Regular ""OESTE""",INSOLAC CAJA 87,1,G. CLARKE,32.7221%,72.8506%,True,1,CÍRCULO GIJÓN BALONCESTO,True
SEGUNDA FEB,"Liga Regular ""OESTE""",INSOLAC CAJA 87,30,J. FRANCH DE PABLO,65.5148%,77.7661%,False,1,CÍRCULO GIJÓN BALONCESTO,True
SEGUNDA FEB,"Liga Regular ""OESTE""",INSOLAC CAJA 87,1,G. CLARKE,13.6107%,55.5832%,True,1,CÍRCULO GIJÓN BALONCESTO,True
SEGUNDA FEB,"Liga Regular ""OESTE""",INSOLAC CAJA 87,32,N. BERTAIN,65.5148%,76.2536%,True,1,CÍRCULO GIJÓN BALONCESTO,True
SEGUNDA FEB,"Liga Regular ""OESTE""",INSOLAC CAJA 87,30,J. FRANCH DE PABLO,35.543%,75.4974%,False,1,CÍRCULO GIJÓN BALONCESTO,True
SEGUNDA FEB,"Liga Regular ""OESTE""",INSOLAC CAJA 87,4,M. JANKOVIC,8.46262%,49.6594%,True,1,CÍRCULO GIJÓN BALONCESTO,True
SEGUNDA FEB,"Liga Regular ""OESTE""",INSOLAC CAJA 87,16,N. DEDOVIC,36.0367%,22.0568%,True,1,CÍRCULO GIJÓN BALONCESTO,True
SEGUNDA FEB,"Liga Regular ""OESTE""",INSOLAC CAJA 87,7,M. BILALOVIC,34.9083%,72.7245%,False,1,CÍRCULO GIJÓN BALONCESTO,True
SEGUNDA FEB,"Liga Regular ""OESTE""",INSOLAC CAJA 87,32,N. BERTAIN,65.2327%,80.539%,True,1,CÍRCULO GIJÓN BALONCESTO,True
SEGUNDA FEB,"Liga Regular ""OESTE""",INSOLAC CAJA 87,1,G. CLARKE,87.024%,33.5264%,True,1,CÍRCULO GIJÓN BALONCESTO,True
SEGUNDA FEB,"Liga Regular ""OESTE""",INSOLAC CAJA 87,17,L. DIBBA,8.81523%,51.1719%,False,1,CÍRCULO GIJÓN BALONCESTO,True
SEGUNDA FEB,"Liga Regular ""OESTE""",INSOLAC CAJA 87,1,G. CLARKE,30.8181%,75.1193%,False,1,CÍRCULO GIJÓN BALONCESTO,True
SEGUNDA FEB,"Liga Regular ""OESTE""",INSOLAC CAJA 87,0,S. CECILIA PEREZ,87.0945%,51.2979%,True,1,CÍRCULO GIJÓN BALONCESTO,True
SEGUNDA FEB,"Liga Regular ""OESTE""",INSOLAC CAJA 87,30,J. FRANCH DE PABLO,11.0014%,51.4239%,False,1,CÍRCULO GIJÓN BALONCESTO,True
SEGUNDA FEB,"Liga Regular ""OESTE""",INSOLAC CAJA 87,32,N. BERTAIN,63.7518%,81.5473%,False,1,CÍRCULO GIJÓN BALONCESTO,True
SEGUNDA FEB,"Liga Regular ""OESTE""",INSOLAC CAJA 87,0,S. CECILIA PEREZ,11.1425%,60.2467%,False,1,CÍRCULO GIJÓN BALONCESTO,True
SEGUNDA FEB,"Liga Regular ""OESTE""",INSOLAC CAJA 87,17,L. DIBBA,85.0494%,57.5999%,True,1,CÍRCULO GIJÓN BALONCESTO,True
SEGUNDA FEB,"Liga Regular ""OESTE""",INSOLAC CAJA 87,17,L. DIBBA,88.0113%,47.3907%,True,1,CÍRCULO GIJÓN BALONCESTO,True
SEGUNDA FEB,"Liga Regular ""OESTE""",INSOLAC CAJA 87,6,R. SANTOS JIMENEZ,66.22%,19.9142%,False,1,CÍRCULO GIJÓN BALONCESTO,True
SEGUNDA FEB,"Liga Regular ""OESTE""",INSOLAC CAJA 87,7,M. BILALOVIC,12.2708%,56.7176%,False,1,CÍRCULO GIJÓN BALONCESTO,True
SEGUNDA FEB,"Liga Regular ""OESTE""",INSOLAC CAJA 87,30,J. FRANCH DE PABLO,11.5656%,68.6913%,False,1,CÍRCULO GIJÓN BALONCESTO,True
SEGUNDA FEB,"Liga Regular ""OESTE""",INSOLAC CAJA 87,0,S. CECILIA PEREZ,64.0338%,76.7578%,False,1,CÍRCULO GIJÓN BALONCESTO,True
SEGUNDA FEB,"Liga Regular ""OESTE""",INSOLAC CAJA 87,30,J. FRANCH DE PABLO,12.6939%,58.8602%,False,1,CÍRCULO GIJÓN BALONCESTO,True
SEGUNDA FEB,"Liga Regular ""OESTE""",INSOLAC CAJA 87,0,S. CECILIA PEREZ,32.4401%,75.7495%,False,1,CÍRCULO GIJÓN BALONCESTO,True
SEGUNDA FEB,"Liga Regular ""OESTE""",INSOLAC CAJA 87,1,G. CLARKE,13.1876%,51.4239%,True,1,CÍRCULO GIJÓN BALONCESTO,True
SEGUNDA FEB,"Liga Regular ""OESTE""",INSOLAC CAJA 87,16,N. DEDOVIC,32.3695%,77.6401%,False,1,CÍRCULO GIJÓN BALONCESTO,True
SEGUNDA FEB,"Liga Regular ""OESTE""",INSOLAC CAJA 87,13,J. CEBOLLA HERRERA,87.7292%,48.6511%,True,1,CÍRCULO GIJÓN BALONCESTO,True
SEGUNDA FEB,"Liga Regular ""OESTE""",INSOLAC CAJA 87,16,N. DEDOVIC,33.78%,78.2703%,True,1,CÍRCULO GIJÓN BALONCESTO,True
SEGUNDA FEB,"Liga Regular ""OESTE""",INSOLAC CAJA 87,16,N. DEDOVIC,66.3611%,78.7744%,True,1,CÍRCULO GIJÓN BALONCESTO,True
SEGUNDA FEB,"Liga Regular ""OESTE""",INSOLAC CAJA 87,30,J. FRANCH DE PABLO,10.2962%,51.1719%,False,1,CÍRCULO GIJÓN BALONCESTO,True
SEGUNDA FEB,"Liga Regular ""OESTE""",INSOLAC CAJA 87,6,R. SANTOS JIMENEZ,84.6968%,49.4073%,True,1,CÍRCULO GIJÓN BALONCESTO,True
SEGUNDA FEB,"Liga Regular ""OESTE""",INSOLAC CAJA 87,7,M. BILALOVIC,32.7221%,75.6234%,False,1,CÍRCULO GIJÓN BALONCESTO,True
SEGUNDA FEB,"Liga Regular ""OESTE""",INSOLAC CAJA 87,17,L. DIBBA,10.6488%,55.9613%,False,1,CÍRCULO GIJÓN BALONCESTO,True
SEGUNDA FEB,"Liga Regular ""OESTE""",INSOLAC CAJA 87,32,N. BERTAIN,64.3865%,70.834%,True,1,CÍRCULO GIJÓN BALONCESTO,True
SEGUNDA FEB,"Liga Regular ""OESTE""",INSOLAC CAJA 87,7,M. BILALOVIC,63.8928%,77.262%,True,1,CÍRCULO GIJÓN BALONCESTO,True
SEGUNDA FEB,"Liga Regular ""OESTE""",INSOLAC CAJA 87,6,R. SANTOS JIMENEZ,9.52045%,53.1885%,True,1,CÍRCULO GIJÓN BALONCESTO,True
SEGUNDA FEB,"Liga Regular ""OESTE""",INSOLAC CAJA 87,18,A. LATORRE SANCHEZ,84.2736%,55.2051%,True,1,CÍRCULO GIJÓN BALONCESTO,True
SEGUNDA FEB,"Liga Regular ""OESTE""",INSOLAC CAJA 87,6,R. SANTOS JIMENEZ,13.0465%,55.5832%,False,1,CÍRCULO GIJÓN BALONCESTO,True
SEGUNDA FEB,"Liga Regular ""OESTE""",INSOLAC CAJA 87,17,L. DIBBA,11.7066%,60.6248%,True,1,CÍRCULO GIJÓN BALONCESTO,True
SEGUNDA FEB,"Liga Regular ""OESTE""",INSOLAC CAJA 87,0,S. CECILIA PEREZ,87.6587%,55.3312%,False,1,CÍRCULO GIJÓN BALONCESTO,True
SEGUNDA FEB,"Liga Regular ""OESTE""",INSOLAC CAJA 87,16,N. DEDOVIC,11.5656%,52.1802%,True,1,CÍRCULO GIJÓN BALONCESTO,True
SEGUNDA FEB,"Liga Regular ""OESTE""",INSOLAC CAJA 87,13,J. CEBOLLA HERRERA,65.2327%,20.9225%,False,1,CÍRCULO GIJÓN BALONCESTO,True
SEGUNDA FEB,"Liga Regular ""OESTE""",INSOLAC CAJA 87,16,N. DEDOVIC,34.6968%,74.6151%,False,1,CÍRCULO GIJÓN BALONCESTO,True
SEGUNDA FEB,"Liga Regular ""OESTE""",INSOLAC CAJA 87,30,J. FRANCH DE PABLO,64.6685%,79.0265%,False,1,CÍRCULO GIJÓN BALONCESTO,True
SEGUNDA FEB,"Liga Regular ""OESTE""",INSOLAC CAJA 87,32,N. BERTAIN,11.0014%,60.2467%,True,1,CÍRCULO GIJÓN BALONCESTO,True
SEGUNDA FEB,"Liga Regular ""OESTE""",INSOLAC CAJA 87,17,L. DIBBA,12.3413%,62.1373%,False,1,CÍRCULO GIJÓN BALONCESTO,True
SEGUNDA FEB,"Liga Regular ""OESTE""",INSOLAC CAJA 87,1,G. CLARKE,10.0846%,45.3741%,False,1,CÍRCULO GIJÓN BALONCESTO,True
SEGUNDA FEB,"Liga Regular ""OESTE""",INSOLAC CAJA 87,17,L. DIBBA,85.8251%,55.3312%,True,1,CÍRCULO GIJÓN BALONCESTO,True
SEGUNDA FEB,"Liga Regular ""OESTE""",INSOLAC CAJA 87,17,L. DIBBA,13.3286%,56.9697%,True,1,CÍRCULO GIJÓN BALONCESTO,True
SEGUNDA FEB,"Liga Regular ""OESTE""",INSOLAC CAJA 87,4,M. JANKOVIC,13.3992%,51.0458%,False,1,CÍRCULO GIJÓN BALONCESTO,True
SEGUNDA FEB,"Liga Regular ""OESTE""",INSOLAC CAJA 87,30,J. FRANCH DE PABLO,10.6488%,55.9613%,False,1,CÍRCULO GIJÓN BALONCESTO,True
SEGUNDA FEB,"Liga Regular ""OESTE""",INSOLAC CAJA 87,0,S. CECILIA PEREZ,14.8801%,55.8353%,False,1,CÍRCULO GIJÓN BALONCESTO,True
SEGUNDA FEB,"Liga Regular ""OESTE""",INSOLAC CAJA 87,4,M. JANKOVIC,86.8124%,49.6594%,False,1,CÍRCULO GIJÓN BALONCESTO,True
SEGUNDA FEB,"Liga Regular ""OESTE""",INSOLAC CAJA 87,30,J. FRANCH DE PABLO,32.7927%,76.1276%,False,1,CÍRCULO GIJÓN BALONCESTO,True
SEGUNDA FEB,"Liga Regular ""OESTE""",INSOLAC CAJA 87,1,G. CLARKE,63.8928%,75.1193%,False,1,CÍRCULO GIJÓN BALONCESTO,True
SEGUNDA FEB,"Liga Regular ""OESTE""",INSOLAC CAJA 87,32,N. BERTAIN,62.3413%,67.4309%,False,1,CÍRCULO GIJÓN BALONCESTO,True
SEGUNDA FEB,"Liga Regular ""OESTE""",INSOLAC CAJA 87,1,G. CLARKE,11.1425%,56.5915%,False,1,CÍRCULO GIJÓN BALONCESTO,True
SEGUNDA FEB,"Liga Regular ""OESTE""",INSOLAC CAJA 87,4,M. JANKOVIC,90.409%,43.9876%,True,1,CÍRCULO GIJÓN BALONCESTO,True
SEGUNDA FEB,"Liga Regular ""OESTE""",INSOLAC CAJA 87,13,J. CEBOLLA HERRERA,87.0945%,48.0209%,False,1,CÍRCULO GIJÓN BALONCESTO,True
SEGUNDA FEB,"Liga Regular ""OESTE""",INSOLAC CAJA 87,4,M. JANKOVIC,87.0945%,48.0209%,True,1,CÍRCULO GIJÓN BALONCESTO,True
SEGUNDA FEB,"Liga Regular ""OESTE""",INSOLAC CAJA 87,1,G. CLARKE,33.6389%,78.7744%,False,1,CÍRCULO GIJÓN BALONCESTO,True
SEGUNDA FEB,"Liga Regular ""OESTE""",INSOLAC CAJA 87,32,N. BERTAIN,33.8505%,75.7495%,False,1,CÍRCULO GIJÓN BALONCESTO,True
SEGUNDA FEB,"Liga Regular ""OESTE""",INSOLAC CAJA 87,1,G. CLARKE,86.4598%,49.5334%,True,1,CÍRCULO GIJÓN BALONCESTO,True
SEGUNDA FEB,"Liga Regular ""OESTE""",INSOLAC CAJA 87,4,M. JANKOVIC,86.4598%,59.7425%,False,1,CÍRCULO GIJÓN BALONCESTO,True
SEGUNDA FEB,"Liga Regular ""OESTE""",INSOLAC CAJA 87,30,J. FRANCH DE PABLO,86.7419%,56.7176%,False,1,CÍRCULO GIJÓN BALONCESTO,True
SEGUNDA FEB,"Liga Regular ""OESTE""",CÍRCULO GIJÓN BALONCESTO,7,G. ARCOS GONZALEZ,85.6135%,62.5154%,False,1,INSOLAC CAJA 87,False
SEGUNDA FEB,"Liga Regular ""OESTE""",CÍRCULO GIJÓN BALONCESTO,7,G. ARCOS GONZALEZ,63.1876%,66.4226%,False,1,INSOLAC CAJA 87,False
SEGUNDA FEB,"Liga Regular ""OESTE""",CÍRCULO GIJÓN BALONCESTO,21,J. MENENDEZ GARCIA,87.165%,61.6331%,False,1,INSOLAC CAJA 87,False
SEGUNDA FEB,"Liga Regular ""OESTE""",CÍRCULO GIJÓN BALONCESTO,3,T. PIERRE PHILIPPE,30.7475%,77.8921%,False,1,INSOLAC CAJA 87,False
SEGUNDA FEB,"Liga Regular ""OESTE""",CÍRCULO GIJÓN BALONCESTO,7,G. ARCOS GONZALEZ,85.3315%,54.0708%,True,1,INSOLAC CAJA 87,False
SEGUNDA FEB,"Liga Regular ""OESTE""",CÍRCULO GIJÓN BALONCESTO,21,J. MENENDEZ GARCIA,11.0719%,53.8187%,True,1,INSOLAC CAJA 87,False
SEGUNDA FEB,"Liga Regular ""OESTE""",CÍRCULO GIJÓN BALONCESTO,21,J. MENENDEZ GARCIA,64.2454%,76.8838%,True,1,INSOLAC CAJA 87,False
SEGUNDA FEB,"Liga Regular ""OESTE""",CÍRCULO GIJÓN BALONCESTO,3,T. PIERRE PHILIPPE,65.0212%,79.6567%,False,1,INSOLAC CAJA 87,False
SEGUNDA FEB,"Liga Regular ""OESTE""",CÍRCULO GIJÓN BALONCESTO,7,G. ARCOS GONZALEZ,11.1425%,65.2882%,True,1,INSOLAC CAJA 87,False
SEGUNDA FEB,"Liga Regular ""OESTE""",CÍRCULO GIJÓN BALONCESTO,21,J. MENENDEZ GARCIA,12.1298%,48.6511%,True,1,INSOLAC CAJA 87,False
SEGUNDA FEB,"Liga Regular ""OESTE""",CÍRCULO GIJÓN BALONCESTO,3,T. PIERRE PHILIPPE,33.921%,77.6401%,True,1,INSOLAC CAJA 87,False
SEGUNDA FEB,"Liga Regular ""OESTE""",CÍRCULO GIJÓN BALONCESTO,3,T. PIERRE PHILIPPE,88.0113%,54.827%,True,1,INSOLAC CAJA 87,False
SEGUNDA FEB,"Liga Regular ""OESTE""",CÍRCULO GIJÓN BALONCESTO,1,J. REILLY,87.5882%,54.5749%,False,1,INSOLAC CAJA 87,False
SEGUNDA FEB,"Liga Regular ""OESTE""",CÍRCULO GIJÓN BALONCESTO,5,S. FRANCO GARCIA,30.6065%,15.8809%,False,1,INSOLAC CAJA 87,False
SEGUNDA FEB,"Liga Regular ""OESTE""",CÍRCULO GIJÓN BALONCESTO,1,J. REILLY,35.2609%,21.8048%,False,1,INSOLAC CAJA 87,False
SEGUNDA FEB,"Liga Regular ""OESTE""",CÍRCULO GIJÓN BALONCESTO,1,J. REILLY,30.6065%,77.0099%,True,1,INSOLAC CAJA 87,False
SEGUNDA FEB,"Liga Regular ""OESTE""",CÍRCULO GIJÓN BALONCESTO,23,J. LUIS,34.2736%,22.687%,False,1,INSOLAC CAJA 87,False
SEGUNDA FEB,"Liga Regular ""OESTE""",CÍRCULO GIJÓN BALONCESTO,7,G. ARCOS GONZALEZ,62.1298%,71.2121%,True,1,INSOLAC CAJA 87,False
SEGUNDA FEB,"Liga Regular ""OESTE""",CÍRCULO GIJÓN BALONCESTO,3,T. PIERRE PHILIPPE,85.8251%,53.0624%,True,1,INSOLAC CAJA 87,False
SEGUNDA FEB,"Liga Regular ""OESTE""",CÍRCULO GIJÓN BALONCESTO,23,J. LUIS,88.0113%,52.3062%,False,1,INSOLAC CAJA 87,False
SEGUNDA FEB,"Liga Regular ""OESTE""",CÍRCULO GIJÓN BALONCESTO,0,D. RAMÍREZ SÁNCHEZ,65.5148%,79.7827%,False,1,INSOLAC CAJA 87,False
SEGUNDA FEB,"Liga Regular ""OESTE""",CÍRCULO GIJÓN BALONCESTO,1,J. REILLY,84.6968%,51.2979%,True,1,INSOLAC CAJA 87,False
SEGUNDA FEB,"Liga Regular ""OESTE""",CÍRCULO GIJÓN BALONCESTO,5,S. FRANCO GARCIA,31.6643%,18.9059%,False,1,INSOLAC CAJA 87,False
SEGUNDA FEB,"Liga Regular ""OESTE""",CÍRCULO GIJÓN BALONCESTO,21,J. MENENDEZ GARCIA,10.2257%,70.5819%,False,1,INSOLAC CAJA 87,False
SEGUNDA FEB,"Liga Regular ""OESTE""",CÍRCULO GIJÓN BALONCESTO,23,J. LUIS,13.1171%,55.8353%,False,1,INSOLAC CAJA 87,False
SEGUNDA FEB,"Liga Regular ""OESTE""",CÍRCULO GIJÓN BALONCESTO,1,J. REILLY,33.0042%,82.4296%,False,1,INSOLAC CAJA 87,False
SEGUNDA FEB,"Liga Regular ""OESTE""",CÍRCULO GIJÓN BALONCESTO,3,T. PIERRE PHILIPPE,32.4401%,18.0236%,False,1,INSOLAC CAJA 87,False
SEGUNDA FEB,"Liga Regular ""OESTE""",CÍRCULO GIJÓN BALONCESTO,1,J. REILLY,66.5021%,16.007%,True,1,INSOLAC CAJA 87,False
SEGUNDA FEB,"Liga Regular ""OESTE""",CÍRCULO GIJÓN BALONCESTO,3,T. PIERRE PHILIPPE,16.5726%,27.2244%,True,1,INSOLAC CAJA 87,False
SEGUNDA FEB,"Liga Regular ""OESTE""",CÍRCULO GIJÓN BALONCESTO,21,J. MENENDEZ GARCIA,13.0465%,46.5084%,True,1,INSOLAC CAJA 87,False
SEGUNDA FEB,"Liga Regular ""OESTE""",CÍRCULO GIJÓN BALONCESTO,7,G. ARCOS GONZALEZ,85.3315%,47.2647%,False,1,INSOLAC CAJA 87,False
SEGUNDA FEB,"Liga Regular ""OESTE""",CÍRCULO GIJÓN BALONCESTO,3,T. PIERRE PHILIPPE,12.2708%,56.4655%,False,1,INSOLAC CAJA 87,False
SEGUNDA FEB,"Liga Regular ""OESTE""",CÍRCULO GIJÓN BALONCESTO,1,J. REILLY,86.4598%,51.676%,True,1,INSOLAC CAJA 87,False
SEGUNDA FEB,"Liga Regular ""OESTE""",CÍRCULO GIJÓN BALONCESTO,21,J. MENENDEZ GARCIA,85.8251%,56.8436%,True,1,INSOLAC CAJA 87,False
SEGUNDA FEB,"Liga Regular ""OESTE""",CÍRCULO GIJÓN BALONCESTO,23,J. LUIS,30.9591%,80.0348%,True,1,INSOLAC CAJA 87,False
SEGUNDA FEB,"Liga Regular ""OESTE""",CÍRCULO GIJÓN BALONCESTO,7,G. ARCOS GONZALEZ,88.1523%,56.2134%,False,1,INSOLAC CAJA 87,False
SEGUNDA FEB,"Liga Regular ""OESTE""",CÍRCULO GIJÓN BALONCESTO,1,J. REILLY,85.6841%,53.9447%,True,1,INSOLAC CAJA 87,False
SEGUNDA FEB,"Liga Regular ""OESTE""",CÍRCULO GIJÓN BALONCESTO,23,J. LUIS,10.2257%,70.5819%,True,1,INSOLAC CAJA 87,False
SEGUNDA FEB,"Liga Regular ""OESTE""",CÍRCULO GIJÓN BALONCESTO,1,J. REILLY,11.0014%,48.1469%,True,1,INSOLAC CAJA 87,False
SEGUNDA FEB,"Liga Regular ""OESTE""",CÍRCULO GIJÓN BALONCESTO,23,J. LUIS,85.8956%,54.1968%,False,1,INSOLAC CAJA 87,False
SEGUNDA FEB,"Liga Regular ""OESTE""",CÍRCULO GIJÓN BALONCESTO,7,G. ARCOS GONZALEZ,89.9859%,55.9613%,False,1,INSOLAC CAJA 87,False
SEGUNDA FEB,"Liga Regular ""OESTE""",CÍRCULO GIJÓN BALONCESTO,68,A. DIAZ FERREIRA,86.3893%,53.0624%,False,1,INSOLAC CAJA 87,False
SEGUNDA FEB,"Liga Regular ""OESTE""",CÍRCULO GIJÓN BALONCESTO,21,J. MENENDEZ GARCIA,12.2003%,69.4475%,True,1,INSOLAC CAJA 87,False
SEGUNDA FEB,"Liga Regular ""OESTE""",CÍRCULO GIJÓN BALONCESTO,3,T. PIERRE PHILIPPE,11.213%,61.129%,False,1,INSOLAC CAJA 87,False
SEGUNDA FEB,"Liga Regular ""OESTE""",CÍRCULO GIJÓN BALONCESTO,7,G. ARCOS GONZALEZ,64.9506%,79.0265%,False,1,INSOLAC CAJA 87,False
SEGUNDA FEB,"Liga Regular ""OESTE""",CÍRCULO GIJÓN BALONCESTO,1,J. REILLY,12.6234%,54.0708%,False,1,INSOLAC CAJA 87,False
SEGUNDA FEB,"Liga Regular ""OESTE""",CÍRCULO GIJÓN BALONCESTO,1,J. REILLY,88.646%,53.1885%,False,1,INSOLAC CAJA 87,False
SEGUNDA FEB,"Liga Regular ""OESTE""",CÍRCULO GIJÓN BALONCESTO,12,M. OKAFOR AUGUSTIN,31.9464%,78.7744%,False,1,INSOLAC CAJA 87,False
SEGUNDA FEB,"Liga Regular ""OESTE""",CÍRCULO GIJÓN BALONCESTO,5,S. FRANCO GARCIA,64.1749%,76.1276%,False,1,INSOLAC CAJA 87,False
SEGUNDA FEB,"Liga Regular ""OESTE""",CÍRCULO GIJÓN BALONCESTO,7,G. ARCOS GONZALEZ,87.5882%,57.4738%,True,1,INSOLAC CAJA 87,False
SEGUNDA FEB,"Liga Regular ""OESTE""",CÍRCULO GIJÓN BALONCESTO,1,J. REILLY,64.2454%,76.8838%,False,1,INSOLAC CAJA 87,False
SEGUNDA FEB,"Liga Regular ""OESTE""",CÍRCULO GIJÓN BALONCESTO,3,T. PIERRE PHILIPPE,16.0085%,33.7785%,True,1,INSOLAC CAJA 87,False
SEGUNDA FEB,"Liga Regular ""OESTE""",CÍRCULO GIJÓN BALONCESTO,23,J. LUIS,88.2934%,63.7758%,False,1,INSOLAC CAJA 87,False
SEGUNDA FEB,"Liga Regular ""OESTE""",CÍRCULO GIJÓN BALONCESTO,12,M. OKAFOR AUGUSTIN,63.8928%,79.9088%,False,1,INSOLAC CAJA 87,False
SEGUNDA FEB,"Liga Regular ""OESTE""",CÍRCULO GIJÓN BALONCESTO,7,G. ARCOS GONZALEZ,63.4697%,74.8672%,False,1,INSOLAC CAJA 87,False
SEGUNDA FEB,"Liga Regular ""OESTE""",JAEN PARAÍSO INTERIOR CB,14,A. LOPES MARQUES,88.5755%,59.4904%,False,1,C.B. STARLABS MORÓN,True
SEGUNDA FEB,"Liga Regular ""OESTE""",JAEN PARAÍSO INTERIOR CB,22,J. MORENO POZA,92.2426%,50.0375%,True,1,C.B. STARLABS MORÓN,True
SEGUNDA FEB,"Liga Regular ""OESTE""",JAEN PARAÍSO INTERIOR CB,9,G. BOAHEN,8.88575%,47.5167%,True,1,C.B. STARLABS MORÓN,True
SEGUNDA FEB,"Liga Regular ""OESTE""",JAEN PARAÍSO INTERIOR CB,9,G. BOAHEN,66.0085%,50.1636%,False,1,C.B. STARLABS MORÓN,True
SEGUNDA FEB,"Liga Regular ""OESTE""",JAEN PARAÍSO INTERIOR CB,13,J. SANTA BARBARA CARCELEN,67.1368%,80.4129%,True,1,C.B. STARLABS MORÓN,True
SEGUNDA FEB,"Liga Regular ""OESTE""",JAEN PARAÍSO INTERIOR CB,1,K. FELIZOR,66.4316%,24.9557%,True,1,C.B. STARLABS MORÓN,True
SEGUNDA FEB,"Liga Regular ""OESTE""",JAEN PARAÍSO INTERIOR CB,9,G. BOAHEN,37.6587%,44.9959%,False,1,C.B. STARLABS MORÓN,True
SEGUNDA FEB,"Liga Regular ""OESTE""",JAEN PARAÍSO INTERIOR CB,1,K. FELIZOR,62.3413%,27.2244%,False,1,C.B. STARLABS MORÓN,True
SEGUNDA FEB,"Liga Regular ""OESTE""",JAEN PARAÍSO INTERIOR CB,9,G. BOAHEN,23.9774%,32.0139%,False,1,C.B. STARLABS MORÓN,True
SEGUNDA FEB,"Liga Regular ""OESTE""",JAEN PARAÍSO INTERIOR CB,9,G. BOAHEN,7.47532%,49.6594%,True,1,C.B. STARLABS MORÓN,True
SEGUNDA FEB,"Liga Regular ""OESTE""",JAEN PARAÍSO INTERIOR CB,15,J. MARTINEZ MEGIAS,88.2934%,50.4156%,True,1,C.B. STARLABS MORÓN,True
SEGUNDA FEB,"Liga Regular ""OESTE""",JAEN PARAÍSO INTERIOR CB,5,A. CAÑETE PUENTENUEVA,86.6009%,50.1636%,False,1,C.B. STARLABS MORÓN,True
SEGUNDA FEB,"Liga Regular ""OESTE""",JAEN PARAÍSO INTERIOR CB,9,G. BOAHEN,68.8999%,19.6621%,True,1,C.B. STARLABS MORÓN,True
SEGUNDA FEB,"Liga Regular ""OESTE""",JAEN PARAÍSO INTERIOR CB,10,L. RODRIGUEZ DOMINGUEZ,36.3893%,26.3422%,False,1,C.B. STARLABS MORÓN,True
SEGUNDA FEB,"Liga Regular ""OESTE""",JAEN PARAÍSO INTERIOR CB,2,F. LOPEZ JIMENEZ,8.60367%,53.8187%,True,1,C.B. STARLABS MORÓN,True
SEGUNDA FEB,"Liga Regular ""OESTE""",JAEN PARAÍSO INTERIOR CB,9,G. BOAHEN,69.464%,17.7715%,False,1,C.B. STARLABS MORÓN,True
SEGUNDA FEB,"Liga Regular ""OESTE""",JAEN PARAÍSO INTERIOR CB,14,A. LOPES MARQUES,92.7363%,47.1386%,True,1,C.B. STARLABS MORÓN,True
SEGUNDA FEB,"Liga Regular ""OESTE""",JAEN PARAÍSO INTERIOR CB,13,J. SANTA BARBARA CARCELEN,36.2482%,54.701%,False,1,C.B. STARLABS MORÓN,True
SEGUNDA FEB,"Liga Regular ""OESTE""",JAEN PARAÍSO INTERIOR CB,1,K. FELIZOR,14.598%,19.284%,True,1,C.B. STARLABS MORÓN,True
SEGUNDA FEB,"Liga Regular ""OESTE""",JAEN PARAÍSO INTERIOR CB,13,J. SANTA BARBARA CARCELEN,84.9788%,75.7495%,True,1,C.B. STARLABS MORÓN,True
SEGUNDA FEB,"Liga Regular ""OESTE""",JAEN PARAÍSO INTERIOR CB,16,I. CASAS GARRIDO,24.4006%,89.9919%,True,1,C.B. STARLABS MORÓN,True
SEGUNDA FEB,"Liga Regular ""OESTE""",JAEN PARAÍSO INTERIOR CB,13,J. SANTA BARBARA CARCELEN,33.7094%,66.5486%,False,1,C.B. STARLABS MORÓN,True
SEGUNDA FEB,"Liga Regular ""OESTE""",JAEN PARAÍSO INTERIOR CB,13,J. SANTA BARBARA CARCELEN,91.1142%,47.5167%,True,1,C.B. STARLABS MORÓN,True
SEGUNDA FEB,"Liga Regular ""OESTE""",JAEN PARAÍSO INTERIOR CB,14,A. LOPES MARQUES,83.9915%,58.8602%,False,1,C.B. STARLABS MORÓN,True
SEGUNDA FEB,"Liga Regular ""OESTE""",JAEN PARAÍSO INTERIOR CB,13,J. SANTA BARBARA CARCELEN,76.5162%,52.8104%,False,1,C.B. STARLABS MORÓN,True
SEGUNDA FEB,"Liga Regular ""OESTE""",JAEN PARAÍSO INTERIOR CB,14,A. LOPES MARQUES,9.73202%,51.1719%,True,1,C.B. STARLABS MORÓN,True
SEGUNDA FEB,"Liga Regular ""OESTE""",JAEN PARAÍSO INTERIOR CB,13,J. SANTA BARBARA CARCELEN,32.7927%,81.0431%,False,1,C.B. STARLABS MORÓN,True
SEGUNDA FEB,"Liga Regular ""OESTE""",JAEN PARAÍSO INTERIOR CB,14,A. LOPES MARQUES,7.47532%,48.9032%,True,1,C.B. STARLABS MORÓN,True
SEGUNDA FEB,"Liga Regular ""OESTE""",JAEN PARAÍSO INTERIOR CB,15,J. MARTINEZ MEGIAS,88.5755%,49.2813%,True,1,C.B. STARLABS MORÓN,True
SEGUNDA FEB,"Liga Regular ""OESTE""",JAEN PARAÍSO INTERIOR CB,9,G. BOAHEN,9.6615%,46.1303%,False,1,C.B. STARLABS MORÓN,True
SEGUNDA FEB,"Liga Regular ""OESTE""",JAEN PARAÍSO INTERIOR CB,1,K. FELIZOR,35.543%,29.3671%,False,1,C.B. STARLABS MORÓN,True
SEGUNDA FEB,"Liga Regular ""OESTE""",JAEN PARAÍSO INTERIOR CB,13,J. SANTA BARBARA CARCELEN,10.6488%,50.0375%,False,1,C.B. STARLABS MORÓN,True
SEGUNDA FEB,"Liga Regular ""OESTE""",JAEN PARAÍSO INTERIOR CB,10,L. RODRIGUEZ DOMINGUEZ,9.09732%,49.0292%,False,1,C.B. STARLABS MORÓN,True
SEGUNDA FEB,"Liga Regular ""OESTE""",JAEN PARAÍSO INTERIOR CB,9,G. BOAHEN,91.3258%,50.6677%,False,1,C.B. STARLABS MORÓN,True
SEGUNDA FEB,"Liga Regular ""OESTE""",JAEN PARAÍSO INTERIOR CB,16,I. CASAS GARRIDO,64.8096%,22.561%,True,1,C.B. STARLABS MORÓN,True
SEGUNDA FEB,"Liga Regular ""OESTE""",JAEN PARAÍSO INTERIOR CB,9,G. BOAHEN,37.0945%,53.1885%,False,1,C.B. STARLABS MORÓN,True
SEGUNDA FEB,"Liga Regular ""OESTE""",JAEN PARAÍSO INTERIOR CB,10,L. RODRIGUEZ DOMINGUEZ,66.8547%,78.3963%,False,1,C.B. STARLABS MORÓN,True
SEGUNDA FEB,"Liga Regular ""OESTE""",JAEN PARAÍSO INTERIOR CB,1,K. FELIZOR,82.4401%,77.6401%,False,1,C.B. STARLABS MORÓN,True
SEGUNDA FEB,"Liga Regular ""OESTE""",JAEN PARAÍSO INTERIOR CB,16,I. CASAS GARRIDO,66.8547%,26.0901%,False,1,C.B. STARLABS MORÓN,True
SEGUNDA FEB,"Liga Regular ""OESTE""",JAEN PARAÍSO INTERIOR CB,2,F. LOPEZ JIMENEZ,37.9408%,57.4738%,False,1,C.B. STARLABS MORÓN,True
SEGUNDA FEB,"Liga Regular ""OESTE""",JAEN PARAÍSO INTERIOR CB,13,J. SANTA BARBARA CARCELEN,9.30889%,49.9115%,True,1,C.B. STARLABS MORÓN,True
SEGUNDA FEB,"Liga Regular ""OESTE""",JAEN PARAÍSO INTERIOR CB,5,A. CAÑETE PUENTENUEVA,63.7518%,82.9337%,False,1,C.B. STARLABS MORÓN,True
SEGUNDA FEB,"Liga Regular ""OESTE""",JAEN PARAÍSO INTERIOR CB,14,A. LOPES MARQUES,63.8223%,32.7702%,False,1,C.B. STARLABS MORÓN,True
SEGUNDA FEB,"Liga Regular ""OESTE""",JAEN PARAÍSO INTERIOR CB,1,K. FELIZOR,8.3921%,48.0209%,True,1,C.B. STARLABS MORÓN,True
SEGUNDA FEB,"Liga Regular ""OESTE""",JAEN PARAÍSO INTERIOR CB,22,J. MORENO POZA,91.2553%,48.399%,True,1,C.B. STARLABS MORÓN,True
SEGUNDA FEB,"Liga Regular ""OESTE""",JAEN PARAÍSO INTERIOR CB,16,I. CASAS GARRIDO,33.4979%,22.561%,False,1,C.B. STARLABS MORÓN,True
SEGUNDA FEB,"Liga Regular ""OESTE""",JAEN PARAÍSO INTERIOR CB,1,K. FELIZOR,35.4725%,33.2743%,True,1,C.B. STARLABS MORÓN,True
SEGUNDA FEB,"Liga Regular ""OESTE""",JAEN PARAÍSO INTERIOR CB,1,K. FELIZOR,11.1425%,49.2813%,False,1,C.B. STARLABS MORÓN,True
SEGUNDA FEB,"Liga Regular ""OESTE""",JAEN PARAÍSO INTERIOR CB,9,G. BOAHEN,89.1396%,55.0791%,False,1,C.B. STARLABS MORÓN,True
SEGUNDA FEB,"Liga Regular ""OESTE""",JAEN PARAÍSO INTERIOR CB,2,F. LOPEZ JIMENEZ,69.5346%,14.6205%,False,1,C.B. STARLABS MORÓN,True
SEGUNDA FEB,"Liga Regular ""OESTE""",JAEN PARAÍSO INTERIOR CB,1,K. FELIZOR,86.3893%,53.1885%,False,1,C.B. STARLABS MORÓN,True
SEGUNDA FEB,"Liga Regular ""OESTE""",JAEN PARAÍSO INTERIOR CB,9,G. BOAHEN,30.677%,84.9503%,False,1,C.B. STARLABS MORÓN,True
SEGUNDA FEB,"Liga Regular ""OESTE""",JAEN PARAÍSO INTERIOR CB,13,J. SANTA BARBARA CARCELEN,64.8096%,26.4682%,False,1,C.B. STARLABS MORÓN,True
SEGUNDA FEB,"Liga Regular ""OESTE""",JAEN PARAÍSO INTERIOR CB,10,L. RODRIGUEZ DOMINGUEZ,65.5853%,78.7744%,False,1,C.B. STARLABS MORÓN,True
SEGUNDA FEB,"Liga Regular ""OESTE""",JAEN PARAÍSO INTERIOR CB,1,K. FELIZOR,12.976%,22.0568%,False,1,C.B. STARLABS MORÓN,True
SEGUNDA FEB,"Liga Regular ""OESTE""",JAEN PARAÍSO INTERIOR CB,9,G. BOAHEN,13.6812%,51.55%,False,1,C.B. STARLABS MORÓN,True
SEGUNDA FEB,"Liga Regular ""OESTE""",JAEN PARAÍSO INTERIOR CB,5,A. CAÑETE PUENTENUEVA,87.4471%,48.9032%,False,1,C.B. STARLABS MORÓN,True
SEGUNDA FEB,"Liga Regular ""OESTE""",JAEN PARAÍSO INTERIOR CB,1,K. FELIZOR,10.5783%,51.8021%,False,1,C.B. STARLABS MORÓN,True
SEGUNDA FEB,"Liga Regular ""OESTE""",JAEN PARAÍSO INTERIOR CB,13,J. SANTA BARBARA CARCELEN,91.89%,47.2647%,True,1,C.B. STARLABS MORÓN,True
SEGUNDA FEB,"Liga Regular ""OESTE""",JAEN PARAÍSO INTERIOR CB,2,F. LOPEZ JIMENEZ,28.1382%,12.2258%,False,1,C.B. STARLABS MORÓN,True
SEGUNDA FEB,"Liga Regular ""OESTE""",JAEN PARAÍSO INTERIOR CB,16,I. CASAS GARRIDO,70.3103%,17.1413%,True,1,C.B. STARLABS MORÓN,True
SEGUNDA FEB,"Liga Regular ""OESTE""",JAEN PARAÍSO INTERIOR CB,13,J. SANTA BARBARA CARCELEN,64.457%,81.6733%,False,1,C.B. STARLABS MORÓN,True
SEGUNDA FEB,"Liga Regular ""OESTE""",JAEN PARAÍSO INTERIOR CB,9,G. BOAHEN,66.5021%,86.2107%,False,1,C.B. STARLABS MORÓN,True
SEGUNDA FEB,"Liga Regular ""OESTE""",JAEN PARAÍSO INTERIOR CB,9,G. BOAHEN,10.5078%,49.5334%,False,1,C.B. STARLABS MORÓN,True
SEGUNDA FEB,"Liga Regular ""OESTE""",C.B. STARLABS MORÓN,7,J. JIMÉNEZ GONZÁLEZ,67.701%,82.5556%,True,1,JAEN PARAÍSO INTERIOR CB,False
SEGUNDA FEB,"Liga Regular ""OESTE""",C.B. STARLABS MORÓN,23,S. CHABI YO,90.3385%,46.7605%,True,1,JAEN PARAÍSO INTERIOR CB,False
SEGUNDA FEB,"Liga Regular ""OESTE""",C.B. STARLABS MORÓN,27,A. BURGOS CABALLERO,88.5049%,50.6677%,True,1,JAEN PARAÍSO INTERIOR CB,False
SEGUNDA FEB,"Liga Regular ""OESTE""",C.B. STARLABS MORÓN,7,J. JIMÉNEZ GONZÁLEZ,87.2355%,53.3145%,False,1,JAEN PARAÍSO INTERIOR CB,False
SEGUNDA FEB,"Liga Regular ""OESTE""",C.B. STARLABS MORÓN,27,A. BURGOS CABALLERO,11.4245%,50.6677%,False,1,JAEN PARAÍSO INTERIOR CB,False
SEGUNDA FEB,"Liga Regular ""OESTE""",C.B. STARLABS MORÓN,23,S. CHABI YO,35.543%,57.3478%,False,1,JAEN PARAÍSO INTERIOR CB,False
SEGUNDA FEB,"Liga Regular ""OESTE""",C.B. STARLABS MORÓN,8,G. FERNANDEZ DIAZ,8.53315%,48.7771%,True,1,JAEN PARAÍSO INTERIOR CB,False
SEGUNDA FEB,"Liga Regular ""OESTE""",C.B. STARLABS MORÓN,0,Z. WILLIAMS,28.2087%,83.3118%,False,1,JAEN PARAÍSO INTERIOR CB,False
SEGUNDA FEB,"Liga Regular ""OESTE""",C.B. STARLABS MORÓN,0,Z. WILLIAMS,8.25106%,48.7771%,True,1,JAEN PARAÍSO INTERIOR CB,False
SEGUNDA FEB,"Liga Regular ""OESTE""",C.B. STARLABS MORÓN,23,S. CHABI YO,63.5402%,59.4904%,True,1,JAEN PARAÍSO INTERIOR CB,False
SEGUNDA FEB,"Liga Regular ""OESTE""",C.B. STARLABS MORÓN,23,S. CHABI YO,91.1848%,49.5334%,True,1,JAEN PARAÍSO INTERIOR CB,False
SEGUNDA FEB,"Liga Regular ""OESTE""",C.B. STARLABS MORÓN,85,S. CORREIA,90.1269%,49.1552%,True,1,JAEN PARAÍSO INTERIOR CB,False
SEGUNDA FEB,"Liga Regular ""OESTE""",C.B. STARLABS MORÓN,0,Z. WILLIAMS,61.4245%,66.8007%,False,1,JAEN PARAÍSO INTERIOR CB,False
SEGUNDA FEB,"Liga Regular ""OESTE""",C.B. STARLABS MORÓN,27,A. BURGOS CABALLERO,90.0564%,46.6345%,True,1,JAEN PARAÍSO INTERIOR CB,False
SEGUNDA FEB,"Liga Regular ""OESTE""",C.B. STARLABS MORÓN,10,A. HERRERA DOMINGUEZ,63.3286%,33.4004%,False,1,JAEN PARAÍSO INTERIOR CB,False
SEGUNDA FEB,"Liga Regular ""OESTE""",C.B. STARLABS MORÓN,85,S. CORREIA,10.0846%,51.4239%,False,1,JAEN PARAÍSO INTERIOR CB,False
SEGUNDA FEB,"Liga Regular ""OESTE""",C.B. STARLABS MORÓN,27,A. BURGOS CABALLERO,88.646%,47.3907%,True,1,JAEN PARAÍSO INTERIOR CB,False
SEGUNDA FEB,"Liga Regular ""OESTE""",C.B. STARLABS MORÓN,0,Z. WILLIAMS,90.0564%,50.7937%,True,1,JAEN PARAÍSO INTERIOR CB,False
SEGUNDA FEB,"Liga Regular ""OESTE""",C.B. STARLABS MORÓN,27,A. BURGOS CABALLERO,8.3921%,49.7854%,True,1,JAEN PARAÍSO INTERIOR CB,False
SEGUNDA FEB,"Liga Regular ""OESTE""",C.B. STARLABS MORÓN,7,J. JIMÉNEZ GONZÁLEZ,67.1368%,80.665%,False,1,JAEN PARAÍSO INTERIOR CB,False
SEGUNDA FEB,"Liga Regular ""OESTE""",C.B. STARLABS MORÓN,27,A. BURGOS CABALLERO,72.2849%,11.2175%,False,1,JAEN PARAÍSO INTERIOR CB,False
SEGUNDA FEB,"Liga Regular ""OESTE""",C.B. STARLABS MORÓN,45,V. ORLOV STURMAN MAURIN,88.4344%,50.4156%,True,1,JAEN PARAÍSO INTERIOR CB,False
SEGUNDA FEB,"Liga Regular ""OESTE""",C.B. STARLABS MORÓN,23,S. CHABI YO,76.3047%,10.2092%,False,1,JAEN PARAÍSO INTERIOR CB,False
SEGUNDA FEB,"Liga Regular ""OESTE""",C.B. STARLABS MORÓN,10,A. HERRERA DOMINGUEZ,91.2553%,51.4239%,True,1,JAEN PARAÍSO INTERIOR CB,False
SEGUNDA FEB,"Liga Regular ""OESTE""",C.B. STARLABS MORÓN,7,J. JIMÉNEZ GONZÁLEZ,88.9281%,45.248%,True,1,JAEN PARAÍSO INTERIOR CB,False
SEGUNDA FEB,"Liga Regular ""OESTE""",C.B. STARLABS MORÓN,0,Z. WILLIAMS,32.299%,78.5223%,False,1,JAEN PARAÍSO INTERIOR CB,False
SEGUNDA FEB,"Liga Regular ""OESTE""",C.B. STARLABS MORÓN,45,V. ORLOV STURMAN MAURIN,11.213%,51.55%,False,1,JAEN PARAÍSO INTERIOR CB,False
SEGUNDA FEB,"Liga Regular ""OESTE""",C.B. STARLABS MORÓN,23,S. CHABI YO,9.44993%,46.7605%,False,1,JAEN PARAÍSO INTERIOR CB,False
SEGUNDA FEB,"Liga Regular ""OESTE""",C.B. STARLABS MORÓN,0,Z. WILLIAMS,31.6643%,87.5972%,False,1,JAEN PARAÍSO INTERIOR CB,False
SEGUNDA FEB,"Liga Regular ""OESTE""",C.B. STARLABS MORÓN,27,A. BURGOS CABALLERO,92.2426%,46.7605%,True,1,JAEN PARAÍSO INTERIOR CB,False
SEGUNDA FEB,"Liga Regular ""OESTE""",C.B. STARLABS MORÓN,8,G. FERNANDEZ DIAZ,17.0663%,41.7189%,False,1,JAEN PARAÍSO INTERIOR CB,False
SEGUNDA FEB,"Liga Regular ""OESTE""",C.B. STARLABS MORÓN,0,Z. WILLIAMS,11.9887%,50.0375%,False,1,JAEN PARAÍSO INTERIOR CB,False
SEGUNDA FEB,"Liga Regular ""OESTE""",C.B. STARLABS MORÓN,13,A. MARIN ORTEGA,87.5882%,51.1719%,False,1,JAEN PARAÍSO INTERIOR CB,False
SEGUNDA FEB,"Liga Regular ""OESTE""",C.B. STARLABS MORÓN,8,G. FERNANDEZ DIAZ,91.3258%,49.7854%,False,1,JAEN PARAÍSO INTERIOR CB,False
SEGUNDA FEB,"Liga Regular ""OESTE""",C.B. STARLABS MORÓN,45,V. ORLOV STURMAN MAURIN,11.213%,51.55%,False,1,JAEN PARAÍSO INTERIOR CB,False
SEGUNDA FEB,"Liga Regular ""OESTE""",C.B. STARLABS MORÓN,8,G. FERNANDEZ DIAZ,9.16784%,79.9088%,False,1,JAEN PARAÍSO INTERIOR CB,False
SEGUNDA FEB,"Liga Regular ""OESTE""",C.B. STARLABS MORÓN,27,A. BURGOS CABALLERO,90.7616%,74.4891%,False,1,JAEN PARAÍSO INTERIOR CB,False
SEGUNDA FEB,"Liga Regular ""OESTE""",C.B. STARLABS MORÓN,27,A. BURGOS CABALLERO,14.3159%,49.1552%,False,1,JAEN PARAÍSO INTERIOR CB,False
SEGUNDA FEB,"Liga Regular ""OESTE""",C.B. STARLABS MORÓN,0,Z. WILLIAMS,5.78279%,48.273%,True,1,JAEN PARAÍSO INTERIOR CB,False
SEGUNDA FEB,"Liga Regular ""OESTE""",C.B. STARLABS MORÓN,8,G. FERNANDEZ DIAZ,11.213%,51.55%,True,1,JAEN PARAÍSO INTERIOR CB,False
SEGUNDA FEB,"Liga Regular ""OESTE""",C.B. STARLABS MORÓN,45,V. ORLOV STURMAN MAURIN,8.53315%,49.5334%,True,1,JAEN PARAÍSO INTERIOR CB,False
SEGUNDA FEB,"Liga Regular ""OESTE""",C.B. STARLABS MORÓN,8,G. FERNANDEZ DIAZ,9.73202%,52.5583%,True,1,JAEN PARAÍSO INTERIOR CB,False
SEGUNDA FEB,"Liga Regular ""OESTE""",C.B. STARLABS MORÓN,23,S. CHABI YO,90.0564%,49.2813%,True,1,JAEN PARAÍSO INTERIOR CB,False
SEGUNDA FEB,"Liga Regular ""OESTE""",C.B. STARLABS MORÓN,8,G. FERNANDEZ DIAZ,37.165%,30.5015%,False,1,JAEN PARAÍSO INTERIOR CB,False
SEGUNDA FEB,"Liga Regular ""OESTE""",C.B. STARLABS MORÓN,27,A. BURGOS CABALLERO,8.3921%,49.4073%,True,1,JAEN PARAÍSO INTERIOR CB,False
SEGUNDA FEB,"Liga Regular ""OESTE""",C.B. STARLABS MORÓN,0,Z. WILLIAMS,9.73202%,48.273%,True,1,JAEN PARAÍSO INTERIOR CB,False
SEGUNDA FEB,"Liga Regular ""OESTE""",C.B. STARLABS MORÓN,7,J. JIMÉNEZ GONZÁLEZ,35.4725%,35.7951%,True,1,JAEN PARAÍSO INTERIOR CB,False
SEGUNDA FEB,"Liga Regular ""OESTE""",C.B. STARLABS MORÓN,45,V. ORLOV STURMAN MAURIN,8.74471%,48.525%,True,1,JAEN PARAÍSO INTERIOR CB,False
SEGUNDA FEB,"Liga Regular ""OESTE""",C.B. STARLABS MORÓN,45,V. ORLOV STURMAN MAURIN,8.60367%,50.5417%,True,1,JAEN PARAÍSO INTERIOR CB,False
SEGUNDA FEB,"Liga Regular ""OESTE""",C.B. STARLABS MORÓN,0,Z. WILLIAMS,12.3413%,43.7356%,False,1,JAEN PARAÍSO INTERIOR CB,False
SEGUNDA FEB,"Liga Regular ""OESTE""",C.B. STARLABS MORÓN,0,Z. WILLIAMS,10.0846%,47.1386%,True,1,JAEN PARAÍSO INTERIOR CB,False
SEGUNDA FEB,"Liga Regular ""OESTE""",C.B. STARLABS MORÓN,13,A. MARIN ORTEGA,37.0945%,72.4725%,False,1,JAEN PARAÍSO INTERIOR CB,False
SEGUNDA FEB,"Liga Regular ""OESTE""",C.B. STARLABS MORÓN,8,G. FERNANDEZ DIAZ,12.1298%,46.1303%,False,1,JAEN PARAÍSO INTERIOR CB,False
SEGUNDA FEB,"Liga Regular ""OESTE""",C.B. STARLABS MORÓN,13,A. MARIN ORTEGA,59.2384%,51.676%,False,1,JAEN PARAÍSO INTERIOR CB,False
SEGUNDA FEB,"Liga Regular ""OESTE""",C.B. STARLABS MORÓN,0,Z. WILLIAMS,59.3794%,54.827%,False,1,JAEN PARAÍSO INTERIOR CB,False
SEGUNDA FEB,"Liga Regular ""OESTE""",C.B. STARLABS MORÓN,7,J. JIMÉNEZ GONZÁLEZ,31.5233%,75.4974%,True,1,JAEN PARAÍSO INTERIOR CB,False
SEGUNDA FEB,"Liga Regular ""OESTE""",C.B. STARLABS MORÓN,13,A. MARIN ORTEGA,89.5628%,51.2979%,False,1,JAEN PARAÍSO INTERIOR CB,False
SEGUNDA FEB,"Liga Regular ""OESTE""",C.B. STARLABS MORÓN,13,A. MARIN ORTEGA,87.8702%,51.1719%,False,1,JAEN PARAÍSO INTERIOR CB,False
SEGUNDA FEB,"Liga Regular ""OESTE""",C.B. STARLABS MORÓN,7,J. JIMÉNEZ GONZÁLEZ,67.3484%,16.259%,False,1,JAEN PARAÍSO INTERIOR CB,False
SEGUNDA FEB,"Liga Regular ""OESTE""",C.B. STARLABS MORÓN,23,S. CHABI YO,64.1749%,18.1496%,False,1,JAEN PARAÍSO INTERIOR CB,False
SEGUNDA FEB,"Liga Regular ""OESTE""",C.B. STARLABS MORÓN,27,A. BURGOS CABALLERO,25.3879%,12.982%,False,1,JAEN PARAÍSO INTERIOR CB,False
SEGUNDA FEB,"Liga Regular ""OESTE""",C.B. STARLABS MORÓN,7,J. JIMÉNEZ GONZÁLEZ,35.543%,75.7495%,False,1,JAEN PARAÍSO INTERIOR CB,False
SEGUNDA FEB,"Liga Regular ""OESTE""",C.B. STARLABS MORÓN,45,V. ORLOV STURMAN MAURIN,8.11001%,48.273%,True,1,JAEN PARAÍSO INTERIOR CB,False
SEGUNDA FEB,"Liga Regular ""OESTE""",C.B. STARLABS MORÓN,23,S. CHABI YO,76.5162%,34.0306%,True,1,JAEN PARAÍSO INTERIOR CB,False
SEGUNDA FEB,"Liga Regular ""OESTE""",C.B. STARLABS MORÓN,8,G. FERNANDEZ DIAZ,68.2652%,18.4017%,False,1,JAEN PARAÍSO INTERIOR CB,False
SEGUNDA FEB,"Liga Regular ""OESTE""",C.B. STARLABS MORÓN,23,S. CHABI YO,34.8378%,15.5028%,False,1,JAEN PARAÍSO INTERIOR CB,False
SEGUNDA FEB,"Liga Regular ""OESTE""",C.B. STARLABS MORÓN,10,A. HERRERA DOMINGUEZ,92.031%,47.2647%,True,1,JAEN PARAÍSO INTERIOR CB,False
SEGUNDA FEB,"Liga Regular ""OESTE""",C.B. STARLABS MORÓN,10,A. HERRERA DOMINGUEZ,33.5684%,19.9142%,True,1,JAEN PARAÍSO INTERIOR CB,False
SEGUNDA FEB,"Liga Regular ""OESTE""",C.B. STARLABS MORÓN,23,S. CHABI YO,12.976%,70.834%,False,1,JAEN PARAÍSO INTERIOR CB,False
SEGUNDA FEB,"Liga Regular ""OESTE""",C.B. STARLABS MORÓN,13,A. MARIN ORTEGA,8.25106%,52.5583%,False,1,JAEN PARAÍSO INTERIOR CB,False
SEGUNDA FEB,"Liga Regular ""OESTE""",C.B. STARLABS MORÓN,23,S. CHABI YO,26.9394%,86.8409%,False,1,JAEN PARAÍSO INTERIOR CB,False
SEGUNDA FEB,"Liga Regular ""OESTE""",C.B. STARLABS MORÓN,13,A. MARIN ORTEGA,31.5233%,15.6288%,False,1,JAEN PARAÍSO INTERIOR CB,False
SEGUNDA FEB,"Liga Regular ""OESTE""",C.B. STARLABS MORÓN,0,Z. WILLIAMS,10.0846%,51.0458%,True,1,JAEN PARAÍSO INTERIOR CB,False
SEGUNDA FEB,"Liga Regular ""OESTE""",C.B. STARLABS MORÓN,13,A. MARIN ORTEGA,59.4499%,64.9101%,False,1,JAEN PARAÍSO INTERIOR CB,False
SEGUNDA FEB,"Liga Regular ""OESTE""",BIELE ISB,34,M. SAKHO,64.8096%,41.4669%,False,1,LOGROBASKET LOGI7,True
SEGUNDA FEB,"Liga Regular ""OESTE""",BIELE ISB,25,J. JERMAIN,27.574%,56.4655%,False,1,LOGROBASKET LOGI7,True
SEGUNDA FEB,"Liga Regular ""OESTE""",BIELE ISB,10,O. ARDANZA BERNAOLA,74.1185%,82.0514%,True,1,LOGROBASKET LOGI7,True
SEGUNDA FEB,"Liga Regular ""OESTE""",BIELE ISB,8,A. MONCANUT MORE,6.55853%,47.5167%,True,1,LOGROBASKET LOGI7,True
SEGUNDA FEB,"Liga Regular ""OESTE""",BIELE ISB,10,O. ARDANZA BERNAOLA,67.5599%,24.5776%,False,1,LOGROBASKET LOGI7,True
SEGUNDA FEB,"Liga Regular ""OESTE""",BIELE ISB,25,J. JERMAIN,59.4499%,43.4835%,False,1,LOGROBASKET LOGI7,True
SEGUNDA FEB,"Liga Regular ""OESTE""",BIELE ISB,25,J. JERMAIN,8.81523%,47.1386%,False,1,LOGROBASKET LOGI7,True
SEGUNDA FEB,"Liga Regular ""OESTE""",BIELE ISB,30,I. MIRANDA GARCIA,19.464%,22.8131%,False,1,LOGROBASKET LOGI7,True
SEGUNDA FEB,"Liga Regular ""OESTE""",BIELE ISB,25,J. JERMAIN,17.701%,28.989%,True,1,LOGROBASKET LOGI7,True
SEGUNDA FEB,"Liga Regular ""OESTE""",BIELE ISB,8,A. MONCANUT MORE,87.7997%,52.5583%,True,1,LOGROBASKET LOGI7,True
SEGUNDA FEB,"Liga Regular ""OESTE""",BIELE ISB,25,J. JERMAIN,89.1396%,52.6843%,False,1,LOGROBASKET LOGI7,True
SEGUNDA FEB,"Liga Regular ""OESTE""",BIELE ISB,25,J. JERMAIN,66.6432%,45.122%,False,1,LOGROBASKET LOGI7,True
SEGUNDA FEB,"Liga Regular ""OESTE""",BIELE ISB,8,A. MONCANUT MORE,66.7842%,30.1233%,False,1,LOGROBASKET LOGI7,True
SEGUNDA FEB,"Liga Regular ""OESTE""",BIELE ISB,13,M. OLAIZOLA GARIN,28.2793%,80.9171%,True,1,LOGROBASKET LOGI7,True
SEGUNDA FEB,"Liga Regular ""OESTE""",BIELE ISB,8,A. MONCANUT MORE,35.0494%,40.8367%,False,1,LOGROBASKET LOGI7,True
SEGUNDA FEB,"Liga Regular ""OESTE""",BIELE ISB,25,J. JERMAIN,34.3441%,26.8463%,False,1,LOGROBASKET LOGI7,True
SEGUNDA FEB,"Liga Regular ""OESTE""",BIELE ISB,13,M. OLAIZOLA GARIN,77.2214%,50.9198%,True,1,LOGROBASKET LOGI7,True
SEGUNDA FEB,"Liga Regular ""OESTE""",BIELE ISB,8,A. MONCANUT MORE,6.20592%,51.4239%,False,1,LOGROBASKET LOGI7,True
SEGUNDA FEB,"Liga Regular ""OESTE""",BIELE ISB,13,M. OLAIZOLA GARIN,31.8054%,31.7618%,False,1,LOGROBASKET LOGI7,True
SEGUNDA FEB,"Liga Regular ""OESTE""",BIELE ISB,10,O. ARDANZA BERNAOLA,35.2609%,49.5334%,True,1,LOGROBASKET LOGI7,True
SEGUNDA FEB,"Liga Regular ""OESTE""",BIELE ISB,10,O. ARDANZA BERNAOLA,33.3568%,73.4808%,False,1,LOGROBASKET LOGI7,True
SEGUNDA FEB,"Liga Regular ""OESTE""",BIELE ISB,42,A. ACHA CORTABARRIA,68.6883%,73.3547%,True,1,LOGROBASKET LOGI7,True
SEGUNDA FEB,"Liga Regular ""OESTE""",BIELE ISB,15,M. NIANG NDONGO,88.5755%,55.2051%,False,1,LOGROBASKET LOGI7,True
SEGUNDA FEB,"Liga Regular ""OESTE""",BIELE ISB,10,O. ARDANZA BERNAOLA,71.9323%,15.5028%,False,1,LOGROBASKET LOGI7,True
SEGUNDA FEB,"Liga Regular ""OESTE""",BIELE ISB,15,M. NIANG NDONGO,72.2849%,15.3768%,False,1,LOGROBASKET LOGI7,True
SEGUNDA FEB,"Liga Regular ""OESTE""",BIELE ISB,15,M. NIANG NDONGO,34.4852%,49.1552%,False,1,LOGROBASKET LOGI7,True
SEGUNDA FEB,"Liga Regular ""OESTE""",BIELE ISB,8,A. MONCANUT MORE,11.0719%,72.4725%,False,1,LOGROBASKET LOGI7,True
SEGUNDA FEB,"Liga Regular ""OESTE""",BIELE ISB,10,O. ARDANZA BERNAOLA,31.3822%,76.8838%,True,1,LOGROBASKET LOGI7,True
SEGUNDA FEB,"Liga Regular ""OESTE""",BIELE ISB,15,M. NIANG NDONGO,11.4245%,53.5666%,False,1,LOGROBASKET LOGI7,True
SEGUNDA FEB,"Liga Regular ""OESTE""",BIELE ISB,25,J. JERMAIN,68.8293%,66.8007%,True,1,LOGROBASKET LOGI7,True
SEGUNDA FEB,"Liga Regular ""OESTE""",BIELE ISB,34,M. SAKHO,92.031%,54.0708%,True,1,LOGROBASKET LOGI7,True
SEGUNDA FEB,"Liga Regular ""OESTE""",BIELE ISB,8,A. MONCANUT MORE,32.4401%,74.9932%,False,1,LOGROBASKET LOGI7,True
SEGUNDA FEB,"Liga Regular ""OESTE""",BIELE ISB,8,A. MONCANUT MORE,7.82793%,52.5583%,True,1,LOGROBASKET LOGI7,True
SEGUNDA FEB,"Liga Regular ""OESTE""",BIELE ISB,25,J. JERMAIN,63.3286%,71.9683%,False,1,LOGROBASKET LOGI7,True
SEGUNDA FEB,"Liga Regular ""OESTE""",BIELE ISB,15,M. NIANG NDONGO,90.409%,41.2148%,True,1,LOGROBASKET LOGI7,True
SEGUNDA FEB,"Liga Regular ""OESTE""",BIELE ISB,8,A. MONCANUT MORE,34.9788%,67.3049%,False,1,LOGROBASKET LOGI7,True
SEGUNDA FEB,"Liga Regular ""OESTE""",BIELE ISB,10,O. ARDANZA BERNAOLA,32.3695%,20.2923%,False,1,LOGROBASKET LOGI7,True
SEGUNDA FEB,"Liga Regular ""OESTE""",BIELE ISB,25,J. JERMAIN,31.6643%,67.3049%,True,1,LOGROBASKET LOGI7,True
SEGUNDA FEB,"Liga Regular ""OESTE""",BIELE ISB,25,J. JERMAIN,12.3413%,50.7937%,False,1,LOGROBASKET LOGI7,True
SEGUNDA FEB,"Liga Regular ""OESTE""",BIELE ISB,15,M. NIANG NDONGO,69.8166%,73.3547%,True,1,LOGROBASKET LOGI7,True
SEGUNDA FEB,"Liga Regular ""OESTE""",BIELE ISB,13,M. OLAIZOLA GARIN,73.9774%,10.4612%,True,1,LOGROBASKET LOGI7,True
SEGUNDA FEB,"Liga Regular ""OESTE""",BIELE ISB,25,J. JERMAIN,25.2468%,41.7189%,True,1,LOGROBASKET LOGI7,True
SEGUNDA FEB,"Liga Regular ""OESTE""",BIELE ISB,10,O. ARDANZA BERNAOLA,93.9351%,48.273%,True,1,LOGROBASKET LOGI7,True
SEGUNDA FEB,"Liga Regular ""OESTE""",BIELE ISB,15,M. NIANG NDONGO,21.086%,47.8948%,True,1,LOGROBASKET LOGI7,True
SEGUNDA FEB,"Liga Regular ""OESTE""",BIELE ISB,10,O. ARDANZA BERNAOLA,12.0592%,45.5001%,False,1,LOGROBASKET LOGI7,True
SEGUNDA FEB,"Liga Regular ""OESTE""",BIELE ISB,14,T. SAGNA,7.19323%,51.8021%,True,1,LOGROBASKET LOGI7,True
SEGUNDA FEB,"Liga Regular ""OESTE""",BIELE ISB,10,O. ARDANZA BERNAOLA,26.7278%,78.5223%,True,1,LOGROBASKET LOGI7,True
SEGUNDA FEB,"Liga Regular ""OESTE""",BIELE ISB,25,J. JERMAIN,74.6121%,15.2507%,True,1,LOGROBASKET LOGI7,True
SEGUNDA FEB,"Liga Regular ""OESTE""",BIELE ISB,10,O. ARDANZA BERNAOLA,68.2652%,73.2287%,False,1,LOGROBASKET LOGI7,True
SEGUNDA FEB,"Liga Regular ""OESTE""",BIELE ISB,8,A. MONCANUT MORE,68.1241%,25.4599%,False,1,LOGROBASKET LOGI7,True
SEGUNDA FEB,"Liga Regular ""OESTE""",BIELE ISB,13,M. OLAIZOLA GARIN,92.8068%,48.0209%,True,1,LOGROBASKET LOGI7,True
SEGUNDA FEB,"Liga Regular ""OESTE""",BIELE ISB,15,M. NIANG NDONGO,87.2355%,57.2217%,False,1,LOGROBASKET LOGI7,True
SEGUNDA FEB,"Liga Regular ""OESTE""",BIELE ISB,15,M. NIANG NDONGO,74.2595%,87.9753%,False,1,LOGROBASKET LOGI7,True
SEGUNDA FEB,"Liga Regular ""OESTE""",BIELE ISB,14,T. SAGNA,8.88575%,50.9198%,False,1,LOGROBASKET LOGI7,True
SEGUNDA FEB,"Liga Regular ""OESTE""",BIELE ISB,10,O. ARDANZA BERNAOLA,89.0691%,50.0375%,False,1,LOGROBASKET LOGI7,True
SEGUNDA FEB,"Liga Regular ""OESTE""",BIELE ISB,10,O. ARDANZA BERNAOLA,7.61636%,49.5334%,True,1,LOGROBASKET LOGI7,True
SEGUNDA FEB,"Liga Regular ""OESTE""",BIELE ISB,25,J. JERMAIN,33.0748%,24.0735%,False,1,LOGROBASKET LOGI7,True
SEGUNDA FEB,"Liga Regular ""OESTE""",BIELE ISB,7,I. AIZPITARTE ARANZA,72.6375%,20.5444%,False,1,LOGROBASKET LOGI7,True
SEGUNDA FEB,"Liga Regular ""OESTE""",BIELE ISB,8,A. MONCANUT MORE,87.7997%,52.5583%,False,1,LOGROBASKET LOGI7,True
SEGUNDA FEB,"Liga Regular ""OESTE""",BIELE ISB,30,I. MIRANDA GARCIA,26.4457%,10.2092%,False,1,LOGROBASKET LOGI7,True
SEGUNDA FEB,"Liga Regular ""OESTE""",BIELE ISB,14,T. SAGNA,12.0592%,45.5001%,False,1,LOGROBASKET LOGI7,True
SEGUNDA FEB,"Liga Regular ""OESTE""",LOGROBASKET LOGI7,7,B. AREVALO SAENZ,83.0748%,77.6401%,False,1,BIELE ISB,False
SEGUNDA FEB,"Liga Regular ""OESTE""",LOGROBASKET LOGI7,2,A. RODRIGUEZ MONTON,28.0677%,17.3934%,False,1,BIELE ISB,False
SEGUNDA FEB,"Liga Regular ""OESTE""",LOGROBASKET LOGI7,17,A. BIRD-JELINEK,32.7927%,63.3977%,True,1,BIELE ISB,False
SEGUNDA FEB,"Liga Regular ""OESTE""",LOGROBASKET LOGI7,6,M. VÁZQUEZ GIL,69.5346%,71.086%,False,1,BIELE ISB,False
SEGUNDA FEB,"Liga Regular ""OESTE""",LOGROBASKET LOGI7,55,P. SALL,93.3709%,50.0375%,True,1,BIELE ISB,False
SEGUNDA FEB,"Liga Regular ""OESTE""",LOGROBASKET LOGI7,5,L. OBAJO BELTRAN,87.7997%,48.399%,True,1,BIELE ISB,False
SEGUNDA FEB,"Liga Regular ""OESTE""",LOGROBASKET LOGI7,17,A. BIRD-JELINEK,70.3103%,72.2204%,False,1,BIELE ISB,False
SEGUNDA FEB,"Liga Regular ""OESTE""",LOGROBASKET LOGI7,55,P. SALL,88.2229%,47.5167%,False,1,BIELE ISB,False
SEGUNDA FEB,"Liga Regular ""OESTE""",LOGROBASKET LOGI7,6,M. VÁZQUEZ GIL,7.75741%,48.9032%,False,1,BIELE ISB,False
SEGUNDA FEB,"Liga Regular ""OESTE""",LOGROBASKET LOGI7,5,L. OBAJO BELTRAN,93.7236%,48.9032%,True,1,BIELE ISB,False
SEGUNDA FEB,"Liga Regular ""OESTE""",LOGROBASKET LOGI7,10,A. INFANTE GUTIERREZ,70.5924%,75.6234%,False,1,BIELE ISB,False
SEGUNDA FEB,"Liga Regular ""OESTE""",LOGROBASKET LOGI7,7,B. AREVALO SAENZ,92.1721%,48.399%,False,1,BIELE ISB,False
SEGUNDA FEB,"Liga Regular ""OESTE""",LOGROBASKET LOGI7,23,A. PLITZUWEIT,92.5247%,55.4572%,True,1,BIELE ISB,False
SEGUNDA FEB,"Liga Regular ""OESTE""",LOGROBASKET LOGI7,77,I. MONTERO MECA,74.1185%,86.2107%,False,1,BIELE ISB,False
SEGUNDA FEB,"Liga Regular ""OESTE""",LOGROBASKET LOGI7,77,I. MONTERO MECA,69.9577%,73.6068%,True,1,BIELE ISB,False
SEGUNDA FEB,"Liga Regular ""OESTE""",LOGROBASKET LOGI7,6,M. VÁZQUEZ GIL,14.6685%,2.8989%,False,1,BIELE ISB,False
SEGUNDA FEB,"Liga Regular ""OESTE""",LOGROBASKET LOGI7,5,L. OBAJO BELTRAN,90.0564%,53.9447%,False,1,BIELE ISB,False
SEGUNDA FEB,"Liga Regular ""OESTE""",LOGROBASKET LOGI7,77,I. MONTERO MECA,91.2553%,55.2051%,True,1,BIELE ISB,False
SEGUNDA FEB,"Liga Regular ""OESTE""",LOGROBASKET LOGI7,7,B. AREVALO SAENZ,93.0889%,49.7854%,False,1,BIELE ISB,False
SEGUNDA FEB,"Liga Regular ""OESTE""",LOGROBASKET LOGI7,6,M. VÁZQUEZ GIL,89.9154%,50.1636%,True,1,BIELE ISB,False
SEGUNDA FEB,"Liga Regular ""OESTE""",LOGROBASKET LOGI7,55,P. SALL,90.7616%,54.5749%,True,1,BIELE ISB,False
SEGUNDA FEB,"Liga Regular ""OESTE""",LOGROBASKET LOGI7,55,P. SALL,87.5882%,57.7259%,False,1,BIELE ISB,False
SEGUNDA FEB,"Liga Regular ""OESTE""",LOGROBASKET LOGI7,10,A. INFANTE GUTIERREZ,68.1946%,75.7495%,False,1,BIELE ISB,False
SEGUNDA FEB,"Liga Regular ""OESTE""",LOGROBASKET LOGI7,55,P. SALL,9.16784%,52.1802%,False,1,BIELE ISB,False
SEGUNDA FEB,"Liga Regular ""OESTE""",LOGROBASKET LOGI7,17,A. BIRD-JELINEK,11.1425%,49.9115%,True,1,BIELE ISB,False
SEGUNDA FEB,"Liga Regular ""OESTE""",LOGROBASKET LOGI7,55,P. SALL,8.74471%,53.3145%,True,1,BIELE ISB,False
SEGUNDA FEB,"Liga Regular ""OESTE""",LOGROBASKET LOGI7,10,A. INFANTE GUTIERREZ,70.4513%,18.0236%,True,1,BIELE ISB,False
SEGUNDA FEB,"Liga Regular ""OESTE""",LOGROBASKET LOGI7,77,I. MONTERO MECA,92.5952%,50.4156%,True,1,BIELE ISB,False
SEGUNDA FEB,"Liga Regular ""OESTE""",LOGROBASKET LOGI7,77,I. MONTERO MECA,7.54584%,51.0458%,False,1,BIELE ISB,False
SEGUNDA FEB,"Liga Regular ""OESTE""",LOGROBASKET LOGI7,16,W. NIANG,83.0748%,77.6401%,False,1,BIELE ISB,False
SEGUNDA FEB,"Liga Regular ""OESTE""",LOGROBASKET LOGI7,7,B. AREVALO SAENZ,6.1354%,53.4406%,False,1,BIELE ISB,False
SEGUNDA FEB,"Liga Regular ""OESTE""",LOGROBASKET LOGI7,16,W. NIANG,72.2144%,85.5805%,False,1,BIELE ISB,False
SEGUNDA FEB,"Liga Regular ""OESTE""",LOGROBASKET LOGI7,23,A. PLITZUWEIT,93.0889%,49.7854%,True,1,BIELE ISB,False
SEGUNDA FEB,"Liga Regular ""OESTE""",LOGROBASKET LOGI7,77,I. MONTERO MECA,92.1721%,49.4073%,True,1,BIELE ISB,False
SEGUNDA FEB,"Liga Regular ""OESTE""",LOGROBASKET LOGI7,7,B. AREVALO SAENZ,31.8054%,29.4931%,False,1,BIELE ISB,False
SEGUNDA FEB,"Liga Regular ""OESTE""",LOGROBASKET LOGI7,5,L. OBAJO BELTRAN,91.3963%,48.525%,False,1,BIELE ISB,False
SEGUNDA FEB,"Liga Regular ""OESTE""",LOGROBASKET LOGI7,77,I. MONTERO MECA,25.811%,10.9654%,True,1,BIELE ISB,False
SEGUNDA FEB,"Liga Regular ""OESTE""",LOGROBASKET LOGI7,7,B. AREVALO SAENZ,93.0889%,49.7854%,False,1,BIELE ISB,False
SEGUNDA FEB,"Liga Regular ""OESTE""",LOGROBASKET LOGI7,23,A. PLITZUWEIT,64.8096%,41.7189%,False,1,BIELE ISB,False
SEGUNDA FEB,"Liga Regular ""OESTE""",LOGROBASKET LOGI7,77,I. MONTERO MECA,93.0183%,52.8104%,True,1,BIELE ISB,False
SEGUNDA FEB,"Liga Regular ""OESTE""",LOGROBASKET LOGI7,55,P. SALL,7.47532%,53.3145%,False,1,BIELE ISB,False
SEGUNDA FEB,"Liga Regular ""OESTE""",LOGROBASKET LOGI7,23,A. PLITZUWEIT,25.8815%,13.2341%,False,1,BIELE ISB,False
SEGUNDA FEB,"Liga Regular ""OESTE""",LOGROBASKET LOGI7,77,I. MONTERO MECA,7.61636%,50.2896%,True,1,BIELE ISB,False
SEGUNDA FEB,"Liga Regular ""OESTE""",LOGROBASKET LOGI7,23,A. PLITZUWEIT,28.3498%,81.6733%,True,1,BIELE ISB,False
SEGUNDA FEB,"Liga Regular ""OESTE""",LOGROBASKET LOGI7,77,I. MONTERO MECA,8.11001%,47.5167%,False,1,BIELE ISB,False
SEGUNDA FEB,"Liga Regular ""OESTE""",LOGROBASKET LOGI7,77,I. MONTERO MECA,31.8759%,19.1579%,True,1,BIELE ISB,False
SEGUNDA FEB,"Liga Regular ""OESTE""",LOGROBASKET LOGI7,55,P. SALL,93.653%,55.3312%,False,1,BIELE ISB,False
SEGUNDA FEB,"Liga Regular ""OESTE""",LOGROBASKET LOGI7,77,I. MONTERO MECA,93.3709%,50.0375%,False,1,BIELE ISB,False
SEGUNDA FEB,"Liga Regular ""OESTE""",LOGROBASKET LOGI7,7,B. AREVALO SAENZ,9.6615%,46.5084%,False,1,BIELE ISB,False
SEGUNDA FEB,"Liga Regular ""OESTE""",LOGROBASKET LOGI7,77,I. MONTERO MECA,83.0748%,54.827%,True,1,BIELE ISB,False
SEGUNDA FEB,"Liga Regular ""OESTE""",LOGROBASKET LOGI7,5,L. OBAJO BELTRAN,89.9859%,56.0874%,False,1,BIELE ISB,False
SEGUNDA FEB,"Liga Regular ""OESTE""",LOGROBASKET LOGI7,55,P. SALL,95.8392%,52.6843%,True,1,BIELE ISB,False
SEGUNDA FEB,"Liga Regular ""OESTE""",LOGROBASKET LOGI7,23,A. PLITZUWEIT,31.6643%,17.5194%,False,1,BIELE ISB,False
SEGUNDA FEB,"Liga Regular ""OESTE""",LOGROBASKET LOGI7,5,L. OBAJO BELTRAN,70.0282%,69.8256%,True,1,BIELE ISB,False
SEGUNDA FEB,"Liga Regular ""OESTE""",LOGROBASKET LOGI7,16,W. NIANG,11.6361%,49.2813%,False,1,BIELE ISB,False
SEGUNDA FEB,"Liga Regular ""OESTE""",LOGROBASKET LOGI7,2,A. RODRIGUEZ MONTON,26.5867%,13.1081%,False,1,BIELE ISB,False
SEGUNDA FEB,"Liga Regular ""OESTE""",LOGROBASKET LOGI7,7,B. AREVALO SAENZ,94.4288%,51.0458%,True,1,BIELE ISB,False
SEGUNDA FEB,"Liga Regular ""OESTE""",LOGROBASKET LOGI7,6,M. VÁZQUEZ GIL,61.4245%,26.0901%,False,1,BIELE ISB,False
SEGUNDA FEB,"Liga Regular ""OESTE""",LOGROBASKET LOGI7,55,P. SALL,6.41749%,47.6428%,False,1,BIELE ISB,False
SEGUNDA FEB,"Liga Regular ""OESTE""",CULTURAL Y DEPORTIVA LEONESA,0,M. DENG,88.8575%,44.2397%,False,1,COTO CÓRDOBA CB,True
SEGUNDA FEB,"Liga Regular ""OESTE""",CULTURAL Y DEPORTIVA LEONESA,11,D. CEBOLLA PORCAR,93.4415%,57.2217%,True,1,COTO CÓRDOBA CB,True
SEGUNDA FEB,"Liga Regular ""OESTE""",CULTURAL Y DEPORTIVA LEONESA,32,J. LLAMAS PRADO,93.0889%,5.1676%,False,1,COTO CÓRDOBA CB,True
SEGUNDA FEB,"Liga Regular ""OESTE""",CULTURAL Y DEPORTIVA LEONESA,23,E. VAN DER HEIJDEN,91.1142%,79.0265%,True,1,COTO CÓRDOBA CB,True
SEGUNDA FEB,"Liga Regular ""OESTE""",CULTURAL Y DEPORTIVA LEONESA,11,D. CEBOLLA PORCAR,93.0889%,62.1373%,False,1,COTO CÓRDOBA CB,True
SEGUNDA FEB,"Liga Regular ""OESTE""",CULTURAL Y DEPORTIVA LEONESA,5,D. HAYMAN,93.653%,60.8769%,True,1,COTO CÓRDOBA CB,True
SEGUNDA FEB,"Liga Regular ""OESTE""",CULTURAL Y DEPORTIVA LEONESA,13,A. DOMINGUEZ ESPELT,7.82793%,55.2051%,True,1,COTO CÓRDOBA CB,True
SEGUNDA FEB,"Liga Regular ""OESTE""",CULTURAL Y DEPORTIVA LEONESA,0,M. DENG,37.024%,51.1719%,False,1,COTO CÓRDOBA CB,True
SEGUNDA FEB,"Liga Regular ""OESTE""",CULTURAL Y DEPORTIVA LEONESA,10,D. BULTO CASTILLO,86.8829%,79.6567%,False,1,COTO CÓRDOBA CB,True
SEGUNDA FEB,"Liga Regular ""OESTE""",CULTURAL Y DEPORTIVA LEONESA,33,R. LLAMAS MARTINEZ,88.9986%,58.7342%,False,1,COTO CÓRDOBA CB,True
SEGUNDA FEB,"Liga Regular ""OESTE""",CULTURAL Y DEPORTIVA LEONESA,17,M. AMADASUN,13.6812%,44.2397%,False,1,COTO CÓRDOBA CB,True
SEGUNDA FEB,"Liga Regular ""OESTE""",CULTURAL Y DEPORTIVA LEONESA,0,M. DENG,69.7461%,73.7329%,True,1,COTO CÓRDOBA CB,True
SEGUNDA FEB,"Liga Regular ""OESTE""",CULTURAL Y DEPORTIVA LEONESA,5,D. HAYMAN,11.1425%,92.0085%,False,1,COTO CÓRDOBA CB,True
SEGUNDA FEB,"Liga Regular ""OESTE""",CULTURAL Y DEPORTIVA LEONESA,17,M. AMADASUN,89.2807%,45.5001%,False,1,COTO CÓRDOBA CB,True
SEGUNDA FEB,"Liga Regular ""OESTE""",CULTURAL Y DEPORTIVA LEONESA,17,M. AMADASUN,71.6502%,50.6677%,False,1,COTO CÓRDOBA CB,True
SEGUNDA FEB,"Liga Regular ""OESTE""",CULTURAL Y DEPORTIVA LEONESA,17,M. AMADASUN,93.0889%,59.2384%,False,1,COTO CÓRDOBA CB,True
SEGUNDA FEB,"Liga Regular ""OESTE""",CULTURAL Y DEPORTIVA LEONESA,7,P. ORENGA IMAZ,88.8575%,43.7356%,False,1,COTO CÓRDOBA CB,True
SEGUNDA FEB,"Liga Regular ""OESTE""",CULTURAL Y DEPORTIVA LEONESA,23,E. VAN DER HEIJDEN,33.2863%,18.4017%,False,1,COTO CÓRDOBA CB,True
SEGUNDA FEB,"Liga Regular ""OESTE""",CULTURAL Y DEPORTIVA LEONESA,32,J. LLAMAS PRADO,90.1975%,61.381%,False,1,COTO CÓRDOBA CB,True
SEGUNDA FEB,"Liga Regular ""OESTE""",CULTURAL Y DEPORTIVA LEONESA,32,J. LLAMAS PRADO,92.1016%,58.104%,True,1,COTO CÓRDOBA CB,True
SEGUNDA FEB,"Liga Regular ""OESTE""",CULTURAL Y DEPORTIVA LEONESA,10,D. BULTO CASTILLO,89.4217%,46.6345%,True,1,COTO CÓRDOBA CB,True
SEGUNDA FEB,"Liga Regular ""OESTE""",CULTURAL Y DEPORTIVA LEONESA,33,R. LLAMAS MARTINEZ,10.3667%,47.2647%,True,1,COTO CÓRDOBA CB,True
SEGUNDA FEB,"Liga Regular ""OESTE""",CULTURAL Y DEPORTIVA LEONESA,13,A. DOMINGUEZ ESPELT,8.03949%,60.8769%,True,1,COTO CÓRDOBA CB,True
SEGUNDA FEB,"Liga Regular ""OESTE""",CULTURAL Y DEPORTIVA LEONESA,11,D. CEBOLLA PORCAR,32.7927%,21.0485%,False,1,COTO CÓRDOBA CB,True
SEGUNDA FEB,"Liga Regular ""OESTE""",CULTURAL Y DEPORTIVA LEONESA,5,D. HAYMAN,10.5078%,93.2689%,True,1,COTO CÓRDOBA CB,True
SEGUNDA FEB,"Liga Regular ""OESTE""",CULTURAL Y DEPORTIVA LEONESA,0,M. DENG,19.323%,23.3172%,False,1,COTO CÓRDOBA CB,True
SEGUNDA FEB,"Liga Regular ""OESTE""",CULTURAL Y DEPORTIVA LEONESA,0,M. DENG,14.3865%,92.1346%,False,1,COTO CÓRDOBA CB,True
SEGUNDA FEB,"Liga Regular ""OESTE""",CULTURAL Y DEPORTIVA LEONESA,7,P. ORENGA IMAZ,87.3766%,45.122%,False,1,COTO CÓRDOBA CB,True
SEGUNDA FEB,"Liga Regular ""OESTE""",CULTURAL Y DEPORTIVA LEONESA,23,E. VAN DER HEIJDEN,10.4372%,94.9074%,True,1,COTO CÓRDOBA CB,True
SEGUNDA FEB,"Liga Regular ""OESTE""",CULTURAL Y DEPORTIVA LEONESA,5,D. HAYMAN,12.4824%,39.4502%,False,1,COTO CÓRDOBA CB,True
SEGUNDA FEB,"Liga Regular ""OESTE""",CULTURAL Y DEPORTIVA LEONESA,5,D. HAYMAN,65.9379%,55.4572%,False,1,COTO CÓRDOBA CB,True
SEGUNDA FEB,"Liga Regular ""OESTE""",CULTURAL Y DEPORTIVA LEONESA,11,D. CEBOLLA PORCAR,16.0085%,44.1137%,False,1,COTO CÓRDOBA CB,True
SEGUNDA FEB,"Liga Regular ""OESTE""",CULTURAL Y DEPORTIVA LEONESA,17,M. AMADASUN,24.4006%,50.9198%,False,1,COTO CÓRDOBA CB,True
SEGUNDA FEB,"Liga Regular ""OESTE""",CULTURAL Y DEPORTIVA LEONESA,23,E. VAN DER HEIJDEN,20.1693%,8.57066%,True,1,COTO CÓRDOBA CB,True
SEGUNDA FEB,"Liga Regular ""OESTE""",CULTURAL Y DEPORTIVA LEONESA,32,J. LLAMAS PRADO,13.3992%,46.0043%,False,1,COTO CÓRDOBA CB,True
SEGUNDA FEB,"Liga Regular ""OESTE""",CULTURAL Y DEPORTIVA LEONESA,10,D. BULTO CASTILLO,71.0155%,81.4212%,False,1,COTO CÓRDOBA CB,True
SEGUNDA FEB,"Liga Regular ""OESTE""",CULTURAL Y DEPORTIVA LEONESA,23,E. VAN DER HEIJDEN,11.354%,55.7093%,True,1,COTO CÓRDOBA CB,True
SEGUNDA FEB,"Liga Regular ""OESTE""",CULTURAL Y DEPORTIVA LEONESA,0,M. DENG,72.3554%,80.2869%,False,1,COTO CÓRDOBA CB,True
SEGUNDA FEB,"Liga Regular ""OESTE""",CULTURAL Y DEPORTIVA LEONESA,23,E. VAN DER HEIJDEN,13.1171%,46.0043%,False,1,COTO CÓRDOBA CB,True
SEGUNDA FEB,"Liga Regular ""OESTE""",CULTURAL Y DEPORTIVA LEONESA,10,D. BULTO CASTILLO,91.9605%,59.6165%,True,1,COTO CÓRDOBA CB,True
SEGUNDA FEB,"Liga Regular ""OESTE""",CULTURAL Y DEPORTIVA LEONESA,5,D. HAYMAN,90.4795%,59.4904%,False,1,COTO CÓRDOBA CB,True
SEGUNDA FEB,"Liga Regular ""OESTE""",CULTURAL Y DEPORTIVA LEONESA,0,M. DENG,24.4711%,9.83105%,False,1,COTO CÓRDOBA CB,True
SEGUNDA FEB,"Liga Regular ""OESTE""",CULTURAL Y DEPORTIVA LEONESA,23,E. VAN DER HEIJDEN,33.9915%,29.3671%,False,1,COTO CÓRDOBA CB,True
SEGUNDA FEB,"Liga Regular ""OESTE""",CULTURAL Y DEPORTIVA LEONESA,7,P. ORENGA IMAZ,8.25106%,62.8935%,True,1,COTO CÓRDOBA CB,True
SEGUNDA FEB,"Liga Regular ""OESTE""",CULTURAL Y DEPORTIVA LEONESA,32,J. LLAMAS PRADO,29.7602%,14.4945%,False,1,COTO CÓRDOBA CB,True
SEGUNDA FEB,"Liga Regular ""OESTE""",CULTURAL Y DEPORTIVA LEONESA,0,M. DENG,89.9154%,44.6178%,False,1,COTO CÓRDOBA CB,True
SEGUNDA FEB,"Liga Regular ""OESTE""",CULTURAL Y DEPORTIVA LEONESA,5,D. HAYMAN,28.4908%,14.2424%,False,1,COTO CÓRDOBA CB,True
SEGUNDA FEB,"Liga Regular ""OESTE""",CULTURAL Y DEPORTIVA LEONESA,5,D. HAYMAN,35.6841%,60.6248%,False,1,COTO CÓRDOBA CB,True
SEGUNDA FEB,"Liga Regular ""OESTE""",CULTURAL Y DEPORTIVA LEONESA,0,M. DENG,31.4528%,28.3588%,True,1,COTO CÓRDOBA CB,True
SEGUNDA FEB,"Liga Regular ""OESTE""",CULTURAL Y DEPORTIVA LEONESA,13,A. DOMINGUEZ ESPELT,72.2144%,15.2507%,True,1,COTO CÓRDOBA CB,True
SEGUNDA FEB,"Liga Regular ""OESTE""",CULTURAL Y DEPORTIVA LEONESA,13,A. DOMINGUEZ ESPELT,91.6784%,58.9863%,True,1,COTO CÓRDOBA CB,True
SEGUNDA FEB,"Liga Regular ""OESTE""",CULTURAL Y DEPORTIVA LEONESA,23,E. VAN DER HEIJDEN,89.7743%,53.6926%,True,1,COTO CÓRDOBA CB,True
SEGUNDA FEB,"Liga Regular ""OESTE""",CULTURAL Y DEPORTIVA LEONESA,13,A. DOMINGUEZ ESPELT,32.7221%,82.4296%,False,1,COTO CÓRDOBA CB,True
SEGUNDA FEB,"Liga Regular ""OESTE""",CULTURAL Y DEPORTIVA LEONESA,13,A. DOMINGUEZ ESPELT,9.6615%,44.1137%,False,1,COTO CÓRDOBA CB,True
SEGUNDA FEB,"Liga Regular ""OESTE""",CULTURAL Y DEPORTIVA LEONESA,11,D. CEBOLLA PORCAR,80.1834%,27.3505%,False,1,COTO CÓRDOBA CB,True
SEGUNDA FEB,"Liga Regular ""OESTE""",CULTURAL Y DEPORTIVA LEONESA,17,M. AMADASUN,12.2003%,53.8187%,False,1,COTO CÓRDOBA CB,True
SEGUNDA FEB,"Liga Regular ""OESTE""",CULTURAL Y DEPORTIVA LEONESA,23,E. VAN DER HEIJDEN,89.5628%,71.086%,True,1,COTO CÓRDOBA CB,True
SEGUNDA FEB,"Liga Regular ""OESTE""",CULTURAL Y DEPORTIVA LEONESA,13,A. DOMINGUEZ ESPELT,15.3738%,90.7481%,False,1,COTO CÓRDOBA CB,True
SEGUNDA FEB,"Liga Regular ""OESTE""",CULTURAL Y DEPORTIVA LEONESA,7,P. ORENGA IMAZ,90.409%,47.2647%,True,1,COTO CÓRDOBA CB,True
SEGUNDA FEB,"Liga Regular ""OESTE""",CULTURAL Y DEPORTIVA LEONESA,17,M. AMADASUN,75.5994%,55.0791%,False,1,COTO CÓRDOBA CB,True
SEGUNDA FEB,"Liga Regular ""OESTE""",CULTURAL Y DEPORTIVA LEONESA,32,J. LLAMAS PRADO,12.4824%,93.395%,True,1,COTO CÓRDOBA CB,True
SEGUNDA FEB,"Liga Regular ""OESTE""",CULTURAL Y DEPORTIVA LEONESA,13,A. DOMINGUEZ ESPELT,80.1834%,26.2161%,False,1,COTO CÓRDOBA CB,True
SEGUNDA FEB,"Liga Regular ""OESTE""",CULTURAL Y DEPORTIVA LEONESA,32,J. LLAMAS PRADO,8.25106%,62.8935%,False,1,COTO CÓRDOBA CB,True
SEGUNDA FEB,"Liga Regular ""OESTE""",CULTURAL Y DEPORTIVA LEONESA,17,M. AMADASUN,94.2877%,57.8519%,True,1,COTO CÓRDOBA CB,True
SEGUNDA FEB,"Liga Regular ""OESTE""",CULTURAL Y DEPORTIVA LEONESA,32,J. LLAMAS PRADO,93.0183%,58.4821%,True,1,COTO CÓRDOBA CB,True
SEGUNDA FEB,"Liga Regular ""OESTE""",CULTURAL Y DEPORTIVA LEONESA,17,M. AMADASUN,87.7292%,58.8602%,False,1,COTO CÓRDOBA CB,True
SEGUNDA FEB,"Liga Regular ""OESTE""",CULTURAL Y DEPORTIVA LEONESA,17,M. AMADASUN,12.3413%,46.2563%,True,1,COTO CÓRDOBA CB,True
SEGUNDA FEB,"Liga Regular ""OESTE""",CULTURAL Y DEPORTIVA LEONESA,17,M. AMADASUN,10.7898%,53.4406%,True,1,COTO CÓRDOBA CB,True
SEGUNDA FEB,"Liga Regular ""OESTE""",CULTURAL Y DEPORTIVA LEONESA,5,D. HAYMAN,93.0183%,57.2217%,True,1,COTO CÓRDOBA CB,True
SEGUNDA FEB,"Liga Regular ""OESTE""",CULTURAL Y DEPORTIVA LEONESA,33,R. LLAMAS MARTINEZ,33.6389%,27.6026%,False,1,COTO CÓRDOBA CB,True
SEGUNDA FEB,"Liga Regular ""OESTE""",CULTURAL Y DEPORTIVA LEONESA,32,J. LLAMAS PRADO,68.9704%,19.7881%,True,1,COTO CÓRDOBA CB,True
SEGUNDA FEB,"Liga Regular ""OESTE""",CULTURAL Y DEPORTIVA LEONESA,13,A. DOMINGUEZ ESPELT,10.7898%,55.4572%,False,1,COTO CÓRDOBA CB,True
SEGUNDA FEB,"Liga Regular ""OESTE""",CULTURAL Y DEPORTIVA LEONESA,0,M. DENG,74.8237%,7.68838%,False,1,COTO CÓRDOBA CB,True
SEGUNDA FEB,"Liga Regular ""OESTE""",CULTURAL Y DEPORTIVA LEONESA,33,R. LLAMAS MARTINEZ,7.82793%,59.8686%,False,1,COTO CÓRDOBA CB,True
SEGUNDA FEB,"Liga Regular ""OESTE""",CULTURAL Y DEPORTIVA LEONESA,23,E. VAN DER HEIJDEN,17.1368%,27.4765%,True,1,COTO CÓRDOBA CB,True
SEGUNDA FEB,"Liga Regular ""OESTE""",CULTURAL Y DEPORTIVA LEONESA,10,D. BULTO CASTILLO,66.4316%,65.0362%,False,1,COTO CÓRDOBA CB,True
SEGUNDA FEB,"Liga Regular ""OESTE""",CULTURAL Y DEPORTIVA LEONESA,10,D. BULTO CASTILLO,8.74471%,58.2301%,False,1,COTO CÓRDOBA CB,True
SEGUNDA FEB,"Liga Regular ""OESTE""",CULTURAL Y DEPORTIVA LEONESA,32,J. LLAMAS PRADO,12.4824%,39.9544%,False,1,COTO CÓRDOBA CB,True
SEGUNDA FEB,"Liga Regular ""OESTE""",CULTURAL Y DEPORTIVA LEONESA,13,A. DOMINGUEZ ESPELT,30.8886%,79.1525%,False,1,COTO CÓRDOBA CB,True
SEGUNDA FEB,"Liga Regular ""OESTE""",CULTURAL Y DEPORTIVA LEONESA,5,D. HAYMAN,67.2073%,73.3547%,False,1,COTO CÓRDOBA CB,True
SEGUNDA FEB,"Liga Regular ""OESTE""",CULTURAL Y DEPORTIVA LEONESA,33,R. LLAMAS MARTINEZ,77.7151%,7.81442%,False,1,COTO CÓRDOBA CB,True
SEGUNDA FEB,"Liga Regular ""OESTE""",CULTURAL Y DEPORTIVA LEONESA,13,A. DOMINGUEZ ESPELT,11.9887%,47.3907%,True,1,COTO CÓRDOBA CB,True
SEGUNDA FEB,"Liga Regular ""OESTE""",COTO CÓRDOBA CB,7,A. RODRIGUEZ AGUILAR,66.5021%,32.14%,False,1,CULTURAL Y DEPORTIVA LEONESA,False
SEGUNDA FEB,"Liga Regular ""OESTE""",COTO CÓRDOBA CB,4,J. BLACK,11.0014%,44.8699%,False,1,CULTURAL Y DEPORTIVA LEONESA,False
SEGUNDA FEB,"Liga Regular ""OESTE""",COTO CÓRDOBA CB,4,J. BLACK,5.99436%,45.3741%,True,1,CULTURAL Y DEPORTIVA LEONESA,False
SEGUNDA FEB,"Liga Regular ""OESTE""",COTO CÓRDOBA CB,15,K. SCHUTTE,10.2962%,56.9697%,True,1,CULTURAL Y DEPORTIVA LEONESA,False
SEGUNDA FEB,"Liga Regular ""OESTE""",COTO CÓRDOBA CB,4,J. BLACK,31.1001%,19.5361%,False,1,CULTURAL Y DEPORTIVA LEONESA,False
SEGUNDA FEB,"Liga Regular ""OESTE""",COTO CÓRDOBA CB,4,J. BLACK,92.1721%,45.6261%,True,1,CULTURAL Y DEPORTIVA LEONESA,False
SEGUNDA FEB,"Liga Regular ""OESTE""",COTO CÓRDOBA CB,11,A. OROZCO DOMINGUEZ,91.9605%,57.8519%,False,1,CULTURAL Y DEPORTIVA LEONESA,False
SEGUNDA FEB,"Liga Regular ""OESTE""",COTO CÓRDOBA CB,1,L. SORENSEN,66.8547%,28.989%,True,1,CULTURAL Y DEPORTIVA LEONESA,False
SEGUNDA FEB,"Liga Regular ""OESTE""",COTO CÓRDOBA CB,16,P. SANCHEZ INFANTES,91.7489%,58.7342%,True,1,CULTURAL Y DEPORTIVA LEONESA,False
SEGUNDA FEB,"Liga Regular ""OESTE""",COTO CÓRDOBA CB,1,L. SORENSEN,31.9464%,20.4183%,False,1,CULTURAL Y DEPORTIVA LEONESA,False
SEGUNDA FEB,"Liga Regular ""OESTE""",COTO CÓRDOBA CB,16,P. SANCHEZ INFANTES,9.59097%,55.3312%,False,1,CULTURAL Y DEPORTIVA LEONESA,False
SEGUNDA FEB,"Liga Regular ""OESTE""",COTO CÓRDOBA CB,7,A. RODRIGUEZ AGUILAR,10.0846%,95.0335%,True,1,CULTURAL Y DEPORTIVA LEONESA,False
SEGUNDA FEB,"Liga Regular ""OESTE""",COTO CÓRDOBA CB,4,J. BLACK,88.7165%,42.6012%,True,1,CULTURAL Y DEPORTIVA LEONESA,False
SEGUNDA FEB,"Liga Regular ""OESTE""",COTO CÓRDOBA CB,10,G. OROZCO DOMINGUEZ,25.67%,87.219%,False,1,CULTURAL Y DEPORTIVA LEONESA,False
SEGUNDA FEB,"Liga Regular ""OESTE""",COTO CÓRDOBA CB,8,S. NDIAYE,9.87306%,54.1968%,False,1,CULTURAL Y DEPORTIVA LEONESA,False
SEGUNDA FEB,"Liga Regular ""OESTE""",COTO CÓRDOBA CB,16,P. SANCHEZ INFANTES,89.2102%,60.2467%,True,1,CULTURAL Y DEPORTIVA LEONESA,False
SEGUNDA FEB,"Liga Regular ""OESTE""",COTO CÓRDOBA CB,11,A. OROZCO DOMINGUEZ,32.2285%,20.1663%,False,1,CULTURAL Y DEPORTIVA LEONESA,False
SEGUNDA FEB,"Liga Regular ""OESTE""",COTO CÓRDOBA CB,27,F. BELLO MOURE,91.6079%,42.6012%,True,1,CULTURAL Y DEPORTIVA LEONESA,False
SEGUNDA FEB,"Liga Regular ""OESTE""",COTO CÓRDOBA CB,8,S. NDIAYE,89.4217%,93.7731%,False,1,CULTURAL Y DEPORTIVA LEONESA,False
SEGUNDA FEB,"Liga Regular ""OESTE""",COTO CÓRDOBA CB,4,J. BLACK,90.268%,59.3644%,False,1,CULTURAL Y DEPORTIVA LEONESA,False
SEGUNDA FEB,"Liga Regular ""OESTE""",COTO CÓRDOBA CB,10,G. OROZCO DOMINGUEZ,89.9154%,43.2314%,True,1,CULTURAL Y DEPORTIVA LEONESA,False
SEGUNDA FEB,"Liga Regular ""OESTE""",COTO CÓRDOBA CB,7,A. RODRIGUEZ AGUILAR,11.0014%,93.1429%,False,1,CULTURAL Y DEPORTIVA LEONESA,False
SEGUNDA FEB,"Liga Regular ""OESTE""",COTO CÓRDOBA CB,7,A. RODRIGUEZ AGUILAR,88.787%,92.5127%,False,1,CULTURAL Y DEPORTIVA LEONESA,False
SEGUNDA FEB,"Liga Regular ""OESTE""",COTO CÓRDOBA CB,11,A. OROZCO DOMINGUEZ,65.7969%,32.7702%,False,1,CULTURAL Y DEPORTIVA LEONESA,False
SEGUNDA FEB,"Liga Regular ""OESTE""",COTO CÓRDOBA CB,4,J. BLACK,90.5501%,44.8699%,True,1,CULTURAL Y DEPORTIVA LEONESA,False
SEGUNDA FEB,"Liga Regular ""OESTE""",COTO CÓRDOBA CB,17,N. SAGNIA,91.6079%,77.262%,False,1,CULTURAL Y DEPORTIVA LEONESA,False
SEGUNDA FEB,"Liga Regular ""OESTE""",COTO CÓRDOBA CB,15,K. SCHUTTE,10.7898%,47.7688%,False,1,CULTURAL Y DEPORTIVA LEONESA,False
SEGUNDA FEB,"Liga Regular ""OESTE""",COTO CÓRDOBA CB,16,P. SANCHEZ INFANTES,87.3061%,54.5749%,False,1,CULTURAL Y DEPORTIVA LEONESA,False
SEGUNDA FEB,"Liga Regular ""OESTE""",COTO CÓRDOBA CB,16,P. SANCHEZ INFANTES,33.2158%,70.5819%,False,1,CULTURAL Y DEPORTIVA LEONESA,False
SEGUNDA FEB,"Liga Regular ""OESTE""",COTO CÓRDOBA CB,1,L. SORENSEN,10.1551%,43.2314%,False,1,CULTURAL Y DEPORTIVA LEONESA,False
SEGUNDA FEB,"Liga Regular ""OESTE""",COTO CÓRDOBA CB,4,J. BLACK,89.9859%,46.5084%,True,1,CULTURAL Y DEPORTIVA LEONESA,False
SEGUNDA FEB,"Liga Regular ""OESTE""",COTO CÓRDOBA CB,10,G. OROZCO DOMINGUEZ,31.1707%,80.0348%,True,1,CULTURAL Y DEPORTIVA LEONESA,False
SEGUNDA FEB,"Liga Regular ""OESTE""",COTO CÓRDOBA CB,7,A. RODRIGUEZ AGUILAR,8.03949%,59.3644%,True,1,CULTURAL Y DEPORTIVA LEONESA,False
SEGUNDA FEB,"Liga Regular ""OESTE""",COTO CÓRDOBA CB,27,F. BELLO MOURE,60.8604%,24.7037%,False,1,CULTURAL Y DEPORTIVA LEONESA,False
SEGUNDA FEB,"Liga Regular ""OESTE""",COTO CÓRDOBA CB,16,P. SANCHEZ INFANTES,8.3921%,60.3727%,True,1,CULTURAL Y DEPORTIVA LEONESA,False
SEGUNDA FEB,"Liga Regular ""OESTE""",COTO CÓRDOBA CB,7,A. RODRIGUEZ AGUILAR,82.0169%,93.7731%,False,1,CULTURAL Y DEPORTIVA LEONESA,False
SEGUNDA FEB,"Liga Regular ""OESTE""",COTO CÓRDOBA CB,17,N. SAGNIA,10.2257%,40.4585%,False,1,CULTURAL Y DEPORTIVA LEONESA,False
SEGUNDA FEB,"Liga Regular ""OESTE""",COTO CÓRDOBA CB,27,F. BELLO MOURE,9.6615%,52.5583%,True,1,CULTURAL Y DEPORTIVA LEONESA,False
SEGUNDA FEB,"Liga Regular ""OESTE""",COTO CÓRDOBA CB,17,N. SAGNIA,83.8505%,44.6178%,True,1,CULTURAL Y DEPORTIVA LEONESA,False
SEGUNDA FEB,"Liga Regular ""OESTE""",COTO CÓRDOBA CB,10,G. OROZCO DOMINGUEZ,8.67419%,59.1123%,False,1,CULTURAL Y DEPORTIVA LEONESA,False
SEGUNDA FEB,"Liga Regular ""OESTE""",COTO CÓRDOBA CB,15,K. SCHUTTE,10.6488%,50.1636%,False,1,CULTURAL Y DEPORTIVA LEONESA,False
SEGUNDA FEB,"Liga Regular ""OESTE""",COTO CÓRDOBA CB,4,J. BLACK,65.4443%,35.417%,True,1,CULTURAL Y DEPORTIVA LEONESA,False
SEGUNDA FEB,"Liga Regular ""OESTE""",COTO CÓRDOBA CB,15,K. SCHUTTE,10.3667%,46.1303%,False,1,CULTURAL Y DEPORTIVA LEONESA,False
SEGUNDA FEB,"Liga Regular ""OESTE""",COTO CÓRDOBA CB,4,J. BLACK,66.22%,18.2757%,False,1,CULTURAL Y DEPORTIVA LEONESA,False
SEGUNDA FEB,"Liga Regular ""OESTE""",COTO CÓRDOBA CB,16,P. SANCHEZ INFANTES,8.81523%,46.0043%,True,1,CULTURAL Y DEPORTIVA LEONESA,False
SEGUNDA FEB,"Liga Regular ""OESTE""",COTO CÓRDOBA CB,7,A. RODRIGUEZ AGUILAR,9.73202%,55.9613%,True,1,CULTURAL Y DEPORTIVA LEONESA,False
SEGUNDA FEB,"Liga Regular ""OESTE""",COTO CÓRDOBA CB,8,S. NDIAYE,22.9901%,52.1802%,True,1,CULTURAL Y DEPORTIVA LEONESA,False
SEGUNDA FEB,"Liga Regular ""OESTE""",COTO CÓRDOBA CB,4,J. BLACK,77.8561%,66.2966%,False,1,CULTURAL Y DEPORTIVA LEONESA,False
SEGUNDA FEB,"Liga Regular ""OESTE""",COTO CÓRDOBA CB,16,P. SANCHEZ INFANTES,28.2793%,14.3685%,False,1,CULTURAL Y DEPORTIVA LEONESA,False
SEGUNDA FEB,"Liga Regular ""OESTE""",COTO CÓRDOBA CB,27,F. BELLO MOURE,20.804%,92.1346%,False,1,CULTURAL Y DEPORTIVA LEONESA,False
SEGUNDA FEB,"Liga Regular ""OESTE""",COTO CÓRDOBA CB,16,P. SANCHEZ INFANTES,35.6135%,59.3644%,False,1,CULTURAL Y DEPORTIVA LEONESA,False
SEGUNDA FEB,"Liga Regular ""OESTE""",COTO CÓRDOBA CB,7,A. RODRIGUEZ AGUILAR,6.91114%,59.9946%,False,1,CULTURAL Y DEPORTIVA LEONESA,False
SEGUNDA FEB,"Liga Regular ""OESTE""",COTO CÓRDOBA CB,8,S. NDIAYE,15.2327%,93.8991%,True,1,CULTURAL Y DEPORTIVA LEONESA,False
SEGUNDA FEB,"Liga Regular ""OESTE""",COTO CÓRDOBA CB,27,F. BELLO MOURE,88.8575%,56.8436%,True,1,CULTURAL Y DEPORTIVA LEONESA,False
SEGUNDA FEB,"Liga Regular ""OESTE""",COTO CÓRDOBA CB,10,G. OROZCO DOMINGUEZ,9.44993%,48.9032%,True,1,CULTURAL Y DEPORTIVA LEONESA,False
SEGUNDA FEB,"Liga Regular ""OESTE""",COTO CÓRDOBA CB,10,G. OROZCO DOMINGUEZ,91.4669%,57.5999%,False,1,CULTURAL Y DEPORTIVA LEONESA,False
SEGUNDA FEB,"Liga Regular ""OESTE""",COTO CÓRDOBA CB,10,G. OROZCO DOMINGUEZ,91.7489%,57.978%,False,1,CULTURAL Y DEPORTIVA LEONESA,False
SEGUNDA FEB,"Liga Regular ""OESTE""",COTO CÓRDOBA CB,17,N. SAGNIA,71.2271%,13.7383%,False,1,CULTURAL Y DEPORTIVA LEONESA,False
SEGUNDA FEB,"Liga Regular ""OESTE""",COTO CÓRDOBA CB,10,G. OROZCO DOMINGUEZ,68.8293%,19.5361%,True,1,CULTURAL Y DEPORTIVA LEONESA,False
SEGUNDA FEB,"Liga Regular ""OESTE""",COTO CÓRDOBA CB,16,P. SANCHEZ INFANTES,70.0987%,20.1663%,False,1,CULTURAL Y DEPORTIVA LEONESA,False
SEGUNDA FEB,"Liga Regular ""OESTE""",COTO CÓRDOBA CB,7,A. RODRIGUEZ AGUILAR,30.3244%,72.5985%,True,1,CULTURAL Y DEPORTIVA LEONESA,False
SEGUNDA FEB,"Liga Regular ""OESTE""",COTO CÓRDOBA CB,15,K. SCHUTTE,89.9859%,44.4918%,True,1,CULTURAL Y DEPORTIVA LEONESA,False
SEGUNDA FEB,"Liga Regular ""OESTE""",COTO CÓRDOBA CB,4,J. BLACK,21.1566%,93.7731%,True,1,CULTURAL Y DEPORTIVA LEONESA,False
SEGUNDA FEB,"Liga Regular ""OESTE""",COTO CÓRDOBA CB,8,S. NDIAYE,94.1467%,58.6082%,False,1,CULTURAL Y DEPORTIVA LEONESA,False
SEGUNDA FEB,"Liga Regular ""OESTE""",COTO CÓRDOBA CB,4,J. BLACK,66.0085%,62.8935%,False,1,CULTURAL Y DEPORTIVA LEONESA,False
SEGUNDA FEB,"Liga Regular ""OESTE""",COTO CÓRDOBA CB,8,S. NDIAYE,91.1848%,45.122%,True,1,CULTURAL Y DEPORTIVA LEONESA,False
SEGUNDA FEB,"Liga Regular ""OESTE""",COTO CÓRDOBA CB,11,A. OROZCO DOMINGUEZ,9.73202%,46.6345%,True,1,CULTURAL Y DEPORTIVA LEONESA,False
SEGUNDA FEB,"Liga Regular ""OESTE""",COTO CÓRDOBA CB,7,A. RODRIGUEZ AGUILAR,91.5374%,59.3644%,True,1,CULTURAL Y DEPORTIVA LEONESA,False
