league,group,team,player_number,player_name,left,top,success,game_index,rival,home
COPA ESPAÑA,Play-offs 1/4 Final,MOVISTAR ESTUDIANTES,29,P. GARINO GULLOTTA,29.7602,81.2952,False,1,GRUPO URETA TIZONA BURGOS,True
COPA ESPAÑA,Play-offs 1/4 Final,MOVISTAR ESTUDIANTES,6,L. GIOVANNETTI,12.976,47.1386,False,1,GRUPO URETA TIZONA BURGOS,True
COPA ESPAÑA,Play-offs 1/4 Final,MOVISTAR ESTUDIANTES,8,G. FILIPOVIC,9.80254,48.1469,False,1,GRUPO URETA TIZONA BURGOS,True
COPA ESPAÑA,Play-offs 1/4 Final,MOVISTAR ESTUDIANTES,29,P. GARINO GULLOTTA,12.3413,47.8948,True,1,GRUPO URETA TIZONA BURGOS,True
COPA ESPAÑA,Play-offs 1/4 Final,MOVISTAR ESTUDIANTES,29,P. GARINO GULLOTTA,7.05219,47.0126,False,1,GRUPO URETA TIZONA BURGOS,True
COPA ESPAÑA,Play-offs 1/4 Final,MOVISTAR ESTUDIANTES,1,A. GONZÁLEZ PÉREZ,12.6939,48.6511,True,1,GRUPO URETA TIZONA BURGOS,True
COPA ESPAÑA,Play-offs 1/4 Final,MOVISTAR ESTUDIANTES,19,H. LOPEZ BARRANTES,9.37941,49.2813,True,1,GRUPO URETA TIZONA BURGOS,True
COPA ESPAÑA,Play-offs 1/4 Final,MOVISTAR ESTUDIANTES,6,L. GIOVANNETTI,8.67419,47.1386,True,1,GRUPO URETA TIZONA BURGOS,True
COPA ESPAÑA,Play-offs 1/4 Final,MOVISTAR ESTUDIANTES,29,P. GARINO GULLOTTA,11.0719,45.8782,False,1,GRUPO URETA TIZONA BURGOS,True
COPA ESPAÑA,Play-offs 1/4 Final,MOVISTAR ESTUDIANTES,22,J. VAULET,17.6305,48.9032,False,1,GRUPO URETA TIZONA BURGOS,True
COPA ESPAÑA,Play-offs 1/4 Final,MOVISTAR ESTUDIANTES,9,S. SALIN,28.914,84.3712,True,1,GRUPO URETA TIZONA BURGOS,True
COPA ESPAÑA,Play-offs 1/4 Final,MOVISTAR ESTUDIANTES,6,L. GIOVANNETTI,32.6516,17.8975,True,1,GRUPO URETA TIZONA BURGOS,True
COPA ESPAÑA,Play-offs 1/4 Final,MOVISTAR ESTUDIANTES,1,A. GONZÁLEZ PÉREZ,11.5656,47.0126,False,1,GRUPO URETA TIZONA BURGOS,True
COPA ESPAÑA,Play-offs 1/4 Final,MOVISTAR ESTUDIANTES,6,L. GIOVANNETTI,17.3484,3.52909,False,1,GRUPO URETA TIZONA BURGOS,True
COPA ESPAÑA,Play-offs 1/4 Final,MOVISTAR ESTUDIANTES,11,J. GRANGER,21.3681,78.4473,False,1,GRUPO URETA TIZONA BURGOS,True
COPA ESPAÑA,Play-offs 1/4 Final,MOVISTAR ESTUDIANTES,24,L. NWOGBO,6.699600000000004,48.5761,True,1,GRUPO URETA TIZONA BURGOS,True
COPA ESPAÑA,Play-offs 1/4 Final,MOVISTAR ESTUDIANTES,8,G. FILIPOVIC,36.5303,52.0541,False,1,GRUPO URETA TIZONA BURGOS,True
COPA ESPAÑA,Play-offs 1/4 Final,MOVISTAR ESTUDIANTES,22,J. VAULET,28.702399999999997,76.1786,False,1,GRUPO URETA TIZONA BURGOS,True
COPA ESPAÑA,Play-offs 1/4 Final,MOVISTAR ESTUDIANTES,6,L. GIOVANNETTI,8.462599999999995,8.2436,False,1,GRUPO URETA TIZONA BURGOS,True
COPA ESPAÑA,Play-offs 1/4 Final,MOVISTAR ESTUDIANTES,29,P. GARINO GULLOTTA,10.7193,50.9198,False,1,GRUPO URETA TIZONA BURGOS,True
COPA ESPAÑA,Play-offs 1/4 Final,MOVISTAR ESTUDIANTES,22,J. VAULET,4.795500000000004,49.7104,True,1,GRUPO URETA TIZONA BURGOS,True
COPA ESPAÑA,Play-offs 1/4 Final,MOVISTAR ESTUDIANTES,29,P. GARINO GULLOTTA,8.815200000000004,48.324,True,1,GRUPO URETA TIZONA BURGOS,True
COPA ESPAÑA,Play-offs 1/4 Final,MOVISTAR ESTUDIANTES,22,J. VAULET,7.75741,48.7771,True,1,GRUPO URETA TIZONA BURGOS,True
COPA ESPAÑA,Play-offs 1/4 Final,MOVISTAR ESTUDIANTES,24,L. NWOGBO,6.346999999999994,52.7353,True,1,GRUPO URETA TIZONA BURGOS,True
COPA ESPAÑA,Play-offs 1/4 Final,MOVISTAR ESTUDIANTES,10,S. GARCIA CALVO,31.8759,23.998400000000004,False,1,GRUPO URETA TIZONA BURGOS,True
COPA ESPAÑA,Play-offs 1/4 Final,MOVISTAR ESTUDIANTES,1,A. GONZÁLEZ PÉREZ,7.4047999999999945,49.5844,True,1,GRUPO URETA TIZONA BURGOS,True
COPA ESPAÑA,Play-offs 1/4 Final,MOVISTAR ESTUDIANTES,8,G. FILIPOVIC,14.7391,6.68007,True,1,GRUPO URETA TIZONA BURGOS,True
COPA ESPAÑA,Play-offs 1/4 Final,MOVISTAR ESTUDIANTES,29,P. GARINO GULLOTTA,30.2539,22.611999999999995,True,1,GRUPO URETA TIZONA BURGOS,True
COPA ESPAÑA,Play-offs 1/4 Final,MOVISTAR ESTUDIANTES,15,T. MC GREW,33.3568,75.6234,True,1,GRUPO URETA TIZONA BURGOS,True
COPA ESPAÑA,Play-offs 1/4 Final,MOVISTAR ESTUDIANTES,10,S. GARCIA CALVO,34.2736,49.9625,False,1,GRUPO URETA TIZONA BURGOS,True
COPA ESPAÑA,Play-offs 1/4 Final,MOVISTAR ESTUDIANTES,22,J. VAULET,9.661500000000004,43.2824,True,1,GRUPO URETA TIZONA BURGOS,True
COPA ESPAÑA,Play-offs 1/4 Final,MOVISTAR ESTUDIANTES,9,S. SALIN,31.8759,32.947199999999995,False,1,GRUPO URETA TIZONA BURGOS,True
COPA ESPAÑA,Play-offs 1/4 Final,MOVISTAR ESTUDIANTES,19,H. LOPEZ BARRANTES,11.1425,52.5583,False,1,GRUPO URETA TIZONA BURGOS,True
COPA ESPAÑA,Play-offs 1/4 Final,MOVISTAR ESTUDIANTES,29,P. GARINO GULLOTTA,7.5458,48.9542,True,1,GRUPO URETA TIZONA BURGOS,True
COPA ESPAÑA,Play-offs 1/4 Final,MOVISTAR ESTUDIANTES,10,S. GARCIA CALVO,11.0719,46.7605,True,1,GRUPO URETA TIZONA BURGOS,True
COPA ESPAÑA,Play-offs 1/4 Final,MOVISTAR ESTUDIANTES,10,S. GARCIA CALVO,35.3315,65.5403,False,1,GRUPO URETA TIZONA BURGOS,True
COPA ESPAÑA,Play-offs 1/4 Final,MOVISTAR ESTUDIANTES,22,J. VAULET,6.4879999999999995,49.4583,True,1,GRUPO URETA TIZONA BURGOS,True
COPA ESPAÑA,Play-offs 1/4 Final,MOVISTAR ESTUDIANTES,51,O. SILVERIO GRULLON,33.427400000000006,36.4763,False,1,GRUPO URETA TIZONA BURGOS,True
COPA ESPAÑA,Play-offs 1/4 Final,MOVISTAR ESTUDIANTES,22,J. VAULET,13.1876,48.525,True,1,GRUPO URETA TIZONA BURGOS,True
COPA ESPAÑA,Play-offs 1/4 Final,MOVISTAR ESTUDIANTES,51,O. SILVERIO GRULLON,8.815200000000004,48.324,False,1,GRUPO URETA TIZONA BURGOS,True
COPA ESPAÑA,Play-offs 1/4 Final,MOVISTAR ESTUDIANTES,10,S. GARCIA CALVO,35.6841,46.2563,False,1,GRUPO URETA TIZONA BURGOS,True
COPA ESPAÑA,Play-offs 1/4 Final,MOVISTAR ESTUDIANTES,51,O. SILVERIO GRULLON,26.727800000000002,86.1357,True,1,GRUPO URETA TIZONA BURGOS,True
COPA ESPAÑA,Play-offs 1/4 Final,MOVISTAR ESTUDIANTES,9,S. SALIN,31.029600000000002,74.79220000000001,False,1,GRUPO URETA TIZONA BURGOS,True
COPA ESPAÑA,Play-offs 1/4 Final,MOVISTAR ESTUDIANTES,29,P. GARINO GULLOTTA,17.136799999999994,69.4985,False,1,GRUPO URETA TIZONA BURGOS,True
COPA ESPAÑA,Play-offs 1/4 Final,MOVISTAR ESTUDIANTES,24,L. NWOGBO,8.95628,45.5001,False,1,GRUPO URETA TIZONA BURGOS,True
COPA ESPAÑA,Play-offs 1/4 Final,MOVISTAR ESTUDIANTES,22,J. VAULET,8.956299999999999,51.601,True,1,GRUPO URETA TIZONA BURGOS,True
COPA ESPAÑA,Play-offs 1/4 Final,MOVISTAR ESTUDIANTES,19,H. LOPEZ BARRANTES,9.73202,50.6677,True,1,GRUPO URETA TIZONA BURGOS,True
COPA ESPAÑA,Play-offs 1/4 Final,MOVISTAR ESTUDIANTES,10,S. GARCIA CALVO,8.67419,47.5167,True,1,GRUPO URETA TIZONA BURGOS,True
COPA ESPAÑA,Play-offs 1/4 Final,MOVISTAR ESTUDIANTES,51,O. SILVERIO GRULLON,31.1001,73.2287,False,1,GRUPO URETA TIZONA BURGOS,True
COPA ESPAÑA,Play-offs 1/4 Final,MOVISTAR ESTUDIANTES,24,L. NWOGBO,8.815200000000004,50.4666,True,1,GRUPO URETA TIZONA BURGOS,True
COPA ESPAÑA,Play-offs 1/4 Final,MOVISTAR ESTUDIANTES,9,S. SALIN,9.4499,49.9625,True,1,GRUPO URETA TIZONA BURGOS,True
COPA ESPAÑA,Play-offs 1/4 Final,MOVISTAR ESTUDIANTES,22,J. VAULET,4.724999999999994,50.9708,True,1,GRUPO URETA TIZONA BURGOS,True
COPA ESPAÑA,Play-offs 1/4 Final,MOVISTAR ESTUDIANTES,8,G. FILIPOVIC,7.75741,51.55,True,1,GRUPO URETA TIZONA BURGOS,True
COPA ESPAÑA,Play-offs 1/4 Final,MOVISTAR ESTUDIANTES,15,T. MC GREW,7.686899999999994,54.1218,False,1,GRUPO URETA TIZONA BURGOS,True
COPA ESPAÑA,Play-offs 1/4 Final,MOVISTAR ESTUDIANTES,22,J. VAULET,7.33427,49.9115,True,1,GRUPO URETA TIZONA BURGOS,True
COPA ESPAÑA,Play-offs 1/4 Final,MOVISTAR ESTUDIANTES,9,S. SALIN,7.052199999999999,52.2312,True,1,GRUPO URETA TIZONA BURGOS,True
COPA ESPAÑA,Play-offs 1/4 Final,MOVISTAR ESTUDIANTES,29,P. GARINO GULLOTTA,23.413300000000007,49.7104,False,1,GRUPO URETA TIZONA BURGOS,True
COPA ESPAÑA,Play-offs 1/4 Final,MOVISTAR ESTUDIANTES,29,P. GARINO GULLOTTA,7.89845,48.1469,True,1,GRUPO URETA TIZONA BURGOS,True
COPA ESPAÑA,Play-offs 1/4 Final,MOVISTAR ESTUDIANTES,6,L. GIOVANNETTI,33.4274,22.687,False,1,GRUPO URETA TIZONA BURGOS,True
COPA ESPAÑA,Play-offs 1/4 Final,MOVISTAR ESTUDIANTES,29,P. GARINO GULLOTTA,10.084599999999995,5.470699999999994,True,1,GRUPO URETA TIZONA BURGOS,True
COPA ESPAÑA,Play-offs 1/4 Final,MOVISTAR ESTUDIANTES,10,S. GARCIA CALVO,32.7927,76.6318,True,1,GRUPO URETA TIZONA BURGOS,True
COPA ESPAÑA,Play-offs 1/4 Final,GRUPO URETA TIZONA BURGOS,13,R. VILA SOLEY,8.18054,48.1469,True,1,MOVISTAR ESTUDIANTES,False
COPA ESPAÑA,Play-offs 1/4 Final,GRUPO URETA TIZONA BURGOS,24,A. HUELVES GARCIA,10.0846,53.5666,True,1,MOVISTAR ESTUDIANTES,False
COPA ESPAÑA,Play-offs 1/4 Final,GRUPO URETA TIZONA BURGOS,25,J. ZIDEK,13.8928,95.0335,False,1,MOVISTAR ESTUDIANTES,False
COPA ESPAÑA,Play-offs 1/4 Final,GRUPO URETA TIZONA BURGOS,21,G. GIL GARCIA,31.452699999999993,23.8724,True,1,MOVISTAR ESTUDIANTES,False
COPA ESPAÑA,Play-offs 1/4 Final,GRUPO URETA TIZONA BURGOS,25,J. ZIDEK,9.30889,48.525,True,1,MOVISTAR ESTUDIANTES,False
COPA ESPAÑA,Play-offs 1/4 Final,GRUPO URETA TIZONA BURGOS,55,G. JOFRESA SARRET,33.2863,21.4777,True,1,MOVISTAR ESTUDIANTES,False
COPA ESPAÑA,Play-offs 1/4 Final,GRUPO URETA TIZONA BURGOS,21,G. GIL GARCIA,32.9337,24.0735,False,1,MOVISTAR ESTUDIANTES,False
COPA ESPAÑA,Play-offs 1/4 Final,GRUPO URETA TIZONA BURGOS,8,F. TERINS,22.919600000000003,38.1148,False,1,MOVISTAR ESTUDIANTES,False
COPA ESPAÑA,Play-offs 1/4 Final,GRUPO URETA TIZONA BURGOS,25,J. ZIDEK,18.053600000000003,18.452699999999993,False,1,MOVISTAR ESTUDIANTES,False
COPA ESPAÑA,Play-offs 1/4 Final,GRUPO URETA TIZONA BURGOS,60,A. ALONSO RUIZ,8.674199999999999,5.5966999999999985,False,1,MOVISTAR ESTUDIANTES,False
COPA ESPAÑA,Play-offs 1/4 Final,GRUPO URETA TIZONA BURGOS,10,A. PARRADO CALABRIA,10.1551,96.0418,True,1,MOVISTAR ESTUDIANTES,False
COPA ESPAÑA,Play-offs 1/4 Final,GRUPO URETA TIZONA BURGOS,13,R. VILA SOLEY,18.0536,48.9032,False,1,MOVISTAR ESTUDIANTES,False
COPA ESPAÑA,Play-offs 1/4 Final,GRUPO URETA TIZONA BURGOS,55,G. JOFRESA SARRET,35.6841,25.712,True,1,MOVISTAR ESTUDIANTES,False
COPA ESPAÑA,Play-offs 1/4 Final,GRUPO URETA TIZONA BURGOS,8,F. TERINS,11.706599999999995,94.2022,True,1,MOVISTAR ESTUDIANTES,False
COPA ESPAÑA,Play-offs 1/4 Final,GRUPO URETA TIZONA BURGOS,55,G. JOFRESA SARRET,11.0014,46.5084,False,1,MOVISTAR ESTUDIANTES,False
COPA ESPAÑA,Play-offs 1/4 Final,GRUPO URETA TIZONA BURGOS,21,G. GIL GARCIA,29.7602,80.0348,False,1,MOVISTAR ESTUDIANTES,False
COPA ESPAÑA,Play-offs 1/4 Final,GRUPO URETA TIZONA BURGOS,21,G. GIL GARCIA,28.420299999999997,83.1108,False,1,MOVISTAR ESTUDIANTES,False
COPA ESPAÑA,Play-offs 1/4 Final,GRUPO URETA TIZONA BURGOS,13,R. VILA SOLEY,17.1368,47.1386,False,1,MOVISTAR ESTUDIANTES,False
COPA ESPAÑA,Play-offs 1/4 Final,GRUPO URETA TIZONA BURGOS,21,G. GIL GARCIA,9.661500000000004,52.7353,True,1,MOVISTAR ESTUDIANTES,False
COPA ESPAÑA,Play-offs 1/4 Final,GRUPO URETA TIZONA BURGOS,60,A. ALONSO RUIZ,32.4401,67.35589999999999,False,1,MOVISTAR ESTUDIANTES,False
COPA ESPAÑA,Play-offs 1/4 Final,GRUPO URETA TIZONA BURGOS,8,F. TERINS,28.7024,76.0016,False,1,MOVISTAR ESTUDIANTES,False
COPA ESPAÑA,Play-offs 1/4 Final,GRUPO URETA TIZONA BURGOS,24,A. HUELVES GARCIA,35.6135,41.2148,False,1,MOVISTAR ESTUDIANTES,False
COPA ESPAÑA,Play-offs 1/4 Final,GRUPO URETA TIZONA BURGOS,60,A. ALONSO RUIZ,8.462599999999995,46.4334,True,1,MOVISTAR ESTUDIANTES,False
COPA ESPAÑA,Play-offs 1/4 Final,GRUPO URETA TIZONA BURGOS,8,F. TERINS,13.5402,51.4239,False,1,MOVISTAR ESTUDIANTES,False
COPA ESPAÑA,Play-offs 1/4 Final,GRUPO URETA TIZONA BURGOS,13,R. VILA SOLEY,5.500699999999995,49.4583,True,1,MOVISTAR ESTUDIANTES,False
COPA ESPAÑA,Play-offs 1/4 Final,GRUPO URETA TIZONA BURGOS,5,M. JACKSON,12.6939,26.141099999999994,False,1,MOVISTAR ESTUDIANTES,False
COPA ESPAÑA,Play-offs 1/4 Final,GRUPO URETA TIZONA BURGOS,25,J. ZIDEK,34.0621,67.1788,True,1,MOVISTAR ESTUDIANTES,False
COPA ESPAÑA,Play-offs 1/4 Final,GRUPO URETA TIZONA BURGOS,31,J. BROWN-FERGUSON,7.052199999999999,49.5844,False,1,MOVISTAR ESTUDIANTES,False
COPA ESPAÑA,Play-offs 1/4 Final,GRUPO URETA TIZONA BURGOS,25,J. ZIDEK,12.976,50.7937,True,1,MOVISTAR ESTUDIANTES,False
COPA ESPAÑA,Play-offs 1/4 Final,GRUPO URETA TIZONA BURGOS,55,G. JOFRESA SARRET,12.7645,48.399,False,1,MOVISTAR ESTUDIANTES,False
COPA ESPAÑA,Play-offs 1/4 Final,GRUPO URETA TIZONA BURGOS,24,A. HUELVES GARCIA,13.0465,49.0292,False,1,MOVISTAR ESTUDIANTES,False
COPA ESPAÑA,Play-offs 1/4 Final,GRUPO URETA TIZONA BURGOS,60,A. ALONSO RUIZ,7.122699999999995,52.6093,False,1,MOVISTAR ESTUDIANTES,False
COPA ESPAÑA,Play-offs 1/4 Final,GRUPO URETA TIZONA BURGOS,25,J. ZIDEK,19.2525,65.1622,False,1,MOVISTAR ESTUDIANTES,False
COPA ESPAÑA,Play-offs 1/4 Final,GRUPO URETA TIZONA BURGOS,21,G. GIL GARCIA,7.4047999999999945,51.3489,False,1,MOVISTAR ESTUDIANTES,False
COPA ESPAÑA,Play-offs 1/4 Final,GRUPO URETA TIZONA BURGOS,31,J. BROWN-FERGUSON,15.0212,49.5334,False,1,MOVISTAR ESTUDIANTES,False
COPA ESPAÑA,Play-offs 1/4 Final,GRUPO URETA TIZONA BURGOS,21,G. GIL GARCIA,5.782799999999995,50.3406,True,1,MOVISTAR ESTUDIANTES,False
COPA ESPAÑA,Play-offs 1/4 Final,GRUPO URETA TIZONA BURGOS,25,J. ZIDEK,9.873099999999994,40.7616,False,1,MOVISTAR ESTUDIANTES,False
COPA ESPAÑA,Play-offs 1/4 Final,GRUPO URETA TIZONA BURGOS,8,F. TERINS,32.29900000000001,23.242199999999997,False,1,MOVISTAR ESTUDIANTES,False
COPA ESPAÑA,Play-offs 1/4 Final,GRUPO URETA TIZONA BURGOS,60,A. ALONSO RUIZ,9.943600000000004,48.45,False,1,MOVISTAR ESTUDIANTES,False
COPA ESPAÑA,Play-offs 1/4 Final,GRUPO URETA TIZONA BURGOS,25,J. ZIDEK,12.200299999999999,47.1896,False,1,MOVISTAR ESTUDIANTES,False
COPA ESPAÑA,Play-offs 1/4 Final,GRUPO URETA TIZONA BURGOS,25,J. ZIDEK,36.2482,26.3422,True,1,MOVISTAR ESTUDIANTES,False
COPA ESPAÑA,Play-offs 1/4 Final,GRUPO URETA TIZONA BURGOS,8,F. TERINS,36.8829,51.601,False,1,MOVISTAR ESTUDIANTES,False
COPA ESPAÑA,Play-offs 1/4 Final,GRUPO URETA TIZONA BURGOS,21,G. GIL GARCIA,31.1001,72.3464,False,1,MOVISTAR ESTUDIANTES,False
COPA ESPAÑA,Play-offs 1/4 Final,GRUPO URETA TIZONA BURGOS,60,A. ALONSO RUIZ,6.699600000000004,52.7353,False,1,MOVISTAR ESTUDIANTES,False
COPA ESPAÑA,Play-offs 1/4 Final,GRUPO URETA TIZONA BURGOS,8,F. TERINS,33.5684,79.5307,False,1,MOVISTAR ESTUDIANTES,False
COPA ESPAÑA,Play-offs 1/4 Final,GRUPO URETA TIZONA BURGOS,21,G. GIL GARCIA,21.7207,90.8742,False,1,MOVISTAR ESTUDIANTES,False
COPA ESPAÑA,Play-offs 1/4 Final,GRUPO URETA TIZONA BURGOS,24,A. HUELVES GARCIA,17.348399999999998,65.4653,True,1,MOVISTAR ESTUDIANTES,False
COPA ESPAÑA,Play-offs 1/4 Final,GRUPO URETA TIZONA BURGOS,5,M. JACKSON,38.787,42.0971,True,1,MOVISTAR ESTUDIANTES,False
COPA ESPAÑA,Play-offs 1/4 Final,GRUPO URETA TIZONA BURGOS,21,G. GIL GARCIA,30.6065,19.9142,False,1,MOVISTAR ESTUDIANTES,False
COPA ESPAÑA,Play-offs 1/4 Final,GRUPO URETA TIZONA BURGOS,5,M. JACKSON,14.1749,7.81442,False,1,MOVISTAR ESTUDIANTES,False
COPA ESPAÑA,Play-offs 1/4 Final,GRUPO URETA TIZONA BURGOS,5,M. JACKSON,27.221400000000003,12.906999999999996,True,1,MOVISTAR ESTUDIANTES,False
COPA ESPAÑA,Play-offs 1/4 Final,GRUPO URETA TIZONA BURGOS,10,A. PARRADO CALABRIA,33.78,52.2312,False,1,MOVISTAR ESTUDIANTES,False
COPA ESPAÑA,Play-offs 1/4 Final,GRUPO URETA TIZONA BURGOS,8,F. TERINS,32.29900000000001,76.8088,False,1,MOVISTAR ESTUDIANTES,False
COPA ESPAÑA,Play-offs 1/4 Final,GRUPO URETA TIZONA BURGOS,55,G. JOFRESA SARRET,35.7546,49.4073,False,1,MOVISTAR ESTUDIANTES,False
COPA ESPAÑA,Play-offs 1/4 Final,GRUPO URETA TIZONA BURGOS,13,R. VILA SOLEY,10.366699999999994,49.5844,True,1,MOVISTAR ESTUDIANTES,False
COPA ESPAÑA,Play-offs 1/4 Final,GRUPO URETA TIZONA BURGOS,25,J. ZIDEK,11.9182,76.1276,False,1,MOVISTAR ESTUDIANTES,False
COPA ESPAÑA,Play-offs 1/4 Final,GRUPO URETA TIZONA BURGOS,5,M. JACKSON,27.362499999999997,82.2285,False,1,MOVISTAR ESTUDIANTES,False
COPA ESPAÑA,Play-offs 1/4 Final,GRUPO URETA TIZONA BURGOS,25,J. ZIDEK,26.3752,53.5666,False,1,MOVISTAR ESTUDIANTES,False
COPA ESPAÑA,Play-offs 1/4 Final,GRUPO URETA TIZONA BURGOS,13,R. VILA SOLEY,9.80254,49.4073,True,1,MOVISTAR ESTUDIANTES,False
COPA ESPAÑA,Play-offs 1/4 Final,GRUPO URETA TIZONA BURGOS,31,J. BROWN-FERGUSON,5.359700000000004,52.4833,True,1,MOVISTAR ESTUDIANTES,False
COPA ESPAÑA,Play-offs 1/4 Final,GRUPO URETA TIZONA BURGOS,13,R. VILA SOLEY,17.842,53.4406,False,1,MOVISTAR ESTUDIANTES,False
COPA ESPAÑA,Play-offs 1/4 Final,GRUPO URETA TIZONA BURGOS,25,J. ZIDEK,9.661500000000004,49.7104,True,1,MOVISTAR ESTUDIANTES,False
COPA ESPAÑA,Play-offs 1/4 Final,GRUPO URETA TIZONA BURGOS,31,J. BROWN-FERGUSON,13.5402,51.4239,True,1,MOVISTAR ESTUDIANTES,False
COPA ESPAÑA,Play-offs 1/4 Final,SÚPER AGROPAL PALENCIA,2,A. WINTERING,30.6065,19.0319,True,1,MONBUS OBRADOIRO,True
COPA ESPAÑA,Play-offs 1/4 Final,SÚPER AGROPAL PALENCIA,2,A. WINTERING,13.258099999999999,47.3157,False,1,MONBUS OBRADOIRO,True
COPA ESPAÑA,Play-offs 1/4 Final,SÚPER AGROPAL PALENCIA,2,A. WINTERING,17.5599,27.9807,True,1,MONBUS OBRADOIRO,True
COPA ESPAÑA,Play-offs 1/4 Final,SÚPER AGROPAL PALENCIA,9,M. KAMBA,29.9718,79.9088,True,1,MONBUS OBRADOIRO,True
COPA ESPAÑA,Play-offs 1/4 Final,SÚPER AGROPAL PALENCIA,17,M. ARMUS,11.5656,51.4239,True,1,MONBUS OBRADOIRO,True
COPA ESPAÑA,Play-offs 1/4 Final,SÚPER AGROPAL PALENCIA,17,M. ARMUS,32.2285,50.9708,True,1,MONBUS OBRADOIRO,True
COPA ESPAÑA,Play-offs 1/4 Final,SÚPER AGROPAL PALENCIA,31,S. UGOCHUKWU,6.41749,70.3298,False,1,MONBUS OBRADOIRO,True
COPA ESPAÑA,Play-offs 1/4 Final,SÚPER AGROPAL PALENCIA,8,I. JAKOVICS,9.661500000000004,49.7104,True,1,MONBUS OBRADOIRO,True
COPA ESPAÑA,Play-offs 1/4 Final,SÚPER AGROPAL PALENCIA,35,A. MUÑOZ BORCHERS,32.5106,82.2285,False,1,MONBUS OBRADOIRO,True
COPA ESPAÑA,Play-offs 1/4 Final,SÚPER AGROPAL PALENCIA,17,M. ARMUS,12.552899999999994,44.1647,False,1,MONBUS OBRADOIRO,True
COPA ESPAÑA,Play-offs 1/4 Final,SÚPER AGROPAL PALENCIA,31,S. UGOCHUKWU,12.3413,51.2979,True,1,MONBUS OBRADOIRO,True
COPA ESPAÑA,Play-offs 1/4 Final,SÚPER AGROPAL PALENCIA,6,T. BORG,8.603700000000003,40.1314,True,1,MONBUS OBRADOIRO,True
COPA ESPAÑA,Play-offs 1/4 Final,SÚPER AGROPAL PALENCIA,8,I. JAKOVICS,27.6446,84.1941,False,1,MONBUS OBRADOIRO,True
COPA ESPAÑA,Play-offs 1/4 Final,SÚPER AGROPAL PALENCIA,8,I. JAKOVICS,29.6897,16.5111,True,1,MONBUS OBRADOIRO,True
COPA ESPAÑA,Play-offs 1/4 Final,SÚPER AGROPAL PALENCIA,9,M. KAMBA,32.5106,48.273,False,1,MONBUS OBRADOIRO,True
COPA ESPAÑA,Play-offs 1/4 Final,SÚPER AGROPAL PALENCIA,8,I. JAKOVICS,34.0621,20.721400000000003,True,1,MONBUS OBRADOIRO,True
COPA ESPAÑA,Play-offs 1/4 Final,SÚPER AGROPAL PALENCIA,6,T. BORG,8.32158,59.1123,True,1,MONBUS OBRADOIRO,True
COPA ESPAÑA,Play-offs 1/4 Final,SÚPER AGROPAL PALENCIA,8,I. JAKOVICS,27.9972,82.1775,False,1,MONBUS OBRADOIRO,True
COPA ESPAÑA,Play-offs 1/4 Final,SÚPER AGROPAL PALENCIA,31,S. UGOCHUKWU,11.7066,49.2813,True,1,MONBUS OBRADOIRO,True
COPA ESPAÑA,Play-offs 1/4 Final,SÚPER AGROPAL PALENCIA,2,A. WINTERING,9.52045,76.3797,False,1,MONBUS OBRADOIRO,True
COPA ESPAÑA,Play-offs 1/4 Final,SÚPER AGROPAL PALENCIA,2,A. WINTERING,14.386499999999998,43.5345,False,1,MONBUS OBRADOIRO,True
COPA ESPAÑA,Play-offs 1/4 Final,SÚPER AGROPAL PALENCIA,13,J. VRANKIC,8.32158,61.5071,False,1,MONBUS OBRADOIRO,True
COPA ESPAÑA,Play-offs 1/4 Final,SÚPER AGROPAL PALENCIA,2,A. WINTERING,6.98166,65.6664,False,1,MONBUS OBRADOIRO,True
COPA ESPAÑA,Play-offs 1/4 Final,SÚPER AGROPAL PALENCIA,6,T. BORG,32.299,22.687,False,1,MONBUS OBRADOIRO,True
COPA ESPAÑA,Play-offs 1/4 Final,SÚPER AGROPAL PALENCIA,2,A. WINTERING,28.4908,81.4212,True,1,MONBUS OBRADOIRO,True
COPA ESPAÑA,Play-offs 1/4 Final,SÚPER AGROPAL PALENCIA,6,T. BORG,16.925200000000004,74.79220000000001,False,1,MONBUS OBRADOIRO,True
COPA ESPAÑA,Play-offs 1/4 Final,SÚPER AGROPAL PALENCIA,35,A. MUÑOZ BORCHERS,36.4598,46.1813,False,1,MONBUS OBRADOIRO,True
COPA ESPAÑA,Play-offs 1/4 Final,SÚPER AGROPAL PALENCIA,8,I. JAKOVICS,28.8434,16.133,True,1,MONBUS OBRADOIRO,True
COPA ESPAÑA,Play-offs 1/4 Final,SÚPER AGROPAL PALENCIA,8,I. JAKOVICS,34.9083,26.519199999999998,True,1,MONBUS OBRADOIRO,True
COPA ESPAÑA,Play-offs 1/4 Final,SÚPER AGROPAL PALENCIA,6,T. BORG,22.849100000000007,66.7257,True,1,MONBUS OBRADOIRO,True
COPA ESPAÑA,Play-offs 1/4 Final,SÚPER AGROPAL PALENCIA,13,J. VRANKIC,28.1382,83.6899,False,1,MONBUS OBRADOIRO,True
COPA ESPAÑA,Play-offs 1/4 Final,SÚPER AGROPAL PALENCIA,2,A. WINTERING,19.111400000000003,60.6758,False,1,MONBUS OBRADOIRO,True
COPA ESPAÑA,Play-offs 1/4 Final,SÚPER AGROPAL PALENCIA,2,A. WINTERING,18.9704,52.0541,False,1,MONBUS OBRADOIRO,True
COPA ESPAÑA,Play-offs 1/4 Final,SÚPER AGROPAL PALENCIA,2,A. WINTERING,32.2285,50.9708,False,1,MONBUS OBRADOIRO,True
COPA ESPAÑA,Play-offs 1/4 Final,SÚPER AGROPAL PALENCIA,7,X. OROZ URIA,13.3992,48.525,False,1,MONBUS OBRADOIRO,True
COPA ESPAÑA,Play-offs 1/4 Final,SÚPER AGROPAL PALENCIA,9,M. KAMBA,33.4979,34.5347,False,1,MONBUS OBRADOIRO,True
COPA ESPAÑA,Play-offs 1/4 Final,SÚPER AGROPAL PALENCIA,13,J. VRANKIC,34.1326,38.694,False,1,MONBUS OBRADOIRO,True
COPA ESPAÑA,Play-offs 1/4 Final,SÚPER AGROPAL PALENCIA,7,X. OROZ URIA,26.798299999999998,89.7908,False,1,MONBUS OBRADOIRO,True
COPA ESPAÑA,Play-offs 1/4 Final,SÚPER AGROPAL PALENCIA,35,A. MUÑOZ BORCHERS,28.9845,79.1525,True,1,MONBUS OBRADOIRO,True
COPA ESPAÑA,Play-offs 1/4 Final,SÚPER AGROPAL PALENCIA,8,I. JAKOVICS,7.968999999999994,41.3918,True,1,MONBUS OBRADOIRO,True
COPA ESPAÑA,Play-offs 1/4 Final,SÚPER AGROPAL PALENCIA,13,J. VRANKIC,8.321600000000004,37.6107,True,1,MONBUS OBRADOIRO,True
COPA ESPAÑA,Play-offs 1/4 Final,SÚPER AGROPAL PALENCIA,17,M. ARMUS,9.943600000000004,41.5179,True,1,MONBUS OBRADOIRO,True
COPA ESPAÑA,Play-offs 1/4 Final,SÚPER AGROPAL PALENCIA,6,T. BORG,35.6841,53.2395,False,1,MONBUS OBRADOIRO,True
COPA ESPAÑA,Play-offs 1/4 Final,SÚPER AGROPAL PALENCIA,2,A. WINTERING,6.4879999999999995,40.2575,True,1,MONBUS OBRADOIRO,True
COPA ESPAÑA,Play-offs 1/4 Final,SÚPER AGROPAL PALENCIA,17,M. ARMUS,9.94358,52.5583,True,1,MONBUS OBRADOIRO,True
COPA ESPAÑA,Play-offs 1/4 Final,SÚPER AGROPAL PALENCIA,8,I. JAKOVICS,12.9055,42.8533,False,1,MONBUS OBRADOIRO,True
COPA ESPAÑA,Play-offs 1/4 Final,SÚPER AGROPAL PALENCIA,2,A. WINTERING,23.342699999999994,92.18558,False,1,MONBUS OBRADOIRO,True
COPA ESPAÑA,Play-offs 1/4 Final,SÚPER AGROPAL PALENCIA,8,I. JAKOVICS,26.657300000000006,16.310100000000006,False,1,MONBUS OBRADOIRO,True
COPA ESPAÑA,Play-offs 1/4 Final,SÚPER AGROPAL PALENCIA,17,M. ARMUS,13.258099999999999,47.3157,True,1,MONBUS OBRADOIRO,True
COPA ESPAÑA,Play-offs 1/4 Final,SÚPER AGROPAL PALENCIA,13,J. VRANKIC,11.7772,48.1469,False,1,MONBUS OBRADOIRO,True
COPA ESPAÑA,Play-offs 1/4 Final,SÚPER AGROPAL PALENCIA,2,A. WINTERING,20.169200000000004,39.8794,False,1,MONBUS OBRADOIRO,True
COPA ESPAÑA,Play-offs 1/4 Final,SÚPER AGROPAL PALENCIA,13,J. VRANKIC,12.059200000000004,50.9708,False,1,MONBUS OBRADOIRO,True
COPA ESPAÑA,Play-offs 1/4 Final,SÚPER AGROPAL PALENCIA,31,S. UGOCHUKWU,19.111400000000003,60.6758,True,1,MONBUS OBRADOIRO,True
COPA ESPAÑA,Play-offs 1/4 Final,SÚPER AGROPAL PALENCIA,13,J. VRANKIC,13.3992,51.9281,True,1,MONBUS OBRADOIRO,True
COPA ESPAÑA,Play-offs 1/4 Final,SÚPER AGROPAL PALENCIA,13,J. VRANKIC,17.207300000000004,74.79220000000001,False,1,MONBUS OBRADOIRO,True
COPA ESPAÑA,Play-offs 1/4 Final,MONBUS OBRADOIRO,25,S. QUINTELA SALVADOR,27.574,83.4379,False,1,SÚPER AGROPAL PALENCIA,False
COPA ESPAÑA,Play-offs 1/4 Final,MONBUS OBRADOIRO,1,M. SPEIGHT,25.8815,85.3285,False,1,SÚPER AGROPAL PALENCIA,False
COPA ESPAÑA,Play-offs 1/4 Final,MONBUS OBRADOIRO,1,M. SPEIGHT,11.7772,72.4725,False,1,SÚPER AGROPAL PALENCIA,False
COPA ESPAÑA,Play-offs 1/4 Final,MONBUS OBRADOIRO,28,A. BARCELLO,22.143900000000002,46.9376,False,1,SÚPER AGROPAL PALENCIA,False
COPA ESPAÑA,Play-offs 1/4 Final,MONBUS OBRADOIRO,28,A. BARCELLO,10.7898,30.7535,False,1,SÚPER AGROPAL PALENCIA,False
COPA ESPAÑA,Play-offs 1/4 Final,MONBUS OBRADOIRO,5,R. ANDERSSON,24.6121,10.4612,False,1,SÚPER AGROPAL PALENCIA,False
COPA ESPAÑA,Play-offs 1/4 Final,MONBUS OBRADOIRO,57,A. GALAN POZO,13.610699999999994,39.7533,False,1,SÚPER AGROPAL PALENCIA,False
COPA ESPAÑA,Play-offs 1/4 Final,MONBUS OBRADOIRO,25,S. QUINTELA SALVADOR,8.885800000000003,35.593999999999994,False,1,SÚPER AGROPAL PALENCIA,False
COPA ESPAÑA,Play-offs 1/4 Final,MONBUS OBRADOIRO,28,A. BARCELLO,11.1425,56.0874,True,1,SÚPER AGROPAL PALENCIA,False
COPA ESPAÑA,Play-offs 1/4 Final,MONBUS OBRADOIRO,57,A. GALAN POZO,7.968999999999994,38.9971,False,1,SÚPER AGROPAL PALENCIA,False
COPA ESPAÑA,Play-offs 1/4 Final,MONBUS OBRADOIRO,5,R. ANDERSSON,34.2736,16.133,True,1,SÚPER AGROPAL PALENCIA,False
COPA ESPAÑA,Play-offs 1/4 Final,MONBUS OBRADOIRO,28,A. BARCELLO,12.764499999999998,33.9555,False,1,SÚPER AGROPAL PALENCIA,False
COPA ESPAÑA,Play-offs 1/4 Final,MONBUS OBRADOIRO,25,S. QUINTELA SALVADOR,30.183400000000006,29.418099999999995,False,1,SÚPER AGROPAL PALENCIA,False
COPA ESPAÑA,Play-offs 1/4 Final,MONBUS OBRADOIRO,25,S. QUINTELA SALVADOR,14.0339,65.9184,False,1,SÚPER AGROPAL PALENCIA,False
COPA ESPAÑA,Play-offs 1/4 Final,MONBUS OBRADOIRO,28,A. BARCELLO,31.5233,63.9018,False,1,SÚPER AGROPAL PALENCIA,False
COPA ESPAÑA,Play-offs 1/4 Final,MONBUS OBRADOIRO,57,A. GALAN POZO,9.097300000000004,41.3918,False,1,SÚPER AGROPAL PALENCIA,False
COPA ESPAÑA,Play-offs 1/4 Final,MONBUS OBRADOIRO,7,F. DOS ANJOS DE PAULA,15.867400000000004,59.5415,False,1,SÚPER AGROPAL PALENCIA,False
COPA ESPAÑA,Play-offs 1/4 Final,MONBUS OBRADOIRO,1,M. SPEIGHT,12.552899999999994,38.2409,False,1,SÚPER AGROPAL PALENCIA,False
COPA ESPAÑA,Play-offs 1/4 Final,MONBUS OBRADOIRO,25,S. QUINTELA SALVADOR,8.885800000000003,35.593999999999994,False,1,SÚPER AGROPAL PALENCIA,False
COPA ESPAÑA,Play-offs 1/4 Final,MONBUS OBRADOIRO,28,A. BARCELLO,9.802499999999995,38.2409,True,1,SÚPER AGROPAL PALENCIA,False
COPA ESPAÑA,Play-offs 1/4 Final,MONBUS OBRADOIRO,1,M. SPEIGHT,32.3695,22.0568,False,1,SÚPER AGROPAL PALENCIA,False
COPA ESPAÑA,Play-offs 1/4 Final,MONBUS OBRADOIRO,25,S. QUINTELA SALVADOR,27.8561,17.7715,False,1,SÚPER AGROPAL PALENCIA,False
COPA ESPAÑA,Play-offs 1/4 Final,MONBUS OBRADOIRO,25,S. QUINTELA SALVADOR,11.354,50.4666,True,1,SÚPER AGROPAL PALENCIA,False
COPA ESPAÑA,Play-offs 1/4 Final,MONBUS OBRADOIRO,28,A. BARCELLO,37.7997,49.7104,False,1,SÚPER AGROPAL PALENCIA,False
COPA ESPAÑA,Play-offs 1/4 Final,MONBUS OBRADOIRO,24,D. DE SOUSA ANJO BRITO,11.0014,54.827,True,1,SÚPER AGROPAL PALENCIA,False
COPA ESPAÑA,Play-offs 1/4 Final,MONBUS OBRADOIRO,23,Y. BARRUETA,36.9535,40.2575,True,1,SÚPER AGROPAL PALENCIA,False
COPA ESPAÑA,Play-offs 1/4 Final,MONBUS OBRADOIRO,1,M. SPEIGHT,18.899900000000002,34.8378,False,1,SÚPER AGROPAL PALENCIA,False
COPA ESPAÑA,Play-offs 1/4 Final,MONBUS OBRADOIRO,1,M. SPEIGHT,8.885800000000003,35.593999999999994,False,1,SÚPER AGROPAL PALENCIA,False
COPA ESPAÑA,Play-offs 1/4 Final,MONBUS OBRADOIRO,57,A. GALAN POZO,28.138199999999998,18.704800000000006,False,1,SÚPER AGROPAL PALENCIA,False
COPA ESPAÑA,Play-offs 1/4 Final,MONBUS OBRADOIRO,11,D. KRAVIC,6.41749,60.3727,False,1,SÚPER AGROPAL PALENCIA,False
COPA ESPAÑA,Play-offs 1/4 Final,MONBUS OBRADOIRO,28,A. BARCELLO,12.552899999999994,38.2409,False,1,SÚPER AGROPAL PALENCIA,False
COPA ESPAÑA,Play-offs 1/4 Final,MONBUS OBRADOIRO,57,A. GALAN POZO,11.001400000000004,27.527500000000003,False,1,SÚPER AGROPAL PALENCIA,False
COPA ESPAÑA,Play-offs 1/4 Final,MONBUS OBRADOIRO,25,S. QUINTELA SALVADOR,28.3498,79.0265,False,1,SÚPER AGROPAL PALENCIA,False
COPA ESPAÑA,Play-offs 1/4 Final,MONBUS OBRADOIRO,57,A. GALAN POZO,13.6107,28.1067,True,1,SÚPER AGROPAL PALENCIA,False
COPA ESPAÑA,Play-offs 1/4 Final,MONBUS OBRADOIRO,57,A. GALAN POZO,19.887200000000007,94.45428,False,1,SÚPER AGROPAL PALENCIA,False
COPA ESPAÑA,Play-offs 1/4 Final,MONBUS OBRADOIRO,24,D. DE SOUSA ANJO BRITO,34.4147,62.8935,False,1,SÚPER AGROPAL PALENCIA,False
COPA ESPAÑA,Play-offs 1/4 Final,MONBUS OBRADOIRO,57,A. GALAN POZO,9.097300000000004,41.3918,False,1,SÚPER AGROPAL PALENCIA,False
COPA ESPAÑA,Play-offs 1/4 Final,MONBUS OBRADOIRO,24,D. DE SOUSA ANJO BRITO,32.01690000000001,81.7243,False,1,SÚPER AGROPAL PALENCIA,False
COPA ESPAÑA,Play-offs 1/4 Final,MONBUS OBRADOIRO,24,D. DE SOUSA ANJO BRITO,8.53315,44.6178,True,1,SÚPER AGROPAL PALENCIA,False
COPA ESPAÑA,Play-offs 1/4 Final,MONBUS OBRADOIRO,24,D. DE SOUSA ANJO BRITO,34.4147,15.3768,False,1,SÚPER AGROPAL PALENCIA,False
COPA ESPAÑA,Play-offs 1/4 Final,MONBUS OBRADOIRO,9,L. WESTERMANN,30.183400000000006,29.418099999999995,False,1,SÚPER AGROPAL PALENCIA,False
COPA ESPAÑA,Play-offs 1/4 Final,MONBUS OBRADOIRO,23,Y. BARRUETA,22.284899999999993,92.31162,True,1,SÚPER AGROPAL PALENCIA,False
COPA ESPAÑA,Play-offs 1/4 Final,MONBUS OBRADOIRO,5,R. ANDERSSON,23.6953,10.5873,True,1,SÚPER AGROPAL PALENCIA,False
COPA ESPAÑA,Play-offs 1/4 Final,MONBUS OBRADOIRO,1,M. SPEIGHT,33.427400000000006,26.8973,True,1,SÚPER AGROPAL PALENCIA,False
COPA ESPAÑA,Play-offs 1/4 Final,MONBUS OBRADOIRO,25,S. QUINTELA SALVADOR,10.084599999999995,40.2575,True,1,SÚPER AGROPAL PALENCIA,False
COPA ESPAÑA,Play-offs 1/4 Final,MONBUS OBRADOIRO,25,S. QUINTELA SALVADOR,12.2003,54.953,True,1,SÚPER AGROPAL PALENCIA,False
COPA ESPAÑA,Play-offs 1/4 Final,MONBUS OBRADOIRO,1,M. SPEIGHT,32.5811,18.7798,True,1,SÚPER AGROPAL PALENCIA,False
COPA ESPAÑA,Play-offs 1/4 Final,MONBUS OBRADOIRO,23,Y. BARRUETA,29.3371,17.3934,False,1,SÚPER AGROPAL PALENCIA,False
COPA ESPAÑA,Play-offs 1/4 Final,MONBUS OBRADOIRO,1,M. SPEIGHT,9.590999999999994,41.7699,True,1,SÚPER AGROPAL PALENCIA,False
COPA ESPAÑA,Play-offs 1/4 Final,MONBUS OBRADOIRO,23,Y. BARRUETA,28.2087,81.9254,True,1,SÚPER AGROPAL PALENCIA,False
COPA ESPAÑA,Play-offs 1/4 Final,MONBUS OBRADOIRO,24,D. DE SOUSA ANJO BRITO,34.203100000000006,70.6329,False,1,SÚPER AGROPAL PALENCIA,False
COPA ESPAÑA,Play-offs 1/4 Final,MONBUS OBRADOIRO,9,L. WESTERMANN,36.4598,54.6259,False,1,SÚPER AGROPAL PALENCIA,False
COPA ESPAÑA,Play-offs 1/4 Final,MONBUS OBRADOIRO,5,R. ANDERSSON,17.5599,49.2063,False,1,SÚPER AGROPAL PALENCIA,False
COPA ESPAÑA,Play-offs 1/4 Final,MONBUS OBRADOIRO,23,Y. BARRUETA,31.8054,72.5985,False,1,SÚPER AGROPAL PALENCIA,False
COPA ESPAÑA,Play-offs 1/4 Final,MONBUS OBRADOIRO,28,A. BARCELLO,12.764499999999998,33.9555,False,1,SÚPER AGROPAL PALENCIA,False
COPA ESPAÑA,Play-offs 1/4 Final,MONBUS OBRADOIRO,23,Y. BARRUETA,29.619200000000006,20.847499999999997,True,1,SÚPER AGROPAL PALENCIA,False
COPA ESPAÑA,Play-offs 1/4 Final,MONBUS OBRADOIRO,1,M. SPEIGHT,34.485200000000006,69.8767,True,1,SÚPER AGROPAL PALENCIA,False
COPA ESPAÑA,Play-offs 1/4 Final,MONBUS OBRADOIRO,5,R. ANDERSSON,28.3498,80.2869,True,1,SÚPER AGROPAL PALENCIA,False
COPA ESPAÑA,Play-offs 1/4 Final,MONBUS OBRADOIRO,57,A. GALAN POZO,9.520499999999998,38.4929,True,1,SÚPER AGROPAL PALENCIA,False
COPA ESPAÑA,Play-offs 1/4 Final,MONBUS OBRADOIRO,5,R. ANDERSSON,24.8942,89.3617,False,1,SÚPER AGROPAL PALENCIA,False
COPA ESPAÑA,Play-offs 1/4 Final,MONBUS OBRADOIRO,57,A. GALAN POZO,25.2468,88.7315,False,1,SÚPER AGROPAL PALENCIA,False
COPA ESPAÑA,Play-offs 1/4 Final,MONBUS OBRADOIRO,25,S. QUINTELA SALVADOR,30.7475,76.1276,True,1,SÚPER AGROPAL PALENCIA,False
COPA ESPAÑA,Play-offs 1/4 Final,MONBUS OBRADOIRO,7,F. DOS ANJOS DE PAULA,16.7842,50.5927,False,1,SÚPER AGROPAL PALENCIA,False
COPA ESPAÑA,Play-offs 1/4 Final,MONBUS OBRADOIRO,57,A. GALAN POZO,9.37941,52.4323,False,1,SÚPER AGROPAL PALENCIA,False
COPA ESPAÑA,Play-offs 1/4 Final,MONBUS OBRADOIRO,24,D. DE SOUSA ANJO BRITO,26.7278,83.3118,True,1,SÚPER AGROPAL PALENCIA,False
COPA ESPAÑA,Play-offs 1/4 Final,MONBUS OBRADOIRO,1,M. SPEIGHT,18.829300000000003,25.510900000000007,True,1,SÚPER AGROPAL PALENCIA,False
COPA ESPAÑA,Play-offs 1/4 Final,LOGROBASKET LOGI7,17,A. BIRD-JELINEK,29.266599999999997,19.334999999999994,False,1,CLOUD.GAL OURENSE BALONCESTO,True
COPA ESPAÑA,Play-offs 1/4 Final,LOGROBASKET LOGI7,5,L. OBAJO BELTRAN,11.9182,52.5583,False,1,CLOUD.GAL OURENSE BALONCESTO,True
COPA ESPAÑA,Play-offs 1/4 Final,LOGROBASKET LOGI7,17,A. BIRD-JELINEK,35.26090000000001,32.569100000000006,False,1,CLOUD.GAL OURENSE BALONCESTO,True
COPA ESPAÑA,Play-offs 1/4 Final,LOGROBASKET LOGI7,10,A. INFANTE GUTIERREZ,31.382199999999997,26.8973,False,1,CLOUD.GAL OURENSE BALONCESTO,True
COPA ESPAÑA,Play-offs 1/4 Final,LOGROBASKET LOGI7,77,I. MONTERO MECA,36.6008,52.3572,False,1,CLOUD.GAL OURENSE BALONCESTO,True
COPA ESPAÑA,Play-offs 1/4 Final,LOGROBASKET LOGI7,77,I. MONTERO MECA,32.3695,20.9735,False,1,CLOUD.GAL OURENSE BALONCESTO,True
COPA ESPAÑA,Play-offs 1/4 Final,LOGROBASKET LOGI7,10,A. INFANTE GUTIERREZ,31.734800000000007,71.3891,False,1,CLOUD.GAL OURENSE BALONCESTO,True
COPA ESPAÑA,Play-offs 1/4 Final,LOGROBASKET LOGI7,16,W. NIANG,9.16784,44.2397,False,1,CLOUD.GAL OURENSE BALONCESTO,True
COPA ESPAÑA,Play-offs 1/4 Final,LOGROBASKET LOGI7,77,I. MONTERO MECA,33.7094,64.1539,True,1,CLOUD.GAL OURENSE BALONCESTO,True
COPA ESPAÑA,Play-offs 1/4 Final,LOGROBASKET LOGI7,2,A. RODRIGUEZ MONTON,33.2158,21.4777,False,1,CLOUD.GAL OURENSE BALONCESTO,True
COPA ESPAÑA,Play-offs 1/4 Final,LOGROBASKET LOGI7,10,A. INFANTE GUTIERREZ,8.885800000000003,48.1979,False,1,CLOUD.GAL OURENSE BALONCESTO,True
COPA ESPAÑA,Play-offs 1/4 Final,LOGROBASKET LOGI7,77,I. MONTERO MECA,34.9083,60.8769,False,1,CLOUD.GAL OURENSE BALONCESTO,True
COPA ESPAÑA,Play-offs 1/4 Final,LOGROBASKET LOGI7,55,P. SALL,13.2581,49.4073,True,1,CLOUD.GAL OURENSE BALONCESTO,True
COPA ESPAÑA,Play-offs 1/4 Final,LOGROBASKET LOGI7,16,W. NIANG,7.05219,36.6774,True,1,CLOUD.GAL OURENSE BALONCESTO,True
COPA ESPAÑA,Play-offs 1/4 Final,LOGROBASKET LOGI7,7,B. AREVALO SAENZ,9.0268,42.8533,False,1,CLOUD.GAL OURENSE BALONCESTO,True
COPA ESPAÑA,Play-offs 1/4 Final,LOGROBASKET LOGI7,55,P. SALL,32.2285,20.9225,False,1,CLOUD.GAL OURENSE BALONCESTO,True
COPA ESPAÑA,Play-offs 1/4 Final,LOGROBASKET LOGI7,7,B. AREVALO SAENZ,18.2652,28.989,True,1,CLOUD.GAL OURENSE BALONCESTO,True
COPA ESPAÑA,Play-offs 1/4 Final,LOGROBASKET LOGI7,10,A. INFANTE GUTIERREZ,25.1763,13.6122,True,1,CLOUD.GAL OURENSE BALONCESTO,True
COPA ESPAÑA,Play-offs 1/4 Final,LOGROBASKET LOGI7,17,A. BIRD-JELINEK,34.8378,69.1955,False,1,CLOUD.GAL OURENSE BALONCESTO,True
COPA ESPAÑA,Play-offs 1/4 Final,LOGROBASKET LOGI7,10,A. INFANTE GUTIERREZ,12.9055,40.3325,False,1,CLOUD.GAL OURENSE BALONCESTO,True
COPA ESPAÑA,Play-offs 1/4 Final,LOGROBASKET LOGI7,2,A. RODRIGUEZ MONTON,5.500699999999995,56.8946,True,1,CLOUD.GAL OURENSE BALONCESTO,True
COPA ESPAÑA,Play-offs 1/4 Final,LOGROBASKET LOGI7,77,I. MONTERO MECA,20.0282,50.3406,False,1,CLOUD.GAL OURENSE BALONCESTO,True
COPA ESPAÑA,Play-offs 1/4 Final,LOGROBASKET LOGI7,17,A. BIRD-JELINEK,14.7391,37.5596,True,1,CLOUD.GAL OURENSE BALONCESTO,True
COPA ESPAÑA,Play-offs 1/4 Final,LOGROBASKET LOGI7,55,P. SALL,9.09732,34.4087,True,1,CLOUD.GAL OURENSE BALONCESTO,True
COPA ESPAÑA,Play-offs 1/4 Final,LOGROBASKET LOGI7,55,P. SALL,6.62906,33.7785,True,1,CLOUD.GAL OURENSE BALONCESTO,True
COPA ESPAÑA,Play-offs 1/4 Final,LOGROBASKET LOGI7,5,L. OBAJO BELTRAN,8.11001,42.9793,True,1,CLOUD.GAL OURENSE BALONCESTO,True
COPA ESPAÑA,Play-offs 1/4 Final,LOGROBASKET LOGI7,10,A. INFANTE GUTIERREZ,15.3738,21.1746,False,1,CLOUD.GAL OURENSE BALONCESTO,True
COPA ESPAÑA,Play-offs 1/4 Final,LOGROBASKET LOGI7,10,A. INFANTE GUTIERREZ,27.362499999999997,83.867,True,1,CLOUD.GAL OURENSE BALONCESTO,True
COPA ESPAÑA,Play-offs 1/4 Final,LOGROBASKET LOGI7,16,W. NIANG,36.0367,38.82,False,1,CLOUD.GAL OURENSE BALONCESTO,True
COPA ESPAÑA,Play-offs 1/4 Final,LOGROBASKET LOGI7,2,A. RODRIGUEZ MONTON,27.1509,82.6816,False,1,CLOUD.GAL OURENSE BALONCESTO,True
COPA ESPAÑA,Play-offs 1/4 Final,LOGROBASKET LOGI7,16,W. NIANG,17.2073,17.2674,False,1,CLOUD.GAL OURENSE BALONCESTO,True
COPA ESPAÑA,Play-offs 1/4 Final,LOGROBASKET LOGI7,17,A. BIRD-JELINEK,9.52045,29.2411,False,1,CLOUD.GAL OURENSE BALONCESTO,True
COPA ESPAÑA,Play-offs 1/4 Final,LOGROBASKET LOGI7,10,A. INFANTE GUTIERREZ,30.8181,23.3682,True,1,CLOUD.GAL OURENSE BALONCESTO,True
COPA ESPAÑA,Play-offs 1/4 Final,LOGROBASKET LOGI7,77,I. MONTERO MECA,9.802499999999995,49.2063,True,1,CLOUD.GAL OURENSE BALONCESTO,True
COPA ESPAÑA,Play-offs 1/4 Final,LOGROBASKET LOGI7,77,I. MONTERO MECA,29.125500000000002,22.233900000000006,False,1,CLOUD.GAL OURENSE BALONCESTO,True
COPA ESPAÑA,Play-offs 1/4 Final,LOGROBASKET LOGI7,77,I. MONTERO MECA,29.2666,83.942,False,1,CLOUD.GAL OURENSE BALONCESTO,True
COPA ESPAÑA,Play-offs 1/4 Final,LOGROBASKET LOGI7,55,P. SALL,12.270799999999994,80.2119,True,1,CLOUD.GAL OURENSE BALONCESTO,True
COPA ESPAÑA,Play-offs 1/4 Final,LOGROBASKET LOGI7,5,L. OBAJO BELTRAN,13.6812,54.3228,False,1,CLOUD.GAL OURENSE BALONCESTO,True
COPA ESPAÑA,Play-offs 1/4 Final,LOGROBASKET LOGI7,5,L. OBAJO BELTRAN,6.064899999999994,61.6841,True,1,CLOUD.GAL OURENSE BALONCESTO,True
COPA ESPAÑA,Play-offs 1/4 Final,LOGROBASKET LOGI7,55,P. SALL,5.218599999999995,54.878,True,1,CLOUD.GAL OURENSE BALONCESTO,True
COPA ESPAÑA,Play-offs 1/4 Final,LOGROBASKET LOGI7,2,A. RODRIGUEZ MONTON,21.2976,43.4835,True,1,CLOUD.GAL OURENSE BALONCESTO,True
COPA ESPAÑA,Play-offs 1/4 Final,LOGROBASKET LOGI7,10,A. INFANTE GUTIERREZ,36.0367,47.7688,True,1,CLOUD.GAL OURENSE BALONCESTO,True
COPA ESPAÑA,Play-offs 1/4 Final,LOGROBASKET LOGI7,17,A. BIRD-JELINEK,36.6714,56.2644,False,1,CLOUD.GAL OURENSE BALONCESTO,True
COPA ESPAÑA,Play-offs 1/4 Final,LOGROBASKET LOGI7,10,A. INFANTE GUTIERREZ,33.92100000000001,30.048299999999998,False,1,CLOUD.GAL OURENSE BALONCESTO,True
COPA ESPAÑA,Play-offs 1/4 Final,LOGROBASKET LOGI7,55,P. SALL,7.89845,41.0887,True,1,CLOUD.GAL OURENSE BALONCESTO,True
COPA ESPAÑA,Play-offs 1/4 Final,LOGROBASKET LOGI7,10,A. INFANTE GUTIERREZ,28.772900000000007,21.729699999999994,False,1,CLOUD.GAL OURENSE BALONCESTO,True
COPA ESPAÑA,Play-offs 1/4 Final,LOGROBASKET LOGI7,55,P. SALL,5.28914,52.8104,True,1,CLOUD.GAL OURENSE BALONCESTO,True
COPA ESPAÑA,Play-offs 1/4 Final,LOGROBASKET LOGI7,16,W. NIANG,34.0621,48.7771,False,1,CLOUD.GAL OURENSE BALONCESTO,True
COPA ESPAÑA,Play-offs 1/4 Final,LOGROBASKET LOGI7,7,B. AREVALO SAENZ,10.3667,41.5929,False,1,CLOUD.GAL OURENSE BALONCESTO,True
COPA ESPAÑA,Play-offs 1/4 Final,LOGROBASKET LOGI7,77,I. MONTERO MECA,32.299,79.0265,False,1,CLOUD.GAL OURENSE BALONCESTO,True
COPA ESPAÑA,Play-offs 1/4 Final,LOGROBASKET LOGI7,10,A. INFANTE GUTIERREZ,36.1072,23.9474,False,1,CLOUD.GAL OURENSE BALONCESTO,True
COPA ESPAÑA,Play-offs 1/4 Final,LOGROBASKET LOGI7,5,L. OBAJO BELTRAN,9.1678,52.1052,True,1,CLOUD.GAL OURENSE BALONCESTO,True
COPA ESPAÑA,Play-offs 1/4 Final,LOGROBASKET LOGI7,5,L. OBAJO BELTRAN,11.0719,45.173,False,1,CLOUD.GAL OURENSE BALONCESTO,True
COPA ESPAÑA,Play-offs 1/4 Final,LOGROBASKET LOGI7,16,W. NIANG,13.1876,35.7951,False,1,CLOUD.GAL OURENSE BALONCESTO,True
COPA ESPAÑA,Play-offs 1/4 Final,CLOUD.GAL OURENSE BALONCESTO,9,C. OKANU,10.0846,40.7106,True,1,LOGROBASKET LOGI7,False
COPA ESPAÑA,Play-offs 1/4 Final,CLOUD.GAL OURENSE BALONCESTO,23,D. SARAIVA SEIXAS,31.8759,23.746399999999994,False,1,LOGROBASKET LOGI7,False
COPA ESPAÑA,Play-offs 1/4 Final,CLOUD.GAL OURENSE BALONCESTO,28,R. DIAS MARQUES LISBOA SANTOS,11.424499999999995,75.6745,False,1,LOGROBASKET LOGI7,False
COPA ESPAÑA,Play-offs 1/4 Final,CLOUD.GAL OURENSE BALONCESTO,10,I. VAZQUEZ PEREZ,16.8547,51.8021,True,1,LOGROBASKET LOGI7,False
COPA ESPAÑA,Play-offs 1/4 Final,CLOUD.GAL OURENSE BALONCESTO,35,R. GILL,8.18054,53.4406,False,1,LOGROBASKET LOGI7,False
COPA ESPAÑA,Play-offs 1/4 Final,CLOUD.GAL OURENSE BALONCESTO,3,K. SMITH,31.5233,82.4296,False,1,LOGROBASKET LOGI7,False
COPA ESPAÑA,Play-offs 1/4 Final,CLOUD.GAL OURENSE BALONCESTO,12,S. HUGUET CARRASCO,11.142499999999998,40.8877,False,1,LOGROBASKET LOGI7,False
COPA ESPAÑA,Play-offs 1/4 Final,CLOUD.GAL OURENSE BALONCESTO,9,C. OKANU,11.636099999999999,56.0124,True,1,LOGROBASKET LOGI7,False
COPA ESPAÑA,Play-offs 1/4 Final,CLOUD.GAL OURENSE BALONCESTO,11,M. FERNANDEZ CARBALLO,9.59097,22.561,True,1,LOGROBASKET LOGI7,False
COPA ESPAÑA,Play-offs 1/4 Final,CLOUD.GAL OURENSE BALONCESTO,10,I. VAZQUEZ PEREZ,34.2736,62.6414,True,1,LOGROBASKET LOGI7,False
COPA ESPAÑA,Play-offs 1/4 Final,CLOUD.GAL OURENSE BALONCESTO,10,I. VAZQUEZ PEREZ,13.822299999999998,48.5761,True,1,LOGROBASKET LOGI7,False
COPA ESPAÑA,Play-offs 1/4 Final,CLOUD.GAL OURENSE BALONCESTO,22,G. KALSCHEUR,12.059200000000004,46.8115,False,1,LOGROBASKET LOGI7,False
COPA ESPAÑA,Play-offs 1/4 Final,CLOUD.GAL OURENSE BALONCESTO,24,S. MC DONNELL,10.8604,35.0389,True,1,LOGROBASKET LOGI7,False
COPA ESPAÑA,Play-offs 1/4 Final,CLOUD.GAL OURENSE BALONCESTO,3,K. SMITH,33.2863,27.653599999999997,True,1,LOGROBASKET LOGI7,False
COPA ESPAÑA,Play-offs 1/4 Final,CLOUD.GAL OURENSE BALONCESTO,22,G. KALSCHEUR,31.3822,70.4558,False,1,LOGROBASKET LOGI7,False
COPA ESPAÑA,Play-offs 1/4 Final,CLOUD.GAL OURENSE BALONCESTO,22,G. KALSCHEUR,10.2257,42.2231,True,1,LOGROBASKET LOGI7,False
COPA ESPAÑA,Play-offs 1/4 Final,CLOUD.GAL OURENSE BALONCESTO,9,C. OKANU,10.0141,55.0041,True,1,LOGROBASKET LOGI7,False
COPA ESPAÑA,Play-offs 1/4 Final,CLOUD.GAL OURENSE BALONCESTO,11,M. FERNANDEZ CARBALLO,15.867400000000004,45.299,True,1,LOGROBASKET LOGI7,False
COPA ESPAÑA,Play-offs 1/4 Final,CLOUD.GAL OURENSE BALONCESTO,11,M. FERNANDEZ CARBALLO,10.6488,56.2134,False,1,LOGROBASKET LOGI7,False
COPA ESPAÑA,Play-offs 1/4 Final,CLOUD.GAL OURENSE BALONCESTO,28,R. DIAS MARQUES LISBOA SANTOS,34.5557,52.8104,False,1,LOGROBASKET LOGI7,False
COPA ESPAÑA,Play-offs 1/4 Final,CLOUD.GAL OURENSE BALONCESTO,11,M. FERNANDEZ CARBALLO,9.732,46.9376,False,1,LOGROBASKET LOGI7,False
COPA ESPAÑA,Play-offs 1/4 Final,CLOUD.GAL OURENSE BALONCESTO,28,R. DIAS MARQUES LISBOA SANTOS,37.2355,67.0528,False,1,LOGROBASKET LOGI7,False
COPA ESPAÑA,Play-offs 1/4 Final,CLOUD.GAL OURENSE BALONCESTO,24,S. MC DONNELL,37.4471,45.5001,False,1,LOGROBASKET LOGI7,False
COPA ESPAÑA,Play-offs 1/4 Final,CLOUD.GAL OURENSE BALONCESTO,12,S. HUGUET CARRASCO,27.573999999999998,88.1523,False,1,LOGROBASKET LOGI7,False
COPA ESPAÑA,Play-offs 1/4 Final,CLOUD.GAL OURENSE BALONCESTO,3,K. SMITH,26.163600000000002,15.301699999999997,True,1,LOGROBASKET LOGI7,False
COPA ESPAÑA,Play-offs 1/4 Final,CLOUD.GAL OURENSE BALONCESTO,11,M. FERNANDEZ CARBALLO,18.6178,44.8699,False,1,LOGROBASKET LOGI7,False
COPA ESPAÑA,Play-offs 1/4 Final,CLOUD.GAL OURENSE BALONCESTO,22,G. KALSCHEUR,8.25106,38.82,False,1,LOGROBASKET LOGI7,False
COPA ESPAÑA,Play-offs 1/4 Final,CLOUD.GAL OURENSE BALONCESTO,22,G. KALSCHEUR,27.7856,18.7798,False,1,LOGROBASKET LOGI7,False
COPA ESPAÑA,Play-offs 1/4 Final,CLOUD.GAL OURENSE BALONCESTO,24,S. MC DONNELL,10.2257,36.8034,False,1,LOGROBASKET LOGI7,False
COPA ESPAÑA,Play-offs 1/4 Final,CLOUD.GAL OURENSE BALONCESTO,28,R. DIAS MARQUES LISBOA SANTOS,36.0367,33.4004,False,1,LOGROBASKET LOGI7,False
COPA ESPAÑA,Play-offs 1/4 Final,CLOUD.GAL OURENSE BALONCESTO,3,K. SMITH,36.5303,51.475,False,1,LOGROBASKET LOGI7,False
COPA ESPAÑA,Play-offs 1/4 Final,CLOUD.GAL OURENSE BALONCESTO,23,D. SARAIVA SEIXAS,28.561400000000006,19.082899999999995,False,1,LOGROBASKET LOGI7,False
COPA ESPAÑA,Play-offs 1/4 Final,CLOUD.GAL OURENSE BALONCESTO,3,K. SMITH,30.2539,80.539,False,1,LOGROBASKET LOGI7,False
COPA ESPAÑA,Play-offs 1/4 Final,CLOUD.GAL OURENSE BALONCESTO,11,M. FERNANDEZ CARBALLO,18.2652,36.0472,False,1,LOGROBASKET LOGI7,False
COPA ESPAÑA,Play-offs 1/4 Final,CLOUD.GAL OURENSE BALONCESTO,11,M. FERNANDEZ CARBALLO,6.417500000000004,58.5331,True,1,LOGROBASKET LOGI7,False
COPA ESPAÑA,Play-offs 1/4 Final,CLOUD.GAL OURENSE BALONCESTO,28,R. DIAS MARQUES LISBOA SANTOS,33.2863,63.3977,False,1,LOGROBASKET LOGI7,False
COPA ESPAÑA,Play-offs 1/4 Final,CLOUD.GAL OURENSE BALONCESTO,24,S. MC DONNELL,31.029600000000002,84.49719999999999,True,1,LOGROBASKET LOGI7,False
COPA ESPAÑA,Play-offs 1/4 Final,CLOUD.GAL OURENSE BALONCESTO,10,I. VAZQUEZ PEREZ,10.0846,41.5929,False,1,LOGROBASKET LOGI7,False
COPA ESPAÑA,Play-offs 1/4 Final,CLOUD.GAL OURENSE BALONCESTO,12,S. HUGUET CARRASCO,33.63890000000001,82.7326,False,1,LOGROBASKET LOGI7,False
COPA ESPAÑA,Play-offs 1/4 Final,CLOUD.GAL OURENSE BALONCESTO,10,I. VAZQUEZ PEREZ,13.9633,57.5999,False,1,LOGROBASKET LOGI7,False
COPA ESPAÑA,Play-offs 1/4 Final,CLOUD.GAL OURENSE BALONCESTO,22,G. KALSCHEUR,9.80254,40.2065,False,1,LOGROBASKET LOGI7,False
COPA ESPAÑA,Play-offs 1/4 Final,CLOUD.GAL OURENSE BALONCESTO,35,R. GILL,15.3738,46.2563,True,1,LOGROBASKET LOGI7,False
COPA ESPAÑA,Play-offs 1/4 Final,CLOUD.GAL OURENSE BALONCESTO,28,R. DIAS MARQUES LISBOA SANTOS,17.3484,43.1054,True,1,LOGROBASKET LOGI7,False
COPA ESPAÑA,Play-offs 1/4 Final,CLOUD.GAL OURENSE BALONCESTO,35,R. GILL,12.2003,31.0056,False,1,LOGROBASKET LOGI7,False
COPA ESPAÑA,Play-offs 1/4 Final,CLOUD.GAL OURENSE BALONCESTO,11,M. FERNANDEZ CARBALLO,9.873099999999994,48.5761,True,1,LOGROBASKET LOGI7,False
COPA ESPAÑA,Play-offs 1/4 Final,CLOUD.GAL OURENSE BALONCESTO,10,I. VAZQUEZ PEREZ,12.5529,55.0791,False,1,LOGROBASKET LOGI7,False
COPA ESPAÑA,Play-offs 1/4 Final,CLOUD.GAL OURENSE BALONCESTO,12,S. HUGUET CARRASCO,33.92100000000001,71.7672,False,1,LOGROBASKET LOGI7,False
COPA ESPAÑA,Play-offs 1/4 Final,CLOUD.GAL OURENSE BALONCESTO,9,C. OKANU,7.19323,51.9281,True,1,LOGROBASKET LOGI7,False
COPA ESPAÑA,Play-offs 1/4 Final,CLOUD.GAL OURENSE BALONCESTO,22,G. KALSCHEUR,23.7659,61.6331,False,1,LOGROBASKET LOGI7,False
COPA ESPAÑA,Play-offs 1/4 Final,CLOUD.GAL OURENSE BALONCESTO,9,C. OKANU,9.52045,40.9627,True,1,LOGROBASKET LOGI7,False
COPA ESPAÑA,Play-offs 1/4 Final,CLOUD.GAL OURENSE BALONCESTO,24,S. MC DONNELL,8.53315,50.7937,True,1,LOGROBASKET LOGI7,False
COPA ESPAÑA,Play-offs 1/4 Final,CLOUD.GAL OURENSE BALONCESTO,10,I. VAZQUEZ PEREZ,30.6065,77.6401,False,1,LOGROBASKET LOGI7,False
COPA ESPAÑA,Play-offs 1/4 Final,CLOUD.GAL OURENSE BALONCESTO,22,G. KALSCHEUR,24.612099999999998,89.6648,True,1,LOGROBASKET LOGI7,False
COPA ESPAÑA,Play-offs 1/4 Final,CLOUD.GAL OURENSE BALONCESTO,24,S. MC DONNELL,29.901300000000006,81.9764,True,1,LOGROBASKET LOGI7,False
COPA ESPAÑA,Play-offs 1/4 Final,CLOUD.GAL OURENSE BALONCESTO,9,C. OKANU,12.341300000000004,40.6356,False,1,LOGROBASKET LOGI7,False
COPA ESPAÑA,Play-offs 1/4 Final,CLOUD.GAL OURENSE BALONCESTO,28,R. DIAS MARQUES LISBOA SANTOS,16.5726,46.8865,False,1,LOGROBASKET LOGI7,False
COPA ESPAÑA,Play-offs 1/4 Final,CLOUD.GAL OURENSE BALONCESTO,22,G. KALSCHEUR,12.200299999999999,37.9888,False,1,LOGROBASKET LOGI7,False
COPA ESPAÑA,Play-offs 1/4 Final,CLOUD.GAL OURENSE BALONCESTO,9,C. OKANU,7.122699999999995,50.3406,True,1,LOGROBASKET LOGI7,False
COPA ESPAÑA,Play-offs 1/4 Final,CLOUD.GAL OURENSE BALONCESTO,28,R. DIAS MARQUES LISBOA SANTOS,27.7856,82.9337,False,1,LOGROBASKET LOGI7,False
COPA ESPAÑA,Play-offs 1/4 Final,CLOUD.GAL OURENSE BALONCESTO,23,D. SARAIVA SEIXAS,21.509200000000007,49.5844,False,1,LOGROBASKET LOGI7,False
COPA ESPAÑA,Play-offs 1/4 Final,CLOUD.GAL OURENSE BALONCESTO,35,R. GILL,11.0719,51.8531,True,1,LOGROBASKET LOGI7,False
COPA ESPAÑA,Play-offs 1/4 Final,CLOUD.GAL OURENSE BALONCESTO,9,C. OKANU,14.8801,48.0209,False,1,LOGROBASKET LOGI7,False
COPA ESPAÑA,Play-offs 1/4 Final,CLOUD.GAL OURENSE BALONCESTO,35,R. GILL,14.456999999999994,51.2229,False,1,LOGROBASKET LOGI7,False
COPA ESPAÑA,Play-offs 1/4 Final,CLOUD.GAL OURENSE BALONCESTO,9,C. OKANU,19.1819,47.3907,False,1,LOGROBASKET LOGI7,False
COPA ESPAÑA,Play-offs 1/4 Final,CLOUD.GAL OURENSE BALONCESTO,12,S. HUGUET CARRASCO,15.021199999999993,50.0885,True,1,LOGROBASKET LOGI7,False
COPA ESPAÑA,Play-offs 1/4 Final,CLOUD.GAL OURENSE BALONCESTO,10,I. VAZQUEZ PEREZ,31.100099999999998,25.888999999999996,True,1,LOGROBASKET LOGI7,False
COPA ESPAÑA,Play-offs 1/8 Final,CLASS BASQUET SANT ANTONI,20,N. ZIZIC,9.44993,58.3561,True,1,CLUB OURENSE BALONCESTO,True
COPA ESPAÑA,Play-offs 1/8 Final,CLASS BASQUET SANT ANTONI,32,J. SOLARIN,27.433,84.1941,True,1,CLUB OURENSE BALONCESTO,True
COPA ESPAÑA,Play-offs 1/8 Final,CLASS BASQUET SANT ANTONI,10,D. DE LA RUA DE AGUSTIN,26.1636,88.6055,True,1,CLUB OURENSE BALONCESTO,True
COPA ESPAÑA,Play-offs 1/8 Final,CLASS BASQUET SANT ANTONI,20,N. ZIZIC,9.44993,58.3561,False,1,CLUB OURENSE BALONCESTO,True
COPA ESPAÑA,Play-offs 1/8 Final,CLASS BASQUET SANT ANTONI,20,N. ZIZIC,7.686899999999994,54.878,False,1,CLUB OURENSE BALONCESTO,True
COPA ESPAÑA,Play-offs 1/8 Final,CLASS BASQUET SANT ANTONI,32,J. SOLARIN,32.581100000000006,74.036,True,1,CLUB OURENSE BALONCESTO,True
COPA ESPAÑA,Play-offs 1/8 Final,CLASS BASQUET SANT ANTONI,10,D. DE LA RUA DE AGUSTIN,21.5797,19.5361,False,1,CLUB OURENSE BALONCESTO,True
COPA ESPAÑA,Play-offs 1/8 Final,CLASS BASQUET SANT ANTONI,10,D. DE LA RUA DE AGUSTIN,27.292,10.8904,False,1,CLUB OURENSE BALONCESTO,True
COPA ESPAÑA,Play-offs 1/8 Final,CLASS BASQUET SANT ANTONI,5,K. JOHNSON,10.9309,47.8948,False,1,CLUB OURENSE BALONCESTO,True
COPA ESPAÑA,Play-offs 1/8 Final,CLASS BASQUET SANT ANTONI,4,G. BLAT BAEZA,9.873099999999994,59.5415,True,1,CLUB OURENSE BALONCESTO,True
COPA ESPAÑA,Play-offs 1/8 Final,CLASS BASQUET SANT ANTONI,19,S. PAZ VAZQUEZ,30.6065,22.0568,False,1,CLUB OURENSE BALONCESTO,True
COPA ESPAÑA,Play-offs 1/8 Final,CLASS BASQUET SANT ANTONI,5,K. JOHNSON,34.2736,47.0126,False,1,CLUB OURENSE BALONCESTO,True
COPA ESPAÑA,Play-offs 1/8 Final,CLASS BASQUET SANT ANTONI,5,K. JOHNSON,30.324399999999997,17.822500000000005,True,1,CLUB OURENSE BALONCESTO,True
COPA ESPAÑA,Play-offs 1/8 Final,CLASS BASQUET SANT ANTONI,14,R. GOMEZ BARRAL,8.11001,96.5459,False,1,CLUB OURENSE BALONCESTO,True
COPA ESPAÑA,Play-offs 1/8 Final,CLASS BASQUET SANT ANTONI,17,E. STOILOV,13.7518,49.4073,False,1,CLUB OURENSE BALONCESTO,True
COPA ESPAÑA,Play-offs 1/8 Final,CLASS BASQUET SANT ANTONI,5,K. JOHNSON,7.68688,56.2134,True,1,CLUB OURENSE BALONCESTO,True
COPA ESPAÑA,Play-offs 1/8 Final,CLASS BASQUET SANT ANTONI,20,N. ZIZIC,5.43018,58.2301,False,1,CLUB OURENSE BALONCESTO,True
COPA ESPAÑA,Play-offs 1/8 Final,CLASS BASQUET SANT ANTONI,32,J. SOLARIN,11.424499999999995,51.475,True,1,CLUB OURENSE BALONCESTO,True
COPA ESPAÑA,Play-offs 1/8 Final,CLASS BASQUET SANT ANTONI,10,D. DE LA RUA DE AGUSTIN,9.732,50.8448,True,1,CLUB OURENSE BALONCESTO,True
COPA ESPAÑA,Play-offs 1/8 Final,CLASS BASQUET SANT ANTONI,10,D. DE LA RUA DE AGUSTIN,11.777100000000004,52.8614,False,1,CLUB OURENSE BALONCESTO,True
COPA ESPAÑA,Play-offs 1/8 Final,CLASS BASQUET SANT ANTONI,17,E. STOILOV,8.11,52.2312,True,1,CLUB OURENSE BALONCESTO,True
COPA ESPAÑA,Play-offs 1/8 Final,CLASS BASQUET SANT ANTONI,32,J. SOLARIN,8.11,50.8448,False,1,CLUB OURENSE BALONCESTO,True
COPA ESPAÑA,Play-offs 1/8 Final,CLASS BASQUET SANT ANTONI,4,G. BLAT BAEZA,44.2172,13.2341,False,1,CLUB OURENSE BALONCESTO,True
COPA ESPAÑA,Play-offs 1/8 Final,CLASS BASQUET SANT ANTONI,2,G. GANTT,26.868799999999993,16.8142,False,1,CLUB OURENSE BALONCESTO,True
COPA ESPAÑA,Play-offs 1/8 Final,CLASS BASQUET SANT ANTONI,32,J. SOLARIN,9.44993,5.54572,True,1,CLUB OURENSE BALONCESTO,True
COPA ESPAÑA,Play-offs 1/8 Final,CLASS BASQUET SANT ANTONI,4,G. BLAT BAEZA,10.930899999999994,46.6855,False,1,CLUB OURENSE BALONCESTO,True
COPA ESPAÑA,Play-offs 1/8 Final,CLASS BASQUET SANT ANTONI,19,S. PAZ VAZQUEZ,11.5656,54.827,True,1,CLUB OURENSE BALONCESTO,True
COPA ESPAÑA,Play-offs 1/8 Final,CLASS BASQUET SANT ANTONI,10,D. DE LA RUA DE AGUSTIN,15.162199999999999,48.9542,True,1,CLUB OURENSE BALONCESTO,True
COPA ESPAÑA,Play-offs 1/8 Final,CLASS BASQUET SANT ANTONI,32,J. SOLARIN,15.655900000000003,49.4583,False,1,CLUB OURENSE BALONCESTO,True
COPA ESPAÑA,Play-offs 1/8 Final,CLASS BASQUET SANT ANTONI,9,J. RODRIGUEZ JIMENEZ,5.571200000000005,50.7187,True,1,CLUB OURENSE BALONCESTO,True
COPA ESPAÑA,Play-offs 1/8 Final,CLASS BASQUET SANT ANTONI,10,D. DE LA RUA DE AGUSTIN,16.713700000000003,66.22149999999999,False,1,CLUB OURENSE BALONCESTO,True
COPA ESPAÑA,Play-offs 1/8 Final,CLASS BASQUET SANT ANTONI,10,D. DE LA RUA DE AGUSTIN,9.661500000000004,56.0124,False,1,CLUB OURENSE BALONCESTO,True
COPA ESPAÑA,Play-offs 1/8 Final,CLASS BASQUET SANT ANTONI,2,G. GANTT,33.4979,26.5942,True,1,CLUB OURENSE BALONCESTO,True
COPA ESPAÑA,Play-offs 1/8 Final,CLASS BASQUET SANT ANTONI,19,S. PAZ VAZQUEZ,8.533100000000005,96.59694,False,1,CLUB OURENSE BALONCESTO,True
COPA ESPAÑA,Play-offs 1/8 Final,CLASS BASQUET SANT ANTONI,10,D. DE LA RUA DE AGUSTIN,9.308899999999994,49.4583,False,1,CLUB OURENSE BALONCESTO,True
COPA ESPAÑA,Play-offs 1/8 Final,CLASS BASQUET SANT ANTONI,5,K. JOHNSON,5.007099999999994,6.352999999999994,False,1,CLUB OURENSE BALONCESTO,True
COPA ESPAÑA,Play-offs 1/8 Final,CLASS BASQUET SANT ANTONI,20,N. ZIZIC,9.590999999999994,57.1467,False,1,CLUB OURENSE BALONCESTO,True
COPA ESPAÑA,Play-offs 1/8 Final,CLASS BASQUET SANT ANTONI,32,J. SOLARIN,26.9394,88.4794,True,1,CLUB OURENSE BALONCESTO,True
COPA ESPAÑA,Play-offs 1/8 Final,CLASS BASQUET SANT ANTONI,2,G. GANTT,11.0014,13.9903,False,1,CLUB OURENSE BALONCESTO,True
COPA ESPAÑA,Play-offs 1/8 Final,CLASS BASQUET SANT ANTONI,32,J. SOLARIN,35.049400000000006,40.2575,True,1,CLUB OURENSE BALONCESTO,True
COPA ESPAÑA,Play-offs 1/8 Final,CLASS BASQUET SANT ANTONI,17,E. STOILOV,10.1551,44.4918,False,1,CLUB OURENSE BALONCESTO,True
COPA ESPAÑA,Play-offs 1/8 Final,CLASS BASQUET SANT ANTONI,14,R. GOMEZ BARRAL,13.2581,93.1429,True,1,CLUB OURENSE BALONCESTO,True
COPA ESPAÑA,Play-offs 1/8 Final,CLASS BASQUET SANT ANTONI,32,J. SOLARIN,34.414699999999996,47.6938,False,1,CLUB OURENSE BALONCESTO,True
COPA ESPAÑA,Play-offs 1/8 Final,CLASS BASQUET SANT ANTONI,9,J. RODRIGUEZ JIMENEZ,7.898399999999995,51.8531,True,1,CLUB OURENSE BALONCESTO,True
COPA ESPAÑA,Play-offs 1/8 Final,CLASS BASQUET SANT ANTONI,17,E. STOILOV,12.1298,49.7854,True,1,CLUB OURENSE BALONCESTO,True
COPA ESPAÑA,Play-offs 1/8 Final,CLASS BASQUET SANT ANTONI,2,G. GANTT,33.0042,31.5608,False,1,CLUB OURENSE BALONCESTO,True
COPA ESPAÑA,Play-offs 1/8 Final,CLASS BASQUET SANT ANTONI,5,K. JOHNSON,27.362499999999997,18.704800000000006,True,1,CLUB OURENSE BALONCESTO,True
COPA ESPAÑA,Play-offs 1/8 Final,CLASS BASQUET SANT ANTONI,19,S. PAZ VAZQUEZ,12.482399999999998,93.19389,False,1,CLUB OURENSE BALONCESTO,True
COPA ESPAÑA,Play-offs 1/8 Final,CLASS BASQUET SANT ANTONI,10,D. DE LA RUA DE AGUSTIN,21.3681,31.0056,False,1,CLUB OURENSE BALONCESTO,True
COPA ESPAÑA,Play-offs 1/8 Final,CLASS BASQUET SANT ANTONI,10,D. DE LA RUA DE AGUSTIN,7.82793,47.7688,True,1,CLUB OURENSE BALONCESTO,True
COPA ESPAÑA,Play-offs 1/8 Final,CLASS BASQUET SANT ANTONI,32,J. SOLARIN,12.9055,95.4116,True,1,CLUB OURENSE BALONCESTO,True
COPA ESPAÑA,Play-offs 1/8 Final,CLUB OURENSE BALONCESTO,41,C. JÜRGENS,6.84062,50.6677,True,1,CLASS BASQUET SANT ANTONI,False
COPA ESPAÑA,Play-offs 1/8 Final,CLUB OURENSE BALONCESTO,22,G. KALSCHEUR,10.5078,3.90721,False,1,CLASS BASQUET SANT ANTONI,False
COPA ESPAÑA,Play-offs 1/8 Final,CLUB OURENSE BALONCESTO,22,G. KALSCHEUR,8.11,43.4085,True,1,CLASS BASQUET SANT ANTONI,False
COPA ESPAÑA,Play-offs 1/8 Final,CLUB OURENSE BALONCESTO,35,R. GILL,3.73766,47.3907,True,1,CLASS BASQUET SANT ANTONI,False
COPA ESPAÑA,Play-offs 1/8 Final,CLUB OURENSE BALONCESTO,28,R. DIAS MARQUES LISBOA SANTOS,16.22,39.1982,True,1,CLASS BASQUET SANT ANTONI,False
COPA ESPAÑA,Play-offs 1/8 Final,CLUB OURENSE BALONCESTO,41,C. JÜRGENS,34.1326,63.0195,False,1,CLASS BASQUET SANT ANTONI,False
COPA ESPAÑA,Play-offs 1/8 Final,CLUB OURENSE BALONCESTO,22,G. KALSCHEUR,15.937899999999999,80.8421,True,1,CLASS BASQUET SANT ANTONI,False
COPA ESPAÑA,Play-offs 1/8 Final,CLUB OURENSE BALONCESTO,28,R. DIAS MARQUES LISBOA SANTOS,16.361099999999993,44.7949,False,1,CLASS BASQUET SANT ANTONI,False
COPA ESPAÑA,Play-offs 1/8 Final,CLUB OURENSE BALONCESTO,28,R. DIAS MARQUES LISBOA SANTOS,34.3441,35.468,True,1,CLASS BASQUET SANT ANTONI,False
COPA ESPAÑA,Play-offs 1/8 Final,CLUB OURENSE BALONCESTO,41,C. JÜRGENS,27.1509,87.3451,True,1,CLASS BASQUET SANT ANTONI,False
COPA ESPAÑA,Play-offs 1/8 Final,CLUB OURENSE BALONCESTO,22,G. KALSCHEUR,8.46262,56.4655,True,1,CLASS BASQUET SANT ANTONI,False
COPA ESPAÑA,Play-offs 1/8 Final,CLUB OURENSE BALONCESTO,35,R. GILL,10.578299999999999,58.2811,True,1,CLASS BASQUET SANT ANTONI,False
COPA ESPAÑA,Play-offs 1/8 Final,CLUB OURENSE BALONCESTO,28,R. DIAS MARQUES LISBOA SANTOS,26.4457,9.45293,False,1,CLASS BASQUET SANT ANTONI,False
COPA ESPAÑA,Play-offs 1/8 Final,CLUB OURENSE BALONCESTO,11,M. FERNANDEZ CARBALLO,11.6361,48.7771,True,1,CLASS BASQUET SANT ANTONI,False
COPA ESPAÑA,Play-offs 1/8 Final,CLUB OURENSE BALONCESTO,9,C. OKANU,11.706599999999995,44.4168,False,1,CLASS BASQUET SANT ANTONI,False
COPA ESPAÑA,Play-offs 1/8 Final,CLUB OURENSE BALONCESTO,24,S. MC DONNELL,12.6234,46.7605,True,1,CLASS BASQUET SANT ANTONI,False
COPA ESPAÑA,Play-offs 1/8 Final,CLUB OURENSE BALONCESTO,35,R. GILL,9.308899999999994,56.5165,True,1,CLASS BASQUET SANT ANTONI,False
COPA ESPAÑA,Play-offs 1/8 Final,CLUB OURENSE BALONCESTO,41,C. JÜRGENS,17.842,48.1469,False,1,CLASS BASQUET SANT ANTONI,False
COPA ESPAÑA,Play-offs 1/8 Final,CLUB OURENSE BALONCESTO,24,S. MC DONNELL,11.0719,39.7533,True,1,CLASS BASQUET SANT ANTONI,False
COPA ESPAÑA,Play-offs 1/8 Final,CLUB OURENSE BALONCESTO,22,G. KALSCHEUR,7.052199999999999,5.218599999999995,True,1,CLASS BASQUET SANT ANTONI,False
COPA ESPAÑA,Play-offs 1/8 Final,CLUB OURENSE BALONCESTO,22,G. KALSCHEUR,7.968999999999994,55.8863,False,1,CLASS BASQUET SANT ANTONI,False
COPA ESPAÑA,Play-offs 1/8 Final,CLUB OURENSE BALONCESTO,22,G. KALSCHEUR,35.4725,50.7187,False,1,CLASS BASQUET SANT ANTONI,False
COPA ESPAÑA,Play-offs 1/8 Final,CLUB OURENSE BALONCESTO,11,M. FERNANDEZ CARBALLO,10.507800000000003,32.4431,False,1,CLASS BASQUET SANT ANTONI,False
COPA ESPAÑA,Play-offs 1/8 Final,CLUB OURENSE BALONCESTO,28,R. DIAS MARQUES LISBOA SANTOS,10.4372,94.2772,True,1,CLASS BASQUET SANT ANTONI,False
COPA ESPAÑA,Play-offs 1/8 Final,CLUB OURENSE BALONCESTO,10,I. VAZQUEZ PEREZ,16.008499999999998,46.0553,False,1,CLASS BASQUET SANT ANTONI,False
COPA ESPAÑA,Play-offs 1/8 Final,CLUB OURENSE BALONCESTO,22,G. KALSCHEUR,10.366699999999994,49.7104,True,1,CLASS BASQUET SANT ANTONI,False
COPA ESPAÑA,Play-offs 1/8 Final,CLUB OURENSE BALONCESTO,11,M. FERNANDEZ CARBALLO,7.82793,68.3132,False,1,CLASS BASQUET SANT ANTONI,False
COPA ESPAÑA,Play-offs 1/8 Final,CLUB OURENSE BALONCESTO,10,I. VAZQUEZ PEREZ,5.57123,50.4156,True,1,CLASS BASQUET SANT ANTONI,False
COPA ESPAÑA,Play-offs 1/8 Final,CLUB OURENSE BALONCESTO,9,C. OKANU,11.565600000000003,54.2478,False,1,CLASS BASQUET SANT ANTONI,False
COPA ESPAÑA,Play-offs 1/8 Final,CLUB OURENSE BALONCESTO,22,G. KALSCHEUR,29.407600000000002,15.553799999999995,True,1,CLASS BASQUET SANT ANTONI,False
COPA ESPAÑA,Play-offs 1/8 Final,CLUB OURENSE BALONCESTO,10,I. VAZQUEZ PEREZ,11.354,50.2896,False,1,CLASS BASQUET SANT ANTONI,False
COPA ESPAÑA,Play-offs 1/8 Final,CLUB OURENSE BALONCESTO,28,R. DIAS MARQUES LISBOA SANTOS,10.7898,46.0043,False,1,CLASS BASQUET SANT ANTONI,False
COPA ESPAÑA,Play-offs 1/8 Final,CLUB OURENSE BALONCESTO,28,R. DIAS MARQUES LISBOA SANTOS,25.1763,83.6899,False,1,CLASS BASQUET SANT ANTONI,False
COPA ESPAÑA,Play-offs 1/8 Final,CLUB OURENSE BALONCESTO,35,R. GILL,7.475300000000004,59.6675,False,1,CLASS BASQUET SANT ANTONI,False
COPA ESPAÑA,Play-offs 1/8 Final,CLUB OURENSE BALONCESTO,28,R. DIAS MARQUES LISBOA SANTOS,27.1509,86.3368,False,1,CLASS BASQUET SANT ANTONI,False
COPA ESPAÑA,Play-offs 1/8 Final,CLUB OURENSE BALONCESTO,35,R. GILL,4.93653,48.7771,True,1,CLASS BASQUET SANT ANTONI,False
COPA ESPAÑA,Play-offs 1/8 Final,CLUB OURENSE BALONCESTO,10,I. VAZQUEZ PEREZ,14.104399999999998,67.86,False,1,CLASS BASQUET SANT ANTONI,False
COPA ESPAÑA,Play-offs 1/8 Final,CLUB OURENSE BALONCESTO,10,I. VAZQUEZ PEREZ,30.042299999999997,78.4473,True,1,CLASS BASQUET SANT ANTONI,False
COPA ESPAÑA,Play-offs 1/8 Final,CLUB OURENSE BALONCESTO,9,C. OKANU,19.2525,36.0472,True,1,CLASS BASQUET SANT ANTONI,False
COPA ESPAÑA,Play-offs 1/8 Final,CLUB OURENSE BALONCESTO,11,M. FERNANDEZ CARBALLO,9.238399999999999,55.0041,True,1,CLASS BASQUET SANT ANTONI,False
COPA ESPAÑA,Play-offs 1/8 Final,CLUB OURENSE BALONCESTO,28,R. DIAS MARQUES LISBOA SANTOS,10.7898,46.0043,True,1,CLASS BASQUET SANT ANTONI,False
COPA ESPAÑA,Play-offs 1/8 Final,CLUB OURENSE BALONCESTO,12,S. HUGUET CARRASCO,21.2271,7.43631,False,1,CLASS BASQUET SANT ANTONI,False
COPA ESPAÑA,Play-offs 1/8 Final,CLUB OURENSE BALONCESTO,35,R. GILL,11.8477,47.6428,False,1,CLASS BASQUET SANT ANTONI,False
COPA ESPAÑA,Play-offs 1/8 Final,CLUB OURENSE BALONCESTO,22,G. KALSCHEUR,15.3032,41.4669,False,1,CLASS BASQUET SANT ANTONI,False
COPA ESPAÑA,Play-offs 1/8 Final,CLUB OURENSE BALONCESTO,23,D. SARAIVA SEIXAS,8.60367,54.4489,True,1,CLASS BASQUET SANT ANTONI,False
COPA ESPAÑA,Play-offs 1/8 Final,CLUB OURENSE BALONCESTO,28,R. DIAS MARQUES LISBOA SANTOS,6.41749,15.6288,False,1,CLASS BASQUET SANT ANTONI,False
COPA ESPAÑA,Play-offs 1/8 Final,CLUB OURENSE BALONCESTO,41,C. JÜRGENS,16.7137,40.2065,True,1,CLASS BASQUET SANT ANTONI,False
COPA ESPAÑA,Play-offs 1/8 Final,CLUB OURENSE BALONCESTO,12,S. HUGUET CARRASCO,9.097300000000004,36.0982,False,1,CLASS BASQUET SANT ANTONI,False
COPA ESPAÑA,Play-offs 1/8 Final,CLUB OURENSE BALONCESTO,35,R. GILL,8.11,43.4085,False,1,CLASS BASQUET SANT ANTONI,False
COPA ESPAÑA,Play-offs 1/8 Final,CLUB OURENSE BALONCESTO,11,M. FERNANDEZ CARBALLO,8.3921,60.5498,False,1,CLASS BASQUET SANT ANTONI,False
COPA ESPAÑA,Play-offs 1/8 Final,CLUB OURENSE BALONCESTO,28,R. DIAS MARQUES LISBOA SANTOS,9.732,42.7783,False,1,CLASS BASQUET SANT ANTONI,False
COPA ESPAÑA,Play-offs 1/8 Final,CLUB OURENSE BALONCESTO,24,S. MC DONNELL,24.6121,91.7564,False,1,CLASS BASQUET SANT ANTONI,False
COPA ESPAÑA,Play-offs 1/8 Final,CLUB OURENSE BALONCESTO,24,S. MC DONNELL,6.629099999999994,4.210300000000004,False,1,CLASS BASQUET SANT ANTONI,False
COPA ESPAÑA,Play-offs 1/8 Final,CLUB OURENSE BALONCESTO,11,M. FERNANDEZ CARBALLO,16.7842,36.9805,False,1,CLASS BASQUET SANT ANTONI,False
COPA ESPAÑA,Play-offs 1/8 Final,CLUB OURENSE BALONCESTO,28,R. DIAS MARQUES LISBOA SANTOS,27.3625,84.9503,False,1,CLASS BASQUET SANT ANTONI,False
COPA ESPAÑA,Play-offs 1/8 Final,CLUB OURENSE BALONCESTO,11,M. FERNANDEZ CARBALLO,12.2708,45.6261,True,1,CLASS BASQUET SANT ANTONI,False
COPA ESPAÑA,Play-offs 1/8 Final,CLUB OURENSE BALONCESTO,22,G. KALSCHEUR,33.9915,51.4239,False,1,CLASS BASQUET SANT ANTONI,False
COPA ESPAÑA,Play-offs 1/8 Final,CLUB OURENSE BALONCESTO,24,S. MC DONNELL,34.0621,32.14,False,1,CLASS BASQUET SANT ANTONI,False
COPA ESPAÑA,Play-offs 1/8 Final,CLUB OURENSE BALONCESTO,10,I. VAZQUEZ PEREZ,27.292,11.142499999999998,True,1,CLASS BASQUET SANT ANTONI,False
COPA ESPAÑA,Play-offs 1/8 Final,CLUB OURENSE BALONCESTO,28,R. DIAS MARQUES LISBOA SANTOS,9.1678,57.2728,True,1,CLASS BASQUET SANT ANTONI,False
COPA ESPAÑA,Play-offs 1/8 Final,CLUB OURENSE BALONCESTO,10,I. VAZQUEZ PEREZ,16.008499999999998,46.0553,False,1,CLASS BASQUET SANT ANTONI,False
COPA ESPAÑA,Play-offs 1/8 Final,CLUB OURENSE BALONCESTO,35,R. GILL,3.03244,51.8021,True,1,CLASS BASQUET SANT ANTONI,False
COPA ESPAÑA,Play-offs 1/8 Final,CLUB OURENSE BALONCESTO,11,M. FERNANDEZ CARBALLO,15.232699999999994,54.3739,False,1,CLASS BASQUET SANT ANTONI,False
COPA ESPAÑA,Play-offs 1/8 Final,MOVISTAR ESTUDIANTES,22,J. VAULET,10.155100000000004,64.583,True,1,PALMER BASKET MALLORCA PALMA,True
COPA ESPAÑA,Play-offs 1/8 Final,MOVISTAR ESTUDIANTES,9,S. SALIN,36.6714,23.9474,False,1,PALMER BASKET MALLORCA PALMA,True
COPA ESPAÑA,Play-offs 1/8 Final,MOVISTAR ESTUDIANTES,9,S. SALIN,34.0621,67.608,True,1,PALMER BASKET MALLORCA PALMA,True
COPA ESPAÑA,Play-offs 1/8 Final,MOVISTAR ESTUDIANTES,6,L. GIOVANNETTI,7.26375,56.3395,True,1,PALMER BASKET MALLORCA PALMA,True
COPA ESPAÑA,Play-offs 1/8 Final,MOVISTAR ESTUDIANTES,24,L. NWOGBO,6.558499999999995,49.2063,True,1,PALMER BASKET MALLORCA PALMA,True
COPA ESPAÑA,Play-offs 1/8 Final,MOVISTAR ESTUDIANTES,24,L. NWOGBO,6.48801,48.9032,True,1,PALMER BASKET MALLORCA PALMA,True
COPA ESPAÑA,Play-offs 1/8 Final,MOVISTAR ESTUDIANTES,8,G. FILIPOVIC,14.456999999999994,41.1398,False,1,PALMER BASKET MALLORCA PALMA,True
COPA ESPAÑA,Play-offs 1/8 Final,MOVISTAR ESTUDIANTES,22,J. VAULET,7.19323,50.1636,True,1,PALMER BASKET MALLORCA PALMA,True
COPA ESPAÑA,Play-offs 1/8 Final,MOVISTAR ESTUDIANTES,22,J. VAULET,34.8378,78.3963,True,1,PALMER BASKET MALLORCA PALMA,True
COPA ESPAÑA,Play-offs 1/8 Final,MOVISTAR ESTUDIANTES,22,J. VAULET,6.2059,38.3669,True,1,PALMER BASKET MALLORCA PALMA,True
COPA ESPAÑA,Play-offs 1/8 Final,MOVISTAR ESTUDIANTES,8,G. FILIPOVIC,9.44993,48.399,False,1,PALMER BASKET MALLORCA PALMA,True
COPA ESPAÑA,Play-offs 1/8 Final,MOVISTAR ESTUDIANTES,8,G. FILIPOVIC,28.490799999999993,82.4806,False,1,PALMER BASKET MALLORCA PALMA,True
COPA ESPAÑA,Play-offs 1/8 Final,MOVISTAR ESTUDIANTES,24,L. NWOGBO,7.89845,47.7688,True,1,PALMER BASKET MALLORCA PALMA,True
COPA ESPAÑA,Play-offs 1/8 Final,MOVISTAR ESTUDIANTES,15,T. MC GREW,7.1932000000000045,41.2658,True,1,PALMER BASKET MALLORCA PALMA,True
COPA ESPAÑA,Play-offs 1/8 Final,MOVISTAR ESTUDIANTES,15,T. MC GREW,6.558499999999995,52.6093,False,1,PALMER BASKET MALLORCA PALMA,True
COPA ESPAÑA,Play-offs 1/8 Final,MOVISTAR ESTUDIANTES,6,L. GIOVANNETTI,5.289100000000005,5.7228000000000065,True,1,PALMER BASKET MALLORCA PALMA,True
COPA ESPAÑA,Play-offs 1/8 Final,MOVISTAR ESTUDIANTES,8,G. FILIPOVIC,22.8491,32.14,True,1,PALMER BASKET MALLORCA PALMA,True
COPA ESPAÑA,Play-offs 1/8 Final,MOVISTAR ESTUDIANTES,22,J. VAULET,27.856099999999998,87.2701,False,1,PALMER BASKET MALLORCA PALMA,True
COPA ESPAÑA,Play-offs 1/8 Final,MOVISTAR ESTUDIANTES,24,L. NWOGBO,9.59097,46.7605,False,1,PALMER BASKET MALLORCA PALMA,True
COPA ESPAÑA,Play-offs 1/8 Final,MOVISTAR ESTUDIANTES,8,G. FILIPOVIC,6.48801,47.3907,True,1,PALMER BASKET MALLORCA PALMA,True
COPA ESPAÑA,Play-offs 1/8 Final,MOVISTAR ESTUDIANTES,11,J. GRANGER,34.6262,38.568,False,1,PALMER BASKET MALLORCA PALMA,True
COPA ESPAÑA,Play-offs 1/8 Final,MOVISTAR ESTUDIANTES,9,S. SALIN,34.2736,19.839100000000002,False,1,PALMER BASKET MALLORCA PALMA,True
COPA ESPAÑA,Play-offs 1/8 Final,MOVISTAR ESTUDIANTES,2,A. BRIMAH,7.122699999999995,47.9459,False,1,PALMER BASKET MALLORCA PALMA,True
COPA ESPAÑA,Play-offs 1/8 Final,MOVISTAR ESTUDIANTES,9,S. SALIN,29.478099999999998,18.326700000000002,False,1,PALMER BASKET MALLORCA PALMA,True
COPA ESPAÑA,Play-offs 1/8 Final,MOVISTAR ESTUDIANTES,15,T. MC GREW,32.3695,74.6661,False,1,PALMER BASKET MALLORCA PALMA,True
COPA ESPAÑA,Play-offs 1/8 Final,MOVISTAR ESTUDIANTES,2,A. BRIMAH,8.88575,48.9032,True,1,PALMER BASKET MALLORCA PALMA,True
COPA ESPAÑA,Play-offs 1/8 Final,MOVISTAR ESTUDIANTES,24,L. NWOGBO,10.155100000000004,64.583,False,1,PALMER BASKET MALLORCA PALMA,True
COPA ESPAÑA,Play-offs 1/8 Final,MOVISTAR ESTUDIANTES,22,J. VAULET,24.6121,33.2743,False,1,PALMER BASKET MALLORCA PALMA,True
COPA ESPAÑA,Play-offs 1/8 Final,MOVISTAR ESTUDIANTES,9,S. SALIN,27.997200000000007,87.018,False,1,PALMER BASKET MALLORCA PALMA,True
COPA ESPAÑA,Play-offs 1/8 Final,MOVISTAR ESTUDIANTES,24,L. NWOGBO,9.0268,56.0874,False,1,PALMER BASKET MALLORCA PALMA,True
COPA ESPAÑA,Play-offs 1/8 Final,MOVISTAR ESTUDIANTES,9,S. SALIN,26.727800000000002,86.5138,True,1,PALMER BASKET MALLORCA PALMA,True
COPA ESPAÑA,Play-offs 1/8 Final,MOVISTAR ESTUDIANTES,19,H. LOPEZ BARRANTES,26.586699999999993,11.520600000000002,False,1,PALMER BASKET MALLORCA PALMA,True
COPA ESPAÑA,Play-offs 1/8 Final,MOVISTAR ESTUDIANTES,9,S. SALIN,30.042299999999997,14.1674,False,1,PALMER BASKET MALLORCA PALMA,True
COPA ESPAÑA,Play-offs 1/8 Final,MOVISTAR ESTUDIANTES,19,H. LOPEZ BARRANTES,6.770099999999999,48.5761,True,1,PALMER BASKET MALLORCA PALMA,True
COPA ESPAÑA,Play-offs 1/8 Final,MOVISTAR ESTUDIANTES,6,L. GIOVANNETTI,26.4457,13.1081,False,1,PALMER BASKET MALLORCA PALMA,True
COPA ESPAÑA,Play-offs 1/8 Final,MOVISTAR ESTUDIANTES,2,A. BRIMAH,8.32158,43.2314,False,1,PALMER BASKET MALLORCA PALMA,True
COPA ESPAÑA,Play-offs 1/8 Final,MOVISTAR ESTUDIANTES,15,T. MC GREW,8.88575,56.9697,True,1,PALMER BASKET MALLORCA PALMA,True
COPA ESPAÑA,Play-offs 1/8 Final,MOVISTAR ESTUDIANTES,8,G. FILIPOVIC,16.361099999999993,40.8877,False,1,PALMER BASKET MALLORCA PALMA,True
COPA ESPAÑA,Play-offs 1/8 Final,MOVISTAR ESTUDIANTES,2,A. BRIMAH,11.706599999999995,43.1564,True,1,PALMER BASKET MALLORCA PALMA,True
COPA ESPAÑA,Play-offs 1/8 Final,MOVISTAR ESTUDIANTES,51,O. SILVERIO GRULLON,36.1777,22.435,True,1,PALMER BASKET MALLORCA PALMA,True
COPA ESPAÑA,Play-offs 1/8 Final,MOVISTAR ESTUDIANTES,51,O. SILVERIO GRULLON,34.3441,19.965199999999996,True,1,PALMER BASKET MALLORCA PALMA,True
COPA ESPAÑA,Play-offs 1/8 Final,MOVISTAR ESTUDIANTES,6,L. GIOVANNETTI,32.0169,21.3006,True,1,PALMER BASKET MALLORCA PALMA,True
COPA ESPAÑA,Play-offs 1/8 Final,MOVISTAR ESTUDIANTES,22,J. VAULET,6.41749,54.1968,True,1,PALMER BASKET MALLORCA PALMA,True
COPA ESPAÑA,Play-offs 1/8 Final,MOVISTAR ESTUDIANTES,51,O. SILVERIO GRULLON,30.7475,88.9836,False,1,PALMER BASKET MALLORCA PALMA,True
COPA ESPAÑA,Play-offs 1/8 Final,MOVISTAR ESTUDIANTES,51,O. SILVERIO GRULLON,8.03949,97.1761,False,1,PALMER BASKET MALLORCA PALMA,True
COPA ESPAÑA,Play-offs 1/8 Final,MOVISTAR ESTUDIANTES,9,S. SALIN,35.9662,68.9434,False,1,PALMER BASKET MALLORCA PALMA,True
COPA ESPAÑA,Play-offs 1/8 Final,MOVISTAR ESTUDIANTES,24,L. NWOGBO,8.60367,52.0541,True,1,PALMER BASKET MALLORCA PALMA,True
COPA ESPAÑA,Play-offs 1/8 Final,MOVISTAR ESTUDIANTES,15,T. MC GREW,5.853300000000004,45.8032,False,1,PALMER BASKET MALLORCA PALMA,True
COPA ESPAÑA,Play-offs 1/8 Final,MOVISTAR ESTUDIANTES,9,S. SALIN,34.696799999999996,77.0609,True,1,PALMER BASKET MALLORCA PALMA,True
COPA ESPAÑA,Play-offs 1/8 Final,MOVISTAR ESTUDIANTES,22,J. VAULET,4.86601,53.0624,True,1,PALMER BASKET MALLORCA PALMA,True
COPA ESPAÑA,Play-offs 1/8 Final,MOVISTAR ESTUDIANTES,11,J. GRANGER,31.100099999999998,70.5069,False,1,PALMER BASKET MALLORCA PALMA,True
COPA ESPAÑA,Play-offs 1/8 Final,MOVISTAR ESTUDIANTES,19,H. LOPEZ BARRANTES,17.842,77.8171,False,1,PALMER BASKET MALLORCA PALMA,True
COPA ESPAÑA,Play-offs 1/8 Final,MOVISTAR ESTUDIANTES,51,O. SILVERIO GRULLON,33.4979,56.2644,True,1,PALMER BASKET MALLORCA PALMA,True
COPA ESPAÑA,Play-offs 1/8 Final,MOVISTAR ESTUDIANTES,6,L. GIOVANNETTI,9.09732,64.532,False,1,PALMER BASKET MALLORCA PALMA,True
COPA ESPAÑA,Play-offs 1/8 Final,MOVISTAR ESTUDIANTES,22,J. VAULET,11.354,94.9074,True,1,PALMER BASKET MALLORCA PALMA,True
COPA ESPAÑA,Play-offs 1/8 Final,MOVISTAR ESTUDIANTES,11,J. GRANGER,33.78,78.1952,True,1,PALMER BASKET MALLORCA PALMA,True
COPA ESPAÑA,Play-offs 1/8 Final,MOVISTAR ESTUDIANTES,9,S. SALIN,34.2736,80.4129,True,1,PALMER BASKET MALLORCA PALMA,True
COPA ESPAÑA,Play-offs 1/8 Final,MOVISTAR ESTUDIANTES,6,L. GIOVANNETTI,5.782799999999995,51.2229,False,1,PALMER BASKET MALLORCA PALMA,True
COPA ESPAÑA,Play-offs 1/8 Final,MOVISTAR ESTUDIANTES,15,T. MC GREW,27.573999999999998,81.3462,False,1,PALMER BASKET MALLORCA PALMA,True
COPA ESPAÑA,Play-offs 1/8 Final,MOVISTAR ESTUDIANTES,2,A. BRIMAH,30.7475,88.9836,True,1,PALMER BASKET MALLORCA PALMA,True
COPA ESPAÑA,Play-offs 1/8 Final,MOVISTAR ESTUDIANTES,6,L. GIOVANNETTI,25.1763,91.2523,False,1,PALMER BASKET MALLORCA PALMA,True
COPA ESPAÑA,Play-offs 1/8 Final,MOVISTAR ESTUDIANTES,18,M. SOLA IDRISU,37.0945,45.3741,False,1,PALMER BASKET MALLORCA PALMA,True
COPA ESPAÑA,Play-offs 1/8 Final,MOVISTAR ESTUDIANTES,15,T. MC GREW,5.782799999999995,47.3157,True,1,PALMER BASKET MALLORCA PALMA,True
COPA ESPAÑA,Play-offs 1/8 Final,PALMER BASKET MALLORCA PALMA,0,H. ATENCIA SUAREZ,30.536,78.9515,False,1,MOVISTAR ESTUDIANTES,False
COPA ESPAÑA,Play-offs 1/8 Final,PALMER BASKET MALLORCA PALMA,0,H. ATENCIA SUAREZ,19.8166,43.2314,True,1,MOVISTAR ESTUDIANTES,False
COPA ESPAÑA,Play-offs 1/8 Final,PALMER BASKET MALLORCA PALMA,25,I. MASSOUD RODRÍGUEZ,6.911100000000005,3.7061000000000064,False,1,MOVISTAR ESTUDIANTES,False
COPA ESPAÑA,Play-offs 1/8 Final,PALMER BASKET MALLORCA PALMA,12,J. CARRALERO MARTIN,33.8505,67.4819,False,1,MOVISTAR ESTUDIANTES,False
COPA ESPAÑA,Play-offs 1/8 Final,PALMER BASKET MALLORCA PALMA,0,H. ATENCIA SUAREZ,33.2158,21.3006,False,1,MOVISTAR ESTUDIANTES,False
COPA ESPAÑA,Play-offs 1/8 Final,PALMER BASKET MALLORCA PALMA,0,H. ATENCIA SUAREZ,8.88575,60.3727,False,1,MOVISTAR ESTUDIANTES,False
COPA ESPAÑA,Play-offs 1/8 Final,PALMER BASKET MALLORCA PALMA,1,D. AGBELESE,6.417500000000004,48.324,False,1,MOVISTAR ESTUDIANTES,False
COPA ESPAÑA,Play-offs 1/8 Final,PALMER BASKET MALLORCA PALMA,0,H. ATENCIA SUAREZ,35.6135,35.543,True,1,MOVISTAR ESTUDIANTES,False
COPA ESPAÑA,Play-offs 1/8 Final,PALMER BASKET MALLORCA PALMA,17,A. ALMENTA MACIAS,6.699600000000004,40.7616,True,1,MOVISTAR ESTUDIANTES,False
COPA ESPAÑA,Play-offs 1/8 Final,PALMER BASKET MALLORCA PALMA,0,H. ATENCIA SUAREZ,19.464,63.3226,True,1,MOVISTAR ESTUDIANTES,False
COPA ESPAÑA,Play-offs 1/8 Final,PALMER BASKET MALLORCA PALMA,8,A. CHAPELA LAGE,35.8956,58.8602,False,1,MOVISTAR ESTUDIANTES,False
COPA ESPAÑA,Play-offs 1/8 Final,PALMER BASKET MALLORCA PALMA,0,H. ATENCIA SUAREZ,25.1058,38.9461,True,1,MOVISTAR ESTUDIANTES,False
COPA ESPAÑA,Play-offs 1/8 Final,PALMER BASKET MALLORCA PALMA,22,N. CAMACHO DE SÁ,9.37941,51.4239,True,1,MOVISTAR ESTUDIANTES,False
COPA ESPAÑA,Play-offs 1/8 Final,PALMER BASKET MALLORCA PALMA,7,D. SANADZE,37.7292,47.0636,True,1,MOVISTAR ESTUDIANTES,False
COPA ESPAÑA,Play-offs 1/8 Final,PALMER BASKET MALLORCA PALMA,22,N. CAMACHO DE SÁ,8.88575,75.7495,False,1,MOVISTAR ESTUDIANTES,False
COPA ESPAÑA,Play-offs 1/8 Final,PALMER BASKET MALLORCA PALMA,6,A. SCARIOLO ARES,8.180499999999995,51.475,False,1,MOVISTAR ESTUDIANTES,False
COPA ESPAÑA,Play-offs 1/8 Final,PALMER BASKET MALLORCA PALMA,17,A. ALMENTA MACIAS,7.2637,47.1896,True,1,MOVISTAR ESTUDIANTES,False
COPA ESPAÑA,Play-offs 1/8 Final,PALMER BASKET MALLORCA PALMA,7,D. SANADZE,21.086,35.6691,True,1,MOVISTAR ESTUDIANTES,False
COPA ESPAÑA,Play-offs 1/8 Final,PALMER BASKET MALLORCA PALMA,1,D. AGBELESE,23.3427,51.0458,False,1,MOVISTAR ESTUDIANTES,False
COPA ESPAÑA,Play-offs 1/8 Final,PALMER BASKET MALLORCA PALMA,12,J. CARRALERO MARTIN,11.9182,50.6677,True,1,MOVISTAR ESTUDIANTES,False
COPA ESPAÑA,Play-offs 1/8 Final,PALMER BASKET MALLORCA PALMA,0,H. ATENCIA SUAREZ,11.6361,67.4309,False,1,MOVISTAR ESTUDIANTES,False
COPA ESPAÑA,Play-offs 1/8 Final,PALMER BASKET MALLORCA PALMA,8,A. CHAPELA LAGE,37.024,65.0872,True,1,MOVISTAR ESTUDIANTES,False
COPA ESPAÑA,Play-offs 1/8 Final,PALMER BASKET MALLORCA PALMA,22,N. CAMACHO DE SÁ,38.1523,31.3837,False,1,MOVISTAR ESTUDIANTES,False
COPA ESPAÑA,Play-offs 1/8 Final,PALMER BASKET MALLORCA PALMA,0,H. ATENCIA SUAREZ,18.053600000000003,36.6023,False,1,MOVISTAR ESTUDIANTES,False
COPA ESPAÑA,Play-offs 1/8 Final,PALMER BASKET MALLORCA PALMA,25,I. MASSOUD RODRÍGUEZ,28.208699999999993,84.7493,False,1,MOVISTAR ESTUDIANTES,False
COPA ESPAÑA,Play-offs 1/8 Final,PALMER BASKET MALLORCA PALMA,24,A. COMENDADOR FEMENIAS,6.629099999999994,36.7284,True,1,MOVISTAR ESTUDIANTES,False
COPA ESPAÑA,Play-offs 1/8 Final,PALMER BASKET MALLORCA PALMA,7,D. SANADZE,36.6008,20.1663,True,1,MOVISTAR ESTUDIANTES,False
COPA ESPAÑA,Play-offs 1/8 Final,PALMER BASKET MALLORCA PALMA,25,I. MASSOUD RODRÍGUEZ,13.258099999999999,4.084299999999999,False,1,MOVISTAR ESTUDIANTES,False
COPA ESPAÑA,Play-offs 1/8 Final,PALMER BASKET MALLORCA PALMA,22,N. CAMACHO DE SÁ,30.7475,15.6288,False,1,MOVISTAR ESTUDIANTES,False
COPA ESPAÑA,Play-offs 1/8 Final,PALMER BASKET MALLORCA PALMA,9,A. URDIAIN LABAYEN,35.0494,71.4642,True,1,MOVISTAR ESTUDIANTES,False
COPA ESPAÑA,Play-offs 1/8 Final,PALMER BASKET MALLORCA PALMA,0,H. ATENCIA SUAREZ,33.4979,19.9142,True,1,MOVISTAR ESTUDIANTES,False
COPA ESPAÑA,Play-offs 1/8 Final,PALMER BASKET MALLORCA PALMA,0,H. ATENCIA SUAREZ,10.2962,23.8214,False,1,MOVISTAR ESTUDIANTES,False
COPA ESPAÑA,Play-offs 1/8 Final,PALMER BASKET MALLORCA PALMA,21,T. HOLLOWELL,34.6968,38.3159,False,1,MOVISTAR ESTUDIANTES,False
COPA ESPAÑA,Play-offs 1/8 Final,PALMER BASKET MALLORCA PALMA,24,A. COMENDADOR FEMENIAS,8.603700000000003,44.1647,True,1,MOVISTAR ESTUDIANTES,False
COPA ESPAÑA,Play-offs 1/8 Final,PALMER BASKET MALLORCA PALMA,0,H. ATENCIA SUAREZ,11.4951,7.43631,True,1,MOVISTAR ESTUDIANTES,False
COPA ESPAÑA,Play-offs 1/8 Final,PALMER BASKET MALLORCA PALMA,6,A. SCARIOLO ARES,9.09732,48.1469,True,1,MOVISTAR ESTUDIANTES,False
COPA ESPAÑA,Play-offs 1/8 Final,PALMER BASKET MALLORCA PALMA,6,A. SCARIOLO ARES,8.67419,45.122,True,1,MOVISTAR ESTUDIANTES,False
COPA ESPAÑA,Play-offs 1/8 Final,PALMER BASKET MALLORCA PALMA,7,D. SANADZE,37.165,28.1067,True,1,MOVISTAR ESTUDIANTES,False
COPA ESPAÑA,Play-offs 1/8 Final,PALMER BASKET MALLORCA PALMA,25,I. MASSOUD RODRÍGUEZ,26.516199999999998,83.993,False,1,MOVISTAR ESTUDIANTES,False
COPA ESPAÑA,Play-offs 1/8 Final,PALMER BASKET MALLORCA PALMA,7,D. SANADZE,37.0945,46.1303,False,1,MOVISTAR ESTUDIANTES,False
COPA ESPAÑA,Play-offs 1/8 Final,PALMER BASKET MALLORCA PALMA,1,D. AGBELESE,9.732,47.1896,False,1,MOVISTAR ESTUDIANTES,False
COPA ESPAÑA,Play-offs 1/8 Final,PALMER BASKET MALLORCA PALMA,12,J. CARRALERO MARTIN,7.5458,48.1979,True,1,MOVISTAR ESTUDIANTES,False
COPA ESPAÑA,Play-offs 1/8 Final,PALMER BASKET MALLORCA PALMA,7,D. SANADZE,15.5853,78.7744,True,1,MOVISTAR ESTUDIANTES,False
COPA ESPAÑA,Play-offs 1/8 Final,PALMER BASKET MALLORCA PALMA,1,D. AGBELESE,7.968999999999994,48.1979,True,1,MOVISTAR ESTUDIANTES,False
COPA ESPAÑA,Play-offs 1/8 Final,PALMER BASKET MALLORCA PALMA,12,J. CARRALERO MARTIN,20.5924,35.7951,False,1,MOVISTAR ESTUDIANTES,False
COPA ESPAÑA,Play-offs 1/8 Final,PALMER BASKET MALLORCA PALMA,7,D. SANADZE,20.451300000000003,62.6924,False,1,MOVISTAR ESTUDIANTES,False
COPA ESPAÑA,Play-offs 1/8 Final,PALMER BASKET MALLORCA PALMA,8,A. CHAPELA LAGE,31.382199999999997,26.8973,False,1,MOVISTAR ESTUDIANTES,False
COPA ESPAÑA,Play-offs 1/8 Final,PALMER BASKET MALLORCA PALMA,0,H. ATENCIA SUAREZ,33.4274,25.0818,False,1,MOVISTAR ESTUDIANTES,False
COPA ESPAÑA,Play-offs 1/8 Final,PALMER BASKET MALLORCA PALMA,1,D. AGBELESE,11.2835,74.3631,False,1,MOVISTAR ESTUDIANTES,False
COPA ESPAÑA,Play-offs 1/8 Final,PALMER BASKET MALLORCA PALMA,6,A. SCARIOLO ARES,7.54584,65.1622,False,1,MOVISTAR ESTUDIANTES,False
COPA ESPAÑA,Play-offs 1/8 Final,PALMER BASKET MALLORCA PALMA,8,A. CHAPELA LAGE,20.3808,41.845,False,1,MOVISTAR ESTUDIANTES,False
COPA ESPAÑA,Play-offs 1/8 Final,PALMER BASKET MALLORCA PALMA,0,H. ATENCIA SUAREZ,33.921,81.9254,True,1,MOVISTAR ESTUDIANTES,False
COPA ESPAÑA,Play-offs 1/8 Final,PALMER BASKET MALLORCA PALMA,7,D. SANADZE,35.1199,26.3422,True,1,MOVISTAR ESTUDIANTES,False
COPA ESPAÑA,Play-offs 1/8 Final,PALMER BASKET MALLORCA PALMA,7,D. SANADZE,31.946399999999997,75.5484,True,1,MOVISTAR ESTUDIANTES,False
COPA ESPAÑA,Play-offs 1/8 Final,PALMER BASKET MALLORCA PALMA,25,I. MASSOUD RODRÍGUEZ,21.156599999999997,45.9292,False,1,MOVISTAR ESTUDIANTES,False
COPA ESPAÑA,Play-offs 1/8 Final,PALMER BASKET MALLORCA PALMA,25,I. MASSOUD RODRÍGUEZ,10.225700000000003,55.5082,False,1,MOVISTAR ESTUDIANTES,False
COPA ESPAÑA,Play-offs 1/8 Final,PALMER BASKET MALLORCA PALMA,8,A. CHAPELA LAGE,27.573999999999998,86.1357,False,1,MOVISTAR ESTUDIANTES,False
COPA ESPAÑA,Play-offs 1/8 Final,PALMER BASKET MALLORCA PALMA,7,D. SANADZE,10.2257,73.4808,False,1,MOVISTAR ESTUDIANTES,False
COPA ESPAÑA,Play-offs 1/8 Final,PALMER BASKET MALLORCA PALMA,12,J. CARRALERO MARTIN,8.251099999999994,20.9735,False,1,MOVISTAR ESTUDIANTES,False
COPA ESPAÑA,Play-offs 1/8 Final,PALMER BASKET MALLORCA PALMA,9,A. URDIAIN LABAYEN,35.331500000000005,47.9459,False,1,MOVISTAR ESTUDIANTES,False
COPA ESPAÑA,Play-offs 1/8 Final,AMICS CASTELLÓ,27,K. BAOKO,11.7772,42.3491,False,1,FLEXICAR FUENLABRADA,True
COPA ESPAÑA,Play-offs 1/8 Final,AMICS CASTELLÓ,42,F. STUTZ,5.571200000000005,45.5511,True,1,FLEXICAR FUENLABRADA,True
COPA ESPAÑA,Play-offs 1/8 Final,AMICS CASTELLÓ,4,R. FABREGA URPINA,17.277900000000002,27.905600000000007,True,1,FLEXICAR FUENLABRADA,True
COPA ESPAÑA,Play-offs 1/8 Final,AMICS CASTELLÓ,22,K. NEWTON,4.724999999999994,7.613399999999999,True,1,FLEXICAR FUENLABRADA,True
COPA ESPAÑA,Play-offs 1/8 Final,AMICS CASTELLÓ,13,P. GARCIA CARRERO,20.7334,87.4711,False,1,FLEXICAR FUENLABRADA,True
COPA ESPAÑA,Play-offs 1/8 Final,AMICS CASTELLÓ,13,P. GARCIA CARRERO,5.00705,51.8021,True,1,FLEXICAR FUENLABRADA,True
COPA ESPAÑA,Play-offs 1/8 Final,AMICS CASTELLÓ,11,D. BAH,6.064899999999994,56.6426,True,1,FLEXICAR FUENLABRADA,True
COPA ESPAÑA,Play-offs 1/8 Final,AMICS CASTELLÓ,33,M. ANDREATTA,25.599400000000003,83.6149,False,1,FLEXICAR FUENLABRADA,True
COPA ESPAÑA,Play-offs 1/8 Final,AMICS CASTELLÓ,27,K. BAOKO,5.43018,53.8187,True,1,FLEXICAR FUENLABRADA,True
COPA ESPAÑA,Play-offs 1/8 Final,AMICS CASTELLÓ,42,F. STUTZ,30.536,82.2285,False,1,FLEXICAR FUENLABRADA,True
COPA ESPAÑA,Play-offs 1/8 Final,AMICS CASTELLÓ,67,A. TAMAYO LESMES,19.887200000000007,89.6648,False,1,FLEXICAR FUENLABRADA,True
COPA ESPAÑA,Play-offs 1/8 Final,AMICS CASTELLÓ,33,M. ANDREATTA,7.757400000000004,60.2977,False,1,FLEXICAR FUENLABRADA,True
COPA ESPAÑA,Play-offs 1/8 Final,AMICS CASTELLÓ,10,O. RUSSELL,25.599400000000003,80.8421,True,1,FLEXICAR FUENLABRADA,True
COPA ESPAÑA,Play-offs 1/8 Final,AMICS CASTELLÓ,22,K. NEWTON,5.1481,91.8825,False,1,FLEXICAR FUENLABRADA,True
COPA ESPAÑA,Play-offs 1/8 Final,AMICS CASTELLÓ,4,R. FABREGA URPINA,4.795500000000004,43.2824,False,1,FLEXICAR FUENLABRADA,True
COPA ESPAÑA,Play-offs 1/8 Final,AMICS CASTELLÓ,4,R. FABREGA URPINA,34.3441,60.4988,False,1,FLEXICAR FUENLABRADA,True
COPA ESPAÑA,Play-offs 1/8 Final,AMICS CASTELLÓ,22,K. NEWTON,16.361099999999993,79.7077,False,1,FLEXICAR FUENLABRADA,True
COPA ESPAÑA,Play-offs 1/8 Final,AMICS CASTELLÓ,33,M. ANDREATTA,23.7659,86.2107,False,1,FLEXICAR FUENLABRADA,True
COPA ESPAÑA,Play-offs 1/8 Final,AMICS CASTELLÓ,22,K. NEWTON,25.2468,83.816,False,1,FLEXICAR FUENLABRADA,True
COPA ESPAÑA,Play-offs 1/8 Final,AMICS CASTELLÓ,27,K. BAOKO,8.321600000000004,40.3835,False,1,FLEXICAR FUENLABRADA,True
COPA ESPAÑA,Play-offs 1/8 Final,AMICS CASTELLÓ,11,D. BAH,5.78279,56.0874,True,1,FLEXICAR FUENLABRADA,True
COPA ESPAÑA,Play-offs 1/8 Final,AMICS CASTELLÓ,10,O. RUSSELL,6.840599999999995,27.905600000000007,False,1,FLEXICAR FUENLABRADA,True
COPA ESPAÑA,Play-offs 1/8 Final,AMICS CASTELLÓ,42,F. STUTZ,24.6827,64.532,False,1,FLEXICAR FUENLABRADA,True
COPA ESPAÑA,Play-offs 1/8 Final,AMICS CASTELLÓ,4,R. FABREGA URPINA,39.4922,54.6259,True,1,FLEXICAR FUENLABRADA,True
COPA ESPAÑA,Play-offs 1/8 Final,AMICS CASTELLÓ,42,F. STUTZ,11.7772,42.3491,True,1,FLEXICAR FUENLABRADA,True
COPA ESPAÑA,Play-offs 1/8 Final,AMICS CASTELLÓ,13,P. GARCIA CARRERO,6.1354,61.381,False,1,FLEXICAR FUENLABRADA,True
COPA ESPAÑA,Play-offs 1/8 Final,AMICS CASTELLÓ,8,J. FANER CATALA,35.754599999999996,52.9874,True,1,FLEXICAR FUENLABRADA,True
COPA ESPAÑA,Play-offs 1/8 Final,AMICS CASTELLÓ,10,O. RUSSELL,24.048,13.7383,False,1,FLEXICAR FUENLABRADA,True
COPA ESPAÑA,Play-offs 1/8 Final,AMICS CASTELLÓ,67,A. TAMAYO LESMES,22.002799999999993,11.898700000000005,False,1,FLEXICAR FUENLABRADA,True
COPA ESPAÑA,Play-offs 1/8 Final,AMICS CASTELLÓ,8,J. FANER CATALA,15.9379,7.18423,True,1,FLEXICAR FUENLABRADA,True
COPA ESPAÑA,Play-offs 1/8 Final,AMICS CASTELLÓ,8,J. FANER CATALA,21.650199999999998,25.258799999999994,False,1,FLEXICAR FUENLABRADA,True
COPA ESPAÑA,Play-offs 1/8 Final,AMICS CASTELLÓ,22,K. NEWTON,4.16079,95.1595,False,1,FLEXICAR FUENLABRADA,True
COPA ESPAÑA,Play-offs 1/8 Final,AMICS CASTELLÓ,22,K. NEWTON,20.239800000000002,9.882099999999994,False,1,FLEXICAR FUENLABRADA,True
COPA ESPAÑA,Play-offs 1/8 Final,AMICS CASTELLÓ,22,K. NEWTON,10.9309,5.7978,True,1,FLEXICAR FUENLABRADA,True
COPA ESPAÑA,Play-offs 1/8 Final,AMICS CASTELLÓ,8,J. FANER CATALA,19.2525,21.9308,True,1,FLEXICAR FUENLABRADA,True
COPA ESPAÑA,Play-offs 1/8 Final,AMICS CASTELLÓ,4,R. FABREGA URPINA,29.055,74.8672,False,1,FLEXICAR FUENLABRADA,True
COPA ESPAÑA,Play-offs 1/8 Final,AMICS CASTELLÓ,27,K. BAOKO,4.160799999999995,47.0636,True,1,FLEXICAR FUENLABRADA,True
COPA ESPAÑA,Play-offs 1/8 Final,AMICS CASTELLÓ,42,F. STUTZ,32.0874,69.6996,False,1,FLEXICAR FUENLABRADA,True
COPA ESPAÑA,Play-offs 1/8 Final,AMICS CASTELLÓ,27,K. BAOKO,7.1932000000000045,43.0303,False,1,FLEXICAR FUENLABRADA,True
COPA ESPAÑA,Play-offs 1/8 Final,AMICS CASTELLÓ,4,R. FABREGA URPINA,8.25106,15.6288,False,1,FLEXICAR FUENLABRADA,True
COPA ESPAÑA,Play-offs 1/8 Final,AMICS CASTELLÓ,33,M. ANDREATTA,5.35966,55.7093,True,1,FLEXICAR FUENLABRADA,True
COPA ESPAÑA,Play-offs 1/8 Final,AMICS CASTELLÓ,42,F. STUTZ,7.052199999999999,41.0137,False,1,FLEXICAR FUENLABRADA,True
COPA ESPAÑA,Play-offs 1/8 Final,AMICS CASTELLÓ,27,K. BAOKO,13.0465,36.9294,False,1,FLEXICAR FUENLABRADA,True
COPA ESPAÑA,Play-offs 1/8 Final,AMICS CASTELLÓ,33,M. ANDREATTA,6.981700000000004,92.68973,False,1,FLEXICAR FUENLABRADA,True
COPA ESPAÑA,Play-offs 1/8 Final,AMICS CASTELLÓ,27,K. BAOKO,5.782799999999995,54.878,True,1,FLEXICAR FUENLABRADA,True
COPA ESPAÑA,Play-offs 1/8 Final,AMICS CASTELLÓ,10,O. RUSSELL,32.581100000000006,51.3489,True,1,FLEXICAR FUENLABRADA,True
COPA ESPAÑA,Play-offs 1/8 Final,AMICS CASTELLÓ,8,J. FANER CATALA,7.19323,41.5929,True,1,FLEXICAR FUENLABRADA,True
COPA ESPAÑA,Play-offs 1/8 Final,AMICS CASTELLÓ,4,R. FABREGA URPINA,5.64175,59.1123,True,1,FLEXICAR FUENLABRADA,True
COPA ESPAÑA,Play-offs 1/8 Final,AMICS CASTELLÓ,4,R. FABREGA URPINA,7.334299999999999,23.998400000000004,False,1,FLEXICAR FUENLABRADA,True
COPA ESPAÑA,Play-offs 1/8 Final,AMICS CASTELLÓ,4,R. FABREGA URPINA,6.346999999999994,39.7533,True,1,FLEXICAR FUENLABRADA,True
COPA ESPAÑA,Play-offs 1/8 Final,AMICS CASTELLÓ,27,K. BAOKO,6.417500000000004,46.9376,True,1,FLEXICAR FUENLABRADA,True
COPA ESPAÑA,Play-offs 1/8 Final,AMICS CASTELLÓ,11,D. BAH,5.71227,53.3145,True,1,FLEXICAR FUENLABRADA,True
COPA ESPAÑA,Play-offs 1/8 Final,AMICS CASTELLÓ,8,J. FANER CATALA,27.0804,20.1663,False,1,FLEXICAR FUENLABRADA,True
COPA ESPAÑA,Play-offs 1/8 Final,AMICS CASTELLÓ,42,F. STUTZ,9.16784,13.2341,True,1,FLEXICAR FUENLABRADA,True
COPA ESPAÑA,Play-offs 1/8 Final,AMICS CASTELLÓ,4,R. FABREGA URPINA,8.88575,69.5736,True,1,FLEXICAR FUENLABRADA,True
COPA ESPAÑA,Play-offs 1/8 Final,AMICS CASTELLÓ,67,A. TAMAYO LESMES,12.552899999999994,93.06784999999999,False,1,FLEXICAR FUENLABRADA,True
COPA ESPAÑA,Play-offs 1/8 Final,AMICS CASTELLÓ,67,A. TAMAYO LESMES,11.213,40.4585,True,1,FLEXICAR FUENLABRADA,True
COPA ESPAÑA,Play-offs 1/8 Final,AMICS CASTELLÓ,8,J. FANER CATALA,9.16784,13.2341,False,1,FLEXICAR FUENLABRADA,True
COPA ESPAÑA,Play-offs 1/8 Final,AMICS CASTELLÓ,11,D. BAH,7.75741,53.1885,True,1,FLEXICAR FUENLABRADA,True
COPA ESPAÑA,Play-offs 1/8 Final,AMICS CASTELLÓ,33,M. ANDREATTA,5.218599999999995,53.1135,True,1,FLEXICAR FUENLABRADA,True
COPA ESPAÑA,Play-offs 1/8 Final,AMICS CASTELLÓ,67,A. TAMAYO LESMES,28.7024,74.237,False,1,FLEXICAR FUENLABRADA,True
COPA ESPAÑA,Play-offs 1/8 Final,AMICS CASTELLÓ,42,F. STUTZ,7.052199999999999,41.0137,True,1,FLEXICAR FUENLABRADA,True
COPA ESPAÑA,Play-offs 1/8 Final,AMICS CASTELLÓ,67,A. TAMAYO LESMES,5.35966,55.7093,False,1,FLEXICAR FUENLABRADA,True
COPA ESPAÑA,Play-offs 1/8 Final,AMICS CASTELLÓ,22,K. NEWTON,8.67419,7.05819,True,1,FLEXICAR FUENLABRADA,True
COPA ESPAÑA,Play-offs 1/8 Final,AMICS CASTELLÓ,11,D. BAH,11.7066,36.1732,False,1,FLEXICAR FUENLABRADA,True
COPA ESPAÑA,Play-offs 1/8 Final,AMICS CASTELLÓ,22,K. NEWTON,26.445700000000002,20.3433,False,1,FLEXICAR FUENLABRADA,True
COPA ESPAÑA,Play-offs 1/8 Final,FLEXICAR FUENLABRADA,11,D. MANCHON CRESPO,27.2214,18.1496,True,1,AMICS CASTELLÓ,False
COPA ESPAÑA,Play-offs 1/8 Final,FLEXICAR FUENLABRADA,8,V. ALVES BENITE,25.67,38.871,False,1,AMICS CASTELLÓ,False
COPA ESPAÑA,Play-offs 1/8 Final,FLEXICAR FUENLABRADA,7,M. DIAZ,6.558499999999995,41.6439,False,1,AMICS CASTELLÓ,False
COPA ESPAÑA,Play-offs 1/8 Final,FLEXICAR FUENLABRADA,30,P. RIGOT,14.456999999999994,59.6675,True,1,AMICS CASTELLÓ,False
COPA ESPAÑA,Play-offs 1/8 Final,FLEXICAR FUENLABRADA,7,M. DIAZ,38.9281,32.0139,False,1,AMICS CASTELLÓ,False
COPA ESPAÑA,Play-offs 1/8 Final,FLEXICAR FUENLABRADA,7,M. DIAZ,9.4499,56.1384,False,1,AMICS CASTELLÓ,False
COPA ESPAÑA,Play-offs 1/8 Final,FLEXICAR FUENLABRADA,30,P. RIGOT,9.44993,61.5071,True,1,AMICS CASTELLÓ,False
COPA ESPAÑA,Play-offs 1/8 Final,FLEXICAR FUENLABRADA,11,D. MANCHON CRESPO,7.12271,56.0874,True,1,AMICS CASTELLÓ,False
COPA ESPAÑA,Play-offs 1/8 Final,FLEXICAR FUENLABRADA,41,L. NIKKARINEN,33.145300000000006,69.6246,False,1,AMICS CASTELLÓ,False
COPA ESPAÑA,Play-offs 1/8 Final,FLEXICAR FUENLABRADA,9,B. VIDARTE CANO,17.983099999999993,58.029,False,1,AMICS CASTELLÓ,False
COPA ESPAÑA,Play-offs 1/8 Final,FLEXICAR FUENLABRADA,21,D. STOLBETSKIY,6.06488,47.5167,True,1,AMICS CASTELLÓ,False
COPA ESPAÑA,Play-offs 1/8 Final,FLEXICAR FUENLABRADA,21,D. STOLBETSKIY,14.0339,93.521,False,1,AMICS CASTELLÓ,False
COPA ESPAÑA,Play-offs 1/8 Final,FLEXICAR FUENLABRADA,35,J. BELEMENE-DZABATOU,24.5416,19.41,False,1,AMICS CASTELLÓ,False
COPA ESPAÑA,Play-offs 1/8 Final,FLEXICAR FUENLABRADA,35,J. BELEMENE-DZABATOU,16.8547,93.2689,False,1,AMICS CASTELLÓ,False
COPA ESPAÑA,Play-offs 1/8 Final,FLEXICAR FUENLABRADA,5,A. MURPHY,28.4908,75.6234,True,1,AMICS CASTELLÓ,False
COPA ESPAÑA,Play-offs 1/8 Final,FLEXICAR FUENLABRADA,41,L. NIKKARINEN,21.7913,13.7383,False,1,AMICS CASTELLÓ,False
COPA ESPAÑA,Play-offs 1/8 Final,FLEXICAR FUENLABRADA,15,P. RODRIGUEZ PASCUAL,11.354,94.07616,False,1,AMICS CASTELLÓ,False
COPA ESPAÑA,Play-offs 1/8 Final,FLEXICAR FUENLABRADA,7,M. DIAZ,41.7489,16.259,False,1,AMICS CASTELLÓ,False
COPA ESPAÑA,Play-offs 1/8 Final,FLEXICAR FUENLABRADA,30,P. RIGOT,27.2214,18.1496,False,1,AMICS CASTELLÓ,False
COPA ESPAÑA,Play-offs 1/8 Final,FLEXICAR FUENLABRADA,7,M. DIAZ,18.758799999999994,34.081599999999995,True,1,AMICS CASTELLÓ,False
COPA ESPAÑA,Play-offs 1/8 Final,FLEXICAR FUENLABRADA,21,D. STOLBETSKIY,7.334299999999999,59.1633,False,1,AMICS CASTELLÓ,False
COPA ESPAÑA,Play-offs 1/8 Final,FLEXICAR FUENLABRADA,35,J. BELEMENE-DZABATOU,10.7193,69.8256,False,1,AMICS CASTELLÓ,False
COPA ESPAÑA,Play-offs 1/8 Final,FLEXICAR FUENLABRADA,8,V. ALVES BENITE,15.7264,15.8809,False,1,AMICS CASTELLÓ,False
COPA ESPAÑA,Play-offs 1/8 Final,FLEXICAR FUENLABRADA,88,J. KASIBABU SHILALA,8.462599999999995,75.5484,True,1,AMICS CASTELLÓ,False
COPA ESPAÑA,Play-offs 1/8 Final,FLEXICAR FUENLABRADA,21,D. STOLBETSKIY,6.558499999999995,41.6439,True,1,AMICS CASTELLÓ,False
COPA ESPAÑA,Play-offs 1/8 Final,FLEXICAR FUENLABRADA,7,M. DIAZ,26.5867,18.6538,True,1,AMICS CASTELLÓ,False
COPA ESPAÑA,Play-offs 1/8 Final,FLEXICAR FUENLABRADA,7,M. DIAZ,6.135400000000004,45.8032,True,1,AMICS CASTELLÓ,False
COPA ESPAÑA,Play-offs 1/8 Final,FLEXICAR FUENLABRADA,21,D. STOLBETSKIY,8.251099999999994,68.6163,True,1,AMICS CASTELLÓ,False
COPA ESPAÑA,Play-offs 1/8 Final,FLEXICAR FUENLABRADA,11,D. MANCHON CRESPO,21.3681,11.898700000000005,False,1,AMICS CASTELLÓ,False
COPA ESPAÑA,Play-offs 1/8 Final,FLEXICAR FUENLABRADA,88,J. KASIBABU SHILALA,8.956299999999999,21.981800000000007,False,1,AMICS CASTELLÓ,False
COPA ESPAÑA,Play-offs 1/8 Final,FLEXICAR FUENLABRADA,30,P. RIGOT,8.533100000000005,55.3822,True,1,AMICS CASTELLÓ,False
COPA ESPAÑA,Play-offs 1/8 Final,FLEXICAR FUENLABRADA,8,V. ALVES BENITE,6.770099999999999,45.4251,True,1,AMICS CASTELLÓ,False
COPA ESPAÑA,Play-offs 1/8 Final,FLEXICAR FUENLABRADA,15,P. RODRIGUEZ PASCUAL,32.3695,66.0955,False,1,AMICS CASTELLÓ,False
COPA ESPAÑA,Play-offs 1/8 Final,FLEXICAR FUENLABRADA,88,J. KASIBABU SHILALA,10.648799999999994,56.0124,True,1,AMICS CASTELLÓ,False
COPA ESPAÑA,Play-offs 1/8 Final,FLEXICAR FUENLABRADA,88,J. KASIBABU SHILALA,5.28914,88.6055,False,1,AMICS CASTELLÓ,False
COPA ESPAÑA,Play-offs 1/8 Final,FLEXICAR FUENLABRADA,8,V. ALVES BENITE,26.4457,13.2341,True,1,AMICS CASTELLÓ,False
COPA ESPAÑA,Play-offs 1/8 Final,FLEXICAR FUENLABRADA,8,V. ALVES BENITE,5.782799999999995,12.781000000000006,False,1,AMICS CASTELLÓ,False
COPA ESPAÑA,Play-offs 1/8 Final,FLEXICAR FUENLABRADA,7,M. DIAZ,28.2793,75.1193,True,1,AMICS CASTELLÓ,False
COPA ESPAÑA,Play-offs 1/8 Final,FLEXICAR FUENLABRADA,41,L. NIKKARINEN,25.67,56.5165,False,1,AMICS CASTELLÓ,False
COPA ESPAÑA,Play-offs 1/8 Final,FLEXICAR FUENLABRADA,5,A. MURPHY,5.218599999999995,7.991500000000002,False,1,AMICS CASTELLÓ,False
COPA ESPAÑA,Play-offs 1/8 Final,FLEXICAR FUENLABRADA,30,P. RIGOT,18.4767,91.5044,False,1,AMICS CASTELLÓ,False
COPA ESPAÑA,Play-offs 1/8 Final,FLEXICAR FUENLABRADA,30,P. RIGOT,7.898399999999995,7.109200000000001,False,1,AMICS CASTELLÓ,False
COPA ESPAÑA,Play-offs 1/8 Final,FLEXICAR FUENLABRADA,35,J. BELEMENE-DZABATOU,5.28914,68.6913,False,1,AMICS CASTELLÓ,False
COPA ESPAÑA,Play-offs 1/8 Final,FLEXICAR FUENLABRADA,88,J. KASIBABU SHILALA,14.739099999999993,56.0124,False,1,AMICS CASTELLÓ,False
COPA ESPAÑA,Play-offs 1/8 Final,FLEXICAR FUENLABRADA,30,P. RIGOT,25.952,80.1609,False,1,AMICS CASTELLÓ,False
COPA ESPAÑA,Play-offs 1/8 Final,FLEXICAR FUENLABRADA,5,A. MURPHY,33.07470000000001,53.2395,False,1,AMICS CASTELLÓ,False
COPA ESPAÑA,Play-offs 1/8 Final,FLEXICAR FUENLABRADA,5,A. MURPHY,8.03949,41.4669,True,1,AMICS CASTELLÓ,False
COPA ESPAÑA,Play-offs 1/8 Final,FLEXICAR FUENLABRADA,8,V. ALVES BENITE,23.0606,11.4696,False,1,AMICS CASTELLÓ,False
COPA ESPAÑA,Play-offs 1/8 Final,FLEXICAR FUENLABRADA,21,D. STOLBETSKIY,12.5529,51.0458,True,1,AMICS CASTELLÓ,False
COPA ESPAÑA,Play-offs 1/8 Final,FLEXICAR FUENLABRADA,11,D. MANCHON CRESPO,8.53315,45.5001,False,1,AMICS CASTELLÓ,False
COPA ESPAÑA,Play-offs 1/8 Final,FLEXICAR FUENLABRADA,7,M. DIAZ,39.2102,56.4655,False,1,AMICS CASTELLÓ,False
COPA ESPAÑA,Play-offs 1/8 Final,FLEXICAR FUENLABRADA,5,A. MURPHY,5.00705,93.2689,True,1,AMICS CASTELLÓ,False
COPA ESPAÑA,Play-offs 1/8 Final,FLEXICAR FUENLABRADA,88,J. KASIBABU SHILALA,5.28914,68.6913,False,1,AMICS CASTELLÓ,False
COPA ESPAÑA,Play-offs 1/8 Final,FLEXICAR FUENLABRADA,9,B. VIDARTE CANO,11.495099999999994,75.6745,False,1,AMICS CASTELLÓ,False
COPA ESPAÑA,Play-offs 1/8 Final,FLEXICAR FUENLABRADA,21,D. STOLBETSKIY,4.654399999999995,45.4251,True,1,AMICS CASTELLÓ,False
COPA ESPAÑA,Play-offs 1/8 Final,FLEXICAR FUENLABRADA,7,M. DIAZ,8.462599999999995,75.5484,False,1,AMICS CASTELLÓ,False
COPA ESPAÑA,Play-offs 1/8 Final,FLEXICAR FUENLABRADA,11,D. MANCHON CRESPO,13.610699999999994,6.731099999999998,False,1,AMICS CASTELLÓ,False
COPA ESPAÑA,Play-offs 1/8 Final,FLEXICAR FUENLABRADA,30,P. RIGOT,30.747500000000002,64.20490000000001,True,1,AMICS CASTELLÓ,False
COPA ESPAÑA,Play-offs 1/8 Final,FLEXICAR FUENLABRADA,41,L. NIKKARINEN,16.5021,74.79220000000001,False,1,AMICS CASTELLÓ,False
COPA ESPAÑA,Play-offs 1/8 Final,FLEXICAR FUENLABRADA,30,P. RIGOT,4.93653,7.05819,False,1,AMICS CASTELLÓ,False
COPA ESPAÑA,Play-offs 1/8 Final,FLEXICAR FUENLABRADA,9,B. VIDARTE CANO,5.007099999999994,44.0387,True,1,AMICS CASTELLÓ,False
COPA ESPAÑA,Play-offs 1/8 Final,FLEXICAR FUENLABRADA,7,M. DIAZ,33.35680000000001,76.4307,False,1,AMICS CASTELLÓ,False
COPA ESPAÑA,Play-offs 1/8 Final,FLEXICAR FUENLABRADA,7,M. DIAZ,20.5219,25.3339,False,1,AMICS CASTELLÓ,False
COPA ESPAÑA,Play-offs 1/8 Final,FLEXICAR FUENLABRADA,7,M. DIAZ,11.0014,65.0362,True,1,AMICS CASTELLÓ,False
COPA ESPAÑA,Play-offs 1/8 Final,FLEXICAR FUENLABRADA,7,M. DIAZ,33.78,49.0292,False,1,AMICS CASTELLÓ,False
COPA ESPAÑA,Play-offs 1/8 Final,FLEXICAR FUENLABRADA,11,D. MANCHON CRESPO,9.30889,47.7688,True,1,AMICS CASTELLÓ,False
COPA ESPAÑA,Play-offs 1/8 Final,FLEXICAR FUENLABRADA,9,B. VIDARTE CANO,7.898399999999995,7.109200000000001,False,1,AMICS CASTELLÓ,False
COPA ESPAÑA,Play-offs 1/8 Final,FLEXICAR FUENLABRADA,15,P. RODRIGUEZ PASCUAL,15.373800000000003,6.9831999999999965,True,1,AMICS CASTELLÓ,False
COPA ESPAÑA,Play-offs 1/8 Final,FLEXICAR FUENLABRADA,35,J. BELEMENE-DZABATOU,19.534599999999998,90.79915,True,1,AMICS CASTELLÓ,False
COPA ESPAÑA,Play-offs 1/8 Final,FLEXICAR FUENLABRADA,35,J. BELEMENE-DZABATOU,3.878699999999995,45.047,True,1,AMICS CASTELLÓ,False
COPA ESPAÑA,Play-offs 1/8 Final,FLEXICAR FUENLABRADA,11,D. MANCHON CRESPO,14.597999999999999,92.56369,False,1,AMICS CASTELLÓ,False
COPA ESPAÑA,Play-offs 1/8 Final,BIELE ISB,0,P. BADJI,24.5416,48.525,False,1,SÚPER AGROPAL PALENCIA,True
COPA ESPAÑA,Play-offs 1/8 Final,BIELE ISB,15,M. NIANG NDONGO,13.1876,49.5334,True,1,SÚPER AGROPAL PALENCIA,True
COPA ESPAÑA,Play-offs 1/8 Final,BIELE ISB,14,T. SAGNA,15.585300000000004,49.3323,True,1,SÚPER AGROPAL PALENCIA,True
COPA ESPAÑA,Play-offs 1/8 Final,BIELE ISB,7,I. AIZPITARTE ARANZA,28.5614,15.8809,False,1,SÚPER AGROPAL PALENCIA,True
COPA ESPAÑA,Play-offs 1/8 Final,BIELE ISB,10,O. ARDANZA BERNAOLA,33.4979,57.9029,True,1,SÚPER AGROPAL PALENCIA,True
COPA ESPAÑA,Play-offs 1/8 Final,BIELE ISB,14,T. SAGNA,19.816599999999994,71.5152,True,1,SÚPER AGROPAL PALENCIA,True
COPA ESPAÑA,Play-offs 1/8 Final,BIELE ISB,7,I. AIZPITARTE ARANZA,30.042299999999997,72.6495,True,1,SÚPER AGROPAL PALENCIA,True
COPA ESPAÑA,Play-offs 1/8 Final,BIELE ISB,10,O. ARDANZA BERNAOLA,35.1904,62.6414,False,1,SÚPER AGROPAL PALENCIA,True
COPA ESPAÑA,Play-offs 1/8 Final,BIELE ISB,14,T. SAGNA,5.99436,62.5154,True,1,SÚPER AGROPAL PALENCIA,True
COPA ESPAÑA,Play-offs 1/8 Final,BIELE ISB,13,M. OLAIZOLA GARIN,26.0226,85.3285,False,1,SÚPER AGROPAL PALENCIA,True
COPA ESPAÑA,Play-offs 1/8 Final,BIELE ISB,13,M. OLAIZOLA GARIN,9.238399999999999,22.738,False,1,SÚPER AGROPAL PALENCIA,True
COPA ESPAÑA,Play-offs 1/8 Final,BIELE ISB,15,M. NIANG NDONGO,16.7137,94.9074,False,1,SÚPER AGROPAL PALENCIA,True
COPA ESPAÑA,Play-offs 1/8 Final,BIELE ISB,15,M. NIANG NDONGO,14.597999999999999,54.2478,True,1,SÚPER AGROPAL PALENCIA,True
COPA ESPAÑA,Play-offs 1/8 Final,BIELE ISB,10,O. ARDANZA BERNAOLA,13.892799999999994,6.605000000000004,False,1,SÚPER AGROPAL PALENCIA,True
COPA ESPAÑA,Play-offs 1/8 Final,BIELE ISB,13,M. OLAIZOLA GARIN,9.94358,60.2467,True,1,SÚPER AGROPAL PALENCIA,True
COPA ESPAÑA,Play-offs 1/8 Final,BIELE ISB,7,I. AIZPITARTE ARANZA,19.816599999999994,71.5152,False,1,SÚPER AGROPAL PALENCIA,True
COPA ESPAÑA,Play-offs 1/8 Final,BIELE ISB,0,P. BADJI,8.03949,38.694,True,1,SÚPER AGROPAL PALENCIA,True
COPA ESPAÑA,Play-offs 1/8 Final,BIELE ISB,7,I. AIZPITARTE ARANZA,32.0874,67.9861,True,1,SÚPER AGROPAL PALENCIA,True
COPA ESPAÑA,Play-offs 1/8 Final,BIELE ISB,15,M. NIANG NDONGO,32.792699999999996,74.79220000000001,False,1,SÚPER AGROPAL PALENCIA,True
COPA ESPAÑA,Play-offs 1/8 Final,BIELE ISB,6,J. KARRERA ALTUNA,29.2666,19.0319,False,1,SÚPER AGROPAL PALENCIA,True
COPA ESPAÑA,Play-offs 1/8 Final,BIELE ISB,10,O. ARDANZA BERNAOLA,15.655900000000003,52.8614,True,1,SÚPER AGROPAL PALENCIA,True
COPA ESPAÑA,Play-offs 1/8 Final,BIELE ISB,13,M. OLAIZOLA GARIN,27.362499999999997,82.2285,True,1,SÚPER AGROPAL PALENCIA,True
COPA ESPAÑA,Play-offs 1/8 Final,BIELE ISB,15,M. NIANG NDONGO,6.4879999999999995,25.763000000000005,False,1,SÚPER AGROPAL PALENCIA,True
COPA ESPAÑA,Play-offs 1/8 Final,BIELE ISB,14,T. SAGNA,11.706599999999995,49.3323,True,1,SÚPER AGROPAL PALENCIA,True
COPA ESPAÑA,Play-offs 1/8 Final,BIELE ISB,15,M. NIANG NDONGO,8.32158,73.1027,True,1,SÚPER AGROPAL PALENCIA,True
COPA ESPAÑA,Play-offs 1/8 Final,BIELE ISB,8,A. MONCANUT MORE,34.485200000000006,44.9209,False,1,SÚPER AGROPAL PALENCIA,True
COPA ESPAÑA,Play-offs 1/8 Final,BIELE ISB,13,M. OLAIZOLA GARIN,18.335700000000003,91.05123,False,1,SÚPER AGROPAL PALENCIA,True
COPA ESPAÑA,Play-offs 1/8 Final,BIELE ISB,14,T. SAGNA,10.7898,62.3893,False,1,SÚPER AGROPAL PALENCIA,True
COPA ESPAÑA,Play-offs 1/8 Final,BIELE ISB,14,T. SAGNA,10.5078,50.5417,True,1,SÚPER AGROPAL PALENCIA,True
COPA ESPAÑA,Play-offs 1/8 Final,BIELE ISB,10,O. ARDANZA BERNAOLA,9.238399999999999,68.2382,False,1,SÚPER AGROPAL PALENCIA,True
COPA ESPAÑA,Play-offs 1/8 Final,BIELE ISB,7,I. AIZPITARTE ARANZA,32.9337,22.864099999999993,False,1,SÚPER AGROPAL PALENCIA,True
COPA ESPAÑA,Play-offs 1/8 Final,BIELE ISB,30,I. MIRANDA GARCIA,17.912599999999998,48.0719,True,1,SÚPER AGROPAL PALENCIA,True
COPA ESPAÑA,Play-offs 1/8 Final,BIELE ISB,8,A. MONCANUT MORE,30.465400000000002,25.132800000000003,False,1,SÚPER AGROPAL PALENCIA,True
COPA ESPAÑA,Play-offs 1/8 Final,BIELE ISB,7,I. AIZPITARTE ARANZA,21.3681,49.5334,False,1,SÚPER AGROPAL PALENCIA,True
COPA ESPAÑA,Play-offs 1/8 Final,BIELE ISB,15,M. NIANG NDONGO,15.3032,5.1676,False,1,SÚPER AGROPAL PALENCIA,True
COPA ESPAÑA,Play-offs 1/8 Final,BIELE ISB,7,I. AIZPITARTE ARANZA,28.843400000000003,16.8142,False,1,SÚPER AGROPAL PALENCIA,True
COPA ESPAÑA,Play-offs 1/8 Final,BIELE ISB,8,A. MONCANUT MORE,14.0339,33.2743,False,1,SÚPER AGROPAL PALENCIA,True
COPA ESPAÑA,Play-offs 1/8 Final,BIELE ISB,7,I. AIZPITARTE ARANZA,32.6516,68.7423,False,1,SÚPER AGROPAL PALENCIA,True
COPA ESPAÑA,Play-offs 1/8 Final,BIELE ISB,14,T. SAGNA,13.6812,55.2051,False,1,SÚPER AGROPAL PALENCIA,True
COPA ESPAÑA,Play-offs 1/8 Final,BIELE ISB,7,I. AIZPITARTE ARANZA,8.744699999999995,63.7007,True,1,SÚPER AGROPAL PALENCIA,True
COPA ESPAÑA,Play-offs 1/8 Final,BIELE ISB,15,M. NIANG NDONGO,10.5078,39.3242,False,1,SÚPER AGROPAL PALENCIA,True
COPA ESPAÑA,Play-offs 1/8 Final,BIELE ISB,30,I. MIRANDA GARCIA,12.905500000000004,54.1218,False,1,SÚPER AGROPAL PALENCIA,True
COPA ESPAÑA,Play-offs 1/8 Final,BIELE ISB,8,A. MONCANUT MORE,17.136799999999994,51.8531,True,1,SÚPER AGROPAL PALENCIA,True
COPA ESPAÑA,Play-offs 1/8 Final,BIELE ISB,8,A. MONCANUT MORE,25.599400000000003,11.268500000000003,False,1,SÚPER AGROPAL PALENCIA,True
COPA ESPAÑA,Play-offs 1/8 Final,BIELE ISB,8,A. MONCANUT MORE,30.3949,26.2161,False,1,SÚPER AGROPAL PALENCIA,True
COPA ESPAÑA,Play-offs 1/8 Final,BIELE ISB,50,O. INDA HERNANDEZ,9.87306,63.6497,True,1,SÚPER AGROPAL PALENCIA,True
COPA ESPAÑA,Play-offs 1/8 Final,BIELE ISB,8,A. MONCANUT MORE,10.2962,64.1539,False,1,SÚPER AGROPAL PALENCIA,True
COPA ESPAÑA,Play-offs 1/8 Final,BIELE ISB,8,A. MONCANUT MORE,10.1551,41.4669,False,1,SÚPER AGROPAL PALENCIA,True
COPA ESPAÑA,Play-offs 1/8 Final,BIELE ISB,14,T. SAGNA,26.2341,15.1247,False,1,SÚPER AGROPAL PALENCIA,True
COPA ESPAÑA,Play-offs 1/8 Final,BIELE ISB,42,A. ACHA CORTABARRIA,12.0592,48.525,False,1,SÚPER AGROPAL PALENCIA,True
COPA ESPAÑA,Play-offs 1/8 Final,SÚPER AGROPAL PALENCIA,6,T. BORG,30.394900000000007,78.32130000000001,True,1,BIELE ISB,False
COPA ESPAÑA,Play-offs 1/8 Final,SÚPER AGROPAL PALENCIA,6,T. BORG,35.402,55.7093,False,1,BIELE ISB,False
COPA ESPAÑA,Play-offs 1/8 Final,SÚPER AGROPAL PALENCIA,6,T. BORG,7.82793,41.0887,True,1,BIELE ISB,False
COPA ESPAÑA,Play-offs 1/8 Final,SÚPER AGROPAL PALENCIA,2,A. WINTERING,20.1693,36.0472,True,1,BIELE ISB,False
COPA ESPAÑA,Play-offs 1/8 Final,SÚPER AGROPAL PALENCIA,9,M. KAMBA,35.543,51.0458,False,1,BIELE ISB,False
COPA ESPAÑA,Play-offs 1/8 Final,SÚPER AGROPAL PALENCIA,13,J. VRANKIC,10.5783,63.5237,False,1,BIELE ISB,False
COPA ESPAÑA,Play-offs 1/8 Final,SÚPER AGROPAL PALENCIA,31,S. UGOCHUKWU,12.9055,44.3658,False,1,BIELE ISB,False
COPA ESPAÑA,Play-offs 1/8 Final,SÚPER AGROPAL PALENCIA,5,A. KUNKEL,9.379400000000004,44.5428,True,1,BIELE ISB,False
COPA ESPAÑA,Play-offs 1/8 Final,SÚPER AGROPAL PALENCIA,8,I. JAKOVICS,8.46262,42.2231,True,1,BIELE ISB,False
COPA ESPAÑA,Play-offs 1/8 Final,SÚPER AGROPAL PALENCIA,5,A. KUNKEL,20.239800000000002,89.0346,True,1,BIELE ISB,False
COPA ESPAÑA,Play-offs 1/8 Final,SÚPER AGROPAL PALENCIA,31,S. UGOCHUKWU,12.5529,49.2813,True,1,BIELE ISB,False
COPA ESPAÑA,Play-offs 1/8 Final,SÚPER AGROPAL PALENCIA,2,A. WINTERING,20.521900000000002,58.155,False,1,BIELE ISB,False
COPA ESPAÑA,Play-offs 1/8 Final,SÚPER AGROPAL PALENCIA,4,O. GOMEZ FERNANDEZ,12.129800000000003,94.8324,False,1,BIELE ISB,False
COPA ESPAÑA,Play-offs 1/8 Final,SÚPER AGROPAL PALENCIA,6,T. BORG,7.54584,64.532,True,1,BIELE ISB,False
COPA ESPAÑA,Play-offs 1/8 Final,SÚPER AGROPAL PALENCIA,2,A. WINTERING,8.885800000000003,37.2325,True,1,BIELE ISB,False
COPA ESPAÑA,Play-offs 1/8 Final,SÚPER AGROPAL PALENCIA,17,M. ARMUS,7.47532,62.5154,True,1,BIELE ISB,False
COPA ESPAÑA,Play-offs 1/8 Final,SÚPER AGROPAL PALENCIA,2,A. WINTERING,13.187600000000003,53.7437,False,1,BIELE ISB,False
COPA ESPAÑA,Play-offs 1/8 Final,SÚPER AGROPAL PALENCIA,5,A. KUNKEL,13.4697,55.7093,True,1,BIELE ISB,False
COPA ESPAÑA,Play-offs 1/8 Final,SÚPER AGROPAL PALENCIA,8,I. JAKOVICS,25.952,85.4545,True,1,BIELE ISB,False
COPA ESPAÑA,Play-offs 1/8 Final,SÚPER AGROPAL PALENCIA,6,T. BORG,15.585300000000004,53.3655,False,1,BIELE ISB,False
COPA ESPAÑA,Play-offs 1/8 Final,SÚPER AGROPAL PALENCIA,6,T. BORG,23.765900000000002,10.638300000000001,False,1,BIELE ISB,False
COPA ESPAÑA,Play-offs 1/8 Final,SÚPER AGROPAL PALENCIA,6,T. BORG,33.0042,49.2813,False,1,BIELE ISB,False
COPA ESPAÑA,Play-offs 1/8 Final,SÚPER AGROPAL PALENCIA,5,A. KUNKEL,15.514799999999994,92.56369,True,1,BIELE ISB,False
COPA ESPAÑA,Play-offs 1/8 Final,SÚPER AGROPAL PALENCIA,9,M. KAMBA,16.5726,95.1595,True,1,BIELE ISB,False
COPA ESPAÑA,Play-offs 1/8 Final,SÚPER AGROPAL PALENCIA,17,M. ARMUS,10.0141,66.8007,False,1,BIELE ISB,False
COPA ESPAÑA,Play-offs 1/8 Final,SÚPER AGROPAL PALENCIA,7,X. OROZ URIA,32.6516,26.393199999999993,False,1,BIELE ISB,False
COPA ESPAÑA,Play-offs 1/8 Final,SÚPER AGROPAL PALENCIA,6,T. BORG,14.457,95.2855,False,1,BIELE ISB,False
COPA ESPAÑA,Play-offs 1/8 Final,SÚPER AGROPAL PALENCIA,5,A. KUNKEL,10.2257,42.6012,False,1,BIELE ISB,False
COPA ESPAÑA,Play-offs 1/8 Final,SÚPER AGROPAL PALENCIA,17,M. ARMUS,9.802499999999995,44.9209,True,1,BIELE ISB,False
COPA ESPAÑA,Play-offs 1/8 Final,SÚPER AGROPAL PALENCIA,8,I. JAKOVICS,35.6841,45.173,True,1,BIELE ISB,False
COPA ESPAÑA,Play-offs 1/8 Final,SÚPER AGROPAL PALENCIA,13,J. VRANKIC,33.2158,68.6163,True,1,BIELE ISB,False
COPA ESPAÑA,Play-offs 1/8 Final,SÚPER AGROPAL PALENCIA,8,I. JAKOVICS,11.0014,5.67176,False,1,BIELE ISB,False
COPA ESPAÑA,Play-offs 1/8 Final,SÚPER AGROPAL PALENCIA,5,A. KUNKEL,20.944999999999993,68.2382,False,1,BIELE ISB,False
COPA ESPAÑA,Play-offs 1/8 Final,SÚPER AGROPAL PALENCIA,9,M. KAMBA,9.379400000000004,40.7616,True,1,BIELE ISB,False
COPA ESPAÑA,Play-offs 1/8 Final,SÚPER AGROPAL PALENCIA,13,J. VRANKIC,30.8886,25.3339,False,1,BIELE ISB,False
COPA ESPAÑA,Play-offs 1/8 Final,SÚPER AGROPAL PALENCIA,8,I. JAKOVICS,30.394900000000007,78.32130000000001,False,1,BIELE ISB,False
COPA ESPAÑA,Play-offs 1/8 Final,SÚPER AGROPAL PALENCIA,5,A. KUNKEL,23.977400000000003,49.7104,False,1,BIELE ISB,False
COPA ESPAÑA,Play-offs 1/8 Final,SÚPER AGROPAL PALENCIA,8,I. JAKOVICS,23.201700000000002,29.544200000000004,True,1,BIELE ISB,False
COPA ESPAÑA,Play-offs 1/8 Final,SÚPER AGROPAL PALENCIA,8,I. JAKOVICS,7.82793,39.3242,True,1,BIELE ISB,False
COPA ESPAÑA,Play-offs 1/8 Final,SÚPER AGROPAL PALENCIA,5,A. KUNKEL,8.603700000000003,35.84610000000001,True,1,BIELE ISB,False
COPA ESPAÑA,Play-offs 1/8 Final,SÚPER AGROPAL PALENCIA,2,A. WINTERING,15.1622,58.7342,False,1,BIELE ISB,False
COPA ESPAÑA,Play-offs 1/8 Final,SÚPER AGROPAL PALENCIA,6,T. BORG,17.4189,6.68007,True,1,BIELE ISB,False
COPA ESPAÑA,Play-offs 1/8 Final,SÚPER AGROPAL PALENCIA,8,I. JAKOVICS,24.1185,87.7232,False,1,BIELE ISB,False
COPA ESPAÑA,Play-offs 1/8 Final,SÚPER AGROPAL PALENCIA,31,S. UGOCHUKWU,10.366699999999994,56.6426,True,1,BIELE ISB,False
COPA ESPAÑA,Play-offs 1/8 Final,SÚPER AGROPAL PALENCIA,13,J. VRANKIC,19.534599999999998,66.7257,False,1,BIELE ISB,False
COPA ESPAÑA,Play-offs 1/8 Final,SÚPER AGROPAL PALENCIA,2,A. WINTERING,8.885800000000003,60.4237,True,1,BIELE ISB,False
COPA ESPAÑA,Play-offs 1/8 Final,SÚPER AGROPAL PALENCIA,2,A. WINTERING,9.943600000000004,39.1231,True,1,BIELE ISB,False
COPA ESPAÑA,Play-offs 1/8 Final,SÚPER AGROPAL PALENCIA,7,X. OROZ URIA,7.968999999999994,37.6107,False,1,BIELE ISB,False
COPA ESPAÑA,Play-offs 1/8 Final,SÚPER AGROPAL PALENCIA,9,M. KAMBA,23.3427,11.3435,False,1,BIELE ISB,False
COPA ESPAÑA,Play-offs 1/8 Final,SÚPER AGROPAL PALENCIA,31,S. UGOCHUKWU,7.757400000000004,36.8544,True,1,BIELE ISB,False
COPA ESPAÑA,Play-offs 1/8 Final,SÚPER AGROPAL PALENCIA,5,A. KUNKEL,36.7419,47.6938,True,1,BIELE ISB,False
COPA ESPAÑA,Play-offs 1/8 Final,SÚPER AGROPAL PALENCIA,2,A. WINTERING,18.3357,59.2384,False,1,BIELE ISB,False
COPA ESPAÑA,Play-offs 1/8 Final,SÚPER AGROPAL PALENCIA,31,S. UGOCHUKWU,11.8477,42.3491,True,1,BIELE ISB,False
COPA ESPAÑA,Play-offs 1/8 Final,SÚPER AGROPAL PALENCIA,17,M. ARMUS,12.834999999999994,53.1135,False,1,BIELE ISB,False
COPA ESPAÑA,Play-offs 1/8 Final,SÚPER AGROPAL PALENCIA,7,X. OROZ URIA,13.469700000000003,4.714500000000001,True,1,BIELE ISB,False
COPA ESPAÑA,Play-offs 1/8 Final,SÚPER AGROPAL PALENCIA,31,S. UGOCHUKWU,10.8604,56.2134,False,1,BIELE ISB,False
COPA ESPAÑA,Play-offs 1/8 Final,SÚPER AGROPAL PALENCIA,2,A. WINTERING,24.4711,57.7259,True,1,BIELE ISB,False
COPA ESPAÑA,Play-offs 1/8 Final,SÚPER AGROPAL PALENCIA,2,A. WINTERING,9.87306,58.8602,True,1,BIELE ISB,False
COPA ESPAÑA,Play-offs 1/8 Final,SÚPER AGROPAL PALENCIA,2,A. WINTERING,26.0226,89.1096,False,1,BIELE ISB,False
COPA ESPAÑA,Play-offs 1/8 Final,SÚPER AGROPAL PALENCIA,9,M. KAMBA,16.079,24.9557,False,1,BIELE ISB,False
COPA ESPAÑA,Play-offs 1/8 Final,SÚPER AGROPAL PALENCIA,5,A. KUNKEL,31.8759,76.0526,False,1,BIELE ISB,False
COPA ESPAÑA,Play-offs 1/8 Final,SÚPER AGROPAL PALENCIA,2,A. WINTERING,5.571200000000005,60.8018,True,1,BIELE ISB,False
COPA ESPAÑA,Play-offs 1/8 Final,SÚPER AGROPAL PALENCIA,31,S. UGOCHUKWU,10.719300000000004,51.475,True,1,BIELE ISB,False
COPA ESPAÑA,Play-offs 1/8 Final,SÚPER AGROPAL PALENCIA,31,S. UGOCHUKWU,10.2962,62.5154,False,1,BIELE ISB,False
COPA ESPAÑA,Play-offs 1/8 Final,SÚPER AGROPAL PALENCIA,17,M. ARMUS,6.1354,37.4336,True,1,BIELE ISB,False
COPA ESPAÑA,Play-offs 1/8 Final,SÚPER AGROPAL PALENCIA,6,T. BORG,30.112799999999993,16.058000000000007,False,1,BIELE ISB,False
COPA ESPAÑA,Play-offs 1/8 Final,SÚPER AGROPAL PALENCIA,7,X. OROZ URIA,30.1834,80.9171,True,1,BIELE ISB,False
COPA ESPAÑA,Play-offs 1/8 Final,SÚPER AGROPAL PALENCIA,13,J. VRANKIC,11.636099999999999,50.5927,True,1,BIELE ISB,False
COPA ESPAÑA,Play-offs 1/8 Final,LOBE HUESCA LA MAGIA,10,J. FRITZ,18.7588,45.7522,False,1,MONBUS OBRADOIRO,True
COPA ESPAÑA,Play-offs 1/8 Final,LOBE HUESCA LA MAGIA,2,J. WELLS,9.0268,52.1802,True,1,MONBUS OBRADOIRO,True
COPA ESPAÑA,Play-offs 1/8 Final,LOBE HUESCA LA MAGIA,1,O. BIESHAAR,12.9055,44.3658,False,1,MONBUS OBRADOIRO,True
COPA ESPAÑA,Play-offs 1/8 Final,LOBE HUESCA LA MAGIA,5,H. FIGUEROA ÁLVAREZ,35.6841,65.2132,True,1,MONBUS OBRADOIRO,True
COPA ESPAÑA,Play-offs 1/8 Final,LOBE HUESCA LA MAGIA,2,J. WELLS,25.035300000000007,88.5304,False,1,MONBUS OBRADOIRO,True
COPA ESPAÑA,Play-offs 1/8 Final,LOBE HUESCA LA MAGIA,10,J. FRITZ,32.0874,65.96940000000001,False,1,MONBUS OBRADOIRO,True
COPA ESPAÑA,Play-offs 1/8 Final,LOBE HUESCA LA MAGIA,1,O. BIESHAAR,10.1551,49.7854,False,1,MONBUS OBRADOIRO,True
COPA ESPAÑA,Play-offs 1/8 Final,LOBE HUESCA LA MAGIA,2,J. WELLS,33.4979,79.7077,False,1,MONBUS OBRADOIRO,True
COPA ESPAÑA,Play-offs 1/8 Final,LOBE HUESCA LA MAGIA,5,H. FIGUEROA ÁLVAREZ,32.01690000000001,73.27969999999999,True,1,MONBUS OBRADOIRO,True
COPA ESPAÑA,Play-offs 1/8 Final,LOBE HUESCA LA MAGIA,5,H. FIGUEROA ÁLVAREZ,14.8096,4.28533,True,1,MONBUS OBRADOIRO,True
COPA ESPAÑA,Play-offs 1/8 Final,LOBE HUESCA LA MAGIA,17,G. RODRIGUEZ SOLER,29.5487,21.5527,False,1,MONBUS OBRADOIRO,True
COPA ESPAÑA,Play-offs 1/8 Final,LOBE HUESCA LA MAGIA,0,O. THIAM PEDRERA,34.414699999999996,46.9376,False,1,MONBUS OBRADOIRO,True
COPA ESPAÑA,Play-offs 1/8 Final,LOBE HUESCA LA MAGIA,2,J. WELLS,32.863200000000006,27.527500000000003,False,1,MONBUS OBRADOIRO,True
COPA ESPAÑA,Play-offs 1/8 Final,LOBE HUESCA LA MAGIA,1,O. BIESHAAR,11.142499999999998,44.7949,False,1,MONBUS OBRADOIRO,True
COPA ESPAÑA,Play-offs 1/8 Final,LOBE HUESCA LA MAGIA,10,J. FRITZ,12.835,52.3062,False,1,MONBUS OBRADOIRO,True
COPA ESPAÑA,Play-offs 1/8 Final,LOBE HUESCA LA MAGIA,15,P. LOPEZ-SANVICENTE RETA,9.943600000000004,52.1052,True,1,MONBUS OBRADOIRO,True
COPA ESPAÑA,Play-offs 1/8 Final,LOBE HUESCA LA MAGIA,4,I. TERREROS RIVAS,9.59097,91.8825,True,1,MONBUS OBRADOIRO,True
COPA ESPAÑA,Play-offs 1/8 Final,LOBE HUESCA LA MAGIA,10,J. FRITZ,10.3667,55.9613,False,1,MONBUS OBRADOIRO,True
COPA ESPAÑA,Play-offs 1/8 Final,LOBE HUESCA LA MAGIA,1,O. BIESHAAR,16.22,42.0971,True,1,MONBUS OBRADOIRO,True
COPA ESPAÑA,Play-offs 1/8 Final,LOBE HUESCA LA MAGIA,15,P. LOPEZ-SANVICENTE RETA,26.4457,80.2869,True,1,MONBUS OBRADOIRO,True
COPA ESPAÑA,Play-offs 1/8 Final,LOBE HUESCA LA MAGIA,11,A. BADMUS,18.8999,54.1968,False,1,MONBUS OBRADOIRO,True
COPA ESPAÑA,Play-offs 1/8 Final,LOBE HUESCA LA MAGIA,2,J. WELLS,32.8632,19.7881,False,1,MONBUS OBRADOIRO,True
COPA ESPAÑA,Play-offs 1/8 Final,LOBE HUESCA LA MAGIA,15,P. LOPEZ-SANVICENTE RETA,14.9506,41.3408,False,1,MONBUS OBRADOIRO,True
COPA ESPAÑA,Play-offs 1/8 Final,LOBE HUESCA LA MAGIA,9,M. CARREIRA KREPS,12.3413,6.68007,False,1,MONBUS OBRADOIRO,True
COPA ESPAÑA,Play-offs 1/8 Final,LOBE HUESCA LA MAGIA,17,G. RODRIGUEZ SOLER,13.963300000000004,34.5857,False,1,MONBUS OBRADOIRO,True
COPA ESPAÑA,Play-offs 1/8 Final,LOBE HUESCA LA MAGIA,2,J. WELLS,12.9055,44.3658,False,1,MONBUS OBRADOIRO,True
COPA ESPAÑA,Play-offs 1/8 Final,LOBE HUESCA LA MAGIA,15,P. LOPEZ-SANVICENTE RETA,6.629099999999994,46.4334,True,1,MONBUS OBRADOIRO,True
COPA ESPAÑA,Play-offs 1/8 Final,LOBE HUESCA LA MAGIA,1,O. BIESHAAR,13.0465,5.04156,False,1,MONBUS OBRADOIRO,True
COPA ESPAÑA,Play-offs 1/8 Final,LOBE HUESCA LA MAGIA,1,O. BIESHAAR,34.3441,41.7189,False,1,MONBUS OBRADOIRO,True
COPA ESPAÑA,Play-offs 1/8 Final,LOBE HUESCA LA MAGIA,10,J. FRITZ,13.5402,44.8699,False,1,MONBUS OBRADOIRO,True
COPA ESPAÑA,Play-offs 1/8 Final,LOBE HUESCA LA MAGIA,4,I. TERREROS RIVAS,28.914,18.1496,True,1,MONBUS OBRADOIRO,True
COPA ESPAÑA,Play-offs 1/8 Final,LOBE HUESCA LA MAGIA,9,M. CARREIRA KREPS,10.366699999999994,58.029,False,1,MONBUS OBRADOIRO,True
COPA ESPAÑA,Play-offs 1/8 Final,LOBE HUESCA LA MAGIA,2,J. WELLS,32.3695,27.4765,False,1,MONBUS OBRADOIRO,True
COPA ESPAÑA,Play-offs 1/8 Final,LOBE HUESCA LA MAGIA,2,J. WELLS,34.8378,40.1314,False,1,MONBUS OBRADOIRO,True
COPA ESPAÑA,Play-offs 1/8 Final,LOBE HUESCA LA MAGIA,9,M. CARREIRA KREPS,23.977400000000003,13.789299999999997,False,1,MONBUS OBRADOIRO,True
COPA ESPAÑA,Play-offs 1/8 Final,LOBE HUESCA LA MAGIA,1,O. BIESHAAR,32.7221,38.0638,True,1,MONBUS OBRADOIRO,True
COPA ESPAÑA,Play-offs 1/8 Final,LOBE HUESCA LA MAGIA,10,J. FRITZ,13.822299999999998,47.4417,True,1,MONBUS OBRADOIRO,True
COPA ESPAÑA,Play-offs 1/8 Final,LOBE HUESCA LA MAGIA,5,H. FIGUEROA ÁLVAREZ,6.558499999999995,9.251900000000006,False,1,MONBUS OBRADOIRO,True
COPA ESPAÑA,Play-offs 1/8 Final,LOBE HUESCA LA MAGIA,10,J. FRITZ,12.623400000000004,55.6342,False,1,MONBUS OBRADOIRO,True
COPA ESPAÑA,Play-offs 1/8 Final,LOBE HUESCA LA MAGIA,1,O. BIESHAAR,13.822299999999998,7.235200000000006,False,1,MONBUS OBRADOIRO,True
COPA ESPAÑA,Play-offs 1/8 Final,LOBE HUESCA LA MAGIA,11,A. BADMUS,19.3935,49.5334,True,1,MONBUS OBRADOIRO,True
COPA ESPAÑA,Play-offs 1/8 Final,LOBE HUESCA LA MAGIA,10,J. FRITZ,36.0367,57.6509,True,1,MONBUS OBRADOIRO,True
COPA ESPAÑA,Play-offs 1/8 Final,LOBE HUESCA LA MAGIA,5,H. FIGUEROA ÁLVAREZ,36.1072,56.7686,False,1,MONBUS OBRADOIRO,True
COPA ESPAÑA,Play-offs 1/8 Final,LOBE HUESCA LA MAGIA,0,O. THIAM PEDRERA,12.3413,52.6843,True,1,MONBUS OBRADOIRO,True
COPA ESPAÑA,Play-offs 1/8 Final,LOBE HUESCA LA MAGIA,1,O. BIESHAAR,30.747500000000002,30.300399999999996,False,1,MONBUS OBRADOIRO,True
COPA ESPAÑA,Play-offs 1/8 Final,LOBE HUESCA LA MAGIA,2,J. WELLS,18.6178,39.0721,False,1,MONBUS OBRADOIRO,True
COPA ESPAÑA,Play-offs 1/8 Final,LOBE HUESCA LA MAGIA,2,J. WELLS,11.0014,42.9793,False,1,MONBUS OBRADOIRO,True
COPA ESPAÑA,Play-offs 1/8 Final,LOBE HUESCA LA MAGIA,5,H. FIGUEROA ÁLVAREZ,30.183400000000006,82.4806,False,1,MONBUS OBRADOIRO,True
COPA ESPAÑA,Play-offs 1/8 Final,LOBE HUESCA LA MAGIA,0,O. THIAM PEDRERA,27.0099,17.6455,True,1,MONBUS OBRADOIRO,True
COPA ESPAÑA,Play-offs 1/8 Final,LOBE HUESCA LA MAGIA,17,G. RODRIGUEZ SOLER,13.751800000000003,46.1813,True,1,MONBUS OBRADOIRO,True
COPA ESPAÑA,Play-offs 1/8 Final,LOBE HUESCA LA MAGIA,5,H. FIGUEROA ÁLVAREZ,8.25106,7.18423,False,1,MONBUS OBRADOIRO,True
COPA ESPAÑA,Play-offs 1/8 Final,LOBE HUESCA LA MAGIA,17,G. RODRIGUEZ SOLER,34.0621,73.8589,False,1,MONBUS OBRADOIRO,True
COPA ESPAÑA,Play-offs 1/8 Final,LOBE HUESCA LA MAGIA,10,J. FRITZ,34.6262,52.9364,False,1,MONBUS OBRADOIRO,True
COPA ESPAÑA,Play-offs 1/8 Final,LOBE HUESCA LA MAGIA,2,J. WELLS,17.842,45.173,False,1,MONBUS OBRADOIRO,True
COPA ESPAÑA,Play-offs 1/8 Final,LOBE HUESCA LA MAGIA,11,A. BADMUS,16.22,59.0373,False,1,MONBUS OBRADOIRO,True
COPA ESPAÑA,Play-offs 1/8 Final,LOBE HUESCA LA MAGIA,5,H. FIGUEROA ÁLVAREZ,33.2158,64.0789,False,1,MONBUS OBRADOIRO,True
COPA ESPAÑA,Play-offs 1/8 Final,LOBE HUESCA LA MAGIA,5,H. FIGUEROA ÁLVAREZ,8.674199999999999,46.3074,True,1,MONBUS OBRADOIRO,True
COPA ESPAÑA,Play-offs 1/8 Final,LOBE HUESCA LA MAGIA,0,O. THIAM PEDRERA,28.138199999999998,83.867,True,1,MONBUS OBRADOIRO,True
COPA ESPAÑA,Play-offs 1/8 Final,LOBE HUESCA LA MAGIA,5,H. FIGUEROA ÁLVAREZ,27.221400000000003,22.864099999999993,False,1,MONBUS OBRADOIRO,True
COPA ESPAÑA,Play-offs 1/8 Final,LOBE HUESCA LA MAGIA,17,G. RODRIGUEZ SOLER,28.914,21.855800000000002,False,1,MONBUS OBRADOIRO,True
COPA ESPAÑA,Play-offs 1/8 Final,LOBE HUESCA LA MAGIA,2,J. WELLS,29.5487,22.9391,False,1,MONBUS OBRADOIRO,True
COPA ESPAÑA,Play-offs 1/8 Final,LOBE HUESCA LA MAGIA,2,J. WELLS,33.427400000000006,63.8268,False,1,MONBUS OBRADOIRO,True
COPA ESPAÑA,Play-offs 1/8 Final,LOBE HUESCA LA MAGIA,5,H. FIGUEROA ÁLVAREZ,32.29900000000001,28.535799999999995,False,1,MONBUS OBRADOIRO,True
COPA ESPAÑA,Play-offs 1/8 Final,LOBE HUESCA LA MAGIA,2,J. WELLS,30.8181,78.32130000000001,False,1,MONBUS OBRADOIRO,True
COPA ESPAÑA,Play-offs 1/8 Final,LOBE HUESCA LA MAGIA,5,H. FIGUEROA ÁLVAREZ,28.067700000000002,25.888999999999996,False,1,MONBUS OBRADOIRO,True
COPA ESPAÑA,Play-offs 1/8 Final,LOBE HUESCA LA MAGIA,2,J. WELLS,9.661500000000004,47.5677,False,1,MONBUS OBRADOIRO,True
COPA ESPAÑA,Play-offs 1/8 Final,LOBE HUESCA LA MAGIA,15,P. LOPEZ-SANVICENTE RETA,7.8279,8.2436,True,1,MONBUS OBRADOIRO,True
COPA ESPAÑA,Play-offs 1/8 Final,LOBE HUESCA LA MAGIA,2,J. WELLS,30.8181,25.258799999999994,True,1,MONBUS OBRADOIRO,True
COPA ESPAÑA,Play-offs 1/8 Final,LOBE HUESCA LA MAGIA,15,P. LOPEZ-SANVICENTE RETA,23.0606,46.6345,True,1,MONBUS OBRADOIRO,True
COPA ESPAÑA,Play-offs 1/8 Final,MONBUS OBRADOIRO,23,Y. BARRUETA,24.8237,89.2357,True,1,LOBE HUESCA LA MAGIA,False
COPA ESPAÑA,Play-offs 1/8 Final,MONBUS OBRADOIRO,28,A. BARCELLO,17.983099999999993,31.3087,True,1,LOBE HUESCA LA MAGIA,False
COPA ESPAÑA,Play-offs 1/8 Final,MONBUS OBRADOIRO,24,D. DE SOUSA ANJO BRITO,9.590999999999994,42.2741,False,1,LOBE HUESCA LA MAGIA,False
COPA ESPAÑA,Play-offs 1/8 Final,MONBUS OBRADOIRO,24,D. DE SOUSA ANJO BRITO,8.11,45.173,True,1,LOBE HUESCA LA MAGIA,False
COPA ESPAÑA,Play-offs 1/8 Final,MONBUS OBRADOIRO,5,R. ANDERSSON,22.6375,88.8575,False,1,LOBE HUESCA LA MAGIA,False
COPA ESPAÑA,Play-offs 1/8 Final,MONBUS OBRADOIRO,11,D. KRAVIC,9.0268,59.1123,True,1,LOBE HUESCA LA MAGIA,False
COPA ESPAÑA,Play-offs 1/8 Final,MONBUS OBRADOIRO,57,A. GALAN POZO,31.452699999999993,32.569100000000006,False,1,LOBE HUESCA LA MAGIA,False
COPA ESPAÑA,Play-offs 1/8 Final,MONBUS OBRADOIRO,7,F. DOS ANJOS DE PAULA,10.5783,43.6095,True,1,LOBE HUESCA LA MAGIA,False
COPA ESPAÑA,Play-offs 1/8 Final,MONBUS OBRADOIRO,29,K. LUNDQVIST,29.125500000000002,76.9348,True,1,LOBE HUESCA LA MAGIA,False
COPA ESPAÑA,Play-offs 1/8 Final,MONBUS OBRADOIRO,24,D. DE SOUSA ANJO BRITO,18.7588,47.8948,True,1,LOBE HUESCA LA MAGIA,False
COPA ESPAÑA,Play-offs 1/8 Final,MONBUS OBRADOIRO,25,S. QUINTELA SALVADOR,11.0719,58.7342,False,1,LOBE HUESCA LA MAGIA,False
COPA ESPAÑA,Play-offs 1/8 Final,MONBUS OBRADOIRO,23,Y. BARRUETA,27.6446,19.1579,False,1,LOBE HUESCA LA MAGIA,False
COPA ESPAÑA,Play-offs 1/8 Final,MONBUS OBRADOIRO,7,F. DOS ANJOS DE PAULA,10.2257,50.4156,True,1,LOBE HUESCA LA MAGIA,False
COPA ESPAÑA,Play-offs 1/8 Final,MONBUS OBRADOIRO,23,Y. BARRUETA,13.1876,2.39474,False,1,LOBE HUESCA LA MAGIA,False
COPA ESPAÑA,Play-offs 1/8 Final,MONBUS OBRADOIRO,28,A. BARCELLO,12.975999999999999,46.8115,True,1,LOBE HUESCA LA MAGIA,False
COPA ESPAÑA,Play-offs 1/8 Final,MONBUS OBRADOIRO,5,R. ANDERSSON,30.8181,18.7798,False,1,LOBE HUESCA LA MAGIA,False
COPA ESPAÑA,Play-offs 1/8 Final,MONBUS OBRADOIRO,24,D. DE SOUSA ANJO BRITO,19.111400000000003,8.999799999999993,True,1,LOBE HUESCA LA MAGIA,False
COPA ESPAÑA,Play-offs 1/8 Final,MONBUS OBRADOIRO,28,A. BARCELLO,22.2144,45.8782,True,1,LOBE HUESCA LA MAGIA,False
COPA ESPAÑA,Play-offs 1/8 Final,MONBUS OBRADOIRO,28,A. BARCELLO,33.427400000000006,24.124499999999998,False,1,LOBE HUESCA LA MAGIA,False
COPA ESPAÑA,Play-offs 1/8 Final,MONBUS OBRADOIRO,29,K. LUNDQVIST,11.142499999999998,44.1647,False,1,LOBE HUESCA LA MAGIA,False
COPA ESPAÑA,Play-offs 1/8 Final,MONBUS OBRADOIRO,25,S. QUINTELA SALVADOR,32.158,27.4765,False,1,LOBE HUESCA LA MAGIA,False
COPA ESPAÑA,Play-offs 1/8 Final,MONBUS OBRADOIRO,28,A. BARCELLO,28.914,20.7964,False,1,LOBE HUESCA LA MAGIA,False
COPA ESPAÑA,Play-offs 1/8 Final,MONBUS OBRADOIRO,29,K. LUNDQVIST,12.270799999999994,64.583,True,1,LOBE HUESCA LA MAGIA,False
COPA ESPAÑA,Play-offs 1/8 Final,MONBUS OBRADOIRO,29,K. LUNDQVIST,19.464,42.9043,True,1,LOBE HUESCA LA MAGIA,False
COPA ESPAÑA,Play-offs 1/8 Final,MONBUS OBRADOIRO,28,A. BARCELLO,26.3752,83.942,True,1,LOBE HUESCA LA MAGIA,False
COPA ESPAÑA,Play-offs 1/8 Final,MONBUS OBRADOIRO,7,F. DOS ANJOS DE PAULA,11.354,49.6594,False,1,LOBE HUESCA LA MAGIA,False
COPA ESPAÑA,Play-offs 1/8 Final,MONBUS OBRADOIRO,57,A. GALAN POZO,8.956299999999999,42.1481,True,1,LOBE HUESCA LA MAGIA,False
COPA ESPAÑA,Play-offs 1/8 Final,MONBUS OBRADOIRO,24,D. DE SOUSA ANJO BRITO,8.11,92.05954,False,1,LOBE HUESCA LA MAGIA,False
COPA ESPAÑA,Play-offs 1/8 Final,MONBUS OBRADOIRO,28,A. BARCELLO,29.1255,21.6787,False,1,LOBE HUESCA LA MAGIA,False
COPA ESPAÑA,Play-offs 1/8 Final,MONBUS OBRADOIRO,23,Y. BARRUETA,8.039500000000004,49.8364,True,1,LOBE HUESCA LA MAGIA,False
COPA ESPAÑA,Play-offs 1/8 Final,MONBUS OBRADOIRO,7,F. DOS ANJOS DE PAULA,12.1298,53.1885,True,1,LOBE HUESCA LA MAGIA,False
COPA ESPAÑA,Play-offs 1/8 Final,MONBUS OBRADOIRO,10,A. GRELA ROJAS,9.873099999999994,39.5012,True,1,LOBE HUESCA LA MAGIA,False
COPA ESPAÑA,Play-offs 1/8 Final,MONBUS OBRADOIRO,11,D. KRAVIC,10.7898,53.4406,True,1,LOBE HUESCA LA MAGIA,False
COPA ESPAÑA,Play-offs 1/8 Final,MONBUS OBRADOIRO,10,A. GRELA ROJAS,11.354,42.6522,False,1,LOBE HUESCA LA MAGIA,False
COPA ESPAÑA,Play-offs 1/8 Final,MONBUS OBRADOIRO,24,D. DE SOUSA ANJO BRITO,10.437200000000004,46.4334,True,1,LOBE HUESCA LA MAGIA,False
COPA ESPAÑA,Play-offs 1/8 Final,MONBUS OBRADOIRO,23,Y. BARRUETA,10.5783,5.92384,True,1,LOBE HUESCA LA MAGIA,False
COPA ESPAÑA,Play-offs 1/8 Final,MONBUS OBRADOIRO,28,A. BARCELLO,33.8505,73.4058,False,1,LOBE HUESCA LA MAGIA,False
COPA ESPAÑA,Play-offs 1/8 Final,MONBUS OBRADOIRO,16,A. ETXEGUREN GONZALEZ,9.026799999999994,69.1204,True,1,LOBE HUESCA LA MAGIA,False
COPA ESPAÑA,Play-offs 1/8 Final,MONBUS OBRADOIRO,28,A. BARCELLO,32.6516,33.3253,False,1,LOBE HUESCA LA MAGIA,False
COPA ESPAÑA,Play-offs 1/8 Final,MONBUS OBRADOIRO,16,A. ETXEGUREN GONZALEZ,12.6939,40.3835,False,1,LOBE HUESCA LA MAGIA,False
COPA ESPAÑA,Play-offs 1/8 Final,MONBUS OBRADOIRO,10,A. GRELA ROJAS,18.899900000000002,36.3503,False,1,LOBE HUESCA LA MAGIA,False
COPA ESPAÑA,Play-offs 1/8 Final,MONBUS OBRADOIRO,29,K. LUNDQVIST,21.8618,89.2357,False,1,LOBE HUESCA LA MAGIA,False
COPA ESPAÑA,Play-offs 1/8 Final,MONBUS OBRADOIRO,28,A. BARCELLO,31.734800000000007,26.645300000000006,True,1,LOBE HUESCA LA MAGIA,False
COPA ESPAÑA,Play-offs 1/8 Final,MONBUS OBRADOIRO,23,Y. BARRUETA,26.798299999999998,21.729699999999994,True,1,LOBE HUESCA LA MAGIA,False
COPA ESPAÑA,Play-offs 1/8 Final,MONBUS OBRADOIRO,24,D. DE SOUSA ANJO BRITO,7.68688,52.1802,True,1,LOBE HUESCA LA MAGIA,False
COPA ESPAÑA,Play-offs 1/8 Final,MONBUS OBRADOIRO,24,D. DE SOUSA ANJO BRITO,25.246799999999993,17.4444,False,1,LOBE HUESCA LA MAGIA,False
COPA ESPAÑA,Play-offs 1/8 Final,MONBUS OBRADOIRO,5,R. ANDERSSON,27.433000000000007,53.2395,True,1,LOBE HUESCA LA MAGIA,False
COPA ESPAÑA,Play-offs 1/8 Final,MONBUS OBRADOIRO,25,S. QUINTELA SALVADOR,30.8181,75.2453,False,1,LOBE HUESCA LA MAGIA,False
COPA ESPAÑA,Play-offs 1/8 Final,MONBUS OBRADOIRO,11,D. KRAVIC,11.636099999999999,48.324,True,1,LOBE HUESCA LA MAGIA,False
COPA ESPAÑA,Play-offs 1/8 Final,MONBUS OBRADOIRO,24,D. DE SOUSA ANJO BRITO,43.3709,84.1941,True,1,LOBE HUESCA LA MAGIA,False
COPA ESPAÑA,Play-offs 1/8 Final,MONBUS OBRADOIRO,24,D. DE SOUSA ANJO BRITO,32.0169,32.266,True,1,LOBE HUESCA LA MAGIA,False
COPA ESPAÑA,Play-offs 1/8 Final,MONBUS OBRADOIRO,7,F. DOS ANJOS DE PAULA,11.2835,44.8699,True,1,LOBE HUESCA LA MAGIA,False
COPA ESPAÑA,Play-offs 1/8 Final,MONBUS OBRADOIRO,28,A. BARCELLO,19.7461,45.5511,False,1,LOBE HUESCA LA MAGIA,False
COPA ESPAÑA,Play-offs 1/8 Final,MONBUS OBRADOIRO,9,L. WESTERMANN,10.7193,49.2813,True,1,LOBE HUESCA LA MAGIA,False
COPA ESPAÑA,Play-offs 1/8 Final,MONBUS OBRADOIRO,5,R. ANDERSSON,10.719300000000004,47.4417,True,1,LOBE HUESCA LA MAGIA,False
COPA ESPAÑA,Play-offs 1/8 Final,MONBUS OBRADOIRO,24,D. DE SOUSA ANJO BRITO,33.921,36.4253,True,1,LOBE HUESCA LA MAGIA,False
COPA ESPAÑA,Play-offs 1/8 Final,MONBUS OBRADOIRO,29,K. LUNDQVIST,26.7278,47.1386,False,1,LOBE HUESCA LA MAGIA,False
COPA ESPAÑA,Play-offs 1/8 Final,MONBUS OBRADOIRO,24,D. DE SOUSA ANJO BRITO,10.155100000000004,7.865399999999994,False,1,LOBE HUESCA LA MAGIA,False
COPA ESPAÑA,Play-offs 1/8 Final,MONBUS OBRADOIRO,57,A. GALAN POZO,11.001400000000004,48.8281,True,1,LOBE HUESCA LA MAGIA,False
COPA ESPAÑA,Play-offs 1/8 Final,MONBUS OBRADOIRO,29,K. LUNDQVIST,12.835,47.2647,False,1,LOBE HUESCA LA MAGIA,False
COPA ESPAÑA,Play-offs 1/8 Final,MONBUS OBRADOIRO,23,Y. BARRUETA,30.3244,28.1067,False,1,LOBE HUESCA LA MAGIA,False
COPA ESPAÑA,Play-offs 1/8 Final,LOGROBASKET LOGI7,23,A. PLITZUWEIT,21.650199999999998,32.821200000000005,True,1,CULTURAL Y DEPORTIVA LEONESA,True
COPA ESPAÑA,Play-offs 1/8 Final,LOGROBASKET LOGI7,23,A. PLITZUWEIT,12.4118,24.628600000000006,True,1,CULTURAL Y DEPORTIVA LEONESA,True
COPA ESPAÑA,Play-offs 1/8 Final,LOGROBASKET LOGI7,91,C. KNOWLES,24.5416,34.7868,False,1,CULTURAL Y DEPORTIVA LEONESA,True
COPA ESPAÑA,Play-offs 1/8 Final,LOGROBASKET LOGI7,7,B. AREVALO SAENZ,12.552899999999994,49.9625,False,1,CULTURAL Y DEPORTIVA LEONESA,True
COPA ESPAÑA,Play-offs 1/8 Final,LOGROBASKET LOGI7,55,P. SALL,6.20592,53.8187,False,1,CULTURAL Y DEPORTIVA LEONESA,True
COPA ESPAÑA,Play-offs 1/8 Final,LOGROBASKET LOGI7,91,C. KNOWLES,33.921,48.9032,False,1,CULTURAL Y DEPORTIVA LEONESA,True
COPA ESPAÑA,Play-offs 1/8 Final,LOGROBASKET LOGI7,77,I. MONTERO MECA,18.6178,93.8991,True,1,CULTURAL Y DEPORTIVA LEONESA,True
COPA ESPAÑA,Play-offs 1/8 Final,LOGROBASKET LOGI7,23,A. PLITZUWEIT,30.1834,27.3505,False,1,CULTURAL Y DEPORTIVA LEONESA,True
COPA ESPAÑA,Play-offs 1/8 Final,LOGROBASKET LOGI7,16,W. NIANG,6.417500000000004,56.5165,True,1,CULTURAL Y DEPORTIVA LEONESA,True
COPA ESPAÑA,Play-offs 1/8 Final,LOGROBASKET LOGI7,16,W. NIANG,9.943600000000004,53.2395,False,1,CULTURAL Y DEPORTIVA LEONESA,True
COPA ESPAÑA,Play-offs 1/8 Final,LOGROBASKET LOGI7,23,A. PLITZUWEIT,7.47532,45.248,True,1,CULTURAL Y DEPORTIVA LEONESA,True
COPA ESPAÑA,Play-offs 1/8 Final,LOGROBASKET LOGI7,77,I. MONTERO MECA,8.32158,94.1512,True,1,CULTURAL Y DEPORTIVA LEONESA,True
COPA ESPAÑA,Play-offs 1/8 Final,LOGROBASKET LOGI7,55,P. SALL,7.47532,46.1303,True,1,CULTURAL Y DEPORTIVA LEONESA,True
COPA ESPAÑA,Play-offs 1/8 Final,LOGROBASKET LOGI7,16,W. NIANG,32.581100000000006,54.878,True,1,CULTURAL Y DEPORTIVA LEONESA,True
COPA ESPAÑA,Play-offs 1/8 Final,LOGROBASKET LOGI7,10,A. INFANTE GUTIERREZ,32.01690000000001,55.1301,False,1,CULTURAL Y DEPORTIVA LEONESA,True
COPA ESPAÑA,Play-offs 1/8 Final,LOGROBASKET LOGI7,17,A. BIRD-JELINEK,28.2793,75.8755,False,1,CULTURAL Y DEPORTIVA LEONESA,True
COPA ESPAÑA,Play-offs 1/8 Final,LOGROBASKET LOGI7,77,I. MONTERO MECA,23.906899999999993,86.7659,True,1,CULTURAL Y DEPORTIVA LEONESA,True
COPA ESPAÑA,Play-offs 1/8 Final,LOGROBASKET LOGI7,77,I. MONTERO MECA,22.002799999999993,31.5608,True,1,CULTURAL Y DEPORTIVA LEONESA,True
COPA ESPAÑA,Play-offs 1/8 Final,LOGROBASKET LOGI7,7,B. AREVALO SAENZ,7.82793,44.2397,True,1,CULTURAL Y DEPORTIVA LEONESA,True
COPA ESPAÑA,Play-offs 1/8 Final,LOGROBASKET LOGI7,5,L. OBAJO BELTRAN,7.54584,57.0957,True,1,CULTURAL Y DEPORTIVA LEONESA,True
COPA ESPAÑA,Play-offs 1/8 Final,LOGROBASKET LOGI7,10,A. INFANTE GUTIERREZ,28.843400000000003,23.746399999999994,False,1,CULTURAL Y DEPORTIVA LEONESA,True
COPA ESPAÑA,Play-offs 1/8 Final,LOGROBASKET LOGI7,17,A. BIRD-JELINEK,19.1114,8.19254,True,1,CULTURAL Y DEPORTIVA LEONESA,True
COPA ESPAÑA,Play-offs 1/8 Final,LOGROBASKET LOGI7,16,W. NIANG,9.590999999999994,47.0636,False,1,CULTURAL Y DEPORTIVA LEONESA,True
COPA ESPAÑA,Play-offs 1/8 Final,LOGROBASKET LOGI7,10,A. INFANTE GUTIERREZ,31.2412,30.8796,True,1,CULTURAL Y DEPORTIVA LEONESA,True
COPA ESPAÑA,Play-offs 1/8 Final,LOGROBASKET LOGI7,23,A. PLITZUWEIT,7.26375,57.3478,True,1,CULTURAL Y DEPORTIVA LEONESA,True
COPA ESPAÑA,Play-offs 1/8 Final,LOGROBASKET LOGI7,55,P. SALL,6.981700000000004,41.3918,False,1,CULTURAL Y DEPORTIVA LEONESA,True
COPA ESPAÑA,Play-offs 1/8 Final,LOGROBASKET LOGI7,17,A. BIRD-JELINEK,18.3357,7.94046,False,1,CULTURAL Y DEPORTIVA LEONESA,True
COPA ESPAÑA,Play-offs 1/8 Final,LOGROBASKET LOGI7,23,A. PLITZUWEIT,12.9055,59.6165,False,1,CULTURAL Y DEPORTIVA LEONESA,True
COPA ESPAÑA,Play-offs 1/8 Final,LOGROBASKET LOGI7,77,I. MONTERO MECA,30.536,19.1579,False,1,CULTURAL Y DEPORTIVA LEONESA,True
COPA ESPAÑA,Play-offs 1/8 Final,LOGROBASKET LOGI7,77,I. MONTERO MECA,6.840599999999995,25.636899999999997,True,1,CULTURAL Y DEPORTIVA LEONESA,True
COPA ESPAÑA,Play-offs 1/8 Final,LOGROBASKET LOGI7,77,I. MONTERO MECA,32.6516,74.79220000000001,False,1,CULTURAL Y DEPORTIVA LEONESA,True
COPA ESPAÑA,Play-offs 1/8 Final,LOGROBASKET LOGI7,5,L. OBAJO BELTRAN,8.81523,56.8436,False,1,CULTURAL Y DEPORTIVA LEONESA,True
COPA ESPAÑA,Play-offs 1/8 Final,LOGROBASKET LOGI7,5,L. OBAJO BELTRAN,8.25106,45.5001,True,1,CULTURAL Y DEPORTIVA LEONESA,True
COPA ESPAÑA,Play-offs 1/8 Final,LOGROBASKET LOGI7,55,P. SALL,5.782799999999995,44.5428,True,1,CULTURAL Y DEPORTIVA LEONESA,True
COPA ESPAÑA,Play-offs 1/8 Final,LOGROBASKET LOGI7,77,I. MONTERO MECA,33.0042,24.0735,True,1,CULTURAL Y DEPORTIVA LEONESA,True
COPA ESPAÑA,Play-offs 1/8 Final,LOGROBASKET LOGI7,17,A. BIRD-JELINEK,7.12271,53.8187,False,1,CULTURAL Y DEPORTIVA LEONESA,True
COPA ESPAÑA,Play-offs 1/8 Final,LOGROBASKET LOGI7,77,I. MONTERO MECA,18.4767,7.43631,False,1,CULTURAL Y DEPORTIVA LEONESA,True
COPA ESPAÑA,Play-offs 1/8 Final,LOGROBASKET LOGI7,10,A. INFANTE GUTIERREZ,29.7602,29.4931,False,1,CULTURAL Y DEPORTIVA LEONESA,True
COPA ESPAÑA,Play-offs 1/8 Final,LOGROBASKET LOGI7,7,B. AREVALO SAENZ,11.2835,41.0887,False,1,CULTURAL Y DEPORTIVA LEONESA,True
COPA ESPAÑA,Play-offs 1/8 Final,LOGROBASKET LOGI7,55,P. SALL,5.712299999999999,45.047,True,1,CULTURAL Y DEPORTIVA LEONESA,True
COPA ESPAÑA,Play-offs 1/8 Final,LOGROBASKET LOGI7,23,A. PLITZUWEIT,20.239800000000002,91.05123,False,1,CULTURAL Y DEPORTIVA LEONESA,True
COPA ESPAÑA,Play-offs 1/8 Final,LOGROBASKET LOGI7,77,I. MONTERO MECA,21.9323,90.6221,True,1,CULTURAL Y DEPORTIVA LEONESA,True
COPA ESPAÑA,Play-offs 1/8 Final,LOGROBASKET LOGI7,17,A. BIRD-JELINEK,6.69958,55.0791,False,1,CULTURAL Y DEPORTIVA LEONESA,True
COPA ESPAÑA,Play-offs 1/8 Final,LOGROBASKET LOGI7,77,I. MONTERO MECA,21.2271,7.94046,False,1,CULTURAL Y DEPORTIVA LEONESA,True
COPA ESPAÑA,Play-offs 1/8 Final,LOGROBASKET LOGI7,10,A. INFANTE GUTIERREZ,14.1749,4.66345,False,1,CULTURAL Y DEPORTIVA LEONESA,True
COPA ESPAÑA,Play-offs 1/8 Final,LOGROBASKET LOGI7,23,A. PLITZUWEIT,27.2214,80.4129,False,1,CULTURAL Y DEPORTIVA LEONESA,True
COPA ESPAÑA,Play-offs 1/8 Final,LOGROBASKET LOGI7,91,C. KNOWLES,6.84062,41.5929,False,1,CULTURAL Y DEPORTIVA LEONESA,True
COPA ESPAÑA,Play-offs 1/8 Final,LOGROBASKET LOGI7,23,A. PLITZUWEIT,8.11,53.9957,True,1,CULTURAL Y DEPORTIVA LEONESA,True
COPA ESPAÑA,Play-offs 1/8 Final,LOGROBASKET LOGI7,23,A. PLITZUWEIT,18.4767,26.9724,False,1,CULTURAL Y DEPORTIVA LEONESA,True
COPA ESPAÑA,Play-offs 1/8 Final,LOGROBASKET LOGI7,16,W. NIANG,32.158,53.1135,False,1,CULTURAL Y DEPORTIVA LEONESA,True
COPA ESPAÑA,Play-offs 1/8 Final,LOGROBASKET LOGI7,55,P. SALL,6.699600000000004,47.0636,True,1,CULTURAL Y DEPORTIVA LEONESA,True
COPA ESPAÑA,Play-offs 1/8 Final,LOGROBASKET LOGI7,55,P. SALL,9.590999999999994,47.0636,False,1,CULTURAL Y DEPORTIVA LEONESA,True
COPA ESPAÑA,Play-offs 1/8 Final,LOGROBASKET LOGI7,5,L. OBAJO BELTRAN,7.47532,47.0126,True,1,CULTURAL Y DEPORTIVA LEONESA,True
COPA ESPAÑA,Play-offs 1/8 Final,LOGROBASKET LOGI7,77,I. MONTERO MECA,6.62906,43.7356,False,1,CULTURAL Y DEPORTIVA LEONESA,True
COPA ESPAÑA,Play-offs 1/8 Final,LOGROBASKET LOGI7,10,A. INFANTE GUTIERREZ,30.183400000000006,72.3974,False,1,CULTURAL Y DEPORTIVA LEONESA,True
COPA ESPAÑA,Play-offs 1/8 Final,LOGROBASKET LOGI7,10,A. INFANTE GUTIERREZ,12.6234,18.5277,False,1,CULTURAL Y DEPORTIVA LEONESA,True
COPA ESPAÑA,Play-offs 1/8 Final,CULTURAL Y DEPORTIVA LEONESA,6,G. MCKAY JR,6.1354,93.395,True,1,LOGROBASKET LOGI7,False
COPA ESPAÑA,Play-offs 1/8 Final,CULTURAL Y DEPORTIVA LEONESA,11,D. CEBOLLA PORCAR,27.362499999999997,53.4916,False,1,LOGROBASKET LOGI7,False
COPA ESPAÑA,Play-offs 1/8 Final,CULTURAL Y DEPORTIVA LEONESA,0,M. DENG,27.644599999999997,21.603700000000003,False,1,LOGROBASKET LOGI7,False
COPA ESPAÑA,Play-offs 1/8 Final,CULTURAL Y DEPORTIVA LEONESA,5,D. HAYMAN,5.07757,77.514,True,1,LOGROBASKET LOGI7,False
COPA ESPAÑA,Play-offs 1/8 Final,CULTURAL Y DEPORTIVA LEONESA,11,D. CEBOLLA PORCAR,31.664299999999997,52.6093,False,1,LOGROBASKET LOGI7,False
COPA ESPAÑA,Play-offs 1/8 Final,CULTURAL Y DEPORTIVA LEONESA,13,A. DOMINGUEZ ESPELT,30.677,32.0139,True,1,LOGROBASKET LOGI7,False
COPA ESPAÑA,Play-offs 1/8 Final,CULTURAL Y DEPORTIVA LEONESA,6,G. MCKAY JR,6.276399999999995,70.885,True,1,LOGROBASKET LOGI7,False
COPA ESPAÑA,Play-offs 1/8 Final,CULTURAL Y DEPORTIVA LEONESA,0,M. DENG,7.475300000000004,45.9292,False,1,LOGROBASKET LOGI7,False
COPA ESPAÑA,Play-offs 1/8 Final,CULTURAL Y DEPORTIVA LEONESA,5,D. HAYMAN,26.1636,16.7632,False,1,LOGROBASKET LOGI7,False
COPA ESPAÑA,Play-offs 1/8 Final,CULTURAL Y DEPORTIVA LEONESA,33,R. LLAMAS MARTINEZ,10.9309,44.9959,False,1,LOGROBASKET LOGI7,False
COPA ESPAÑA,Play-offs 1/8 Final,CULTURAL Y DEPORTIVA LEONESA,0,M. DENG,29.6192,24.9557,False,1,LOGROBASKET LOGI7,False
COPA ESPAÑA,Play-offs 1/8 Final,CULTURAL Y DEPORTIVA LEONESA,33,R. LLAMAS MARTINEZ,5.1480999999999995,55.3822,True,1,LOGROBASKET LOGI7,False
COPA ESPAÑA,Play-offs 1/8 Final,CULTURAL Y DEPORTIVA LEONESA,5,D. HAYMAN,16.6432,46.5084,False,1,LOGROBASKET LOGI7,False
COPA ESPAÑA,Play-offs 1/8 Final,CULTURAL Y DEPORTIVA LEONESA,6,G. MCKAY JR,5.43018,5.54572,False,1,LOGROBASKET LOGI7,False
COPA ESPAÑA,Play-offs 1/8 Final,CULTURAL Y DEPORTIVA LEONESA,17,M. AMADASUN,6.84062,46.1303,True,1,LOGROBASKET LOGI7,False
COPA ESPAÑA,Play-offs 1/8 Final,CULTURAL Y DEPORTIVA LEONESA,11,D. CEBOLLA PORCAR,16.290599999999998,60.5498,True,1,LOGROBASKET LOGI7,False
COPA ESPAÑA,Play-offs 1/8 Final,CULTURAL Y DEPORTIVA LEONESA,11,D. CEBOLLA PORCAR,5.853300000000004,6.2269000000000005,False,1,LOGROBASKET LOGI7,False
COPA ESPAÑA,Play-offs 1/8 Final,CULTURAL Y DEPORTIVA LEONESA,23,E. VAN DER HEIJDEN,9.943600000000004,43.2824,False,1,LOGROBASKET LOGI7,False
COPA ESPAÑA,Play-offs 1/8 Final,CULTURAL Y DEPORTIVA LEONESA,13,A. DOMINGUEZ ESPELT,6.55853,45.8782,True,1,LOGROBASKET LOGI7,False
COPA ESPAÑA,Play-offs 1/8 Final,CULTURAL Y DEPORTIVA LEONESA,7,P. ORENGA IMAZ,7.122699999999995,52.4833,True,1,LOGROBASKET LOGI7,False
COPA ESPAÑA,Play-offs 1/8 Final,CULTURAL Y DEPORTIVA LEONESA,23,E. VAN DER HEIJDEN,22.426,42.7272,False,1,LOGROBASKET LOGI7,False
COPA ESPAÑA,Play-offs 1/8 Final,CULTURAL Y DEPORTIVA LEONESA,13,A. DOMINGUEZ ESPELT,32.29900000000001,51.3489,False,1,LOGROBASKET LOGI7,False
COPA ESPAÑA,Play-offs 1/8 Final,CULTURAL Y DEPORTIVA LEONESA,23,E. VAN DER HEIJDEN,29.689700000000002,27.653599999999997,False,1,LOGROBASKET LOGI7,False
COPA ESPAÑA,Play-offs 1/8 Final,CULTURAL Y DEPORTIVA LEONESA,5,D. HAYMAN,8.46262,57.3478,False,1,LOGROBASKET LOGI7,False
COPA ESPAÑA,Play-offs 1/8 Final,CULTURAL Y DEPORTIVA LEONESA,33,R. LLAMAS MARTINEZ,9.732,38.3669,False,1,LOGROBASKET LOGI7,False
COPA ESPAÑA,Play-offs 1/8 Final,CULTURAL Y DEPORTIVA LEONESA,5,D. HAYMAN,8.95628,47.8948,True,1,LOGROBASKET LOGI7,False
COPA ESPAÑA,Play-offs 1/8 Final,CULTURAL Y DEPORTIVA LEONESA,13,A. DOMINGUEZ ESPELT,14.3159,38.3159,False,1,LOGROBASKET LOGI7,False
COPA ESPAÑA,Play-offs 1/8 Final,CULTURAL Y DEPORTIVA LEONESA,13,A. DOMINGUEZ ESPELT,31.5233,33.2743,False,1,LOGROBASKET LOGI7,False
COPA ESPAÑA,Play-offs 1/8 Final,CULTURAL Y DEPORTIVA LEONESA,7,P. ORENGA IMAZ,8.3921,42.9793,False,1,LOGROBASKET LOGI7,False
COPA ESPAÑA,Play-offs 1/8 Final,CULTURAL Y DEPORTIVA LEONESA,17,M. AMADASUN,20.945,48.525,False,1,LOGROBASKET LOGI7,False
COPA ESPAÑA,Play-offs 1/8 Final,CULTURAL Y DEPORTIVA LEONESA,5,D. HAYMAN,9.30889,41.7189,True,1,LOGROBASKET LOGI7,False
COPA ESPAÑA,Play-offs 1/8 Final,CULTURAL Y DEPORTIVA LEONESA,11,D. CEBOLLA PORCAR,13.1171,46.3824,False,1,LOGROBASKET LOGI7,False
COPA ESPAÑA,Play-offs 1/8 Final,CULTURAL Y DEPORTIVA LEONESA,11,D. CEBOLLA PORCAR,9.238399999999999,5.344700000000003,False,1,LOGROBASKET LOGI7,False
COPA ESPAÑA,Play-offs 1/8 Final,CULTURAL Y DEPORTIVA LEONESA,10,D. BULTO CASTILLO,6.98166,92.0085,False,1,LOGROBASKET LOGI7,False
COPA ESPAÑA,Play-offs 1/8 Final,CULTURAL Y DEPORTIVA LEONESA,23,E. VAN DER HEIJDEN,21.438599999999994,55.8863,True,1,LOGROBASKET LOGI7,False
COPA ESPAÑA,Play-offs 1/8 Final,CULTURAL Y DEPORTIVA LEONESA,11,D. CEBOLLA PORCAR,25.1763,46.0043,False,1,LOGROBASKET LOGI7,False
COPA ESPAÑA,Play-offs 1/8 Final,CULTURAL Y DEPORTIVA LEONESA,5,D. HAYMAN,9.16784,47.5167,True,1,LOGROBASKET LOGI7,False
COPA ESPAÑA,Play-offs 1/8 Final,CULTURAL Y DEPORTIVA LEONESA,10,D. BULTO CASTILLO,7.19323,53.3145,False,1,LOGROBASKET LOGI7,False
COPA ESPAÑA,Play-offs 1/8 Final,CULTURAL Y DEPORTIVA LEONESA,11,D. CEBOLLA PORCAR,8.533100000000005,48.7021,False,1,LOGROBASKET LOGI7,False
COPA ESPAÑA,Play-offs 1/8 Final,CULTURAL Y DEPORTIVA LEONESA,13,A. DOMINGUEZ ESPELT,10.4372,44.4918,False,1,LOGROBASKET LOGI7,False
COPA ESPAÑA,Play-offs 1/8 Final,CULTURAL Y DEPORTIVA LEONESA,7,P. ORENGA IMAZ,20.0987,48.6511,False,1,LOGROBASKET LOGI7,False
COPA ESPAÑA,Play-offs 1/8 Final,CULTURAL Y DEPORTIVA LEONESA,7,P. ORENGA IMAZ,10.7898,78.4473,False,1,LOGROBASKET LOGI7,False
COPA ESPAÑA,Play-offs 1/8 Final,CULTURAL Y DEPORTIVA LEONESA,10,D. BULTO CASTILLO,24.823700000000002,88.9086,True,1,LOGROBASKET LOGI7,False
COPA ESPAÑA,Play-offs 1/8 Final,CULTURAL Y DEPORTIVA LEONESA,6,G. MCKAY JR,4.795500000000004,93.31993,False,1,LOGROBASKET LOGI7,False
COPA ESPAÑA,Play-offs 1/8 Final,CULTURAL Y DEPORTIVA LEONESA,17,M. AMADASUN,21.1566,50.2896,True,1,LOGROBASKET LOGI7,False
COPA ESPAÑA,Play-offs 1/8 Final,CULTURAL Y DEPORTIVA LEONESA,7,P. ORENGA IMAZ,17.983099999999993,69.3725,False,1,LOGROBASKET LOGI7,False
COPA ESPAÑA,Play-offs 1/8 Final,CULTURAL Y DEPORTIVA LEONESA,23,E. VAN DER HEIJDEN,11.354,46.8115,False,1,LOGROBASKET LOGI7,False
COPA ESPAÑA,Play-offs 1/8 Final,CULTURAL Y DEPORTIVA LEONESA,13,A. DOMINGUEZ ESPELT,9.238399999999999,54.6259,False,1,LOGROBASKET LOGI7,False
COPA ESPAÑA,Play-offs 1/8 Final,CULTURAL Y DEPORTIVA LEONESA,0,M. DENG,4.372399999999999,94.07616,True,1,LOGROBASKET LOGI7,False
COPA ESPAÑA,Play-offs 1/8 Final,CULTURAL Y DEPORTIVA LEONESA,7,P. ORENGA IMAZ,7.89845,54.5749,False,1,LOGROBASKET LOGI7,False
COPA ESPAÑA,Play-offs 1/8 Final,CULTURAL Y DEPORTIVA LEONESA,5,D. HAYMAN,7.61636,48.399,True,1,LOGROBASKET LOGI7,False
COPA ESPAÑA,Play-offs 1/8 Final,CULTURAL Y DEPORTIVA LEONESA,0,M. DENG,14.950599999999994,6.857100000000003,True,1,LOGROBASKET LOGI7,False
COPA ESPAÑA,Play-offs 1/8 Final,CULTURAL Y DEPORTIVA LEONESA,5,D. HAYMAN,6.34697,32.5181,True,1,LOGROBASKET LOGI7,False
COPA ESPAÑA,Play-offs 1/8 Final,CULTURAL Y DEPORTIVA LEONESA,23,E. VAN DER HEIJDEN,6.62906,93.0168,False,1,LOGROBASKET LOGI7,False
COPA ESPAÑA,Play-offs 1/8 Final,CULTURAL Y DEPORTIVA LEONESA,5,D. HAYMAN,6.417500000000004,45.047,True,1,LOGROBASKET LOGI7,False
COPA ESPAÑA,Play-offs 1/8 Final,CULTURAL Y DEPORTIVA LEONESA,11,D. CEBOLLA PORCAR,7.5458,40.6356,False,1,LOGROBASKET LOGI7,False
COPA ESPAÑA,Play-offs 1/8 Final,CULTURAL Y DEPORTIVA LEONESA,11,D. CEBOLLA PORCAR,10.7898,60.0456,True,1,LOGROBASKET LOGI7,False
COPA ESPAÑA,Play-offs 1/8 Final,CULTURAL Y DEPORTIVA LEONESA,6,G. MCKAY JR,5.9238,92.94181,False,1,LOGROBASKET LOGI7,False
COPA ESPAÑA,Play-offs 1/8 Final,CULTURAL Y DEPORTIVA LEONESA,7,P. ORENGA IMAZ,7.2637,53.9957,True,1,LOGROBASKET LOGI7,False
COPA ESPAÑA,Play-offs 1/8 Final,CULTURAL Y DEPORTIVA LEONESA,6,G. MCKAY JR,6.770099999999999,40.7616,True,1,LOGROBASKET LOGI7,False
COPA ESPAÑA,Play-offs 1/8 Final,CULTURAL Y DEPORTIVA LEONESA,0,M. DENG,14.880099999999999,6.731099999999998,False,1,LOGROBASKET LOGI7,False
COPA ESPAÑA,Play-offs 1/8 Final,CULTURAL Y DEPORTIVA LEONESA,11,D. CEBOLLA PORCAR,7.82793,45.5001,False,1,LOGROBASKET LOGI7,False
COPA ESPAÑA,Play-offs 1/8 Final,CULTURAL Y DEPORTIVA LEONESA,17,M. AMADASUN,8.53315,21.3006,False,1,LOGROBASKET LOGI7,False
COPA ESPAÑA,Play-offs 1/8 Final,CULTURAL Y DEPORTIVA LEONESA,0,M. DENG,4.090299999999999,93.82409,True,1,LOGROBASKET LOGI7,False
COPA ESPAÑA,Play-offs 1/8 Final,CULTURAL Y DEPORTIVA LEONESA,6,G. MCKAY JR,8.11,55.0041,True,1,LOGROBASKET LOGI7,False
COPA ESPAÑA,Play-offs 1/8 Final,CULTURAL Y DEPORTIVA LEONESA,10,D. BULTO CASTILLO,26.304699999999997,81.5983,True,1,LOGROBASKET LOGI7,False
COPA ESPAÑA,Play-offs 1/8 Final,CULTURAL Y DEPORTIVA LEONESA,5,D. HAYMAN,25.811,17.0153,False,1,LOGROBASKET LOGI7,False
COPA ESPAÑA,Play-offs 1/8 Final,CULTURAL Y DEPORTIVA LEONESA,23,E. VAN DER HEIJDEN,6.346999999999994,5.848799999999997,False,1,LOGROBASKET LOGI7,False
COPA ESPAÑA,Play-offs 1/8 Final,CULTURAL Y DEPORTIVA LEONESA,5,D. HAYMAN,11.2835,37.5596,False,1,LOGROBASKET LOGI7,False
COPA ESPAÑA,Play-offs 1/8 Final,CULTURAL Y DEPORTIVA LEONESA,17,M. AMADASUN,9.73202,40.3325,False,1,LOGROBASKET LOGI7,False
COPA ESPAÑA,Play-offs 1/8 Final,LEYMA CORUÑA,9,C. DE SOUZA PACHECO,3.1029999999999944,58.7852,True,1,GRUPO URETA TIZONA BURGOS,True
COPA ESPAÑA,Play-offs 1/8 Final,LEYMA CORUÑA,4,P. JORGENSEN,4.4428999999999945,57.7769,False,1,GRUPO URETA TIZONA BURGOS,True
COPA ESPAÑA,Play-offs 1/8 Final,LEYMA CORUÑA,24,J. CREMO,21.6502,92.8908,False,1,GRUPO URETA TIZONA BURGOS,True
COPA ESPAÑA,Play-offs 1/8 Final,LEYMA CORUÑA,0,D. CUEVAS SIMARRO,7.19323,37.8117,False,1,GRUPO URETA TIZONA BURGOS,True
COPA ESPAÑA,Play-offs 1/8 Final,LEYMA CORUÑA,6,M. BRAZ,2.96192,57.4738,False,1,GRUPO URETA TIZONA BURGOS,True
COPA ESPAÑA,Play-offs 1/8 Final,LEYMA CORUÑA,24,J. CREMO,15.444299999999998,54.1218,False,1,GRUPO URETA TIZONA BURGOS,True
COPA ESPAÑA,Play-offs 1/8 Final,LEYMA CORUÑA,5,G. JOU COLL,12.0592,47.6428,False,1,GRUPO URETA TIZONA BURGOS,True
COPA ESPAÑA,Play-offs 1/8 Final,LEYMA CORUÑA,24,J. CREMO,29.337100000000007,25.888999999999996,True,1,GRUPO URETA TIZONA BURGOS,True
COPA ESPAÑA,Play-offs 1/8 Final,LEYMA CORUÑA,4,P. JORGENSEN,26.304699999999997,16.058000000000007,False,1,GRUPO URETA TIZONA BURGOS,True
COPA ESPAÑA,Play-offs 1/8 Final,LEYMA CORUÑA,13,D. BRNOVIC,12.270799999999994,57.3988,False,1,GRUPO URETA TIZONA BURGOS,True
COPA ESPAÑA,Play-offs 1/8 Final,LEYMA CORUÑA,24,J. CREMO,28.984499999999997,23.3682,False,1,GRUPO URETA TIZONA BURGOS,True
COPA ESPAÑA,Play-offs 1/8 Final,LEYMA CORUÑA,24,J. CREMO,8.3921,63.1966,True,1,GRUPO URETA TIZONA BURGOS,True
COPA ESPAÑA,Play-offs 1/8 Final,LEYMA CORUÑA,5,G. JOU COLL,6.62906,40.8367,True,1,GRUPO URETA TIZONA BURGOS,True
COPA ESPAÑA,Play-offs 1/8 Final,LEYMA CORUÑA,21,I. DIOP GAYE,9.238399999999999,49.5844,False,1,GRUPO URETA TIZONA BURGOS,True
COPA ESPAÑA,Play-offs 1/8 Final,LEYMA CORUÑA,13,D. BRNOVIC,12.2708,50.1636,False,1,GRUPO URETA TIZONA BURGOS,True
COPA ESPAÑA,Play-offs 1/8 Final,LEYMA CORUÑA,0,D. CUEVAS SIMARRO,29.689700000000002,24.7547,False,1,GRUPO URETA TIZONA BURGOS,True
COPA ESPAÑA,Play-offs 1/8 Final,LEYMA CORUÑA,24,J. CREMO,33.92100000000001,50.0885,True,1,GRUPO URETA TIZONA BURGOS,True
COPA ESPAÑA,Play-offs 1/8 Final,LEYMA CORUÑA,4,P. JORGENSEN,15.9379,49.5334,True,1,GRUPO URETA TIZONA BURGOS,True
COPA ESPAÑA,Play-offs 1/8 Final,LEYMA CORUÑA,8,D. RADONCIC,5.21862,40.3325,True,1,GRUPO URETA TIZONA BURGOS,True
COPA ESPAÑA,Play-offs 1/8 Final,LEYMA CORUÑA,9,C. DE SOUZA PACHECO,4.72496,57.3478,False,1,GRUPO URETA TIZONA BURGOS,True
COPA ESPAÑA,Play-offs 1/8 Final,LEYMA CORUÑA,9,C. DE SOUZA PACHECO,5.289100000000005,41.7699,False,1,GRUPO URETA TIZONA BURGOS,True
COPA ESPAÑA,Play-offs 1/8 Final,LEYMA CORUÑA,9,C. DE SOUZA PACHECO,5.359700000000004,55.8863,True,1,GRUPO URETA TIZONA BURGOS,True
COPA ESPAÑA,Play-offs 1/8 Final,LEYMA CORUÑA,13,D. BRNOVIC,5.1481,61.129,False,1,GRUPO URETA TIZONA BURGOS,True
COPA ESPAÑA,Play-offs 1/8 Final,LEYMA CORUÑA,21,I. DIOP GAYE,9.30889,51.0458,True,1,GRUPO URETA TIZONA BURGOS,True
COPA ESPAÑA,Play-offs 1/8 Final,LEYMA CORUÑA,50,J. DIAZ ALEJANO,6.91114,42.3491,True,1,GRUPO URETA TIZONA BURGOS,True
COPA ESPAÑA,Play-offs 1/8 Final,LEYMA CORUÑA,6,M. BRAZ,4.4428999999999945,40.0054,False,1,GRUPO URETA TIZONA BURGOS,True
COPA ESPAÑA,Play-offs 1/8 Final,LEYMA CORUÑA,21,I. DIOP GAYE,8.603700000000003,94.2022,False,1,GRUPO URETA TIZONA BURGOS,True
COPA ESPAÑA,Play-offs 1/8 Final,LEYMA CORUÑA,13,D. BRNOVIC,5.218599999999995,38.9971,True,1,GRUPO URETA TIZONA BURGOS,True
COPA ESPAÑA,Play-offs 1/8 Final,LEYMA CORUÑA,0,D. CUEVAS SIMARRO,29.407600000000002,26.393199999999993,True,1,GRUPO URETA TIZONA BURGOS,True
COPA ESPAÑA,Play-offs 1/8 Final,LEYMA CORUÑA,9,C. DE SOUZA PACHECO,5.1481,41.2148,True,1,GRUPO URETA TIZONA BURGOS,True
COPA ESPAÑA,Play-offs 1/8 Final,LEYMA CORUÑA,0,D. CUEVAS SIMARRO,4.372399999999999,43.2824,True,1,GRUPO URETA TIZONA BURGOS,True
COPA ESPAÑA,Play-offs 1/8 Final,LEYMA CORUÑA,6,M. BRAZ,6.346999999999994,55.7603,False,1,GRUPO URETA TIZONA BURGOS,True
COPA ESPAÑA,Play-offs 1/8 Final,LEYMA CORUÑA,5,G. JOU COLL,14.1749,49.9115,True,1,GRUPO URETA TIZONA BURGOS,True
COPA ESPAÑA,Play-offs 1/8 Final,LEYMA CORUÑA,6,M. BRAZ,16.8547,49.9115,True,1,GRUPO URETA TIZONA BURGOS,True
COPA ESPAÑA,Play-offs 1/8 Final,LEYMA CORUÑA,0,D. CUEVAS SIMARRO,32.0874,76.9348,False,1,GRUPO URETA TIZONA BURGOS,True
COPA ESPAÑA,Play-offs 1/8 Final,LEYMA CORUÑA,5,G. JOU COLL,30.394900000000007,72.3974,False,1,GRUPO URETA TIZONA BURGOS,True
COPA ESPAÑA,Play-offs 1/8 Final,LEYMA CORUÑA,4,P. JORGENSEN,4.160799999999995,5.5966999999999985,False,1,GRUPO URETA TIZONA BURGOS,True
COPA ESPAÑA,Play-offs 1/8 Final,LEYMA CORUÑA,4,P. JORGENSEN,26.0931,87.7232,False,1,GRUPO URETA TIZONA BURGOS,True
COPA ESPAÑA,Play-offs 1/8 Final,LEYMA CORUÑA,5,G. JOU COLL,22.567,7.56234,False,1,GRUPO URETA TIZONA BURGOS,True
COPA ESPAÑA,Play-offs 1/8 Final,LEYMA CORUÑA,9,C. DE SOUZA PACHECO,6.27645,43.3574,False,1,GRUPO URETA TIZONA BURGOS,True
COPA ESPAÑA,Play-offs 1/8 Final,LEYMA CORUÑA,8,D. RADONCIC,32.5106,25.838,False,1,GRUPO URETA TIZONA BURGOS,True
COPA ESPAÑA,Play-offs 1/8 Final,LEYMA CORUÑA,5,G. JOU COLL,23.131200000000007,60.9279,True,1,GRUPO URETA TIZONA BURGOS,True
COPA ESPAÑA,Play-offs 1/8 Final,LEYMA CORUÑA,24,J. CREMO,4.372399999999999,59.6675,True,1,GRUPO URETA TIZONA BURGOS,True
COPA ESPAÑA,Play-offs 1/8 Final,LEYMA CORUÑA,50,J. DIAZ ALEJANO,10.366699999999994,49.4583,True,1,GRUPO URETA TIZONA BURGOS,True
COPA ESPAÑA,Play-offs 1/8 Final,LEYMA CORUÑA,9,C. DE SOUZA PACHECO,26.868799999999993,16.940200000000004,False,1,GRUPO URETA TIZONA BURGOS,True
COPA ESPAÑA,Play-offs 1/8 Final,LEYMA CORUÑA,4,P. JORGENSEN,4.16079,58.3561,True,1,GRUPO URETA TIZONA BURGOS,True
COPA ESPAÑA,Play-offs 1/8 Final,LEYMA CORUÑA,0,D. CUEVAS SIMARRO,5.853300000000004,56.3905,False,1,GRUPO URETA TIZONA BURGOS,True
COPA ESPAÑA,Play-offs 1/8 Final,LEYMA CORUÑA,6,M. BRAZ,12.764499999999998,49.9625,True,1,GRUPO URETA TIZONA BURGOS,True
COPA ESPAÑA,Play-offs 1/8 Final,LEYMA CORUÑA,21,I. DIOP GAYE,4.4428999999999945,57.7769,True,1,GRUPO URETA TIZONA BURGOS,True
COPA ESPAÑA,Play-offs 1/8 Final,LEYMA CORUÑA,0,D. CUEVAS SIMARRO,3.0323999999999955,58.6592,True,1,GRUPO URETA TIZONA BURGOS,True
COPA ESPAÑA,Play-offs 1/8 Final,LEYMA CORUÑA,5,G. JOU COLL,7.2637,94.70636,True,1,GRUPO URETA TIZONA BURGOS,True
COPA ESPAÑA,Play-offs 1/8 Final,LEYMA CORUÑA,50,J. DIAZ ALEJANO,6.4879999999999995,96.21883,False,1,GRUPO URETA TIZONA BURGOS,True
COPA ESPAÑA,Play-offs 1/8 Final,LEYMA CORUÑA,4,P. JORGENSEN,8.67419,41.4669,True,1,GRUPO URETA TIZONA BURGOS,True
COPA ESPAÑA,Play-offs 1/8 Final,LEYMA CORUÑA,4,P. JORGENSEN,18.4767,73.1027,True,1,GRUPO URETA TIZONA BURGOS,True
COPA ESPAÑA,Play-offs 1/8 Final,LEYMA CORUÑA,50,J. DIAZ ALEJANO,27.7856,86.8409,False,1,GRUPO URETA TIZONA BURGOS,True
COPA ESPAÑA,Play-offs 1/8 Final,LEYMA CORUÑA,4,P. JORGENSEN,25.528899999999993,13.411199999999994,False,1,GRUPO URETA TIZONA BURGOS,True
COPA ESPAÑA,Play-offs 1/8 Final,LEYMA CORUÑA,4,P. JORGENSEN,4.86601,57.4738,False,1,GRUPO URETA TIZONA BURGOS,True
COPA ESPAÑA,Play-offs 1/8 Final,LEYMA CORUÑA,24,J. CREMO,28.984499999999997,23.3682,False,1,GRUPO URETA TIZONA BURGOS,True
COPA ESPAÑA,Play-offs 1/8 Final,LEYMA CORUÑA,21,I. DIOP GAYE,11.7066,49.5334,False,1,GRUPO URETA TIZONA BURGOS,True
COPA ESPAÑA,Play-offs 1/8 Final,LEYMA CORUÑA,50,J. DIAZ ALEJANO,5.00705,46.5084,True,1,GRUPO URETA TIZONA BURGOS,True
COPA ESPAÑA,Play-offs 1/8 Final,LEYMA CORUÑA,21,I. DIOP GAYE,17.9831,51.1719,True,1,GRUPO URETA TIZONA BURGOS,True
COPA ESPAÑA,Play-offs 1/8 Final,LEYMA CORUÑA,24,J. CREMO,2.60931,62.5154,False,1,GRUPO URETA TIZONA BURGOS,True
COPA ESPAÑA,Play-offs 1/8 Final,LEYMA CORUÑA,0,D. CUEVAS SIMARRO,29.4781,82.0514,False,1,GRUPO URETA TIZONA BURGOS,True
COPA ESPAÑA,Play-offs 1/8 Final,LEYMA CORUÑA,0,D. CUEVAS SIMARRO,31.2412,18.9059,False,1,GRUPO URETA TIZONA BURGOS,True
COPA ESPAÑA,Play-offs 1/8 Final,LEYMA CORUÑA,50,J. DIAZ ALEJANO,2.538799999999995,41.3918,True,1,GRUPO URETA TIZONA BURGOS,True
COPA ESPAÑA,Play-offs 1/8 Final,LEYMA CORUÑA,21,I. DIOP GAYE,16.8547,43.6095,True,1,GRUPO URETA TIZONA BURGOS,True
COPA ESPAÑA,Play-offs 1/8 Final,LEYMA CORUÑA,50,J. DIAZ ALEJANO,27.574,16.5111,True,1,GRUPO URETA TIZONA BURGOS,True
COPA ESPAÑA,Play-offs 1/8 Final,GRUPO URETA TIZONA BURGOS,10,A. PARRADO CALABRIA,3.73766,39.7023,False,1,LEYMA CORUÑA,False
COPA ESPAÑA,Play-offs 1/8 Final,GRUPO URETA TIZONA BURGOS,55,G. JOFRESA SARRET,24.964699999999993,87.6482,True,1,LEYMA CORUÑA,False
COPA ESPAÑA,Play-offs 1/8 Final,GRUPO URETA TIZONA BURGOS,55,G. JOFRESA SARRET,30.9591,21.4266,True,1,LEYMA CORUÑA,False
COPA ESPAÑA,Play-offs 1/8 Final,GRUPO URETA TIZONA BURGOS,25,J. ZIDEK,6.34697,7.31027,True,1,LEYMA CORUÑA,False
COPA ESPAÑA,Play-offs 1/8 Final,GRUPO URETA TIZONA BURGOS,5,M. JACKSON,9.23836,30.3754,True,1,LEYMA CORUÑA,False
COPA ESPAÑA,Play-offs 1/8 Final,GRUPO URETA TIZONA BURGOS,10,A. PARRADO CALABRIA,33.8505,45.9292,False,1,LEYMA CORUÑA,False
COPA ESPAÑA,Play-offs 1/8 Final,GRUPO URETA TIZONA BURGOS,10,A. PARRADO CALABRIA,5.21862,41.845,False,1,LEYMA CORUÑA,False
COPA ESPAÑA,Play-offs 1/8 Final,GRUPO URETA TIZONA BURGOS,8,F. TERINS,8.81523,94.6553,False,1,LEYMA CORUÑA,False
COPA ESPAÑA,Play-offs 1/8 Final,GRUPO URETA TIZONA BURGOS,31,J. BROWN-FERGUSON,4.513400000000004,41.7699,False,1,LEYMA CORUÑA,False
COPA ESPAÑA,Play-offs 1/8 Final,GRUPO URETA TIZONA BURGOS,10,A. PARRADO CALABRIA,12.623400000000004,58.7852,True,1,LEYMA CORUÑA,False
COPA ESPAÑA,Play-offs 1/8 Final,GRUPO URETA TIZONA BURGOS,35,R. SEOANE RODICIO,4.5839,52.8614,False,1,LEYMA CORUÑA,False
COPA ESPAÑA,Play-offs 1/8 Final,GRUPO URETA TIZONA BURGOS,24,A. HUELVES GARCIA,17.418899999999994,25.510900000000007,True,1,LEYMA CORUÑA,False
COPA ESPAÑA,Play-offs 1/8 Final,GRUPO URETA TIZONA BURGOS,55,G. JOFRESA SARRET,5.571200000000005,40.8877,False,1,LEYMA CORUÑA,False
COPA ESPAÑA,Play-offs 1/8 Final,GRUPO URETA TIZONA BURGOS,10,A. PARRADO CALABRIA,7.54584,62.2633,False,1,LEYMA CORUÑA,False
COPA ESPAÑA,Play-offs 1/8 Final,GRUPO URETA TIZONA BURGOS,35,R. SEOANE RODICIO,6.34697,56.0874,False,1,LEYMA CORUÑA,False
COPA ESPAÑA,Play-offs 1/8 Final,GRUPO URETA TIZONA BURGOS,55,G. JOFRESA SARRET,7.968999999999994,95.58863,False,1,LEYMA CORUÑA,False
COPA ESPAÑA,Play-offs 1/8 Final,GRUPO URETA TIZONA BURGOS,35,R. SEOANE RODICIO,5.007099999999994,42.5262,False,1,LEYMA CORUÑA,False
COPA ESPAÑA,Play-offs 1/8 Final,GRUPO URETA TIZONA BURGOS,13,R. VILA SOLEY,3.878699999999995,58.9113,False,1,LEYMA CORUÑA,False
COPA ESPAÑA,Play-offs 1/8 Final,GRUPO URETA TIZONA BURGOS,13,R. VILA SOLEY,7.47532,41.5929,True,1,LEYMA CORUÑA,False
COPA ESPAÑA,Play-offs 1/8 Final,GRUPO URETA TIZONA BURGOS,5,M. JACKSON,5.00705,57.3478,True,1,LEYMA CORUÑA,False
COPA ESPAÑA,Play-offs 1/8 Final,GRUPO URETA TIZONA BURGOS,35,R. SEOANE RODICIO,5.6417,94.95844,False,1,LEYMA CORUÑA,False
COPA ESPAÑA,Play-offs 1/8 Final,GRUPO URETA TIZONA BURGOS,55,G. JOFRESA SARRET,5.21862,40.2065,True,1,LEYMA CORUÑA,False
COPA ESPAÑA,Play-offs 1/8 Final,GRUPO URETA TIZONA BURGOS,10,A. PARRADO CALABRIA,22.355400000000003,7.613399999999999,False,1,LEYMA CORUÑA,False
COPA ESPAÑA,Play-offs 1/8 Final,GRUPO URETA TIZONA BURGOS,10,A. PARRADO CALABRIA,11.9182,51.2979,True,1,LEYMA CORUÑA,False
COPA ESPAÑA,Play-offs 1/8 Final,GRUPO URETA TIZONA BURGOS,25,J. ZIDEK,6.34697,40.5846,False,1,LEYMA CORUÑA,False
COPA ESPAÑA,Play-offs 1/8 Final,GRUPO URETA TIZONA BURGOS,35,R. SEOANE RODICIO,22.496499999999997,9.125799999999998,False,1,LEYMA CORUÑA,False
COPA ESPAÑA,Play-offs 1/8 Final,GRUPO URETA TIZONA BURGOS,55,G. JOFRESA SARRET,9.661500000000004,93.95012,False,1,LEYMA CORUÑA,False
COPA ESPAÑA,Play-offs 1/8 Final,GRUPO URETA TIZONA BURGOS,25,J. ZIDEK,22.426000000000002,11.394499999999994,True,1,LEYMA CORUÑA,False
COPA ESPAÑA,Play-offs 1/8 Final,GRUPO URETA TIZONA BURGOS,5,M. JACKSON,33.8505,33.0222,True,1,LEYMA CORUÑA,False
COPA ESPAÑA,Play-offs 1/8 Final,GRUPO URETA TIZONA BURGOS,25,J. ZIDEK,34.2736,50.8448,True,1,LEYMA CORUÑA,False
COPA ESPAÑA,Play-offs 1/8 Final,GRUPO URETA TIZONA BURGOS,25,J. ZIDEK,29.7602,76.3797,True,1,LEYMA CORUÑA,False
COPA ESPAÑA,Play-offs 1/8 Final,GRUPO URETA TIZONA BURGOS,5,M. JACKSON,34.2736,43.2314,False,1,LEYMA CORUÑA,False
COPA ESPAÑA,Play-offs 1/8 Final,GRUPO URETA TIZONA BURGOS,25,J. ZIDEK,8.744699999999995,94.32824,False,1,LEYMA CORUÑA,False
COPA ESPAÑA,Play-offs 1/8 Final,GRUPO URETA TIZONA BURGOS,5,M. JACKSON,16.713700000000003,56.6426,True,1,LEYMA CORUÑA,False
COPA ESPAÑA,Play-offs 1/8 Final,GRUPO URETA TIZONA BURGOS,33,A. ALONSO CUEVAS,19.7461,92.18558,False,1,LEYMA CORUÑA,False
COPA ESPAÑA,Play-offs 1/8 Final,GRUPO URETA TIZONA BURGOS,13,R. VILA SOLEY,3.94922,58.9863,True,1,LEYMA CORUÑA,False
COPA ESPAÑA,Play-offs 1/8 Final,GRUPO URETA TIZONA BURGOS,13,R. VILA SOLEY,27.362499999999997,85.2534,True,1,LEYMA CORUÑA,False
COPA ESPAÑA,Play-offs 1/8 Final,GRUPO URETA TIZONA BURGOS,25,J. ZIDEK,9.097300000000004,6.9831999999999965,True,1,LEYMA CORUÑA,False
COPA ESPAÑA,Play-offs 1/8 Final,GRUPO URETA TIZONA BURGOS,35,R. SEOANE RODICIO,8.180499999999995,82.2285,True,1,LEYMA CORUÑA,False
COPA ESPAÑA,Play-offs 1/8 Final,GRUPO URETA TIZONA BURGOS,10,A. PARRADO CALABRIA,5.218599999999995,40.5096,False,1,LEYMA CORUÑA,False
COPA ESPAÑA,Play-offs 1/8 Final,GRUPO URETA TIZONA BURGOS,33,A. ALONSO CUEVAS,27.6446,15.1247,False,1,LEYMA CORUÑA,False
COPA ESPAÑA,Play-offs 1/8 Final,GRUPO URETA TIZONA BURGOS,55,G. JOFRESA SARRET,32.299,80.9171,False,1,LEYMA CORUÑA,False
COPA ESPAÑA,Play-offs 1/8 Final,GRUPO URETA TIZONA BURGOS,5,M. JACKSON,10.2962,92.0085,False,1,LEYMA CORUÑA,False
COPA ESPAÑA,Play-offs 1/8 Final,GRUPO URETA TIZONA BURGOS,55,G. JOFRESA SARRET,31.1001,20.4183,True,1,LEYMA CORUÑA,False
COPA ESPAÑA,Play-offs 1/8 Final,GRUPO URETA TIZONA BURGOS,5,M. JACKSON,6.41749,56.7176,True,1,LEYMA CORUÑA,False
COPA ESPAÑA,Play-offs 1/8 Final,GRUPO URETA TIZONA BURGOS,8,F. TERINS,8.039500000000004,93.57201,False,1,LEYMA CORUÑA,False
COPA ESPAÑA,Play-offs 1/8 Final,GRUPO URETA TIZONA BURGOS,21,G. GIL GARCIA,31.5938,31.7618,True,1,LEYMA CORUÑA,False
COPA ESPAÑA,Play-offs 1/8 Final,GRUPO URETA TIZONA BURGOS,13,R. VILA SOLEY,5.359700000000004,42.4001,True,1,LEYMA CORUÑA,False
COPA ESPAÑA,Play-offs 1/8 Final,GRUPO URETA TIZONA BURGOS,24,A. HUELVES GARCIA,5.21862,42.6012,True,1,LEYMA CORUÑA,False
COPA ESPAÑA,Play-offs 1/8 Final,GRUPO URETA TIZONA BURGOS,5,M. JACKSON,9.44993,6.17591,False,1,LEYMA CORUÑA,False
COPA ESPAÑA,Play-offs 1/8 Final,GRUPO URETA TIZONA BURGOS,35,R. SEOANE RODICIO,33.0042,63.1966,False,1,LEYMA CORUÑA,False
COPA ESPAÑA,Play-offs 1/8 Final,GRUPO URETA TIZONA BURGOS,8,F. TERINS,9.943600000000004,4.840500000000006,False,1,LEYMA CORUÑA,False
COPA ESPAÑA,Play-offs 1/8 Final,GRUPO URETA TIZONA BURGOS,25,J. ZIDEK,12.059200000000004,74.288,True,1,LEYMA CORUÑA,False
COPA ESPAÑA,Play-offs 1/8 Final,GRUPO URETA TIZONA BURGOS,60,A. ALONSO RUIZ,4.724999999999994,6.352999999999994,False,1,LEYMA CORUÑA,False
COPA ESPAÑA,Play-offs 1/8 Final,GRUPO URETA TIZONA BURGOS,25,J. ZIDEK,21.227099999999993,12.150800000000004,True,1,LEYMA CORUÑA,False
COPA ESPAÑA,Play-offs 1/8 Final,GRUPO URETA TIZONA BURGOS,25,J. ZIDEK,11.6361,48.7771,True,1,LEYMA CORUÑA,False
COPA ESPAÑA,Play-offs 1/8 Final,GRUPO URETA TIZONA BURGOS,55,G. JOFRESA SARRET,34.9788,29.2411,False,1,LEYMA CORUÑA,False
COPA ESPAÑA,Play-offs 1/8 Final,GRUPO URETA TIZONA BURGOS,13,R. VILA SOLEY,7.05219,56.9697,True,1,LEYMA CORUÑA,False
COPA ESPAÑA,Play-offs 1/8 Final,GRUPO URETA TIZONA BURGOS,35,R. SEOANE RODICIO,3.596599999999995,44.9209,True,1,LEYMA CORUÑA,False
COPA ESPAÑA,Play-offs 1/8 Final,GRUPO URETA TIZONA BURGOS,24,A. HUELVES GARCIA,32.5106,36.0472,False,1,LEYMA CORUÑA,False
COPA ESPAÑA,Play-offs 1/8 Final,GRUPO URETA TIZONA BURGOS,10,A. PARRADO CALABRIA,9.4499,65.2132,True,1,LEYMA CORUÑA,False
COPA ESPAÑA,Play-offs 1/8 Final,GRUPO URETA TIZONA BURGOS,24,A. HUELVES GARCIA,6.34697,40.7106,True,1,LEYMA CORUÑA,False
COPA ESPAÑA,Play-offs 1/8 Final,GRUPO URETA TIZONA BURGOS,55,G. JOFRESA SARRET,30.2539,76.1786,False,1,LEYMA CORUÑA,False
COPA ESPAÑA,Play-offs 1/8 Final,GRUPO URETA TIZONA BURGOS,25,J. ZIDEK,27.3625,84.0681,False,1,LEYMA CORUÑA,False
COPA ESPAÑA,Play-offs 1/8 Final,GRUPO URETA TIZONA BURGOS,10,A. PARRADO CALABRIA,3.94922,58.9863,False,1,LEYMA CORUÑA,False
COPA ESPAÑA,Play-offs 1/8 Final,GRUPO URETA TIZONA BURGOS,25,J. ZIDEK,27.292,16.133,False,1,LEYMA CORUÑA,False
COPA ESPAÑA,Play-offs 1/8 Final,GRUPO URETA TIZONA BURGOS,25,J. ZIDEK,33.145300000000006,55.0041,False,1,LEYMA CORUÑA,False
COPA ESPAÑA,Play-offs 1/8 Final,GRUPO URETA TIZONA BURGOS,5,M. JACKSON,26.3047,88.2274,False,1,LEYMA CORUÑA,False
COPA ESPAÑA,Play-offs 1/8 Final,GRUPO URETA TIZONA BURGOS,55,G. JOFRESA SARRET,29.055,16.133,False,1,LEYMA CORUÑA,False
COPA ESPAÑA,Play-offs 1/8 Final,GRUPO URETA TIZONA BURGOS,35,R. SEOANE RODICIO,7.19323,51.2979,True,1,LEYMA CORUÑA,False
COPA ESPAÑA,Play-offs 1/8 Final,GRUPO URETA TIZONA BURGOS,10,A. PARRADO CALABRIA,6.1354,59.1123,True,1,LEYMA CORUÑA,False
COPA ESPAÑA,Play-offs 1/8 Final,GRUPO URETA TIZONA BURGOS,35,R. SEOANE RODICIO,17.1368,38.568,True,1,LEYMA CORUÑA,False
COPA ESPAÑA,Play-offs 1/8 Final,GRUPO URETA TIZONA BURGOS,13,R. VILA SOLEY,7.968999999999994,63.8268,True,1,LEYMA CORUÑA,False
COPA ESPAÑA,Play-offs 1/16 Final,INVEREADY GIPUZKOA,10,M. ANSORREGUI DEBA,7.05219,52.0541,True,1,PALMER BASKET MALLORCA PALMA,True
COPA ESPAÑA,Play-offs 1/16 Final,INVEREADY GIPUZKOA,22,G. KORSANTIA,6.98166,49.1552,True,1,PALMER BASKET MALLORCA PALMA,True
COPA ESPAÑA,Play-offs 1/16 Final,INVEREADY GIPUZKOA,9,M. MOTOS CABODEVILLA,6.91114,51.9281,True,1,PALMER BASKET MALLORCA PALMA,True
COPA ESPAÑA,Play-offs 1/16 Final,INVEREADY GIPUZKOA,13,T. MCGHIE,23.1312,38.0638,True,1,PALMER BASKET MALLORCA PALMA,True
COPA ESPAÑA,Play-offs 1/16 Final,INVEREADY GIPUZKOA,2,O. HANZLIK,29.5487,29.2411,False,1,PALMER BASKET MALLORCA PALMA,True
COPA ESPAÑA,Play-offs 1/16 Final,INVEREADY GIPUZKOA,22,G. KORSANTIA,6.770099999999999,47.8198,True,1,PALMER BASKET MALLORCA PALMA,True
COPA ESPAÑA,Play-offs 1/16 Final,INVEREADY GIPUZKOA,22,G. KORSANTIA,6.981700000000004,48.324,True,1,PALMER BASKET MALLORCA PALMA,True
COPA ESPAÑA,Play-offs 1/16 Final,INVEREADY GIPUZKOA,1,L. TERRY,8.3921,46.3824,False,1,PALMER BASKET MALLORCA PALMA,True
COPA ESPAÑA,Play-offs 1/16 Final,INVEREADY GIPUZKOA,9,M. MOTOS CABODEVILLA,31.452699999999993,25.258799999999994,False,1,PALMER BASKET MALLORCA PALMA,True
COPA ESPAÑA,Play-offs 1/16 Final,INVEREADY GIPUZKOA,2,O. HANZLIK,29.055,85.7066,True,1,PALMER BASKET MALLORCA PALMA,True
COPA ESPAÑA,Play-offs 1/16 Final,INVEREADY GIPUZKOA,6,A. ZUBIZARRETA ARANBARRI,29.6192,88.4794,True,1,PALMER BASKET MALLORCA PALMA,True
COPA ESPAÑA,Play-offs 1/16 Final,INVEREADY GIPUZKOA,1,L. TERRY,5.78279,52.6843,True,1,PALMER BASKET MALLORCA PALMA,True
COPA ESPAÑA,Play-offs 1/16 Final,INVEREADY GIPUZKOA,1,L. TERRY,6.417500000000004,49.9625,False,1,PALMER BASKET MALLORCA PALMA,True
COPA ESPAÑA,Play-offs 1/16 Final,INVEREADY GIPUZKOA,6,A. ZUBIZARRETA ARANBARRI,28.349800000000002,17.822500000000005,False,1,PALMER BASKET MALLORCA PALMA,True
COPA ESPAÑA,Play-offs 1/16 Final,INVEREADY GIPUZKOA,6,A. ZUBIZARRETA ARANBARRI,5.500699999999995,49.7104,True,1,PALMER BASKET MALLORCA PALMA,True
COPA ESPAÑA,Play-offs 1/16 Final,INVEREADY GIPUZKOA,2,O. HANZLIK,26.2341,12.2258,False,1,PALMER BASKET MALLORCA PALMA,True
COPA ESPAÑA,Play-offs 1/16 Final,INVEREADY GIPUZKOA,33,I. ROSA POMPIDO,31.5233,25.712,False,1,PALMER BASKET MALLORCA PALMA,True
COPA ESPAÑA,Play-offs 1/16 Final,INVEREADY GIPUZKOA,1,L. TERRY,5.43018,52.3062,False,1,PALMER BASKET MALLORCA PALMA,True
COPA ESPAÑA,Play-offs 1/16 Final,INVEREADY GIPUZKOA,9,M. MOTOS CABODEVILLA,5.07757,52.3062,True,1,PALMER BASKET MALLORCA PALMA,True
COPA ESPAÑA,Play-offs 1/16 Final,INVEREADY GIPUZKOA,33,I. ROSA POMPIDO,6.770099999999999,48.324,False,1,PALMER BASKET MALLORCA PALMA,True
COPA ESPAÑA,Play-offs 1/16 Final,INVEREADY GIPUZKOA,1,L. TERRY,5.430199999999999,49.4583,True,1,PALMER BASKET MALLORCA PALMA,True
COPA ESPAÑA,Play-offs 1/16 Final,INVEREADY GIPUZKOA,22,G. KORSANTIA,17.983099999999993,95.33655,False,1,PALMER BASKET MALLORCA PALMA,True
COPA ESPAÑA,Play-offs 1/16 Final,INVEREADY GIPUZKOA,9,M. MOTOS CABODEVILLA,12.835,31.7618,False,1,PALMER BASKET MALLORCA PALMA,True
COPA ESPAÑA,Play-offs 1/16 Final,INVEREADY GIPUZKOA,9,M. MOTOS CABODEVILLA,6.911100000000005,47.5677,False,1,PALMER BASKET MALLORCA PALMA,True
COPA ESPAÑA,Play-offs 1/16 Final,INVEREADY GIPUZKOA,6,A. ZUBIZARRETA ARANBARRI,4.58392,53.0624,True,1,PALMER BASKET MALLORCA PALMA,True
COPA ESPAÑA,Play-offs 1/16 Final,INVEREADY GIPUZKOA,12,J. NICOLAU ALEDON,5.500699999999995,49.8364,True,1,PALMER BASKET MALLORCA PALMA,True
COPA ESPAÑA,Play-offs 1/16 Final,INVEREADY GIPUZKOA,13,T. MCGHIE,22.8491,9.45293,True,1,PALMER BASKET MALLORCA PALMA,True
COPA ESPAÑA,Play-offs 1/16 Final,INVEREADY GIPUZKOA,33,I. ROSA POMPIDO,13.7518,53.1885,False,1,PALMER BASKET MALLORCA PALMA,True
COPA ESPAÑA,Play-offs 1/16 Final,INVEREADY GIPUZKOA,1,L. TERRY,15.3032,40.8367,False,1,PALMER BASKET MALLORCA PALMA,True
COPA ESPAÑA,Play-offs 1/16 Final,INVEREADY GIPUZKOA,2,O. HANZLIK,7.33427,78.9005,True,1,PALMER BASKET MALLORCA PALMA,True
COPA ESPAÑA,Play-offs 1/16 Final,INVEREADY GIPUZKOA,9,M. MOTOS CABODEVILLA,26.6573,88.3534,True,1,PALMER BASKET MALLORCA PALMA,True
COPA ESPAÑA,Play-offs 1/16 Final,INVEREADY GIPUZKOA,12,J. NICOLAU ALEDON,5.853300000000004,46.4334,True,1,PALMER BASKET MALLORCA PALMA,True
COPA ESPAÑA,Play-offs 1/16 Final,INVEREADY GIPUZKOA,10,M. ANSORREGUI DEBA,6.2059,49.5844,False,1,PALMER BASKET MALLORCA PALMA,True
COPA ESPAÑA,Play-offs 1/16 Final,INVEREADY GIPUZKOA,9,M. MOTOS CABODEVILLA,15.867400000000004,56.3905,True,1,PALMER BASKET MALLORCA PALMA,True
COPA ESPAÑA,Play-offs 1/16 Final,INVEREADY GIPUZKOA,12,J. NICOLAU ALEDON,5.500699999999995,46.5594,True,1,PALMER BASKET MALLORCA PALMA,True
COPA ESPAÑA,Play-offs 1/16 Final,INVEREADY GIPUZKOA,22,G. KORSANTIA,8.039500000000004,45.5511,False,1,PALMER BASKET MALLORCA PALMA,True
COPA ESPAÑA,Play-offs 1/16 Final,INVEREADY GIPUZKOA,12,J. NICOLAU ALEDON,6.417500000000004,49.9625,False,1,PALMER BASKET MALLORCA PALMA,True
COPA ESPAÑA,Play-offs 1/16 Final,INVEREADY GIPUZKOA,2,O. HANZLIK,32.158,76.1786,False,1,PALMER BASKET MALLORCA PALMA,True
COPA ESPAÑA,Play-offs 1/16 Final,INVEREADY GIPUZKOA,10,M. ANSORREGUI DEBA,25.951999999999998,92.56369,False,1,PALMER BASKET MALLORCA PALMA,True
COPA ESPAÑA,Play-offs 1/16 Final,INVEREADY GIPUZKOA,10,M. ANSORREGUI DEBA,7.5458,54.4999,False,1,PALMER BASKET MALLORCA PALMA,True
COPA ESPAÑA,Play-offs 1/16 Final,INVEREADY GIPUZKOA,10,M. ANSORREGUI DEBA,7.61636,51.9281,True,1,PALMER BASKET MALLORCA PALMA,True
COPA ESPAÑA,Play-offs 1/16 Final,INVEREADY GIPUZKOA,2,O. HANZLIK,34.7673,75.2453,False,1,PALMER BASKET MALLORCA PALMA,True
COPA ESPAÑA,Play-offs 1/16 Final,INVEREADY GIPUZKOA,24,I. ARROYO VARELA,30.324399999999997,76.8088,True,1,PALMER BASKET MALLORCA PALMA,True
COPA ESPAÑA,Play-offs 1/16 Final,INVEREADY GIPUZKOA,10,M. ANSORREGUI DEBA,5.430199999999999,49.8364,False,1,PALMER BASKET MALLORCA PALMA,True
COPA ESPAÑA,Play-offs 1/16 Final,INVEREADY GIPUZKOA,22,G. KORSANTIA,5.9238,49.8364,True,1,PALMER BASKET MALLORCA PALMA,True
COPA ESPAÑA,Play-offs 1/16 Final,INVEREADY GIPUZKOA,2,O. HANZLIK,27.9972,84.6983,False,1,PALMER BASKET MALLORCA PALMA,True
COPA ESPAÑA,Play-offs 1/16 Final,INVEREADY GIPUZKOA,10,M. ANSORREGUI DEBA,6.417500000000004,49.9625,True,1,PALMER BASKET MALLORCA PALMA,True
COPA ESPAÑA,Play-offs 1/16 Final,INVEREADY GIPUZKOA,13,T. MCGHIE,23.2017,8.57066,False,1,PALMER BASKET MALLORCA PALMA,True
COPA ESPAÑA,Play-offs 1/16 Final,INVEREADY GIPUZKOA,22,G. KORSANTIA,6.48801,52.3062,True,1,PALMER BASKET MALLORCA PALMA,True
COPA ESPAÑA,Play-offs 1/16 Final,INVEREADY GIPUZKOA,12,J. NICOLAU ALEDON,5.9238,47.6938,True,1,PALMER BASKET MALLORCA PALMA,True
COPA ESPAÑA,Play-offs 1/16 Final,INVEREADY GIPUZKOA,1,L. TERRY,34.0621,73.5318,False,1,PALMER BASKET MALLORCA PALMA,True
COPA ESPAÑA,Play-offs 1/16 Final,INVEREADY GIPUZKOA,2,O. HANZLIK,31.946399999999997,25.636899999999997,False,1,PALMER BASKET MALLORCA PALMA,True
COPA ESPAÑA,Play-offs 1/16 Final,INVEREADY GIPUZKOA,22,G. KORSANTIA,30.9591,20.5444,False,1,PALMER BASKET MALLORCA PALMA,True
COPA ESPAÑA,Play-offs 1/16 Final,INVEREADY GIPUZKOA,1,L. TERRY,25.951999999999998,84.8753,False,1,PALMER BASKET MALLORCA PALMA,True
COPA ESPAÑA,Play-offs 1/16 Final,INVEREADY GIPUZKOA,1,L. TERRY,26.163600000000002,82.3545,True,1,PALMER BASKET MALLORCA PALMA,True
COPA ESPAÑA,Play-offs 1/16 Final,INVEREADY GIPUZKOA,6,A. ZUBIZARRETA ARANBARRI,5.78279,50.7937,True,1,PALMER BASKET MALLORCA PALMA,True
COPA ESPAÑA,Play-offs 1/16 Final,INVEREADY GIPUZKOA,13,T. MCGHIE,29.619200000000006,16.183999999999997,False,1,PALMER BASKET MALLORCA PALMA,True
COPA ESPAÑA,Play-offs 1/16 Final,INVEREADY GIPUZKOA,6,A. ZUBIZARRETA ARANBARRI,10.719300000000004,61.306,False,1,PALMER BASKET MALLORCA PALMA,True
COPA ESPAÑA,Play-offs 1/16 Final,INVEREADY GIPUZKOA,11,G. MAIZA APECECHEA,41.3258,58.8602,False,1,PALMER BASKET MALLORCA PALMA,True
COPA ESPAÑA,Play-offs 1/16 Final,INVEREADY GIPUZKOA,2,O. HANZLIK,26.163600000000002,79.9598,True,1,PALMER BASKET MALLORCA PALMA,True
COPA ESPAÑA,Play-offs 1/16 Final,PALMER BASKET MALLORCA PALMA,15,J. FELIU ESPEJO,6.699600000000004,48.5761,True,1,INVEREADY GIPUZKOA,False
COPA ESPAÑA,Play-offs 1/16 Final,PALMER BASKET MALLORCA PALMA,4,M. FRIERSON,32.5811,81.9254,True,1,INVEREADY GIPUZKOA,False
COPA ESPAÑA,Play-offs 1/16 Final,PALMER BASKET MALLORCA PALMA,9,A. URDIAIN LABAYEN,14.3159,69.1955,False,1,INVEREADY GIPUZKOA,False
COPA ESPAÑA,Play-offs 1/16 Final,PALMER BASKET MALLORCA PALMA,8,A. CHAPELA LAGE,13.4697,39.9544,True,1,INVEREADY GIPUZKOA,False
COPA ESPAÑA,Play-offs 1/16 Final,PALMER BASKET MALLORCA PALMA,24,A. COMENDADOR FEMENIAS,6.135400000000004,48.8281,True,1,INVEREADY GIPUZKOA,False
COPA ESPAÑA,Play-offs 1/16 Final,PALMER BASKET MALLORCA PALMA,15,J. FELIU ESPEJO,31.241200000000006,23.116200000000006,False,1,INVEREADY GIPUZKOA,False
COPA ESPAÑA,Play-offs 1/16 Final,PALMER BASKET MALLORCA PALMA,25,I. MASSOUD RODRÍGUEZ,5.782799999999995,48.9542,True,1,INVEREADY GIPUZKOA,False
COPA ESPAÑA,Play-offs 1/16 Final,PALMER BASKET MALLORCA PALMA,25,I. MASSOUD RODRÍGUEZ,29.7602,17.7715,False,1,INVEREADY GIPUZKOA,False
COPA ESPAÑA,Play-offs 1/16 Final,PALMER BASKET MALLORCA PALMA,12,J. CARRALERO MARTIN,9.52045,47.1386,False,1,INVEREADY GIPUZKOA,False
COPA ESPAÑA,Play-offs 1/16 Final,PALMER BASKET MALLORCA PALMA,15,J. FELIU ESPEJO,21.650199999999998,37.1065,False,1,INVEREADY GIPUZKOA,False
COPA ESPAÑA,Play-offs 1/16 Final,PALMER BASKET MALLORCA PALMA,25,I. MASSOUD RODRÍGUEZ,17.2073,73.7329,False,1,INVEREADY GIPUZKOA,False
COPA ESPAÑA,Play-offs 1/16 Final,PALMER BASKET MALLORCA PALMA,4,M. FRIERSON,28.6319,16.688199999999995,True,1,INVEREADY GIPUZKOA,False
COPA ESPAÑA,Play-offs 1/16 Final,PALMER BASKET MALLORCA PALMA,21,T. HOLLOWELL,29.3371,78.3963,False,1,INVEREADY GIPUZKOA,False
COPA ESPAÑA,Play-offs 1/16 Final,PALMER BASKET MALLORCA PALMA,12,J. CARRALERO MARTIN,6.770099999999999,51.475,False,1,INVEREADY GIPUZKOA,False
COPA ESPAÑA,Play-offs 1/16 Final,PALMER BASKET MALLORCA PALMA,15,J. FELIU ESPEJO,24.33,31.6358,False,1,INVEREADY GIPUZKOA,False
COPA ESPAÑA,Play-offs 1/16 Final,PALMER BASKET MALLORCA PALMA,24,A. COMENDADOR FEMENIAS,4.16079,51.55,True,1,INVEREADY GIPUZKOA,False
COPA ESPAÑA,Play-offs 1/16 Final,PALMER BASKET MALLORCA PALMA,10,G. DIKE EGUN,7.26375,48.399,True,1,INVEREADY GIPUZKOA,False
COPA ESPAÑA,Play-offs 1/16 Final,PALMER BASKET MALLORCA PALMA,21,T. HOLLOWELL,31.9464,76.7578,False,1,INVEREADY GIPUZKOA,False
COPA ESPAÑA,Play-offs 1/16 Final,PALMER BASKET MALLORCA PALMA,8,A. CHAPELA LAGE,8.674199999999999,43.6605,False,1,INVEREADY GIPUZKOA,False
COPA ESPAÑA,Play-offs 1/16 Final,PALMER BASKET MALLORCA PALMA,21,T. HOLLOWELL,31.8759,72.3974,False,1,INVEREADY GIPUZKOA,False
COPA ESPAÑA,Play-offs 1/16 Final,PALMER BASKET MALLORCA PALMA,25,I. MASSOUD RODRÍGUEZ,29.9718,83.1858,True,1,INVEREADY GIPUZKOA,False
COPA ESPAÑA,Play-offs 1/16 Final,PALMER BASKET MALLORCA PALMA,6,A. SCARIOLO ARES,20.592399999999998,38.3669,True,1,INVEREADY GIPUZKOA,False
COPA ESPAÑA,Play-offs 1/16 Final,PALMER BASKET MALLORCA PALMA,4,M. FRIERSON,30.747500000000002,28.914,True,1,INVEREADY GIPUZKOA,False
COPA ESPAÑA,Play-offs 1/16 Final,PALMER BASKET MALLORCA PALMA,15,J. FELIU ESPEJO,11.1425,51.676,False,1,INVEREADY GIPUZKOA,False
COPA ESPAÑA,Play-offs 1/16 Final,PALMER BASKET MALLORCA PALMA,9,A. URDIAIN LABAYEN,28.7024,22.8131,True,1,INVEREADY GIPUZKOA,False
COPA ESPAÑA,Play-offs 1/16 Final,PALMER BASKET MALLORCA PALMA,6,A. SCARIOLO ARES,24.2595,42.7272,False,1,INVEREADY GIPUZKOA,False
COPA ESPAÑA,Play-offs 1/16 Final,PALMER BASKET MALLORCA PALMA,24,A. COMENDADOR FEMENIAS,6.699600000000004,45.6772,True,1,INVEREADY GIPUZKOA,False
COPA ESPAÑA,Play-offs 1/16 Final,PALMER BASKET MALLORCA PALMA,24,A. COMENDADOR FEMENIAS,4.866,45.9292,True,1,INVEREADY GIPUZKOA,False
COPA ESPAÑA,Play-offs 1/16 Final,PALMER BASKET MALLORCA PALMA,15,J. FELIU ESPEJO,5.1480999999999995,51.475,True,1,INVEREADY GIPUZKOA,False
COPA ESPAÑA,Play-offs 1/16 Final,PALMER BASKET MALLORCA PALMA,4,M. FRIERSON,31.2412,76.7578,False,1,INVEREADY GIPUZKOA,False
COPA ESPAÑA,Play-offs 1/16 Final,PALMER BASKET MALLORCA PALMA,9,A. URDIAIN LABAYEN,32.0169,19.0319,True,1,INVEREADY GIPUZKOA,False
COPA ESPAÑA,Play-offs 1/16 Final,PALMER BASKET MALLORCA PALMA,9,A. URDIAIN LABAYEN,30.6065,15.5028,False,1,INVEREADY GIPUZKOA,False
COPA ESPAÑA,Play-offs 1/16 Final,PALMER BASKET MALLORCA PALMA,4,M. FRIERSON,29.407600000000002,81.3462,False,1,INVEREADY GIPUZKOA,False
COPA ESPAÑA,Play-offs 1/16 Final,PALMER BASKET MALLORCA PALMA,9,A. URDIAIN LABAYEN,18.7588,39.1982,False,1,INVEREADY GIPUZKOA,False
COPA ESPAÑA,Play-offs 1/16 Final,PALMER BASKET MALLORCA PALMA,10,G. DIKE EGUN,5.64175,50.1636,True,1,INVEREADY GIPUZKOA,False
COPA ESPAÑA,Play-offs 1/16 Final,PALMER BASKET MALLORCA PALMA,4,M. FRIERSON,31.6643,78.0182,False,1,INVEREADY GIPUZKOA,False
COPA ESPAÑA,Play-offs 1/16 Final,PALMER BASKET MALLORCA PALMA,9,A. URDIAIN LABAYEN,29.3371,84.1941,False,1,INVEREADY GIPUZKOA,False
COPA ESPAÑA,Play-offs 1/16 Final,PALMER BASKET MALLORCA PALMA,12,J. CARRALERO MARTIN,33.427400000000006,78.0692,True,1,INVEREADY GIPUZKOA,False
COPA ESPAÑA,Play-offs 1/16 Final,PALMER BASKET MALLORCA PALMA,15,J. FELIU ESPEJO,31.100099999999998,23.998400000000004,True,1,INVEREADY GIPUZKOA,False
COPA ESPAÑA,Play-offs 1/16 Final,PALMER BASKET MALLORCA PALMA,6,A. SCARIOLO ARES,4.0197,49.0802,True,1,INVEREADY GIPUZKOA,False
COPA ESPAÑA,Play-offs 1/16 Final,PALMER BASKET MALLORCA PALMA,8,A. CHAPELA LAGE,31.3117,83.942,True,1,INVEREADY GIPUZKOA,False
COPA ESPAÑA,Play-offs 1/16 Final,PALMER BASKET MALLORCA PALMA,15,J. FELIU ESPEJO,15.444299999999998,82.2285,False,1,INVEREADY GIPUZKOA,False
COPA ESPAÑA,Play-offs 1/16 Final,PALMER BASKET MALLORCA PALMA,24,A. COMENDADOR FEMENIAS,6.135400000000004,48.8281,False,1,INVEREADY GIPUZKOA,False
COPA ESPAÑA,Play-offs 1/16 Final,PALMER BASKET MALLORCA PALMA,9,A. URDIAIN LABAYEN,32.7927,82.0514,True,1,INVEREADY GIPUZKOA,False
COPA ESPAÑA,Play-offs 1/16 Final,PALMER BASKET MALLORCA PALMA,6,A. SCARIOLO ARES,29.055,79.9088,True,1,INVEREADY GIPUZKOA,False
COPA ESPAÑA,Play-offs 1/16 Final,PALMER BASKET MALLORCA PALMA,4,M. FRIERSON,32.4401,74.036,False,1,INVEREADY GIPUZKOA,False
COPA ESPAÑA,Play-offs 1/16 Final,PALMER BASKET MALLORCA PALMA,10,G. DIKE EGUN,5.853300000000004,48.9542,True,1,INVEREADY GIPUZKOA,False
COPA ESPAÑA,Play-offs 1/16 Final,PALMER BASKET MALLORCA PALMA,24,A. COMENDADOR FEMENIAS,3.9492000000000047,49.5844,True,1,INVEREADY GIPUZKOA,False
COPA ESPAÑA,Play-offs 1/16 Final,PALMER BASKET MALLORCA PALMA,4,M. FRIERSON,35.402,51.2229,False,1,INVEREADY GIPUZKOA,False
COPA ESPAÑA,Play-offs 1/16 Final,PALMER BASKET MALLORCA PALMA,21,T. HOLLOWELL,9.44993,52.4323,False,1,INVEREADY GIPUZKOA,False
COPA ESPAÑA,Play-offs 1/16 Final,PALMER BASKET MALLORCA PALMA,10,G. DIKE EGUN,3.596599999999995,50.3406,True,1,INVEREADY GIPUZKOA,False
COPA ESPAÑA,Play-offs 1/16 Final,PALMER BASKET MALLORCA PALMA,4,M. FRIERSON,31.734800000000007,74.5401,False,1,INVEREADY GIPUZKOA,False
COPA ESPAÑA,Play-offs 1/16 Final,PALMER BASKET MALLORCA PALMA,12,J. CARRALERO MARTIN,15.8674,4.66345,True,1,INVEREADY GIPUZKOA,False
COPA ESPAÑA,Play-offs 1/16 Final,PALMER BASKET MALLORCA PALMA,6,A. SCARIOLO ARES,3.5260999999999996,47.0636,True,1,INVEREADY GIPUZKOA,False
COPA ESPAÑA,Play-offs 1/16 Final,PALMER BASKET MALLORCA PALMA,9,A. URDIAIN LABAYEN,29.1255,87.5972,True,1,INVEREADY GIPUZKOA,False
COPA ESPAÑA,Play-offs 1/16 Final,PALMER BASKET MALLORCA PALMA,24,A. COMENDADOR FEMENIAS,7.616399999999999,49.9625,False,1,INVEREADY GIPUZKOA,False
COPA ESPAÑA,Play-offs 1/16 Final,PALMER BASKET MALLORCA PALMA,25,I. MASSOUD RODRÍGUEZ,4.3018,50.0885,True,1,INVEREADY GIPUZKOA,False
COPA ESPAÑA,Play-offs 1/16 Final,PALMER BASKET MALLORCA PALMA,15,J. FELIU ESPEJO,31.382199999999997,19.209000000000003,False,1,INVEREADY GIPUZKOA,False
COPA ESPAÑA,Play-offs 1/16 Final,PALMER BASKET MALLORCA PALMA,21,T. HOLLOWELL,18.5472,63.7758,True,1,INVEREADY GIPUZKOA,False
COPA ESPAÑA,Play-offs 1/16 Final,PALMER BASKET MALLORCA PALMA,21,T. HOLLOWELL,6.41749,54.701,False,1,INVEREADY GIPUZKOA,False
COPA ESPAÑA,Play-offs 1/16 Final,PALMER BASKET MALLORCA PALMA,21,T. HOLLOWELL,29.055,82.4296,False,1,INVEREADY GIPUZKOA,False
COPA ESPAÑA,Play-offs 1/16 Final,PALMER BASKET MALLORCA PALMA,21,T. HOLLOWELL,5.9238,46.9376,True,1,INVEREADY GIPUZKOA,False
COPA ESPAÑA,Play-offs 1/16 Final,UEMC BALONCESTO VALLADOLID,10,I. ORDOÑEZ OCHOA,13.610699999999994,47.6938,True,1,MOVISTAR ESTUDIANTES,True
COPA ESPAÑA,Play-offs 1/16 Final,UEMC BALONCESTO VALLADOLID,5,J. GARCIA-ABRIL GUERRERO,15.2327,51.2979,False,1,MOVISTAR ESTUDIANTES,True
COPA ESPAÑA,Play-offs 1/16 Final,UEMC BALONCESTO VALLADOLID,1,S. TAIWO,15.585300000000004,46.6855,True,1,MOVISTAR ESTUDIANTES,True
COPA ESPAÑA,Play-offs 1/16 Final,UEMC BALONCESTO VALLADOLID,3,I. HANEY,15.9379,46.5084,False,1,MOVISTAR ESTUDIANTES,True
COPA ESPAÑA,Play-offs 1/16 Final,UEMC BALONCESTO VALLADOLID,3,I. HANEY,12.552899999999994,49.3323,False,1,MOVISTAR ESTUDIANTES,True
COPA ESPAÑA,Play-offs 1/16 Final,UEMC BALONCESTO VALLADOLID,10,I. ORDOÑEZ OCHOA,15.2327,48.273,False,1,MOVISTAR ESTUDIANTES,True
COPA ESPAÑA,Play-offs 1/16 Final,UEMC BALONCESTO VALLADOLID,99,M. OCHI,15.5148,53.1885,True,1,MOVISTAR ESTUDIANTES,True
COPA ESPAÑA,Play-offs 1/16 Final,UEMC BALONCESTO VALLADOLID,1,S. TAIWO,16.7137,51.0458,False,1,MOVISTAR ESTUDIANTES,True
COPA ESPAÑA,Play-offs 1/16 Final,UEMC BALONCESTO VALLADOLID,3,I. HANEY,13.751800000000003,51.475,True,1,MOVISTAR ESTUDIANTES,True
COPA ESPAÑA,Play-offs 1/16 Final,UEMC BALONCESTO VALLADOLID,6,P. MARIN FONTAN,32.5106,64.457,False,1,MOVISTAR ESTUDIANTES,True
COPA ESPAÑA,Play-offs 1/16 Final,UEMC BALONCESTO VALLADOLID,9,P. ISERN MAZA,32.8632,77.388,False,1,MOVISTAR ESTUDIANTES,True
COPA ESPAÑA,Play-offs 1/16 Final,UEMC BALONCESTO VALLADOLID,1,S. TAIWO,14.6685,53.6926,False,1,MOVISTAR ESTUDIANTES,True
COPA ESPAÑA,Play-offs 1/16 Final,UEMC BALONCESTO VALLADOLID,9,P. ISERN MAZA,15.0212,51.9281,False,1,MOVISTAR ESTUDIANTES,True
COPA ESPAÑA,Play-offs 1/16 Final,UEMC BALONCESTO VALLADOLID,2,J. HANNA,30.394900000000007,16.8142,False,1,MOVISTAR ESTUDIANTES,True
COPA ESPAÑA,Play-offs 1/16 Final,UEMC BALONCESTO VALLADOLID,1,S. TAIWO,15.7264,57.8519,False,1,MOVISTAR ESTUDIANTES,True
COPA ESPAÑA,Play-offs 1/16 Final,UEMC BALONCESTO VALLADOLID,6,P. MARIN FONTAN,19.1114,26.7203,True,1,MOVISTAR ESTUDIANTES,True
COPA ESPAÑA,Play-offs 1/16 Final,UEMC BALONCESTO VALLADOLID,3,I. HANEY,12.059200000000004,25.510900000000007,False,1,MOVISTAR ESTUDIANTES,True
COPA ESPAÑA,Play-offs 1/16 Final,UEMC BALONCESTO VALLADOLID,9,P. ISERN MAZA,13.9633,52.4323,True,1,MOVISTAR ESTUDIANTES,True
COPA ESPAÑA,Play-offs 1/16 Final,UEMC BALONCESTO VALLADOLID,2,J. HANNA,13.117099999999994,48.9542,True,1,MOVISTAR ESTUDIANTES,True
COPA ESPAÑA,Play-offs 1/16 Final,UEMC BALONCESTO VALLADOLID,12,P. MARTIN MARTIN,14.6685,53.6926,False,1,MOVISTAR ESTUDIANTES,True
COPA ESPAÑA,Play-offs 1/16 Final,UEMC BALONCESTO VALLADOLID,10,I. ORDOÑEZ OCHOA,15.5148,53.1885,False,1,MOVISTAR ESTUDIANTES,True
COPA ESPAÑA,Play-offs 1/16 Final,UEMC BALONCESTO VALLADOLID,1,S. TAIWO,15.3738,53.3145,False,1,MOVISTAR ESTUDIANTES,True
COPA ESPAÑA,Play-offs 1/16 Final,UEMC BALONCESTO VALLADOLID,2,J. HANNA,33.6389,31.7618,False,1,MOVISTAR ESTUDIANTES,True
COPA ESPAÑA,Play-offs 1/16 Final,UEMC BALONCESTO VALLADOLID,9,P. ISERN MAZA,14.386499999999998,48.1979,True,1,MOVISTAR ESTUDIANTES,True
COPA ESPAÑA,Play-offs 1/16 Final,UEMC BALONCESTO VALLADOLID,2,J. HANNA,13.1876,52.0541,True,1,MOVISTAR ESTUDIANTES,True
COPA ESPAÑA,Play-offs 1/16 Final,UEMC BALONCESTO VALLADOLID,3,I. HANEY,13.3286,58.8602,False,1,MOVISTAR ESTUDIANTES,True
COPA ESPAÑA,Play-offs 1/16 Final,UEMC BALONCESTO VALLADOLID,3,I. HANEY,30.8181,77.565,True,1,MOVISTAR ESTUDIANTES,True
COPA ESPAÑA,Play-offs 1/16 Final,UEMC BALONCESTO VALLADOLID,9,P. ISERN MAZA,12.4118,49.7854,False,1,MOVISTAR ESTUDIANTES,True
COPA ESPAÑA,Play-offs 1/16 Final,UEMC BALONCESTO VALLADOLID,99,M. OCHI,35.1199,44.4168,True,1,MOVISTAR ESTUDIANTES,True
COPA ESPAÑA,Play-offs 1/16 Final,UEMC BALONCESTO VALLADOLID,9,P. ISERN MAZA,12.905500000000004,48.324,False,1,MOVISTAR ESTUDIANTES,True
COPA ESPAÑA,Play-offs 1/16 Final,UEMC BALONCESTO VALLADOLID,9,P. ISERN MAZA,11.0719,47.9459,True,1,MOVISTAR ESTUDIANTES,True
COPA ESPAÑA,Play-offs 1/16 Final,UEMC BALONCESTO VALLADOLID,9,P. ISERN MAZA,16.5726,54.3228,False,1,MOVISTAR ESTUDIANTES,True
COPA ESPAÑA,Play-offs 1/16 Final,UEMC BALONCESTO VALLADOLID,10,I. ORDOÑEZ OCHOA,14.104399999999998,50.0885,True,1,MOVISTAR ESTUDIANTES,True
COPA ESPAÑA,Play-offs 1/16 Final,UEMC BALONCESTO VALLADOLID,2,J. HANNA,31.4528,81.5473,False,1,MOVISTAR ESTUDIANTES,True
COPA ESPAÑA,Play-offs 1/16 Final,UEMC BALONCESTO VALLADOLID,6,P. MARIN FONTAN,35.8251,31.0056,False,1,MOVISTAR ESTUDIANTES,True
COPA ESPAÑA,Play-offs 1/16 Final,UEMC BALONCESTO VALLADOLID,1,S. TAIWO,18.053600000000003,54.3739,True,1,MOVISTAR ESTUDIANTES,True
COPA ESPAÑA,Play-offs 1/16 Final,UEMC BALONCESTO VALLADOLID,3,I. HANEY,28.420299999999997,81.85040000000001,True,1,MOVISTAR ESTUDIANTES,True
COPA ESPAÑA,Play-offs 1/16 Final,UEMC BALONCESTO VALLADOLID,6,P. MARIN FONTAN,14.174899999999994,50.7187,True,1,MOVISTAR ESTUDIANTES,True
COPA ESPAÑA,Play-offs 1/16 Final,UEMC BALONCESTO VALLADOLID,3,I. HANEY,20.5924,92.8908,True,1,MOVISTAR ESTUDIANTES,True
COPA ESPAÑA,Play-offs 1/16 Final,UEMC BALONCESTO VALLADOLID,12,P. MARTIN MARTIN,14.104399999999998,45.4251,False,1,MOVISTAR ESTUDIANTES,True
COPA ESPAÑA,Play-offs 1/16 Final,UEMC BALONCESTO VALLADOLID,99,M. OCHI,14.174899999999994,47.9459,False,1,MOVISTAR ESTUDIANTES,True
COPA ESPAÑA,Play-offs 1/16 Final,UEMC BALONCESTO VALLADOLID,3,I. HANEY,16.290599999999998,46.9376,False,1,MOVISTAR ESTUDIANTES,True
COPA ESPAÑA,Play-offs 1/16 Final,UEMC BALONCESTO VALLADOLID,9,P. ISERN MAZA,16.290599999999998,70.1287,True,1,MOVISTAR ESTUDIANTES,True
COPA ESPAÑA,Play-offs 1/16 Final,UEMC BALONCESTO VALLADOLID,9,P. ISERN MAZA,15.162199999999999,53.2395,False,1,MOVISTAR ESTUDIANTES,True
COPA ESPAÑA,Play-offs 1/16 Final,UEMC BALONCESTO VALLADOLID,6,P. MARIN FONTAN,36.1777,42.1481,False,1,MOVISTAR ESTUDIANTES,True
COPA ESPAÑA,Play-offs 1/16 Final,UEMC BALONCESTO VALLADOLID,3,I. HANEY,32.8632,29.6192,True,1,MOVISTAR ESTUDIANTES,True
COPA ESPAÑA,Play-offs 1/16 Final,UEMC BALONCESTO VALLADOLID,9,P. ISERN MAZA,25.4584,87.5972,False,1,MOVISTAR ESTUDIANTES,True
COPA ESPAÑA,Play-offs 1/16 Final,UEMC BALONCESTO VALLADOLID,12,P. MARTIN MARTIN,13.822299999999998,42.7783,False,1,MOVISTAR ESTUDIANTES,True
COPA ESPAÑA,Play-offs 1/16 Final,UEMC BALONCESTO VALLADOLID,6,P. MARIN FONTAN,36.6008,36.9805,True,1,MOVISTAR ESTUDIANTES,True
COPA ESPAÑA,Play-offs 1/16 Final,UEMC BALONCESTO VALLADOLID,3,I. HANEY,31.9464,75.8755,True,1,MOVISTAR ESTUDIANTES,True
COPA ESPAÑA,Play-offs 1/16 Final,UEMC BALONCESTO VALLADOLID,99,M. OCHI,15.5148,53.1885,False,1,MOVISTAR ESTUDIANTES,True
COPA ESPAÑA,Play-offs 1/16 Final,UEMC BALONCESTO VALLADOLID,9,P. ISERN MAZA,13.7518,53.4406,True,1,MOVISTAR ESTUDIANTES,True
COPA ESPAÑA,Play-offs 1/16 Final,UEMC BALONCESTO VALLADOLID,9,P. ISERN MAZA,13.8928,54.5749,True,1,MOVISTAR ESTUDIANTES,True
COPA ESPAÑA,Play-offs 1/16 Final,UEMC BALONCESTO VALLADOLID,12,P. MARTIN MARTIN,15.2327,51.2979,True,1,MOVISTAR ESTUDIANTES,True
COPA ESPAÑA,Play-offs 1/16 Final,UEMC BALONCESTO VALLADOLID,5,J. GARCIA-ABRIL GUERRERO,15.0917,44.4918,False,1,MOVISTAR ESTUDIANTES,True
COPA ESPAÑA,Play-offs 1/16 Final,UEMC BALONCESTO VALLADOLID,9,P. ISERN MAZA,13.7518,50.6677,False,1,MOVISTAR ESTUDIANTES,True
COPA ESPAÑA,Play-offs 1/16 Final,UEMC BALONCESTO VALLADOLID,99,M. OCHI,32.2285,26.7203,False,1,MOVISTAR ESTUDIANTES,True
COPA ESPAÑA,Play-offs 1/16 Final,UEMC BALONCESTO VALLADOLID,10,I. ORDOÑEZ OCHOA,35.8956,50.7937,False,1,MOVISTAR ESTUDIANTES,True
COPA ESPAÑA,Play-offs 1/16 Final,UEMC BALONCESTO VALLADOLID,10,I. ORDOÑEZ OCHOA,15.514799999999994,48.45,True,1,MOVISTAR ESTUDIANTES,True
COPA ESPAÑA,Play-offs 1/16 Final,UEMC BALONCESTO VALLADOLID,12,P. MARTIN MARTIN,16.1495,55.5832,False,1,MOVISTAR ESTUDIANTES,True
COPA ESPAÑA,Play-offs 1/16 Final,UEMC BALONCESTO VALLADOLID,10,I. ORDOÑEZ OCHOA,12.2003,57.2217,False,1,MOVISTAR ESTUDIANTES,True
COPA ESPAÑA,Play-offs 1/16 Final,UEMC BALONCESTO VALLADOLID,10,I. ORDOÑEZ OCHOA,13.2581,54.701,True,1,MOVISTAR ESTUDIANTES,True
COPA ESPAÑA,Play-offs 1/16 Final,UEMC BALONCESTO VALLADOLID,3,I. HANEY,13.328599999999994,46.5594,True,1,MOVISTAR ESTUDIANTES,True
COPA ESPAÑA,Play-offs 1/16 Final,MOVISTAR ESTUDIANTES,11,J. GRANGER,21.3681,53.0624,False,1,UEMC BALONCESTO VALLADOLID,False
COPA ESPAÑA,Play-offs 1/16 Final,MOVISTAR ESTUDIANTES,29,P. GARINO GULLOTTA,36.3893,49.8364,False,1,UEMC BALONCESTO VALLADOLID,False
COPA ESPAÑA,Play-offs 1/16 Final,MOVISTAR ESTUDIANTES,11,J. GRANGER,32.5811,75.2453,True,1,UEMC BALONCESTO VALLADOLID,False
COPA ESPAÑA,Play-offs 1/16 Final,MOVISTAR ESTUDIANTES,51,O. SILVERIO GRULLON,17.4894,71.9683,False,1,UEMC BALONCESTO VALLADOLID,False
COPA ESPAÑA,Play-offs 1/16 Final,MOVISTAR ESTUDIANTES,8,G. FILIPOVIC,14.2454,51.2979,True,1,UEMC BALONCESTO VALLADOLID,False
COPA ESPAÑA,Play-offs 1/16 Final,MOVISTAR ESTUDIANTES,11,J. GRANGER,31.805400000000006,24.5026,False,1,UEMC BALONCESTO VALLADOLID,False
COPA ESPAÑA,Play-offs 1/16 Final,MOVISTAR ESTUDIANTES,11,J. GRANGER,13.610699999999994,47.6938,True,1,UEMC BALONCESTO VALLADOLID,False
COPA ESPAÑA,Play-offs 1/16 Final,MOVISTAR ESTUDIANTES,15,T. MC GREW,13.822299999999998,44.6688,True,1,UEMC BALONCESTO VALLADOLID,False
COPA ESPAÑA,Play-offs 1/16 Final,MOVISTAR ESTUDIANTES,22,J. VAULET,25.1058,89.2357,False,1,UEMC BALONCESTO VALLADOLID,False
COPA ESPAÑA,Play-offs 1/16 Final,MOVISTAR ESTUDIANTES,29,P. GARINO GULLOTTA,22.990099999999998,6.605000000000004,False,1,UEMC BALONCESTO VALLADOLID,False
COPA ESPAÑA,Play-offs 1/16 Final,MOVISTAR ESTUDIANTES,24,L. NWOGBO,13.046499999999995,44.0387,False,1,UEMC BALONCESTO VALLADOLID,False
COPA ESPAÑA,Play-offs 1/16 Final,MOVISTAR ESTUDIANTES,11,J. GRANGER,16.290599999999998,27.527500000000003,False,1,UEMC BALONCESTO VALLADOLID,False
COPA ESPAÑA,Play-offs 1/16 Final,MOVISTAR ESTUDIANTES,29,P. GARINO GULLOTTA,33.35680000000001,29.670199999999994,True,1,UEMC BALONCESTO VALLADOLID,False
COPA ESPAÑA,Play-offs 1/16 Final,MOVISTAR ESTUDIANTES,2,A. BRIMAH,14.598,54.827,False,1,UEMC BALONCESTO VALLADOLID,False
COPA ESPAÑA,Play-offs 1/16 Final,MOVISTAR ESTUDIANTES,24,L. NWOGBO,13.1876,53.3145,True,1,UEMC BALONCESTO VALLADOLID,False
COPA ESPAÑA,Play-offs 1/16 Final,MOVISTAR ESTUDIANTES,9,S. SALIN,35.543000000000006,37.4846,True,1,UEMC BALONCESTO VALLADOLID,False
COPA ESPAÑA,Play-offs 1/16 Final,MOVISTAR ESTUDIANTES,24,L. NWOGBO,13.8928,53.3145,True,1,UEMC BALONCESTO VALLADOLID,False
COPA ESPAÑA,Play-offs 1/16 Final,MOVISTAR ESTUDIANTES,29,P. GARINO GULLOTTA,28.984499999999997,13.915300000000002,True,1,UEMC BALONCESTO VALLADOLID,False
COPA ESPAÑA,Play-offs 1/16 Final,MOVISTAR ESTUDIANTES,51,O. SILVERIO GRULLON,33.0748,69.6996,False,1,UEMC BALONCESTO VALLADOLID,False
COPA ESPAÑA,Play-offs 1/16 Final,MOVISTAR ESTUDIANTES,9,S. SALIN,25.740499999999997,82.7326,False,1,UEMC BALONCESTO VALLADOLID,False
COPA ESPAÑA,Play-offs 1/16 Final,MOVISTAR ESTUDIANTES,51,O. SILVERIO GRULLON,11.142499999999998,22.990099999999998,False,1,UEMC BALONCESTO VALLADOLID,False
COPA ESPAÑA,Play-offs 1/16 Final,MOVISTAR ESTUDIANTES,51,O. SILVERIO GRULLON,16.0085,49.2813,False,1,UEMC BALONCESTO VALLADOLID,False
COPA ESPAÑA,Play-offs 1/16 Final,MOVISTAR ESTUDIANTES,8,G. FILIPOVIC,16.0085,53.0624,False,1,UEMC BALONCESTO VALLADOLID,False
COPA ESPAÑA,Play-offs 1/16 Final,MOVISTAR ESTUDIANTES,9,S. SALIN,32.581100000000006,73.9099,True,1,UEMC BALONCESTO VALLADOLID,False
COPA ESPAÑA,Play-offs 1/16 Final,MOVISTAR ESTUDIANTES,22,J. VAULET,13.4697,56.4655,True,1,UEMC BALONCESTO VALLADOLID,False
COPA ESPAÑA,Play-offs 1/16 Final,MOVISTAR ESTUDIANTES,9,S. SALIN,31.1707,21.1746,False,1,UEMC BALONCESTO VALLADOLID,False
COPA ESPAÑA,Play-offs 1/16 Final,MOVISTAR ESTUDIANTES,8,G. FILIPOVIC,22.567,48.525,False,1,UEMC BALONCESTO VALLADOLID,False
COPA ESPAÑA,Play-offs 1/16 Final,MOVISTAR ESTUDIANTES,9,S. SALIN,29.4076,83.5639,True,1,UEMC BALONCESTO VALLADOLID,False
COPA ESPAÑA,Play-offs 1/16 Final,MOVISTAR ESTUDIANTES,9,S. SALIN,35.543000000000006,42.1481,False,1,UEMC BALONCESTO VALLADOLID,False
COPA ESPAÑA,Play-offs 1/16 Final,MOVISTAR ESTUDIANTES,8,G. FILIPOVIC,29.5487,22.435,False,1,UEMC BALONCESTO VALLADOLID,False
COPA ESPAÑA,Play-offs 1/16 Final,MOVISTAR ESTUDIANTES,11,J. GRANGER,12.975999999999999,44.4168,False,1,UEMC BALONCESTO VALLADOLID,False
COPA ESPAÑA,Play-offs 1/16 Final,MOVISTAR ESTUDIANTES,8,G. FILIPOVIC,15.2327,53.5666,True,1,UEMC BALONCESTO VALLADOLID,False
COPA ESPAÑA,Play-offs 1/16 Final,MOVISTAR ESTUDIANTES,22,J. VAULET,14.245400000000004,45.047,True,1,UEMC BALONCESTO VALLADOLID,False
COPA ESPAÑA,Play-offs 1/16 Final,MOVISTAR ESTUDIANTES,22,J. VAULET,10.860399999999998,42.022,False,1,UEMC BALONCESTO VALLADOLID,False
COPA ESPAÑA,Play-offs 1/16 Final,MOVISTAR ESTUDIANTES,22,J. VAULET,31.1707,23.4433,False,1,UEMC BALONCESTO VALLADOLID,False
COPA ESPAÑA,Play-offs 1/16 Final,MOVISTAR ESTUDIANTES,11,J. GRANGER,33.2863,26.141099999999994,False,1,UEMC BALONCESTO VALLADOLID,False
COPA ESPAÑA,Play-offs 1/16 Final,MOVISTAR ESTUDIANTES,9,S. SALIN,27.1509,86.0847,False,1,UEMC BALONCESTO VALLADOLID,False
COPA ESPAÑA,Play-offs 1/16 Final,MOVISTAR ESTUDIANTES,11,J. GRANGER,13.7518,78.5223,True,1,UEMC BALONCESTO VALLADOLID,False
COPA ESPAÑA,Play-offs 1/16 Final,MOVISTAR ESTUDIANTES,11,J. GRANGER,25.1058,15.8809,False,1,UEMC BALONCESTO VALLADOLID,False
COPA ESPAÑA,Play-offs 1/16 Final,MOVISTAR ESTUDIANTES,8,G. FILIPOVIC,35.8956,35.417,True,1,UEMC BALONCESTO VALLADOLID,False
COPA ESPAÑA,Play-offs 1/16 Final,MOVISTAR ESTUDIANTES,51,O. SILVERIO GRULLON,25.2468,37.3076,False,1,UEMC BALONCESTO VALLADOLID,False
COPA ESPAÑA,Play-offs 1/16 Final,MOVISTAR ESTUDIANTES,22,J. VAULET,15.3032,54.3228,False,1,UEMC BALONCESTO VALLADOLID,False
COPA ESPAÑA,Play-offs 1/16 Final,MOVISTAR ESTUDIANTES,15,T. MC GREW,15.021199999999993,49.5844,False,1,UEMC BALONCESTO VALLADOLID,False
COPA ESPAÑA,Play-offs 1/16 Final,MOVISTAR ESTUDIANTES,1,A. GONZÁLEZ PÉREZ,12.6234,56.3395,False,1,UEMC BALONCESTO VALLADOLID,False
COPA ESPAÑA,Play-offs 1/16 Final,MOVISTAR ESTUDIANTES,29,P. GARINO GULLOTTA,30.394900000000007,76.9348,False,1,UEMC BALONCESTO VALLADOLID,False
COPA ESPAÑA,Play-offs 1/16 Final,MOVISTAR ESTUDIANTES,8,G. FILIPOVIC,23.7659,51.2979,True,1,UEMC BALONCESTO VALLADOLID,False
COPA ESPAÑA,Play-offs 1/16 Final,MOVISTAR ESTUDIANTES,8,G. FILIPOVIC,34.485200000000006,61.0539,True,1,UEMC BALONCESTO VALLADOLID,False
COPA ESPAÑA,Play-offs 1/16 Final,MOVISTAR ESTUDIANTES,11,J. GRANGER,35.1904,57.0207,False,1,UEMC BALONCESTO VALLADOLID,False
COPA ESPAÑA,Play-offs 1/16 Final,MOVISTAR ESTUDIANTES,29,P. GARINO GULLOTTA,32.2285,75.2963,True,1,UEMC BALONCESTO VALLADOLID,False
COPA ESPAÑA,Play-offs 1/16 Final,MOVISTAR ESTUDIANTES,6,L. GIOVANNETTI,30.042299999999997,20.0912,False,1,UEMC BALONCESTO VALLADOLID,False
COPA ESPAÑA,Play-offs 1/16 Final,MOVISTAR ESTUDIANTES,29,P. GARINO GULLOTTA,32.6516,35.0899,True,1,UEMC BALONCESTO VALLADOLID,False
COPA ESPAÑA,Play-offs 1/16 Final,MOVISTAR ESTUDIANTES,51,O. SILVERIO GRULLON,11.0014,78.5223,True,1,UEMC BALONCESTO VALLADOLID,False
COPA ESPAÑA,Play-offs 1/16 Final,MOVISTAR ESTUDIANTES,15,T. MC GREW,35.1904,60.5498,False,1,UEMC BALONCESTO VALLADOLID,False
COPA ESPAÑA,Play-offs 1/16 Final,MOVISTAR ESTUDIANTES,15,T. MC GREW,22.567,48.525,True,1,UEMC BALONCESTO VALLADOLID,False
COPA ESPAÑA,Play-offs 1/16 Final,MOVISTAR ESTUDIANTES,8,G. FILIPOVIC,19.252499999999998,71.5152,False,1,UEMC BALONCESTO VALLADOLID,False
COPA ESPAÑA,Play-offs 1/16 Final,MOVISTAR ESTUDIANTES,22,J. VAULET,16.149500000000003,48.324,True,1,UEMC BALONCESTO VALLADOLID,False
COPA ESPAÑA,Play-offs 1/16 Final,MOVISTAR ESTUDIANTES,51,O. SILVERIO GRULLON,30.6065,76.3797,False,1,UEMC BALONCESTO VALLADOLID,False
COPA ESPAÑA,Play-offs 1/16 Final,MOVISTAR ESTUDIANTES,2,A. BRIMAH,15.5148,48.7771,True,1,UEMC BALONCESTO VALLADOLID,False
COPA ESPAÑA,Play-offs 1/16 Final,MOVISTAR ESTUDIANTES,8,G. FILIPOVIC,35.2609,58.8602,False,1,UEMC BALONCESTO VALLADOLID,False
COPA ESPAÑA,Play-offs 1/16 Final,MOVISTAR ESTUDIANTES,6,L. GIOVANNETTI,14.6685,52.4323,False,1,UEMC BALONCESTO VALLADOLID,False
COPA ESPAÑA,Play-offs 1/16 Final,MOVISTAR ESTUDIANTES,9,S. SALIN,37.0945,73.27969999999999,False,1,UEMC BALONCESTO VALLADOLID,False
COPA ESPAÑA,Play-offs 1/16 Final,MOVISTAR ESTUDIANTES,29,P. GARINO GULLOTTA,31.382199999999997,72.5235,True,1,UEMC BALONCESTO VALLADOLID,False
COPA ESPAÑA,Play-offs 1/16 Final,MOVISTAR ESTUDIANTES,51,O. SILVERIO GRULLON,33.4979,34.2826,False,1,UEMC BALONCESTO VALLADOLID,False
COPA ESPAÑA,Play-offs 1/16 Final,MOVISTAR ESTUDIANTES,24,L. NWOGBO,17.4894,55.3312,True,1,UEMC BALONCESTO VALLADOLID,False
COPA ESPAÑA,Play-offs 1/16 Final,MOVISTAR ESTUDIANTES,11,J. GRANGER,28.561400000000006,80.3379,False,1,UEMC BALONCESTO VALLADOLID,False
COPA ESPAÑA,Play-offs 1/16 Final,MOVISTAR ESTUDIANTES,51,O. SILVERIO GRULLON,35.3315,27.3505,False,1,UEMC BALONCESTO VALLADOLID,False
COPA ESPAÑA,Play-offs 1/16 Final,MOVISTAR ESTUDIANTES,6,L. GIOVANNETTI,32.2285,24.9557,False,1,UEMC BALONCESTO VALLADOLID,False
COPA ESPAÑA,Play-offs 1/16 Final,MOVISTAR ESTUDIANTES,8,G. FILIPOVIC,16.431600000000003,46.1813,False,1,UEMC BALONCESTO VALLADOLID,False
COPA ESPAÑA,Play-offs 1/16 Final,MOVISTAR ESTUDIANTES,51,O. SILVERIO GRULLON,18.547200000000004,51.727,True,1,UEMC BALONCESTO VALLADOLID,False
COPA ESPAÑA,Play-offs 1/16 Final,MOVISTAR ESTUDIANTES,24,L. NWOGBO,14.1044,56.4655,True,1,UEMC BALONCESTO VALLADOLID,False
COPA ESPAÑA,Play-offs 1/16 Final,MOVISTAR ESTUDIANTES,29,P. GARINO GULLOTTA,35.26090000000001,46.4334,False,1,UEMC BALONCESTO VALLADOLID,False
COPA ESPAÑA,Play-offs 1/16 Final,MOVISTAR ESTUDIANTES,24,L. NWOGBO,12.6939,55.9613,True,1,UEMC BALONCESTO VALLADOLID,False
COPA ESPAÑA,Play-offs 1/16 Final,MOVISTAR ESTUDIANTES,11,J. GRANGER,34.9788,39.5763,False,1,UEMC BALONCESTO VALLADOLID,False
COPA ESPAÑA,Play-offs 1/16 Final,FLEXICAR FUENLABRADA,5,A. MURPHY,15.8674,59.4904,False,1,HLA ALICANTE,True
COPA ESPAÑA,Play-offs 1/16 Final,FLEXICAR FUENLABRADA,5,A. MURPHY,30.042299999999997,20.217299999999994,True,1,HLA ALICANTE,True
COPA ESPAÑA,Play-offs 1/16 Final,FLEXICAR FUENLABRADA,15,P. RODRIGUEZ PASCUAL,12.4118,24.376599999999996,False,1,HLA ALICANTE,True
COPA ESPAÑA,Play-offs 1/16 Final,FLEXICAR FUENLABRADA,30,P. RIGOT,32.0169,21.1746,False,1,HLA ALICANTE,True
COPA ESPAÑA,Play-offs 1/16 Final,FLEXICAR FUENLABRADA,5,A. MURPHY,29.6897,20.4183,True,1,HLA ALICANTE,True
COPA ESPAÑA,Play-offs 1/16 Final,FLEXICAR FUENLABRADA,11,D. MANCHON CRESPO,10.5783,50.9198,True,1,HLA ALICANTE,True
COPA ESPAÑA,Play-offs 1/16 Final,FLEXICAR FUENLABRADA,11,D. MANCHON CRESPO,29.830699999999993,17.9486,True,1,HLA ALICANTE,True
COPA ESPAÑA,Play-offs 1/16 Final,FLEXICAR FUENLABRADA,8,V. ALVES BENITE,39.2102,56.3395,True,1,HLA ALICANTE,True
COPA ESPAÑA,Play-offs 1/16 Final,FLEXICAR FUENLABRADA,35,J. BELEMENE-DZABATOU,17.630499999999998,45.173,True,1,HLA ALICANTE,True
COPA ESPAÑA,Play-offs 1/16 Final,FLEXICAR FUENLABRADA,41,L. NIKKARINEN,33.9915,49.9115,False,1,HLA ALICANTE,True
COPA ESPAÑA,Play-offs 1/16 Final,FLEXICAR FUENLABRADA,31,C. MARTIN,10.7193,57.2217,False,1,HLA ALICANTE,True
COPA ESPAÑA,Play-offs 1/16 Final,FLEXICAR FUENLABRADA,8,V. ALVES BENITE,35.825100000000006,71.6412,False,1,HLA ALICANTE,True
COPA ESPAÑA,Play-offs 1/16 Final,FLEXICAR FUENLABRADA,11,D. MANCHON CRESPO,10.225700000000003,36.8544,True,1,HLA ALICANTE,True
COPA ESPAÑA,Play-offs 1/16 Final,FLEXICAR FUENLABRADA,7,M. DIAZ,31.2412,24.7037,True,1,HLA ALICANTE,True
COPA ESPAÑA,Play-offs 1/16 Final,FLEXICAR FUENLABRADA,7,M. DIAZ,29.3371,20.9225,True,1,HLA ALICANTE,True
COPA ESPAÑA,Play-offs 1/16 Final,FLEXICAR FUENLABRADA,11,D. MANCHON CRESPO,15.1622,45.8782,True,1,HLA ALICANTE,True
COPA ESPAÑA,Play-offs 1/16 Final,FLEXICAR FUENLABRADA,7,M. DIAZ,32.5106,68.3132,False,1,HLA ALICANTE,True
COPA ESPAÑA,Play-offs 1/16 Final,FLEXICAR FUENLABRADA,11,D. MANCHON CRESPO,29.689700000000002,82.9847,True,1,HLA ALICANTE,True
COPA ESPAÑA,Play-offs 1/16 Final,FLEXICAR FUENLABRADA,31,C. MARTIN,31.8759,57.5999,False,1,HLA ALICANTE,True
COPA ESPAÑA,Play-offs 1/16 Final,FLEXICAR FUENLABRADA,15,P. RODRIGUEZ PASCUAL,5.85331,4.15929,True,1,HLA ALICANTE,True
COPA ESPAÑA,Play-offs 1/16 Final,FLEXICAR FUENLABRADA,30,P. RIGOT,28.914,80.96809999999999,False,1,HLA ALICANTE,True
COPA ESPAÑA,Play-offs 1/16 Final,FLEXICAR FUENLABRADA,9,B. VIDARTE CANO,19.464,45.173,False,1,HLA ALICANTE,True
COPA ESPAÑA,Play-offs 1/16 Final,FLEXICAR FUENLABRADA,41,L. NIKKARINEN,35.1904,38.568,False,1,HLA ALICANTE,True
COPA ESPAÑA,Play-offs 1/16 Final,FLEXICAR FUENLABRADA,41,L. NIKKARINEN,30.536,80.2119,False,1,HLA ALICANTE,True
COPA ESPAÑA,Play-offs 1/16 Final,FLEXICAR FUENLABRADA,8,V. ALVES BENITE,34.8378,72.1454,True,1,HLA ALICANTE,True
COPA ESPAÑA,Play-offs 1/16 Final,FLEXICAR FUENLABRADA,5,A. MURPHY,27.926699999999997,15.427800000000005,False,1,HLA ALICANTE,True
COPA ESPAÑA,Play-offs 1/16 Final,FLEXICAR FUENLABRADA,31,C. MARTIN,37.5176,55.8863,False,1,HLA ALICANTE,True
COPA ESPAÑA,Play-offs 1/16 Final,FLEXICAR FUENLABRADA,5,A. MURPHY,8.744699999999995,41.2658,True,1,HLA ALICANTE,True
COPA ESPAÑA,Play-offs 1/16 Final,FLEXICAR FUENLABRADA,31,C. MARTIN,12.0592,49.1552,True,1,HLA ALICANTE,True
COPA ESPAÑA,Play-offs 1/16 Final,FLEXICAR FUENLABRADA,11,D. MANCHON CRESPO,34.9788,28.989,True,1,HLA ALICANTE,True
COPA ESPAÑA,Play-offs 1/16 Final,FLEXICAR FUENLABRADA,31,C. MARTIN,27.644599999999997,15.301699999999997,True,1,HLA ALICANTE,True
COPA ESPAÑA,Play-offs 1/16 Final,FLEXICAR FUENLABRADA,11,D. MANCHON CRESPO,36.3893,56.4655,False,1,HLA ALICANTE,True
COPA ESPAÑA,Play-offs 1/16 Final,FLEXICAR FUENLABRADA,35,J. BELEMENE-DZABATOU,31.311700000000002,17.318399999999997,True,1,HLA ALICANTE,True
COPA ESPAÑA,Play-offs 1/16 Final,FLEXICAR FUENLABRADA,35,J. BELEMENE-DZABATOU,30.606499999999997,75.04429999999999,True,1,HLA ALICANTE,True
COPA ESPAÑA,Play-offs 1/16 Final,FLEXICAR FUENLABRADA,7,M. DIAZ,31.9464,76.6318,True,1,HLA ALICANTE,True
COPA ESPAÑA,Play-offs 1/16 Final,FLEXICAR FUENLABRADA,88,J. KASIBABU SHILALA,12.059200000000004,44.5428,False,1,HLA ALICANTE,True
COPA ESPAÑA,Play-offs 1/16 Final,FLEXICAR FUENLABRADA,41,L. NIKKARINEN,38.0818,48.9542,False,1,HLA ALICANTE,True
COPA ESPAÑA,Play-offs 1/16 Final,FLEXICAR FUENLABRADA,88,J. KASIBABU SHILALA,15.9379,51.2979,True,1,HLA ALICANTE,True
COPA ESPAÑA,Play-offs 1/16 Final,FLEXICAR FUENLABRADA,8,V. ALVES BENITE,28.1382,80.791,True,1,HLA ALICANTE,True
COPA ESPAÑA,Play-offs 1/16 Final,FLEXICAR FUENLABRADA,30,P. RIGOT,34.5557,50.9708,True,1,HLA ALICANTE,True
COPA ESPAÑA,Play-offs 1/16 Final,FLEXICAR FUENLABRADA,21,D. STOLBETSKIY,27.8561,17.0153,False,1,HLA ALICANTE,True
COPA ESPAÑA,Play-offs 1/16 Final,FLEXICAR FUENLABRADA,30,P. RIGOT,14.739099999999993,55.3822,False,1,HLA ALICANTE,True
COPA ESPAÑA,Play-offs 1/16 Final,FLEXICAR FUENLABRADA,41,L. NIKKARINEN,30.394900000000007,76.5567,True,1,HLA ALICANTE,True
COPA ESPAÑA,Play-offs 1/16 Final,FLEXICAR FUENLABRADA,11,D. MANCHON CRESPO,36.6714,57.978,False,1,HLA ALICANTE,True
COPA ESPAÑA,Play-offs 1/16 Final,FLEXICAR FUENLABRADA,31,C. MARTIN,7.47532,6.42799,False,1,HLA ALICANTE,True
COPA ESPAÑA,Play-offs 1/16 Final,FLEXICAR FUENLABRADA,31,C. MARTIN,31.946399999999997,70.1287,True,1,HLA ALICANTE,True
COPA ESPAÑA,Play-offs 1/16 Final,FLEXICAR FUENLABRADA,30,P. RIGOT,34.6262,44.6688,False,1,HLA ALICANTE,True
COPA ESPAÑA,Play-offs 1/16 Final,FLEXICAR FUENLABRADA,15,P. RODRIGUEZ PASCUAL,22.990099999999998,33.829499999999996,True,1,HLA ALICANTE,True
COPA ESPAÑA,Play-offs 1/16 Final,FLEXICAR FUENLABRADA,31,C. MARTIN,9.732,50.7187,True,1,HLA ALICANTE,True
COPA ESPAÑA,Play-offs 1/16 Final,FLEXICAR FUENLABRADA,5,A. MURPHY,35.331500000000005,43.1564,True,1,HLA ALICANTE,True
COPA ESPAÑA,Play-offs 1/16 Final,FLEXICAR FUENLABRADA,21,D. STOLBETSKIY,9.379400000000004,92.43766,False,1,HLA ALICANTE,True
COPA ESPAÑA,Play-offs 1/16 Final,FLEXICAR FUENLABRADA,5,A. MURPHY,35.4725,53.6926,True,1,HLA ALICANTE,True
COPA ESPAÑA,Play-offs 1/16 Final,FLEXICAR FUENLABRADA,15,P. RODRIGUEZ PASCUAL,25.528899999999993,78.4473,False,1,HLA ALICANTE,True
COPA ESPAÑA,Play-offs 1/16 Final,FLEXICAR FUENLABRADA,7,M. DIAZ,20.0282,58.3561,False,1,HLA ALICANTE,True
COPA ESPAÑA,Play-offs 1/16 Final,FLEXICAR FUENLABRADA,15,P. RODRIGUEZ PASCUAL,8.3921,50.7937,True,1,HLA ALICANTE,True
COPA ESPAÑA,Play-offs 1/16 Final,FLEXICAR FUENLABRADA,11,D. MANCHON CRESPO,10.860399999999998,78.1952,False,1,HLA ALICANTE,True
COPA ESPAÑA,Play-offs 1/16 Final,FLEXICAR FUENLABRADA,30,P. RIGOT,14.245400000000004,43.9126,True,1,HLA ALICANTE,True
COPA ESPAÑA,Play-offs 1/16 Final,FLEXICAR FUENLABRADA,11,D. MANCHON CRESPO,13.540199999999999,27.023399999999995,False,1,HLA ALICANTE,True
COPA ESPAÑA,Play-offs 1/16 Final,FLEXICAR FUENLABRADA,30,P. RIGOT,9.80254,46.8865,True,1,HLA ALICANTE,True
COPA ESPAÑA,Play-offs 1/16 Final,FLEXICAR FUENLABRADA,35,J. BELEMENE-DZABATOU,15.4443,36.8034,False,1,HLA ALICANTE,True
COPA ESPAÑA,Play-offs 1/16 Final,FLEXICAR FUENLABRADA,5,A. MURPHY,12.129800000000003,4.588399999999993,False,1,HLA ALICANTE,True
COPA ESPAÑA,Play-offs 1/16 Final,FLEXICAR FUENLABRADA,7,M. DIAZ,19.8166,25.0818,False,1,HLA ALICANTE,True
COPA ESPAÑA,Play-offs 1/16 Final,FLEXICAR FUENLABRADA,21,D. STOLBETSKIY,5.43018,61.129,False,1,HLA ALICANTE,True
COPA ESPAÑA,Play-offs 1/16 Final,FLEXICAR FUENLABRADA,15,P. RODRIGUEZ PASCUAL,12.9055,55.4572,True,1,HLA ALICANTE,True
COPA ESPAÑA,Play-offs 1/16 Final,FLEXICAR FUENLABRADA,21,D. STOLBETSKIY,31.0296,21.0485,False,1,HLA ALICANTE,True
COPA ESPAÑA,Play-offs 1/16 Final,FLEXICAR FUENLABRADA,41,L. NIKKARINEN,34.5557,50.9708,False,1,HLA ALICANTE,True
COPA ESPAÑA,Play-offs 1/16 Final,HLA ALICANTE,22,J. WALKER,4.37236,40.5846,False,1,FLEXICAR FUENLABRADA,False
COPA ESPAÑA,Play-offs 1/16 Final,HLA ALICANTE,15,T. RICHARDSON,33.3568,66.9267,False,1,FLEXICAR FUENLABRADA,False
COPA ESPAÑA,Play-offs 1/16 Final,HLA ALICANTE,21,A. JORDA RODRIGUEZ,8.53315,51.4239,False,1,FLEXICAR FUENLABRADA,False
COPA ESPAÑA,Play-offs 1/16 Final,HLA ALICANTE,3,U. MENDICOTE RUBIO,30.677,78.7744,False,1,FLEXICAR FUENLABRADA,False
COPA ESPAÑA,Play-offs 1/16 Final,HLA ALICANTE,24,S. LLORENTE PAZ,32.158,70.0027,True,1,FLEXICAR FUENLABRADA,False
COPA ESPAÑA,Play-offs 1/16 Final,HLA ALICANTE,24,S. LLORENTE PAZ,32.6516,72.2714,False,1,FLEXICAR FUENLABRADA,False
COPA ESPAÑA,Play-offs 1/16 Final,HLA ALICANTE,23,D. GEU,28.7729,13.8643,True,1,FLEXICAR FUENLABRADA,False
COPA ESPAÑA,Play-offs 1/16 Final,HLA ALICANTE,22,J. WALKER,30.6065,84.6983,True,1,FLEXICAR FUENLABRADA,False
COPA ESPAÑA,Play-offs 1/16 Final,HLA ALICANTE,8,J. MWEMA,12.341300000000004,4.840500000000006,False,1,FLEXICAR FUENLABRADA,False
COPA ESPAÑA,Play-offs 1/16 Final,HLA ALICANTE,22,J. WALKER,21.720699999999994,60.6758,False,1,FLEXICAR FUENLABRADA,False
COPA ESPAÑA,Play-offs 1/16 Final,HLA ALICANTE,22,J. WALKER,9.1678,36.6023,True,1,FLEXICAR FUENLABRADA,False
COPA ESPAÑA,Play-offs 1/16 Final,HLA ALICANTE,22,J. WALKER,13.2581,48.1469,False,1,FLEXICAR FUENLABRADA,False
COPA ESPAÑA,Play-offs 1/16 Final,HLA ALICANTE,14,I. TAMBA VILLEN,10.0141,49.0292,True,1,FLEXICAR FUENLABRADA,False
COPA ESPAÑA,Play-offs 1/16 Final,HLA ALICANTE,22,J. WALKER,17.2779,27.7286,True,1,FLEXICAR FUENLABRADA,False
COPA ESPAÑA,Play-offs 1/16 Final,HLA ALICANTE,21,A. JORDA RODRIGUEZ,35.402,41.2148,True,1,FLEXICAR FUENLABRADA,False
COPA ESPAÑA,Play-offs 1/16 Final,HLA ALICANTE,23,D. GEU,7.1932000000000045,6.731099999999998,False,1,FLEXICAR FUENLABRADA,False
COPA ESPAÑA,Play-offs 1/16 Final,HLA ALICANTE,8,J. MWEMA,16.0085,31.5098,True,1,FLEXICAR FUENLABRADA,False
COPA ESPAÑA,Play-offs 1/16 Final,HLA ALICANTE,8,J. MWEMA,35.26090000000001,48.324,False,1,FLEXICAR FUENLABRADA,False
COPA ESPAÑA,Play-offs 1/16 Final,HLA ALICANTE,4,S. CECCARDI,7.757400000000004,40.6356,False,1,FLEXICAR FUENLABRADA,False
COPA ESPAÑA,Play-offs 1/16 Final,HLA ALICANTE,4,S. CECCARDI,15.3738,50.1636,False,1,FLEXICAR FUENLABRADA,False
COPA ESPAÑA,Play-offs 1/16 Final,HLA ALICANTE,3,U. MENDICOTE RUBIO,21.720699999999994,7.3613,False,1,FLEXICAR FUENLABRADA,False
COPA ESPAÑA,Play-offs 1/16 Final,HLA ALICANTE,21,A. JORDA RODRIGUEZ,15.3738,50.6677,True,1,FLEXICAR FUENLABRADA,False
COPA ESPAÑA,Play-offs 1/16 Final,HLA ALICANTE,23,D. GEU,27.503500000000003,15.427800000000005,False,1,FLEXICAR FUENLABRADA,False
COPA ESPAÑA,Play-offs 1/16 Final,HLA ALICANTE,21,A. JORDA RODRIGUEZ,8.03949,95.4116,False,1,FLEXICAR FUENLABRADA,False
COPA ESPAÑA,Play-offs 1/16 Final,HLA ALICANTE,14,I. TAMBA VILLEN,13.2581,48.1469,False,1,FLEXICAR FUENLABRADA,False
COPA ESPAÑA,Play-offs 1/16 Final,HLA ALICANTE,14,I. TAMBA VILLEN,12.6234,54.827,True,1,FLEXICAR FUENLABRADA,False
COPA ESPAÑA,Play-offs 1/16 Final,HLA ALICANTE,13,K. LARSEN,10.507800000000003,21.4777,True,1,FLEXICAR FUENLABRADA,False
COPA ESPAÑA,Play-offs 1/16 Final,HLA ALICANTE,22,J. WALKER,12.764499999999998,36.6023,True,1,FLEXICAR FUENLABRADA,False
COPA ESPAÑA,Play-offs 1/16 Final,HLA ALICANTE,21,A. JORDA RODRIGUEZ,27.6446,20.4183,False,1,FLEXICAR FUENLABRADA,False
COPA ESPAÑA,Play-offs 1/16 Final,HLA ALICANTE,23,D. GEU,12.200299999999999,48.9542,True,1,FLEXICAR FUENLABRADA,False
COPA ESPAÑA,Play-offs 1/16 Final,HLA ALICANTE,22,J. WALKER,34.6262,72.7756,False,1,FLEXICAR FUENLABRADA,False
COPA ESPAÑA,Play-offs 1/16 Final,HLA ALICANTE,8,J. MWEMA,10.296199999999999,92.81577,False,1,FLEXICAR FUENLABRADA,False
COPA ESPAÑA,Play-offs 1/16 Final,HLA ALICANTE,22,J. WALKER,9.097300000000004,36.2242,False,1,FLEXICAR FUENLABRADA,False
COPA ESPAÑA,Play-offs 1/16 Final,HLA ALICANTE,24,S. LLORENTE PAZ,35.1904,72.4725,True,1,FLEXICAR FUENLABRADA,False
COPA ESPAÑA,Play-offs 1/16 Final,HLA ALICANTE,12,B. COULIBALY,8.18054,49.2813,False,1,FLEXICAR FUENLABRADA,False
COPA ESPAÑA,Play-offs 1/16 Final,HLA ALICANTE,4,S. CECCARDI,31.7348,27.4765,True,1,FLEXICAR FUENLABRADA,False
COPA ESPAÑA,Play-offs 1/16 Final,HLA ALICANTE,13,K. LARSEN,16.5021,54.0708,False,1,FLEXICAR FUENLABRADA,False
COPA ESPAÑA,Play-offs 1/16 Final,HLA ALICANTE,21,A. JORDA RODRIGUEZ,8.25106,91.0002,False,1,FLEXICAR FUENLABRADA,False
COPA ESPAÑA,Play-offs 1/16 Final,HLA ALICANTE,13,K. LARSEN,7.5458,62.0622,True,1,FLEXICAR FUENLABRADA,False
COPA ESPAÑA,Play-offs 1/16 Final,HLA ALICANTE,23,D. GEU,12.834999999999994,38.1148,True,1,FLEXICAR FUENLABRADA,False
COPA ESPAÑA,Play-offs 1/16 Final,HLA ALICANTE,8,J. MWEMA,31.1707,24.4516,False,1,FLEXICAR FUENLABRADA,False
COPA ESPAÑA,Play-offs 1/16 Final,HLA ALICANTE,22,J. WALKER,26.868799999999993,78.0692,False,1,FLEXICAR FUENLABRADA,False
COPA ESPAÑA,Play-offs 1/16 Final,HLA ALICANTE,4,S. CECCARDI,35.8956,27.905600000000007,False,1,FLEXICAR FUENLABRADA,False
COPA ESPAÑA,Play-offs 1/16 Final,HLA ALICANTE,13,K. LARSEN,8.603700000000003,46.9376,True,1,FLEXICAR FUENLABRADA,False
COPA ESPAÑA,Play-offs 1/16 Final,HLA ALICANTE,13,K. LARSEN,32.792699999999996,75.4224,False,1,FLEXICAR FUENLABRADA,False
COPA ESPAÑA,Play-offs 1/16 Final,HLA ALICANTE,14,I. TAMBA VILLEN,10.7898,52.8104,True,1,FLEXICAR FUENLABRADA,False
COPA ESPAÑA,Play-offs 1/16 Final,HLA ALICANTE,22,J. WALKER,30.3949,60.2467,False,1,FLEXICAR FUENLABRADA,False
COPA ESPAÑA,Play-offs 1/16 Final,HLA ALICANTE,21,A. JORDA RODRIGUEZ,35.543000000000006,22.611999999999995,False,1,FLEXICAR FUENLABRADA,False
COPA ESPAÑA,Play-offs 1/16 Final,HLA ALICANTE,21,A. JORDA RODRIGUEZ,28.7729,80.665,False,1,FLEXICAR FUENLABRADA,False
COPA ESPAÑA,Play-offs 1/16 Final,HLA ALICANTE,21,A. JORDA RODRIGUEZ,31.4528,20.4183,True,1,FLEXICAR FUENLABRADA,False
COPA ESPAÑA,Play-offs 1/16 Final,HLA ALICANTE,21,A. JORDA RODRIGUEZ,28.4908,18.6538,True,1,FLEXICAR FUENLABRADA,False
COPA ESPAÑA,Play-offs 1/16 Final,HLA ALICANTE,24,S. LLORENTE PAZ,27.3625,91.7564,True,1,FLEXICAR FUENLABRADA,False
COPA ESPAÑA,Play-offs 1/16 Final,HLA ALICANTE,14,I. TAMBA VILLEN,11.354,39.1231,True,1,FLEXICAR FUENLABRADA,False
COPA ESPAÑA,Play-offs 1/16 Final,HLA ALICANTE,23,D. GEU,8.11,41.7699,True,1,FLEXICAR FUENLABRADA,False
COPA ESPAÑA,Play-offs 1/16 Final,HLA ALICANTE,15,T. RICHARDSON,9.52045,54.827,False,1,FLEXICAR FUENLABRADA,False
COPA ESPAÑA,Play-offs 1/16 Final,HLA ALICANTE,15,T. RICHARDSON,33.78,74.036,False,1,FLEXICAR FUENLABRADA,False
COPA ESPAÑA,Play-offs 1/16 Final,HLA ALICANTE,4,S. CECCARDI,37.4471,66.8517,False,1,FLEXICAR FUENLABRADA,False
COPA ESPAÑA,Play-offs 1/16 Final,HLA ALICANTE,24,S. LLORENTE PAZ,31.100099999999998,79.2036,True,1,FLEXICAR FUENLABRADA,False
COPA ESPAÑA,Play-offs 1/16 Final,HLA ALICANTE,24,S. LLORENTE PAZ,32.0874,71.9683,True,1,FLEXICAR FUENLABRADA,False
COPA ESPAÑA,Play-offs 1/16 Final,HLA ALICANTE,4,S. CECCARDI,31.8054,28.8629,False,1,FLEXICAR FUENLABRADA,False
COPA ESPAÑA,Play-offs 1/16 Final,HLA ALICANTE,24,S. LLORENTE PAZ,3.455600000000004,92.31162,False,1,FLEXICAR FUENLABRADA,False
COPA ESPAÑA,Play-offs 1/16 Final,HLA ALICANTE,24,S. LLORENTE PAZ,19.605099999999993,48.324,False,1,FLEXICAR FUENLABRADA,False
COPA ESPAÑA,Play-offs 1/16 Final,HLA ALICANTE,22,J. WALKER,11.4245,52.3062,True,1,FLEXICAR FUENLABRADA,False
COPA ESPAÑA,Play-offs 1/16 Final,HLA ALICANTE,23,D. GEU,9.4499,47.9459,True,1,FLEXICAR FUENLABRADA,False
COPA ESPAÑA,Play-offs 1/16 Final,HLA ALICANTE,4,S. CECCARDI,24.259500000000003,50.5927,False,1,FLEXICAR FUENLABRADA,False
COPA ESPAÑA,Play-offs 1/16 Final,HLA ALICANTE,4,S. CECCARDI,34.2736,72.2714,False,1,FLEXICAR FUENLABRADA,False
COPA ESPAÑA,Play-offs 1/16 Final,HLA ALICANTE,15,T. RICHARDSON,31.6643,79.0265,False,1,FLEXICAR FUENLABRADA,False
COPA ESPAÑA,Play-offs 1/16 Final,HLA ALICANTE,23,D. GEU,8.321600000000004,32.6951,True,1,FLEXICAR FUENLABRADA,False
COPA ESPAÑA,Play-offs 1/16 Final,HLA ALICANTE,15,T. RICHARDSON,33.92100000000001,70.6329,True,1,FLEXICAR FUENLABRADA,False
COPA ESPAÑA,Play-offs 1/16 Final,HESTIA MENORCA,55,A. SOLA IDDRISU,29.6897,12.3518,False,1,LEYMA CORUÑA,True
COPA ESPAÑA,Play-offs 1/16 Final,HESTIA MENORCA,55,A. SOLA IDDRISU,13.258099999999999,38.619,False,1,LEYMA CORUÑA,True
COPA ESPAÑA,Play-offs 1/16 Final,HESTIA MENORCA,23,E. WEMBI,13.399100000000004,55.5082,True,1,LEYMA CORUÑA,True
COPA ESPAÑA,Play-offs 1/16 Final,HESTIA MENORCA,23,E. WEMBI,16.149500000000003,49.9625,False,1,LEYMA CORUÑA,True
COPA ESPAÑA,Play-offs 1/16 Final,HESTIA MENORCA,3,N. GALETTE,10.4372,55.5832,False,1,LEYMA CORUÑA,True
COPA ESPAÑA,Play-offs 1/16 Final,HESTIA MENORCA,11,S. LITTLESON,17.701,33.0222,False,1,LEYMA CORUÑA,True
COPA ESPAÑA,Play-offs 1/16 Final,HESTIA MENORCA,77,V. ARTEAGA GONZALEZ,10.437200000000004,56.5165,True,1,LEYMA CORUÑA,True
COPA ESPAÑA,Play-offs 1/16 Final,HESTIA MENORCA,11,S. LITTLESON,9.1678,28.157700000000006,False,1,LEYMA CORUÑA,True
COPA ESPAÑA,Play-offs 1/16 Final,HESTIA MENORCA,11,S. LITTLESON,19.3935,27.6026,False,1,LEYMA CORUÑA,True
COPA ESPAÑA,Play-offs 1/16 Final,HESTIA MENORCA,0,E. VICEDO AYALA,32.0169,74.237,False,1,LEYMA CORUÑA,True
COPA ESPAÑA,Play-offs 1/16 Final,HESTIA MENORCA,11,S. LITTLESON,19.6756,65.0362,True,1,LEYMA CORUÑA,True
COPA ESPAÑA,Play-offs 1/16 Final,HESTIA MENORCA,1,J. CONE,16.0085,46.8865,False,1,LEYMA CORUÑA,True
COPA ESPAÑA,Play-offs 1/16 Final,HESTIA MENORCA,23,E. WEMBI,10.648799999999994,36.6023,True,1,LEYMA CORUÑA,True
COPA ESPAÑA,Play-offs 1/16 Final,HESTIA MENORCA,0,E. VICEDO AYALA,35.6135,16.688199999999995,True,1,LEYMA CORUÑA,True
COPA ESPAÑA,Play-offs 1/16 Final,HESTIA MENORCA,55,A. SOLA IDDRISU,9.59097,66.6747,False,1,LEYMA CORUÑA,True
COPA ESPAÑA,Play-offs 1/16 Final,HESTIA MENORCA,77,V. ARTEAGA GONZALEZ,11.8477,49.7854,True,1,LEYMA CORUÑA,True
COPA ESPAÑA,Play-offs 1/16 Final,HESTIA MENORCA,77,V. ARTEAGA GONZALEZ,13.3286,42.6012,True,1,LEYMA CORUÑA,True
COPA ESPAÑA,Play-offs 1/16 Final,HESTIA MENORCA,11,S. LITTLESON,14.598,49.9115,False,1,LEYMA CORUÑA,True
COPA ESPAÑA,Play-offs 1/16 Final,HESTIA MENORCA,15,P. MOLINS CALDERON,34.0621,81.4723,True,1,LEYMA CORUÑA,True
COPA ESPAÑA,Play-offs 1/16 Final,HESTIA MENORCA,77,V. ARTEAGA GONZALEZ,13.258099999999999,51.601,False,1,LEYMA CORUÑA,True
COPA ESPAÑA,Play-offs 1/16 Final,HESTIA MENORCA,23,E. WEMBI,17.0663,45.3741,False,1,LEYMA CORUÑA,True
COPA ESPAÑA,Play-offs 1/16 Final,HESTIA MENORCA,1,J. CONE,21.2976,29.115,False,1,LEYMA CORUÑA,True
COPA ESPAÑA,Play-offs 1/16 Final,HESTIA MENORCA,0,E. VICEDO AYALA,32.5106,86.5888,False,1,LEYMA CORUÑA,True
COPA ESPAÑA,Play-offs 1/16 Final,HESTIA MENORCA,23,E. WEMBI,16.4316,62.8935,False,1,LEYMA CORUÑA,True
COPA ESPAÑA,Play-offs 1/16 Final,HESTIA MENORCA,0,E. VICEDO AYALA,26.163600000000002,13.159099999999995,True,1,LEYMA CORUÑA,True
COPA ESPAÑA,Play-offs 1/16 Final,HESTIA MENORCA,7,P. FIGUERAS LOPEZ,38.8575,24.4516,False,1,LEYMA CORUÑA,True
COPA ESPAÑA,Play-offs 1/16 Final,HESTIA MENORCA,55,A. SOLA IDDRISU,11.212999999999994,62.3143,True,1,LEYMA CORUÑA,True
COPA ESPAÑA,Play-offs 1/16 Final,HESTIA MENORCA,77,V. ARTEAGA GONZALEZ,11.424499999999995,47.6938,True,1,LEYMA CORUÑA,True
COPA ESPAÑA,Play-offs 1/16 Final,HESTIA MENORCA,11,S. LITTLESON,25.458399999999997,85.2534,False,1,LEYMA CORUÑA,True
COPA ESPAÑA,Play-offs 1/16 Final,HESTIA MENORCA,13,J. LOBO MARTORELL,14.386499999999998,36.4763,False,1,LEYMA CORUÑA,True
COPA ESPAÑA,Play-offs 1/16 Final,HESTIA MENORCA,77,V. ARTEAGA GONZALEZ,7.4048,45.248,False,1,LEYMA CORUÑA,True
COPA ESPAÑA,Play-offs 1/16 Final,HESTIA MENORCA,11,S. LITTLESON,24.33,53.7437,True,1,LEYMA CORUÑA,True
COPA ESPAÑA,Play-offs 1/16 Final,HESTIA MENORCA,13,J. LOBO MARTORELL,34.696799999999996,78.0692,False,1,LEYMA CORUÑA,True
COPA ESPAÑA,Play-offs 1/16 Final,HESTIA MENORCA,11,S. LITTLESON,15.162199999999999,45.4251,False,1,LEYMA CORUÑA,True
COPA ESPAÑA,Play-offs 1/16 Final,HESTIA MENORCA,1,J. CONE,32.01690000000001,83.993,True,1,LEYMA CORUÑA,True
COPA ESPAÑA,Play-offs 1/16 Final,HESTIA MENORCA,55,A. SOLA IDDRISU,33.0042,14.4195,True,1,LEYMA CORUÑA,True
COPA ESPAÑA,Play-offs 1/16 Final,HESTIA MENORCA,1,J. CONE,33.921,81.7994,False,1,LEYMA CORUÑA,True
COPA ESPAÑA,Play-offs 1/16 Final,HESTIA MENORCA,0,E. VICEDO AYALA,8.46262,39.0721,True,1,LEYMA CORUÑA,True
COPA ESPAÑA,Play-offs 1/16 Final,HESTIA MENORCA,77,V. ARTEAGA GONZALEZ,15.4443,42.8533,True,1,LEYMA CORUÑA,True
COPA ESPAÑA,Play-offs 1/16 Final,HESTIA MENORCA,11,S. LITTLESON,9.026799999999994,65.59129999999999,False,1,LEYMA CORUÑA,True
COPA ESPAÑA,Play-offs 1/16 Final,HESTIA MENORCA,1,J. CONE,33.5684,18.9059,True,1,LEYMA CORUÑA,True
COPA ESPAÑA,Play-offs 1/16 Final,HESTIA MENORCA,55,A. SOLA IDDRISU,32.792699999999996,80.8421,False,1,LEYMA CORUÑA,True
COPA ESPAÑA,Play-offs 1/16 Final,HESTIA MENORCA,77,V. ARTEAGA GONZALEZ,8.251099999999994,39.5012,False,1,LEYMA CORUÑA,True
COPA ESPAÑA,Play-offs 1/16 Final,HESTIA MENORCA,11,S. LITTLESON,13.399100000000004,62.6924,True,1,LEYMA CORUÑA,True
COPA ESPAÑA,Play-offs 1/16 Final,HESTIA MENORCA,11,S. LITTLESON,18.6178,38.82,False,1,LEYMA CORUÑA,True
COPA ESPAÑA,Play-offs 1/16 Final,HESTIA MENORCA,7,P. FIGUERAS LOPEZ,9.80254,36.6774,False,1,LEYMA CORUÑA,True
COPA ESPAÑA,Play-offs 1/16 Final,HESTIA MENORCA,11,S. LITTLESON,37.5882,17.3934,False,1,LEYMA CORUÑA,True
COPA ESPAÑA,Play-offs 1/16 Final,HESTIA MENORCA,1,J. CONE,33.2863,83.4379,True,1,LEYMA CORUÑA,True
COPA ESPAÑA,Play-offs 1/16 Final,HESTIA MENORCA,11,S. LITTLESON,17.0663,37.4336,True,1,LEYMA CORUÑA,True
COPA ESPAÑA,Play-offs 1/16 Final,HESTIA MENORCA,23,E. WEMBI,12.4118,40.8367,True,1,LEYMA CORUÑA,True
COPA ESPAÑA,Play-offs 1/16 Final,HESTIA MENORCA,77,V. ARTEAGA GONZALEZ,14.1044,54.827,False,1,LEYMA CORUÑA,True
COPA ESPAÑA,Play-offs 1/16 Final,HESTIA MENORCA,11,S. LITTLESON,29.1961,9.629999999999995,True,1,LEYMA CORUÑA,True
COPA ESPAÑA,Play-offs 1/16 Final,HESTIA MENORCA,7,P. FIGUERAS LOPEZ,12.834999999999994,45.5511,False,1,LEYMA CORUÑA,True
COPA ESPAÑA,Play-offs 1/16 Final,HESTIA MENORCA,23,E. WEMBI,13.892799999999994,52.3572,True,1,LEYMA CORUÑA,True
COPA ESPAÑA,Play-offs 1/16 Final,HESTIA MENORCA,0,E. VICEDO AYALA,27.715100000000007,21.2256,False,1,LEYMA CORUÑA,True
COPA ESPAÑA,Play-offs 1/16 Final,HESTIA MENORCA,1,J. CONE,33.78,16.259,False,1,LEYMA CORUÑA,True
COPA ESPAÑA,Play-offs 1/16 Final,HESTIA MENORCA,23,E. WEMBI,10.578299999999999,39.3752,True,1,LEYMA CORUÑA,True
COPA ESPAÑA,Play-offs 1/16 Final,HESTIA MENORCA,77,V. ARTEAGA GONZALEZ,9.802499999999995,40.3835,True,1,LEYMA CORUÑA,True
COPA ESPAÑA,Play-offs 1/16 Final,HESTIA MENORCA,13,J. LOBO MARTORELL,37.2355,78.4473,False,1,LEYMA CORUÑA,True
COPA ESPAÑA,Play-offs 1/16 Final,HESTIA MENORCA,11,S. LITTLESON,23.272199999999998,90.79915,False,1,LEYMA CORUÑA,True
COPA ESPAÑA,Play-offs 1/16 Final,HESTIA MENORCA,1,J. CONE,15.937899999999999,46.4334,False,1,LEYMA CORUÑA,True
COPA ESPAÑA,Play-offs 1/16 Final,HESTIA MENORCA,0,E. VICEDO AYALA,32.7927,13.9903,True,1,LEYMA CORUÑA,True
COPA ESPAÑA,Play-offs 1/16 Final,HESTIA MENORCA,11,S. LITTLESON,29.9718,85.5055,False,1,LEYMA CORUÑA,True
COPA ESPAÑA,Play-offs 1/16 Final,HESTIA MENORCA,11,S. LITTLESON,8.18054,48.6511,False,1,LEYMA CORUÑA,True
COPA ESPAÑA,Play-offs 1/16 Final,HESTIA MENORCA,77,V. ARTEAGA GONZALEZ,13.751800000000003,51.727,True,1,LEYMA CORUÑA,True
COPA ESPAÑA,Play-offs 1/16 Final,HESTIA MENORCA,11,S. LITTLESON,32.158,78.5223,False,1,LEYMA CORUÑA,True
COPA ESPAÑA,Play-offs 1/16 Final,HESTIA MENORCA,1,J. CONE,35.4725,15.6288,False,1,LEYMA CORUÑA,True
COPA ESPAÑA,Play-offs 1/16 Final,HESTIA MENORCA,1,J. CONE,21.8618,46.1303,False,1,LEYMA CORUÑA,True
COPA ESPAÑA,Play-offs 1/16 Final,LEYMA CORUÑA,0,D. CUEVAS SIMARRO,32.0169,80.0348,False,1,HESTIA MENORCA,False
COPA ESPAÑA,Play-offs 1/16 Final,LEYMA CORUÑA,21,I. DIOP GAYE,13.7518,32.14,False,1,HESTIA MENORCA,False
COPA ESPAÑA,Play-offs 1/16 Final,LEYMA CORUÑA,13,D. BRNOVIC,28.914,87.144,False,1,HESTIA MENORCA,False
COPA ESPAÑA,Play-offs 1/16 Final,LEYMA CORUÑA,50,J. DIAZ ALEJANO,36.1777,30.3754,False,1,HESTIA MENORCA,False
COPA ESPAÑA,Play-offs 1/16 Final,LEYMA CORUÑA,22,C. VARELA ROMERO,34.9788,20.4183,False,1,HESTIA MENORCA,False
COPA ESPAÑA,Play-offs 1/16 Final,LEYMA CORUÑA,44,A. THIAM,19.111400000000003,64.457,True,1,HESTIA MENORCA,False
COPA ESPAÑA,Play-offs 1/16 Final,LEYMA CORUÑA,0,D. CUEVAS SIMARRO,15.091700000000003,53.8697,True,1,HESTIA MENORCA,False
COPA ESPAÑA,Play-offs 1/16 Final,LEYMA CORUÑA,0,D. CUEVAS SIMARRO,31.1001,27.0984,False,1,HESTIA MENORCA,False
COPA ESPAÑA,Play-offs 1/16 Final,LEYMA CORUÑA,5,G. JOU COLL,30.394900000000007,85.2534,True,1,HESTIA MENORCA,False
COPA ESPAÑA,Play-offs 1/16 Final,LEYMA CORUÑA,6,M. BRAZ,11.354,36.5513,False,1,HESTIA MENORCA,False
COPA ESPAÑA,Play-offs 1/16 Final,LEYMA CORUÑA,4,P. JORGENSEN,33.35680000000001,17.0663,False,1,HESTIA MENORCA,False
COPA ESPAÑA,Play-offs 1/16 Final,LEYMA CORUÑA,4,P. JORGENSEN,20.662899999999993,64.9611,True,1,HESTIA MENORCA,False
COPA ESPAÑA,Play-offs 1/16 Final,LEYMA CORUÑA,50,J. DIAZ ALEJANO,20.0282,57.5248,False,1,HESTIA MENORCA,False
COPA ESPAÑA,Play-offs 1/16 Final,LEYMA CORUÑA,0,D. CUEVAS SIMARRO,9.37941,56.9697,True,1,HESTIA MENORCA,False
COPA ESPAÑA,Play-offs 1/16 Final,LEYMA CORUÑA,50,J. DIAZ ALEJANO,9.80254,61.0029,True,1,HESTIA MENORCA,False
COPA ESPAÑA,Play-offs 1/16 Final,LEYMA CORUÑA,5,G. JOU COLL,31.664299999999997,82.10249999999999,True,1,HESTIA MENORCA,False
COPA ESPAÑA,Play-offs 1/16 Final,LEYMA CORUÑA,13,D. BRNOVIC,41.89,52.4833,False,1,HESTIA MENORCA,False
COPA ESPAÑA,Play-offs 1/16 Final,LEYMA CORUÑA,5,G. JOU COLL,12.5529,59.1123,False,1,HESTIA MENORCA,False
COPA ESPAÑA,Play-offs 1/16 Final,LEYMA CORUÑA,44,A. THIAM,13.822299999999998,59.9196,True,1,HESTIA MENORCA,False
COPA ESPAÑA,Play-offs 1/16 Final,LEYMA CORUÑA,0,D. CUEVAS SIMARRO,37.7997,67.9861,True,1,HESTIA MENORCA,False
COPA ESPAÑA,Play-offs 1/16 Final,LEYMA CORUÑA,5,G. JOU COLL,28.420299999999997,85.2534,True,1,HESTIA MENORCA,False
COPA ESPAÑA,Play-offs 1/16 Final,LEYMA CORUÑA,21,I. DIOP GAYE,12.623400000000004,43.2824,False,1,HESTIA MENORCA,False
COPA ESPAÑA,Play-offs 1/16 Final,LEYMA CORUÑA,44,A. THIAM,8.603700000000003,39.5012,True,1,HESTIA MENORCA,False
COPA ESPAÑA,Play-offs 1/16 Final,LEYMA CORUÑA,4,P. JORGENSEN,31.734800000000007,74.4141,False,1,HESTIA MENORCA,False
COPA ESPAÑA,Play-offs 1/16 Final,LEYMA CORUÑA,13,D. BRNOVIC,8.60367,58.6082,True,1,HESTIA MENORCA,False
COPA ESPAÑA,Play-offs 1/16 Final,LEYMA CORUÑA,5,G. JOU COLL,33.2158,86.1357,False,1,HESTIA MENORCA,False
COPA ESPAÑA,Play-offs 1/16 Final,LEYMA CORUÑA,0,D. CUEVAS SIMARRO,34.2031,82.0514,False,1,HESTIA MENORCA,False
COPA ESPAÑA,Play-offs 1/16 Final,LEYMA CORUÑA,0,D. CUEVAS SIMARRO,4.93653,56.9697,False,1,HESTIA MENORCA,False
COPA ESPAÑA,Play-offs 1/16 Final,LEYMA CORUÑA,21,I. DIOP GAYE,11.212999999999994,42.2741,False,1,HESTIA MENORCA,False
COPA ESPAÑA,Play-offs 1/16 Final,LEYMA CORUÑA,5,G. JOU COLL,28.561400000000006,85.1274,False,1,HESTIA MENORCA,False
COPA ESPAÑA,Play-offs 1/16 Final,LEYMA CORUÑA,4,P. JORGENSEN,35.9662,43.7866,True,1,HESTIA MENORCA,False
COPA ESPAÑA,Play-offs 1/16 Final,LEYMA CORUÑA,13,D. BRNOVIC,30.1834,89.8659,True,1,HESTIA MENORCA,False
COPA ESPAÑA,Play-offs 1/16 Final,LEYMA CORUÑA,0,D. CUEVAS SIMARRO,38.0818,73.0276,False,1,HESTIA MENORCA,False
COPA ESPAÑA,Play-offs 1/16 Final,LEYMA CORUÑA,5,G. JOU COLL,36.4598,76.9348,False,1,HESTIA MENORCA,False
COPA ESPAÑA,Play-offs 1/16 Final,LEYMA CORUÑA,24,J. CREMO,16.9252,52.8104,True,1,HESTIA MENORCA,False
COPA ESPAÑA,Play-offs 1/16 Final,LEYMA CORUÑA,0,D. CUEVAS SIMARRO,31.1001,22.8131,True,1,HESTIA MENORCA,False
COPA ESPAÑA,Play-offs 1/16 Final,LEYMA CORUÑA,0,D. CUEVAS SIMARRO,8.18054,38.1898,True,1,HESTIA MENORCA,False
COPA ESPAÑA,Play-offs 1/16 Final,LEYMA CORUÑA,44,A. THIAM,21.932299999999998,58.2811,False,1,HESTIA MENORCA,False
COPA ESPAÑA,Play-offs 1/16 Final,LEYMA CORUÑA,44,A. THIAM,7.26375,50.7937,False,1,HESTIA MENORCA,False
COPA ESPAÑA,Play-offs 1/16 Final,LEYMA CORUÑA,44,A. THIAM,7.5458,57.0207,True,1,HESTIA MENORCA,False
COPA ESPAÑA,Play-offs 1/16 Final,LEYMA CORUÑA,24,J. CREMO,33.3568,20.4183,True,1,HESTIA MENORCA,False
COPA ESPAÑA,Play-offs 1/16 Final,LEYMA CORUÑA,50,J. DIAZ ALEJANO,28.3498,21.0485,False,1,HESTIA MENORCA,False
COPA ESPAÑA,Play-offs 1/16 Final,LEYMA CORUÑA,44,A. THIAM,24.400599999999997,59.9196,False,1,HESTIA MENORCA,False
COPA ESPAÑA,Play-offs 1/16 Final,LEYMA CORUÑA,22,C. VARELA ROMERO,18.758799999999994,50.5927,False,1,HESTIA MENORCA,False
COPA ESPAÑA,Play-offs 1/16 Final,LEYMA CORUÑA,4,P. JORGENSEN,30.888599999999997,83.4889,False,1,HESTIA MENORCA,False
COPA ESPAÑA,Play-offs 1/16 Final,LEYMA CORUÑA,0,D. CUEVAS SIMARRO,32.2285,79.0265,False,1,HESTIA MENORCA,False
COPA ESPAÑA,Play-offs 1/16 Final,LEYMA CORUÑA,5,G. JOU COLL,33.6389,33.1483,False,1,HESTIA MENORCA,False
COPA ESPAÑA,Play-offs 1/16 Final,LEYMA CORUÑA,13,D. BRNOVIC,6.62906,54.1968,True,1,HESTIA MENORCA,False
COPA ESPAÑA,Play-offs 1/16 Final,LEYMA CORUÑA,0,D. CUEVAS SIMARRO,13.751800000000003,58.2811,True,1,HESTIA MENORCA,False
COPA ESPAÑA,Play-offs 1/16 Final,LEYMA CORUÑA,21,I. DIOP GAYE,20.4513,61.5071,False,1,HESTIA MENORCA,False
COPA ESPAÑA,Play-offs 1/16 Final,LEYMA CORUÑA,24,J. CREMO,33.4274,85.9586,False,1,HESTIA MENORCA,False
COPA ESPAÑA,Play-offs 1/16 Final,LEYMA CORUÑA,0,D. CUEVAS SIMARRO,30.888599999999997,81.7243,False,1,HESTIA MENORCA,False
COPA ESPAÑA,Play-offs 1/16 Final,LEYMA CORUÑA,13,D. BRNOVIC,30.536,19.1579,False,1,HESTIA MENORCA,False
COPA ESPAÑA,Play-offs 1/16 Final,LEYMA CORUÑA,21,I. DIOP GAYE,16.7842,52.7353,False,1,HESTIA MENORCA,False
COPA ESPAÑA,Play-offs 1/16 Final,LEYMA CORUÑA,50,J. DIAZ ALEJANO,9.308899999999994,62.5664,True,1,HESTIA MENORCA,False
COPA ESPAÑA,Play-offs 1/16 Final,LEYMA CORUÑA,4,P. JORGENSEN,11.212999999999994,36.3503,False,1,HESTIA MENORCA,False
COPA ESPAÑA,Play-offs 1/16 Final,LEYMA CORUÑA,4,P. JORGENSEN,28.9845,18.9059,False,1,HESTIA MENORCA,False
COPA ESPAÑA,Play-offs 1/16 Final,LEYMA CORUÑA,4,P. JORGENSEN,36.7419,24.0735,False,1,HESTIA MENORCA,False
COPA ESPAÑA,Play-offs 1/16 Final,LEYMA CORUÑA,24,J. CREMO,33.8505,17.5194,False,1,HESTIA MENORCA,False
COPA ESPAÑA,Play-offs 1/16 Final,LEYMA CORUÑA,4,P. JORGENSEN,11.636099999999999,56.2644,True,1,HESTIA MENORCA,False
COPA ESPAÑA,Play-offs 1/16 Final,LEYMA CORUÑA,44,A. THIAM,22.2849,41.3408,True,1,HESTIA MENORCA,False
COPA ESPAÑA,Play-offs 1/16 Final,LEYMA CORUÑA,50,J. DIAZ ALEJANO,30.1834,87.3451,True,1,HESTIA MENORCA,False
COPA ESPAÑA,Play-offs 1/16 Final,LEYMA CORUÑA,4,P. JORGENSEN,33.921,82.9337,False,1,HESTIA MENORCA,False
COPA ESPAÑA,Play-offs 1/16 Final,LEYMA CORUÑA,0,D. CUEVAS SIMARRO,29.3371,78.2703,True,1,HESTIA MENORCA,False
COPA ESPAÑA,Play-offs 1/16 Final,LEYMA CORUÑA,24,J. CREMO,11.2835,53.4406,True,1,HESTIA MENORCA,False
COPA ESPAÑA,Play-offs 1/16 Final,CLASS BASQUET SANT ANTONI,32,J. SOLARIN,31.734800000000007,67.4819,True,1,GRUPO ALEGA CANTABRIA,True
COPA ESPAÑA,Play-offs 1/16 Final,CLASS BASQUET SANT ANTONI,4,G. BLAT BAEZA,19.252499999999998,52.1052,True,1,GRUPO ALEGA CANTABRIA,True
COPA ESPAÑA,Play-offs 1/16 Final,CLASS BASQUET SANT ANTONI,19,S. PAZ VAZQUEZ,13.3992,40.4585,True,1,GRUPO ALEGA CANTABRIA,True
COPA ESPAÑA,Play-offs 1/16 Final,CLASS BASQUET SANT ANTONI,32,J. SOLARIN,9.379400000000004,53.1135,False,1,GRUPO ALEGA CANTABRIA,True
COPA ESPAÑA,Play-offs 1/16 Final,CLASS BASQUET SANT ANTONI,10,D. DE LA RUA DE AGUSTIN,32.5811,51.1719,False,1,GRUPO ALEGA CANTABRIA,True
COPA ESPAÑA,Play-offs 1/16 Final,CLASS BASQUET SANT ANTONI,17,E. STOILOV,10.5078,54.1968,True,1,GRUPO ALEGA CANTABRIA,True
COPA ESPAÑA,Play-offs 1/16 Final,CLASS BASQUET SANT ANTONI,4,G. BLAT BAEZA,12.905500000000004,50.3406,False,1,GRUPO ALEGA CANTABRIA,True
COPA ESPAÑA,Play-offs 1/16 Final,CLASS BASQUET SANT ANTONI,10,D. DE LA RUA DE AGUSTIN,7.61636,50.6677,False,1,GRUPO ALEGA CANTABRIA,True
COPA ESPAÑA,Play-offs 1/16 Final,CLASS BASQUET SANT ANTONI,10,D. DE LA RUA DE AGUSTIN,10.7898,50.0885,True,1,GRUPO ALEGA CANTABRIA,True
COPA ESPAÑA,Play-offs 1/16 Final,CLASS BASQUET SANT ANTONI,14,R. GOMEZ BARRAL,29.4076,71.4642,True,1,GRUPO ALEGA CANTABRIA,True
COPA ESPAÑA,Play-offs 1/16 Final,CLASS BASQUET SANT ANTONI,2,G. GANTT,28.914,76.3797,True,1,GRUPO ALEGA CANTABRIA,True
COPA ESPAÑA,Play-offs 1/16 Final,CLASS BASQUET SANT ANTONI,14,R. GOMEZ BARRAL,27.644599999999997,80.71600000000001,False,1,GRUPO ALEGA CANTABRIA,True
COPA ESPAÑA,Play-offs 1/16 Final,CLASS BASQUET SANT ANTONI,5,K. JOHNSON,7.54584,51.9281,True,1,GRUPO ALEGA CANTABRIA,True
COPA ESPAÑA,Play-offs 1/16 Final,CLASS BASQUET SANT ANTONI,10,D. DE LA RUA DE AGUSTIN,33.5684,61.7591,False,1,GRUPO ALEGA CANTABRIA,True
COPA ESPAÑA,Play-offs 1/16 Final,CLASS BASQUET SANT ANTONI,17,E. STOILOV,6.981700000000004,51.9791,True,1,GRUPO ALEGA CANTABRIA,True
COPA ESPAÑA,Play-offs 1/16 Final,CLASS BASQUET SANT ANTONI,19,S. PAZ VAZQUEZ,32.158,29.4931,False,1,GRUPO ALEGA CANTABRIA,True
COPA ESPAÑA,Play-offs 1/16 Final,CLASS BASQUET SANT ANTONI,17,E. STOILOV,7.61636,50.6677,True,1,GRUPO ALEGA CANTABRIA,True
COPA ESPAÑA,Play-offs 1/16 Final,CLASS BASQUET SANT ANTONI,32,J. SOLARIN,7.334299999999999,51.601,True,1,GRUPO ALEGA CANTABRIA,True
COPA ESPAÑA,Play-offs 1/16 Final,CLASS BASQUET SANT ANTONI,5,K. JOHNSON,31.029600000000002,76.5567,False,1,GRUPO ALEGA CANTABRIA,True
COPA ESPAÑA,Play-offs 1/16 Final,CLASS BASQUET SANT ANTONI,5,K. JOHNSON,5.077600000000004,51.8531,True,1,GRUPO ALEGA CANTABRIA,True
COPA ESPAÑA,Play-offs 1/16 Final,CLASS BASQUET SANT ANTONI,4,G. BLAT BAEZA,29.9013,82.3035,False,1,GRUPO ALEGA CANTABRIA,True
COPA ESPAÑA,Play-offs 1/16 Final,CLASS BASQUET SANT ANTONI,4,G. BLAT BAEZA,26.5867,83.816,True,1,GRUPO ALEGA CANTABRIA,True
COPA ESPAÑA,Play-offs 1/16 Final,CLASS BASQUET SANT ANTONI,32,J. SOLARIN,34.7673,70.3298,False,1,GRUPO ALEGA CANTABRIA,True
COPA ESPAÑA,Play-offs 1/16 Final,CLASS BASQUET SANT ANTONI,5,K. JOHNSON,8.88575,51.8021,True,1,GRUPO ALEGA CANTABRIA,True
COPA ESPAÑA,Play-offs 1/16 Final,CLASS BASQUET SANT ANTONI,20,N. ZIZIC,8.11,50.0885,True,1,GRUPO ALEGA CANTABRIA,True
COPA ESPAÑA,Play-offs 1/16 Final,CLASS BASQUET SANT ANTONI,5,K. JOHNSON,32.158,27.779600000000002,False,1,GRUPO ALEGA CANTABRIA,True
COPA ESPAÑA,Play-offs 1/16 Final,CLASS BASQUET SANT ANTONI,20,N. ZIZIC,7.898399999999995,50.3406,True,1,GRUPO ALEGA CANTABRIA,True
COPA ESPAÑA,Play-offs 1/16 Final,CLASS BASQUET SANT ANTONI,5,K. JOHNSON,9.59097,49.1552,True,1,GRUPO ALEGA CANTABRIA,True
COPA ESPAÑA,Play-offs 1/16 Final,CLASS BASQUET SANT ANTONI,5,K. JOHNSON,8.53315,51.9281,True,1,GRUPO ALEGA CANTABRIA,True
COPA ESPAÑA,Play-offs 1/16 Final,CLASS BASQUET SANT ANTONI,10,D. DE LA RUA DE AGUSTIN,10.6488,49.1552,False,1,GRUPO ALEGA CANTABRIA,True
COPA ESPAÑA,Play-offs 1/16 Final,CLASS BASQUET SANT ANTONI,14,R. GOMEZ BARRAL,32.6516,40.8877,False,1,GRUPO ALEGA CANTABRIA,True
COPA ESPAÑA,Play-offs 1/16 Final,CLASS BASQUET SANT ANTONI,17,E. STOILOV,6.840599999999995,53.1135,True,1,GRUPO ALEGA CANTABRIA,True
COPA ESPAÑA,Play-offs 1/16 Final,CLASS BASQUET SANT ANTONI,19,S. PAZ VAZQUEZ,30.1834,71.2121,False,1,GRUPO ALEGA CANTABRIA,True
COPA ESPAÑA,Play-offs 1/16 Final,CLASS BASQUET SANT ANTONI,14,R. GOMEZ BARRAL,33.0748,53.3145,True,1,GRUPO ALEGA CANTABRIA,True
COPA ESPAÑA,Play-offs 1/16 Final,CLASS BASQUET SANT ANTONI,17,E. STOILOV,13.1171,49.9115,True,1,GRUPO ALEGA CANTABRIA,True
COPA ESPAÑA,Play-offs 1/16 Final,CLASS BASQUET SANT ANTONI,5,K. JOHNSON,30.3949,71.3381,True,1,GRUPO ALEGA CANTABRIA,True
COPA ESPAÑA,Play-offs 1/16 Final,CLASS BASQUET SANT ANTONI,10,D. DE LA RUA DE AGUSTIN,10.2257,53.5666,False,1,GRUPO ALEGA CANTABRIA,True
COPA ESPAÑA,Play-offs 1/16 Final,CLASS BASQUET SANT ANTONI,32,J. SOLARIN,8.67419,51.0458,True,1,GRUPO ALEGA CANTABRIA,True
COPA ESPAÑA,Play-offs 1/16 Final,CLASS BASQUET SANT ANTONI,2,G. GANTT,26.375200000000007,16.436099999999996,False,1,GRUPO ALEGA CANTABRIA,True
COPA ESPAÑA,Play-offs 1/16 Final,CLASS BASQUET SANT ANTONI,4,G. BLAT BAEZA,31.3117,16.8892,False,1,GRUPO ALEGA CANTABRIA,True
COPA ESPAÑA,Play-offs 1/16 Final,CLASS BASQUET SANT ANTONI,20,N. ZIZIC,9.873099999999994,50.3406,True,1,GRUPO ALEGA CANTABRIA,True
COPA ESPAÑA,Play-offs 1/16 Final,CLASS BASQUET SANT ANTONI,19,S. PAZ VAZQUEZ,9.732,46.6855,False,1,GRUPO ALEGA CANTABRIA,True
COPA ESPAÑA,Play-offs 1/16 Final,CLASS BASQUET SANT ANTONI,17,E. STOILOV,7.96897,51.4239,True,1,GRUPO ALEGA CANTABRIA,True
COPA ESPAÑA,Play-offs 1/16 Final,CLASS BASQUET SANT ANTONI,5,K. JOHNSON,13.328599999999994,58.6592,False,1,GRUPO ALEGA CANTABRIA,True
COPA ESPAÑA,Play-offs 1/16 Final,CLASS BASQUET SANT ANTONI,10,D. DE LA RUA DE AGUSTIN,10.366699999999994,53.1135,True,1,GRUPO ALEGA CANTABRIA,True
COPA ESPAÑA,Play-offs 1/16 Final,CLASS BASQUET SANT ANTONI,4,G. BLAT BAEZA,43.9351,70.3298,False,1,GRUPO ALEGA CANTABRIA,True
COPA ESPAÑA,Play-offs 1/16 Final,CLASS BASQUET SANT ANTONI,5,K. JOHNSON,6.981700000000004,42.9043,True,1,GRUPO ALEGA CANTABRIA,True
COPA ESPAÑA,Play-offs 1/16 Final,CLASS BASQUET SANT ANTONI,5,K. JOHNSON,34.5557,55.4572,False,1,GRUPO ALEGA CANTABRIA,True
COPA ESPAÑA,Play-offs 1/16 Final,CLASS BASQUET SANT ANTONI,5,K. JOHNSON,7.33427,52.4323,True,1,GRUPO ALEGA CANTABRIA,True
COPA ESPAÑA,Play-offs 1/16 Final,CLASS BASQUET SANT ANTONI,19,S. PAZ VAZQUEZ,30.747500000000002,73.1537,False,1,GRUPO ALEGA CANTABRIA,True
COPA ESPAÑA,Play-offs 1/16 Final,CLASS BASQUET SANT ANTONI,17,E. STOILOV,9.097300000000004,51.3489,False,1,GRUPO ALEGA CANTABRIA,True
COPA ESPAÑA,Play-offs 1/16 Final,CLASS BASQUET SANT ANTONI,4,G. BLAT BAEZA,5.1480999999999995,46.9376,True,1,GRUPO ALEGA CANTABRIA,True
COPA ESPAÑA,Play-offs 1/16 Final,CLASS BASQUET SANT ANTONI,2,G. GANTT,33.4979,46.1813,False,1,GRUPO ALEGA CANTABRIA,True
COPA ESPAÑA,Play-offs 1/16 Final,CLASS BASQUET SANT ANTONI,5,K. JOHNSON,8.321600000000004,44.9209,True,1,GRUPO ALEGA CANTABRIA,True
COPA ESPAÑA,Play-offs 1/16 Final,CLASS BASQUET SANT ANTONI,32,J. SOLARIN,5.9238,46.8115,True,1,GRUPO ALEGA CANTABRIA,True
COPA ESPAÑA,Play-offs 1/16 Final,CLASS BASQUET SANT ANTONI,14,R. GOMEZ BARRAL,7.26375,50.5417,True,1,GRUPO ALEGA CANTABRIA,True
COPA ESPAÑA,Play-offs 1/16 Final,CLASS BASQUET SANT ANTONI,9,J. RODRIGUEZ JIMENEZ,7.968999999999994,54.2478,False,1,GRUPO ALEGA CANTABRIA,True
COPA ESPAÑA,Play-offs 1/16 Final,CLASS BASQUET SANT ANTONI,20,N. ZIZIC,8.321600000000004,47.3157,True,1,GRUPO ALEGA CANTABRIA,True
COPA ESPAÑA,Play-offs 1/16 Final,CLASS BASQUET SANT ANTONI,17,E. STOILOV,10.6488,49.1552,False,1,GRUPO ALEGA CANTABRIA,True
COPA ESPAÑA,Play-offs 1/16 Final,CLASS BASQUET SANT ANTONI,10,D. DE LA RUA DE AGUSTIN,19.322999999999993,77.439,True,1,GRUPO ALEGA CANTABRIA,True
COPA ESPAÑA,Play-offs 1/16 Final,CLASS BASQUET SANT ANTONI,14,R. GOMEZ BARRAL,31.241200000000006,20.847499999999997,True,1,GRUPO ALEGA CANTABRIA,True
COPA ESPAÑA,Play-offs 1/16 Final,CLASS BASQUET SANT ANTONI,20,N. ZIZIC,14.3865,45.3741,True,1,GRUPO ALEGA CANTABRIA,True
COPA ESPAÑA,Play-offs 1/16 Final,CLASS BASQUET SANT ANTONI,10,D. DE LA RUA DE AGUSTIN,33.2158,23.8214,True,1,GRUPO ALEGA CANTABRIA,True
COPA ESPAÑA,Play-offs 1/16 Final,CLASS BASQUET SANT ANTONI,9,J. RODRIGUEZ JIMENEZ,12.835,58.104,True,1,GRUPO ALEGA CANTABRIA,True
COPA ESPAÑA,Play-offs 1/16 Final,GRUPO ALEGA CANTABRIA,2,J. POWELL,31.3822,69.6996,True,1,CLASS BASQUET SANT ANTONI,False
COPA ESPAÑA,Play-offs 1/16 Final,GRUPO ALEGA CANTABRIA,24,J. PEREZ PEREZ,8.18054,53.5666,True,1,CLASS BASQUET SANT ANTONI,False
COPA ESPAÑA,Play-offs 1/16 Final,GRUPO ALEGA CANTABRIA,34,G. KANDE KIELI,10.6488,49.1552,False,1,CLASS BASQUET SANT ANTONI,False
COPA ESPAÑA,Play-offs 1/16 Final,GRUPO ALEGA CANTABRIA,2,J. POWELL,7.475300000000004,48.45,True,1,CLASS BASQUET SANT ANTONI,False
COPA ESPAÑA,Play-offs 1/16 Final,GRUPO ALEGA CANTABRIA,8,S. RODRÍGUEZ RAMOS,32.6516,28.6109,False,1,CLASS BASQUET SANT ANTONI,False
COPA ESPAÑA,Play-offs 1/16 Final,GRUPO ALEGA CANTABRIA,8,S. RODRÍGUEZ RAMOS,25.4584,85.9586,True,1,CLASS BASQUET SANT ANTONI,False
COPA ESPAÑA,Play-offs 1/16 Final,GRUPO ALEGA CANTABRIA,8,S. RODRÍGUEZ RAMOS,17.9831,40.5846,False,1,CLASS BASQUET SANT ANTONI,False
COPA ESPAÑA,Play-offs 1/16 Final,GRUPO ALEGA CANTABRIA,24,J. PEREZ PEREZ,8.462599999999995,57.9029,False,1,CLASS BASQUET SANT ANTONI,False
COPA ESPAÑA,Play-offs 1/16 Final,GRUPO ALEGA CANTABRIA,24,J. PEREZ PEREZ,30.3244,76.2536,False,1,CLASS BASQUET SANT ANTONI,False
COPA ESPAÑA,Play-offs 1/16 Final,GRUPO ALEGA CANTABRIA,32,R. JOHNSON JR,12.270799999999994,50.9708,True,1,CLASS BASQUET SANT ANTONI,False
COPA ESPAÑA,Play-offs 1/16 Final,GRUPO ALEGA CANTABRIA,8,S. RODRÍGUEZ RAMOS,23.8364,89.1096,True,1,CLASS BASQUET SANT ANTONI,False
COPA ESPAÑA,Play-offs 1/16 Final,GRUPO ALEGA CANTABRIA,32,R. JOHNSON JR,17.842,22.561,False,1,CLASS BASQUET SANT ANTONI,False
COPA ESPAÑA,Play-offs 1/16 Final,GRUPO ALEGA CANTABRIA,32,R. JOHNSON JR,32.01690000000001,62.4404,False,1,CLASS BASQUET SANT ANTONI,False
COPA ESPAÑA,Play-offs 1/16 Final,GRUPO ALEGA CANTABRIA,10,G. MARTINEZ DIAZ,24.33,16.058000000000007,False,1,CLASS BASQUET SANT ANTONI,False
COPA ESPAÑA,Play-offs 1/16 Final,GRUPO ALEGA CANTABRIA,10,G. MARTINEZ DIAZ,8.603700000000003,49.0802,True,1,CLASS BASQUET SANT ANTONI,False
COPA ESPAÑA,Play-offs 1/16 Final,GRUPO ALEGA CANTABRIA,9,B. LUGARINI,10.366699999999994,50.7187,False,1,CLASS BASQUET SANT ANTONI,False
COPA ESPAÑA,Play-offs 1/16 Final,GRUPO ALEGA CANTABRIA,2,J. POWELL,29.055,17.5194,True,1,CLASS BASQUET SANT ANTONI,False
COPA ESPAÑA,Play-offs 1/16 Final,GRUPO ALEGA CANTABRIA,15,P. HERNANDEZ MONTENEGRO,11.7772,40.9627,False,1,CLASS BASQUET SANT ANTONI,False
COPA ESPAÑA,Play-offs 1/16 Final,GRUPO ALEGA CANTABRIA,8,S. RODRÍGUEZ RAMOS,31.1001,26.4682,False,1,CLASS BASQUET SANT ANTONI,False
COPA ESPAÑA,Play-offs 1/16 Final,GRUPO ALEGA CANTABRIA,10,G. MARTINEZ DIAZ,18.4767,57.2217,True,1,CLASS BASQUET SANT ANTONI,False
COPA ESPAÑA,Play-offs 1/16 Final,GRUPO ALEGA CANTABRIA,34,G. KANDE KIELI,11.4245,50.5417,True,1,CLASS BASQUET SANT ANTONI,False
COPA ESPAÑA,Play-offs 1/16 Final,GRUPO ALEGA CANTABRIA,24,J. PEREZ PEREZ,28.208699999999993,80.71600000000001,False,1,CLASS BASQUET SANT ANTONI,False
COPA ESPAÑA,Play-offs 1/16 Final,GRUPO ALEGA CANTABRIA,8,S. RODRÍGUEZ RAMOS,35.543,43.4835,True,1,CLASS BASQUET SANT ANTONI,False
COPA ESPAÑA,Play-offs 1/16 Final,GRUPO ALEGA CANTABRIA,2,J. POWELL,31.8759,55.1301,True,1,CLASS BASQUET SANT ANTONI,False
COPA ESPAÑA,Play-offs 1/16 Final,GRUPO ALEGA CANTABRIA,32,R. JOHNSON JR,10.648799999999994,55.6342,True,1,CLASS BASQUET SANT ANTONI,False
COPA ESPAÑA,Play-offs 1/16 Final,GRUPO ALEGA CANTABRIA,32,R. JOHNSON JR,32.6516,76.3797,False,1,CLASS BASQUET SANT ANTONI,False
COPA ESPAÑA,Play-offs 1/16 Final,GRUPO ALEGA CANTABRIA,32,R. JOHNSON JR,5.571200000000005,52.7353,True,1,CLASS BASQUET SANT ANTONI,False
COPA ESPAÑA,Play-offs 1/16 Final,GRUPO ALEGA CANTABRIA,34,G. KANDE KIELI,7.052199999999999,46.1813,True,1,CLASS BASQUET SANT ANTONI,False
COPA ESPAÑA,Play-offs 1/16 Final,GRUPO ALEGA CANTABRIA,10,G. MARTINEZ DIAZ,12.270799999999994,49.9625,True,1,CLASS BASQUET SANT ANTONI,False
COPA ESPAÑA,Play-offs 1/16 Final,GRUPO ALEGA CANTABRIA,2,J. POWELL,11.565600000000003,49.2063,True,1,CLASS BASQUET SANT ANTONI,False
COPA ESPAÑA,Play-offs 1/16 Final,GRUPO ALEGA CANTABRIA,15,P. HERNANDEZ MONTENEGRO,11.706599999999995,48.8281,False,1,CLASS BASQUET SANT ANTONI,False
COPA ESPAÑA,Play-offs 1/16 Final,GRUPO ALEGA CANTABRIA,32,R. JOHNSON JR,7.5458,50.4666,True,1,CLASS BASQUET SANT ANTONI,False
COPA ESPAÑA,Play-offs 1/16 Final,GRUPO ALEGA CANTABRIA,2,J. POWELL,9.590999999999994,50.2146,True,1,CLASS BASQUET SANT ANTONI,False
COPA ESPAÑA,Play-offs 1/16 Final,GRUPO ALEGA CANTABRIA,24,J. PEREZ PEREZ,32.0874,28.787899999999993,True,1,CLASS BASQUET SANT ANTONI,False
COPA ESPAÑA,Play-offs 1/16 Final,GRUPO ALEGA CANTABRIA,2,J. POWELL,11.354,55.3822,False,1,CLASS BASQUET SANT ANTONI,False
COPA ESPAÑA,Play-offs 1/16 Final,GRUPO ALEGA CANTABRIA,34,G. KANDE KIELI,9.097300000000004,50.3406,True,1,CLASS BASQUET SANT ANTONI,False
COPA ESPAÑA,Play-offs 1/16 Final,GRUPO ALEGA CANTABRIA,32,R. JOHNSON JR,31.170699999999997,26.8973,False,1,CLASS BASQUET SANT ANTONI,False
COPA ESPAÑA,Play-offs 1/16 Final,GRUPO ALEGA CANTABRIA,34,G. KANDE KIELI,8.744699999999995,46.8115,True,1,CLASS BASQUET SANT ANTONI,False
COPA ESPAÑA,Play-offs 1/16 Final,GRUPO ALEGA CANTABRIA,15,P. HERNANDEZ MONTENEGRO,27.362499999999997,27.653599999999997,True,1,CLASS BASQUET SANT ANTONI,False
COPA ESPAÑA,Play-offs 1/16 Final,GRUPO ALEGA CANTABRIA,2,J. POWELL,28.208699999999993,85.7576,True,1,CLASS BASQUET SANT ANTONI,False
COPA ESPAÑA,Play-offs 1/16 Final,GRUPO ALEGA CANTABRIA,24,J. PEREZ PEREZ,5.1481,51.9281,False,1,CLASS BASQUET SANT ANTONI,False
COPA ESPAÑA,Play-offs 1/16 Final,GRUPO ALEGA CANTABRIA,24,J. PEREZ PEREZ,10.7898,55.5082,True,1,CLASS BASQUET SANT ANTONI,False
COPA ESPAÑA,Play-offs 1/16 Final,GRUPO ALEGA CANTABRIA,24,J. PEREZ PEREZ,8.53315,47.6428,False,1,CLASS BASQUET SANT ANTONI,False
COPA ESPAÑA,Play-offs 1/16 Final,GRUPO ALEGA CANTABRIA,6,C. TABOADA HEISKANEN,27.6446,80.2869,False,1,CLASS BASQUET SANT ANTONI,False
COPA ESPAÑA,Play-offs 1/16 Final,GRUPO ALEGA CANTABRIA,34,G. KANDE KIELI,7.54584,56.3395,True,1,CLASS BASQUET SANT ANTONI,False
COPA ESPAÑA,Play-offs 1/16 Final,GRUPO ALEGA CANTABRIA,2,J. POWELL,7.47532,58.104,True,1,CLASS BASQUET SANT ANTONI,False
COPA ESPAÑA,Play-offs 1/16 Final,GRUPO ALEGA CANTABRIA,24,J. PEREZ PEREZ,33.2863,50.4156,True,1,CLASS BASQUET SANT ANTONI,False
COPA ESPAÑA,Play-offs 1/16 Final,GRUPO ALEGA CANTABRIA,8,S. RODRÍGUEZ RAMOS,21.861800000000002,14.041399999999996,False,1,CLASS BASQUET SANT ANTONI,False
COPA ESPAÑA,Play-offs 1/16 Final,GRUPO ALEGA CANTABRIA,32,R. JOHNSON JR,30.747500000000002,66.0955,False,1,CLASS BASQUET SANT ANTONI,False
COPA ESPAÑA,Play-offs 1/16 Final,GRUPO ALEGA CANTABRIA,10,G. MARTINEZ DIAZ,26.727800000000002,87.9002,True,1,CLASS BASQUET SANT ANTONI,False
COPA ESPAÑA,Play-offs 1/16 Final,GRUPO ALEGA CANTABRIA,34,G. KANDE KIELI,6.4879999999999995,50.4666,True,1,CLASS BASQUET SANT ANTONI,False
COPA ESPAÑA,Play-offs 1/16 Final,GRUPO ALEGA CANTABRIA,6,C. TABOADA HEISKANEN,28.914,20.1663,True,1,CLASS BASQUET SANT ANTONI,False
COPA ESPAÑA,Play-offs 1/16 Final,GRUPO ALEGA CANTABRIA,2,J. POWELL,32.5106,76.8838,True,1,CLASS BASQUET SANT ANTONI,False
COPA ESPAÑA,Play-offs 1/16 Final,GRUPO ALEGA CANTABRIA,9,B. LUGARINI,36.9535,51.55,False,1,CLASS BASQUET SANT ANTONI,False
COPA ESPAÑA,Play-offs 1/16 Final,GRUPO ALEGA CANTABRIA,32,R. JOHNSON JR,14.3865,48.273,False,1,CLASS BASQUET SANT ANTONI,False
COPA ESPAÑA,Play-offs 1/16 Final,CLUB OURENSE BALONCESTO,41,C. JÜRGENS,44.5698,84.8243,False,1,GRUPO CAESA SEGUROS FC CARTAGENA CB,True
COPA ESPAÑA,Play-offs 1/16 Final,CLUB OURENSE BALONCESTO,12,S. HUGUET CARRASCO,31.8759,29.3671,False,1,GRUPO CAESA SEGUROS FC CARTAGENA CB,True
COPA ESPAÑA,Play-offs 1/16 Final,CLUB OURENSE BALONCESTO,22,G. KALSCHEUR,5.712299999999999,52.1052,True,1,GRUPO CAESA SEGUROS FC CARTAGENA CB,True
COPA ESPAÑA,Play-offs 1/16 Final,CLUB OURENSE BALONCESTO,27,M. IGLESIAS FERNANDEZ,5.782799999999995,62.3143,True,1,GRUPO CAESA SEGUROS FC CARTAGENA CB,True
COPA ESPAÑA,Play-offs 1/16 Final,CLUB OURENSE BALONCESTO,27,M. IGLESIAS FERNANDEZ,12.482399999999998,45.5511,True,1,GRUPO CAESA SEGUROS FC CARTAGENA CB,True
COPA ESPAÑA,Play-offs 1/16 Final,CLUB OURENSE BALONCESTO,9,C. OKANU,6.699600000000004,43.4085,False,1,GRUPO CAESA SEGUROS FC CARTAGENA CB,True
COPA ESPAÑA,Play-offs 1/16 Final,CLUB OURENSE BALONCESTO,41,C. JÜRGENS,9.379400000000004,35.593999999999994,False,1,GRUPO CAESA SEGUROS FC CARTAGENA CB,True
COPA ESPAÑA,Play-offs 1/16 Final,CLUB OURENSE BALONCESTO,41,C. JÜRGENS,5.1480999999999995,47.3157,True,1,GRUPO CAESA SEGUROS FC CARTAGENA CB,True
COPA ESPAÑA,Play-offs 1/16 Final,CLUB OURENSE BALONCESTO,41,C. JÜRGENS,10.8604,37.8117,True,1,GRUPO CAESA SEGUROS FC CARTAGENA CB,True
COPA ESPAÑA,Play-offs 1/16 Final,CLUB OURENSE BALONCESTO,27,M. IGLESIAS FERNANDEZ,31.8759,68.4902,False,1,GRUPO CAESA SEGUROS FC CARTAGENA CB,True
COPA ESPAÑA,Play-offs 1/16 Final,CLUB OURENSE BALONCESTO,3,K. SMITH,29.619200000000006,81.4723,False,1,GRUPO CAESA SEGUROS FC CARTAGENA CB,True
COPA ESPAÑA,Play-offs 1/16 Final,CLUB OURENSE BALONCESTO,35,R. GILL,6.064899999999994,54.2478,True,1,GRUPO CAESA SEGUROS FC CARTAGENA CB,True
COPA ESPAÑA,Play-offs 1/16 Final,CLUB OURENSE BALONCESTO,28,R. DIAS MARQUES LISBOA SANTOS,4.30183,49.0292,True,1,GRUPO CAESA SEGUROS FC CARTAGENA CB,True
COPA ESPAÑA,Play-offs 1/16 Final,CLUB OURENSE BALONCESTO,35,R. GILL,15.7969,29.2411,False,1,GRUPO CAESA SEGUROS FC CARTAGENA CB,True
COPA ESPAÑA,Play-offs 1/16 Final,CLUB OURENSE BALONCESTO,35,R. GILL,15.1622,37.0555,False,1,GRUPO CAESA SEGUROS FC CARTAGENA CB,True
COPA ESPAÑA,Play-offs 1/16 Final,CLUB OURENSE BALONCESTO,24,S. MC DONNELL,28.561400000000006,25.258799999999994,False,1,GRUPO CAESA SEGUROS FC CARTAGENA CB,True
COPA ESPAÑA,Play-offs 1/16 Final,CLUB OURENSE BALONCESTO,28,R. DIAS MARQUES LISBOA SANTOS,13.1876,4.03325,False,1,GRUPO CAESA SEGUROS FC CARTAGENA CB,True
COPA ESPAÑA,Play-offs 1/16 Final,CLUB OURENSE BALONCESTO,9,C. OKANU,25.811000000000007,53.7437,False,1,GRUPO CAESA SEGUROS FC CARTAGENA CB,True
COPA ESPAÑA,Play-offs 1/16 Final,CLUB OURENSE BALONCESTO,3,K. SMITH,37.3766,49.0292,False,1,GRUPO CAESA SEGUROS FC CARTAGENA CB,True
COPA ESPAÑA,Play-offs 1/16 Final,CLUB OURENSE BALONCESTO,24,S. MC DONNELL,5.853300000000004,49.4583,True,1,GRUPO CAESA SEGUROS FC CARTAGENA CB,True
COPA ESPAÑA,Play-offs 1/16 Final,CLUB OURENSE BALONCESTO,3,K. SMITH,25.4584,19.284,True,1,GRUPO CAESA SEGUROS FC CARTAGENA CB,True
COPA ESPAÑA,Play-offs 1/16 Final,CLUB OURENSE BALONCESTO,28,R. DIAS MARQUES LISBOA SANTOS,12.3413,39.7023,False,1,GRUPO CAESA SEGUROS FC CARTAGENA CB,True
COPA ESPAÑA,Play-offs 1/16 Final,CLUB OURENSE BALONCESTO,22,G. KALSCHEUR,14.457,53.4406,False,1,GRUPO CAESA SEGUROS FC CARTAGENA CB,True
COPA ESPAÑA,Play-offs 1/16 Final,CLUB OURENSE BALONCESTO,27,M. IGLESIAS FERNANDEZ,5.35966,55.9613,True,1,GRUPO CAESA SEGUROS FC CARTAGENA CB,True
COPA ESPAÑA,Play-offs 1/16 Final,CLUB OURENSE BALONCESTO,3,K. SMITH,5.1481,54.0708,True,1,GRUPO CAESA SEGUROS FC CARTAGENA CB,True
COPA ESPAÑA,Play-offs 1/16 Final,CLUB OURENSE BALONCESTO,35,R. GILL,18.617800000000003,56.5165,False,1,GRUPO CAESA SEGUROS FC CARTAGENA CB,True
COPA ESPAÑA,Play-offs 1/16 Final,CLUB OURENSE BALONCESTO,11,M. FERNANDEZ CARBALLO,33.2863,69.75059999999999,False,1,GRUPO CAESA SEGUROS FC CARTAGENA CB,True
COPA ESPAÑA,Play-offs 1/16 Final,CLUB OURENSE BALONCESTO,28,R. DIAS MARQUES LISBOA SANTOS,34.6968,41.5929,False,1,GRUPO CAESA SEGUROS FC CARTAGENA CB,True
COPA ESPAÑA,Play-offs 1/16 Final,CLUB OURENSE BALONCESTO,22,G. KALSCHEUR,22.637500000000003,90.04291,True,1,GRUPO CAESA SEGUROS FC CARTAGENA CB,True
COPA ESPAÑA,Play-offs 1/16 Final,CLUB OURENSE BALONCESTO,27,M. IGLESIAS FERNANDEZ,12.5529,56.0874,True,1,GRUPO CAESA SEGUROS FC CARTAGENA CB,True
COPA ESPAÑA,Play-offs 1/16 Final,CLUB OURENSE BALONCESTO,11,M. FERNANDEZ CARBALLO,8.18054,53.3145,True,1,GRUPO CAESA SEGUROS FC CARTAGENA CB,True
COPA ESPAÑA,Play-offs 1/16 Final,CLUB OURENSE BALONCESTO,23,D. SARAIVA SEIXAS,10.930899999999994,9.503900000000002,False,1,GRUPO CAESA SEGUROS FC CARTAGENA CB,True
COPA ESPAÑA,Play-offs 1/16 Final,CLUB OURENSE BALONCESTO,27,M. IGLESIAS FERNANDEZ,17.2779,48.525,False,1,GRUPO CAESA SEGUROS FC CARTAGENA CB,True
COPA ESPAÑA,Play-offs 1/16 Final,CLUB OURENSE BALONCESTO,3,K. SMITH,36.3188,38.0638,False,1,GRUPO CAESA SEGUROS FC CARTAGENA CB,True
COPA ESPAÑA,Play-offs 1/16 Final,CLUB OURENSE BALONCESTO,3,K. SMITH,30.8181,75.3714,False,1,GRUPO CAESA SEGUROS FC CARTAGENA CB,True
COPA ESPAÑA,Play-offs 1/16 Final,CLUB OURENSE BALONCESTO,28,R. DIAS MARQUES LISBOA SANTOS,32.8632,24.7037,False,1,GRUPO CAESA SEGUROS FC CARTAGENA CB,True
COPA ESPAÑA,Play-offs 1/16 Final,CLUB OURENSE BALONCESTO,22,G. KALSCHEUR,7.19323,50.7937,True,1,GRUPO CAESA SEGUROS FC CARTAGENA CB,True
COPA ESPAÑA,Play-offs 1/16 Final,CLUB OURENSE BALONCESTO,11,M. FERNANDEZ CARBALLO,18.0536,49.1552,True,1,GRUPO CAESA SEGUROS FC CARTAGENA CB,True
COPA ESPAÑA,Play-offs 1/16 Final,CLUB OURENSE BALONCESTO,9,C. OKANU,6.840599999999995,38.745,True,1,GRUPO CAESA SEGUROS FC CARTAGENA CB,True
COPA ESPAÑA,Play-offs 1/16 Final,CLUB OURENSE BALONCESTO,3,K. SMITH,34.5557,45.047,False,1,GRUPO CAESA SEGUROS FC CARTAGENA CB,True
COPA ESPAÑA,Play-offs 1/16 Final,CLUB OURENSE BALONCESTO,28,R. DIAS MARQUES LISBOA SANTOS,9.0268,78.7744,False,1,GRUPO CAESA SEGUROS FC CARTAGENA CB,True
COPA ESPAÑA,Play-offs 1/16 Final,CLUB OURENSE BALONCESTO,3,K. SMITH,7.19323,49.1552,True,1,GRUPO CAESA SEGUROS FC CARTAGENA CB,True
COPA ESPAÑA,Play-offs 1/16 Final,CLUB OURENSE BALONCESTO,12,S. HUGUET CARRASCO,12.552899999999994,4.210300000000004,False,1,GRUPO CAESA SEGUROS FC CARTAGENA CB,True
COPA ESPAÑA,Play-offs 1/16 Final,CLUB OURENSE BALONCESTO,10,I. VAZQUEZ PEREZ,27.292,17.822500000000005,False,1,GRUPO CAESA SEGUROS FC CARTAGENA CB,True
COPA ESPAÑA,Play-offs 1/16 Final,CLUB OURENSE BALONCESTO,11,M. FERNANDEZ CARBALLO,13.046499999999995,93.31993,False,1,GRUPO CAESA SEGUROS FC CARTAGENA CB,True
COPA ESPAÑA,Play-offs 1/16 Final,CLUB OURENSE BALONCESTO,22,G. KALSCHEUR,13.2581,92.5127,True,1,GRUPO CAESA SEGUROS FC CARTAGENA CB,True
COPA ESPAÑA,Play-offs 1/16 Final,CLUB OURENSE BALONCESTO,41,C. JÜRGENS,22.2144,35.417,False,1,GRUPO CAESA SEGUROS FC CARTAGENA CB,True
COPA ESPAÑA,Play-offs 1/16 Final,CLUB OURENSE BALONCESTO,27,M. IGLESIAS FERNANDEZ,22.567,88.8575,False,1,GRUPO CAESA SEGUROS FC CARTAGENA CB,True
COPA ESPAÑA,Play-offs 1/16 Final,CLUB OURENSE BALONCESTO,27,M. IGLESIAS FERNANDEZ,5.50071,50.2896,True,1,GRUPO CAESA SEGUROS FC CARTAGENA CB,True
COPA ESPAÑA,Play-offs 1/16 Final,CLUB OURENSE BALONCESTO,9,C. OKANU,8.180499999999995,47.4417,True,1,GRUPO CAESA SEGUROS FC CARTAGENA CB,True
COPA ESPAÑA,Play-offs 1/16 Final,CLUB OURENSE BALONCESTO,24,S. MC DONNELL,6.7701,54.1968,True,1,GRUPO CAESA SEGUROS FC CARTAGENA CB,True
COPA ESPAÑA,Play-offs 1/16 Final,CLUB OURENSE BALONCESTO,27,M. IGLESIAS FERNANDEZ,6.135400000000004,43.7866,True,1,GRUPO CAESA SEGUROS FC CARTAGENA CB,True
COPA ESPAÑA,Play-offs 1/16 Final,CLUB OURENSE BALONCESTO,3,K. SMITH,34.8378,55.2561,False,1,GRUPO CAESA SEGUROS FC CARTAGENA CB,True
COPA ESPAÑA,Play-offs 1/16 Final,CLUB OURENSE BALONCESTO,22,G. KALSCHEUR,7.8279,60.6758,False,1,GRUPO CAESA SEGUROS FC CARTAGENA CB,True
COPA ESPAÑA,Play-offs 1/16 Final,CLUB OURENSE BALONCESTO,11,M. FERNANDEZ CARBALLO,20.945,48.525,True,1,GRUPO CAESA SEGUROS FC CARTAGENA CB,True
COPA ESPAÑA,Play-offs 1/16 Final,CLUB OURENSE BALONCESTO,22,G. KALSCHEUR,32.299,68.1871,False,1,GRUPO CAESA SEGUROS FC CARTAGENA CB,True
COPA ESPAÑA,Play-offs 1/16 Final,CLUB OURENSE BALONCESTO,41,C. JÜRGENS,32.29900000000001,29.922300000000007,True,1,GRUPO CAESA SEGUROS FC CARTAGENA CB,True
COPA ESPAÑA,Play-offs 1/16 Final,CLUB OURENSE BALONCESTO,27,M. IGLESIAS FERNANDEZ,9.379400000000004,48.324,True,1,GRUPO CAESA SEGUROS FC CARTAGENA CB,True
COPA ESPAÑA,Play-offs 1/16 Final,CLUB OURENSE BALONCESTO,3,K. SMITH,13.963300000000004,32.821200000000005,False,1,GRUPO CAESA SEGUROS FC CARTAGENA CB,True
COPA ESPAÑA,Play-offs 1/16 Final,CLUB OURENSE BALONCESTO,22,G. KALSCHEUR,6.1354,52.6843,True,1,GRUPO CAESA SEGUROS FC CARTAGENA CB,True
COPA ESPAÑA,Play-offs 1/16 Final,CLUB OURENSE BALONCESTO,9,C. OKANU,17.9831,24.8297,True,1,GRUPO CAESA SEGUROS FC CARTAGENA CB,True
COPA ESPAÑA,Play-offs 1/16 Final,CLUB OURENSE BALONCESTO,24,S. MC DONNELL,7.4047999999999945,66.3476,False,1,GRUPO CAESA SEGUROS FC CARTAGENA CB,True
COPA ESPAÑA,Play-offs 1/16 Final,CLUB OURENSE BALONCESTO,11,M. FERNANDEZ CARBALLO,22.567,46.6345,False,1,GRUPO CAESA SEGUROS FC CARTAGENA CB,True
COPA ESPAÑA,Play-offs 1/16 Final,CLUB OURENSE BALONCESTO,28,R. DIAS MARQUES LISBOA SANTOS,6.27645,47.1386,True,1,GRUPO CAESA SEGUROS FC CARTAGENA CB,True
COPA ESPAÑA,Play-offs 1/16 Final,CLUB OURENSE BALONCESTO,28,R. DIAS MARQUES LISBOA SANTOS,8.744699999999995,43.4085,True,1,GRUPO CAESA SEGUROS FC CARTAGENA CB,True
COPA ESPAÑA,Play-offs 1/16 Final,CLUB OURENSE BALONCESTO,41,C. JÜRGENS,14.0339,54.0708,False,1,GRUPO CAESA SEGUROS FC CARTAGENA CB,True
COPA ESPAÑA,Play-offs 1/16 Final,CLUB OURENSE BALONCESTO,22,G. KALSCHEUR,23.0606,30.3754,False,1,GRUPO CAESA SEGUROS FC CARTAGENA CB,True
COPA ESPAÑA,Play-offs 1/16 Final,CLUB OURENSE BALONCESTO,41,C. JÜRGENS,36.3188,38.0638,True,1,GRUPO CAESA SEGUROS FC CARTAGENA CB,True
COPA ESPAÑA,Play-offs 1/16 Final,CLUB OURENSE BALONCESTO,35,R. GILL,10.6488,45.248,True,1,GRUPO CAESA SEGUROS FC CARTAGENA CB,True
COPA ESPAÑA,Play-offs 1/16 Final,CLUB OURENSE BALONCESTO,24,S. MC DONNELL,26.727800000000002,79.7077,True,1,GRUPO CAESA SEGUROS FC CARTAGENA CB,True
COPA ESPAÑA,Play-offs 1/16 Final,GRUPO CAESA SEGUROS FC CARTAGENA CB,13,V. FAVERANI TATSCH,30.3244,31.1317,False,1,CLUB OURENSE BALONCESTO,False
COPA ESPAÑA,Play-offs 1/16 Final,GRUPO CAESA SEGUROS FC CARTAGENA CB,23,A. KELLY,13.1171,28.1067,False,1,CLUB OURENSE BALONCESTO,False
COPA ESPAÑA,Play-offs 1/16 Final,GRUPO CAESA SEGUROS FC CARTAGENA CB,5,A. MARTIN MARIN,7.33427,50.0375,True,1,CLUB OURENSE BALONCESTO,False
COPA ESPAÑA,Play-offs 1/16 Final,GRUPO CAESA SEGUROS FC CARTAGENA CB,3,T. SUOKAS,33.9915,35.9211,False,1,CLUB OURENSE BALONCESTO,False
COPA ESPAÑA,Play-offs 1/16 Final,GRUPO CAESA SEGUROS FC CARTAGENA CB,2,A. GARUBA ALARI,12.129800000000003,93.95012,False,1,CLUB OURENSE BALONCESTO,False
COPA ESPAÑA,Play-offs 1/16 Final,GRUPO CAESA SEGUROS FC CARTAGENA CB,12,A. DOMENECH FONTANA,5.500699999999995,45.6772,True,1,CLUB OURENSE BALONCESTO,False
COPA ESPAÑA,Play-offs 1/16 Final,GRUPO CAESA SEGUROS FC CARTAGENA CB,13,V. FAVERANI TATSCH,33.2863,49.2063,False,1,CLUB OURENSE BALONCESTO,False
COPA ESPAÑA,Play-offs 1/16 Final,GRUPO CAESA SEGUROS FC CARTAGENA CB,4,I. RIVERA CARROLL,35.402,41.0887,False,1,CLUB OURENSE BALONCESTO,False
COPA ESPAÑA,Play-offs 1/16 Final,GRUPO CAESA SEGUROS FC CARTAGENA CB,23,A. KELLY,6.064899999999994,52.4833,False,1,CLUB OURENSE BALONCESTO,False
COPA ESPAÑA,Play-offs 1/16 Final,GRUPO CAESA SEGUROS FC CARTAGENA CB,11,E. IDEHEN IDEHEN,5.500699999999995,49.5844,False,1,CLUB OURENSE BALONCESTO,False
COPA ESPAÑA,Play-offs 1/16 Final,GRUPO CAESA SEGUROS FC CARTAGENA CB,12,A. DOMENECH FONTANA,19.464,94.70636,False,1,CLUB OURENSE BALONCESTO,False
COPA ESPAÑA,Play-offs 1/16 Final,GRUPO CAESA SEGUROS FC CARTAGENA CB,19,A. HARGUINDEY MANEIRO,29.478099999999998,23.494299999999996,False,1,CLUB OURENSE BALONCESTO,False
COPA ESPAÑA,Play-offs 1/16 Final,GRUPO CAESA SEGUROS FC CARTAGENA CB,20,S. SVEJCAR,33.2158,66.0955,True,1,CLUB OURENSE BALONCESTO,False
COPA ESPAÑA,Play-offs 1/16 Final,GRUPO CAESA SEGUROS FC CARTAGENA CB,19,A. HARGUINDEY MANEIRO,4.795500000000004,42.5262,False,1,CLUB OURENSE BALONCESTO,False
COPA ESPAÑA,Play-offs 1/16 Final,GRUPO CAESA SEGUROS FC CARTAGENA CB,12,A. DOMENECH FONTANA,14.3159,42.9043,False,1,CLUB OURENSE BALONCESTO,False
COPA ESPAÑA,Play-offs 1/16 Final,GRUPO CAESA SEGUROS FC CARTAGENA CB,3,T. SUOKAS,6.84062,57.0957,True,1,CLUB OURENSE BALONCESTO,False
COPA ESPAÑA,Play-offs 1/16 Final,GRUPO CAESA SEGUROS FC CARTAGENA CB,23,A. KELLY,13.1876,44.8699,True,1,CLUB OURENSE BALONCESTO,False
COPA ESPAÑA,Play-offs 1/16 Final,GRUPO CAESA SEGUROS FC CARTAGENA CB,20,S. SVEJCAR,8.815200000000004,45.8032,False,1,CLUB OURENSE BALONCESTO,False
COPA ESPAÑA,Play-offs 1/16 Final,GRUPO CAESA SEGUROS FC CARTAGENA CB,2,A. GARUBA ALARI,3.8081999999999994,50.5927,True,1,CLUB OURENSE BALONCESTO,False
COPA ESPAÑA,Play-offs 1/16 Final,GRUPO CAESA SEGUROS FC CARTAGENA CB,20,S. SVEJCAR,11.424499999999995,95.08448,True,1,CLUB OURENSE BALONCESTO,False
COPA ESPAÑA,Play-offs 1/16 Final,GRUPO CAESA SEGUROS FC CARTAGENA CB,13,V. FAVERANI TATSCH,6.629099999999994,50.9708,True,1,CLUB OURENSE BALONCESTO,False
COPA ESPAÑA,Play-offs 1/16 Final,GRUPO CAESA SEGUROS FC CARTAGENA CB,23,A. KELLY,10.0141,35.6691,False,1,CLUB OURENSE BALONCESTO,False
COPA ESPAÑA,Play-offs 1/16 Final,GRUPO CAESA SEGUROS FC CARTAGENA CB,12,A. DOMENECH FONTANA,9.80254,61.255,False,1,CLUB OURENSE BALONCESTO,False
COPA ESPAÑA,Play-offs 1/16 Final,GRUPO CAESA SEGUROS FC CARTAGENA CB,12,A. DOMENECH FONTANA,7.616399999999999,37.6107,False,1,CLUB OURENSE BALONCESTO,False
COPA ESPAÑA,Play-offs 1/16 Final,GRUPO CAESA SEGUROS FC CARTAGENA CB,12,A. DOMENECH FONTANA,7.82793,54.1968,True,1,CLUB OURENSE BALONCESTO,False
COPA ESPAÑA,Play-offs 1/16 Final,GRUPO CAESA SEGUROS FC CARTAGENA CB,1,S. THOMAS,35.9662,28.989,False,1,CLUB OURENSE BALONCESTO,False
COPA ESPAÑA,Play-offs 1/16 Final,GRUPO CAESA SEGUROS FC CARTAGENA CB,12,A. DOMENECH FONTANA,12.835,51.676,False,1,CLUB OURENSE BALONCESTO,False
COPA ESPAÑA,Play-offs 1/16 Final,GRUPO CAESA SEGUROS FC CARTAGENA CB,12,A. DOMENECH FONTANA,6.91114,41.0887,True,1,CLUB OURENSE BALONCESTO,False
COPA ESPAÑA,Play-offs 1/16 Final,GRUPO CAESA SEGUROS FC CARTAGENA CB,13,V. FAVERANI TATSCH,3.455600000000004,48.1979,True,1,CLUB OURENSE BALONCESTO,False
COPA ESPAÑA,Play-offs 1/16 Final,GRUPO CAESA SEGUROS FC CARTAGENA CB,12,A. DOMENECH FONTANA,33.0748,26.3422,False,1,CLUB OURENSE BALONCESTO,False
COPA ESPAÑA,Play-offs 1/16 Final,GRUPO CAESA SEGUROS FC CARTAGENA CB,5,A. MARTIN MARIN,5.78279,51.2979,True,1,CLUB OURENSE BALONCESTO,False
COPA ESPAÑA,Play-offs 1/16 Final,GRUPO CAESA SEGUROS FC CARTAGENA CB,23,A. KELLY,6.558499999999995,40.2575,True,1,CLUB OURENSE BALONCESTO,False
COPA ESPAÑA,Play-offs 1/16 Final,GRUPO CAESA SEGUROS FC CARTAGENA CB,2,A. GARUBA ALARI,4.23131,47.6428,True,1,CLUB OURENSE BALONCESTO,False
COPA ESPAÑA,Play-offs 1/16 Final,GRUPO CAESA SEGUROS FC CARTAGENA CB,19,A. HARGUINDEY MANEIRO,6.2059,53.2395,True,1,CLUB OURENSE BALONCESTO,False
COPA ESPAÑA,Play-offs 1/16 Final,GRUPO CAESA SEGUROS FC CARTAGENA CB,3,T. SUOKAS,5.9238,55.8863,True,1,CLUB OURENSE BALONCESTO,False
COPA ESPAÑA,Play-offs 1/16 Final,GRUPO CAESA SEGUROS FC CARTAGENA CB,12,A. DOMENECH FONTANA,4.936499999999995,55.3822,False,1,CLUB OURENSE BALONCESTO,False
COPA ESPAÑA,Play-offs 1/16 Final,GRUPO CAESA SEGUROS FC CARTAGENA CB,19,A. HARGUINDEY MANEIRO,9.37941,48.399,True,1,CLUB OURENSE BALONCESTO,False
COPA ESPAÑA,Play-offs 1/16 Final,GRUPO CAESA SEGUROS FC CARTAGENA CB,3,T. SUOKAS,8.25106,39.0721,False,1,CLUB OURENSE BALONCESTO,False
COPA ESPAÑA,Play-offs 1/16 Final,GRUPO CAESA SEGUROS FC CARTAGENA CB,2,A. GARUBA ALARI,29.689700000000002,17.4444,False,1,CLUB OURENSE BALONCESTO,False
COPA ESPAÑA,Play-offs 1/16 Final,GRUPO CAESA SEGUROS FC CARTAGENA CB,11,E. IDEHEN IDEHEN,11.4245,53.6926,False,1,CLUB OURENSE BALONCESTO,False
COPA ESPAÑA,Play-offs 1/16 Final,GRUPO CAESA SEGUROS FC CARTAGENA CB,19,A. HARGUINDEY MANEIRO,6.62906,55.2051,True,1,CLUB OURENSE BALONCESTO,False
COPA ESPAÑA,Play-offs 1/16 Final,GRUPO CAESA SEGUROS FC CARTAGENA CB,11,E. IDEHEN IDEHEN,6.55853,50.7937,True,1,CLUB OURENSE BALONCESTO,False
COPA ESPAÑA,Play-offs 1/16 Final,GRUPO CAESA SEGUROS FC CARTAGENA CB,3,T. SUOKAS,35.6135,48.273,False,1,CLUB OURENSE BALONCESTO,False
COPA ESPAÑA,Play-offs 1/16 Final,GRUPO CAESA SEGUROS FC CARTAGENA CB,3,T. SUOKAS,19.8166,27.6026,True,1,CLUB OURENSE BALONCESTO,False
COPA ESPAÑA,Play-offs 1/16 Final,GRUPO CAESA SEGUROS FC CARTAGENA CB,11,E. IDEHEN IDEHEN,10.7193,42.6012,True,1,CLUB OURENSE BALONCESTO,False
COPA ESPAÑA,Play-offs 1/16 Final,GRUPO CAESA SEGUROS FC CARTAGENA CB,20,S. SVEJCAR,4.090299999999999,56.2644,False,1,CLUB OURENSE BALONCESTO,False
COPA ESPAÑA,Play-offs 1/16 Final,GRUPO CAESA SEGUROS FC CARTAGENA CB,4,I. RIVERA CARROLL,11.8477,41.3408,False,1,CLUB OURENSE BALONCESTO,False
COPA ESPAÑA,Play-offs 1/16 Final,GRUPO CAESA SEGUROS FC CARTAGENA CB,20,S. SVEJCAR,24.8942,12.4779,True,1,CLUB OURENSE BALONCESTO,False
COPA ESPAÑA,Play-offs 1/16 Final,GRUPO CAESA SEGUROS FC CARTAGENA CB,4,I. RIVERA CARROLL,23.9069,29.3671,False,1,CLUB OURENSE BALONCESTO,False
COPA ESPAÑA,Play-offs 1/16 Final,GRUPO CAESA SEGUROS FC CARTAGENA CB,12,A. DOMENECH FONTANA,7.616399999999999,48.45,True,1,CLUB OURENSE BALONCESTO,False
COPA ESPAÑA,Play-offs 1/16 Final,GRUPO CAESA SEGUROS FC CARTAGENA CB,12,A. DOMENECH FONTANA,15.585300000000004,93.82409,False,1,CLUB OURENSE BALONCESTO,False
COPA ESPAÑA,Play-offs 1/16 Final,GRUPO CAESA SEGUROS FC CARTAGENA CB,4,I. RIVERA CARROLL,26.798299999999998,16.688199999999995,False,1,CLUB OURENSE BALONCESTO,False
COPA ESPAÑA,Play-offs 1/16 Final,GRUPO CAESA SEGUROS FC CARTAGENA CB,2,A. GARUBA ALARI,21.1566,36.9294,True,1,CLUB OURENSE BALONCESTO,False
COPA ESPAÑA,Play-offs 1/16 Final,GRUPO CAESA SEGUROS FC CARTAGENA CB,12,A. DOMENECH FONTANA,7.12271,43.6095,True,1,CLUB OURENSE BALONCESTO,False
COPA ESPAÑA,Play-offs 1/16 Final,GRUPO CAESA SEGUROS FC CARTAGENA CB,4,I. RIVERA CARROLL,30.3244,23.3172,False,1,CLUB OURENSE BALONCESTO,False
COPA ESPAÑA,Play-offs 1/16 Final,GRUPO CAESA SEGUROS FC CARTAGENA CB,12,A. DOMENECH FONTANA,5.571200000000005,60.1717,True,1,CLUB OURENSE BALONCESTO,False
COPA ESPAÑA,Play-offs 1/16 Final,GRUPO CAESA SEGUROS FC CARTAGENA CB,20,S. SVEJCAR,17.3484,90.4961,True,1,CLUB OURENSE BALONCESTO,False
COPA ESPAÑA,Play-offs 1/16 Final,GRUPO CAESA SEGUROS FC CARTAGENA CB,20,S. SVEJCAR,25.599400000000003,41.7699,False,1,CLUB OURENSE BALONCESTO,False
COPA ESPAÑA,Play-offs 1/16 Final,ALIMERKA OVIEDO BALONCESTO,41,R. COSIALLS BORRAS,9.308899999999994,55.1301,True,1,MONBUS OBRADOIRO,True
COPA ESPAÑA,Play-offs 1/16 Final,ALIMERKA OVIEDO BALONCESTO,24,C. HERMANSON,27.3625,86.0847,True,1,MONBUS OBRADOIRO,True
COPA ESPAÑA,Play-offs 1/16 Final,ALIMERKA OVIEDO BALONCESTO,14,D. SHELIST,8.25106,93.2689,True,1,MONBUS OBRADOIRO,True
COPA ESPAÑA,Play-offs 1/16 Final,ALIMERKA OVIEDO BALONCESTO,48,J. ARIAS GONZALEZ,30.677000000000007,79.3296,True,1,MONBUS OBRADOIRO,True
COPA ESPAÑA,Play-offs 1/16 Final,ALIMERKA OVIEDO BALONCESTO,11,F. COPES,27.1509,11.9737,False,1,MONBUS OBRADOIRO,True
COPA ESPAÑA,Play-offs 1/16 Final,ALIMERKA OVIEDO BALONCESTO,41,R. COSIALLS BORRAS,10.860399999999998,56.6426,False,1,MONBUS OBRADOIRO,True
COPA ESPAÑA,Play-offs 1/16 Final,ALIMERKA OVIEDO BALONCESTO,48,J. ARIAS GONZALEZ,33.8505,88.0263,False,1,MONBUS OBRADOIRO,True
COPA ESPAÑA,Play-offs 1/16 Final,ALIMERKA OVIEDO BALONCESTO,3,M. TOWNES VILLAR,27.9267,14.8726,True,1,MONBUS OBRADOIRO,True
COPA ESPAÑA,Play-offs 1/16 Final,ALIMERKA OVIEDO BALONCESTO,24,C. HERMANSON,26.0226,86.3368,False,1,MONBUS OBRADOIRO,True
COPA ESPAÑA,Play-offs 1/16 Final,ALIMERKA OVIEDO BALONCESTO,5,G. PARHAM II,13.1171,46.1303,False,1,MONBUS OBRADOIRO,True
COPA ESPAÑA,Play-offs 1/16 Final,ALIMERKA OVIEDO BALONCESTO,35,F. NWAOKORIE,9.026799999999994,56.2644,False,1,MONBUS OBRADOIRO,True
COPA ESPAÑA,Play-offs 1/16 Final,ALIMERKA OVIEDO BALONCESTO,35,F. NWAOKORIE,8.885800000000003,41.7699,True,1,MONBUS OBRADOIRO,True
COPA ESPAÑA,Play-offs 1/16 Final,ALIMERKA OVIEDO BALONCESTO,24,C. HERMANSON,31.5233,23.0652,False,1,MONBUS OBRADOIRO,True
COPA ESPAÑA,Play-offs 1/16 Final,ALIMERKA OVIEDO BALONCESTO,14,D. SHELIST,13.892799999999994,47.5677,False,1,MONBUS OBRADOIRO,True
COPA ESPAÑA,Play-offs 1/16 Final,ALIMERKA OVIEDO BALONCESTO,11,F. COPES,24.1185,8.57066,False,1,MONBUS OBRADOIRO,True
COPA ESPAÑA,Play-offs 1/16 Final,ALIMERKA OVIEDO BALONCESTO,14,D. SHELIST,32.2285,25.0068,False,1,MONBUS OBRADOIRO,True
COPA ESPAÑA,Play-offs 1/16 Final,ALIMERKA OVIEDO BALONCESTO,55,R. LOBACO MUÑOZ,33.63890000000001,25.384900000000002,False,1,MONBUS OBRADOIRO,True
COPA ESPAÑA,Play-offs 1/16 Final,ALIMERKA OVIEDO BALONCESTO,3,M. TOWNES VILLAR,7.475300000000004,41.3918,True,1,MONBUS OBRADOIRO,True
COPA ESPAÑA,Play-offs 1/16 Final,ALIMERKA OVIEDO BALONCESTO,3,M. TOWNES VILLAR,15.4443,74.237,False,1,MONBUS OBRADOIRO,True
COPA ESPAÑA,Play-offs 1/16 Final,ALIMERKA OVIEDO BALONCESTO,3,M. TOWNES VILLAR,12.7645,39.8283,False,1,MONBUS OBRADOIRO,True
COPA ESPAÑA,Play-offs 1/16 Final,ALIMERKA OVIEDO BALONCESTO,5,G. PARHAM II,9.661500000000004,96.84902,False,1,MONBUS OBRADOIRO,True
COPA ESPAÑA,Play-offs 1/16 Final,ALIMERKA OVIEDO BALONCESTO,35,F. NWAOKORIE,6.1354,6.42799,False,1,MONBUS OBRADOIRO,True
COPA ESPAÑA,Play-offs 1/16 Final,ALIMERKA OVIEDO BALONCESTO,3,M. TOWNES VILLAR,29.830699999999993,18.200599999999994,False,1,MONBUS OBRADOIRO,True
COPA ESPAÑA,Play-offs 1/16 Final,ALIMERKA OVIEDO BALONCESTO,24,C. HERMANSON,33.8505,56.4655,False,1,MONBUS OBRADOIRO,True
COPA ESPAÑA,Play-offs 1/16 Final,ALIMERKA OVIEDO BALONCESTO,55,R. LOBACO MUÑOZ,10.2962,44.2397,True,1,MONBUS OBRADOIRO,True
COPA ESPAÑA,Play-offs 1/16 Final,ALIMERKA OVIEDO BALONCESTO,3,M. TOWNES VILLAR,6.41749,64.406,True,1,MONBUS OBRADOIRO,True
COPA ESPAÑA,Play-offs 1/16 Final,ALIMERKA OVIEDO BALONCESTO,55,R. LOBACO MUÑOZ,30.6065,84.5722,False,1,MONBUS OBRADOIRO,True
COPA ESPAÑA,Play-offs 1/16 Final,ALIMERKA OVIEDO BALONCESTO,24,C. HERMANSON,29.548699999999997,84.6232,False,1,MONBUS OBRADOIRO,True
COPA ESPAÑA,Play-offs 1/16 Final,ALIMERKA OVIEDO BALONCESTO,5,G. PARHAM II,6.55853,3.27702,False,1,MONBUS OBRADOIRO,True
COPA ESPAÑA,Play-offs 1/16 Final,ALIMERKA OVIEDO BALONCESTO,24,C. HERMANSON,29.1961,80.96809999999999,False,1,MONBUS OBRADOIRO,True
COPA ESPAÑA,Play-offs 1/16 Final,ALIMERKA OVIEDO BALONCESTO,55,R. LOBACO MUÑOZ,27.6446,86.0847,False,1,MONBUS OBRADOIRO,True
COPA ESPAÑA,Play-offs 1/16 Final,ALIMERKA OVIEDO BALONCESTO,3,M. TOWNES VILLAR,8.744699999999995,55.7603,False,1,MONBUS OBRADOIRO,True
COPA ESPAÑA,Play-offs 1/16 Final,ALIMERKA OVIEDO BALONCESTO,3,M. TOWNES VILLAR,9.520499999999998,54.3739,True,1,MONBUS OBRADOIRO,True
COPA ESPAÑA,Play-offs 1/16 Final,ALIMERKA OVIEDO BALONCESTO,55,R. LOBACO MUÑOZ,20.944999999999993,91.55538,False,1,MONBUS OBRADOIRO,True
COPA ESPAÑA,Play-offs 1/16 Final,ALIMERKA OVIEDO BALONCESTO,48,J. ARIAS GONZALEZ,7.4047999999999945,42.2741,True,1,MONBUS OBRADOIRO,True
COPA ESPAÑA,Play-offs 1/16 Final,ALIMERKA OVIEDO BALONCESTO,14,D. SHELIST,7.54584,43.4835,True,1,MONBUS OBRADOIRO,True
COPA ESPAÑA,Play-offs 1/16 Final,ALIMERKA OVIEDO BALONCESTO,24,C. HERMANSON,10.930899999999994,4.840500000000006,False,1,MONBUS OBRADOIRO,True
COPA ESPAÑA,Play-offs 1/16 Final,ALIMERKA OVIEDO BALONCESTO,3,M. TOWNES VILLAR,8.46262,41.7189,True,1,MONBUS OBRADOIRO,True
COPA ESPAÑA,Play-offs 1/16 Final,ALIMERKA OVIEDO BALONCESTO,35,F. NWAOKORIE,22.567,89.2357,False,1,MONBUS OBRADOIRO,True
COPA ESPAÑA,Play-offs 1/16 Final,ALIMERKA OVIEDO BALONCESTO,55,R. LOBACO MUÑOZ,29.2666,79.9088,False,1,MONBUS OBRADOIRO,True
COPA ESPAÑA,Play-offs 1/16 Final,ALIMERKA OVIEDO BALONCESTO,35,F. NWAOKORIE,29.9013,80.539,True,1,MONBUS OBRADOIRO,True
COPA ESPAÑA,Play-offs 1/16 Final,ALIMERKA OVIEDO BALONCESTO,41,R. COSIALLS BORRAS,18.8293,41.3408,True,1,MONBUS OBRADOIRO,True
COPA ESPAÑA,Play-offs 1/16 Final,ALIMERKA OVIEDO BALONCESTO,24,C. HERMANSON,21.3681,28.914,False,1,MONBUS OBRADOIRO,True
COPA ESPAÑA,Play-offs 1/16 Final,ALIMERKA OVIEDO BALONCESTO,24,C. HERMANSON,9.943600000000004,59.0373,False,1,MONBUS OBRADOIRO,True
COPA ESPAÑA,Play-offs 1/16 Final,ALIMERKA OVIEDO BALONCESTO,3,M. TOWNES VILLAR,7.96897,41.0887,False,1,MONBUS OBRADOIRO,True
COPA ESPAÑA,Play-offs 1/16 Final,ALIMERKA OVIEDO BALONCESTO,41,R. COSIALLS BORRAS,9.238399999999999,42.4001,False,1,MONBUS OBRADOIRO,True
COPA ESPAÑA,Play-offs 1/16 Final,ALIMERKA OVIEDO BALONCESTO,35,F. NWAOKORIE,9.238399999999999,42.7783,True,1,MONBUS OBRADOIRO,True
COPA ESPAÑA,Play-offs 1/16 Final,ALIMERKA OVIEDO BALONCESTO,3,M. TOWNES VILLAR,10.860399999999998,56.6426,False,1,MONBUS OBRADOIRO,True
COPA ESPAÑA,Play-offs 1/16 Final,ALIMERKA OVIEDO BALONCESTO,24,C. HERMANSON,33.0042,49.1552,False,1,MONBUS OBRADOIRO,True
COPA ESPAÑA,Play-offs 1/16 Final,ALIMERKA OVIEDO BALONCESTO,35,F. NWAOKORIE,10.155100000000004,6.478999999999999,False,1,MONBUS OBRADOIRO,True
COPA ESPAÑA,Play-offs 1/16 Final,ALIMERKA OVIEDO BALONCESTO,5,G. PARHAM II,16.22,49.5844,True,1,MONBUS OBRADOIRO,True
COPA ESPAÑA,Play-offs 1/16 Final,ALIMERKA OVIEDO BALONCESTO,35,F. NWAOKORIE,8.53315,47.3907,True,1,MONBUS OBRADOIRO,True
COPA ESPAÑA,Play-offs 1/16 Final,ALIMERKA OVIEDO BALONCESTO,24,C. HERMANSON,30.3244,16.133,True,1,MONBUS OBRADOIRO,True
COPA ESPAÑA,Play-offs 1/16 Final,ALIMERKA OVIEDO BALONCESTO,55,R. LOBACO MUÑOZ,8.60367,93.0168,False,1,MONBUS OBRADOIRO,True
COPA ESPAÑA,Play-offs 1/16 Final,ALIMERKA OVIEDO BALONCESTO,48,J. ARIAS GONZALEZ,28.0677,20.0402,False,1,MONBUS OBRADOIRO,True
COPA ESPAÑA,Play-offs 1/16 Final,ALIMERKA OVIEDO BALONCESTO,3,M. TOWNES VILLAR,33.9915,20.469300000000004,True,1,MONBUS OBRADOIRO,True
COPA ESPAÑA,Play-offs 1/16 Final,ALIMERKA OVIEDO BALONCESTO,24,C. HERMANSON,27.5035,84.4462,True,1,MONBUS OBRADOIRO,True
COPA ESPAÑA,Play-offs 1/16 Final,ALIMERKA OVIEDO BALONCESTO,55,R. LOBACO MUÑOZ,6.69958,95.0335,False,1,MONBUS OBRADOIRO,True
COPA ESPAÑA,Play-offs 1/16 Final,ALIMERKA OVIEDO BALONCESTO,3,M. TOWNES VILLAR,28.914,17.0663,True,1,MONBUS OBRADOIRO,True
COPA ESPAÑA,Play-offs 1/16 Final,ALIMERKA OVIEDO BALONCESTO,35,F. NWAOKORIE,32.0874,22.864099999999993,False,1,MONBUS OBRADOIRO,True
COPA ESPAÑA,Play-offs 1/16 Final,ALIMERKA OVIEDO BALONCESTO,4,A. FAURE RIBES,10.648799999999994,51.0968,False,1,MONBUS OBRADOIRO,True
COPA ESPAÑA,Play-offs 1/16 Final,ALIMERKA OVIEDO BALONCESTO,4,A. FAURE RIBES,7.8279,44.9209,True,1,MONBUS OBRADOIRO,True
COPA ESPAÑA,Play-offs 1/16 Final,ALIMERKA OVIEDO BALONCESTO,24,C. HERMANSON,30.8181,78.2703,True,1,MONBUS OBRADOIRO,True
COPA ESPAÑA,Play-offs 1/16 Final,ALIMERKA OVIEDO BALONCESTO,24,C. HERMANSON,30.8181,23.3682,False,1,MONBUS OBRADOIRO,True
COPA ESPAÑA,Play-offs 1/16 Final,MONBUS OBRADOIRO,7,F. DOS ANJOS DE PAULA,14.0339,46.8865,True,1,ALIMERKA OVIEDO BALONCESTO,False
COPA ESPAÑA,Play-offs 1/16 Final,MONBUS OBRADOIRO,5,R. ANDERSSON,8.95628,43.2314,True,1,ALIMERKA OVIEDO BALONCESTO,False
COPA ESPAÑA,Play-offs 1/16 Final,MONBUS OBRADOIRO,24,D. DE SOUSA ANJO BRITO,9.520499999999998,93.57201,False,1,ALIMERKA OVIEDO BALONCESTO,False
COPA ESPAÑA,Play-offs 1/16 Final,MONBUS OBRADOIRO,28,A. BARCELLO,10.4372,43.6095,False,1,ALIMERKA OVIEDO BALONCESTO,False
COPA ESPAÑA,Play-offs 1/16 Final,MONBUS OBRADOIRO,28,A. BARCELLO,28.561400000000006,79.9598,True,1,ALIMERKA OVIEDO BALONCESTO,False
COPA ESPAÑA,Play-offs 1/16 Final,MONBUS OBRADOIRO,23,Y. BARRUETA,12.482399999999998,7.487300000000005,False,1,ALIMERKA OVIEDO BALONCESTO,False
COPA ESPAÑA,Play-offs 1/16 Final,MONBUS OBRADOIRO,23,Y. BARRUETA,12.059200000000004,6.857100000000003,True,1,ALIMERKA OVIEDO BALONCESTO,False
COPA ESPAÑA,Play-offs 1/16 Final,MONBUS OBRADOIRO,28,A. BARCELLO,11.495099999999994,52.4833,True,1,ALIMERKA OVIEDO BALONCESTO,False
COPA ESPAÑA,Play-offs 1/16 Final,MONBUS OBRADOIRO,7,F. DOS ANJOS DE PAULA,12.975999999999999,49.4583,False,1,ALIMERKA OVIEDO BALONCESTO,False
COPA ESPAÑA,Play-offs 1/16 Final,MONBUS OBRADOIRO,28,A. BARCELLO,25.035300000000007,85.2534,True,1,ALIMERKA OVIEDO BALONCESTO,False
COPA ESPAÑA,Play-offs 1/16 Final,MONBUS OBRADOIRO,25,S. QUINTELA SALVADOR,16.713700000000003,59.0373,True,1,ALIMERKA OVIEDO BALONCESTO,False
COPA ESPAÑA,Play-offs 1/16 Final,MONBUS OBRADOIRO,57,A. GALAN POZO,9.590999999999994,42.5262,False,1,ALIMERKA OVIEDO BALONCESTO,False
COPA ESPAÑA,Play-offs 1/16 Final,MONBUS OBRADOIRO,25,S. QUINTELA SALVADOR,9.6615,46.5084,True,1,ALIMERKA OVIEDO BALONCESTO,False
COPA ESPAÑA,Play-offs 1/16 Final,MONBUS OBRADOIRO,28,A. BARCELLO,22.8491,88.3534,False,1,ALIMERKA OVIEDO BALONCESTO,False
COPA ESPAÑA,Play-offs 1/16 Final,MONBUS OBRADOIRO,23,Y. BARRUETA,28.561400000000006,13.789299999999997,True,1,ALIMERKA OVIEDO BALONCESTO,False
COPA ESPAÑA,Play-offs 1/16 Final,MONBUS OBRADOIRO,10,A. GRELA ROJAS,14.527500000000003,27.4015,True,1,ALIMERKA OVIEDO BALONCESTO,False
COPA ESPAÑA,Play-offs 1/16 Final,MONBUS OBRADOIRO,16,A. ETXEGUREN GONZALEZ,8.251099999999994,39.6273,True,1,ALIMERKA OVIEDO BALONCESTO,False
COPA ESPAÑA,Play-offs 1/16 Final,MONBUS OBRADOIRO,25,S. QUINTELA SALVADOR,11.7772,54.701,False,1,ALIMERKA OVIEDO BALONCESTO,False
COPA ESPAÑA,Play-offs 1/16 Final,MONBUS OBRADOIRO,7,F. DOS ANJOS DE PAULA,8.039500000000004,46.6855,True,1,ALIMERKA OVIEDO BALONCESTO,False
COPA ESPAÑA,Play-offs 1/16 Final,MONBUS OBRADOIRO,28,A. BARCELLO,29.1255,17.0153,False,1,ALIMERKA OVIEDO BALONCESTO,False
COPA ESPAÑA,Play-offs 1/16 Final,MONBUS OBRADOIRO,9,L. WESTERMANN,12.5529,37.5596,False,1,ALIMERKA OVIEDO BALONCESTO,False
COPA ESPAÑA,Play-offs 1/16 Final,MONBUS OBRADOIRO,7,F. DOS ANJOS DE PAULA,9.026799999999994,44.6688,True,1,ALIMERKA OVIEDO BALONCESTO,False
COPA ESPAÑA,Play-offs 1/16 Final,MONBUS OBRADOIRO,7,F. DOS ANJOS DE PAULA,10.2257,52.8104,False,1,ALIMERKA OVIEDO BALONCESTO,False
COPA ESPAÑA,Play-offs 1/16 Final,MONBUS OBRADOIRO,24,D. DE SOUSA ANJO BRITO,24.33,35.9722,False,1,ALIMERKA OVIEDO BALONCESTO,False
COPA ESPAÑA,Play-offs 1/16 Final,MONBUS OBRADOIRO,7,F. DOS ANJOS DE PAULA,13.610699999999994,48.0719,True,1,ALIMERKA OVIEDO BALONCESTO,False
COPA ESPAÑA,Play-offs 1/16 Final,MONBUS OBRADOIRO,7,F. DOS ANJOS DE PAULA,8.95628,49.9115,False,1,ALIMERKA OVIEDO BALONCESTO,False
COPA ESPAÑA,Play-offs 1/16 Final,MONBUS OBRADOIRO,23,Y. BARRUETA,23.6248,9.45293,True,1,ALIMERKA OVIEDO BALONCESTO,False
COPA ESPAÑA,Play-offs 1/16 Final,MONBUS OBRADOIRO,9,L. WESTERMANN,8.67419,57.3478,True,1,ALIMERKA OVIEDO BALONCESTO,False
COPA ESPAÑA,Play-offs 1/16 Final,MONBUS OBRADOIRO,5,R. ANDERSSON,16.290599999999998,49.0802,False,1,ALIMERKA OVIEDO BALONCESTO,False
COPA ESPAÑA,Play-offs 1/16 Final,MONBUS OBRADOIRO,23,Y. BARRUETA,26.4457,86.967,False,1,ALIMERKA OVIEDO BALONCESTO,False
COPA ESPAÑA,Play-offs 1/16 Final,MONBUS OBRADOIRO,29,K. LUNDQVIST,16.008499999999998,94.58032,False,1,ALIMERKA OVIEDO BALONCESTO,False
COPA ESPAÑA,Play-offs 1/16 Final,MONBUS OBRADOIRO,10,A. GRELA ROJAS,15.796899999999994,62.3143,False,1,ALIMERKA OVIEDO BALONCESTO,False
COPA ESPAÑA,Play-offs 1/16 Final,MONBUS OBRADOIRO,7,F. DOS ANJOS DE PAULA,8.74471,54.953,False,1,ALIMERKA OVIEDO BALONCESTO,False
COPA ESPAÑA,Play-offs 1/16 Final,MONBUS OBRADOIRO,28,A. BARCELLO,13.3286,45.122,False,1,ALIMERKA OVIEDO BALONCESTO,False
COPA ESPAÑA,Play-offs 1/16 Final,MONBUS OBRADOIRO,7,F. DOS ANJOS DE PAULA,9.308899999999994,50.2146,True,1,ALIMERKA OVIEDO BALONCESTO,False
COPA ESPAÑA,Play-offs 1/16 Final,MONBUS OBRADOIRO,25,S. QUINTELA SALVADOR,7.82793,70.834,False,1,ALIMERKA OVIEDO BALONCESTO,False
COPA ESPAÑA,Play-offs 1/16 Final,MONBUS OBRADOIRO,25,S. QUINTELA SALVADOR,16.008499999999998,35.84610000000001,True,1,ALIMERKA OVIEDO BALONCESTO,False
COPA ESPAÑA,Play-offs 1/16 Final,MONBUS OBRADOIRO,11,D. KRAVIC,13.258099999999999,61.306,False,1,ALIMERKA OVIEDO BALONCESTO,False
COPA ESPAÑA,Play-offs 1/16 Final,MONBUS OBRADOIRO,28,A. BARCELLO,9.30889,46.0043,True,1,ALIMERKA OVIEDO BALONCESTO,False
COPA ESPAÑA,Play-offs 1/16 Final,MONBUS OBRADOIRO,25,S. QUINTELA SALVADOR,34.9083,49.7854,True,1,ALIMERKA OVIEDO BALONCESTO,False
COPA ESPAÑA,Play-offs 1/16 Final,MONBUS OBRADOIRO,25,S. QUINTELA SALVADOR,8.67419,44.7439,True,1,ALIMERKA OVIEDO BALONCESTO,False
COPA ESPAÑA,Play-offs 1/16 Final,MONBUS OBRADOIRO,23,Y. BARRUETA,7.26375,95.4116,False,1,ALIMERKA OVIEDO BALONCESTO,False
COPA ESPAÑA,Play-offs 1/16 Final,MONBUS OBRADOIRO,9,L. WESTERMANN,7.19323,32.266,False,1,ALIMERKA OVIEDO BALONCESTO,False
COPA ESPAÑA,Play-offs 1/16 Final,MONBUS OBRADOIRO,57,A. GALAN POZO,8.251099999999994,42.4001,False,1,ALIMERKA OVIEDO BALONCESTO,False
COPA ESPAÑA,Play-offs 1/16 Final,MONBUS OBRADOIRO,24,D. DE SOUSA ANJO BRITO,6.48801,5.54572,False,1,ALIMERKA OVIEDO BALONCESTO,False
COPA ESPAÑA,Play-offs 1/16 Final,MONBUS OBRADOIRO,11,D. KRAVIC,16.290599999999998,49.0802,False,1,ALIMERKA OVIEDO BALONCESTO,False
COPA ESPAÑA,Play-offs 1/16 Final,MONBUS OBRADOIRO,9,L. WESTERMANN,15.655900000000003,43.6605,False,1,ALIMERKA OVIEDO BALONCESTO,False
COPA ESPAÑA,Play-offs 1/16 Final,MONBUS OBRADOIRO,16,A. ETXEGUREN GONZALEZ,11.777100000000004,44.0387,True,1,ALIMERKA OVIEDO BALONCESTO,False
COPA ESPAÑA,Play-offs 1/16 Final,MONBUS OBRADOIRO,25,S. QUINTELA SALVADOR,20.3808,28.2328,False,1,ALIMERKA OVIEDO BALONCESTO,False
COPA ESPAÑA,Play-offs 1/16 Final,MONBUS OBRADOIRO,9,L. WESTERMANN,10.2962,37.8117,False,1,ALIMERKA OVIEDO BALONCESTO,False
COPA ESPAÑA,Play-offs 1/16 Final,MONBUS OBRADOIRO,9,L. WESTERMANN,33.6389,57.0957,False,1,ALIMERKA OVIEDO BALONCESTO,False
COPA ESPAÑA,Play-offs 1/16 Final,MONBUS OBRADOIRO,9,L. WESTERMANN,17.7715,59.3644,False,1,ALIMERKA OVIEDO BALONCESTO,False
COPA ESPAÑA,Play-offs 1/16 Final,MONBUS OBRADOIRO,29,K. LUNDQVIST,30.394900000000007,23.116200000000006,False,1,ALIMERKA OVIEDO BALONCESTO,False
COPA ESPAÑA,Play-offs 1/16 Final,MONBUS OBRADOIRO,28,A. BARCELLO,30.1834,10.9654,False,1,ALIMERKA OVIEDO BALONCESTO,False
COPA ESPAÑA,Play-offs 1/16 Final,MONBUS OBRADOIRO,10,A. GRELA ROJAS,12.4824,27.4765,False,1,ALIMERKA OVIEDO BALONCESTO,False
COPA ESPAÑA,Play-offs 1/16 Final,MONBUS OBRADOIRO,7,F. DOS ANJOS DE PAULA,11.213,49.7854,True,1,ALIMERKA OVIEDO BALONCESTO,False
COPA ESPAÑA,Play-offs 1/16 Final,MONBUS OBRADOIRO,7,F. DOS ANJOS DE PAULA,6.98166,53.6926,False,1,ALIMERKA OVIEDO BALONCESTO,False
COPA ESPAÑA,Play-offs 1/16 Final,MONBUS OBRADOIRO,23,Y. BARRUETA,10.0846,4.91552,False,1,ALIMERKA OVIEDO BALONCESTO,False
COPA ESPAÑA,Play-offs 1/16 Final,MONBUS OBRADOIRO,57,A. GALAN POZO,8.533100000000005,46.0553,False,1,ALIMERKA OVIEDO BALONCESTO,False
COPA ESPAÑA,Play-offs 1/16 Final,MONBUS OBRADOIRO,24,D. DE SOUSA ANJO BRITO,9.026799999999994,94.70636,False,1,ALIMERKA OVIEDO BALONCESTO,False
COPA ESPAÑA,Play-offs 1/16 Final,MONBUS OBRADOIRO,25,S. QUINTELA SALVADOR,8.251099999999994,39.6273,False,1,ALIMERKA OVIEDO BALONCESTO,False
COPA ESPAÑA,Play-offs 1/16 Final,MONBUS OBRADOIRO,9,L. WESTERMANN,32.7221,71.086,False,1,ALIMERKA OVIEDO BALONCESTO,False
COPA ESPAÑA,Play-offs 1/16 Final,MONBUS OBRADOIRO,28,A. BARCELLO,22.426000000000002,51.3489,False,1,ALIMERKA OVIEDO BALONCESTO,False
COPA ESPAÑA,Play-offs 1/16 Final,MONBUS OBRADOIRO,23,Y. BARRUETA,8.3921,93.0168,False,1,ALIMERKA OVIEDO BALONCESTO,False
COPA ESPAÑA,Play-offs 1/16 Final,MONBUS OBRADOIRO,28,A. BARCELLO,31.029600000000002,20.9735,True,1,ALIMERKA OVIEDO BALONCESTO,False
COPA ESPAÑA,Play-offs 1/16 Final,MONBUS OBRADOIRO,9,L. WESTERMANN,30.324399999999997,81.0941,False,1,ALIMERKA OVIEDO BALONCESTO,False
COPA ESPAÑA,Play-offs 1/16 Final,MONBUS OBRADOIRO,23,Y. BARRUETA,37.2355,49.4583,True,1,ALIMERKA OVIEDO BALONCESTO,False
COPA ESPAÑA,Play-offs 1/16 Final,BIELE ISB,14,T. SAGNA,10.084599999999995,45.8032,False,1,CLUB BALONCESTO TOLEDO BASKET,True
COPA ESPAÑA,Play-offs 1/16 Final,BIELE ISB,22,U. BARANDALLA LUQUE,41.2553,46.8115,False,1,CLUB BALONCESTO TOLEDO BASKET,True
COPA ESPAÑA,Play-offs 1/16 Final,BIELE ISB,13,M. OLAIZOLA GARIN,29.8307,15.7549,False,1,CLUB BALONCESTO TOLEDO BASKET,True
COPA ESPAÑA,Play-offs 1/16 Final,BIELE ISB,34,M. SAKHO,8.321600000000004,47.8198,False,1,CLUB BALONCESTO TOLEDO BASKET,True
COPA ESPAÑA,Play-offs 1/16 Final,BIELE ISB,30,I. MIRANDA GARCIA,28.4203,18.5277,False,1,CLUB BALONCESTO TOLEDO BASKET,True
COPA ESPAÑA,Play-offs 1/16 Final,BIELE ISB,8,A. MONCANUT MORE,23.906899999999993,35.468,True,1,CLUB BALONCESTO TOLEDO BASKET,True
COPA ESPAÑA,Play-offs 1/16 Final,BIELE ISB,22,U. BARANDALLA LUQUE,12.482399999999998,39.6273,False,1,CLUB BALONCESTO TOLEDO BASKET,True
COPA ESPAÑA,Play-offs 1/16 Final,BIELE ISB,10,O. ARDANZA BERNAOLA,31.3822,79.5307,True,1,CLUB BALONCESTO TOLEDO BASKET,True
COPA ESPAÑA,Play-offs 1/16 Final,BIELE ISB,8,A. MONCANUT MORE,35.6135,61.306,False,1,CLUB BALONCESTO TOLEDO BASKET,True
COPA ESPAÑA,Play-offs 1/16 Final,BIELE ISB,25,J. JERMAIN,4.30183,45.122,False,1,CLUB BALONCESTO TOLEDO BASKET,True
COPA ESPAÑA,Play-offs 1/16 Final,BIELE ISB,14,T. SAGNA,8.321600000000004,46.5594,True,1,CLUB BALONCESTO TOLEDO BASKET,True
COPA ESPAÑA,Play-offs 1/16 Final,BIELE ISB,42,A. ACHA CORTABARRIA,24.118499999999997,59.4154,True,1,CLUB BALONCESTO TOLEDO BASKET,True
COPA ESPAÑA,Play-offs 1/16 Final,BIELE ISB,50,O. INDA HERNANDEZ,37.6587,38.745,False,1,CLUB BALONCESTO TOLEDO BASKET,True
COPA ESPAÑA,Play-offs 1/16 Final,BIELE ISB,25,J. JERMAIN,25.176299999999998,36.7284,True,1,CLUB BALONCESTO TOLEDO BASKET,True
COPA ESPAÑA,Play-offs 1/16 Final,BIELE ISB,22,U. BARANDALLA LUQUE,35.3315,67.4309,True,1,CLUB BALONCESTO TOLEDO BASKET,True
COPA ESPAÑA,Play-offs 1/16 Final,BIELE ISB,10,O. ARDANZA BERNAOLA,40.1975,45.5511,False,1,CLUB BALONCESTO TOLEDO BASKET,True
COPA ESPAÑA,Play-offs 1/16 Final,BIELE ISB,25,J. JERMAIN,7.54584,49.7854,True,1,CLUB BALONCESTO TOLEDO BASKET,True
COPA ESPAÑA,Play-offs 1/16 Final,BIELE ISB,25,J. JERMAIN,36.2482,72.0193,False,1,CLUB BALONCESTO TOLEDO BASKET,True
COPA ESPAÑA,Play-offs 1/16 Final,BIELE ISB,25,J. JERMAIN,33.8505,29.9973,False,1,CLUB BALONCESTO TOLEDO BASKET,True
COPA ESPAÑA,Play-offs 1/16 Final,BIELE ISB,14,T. SAGNA,3.8787,52.6843,True,1,CLUB BALONCESTO TOLEDO BASKET,True
COPA ESPAÑA,Play-offs 1/16 Final,BIELE ISB,8,A. MONCANUT MORE,11.2835,53.8187,False,1,CLUB BALONCESTO TOLEDO BASKET,True
COPA ESPAÑA,Play-offs 1/16 Final,BIELE ISB,8,A. MONCANUT MORE,14.668499999999995,51.601,False,1,CLUB BALONCESTO TOLEDO BASKET,True
COPA ESPAÑA,Play-offs 1/16 Final,BIELE ISB,13,M. OLAIZOLA GARIN,31.3822,20.5444,True,1,CLUB BALONCESTO TOLEDO BASKET,True
COPA ESPAÑA,Play-offs 1/16 Final,BIELE ISB,13,M. OLAIZOLA GARIN,18.688299999999998,42.1481,False,1,CLUB BALONCESTO TOLEDO BASKET,True
COPA ESPAÑA,Play-offs 1/16 Final,BIELE ISB,10,O. ARDANZA BERNAOLA,8.462599999999995,47.1896,True,1,CLUB BALONCESTO TOLEDO BASKET,True
COPA ESPAÑA,Play-offs 1/16 Final,BIELE ISB,34,M. SAKHO,36.9535,26.393199999999993,False,1,CLUB BALONCESTO TOLEDO BASKET,True
COPA ESPAÑA,Play-offs 1/16 Final,BIELE ISB,22,U. BARANDALLA LUQUE,6.27645,50.6677,True,1,CLUB BALONCESTO TOLEDO BASKET,True
COPA ESPAÑA,Play-offs 1/16 Final,BIELE ISB,10,O. ARDANZA BERNAOLA,29.901300000000006,17.6965,True,1,CLUB BALONCESTO TOLEDO BASKET,True
COPA ESPAÑA,Play-offs 1/16 Final,BIELE ISB,30,I. MIRANDA GARCIA,36.4598,81.2202,False,1,CLUB BALONCESTO TOLEDO BASKET,True
COPA ESPAÑA,Play-offs 1/16 Final,BIELE ISB,25,J. JERMAIN,23.131200000000007,34.8378,True,1,CLUB BALONCESTO TOLEDO BASKET,True
COPA ESPAÑA,Play-offs 1/16 Final,BIELE ISB,34,M. SAKHO,13.469700000000003,50.8448,True,1,CLUB BALONCESTO TOLEDO BASKET,True
COPA ESPAÑA,Play-offs 1/16 Final,BIELE ISB,8,A. MONCANUT MORE,6.27645,52.6843,True,1,CLUB BALONCESTO TOLEDO BASKET,True
COPA ESPAÑA,Play-offs 1/16 Final,BIELE ISB,34,M. SAKHO,8.251099999999994,49.0802,True,1,CLUB BALONCESTO TOLEDO BASKET,True
COPA ESPAÑA,Play-offs 1/16 Final,BIELE ISB,50,O. INDA HERNANDEZ,9.873099999999994,46.3074,False,1,CLUB BALONCESTO TOLEDO BASKET,True
COPA ESPAÑA,Play-offs 1/16 Final,BIELE ISB,34,M. SAKHO,5.1481,52.3062,False,1,CLUB BALONCESTO TOLEDO BASKET,True
COPA ESPAÑA,Play-offs 1/16 Final,BIELE ISB,13,M. OLAIZOLA GARIN,29.3371,13.2341,True,1,CLUB BALONCESTO TOLEDO BASKET,True
COPA ESPAÑA,Play-offs 1/16 Final,BIELE ISB,42,A. ACHA CORTABARRIA,31.5938,80.4639,True,1,CLUB BALONCESTO TOLEDO BASKET,True
COPA ESPAÑA,Play-offs 1/16 Final,BIELE ISB,14,T. SAGNA,9.1678,48.5761,True,1,CLUB BALONCESTO TOLEDO BASKET,True
COPA ESPAÑA,Play-offs 1/16 Final,BIELE ISB,25,J. JERMAIN,34.9083,30.5015,False,1,CLUB BALONCESTO TOLEDO BASKET,True
COPA ESPAÑA,Play-offs 1/16 Final,BIELE ISB,13,M. OLAIZOLA GARIN,28.2087,86.967,False,1,CLUB BALONCESTO TOLEDO BASKET,True
COPA ESPAÑA,Play-offs 1/16 Final,BIELE ISB,8,A. MONCANUT MORE,22.849100000000007,59.9196,False,1,CLUB BALONCESTO TOLEDO BASKET,True
COPA ESPAÑA,Play-offs 1/16 Final,BIELE ISB,25,J. JERMAIN,34.767300000000006,70.7589,True,1,CLUB BALONCESTO TOLEDO BASKET,True
COPA ESPAÑA,Play-offs 1/16 Final,BIELE ISB,34,M. SAKHO,11.0719,26.015100000000004,True,1,CLUB BALONCESTO TOLEDO BASKET,True
COPA ESPAÑA,Play-offs 1/16 Final,BIELE ISB,8,A. MONCANUT MORE,39.9859,51.9791,True,1,CLUB BALONCESTO TOLEDO BASKET,True
COPA ESPAÑA,Play-offs 1/16 Final,BIELE ISB,22,U. BARANDALLA LUQUE,38.0113,48.7021,False,1,CLUB BALONCESTO TOLEDO BASKET,True
COPA ESPAÑA,Play-offs 1/16 Final,BIELE ISB,14,T. SAGNA,7.968999999999994,48.324,True,1,CLUB BALONCESTO TOLEDO BASKET,True
COPA ESPAÑA,Play-offs 1/16 Final,BIELE ISB,25,J. JERMAIN,18.1946,36.8034,False,1,CLUB BALONCESTO TOLEDO BASKET,True
COPA ESPAÑA,Play-offs 1/16 Final,BIELE ISB,14,T. SAGNA,9.238399999999999,48.5761,True,1,CLUB BALONCESTO TOLEDO BASKET,True
COPA ESPAÑA,Play-offs 1/16 Final,BIELE ISB,14,T. SAGNA,4.5134,47.2647,False,1,CLUB BALONCESTO TOLEDO BASKET,True
COPA ESPAÑA,Play-offs 1/16 Final,BIELE ISB,10,O. ARDANZA BERNAOLA,33.4979,76.1276,True,1,CLUB BALONCESTO TOLEDO BASKET,True
COPA ESPAÑA,Play-offs 1/16 Final,BIELE ISB,13,M. OLAIZOLA GARIN,33.5684,19.587100000000007,False,1,CLUB BALONCESTO TOLEDO BASKET,True
COPA ESPAÑA,Play-offs 1/16 Final,BIELE ISB,42,A. ACHA CORTABARRIA,5.99436,50.9198,True,1,CLUB BALONCESTO TOLEDO BASKET,True
COPA ESPAÑA,Play-offs 1/16 Final,BIELE ISB,10,O. ARDANZA BERNAOLA,6.84062,50.9198,False,1,CLUB BALONCESTO TOLEDO BASKET,True
COPA ESPAÑA,Play-offs 1/16 Final,BIELE ISB,25,J. JERMAIN,6.41749,50.4156,False,1,CLUB BALONCESTO TOLEDO BASKET,True
COPA ESPAÑA,Play-offs 1/16 Final,BIELE ISB,25,J. JERMAIN,9.026799999999994,48.45,False,1,CLUB BALONCESTO TOLEDO BASKET,True
COPA ESPAÑA,Play-offs 1/16 Final,BIELE ISB,25,J. JERMAIN,36.1072,62.1373,True,1,CLUB BALONCESTO TOLEDO BASKET,True
COPA ESPAÑA,Play-offs 1/16 Final,BIELE ISB,8,A. MONCANUT MORE,23.9774,50.5417,False,1,CLUB BALONCESTO TOLEDO BASKET,True
COPA ESPAÑA,Play-offs 1/16 Final,BIELE ISB,50,O. INDA HERNANDEZ,32.6516,68.5653,False,1,CLUB BALONCESTO TOLEDO BASKET,True
COPA ESPAÑA,Play-offs 1/16 Final,BIELE ISB,13,M. OLAIZOLA GARIN,7.26375,55.2051,False,1,CLUB BALONCESTO TOLEDO BASKET,True
COPA ESPAÑA,Play-offs 1/16 Final,BIELE ISB,50,O. INDA HERNANDEZ,5.92384,53.6926,False,1,CLUB BALONCESTO TOLEDO BASKET,True
COPA ESPAÑA,Play-offs 1/16 Final,BIELE ISB,10,O. ARDANZA BERNAOLA,37.024,79.7077,False,1,CLUB BALONCESTO TOLEDO BASKET,True
COPA ESPAÑA,Play-offs 1/16 Final,BIELE ISB,30,I. MIRANDA GARCIA,29.8307,15.7549,False,1,CLUB BALONCESTO TOLEDO BASKET,True
COPA ESPAÑA,Play-offs 1/16 Final,BIELE ISB,14,T. SAGNA,8.251099999999994,48.1979,True,1,CLUB BALONCESTO TOLEDO BASKET,True
COPA ESPAÑA,Play-offs 1/16 Final,BIELE ISB,10,O. ARDANZA BERNAOLA,37.0945,76.5057,False,1,CLUB BALONCESTO TOLEDO BASKET,True
COPA ESPAÑA,Play-offs 1/16 Final,BIELE ISB,8,A. MONCANUT MORE,8.815200000000004,48.5761,False,1,CLUB BALONCESTO TOLEDO BASKET,True
COPA ESPAÑA,Play-offs 1/16 Final,BIELE ISB,25,J. JERMAIN,26.093100000000007,50.2146,True,1,CLUB BALONCESTO TOLEDO BASKET,True
COPA ESPAÑA,Play-offs 1/16 Final,BIELE ISB,22,U. BARANDALLA LUQUE,5.21862,50.5417,True,1,CLUB BALONCESTO TOLEDO BASKET,True
COPA ESPAÑA,Play-offs 1/16 Final,CLUB BALONCESTO TOLEDO BASKET,10,V. MORENO MARTIN,3.24401,48.525,True,1,BIELE ISB,False
COPA ESPAÑA,Play-offs 1/16 Final,CLUB BALONCESTO TOLEDO BASKET,44,J. JOHNSON,35.543,70.3298,False,1,BIELE ISB,False
COPA ESPAÑA,Play-offs 1/16 Final,CLUB BALONCESTO TOLEDO BASKET,1,M. SERRANO ALVAREZ,7.898399999999995,47.6938,True,1,BIELE ISB,False
COPA ESPAÑA,Play-offs 1/16 Final,CLUB BALONCESTO TOLEDO BASKET,10,V. MORENO MARTIN,3.94922,51.0458,False,1,BIELE ISB,False
COPA ESPAÑA,Play-offs 1/16 Final,CLUB BALONCESTO TOLEDO BASKET,10,V. MORENO MARTIN,4.86601,54.0708,False,1,BIELE ISB,False
COPA ESPAÑA,Play-offs 1/16 Final,CLUB BALONCESTO TOLEDO BASKET,13,S. MENDIOLA DIEZ,6.770099999999999,51.9791,True,1,BIELE ISB,False
COPA ESPAÑA,Play-offs 1/16 Final,CLUB BALONCESTO TOLEDO BASKET,4,L. GARCIA MUÑOZ,8.3921,44.8699,False,1,BIELE ISB,False
COPA ESPAÑA,Play-offs 1/16 Final,CLUB BALONCESTO TOLEDO BASKET,6,V. STEVANIC,6.48801,50.6677,True,1,BIELE ISB,False
COPA ESPAÑA,Play-offs 1/16 Final,CLUB BALONCESTO TOLEDO BASKET,88,T. TEIXEIRA DO VALE DIAS,33.8505,78.6484,False,1,BIELE ISB,False
COPA ESPAÑA,Play-offs 1/16 Final,CLUB BALONCESTO TOLEDO BASKET,10,V. MORENO MARTIN,32.158,14.4945,False,1,BIELE ISB,False
COPA ESPAÑA,Play-offs 1/16 Final,CLUB BALONCESTO TOLEDO BASKET,4,L. GARCIA MUÑOZ,22.990099999999998,41.1398,False,1,BIELE ISB,False
COPA ESPAÑA,Play-offs 1/16 Final,CLUB BALONCESTO TOLEDO BASKET,1,M. SERRANO ALVAREZ,6.770099999999999,49.0802,True,1,BIELE ISB,False
COPA ESPAÑA,Play-offs 1/16 Final,CLUB BALONCESTO TOLEDO BASKET,44,J. JOHNSON,6.699600000000004,51.0968,True,1,BIELE ISB,False
COPA ESPAÑA,Play-offs 1/16 Final,CLUB BALONCESTO TOLEDO BASKET,13,S. MENDIOLA DIEZ,10.578299999999999,48.324,False,1,BIELE ISB,False
COPA ESPAÑA,Play-offs 1/16 Final,CLUB BALONCESTO TOLEDO BASKET,4,L. GARCIA MUÑOZ,7.33427,53.4406,False,1,BIELE ISB,False
COPA ESPAÑA,Play-offs 1/16 Final,CLUB BALONCESTO TOLEDO BASKET,13,S. MENDIOLA DIEZ,11.918199999999999,46.3074,False,1,BIELE ISB,False
COPA ESPAÑA,Play-offs 1/16 Final,CLUB BALONCESTO TOLEDO BASKET,44,J. JOHNSON,20.0987,62.0112,False,1,BIELE ISB,False
COPA ESPAÑA,Play-offs 1/16 Final,CLUB BALONCESTO TOLEDO BASKET,10,V. MORENO MARTIN,32.0874,23.9474,True,1,BIELE ISB,False
COPA ESPAÑA,Play-offs 1/16 Final,CLUB BALONCESTO TOLEDO BASKET,3,I. ALVAREZ FERNANDEZ,35.9662,79.9088,False,1,BIELE ISB,False
COPA ESPAÑA,Play-offs 1/16 Final,CLUB BALONCESTO TOLEDO BASKET,13,S. MENDIOLA DIEZ,3.66714,47.7688,True,1,BIELE ISB,False
COPA ESPAÑA,Play-offs 1/16 Final,CLUB BALONCESTO TOLEDO BASKET,4,L. GARCIA MUÑOZ,10.8604,57.0957,False,1,BIELE ISB,False
COPA ESPAÑA,Play-offs 1/16 Final,CLUB BALONCESTO TOLEDO BASKET,4,L. GARCIA MUÑOZ,38.0818,21.351600000000005,False,1,BIELE ISB,False
COPA ESPAÑA,Play-offs 1/16 Final,CLUB BALONCESTO TOLEDO BASKET,6,V. STEVANIC,11.918199999999999,47.8198,True,1,BIELE ISB,False
COPA ESPAÑA,Play-offs 1/16 Final,CLUB BALONCESTO TOLEDO BASKET,6,V. STEVANIC,20.733400000000003,31.3087,True,1,BIELE ISB,False
COPA ESPAÑA,Play-offs 1/16 Final,CLUB BALONCESTO TOLEDO BASKET,3,I. ALVAREZ FERNANDEZ,9.52045,50.5417,False,1,BIELE ISB,False
COPA ESPAÑA,Play-offs 1/16 Final,CLUB BALONCESTO TOLEDO BASKET,3,I. ALVAREZ FERNANDEZ,12.975999999999999,47.6938,False,1,BIELE ISB,False
COPA ESPAÑA,Play-offs 1/16 Final,CLUB BALONCESTO TOLEDO BASKET,12,G. VILLAREJO COSTA,5.57123,51.1719,False,1,BIELE ISB,False
COPA ESPAÑA,Play-offs 1/16 Final,CLUB BALONCESTO TOLEDO BASKET,3,I. ALVAREZ FERNANDEZ,31.8759,76.8838,True,1,BIELE ISB,False
COPA ESPAÑA,Play-offs 1/16 Final,CLUB BALONCESTO TOLEDO BASKET,6,V. STEVANIC,6.20592,48.0209,True,1,BIELE ISB,False
COPA ESPAÑA,Play-offs 1/16 Final,CLUB BALONCESTO TOLEDO BASKET,13,S. MENDIOLA DIEZ,14.527500000000003,35.215900000000005,True,1,BIELE ISB,False
COPA ESPAÑA,Play-offs 1/16 Final,CLUB BALONCESTO TOLEDO BASKET,88,T. TEIXEIRA DO VALE DIAS,6.55853,52.0541,False,1,BIELE ISB,False
COPA ESPAÑA,Play-offs 1/16 Final,CLUB BALONCESTO TOLEDO BASKET,4,L. GARCIA MUÑOZ,36.8829,30.1233,False,1,BIELE ISB,False
COPA ESPAÑA,Play-offs 1/16 Final,CLUB BALONCESTO TOLEDO BASKET,1,M. SERRANO ALVAREZ,8.251099999999994,48.1979,True,1,BIELE ISB,False
COPA ESPAÑA,Play-offs 1/16 Final,CLUB BALONCESTO TOLEDO BASKET,1,M. SERRANO ALVAREZ,6.91114,52.1802,False,1,BIELE ISB,False
COPA ESPAÑA,Play-offs 1/16 Final,CLUB BALONCESTO TOLEDO BASKET,13,S. MENDIOLA DIEZ,6.91114,50.7937,False,1,BIELE ISB,False
COPA ESPAÑA,Play-offs 1/16 Final,CLUB BALONCESTO TOLEDO BASKET,7,J. LAFUENTE VELAZQUEZ,5.853300000000004,47.8198,True,1,BIELE ISB,False
COPA ESPAÑA,Play-offs 1/16 Final,CLUB BALONCESTO TOLEDO BASKET,7,J. LAFUENTE VELAZQUEZ,8.95628,48.6511,False,1,BIELE ISB,False
COPA ESPAÑA,Play-offs 1/16 Final,CLUB BALONCESTO TOLEDO BASKET,44,J. JOHNSON,40.1269,58.6592,False,1,BIELE ISB,False
COPA ESPAÑA,Play-offs 1/16 Final,CLUB BALONCESTO TOLEDO BASKET,44,J. JOHNSON,40.3385,31.8129,False,1,BIELE ISB,False
COPA ESPAÑA,Play-offs 1/16 Final,CLUB BALONCESTO TOLEDO BASKET,6,V. STEVANIC,7.54584,49.2813,True,1,BIELE ISB,False
COPA ESPAÑA,Play-offs 1/16 Final,CLUB BALONCESTO TOLEDO BASKET,6,V. STEVANIC,30.677000000000007,80.0858,False,1,BIELE ISB,False
COPA ESPAÑA,Play-offs 1/16 Final,CLUB BALONCESTO TOLEDO BASKET,88,T. TEIXEIRA DO VALE DIAS,8.744699999999995,50.8448,True,1,BIELE ISB,False
COPA ESPAÑA,Play-offs 1/16 Final,CLUB BALONCESTO TOLEDO BASKET,3,I. ALVAREZ FERNANDEZ,10.084599999999995,46.9376,True,1,BIELE ISB,False
COPA ESPAÑA,Play-offs 1/16 Final,CLUB BALONCESTO TOLEDO BASKET,88,T. TEIXEIRA DO VALE DIAS,7.4047999999999945,46.9376,True,1,BIELE ISB,False
COPA ESPAÑA,Play-offs 1/16 Final,CLUB BALONCESTO TOLEDO BASKET,3,I. ALVAREZ FERNANDEZ,26.6573,89.7398,False,1,BIELE ISB,False
COPA ESPAÑA,Play-offs 1/16 Final,CLUB BALONCESTO TOLEDO BASKET,13,S. MENDIOLA DIEZ,8.74471,55.3312,False,1,BIELE ISB,False
COPA ESPAÑA,Play-offs 1/16 Final,CLUB BALONCESTO TOLEDO BASKET,3,I. ALVAREZ FERNANDEZ,34.2031,24.1995,False,1,BIELE ISB,False
COPA ESPAÑA,Play-offs 1/16 Final,CLUB BALONCESTO TOLEDO BASKET,7,J. LAFUENTE VELAZQUEZ,8.180499999999995,49.9625,True,1,BIELE ISB,False
COPA ESPAÑA,Play-offs 1/16 Final,CLUB BALONCESTO TOLEDO BASKET,10,V. MORENO MARTIN,20.0987,51.676,False,1,BIELE ISB,False
COPA ESPAÑA,Play-offs 1/16 Final,CLUB BALONCESTO TOLEDO BASKET,13,S. MENDIOLA DIEZ,10.0141,49.2063,True,1,BIELE ISB,False
COPA ESPAÑA,Play-offs 1/16 Final,CLUB BALONCESTO TOLEDO BASKET,10,V. MORENO MARTIN,36.2482,38.82,True,1,BIELE ISB,False
COPA ESPAÑA,Play-offs 1/16 Final,CLUB BALONCESTO TOLEDO BASKET,44,J. JOHNSON,7.2637,50.8448,True,1,BIELE ISB,False
COPA ESPAÑA,Play-offs 1/16 Final,CLUB BALONCESTO TOLEDO BASKET,12,G. VILLAREJO COSTA,33.2158,29.4931,False,1,BIELE ISB,False
COPA ESPAÑA,Play-offs 1/16 Final,CLUB BALONCESTO TOLEDO BASKET,13,S. MENDIOLA DIEZ,24.048000000000002,34.8378,True,1,BIELE ISB,False
COPA ESPAÑA,Play-offs 1/16 Final,C.B. STARLABS MORÓN,13,A. MARIN ORTEGA,6.55853,49.9115,True,1,COTO CÓRDOBA CB,True
COPA ESPAÑA,Play-offs 1/16 Final,C.B. STARLABS MORÓN,27,A. BURGOS CABALLERO,5.218599999999995,48.7021,True,1,COTO CÓRDOBA CB,True
COPA ESPAÑA,Play-offs 1/16 Final,C.B. STARLABS MORÓN,7,J. JIMÉNEZ GONZÁLEZ,5.21862,52.1802,True,1,COTO CÓRDOBA CB,True
COPA ESPAÑA,Play-offs 1/16 Final,C.B. STARLABS MORÓN,7,J. JIMÉNEZ GONZÁLEZ,31.029600000000002,76.5567,False,1,COTO CÓRDOBA CB,True
COPA ESPAÑA,Play-offs 1/16 Final,C.B. STARLABS MORÓN,85,S. CORREIA,3.737700000000004,49.7104,True,1,COTO CÓRDOBA CB,True
COPA ESPAÑA,Play-offs 1/16 Final,C.B. STARLABS MORÓN,7,J. JIMÉNEZ GONZÁLEZ,28.561400000000006,79.2036,True,1,COTO CÓRDOBA CB,True
COPA ESPAÑA,Play-offs 1/16 Final,C.B. STARLABS MORÓN,85,S. CORREIA,8.03949,59.4904,True,1,COTO CÓRDOBA CB,True
COPA ESPAÑA,Play-offs 1/16 Final,C.B. STARLABS MORÓN,10,A. HERRERA DOMINGUEZ,5.571200000000005,51.475,False,1,COTO CÓRDOBA CB,True
COPA ESPAÑA,Play-offs 1/16 Final,C.B. STARLABS MORÓN,7,J. JIMÉNEZ GONZÁLEZ,28.6319,21.981800000000007,True,1,COTO CÓRDOBA CB,True
COPA ESPAÑA,Play-offs 1/16 Final,C.B. STARLABS MORÓN,27,A. BURGOS CABALLERO,26.375200000000007,85.8836,False,1,COTO CÓRDOBA CB,True
COPA ESPAÑA,Play-offs 1/16 Final,C.B. STARLABS MORÓN,7,J. JIMÉNEZ GONZÁLEZ,32.0874,28.6109,False,1,COTO CÓRDOBA CB,True
COPA ESPAÑA,Play-offs 1/16 Final,C.B. STARLABS MORÓN,23,S. CHABI YO,18.6883,75.1193,False,1,COTO CÓRDOBA CB,True
COPA ESPAÑA,Play-offs 1/16 Final,C.B. STARLABS MORÓN,0,Z. WILLIAMS,8.11001,48.7771,False,1,COTO CÓRDOBA CB,True
COPA ESPAÑA,Play-offs 1/16 Final,C.B. STARLABS MORÓN,27,A. BURGOS CABALLERO,29.266599999999997,20.3433,True,1,COTO CÓRDOBA CB,True
COPA ESPAÑA,Play-offs 1/16 Final,C.B. STARLABS MORÓN,8,G. FERNANDEZ DIAZ,7.75741,49.4073,False,1,COTO CÓRDOBA CB,True
COPA ESPAÑA,Play-offs 1/16 Final,C.B. STARLABS MORÓN,7,J. JIMÉNEZ GONZÁLEZ,28.984499999999997,84.24510000000001,True,1,COTO CÓRDOBA CB,True
COPA ESPAÑA,Play-offs 1/16 Final,C.B. STARLABS MORÓN,27,A. BURGOS CABALLERO,31.029600000000002,76.5567,True,1,COTO CÓRDOBA CB,True
COPA ESPAÑA,Play-offs 1/16 Final,C.B. STARLABS MORÓN,13,A. MARIN ORTEGA,12.835,75.3714,False,1,COTO CÓRDOBA CB,True
COPA ESPAÑA,Play-offs 1/16 Final,C.B. STARLABS MORÓN,23,S. CHABI YO,23.6953,93.7731,False,1,COTO CÓRDOBA CB,True
COPA ESPAÑA,Play-offs 1/16 Final,C.B. STARLABS MORÓN,10,A. HERRERA DOMINGUEZ,4.79549,53.4406,True,1,COTO CÓRDOBA CB,True
COPA ESPAÑA,Play-offs 1/16 Final,C.B. STARLABS MORÓN,13,A. MARIN ORTEGA,30.536,22.738,True,1,COTO CÓRDOBA CB,True
COPA ESPAÑA,Play-offs 1/16 Final,C.B. STARLABS MORÓN,85,S. CORREIA,5.1481,53.9447,True,1,COTO CÓRDOBA CB,True
COPA ESPAÑA,Play-offs 1/16 Final,C.B. STARLABS MORÓN,27,A. BURGOS CABALLERO,25.0353,10.7133,False,1,COTO CÓRDOBA CB,True
COPA ESPAÑA,Play-offs 1/16 Final,C.B. STARLABS MORÓN,27,A. BURGOS CABALLERO,10.5783,24.8297,False,1,COTO CÓRDOBA CB,True
COPA ESPAÑA,Play-offs 1/16 Final,C.B. STARLABS MORÓN,0,Z. WILLIAMS,32.8632,74.9932,False,1,COTO CÓRDOBA CB,True
COPA ESPAÑA,Play-offs 1/16 Final,C.B. STARLABS MORÓN,45,V. ORLOV STURMAN MAURIN,7.19323,52.3062,True,1,COTO CÓRDOBA CB,True
COPA ESPAÑA,Play-offs 1/16 Final,C.B. STARLABS MORÓN,7,J. JIMÉNEZ GONZÁLEZ,5.71227,51.9281,True,1,COTO CÓRDOBA CB,True
COPA ESPAÑA,Play-offs 1/16 Final,C.B. STARLABS MORÓN,23,S. CHABI YO,18.1241,74.9932,True,1,COTO CÓRDOBA CB,True
COPA ESPAÑA,Play-offs 1/16 Final,C.B. STARLABS MORÓN,23,S. CHABI YO,23.765900000000002,50.3406,False,1,COTO CÓRDOBA CB,True
COPA ESPAÑA,Play-offs 1/16 Final,C.B. STARLABS MORÓN,13,A. MARIN ORTEGA,30.536,21.603700000000003,False,1,COTO CÓRDOBA CB,True
COPA ESPAÑA,Play-offs 1/16 Final,C.B. STARLABS MORÓN,0,Z. WILLIAMS,6.911100000000005,48.8281,False,1,COTO CÓRDOBA CB,True
COPA ESPAÑA,Play-offs 1/16 Final,C.B. STARLABS MORÓN,27,A. BURGOS CABALLERO,30.606499999999997,72.1454,True,1,COTO CÓRDOBA CB,True
COPA ESPAÑA,Play-offs 1/16 Final,C.B. STARLABS MORÓN,0,Z. WILLIAMS,10.6488,94.1512,False,1,COTO CÓRDOBA CB,True
COPA ESPAÑA,Play-offs 1/16 Final,C.B. STARLABS MORÓN,0,Z. WILLIAMS,3.737700000000004,50.9708,False,1,COTO CÓRDOBA CB,True
COPA ESPAÑA,Play-offs 1/16 Final,C.B. STARLABS MORÓN,23,S. CHABI YO,9.23836,48.0209,True,1,COTO CÓRDOBA CB,True
COPA ESPAÑA,Play-offs 1/16 Final,C.B. STARLABS MORÓN,27,A. BURGOS CABALLERO,5.007099999999994,49.2063,True,1,COTO CÓRDOBA CB,True
COPA ESPAÑA,Play-offs 1/16 Final,C.B. STARLABS MORÓN,13,A. MARIN ORTEGA,32.5106,21.5527,False,1,COTO CÓRDOBA CB,True
COPA ESPAÑA,Play-offs 1/16 Final,C.B. STARLABS MORÓN,13,A. MARIN ORTEGA,33.6389,30.8796,False,1,COTO CÓRDOBA CB,True
COPA ESPAÑA,Play-offs 1/16 Final,C.B. STARLABS MORÓN,7,J. JIMÉNEZ GONZÁLEZ,32.0874,16.940200000000004,False,1,COTO CÓRDOBA CB,True
COPA ESPAÑA,Play-offs 1/16 Final,C.B. STARLABS MORÓN,27,A. BURGOS CABALLERO,8.744699999999995,5.848799999999997,False,1,COTO CÓRDOBA CB,True
COPA ESPAÑA,Play-offs 1/16 Final,C.B. STARLABS MORÓN,13,A. MARIN ORTEGA,27.644599999999997,80.96809999999999,False,1,COTO CÓRDOBA CB,True
COPA ESPAÑA,Play-offs 1/16 Final,C.B. STARLABS MORÓN,85,S. CORREIA,11.4245,49.7854,True,1,COTO CÓRDOBA CB,True
COPA ESPAÑA,Play-offs 1/16 Final,C.B. STARLABS MORÓN,85,S. CORREIA,31.100099999999998,71.5152,False,1,COTO CÓRDOBA CB,True
COPA ESPAÑA,Play-offs 1/16 Final,C.B. STARLABS MORÓN,13,A. MARIN ORTEGA,3.385000000000005,49.9625,False,1,COTO CÓRDOBA CB,True
COPA ESPAÑA,Play-offs 1/16 Final,C.B. STARLABS MORÓN,8,G. FERNANDEZ DIAZ,5.994399999999999,48.1979,True,1,COTO CÓRDOBA CB,True
COPA ESPAÑA,Play-offs 1/16 Final,C.B. STARLABS MORÓN,85,S. CORREIA,12.835,75.3714,True,1,COTO CÓRDOBA CB,True
COPA ESPAÑA,Play-offs 1/16 Final,C.B. STARLABS MORÓN,45,V. ORLOV STURMAN MAURIN,17.5599,23.1912,False,1,COTO CÓRDOBA CB,True
COPA ESPAÑA,Play-offs 1/16 Final,C.B. STARLABS MORÓN,13,A. MARIN ORTEGA,4.65444,50.1636,True,1,COTO CÓRDOBA CB,True
COPA ESPAÑA,Play-offs 1/16 Final,C.B. STARLABS MORÓN,7,J. JIMÉNEZ GONZÁLEZ,29.689700000000002,22.738,False,1,COTO CÓRDOBA CB,True
COPA ESPAÑA,Play-offs 1/16 Final,C.B. STARLABS MORÓN,0,Z. WILLIAMS,30.3244,79.4046,False,1,COTO CÓRDOBA CB,True
COPA ESPAÑA,Play-offs 1/16 Final,C.B. STARLABS MORÓN,13,A. MARIN ORTEGA,7.616399999999999,49.3323,False,1,COTO CÓRDOBA CB,True
COPA ESPAÑA,Play-offs 1/16 Final,C.B. STARLABS MORÓN,23,S. CHABI YO,6.84062,51.1719,True,1,COTO CÓRDOBA CB,True
COPA ESPAÑA,Play-offs 1/16 Final,C.B. STARLABS MORÓN,0,Z. WILLIAMS,3.8081999999999994,50.8448,True,1,COTO CÓRDOBA CB,True
COPA ESPAÑA,Play-offs 1/16 Final,C.B. STARLABS MORÓN,27,A. BURGOS CABALLERO,30.2539,78.0182,True,1,COTO CÓRDOBA CB,True
COPA ESPAÑA,Play-offs 1/16 Final,C.B. STARLABS MORÓN,7,J. JIMÉNEZ GONZÁLEZ,14.104399999999998,73.65780000000001,True,1,COTO CÓRDOBA CB,True
COPA ESPAÑA,Play-offs 1/16 Final,C.B. STARLABS MORÓN,0,Z. WILLIAMS,4.936499999999995,48.324,True,1,COTO CÓRDOBA CB,True
COPA ESPAÑA,Play-offs 1/16 Final,C.B. STARLABS MORÓN,7,J. JIMÉNEZ GONZÁLEZ,29.478099999999998,16.5621,True,1,COTO CÓRDOBA CB,True
COPA ESPAÑA,Play-offs 1/16 Final,C.B. STARLABS MORÓN,0,Z. WILLIAMS,28.279300000000006,81.4723,True,1,COTO CÓRDOBA CB,True
COPA ESPAÑA,Play-offs 1/16 Final,C.B. STARLABS MORÓN,23,S. CHABI YO,8.039500000000004,94.07616,False,1,COTO CÓRDOBA CB,True
COPA ESPAÑA,Play-offs 1/16 Final,C.B. STARLABS MORÓN,85,S. CORREIA,11.4245,54.953,False,1,COTO CÓRDOBA CB,True
COPA ESPAÑA,Play-offs 1/16 Final,C.B. STARLABS MORÓN,0,Z. WILLIAMS,6.91114,50.6677,False,1,COTO CÓRDOBA CB,True
COPA ESPAÑA,Play-offs 1/16 Final,C.B. STARLABS MORÓN,85,S. CORREIA,11.354,95.7897,True,1,COTO CÓRDOBA CB,True
COPA ESPAÑA,Play-offs 1/16 Final,C.B. STARLABS MORÓN,27,A. BURGOS CABALLERO,28.067700000000002,81.3462,True,1,COTO CÓRDOBA CB,True
COPA ESPAÑA,Play-offs 1/16 Final,C.B. STARLABS MORÓN,27,A. BURGOS CABALLERO,11.354,95.7897,False,1,COTO CÓRDOBA CB,True
COPA ESPAÑA,Play-offs 1/16 Final,C.B. STARLABS MORÓN,0,Z. WILLIAMS,4.4428999999999945,49.4583,True,1,COTO CÓRDOBA CB,True
COPA ESPAÑA,Play-offs 1/16 Final,C.B. STARLABS MORÓN,7,J. JIMÉNEZ GONZÁLEZ,9.59097,93.647,True,1,COTO CÓRDOBA CB,True
COPA ESPAÑA,Play-offs 1/16 Final,C.B. STARLABS MORÓN,0,Z. WILLIAMS,4.93653,52.9364,True,1,COTO CÓRDOBA CB,True
COPA ESPAÑA,Play-offs 1/16 Final,COTO CÓRDOBA CB,4,J. BLACK,4.79549,49.2813,True,1,C.B. STARLABS MORÓN,False
COPA ESPAÑA,Play-offs 1/16 Final,COTO CÓRDOBA CB,10,G. OROZCO DOMINGUEZ,4.936499999999995,48.7021,True,1,C.B. STARLABS MORÓN,False
COPA ESPAÑA,Play-offs 1/16 Final,COTO CÓRDOBA CB,4,J. BLACK,15.655900000000003,71.26310000000001,False,1,C.B. STARLABS MORÓN,False
COPA ESPAÑA,Play-offs 1/16 Final,COTO CÓRDOBA CB,8,S. NDIAYE,11.424499999999995,81.7243,False,1,C.B. STARLABS MORÓN,False
COPA ESPAÑA,Play-offs 1/16 Final,COTO CÓRDOBA CB,35,J. SIENCHE GUEMETA,8.53315,51.55,True,1,C.B. STARLABS MORÓN,False
COPA ESPAÑA,Play-offs 1/16 Final,COTO CÓRDOBA CB,35,J. SIENCHE GUEMETA,23.4838,9.95709,False,1,C.B. STARLABS MORÓN,False
COPA ESPAÑA,Play-offs 1/16 Final,COTO CÓRDOBA CB,27,F. BELLO MOURE,12.623400000000004,94.70636,True,1,C.B. STARLABS MORÓN,False
COPA ESPAÑA,Play-offs 1/16 Final,COTO CÓRDOBA CB,27,F. BELLO MOURE,5.359700000000004,48.8281,False,1,C.B. STARLABS MORÓN,False
COPA ESPAÑA,Play-offs 1/16 Final,COTO CÓRDOBA CB,7,A. RODRIGUEZ AGUILAR,7.757400000000004,48.1979,True,1,C.B. STARLABS MORÓN,False
COPA ESPAÑA,Play-offs 1/16 Final,COTO CÓRDOBA CB,1,L. SORENSEN,3.737700000000004,49.4583,False,1,C.B. STARLABS MORÓN,False
COPA ESPAÑA,Play-offs 1/16 Final,COTO CÓRDOBA CB,35,J. SIENCHE GUEMETA,29.055,18.5277,True,1,C.B. STARLABS MORÓN,False
COPA ESPAÑA,Play-offs 1/16 Final,COTO CÓRDOBA CB,35,J. SIENCHE GUEMETA,28.7024,87.219,False,1,C.B. STARLABS MORÓN,False
COPA ESPAÑA,Play-offs 1/16 Final,COTO CÓRDOBA CB,4,J. BLACK,9.44993,50.0375,False,1,C.B. STARLABS MORÓN,False
COPA ESPAÑA,Play-offs 1/16 Final,COTO CÓRDOBA CB,1,L. SORENSEN,8.3921,53.3145,True,1,C.B. STARLABS MORÓN,False
COPA ESPAÑA,Play-offs 1/16 Final,COTO CÓRDOBA CB,16,P. SANCHEZ INFANTES,12.1298,28.7369,True,1,C.B. STARLABS MORÓN,False
COPA ESPAÑA,Play-offs 1/16 Final,COTO CÓRDOBA CB,4,J. BLACK,28.843400000000003,16.688199999999995,False,1,C.B. STARLABS MORÓN,False
COPA ESPAÑA,Play-offs 1/16 Final,COTO CÓRDOBA CB,4,J. BLACK,33.7094,73.7329,False,1,C.B. STARLABS MORÓN,False
COPA ESPAÑA,Play-offs 1/16 Final,COTO CÓRDOBA CB,7,A. RODRIGUEZ AGUILAR,30.4654,84.4462,False,1,C.B. STARLABS MORÓN,False
COPA ESPAÑA,Play-offs 1/16 Final,COTO CÓRDOBA CB,15,K. SCHUTTE,4.30183,51.9281,True,1,C.B. STARLABS MORÓN,False
COPA ESPAÑA,Play-offs 1/16 Final,COTO CÓRDOBA CB,15,K. SCHUTTE,7.75741,51.8021,True,1,C.B. STARLABS MORÓN,False
COPA ESPAÑA,Play-offs 1/16 Final,COTO CÓRDOBA CB,4,J. BLACK,16.078999999999994,73.4058,False,1,C.B. STARLABS MORÓN,False
COPA ESPAÑA,Play-offs 1/16 Final,COTO CÓRDOBA CB,16,P. SANCHEZ INFANTES,24.471100000000007,90.54707,True,1,C.B. STARLABS MORÓN,False
COPA ESPAÑA,Play-offs 1/16 Final,COTO CÓRDOBA CB,35,J. SIENCHE GUEMETA,10.5783,48.6511,False,1,C.B. STARLABS MORÓN,False
COPA ESPAÑA,Play-offs 1/16 Final,COTO CÓRDOBA CB,8,S. NDIAYE,6.911100000000005,46.9376,True,1,C.B. STARLABS MORÓN,False
COPA ESPAÑA,Play-offs 1/16 Final,COTO CÓRDOBA CB,17,N. SAGNIA,24.048000000000002,46.1813,True,1,C.B. STARLABS MORÓN,False
COPA ESPAÑA,Play-offs 1/16 Final,COTO CÓRDOBA CB,16,P. SANCHEZ INFANTES,5.359700000000004,49.5844,False,1,C.B. STARLABS MORÓN,False
COPA ESPAÑA,Play-offs 1/16 Final,COTO CÓRDOBA CB,1,L. SORENSEN,5.289100000000005,47.5677,True,1,C.B. STARLABS MORÓN,False
COPA ESPAÑA,Play-offs 1/16 Final,COTO CÓRDOBA CB,4,J. BLACK,34.1326,28.7369,False,1,C.B. STARLABS MORÓN,False
COPA ESPAÑA,Play-offs 1/16 Final,COTO CÓRDOBA CB,8,S. NDIAYE,5.077600000000004,48.7021,True,1,C.B. STARLABS MORÓN,False
COPA ESPAÑA,Play-offs 1/16 Final,COTO CÓRDOBA CB,4,J. BLACK,25.5994,85.9586,False,1,C.B. STARLABS MORÓN,False
COPA ESPAÑA,Play-offs 1/16 Final,COTO CÓRDOBA CB,10,G. OROZCO DOMINGUEZ,11.7066,55.5832,False,1,C.B. STARLABS MORÓN,False
COPA ESPAÑA,Play-offs 1/16 Final,COTO CÓRDOBA CB,35,J. SIENCHE GUEMETA,28.2793,15.5028,True,1,C.B. STARLABS MORÓN,False
COPA ESPAÑA,Play-offs 1/16 Final,COTO CÓRDOBA CB,35,J. SIENCHE GUEMETA,4.513400000000004,48.9542,False,1,C.B. STARLABS MORÓN,False
COPA ESPAÑA,Play-offs 1/16 Final,COTO CÓRDOBA CB,16,P. SANCHEZ INFANTES,8.815200000000004,47.0636,True,1,C.B. STARLABS MORÓN,False
COPA ESPAÑA,Play-offs 1/16 Final,COTO CÓRDOBA CB,27,F. BELLO MOURE,4.795500000000004,49.8364,True,1,C.B. STARLABS MORÓN,False
COPA ESPAÑA,Play-offs 1/16 Final,COTO CÓRDOBA CB,4,J. BLACK,4.2313000000000045,49.4583,True,1,C.B. STARLABS MORÓN,False
COPA ESPAÑA,Play-offs 1/16 Final,COTO CÓRDOBA CB,35,J. SIENCHE GUEMETA,29.4076,84.9503,False,1,C.B. STARLABS MORÓN,False
COPA ESPAÑA,Play-offs 1/16 Final,COTO CÓRDOBA CB,4,J. BLACK,31.1707,20.9225,False,1,C.B. STARLABS MORÓN,False
COPA ESPAÑA,Play-offs 1/16 Final,COTO CÓRDOBA CB,7,A. RODRIGUEZ AGUILAR,29.689700000000002,12.906999999999996,False,1,C.B. STARLABS MORÓN,False
COPA ESPAÑA,Play-offs 1/16 Final,COTO CÓRDOBA CB,15,K. SCHUTTE,7.68688,51.9281,False,1,C.B. STARLABS MORÓN,False
COPA ESPAÑA,Play-offs 1/16 Final,COTO CÓRDOBA CB,17,N. SAGNIA,16.078999999999994,73.4058,True,1,C.B. STARLABS MORÓN,False
COPA ESPAÑA,Play-offs 1/16 Final,COTO CÓRDOBA CB,15,K. SCHUTTE,5.359700000000004,49.5844,True,1,C.B. STARLABS MORÓN,False
COPA ESPAÑA,Play-offs 1/16 Final,COTO CÓRDOBA CB,16,P. SANCHEZ INFANTES,29.1961,17.3934,True,1,C.B. STARLABS MORÓN,False
COPA ESPAÑA,Play-offs 1/16 Final,COTO CÓRDOBA CB,35,J. SIENCHE GUEMETA,29.266599999999997,20.217299999999994,False,1,C.B. STARLABS MORÓN,False
COPA ESPAÑA,Play-offs 1/16 Final,COTO CÓRDOBA CB,35,J. SIENCHE GUEMETA,30.6065,83.0598,True,1,C.B. STARLABS MORÓN,False
COPA ESPAÑA,Play-offs 1/16 Final,COTO CÓRDOBA CB,27,F. BELLO MOURE,31.5233,82.4296,False,1,C.B. STARLABS MORÓN,False
COPA ESPAÑA,Play-offs 1/16 Final,COTO CÓRDOBA CB,8,S. NDIAYE,5.782799999999995,49.9625,False,1,C.B. STARLABS MORÓN,False
COPA ESPAÑA,Play-offs 1/16 Final,COTO CÓRDOBA CB,15,K. SCHUTTE,6.27645,53.3145,False,1,C.B. STARLABS MORÓN,False
COPA ESPAÑA,Play-offs 1/16 Final,COTO CÓRDOBA CB,7,A. RODRIGUEZ AGUILAR,29.9718,76.5567,True,1,C.B. STARLABS MORÓN,False
COPA ESPAÑA,Play-offs 1/16 Final,COTO CÓRDOBA CB,35,J. SIENCHE GUEMETA,4.866,47.3157,False,1,C.B. STARLABS MORÓN,False
COPA ESPAÑA,Play-offs 1/16 Final,COTO CÓRDOBA CB,15,K. SCHUTTE,5.1480999999999995,49.8364,True,1,C.B. STARLABS MORÓN,False
COPA ESPAÑA,Play-offs 1/16 Final,COTO CÓRDOBA CB,17,N. SAGNIA,19.464,24.5026,False,1,C.B. STARLABS MORÓN,False
COPA ESPAÑA,Play-offs 1/16 Final,COTO CÓRDOBA CB,15,K. SCHUTTE,7.68688,51.9281,True,1,C.B. STARLABS MORÓN,False
COPA ESPAÑA,Play-offs 1/16 Final,COTO CÓRDOBA CB,27,F. BELLO MOURE,22.426000000000002,90.67311,True,1,C.B. STARLABS MORÓN,False
COPA ESPAÑA,Play-offs 1/16 Final,COTO CÓRDOBA CB,15,K. SCHUTTE,4.513400000000004,48.9542,True,1,C.B. STARLABS MORÓN,False
COPA ESPAÑA,Play-offs 1/16 Final,COTO CÓRDOBA CB,7,A. RODRIGUEZ AGUILAR,16.4316,78.6484,True,1,C.B. STARLABS MORÓN,False
COPA ESPAÑA,Play-offs 1/16 Final,COTO CÓRDOBA CB,4,J. BLACK,27.150899999999993,17.822500000000005,False,1,C.B. STARLABS MORÓN,False
COPA ESPAÑA,Play-offs 1/16 Final,COTO CÓRDOBA CB,7,A. RODRIGUEZ AGUILAR,9.30889,50.1636,True,1,C.B. STARLABS MORÓN,False
COPA ESPAÑA,Play-offs 1/16 Final,COTO CÓRDOBA CB,15,K. SCHUTTE,4.513400000000004,48.7021,False,1,C.B. STARLABS MORÓN,False
COPA ESPAÑA,Play-offs 1/16 Final,COTO CÓRDOBA CB,16,P. SANCHEZ INFANTES,25.67,90.4961,False,1,C.B. STARLABS MORÓN,False
COPA ESPAÑA,Play-offs 1/16 Final,COTO CÓRDOBA CB,16,P. SANCHEZ INFANTES,5.9238,50.3406,True,1,C.B. STARLABS MORÓN,False
COPA ESPAÑA,Play-offs 1/16 Final,COTO CÓRDOBA CB,8,S. NDIAYE,5.28914,51.8021,True,1,C.B. STARLABS MORÓN,False
COPA ESPAÑA,Play-offs 1/16 Final,COTO CÓRDOBA CB,27,F. BELLO MOURE,4.795500000000004,49.8364,False,1,C.B. STARLABS MORÓN,False
COPA ESPAÑA,Play-offs 1/16 Final,COTO CÓRDOBA CB,16,P. SANCHEZ INFANTES,5.853300000000004,48.324,True,1,C.B. STARLABS MORÓN,False
COPA ESPAÑA,Play-offs 1/16 Final,CULTURAL Y DEPORTIVA LEONESA,13,A. DOMINGUEZ ESPELT,10.8604,95.1595,True,1,PROINBENI UPB GANDIA,True
COPA ESPAÑA,Play-offs 1/16 Final,CULTURAL Y DEPORTIVA LEONESA,11,D. CEBOLLA PORCAR,29.055,82.1775,False,1,PROINBENI UPB GANDIA,True
COPA ESPAÑA,Play-offs 1/16 Final,CULTURAL Y DEPORTIVA LEONESA,13,A. DOMINGUEZ ESPELT,11.142499999999998,43.7866,True,1,PROINBENI UPB GANDIA,True
COPA ESPAÑA,Play-offs 1/16 Final,CULTURAL Y DEPORTIVA LEONESA,0,M. DENG,8.815200000000004,44.9209,True,1,PROINBENI UPB GANDIA,True
COPA ESPAÑA,Play-offs 1/16 Final,CULTURAL Y DEPORTIVA LEONESA,0,M. DENG,31.241200000000006,19.209000000000003,False,1,PROINBENI UPB GANDIA,True
COPA ESPAÑA,Play-offs 1/16 Final,CULTURAL Y DEPORTIVA LEONESA,33,R. LLAMAS MARTINEZ,11.636099999999999,6.731099999999998,False,1,PROINBENI UPB GANDIA,True
COPA ESPAÑA,Play-offs 1/16 Final,CULTURAL Y DEPORTIVA LEONESA,5,D. HAYMAN,12.6234,43.6095,False,1,PROINBENI UPB GANDIA,True
COPA ESPAÑA,Play-offs 1/16 Final,CULTURAL Y DEPORTIVA LEONESA,17,M. AMADASUN,10.3667,53.6926,True,1,PROINBENI UPB GANDIA,True
COPA ESPAÑA,Play-offs 1/16 Final,CULTURAL Y DEPORTIVA LEONESA,11,D. CEBOLLA PORCAR,16.22,42.7783,False,1,PROINBENI UPB GANDIA,True
COPA ESPAÑA,Play-offs 1/16 Final,CULTURAL Y DEPORTIVA LEONESA,33,R. LLAMAS MARTINEZ,11.354,51.0458,True,1,PROINBENI UPB GANDIA,True
COPA ESPAÑA,Play-offs 1/16 Final,CULTURAL Y DEPORTIVA LEONESA,10,D. BULTO CASTILLO,11.777100000000004,45.299,False,1,PROINBENI UPB GANDIA,True
COPA ESPAÑA,Play-offs 1/16 Final,CULTURAL Y DEPORTIVA LEONESA,11,D. CEBOLLA PORCAR,13.3992,49.1552,True,1,PROINBENI UPB GANDIA,True
COPA ESPAÑA,Play-offs 1/16 Final,CULTURAL Y DEPORTIVA LEONESA,5,D. HAYMAN,9.802499999999995,27.275499999999994,True,1,PROINBENI UPB GANDIA,True
COPA ESPAÑA,Play-offs 1/16 Final,CULTURAL Y DEPORTIVA LEONESA,5,D. HAYMAN,11.6361,48.273,False,1,PROINBENI UPB GANDIA,True
COPA ESPAÑA,Play-offs 1/16 Final,CULTURAL Y DEPORTIVA LEONESA,6,G. MCKAY JR,8.885800000000003,55.8863,False,1,PROINBENI UPB GANDIA,True
COPA ESPAÑA,Play-offs 1/16 Final,CULTURAL Y DEPORTIVA LEONESA,10,D. BULTO CASTILLO,11.2835,50.0375,True,1,PROINBENI UPB GANDIA,True
COPA ESPAÑA,Play-offs 1/16 Final,CULTURAL Y DEPORTIVA LEONESA,0,M. DENG,9.238399999999999,25.258799999999994,True,1,PROINBENI UPB GANDIA,True
COPA ESPAÑA,Play-offs 1/16 Final,CULTURAL Y DEPORTIVA LEONESA,13,A. DOMINGUEZ ESPELT,33.78,77.0609,False,1,PROINBENI UPB GANDIA,True
COPA ESPAÑA,Play-offs 1/16 Final,CULTURAL Y DEPORTIVA LEONESA,11,D. CEBOLLA PORCAR,35.825100000000006,29.418099999999995,False,1,PROINBENI UPB GANDIA,True
COPA ESPAÑA,Play-offs 1/16 Final,CULTURAL Y DEPORTIVA LEONESA,33,R. LLAMAS MARTINEZ,5.92384,62.5154,True,1,PROINBENI UPB GANDIA,True
COPA ESPAÑA,Play-offs 1/16 Final,CULTURAL Y DEPORTIVA LEONESA,6,G. MCKAY JR,13.046499999999995,42.9043,True,1,PROINBENI UPB GANDIA,True
COPA ESPAÑA,Play-offs 1/16 Final,CULTURAL Y DEPORTIVA LEONESA,17,M. AMADASUN,10.6488,58.2301,False,1,PROINBENI UPB GANDIA,True
COPA ESPAÑA,Play-offs 1/16 Final,CULTURAL Y DEPORTIVA LEONESA,10,D. BULTO CASTILLO,8.95628,62.6414,False,1,PROINBENI UPB GANDIA,True
COPA ESPAÑA,Play-offs 1/16 Final,CULTURAL Y DEPORTIVA LEONESA,17,M. AMADASUN,23.131200000000007,47.4417,True,1,PROINBENI UPB GANDIA,True
COPA ESPAÑA,Play-offs 1/16 Final,CULTURAL Y DEPORTIVA LEONESA,23,E. VAN DER HEIJDEN,10.8604,57.4738,True,1,PROINBENI UPB GANDIA,True
COPA ESPAÑA,Play-offs 1/16 Final,CULTURAL Y DEPORTIVA LEONESA,13,A. DOMINGUEZ ESPELT,11.706599999999995,53.4916,False,1,PROINBENI UPB GANDIA,True
COPA ESPAÑA,Play-offs 1/16 Final,CULTURAL Y DEPORTIVA LEONESA,10,D. BULTO CASTILLO,36.3893,78.32130000000001,False,1,PROINBENI UPB GANDIA,True
COPA ESPAÑA,Play-offs 1/16 Final,CULTURAL Y DEPORTIVA LEONESA,17,M. AMADASUN,13.0465,28.6109,False,1,PROINBENI UPB GANDIA,True
COPA ESPAÑA,Play-offs 1/16 Final,CULTURAL Y DEPORTIVA LEONESA,5,D. HAYMAN,19.111400000000003,73.5318,False,1,PROINBENI UPB GANDIA,True
COPA ESPAÑA,Play-offs 1/16 Final,CULTURAL Y DEPORTIVA LEONESA,10,D. BULTO CASTILLO,12.0592,56.0874,False,1,PROINBENI UPB GANDIA,True
COPA ESPAÑA,Play-offs 1/16 Final,CULTURAL Y DEPORTIVA LEONESA,33,R. LLAMAS MARTINEZ,12.552899999999994,52.7353,True,1,PROINBENI UPB GANDIA,True
COPA ESPAÑA,Play-offs 1/16 Final,CULTURAL Y DEPORTIVA LEONESA,0,M. DENG,25.951999999999998,15.931899999999999,True,1,PROINBENI UPB GANDIA,True
COPA ESPAÑA,Play-offs 1/16 Final,CULTURAL Y DEPORTIVA LEONESA,11,D. CEBOLLA PORCAR,9.873099999999994,55.8863,True,1,PROINBENI UPB GANDIA,True
COPA ESPAÑA,Play-offs 1/16 Final,CULTURAL Y DEPORTIVA LEONESA,10,D. BULTO CASTILLO,10.084599999999995,40.8877,True,1,PROINBENI UPB GANDIA,True
COPA ESPAÑA,Play-offs 1/16 Final,CULTURAL Y DEPORTIVA LEONESA,11,D. CEBOLLA PORCAR,13.258099999999999,52.1052,False,1,PROINBENI UPB GANDIA,True
COPA ESPAÑA,Play-offs 1/16 Final,CULTURAL Y DEPORTIVA LEONESA,13,A. DOMINGUEZ ESPELT,7.898399999999995,36.8544,False,1,PROINBENI UPB GANDIA,True
COPA ESPAÑA,Play-offs 1/16 Final,CULTURAL Y DEPORTIVA LEONESA,0,M. DENG,30.112799999999993,20.3433,True,1,PROINBENI UPB GANDIA,True
COPA ESPAÑA,Play-offs 1/16 Final,CULTURAL Y DEPORTIVA LEONESA,11,D. CEBOLLA PORCAR,8.039500000000004,41.0137,True,1,PROINBENI UPB GANDIA,True
COPA ESPAÑA,Play-offs 1/16 Final,CULTURAL Y DEPORTIVA LEONESA,10,D. BULTO CASTILLO,18.1946,18.7798,False,1,PROINBENI UPB GANDIA,True
COPA ESPAÑA,Play-offs 1/16 Final,CULTURAL Y DEPORTIVA LEONESA,5,D. HAYMAN,10.7898,43.3574,False,1,PROINBENI UPB GANDIA,True
COPA ESPAÑA,Play-offs 1/16 Final,CULTURAL Y DEPORTIVA LEONESA,6,G. MCKAY JR,34.485200000000006,70.5069,False,1,PROINBENI UPB GANDIA,True
COPA ESPAÑA,Play-offs 1/16 Final,CULTURAL Y DEPORTIVA LEONESA,23,E. VAN DER HEIJDEN,24.188999999999993,13.033000000000001,True,1,PROINBENI UPB GANDIA,True
COPA ESPAÑA,Play-offs 1/16 Final,CULTURAL Y DEPORTIVA LEONESA,0,M. DENG,9.87306,44.1137,False,1,PROINBENI UPB GANDIA,True
COPA ESPAÑA,Play-offs 1/16 Final,CULTURAL Y DEPORTIVA LEONESA,11,D. CEBOLLA PORCAR,12.4824,50.9198,True,1,PROINBENI UPB GANDIA,True
COPA ESPAÑA,Play-offs 1/16 Final,CULTURAL Y DEPORTIVA LEONESA,0,M. DENG,7.89845,57.2217,True,1,PROINBENI UPB GANDIA,True
COPA ESPAÑA,Play-offs 1/16 Final,CULTURAL Y DEPORTIVA LEONESA,5,D. HAYMAN,11.4951,5.67176,True,1,PROINBENI UPB GANDIA,True
COPA ESPAÑA,Play-offs 1/16 Final,CULTURAL Y DEPORTIVA LEONESA,13,A. DOMINGUEZ ESPELT,32.5106,73.8589,True,1,PROINBENI UPB GANDIA,True
COPA ESPAÑA,Play-offs 1/16 Final,CULTURAL Y DEPORTIVA LEONESA,5,D. HAYMAN,8.039500000000004,40.7616,False,1,PROINBENI UPB GANDIA,True
COPA ESPAÑA,Play-offs 1/16 Final,CULTURAL Y DEPORTIVA LEONESA,0,M. DENG,14.668499999999995,18.956900000000005,False,1,PROINBENI UPB GANDIA,True
COPA ESPAÑA,Play-offs 1/16 Final,CULTURAL Y DEPORTIVA LEONESA,17,M. AMADASUN,10.0846,44.3658,False,1,PROINBENI UPB GANDIA,True
COPA ESPAÑA,Play-offs 1/16 Final,CULTURAL Y DEPORTIVA LEONESA,13,A. DOMINGUEZ ESPELT,28.843400000000003,85.2534,True,1,PROINBENI UPB GANDIA,True
COPA ESPAÑA,Play-offs 1/16 Final,CULTURAL Y DEPORTIVA LEONESA,0,M. DENG,21.720699999999994,27.905600000000007,True,1,PROINBENI UPB GANDIA,True
COPA ESPAÑA,Play-offs 1/16 Final,CULTURAL Y DEPORTIVA LEONESA,23,E. VAN DER HEIJDEN,9.520499999999998,55.6342,True,1,PROINBENI UPB GANDIA,True
COPA ESPAÑA,Play-offs 1/16 Final,CULTURAL Y DEPORTIVA LEONESA,17,M. AMADASUN,7.616399999999999,40.3835,False,1,PROINBENI UPB GANDIA,True
COPA ESPAÑA,Play-offs 1/16 Final,CULTURAL Y DEPORTIVA LEONESA,0,M. DENG,24.1185,87.5972,False,1,PROINBENI UPB GANDIA,True
COPA ESPAÑA,Play-offs 1/16 Final,CULTURAL Y DEPORTIVA LEONESA,0,M. DENG,33.145300000000006,36.7284,True,1,PROINBENI UPB GANDIA,True
COPA ESPAÑA,Play-offs 1/16 Final,CULTURAL Y DEPORTIVA LEONESA,0,M. DENG,26.234099999999998,15.427800000000005,False,1,PROINBENI UPB GANDIA,True
COPA ESPAÑA,Play-offs 1/16 Final,CULTURAL Y DEPORTIVA LEONESA,13,A. DOMINGUEZ ESPELT,12.2003,42.2231,False,1,PROINBENI UPB GANDIA,True
COPA ESPAÑA,Play-offs 1/16 Final,CULTURAL Y DEPORTIVA LEONESA,11,D. CEBOLLA PORCAR,12.6939,44.9959,False,1,PROINBENI UPB GANDIA,True
COPA ESPAÑA,Play-offs 1/16 Final,CULTURAL Y DEPORTIVA LEONESA,13,A. DOMINGUEZ ESPELT,9.308899999999994,53.1135,False,1,PROINBENI UPB GANDIA,True
COPA ESPAÑA,Play-offs 1/16 Final,CULTURAL Y DEPORTIVA LEONESA,13,A. DOMINGUEZ ESPELT,33.1453,31.0056,False,1,PROINBENI UPB GANDIA,True
COPA ESPAÑA,Play-offs 1/16 Final,CULTURAL Y DEPORTIVA LEONESA,23,E. VAN DER HEIJDEN,10.2257,58.6082,False,1,PROINBENI UPB GANDIA,True
COPA ESPAÑA,Play-offs 1/16 Final,CULTURAL Y DEPORTIVA LEONESA,5,D. HAYMAN,33.0042,78.1442,False,1,PROINBENI UPB GANDIA,True
COPA ESPAÑA,Play-offs 1/16 Final,CULTURAL Y DEPORTIVA LEONESA,23,E. VAN DER HEIJDEN,13.5402,49.7854,True,1,PROINBENI UPB GANDIA,True
COPA ESPAÑA,Play-offs 1/16 Final,CULTURAL Y DEPORTIVA LEONESA,13,A. DOMINGUEZ ESPELT,24.33,70.96,False,1,PROINBENI UPB GANDIA,True
COPA ESPAÑA,Play-offs 1/16 Final,CULTURAL Y DEPORTIVA LEONESA,5,D. HAYMAN,13.1171,44.9959,True,1,PROINBENI UPB GANDIA,True
COPA ESPAÑA,Play-offs 1/16 Final,CULTURAL Y DEPORTIVA LEONESA,0,M. DENG,12.7645,50.7937,False,1,PROINBENI UPB GANDIA,True
COPA ESPAÑA,Play-offs 1/16 Final,CULTURAL Y DEPORTIVA LEONESA,13,A. DOMINGUEZ ESPELT,11.9887,45.122,True,1,PROINBENI UPB GANDIA,True
COPA ESPAÑA,Play-offs 1/16 Final,CULTURAL Y DEPORTIVA LEONESA,11,D. CEBOLLA PORCAR,32.0874,23.998400000000004,False,1,PROINBENI UPB GANDIA,True
COPA ESPAÑA,Play-offs 1/16 Final,CULTURAL Y DEPORTIVA LEONESA,10,D. BULTO CASTILLO,27.292,14.9987,False,1,PROINBENI UPB GANDIA,True
COPA ESPAÑA,Play-offs 1/16 Final,PROINBENI UPB GANDIA,11,J. MOLINA MARTINEZ,26.8688,86.5888,False,1,CULTURAL Y DEPORTIVA LEONESA,False
COPA ESPAÑA,Play-offs 1/16 Final,PROINBENI UPB GANDIA,13,L. FERRANDO ORTELLS,14.0339,92.8908,False,1,CULTURAL Y DEPORTIVA LEONESA,False
COPA ESPAÑA,Play-offs 1/16 Final,PROINBENI UPB GANDIA,14,D. ILINCIC,9.0268,51.2979,True,1,CULTURAL Y DEPORTIVA LEONESA,False
COPA ESPAÑA,Play-offs 1/16 Final,PROINBENI UPB GANDIA,7,K. GREELEY,10.5078,59.6165,False,1,CULTURAL Y DEPORTIVA LEONESA,False
COPA ESPAÑA,Play-offs 1/16 Final,PROINBENI UPB GANDIA,14,D. ILINCIC,11.1425,51.0458,False,1,CULTURAL Y DEPORTIVA LEONESA,False
COPA ESPAÑA,Play-offs 1/16 Final,PROINBENI UPB GANDIA,7,K. GREELEY,32.0169,19.284,False,1,CULTURAL Y DEPORTIVA LEONESA,False
COPA ESPAÑA,Play-offs 1/16 Final,PROINBENI UPB GANDIA,7,K. GREELEY,8.180499999999995,40.5096,True,1,CULTURAL Y DEPORTIVA LEONESA,False
COPA ESPAÑA,Play-offs 1/16 Final,PROINBENI UPB GANDIA,7,K. GREELEY,26.657300000000006,13.411199999999994,False,1,CULTURAL Y DEPORTIVA LEONESA,False
COPA ESPAÑA,Play-offs 1/16 Final,PROINBENI UPB GANDIA,6,C. HURTADO CERVANTES,8.88575,45.7522,True,1,CULTURAL Y DEPORTIVA LEONESA,False
COPA ESPAÑA,Play-offs 1/16 Final,PROINBENI UPB GANDIA,6,C. HURTADO CERVANTES,33.0042,71.7162,False,1,CULTURAL Y DEPORTIVA LEONESA,False
COPA ESPAÑA,Play-offs 1/16 Final,PROINBENI UPB GANDIA,14,D. ILINCIC,11.1425,49.0292,True,1,CULTURAL Y DEPORTIVA LEONESA,False
COPA ESPAÑA,Play-offs 1/16 Final,PROINBENI UPB GANDIA,35,J. BITJAA KODY,10.1551,46.5084,True,1,CULTURAL Y DEPORTIVA LEONESA,False
COPA ESPAÑA,Play-offs 1/16 Final,PROINBENI UPB GANDIA,7,K. GREELEY,10.296199999999999,56.1384,False,1,CULTURAL Y DEPORTIVA LEONESA,False
COPA ESPAÑA,Play-offs 1/16 Final,PROINBENI UPB GANDIA,13,L. FERRANDO ORTELLS,9.80254,53.5666,False,1,CULTURAL Y DEPORTIVA LEONESA,False
COPA ESPAÑA,Play-offs 1/16 Final,PROINBENI UPB GANDIA,14,D. ILINCIC,9.94358,43.4835,True,1,CULTURAL Y DEPORTIVA LEONESA,False
COPA ESPAÑA,Play-offs 1/16 Final,PROINBENI UPB GANDIA,5,G. PEREZ RAMIREZ,36.8829,75.2963,False,1,CULTURAL Y DEPORTIVA LEONESA,False
COPA ESPAÑA,Play-offs 1/16 Final,PROINBENI UPB GANDIA,14,D. ILINCIC,10.2257,44.4918,True,1,CULTURAL Y DEPORTIVA LEONESA,False
COPA ESPAÑA,Play-offs 1/16 Final,PROINBENI UPB GANDIA,7,K. GREELEY,14.0338,48.324,False,1,CULTURAL Y DEPORTIVA LEONESA,False
COPA ESPAÑA,Play-offs 1/16 Final,PROINBENI UPB GANDIA,13,L. FERRANDO ORTELLS,24.894199999999998,86.0097,False,1,CULTURAL Y DEPORTIVA LEONESA,False
COPA ESPAÑA,Play-offs 1/16 Final,PROINBENI UPB GANDIA,7,K. GREELEY,22.2849,53.5666,True,1,CULTURAL Y DEPORTIVA LEONESA,False
COPA ESPAÑA,Play-offs 1/16 Final,PROINBENI UPB GANDIA,14,D. ILINCIC,11.988699999999994,51.9791,True,1,CULTURAL Y DEPORTIVA LEONESA,False
COPA ESPAÑA,Play-offs 1/16 Final,PROINBENI UPB GANDIA,14,D. ILINCIC,6.2059,39.6273,True,1,CULTURAL Y DEPORTIVA LEONESA,False
COPA ESPAÑA,Play-offs 1/16 Final,PROINBENI UPB GANDIA,13,L. FERRANDO ORTELLS,7.61636,61.0029,True,1,CULTURAL Y DEPORTIVA LEONESA,False
COPA ESPAÑA,Play-offs 1/16 Final,PROINBENI UPB GANDIA,22,J. SANTANA LUCHORO,10.7193,47.5167,False,1,CULTURAL Y DEPORTIVA LEONESA,False
COPA ESPAÑA,Play-offs 1/16 Final,PROINBENI UPB GANDIA,15,M. MONTILLA DIAZ,9.732,40.0054,True,1,CULTURAL Y DEPORTIVA LEONESA,False
COPA ESPAÑA,Play-offs 1/16 Final,PROINBENI UPB GANDIA,7,K. GREELEY,31.805400000000006,23.746399999999994,False,1,CULTURAL Y DEPORTIVA LEONESA,False
COPA ESPAÑA,Play-offs 1/16 Final,PROINBENI UPB GANDIA,24,A. BELLVER VALIENTE,12.4118,50.7187,False,1,CULTURAL Y DEPORTIVA LEONESA,False
COPA ESPAÑA,Play-offs 1/16 Final,PROINBENI UPB GANDIA,14,D. ILINCIC,7.334299999999999,39.8794,False,1,CULTURAL Y DEPORTIVA LEONESA,False
COPA ESPAÑA,Play-offs 1/16 Final,PROINBENI UPB GANDIA,22,J. SANTANA LUCHORO,9.238399999999999,42.6522,False,1,CULTURAL Y DEPORTIVA LEONESA,False
COPA ESPAÑA,Play-offs 1/16 Final,PROINBENI UPB GANDIA,22,J. SANTANA LUCHORO,9.1678,45.6772,False,1,CULTURAL Y DEPORTIVA LEONESA,False
COPA ESPAÑA,Play-offs 1/16 Final,PROINBENI UPB GANDIA,16,J. SOLER CIRUJEDA,24.894199999999998,89.5388,True,1,CULTURAL Y DEPORTIVA LEONESA,False
COPA ESPAÑA,Play-offs 1/16 Final,PROINBENI UPB GANDIA,5,G. PEREZ RAMIREZ,9.59097,86.967,False,1,CULTURAL Y DEPORTIVA LEONESA,False
COPA ESPAÑA,Play-offs 1/16 Final,PROINBENI UPB GANDIA,6,C. HURTADO CERVANTES,7.68688,59.4904,True,1,CULTURAL Y DEPORTIVA LEONESA,False
COPA ESPAÑA,Play-offs 1/16 Final,PROINBENI UPB GANDIA,14,D. ILINCIC,12.3413,54.701,False,1,CULTURAL Y DEPORTIVA LEONESA,False
COPA ESPAÑA,Play-offs 1/16 Final,PROINBENI UPB GANDIA,6,C. HURTADO CERVANTES,31.029600000000002,78.8254,True,1,CULTURAL Y DEPORTIVA LEONESA,False
COPA ESPAÑA,Play-offs 1/16 Final,PROINBENI UPB GANDIA,13,L. FERRANDO ORTELLS,44.2172,32.569100000000006,False,1,CULTURAL Y DEPORTIVA LEONESA,False
COPA ESPAÑA,Play-offs 1/16 Final,PROINBENI UPB GANDIA,35,J. BITJAA KODY,33.92100000000001,37.9888,False,1,CULTURAL Y DEPORTIVA LEONESA,False
COPA ESPAÑA,Play-offs 1/16 Final,PROINBENI UPB GANDIA,24,A. BELLVER VALIENTE,27.573999999999998,91.42934,True,1,CULTURAL Y DEPORTIVA LEONESA,False
COPA ESPAÑA,Play-offs 1/16 Final,PROINBENI UPB GANDIA,6,C. HURTADO CERVANTES,31.946399999999997,78.32130000000001,False,1,CULTURAL Y DEPORTIVA LEONESA,False
COPA ESPAÑA,Play-offs 1/16 Final,PROINBENI UPB GANDIA,7,K. GREELEY,13.3286,43.9876,False,1,CULTURAL Y DEPORTIVA LEONESA,False
COPA ESPAÑA,Play-offs 1/16 Final,PROINBENI UPB GANDIA,7,K. GREELEY,7.968999999999994,40.7616,True,1,CULTURAL Y DEPORTIVA LEONESA,False
COPA ESPAÑA,Play-offs 1/16 Final,PROINBENI UPB GANDIA,35,J. BITJAA KODY,12.1298,52.3062,True,1,CULTURAL Y DEPORTIVA LEONESA,False
COPA ESPAÑA,Play-offs 1/16 Final,PROINBENI UPB GANDIA,13,L. FERRANDO ORTELLS,31.100099999999998,25.510900000000007,False,1,CULTURAL Y DEPORTIVA LEONESA,False
COPA ESPAÑA,Play-offs 1/16 Final,PROINBENI UPB GANDIA,14,D. ILINCIC,35.1199,64.532,True,1,CULTURAL Y DEPORTIVA LEONESA,False
COPA ESPAÑA,Play-offs 1/16 Final,PROINBENI UPB GANDIA,5,G. PEREZ RAMIREZ,12.4118,28.989,True,1,CULTURAL Y DEPORTIVA LEONESA,False
COPA ESPAÑA,Play-offs 1/16 Final,PROINBENI UPB GANDIA,7,K. GREELEY,11.0014,49.2813,True,1,CULTURAL Y DEPORTIVA LEONESA,False
COPA ESPAÑA,Play-offs 1/16 Final,PROINBENI UPB GANDIA,11,J. MOLINA MARTINEZ,28.6319,82.6066,True,1,CULTURAL Y DEPORTIVA LEONESA,False
COPA ESPAÑA,Play-offs 1/16 Final,PROINBENI UPB GANDIA,14,D. ILINCIC,13.187600000000003,50.9708,True,1,CULTURAL Y DEPORTIVA LEONESA,False
COPA ESPAÑA,Play-offs 1/16 Final,PROINBENI UPB GANDIA,14,D. ILINCIC,10.1551,43.2314,True,1,CULTURAL Y DEPORTIVA LEONESA,False
COPA ESPAÑA,Play-offs 1/16 Final,PROINBENI UPB GANDIA,24,A. BELLVER VALIENTE,10.3667,94.2772,False,1,CULTURAL Y DEPORTIVA LEONESA,False
COPA ESPAÑA,Play-offs 1/16 Final,PROINBENI UPB GANDIA,14,D. ILINCIC,10.4372,46.2563,True,1,CULTURAL Y DEPORTIVA LEONESA,False
COPA ESPAÑA,Play-offs 1/16 Final,PROINBENI UPB GANDIA,7,K. GREELEY,22.143900000000002,8.495599999999996,False,1,CULTURAL Y DEPORTIVA LEONESA,False
COPA ESPAÑA,Play-offs 1/16 Final,PROINBENI UPB GANDIA,22,J. SANTANA LUCHORO,24.753200000000007,91.9335,False,1,CULTURAL Y DEPORTIVA LEONESA,False
COPA ESPAÑA,Play-offs 1/16 Final,PROINBENI UPB GANDIA,24,A. BELLVER VALIENTE,35.754599999999996,21.981800000000007,False,1,CULTURAL Y DEPORTIVA LEONESA,False
COPA ESPAÑA,Play-offs 1/16 Final,PROINBENI UPB GANDIA,7,K. GREELEY,10.930899999999994,57.7769,False,1,CULTURAL Y DEPORTIVA LEONESA,False
COPA ESPAÑA,Play-offs 1/16 Final,PROINBENI UPB GANDIA,22,J. SANTANA LUCHORO,9.80254,53.5666,False,1,CULTURAL Y DEPORTIVA LEONESA,False
COPA ESPAÑA,Play-offs 1/16 Final,PROINBENI UPB GANDIA,14,D. ILINCIC,8.180499999999995,44.5428,True,1,CULTURAL Y DEPORTIVA LEONESA,False
COPA ESPAÑA,Play-offs 1/16 Final,PROINBENI UPB GANDIA,24,A. BELLVER VALIENTE,11.7772,94.2772,True,1,CULTURAL Y DEPORTIVA LEONESA,False
COPA ESPAÑA,Play-offs 1/16 Final,PROINBENI UPB GANDIA,35,J. BITJAA KODY,9.6615,56.7176,True,1,CULTURAL Y DEPORTIVA LEONESA,False
COPA ESPAÑA,Play-offs 1/16 Final,PROINBENI UPB GANDIA,16,J. SOLER CIRUJEDA,9.80254,53.5666,True,1,CULTURAL Y DEPORTIVA LEONESA,False
COPA ESPAÑA,Play-offs 1/16 Final,PROINBENI UPB GANDIA,6,C. HURTADO CERVANTES,12.976,50.5417,False,1,CULTURAL Y DEPORTIVA LEONESA,False
COPA ESPAÑA,Play-offs 1/16 Final,PROINBENI UPB GANDIA,24,A. BELLVER VALIENTE,32.9337,20.1663,True,1,CULTURAL Y DEPORTIVA LEONESA,False
COPA ESPAÑA,Play-offs 1/16 Final,LOBE HUESCA LA MAGIA,6,I. CORRALIZA COBA,10.5783,48.1469,True,1,BUENO ARENAS ALBACETE BASKET,True
COPA ESPAÑA,Play-offs 1/16 Final,LOBE HUESCA LA MAGIA,2,J. WELLS,24.6827,14.2424,False,1,BUENO ARENAS ALBACETE BASKET,True
COPA ESPAÑA,Play-offs 1/16 Final,LOBE HUESCA LA MAGIA,11,A. BADMUS,16.854699999999994,47.9459,True,1,BUENO ARENAS ALBACETE BASKET,True
COPA ESPAÑA,Play-offs 1/16 Final,LOBE HUESCA LA MAGIA,2,J. WELLS,10.7193,43.1054,False,1,BUENO ARENAS ALBACETE BASKET,True
COPA ESPAÑA,Play-offs 1/16 Final,LOBE HUESCA LA MAGIA,4,I. TERREROS RIVAS,10.6488,91.7564,False,1,BUENO ARENAS ALBACETE BASKET,True
COPA ESPAÑA,Play-offs 1/16 Final,LOBE HUESCA LA MAGIA,2,J. WELLS,10.5078,40.4585,False,1,BUENO ARENAS ALBACETE BASKET,True
COPA ESPAÑA,Play-offs 1/16 Final,LOBE HUESCA LA MAGIA,77,G. VAZQUEZ VALLEJO,34.3441,63.4487,True,1,BUENO ARENAS ALBACETE BASKET,True
COPA ESPAÑA,Play-offs 1/16 Final,LOBE HUESCA LA MAGIA,2,J. WELLS,5.500699999999995,7.109200000000001,True,1,BUENO ARENAS ALBACETE BASKET,True
COPA ESPAÑA,Play-offs 1/16 Final,LOBE HUESCA LA MAGIA,9,M. CARREIRA KREPS,16.1495,43.7356,False,1,BUENO ARENAS ALBACETE BASKET,True
COPA ESPAÑA,Play-offs 1/16 Final,LOBE HUESCA LA MAGIA,5,H. FIGUEROA ÁLVAREZ,14.3865,51.9281,True,1,BUENO ARENAS ALBACETE BASKET,True
COPA ESPAÑA,Play-offs 1/16 Final,LOBE HUESCA LA MAGIA,10,J. FRITZ,9.661500000000004,63.1966,True,1,BUENO ARENAS ALBACETE BASKET,True
COPA ESPAÑA,Play-offs 1/16 Final,LOBE HUESCA LA MAGIA,4,I. TERREROS RIVAS,9.23836,5.7978,False,1,BUENO ARENAS ALBACETE BASKET,True
COPA ESPAÑA,Play-offs 1/16 Final,LOBE HUESCA LA MAGIA,77,G. VAZQUEZ VALLEJO,18.547200000000004,43.5345,True,1,BUENO ARENAS ALBACETE BASKET,True
COPA ESPAÑA,Play-offs 1/16 Final,LOBE HUESCA LA MAGIA,11,A. BADMUS,33.0042,55.5832,True,1,BUENO ARENAS ALBACETE BASKET,True
COPA ESPAÑA,Play-offs 1/16 Final,LOBE HUESCA LA MAGIA,11,A. BADMUS,13.963300000000004,47.8198,False,1,BUENO ARENAS ALBACETE BASKET,True
COPA ESPAÑA,Play-offs 1/16 Final,LOBE HUESCA LA MAGIA,11,A. BADMUS,16.854699999999994,41.0137,False,1,BUENO ARENAS ALBACETE BASKET,True
COPA ESPAÑA,Play-offs 1/16 Final,LOBE HUESCA LA MAGIA,11,A. BADMUS,13.046499999999995,41.6439,False,1,BUENO ARENAS ALBACETE BASKET,True
COPA ESPAÑA,Play-offs 1/16 Final,LOBE HUESCA LA MAGIA,2,J. WELLS,35.26090000000001,62.1883,False,1,BUENO ARENAS ALBACETE BASKET,True
COPA ESPAÑA,Play-offs 1/16 Final,LOBE HUESCA LA MAGIA,77,G. VAZQUEZ VALLEJO,11.0719,52.0541,True,1,BUENO ARENAS ALBACETE BASKET,True
COPA ESPAÑA,Play-offs 1/16 Final,LOBE HUESCA LA MAGIA,2,J. WELLS,31.2412,31.5098,True,1,BUENO ARENAS ALBACETE BASKET,True
COPA ESPAÑA,Play-offs 1/16 Final,LOBE HUESCA LA MAGIA,6,I. CORRALIZA COBA,33.92100000000001,62.1883,True,1,BUENO ARENAS ALBACETE BASKET,True
COPA ESPAÑA,Play-offs 1/16 Final,LOBE HUESCA LA MAGIA,10,J. FRITZ,35.825100000000006,38.745,True,1,BUENO ARENAS ALBACETE BASKET,True
COPA ESPAÑA,Play-offs 1/16 Final,LOBE HUESCA LA MAGIA,5,H. FIGUEROA ÁLVAREZ,29.5487,24.4516,True,1,BUENO ARENAS ALBACETE BASKET,True
COPA ESPAÑA,Play-offs 1/16 Final,LOBE HUESCA LA MAGIA,6,I. CORRALIZA COBA,32.158,29.040000000000006,False,1,BUENO ARENAS ALBACETE BASKET,True
COPA ESPAÑA,Play-offs 1/16 Final,LOBE HUESCA LA MAGIA,10,J. FRITZ,8.03949,41.0887,False,1,BUENO ARENAS ALBACETE BASKET,True
COPA ESPAÑA,Play-offs 1/16 Final,LOBE HUESCA LA MAGIA,5,H. FIGUEROA ÁLVAREZ,32.7927,66.2966,True,1,BUENO ARENAS ALBACETE BASKET,True
COPA ESPAÑA,Play-offs 1/16 Final,LOBE HUESCA LA MAGIA,15,P. LOPEZ-SANVICENTE RETA,11.495099999999994,44.6688,True,1,BUENO ARENAS ALBACETE BASKET,True
COPA ESPAÑA,Play-offs 1/16 Final,LOBE HUESCA LA MAGIA,5,H. FIGUEROA ÁLVAREZ,31.5233,73.1027,False,1,BUENO ARENAS ALBACETE BASKET,True
COPA ESPAÑA,Play-offs 1/16 Final,LOBE HUESCA LA MAGIA,6,I. CORRALIZA COBA,13.1171,50.5417,False,1,BUENO ARENAS ALBACETE BASKET,True
COPA ESPAÑA,Play-offs 1/16 Final,LOBE HUESCA LA MAGIA,6,I. CORRALIZA COBA,24.5416,63.9018,False,1,BUENO ARENAS ALBACETE BASKET,True
COPA ESPAÑA,Play-offs 1/16 Final,LOBE HUESCA LA MAGIA,11,A. BADMUS,11.9887,50.5417,False,1,BUENO ARENAS ALBACETE BASKET,True
COPA ESPAÑA,Play-offs 1/16 Final,LOBE HUESCA LA MAGIA,15,P. LOPEZ-SANVICENTE RETA,9.026799999999994,94.70636,True,1,BUENO ARENAS ALBACETE BASKET,True
COPA ESPAÑA,Play-offs 1/16 Final,LOBE HUESCA LA MAGIA,15,P. LOPEZ-SANVICENTE RETA,15.3032,59.7425,False,1,BUENO ARENAS ALBACETE BASKET,True
COPA ESPAÑA,Play-offs 1/16 Final,LOBE HUESCA LA MAGIA,5,H. FIGUEROA ÁLVAREZ,27.8561,19.7881,False,1,BUENO ARENAS ALBACETE BASKET,True
COPA ESPAÑA,Play-offs 1/16 Final,LOBE HUESCA LA MAGIA,11,A. BADMUS,12.4118,50.2146,True,1,BUENO ARENAS ALBACETE BASKET,True
COPA ESPAÑA,Play-offs 1/16 Final,LOBE HUESCA LA MAGIA,77,G. VAZQUEZ VALLEJO,10.1551,92.7648,False,1,BUENO ARENAS ALBACETE BASKET,True
COPA ESPAÑA,Play-offs 1/16 Final,LOBE HUESCA LA MAGIA,15,P. LOPEZ-SANVICENTE RETA,11.847700000000003,56.8946,True,1,BUENO ARENAS ALBACETE BASKET,True
COPA ESPAÑA,Play-offs 1/16 Final,LOBE HUESCA LA MAGIA,2,J. WELLS,31.3117,70.4558,False,1,BUENO ARENAS ALBACETE BASKET,True
COPA ESPAÑA,Play-offs 1/16 Final,LOBE HUESCA LA MAGIA,10,J. FRITZ,31.5233,51.2979,True,1,BUENO ARENAS ALBACETE BASKET,True
COPA ESPAÑA,Play-offs 1/16 Final,LOBE HUESCA LA MAGIA,2,J. WELLS,16.2906,56.2134,False,1,BUENO ARENAS ALBACETE BASKET,True
COPA ESPAÑA,Play-offs 1/16 Final,LOBE HUESCA LA MAGIA,9,M. CARREIRA KREPS,10.2962,74.3631,False,1,BUENO ARENAS ALBACETE BASKET,True
COPA ESPAÑA,Play-offs 1/16 Final,LOBE HUESCA LA MAGIA,2,J. WELLS,26.9394,17.2674,True,1,BUENO ARENAS ALBACETE BASKET,True
COPA ESPAÑA,Play-offs 1/16 Final,LOBE HUESCA LA MAGIA,6,I. CORRALIZA COBA,14.1749,48.7771,False,1,BUENO ARENAS ALBACETE BASKET,True
COPA ESPAÑA,Play-offs 1/16 Final,LOBE HUESCA LA MAGIA,2,J. WELLS,30.0423,78.0182,True,1,BUENO ARENAS ALBACETE BASKET,True
COPA ESPAÑA,Play-offs 1/16 Final,LOBE HUESCA LA MAGIA,10,J. FRITZ,13.187600000000003,46.5594,True,1,BUENO ARENAS ALBACETE BASKET,True
COPA ESPAÑA,Play-offs 1/16 Final,LOBE HUESCA LA MAGIA,0,O. THIAM PEDRERA,24.9647,81.5473,False,1,BUENO ARENAS ALBACETE BASKET,True
COPA ESPAÑA,Play-offs 1/16 Final,LOBE HUESCA LA MAGIA,2,J. WELLS,30.7475,26.7203,True,1,BUENO ARENAS ALBACETE BASKET,True
COPA ESPAÑA,Play-offs 1/16 Final,LOBE HUESCA LA MAGIA,2,J. WELLS,32.2285,73.1537,False,1,BUENO ARENAS ALBACETE BASKET,True
COPA ESPAÑA,Play-offs 1/16 Final,LOBE HUESCA LA MAGIA,4,I. TERREROS RIVAS,16.5021,93.44597,True,1,BUENO ARENAS ALBACETE BASKET,True
COPA ESPAÑA,Play-offs 1/16 Final,LOBE HUESCA LA MAGIA,2,J. WELLS,8.744699999999995,27.023399999999995,False,1,BUENO ARENAS ALBACETE BASKET,True
COPA ESPAÑA,Play-offs 1/16 Final,LOBE HUESCA LA MAGIA,77,G. VAZQUEZ VALLEJO,15.655900000000003,8.8737,True,1,BUENO ARENAS ALBACETE BASKET,True
COPA ESPAÑA,Play-offs 1/16 Final,LOBE HUESCA LA MAGIA,2,J. WELLS,32.7927,68.8173,True,1,BUENO ARENAS ALBACETE BASKET,True
COPA ESPAÑA,Play-offs 1/16 Final,LOBE HUESCA LA MAGIA,4,I. TERREROS RIVAS,21.3681,89.1606,False,1,BUENO ARENAS ALBACETE BASKET,True
COPA ESPAÑA,Play-offs 1/16 Final,LOBE HUESCA LA MAGIA,2,J. WELLS,34.97880000000001,74.5401,True,1,BUENO ARENAS ALBACETE BASKET,True
COPA ESPAÑA,Play-offs 1/16 Final,LOBE HUESCA LA MAGIA,9,M. CARREIRA KREPS,30.677000000000007,20.721400000000003,False,1,BUENO ARENAS ALBACETE BASKET,True
COPA ESPAÑA,Play-offs 1/16 Final,LOBE HUESCA LA MAGIA,0,O. THIAM PEDRERA,12.200299999999999,52.1052,True,1,BUENO ARENAS ALBACETE BASKET,True
COPA ESPAÑA,Play-offs 1/16 Final,LOBE HUESCA LA MAGIA,5,H. FIGUEROA ÁLVAREZ,28.2087,17.7715,False,1,BUENO ARENAS ALBACETE BASKET,True
COPA ESPAÑA,Play-offs 1/16 Final,LOBE HUESCA LA MAGIA,6,I. CORRALIZA COBA,34.6262,59.0373,True,1,BUENO ARENAS ALBACETE BASKET,True
COPA ESPAÑA,Play-offs 1/16 Final,LOBE HUESCA LA MAGIA,11,A. BADMUS,11.847700000000003,56.2644,False,1,BUENO ARENAS ALBACETE BASKET,True
COPA ESPAÑA,Play-offs 1/16 Final,LOBE HUESCA LA MAGIA,5,H. FIGUEROA ÁLVAREZ,9.80254,5.7978,False,1,BUENO ARENAS ALBACETE BASKET,True
COPA ESPAÑA,Play-offs 1/16 Final,LOBE HUESCA LA MAGIA,77,G. VAZQUEZ VALLEJO,20.3808,56.3395,False,1,BUENO ARENAS ALBACETE BASKET,True
COPA ESPAÑA,Play-offs 1/16 Final,LOBE HUESCA LA MAGIA,4,I. TERREROS RIVAS,23.6953,45.248,False,1,BUENO ARENAS ALBACETE BASKET,True
COPA ESPAÑA,Play-offs 1/16 Final,LOBE HUESCA LA MAGIA,0,O. THIAM PEDRERA,12.7645,51.9281,False,1,BUENO ARENAS ALBACETE BASKET,True
COPA ESPAÑA,Play-offs 1/16 Final,LOBE HUESCA LA MAGIA,0,O. THIAM PEDRERA,7.2637,9.629999999999995,False,1,BUENO ARENAS ALBACETE BASKET,True
COPA ESPAÑA,Play-offs 1/16 Final,LOBE HUESCA LA MAGIA,2,J. WELLS,10.0141,62.6924,True,1,BUENO ARENAS ALBACETE BASKET,True
COPA ESPAÑA,Play-offs 1/16 Final,BUENO ARENAS ALBACETE BASKET,5,N. REID,27.7856,16.007,True,1,LOBE HUESCA LA MAGIA,False
COPA ESPAÑA,Play-offs 1/16 Final,BUENO ARENAS ALBACETE BASKET,5,N. REID,11.9887,39.9544,False,1,LOBE HUESCA LA MAGIA,False
COPA ESPAÑA,Play-offs 1/16 Final,BUENO ARENAS ALBACETE BASKET,47,J. HIERREZUELO SERER,11.6361,6.04988,True,1,LOBE HUESCA LA MAGIA,False
COPA ESPAÑA,Play-offs 1/16 Final,BUENO ARENAS ALBACETE BASKET,47,J. HIERREZUELO SERER,12.3413,38.694,True,1,LOBE HUESCA LA MAGIA,False
COPA ESPAÑA,Play-offs 1/16 Final,BUENO ARENAS ALBACETE BASKET,10,S. MERLO,8.32158,45.3741,True,1,LOBE HUESCA LA MAGIA,False
COPA ESPAÑA,Play-offs 1/16 Final,BUENO ARENAS ALBACETE BASKET,11,J. GONZALEZ ALBADALEJO,11.424499999999995,41.1398,True,1,LOBE HUESCA LA MAGIA,False
COPA ESPAÑA,Play-offs 1/16 Final,BUENO ARENAS ALBACETE BASKET,10,S. MERLO,33.07470000000001,28.0317,True,1,LOBE HUESCA LA MAGIA,False
COPA ESPAÑA,Play-offs 1/16 Final,BUENO ARENAS ALBACETE BASKET,3,V. AGUILAR HERNANDEZ,11.8477,43.4835,False,1,LOBE HUESCA LA MAGIA,False
COPA ESPAÑA,Play-offs 1/16 Final,BUENO ARENAS ALBACETE BASKET,3,V. AGUILAR HERNANDEZ,32.8632,69.3215,False,1,LOBE HUESCA LA MAGIA,False
COPA ESPAÑA,Play-offs 1/16 Final,BUENO ARENAS ALBACETE BASKET,11,J. GONZALEZ ALBADALEJO,31.2412,21.3006,False,1,LOBE HUESCA LA MAGIA,False
COPA ESPAÑA,Play-offs 1/16 Final,BUENO ARENAS ALBACETE BASKET,5,N. REID,10.9309,60.2467,True,1,LOBE HUESCA LA MAGIA,False
COPA ESPAÑA,Play-offs 1/16 Final,BUENO ARENAS ALBACETE BASKET,5,N. REID,31.1707,34.6607,True,1,LOBE HUESCA LA MAGIA,False
COPA ESPAÑA,Play-offs 1/16 Final,BUENO ARENAS ALBACETE BASKET,2,F. ANDRADE AMIEL,25.176299999999998,37.6107,True,1,LOBE HUESCA LA MAGIA,False
COPA ESPAÑA,Play-offs 1/16 Final,BUENO ARENAS ALBACETE BASKET,47,J. HIERREZUELO SERER,10.2257,6.42799,False,1,LOBE HUESCA LA MAGIA,False
COPA ESPAÑA,Play-offs 1/16 Final,BUENO ARENAS ALBACETE BASKET,10,S. MERLO,29.9718,25.2078,True,1,LOBE HUESCA LA MAGIA,False
COPA ESPAÑA,Play-offs 1/16 Final,BUENO ARENAS ALBACETE BASKET,10,S. MERLO,31.523300000000006,25.258799999999994,False,1,LOBE HUESCA LA MAGIA,False
COPA ESPAÑA,Play-offs 1/16 Final,BUENO ARENAS ALBACETE BASKET,5,N. REID,18.8999,91.1263,False,1,LOBE HUESCA LA MAGIA,False
COPA ESPAÑA,Play-offs 1/16 Final,BUENO ARENAS ALBACETE BASKET,10,S. MERLO,30.183400000000006,24.250500000000002,False,1,LOBE HUESCA LA MAGIA,False
COPA ESPAÑA,Play-offs 1/16 Final,BUENO ARENAS ALBACETE BASKET,11,J. GONZALEZ ALBADALEJO,22.708,11.142499999999998,False,1,LOBE HUESCA LA MAGIA,False
COPA ESPAÑA,Play-offs 1/16 Final,BUENO ARENAS ALBACETE BASKET,3,V. AGUILAR HERNANDEZ,8.81523,54.3228,True,1,LOBE HUESCA LA MAGIA,False
COPA ESPAÑA,Play-offs 1/16 Final,BUENO ARENAS ALBACETE BASKET,24,O. BRAMBLE,10.930899999999994,47.3157,True,1,LOBE HUESCA LA MAGIA,False
COPA ESPAÑA,Play-offs 1/16 Final,BUENO ARENAS ALBACETE BASKET,7,V. MUÑOZ QUIÑONES,8.60367,41.845,True,1,LOBE HUESCA LA MAGIA,False
COPA ESPAÑA,Play-offs 1/16 Final,BUENO ARENAS ALBACETE BASKET,24,O. BRAMBLE,10.3667,41.3408,True,1,LOBE HUESCA LA MAGIA,False
COPA ESPAÑA,Play-offs 1/16 Final,BUENO ARENAS ALBACETE BASKET,3,V. AGUILAR HERNANDEZ,33.427400000000006,65.4653,False,1,LOBE HUESCA LA MAGIA,False
COPA ESPAÑA,Play-offs 1/16 Final,BUENO ARENAS ALBACETE BASKET,11,J. GONZALEZ ALBADALEJO,7.82793,55.9613,True,1,LOBE HUESCA LA MAGIA,False
COPA ESPAÑA,Play-offs 1/16 Final,BUENO ARENAS ALBACETE BASKET,10,S. MERLO,12.764499999999998,51.8531,True,1,LOBE HUESCA LA MAGIA,False
COPA ESPAÑA,Play-offs 1/16 Final,BUENO ARENAS ALBACETE BASKET,11,J. GONZALEZ ALBADALEJO,12.764499999999998,54.2478,True,1,LOBE HUESCA LA MAGIA,False
COPA ESPAÑA,Play-offs 1/16 Final,BUENO ARENAS ALBACETE BASKET,11,J. GONZALEZ ALBADALEJO,15.7264,2.14266,True,1,LOBE HUESCA LA MAGIA,False
COPA ESPAÑA,Play-offs 1/16 Final,BUENO ARENAS ALBACETE BASKET,44,B. VANACLOCHA SANCHEZ,11.424499999999995,49.0802,False,1,LOBE HUESCA LA MAGIA,False
COPA ESPAÑA,Play-offs 1/16 Final,BUENO ARENAS ALBACETE BASKET,2,F. ANDRADE AMIEL,30.8886,74.8672,False,1,LOBE HUESCA LA MAGIA,False
COPA ESPAÑA,Play-offs 1/16 Final,BUENO ARENAS ALBACETE BASKET,5,N. REID,13.8928,57.0957,False,1,LOBE HUESCA LA MAGIA,False
COPA ESPAÑA,Play-offs 1/16 Final,BUENO ARENAS ALBACETE BASKET,3,V. AGUILAR HERNANDEZ,33.7094,67.683,False,1,LOBE HUESCA LA MAGIA,False
COPA ESPAÑA,Play-offs 1/16 Final,BUENO ARENAS ALBACETE BASKET,2,F. ANDRADE AMIEL,33.4274,35.2909,False,1,LOBE HUESCA LA MAGIA,False
COPA ESPAÑA,Play-offs 1/16 Final,BUENO ARENAS ALBACETE BASKET,3,V. AGUILAR HERNANDEZ,29.337100000000007,73.9099,False,1,LOBE HUESCA LA MAGIA,False
COPA ESPAÑA,Play-offs 1/16 Final,BUENO ARENAS ALBACETE BASKET,5,N. REID,30.8181,21.4777,True,1,LOBE HUESCA LA MAGIA,False
COPA ESPAÑA,Play-offs 1/16 Final,BUENO ARENAS ALBACETE BASKET,47,J. HIERREZUELO SERER,14.245400000000004,56.1384,False,1,LOBE HUESCA LA MAGIA,False
COPA ESPAÑA,Play-offs 1/16 Final,BUENO ARENAS ALBACETE BASKET,3,V. AGUILAR HERNANDEZ,28.984499999999997,79.8337,True,1,LOBE HUESCA LA MAGIA,False
COPA ESPAÑA,Play-offs 1/16 Final,BUENO ARENAS ALBACETE BASKET,2,F. ANDRADE AMIEL,8.53315,59.2384,False,1,LOBE HUESCA LA MAGIA,False
COPA ESPAÑA,Play-offs 1/16 Final,BUENO ARENAS ALBACETE BASKET,5,N. REID,11.0719,48.8281,False,1,LOBE HUESCA LA MAGIA,False
COPA ESPAÑA,Play-offs 1/16 Final,BUENO ARENAS ALBACETE BASKET,24,O. BRAMBLE,9.59097,63.6497,False,1,LOBE HUESCA LA MAGIA,False
COPA ESPAÑA,Play-offs 1/16 Final,BUENO ARENAS ALBACETE BASKET,24,O. BRAMBLE,10.225700000000003,47.1896,True,1,LOBE HUESCA LA MAGIA,False
COPA ESPAÑA,Play-offs 1/16 Final,BUENO ARENAS ALBACETE BASKET,5,N. REID,13.046499999999995,47.9459,False,1,LOBE HUESCA LA MAGIA,False
COPA ESPAÑA,Play-offs 1/16 Final,BUENO ARENAS ALBACETE BASKET,44,B. VANACLOCHA SANCHEZ,9.52045,45.122,True,1,LOBE HUESCA LA MAGIA,False
COPA ESPAÑA,Play-offs 1/16 Final,BUENO ARENAS ALBACETE BASKET,47,J. HIERREZUELO SERER,10.930899999999994,42.2741,False,1,LOBE HUESCA LA MAGIA,False
COPA ESPAÑA,Play-offs 1/16 Final,BUENO ARENAS ALBACETE BASKET,5,N. REID,23.1312,33.9045,False,1,LOBE HUESCA LA MAGIA,False
COPA ESPAÑA,Play-offs 1/16 Final,BUENO ARENAS ALBACETE BASKET,10,S. MERLO,12.4118,51.1719,False,1,LOBE HUESCA LA MAGIA,False
COPA ESPAÑA,Play-offs 1/16 Final,BUENO ARENAS ALBACETE BASKET,47,J. HIERREZUELO SERER,10.5783,54.827,False,1,LOBE HUESCA LA MAGIA,False
COPA ESPAÑA,Play-offs 1/16 Final,BUENO ARENAS ALBACETE BASKET,44,B. VANACLOCHA SANCHEZ,12.059200000000004,44.6688,False,1,LOBE HUESCA LA MAGIA,False
COPA ESPAÑA,Play-offs 1/16 Final,BUENO ARENAS ALBACETE BASKET,10,S. MERLO,31.170699999999997,76.4307,False,1,LOBE HUESCA LA MAGIA,False
COPA ESPAÑA,Play-offs 1/16 Final,BUENO ARENAS ALBACETE BASKET,11,J. GONZALEZ ALBADALEJO,6.91114,58.7342,True,1,LOBE HUESCA LA MAGIA,False
COPA ESPAÑA,Play-offs 1/16 Final,BUENO ARENAS ALBACETE BASKET,2,F. ANDRADE AMIEL,32.299,63.6497,False,1,LOBE HUESCA LA MAGIA,False
COPA ESPAÑA,Play-offs 1/16 Final,BUENO ARENAS ALBACETE BASKET,47,J. HIERREZUELO SERER,33.2158,39.7023,True,1,LOBE HUESCA LA MAGIA,False
COPA ESPAÑA,Play-offs 1/16 Final,BUENO ARENAS ALBACETE BASKET,7,V. MUÑOZ QUIÑONES,10.7193,57.5999,False,1,LOBE HUESCA LA MAGIA,False
COPA ESPAÑA,Play-offs 1/16 Final,BUENO ARENAS ALBACETE BASKET,5,N. REID,9.097300000000004,71.7672,False,1,LOBE HUESCA LA MAGIA,False
COPA ESPAÑA,Play-offs 1/16 Final,BUENO ARENAS ALBACETE BASKET,22,A. PEREZ CONTI,19.393500000000003,7.865399999999994,True,1,LOBE HUESCA LA MAGIA,False
COPA ESPAÑA,Play-offs 1/16 Final,BUENO ARENAS ALBACETE BASKET,10,S. MERLO,10.5783,42.7272,False,1,LOBE HUESCA LA MAGIA,False
COPA ESPAÑA,Play-offs 1/16 Final,BUENO ARENAS ALBACETE BASKET,11,J. GONZALEZ ALBADALEJO,27.997200000000007,17.4444,False,1,LOBE HUESCA LA MAGIA,False
COPA ESPAÑA,Play-offs 1/16 Final,BUENO ARENAS ALBACETE BASKET,5,N. REID,10.3667,47.7688,False,1,LOBE HUESCA LA MAGIA,False
COPA ESPAÑA,Play-offs 1/16 Final,BUENO ARENAS ALBACETE BASKET,5,N. REID,16.0085,36.8034,True,1,LOBE HUESCA LA MAGIA,False
COPA ESPAÑA,Play-offs 1/16 Final,BUENO ARENAS ALBACETE BASKET,2,F. ANDRADE AMIEL,30.4654,25.712,False,1,LOBE HUESCA LA MAGIA,False
COPA ESPAÑA,Play-offs 1/16 Final,BUENO ARENAS ALBACETE BASKET,11,J. GONZALEZ ALBADALEJO,29.478099999999998,80.2119,False,1,LOBE HUESCA LA MAGIA,False
COPA ESPAÑA,Play-offs 1/16 Final,BUENO ARENAS ALBACETE BASKET,10,S. MERLO,35.754599999999996,36.8544,False,1,LOBE HUESCA LA MAGIA,False
COPA ESPAÑA,Play-offs 1/16 Final,BUENO ARENAS ALBACETE BASKET,11,J. GONZALEZ ALBADALEJO,32.9337,58.3561,False,1,LOBE HUESCA LA MAGIA,False
COPA ESPAÑA,Play-offs 1/16 Final,BUENO ARENAS ALBACETE BASKET,10,S. MERLO,33.9915,56.2134,False,1,LOBE HUESCA LA MAGIA,False
COPA ESPAÑA,Play-offs 1/16 Final,BUENO ARENAS ALBACETE BASKET,3,V. AGUILAR HERNANDEZ,14.3159,51.9281,True,1,LOBE HUESCA LA MAGIA,False
COPA ESPAÑA,Play-offs 1/16 Final,BUENO ARENAS ALBACETE BASKET,11,J. GONZALEZ ALBADALEJO,8.3921,73.7839,False,1,LOBE HUESCA LA MAGIA,False
COPA ESPAÑA,Play-offs 1/16 Final,LOGROBASKET LOGI7,77,I. MONTERO MECA,15.5853,68.1871,False,1,CACERES PATRIMONIO DE LA HUMANIDAD,True
COPA ESPAÑA,Play-offs 1/16 Final,LOGROBASKET LOGI7,77,I. MONTERO MECA,28.6319,91.0002,False,1,CACERES PATRIMONIO DE LA HUMANIDAD,True
COPA ESPAÑA,Play-offs 1/16 Final,LOGROBASKET LOGI7,9,S. SERRATO BALLETBO,35.26090000000001,25.384900000000002,True,1,CACERES PATRIMONIO DE LA HUMANIDAD,True
COPA ESPAÑA,Play-offs 1/16 Final,LOGROBASKET LOGI7,9,S. SERRATO BALLETBO,13.3992,6.80611,False,1,CACERES PATRIMONIO DE LA HUMANIDAD,True
COPA ESPAÑA,Play-offs 1/16 Final,LOGROBASKET LOGI7,55,P. SALL,13.7518,64.7841,False,1,CACERES PATRIMONIO DE LA HUMANIDAD,True
COPA ESPAÑA,Play-offs 1/16 Final,LOGROBASKET LOGI7,17,A. BIRD-JELINEK,32.9337,20.847499999999997,True,1,CACERES PATRIMONIO DE LA HUMANIDAD,True
COPA ESPAÑA,Play-offs 1/16 Final,LOGROBASKET LOGI7,10,A. INFANTE GUTIERREZ,31.5938,21.5527,False,1,CACERES PATRIMONIO DE LA HUMANIDAD,True
COPA ESPAÑA,Play-offs 1/16 Final,LOGROBASKET LOGI7,77,I. MONTERO MECA,26.022599999999997,15.805899999999994,False,1,CACERES PATRIMONIO DE LA HUMANIDAD,True
COPA ESPAÑA,Play-offs 1/16 Final,LOGROBASKET LOGI7,9,S. SERRATO BALLETBO,8.95628,93.521,False,1,CACERES PATRIMONIO DE LA HUMANIDAD,True
COPA ESPAÑA,Play-offs 1/16 Final,LOGROBASKET LOGI7,7,B. AREVALO SAENZ,23.483800000000002,40.5096,False,1,CACERES PATRIMONIO DE LA HUMANIDAD,True
COPA ESPAÑA,Play-offs 1/16 Final,LOGROBASKET LOGI7,17,A. BIRD-JELINEK,13.2581,22.561,False,1,CACERES PATRIMONIO DE LA HUMANIDAD,True
COPA ESPAÑA,Play-offs 1/16 Final,LOGROBASKET LOGI7,23,A. PLITZUWEIT,26.093100000000007,54.1218,False,1,CACERES PATRIMONIO DE LA HUMANIDAD,True
COPA ESPAÑA,Play-offs 1/16 Final,LOGROBASKET LOGI7,9,S. SERRATO BALLETBO,34.1326,44.7439,True,1,CACERES PATRIMONIO DE LA HUMANIDAD,True
COPA ESPAÑA,Play-offs 1/16 Final,LOGROBASKET LOGI7,7,B. AREVALO SAENZ,35.6135,20.0912,False,1,CACERES PATRIMONIO DE LA HUMANIDAD,True
COPA ESPAÑA,Play-offs 1/16 Final,LOGROBASKET LOGI7,23,A. PLITZUWEIT,10.930899999999994,30.804500000000004,True,1,CACERES PATRIMONIO DE LA HUMANIDAD,True
COPA ESPAÑA,Play-offs 1/16 Final,LOGROBASKET LOGI7,55,P. SALL,12.976,59.4904,True,1,CACERES PATRIMONIO DE LA HUMANIDAD,True
COPA ESPAÑA,Play-offs 1/16 Final,LOGROBASKET LOGI7,16,W. NIANG,30.0423,54.5749,False,1,CACERES PATRIMONIO DE LA HUMANIDAD,True
COPA ESPAÑA,Play-offs 1/16 Final,LOGROBASKET LOGI7,10,A. INFANTE GUTIERREZ,14.880099999999999,37.1065,True,1,CACERES PATRIMONIO DE LA HUMANIDAD,True
COPA ESPAÑA,Play-offs 1/16 Final,LOGROBASKET LOGI7,17,A. BIRD-JELINEK,34.5557,35.468,False,1,CACERES PATRIMONIO DE LA HUMANIDAD,True
COPA ESPAÑA,Play-offs 1/16 Final,LOGROBASKET LOGI7,9,S. SERRATO BALLETBO,33.2158,68.3642,False,1,CACERES PATRIMONIO DE LA HUMANIDAD,True
COPA ESPAÑA,Play-offs 1/16 Final,LOGROBASKET LOGI7,16,W. NIANG,14.456999999999994,42.9043,False,1,CACERES PATRIMONIO DE LA HUMANIDAD,True
COPA ESPAÑA,Play-offs 1/16 Final,LOGROBASKET LOGI7,16,W. NIANG,34.4852,63.6497,True,1,CACERES PATRIMONIO DE LA HUMANIDAD,True
COPA ESPAÑA,Play-offs 1/16 Final,LOGROBASKET LOGI7,5,L. OBAJO BELTRAN,12.9055,51.2979,False,1,CACERES PATRIMONIO DE LA HUMANIDAD,True
COPA ESPAÑA,Play-offs 1/16 Final,LOGROBASKET LOGI7,2,A. RODRIGUEZ MONTON,18.5472,57.2217,False,1,CACERES PATRIMONIO DE LA HUMANIDAD,True
COPA ESPAÑA,Play-offs 1/16 Final,LOGROBASKET LOGI7,16,W. NIANG,30.465400000000002,11.898700000000005,False,1,CACERES PATRIMONIO DE LA HUMANIDAD,True
COPA ESPAÑA,Play-offs 1/16 Final,LOGROBASKET LOGI7,77,I. MONTERO MECA,31.9464,84.6983,False,1,CACERES PATRIMONIO DE LA HUMANIDAD,True
COPA ESPAÑA,Play-offs 1/16 Final,LOGROBASKET LOGI7,23,A. PLITZUWEIT,25.246799999999993,88.5304,True,1,CACERES PATRIMONIO DE LA HUMANIDAD,True
COPA ESPAÑA,Play-offs 1/16 Final,LOGROBASKET LOGI7,23,A. PLITZUWEIT,35.6841,20.217299999999994,False,1,CACERES PATRIMONIO DE LA HUMANIDAD,True
COPA ESPAÑA,Play-offs 1/16 Final,LOGROBASKET LOGI7,23,A. PLITZUWEIT,14.245400000000004,39.5012,True,1,CACERES PATRIMONIO DE LA HUMANIDAD,True
COPA ESPAÑA,Play-offs 1/16 Final,LOGROBASKET LOGI7,9,S. SERRATO BALLETBO,25.458399999999997,9.125799999999998,False,1,CACERES PATRIMONIO DE LA HUMANIDAD,True
COPA ESPAÑA,Play-offs 1/16 Final,LOGROBASKET LOGI7,10,A. INFANTE GUTIERREZ,13.8928,39.5763,False,1,CACERES PATRIMONIO DE LA HUMANIDAD,True
COPA ESPAÑA,Play-offs 1/16 Final,LOGROBASKET LOGI7,55,P. SALL,13.751800000000003,33.9555,True,1,CACERES PATRIMONIO DE LA HUMANIDAD,True
COPA ESPAÑA,Play-offs 1/16 Final,LOGROBASKET LOGI7,23,A. PLITZUWEIT,35.7546,33.9045,False,1,CACERES PATRIMONIO DE LA HUMANIDAD,True
COPA ESPAÑA,Play-offs 1/16 Final,LOGROBASKET LOGI7,23,A. PLITZUWEIT,10.437200000000004,60.8018,False,1,CACERES PATRIMONIO DE LA HUMANIDAD,True
COPA ESPAÑA,Play-offs 1/16 Final,LOGROBASKET LOGI7,5,L. OBAJO BELTRAN,21.720699999999994,41.6439,False,1,CACERES PATRIMONIO DE LA HUMANIDAD,True
COPA ESPAÑA,Play-offs 1/16 Final,LOGROBASKET LOGI7,5,L. OBAJO BELTRAN,15.021199999999993,40.6356,True,1,CACERES PATRIMONIO DE LA HUMANIDAD,True
COPA ESPAÑA,Play-offs 1/16 Final,LOGROBASKET LOGI7,55,P. SALL,9.943600000000004,28.787899999999993,True,1,CACERES PATRIMONIO DE LA HUMANIDAD,True
COPA ESPAÑA,Play-offs 1/16 Final,LOGROBASKET LOGI7,23,A. PLITZUWEIT,34.6262,26.2161,False,1,CACERES PATRIMONIO DE LA HUMANIDAD,True
COPA ESPAÑA,Play-offs 1/16 Final,LOGROBASKET LOGI7,55,P. SALL,17.207300000000004,33.199299999999994,False,1,CACERES PATRIMONIO DE LA HUMANIDAD,True
COPA ESPAÑA,Play-offs 1/16 Final,LOGROBASKET LOGI7,55,P. SALL,11.7066,66.6747,False,1,CACERES PATRIMONIO DE LA HUMANIDAD,True
COPA ESPAÑA,Play-offs 1/16 Final,LOGROBASKET LOGI7,77,I. MONTERO MECA,14.597999999999999,35.7201,True,1,CACERES PATRIMONIO DE LA HUMANIDAD,True
COPA ESPAÑA,Play-offs 1/16 Final,LOGROBASKET LOGI7,7,B. AREVALO SAENZ,13.963300000000004,37.9888,True,1,CACERES PATRIMONIO DE LA HUMANIDAD,True
COPA ESPAÑA,Play-offs 1/16 Final,LOGROBASKET LOGI7,77,I. MONTERO MECA,28.914,76.3047,False,1,CACERES PATRIMONIO DE LA HUMANIDAD,True
COPA ESPAÑA,Play-offs 1/16 Final,LOGROBASKET LOGI7,16,W. NIANG,8.18054,72.5985,False,1,CACERES PATRIMONIO DE LA HUMANIDAD,True
COPA ESPAÑA,Play-offs 1/16 Final,LOGROBASKET LOGI7,55,P. SALL,35.8251,66.1705,False,1,CACERES PATRIMONIO DE LA HUMANIDAD,True
COPA ESPAÑA,Play-offs 1/16 Final,LOGROBASKET LOGI7,9,S. SERRATO BALLETBO,13.751800000000003,33.9555,False,1,CACERES PATRIMONIO DE LA HUMANIDAD,True
COPA ESPAÑA,Play-offs 1/16 Final,LOGROBASKET LOGI7,23,A. PLITZUWEIT,11.213,70.834,True,1,CACERES PATRIMONIO DE LA HUMANIDAD,True
COPA ESPAÑA,Play-offs 1/16 Final,LOGROBASKET LOGI7,23,A. PLITZUWEIT,28.7729,85.4545,True,1,CACERES PATRIMONIO DE LA HUMANIDAD,True
COPA ESPAÑA,Play-offs 1/16 Final,LOGROBASKET LOGI7,77,I. MONTERO MECA,14.3865,75.3714,False,1,CACERES PATRIMONIO DE LA HUMANIDAD,True
COPA ESPAÑA,Play-offs 1/16 Final,LOGROBASKET LOGI7,10,A. INFANTE GUTIERREZ,11.7066,55.2051,True,1,CACERES PATRIMONIO DE LA HUMANIDAD,True
COPA ESPAÑA,Play-offs 1/16 Final,LOGROBASKET LOGI7,17,A. BIRD-JELINEK,14.8801,32.5181,False,1,CACERES PATRIMONIO DE LA HUMANIDAD,True
COPA ESPAÑA,Play-offs 1/16 Final,LOGROBASKET LOGI7,16,W. NIANG,19.605099999999993,28.787899999999993,False,1,CACERES PATRIMONIO DE LA HUMANIDAD,True
COPA ESPAÑA,Play-offs 1/16 Final,LOGROBASKET LOGI7,23,A. PLITZUWEIT,12.0592,63.6497,True,1,CACERES PATRIMONIO DE LA HUMANIDAD,True
COPA ESPAÑA,Play-offs 1/16 Final,LOGROBASKET LOGI7,23,A. PLITZUWEIT,14.104399999999998,38.871,True,1,CACERES PATRIMONIO DE LA HUMANIDAD,True
COPA ESPAÑA,Play-offs 1/16 Final,LOGROBASKET LOGI7,7,B. AREVALO SAENZ,20.7334,50.9198,False,1,CACERES PATRIMONIO DE LA HUMANIDAD,True
COPA ESPAÑA,Play-offs 1/16 Final,LOGROBASKET LOGI7,77,I. MONTERO MECA,12.6234,74.4891,True,1,CACERES PATRIMONIO DE LA HUMANIDAD,True
COPA ESPAÑA,Play-offs 1/16 Final,LOGROBASKET LOGI7,5,L. OBAJO BELTRAN,20.239800000000002,21.855800000000002,False,1,CACERES PATRIMONIO DE LA HUMANIDAD,True
COPA ESPAÑA,Play-offs 1/16 Final,LOGROBASKET LOGI7,10,A. INFANTE GUTIERREZ,29.055,85.4545,True,1,CACERES PATRIMONIO DE LA HUMANIDAD,True
COPA ESPAÑA,Play-offs 1/16 Final,LOGROBASKET LOGI7,7,B. AREVALO SAENZ,12.482399999999998,42.4001,True,1,CACERES PATRIMONIO DE LA HUMANIDAD,True
COPA ESPAÑA,Play-offs 1/16 Final,LOGROBASKET LOGI7,10,A. INFANTE GUTIERREZ,31.7348,18.6538,False,1,CACERES PATRIMONIO DE LA HUMANIDAD,True
COPA ESPAÑA,Play-offs 1/16 Final,LOGROBASKET LOGI7,23,A. PLITZUWEIT,10.3667,57.5999,True,1,CACERES PATRIMONIO DE LA HUMANIDAD,True
COPA ESPAÑA,Play-offs 1/16 Final,LOGROBASKET LOGI7,7,B. AREVALO SAENZ,13.187600000000003,92.05954,False,1,CACERES PATRIMONIO DE LA HUMANIDAD,True
COPA ESPAÑA,Play-offs 1/16 Final,LOGROBASKET LOGI7,55,P. SALL,22.002799999999993,49.5844,False,1,CACERES PATRIMONIO DE LA HUMANIDAD,True
COPA ESPAÑA,Play-offs 1/16 Final,LOGROBASKET LOGI7,17,A. BIRD-JELINEK,16.22,29.115,True,1,CACERES PATRIMONIO DE LA HUMANIDAD,True
COPA ESPAÑA,Play-offs 1/16 Final,LOGROBASKET LOGI7,10,A. INFANTE GUTIERREZ,14.3159,31.8129,False,1,CACERES PATRIMONIO DE LA HUMANIDAD,True
COPA ESPAÑA,Play-offs 1/16 Final,CACERES PATRIMONIO DE LA HUMANIDAD,0,P. MENDES LIMA,25.105800000000002,12.528899999999993,False,1,LOGROBASKET LOGI7,False
COPA ESPAÑA,Play-offs 1/16 Final,CACERES PATRIMONIO DE LA HUMANIDAD,21,M. STRIKKER,31.805400000000006,68.9944,False,1,LOGROBASKET LOGI7,False
COPA ESPAÑA,Play-offs 1/16 Final,CACERES PATRIMONIO DE LA HUMANIDAD,21,M. STRIKKER,28.2793,13.8643,False,1,LOGROBASKET LOGI7,False
COPA ESPAÑA,Play-offs 1/16 Final,CACERES PATRIMONIO DE LA HUMANIDAD,24,A. LAFUENTE SISO,14.668499999999995,36.4763,True,1,LOGROBASKET LOGI7,False
COPA ESPAÑA,Play-offs 1/16 Final,CACERES PATRIMONIO DE LA HUMANIDAD,21,M. STRIKKER,33.63890000000001,72.3974,True,1,LOGROBASKET LOGI7,False
COPA ESPAÑA,Play-offs 1/16 Final,CACERES PATRIMONIO DE LA HUMANIDAD,24,A. LAFUENTE SISO,11.7066,60.4988,False,1,LOGROBASKET LOGI7,False
COPA ESPAÑA,Play-offs 1/16 Final,CACERES PATRIMONIO DE LA HUMANIDAD,7,W. LEVEQUE,37.165,25.964,False,1,LOGROBASKET LOGI7,False
COPA ESPAÑA,Play-offs 1/16 Final,CACERES PATRIMONIO DE LA HUMANIDAD,1,A. PALAZUELOS PEREZ,29.9718,83.5639,False,1,LOGROBASKET LOGI7,False
COPA ESPAÑA,Play-offs 1/16 Final,CACERES PATRIMONIO DE LA HUMANIDAD,14,A. MAZAIRA GOMEZ,12.6939,42.1481,True,1,LOGROBASKET LOGI7,False
COPA ESPAÑA,Play-offs 1/16 Final,CACERES PATRIMONIO DE LA HUMANIDAD,13,J. SANTOS RODRÍGUEZ,7.5458,63.8268,False,1,LOGROBASKET LOGI7,False
COPA ESPAÑA,Play-offs 1/16 Final,CACERES PATRIMONIO DE LA HUMANIDAD,7,W. LEVEQUE,10.5783,48.273,True,1,LOGROBASKET LOGI7,False
COPA ESPAÑA,Play-offs 1/16 Final,CACERES PATRIMONIO DE LA HUMANIDAD,1,A. PALAZUELOS PEREZ,27.292,49.2063,False,1,LOGROBASKET LOGI7,False
COPA ESPAÑA,Play-offs 1/16 Final,CACERES PATRIMONIO DE LA HUMANIDAD,7,W. LEVEQUE,19.3935,63.0195,False,1,LOGROBASKET LOGI7,False
COPA ESPAÑA,Play-offs 1/16 Final,CACERES PATRIMONIO DE LA HUMANIDAD,7,W. LEVEQUE,19.7461,49.7854,False,1,LOGROBASKET LOGI7,False
COPA ESPAÑA,Play-offs 1/16 Final,CACERES PATRIMONIO DE LA HUMANIDAD,14,A. MAZAIRA GOMEZ,32.6516,11.646600000000007,False,1,LOGROBASKET LOGI7,False
COPA ESPAÑA,Play-offs 1/16 Final,CACERES PATRIMONIO DE LA HUMANIDAD,5,D. FOREMAN JR,14.3865,52.0541,True,1,LOGROBASKET LOGI7,False
COPA ESPAÑA,Play-offs 1/16 Final,CACERES PATRIMONIO DE LA HUMANIDAD,1,A. PALAZUELOS PEREZ,13.1171,59.1123,True,1,LOGROBASKET LOGI7,False
COPA ESPAÑA,Play-offs 1/16 Final,CACERES PATRIMONIO DE LA HUMANIDAD,77,N. MARINA PARRA,28.6319,90.29499,False,1,LOGROBASKET LOGI7,False
COPA ESPAÑA,Play-offs 1/16 Final,CACERES PATRIMONIO DE LA HUMANIDAD,7,W. LEVEQUE,34.2736,66.9267,True,1,LOGROBASKET LOGI7,False
COPA ESPAÑA,Play-offs 1/16 Final,CACERES PATRIMONIO DE LA HUMANIDAD,7,W. LEVEQUE,14.8801,62.1373,False,1,LOGROBASKET LOGI7,False
COPA ESPAÑA,Play-offs 1/16 Final,CACERES PATRIMONIO DE LA HUMANIDAD,21,M. STRIKKER,40.7616,63.5237,False,1,LOGROBASKET LOGI7,False
COPA ESPAÑA,Play-offs 1/16 Final,CACERES PATRIMONIO DE LA HUMANIDAD,14,A. MAZAIRA GOMEZ,32.0169,81.5473,False,1,LOGROBASKET LOGI7,False
COPA ESPAÑA,Play-offs 1/16 Final,CACERES PATRIMONIO DE LA HUMANIDAD,24,A. LAFUENTE SISO,12.905500000000004,28.409800000000004,False,1,LOGROBASKET LOGI7,False
COPA ESPAÑA,Play-offs 1/16 Final,CACERES PATRIMONIO DE LA HUMANIDAD,1,A. PALAZUELOS PEREZ,12.764499999999998,23.116200000000006,True,1,LOGROBASKET LOGI7,False
COPA ESPAÑA,Play-offs 1/16 Final,CACERES PATRIMONIO DE LA HUMANIDAD,24,A. LAFUENTE SISO,34.8378,38.1898,False,1,LOGROBASKET LOGI7,False
COPA ESPAÑA,Play-offs 1/16 Final,CACERES PATRIMONIO DE LA HUMANIDAD,7,W. LEVEQUE,36.3188,65.8434,True,1,LOGROBASKET LOGI7,False
COPA ESPAÑA,Play-offs 1/16 Final,CACERES PATRIMONIO DE LA HUMANIDAD,5,D. FOREMAN JR,11.2835,50.0375,True,1,LOGROBASKET LOGI7,False
COPA ESPAÑA,Play-offs 1/16 Final,CACERES PATRIMONIO DE LA HUMANIDAD,14,A. MAZAIRA GOMEZ,26.7278,86.967,True,1,LOGROBASKET LOGI7,False
COPA ESPAÑA,Play-offs 1/16 Final,CACERES PATRIMONIO DE LA HUMANIDAD,24,A. LAFUENTE SISO,16.9252,46.0043,False,1,LOGROBASKET LOGI7,False
COPA ESPAÑA,Play-offs 1/16 Final,CACERES PATRIMONIO DE LA HUMANIDAD,24,A. LAFUENTE SISO,28.2793,85.5805,True,1,LOGROBASKET LOGI7,False
COPA ESPAÑA,Play-offs 1/16 Final,CACERES PATRIMONIO DE LA HUMANIDAD,21,M. STRIKKER,14.668499999999995,58.155,False,1,LOGROBASKET LOGI7,False
COPA ESPAÑA,Play-offs 1/16 Final,CACERES PATRIMONIO DE LA HUMANIDAD,14,A. MAZAIRA GOMEZ,15.373800000000003,28.787899999999993,False,1,LOGROBASKET LOGI7,False
COPA ESPAÑA,Play-offs 1/16 Final,CACERES PATRIMONIO DE LA HUMANIDAD,1,A. PALAZUELOS PEREZ,13.5402,63.5237,True,1,LOGROBASKET LOGI7,False
COPA ESPAÑA,Play-offs 1/16 Final,CACERES PATRIMONIO DE LA HUMANIDAD,5,D. FOREMAN JR,13.0465,54.4489,True,1,LOGROBASKET LOGI7,False
COPA ESPAÑA,Play-offs 1/16 Final,CACERES PATRIMONIO DE LA HUMANIDAD,77,N. MARINA PARRA,32.8632,73.3547,False,1,LOGROBASKET LOGI7,False
COPA ESPAÑA,Play-offs 1/16 Final,CACERES PATRIMONIO DE LA HUMANIDAD,21,M. STRIKKER,19.3935,56.7176,False,1,LOGROBASKET LOGI7,False
COPA ESPAÑA,Play-offs 1/16 Final,CACERES PATRIMONIO DE LA HUMANIDAD,5,D. FOREMAN JR,11.918199999999999,47.6938,True,1,LOGROBASKET LOGI7,False
COPA ESPAÑA,Play-offs 1/16 Final,CACERES PATRIMONIO DE LA HUMANIDAD,24,A. LAFUENTE SISO,31.5233,35.0389,True,1,LOGROBASKET LOGI7,False
COPA ESPAÑA,Play-offs 1/16 Final,CACERES PATRIMONIO DE LA HUMANIDAD,7,W. LEVEQUE,16.361099999999993,27.653599999999997,False,1,LOGROBASKET LOGI7,False
COPA ESPAÑA,Play-offs 1/16 Final,CACERES PATRIMONIO DE LA HUMANIDAD,14,A. MAZAIRA GOMEZ,35.8956,50.4156,True,1,LOGROBASKET LOGI7,False
COPA ESPAÑA,Play-offs 1/16 Final,CACERES PATRIMONIO DE LA HUMANIDAD,7,W. LEVEQUE,16.8547,63.7758,True,1,LOGROBASKET LOGI7,False
COPA ESPAÑA,Play-offs 1/16 Final,CACERES PATRIMONIO DE LA HUMANIDAD,24,A. LAFUENTE SISO,35.7546,38.4419,False,1,LOGROBASKET LOGI7,False
COPA ESPAÑA,Play-offs 1/16 Final,CACERES PATRIMONIO DE LA HUMANIDAD,7,W. LEVEQUE,22.708,30.552499999999995,True,1,LOGROBASKET LOGI7,False
COPA ESPAÑA,Play-offs 1/16 Final,CACERES PATRIMONIO DE LA HUMANIDAD,14,A. MAZAIRA GOMEZ,33.3568,26.7203,False,1,LOGROBASKET LOGI7,False
COPA ESPAÑA,Play-offs 1/16 Final,CACERES PATRIMONIO DE LA HUMANIDAD,5,D. FOREMAN JR,12.975999999999999,36.6023,True,1,LOGROBASKET LOGI7,False
COPA ESPAÑA,Play-offs 1/16 Final,CACERES PATRIMONIO DE LA HUMANIDAD,24,A. LAFUENTE SISO,23.483800000000002,37.1065,True,1,LOGROBASKET LOGI7,False
COPA ESPAÑA,Play-offs 1/16 Final,CACERES PATRIMONIO DE LA HUMANIDAD,24,A. LAFUENTE SISO,17.136799999999994,18.956900000000005,False,1,LOGROBASKET LOGI7,False
COPA ESPAÑA,Play-offs 1/16 Final,CACERES PATRIMONIO DE LA HUMANIDAD,77,N. MARINA PARRA,32.2285,66.4226,False,1,LOGROBASKET LOGI7,False
COPA ESPAÑA,Play-offs 1/16 Final,CACERES PATRIMONIO DE LA HUMANIDAD,5,D. FOREMAN JR,13.540199999999999,25.763000000000005,False,1,LOGROBASKET LOGI7,False
COPA ESPAÑA,Play-offs 1/16 Final,CACERES PATRIMONIO DE LA HUMANIDAD,7,W. LEVEQUE,30.677,84.1941,False,1,LOGROBASKET LOGI7,False
COPA ESPAÑA,Play-offs 1/16 Final,CACERES PATRIMONIO DE LA HUMANIDAD,7,W. LEVEQUE,18.335700000000003,45.047,False,1,LOGROBASKET LOGI7,False
COPA ESPAÑA,Play-offs 1/16 Final,CACERES PATRIMONIO DE LA HUMANIDAD,13,J. SANTOS RODRÍGUEZ,36.5303,66.0955,False,1,LOGROBASKET LOGI7,False
COPA ESPAÑA,Play-offs 1/16 Final,CACERES PATRIMONIO DE LA HUMANIDAD,0,P. MENDES LIMA,33.921,64.658,False,1,LOGROBASKET LOGI7,False
COPA ESPAÑA,Play-offs 1/16 Final,CACERES PATRIMONIO DE LA HUMANIDAD,7,W. LEVEQUE,24.541600000000003,44.4168,True,1,LOGROBASKET LOGI7,False
COPA ESPAÑA,Play-offs 1/16 Final,CACERES PATRIMONIO DE LA HUMANIDAD,7,W. LEVEQUE,10.0141,64.2799,True,1,LOGROBASKET LOGI7,False
COPA ESPAÑA,Play-offs 1/16 Final,CACERES PATRIMONIO DE LA HUMANIDAD,1,A. PALAZUELOS PEREZ,15.8674,48.273,True,1,LOGROBASKET LOGI7,False
COPA ESPAÑA,Play-offs 1/16 Final,CACERES PATRIMONIO DE LA HUMANIDAD,7,W. LEVEQUE,13.963300000000004,51.8531,True,1,LOGROBASKET LOGI7,False
COPA ESPAÑA,Play-offs 1/16 Final,CACERES PATRIMONIO DE LA HUMANIDAD,24,A. LAFUENTE SISO,16.8547,63.7758,False,1,LOGROBASKET LOGI7,False
COPA ESPAÑA,Play-offs 1/16 Final,MELILLA CIUDAD DEL DEPORTE,7,P. CORDOBA MURO,34.696799999999996,22.359899999999996,False,1,CAJA RURAL CB ZAMORA,True
COPA ESPAÑA,Play-offs 1/16 Final,MELILLA CIUDAD DEL DEPORTE,23,R. STUMBRIS,37.5882,78.6484,False,1,CAJA RURAL CB ZAMORA,True
COPA ESPAÑA,Play-offs 1/16 Final,MELILLA CIUDAD DEL DEPORTE,21,L. DEBAUT,9.0268,56.3395,False,1,CAJA RURAL CB ZAMORA,True
COPA ESPAÑA,Play-offs 1/16 Final,MELILLA CIUDAD DEL DEPORTE,0,J. GODSPOWER JOHNSON,36.0367,78.1442,False,1,CAJA RURAL CB ZAMORA,True
COPA ESPAÑA,Play-offs 1/16 Final,MELILLA CIUDAD DEL DEPORTE,21,L. DEBAUT,35.402,89.2357,True,1,CAJA RURAL CB ZAMORA,True
COPA ESPAÑA,Play-offs 1/16 Final,MELILLA CIUDAD DEL DEPORTE,33,M. STILMA,44.0056,19.713099999999997,True,1,CAJA RURAL CB ZAMORA,True
COPA ESPAÑA,Play-offs 1/16 Final,MELILLA CIUDAD DEL DEPORTE,7,P. CORDOBA MURO,32.7221,90.7481,False,1,CAJA RURAL CB ZAMORA,True
COPA ESPAÑA,Play-offs 1/16 Final,MELILLA CIUDAD DEL DEPORTE,23,R. STUMBRIS,10.084599999999995,42.7783,False,1,CAJA RURAL CB ZAMORA,True
COPA ESPAÑA,Play-offs 1/16 Final,MELILLA CIUDAD DEL DEPORTE,12,P. KRUTOUS,35.4725,85.0764,False,1,CAJA RURAL CB ZAMORA,True
COPA ESPAÑA,Play-offs 1/16 Final,MELILLA CIUDAD DEL DEPORTE,33,M. STILMA,37.9408,17.0663,True,1,CAJA RURAL CB ZAMORA,True
COPA ESPAÑA,Play-offs 1/16 Final,MELILLA CIUDAD DEL DEPORTE,21,L. DEBAUT,8.53315,52.3062,True,1,CAJA RURAL CB ZAMORA,True
COPA ESPAÑA,Play-offs 1/16 Final,MELILLA CIUDAD DEL DEPORTE,12,P. KRUTOUS,40.8322,10.764300000000006,False,1,CAJA RURAL CB ZAMORA,True
COPA ESPAÑA,Play-offs 1/16 Final,MELILLA CIUDAD DEL DEPORTE,22,C. DIAZ RODRIGUEZ,36.7419,53.4406,True,1,CAJA RURAL CB ZAMORA,True
COPA ESPAÑA,Play-offs 1/16 Final,MELILLA CIUDAD DEL DEPORTE,44,J. GARCIA SANCHEZ,40.0564,83.3118,False,1,CAJA RURAL CB ZAMORA,True
COPA ESPAÑA,Play-offs 1/16 Final,MELILLA CIUDAD DEL DEPORTE,33,M. STILMA,36.1072,16.688199999999995,False,1,CAJA RURAL CB ZAMORA,True
COPA ESPAÑA,Play-offs 1/16 Final,MELILLA CIUDAD DEL DEPORTE,22,C. DIAZ RODRIGUEZ,13.046499999999995,47.9459,False,1,CAJA RURAL CB ZAMORA,True
COPA ESPAÑA,Play-offs 1/16 Final,MELILLA CIUDAD DEL DEPORTE,33,M. STILMA,43.4415,15.805899999999994,False,1,CAJA RURAL CB ZAMORA,True
COPA ESPAÑA,Play-offs 1/16 Final,MELILLA CIUDAD DEL DEPORTE,23,R. STUMBRIS,13.5402,61.129,False,1,CAJA RURAL CB ZAMORA,True
COPA ESPAÑA,Play-offs 1/16 Final,MELILLA CIUDAD DEL DEPORTE,44,J. GARCIA SANCHEZ,37.5882,19.334999999999994,True,1,CAJA RURAL CB ZAMORA,True
COPA ESPAÑA,Play-offs 1/16 Final,MELILLA CIUDAD DEL DEPORTE,22,C. DIAZ RODRIGUEZ,35.0494,81.1692,False,1,CAJA RURAL CB ZAMORA,True
COPA ESPAÑA,Play-offs 1/16 Final,MELILLA CIUDAD DEL DEPORTE,33,M. STILMA,36.5303,17.6965,False,1,CAJA RURAL CB ZAMORA,True
COPA ESPAÑA,Play-offs 1/16 Final,MELILLA CIUDAD DEL DEPORTE,12,P. KRUTOUS,37.3766,21.4266,False,1,CAJA RURAL CB ZAMORA,True
COPA ESPAÑA,Play-offs 1/16 Final,MELILLA CIUDAD DEL DEPORTE,7,P. CORDOBA MURO,10.225700000000003,50.2146,True,1,CAJA RURAL CB ZAMORA,True
COPA ESPAÑA,Play-offs 1/16 Final,MELILLA CIUDAD DEL DEPORTE,33,M. STILMA,8.956299999999999,46.3074,False,1,CAJA RURAL CB ZAMORA,True
COPA ESPAÑA,Play-offs 1/16 Final,MELILLA CIUDAD DEL DEPORTE,21,L. DEBAUT,10.9309,51.676,True,1,CAJA RURAL CB ZAMORA,True
COPA ESPAÑA,Play-offs 1/16 Final,MELILLA CIUDAD DEL DEPORTE,23,R. STUMBRIS,34.1326,81.5473,True,1,CAJA RURAL CB ZAMORA,True
COPA ESPAÑA,Play-offs 1/16 Final,MELILLA CIUDAD DEL DEPORTE,21,L. DEBAUT,8.32158,51.676,True,1,CAJA RURAL CB ZAMORA,True
COPA ESPAÑA,Play-offs 1/16 Final,MELILLA CIUDAD DEL DEPORTE,44,J. GARCIA SANCHEZ,35.543000000000006,20.847499999999997,False,1,CAJA RURAL CB ZAMORA,True
COPA ESPAÑA,Play-offs 1/16 Final,MELILLA CIUDAD DEL DEPORTE,5,M. HERON,11.354,44.9209,False,1,CAJA RURAL CB ZAMORA,True
COPA ESPAÑA,Play-offs 1/16 Final,MELILLA CIUDAD DEL DEPORTE,22,C. DIAZ RODRIGUEZ,40.1975,24.628600000000006,False,1,CAJA RURAL CB ZAMORA,True
COPA ESPAÑA,Play-offs 1/16 Final,MELILLA CIUDAD DEL DEPORTE,5,M. HERON,36.6008,80.2119,False,1,CAJA RURAL CB ZAMORA,True
COPA ESPAÑA,Play-offs 1/16 Final,MELILLA CIUDAD DEL DEPORTE,23,R. STUMBRIS,35.402,80.0348,False,1,CAJA RURAL CB ZAMORA,True
COPA ESPAÑA,Play-offs 1/16 Final,MELILLA CIUDAD DEL DEPORTE,23,R. STUMBRIS,12.1298,54.4489,False,1,CAJA RURAL CB ZAMORA,True
COPA ESPAÑA,Play-offs 1/16 Final,MELILLA CIUDAD DEL DEPORTE,7,P. CORDOBA MURO,11.565600000000003,45.173,True,1,CAJA RURAL CB ZAMORA,True
COPA ESPAÑA,Play-offs 1/16 Final,MELILLA CIUDAD DEL DEPORTE,22,C. DIAZ RODRIGUEZ,15.514799999999994,50.0885,True,1,CAJA RURAL CB ZAMORA,True
COPA ESPAÑA,Play-offs 1/16 Final,MELILLA CIUDAD DEL DEPORTE,23,R. STUMBRIS,13.046499999999995,47.9459,True,1,CAJA RURAL CB ZAMORA,True
COPA ESPAÑA,Play-offs 1/16 Final,MELILLA CIUDAD DEL DEPORTE,44,J. GARCIA SANCHEZ,35.3315,85.4545,False,1,CAJA RURAL CB ZAMORA,True
COPA ESPAÑA,Play-offs 1/16 Final,MELILLA CIUDAD DEL DEPORTE,23,R. STUMBRIS,11.0014,51.0458,False,1,CAJA RURAL CB ZAMORA,True
COPA ESPAÑA,Play-offs 1/16 Final,MELILLA CIUDAD DEL DEPORTE,21,L. DEBAUT,7.686899999999994,47.5677,False,1,CAJA RURAL CB ZAMORA,True
COPA ESPAÑA,Play-offs 1/16 Final,MELILLA CIUDAD DEL DEPORTE,12,P. KRUTOUS,35.8251,82.4296,True,1,CAJA RURAL CB ZAMORA,True
COPA ESPAÑA,Play-offs 1/16 Final,MELILLA CIUDAD DEL DEPORTE,5,M. HERON,9.238399999999999,49.0802,False,1,CAJA RURAL CB ZAMORA,True
COPA ESPAÑA,Play-offs 1/16 Final,MELILLA CIUDAD DEL DEPORTE,33,M. STILMA,9.379400000000004,42.1481,False,1,CAJA RURAL CB ZAMORA,True
COPA ESPAÑA,Play-offs 1/16 Final,MELILLA CIUDAD DEL DEPORTE,23,R. STUMBRIS,44.9929,19.461,False,1,CAJA RURAL CB ZAMORA,True
COPA ESPAÑA,Play-offs 1/16 Final,MELILLA CIUDAD DEL DEPORTE,33,M. STILMA,11.847700000000003,32.4431,False,1,CAJA RURAL CB ZAMORA,True
COPA ESPAÑA,Play-offs 1/16 Final,MELILLA CIUDAD DEL DEPORTE,5,M. HERON,8.956299999999999,46.3074,False,1,CAJA RURAL CB ZAMORA,True
COPA ESPAÑA,Play-offs 1/16 Final,MELILLA CIUDAD DEL DEPORTE,23,R. STUMBRIS,8.74471,52.8104,True,1,CAJA RURAL CB ZAMORA,True
COPA ESPAÑA,Play-offs 1/16 Final,MELILLA CIUDAD DEL DEPORTE,33,M. STILMA,11.2835,49.1552,True,1,CAJA RURAL CB ZAMORA,True
COPA ESPAÑA,Play-offs 1/16 Final,MELILLA CIUDAD DEL DEPORTE,7,P. CORDOBA MURO,36.6714,82.8077,False,1,CAJA RURAL CB ZAMORA,True
COPA ESPAÑA,Play-offs 1/16 Final,MELILLA CIUDAD DEL DEPORTE,23,R. STUMBRIS,38.646,22.359899999999996,False,1,CAJA RURAL CB ZAMORA,True
COPA ESPAÑA,Play-offs 1/16 Final,MELILLA CIUDAD DEL DEPORTE,7,P. CORDOBA MURO,41.7489,21.4777,False,1,CAJA RURAL CB ZAMORA,True
COPA ESPAÑA,Play-offs 1/16 Final,MELILLA CIUDAD DEL DEPORTE,23,R. STUMBRIS,40.8322,16.183999999999997,False,1,CAJA RURAL CB ZAMORA,True
COPA ESPAÑA,Play-offs 1/16 Final,MELILLA CIUDAD DEL DEPORTE,1,D. POIRIER,17.2073,62.3893,False,1,CAJA RURAL CB ZAMORA,True
COPA ESPAÑA,Play-offs 1/16 Final,MELILLA CIUDAD DEL DEPORTE,5,M. HERON,37.165,14.4945,True,1,CAJA RURAL CB ZAMORA,True
COPA ESPAÑA,Play-offs 1/16 Final,MELILLA CIUDAD DEL DEPORTE,7,P. CORDOBA MURO,12.482399999999998,48.5761,False,1,CAJA RURAL CB ZAMORA,True
COPA ESPAÑA,Play-offs 1/16 Final,MELILLA CIUDAD DEL DEPORTE,33,M. STILMA,11.354,44.9209,False,1,CAJA RURAL CB ZAMORA,True
COPA ESPAÑA,Play-offs 1/16 Final,MELILLA CIUDAD DEL DEPORTE,33,M. STILMA,7.968999999999994,47.1896,True,1,CAJA RURAL CB ZAMORA,True
COPA ESPAÑA,Play-offs 1/16 Final,MELILLA CIUDAD DEL DEPORTE,5,M. HERON,10.0846,49.4073,True,1,CAJA RURAL CB ZAMORA,True
COPA ESPAÑA,Play-offs 1/16 Final,MELILLA CIUDAD DEL DEPORTE,7,P. CORDOBA MURO,40.409,15.679900000000004,False,1,CAJA RURAL CB ZAMORA,True
COPA ESPAÑA,Play-offs 1/16 Final,MELILLA CIUDAD DEL DEPORTE,33,M. STILMA,38.0818,79.0775,False,1,CAJA RURAL CB ZAMORA,True
COPA ESPAÑA,Play-offs 1/16 Final,MELILLA CIUDAD DEL DEPORTE,12,P. KRUTOUS,9.943600000000004,54.3739,True,1,CAJA RURAL CB ZAMORA,True
COPA ESPAÑA,Play-offs 1/16 Final,MELILLA CIUDAD DEL DEPORTE,0,J. GODSPOWER JOHNSON,37.6587,78.0692,False,1,CAJA RURAL CB ZAMORA,True
COPA ESPAÑA,Play-offs 1/16 Final,MELILLA CIUDAD DEL DEPORTE,33,M. STILMA,36.8829,83.3118,True,1,CAJA RURAL CB ZAMORA,True
COPA ESPAÑA,Play-offs 1/16 Final,MELILLA CIUDAD DEL DEPORTE,5,M. HERON,35.6135,80.1609,True,1,CAJA RURAL CB ZAMORA,True
COPA ESPAÑA,Play-offs 1/16 Final,MELILLA CIUDAD DEL DEPORTE,5,M. HERON,36.2482,82.8077,False,1,CAJA RURAL CB ZAMORA,True
COPA ESPAÑA,Play-offs 1/16 Final,MELILLA CIUDAD DEL DEPORTE,22,C. DIAZ RODRIGUEZ,39.0691,26.141099999999994,False,1,CAJA RURAL CB ZAMORA,True
COPA ESPAÑA,Play-offs 1/16 Final,MELILLA CIUDAD DEL DEPORTE,7,P. CORDOBA MURO,37.2355,82.10249999999999,False,1,CAJA RURAL CB ZAMORA,True
COPA ESPAÑA,Play-offs 1/16 Final,CAJA RURAL CB ZAMORA,15,O. LO,13.8928,50.9198,False,1,MELILLA CIUDAD DEL DEPORTE,False
COPA ESPAÑA,Play-offs 1/16 Final,CAJA RURAL CB ZAMORA,9,J. PERIS CRESPO,10.225700000000003,48.9542,True,1,MELILLA CIUDAD DEL DEPORTE,False
COPA ESPAÑA,Play-offs 1/16 Final,CAJA RURAL CB ZAMORA,4,J. ROUND,38.0113,18.1496,False,1,MELILLA CIUDAD DEL DEPORTE,False
COPA ESPAÑA,Play-offs 1/16 Final,CAJA RURAL CB ZAMORA,15,O. LO,10.0141,49.0802,True,1,MELILLA CIUDAD DEL DEPORTE,False
COPA ESPAÑA,Play-offs 1/16 Final,CAJA RURAL CB ZAMORA,21,J. VAN ZEGEREN,11.8477,52.3062,True,1,MELILLA CIUDAD DEL DEPORTE,False
COPA ESPAÑA,Play-offs 1/16 Final,CAJA RURAL CB ZAMORA,9,J. PERIS CRESPO,31.3822,9.70501,False,1,MELILLA CIUDAD DEL DEPORTE,False
COPA ESPAÑA,Play-offs 1/16 Final,CAJA RURAL CB ZAMORA,13,A. MARTINEZ CLARIANA,39.6333,20.217299999999994,True,1,MELILLA CIUDAD DEL DEPORTE,False
COPA ESPAÑA,Play-offs 1/16 Final,CAJA RURAL CB ZAMORA,34,S. THRASTARSON,14.880099999999999,45.8032,False,1,MELILLA CIUDAD DEL DEPORTE,False
COPA ESPAÑA,Play-offs 1/16 Final,CAJA RURAL CB ZAMORA,9,J. PERIS CRESPO,39.9859,18.704800000000006,False,1,MELILLA CIUDAD DEL DEPORTE,False
COPA ESPAÑA,Play-offs 1/16 Final,CAJA RURAL CB ZAMORA,15,O. LO,11.0014,47.1386,True,1,MELILLA CIUDAD DEL DEPORTE,False
COPA ESPAÑA,Play-offs 1/16 Final,CAJA RURAL CB ZAMORA,78,A. BOUZAN CUMPLIDO,8.603700000000003,51.0968,False,1,MELILLA CIUDAD DEL DEPORTE,False
COPA ESPAÑA,Play-offs 1/16 Final,CAJA RURAL CB ZAMORA,15,O. LO,9.590999999999994,45.4251,False,1,MELILLA CIUDAD DEL DEPORTE,False
COPA ESPAÑA,Play-offs 1/16 Final,CAJA RURAL CB ZAMORA,78,A. BOUZAN CUMPLIDO,33.9915,16.8142,False,1,MELILLA CIUDAD DEL DEPORTE,False
COPA ESPAÑA,Play-offs 1/16 Final,CAJA RURAL CB ZAMORA,13,A. MARTINEZ CLARIANA,33.9915,16.8142,True,1,MELILLA CIUDAD DEL DEPORTE,False
COPA ESPAÑA,Play-offs 1/16 Final,CAJA RURAL CB ZAMORA,4,J. ROUND,39.4217,80.0348,False,1,MELILLA CIUDAD DEL DEPORTE,False
COPA ESPAÑA,Play-offs 1/16 Final,CAJA RURAL CB ZAMORA,9,J. PERIS CRESPO,14.598,49.1552,False,1,MELILLA CIUDAD DEL DEPORTE,False
COPA ESPAÑA,Play-offs 1/16 Final,CAJA RURAL CB ZAMORA,34,S. THRASTARSON,37.8702,20.3433,True,1,MELILLA CIUDAD DEL DEPORTE,False
COPA ESPAÑA,Play-offs 1/16 Final,CAJA RURAL CB ZAMORA,34,S. THRASTARSON,13.469700000000003,49.9625,False,1,MELILLA CIUDAD DEL DEPORTE,False
COPA ESPAÑA,Play-offs 1/16 Final,CAJA RURAL CB ZAMORA,21,J. VAN ZEGEREN,13.469700000000003,49.9625,True,1,MELILLA CIUDAD DEL DEPORTE,False
COPA ESPAÑA,Play-offs 1/16 Final,CAJA RURAL CB ZAMORA,9,J. PERIS CRESPO,10.5078,49.0292,True,1,MELILLA CIUDAD DEL DEPORTE,False
COPA ESPAÑA,Play-offs 1/16 Final,CAJA RURAL CB ZAMORA,4,J. ROUND,9.73202,49.4073,True,1,MELILLA CIUDAD DEL DEPORTE,False
COPA ESPAÑA,Play-offs 1/16 Final,CAJA RURAL CB ZAMORA,13,A. MARTINEZ CLARIANA,11.636099999999999,46.3074,True,1,MELILLA CIUDAD DEL DEPORTE,False
COPA ESPAÑA,Play-offs 1/16 Final,CAJA RURAL CB ZAMORA,9,J. PERIS CRESPO,11.001400000000004,48.7021,True,1,MELILLA CIUDAD DEL DEPORTE,False
COPA ESPAÑA,Play-offs 1/16 Final,CAJA RURAL CB ZAMORA,9,J. PERIS CRESPO,35.049400000000006,20.847499999999997,False,1,MELILLA CIUDAD DEL DEPORTE,False
COPA ESPAÑA,Play-offs 1/16 Final,CAJA RURAL CB ZAMORA,9,J. PERIS CRESPO,36.6008,79.2786,False,1,MELILLA CIUDAD DEL DEPORTE,False
COPA ESPAÑA,Play-offs 1/16 Final,CAJA RURAL CB ZAMORA,9,J. PERIS CRESPO,35.8251,81.6733,False,1,MELILLA CIUDAD DEL DEPORTE,False
COPA ESPAÑA,Play-offs 1/16 Final,CAJA RURAL CB ZAMORA,13,A. MARTINEZ CLARIANA,9.94358,49.7854,False,1,MELILLA CIUDAD DEL DEPORTE,False
COPA ESPAÑA,Play-offs 1/16 Final,CAJA RURAL CB ZAMORA,78,A. BOUZAN CUMPLIDO,34.6262,83.3628,False,1,MELILLA CIUDAD DEL DEPORTE,False
COPA ESPAÑA,Play-offs 1/16 Final,CAJA RURAL CB ZAMORA,15,O. LO,10.578299999999999,50.7187,True,1,MELILLA CIUDAD DEL DEPORTE,False
COPA ESPAÑA,Play-offs 1/16 Final,CAJA RURAL CB ZAMORA,4,J. ROUND,10.7193,46.3824,True,1,MELILLA CIUDAD DEL DEPORTE,False
COPA ESPAÑA,Play-offs 1/16 Final,CAJA RURAL CB ZAMORA,4,J. ROUND,35.1904,16.6372,False,1,MELILLA CIUDAD DEL DEPORTE,False
COPA ESPAÑA,Play-offs 1/16 Final,CAJA RURAL CB ZAMORA,13,A. MARTINEZ CLARIANA,13.328599999999994,45.047,False,1,MELILLA CIUDAD DEL DEPORTE,False
COPA ESPAÑA,Play-offs 1/16 Final,CAJA RURAL CB ZAMORA,17,T. NASPLER PERAIRE,7.61636,55.0791,False,1,MELILLA CIUDAD DEL DEPORTE,False
COPA ESPAÑA,Play-offs 1/16 Final,CAJA RURAL CB ZAMORA,4,J. ROUND,37.5176,24.5026,True,1,MELILLA CIUDAD DEL DEPORTE,False
COPA ESPAÑA,Play-offs 1/16 Final,CAJA RURAL CB ZAMORA,17,T. NASPLER PERAIRE,35.9662,23.3682,False,1,MELILLA CIUDAD DEL DEPORTE,False
COPA ESPAÑA,Play-offs 1/16 Final,CAJA RURAL CB ZAMORA,78,A. BOUZAN CUMPLIDO,6.911100000000005,40.6356,False,1,MELILLA CIUDAD DEL DEPORTE,False
COPA ESPAÑA,Play-offs 1/16 Final,CAJA RURAL CB ZAMORA,21,J. VAN ZEGEREN,11.0719,51.55,False,1,MELILLA CIUDAD DEL DEPORTE,False
COPA ESPAÑA,Play-offs 1/16 Final,CAJA RURAL CB ZAMORA,78,A. BOUZAN CUMPLIDO,39.0691,86.8409,False,1,MELILLA CIUDAD DEL DEPORTE,False
COPA ESPAÑA,Play-offs 1/16 Final,CAJA RURAL CB ZAMORA,21,J. VAN ZEGEREN,8.3921,51.8021,False,1,MELILLA CIUDAD DEL DEPORTE,False
COPA ESPAÑA,Play-offs 1/16 Final,CAJA RURAL CB ZAMORA,9,J. PERIS CRESPO,38.9986,76.7578,False,1,MELILLA CIUDAD DEL DEPORTE,False
COPA ESPAÑA,Play-offs 1/16 Final,CAJA RURAL CB ZAMORA,17,T. NASPLER PERAIRE,36.8829,22.990099999999998,True,1,MELILLA CIUDAD DEL DEPORTE,False
COPA ESPAÑA,Play-offs 1/16 Final,CAJA RURAL CB ZAMORA,78,A. BOUZAN CUMPLIDO,39.7038,14.923599999999993,False,1,MELILLA CIUDAD DEL DEPORTE,False
COPA ESPAÑA,Play-offs 1/16 Final,CAJA RURAL CB ZAMORA,15,O. LO,11.706599999999995,55.3822,False,1,MELILLA CIUDAD DEL DEPORTE,False
COPA ESPAÑA,Play-offs 1/16 Final,CAJA RURAL CB ZAMORA,15,O. LO,7.757400000000004,47.8198,True,1,MELILLA CIUDAD DEL DEPORTE,False
COPA ESPAÑA,Play-offs 1/16 Final,CAJA RURAL CB ZAMORA,9,J. PERIS CRESPO,34.767300000000006,15.931899999999999,False,1,MELILLA CIUDAD DEL DEPORTE,False
COPA ESPAÑA,Play-offs 1/16 Final,CAJA RURAL CB ZAMORA,17,T. NASPLER PERAIRE,12.905500000000004,48.5761,True,1,MELILLA CIUDAD DEL DEPORTE,False
COPA ESPAÑA,Play-offs 1/16 Final,CAJA RURAL CB ZAMORA,15,O. LO,15.0212,59.1123,True,1,MELILLA CIUDAD DEL DEPORTE,False
COPA ESPAÑA,Play-offs 1/16 Final,CAJA RURAL CB ZAMORA,15,O. LO,13.963300000000004,45.4251,False,1,MELILLA CIUDAD DEL DEPORTE,False
COPA ESPAÑA,Play-offs 1/16 Final,CAJA RURAL CB ZAMORA,4,J. ROUND,36.8124,73.1027,False,1,MELILLA CIUDAD DEL DEPORTE,False
COPA ESPAÑA,Play-offs 1/16 Final,CAJA RURAL CB ZAMORA,21,J. VAN ZEGEREN,10.225700000000003,43.0303,True,1,MELILLA CIUDAD DEL DEPORTE,False
COPA ESPAÑA,Play-offs 1/16 Final,CAJA RURAL CB ZAMORA,34,S. THRASTARSON,15.373800000000003,64.3309,False,1,MELILLA CIUDAD DEL DEPORTE,False
COPA ESPAÑA,Play-offs 1/16 Final,CAJA RURAL CB ZAMORA,14,D. KRISTENSEN,11.777100000000004,48.0719,False,1,MELILLA CIUDAD DEL DEPORTE,False
COPA ESPAÑA,Play-offs 1/16 Final,CAJA RURAL CB ZAMORA,14,D. KRISTENSEN,10.578299999999999,43.5345,True,1,MELILLA CIUDAD DEL DEPORTE,False
COPA ESPAÑA,Play-offs 1/16 Final,CAJA RURAL CB ZAMORA,13,A. MARTINEZ CLARIANA,30.606499999999997,85.7576,True,1,MELILLA CIUDAD DEL DEPORTE,False
COPA ESPAÑA,Play-offs 1/16 Final,CAJA RURAL CB ZAMORA,14,D. KRISTENSEN,12.482399999999998,49.2063,False,1,MELILLA CIUDAD DEL DEPORTE,False
COPA ESPAÑA,Play-offs 1/16 Final,CAJA RURAL CB ZAMORA,9,J. PERIS CRESPO,35.1904,82.8077,False,1,MELILLA CIUDAD DEL DEPORTE,False
COPA ESPAÑA,Play-offs 1/16 Final,CAJA RURAL CB ZAMORA,17,T. NASPLER PERAIRE,36.4598,82.5556,True,1,MELILLA CIUDAD DEL DEPORTE,False
COPA ESPAÑA,Play-offs 1/16 Final,CAJA RURAL CB ZAMORA,21,J. VAN ZEGEREN,11.706599999999995,50.3406,False,1,MELILLA CIUDAD DEL DEPORTE,False
COPA ESPAÑA,Play-offs 1/16 Final,CAJA RURAL CB ZAMORA,78,A. BOUZAN CUMPLIDO,11.9887,44.7439,False,1,MELILLA CIUDAD DEL DEPORTE,False
COPA ESPAÑA,Play-offs 1/16 Final,CAJA RURAL CB ZAMORA,78,A. BOUZAN CUMPLIDO,8.88575,59.6165,True,1,MELILLA CIUDAD DEL DEPORTE,False
COPA ESPAÑA,Play-offs 1/16 Final,C.B. ZARAGOZA,12,E. GATELL SANZ,15.5853,50.0375,False,1,GRUPO URETA TIZONA BURGOS,True
COPA ESPAÑA,Play-offs 1/16 Final,C.B. ZARAGOZA,22,J. ZHAO OLMOS,31.029600000000002,75.2963,False,1,GRUPO URETA TIZONA BURGOS,True
COPA ESPAÑA,Play-offs 1/16 Final,C.B. ZARAGOZA,15,J. JIMÉNEZ JIMÉNEZ,14.1044,56.9697,True,1,GRUPO URETA TIZONA BURGOS,True
COPA ESPAÑA,Play-offs 1/16 Final,C.B. ZARAGOZA,3,I. OKEKE,13.258099999999999,50.3406,False,1,GRUPO URETA TIZONA BURGOS,True
COPA ESPAÑA,Play-offs 1/16 Final,C.B. ZARAGOZA,3,I. OKEKE,8.11,42.5262,True,1,GRUPO URETA TIZONA BURGOS,True
COPA ESPAÑA,Play-offs 1/16 Final,C.B. ZARAGOZA,0,D. MUÑOZ SAMATAN,13.8223,42.4752,True,1,GRUPO URETA TIZONA BURGOS,True
COPA ESPAÑA,Play-offs 1/16 Final,C.B. ZARAGOZA,24,G. COLOM BARRUFET,32.01690000000001,16.940200000000004,False,1,GRUPO URETA TIZONA BURGOS,True
COPA ESPAÑA,Play-offs 1/16 Final,C.B. ZARAGOZA,3,I. OKEKE,17.348399999999998,55.0041,False,1,GRUPO URETA TIZONA BURGOS,True
COPA ESPAÑA,Play-offs 1/16 Final,C.B. ZARAGOZA,5,D. ARJOL LOPEZ,11.424499999999995,40.1314,True,1,GRUPO URETA TIZONA BURGOS,True
COPA ESPAÑA,Play-offs 1/16 Final,C.B. ZARAGOZA,24,G. COLOM BARRUFET,31.6643,19.284,False,1,GRUPO URETA TIZONA BURGOS,True
COPA ESPAÑA,Play-offs 1/16 Final,C.B. ZARAGOZA,7,O. ALVARADO RODRIGUEZ,32.4401,69.2465,True,1,GRUPO URETA TIZONA BURGOS,True
COPA ESPAÑA,Play-offs 1/16 Final,C.B. ZARAGOZA,22,J. ZHAO OLMOS,32.0874,28.157700000000006,False,1,GRUPO URETA TIZONA BURGOS,True
COPA ESPAÑA,Play-offs 1/16 Final,C.B. ZARAGOZA,5,D. ARJOL LOPEZ,12.6939,74.237,False,1,GRUPO URETA TIZONA BURGOS,True
COPA ESPAÑA,Play-offs 1/16 Final,C.B. ZARAGOZA,22,J. ZHAO OLMOS,13.5402,45.7522,True,1,GRUPO URETA TIZONA BURGOS,True
COPA ESPAÑA,Play-offs 1/16 Final,C.B. ZARAGOZA,5,D. ARJOL LOPEZ,14.598,46.0043,True,1,GRUPO URETA TIZONA BURGOS,True
COPA ESPAÑA,Play-offs 1/16 Final,C.B. ZARAGOZA,3,I. OKEKE,13.2581,57.0957,False,1,GRUPO URETA TIZONA BURGOS,True
COPA ESPAÑA,Play-offs 1/16 Final,C.B. ZARAGOZA,24,G. COLOM BARRUFET,16.2906,52.0541,False,1,GRUPO URETA TIZONA BURGOS,True
COPA ESPAÑA,Play-offs 1/16 Final,C.B. ZARAGOZA,22,J. ZHAO OLMOS,32.29900000000001,22.359899999999996,False,1,GRUPO URETA TIZONA BURGOS,True
COPA ESPAÑA,Play-offs 1/16 Final,C.B. ZARAGOZA,0,D. MUÑOZ SAMATAN,11.354,78.1952,False,1,GRUPO URETA TIZONA BURGOS,True
COPA ESPAÑA,Play-offs 1/16 Final,C.B. ZARAGOZA,22,J. ZHAO OLMOS,34.9083,64.658,False,1,GRUPO URETA TIZONA BURGOS,True
COPA ESPAÑA,Play-offs 1/16 Final,C.B. ZARAGOZA,24,G. COLOM BARRUFET,16.9958,52.4323,True,1,GRUPO URETA TIZONA BURGOS,True
COPA ESPAÑA,Play-offs 1/16 Final,C.B. ZARAGOZA,24,G. COLOM BARRUFET,32.5106,23.116200000000006,False,1,GRUPO URETA TIZONA BURGOS,True
COPA ESPAÑA,Play-offs 1/16 Final,C.B. ZARAGOZA,22,J. ZHAO OLMOS,18.3357,38.694,False,1,GRUPO URETA TIZONA BURGOS,True
COPA ESPAÑA,Play-offs 1/16 Final,C.B. ZARAGOZA,5,D. ARJOL LOPEZ,14.5275,45.5001,True,1,GRUPO URETA TIZONA BURGOS,True
COPA ESPAÑA,Play-offs 1/16 Final,C.B. ZARAGOZA,13,P. ASO JIMENEZ,33.1453,24.8297,False,1,GRUPO URETA TIZONA BURGOS,True
COPA ESPAÑA,Play-offs 1/16 Final,C.B. ZARAGOZA,22,J. ZHAO OLMOS,14.1044,71.5902,False,1,GRUPO URETA TIZONA BURGOS,True
COPA ESPAÑA,Play-offs 1/16 Final,C.B. ZARAGOZA,22,J. ZHAO OLMOS,31.5233,74.111,False,1,GRUPO URETA TIZONA BURGOS,True
COPA ESPAÑA,Play-offs 1/16 Final,C.B. ZARAGOZA,3,I. OKEKE,22.355400000000003,50.5927,False,1,GRUPO URETA TIZONA BURGOS,True
COPA ESPAÑA,Play-offs 1/16 Final,C.B. ZARAGOZA,13,P. ASO JIMENEZ,14.9506,54.953,True,1,GRUPO URETA TIZONA BURGOS,True
COPA ESPAÑA,Play-offs 1/16 Final,C.B. ZARAGOZA,24,G. COLOM BARRUFET,13.8223,76.1276,False,1,GRUPO URETA TIZONA BURGOS,True
COPA ESPAÑA,Play-offs 1/16 Final,C.B. ZARAGOZA,22,J. ZHAO OLMOS,12.7645,56.5915,True,1,GRUPO URETA TIZONA BURGOS,True
COPA ESPAÑA,Play-offs 1/16 Final,C.B. ZARAGOZA,15,J. JIMÉNEZ JIMÉNEZ,31.6643,22.8131,False,1,GRUPO URETA TIZONA BURGOS,True
COPA ESPAÑA,Play-offs 1/16 Final,C.B. ZARAGOZA,0,D. MUÑOZ SAMATAN,13.7518,55.4572,False,1,GRUPO URETA TIZONA BURGOS,True
COPA ESPAÑA,Play-offs 1/16 Final,C.B. ZARAGOZA,5,D. ARJOL LOPEZ,14.950599999999994,43.4085,True,1,GRUPO URETA TIZONA BURGOS,True
COPA ESPAÑA,Play-offs 1/16 Final,C.B. ZARAGOZA,22,J. ZHAO OLMOS,12.835,43.3574,True,1,GRUPO URETA TIZONA BURGOS,True
COPA ESPAÑA,Play-offs 1/16 Final,C.B. ZARAGOZA,15,J. JIMÉNEZ JIMÉNEZ,34.203100000000006,32.4431,True,1,GRUPO URETA TIZONA BURGOS,True
COPA ESPAÑA,Play-offs 1/16 Final,C.B. ZARAGOZA,5,D. ARJOL LOPEZ,11.988699999999994,40.2575,True,1,GRUPO URETA TIZONA BURGOS,True
COPA ESPAÑA,Play-offs 1/16 Final,C.B. ZARAGOZA,3,I. OKEKE,31.452699999999993,22.611999999999995,True,1,GRUPO URETA TIZONA BURGOS,True
COPA ESPAÑA,Play-offs 1/16 Final,C.B. ZARAGOZA,22,J. ZHAO OLMOS,32.6516,65.59129999999999,True,1,GRUPO URETA TIZONA BURGOS,True
COPA ESPAÑA,Play-offs 1/16 Final,C.B. ZARAGOZA,22,J. ZHAO OLMOS,15.091700000000003,53.4916,False,1,GRUPO URETA TIZONA BURGOS,True
COPA ESPAÑA,Play-offs 1/16 Final,C.B. ZARAGOZA,12,E. GATELL SANZ,15.6559,70.3298,True,1,GRUPO URETA TIZONA BURGOS,True
COPA ESPAÑA,Play-offs 1/16 Final,C.B. ZARAGOZA,12,E. GATELL SANZ,14.739099999999993,53.7437,True,1,GRUPO URETA TIZONA BURGOS,True
COPA ESPAÑA,Play-offs 1/16 Final,C.B. ZARAGOZA,13,P. ASO JIMENEZ,18.0536,48.9032,False,1,GRUPO URETA TIZONA BURGOS,True
COPA ESPAÑA,Play-offs 1/16 Final,C.B. ZARAGOZA,15,J. JIMÉNEZ JIMÉNEZ,14.3159,59.3644,True,1,GRUPO URETA TIZONA BURGOS,True
COPA ESPAÑA,Play-offs 1/16 Final,C.B. ZARAGOZA,15,J. JIMÉNEZ JIMÉNEZ,14.3865,55.8353,False,1,GRUPO URETA TIZONA BURGOS,True
COPA ESPAÑA,Play-offs 1/16 Final,C.B. ZARAGOZA,24,G. COLOM BARRUFET,30.4654,20.9225,False,1,GRUPO URETA TIZONA BURGOS,True
COPA ESPAÑA,Play-offs 1/16 Final,C.B. ZARAGOZA,7,O. ALVARADO RODRIGUEZ,33.1453,71.086,False,1,GRUPO URETA TIZONA BURGOS,True
COPA ESPAÑA,Play-offs 1/16 Final,C.B. ZARAGOZA,12,E. GATELL SANZ,11.424499999999995,39.6273,True,1,GRUPO URETA TIZONA BURGOS,True
COPA ESPAÑA,Play-offs 1/16 Final,C.B. ZARAGOZA,22,J. ZHAO OLMOS,34.6262,68.4392,False,1,GRUPO URETA TIZONA BURGOS,True
COPA ESPAÑA,Play-offs 1/16 Final,C.B. ZARAGOZA,5,D. ARJOL LOPEZ,13.822299999999998,56.8946,True,1,GRUPO URETA TIZONA BURGOS,True
COPA ESPAÑA,Play-offs 1/16 Final,C.B. ZARAGOZA,12,E. GATELL SANZ,14.6685,50.1636,False,1,GRUPO URETA TIZONA BURGOS,True
COPA ESPAÑA,Play-offs 1/16 Final,C.B. ZARAGOZA,13,P. ASO JIMENEZ,12.2003,45.5001,True,1,GRUPO URETA TIZONA BURGOS,True
COPA ESPAÑA,Play-offs 1/16 Final,C.B. ZARAGOZA,22,J. ZHAO OLMOS,15.5148,69.6996,False,1,GRUPO URETA TIZONA BURGOS,True
COPA ESPAÑA,Play-offs 1/16 Final,C.B. ZARAGOZA,15,J. JIMÉNEZ JIMÉNEZ,29.9718,21.0485,False,1,GRUPO URETA TIZONA BURGOS,True
COPA ESPAÑA,Play-offs 1/16 Final,C.B. ZARAGOZA,0,D. MUÑOZ SAMATAN,15.373800000000003,55.6342,True,1,GRUPO URETA TIZONA BURGOS,True
COPA ESPAÑA,Play-offs 1/16 Final,C.B. ZARAGOZA,15,J. JIMÉNEZ JIMÉNEZ,15.514799999999994,53.7437,True,1,GRUPO URETA TIZONA BURGOS,True
COPA ESPAÑA,Play-offs 1/16 Final,C.B. ZARAGOZA,13,P. ASO JIMENEZ,9.23836,57.8519,False,1,GRUPO URETA TIZONA BURGOS,True
COPA ESPAÑA,Play-offs 1/16 Final,C.B. ZARAGOZA,3,I. OKEKE,16.5021,51.55,True,1,GRUPO URETA TIZONA BURGOS,True
COPA ESPAÑA,Play-offs 1/16 Final,C.B. ZARAGOZA,7,O. ALVARADO RODRIGUEZ,34.0621,31.434700000000007,False,1,GRUPO URETA TIZONA BURGOS,True
COPA ESPAÑA,Play-offs 1/16 Final,C.B. ZARAGOZA,7,O. ALVARADO RODRIGUEZ,30.888599999999997,16.436099999999996,True,1,GRUPO URETA TIZONA BURGOS,True
COPA ESPAÑA,Play-offs 1/16 Final,C.B. ZARAGOZA,0,D. MUÑOZ SAMATAN,12.482399999999998,53.8697,False,1,GRUPO URETA TIZONA BURGOS,True
COPA ESPAÑA,Play-offs 1/16 Final,C.B. ZARAGOZA,22,J. ZHAO OLMOS,30.677000000000007,73.5318,True,1,GRUPO URETA TIZONA BURGOS,True
COPA ESPAÑA,Play-offs 1/16 Final,GRUPO URETA TIZONA BURGOS,13,R. VILA SOLEY,12.5529,56.8436,True,1,C.B. ZARAGOZA,False
COPA ESPAÑA,Play-offs 1/16 Final,GRUPO URETA TIZONA BURGOS,21,G. GIL GARCIA,24.471100000000007,62.3143,True,1,C.B. ZARAGOZA,False
COPA ESPAÑA,Play-offs 1/16 Final,GRUPO URETA TIZONA BURGOS,10,A. PARRADO CALABRIA,24.189,44.7439,False,1,C.B. ZARAGOZA,False
COPA ESPAÑA,Play-offs 1/16 Final,GRUPO URETA TIZONA BURGOS,35,R. SEOANE RODICIO,29.337100000000007,18.956900000000005,True,1,C.B. ZARAGOZA,False
COPA ESPAÑA,Play-offs 1/16 Final,GRUPO URETA TIZONA BURGOS,13,R. VILA SOLEY,13.540199999999999,55.0041,True,1,C.B. ZARAGOZA,False
COPA ESPAÑA,Play-offs 1/16 Final,GRUPO URETA TIZONA BURGOS,25,J. ZIDEK,33.78,25.0818,False,1,C.B. ZARAGOZA,False
COPA ESPAÑA,Play-offs 1/16 Final,GRUPO URETA TIZONA BURGOS,31,J. BROWN-FERGUSON,12.4824,43.7356,True,1,C.B. ZARAGOZA,False
COPA ESPAÑA,Play-offs 1/16 Final,GRUPO URETA TIZONA BURGOS,25,J. ZIDEK,29.6897,79.0265,True,1,C.B. ZARAGOZA,False
COPA ESPAÑA,Play-offs 1/16 Final,GRUPO URETA TIZONA BURGOS,10,A. PARRADO CALABRIA,14.1749,56.2134,True,1,C.B. ZARAGOZA,False
COPA ESPAÑA,Play-offs 1/16 Final,GRUPO URETA TIZONA BURGOS,21,G. GIL GARCIA,34.3441,70.2548,False,1,C.B. ZARAGOZA,False
COPA ESPAÑA,Play-offs 1/16 Final,GRUPO URETA TIZONA BURGOS,25,J. ZIDEK,12.6939,15.427800000000005,False,1,C.B. ZARAGOZA,False
COPA ESPAÑA,Play-offs 1/16 Final,GRUPO URETA TIZONA BURGOS,10,A. PARRADO CALABRIA,32.2285,24.3255,True,1,C.B. ZARAGOZA,False
COPA ESPAÑA,Play-offs 1/16 Final,GRUPO URETA TIZONA BURGOS,21,G. GIL GARCIA,13.2581,42.2231,True,1,C.B. ZARAGOZA,False
COPA ESPAÑA,Play-offs 1/16 Final,GRUPO URETA TIZONA BURGOS,31,J. BROWN-FERGUSON,12.129800000000003,41.0137,True,1,C.B. ZARAGOZA,False
COPA ESPAÑA,Play-offs 1/16 Final,GRUPO URETA TIZONA BURGOS,10,A. PARRADO CALABRIA,31.170699999999997,71.8933,True,1,C.B. ZARAGOZA,False
COPA ESPAÑA,Play-offs 1/16 Final,GRUPO URETA TIZONA BURGOS,31,J. BROWN-FERGUSON,10.2962,44.4918,False,1,C.B. ZARAGOZA,False
COPA ESPAÑA,Play-offs 1/16 Final,GRUPO URETA TIZONA BURGOS,55,G. JOFRESA SARRET,18.758799999999994,49.4583,False,1,C.B. ZARAGOZA,False
COPA ESPAÑA,Play-offs 1/16 Final,GRUPO URETA TIZONA BURGOS,21,G. GIL GARCIA,33.7094,27.9807,False,1,C.B. ZARAGOZA,False
COPA ESPAÑA,Play-offs 1/16 Final,GRUPO URETA TIZONA BURGOS,13,R. VILA SOLEY,14.668499999999995,50.7187,True,1,C.B. ZARAGOZA,False
COPA ESPAÑA,Play-offs 1/16 Final,GRUPO URETA TIZONA BURGOS,10,A. PARRADO CALABRIA,14.527500000000003,37.4846,False,1,C.B. ZARAGOZA,False
COPA ESPAÑA,Play-offs 1/16 Final,GRUPO URETA TIZONA BURGOS,55,G. JOFRESA SARRET,12.5529,56.2134,True,1,C.B. ZARAGOZA,False
COPA ESPAÑA,Play-offs 1/16 Final,GRUPO URETA TIZONA BURGOS,10,A. PARRADO CALABRIA,30.394900000000007,73.5318,True,1,C.B. ZARAGOZA,False
COPA ESPAÑA,Play-offs 1/16 Final,GRUPO URETA TIZONA BURGOS,31,J. BROWN-FERGUSON,13.9633,54.0708,True,1,C.B. ZARAGOZA,False
COPA ESPAÑA,Play-offs 1/16 Final,GRUPO URETA TIZONA BURGOS,35,R. SEOANE RODICIO,30.888599999999997,70.6329,False,1,C.B. ZARAGOZA,False
COPA ESPAÑA,Play-offs 1/16 Final,GRUPO URETA TIZONA BURGOS,25,J. ZIDEK,13.117099999999994,55.0041,True,1,C.B. ZARAGOZA,False
COPA ESPAÑA,Play-offs 1/16 Final,GRUPO URETA TIZONA BURGOS,25,J. ZIDEK,32.0169,82.1775,False,1,C.B. ZARAGOZA,False
COPA ESPAÑA,Play-offs 1/16 Final,GRUPO URETA TIZONA BURGOS,35,R. SEOANE RODICIO,13.1171,45.122,False,1,C.B. ZARAGOZA,False
COPA ESPAÑA,Play-offs 1/16 Final,GRUPO URETA TIZONA BURGOS,10,A. PARRADO CALABRIA,30.324399999999997,20.595399999999998,False,1,C.B. ZARAGOZA,False
COPA ESPAÑA,Play-offs 1/16 Final,GRUPO URETA TIZONA BURGOS,24,A. HUELVES GARCIA,14.668499999999995,50.7187,False,1,C.B. ZARAGOZA,False
COPA ESPAÑA,Play-offs 1/16 Final,GRUPO URETA TIZONA BURGOS,24,A. HUELVES GARCIA,12.552899999999994,42.9043,False,1,C.B. ZARAGOZA,False
COPA ESPAÑA,Play-offs 1/16 Final,GRUPO URETA TIZONA BURGOS,35,R. SEOANE RODICIO,31.029600000000002,77.0609,True,1,C.B. ZARAGOZA,False
COPA ESPAÑA,Play-offs 1/16 Final,GRUPO URETA TIZONA BURGOS,24,A. HUELVES GARCIA,10.719300000000004,27.023399999999995,False,1,C.B. ZARAGOZA,False
COPA ESPAÑA,Play-offs 1/16 Final,GRUPO URETA TIZONA BURGOS,24,A. HUELVES GARCIA,19.3935,22.9391,False,1,C.B. ZARAGOZA,False
COPA ESPAÑA,Play-offs 1/16 Final,GRUPO URETA TIZONA BURGOS,31,J. BROWN-FERGUSON,12.4824,43.7356,False,1,C.B. ZARAGOZA,False
COPA ESPAÑA,Play-offs 1/16 Final,GRUPO URETA TIZONA BURGOS,35,R. SEOANE RODICIO,33.63890000000001,43.5345,True,1,C.B. ZARAGOZA,False
COPA ESPAÑA,Play-offs 1/16 Final,GRUPO URETA TIZONA BURGOS,10,A. PARRADO CALABRIA,32.4401,20.721400000000003,False,1,C.B. ZARAGOZA,False
COPA ESPAÑA,Play-offs 1/16 Final,GRUPO URETA TIZONA BURGOS,10,A. PARRADO CALABRIA,33.0042,80.665,False,1,C.B. ZARAGOZA,False
COPA ESPAÑA,Play-offs 1/16 Final,GRUPO URETA TIZONA BURGOS,10,A. PARRADO CALABRIA,32.0874,81.0431,False,1,C.B. ZARAGOZA,False
COPA ESPAÑA,Play-offs 1/16 Final,GRUPO URETA TIZONA BURGOS,25,J. ZIDEK,23.765900000000002,47.0636,True,1,C.B. ZARAGOZA,False
COPA ESPAÑA,Play-offs 1/16 Final,GRUPO URETA TIZONA BURGOS,55,G. JOFRESA SARRET,33.9915,79.6567,False,1,C.B. ZARAGOZA,False
COPA ESPAÑA,Play-offs 1/16 Final,GRUPO URETA TIZONA BURGOS,21,G. GIL GARCIA,13.3286,59.3644,False,1,C.B. ZARAGOZA,False
COPA ESPAÑA,Play-offs 1/16 Final,GRUPO URETA TIZONA BURGOS,55,G. JOFRESA SARRET,32.7927,77.8921,False,1,C.B. ZARAGOZA,False
COPA ESPAÑA,Play-offs 1/16 Final,GRUPO URETA TIZONA BURGOS,21,G. GIL GARCIA,35.6135,33.5774,True,1,C.B. ZARAGOZA,False
COPA ESPAÑA,Play-offs 1/16 Final,GRUPO URETA TIZONA BURGOS,25,J. ZIDEK,32.9337,21.2256,False,1,C.B. ZARAGOZA,False
COPA ESPAÑA,Play-offs 1/16 Final,GRUPO URETA TIZONA BURGOS,10,A. PARRADO CALABRIA,32.8632,23.4433,False,1,C.B. ZARAGOZA,False
COPA ESPAÑA,Play-offs 1/16 Final,GRUPO URETA TIZONA BURGOS,13,R. VILA SOLEY,17.489400000000003,49.5844,False,1,C.B. ZARAGOZA,False
COPA ESPAÑA,Play-offs 1/16 Final,GRUPO URETA TIZONA BURGOS,35,R. SEOANE RODICIO,37.3766,44.1647,False,1,C.B. ZARAGOZA,False
COPA ESPAÑA,Play-offs 1/16 Final,GRUPO URETA TIZONA BURGOS,55,G. JOFRESA SARRET,33.9915,28.0317,True,1,C.B. ZARAGOZA,False
COPA ESPAÑA,Play-offs 1/16 Final,GRUPO URETA TIZONA BURGOS,10,A. PARRADO CALABRIA,20.0282,50.5417,True,1,C.B. ZARAGOZA,False
COPA ESPAÑA,Play-offs 1/16 Final,GRUPO URETA TIZONA BURGOS,21,G. GIL GARCIA,33.78,27.4765,False,1,C.B. ZARAGOZA,False
COPA ESPAÑA,Play-offs 1/16 Final,GRUPO URETA TIZONA BURGOS,13,R. VILA SOLEY,13.5402,58.3561,True,1,C.B. ZARAGOZA,False
COPA ESPAÑA,Play-offs 1/16 Final,GRUPO URETA TIZONA BURGOS,13,R. VILA SOLEY,10.7898,52.8614,True,1,C.B. ZARAGOZA,False
COPA ESPAÑA,Play-offs 1/16 Final,GRUPO URETA TIZONA BURGOS,35,R. SEOANE RODICIO,31.8759,71.8933,True,1,C.B. ZARAGOZA,False
COPA ESPAÑA,Play-offs 1/16 Final,GRUPO URETA TIZONA BURGOS,21,G. GIL GARCIA,33.3568,28.3588,False,1,C.B. ZARAGOZA,False
COPA ESPAÑA,Play-offs 1/16 Final,GRUPO URETA TIZONA BURGOS,13,R. VILA SOLEY,13.7518,48.0209,False,1,C.B. ZARAGOZA,False
COPA ESPAÑA,Play-offs 1/16 Final,GRUPO URETA TIZONA BURGOS,24,A. HUELVES GARCIA,32.01690000000001,74.162,True,1,C.B. ZARAGOZA,False
COPA ESPAÑA,Play-offs 1/16 Final,GRUPO URETA TIZONA BURGOS,10,A. PARRADO CALABRIA,35.049400000000006,63.9528,False,1,C.B. ZARAGOZA,False
COPA ESPAÑA,Play-offs 1/16 Final,GRUPO URETA TIZONA BURGOS,24,A. HUELVES GARCIA,9.732,40.5096,True,1,C.B. ZARAGOZA,False
COPA ESPAÑA,Play-offs 1/16 Final,GRUPO URETA TIZONA BURGOS,35,R. SEOANE RODICIO,28.8434,76.2536,False,1,C.B. ZARAGOZA,False
COPA ESPAÑA,Play-offs 1/16 Final,GRUPO URETA TIZONA BURGOS,10,A. PARRADO CALABRIA,17.0663,52.8104,False,1,C.B. ZARAGOZA,False
COPA ESPAÑA,Play-offs 1/16 Final,GRUPO URETA TIZONA BURGOS,21,G. GIL GARCIA,33.427400000000006,23.116200000000006,True,1,C.B. ZARAGOZA,False
COPA ESPAÑA,Play-offs 1/16 Final,GRUPO URETA TIZONA BURGOS,21,G. GIL GARCIA,31.805400000000006,28.157700000000006,False,1,C.B. ZARAGOZA,False
COPA ESPAÑA,Play-offs 1/16 Final,GRUPO URETA TIZONA BURGOS,55,G. JOFRESA SARRET,14.1044,51.1719,False,1,C.B. ZARAGOZA,False
COPA ESPAÑA,Play-offs 1/16 Final,GRUPO URETA TIZONA BURGOS,21,G. GIL GARCIA,33.0748,26.9724,True,1,C.B. ZARAGOZA,False
COPA ESPAÑA,Play-offs 1/16 Final,GRUPO URETA TIZONA BURGOS,10,A. PARRADO CALABRIA,15.3032,54.701,False,1,C.B. ZARAGOZA,False
COPA ESPAÑA,Play-offs 1/16 Final,GRUPO URETA TIZONA BURGOS,13,R. VILA SOLEY,19.7461,51.0458,False,1,C.B. ZARAGOZA,False
COPA ESPAÑA,Play-offs 1/16 Final,GRUPO URETA TIZONA BURGOS,60,A. ALONSO RUIZ,12.1298,58.8602,True,1,C.B. ZARAGOZA,False
COPA ESPAÑA,Play-offs 1/16 Final,GRUPO URETA TIZONA BURGOS,10,A. PARRADO CALABRIA,17.9126,52.8104,True,1,C.B. ZARAGOZA,False
COPA ESPAÑA,Play-offs 1/16 Final,GRUPO URETA TIZONA BURGOS,35,R. SEOANE RODICIO,29.901300000000006,75.9265,True,1,C.B. ZARAGOZA,False
COPA ESPAÑA,Play-offs 1/16 Final,GRUPO URETA TIZONA BURGOS,35,R. SEOANE RODICIO,29.9718,77.7661,True,1,C.B. ZARAGOZA,False
COPA ESPAÑA,Play-offs 1/16 Final,AMICS CASTELLÓ,67,A. TAMAYO LESMES,24.400599999999997,16.940200000000004,False,1,REINA PROTEÍNAS CLAVIJO,True
COPA ESPAÑA,Play-offs 1/16 Final,AMICS CASTELLÓ,67,A. TAMAYO LESMES,11.283500000000004,94.70636,False,1,REINA PROTEÍNAS CLAVIJO,True
COPA ESPAÑA,Play-offs 1/16 Final,AMICS CASTELLÓ,27,K. BAOKO,12.552899999999994,39.7533,False,1,REINA PROTEÍNAS CLAVIJO,True
COPA ESPAÑA,Play-offs 1/16 Final,AMICS CASTELLÓ,10,O. RUSSELL,6.346999999999994,41.5179,True,1,REINA PROTEÍNAS CLAVIJO,True
COPA ESPAÑA,Play-offs 1/16 Final,AMICS CASTELLÓ,5,A. BALADA SEGOVIA,10.0846,5.7978,False,1,REINA PROTEÍNAS CLAVIJO,True
COPA ESPAÑA,Play-offs 1/16 Final,AMICS CASTELLÓ,8,J. FANER CATALA,5.9238,95.33655,True,1,REINA PROTEÍNAS CLAVIJO,True
COPA ESPAÑA,Play-offs 1/16 Final,AMICS CASTELLÓ,42,F. STUTZ,6.34697,42.9793,True,1,REINA PROTEÍNAS CLAVIJO,True
COPA ESPAÑA,Play-offs 1/16 Final,AMICS CASTELLÓ,67,A. TAMAYO LESMES,23.695300000000003,87.2701,False,1,REINA PROTEÍNAS CLAVIJO,True
COPA ESPAÑA,Play-offs 1/16 Final,AMICS CASTELLÓ,33,M. ANDREATTA,11.988699999999994,94.45428,True,1,REINA PROTEÍNAS CLAVIJO,True
COPA ESPAÑA,Play-offs 1/16 Final,AMICS CASTELLÓ,27,K. BAOKO,9.52045,58.7342,False,1,REINA PROTEÍNAS CLAVIJO,True
COPA ESPAÑA,Play-offs 1/16 Final,AMICS CASTELLÓ,4,R. FABREGA URPINA,12.6939,39.1982,False,1,REINA PROTEÍNAS CLAVIJO,True
COPA ESPAÑA,Play-offs 1/16 Final,AMICS CASTELLÓ,67,A. TAMAYO LESMES,7.616399999999999,57.7769,True,1,REINA PROTEÍNAS CLAVIJO,True
COPA ESPAÑA,Play-offs 1/16 Final,AMICS CASTELLÓ,42,F. STUTZ,29.9718,22.3089,False,1,REINA PROTEÍNAS CLAVIJO,True
COPA ESPAÑA,Play-offs 1/16 Final,AMICS CASTELLÓ,27,K. BAOKO,8.74471,57.8519,True,1,REINA PROTEÍNAS CLAVIJO,True
COPA ESPAÑA,Play-offs 1/16 Final,AMICS CASTELLÓ,22,K. NEWTON,11.4245,47.1386,False,1,REINA PROTEÍNAS CLAVIJO,True
COPA ESPAÑA,Play-offs 1/16 Final,AMICS CASTELLÓ,42,F. STUTZ,15.1622,38.82,False,1,REINA PROTEÍNAS CLAVIJO,True
COPA ESPAÑA,Play-offs 1/16 Final,AMICS CASTELLÓ,42,F. STUTZ,5.712299999999999,94.07616,False,1,REINA PROTEÍNAS CLAVIJO,True
COPA ESPAÑA,Play-offs 1/16 Final,AMICS CASTELLÓ,10,O. RUSSELL,25.2468,15.7549,False,1,REINA PROTEÍNAS CLAVIJO,True
COPA ESPAÑA,Play-offs 1/16 Final,AMICS CASTELLÓ,33,M. ANDREATTA,23.906899999999993,14.797600000000003,False,1,REINA PROTEÍNAS CLAVIJO,True
COPA ESPAÑA,Play-offs 1/16 Final,AMICS CASTELLÓ,10,O. RUSSELL,10.3667,92.2606,True,1,REINA PROTEÍNAS CLAVIJO,True
COPA ESPAÑA,Play-offs 1/16 Final,AMICS CASTELLÓ,22,K. NEWTON,13.1876,6.55403,True,1,REINA PROTEÍNAS CLAVIJO,True
COPA ESPAÑA,Play-offs 1/16 Final,AMICS CASTELLÓ,67,A. TAMAYO LESMES,22.8491,9.20085,True,1,REINA PROTEÍNAS CLAVIJO,True
COPA ESPAÑA,Play-offs 1/16 Final,AMICS CASTELLÓ,22,K. NEWTON,28.6319,19.1579,True,1,REINA PROTEÍNAS CLAVIJO,True
COPA ESPAÑA,Play-offs 1/16 Final,AMICS CASTELLÓ,8,J. FANER CATALA,29.689700000000002,27.275499999999994,True,1,REINA PROTEÍNAS CLAVIJO,True
COPA ESPAÑA,Play-offs 1/16 Final,AMICS CASTELLÓ,10,O. RUSSELL,31.8759,73.4808,False,1,REINA PROTEÍNAS CLAVIJO,True
COPA ESPAÑA,Play-offs 1/16 Final,AMICS CASTELLÓ,27,K. BAOKO,8.60367,44.6178,True,1,REINA PROTEÍNAS CLAVIJO,True
COPA ESPAÑA,Play-offs 1/16 Final,AMICS CASTELLÓ,4,R. FABREGA URPINA,5.71227,41.4669,True,1,REINA PROTEÍNAS CLAVIJO,True
COPA ESPAÑA,Play-offs 1/16 Final,AMICS CASTELLÓ,22,K. NEWTON,25.3879,42.6012,False,1,REINA PROTEÍNAS CLAVIJO,True
COPA ESPAÑA,Play-offs 1/16 Final,AMICS CASTELLÓ,33,M. ANDREATTA,11.212999999999994,94.8324,True,1,REINA PROTEÍNAS CLAVIJO,True
COPA ESPAÑA,Play-offs 1/16 Final,AMICS CASTELLÓ,67,A. TAMAYO LESMES,10.4372,38.3159,False,1,REINA PROTEÍNAS CLAVIJO,True
COPA ESPAÑA,Play-offs 1/16 Final,AMICS CASTELLÓ,11,D. BAH,25.1763,54.953,False,1,REINA PROTEÍNAS CLAVIJO,True
COPA ESPAÑA,Play-offs 1/16 Final,AMICS CASTELLÓ,4,R. FABREGA URPINA,6.48801,55.5832,True,1,REINA PROTEÍNAS CLAVIJO,True
COPA ESPAÑA,Play-offs 1/16 Final,AMICS CASTELLÓ,67,A. TAMAYO LESMES,5.71227,56.7176,True,1,REINA PROTEÍNAS CLAVIJO,True
COPA ESPAÑA,Play-offs 1/16 Final,AMICS CASTELLÓ,22,K. NEWTON,23.413300000000007,87.6482,True,1,REINA PROTEÍNAS CLAVIJO,True
COPA ESPAÑA,Play-offs 1/16 Final,AMICS CASTELLÓ,27,K. BAOKO,7.686899999999994,59.2894,True,1,REINA PROTEÍNAS CLAVIJO,True
COPA ESPAÑA,Play-offs 1/16 Final,AMICS CASTELLÓ,22,K. NEWTON,22.073300000000003,89.2867,True,1,REINA PROTEÍNAS CLAVIJO,True
COPA ESPAÑA,Play-offs 1/16 Final,AMICS CASTELLÓ,10,O. RUSSELL,9.44993,44.6178,True,1,REINA PROTEÍNAS CLAVIJO,True
COPA ESPAÑA,Play-offs 1/16 Final,AMICS CASTELLÓ,42,F. STUTZ,7.96897,44.1137,True,1,REINA PROTEÍNAS CLAVIJO,True
COPA ESPAÑA,Play-offs 1/16 Final,AMICS CASTELLÓ,22,K. NEWTON,33.35680000000001,54.4999,True,1,REINA PROTEÍNAS CLAVIJO,True
COPA ESPAÑA,Play-offs 1/16 Final,AMICS CASTELLÓ,22,K. NEWTON,24.189,87.8492,False,1,REINA PROTEÍNAS CLAVIJO,True
COPA ESPAÑA,Play-offs 1/16 Final,AMICS CASTELLÓ,42,F. STUTZ,11.918199999999999,42.2741,False,1,REINA PROTEÍNAS CLAVIJO,True
COPA ESPAÑA,Play-offs 1/16 Final,AMICS CASTELLÓ,10,O. RUSSELL,13.3286,67.0528,False,1,REINA PROTEÍNAS CLAVIJO,True
COPA ESPAÑA,Play-offs 1/16 Final,AMICS CASTELLÓ,33,M. ANDREATTA,13.681200000000004,76.9348,False,1,REINA PROTEÍNAS CLAVIJO,True
COPA ESPAÑA,Play-offs 1/16 Final,AMICS CASTELLÓ,8,J. FANER CATALA,32.0874,27.779600000000002,False,1,REINA PROTEÍNAS CLAVIJO,True
COPA ESPAÑA,Play-offs 1/16 Final,AMICS CASTELLÓ,10,O. RUSSELL,20.804,9.07481,True,1,REINA PROTEÍNAS CLAVIJO,True
COPA ESPAÑA,Play-offs 1/16 Final,AMICS CASTELLÓ,67,A. TAMAYO LESMES,24.753200000000007,85.2534,False,1,REINA PROTEÍNAS CLAVIJO,True
COPA ESPAÑA,Play-offs 1/16 Final,AMICS CASTELLÓ,4,R. FABREGA URPINA,7.4048,41.5929,True,1,REINA PROTEÍNAS CLAVIJO,True
COPA ESPAÑA,Play-offs 1/16 Final,AMICS CASTELLÓ,10,O. RUSSELL,7.75741,34.6607,False,1,REINA PROTEÍNAS CLAVIJO,True
COPA ESPAÑA,Play-offs 1/16 Final,AMICS CASTELLÓ,10,O. RUSSELL,25.4584,82.9337,False,1,REINA PROTEÍNAS CLAVIJO,True
COPA ESPAÑA,Play-offs 1/16 Final,AMICS CASTELLÓ,5,A. BALADA SEGOVIA,22.9901,91.8825,True,1,REINA PROTEÍNAS CLAVIJO,True
COPA ESPAÑA,Play-offs 1/16 Final,AMICS CASTELLÓ,27,K. BAOKO,11.6361,67.1788,False,1,REINA PROTEÍNAS CLAVIJO,True
COPA ESPAÑA,Play-offs 1/16 Final,AMICS CASTELLÓ,27,K. BAOKO,33.1453,44.8699,True,1,REINA PROTEÍNAS CLAVIJO,True
COPA ESPAÑA,Play-offs 1/16 Final,AMICS CASTELLÓ,27,K. BAOKO,9.0268,58.9863,True,1,REINA PROTEÍNAS CLAVIJO,True
COPA ESPAÑA,Play-offs 1/16 Final,AMICS CASTELLÓ,8,J. FANER CATALA,6.135400000000004,41.7699,True,1,REINA PROTEÍNAS CLAVIJO,True
COPA ESPAÑA,Play-offs 1/16 Final,AMICS CASTELLÓ,22,K. NEWTON,33.1453,44.8699,False,1,REINA PROTEÍNAS CLAVIJO,True
COPA ESPAÑA,Play-offs 1/16 Final,AMICS CASTELLÓ,11,D. BAH,14.8801,50.7937,True,1,REINA PROTEÍNAS CLAVIJO,True
COPA ESPAÑA,Play-offs 1/16 Final,AMICS CASTELLÓ,4,R. FABREGA URPINA,28.702399999999997,23.3682,False,1,REINA PROTEÍNAS CLAVIJO,True
COPA ESPAÑA,Play-offs 1/16 Final,AMICS CASTELLÓ,10,O. RUSSELL,5.782799999999995,92.68973,True,1,REINA PROTEÍNAS CLAVIJO,True
COPA ESPAÑA,Play-offs 1/16 Final,AMICS CASTELLÓ,10,O. RUSSELL,24.682699999999997,82.8587,False,1,REINA PROTEÍNAS CLAVIJO,True
COPA ESPAÑA,Play-offs 1/16 Final,AMICS CASTELLÓ,11,D. BAH,13.2581,49.6594,False,1,REINA PROTEÍNAS CLAVIJO,True
COPA ESPAÑA,Play-offs 1/16 Final,AMICS CASTELLÓ,27,K. BAOKO,7.616399999999999,56.2644,True,1,REINA PROTEÍNAS CLAVIJO,True
COPA ESPAÑA,Play-offs 1/16 Final,AMICS CASTELLÓ,10,O. RUSSELL,27.503500000000003,18.452699999999993,False,1,REINA PROTEÍNAS CLAVIJO,True
COPA ESPAÑA,Play-offs 1/16 Final,AMICS CASTELLÓ,8,J. FANER CATALA,31.4528,71.4642,True,1,REINA PROTEÍNAS CLAVIJO,True
COPA ESPAÑA,Play-offs 1/16 Final,AMICS CASTELLÓ,67,A. TAMAYO LESMES,23.2017,7.68838,False,1,REINA PROTEÍNAS CLAVIJO,True
COPA ESPAÑA,Play-offs 1/16 Final,AMICS CASTELLÓ,33,M. ANDREATTA,9.52045,58.7342,True,1,REINA PROTEÍNAS CLAVIJO,True
COPA ESPAÑA,Play-offs 1/16 Final,AMICS CASTELLÓ,10,O. RUSSELL,11.0719,62.2633,False,1,REINA PROTEÍNAS CLAVIJO,True
COPA ESPAÑA,Play-offs 1/16 Final,REINA PROTEÍNAS CLAVIJO,55,C. JACOBS,33.1453,22.8131,True,1,AMICS CASTELLÓ,False
COPA ESPAÑA,Play-offs 1/16 Final,REINA PROTEÍNAS CLAVIJO,55,C. JACOBS,10.9309,39.1982,False,1,AMICS CASTELLÓ,False
COPA ESPAÑA,Play-offs 1/16 Final,REINA PROTEÍNAS CLAVIJO,11,J. PARDINA MOLINA,9.80254,93.0168,True,1,AMICS CASTELLÓ,False
COPA ESPAÑA,Play-offs 1/16 Final,REINA PROTEÍNAS CLAVIJO,8,J. QUEREJETA MARTINEZ DE ARENAZA,10.296199999999999,38.3669,False,1,AMICS CASTELLÓ,False
COPA ESPAÑA,Play-offs 1/16 Final,REINA PROTEÍNAS CLAVIJO,8,J. QUEREJETA MARTINEZ DE ARENAZA,7.5458,41.0137,False,1,AMICS CASTELLÓ,False
COPA ESPAÑA,Play-offs 1/16 Final,REINA PROTEÍNAS CLAVIJO,11,J. PARDINA MOLINA,20.5924,6.42799,False,1,AMICS CASTELLÓ,False
COPA ESPAÑA,Play-offs 1/16 Final,REINA PROTEÍNAS CLAVIJO,22,I. ROYO ARGOTE,7.61636,40.9627,True,1,AMICS CASTELLÓ,False
COPA ESPAÑA,Play-offs 1/16 Final,REINA PROTEÍNAS CLAVIJO,22,I. ROYO ARGOTE,24.5416,12.2258,False,1,AMICS CASTELLÓ,False
COPA ESPAÑA,Play-offs 1/16 Final,REINA PROTEÍNAS CLAVIJO,12,D. PA MOR,10.437200000000004,58.2811,False,1,AMICS CASTELLÓ,False
COPA ESPAÑA,Play-offs 1/16 Final,REINA PROTEÍNAS CLAVIJO,55,C. JACOBS,9.30889,56.7176,True,1,AMICS CASTELLÓ,False
COPA ESPAÑA,Play-offs 1/16 Final,REINA PROTEÍNAS CLAVIJO,8,J. QUEREJETA MARTINEZ DE ARENAZA,29.9718,21.3006,False,1,AMICS CASTELLÓ,False
COPA ESPAÑA,Play-offs 1/16 Final,REINA PROTEÍNAS CLAVIJO,8,J. QUEREJETA MARTINEZ DE ARENAZA,27.926699999999997,77.313,True,1,AMICS CASTELLÓ,False
COPA ESPAÑA,Play-offs 1/16 Final,REINA PROTEÍNAS CLAVIJO,55,C. JACOBS,7.8279,56.2644,True,1,AMICS CASTELLÓ,False
COPA ESPAÑA,Play-offs 1/16 Final,REINA PROTEÍNAS CLAVIJO,55,C. JACOBS,14.104399999999998,43.0303,False,1,AMICS CASTELLÓ,False
COPA ESPAÑA,Play-offs 1/16 Final,REINA PROTEÍNAS CLAVIJO,55,C. JACOBS,28.984499999999997,75.8005,False,1,AMICS CASTELLÓ,False
COPA ESPAÑA,Play-offs 1/16 Final,REINA PROTEÍNAS CLAVIJO,55,C. JACOBS,10.1551,58.6082,False,1,AMICS CASTELLÓ,False
COPA ESPAÑA,Play-offs 1/16 Final,REINA PROTEÍNAS CLAVIJO,8,J. QUEREJETA MARTINEZ DE ARENAZA,17.5599,53.4916,False,1,AMICS CASTELLÓ,False
COPA ESPAÑA,Play-offs 1/16 Final,REINA PROTEÍNAS CLAVIJO,11,J. PARDINA MOLINA,26.375200000000007,15.175700000000006,False,1,AMICS CASTELLÓ,False
COPA ESPAÑA,Play-offs 1/16 Final,REINA PROTEÍNAS CLAVIJO,8,J. QUEREJETA MARTINEZ DE ARENAZA,35.7546,55.2051,False,1,AMICS CASTELLÓ,False
COPA ESPAÑA,Play-offs 1/16 Final,REINA PROTEÍNAS CLAVIJO,5,M. DE PABLO DEL CASTILLO,6.064899999999994,4.588399999999993,True,1,AMICS CASTELLÓ,False
COPA ESPAÑA,Play-offs 1/16 Final,REINA PROTEÍNAS CLAVIJO,1,E. A NONGO BERTHOLD,10.5078,37.6857,False,1,AMICS CASTELLÓ,False
COPA ESPAÑA,Play-offs 1/16 Final,REINA PROTEÍNAS CLAVIJO,55,C. JACOBS,27.362499999999997,21.2256,False,1,AMICS CASTELLÓ,False
COPA ESPAÑA,Play-offs 1/16 Final,REINA PROTEÍNAS CLAVIJO,33,K. TORRES CUEVAS,33.2863,38.871,True,1,AMICS CASTELLÓ,False
COPA ESPAÑA,Play-offs 1/16 Final,REINA PROTEÍNAS CLAVIJO,33,K. TORRES CUEVAS,7.475300000000004,73.7839,True,1,AMICS CASTELLÓ,False
COPA ESPAÑA,Play-offs 1/16 Final,REINA PROTEÍNAS CLAVIJO,12,D. PA MOR,6.629099999999994,43.4085,True,1,AMICS CASTELLÓ,False
COPA ESPAÑA,Play-offs 1/16 Final,REINA PROTEÍNAS CLAVIJO,9,H. ARBOSA ROLDAN,8.25106,94.6553,False,1,AMICS CASTELLÓ,False
COPA ESPAÑA,Play-offs 1/16 Final,REINA PROTEÍNAS CLAVIJO,12,D. PA MOR,14.457,70.834,False,1,AMICS CASTELLÓ,False
COPA ESPAÑA,Play-offs 1/16 Final,REINA PROTEÍNAS CLAVIJO,12,D. PA MOR,32.9337,69.9517,True,1,AMICS CASTELLÓ,False
COPA ESPAÑA,Play-offs 1/16 Final,REINA PROTEÍNAS CLAVIJO,5,M. DE PABLO DEL CASTILLO,5.92384,61.5071,True,1,AMICS CASTELLÓ,False
COPA ESPAÑA,Play-offs 1/16 Final,REINA PROTEÍNAS CLAVIJO,8,J. QUEREJETA MARTINEZ DE ARENAZA,10.719300000000004,27.653599999999997,False,1,AMICS CASTELLÓ,False
COPA ESPAÑA,Play-offs 1/16 Final,REINA PROTEÍNAS CLAVIJO,5,M. DE PABLO DEL CASTILLO,12.975999999999999,48.0719,False,1,AMICS CASTELLÓ,False
COPA ESPAÑA,Play-offs 1/16 Final,REINA PROTEÍNAS CLAVIJO,33,K. TORRES CUEVAS,23.272199999999998,88.9086,True,1,AMICS CASTELLÓ,False
COPA ESPAÑA,Play-offs 1/16 Final,REINA PROTEÍNAS CLAVIJO,55,C. JACOBS,26.022599999999997,13.2851,False,1,AMICS CASTELLÓ,False
COPA ESPAÑA,Play-offs 1/16 Final,REINA PROTEÍNAS CLAVIJO,33,K. TORRES CUEVAS,8.321600000000004,41.2658,True,1,AMICS CASTELLÓ,False
COPA ESPAÑA,Play-offs 1/16 Final,REINA PROTEÍNAS CLAVIJO,33,K. TORRES CUEVAS,8.95628,56.9697,False,1,AMICS CASTELLÓ,False
COPA ESPAÑA,Play-offs 1/16 Final,REINA PROTEÍNAS CLAVIJO,33,K. TORRES CUEVAS,28.420299999999997,21.729699999999994,False,1,AMICS CASTELLÓ,False
COPA ESPAÑA,Play-offs 1/16 Final,REINA PROTEÍNAS CLAVIJO,55,C. JACOBS,31.3117,19.5361,False,1,AMICS CASTELLÓ,False
COPA ESPAÑA,Play-offs 1/16 Final,REINA PROTEÍNAS CLAVIJO,33,K. TORRES CUEVAS,10.3667,41.5929,False,1,AMICS CASTELLÓ,False
COPA ESPAÑA,Play-offs 1/16 Final,REINA PROTEÍNAS CLAVIJO,22,I. ROYO ARGOTE,33.145300000000006,60.6758,True,1,AMICS CASTELLÓ,False
COPA ESPAÑA,Play-offs 1/16 Final,REINA PROTEÍNAS CLAVIJO,1,E. A NONGO BERTHOLD,10.366699999999994,56.2644,True,1,AMICS CASTELLÓ,False
COPA ESPAÑA,Play-offs 1/16 Final,REINA PROTEÍNAS CLAVIJO,9,H. ARBOSA ROLDAN,8.3921,56.3905,True,1,AMICS CASTELLÓ,False
COPA ESPAÑA,Play-offs 1/16 Final,REINA PROTEÍNAS CLAVIJO,8,J. QUEREJETA MARTINEZ DE ARENAZA,27.080399999999997,78.1952,False,1,AMICS CASTELLÓ,False
COPA ESPAÑA,Play-offs 1/16 Final,REINA PROTEÍNAS CLAVIJO,1,E. A NONGO BERTHOLD,7.616399999999999,58.6592,True,1,AMICS CASTELLÓ,False
COPA ESPAÑA,Play-offs 1/16 Final,REINA PROTEÍNAS CLAVIJO,55,C. JACOBS,9.0268,39.3242,False,1,AMICS CASTELLÓ,False
COPA ESPAÑA,Play-offs 1/16 Final,REINA PROTEÍNAS CLAVIJO,8,J. QUEREJETA MARTINEZ DE ARENAZA,26.0931,16.8892,True,1,AMICS CASTELLÓ,False
COPA ESPAÑA,Play-offs 1/16 Final,REINA PROTEÍNAS CLAVIJO,55,C. JACOBS,33.5684,25.712,True,1,AMICS CASTELLÓ,False
COPA ESPAÑA,Play-offs 1/16 Final,REINA PROTEÍNAS CLAVIJO,55,C. JACOBS,7.968999999999994,70.5069,False,1,AMICS CASTELLÓ,False
COPA ESPAÑA,Play-offs 1/16 Final,REINA PROTEÍNAS CLAVIJO,55,C. JACOBS,28.2793,80.791,False,1,AMICS CASTELLÓ,False
COPA ESPAÑA,Play-offs 1/16 Final,REINA PROTEÍNAS CLAVIJO,8,J. QUEREJETA MARTINEZ DE ARENAZA,41.1142,64.9611,False,1,AMICS CASTELLÓ,False
COPA ESPAÑA,Play-offs 1/16 Final,REINA PROTEÍNAS CLAVIJO,8,J. QUEREJETA MARTINEZ DE ARENAZA,33.8505,59.4154,False,1,AMICS CASTELLÓ,False
COPA ESPAÑA,Play-offs 1/16 Final,REINA PROTEÍNAS CLAVIJO,1,E. A NONGO BERTHOLD,11.565600000000003,36.0982,False,1,AMICS CASTELLÓ,False
COPA ESPAÑA,Play-offs 1/16 Final,REINA PROTEÍNAS CLAVIJO,1,E. A NONGO BERTHOLD,7.5458,41.0137,True,1,AMICS CASTELLÓ,False
COPA ESPAÑA,Play-offs 1/16 Final,REINA PROTEÍNAS CLAVIJO,8,J. QUEREJETA MARTINEZ DE ARENAZA,30.183400000000006,26.519199999999998,True,1,AMICS CASTELLÓ,False
COPA ESPAÑA,Play-offs 1/16 Final,REINA PROTEÍNAS CLAVIJO,5,M. DE PABLO DEL CASTILLO,30.1834,19.41,True,1,AMICS CASTELLÓ,False
COPA ESPAÑA,Play-offs 1/16 Final,REINA PROTEÍNAS CLAVIJO,22,I. ROYO ARGOTE,7.68688,42.4752,True,1,AMICS CASTELLÓ,False
COPA ESPAÑA,Play-offs 1/16 Final,REINA PROTEÍNAS CLAVIJO,55,C. JACOBS,30.1834,78.9005,True,1,AMICS CASTELLÓ,False
COPA ESPAÑA,Play-offs 1/16 Final,REINA PROTEÍNAS CLAVIJO,8,J. QUEREJETA MARTINEZ DE ARENAZA,28.9845,80.9171,False,1,AMICS CASTELLÓ,False
COPA ESPAÑA,Play-offs 1/16 Final,REINA PROTEÍNAS CLAVIJO,8,J. QUEREJETA MARTINEZ DE ARENAZA,20.7334,26.0901,False,1,AMICS CASTELLÓ,False
COPA ESPAÑA,Play-offs 1/16 Final,REINA PROTEÍNAS CLAVIJO,9,H. ARBOSA ROLDAN,8.95628,56.9697,True,1,AMICS CASTELLÓ,False
COPA ESPAÑA,Play-offs 1/16 Final,REINA PROTEÍNAS CLAVIJO,12,D. PA MOR,14.104399999999998,43.0303,True,1,AMICS CASTELLÓ,False
COPA ESPAÑA,Play-offs 1/16 Final,REINA PROTEÍNAS CLAVIJO,5,M. DE PABLO DEL CASTILLO,34.5557,21.9308,True,1,AMICS CASTELLÓ,False
COPA ESPAÑA,Play-offs 1/16 Final,REINA PROTEÍNAS CLAVIJO,55,C. JACOBS,11.4951,53.3145,True,1,AMICS CASTELLÓ,False
COPA ESPAÑA,Play-offs 1/16 Final,REINA PROTEÍNAS CLAVIJO,8,J. QUEREJETA MARTINEZ DE ARENAZA,7.82793,39.9544,False,1,AMICS CASTELLÓ,False
COPA ESPAÑA,Play-offs 1/16 Final,REINA PROTEÍNAS CLAVIJO,5,M. DE PABLO DEL CASTILLO,32.9337,45.122,True,1,AMICS CASTELLÓ,False
COPA ESPAÑA,Play-offs 1/16 Final,REINA PROTEÍNAS CLAVIJO,1,E. A NONGO BERTHOLD,6.911100000000005,44.6688,True,1,AMICS CASTELLÓ,False
COPA ESPAÑA,Play-offs 1/16 Final,REINA PROTEÍNAS CLAVIJO,55,C. JACOBS,30.8181,29.2411,False,1,AMICS CASTELLÓ,False
COPA ESPAÑA,Play-offs 1/16 Final,REINA PROTEÍNAS CLAVIJO,11,J. PARDINA MOLINA,7.5458,39.6273,False,1,AMICS CASTELLÓ,False
COPA ESPAÑA,Play-offs 1/16 Final,REINA PROTEÍNAS CLAVIJO,9,H. ARBOSA ROLDAN,9.520499999999998,42.4001,False,1,AMICS CASTELLÓ,False
COPA ESPAÑA,Play-offs 1/16 Final,REINA PROTEÍNAS CLAVIJO,8,J. QUEREJETA MARTINEZ DE ARENAZA,18.6178,29.2411,True,1,AMICS CASTELLÓ,False
COPA ESPAÑA,Play-offs 1/16 Final,REINA PROTEÍNAS CLAVIJO,55,C. JACOBS,32.3695,72.1454,False,1,AMICS CASTELLÓ,False
COPA ESPAÑA,"FASE DE GRUPOS ""A""",CB CLAVIJO,33,K. TORRES CUEVAS,4.930599999999998,49.8582,True,1,BIELE ISB,True
COPA ESPAÑA,"FASE DE GRUPOS ""A""",CB CLAVIJO,33,K. TORRES CUEVAS,5.347200000000001,52.4645,True,1,BIELE ISB,True
COPA ESPAÑA,"FASE DE GRUPOS ""A""",CB CLAVIJO,12,D. PA MOR,4.51389,49.273,True,1,BIELE ISB,True
COPA ESPAÑA,"FASE DE GRUPOS ""A""",CB CLAVIJO,55,C. JACOBS,5.69444,55.2305,True,1,BIELE ISB,True
COPA ESPAÑA,"FASE DE GRUPOS ""A""",CB CLAVIJO,12,D. PA MOR,4.51389,49.273,False,1,BIELE ISB,True
COPA ESPAÑA,"FASE DE GRUPOS ""A""",CB CLAVIJO,22,I. ROYO ARGOTE,31.3194,26.897199999999998,True,1,BIELE ISB,True
COPA ESPAÑA,"FASE DE GRUPOS ""A""",CB CLAVIJO,5,M. DE PABLO DEL CASTILLO,7.29167,43.3156,False,1,BIELE ISB,True
COPA ESPAÑA,"FASE DE GRUPOS ""A""",CB CLAVIJO,12,D. PA MOR,32.5,49.3617,False,1,BIELE ISB,True
COPA ESPAÑA,"FASE DE GRUPOS ""A""",CB CLAVIJO,9,H. ARBOSA ROLDAN,7.36111,48.7766,True,1,BIELE ISB,True
COPA ESPAÑA,"FASE DE GRUPOS ""A""",CB CLAVIJO,55,C. JACOBS,22.9861,24.5745,False,1,BIELE ISB,True
COPA ESPAÑA,"FASE DE GRUPOS ""A""",CB CLAVIJO,5,M. DE PABLO DEL CASTILLO,29.6528,88.3333,False,1,BIELE ISB,True
COPA ESPAÑA,"FASE DE GRUPOS ""A""",CB CLAVIJO,33,K. TORRES CUEVAS,31.3194,70.7092,True,1,BIELE ISB,True
COPA ESPAÑA,"FASE DE GRUPOS ""A""",CB CLAVIJO,7,V. HRABAR,9.58333,64.7872,False,1,BIELE ISB,True
COPA ESPAÑA,"FASE DE GRUPOS ""A""",CB CLAVIJO,12,D. PA MOR,33.958299999999994,52.961,True,1,BIELE ISB,True
COPA ESPAÑA,"FASE DE GRUPOS ""A""",CB CLAVIJO,7,V. HRABAR,26.736099999999993,16.471599999999995,False,1,BIELE ISB,True
COPA ESPAÑA,"FASE DE GRUPOS ""A""",CB CLAVIJO,33,K. TORRES CUEVAS,29.0972,72.4468,True,1,BIELE ISB,True
COPA ESPAÑA,"FASE DE GRUPOS ""A""",CB CLAVIJO,33,K. TORRES CUEVAS,31.111099999999993,72.81909999999999,True,1,BIELE ISB,True
COPA ESPAÑA,"FASE DE GRUPOS ""A""",CB CLAVIJO,9,H. ARBOSA ROLDAN,6.041700000000006,50.9752,True,1,BIELE ISB,True
COPA ESPAÑA,"FASE DE GRUPOS ""A""",CB CLAVIJO,55,C. JACOBS,6.180599999999998,47.3759,True,1,BIELE ISB,True
COPA ESPAÑA,"FASE DE GRUPOS ""A""",CB CLAVIJO,11,J. PARDINA MOLINA,6.38889,44.9291,False,1,BIELE ISB,True
COPA ESPAÑA,"FASE DE GRUPOS ""A""",CB CLAVIJO,7,V. HRABAR,28.1944,78.4043,False,1,BIELE ISB,True
COPA ESPAÑA,"FASE DE GRUPOS ""A""",CB CLAVIJO,22,I. ROYO ARGOTE,5.76389,60.4433,False,1,BIELE ISB,True
COPA ESPAÑA,"FASE DE GRUPOS ""A""",CB CLAVIJO,33,K. TORRES CUEVAS,11.1111,44.6809,False,1,BIELE ISB,True
COPA ESPAÑA,"FASE DE GRUPOS ""A""",CB CLAVIJO,55,C. JACOBS,32.63890000000001,23.421999999999997,False,1,BIELE ISB,True
COPA ESPAÑA,"FASE DE GRUPOS ""A""",CB CLAVIJO,1,E. A NONGO BERTHOLD,7.152799999999999,55.0709,False,1,BIELE ISB,True
COPA ESPAÑA,"FASE DE GRUPOS ""A""",CB CLAVIJO,5,M. DE PABLO DEL CASTILLO,39.3056,42.9433,False,1,BIELE ISB,True
COPA ESPAÑA,"FASE DE GRUPOS ""A""",CB CLAVIJO,55,C. JACOBS,32.5,69.1312,False,1,BIELE ISB,True
COPA ESPAÑA,"FASE DE GRUPOS ""A""",CB CLAVIJO,55,C. JACOBS,31.5278,77.8191,True,1,BIELE ISB,True
COPA ESPAÑA,"FASE DE GRUPOS ""A""",CB CLAVIJO,33,K. TORRES CUEVAS,28.958299999999994,22.180899999999994,False,1,BIELE ISB,True
COPA ESPAÑA,"FASE DE GRUPOS ""A""",CB CLAVIJO,9,H. ARBOSA ROLDAN,4.30556,45.7979,True,1,BIELE ISB,True
COPA ESPAÑA,"FASE DE GRUPOS ""A""",CB CLAVIJO,1,E. A NONGO BERTHOLD,32.5,69.1312,False,1,BIELE ISB,True
COPA ESPAÑA,"FASE DE GRUPOS ""A""",CB CLAVIJO,1,E. A NONGO BERTHOLD,7.152799999999999,55.0709,False,1,BIELE ISB,True
COPA ESPAÑA,"FASE DE GRUPOS ""A""",CB CLAVIJO,12,D. PA MOR,30.416700000000006,29.503500000000003,False,1,BIELE ISB,True
COPA ESPAÑA,"FASE DE GRUPOS ""A""",CB CLAVIJO,55,C. JACOBS,9.375,85.6028,False,1,BIELE ISB,True
COPA ESPAÑA,"FASE DE GRUPOS ""A""",CB CLAVIJO,55,C. JACOBS,36.1111,64.7518,True,1,BIELE ISB,True
COPA ESPAÑA,"FASE DE GRUPOS ""A""",CB CLAVIJO,12,D. PA MOR,6.180599999999998,53.0851,True,1,BIELE ISB,True
COPA ESPAÑA,"FASE DE GRUPOS ""A""",CB CLAVIJO,7,V. HRABAR,6.319400000000002,45.6383,False,1,BIELE ISB,True
COPA ESPAÑA,"FASE DE GRUPOS ""A""",CB CLAVIJO,1,E. A NONGO BERTHOLD,32.63890000000001,23.421999999999997,True,1,BIELE ISB,True
COPA ESPAÑA,"FASE DE GRUPOS ""A""",CB CLAVIJO,33,K. TORRES CUEVAS,29.4444,23.049599999999998,False,1,BIELE ISB,True
COPA ESPAÑA,"FASE DE GRUPOS ""A""",CB CLAVIJO,9,H. ARBOSA ROLDAN,8.33333,3.59929,False,1,BIELE ISB,True
COPA ESPAÑA,"FASE DE GRUPOS ""A""",CB CLAVIJO,22,I. ROYO ARGOTE,28.75,14.609899999999996,False,1,BIELE ISB,True
COPA ESPAÑA,"FASE DE GRUPOS ""A""",CB CLAVIJO,33,K. TORRES CUEVAS,34.166700000000006,40.3014,False,1,BIELE ISB,True
COPA ESPAÑA,"FASE DE GRUPOS ""A""",CB CLAVIJO,33,K. TORRES CUEVAS,6.041700000000006,50.9752,False,1,BIELE ISB,True
COPA ESPAÑA,"FASE DE GRUPOS ""A""",CB CLAVIJO,5,M. DE PABLO DEL CASTILLO,10.416700000000006,94.41489,False,1,BIELE ISB,True
COPA ESPAÑA,"FASE DE GRUPOS ""A""",CB CLAVIJO,33,K. TORRES CUEVAS,9.44444,68.5106,False,1,BIELE ISB,True
COPA ESPAÑA,"FASE DE GRUPOS ""A""",CB CLAVIJO,12,D. PA MOR,7.70833,46.9149,False,1,BIELE ISB,True
COPA ESPAÑA,"FASE DE GRUPOS ""A""",CB CLAVIJO,55,C. JACOBS,25.4167,11.2943,False,1,BIELE ISB,True
COPA ESPAÑA,"FASE DE GRUPOS ""A""",CB CLAVIJO,33,K. TORRES CUEVAS,8.05556,45.6738,False,1,BIELE ISB,True
COPA ESPAÑA,"FASE DE GRUPOS ""A""",CB CLAVIJO,12,D. PA MOR,10.0694,61.0638,False,1,BIELE ISB,True
COPA ESPAÑA,"FASE DE GRUPOS ""A""",CB CLAVIJO,9,H. ARBOSA ROLDAN,5.208299999999994,47.1277,True,1,BIELE ISB,True
COPA ESPAÑA,"FASE DE GRUPOS ""A""",CB CLAVIJO,9,H. ARBOSA ROLDAN,22.7778,6.70213,False,1,BIELE ISB,True
COPA ESPAÑA,"FASE DE GRUPOS ""A""",CB CLAVIJO,12,D. PA MOR,7.36111,49.7695,False,1,BIELE ISB,True
COPA ESPAÑA,"FASE DE GRUPOS ""A""",CB CLAVIJO,33,K. TORRES CUEVAS,5.555599999999998,50.4787,True,1,BIELE ISB,True
COPA ESPAÑA,"FASE DE GRUPOS ""A""",CB CLAVIJO,11,J. PARDINA MOLINA,11.1806,4.21986,False,1,BIELE ISB,True
COPA ESPAÑA,"FASE DE GRUPOS ""A""",CB CLAVIJO,55,C. JACOBS,8.333299999999994,94.04255,True,1,BIELE ISB,True
COPA ESPAÑA,"FASE DE GRUPOS ""A""",CB CLAVIJO,5,M. DE PABLO DEL CASTILLO,32.7778,14.3972,False,1,BIELE ISB,True
COPA ESPAÑA,"FASE DE GRUPOS ""A""",CB CLAVIJO,11,J. PARDINA MOLINA,29.6528,88.3333,False,1,BIELE ISB,True
COPA ESPAÑA,"FASE DE GRUPOS ""A""",CB CLAVIJO,22,I. ROYO ARGOTE,5.0,52.5887,True,1,BIELE ISB,True
COPA ESPAÑA,"FASE DE GRUPOS ""A""",CB CLAVIJO,11,J. PARDINA MOLINA,29.6528,88.3333,False,1,BIELE ISB,True
COPA ESPAÑA,"FASE DE GRUPOS ""A""",CB CLAVIJO,7,V. HRABAR,25.5556,15.230500000000006,True,1,BIELE ISB,True
COPA ESPAÑA,"FASE DE GRUPOS ""A""",CB CLAVIJO,55,C. JACOBS,28.1944,80.7624,True,1,BIELE ISB,True
COPA ESPAÑA,"FASE DE GRUPOS ""A""",CB CLAVIJO,55,C. JACOBS,3.81944,45.922,True,1,BIELE ISB,True
COPA ESPAÑA,"FASE DE GRUPOS ""A""",CB CLAVIJO,5,M. DE PABLO DEL CASTILLO,5.27778,46.2943,True,1,BIELE ISB,True
COPA ESPAÑA,"FASE DE GRUPOS ""A""",CB CLAVIJO,22,I. ROYO ARGOTE,5.90278,53.3688,False,1,BIELE ISB,True
COPA ESPAÑA,"FASE DE GRUPOS ""A""",BIELE ISB,10,O. ARDANZA BERNAOLA,4.444400000000002,53.0851,False,1,CB CLAVIJO,False
COPA ESPAÑA,"FASE DE GRUPOS ""A""",BIELE ISB,7,I. AIZPITARTE ARANZA,21.6667,88.1206,False,1,CB CLAVIJO,False
COPA ESPAÑA,"FASE DE GRUPOS ""A""",BIELE ISB,7,I. AIZPITARTE ARANZA,25.2083,9.55674,True,1,CB CLAVIJO,False
COPA ESPAÑA,"FASE DE GRUPOS ""A""",BIELE ISB,8,A. MONCANUT MORE,27.4306,87.4645,False,1,CB CLAVIJO,False
COPA ESPAÑA,"FASE DE GRUPOS ""A""",BIELE ISB,13,M. OLAIZOLA GARIN,6.111099999999993,7.287199999999999,False,1,CB CLAVIJO,False
COPA ESPAÑA,"FASE DE GRUPOS ""A""",BIELE ISB,25,J. JERMAIN,32.4306,77.2872,False,1,CB CLAVIJO,False
COPA ESPAÑA,"FASE DE GRUPOS ""A""",BIELE ISB,13,M. OLAIZOLA GARIN,18.5417,56.9681,True,1,CB CLAVIJO,False
COPA ESPAÑA,"FASE DE GRUPOS ""A""",BIELE ISB,25,J. JERMAIN,6.73611,52.1277,True,1,CB CLAVIJO,False
COPA ESPAÑA,"FASE DE GRUPOS ""A""",BIELE ISB,8,A. MONCANUT MORE,30.138900000000007,24.290800000000004,False,1,CB CLAVIJO,False
COPA ESPAÑA,"FASE DE GRUPOS ""A""",BIELE ISB,10,O. ARDANZA BERNAOLA,7.222200000000001,4.556700000000006,False,1,CB CLAVIJO,False
COPA ESPAÑA,"FASE DE GRUPOS ""A""",BIELE ISB,13,M. OLAIZOLA GARIN,21.3889,60.8156,True,1,CB CLAVIJO,False
COPA ESPAÑA,"FASE DE GRUPOS ""A""",BIELE ISB,15,M. NIANG NDONGO,5.97222,52.6241,True,1,CB CLAVIJO,False
COPA ESPAÑA,"FASE DE GRUPOS ""A""",BIELE ISB,25,J. JERMAIN,21.5972,28.510599999999997,True,1,CB CLAVIJO,False
COPA ESPAÑA,"FASE DE GRUPOS ""A""",BIELE ISB,7,I. AIZPITARTE ARANZA,31.0417,19.734,True,1,CB CLAVIJO,False
COPA ESPAÑA,"FASE DE GRUPOS ""A""",BIELE ISB,8,A. MONCANUT MORE,7.013900000000007,51.4716,False,1,CB CLAVIJO,False
COPA ESPAÑA,"FASE DE GRUPOS ""A""",BIELE ISB,8,A. MONCANUT MORE,5.069400000000002,59.4149,False,1,CB CLAVIJO,False
COPA ESPAÑA,"FASE DE GRUPOS ""A""",BIELE ISB,7,I. AIZPITARTE ARANZA,5.347200000000001,43.4043,False,1,CB CLAVIJO,False
COPA ESPAÑA,"FASE DE GRUPOS ""A""",BIELE ISB,10,O. ARDANZA BERNAOLA,6.736099999999993,95.90426,True,1,CB CLAVIJO,False
COPA ESPAÑA,"FASE DE GRUPOS ""A""",BIELE ISB,7,I. AIZPITARTE ARANZA,5.486099999999993,44.8936,False,1,CB CLAVIJO,False
COPA ESPAÑA,"FASE DE GRUPOS ""A""",BIELE ISB,15,M. NIANG NDONGO,4.86111,46.0461,True,1,CB CLAVIJO,False
COPA ESPAÑA,"FASE DE GRUPOS ""A""",BIELE ISB,25,J. JERMAIN,24.861099999999993,80.0177,True,1,CB CLAVIJO,False
COPA ESPAÑA,"FASE DE GRUPOS ""A""",BIELE ISB,7,I. AIZPITARTE ARANZA,22.7778,10.922,True,1,CB CLAVIJO,False
COPA ESPAÑA,"FASE DE GRUPOS ""A""",BIELE ISB,15,M. NIANG NDONGO,22.2917,28.1738,True,1,CB CLAVIJO,False
COPA ESPAÑA,"FASE DE GRUPOS ""A""",BIELE ISB,8,A. MONCANUT MORE,34.6528,46.9149,False,1,CB CLAVIJO,False
COPA ESPAÑA,"FASE DE GRUPOS ""A""",BIELE ISB,15,M. NIANG NDONGO,19.7222,7.69504,False,1,CB CLAVIJO,False
COPA ESPAÑA,"FASE DE GRUPOS ""A""",BIELE ISB,10,O. ARDANZA BERNAOLA,17.5,7.57092,True,1,CB CLAVIJO,False
COPA ESPAÑA,"FASE DE GRUPOS ""A""",BIELE ISB,50,O. INDA HERNANDEZ,5.83333,81.9149,False,1,CB CLAVIJO,False
COPA ESPAÑA,"FASE DE GRUPOS ""A""",BIELE ISB,7,I. AIZPITARTE ARANZA,5.555599999999998,92.05674,False,1,CB CLAVIJO,False
COPA ESPAÑA,"FASE DE GRUPOS ""A""",BIELE ISB,8,A. MONCANUT MORE,20.625,89.9823,False,1,CB CLAVIJO,False
COPA ESPAÑA,"FASE DE GRUPOS ""A""",BIELE ISB,8,A. MONCANUT MORE,6.80556,45.4255,False,1,CB CLAVIJO,False
COPA ESPAÑA,"FASE DE GRUPOS ""A""",BIELE ISB,15,M. NIANG NDONGO,5.76389,54.4858,True,1,CB CLAVIJO,False
COPA ESPAÑA,"FASE DE GRUPOS ""A""",BIELE ISB,7,I. AIZPITARTE ARANZA,5.138900000000007,7.6595999999999975,True,1,CB CLAVIJO,False
COPA ESPAÑA,"FASE DE GRUPOS ""A""",BIELE ISB,30,I. MIRANDA GARCIA,3.68056,51.5071,True,1,CB CLAVIJO,False
COPA ESPAÑA,"FASE DE GRUPOS ""A""",BIELE ISB,15,M. NIANG NDONGO,6.111099999999993,29.751800000000003,False,1,CB CLAVIJO,False
COPA ESPAÑA,"FASE DE GRUPOS ""A""",BIELE ISB,13,M. OLAIZOLA GARIN,20.7639,92.8369,False,1,CB CLAVIJO,False
COPA ESPAÑA,"FASE DE GRUPOS ""A""",BIELE ISB,10,O. ARDANZA BERNAOLA,9.65278,95.0709,True,1,CB CLAVIJO,False
COPA ESPAÑA,"FASE DE GRUPOS ""A""",BIELE ISB,15,M. NIANG NDONGO,10.9028,52.9965,False,1,CB CLAVIJO,False
COPA ESPAÑA,"FASE DE GRUPOS ""A""",BIELE ISB,13,M. OLAIZOLA GARIN,24.0972,87.4645,False,1,CB CLAVIJO,False
COPA ESPAÑA,"FASE DE GRUPOS ""A""",BIELE ISB,25,J. JERMAIN,22.2917,28.1738,False,1,CB CLAVIJO,False
COPA ESPAÑA,"FASE DE GRUPOS ""A""",BIELE ISB,30,I. MIRANDA GARCIA,5.0,95.78014,True,1,CB CLAVIJO,False
COPA ESPAÑA,"FASE DE GRUPOS ""A""",BIELE ISB,8,A. MONCANUT MORE,16.111099999999993,94.66312,False,1,CB CLAVIJO,False
COPA ESPAÑA,"FASE DE GRUPOS ""A""",BIELE ISB,11,U. ARREGI ODRIOZOLA,6.944400000000002,92.92553,False,1,CB CLAVIJO,False
COPA ESPAÑA,"FASE DE GRUPOS ""A""",BIELE ISB,7,I. AIZPITARTE ARANZA,6.805599999999998,96.40071,False,1,CB CLAVIJO,False
COPA ESPAÑA,"FASE DE GRUPOS ""A""",BIELE ISB,30,I. MIRANDA GARCIA,5.97222,48.6525,True,1,CB CLAVIJO,False
COPA ESPAÑA,"FASE DE GRUPOS ""A""",BIELE ISB,25,J. JERMAIN,34.7222,73.3156,False,1,CB CLAVIJO,False
COPA ESPAÑA,"FASE DE GRUPOS ""A""",BIELE ISB,7,I. AIZPITARTE ARANZA,28.0556,83.1206,False,1,CB CLAVIJO,False
COPA ESPAÑA,"FASE DE GRUPOS ""A""",BIELE ISB,15,M. NIANG NDONGO,7.77778,49.7695,False,1,CB CLAVIJO,False
COPA ESPAÑA,"FASE DE GRUPOS ""A""",BIELE ISB,15,M. NIANG NDONGO,5.486099999999993,44.8936,True,1,CB CLAVIJO,False
COPA ESPAÑA,"FASE DE GRUPOS ""A""",BIELE ISB,10,O. ARDANZA BERNAOLA,6.944400000000002,6.294300000000007,True,1,CB CLAVIJO,False
COPA ESPAÑA,"FASE DE GRUPOS ""A""",BIELE ISB,15,M. NIANG NDONGO,24.0972,88.2447,False,1,CB CLAVIJO,False
COPA ESPAÑA,"FASE DE GRUPOS ""A""",BIELE ISB,7,I. AIZPITARTE ARANZA,5.902799999999999,94.78723,False,1,CB CLAVIJO,False
COPA ESPAÑA,"FASE DE GRUPOS ""A""",BIELE ISB,10,O. ARDANZA BERNAOLA,5.625,54.9468,False,1,CB CLAVIJO,False
COPA ESPAÑA,"FASE DE GRUPOS ""A""",BIELE ISB,13,M. OLAIZOLA GARIN,6.11111,53.1206,True,1,CB CLAVIJO,False
COPA ESPAÑA,"FASE DE GRUPOS ""A""",BIELE ISB,10,O. ARDANZA BERNAOLA,28.6111,77.8191,True,1,CB CLAVIJO,False
COPA ESPAÑA,"FASE DE GRUPOS ""A""",CB CLAVIJO,33,K. TORRES CUEVAS,9.020899999999997,45.0054,True,3,CASTILLO DE GORRAIZ VALLE DE EGÜES,True
COPA ESPAÑA,"FASE DE GRUPOS ""A""",CB CLAVIJO,5,M. DE PABLO DEL CASTILLO,34.07640000000001,21.2997,True,3,CASTILLO DE GORRAIZ VALLE DE EGÜES,True
COPA ESPAÑA,"FASE DE GRUPOS ""A""",CB CLAVIJO,33,K. TORRES CUEVAS,7.930599999999998,41.8405,True,3,CASTILLO DE GORRAIZ VALLE DE EGÜES,True
COPA ESPAÑA,"FASE DE GRUPOS ""A""",CB CLAVIJO,5,M. DE PABLO DEL CASTILLO,25.0903,85.7518,True,3,CASTILLO DE GORRAIZ VALLE DE EGÜES,True
COPA ESPAÑA,"FASE DE GRUPOS ""A""",CB CLAVIJO,55,C. JACOBS,29.9028,21.149,False,3,CASTILLO DE GORRAIZ VALLE DE EGÜES,True
COPA ESPAÑA,"FASE DE GRUPOS ""A""",CB CLAVIJO,12,D. PA MOR,33.8194,63.8706,False,3,CASTILLO DE GORRAIZ VALLE DE EGÜES,True
COPA ESPAÑA,"FASE DE GRUPOS ""A""",CB CLAVIJO,22,I. ROYO ARGOTE,26.1528,32.4433,False,3,CASTILLO DE GORRAIZ VALLE DE EGÜES,True
COPA ESPAÑA,"FASE DE GRUPOS ""A""",CB CLAVIJO,22,I. ROYO ARGOTE,4.87501,44.4698,True,3,CASTILLO DE GORRAIZ VALLE DE EGÜES,True
COPA ESPAÑA,"FASE DE GRUPOS ""A""",CB CLAVIJO,5,M. DE PABLO DEL CASTILLO,33.145799999999994,68.5621,True,3,CASTILLO DE GORRAIZ VALLE DE EGÜES,True
COPA ESPAÑA,"FASE DE GRUPOS ""A""",CB CLAVIJO,9,H. ARBOSA ROLDAN,4.93747,29.0053,False,3,CASTILLO DE GORRAIZ VALLE DE EGÜES,True
COPA ESPAÑA,"FASE DE GRUPOS ""A""",CB CLAVIJO,1,E. A NONGO BERTHOLD,9.3472,46.0833,False,3,CASTILLO DE GORRAIZ VALLE DE EGÜES,True
COPA ESPAÑA,"FASE DE GRUPOS ""A""",CB CLAVIJO,5,M. DE PABLO DEL CASTILLO,31.7153,85.0567,False,3,CASTILLO DE GORRAIZ VALLE DE EGÜES,True
COPA ESPAÑA,"FASE DE GRUPOS ""A""",CB CLAVIJO,11,J. PARDINA MOLINA,21.5694,36.266,False,3,CASTILLO DE GORRAIZ VALLE DE EGÜES,True
COPA ESPAÑA,"FASE DE GRUPOS ""A""",CB CLAVIJO,33,K. TORRES CUEVAS,33.29859999999999,66.14189999999999,False,3,CASTILLO DE GORRAIZ VALLE DE EGÜES,True
COPA ESPAÑA,"FASE DE GRUPOS ""A""",CB CLAVIJO,22,I. ROYO ARGOTE,4.41664,55.9875,True,3,CASTILLO DE GORRAIZ VALLE DE EGÜES,True
COPA ESPAÑA,"FASE DE GRUPOS ""A""",CB CLAVIJO,33,K. TORRES CUEVAS,5.0139,93.8795,False,3,CASTILLO DE GORRAIZ VALLE DE EGÜES,True
COPA ESPAÑA,"FASE DE GRUPOS ""A""",CB CLAVIJO,5,M. DE PABLO DEL CASTILLO,24.8611,89.1383,True,3,CASTILLO DE GORRAIZ VALLE DE EGÜES,True
COPA ESPAÑA,"FASE DE GRUPOS ""A""",CB CLAVIJO,33,K. TORRES CUEVAS,22.5486,32.4433,True,3,CASTILLO DE GORRAIZ VALLE DE EGÜES,True
COPA ESPAÑA,"FASE DE GRUPOS ""A""",CB CLAVIJO,55,C. JACOBS,27.138900000000007,21.448499999999996,False,3,CASTILLO DE GORRAIZ VALLE DE EGÜES,True
COPA ESPAÑA,"FASE DE GRUPOS ""A""",CB CLAVIJO,55,C. JACOBS,20.1458,49.7323,False,3,CASTILLO DE GORRAIZ VALLE DE EGÜES,True
COPA ESPAÑA,"FASE DE GRUPOS ""A""",CB CLAVIJO,12,D. PA MOR,3.4236,55.4415,True,3,CASTILLO DE GORRAIZ VALLE DE EGÜES,True
COPA ESPAÑA,"FASE DE GRUPOS ""A""",CB CLAVIJO,30,L. CABRERIZO MERINO,23.3125,85.9858,False,3,CASTILLO DE GORRAIZ VALLE DE EGÜES,True
COPA ESPAÑA,"FASE DE GRUPOS ""A""",CB CLAVIJO,55,C. JACOBS,23.173599999999993,10.104600000000005,False,3,CASTILLO DE GORRAIZ VALLE DE EGÜES,True
COPA ESPAÑA,"FASE DE GRUPOS ""A""",CB CLAVIJO,22,I. ROYO ARGOTE,24.0625,13.4291,False,3,CASTILLO DE GORRAIZ VALLE DE EGÜES,True
COPA ESPAÑA,"FASE DE GRUPOS ""A""",CB CLAVIJO,22,I. ROYO ARGOTE,7.74306,50.2908,True,3,CASTILLO DE GORRAIZ VALLE DE EGÜES,True
COPA ESPAÑA,"FASE DE GRUPOS ""A""",CB CLAVIJO,55,C. JACOBS,29.645899999999997,78.8014,False,3,CASTILLO DE GORRAIZ VALLE DE EGÜES,True
COPA ESPAÑA,"FASE DE GRUPOS ""A""",CB CLAVIJO,1,E. A NONGO BERTHOLD,14.3056,49.7571,True,3,CASTILLO DE GORRAIZ VALLE DE EGÜES,True
COPA ESPAÑA,"FASE DE GRUPOS ""A""",CB CLAVIJO,55,C. JACOBS,10.5,94.2518,False,3,CASTILLO DE GORRAIZ VALLE DE EGÜES,True
COPA ESPAÑA,"FASE DE GRUPOS ""A""",CB CLAVIJO,11,J. PARDINA MOLINA,27.9306,21.982299999999995,False,3,CASTILLO DE GORRAIZ VALLE DE EGÜES,True
COPA ESPAÑA,"FASE DE GRUPOS ""A""",CB CLAVIJO,33,K. TORRES CUEVAS,13.2222,56.5231,True,3,CASTILLO DE GORRAIZ VALLE DE EGÜES,True
COPA ESPAÑA,"FASE DE GRUPOS ""A""",CB CLAVIJO,33,K. TORRES CUEVAS,31.4375,28.994699999999995,True,3,CASTILLO DE GORRAIZ VALLE DE EGÜES,True
COPA ESPAÑA,"FASE DE GRUPOS ""A""",CB CLAVIJO,12,D. PA MOR,25.0486,83.4291,False,3,CASTILLO DE GORRAIZ VALLE DE EGÜES,True
COPA ESPAÑA,"FASE DE GRUPOS ""A""",CB CLAVIJO,5,M. DE PABLO DEL CASTILLO,30.6736,19.5727,True,3,CASTILLO DE GORRAIZ VALLE DE EGÜES,True
COPA ESPAÑA,"FASE DE GRUPOS ""A""",CB CLAVIJO,11,J. PARDINA MOLINA,3.56249,54.6223,True,3,CASTILLO DE GORRAIZ VALLE DE EGÜES,True
COPA ESPAÑA,"FASE DE GRUPOS ""A""",CB CLAVIJO,10,R. PASCUAL BLANCO,32.5347,36.7624,False,3,CASTILLO DE GORRAIZ VALLE DE EGÜES,True
COPA ESPAÑA,"FASE DE GRUPOS ""A""",CB CLAVIJO,22,I. ROYO ARGOTE,5.618099999999998,95.43265,False,3,CASTILLO DE GORRAIZ VALLE DE EGÜES,True
COPA ESPAÑA,"FASE DE GRUPOS ""A""",CB CLAVIJO,55,C. JACOBS,8.1528,48.1454,True,3,CASTILLO DE GORRAIZ VALLE DE EGÜES,True
COPA ESPAÑA,"FASE DE GRUPOS ""A""",CB CLAVIJO,1,E. A NONGO BERTHOLD,12.145899999999997,54.6489,True,3,CASTILLO DE GORRAIZ VALLE DE EGÜES,True
COPA ESPAÑA,"FASE DE GRUPOS ""A""",CB CLAVIJO,9,H. ARBOSA ROLDAN,13.5208,76.3546,False,3,CASTILLO DE GORRAIZ VALLE DE EGÜES,True
COPA ESPAÑA,"FASE DE GRUPOS ""A""",CB CLAVIJO,5,M. DE PABLO DEL CASTILLO,6.25,6.34215,False,3,CASTILLO DE GORRAIZ VALLE DE EGÜES,True
COPA ESPAÑA,"FASE DE GRUPOS ""A""",CB CLAVIJO,9,H. ARBOSA ROLDAN,6.666700000000006,56.7216,False,3,CASTILLO DE GORRAIZ VALLE DE EGÜES,True
COPA ESPAÑA,"FASE DE GRUPOS ""A""",CB CLAVIJO,9,H. ARBOSA ROLDAN,7.979200000000006,94.30314,True,3,CASTILLO DE GORRAIZ VALLE DE EGÜES,True
COPA ESPAÑA,"FASE DE GRUPOS ""A""",CB CLAVIJO,33,K. TORRES CUEVAS,8.89581,46.1951,False,3,CASTILLO DE GORRAIZ VALLE DE EGÜES,True
COPA ESPAÑA,"FASE DE GRUPOS ""A""",CB CLAVIJO,55,C. JACOBS,26.375,33.6365,True,3,CASTILLO DE GORRAIZ VALLE DE EGÜES,True
COPA ESPAÑA,"FASE DE GRUPOS ""A""",CB CLAVIJO,33,K. TORRES CUEVAS,30.1805,70.3847,False,3,CASTILLO DE GORRAIZ VALLE DE EGÜES,True
COPA ESPAÑA,"FASE DE GRUPOS ""A""",CB CLAVIJO,33,K. TORRES CUEVAS,22.4097,13.977000000000004,False,3,CASTILLO DE GORRAIZ VALLE DE EGÜES,True
COPA ESPAÑA,"FASE DE GRUPOS ""A""",CB CLAVIJO,22,I. ROYO ARGOTE,3.72918,54.25,True,3,CASTILLO DE GORRAIZ VALLE DE EGÜES,True
COPA ESPAÑA,"FASE DE GRUPOS ""A""",CB CLAVIJO,5,M. DE PABLO DEL CASTILLO,34.3195,48.1809,False,3,CASTILLO DE GORRAIZ VALLE DE EGÜES,True
COPA ESPAÑA,"FASE DE GRUPOS ""A""",CB CLAVIJO,33,K. TORRES CUEVAS,23.076400000000007,9.794300000000007,False,3,CASTILLO DE GORRAIZ VALLE DE EGÜES,True
COPA ESPAÑA,"FASE DE GRUPOS ""A""",CB CLAVIJO,1,E. A NONGO BERTHOLD,5.31942,56.3724,True,3,CASTILLO DE GORRAIZ VALLE DE EGÜES,True
COPA ESPAÑA,"FASE DE GRUPOS ""A""",CB CLAVIJO,5,M. DE PABLO DEL CASTILLO,31.9861,23.2836,False,3,CASTILLO DE GORRAIZ VALLE DE EGÜES,True
COPA ESPAÑA,"FASE DE GRUPOS ""A""",CB CLAVIJO,33,K. TORRES CUEVAS,5.798599999999993,93.84402,True,3,CASTILLO DE GORRAIZ VALLE DE EGÜES,True
COPA ESPAÑA,"FASE DE GRUPOS ""A""",CB CLAVIJO,12,D. PA MOR,28.8055,79.7926,True,3,CASTILLO DE GORRAIZ VALLE DE EGÜES,True
COPA ESPAÑA,"FASE DE GRUPOS ""A""",CB CLAVIJO,10,R. PASCUAL BLANCO,21.5486,90.8262,False,3,CASTILLO DE GORRAIZ VALLE DE EGÜES,True
COPA ESPAÑA,"FASE DE GRUPOS ""A""",CB CLAVIJO,33,K. TORRES CUEVAS,30.4306,24.7978,True,3,CASTILLO DE GORRAIZ VALLE DE EGÜES,True
COPA ESPAÑA,"FASE DE GRUPOS ""A""",CB CLAVIJO,55,C. JACOBS,28.1528,95.14721,False,3,CASTILLO DE GORRAIZ VALLE DE EGÜES,True
COPA ESPAÑA,"FASE DE GRUPOS ""A""",CB CLAVIJO,55,C. JACOBS,28.75,78.0177,False,3,CASTILLO DE GORRAIZ VALLE DE EGÜES,True
COPA ESPAÑA,"FASE DE GRUPOS ""A""",CB CLAVIJO,10,R. PASCUAL BLANCO,27.868,23.9167,True,3,CASTILLO DE GORRAIZ VALLE DE EGÜES,True
COPA ESPAÑA,"FASE DE GRUPOS ""A""",CB CLAVIJO,55,C. JACOBS,31.8403,36.8511,True,3,CASTILLO DE GORRAIZ VALLE DE EGÜES,True
COPA ESPAÑA,"FASE DE GRUPOS ""A""",CB CLAVIJO,11,J. PARDINA MOLINA,7.118099999999998,5.040800000000004,True,3,CASTILLO DE GORRAIZ VALLE DE EGÜES,True
COPA ESPAÑA,"FASE DE GRUPOS ""A""",CB CLAVIJO,9,H. ARBOSA ROLDAN,6.076400000000007,5.897099999999995,True,3,CASTILLO DE GORRAIZ VALLE DE EGÜES,True
COPA ESPAÑA,"FASE DE GRUPOS ""A""",CB CLAVIJO,10,R. PASCUAL BLANCO,28.6667,23.2589,False,3,CASTILLO DE GORRAIZ VALLE DE EGÜES,True
COPA ESPAÑA,"FASE DE GRUPOS ""A""",CB CLAVIJO,1,E. A NONGO BERTHOLD,6.194500000000005,54.6242,True,3,CASTILLO DE GORRAIZ VALLE DE EGÜES,True
COPA ESPAÑA,"FASE DE GRUPOS ""A""",CB CLAVIJO,23,M. CÁMARA ECHARRI,7.375,94.76239,True,3,CASTILLO DE GORRAIZ VALLE DE EGÜES,True
COPA ESPAÑA,"FASE DE GRUPOS ""A""",CB CLAVIJO,11,J. PARDINA MOLINA,5.173599999999993,44.2358,True,3,CASTILLO DE GORRAIZ VALLE DE EGÜES,True
COPA ESPAÑA,"FASE DE GRUPOS ""A""",CB CLAVIJO,9,H. ARBOSA ROLDAN,6.722200000000001,43.7517,True,3,CASTILLO DE GORRAIZ VALLE DE EGÜES,True
COPA ESPAÑA,"FASE DE GRUPOS ""A""",CASTILLO DE GORRAIZ VALLE DE EGÜES,7,A. RUBIERA RAPOSO,8.055599999999998,45.9362,True,3,CB CLAVIJO,False
COPA ESPAÑA,"FASE DE GRUPOS ""A""",CASTILLO DE GORRAIZ VALLE DE EGÜES,7,A. RUBIERA RAPOSO,6.00694,56.3724,True,3,CB CLAVIJO,False
COPA ESPAÑA,"FASE DE GRUPOS ""A""",CASTILLO DE GORRAIZ VALLE DE EGÜES,13,P. FERNANDEZ CHOCARRO,22.826400000000007,54.2518,False,3,CB CLAVIJO,False
COPA ESPAÑA,"FASE DE GRUPOS ""A""",CASTILLO DE GORRAIZ VALLE DE EGÜES,12,P. YARNOZ LUMBRERAS,4.305599999999998,57.9627,True,3,CB CLAVIJO,False
COPA ESPAÑA,"FASE DE GRUPOS ""A""",CASTILLO DE GORRAIZ VALLE DE EGÜES,12,P. YARNOZ LUMBRERAS,3.72918,45.5248,False,3,CB CLAVIJO,False
COPA ESPAÑA,"FASE DE GRUPOS ""A""",CASTILLO DE GORRAIZ VALLE DE EGÜES,6,J. LACUNZA ABECIA,9.951400000000007,57.9379,True,3,CB CLAVIJO,False
COPA ESPAÑA,"FASE DE GRUPOS ""A""",CASTILLO DE GORRAIZ VALLE DE EGÜES,12,P. YARNOZ LUMBRERAS,6.215299999999999,55.0212,True,3,CB CLAVIJO,False
COPA ESPAÑA,"FASE DE GRUPOS ""A""",CASTILLO DE GORRAIZ VALLE DE EGÜES,13,P. FERNANDEZ CHOCARRO,9.14585,55.6773,True,3,CB CLAVIJO,False
COPA ESPAÑA,"FASE DE GRUPOS ""A""",CASTILLO DE GORRAIZ VALLE DE EGÜES,30,H. ARANAZ ALVAREZ,26.9028,19.189800000000005,True,3,CB CLAVIJO,False
COPA ESPAÑA,"FASE DE GRUPOS ""A""",CASTILLO DE GORRAIZ VALLE DE EGÜES,12,P. YARNOZ LUMBRERAS,5.520799999999994,8.131200000000007,False,3,CB CLAVIJO,False
COPA ESPAÑA,"FASE DE GRUPOS ""A""",CASTILLO DE GORRAIZ VALLE DE EGÜES,6,J. LACUNZA ABECIA,5.52775,45.3263,True,3,CB CLAVIJO,False
COPA ESPAÑA,"FASE DE GRUPOS ""A""",CASTILLO DE GORRAIZ VALLE DE EGÜES,4,A. CALVO TORRES,16.9097,22.503500000000003,True,3,CB CLAVIJO,False
COPA ESPAÑA,"FASE DE GRUPOS ""A""",CASTILLO DE GORRAIZ VALLE DE EGÜES,16,J. POTIER,7.867999999999995,35.672,False,3,CB CLAVIJO,False
COPA ESPAÑA,"FASE DE GRUPOS ""A""",CASTILLO DE GORRAIZ VALLE DE EGÜES,11,N. DEL VAL GARCIA,28.666600000000003,87.601,False,3,CB CLAVIJO,False
COPA ESPAÑA,"FASE DE GRUPOS ""A""",CASTILLO DE GORRAIZ VALLE DE EGÜES,12,P. YARNOZ LUMBRERAS,4.9583999999999975,42.1383,True,3,CB CLAVIJO,False
COPA ESPAÑA,"FASE DE GRUPOS ""A""",CASTILLO DE GORRAIZ VALLE DE EGÜES,13,P. FERNANDEZ CHOCARRO,30.7083,17.5993,False,3,CB CLAVIJO,False
COPA ESPAÑA,"FASE DE GRUPOS ""A""",CASTILLO DE GORRAIZ VALLE DE EGÜES,13,P. FERNANDEZ CHOCARRO,5.243099999999998,57.9999,True,3,CB CLAVIJO,False
COPA ESPAÑA,"FASE DE GRUPOS ""A""",CASTILLO DE GORRAIZ VALLE DE EGÜES,11,N. DEL VAL GARCIA,5.576400000000007,94.8865,False,3,CB CLAVIJO,False
COPA ESPAÑA,"FASE DE GRUPOS ""A""",CASTILLO DE GORRAIZ VALLE DE EGÜES,6,J. LACUNZA ABECIA,8.27779,55.7518,True,3,CB CLAVIJO,False
COPA ESPAÑA,"FASE DE GRUPOS ""A""",CASTILLO DE GORRAIZ VALLE DE EGÜES,6,J. LACUNZA ABECIA,15.791700000000006,83.5798,True,3,CB CLAVIJO,False
COPA ESPAÑA,"FASE DE GRUPOS ""A""",CASTILLO DE GORRAIZ VALLE DE EGÜES,12,P. YARNOZ LUMBRERAS,5.71526,57.0053,True,3,CB CLAVIJO,False
COPA ESPAÑA,"FASE DE GRUPOS ""A""",CASTILLO DE GORRAIZ VALLE DE EGÜES,16,J. POTIER,30.673599999999993,67.594,False,3,CB CLAVIJO,False
COPA ESPAÑA,"FASE DE GRUPOS ""A""",CASTILLO DE GORRAIZ VALLE DE EGÜES,4,A. CALVO TORRES,6.70139,75.6595,False,3,CB CLAVIJO,False
COPA ESPAÑA,"FASE DE GRUPOS ""A""",CASTILLO DE GORRAIZ VALLE DE EGÜES,16,J. POTIER,5.56247,42.2979,True,3,CB CLAVIJO,False
COPA ESPAÑA,"FASE DE GRUPOS ""A""",CASTILLO DE GORRAIZ VALLE DE EGÜES,16,J. POTIER,25.7778,20.3422,False,3,CB CLAVIJO,False
COPA ESPAÑA,"FASE DE GRUPOS ""A""",CASTILLO DE GORRAIZ VALLE DE EGÜES,12,P. YARNOZ LUMBRERAS,8.4722,93.86875,False,3,CB CLAVIJO,False
COPA ESPAÑA,"FASE DE GRUPOS ""A""",CASTILLO DE GORRAIZ VALLE DE EGÜES,12,P. YARNOZ LUMBRERAS,30.9722,78.4166,False,3,CB CLAVIJO,False
COPA ESPAÑA,"FASE DE GRUPOS ""A""",CASTILLO DE GORRAIZ VALLE DE EGÜES,16,J. POTIER,33.1597,54.8971,True,3,CB CLAVIJO,False
COPA ESPAÑA,"FASE DE GRUPOS ""A""",CASTILLO DE GORRAIZ VALLE DE EGÜES,7,A. RUBIERA RAPOSO,5.534700000000001,43.8263,True,3,CB CLAVIJO,False
COPA ESPAÑA,"FASE DE GRUPOS ""A""",CASTILLO DE GORRAIZ VALLE DE EGÜES,6,J. LACUNZA ABECIA,7.72915,6.03187,True,3,CB CLAVIJO,False
COPA ESPAÑA,"FASE DE GRUPOS ""A""",CASTILLO DE GORRAIZ VALLE DE EGÜES,16,J. POTIER,24.6181,86.8937,False,3,CB CLAVIJO,False
COPA ESPAÑA,"FASE DE GRUPOS ""A""",CASTILLO DE GORRAIZ VALLE DE EGÜES,12,P. YARNOZ LUMBRERAS,7.39583,45.7607,True,3,CB CLAVIJO,False
COPA ESPAÑA,"FASE DE GRUPOS ""A""",CASTILLO DE GORRAIZ VALLE DE EGÜES,4,A. CALVO TORRES,28.395899999999997,77.2128,False,3,CB CLAVIJO,False
COPA ESPAÑA,"FASE DE GRUPOS ""A""",CASTILLO DE GORRAIZ VALLE DE EGÜES,11,N. DEL VAL GARCIA,28.4375,79.9805,False,3,CB CLAVIJO,False
COPA ESPAÑA,"FASE DE GRUPOS ""A""",CASTILLO DE GORRAIZ VALLE DE EGÜES,13,P. FERNANDEZ CHOCARRO,7.0,94.73754,False,3,CB CLAVIJO,False
COPA ESPAÑA,"FASE DE GRUPOS ""A""",CASTILLO DE GORRAIZ VALLE DE EGÜES,12,P. YARNOZ LUMBRERAS,7.867999999999995,35.672,False,3,CB CLAVIJO,False
COPA ESPAÑA,"FASE DE GRUPOS ""A""",CASTILLO DE GORRAIZ VALLE DE EGÜES,16,J. POTIER,25.0,84.2482,True,3,CB CLAVIJO,False
COPA ESPAÑA,"FASE DE GRUPOS ""A""",CASTILLO DE GORRAIZ VALLE DE EGÜES,12,P. YARNOZ LUMBRERAS,6.40279,43.7003,False,3,CB CLAVIJO,False
COPA ESPAÑA,"FASE DE GRUPOS ""A""",CASTILLO DE GORRAIZ VALLE DE EGÜES,6,J. LACUNZA ABECIA,26.8056,81.617,False,3,CB CLAVIJO,False
COPA ESPAÑA,"FASE DE GRUPOS ""A""",CASTILLO DE GORRAIZ VALLE DE EGÜES,11,N. DEL VAL GARCIA,38.75,18.0479,False,3,CB CLAVIJO,False
COPA ESPAÑA,"FASE DE GRUPOS ""A""",CASTILLO DE GORRAIZ VALLE DE EGÜES,6,J. LACUNZA ABECIA,2.08333,45.1897,True,3,CB CLAVIJO,False
COPA ESPAÑA,"FASE DE GRUPOS ""A""",CASTILLO DE GORRAIZ VALLE DE EGÜES,16,J. POTIER,36.5139,46.5674,False,3,CB CLAVIJO,False
COPA ESPAÑA,"FASE DE GRUPOS ""A""",CASTILLO DE GORRAIZ VALLE DE EGÜES,6,J. LACUNZA ABECIA,27.243,18.2819,False,3,CB CLAVIJO,False
COPA ESPAÑA,"FASE DE GRUPOS ""A""",CASTILLO DE GORRAIZ VALLE DE EGÜES,16,J. POTIER,24.2847,49.3493,False,3,CB CLAVIJO,False
COPA ESPAÑA,"FASE DE GRUPOS ""A""",CASTILLO DE GORRAIZ VALLE DE EGÜES,6,J. LACUNZA ABECIA,6.67358,45.5124,True,3,CB CLAVIJO,False
COPA ESPAÑA,"FASE DE GRUPOS ""A""",CASTILLO DE GORRAIZ VALLE DE EGÜES,16,J. POTIER,28.326400000000007,82.1153,True,3,CB CLAVIJO,False
COPA ESPAÑA,"FASE DE GRUPOS ""A""",CASTILLO DE GORRAIZ VALLE DE EGÜES,4,A. CALVO TORRES,30.7083,72.929,True,3,CB CLAVIJO,False
COPA ESPAÑA,"FASE DE GRUPOS ""A""",CASTILLO DE GORRAIZ VALLE DE EGÜES,13,P. FERNANDEZ CHOCARRO,8.66665,88.0088,False,3,CB CLAVIJO,False
COPA ESPAÑA,"FASE DE GRUPOS ""A""",CASTILLO DE GORRAIZ VALLE DE EGÜES,13,P. FERNANDEZ CHOCARRO,12.930599999999998,93.81917,True,3,CB CLAVIJO,False
COPA ESPAÑA,"FASE DE GRUPOS ""A""",CASTILLO DE GORRAIZ VALLE DE EGÜES,6,J. LACUNZA ABECIA,16.2986,57.1915,False,3,CB CLAVIJO,False
COPA ESPAÑA,"FASE DE GRUPOS ""A""",CASTILLO DE GORRAIZ VALLE DE EGÜES,13,P. FERNANDEZ CHOCARRO,5.882000000000005,57.9379,True,3,CB CLAVIJO,False
COPA ESPAÑA,"FASE DE GRUPOS ""A""",CASTILLO DE GORRAIZ VALLE DE EGÜES,6,J. LACUNZA ABECIA,33.4722,27.3173,False,3,CB CLAVIJO,False
COPA ESPAÑA,"FASE DE GRUPOS ""A""",CASTILLO DE GORRAIZ VALLE DE EGÜES,12,P. YARNOZ LUMBRERAS,7.06943,17.6365,False,3,CB CLAVIJO,False
COPA ESPAÑA,"FASE DE GRUPOS ""A""",CASTILLO DE GORRAIZ VALLE DE EGÜES,7,A. RUBIERA RAPOSO,30.5417,29.2164,False,3,CB CLAVIJO,False
COPA ESPAÑA,"FASE DE GRUPOS ""A""",CASTILLO DE GORRAIZ VALLE DE EGÜES,11,N. DEL VAL GARCIA,29.875,74.6685,True,3,CB CLAVIJO,False
COPA ESPAÑA,"FASE DE GRUPOS ""A""",CASTILLO DE GORRAIZ VALLE DE EGÜES,11,N. DEL VAL GARCIA,29.7014,25.8653,False,3,CB CLAVIJO,False
COPA ESPAÑA,"FASE DE GRUPOS ""A""",CASTILLO DE GORRAIZ VALLE DE EGÜES,6,J. LACUNZA ABECIA,13.25,66.1276,True,3,CB CLAVIJO,False
COPA ESPAÑA,"FASE DE GRUPOS ""A""",CASTILLO DE GORRAIZ VALLE DE EGÜES,16,J. POTIER,26.125,19.1507,True,3,CB CLAVIJO,False
COPA ESPAÑA,"FASE DE GRUPOS ""A""",CASTILLO DE GORRAIZ VALLE DE EGÜES,16,J. POTIER,7.93057,71.2288,True,3,CB CLAVIJO,False
COPA ESPAÑA,"FASE DE GRUPOS ""A""",CASTILLO DE GORRAIZ VALLE DE EGÜES,6,J. LACUNZA ABECIA,8.0,75.1276,False,3,CB CLAVIJO,False
COPA ESPAÑA,"FASE DE GRUPOS ""B""",CULTURAL Y DEPORTIVA LEONESA,5,D. HAYMAN,30.3472,34.219899999999996,False,1,UEMC CBC VALLADOLID,True
COPA ESPAÑA,"FASE DE GRUPOS ""B""",CULTURAL Y DEPORTIVA LEONESA,10,D. BULTO CASTILLO,13.4722,52.5,False,1,UEMC CBC VALLADOLID,True
COPA ESPAÑA,"FASE DE GRUPOS ""B""",CULTURAL Y DEPORTIVA LEONESA,17,M. AMADASUN,16.111099999999993,53.2092,False,1,UEMC CBC VALLADOLID,True
COPA ESPAÑA,"FASE DE GRUPOS ""B""",CULTURAL Y DEPORTIVA LEONESA,11,D. CEBOLLA PORCAR,32.8472,55.8156,True,1,UEMC CBC VALLADOLID,True
COPA ESPAÑA,"FASE DE GRUPOS ""B""",CULTURAL Y DEPORTIVA LEONESA,0,M. DENG,30.763900000000007,77.2872,False,1,UEMC CBC VALLADOLID,True
COPA ESPAÑA,"FASE DE GRUPOS ""B""",CULTURAL Y DEPORTIVA LEONESA,0,M. DENG,29.375,80.1418,False,1,UEMC CBC VALLADOLID,True
COPA ESPAÑA,"FASE DE GRUPOS ""B""",CULTURAL Y DEPORTIVA LEONESA,32,J. LLAMAS PRADO,12.2917,57.8369,False,1,UEMC CBC VALLADOLID,True
COPA ESPAÑA,"FASE DE GRUPOS ""B""",CULTURAL Y DEPORTIVA LEONESA,11,D. CEBOLLA PORCAR,15.138900000000007,55.8156,False,1,UEMC CBC VALLADOLID,True
COPA ESPAÑA,"FASE DE GRUPOS ""B""",CULTURAL Y DEPORTIVA LEONESA,17,M. AMADASUN,12.361099999999993,60.9043,False,1,UEMC CBC VALLADOLID,True
COPA ESPAÑA,"FASE DE GRUPOS ""B""",CULTURAL Y DEPORTIVA LEONESA,10,D. BULTO CASTILLO,32.7778,38.5993,False,1,UEMC CBC VALLADOLID,True
COPA ESPAÑA,"FASE DE GRUPOS ""B""",CULTURAL Y DEPORTIVA LEONESA,33,R. LLAMAS MARTINEZ,12.986099999999993,69.344,True,1,UEMC CBC VALLADOLID,True
COPA ESPAÑA,"FASE DE GRUPOS ""B""",CULTURAL Y DEPORTIVA LEONESA,17,M. AMADASUN,21.388900000000007,47.0035,True,1,UEMC CBC VALLADOLID,True
COPA ESPAÑA,"FASE DE GRUPOS ""B""",CULTURAL Y DEPORTIVA LEONESA,11,D. CEBOLLA PORCAR,12.4306,55.6028,True,1,UEMC CBC VALLADOLID,True
COPA ESPAÑA,"FASE DE GRUPOS ""B""",CULTURAL Y DEPORTIVA LEONESA,33,R. LLAMAS MARTINEZ,32.9861,47.4113,True,1,UEMC CBC VALLADOLID,True
COPA ESPAÑA,"FASE DE GRUPOS ""B""",CULTURAL Y DEPORTIVA LEONESA,32,J. LLAMAS PRADO,13.4722,38.4397,False,1,UEMC CBC VALLADOLID,True
COPA ESPAÑA,"FASE DE GRUPOS ""B""",CULTURAL Y DEPORTIVA LEONESA,0,M. DENG,8.47222,93.2092,True,1,UEMC CBC VALLADOLID,True
COPA ESPAÑA,"FASE DE GRUPOS ""B""",CULTURAL Y DEPORTIVA LEONESA,32,J. LLAMAS PRADO,12.1528,93.17376,False,1,UEMC CBC VALLADOLID,True
COPA ESPAÑA,"FASE DE GRUPOS ""B""",CULTURAL Y DEPORTIVA LEONESA,32,J. LLAMAS PRADO,7.361099999999993,49.8582,True,1,UEMC CBC VALLADOLID,True
COPA ESPAÑA,"FASE DE GRUPOS ""B""",CULTURAL Y DEPORTIVA LEONESA,0,M. DENG,28.8889,77.4468,False,1,UEMC CBC VALLADOLID,True
COPA ESPAÑA,"FASE DE GRUPOS ""B""",CULTURAL Y DEPORTIVA LEONESA,7,P. ORENGA IMAZ,13.4722,51.9681,True,1,UEMC CBC VALLADOLID,True
COPA ESPAÑA,"FASE DE GRUPOS ""B""",CULTURAL Y DEPORTIVA LEONESA,17,M. AMADASUN,11.944400000000002,40.5496,False,1,UEMC CBC VALLADOLID,True
COPA ESPAÑA,"FASE DE GRUPOS ""B""",CULTURAL Y DEPORTIVA LEONESA,11,D. CEBOLLA PORCAR,24.2361,88.8653,True,1,UEMC CBC VALLADOLID,True
COPA ESPAÑA,"FASE DE GRUPOS ""B""",CULTURAL Y DEPORTIVA LEONESA,32,J. LLAMAS PRADO,14.6528,57.9255,True,1,UEMC CBC VALLADOLID,True
COPA ESPAÑA,"FASE DE GRUPOS ""B""",CULTURAL Y DEPORTIVA LEONESA,10,D. BULTO CASTILLO,21.666700000000006,56.8085,False,1,UEMC CBC VALLADOLID,True
COPA ESPAÑA,"FASE DE GRUPOS ""B""",CULTURAL Y DEPORTIVA LEONESA,32,J. LLAMAS PRADO,24.0278,89.734,False,1,UEMC CBC VALLADOLID,True
COPA ESPAÑA,"FASE DE GRUPOS ""B""",CULTURAL Y DEPORTIVA LEONESA,11,D. CEBOLLA PORCAR,32.63890000000001,65.8688,False,1,UEMC CBC VALLADOLID,True
COPA ESPAÑA,"FASE DE GRUPOS ""B""",CULTURAL Y DEPORTIVA LEONESA,5,D. HAYMAN,12.2917,41.7021,True,1,UEMC CBC VALLADOLID,True
COPA ESPAÑA,"FASE DE GRUPOS ""B""",CULTURAL Y DEPORTIVA LEONESA,5,D. HAYMAN,21.7361,47.7837,True,1,UEMC CBC VALLADOLID,True
COPA ESPAÑA,"FASE DE GRUPOS ""B""",CULTURAL Y DEPORTIVA LEONESA,23,E. VAN DER HEIJDEN,9.513900000000007,61.5248,True,1,UEMC CBC VALLADOLID,True
COPA ESPAÑA,"FASE DE GRUPOS ""B""",CULTURAL Y DEPORTIVA LEONESA,13,A. DOMINGUEZ ESPELT,24.6528,12.5355,False,1,UEMC CBC VALLADOLID,True
COPA ESPAÑA,"FASE DE GRUPOS ""B""",CULTURAL Y DEPORTIVA LEONESA,32,J. LLAMAS PRADO,27.083299999999994,20.939700000000002,False,1,UEMC CBC VALLADOLID,True
COPA ESPAÑA,"FASE DE GRUPOS ""B""",CULTURAL Y DEPORTIVA LEONESA,10,D. BULTO CASTILLO,28.0556,23.1738,False,1,UEMC CBC VALLADOLID,True
COPA ESPAÑA,"FASE DE GRUPOS ""B""",CULTURAL Y DEPORTIVA LEONESA,17,M. AMADASUN,23.0556,45.5496,False,1,UEMC CBC VALLADOLID,True
COPA ESPAÑA,"FASE DE GRUPOS ""B""",CULTURAL Y DEPORTIVA LEONESA,10,D. BULTO CASTILLO,25.2778,83.8652,False,1,UEMC CBC VALLADOLID,True
COPA ESPAÑA,"FASE DE GRUPOS ""B""",CULTURAL Y DEPORTIVA LEONESA,5,D. HAYMAN,26.5278,13.989400000000003,False,1,UEMC CBC VALLADOLID,True
COPA ESPAÑA,"FASE DE GRUPOS ""B""",CULTURAL Y DEPORTIVA LEONESA,17,M. AMADASUN,22.0833,65.2837,True,1,UEMC CBC VALLADOLID,True
COPA ESPAÑA,"FASE DE GRUPOS ""B""",CULTURAL Y DEPORTIVA LEONESA,17,M. AMADASUN,22.8472,52.2163,False,1,UEMC CBC VALLADOLID,True
COPA ESPAÑA,"FASE DE GRUPOS ""B""",CULTURAL Y DEPORTIVA LEONESA,7,P. ORENGA IMAZ,15.6944,47.9078,False,1,UEMC CBC VALLADOLID,True
COPA ESPAÑA,"FASE DE GRUPOS ""B""",CULTURAL Y DEPORTIVA LEONESA,0,M. DENG,31.4583,29.6631,True,1,UEMC CBC VALLADOLID,True
COPA ESPAÑA,"FASE DE GRUPOS ""B""",CULTURAL Y DEPORTIVA LEONESA,13,A. DOMINGUEZ ESPELT,31.3194,65.7447,False,1,UEMC CBC VALLADOLID,True
COPA ESPAÑA,"FASE DE GRUPOS ""B""",CULTURAL Y DEPORTIVA LEONESA,0,M. DENG,28.8194,16.0106,False,1,UEMC CBC VALLADOLID,True
COPA ESPAÑA,"FASE DE GRUPOS ""B""",CULTURAL Y DEPORTIVA LEONESA,32,J. LLAMAS PRADO,12.9861,44.1844,True,1,UEMC CBC VALLADOLID,True
COPA ESPAÑA,"FASE DE GRUPOS ""B""",CULTURAL Y DEPORTIVA LEONESA,17,M. AMADASUN,11.388900000000007,31.241100000000003,False,1,UEMC CBC VALLADOLID,True
COPA ESPAÑA,"FASE DE GRUPOS ""B""",CULTURAL Y DEPORTIVA LEONESA,7,P. ORENGA IMAZ,14.166700000000006,57.1809,True,1,UEMC CBC VALLADOLID,True
COPA ESPAÑA,"FASE DE GRUPOS ""B""",CULTURAL Y DEPORTIVA LEONESA,5,D. HAYMAN,25.9028,83.9007,True,1,UEMC CBC VALLADOLID,True
COPA ESPAÑA,"FASE DE GRUPOS ""B""",CULTURAL Y DEPORTIVA LEONESA,11,D. CEBOLLA PORCAR,15.6944,43.1915,False,1,UEMC CBC VALLADOLID,True
COPA ESPAÑA,"FASE DE GRUPOS ""B""",CULTURAL Y DEPORTIVA LEONESA,17,M. AMADASUN,14.861099999999993,45.7624,True,1,UEMC CBC VALLADOLID,True
COPA ESPAÑA,"FASE DE GRUPOS ""B""",CULTURAL Y DEPORTIVA LEONESA,5,D. HAYMAN,30.2778,32.9787,False,1,UEMC CBC VALLADOLID,True
COPA ESPAÑA,"FASE DE GRUPOS ""B""",CULTURAL Y DEPORTIVA LEONESA,17,M. AMADASUN,13.125,55.9397,False,1,UEMC CBC VALLADOLID,True
COPA ESPAÑA,"FASE DE GRUPOS ""B""",CULTURAL Y DEPORTIVA LEONESA,13,A. DOMINGUEZ ESPELT,11.875,55.8156,False,1,UEMC CBC VALLADOLID,True
COPA ESPAÑA,"FASE DE GRUPOS ""B""",CULTURAL Y DEPORTIVA LEONESA,17,M. AMADASUN,10.3472,35.95740000000001,False,1,UEMC CBC VALLADOLID,True
COPA ESPAÑA,"FASE DE GRUPOS ""B""",CULTURAL Y DEPORTIVA LEONESA,17,M. AMADASUN,18.9583,38.7234,False,1,UEMC CBC VALLADOLID,True
COPA ESPAÑA,"FASE DE GRUPOS ""B""",CULTURAL Y DEPORTIVA LEONESA,17,M. AMADASUN,20.4167,45.5496,False,1,UEMC CBC VALLADOLID,True
COPA ESPAÑA,"FASE DE GRUPOS ""B""",CULTURAL Y DEPORTIVA LEONESA,13,A. DOMINGUEZ ESPELT,20.0694,40.3369,True,1,UEMC CBC VALLADOLID,True
COPA ESPAÑA,"FASE DE GRUPOS ""B""",CULTURAL Y DEPORTIVA LEONESA,5,D. HAYMAN,14.5833,54.8582,True,1,UEMC CBC VALLADOLID,True
COPA ESPAÑA,"FASE DE GRUPOS ""B""",CULTURAL Y DEPORTIVA LEONESA,13,A. DOMINGUEZ ESPELT,9.513900000000007,56.8085,False,1,UEMC CBC VALLADOLID,True
COPA ESPAÑA,"FASE DE GRUPOS ""B""",CULTURAL Y DEPORTIVA LEONESA,5,D. HAYMAN,28.75,76.9504,True,1,UEMC CBC VALLADOLID,True
COPA ESPAÑA,"FASE DE GRUPOS ""B""",CULTURAL Y DEPORTIVA LEONESA,33,R. LLAMAS MARTINEZ,30.2778,27.145399999999995,True,1,UEMC CBC VALLADOLID,True
COPA ESPAÑA,"FASE DE GRUPOS ""B""",CULTURAL Y DEPORTIVA LEONESA,10,D. BULTO CASTILLO,26.5972,16.719899999999996,False,1,UEMC CBC VALLADOLID,True
COPA ESPAÑA,"FASE DE GRUPOS ""B""",CULTURAL Y DEPORTIVA LEONESA,7,P. ORENGA IMAZ,18.8889,52.8723,False,1,UEMC CBC VALLADOLID,True
COPA ESPAÑA,"FASE DE GRUPOS ""B""",CULTURAL Y DEPORTIVA LEONESA,23,E. VAN DER HEIJDEN,23.6806,14.2376,True,1,UEMC CBC VALLADOLID,True
COPA ESPAÑA,"FASE DE GRUPOS ""B""",CULTURAL Y DEPORTIVA LEONESA,10,D. BULTO CASTILLO,39.0278,50.3901,False,1,UEMC CBC VALLADOLID,True
COPA ESPAÑA,"FASE DE GRUPOS ""B""",CULTURAL Y DEPORTIVA LEONESA,32,J. LLAMAS PRADO,27.916700000000006,77.039,False,1,UEMC CBC VALLADOLID,True
COPA ESPAÑA,"FASE DE GRUPOS ""B""",CULTURAL Y DEPORTIVA LEONESA,32,J. LLAMAS PRADO,25.2778,19.1135,True,1,UEMC CBC VALLADOLID,True
COPA ESPAÑA,"FASE DE GRUPOS ""B""",CULTURAL Y DEPORTIVA LEONESA,33,R. LLAMAS MARTINEZ,24.583299999999994,64.7518,True,1,UEMC CBC VALLADOLID,True
COPA ESPAÑA,"FASE DE GRUPOS ""B""",CULTURAL Y DEPORTIVA LEONESA,5,D. HAYMAN,41.3889,83.617,False,1,UEMC CBC VALLADOLID,True
COPA ESPAÑA,"FASE DE GRUPOS ""B""",CULTURAL Y DEPORTIVA LEONESA,32,J. LLAMAS PRADO,15.9722,46.9149,False,1,UEMC CBC VALLADOLID,True
COPA ESPAÑA,"FASE DE GRUPOS ""B""",CULTURAL Y DEPORTIVA LEONESA,32,J. LLAMAS PRADO,29.7222,77.695,True,1,UEMC CBC VALLADOLID,True
COPA ESPAÑA,"FASE DE GRUPOS ""B""",CULTURAL Y DEPORTIVA LEONESA,5,D. HAYMAN,23.3333,89.8582,False,1,UEMC CBC VALLADOLID,True
COPA ESPAÑA,"FASE DE GRUPOS ""B""",CULTURAL Y DEPORTIVA LEONESA,17,M. AMADASUN,21.111099999999993,53.2092,False,1,UEMC CBC VALLADOLID,True
COPA ESPAÑA,"FASE DE GRUPOS ""B""",CULTURAL Y DEPORTIVA LEONESA,0,M. DENG,33.0556,47.9078,True,1,UEMC CBC VALLADOLID,True
COPA ESPAÑA,"FASE DE GRUPOS ""B""",CULTURAL Y DEPORTIVA LEONESA,10,D. BULTO CASTILLO,36.9444,55.9752,True,1,UEMC CBC VALLADOLID,True
COPA ESPAÑA,"FASE DE GRUPOS ""B""",CULTURAL Y DEPORTIVA LEONESA,17,M. AMADASUN,17.8472,58.0496,False,1,UEMC CBC VALLADOLID,True
COPA ESPAÑA,"FASE DE GRUPOS ""B""",CULTURAL Y DEPORTIVA LEONESA,17,M. AMADASUN,14.2361,52.5,False,1,UEMC CBC VALLADOLID,True
COPA ESPAÑA,"FASE DE GRUPOS ""B""",CULTURAL Y DEPORTIVA LEONESA,33,R. LLAMAS MARTINEZ,9.30556,7.57092,True,1,UEMC CBC VALLADOLID,True
COPA ESPAÑA,"FASE DE GRUPOS ""B""",CULTURAL Y DEPORTIVA LEONESA,0,M. DENG,21.7361,45.1773,False,1,UEMC CBC VALLADOLID,True
COPA ESPAÑA,"FASE DE GRUPOS ""B""",CULTURAL Y DEPORTIVA LEONESA,10,D. BULTO CASTILLO,13.4722,57.2163,True,1,UEMC CBC VALLADOLID,True
COPA ESPAÑA,"FASE DE GRUPOS ""B""",CULTURAL Y DEPORTIVA LEONESA,0,M. DENG,18.125,78.2801,True,1,UEMC CBC VALLADOLID,True
COPA ESPAÑA,"FASE DE GRUPOS ""B""",CULTURAL Y DEPORTIVA LEONESA,11,D. CEBOLLA PORCAR,11.736099999999993,58.422,True,1,UEMC CBC VALLADOLID,True
COPA ESPAÑA,"FASE DE GRUPOS ""B""",CULTURAL Y DEPORTIVA LEONESA,11,D. CEBOLLA PORCAR,19.513900000000007,36.4539,False,1,UEMC CBC VALLADOLID,True
COPA ESPAÑA,"FASE DE GRUPOS ""B""",CULTURAL Y DEPORTIVA LEONESA,13,A. DOMINGUEZ ESPELT,20.6944,41.4539,True,1,UEMC CBC VALLADOLID,True
COPA ESPAÑA,"FASE DE GRUPOS ""B""",CULTURAL Y DEPORTIVA LEONESA,0,M. DENG,34.51390000000001,55.6915,False,1,UEMC CBC VALLADOLID,True
COPA ESPAÑA,"FASE DE GRUPOS ""B""",UEMC CBC VALLADOLID,3,I. HANEY,22.013900000000007,40.7979,False,1,CULTURAL Y DEPORTIVA LEONESA,False
COPA ESPAÑA,"FASE DE GRUPOS ""B""",UEMC CBC VALLADOLID,9,P. ISERN MAZA,13.4722,42.9078,False,1,CULTURAL Y DEPORTIVA LEONESA,False
COPA ESPAÑA,"FASE DE GRUPOS ""B""",UEMC CBC VALLADOLID,10,I. ORDOÑEZ OCHOA,14.513900000000007,48.8653,True,1,CULTURAL Y DEPORTIVA LEONESA,False
COPA ESPAÑA,"FASE DE GRUPOS ""B""",UEMC CBC VALLADOLID,3,I. HANEY,13.541700000000006,57.5532,True,1,CULTURAL Y DEPORTIVA LEONESA,False
COPA ESPAÑA,"FASE DE GRUPOS ""B""",UEMC CBC VALLADOLID,7,J. RODRIGUEZ NERI,39.4444,22.8369,False,1,CULTURAL Y DEPORTIVA LEONESA,False
COPA ESPAÑA,"FASE DE GRUPOS ""B""",UEMC CBC VALLADOLID,12,P. MARTIN MARTIN,10.625,53.2447,True,1,CULTURAL Y DEPORTIVA LEONESA,False
COPA ESPAÑA,"FASE DE GRUPOS ""B""",UEMC CBC VALLADOLID,3,I. HANEY,15.2083,33.0142,True,1,CULTURAL Y DEPORTIVA LEONESA,False
COPA ESPAÑA,"FASE DE GRUPOS ""B""",UEMC CBC VALLADOLID,9,P. ISERN MAZA,23.611099999999993,82.3759,False,1,CULTURAL Y DEPORTIVA LEONESA,False
COPA ESPAÑA,"FASE DE GRUPOS ""B""",UEMC CBC VALLADOLID,1,S. TAIWO,13.888900000000007,51.7199,True,1,CULTURAL Y DEPORTIVA LEONESA,False
COPA ESPAÑA,"FASE DE GRUPOS ""B""",UEMC CBC VALLADOLID,99,M. OCHI,24.0972,51.7553,False,1,CULTURAL Y DEPORTIVA LEONESA,False
COPA ESPAÑA,"FASE DE GRUPOS ""B""",UEMC CBC VALLADOLID,9,P. ISERN MAZA,12.7083,46.2943,True,1,CULTURAL Y DEPORTIVA LEONESA,False
COPA ESPAÑA,"FASE DE GRUPOS ""B""",UEMC CBC VALLADOLID,99,M. OCHI,14.8611,50.0177,False,1,CULTURAL Y DEPORTIVA LEONESA,False
COPA ESPAÑA,"FASE DE GRUPOS ""B""",UEMC CBC VALLADOLID,5,J. GARCIA-ABRIL GUERRERO,16.25,45.266,False,1,CULTURAL Y DEPORTIVA LEONESA,False
COPA ESPAÑA,"FASE DE GRUPOS ""B""",UEMC CBC VALLADOLID,99,M. OCHI,14.583299999999994,46.383,True,1,CULTURAL Y DEPORTIVA LEONESA,False
COPA ESPAÑA,"FASE DE GRUPOS ""B""",UEMC CBC VALLADOLID,12,P. MARTIN MARTIN,16.5972,52.8723,True,1,CULTURAL Y DEPORTIVA LEONESA,False
COPA ESPAÑA,"FASE DE GRUPOS ""B""",UEMC CBC VALLADOLID,9,P. ISERN MAZA,30.416700000000006,32.9787,False,1,CULTURAL Y DEPORTIVA LEONESA,False
COPA ESPAÑA,"FASE DE GRUPOS ""B""",UEMC CBC VALLADOLID,12,P. MARTIN MARTIN,12.361099999999993,56.3121,False,1,CULTURAL Y DEPORTIVA LEONESA,False
COPA ESPAÑA,"FASE DE GRUPOS ""B""",UEMC CBC VALLADOLID,9,P. ISERN MAZA,12.9167,55.6028,True,1,CULTURAL Y DEPORTIVA LEONESA,False
COPA ESPAÑA,"FASE DE GRUPOS ""B""",UEMC CBC VALLADOLID,3,I. HANEY,30.416700000000006,68.2269,False,1,CULTURAL Y DEPORTIVA LEONESA,False
COPA ESPAÑA,"FASE DE GRUPOS ""B""",UEMC CBC VALLADOLID,2,J. HANNA,10.9028,45.0532,False,1,CULTURAL Y DEPORTIVA LEONESA,False
COPA ESPAÑA,"FASE DE GRUPOS ""B""",UEMC CBC VALLADOLID,3,I. HANEY,27.916700000000006,78.9007,True,1,CULTURAL Y DEPORTIVA LEONESA,False
COPA ESPAÑA,"FASE DE GRUPOS ""B""",UEMC CBC VALLADOLID,5,J. GARCIA-ABRIL GUERRERO,33.0556,44.4326,True,1,CULTURAL Y DEPORTIVA LEONESA,False
COPA ESPAÑA,"FASE DE GRUPOS ""B""",UEMC CBC VALLADOLID,9,P. ISERN MAZA,13.3333,42.0745,False,1,CULTURAL Y DEPORTIVA LEONESA,False
COPA ESPAÑA,"FASE DE GRUPOS ""B""",UEMC CBC VALLADOLID,3,I. HANEY,33.125,34.7518,False,1,CULTURAL Y DEPORTIVA LEONESA,False
COPA ESPAÑA,"FASE DE GRUPOS ""B""",UEMC CBC VALLADOLID,3,I. HANEY,9.30556,93.3333,False,1,CULTURAL Y DEPORTIVA LEONESA,False
COPA ESPAÑA,"FASE DE GRUPOS ""B""",UEMC CBC VALLADOLID,99,M. OCHI,12.8472,42.5709,False,1,CULTURAL Y DEPORTIVA LEONESA,False
COPA ESPAÑA,"FASE DE GRUPOS ""B""",UEMC CBC VALLADOLID,5,J. GARCIA-ABRIL GUERRERO,15.2778,47.7482,True,1,CULTURAL Y DEPORTIVA LEONESA,False
COPA ESPAÑA,"FASE DE GRUPOS ""B""",UEMC CBC VALLADOLID,9,P. ISERN MAZA,13.541700000000006,59.4149,True,1,CULTURAL Y DEPORTIVA LEONESA,False
COPA ESPAÑA,"FASE DE GRUPOS ""B""",UEMC CBC VALLADOLID,3,I. HANEY,24.0972,89.3617,False,1,CULTURAL Y DEPORTIVA LEONESA,False
COPA ESPAÑA,"FASE DE GRUPOS ""B""",UEMC CBC VALLADOLID,9,P. ISERN MAZA,12.1528,54.3617,True,1,CULTURAL Y DEPORTIVA LEONESA,False
COPA ESPAÑA,"FASE DE GRUPOS ""B""",UEMC CBC VALLADOLID,9,P. ISERN MAZA,11.4583,52.9965,True,1,CULTURAL Y DEPORTIVA LEONESA,False
COPA ESPAÑA,"FASE DE GRUPOS ""B""",UEMC CBC VALLADOLID,9,P. ISERN MAZA,32.5694,45.6738,True,1,CULTURAL Y DEPORTIVA LEONESA,False
COPA ESPAÑA,"FASE DE GRUPOS ""B""",UEMC CBC VALLADOLID,3,I. HANEY,27.638900000000007,79.1489,False,1,CULTURAL Y DEPORTIVA LEONESA,False
COPA ESPAÑA,"FASE DE GRUPOS ""B""",UEMC CBC VALLADOLID,9,P. ISERN MAZA,21.8056,39.5922,True,1,CULTURAL Y DEPORTIVA LEONESA,False
COPA ESPAÑA,"FASE DE GRUPOS ""B""",UEMC CBC VALLADOLID,3,I. HANEY,12.916700000000006,56.9326,False,1,CULTURAL Y DEPORTIVA LEONESA,False
COPA ESPAÑA,"FASE DE GRUPOS ""B""",UEMC CBC VALLADOLID,12,P. MARTIN MARTIN,33.8194,62.6773,True,1,CULTURAL Y DEPORTIVA LEONESA,False
COPA ESPAÑA,"FASE DE GRUPOS ""B""",UEMC CBC VALLADOLID,99,M. OCHI,11.4583,51.383,True,1,CULTURAL Y DEPORTIVA LEONESA,False
COPA ESPAÑA,"FASE DE GRUPOS ""B""",UEMC CBC VALLADOLID,10,I. ORDOÑEZ OCHOA,15.1389,54.734,True,1,CULTURAL Y DEPORTIVA LEONESA,False
COPA ESPAÑA,"FASE DE GRUPOS ""B""",UEMC CBC VALLADOLID,1,S. TAIWO,13.125,47.1631,True,1,CULTURAL Y DEPORTIVA LEONESA,False
COPA ESPAÑA,"FASE DE GRUPOS ""B""",UEMC CBC VALLADOLID,9,P. ISERN MAZA,19.375,34.343999999999994,False,1,CULTURAL Y DEPORTIVA LEONESA,False
COPA ESPAÑA,"FASE DE GRUPOS ""B""",UEMC CBC VALLADOLID,10,I. ORDOÑEZ OCHOA,13.680599999999998,58.9184,False,1,CULTURAL Y DEPORTIVA LEONESA,False
COPA ESPAÑA,"FASE DE GRUPOS ""B""",UEMC CBC VALLADOLID,12,P. MARTIN MARTIN,11.875,15.602800000000002,False,1,CULTURAL Y DEPORTIVA LEONESA,False
COPA ESPAÑA,"FASE DE GRUPOS ""B""",UEMC CBC VALLADOLID,99,M. OCHI,12.5,53.617,True,1,CULTURAL Y DEPORTIVA LEONESA,False
COPA ESPAÑA,"FASE DE GRUPOS ""B""",UEMC CBC VALLADOLID,2,J. HANNA,11.944400000000002,61.8972,False,1,CULTURAL Y DEPORTIVA LEONESA,False
COPA ESPAÑA,"FASE DE GRUPOS ""B""",UEMC CBC VALLADOLID,12,P. MARTIN MARTIN,11.875,53.8653,False,1,CULTURAL Y DEPORTIVA LEONESA,False
COPA ESPAÑA,"FASE DE GRUPOS ""B""",UEMC CBC VALLADOLID,9,P. ISERN MAZA,13.8194,61.0638,False,1,CULTURAL Y DEPORTIVA LEONESA,False
COPA ESPAÑA,"FASE DE GRUPOS ""B""",UEMC CBC VALLADOLID,2,J. HANNA,20.625,32.854600000000005,False,1,CULTURAL Y DEPORTIVA LEONESA,False
COPA ESPAÑA,"FASE DE GRUPOS ""B""",UEMC CBC VALLADOLID,99,M. OCHI,14.8611,35.7447,False,1,CULTURAL Y DEPORTIVA LEONESA,False
COPA ESPAÑA,"FASE DE GRUPOS ""B""",UEMC CBC VALLADOLID,12,P. MARTIN MARTIN,13.2639,55.4787,False,1,CULTURAL Y DEPORTIVA LEONESA,False
COPA ESPAÑA,"FASE DE GRUPOS ""B""",UEMC CBC VALLADOLID,9,P. ISERN MAZA,12.638900000000007,45.6383,True,1,CULTURAL Y DEPORTIVA LEONESA,False
COPA ESPAÑA,"FASE DE GRUPOS ""B""",UEMC CBC VALLADOLID,5,J. GARCIA-ABRIL GUERRERO,20.4861,90.8511,True,1,CULTURAL Y DEPORTIVA LEONESA,False
COPA ESPAÑA,"FASE DE GRUPOS ""B""",UEMC CBC VALLADOLID,7,J. RODRIGUEZ NERI,10.694400000000002,43.7766,True,1,CULTURAL Y DEPORTIVA LEONESA,False
COPA ESPAÑA,"FASE DE GRUPOS ""B""",UEMC CBC VALLADOLID,3,I. HANEY,12.6389,43.9362,True,1,CULTURAL Y DEPORTIVA LEONESA,False
COPA ESPAÑA,"FASE DE GRUPOS ""B""",UEMC CBC VALLADOLID,99,M. OCHI,35.13890000000001,43.156,False,1,CULTURAL Y DEPORTIVA LEONESA,False
COPA ESPAÑA,"FASE DE GRUPOS ""B""",UEMC CBC VALLADOLID,3,I. HANEY,16.388900000000007,47.5,True,1,CULTURAL Y DEPORTIVA LEONESA,False
COPA ESPAÑA,"FASE DE GRUPOS ""B""",UEMC CBC VALLADOLID,1,S. TAIWO,12.7778,40.7979,True,1,CULTURAL Y DEPORTIVA LEONESA,False
COPA ESPAÑA,"FASE DE GRUPOS ""B""",UEMC CBC VALLADOLID,3,I. HANEY,13.8889,41.2057,True,1,CULTURAL Y DEPORTIVA LEONESA,False
COPA ESPAÑA,"FASE DE GRUPOS ""B""",UEMC CBC VALLADOLID,1,S. TAIWO,31.25,72.3227,False,1,CULTURAL Y DEPORTIVA LEONESA,False
COPA ESPAÑA,"FASE DE GRUPOS ""B""",UEMC CBC VALLADOLID,99,M. OCHI,32.5,65.4078,False,1,CULTURAL Y DEPORTIVA LEONESA,False
COPA ESPAÑA,"FASE DE GRUPOS ""B""",UEMC CBC VALLADOLID,10,I. ORDOÑEZ OCHOA,15.3472,53.1206,True,1,CULTURAL Y DEPORTIVA LEONESA,False
COPA ESPAÑA,"FASE DE GRUPOS ""B""",UEMC CBC VALLADOLID,9,P. ISERN MAZA,34.0972,48.617,False,1,CULTURAL Y DEPORTIVA LEONESA,False
COPA ESPAÑA,"FASE DE GRUPOS ""B""",UEMC CBC VALLADOLID,1,S. TAIWO,13.333299999999994,56.3121,True,1,CULTURAL Y DEPORTIVA LEONESA,False
COPA ESPAÑA,"FASE DE GRUPOS ""B""",UEMC CBC VALLADOLID,3,I. HANEY,13.6111,93.8298,False,1,CULTURAL Y DEPORTIVA LEONESA,False
COPA ESPAÑA,"FASE DE GRUPOS ""B""",UEMC CBC VALLADOLID,3,I. HANEY,12.916700000000006,46.1347,False,1,CULTURAL Y DEPORTIVA LEONESA,False
COPA ESPAÑA,"FASE DE GRUPOS ""B""",UEMC CBC VALLADOLID,2,J. HANNA,12.638900000000007,59.9113,False,1,CULTURAL Y DEPORTIVA LEONESA,False
COPA ESPAÑA,"FASE DE GRUPOS ""B""",CULTURAL Y DEPORTIVA LEONESA,7,P. ORENGA IMAZ,12.1528,45.5496,True,2,CÍRCULO GIJÓN BALONCESTO,True
COPA ESPAÑA,"FASE DE GRUPOS ""B""",CULTURAL Y DEPORTIVA LEONESA,5,D. HAYMAN,8.40278,56.5957,True,2,CÍRCULO GIJÓN BALONCESTO,True
COPA ESPAÑA,"FASE DE GRUPOS ""B""",CULTURAL Y DEPORTIVA LEONESA,5,D. HAYMAN,23.6806,49.734,False,2,CÍRCULO GIJÓN BALONCESTO,True
COPA ESPAÑA,"FASE DE GRUPOS ""B""",CULTURAL Y DEPORTIVA LEONESA,17,M. AMADASUN,7.777799999999999,56.0638,False,2,CÍRCULO GIJÓN BALONCESTO,True
COPA ESPAÑA,"FASE DE GRUPOS ""B""",CULTURAL Y DEPORTIVA LEONESA,33,R. LLAMAS MARTINEZ,9.23611,43.9362,False,2,CÍRCULO GIJÓN BALONCESTO,True
COPA ESPAÑA,"FASE DE GRUPOS ""B""",CULTURAL Y DEPORTIVA LEONESA,5,D. HAYMAN,24.4444,89.6986,True,2,CÍRCULO GIJÓN BALONCESTO,True
COPA ESPAÑA,"FASE DE GRUPOS ""B""",CULTURAL Y DEPORTIVA LEONESA,23,E. VAN DER HEIJDEN,22.638900000000007,52.7128,False,2,CÍRCULO GIJÓN BALONCESTO,True
COPA ESPAÑA,"FASE DE GRUPOS ""B""",CULTURAL Y DEPORTIVA LEONESA,0,M. DENG,11.3889,44.3085,True,2,CÍRCULO GIJÓN BALONCESTO,True
COPA ESPAÑA,"FASE DE GRUPOS ""B""",CULTURAL Y DEPORTIVA LEONESA,33,R. LLAMAS MARTINEZ,7.777799999999999,94.53901,False,2,CÍRCULO GIJÓN BALONCESTO,True
COPA ESPAÑA,"FASE DE GRUPOS ""B""",CULTURAL Y DEPORTIVA LEONESA,17,M. AMADASUN,23.75,30.0355,True,2,CÍRCULO GIJÓN BALONCESTO,True
COPA ESPAÑA,"FASE DE GRUPOS ""B""",CULTURAL Y DEPORTIVA LEONESA,17,M. AMADASUN,12.7778,45.1773,False,2,CÍRCULO GIJÓN BALONCESTO,True
COPA ESPAÑA,"FASE DE GRUPOS ""B""",CULTURAL Y DEPORTIVA LEONESA,32,J. LLAMAS PRADO,13.1944,49.3972,False,2,CÍRCULO GIJÓN BALONCESTO,True
COPA ESPAÑA,"FASE DE GRUPOS ""B""",CULTURAL Y DEPORTIVA LEONESA,33,R. LLAMAS MARTINEZ,10.625,42.5709,True,2,CÍRCULO GIJÓN BALONCESTO,True
COPA ESPAÑA,"FASE DE GRUPOS ""B""",CULTURAL Y DEPORTIVA LEONESA,33,R. LLAMAS MARTINEZ,9.58333,44.805,True,2,CÍRCULO GIJÓN BALONCESTO,True
COPA ESPAÑA,"FASE DE GRUPOS ""B""",CULTURAL Y DEPORTIVA LEONESA,23,E. VAN DER HEIJDEN,9.51389,42.8191,True,2,CÍRCULO GIJÓN BALONCESTO,True
COPA ESPAÑA,"FASE DE GRUPOS ""B""",CULTURAL Y DEPORTIVA LEONESA,32,J. LLAMAS PRADO,29.0972,80.6383,False,2,CÍRCULO GIJÓN BALONCESTO,True
COPA ESPAÑA,"FASE DE GRUPOS ""B""",CULTURAL Y DEPORTIVA LEONESA,17,M. AMADASUN,9.236099999999993,56.1879,True,2,CÍRCULO GIJÓN BALONCESTO,True
COPA ESPAÑA,"FASE DE GRUPOS ""B""",CULTURAL Y DEPORTIVA LEONESA,0,M. DENG,23.0556,8.06738,False,2,CÍRCULO GIJÓN BALONCESTO,True
COPA ESPAÑA,"FASE DE GRUPOS ""B""",CULTURAL Y DEPORTIVA LEONESA,11,D. CEBOLLA PORCAR,13.4722,48.2447,True,2,CÍRCULO GIJÓN BALONCESTO,True
COPA ESPAÑA,"FASE DE GRUPOS ""B""",CULTURAL Y DEPORTIVA LEONESA,5,D. HAYMAN,6.805599999999998,94.41489,False,2,CÍRCULO GIJÓN BALONCESTO,True
COPA ESPAÑA,"FASE DE GRUPOS ""B""",CULTURAL Y DEPORTIVA LEONESA,17,M. AMADASUN,17.2917,45.7979,False,2,CÍRCULO GIJÓN BALONCESTO,True
COPA ESPAÑA,"FASE DE GRUPOS ""B""",CULTURAL Y DEPORTIVA LEONESA,5,D. HAYMAN,11.9444,47.9078,True,2,CÍRCULO GIJÓN BALONCESTO,True
COPA ESPAÑA,"FASE DE GRUPOS ""B""",CULTURAL Y DEPORTIVA LEONESA,17,M. AMADASUN,7.986099999999993,42.9078,False,2,CÍRCULO GIJÓN BALONCESTO,True
COPA ESPAÑA,"FASE DE GRUPOS ""B""",CULTURAL Y DEPORTIVA LEONESA,17,M. AMADASUN,14.7222,42.4468,False,2,CÍRCULO GIJÓN BALONCESTO,True
COPA ESPAÑA,"FASE DE GRUPOS ""B""",CULTURAL Y DEPORTIVA LEONESA,32,J. LLAMAS PRADO,7.777799999999999,46.6312,True,2,CÍRCULO GIJÓN BALONCESTO,True
COPA ESPAÑA,"FASE DE GRUPOS ""B""",CULTURAL Y DEPORTIVA LEONESA,17,M. AMADASUN,20.625,28.9184,False,2,CÍRCULO GIJÓN BALONCESTO,True
COPA ESPAÑA,"FASE DE GRUPOS ""B""",CULTURAL Y DEPORTIVA LEONESA,33,R. LLAMAS MARTINEZ,23.9583,3.35106,False,2,CÍRCULO GIJÓN BALONCESTO,True
COPA ESPAÑA,"FASE DE GRUPOS ""B""",CULTURAL Y DEPORTIVA LEONESA,11,D. CEBOLLA PORCAR,9.6528,38.6879,True,2,CÍRCULO GIJÓN BALONCESTO,True
COPA ESPAÑA,"FASE DE GRUPOS ""B""",CULTURAL Y DEPORTIVA LEONESA,32,J. LLAMAS PRADO,10.3472,53.617,True,2,CÍRCULO GIJÓN BALONCESTO,True
COPA ESPAÑA,"FASE DE GRUPOS ""B""",CULTURAL Y DEPORTIVA LEONESA,33,R. LLAMAS MARTINEZ,31.3194,21.2234,True,2,CÍRCULO GIJÓN BALONCESTO,True
COPA ESPAÑA,"FASE DE GRUPOS ""B""",CULTURAL Y DEPORTIVA LEONESA,17,M. AMADASUN,10.1389,55.8511,True,2,CÍRCULO GIJÓN BALONCESTO,True
COPA ESPAÑA,"FASE DE GRUPOS ""B""",CULTURAL Y DEPORTIVA LEONESA,7,P. ORENGA IMAZ,11.111099999999993,55.3191,False,2,CÍRCULO GIJÓN BALONCESTO,True
COPA ESPAÑA,"FASE DE GRUPOS ""B""",CULTURAL Y DEPORTIVA LEONESA,32,J. LLAMAS PRADO,26.3889,87.5,False,2,CÍRCULO GIJÓN BALONCESTO,True
COPA ESPAÑA,"FASE DE GRUPOS ""B""",CULTURAL Y DEPORTIVA LEONESA,0,M. DENG,10.6944,42.0745,True,2,CÍRCULO GIJÓN BALONCESTO,True
COPA ESPAÑA,"FASE DE GRUPOS ""B""",CULTURAL Y DEPORTIVA LEONESA,0,M. DENG,6.875,41.6667,False,2,CÍRCULO GIJÓN BALONCESTO,True
COPA ESPAÑA,"FASE DE GRUPOS ""B""",CULTURAL Y DEPORTIVA LEONESA,5,D. HAYMAN,14.2361,48.7766,False,2,CÍRCULO GIJÓN BALONCESTO,True
COPA ESPAÑA,"FASE DE GRUPOS ""B""",CULTURAL Y DEPORTIVA LEONESA,13,A. DOMINGUEZ ESPELT,10.7639,60.3191,False,2,CÍRCULO GIJÓN BALONCESTO,True
COPA ESPAÑA,"FASE DE GRUPOS ""B""",CULTURAL Y DEPORTIVA LEONESA,13,A. DOMINGUEZ ESPELT,29.513900000000007,17.216300000000004,True,2,CÍRCULO GIJÓN BALONCESTO,True
COPA ESPAÑA,"FASE DE GRUPOS ""B""",CULTURAL Y DEPORTIVA LEONESA,32,J. LLAMAS PRADO,11.805599999999998,49.734,True,2,CÍRCULO GIJÓN BALONCESTO,True
COPA ESPAÑA,"FASE DE GRUPOS ""B""",CULTURAL Y DEPORTIVA LEONESA,23,E. VAN DER HEIJDEN,11.875,92.4645,False,2,CÍRCULO GIJÓN BALONCESTO,True
COPA ESPAÑA,"FASE DE GRUPOS ""B""",CULTURAL Y DEPORTIVA LEONESA,11,D. CEBOLLA PORCAR,8.95833,43.8121,False,2,CÍRCULO GIJÓN BALONCESTO,True
COPA ESPAÑA,"FASE DE GRUPOS ""B""",CULTURAL Y DEPORTIVA LEONESA,5,D. HAYMAN,29.9306,79.0603,False,2,CÍRCULO GIJÓN BALONCESTO,True
COPA ESPAÑA,"FASE DE GRUPOS ""B""",CULTURAL Y DEPORTIVA LEONESA,17,M. AMADASUN,9.513900000000007,42.2872,False,2,CÍRCULO GIJÓN BALONCESTO,True
COPA ESPAÑA,"FASE DE GRUPOS ""B""",CULTURAL Y DEPORTIVA LEONESA,17,M. AMADASUN,11.1111,46.7908,True,2,CÍRCULO GIJÓN BALONCESTO,True
COPA ESPAÑA,"FASE DE GRUPOS ""B""",CULTURAL Y DEPORTIVA LEONESA,5,D. HAYMAN,7.5,40.3014,True,2,CÍRCULO GIJÓN BALONCESTO,True
COPA ESPAÑA,"FASE DE GRUPOS ""B""",CULTURAL Y DEPORTIVA LEONESA,0,M. DENG,22.4306,10.141800000000003,False,2,CÍRCULO GIJÓN BALONCESTO,True
COPA ESPAÑA,"FASE DE GRUPOS ""B""",CULTURAL Y DEPORTIVA LEONESA,33,R. LLAMAS MARTINEZ,10.9028,51.2589,False,2,CÍRCULO GIJÓN BALONCESTO,True
COPA ESPAÑA,"FASE DE GRUPOS ""B""",CULTURAL Y DEPORTIVA LEONESA,0,M. DENG,5.416700000000006,42.5355,True,2,CÍRCULO GIJÓN BALONCESTO,True
COPA ESPAÑA,"FASE DE GRUPOS ""B""",CULTURAL Y DEPORTIVA LEONESA,7,P. ORENGA IMAZ,9.58333,50.266,True,2,CÍRCULO GIJÓN BALONCESTO,True
COPA ESPAÑA,"FASE DE GRUPOS ""B""",CULTURAL Y DEPORTIVA LEONESA,11,D. CEBOLLA PORCAR,30.0,78.2801,False,2,CÍRCULO GIJÓN BALONCESTO,True
COPA ESPAÑA,"FASE DE GRUPOS ""B""",CULTURAL Y DEPORTIVA LEONESA,11,D. CEBOLLA PORCAR,14.375,38.1028,False,2,CÍRCULO GIJÓN BALONCESTO,True
COPA ESPAÑA,"FASE DE GRUPOS ""B""",CULTURAL Y DEPORTIVA LEONESA,23,E. VAN DER HEIJDEN,13.1944,74.4681,False,2,CÍRCULO GIJÓN BALONCESTO,True
COPA ESPAÑA,"FASE DE GRUPOS ""B""",CULTURAL Y DEPORTIVA LEONESA,23,E. VAN DER HEIJDEN,26.5278,83.6525,False,2,CÍRCULO GIJÓN BALONCESTO,True
COPA ESPAÑA,"FASE DE GRUPOS ""B""",CULTURAL Y DEPORTIVA LEONESA,5,D. HAYMAN,10.6944,44.3085,True,2,CÍRCULO GIJÓN BALONCESTO,True
COPA ESPAÑA,"FASE DE GRUPOS ""B""",CULTURAL Y DEPORTIVA LEONESA,17,M. AMADASUN,23.125,48.9894,True,2,CÍRCULO GIJÓN BALONCESTO,True
COPA ESPAÑA,"FASE DE GRUPOS ""B""",CULTURAL Y DEPORTIVA LEONESA,23,E. VAN DER HEIJDEN,33.8194,26.276600000000002,False,2,CÍRCULO GIJÓN BALONCESTO,True
COPA ESPAÑA,"FASE DE GRUPOS ""B""",CULTURAL Y DEPORTIVA LEONESA,11,D. CEBOLLA PORCAR,26.9444,83.9894,False,2,CÍRCULO GIJÓN BALONCESTO,True
COPA ESPAÑA,"FASE DE GRUPOS ""B""",CULTURAL Y DEPORTIVA LEONESA,17,M. AMADASUN,8.95833,43.8121,False,2,CÍRCULO GIJÓN BALONCESTO,True
COPA ESPAÑA,"FASE DE GRUPOS ""B""",CULTURAL Y DEPORTIVA LEONESA,0,M. DENG,11.3889,93.0851,False,2,CÍRCULO GIJÓN BALONCESTO,True
COPA ESPAÑA,"FASE DE GRUPOS ""B""",CULTURAL Y DEPORTIVA LEONESA,23,E. VAN DER HEIJDEN,8.888900000000007,93.17376,False,2,CÍRCULO GIJÓN BALONCESTO,True
COPA ESPAÑA,"FASE DE GRUPOS ""B""",CULTURAL Y DEPORTIVA LEONESA,11,D. CEBOLLA PORCAR,9.7222,51.0993,True,2,CÍRCULO GIJÓN BALONCESTO,True
COPA ESPAÑA,"FASE DE GRUPOS ""B""",CULTURAL Y DEPORTIVA LEONESA,5,D. HAYMAN,20.416700000000006,92.30496,False,2,CÍRCULO GIJÓN BALONCESTO,True
COPA ESPAÑA,"FASE DE GRUPOS ""B""",CULTURAL Y DEPORTIVA LEONESA,33,R. LLAMAS MARTINEZ,9.236099999999993,54.8227,False,2,CÍRCULO GIJÓN BALONCESTO,True
COPA ESPAÑA,"FASE DE GRUPOS ""B""",CULTURAL Y DEPORTIVA LEONESA,17,M. AMADASUN,15.8333,46.5426,True,2,CÍRCULO GIJÓN BALONCESTO,True
COPA ESPAÑA,"FASE DE GRUPOS ""B""",CULTURAL Y DEPORTIVA LEONESA,0,M. DENG,35.2778,69.0071,False,2,CÍRCULO GIJÓN BALONCESTO,True
COPA ESPAÑA,"FASE DE GRUPOS ""B""",CULTURAL Y DEPORTIVA LEONESA,13,A. DOMINGUEZ ESPELT,32.6389,67.2695,False,2,CÍRCULO GIJÓN BALONCESTO,True
COPA ESPAÑA,"FASE DE GRUPOS ""B""",CULTURAL Y DEPORTIVA LEONESA,32,J. LLAMAS PRADO,34.5139,51.0106,False,2,CÍRCULO GIJÓN BALONCESTO,True
COPA ESPAÑA,"FASE DE GRUPOS ""B""",CULTURAL Y DEPORTIVA LEONESA,33,R. LLAMAS MARTINEZ,10.4861,43.4397,False,2,CÍRCULO GIJÓN BALONCESTO,True
COPA ESPAÑA,"FASE DE GRUPOS ""B""",CULTURAL Y DEPORTIVA LEONESA,32,J. LLAMAS PRADO,10.555599999999998,74.0603,False,2,CÍRCULO GIJÓN BALONCESTO,True
COPA ESPAÑA,"FASE DE GRUPOS ""B""",CULTURAL Y DEPORTIVA LEONESA,17,M. AMADASUN,25.0,50.8865,False,2,CÍRCULO GIJÓN BALONCESTO,True
COPA ESPAÑA,"FASE DE GRUPOS ""B""",CULTURAL Y DEPORTIVA LEONESA,17,M. AMADASUN,7.5,42.7837,False,2,CÍRCULO GIJÓN BALONCESTO,True
COPA ESPAÑA,"FASE DE GRUPOS ""B""",CULTURAL Y DEPORTIVA LEONESA,10,D. BULTO CASTILLO,19.0972,8.404300000000006,False,2,CÍRCULO GIJÓN BALONCESTO,True
COPA ESPAÑA,"FASE DE GRUPOS ""B""",CULTURAL Y DEPORTIVA LEONESA,7,P. ORENGA IMAZ,8.194400000000002,38.9362,False,2,CÍRCULO GIJÓN BALONCESTO,True
COPA ESPAÑA,"FASE DE GRUPOS ""B""",CULTURAL Y DEPORTIVA LEONESA,32,J. LLAMAS PRADO,27.8472,83.3688,False,2,CÍRCULO GIJÓN BALONCESTO,True
COPA ESPAÑA,"FASE DE GRUPOS ""B""",CULTURAL Y DEPORTIVA LEONESA,32,J. LLAMAS PRADO,31.3194,74.2199,False,2,CÍRCULO GIJÓN BALONCESTO,True
COPA ESPAÑA,"FASE DE GRUPOS ""B""",CULTURAL Y DEPORTIVA LEONESA,17,M. AMADASUN,15.208299999999994,76.0461,False,2,CÍRCULO GIJÓN BALONCESTO,True
COPA ESPAÑA,"FASE DE GRUPOS ""B""",CULTURAL Y DEPORTIVA LEONESA,33,R. LLAMAS MARTINEZ,9.375,46.2943,True,2,CÍRCULO GIJÓN BALONCESTO,True
COPA ESPAÑA,"FASE DE GRUPOS ""B""",CULTURAL Y DEPORTIVA LEONESA,0,M. DENG,13.75,49.6454,False,2,CÍRCULO GIJÓN BALONCESTO,True
COPA ESPAÑA,"FASE DE GRUPOS ""B""",CULTURAL Y DEPORTIVA LEONESA,0,M. DENG,30.0,84.9823,True,2,CÍRCULO GIJÓN BALONCESTO,True
COPA ESPAÑA,"FASE DE GRUPOS ""B""",CULTURAL Y DEPORTIVA LEONESA,7,P. ORENGA IMAZ,30.9028,32.606399999999994,True,2,CÍRCULO GIJÓN BALONCESTO,True
COPA ESPAÑA,"FASE DE GRUPOS ""B""",CULTURAL Y DEPORTIVA LEONESA,23,E. VAN DER HEIJDEN,11.1806,56.5957,True,2,CÍRCULO GIJÓN BALONCESTO,True
COPA ESPAÑA,"FASE DE GRUPOS ""B""",CULTURAL Y DEPORTIVA LEONESA,11,D. CEBOLLA PORCAR,11.5972,55.8511,True,2,CÍRCULO GIJÓN BALONCESTO,True
COPA ESPAÑA,"FASE DE GRUPOS ""B""",CULTURAL Y DEPORTIVA LEONESA,10,D. BULTO CASTILLO,8.125,42.4113,False,2,CÍRCULO GIJÓN BALONCESTO,True
COPA ESPAÑA,"FASE DE GRUPOS ""B""",CULTURAL Y DEPORTIVA LEONESA,23,E. VAN DER HEIJDEN,16.6667,30.0355,False,2,CÍRCULO GIJÓN BALONCESTO,True
COPA ESPAÑA,"FASE DE GRUPOS ""B""",CULTURAL Y DEPORTIVA LEONESA,0,M. DENG,31.5278,29.0426,False,2,CÍRCULO GIJÓN BALONCESTO,True
COPA ESPAÑA,"FASE DE GRUPOS ""B""",CÍRCULO GIJÓN BALONCESTO,5,S. FRANCO GARCIA,9.444400000000002,58.0496,False,2,CULTURAL Y DEPORTIVA LEONESA,False
COPA ESPAÑA,"FASE DE GRUPOS ""B""",CÍRCULO GIJÓN BALONCESTO,7,G. ARCOS GONZALEZ,32.98609999999999,76.5426,False,2,CULTURAL Y DEPORTIVA LEONESA,False
COPA ESPAÑA,"FASE DE GRUPOS ""B""",CÍRCULO GIJÓN BALONCESTO,7,G. ARCOS GONZALEZ,24.791700000000006,48.9894,False,2,CULTURAL Y DEPORTIVA LEONESA,False
COPA ESPAÑA,"FASE DE GRUPOS ""B""",CÍRCULO GIJÓN BALONCESTO,3,T. PIERRE PHILIPPE,30.0694,75.7979,False,2,CULTURAL Y DEPORTIVA LEONESA,False
COPA ESPAÑA,"FASE DE GRUPOS ""B""",CÍRCULO GIJÓN BALONCESTO,21,J. MENENDEZ GARCIA,18.4722,23.3333,True,2,CULTURAL Y DEPORTIVA LEONESA,False
COPA ESPAÑA,"FASE DE GRUPOS ""B""",CÍRCULO GIJÓN BALONCESTO,5,S. FRANCO GARCIA,17.0139,93.7057,False,2,CULTURAL Y DEPORTIVA LEONESA,False
COPA ESPAÑA,"FASE DE GRUPOS ""B""",CÍRCULO GIJÓN BALONCESTO,1,J. REILLY,8.194400000000002,41.5426,False,2,CULTURAL Y DEPORTIVA LEONESA,False
COPA ESPAÑA,"FASE DE GRUPOS ""B""",CÍRCULO GIJÓN BALONCESTO,21,J. MENENDEZ GARCIA,14.6528,82.2872,True,2,CULTURAL Y DEPORTIVA LEONESA,False
COPA ESPAÑA,"FASE DE GRUPOS ""B""",CÍRCULO GIJÓN BALONCESTO,6,S. IDRIS IGENE,17.0833,29.7872,False,2,CULTURAL Y DEPORTIVA LEONESA,False
COPA ESPAÑA,"FASE DE GRUPOS ""B""",CÍRCULO GIJÓN BALONCESTO,1,J. REILLY,29.4444,81.383,False,2,CULTURAL Y DEPORTIVA LEONESA,False
COPA ESPAÑA,"FASE DE GRUPOS ""B""",CÍRCULO GIJÓN BALONCESTO,1,J. REILLY,25.486099999999993,89.6986,False,2,CULTURAL Y DEPORTIVA LEONESA,False
COPA ESPAÑA,"FASE DE GRUPOS ""B""",CÍRCULO GIJÓN BALONCESTO,7,G. ARCOS GONZALEZ,9.79167,55.8511,True,2,CULTURAL Y DEPORTIVA LEONESA,False
COPA ESPAÑA,"FASE DE GRUPOS ""B""",CÍRCULO GIJÓN BALONCESTO,7,G. ARCOS GONZALEZ,19.4444,76.3298,False,2,CULTURAL Y DEPORTIVA LEONESA,False
COPA ESPAÑA,"FASE DE GRUPOS ""B""",CÍRCULO GIJÓN BALONCESTO,68,A. DIAZ FERREIRA,8.54167,53.617,True,2,CULTURAL Y DEPORTIVA LEONESA,False
COPA ESPAÑA,"FASE DE GRUPOS ""B""",CÍRCULO GIJÓN BALONCESTO,7,G. ARCOS GONZALEZ,10.625,51.8794,True,2,CULTURAL Y DEPORTIVA LEONESA,False
COPA ESPAÑA,"FASE DE GRUPOS ""B""",CÍRCULO GIJÓN BALONCESTO,5,S. FRANCO GARCIA,8.125,56.9681,True,2,CULTURAL Y DEPORTIVA LEONESA,False
COPA ESPAÑA,"FASE DE GRUPOS ""B""",CÍRCULO GIJÓN BALONCESTO,0,D. RAMÍREZ SÁNCHEZ,9.791700000000006,56.9326,False,2,CULTURAL Y DEPORTIVA LEONESA,False
COPA ESPAÑA,"FASE DE GRUPOS ""B""",CÍRCULO GIJÓN BALONCESTO,1,J. REILLY,34.375,67.23400000000001,True,2,CULTURAL Y DEPORTIVA LEONESA,False
COPA ESPAÑA,"FASE DE GRUPOS ""B""",CÍRCULO GIJÓN BALONCESTO,15,S. BARROS GARCIA,33.1944,72.8546,False,2,CULTURAL Y DEPORTIVA LEONESA,False
COPA ESPAÑA,"FASE DE GRUPOS ""B""",CÍRCULO GIJÓN BALONCESTO,3,T. PIERRE PHILIPPE,6.527799999999999,39.3085,True,2,CULTURAL Y DEPORTIVA LEONESA,False
COPA ESPAÑA,"FASE DE GRUPOS ""B""",CÍRCULO GIJÓN BALONCESTO,3,T. PIERRE PHILIPPE,13.1944,46.5426,True,2,CULTURAL Y DEPORTIVA LEONESA,False
COPA ESPAÑA,"FASE DE GRUPOS ""B""",CÍRCULO GIJÓN BALONCESTO,68,A. DIAZ FERREIRA,12.7083,46.4184,True,2,CULTURAL Y DEPORTIVA LEONESA,False
COPA ESPAÑA,"FASE DE GRUPOS ""B""",CÍRCULO GIJÓN BALONCESTO,1,J. REILLY,10.2778,42.0745,False,2,CULTURAL Y DEPORTIVA LEONESA,False
COPA ESPAÑA,"FASE DE GRUPOS ""B""",CÍRCULO GIJÓN BALONCESTO,0,D. RAMÍREZ SÁNCHEZ,30.3472,19.6099,False,2,CULTURAL Y DEPORTIVA LEONESA,False
COPA ESPAÑA,"FASE DE GRUPOS ""B""",CÍRCULO GIJÓN BALONCESTO,21,J. MENENDEZ GARCIA,31.5972,77.2872,False,2,CULTURAL Y DEPORTIVA LEONESA,False
COPA ESPAÑA,"FASE DE GRUPOS ""B""",CÍRCULO GIJÓN BALONCESTO,3,T. PIERRE PHILIPPE,33.3333,34.6277,False,2,CULTURAL Y DEPORTIVA LEONESA,False
COPA ESPAÑA,"FASE DE GRUPOS ""B""",CÍRCULO GIJÓN BALONCESTO,12,M. OKAFOR AUGUSTIN,9.58333,45.1773,True,2,CULTURAL Y DEPORTIVA LEONESA,False
COPA ESPAÑA,"FASE DE GRUPOS ""B""",CÍRCULO GIJÓN BALONCESTO,5,S. FRANCO GARCIA,14.4444,83.6525,False,2,CULTURAL Y DEPORTIVA LEONESA,False
COPA ESPAÑA,"FASE DE GRUPOS ""B""",CÍRCULO GIJÓN BALONCESTO,5,S. FRANCO GARCIA,7.013900000000007,42.2872,True,2,CULTURAL Y DEPORTIVA LEONESA,False
COPA ESPAÑA,"FASE DE GRUPOS ""B""",CÍRCULO GIJÓN BALONCESTO,21,J. MENENDEZ GARCIA,10.9028,47.6596,False,2,CULTURAL Y DEPORTIVA LEONESA,False
COPA ESPAÑA,"FASE DE GRUPOS ""B""",CÍRCULO GIJÓN BALONCESTO,21,J. MENENDEZ GARCIA,10.6944,51.5071,False,2,CULTURAL Y DEPORTIVA LEONESA,False
COPA ESPAÑA,"FASE DE GRUPOS ""B""",CÍRCULO GIJÓN BALONCESTO,7,G. ARCOS GONZALEZ,10.9722,54.6986,True,2,CULTURAL Y DEPORTIVA LEONESA,False
COPA ESPAÑA,"FASE DE GRUPOS ""B""",CÍRCULO GIJÓN BALONCESTO,7,G. ARCOS GONZALEZ,10.833299999999994,52.3404,True,2,CULTURAL Y DEPORTIVA LEONESA,False
COPA ESPAÑA,"FASE DE GRUPOS ""B""",CÍRCULO GIJÓN BALONCESTO,7,G. ARCOS GONZALEZ,10.9028,46.9149,False,2,CULTURAL Y DEPORTIVA LEONESA,False
COPA ESPAÑA,"FASE DE GRUPOS ""B""",CÍRCULO GIJÓN BALONCESTO,12,M. OKAFOR AUGUSTIN,7.638900000000007,41.0461,False,2,CULTURAL Y DEPORTIVA LEONESA,False
COPA ESPAÑA,"FASE DE GRUPOS ""B""",CÍRCULO GIJÓN BALONCESTO,21,J. MENENDEZ GARCIA,10.6944,55.6028,True,2,CULTURAL Y DEPORTIVA LEONESA,False
COPA ESPAÑA,"FASE DE GRUPOS ""B""",CÍRCULO GIJÓN BALONCESTO,21,J. MENENDEZ GARCIA,12.2222,46.0461,True,2,CULTURAL Y DEPORTIVA LEONESA,False
COPA ESPAÑA,"FASE DE GRUPOS ""B""",CÍRCULO GIJÓN BALONCESTO,15,S. BARROS GARCIA,11.5278,42.039,False,2,CULTURAL Y DEPORTIVA LEONESA,False
COPA ESPAÑA,"FASE DE GRUPOS ""B""",CÍRCULO GIJÓN BALONCESTO,0,D. RAMÍREZ SÁNCHEZ,33.125,33.2624,False,2,CULTURAL Y DEPORTIVA LEONESA,False
COPA ESPAÑA,"FASE DE GRUPOS ""B""",CÍRCULO GIJÓN BALONCESTO,3,T. PIERRE PHILIPPE,10.625,92.3404,False,2,CULTURAL Y DEPORTIVA LEONESA,False
COPA ESPAÑA,"FASE DE GRUPOS ""B""",CÍRCULO GIJÓN BALONCESTO,5,S. FRANCO GARCIA,30.3472,76.7908,True,2,CULTURAL Y DEPORTIVA LEONESA,False
COPA ESPAÑA,"FASE DE GRUPOS ""B""",CÍRCULO GIJÓN BALONCESTO,1,J. REILLY,7.361099999999993,41.1702,True,2,CULTURAL Y DEPORTIVA LEONESA,False
COPA ESPAÑA,"FASE DE GRUPOS ""B""",CÍRCULO GIJÓN BALONCESTO,21,J. MENENDEZ GARCIA,7.638900000000007,41.0461,True,2,CULTURAL Y DEPORTIVA LEONESA,False
COPA ESPAÑA,"FASE DE GRUPOS ""B""",CÍRCULO GIJÓN BALONCESTO,5,S. FRANCO GARCIA,22.708299999999994,10.514200000000002,True,2,CULTURAL Y DEPORTIVA LEONESA,False
COPA ESPAÑA,"FASE DE GRUPOS ""B""",CÍRCULO GIJÓN BALONCESTO,12,M. OKAFOR AUGUSTIN,33.541700000000006,72.81909999999999,False,2,CULTURAL Y DEPORTIVA LEONESA,False
COPA ESPAÑA,"FASE DE GRUPOS ""B""",CÍRCULO GIJÓN BALONCESTO,23,J. LUIS,8.541700000000006,53.5816,True,2,CULTURAL Y DEPORTIVA LEONESA,False
COPA ESPAÑA,"FASE DE GRUPOS ""B""",CÍRCULO GIJÓN BALONCESTO,21,J. MENENDEZ GARCIA,24.6528,62.3936,False,2,CULTURAL Y DEPORTIVA LEONESA,False
COPA ESPAÑA,"FASE DE GRUPOS ""B""",CÍRCULO GIJÓN BALONCESTO,15,S. BARROS GARCIA,12.291700000000006,54.9468,False,2,CULTURAL Y DEPORTIVA LEONESA,False
COPA ESPAÑA,"FASE DE GRUPOS ""B""",CÍRCULO GIJÓN BALONCESTO,7,G. ARCOS GONZALEZ,32.7778,61.1525,True,2,CULTURAL Y DEPORTIVA LEONESA,False
COPA ESPAÑA,"FASE DE GRUPOS ""B""",CÍRCULO GIJÓN BALONCESTO,12,M. OKAFOR AUGUSTIN,13.888900000000007,48.3688,False,2,CULTURAL Y DEPORTIVA LEONESA,False
COPA ESPAÑA,"FASE DE GRUPOS ""B""",CÍRCULO GIJÓN BALONCESTO,1,J. REILLY,8.81944,91.2234,False,2,CULTURAL Y DEPORTIVA LEONESA,False
COPA ESPAÑA,"FASE DE GRUPOS ""B""",CÍRCULO GIJÓN BALONCESTO,3,T. PIERRE PHILIPPE,16.0417,42.9433,False,2,CULTURAL Y DEPORTIVA LEONESA,False
COPA ESPAÑA,"FASE DE GRUPOS ""B""",CÍRCULO GIJÓN BALONCESTO,21,J. MENENDEZ GARCIA,8.333299999999994,43.156,False,2,CULTURAL Y DEPORTIVA LEONESA,False
COPA ESPAÑA,"FASE DE GRUPOS ""B""",CÍRCULO GIJÓN BALONCESTO,3,T. PIERRE PHILIPPE,14.2361,42.4468,False,2,CULTURAL Y DEPORTIVA LEONESA,False
COPA ESPAÑA,"FASE DE GRUPOS ""B""",CÍRCULO GIJÓN BALONCESTO,21,J. MENENDEZ GARCIA,32.98609999999999,76.5426,False,2,CULTURAL Y DEPORTIVA LEONESA,False
COPA ESPAÑA,"FASE DE GRUPOS ""B""",CÍRCULO GIJÓN BALONCESTO,21,J. MENENDEZ GARCIA,8.125,56.2234,False,2,CULTURAL Y DEPORTIVA LEONESA,False
COPA ESPAÑA,"FASE DE GRUPOS ""B""",CÍRCULO GIJÓN BALONCESTO,3,T. PIERRE PHILIPPE,14.375,73.5638,False,2,CULTURAL Y DEPORTIVA LEONESA,False
COPA ESPAÑA,"FASE DE GRUPOS ""B""",CÍRCULO GIJÓN BALONCESTO,0,D. RAMÍREZ SÁNCHEZ,11.944400000000002,47.3759,False,2,CULTURAL Y DEPORTIVA LEONESA,False
COPA ESPAÑA,"FASE DE GRUPOS ""B""",CÍRCULO GIJÓN BALONCESTO,21,J. MENENDEZ GARCIA,12.0833,54.734,False,2,CULTURAL Y DEPORTIVA LEONESA,False
COPA ESPAÑA,"FASE DE GRUPOS ""B""",CÍRCULO GIJÓN BALONCESTO,1,J. REILLY,28.75,10.3014,False,2,CULTURAL Y DEPORTIVA LEONESA,False
COPA ESPAÑA,"FASE DE GRUPOS ""B""",CÍRCULO GIJÓN BALONCESTO,23,J. LUIS,8.055599999999998,6.790800000000004,False,2,CULTURAL Y DEPORTIVA LEONESA,False
COPA ESPAÑA,"FASE DE GRUPOS ""B""",CÍRCULO GIJÓN BALONCESTO,15,S. BARROS GARCIA,23.4722,46.7553,False,2,CULTURAL Y DEPORTIVA LEONESA,False
COPA ESPAÑA,"FASE DE GRUPOS ""B""",CÍRCULO GIJÓN BALONCESTO,23,J. LUIS,30.3472,23.421999999999997,False,2,CULTURAL Y DEPORTIVA LEONESA,False
COPA ESPAÑA,"FASE DE GRUPOS ""B""",CÍRCULO GIJÓN BALONCESTO,12,M. OKAFOR AUGUSTIN,13.125,44.1844,False,2,CULTURAL Y DEPORTIVA LEONESA,False
COPA ESPAÑA,"FASE DE GRUPOS ""B""",CÍRCULO GIJÓN BALONCESTO,68,A. DIAZ FERREIRA,9.791700000000006,56.9326,False,2,CULTURAL Y DEPORTIVA LEONESA,False
COPA ESPAÑA,"FASE DE GRUPOS ""B""",CÍRCULO GIJÓN BALONCESTO,1,J. REILLY,11.666700000000006,50.9752,True,2,CULTURAL Y DEPORTIVA LEONESA,False
COPA ESPAÑA,"FASE DE GRUPOS ""B""",CÍRCULO GIJÓN BALONCESTO,23,J. LUIS,15.9028,46.9149,False,3,UEMC CBC VALLADOLID,True
COPA ESPAÑA,"FASE DE GRUPOS ""B""",CÍRCULO GIJÓN BALONCESTO,1,J. REILLY,16.388900000000007,46.8794,True,3,UEMC CBC VALLADOLID,True
COPA ESPAÑA,"FASE DE GRUPOS ""B""",CÍRCULO GIJÓN BALONCESTO,7,G. ARCOS GONZALEZ,7.847200000000001,48.7411,True,3,UEMC CBC VALLADOLID,True
COPA ESPAÑA,"FASE DE GRUPOS ""B""",CÍRCULO GIJÓN BALONCESTO,5,S. FRANCO GARCIA,22.9167,13.0319,False,3,UEMC CBC VALLADOLID,True
COPA ESPAÑA,"FASE DE GRUPOS ""B""",CÍRCULO GIJÓN BALONCESTO,7,G. ARCOS GONZALEZ,16.5278,48.8653,False,3,UEMC CBC VALLADOLID,True
COPA ESPAÑA,"FASE DE GRUPOS ""B""",CÍRCULO GIJÓN BALONCESTO,23,J. LUIS,27.4306,83.0319,True,3,UEMC CBC VALLADOLID,True
COPA ESPAÑA,"FASE DE GRUPOS ""B""",CÍRCULO GIJÓN BALONCESTO,23,J. LUIS,12.7778,41.2057,False,3,UEMC CBC VALLADOLID,True
COPA ESPAÑA,"FASE DE GRUPOS ""B""",CÍRCULO GIJÓN BALONCESTO,3,T. PIERRE PHILIPPE,15.5556,39.9645,False,3,UEMC CBC VALLADOLID,True
COPA ESPAÑA,"FASE DE GRUPOS ""B""",CÍRCULO GIJÓN BALONCESTO,23,J. LUIS,33.61109999999999,56.9326,False,3,UEMC CBC VALLADOLID,True
COPA ESPAÑA,"FASE DE GRUPOS ""B""",CÍRCULO GIJÓN BALONCESTO,0,D. RAMÍREZ SÁNCHEZ,11.736099999999993,49.734,False,3,UEMC CBC VALLADOLID,True
COPA ESPAÑA,"FASE DE GRUPOS ""B""",CÍRCULO GIJÓN BALONCESTO,3,T. PIERRE PHILIPPE,11.25,50.1064,False,3,UEMC CBC VALLADOLID,True
COPA ESPAÑA,"FASE DE GRUPOS ""B""",CÍRCULO GIJÓN BALONCESTO,1,J. REILLY,25.2083,17.3759,False,3,UEMC CBC VALLADOLID,True
COPA ESPAÑA,"FASE DE GRUPOS ""B""",CÍRCULO GIJÓN BALONCESTO,1,J. REILLY,27.7778,79.0248,False,3,UEMC CBC VALLADOLID,True
COPA ESPAÑA,"FASE DE GRUPOS ""B""",CÍRCULO GIJÓN BALONCESTO,5,S. FRANCO GARCIA,27.5694,77.4468,True,3,UEMC CBC VALLADOLID,True
COPA ESPAÑA,"FASE DE GRUPOS ""B""",CÍRCULO GIJÓN BALONCESTO,1,J. REILLY,26.1806,81.6667,True,3,UEMC CBC VALLADOLID,True
COPA ESPAÑA,"FASE DE GRUPOS ""B""",CÍRCULO GIJÓN BALONCESTO,7,G. ARCOS GONZALEZ,16.736099999999993,47.7482,False,3,UEMC CBC VALLADOLID,True
COPA ESPAÑA,"FASE DE GRUPOS ""B""",CÍRCULO GIJÓN BALONCESTO,5,S. FRANCO GARCIA,30.0,74.68090000000001,False,3,UEMC CBC VALLADOLID,True
COPA ESPAÑA,"FASE DE GRUPOS ""B""",CÍRCULO GIJÓN BALONCESTO,3,T. PIERRE PHILIPPE,14.444400000000002,48.8653,False,3,UEMC CBC VALLADOLID,True
COPA ESPAÑA,"FASE DE GRUPOS ""B""",CÍRCULO GIJÓN BALONCESTO,1,J. REILLY,30.625,75.2128,True,3,UEMC CBC VALLADOLID,True
COPA ESPAÑA,"FASE DE GRUPOS ""B""",CÍRCULO GIJÓN BALONCESTO,1,J. REILLY,28.4028,78.8121,False,3,UEMC CBC VALLADOLID,True
COPA ESPAÑA,"FASE DE GRUPOS ""B""",CÍRCULO GIJÓN BALONCESTO,5,S. FRANCO GARCIA,27.7083,19.4858,False,3,UEMC CBC VALLADOLID,True
COPA ESPAÑA,"FASE DE GRUPOS ""B""",CÍRCULO GIJÓN BALONCESTO,15,S. BARROS GARCIA,9.16667,49.273,True,3,UEMC CBC VALLADOLID,True
COPA ESPAÑA,"FASE DE GRUPOS ""B""",CÍRCULO GIJÓN BALONCESTO,3,T. PIERRE PHILIPPE,33.4722,51.6312,True,3,UEMC CBC VALLADOLID,True
COPA ESPAÑA,"FASE DE GRUPOS ""B""",CÍRCULO GIJÓN BALONCESTO,1,J. REILLY,23.75,28.0496,False,3,UEMC CBC VALLADOLID,True
COPA ESPAÑA,"FASE DE GRUPOS ""B""",CÍRCULO GIJÓN BALONCESTO,0,D. RAMÍREZ SÁNCHEZ,13.819400000000002,51.9681,False,3,UEMC CBC VALLADOLID,True
COPA ESPAÑA,"FASE DE GRUPOS ""B""",CÍRCULO GIJÓN BALONCESTO,6,S. IDRIS IGENE,29.4444,22.677300000000002,False,3,UEMC CBC VALLADOLID,True
COPA ESPAÑA,"FASE DE GRUPOS ""B""",CÍRCULO GIJÓN BALONCESTO,7,G. ARCOS GONZALEZ,14.0972,49.9823,False,3,UEMC CBC VALLADOLID,True
COPA ESPAÑA,"FASE DE GRUPOS ""B""",CÍRCULO GIJÓN BALONCESTO,12,M. OKAFOR AUGUSTIN,11.388900000000007,52.5887,False,3,UEMC CBC VALLADOLID,True
COPA ESPAÑA,"FASE DE GRUPOS ""B""",CÍRCULO GIJÓN BALONCESTO,3,T. PIERRE PHILIPPE,13.125,50.6383,False,3,UEMC CBC VALLADOLID,True
COPA ESPAÑA,"FASE DE GRUPOS ""B""",CÍRCULO GIJÓN BALONCESTO,5,S. FRANCO GARCIA,10.9028,50.1418,True,3,UEMC CBC VALLADOLID,True
COPA ESPAÑA,"FASE DE GRUPOS ""B""",CÍRCULO GIJÓN BALONCESTO,21,J. MENENDEZ GARCIA,11.111099999999993,54.3262,False,3,UEMC CBC VALLADOLID,True
COPA ESPAÑA,"FASE DE GRUPOS ""B""",CÍRCULO GIJÓN BALONCESTO,3,T. PIERRE PHILIPPE,15.6944,52.8723,False,3,UEMC CBC VALLADOLID,True
COPA ESPAÑA,"FASE DE GRUPOS ""B""",CÍRCULO GIJÓN BALONCESTO,1,J. REILLY,32.98609999999999,40.1773,False,3,UEMC CBC VALLADOLID,True
COPA ESPAÑA,"FASE DE GRUPOS ""B""",CÍRCULO GIJÓN BALONCESTO,3,T. PIERRE PHILIPPE,10.9722,50.1064,True,3,UEMC CBC VALLADOLID,True
COPA ESPAÑA,"FASE DE GRUPOS ""B""",CÍRCULO GIJÓN BALONCESTO,1,J. REILLY,22.7083,25.4433,True,3,UEMC CBC VALLADOLID,True
COPA ESPAÑA,"FASE DE GRUPOS ""B""",CÍRCULO GIJÓN BALONCESTO,68,A. DIAZ FERREIRA,10.694400000000002,48.9894,True,3,UEMC CBC VALLADOLID,True
COPA ESPAÑA,"FASE DE GRUPOS ""B""",CÍRCULO GIJÓN BALONCESTO,3,T. PIERRE PHILIPPE,32.98609999999999,64.6277,True,3,UEMC CBC VALLADOLID,True
COPA ESPAÑA,"FASE DE GRUPOS ""B""",CÍRCULO GIJÓN BALONCESTO,1,J. REILLY,26.8056,18.3688,False,3,UEMC CBC VALLADOLID,True
COPA ESPAÑA,"FASE DE GRUPOS ""B""",CÍRCULO GIJÓN BALONCESTO,0,D. RAMÍREZ SÁNCHEZ,28.958299999999994,73.5638,False,3,UEMC CBC VALLADOLID,True
COPA ESPAÑA,"FASE DE GRUPOS ""B""",CÍRCULO GIJÓN BALONCESTO,7,G. ARCOS GONZALEZ,33.4722,61.1525,False,3,UEMC CBC VALLADOLID,True
COPA ESPAÑA,"FASE DE GRUPOS ""B""",CÍRCULO GIJÓN BALONCESTO,21,J. MENENDEZ GARCIA,14.0972,47.9078,False,3,UEMC CBC VALLADOLID,True
COPA ESPAÑA,"FASE DE GRUPOS ""B""",CÍRCULO GIJÓN BALONCESTO,1,J. REILLY,27.986099999999993,78.4043,False,3,UEMC CBC VALLADOLID,True
COPA ESPAÑA,"FASE DE GRUPOS ""B""",CÍRCULO GIJÓN BALONCESTO,21,J. MENENDEZ GARCIA,11.25,49.3617,True,3,UEMC CBC VALLADOLID,True
COPA ESPAÑA,"FASE DE GRUPOS ""B""",CÍRCULO GIJÓN BALONCESTO,5,S. FRANCO GARCIA,18.541700000000006,57.0567,False,3,UEMC CBC VALLADOLID,True
COPA ESPAÑA,"FASE DE GRUPOS ""B""",CÍRCULO GIJÓN BALONCESTO,1,J. REILLY,13.0556,47.7837,True,3,UEMC CBC VALLADOLID,True
COPA ESPAÑA,"FASE DE GRUPOS ""B""",CÍRCULO GIJÓN BALONCESTO,21,J. MENENDEZ GARCIA,13.541700000000006,52.961,True,3,UEMC CBC VALLADOLID,True
COPA ESPAÑA,"FASE DE GRUPOS ""B""",CÍRCULO GIJÓN BALONCESTO,68,A. DIAZ FERREIRA,15.9028,47.9078,True,3,UEMC CBC VALLADOLID,True
COPA ESPAÑA,"FASE DE GRUPOS ""B""",CÍRCULO GIJÓN BALONCESTO,6,S. IDRIS IGENE,10.9722,50.6028,False,3,UEMC CBC VALLADOLID,True
COPA ESPAÑA,"FASE DE GRUPOS ""B""",CÍRCULO GIJÓN BALONCESTO,3,T. PIERRE PHILIPPE,10.5556,47.5355,True,3,UEMC CBC VALLADOLID,True
COPA ESPAÑA,"FASE DE GRUPOS ""B""",CÍRCULO GIJÓN BALONCESTO,3,T. PIERRE PHILIPPE,10.5556,49.5213,True,3,UEMC CBC VALLADOLID,True
COPA ESPAÑA,"FASE DE GRUPOS ""B""",CÍRCULO GIJÓN BALONCESTO,0,D. RAMÍREZ SÁNCHEZ,25.6944,80.6383,False,3,UEMC CBC VALLADOLID,True
COPA ESPAÑA,"FASE DE GRUPOS ""B""",CÍRCULO GIJÓN BALONCESTO,1,J. REILLY,23.75,28.5461,True,3,UEMC CBC VALLADOLID,True
COPA ESPAÑA,"FASE DE GRUPOS ""B""",CÍRCULO GIJÓN BALONCESTO,5,S. FRANCO GARCIA,14.1667,41.8262,False,3,UEMC CBC VALLADOLID,True
COPA ESPAÑA,"FASE DE GRUPOS ""B""",CÍRCULO GIJÓN BALONCESTO,15,S. BARROS GARCIA,32.5,47.9965,False,3,UEMC CBC VALLADOLID,True
COPA ESPAÑA,"FASE DE GRUPOS ""B""",CÍRCULO GIJÓN BALONCESTO,23,J. LUIS,15.833299999999994,49.1135,False,3,UEMC CBC VALLADOLID,True
COPA ESPAÑA,"FASE DE GRUPOS ""B""",CÍRCULO GIJÓN BALONCESTO,3,T. PIERRE PHILIPPE,12.7083,47.9078,False,3,UEMC CBC VALLADOLID,True
COPA ESPAÑA,"FASE DE GRUPOS ""B""",CÍRCULO GIJÓN BALONCESTO,15,S. BARROS GARCIA,23.4722,33.3511,True,3,UEMC CBC VALLADOLID,True
COPA ESPAÑA,"FASE DE GRUPOS ""B""",CÍRCULO GIJÓN BALONCESTO,7,G. ARCOS GONZALEZ,12.638900000000007,51.3475,False,3,UEMC CBC VALLADOLID,True
COPA ESPAÑA,"FASE DE GRUPOS ""B""",CÍRCULO GIJÓN BALONCESTO,15,S. BARROS GARCIA,28.125,80.0532,False,3,UEMC CBC VALLADOLID,True
COPA ESPAÑA,"FASE DE GRUPOS ""B""",CÍRCULO GIJÓN BALONCESTO,5,S. FRANCO GARCIA,27.7778,79.0603,False,3,UEMC CBC VALLADOLID,True
COPA ESPAÑA,"FASE DE GRUPOS ""B""",CÍRCULO GIJÓN BALONCESTO,15,S. BARROS GARCIA,25.7639,83.7766,False,3,UEMC CBC VALLADOLID,True
COPA ESPAÑA,"FASE DE GRUPOS ""B""",CÍRCULO GIJÓN BALONCESTO,1,J. REILLY,29.0278,25.195,True,3,UEMC CBC VALLADOLID,True
COPA ESPAÑA,"FASE DE GRUPOS ""B""",CÍRCULO GIJÓN BALONCESTO,15,S. BARROS GARCIA,9.51389,43.4397,False,3,UEMC CBC VALLADOLID,True
COPA ESPAÑA,"FASE DE GRUPOS ""B""",CÍRCULO GIJÓN BALONCESTO,7,G. ARCOS GONZALEZ,11.805599999999998,51.0993,True,3,UEMC CBC VALLADOLID,True
COPA ESPAÑA,"FASE DE GRUPOS ""B""",CÍRCULO GIJÓN BALONCESTO,7,G. ARCOS GONZALEZ,13.4722,49.734,False,3,UEMC CBC VALLADOLID,True
COPA ESPAÑA,"FASE DE GRUPOS ""B""",CÍRCULO GIJÓN BALONCESTO,21,J. MENENDEZ GARCIA,9.0278,50.727,True,3,UEMC CBC VALLADOLID,True
COPA ESPAÑA,"FASE DE GRUPOS ""B""",CÍRCULO GIJÓN BALONCESTO,15,S. BARROS GARCIA,27.3611,79.5567,True,3,UEMC CBC VALLADOLID,True
COPA ESPAÑA,"FASE DE GRUPOS ""B""",CÍRCULO GIJÓN BALONCESTO,0,D. RAMÍREZ SÁNCHEZ,26.3194,16.6312,True,3,UEMC CBC VALLADOLID,True
COPA ESPAÑA,"FASE DE GRUPOS ""B""",CÍRCULO GIJÓN BALONCESTO,15,S. BARROS GARCIA,14.5833,44.0603,False,3,UEMC CBC VALLADOLID,True
COPA ESPAÑA,"FASE DE GRUPOS ""B""",CÍRCULO GIJÓN BALONCESTO,3,T. PIERRE PHILIPPE,29.6528,26.276600000000002,False,3,UEMC CBC VALLADOLID,True
COPA ESPAÑA,"FASE DE GRUPOS ""B""",CÍRCULO GIJÓN BALONCESTO,5,S. FRANCO GARCIA,24.861099999999993,47.8723,False,3,UEMC CBC VALLADOLID,True
COPA ESPAÑA,"FASE DE GRUPOS ""B""",CÍRCULO GIJÓN BALONCESTO,5,S. FRANCO GARCIA,24.0972,14.485799999999998,False,3,UEMC CBC VALLADOLID,True
COPA ESPAÑA,"FASE DE GRUPOS ""B""",CÍRCULO GIJÓN BALONCESTO,3,T. PIERRE PHILIPPE,10.1389,50.266,True,3,UEMC CBC VALLADOLID,True
COPA ESPAÑA,"FASE DE GRUPOS ""B""",CÍRCULO GIJÓN BALONCESTO,0,D. RAMÍREZ SÁNCHEZ,28.888900000000007,20.567400000000006,False,3,UEMC CBC VALLADOLID,True
COPA ESPAÑA,"FASE DE GRUPOS ""B""",CÍRCULO GIJÓN BALONCESTO,23,J. LUIS,10.9028,52.0922,True,3,UEMC CBC VALLADOLID,True
COPA ESPAÑA,"FASE DE GRUPOS ""B""",CÍRCULO GIJÓN BALONCESTO,1,J. REILLY,24.5833,12.9078,True,3,UEMC CBC VALLADOLID,True
COPA ESPAÑA,"FASE DE GRUPOS ""B""",CÍRCULO GIJÓN BALONCESTO,3,T. PIERRE PHILIPPE,25.763900000000007,17.588700000000003,False,3,UEMC CBC VALLADOLID,True
COPA ESPAÑA,"FASE DE GRUPOS ""B""",CÍRCULO GIJÓN BALONCESTO,1,J. REILLY,27.013900000000007,18.457400000000007,False,3,UEMC CBC VALLADOLID,True
COPA ESPAÑA,"FASE DE GRUPOS ""B""",CÍRCULO GIJÓN BALONCESTO,3,T. PIERRE PHILIPPE,13.4028,44.6809,True,3,UEMC CBC VALLADOLID,True
COPA ESPAÑA,"FASE DE GRUPOS ""B""",CÍRCULO GIJÓN BALONCESTO,5,S. FRANCO GARCIA,27.4306,83.0319,False,3,UEMC CBC VALLADOLID,True
COPA ESPAÑA,"FASE DE GRUPOS ""B""",CÍRCULO GIJÓN BALONCESTO,6,S. IDRIS IGENE,28.125,21.3121,True,3,UEMC CBC VALLADOLID,True
COPA ESPAÑA,"FASE DE GRUPOS ""B""",UEMC CBC VALLADOLID,99,M. OCHI,12.638900000000007,56.1879,False,3,CÍRCULO GIJÓN BALONCESTO,False
COPA ESPAÑA,"FASE DE GRUPOS ""B""",UEMC CBC VALLADOLID,12,P. MARTIN MARTIN,9.72222,50.7624,True,3,CÍRCULO GIJÓN BALONCESTO,False
COPA ESPAÑA,"FASE DE GRUPOS ""B""",UEMC CBC VALLADOLID,99,M. OCHI,32.708299999999994,41.0461,False,3,CÍRCULO GIJÓN BALONCESTO,False
COPA ESPAÑA,"FASE DE GRUPOS ""B""",UEMC CBC VALLADOLID,5,J. GARCIA-ABRIL GUERRERO,32.291700000000006,60.9043,False,3,CÍRCULO GIJÓN BALONCESTO,False
COPA ESPAÑA,"FASE DE GRUPOS ""B""",UEMC CBC VALLADOLID,1,S. TAIWO,6.52778,51.0106,True,3,CÍRCULO GIJÓN BALONCESTO,False
COPA ESPAÑA,"FASE DE GRUPOS ""B""",UEMC CBC VALLADOLID,3,I. HANEY,32.7778,64.9113,True,3,CÍRCULO GIJÓN BALONCESTO,False
COPA ESPAÑA,"FASE DE GRUPOS ""B""",UEMC CBC VALLADOLID,10,I. ORDOÑEZ OCHOA,27.9861,80.922,False,3,CÍRCULO GIJÓN BALONCESTO,False
COPA ESPAÑA,"FASE DE GRUPOS ""B""",UEMC CBC VALLADOLID,6,P. MARIN FONTAN,27.361099999999993,17.961,False,3,CÍRCULO GIJÓN BALONCESTO,False
COPA ESPAÑA,"FASE DE GRUPOS ""B""",UEMC CBC VALLADOLID,8,P. CARREÑO VIDAL,8.88889,50.7624,True,3,CÍRCULO GIJÓN BALONCESTO,False
COPA ESPAÑA,"FASE DE GRUPOS ""B""",UEMC CBC VALLADOLID,11,I. HANSEN GUTIERREZ,26.041700000000006,18.581599999999995,True,3,CÍRCULO GIJÓN BALONCESTO,False
COPA ESPAÑA,"FASE DE GRUPOS ""B""",UEMC CBC VALLADOLID,10,I. ORDOÑEZ OCHOA,9.513900000000007,49.8582,False,3,CÍRCULO GIJÓN BALONCESTO,False
COPA ESPAÑA,"FASE DE GRUPOS ""B""",UEMC CBC VALLADOLID,10,I. ORDOÑEZ OCHOA,12.361099999999993,48.7411,True,3,CÍRCULO GIJÓN BALONCESTO,False
COPA ESPAÑA,"FASE DE GRUPOS ""B""",UEMC CBC VALLADOLID,2,J. HANNA,9.16667,47.1631,True,3,CÍRCULO GIJÓN BALONCESTO,False
COPA ESPAÑA,"FASE DE GRUPOS ""B""",UEMC CBC VALLADOLID,3,I. HANEY,10.1389,52.2518,False,3,CÍRCULO GIJÓN BALONCESTO,False
COPA ESPAÑA,"FASE DE GRUPOS ""B""",UEMC CBC VALLADOLID,3,I. HANEY,12.7778,50.9752,True,3,CÍRCULO GIJÓN BALONCESTO,False
COPA ESPAÑA,"FASE DE GRUPOS ""B""",UEMC CBC VALLADOLID,3,I. HANEY,27.7778,75.6738,False,3,CÍRCULO GIJÓN BALONCESTO,False
COPA ESPAÑA,"FASE DE GRUPOS ""B""",UEMC CBC VALLADOLID,3,I. HANEY,12.916700000000006,48.1206,False,3,CÍRCULO GIJÓN BALONCESTO,False
COPA ESPAÑA,"FASE DE GRUPOS ""B""",UEMC CBC VALLADOLID,8,P. CARREÑO VIDAL,11.0417,52.0035,False,3,CÍRCULO GIJÓN BALONCESTO,False
COPA ESPAÑA,"FASE DE GRUPOS ""B""",UEMC CBC VALLADOLID,6,P. MARIN FONTAN,12.2222,52.2518,True,3,CÍRCULO GIJÓN BALONCESTO,False
COPA ESPAÑA,"FASE DE GRUPOS ""B""",UEMC CBC VALLADOLID,5,J. GARCIA-ABRIL GUERRERO,11.0417,48.6525,False,3,CÍRCULO GIJÓN BALONCESTO,False
COPA ESPAÑA,"FASE DE GRUPOS ""B""",UEMC CBC VALLADOLID,12,P. MARTIN MARTIN,25.486099999999993,79.273,True,3,CÍRCULO GIJÓN BALONCESTO,False
COPA ESPAÑA,"FASE DE GRUPOS ""B""",UEMC CBC VALLADOLID,5,J. GARCIA-ABRIL GUERRERO,27.9167,22.0922,False,3,CÍRCULO GIJÓN BALONCESTO,False
COPA ESPAÑA,"FASE DE GRUPOS ""B""",UEMC CBC VALLADOLID,2,J. HANNA,10.3472,49.4858,True,3,CÍRCULO GIJÓN BALONCESTO,False
COPA ESPAÑA,"FASE DE GRUPOS ""B""",UEMC CBC VALLADOLID,8,P. CARREÑO VIDAL,9.6528,50.2305,True,3,CÍRCULO GIJÓN BALONCESTO,False
COPA ESPAÑA,"FASE DE GRUPOS ""B""",UEMC CBC VALLADOLID,6,P. MARIN FONTAN,34.1667,30.9043,True,3,CÍRCULO GIJÓN BALONCESTO,False
COPA ESPAÑA,"FASE DE GRUPOS ""B""",UEMC CBC VALLADOLID,11,I. HANSEN GUTIERREZ,10.2778,48.1206,True,3,CÍRCULO GIJÓN BALONCESTO,False
COPA ESPAÑA,"FASE DE GRUPOS ""B""",UEMC CBC VALLADOLID,10,I. ORDOÑEZ OCHOA,33.125,40.1773,False,3,CÍRCULO GIJÓN BALONCESTO,False
COPA ESPAÑA,"FASE DE GRUPOS ""B""",UEMC CBC VALLADOLID,2,J. HANNA,12.2222,51.3475,True,3,CÍRCULO GIJÓN BALONCESTO,False
COPA ESPAÑA,"FASE DE GRUPOS ""B""",UEMC CBC VALLADOLID,3,I. HANEY,14.791700000000006,50.727,False,3,CÍRCULO GIJÓN BALONCESTO,False
COPA ESPAÑA,"FASE DE GRUPOS ""B""",UEMC CBC VALLADOLID,10,I. ORDOÑEZ OCHOA,25.625,80.1418,True,3,CÍRCULO GIJÓN BALONCESTO,False
COPA ESPAÑA,"FASE DE GRUPOS ""B""",UEMC CBC VALLADOLID,3,I. HANEY,8.88889,48.6525,False,3,CÍRCULO GIJÓN BALONCESTO,False
COPA ESPAÑA,"FASE DE GRUPOS ""B""",UEMC CBC VALLADOLID,1,S. TAIWO,13.2639,48.156,False,3,CÍRCULO GIJÓN BALONCESTO,False
COPA ESPAÑA,"FASE DE GRUPOS ""B""",UEMC CBC VALLADOLID,10,I. ORDOÑEZ OCHOA,10.0694,50.3901,False,3,CÍRCULO GIJÓN BALONCESTO,False
COPA ESPAÑA,"FASE DE GRUPOS ""B""",UEMC CBC VALLADOLID,10,I. ORDOÑEZ OCHOA,9.791700000000006,48.617,False,3,CÍRCULO GIJÓN BALONCESTO,False
COPA ESPAÑA,"FASE DE GRUPOS ""B""",UEMC CBC VALLADOLID,8,P. CARREÑO VIDAL,12.0833,49.3972,False,3,CÍRCULO GIJÓN BALONCESTO,False
COPA ESPAÑA,"FASE DE GRUPOS ""B""",UEMC CBC VALLADOLID,5,J. GARCIA-ABRIL GUERRERO,25.138900000000007,81.0106,True,3,CÍRCULO GIJÓN BALONCESTO,False
COPA ESPAÑA,"FASE DE GRUPOS ""B""",UEMC CBC VALLADOLID,10,I. ORDOÑEZ OCHOA,9.513900000000007,49.8582,True,3,CÍRCULO GIJÓN BALONCESTO,False
COPA ESPAÑA,"FASE DE GRUPOS ""B""",UEMC CBC VALLADOLID,10,I. ORDOÑEZ OCHOA,8.88889,51.1347,True,3,CÍRCULO GIJÓN BALONCESTO,False
COPA ESPAÑA,"FASE DE GRUPOS ""B""",UEMC CBC VALLADOLID,5,J. GARCIA-ABRIL GUERRERO,8.95833,49.1489,True,3,CÍRCULO GIJÓN BALONCESTO,False
COPA ESPAÑA,"FASE DE GRUPOS ""B""",UEMC CBC VALLADOLID,10,I. ORDOÑEZ OCHOA,10.9028,51.2234,True,3,CÍRCULO GIJÓN BALONCESTO,False
COPA ESPAÑA,"FASE DE GRUPOS ""B""",UEMC CBC VALLADOLID,10,I. ORDOÑEZ OCHOA,11.1806,50.3901,True,3,CÍRCULO GIJÓN BALONCESTO,False
COPA ESPAÑA,"FASE DE GRUPOS ""B""",UEMC CBC VALLADOLID,12,P. MARTIN MARTIN,11.805599999999998,49.2376,True,3,CÍRCULO GIJÓN BALONCESTO,False
COPA ESPAÑA,"FASE DE GRUPOS ""B""",UEMC CBC VALLADOLID,7,J. RODRIGUEZ NERI,12.083299999999994,49.4858,False,3,CÍRCULO GIJÓN BALONCESTO,False
COPA ESPAÑA,"FASE DE GRUPOS ""B""",UEMC CBC VALLADOLID,2,J. HANNA,10.9722,52.7128,False,3,CÍRCULO GIJÓN BALONCESTO,False
COPA ESPAÑA,"FASE DE GRUPOS ""B""",UEMC CBC VALLADOLID,12,P. MARTIN MARTIN,10.486099999999993,51.0993,True,3,CÍRCULO GIJÓN BALONCESTO,False
COPA ESPAÑA,"FASE DE GRUPOS ""B""",UEMC CBC VALLADOLID,6,P. MARIN FONTAN,12.638900000000007,51.844,False,3,CÍRCULO GIJÓN BALONCESTO,False
COPA ESPAÑA,"FASE DE GRUPOS ""B""",UEMC CBC VALLADOLID,6,P. MARIN FONTAN,11.1806,48.7766,True,3,CÍRCULO GIJÓN BALONCESTO,False
COPA ESPAÑA,"FASE DE GRUPOS ""B""",UEMC CBC VALLADOLID,1,S. TAIWO,12.0833,47.1631,True,3,CÍRCULO GIJÓN BALONCESTO,False
COPA ESPAÑA,"FASE DE GRUPOS ""B""",UEMC CBC VALLADOLID,8,P. CARREÑO VIDAL,12.0833,47.1631,False,3,CÍRCULO GIJÓN BALONCESTO,False
COPA ESPAÑA,"FASE DE GRUPOS ""B""",UEMC CBC VALLADOLID,6,P. MARIN FONTAN,11.5278,50.5142,True,3,CÍRCULO GIJÓN BALONCESTO,False
COPA ESPAÑA,"FASE DE GRUPOS ""B""",UEMC CBC VALLADOLID,1,S. TAIWO,10.9722,48.2801,True,3,CÍRCULO GIJÓN BALONCESTO,False
COPA ESPAÑA,"FASE DE GRUPOS ""B""",UEMC CBC VALLADOLID,2,J. HANNA,12.0139,48.156,True,3,CÍRCULO GIJÓN BALONCESTO,False
COPA ESPAÑA,"FASE DE GRUPOS ""B""",UEMC CBC VALLADOLID,7,J. RODRIGUEZ NERI,37.8472,24.911299999999997,False,3,CÍRCULO GIJÓN BALONCESTO,False
COPA ESPAÑA,"FASE DE GRUPOS ""B""",UEMC CBC VALLADOLID,3,I. HANEY,12.013900000000007,49.6099,True,3,CÍRCULO GIJÓN BALONCESTO,False
COPA ESPAÑA,"FASE DE GRUPOS ""B""",UEMC CBC VALLADOLID,99,M. OCHI,11.180599999999998,48.7411,True,3,CÍRCULO GIJÓN BALONCESTO,False
COPA ESPAÑA,"FASE DE GRUPOS ""B""",UEMC CBC VALLADOLID,99,M. OCHI,10.486099999999993,48.617,True,3,CÍRCULO GIJÓN BALONCESTO,False
COPA ESPAÑA,"FASE DE GRUPOS ""B""",UEMC CBC VALLADOLID,3,I. HANEY,12.9167,51.5071,False,3,CÍRCULO GIJÓN BALONCESTO,False
COPA ESPAÑA,"FASE DE GRUPOS ""B""",UEMC CBC VALLADOLID,1,S. TAIWO,10.1389,50.3901,False,3,CÍRCULO GIJÓN BALONCESTO,False
COPA ESPAÑA,"FASE DE GRUPOS ""B""",UEMC CBC VALLADOLID,10,I. ORDOÑEZ OCHOA,23.125,10.5496,False,3,CÍRCULO GIJÓN BALONCESTO,False
COPA ESPAÑA,"FASE DE GRUPOS ""B""",UEMC CBC VALLADOLID,3,I. HANEY,29.7222,26.028400000000005,False,3,CÍRCULO GIJÓN BALONCESTO,False
COPA ESPAÑA,"FASE DE GRUPOS ""B""",UEMC CBC VALLADOLID,1,S. TAIWO,12.638900000000007,48.7411,False,3,CÍRCULO GIJÓN BALONCESTO,False
COPA ESPAÑA,"FASE DE GRUPOS ""B""",UEMC CBC VALLADOLID,99,M. OCHI,11.388900000000007,50.8511,True,3,CÍRCULO GIJÓN BALONCESTO,False
COPA ESPAÑA,"FASE DE GRUPOS ""B""",UEMC CBC VALLADOLID,10,I. ORDOÑEZ OCHOA,17.5694,59.4149,False,3,CÍRCULO GIJÓN BALONCESTO,False
COPA ESPAÑA,"FASE DE GRUPOS ""B""",UEMC CBC VALLADOLID,1,S. TAIWO,11.458299999999994,49.2376,True,3,CÍRCULO GIJÓN BALONCESTO,False
COPA ESPAÑA,"FASE DE GRUPOS ""B""",UEMC CBC VALLADOLID,10,I. ORDOÑEZ OCHOA,10.5556,48.9007,True,3,CÍRCULO GIJÓN BALONCESTO,False
COPA ESPAÑA,"FASE DE GRUPOS ""B""",UEMC CBC VALLADOLID,3,I. HANEY,11.319400000000002,48.3688,False,3,CÍRCULO GIJÓN BALONCESTO,False
COPA ESPAÑA,"FASE DE GRUPOS ""B""",UEMC CBC VALLADOLID,5,J. GARCIA-ABRIL GUERRERO,24.5139,12.5355,True,3,CÍRCULO GIJÓN BALONCESTO,False
COPA ESPAÑA,"FASE DE GRUPOS ""C""",COTO CÓRDOBA CB,4,J. BLACK,31.458299999999994,61.2766,True,1,JAEN PARAÍSO INTERIOR CB,True
COPA ESPAÑA,"FASE DE GRUPOS ""C""",COTO CÓRDOBA CB,7,A. RODRIGUEZ AGUILAR,27.5694,10.266000000000005,False,1,JAEN PARAÍSO INTERIOR CB,True
COPA ESPAÑA,"FASE DE GRUPOS ""C""",COTO CÓRDOBA CB,15,K. SCHUTTE,8.4722,53.3333,True,1,JAEN PARAÍSO INTERIOR CB,True
COPA ESPAÑA,"FASE DE GRUPOS ""C""",COTO CÓRDOBA CB,4,J. BLACK,9.93056,42.9433,True,1,JAEN PARAÍSO INTERIOR CB,True
COPA ESPAÑA,"FASE DE GRUPOS ""C""",COTO CÓRDOBA CB,35,A. ARROYO AGUADO,34.166700000000006,35.709199999999996,False,1,JAEN PARAÍSO INTERIOR CB,True
COPA ESPAÑA,"FASE DE GRUPOS ""C""",COTO CÓRDOBA CB,16,P. SANCHEZ INFANTES,33.8194,42.1631,False,1,JAEN PARAÍSO INTERIOR CB,True
COPA ESPAÑA,"FASE DE GRUPOS ""C""",COTO CÓRDOBA CB,4,J. BLACK,32.2222,81.2589,True,1,JAEN PARAÍSO INTERIOR CB,True
COPA ESPAÑA,"FASE DE GRUPOS ""C""",COTO CÓRDOBA CB,16,P. SANCHEZ INFANTES,22.6389,47.9078,False,1,JAEN PARAÍSO INTERIOR CB,True
COPA ESPAÑA,"FASE DE GRUPOS ""C""",COTO CÓRDOBA CB,10,G. OROZCO DOMINGUEZ,30.625,11.879400000000004,False,1,JAEN PARAÍSO INTERIOR CB,True
COPA ESPAÑA,"FASE DE GRUPOS ""C""",COTO CÓRDOBA CB,1,L. SORENSEN,12.986099999999993,46.1347,True,1,JAEN PARAÍSO INTERIOR CB,True
COPA ESPAÑA,"FASE DE GRUPOS ""C""",COTO CÓRDOBA CB,15,K. SCHUTTE,11.1806,45.922,True,1,JAEN PARAÍSO INTERIOR CB,True
COPA ESPAÑA,"FASE DE GRUPOS ""C""",COTO CÓRDOBA CB,11,A. OROZCO DOMINGUEZ,30.8333,19.6099,False,1,JAEN PARAÍSO INTERIOR CB,True
COPA ESPAÑA,"FASE DE GRUPOS ""C""",COTO CÓRDOBA CB,4,J. BLACK,29.3056,17.4645,False,1,JAEN PARAÍSO INTERIOR CB,True
COPA ESPAÑA,"FASE DE GRUPOS ""C""",COTO CÓRDOBA CB,1,L. SORENSEN,12.3611,37.7305,True,1,JAEN PARAÍSO INTERIOR CB,True
COPA ESPAÑA,"FASE DE GRUPOS ""C""",COTO CÓRDOBA CB,10,G. OROZCO DOMINGUEZ,8.54167,48.4043,True,1,JAEN PARAÍSO INTERIOR CB,True
COPA ESPAÑA,"FASE DE GRUPOS ""C""",COTO CÓRDOBA CB,16,P. SANCHEZ INFANTES,22.6389,32.2695,False,1,JAEN PARAÍSO INTERIOR CB,True
COPA ESPAÑA,"FASE DE GRUPOS ""C""",COTO CÓRDOBA CB,10,G. OROZCO DOMINGUEZ,6.59722,46.4184,True,1,JAEN PARAÍSO INTERIOR CB,True
COPA ESPAÑA,"FASE DE GRUPOS ""C""",COTO CÓRDOBA CB,16,P. SANCHEZ INFANTES,8.888900000000007,50.727,False,1,JAEN PARAÍSO INTERIOR CB,True
COPA ESPAÑA,"FASE DE GRUPOS ""C""",COTO CÓRDOBA CB,15,K. SCHUTTE,7.152799999999999,46.383,True,1,JAEN PARAÍSO INTERIOR CB,True
COPA ESPAÑA,"FASE DE GRUPOS ""C""",COTO CÓRDOBA CB,7,A. RODRIGUEZ AGUILAR,21.9444,90.727,False,1,JAEN PARAÍSO INTERIOR CB,True
COPA ESPAÑA,"FASE DE GRUPOS ""C""",COTO CÓRDOBA CB,7,A. RODRIGUEZ AGUILAR,11.875,45.4255,True,1,JAEN PARAÍSO INTERIOR CB,True
COPA ESPAÑA,"FASE DE GRUPOS ""C""",COTO CÓRDOBA CB,15,K. SCHUTTE,7.63889,47.6596,True,1,JAEN PARAÍSO INTERIOR CB,True
COPA ESPAÑA,"FASE DE GRUPOS ""C""",COTO CÓRDOBA CB,4,J. BLACK,21.8056,92.30496,True,1,JAEN PARAÍSO INTERIOR CB,True
COPA ESPAÑA,"FASE DE GRUPOS ""C""",COTO CÓRDOBA CB,4,J. BLACK,17.4306,27.305,False,1,JAEN PARAÍSO INTERIOR CB,True
COPA ESPAÑA,"FASE DE GRUPOS ""C""",COTO CÓRDOBA CB,4,J. BLACK,7.986099999999993,53.5816,False,1,JAEN PARAÍSO INTERIOR CB,True
COPA ESPAÑA,"FASE DE GRUPOS ""C""",COTO CÓRDOBA CB,10,G. OROZCO DOMINGUEZ,9.93056,48.0319,True,1,JAEN PARAÍSO INTERIOR CB,True
COPA ESPAÑA,"FASE DE GRUPOS ""C""",COTO CÓRDOBA CB,8,S. NDIAYE,6.94444,49.7695,True,1,JAEN PARAÍSO INTERIOR CB,True
COPA ESPAÑA,"FASE DE GRUPOS ""C""",COTO CÓRDOBA CB,10,G. OROZCO DOMINGUEZ,11.944400000000002,46.1347,False,1,JAEN PARAÍSO INTERIOR CB,True
COPA ESPAÑA,"FASE DE GRUPOS ""C""",COTO CÓRDOBA CB,4,J. BLACK,33.125,42.7837,False,1,JAEN PARAÍSO INTERIOR CB,True
COPA ESPAÑA,"FASE DE GRUPOS ""C""",COTO CÓRDOBA CB,4,J. BLACK,30.4167,84.1489,False,1,JAEN PARAÍSO INTERIOR CB,True
COPA ESPAÑA,"FASE DE GRUPOS ""C""",COTO CÓRDOBA CB,7,A. RODRIGUEZ AGUILAR,15.555599999999998,50.3546,False,1,JAEN PARAÍSO INTERIOR CB,True
COPA ESPAÑA,"FASE DE GRUPOS ""C""",COTO CÓRDOBA CB,11,A. OROZCO DOMINGUEZ,13.4722,2.35816,True,1,JAEN PARAÍSO INTERIOR CB,True
COPA ESPAÑA,"FASE DE GRUPOS ""C""",COTO CÓRDOBA CB,4,J. BLACK,32.5694,38.8475,True,1,JAEN PARAÍSO INTERIOR CB,True
COPA ESPAÑA,"FASE DE GRUPOS ""C""",COTO CÓRDOBA CB,8,S. NDIAYE,14.3056,43.6879,False,1,JAEN PARAÍSO INTERIOR CB,True
COPA ESPAÑA,"FASE DE GRUPOS ""C""",COTO CÓRDOBA CB,4,J. BLACK,12.5,45.3014,True,1,JAEN PARAÍSO INTERIOR CB,True
COPA ESPAÑA,"FASE DE GRUPOS ""C""",COTO CÓRDOBA CB,11,A. OROZCO DOMINGUEZ,15.2778,50.9752,False,1,JAEN PARAÍSO INTERIOR CB,True
COPA ESPAÑA,"FASE DE GRUPOS ""C""",COTO CÓRDOBA CB,15,K. SCHUTTE,12.5,53.3333,True,1,JAEN PARAÍSO INTERIOR CB,True
COPA ESPAÑA,"FASE DE GRUPOS ""C""",COTO CÓRDOBA CB,1,L. SORENSEN,23.8889,89.1135,False,1,JAEN PARAÍSO INTERIOR CB,True
COPA ESPAÑA,"FASE DE GRUPOS ""C""",COTO CÓRDOBA CB,10,G. OROZCO DOMINGUEZ,10.6944,44.5567,True,1,JAEN PARAÍSO INTERIOR CB,True
COPA ESPAÑA,"FASE DE GRUPOS ""C""",COTO CÓRDOBA CB,27,F. BELLO MOURE,38.2639,45.266,False,1,JAEN PARAÍSO INTERIOR CB,True
COPA ESPAÑA,"FASE DE GRUPOS ""C""",COTO CÓRDOBA CB,15,K. SCHUTTE,22.2222,48.9894,True,1,JAEN PARAÍSO INTERIOR CB,True
COPA ESPAÑA,"FASE DE GRUPOS ""C""",COTO CÓRDOBA CB,4,J. BLACK,19.3056,48.8653,True,1,JAEN PARAÍSO INTERIOR CB,True
COPA ESPAÑA,"FASE DE GRUPOS ""C""",COTO CÓRDOBA CB,11,A. OROZCO DOMINGUEZ,39.375,44.0248,False,1,JAEN PARAÍSO INTERIOR CB,True
COPA ESPAÑA,"FASE DE GRUPOS ""C""",COTO CÓRDOBA CB,4,J. BLACK,4.027799999999999,53.8298,True,1,JAEN PARAÍSO INTERIOR CB,True
COPA ESPAÑA,"FASE DE GRUPOS ""C""",COTO CÓRDOBA CB,16,P. SANCHEZ INFANTES,36.5278,54.8227,False,1,JAEN PARAÍSO INTERIOR CB,True
COPA ESPAÑA,"FASE DE GRUPOS ""C""",COTO CÓRDOBA CB,4,J. BLACK,36.4583,60.9397,False,1,JAEN PARAÍSO INTERIOR CB,True
COPA ESPAÑA,"FASE DE GRUPOS ""C""",COTO CÓRDOBA CB,4,J. BLACK,22.9167,88.2447,True,1,JAEN PARAÍSO INTERIOR CB,True
COPA ESPAÑA,"FASE DE GRUPOS ""C""",COTO CÓRDOBA CB,7,A. RODRIGUEZ AGUILAR,24.236099999999993,9.769499999999994,False,1,JAEN PARAÍSO INTERIOR CB,True
COPA ESPAÑA,"FASE DE GRUPOS ""C""",COTO CÓRDOBA CB,4,J. BLACK,25.2083,89.6099,False,1,JAEN PARAÍSO INTERIOR CB,True
COPA ESPAÑA,"FASE DE GRUPOS ""C""",COTO CÓRDOBA CB,4,J. BLACK,30.208299999999994,88.5816,True,1,JAEN PARAÍSO INTERIOR CB,True
COPA ESPAÑA,"FASE DE GRUPOS ""C""",COTO CÓRDOBA CB,10,G. OROZCO DOMINGUEZ,20.1389,4.96454,True,1,JAEN PARAÍSO INTERIOR CB,True
COPA ESPAÑA,"FASE DE GRUPOS ""C""",COTO CÓRDOBA CB,10,G. OROZCO DOMINGUEZ,13.611099999999993,53.9539,True,1,JAEN PARAÍSO INTERIOR CB,True
COPA ESPAÑA,"FASE DE GRUPOS ""C""",COTO CÓRDOBA CB,4,J. BLACK,33.4028,44.8936,False,1,JAEN PARAÍSO INTERIOR CB,True
COPA ESPAÑA,"FASE DE GRUPOS ""C""",COTO CÓRDOBA CB,8,S. NDIAYE,24.5833,87.6241,False,1,JAEN PARAÍSO INTERIOR CB,True
COPA ESPAÑA,"FASE DE GRUPOS ""C""",COTO CÓRDOBA CB,90,A. LOPEZ OLANDA,21.458299999999994,53.8298,True,1,JAEN PARAÍSO INTERIOR CB,True
COPA ESPAÑA,"FASE DE GRUPOS ""C""",COTO CÓRDOBA CB,16,P. SANCHEZ INFANTES,24.6528,84.4858,False,1,JAEN PARAÍSO INTERIOR CB,True
COPA ESPAÑA,"FASE DE GRUPOS ""C""",COTO CÓRDOBA CB,1,L. SORENSEN,26.25,88.9894,False,1,JAEN PARAÍSO INTERIOR CB,True
COPA ESPAÑA,"FASE DE GRUPOS ""C""",COTO CÓRDOBA CB,16,P. SANCHEZ INFANTES,21.25,5.549599999999998,False,1,JAEN PARAÍSO INTERIOR CB,True
COPA ESPAÑA,"FASE DE GRUPOS ""C""",COTO CÓRDOBA CB,7,A. RODRIGUEZ AGUILAR,12.916700000000006,49.2376,False,1,JAEN PARAÍSO INTERIOR CB,True
COPA ESPAÑA,"FASE DE GRUPOS ""C""",COTO CÓRDOBA CB,15,K. SCHUTTE,5.20833,44.6809,True,1,JAEN PARAÍSO INTERIOR CB,True
COPA ESPAÑA,"FASE DE GRUPOS ""C""",COTO CÓRDOBA CB,1,L. SORENSEN,11.875,52.0922,True,1,JAEN PARAÍSO INTERIOR CB,True
COPA ESPAÑA,"FASE DE GRUPOS ""C""",COTO CÓRDOBA CB,16,P. SANCHEZ INFANTES,37.4306,33.8475,True,1,JAEN PARAÍSO INTERIOR CB,True
COPA ESPAÑA,"FASE DE GRUPOS ""C""",JAEN PARAÍSO INTERIOR CB,13,J. SANTA BARBARA CARCELEN,29.4444,83.7766,False,1,COTO CÓRDOBA CB,False
COPA ESPAÑA,"FASE DE GRUPOS ""C""",JAEN PARAÍSO INTERIOR CB,16,I. CASAS GARRIDO,35.0694,73.3511,True,1,COTO CÓRDOBA CB,False
COPA ESPAÑA,"FASE DE GRUPOS ""C""",JAEN PARAÍSO INTERIOR CB,6,L. FAIAL,20.6944,57.8014,False,1,COTO CÓRDOBA CB,False
COPA ESPAÑA,"FASE DE GRUPOS ""C""",JAEN PARAÍSO INTERIOR CB,6,L. FAIAL,24.5139,90.1064,False,1,COTO CÓRDOBA CB,False
COPA ESPAÑA,"FASE DE GRUPOS ""C""",JAEN PARAÍSO INTERIOR CB,9,G. BOAHEN,20.0694,6.32979,False,1,COTO CÓRDOBA CB,False
COPA ESPAÑA,"FASE DE GRUPOS ""C""",JAEN PARAÍSO INTERIOR CB,14,A. LOPES MARQUES,21.3194,9.769499999999994,False,1,COTO CÓRDOBA CB,False
COPA ESPAÑA,"FASE DE GRUPOS ""C""",JAEN PARAÍSO INTERIOR CB,9,G. BOAHEN,13.3333,44.6809,False,1,COTO CÓRDOBA CB,False
COPA ESPAÑA,"FASE DE GRUPOS ""C""",JAEN PARAÍSO INTERIOR CB,9,G. BOAHEN,15.486099999999993,56.8085,False,1,COTO CÓRDOBA CB,False
COPA ESPAÑA,"FASE DE GRUPOS ""C""",JAEN PARAÍSO INTERIOR CB,6,L. FAIAL,20.9028,65.0,False,1,COTO CÓRDOBA CB,False
COPA ESPAÑA,"FASE DE GRUPOS ""C""",JAEN PARAÍSO INTERIOR CB,22,J. MORENO POZA,12.291700000000006,48.2447,True,1,COTO CÓRDOBA CB,False
COPA ESPAÑA,"FASE DE GRUPOS ""C""",JAEN PARAÍSO INTERIOR CB,14,A. LOPES MARQUES,12.5694,92.7128,False,1,COTO CÓRDOBA CB,False
COPA ESPAÑA,"FASE DE GRUPOS ""C""",JAEN PARAÍSO INTERIOR CB,16,I. CASAS GARRIDO,34.7917,55.4787,False,1,COTO CÓRDOBA CB,False
COPA ESPAÑA,"FASE DE GRUPOS ""C""",JAEN PARAÍSO INTERIOR CB,5,A. CAÑETE PUENTENUEVA,13.4722,45.1773,False,1,COTO CÓRDOBA CB,False
COPA ESPAÑA,"FASE DE GRUPOS ""C""",JAEN PARAÍSO INTERIOR CB,10,L. RODRIGUEZ DOMINGUEZ,13.1944,51.6312,False,1,COTO CÓRDOBA CB,False
COPA ESPAÑA,"FASE DE GRUPOS ""C""",JAEN PARAÍSO INTERIOR CB,6,L. FAIAL,35.0,36.2411,False,1,COTO CÓRDOBA CB,False
COPA ESPAÑA,"FASE DE GRUPOS ""C""",JAEN PARAÍSO INTERIOR CB,13,J. SANTA BARBARA CARCELEN,31.6667,22.0922,False,1,COTO CÓRDOBA CB,False
COPA ESPAÑA,"FASE DE GRUPOS ""C""",JAEN PARAÍSO INTERIOR CB,16,I. CASAS GARRIDO,10.0694,47.9078,False,1,COTO CÓRDOBA CB,False
COPA ESPAÑA,"FASE DE GRUPOS ""C""",JAEN PARAÍSO INTERIOR CB,9,G. BOAHEN,9.30556,93.8298,False,1,COTO CÓRDOBA CB,False
COPA ESPAÑA,"FASE DE GRUPOS ""C""",JAEN PARAÍSO INTERIOR CB,14,A. LOPES MARQUES,38.2639,55.9397,True,1,COTO CÓRDOBA CB,False
COPA ESPAÑA,"FASE DE GRUPOS ""C""",JAEN PARAÍSO INTERIOR CB,6,L. FAIAL,9.375,44.5567,True,1,COTO CÓRDOBA CB,False
COPA ESPAÑA,"FASE DE GRUPOS ""C""",JAEN PARAÍSO INTERIOR CB,13,J. SANTA BARBARA CARCELEN,30.9722,14.858199999999997,False,1,COTO CÓRDOBA CB,False
COPA ESPAÑA,"FASE DE GRUPOS ""C""",JAEN PARAÍSO INTERIOR CB,14,A. LOPES MARQUES,12.0833,39.4681,True,1,COTO CÓRDOBA CB,False
COPA ESPAÑA,"FASE DE GRUPOS ""C""",JAEN PARAÍSO INTERIOR CB,22,J. MORENO POZA,12.2917,43.9362,False,1,COTO CÓRDOBA CB,False
COPA ESPAÑA,"FASE DE GRUPOS ""C""",JAEN PARAÍSO INTERIOR CB,14,A. LOPES MARQUES,36.4583,60.5319,False,1,COTO CÓRDOBA CB,False
COPA ESPAÑA,"FASE DE GRUPOS ""C""",JAEN PARAÍSO INTERIOR CB,13,J. SANTA BARBARA CARCELEN,11.3194,61.9326,False,1,COTO CÓRDOBA CB,False
COPA ESPAÑA,"FASE DE GRUPOS ""C""",JAEN PARAÍSO INTERIOR CB,16,I. CASAS GARRIDO,11.3889,44.0603,True,1,COTO CÓRDOBA CB,False
COPA ESPAÑA,"FASE DE GRUPOS ""C""",JAEN PARAÍSO INTERIOR CB,10,L. RODRIGUEZ DOMINGUEZ,18.1944,46.383,True,1,COTO CÓRDOBA CB,False
COPA ESPAÑA,"FASE DE GRUPOS ""C""",JAEN PARAÍSO INTERIOR CB,6,L. FAIAL,29.583299999999994,19.2021,False,1,COTO CÓRDOBA CB,False
COPA ESPAÑA,"FASE DE GRUPOS ""C""",JAEN PARAÍSO INTERIOR CB,10,L. RODRIGUEZ DOMINGUEZ,36.3194,55.9397,True,1,COTO CÓRDOBA CB,False
COPA ESPAÑA,"FASE DE GRUPOS ""C""",JAEN PARAÍSO INTERIOR CB,6,L. FAIAL,13.611099999999993,64.2553,True,1,COTO CÓRDOBA CB,False
COPA ESPAÑA,"FASE DE GRUPOS ""C""",JAEN PARAÍSO INTERIOR CB,13,J. SANTA BARBARA CARCELEN,12.4306,24.3262,False,1,COTO CÓRDOBA CB,False
COPA ESPAÑA,"FASE DE GRUPOS ""C""",JAEN PARAÍSO INTERIOR CB,14,A. LOPES MARQUES,15.625,40.9574,False,1,COTO CÓRDOBA CB,False
COPA ESPAÑA,"FASE DE GRUPOS ""C""",JAEN PARAÍSO INTERIOR CB,6,L. FAIAL,28.6806,86.383,False,1,COTO CÓRDOBA CB,False
COPA ESPAÑA,"FASE DE GRUPOS ""C""",JAEN PARAÍSO INTERIOR CB,5,A. CAÑETE PUENTENUEVA,22.2222,7.57092,True,1,COTO CÓRDOBA CB,False
COPA ESPAÑA,"FASE DE GRUPOS ""C""",JAEN PARAÍSO INTERIOR CB,6,L. FAIAL,8.75,50.1064,True,1,COTO CÓRDOBA CB,False
COPA ESPAÑA,"FASE DE GRUPOS ""C""",JAEN PARAÍSO INTERIOR CB,16,I. CASAS GARRIDO,35.2778,59.0426,False,1,COTO CÓRDOBA CB,False
COPA ESPAÑA,"FASE DE GRUPOS ""C""",JAEN PARAÍSO INTERIOR CB,5,A. CAÑETE PUENTENUEVA,26.5278,13.244699999999995,False,1,COTO CÓRDOBA CB,False
COPA ESPAÑA,"FASE DE GRUPOS ""C""",JAEN PARAÍSO INTERIOR CB,5,A. CAÑETE PUENTENUEVA,29.236099999999993,13.368799999999993,False,1,COTO CÓRDOBA CB,False
COPA ESPAÑA,"FASE DE GRUPOS ""C""",JAEN PARAÍSO INTERIOR CB,13,J. SANTA BARBARA CARCELEN,30.486099999999993,12.003500000000003,False,1,COTO CÓRDOBA CB,False
COPA ESPAÑA,"FASE DE GRUPOS ""C""",JAEN PARAÍSO INTERIOR CB,2,F. LOPEZ JIMENEZ,11.9444,48.0319,False,1,COTO CÓRDOBA CB,False
COPA ESPAÑA,"FASE DE GRUPOS ""C""",JAEN PARAÍSO INTERIOR CB,6,L. FAIAL,30.625,82.8723,True,1,COTO CÓRDOBA CB,False
COPA ESPAÑA,"FASE DE GRUPOS ""C""",JAEN PARAÍSO INTERIOR CB,5,A. CAÑETE PUENTENUEVA,14.444400000000002,51.2234,True,1,COTO CÓRDOBA CB,False
COPA ESPAÑA,"FASE DE GRUPOS ""C""",JAEN PARAÍSO INTERIOR CB,15,J. MARTINEZ MEGIAS,14.8611,45.4255,False,1,COTO CÓRDOBA CB,False
COPA ESPAÑA,"FASE DE GRUPOS ""C""",JAEN PARAÍSO INTERIOR CB,15,J. MARTINEZ MEGIAS,6.11111,47.5355,True,1,COTO CÓRDOBA CB,False
COPA ESPAÑA,"FASE DE GRUPOS ""C""",JAEN PARAÍSO INTERIOR CB,6,L. FAIAL,25.6944,13.2801,True,1,COTO CÓRDOBA CB,False
COPA ESPAÑA,"FASE DE GRUPOS ""C""",JAEN PARAÍSO INTERIOR CB,14,A. LOPES MARQUES,10.6944,45.922,False,1,COTO CÓRDOBA CB,False
COPA ESPAÑA,"FASE DE GRUPOS ""C""",JAEN PARAÍSO INTERIOR CB,9,G. BOAHEN,9.791700000000006,52.0922,True,1,COTO CÓRDOBA CB,False
COPA ESPAÑA,"FASE DE GRUPOS ""C""",JAEN PARAÍSO INTERIOR CB,9,G. BOAHEN,28.611099999999993,16.595699999999994,True,1,COTO CÓRDOBA CB,False
COPA ESPAÑA,"FASE DE GRUPOS ""C""",JAEN PARAÍSO INTERIOR CB,5,A. CAÑETE PUENTENUEVA,13.125,50.8865,False,1,COTO CÓRDOBA CB,False
COPA ESPAÑA,"FASE DE GRUPOS ""C""",JAEN PARAÍSO INTERIOR CB,14,A. LOPES MARQUES,8.61111,46.6667,False,1,COTO CÓRDOBA CB,False
COPA ESPAÑA,"FASE DE GRUPOS ""C""",JAEN PARAÍSO INTERIOR CB,10,L. RODRIGUEZ DOMINGUEZ,7.291700000000006,67.9787,True,1,COTO CÓRDOBA CB,False
COPA ESPAÑA,"FASE DE GRUPOS ""C""",JAEN PARAÍSO INTERIOR CB,2,F. LOPEZ JIMENEZ,29.513900000000007,81.8794,False,1,COTO CÓRDOBA CB,False
COPA ESPAÑA,"FASE DE GRUPOS ""C""",JAEN PARAÍSO INTERIOR CB,6,L. FAIAL,23.75,11.631200000000007,False,1,COTO CÓRDOBA CB,False
COPA ESPAÑA,"FASE DE GRUPOS ""C""",JAEN PARAÍSO INTERIOR CB,2,F. LOPEZ JIMENEZ,15.3472,77.8191,False,1,COTO CÓRDOBA CB,False
COPA ESPAÑA,"FASE DE GRUPOS ""C""",JAEN PARAÍSO INTERIOR CB,15,J. MARTINEZ MEGIAS,8.61111,47.5355,True,1,COTO CÓRDOBA CB,False
COPA ESPAÑA,"FASE DE GRUPOS ""C""",JAEN PARAÍSO INTERIOR CB,14,A. LOPES MARQUES,22.708299999999994,52.0922,True,1,COTO CÓRDOBA CB,False
COPA ESPAÑA,"FASE DE GRUPOS ""C""",JAEN PARAÍSO INTERIOR CB,13,J. SANTA BARBARA CARCELEN,27.708299999999994,85.10640000000001,False,1,COTO CÓRDOBA CB,False
COPA ESPAÑA,"FASE DE GRUPOS ""C""",JAEN PARAÍSO INTERIOR CB,14,A. LOPES MARQUES,20.9028,53.5816,False,1,COTO CÓRDOBA CB,False
COPA ESPAÑA,"FASE DE GRUPOS ""C""",JAEN PARAÍSO INTERIOR CB,5,A. CAÑETE PUENTENUEVA,7.91667,47.1631,True,1,COTO CÓRDOBA CB,False
COPA ESPAÑA,"FASE DE GRUPOS ""C""",JAEN PARAÍSO INTERIOR CB,22,J. MORENO POZA,11.7361,47.039,True,1,COTO CÓRDOBA CB,False
COPA ESPAÑA,"FASE DE GRUPOS ""C""",JAEN PARAÍSO INTERIOR CB,16,I. CASAS GARRIDO,9.583299999999994,54.8227,True,1,COTO CÓRDOBA CB,False
COPA ESPAÑA,"FASE DE GRUPOS ""C""",JAEN PARAÍSO INTERIOR CB,10,L. RODRIGUEZ DOMINGUEZ,26.1806,85.10640000000001,False,1,COTO CÓRDOBA CB,False
COPA ESPAÑA,"FASE DE GRUPOS ""C""",JAEN PARAÍSO INTERIOR CB,14,A. LOPES MARQUES,23.75,6.666700000000006,True,1,COTO CÓRDOBA CB,False
COPA ESPAÑA,"FASE DE GRUPOS ""C""",JAEN PARAÍSO INTERIOR CB,13,J. SANTA BARBARA CARCELEN,31.7361,18.2447,False,1,COTO CÓRDOBA CB,False
COPA ESPAÑA,"FASE DE GRUPOS ""C""",JAEN PARAÍSO INTERIOR CB,13,J. SANTA BARBARA CARCELEN,15.0,54.4504,False,1,COTO CÓRDOBA CB,False
COPA ESPAÑA,"FASE DE GRUPOS ""C""",JAEN PARAÍSO INTERIOR CB,2,F. LOPEZ JIMENEZ,10.2778,52.2163,False,2,C.B. STARLABS MORÓN,True
COPA ESPAÑA,"FASE DE GRUPOS ""C""",JAEN PARAÍSO INTERIOR CB,10,L. RODRIGUEZ DOMINGUEZ,29.9306,82.1277,False,2,C.B. STARLABS MORÓN,True
COPA ESPAÑA,"FASE DE GRUPOS ""C""",JAEN PARAÍSO INTERIOR CB,13,J. SANTA BARBARA CARCELEN,7.15278,49.3972,False,2,C.B. STARLABS MORÓN,True
COPA ESPAÑA,"FASE DE GRUPOS ""C""",JAEN PARAÍSO INTERIOR CB,14,A. LOPES MARQUES,20.2083,77.695,True,2,C.B. STARLABS MORÓN,True
COPA ESPAÑA,"FASE DE GRUPOS ""C""",JAEN PARAÍSO INTERIOR CB,16,I. CASAS GARRIDO,25.5556,88.3333,False,2,C.B. STARLABS MORÓN,True
COPA ESPAÑA,"FASE DE GRUPOS ""C""",JAEN PARAÍSO INTERIOR CB,16,I. CASAS GARRIDO,36.0417,34.8759,True,2,C.B. STARLABS MORÓN,True
COPA ESPAÑA,"FASE DE GRUPOS ""C""",JAEN PARAÍSO INTERIOR CB,10,L. RODRIGUEZ DOMINGUEZ,26.5278,85.1418,False,2,C.B. STARLABS MORÓN,True
COPA ESPAÑA,"FASE DE GRUPOS ""C""",JAEN PARAÍSO INTERIOR CB,5,A. CAÑETE PUENTENUEVA,10.4167,49.273,False,2,C.B. STARLABS MORÓN,True
COPA ESPAÑA,"FASE DE GRUPOS ""C""",JAEN PARAÍSO INTERIOR CB,22,J. MORENO POZA,7.569400000000002,51.4716,True,2,C.B. STARLABS MORÓN,True
COPA ESPAÑA,"FASE DE GRUPOS ""C""",JAEN PARAÍSO INTERIOR CB,5,A. CAÑETE PUENTENUEVA,35.3472,46.6667,False,2,C.B. STARLABS MORÓN,True
COPA ESPAÑA,"FASE DE GRUPOS ""C""",JAEN PARAÍSO INTERIOR CB,16,I. CASAS GARRIDO,10.486099999999993,51.7199,True,2,C.B. STARLABS MORÓN,True
COPA ESPAÑA,"FASE DE GRUPOS ""C""",JAEN PARAÍSO INTERIOR CB,13,J. SANTA BARBARA CARCELEN,28.5417,80.6738,False,2,C.B. STARLABS MORÓN,True
COPA ESPAÑA,"FASE DE GRUPOS ""C""",JAEN PARAÍSO INTERIOR CB,9,G. BOAHEN,32.2917,25.3191,False,2,C.B. STARLABS MORÓN,True
COPA ESPAÑA,"FASE DE GRUPOS ""C""",JAEN PARAÍSO INTERIOR CB,22,J. MORENO POZA,11.1111,48.4043,False,2,C.B. STARLABS MORÓN,True
COPA ESPAÑA,"FASE DE GRUPOS ""C""",JAEN PARAÍSO INTERIOR CB,9,G. BOAHEN,10.0,51.4716,False,2,C.B. STARLABS MORÓN,True
COPA ESPAÑA,"FASE DE GRUPOS ""C""",JAEN PARAÍSO INTERIOR CB,16,I. CASAS GARRIDO,8.263900000000007,52.7128,True,2,C.B. STARLABS MORÓN,True
COPA ESPAÑA,"FASE DE GRUPOS ""C""",JAEN PARAÍSO INTERIOR CB,10,L. RODRIGUEZ DOMINGUEZ,11.9444,47.5355,False,2,C.B. STARLABS MORÓN,True
COPA ESPAÑA,"FASE DE GRUPOS ""C""",JAEN PARAÍSO INTERIOR CB,10,L. RODRIGUEZ DOMINGUEZ,30.2778,23.546099999999996,False,2,C.B. STARLABS MORÓN,True
COPA ESPAÑA,"FASE DE GRUPOS ""C""",JAEN PARAÍSO INTERIOR CB,22,J. MORENO POZA,12.2222,43.4397,True,2,C.B. STARLABS MORÓN,True
COPA ESPAÑA,"FASE DE GRUPOS ""C""",JAEN PARAÍSO INTERIOR CB,9,G. BOAHEN,8.680599999999998,51.2234,False,2,C.B. STARLABS MORÓN,True
COPA ESPAÑA,"FASE DE GRUPOS ""C""",JAEN PARAÍSO INTERIOR CB,13,J. SANTA BARBARA CARCELEN,32.0139,24.8227,False,2,C.B. STARLABS MORÓN,True
COPA ESPAÑA,"FASE DE GRUPOS ""C""",JAEN PARAÍSO INTERIOR CB,14,A. LOPES MARQUES,11.25,74.43260000000001,False,2,C.B. STARLABS MORÓN,True
COPA ESPAÑA,"FASE DE GRUPOS ""C""",JAEN PARAÍSO INTERIOR CB,15,J. MARTINEZ MEGIAS,7.291700000000006,52.2163,True,2,C.B. STARLABS MORÓN,True
COPA ESPAÑA,"FASE DE GRUPOS ""C""",JAEN PARAÍSO INTERIOR CB,15,J. MARTINEZ MEGIAS,9.51389,52.3759,True,2,C.B. STARLABS MORÓN,True
COPA ESPAÑA,"FASE DE GRUPOS ""C""",JAEN PARAÍSO INTERIOR CB,10,L. RODRIGUEZ DOMINGUEZ,35.13890000000001,36.3298,True,2,C.B. STARLABS MORÓN,True
COPA ESPAÑA,"FASE DE GRUPOS ""C""",JAEN PARAÍSO INTERIOR CB,22,J. MORENO POZA,11.25,53.3333,False,2,C.B. STARLABS MORÓN,True
COPA ESPAÑA,"FASE DE GRUPOS ""C""",JAEN PARAÍSO INTERIOR CB,10,L. RODRIGUEZ DOMINGUEZ,30.5556,82.2518,True,2,C.B. STARLABS MORÓN,True
COPA ESPAÑA,"FASE DE GRUPOS ""C""",JAEN PARAÍSO INTERIOR CB,9,G. BOAHEN,28.263900000000007,21.3121,True,2,C.B. STARLABS MORÓN,True
COPA ESPAÑA,"FASE DE GRUPOS ""C""",JAEN PARAÍSO INTERIOR CB,2,F. LOPEZ JIMENEZ,10.486099999999993,53.0851,True,2,C.B. STARLABS MORÓN,True
COPA ESPAÑA,"FASE DE GRUPOS ""C""",JAEN PARAÍSO INTERIOR CB,15,J. MARTINEZ MEGIAS,9.93056,46.1702,False,2,C.B. STARLABS MORÓN,True
COPA ESPAÑA,"FASE DE GRUPOS ""C""",JAEN PARAÍSO INTERIOR CB,13,J. SANTA BARBARA CARCELEN,30.2778,24.042599999999993,False,2,C.B. STARLABS MORÓN,True
COPA ESPAÑA,"FASE DE GRUPOS ""C""",JAEN PARAÍSO INTERIOR CB,10,L. RODRIGUEZ DOMINGUEZ,19.375,95.90426,False,2,C.B. STARLABS MORÓN,True
COPA ESPAÑA,"FASE DE GRUPOS ""C""",JAEN PARAÍSO INTERIOR CB,9,G. BOAHEN,11.388900000000007,46.6312,False,2,C.B. STARLABS MORÓN,True
COPA ESPAÑA,"FASE DE GRUPOS ""C""",JAEN PARAÍSO INTERIOR CB,9,G. BOAHEN,32.9861,22.2163,True,2,C.B. STARLABS MORÓN,True
COPA ESPAÑA,"FASE DE GRUPOS ""C""",JAEN PARAÍSO INTERIOR CB,15,J. MARTINEZ MEGIAS,9.79167,47.1631,True,2,C.B. STARLABS MORÓN,True
COPA ESPAÑA,"FASE DE GRUPOS ""C""",JAEN PARAÍSO INTERIOR CB,16,I. CASAS GARRIDO,12.8472,51.3475,False,2,C.B. STARLABS MORÓN,True
COPA ESPAÑA,"FASE DE GRUPOS ""C""",JAEN PARAÍSO INTERIOR CB,9,G. BOAHEN,10.9028,48.0319,False,2,C.B. STARLABS MORÓN,True
COPA ESPAÑA,"FASE DE GRUPOS ""C""",JAEN PARAÍSO INTERIOR CB,13,J. SANTA BARBARA CARCELEN,36.7361,52.8369,False,2,C.B. STARLABS MORÓN,True
COPA ESPAÑA,"FASE DE GRUPOS ""C""",JAEN PARAÍSO INTERIOR CB,13,J. SANTA BARBARA CARCELEN,14.0278,45.1773,False,2,C.B. STARLABS MORÓN,True
COPA ESPAÑA,"FASE DE GRUPOS ""C""",JAEN PARAÍSO INTERIOR CB,5,A. CAÑETE PUENTENUEVA,30.486099999999993,80.0177,False,2,C.B. STARLABS MORÓN,True
COPA ESPAÑA,"FASE DE GRUPOS ""C""",JAEN PARAÍSO INTERIOR CB,13,J. SANTA BARBARA CARCELEN,27.013900000000007,14.733999999999995,False,2,C.B. STARLABS MORÓN,True
COPA ESPAÑA,"FASE DE GRUPOS ""C""",JAEN PARAÍSO INTERIOR CB,2,F. LOPEZ JIMENEZ,12.2222,43.4397,False,2,C.B. STARLABS MORÓN,True
COPA ESPAÑA,"FASE DE GRUPOS ""C""",JAEN PARAÍSO INTERIOR CB,14,A. LOPES MARQUES,7.847200000000001,29.255300000000005,True,2,C.B. STARLABS MORÓN,True
COPA ESPAÑA,"FASE DE GRUPOS ""C""",JAEN PARAÍSO INTERIOR CB,16,I. CASAS GARRIDO,9.0972,55.4433,False,2,C.B. STARLABS MORÓN,True
COPA ESPAÑA,"FASE DE GRUPOS ""C""",JAEN PARAÍSO INTERIOR CB,14,A. LOPES MARQUES,34.6528,45.5142,False,2,C.B. STARLABS MORÓN,True
COPA ESPAÑA,"FASE DE GRUPOS ""C""",JAEN PARAÍSO INTERIOR CB,9,G. BOAHEN,7.152799999999999,52.961,True,2,C.B. STARLABS MORÓN,True
COPA ESPAÑA,"FASE DE GRUPOS ""C""",JAEN PARAÍSO INTERIOR CB,10,L. RODRIGUEZ DOMINGUEZ,13.333299999999994,17.4645,False,2,C.B. STARLABS MORÓN,True
COPA ESPAÑA,"FASE DE GRUPOS ""C""",JAEN PARAÍSO INTERIOR CB,2,F. LOPEZ JIMENEZ,30.2778,81.50710000000001,False,2,C.B. STARLABS MORÓN,True
COPA ESPAÑA,"FASE DE GRUPOS ""C""",JAEN PARAÍSO INTERIOR CB,2,F. LOPEZ JIMENEZ,28.0556,14.485799999999998,True,2,C.B. STARLABS MORÓN,True
COPA ESPAÑA,"FASE DE GRUPOS ""C""",JAEN PARAÍSO INTERIOR CB,9,G. BOAHEN,11.875,53.7057,False,2,C.B. STARLABS MORÓN,True
COPA ESPAÑA,"FASE DE GRUPOS ""C""",JAEN PARAÍSO INTERIOR CB,16,I. CASAS GARRIDO,8.75,48.2801,False,2,C.B. STARLABS MORÓN,True
COPA ESPAÑA,"FASE DE GRUPOS ""C""",JAEN PARAÍSO INTERIOR CB,2,F. LOPEZ JIMENEZ,10.9028,46.383,False,2,C.B. STARLABS MORÓN,True
COPA ESPAÑA,"FASE DE GRUPOS ""C""",JAEN PARAÍSO INTERIOR CB,15,J. MARTINEZ MEGIAS,6.25,46.7908,True,2,C.B. STARLABS MORÓN,True
COPA ESPAÑA,"FASE DE GRUPOS ""C""",JAEN PARAÍSO INTERIOR CB,14,A. LOPES MARQUES,13.263900000000007,53.7057,False,2,C.B. STARLABS MORÓN,True
COPA ESPAÑA,"FASE DE GRUPOS ""C""",JAEN PARAÍSO INTERIOR CB,14,A. LOPES MARQUES,7.569400000000002,51.4716,True,2,C.B. STARLABS MORÓN,True
COPA ESPAÑA,"FASE DE GRUPOS ""C""",JAEN PARAÍSO INTERIOR CB,14,A. LOPES MARQUES,9.79167,51.0106,False,2,C.B. STARLABS MORÓN,True
COPA ESPAÑA,"FASE DE GRUPOS ""C""",JAEN PARAÍSO INTERIOR CB,9,G. BOAHEN,8.958299999999994,52.4645,False,2,C.B. STARLABS MORÓN,True
COPA ESPAÑA,"FASE DE GRUPOS ""C""",JAEN PARAÍSO INTERIOR CB,2,F. LOPEZ JIMENEZ,31.111099999999993,24.166700000000006,False,2,C.B. STARLABS MORÓN,True
COPA ESPAÑA,"FASE DE GRUPOS ""C""",JAEN PARAÍSO INTERIOR CB,10,L. RODRIGUEZ DOMINGUEZ,36.8056,38.8475,False,2,C.B. STARLABS MORÓN,True
COPA ESPAÑA,"FASE DE GRUPOS ""C""",JAEN PARAÍSO INTERIOR CB,5,A. CAÑETE PUENTENUEVA,31.7361,14.6454,False,2,C.B. STARLABS MORÓN,True
COPA ESPAÑA,"FASE DE GRUPOS ""C""",JAEN PARAÍSO INTERIOR CB,16,I. CASAS GARRIDO,13.75,44.3085,False,2,C.B. STARLABS MORÓN,True
COPA ESPAÑA,"FASE DE GRUPOS ""C""",JAEN PARAÍSO INTERIOR CB,9,G. BOAHEN,12.5,42.4468,False,2,C.B. STARLABS MORÓN,True
COPA ESPAÑA,"FASE DE GRUPOS ""C""",JAEN PARAÍSO INTERIOR CB,5,A. CAÑETE PUENTENUEVA,10.9028,36.8262,False,2,C.B. STARLABS MORÓN,True
COPA ESPAÑA,"FASE DE GRUPOS ""C""",JAEN PARAÍSO INTERIOR CB,5,A. CAÑETE PUENTENUEVA,17.1528,50.8511,True,2,C.B. STARLABS MORÓN,True
COPA ESPAÑA,"FASE DE GRUPOS ""C""",JAEN PARAÍSO INTERIOR CB,13,J. SANTA BARBARA CARCELEN,14.0278,21.7199,False,2,C.B. STARLABS MORÓN,True
COPA ESPAÑA,"FASE DE GRUPOS ""C""",JAEN PARAÍSO INTERIOR CB,9,G. BOAHEN,33.4028,75.3369,False,2,C.B. STARLABS MORÓN,True
COPA ESPAÑA,"FASE DE GRUPOS ""C""",C.B. STARLABS MORÓN,7,J. JIMÉNEZ GONZÁLEZ,20.9722,90.2305,True,2,JAEN PARAÍSO INTERIOR CB,False
COPA ESPAÑA,"FASE DE GRUPOS ""C""",C.B. STARLABS MORÓN,10,A. HERRERA DOMINGUEZ,10.694400000000002,47.0035,False,2,JAEN PARAÍSO INTERIOR CB,False
COPA ESPAÑA,"FASE DE GRUPOS ""C""",C.B. STARLABS MORÓN,23,S. CHABI YO,10.0694,83.6525,True,2,JAEN PARAÍSO INTERIOR CB,False
COPA ESPAÑA,"FASE DE GRUPOS ""C""",C.B. STARLABS MORÓN,8,G. FERNANDEZ DIAZ,10.0694,45.922,False,2,JAEN PARAÍSO INTERIOR CB,False
COPA ESPAÑA,"FASE DE GRUPOS ""C""",C.B. STARLABS MORÓN,23,S. CHABI YO,11.6667,46.7908,False,2,JAEN PARAÍSO INTERIOR CB,False
COPA ESPAÑA,"FASE DE GRUPOS ""C""",C.B. STARLABS MORÓN,0,Z. WILLIAMS,8.541700000000006,53.0851,True,2,JAEN PARAÍSO INTERIOR CB,False
COPA ESPAÑA,"FASE DE GRUPOS ""C""",C.B. STARLABS MORÓN,0,Z. WILLIAMS,9.0278,50.9752,True,2,JAEN PARAÍSO INTERIOR CB,False
COPA ESPAÑA,"FASE DE GRUPOS ""C""",C.B. STARLABS MORÓN,45,V. ORLOV STURMAN MAURIN,8.19444,49.5213,True,2,JAEN PARAÍSO INTERIOR CB,False
COPA ESPAÑA,"FASE DE GRUPOS ""C""",C.B. STARLABS MORÓN,3,S. CORREIA,9.444400000000002,51.2234,False,2,JAEN PARAÍSO INTERIOR CB,False
COPA ESPAÑA,"FASE DE GRUPOS ""C""",C.B. STARLABS MORÓN,10,A. HERRERA DOMINGUEZ,13.125,46.2943,False,2,JAEN PARAÍSO INTERIOR CB,False
COPA ESPAÑA,"FASE DE GRUPOS ""C""",C.B. STARLABS MORÓN,8,G. FERNANDEZ DIAZ,34.0278,24.4504,False,2,JAEN PARAÍSO INTERIOR CB,False
COPA ESPAÑA,"FASE DE GRUPOS ""C""",C.B. STARLABS MORÓN,23,S. CHABI YO,33.6806,80.1418,True,2,JAEN PARAÍSO INTERIOR CB,False
COPA ESPAÑA,"FASE DE GRUPOS ""C""",C.B. STARLABS MORÓN,27,A. BURGOS CABALLERO,25.3472,55.5674,False,2,JAEN PARAÍSO INTERIOR CB,False
COPA ESPAÑA,"FASE DE GRUPOS ""C""",C.B. STARLABS MORÓN,45,V. ORLOV STURMAN MAURIN,11.25,50.727,False,2,JAEN PARAÍSO INTERIOR CB,False
COPA ESPAÑA,"FASE DE GRUPOS ""C""",C.B. STARLABS MORÓN,7,J. JIMÉNEZ GONZÁLEZ,25.5556,86.3475,False,2,JAEN PARAÍSO INTERIOR CB,False
COPA ESPAÑA,"FASE DE GRUPOS ""C""",C.B. STARLABS MORÓN,23,S. CHABI YO,6.597200000000001,53.9539,True,2,JAEN PARAÍSO INTERIOR CB,False
COPA ESPAÑA,"FASE DE GRUPOS ""C""",C.B. STARLABS MORÓN,27,A. BURGOS CABALLERO,32.5694,43.0319,True,2,JAEN PARAÍSO INTERIOR CB,False
COPA ESPAÑA,"FASE DE GRUPOS ""C""",C.B. STARLABS MORÓN,23,S. CHABI YO,9.583299999999994,51.3475,False,2,JAEN PARAÍSO INTERIOR CB,False
COPA ESPAÑA,"FASE DE GRUPOS ""C""",C.B. STARLABS MORÓN,27,A. BURGOS CABALLERO,35.1389,27.4291,False,2,JAEN PARAÍSO INTERIOR CB,False
COPA ESPAÑA,"FASE DE GRUPOS ""C""",C.B. STARLABS MORÓN,8,G. FERNANDEZ DIAZ,15.625,43.3156,True,2,JAEN PARAÍSO INTERIOR CB,False
COPA ESPAÑA,"FASE DE GRUPOS ""C""",C.B. STARLABS MORÓN,7,J. JIMÉNEZ GONZÁLEZ,14.0972,45.1773,False,2,JAEN PARAÍSO INTERIOR CB,False
COPA ESPAÑA,"FASE DE GRUPOS ""C""",C.B. STARLABS MORÓN,23,S. CHABI YO,25.4167,81.9149,False,2,JAEN PARAÍSO INTERIOR CB,False
COPA ESPAÑA,"FASE DE GRUPOS ""C""",C.B. STARLABS MORÓN,3,S. CORREIA,7.916700000000006,52.7128,False,2,JAEN PARAÍSO INTERIOR CB,False
COPA ESPAÑA,"FASE DE GRUPOS ""C""",C.B. STARLABS MORÓN,0,Z. WILLIAMS,15.9028,49.3617,False,2,JAEN PARAÍSO INTERIOR CB,False
COPA ESPAÑA,"FASE DE GRUPOS ""C""",C.B. STARLABS MORÓN,0,Z. WILLIAMS,18.4722,24.9468,False,2,JAEN PARAÍSO INTERIOR CB,False
COPA ESPAÑA,"FASE DE GRUPOS ""C""",C.B. STARLABS MORÓN,45,V. ORLOV STURMAN MAURIN,10.0,50.7624,True,2,JAEN PARAÍSO INTERIOR CB,False
COPA ESPAÑA,"FASE DE GRUPOS ""C""",C.B. STARLABS MORÓN,23,S. CHABI YO,35.0,41.7908,True,2,JAEN PARAÍSO INTERIOR CB,False
COPA ESPAÑA,"FASE DE GRUPOS ""C""",C.B. STARLABS MORÓN,7,J. JIMÉNEZ GONZÁLEZ,33.958299999999994,46.7553,False,2,JAEN PARAÍSO INTERIOR CB,False
COPA ESPAÑA,"FASE DE GRUPOS ""C""",C.B. STARLABS MORÓN,0,Z. WILLIAMS,34.791700000000006,58.422,True,2,JAEN PARAÍSO INTERIOR CB,False
COPA ESPAÑA,"FASE DE GRUPOS ""C""",C.B. STARLABS MORÓN,23,S. CHABI YO,7.63889,44.3085,True,2,JAEN PARAÍSO INTERIOR CB,False
COPA ESPAÑA,"FASE DE GRUPOS ""C""",C.B. STARLABS MORÓN,0,Z. WILLIAMS,20.763900000000007,58.5461,True,2,JAEN PARAÍSO INTERIOR CB,False
COPA ESPAÑA,"FASE DE GRUPOS ""C""",C.B. STARLABS MORÓN,10,A. HERRERA DOMINGUEZ,10.8333,50.7624,False,2,JAEN PARAÍSO INTERIOR CB,False
COPA ESPAÑA,"FASE DE GRUPOS ""C""",C.B. STARLABS MORÓN,0,Z. WILLIAMS,12.8472,49.9823,True,2,JAEN PARAÍSO INTERIOR CB,False
COPA ESPAÑA,"FASE DE GRUPOS ""C""",C.B. STARLABS MORÓN,45,V. ORLOV STURMAN MAURIN,13.055599999999998,50.3546,True,2,JAEN PARAÍSO INTERIOR CB,False
COPA ESPAÑA,"FASE DE GRUPOS ""C""",C.B. STARLABS MORÓN,8,G. FERNANDEZ DIAZ,31.875,25.904300000000006,False,2,JAEN PARAÍSO INTERIOR CB,False
COPA ESPAÑA,"FASE DE GRUPOS ""C""",C.B. STARLABS MORÓN,0,Z. WILLIAMS,9.16667,48.156,True,2,JAEN PARAÍSO INTERIOR CB,False
COPA ESPAÑA,"FASE DE GRUPOS ""C""",C.B. STARLABS MORÓN,7,J. JIMÉNEZ GONZÁLEZ,32.2222,21.684399999999997,True,2,JAEN PARAÍSO INTERIOR CB,False
COPA ESPAÑA,"FASE DE GRUPOS ""C""",C.B. STARLABS MORÓN,0,Z. WILLIAMS,31.1111,20.8511,False,2,JAEN PARAÍSO INTERIOR CB,False
COPA ESPAÑA,"FASE DE GRUPOS ""C""",C.B. STARLABS MORÓN,0,Z. WILLIAMS,10.2778,49.273,False,2,JAEN PARAÍSO INTERIOR CB,False
COPA ESPAÑA,"FASE DE GRUPOS ""C""",C.B. STARLABS MORÓN,13,A. MARIN ORTEGA,9.30556,47.1631,True,2,JAEN PARAÍSO INTERIOR CB,False
COPA ESPAÑA,"FASE DE GRUPOS ""C""",C.B. STARLABS MORÓN,8,G. FERNANDEZ DIAZ,27.7778,84.734,False,2,JAEN PARAÍSO INTERIOR CB,False
COPA ESPAÑA,"FASE DE GRUPOS ""C""",C.B. STARLABS MORÓN,8,G. FERNANDEZ DIAZ,12.7778,43.9362,False,2,JAEN PARAÍSO INTERIOR CB,False
COPA ESPAÑA,"FASE DE GRUPOS ""C""",C.B. STARLABS MORÓN,8,G. FERNANDEZ DIAZ,31.041700000000006,75.1773,False,2,JAEN PARAÍSO INTERIOR CB,False
COPA ESPAÑA,"FASE DE GRUPOS ""C""",C.B. STARLABS MORÓN,3,S. CORREIA,9.166700000000006,53.7057,False,2,JAEN PARAÍSO INTERIOR CB,False
COPA ESPAÑA,"FASE DE GRUPOS ""C""",C.B. STARLABS MORÓN,45,V. ORLOV STURMAN MAURIN,16.5972,47.3759,True,2,JAEN PARAÍSO INTERIOR CB,False
COPA ESPAÑA,"FASE DE GRUPOS ""C""",C.B. STARLABS MORÓN,27,A. BURGOS CABALLERO,35.0694,59.3262,False,2,JAEN PARAÍSO INTERIOR CB,False
COPA ESPAÑA,"FASE DE GRUPOS ""C""",C.B. STARLABS MORÓN,7,J. JIMÉNEZ GONZÁLEZ,13.0556,44.3085,False,2,JAEN PARAÍSO INTERIOR CB,False
COPA ESPAÑA,"FASE DE GRUPOS ""C""",C.B. STARLABS MORÓN,27,A. BURGOS CABALLERO,32.2222,15.0177,True,2,JAEN PARAÍSO INTERIOR CB,False
COPA ESPAÑA,"FASE DE GRUPOS ""C""",C.B. STARLABS MORÓN,10,A. HERRERA DOMINGUEZ,9.16667,46.5426,True,2,JAEN PARAÍSO INTERIOR CB,False
COPA ESPAÑA,"FASE DE GRUPOS ""C""",C.B. STARLABS MORÓN,27,A. BURGOS CABALLERO,24.7222,89.8227,True,2,JAEN PARAÍSO INTERIOR CB,False
COPA ESPAÑA,"FASE DE GRUPOS ""C""",C.B. STARLABS MORÓN,8,G. FERNANDEZ DIAZ,8.680599999999998,53.3333,False,2,JAEN PARAÍSO INTERIOR CB,False
COPA ESPAÑA,"FASE DE GRUPOS ""C""",C.B. STARLABS MORÓN,6,J. MARIN ORTEGA,7.013900000000007,52.7128,False,2,JAEN PARAÍSO INTERIOR CB,False
COPA ESPAÑA,"FASE DE GRUPOS ""C""",C.B. STARLABS MORÓN,7,J. JIMÉNEZ GONZÁLEZ,7.5,45.922,False,2,JAEN PARAÍSO INTERIOR CB,False
COPA ESPAÑA,"FASE DE GRUPOS ""C""",C.B. STARLABS MORÓN,0,Z. WILLIAMS,5.763900000000007,51.844,True,2,JAEN PARAÍSO INTERIOR CB,False
COPA ESPAÑA,"FASE DE GRUPOS ""C""",C.B. STARLABS MORÓN,6,J. MARIN ORTEGA,34.375,32.233999999999995,False,2,JAEN PARAÍSO INTERIOR CB,False
COPA ESPAÑA,"FASE DE GRUPOS ""C""",C.B. STARLABS MORÓN,23,S. CHABI YO,25.833299999999994,15.727000000000004,False,2,JAEN PARAÍSO INTERIOR CB,False
COPA ESPAÑA,"FASE DE GRUPOS ""C""",C.B. STARLABS MORÓN,10,A. HERRERA DOMINGUEZ,33.8194,70.6206,False,2,JAEN PARAÍSO INTERIOR CB,False
COPA ESPAÑA,"FASE DE GRUPOS ""C""",C.B. STARLABS MORÓN,27,A. BURGOS CABALLERO,32.7778,18.7411,False,2,JAEN PARAÍSO INTERIOR CB,False
COPA ESPAÑA,"FASE DE GRUPOS ""C""",C.B. STARLABS MORÓN,3,S. CORREIA,6.18056,49.1489,True,2,JAEN PARAÍSO INTERIOR CB,False
COPA ESPAÑA,"FASE DE GRUPOS ""C""",C.B. STARLABS MORÓN,45,V. ORLOV STURMAN MAURIN,9.375,60.5319,False,2,JAEN PARAÍSO INTERIOR CB,False
COPA ESPAÑA,"FASE DE GRUPOS ""C""",C.B. STARLABS MORÓN,13,A. MARIN ORTEGA,13.1944,47.9078,True,2,JAEN PARAÍSO INTERIOR CB,False
COPA ESPAÑA,"FASE DE GRUPOS ""C""",C.B. STARLABS MORÓN,45,V. ORLOV STURMAN MAURIN,10.625,47.7482,False,2,JAEN PARAÍSO INTERIOR CB,False
COPA ESPAÑA,"FASE DE GRUPOS ""C""",C.B. STARLABS MORÓN,8,G. FERNANDEZ DIAZ,33.6806,80.1418,False,2,JAEN PARAÍSO INTERIOR CB,False
COPA ESPAÑA,"FASE DE GRUPOS ""C""",C.B. STARLABS MORÓN,3,S. CORREIA,9.444400000000002,51.2234,True,2,JAEN PARAÍSO INTERIOR CB,False
COPA ESPAÑA,"FASE DE GRUPOS ""C""",C.B. STARLABS MORÓN,0,Z. WILLIAMS,24.3056,89.734,False,2,JAEN PARAÍSO INTERIOR CB,False
COPA ESPAÑA,"FASE DE GRUPOS ""C""",C.B. STARLABS MORÓN,45,V. ORLOV STURMAN MAURIN,10.9722,47.7837,True,2,JAEN PARAÍSO INTERIOR CB,False
COPA ESPAÑA,"FASE DE GRUPOS ""C""",C.B. STARLABS MORÓN,8,G. FERNANDEZ DIAZ,21.666700000000006,92.67731,True,2,JAEN PARAÍSO INTERIOR CB,False
COPA ESPAÑA,"FASE DE GRUPOS ""C""",C.B. STARLABS MORÓN,3,S. CORREIA,6.736099999999993,50.1064,True,2,JAEN PARAÍSO INTERIOR CB,False
COPA ESPAÑA,"FASE DE GRUPOS ""C""",C.B. STARLABS MORÓN,23,S. CHABI YO,10.416700000000006,52.5887,True,2,JAEN PARAÍSO INTERIOR CB,False
COPA ESPAÑA,"FASE DE GRUPOS ""C""",C.B. STARLABS MORÓN,3,S. CORREIA,9.861099999999993,52.3404,True,2,JAEN PARAÍSO INTERIOR CB,False
COPA ESPAÑA,"FASE DE GRUPOS ""C""",C.B. STARLABS MORÓN,27,A. BURGOS CABALLERO,34.583299999999994,45.0177,True,2,JAEN PARAÍSO INTERIOR CB,False
COPA ESPAÑA,"FASE DE GRUPOS ""C""",C.B. STARLABS MORÓN,13,A. MARIN ORTEGA,28.6111,14.3972,True,2,JAEN PARAÍSO INTERIOR CB,False
COPA ESPAÑA,"FASE DE GRUPOS ""C""",INSOLAC CAJA 87,0,S. CECILIA PEREZ,7.916700000000006,56.0638,False,3,JAEN PARAÍSO INTERIOR CB,True
COPA ESPAÑA,"FASE DE GRUPOS ""C""",INSOLAC CAJA 87,32,N. BERTAIN,7.986099999999993,54.6986,True,3,JAEN PARAÍSO INTERIOR CB,True
COPA ESPAÑA,"FASE DE GRUPOS ""C""",INSOLAC CAJA 87,18,A. LATORRE SANCHEZ,4.79167,43.4397,True,3,JAEN PARAÍSO INTERIOR CB,True
COPA ESPAÑA,"FASE DE GRUPOS ""C""",INSOLAC CAJA 87,0,S. CECILIA PEREZ,7.56944,54.734,True,3,JAEN PARAÍSO INTERIOR CB,True
COPA ESPAÑA,"FASE DE GRUPOS ""C""",INSOLAC CAJA 87,16,N. DEDOVIC,18.611099999999993,50.3546,False,3,JAEN PARAÍSO INTERIOR CB,True
COPA ESPAÑA,"FASE DE GRUPOS ""C""",INSOLAC CAJA 87,4,M. JANKOVIC,8.54167,48.2801,False,3,JAEN PARAÍSO INTERIOR CB,True
COPA ESPAÑA,"FASE DE GRUPOS ""C""",INSOLAC CAJA 87,0,S. CECILIA PEREZ,29.4444,24.6986,False,3,JAEN PARAÍSO INTERIOR CB,True
COPA ESPAÑA,"FASE DE GRUPOS ""C""",INSOLAC CAJA 87,13,J. CEBOLLA HERRERA,14.791700000000006,9.272999999999996,False,3,JAEN PARAÍSO INTERIOR CB,True
COPA ESPAÑA,"FASE DE GRUPOS ""C""",INSOLAC CAJA 87,4,M. JANKOVIC,8.88889,50.0177,True,3,JAEN PARAÍSO INTERIOR CB,True
COPA ESPAÑA,"FASE DE GRUPOS ""C""",INSOLAC CAJA 87,1,G. CLARKE,9.44444,5.08865,True,3,JAEN PARAÍSO INTERIOR CB,True
COPA ESPAÑA,"FASE DE GRUPOS ""C""",INSOLAC CAJA 87,4,M. JANKOVIC,8.194400000000002,45.3901,True,3,JAEN PARAÍSO INTERIOR CB,True
COPA ESPAÑA,"FASE DE GRUPOS ""C""",INSOLAC CAJA 87,18,A. LATORRE SANCHEZ,11.319400000000002,54.2021,False,3,JAEN PARAÍSO INTERIOR CB,True
COPA ESPAÑA,"FASE DE GRUPOS ""C""",INSOLAC CAJA 87,0,S. CECILIA PEREZ,6.38889,57.4645,True,3,JAEN PARAÍSO INTERIOR CB,True
COPA ESPAÑA,"FASE DE GRUPOS ""C""",INSOLAC CAJA 87,13,J. CEBOLLA HERRERA,8.40278,56.7199,False,3,JAEN PARAÍSO INTERIOR CB,True
COPA ESPAÑA,"FASE DE GRUPOS ""C""",INSOLAC CAJA 87,30,J. FRANCH DE PABLO,28.8194,76.7908,False,3,JAEN PARAÍSO INTERIOR CB,True
COPA ESPAÑA,"FASE DE GRUPOS ""C""",INSOLAC CAJA 87,32,N. BERTAIN,8.54167,55.727,True,3,JAEN PARAÍSO INTERIOR CB,True
COPA ESPAÑA,"FASE DE GRUPOS ""C""",INSOLAC CAJA 87,17,L. DIBBA,7.08333,44.805,True,3,JAEN PARAÍSO INTERIOR CB,True
COPA ESPAÑA,"FASE DE GRUPOS ""C""",INSOLAC CAJA 87,32,N. BERTAIN,14.8611,6.08156,False,3,JAEN PARAÍSO INTERIOR CB,True
COPA ESPAÑA,"FASE DE GRUPOS ""C""",INSOLAC CAJA 87,1,G. CLARKE,26.875,20.319100000000006,True,3,JAEN PARAÍSO INTERIOR CB,True
COPA ESPAÑA,"FASE DE GRUPOS ""C""",INSOLAC CAJA 87,32,N. BERTAIN,7.847200000000001,53.8298,True,3,JAEN PARAÍSO INTERIOR CB,True
COPA ESPAÑA,"FASE DE GRUPOS ""C""",INSOLAC CAJA 87,32,N. BERTAIN,10.9028,93.8298,True,3,JAEN PARAÍSO INTERIOR CB,True
COPA ESPAÑA,"FASE DE GRUPOS ""C""",INSOLAC CAJA 87,13,J. CEBOLLA HERRERA,23.125,92.0922,False,3,JAEN PARAÍSO INTERIOR CB,True
COPA ESPAÑA,"FASE DE GRUPOS ""C""",INSOLAC CAJA 87,1,G. CLARKE,29.513900000000007,26.5248,True,3,JAEN PARAÍSO INTERIOR CB,True
COPA ESPAÑA,"FASE DE GRUPOS ""C""",INSOLAC CAJA 87,4,M. JANKOVIC,6.31944,54.9823,True,3,JAEN PARAÍSO INTERIOR CB,True
COPA ESPAÑA,"FASE DE GRUPOS ""C""",INSOLAC CAJA 87,16,N. DEDOVIC,6.45833,45.4255,True,3,JAEN PARAÍSO INTERIOR CB,True
COPA ESPAÑA,"FASE DE GRUPOS ""C""",INSOLAC CAJA 87,32,N. BERTAIN,10.4861,30.7801,True,3,JAEN PARAÍSO INTERIOR CB,True
COPA ESPAÑA,"FASE DE GRUPOS ""C""",INSOLAC CAJA 87,32,N. BERTAIN,8.611099999999993,52.0922,True,3,JAEN PARAÍSO INTERIOR CB,True
COPA ESPAÑA,"FASE DE GRUPOS ""C""",INSOLAC CAJA 87,13,J. CEBOLLA HERRERA,9.0278,55.195,False,3,JAEN PARAÍSO INTERIOR CB,True
COPA ESPAÑA,"FASE DE GRUPOS ""C""",INSOLAC CAJA 87,17,L. DIBBA,7.43056,54.1135,False,3,JAEN PARAÍSO INTERIOR CB,True
COPA ESPAÑA,"FASE DE GRUPOS ""C""",INSOLAC CAJA 87,13,J. CEBOLLA HERRERA,33.1944,47.9078,True,3,JAEN PARAÍSO INTERIOR CB,True
COPA ESPAÑA,"FASE DE GRUPOS ""C""",INSOLAC CAJA 87,16,N. DEDOVIC,30.416700000000006,77.2872,False,3,JAEN PARAÍSO INTERIOR CB,True
COPA ESPAÑA,"FASE DE GRUPOS ""C""",INSOLAC CAJA 87,13,J. CEBOLLA HERRERA,7.361099999999993,55.3191,True,3,JAEN PARAÍSO INTERIOR CB,True
COPA ESPAÑA,"FASE DE GRUPOS ""C""",INSOLAC CAJA 87,13,J. CEBOLLA HERRERA,8.40278,92.961,False,3,JAEN PARAÍSO INTERIOR CB,True
COPA ESPAÑA,"FASE DE GRUPOS ""C""",INSOLAC CAJA 87,16,N. DEDOVIC,6.875,43.8121,False,3,JAEN PARAÍSO INTERIOR CB,True
COPA ESPAÑA,"FASE DE GRUPOS ""C""",INSOLAC CAJA 87,18,A. LATORRE SANCHEZ,7.5,42.1631,False,3,JAEN PARAÍSO INTERIOR CB,True
COPA ESPAÑA,"FASE DE GRUPOS ""C""",INSOLAC CAJA 87,16,N. DEDOVIC,35.4167,36.2411,False,3,JAEN PARAÍSO INTERIOR CB,True
COPA ESPAÑA,"FASE DE GRUPOS ""C""",INSOLAC CAJA 87,17,L. DIBBA,8.611099999999993,55.195,True,3,JAEN PARAÍSO INTERIOR CB,True
COPA ESPAÑA,"FASE DE GRUPOS ""C""",INSOLAC CAJA 87,30,J. FRANCH DE PABLO,30.625,61.6489,False,3,JAEN PARAÍSO INTERIOR CB,True
COPA ESPAÑA,"FASE DE GRUPOS ""C""",INSOLAC CAJA 87,30,J. FRANCH DE PABLO,7.361099999999993,45.1418,True,3,JAEN PARAÍSO INTERIOR CB,True
COPA ESPAÑA,"FASE DE GRUPOS ""C""",INSOLAC CAJA 87,32,N. BERTAIN,7.70833,51.8794,False,3,JAEN PARAÍSO INTERIOR CB,True
COPA ESPAÑA,"FASE DE GRUPOS ""C""",INSOLAC CAJA 87,32,N. BERTAIN,32.8472,41.1702,False,3,JAEN PARAÍSO INTERIOR CB,True
COPA ESPAÑA,"FASE DE GRUPOS ""C""",INSOLAC CAJA 87,4,M. JANKOVIC,7.777799999999999,45.8865,False,3,JAEN PARAÍSO INTERIOR CB,True
COPA ESPAÑA,"FASE DE GRUPOS ""C""",INSOLAC CAJA 87,0,S. CECILIA PEREZ,22.0833,47.039,False,3,JAEN PARAÍSO INTERIOR CB,True
COPA ESPAÑA,"FASE DE GRUPOS ""C""",INSOLAC CAJA 87,17,L. DIBBA,11.111099999999993,53.3333,True,3,JAEN PARAÍSO INTERIOR CB,True
COPA ESPAÑA,"FASE DE GRUPOS ""C""",INSOLAC CAJA 87,18,A. LATORRE SANCHEZ,7.916700000000006,43.2801,True,3,JAEN PARAÍSO INTERIOR CB,True
COPA ESPAÑA,"FASE DE GRUPOS ""C""",INSOLAC CAJA 87,13,J. CEBOLLA HERRERA,8.40278,56.7199,False,3,JAEN PARAÍSO INTERIOR CB,True
COPA ESPAÑA,"FASE DE GRUPOS ""C""",INSOLAC CAJA 87,13,J. CEBOLLA HERRERA,29.7917,66.773,False,3,JAEN PARAÍSO INTERIOR CB,True
COPA ESPAÑA,"FASE DE GRUPOS ""C""",INSOLAC CAJA 87,1,G. CLARKE,33.4722,49.734,False,3,JAEN PARAÍSO INTERIOR CB,True
COPA ESPAÑA,"FASE DE GRUPOS ""C""",INSOLAC CAJA 87,16,N. DEDOVIC,33.4028,45.5496,True,3,JAEN PARAÍSO INTERIOR CB,True
COPA ESPAÑA,"FASE DE GRUPOS ""C""",INSOLAC CAJA 87,1,G. CLARKE,20.625,93.04965,True,3,JAEN PARAÍSO INTERIOR CB,True
COPA ESPAÑA,"FASE DE GRUPOS ""C""",INSOLAC CAJA 87,0,S. CECILIA PEREZ,7.5,48.5284,True,3,JAEN PARAÍSO INTERIOR CB,True
COPA ESPAÑA,"FASE DE GRUPOS ""C""",INSOLAC CAJA 87,16,N. DEDOVIC,33.2639,44.5567,False,3,JAEN PARAÍSO INTERIOR CB,True
COPA ESPAÑA,"FASE DE GRUPOS ""C""",INSOLAC CAJA 87,18,A. LATORRE SANCHEZ,11.319400000000002,54.2021,False,3,JAEN PARAÍSO INTERIOR CB,True
COPA ESPAÑA,"FASE DE GRUPOS ""C""",INSOLAC CAJA 87,0,S. CECILIA PEREZ,31.1806,26.4362,True,3,JAEN PARAÍSO INTERIOR CB,True
COPA ESPAÑA,"FASE DE GRUPOS ""C""",INSOLAC CAJA 87,17,L. DIBBA,13.333299999999994,48.9894,True,3,JAEN PARAÍSO INTERIOR CB,True
COPA ESPAÑA,"FASE DE GRUPOS ""C""",INSOLAC CAJA 87,0,S. CECILIA PEREZ,30.9722,31.7376,True,3,JAEN PARAÍSO INTERIOR CB,True
COPA ESPAÑA,"FASE DE GRUPOS ""C""",INSOLAC CAJA 87,1,G. CLARKE,20.4861,8.56383,False,3,JAEN PARAÍSO INTERIOR CB,True
COPA ESPAÑA,"FASE DE GRUPOS ""C""",INSOLAC CAJA 87,32,N. BERTAIN,9.0278,52.4645,True,3,JAEN PARAÍSO INTERIOR CB,True
COPA ESPAÑA,"FASE DE GRUPOS ""C""",INSOLAC CAJA 87,30,J. FRANCH DE PABLO,29.5833,78.6879,True,3,JAEN PARAÍSO INTERIOR CB,True
COPA ESPAÑA,"FASE DE GRUPOS ""C""",INSOLAC CAJA 87,32,N. BERTAIN,34.3056,49.6454,False,3,JAEN PARAÍSO INTERIOR CB,True
COPA ESPAÑA,"FASE DE GRUPOS ""C""",INSOLAC CAJA 87,18,A. LATORRE SANCHEZ,9.44444,50.5142,True,3,JAEN PARAÍSO INTERIOR CB,True
COPA ESPAÑA,"FASE DE GRUPOS ""C""",INSOLAC CAJA 87,4,M. JANKOVIC,8.75,52.1277,True,3,JAEN PARAÍSO INTERIOR CB,True
COPA ESPAÑA,"FASE DE GRUPOS ""C""",INSOLAC CAJA 87,30,J. FRANCH DE PABLO,7.083299999999994,7.0390000000000015,False,3,JAEN PARAÍSO INTERIOR CB,True
COPA ESPAÑA,"FASE DE GRUPOS ""C""",INSOLAC CAJA 87,30,J. FRANCH DE PABLO,16.458299999999994,9.397199999999998,False,3,JAEN PARAÍSO INTERIOR CB,True
COPA ESPAÑA,"FASE DE GRUPOS ""C""",INSOLAC CAJA 87,32,N. BERTAIN,10.9722,6.57801,False,3,JAEN PARAÍSO INTERIOR CB,True
COPA ESPAÑA,"FASE DE GRUPOS ""C""",INSOLAC CAJA 87,6,R. SANTOS JIMENEZ,9.236099999999993,53.5816,True,3,JAEN PARAÍSO INTERIOR CB,True
COPA ESPAÑA,"FASE DE GRUPOS ""C""",INSOLAC CAJA 87,18,A. LATORRE SANCHEZ,7.70833,51.8794,False,3,JAEN PARAÍSO INTERIOR CB,True
COPA ESPAÑA,"FASE DE GRUPOS ""C""",INSOLAC CAJA 87,0,S. CECILIA PEREZ,27.638900000000007,17.961,False,3,JAEN PARAÍSO INTERIOR CB,True
COPA ESPAÑA,"FASE DE GRUPOS ""C""",INSOLAC CAJA 87,0,S. CECILIA PEREZ,12.430599999999998,91.56028,False,3,JAEN PARAÍSO INTERIOR CB,True
COPA ESPAÑA,"FASE DE GRUPOS ""C""",INSOLAC CAJA 87,0,S. CECILIA PEREZ,8.26389,45.4255,True,3,JAEN PARAÍSO INTERIOR CB,True
COPA ESPAÑA,"FASE DE GRUPOS ""C""",JAEN PARAÍSO INTERIOR CB,9,G. BOAHEN,26.875,19.6986,True,3,INSOLAC CAJA 87,False
COPA ESPAÑA,"FASE DE GRUPOS ""C""",JAEN PARAÍSO INTERIOR CB,10,L. RODRIGUEZ DOMINGUEZ,30.625,22.4645,False,3,INSOLAC CAJA 87,False
COPA ESPAÑA,"FASE DE GRUPOS ""C""",JAEN PARAÍSO INTERIOR CB,9,G. BOAHEN,27.013900000000007,17.961,True,3,INSOLAC CAJA 87,False
COPA ESPAÑA,"FASE DE GRUPOS ""C""",JAEN PARAÍSO INTERIOR CB,13,J. SANTA BARBARA CARCELEN,35.0694,55.6028,False,3,INSOLAC CAJA 87,False
COPA ESPAÑA,"FASE DE GRUPOS ""C""",JAEN PARAÍSO INTERIOR CB,10,L. RODRIGUEZ DOMINGUEZ,10.625,54.8227,False,3,INSOLAC CAJA 87,False
COPA ESPAÑA,"FASE DE GRUPOS ""C""",JAEN PARAÍSO INTERIOR CB,10,L. RODRIGUEZ DOMINGUEZ,28.888900000000007,76.5426,False,3,INSOLAC CAJA 87,False
COPA ESPAÑA,"FASE DE GRUPOS ""C""",JAEN PARAÍSO INTERIOR CB,2,F. LOPEZ JIMENEZ,6.805599999999998,54.4504,True,3,INSOLAC CAJA 87,False
COPA ESPAÑA,"FASE DE GRUPOS ""C""",JAEN PARAÍSO INTERIOR CB,9,G. BOAHEN,12.9167,93.9539,False,3,INSOLAC CAJA 87,False
COPA ESPAÑA,"FASE DE GRUPOS ""C""",JAEN PARAÍSO INTERIOR CB,9,G. BOAHEN,21.666700000000006,61.0284,False,3,INSOLAC CAJA 87,False
COPA ESPAÑA,"FASE DE GRUPOS ""C""",JAEN PARAÍSO INTERIOR CB,5,A. CAÑETE PUENTENUEVA,8.194400000000002,6.294300000000007,True,3,INSOLAC CAJA 87,False
COPA ESPAÑA,"FASE DE GRUPOS ""C""",JAEN PARAÍSO INTERIOR CB,2,F. LOPEZ JIMENEZ,10.2778,93.17376,True,3,INSOLAC CAJA 87,False
COPA ESPAÑA,"FASE DE GRUPOS ""C""",JAEN PARAÍSO INTERIOR CB,16,I. CASAS GARRIDO,27.916700000000006,21.560299999999998,False,3,INSOLAC CAJA 87,False
COPA ESPAÑA,"FASE DE GRUPOS ""C""",JAEN PARAÍSO INTERIOR CB,16,I. CASAS GARRIDO,7.361099999999993,53.5816,True,3,INSOLAC CAJA 87,False
COPA ESPAÑA,"FASE DE GRUPOS ""C""",JAEN PARAÍSO INTERIOR CB,13,J. SANTA BARBARA CARCELEN,27.0139,20.2305,False,3,INSOLAC CAJA 87,False
COPA ESPAÑA,"FASE DE GRUPOS ""C""",JAEN PARAÍSO INTERIOR CB,2,F. LOPEZ JIMENEZ,8.888900000000007,7.783699999999996,False,3,INSOLAC CAJA 87,False
COPA ESPAÑA,"FASE DE GRUPOS ""C""",JAEN PARAÍSO INTERIOR CB,13,J. SANTA BARBARA CARCELEN,7.56944,46.5426,False,3,INSOLAC CAJA 87,False
COPA ESPAÑA,"FASE DE GRUPOS ""C""",JAEN PARAÍSO INTERIOR CB,9,G. BOAHEN,25.9028,85.727,False,3,INSOLAC CAJA 87,False
COPA ESPAÑA,"FASE DE GRUPOS ""C""",JAEN PARAÍSO INTERIOR CB,5,A. CAÑETE PUENTENUEVA,10.2778,44.0603,False,3,INSOLAC CAJA 87,False
COPA ESPAÑA,"FASE DE GRUPOS ""C""",JAEN PARAÍSO INTERIOR CB,15,J. MARTINEZ MEGIAS,8.958299999999994,43.0319,False,3,INSOLAC CAJA 87,False
COPA ESPAÑA,"FASE DE GRUPOS ""C""",JAEN PARAÍSO INTERIOR CB,5,A. CAÑETE PUENTENUEVA,8.680599999999998,9.024799999999999,False,3,INSOLAC CAJA 87,False
COPA ESPAÑA,"FASE DE GRUPOS ""C""",JAEN PARAÍSO INTERIOR CB,2,F. LOPEZ JIMENEZ,29.0278,22.180899999999994,False,3,INSOLAC CAJA 87,False
COPA ESPAÑA,"FASE DE GRUPOS ""C""",JAEN PARAÍSO INTERIOR CB,5,A. CAÑETE PUENTENUEVA,23.958299999999994,84.9823,False,3,INSOLAC CAJA 87,False
COPA ESPAÑA,"FASE DE GRUPOS ""C""",JAEN PARAÍSO INTERIOR CB,9,G. BOAHEN,26.3889,13.5284,True,3,INSOLAC CAJA 87,False
COPA ESPAÑA,"FASE DE GRUPOS ""C""",JAEN PARAÍSO INTERIOR CB,16,I. CASAS GARRIDO,6.736099999999993,43.156,False,3,INSOLAC CAJA 87,False
COPA ESPAÑA,"FASE DE GRUPOS ""C""",JAEN PARAÍSO INTERIOR CB,1,K. FELIZOR,29.791700000000006,72.1986,True,3,INSOLAC CAJA 87,False
COPA ESPAÑA,"FASE DE GRUPOS ""C""",JAEN PARAÍSO INTERIOR CB,5,A. CAÑETE PUENTENUEVA,9.375,42.9078,False,3,INSOLAC CAJA 87,False
COPA ESPAÑA,"FASE DE GRUPOS ""C""",JAEN PARAÍSO INTERIOR CB,9,G. BOAHEN,29.375,23.049599999999998,False,3,INSOLAC CAJA 87,False
COPA ESPAÑA,"FASE DE GRUPOS ""C""",JAEN PARAÍSO INTERIOR CB,13,J. SANTA BARBARA CARCELEN,30.486099999999993,33.1028,True,3,INSOLAC CAJA 87,False
COPA ESPAÑA,"FASE DE GRUPOS ""C""",JAEN PARAÍSO INTERIOR CB,22,J. MORENO POZA,8.541700000000006,44.7695,True,3,INSOLAC CAJA 87,False
COPA ESPAÑA,"FASE DE GRUPOS ""C""",JAEN PARAÍSO INTERIOR CB,9,G. BOAHEN,6.18056,55.2305,True,3,INSOLAC CAJA 87,False
COPA ESPAÑA,"FASE DE GRUPOS ""C""",JAEN PARAÍSO INTERIOR CB,15,J. MARTINEZ MEGIAS,6.38889,44.6809,True,3,INSOLAC CAJA 87,False
COPA ESPAÑA,"FASE DE GRUPOS ""C""",JAEN PARAÍSO INTERIOR CB,9,G. BOAHEN,25.1389,86.383,True,3,INSOLAC CAJA 87,False
COPA ESPAÑA,"FASE DE GRUPOS ""C""",JAEN PARAÍSO INTERIOR CB,10,L. RODRIGUEZ DOMINGUEZ,27.8472,81.4184,False,3,INSOLAC CAJA 87,False
COPA ESPAÑA,"FASE DE GRUPOS ""C""",JAEN PARAÍSO INTERIOR CB,9,G. BOAHEN,7.291700000000006,53.8298,True,3,INSOLAC CAJA 87,False
COPA ESPAÑA,"FASE DE GRUPOS ""C""",JAEN PARAÍSO INTERIOR CB,13,J. SANTA BARBARA CARCELEN,26.5278,83.0319,True,3,INSOLAC CAJA 87,False
COPA ESPAÑA,"FASE DE GRUPOS ""C""",JAEN PARAÍSO INTERIOR CB,13,J. SANTA BARBARA CARCELEN,7.01389,47.9078,True,3,INSOLAC CAJA 87,False
COPA ESPAÑA,"FASE DE GRUPOS ""C""",JAEN PARAÍSO INTERIOR CB,13,J. SANTA BARBARA CARCELEN,7.013900000000007,50.727,True,3,INSOLAC CAJA 87,False
COPA ESPAÑA,"FASE DE GRUPOS ""C""",JAEN PARAÍSO INTERIOR CB,10,L. RODRIGUEZ DOMINGUEZ,24.6528,83.9894,True,3,INSOLAC CAJA 87,False
COPA ESPAÑA,"FASE DE GRUPOS ""C""",JAEN PARAÍSO INTERIOR CB,1,K. FELIZOR,6.80556,49.0248,True,3,INSOLAC CAJA 87,False
COPA ESPAÑA,"FASE DE GRUPOS ""C""",JAEN PARAÍSO INTERIOR CB,2,F. LOPEZ JIMENEZ,12.2917,53.1206,False,3,INSOLAC CAJA 87,False
COPA ESPAÑA,"FASE DE GRUPOS ""C""",JAEN PARAÍSO INTERIOR CB,5,A. CAÑETE PUENTENUEVA,6.25,53.8653,True,3,INSOLAC CAJA 87,False
COPA ESPAÑA,"FASE DE GRUPOS ""C""",JAEN PARAÍSO INTERIOR CB,15,J. MARTINEZ MEGIAS,9.79167,46.6667,False,3,INSOLAC CAJA 87,False
COPA ESPAÑA,"FASE DE GRUPOS ""C""",JAEN PARAÍSO INTERIOR CB,5,A. CAÑETE PUENTENUEVA,31.1111,31.1525,False,3,INSOLAC CAJA 87,False
COPA ESPAÑA,"FASE DE GRUPOS ""C""",JAEN PARAÍSO INTERIOR CB,13,J. SANTA BARBARA CARCELEN,9.6528,6.914900000000003,False,3,INSOLAC CAJA 87,False
COPA ESPAÑA,"FASE DE GRUPOS ""C""",JAEN PARAÍSO INTERIOR CB,22,J. MORENO POZA,7.222200000000001,41.0461,False,3,INSOLAC CAJA 87,False
COPA ESPAÑA,"FASE DE GRUPOS ""C""",JAEN PARAÍSO INTERIOR CB,2,F. LOPEZ JIMENEZ,6.25,45.922,True,3,INSOLAC CAJA 87,False
COPA ESPAÑA,"FASE DE GRUPOS ""C""",JAEN PARAÍSO INTERIOR CB,10,L. RODRIGUEZ DOMINGUEZ,11.0417,5.83333,False,3,INSOLAC CAJA 87,False
COPA ESPAÑA,"FASE DE GRUPOS ""C""",JAEN PARAÍSO INTERIOR CB,5,A. CAÑETE PUENTENUEVA,7.29167,55.1064,True,3,INSOLAC CAJA 87,False
COPA ESPAÑA,"FASE DE GRUPOS ""C""",JAEN PARAÍSO INTERIOR CB,9,G. BOAHEN,6.25,53.8653,False,3,INSOLAC CAJA 87,False
COPA ESPAÑA,"FASE DE GRUPOS ""C""",JAEN PARAÍSO INTERIOR CB,2,F. LOPEZ JIMENEZ,6.944400000000002,5.921999999999997,False,3,INSOLAC CAJA 87,False
COPA ESPAÑA,"FASE DE GRUPOS ""C""",JAEN PARAÍSO INTERIOR CB,1,K. FELIZOR,25.0,12.1631,False,3,INSOLAC CAJA 87,False
COPA ESPAÑA,"FASE DE GRUPOS ""C""",JAEN PARAÍSO INTERIOR CB,9,G. BOAHEN,13.6806,49.5213,True,3,INSOLAC CAJA 87,False
COPA ESPAÑA,"FASE DE GRUPOS ""C""",JAEN PARAÍSO INTERIOR CB,13,J. SANTA BARBARA CARCELEN,32.0139,56.2234,False,3,INSOLAC CAJA 87,False
COPA ESPAÑA,"FASE DE GRUPOS ""C""",JAEN PARAÍSO INTERIOR CB,1,K. FELIZOR,38.125,33.7234,False,3,INSOLAC CAJA 87,False
COPA ESPAÑA,"FASE DE GRUPOS ""C""",JAEN PARAÍSO INTERIOR CB,16,I. CASAS GARRIDO,7.222200000000001,41.0461,False,3,INSOLAC CAJA 87,False
COPA ESPAÑA,"FASE DE GRUPOS ""C""",JAEN PARAÍSO INTERIOR CB,13,J. SANTA BARBARA CARCELEN,5.06944,56.844,True,3,INSOLAC CAJA 87,False
COPA ESPAÑA,"FASE DE GRUPOS ""C""",JAEN PARAÍSO INTERIOR CB,16,I. CASAS GARRIDO,28.9583,19.4858,False,3,INSOLAC CAJA 87,False
COPA ESPAÑA,"FASE DE GRUPOS ""C""",JAEN PARAÍSO INTERIOR CB,10,L. RODRIGUEZ DOMINGUEZ,15.694400000000002,58.6702,False,3,INSOLAC CAJA 87,False
COPA ESPAÑA,"FASE DE GRUPOS ""D""",PROINBENI UPB GANDIA,11,J. MOLINA MARTINEZ,27.361099999999993,74.43260000000001,False,1,CIUDAD MOLINA BASKET,True
COPA ESPAÑA,"FASE DE GRUPOS ""D""",PROINBENI UPB GANDIA,11,J. MOLINA MARTINEZ,7.847200000000001,51.844,False,1,CIUDAD MOLINA BASKET,True
COPA ESPAÑA,"FASE DE GRUPOS ""D""",PROINBENI UPB GANDIA,24,A. BELLVER VALIENTE,27.1528,82.8723,False,1,CIUDAD MOLINA BASKET,True
COPA ESPAÑA,"FASE DE GRUPOS ""D""",PROINBENI UPB GANDIA,35,J. BITJAA KODY,32.0833,25.9397,False,1,CIUDAD MOLINA BASKET,True
COPA ESPAÑA,"FASE DE GRUPOS ""D""",PROINBENI UPB GANDIA,16,J. SOLER CIRUJEDA,16.388900000000007,71.7021,False,1,CIUDAD MOLINA BASKET,True
COPA ESPAÑA,"FASE DE GRUPOS ""D""",PROINBENI UPB GANDIA,6,C. HURTADO CERVANTES,6.45833,49.0248,False,1,CIUDAD MOLINA BASKET,True
COPA ESPAÑA,"FASE DE GRUPOS ""D""",PROINBENI UPB GANDIA,7,K. GREELEY,2.0139000000000067,94.41489,False,1,CIUDAD MOLINA BASKET,True
COPA ESPAÑA,"FASE DE GRUPOS ""D""",PROINBENI UPB GANDIA,13,L. FERRANDO ORTELLS,23.958299999999994,49.3617,True,1,CIUDAD MOLINA BASKET,True
COPA ESPAÑA,"FASE DE GRUPOS ""D""",PROINBENI UPB GANDIA,15,M. MONTILLA DIAZ,10.2083,44.3085,True,1,CIUDAD MOLINA BASKET,True
COPA ESPAÑA,"FASE DE GRUPOS ""D""",PROINBENI UPB GANDIA,5,G. PEREZ RAMIREZ,4.236099999999993,48.9894,True,1,CIUDAD MOLINA BASKET,True
COPA ESPAÑA,"FASE DE GRUPOS ""D""",PROINBENI UPB GANDIA,14,D. ILINCIC,24.2361,50.8865,True,1,CIUDAD MOLINA BASKET,True
COPA ESPAÑA,"FASE DE GRUPOS ""D""",PROINBENI UPB GANDIA,15,M. MONTILLA DIAZ,5.90278,51.8794,False,1,CIUDAD MOLINA BASKET,True
COPA ESPAÑA,"FASE DE GRUPOS ""D""",PROINBENI UPB GANDIA,13,L. FERRANDO ORTELLS,8.680599999999998,41.4184,False,1,CIUDAD MOLINA BASKET,True
COPA ESPAÑA,"FASE DE GRUPOS ""D""",PROINBENI UPB GANDIA,22,J. SANTANA LUCHORO,8.61111,54.3617,False,1,CIUDAD MOLINA BASKET,True
COPA ESPAÑA,"FASE DE GRUPOS ""D""",PROINBENI UPB GANDIA,13,L. FERRANDO ORTELLS,19.9306,74.1844,True,1,CIUDAD MOLINA BASKET,True
COPA ESPAÑA,"FASE DE GRUPOS ""D""",PROINBENI UPB GANDIA,14,D. ILINCIC,32.1528,35.3369,True,1,CIUDAD MOLINA BASKET,True
COPA ESPAÑA,"FASE DE GRUPOS ""D""",PROINBENI UPB GANDIA,5,G. PEREZ RAMIREZ,31.4583,70.9929,False,1,CIUDAD MOLINA BASKET,True
COPA ESPAÑA,"FASE DE GRUPOS ""D""",PROINBENI UPB GANDIA,13,L. FERRANDO ORTELLS,25.0694,47.6241,False,1,CIUDAD MOLINA BASKET,True
COPA ESPAÑA,"FASE DE GRUPOS ""D""",PROINBENI UPB GANDIA,13,L. FERRANDO ORTELLS,29.0972,22.7128,True,1,CIUDAD MOLINA BASKET,True
COPA ESPAÑA,"FASE DE GRUPOS ""D""",PROINBENI UPB GANDIA,15,M. MONTILLA DIAZ,4.51389,49.7695,True,1,CIUDAD MOLINA BASKET,True
COPA ESPAÑA,"FASE DE GRUPOS ""D""",PROINBENI UPB GANDIA,13,L. FERRANDO ORTELLS,13.6806,6.4539,True,1,CIUDAD MOLINA BASKET,True
COPA ESPAÑA,"FASE DE GRUPOS ""D""",PROINBENI UPB GANDIA,6,C. HURTADO CERVANTES,27.361099999999993,74.43260000000001,False,1,CIUDAD MOLINA BASKET,True
COPA ESPAÑA,"FASE DE GRUPOS ""D""",PROINBENI UPB GANDIA,7,K. GREELEY,16.7361,61.4362,False,1,CIUDAD MOLINA BASKET,True
COPA ESPAÑA,"FASE DE GRUPOS ""D""",PROINBENI UPB GANDIA,16,J. SOLER CIRUJEDA,32.36109999999999,45.5142,False,1,CIUDAD MOLINA BASKET,True
COPA ESPAÑA,"FASE DE GRUPOS ""D""",PROINBENI UPB GANDIA,7,K. GREELEY,3.958299999999994,52.3404,True,1,CIUDAD MOLINA BASKET,True
COPA ESPAÑA,"FASE DE GRUPOS ""D""",PROINBENI UPB GANDIA,13,L. FERRANDO ORTELLS,3.541700000000006,51.5957,True,1,CIUDAD MOLINA BASKET,True
COPA ESPAÑA,"FASE DE GRUPOS ""D""",PROINBENI UPB GANDIA,15,M. MONTILLA DIAZ,4.30556,49.5213,True,1,CIUDAD MOLINA BASKET,True
COPA ESPAÑA,"FASE DE GRUPOS ""D""",PROINBENI UPB GANDIA,35,J. BITJAA KODY,6.18056,51.2589,False,1,CIUDAD MOLINA BASKET,True
COPA ESPAÑA,"FASE DE GRUPOS ""D""",PROINBENI UPB GANDIA,13,L. FERRANDO ORTELLS,24.0278,70.5851,True,1,CIUDAD MOLINA BASKET,True
COPA ESPAÑA,"FASE DE GRUPOS ""D""",PROINBENI UPB GANDIA,16,J. SOLER CIRUJEDA,3.95833,50.266,False,1,CIUDAD MOLINA BASKET,True
COPA ESPAÑA,"FASE DE GRUPOS ""D""",PROINBENI UPB GANDIA,14,D. ILINCIC,4.58333,52.1277,True,1,CIUDAD MOLINA BASKET,True
COPA ESPAÑA,"FASE DE GRUPOS ""D""",PROINBENI UPB GANDIA,5,G. PEREZ RAMIREZ,12.083299999999994,48.8653,False,1,CIUDAD MOLINA BASKET,True
COPA ESPAÑA,"FASE DE GRUPOS ""D""",PROINBENI UPB GANDIA,14,D. ILINCIC,4.930599999999998,52.8369,False,1,CIUDAD MOLINA BASKET,True
COPA ESPAÑA,"FASE DE GRUPOS ""D""",PROINBENI UPB GANDIA,15,M. MONTILLA DIAZ,11.25,42.5709,False,1,CIUDAD MOLINA BASKET,True
COPA ESPAÑA,"FASE DE GRUPOS ""D""",PROINBENI UPB GANDIA,6,C. HURTADO CERVANTES,33.3333,33.2624,True,1,CIUDAD MOLINA BASKET,True
COPA ESPAÑA,"FASE DE GRUPOS ""D""",PROINBENI UPB GANDIA,35,J. BITJAA KODY,27.6389,80.6738,True,1,CIUDAD MOLINA BASKET,True
COPA ESPAÑA,"FASE DE GRUPOS ""D""",PROINBENI UPB GANDIA,11,J. MOLINA MARTINEZ,30.0,76.0461,False,1,CIUDAD MOLINA BASKET,True
COPA ESPAÑA,"FASE DE GRUPOS ""D""",PROINBENI UPB GANDIA,7,K. GREELEY,5.972200000000001,53.3333,True,1,CIUDAD MOLINA BASKET,True
COPA ESPAÑA,"FASE DE GRUPOS ""D""",PROINBENI UPB GANDIA,7,K. GREELEY,16.8056,51.383,False,1,CIUDAD MOLINA BASKET,True
COPA ESPAÑA,"FASE DE GRUPOS ""D""",PROINBENI UPB GANDIA,35,J. BITJAA KODY,8.40278,52.3759,False,1,CIUDAD MOLINA BASKET,True
COPA ESPAÑA,"FASE DE GRUPOS ""D""",PROINBENI UPB GANDIA,7,K. GREELEY,27.8472,24.290800000000004,False,1,CIUDAD MOLINA BASKET,True
COPA ESPAÑA,"FASE DE GRUPOS ""D""",PROINBENI UPB GANDIA,24,A. BELLVER VALIENTE,10.2778,98.75887,False,1,CIUDAD MOLINA BASKET,True
COPA ESPAÑA,"FASE DE GRUPOS ""D""",PROINBENI UPB GANDIA,5,G. PEREZ RAMIREZ,33.333299999999994,48.4929,True,1,CIUDAD MOLINA BASKET,True
COPA ESPAÑA,"FASE DE GRUPOS ""D""",PROINBENI UPB GANDIA,16,J. SOLER CIRUJEDA,5.138900000000007,47.7482,True,1,CIUDAD MOLINA BASKET,True
COPA ESPAÑA,"FASE DE GRUPOS ""D""",PROINBENI UPB GANDIA,15,M. MONTILLA DIAZ,27.9861,80.3014,False,1,CIUDAD MOLINA BASKET,True
COPA ESPAÑA,"FASE DE GRUPOS ""D""",PROINBENI UPB GANDIA,16,J. SOLER CIRUJEDA,18.263900000000007,74.68090000000001,True,1,CIUDAD MOLINA BASKET,True
COPA ESPAÑA,"FASE DE GRUPOS ""D""",PROINBENI UPB GANDIA,35,J. BITJAA KODY,8.40278,52.3759,True,1,CIUDAD MOLINA BASKET,True
COPA ESPAÑA,"FASE DE GRUPOS ""D""",PROINBENI UPB GANDIA,7,K. GREELEY,6.18056,76.4539,False,1,CIUDAD MOLINA BASKET,True
COPA ESPAÑA,"FASE DE GRUPOS ""D""",PROINBENI UPB GANDIA,5,G. PEREZ RAMIREZ,3.541700000000006,5.921999999999997,True,1,CIUDAD MOLINA BASKET,True
COPA ESPAÑA,"FASE DE GRUPOS ""D""",PROINBENI UPB GANDIA,16,J. SOLER CIRUJEDA,5.27778,49.6454,True,1,CIUDAD MOLINA BASKET,True
COPA ESPAÑA,"FASE DE GRUPOS ""D""",PROINBENI UPB GANDIA,14,D. ILINCIC,7.22222,50.5142,False,1,CIUDAD MOLINA BASKET,True
COPA ESPAÑA,"FASE DE GRUPOS ""D""",PROINBENI UPB GANDIA,15,M. MONTILLA DIAZ,6.527799999999999,47.2518,False,1,CIUDAD MOLINA BASKET,True
COPA ESPAÑA,"FASE DE GRUPOS ""D""",PROINBENI UPB GANDIA,13,L. FERRANDO ORTELLS,5.76389,44.1844,False,1,CIUDAD MOLINA BASKET,True
COPA ESPAÑA,"FASE DE GRUPOS ""D""",PROINBENI UPB GANDIA,11,J. MOLINA MARTINEZ,36.0417,43.1915,False,1,CIUDAD MOLINA BASKET,True
COPA ESPAÑA,"FASE DE GRUPOS ""D""",PROINBENI UPB GANDIA,7,K. GREELEY,6.73611,52.6241,True,1,CIUDAD MOLINA BASKET,True
COPA ESPAÑA,"FASE DE GRUPOS ""D""",PROINBENI UPB GANDIA,22,J. SANTANA LUCHORO,13.125,47.8723,False,1,CIUDAD MOLINA BASKET,True
COPA ESPAÑA,"FASE DE GRUPOS ""D""",PROINBENI UPB GANDIA,6,C. HURTADO CERVANTES,30.6944,39.0603,True,1,CIUDAD MOLINA BASKET,True
COPA ESPAÑA,"FASE DE GRUPOS ""D""",PROINBENI UPB GANDIA,14,D. ILINCIC,12.083299999999994,48.8653,False,1,CIUDAD MOLINA BASKET,True
COPA ESPAÑA,"FASE DE GRUPOS ""D""",PROINBENI UPB GANDIA,35,J. BITJAA KODY,8.40278,52.3759,False,1,CIUDAD MOLINA BASKET,True
COPA ESPAÑA,"FASE DE GRUPOS ""D""",PROINBENI UPB GANDIA,7,K. GREELEY,12.9861,25.5674,False,1,CIUDAD MOLINA BASKET,True
COPA ESPAÑA,"FASE DE GRUPOS ""D""",PROINBENI UPB GANDIA,7,K. GREELEY,10.833299999999994,47.7482,True,1,CIUDAD MOLINA BASKET,True
COPA ESPAÑA,"FASE DE GRUPOS ""D""",PROINBENI UPB GANDIA,7,K. GREELEY,24.8611,17.1277,True,1,CIUDAD MOLINA BASKET,True
COPA ESPAÑA,"FASE DE GRUPOS ""D""",PROINBENI UPB GANDIA,24,A. BELLVER VALIENTE,28.4722,74.43260000000001,True,1,CIUDAD MOLINA BASKET,True
COPA ESPAÑA,"FASE DE GRUPOS ""D""",PROINBENI UPB GANDIA,16,J. SOLER CIRUJEDA,4.30556,51.5071,True,1,CIUDAD MOLINA BASKET,True
COPA ESPAÑA,"FASE DE GRUPOS ""D""",PROINBENI UPB GANDIA,16,J. SOLER CIRUJEDA,6.73611,52.6241,False,1,CIUDAD MOLINA BASKET,True
COPA ESPAÑA,"FASE DE GRUPOS ""D""",PROINBENI UPB GANDIA,5,G. PEREZ RAMIREZ,13.0556,50.7624,False,1,CIUDAD MOLINA BASKET,True
COPA ESPAÑA,"FASE DE GRUPOS ""D""",PROINBENI UPB GANDIA,35,J. BITJAA KODY,4.722200000000001,51.0993,False,1,CIUDAD MOLINA BASKET,True
COPA ESPAÑA,"FASE DE GRUPOS ""D""",CIUDAD MOLINA BASKET,26,M. MUKENDI MUKENDI,3.47222,48.7766,True,1,PROINBENI UPB GANDIA,False
COPA ESPAÑA,"FASE DE GRUPOS ""D""",CIUDAD MOLINA BASKET,88,J. TAVELLI,4.93056,46.1702,True,1,PROINBENI UPB GANDIA,False
COPA ESPAÑA,"FASE DE GRUPOS ""D""",CIUDAD MOLINA BASKET,21,G. MILADINOVIC,5.625,48.7411,False,1,PROINBENI UPB GANDIA,False
COPA ESPAÑA,"FASE DE GRUPOS ""D""",CIUDAD MOLINA BASKET,11,P. CAMPENY LLOVERAS,17.1528,5.46099,True,1,PROINBENI UPB GANDIA,False
COPA ESPAÑA,"FASE DE GRUPOS ""D""",CIUDAD MOLINA BASKET,21,G. MILADINOVIC,6.736099999999993,43.4043,False,1,PROINBENI UPB GANDIA,False
COPA ESPAÑA,"FASE DE GRUPOS ""D""",CIUDAD MOLINA BASKET,12,R. MARTÍNEZ-QUINTANILLA JIMÉNEZ,33.8194,28.6702,True,1,PROINBENI UPB GANDIA,False
COPA ESPAÑA,"FASE DE GRUPOS ""D""",CIUDAD MOLINA BASKET,8,G. CADME ARIAS,4.02778,50.1418,True,1,PROINBENI UPB GANDIA,False
COPA ESPAÑA,"FASE DE GRUPOS ""D""",CIUDAD MOLINA BASKET,5,A. DUVAL,32.7083,36.117,False,1,PROINBENI UPB GANDIA,False
COPA ESPAÑA,"FASE DE GRUPOS ""D""",CIUDAD MOLINA BASKET,12,R. MARTÍNEZ-QUINTANILLA JIMÉNEZ,32.3611,23.7057,False,1,PROINBENI UPB GANDIA,False
COPA ESPAÑA,"FASE DE GRUPOS ""D""",CIUDAD MOLINA BASKET,12,R. MARTÍNEZ-QUINTANILLA JIMÉNEZ,6.111099999999993,39.0603,False,1,PROINBENI UPB GANDIA,False
COPA ESPAÑA,"FASE DE GRUPOS ""D""",CIUDAD MOLINA BASKET,25,F. HERNANDEZ MARTINEZ,29.3056,23.546099999999996,False,1,PROINBENI UPB GANDIA,False
COPA ESPAÑA,"FASE DE GRUPOS ""D""",CIUDAD MOLINA BASKET,37,C. TOLEDO ZAMORA,3.8889000000000067,52.3404,True,1,PROINBENI UPB GANDIA,False
COPA ESPAÑA,"FASE DE GRUPOS ""D""",CIUDAD MOLINA BASKET,21,G. MILADINOVIC,5.416700000000006,48.7411,False,1,PROINBENI UPB GANDIA,False
COPA ESPAÑA,"FASE DE GRUPOS ""D""",CIUDAD MOLINA BASKET,26,M. MUKENDI MUKENDI,23.4722,54.8582,False,1,PROINBENI UPB GANDIA,False
COPA ESPAÑA,"FASE DE GRUPOS ""D""",CIUDAD MOLINA BASKET,26,M. MUKENDI MUKENDI,32.7083,36.117,False,1,PROINBENI UPB GANDIA,False
COPA ESPAÑA,"FASE DE GRUPOS ""D""",CIUDAD MOLINA BASKET,37,C. TOLEDO ZAMORA,29.3056,20.8511,False,1,PROINBENI UPB GANDIA,False
COPA ESPAÑA,"FASE DE GRUPOS ""D""",CIUDAD MOLINA BASKET,9,R. TIMONER GIMENEZ,33.5417,65.656,False,1,PROINBENI UPB GANDIA,False
COPA ESPAÑA,"FASE DE GRUPOS ""D""",CIUDAD MOLINA BASKET,9,R. TIMONER GIMENEZ,25.625,85.3901,False,1,PROINBENI UPB GANDIA,False
COPA ESPAÑA,"FASE DE GRUPOS ""D""",CIUDAD MOLINA BASKET,88,J. TAVELLI,4.86111,49.3972,True,1,PROINBENI UPB GANDIA,False
COPA ESPAÑA,"FASE DE GRUPOS ""D""",CIUDAD MOLINA BASKET,12,R. MARTÍNEZ-QUINTANILLA JIMÉNEZ,29.236099999999993,27.145399999999995,False,1,PROINBENI UPB GANDIA,False
COPA ESPAÑA,"FASE DE GRUPOS ""D""",CIUDAD MOLINA BASKET,11,P. CAMPENY LLOVERAS,30.3472,81.383,True,1,PROINBENI UPB GANDIA,False
COPA ESPAÑA,"FASE DE GRUPOS ""D""",CIUDAD MOLINA BASKET,5,A. DUVAL,13.8889,93.4574,False,1,PROINBENI UPB GANDIA,False
COPA ESPAÑA,"FASE DE GRUPOS ""D""",CIUDAD MOLINA BASKET,88,J. TAVELLI,5.277799999999999,47.9965,True,1,PROINBENI UPB GANDIA,False
COPA ESPAÑA,"FASE DE GRUPOS ""D""",CIUDAD MOLINA BASKET,21,G. MILADINOVIC,8.4722,49.9823,False,1,PROINBENI UPB GANDIA,False
COPA ESPAÑA,"FASE DE GRUPOS ""D""",CIUDAD MOLINA BASKET,25,F. HERNANDEZ MARTINEZ,31.3194,74.5922,False,1,PROINBENI UPB GANDIA,False
COPA ESPAÑA,"FASE DE GRUPOS ""D""",CIUDAD MOLINA BASKET,21,G. MILADINOVIC,8.4722,49.9823,False,1,PROINBENI UPB GANDIA,False
COPA ESPAÑA,"FASE DE GRUPOS ""D""",CIUDAD MOLINA BASKET,26,M. MUKENDI MUKENDI,9.0278,44.0248,True,1,PROINBENI UPB GANDIA,False
COPA ESPAÑA,"FASE DE GRUPOS ""D""",CIUDAD MOLINA BASKET,88,J. TAVELLI,25.6944,80.3901,True,1,PROINBENI UPB GANDIA,False
COPA ESPAÑA,"FASE DE GRUPOS ""D""",CIUDAD MOLINA BASKET,7,J. CASCALES FERNANDEZ,5.486099999999993,48.2447,True,1,PROINBENI UPB GANDIA,False
COPA ESPAÑA,"FASE DE GRUPOS ""D""",CIUDAD MOLINA BASKET,8,G. CADME ARIAS,4.65278,54.6099,True,1,PROINBENI UPB GANDIA,False
COPA ESPAÑA,"FASE DE GRUPOS ""D""",CIUDAD MOLINA BASKET,26,M. MUKENDI MUKENDI,12.986099999999993,50.2305,False,1,PROINBENI UPB GANDIA,False
COPA ESPAÑA,"FASE DE GRUPOS ""D""",CIUDAD MOLINA BASKET,26,M. MUKENDI MUKENDI,8.125,43.5284,False,1,PROINBENI UPB GANDIA,False
COPA ESPAÑA,"FASE DE GRUPOS ""D""",CIUDAD MOLINA BASKET,25,F. HERNANDEZ MARTINEZ,30.5556,47.7482,False,1,PROINBENI UPB GANDIA,False
COPA ESPAÑA,"FASE DE GRUPOS ""D""",CIUDAD MOLINA BASKET,5,A. DUVAL,9.0278,44.0248,False,1,PROINBENI UPB GANDIA,False
COPA ESPAÑA,"FASE DE GRUPOS ""D""",CIUDAD MOLINA BASKET,11,P. CAMPENY LLOVERAS,23.4722,86.844,False,1,PROINBENI UPB GANDIA,False
COPA ESPAÑA,"FASE DE GRUPOS ""D""",CIUDAD MOLINA BASKET,5,A. DUVAL,9.305599999999998,50.2305,False,1,PROINBENI UPB GANDIA,False
COPA ESPAÑA,"FASE DE GRUPOS ""D""",CIUDAD MOLINA BASKET,88,J. TAVELLI,30.4167,73.4752,False,1,PROINBENI UPB GANDIA,False
COPA ESPAÑA,"FASE DE GRUPOS ""D""",CIUDAD MOLINA BASKET,5,A. DUVAL,22.9861,91.2234,False,1,PROINBENI UPB GANDIA,False
COPA ESPAÑA,"FASE DE GRUPOS ""D""",CIUDAD MOLINA BASKET,5,A. DUVAL,27.638900000000007,18.457400000000007,True,1,PROINBENI UPB GANDIA,False
COPA ESPAÑA,"FASE DE GRUPOS ""D""",CIUDAD MOLINA BASKET,8,G. CADME ARIAS,31.8056,48.1206,True,1,PROINBENI UPB GANDIA,False
COPA ESPAÑA,"FASE DE GRUPOS ""D""",CIUDAD MOLINA BASKET,5,A. DUVAL,24.791700000000006,17.588700000000003,False,1,PROINBENI UPB GANDIA,False
COPA ESPAÑA,"FASE DE GRUPOS ""D""",CIUDAD MOLINA BASKET,21,G. MILADINOVIC,31.8056,48.1206,False,1,PROINBENI UPB GANDIA,False
COPA ESPAÑA,"FASE DE GRUPOS ""D""",CIUDAD MOLINA BASKET,21,G. MILADINOVIC,29.236099999999993,27.145399999999995,False,1,PROINBENI UPB GANDIA,False
COPA ESPAÑA,"FASE DE GRUPOS ""D""",CIUDAD MOLINA BASKET,37,C. TOLEDO ZAMORA,8.05556,56.7199,True,1,PROINBENI UPB GANDIA,False
COPA ESPAÑA,"FASE DE GRUPOS ""D""",CIUDAD MOLINA BASKET,88,J. TAVELLI,26.7361,84.6454,False,1,PROINBENI UPB GANDIA,False
COPA ESPAÑA,"FASE DE GRUPOS ""D""",CIUDAD MOLINA BASKET,5,A. DUVAL,25.416700000000006,85.3546,True,1,PROINBENI UPB GANDIA,False
COPA ESPAÑA,"FASE DE GRUPOS ""D""",CIUDAD MOLINA BASKET,26,M. MUKENDI MUKENDI,9.513900000000007,46.5071,False,1,PROINBENI UPB GANDIA,False
COPA ESPAÑA,"FASE DE GRUPOS ""D""",CIUDAD MOLINA BASKET,9,R. TIMONER GIMENEZ,33.5417,61.5603,False,1,PROINBENI UPB GANDIA,False
COPA ESPAÑA,"FASE DE GRUPOS ""D""",CIUDAD MOLINA BASKET,25,F. HERNANDEZ MARTINEZ,8.05556,56.7199,False,1,PROINBENI UPB GANDIA,False
COPA ESPAÑA,"FASE DE GRUPOS ""D""",CIUDAD MOLINA BASKET,21,G. MILADINOVIC,5.625,47.2872,False,1,PROINBENI UPB GANDIA,False
COPA ESPAÑA,"FASE DE GRUPOS ""D""",CIUDAD MOLINA BASKET,21,G. MILADINOVIC,7.43056,55.4787,False,1,PROINBENI UPB GANDIA,False
COPA ESPAÑA,"FASE DE GRUPOS ""D""",CIUDAD MOLINA BASKET,25,F. HERNANDEZ MARTINEZ,26.041700000000006,17.588700000000003,True,1,PROINBENI UPB GANDIA,False
COPA ESPAÑA,"FASE DE GRUPOS ""D""",CIUDAD MOLINA BASKET,8,G. CADME ARIAS,12.2222,93.0851,False,1,PROINBENI UPB GANDIA,False
COPA ESPAÑA,"FASE DE GRUPOS ""D""",CIUDAD MOLINA BASKET,5,A. DUVAL,29.166700000000006,74.5567,False,1,PROINBENI UPB GANDIA,False
COPA ESPAÑA,"FASE DE GRUPOS ""D""",CIUDAD MOLINA BASKET,8,G. CADME ARIAS,23.6806,18.457400000000007,True,1,PROINBENI UPB GANDIA,False
COPA ESPAÑA,"FASE DE GRUPOS ""D""",CIUDAD MOLINA BASKET,8,G. CADME ARIAS,8.05556,59.5745,True,1,PROINBENI UPB GANDIA,False
COPA ESPAÑA,"FASE DE GRUPOS ""D""",CIUDAD MOLINA BASKET,12,R. MARTÍNEZ-QUINTANILLA JIMÉNEZ,9.65278,57.5887,False,1,PROINBENI UPB GANDIA,False
COPA ESPAÑA,"FASE DE GRUPOS ""D""",CIUDAD MOLINA BASKET,37,C. TOLEDO ZAMORA,5.277799999999999,52.7128,False,1,PROINBENI UPB GANDIA,False
COPA ESPAÑA,"FASE DE GRUPOS ""D""",CIUDAD MOLINA BASKET,11,P. CAMPENY LLOVERAS,11.5278,92.2163,True,1,PROINBENI UPB GANDIA,False
COPA ESPAÑA,"FASE DE GRUPOS ""D""",CIUDAD MOLINA BASKET,25,F. HERNANDEZ MARTINEZ,30.6944,70.6206,False,1,PROINBENI UPB GANDIA,False
COPA ESPAÑA,"FASE DE GRUPOS ""D""",CIUDAD MOLINA BASKET,21,G. MILADINOVIC,7.986099999999993,49.2376,False,1,PROINBENI UPB GANDIA,False
COPA ESPAÑA,"FASE DE GRUPOS ""D""",CIUDAD MOLINA BASKET,5,A. DUVAL,10.2778,70.3723,False,1,PROINBENI UPB GANDIA,False
COPA ESPAÑA,"FASE DE GRUPOS ""D""",CIUDAD MOLINA BASKET,37,C. TOLEDO ZAMORA,4.791700000000006,49.9823,True,1,PROINBENI UPB GANDIA,False
COPA ESPAÑA,"FASE DE GRUPOS ""D""",CIUDAD MOLINA BASKET,25,F. HERNANDEZ MARTINEZ,33.125,46.0461,False,1,PROINBENI UPB GANDIA,False
COPA ESPAÑA,"FASE DE GRUPOS ""D""",CIUDAD MOLINA BASKET,11,P. CAMPENY LLOVERAS,31.1111,72.4823,False,1,PROINBENI UPB GANDIA,False
COPA ESPAÑA,"FASE DE GRUPOS ""D""",CIUDAD MOLINA BASKET,11,P. CAMPENY LLOVERAS,7.291700000000006,50.1064,False,1,PROINBENI UPB GANDIA,False
COPA ESPAÑA,"FASE DE GRUPOS ""D""",CIUDAD MOLINA BASKET,21,G. MILADINOVIC,4.79167,42.0745,False,1,PROINBENI UPB GANDIA,False
COPA ESPAÑA,"FASE DE GRUPOS ""D""",CIUDAD MOLINA BASKET,8,G. CADME ARIAS,7.013900000000007,47.2518,False,2,BUENO ARENAS ALBACETE BASKET,True
COPA ESPAÑA,"FASE DE GRUPOS ""D""",CIUDAD MOLINA BASKET,26,M. MUKENDI MUKENDI,7.77778,50.1418,False,2,BUENO ARENAS ALBACETE BASKET,True
COPA ESPAÑA,"FASE DE GRUPOS ""D""",CIUDAD MOLINA BASKET,12,R. MARTÍNEZ-QUINTANILLA JIMÉNEZ,28.5417,20.8511,False,2,BUENO ARENAS ALBACETE BASKET,True
COPA ESPAÑA,"FASE DE GRUPOS ""D""",CIUDAD MOLINA BASKET,8,G. CADME ARIAS,10.6944,93.5816,False,2,BUENO ARENAS ALBACETE BASKET,True
COPA ESPAÑA,"FASE DE GRUPOS ""D""",CIUDAD MOLINA BASKET,12,R. MARTÍNEZ-QUINTANILLA JIMÉNEZ,32.8472,39.5922,True,2,BUENO ARENAS ALBACETE BASKET,True
COPA ESPAÑA,"FASE DE GRUPOS ""D""",CIUDAD MOLINA BASKET,5,A. DUVAL,32.98609999999999,52.4645,False,2,BUENO ARENAS ALBACETE BASKET,True
COPA ESPAÑA,"FASE DE GRUPOS ""D""",CIUDAD MOLINA BASKET,11,P. CAMPENY LLOVERAS,32.8472,38.7234,False,2,BUENO ARENAS ALBACETE BASKET,True
COPA ESPAÑA,"FASE DE GRUPOS ""D""",CIUDAD MOLINA BASKET,5,A. DUVAL,28.6111,80.7979,False,2,BUENO ARENAS ALBACETE BASKET,True
COPA ESPAÑA,"FASE DE GRUPOS ""D""",CIUDAD MOLINA BASKET,25,F. HERNANDEZ MARTINEZ,26.875,81.7553,True,2,BUENO ARENAS ALBACETE BASKET,True
COPA ESPAÑA,"FASE DE GRUPOS ""D""",CIUDAD MOLINA BASKET,21,G. MILADINOVIC,8.333299999999994,52.2163,True,2,BUENO ARENAS ALBACETE BASKET,True
COPA ESPAÑA,"FASE DE GRUPOS ""D""",CIUDAD MOLINA BASKET,21,G. MILADINOVIC,5.48611,54.9823,False,2,BUENO ARENAS ALBACETE BASKET,True
COPA ESPAÑA,"FASE DE GRUPOS ""D""",CIUDAD MOLINA BASKET,26,M. MUKENDI MUKENDI,12.569400000000002,51.844,True,2,BUENO ARENAS ALBACETE BASKET,True
COPA ESPAÑA,"FASE DE GRUPOS ""D""",CIUDAD MOLINA BASKET,21,G. MILADINOVIC,9.305599999999998,48.7411,False,2,BUENO ARENAS ALBACETE BASKET,True
COPA ESPAÑA,"FASE DE GRUPOS ""D""",CIUDAD MOLINA BASKET,12,R. MARTÍNEZ-QUINTANILLA JIMÉNEZ,7.98611,49.273,False,2,BUENO ARENAS ALBACETE BASKET,True
COPA ESPAÑA,"FASE DE GRUPOS ""D""",CIUDAD MOLINA BASKET,12,R. MARTÍNEZ-QUINTANILLA JIMÉNEZ,30.6944,25.0709,False,2,BUENO ARENAS ALBACETE BASKET,True
COPA ESPAÑA,"FASE DE GRUPOS ""D""",CIUDAD MOLINA BASKET,25,F. HERNANDEZ MARTINEZ,7.70833,43.3156,False,2,BUENO ARENAS ALBACETE BASKET,True
COPA ESPAÑA,"FASE DE GRUPOS ""D""",CIUDAD MOLINA BASKET,12,R. MARTÍNEZ-QUINTANILLA JIMÉNEZ,31.9444,66.6135,True,2,BUENO ARENAS ALBACETE BASKET,True
COPA ESPAÑA,"FASE DE GRUPOS ""D""",CIUDAD MOLINA BASKET,8,G. CADME ARIAS,5.41667,47.6596,False,2,BUENO ARENAS ALBACETE BASKET,True
COPA ESPAÑA,"FASE DE GRUPOS ""D""",CIUDAD MOLINA BASKET,12,R. MARTÍNEZ-QUINTANILLA JIMÉNEZ,30.416700000000006,25.159599999999998,True,2,BUENO ARENAS ALBACETE BASKET,True
COPA ESPAÑA,"FASE DE GRUPOS ""D""",CIUDAD MOLINA BASKET,5,A. DUVAL,31.041700000000006,30.1241,False,2,BUENO ARENAS ALBACETE BASKET,True
COPA ESPAÑA,"FASE DE GRUPOS ""D""",CIUDAD MOLINA BASKET,26,M. MUKENDI MUKENDI,14.236099999999993,51.9681,False,2,BUENO ARENAS ALBACETE BASKET,True
COPA ESPAÑA,"FASE DE GRUPOS ""D""",CIUDAD MOLINA BASKET,5,A. DUVAL,5.416700000000006,47.8723,True,2,BUENO ARENAS ALBACETE BASKET,True
COPA ESPAÑA,"FASE DE GRUPOS ""D""",CIUDAD MOLINA BASKET,26,M. MUKENDI MUKENDI,5.97222,49.0248,True,2,BUENO ARENAS ALBACETE BASKET,True
COPA ESPAÑA,"FASE DE GRUPOS ""D""",CIUDAD MOLINA BASKET,5,A. DUVAL,33.4028,52.2163,True,2,BUENO ARENAS ALBACETE BASKET,True
COPA ESPAÑA,"FASE DE GRUPOS ""D""",CIUDAD MOLINA BASKET,5,A. DUVAL,22.361099999999993,70.7092,False,2,BUENO ARENAS ALBACETE BASKET,True
COPA ESPAÑA,"FASE DE GRUPOS ""D""",CIUDAD MOLINA BASKET,12,R. MARTÍNEZ-QUINTANILLA JIMÉNEZ,7.63889,48.156,False,2,BUENO ARENAS ALBACETE BASKET,True
COPA ESPAÑA,"FASE DE GRUPOS ""D""",CIUDAD MOLINA BASKET,8,G. CADME ARIAS,12.013900000000007,94.91135,True,2,BUENO ARENAS ALBACETE BASKET,True
COPA ESPAÑA,"FASE DE GRUPOS ""D""",CIUDAD MOLINA BASKET,5,A. DUVAL,5.90278,57.0922,False,2,BUENO ARENAS ALBACETE BASKET,True
COPA ESPAÑA,"FASE DE GRUPOS ""D""",CIUDAD MOLINA BASKET,11,P. CAMPENY LLOVERAS,6.94444,51.2589,True,2,BUENO ARENAS ALBACETE BASKET,True
COPA ESPAÑA,"FASE DE GRUPOS ""D""",CIUDAD MOLINA BASKET,9,R. TIMONER GIMENEZ,7.083299999999994,49.9823,False,2,BUENO ARENAS ALBACETE BASKET,True
COPA ESPAÑA,"FASE DE GRUPOS ""D""",CIUDAD MOLINA BASKET,12,R. MARTÍNEZ-QUINTANILLA JIMÉNEZ,8.68056,27.8014,False,2,BUENO ARENAS ALBACETE BASKET,True
COPA ESPAÑA,"FASE DE GRUPOS ""D""",CIUDAD MOLINA BASKET,5,A. DUVAL,7.569400000000002,49.6099,True,2,BUENO ARENAS ALBACETE BASKET,True
COPA ESPAÑA,"FASE DE GRUPOS ""D""",CIUDAD MOLINA BASKET,26,M. MUKENDI MUKENDI,7.430599999999998,52.2163,True,2,BUENO ARENAS ALBACETE BASKET,True
COPA ESPAÑA,"FASE DE GRUPOS ""D""",CIUDAD MOLINA BASKET,12,R. MARTÍNEZ-QUINTANILLA JIMÉNEZ,9.513900000000007,39.1844,False,2,BUENO ARENAS ALBACETE BASKET,True
COPA ESPAÑA,"FASE DE GRUPOS ""D""",CIUDAD MOLINA BASKET,26,M. MUKENDI MUKENDI,5.13889,47.039,True,2,BUENO ARENAS ALBACETE BASKET,True
COPA ESPAÑA,"FASE DE GRUPOS ""D""",CIUDAD MOLINA BASKET,9,R. TIMONER GIMENEZ,9.166700000000006,54.8227,False,2,BUENO ARENAS ALBACETE BASKET,True
COPA ESPAÑA,"FASE DE GRUPOS ""D""",CIUDAD MOLINA BASKET,25,F. HERNANDEZ MARTINEZ,7.36111,49.0248,False,2,BUENO ARENAS ALBACETE BASKET,True
COPA ESPAÑA,"FASE DE GRUPOS ""D""",CIUDAD MOLINA BASKET,25,F. HERNANDEZ MARTINEZ,35.0,44.273,True,2,BUENO ARENAS ALBACETE BASKET,True
COPA ESPAÑA,"FASE DE GRUPOS ""D""",CIUDAD MOLINA BASKET,5,A. DUVAL,24.236099999999993,87.0922,True,2,BUENO ARENAS ALBACETE BASKET,True
COPA ESPAÑA,"FASE DE GRUPOS ""D""",CIUDAD MOLINA BASKET,25,F. HERNANDEZ MARTINEZ,23.4028,10.1773,True,2,BUENO ARENAS ALBACETE BASKET,True
COPA ESPAÑA,"FASE DE GRUPOS ""D""",CIUDAD MOLINA BASKET,25,F. HERNANDEZ MARTINEZ,26.7361,82.9078,False,2,BUENO ARENAS ALBACETE BASKET,True
COPA ESPAÑA,"FASE DE GRUPOS ""D""",CIUDAD MOLINA BASKET,88,J. TAVELLI,27.8472,18.7411,False,2,BUENO ARENAS ALBACETE BASKET,True
COPA ESPAÑA,"FASE DE GRUPOS ""D""",CIUDAD MOLINA BASKET,21,G. MILADINOVIC,5.0,53.7411,True,2,BUENO ARENAS ALBACETE BASKET,True
COPA ESPAÑA,"FASE DE GRUPOS ""D""",CIUDAD MOLINA BASKET,5,A. DUVAL,30.9722,75.9574,False,2,BUENO ARENAS ALBACETE BASKET,True
COPA ESPAÑA,"FASE DE GRUPOS ""D""",CIUDAD MOLINA BASKET,25,F. HERNANDEZ MARTINEZ,24.7917,84.7695,True,2,BUENO ARENAS ALBACETE BASKET,True
COPA ESPAÑA,"FASE DE GRUPOS ""D""",CIUDAD MOLINA BASKET,25,F. HERNANDEZ MARTINEZ,30.4167,72.4823,True,2,BUENO ARENAS ALBACETE BASKET,True
COPA ESPAÑA,"FASE DE GRUPOS ""D""",CIUDAD MOLINA BASKET,11,P. CAMPENY LLOVERAS,26.875,84.0248,False,2,BUENO ARENAS ALBACETE BASKET,True
COPA ESPAÑA,"FASE DE GRUPOS ""D""",CIUDAD MOLINA BASKET,11,P. CAMPENY LLOVERAS,32.9167,13.4043,True,2,BUENO ARENAS ALBACETE BASKET,True
COPA ESPAÑA,"FASE DE GRUPOS ""D""",CIUDAD MOLINA BASKET,26,M. MUKENDI MUKENDI,10.486099999999993,50.6028,True,2,BUENO ARENAS ALBACETE BASKET,True
COPA ESPAÑA,"FASE DE GRUPOS ""D""",CIUDAD MOLINA BASKET,88,J. TAVELLI,12.9167,61.0638,False,2,BUENO ARENAS ALBACETE BASKET,True
COPA ESPAÑA,"FASE DE GRUPOS ""D""",CIUDAD MOLINA BASKET,11,P. CAMPENY LLOVERAS,4.93056,52.2518,True,2,BUENO ARENAS ALBACETE BASKET,True
COPA ESPAÑA,"FASE DE GRUPOS ""D""",CIUDAD MOLINA BASKET,12,R. MARTÍNEZ-QUINTANILLA JIMÉNEZ,26.875,81.50710000000001,False,2,BUENO ARENAS ALBACETE BASKET,True
COPA ESPAÑA,"FASE DE GRUPOS ""D""",CIUDAD MOLINA BASKET,21,G. MILADINOVIC,10.2778,48.1206,True,2,BUENO ARENAS ALBACETE BASKET,True
COPA ESPAÑA,"FASE DE GRUPOS ""D""",CIUDAD MOLINA BASKET,5,A. DUVAL,23.263900000000007,87.7128,False,2,BUENO ARENAS ALBACETE BASKET,True
COPA ESPAÑA,"FASE DE GRUPOS ""D""",CIUDAD MOLINA BASKET,12,R. MARTÍNEZ-QUINTANILLA JIMÉNEZ,23.125,12.4113,False,2,BUENO ARENAS ALBACETE BASKET,True
COPA ESPAÑA,"FASE DE GRUPOS ""D""",CIUDAD MOLINA BASKET,25,F. HERNANDEZ MARTINEZ,7.91667,45.6738,False,2,BUENO ARENAS ALBACETE BASKET,True
COPA ESPAÑA,"FASE DE GRUPOS ""D""",CIUDAD MOLINA BASKET,26,M. MUKENDI MUKENDI,5.694400000000002,52.3404,True,2,BUENO ARENAS ALBACETE BASKET,True
COPA ESPAÑA,"FASE DE GRUPOS ""D""",CIUDAD MOLINA BASKET,25,F. HERNANDEZ MARTINEZ,15.833299999999994,56.8085,True,2,BUENO ARENAS ALBACETE BASKET,True
COPA ESPAÑA,"FASE DE GRUPOS ""D""",CIUDAD MOLINA BASKET,11,P. CAMPENY LLOVERAS,29.5139,21.3475,False,2,BUENO ARENAS ALBACETE BASKET,True
COPA ESPAÑA,"FASE DE GRUPOS ""D""",CIUDAD MOLINA BASKET,21,G. MILADINOVIC,9.444400000000002,52.3404,False,2,BUENO ARENAS ALBACETE BASKET,True
COPA ESPAÑA,"FASE DE GRUPOS ""D""",CIUDAD MOLINA BASKET,88,J. TAVELLI,31.5278,67.8546,False,2,BUENO ARENAS ALBACETE BASKET,True
COPA ESPAÑA,"FASE DE GRUPOS ""D""",BUENO ARENAS ALBACETE BASKET,5,N. REID,9.444400000000002,45.266,False,2,CIUDAD MOLINA BASKET,False
COPA ESPAÑA,"FASE DE GRUPOS ""D""",BUENO ARENAS ALBACETE BASKET,7,V. MUÑOZ QUIÑONES,6.458299999999994,53.7057,False,2,CIUDAD MOLINA BASKET,False
COPA ESPAÑA,"FASE DE GRUPOS ""D""",BUENO ARENAS ALBACETE BASKET,5,N. REID,8.4722,51.2234,False,2,CIUDAD MOLINA BASKET,False
COPA ESPAÑA,"FASE DE GRUPOS ""D""",BUENO ARENAS ALBACETE BASKET,3,V. AGUILAR HERNANDEZ,23.0556,51.3475,False,2,CIUDAD MOLINA BASKET,False
COPA ESPAÑA,"FASE DE GRUPOS ""D""",BUENO ARENAS ALBACETE BASKET,24,O. BRAMBLE,6.66667,47.039,True,2,CIUDAD MOLINA BASKET,False
COPA ESPAÑA,"FASE DE GRUPOS ""D""",BUENO ARENAS ALBACETE BASKET,2,F. ANDRADE AMIEL,34.7917,27.5532,True,2,CIUDAD MOLINA BASKET,False
COPA ESPAÑA,"FASE DE GRUPOS ""D""",BUENO ARENAS ALBACETE BASKET,22,A. PEREZ CONTI,24.513900000000007,87.961,False,2,CIUDAD MOLINA BASKET,False
COPA ESPAÑA,"FASE DE GRUPOS ""D""",BUENO ARENAS ALBACETE BASKET,11,J. GONZALEZ ALBADALEJO,43.4028,24.414900000000003,False,2,CIUDAD MOLINA BASKET,False
COPA ESPAÑA,"FASE DE GRUPOS ""D""",BUENO ARENAS ALBACETE BASKET,5,N. REID,9.375,28.2979,False,2,CIUDAD MOLINA BASKET,False
COPA ESPAÑA,"FASE DE GRUPOS ""D""",BUENO ARENAS ALBACETE BASKET,44,B. VANACLOCHA SANCHEZ,8.4722,50.727,False,2,CIUDAD MOLINA BASKET,False
COPA ESPAÑA,"FASE DE GRUPOS ""D""",BUENO ARENAS ALBACETE BASKET,11,J. GONZALEZ ALBADALEJO,23.6111,87.0035,False,2,CIUDAD MOLINA BASKET,False
COPA ESPAÑA,"FASE DE GRUPOS ""D""",BUENO ARENAS ALBACETE BASKET,10,S. MERLO,34.23609999999999,56.8085,False,2,CIUDAD MOLINA BASKET,False
COPA ESPAÑA,"FASE DE GRUPOS ""D""",BUENO ARENAS ALBACETE BASKET,24,O. BRAMBLE,6.944400000000002,59.4149,False,2,CIUDAD MOLINA BASKET,False
COPA ESPAÑA,"FASE DE GRUPOS ""D""",BUENO ARENAS ALBACETE BASKET,7,V. MUÑOZ QUIÑONES,4.79167,53.3688,True,2,CIUDAD MOLINA BASKET,False
COPA ESPAÑA,"FASE DE GRUPOS ""D""",BUENO ARENAS ALBACETE BASKET,2,F. ANDRADE AMIEL,31.1806,78.8121,False,2,CIUDAD MOLINA BASKET,False
COPA ESPAÑA,"FASE DE GRUPOS ""D""",BUENO ARENAS ALBACETE BASKET,10,S. MERLO,6.111099999999993,53.3333,True,2,CIUDAD MOLINA BASKET,False
COPA ESPAÑA,"FASE DE GRUPOS ""D""",BUENO ARENAS ALBACETE BASKET,11,J. GONZALEZ ALBADALEJO,6.527799999999999,57.5532,True,2,CIUDAD MOLINA BASKET,False
COPA ESPAÑA,"FASE DE GRUPOS ""D""",BUENO ARENAS ALBACETE BASKET,10,S. MERLO,8.333299999999994,47.5,False,2,CIUDAD MOLINA BASKET,False
COPA ESPAÑA,"FASE DE GRUPOS ""D""",BUENO ARENAS ALBACETE BASKET,5,N. REID,8.541700000000006,57.305,True,2,CIUDAD MOLINA BASKET,False
COPA ESPAÑA,"FASE DE GRUPOS ""D""",BUENO ARENAS ALBACETE BASKET,10,S. MERLO,5.76389,48.0319,True,2,CIUDAD MOLINA BASKET,False
COPA ESPAÑA,"FASE DE GRUPOS ""D""",BUENO ARENAS ALBACETE BASKET,2,F. ANDRADE AMIEL,10.416700000000006,48.3688,True,2,CIUDAD MOLINA BASKET,False
COPA ESPAÑA,"FASE DE GRUPOS ""D""",BUENO ARENAS ALBACETE BASKET,44,B. VANACLOCHA SANCHEZ,6.31944,47.039,False,2,CIUDAD MOLINA BASKET,False
COPA ESPAÑA,"FASE DE GRUPOS ""D""",BUENO ARENAS ALBACETE BASKET,10,S. MERLO,34.375,76.5426,True,2,CIUDAD MOLINA BASKET,False
COPA ESPAÑA,"FASE DE GRUPOS ""D""",BUENO ARENAS ALBACETE BASKET,10,S. MERLO,8.26389,52.8723,False,2,CIUDAD MOLINA BASKET,False
COPA ESPAÑA,"FASE DE GRUPOS ""D""",BUENO ARENAS ALBACETE BASKET,5,N. REID,17.638900000000007,51.4716,False,2,CIUDAD MOLINA BASKET,False
COPA ESPAÑA,"FASE DE GRUPOS ""D""",BUENO ARENAS ALBACETE BASKET,10,S. MERLO,7.986099999999993,83.9894,True,2,CIUDAD MOLINA BASKET,False
COPA ESPAÑA,"FASE DE GRUPOS ""D""",BUENO ARENAS ALBACETE BASKET,10,S. MERLO,7.15278,47.7837,False,2,CIUDAD MOLINA BASKET,False
COPA ESPAÑA,"FASE DE GRUPOS ""D""",BUENO ARENAS ALBACETE BASKET,22,A. PEREZ CONTI,7.77778,45.0532,True,2,CIUDAD MOLINA BASKET,False
COPA ESPAÑA,"FASE DE GRUPOS ""D""",BUENO ARENAS ALBACETE BASKET,24,O. BRAMBLE,4.93056,46.2943,True,2,CIUDAD MOLINA BASKET,False
COPA ESPAÑA,"FASE DE GRUPOS ""D""",BUENO ARENAS ALBACETE BASKET,5,N. REID,7.638900000000007,49.2376,False,2,CIUDAD MOLINA BASKET,False
COPA ESPAÑA,"FASE DE GRUPOS ""D""",BUENO ARENAS ALBACETE BASKET,11,J. GONZALEZ ALBADALEJO,27.7778,84.734,True,2,CIUDAD MOLINA BASKET,False
COPA ESPAÑA,"FASE DE GRUPOS ""D""",BUENO ARENAS ALBACETE BASKET,7,V. MUÑOZ QUIÑONES,28.4028,76.0461,True,2,CIUDAD MOLINA BASKET,False
COPA ESPAÑA,"FASE DE GRUPOS ""D""",BUENO ARENAS ALBACETE BASKET,7,V. MUÑOZ QUIÑONES,5.83333,46.7908,True,2,CIUDAD MOLINA BASKET,False
COPA ESPAÑA,"FASE DE GRUPOS ""D""",BUENO ARENAS ALBACETE BASKET,7,V. MUÑOZ QUIÑONES,5.76389,5.33688,False,2,CIUDAD MOLINA BASKET,False
COPA ESPAÑA,"FASE DE GRUPOS ""D""",BUENO ARENAS ALBACETE BASKET,11,J. GONZALEZ ALBADALEJO,24.0278,86.6312,True,2,CIUDAD MOLINA BASKET,False
COPA ESPAÑA,"FASE DE GRUPOS ""D""",BUENO ARENAS ALBACETE BASKET,11,J. GONZALEZ ALBADALEJO,8.541700000000006,93.67021,False,2,CIUDAD MOLINA BASKET,False
COPA ESPAÑA,"FASE DE GRUPOS ""D""",BUENO ARENAS ALBACETE BASKET,11,J. GONZALEZ ALBADALEJO,7.430599999999998,51.4716,True,2,CIUDAD MOLINA BASKET,False
COPA ESPAÑA,"FASE DE GRUPOS ""D""",BUENO ARENAS ALBACETE BASKET,11,J. GONZALEZ ALBADALEJO,33.4028,51.1347,False,2,CIUDAD MOLINA BASKET,False
COPA ESPAÑA,"FASE DE GRUPOS ""D""",BUENO ARENAS ALBACETE BASKET,5,N. REID,32.2222,67.48230000000001,False,2,CIUDAD MOLINA BASKET,False
COPA ESPAÑA,"FASE DE GRUPOS ""D""",BUENO ARENAS ALBACETE BASKET,7,V. MUÑOZ QUIÑONES,8.125,43.5638,False,2,CIUDAD MOLINA BASKET,False
COPA ESPAÑA,"FASE DE GRUPOS ""D""",BUENO ARENAS ALBACETE BASKET,11,J. GONZALEZ ALBADALEJO,24.0972,85.1418,False,2,CIUDAD MOLINA BASKET,False
COPA ESPAÑA,"FASE DE GRUPOS ""D""",BUENO ARENAS ALBACETE BASKET,5,N. REID,28.6806,79.89359999999999,False,2,CIUDAD MOLINA BASKET,False
COPA ESPAÑA,"FASE DE GRUPOS ""D""",BUENO ARENAS ALBACETE BASKET,10,S. MERLO,10.555599999999998,53.4574,False,2,CIUDAD MOLINA BASKET,False
COPA ESPAÑA,"FASE DE GRUPOS ""D""",BUENO ARENAS ALBACETE BASKET,2,F. ANDRADE AMIEL,33.4028,45.3014,False,2,CIUDAD MOLINA BASKET,False
COPA ESPAÑA,"FASE DE GRUPOS ""D""",BUENO ARENAS ALBACETE BASKET,7,V. MUÑOZ QUIÑONES,5.97222,52.1277,False,2,CIUDAD MOLINA BASKET,False
COPA ESPAÑA,"FASE DE GRUPOS ""D""",BUENO ARENAS ALBACETE BASKET,5,N. REID,21.3194,33.4752,True,2,CIUDAD MOLINA BASKET,False
COPA ESPAÑA,"FASE DE GRUPOS ""D""",BUENO ARENAS ALBACETE BASKET,2,F. ANDRADE AMIEL,32.083299999999994,84.6099,True,2,CIUDAD MOLINA BASKET,False
COPA ESPAÑA,"FASE DE GRUPOS ""D""",BUENO ARENAS ALBACETE BASKET,2,F. ANDRADE AMIEL,9.236099999999993,48.9894,False,2,CIUDAD MOLINA BASKET,False
COPA ESPAÑA,"FASE DE GRUPOS ""D""",BUENO ARENAS ALBACETE BASKET,7,V. MUÑOZ QUIÑONES,15.486099999999993,93.91844,False,2,CIUDAD MOLINA BASKET,False
COPA ESPAÑA,"FASE DE GRUPOS ""D""",BUENO ARENAS ALBACETE BASKET,11,J. GONZALEZ ALBADALEJO,33.4722,46.7908,False,2,CIUDAD MOLINA BASKET,False
COPA ESPAÑA,"FASE DE GRUPOS ""D""",BUENO ARENAS ALBACETE BASKET,10,S. MERLO,6.041700000000006,46.1347,True,2,CIUDAD MOLINA BASKET,False
COPA ESPAÑA,"FASE DE GRUPOS ""D""",BUENO ARENAS ALBACETE BASKET,10,S. MERLO,4.30556,53.3688,False,2,CIUDAD MOLINA BASKET,False
COPA ESPAÑA,"FASE DE GRUPOS ""D""",BUENO ARENAS ALBACETE BASKET,3,V. AGUILAR HERNANDEZ,25.2083,85.6383,True,2,CIUDAD MOLINA BASKET,False
COPA ESPAÑA,"FASE DE GRUPOS ""D""",BUENO ARENAS ALBACETE BASKET,22,A. PEREZ CONTI,22.013900000000007,9.024799999999999,True,2,CIUDAD MOLINA BASKET,False
COPA ESPAÑA,"FASE DE GRUPOS ""D""",BUENO ARENAS ALBACETE BASKET,11,J. GONZALEZ ALBADALEJO,7.70833,48.5284,False,2,CIUDAD MOLINA BASKET,False
COPA ESPAÑA,"FASE DE GRUPOS ""D""",BUENO ARENAS ALBACETE BASKET,3,V. AGUILAR HERNANDEZ,32.2917,70.8688,False,2,CIUDAD MOLINA BASKET,False
COPA ESPAÑA,"FASE DE GRUPOS ""D""",BUENO ARENAS ALBACETE BASKET,11,J. GONZALEZ ALBADALEJO,7.222200000000001,7.287199999999999,False,2,CIUDAD MOLINA BASKET,False
COPA ESPAÑA,"FASE DE GRUPOS ""D""",BUENO ARENAS ALBACETE BASKET,7,V. MUÑOZ QUIÑONES,6.38889,47.6596,True,2,CIUDAD MOLINA BASKET,False
COPA ESPAÑA,"FASE DE GRUPOS ""D""",BUENO ARENAS ALBACETE BASKET,2,F. ANDRADE AMIEL,33.4722,50.1418,True,2,CIUDAD MOLINA BASKET,False
COPA ESPAÑA,"FASE DE GRUPOS ""D""",BUENO ARENAS ALBACETE BASKET,5,N. REID,7.63889,5.21277,True,2,CIUDAD MOLINA BASKET,False
COPA ESPAÑA,"FASE DE GRUPOS ""D""",BUENO ARENAS ALBACETE BASKET,5,N. REID,5.55556,42.695,False,2,CIUDAD MOLINA BASKET,False
COPA ESPAÑA,"FASE DE GRUPOS ""D""",BUENO ARENAS ALBACETE BASKET,2,F. ANDRADE AMIEL,4.30556,53.3688,True,2,CIUDAD MOLINA BASKET,False
COPA ESPAÑA,"FASE DE GRUPOS ""D""",BUENO ARENAS ALBACETE BASKET,44,B. VANACLOCHA SANCHEZ,9.44444,51.2589,False,2,CIUDAD MOLINA BASKET,False
COPA ESPAÑA,"FASE DE GRUPOS ""D""",BUENO ARENAS ALBACETE BASKET,10,S. MERLO,8.888900000000007,49.4858,True,2,CIUDAD MOLINA BASKET,False
COPA ESPAÑA,"FASE DE GRUPOS ""D""",BUENO ARENAS ALBACETE BASKET,5,N. REID,25.4693,14.4276,True,3,PROINBENI UPB GANDIA,True
COPA ESPAÑA,"FASE DE GRUPOS ""D""",BUENO ARENAS ALBACETE BASKET,2,F. ANDRADE AMIEL,27.4093,88.3551,False,3,PROINBENI UPB GANDIA,True
COPA ESPAÑA,"FASE DE GRUPOS ""D""",BUENO ARENAS ALBACETE BASKET,24,O. BRAMBLE,11.827299999999994,52.9145,True,3,PROINBENI UPB GANDIA,True
COPA ESPAÑA,"FASE DE GRUPOS ""D""",BUENO ARENAS ALBACETE BASKET,5,N. REID,7.446799999999996,76.1777,False,3,PROINBENI UPB GANDIA,True
COPA ESPAÑA,"FASE DE GRUPOS ""D""",BUENO ARENAS ALBACETE BASKET,5,N. REID,22.5282,87.0263,False,3,PROINBENI UPB GANDIA,True
COPA ESPAÑA,"FASE DE GRUPOS ""D""",BUENO ARENAS ALBACETE BASKET,11,J. GONZALEZ ALBADALEJO,33.4793,83.6578,False,3,PROINBENI UPB GANDIA,True
COPA ESPAÑA,"FASE DE GRUPOS ""D""",BUENO ARENAS ALBACETE BASKET,11,J. GONZALEZ ALBADALEJO,32.603300000000004,74.9474,False,3,PROINBENI UPB GANDIA,True
COPA ESPAÑA,"FASE DE GRUPOS ""D""",BUENO ARENAS ALBACETE BASKET,7,V. MUÑOZ QUIÑONES,11.389200000000002,47.9935,False,3,PROINBENI UPB GANDIA,True
COPA ESPAÑA,"FASE DE GRUPOS ""D""",BUENO ARENAS ALBACETE BASKET,5,N. REID,10.8886,52.4539,True,3,PROINBENI UPB GANDIA,True
COPA ESPAÑA,"FASE DE GRUPOS ""D""",BUENO ARENAS ALBACETE BASKET,3,V. AGUILAR HERNANDEZ,30.287899999999993,76.4014,False,3,PROINBENI UPB GANDIA,True
COPA ESPAÑA,"FASE DE GRUPOS ""D""",BUENO ARENAS ALBACETE BASKET,24,O. BRAMBLE,14.0175,52.4539,True,3,PROINBENI UPB GANDIA,True
COPA ESPAÑA,"FASE DE GRUPOS ""D""",BUENO ARENAS ALBACETE BASKET,11,J. GONZALEZ ALBADALEJO,29.912400000000005,16.5659,False,3,PROINBENI UPB GANDIA,True
COPA ESPAÑA,"FASE DE GRUPOS ""D""",BUENO ARENAS ALBACETE BASKET,24,O. BRAMBLE,9.073899999999995,46.5396,False,3,PROINBENI UPB GANDIA,True
COPA ESPAÑA,"FASE DE GRUPOS ""D""",BUENO ARENAS ALBACETE BASKET,3,V. AGUILAR HERNANDEZ,32.9161,61.079,False,3,PROINBENI UPB GANDIA,True
COPA ESPAÑA,"FASE DE GRUPOS ""D""",BUENO ARENAS ALBACETE BASKET,5,N. REID,19.461799999999997,32.783,True,3,PROINBENI UPB GANDIA,True
COPA ESPAÑA,"FASE DE GRUPOS ""D""",BUENO ARENAS ALBACETE BASKET,7,V. MUÑOZ QUIÑONES,36.8586,47.9935,False,3,PROINBENI UPB GANDIA,True
COPA ESPAÑA,"FASE DE GRUPOS ""D""",BUENO ARENAS ALBACETE BASKET,24,O. BRAMBLE,12.5156,52.2302,False,3,PROINBENI UPB GANDIA,True
COPA ESPAÑA,"FASE DE GRUPOS ""D""",BUENO ARENAS ALBACETE BASKET,7,V. MUÑOZ QUIÑONES,15.7697,54.3552,False,3,PROINBENI UPB GANDIA,True
COPA ESPAÑA,"FASE DE GRUPOS ""D""",BUENO ARENAS ALBACETE BASKET,10,S. MERLO,11.4518,49.8815,True,3,PROINBENI UPB GANDIA,True
COPA ESPAÑA,"FASE DE GRUPOS ""D""",BUENO ARENAS ALBACETE BASKET,5,N. REID,31.602,25.2763,False,3,PROINBENI UPB GANDIA,True
COPA ESPAÑA,"FASE DE GRUPOS ""D""",BUENO ARENAS ALBACETE BASKET,24,O. BRAMBLE,10.763499999999993,51.4606,True,3,PROINBENI UPB GANDIA,True
COPA ESPAÑA,"FASE DE GRUPOS ""D""",BUENO ARENAS ALBACETE BASKET,50,A. GARCIA BORREGO,24.4681,10.8487,True,3,PROINBENI UPB GANDIA,True
COPA ESPAÑA,"FASE DE GRUPOS ""D""",BUENO ARENAS ALBACETE BASKET,5,N. REID,36.4831,15.2105,False,3,PROINBENI UPB GANDIA,True
COPA ESPAÑA,"FASE DE GRUPOS ""D""",BUENO ARENAS ALBACETE BASKET,44,B. VANACLOCHA SANCHEZ,9.324200000000005,42.8488,True,3,PROINBENI UPB GANDIA,True
COPA ESPAÑA,"FASE DE GRUPOS ""D""",BUENO ARENAS ALBACETE BASKET,10,S. MERLO,31.5394,75.50659999999999,False,3,PROINBENI UPB GANDIA,True
COPA ESPAÑA,"FASE DE GRUPOS ""D""",BUENO ARENAS ALBACETE BASKET,11,J. GONZALEZ ALBADALEJO,30.037499999999994,22.605400000000003,True,3,PROINBENI UPB GANDIA,True
COPA ESPAÑA,"FASE DE GRUPOS ""D""",BUENO ARENAS ALBACETE BASKET,10,S. MERLO,15.018799999999999,75.6185,False,3,PROINBENI UPB GANDIA,True
COPA ESPAÑA,"FASE DE GRUPOS ""D""",BUENO ARENAS ALBACETE BASKET,5,N. REID,21.0263,92.717,False,3,PROINBENI UPB GANDIA,True
COPA ESPAÑA,"FASE DE GRUPOS ""D""",BUENO ARENAS ALBACETE BASKET,5,N. REID,31.977500000000006,68.4606,False,3,PROINBENI UPB GANDIA,True
COPA ESPAÑA,"FASE DE GRUPOS ""D""",BUENO ARENAS ALBACETE BASKET,11,J. GONZALEZ ALBADALEJO,29.2866,81.5328,True,3,PROINBENI UPB GANDIA,True
COPA ESPAÑA,"FASE DE GRUPOS ""D""",BUENO ARENAS ALBACETE BASKET,5,N. REID,16.5832,71.5788,True,3,PROINBENI UPB GANDIA,True
COPA ESPAÑA,"FASE DE GRUPOS ""D""",BUENO ARENAS ALBACETE BASKET,5,N. REID,11.4518,48.3157,True,3,PROINBENI UPB GANDIA,True
COPA ESPAÑA,"FASE DE GRUPOS ""D""",BUENO ARENAS ALBACETE BASKET,5,N. REID,10.9512,70.47370000000001,False,3,PROINBENI UPB GANDIA,True
COPA ESPAÑA,"FASE DE GRUPOS ""D""",BUENO ARENAS ALBACETE BASKET,44,B. VANACLOCHA SANCHEZ,10.9512,51.8947,True,3,PROINBENI UPB GANDIA,True
COPA ESPAÑA,"FASE DE GRUPOS ""D""",BUENO ARENAS ALBACETE BASKET,10,S. MERLO,8.3229,22.7039,False,3,PROINBENI UPB GANDIA,True
COPA ESPAÑA,"FASE DE GRUPOS ""D""",BUENO ARENAS ALBACETE BASKET,44,B. VANACLOCHA SANCHEZ,10.3254,56.2565,False,3,PROINBENI UPB GANDIA,True
COPA ESPAÑA,"FASE DE GRUPOS ""D""",BUENO ARENAS ALBACETE BASKET,7,V. MUÑOZ QUIÑONES,37.985,29.9736,True,3,PROINBENI UPB GANDIA,True
COPA ESPAÑA,"FASE DE GRUPOS ""D""",BUENO ARENAS ALBACETE BASKET,5,N. REID,24.2178,9.95393,False,3,PROINBENI UPB GANDIA,True
COPA ESPAÑA,"FASE DE GRUPOS ""D""",BUENO ARENAS ALBACETE BASKET,7,V. MUÑOZ QUIÑONES,10.575699999999998,43.0725,False,3,PROINBENI UPB GANDIA,True
COPA ESPAÑA,"FASE DE GRUPOS ""D""",BUENO ARENAS ALBACETE BASKET,2,F. ANDRADE AMIEL,26.5332,12.9737,False,3,PROINBENI UPB GANDIA,True
COPA ESPAÑA,"FASE DE GRUPOS ""D""",BUENO ARENAS ALBACETE BASKET,11,J. GONZALEZ ALBADALEJO,28.911100000000005,77.63159999999999,True,3,PROINBENI UPB GANDIA,True
COPA ESPAÑA,"FASE DE GRUPOS ""D""",BUENO ARENAS ALBACETE BASKET,3,V. AGUILAR HERNANDEZ,12.953699999999998,64.3224,True,3,PROINBENI UPB GANDIA,True
COPA ESPAÑA,"FASE DE GRUPOS ""D""",BUENO ARENAS ALBACETE BASKET,10,S. MERLO,9.261600000000001,52.3553,False,3,PROINBENI UPB GANDIA,True
COPA ESPAÑA,"FASE DE GRUPOS ""D""",BUENO ARENAS ALBACETE BASKET,10,S. MERLO,39.174,55.2499,True,3,PROINBENI UPB GANDIA,True
COPA ESPAÑA,"FASE DE GRUPOS ""D""",BUENO ARENAS ALBACETE BASKET,24,O. BRAMBLE,12.9537,50.5525,False,3,PROINBENI UPB GANDIA,True
COPA ESPAÑA,"FASE DE GRUPOS ""D""",BUENO ARENAS ALBACETE BASKET,11,J. GONZALEZ ALBADALEJO,33.4793,26.171,True,3,PROINBENI UPB GANDIA,True
COPA ESPAÑA,"FASE DE GRUPOS ""D""",BUENO ARENAS ALBACETE BASKET,10,S. MERLO,13.4543,49.4341,True,3,PROINBENI UPB GANDIA,True
COPA ESPAÑA,"FASE DE GRUPOS ""D""",BUENO ARENAS ALBACETE BASKET,2,F. ANDRADE AMIEL,13.3292,52.5657,True,3,PROINBENI UPB GANDIA,True
COPA ESPAÑA,"FASE DE GRUPOS ""D""",BUENO ARENAS ALBACETE BASKET,3,V. AGUILAR HERNANDEZ,9.824799999999996,76.1777,False,3,PROINBENI UPB GANDIA,True
COPA ESPAÑA,"FASE DE GRUPOS ""D""",BUENO ARENAS ALBACETE BASKET,10,S. MERLO,39.0488,31.4276,False,3,PROINBENI UPB GANDIA,True
COPA ESPAÑA,"FASE DE GRUPOS ""D""",BUENO ARENAS ALBACETE BASKET,44,B. VANACLOCHA SANCHEZ,9.8874,46.204,False,3,PROINBENI UPB GANDIA,True
COPA ESPAÑA,"FASE DE GRUPOS ""D""",BUENO ARENAS ALBACETE BASKET,11,J. GONZALEZ ALBADALEJO,12.8911,52.5657,True,3,PROINBENI UPB GANDIA,True
COPA ESPAÑA,"FASE DE GRUPOS ""D""",BUENO ARENAS ALBACETE BASKET,44,B. VANACLOCHA SANCHEZ,10.6383,57.3749,True,3,PROINBENI UPB GANDIA,True
COPA ESPAÑA,"FASE DE GRUPOS ""D""",BUENO ARENAS ALBACETE BASKET,44,B. VANACLOCHA SANCHEZ,13.2666,40.4868,False,3,PROINBENI UPB GANDIA,True
COPA ESPAÑA,"FASE DE GRUPOS ""D""",BUENO ARENAS ALBACETE BASKET,3,V. AGUILAR HERNANDEZ,13.767200000000003,49.6711,True,3,PROINBENI UPB GANDIA,True
COPA ESPAÑA,"FASE DE GRUPOS ""D""",BUENO ARENAS ALBACETE BASKET,5,N. REID,24.6558,48.6646,False,3,PROINBENI UPB GANDIA,True
COPA ESPAÑA,"FASE DE GRUPOS ""D""",BUENO ARENAS ALBACETE BASKET,5,N. REID,12.3905,54.467,True,3,PROINBENI UPB GANDIA,True
COPA ESPAÑA,"FASE DE GRUPOS ""D""",BUENO ARENAS ALBACETE BASKET,11,J. GONZALEZ ALBADALEJO,11.013800000000003,47.3225,True,3,PROINBENI UPB GANDIA,True
COPA ESPAÑA,"FASE DE GRUPOS ""D""",BUENO ARENAS ALBACETE BASKET,44,B. VANACLOCHA SANCHEZ,21.5895,49.6578,False,3,PROINBENI UPB GANDIA,True
COPA ESPAÑA,"FASE DE GRUPOS ""D""",BUENO ARENAS ALBACETE BASKET,5,N. REID,13.6421,51.1118,True,3,PROINBENI UPB GANDIA,True
COPA ESPAÑA,"FASE DE GRUPOS ""D""",BUENO ARENAS ALBACETE BASKET,7,V. MUÑOZ QUIÑONES,12.9537,53.1249,True,3,PROINBENI UPB GANDIA,True
COPA ESPAÑA,"FASE DE GRUPOS ""D""",BUENO ARENAS ALBACETE BASKET,5,N. REID,36.1702,46.8751,False,3,PROINBENI UPB GANDIA,True
COPA ESPAÑA,"FASE DE GRUPOS ""D""",BUENO ARENAS ALBACETE BASKET,7,V. MUÑOZ QUIÑONES,11.201499999999996,48.7764,True,3,PROINBENI UPB GANDIA,True
COPA ESPAÑA,"FASE DE GRUPOS ""D""",PROINBENI UPB GANDIA,35,J. BITJAA KODY,10.262799999999999,48.7764,True,3,BUENO ARENAS ALBACETE BASKET,False
COPA ESPAÑA,"FASE DE GRUPOS ""D""",PROINBENI UPB GANDIA,24,A. BELLVER VALIENTE,34.480599999999995,32.55929999999999,True,3,BUENO ARENAS ALBACETE BASKET,False
COPA ESPAÑA,"FASE DE GRUPOS ""D""",PROINBENI UPB GANDIA,7,K. GREELEY,27.7847,84.7895,True,3,BUENO ARENAS ALBACETE BASKET,False
COPA ESPAÑA,"FASE DE GRUPOS ""D""",PROINBENI UPB GANDIA,6,C. HURTADO CERVANTES,34.1051,77.9538,False,3,BUENO ARENAS ALBACETE BASKET,False
COPA ESPAÑA,"FASE DE GRUPOS ""D""",PROINBENI UPB GANDIA,14,D. ILINCIC,13.4543,54.0197,False,3,BUENO ARENAS ALBACETE BASKET,False
COPA ESPAÑA,"FASE DE GRUPOS ""D""",PROINBENI UPB GANDIA,6,C. HURTADO CERVANTES,35.9825,51.5724,True,3,BUENO ARENAS ALBACETE BASKET,False
COPA ESPAÑA,"FASE DE GRUPOS ""D""",PROINBENI UPB GANDIA,16,J. SOLER CIRUJEDA,39.6746,23.375,False,3,BUENO ARENAS ALBACETE BASKET,False
COPA ESPAÑA,"FASE DE GRUPOS ""D""",PROINBENI UPB GANDIA,16,J. SOLER CIRUJEDA,10.9512,44.1909,False,3,BUENO ARENAS ALBACETE BASKET,False
COPA ESPAÑA,"FASE DE GRUPOS ""D""",PROINBENI UPB GANDIA,14,D. ILINCIC,9.38673,48.6512,True,3,BUENO ARENAS ALBACETE BASKET,False
COPA ESPAÑA,"FASE DE GRUPOS ""D""",PROINBENI UPB GANDIA,7,K. GREELEY,12.766000000000005,43.8554,True,3,BUENO ARENAS ALBACETE BASKET,False
COPA ESPAÑA,"FASE DE GRUPOS ""D""",PROINBENI UPB GANDIA,7,K. GREELEY,15.519400000000005,51.0132,False,3,BUENO ARENAS ALBACETE BASKET,False
COPA ESPAÑA,"FASE DE GRUPOS ""D""",PROINBENI UPB GANDIA,35,J. BITJAA KODY,7.446799999999996,52.1317,True,3,BUENO ARENAS ALBACETE BASKET,False
COPA ESPAÑA,"FASE DE GRUPOS ""D""",PROINBENI UPB GANDIA,16,J. SOLER CIRUJEDA,7.384200000000007,46.4277,True,3,BUENO ARENAS ALBACETE BASKET,False
COPA ESPAÑA,"FASE DE GRUPOS ""D""",PROINBENI UPB GANDIA,35,J. BITJAA KODY,11.7647,55.6973,False,3,BUENO ARENAS ALBACETE BASKET,False
COPA ESPAÑA,"FASE DE GRUPOS ""D""",PROINBENI UPB GANDIA,13,L. FERRANDO ORTELLS,16.8335,3.815899999999999,False,3,BUENO ARENAS ALBACETE BASKET,False
COPA ESPAÑA,"FASE DE GRUPOS ""D""",PROINBENI UPB GANDIA,22,J. SANTANA LUCHORO,7.1965,47.658,True,3,BUENO ARENAS ALBACETE BASKET,False
COPA ESPAÑA,"FASE DE GRUPOS ""D""",PROINBENI UPB GANDIA,16,J. SOLER CIRUJEDA,25.2816,7.15788,True,3,BUENO ARENAS ALBACETE BASKET,False
COPA ESPAÑA,"FASE DE GRUPOS ""D""",PROINBENI UPB GANDIA,13,L. FERRANDO ORTELLS,16.2078,78.513,False,3,BUENO ARENAS ALBACETE BASKET,False
COPA ESPAÑA,"FASE DE GRUPOS ""D""",PROINBENI UPB GANDIA,7,K. GREELEY,31.476799999999997,75.3948,True,3,BUENO ARENAS ALBACETE BASKET,False
COPA ESPAÑA,"FASE DE GRUPOS ""D""",PROINBENI UPB GANDIA,16,J. SOLER CIRUJEDA,25.907399999999996,12.539599999999993,True,3,BUENO ARENAS ALBACETE BASKET,False
COPA ESPAÑA,"FASE DE GRUPOS ""D""",PROINBENI UPB GANDIA,6,C. HURTADO CERVANTES,33.1665,82.4275,False,3,BUENO ARENAS ALBACETE BASKET,False
COPA ESPAÑA,"FASE DE GRUPOS ""D""",PROINBENI UPB GANDIA,7,K. GREELEY,34.418,61.4012,False,3,BUENO ARENAS ALBACETE BASKET,False
COPA ESPAÑA,"FASE DE GRUPOS ""D""",PROINBENI UPB GANDIA,6,C. HURTADO CERVANTES,10.8886,43.9539,False,3,BUENO ARENAS ALBACETE BASKET,False
COPA ESPAÑA,"FASE DE GRUPOS ""D""",PROINBENI UPB GANDIA,14,D. ILINCIC,30.287899999999993,19.1383,False,3,BUENO ARENAS ALBACETE BASKET,False
COPA ESPAÑA,"FASE DE GRUPOS ""D""",PROINBENI UPB GANDIA,13,L. FERRANDO ORTELLS,27.4093,15.000100000000003,False,3,BUENO ARENAS ALBACETE BASKET,False
COPA ESPAÑA,"FASE DE GRUPOS ""D""",PROINBENI UPB GANDIA,24,A. BELLVER VALIENTE,24.9061,91.5985,False,3,BUENO ARENAS ALBACETE BASKET,False
COPA ESPAÑA,"FASE DE GRUPOS ""D""",PROINBENI UPB GANDIA,7,K. GREELEY,13.454300000000003,74.1645,False,3,BUENO ARENAS ALBACETE BASKET,False
COPA ESPAÑA,"FASE DE GRUPOS ""D""",PROINBENI UPB GANDIA,15,M. MONTILLA DIAZ,38.6108,59.6117,False,3,BUENO ARENAS ALBACETE BASKET,False
COPA ESPAÑA,"FASE DE GRUPOS ""D""",PROINBENI UPB GANDIA,22,J. SANTANA LUCHORO,12.3279,54.6907,False,3,BUENO ARENAS ALBACETE BASKET,False
COPA ESPAÑA,"FASE DE GRUPOS ""D""",PROINBENI UPB GANDIA,13,L. FERRANDO ORTELLS,7.572000000000003,44.9738,True,3,BUENO ARENAS ALBACETE BASKET,False
COPA ESPAÑA,"FASE DE GRUPOS ""D""",PROINBENI UPB GANDIA,7,K. GREELEY,26.5957,49.3223,True,3,BUENO ARENAS ALBACETE BASKET,False
COPA ESPAÑA,"FASE DE GRUPOS ""D""",PROINBENI UPB GANDIA,6,C. HURTADO CERVANTES,11.577,47.8683,False,3,BUENO ARENAS ALBACETE BASKET,False
COPA ESPAÑA,"FASE DE GRUPOS ""D""",PROINBENI UPB GANDIA,22,J. SANTANA LUCHORO,5.006299999999996,49.6711,False,3,BUENO ARENAS ALBACETE BASKET,False
COPA ESPAÑA,"FASE DE GRUPOS ""D""",PROINBENI UPB GANDIA,16,J. SOLER CIRUJEDA,28.535700000000006,26.631699999999995,False,3,BUENO ARENAS ALBACETE BASKET,False
COPA ESPAÑA,"FASE DE GRUPOS ""D""",PROINBENI UPB GANDIA,7,K. GREELEY,26.0951,50.5525,False,3,BUENO ARENAS ALBACETE BASKET,False
COPA ESPAÑA,"FASE DE GRUPOS ""D""",PROINBENI UPB GANDIA,35,J. BITJAA KODY,13.9549,46.3026,False,3,BUENO ARENAS ALBACETE BASKET,False
COPA ESPAÑA,"FASE DE GRUPOS ""D""",PROINBENI UPB GANDIA,7,K. GREELEY,34.9812,49.3356,False,3,BUENO ARENAS ALBACETE BASKET,False
COPA ESPAÑA,"FASE DE GRUPOS ""D""",PROINBENI UPB GANDIA,22,J. SANTANA LUCHORO,19.0238,51.3354,False,3,BUENO ARENAS ALBACETE BASKET,False
COPA ESPAÑA,"FASE DE GRUPOS ""D""",PROINBENI UPB GANDIA,14,D. ILINCIC,7.697100000000006,74.0527,False,3,BUENO ARENAS ALBACETE BASKET,False
COPA ESPAÑA,"FASE DE GRUPOS ""D""",PROINBENI UPB GANDIA,7,K. GREELEY,8.886099999999999,91.83554,False,3,BUENO ARENAS ALBACETE BASKET,False
COPA ESPAÑA,"FASE DE GRUPOS ""D""",PROINBENI UPB GANDIA,35,J. BITJAA KODY,13.266599999999997,6.052800000000005,False,3,BUENO ARENAS ALBACETE BASKET,False
COPA ESPAÑA,"FASE DE GRUPOS ""D""",PROINBENI UPB GANDIA,16,J. SOLER CIRUJEDA,34.6058,18.9013,False,3,BUENO ARENAS ALBACETE BASKET,False
COPA ESPAÑA,"FASE DE GRUPOS ""D""",PROINBENI UPB GANDIA,35,J. BITJAA KODY,30.7885,75.6185,False,3,BUENO ARENAS ALBACETE BASKET,False
COPA ESPAÑA,"FASE DE GRUPOS ""D""",PROINBENI UPB GANDIA,6,C. HURTADO CERVANTES,17.8348,78.07900000000001,True,3,BUENO ARENAS ALBACETE BASKET,False
COPA ESPAÑA,"FASE DE GRUPOS ""D""",PROINBENI UPB GANDIA,16,J. SOLER CIRUJEDA,14.7059,49.2104,True,3,BUENO ARENAS ALBACETE BASKET,False
COPA ESPAÑA,"FASE DE GRUPOS ""D""",PROINBENI UPB GANDIA,35,J. BITJAA KODY,38.6733,67.7762,False,3,BUENO ARENAS ALBACETE BASKET,False
COPA ESPAÑA,"FASE DE GRUPOS ""D""",PROINBENI UPB GANDIA,16,J. SOLER CIRUJEDA,18.7109,51.1118,True,3,BUENO ARENAS ALBACETE BASKET,False
COPA ESPAÑA,"FASE DE GRUPOS ""D""",PROINBENI UPB GANDIA,24,A. BELLVER VALIENTE,14.831000000000003,38.9343,False,3,BUENO ARENAS ALBACETE BASKET,False
COPA ESPAÑA,"FASE DE GRUPOS ""D""",PROINBENI UPB GANDIA,35,J. BITJAA KODY,14.7059,54.9144,True,3,BUENO ARENAS ALBACETE BASKET,False
COPA ESPAÑA,"FASE DE GRUPOS ""D""",PROINBENI UPB GANDIA,35,J. BITJAA KODY,13.2666,63.0788,False,3,BUENO ARENAS ALBACETE BASKET,False
COPA ESPAÑA,"FASE DE GRUPOS ""D""",PROINBENI UPB GANDIA,7,K. GREELEY,22.152699999999996,67.34219999999999,False,3,BUENO ARENAS ALBACETE BASKET,False
COPA ESPAÑA,"FASE DE GRUPOS ""D""",PROINBENI UPB GANDIA,24,A. BELLVER VALIENTE,22.841,43.6184,True,3,BUENO ARENAS ALBACETE BASKET,False
COPA ESPAÑA,"FASE DE GRUPOS ""D""",PROINBENI UPB GANDIA,13,L. FERRANDO ORTELLS,7.384200000000007,50.1185,True,3,BUENO ARENAS ALBACETE BASKET,False
COPA ESPAÑA,"FASE DE GRUPOS ""D""",PROINBENI UPB GANDIA,14,D. ILINCIC,8.135199999999998,46.4277,False,3,BUENO ARENAS ALBACETE BASKET,False
COPA ESPAÑA,"FASE DE GRUPOS ""D""",PROINBENI UPB GANDIA,24,A. BELLVER VALIENTE,25.219,9.17104,True,3,BUENO ARENAS ALBACETE BASKET,False
COPA ESPAÑA,"FASE DE GRUPOS ""D""",PROINBENI UPB GANDIA,14,D. ILINCIC,5.632000000000005,50.3422,True,3,BUENO ARENAS ALBACETE BASKET,False
COPA ESPAÑA,"FASE DE GRUPOS ""D""",PROINBENI UPB GANDIA,35,J. BITJAA KODY,11.9524,42.9473,True,3,BUENO ARENAS ALBACETE BASKET,False
COPA ESPAÑA,"FASE DE GRUPOS ""D""",PROINBENI UPB GANDIA,14,D. ILINCIC,12.5782,54.5789,True,3,BUENO ARENAS ALBACETE BASKET,False
COPA ESPAÑA,"FASE DE GRUPOS ""D""",PROINBENI UPB GANDIA,14,D. ILINCIC,15.1439,52.4539,True,3,BUENO ARENAS ALBACETE BASKET,False
COPA ESPAÑA,"FASE DE GRUPOS ""E""",CBSALOU,3,B. TRAORE,9.166700000000006,51.5957,False,1,SOL GIRONÈS BISBAL BÀSQUET,True
COPA ESPAÑA,"FASE DE GRUPOS ""E""",CBSALOU,15,A. DEL CERRO MARTIN,8.40278,94.5745,False,1,SOL GIRONÈS BISBAL BÀSQUET,True
COPA ESPAÑA,"FASE DE GRUPOS ""E""",CBSALOU,15,A. DEL CERRO MARTIN,11.041700000000006,71.8262,False,1,SOL GIRONÈS BISBAL BÀSQUET,True
COPA ESPAÑA,"FASE DE GRUPOS ""E""",CBSALOU,14,E. MARTINEZ PRETEL,30.0694,83.7411,True,1,SOL GIRONÈS BISBAL BÀSQUET,True
COPA ESPAÑA,"FASE DE GRUPOS ""E""",CBSALOU,3,B. TRAORE,5.69444,49.6454,True,1,SOL GIRONÈS BISBAL BÀSQUET,True
COPA ESPAÑA,"FASE DE GRUPOS ""E""",CBSALOU,15,A. DEL CERRO MARTIN,26.6667,18.9894,False,1,SOL GIRONÈS BISBAL BÀSQUET,True
COPA ESPAÑA,"FASE DE GRUPOS ""E""",CBSALOU,15,A. DEL CERRO MARTIN,4.86111,95.3191,False,1,SOL GIRONÈS BISBAL BÀSQUET,True
COPA ESPAÑA,"FASE DE GRUPOS ""E""",CBSALOU,9,E. SIMS SERRA,22.7083,88.617,False,1,SOL GIRONÈS BISBAL BÀSQUET,True
COPA ESPAÑA,"FASE DE GRUPOS ""E""",CBSALOU,14,E. MARTINEZ PRETEL,25.416700000000006,86.3475,False,1,SOL GIRONÈS BISBAL BÀSQUET,True
COPA ESPAÑA,"FASE DE GRUPOS ""E""",CBSALOU,17,P. SALO BLAYA,33.333299999999994,57.8014,False,1,SOL GIRONÈS BISBAL BÀSQUET,True
COPA ESPAÑA,"FASE DE GRUPOS ""E""",CBSALOU,15,A. DEL CERRO MARTIN,9.0972,96.02837,False,1,SOL GIRONÈS BISBAL BÀSQUET,True
COPA ESPAÑA,"FASE DE GRUPOS ""E""",CBSALOU,15,A. DEL CERRO MARTIN,24.3056,84.8936,False,1,SOL GIRONÈS BISBAL BÀSQUET,True
COPA ESPAÑA,"FASE DE GRUPOS ""E""",CBSALOU,15,A. DEL CERRO MARTIN,30.625,84.4858,True,1,SOL GIRONÈS BISBAL BÀSQUET,True
COPA ESPAÑA,"FASE DE GRUPOS ""E""",CBSALOU,3,B. TRAORE,24.5833,85.8865,True,1,SOL GIRONÈS BISBAL BÀSQUET,True
COPA ESPAÑA,"FASE DE GRUPOS ""E""",CBSALOU,14,E. MARTINEZ PRETEL,23.6806,52.0035,True,1,SOL GIRONÈS BISBAL BÀSQUET,True
COPA ESPAÑA,"FASE DE GRUPOS ""E""",CBSALOU,3,B. TRAORE,6.31944,50.266,True,1,SOL GIRONÈS BISBAL BÀSQUET,True
COPA ESPAÑA,"FASE DE GRUPOS ""E""",CBSALOU,17,P. SALO BLAYA,6.597200000000001,48.1206,True,1,SOL GIRONÈS BISBAL BÀSQUET,True
COPA ESPAÑA,"FASE DE GRUPOS ""E""",CBSALOU,14,E. MARTINEZ PRETEL,29.1667,20.4787,False,1,SOL GIRONÈS BISBAL BÀSQUET,True
COPA ESPAÑA,"FASE DE GRUPOS ""E""",CBSALOU,9,E. SIMS SERRA,30.833299999999994,30.0,False,1,SOL GIRONÈS BISBAL BÀSQUET,True
COPA ESPAÑA,"FASE DE GRUPOS ""E""",CBSALOU,15,A. DEL CERRO MARTIN,7.01389,50.5142,False,1,SOL GIRONÈS BISBAL BÀSQUET,True
COPA ESPAÑA,"FASE DE GRUPOS ""E""",CBSALOU,14,E. MARTINEZ PRETEL,11.875,34.1312,False,1,SOL GIRONÈS BISBAL BÀSQUET,True
COPA ESPAÑA,"FASE DE GRUPOS ""E""",CBSALOU,4,D. CUELLAR GARCIA,34.3056,54.5745,True,1,SOL GIRONÈS BISBAL BÀSQUET,True
COPA ESPAÑA,"FASE DE GRUPOS ""E""",CBSALOU,4,D. CUELLAR GARCIA,29.1667,20.9752,False,1,SOL GIRONÈS BISBAL BÀSQUET,True
COPA ESPAÑA,"FASE DE GRUPOS ""E""",CBSALOU,9,E. SIMS SERRA,25.9722,82.6596,False,1,SOL GIRONÈS BISBAL BÀSQUET,True
COPA ESPAÑA,"FASE DE GRUPOS ""E""",CBSALOU,33,A. MORALES ROS,6.18056,49.3972,True,1,SOL GIRONÈS BISBAL BÀSQUET,True
COPA ESPAÑA,"FASE DE GRUPOS ""E""",CBSALOU,33,A. MORALES ROS,32.7778,52.9965,True,1,SOL GIRONÈS BISBAL BÀSQUET,True
COPA ESPAÑA,"FASE DE GRUPOS ""E""",CBSALOU,15,A. DEL CERRO MARTIN,9.166700000000006,51.5957,False,1,SOL GIRONÈS BISBAL BÀSQUET,True
COPA ESPAÑA,"FASE DE GRUPOS ""E""",CBSALOU,4,D. CUELLAR GARCIA,4.51389,95.195,True,1,SOL GIRONÈS BISBAL BÀSQUET,True
COPA ESPAÑA,"FASE DE GRUPOS ""E""",CBSALOU,9,E. SIMS SERRA,24.0972,84.734,False,1,SOL GIRONÈS BISBAL BÀSQUET,True
COPA ESPAÑA,"FASE DE GRUPOS ""E""",CBSALOU,15,A. DEL CERRO MARTIN,21.3889,88.4929,False,1,SOL GIRONÈS BISBAL BÀSQUET,True
COPA ESPAÑA,"FASE DE GRUPOS ""E""",CBSALOU,33,A. MORALES ROS,6.736099999999993,54.078,False,1,SOL GIRONÈS BISBAL BÀSQUET,True
COPA ESPAÑA,"FASE DE GRUPOS ""E""",CBSALOU,4,D. CUELLAR GARCIA,10.3472,95.195,True,1,SOL GIRONÈS BISBAL BÀSQUET,True
COPA ESPAÑA,"FASE DE GRUPOS ""E""",CBSALOU,17,P. SALO BLAYA,4.375,53.0851,True,1,SOL GIRONÈS BISBAL BÀSQUET,True
COPA ESPAÑA,"FASE DE GRUPOS ""E""",CBSALOU,17,P. SALO BLAYA,5.208299999999994,50.6028,True,1,SOL GIRONÈS BISBAL BÀSQUET,True
COPA ESPAÑA,"FASE DE GRUPOS ""E""",CBSALOU,17,P. SALO BLAYA,8.680599999999998,51.844,True,1,SOL GIRONÈS BISBAL BÀSQUET,True
COPA ESPAÑA,"FASE DE GRUPOS ""E""",CBSALOU,17,P. SALO BLAYA,6.04167,44.9291,False,1,SOL GIRONÈS BISBAL BÀSQUET,True
COPA ESPAÑA,"FASE DE GRUPOS ""E""",CBSALOU,4,D. CUELLAR GARCIA,31.25,65.0355,False,1,SOL GIRONÈS BISBAL BÀSQUET,True
COPA ESPAÑA,"FASE DE GRUPOS ""E""",CBSALOU,33,A. MORALES ROS,6.59722,81.5426,False,1,SOL GIRONÈS BISBAL BÀSQUET,True
COPA ESPAÑA,"FASE DE GRUPOS ""E""",CBSALOU,3,B. TRAORE,5.347200000000001,49.4858,True,1,SOL GIRONÈS BISBAL BÀSQUET,True
COPA ESPAÑA,"FASE DE GRUPOS ""E""",CBSALOU,3,B. TRAORE,9.861099999999993,50.9752,False,1,SOL GIRONÈS BISBAL BÀSQUET,True
COPA ESPAÑA,"FASE DE GRUPOS ""E""",CBSALOU,15,A. DEL CERRO MARTIN,6.04167,44.9291,False,1,SOL GIRONÈS BISBAL BÀSQUET,True
COPA ESPAÑA,"FASE DE GRUPOS ""E""",CBSALOU,33,A. MORALES ROS,7.777799999999999,56.6844,False,1,SOL GIRONÈS BISBAL BÀSQUET,True
COPA ESPAÑA,"FASE DE GRUPOS ""E""",CBSALOU,5,E. MOURE COLOMBO,33.26390000000001,50.727,False,1,SOL GIRONÈS BISBAL BÀSQUET,True
COPA ESPAÑA,"FASE DE GRUPOS ""E""",CBSALOU,14,E. MARTINEZ PRETEL,29.0972,80.1418,False,1,SOL GIRONÈS BISBAL BÀSQUET,True
COPA ESPAÑA,"FASE DE GRUPOS ""E""",CBSALOU,15,A. DEL CERRO MARTIN,6.73611,48.5284,False,1,SOL GIRONÈS BISBAL BÀSQUET,True
COPA ESPAÑA,"FASE DE GRUPOS ""E""",CBSALOU,3,B. TRAORE,5.625,94.9468,True,1,SOL GIRONÈS BISBAL BÀSQUET,True
COPA ESPAÑA,"FASE DE GRUPOS ""E""",CBSALOU,17,P. SALO BLAYA,5.972200000000001,51.4716,True,1,SOL GIRONÈS BISBAL BÀSQUET,True
COPA ESPAÑA,"FASE DE GRUPOS ""E""",CBSALOU,15,A. DEL CERRO MARTIN,7.5,48.0319,True,1,SOL GIRONÈS BISBAL BÀSQUET,True
COPA ESPAÑA,"FASE DE GRUPOS ""E""",CBSALOU,3,B. TRAORE,6.319400000000002,51.4716,True,1,SOL GIRONÈS BISBAL BÀSQUET,True
COPA ESPAÑA,"FASE DE GRUPOS ""E""",CBSALOU,14,E. MARTINEZ PRETEL,25.3472,81.2943,False,1,SOL GIRONÈS BISBAL BÀSQUET,True
COPA ESPAÑA,"FASE DE GRUPOS ""E""",CBSALOU,9,E. SIMS SERRA,3.61111,95.3191,False,1,SOL GIRONÈS BISBAL BÀSQUET,True
COPA ESPAÑA,"FASE DE GRUPOS ""E""",CBSALOU,9,E. SIMS SERRA,5.763900000000007,56.0638,False,1,SOL GIRONÈS BISBAL BÀSQUET,True
COPA ESPAÑA,"FASE DE GRUPOS ""E""",CBSALOU,9,E. SIMS SERRA,8.05556,56.7199,False,1,SOL GIRONÈS BISBAL BÀSQUET,True
COPA ESPAÑA,"FASE DE GRUPOS ""E""",CBSALOU,3,B. TRAORE,5.48611,95.5674,False,1,SOL GIRONÈS BISBAL BÀSQUET,True
COPA ESPAÑA,"FASE DE GRUPOS ""E""",CBSALOU,9,E. SIMS SERRA,26.6667,18.9894,False,1,SOL GIRONÈS BISBAL BÀSQUET,True
COPA ESPAÑA,"FASE DE GRUPOS ""E""",CBSALOU,15,A. DEL CERRO MARTIN,4.09722,96.3121,True,1,SOL GIRONÈS BISBAL BÀSQUET,True
COPA ESPAÑA,"FASE DE GRUPOS ""E""",CBSALOU,33,A. MORALES ROS,33.4722,59.6986,True,1,SOL GIRONÈS BISBAL BÀSQUET,True
COPA ESPAÑA,"FASE DE GRUPOS ""E""",CBSALOU,14,E. MARTINEZ PRETEL,22.1528,49.8936,True,1,SOL GIRONÈS BISBAL BÀSQUET,True
COPA ESPAÑA,"FASE DE GRUPOS ""E""",CBSALOU,15,A. DEL CERRO MARTIN,28.4028,19.8582,True,1,SOL GIRONÈS BISBAL BÀSQUET,True
COPA ESPAÑA,"FASE DE GRUPOS ""E""",CBSALOU,14,E. MARTINEZ PRETEL,10.3472,95.195,False,1,SOL GIRONÈS BISBAL BÀSQUET,True
COPA ESPAÑA,"FASE DE GRUPOS ""E""",CBSALOU,14,E. MARTINEZ PRETEL,7.222200000000001,75.5496,False,1,SOL GIRONÈS BISBAL BÀSQUET,True
COPA ESPAÑA,"FASE DE GRUPOS ""E""",CBSALOU,15,A. DEL CERRO MARTIN,6.736099999999993,50.2305,False,1,SOL GIRONÈS BISBAL BÀSQUET,True
COPA ESPAÑA,"FASE DE GRUPOS ""E""",CBSALOU,17,P. SALO BLAYA,7.013900000000007,54.3262,False,1,SOL GIRONÈS BISBAL BÀSQUET,True
COPA ESPAÑA,"FASE DE GRUPOS ""E""",CBSALOU,9,E. SIMS SERRA,6.319400000000002,6.542599999999993,False,1,SOL GIRONÈS BISBAL BÀSQUET,True
COPA ESPAÑA,"FASE DE GRUPOS ""E""",CBSALOU,3,B. TRAORE,5.20833,94.6986,False,1,SOL GIRONÈS BISBAL BÀSQUET,True
COPA ESPAÑA,"FASE DE GRUPOS ""E""",CBSALOU,15,A. DEL CERRO MARTIN,7.013900000000007,54.3262,False,1,SOL GIRONÈS BISBAL BÀSQUET,True
COPA ESPAÑA,"FASE DE GRUPOS ""E""",CBSALOU,4,D. CUELLAR GARCIA,9.444400000000002,5.921999999999997,False,1,SOL GIRONÈS BISBAL BÀSQUET,True
COPA ESPAÑA,"FASE DE GRUPOS ""E""",CBSALOU,17,P. SALO BLAYA,8.4722,50.2305,False,1,SOL GIRONÈS BISBAL BÀSQUET,True
COPA ESPAÑA,"FASE DE GRUPOS ""E""",CBSALOU,14,E. MARTINEZ PRETEL,29.7917,28.2979,False,1,SOL GIRONÈS BISBAL BÀSQUET,True
COPA ESPAÑA,"FASE DE GRUPOS ""E""",CBSALOU,15,A. DEL CERRO MARTIN,7.222200000000001,49.1135,True,1,SOL GIRONÈS BISBAL BÀSQUET,True
COPA ESPAÑA,"FASE DE GRUPOS ""E""",CBSALOU,33,A. MORALES ROS,33.4028,67.10990000000001,True,1,SOL GIRONÈS BISBAL BÀSQUET,True
COPA ESPAÑA,"FASE DE GRUPOS ""E""",CBSALOU,5,E. MOURE COLOMBO,42.5,21.0638,False,1,SOL GIRONÈS BISBAL BÀSQUET,True
COPA ESPAÑA,"FASE DE GRUPOS ""E""",SOL GIRONÈS BISBAL BÀSQUET,7,P. RENANE,29.3056,27.6773,True,1,CBSALOU,False
COPA ESPAÑA,"FASE DE GRUPOS ""E""",SOL GIRONÈS BISBAL BÀSQUET,13,M. MIKHAILOV PALTARAK,9.30556,46.6667,True,1,CBSALOU,False
COPA ESPAÑA,"FASE DE GRUPOS ""E""",SOL GIRONÈS BISBAL BÀSQUET,2,J. CARRASCO MARTIN,3.40278,55.1064,False,1,CBSALOU,False
COPA ESPAÑA,"FASE DE GRUPOS ""E""",SOL GIRONÈS BISBAL BÀSQUET,2,J. CARRASCO MARTIN,24.236099999999993,50.1064,False,1,CBSALOU,False
COPA ESPAÑA,"FASE DE GRUPOS ""E""",SOL GIRONÈS BISBAL BÀSQUET,21,B. ALVAREZ TORRES,7.29167,70.9929,True,1,CBSALOU,False
COPA ESPAÑA,"FASE DE GRUPOS ""E""",SOL GIRONÈS BISBAL BÀSQUET,22,J. GOLSON,27.5,81.2589,True,1,CBSALOU,False
COPA ESPAÑA,"FASE DE GRUPOS ""E""",SOL GIRONÈS BISBAL BÀSQUET,13,M. MIKHAILOV PALTARAK,6.458299999999994,54.4504,True,1,CBSALOU,False
COPA ESPAÑA,"FASE DE GRUPOS ""E""",SOL GIRONÈS BISBAL BÀSQUET,13,M. MIKHAILOV PALTARAK,6.875,61.0284,True,1,CBSALOU,False
COPA ESPAÑA,"FASE DE GRUPOS ""E""",SOL GIRONÈS BISBAL BÀSQUET,13,M. MIKHAILOV PALTARAK,7.36111,49.1489,False,1,CBSALOU,False
COPA ESPAÑA,"FASE DE GRUPOS ""E""",SOL GIRONÈS BISBAL BÀSQUET,15,N. OKEKE,18.9583,6.95035,False,1,CBSALOU,False
COPA ESPAÑA,"FASE DE GRUPOS ""E""",SOL GIRONÈS BISBAL BÀSQUET,21,B. ALVAREZ TORRES,18.6111,23.2092,True,1,CBSALOU,False
COPA ESPAÑA,"FASE DE GRUPOS ""E""",SOL GIRONÈS BISBAL BÀSQUET,13,M. MIKHAILOV PALTARAK,7.847200000000001,51.4716,True,1,CBSALOU,False
COPA ESPAÑA,"FASE DE GRUPOS ""E""",SOL GIRONÈS BISBAL BÀSQUET,2,J. CARRASCO MARTIN,6.18056,48.2801,False,1,CBSALOU,False
COPA ESPAÑA,"FASE DE GRUPOS ""E""",SOL GIRONÈS BISBAL BÀSQUET,13,M. MIKHAILOV PALTARAK,7.43056,42.1986,False,1,CBSALOU,False
COPA ESPAÑA,"FASE DE GRUPOS ""E""",SOL GIRONÈS BISBAL BÀSQUET,2,J. CARRASCO MARTIN,6.94444,54.1135,False,1,CBSALOU,False
COPA ESPAÑA,"FASE DE GRUPOS ""E""",SOL GIRONÈS BISBAL BÀSQUET,23,N. CLEDJO HOUNGUES,5.763900000000007,20.567400000000006,True,1,CBSALOU,False
COPA ESPAÑA,"FASE DE GRUPOS ""E""",SOL GIRONÈS BISBAL BÀSQUET,7,P. RENANE,8.54167,56.844,False,1,CBSALOU,False
COPA ESPAÑA,"FASE DE GRUPOS ""E""",SOL GIRONÈS BISBAL BÀSQUET,96,X. TORRENT BAYÉ,32.291700000000006,26.897199999999998,False,1,CBSALOU,False
COPA ESPAÑA,"FASE DE GRUPOS ""E""",SOL GIRONÈS BISBAL BÀSQUET,96,X. TORRENT BAYÉ,5.208299999999994,49.8582,False,1,CBSALOU,False
COPA ESPAÑA,"FASE DE GRUPOS ""E""",SOL GIRONÈS BISBAL BÀSQUET,22,J. GOLSON,31.5972,15.7624,False,1,CBSALOU,False
COPA ESPAÑA,"FASE DE GRUPOS ""E""",SOL GIRONÈS BISBAL BÀSQUET,11,I. VALERA COROMINAS,29.0972,86.3475,False,1,CBSALOU,False
COPA ESPAÑA,"FASE DE GRUPOS ""E""",SOL GIRONÈS BISBAL BÀSQUET,23,N. CLEDJO HOUNGUES,4.305599999999998,47.3759,True,1,CBSALOU,False
COPA ESPAÑA,"FASE DE GRUPOS ""E""",SOL GIRONÈS BISBAL BÀSQUET,15,N. OKEKE,6.18056,47.2872,True,1,CBSALOU,False
COPA ESPAÑA,"FASE DE GRUPOS ""E""",SOL GIRONÈS BISBAL BÀSQUET,2,J. CARRASCO MARTIN,17.9167,78.3156,False,1,CBSALOU,False
COPA ESPAÑA,"FASE DE GRUPOS ""E""",SOL GIRONÈS BISBAL BÀSQUET,23,N. CLEDJO HOUNGUES,20.2778,10.6738,False,1,CBSALOU,False
COPA ESPAÑA,"FASE DE GRUPOS ""E""",SOL GIRONÈS BISBAL BÀSQUET,96,X. TORRENT BAYÉ,30.4861,73.1028,False,1,CBSALOU,False
COPA ESPAÑA,"FASE DE GRUPOS ""E""",SOL GIRONÈS BISBAL BÀSQUET,23,N. CLEDJO HOUNGUES,15.5556,95.5674,True,1,CBSALOU,False
COPA ESPAÑA,"FASE DE GRUPOS ""E""",SOL GIRONÈS BISBAL BÀSQUET,23,N. CLEDJO HOUNGUES,4.44444,46.9149,True,1,CBSALOU,False
COPA ESPAÑA,"FASE DE GRUPOS ""E""",SOL GIRONÈS BISBAL BÀSQUET,2,J. CARRASCO MARTIN,28.1944,17.8723,False,1,CBSALOU,False
COPA ESPAÑA,"FASE DE GRUPOS ""E""",SOL GIRONÈS BISBAL BÀSQUET,13,M. MIKHAILOV PALTARAK,6.04167,59.2021,False,1,CBSALOU,False
COPA ESPAÑA,"FASE DE GRUPOS ""E""",SOL GIRONÈS BISBAL BÀSQUET,15,N. OKEKE,13.6111,49.3972,False,1,CBSALOU,False
COPA ESPAÑA,"FASE DE GRUPOS ""E""",SOL GIRONÈS BISBAL BÀSQUET,6,P. SALA VALLMAJO,12.291700000000006,94.91135,False,1,CBSALOU,False
COPA ESPAÑA,"FASE DE GRUPOS ""E""",SOL GIRONÈS BISBAL BÀSQUET,2,J. CARRASCO MARTIN,5.69444,29.2908,False,1,CBSALOU,False
COPA ESPAÑA,"FASE DE GRUPOS ""E""",SOL GIRONÈS BISBAL BÀSQUET,23,N. CLEDJO HOUNGUES,6.04167,59.2021,False,1,CBSALOU,False
COPA ESPAÑA,"FASE DE GRUPOS ""E""",SOL GIRONÈS BISBAL BÀSQUET,13,M. MIKHAILOV PALTARAK,5.0,54.2021,True,1,CBSALOU,False
COPA ESPAÑA,"FASE DE GRUPOS ""E""",SOL GIRONÈS BISBAL BÀSQUET,7,P. RENANE,7.708299999999994,49.9823,True,1,CBSALOU,False
COPA ESPAÑA,"FASE DE GRUPOS ""E""",SOL GIRONÈS BISBAL BÀSQUET,15,N. OKEKE,15.9722,53.7057,False,1,CBSALOU,False
COPA ESPAÑA,"FASE DE GRUPOS ""E""",SOL GIRONÈS BISBAL BÀSQUET,15,N. OKEKE,12.4306,6.70213,True,1,CBSALOU,False
COPA ESPAÑA,"FASE DE GRUPOS ""E""",SOL GIRONÈS BISBAL BÀSQUET,2,J. CARRASCO MARTIN,7.708299999999994,40.4255,True,1,CBSALOU,False
COPA ESPAÑA,"FASE DE GRUPOS ""E""",SOL GIRONÈS BISBAL BÀSQUET,13,M. MIKHAILOV PALTARAK,5.833299999999994,29.627700000000004,False,1,CBSALOU,False
COPA ESPAÑA,"FASE DE GRUPOS ""E""",SOL GIRONÈS BISBAL BÀSQUET,7,P. RENANE,35.0,65.1241,False,1,CBSALOU,False
COPA ESPAÑA,"FASE DE GRUPOS ""E""",SOL GIRONÈS BISBAL BÀSQUET,21,B. ALVAREZ TORRES,33.541700000000006,47.3759,False,1,CBSALOU,False
COPA ESPAÑA,"FASE DE GRUPOS ""E""",SOL GIRONÈS BISBAL BÀSQUET,15,N. OKEKE,24.166700000000006,92.55319,False,1,CBSALOU,False
COPA ESPAÑA,"FASE DE GRUPOS ""E""",SOL GIRONÈS BISBAL BÀSQUET,15,N. OKEKE,7.847200000000001,54.8227,True,1,CBSALOU,False
COPA ESPAÑA,"FASE DE GRUPOS ""E""",SOL GIRONÈS BISBAL BÀSQUET,15,N. OKEKE,28.125,15.3901,True,1,CBSALOU,False
COPA ESPAÑA,"FASE DE GRUPOS ""E""",SOL GIRONÈS BISBAL BÀSQUET,21,B. ALVAREZ TORRES,28.6806,49.8582,False,1,CBSALOU,False
COPA ESPAÑA,"FASE DE GRUPOS ""E""",SOL GIRONÈS BISBAL BÀSQUET,13,M. MIKHAILOV PALTARAK,6.11111,49.8936,True,1,CBSALOU,False
COPA ESPAÑA,"FASE DE GRUPOS ""E""",SOL GIRONÈS BISBAL BÀSQUET,23,N. CLEDJO HOUNGUES,6.666700000000006,49.9823,True,1,CBSALOU,False
COPA ESPAÑA,"FASE DE GRUPOS ""E""",SOL GIRONÈS BISBAL BÀSQUET,7,P. RENANE,31.5278,70.461,True,1,CBSALOU,False
COPA ESPAÑA,"FASE DE GRUPOS ""E""",SOL GIRONÈS BISBAL BÀSQUET,7,P. RENANE,7.916700000000006,73.8121,True,1,CBSALOU,False
COPA ESPAÑA,"FASE DE GRUPOS ""E""",SOL GIRONÈS BISBAL BÀSQUET,11,I. VALERA COROMINAS,8.333299999999994,5.6738,False,1,CBSALOU,False
COPA ESPAÑA,"FASE DE GRUPOS ""E""",SOL GIRONÈS BISBAL BÀSQUET,23,N. CLEDJO HOUNGUES,12.9167,51.2589,False,1,CBSALOU,False
COPA ESPAÑA,"FASE DE GRUPOS ""E""",SOL GIRONÈS BISBAL BÀSQUET,23,N. CLEDJO HOUNGUES,7.638900000000007,25.531899999999993,False,1,CBSALOU,False
COPA ESPAÑA,"FASE DE GRUPOS ""E""",SOL GIRONÈS BISBAL BÀSQUET,15,N. OKEKE,19.5833,91.844,False,1,CBSALOU,False
COPA ESPAÑA,"FASE DE GRUPOS ""E""",SOL GIRONÈS BISBAL BÀSQUET,15,N. OKEKE,5.972200000000001,57.1809,True,1,CBSALOU,False
COPA ESPAÑA,"FASE DE GRUPOS ""E""",SOL GIRONÈS BISBAL BÀSQUET,21,B. ALVAREZ TORRES,5.48611,49.1489,False,1,CBSALOU,False
COPA ESPAÑA,"FASE DE GRUPOS ""E""",SOL GIRONÈS BISBAL BÀSQUET,6,P. SALA VALLMAJO,8.680599999999998,95.90426,False,1,CBSALOU,False
COPA ESPAÑA,"FASE DE GRUPOS ""E""",SOL GIRONÈS BISBAL BÀSQUET,15,N. OKEKE,29.0278,20.691500000000005,False,1,CBSALOU,False
COPA ESPAÑA,"FASE DE GRUPOS ""E""",SOL GIRONÈS BISBAL BÀSQUET,23,N. CLEDJO HOUNGUES,7.430599999999998,20.194999999999993,True,1,CBSALOU,False
COPA ESPAÑA,"FASE DE GRUPOS ""E""",SOL GIRONÈS BISBAL BÀSQUET,13,M. MIKHAILOV PALTARAK,24.9306,50.266,True,1,CBSALOU,False
COPA ESPAÑA,"FASE DE GRUPOS ""E""",SOL GIRONÈS BISBAL BÀSQUET,15,N. OKEKE,10.9722,50.9752,False,1,CBSALOU,False
COPA ESPAÑA,"FASE DE GRUPOS ""E""",SOL GIRONÈS BISBAL BÀSQUET,15,N. OKEKE,29.0278,70.7447,False,1,CBSALOU,False
COPA ESPAÑA,"FASE DE GRUPOS ""E""",SOL GIRONÈS BISBAL BÀSQUET,7,P. RENANE,4.652799999999999,50.6028,True,1,CBSALOU,False
COPA ESPAÑA,"FASE DE GRUPOS ""E""",SOL GIRONÈS BISBAL BÀSQUET,15,N. OKEKE,6.319400000000002,50.1064,True,1,CBSALOU,False
COPA ESPAÑA,"FASE DE GRUPOS ""E""",SOL GIRONÈS BISBAL BÀSQUET,13,M. MIKHAILOV PALTARAK,9.51389,51.7553,False,1,CBSALOU,False
COPA ESPAÑA,"FASE DE GRUPOS ""E""",SOL GIRONÈS BISBAL BÀSQUET,15,N. OKEKE,35.13890000000001,48.4929,False,1,CBSALOU,False
COPA ESPAÑA,"FASE DE GRUPOS ""E""",SOL GIRONÈS BISBAL BÀSQUET,96,X. TORRENT BAYÉ,32.2222,79.7695,False,1,CBSALOU,False
COPA ESPAÑA,"FASE DE GRUPOS ""E""",SOL GIRONÈS BISBAL BÀSQUET,11,I. VALERA COROMINAS,29.236099999999993,82.8723,True,1,CBSALOU,False
COPA ESPAÑA,"FASE DE GRUPOS ""E""",SOL GIRONÈS BISBAL BÀSQUET,22,J. GOLSON,4.65278,95.5674,False,1,CBSALOU,False
COPA ESPAÑA,"FASE DE GRUPOS ""E""",SOL GIRONÈS BISBAL BÀSQUET,96,X. TORRENT BAYÉ,33.4722,53.0851,False,1,CBSALOU,False
COPA ESPAÑA,"FASE DE GRUPOS ""E""",SOL GIRONÈS BISBAL BÀSQUET,13,M. MIKHAILOV PALTARAK,8.81944,53.3688,False,1,CBSALOU,False
COPA ESPAÑA,"FASE DE GRUPOS ""E""",LOBE HUESCA LA MAGIA,5,H. FIGUEROA ÁLVAREZ,6.80556,64.1667,False,2,SOL GIRONÈS BISBAL BÀSQUET,True
COPA ESPAÑA,"FASE DE GRUPOS ""E""",LOBE HUESCA LA MAGIA,0,O. THIAM PEDRERA,7.5,40.4255,True,2,SOL GIRONÈS BISBAL BÀSQUET,True
COPA ESPAÑA,"FASE DE GRUPOS ""E""",LOBE HUESCA LA MAGIA,5,H. FIGUEROA ÁLVAREZ,25.6944,87.2163,False,2,SOL GIRONÈS BISBAL BÀSQUET,True
COPA ESPAÑA,"FASE DE GRUPOS ""E""",LOBE HUESCA LA MAGIA,2,J. WELLS,15.069400000000002,6.542599999999993,False,2,SOL GIRONÈS BISBAL BÀSQUET,True
COPA ESPAÑA,"FASE DE GRUPOS ""E""",LOBE HUESCA LA MAGIA,1,O. BIESHAAR,4.930599999999998,48.7411,False,2,SOL GIRONÈS BISBAL BÀSQUET,True
COPA ESPAÑA,"FASE DE GRUPOS ""E""",LOBE HUESCA LA MAGIA,7,P. GALLEGO BROTO,33.4028,30.744699999999995,False,2,SOL GIRONÈS BISBAL BÀSQUET,True
COPA ESPAÑA,"FASE DE GRUPOS ""E""",LOBE HUESCA LA MAGIA,1,O. BIESHAAR,30.2778,69.3794,True,2,SOL GIRONÈS BISBAL BÀSQUET,True
COPA ESPAÑA,"FASE DE GRUPOS ""E""",LOBE HUESCA LA MAGIA,5,H. FIGUEROA ÁLVAREZ,11.3889,52.5,True,2,SOL GIRONÈS BISBAL BÀSQUET,True
COPA ESPAÑA,"FASE DE GRUPOS ""E""",LOBE HUESCA LA MAGIA,0,O. THIAM PEDRERA,34.6528,48.3688,False,2,SOL GIRONÈS BISBAL BÀSQUET,True
COPA ESPAÑA,"FASE DE GRUPOS ""E""",LOBE HUESCA LA MAGIA,11,A. BADMUS,19.7222,56.3121,False,2,SOL GIRONÈS BISBAL BÀSQUET,True
COPA ESPAÑA,"FASE DE GRUPOS ""E""",LOBE HUESCA LA MAGIA,15,P. LOPEZ-SANVICENTE RETA,5.41667,49.3972,True,2,SOL GIRONÈS BISBAL BÀSQUET,True
COPA ESPAÑA,"FASE DE GRUPOS ""E""",LOBE HUESCA LA MAGIA,1,O. BIESHAAR,30.5556,30.0355,False,2,SOL GIRONÈS BISBAL BÀSQUET,True
COPA ESPAÑA,"FASE DE GRUPOS ""E""",LOBE HUESCA LA MAGIA,15,P. LOPEZ-SANVICENTE RETA,7.36111,50.8865,True,2,SOL GIRONÈS BISBAL BÀSQUET,True
COPA ESPAÑA,"FASE DE GRUPOS ""E""",LOBE HUESCA LA MAGIA,77,G. VAZQUEZ VALLEJO,20.208299999999994,48.7411,False,2,SOL GIRONÈS BISBAL BÀSQUET,True
COPA ESPAÑA,"FASE DE GRUPOS ""E""",LOBE HUESCA LA MAGIA,2,J. WELLS,8.263900000000007,48.3688,True,2,SOL GIRONÈS BISBAL BÀSQUET,True
COPA ESPAÑA,"FASE DE GRUPOS ""E""",LOBE HUESCA LA MAGIA,0,O. THIAM PEDRERA,27.5694,21.3475,False,2,SOL GIRONÈS BISBAL BÀSQUET,True
COPA ESPAÑA,"FASE DE GRUPOS ""E""",LOBE HUESCA LA MAGIA,6,I. CORRALIZA COBA,8.263900000000007,48.9894,False,2,SOL GIRONÈS BISBAL BÀSQUET,True
COPA ESPAÑA,"FASE DE GRUPOS ""E""",LOBE HUESCA LA MAGIA,5,H. FIGUEROA ÁLVAREZ,7.291700000000006,42.2872,True,2,SOL GIRONÈS BISBAL BÀSQUET,True
COPA ESPAÑA,"FASE DE GRUPOS ""E""",LOBE HUESCA LA MAGIA,1,O. BIESHAAR,5.277799999999999,49.9823,True,2,SOL GIRONÈS BISBAL BÀSQUET,True
COPA ESPAÑA,"FASE DE GRUPOS ""E""",LOBE HUESCA LA MAGIA,2,J. WELLS,27.4306,13.5284,False,2,SOL GIRONÈS BISBAL BÀSQUET,True
COPA ESPAÑA,"FASE DE GRUPOS ""E""",LOBE HUESCA LA MAGIA,2,J. WELLS,27.8472,80.1418,False,2,SOL GIRONÈS BISBAL BÀSQUET,True
COPA ESPAÑA,"FASE DE GRUPOS ""E""",LOBE HUESCA LA MAGIA,15,P. LOPEZ-SANVICENTE RETA,26.5972,17.1277,False,2,SOL GIRONÈS BISBAL BÀSQUET,True
COPA ESPAÑA,"FASE DE GRUPOS ""E""",LOBE HUESCA LA MAGIA,0,O. THIAM PEDRERA,18.6806,39.9645,True,2,SOL GIRONÈS BISBAL BÀSQUET,True
COPA ESPAÑA,"FASE DE GRUPOS ""E""",LOBE HUESCA LA MAGIA,77,G. VAZQUEZ VALLEJO,4.722200000000001,46.8794,True,2,SOL GIRONÈS BISBAL BÀSQUET,True
COPA ESPAÑA,"FASE DE GRUPOS ""E""",LOBE HUESCA LA MAGIA,6,I. CORRALIZA COBA,30.0,21.7199,True,2,SOL GIRONÈS BISBAL BÀSQUET,True
COPA ESPAÑA,"FASE DE GRUPOS ""E""",LOBE HUESCA LA MAGIA,5,H. FIGUEROA ÁLVAREZ,19.1667,74.9645,False,2,SOL GIRONÈS BISBAL BÀSQUET,True
COPA ESPAÑA,"FASE DE GRUPOS ""E""",LOBE HUESCA LA MAGIA,6,I. CORRALIZA COBA,21.9444,33.4752,False,2,SOL GIRONÈS BISBAL BÀSQUET,True
COPA ESPAÑA,"FASE DE GRUPOS ""E""",LOBE HUESCA LA MAGIA,77,G. VAZQUEZ VALLEJO,6.319400000000002,48.7411,False,2,SOL GIRONÈS BISBAL BÀSQUET,True
COPA ESPAÑA,"FASE DE GRUPOS ""E""",LOBE HUESCA LA MAGIA,77,G. VAZQUEZ VALLEJO,16.9444,48.4929,False,2,SOL GIRONÈS BISBAL BÀSQUET,True
COPA ESPAÑA,"FASE DE GRUPOS ""E""",LOBE HUESCA LA MAGIA,1,O. BIESHAAR,12.3611,25.9397,True,2,SOL GIRONÈS BISBAL BÀSQUET,True
COPA ESPAÑA,"FASE DE GRUPOS ""E""",LOBE HUESCA LA MAGIA,77,G. VAZQUEZ VALLEJO,10.6944,40.3369,False,2,SOL GIRONÈS BISBAL BÀSQUET,True
COPA ESPAÑA,"FASE DE GRUPOS ""E""",LOBE HUESCA LA MAGIA,1,O. BIESHAAR,3.05556,58.9539,False,2,SOL GIRONÈS BISBAL BÀSQUET,True
COPA ESPAÑA,"FASE DE GRUPOS ""E""",LOBE HUESCA LA MAGIA,0,O. THIAM PEDRERA,10.486099999999993,21.808499999999995,False,2,SOL GIRONÈS BISBAL BÀSQUET,True
COPA ESPAÑA,"FASE DE GRUPOS ""E""",LOBE HUESCA LA MAGIA,77,G. VAZQUEZ VALLEJO,22.986099999999993,10.266000000000005,False,2,SOL GIRONÈS BISBAL BÀSQUET,True
COPA ESPAÑA,"FASE DE GRUPOS ""E""",LOBE HUESCA LA MAGIA,77,G. VAZQUEZ VALLEJO,8.47222,84.273,False,2,SOL GIRONÈS BISBAL BÀSQUET,True
COPA ESPAÑA,"FASE DE GRUPOS ""E""",LOBE HUESCA LA MAGIA,77,G. VAZQUEZ VALLEJO,17.2222,83.8652,True,2,SOL GIRONÈS BISBAL BÀSQUET,True
COPA ESPAÑA,"FASE DE GRUPOS ""E""",LOBE HUESCA LA MAGIA,6,I. CORRALIZA COBA,13.5417,49.8936,True,2,SOL GIRONÈS BISBAL BÀSQUET,True
COPA ESPAÑA,"FASE DE GRUPOS ""E""",LOBE HUESCA LA MAGIA,11,A. BADMUS,7.84722,50.3901,True,2,SOL GIRONÈS BISBAL BÀSQUET,True
COPA ESPAÑA,"FASE DE GRUPOS ""E""",LOBE HUESCA LA MAGIA,2,J. WELLS,33.26390000000001,53.8298,False,2,SOL GIRONÈS BISBAL BÀSQUET,True
COPA ESPAÑA,"FASE DE GRUPOS ""E""",LOBE HUESCA LA MAGIA,11,A. BADMUS,7.222200000000001,50.4787,True,2,SOL GIRONÈS BISBAL BÀSQUET,True
COPA ESPAÑA,"FASE DE GRUPOS ""E""",LOBE HUESCA LA MAGIA,2,J. WELLS,31.3889,32.5177,False,2,SOL GIRONÈS BISBAL BÀSQUET,True
COPA ESPAÑA,"FASE DE GRUPOS ""E""",LOBE HUESCA LA MAGIA,5,H. FIGUEROA ÁLVAREZ,33.6806,49.3972,True,2,SOL GIRONÈS BISBAL BÀSQUET,True
COPA ESPAÑA,"FASE DE GRUPOS ""E""",LOBE HUESCA LA MAGIA,15,P. LOPEZ-SANVICENTE RETA,20.5556,91.06383,False,2,SOL GIRONÈS BISBAL BÀSQUET,True
COPA ESPAÑA,"FASE DE GRUPOS ""E""",LOBE HUESCA LA MAGIA,11,A. BADMUS,20.5556,47.3759,True,2,SOL GIRONÈS BISBAL BÀSQUET,True
COPA ESPAÑA,"FASE DE GRUPOS ""E""",LOBE HUESCA LA MAGIA,6,I. CORRALIZA COBA,3.333299999999994,51.844,True,2,SOL GIRONÈS BISBAL BÀSQUET,True
COPA ESPAÑA,"FASE DE GRUPOS ""E""",LOBE HUESCA LA MAGIA,1,O. BIESHAAR,5.41667,54.6099,True,2,SOL GIRONÈS BISBAL BÀSQUET,True
COPA ESPAÑA,"FASE DE GRUPOS ""E""",LOBE HUESCA LA MAGIA,5,H. FIGUEROA ÁLVAREZ,34.7222,48.617,True,2,SOL GIRONÈS BISBAL BÀSQUET,True
COPA ESPAÑA,"FASE DE GRUPOS ""E""",LOBE HUESCA LA MAGIA,1,O. BIESHAAR,23.0556,26.5603,False,2,SOL GIRONÈS BISBAL BÀSQUET,True
COPA ESPAÑA,"FASE DE GRUPOS ""E""",LOBE HUESCA LA MAGIA,0,O. THIAM PEDRERA,7.36111,41.0816,True,2,SOL GIRONÈS BISBAL BÀSQUET,True
COPA ESPAÑA,"FASE DE GRUPOS ""E""",LOBE HUESCA LA MAGIA,5,H. FIGUEROA ÁLVAREZ,27.916700000000006,84.8582,True,2,SOL GIRONÈS BISBAL BÀSQUET,True
COPA ESPAÑA,"FASE DE GRUPOS ""E""",LOBE HUESCA LA MAGIA,7,P. GALLEGO BROTO,7.916700000000006,6.914900000000003,False,2,SOL GIRONÈS BISBAL BÀSQUET,True
COPA ESPAÑA,"FASE DE GRUPOS ""E""",LOBE HUESCA LA MAGIA,77,G. VAZQUEZ VALLEJO,7.08333,52.0035,True,2,SOL GIRONÈS BISBAL BÀSQUET,True
COPA ESPAÑA,"FASE DE GRUPOS ""E""",LOBE HUESCA LA MAGIA,5,H. FIGUEROA ÁLVAREZ,25.4861,9.55674,True,2,SOL GIRONÈS BISBAL BÀSQUET,True
COPA ESPAÑA,"FASE DE GRUPOS ""E""",LOBE HUESCA LA MAGIA,6,I. CORRALIZA COBA,10.3472,59.9113,False,2,SOL GIRONÈS BISBAL BÀSQUET,True
COPA ESPAÑA,"FASE DE GRUPOS ""E""",LOBE HUESCA LA MAGIA,4,I. TERREROS RIVAS,5.625,51.5957,False,2,SOL GIRONÈS BISBAL BÀSQUET,True
COPA ESPAÑA,"FASE DE GRUPOS ""E""",LOBE HUESCA LA MAGIA,1,O. BIESHAAR,29.2361,14.5213,True,2,SOL GIRONÈS BISBAL BÀSQUET,True
COPA ESPAÑA,"FASE DE GRUPOS ""E""",LOBE HUESCA LA MAGIA,2,J. WELLS,11.9444,2.7305,False,2,SOL GIRONÈS BISBAL BÀSQUET,True
COPA ESPAÑA,"FASE DE GRUPOS ""E""",LOBE HUESCA LA MAGIA,2,J. WELLS,22.8472,88.5816,True,2,SOL GIRONÈS BISBAL BÀSQUET,True
COPA ESPAÑA,"FASE DE GRUPOS ""E""",LOBE HUESCA LA MAGIA,5,H. FIGUEROA ÁLVAREZ,6.597200000000001,94.41489,True,2,SOL GIRONÈS BISBAL BÀSQUET,True
COPA ESPAÑA,"FASE DE GRUPOS ""E""",LOBE HUESCA LA MAGIA,1,O. BIESHAAR,33.6806,56.3475,False,2,SOL GIRONÈS BISBAL BÀSQUET,True
COPA ESPAÑA,"FASE DE GRUPOS ""E""",LOBE HUESCA LA MAGIA,5,H. FIGUEROA ÁLVAREZ,9.86111,51.383,False,2,SOL GIRONÈS BISBAL BÀSQUET,True
COPA ESPAÑA,"FASE DE GRUPOS ""E""",LOBE HUESCA LA MAGIA,5,H. FIGUEROA ÁLVAREZ,3.68056,95.0709,False,2,SOL GIRONÈS BISBAL BÀSQUET,True
COPA ESPAÑA,"FASE DE GRUPOS ""E""",LOBE HUESCA LA MAGIA,1,O. BIESHAAR,6.94444,48.9007,False,2,SOL GIRONÈS BISBAL BÀSQUET,True
COPA ESPAÑA,"FASE DE GRUPOS ""E""",LOBE HUESCA LA MAGIA,4,I. TERREROS RIVAS,5.0,7.411299999999997,True,2,SOL GIRONÈS BISBAL BÀSQUET,True
COPA ESPAÑA,"FASE DE GRUPOS ""E""",LOBE HUESCA LA MAGIA,2,J. WELLS,26.388900000000007,12.251800000000003,True,2,SOL GIRONÈS BISBAL BÀSQUET,True
COPA ESPAÑA,"FASE DE GRUPOS ""E""",LOBE HUESCA LA MAGIA,2,J. WELLS,19.1667,20.4787,True,2,SOL GIRONÈS BISBAL BÀSQUET,True
COPA ESPAÑA,"FASE DE GRUPOS ""E""",LOBE HUESCA LA MAGIA,3,I. LACRUZ MARTINEZ,7.569400000000002,95.28369,False,2,SOL GIRONÈS BISBAL BÀSQUET,True
COPA ESPAÑA,"FASE DE GRUPOS ""E""",LOBE HUESCA LA MAGIA,2,J. WELLS,21.9444,6.914900000000003,False,2,SOL GIRONÈS BISBAL BÀSQUET,True
COPA ESPAÑA,"FASE DE GRUPOS ""E""",LOBE HUESCA LA MAGIA,4,I. TERREROS RIVAS,8.819400000000002,55.9397,True,2,SOL GIRONÈS BISBAL BÀSQUET,True
COPA ESPAÑA,"FASE DE GRUPOS ""E""",LOBE HUESCA LA MAGIA,1,O. BIESHAAR,14.1667,8.56383,False,2,SOL GIRONÈS BISBAL BÀSQUET,True
COPA ESPAÑA,"FASE DE GRUPOS ""E""",LOBE HUESCA LA MAGIA,6,I. CORRALIZA COBA,7.916700000000006,56.5603,True,2,SOL GIRONÈS BISBAL BÀSQUET,True
COPA ESPAÑA,"FASE DE GRUPOS ""E""",SOL GIRONÈS BISBAL BÀSQUET,7,P. RENANE,25.9028,17.6241,True,2,LOBE HUESCA LA MAGIA,False
COPA ESPAÑA,"FASE DE GRUPOS ""E""",SOL GIRONÈS BISBAL BÀSQUET,7,P. RENANE,8.611099999999993,95.65603,False,2,LOBE HUESCA LA MAGIA,False
COPA ESPAÑA,"FASE DE GRUPOS ""E""",SOL GIRONÈS BISBAL BÀSQUET,23,N. CLEDJO HOUNGUES,15.6944,55.727,False,2,LOBE HUESCA LA MAGIA,False
COPA ESPAÑA,"FASE DE GRUPOS ""E""",SOL GIRONÈS BISBAL BÀSQUET,7,P. RENANE,30.625,74.43260000000001,False,2,LOBE HUESCA LA MAGIA,False
COPA ESPAÑA,"FASE DE GRUPOS ""E""",SOL GIRONÈS BISBAL BÀSQUET,15,N. OKEKE,6.875,57.3404,True,2,LOBE HUESCA LA MAGIA,False
COPA ESPAÑA,"FASE DE GRUPOS ""E""",SOL GIRONÈS BISBAL BÀSQUET,13,M. MIKHAILOV PALTARAK,5.972200000000001,45.3901,False,2,LOBE HUESCA LA MAGIA,False
COPA ESPAÑA,"FASE DE GRUPOS ""E""",SOL GIRONÈS BISBAL BÀSQUET,13,M. MIKHAILOV PALTARAK,11.944400000000002,49.734,False,2,LOBE HUESCA LA MAGIA,False
COPA ESPAÑA,"FASE DE GRUPOS ""E""",SOL GIRONÈS BISBAL BÀSQUET,7,P. RENANE,6.59722,46.7908,True,2,LOBE HUESCA LA MAGIA,False
COPA ESPAÑA,"FASE DE GRUPOS ""E""",SOL GIRONÈS BISBAL BÀSQUET,11,I. VALERA COROMINAS,18.3333,90.8511,True,2,LOBE HUESCA LA MAGIA,False
COPA ESPAÑA,"FASE DE GRUPOS ""E""",SOL GIRONÈS BISBAL BÀSQUET,13,M. MIKHAILOV PALTARAK,5.76389,52.9965,True,2,LOBE HUESCA LA MAGIA,False
COPA ESPAÑA,"FASE DE GRUPOS ""E""",SOL GIRONÈS BISBAL BÀSQUET,13,M. MIKHAILOV PALTARAK,23.611099999999993,67.3582,False,2,LOBE HUESCA LA MAGIA,False
COPA ESPAÑA,"FASE DE GRUPOS ""E""",SOL GIRONÈS BISBAL BÀSQUET,7,P. RENANE,28.0556,21.0993,False,2,LOBE HUESCA LA MAGIA,False
COPA ESPAÑA,"FASE DE GRUPOS ""E""",SOL GIRONÈS BISBAL BÀSQUET,11,I. VALERA COROMINAS,8.40278,44.6809,True,2,LOBE HUESCA LA MAGIA,False
COPA ESPAÑA,"FASE DE GRUPOS ""E""",SOL GIRONÈS BISBAL BÀSQUET,22,J. GOLSON,29.9306,76.29429999999999,False,2,LOBE HUESCA LA MAGIA,False
COPA ESPAÑA,"FASE DE GRUPOS ""E""",SOL GIRONÈS BISBAL BÀSQUET,13,M. MIKHAILOV PALTARAK,5.48611,48.156,False,2,LOBE HUESCA LA MAGIA,False
COPA ESPAÑA,"FASE DE GRUPOS ""E""",SOL GIRONÈS BISBAL BÀSQUET,96,X. TORRENT BAYÉ,20.486099999999993,11.879400000000004,False,2,LOBE HUESCA LA MAGIA,False
COPA ESPAÑA,"FASE DE GRUPOS ""E""",SOL GIRONÈS BISBAL BÀSQUET,13,M. MIKHAILOV PALTARAK,7.43056,68.5106,True,2,LOBE HUESCA LA MAGIA,False
COPA ESPAÑA,"FASE DE GRUPOS ""E""",SOL GIRONÈS BISBAL BÀSQUET,15,N. OKEKE,24.2361,8.93617,True,2,LOBE HUESCA LA MAGIA,False
COPA ESPAÑA,"FASE DE GRUPOS ""E""",SOL GIRONÈS BISBAL BÀSQUET,14,G. SABATER MARTINEZ,6.25,54.078,True,2,LOBE HUESCA LA MAGIA,False
COPA ESPAÑA,"FASE DE GRUPOS ""E""",SOL GIRONÈS BISBAL BÀSQUET,23,N. CLEDJO HOUNGUES,5.694400000000002,22.9255,True,2,LOBE HUESCA LA MAGIA,False
COPA ESPAÑA,"FASE DE GRUPOS ""E""",SOL GIRONÈS BISBAL BÀSQUET,2,J. CARRASCO MARTIN,15.8333,52.9965,False,2,LOBE HUESCA LA MAGIA,False
COPA ESPAÑA,"FASE DE GRUPOS ""E""",SOL GIRONÈS BISBAL BÀSQUET,96,X. TORRENT BAYÉ,30.5556,77.8191,False,2,LOBE HUESCA LA MAGIA,False
COPA ESPAÑA,"FASE DE GRUPOS ""E""",SOL GIRONÈS BISBAL BÀSQUET,13,M. MIKHAILOV PALTARAK,8.75,53.617,True,2,LOBE HUESCA LA MAGIA,False
COPA ESPAÑA,"FASE DE GRUPOS ""E""",SOL GIRONÈS BISBAL BÀSQUET,22,J. GOLSON,36.7361,45.922,True,2,LOBE HUESCA LA MAGIA,False
COPA ESPAÑA,"FASE DE GRUPOS ""E""",SOL GIRONÈS BISBAL BÀSQUET,23,N. CLEDJO HOUNGUES,6.38889,47.2872,False,2,LOBE HUESCA LA MAGIA,False
COPA ESPAÑA,"FASE DE GRUPOS ""E""",SOL GIRONÈS BISBAL BÀSQUET,22,J. GOLSON,30.416700000000006,30.248199999999997,True,2,LOBE HUESCA LA MAGIA,False
COPA ESPAÑA,"FASE DE GRUPOS ""E""",SOL GIRONÈS BISBAL BÀSQUET,7,P. RENANE,30.486099999999993,30.620599999999996,True,2,LOBE HUESCA LA MAGIA,False
COPA ESPAÑA,"FASE DE GRUPOS ""E""",SOL GIRONÈS BISBAL BÀSQUET,7,P. RENANE,32.5694,44.6809,False,2,LOBE HUESCA LA MAGIA,False
COPA ESPAÑA,"FASE DE GRUPOS ""E""",SOL GIRONÈS BISBAL BÀSQUET,23,N. CLEDJO HOUNGUES,6.11111,51.383,False,2,LOBE HUESCA LA MAGIA,False
COPA ESPAÑA,"FASE DE GRUPOS ""E""",SOL GIRONÈS BISBAL BÀSQUET,23,N. CLEDJO HOUNGUES,13.8889,48.9007,True,2,LOBE HUESCA LA MAGIA,False
COPA ESPAÑA,"FASE DE GRUPOS ""E""",SOL GIRONÈS BISBAL BÀSQUET,11,I. VALERA COROMINAS,8.40278,39.344,False,2,LOBE HUESCA LA MAGIA,False
COPA ESPAÑA,"FASE DE GRUPOS ""E""",SOL GIRONÈS BISBAL BÀSQUET,21,B. ALVAREZ TORRES,32.5694,66.3652,False,2,LOBE HUESCA LA MAGIA,False
COPA ESPAÑA,"FASE DE GRUPOS ""E""",SOL GIRONÈS BISBAL BÀSQUET,13,M. MIKHAILOV PALTARAK,32.01390000000001,33.4752,False,2,LOBE HUESCA LA MAGIA,False
COPA ESPAÑA,"FASE DE GRUPOS ""E""",SOL GIRONÈS BISBAL BÀSQUET,96,X. TORRENT BAYÉ,6.805599999999998,39.6809,False,2,LOBE HUESCA LA MAGIA,False
COPA ESPAÑA,"FASE DE GRUPOS ""E""",SOL GIRONÈS BISBAL BÀSQUET,14,G. SABATER MARTINEZ,14.861099999999993,53.4574,False,2,LOBE HUESCA LA MAGIA,False
COPA ESPAÑA,"FASE DE GRUPOS ""E""",SOL GIRONÈS BISBAL BÀSQUET,13,M. MIKHAILOV PALTARAK,2.91667,46.1702,True,2,LOBE HUESCA LA MAGIA,False
COPA ESPAÑA,"FASE DE GRUPOS ""E""",SOL GIRONÈS BISBAL BÀSQUET,22,J. GOLSON,18.125,93.04965,True,2,LOBE HUESCA LA MAGIA,False
COPA ESPAÑA,"FASE DE GRUPOS ""E""",SOL GIRONÈS BISBAL BÀSQUET,15,N. OKEKE,32.5694,62.5177,False,2,LOBE HUESCA LA MAGIA,False
COPA ESPAÑA,"FASE DE GRUPOS ""E""",SOL GIRONÈS BISBAL BÀSQUET,22,J. GOLSON,19.6528,61.8972,True,2,LOBE HUESCA LA MAGIA,False
COPA ESPAÑA,"FASE DE GRUPOS ""E""",SOL GIRONÈS BISBAL BÀSQUET,2,J. CARRASCO MARTIN,4.51389,50.6383,False,2,LOBE HUESCA LA MAGIA,False
COPA ESPAÑA,"FASE DE GRUPOS ""E""",SOL GIRONÈS BISBAL BÀSQUET,15,N. OKEKE,13.4028,5.549599999999998,False,2,LOBE HUESCA LA MAGIA,False
COPA ESPAÑA,"FASE DE GRUPOS ""E""",SOL GIRONÈS BISBAL BÀSQUET,96,X. TORRENT BAYÉ,10.486099999999993,53.5816,True,2,LOBE HUESCA LA MAGIA,False
COPA ESPAÑA,"FASE DE GRUPOS ""E""",SOL GIRONÈS BISBAL BÀSQUET,15,N. OKEKE,31.3889,22.5887,False,2,LOBE HUESCA LA MAGIA,False
COPA ESPAÑA,"FASE DE GRUPOS ""E""",SOL GIRONÈS BISBAL BÀSQUET,7,P. RENANE,12.6389,93.4574,False,2,LOBE HUESCA LA MAGIA,False
COPA ESPAÑA,"FASE DE GRUPOS ""E""",SOL GIRONÈS BISBAL BÀSQUET,96,X. TORRENT BAYÉ,11.4583,96.1879,False,2,LOBE HUESCA LA MAGIA,False
COPA ESPAÑA,"FASE DE GRUPOS ""E""",SOL GIRONÈS BISBAL BÀSQUET,7,P. RENANE,7.01389,45.3014,False,2,LOBE HUESCA LA MAGIA,False
COPA ESPAÑA,"FASE DE GRUPOS ""E""",SOL GIRONÈS BISBAL BÀSQUET,7,P. RENANE,23.0556,9.893600000000006,False,2,LOBE HUESCA LA MAGIA,False
COPA ESPAÑA,"FASE DE GRUPOS ""E""",SOL GIRONÈS BISBAL BÀSQUET,21,B. ALVAREZ TORRES,35.5556,30.656,False,2,LOBE HUESCA LA MAGIA,False
COPA ESPAÑA,"FASE DE GRUPOS ""E""",SOL GIRONÈS BISBAL BÀSQUET,13,M. MIKHAILOV PALTARAK,10.763900000000007,50.6028,False,2,LOBE HUESCA LA MAGIA,False
COPA ESPAÑA,"FASE DE GRUPOS ""E""",SOL GIRONÈS BISBAL BÀSQUET,96,X. TORRENT BAYÉ,29.4444,24.7872,False,2,LOBE HUESCA LA MAGIA,False
COPA ESPAÑA,"FASE DE GRUPOS ""E""",SOL GIRONÈS BISBAL BÀSQUET,22,J. GOLSON,25.625,9.769499999999994,False,2,LOBE HUESCA LA MAGIA,False
COPA ESPAÑA,"FASE DE GRUPOS ""E""",SOL GIRONÈS BISBAL BÀSQUET,13,M. MIKHAILOV PALTARAK,6.875,55.195,True,2,LOBE HUESCA LA MAGIA,False
COPA ESPAÑA,"FASE DE GRUPOS ""E""",SOL GIRONÈS BISBAL BÀSQUET,13,M. MIKHAILOV PALTARAK,3.958299999999994,56.8085,True,2,LOBE HUESCA LA MAGIA,False
COPA ESPAÑA,"FASE DE GRUPOS ""E""",SOL GIRONÈS BISBAL BÀSQUET,21,B. ALVAREZ TORRES,5.625,59.8227,False,2,LOBE HUESCA LA MAGIA,False
COPA ESPAÑA,"FASE DE GRUPOS ""E""",SOL GIRONÈS BISBAL BÀSQUET,15,N. OKEKE,11.5278,41.9504,True,2,LOBE HUESCA LA MAGIA,False
COPA ESPAÑA,"FASE DE GRUPOS ""E""",SOL GIRONÈS BISBAL BÀSQUET,15,N. OKEKE,21.9444,36.117,False,2,LOBE HUESCA LA MAGIA,False
COPA ESPAÑA,"FASE DE GRUPOS ""E""",SOL GIRONÈS BISBAL BÀSQUET,7,P. RENANE,4.861099999999993,53.4574,True,2,LOBE HUESCA LA MAGIA,False
COPA ESPAÑA,"FASE DE GRUPOS ""E""",SOL GIRONÈS BISBAL BÀSQUET,7,P. RENANE,8.4722,48.7411,True,2,LOBE HUESCA LA MAGIA,False
COPA ESPAÑA,"FASE DE GRUPOS ""E""",SOL GIRONÈS BISBAL BÀSQUET,13,M. MIKHAILOV PALTARAK,8.194400000000002,60.4078,False,2,LOBE HUESCA LA MAGIA,False
COPA ESPAÑA,"FASE DE GRUPOS ""E""",SOL GIRONÈS BISBAL BÀSQUET,21,B. ALVAREZ TORRES,26.5278,78.156,True,2,LOBE HUESCA LA MAGIA,False
COPA ESPAÑA,"FASE DE GRUPOS ""E""",SOL GIRONÈS BISBAL BÀSQUET,22,J. GOLSON,27.5,22.0922,False,2,LOBE HUESCA LA MAGIA,False
COPA ESPAÑA,"FASE DE GRUPOS ""E""",SOL GIRONÈS BISBAL BÀSQUET,13,M. MIKHAILOV PALTARAK,7.43056,68.5106,False,2,LOBE HUESCA LA MAGIA,False
COPA ESPAÑA,"FASE DE GRUPOS ""E""",SOL GIRONÈS BISBAL BÀSQUET,7,P. RENANE,11.0417,46.5426,False,2,LOBE HUESCA LA MAGIA,False
COPA ESPAÑA,"FASE DE GRUPOS ""E""",SOL GIRONÈS BISBAL BÀSQUET,2,J. CARRASCO MARTIN,24.5833,87.5,False,2,LOBE HUESCA LA MAGIA,False
COPA ESPAÑA,"FASE DE GRUPOS ""E""",SOL GIRONÈS BISBAL BÀSQUET,13,M. MIKHAILOV PALTARAK,7.77778,38.5993,False,2,LOBE HUESCA LA MAGIA,False
COPA ESPAÑA,"FASE DE GRUPOS ""E""",SOL GIRONÈS BISBAL BÀSQUET,23,N. CLEDJO HOUNGUES,32.6389,41.2057,False,2,LOBE HUESCA LA MAGIA,False
COPA ESPAÑA,"FASE DE GRUPOS ""E""",SOL GIRONÈS BISBAL BÀSQUET,13,M. MIKHAILOV PALTARAK,19.4444,79.273,False,2,LOBE HUESCA LA MAGIA,False
COPA ESPAÑA,"FASE DE GRUPOS ""E""",CBSALOU,15,A. DEL CERRO MARTIN,37.2917,28.7943,True,3,LOBE HUESCA LA MAGIA,True
COPA ESPAÑA,"FASE DE GRUPOS ""E""",CBSALOU,3,B. TRAORE,27.8472,87.7482,False,3,LOBE HUESCA LA MAGIA,True
COPA ESPAÑA,"FASE DE GRUPOS ""E""",CBSALOU,9,E. SIMS SERRA,12.569400000000002,54.4504,False,3,LOBE HUESCA LA MAGIA,True
COPA ESPAÑA,"FASE DE GRUPOS ""E""",CBSALOU,3,B. TRAORE,17.5,51.2589,True,3,LOBE HUESCA LA MAGIA,True
COPA ESPAÑA,"FASE DE GRUPOS ""E""",CBSALOU,4,D. CUELLAR GARCIA,21.8056,62.0567,False,3,LOBE HUESCA LA MAGIA,True
COPA ESPAÑA,"FASE DE GRUPOS ""E""",CBSALOU,15,A. DEL CERRO MARTIN,23.958299999999994,41.0461,False,3,LOBE HUESCA LA MAGIA,True
COPA ESPAÑA,"FASE DE GRUPOS ""E""",CBSALOU,14,E. MARTINEZ PRETEL,12.5,51.383,True,3,LOBE HUESCA LA MAGIA,True
COPA ESPAÑA,"FASE DE GRUPOS ""E""",CBSALOU,14,E. MARTINEZ PRETEL,2.0139000000000067,54.3262,True,3,LOBE HUESCA LA MAGIA,True
COPA ESPAÑA,"FASE DE GRUPOS ""E""",CBSALOU,17,P. SALO BLAYA,9.72222,63.0496,False,3,LOBE HUESCA LA MAGIA,True
COPA ESPAÑA,"FASE DE GRUPOS ""E""",CBSALOU,5,E. MOURE COLOMBO,13.125,56.1879,False,3,LOBE HUESCA LA MAGIA,True
COPA ESPAÑA,"FASE DE GRUPOS ""E""",CBSALOU,3,B. TRAORE,11.180599999999998,48.2447,False,3,LOBE HUESCA LA MAGIA,True
COPA ESPAÑA,"FASE DE GRUPOS ""E""",CBSALOU,3,B. TRAORE,9.6528,55.9397,True,3,LOBE HUESCA LA MAGIA,True
COPA ESPAÑA,"FASE DE GRUPOS ""E""",CBSALOU,15,A. DEL CERRO MARTIN,39.0972,33.883,True,3,LOBE HUESCA LA MAGIA,True
COPA ESPAÑA,"FASE DE GRUPOS ""E""",CBSALOU,3,B. TRAORE,29.375,87.7128,True,3,LOBE HUESCA LA MAGIA,True
COPA ESPAÑA,"FASE DE GRUPOS ""E""",CBSALOU,14,E. MARTINEZ PRETEL,33.3333,23.9539,False,3,LOBE HUESCA LA MAGIA,True
COPA ESPAÑA,"FASE DE GRUPOS ""E""",CBSALOU,0,J. CAJELLI TRIVER,18.2639,52.5,True,3,LOBE HUESCA LA MAGIA,True
COPA ESPAÑA,"FASE DE GRUPOS ""E""",CBSALOU,4,D. CUELLAR GARCIA,26.666700000000006,88.4574,False,3,LOBE HUESCA LA MAGIA,True
COPA ESPAÑA,"FASE DE GRUPOS ""E""",CBSALOU,3,B. TRAORE,10.555599999999998,52.3404,True,3,LOBE HUESCA LA MAGIA,True
COPA ESPAÑA,"FASE DE GRUPOS ""E""",CBSALOU,9,E. SIMS SERRA,12.9861,45.0532,True,3,LOBE HUESCA LA MAGIA,True
COPA ESPAÑA,"FASE DE GRUPOS ""E""",CBSALOU,17,P. SALO BLAYA,3.75,46.1702,True,3,LOBE HUESCA LA MAGIA,True
COPA ESPAÑA,"FASE DE GRUPOS ""E""",CBSALOU,9,E. SIMS SERRA,13.6806,53.9894,False,3,LOBE HUESCA LA MAGIA,True
COPA ESPAÑA,"FASE DE GRUPOS ""E""",CBSALOU,0,J. CAJELLI TRIVER,17.638900000000007,52.3404,False,3,LOBE HUESCA LA MAGIA,True
COPA ESPAÑA,"FASE DE GRUPOS ""E""",CBSALOU,3,B. TRAORE,32.2222,82.1277,False,3,LOBE HUESCA LA MAGIA,True
COPA ESPAÑA,"FASE DE GRUPOS ""E""",CBSALOU,3,B. TRAORE,31.111099999999993,23.918400000000005,False,3,LOBE HUESCA LA MAGIA,True
COPA ESPAÑA,"FASE DE GRUPOS ""E""",CBSALOU,15,A. DEL CERRO MARTIN,40.6944,63.7589,False,3,LOBE HUESCA LA MAGIA,True
COPA ESPAÑA,"FASE DE GRUPOS ""E""",CBSALOU,3,B. TRAORE,6.527799999999999,60.656,True,3,LOBE HUESCA LA MAGIA,True
COPA ESPAÑA,"FASE DE GRUPOS ""E""",CBSALOU,5,E. MOURE COLOMBO,17.361099999999993,53.0851,False,3,LOBE HUESCA LA MAGIA,True
COPA ESPAÑA,"FASE DE GRUPOS ""E""",CBSALOU,0,J. CAJELLI TRIVER,9.861099999999993,56.1879,False,3,LOBE HUESCA LA MAGIA,True
COPA ESPAÑA,"FASE DE GRUPOS ""E""",CBSALOU,3,B. TRAORE,33.2639,77.9433,False,3,LOBE HUESCA LA MAGIA,True
COPA ESPAÑA,"FASE DE GRUPOS ""E""",CBSALOU,9,E. SIMS SERRA,5.138900000000007,50.1064,True,3,LOBE HUESCA LA MAGIA,True
COPA ESPAÑA,"FASE DE GRUPOS ""E""",CBSALOU,15,A. DEL CERRO MARTIN,35.2778,57.9255,False,3,LOBE HUESCA LA MAGIA,True
COPA ESPAÑA,"FASE DE GRUPOS ""E""",CBSALOU,3,B. TRAORE,30.0,83.3688,False,3,LOBE HUESCA LA MAGIA,True
COPA ESPAÑA,"FASE DE GRUPOS ""E""",CBSALOU,14,E. MARTINEZ PRETEL,30.208299999999994,79.1489,False,3,LOBE HUESCA LA MAGIA,True
COPA ESPAÑA,"FASE DE GRUPOS ""E""",CBSALOU,15,A. DEL CERRO MARTIN,6.597200000000001,52.8369,True,3,LOBE HUESCA LA MAGIA,True
COPA ESPAÑA,"FASE DE GRUPOS ""E""",CBSALOU,0,J. CAJELLI TRIVER,10.3472,49.6454,True,3,LOBE HUESCA LA MAGIA,True
COPA ESPAÑA,"FASE DE GRUPOS ""E""",CBSALOU,4,D. CUELLAR GARCIA,36.3194,29.751800000000003,False,3,LOBE HUESCA LA MAGIA,True
COPA ESPAÑA,"FASE DE GRUPOS ""E""",CBSALOU,3,B. TRAORE,9.6528,52.7128,True,3,LOBE HUESCA LA MAGIA,True
COPA ESPAÑA,"FASE DE GRUPOS ""E""",CBSALOU,15,A. DEL CERRO MARTIN,11.3194,49.7695,True,3,LOBE HUESCA LA MAGIA,True
COPA ESPAÑA,"FASE DE GRUPOS ""E""",CBSALOU,3,B. TRAORE,37.9861,68.1383,False,3,LOBE HUESCA LA MAGIA,True
COPA ESPAÑA,"FASE DE GRUPOS ""E""",CBSALOU,14,E. MARTINEZ PRETEL,36.1111,70.2482,False,3,LOBE HUESCA LA MAGIA,True
COPA ESPAÑA,"FASE DE GRUPOS ""E""",CBSALOU,9,E. SIMS SERRA,32.6389,82.5355,False,3,LOBE HUESCA LA MAGIA,True
COPA ESPAÑA,"FASE DE GRUPOS ""E""",CBSALOU,3,B. TRAORE,30.3472,87.7128,True,3,LOBE HUESCA LA MAGIA,True
COPA ESPAÑA,"FASE DE GRUPOS ""E""",CBSALOU,3,B. TRAORE,35.2778,71.117,True,3,LOBE HUESCA LA MAGIA,True
COPA ESPAÑA,"FASE DE GRUPOS ""E""",CBSALOU,14,E. MARTINEZ PRETEL,17.0139,52.7482,False,3,LOBE HUESCA LA MAGIA,True
COPA ESPAÑA,"FASE DE GRUPOS ""E""",CBSALOU,3,B. TRAORE,6.73611,50.8865,True,3,LOBE HUESCA LA MAGIA,True
COPA ESPAÑA,"FASE DE GRUPOS ""E""",CBSALOU,3,B. TRAORE,33.125,76.5426,False,3,LOBE HUESCA LA MAGIA,True
COPA ESPAÑA,"FASE DE GRUPOS ""E""",CBSALOU,4,D. CUELLAR GARCIA,32.8472,74.9645,False,3,LOBE HUESCA LA MAGIA,True
COPA ESPAÑA,"FASE DE GRUPOS ""E""",CBSALOU,3,B. TRAORE,5.902799999999999,51.7199,True,3,LOBE HUESCA LA MAGIA,True
COPA ESPAÑA,"FASE DE GRUPOS ""E""",CBSALOU,14,E. MARTINEZ PRETEL,31.8056,27.890100000000004,True,3,LOBE HUESCA LA MAGIA,True
COPA ESPAÑA,"FASE DE GRUPOS ""E""",CBSALOU,15,A. DEL CERRO MARTIN,36.25,26.276600000000002,False,3,LOBE HUESCA LA MAGIA,True
COPA ESPAÑA,"FASE DE GRUPOS ""E""",CBSALOU,3,B. TRAORE,6.180599999999998,54.8227,True,3,LOBE HUESCA LA MAGIA,True
COPA ESPAÑA,"FASE DE GRUPOS ""E""",CBSALOU,3,B. TRAORE,18.2639,52.5,False,3,LOBE HUESCA LA MAGIA,True
COPA ESPAÑA,"FASE DE GRUPOS ""E""",CBSALOU,4,D. CUELLAR GARCIA,33.8889,82.4113,False,3,LOBE HUESCA LA MAGIA,True
COPA ESPAÑA,"FASE DE GRUPOS ""E""",CBSALOU,9,E. SIMS SERRA,9.86111,50.3901,True,3,LOBE HUESCA LA MAGIA,True
COPA ESPAÑA,"FASE DE GRUPOS ""E""",CBSALOU,0,J. CAJELLI TRIVER,14.5833,49.7695,True,3,LOBE HUESCA LA MAGIA,True
COPA ESPAÑA,"FASE DE GRUPOS ""E""",CBSALOU,17,P. SALO BLAYA,17.916700000000006,64.6277,False,3,LOBE HUESCA LA MAGIA,True
COPA ESPAÑA,"FASE DE GRUPOS ""E""",CBSALOU,3,B. TRAORE,38.1944,56.9681,True,3,LOBE HUESCA LA MAGIA,True
COPA ESPAÑA,"FASE DE GRUPOS ""E""",CBSALOU,9,E. SIMS SERRA,31.875,13.7766,True,3,LOBE HUESCA LA MAGIA,True
COPA ESPAÑA,"FASE DE GRUPOS ""E""",CBSALOU,14,E. MARTINEZ PRETEL,11.5972,50.3546,False,3,LOBE HUESCA LA MAGIA,True
COPA ESPAÑA,"FASE DE GRUPOS ""E""",CBSALOU,3,B. TRAORE,13.2639,51.5071,True,3,LOBE HUESCA LA MAGIA,True
COPA ESPAÑA,"FASE DE GRUPOS ""E""",CBSALOU,4,D. CUELLAR GARCIA,35.4167,71.9858,False,3,LOBE HUESCA LA MAGIA,True
COPA ESPAÑA,"FASE DE GRUPOS ""E""",CBSALOU,4,D. CUELLAR GARCIA,37.0139,77.695,False,3,LOBE HUESCA LA MAGIA,True
COPA ESPAÑA,"FASE DE GRUPOS ""E""",LOBE HUESCA LA MAGIA,2,J. WELLS,36.1806,55.8156,False,3,CBSALOU,False
COPA ESPAÑA,"FASE DE GRUPOS ""E""",LOBE HUESCA LA MAGIA,77,G. VAZQUEZ VALLEJO,4.79167,49.6454,True,3,CBSALOU,False
COPA ESPAÑA,"FASE DE GRUPOS ""E""",LOBE HUESCA LA MAGIA,2,J. WELLS,34.0278,19.4858,False,3,CBSALOU,False
COPA ESPAÑA,"FASE DE GRUPOS ""E""",LOBE HUESCA LA MAGIA,11,A. BADMUS,13.958299999999994,47.9965,False,3,CBSALOU,False
COPA ESPAÑA,"FASE DE GRUPOS ""E""",LOBE HUESCA LA MAGIA,2,J. WELLS,15.9722,46.5426,True,3,CBSALOU,False
COPA ESPAÑA,"FASE DE GRUPOS ""E""",LOBE HUESCA LA MAGIA,6,I. CORRALIZA COBA,10.555599999999998,53.4574,True,3,CBSALOU,False
COPA ESPAÑA,"FASE DE GRUPOS ""E""",LOBE HUESCA LA MAGIA,1,O. BIESHAAR,30.9028,19.5745,True,3,CBSALOU,False
COPA ESPAÑA,"FASE DE GRUPOS ""E""",LOBE HUESCA LA MAGIA,5,H. FIGUEROA ÁLVAREZ,36.1111,26.9326,True,3,CBSALOU,False
COPA ESPAÑA,"FASE DE GRUPOS ""E""",LOBE HUESCA LA MAGIA,0,O. THIAM PEDRERA,14.1667,47.2872,True,3,CBSALOU,False
COPA ESPAÑA,"FASE DE GRUPOS ""E""",LOBE HUESCA LA MAGIA,77,G. VAZQUEZ VALLEJO,11.9444,55.6028,True,3,CBSALOU,False
COPA ESPAÑA,"FASE DE GRUPOS ""E""",LOBE HUESCA LA MAGIA,2,J. WELLS,37.2222,27.0567,False,3,CBSALOU,False
COPA ESPAÑA,"FASE DE GRUPOS ""E""",LOBE HUESCA LA MAGIA,15,P. LOPEZ-SANVICENTE RETA,30.0694,85.10640000000001,False,3,CBSALOU,False
COPA ESPAÑA,"FASE DE GRUPOS ""E""",LOBE HUESCA LA MAGIA,2,J. WELLS,15.9722,46.5426,False,3,CBSALOU,False
COPA ESPAÑA,"FASE DE GRUPOS ""E""",LOBE HUESCA LA MAGIA,15,P. LOPEZ-SANVICENTE RETA,9.7222,53.5816,False,3,CBSALOU,False
COPA ESPAÑA,"FASE DE GRUPOS ""E""",LOBE HUESCA LA MAGIA,77,G. VAZQUEZ VALLEJO,35.76390000000001,83.2447,False,3,CBSALOU,False
COPA ESPAÑA,"FASE DE GRUPOS ""E""",LOBE HUESCA LA MAGIA,6,I. CORRALIZA COBA,10.694400000000002,59.0426,False,3,CBSALOU,False
COPA ESPAÑA,"FASE DE GRUPOS ""E""",LOBE HUESCA LA MAGIA,15,P. LOPEZ-SANVICENTE RETA,37.9861,20.4787,False,3,CBSALOU,False
COPA ESPAÑA,"FASE DE GRUPOS ""E""",LOBE HUESCA LA MAGIA,1,O. BIESHAAR,36.3194,33.1383,False,3,CBSALOU,False
COPA ESPAÑA,"FASE DE GRUPOS ""E""",LOBE HUESCA LA MAGIA,0,O. THIAM PEDRERA,34.5833,78.9362,True,3,CBSALOU,False
COPA ESPAÑA,"FASE DE GRUPOS ""E""",LOBE HUESCA LA MAGIA,1,O. BIESHAAR,37.7083,64.9113,False,3,CBSALOU,False
COPA ESPAÑA,"FASE DE GRUPOS ""E""",LOBE HUESCA LA MAGIA,5,H. FIGUEROA ÁLVAREZ,32.5,80.5142,False,3,CBSALOU,False
COPA ESPAÑA,"FASE DE GRUPOS ""E""",LOBE HUESCA LA MAGIA,5,H. FIGUEROA ÁLVAREZ,34.9306,71.3298,False,3,CBSALOU,False
COPA ESPAÑA,"FASE DE GRUPOS ""E""",LOBE HUESCA LA MAGIA,15,P. LOPEZ-SANVICENTE RETA,14.0278,57.3404,True,3,CBSALOU,False
COPA ESPAÑA,"FASE DE GRUPOS ""E""",LOBE HUESCA LA MAGIA,5,H. FIGUEROA ÁLVAREZ,29.9306,87.2163,False,3,CBSALOU,False
COPA ESPAÑA,"FASE DE GRUPOS ""E""",LOBE HUESCA LA MAGIA,2,J. WELLS,30.0694,79.0248,True,3,CBSALOU,False
COPA ESPAÑA,"FASE DE GRUPOS ""E""",LOBE HUESCA LA MAGIA,77,G. VAZQUEZ VALLEJO,5.27778,53.2447,True,3,CBSALOU,False
COPA ESPAÑA,"FASE DE GRUPOS ""E""",LOBE HUESCA LA MAGIA,7,P. GALLEGO BROTO,36.8056,58.2092,False,3,CBSALOU,False
COPA ESPAÑA,"FASE DE GRUPOS ""E""",LOBE HUESCA LA MAGIA,5,H. FIGUEROA ÁLVAREZ,14.4444,50.3901,True,3,CBSALOU,False
COPA ESPAÑA,"FASE DE GRUPOS ""E""",LOBE HUESCA LA MAGIA,77,G. VAZQUEZ VALLEJO,33.333299999999994,79.1489,False,3,CBSALOU,False
COPA ESPAÑA,"FASE DE GRUPOS ""E""",LOBE HUESCA LA MAGIA,10,J. FRITZ,13.055599999999998,74.1844,False,3,CBSALOU,False
COPA ESPAÑA,"FASE DE GRUPOS ""E""",LOBE HUESCA LA MAGIA,15,P. LOPEZ-SANVICENTE RETA,13.4028,55.727,True,3,CBSALOU,False
COPA ESPAÑA,"FASE DE GRUPOS ""E""",LOBE HUESCA LA MAGIA,11,A. BADMUS,19.3056,51.7553,False,3,CBSALOU,False
COPA ESPAÑA,"FASE DE GRUPOS ""E""",LOBE HUESCA LA MAGIA,1,O. BIESHAAR,33.61109999999999,74.43260000000001,True,3,CBSALOU,False
COPA ESPAÑA,"FASE DE GRUPOS ""E""",LOBE HUESCA LA MAGIA,2,J. WELLS,30.486099999999993,17.8369,True,3,CBSALOU,False
COPA ESPAÑA,"FASE DE GRUPOS ""E""",LOBE HUESCA LA MAGIA,1,O. BIESHAAR,27.083299999999994,92.80142000000001,True,3,CBSALOU,False
COPA ESPAÑA,"FASE DE GRUPOS ""E""",LOBE HUESCA LA MAGIA,77,G. VAZQUEZ VALLEJO,30.763900000000007,81.50710000000001,False,3,CBSALOU,False
COPA ESPAÑA,"FASE DE GRUPOS ""E""",LOBE HUESCA LA MAGIA,15,P. LOPEZ-SANVICENTE RETA,15.625,48.7766,True,3,CBSALOU,False
COPA ESPAÑA,"FASE DE GRUPOS ""E""",LOBE HUESCA LA MAGIA,15,P. LOPEZ-SANVICENTE RETA,12.361099999999993,53.3333,True,3,CBSALOU,False
COPA ESPAÑA,"FASE DE GRUPOS ""E""",LOBE HUESCA LA MAGIA,15,P. LOPEZ-SANVICENTE RETA,11.805599999999998,57.9255,True,3,CBSALOU,False
COPA ESPAÑA,"FASE DE GRUPOS ""E""",LOBE HUESCA LA MAGIA,10,J. FRITZ,14.930599999999998,52.7128,True,3,CBSALOU,False
COPA ESPAÑA,"FASE DE GRUPOS ""E""",LOBE HUESCA LA MAGIA,2,J. WELLS,17.0139,51.2589,False,3,CBSALOU,False
COPA ESPAÑA,"FASE DE GRUPOS ""E""",LOBE HUESCA LA MAGIA,5,H. FIGUEROA ÁLVAREZ,37.9167,59.0426,False,3,CBSALOU,False
COPA ESPAÑA,"FASE DE GRUPOS ""E""",LOBE HUESCA LA MAGIA,5,H. FIGUEROA ÁLVAREZ,37.8472,55.2305,False,3,CBSALOU,False
COPA ESPAÑA,"FASE DE GRUPOS ""E""",LOBE HUESCA LA MAGIA,11,A. BADMUS,10.208299999999994,55.9397,False,3,CBSALOU,False
COPA ESPAÑA,"FASE DE GRUPOS ""E""",LOBE HUESCA LA MAGIA,6,I. CORRALIZA COBA,15.208299999999994,56.3121,True,3,CBSALOU,False
COPA ESPAÑA,"FASE DE GRUPOS ""E""",LOBE HUESCA LA MAGIA,1,O. BIESHAAR,11.319400000000002,56.5603,True,3,CBSALOU,False
COPA ESPAÑA,"FASE DE GRUPOS ""E""",LOBE HUESCA LA MAGIA,15,P. LOPEZ-SANVICENTE RETA,16.5972,56.844,False,3,CBSALOU,False
COPA ESPAÑA,"FASE DE GRUPOS ""E""",LOBE HUESCA LA MAGIA,2,J. WELLS,37.2917,55.3546,False,3,CBSALOU,False
COPA ESPAÑA,"FASE DE GRUPOS ""E""",LOBE HUESCA LA MAGIA,1,O. BIESHAAR,29.4444,88.9539,True,3,CBSALOU,False
COPA ESPAÑA,"FASE DE GRUPOS ""E""",LOBE HUESCA LA MAGIA,0,O. THIAM PEDRERA,30.416700000000006,87.0922,False,3,CBSALOU,False
COPA ESPAÑA,"FASE DE GRUPOS ""E""",LOBE HUESCA LA MAGIA,11,A. BADMUS,8.33333,53.4929,True,3,CBSALOU,False
COPA ESPAÑA,"FASE DE GRUPOS ""E""",LOBE HUESCA LA MAGIA,2,J. WELLS,32.1528,22.180899999999994,False,3,CBSALOU,False
COPA ESPAÑA,"FASE DE GRUPOS ""E""",LOBE HUESCA LA MAGIA,2,J. WELLS,35.9722,65.1241,False,3,CBSALOU,False
COPA ESPAÑA,"FASE DE GRUPOS ""E""",LOBE HUESCA LA MAGIA,0,O. THIAM PEDRERA,34.86109999999999,24.911299999999997,False,3,CBSALOU,False
COPA ESPAÑA,"FASE DE GRUPOS ""E""",LOBE HUESCA LA MAGIA,6,I. CORRALIZA COBA,22.2222,49.5213,False,3,CBSALOU,False
COPA ESPAÑA,"FASE DE GRUPOS ""E""",LOBE HUESCA LA MAGIA,0,O. THIAM PEDRERA,21.9444,52.5,False,3,CBSALOU,False
COPA ESPAÑA,"FASE DE GRUPOS ""E""",LOBE HUESCA LA MAGIA,6,I. CORRALIZA COBA,26.736099999999993,88.2092,True,3,CBSALOU,False
COPA ESPAÑA,"FASE DE GRUPOS ""E""",LOBE HUESCA LA MAGIA,15,P. LOPEZ-SANVICENTE RETA,29.0972,88.9539,True,3,CBSALOU,False
COPA ESPAÑA,"FASE DE GRUPOS ""E""",LOBE HUESCA LA MAGIA,5,H. FIGUEROA ÁLVAREZ,15.486099999999993,56.5603,False,3,CBSALOU,False
COPA ESPAÑA,"FASE DE GRUPOS ""E""",LOBE HUESCA LA MAGIA,11,A. BADMUS,20.0694,54.3617,False,3,CBSALOU,False
COPA ESPAÑA,"FASE DE GRUPOS ""E""",LOBE HUESCA LA MAGIA,6,I. CORRALIZA COBA,37.4306,61.1879,False,3,CBSALOU,False
COPA ESPAÑA,"FASE DE GRUPOS ""E""",LOBE HUESCA LA MAGIA,2,J. WELLS,15.9722,46.5426,False,3,CBSALOU,False
COPA ESPAÑA,"FASE DE GRUPOS ""E""",LOBE HUESCA LA MAGIA,77,G. VAZQUEZ VALLEJO,29.861099999999993,80.6383,False,3,CBSALOU,False
COPA ESPAÑA,"FASE DE GRUPOS ""E""",LOBE HUESCA LA MAGIA,1,O. BIESHAAR,30.416700000000006,87.0922,False,3,CBSALOU,False
COPA ESPAÑA,"FASE DE GRUPOS ""E""",LOBE HUESCA LA MAGIA,77,G. VAZQUEZ VALLEJO,11.3194,57.5887,True,3,CBSALOU,False
COPA ESPAÑA,"FASE DE GRUPOS ""E""",LOBE HUESCA LA MAGIA,5,H. FIGUEROA ÁLVAREZ,34.7917,72.6064,False,3,CBSALOU,False
COPA ESPAÑA,"FASE DE GRUPOS ""E""",LOBE HUESCA LA MAGIA,0,O. THIAM PEDRERA,20.9722,56.4716,False,3,CBSALOU,False
COPA ESPAÑA,"FASE DE GRUPOS ""E""",LOBE HUESCA LA MAGIA,77,G. VAZQUEZ VALLEJO,10.555599999999998,54.4504,False,3,CBSALOU,False
COPA ESPAÑA,"FASE DE GRUPOS ""E""",LOBE HUESCA LA MAGIA,15,P. LOPEZ-SANVICENTE RETA,17.7083,51.1347,True,3,CBSALOU,False
COPA ESPAÑA,"FASE DE GRUPOS ""E""",LOBE HUESCA LA MAGIA,2,J. WELLS,30.2083,83.7766,False,3,CBSALOU,False
COPA ESPAÑA,"FASE DE GRUPOS ""E""",LOBE HUESCA LA MAGIA,10,J. FRITZ,33.333299999999994,21.1879,False,3,CBSALOU,False
COPA ESPAÑA,"FASE DE GRUPOS ""E""",LOBE HUESCA LA MAGIA,77,G. VAZQUEZ VALLEJO,12.708299999999994,44.7695,False,3,CBSALOU,False
COPA ESPAÑA,"FASE DE GRUPOS ""E""",LOBE HUESCA LA MAGIA,5,H. FIGUEROA ÁLVAREZ,33.26390000000001,23.546099999999996,False,3,CBSALOU,False
COPA ESPAÑA,"FASE DE GRUPOS ""E""",LOBE HUESCA LA MAGIA,11,A. BADMUS,30.2083,83.7766,False,3,CBSALOU,False
COPA ESPAÑA,"FASE DE GRUPOS ""E""",LOBE HUESCA LA MAGIA,4,I. TERREROS RIVAS,32.083299999999994,25.531899999999993,True,3,CBSALOU,False
COPA ESPAÑA,"FASE DE GRUPOS ""E""",LOBE HUESCA LA MAGIA,5,H. FIGUEROA ÁLVAREZ,29.375,81.383,False,3,CBSALOU,False
COPA ESPAÑA,"FASE DE GRUPOS ""E""",LOBE HUESCA LA MAGIA,1,O. BIESHAAR,5.48611,47.6596,True,3,CBSALOU,False
COPA ESPAÑA,"FASE DE GRUPOS ""E""",LOBE HUESCA LA MAGIA,10,J. FRITZ,35.9028,45.266,False,3,CBSALOU,False
COPA ESPAÑA,"FASE DE GRUPOS ""E""",LOBE HUESCA LA MAGIA,6,I. CORRALIZA COBA,24.1667,47.1631,False,3,CBSALOU,False
COPA ESPAÑA,"FASE DE GRUPOS ""F""",MADERAS SORLI BENICARLO,1,A. IKPEZE,16.7333,51.5915,False,1,CLASS BASQUET SANT ANTONI,True
COPA ESPAÑA,"FASE DE GRUPOS ""F""",MADERAS SORLI BENICARLO,33,K. OBIEKWE SAM,30.2667,78.5532,False,1,CLASS BASQUET SANT ANTONI,True
COPA ESPAÑA,"FASE DE GRUPOS ""F""",MADERAS SORLI BENICARLO,9,P. HARGUINDEY MANEIRO,32.8,30.893600000000006,True,1,CLASS BASQUET SANT ANTONI,True
COPA ESPAÑA,"FASE DE GRUPOS ""F""",MADERAS SORLI BENICARLO,35,O. NDOUR,30.2667,28.8681,False,1,CLASS BASQUET SANT ANTONI,True
COPA ESPAÑA,"FASE DE GRUPOS ""F""",MADERAS SORLI BENICARLO,8,A. HARO VAL,7.06667,39.9149,False,1,CLASS BASQUET SANT ANTONI,True
COPA ESPAÑA,"FASE DE GRUPOS ""F""",MADERAS SORLI BENICARLO,9,P. HARGUINDEY MANEIRO,8.933300000000003,7.421300000000002,False,1,CLASS BASQUET SANT ANTONI,True
COPA ESPAÑA,"FASE DE GRUPOS ""F""",MADERAS SORLI BENICARLO,33,K. OBIEKWE SAM,33.666700000000006,34.46810000000001,False,1,CLASS BASQUET SANT ANTONI,True
COPA ESPAÑA,"FASE DE GRUPOS ""F""",MADERAS SORLI BENICARLO,8,A. HARO VAL,31.200000000000003,85.2255,False,1,CLASS BASQUET SANT ANTONI,True
COPA ESPAÑA,"FASE DE GRUPOS ""F""",MADERAS SORLI BENICARLO,1,A. IKPEZE,17.8,35.983,False,1,CLASS BASQUET SANT ANTONI,True
COPA ESPAÑA,"FASE DE GRUPOS ""F""",MADERAS SORLI BENICARLO,35,O. NDOUR,19.599999999999994,58.1787,False,1,CLASS BASQUET SANT ANTONI,True
COPA ESPAÑA,"FASE DE GRUPOS ""F""",MADERAS SORLI BENICARLO,25,R. UKAWUBA,27.799999999999997,20.051100000000005,False,1,CLASS BASQUET SANT ANTONI,True
COPA ESPAÑA,"FASE DE GRUPOS ""F""",MADERAS SORLI BENICARLO,8,A. HARO VAL,7.6,40.7489,False,1,CLASS BASQUET SANT ANTONI,True
COPA ESPAÑA,"FASE DE GRUPOS ""F""",MADERAS SORLI BENICARLO,11,M. VORONIN,5.4,58.2638,True,1,CLASS BASQUET SANT ANTONI,True
COPA ESPAÑA,"FASE DE GRUPOS ""F""",MADERAS SORLI BENICARLO,9,P. HARGUINDEY MANEIRO,27.0,83.2,False,1,CLASS BASQUET SANT ANTONI,True
COPA ESPAÑA,"FASE DE GRUPOS ""F""",MADERAS SORLI BENICARLO,33,K. OBIEKWE SAM,27.133300000000006,17.4298,False,1,CLASS BASQUET SANT ANTONI,True
COPA ESPAÑA,"FASE DE GRUPOS ""F""",MADERAS SORLI BENICARLO,1,A. IKPEZE,11.4,54.0936,False,1,CLASS BASQUET SANT ANTONI,True
COPA ESPAÑA,"FASE DE GRUPOS ""F""",MADERAS SORLI BENICARLO,1,A. IKPEZE,24.3333,34.6723,True,1,CLASS BASQUET SANT ANTONI,True
COPA ESPAÑA,"FASE DE GRUPOS ""F""",MADERAS SORLI BENICARLO,12,A. PRIOR RUIZ,23.2,86.8596,False,1,CLASS BASQUET SANT ANTONI,True
COPA ESPAÑA,"FASE DE GRUPOS ""F""",MADERAS SORLI BENICARLO,13,A. LIBROIA,33.2,73.5489,False,1,CLASS BASQUET SANT ANTONI,True
COPA ESPAÑA,"FASE DE GRUPOS ""F""",MADERAS SORLI BENICARLO,13,A. LIBROIA,5.66667,58.2638,False,1,CLASS BASQUET SANT ANTONI,True
COPA ESPAÑA,"FASE DE GRUPOS ""F""",MADERAS SORLI BENICARLO,33,K. OBIEKWE SAM,6.46667,44.8,False,1,CLASS BASQUET SANT ANTONI,True
COPA ESPAÑA,"FASE DE GRUPOS ""F""",MADERAS SORLI BENICARLO,13,A. LIBROIA,34.6667,62.5532,False,1,CLASS BASQUET SANT ANTONI,True
COPA ESPAÑA,"FASE DE GRUPOS ""F""",MADERAS SORLI BENICARLO,8,A. HARO VAL,34.5333,51.9489,False,1,CLASS BASQUET SANT ANTONI,True
COPA ESPAÑA,"FASE DE GRUPOS ""F""",MADERAS SORLI BENICARLO,9,P. HARGUINDEY MANEIRO,8.13333,4.05106,True,1,CLASS BASQUET SANT ANTONI,True
COPA ESPAÑA,"FASE DE GRUPOS ""F""",MADERAS SORLI BENICARLO,12,A. PRIOR RUIZ,26.4667,85.7872,False,1,CLASS BASQUET SANT ANTONI,True
COPA ESPAÑA,"FASE DE GRUPOS ""F""",MADERAS SORLI BENICARLO,9,P. HARGUINDEY MANEIRO,27.866699999999994,20.051100000000005,True,1,CLASS BASQUET SANT ANTONI,True
COPA ESPAÑA,"FASE DE GRUPOS ""F""",MADERAS SORLI BENICARLO,25,R. UKAWUBA,7.33333,57.1915,False,1,CLASS BASQUET SANT ANTONI,True
COPA ESPAÑA,"FASE DE GRUPOS ""F""",MADERAS SORLI BENICARLO,35,O. NDOUR,7.1333000000000055,42.5702,True,1,CLASS BASQUET SANT ANTONI,True
COPA ESPAÑA,"FASE DE GRUPOS ""F""",MADERAS SORLI BENICARLO,9,P. HARGUINDEY MANEIRO,31.333299999999994,77.3617,True,1,CLASS BASQUET SANT ANTONI,True
COPA ESPAÑA,"FASE DE GRUPOS ""F""",MADERAS SORLI BENICARLO,33,K. OBIEKWE SAM,14.7333,3.33617,False,1,CLASS BASQUET SANT ANTONI,True
COPA ESPAÑA,"FASE DE GRUPOS ""F""",MADERAS SORLI BENICARLO,12,A. PRIOR RUIZ,23.0667,50.0426,True,1,CLASS BASQUET SANT ANTONI,True
COPA ESPAÑA,"FASE DE GRUPOS ""F""",MADERAS SORLI BENICARLO,8,A. HARO VAL,27.066699999999997,17.548900000000003,False,1,CLASS BASQUET SANT ANTONI,True
COPA ESPAÑA,"FASE DE GRUPOS ""F""",MADERAS SORLI BENICARLO,13,A. LIBROIA,18.0667,94.366,False,1,CLASS BASQUET SANT ANTONI,True
COPA ESPAÑA,"FASE DE GRUPOS ""F""",MADERAS SORLI BENICARLO,11,M. VORONIN,11.066699999999997,59.8468,True,1,CLASS BASQUET SANT ANTONI,True
COPA ESPAÑA,"FASE DE GRUPOS ""F""",MADERAS SORLI BENICARLO,8,A. HARO VAL,28.0,25.293599999999998,True,1,CLASS BASQUET SANT ANTONI,True
COPA ESPAÑA,"FASE DE GRUPOS ""F""",MADERAS SORLI BENICARLO,12,A. PRIOR RUIZ,31.533299999999997,82.366,False,1,CLASS BASQUET SANT ANTONI,True
COPA ESPAÑA,"FASE DE GRUPOS ""F""",MADERAS SORLI BENICARLO,25,R. UKAWUBA,33.3333,25.7362,False,1,CLASS BASQUET SANT ANTONI,True
COPA ESPAÑA,"FASE DE GRUPOS ""F""",MADERAS SORLI BENICARLO,8,A. HARO VAL,7.6,60.766,True,1,CLASS BASQUET SANT ANTONI,True
COPA ESPAÑA,"FASE DE GRUPOS ""F""",MADERAS SORLI BENICARLO,25,R. UKAWUBA,19.533299999999997,19.693600000000004,False,1,CLASS BASQUET SANT ANTONI,True
COPA ESPAÑA,"FASE DE GRUPOS ""F""",MADERAS SORLI BENICARLO,8,A. HARO VAL,25.866699999999994,15.523399999999995,False,1,CLASS BASQUET SANT ANTONI,True
COPA ESPAÑA,"FASE DE GRUPOS ""F""",MADERAS SORLI BENICARLO,12,A. PRIOR RUIZ,7.599999999999994,54.8426,False,1,CLASS BASQUET SANT ANTONI,True
COPA ESPAÑA,"FASE DE GRUPOS ""F""",MADERAS SORLI BENICARLO,35,O. NDOUR,7.2,44.5617,True,1,CLASS BASQUET SANT ANTONI,True
COPA ESPAÑA,"FASE DE GRUPOS ""F""",MADERAS SORLI BENICARLO,11,M. VORONIN,30.7333,33.634,False,1,CLASS BASQUET SANT ANTONI,True
COPA ESPAÑA,"FASE DE GRUPOS ""F""",MADERAS SORLI BENICARLO,13,A. LIBROIA,30.4667,32.0511,False,1,CLASS BASQUET SANT ANTONI,True
COPA ESPAÑA,"FASE DE GRUPOS ""F""",MADERAS SORLI BENICARLO,12,A. PRIOR RUIZ,7.0,40.4255,False,1,CLASS BASQUET SANT ANTONI,True
COPA ESPAÑA,"FASE DE GRUPOS ""F""",MADERAS SORLI BENICARLO,1,A. IKPEZE,9.73333,58.383,True,1,CLASS BASQUET SANT ANTONI,True
COPA ESPAÑA,"FASE DE GRUPOS ""F""",MADERAS SORLI BENICARLO,8,A. HARO VAL,8.666700000000006,43.8809,True,1,CLASS BASQUET SANT ANTONI,True
COPA ESPAÑA,"FASE DE GRUPOS ""F""",MADERAS SORLI BENICARLO,33,K. OBIEKWE SAM,11.466700000000003,48.6468,True,1,CLASS BASQUET SANT ANTONI,True
COPA ESPAÑA,"FASE DE GRUPOS ""F""",MADERAS SORLI BENICARLO,25,R. UKAWUBA,15.400000000000006,59.6085,True,1,CLASS BASQUET SANT ANTONI,True
COPA ESPAÑA,"FASE DE GRUPOS ""F""",MADERAS SORLI BENICARLO,35,O. NDOUR,5.66667,58.2638,False,1,CLASS BASQUET SANT ANTONI,True
COPA ESPAÑA,"FASE DE GRUPOS ""F""",MADERAS SORLI BENICARLO,25,R. UKAWUBA,8.46667,47.7787,False,1,CLASS BASQUET SANT ANTONI,True
COPA ESPAÑA,"FASE DE GRUPOS ""F""",MADERAS SORLI BENICARLO,12,A. PRIOR RUIZ,8.599999999999994,43.2851,True,1,CLASS BASQUET SANT ANTONI,True
COPA ESPAÑA,"FASE DE GRUPOS ""F""",MADERAS SORLI BENICARLO,35,O. NDOUR,7.66667,48.3745,True,1,CLASS BASQUET SANT ANTONI,True
COPA ESPAÑA,"FASE DE GRUPOS ""F""",MADERAS SORLI BENICARLO,12,A. PRIOR RUIZ,29.866699999999994,25.6511,False,1,CLASS BASQUET SANT ANTONI,True
COPA ESPAÑA,"FASE DE GRUPOS ""F""",MADERAS SORLI BENICARLO,8,A. HARO VAL,13.6,5.71915,False,1,CLASS BASQUET SANT ANTONI,True
COPA ESPAÑA,"FASE DE GRUPOS ""F""",MADERAS SORLI BENICARLO,13,A. LIBROIA,7.333299999999994,41.4979,False,1,CLASS BASQUET SANT ANTONI,True
COPA ESPAÑA,"FASE DE GRUPOS ""F""",MADERAS SORLI BENICARLO,25,R. UKAWUBA,8.666700000000006,44.3574,True,1,CLASS BASQUET SANT ANTONI,True
COPA ESPAÑA,"FASE DE GRUPOS ""F""",MADERAS SORLI BENICARLO,13,A. LIBROIA,6.2,72.0851,False,1,CLASS BASQUET SANT ANTONI,True
COPA ESPAÑA,"FASE DE GRUPOS ""F""",MADERAS SORLI BENICARLO,33,K. OBIEKWE SAM,9.0,7.38723,False,1,CLASS BASQUET SANT ANTONI,True
COPA ESPAÑA,"FASE DE GRUPOS ""F""",MADERAS SORLI BENICARLO,25,R. UKAWUBA,8.799999999999997,56.8681,True,1,CLASS BASQUET SANT ANTONI,True
COPA ESPAÑA,"FASE DE GRUPOS ""F""",CLASS BASQUET SANT ANTONI,4,G. BLAT BAEZA,32.5333,28.1532,True,1,MADERAS SORLI BENICARLO,False
COPA ESPAÑA,"FASE DE GRUPOS ""F""",CLASS BASQUET SANT ANTONI,20,N. ZIZIC,5.66667,56.5957,True,1,MADERAS SORLI BENICARLO,False
COPA ESPAÑA,"FASE DE GRUPOS ""F""",CLASS BASQUET SANT ANTONI,32,J. SOLARIN,12.200000000000003,43.8809,True,1,MADERAS SORLI BENICARLO,False
COPA ESPAÑA,"FASE DE GRUPOS ""F""",CLASS BASQUET SANT ANTONI,4,G. BLAT BAEZA,5.66667,59.8128,True,1,MADERAS SORLI BENICARLO,False
COPA ESPAÑA,"FASE DE GRUPOS ""F""",CLASS BASQUET SANT ANTONI,99,I. RUIZ GONZALEZ,10.7333,48.4085,True,1,MADERAS SORLI BENICARLO,False
COPA ESPAÑA,"FASE DE GRUPOS ""F""",CLASS BASQUET SANT ANTONI,19,S. PAZ VAZQUEZ,17.2,6.91064,False,1,MADERAS SORLI BENICARLO,False
COPA ESPAÑA,"FASE DE GRUPOS ""F""",CLASS BASQUET SANT ANTONI,32,J. SOLARIN,31.200000000000003,23.983000000000004,True,1,MADERAS SORLI BENICARLO,False
COPA ESPAÑA,"FASE DE GRUPOS ""F""",CLASS BASQUET SANT ANTONI,5,K. JOHNSON,9.066699999999997,24.459599999999995,False,1,MADERAS SORLI BENICARLO,False
COPA ESPAÑA,"FASE DE GRUPOS ""F""",CLASS BASQUET SANT ANTONI,5,K. JOHNSON,7.466700000000003,52.817,True,1,MADERAS SORLI BENICARLO,False
COPA ESPAÑA,"FASE DE GRUPOS ""F""",CLASS BASQUET SANT ANTONI,20,N. ZIZIC,4.93333,56.834,True,1,MADERAS SORLI BENICARLO,False
COPA ESPAÑA,"FASE DE GRUPOS ""F""",CLASS BASQUET SANT ANTONI,99,I. RUIZ GONZALEZ,9.466700000000003,47.6936,True,1,MADERAS SORLI BENICARLO,False
COPA ESPAÑA,"FASE DE GRUPOS ""F""",CLASS BASQUET SANT ANTONI,20,N. ZIZIC,7.7333,59.1319,False,1,MADERAS SORLI BENICARLO,False
COPA ESPAÑA,"FASE DE GRUPOS ""F""",CLASS BASQUET SANT ANTONI,4,G. BLAT BAEZA,6.86667,59.0979,False,1,MADERAS SORLI BENICARLO,False
COPA ESPAÑA,"FASE DE GRUPOS ""F""",CLASS BASQUET SANT ANTONI,19,S. PAZ VAZQUEZ,8.599999999999994,52.9362,True,1,MADERAS SORLI BENICARLO,False
COPA ESPAÑA,"FASE DE GRUPOS ""F""",CLASS BASQUET SANT ANTONI,19,S. PAZ VAZQUEZ,29.5333,24.4255,False,1,MADERAS SORLI BENICARLO,False
COPA ESPAÑA,"FASE DE GRUPOS ""F""",CLASS BASQUET SANT ANTONI,14,R. GOMEZ BARRAL,23.200000000000003,91.06383,False,1,MADERAS SORLI BENICARLO,False
COPA ESPAÑA,"FASE DE GRUPOS ""F""",CLASS BASQUET SANT ANTONI,99,I. RUIZ GONZALEZ,8.13333,44.8,False,1,MADERAS SORLI BENICARLO,False
COPA ESPAÑA,"FASE DE GRUPOS ""F""",CLASS BASQUET SANT ANTONI,99,I. RUIZ GONZALEZ,27.666700000000006,14.212800000000001,False,1,MADERAS SORLI BENICARLO,False
COPA ESPAÑA,"FASE DE GRUPOS ""F""",CLASS BASQUET SANT ANTONI,32,J. SOLARIN,32.8667,62.0766,False,1,MADERAS SORLI BENICARLO,False
COPA ESPAÑA,"FASE DE GRUPOS ""F""",CLASS BASQUET SANT ANTONI,4,G. BLAT BAEZA,34.4667,23.268100000000004,False,1,MADERAS SORLI BENICARLO,False
COPA ESPAÑA,"FASE DE GRUPOS ""F""",CLASS BASQUET SANT ANTONI,17,E. STOILOV,6.8666999999999945,40.1872,False,1,MADERAS SORLI BENICARLO,False
COPA ESPAÑA,"FASE DE GRUPOS ""F""",CLASS BASQUET SANT ANTONI,20,N. ZIZIC,7.0,56.3574,True,1,MADERAS SORLI BENICARLO,False
COPA ESPAÑA,"FASE DE GRUPOS ""F""",CLASS BASQUET SANT ANTONI,99,I. RUIZ GONZALEZ,32.0667,28.1532,True,1,MADERAS SORLI BENICARLO,False
COPA ESPAÑA,"FASE DE GRUPOS ""F""",CLASS BASQUET SANT ANTONI,4,G. BLAT BAEZA,25.4,12.5106,False,1,MADERAS SORLI BENICARLO,False
COPA ESPAÑA,"FASE DE GRUPOS ""F""",CLASS BASQUET SANT ANTONI,11,M. ISSOUF,25.2,58.9787,False,1,MADERAS SORLI BENICARLO,False
COPA ESPAÑA,"FASE DE GRUPOS ""F""",CLASS BASQUET SANT ANTONI,9,J. RODRIGUEZ JIMENEZ,6.533299999999997,6.229799999999997,False,1,MADERAS SORLI BENICARLO,False
COPA ESPAÑA,"FASE DE GRUPOS ""F""",CLASS BASQUET SANT ANTONI,5,K. JOHNSON,33.0667,57.0723,True,1,MADERAS SORLI BENICARLO,False
COPA ESPAÑA,"FASE DE GRUPOS ""F""",CLASS BASQUET SANT ANTONI,4,G. BLAT BAEZA,25.933300000000003,89.1574,True,1,MADERAS SORLI BENICARLO,False
COPA ESPAÑA,"FASE DE GRUPOS ""F""",CLASS BASQUET SANT ANTONI,17,E. STOILOV,6.06667,46.3489,False,1,MADERAS SORLI BENICARLO,False
COPA ESPAÑA,"FASE DE GRUPOS ""F""",CLASS BASQUET SANT ANTONI,5,K. JOHNSON,18.4,56.7149,False,1,MADERAS SORLI BENICARLO,False
COPA ESPAÑA,"FASE DE GRUPOS ""F""",CLASS BASQUET SANT ANTONI,4,G. BLAT BAEZA,16.3333,93.2936,False,1,MADERAS SORLI BENICARLO,False
COPA ESPAÑA,"FASE DE GRUPOS ""F""",CLASS BASQUET SANT ANTONI,19,S. PAZ VAZQUEZ,11.666700000000006,25.770200000000003,False,1,MADERAS SORLI BENICARLO,False
COPA ESPAÑA,"FASE DE GRUPOS ""F""",CLASS BASQUET SANT ANTONI,20,N. ZIZIC,9.066699999999997,43.0468,False,1,MADERAS SORLI BENICARLO,False
COPA ESPAÑA,"FASE DE GRUPOS ""F""",CLASS BASQUET SANT ANTONI,14,R. GOMEZ BARRAL,32.6667,28.3574,True,1,MADERAS SORLI BENICARLO,False
COPA ESPAÑA,"FASE DE GRUPOS ""F""",CLASS BASQUET SANT ANTONI,19,S. PAZ VAZQUEZ,31.3333,23.8298,False,1,MADERAS SORLI BENICARLO,False
COPA ESPAÑA,"FASE DE GRUPOS ""F""",CLASS BASQUET SANT ANTONI,5,K. JOHNSON,33.7333,61.634,True,1,MADERAS SORLI BENICARLO,False
COPA ESPAÑA,"FASE DE GRUPOS ""F""",CLASS BASQUET SANT ANTONI,5,K. JOHNSON,26.2,15.8468,False,1,MADERAS SORLI BENICARLO,False
COPA ESPAÑA,"FASE DE GRUPOS ""F""",CLASS BASQUET SANT ANTONI,4,G. BLAT BAEZA,8.4,43.4894,False,1,MADERAS SORLI BENICARLO,False
COPA ESPAÑA,"FASE DE GRUPOS ""F""",CLASS BASQUET SANT ANTONI,14,R. GOMEZ BARRAL,32.0667,28.1532,False,1,MADERAS SORLI BENICARLO,False
COPA ESPAÑA,"FASE DE GRUPOS ""F""",CLASS BASQUET SANT ANTONI,5,K. JOHNSON,9.2,52.6638,True,1,MADERAS SORLI BENICARLO,False
COPA ESPAÑA,"FASE DE GRUPOS ""F""",CLASS BASQUET SANT ANTONI,5,K. JOHNSON,8.066699999999997,61.5149,False,1,MADERAS SORLI BENICARLO,False
COPA ESPAÑA,"FASE DE GRUPOS ""F""",CLASS BASQUET SANT ANTONI,20,N. ZIZIC,11.200000000000003,34.9447,False,1,MADERAS SORLI BENICARLO,False
COPA ESPAÑA,"FASE DE GRUPOS ""F""",CLASS BASQUET SANT ANTONI,17,E. STOILOV,10.799999999999997,58.0596,True,1,MADERAS SORLI BENICARLO,False
COPA ESPAÑA,"FASE DE GRUPOS ""F""",CLASS BASQUET SANT ANTONI,5,K. JOHNSON,21.6667,65.5319,True,1,MADERAS SORLI BENICARLO,False
COPA ESPAÑA,"FASE DE GRUPOS ""F""",CLASS BASQUET SANT ANTONI,4,G. BLAT BAEZA,8.53333,57.6681,False,1,MADERAS SORLI BENICARLO,False
COPA ESPAÑA,"FASE DE GRUPOS ""F""",CLASS BASQUET SANT ANTONI,17,E. STOILOV,8.666700000000006,54.0085,True,1,MADERAS SORLI BENICARLO,False
COPA ESPAÑA,"FASE DE GRUPOS ""F""",CLASS BASQUET SANT ANTONI,5,K. JOHNSON,7.799999999999997,41.8553,True,1,MADERAS SORLI BENICARLO,False
COPA ESPAÑA,"FASE DE GRUPOS ""F""",CLASS BASQUET SANT ANTONI,14,R. GOMEZ BARRAL,6.86667,54.4511,True,1,MADERAS SORLI BENICARLO,False
COPA ESPAÑA,"FASE DE GRUPOS ""F""",CLASS BASQUET SANT ANTONI,99,I. RUIZ GONZALEZ,11.333299999999994,6.706400000000002,False,1,MADERAS SORLI BENICARLO,False
COPA ESPAÑA,"FASE DE GRUPOS ""F""",CLASS BASQUET SANT ANTONI,4,G. BLAT BAEZA,4.6,94.366,True,1,MADERAS SORLI BENICARLO,False
COPA ESPAÑA,"FASE DE GRUPOS ""F""",CLASS BASQUET SANT ANTONI,14,R. GOMEZ BARRAL,17.7333,93.6511,False,1,MADERAS SORLI BENICARLO,False
COPA ESPAÑA,"FASE DE GRUPOS ""F""",CLASS BASQUET SANT ANTONI,4,G. BLAT BAEZA,30.599999999999994,20.170199999999994,True,1,MADERAS SORLI BENICARLO,False
COPA ESPAÑA,"FASE DE GRUPOS ""F""",CLASS BASQUET SANT ANTONI,14,R. GOMEZ BARRAL,10.2667,97.4638,False,1,MADERAS SORLI BENICARLO,False
COPA ESPAÑA,"FASE DE GRUPOS ""F""",CLASS BASQUET SANT ANTONI,4,G. BLAT BAEZA,33.666700000000006,29.940399999999997,True,1,MADERAS SORLI BENICARLO,False
COPA ESPAÑA,"FASE DE GRUPOS ""F""",CLASS BASQUET SANT ANTONI,4,G. BLAT BAEZA,6.8666999999999945,56.6298,True,1,MADERAS SORLI BENICARLO,False
COPA ESPAÑA,"FASE DE GRUPOS ""F""",CLASS BASQUET SANT ANTONI,5,K. JOHNSON,30.7333,77.6,False,1,MADERAS SORLI BENICARLO,False
COPA ESPAÑA,"FASE DE GRUPOS ""F""",CLASS BASQUET SANT ANTONI,17,E. STOILOV,12.2667,36.817,True,1,MADERAS SORLI BENICARLO,False
COPA ESPAÑA,"FASE DE GRUPOS ""F""",CLASS BASQUET SANT ANTONI,32,J. SOLARIN,11.3333,51.5915,True,1,MADERAS SORLI BENICARLO,False
COPA ESPAÑA,"FASE DE GRUPOS ""F""",CLASS BASQUET SANT ANTONI,99,I. RUIZ GONZALEZ,6.8666999999999945,40.1872,False,1,MADERAS SORLI BENICARLO,False
COPA ESPAÑA,"FASE DE GRUPOS ""F""",CLASS BASQUET SANT ANTONI,19,S. PAZ VAZQUEZ,8.200000000000003,52.1021,True,1,MADERAS SORLI BENICARLO,False
COPA ESPAÑA,"FASE DE GRUPOS ""F""",CLASS BASQUET SANT ANTONI,5,K. JOHNSON,8.400000000000006,47.0979,True,1,MADERAS SORLI BENICARLO,False
COPA ESPAÑA,"FASE DE GRUPOS ""F""",CLASS BASQUET SANT ANTONI,19,S. PAZ VAZQUEZ,6.73333,44.6809,True,1,MADERAS SORLI BENICARLO,False
COPA ESPAÑA,"FASE DE GRUPOS ""F""",CLASS BASQUET SANT ANTONI,32,J. SOLARIN,34.9333,43.8809,False,1,MADERAS SORLI BENICARLO,False
COPA ESPAÑA,"FASE DE GRUPOS ""F""",CLASS BASQUET SANT ANTONI,4,G. BLAT BAEZA,7.200000000000003,5.991500000000002,False,1,MADERAS SORLI BENICARLO,False
COPA ESPAÑA,"FASE DE GRUPOS ""F""",CLASS BASQUET SANT ANTONI,20,N. ZIZIC,32.0667,28.1532,False,1,MADERAS SORLI BENICARLO,False
COPA ESPAÑA,"FASE DE GRUPOS ""F""",AMICS CASTELLÓ,4,R. FABREGA URPINA,35.2778,58.6702,False,2,CLASS BASQUET SANT ANTONI,True
COPA ESPAÑA,"FASE DE GRUPOS ""F""",AMICS CASTELLÓ,22,K. NEWTON,27.5,79.7695,False,2,CLASS BASQUET SANT ANTONI,True
COPA ESPAÑA,"FASE DE GRUPOS ""F""",AMICS CASTELLÓ,27,K. BAOKO,7.152799999999999,50.9752,True,2,CLASS BASQUET SANT ANTONI,True
COPA ESPAÑA,"FASE DE GRUPOS ""F""",AMICS CASTELLÓ,4,R. FABREGA URPINA,4.65278,33.883,False,2,CLASS BASQUET SANT ANTONI,True
COPA ESPAÑA,"FASE DE GRUPOS ""F""",AMICS CASTELLÓ,22,K. NEWTON,29.375,80.26599999999999,False,2,CLASS BASQUET SANT ANTONI,True
COPA ESPAÑA,"FASE DE GRUPOS ""F""",AMICS CASTELLÓ,10,O. RUSSELL,14.166700000000006,54.4504,False,2,CLASS BASQUET SANT ANTONI,True
COPA ESPAÑA,"FASE DE GRUPOS ""F""",AMICS CASTELLÓ,67,A. TAMAYO LESMES,33.9583,44.9291,True,2,CLASS BASQUET SANT ANTONI,True
COPA ESPAÑA,"FASE DE GRUPOS ""F""",AMICS CASTELLÓ,22,K. NEWTON,7.98611,59.4504,False,2,CLASS BASQUET SANT ANTONI,True
COPA ESPAÑA,"FASE DE GRUPOS ""F""",AMICS CASTELLÓ,8,J. FANER CATALA,8.81944,8.43972,False,2,CLASS BASQUET SANT ANTONI,True
COPA ESPAÑA,"FASE DE GRUPOS ""F""",AMICS CASTELLÓ,4,R. FABREGA URPINA,7.84722,44.3085,False,2,CLASS BASQUET SANT ANTONI,True
COPA ESPAÑA,"FASE DE GRUPOS ""F""",AMICS CASTELLÓ,4,R. FABREGA URPINA,30.3472,28.882999999999996,False,2,CLASS BASQUET SANT ANTONI,True
COPA ESPAÑA,"FASE DE GRUPOS ""F""",AMICS CASTELLÓ,67,A. TAMAYO LESMES,4.861099999999993,5.6738,False,2,CLASS BASQUET SANT ANTONI,True
COPA ESPAÑA,"FASE DE GRUPOS ""F""",AMICS CASTELLÓ,67,A. TAMAYO LESMES,30.1389,27.305,False,2,CLASS BASQUET SANT ANTONI,True
COPA ESPAÑA,"FASE DE GRUPOS ""F""",AMICS CASTELLÓ,11,D. BAH,24.375,49.5213,False,2,CLASS BASQUET SANT ANTONI,True
COPA ESPAÑA,"FASE DE GRUPOS ""F""",AMICS CASTELLÓ,8,J. FANER CATALA,7.43056,43.3156,True,2,CLASS BASQUET SANT ANTONI,True
COPA ESPAÑA,"FASE DE GRUPOS ""F""",AMICS CASTELLÓ,11,D. BAH,7.569400000000002,44.0248,True,2,CLASS BASQUET SANT ANTONI,True
COPA ESPAÑA,"FASE DE GRUPOS ""F""",AMICS CASTELLÓ,10,O. RUSSELL,31.1806,62.5532,False,2,CLASS BASQUET SANT ANTONI,True
COPA ESPAÑA,"FASE DE GRUPOS ""F""",AMICS CASTELLÓ,67,A. TAMAYO LESMES,25.833299999999994,85.2305,False,2,CLASS BASQUET SANT ANTONI,True
COPA ESPAÑA,"FASE DE GRUPOS ""F""",AMICS CASTELLÓ,17,A. ROIG BARBERA,7.916700000000006,10.390100000000004,False,2,CLASS BASQUET SANT ANTONI,True
COPA ESPAÑA,"FASE DE GRUPOS ""F""",AMICS CASTELLÓ,33,M. ANDREATTA,31.875,30.1596,False,2,CLASS BASQUET SANT ANTONI,True
COPA ESPAÑA,"FASE DE GRUPOS ""F""",AMICS CASTELLÓ,33,M. ANDREATTA,31.3194,70.2128,False,2,CLASS BASQUET SANT ANTONI,True
COPA ESPAÑA,"FASE DE GRUPOS ""F""",AMICS CASTELLÓ,8,J. FANER CATALA,5.694400000000002,9.645399999999995,True,2,CLASS BASQUET SANT ANTONI,True
COPA ESPAÑA,"FASE DE GRUPOS ""F""",AMICS CASTELLÓ,5,A. BALADA SEGOVIA,7.986099999999993,7.535499999999999,False,2,CLASS BASQUET SANT ANTONI,True
COPA ESPAÑA,"FASE DE GRUPOS ""F""",AMICS CASTELLÓ,8,J. FANER CATALA,32.4306,43.4043,False,2,CLASS BASQUET SANT ANTONI,True
COPA ESPAÑA,"FASE DE GRUPOS ""F""",AMICS CASTELLÓ,27,K. BAOKO,31.5972,30.9043,False,2,CLASS BASQUET SANT ANTONI,True
COPA ESPAÑA,"FASE DE GRUPOS ""F""",AMICS CASTELLÓ,17,A. ROIG BARBERA,8.541700000000006,3.9361999999999995,True,2,CLASS BASQUET SANT ANTONI,True
COPA ESPAÑA,"FASE DE GRUPOS ""F""",AMICS CASTELLÓ,22,K. NEWTON,9.583299999999994,8.9007,True,2,CLASS BASQUET SANT ANTONI,True
COPA ESPAÑA,"FASE DE GRUPOS ""F""",AMICS CASTELLÓ,10,O. RUSSELL,27.9167,83.5284,False,2,CLASS BASQUET SANT ANTONI,True
COPA ESPAÑA,"FASE DE GRUPOS ""F""",AMICS CASTELLÓ,8,J. FANER CATALA,28.1944,78.156,False,2,CLASS BASQUET SANT ANTONI,True
COPA ESPAÑA,"FASE DE GRUPOS ""F""",AMICS CASTELLÓ,42,F. STUTZ,31.736099999999993,55.6915,False,2,CLASS BASQUET SANT ANTONI,True
COPA ESPAÑA,"FASE DE GRUPOS ""F""",AMICS CASTELLÓ,8,J. FANER CATALA,9.0278,47.8723,True,2,CLASS BASQUET SANT ANTONI,True
COPA ESPAÑA,"FASE DE GRUPOS ""F""",AMICS CASTELLÓ,22,K. NEWTON,18.8194,5.6738,False,2,CLASS BASQUET SANT ANTONI,True
COPA ESPAÑA,"FASE DE GRUPOS ""F""",AMICS CASTELLÓ,67,A. TAMAYO LESMES,33.6806,49.8582,True,2,CLASS BASQUET SANT ANTONI,True
COPA ESPAÑA,"FASE DE GRUPOS ""F""",AMICS CASTELLÓ,10,O. RUSSELL,33.4722,41.7908,False,2,CLASS BASQUET SANT ANTONI,True
COPA ESPAÑA,"FASE DE GRUPOS ""F""",AMICS CASTELLÓ,67,A. TAMAYO LESMES,15.694400000000002,92.05674,False,2,CLASS BASQUET SANT ANTONI,True
COPA ESPAÑA,"FASE DE GRUPOS ""F""",AMICS CASTELLÓ,8,J. FANER CATALA,30.7639,28.2979,True,2,CLASS BASQUET SANT ANTONI,True
COPA ESPAÑA,"FASE DE GRUPOS ""F""",AMICS CASTELLÓ,67,A. TAMAYO LESMES,33.26390000000001,46.383,False,2,CLASS BASQUET SANT ANTONI,True
COPA ESPAÑA,"FASE DE GRUPOS ""F""",AMICS CASTELLÓ,67,A. TAMAYO LESMES,29.9306,18.457400000000007,False,2,CLASS BASQUET SANT ANTONI,True
COPA ESPAÑA,"FASE DE GRUPOS ""F""",AMICS CASTELLÓ,10,O. RUSSELL,12.361099999999993,70.83330000000001,True,2,CLASS BASQUET SANT ANTONI,True
COPA ESPAÑA,"FASE DE GRUPOS ""F""",AMICS CASTELLÓ,11,D. BAH,5.694400000000002,44.8936,True,2,CLASS BASQUET SANT ANTONI,True
COPA ESPAÑA,"FASE DE GRUPOS ""F""",AMICS CASTELLÓ,17,A. ROIG BARBERA,8.81944,80.1773,False,2,CLASS BASQUET SANT ANTONI,True
COPA ESPAÑA,"FASE DE GRUPOS ""F""",AMICS CASTELLÓ,67,A. TAMAYO LESMES,22.7778,33.3865,True,2,CLASS BASQUET SANT ANTONI,True
COPA ESPAÑA,"FASE DE GRUPOS ""F""",AMICS CASTELLÓ,42,F. STUTZ,7.01389,49.273,True,2,CLASS BASQUET SANT ANTONI,True
COPA ESPAÑA,"FASE DE GRUPOS ""F""",AMICS CASTELLÓ,22,K. NEWTON,28.263900000000007,78.4043,False,2,CLASS BASQUET SANT ANTONI,True
COPA ESPAÑA,"FASE DE GRUPOS ""F""",AMICS CASTELLÓ,4,R. FABREGA URPINA,11.111099999999993,50.8511,False,2,CLASS BASQUET SANT ANTONI,True
COPA ESPAÑA,"FASE DE GRUPOS ""F""",AMICS CASTELLÓ,22,K. NEWTON,40.5556,55.0709,False,2,CLASS BASQUET SANT ANTONI,True
COPA ESPAÑA,"FASE DE GRUPOS ""F""",AMICS CASTELLÓ,33,M. ANDREATTA,5.69444,46.1702,False,2,CLASS BASQUET SANT ANTONI,True
COPA ESPAÑA,"FASE DE GRUPOS ""F""",AMICS CASTELLÓ,22,K. NEWTON,11.944400000000002,7.783699999999996,True,2,CLASS BASQUET SANT ANTONI,True
COPA ESPAÑA,"FASE DE GRUPOS ""F""",AMICS CASTELLÓ,27,K. BAOKO,33.26390000000001,46.383,True,2,CLASS BASQUET SANT ANTONI,True
COPA ESPAÑA,"FASE DE GRUPOS ""F""",AMICS CASTELLÓ,4,R. FABREGA URPINA,7.569400000000002,44.0248,False,2,CLASS BASQUET SANT ANTONI,True
COPA ESPAÑA,"FASE DE GRUPOS ""F""",AMICS CASTELLÓ,11,D. BAH,6.52778,47.4113,True,2,CLASS BASQUET SANT ANTONI,True
COPA ESPAÑA,"FASE DE GRUPOS ""F""",AMICS CASTELLÓ,27,K. BAOKO,6.666700000000006,48.4929,True,2,CLASS BASQUET SANT ANTONI,True
COPA ESPAÑA,"FASE DE GRUPOS ""F""",AMICS CASTELLÓ,10,O. RUSSELL,16.9444,91.6844,True,2,CLASS BASQUET SANT ANTONI,True
COPA ESPAÑA,"FASE DE GRUPOS ""F""",AMICS CASTELLÓ,5,A. BALADA SEGOVIA,16.7361,6.70213,True,2,CLASS BASQUET SANT ANTONI,True
COPA ESPAÑA,"FASE DE GRUPOS ""F""",AMICS CASTELLÓ,27,K. BAOKO,8.958299999999994,48.7411,True,2,CLASS BASQUET SANT ANTONI,True
COPA ESPAÑA,"FASE DE GRUPOS ""F""",AMICS CASTELLÓ,8,J. FANER CATALA,7.916700000000006,57.0567,True,2,CLASS BASQUET SANT ANTONI,True
COPA ESPAÑA,"FASE DE GRUPOS ""F""",AMICS CASTELLÓ,42,F. STUTZ,8.81944,80.1773,True,2,CLASS BASQUET SANT ANTONI,True
COPA ESPAÑA,"FASE DE GRUPOS ""F""",AMICS CASTELLÓ,42,F. STUTZ,8.263900000000007,47.8723,False,2,CLASS BASQUET SANT ANTONI,True
COPA ESPAÑA,"FASE DE GRUPOS ""F""",AMICS CASTELLÓ,42,F. STUTZ,14.7222,40.8333,True,2,CLASS BASQUET SANT ANTONI,True
COPA ESPAÑA,"FASE DE GRUPOS ""F""",AMICS CASTELLÓ,17,A. ROIG BARBERA,32.2917,50.7624,False,2,CLASS BASQUET SANT ANTONI,True
COPA ESPAÑA,"FASE DE GRUPOS ""F""",AMICS CASTELLÓ,42,F. STUTZ,10.625,45.5496,False,2,CLASS BASQUET SANT ANTONI,True
COPA ESPAÑA,"FASE DE GRUPOS ""F""",AMICS CASTELLÓ,67,A. TAMAYO LESMES,4.16667,94.3262,True,2,CLASS BASQUET SANT ANTONI,True
COPA ESPAÑA,"FASE DE GRUPOS ""F""",AMICS CASTELLÓ,42,F. STUTZ,9.44444,54.734,True,2,CLASS BASQUET SANT ANTONI,True
COPA ESPAÑA,"FASE DE GRUPOS ""F""",AMICS CASTELLÓ,8,J. FANER CATALA,24.4444,26.6844,False,2,CLASS BASQUET SANT ANTONI,True
COPA ESPAÑA,"FASE DE GRUPOS ""F""",AMICS CASTELLÓ,67,A. TAMAYO LESMES,8.68056,50.266,True,2,CLASS BASQUET SANT ANTONI,True
COPA ESPAÑA,"FASE DE GRUPOS ""F""",AMICS CASTELLÓ,8,J. FANER CATALA,34.7222,58.1738,True,2,CLASS BASQUET SANT ANTONI,True
COPA ESPAÑA,"FASE DE GRUPOS ""F""",AMICS CASTELLÓ,4,R. FABREGA URPINA,26.1111,82.1631,False,2,CLASS BASQUET SANT ANTONI,True
COPA ESPAÑA,"FASE DE GRUPOS ""F""",AMICS CASTELLÓ,22,K. NEWTON,30.9722,69.8404,False,2,CLASS BASQUET SANT ANTONI,True
COPA ESPAÑA,"FASE DE GRUPOS ""F""",AMICS CASTELLÓ,42,F. STUTZ,8.333299999999994,44.5213,False,2,CLASS BASQUET SANT ANTONI,True
COPA ESPAÑA,"FASE DE GRUPOS ""F""",AMICS CASTELLÓ,67,A. TAMAYO LESMES,7.986099999999993,51.7199,False,2,CLASS BASQUET SANT ANTONI,True
COPA ESPAÑA,"FASE DE GRUPOS ""F""",CLASS BASQUET SANT ANTONI,20,N. ZIZIC,9.0972,43.7766,True,2,AMICS CASTELLÓ,False
COPA ESPAÑA,"FASE DE GRUPOS ""F""",CLASS BASQUET SANT ANTONI,32,J. SOLARIN,6.31944,94.6986,True,2,AMICS CASTELLÓ,False
COPA ESPAÑA,"FASE DE GRUPOS ""F""",CLASS BASQUET SANT ANTONI,19,S. PAZ VAZQUEZ,6.597200000000001,52.0922,True,2,AMICS CASTELLÓ,False
COPA ESPAÑA,"FASE DE GRUPOS ""F""",CLASS BASQUET SANT ANTONI,4,G. BLAT BAEZA,8.333299999999994,54.078,False,2,AMICS CASTELLÓ,False
COPA ESPAÑA,"FASE DE GRUPOS ""F""",CLASS BASQUET SANT ANTONI,4,G. BLAT BAEZA,7.222200000000001,45.0177,True,2,AMICS CASTELLÓ,False
COPA ESPAÑA,"FASE DE GRUPOS ""F""",CLASS BASQUET SANT ANTONI,99,I. RUIZ GONZALEZ,8.194400000000002,91.93262,False,2,AMICS CASTELLÓ,False
COPA ESPAÑA,"FASE DE GRUPOS ""F""",CLASS BASQUET SANT ANTONI,14,R. GOMEZ BARRAL,31.1806,68.1028,True,2,AMICS CASTELLÓ,False
COPA ESPAÑA,"FASE DE GRUPOS ""F""",CLASS BASQUET SANT ANTONI,32,J. SOLARIN,9.51389,42.9433,False,2,AMICS CASTELLÓ,False
COPA ESPAÑA,"FASE DE GRUPOS ""F""",CLASS BASQUET SANT ANTONI,4,G. BLAT BAEZA,5.97222,53.3688,True,2,AMICS CASTELLÓ,False
COPA ESPAÑA,"FASE DE GRUPOS ""F""",CLASS BASQUET SANT ANTONI,32,J. SOLARIN,34.2361,57.4645,False,2,AMICS CASTELLÓ,False
COPA ESPAÑA,"FASE DE GRUPOS ""F""",CLASS BASQUET SANT ANTONI,19,S. PAZ VAZQUEZ,9.44444,53.3688,False,2,AMICS CASTELLÓ,False
COPA ESPAÑA,"FASE DE GRUPOS ""F""",CLASS BASQUET SANT ANTONI,17,E. STOILOV,5.555599999999998,44.3972,False,2,AMICS CASTELLÓ,False
COPA ESPAÑA,"FASE DE GRUPOS ""F""",CLASS BASQUET SANT ANTONI,4,G. BLAT BAEZA,33.6806,41.1702,False,2,AMICS CASTELLÓ,False
COPA ESPAÑA,"FASE DE GRUPOS ""F""",CLASS BASQUET SANT ANTONI,9,J. RODRIGUEZ JIMENEZ,30.0694,73.9716,False,2,AMICS CASTELLÓ,False
COPA ESPAÑA,"FASE DE GRUPOS ""F""",CLASS BASQUET SANT ANTONI,99,I. RUIZ GONZALEZ,6.59722,54.6099,True,2,AMICS CASTELLÓ,False
COPA ESPAÑA,"FASE DE GRUPOS ""F""",CLASS BASQUET SANT ANTONI,32,J. SOLARIN,27.291700000000006,18.953900000000004,True,2,AMICS CASTELLÓ,False
COPA ESPAÑA,"FASE DE GRUPOS ""F""",CLASS BASQUET SANT ANTONI,19,S. PAZ VAZQUEZ,31.458299999999994,77.039,False,2,AMICS CASTELLÓ,False
COPA ESPAÑA,"FASE DE GRUPOS ""F""",CLASS BASQUET SANT ANTONI,4,G. BLAT BAEZA,6.80556,45.4255,True,2,AMICS CASTELLÓ,False
COPA ESPAÑA,"FASE DE GRUPOS ""F""",CLASS BASQUET SANT ANTONI,9,J. RODRIGUEZ JIMENEZ,9.0278,51.3475,False,2,AMICS CASTELLÓ,False
COPA ESPAÑA,"FASE DE GRUPOS ""F""",CLASS BASQUET SANT ANTONI,19,S. PAZ VAZQUEZ,17.4306,55.6915,False,2,AMICS CASTELLÓ,False
COPA ESPAÑA,"FASE DE GRUPOS ""F""",CLASS BASQUET SANT ANTONI,19,S. PAZ VAZQUEZ,10.833299999999994,52.8369,False,2,AMICS CASTELLÓ,False
COPA ESPAÑA,"FASE DE GRUPOS ""F""",CLASS BASQUET SANT ANTONI,19,S. PAZ VAZQUEZ,6.52778,59.6986,False,2,AMICS CASTELLÓ,False
COPA ESPAÑA,"FASE DE GRUPOS ""F""",CLASS BASQUET SANT ANTONI,20,N. ZIZIC,8.54167,44.805,False,2,AMICS CASTELLÓ,False
COPA ESPAÑA,"FASE DE GRUPOS ""F""",CLASS BASQUET SANT ANTONI,32,J. SOLARIN,6.597200000000001,56.9326,False,2,AMICS CASTELLÓ,False
COPA ESPAÑA,"FASE DE GRUPOS ""F""",CLASS BASQUET SANT ANTONI,14,R. GOMEZ BARRAL,6.52778,4.84043,False,2,AMICS CASTELLÓ,False
COPA ESPAÑA,"FASE DE GRUPOS ""F""",CLASS BASQUET SANT ANTONI,17,E. STOILOV,7.43056,56.844,False,2,AMICS CASTELLÓ,False
COPA ESPAÑA,"FASE DE GRUPOS ""F""",CLASS BASQUET SANT ANTONI,32,J. SOLARIN,31.3194,67.8901,True,2,AMICS CASTELLÓ,False
COPA ESPAÑA,"FASE DE GRUPOS ""F""",CLASS BASQUET SANT ANTONI,4,G. BLAT BAEZA,5.27778,94.078,False,2,AMICS CASTELLÓ,False
COPA ESPAÑA,"FASE DE GRUPOS ""F""",CLASS BASQUET SANT ANTONI,4,G. BLAT BAEZA,28.4028,23.918400000000005,False,2,AMICS CASTELLÓ,False
COPA ESPAÑA,"FASE DE GRUPOS ""F""",CLASS BASQUET SANT ANTONI,14,R. GOMEZ BARRAL,7.84722,49.8936,True,2,AMICS CASTELLÓ,False
COPA ESPAÑA,"FASE DE GRUPOS ""F""",CLASS BASQUET SANT ANTONI,20,N. ZIZIC,11.5278,56.9326,True,2,AMICS CASTELLÓ,False
COPA ESPAÑA,"FASE DE GRUPOS ""F""",CLASS BASQUET SANT ANTONI,9,J. RODRIGUEZ JIMENEZ,4.86111,46.6667,False,2,AMICS CASTELLÓ,False
COPA ESPAÑA,"FASE DE GRUPOS ""F""",CLASS BASQUET SANT ANTONI,4,G. BLAT BAEZA,7.916700000000006,51.9681,False,2,AMICS CASTELLÓ,False
COPA ESPAÑA,"FASE DE GRUPOS ""F""",CLASS BASQUET SANT ANTONI,14,R. GOMEZ BARRAL,33.3333,34.8759,False,2,AMICS CASTELLÓ,False
COPA ESPAÑA,"FASE DE GRUPOS ""F""",CLASS BASQUET SANT ANTONI,14,R. GOMEZ BARRAL,7.29167,30.9043,True,2,AMICS CASTELLÓ,False
COPA ESPAÑA,"FASE DE GRUPOS ""F""",CLASS BASQUET SANT ANTONI,17,E. STOILOV,5.625,44.6809,True,2,AMICS CASTELLÓ,False
COPA ESPAÑA,"FASE DE GRUPOS ""F""",CLASS BASQUET SANT ANTONI,20,N. ZIZIC,6.527799999999999,47.0035,True,2,AMICS CASTELLÓ,False
COPA ESPAÑA,"FASE DE GRUPOS ""F""",CLASS BASQUET SANT ANTONI,19,S. PAZ VAZQUEZ,31.8056,32.8901,True,2,AMICS CASTELLÓ,False
COPA ESPAÑA,"FASE DE GRUPOS ""F""",CLASS BASQUET SANT ANTONI,17,E. STOILOV,5.625,44.6809,False,2,AMICS CASTELLÓ,False
COPA ESPAÑA,"FASE DE GRUPOS ""F""",CLASS BASQUET SANT ANTONI,19,S. PAZ VAZQUEZ,6.597200000000001,51.0993,True,2,AMICS CASTELLÓ,False
COPA ESPAÑA,"FASE DE GRUPOS ""F""",CLASS BASQUET SANT ANTONI,99,I. RUIZ GONZALEZ,6.944400000000002,93.67021,False,2,AMICS CASTELLÓ,False
COPA ESPAÑA,"FASE DE GRUPOS ""F""",CLASS BASQUET SANT ANTONI,19,S. PAZ VAZQUEZ,10.208299999999994,53.5816,False,2,AMICS CASTELLÓ,False
COPA ESPAÑA,"FASE DE GRUPOS ""F""",CLASS BASQUET SANT ANTONI,4,G. BLAT BAEZA,6.527799999999999,47.0035,False,2,AMICS CASTELLÓ,False
COPA ESPAÑA,"FASE DE GRUPOS ""F""",CLASS BASQUET SANT ANTONI,20,N. ZIZIC,6.31944,56.844,True,2,AMICS CASTELLÓ,False
COPA ESPAÑA,"FASE DE GRUPOS ""F""",CLASS BASQUET SANT ANTONI,9,J. RODRIGUEZ JIMENEZ,26.1111,11.2943,True,2,AMICS CASTELLÓ,False
COPA ESPAÑA,"FASE DE GRUPOS ""F""",CLASS BASQUET SANT ANTONI,20,N. ZIZIC,7.63889,32.6418,False,2,AMICS CASTELLÓ,False
COPA ESPAÑA,"FASE DE GRUPOS ""F""",CLASS BASQUET SANT ANTONI,20,N. ZIZIC,10.555599999999998,47.9965,True,2,AMICS CASTELLÓ,False
COPA ESPAÑA,"FASE DE GRUPOS ""F""",CLASS BASQUET SANT ANTONI,20,N. ZIZIC,7.43056,53.617,True,2,AMICS CASTELLÓ,False
COPA ESPAÑA,"FASE DE GRUPOS ""F""",CLASS BASQUET SANT ANTONI,32,J. SOLARIN,31.4583,63.5461,True,2,AMICS CASTELLÓ,False
COPA ESPAÑA,"FASE DE GRUPOS ""F""",CLASS BASQUET SANT ANTONI,4,G. BLAT BAEZA,6.59722,45.6738,True,2,AMICS CASTELLÓ,False
COPA ESPAÑA,"FASE DE GRUPOS ""F""",CLASS BASQUET SANT ANTONI,17,E. STOILOV,7.916700000000006,55.195,False,2,AMICS CASTELLÓ,False
COPA ESPAÑA,"FASE DE GRUPOS ""F""",CLASS BASQUET SANT ANTONI,99,I. RUIZ GONZALEZ,4.86111,46.6667,False,2,AMICS CASTELLÓ,False
COPA ESPAÑA,"FASE DE GRUPOS ""F""",CLASS BASQUET SANT ANTONI,4,G. BLAT BAEZA,35.625,26.772999999999996,True,2,AMICS CASTELLÓ,False
COPA ESPAÑA,"FASE DE GRUPOS ""F""",CLASS BASQUET SANT ANTONI,17,E. STOILOV,6.45833,51.6312,True,2,AMICS CASTELLÓ,False
COPA ESPAÑA,"FASE DE GRUPOS ""F""",CLASS BASQUET SANT ANTONI,4,G. BLAT BAEZA,6.31944,52.9965,True,2,AMICS CASTELLÓ,False
COPA ESPAÑA,"FASE DE GRUPOS ""F""",CLASS BASQUET SANT ANTONI,4,G. BLAT BAEZA,28.8194,23.2092,False,2,AMICS CASTELLÓ,False
COPA ESPAÑA,"FASE DE GRUPOS ""F""",CLASS BASQUET SANT ANTONI,17,E. STOILOV,6.45833,47.6596,True,2,AMICS CASTELLÓ,False
COPA ESPAÑA,"FASE DE GRUPOS ""F""",CLASS BASQUET SANT ANTONI,4,G. BLAT BAEZA,7.01389,46.5426,False,2,AMICS CASTELLÓ,False
COPA ESPAÑA,"FASE DE GRUPOS ""F""",CLASS BASQUET SANT ANTONI,99,I. RUIZ GONZALEZ,5.763900000000007,61.7731,False,2,AMICS CASTELLÓ,False
COPA ESPAÑA,"FASE DE GRUPOS ""F""",CLASS BASQUET SANT ANTONI,17,E. STOILOV,8.4028,51.4716,True,2,AMICS CASTELLÓ,False
COPA ESPAÑA,"FASE DE GRUPOS ""F""",CLASS BASQUET SANT ANTONI,17,E. STOILOV,5.555599999999998,44.3972,True,2,AMICS CASTELLÓ,False
COPA ESPAÑA,"FASE DE GRUPOS ""F""",CLASS BASQUET SANT ANTONI,99,I. RUIZ GONZALEZ,45.7639,71.9504,False,2,AMICS CASTELLÓ,False
COPA ESPAÑA,"FASE DE GRUPOS ""F""",CLASS BASQUET SANT ANTONI,4,G. BLAT BAEZA,28.6806,75.7092,False,2,AMICS CASTELLÓ,False
COPA ESPAÑA,"FASE DE GRUPOS ""F""",CLASS BASQUET SANT ANTONI,4,G. BLAT BAEZA,8.611099999999993,53.7057,False,2,AMICS CASTELLÓ,False
COPA ESPAÑA,"FASE DE GRUPOS ""F""",CLASS BASQUET SANT ANTONI,20,N. ZIZIC,6.59722,53.617,False,2,AMICS CASTELLÓ,False
COPA ESPAÑA,"FASE DE GRUPOS ""F""",CLASS BASQUET SANT ANTONI,4,G. BLAT BAEZA,27.5694,18.457400000000007,True,2,AMICS CASTELLÓ,False
COPA ESPAÑA,"FASE DE GRUPOS ""F""",CLASS BASQUET SANT ANTONI,17,E. STOILOV,8.4028,48.4929,False,2,AMICS CASTELLÓ,False
COPA ESPAÑA,"FASE DE GRUPOS ""F""",CLASS BASQUET SANT ANTONI,32,J. SOLARIN,33.0556,40.3014,False,2,AMICS CASTELLÓ,False
COPA ESPAÑA,"FASE DE GRUPOS ""F""",CLASS BASQUET SANT ANTONI,9,J. RODRIGUEZ JIMENEZ,8.819400000000002,54.2021,False,2,AMICS CASTELLÓ,False
COPA ESPAÑA,"FASE DE GRUPOS ""F""",MADERAS SORLI BENICARLO,35,O. NDOUR,8.33333,49.4468,True,3,AMICS CASTELLÓ,True
COPA ESPAÑA,"FASE DE GRUPOS ""F""",MADERAS SORLI BENICARLO,3,L. SOUMBEY-ALLEY,17.200000000000003,70.2128,True,3,AMICS CASTELLÓ,True
COPA ESPAÑA,"FASE DE GRUPOS ""F""",MADERAS SORLI BENICARLO,3,L. SOUMBEY-ALLEY,35.7333,36.8511,False,3,AMICS CASTELLÓ,True
COPA ESPAÑA,"FASE DE GRUPOS ""F""",MADERAS SORLI BENICARLO,12,A. PRIOR RUIZ,11.133300000000006,4.561700000000002,False,3,AMICS CASTELLÓ,True
COPA ESPAÑA,"FASE DE GRUPOS ""F""",MADERAS SORLI BENICARLO,12,A. PRIOR RUIZ,7.333299999999994,57.8213,False,3,AMICS CASTELLÓ,True
COPA ESPAÑA,"FASE DE GRUPOS ""F""",MADERAS SORLI BENICARLO,3,L. SOUMBEY-ALLEY,17.599999999999994,93.20851,True,3,AMICS CASTELLÓ,True
COPA ESPAÑA,"FASE DE GRUPOS ""F""",MADERAS SORLI BENICARLO,35,O. NDOUR,6.13333,41.1064,True,3,AMICS CASTELLÓ,True
COPA ESPAÑA,"FASE DE GRUPOS ""F""",MADERAS SORLI BENICARLO,8,A. HARO VAL,5.066699999999997,59.3702,True,3,AMICS CASTELLÓ,True
COPA ESPAÑA,"FASE DE GRUPOS ""F""",MADERAS SORLI BENICARLO,25,R. UKAWUBA,8.86667,6.31489,True,3,AMICS CASTELLÓ,True
COPA ESPAÑA,"FASE DE GRUPOS ""F""",MADERAS SORLI BENICARLO,3,L. SOUMBEY-ALLEY,23.066699999999997,92.73191,False,3,AMICS CASTELLÓ,True
COPA ESPAÑA,"FASE DE GRUPOS ""F""",MADERAS SORLI BENICARLO,12,A. PRIOR RUIZ,27.6667,18.5872,False,3,AMICS CASTELLÓ,True
COPA ESPAÑA,"FASE DE GRUPOS ""F""",MADERAS SORLI BENICARLO,3,L. SOUMBEY-ALLEY,9.0,59.2511,True,3,AMICS CASTELLÓ,True
COPA ESPAÑA,"FASE DE GRUPOS ""F""",MADERAS SORLI BENICARLO,8,A. HARO VAL,7.66667,40.034,True,3,AMICS CASTELLÓ,True
COPA ESPAÑA,"FASE DE GRUPOS ""F""",MADERAS SORLI BENICARLO,8,A. HARO VAL,31.0667,25.3787,False,3,AMICS CASTELLÓ,True
COPA ESPAÑA,"FASE DE GRUPOS ""F""",MADERAS SORLI BENICARLO,12,A. PRIOR RUIZ,29.0667,25.2596,True,3,AMICS CASTELLÓ,True
COPA ESPAÑA,"FASE DE GRUPOS ""F""",MADERAS SORLI BENICARLO,25,R. UKAWUBA,5.200000000000003,91.77871999999999,False,3,AMICS CASTELLÓ,True
COPA ESPAÑA,"FASE DE GRUPOS ""F""",MADERAS SORLI BENICARLO,25,R. UKAWUBA,13.466700000000003,70.6894,False,3,AMICS CASTELLÓ,True
COPA ESPAÑA,"FASE DE GRUPOS ""F""",MADERAS SORLI BENICARLO,8,A. HARO VAL,4.93333,58.2638,False,3,AMICS CASTELLÓ,True
COPA ESPAÑA,"FASE DE GRUPOS ""F""",MADERAS SORLI BENICARLO,11,M. VORONIN,23.8667,34.434,False,3,AMICS CASTELLÓ,True
COPA ESPAÑA,"FASE DE GRUPOS ""F""",MADERAS SORLI BENICARLO,35,O. NDOUR,6.8666999999999945,59.0128,False,3,AMICS CASTELLÓ,True
COPA ESPAÑA,"FASE DE GRUPOS ""F""",MADERAS SORLI BENICARLO,35,O. NDOUR,7.200000000000003,54.6043,False,3,AMICS CASTELLÓ,True
COPA ESPAÑA,"FASE DE GRUPOS ""F""",MADERAS SORLI BENICARLO,3,L. SOUMBEY-ALLEY,14.133300000000006,69.8553,False,3,AMICS CASTELLÓ,True
COPA ESPAÑA,"FASE DE GRUPOS ""F""",MADERAS SORLI BENICARLO,33,K. OBIEKWE SAM,12.2667,21.2085,False,3,AMICS CASTELLÓ,True
COPA ESPAÑA,"FASE DE GRUPOS ""F""",MADERAS SORLI BENICARLO,12,A. PRIOR RUIZ,6.599999999999994,52.6979,True,3,AMICS CASTELLÓ,True
COPA ESPAÑA,"FASE DE GRUPOS ""F""",MADERAS SORLI BENICARLO,12,A. PRIOR RUIZ,33.8667,35.983,False,3,AMICS CASTELLÓ,True
COPA ESPAÑA,"FASE DE GRUPOS ""F""",MADERAS SORLI BENICARLO,35,O. NDOUR,9.599999999999994,51.0298,False,3,AMICS CASTELLÓ,True
COPA ESPAÑA,"FASE DE GRUPOS ""F""",MADERAS SORLI BENICARLO,33,K. OBIEKWE SAM,9.33333,26.3319,False,3,AMICS CASTELLÓ,True
COPA ESPAÑA,"FASE DE GRUPOS ""F""",MADERAS SORLI BENICARLO,33,K. OBIEKWE SAM,5.7333,56.034,True,3,AMICS CASTELLÓ,True
COPA ESPAÑA,"FASE DE GRUPOS ""F""",MADERAS SORLI BENICARLO,35,O. NDOUR,10.2667,39.234,False,3,AMICS CASTELLÓ,True
COPA ESPAÑA,"FASE DE GRUPOS ""F""",MADERAS SORLI BENICARLO,9,P. HARGUINDEY MANEIRO,8.53333,42.8936,True,3,AMICS CASTELLÓ,True
COPA ESPAÑA,"FASE DE GRUPOS ""F""",MADERAS SORLI BENICARLO,9,P. HARGUINDEY MANEIRO,9.2,94.366,False,3,AMICS CASTELLÓ,True
COPA ESPAÑA,"FASE DE GRUPOS ""F""",MADERAS SORLI BENICARLO,25,R. UKAWUBA,8.4,38.6043,False,3,AMICS CASTELLÓ,True
COPA ESPAÑA,"FASE DE GRUPOS ""F""",MADERAS SORLI BENICARLO,33,K. OBIEKWE SAM,21.3333,29.4298,False,3,AMICS CASTELLÓ,True
COPA ESPAÑA,"FASE DE GRUPOS ""F""",MADERAS SORLI BENICARLO,1,A. IKPEZE,7.2667,54.9617,True,3,AMICS CASTELLÓ,True
COPA ESPAÑA,"FASE DE GRUPOS ""F""",MADERAS SORLI BENICARLO,3,L. SOUMBEY-ALLEY,18.799999999999997,58.5362,True,3,AMICS CASTELLÓ,True
COPA ESPAÑA,"FASE DE GRUPOS ""F""",MADERAS SORLI BENICARLO,8,A. HARO VAL,6.33333,41.1064,True,3,AMICS CASTELLÓ,True
COPA ESPAÑA,"FASE DE GRUPOS ""F""",MADERAS SORLI BENICARLO,33,K. OBIEKWE SAM,8.6,94.9617,True,3,AMICS CASTELLÓ,True
COPA ESPAÑA,"FASE DE GRUPOS ""F""",MADERAS SORLI BENICARLO,3,L. SOUMBEY-ALLEY,19.200000000000003,93.08936,False,3,AMICS CASTELLÓ,True
COPA ESPAÑA,"FASE DE GRUPOS ""F""",MADERAS SORLI BENICARLO,25,R. UKAWUBA,18.066699999999997,30.059600000000003,True,3,AMICS CASTELLÓ,True
COPA ESPAÑA,"FASE DE GRUPOS ""F""",MADERAS SORLI BENICARLO,35,O. NDOUR,8.4,38.6043,True,3,AMICS CASTELLÓ,True
COPA ESPAÑA,"FASE DE GRUPOS ""F""",MADERAS SORLI BENICARLO,35,O. NDOUR,5.53333,41.2255,True,3,AMICS CASTELLÓ,True
COPA ESPAÑA,"FASE DE GRUPOS ""F""",MADERAS SORLI BENICARLO,13,A. LIBROIA,19.1333,38.4851,True,3,AMICS CASTELLÓ,True
COPA ESPAÑA,"FASE DE GRUPOS ""F""",MADERAS SORLI BENICARLO,11,M. VORONIN,24.0,15.642600000000002,False,3,AMICS CASTELLÓ,True
COPA ESPAÑA,"FASE DE GRUPOS ""F""",MADERAS SORLI BENICARLO,3,L. SOUMBEY-ALLEY,31.599999999999994,47.217,True,3,AMICS CASTELLÓ,True
COPA ESPAÑA,"FASE DE GRUPOS ""F""",MADERAS SORLI BENICARLO,13,A. LIBROIA,7.1333000000000055,44.0,False,3,AMICS CASTELLÓ,True
COPA ESPAÑA,"FASE DE GRUPOS ""F""",MADERAS SORLI BENICARLO,8,A. HARO VAL,5.400000000000006,44.3574,True,3,AMICS CASTELLÓ,True
COPA ESPAÑA,"FASE DE GRUPOS ""F""",MADERAS SORLI BENICARLO,1,A. IKPEZE,16.3333,48.1362,False,3,AMICS CASTELLÓ,True
COPA ESPAÑA,"FASE DE GRUPOS ""F""",MADERAS SORLI BENICARLO,13,A. LIBROIA,18.9333,68.5106,True,3,AMICS CASTELLÓ,True
COPA ESPAÑA,"FASE DE GRUPOS ""F""",MADERAS SORLI BENICARLO,25,R. UKAWUBA,29.7333,25.889399999999995,False,3,AMICS CASTELLÓ,True
COPA ESPAÑA,"FASE DE GRUPOS ""F""",MADERAS SORLI BENICARLO,1,A. IKPEZE,11.0667,37.5319,False,3,AMICS CASTELLÓ,True
COPA ESPAÑA,"FASE DE GRUPOS ""F""",MADERAS SORLI BENICARLO,35,O. NDOUR,10.0667,49.4468,False,3,AMICS CASTELLÓ,True
COPA ESPAÑA,"FASE DE GRUPOS ""F""",MADERAS SORLI BENICARLO,1,A. IKPEZE,13.066699999999997,59.2511,True,3,AMICS CASTELLÓ,True
COPA ESPAÑA,"FASE DE GRUPOS ""F""",MADERAS SORLI BENICARLO,3,L. SOUMBEY-ALLEY,6.666700000000006,5.991500000000002,False,3,AMICS CASTELLÓ,True
COPA ESPAÑA,"FASE DE GRUPOS ""F""",MADERAS SORLI BENICARLO,3,L. SOUMBEY-ALLEY,6.933300000000003,51.7447,False,3,AMICS CASTELLÓ,True
COPA ESPAÑA,"FASE DE GRUPOS ""F""",MADERAS SORLI BENICARLO,35,O. NDOUR,8.26667,45.7532,True,3,AMICS CASTELLÓ,True
COPA ESPAÑA,"FASE DE GRUPOS ""F""",MADERAS SORLI BENICARLO,12,A. PRIOR RUIZ,15.6667,22.5191,False,3,AMICS CASTELLÓ,True
COPA ESPAÑA,"FASE DE GRUPOS ""F""",MADERAS SORLI BENICARLO,1,A. IKPEZE,12.2,47.8979,True,3,AMICS CASTELLÓ,True
COPA ESPAÑA,"FASE DE GRUPOS ""F""",MADERAS SORLI BENICARLO,3,L. SOUMBEY-ALLEY,25.599999999999994,15.761700000000005,False,3,AMICS CASTELLÓ,True
COPA ESPAÑA,"FASE DE GRUPOS ""F""",MADERAS SORLI BENICARLO,8,A. HARO VAL,5.86667,43.2511,False,3,AMICS CASTELLÓ,True
COPA ESPAÑA,"FASE DE GRUPOS ""F""",MADERAS SORLI BENICARLO,1,A. IKPEZE,6.26667,57.1915,True,3,AMICS CASTELLÓ,True
COPA ESPAÑA,"FASE DE GRUPOS ""F""",MADERAS SORLI BENICARLO,32,A. SANCHEZ PERDIGUERO,9.53333,94.4851,False,3,AMICS CASTELLÓ,True
COPA ESPAÑA,"FASE DE GRUPOS ""F""",MADERAS SORLI BENICARLO,25,R. UKAWUBA,21.3333,29.4298,True,3,AMICS CASTELLÓ,True
COPA ESPAÑA,"FASE DE GRUPOS ""F""",AMICS CASTELLÓ,10,O. RUSSELL,5.599999999999994,55.3191,True,3,MADERAS SORLI BENICARLO,False
COPA ESPAÑA,"FASE DE GRUPOS ""F""",AMICS CASTELLÓ,10,O. RUSSELL,23.5333,33.8383,False,3,MADERAS SORLI BENICARLO,False
COPA ESPAÑA,"FASE DE GRUPOS ""F""",AMICS CASTELLÓ,33,M. ANDREATTA,28.5333,77.8043,False,3,MADERAS SORLI BENICARLO,False
COPA ESPAÑA,"FASE DE GRUPOS ""F""",AMICS CASTELLÓ,22,K. NEWTON,12.1333,33.3617,False,3,MADERAS SORLI BENICARLO,False
COPA ESPAÑA,"FASE DE GRUPOS ""F""",AMICS CASTELLÓ,42,F. STUTZ,10.7333,75.5745,True,3,MADERAS SORLI BENICARLO,False
COPA ESPAÑA,"FASE DE GRUPOS ""F""",AMICS CASTELLÓ,42,F. STUTZ,20.666700000000006,8.4936,True,3,MADERAS SORLI BENICARLO,False
COPA ESPAÑA,"FASE DE GRUPOS ""F""",AMICS CASTELLÓ,22,K. NEWTON,16.6,39.9149,False,3,MADERAS SORLI BENICARLO,False
COPA ESPAÑA,"FASE DE GRUPOS ""F""",AMICS CASTELLÓ,67,A. TAMAYO LESMES,24.066699999999997,85.2255,True,3,MADERAS SORLI BENICARLO,False
COPA ESPAÑA,"FASE DE GRUPOS ""F""",AMICS CASTELLÓ,10,O. RUSSELL,8.2667,5.753200000000007,True,3,MADERAS SORLI BENICARLO,False
COPA ESPAÑA,"FASE DE GRUPOS ""F""",AMICS CASTELLÓ,10,O. RUSSELL,7.93333,41.7021,False,3,MADERAS SORLI BENICARLO,False
COPA ESPAÑA,"FASE DE GRUPOS ""F""",AMICS CASTELLÓ,67,A. TAMAYO LESMES,32.5333,53.1745,False,3,MADERAS SORLI BENICARLO,False
COPA ESPAÑA,"FASE DE GRUPOS ""F""",AMICS CASTELLÓ,67,A. TAMAYO LESMES,28.0667,78.0426,False,3,MADERAS SORLI BENICARLO,False
COPA ESPAÑA,"FASE DE GRUPOS ""F""",AMICS CASTELLÓ,4,R. FABREGA URPINA,6.46667,40.8681,True,3,MADERAS SORLI BENICARLO,False
COPA ESPAÑA,"FASE DE GRUPOS ""F""",AMICS CASTELLÓ,42,F. STUTZ,7.13333,57.3106,True,3,MADERAS SORLI BENICARLO,False
COPA ESPAÑA,"FASE DE GRUPOS ""F""",AMICS CASTELLÓ,8,J. FANER CATALA,32.0667,60.6468,False,3,MADERAS SORLI BENICARLO,False
COPA ESPAÑA,"FASE DE GRUPOS ""F""",AMICS CASTELLÓ,10,O. RUSSELL,5.533299999999997,94.6383,False,3,MADERAS SORLI BENICARLO,False
COPA ESPAÑA,"FASE DE GRUPOS ""F""",AMICS CASTELLÓ,27,K. BAOKO,8.533299999999997,56.1532,False,3,MADERAS SORLI BENICARLO,False
COPA ESPAÑA,"FASE DE GRUPOS ""F""",AMICS CASTELLÓ,11,D. BAH,6.533299999999997,57.4638,True,3,MADERAS SORLI BENICARLO,False
COPA ESPAÑA,"FASE DE GRUPOS ""F""",AMICS CASTELLÓ,4,R. FABREGA URPINA,24.799999999999997,80.9362,False,3,MADERAS SORLI BENICARLO,False
COPA ESPAÑA,"FASE DE GRUPOS ""F""",AMICS CASTELLÓ,10,O. RUSSELL,28.6,25.3787,False,3,MADERAS SORLI BENICARLO,False
COPA ESPAÑA,"FASE DE GRUPOS ""F""",AMICS CASTELLÓ,27,K. BAOKO,23.5333,33.8383,True,3,MADERAS SORLI BENICARLO,False
COPA ESPAÑA,"FASE DE GRUPOS ""F""",AMICS CASTELLÓ,10,O. RUSSELL,7.13333,42.0596,True,3,MADERAS SORLI BENICARLO,False
COPA ESPAÑA,"FASE DE GRUPOS ""F""",AMICS CASTELLÓ,67,A. TAMAYO LESMES,7.2667,50.7915,True,3,MADERAS SORLI BENICARLO,False
COPA ESPAÑA,"FASE DE GRUPOS ""F""",AMICS CASTELLÓ,4,R. FABREGA URPINA,31.066699999999997,15.761700000000005,False,3,MADERAS SORLI BENICARLO,False
COPA ESPAÑA,"FASE DE GRUPOS ""F""",AMICS CASTELLÓ,27,K. BAOKO,4.799999999999997,41.3787,False,3,MADERAS SORLI BENICARLO,False
COPA ESPAÑA,"FASE DE GRUPOS ""F""",AMICS CASTELLÓ,10,O. RUSSELL,8.53333,37.2936,True,3,MADERAS SORLI BENICARLO,False
COPA ESPAÑA,"FASE DE GRUPOS ""F""",AMICS CASTELLÓ,22,K. NEWTON,22.933300000000003,16.834000000000003,True,3,MADERAS SORLI BENICARLO,False
COPA ESPAÑA,"FASE DE GRUPOS ""F""",AMICS CASTELLÓ,27,K. BAOKO,8.8,70.6553,False,3,MADERAS SORLI BENICARLO,False
COPA ESPAÑA,"FASE DE GRUPOS ""F""",AMICS CASTELLÓ,4,R. FABREGA URPINA,11.400000000000006,60.3234,False,3,MADERAS SORLI BENICARLO,False
COPA ESPAÑA,"FASE DE GRUPOS ""F""",AMICS CASTELLÓ,11,D. BAH,7.933300000000003,25.531899999999993,False,3,MADERAS SORLI BENICARLO,False
COPA ESPAÑA,"FASE DE GRUPOS ""F""",AMICS CASTELLÓ,67,A. TAMAYO LESMES,27.3333,19.7787,False,3,MADERAS SORLI BENICARLO,False
COPA ESPAÑA,"FASE DE GRUPOS ""F""",AMICS CASTELLÓ,8,J. FANER CATALA,5.93333,45.0383,True,3,MADERAS SORLI BENICARLO,False
COPA ESPAÑA,"FASE DE GRUPOS ""F""",AMICS CASTELLÓ,4,R. FABREGA URPINA,6.2667,38.5191,False,3,MADERAS SORLI BENICARLO,False
COPA ESPAÑA,"FASE DE GRUPOS ""F""",AMICS CASTELLÓ,8,J. FANER CATALA,20.0,26.6894,True,3,MADERAS SORLI BENICARLO,False
COPA ESPAÑA,"FASE DE GRUPOS ""F""",AMICS CASTELLÓ,27,K. BAOKO,5.2667,43.7617,True,3,MADERAS SORLI BENICARLO,False
COPA ESPAÑA,"FASE DE GRUPOS ""F""",AMICS CASTELLÓ,8,J. FANER CATALA,26.2,83.5234,False,3,MADERAS SORLI BENICARLO,False
COPA ESPAÑA,"FASE DE GRUPOS ""F""",AMICS CASTELLÓ,8,J. FANER CATALA,29.6667,72.8,True,3,MADERAS SORLI BENICARLO,False
COPA ESPAÑA,"FASE DE GRUPOS ""F""",AMICS CASTELLÓ,8,J. FANER CATALA,31.799999999999997,39.3532,False,3,MADERAS SORLI BENICARLO,False
COPA ESPAÑA,"FASE DE GRUPOS ""F""",AMICS CASTELLÓ,4,R. FABREGA URPINA,7.26667,41.3447,True,3,MADERAS SORLI BENICARLO,False
COPA ESPAÑA,"FASE DE GRUPOS ""F""",AMICS CASTELLÓ,5,A. BALADA SEGOVIA,25.533299999999997,19.097899999999996,False,3,MADERAS SORLI BENICARLO,False
COPA ESPAÑA,"FASE DE GRUPOS ""F""",AMICS CASTELLÓ,5,A. BALADA SEGOVIA,4.666700000000006,94.99574,False,3,MADERAS SORLI BENICARLO,False
COPA ESPAÑA,"FASE DE GRUPOS ""F""",AMICS CASTELLÓ,22,K. NEWTON,23.933300000000003,16.834000000000003,False,3,MADERAS SORLI BENICARLO,False
COPA ESPAÑA,"FASE DE GRUPOS ""F""",AMICS CASTELLÓ,67,A. TAMAYO LESMES,29.400000000000006,32.680899999999994,True,3,MADERAS SORLI BENICARLO,False
COPA ESPAÑA,"FASE DE GRUPOS ""F""",AMICS CASTELLÓ,10,O. RUSSELL,7.8666999999999945,47.3362,True,3,MADERAS SORLI BENICARLO,False
COPA ESPAÑA,"FASE DE GRUPOS ""F""",AMICS CASTELLÓ,22,K. NEWTON,14.8667,5.8383,False,3,MADERAS SORLI BENICARLO,False
COPA ESPAÑA,"FASE DE GRUPOS ""F""",AMICS CASTELLÓ,10,O. RUSSELL,6.46667,37.8894,True,3,MADERAS SORLI BENICARLO,False
COPA ESPAÑA,"FASE DE GRUPOS ""F""",AMICS CASTELLÓ,67,A. TAMAYO LESMES,34.0,50.8766,False,3,MADERAS SORLI BENICARLO,False
COPA ESPAÑA,"FASE DE GRUPOS ""F""",AMICS CASTELLÓ,17,A. ROIG BARBERA,17.5333,95.2,False,3,MADERAS SORLI BENICARLO,False
COPA ESPAÑA,"FASE DE GRUPOS ""F""",AMICS CASTELLÓ,11,D. BAH,3.9333000000000027,60.6809,False,3,MADERAS SORLI BENICARLO,False
COPA ESPAÑA,"FASE DE GRUPOS ""F""",AMICS CASTELLÓ,42,F. STUTZ,16.8667,38.9617,True,3,MADERAS SORLI BENICARLO,False
COPA ESPAÑA,"FASE DE GRUPOS ""F""",AMICS CASTELLÓ,67,A. TAMAYO LESMES,9.2,3.93191,False,3,MADERAS SORLI BENICARLO,False
COPA ESPAÑA,"FASE DE GRUPOS ""F""",AMICS CASTELLÓ,11,D. BAH,18.466700000000003,31.1319,True,3,MADERAS SORLI BENICARLO,False
COPA ESPAÑA,"FASE DE GRUPOS ""F""",AMICS CASTELLÓ,10,O. RUSSELL,6.533299999999997,5.276600000000002,True,3,MADERAS SORLI BENICARLO,False
COPA ESPAÑA,"FASE DE GRUPOS ""F""",AMICS CASTELLÓ,10,O. RUSSELL,5.1333000000000055,44.3574,True,3,MADERAS SORLI BENICARLO,False
COPA ESPAÑA,"FASE DE GRUPOS ""F""",AMICS CASTELLÓ,17,A. ROIG BARBERA,6.66667,54.6894,True,3,MADERAS SORLI BENICARLO,False
COPA ESPAÑA,"FASE DE GRUPOS ""F""",AMICS CASTELLÓ,42,F. STUTZ,28.6,25.3787,False,3,MADERAS SORLI BENICARLO,False
COPA ESPAÑA,"FASE DE GRUPOS ""F""",AMICS CASTELLÓ,8,J. FANER CATALA,5.6,55.2851,True,3,MADERAS SORLI BENICARLO,False
COPA ESPAÑA,"FASE DE GRUPOS ""F""",AMICS CASTELLÓ,11,D. BAH,7.8666999999999945,59.966,True,3,MADERAS SORLI BENICARLO,False
COPA ESPAÑA,"FASE DE GRUPOS ""F""",AMICS CASTELLÓ,67,A. TAMAYO LESMES,23.8,89.0043,False,3,MADERAS SORLI BENICARLO,False
COPA ESPAÑA,"FASE DE GRUPOS ""F""",AMICS CASTELLÓ,33,M. ANDREATTA,6.666700000000006,93.44681,False,3,MADERAS SORLI BENICARLO,False
COPA ESPAÑA,"FASE DE GRUPOS ""F""",AMICS CASTELLÓ,27,K. BAOKO,6.1333000000000055,44.3574,True,3,MADERAS SORLI BENICARLO,False
COPA ESPAÑA,"FASE DE GRUPOS ""F""",AMICS CASTELLÓ,10,O. RUSSELL,11.5333,38.7234,True,3,MADERAS SORLI BENICARLO,False
COPA ESPAÑA,"FASE DE GRUPOS ""F""",AMICS CASTELLÓ,22,K. NEWTON,4.333299999999994,95.47234,False,3,MADERAS SORLI BENICARLO,False
COPA ESPAÑA,"FASE DE GRUPOS ""F""",AMICS CASTELLÓ,11,D. BAH,8.73333,51.3532,True,3,MADERAS SORLI BENICARLO,False
COPA ESPAÑA,"FASE DE GRUPOS ""F""",AMICS CASTELLÓ,42,F. STUTZ,8.8,70.6553,False,3,MADERAS SORLI BENICARLO,False
COPA ESPAÑA,"FASE DE GRUPOS ""G""",CACERES PATRIMONIO DE LA HUMANIDAD,14,A. MAZAIRA GOMEZ,22.6339,91.8777,False,1,SPANISH BASKETBALL ACADEMY,True
COPA ESPAÑA,"FASE DE GRUPOS ""G""",CACERES PATRIMONIO DE LA HUMANIDAD,14,A. MAZAIRA GOMEZ,28.184799999999996,85.4202,False,1,SPANISH BASKETBALL ACADEMY,True
COPA ESPAÑA,"FASE DE GRUPOS ""G""",CACERES PATRIMONIO DE LA HUMANIDAD,77,N. MARINA PARRA,23.6331,89.7844,False,1,SPANISH BASKETBALL ACADEMY,True
COPA ESPAÑA,"FASE DE GRUPOS ""G""",CACERES PATRIMONIO DE LA HUMANIDAD,7,W. LEVEQUE,14.1965,48.9809,False,1,SPANISH BASKETBALL ACADEMY,True
COPA ESPAÑA,"FASE DE GRUPOS ""G""",CACERES PATRIMONIO DE LA HUMANIDAD,24,A. LAFUENTE SISO,36.6223,67.9759,False,1,SPANISH BASKETBALL ACADEMY,True
COPA ESPAÑA,"FASE DE GRUPOS ""G""",CACERES PATRIMONIO DE LA HUMANIDAD,14,A. MAZAIRA GOMEZ,14.3075,59.7025,False,1,SPANISH BASKETBALL ACADEMY,True
COPA ESPAÑA,"FASE DE GRUPOS ""G""",CACERES PATRIMONIO DE LA HUMANIDAD,5,D. FOREMAN JR,33.0697,75.6738,True,1,SPANISH BASKETBALL ACADEMY,True
COPA ESPAÑA,"FASE DE GRUPOS ""G""",CACERES PATRIMONIO DE LA HUMANIDAD,5,D. FOREMAN JR,33.2917,81.4886,True,1,SPANISH BASKETBALL ACADEMY,True
COPA ESPAÑA,"FASE DE GRUPOS ""G""",CACERES PATRIMONIO DE LA HUMANIDAD,24,A. LAFUENTE SISO,29.295,81.6437,False,1,SPANISH BASKETBALL ACADEMY,True
COPA ESPAÑA,"FASE DE GRUPOS ""G""",CACERES PATRIMONIO DE LA HUMANIDAD,14,A. MAZAIRA GOMEZ,14.529600000000002,51.8495,True,1,SPANISH BASKETBALL ACADEMY,True
COPA ESPAÑA,"FASE DE GRUPOS ""G""",CACERES PATRIMONIO DE LA HUMANIDAD,14,A. MAZAIRA GOMEZ,19.7474,13.1842,False,1,SPANISH BASKETBALL ACADEMY,True
COPA ESPAÑA,"FASE DE GRUPOS ""G""",CACERES PATRIMONIO DE LA HUMANIDAD,14,A. MAZAIRA GOMEZ,11.087999999999994,6.959299999999999,False,1,SPANISH BASKETBALL ACADEMY,True
COPA ESPAÑA,"FASE DE GRUPOS ""G""",CACERES PATRIMONIO DE LA HUMANIDAD,24,A. LAFUENTE SISO,31.6264,15.9753,True,1,SPANISH BASKETBALL ACADEMY,True
COPA ESPAÑA,"FASE DE GRUPOS ""G""",CACERES PATRIMONIO DE LA HUMANIDAD,1,A. PALAZUELOS PEREZ,31.8485,70.8445,False,1,SPANISH BASKETBALL ACADEMY,True
COPA ESPAÑA,"FASE DE GRUPOS ""G""",CACERES PATRIMONIO DE LA HUMANIDAD,7,W. LEVEQUE,12.7533,39.9322,False,1,SPANISH BASKETBALL ACADEMY,True
COPA ESPAÑA,"FASE DE GRUPOS ""G""",CACERES PATRIMONIO DE LA HUMANIDAD,7,W. LEVEQUE,10.977000000000004,54.0204,False,1,SPANISH BASKETBALL ACADEMY,True
COPA ESPAÑA,"FASE DE GRUPOS ""G""",CACERES PATRIMONIO DE LA HUMANIDAD,7,W. LEVEQUE,12.0871,39.7772,True,1,SPANISH BASKETBALL ACADEMY,True
COPA ESPAÑA,"FASE DE GRUPOS ""G""",CACERES PATRIMONIO DE LA HUMANIDAD,7,W. LEVEQUE,10.754900000000006,54.0204,True,1,SPANISH BASKETBALL ACADEMY,True
COPA ESPAÑA,"FASE DE GRUPOS ""G""",CACERES PATRIMONIO DE LA HUMANIDAD,7,W. LEVEQUE,12.309200000000004,48.8258,True,1,SPANISH BASKETBALL ACADEMY,True
COPA ESPAÑA,"FASE DE GRUPOS ""G""",CACERES PATRIMONIO DE LA HUMANIDAD,1,A. PALAZUELOS PEREZ,28.4069,89.3967,False,1,SPANISH BASKETBALL ACADEMY,True
COPA ESPAÑA,"FASE DE GRUPOS ""G""",CACERES PATRIMONIO DE LA HUMANIDAD,14,A. MAZAIRA GOMEZ,15.6397,45.0493,True,1,SPANISH BASKETBALL ACADEMY,True
COPA ESPAÑA,"FASE DE GRUPOS ""G""",CACERES PATRIMONIO DE LA HUMANIDAD,21,M. STRIKKER,14.307500000000005,53.4001,True,1,SPANISH BASKETBALL ACADEMY,True
COPA ESPAÑA,"FASE DE GRUPOS ""G""",CACERES PATRIMONIO DE LA HUMANIDAD,0,P. MENDES LIMA,28.962000000000003,18.588899999999995,False,1,SPANISH BASKETBALL ACADEMY,True
COPA ESPAÑA,"FASE DE GRUPOS ""G""",CACERES PATRIMONIO DE LA HUMANIDAD,7,W. LEVEQUE,10.977000000000004,54.0204,True,1,SPANISH BASKETBALL ACADEMY,True
COPA ESPAÑA,"FASE DE GRUPOS ""G""",CACERES PATRIMONIO DE LA HUMANIDAD,1,A. PALAZUELOS PEREZ,15.5287,61.6408,False,1,SPANISH BASKETBALL ACADEMY,True
COPA ESPAÑA,"FASE DE GRUPOS ""G""",CACERES PATRIMONIO DE LA HUMANIDAD,0,P. MENDES LIMA,12.309200000000004,48.8258,False,1,SPANISH BASKETBALL ACADEMY,True
COPA ESPAÑA,"FASE DE GRUPOS ""G""",CACERES PATRIMONIO DE LA HUMANIDAD,0,P. MENDES LIMA,10.532899999999998,51.4619,True,1,SPANISH BASKETBALL ACADEMY,True
COPA ESPAÑA,"FASE DE GRUPOS ""G""",CACERES PATRIMONIO DE LA HUMANIDAD,5,D. FOREMAN JR,27.074700000000007,88.3664,False,1,SPANISH BASKETBALL ACADEMY,True
COPA ESPAÑA,"FASE DE GRUPOS ""G""",CACERES PATRIMONIO DE LA HUMANIDAD,21,M. STRIKKER,23.411,12.386499999999998,False,1,SPANISH BASKETBALL ACADEMY,True
COPA ESPAÑA,"FASE DE GRUPOS ""G""",CACERES PATRIMONIO DE LA HUMANIDAD,14,A. MAZAIRA GOMEZ,22.967,46.1347,False,1,SPANISH BASKETBALL ACADEMY,True
COPA ESPAÑA,"FASE DE GRUPOS ""G""",CACERES PATRIMONIO DE LA HUMANIDAD,1,A. PALAZUELOS PEREZ,17.9711,75.8289,False,1,SPANISH BASKETBALL ACADEMY,True
COPA ESPAÑA,"FASE DE GRUPOS ""G""",CACERES PATRIMONIO DE LA HUMANIDAD,7,W. LEVEQUE,15.5287,54.663,True,1,SPANISH BASKETBALL ACADEMY,True
COPA ESPAÑA,"FASE DE GRUPOS ""G""",CACERES PATRIMONIO DE LA HUMANIDAD,1,A. PALAZUELOS PEREZ,32.9586,20.9373,False,1,SPANISH BASKETBALL ACADEMY,True
COPA ESPAÑA,"FASE DE GRUPOS ""G""",CACERES PATRIMONIO DE LA HUMANIDAD,14,A. MAZAIRA GOMEZ,28.1848,81.0234,False,1,SPANISH BASKETBALL ACADEMY,True
COPA ESPAÑA,"FASE DE GRUPOS ""G""",CACERES PATRIMONIO DE LA HUMANIDAD,7,W. LEVEQUE,12.3092,41.0952,True,1,SPANISH BASKETBALL ACADEMY,True
COPA ESPAÑA,"FASE DE GRUPOS ""G""",CACERES PATRIMONIO DE LA HUMANIDAD,24,A. LAFUENTE SISO,27.9628,21.7126,False,1,SPANISH BASKETBALL ACADEMY,True
COPA ESPAÑA,"FASE DE GRUPOS ""G""",CACERES PATRIMONIO DE LA HUMANIDAD,24,A. LAFUENTE SISO,19.1923,7.05929,True,1,SPANISH BASKETBALL ACADEMY,True
COPA ESPAÑA,"FASE DE GRUPOS ""G""",CACERES PATRIMONIO DE LA HUMANIDAD,7,W. LEVEQUE,10.310900000000004,44.7167,True,1,SPANISH BASKETBALL ACADEMY,True
COPA ESPAÑA,"FASE DE GRUPOS ""G""",CACERES PATRIMONIO DE LA HUMANIDAD,1,A. PALAZUELOS PEREZ,36.0672,48.5381,False,1,SPANISH BASKETBALL ACADEMY,True
COPA ESPAÑA,"FASE DE GRUPOS ""G""",CACERES PATRIMONIO DE LA HUMANIDAD,1,A. PALAZUELOS PEREZ,10.643900000000002,94.1812,True,1,SPANISH BASKETBALL ACADEMY,True
COPA ESPAÑA,"FASE DE GRUPOS ""G""",CACERES PATRIMONIO DE LA HUMANIDAD,21,M. STRIKKER,12.3092,45.0493,True,1,SPANISH BASKETBALL ACADEMY,True
COPA ESPAÑA,"FASE DE GRUPOS ""G""",CACERES PATRIMONIO DE LA HUMANIDAD,14,A. MAZAIRA GOMEZ,13.6414,72.34,False,1,SPANISH BASKETBALL ACADEMY,True
COPA ESPAÑA,"FASE DE GRUPOS ""G""",CACERES PATRIMONIO DE LA HUMANIDAD,24,A. LAFUENTE SISO,29.8501,16.2854,False,1,SPANISH BASKETBALL ACADEMY,True
COPA ESPAÑA,"FASE DE GRUPOS ""G""",CACERES PATRIMONIO DE LA HUMANIDAD,5,D. FOREMAN JR,23.6331,89.7844,True,1,SPANISH BASKETBALL ACADEMY,True
COPA ESPAÑA,"FASE DE GRUPOS ""G""",CACERES PATRIMONIO DE LA HUMANIDAD,14,A. MAZAIRA GOMEZ,8.423500000000004,9.052700000000002,False,1,SPANISH BASKETBALL ACADEMY,True
COPA ESPAÑA,"FASE DE GRUPOS ""G""",CACERES PATRIMONIO DE LA HUMANIDAD,1,A. PALAZUELOS PEREZ,15.4177,45.3594,True,1,SPANISH BASKETBALL ACADEMY,True
COPA ESPAÑA,"FASE DE GRUPOS ""G""",CACERES PATRIMONIO DE LA HUMANIDAD,1,A. PALAZUELOS PEREZ,13.197299999999998,92.398,True,1,SPANISH BASKETBALL ACADEMY,True
COPA ESPAÑA,"FASE DE GRUPOS ""G""",CACERES PATRIMONIO DE LA HUMANIDAD,21,M. STRIKKER,15.6397,6.05139,False,1,SPANISH BASKETBALL ACADEMY,True
COPA ESPAÑA,"FASE DE GRUPOS ""G""",CACERES PATRIMONIO DE LA HUMANIDAD,14,A. MAZAIRA GOMEZ,28.0738,87.3034,True,1,SPANISH BASKETBALL ACADEMY,True
COPA ESPAÑA,"FASE DE GRUPOS ""G""",CACERES PATRIMONIO DE LA HUMANIDAD,21,M. STRIKKER,10.310900000000004,44.7167,False,1,SPANISH BASKETBALL ACADEMY,True
COPA ESPAÑA,"FASE DE GRUPOS ""G""",CACERES PATRIMONIO DE LA HUMANIDAD,14,A. MAZAIRA GOMEZ,10.7549,51.5618,False,1,SPANISH BASKETBALL ACADEMY,True
COPA ESPAÑA,"FASE DE GRUPOS ""G""",CACERES PATRIMONIO DE LA HUMANIDAD,1,A. PALAZUELOS PEREZ,33.62479999999999,45.8797,False,1,SPANISH BASKETBALL ACADEMY,True
COPA ESPAÑA,"FASE DE GRUPOS ""G""",CACERES PATRIMONIO DE LA HUMANIDAD,0,P. MENDES LIMA,9.75576,47.9179,False,1,SPANISH BASKETBALL ACADEMY,True
COPA ESPAÑA,"FASE DE GRUPOS ""G""",CACERES PATRIMONIO DE LA HUMANIDAD,0,P. MENDES LIMA,13.6414,49.8562,True,1,SPANISH BASKETBALL ACADEMY,True
COPA ESPAÑA,"FASE DE GRUPOS ""G""",CACERES PATRIMONIO DE LA HUMANIDAD,24,A. LAFUENTE SISO,12.0871,46.5223,True,1,SPANISH BASKETBALL ACADEMY,True
COPA ESPAÑA,"FASE DE GRUPOS ""G""",CACERES PATRIMONIO DE LA HUMANIDAD,24,A. LAFUENTE SISO,15.861800000000002,52.2372,False,1,SPANISH BASKETBALL ACADEMY,True
COPA ESPAÑA,"FASE DE GRUPOS ""G""",CACERES PATRIMONIO DE LA HUMANIDAD,14,A. MAZAIRA GOMEZ,18.637200000000007,4.245800000000003,True,1,SPANISH BASKETBALL ACADEMY,True
COPA ESPAÑA,"FASE DE GRUPOS ""G""",CACERES PATRIMONIO DE LA HUMANIDAD,0,P. MENDES LIMA,19.525400000000005,48.8258,True,1,SPANISH BASKETBALL ACADEMY,True
COPA ESPAÑA,"FASE DE GRUPOS ""G""",CACERES PATRIMONIO DE LA HUMANIDAD,21,M. STRIKKER,14.3075,46.2122,False,1,SPANISH BASKETBALL ACADEMY,True
COPA ESPAÑA,"FASE DE GRUPOS ""G""",CACERES PATRIMONIO DE LA HUMANIDAD,5,D. FOREMAN JR,10.532899999999998,47.1977,True,1,SPANISH BASKETBALL ACADEMY,True
COPA ESPAÑA,"FASE DE GRUPOS ""G""",CACERES PATRIMONIO DE LA HUMANIDAD,5,D. FOREMAN JR,27.8518,82.574,False,1,SPANISH BASKETBALL ACADEMY,True
COPA ESPAÑA,"FASE DE GRUPOS ""G""",CACERES PATRIMONIO DE LA HUMANIDAD,14,A. MAZAIRA GOMEZ,10.532899999999998,54.408,True,1,SPANISH BASKETBALL ACADEMY,True
COPA ESPAÑA,"FASE DE GRUPOS ""G""",CACERES PATRIMONIO DE LA HUMANIDAD,1,A. PALAZUELOS PEREZ,8.423500000000004,6.881799999999998,False,1,SPANISH BASKETBALL ACADEMY,True
COPA ESPAÑA,"FASE DE GRUPOS ""G""",CACERES PATRIMONIO DE LA HUMANIDAD,7,W. LEVEQUE,10.977000000000004,54.0204,False,1,SPANISH BASKETBALL ACADEMY,True
COPA ESPAÑA,"FASE DE GRUPOS ""G""",CACERES PATRIMONIO DE LA HUMANIDAD,0,P. MENDES LIMA,21.6347,90.7923,False,1,SPANISH BASKETBALL ACADEMY,True
COPA ESPAÑA,"FASE DE GRUPOS ""G""",SPANISH BASKETBALL ACADEMY,33,D. SIMEUNOVIC,11.088,15.5101,True,1,CACERES PATRIMONIO DE LA HUMANIDAD,False
COPA ESPAÑA,"FASE DE GRUPOS ""G""",SPANISH BASKETBALL ACADEMY,99,R. GARCIA SALAME,13.197299999999998,53.8653,True,1,CACERES PATRIMONIO DE LA HUMANIDAD,False
COPA ESPAÑA,"FASE DE GRUPOS ""G""",SPANISH BASKETBALL ACADEMY,6,J. PUIDET,11.9761,47.3752,True,1,CACERES PATRIMONIO DE LA HUMANIDAD,False
COPA ESPAÑA,"FASE DE GRUPOS ""G""",SPANISH BASKETBALL ACADEMY,19,L. SAVIKJEVIKJ,32.625600000000006,76.5042,True,1,CACERES PATRIMONIO DE LA HUMANIDAD,False
COPA ESPAÑA,"FASE DE GRUPOS ""G""",SPANISH BASKETBALL ACADEMY,2,E. ARQUES LOPEZ,12.309200000000004,53.09,False,1,CACERES PATRIMONIO DE LA HUMANIDAD,False
COPA ESPAÑA,"FASE DE GRUPOS ""G""",SPANISH BASKETBALL ACADEMY,33,D. SIMEUNOVIC,33.5137,65.5949,False,1,CACERES PATRIMONIO DE LA HUMANIDAD,False
COPA ESPAÑA,"FASE DE GRUPOS ""G""",SPANISH BASKETBALL ACADEMY,21,A. MORENO TRUJILLO,26.5196,11.3235,False,1,CACERES PATRIMONIO DE LA HUMANIDAD,False
COPA ESPAÑA,"FASE DE GRUPOS ""G""",SPANISH BASKETBALL ACADEMY,7,S. TRAORE,36.6223,49.4685,True,1,CACERES PATRIMONIO DE LA HUMANIDAD,False
COPA ESPAÑA,"FASE DE GRUPOS ""G""",SPANISH BASKETBALL ACADEMY,21,A. MORENO TRUJILLO,28.406899999999993,83.482,True,1,CACERES PATRIMONIO DE LA HUMANIDAD,False
COPA ESPAÑA,"FASE DE GRUPOS ""G""",SPANISH BASKETBALL ACADEMY,19,L. SAVIKJEVIKJ,16.861,47.6853,False,1,CACERES PATRIMONIO DE LA HUMANIDAD,False
COPA ESPAÑA,"FASE DE GRUPOS ""G""",SPANISH BASKETBALL ACADEMY,2,E. ARQUES LOPEZ,13.974500000000006,36.0333,False,1,CACERES PATRIMONIO DE LA HUMANIDAD,False
COPA ESPAÑA,"FASE DE GRUPOS ""G""",SPANISH BASKETBALL ACADEMY,19,L. SAVIKJEVIKJ,29.183999999999997,78.98519999999999,False,1,CACERES PATRIMONIO DE LA HUMANIDAD,False
COPA ESPAÑA,"FASE DE GRUPOS ""G""",SPANISH BASKETBALL ACADEMY,33,D. SIMEUNOVIC,12.975300000000004,53.2451,True,1,CACERES PATRIMONIO DE LA HUMANIDAD,False
COPA ESPAÑA,"FASE DE GRUPOS ""G""",SPANISH BASKETBALL ACADEMY,21,A. MORENO TRUJILLO,22.1898,95.5992,False,1,CACERES PATRIMONIO DE LA HUMANIDAD,False
COPA ESPAÑA,"FASE DE GRUPOS ""G""",SPANISH BASKETBALL ACADEMY,33,D. SIMEUNOVIC,9.311700000000002,51.4619,True,1,CACERES PATRIMONIO DE LA HUMANIDAD,False
COPA ESPAÑA,"FASE DE GRUPOS ""G""",SPANISH BASKETBALL ACADEMY,33,D. SIMEUNOVIC,10.0888,45.3594,True,1,CACERES PATRIMONIO DE LA HUMANIDAD,False
COPA ESPAÑA,"FASE DE GRUPOS ""G""",SPANISH BASKETBALL ACADEMY,99,R. GARCIA SALAME,34.5129,33.4197,False,1,CACERES PATRIMONIO DE LA HUMANIDAD,False
COPA ESPAÑA,"FASE DE GRUPOS ""G""",SPANISH BASKETBALL ACADEMY,33,D. SIMEUNOVIC,14.0855,25.434,False,1,CACERES PATRIMONIO DE LA HUMANIDAD,False
COPA ESPAÑA,"FASE DE GRUPOS ""G""",SPANISH BASKETBALL ACADEMY,33,D. SIMEUNOVIC,15.3067,90.7148,False,1,CACERES PATRIMONIO DE LA HUMANIDAD,False
COPA ESPAÑA,"FASE DE GRUPOS ""G""",SPANISH BASKETBALL ACADEMY,33,D. SIMEUNOVIC,10.8659,47.9179,True,1,CACERES PATRIMONIO DE LA HUMANIDAD,False
COPA ESPAÑA,"FASE DE GRUPOS ""G""",SPANISH BASKETBALL ACADEMY,21,A. MORENO TRUJILLO,10.977,42.7233,True,1,CACERES PATRIMONIO DE LA HUMANIDAD,False
COPA ESPAÑA,"FASE DE GRUPOS ""G""",SPANISH BASKETBALL ACADEMY,33,D. SIMEUNOVIC,10.310900000000004,71.30969999999999,False,1,CACERES PATRIMONIO DE LA HUMANIDAD,False
COPA ESPAÑA,"FASE DE GRUPOS ""G""",SPANISH BASKETBALL ACADEMY,99,R. GARCIA SALAME,38.1765,46.91,False,1,CACERES PATRIMONIO DE LA HUMANIDAD,False
COPA ESPAÑA,"FASE DE GRUPOS ""G""",SPANISH BASKETBALL ACADEMY,6,J. PUIDET,27.185699999999997,16.6507,False,1,CACERES PATRIMONIO DE LA HUMANIDAD,False
COPA ESPAÑA,"FASE DE GRUPOS ""G""",SPANISH BASKETBALL ACADEMY,6,J. PUIDET,33.402699999999996,49.9113,True,1,CACERES PATRIMONIO DE LA HUMANIDAD,False
COPA ESPAÑA,"FASE DE GRUPOS ""G""",SPANISH BASKETBALL ACADEMY,19,L. SAVIKJEVIKJ,18.6372,46.3673,True,1,CACERES PATRIMONIO DE LA HUMANIDAD,False
COPA ESPAÑA,"FASE DE GRUPOS ""G""",SPANISH BASKETBALL ACADEMY,33,D. SIMEUNOVIC,24.743300000000005,11.998800000000003,False,1,CACERES PATRIMONIO DE LA HUMANIDAD,False
COPA ESPAÑA,"FASE DE GRUPOS ""G""",SPANISH BASKETBALL ACADEMY,33,D. SIMEUNOVIC,10.7549,46.3673,True,1,CACERES PATRIMONIO DE LA HUMANIDAD,False
COPA ESPAÑA,"FASE DE GRUPOS ""G""",SPANISH BASKETBALL ACADEMY,2,E. ARQUES LOPEZ,34.4019,57.5093,False,1,CACERES PATRIMONIO DE LA HUMANIDAD,False
COPA ESPAÑA,"FASE DE GRUPOS ""G""",SPANISH BASKETBALL ACADEMY,6,J. PUIDET,10.199799999999996,4.013199999999998,False,1,CACERES PATRIMONIO DE LA HUMANIDAD,False
COPA ESPAÑA,"FASE DE GRUPOS ""G""",SPANISH BASKETBALL ACADEMY,6,J. PUIDET,32.8476,28.202699999999993,False,1,CACERES PATRIMONIO DE LA HUMANIDAD,False
COPA ESPAÑA,"FASE DE GRUPOS ""G""",SPANISH BASKETBALL ACADEMY,6,J. PUIDET,20.857600000000005,10.758300000000006,False,1,CACERES PATRIMONIO DE LA HUMANIDAD,False
COPA ESPAÑA,"FASE DE GRUPOS ""G""",SPANISH BASKETBALL ACADEMY,7,S. TRAORE,13.641400000000004,52.6248,True,1,CACERES PATRIMONIO DE LA HUMANIDAD,False
COPA ESPAÑA,"FASE DE GRUPOS ""G""",SPANISH BASKETBALL ACADEMY,99,R. GARCIA SALAME,33.4027,47.1426,False,1,CACERES PATRIMONIO DE LA HUMANIDAD,False
COPA ESPAÑA,"FASE DE GRUPOS ""G""",SPANISH BASKETBALL ACADEMY,21,A. MORENO TRUJILLO,12.753299999999996,4.013199999999998,True,1,CACERES PATRIMONIO DE LA HUMANIDAD,False
COPA ESPAÑA,"FASE DE GRUPOS ""G""",SPANISH BASKETBALL ACADEMY,99,R. GARCIA SALAME,18.5262,29.3106,False,1,CACERES PATRIMONIO DE LA HUMANIDAD,False
COPA ESPAÑA,"FASE DE GRUPOS ""G""",SPANISH BASKETBALL ACADEMY,2,E. ARQUES LOPEZ,7.313299999999998,53.09,True,1,CACERES PATRIMONIO DE LA HUMANIDAD,False
COPA ESPAÑA,"FASE DE GRUPOS ""G""",SPANISH BASKETBALL ACADEMY,21,A. MORENO TRUJILLO,25.4094,49.6236,False,1,CACERES PATRIMONIO DE LA HUMANIDAD,False
COPA ESPAÑA,"FASE DE GRUPOS ""G""",SPANISH BASKETBALL ACADEMY,33,D. SIMEUNOVIC,10.199799999999996,54.0204,True,1,CACERES PATRIMONIO DE LA HUMANIDAD,False
COPA ESPAÑA,"FASE DE GRUPOS ""G""",SPANISH BASKETBALL ACADEMY,15,J. SANTANO BARTOLOME,14.8626,40.1648,True,1,CACERES PATRIMONIO DE LA HUMANIDAD,False
COPA ESPAÑA,"FASE DE GRUPOS ""G""",SPANISH BASKETBALL ACADEMY,1,J. ORTEGA MORA,29.5171,79.5503,True,1,CACERES PATRIMONIO DE LA HUMANIDAD,False
COPA ESPAÑA,"FASE DE GRUPOS ""G""",SPANISH BASKETBALL ACADEMY,21,A. MORENO TRUJILLO,15.084699999999998,6.881799999999998,False,1,CACERES PATRIMONIO DE LA HUMANIDAD,False
COPA ESPAÑA,"FASE DE GRUPOS ""G""",SPANISH BASKETBALL ACADEMY,2,E. ARQUES LOPEZ,12.0871,49.3134,True,1,CACERES PATRIMONIO DE LA HUMANIDAD,False
COPA ESPAÑA,"FASE DE GRUPOS ""G""",SPANISH BASKETBALL ACADEMY,6,J. PUIDET,28.406899999999993,76.6593,False,1,CACERES PATRIMONIO DE LA HUMANIDAD,False
COPA ESPAÑA,"FASE DE GRUPOS ""G""",SPANISH BASKETBALL ACADEMY,99,R. GARCIA SALAME,34.1798,42.7233,False,1,CACERES PATRIMONIO DE LA HUMANIDAD,False
COPA ESPAÑA,"FASE DE GRUPOS ""G""",SPANISH BASKETBALL ACADEMY,33,D. SIMEUNOVIC,10.6439,47.6853,True,1,CACERES PATRIMONIO DE LA HUMANIDAD,False
COPA ESPAÑA,"FASE DE GRUPOS ""G""",SPANISH BASKETBALL ACADEMY,33,D. SIMEUNOVIC,17.5271,82.9617,False,1,CACERES PATRIMONIO DE LA HUMANIDAD,False
COPA ESPAÑA,"FASE DE GRUPOS ""G""",SPANISH BASKETBALL ACADEMY,21,A. MORENO TRUJILLO,10.088800000000006,44.4841,False,1,CACERES PATRIMONIO DE LA HUMANIDAD,False
COPA ESPAÑA,"FASE DE GRUPOS ""G""",SPANISH BASKETBALL ACADEMY,6,J. PUIDET,29.5171,13.4168,False,1,CACERES PATRIMONIO DE LA HUMANIDAD,False
COPA ESPAÑA,"FASE DE GRUPOS ""G""",SPANISH BASKETBALL ACADEMY,33,D. SIMEUNOVIC,10.754900000000006,53.09,True,1,CACERES PATRIMONIO DE LA HUMANIDAD,False
COPA ESPAÑA,"FASE DE GRUPOS ""G""",SPANISH BASKETBALL ACADEMY,21,A. MORENO TRUJILLO,39.6198,67.9208,False,1,CACERES PATRIMONIO DE LA HUMANIDAD,False
COPA ESPAÑA,"FASE DE GRUPOS ""G""",SPANISH BASKETBALL ACADEMY,2,E. ARQUES LOPEZ,10.088800000000006,3.858099999999993,True,1,CACERES PATRIMONIO DE LA HUMANIDAD,False
COPA ESPAÑA,"FASE DE GRUPOS ""G""",SPANISH BASKETBALL ACADEMY,15,J. SANTANO BARTOLOME,14.529600000000002,92.398,False,1,CACERES PATRIMONIO DE LA HUMANIDAD,False
COPA ESPAÑA,"FASE DE GRUPOS ""G""",SPANISH BASKETBALL ACADEMY,21,A. MORENO TRUJILLO,14.1965,84.2022,False,1,CACERES PATRIMONIO DE LA HUMANIDAD,False
COPA ESPAÑA,"FASE DE GRUPOS ""G""",SPANISH BASKETBALL ACADEMY,19,L. SAVIKJEVIKJ,28.2959,75.9839,True,1,CACERES PATRIMONIO DE LA HUMANIDAD,False
COPA ESPAÑA,"FASE DE GRUPOS ""G""",SPANISH BASKETBALL ACADEMY,21,A. MORENO TRUJILLO,12.9753,51.2517,False,1,CACERES PATRIMONIO DE LA HUMANIDAD,False
COPA ESPAÑA,"FASE DE GRUPOS ""G""",SPANISH BASKETBALL ACADEMY,6,J. PUIDET,14.8626,93.94861,False,1,CACERES PATRIMONIO DE LA HUMANIDAD,False
COPA ESPAÑA,"FASE DE GRUPOS ""G""",SPANISH BASKETBALL ACADEMY,21,A. MORENO TRUJILLO,10.6439,42.6458,True,1,CACERES PATRIMONIO DE LA HUMANIDAD,False
COPA ESPAÑA,"FASE DE GRUPOS ""G""",SPANISH BASKETBALL ACADEMY,2,E. ARQUES LOPEZ,12.7533,48.8483,False,1,CACERES PATRIMONIO DE LA HUMANIDAD,False
COPA ESPAÑA,"FASE DE GRUPOS ""G""",SPANISH BASKETBALL ACADEMY,6,J. PUIDET,14.418499999999995,47.4303,True,1,CACERES PATRIMONIO DE LA HUMANIDAD,False
COPA ESPAÑA,"FASE DE GRUPOS ""G""",SPANISH BASKETBALL ACADEMY,99,R. GARCIA SALAME,27.8518,32.4118,False,1,CACERES PATRIMONIO DE LA HUMANIDAD,False
COPA ESPAÑA,"FASE DE GRUPOS ""G""",SPANISH BASKETBALL ACADEMY,33,D. SIMEUNOVIC,10.0888,31.4039,False,1,CACERES PATRIMONIO DE LA HUMANIDAD,False
COPA ESPAÑA,"FASE DE GRUPOS ""G""",SPANISH BASKETBALL ACADEMY,21,A. MORENO TRUJILLO,37.7324,63.0363,False,1,CACERES PATRIMONIO DE LA HUMANIDAD,False
COPA ESPAÑA,"FASE DE GRUPOS ""G""",SPANISH BASKETBALL ACADEMY,21,A. MORENO TRUJILLO,36.6223,49.4685,False,1,CACERES PATRIMONIO DE LA HUMANIDAD,False
COPA ESPAÑA,"FASE DE GRUPOS ""G""",SPANISH BASKETBALL ACADEMY,33,D. SIMEUNOVIC,26.9636,82.0864,False,1,CACERES PATRIMONIO DE LA HUMANIDAD,False
COPA ESPAÑA,"FASE DE GRUPOS ""G""",SPANISH BASKETBALL ACADEMY,2,E. ARQUES LOPEZ,14.7516,44.6616,False,1,CACERES PATRIMONIO DE LA HUMANIDAD,False
COPA ESPAÑA,"FASE DE GRUPOS ""G""",SPANISH BASKETBALL ACADEMY,6,J. PUIDET,12.531199999999998,63.7117,True,1,CACERES PATRIMONIO DE LA HUMANIDAD,False
COPA ESPAÑA,"FASE DE GRUPOS ""G""",SPANISH BASKETBALL ACADEMY,21,A. MORENO TRUJILLO,34.1798,64.9746,True,1,CACERES PATRIMONIO DE LA HUMANIDAD,False
COPA ESPAÑA,"FASE DE GRUPOS ""G""",CACERES PATRIMONIO DE LA HUMANIDAD,5,D. FOREMAN JR,10.6944,38.5993,False,2,CLUB BALONCESTO TOLEDO BASKET,True
COPA ESPAÑA,"FASE DE GRUPOS ""G""",CACERES PATRIMONIO DE LA HUMANIDAD,21,M. STRIKKER,11.5972,49.0248,True,2,CLUB BALONCESTO TOLEDO BASKET,True
COPA ESPAÑA,"FASE DE GRUPOS ""G""",CACERES PATRIMONIO DE LA HUMANIDAD,24,A. LAFUENTE SISO,10.5556,54.734,False,2,CLUB BALONCESTO TOLEDO BASKET,True
COPA ESPAÑA,"FASE DE GRUPOS ""G""",CACERES PATRIMONIO DE LA HUMANIDAD,7,W. LEVEQUE,8.61111,41.3298,False,2,CLUB BALONCESTO TOLEDO BASKET,True
COPA ESPAÑA,"FASE DE GRUPOS ""G""",CACERES PATRIMONIO DE LA HUMANIDAD,14,A. MAZAIRA GOMEZ,34.7917,21.9681,False,2,CLUB BALONCESTO TOLEDO BASKET,True
COPA ESPAÑA,"FASE DE GRUPOS ""G""",CACERES PATRIMONIO DE LA HUMANIDAD,7,W. LEVEQUE,11.3194,47.4113,True,2,CLUB BALONCESTO TOLEDO BASKET,True
COPA ESPAÑA,"FASE DE GRUPOS ""G""",CACERES PATRIMONIO DE LA HUMANIDAD,5,D. FOREMAN JR,25.2778,11.631200000000007,False,2,CLUB BALONCESTO TOLEDO BASKET,True
COPA ESPAÑA,"FASE DE GRUPOS ""G""",CACERES PATRIMONIO DE LA HUMANIDAD,21,M. STRIKKER,9.72222,42.5709,True,2,CLUB BALONCESTO TOLEDO BASKET,True
COPA ESPAÑA,"FASE DE GRUPOS ""G""",CACERES PATRIMONIO DE LA HUMANIDAD,24,A. LAFUENTE SISO,11.805599999999998,72.81909999999999,False,2,CLUB BALONCESTO TOLEDO BASKET,True
COPA ESPAÑA,"FASE DE GRUPOS ""G""",CACERES PATRIMONIO DE LA HUMANIDAD,7,W. LEVEQUE,16.111099999999993,59.7872,False,2,CLUB BALONCESTO TOLEDO BASKET,True
COPA ESPAÑA,"FASE DE GRUPOS ""G""",CACERES PATRIMONIO DE LA HUMANIDAD,24,A. LAFUENTE SISO,36.1111,37.1986,True,2,CLUB BALONCESTO TOLEDO BASKET,True
COPA ESPAÑA,"FASE DE GRUPOS ""G""",CACERES PATRIMONIO DE LA HUMANIDAD,14,A. MAZAIRA GOMEZ,19.7222,35.2128,False,2,CLUB BALONCESTO TOLEDO BASKET,True
COPA ESPAÑA,"FASE DE GRUPOS ""G""",CACERES PATRIMONIO DE LA HUMANIDAD,21,M. STRIKKER,29.6528,16.347499999999997,False,2,CLUB BALONCESTO TOLEDO BASKET,True
COPA ESPAÑA,"FASE DE GRUPOS ""G""",CACERES PATRIMONIO DE LA HUMANIDAD,1,A. PALAZUELOS PEREZ,30.3472,79.6809,False,2,CLUB BALONCESTO TOLEDO BASKET,True
COPA ESPAÑA,"FASE DE GRUPOS ""G""",CACERES PATRIMONIO DE LA HUMANIDAD,7,W. LEVEQUE,29.6528,16.347499999999997,True,2,CLUB BALONCESTO TOLEDO BASKET,True
COPA ESPAÑA,"FASE DE GRUPOS ""G""",CACERES PATRIMONIO DE LA HUMANIDAD,21,M. STRIKKER,21.8056,5.08865,False,2,CLUB BALONCESTO TOLEDO BASKET,True
COPA ESPAÑA,"FASE DE GRUPOS ""G""",CACERES PATRIMONIO DE LA HUMANIDAD,14,A. MAZAIRA GOMEZ,26.3194,87.8723,False,2,CLUB BALONCESTO TOLEDO BASKET,True
COPA ESPAÑA,"FASE DE GRUPOS ""G""",CACERES PATRIMONIO DE LA HUMANIDAD,21,M. STRIKKER,12.6389,42.3227,True,2,CLUB BALONCESTO TOLEDO BASKET,True
COPA ESPAÑA,"FASE DE GRUPOS ""G""",CACERES PATRIMONIO DE LA HUMANIDAD,24,A. LAFUENTE SISO,34.166700000000006,31.117000000000004,False,2,CLUB BALONCESTO TOLEDO BASKET,True
COPA ESPAÑA,"FASE DE GRUPOS ""G""",CACERES PATRIMONIO DE LA HUMANIDAD,7,W. LEVEQUE,10.9722,54.078,True,2,CLUB BALONCESTO TOLEDO BASKET,True
COPA ESPAÑA,"FASE DE GRUPOS ""G""",CACERES PATRIMONIO DE LA HUMANIDAD,21,M. STRIKKER,6.736099999999993,48.3688,True,2,CLUB BALONCESTO TOLEDO BASKET,True
COPA ESPAÑA,"FASE DE GRUPOS ""G""",CACERES PATRIMONIO DE LA HUMANIDAD,24,A. LAFUENTE SISO,17.083299999999994,61.0284,False,2,CLUB BALONCESTO TOLEDO BASKET,True
COPA ESPAÑA,"FASE DE GRUPOS ""G""",CACERES PATRIMONIO DE LA HUMANIDAD,7,W. LEVEQUE,9.51389,40.3369,False,2,CLUB BALONCESTO TOLEDO BASKET,True
COPA ESPAÑA,"FASE DE GRUPOS ""G""",CACERES PATRIMONIO DE LA HUMANIDAD,77,N. MARINA PARRA,10.625,51.0993,False,2,CLUB BALONCESTO TOLEDO BASKET,True
COPA ESPAÑA,"FASE DE GRUPOS ""G""",CACERES PATRIMONIO DE LA HUMANIDAD,11,L. GARCIA PEREZ,26.875,89.9468,False,2,CLUB BALONCESTO TOLEDO BASKET,True
COPA ESPAÑA,"FASE DE GRUPOS ""G""",CACERES PATRIMONIO DE LA HUMANIDAD,11,L. GARCIA PEREZ,11.458299999999994,55.5674,False,2,CLUB BALONCESTO TOLEDO BASKET,True
COPA ESPAÑA,"FASE DE GRUPOS ""G""",CACERES PATRIMONIO DE LA HUMANIDAD,5,D. FOREMAN JR,12.2222,46.1702,False,2,CLUB BALONCESTO TOLEDO BASKET,True
COPA ESPAÑA,"FASE DE GRUPOS ""G""",CACERES PATRIMONIO DE LA HUMANIDAD,14,A. MAZAIRA GOMEZ,14.4444,32.8901,True,2,CLUB BALONCESTO TOLEDO BASKET,True
COPA ESPAÑA,"FASE DE GRUPOS ""G""",CACERES PATRIMONIO DE LA HUMANIDAD,24,A. LAFUENTE SISO,8.4722,44.7695,True,2,CLUB BALONCESTO TOLEDO BASKET,True
COPA ESPAÑA,"FASE DE GRUPOS ""G""",CACERES PATRIMONIO DE LA HUMANIDAD,24,A. LAFUENTE SISO,23.5417,37.9787,False,2,CLUB BALONCESTO TOLEDO BASKET,True
COPA ESPAÑA,"FASE DE GRUPOS ""G""",CACERES PATRIMONIO DE LA HUMANIDAD,24,A. LAFUENTE SISO,13.611099999999993,59.1667,False,2,CLUB BALONCESTO TOLEDO BASKET,True
COPA ESPAÑA,"FASE DE GRUPOS ""G""",CACERES PATRIMONIO DE LA HUMANIDAD,1,A. PALAZUELOS PEREZ,34.375,59.1667,True,2,CLUB BALONCESTO TOLEDO BASKET,True
COPA ESPAÑA,"FASE DE GRUPOS ""G""",CACERES PATRIMONIO DE LA HUMANIDAD,7,W. LEVEQUE,13.125,53.4574,False,2,CLUB BALONCESTO TOLEDO BASKET,True
COPA ESPAÑA,"FASE DE GRUPOS ""G""",CACERES PATRIMONIO DE LA HUMANIDAD,7,W. LEVEQUE,12.6389,52.0035,True,2,CLUB BALONCESTO TOLEDO BASKET,True
COPA ESPAÑA,"FASE DE GRUPOS ""G""",CACERES PATRIMONIO DE LA HUMANIDAD,1,A. PALAZUELOS PEREZ,22.1528,91.80851,False,2,CLUB BALONCESTO TOLEDO BASKET,True
COPA ESPAÑA,"FASE DE GRUPOS ""G""",CACERES PATRIMONIO DE LA HUMANIDAD,21,M. STRIKKER,11.3194,44.805,True,2,CLUB BALONCESTO TOLEDO BASKET,True
COPA ESPAÑA,"FASE DE GRUPOS ""G""",CACERES PATRIMONIO DE LA HUMANIDAD,0,P. MENDES LIMA,9.583299999999994,54.4504,False,2,CLUB BALONCESTO TOLEDO BASKET,True
COPA ESPAÑA,"FASE DE GRUPOS ""G""",CACERES PATRIMONIO DE LA HUMANIDAD,14,A. MAZAIRA GOMEZ,14.5139,70.4965,True,2,CLUB BALONCESTO TOLEDO BASKET,True
COPA ESPAÑA,"FASE DE GRUPOS ""G""",CACERES PATRIMONIO DE LA HUMANIDAD,77,N. MARINA PARRA,28.5417,83.156,False,2,CLUB BALONCESTO TOLEDO BASKET,True
COPA ESPAÑA,"FASE DE GRUPOS ""G""",CACERES PATRIMONIO DE LA HUMANIDAD,1,A. PALAZUELOS PEREZ,10.1389,54.6099,True,2,CLUB BALONCESTO TOLEDO BASKET,True
COPA ESPAÑA,"FASE DE GRUPOS ""G""",CACERES PATRIMONIO DE LA HUMANIDAD,21,M. STRIKKER,31.8056,86.7553,False,2,CLUB BALONCESTO TOLEDO BASKET,True
COPA ESPAÑA,"FASE DE GRUPOS ""G""",CACERES PATRIMONIO DE LA HUMANIDAD,0,P. MENDES LIMA,11.041700000000006,67.3582,False,2,CLUB BALONCESTO TOLEDO BASKET,True
COPA ESPAÑA,"FASE DE GRUPOS ""G""",CACERES PATRIMONIO DE LA HUMANIDAD,1,A. PALAZUELOS PEREZ,20.0,91.6844,False,2,CLUB BALONCESTO TOLEDO BASKET,True
COPA ESPAÑA,"FASE DE GRUPOS ""G""",CACERES PATRIMONIO DE LA HUMANIDAD,0,P. MENDES LIMA,35.0,25.3191,False,2,CLUB BALONCESTO TOLEDO BASKET,True
COPA ESPAÑA,"FASE DE GRUPOS ""G""",CACERES PATRIMONIO DE LA HUMANIDAD,77,N. MARINA PARRA,14.7222,35.1241,False,2,CLUB BALONCESTO TOLEDO BASKET,True
COPA ESPAÑA,"FASE DE GRUPOS ""G""",CACERES PATRIMONIO DE LA HUMANIDAD,77,N. MARINA PARRA,21.875,58.7943,True,2,CLUB BALONCESTO TOLEDO BASKET,True
COPA ESPAÑA,"FASE DE GRUPOS ""G""",CACERES PATRIMONIO DE LA HUMANIDAD,21,M. STRIKKER,7.013900000000007,53.9539,True,2,CLUB BALONCESTO TOLEDO BASKET,True
COPA ESPAÑA,"FASE DE GRUPOS ""G""",CACERES PATRIMONIO DE LA HUMANIDAD,21,M. STRIKKER,22.4306,67.8546,False,2,CLUB BALONCESTO TOLEDO BASKET,True
COPA ESPAÑA,"FASE DE GRUPOS ""G""",CACERES PATRIMONIO DE LA HUMANIDAD,0,P. MENDES LIMA,8.333299999999994,53.7057,True,2,CLUB BALONCESTO TOLEDO BASKET,True
COPA ESPAÑA,"FASE DE GRUPOS ""G""",CACERES PATRIMONIO DE LA HUMANIDAD,14,A. MAZAIRA GOMEZ,18.958299999999994,37.0745,True,2,CLUB BALONCESTO TOLEDO BASKET,True
COPA ESPAÑA,"FASE DE GRUPOS ""G""",CACERES PATRIMONIO DE LA HUMANIDAD,21,M. STRIKKER,12.013900000000007,62.1454,True,2,CLUB BALONCESTO TOLEDO BASKET,True
COPA ESPAÑA,"FASE DE GRUPOS ""G""",CACERES PATRIMONIO DE LA HUMANIDAD,0,P. MENDES LIMA,20.9028,53.4574,False,2,CLUB BALONCESTO TOLEDO BASKET,True
COPA ESPAÑA,"FASE DE GRUPOS ""G""",CACERES PATRIMONIO DE LA HUMANIDAD,5,D. FOREMAN JR,16.458299999999994,48.2447,False,2,CLUB BALONCESTO TOLEDO BASKET,True
COPA ESPAÑA,"FASE DE GRUPOS ""G""",CACERES PATRIMONIO DE LA HUMANIDAD,24,A. LAFUENTE SISO,23.4722,49.1135,True,2,CLUB BALONCESTO TOLEDO BASKET,True
COPA ESPAÑA,"FASE DE GRUPOS ""G""",CACERES PATRIMONIO DE LA HUMANIDAD,14,A. MAZAIRA GOMEZ,10.9722,55.6915,True,2,CLUB BALONCESTO TOLEDO BASKET,True
COPA ESPAÑA,"FASE DE GRUPOS ""G""",CACERES PATRIMONIO DE LA HUMANIDAD,77,N. MARINA PARRA,13.9583,34.3794,False,2,CLUB BALONCESTO TOLEDO BASKET,True
COPA ESPAÑA,"FASE DE GRUPOS ""G""",CACERES PATRIMONIO DE LA HUMANIDAD,7,W. LEVEQUE,36.0417,27.4291,True,2,CLUB BALONCESTO TOLEDO BASKET,True
COPA ESPAÑA,"FASE DE GRUPOS ""G""",CACERES PATRIMONIO DE LA HUMANIDAD,1,A. PALAZUELOS PEREZ,28.958299999999994,83.1206,False,2,CLUB BALONCESTO TOLEDO BASKET,True
COPA ESPAÑA,"FASE DE GRUPOS ""G""",CACERES PATRIMONIO DE LA HUMANIDAD,21,M. STRIKKER,10.625,46.9149,True,2,CLUB BALONCESTO TOLEDO BASKET,True
COPA ESPAÑA,"FASE DE GRUPOS ""G""",CACERES PATRIMONIO DE LA HUMANIDAD,1,A. PALAZUELOS PEREZ,36.1111,48.6525,False,2,CLUB BALONCESTO TOLEDO BASKET,True
COPA ESPAÑA,"FASE DE GRUPOS ""G""",CACERES PATRIMONIO DE LA HUMANIDAD,7,W. LEVEQUE,11.3194,47.4113,False,2,CLUB BALONCESTO TOLEDO BASKET,True
COPA ESPAÑA,"FASE DE GRUPOS ""G""",CACERES PATRIMONIO DE LA HUMANIDAD,0,P. MENDES LIMA,30.9722,82.4113,False,2,CLUB BALONCESTO TOLEDO BASKET,True
COPA ESPAÑA,"FASE DE GRUPOS ""G""",CACERES PATRIMONIO DE LA HUMANIDAD,5,D. FOREMAN JR,24.7917,90.6028,False,2,CLUB BALONCESTO TOLEDO BASKET,True
COPA ESPAÑA,"FASE DE GRUPOS ""G""",CACERES PATRIMONIO DE LA HUMANIDAD,14,A. MAZAIRA GOMEZ,25.1389,9.06028,False,2,CLUB BALONCESTO TOLEDO BASKET,True
COPA ESPAÑA,"FASE DE GRUPOS ""G""",CACERES PATRIMONIO DE LA HUMANIDAD,14,A. MAZAIRA GOMEZ,30.5556,80.4255,False,2,CLUB BALONCESTO TOLEDO BASKET,True
COPA ESPAÑA,"FASE DE GRUPOS ""G""",CACERES PATRIMONIO DE LA HUMANIDAD,77,N. MARINA PARRA,32.7778,77.1986,False,2,CLUB BALONCESTO TOLEDO BASKET,True
COPA ESPAÑA,"FASE DE GRUPOS ""G""",CACERES PATRIMONIO DE LA HUMANIDAD,7,W. LEVEQUE,22.5,50.0177,False,2,CLUB BALONCESTO TOLEDO BASKET,True
COPA ESPAÑA,"FASE DE GRUPOS ""G""",CACERES PATRIMONIO DE LA HUMANIDAD,7,W. LEVEQUE,10.9722,55.6915,False,2,CLUB BALONCESTO TOLEDO BASKET,True
COPA ESPAÑA,"FASE DE GRUPOS ""G""",CACERES PATRIMONIO DE LA HUMANIDAD,21,M. STRIKKER,32.01390000000001,23.794300000000007,False,2,CLUB BALONCESTO TOLEDO BASKET,True
COPA ESPAÑA,"FASE DE GRUPOS ""G""",CACERES PATRIMONIO DE LA HUMANIDAD,7,W. LEVEQUE,13.125,53.4574,True,2,CLUB BALONCESTO TOLEDO BASKET,True
COPA ESPAÑA,"FASE DE GRUPOS ""G""",CLUB BALONCESTO TOLEDO BASKET,1,M. SERRANO ALVAREZ,7.708299999999994,47.5,True,2,CACERES PATRIMONIO DE LA HUMANIDAD,False
COPA ESPAÑA,"FASE DE GRUPOS ""G""",CLUB BALONCESTO TOLEDO BASKET,88,T. TEIXEIRA DO VALE DIAS,32.01390000000001,18.953900000000004,False,2,CACERES PATRIMONIO DE LA HUMANIDAD,False
COPA ESPAÑA,"FASE DE GRUPOS ""G""",CLUB BALONCESTO TOLEDO BASKET,3,I. ALVAREZ FERNANDEZ,32.5,17.8723,False,2,CACERES PATRIMONIO DE LA HUMANIDAD,False
COPA ESPAÑA,"FASE DE GRUPOS ""G""",CLUB BALONCESTO TOLEDO BASKET,88,T. TEIXEIRA DO VALE DIAS,17.291700000000006,53.0851,False,2,CACERES PATRIMONIO DE LA HUMANIDAD,False
COPA ESPAÑA,"FASE DE GRUPOS ""G""",CLUB BALONCESTO TOLEDO BASKET,3,I. ALVAREZ FERNANDEZ,35.208299999999994,33.8475,False,2,CACERES PATRIMONIO DE LA HUMANIDAD,False
COPA ESPAÑA,"FASE DE GRUPOS ""G""",CLUB BALONCESTO TOLEDO BASKET,12,G. VILLAREJO COSTA,26.041700000000006,14.361699999999999,False,2,CACERES PATRIMONIO DE LA HUMANIDAD,False
COPA ESPAÑA,"FASE DE GRUPOS ""G""",CLUB BALONCESTO TOLEDO BASKET,3,I. ALVAREZ FERNANDEZ,14.0972,56.4716,False,2,CACERES PATRIMONIO DE LA HUMANIDAD,False
COPA ESPAÑA,"FASE DE GRUPOS ""G""",CLUB BALONCESTO TOLEDO BASKET,3,I. ALVAREZ FERNANDEZ,28.333299999999994,11.755300000000005,False,2,CACERES PATRIMONIO DE LA HUMANIDAD,False
COPA ESPAÑA,"FASE DE GRUPOS ""G""",CLUB BALONCESTO TOLEDO BASKET,3,I. ALVAREZ FERNANDEZ,12.5,47.6596,True,2,CACERES PATRIMONIO DE LA HUMANIDAD,False
COPA ESPAÑA,"FASE DE GRUPOS ""G""",CLUB BALONCESTO TOLEDO BASKET,88,T. TEIXEIRA DO VALE DIAS,18.5417,38.1028,False,2,CACERES PATRIMONIO DE LA HUMANIDAD,False
COPA ESPAÑA,"FASE DE GRUPOS ""G""",CLUB BALONCESTO TOLEDO BASKET,10,V. MORENO MARTIN,9.513900000000007,53.4574,True,2,CACERES PATRIMONIO DE LA HUMANIDAD,False
COPA ESPAÑA,"FASE DE GRUPOS ""G""",CLUB BALONCESTO TOLEDO BASKET,3,I. ALVAREZ FERNANDEZ,11.111099999999993,53.2092,True,2,CACERES PATRIMONIO DE LA HUMANIDAD,False
COPA ESPAÑA,"FASE DE GRUPOS ""G""",CLUB BALONCESTO TOLEDO BASKET,3,I. ALVAREZ FERNANDEZ,11.25,36.7376,False,2,CACERES PATRIMONIO DE LA HUMANIDAD,False
COPA ESPAÑA,"FASE DE GRUPOS ""G""",CLUB BALONCESTO TOLEDO BASKET,3,I. ALVAREZ FERNANDEZ,12.569400000000002,50.6028,True,2,CACERES PATRIMONIO DE LA HUMANIDAD,False
COPA ESPAÑA,"FASE DE GRUPOS ""G""",CLUB BALONCESTO TOLEDO BASKET,88,T. TEIXEIRA DO VALE DIAS,27.7083,11.7908,False,2,CACERES PATRIMONIO DE LA HUMANIDAD,False
COPA ESPAÑA,"FASE DE GRUPOS ""G""",CLUB BALONCESTO TOLEDO BASKET,4,L. GARCIA MUÑOZ,22.291700000000006,54.078,False,2,CACERES PATRIMONIO DE LA HUMANIDAD,False
COPA ESPAÑA,"FASE DE GRUPOS ""G""",CLUB BALONCESTO TOLEDO BASKET,88,T. TEIXEIRA DO VALE DIAS,22.9861,40.7092,False,2,CACERES PATRIMONIO DE LA HUMANIDAD,False
COPA ESPAÑA,"FASE DE GRUPOS ""G""",CLUB BALONCESTO TOLEDO BASKET,3,I. ALVAREZ FERNANDEZ,33.88890000000001,74.5567,True,2,CACERES PATRIMONIO DE LA HUMANIDAD,False
COPA ESPAÑA,"FASE DE GRUPOS ""G""",CLUB BALONCESTO TOLEDO BASKET,1,M. SERRANO ALVAREZ,37.2222,52.8369,False,2,CACERES PATRIMONIO DE LA HUMANIDAD,False
COPA ESPAÑA,"FASE DE GRUPOS ""G""",CLUB BALONCESTO TOLEDO BASKET,6,V. STEVANIC,33.6111,81.5426,False,2,CACERES PATRIMONIO DE LA HUMANIDAD,False
COPA ESPAÑA,"FASE DE GRUPOS ""G""",CLUB BALONCESTO TOLEDO BASKET,4,L. GARCIA MUÑOZ,28.1944,84.7695,False,2,CACERES PATRIMONIO DE LA HUMANIDAD,False
COPA ESPAÑA,"FASE DE GRUPOS ""G""",CLUB BALONCESTO TOLEDO BASKET,13,S. MENDIOLA DIEZ,22.1528,49.5213,False,2,CACERES PATRIMONIO DE LA HUMANIDAD,False
COPA ESPAÑA,"FASE DE GRUPOS ""G""",CLUB BALONCESTO TOLEDO BASKET,1,M. SERRANO ALVAREZ,15.9722,41.9504,False,2,CACERES PATRIMONIO DE LA HUMANIDAD,False
COPA ESPAÑA,"FASE DE GRUPOS ""G""",CLUB BALONCESTO TOLEDO BASKET,12,G. VILLAREJO COSTA,30.0694,84.2376,False,2,CACERES PATRIMONIO DE LA HUMANIDAD,False
COPA ESPAÑA,"FASE DE GRUPOS ""G""",CLUB BALONCESTO TOLEDO BASKET,3,I. ALVAREZ FERNANDEZ,29.236099999999993,89.078,True,2,CACERES PATRIMONIO DE LA HUMANIDAD,False
COPA ESPAÑA,"FASE DE GRUPOS ""G""",CLUB BALONCESTO TOLEDO BASKET,3,I. ALVAREZ FERNANDEZ,14.0972,22.2163,True,2,CACERES PATRIMONIO DE LA HUMANIDAD,False
COPA ESPAÑA,"FASE DE GRUPOS ""G""",CLUB BALONCESTO TOLEDO BASKET,10,V. MORENO MARTIN,22.2222,11.258899999999997,False,2,CACERES PATRIMONIO DE LA HUMANIDAD,False
COPA ESPAÑA,"FASE DE GRUPOS ""G""",CLUB BALONCESTO TOLEDO BASKET,6,V. STEVANIC,14.8611,47.9078,True,2,CACERES PATRIMONIO DE LA HUMANIDAD,False
COPA ESPAÑA,"FASE DE GRUPOS ""G""",CLUB BALONCESTO TOLEDO BASKET,3,I. ALVAREZ FERNANDEZ,19.7917,65.0355,False,2,CACERES PATRIMONIO DE LA HUMANIDAD,False
COPA ESPAÑA,"FASE DE GRUPOS ""G""",CLUB BALONCESTO TOLEDO BASKET,3,I. ALVAREZ FERNANDEZ,32.1528,71.4539,False,2,CACERES PATRIMONIO DE LA HUMANIDAD,False
COPA ESPAÑA,"FASE DE GRUPOS ""G""",CLUB BALONCESTO TOLEDO BASKET,12,G. VILLAREJO COSTA,9.93056,42.4468,True,2,CACERES PATRIMONIO DE LA HUMANIDAD,False
COPA ESPAÑA,"FASE DE GRUPOS ""G""",CLUB BALONCESTO TOLEDO BASKET,3,I. ALVAREZ FERNANDEZ,22.5,9.68085,True,2,CACERES PATRIMONIO DE LA HUMANIDAD,False
COPA ESPAÑA,"FASE DE GRUPOS ""G""",CLUB BALONCESTO TOLEDO BASKET,7,J. LAFUENTE VELAZQUEZ,11.180599999999998,48.1206,False,2,CACERES PATRIMONIO DE LA HUMANIDAD,False
COPA ESPAÑA,"FASE DE GRUPOS ""G""",CLUB BALONCESTO TOLEDO BASKET,88,T. TEIXEIRA DO VALE DIAS,10.9722,51.7553,False,2,CACERES PATRIMONIO DE LA HUMANIDAD,False
COPA ESPAÑA,"FASE DE GRUPOS ""G""",CLUB BALONCESTO TOLEDO BASKET,7,J. LAFUENTE VELAZQUEZ,10.2778,51.8794,True,2,CACERES PATRIMONIO DE LA HUMANIDAD,False
COPA ESPAÑA,"FASE DE GRUPOS ""G""",CLUB BALONCESTO TOLEDO BASKET,7,J. LAFUENTE VELAZQUEZ,10.5556,48.4043,True,2,CACERES PATRIMONIO DE LA HUMANIDAD,False
COPA ESPAÑA,"FASE DE GRUPOS ""G""",CLUB BALONCESTO TOLEDO BASKET,10,V. MORENO MARTIN,27.4306,85.727,True,2,CACERES PATRIMONIO DE LA HUMANIDAD,False
COPA ESPAÑA,"FASE DE GRUPOS ""G""",CLUB BALONCESTO TOLEDO BASKET,7,J. LAFUENTE VELAZQUEZ,30.7639,19.4858,False,2,CACERES PATRIMONIO DE LA HUMANIDAD,False
COPA ESPAÑA,"FASE DE GRUPOS ""G""",CLUB BALONCESTO TOLEDO BASKET,3,I. ALVAREZ FERNANDEZ,10.0,56.8085,False,2,CACERES PATRIMONIO DE LA HUMANIDAD,False
COPA ESPAÑA,"FASE DE GRUPOS ""G""",CLUB BALONCESTO TOLEDO BASKET,4,L. GARCIA MUÑOZ,11.041700000000006,53.2092,True,2,CACERES PATRIMONIO DE LA HUMANIDAD,False
COPA ESPAÑA,"FASE DE GRUPOS ""G""",CLUB BALONCESTO TOLEDO BASKET,10,V. MORENO MARTIN,16.3194,7.783699999999996,False,2,CACERES PATRIMONIO DE LA HUMANIDAD,False
COPA ESPAÑA,"FASE DE GRUPOS ""G""",CLUB BALONCESTO TOLEDO BASKET,88,T. TEIXEIRA DO VALE DIAS,10.4167,47.1631,True,2,CACERES PATRIMONIO DE LA HUMANIDAD,False
COPA ESPAÑA,"FASE DE GRUPOS ""G""",CLUB BALONCESTO TOLEDO BASKET,1,M. SERRANO ALVAREZ,13.5417,46.7908,True,2,CACERES PATRIMONIO DE LA HUMANIDAD,False
COPA ESPAÑA,"FASE DE GRUPOS ""G""",CLUB BALONCESTO TOLEDO BASKET,10,V. MORENO MARTIN,29.236099999999993,81.8794,False,2,CACERES PATRIMONIO DE LA HUMANIDAD,False
COPA ESPAÑA,"FASE DE GRUPOS ""G""",CLUB BALONCESTO TOLEDO BASKET,13,S. MENDIOLA DIEZ,14.583299999999994,52.7128,True,2,CACERES PATRIMONIO DE LA HUMANIDAD,False
COPA ESPAÑA,"FASE DE GRUPOS ""G""",CLUB BALONCESTO TOLEDO BASKET,3,I. ALVAREZ FERNANDEZ,30.416700000000006,20.194999999999993,False,2,CACERES PATRIMONIO DE LA HUMANIDAD,False
COPA ESPAÑA,"FASE DE GRUPOS ""G""",CLUB BALONCESTO TOLEDO BASKET,13,S. MENDIOLA DIEZ,18.8194,42.3227,True,2,CACERES PATRIMONIO DE LA HUMANIDAD,False
COPA ESPAÑA,"FASE DE GRUPOS ""G""",CLUB BALONCESTO TOLEDO BASKET,10,V. MORENO MARTIN,25.9028,89.9823,True,2,CACERES PATRIMONIO DE LA HUMANIDAD,False
COPA ESPAÑA,"FASE DE GRUPOS ""G""",CLUB BALONCESTO TOLEDO BASKET,88,T. TEIXEIRA DO VALE DIAS,29.6528,15.266,True,2,CACERES PATRIMONIO DE LA HUMANIDAD,False
COPA ESPAÑA,"FASE DE GRUPOS ""G""",CLUB BALONCESTO TOLEDO BASKET,6,V. STEVANIC,17.916700000000006,52.3404,False,2,CACERES PATRIMONIO DE LA HUMANIDAD,False
COPA ESPAÑA,"FASE DE GRUPOS ""G""",CLUB BALONCESTO TOLEDO BASKET,13,S. MENDIOLA DIEZ,8.958299999999994,58.5461,True,2,CACERES PATRIMONIO DE LA HUMANIDAD,False
COPA ESPAÑA,"FASE DE GRUPOS ""G""",CLUB BALONCESTO TOLEDO BASKET,10,V. MORENO MARTIN,27.5694,82.2872,False,2,CACERES PATRIMONIO DE LA HUMANIDAD,False
COPA ESPAÑA,"FASE DE GRUPOS ""G""",CLUB BALONCESTO TOLEDO BASKET,13,S. MENDIOLA DIEZ,9.86111,50.3901,True,2,CACERES PATRIMONIO DE LA HUMANIDAD,False
COPA ESPAÑA,"FASE DE GRUPOS ""G""",CLUB BALONCESTO TOLEDO BASKET,12,G. VILLAREJO COSTA,12.0833,39.0957,False,2,CACERES PATRIMONIO DE LA HUMANIDAD,False
COPA ESPAÑA,"FASE DE GRUPOS ""G""",CLUB BALONCESTO TOLEDO BASKET,3,I. ALVAREZ FERNANDEZ,31.666700000000006,31.241100000000003,True,2,CACERES PATRIMONIO DE LA HUMANIDAD,False
COPA ESPAÑA,"FASE DE GRUPOS ""G""",CLUB BALONCESTO TOLEDO BASKET,10,V. MORENO MARTIN,23.2639,7.57092,False,2,CACERES PATRIMONIO DE LA HUMANIDAD,False
COPA ESPAÑA,"FASE DE GRUPOS ""G""",CLUB BALONCESTO TOLEDO BASKET,12,G. VILLAREJO COSTA,8.541700000000006,62.0213,True,2,CACERES PATRIMONIO DE LA HUMANIDAD,False
COPA ESPAÑA,"FASE DE GRUPOS ""G""",CLUB BALONCESTO TOLEDO BASKET,1,M. SERRANO ALVAREZ,17.8472,94.9468,False,2,CACERES PATRIMONIO DE LA HUMANIDAD,False
COPA ESPAÑA,"FASE DE GRUPOS ""G""",CLUB BALONCESTO TOLEDO BASKET,88,T. TEIXEIRA DO VALE DIAS,10.4861,55.1064,True,2,CACERES PATRIMONIO DE LA HUMANIDAD,False
COPA ESPAÑA,"FASE DE GRUPOS ""G""",CLUB BALONCESTO TOLEDO BASKET,88,T. TEIXEIRA DO VALE DIAS,28.125,85.9752,False,2,CACERES PATRIMONIO DE LA HUMANIDAD,False
COPA ESPAÑA,"FASE DE GRUPOS ""G""",CLUB BALONCESTO TOLEDO BASKET,3,I. ALVAREZ FERNANDEZ,19.375,56.5603,False,2,CACERES PATRIMONIO DE LA HUMANIDAD,False
COPA ESPAÑA,"FASE DE GRUPOS ""G""",CLUB BALONCESTO TOLEDO BASKET,1,M. SERRANO ALVAREZ,7.84722,48.7766,True,2,CACERES PATRIMONIO DE LA HUMANIDAD,False
COPA ESPAÑA,"FASE DE GRUPOS ""G""",CLUB BALONCESTO TOLEDO BASKET,13,S. MENDIOLA DIEZ,10.5729,45.1463,False,3,SPANISH BASKETBALL ACADEMY,True
COPA ESPAÑA,"FASE DE GRUPOS ""G""",CLUB BALONCESTO TOLEDO BASKET,10,V. MORENO MARTIN,5.3125,2.42021,False,3,SPANISH BASKETBALL ACADEMY,True
COPA ESPAÑA,"FASE DE GRUPOS ""G""",CLUB BALONCESTO TOLEDO BASKET,7,J. LAFUENTE VELAZQUEZ,25.5208,13.125,True,3,SPANISH BASKETBALL ACADEMY,True
COPA ESPAÑA,"FASE DE GRUPOS ""G""",CLUB BALONCESTO TOLEDO BASKET,7,J. LAFUENTE VELAZQUEZ,14.010400000000004,66.3963,False,3,SPANISH BASKETBALL ACADEMY,True
COPA ESPAÑA,"FASE DE GRUPOS ""G""",CLUB BALONCESTO TOLEDO BASKET,3,I. ALVAREZ FERNANDEZ,4.73958,46.4495,False,3,SPANISH BASKETBALL ACADEMY,True
COPA ESPAÑA,"FASE DE GRUPOS ""G""",CLUB BALONCESTO TOLEDO BASKET,13,S. MENDIOLA DIEZ,6.61458,47.5665,False,3,SPANISH BASKETBALL ACADEMY,True
COPA ESPAÑA,"FASE DE GRUPOS ""G""",CLUB BALONCESTO TOLEDO BASKET,88,T. TEIXEIRA DO VALE DIAS,4.947900000000004,52.0612,True,3,SPANISH BASKETBALL ACADEMY,True
COPA ESPAÑA,"FASE DE GRUPOS ""G""",CLUB BALONCESTO TOLEDO BASKET,4,L. GARCIA MUÑOZ,6.97917,19.1755,False,3,SPANISH BASKETBALL ACADEMY,True
COPA ESPAÑA,"FASE DE GRUPOS ""G""",CLUB BALONCESTO TOLEDO BASKET,88,T. TEIXEIRA DO VALE DIAS,27.708299999999994,23.9495,False,3,SPANISH BASKETBALL ACADEMY,True
COPA ESPAÑA,"FASE DE GRUPOS ""G""",CLUB BALONCESTO TOLEDO BASKET,1,M. SERRANO ALVAREZ,5.83333,46.8218,False,3,SPANISH BASKETBALL ACADEMY,True
COPA ESPAÑA,"FASE DE GRUPOS ""G""",CLUB BALONCESTO TOLEDO BASKET,88,T. TEIXEIRA DO VALE DIAS,4.58333,39.5612,True,3,SPANISH BASKETBALL ACADEMY,True
COPA ESPAÑA,"FASE DE GRUPOS ""G""",CLUB BALONCESTO TOLEDO BASKET,3,I. ALVAREZ FERNANDEZ,5.20833,1.8617,False,3,SPANISH BASKETBALL ACADEMY,True
COPA ESPAÑA,"FASE DE GRUPOS ""G""",CLUB BALONCESTO TOLEDO BASKET,88,T. TEIXEIRA DO VALE DIAS,25.4687,83.7101,False,3,SPANISH BASKETBALL ACADEMY,True
COPA ESPAÑA,"FASE DE GRUPOS ""G""",CLUB BALONCESTO TOLEDO BASKET,88,T. TEIXEIRA DO VALE DIAS,5.0,49.9867,True,3,SPANISH BASKETBALL ACADEMY,True
COPA ESPAÑA,"FASE DE GRUPOS ""G""",CLUB BALONCESTO TOLEDO BASKET,10,V. MORENO MARTIN,29.791700000000006,25.8112,True,3,SPANISH BASKETBALL ACADEMY,True
COPA ESPAÑA,"FASE DE GRUPOS ""G""",CLUB BALONCESTO TOLEDO BASKET,7,J. LAFUENTE VELAZQUEZ,27.5,20.4787,True,3,SPANISH BASKETBALL ACADEMY,True
COPA ESPAÑA,"FASE DE GRUPOS ""G""",CLUB BALONCESTO TOLEDO BASKET,3,I. ALVAREZ FERNANDEZ,25.5208,13.125,False,3,SPANISH BASKETBALL ACADEMY,True
COPA ESPAÑA,"FASE DE GRUPOS ""G""",CLUB BALONCESTO TOLEDO BASKET,13,S. MENDIOLA DIEZ,4.375,51.4761,False,3,SPANISH BASKETBALL ACADEMY,True
COPA ESPAÑA,"FASE DE GRUPOS ""G""",CLUB BALONCESTO TOLEDO BASKET,10,V. MORENO MARTIN,2.708299999999994,49.734,True,3,SPANISH BASKETBALL ACADEMY,True
COPA ESPAÑA,"FASE DE GRUPOS ""G""",CLUB BALONCESTO TOLEDO BASKET,1,M. SERRANO ALVAREZ,11.718800000000002,3.2845999999999975,False,3,SPANISH BASKETBALL ACADEMY,True
COPA ESPAÑA,"FASE DE GRUPOS ""G""",CLUB BALONCESTO TOLEDO BASKET,88,T. TEIXEIRA DO VALE DIAS,26.6667,92.0612,False,3,SPANISH BASKETBALL ACADEMY,True
COPA ESPAÑA,"FASE DE GRUPOS ""G""",CLUB BALONCESTO TOLEDO BASKET,10,V. MORENO MARTIN,4.114599999999996,96.18351,False,3,SPANISH BASKETBALL ACADEMY,True
COPA ESPAÑA,"FASE DE GRUPOS ""G""",CLUB BALONCESTO TOLEDO BASKET,10,V. MORENO MARTIN,28.75,21.715400000000002,True,3,SPANISH BASKETBALL ACADEMY,True
COPA ESPAÑA,"FASE DE GRUPOS ""G""",CLUB BALONCESTO TOLEDO BASKET,10,V. MORENO MARTIN,25.729200000000006,17.154300000000006,False,3,SPANISH BASKETBALL ACADEMY,True
COPA ESPAÑA,"FASE DE GRUPOS ""G""",CLUB BALONCESTO TOLEDO BASKET,4,L. GARCIA MUÑOZ,7.708299999999994,58.8564,False,3,SPANISH BASKETBALL ACADEMY,True
COPA ESPAÑA,"FASE DE GRUPOS ""G""",CLUB BALONCESTO TOLEDO BASKET,10,V. MORENO MARTIN,29.583299999999994,25.997299999999996,False,3,SPANISH BASKETBALL ACADEMY,True
COPA ESPAÑA,"FASE DE GRUPOS ""G""",CLUB BALONCESTO TOLEDO BASKET,4,L. GARCIA MUÑOZ,17.5,48.7101,False,3,SPANISH BASKETBALL ACADEMY,True
COPA ESPAÑA,"FASE DE GRUPOS ""G""",CLUB BALONCESTO TOLEDO BASKET,10,V. MORENO MARTIN,19.2188,92.55319,True,3,SPANISH BASKETBALL ACADEMY,True
COPA ESPAÑA,"FASE DE GRUPOS ""G""",CLUB BALONCESTO TOLEDO BASKET,3,I. ALVAREZ FERNANDEZ,23.697900000000004,13.617000000000004,False,3,SPANISH BASKETBALL ACADEMY,True
COPA ESPAÑA,"FASE DE GRUPOS ""G""",CLUB BALONCESTO TOLEDO BASKET,4,L. GARCIA MUÑOZ,21.4062,40.3324,False,3,SPANISH BASKETBALL ACADEMY,True
COPA ESPAÑA,"FASE DE GRUPOS ""G""",CLUB BALONCESTO TOLEDO BASKET,1,M. SERRANO ALVAREZ,7.91667,39.1888,False,3,SPANISH BASKETBALL ACADEMY,True
COPA ESPAÑA,"FASE DE GRUPOS ""G""",CLUB BALONCESTO TOLEDO BASKET,3,I. ALVAREZ FERNANDEZ,5.729200000000006,5.7978999999999985,False,3,SPANISH BASKETBALL ACADEMY,True
COPA ESPAÑA,"FASE DE GRUPOS ""G""",CLUB BALONCESTO TOLEDO BASKET,3,I. ALVAREZ FERNANDEZ,15.156199999999998,95.25266,True,3,SPANISH BASKETBALL ACADEMY,True
COPA ESPAÑA,"FASE DE GRUPOS ""G""",CLUB BALONCESTO TOLEDO BASKET,3,I. ALVAREZ FERNANDEZ,27.3437,78.3112,True,3,SPANISH BASKETBALL ACADEMY,True
COPA ESPAÑA,"FASE DE GRUPOS ""G""",CLUB BALONCESTO TOLEDO BASKET,88,T. TEIXEIRA DO VALE DIAS,4.375,5.39894,False,3,SPANISH BASKETBALL ACADEMY,True
COPA ESPAÑA,"FASE DE GRUPOS ""G""",CLUB BALONCESTO TOLEDO BASKET,1,M. SERRANO ALVAREZ,9.427099999999996,58.8564,False,3,SPANISH BASKETBALL ACADEMY,True
COPA ESPAÑA,"FASE DE GRUPOS ""G""",CLUB BALONCESTO TOLEDO BASKET,10,V. MORENO MARTIN,6.51042,42.5399,False,3,SPANISH BASKETBALL ACADEMY,True
COPA ESPAÑA,"FASE DE GRUPOS ""G""",CLUB BALONCESTO TOLEDO BASKET,10,V. MORENO MARTIN,14.427099999999996,72.5399,False,3,SPANISH BASKETBALL ACADEMY,True
COPA ESPAÑA,"FASE DE GRUPOS ""G""",CLUB BALONCESTO TOLEDO BASKET,4,L. GARCIA MUÑOZ,5.729200000000006,95.625,True,3,SPANISH BASKETBALL ACADEMY,True
COPA ESPAÑA,"FASE DE GRUPOS ""G""",CLUB BALONCESTO TOLEDO BASKET,3,I. ALVAREZ FERNANDEZ,8.17708,92.7128,False,3,SPANISH BASKETBALL ACADEMY,True
COPA ESPAÑA,"FASE DE GRUPOS ""G""",CLUB BALONCESTO TOLEDO BASKET,13,S. MENDIOLA DIEZ,4.791700000000006,48.8032,True,3,SPANISH BASKETBALL ACADEMY,True
COPA ESPAÑA,"FASE DE GRUPOS ""G""",CLUB BALONCESTO TOLEDO BASKET,10,V. MORENO MARTIN,5.208299999999994,50.758,True,3,SPANISH BASKETBALL ACADEMY,True
COPA ESPAÑA,"FASE DE GRUPOS ""G""",CLUB BALONCESTO TOLEDO BASKET,3,I. ALVAREZ FERNANDEZ,6.927099999999996,95.81117,True,3,SPANISH BASKETBALL ACADEMY,True
COPA ESPAÑA,"FASE DE GRUPOS ""G""",CLUB BALONCESTO TOLEDO BASKET,7,J. LAFUENTE VELAZQUEZ,9.73958,37.4202,False,3,SPANISH BASKETBALL ACADEMY,True
COPA ESPAÑA,"FASE DE GRUPOS ""G""",CLUB BALONCESTO TOLEDO BASKET,10,V. MORENO MARTIN,31.4583,26.0638,True,3,SPANISH BASKETBALL ACADEMY,True
COPA ESPAÑA,"FASE DE GRUPOS ""G""",CLUB BALONCESTO TOLEDO BASKET,4,L. GARCIA MUÑOZ,5.0,44.4947,False,3,SPANISH BASKETBALL ACADEMY,True
COPA ESPAÑA,"FASE DE GRUPOS ""G""",CLUB BALONCESTO TOLEDO BASKET,13,S. MENDIOLA DIEZ,21.4062,66.3032,False,3,SPANISH BASKETBALL ACADEMY,True
COPA ESPAÑA,"FASE DE GRUPOS ""G""",CLUB BALONCESTO TOLEDO BASKET,13,S. MENDIOLA DIEZ,4.322900000000004,47.3138,True,3,SPANISH BASKETBALL ACADEMY,True
COPA ESPAÑA,"FASE DE GRUPOS ""G""",CLUB BALONCESTO TOLEDO BASKET,13,S. MENDIOLA DIEZ,9.791700000000006,53.3644,True,3,SPANISH BASKETBALL ACADEMY,True
COPA ESPAÑA,"FASE DE GRUPOS ""G""",CLUB BALONCESTO TOLEDO BASKET,7,J. LAFUENTE VELAZQUEZ,7.552099999999996,61.3697,False,3,SPANISH BASKETBALL ACADEMY,True
COPA ESPAÑA,"FASE DE GRUPOS ""G""",CLUB BALONCESTO TOLEDO BASKET,3,I. ALVAREZ FERNANDEZ,5.052099999999996,56.4362,True,3,SPANISH BASKETBALL ACADEMY,True
COPA ESPAÑA,"FASE DE GRUPOS ""G""",CLUB BALONCESTO TOLEDO BASKET,4,L. GARCIA MUÑOZ,18.3854,21.6888,False,3,SPANISH BASKETBALL ACADEMY,True
COPA ESPAÑA,"FASE DE GRUPOS ""G""",CLUB BALONCESTO TOLEDO BASKET,4,L. GARCIA MUÑOZ,4.94792,7.26064,False,3,SPANISH BASKETBALL ACADEMY,True
COPA ESPAÑA,"FASE DE GRUPOS ""G""",CLUB BALONCESTO TOLEDO BASKET,1,M. SERRANO ALVAREZ,6.04167,5.0266,False,3,SPANISH BASKETBALL ACADEMY,True
COPA ESPAÑA,"FASE DE GRUPOS ""G""",CLUB BALONCESTO TOLEDO BASKET,88,T. TEIXEIRA DO VALE DIAS,8.95833,57.8989,True,3,SPANISH BASKETBALL ACADEMY,True
COPA ESPAÑA,"FASE DE GRUPOS ""G""",CLUB BALONCESTO TOLEDO BASKET,13,S. MENDIOLA DIEZ,4.0625,51.2899,True,3,SPANISH BASKETBALL ACADEMY,True
COPA ESPAÑA,"FASE DE GRUPOS ""G""",CLUB BALONCESTO TOLEDO BASKET,13,S. MENDIOLA DIEZ,23.0208,49.3351,False,3,SPANISH BASKETBALL ACADEMY,True
COPA ESPAÑA,"FASE DE GRUPOS ""G""",CLUB BALONCESTO TOLEDO BASKET,10,V. MORENO MARTIN,7.70833,44.4016,False,3,SPANISH BASKETBALL ACADEMY,True
COPA ESPAÑA,"FASE DE GRUPOS ""G""",CLUB BALONCESTO TOLEDO BASKET,3,I. ALVAREZ FERNANDEZ,11.6667,52.1277,False,3,SPANISH BASKETBALL ACADEMY,True
COPA ESPAÑA,"FASE DE GRUPOS ""G""",CLUB BALONCESTO TOLEDO BASKET,4,L. GARCIA MUÑOZ,30.416700000000006,28.603700000000003,False,3,SPANISH BASKETBALL ACADEMY,True
COPA ESPAÑA,"FASE DE GRUPOS ""G""",CLUB BALONCESTO TOLEDO BASKET,3,I. ALVAREZ FERNANDEZ,23.0729,88.3378,False,3,SPANISH BASKETBALL ACADEMY,True
COPA ESPAÑA,"FASE DE GRUPOS ""G""",CLUB BALONCESTO TOLEDO BASKET,13,S. MENDIOLA DIEZ,12.7604,39.6543,False,3,SPANISH BASKETBALL ACADEMY,True
COPA ESPAÑA,"FASE DE GRUPOS ""G""",SPANISH BASKETBALL ACADEMY,99,R. GARCIA SALAME,4.79167,19.0824,False,3,CLUB BALONCESTO TOLEDO BASKET,False
COPA ESPAÑA,"FASE DE GRUPOS ""G""",SPANISH BASKETBALL ACADEMY,33,D. SIMEUNOVIC,7.864599999999996,70.5851,False,3,CLUB BALONCESTO TOLEDO BASKET,False
COPA ESPAÑA,"FASE DE GRUPOS ""G""",SPANISH BASKETBALL ACADEMY,77,E. MEDINA ROA,10.729200000000006,49.9202,True,3,CLUB BALONCESTO TOLEDO BASKET,False
COPA ESPAÑA,"FASE DE GRUPOS ""G""",SPANISH BASKETBALL ACADEMY,2,E. ARQUES LOPEZ,11.197900000000004,84.0824,False,3,CLUB BALONCESTO TOLEDO BASKET,False
COPA ESPAÑA,"FASE DE GRUPOS ""G""",SPANISH BASKETBALL ACADEMY,2,E. ARQUES LOPEZ,34.1667,46.3564,False,3,CLUB BALONCESTO TOLEDO BASKET,False
COPA ESPAÑA,"FASE DE GRUPOS ""G""",SPANISH BASKETBALL ACADEMY,77,E. MEDINA ROA,4.270799999999994,50.758,True,3,CLUB BALONCESTO TOLEDO BASKET,False
COPA ESPAÑA,"FASE DE GRUPOS ""G""",SPANISH BASKETBALL ACADEMY,77,E. MEDINA ROA,9.16667,54.734,False,3,CLUB BALONCESTO TOLEDO BASKET,False
COPA ESPAÑA,"FASE DE GRUPOS ""G""",SPANISH BASKETBALL ACADEMY,6,J. PUIDET,30.7812,24.5745,True,3,CLUB BALONCESTO TOLEDO BASKET,False
COPA ESPAÑA,"FASE DE GRUPOS ""G""",SPANISH BASKETBALL ACADEMY,21,A. MORENO TRUJILLO,4.375,48.5239,True,3,CLUB BALONCESTO TOLEDO BASKET,False
COPA ESPAÑA,"FASE DE GRUPOS ""G""",SPANISH BASKETBALL ACADEMY,7,S. TRAORE,4.94792,48.6835,True,3,CLUB BALONCESTO TOLEDO BASKET,False
COPA ESPAÑA,"FASE DE GRUPOS ""G""",SPANISH BASKETBALL ACADEMY,99,R. GARCIA SALAME,13.2813,31.742,False,3,CLUB BALONCESTO TOLEDO BASKET,False
COPA ESPAÑA,"FASE DE GRUPOS ""G""",SPANISH BASKETBALL ACADEMY,2,E. ARQUES LOPEZ,7.13542,49.242,True,3,CLUB BALONCESTO TOLEDO BASKET,False
COPA ESPAÑA,"FASE DE GRUPOS ""G""",SPANISH BASKETBALL ACADEMY,2,E. ARQUES LOPEZ,22.6042,48.8697,True,3,CLUB BALONCESTO TOLEDO BASKET,False
COPA ESPAÑA,"FASE DE GRUPOS ""G""",SPANISH BASKETBALL ACADEMY,1,J. ORTEGA MORA,9.27083,78.2846,False,3,CLUB BALONCESTO TOLEDO BASKET,False
COPA ESPAÑA,"FASE DE GRUPOS ""G""",SPANISH BASKETBALL ACADEMY,33,D. SIMEUNOVIC,4.739599999999996,52.7128,True,3,CLUB BALONCESTO TOLEDO BASKET,False
COPA ESPAÑA,"FASE DE GRUPOS ""G""",SPANISH BASKETBALL ACADEMY,99,R. GARCIA SALAME,20.8333,40.3989,True,3,CLUB BALONCESTO TOLEDO BASKET,False
COPA ESPAÑA,"FASE DE GRUPOS ""G""",SPANISH BASKETBALL ACADEMY,7,S. TRAORE,9.427099999999996,53.4574,True,3,CLUB BALONCESTO TOLEDO BASKET,False
COPA ESPAÑA,"FASE DE GRUPOS ""G""",SPANISH BASKETBALL ACADEMY,21,A. MORENO TRUJILLO,28.697900000000004,77.5665,True,3,CLUB BALONCESTO TOLEDO BASKET,False
COPA ESPAÑA,"FASE DE GRUPOS ""G""",SPANISH BASKETBALL ACADEMY,99,R. GARCIA SALAME,5.052099999999996,52.8059,True,3,CLUB BALONCESTO TOLEDO BASKET,False
COPA ESPAÑA,"FASE DE GRUPOS ""G""",SPANISH BASKETBALL ACADEMY,21,A. MORENO TRUJILLO,24.895799999999994,89.2021,False,3,CLUB BALONCESTO TOLEDO BASKET,False
COPA ESPAÑA,"FASE DE GRUPOS ""G""",SPANISH BASKETBALL ACADEMY,2,E. ARQUES LOPEZ,6.09375,40.6782,False,3,CLUB BALONCESTO TOLEDO BASKET,False
COPA ESPAÑA,"FASE DE GRUPOS ""G""",SPANISH BASKETBALL ACADEMY,77,E. MEDINA ROA,3.95833,47.7527,True,3,CLUB BALONCESTO TOLEDO BASKET,False
COPA ESPAÑA,"FASE DE GRUPOS ""G""",SPANISH BASKETBALL ACADEMY,33,D. SIMEUNOVIC,32.1875,65.0665,False,3,CLUB BALONCESTO TOLEDO BASKET,False
COPA ESPAÑA,"FASE DE GRUPOS ""G""",SPANISH BASKETBALL ACADEMY,77,E. MEDINA ROA,7.291700000000006,52.5266,True,3,CLUB BALONCESTO TOLEDO BASKET,False
COPA ESPAÑA,"FASE DE GRUPOS ""G""",SPANISH BASKETBALL ACADEMY,2,E. ARQUES LOPEZ,4.79167,47.1941,True,3,CLUB BALONCESTO TOLEDO BASKET,False
COPA ESPAÑA,"FASE DE GRUPOS ""G""",SPANISH BASKETBALL ACADEMY,2,E. ARQUES LOPEZ,28.2812,22.0878,False,3,CLUB BALONCESTO TOLEDO BASKET,False
COPA ESPAÑA,"FASE DE GRUPOS ""G""",SPANISH BASKETBALL ACADEMY,2,E. ARQUES LOPEZ,5.9375,54.9468,False,3,CLUB BALONCESTO TOLEDO BASKET,False
COPA ESPAÑA,"FASE DE GRUPOS ""G""",SPANISH BASKETBALL ACADEMY,2,E. ARQUES LOPEZ,12.864599999999996,60.625,False,3,CLUB BALONCESTO TOLEDO BASKET,False
COPA ESPAÑA,"FASE DE GRUPOS ""G""",SPANISH BASKETBALL ACADEMY,21,A. MORENO TRUJILLO,28.5417,79.0293,False,3,CLUB BALONCESTO TOLEDO BASKET,False
COPA ESPAÑA,"FASE DE GRUPOS ""G""",SPANISH BASKETBALL ACADEMY,77,E. MEDINA ROA,7.291700000000006,52.5266,False,3,CLUB BALONCESTO TOLEDO BASKET,False
COPA ESPAÑA,"FASE DE GRUPOS ""G""",SPANISH BASKETBALL ACADEMY,2,E. ARQUES LOPEZ,5.78125,45.0532,True,3,CLUB BALONCESTO TOLEDO BASKET,False
COPA ESPAÑA,"FASE DE GRUPOS ""G""",SPANISH BASKETBALL ACADEMY,15,J. SANTANO BARTOLOME,4.27083,47.6596,True,3,CLUB BALONCESTO TOLEDO BASKET,False
COPA ESPAÑA,"FASE DE GRUPOS ""G""",SPANISH BASKETBALL ACADEMY,99,R. GARCIA SALAME,29.6875,34.28189999999999,True,3,CLUB BALONCESTO TOLEDO BASKET,False
COPA ESPAÑA,"FASE DE GRUPOS ""G""",SPANISH BASKETBALL ACADEMY,15,J. SANTANO BARTOLOME,3.489599999999996,47.5,True,3,CLUB BALONCESTO TOLEDO BASKET,False
COPA ESPAÑA,"FASE DE GRUPOS ""G""",SPANISH BASKETBALL ACADEMY,15,J. SANTANO BARTOLOME,4.583299999999994,53.6436,False,3,CLUB BALONCESTO TOLEDO BASKET,False
COPA ESPAÑA,"FASE DE GRUPOS ""G""",SPANISH BASKETBALL ACADEMY,33,D. SIMEUNOVIC,11.927099999999996,4.122299999999996,False,3,CLUB BALONCESTO TOLEDO BASKET,False
COPA ESPAÑA,"FASE DE GRUPOS ""G""",SPANISH BASKETBALL ACADEMY,6,J. PUIDET,20.833299999999994,89.8537,False,3,CLUB BALONCESTO TOLEDO BASKET,False
COPA ESPAÑA,"FASE DE GRUPOS ""G""",SPANISH BASKETBALL ACADEMY,6,J. PUIDET,25.3646,13.8697,True,3,CLUB BALONCESTO TOLEDO BASKET,False
COPA ESPAÑA,"FASE DE GRUPOS ""G""",SPANISH BASKETBALL ACADEMY,33,D. SIMEUNOVIC,28.0729,18.0585,False,3,CLUB BALONCESTO TOLEDO BASKET,False
COPA ESPAÑA,"FASE DE GRUPOS ""G""",SPANISH BASKETBALL ACADEMY,33,D. SIMEUNOVIC,30.6771,76.3298,False,3,CLUB BALONCESTO TOLEDO BASKET,False
COPA ESPAÑA,"FASE DE GRUPOS ""G""",SPANISH BASKETBALL ACADEMY,77,E. MEDINA ROA,7.44792,37.9787,False,3,CLUB BALONCESTO TOLEDO BASKET,False
COPA ESPAÑA,"FASE DE GRUPOS ""G""",SPANISH BASKETBALL ACADEMY,6,J. PUIDET,4.947900000000004,94.04255,False,3,CLUB BALONCESTO TOLEDO BASKET,False
COPA ESPAÑA,"FASE DE GRUPOS ""G""",SPANISH BASKETBALL ACADEMY,21,A. MORENO TRUJILLO,23.072900000000004,9.428200000000004,False,3,CLUB BALONCESTO TOLEDO BASKET,False
COPA ESPAÑA,"FASE DE GRUPOS ""G""",SPANISH BASKETBALL ACADEMY,33,D. SIMEUNOVIC,5.156300000000002,60.5319,True,3,CLUB BALONCESTO TOLEDO BASKET,False
COPA ESPAÑA,"FASE DE GRUPOS ""G""",SPANISH BASKETBALL ACADEMY,15,J. SANTANO BARTOLOME,9.583299999999994,50.2926,False,3,CLUB BALONCESTO TOLEDO BASKET,False
COPA ESPAÑA,"FASE DE GRUPOS ""G""",SPANISH BASKETBALL ACADEMY,77,E. MEDINA ROA,5.0,53.4574,True,3,CLUB BALONCESTO TOLEDO BASKET,False
COPA ESPAÑA,"FASE DE GRUPOS ""G""",SPANISH BASKETBALL ACADEMY,21,A. MORENO TRUJILLO,36.0417,22.460099999999997,False,3,CLUB BALONCESTO TOLEDO BASKET,False
COPA ESPAÑA,"FASE DE GRUPOS ""G""",SPANISH BASKETBALL ACADEMY,99,R. GARCIA SALAME,22.5,48.5904,False,3,CLUB BALONCESTO TOLEDO BASKET,False
COPA ESPAÑA,"FASE DE GRUPOS ""G""",SPANISH BASKETBALL ACADEMY,19,L. SAVIKJEVIKJ,4.739599999999996,50.5718,True,3,CLUB BALONCESTO TOLEDO BASKET,False
COPA ESPAÑA,"FASE DE GRUPOS ""G""",SPANISH BASKETBALL ACADEMY,2,E. ARQUES LOPEZ,31.9271,48.3112,False,3,CLUB BALONCESTO TOLEDO BASKET,False
COPA ESPAÑA,"FASE DE GRUPOS ""G""",SPANISH BASKETBALL ACADEMY,33,D. SIMEUNOVIC,3.125,38.258,False,3,CLUB BALONCESTO TOLEDO BASKET,False
COPA ESPAÑA,"FASE DE GRUPOS ""G""",SPANISH BASKETBALL ACADEMY,7,S. TRAORE,22.9167,47.3803,False,3,CLUB BALONCESTO TOLEDO BASKET,False
COPA ESPAÑA,"FASE DE GRUPOS ""G""",SPANISH BASKETBALL ACADEMY,19,L. SAVIKJEVIKJ,8.02083,95.0399,False,3,CLUB BALONCESTO TOLEDO BASKET,False
COPA ESPAÑA,"FASE DE GRUPOS ""G""",SPANISH BASKETBALL ACADEMY,99,R. GARCIA SALAME,4.479200000000006,48.617,True,3,CLUB BALONCESTO TOLEDO BASKET,False
COPA ESPAÑA,"FASE DE GRUPOS ""G""",SPANISH BASKETBALL ACADEMY,2,E. ARQUES LOPEZ,16.197900000000004,49.3617,True,3,CLUB BALONCESTO TOLEDO BASKET,False
COPA ESPAÑA,"FASE DE GRUPOS ""G""",SPANISH BASKETBALL ACADEMY,21,A. MORENO TRUJILLO,4.53125,43.4707,False,3,CLUB BALONCESTO TOLEDO BASKET,False
COPA ESPAÑA,"FASE DE GRUPOS ""G""",SPANISH BASKETBALL ACADEMY,7,S. TRAORE,3.80208,48.2181,True,3,CLUB BALONCESTO TOLEDO BASKET,False
COPA ESPAÑA,"FASE DE GRUPOS ""G""",SPANISH BASKETBALL ACADEMY,6,J. PUIDET,24.0625,87.8989,True,3,CLUB BALONCESTO TOLEDO BASKET,False
COPA ESPAÑA,"FASE DE GRUPOS ""G""",SPANISH BASKETBALL ACADEMY,77,E. MEDINA ROA,8.489599999999996,54.2021,False,3,CLUB BALONCESTO TOLEDO BASKET,False
COPA ESPAÑA,"FASE DE GRUPOS ""G""",SPANISH BASKETBALL ACADEMY,21,A. MORENO TRUJILLO,13.6979,46.3564,False,3,CLUB BALONCESTO TOLEDO BASKET,False
COPA ESPAÑA,"FASE DE GRUPOS ""G""",SPANISH BASKETBALL ACADEMY,15,J. SANTANO BARTOLOME,4.739599999999996,50.758,True,3,CLUB BALONCESTO TOLEDO BASKET,False
COPA ESPAÑA,"FASE DE GRUPOS ""G""",SPANISH BASKETBALL ACADEMY,2,E. ARQUES LOPEZ,10.8333,47.1011,False,3,CLUB BALONCESTO TOLEDO BASKET,False
COPA ESPAÑA,"FASE DE GRUPOS ""G""",SPANISH BASKETBALL ACADEMY,6,J. PUIDET,5.41667,45.0532,False,3,CLUB BALONCESTO TOLEDO BASKET,False
