Unnamed: 0,team,player_number,left,top,success,game_index,rival,home
0,TOSCONES CORRALEJO,34,32.933,81.169,False,1,CB LA MATANZA,True
1,TOSCONES CORRALEJO,8,9.87309999999999,48.52,True,1,CB LA MATANZA,True
2,TOSCONES CORRALEJO,30,28.42,13.486,False,1,CB LA MATANZA,True
3,TOSCONES CORRALEJO,17,32.369,18.527,True,1,CB LA MATANZA,True
4,TOSCONES CORRALEJO,9,14.174,52.18,False,1,CB LA MATANZA,True
5,TOSCONES CORRALEJO,8,30.818,21.678,True,1,CB LA MATANZA,True
6,TOSCONES CORRALEJO,9,12.0592,60.498,False,1,CB LA MATANZA,True
7,TOSCONES CORRALEJO,30,29.407,78.27,False,1,CB LA MATANZA,True
8,TOSCONES CORRALEJO,11,29.548,83.81,False,1,CB LA MATANZA,True
9,TOSCONES CORRALEJO,34,33.004,23.947,False,1,CB LA MATANZA,True
10,TOSCONES CORRALEJO,8,11.847,50.415,True,1,CB LA MATANZA,True
11,TOSCONES CORRALEJO,34,29.196,78.648,True,1,CB LA MATANZA,True
12,TOSCONES CORRALEJO,8,11.42449999999999,51.802,True,1,CB LA MATANZA,True
13,TOSCONES CORRALEJO,34,19.393,23.065,True,1,CB LA MATANZA,True
14,TOSCONES CORRALEJO,11,10.1551,51.171,True,1,CB LA MATANZA,True
15,TOSCONES CORRALEJO,6,25.105,14.116,False,1,CB LA MATANZA,True
16,TOSCONES CORRALEJO,9,9.026,61.507,False,1,CB LA MATANZA,True
17,TOSCONES CORRALEJO,17,21.65,53.188,False,1,CB LA MATANZA,True
18,TOSCONES CORRALEJO,17,10.789,38.946,True,1,CB LA MATANZA,True
19,TOSCONES CORRALEJO,34,13.046,36.929,True,1,CB LA MATANZA,True
20,TOSCONES CORRALEJO,9,29.83,81.421,False,1,CB LA MATANZA,True
21,TOSCONES CORRALEJO,11,14.66849999999999,46.886,True,1,CB LA MATANZA,True
22,TOSCONES CORRALEJO,17,10.719,46.256,True,1,CB LA MATANZA,True
23,TOSCONES CORRALEJO,34,32.087,71.968,False,1,CB LA MATANZA,True
24,TOSCONES CORRALEJO,34,30.253,25.83,False,1,CB LA MATANZA,True
25,TOSCONES CORRALEJO,9,30.818,72.976,False,1,CB LA MATANZA,True
26,TOSCONES CORRALEJO,34,31.805,76.883,True,1,CB LA MATANZA,True
27,TOSCONES CORRALEJO,11,14.8096,93.142,True,1,CB LA MATANZA,True
28,TOSCONES CORRALEJO,17,28.772,17.771,False,1,CB LA MATANZA,True
29,TOSCONES CORRALEJO,6,27.2214,9.5789,False,1,CB LA MATANZA,True
30,TOSCONES CORRALEJO,15,16.29,68.061,False,1,CB LA MATANZA,True
31,TOSCONES CORRALEJO,17,10.36669999999999,48.146,True,1,CB LA MATANZA,True
32,TOSCONES CORRALEJO,9,30.53,71.842,False,1,CB LA MATANZA,True
33,TOSCONES CORRALEJO,11,12.83499999999999,52.81,False,1,CB LA MATANZA,True
34,TOSCONES CORRALEJO,17,19.81659999999999,41.84,False,1,CB LA MATANZA,True
35,TOSCONES CORRALEJO,34,35.54,35.41,False,1,CB LA MATANZA,True
36,TOSCONES CORRALEJO,17,9.449,40.332,True,1,CB LA MATANZA,True
37,TOSCONES CORRALEJO,34,14.95,31.761,False,1,CB LA MATANZA,True
38,TOSCONES CORRALEJO,11,13.54,31.761,True,1,CB LA MATANZA,True
39,TOSCONES CORRALEJO,9,29.83069999999999,15.88,True,1,CB LA MATANZA,True
40,TOSCONES CORRALEJO,9,29.619,79.656,False,1,CB LA MATANZA,True
41,TOSCONES CORRALEJO,34,32.51,72.976,True,1,CB LA MATANZA,True
42,TOSCONES CORRALEJO,11,16.854,46.508,False,1,CB LA MATANZA,True
43,TOSCONES CORRALEJO,9,12.9055,48.02,False,1,CB LA MATANZA,True
44,TOSCONES CORRALEJO,17,12.9055,48.02,False,1,CB LA MATANZA,True
45,TOSCONES CORRALEJO,9,29.971,17.645,True,1,CB LA MATANZA,True
46,TOSCONES CORRALEJO,9,23.554,49.785,False,1,CB LA MATANZA,True
47,TOSCONES CORRALEJO,30,26.234,84.824,False,1,CB LA MATANZA,True
48,TOSCONES CORRALEJO,17,12.76449999999999,46.508,False,1,CB LA MATANZA,True
49,TOSCONES CORRALEJO,9,12.482,45.24,True,1,CB LA MATANZA,True
50,TOSCONES CORRALEJO,11,6.06489999999999,6.9321,False,1,CB LA MATANZA,True
51,TOSCONES CORRALEJO,11,16.29059999999999,44.743,False,1,CB LA MATANZA,True
52,TOSCONES CORRALEJO,17,8.18049999999999,52.054,True,1,CB LA MATANZA,True
53,TOSCONES CORRALEJO,11,18.335,49.911,False,1,CB LA MATANZA,True
54,TOSCONES CORRALEJO,9,20.874,48.903,False,1,CB LA MATANZA,True
55,TOSCONES CORRALEJO,6,12.83,22.56,True,1,CB LA MATANZA,True
56,TOSCONES CORRALEJO,11,7.33429999999999,77.135,False,1,CB LA MATANZA,True
57,TOSCONES CORRALEJO,9,24.753,46.256,False,1,CB LA MATANZA,True
58,TOSCONES CORRALEJO,9,17.277,41.718,True,1,CB LA MATANZA,True
59,TOSCONES CORRALEJO,8,16.57259999999999,54.574,False,1,CB LA MATANZA,True
60,TOSCONES CORRALEJO,15,8.18049999999999,51.297,False,1,CB LA MATANZA,True
61,TOSCONES CORRALEJO,9,16.784,56.843,False,1,CB LA MATANZA,True
62,TOSCONES CORRALEJO,11,31.523,24.955,False,1,CB LA MATANZA,True
63,TOSCONES CORRALEJO,17,36.53,60.75,False,1,CB LA MATANZA,True
64,CB LA MATANZA,10,34.414,48.146,True,1,TOSCONES CORRALEJO,False
65,CB LA MATANZA,7,24.682,61.002,False,1,TOSCONES CORRALEJO,False
66,CB LA MATANZA,23,22.002,60.75,False,1,TOSCONES CORRALEJO,False
67,CB LA MATANZA,11,24.823,87.597,False,1,TOSCONES CORRALEJO,False
68,CB LA MATANZA,0,15.0917,51.802,False,1,TOSCONES CORRALEJO,False
69,CB LA MATANZA,7,11.5656,49.281,False,1,TOSCONES CORRALEJO,False
70,CB LA MATANZA,23,32.51,73.858,True,1,TOSCONES CORRALEJO,False
71,CB LA MATANZA,3,25.105,87.975,True,1,TOSCONES CORRALEJO,False
72,CB LA MATANZA,23,31.523,22.056,True,1,TOSCONES CORRALEJO,False
73,CB LA MATANZA,10,7.545,61.38,True,1,TOSCONES CORRALEJO,False
74,CB LA MATANZA,23,9.6615,51.802,True,1,TOSCONES CORRALEJO,False
75,CB LA MATANZA,23,13.681,67.68,False,1,TOSCONES CORRALEJO,False
76,CB LA MATANZA,23,32.933,73.102,False,1,TOSCONES CORRALEJO,False
77,CB LA MATANZA,0,12.3413,56.213,False,1,TOSCONES CORRALEJO,False
78,CB LA MATANZA,10,13.6812,52.558,True,1,TOSCONES CORRALEJO,False
79,CB LA MATANZA,10,26.86879999999999,88.227,False,1,TOSCONES CORRALEJO,False
80,CB LA MATANZA,0,13.046,37.181,False,1,TOSCONES CORRALEJO,False
81,CB LA MATANZA,23,30.465,80.286,False,1,TOSCONES CORRALEJO,False
82,CB LA MATANZA,14,15.02119999999999,51.5,True,1,TOSCONES CORRALEJO,False
83,CB LA MATANZA,23,25.81,49.785,True,1,TOSCONES CORRALEJO,False
84,CB LA MATANZA,14,21.43859999999999,8.9487,False,1,TOSCONES CORRALEJO,False
85,CB LA MATANZA,23,27.5035,42.601,True,1,TOSCONES CORRALEJO,False
86,CB LA MATANZA,11,24.04,89.487,False,1,TOSCONES CORRALEJO,False
87,CB LA MATANZA,11,28.42,16.889,True,1,TOSCONES CORRALEJO,False
88,CB LA MATANZA,23,30.465,19.662,True,1,TOSCONES CORRALEJO,False
89,CB LA MATANZA,11,25.81,86.96,False,1,TOSCONES CORRALEJO,False
90,CB LA MATANZA,7,11.988,45.12,True,1,TOSCONES CORRALEJO,False
91,CB LA MATANZA,23,27.644,83.81,False,1,TOSCONES CORRALEJO,False
92,CB LA MATANZA,10,31.805,20.544,True,1,TOSCONES CORRALEJO,False
93,CB LA MATANZA,10,26.868,16.511,False,1,TOSCONES CORRALEJO,False
94,CB LA MATANZA,7,21.297,62.515,False,1,TOSCONES CORRALEJO,False
95,CB LA MATANZA,6,11.636,52.558,True,1,TOSCONES CORRALEJO,False
96,CB LA MATANZA,10,27.08,85.202,False,1,TOSCONES CORRALEJO,False
97,CB LA MATANZA,14,34.9788,61.633,False,1,TOSCONES CORRALEJO,False
98,CB LA MATANZA,0,13.963,41.592,False,1,TOSCONES CORRALEJO,False
99,CB LA MATANZA,11,25.458,61.759,False,1,TOSCONES CORRALEJO,False
100,CB LA MATANZA,3,25.3173,15.628,False,1,TOSCONES CORRALEJO,False
101,CB LA MATANZA,23,10.296,46.13,True,1,TOSCONES CORRALEJO,False
102,CB LA MATANZA,10,24.4,9.5789,False,1,TOSCONES CORRALEJO,False
103,CB LA MATANZA,22,22.778,88.605,False,1,TOSCONES CORRALEJO,False
104,CB LA MATANZA,0,13.61,61.38,False,1,TOSCONES CORRALEJO,False
105,CB LA MATANZA,14,17.2073,36.677,True,1,TOSCONES CORRALEJO,False
106,CB LA MATANZA,22,13.82229999999999,49.785,True,1,TOSCONES CORRALEJO,False
107,CB LA MATANZA,22,12.48239999999999,48.39,True,1,TOSCONES CORRALEJO,False
108,CB LA MATANZA,23,28.49079999999999,18.401,False,1,TOSCONES CORRALEJO,False
109,CB LA MATANZA,10,35.4,56.591,False,1,TOSCONES CORRALEJO,False
110,CB LA MATANZA,7,31.029,23.569,False,1,TOSCONES CORRALEJO,False
111,CB LA MATANZA,10,12.059,38.56,False,1,TOSCONES CORRALEJO,False
112,CB LA MATANZA,14,31.593,74.23,False,1,TOSCONES CORRALEJO,False
113,CB LA MATANZA,7,33.991,35.164,False,1,TOSCONES CORRALEJO,False
114,CB LA MATANZA,10,11.636,42.475,False,1,TOSCONES CORRALEJO,False
115,CB LA MATANZA,0,24.682,35.038,False,1,TOSCONES CORRALEJO,False
116,CB LA MATANZA,23,19.534,47.516,True,1,TOSCONES CORRALEJO,False
117,CB LA MATANZA,23,8.392,62.515,False,1,TOSCONES CORRALEJO,False
118,CB LA MATANZA,23,31.1,79.908,True,1,TOSCONES CORRALEJO,False
119,TOBARRA CB,28,35.4,55.331,False,1,CESUR DISTRITO OLIMPICO,True
120,TOBARRA CB,22,9.73,56.717,False,1,CESUR DISTRITO OLIMPICO,True
121,TOBARRA CB,10,34.696,30.123,False,1,CESUR DISTRITO OLIMPICO,True
122,TOBARRA CB,5,30.253,80.412,False,1,CESUR DISTRITO OLIMPICO,True
123,TOBARRA CB,91,30.394,82.807,True,1,CESUR DISTRITO OLIMPICO,True
124,TOBARRA CB,91,31.523,79.026,True,1,CESUR DISTRITO OLIMPICO,True
125,TOBARRA CB,22,12.129,54.95,True,1,CESUR DISTRITO OLIMPICO,True
126,TOBARRA CB,28,13.61,50.037,False,1,CESUR DISTRITO OLIMPICO,True
127,TOBARRA CB,10,31.593,21.804,True,1,CESUR DISTRITO OLIMPICO,True
128,TOBARRA CB,91,13.963,50.163,False,1,CESUR DISTRITO OLIMPICO,True
129,TOBARRA CB,31,11.42449999999999,47.138,False,1,CESUR DISTRITO OLIMPICO,True
130,TOBARRA CB,10,11.2835,92.512,True,1,CESUR DISTRITO OLIMPICO,True
131,TOBARRA CB,28,33.356,81.925,False,1,CESUR DISTRITO OLIMPICO,True
132,TOBARRA CB,26,7.404,53.062,False,1,CESUR DISTRITO OLIMPICO,True
133,TOBARRA CB,28,9.52049999999999,53.314,True,1,CESUR DISTRITO OLIMPICO,True
134,TOBARRA CB,91,14.5275,27.728,True,1,CESUR DISTRITO OLIMPICO,True
135,TOBARRA CB,22,7.05219999999999,47.264,True,1,CESUR DISTRITO OLIMPICO,True
136,TOBARRA CB,10,33.356,21.174,True,1,CESUR DISTRITO OLIMPICO,True
137,TOBARRA CB,26,32.369,78.9,False,1,CESUR DISTRITO OLIMPICO,True
138,TOBARRA CB,28,34.203,24.577,True,1,CESUR DISTRITO OLIMPICO,True
139,TOBARRA CB,26,31.664,15.88,True,1,CESUR DISTRITO OLIMPICO,True
140,TOBARRA CB,91,11.495,29.241,False,1,CESUR DISTRITO OLIMPICO,True
141,TOBARRA CB,28,23.624,53.818,False,1,CESUR DISTRITO OLIMPICO,True
142,TOBARRA CB,31,12.97,52.432,True,1,CESUR DISTRITO OLIMPICO,True
143,TOBARRA CB,91,34.2031,65.54,True,1,CESUR DISTRITO OLIMPICO,True
144,TOBARRA CB,5,16.149,51.423,False,1,CESUR DISTRITO OLIMPICO,True
145,TOBARRA CB,28,9.87309999999999,47.516,True,1,CESUR DISTRITO OLIMPICO,True
146,TOBARRA CB,91,15.514,52.054,False,1,CESUR DISTRITO OLIMPICO,True
147,TOBARRA CB,10,14.174,26.468,False,1,CESUR DISTRITO OLIMPICO,True
148,TOBARRA CB,91,10.789,49.785,True,1,CESUR DISTRITO OLIMPICO,True
149,TOBARRA CB,28,11.283,60.498,False,1,CESUR DISTRITO OLIMPICO,True
150,TOBARRA CB,28,29.196,87.723,True,1,CESUR DISTRITO OLIMPICO,True
151,TOBARRA CB,10,13.328,47.012,False,1,CESUR DISTRITO OLIMPICO,True
152,TOBARRA CB,21,12.059,49.911,True,1,CESUR DISTRITO OLIMPICO,True
153,TOBARRA CB,28,9.02679999999999,56.717,False,1,CESUR DISTRITO OLIMPICO,True
154,TOBARRA CB,22,32.722,21.048,False,1,CESUR DISTRITO OLIMPICO,True
155,TOBARRA CB,91,15.796,49.407,False,1,CESUR DISTRITO OLIMPICO,True
156,TOBARRA CB,91,23.836,32.77,False,1,CESUR DISTRITO OLIMPICO,True
157,TOBARRA CB,10,12.482,49.155,True,1,CESUR DISTRITO OLIMPICO,True
158,TOBARRA CB,28,11.70659999999999,48.02,False,1,CESUR DISTRITO OLIMPICO,True
159,TOBARRA CB,28,11.0014,53.314,True,1,CESUR DISTRITO OLIMPICO,True
160,TOBARRA CB,91,11.35,45.12,False,1,CESUR DISTRITO OLIMPICO,True
161,TOBARRA CB,21,11.918,27.98,False,1,CESUR DISTRITO OLIMPICO,True
162,TOBARRA CB,91,33.3568,52.18,False,1,CESUR DISTRITO OLIMPICO,True
163,TOBARRA CB,91,15.867,72.976,False,1,CESUR DISTRITO OLIMPICO,True
164,TOBARRA CB,91,31.523,76.379,False,1,CESUR DISTRITO OLIMPICO,True
165,TOBARRA CB,31,15.232,48.146,True,1,CESUR DISTRITO OLIMPICO,True
166,TOBARRA CB,10,6.77009999999999,58.23,False,1,CESUR DISTRITO OLIMPICO,True
167,TOBARRA CB,28,8.95629999999999,23.695,False,1,CESUR DISTRITO OLIMPICO,True
168,TOBARRA CB,28,11.495,51.171,False,1,CESUR DISTRITO OLIMPICO,True
169,TOBARRA CB,28,9.0973,51.928,True,1,CESUR DISTRITO OLIMPICO,True
170,TOBARRA CB,10,31.029,34.912,False,1,CESUR DISTRITO OLIMPICO,True
171,TOBARRA CB,91,27.7151,81.295,False,1,CESUR DISTRITO OLIMPICO,True
172,TOBARRA CB,26,9.449,51.802,False,1,CESUR DISTRITO OLIMPICO,True
173,TOBARRA CB,91,11.424,49.281,False,1,CESUR DISTRITO OLIMPICO,True
174,TOBARRA CB,28,34.062,72.22,False,1,CESUR DISTRITO OLIMPICO,True
175,TOBARRA CB,28,9.873,49.785,False,1,CESUR DISTRITO OLIMPICO,True
176,TOBARRA CB,10,8.5331,51.928,True,1,CESUR DISTRITO OLIMPICO,True
177,TOBARRA CB,26,12.2,50.037,False,1,CESUR DISTRITO OLIMPICO,True
178,TOBARRA CB,5,23.554,49.785,False,1,CESUR DISTRITO OLIMPICO,True
179,TOBARRA CB,28,10.4372,49.281,True,1,CESUR DISTRITO OLIMPICO,True
180,TOBARRA CB,6,26.868,49.533,False,1,CESUR DISTRITO OLIMPICO,True
181,TOBARRA CB,10,12.693,53.314,False,1,CESUR DISTRITO OLIMPICO,True
182,TOBARRA CB,22,30.042,20.67,True,1,CESUR DISTRITO OLIMPICO,True
183,TOBARRA CB,10,29.407,76.379,False,1,CESUR DISTRITO OLIMPICO,True
184,TOBARRA CB,91,9.449,48.39,False,1,CESUR DISTRITO OLIMPICO,True
185,TOBARRA CB,26,11.35,51.297,True,1,CESUR DISTRITO OLIMPICO,True
186,TOBARRA CB,10,34.062,32.896,False,1,CESUR DISTRITO OLIMPICO,True
187,TOBARRA CB,91,33.7,67.304,True,1,CESUR DISTRITO OLIMPICO,True
188,TOBARRA CB,26,9.9436,54.574,True,1,CESUR DISTRITO OLIMPICO,True
189,TOBARRA CB,91,11.565,53.566,True,1,CESUR DISTRITO OLIMPICO,True
190,TOBARRA CB,21,12.83,52.936,True,1,CESUR DISTRITO OLIMPICO,True
191,CESUR DISTRITO OLIMPICO,33,29.407,77.26,False,1,TOBARRA CB,False
192,CESUR DISTRITO OLIMPICO,10,7.68689999999999,93.016,True,1,TOBARRA CB,False
193,CESUR DISTRITO OLIMPICO,70,8.74469999999999,51.297,True,1,TOBARRA CB,False
194,CESUR DISTRITO OLIMPICO,5,8.5331,47.516,True,1,TOBARRA CB,False
195,CESUR DISTRITO OLIMPICO,33,20.8,51.171,True,1,TOBARRA CB,False
196,CESUR DISTRITO OLIMPICO,70,9.449,48.02,True,1,TOBARRA CB,False
197,CESUR DISTRITO OLIMPICO,15,10.93,52.054,True,1,TOBARRA CB,False
198,CESUR DISTRITO OLIMPICO,12,31.311,19.662,False,1,TOBARRA CB,False
199,CESUR DISTRITO OLIMPICO,16,36.177,56.339,False,1,TOBARRA CB,False
200,CESUR DISTRITO OLIMPICO,10,18.053,22.68,False,1,TOBARRA CB,False
201,CESUR DISTRITO OLIMPICO,16,14.668,46.13,True,1,TOBARRA CB,False
202,CESUR DISTRITO OLIMPICO,14,12.693,50.919,True,1,TOBARRA CB,False
203,CESUR DISTRITO OLIMPICO,10,33.215,38.189,False,1,TOBARRA CB,False
204,CESUR DISTRITO OLIMPICO,2,9.73,49.533,False,1,TOBARRA CB,False
205,CESUR DISTRITO OLIMPICO,2,12.623,54.448,True,1,TOBARRA CB,False
206,CESUR DISTRITO OLIMPICO,10,7.40479999999999,51.297,True,1,TOBARRA CB,False
207,CESUR DISTRITO OLIMPICO,70,9.0973,52.306,True,1,TOBARRA CB,False
208,CESUR DISTRITO OLIMPICO,97,18.829,89.235,False,1,TOBARRA CB,False
209,CESUR DISTRITO OLIMPICO,10,29.971,75.497,True,1,TOBARRA CB,False
210,CESUR DISTRITO OLIMPICO,15,13.258,50.541,True,1,TOBARRA CB,False
211,CESUR DISTRITO OLIMPICO,14,11.071,48.777,True,1,TOBARRA CB,False
212,CESUR DISTRITO OLIMPICO,70,10.578,52.306,True,1,TOBARRA CB,False
213,CESUR DISTRITO OLIMPICO,10,29.478,22.813,False,1,TOBARRA CB,False
214,CESUR DISTRITO OLIMPICO,33,16.29,72.22,True,1,TOBARRA CB,False
215,CESUR DISTRITO OLIMPICO,70,10.789,47.516,True,1,TOBARRA CB,False
216,CESUR DISTRITO OLIMPICO,16,13.117,28.61,True,1,TOBARRA CB,False
217,CESUR DISTRITO OLIMPICO,33,6.9817,53.944,False,1,TOBARRA CB,False
218,CESUR DISTRITO OLIMPICO,97,11.70659999999999,50.289,False,1,TOBARRA CB,False
219,CESUR DISTRITO OLIMPICO,15,11.283,52.306,True,1,TOBARRA CB,False
220,CESUR DISTRITO OLIMPICO,2,33.074,75.875,True,1,TOBARRA CB,False
221,CESUR DISTRITO OLIMPICO,15,10.296,51.802,True,1,TOBARRA CB,False
222,CESUR DISTRITO OLIMPICO,15,23.765,50.037,False,1,TOBARRA CB,False
223,CESUR DISTRITO OLIMPICO,5,33.427,70.329,False,1,TOBARRA CB,False
224,CESUR DISTRITO OLIMPICO,33,36.812,69.573,False,1,TOBARRA CB,False
225,CESUR DISTRITO OLIMPICO,2,12.411,50.037,True,1,TOBARRA CB,False
226,CESUR DISTRITO OLIMPICO,16,9.52049999999999,50.541,False,1,TOBARRA CB,False
227,CESUR DISTRITO OLIMPICO,10,8.74469999999999,42.475,False,1,TOBARRA CB,False
228,CESUR DISTRITO OLIMPICO,33,12.27,72.346,True,1,TOBARRA CB,False
229,CESUR DISTRITO OLIMPICO,16,32.581,68.565,False,1,TOBARRA CB,False
230,CESUR DISTRITO OLIMPICO,12,10.578,52.81,True,1,TOBARRA CB,False
231,CESUR DISTRITO OLIMPICO,2,28.208,83.437,True,1,TOBARRA CB,False
232,CESUR DISTRITO OLIMPICO,12,8.6037,51.67,False,1,TOBARRA CB,False
233,CESUR DISTRITO OLIMPICO,33,17.207,50.667,True,1,TOBARRA CB,False
234,CESUR DISTRITO OLIMPICO,2,30.11279999999999,81.043,True,1,TOBARRA CB,False
235,CESUR DISTRITO OLIMPICO,87,9.59099999999999,57.095,False,1,TOBARRA CB,False
236,CESUR DISTRITO OLIMPICO,15,10.08459999999999,53.944,True,1,TOBARRA CB,False
237,CESUR DISTRITO OLIMPICO,15,9.9436,52.81,False,1,TOBARRA CB,False
238,CESUR DISTRITO OLIMPICO,2,15.796,22.182,True,1,TOBARRA CB,False
239,CESUR DISTRITO OLIMPICO,10,10.437,54.07,True,1,TOBARRA CB,False
240,CESUR DISTRITO OLIMPICO,70,9.80249999999999,51.5,True,1,TOBARRA CB,False
241,CESUR DISTRITO OLIMPICO,16,17.983,73.984,True,1,TOBARRA CB,False
242,CESUR DISTRITO OLIMPICO,15,11.142,51.171,True,1,TOBARRA CB,False
243,CESUR DISTRITO OLIMPICO,15,9.52049999999999,52.81,False,1,TOBARRA CB,False
244,CESUR DISTRITO OLIMPICO,15,14.033,47.516,True,1,TOBARRA CB,False
245,CESUR DISTRITO OLIMPICO,12,22.9196,12.85,False,1,TOBARRA CB,False
246,CESUR DISTRITO OLIMPICO,70,9.80249999999999,46.256,True,1,TOBARRA CB,False
247,CESUR DISTRITO OLIMPICO,33,13.4697,55.331,False,1,TOBARRA CB,False
248,CESUR DISTRITO OLIMPICO,2,33.7,76.757,True,1,TOBARRA CB,False
249,CESUR DISTRITO OLIMPICO,33,36.318,32.896,False,1,TOBARRA CB,False
250,CESUR DISTRITO OLIMPICO,33,9.87309999999999,7.3102,False,1,TOBARRA CB,False
251,CESUR DISTRITO OLIMPICO,13,28.984,19.157,False,1,TOBARRA CB,False
252,CESUR DISTRITO OLIMPICO,10,34.626,53.314,False,1,TOBARRA CB,False
253,CESUR DISTRITO OLIMPICO,2,13.61,57.851,False,1,TOBARRA CB,False
254,CESUR DISTRITO OLIMPICO,33,7.263,48.27,True,1,TOBARRA CB,False
255,CESUR DISTRITO OLIMPICO,15,9.8025,52.432,True,1,TOBARRA CB,False
256,CESUR DISTRITO OLIMPICO,14,11.21,59.742,False,1,TOBARRA CB,False
257,CESUR DISTRITO OLIMPICO,33,32.933,21.552,True,1,TOBARRA CB,False
258,NÁUTICO TENERIFE,55,10.93,42.349,False,1,BALONCESTO ALCALA,True
259,NÁUTICO TENERIFE,55,6.9816,62.767,False,1,BALONCESTO ALCALA,True
260,NÁUTICO TENERIFE,5,9.873,45.24,True,1,BALONCESTO ALCALA,True
261,NÁUTICO TENERIFE,55,7.1227,57.221,True,1,BALONCESTO ALCALA,True
262,NÁUTICO TENERIFE,5,6.9111,63.523,False,1,BALONCESTO ALCALA,True
263,NÁUTICO TENERIFE,3,32.228,26.72,False,1,BALONCESTO ALCALA,True
264,NÁUTICO TENERIFE,55,8.8857,61.633,True,1,BALONCESTO ALCALA,True
265,NÁUTICO TENERIFE,7,27.009,11.343,False,1,BALONCESTO ALCALA,True
266,NÁUTICO TENERIFE,5,8.6036,38.441,True,1,BALONCESTO ALCALA,True
267,NÁUTICO TENERIFE,5,12.2,49.155,True,1,BALONCESTO ALCALA,True
268,NÁUTICO TENERIFE,5,7.68689999999999,41.718,True,1,BALONCESTO ALCALA,True
269,NÁUTICO TENERIFE,5,11.142,71.716,False,1,BALONCESTO ALCALA,True
270,NÁUTICO TENERIFE,3,25.881,86.462,True,1,BALONCESTO ALCALA,True
271,NÁUTICO TENERIFE,55,27.503,82.681,True,1,BALONCESTO ALCALA,True
272,NÁUTICO TENERIFE,23,27.9972,13.738,False,1,BALONCESTO ALCALA,True
273,NÁUTICO TENERIFE,7,22.284,89.361,False,1,BALONCESTO ALCALA,True
274,NÁUTICO TENERIFE,3,8.5331,55.205,True,1,BALONCESTO ALCALA,True
275,NÁUTICO TENERIFE,23,18.688,95.159,False,1,BALONCESTO ALCALA,True
276,NÁUTICO TENERIFE,3,10.5078,94.403,True,1,BALONCESTO ALCALA,True
277,NÁUTICO TENERIFE,5,28.631,80.412,False,1,BALONCESTO ALCALA,True
278,NÁUTICO TENERIFE,55,11.42449999999999,42.223,False,1,BALONCESTO ALCALA,True
279,NÁUTICO TENERIFE,5,9.30889999999999,71.59,True,1,BALONCESTO ALCALA,True
280,NÁUTICO TENERIFE,55,10.084,41.214,True,1,BALONCESTO ALCALA,True
281,NÁUTICO TENERIFE,7,6.1354,92.764,False,1,BALONCESTO ALCALA,True
282,NÁUTICO TENERIFE,34,7.6868,6.3019,False,1,BALONCESTO ALCALA,True
283,NÁUTICO TENERIFE,23,14.668,52.432,False,1,BALONCESTO ALCALA,True
284,NÁUTICO TENERIFE,5,13.9633,33.778,False,1,BALONCESTO ALCALA,True
285,NÁUTICO TENERIFE,55,10.014,51.423,True,1,BALONCESTO ALCALA,True
286,NÁUTICO TENERIFE,5,31.875,28.106,False,1,BALONCESTO ALCALA,True
287,NÁUTICO TENERIFE,3,29.3371,20.292,True,1,BALONCESTO ALCALA,True
288,NÁUTICO TENERIFE,5,22.99,23.443,False,1,BALONCESTO ALCALA,True
289,NÁUTICO TENERIFE,55,13.61,67.43,False,1,BALONCESTO ALCALA,True
290,NÁUTICO TENERIFE,55,9.9436,42.097,True,1,BALONCESTO ALCALA,True
291,NÁUTICO TENERIFE,5,24.18899999999999,52.18,True,1,BALONCESTO ALCALA,True
292,NÁUTICO TENERIFE,12,11.424,35.921,False,1,BALONCESTO ALCALA,True
293,NÁUTICO TENERIFE,5,10.578,37.937,True,1,BALONCESTO ALCALA,True
294,NÁUTICO TENERIFE,5,9.873,72.976,False,1,BALONCESTO ALCALA,True
295,NÁUTICO TENERIFE,5,10.64879999999999,40.206,True,1,BALONCESTO ALCALA,True
296,NÁUTICO TENERIFE,55,6.34699999999999,60.498,False,1,BALONCESTO ALCALA,True
297,NÁUTICO TENERIFE,5,6.4174,62.641,True,1,BALONCESTO ALCALA,True
298,NÁUTICO TENERIFE,34,5.5712,59.238,True,1,BALONCESTO ALCALA,True
299,NÁUTICO TENERIFE,39,5.4301,59.238,True,1,BALONCESTO ALCALA,True
300,NÁUTICO TENERIFE,51,8.7447,40.458,False,1,BALONCESTO ALCALA,True
301,NÁUTICO TENERIFE,34,7.12269999999999,55.457,False,1,BALONCESTO ALCALA,True
302,NÁUTICO TENERIFE,5,24.753,55.835,True,1,BALONCESTO ALCALA,True
303,NÁUTICO TENERIFE,44,35.613,44.617,False,1,BALONCESTO ALCALA,True
304,NÁUTICO TENERIFE,55,8.251,43.105,False,1,BALONCESTO ALCALA,True
305,NÁUTICO TENERIFE,5,22.002,50.793,True,1,BALONCESTO ALCALA,True
306,NÁUTICO TENERIFE,25,10.014,56.843,False,1,BALONCESTO ALCALA,True
307,NÁUTICO TENERIFE,25,10.648,92.134,False,1,BALONCESTO ALCALA,True
308,NÁUTICO TENERIFE,3,21.72,11.469,True,1,BALONCESTO ALCALA,True
309,NÁUTICO TENERIFE,51,7.2637,6.554,False,1,BALONCESTO ALCALA,True
310,NÁUTICO TENERIFE,25,27.221,15.754,True,1,BALONCESTO ALCALA,True
311,NÁUTICO TENERIFE,5,25.0353,51.5,False,1,BALONCESTO ALCALA,True
312,NÁUTICO TENERIFE,44,13.54,31.761,False,1,BALONCESTO ALCALA,True
313,NÁUTICO TENERIFE,55,6.9111,60.246,True,1,BALONCESTO ALCALA,True
314,NÁUTICO TENERIFE,5,25.0353,52.81,False,1,BALONCESTO ALCALA,True
315,NÁUTICO TENERIFE,3,19.746,32.26,True,1,BALONCESTO ALCALA,True
316,NÁUTICO TENERIFE,3,17.41889999999999,50.289,True,1,BALONCESTO ALCALA,True
317,NÁUTICO TENERIFE,5,13.04649999999999,39.828,False,1,BALONCESTO ALCALA,True
318,NÁUTICO TENERIFE,5,20.733,31.887,False,1,BALONCESTO ALCALA,True
319,NÁUTICO TENERIFE,39,8.1805,43.483,False,1,BALONCESTO ALCALA,True
320,NÁUTICO TENERIFE,5,18.688,43.357,False,1,BALONCESTO ALCALA,True
321,BALONCESTO ALCALA,91,12.27,37.811,False,1,NÁUTICO TENERIFE,False
322,BALONCESTO ALCALA,19,34.062,30.501,True,1,NÁUTICO TENERIFE,False
323,BALONCESTO ALCALA,91,8.251,42.601,True,1,NÁUTICO TENERIFE,False
324,BALONCESTO ALCALA,19,9.026,36.677,False,1,NÁUTICO TENERIFE,False
325,BALONCESTO ALCALA,19,24.5416,84.824,False,1,NÁUTICO TENERIFE,False
326,BALONCESTO ALCALA,3,37.87,49.281,False,1,NÁUTICO TENERIFE,False
327,BALONCESTO ALCALA,19,19.887,23.947,False,1,NÁUTICO TENERIFE,False
328,BALONCESTO ALCALA,14,7.40479999999999,60.12,True,1,NÁUTICO TENERIFE,False
329,BALONCESTO ALCALA,19,9.30889999999999,76.001,False,1,NÁUTICO TENERIFE,False
330,BALONCESTO ALCALA,10,8.0394,39.072,True,1,NÁUTICO TENERIFE,False
331,BALONCESTO ALCALA,19,12.341,24.703,False,1,NÁUTICO TENERIFE,False
332,BALONCESTO ALCALA,10,10.014,42.349,False,1,NÁUTICO TENERIFE,False
333,BALONCESTO ALCALA,14,12.341,38.441,False,1,NÁUTICO TENERIFE,False
334,BALONCESTO ALCALA,82,6.0648,95.537,False,1,NÁUTICO TENERIFE,False
335,BALONCESTO ALCALA,14,6.6996,57.473,True,1,NÁUTICO TENERIFE,False
336,BALONCESTO ALCALA,19,34.626,61.507,False,1,NÁUTICO TENERIFE,False
337,BALONCESTO ALCALA,4,33.4274,12.98,False,1,NÁUTICO TENERIFE,False
338,BALONCESTO ALCALA,91,10.578,39.324,True,1,NÁUTICO TENERIFE,False
339,BALONCESTO ALCALA,14,7.827,58.608,True,1,NÁUTICO TENERIFE,False
340,BALONCESTO ALCALA,19,32.29,25.585,False,1,NÁUTICO TENERIFE,False
341,BALONCESTO ALCALA,19,33.356,24.829,False,1,NÁUTICO TENERIFE,False
342,BALONCESTO ALCALA,13,7.61639999999999,60.12,True,1,NÁUTICO TENERIFE,False
343,BALONCESTO ALCALA,4,31.7348,68.313,False,1,NÁUTICO TENERIFE,False
344,BALONCESTO ALCALA,10,23.836,12.477,False,1,NÁUTICO TENERIFE,False
345,BALONCESTO ALCALA,19,29.901,24.325,True,1,NÁUTICO TENERIFE,False
346,BALONCESTO ALCALA,82,9.0973,96.293,False,1,NÁUTICO TENERIFE,False
347,BALONCESTO ALCALA,14,9.73,36.803,False,1,NÁUTICO TENERIFE,False
348,BALONCESTO ALCALA,14,8.4626,42.727,True,1,NÁUTICO TENERIFE,False
349,BALONCESTO ALCALA,10,8.5331,62.137,True,1,NÁUTICO TENERIFE,False
350,BALONCESTO ALCALA,13,10.86039999999999,40.332,False,1,NÁUTICO TENERIFE,False
351,BALONCESTO ALCALA,10,8.25109999999999,56.969,True,1,NÁUTICO TENERIFE,False
352,BALONCESTO ALCALA,91,14.38649999999999,40.206,False,1,NÁUTICO TENERIFE,False
353,BALONCESTO ALCALA,19,32.016,19.788,False,1,NÁUTICO TENERIFE,False
354,BALONCESTO ALCALA,82,8.392,61.38,True,1,NÁUTICO TENERIFE,False
355,BALONCESTO ALCALA,82,7.1227,64.279,True,1,NÁUTICO TENERIFE,False
356,BALONCESTO ALCALA,19,25.24679999999999,10.461,True,1,NÁUTICO TENERIFE,False
357,BALONCESTO ALCALA,19,16.995,67.43,False,1,NÁUTICO TENERIFE,False
358,BALONCESTO ALCALA,4,26.375,11.469,False,1,NÁUTICO TENERIFE,False
359,BALONCESTO ALCALA,19,25.6,88.227,True,1,NÁUTICO TENERIFE,False
360,BALONCESTO ALCALA,13,10.296,38.315,False,1,NÁUTICO TENERIFE,False
361,BALONCESTO ALCALA,10,10.578,58.608,True,1,NÁUTICO TENERIFE,False
362,BALONCESTO ALCALA,14,9.2383,56.717,True,1,NÁUTICO TENERIFE,False
363,BALONCESTO ALCALA,14,9.3794,60.372,True,1,NÁUTICO TENERIFE,False
364,BALONCESTO ALCALA,4,29.266,21.174,False,1,NÁUTICO TENERIFE,False
365,BALONCESTO ALCALA,14,7.827,95.159,True,1,NÁUTICO TENERIFE,False
366,BALONCESTO ALCALA,4,10.93,35.41,False,1,NÁUTICO TENERIFE,False
367,BALONCESTO ALCALA,4,27.9972,22.939,True,1,NÁUTICO TENERIFE,False
368,BALONCESTO ALCALA,91,8.5331,40.584,False,1,NÁUTICO TENERIFE,False
369,BALONCESTO ALCALA,3,10.578,45.24,True,1,NÁUTICO TENERIFE,False
370,BALONCESTO ALCALA,19,10.64879999999999,52.306,True,1,NÁUTICO TENERIFE,False
371,BALONCESTO ALCALA,4,26.3752,13.738,False,1,NÁUTICO TENERIFE,False
372,BALONCESTO ALCALA,91,6.9816,32.013,False,1,NÁUTICO TENERIFE,False
373,BALONCESTO ALCALA,82,10.86039999999999,40.332,True,1,NÁUTICO TENERIFE,False
374,BALONCESTO ALCALA,13,17.7715,49.155,False,1,NÁUTICO TENERIFE,False
375,BALONCESTO ALCALA,3,28.138,17.015,False,1,NÁUTICO TENERIFE,False
376,BALONCESTO ALCALA,19,9.6615,27.35,True,1,NÁUTICO TENERIFE,False
377,BALONCESTO ALCALA,91,15.937,46.004,False,1,NÁUTICO TENERIFE,False
378,BALONCESTO ALCALA,91,9.6615,58.356,True,1,NÁUTICO TENERIFE,False
379,BALONCESTO ALCALA,3,24.682,49.281,False,1,NÁUTICO TENERIFE,False
380,BALONCESTO ALCALA,4,22.99,89.865,False,1,NÁUTICO TENERIFE,False
381,BALONCESTO ALCALA,5,29.407,84.95,False,1,NÁUTICO TENERIFE,False
382,BALONCESTO ALCALA,10,9.3088,48.39,False,1,NÁUTICO TENERIFE,False
383,BALONCESTO ALCALA,19,33.3568,51.297,False,1,NÁUTICO TENERIFE,False
384,BALONCESTO ALCALA,14,5.641,95.663,False,1,NÁUTICO TENERIFE,False
385,BALONCESTO ALCALA,19,6.06489999999999,59.616,True,1,NÁUTICO TENERIFE,False
386,BALONCESTO ALCALA,4,26.163,82.303,False,1,NÁUTICO TENERIFE,False
387,BALONCESTO ALCALA,10,16.713,37.937,False,1,NÁUTICO TENERIFE,False
388,BALONCESTO ALCALA,19,11.001,58.23,False,1,NÁUTICO TENERIFE,False
389,BALONCESTO ALCALA,13,7.545,57.725,False,1,NÁUTICO TENERIFE,False
390,C.D. BASKET GLOBALCAJA QUINTANAR,6,27.08,83.185,False,1,ALCOBENDAS C.B.,True
391,C.D. BASKET GLOBALCAJA QUINTANAR,3,19.3935,73.606,False,1,ALCOBENDAS C.B.,True
392,C.D. BASKET GLOBALCAJA QUINTANAR,2,33.991,62.515,False,1,ALCOBENDAS C.B.,True
393,C.D. BASKET GLOBALCAJA QUINTANAR,50,10.1551,58.482,False,1,ALCOBENDAS C.B.,True
394,C.D. BASKET GLOBALCAJA QUINTANAR,50,9.238,44.743,True,1,ALCOBENDAS C.B.,True
395,C.D. BASKET GLOBALCAJA QUINTANAR,50,22.6375,90.117,False,1,ALCOBENDAS C.B.,True
396,C.D. BASKET GLOBALCAJA QUINTANAR,2,7.4753,74.615,False,1,ALCOBENDAS C.B.,True
397,C.D. BASKET GLOBALCAJA QUINTANAR,12,8.6037,55.205,True,1,ALCOBENDAS C.B.,True
398,C.D. BASKET GLOBALCAJA QUINTANAR,50,9.732,49.911,False,1,ALCOBENDAS C.B.,True
399,C.D. BASKET GLOBALCAJA QUINTANAR,50,10.789,54.95,False,1,ALCOBENDAS C.B.,True
400,C.D. BASKET GLOBALCAJA QUINTANAR,12,12.83499999999999,26.09,False,1,ALCOBENDAS C.B.,True
401,C.D. BASKET GLOBALCAJA QUINTANAR,2,9.8025,61.12,True,1,ALCOBENDAS C.B.,True
402,C.D. BASKET GLOBALCAJA QUINTANAR,3,29.619,76.127,False,1,ALCOBENDAS C.B.,True
403,C.D. BASKET GLOBALCAJA QUINTANAR,12,9.9435,45.626,False,1,ALCOBENDAS C.B.,True
404,C.D. BASKET GLOBALCAJA QUINTANAR,3,6.77,58.1,True,1,ALCOBENDAS C.B.,True
405,C.D. BASKET GLOBALCAJA QUINTANAR,1,8.95629999999999,38.189,True,1,ALCOBENDAS C.B.,True
406,C.D. BASKET GLOBALCAJA QUINTANAR,8,10.4372,93.268,True,1,ALCOBENDAS C.B.,True
407,C.D. BASKET GLOBALCAJA QUINTANAR,3,9.2383,94.907,False,1,ALCOBENDAS C.B.,True
408,C.D. BASKET GLOBALCAJA QUINTANAR,14,33.215,35.921,False,1,ALCOBENDAS C.B.,True
409,C.D. BASKET GLOBALCAJA QUINTANAR,21,38.78,78.9,False,1,ALCOBENDAS C.B.,True
410,C.D. BASKET GLOBALCAJA QUINTANAR,2,6.4174,45.752,False,1,ALCOBENDAS C.B.,True
411,C.D. BASKET GLOBALCAJA QUINTANAR,8,13.54,69.951,False,1,ALCOBENDAS C.B.,True
412,C.D. BASKET GLOBALCAJA QUINTANAR,1,10.5078,63.145,False,1,ALCOBENDAS C.B.,True
413,C.D. BASKET GLOBALCAJA QUINTANAR,12,11.0014,38.441,False,1,ALCOBENDAS C.B.,True
414,C.D. BASKET GLOBALCAJA QUINTANAR,14,35.4,59.616,False,1,ALCOBENDAS C.B.,True
415,C.D. BASKET GLOBALCAJA QUINTANAR,2,5.9238,65.918,True,1,ALCOBENDAS C.B.,True
416,C.D. BASKET GLOBALCAJA QUINTANAR,21,9.52049999999999,37.937,False,1,ALCOBENDAS C.B.,True
417,C.D. BASKET GLOBALCAJA QUINTANAR,3,8.392,94.277,False,1,ALCOBENDAS C.B.,True
418,C.D. BASKET GLOBALCAJA QUINTANAR,50,6.6995,43.735,False,1,ALCOBENDAS C.B.,True
419,C.D. BASKET GLOBALCAJA QUINTANAR,3,25.528,12.98,False,1,ALCOBENDAS C.B.,True
420,C.D. BASKET GLOBALCAJA QUINTANAR,2,7.8984,39.45,True,1,ALCOBENDAS C.B.,True
421,C.D. BASKET GLOBALCAJA QUINTANAR,21,29.83069999999999,81.799,False,1,ALCOBENDAS C.B.,True
422,C.D. BASKET GLOBALCAJA QUINTANAR,21,6.0648,93.016,True,1,ALCOBENDAS C.B.,True
423,C.D. BASKET GLOBALCAJA QUINTANAR,8,9.6615,57.599,True,1,ALCOBENDAS C.B.,True
424,C.D. BASKET GLOBALCAJA QUINTANAR,6,16.149,24.073,False,1,ALCOBENDAS C.B.,True
425,C.D. BASKET GLOBALCAJA QUINTANAR,12,12.341,44.113,True,1,ALCOBENDAS C.B.,True
426,C.D. BASKET GLOBALCAJA QUINTANAR,21,7.2637,94.907,False,1,ALCOBENDAS C.B.,True
427,C.D. BASKET GLOBALCAJA QUINTANAR,3,7.7574,55.205,True,1,ALCOBENDAS C.B.,True
428,C.D. BASKET GLOBALCAJA QUINTANAR,2,6.4174,45.752,False,1,ALCOBENDAS C.B.,True
429,C.D. BASKET GLOBALCAJA QUINTANAR,14,32.651,64.784,False,1,ALCOBENDAS C.B.,True
430,C.D. BASKET GLOBALCAJA QUINTANAR,6,9.8025,61.12,False,1,ALCOBENDAS C.B.,True
431,C.D. BASKET GLOBALCAJA QUINTANAR,2,34.485,48.777,True,1,ALCOBENDAS C.B.,True
432,C.D. BASKET GLOBALCAJA QUINTANAR,2,30.465,20.292,False,1,ALCOBENDAS C.B.,True
433,C.D. BASKET GLOBALCAJA QUINTANAR,8,5.641,33.274,True,1,ALCOBENDAS C.B.,True
434,C.D. BASKET GLOBALCAJA QUINTANAR,8,17.63049999999999,62.767,False,1,ALCOBENDAS C.B.,True
435,C.D. BASKET GLOBALCAJA QUINTANAR,50,30.465,21.552,True,1,ALCOBENDAS C.B.,True
436,C.D. BASKET GLOBALCAJA QUINTANAR,2,9.238,36.677,False,1,ALCOBENDAS C.B.,True
437,C.D. BASKET GLOBALCAJA QUINTANAR,50,10.578,57.851,False,1,ALCOBENDAS C.B.,True
438,C.D. BASKET GLOBALCAJA QUINTANAR,12,6.0648,44.869,True,1,ALCOBENDAS C.B.,True
439,C.D. BASKET GLOBALCAJA QUINTANAR,12,16.713,57.095,False,1,ALCOBENDAS C.B.,True
440,C.D. BASKET GLOBALCAJA QUINTANAR,6,16.713,57.095,False,1,ALCOBENDAS C.B.,True
441,C.D. BASKET GLOBALCAJA QUINTANAR,1,28.91,79.152,False,1,ALCOBENDAS C.B.,True
442,C.D. BASKET GLOBALCAJA QUINTANAR,50,10.578,57.851,False,1,ALCOBENDAS C.B.,True
443,C.D. BASKET GLOBALCAJA QUINTANAR,6,20.874,30.879,False,1,ALCOBENDAS C.B.,True
444,C.D. BASKET GLOBALCAJA QUINTANAR,3,11.49509999999999,56.465,False,1,ALCOBENDAS C.B.,True
445,C.D. BASKET GLOBALCAJA QUINTANAR,3,30.465,20.292,False,1,ALCOBENDAS C.B.,True
446,C.D. BASKET GLOBALCAJA QUINTANAR,50,7.0521,57.221,True,1,ALCOBENDAS C.B.,True
447,C.D. BASKET GLOBALCAJA QUINTANAR,21,10.86039999999999,91.882,False,1,ALCOBENDAS C.B.,True
448,C.D. BASKET GLOBALCAJA QUINTANAR,8,32.933,70.9,False,1,ALCOBENDAS C.B.,True
449,C.D. BASKET GLOBALCAJA QUINTANAR,24,30.465,20.292,False,1,ALCOBENDAS C.B.,True
450,C.D. BASKET GLOBALCAJA QUINTANAR,2,7.827,43.861,True,1,ALCOBENDAS C.B.,True
451,C.D. BASKET GLOBALCAJA QUINTANAR,50,9.59099999999999,58.1,False,1,ALCOBENDAS C.B.,True
452,C.D. BASKET GLOBALCAJA QUINTANAR,50,8.392,94.277,False,1,ALCOBENDAS C.B.,True
453,C.D. BASKET GLOBALCAJA QUINTANAR,6,7.8984,58.356,True,1,ALCOBENDAS C.B.,True
454,C.D. BASKET GLOBALCAJA QUINTANAR,50,10.36669999999999,52.936,False,1,ALCOBENDAS C.B.,True
455,C.D. BASKET GLOBALCAJA QUINTANAR,2,21.791,70.077,False,1,ALCOBENDAS C.B.,True
456,C.D. BASKET GLOBALCAJA QUINTANAR,50,9.732,49.911,False,1,ALCOBENDAS C.B.,True
457,C.D. BASKET GLOBALCAJA QUINTANAR,24,8.95629999999999,6.1759,False,1,ALCOBENDAS C.B.,True
458,C.D. BASKET GLOBALCAJA QUINTANAR,6,8.8152,60.12,True,1,ALCOBENDAS C.B.,True
459,C.D. BASKET GLOBALCAJA QUINTANAR,2,9.2383,46.13,True,1,ALCOBENDAS C.B.,True
460,C.D. BASKET GLOBALCAJA QUINTANAR,50,14.5275,5.167,False,1,ALCOBENDAS C.B.,True
461,C.D. BASKET GLOBALCAJA QUINTANAR,21,5.3596,93.64,True,1,ALCOBENDAS C.B.,True
462,C.D. BASKET GLOBALCAJA QUINTANAR,12,11.636,48.777,True,1,ALCOBENDAS C.B.,True
463,C.D. BASKET GLOBALCAJA QUINTANAR,8,30.3949,26.342,True,1,ALCOBENDAS C.B.,True
464,ALCOBENDAS C.B.,24,29.548,19.662,False,1,C.D. BASKET GLOBALCAJA QUINTANAR,False
465,ALCOBENDAS C.B.,5,16.36109999999999,36.929,True,1,C.D. BASKET GLOBALCAJA QUINTANAR,False
466,ALCOBENDAS C.B.,0,22.778,90.3,True,1,C.D. BASKET GLOBALCAJA QUINTANAR,False
467,ALCOBENDAS C.B.,4,33.356,65.918,False,1,C.D. BASKET GLOBALCAJA QUINTANAR,False
468,ALCOBENDAS C.B.,16,7.8984,47.012,True,1,C.D. BASKET GLOBALCAJA QUINTANAR,False
469,ALCOBENDAS C.B.,0,9.238,3.6551,True,1,C.D. BASKET GLOBALCAJA QUINTANAR,False
470,ALCOBENDAS C.B.,24,13.751,28.484,False,1,C.D. BASKET GLOBALCAJA QUINTANAR,False
471,ALCOBENDAS C.B.,41,7.8279,59.616,True,1,C.D. BASKET GLOBALCAJA QUINTANAR,False
472,ALCOBENDAS C.B.,41,24.18,58.356,False,1,C.D. BASKET GLOBALCAJA QUINTANAR,False
473,ALCOBENDAS C.B.,17,31.311,73.354,False,1,C.D. BASKET GLOBALCAJA QUINTANAR,False
474,ALCOBENDAS C.B.,4,7.8279,43.357,False,1,C.D. BASKET GLOBALCAJA QUINTANAR,False
475,ALCOBENDAS C.B.,41,11.7771,45.752,True,1,C.D. BASKET GLOBALCAJA QUINTANAR,False
476,ALCOBENDAS C.B.,41,9.5204,74.363,False,1,C.D. BASKET GLOBALCAJA QUINTANAR,False
477,ALCOBENDAS C.B.,5,30.394,25.83,False,1,C.D. BASKET GLOBALCAJA QUINTANAR,False
478,ALCOBENDAS C.B.,17,9.0973,27.602,False,1,C.D. BASKET GLOBALCAJA QUINTANAR,False
479,ALCOBENDAS C.B.,24,10.648,27.098,False,1,C.D. BASKET GLOBALCAJA QUINTANAR,False
480,ALCOBENDAS C.B.,77,34.344,69.699,False,1,C.D. BASKET GLOBALCAJA QUINTANAR,False
481,ALCOBENDAS C.B.,41,12.97,71.59,False,1,C.D. BASKET GLOBALCAJA QUINTANAR,False
482,ALCOBENDAS C.B.,5,33.921,28.61,False,1,C.D. BASKET GLOBALCAJA QUINTANAR,False
483,ALCOBENDAS C.B.,24,8.4626,31.257,False,1,C.D. BASKET GLOBALCAJA QUINTANAR,False
484,ALCOBENDAS C.B.,5,35.4,57.851,False,1,C.D. BASKET GLOBALCAJA QUINTANAR,False
485,ALCOBENDAS C.B.,0,6.9817,92.638,False,1,C.D. BASKET GLOBALCAJA QUINTANAR,False
486,ALCOBENDAS C.B.,0,8.392,4.0332,True,1,C.D. BASKET GLOBALCAJA QUINTANAR,False
487,ALCOBENDAS C.B.,0,3.5966,93.016,False,1,C.D. BASKET GLOBALCAJA QUINTANAR,False
488,ALCOBENDAS C.B.,17,7.33429999999999,57.347,True,1,C.D. BASKET GLOBALCAJA QUINTANAR,False
489,ALCOBENDAS C.B.,25,6.9111,72.22,False,1,C.D. BASKET GLOBALCAJA QUINTANAR,False
490,ALCOBENDAS C.B.,24,14.73909999999999,43.609,True,1,C.D. BASKET GLOBALCAJA QUINTANAR,False
491,ALCOBENDAS C.B.,5,29.689,80.917,False,1,C.D. BASKET GLOBALCAJA QUINTANAR,False
492,ALCOBENDAS C.B.,24,14.73909999999999,43.609,False,1,C.D. BASKET GLOBALCAJA QUINTANAR,False
493,ALCOBENDAS C.B.,16,7.1932,57.473,False,1,C.D. BASKET GLOBALCAJA QUINTANAR,False
494,ALCOBENDAS C.B.,17,34.7673,52.432,False,1,C.D. BASKET GLOBALCAJA QUINTANAR,False
495,ALCOBENDAS C.B.,0,29.125,19.788,True,1,C.D. BASKET GLOBALCAJA QUINTANAR,False
496,ALCOBENDAS C.B.,41,29.689,80.917,False,1,C.D. BASKET GLOBALCAJA QUINTANAR,False
497,ALCOBENDAS C.B.,0,23.34269999999999,11.469,True,1,C.D. BASKET GLOBALCAJA QUINTANAR,False
498,ALCOBENDAS C.B.,41,24.04,48.52,False,1,C.D. BASKET GLOBALCAJA QUINTANAR,False
499,ALCOBENDAS C.B.,17,27.503,13.612,False,1,C.D. BASKET GLOBALCAJA QUINTANAR,False
500,ALCOBENDAS C.B.,17,32.5811,29.619,False,1,C.D. BASKET GLOBALCAJA QUINTANAR,False
501,ALCOBENDAS C.B.,17,19.393,56.339,False,1,C.D. BASKET GLOBALCAJA QUINTANAR,False
502,ALCOBENDAS C.B.,77,23.62479999999999,60.75,False,1,C.D. BASKET GLOBALCAJA QUINTANAR,False
503,ALCOBENDAS C.B.,24,19.46,75.371,False,1,C.D. BASKET GLOBALCAJA QUINTANAR,False
504,ALCOBENDAS C.B.,41,23.977,52.81,False,1,C.D. BASKET GLOBALCAJA QUINTANAR,False
505,ALCOBENDAS C.B.,5,16.29059999999999,50.415,False,1,C.D. BASKET GLOBALCAJA QUINTANAR,False
506,ALCOBENDAS C.B.,24,10.225,60.624,False,1,C.D. BASKET GLOBALCAJA QUINTANAR,False
507,ALCOBENDAS C.B.,41,9.6615,57.97,False,1,C.D. BASKET GLOBALCAJA QUINTANAR,False
508,ALCOBENDAS C.B.,0,21.72,10.335,False,1,C.D. BASKET GLOBALCAJA QUINTANAR,False
509,ALCOBENDAS C.B.,5,14.10439999999999,60.372,False,1,C.D. BASKET GLOBALCAJA QUINTANAR,False
510,ALCOBENDAS C.B.,5,7.0521,56.591,True,1,C.D. BASKET GLOBALCAJA QUINTANAR,False
511,ALCOBENDAS C.B.,41,6.84059999999999,73.732,False,1,C.D. BASKET GLOBALCAJA QUINTANAR,False
512,ALCOBENDAS C.B.,17,28.91,16.0,True,1,C.D. BASKET GLOBALCAJA QUINTANAR,False
513,ALCOBENDAS C.B.,17,34.132,63.145,True,1,C.D. BASKET GLOBALCAJA QUINTANAR,False
514,ALCOBENDAS C.B.,41,9.73,45.374,True,1,C.D. BASKET GLOBALCAJA QUINTANAR,False
515,ALCOBENDAS C.B.,41,16.07899999999999,44.995,False,1,C.D. BASKET GLOBALCAJA QUINTANAR,False
516,ALCOBENDAS C.B.,24,7.7574,39.828,True,1,C.D. BASKET GLOBALCAJA QUINTANAR,False
517,ALCOBENDAS C.B.,17,28.2793,15.88,False,1,C.D. BASKET GLOBALCAJA QUINTANAR,False
518,ALCOBENDAS C.B.,41,8.4626,31.257,False,1,C.D. BASKET GLOBALCAJA QUINTANAR,False
519,ALCOBENDAS C.B.,77,32.863,34.408,False,1,C.D. BASKET GLOBALCAJA QUINTANAR,False
520,ALCOBENDAS C.B.,16,10.93,53.818,False,1,C.D. BASKET GLOBALCAJA QUINTANAR,False
521,ALCOBENDAS C.B.,17,31.382,25.585,True,1,C.D. BASKET GLOBALCAJA QUINTANAR,False
522,ALCOBENDAS C.B.,5,34.132,48.777,False,1,C.D. BASKET GLOBALCAJA QUINTANAR,False
523,ALCOBENDAS C.B.,17,32.369,29.241,True,1,C.D. BASKET GLOBALCAJA QUINTANAR,False
524,ALCOBENDAS C.B.,24,17.4894,51.802,False,1,C.D. BASKET GLOBALCAJA QUINTANAR,False
525,ALCOBENDAS C.B.,5,14.73909999999999,43.609,False,1,C.D. BASKET GLOBALCAJA QUINTANAR,False
526,ALCOBENDAS C.B.,16,8.25109999999999,45.752,True,1,C.D. BASKET GLOBALCAJA QUINTANAR,False
527,ALCOBENDAS C.B.,77,24.894,13.36,True,1,C.D. BASKET GLOBALCAJA QUINTANAR,False
528,ALCOBENDAS C.B.,41,8.251,52.81,True,1,C.D. BASKET GLOBALCAJA QUINTANAR,False
529,MOVISTAR ESTUDIANTES,7,29.7,22.37,False,1,EL VENTERO CBV,True
530,MOVISTAR ESTUDIANTES,6,32.476,17.896,True,1,EL VENTERO CBV,True
531,MOVISTAR ESTUDIANTES,11,29.70229999999999,22.491,True,1,EL VENTERO CBV,True
532,MOVISTAR ESTUDIANTES,8,8.99859999999999,37.606,False,1,EL VENTERO CBV,True
533,MOVISTAR ESTUDIANTES,2,34.235,23.217,True,1,EL VENTERO CBV,True
534,MOVISTAR ESTUDIANTES,9,14.27,59.372,False,1,EL VENTERO CBV,True
535,MOVISTAR ESTUDIANTES,12,15.629,60.219,False,1,EL VENTERO CBV,True
536,MOVISTAR ESTUDIANTES,22,17.3884,59.735,True,1,EL VENTERO CBV,True
537,MOVISTAR ESTUDIANTES,8,9.1339,49.215,True,1,EL VENTERO CBV,True
538,MOVISTAR ESTUDIANTES,11,32.54,79.204,True,1,EL VENTERO CBV,True
539,MOVISTAR ESTUDIANTES,15,11.70499999999999,58.647,True,1,EL VENTERO CBV,True
540,MOVISTAR ESTUDIANTES,22,19.35,44.62,False,1,EL VENTERO CBV,True
541,MOVISTAR ESTUDIANTES,6,34.641,31.077,True,1,EL VENTERO CBV,True
542,MOVISTAR ESTUDIANTES,9,12.449,59.735,False,1,EL VENTERO CBV,True
543,MOVISTAR ESTUDIANTES,2,32.408,78.115,True,1,EL VENTERO CBV,True
544,MOVISTAR ESTUDIANTES,2,32.002,70.739,False,1,EL VENTERO CBV,True
545,MOVISTAR ESTUDIANTES,9,11.299,39.783,False,1,EL VENTERO CBV,True
546,MOVISTAR ESTUDIANTES,4,34.235,20.556,False,1,EL VENTERO CBV,True
547,MOVISTAR ESTUDIANTES,2,37.753,36.518,False,1,EL VENTERO CBV,True
548,MOVISTAR ESTUDIANTES,25,33.558,70.739,False,1,EL VENTERO CBV,True
549,MOVISTAR ESTUDIANTES,9,13.5318,43.894,False,1,EL VENTERO CBV,True
550,MOVISTAR ESTUDIANTES,6,34.979,18.74,True,1,EL VENTERO CBV,True
551,MOVISTAR ESTUDIANTES,9,12.516,53.08,True,1,EL VENTERO CBV,True
552,MOVISTAR ESTUDIANTES,2,29.4317,81.985,False,1,EL VENTERO CBV,True
553,MOVISTAR ESTUDIANTES,7,37.212,22.854,False,1,EL VENTERO CBV,True
554,MOVISTAR ESTUDIANTES,8,24.42489999999999,83.799,False,1,EL VENTERO CBV,True
555,MOVISTAR ESTUDIANTES,7,17.456,71.827,False,1,EL VENTERO CBV,True
556,MOVISTAR ESTUDIANTES,22,8.6603,53.568,True,1,EL VENTERO CBV,True
557,MOVISTAR ESTUDIANTES,6,34.573,78.962,False,1,EL VENTERO CBV,True
558,MOVISTAR ESTUDIANTES,9,12.313,58.284,True,1,EL VENTERO CBV,True
559,MOVISTAR ESTUDIANTES,6,27.469,81.259,True,1,EL VENTERO CBV,True
560,MOVISTAR ESTUDIANTES,2,37.753,73.158,False,1,EL VENTERO CBV,True
561,MOVISTAR ESTUDIANTES,8,16.441,40.871,False,1,EL VENTERO CBV,True
562,MOVISTAR ESTUDIANTES,9,14.073,58.647,False,1,EL VENTERO CBV,True
563,MOVISTAR ESTUDIANTES,8,31.05549999999999,81.259,True,1,EL VENTERO CBV,True
564,MOVISTAR ESTUDIANTES,9,7.916,58.042,True,1,EL VENTERO CBV,True
565,MOVISTAR ESTUDIANTES,9,15.08799999999999,42.685,False,1,EL VENTERO CBV,True
566,MOVISTAR ESTUDIANTES,15,24.424,39.904,False,1,EL VENTERO CBV,True
567,MOVISTAR ESTUDIANTES,6,37.009,72.311,False,1,EL VENTERO CBV,True
568,MOVISTAR ESTUDIANTES,12,29.025,81.622,True,1,EL VENTERO CBV,True
569,MOVISTAR ESTUDIANTES,8,11.772,78.236,True,1,EL VENTERO CBV,True
570,MOVISTAR ESTUDIANTES,2,24.424,65.298,False,1,EL VENTERO CBV,True
571,MOVISTAR ESTUDIANTES,9,15.42629999999999,56.712,False,1,EL VENTERO CBV,True
572,MOVISTAR ESTUDIANTES,25,33.4912,80.655,False,1,EL VENTERO CBV,True
573,MOVISTAR ESTUDIANTES,11,18.2,70.86,False,1,EL VENTERO CBV,True
574,MOVISTAR ESTUDIANTES,8,14.208,36.518,False,1,EL VENTERO CBV,True
575,MOVISTAR ESTUDIANTES,11,12.1786,55.261,True,1,EL VENTERO CBV,True
576,MOVISTAR ESTUDIANTES,6,12.71989999999999,53.81,True,1,EL VENTERO CBV,True
577,MOVISTAR ESTUDIANTES,2,34.573,20.798,False,1,EL VENTERO CBV,True
578,MOVISTAR ESTUDIANTES,15,32.814,80.413,False,1,EL VENTERO CBV,True
579,MOVISTAR ESTUDIANTES,12,32.74,79.446,False,1,EL VENTERO CBV,True
580,MOVISTAR ESTUDIANTES,22,17.05,53.568,True,1,EL VENTERO CBV,True
581,MOVISTAR ESTUDIANTES,25,12.584,52.722,True,1,EL VENTERO CBV,True
582,MOVISTAR ESTUDIANTES,2,23.274,71.586,False,1,EL VENTERO CBV,True
583,EL VENTERO CBV,0,13.2612,50.545,True,1,MOVISTAR ESTUDIANTES,False
584,EL VENTERO CBV,10,27.875,14.51,False,1,MOVISTAR ESTUDIANTES,False
585,EL VENTERO CBV,0,10.351,54.294,True,1,MOVISTAR ESTUDIANTES,False
586,EL VENTERO CBV,0,18.606,42.201,False,1,MOVISTAR ESTUDIANTES,False
587,EL VENTERO CBV,18,16.4411,73.52,False,1,MOVISTAR ESTUDIANTES,False
588,EL VENTERO CBV,1,14.276,50.424,True,1,MOVISTAR ESTUDIANTES,False
589,EL VENTERO CBV,15,22.327,12.696,False,1,MOVISTAR ESTUDIANTES,False
590,EL VENTERO CBV,1,14.27,73.52,False,1,MOVISTAR ESTUDIANTES,False
591,EL VENTERO CBV,0,33.085,20.677,False,1,MOVISTAR ESTUDIANTES,False
592,EL VENTERO CBV,3,18.538,33.374,False,1,MOVISTAR ESTUDIANTES,False
593,EL VENTERO CBV,0,16.982,51.996,False,1,MOVISTAR ESTUDIANTES,False
594,EL VENTERO CBV,18,19.35,45.345,False,1,MOVISTAR ESTUDIANTES,False
595,EL VENTERO CBV,1,17.7943,50.061,False,1,MOVISTAR ESTUDIANTES,False
596,EL VENTERO CBV,22,35.791,29.021,False,1,MOVISTAR ESTUDIANTES,False
597,EL VENTERO CBV,15,34.573,30.23,True,1,MOVISTAR ESTUDIANTES,False
598,EL VENTERO CBV,22,31.732,18.74,True,1,MOVISTAR ESTUDIANTES,False
599,EL VENTERO CBV,21,10.28419999999999,62.637,False,1,MOVISTAR ESTUDIANTES,False
600,EL VENTERO CBV,1,11.9,60.219,False,1,MOVISTAR ESTUDIANTES,False
601,EL VENTERO CBV,1,32.34099999999999,82.71,False,1,MOVISTAR ESTUDIANTES,False
602,EL VENTERO CBV,3,12.516,51.633,True,1,MOVISTAR ESTUDIANTES,False
603,EL VENTERO CBV,0,12.449,62.033,False,1,MOVISTAR ESTUDIANTES,False
604,EL VENTERO CBV,3,9.5399,57.196,True,1,MOVISTAR ESTUDIANTES,False
605,EL VENTERO CBV,0,28.822,16.929,False,1,MOVISTAR ESTUDIANTES,False
606,EL VENTERO CBV,18,13.802,62.39,False,1,MOVISTAR ESTUDIANTES,False
607,EL VENTERO CBV,10,15.155,72.553,False,1,MOVISTAR ESTUDIANTES,False
608,EL VENTERO CBV,10,37.009,79.446,False,1,MOVISTAR ESTUDIANTES,False
609,EL VENTERO CBV,1,12.043,53.447,True,1,MOVISTAR ESTUDIANTES,False
610,EL VENTERO CBV,10,15.493,21.88,False,1,MOVISTAR ESTUDIANTES,False
611,EL VENTERO CBV,21,28.01,11.971,False,1,MOVISTAR ESTUDIANTES,False
612,EL VENTERO CBV,15,16.305,68.079,False,1,MOVISTAR ESTUDIANTES,False
613,EL VENTERO CBV,15,28.687,12.696,True,1,MOVISTAR ESTUDIANTES,False
614,EL VENTERO CBV,1,19.35,76.181,False,1,MOVISTAR ESTUDIANTES,False
615,EL VENTERO CBV,1,32.611,22.249,True,1,MOVISTAR ESTUDIANTES,False
616,EL VENTERO CBV,27,33.288,76.302,False,1,MOVISTAR ESTUDIANTES,False
617,EL VENTERO CBV,0,10.69,56.1,False,1,MOVISTAR ESTUDIANTES,False
618,EL VENTERO CBV,1,17.99729999999999,44.257,False,1,MOVISTAR ESTUDIANTES,False
619,EL VENTERO CBV,15,30.92,84.041,False,1,MOVISTAR ESTUDIANTES,False
620,EL VENTERO CBV,21,27.334,12.696,False,1,MOVISTAR ESTUDIANTES,False
621,EL VENTERO CBV,10,35.047,37.36,False,1,MOVISTAR ESTUDIANTES,False
622,EL VENTERO CBV,3,15.696,30.351,False,1,MOVISTAR ESTUDIANTES,False
623,EL VENTERO CBV,3,7.57779999999999,55.745,True,1,MOVISTAR ESTUDIANTES,False
624,EL VENTERO CBV,15,33.017,76.543,True,1,MOVISTAR ESTUDIANTES,False
625,EL VENTERO CBV,15,10.35179999999999,52.359,True,1,MOVISTAR ESTUDIANTES,False
626,EL VENTERO CBV,18,16.4411,73.52,True,1,MOVISTAR ESTUDIANTES,False
627,EL VENTERO CBV,0,11.434,50.787,True,1,MOVISTAR ESTUDIANTES,False
628,EL VENTERO CBV,10,37.009,23.821,False,1,MOVISTAR ESTUDIANTES,False
629,EL VENTERO CBV,0,8.3221,53.568,True,1,MOVISTAR ESTUDIANTES,False
630,EL VENTERO CBV,0,29.56,14.268,False,1,MOVISTAR ESTUDIANTES,False
631,EL VENTERO CBV,0,33.085,79.083,False,1,MOVISTAR ESTUDIANTES,False
632,EL VENTERO CBV,3,9.6076,51.39,True,1,MOVISTAR ESTUDIANTES,False
633,EL VENTERO CBV,22,30.4466,14.994,False,1,MOVISTAR ESTUDIANTES,False
634,EL VENTERO CBV,10,31.799,80.05,True,1,MOVISTAR ESTUDIANTES,False
635,EL VENTERO CBV,1,13.87,40.629,False,1,MOVISTAR ESTUDIANTES,False
636,EL VENTERO CBV,21,25.7104,12.45,False,1,MOVISTAR ESTUDIANTES,False
637,EL VENTERO CBV,18,9.6076,53.931,True,1,MOVISTAR ESTUDIANTES,False
638,EL VENTERO CBV,1,10.419,70.376,False,1,MOVISTAR ESTUDIANTES,False
639,EL VENTERO CBV,10,32.949,80.05,False,1,MOVISTAR ESTUDIANTES,False
640,EL VENTERO CBV,3,10.9608,55.624,False,1,MOVISTAR ESTUDIANTES,False
641,EL VENTERO CBV,1,30.514,17.291,True,1,MOVISTAR ESTUDIANTES,False
642,EL VENTERO CBV,1,32.2733,20.919,False,1,MOVISTAR ESTUDIANTES,False
643,EL VENTERO CBV,15,23.274,50.908,True,1,MOVISTAR ESTUDIANTES,False
644,EL VENTERO CBV,1,31.461,82.952,True,1,MOVISTAR ESTUDIANTES,False
645,EL VENTERO CBV,18,9.2692,57.6,False,1,MOVISTAR ESTUDIANTES,False
646,EL VENTERO CBV,22,26.8606,90.329,True,1,MOVISTAR ESTUDIANTES,False
647,PROBASKETLAB FUENLABRADA,6,12.872,92.052,False,1,INMOBILIARIA GÁLVEZ SANTA CRUZ,True
648,PROBASKETLAB FUENLABRADA,5,29.66,82.052,False,1,INMOBILIARIA GÁLVEZ SANTA CRUZ,True
649,PROBASKETLAB FUENLABRADA,4,8.0137,40.729,False,1,INMOBILIARIA GÁLVEZ SANTA CRUZ,True
650,PROBASKETLAB FUENLABRADA,10,36.427,50.541,True,1,INMOBILIARIA GÁLVEZ SANTA CRUZ,True
651,PROBASKETLAB FUENLABRADA,14,28.505,15.633,True,1,INMOBILIARIA GÁLVEZ SANTA CRUZ,True
652,PROBASKETLAB FUENLABRADA,7,32.941,18.841,False,1,INMOBILIARIA GÁLVEZ SANTA CRUZ,True
653,PROBASKETLAB FUENLABRADA,4,14.245,45.635,False,1,INMOBILIARIA GÁLVEZ SANTA CRUZ,True
654,PROBASKETLAB FUENLABRADA,10,30.8289,13.369,False,1,INMOBILIARIA GÁLVEZ SANTA CRUZ,True
655,PROBASKETLAB FUENLABRADA,10,25.019,90.16,False,1,INMOBILIARIA GÁLVEZ SANTA CRUZ,True
656,PROBASKETLAB FUENLABRADA,5,11.499,96.581,True,1,INMOBILIARIA GÁLVEZ SANTA CRUZ,True
657,PROBASKETLAB FUENLABRADA,8,11.393,71.674,False,1,INMOBILIARIA GÁLVEZ SANTA CRUZ,True
658,PROBASKETLAB FUENLABRADA,7,7.2743,42.05,False,1,INMOBILIARIA GÁLVEZ SANTA CRUZ,True
659,PROBASKETLAB FUENLABRADA,10,14.35129999999999,42.05,False,1,INMOBILIARIA GÁLVEZ SANTA CRUZ,True
660,PROBASKETLAB FUENLABRADA,3,15.8301,31.294,False,1,INMOBILIARIA GÁLVEZ SANTA CRUZ,True
661,PROBASKETLAB FUENLABRADA,7,11.182,56.201,False,1,INMOBILIARIA GÁLVEZ SANTA CRUZ,True
662,PROBASKETLAB FUENLABRADA,5,24.385,34.313,False,1,INMOBILIARIA GÁLVEZ SANTA CRUZ,True
663,PROBASKETLAB FUENLABRADA,10,6.53499999999999,93.18,True,1,INMOBILIARIA GÁLVEZ SANTA CRUZ,True
664,PROBASKETLAB FUENLABRADA,8,28.716,82.807,False,1,INMOBILIARIA GÁLVEZ SANTA CRUZ,True
665,PROBASKETLAB FUENLABRADA,4,28.399,17.709,False,1,INMOBILIARIA GÁLVEZ SANTA CRUZ,True
666,PROBASKETLAB FUENLABRADA,4,9.1756,44.88,True,1,INMOBILIARIA GÁLVEZ SANTA CRUZ,True
667,PROBASKETLAB FUENLABRADA,7,11.182,93.373,True,1,INMOBILIARIA GÁLVEZ SANTA CRUZ,True
668,PROBASKETLAB FUENLABRADA,10,7.5912,60.73,True,1,INMOBILIARIA GÁLVEZ SANTA CRUZ,True
669,PROBASKETLAB FUENLABRADA,2,6.95749999999999,92.996,True,1,INMOBILIARIA GÁLVEZ SANTA CRUZ,True
670,PROBASKETLAB FUENLABRADA,5,17.83,2.8027,False,1,INMOBILIARIA GÁLVEZ SANTA CRUZ,True
671,PROBASKETLAB FUENLABRADA,8,7.9081,78.089,False,1,INMOBILIARIA GÁLVEZ SANTA CRUZ,True
672,PROBASKETLAB FUENLABRADA,7,34.2,23.93,False,1,INMOBILIARIA GÁLVEZ SANTA CRUZ,True
673,PROBASKETLAB FUENLABRADA,7,15.8301,31.294,False,1,INMOBILIARIA GÁLVEZ SANTA CRUZ,True
674,PROBASKETLAB FUENLABRADA,2,16.252,41.106,False,1,INMOBILIARIA GÁLVEZ SANTA CRUZ,True
675,PROBASKETLAB FUENLABRADA,13,12.133,41.484,False,1,INMOBILIARIA GÁLVEZ SANTA CRUZ,True
676,PROBASKETLAB FUENLABRADA,7,13.2951,46.767,False,1,INMOBILIARIA GÁLVEZ SANTA CRUZ,True
677,PROBASKETLAB FUENLABRADA,8,12.555,41.106,True,1,INMOBILIARIA GÁLVEZ SANTA CRUZ,True
678,PROBASKETLAB FUENLABRADA,14,13.611,76.014,True,1,INMOBILIARIA GÁLVEZ SANTA CRUZ,True
679,PROBASKETLAB FUENLABRADA,10,26.498,86.58,False,1,INMOBILIARIA GÁLVEZ SANTA CRUZ,True
680,PROBASKETLAB FUENLABRADA,10,31.885,81.863,False,1,INMOBILIARIA GÁLVEZ SANTA CRUZ,True
681,PROBASKETLAB FUENLABRADA,7,27.765,16.01,False,1,INMOBILIARIA GÁLVEZ SANTA CRUZ,True
682,PROBASKETLAB FUENLABRADA,8,9.8094,47.522,True,1,INMOBILIARIA GÁLVEZ SANTA CRUZ,True
683,PROBASKETLAB FUENLABRADA,4,10.0207,56.956,True,1,INMOBILIARIA GÁLVEZ SANTA CRUZ,True
684,PROBASKETLAB FUENLABRADA,14,10.8657,57.522,True,1,INMOBILIARIA GÁLVEZ SANTA CRUZ,True
685,PROBASKETLAB FUENLABRADA,14,15.09,69.787,False,1,INMOBILIARIA GÁLVEZ SANTA CRUZ,True
686,PROBASKETLAB FUENLABRADA,8,29.455,83.184,True,1,INMOBILIARIA GÁLVEZ SANTA CRUZ,True
687,PROBASKETLAB FUENLABRADA,7,32.518,63.749,True,1,INMOBILIARIA GÁLVEZ SANTA CRUZ,True
688,PROBASKETLAB FUENLABRADA,10,30.0896,81.67,True,1,INMOBILIARIA GÁLVEZ SANTA CRUZ,True
689,PROBASKETLAB FUENLABRADA,6,16.4638,48.276,False,1,INMOBILIARIA GÁLVEZ SANTA CRUZ,True
690,PROBASKETLAB FUENLABRADA,8,4.6337,43.937,True,1,INMOBILIARIA GÁLVEZ SANTA CRUZ,True
691,PROBASKETLAB FUENLABRADA,10,34.2,27.143,False,1,INMOBILIARIA GÁLVEZ SANTA CRUZ,True
692,PROBASKETLAB FUENLABRADA,13,24.59,10.727,False,1,INMOBILIARIA GÁLVEZ SANTA CRUZ,True
693,PROBASKETLAB FUENLABRADA,8,12.0276,52.805,True,1,INMOBILIARIA GÁLVEZ SANTA CRUZ,True
694,PROBASKETLAB FUENLABRADA,13,29.66,85.071,False,1,INMOBILIARIA GÁLVEZ SANTA CRUZ,True
695,PROBASKETLAB FUENLABRADA,7,24.28,92.43,False,1,INMOBILIARIA GÁLVEZ SANTA CRUZ,True
696,PROBASKETLAB FUENLABRADA,10,9.06999999999999,68.844,False,1,INMOBILIARIA GÁLVEZ SANTA CRUZ,True
697,PROBASKETLAB FUENLABRADA,7,36.427,25.256,False,1,INMOBILIARIA GÁLVEZ SANTA CRUZ,True
698,PROBASKETLAB FUENLABRADA,4,12.4501,42.993,True,1,INMOBILIARIA GÁLVEZ SANTA CRUZ,True
699,PROBASKETLAB FUENLABRADA,4,8.3306,42.993,False,1,INMOBILIARIA GÁLVEZ SANTA CRUZ,True
700,PROBASKETLAB FUENLABRADA,3,9.4925,41.484,True,1,INMOBILIARIA GÁLVEZ SANTA CRUZ,True
701,PROBASKETLAB FUENLABRADA,13,35.37,65.636,False,1,INMOBILIARIA GÁLVEZ SANTA CRUZ,True
702,PROBASKETLAB FUENLABRADA,8,12.133,42.616,True,1,INMOBILIARIA GÁLVEZ SANTA CRUZ,True
703,PROBASKETLAB FUENLABRADA,8,7.9081,78.089,False,1,INMOBILIARIA GÁLVEZ SANTA CRUZ,True
704,PROBASKETLAB FUENLABRADA,8,36.11,51.484,True,1,INMOBILIARIA GÁLVEZ SANTA CRUZ,True
705,PROBASKETLAB FUENLABRADA,14,10.0207,75.448,False,1,INMOBILIARIA GÁLVEZ SANTA CRUZ,True
706,PROBASKETLAB FUENLABRADA,7,10.126,47.522,True,1,INMOBILIARIA GÁLVEZ SANTA CRUZ,True
707,PROBASKETLAB FUENLABRADA,14,12.555,95.826,False,1,INMOBILIARIA GÁLVEZ SANTA CRUZ,True
708,PROBASKETLAB FUENLABRADA,13,18.68,25.256,False,1,INMOBILIARIA GÁLVEZ SANTA CRUZ,True
709,PROBASKETLAB FUENLABRADA,13,26.498,84.127,True,1,INMOBILIARIA GÁLVEZ SANTA CRUZ,True
710,PROBASKETLAB FUENLABRADA,4,35.582,35.257,False,1,INMOBILIARIA GÁLVEZ SANTA CRUZ,True
711,PROBASKETLAB FUENLABRADA,13,12.027,93.751,True,1,INMOBILIARIA GÁLVEZ SANTA CRUZ,True
712,INMOBILIARIA GÁLVEZ SANTA CRUZ,21,13.189,51.484,True,1,PROBASKETLAB FUENLABRADA,False
713,INMOBILIARIA GÁLVEZ SANTA CRUZ,21,18.787,49.031,False,1,PROBASKETLAB FUENLABRADA,False
714,INMOBILIARIA GÁLVEZ SANTA CRUZ,12,8.4363,56.39,True,1,PROBASKETLAB FUENLABRADA,False
715,INMOBILIARIA GÁLVEZ SANTA CRUZ,21,11.81629999999999,44.125,False,1,PROBASKETLAB FUENLABRADA,False
716,INMOBILIARIA GÁLVEZ SANTA CRUZ,21,31.779,18.086,False,1,PROBASKETLAB FUENLABRADA,False
717,INMOBILIARIA GÁLVEZ SANTA CRUZ,6,9.915,56.201,True,1,PROBASKETLAB FUENLABRADA,False
718,INMOBILIARIA GÁLVEZ SANTA CRUZ,44,12.978,94.317,False,1,PROBASKETLAB FUENLABRADA,False
719,INMOBILIARIA GÁLVEZ SANTA CRUZ,44,28.927,83.75,True,1,PROBASKETLAB FUENLABRADA,False
720,INMOBILIARIA GÁLVEZ SANTA CRUZ,24,16.0413,42.238,False,1,PROBASKETLAB FUENLABRADA,False
721,INMOBILIARIA GÁLVEZ SANTA CRUZ,6,13.295,49.597,True,1,PROBASKETLAB FUENLABRADA,False
722,INMOBILIARIA GÁLVEZ SANTA CRUZ,6,13.083,48.654,False,1,PROBASKETLAB FUENLABRADA,False
723,INMOBILIARIA GÁLVEZ SANTA CRUZ,6,11.7107,44.691,False,1,PROBASKETLAB FUENLABRADA,False
724,INMOBILIARIA GÁLVEZ SANTA CRUZ,44,30.30079999999999,19.596,True,1,PROBASKETLAB FUENLABRADA,False
725,INMOBILIARIA GÁLVEZ SANTA CRUZ,44,10.7,95.63,False,1,PROBASKETLAB FUENLABRADA,False
726,INMOBILIARIA GÁLVEZ SANTA CRUZ,21,15.513,41.106,False,1,PROBASKETLAB FUENLABRADA,False
727,INMOBILIARIA GÁLVEZ SANTA CRUZ,44,8.22499999999999,3.746,False,1,PROBASKETLAB FUENLABRADA,False
728,INMOBILIARIA GÁLVEZ SANTA CRUZ,1,9.703,4.1235,False,1,PROBASKETLAB FUENLABRADA,False
729,INMOBILIARIA GÁLVEZ SANTA CRUZ,21,35.05,73.372,False,1,PROBASKETLAB FUENLABRADA,False
730,INMOBILIARIA GÁLVEZ SANTA CRUZ,6,35.05,37.521,True,1,PROBASKETLAB FUENLABRADA,False
731,INMOBILIARIA GÁLVEZ SANTA CRUZ,21,13.7176,21.48,True,1,PROBASKETLAB FUENLABRADA,False
732,INMOBILIARIA GÁLVEZ SANTA CRUZ,11,12.0276,53.182,False,1,PROBASKETLAB FUENLABRADA,False
733,INMOBILIARIA GÁLVEZ SANTA CRUZ,44,27.02639999999999,84.882,True,1,PROBASKETLAB FUENLABRADA,False
734,INMOBILIARIA GÁLVEZ SANTA CRUZ,21,8.22499999999999,38.087,False,1,PROBASKETLAB FUENLABRADA,False
735,INMOBILIARIA GÁLVEZ SANTA CRUZ,6,16.252,47.333,True,1,PROBASKETLAB FUENLABRADA,False
736,INMOBILIARIA GÁLVEZ SANTA CRUZ,44,21.322,5.8217,False,1,PROBASKETLAB FUENLABRADA,False
737,INMOBILIARIA GÁLVEZ SANTA CRUZ,7,13.189,94.128,False,1,PROBASKETLAB FUENLABRADA,False
738,INMOBILIARIA GÁLVEZ SANTA CRUZ,12,14.034,74.504,False,1,PROBASKETLAB FUENLABRADA,False
739,INMOBILIARIA GÁLVEZ SANTA CRUZ,44,12.344,92.052,False,1,PROBASKETLAB FUENLABRADA,False
740,INMOBILIARIA GÁLVEZ SANTA CRUZ,16,17.83,75.07,False,1,PROBASKETLAB FUENLABRADA,False
741,INMOBILIARIA GÁLVEZ SANTA CRUZ,21,6.2181,70.542,False,1,PROBASKETLAB FUENLABRADA,False
742,INMOBILIARIA GÁLVEZ SANTA CRUZ,7,6.8519,95.26,False,1,PROBASKETLAB FUENLABRADA,False
743,INMOBILIARIA GÁLVEZ SANTA CRUZ,13,18.47,24.69,True,1,PROBASKETLAB FUENLABRADA,False
744,INMOBILIARIA GÁLVEZ SANTA CRUZ,44,25.653,86.014,False,1,PROBASKETLAB FUENLABRADA,False
745,INMOBILIARIA GÁLVEZ SANTA CRUZ,6,11.393,54.31,False,1,PROBASKETLAB FUENLABRADA,False
746,INMOBILIARIA GÁLVEZ SANTA CRUZ,6,15.4076,27.898,False,1,PROBASKETLAB FUENLABRADA,False
747,INMOBILIARIA GÁLVEZ SANTA CRUZ,24,18.048,46.201,True,1,PROBASKETLAB FUENLABRADA,False
748,INMOBILIARIA GÁLVEZ SANTA CRUZ,6,34.2,18.275,False,1,PROBASKETLAB FUENLABRADA,False
749,INMOBILIARIA GÁLVEZ SANTA CRUZ,7,31.885,16.954,False,1,PROBASKETLAB FUENLABRADA,False
750,INMOBILIARIA GÁLVEZ SANTA CRUZ,16,19.843,31.86,False,1,PROBASKETLAB FUENLABRADA,False
751,INMOBILIARIA GÁLVEZ SANTA CRUZ,21,14.14,77.901,False,1,PROBASKETLAB FUENLABRADA,False
752,INMOBILIARIA GÁLVEZ SANTA CRUZ,16,8.54189999999999,79.033,True,1,PROBASKETLAB FUENLABRADA,False
753,INMOBILIARIA GÁLVEZ SANTA CRUZ,21,9.38689999999999,53.748,False,1,PROBASKETLAB FUENLABRADA,False
754,INMOBILIARIA GÁLVEZ SANTA CRUZ,11,16.675,71.108,False,1,PROBASKETLAB FUENLABRADA,False
755,INMOBILIARIA GÁLVEZ SANTA CRUZ,12,11.605,45.82,True,1,PROBASKETLAB FUENLABRADA,False
756,INMOBILIARIA GÁLVEZ SANTA CRUZ,6,33.6808,31.106,True,1,PROBASKETLAB FUENLABRADA,False
757,INMOBILIARIA GÁLVEZ SANTA CRUZ,6,12.34439999999999,45.257,False,1,PROBASKETLAB FUENLABRADA,False
758,INMOBILIARIA GÁLVEZ SANTA CRUZ,21,15.09,41.672,False,1,PROBASKETLAB FUENLABRADA,False
759,INMOBILIARIA GÁLVEZ SANTA CRUZ,12,11.07689999999999,52.428,False,1,PROBASKETLAB FUENLABRADA,False
760,INMOBILIARIA GÁLVEZ SANTA CRUZ,44,31.462,13.55,False,1,PROBASKETLAB FUENLABRADA,False
761,INMOBILIARIA GÁLVEZ SANTA CRUZ,21,10.8657,57.522,False,1,PROBASKETLAB FUENLABRADA,False
762,INMOBILIARIA GÁLVEZ SANTA CRUZ,21,14.562,52.239,True,1,PROBASKETLAB FUENLABRADA,False
763,INMOBILIARIA GÁLVEZ SANTA CRUZ,24,12.238,46.956,False,1,PROBASKETLAB FUENLABRADA,False
764,INMOBILIARIA GÁLVEZ SANTA CRUZ,1,12.34439999999999,45.257,True,1,PROBASKETLAB FUENLABRADA,False
765,INMOBILIARIA GÁLVEZ SANTA CRUZ,21,10.548,44.125,True,1,PROBASKETLAB FUENLABRADA,False
766,INMOBILIARIA GÁLVEZ SANTA CRUZ,21,9.4925,66.957,False,1,PROBASKETLAB FUENLABRADA,False
767,INMOBILIARIA GÁLVEZ SANTA CRUZ,11,35.159,33.37,False,1,PROBASKETLAB FUENLABRADA,False
768,INMOBILIARIA GÁLVEZ SANTA CRUZ,24,17.83,48.276,False,1,PROBASKETLAB FUENLABRADA,False
769,INMOBILIARIA GÁLVEZ SANTA CRUZ,6,10.23189999999999,47.522,True,1,PROBASKETLAB FUENLABRADA,False
770,INMOBILIARIA GÁLVEZ SANTA CRUZ,44,32.835,76.391,True,1,PROBASKETLAB FUENLABRADA,False
771,INMOBILIARIA GÁLVEZ SANTA CRUZ,24,10.548,44.125,False,1,PROBASKETLAB FUENLABRADA,False
772,INMOBILIARIA GÁLVEZ SANTA CRUZ,24,11.288,45.635,True,1,PROBASKETLAB FUENLABRADA,False
773,INMOBILIARIA GÁLVEZ SANTA CRUZ,44,31.568,18.46,False,1,PROBASKETLAB FUENLABRADA,False
774,INMOBILIARIA GÁLVEZ SANTA CRUZ,12,10.971,56.201,False,1,PROBASKETLAB FUENLABRADA,False
775,INMOBILIARIA GÁLVEZ SANTA CRUZ,44,9.2813,70.73,False,1,PROBASKETLAB FUENLABRADA,False
776,INMOBILIARIA GÁLVEZ SANTA CRUZ,6,10.4432,44.314,True,1,PROBASKETLAB FUENLABRADA,False
777,INMOBILIARIA GÁLVEZ SANTA CRUZ,21,9.703,48.465,False,1,PROBASKETLAB FUENLABRADA,False
778,INMOBILIARIA GÁLVEZ SANTA CRUZ,16,12.978,94.317,True,1,PROBASKETLAB FUENLABRADA,False
779,INMOBILIARIA GÁLVEZ SANTA CRUZ,44,9.06999999999999,4.1235,False,1,PROBASKETLAB FUENLABRADA,False
780,INMOBILIARIA GÁLVEZ SANTA CRUZ,21,12.238,53.56,False,1,PROBASKETLAB FUENLABRADA,False
781,TOBARRA CB,10,9.661,58.986,False,3,INMOBILIARIA GÁLVEZ SANTA CRUZ,True
782,TOBARRA CB,91,29.689,79.782,False,3,INMOBILIARIA GÁLVEZ SANTA CRUZ,True
783,TOBARRA CB,28,9.73,23.947,False,3,INMOBILIARIA GÁLVEZ SANTA CRUZ,True
784,TOBARRA CB,91,32.933,50.793,False,3,INMOBILIARIA GÁLVEZ SANTA CRUZ,True
785,TOBARRA CB,91,23.34269999999999,12.85,True,3,INMOBILIARIA GÁLVEZ SANTA CRUZ,True
786,TOBARRA CB,91,26.586,88.605,False,3,INMOBILIARIA GÁLVEZ SANTA CRUZ,True
787,TOBARRA CB,31,9.3794,53.314,True,3,INMOBILIARIA GÁLVEZ SANTA CRUZ,True
788,TOBARRA CB,28,8.5331,55.457,False,3,INMOBILIARIA GÁLVEZ SANTA CRUZ,True
789,TOBARRA CB,28,7.545,51.297,True,3,INMOBILIARIA GÁLVEZ SANTA CRUZ,True
790,TOBARRA CB,91,7.96899999999999,55.583,True,3,INMOBILIARIA GÁLVEZ SANTA CRUZ,True
791,TOBARRA CB,28,33.709,68.817,True,3,INMOBILIARIA GÁLVEZ SANTA CRUZ,True
792,TOBARRA CB,91,9.52049999999999,51.423,True,3,INMOBILIARIA GÁLVEZ SANTA CRUZ,True
793,TOBARRA CB,26,30.394,73.732,False,3,INMOBILIARIA GÁLVEZ SANTA CRUZ,True
794,TOBARRA CB,91,9.0973,6.0498,False,3,INMOBILIARIA GÁLVEZ SANTA CRUZ,True
795,TOBARRA CB,21,21.015,90.748,False,3,INMOBILIARIA GÁLVEZ SANTA CRUZ,True
796,TOBARRA CB,28,28.138,15.502,True,3,INMOBILIARIA GÁLVEZ SANTA CRUZ,True
797,TOBARRA CB,22,32.29,31.131,False,3,INMOBILIARIA GÁLVEZ SANTA CRUZ,True
798,TOBARRA CB,22,6.4175,91.252,False,3,INMOBILIARIA GÁLVEZ SANTA CRUZ,True
799,TOBARRA CB,91,18.688,25.459,False,3,INMOBILIARIA GÁLVEZ SANTA CRUZ,True
800,TOBARRA CB,26,10.1551,52.306,True,3,INMOBILIARIA GÁLVEZ SANTA CRUZ,True
801,TOBARRA CB,5,14.5275,32.013,False,3,INMOBILIARIA GÁLVEZ SANTA CRUZ,True
802,TOBARRA CB,10,22.496,48.903,False,3,INMOBILIARIA GÁLVEZ SANTA CRUZ,True
803,TOBARRA CB,21,8.3215,48.903,True,3,INMOBILIARIA GÁLVEZ SANTA CRUZ,True
804,TOBARRA CB,26,11.847,4.9155,False,3,INMOBILIARIA GÁLVEZ SANTA CRUZ,True
805,TOBARRA CB,91,32.581,23.947,False,3,INMOBILIARIA GÁLVEZ SANTA CRUZ,True
806,TOBARRA CB,21,30.324,24.829,False,3,INMOBILIARIA GÁLVEZ SANTA CRUZ,True
807,TOBARRA CB,91,32.369,23.695,True,3,INMOBILIARIA GÁLVEZ SANTA CRUZ,True
808,TOBARRA CB,28,13.82229999999999,49.155,True,3,INMOBILIARIA GÁLVEZ SANTA CRUZ,True
809,TOBARRA CB,26,9.238,50.919,False,3,INMOBILIARIA GÁLVEZ SANTA CRUZ,True
810,TOBARRA CB,26,10.296,54.7,True,3,INMOBILIARIA GÁLVEZ SANTA CRUZ,True
811,TOBARRA CB,28,34.344,52.054,False,3,INMOBILIARIA GÁLVEZ SANTA CRUZ,True
812,TOBARRA CB,26,12.482,51.171,True,3,INMOBILIARIA GÁLVEZ SANTA CRUZ,True
813,TOBARRA CB,91,13.328,77.51,True,3,INMOBILIARIA GÁLVEZ SANTA CRUZ,True
814,TOBARRA CB,91,15.51479999999999,26.468,True,3,INMOBILIARIA GÁLVEZ SANTA CRUZ,True
815,TOBARRA CB,21,35.4,57.97,False,3,INMOBILIARIA GÁLVEZ SANTA CRUZ,True
816,TOBARRA CB,6,8.67419999999999,51.802,True,3,INMOBILIARIA GÁLVEZ SANTA CRUZ,True
817,TOBARRA CB,91,8.8152,54.95,True,3,INMOBILIARIA GÁLVEZ SANTA CRUZ,True
818,TOBARRA CB,91,11.21,53.818,False,3,INMOBILIARIA GÁLVEZ SANTA CRUZ,True
819,TOBARRA CB,28,15.79689999999999,77.135,False,3,INMOBILIARIA GÁLVEZ SANTA CRUZ,True
820,TOBARRA CB,91,24.3,89.487,True,3,INMOBILIARIA GÁLVEZ SANTA CRUZ,True
821,TOBARRA CB,91,24.3,48.52,False,3,INMOBILIARIA GÁLVEZ SANTA CRUZ,True
822,TOBARRA CB,91,13.751,25.96,True,3,INMOBILIARIA GÁLVEZ SANTA CRUZ,True
823,TOBARRA CB,91,31.1,23.317,False,3,INMOBILIARIA GÁLVEZ SANTA CRUZ,True
824,TOBARRA CB,22,12.6234,51.928,False,3,INMOBILIARIA GÁLVEZ SANTA CRUZ,True
825,TOBARRA CB,28,9.5909,54.07,True,3,INMOBILIARIA GÁLVEZ SANTA CRUZ,True
826,TOBARRA CB,10,30.888,74.615,True,3,INMOBILIARIA GÁLVEZ SANTA CRUZ,True
827,TOBARRA CB,21,11.706,48.903,True,3,INMOBILIARIA GÁLVEZ SANTA CRUZ,True
828,TOBARRA CB,22,30.042,74.615,False,3,INMOBILIARIA GÁLVEZ SANTA CRUZ,True
829,TOBARRA CB,10,35.049,51.802,True,3,INMOBILIARIA GÁLVEZ SANTA CRUZ,True
830,TOBARRA CB,91,35.472,54.196,True,3,INMOBILIARIA GÁLVEZ SANTA CRUZ,True
831,TOBARRA CB,10,6.48,92.134,False,3,INMOBILIARIA GÁLVEZ SANTA CRUZ,True
832,TOBARRA CB,10,10.36669999999999,91.756,True,3,INMOBILIARIA GÁLVEZ SANTA CRUZ,True
833,TOBARRA CB,26,6.9817,50.289,True,3,INMOBILIARIA GÁLVEZ SANTA CRUZ,True
834,TOBARRA CB,21,7.89839999999999,51.67,True,3,INMOBILIARIA GÁLVEZ SANTA CRUZ,True
835,TOBARRA CB,28,11.918,50.667,True,3,INMOBILIARIA GÁLVEZ SANTA CRUZ,True
836,TOBARRA CB,91,29.76,78.144,False,3,INMOBILIARIA GÁLVEZ SANTA CRUZ,True
837,INMOBILIARIA GÁLVEZ SANTA CRUZ,12,12.27,51.171,False,3,TOBARRA CB,False
838,INMOBILIARIA GÁLVEZ SANTA CRUZ,12,10.507,49.281,True,3,TOBARRA CB,False
839,INMOBILIARIA GÁLVEZ SANTA CRUZ,6,8.9562,51.423,True,3,TOBARRA CB,False
840,INMOBILIARIA GÁLVEZ SANTA CRUZ,7,7.7574,4.5374,False,3,TOBARRA CB,False
841,INMOBILIARIA GÁLVEZ SANTA CRUZ,7,8.1,48.903,True,3,TOBARRA CB,False
842,INMOBILIARIA GÁLVEZ SANTA CRUZ,8,8.0395,45.752,True,3,TOBARRA CB,False
843,INMOBILIARIA GÁLVEZ SANTA CRUZ,8,30.67,77.135,False,3,TOBARRA CB,False
844,INMOBILIARIA GÁLVEZ SANTA CRUZ,24,12.83,50.415,True,3,TOBARRA CB,False
845,INMOBILIARIA GÁLVEZ SANTA CRUZ,24,7.12269999999999,47.642,True,3,TOBARRA CB,False
846,INMOBILIARIA GÁLVEZ SANTA CRUZ,8,12.55289999999999,26.468,True,3,TOBARRA CB,False
847,INMOBILIARIA GÁLVEZ SANTA CRUZ,44,24.18899999999999,49.407,False,3,TOBARRA CB,False
848,INMOBILIARIA GÁLVEZ SANTA CRUZ,6,9.59099999999999,50.289,True,3,TOBARRA CB,False
849,INMOBILIARIA GÁLVEZ SANTA CRUZ,44,16.1495,93.142,True,3,TOBARRA CB,False
850,INMOBILIARIA GÁLVEZ SANTA CRUZ,44,5.99439999999999,95.159,False,3,TOBARRA CB,False
851,INMOBILIARIA GÁLVEZ SANTA CRUZ,12,8.7447,55.205,True,3,TOBARRA CB,False
852,INMOBILIARIA GÁLVEZ SANTA CRUZ,44,12.27,74.23,True,3,TOBARRA CB,False
853,INMOBILIARIA GÁLVEZ SANTA CRUZ,8,28.5614,22.43,False,3,TOBARRA CB,False
854,INMOBILIARIA GÁLVEZ SANTA CRUZ,44,10.719,54.7,True,3,TOBARRA CB,False
855,INMOBILIARIA GÁLVEZ SANTA CRUZ,8,28.91,82.681,False,3,TOBARRA CB,False
856,INMOBILIARIA GÁLVEZ SANTA CRUZ,13,25.881,49.911,False,3,TOBARRA CB,False
857,INMOBILIARIA GÁLVEZ SANTA CRUZ,7,18.97,3.9072,True,3,TOBARRA CB,False
858,INMOBILIARIA GÁLVEZ SANTA CRUZ,21,10.86,56.843,False,3,TOBARRA CB,False
859,INMOBILIARIA GÁLVEZ SANTA CRUZ,12,11.001,43.735,False,3,TOBARRA CB,False
860,INMOBILIARIA GÁLVEZ SANTA CRUZ,16,31.523,29.871,True,3,TOBARRA CB,False
861,INMOBILIARIA GÁLVEZ SANTA CRUZ,24,10.93,52.684,True,3,TOBARRA CB,False
862,INMOBILIARIA GÁLVEZ SANTA CRUZ,7,32.299,55.835,True,3,TOBARRA CB,False
863,INMOBILIARIA GÁLVEZ SANTA CRUZ,8,26.163,88.605,False,3,TOBARRA CB,False
864,INMOBILIARIA GÁLVEZ SANTA CRUZ,44,12.482,50.919,True,3,TOBARRA CB,False
865,INMOBILIARIA GÁLVEZ SANTA CRUZ,13,28.984,24.577,False,3,TOBARRA CB,False
866,INMOBILIARIA GÁLVEZ SANTA CRUZ,21,18.124,46.13,False,3,TOBARRA CB,False
867,INMOBILIARIA GÁLVEZ SANTA CRUZ,24,7.263,50.667,True,3,TOBARRA CB,False
868,INMOBILIARIA GÁLVEZ SANTA CRUZ,12,8.25109999999999,53.566,True,3,TOBARRA CB,False
869,INMOBILIARIA GÁLVEZ SANTA CRUZ,8,34.485,50.793,True,3,TOBARRA CB,False
870,INMOBILIARIA GÁLVEZ SANTA CRUZ,12,6.6996,50.037,True,3,TOBARRA CB,False
871,INMOBILIARIA GÁLVEZ SANTA CRUZ,44,11.918,49.407,False,3,TOBARRA CB,False
872,INMOBILIARIA GÁLVEZ SANTA CRUZ,12,10.507,49.911,True,3,TOBARRA CB,False
873,INMOBILIARIA GÁLVEZ SANTA CRUZ,7,9.8025,44.617,True,3,TOBARRA CB,False
874,INMOBILIARIA GÁLVEZ SANTA CRUZ,12,8.7447,55.205,False,3,TOBARRA CB,False
875,INMOBILIARIA GÁLVEZ SANTA CRUZ,8,28.2793,75.245,False,3,TOBARRA CB,False
876,INMOBILIARIA GÁLVEZ SANTA CRUZ,24,12.129,51.5,True,3,TOBARRA CB,False
877,INMOBILIARIA GÁLVEZ SANTA CRUZ,24,8.4626,50.037,True,3,TOBARRA CB,False
878,INMOBILIARIA GÁLVEZ SANTA CRUZ,24,12.411,48.146,True,3,TOBARRA CB,False
879,INMOBILIARIA GÁLVEZ SANTA CRUZ,44,31.875,29.619,False,3,TOBARRA CB,False
880,INMOBILIARIA GÁLVEZ SANTA CRUZ,6,10.08459999999999,44.995,False,3,TOBARRA CB,False
881,INMOBILIARIA GÁLVEZ SANTA CRUZ,7,23.34269999999999,51.423,False,3,TOBARRA CB,False
882,INMOBILIARIA GÁLVEZ SANTA CRUZ,6,6.4175,45.24,True,3,TOBARRA CB,False
883,INMOBILIARIA GÁLVEZ SANTA CRUZ,12,15.72639999999999,57.473,False,3,TOBARRA CB,False
884,INMOBILIARIA GÁLVEZ SANTA CRUZ,6,10.93089999999999,54.07,True,3,TOBARRA CB,False
885,INMOBILIARIA GÁLVEZ SANTA CRUZ,6,31.946,29.367,True,3,TOBARRA CB,False
886,INMOBILIARIA GÁLVEZ SANTA CRUZ,44,28.349,87.975,False,3,TOBARRA CB,False
887,INMOBILIARIA GÁLVEZ SANTA CRUZ,44,10.296,92.134,False,3,TOBARRA CB,False
888,INMOBILIARIA GÁLVEZ SANTA CRUZ,6,8.392,57.97,True,3,TOBARRA CB,False
889,INMOBILIARIA GÁLVEZ SANTA CRUZ,6,32.299,54.574,False,3,TOBARRA CB,False
890,INMOBILIARIA GÁLVEZ SANTA CRUZ,44,20.028,5.9238,True,3,TOBARRA CB,False
891,INMOBILIARIA GÁLVEZ SANTA CRUZ,13,34.837,30.501,False,3,TOBARRA CB,False
892,INMOBILIARIA GÁLVEZ SANTA CRUZ,44,10.86,75.245,False,3,TOBARRA CB,False
893,INMOBILIARIA GÁLVEZ SANTA CRUZ,8,29.407,24.829,False,3,TOBARRA CB,False
894,INMOBILIARIA GÁLVEZ SANTA CRUZ,12,9.8025,54.574,True,3,TOBARRA CB,False
895,INMOBILIARIA GÁLVEZ SANTA CRUZ,21,26.727,84.446,False,3,TOBARRA CB,False
896,INMOBILIARIA GÁLVEZ SANTA CRUZ,12,8.5331,49.659,True,3,TOBARRA CB,False
897,INMOBILIARIA GÁLVEZ SANTA CRUZ,12,10.5078,52.054,False,3,TOBARRA CB,False
898,INMOBILIARIA GÁLVEZ SANTA CRUZ,8,31.311,25.459,False,3,TOBARRA CB,False
899,INMOBILIARIA GÁLVEZ SANTA CRUZ,24,9.59099999999999,51.5,True,3,TOBARRA CB,False
900,INMOBILIARIA GÁLVEZ SANTA CRUZ,44,12.129,55.457,False,3,TOBARRA CB,False
901,INMOBILIARIA GÁLVEZ SANTA CRUZ,6,24.612,54.322,True,3,TOBARRA CB,False
902,INMOBILIARIA GÁLVEZ SANTA CRUZ,7,35.119,68.313,False,3,TOBARRA CB,False
903,FUNDACION GLOBALCAJA LA RODA,0,30.68,22.43,True,3,TOSCONES CORRALEJO,True
904,FUNDACION GLOBALCAJA LA RODA,2,11.417,42.727,False,3,TOSCONES CORRALEJO,True
905,FUNDACION GLOBALCAJA LA RODA,20,7.3413,52.684,True,3,TOSCONES CORRALEJO,True
906,FUNDACION GLOBALCAJA LA RODA,20,9.033,58.86,False,3,TOSCONES CORRALEJO,True
907,FUNDACION GLOBALCAJA LA RODA,20,29.894,23.065,False,3,TOSCONES CORRALEJO,True
908,FUNDACION GLOBALCAJA LA RODA,3,30.74,78.144,False,3,TOSCONES CORRALEJO,True
909,FUNDACION GLOBALCAJA LA RODA,0,10.72629999999999,23.821,False,3,TOSCONES CORRALEJO,True
910,FUNDACION GLOBALCAJA LA RODA,20,6.0578,52.936,True,3,TOSCONES CORRALEJO,True
911,FUNDACION GLOBALCAJA LA RODA,13,8.8787,43.231,True,3,TOSCONES CORRALEJO,True
912,FUNDACION GLOBALCAJA LA RODA,0,34.407,49.911,False,3,TOSCONES CORRALEJO,True
913,FUNDACION GLOBALCAJA LA RODA,6,10.8674,48.146,False,3,TOSCONES CORRALEJO,True
914,FUNDACION GLOBALCAJA LA RODA,9,30.952,85.076,True,3,TOSCONES CORRALEJO,True
915,FUNDACION GLOBALCAJA LA RODA,6,34.337,71.464,True,3,TOSCONES CORRALEJO,True
916,FUNDACION GLOBALCAJA LA RODA,2,10.782,39.198,False,3,TOSCONES CORRALEJO,True
917,FUNDACION GLOBALCAJA LA RODA,0,25.11279999999999,46.76,False,3,TOSCONES CORRALEJO,True
918,FUNDACION GLOBALCAJA LA RODA,25,7.9619,44.743,False,3,TOSCONES CORRALEJO,True
919,FUNDACION GLOBALCAJA LA RODA,0,28.483,79.152,False,3,TOSCONES CORRALEJO,True
920,FUNDACION GLOBALCAJA LA RODA,13,8.8787,49.155,True,3,TOSCONES CORRALEJO,True
921,FUNDACION GLOBALCAJA LA RODA,13,26.1,84.95,False,3,TOSCONES CORRALEJO,True
922,FUNDACION GLOBALCAJA LA RODA,2,30.119,20.166,True,3,TOSCONES CORRALEJO,True
923,FUNDACION GLOBALCAJA LA RODA,6,14.308,24.955,False,3,TOSCONES CORRALEJO,True
924,FUNDACION GLOBALCAJA LA RODA,25,11.502,47.264,False,3,TOSCONES CORRALEJO,True
925,FUNDACION GLOBALCAJA LA RODA,0,8.0324,50.037,True,3,TOSCONES CORRALEJO,True
926,FUNDACION GLOBALCAJA LA RODA,10,10.359,95.159,False,3,TOSCONES CORRALEJO,True
927,FUNDACION GLOBALCAJA LA RODA,6,32.6586,71.464,True,3,TOSCONES CORRALEJO,True
928,FUNDACION GLOBALCAJA LA RODA,25,7.0592,48.52,True,3,TOSCONES CORRALEJO,True
929,FUNDACION GLOBALCAJA LA RODA,13,26.946,17.393,False,3,TOSCONES CORRALEJO,True
930,FUNDACION GLOBALCAJA LA RODA,13,31.177,27.854,True,3,TOSCONES CORRALEJO,True
931,FUNDACION GLOBALCAJA LA RODA,9,32.08,74.489,True,3,TOSCONES CORRALEJO,True
932,FUNDACION GLOBALCAJA LA RODA,3,35.9732,46.382,True,3,TOSCONES CORRALEJO,True
933,FUNDACION GLOBALCAJA LA RODA,2,33.64,28.61,True,3,TOSCONES CORRALEJO,True
934,FUNDACION GLOBALCAJA LA RODA,25,9.2313,48.52,True,3,TOSCONES CORRALEJO,True
935,FUNDACION GLOBALCAJA LA RODA,0,30.81,80.16,True,3,TOSCONES CORRALEJO,True
936,FUNDACION GLOBALCAJA LA RODA,0,31.586,25.081,True,3,TOSCONES CORRALEJO,True
937,FUNDACION GLOBALCAJA LA RODA,0,8.6671,43.735,False,3,TOSCONES CORRALEJO,True
938,FUNDACION GLOBALCAJA LA RODA,2,31.868,16.637,True,3,TOSCONES CORRALEJO,True
939,FUNDACION GLOBALCAJA LA RODA,2,23.124,11.217,False,3,TOSCONES CORRALEJO,True
940,FUNDACION GLOBALCAJA LA RODA,25,11.29049999999999,46.508,True,3,TOSCONES CORRALEJO,True
941,FUNDACION GLOBALCAJA LA RODA,10,11.9252,46.76,False,3,TOSCONES CORRALEJO,True
942,FUNDACION GLOBALCAJA LA RODA,10,30.613,20.418,False,3,TOSCONES CORRALEJO,True
943,FUNDACION GLOBALCAJA LA RODA,3,10.373,95.411,True,3,TOSCONES CORRALEJO,True
944,FUNDACION GLOBALCAJA LA RODA,0,11.29049999999999,44.869,False,3,TOSCONES CORRALEJO,True
945,FUNDACION GLOBALCAJA LA RODA,6,9.10429999999999,55.583,False,3,TOSCONES CORRALEJO,True
946,FUNDACION GLOBALCAJA LA RODA,6,31.093,76.127,True,3,TOSCONES CORRALEJO,True
947,FUNDACION GLOBALCAJA LA RODA,0,13.47669999999999,46.13,False,3,TOSCONES CORRALEJO,True
948,FUNDACION GLOBALCAJA LA RODA,6,13.039,63.775,False,3,TOSCONES CORRALEJO,True
949,FUNDACION GLOBALCAJA LA RODA,6,32.009,73.984,True,3,TOSCONES CORRALEJO,True
950,FUNDACION GLOBALCAJA LA RODA,6,8.1735,53.44,True,3,TOSCONES CORRALEJO,True
951,FUNDACION GLOBALCAJA LA RODA,2,30.458,79.026,False,3,TOSCONES CORRALEJO,True
952,FUNDACION GLOBALCAJA LA RODA,2,27.8632,15.754,False,3,TOSCONES CORRALEJO,True
953,FUNDACION GLOBALCAJA LA RODA,13,30.881,20.922,True,3,TOSCONES CORRALEJO,True
954,FUNDACION GLOBALCAJA LA RODA,2,29.4,78.144,True,3,TOSCONES CORRALEJO,True
955,FUNDACION GLOBALCAJA LA RODA,13,8.117,47.642,True,3,TOSCONES CORRALEJO,True
956,FUNDACION GLOBALCAJA LA RODA,10,24.83069999999999,88.983,False,3,TOSCONES CORRALEJO,True
957,FUNDACION GLOBALCAJA LA RODA,9,10.782,42.223,False,3,TOSCONES CORRALEJO,True
958,FUNDACION GLOBALCAJA LA RODA,0,21.572,26.72,True,3,TOSCONES CORRALEJO,True
959,FUNDACION GLOBALCAJA LA RODA,9,33.208,67.935,False,3,TOSCONES CORRALEJO,True
960,FUNDACION GLOBALCAJA LA RODA,20,5.789,56.969,False,3,TOSCONES CORRALEJO,True
961,FUNDACION GLOBALCAJA LA RODA,13,30.401,23.065,False,3,TOSCONES CORRALEJO,True
962,FUNDACION GLOBALCAJA LA RODA,0,10.44429999999999,47.138,True,3,TOSCONES CORRALEJO,True
963,FUNDACION GLOBALCAJA LA RODA,0,24.957,52.684,False,3,TOSCONES CORRALEJO,True
964,FUNDACION GLOBALCAJA LA RODA,2,10.853,52.684,False,3,TOSCONES CORRALEJO,True
965,FUNDACION GLOBALCAJA LA RODA,10,28.483,79.152,False,3,TOSCONES CORRALEJO,True
966,FUNDACION GLOBALCAJA LA RODA,0,12.13679999999999,47.39,False,3,TOSCONES CORRALEJO,True
967,FUNDACION GLOBALCAJA LA RODA,25,10.79689999999999,43.105,False,3,TOSCONES CORRALEJO,True
968,TOSCONES CORRALEJO,8,34.3512,40.206,False,3,FUNDACION GLOBALCAJA LA RODA,False
969,TOSCONES CORRALEJO,9,14.32299999999999,39.324,False,3,FUNDACION GLOBALCAJA LA RODA,False
970,TOSCONES CORRALEJO,7,11.911,49.911,False,3,FUNDACION GLOBALCAJA LA RODA,False
971,TOSCONES CORRALEJO,7,8.455,45.12,False,3,FUNDACION GLOBALCAJA LA RODA,False
972,TOSCONES CORRALEJO,7,20.105,72.472,True,3,FUNDACION GLOBALCAJA LA RODA,False
973,TOSCONES CORRALEJO,17,8.5261,51.171,True,3,FUNDACION GLOBALCAJA LA RODA,False
974,TOSCONES CORRALEJO,8,8.1029,63.145,False,3,FUNDACION GLOBALCAJA LA RODA,False
975,TOSCONES CORRALEJO,15,8.6671,48.903,False,3,FUNDACION GLOBALCAJA LA RODA,False
976,TOSCONES CORRALEJO,34,11.07899999999999,42.349,False,3,FUNDACION GLOBALCAJA LA RODA,False
977,TOSCONES CORRALEJO,14,9.5134,6.68,False,3,FUNDACION GLOBALCAJA LA RODA,False
978,TOSCONES CORRALEJO,6,24.252,9.957,False,3,FUNDACION GLOBALCAJA LA RODA,False
979,TOSCONES CORRALEJO,6,33.349,50.289,False,3,FUNDACION GLOBALCAJA LA RODA,False
980,TOSCONES CORRALEJO,7,16.565,48.27,False,3,FUNDACION GLOBALCAJA LA RODA,False
981,TOSCONES CORRALEJO,9,7.8349,51.171,True,3,FUNDACION GLOBALCAJA LA RODA,False
982,TOSCONES CORRALEJO,11,29.908,80.412,False,3,FUNDACION GLOBALCAJA LA RODA,False
983,TOSCONES CORRALEJO,17,9.4429,38.69,True,3,FUNDACION GLOBALCAJA LA RODA,False
984,TOSCONES CORRALEJO,9,11.07899999999999,44.113,False,3,FUNDACION GLOBALCAJA LA RODA,False
985,TOSCONES CORRALEJO,15,12.545,43.105,True,3,FUNDACION GLOBALCAJA LA RODA,False
986,TOSCONES CORRALEJO,8,15.225,43.735,False,3,FUNDACION GLOBALCAJA LA RODA,False
987,TOSCONES CORRALEJO,15,7.0592,60.372,False,3,FUNDACION GLOBALCAJA LA RODA,False
988,TOSCONES CORRALEJO,7,11.699,45.12,False,3,FUNDACION GLOBALCAJA LA RODA,False
989,TOSCONES CORRALEJO,17,7.41179999999999,48.27,True,3,FUNDACION GLOBALCAJA LA RODA,False
990,TOSCONES CORRALEJO,7,11.2,48.27,False,3,FUNDACION GLOBALCAJA LA RODA,False
991,TOSCONES CORRALEJO,17,10.44429999999999,61.128,False,3,FUNDACION GLOBALCAJA LA RODA,False
992,TOSCONES CORRALEJO,8,29.555,19.914,False,3,FUNDACION GLOBALCAJA LA RODA,False
993,TOSCONES CORRALEJO,9,32.503,52.18,False,3,FUNDACION GLOBALCAJA LA RODA,False
994,TOSCONES CORRALEJO,34,11.4316,34.786,False,3,FUNDACION GLOBALCAJA LA RODA,False
995,TOSCONES CORRALEJO,15,31.868,68.817,False,3,FUNDACION GLOBALCAJA LA RODA,False
996,TOSCONES CORRALEJO,8,10.091,58.1,True,3,FUNDACION GLOBALCAJA LA RODA,False
997,TOSCONES CORRALEJO,11,30.966,76.505,False,3,FUNDACION GLOBALCAJA LA RODA,False
998,TOSCONES CORRALEJO,7,23.899,52.684,False,3,FUNDACION GLOBALCAJA LA RODA,False
999,TOSCONES CORRALEJO,17,33.434,68.313,False,3,FUNDACION GLOBALCAJA LA RODA,False
1000,TOSCONES CORRALEJO,6,12.63039999999999,48.52,False,3,FUNDACION GLOBALCAJA LA RODA,False
1001,TOSCONES CORRALEJO,9,17.425,26.846,False,3,FUNDACION GLOBALCAJA LA RODA,False
1002,TOSCONES CORRALEJO,7,6.622,57.97,True,3,FUNDACION GLOBALCAJA LA RODA,False
1003,TOSCONES CORRALEJO,11,6.622,30.501,False,3,FUNDACION GLOBALCAJA LA RODA,False
1004,TOSCONES CORRALEJO,9,12.63039999999999,51.928,True,3,FUNDACION GLOBALCAJA LA RODA,False
1005,TOSCONES CORRALEJO,8,2.4612,53.062,False,3,FUNDACION GLOBALCAJA LA RODA,False
1006,TOSCONES CORRALEJO,8,9.0197,45.626,True,3,FUNDACION GLOBALCAJA LA RODA,False
1007,TOSCONES CORRALEJO,9,11.629,50.037,False,3,FUNDACION GLOBALCAJA LA RODA,False
1008,TOSCONES CORRALEJO,7,21.361,51.802,False,3,FUNDACION GLOBALCAJA LA RODA,False
1009,TOSCONES CORRALEJO,34,35.902,77.64,False,3,FUNDACION GLOBALCAJA LA RODA,False
1010,TOSCONES CORRALEJO,8,9.2454,41.97,False,3,FUNDACION GLOBALCAJA LA RODA,False
1011,TOSCONES CORRALEJO,14,12.263,43.609,False,3,FUNDACION GLOBALCAJA LA RODA,False
1012,TOSCONES CORRALEJO,11,31.3187,77.38,True,3,FUNDACION GLOBALCAJA LA RODA,False
1013,TOSCONES CORRALEJO,7,11.361,49.533,False,3,FUNDACION GLOBALCAJA LA RODA,False
1014,TOSCONES CORRALEJO,9,22.64449999999999,29.997,False,3,FUNDACION GLOBALCAJA LA RODA,False
1015,TOSCONES CORRALEJO,8,9.3018,47.264,False,3,FUNDACION GLOBALCAJA LA RODA,False
1016,TOSCONES CORRALEJO,25,26.791,13.36,False,3,FUNDACION GLOBALCAJA LA RODA,False
1017,TOSCONES CORRALEJO,9,13.0536,46.886,False,3,FUNDACION GLOBALCAJA LA RODA,False
1018,TOSCONES CORRALEJO,15,11.07899999999999,56.213,False,3,FUNDACION GLOBALCAJA LA RODA,False
1019,TOSCONES CORRALEJO,34,11.48,68.565,False,3,FUNDACION GLOBALCAJA LA RODA,False
1020,TOSCONES CORRALEJO,8,17.411,37.685,False,3,FUNDACION GLOBALCAJA LA RODA,False
1021,TOSCONES CORRALEJO,7,16.988,72.976,False,3,FUNDACION GLOBALCAJA LA RODA,False
1022,TOSCONES CORRALEJO,8,7.6234,44.617,True,3,FUNDACION GLOBALCAJA LA RODA,False
1023,TOSCONES CORRALEJO,15,32.7292,72.976,True,3,FUNDACION GLOBALCAJA LA RODA,False
1024,TOSCONES CORRALEJO,7,20.585,72.598,False,3,FUNDACION GLOBALCAJA LA RODA,False
1025,TOSCONES CORRALEJO,34,11.07899999999999,42.349,False,3,FUNDACION GLOBALCAJA LA RODA,False
1026,TOSCONES CORRALEJO,25,10.853,47.642,True,3,FUNDACION GLOBALCAJA LA RODA,False
1027,TOSCONES CORRALEJO,9,29.908,80.412,False,3,FUNDACION GLOBALCAJA LA RODA,False
1028,TOSCONES CORRALEJO,8,32.574,69.195,False,3,FUNDACION GLOBALCAJA LA RODA,False
1029,TOSCONES CORRALEJO,34,35.62,64.027,False,3,FUNDACION GLOBALCAJA LA RODA,False
1030,TOSCONES CORRALEJO,7,19.033,47.768,True,3,FUNDACION GLOBALCAJA LA RODA,False
1031,TOSCONES CORRALEJO,25,13.956,43.231,False,3,FUNDACION GLOBALCAJA LA RODA,False
1032,TOSCONES CORRALEJO,8,8.385,54.82,True,3,FUNDACION GLOBALCAJA LA RODA,False
1033,TOSCONES CORRALEJO,9,9.38639999999999,48.52,True,3,FUNDACION GLOBALCAJA LA RODA,False
1034,TOSCONES CORRALEJO,7,6.198,63.019,False,3,FUNDACION GLOBALCAJA LA RODA,False
1035,TOSCONES CORRALEJO,17,8.8082,39.828,False,3,FUNDACION GLOBALCAJA LA RODA,False
1036,TOSCONES CORRALEJO,17,21.008,43.483,True,3,FUNDACION GLOBALCAJA LA RODA,False
1037,TOSCONES CORRALEJO,17,28.765,21.552,False,3,FUNDACION GLOBALCAJA LA RODA,False
1038,C.D. BASKET GLOBALCAJA QUINTANAR,2,4.9365,49.281,True,3,SUMIALKI CB CIUDAD DE MOSTOLES,True
1039,C.D. BASKET GLOBALCAJA QUINTANAR,8,34.837,23.317,False,3,SUMIALKI CB CIUDAD DE MOSTOLES,True
1040,C.D. BASKET GLOBALCAJA QUINTANAR,8,7.1932,48.777,True,3,SUMIALKI CB CIUDAD DE MOSTOLES,True
1041,C.D. BASKET GLOBALCAJA QUINTANAR,2,16.36109999999999,75.245,False,3,SUMIALKI CB CIUDAD DE MOSTOLES,True
1042,C.D. BASKET GLOBALCAJA QUINTANAR,1,5.9943,50.037,False,3,SUMIALKI CB CIUDAD DE MOSTOLES,True
1043,C.D. BASKET GLOBALCAJA QUINTANAR,1,29.548,76.883,False,3,SUMIALKI CB CIUDAD DE MOSTOLES,True
1044,C.D. BASKET GLOBALCAJA QUINTANAR,2,7.40479999999999,47.138,True,3,SUMIALKI CB CIUDAD DE MOSTOLES,True
1045,C.D. BASKET GLOBALCAJA QUINTANAR,21,9.3794,92.764,True,3,SUMIALKI CB CIUDAD DE MOSTOLES,True
1046,C.D. BASKET GLOBALCAJA QUINTANAR,8,28.20869999999999,15.25,False,3,SUMIALKI CB CIUDAD DE MOSTOLES,True
1047,C.D. BASKET GLOBALCAJA QUINTANAR,12,8.6036,45.5,True,3,SUMIALKI CB CIUDAD DE MOSTOLES,True
1048,C.D. BASKET GLOBALCAJA QUINTANAR,21,33.497,17.897,False,3,SUMIALKI CB CIUDAD DE MOSTOLES,True
1049,C.D. BASKET GLOBALCAJA QUINTANAR,2,5.0775,49.407,True,3,SUMIALKI CB CIUDAD DE MOSTOLES,True
1050,C.D. BASKET GLOBALCAJA QUINTANAR,1,34.344,50.541,False,3,SUMIALKI CB CIUDAD DE MOSTOLES,True
1051,C.D. BASKET GLOBALCAJA QUINTANAR,2,29.6192,82.807,False,3,SUMIALKI CB CIUDAD DE MOSTOLES,True
1052,C.D. BASKET GLOBALCAJA QUINTANAR,21,6.9111,52.432,True,3,SUMIALKI CB CIUDAD DE MOSTOLES,True
1053,C.D. BASKET GLOBALCAJA QUINTANAR,7,35.26,17.771,True,3,SUMIALKI CB CIUDAD DE MOSTOLES,True
1054,C.D. BASKET GLOBALCAJA QUINTANAR,21,7.6868,93.64,False,3,SUMIALKI CB CIUDAD DE MOSTOLES,True
1055,C.D. BASKET GLOBALCAJA QUINTANAR,1,36.812,51.5,True,3,SUMIALKI CB CIUDAD DE MOSTOLES,True
1056,C.D. BASKET GLOBALCAJA QUINTANAR,21,24.471,28.862,False,3,SUMIALKI CB CIUDAD DE MOSTOLES,True
1057,C.D. BASKET GLOBALCAJA QUINTANAR,12,6.77,50.037,False,3,SUMIALKI CB CIUDAD DE MOSTOLES,True
1058,C.D. BASKET GLOBALCAJA QUINTANAR,6,6.2059,43.483,True,3,SUMIALKI CB CIUDAD DE MOSTOLES,True
1059,C.D. BASKET GLOBALCAJA QUINTANAR,21,39.069,23.065,False,3,SUMIALKI CB CIUDAD DE MOSTOLES,True
1060,C.D. BASKET GLOBALCAJA QUINTANAR,6,5.2891,48.27,True,3,SUMIALKI CB CIUDAD DE MOSTOLES,True
1061,C.D. BASKET GLOBALCAJA QUINTANAR,2,5.923,47.012,True,3,SUMIALKI CB CIUDAD DE MOSTOLES,True
1062,C.D. BASKET GLOBALCAJA QUINTANAR,50,5.5007,51.045,True,3,SUMIALKI CB CIUDAD DE MOSTOLES,True
1063,C.D. BASKET GLOBALCAJA QUINTANAR,2,5.0776,47.39,True,3,SUMIALKI CB CIUDAD DE MOSTOLES,True
1064,C.D. BASKET GLOBALCAJA QUINTANAR,50,34.9788,78.9,True,3,SUMIALKI CB CIUDAD DE MOSTOLES,True
1065,C.D. BASKET GLOBALCAJA QUINTANAR,14,8.8152,72.22,False,3,SUMIALKI CB CIUDAD DE MOSTOLES,True
1066,C.D. BASKET GLOBALCAJA QUINTANAR,2,3.8081,48.27,True,3,SUMIALKI CB CIUDAD DE MOSTOLES,True
1067,C.D. BASKET GLOBALCAJA QUINTANAR,6,5.2891,51.045,True,3,SUMIALKI CB CIUDAD DE MOSTOLES,True
1068,C.D. BASKET GLOBALCAJA QUINTANAR,1,33.004,21.426,False,3,SUMIALKI CB CIUDAD DE MOSTOLES,True
1069,C.D. BASKET GLOBALCAJA QUINTANAR,12,9.1678,49.911,True,3,SUMIALKI CB CIUDAD DE MOSTOLES,True
1070,C.D. BASKET GLOBALCAJA QUINTANAR,8,4.86,49.533,True,3,SUMIALKI CB CIUDAD DE MOSTOLES,True
1071,C.D. BASKET GLOBALCAJA QUINTANAR,8,36.741,40.08,False,3,SUMIALKI CB CIUDAD DE MOSTOLES,True
1072,C.D. BASKET GLOBALCAJA QUINTANAR,12,22.42,70.581,False,3,SUMIALKI CB CIUDAD DE MOSTOLES,True
1073,C.D. BASKET GLOBALCAJA QUINTANAR,14,6.629,47.39,True,3,SUMIALKI CB CIUDAD DE MOSTOLES,True
1074,C.D. BASKET GLOBALCAJA QUINTANAR,2,6.5585,50.793,True,3,SUMIALKI CB CIUDAD DE MOSTOLES,True
1075,C.D. BASKET GLOBALCAJA QUINTANAR,8,32.369,81.925,False,3,SUMIALKI CB CIUDAD DE MOSTOLES,True
1076,C.D. BASKET GLOBALCAJA QUINTANAR,2,7.4753,47.642,True,3,SUMIALKI CB CIUDAD DE MOSTOLES,True
1077,C.D. BASKET GLOBALCAJA QUINTANAR,14,7.61639999999999,51.67,False,3,SUMIALKI CB CIUDAD DE MOSTOLES,True
1078,C.D. BASKET GLOBALCAJA QUINTANAR,6,16.713,73.102,False,3,SUMIALKI CB CIUDAD DE MOSTOLES,True
1079,C.D. BASKET GLOBALCAJA QUINTANAR,14,5.71229999999999,48.02,True,3,SUMIALKI CB CIUDAD DE MOSTOLES,True
1080,C.D. BASKET GLOBALCAJA QUINTANAR,14,34.626,73.102,False,3,SUMIALKI CB CIUDAD DE MOSTOLES,True
1081,C.D. BASKET GLOBALCAJA QUINTANAR,6,5.4301,50.415,True,3,SUMIALKI CB CIUDAD DE MOSTOLES,True
1082,C.D. BASKET GLOBALCAJA QUINTANAR,21,6.135,52.18,False,3,SUMIALKI CB CIUDAD DE MOSTOLES,True
1083,C.D. BASKET GLOBALCAJA QUINTANAR,50,6.4174,50.541,False,3,SUMIALKI CB CIUDAD DE MOSTOLES,True
1084,C.D. BASKET GLOBALCAJA QUINTANAR,8,5.2891,48.52,True,3,SUMIALKI CB CIUDAD DE MOSTOLES,True
1085,C.D. BASKET GLOBALCAJA QUINTANAR,50,36.248,19.662,True,3,SUMIALKI CB CIUDAD DE MOSTOLES,True
1086,C.D. BASKET GLOBALCAJA QUINTANAR,1,5.5007,50.289,False,3,SUMIALKI CB CIUDAD DE MOSTOLES,True
1087,C.D. BASKET GLOBALCAJA QUINTANAR,1,33.004,75.119,True,3,SUMIALKI CB CIUDAD DE MOSTOLES,True
1088,C.D. BASKET GLOBALCAJA QUINTANAR,7,5.8533,48.27,True,3,SUMIALKI CB CIUDAD DE MOSTOLES,True
1089,C.D. BASKET GLOBALCAJA QUINTANAR,21,16.784,15.754,False,3,SUMIALKI CB CIUDAD DE MOSTOLES,True
1090,C.D. BASKET GLOBALCAJA QUINTANAR,2,5.5007,50.289,True,3,SUMIALKI CB CIUDAD DE MOSTOLES,True
1091,C.D. BASKET GLOBALCAJA QUINTANAR,12,7.6868,46.382,True,3,SUMIALKI CB CIUDAD DE MOSTOLES,True
1092,C.D. BASKET GLOBALCAJA QUINTANAR,14,6.1354,51.045,False,3,SUMIALKI CB CIUDAD DE MOSTOLES,True
1093,C.D. BASKET GLOBALCAJA QUINTANAR,14,7.0521,44.365,False,3,SUMIALKI CB CIUDAD DE MOSTOLES,True
1094,C.D. BASKET GLOBALCAJA QUINTANAR,0,9.732,3.529,False,3,SUMIALKI CB CIUDAD DE MOSTOLES,True
1095,C.D. BASKET GLOBALCAJA QUINTANAR,14,38.081,21.93,True,3,SUMIALKI CB CIUDAD DE MOSTOLES,True
1096,C.D. BASKET GLOBALCAJA QUINTANAR,14,8.18049999999999,45.24,True,3,SUMIALKI CB CIUDAD DE MOSTOLES,True
1097,C.D. BASKET GLOBALCAJA QUINTANAR,8,7.2637,49.533,True,3,SUMIALKI CB CIUDAD DE MOSTOLES,True
1098,C.D. BASKET GLOBALCAJA QUINTANAR,8,6.0648,49.785,True,3,SUMIALKI CB CIUDAD DE MOSTOLES,True
1099,C.D. BASKET GLOBALCAJA QUINTANAR,7,6.2764,48.02,True,3,SUMIALKI CB CIUDAD DE MOSTOLES,True
1100,C.D. BASKET GLOBALCAJA QUINTANAR,8,22.284,26.342,False,3,SUMIALKI CB CIUDAD DE MOSTOLES,True
1101,C.D. BASKET GLOBALCAJA QUINTANAR,8,7.40479999999999,47.138,False,3,SUMIALKI CB CIUDAD DE MOSTOLES,True
1102,C.D. BASKET GLOBALCAJA QUINTANAR,2,5.8533,48.903,True,3,SUMIALKI CB CIUDAD DE MOSTOLES,True
1103,C.D. BASKET GLOBALCAJA QUINTANAR,8,32.8632,73.102,False,3,SUMIALKI CB CIUDAD DE MOSTOLES,True
1104,C.D. BASKET GLOBALCAJA QUINTANAR,2,5.4301,48.903,True,3,SUMIALKI CB CIUDAD DE MOSTOLES,True
1105,SUMIALKI CB CIUDAD DE MOSTOLES,29,17.70099999999999,80.79,False,3,C.D. BASKET GLOBALCAJA QUINTANAR,False
1106,SUMIALKI CB CIUDAD DE MOSTOLES,4,10.789,93.142,False,3,C.D. BASKET GLOBALCAJA QUINTANAR,False
1107,SUMIALKI CB CIUDAD DE MOSTOLES,15,5.8533,47.012,False,3,C.D. BASKET GLOBALCAJA QUINTANAR,False
1108,SUMIALKI CB CIUDAD DE MOSTOLES,29,30.53,15.124,False,3,C.D. BASKET GLOBALCAJA QUINTANAR,False
1109,SUMIALKI CB CIUDAD DE MOSTOLES,15,5.8533,49.281,False,3,C.D. BASKET GLOBALCAJA QUINTANAR,False
1110,SUMIALKI CB CIUDAD DE MOSTOLES,9,6.205,46.508,False,3,C.D. BASKET GLOBALCAJA QUINTANAR,False
1111,SUMIALKI CB CIUDAD DE MOSTOLES,20,36.318,18.023,True,3,C.D. BASKET GLOBALCAJA QUINTANAR,False
1112,SUMIALKI CB CIUDAD DE MOSTOLES,11,27.433,10.083,False,3,C.D. BASKET GLOBALCAJA QUINTANAR,False
1113,SUMIALKI CB CIUDAD DE MOSTOLES,29,32.228,77.135,False,3,C.D. BASKET GLOBALCAJA QUINTANAR,False
1114,SUMIALKI CB CIUDAD DE MOSTOLES,12,16.00849999999999,72.346,False,3,C.D. BASKET GLOBALCAJA QUINTANAR,False
1115,SUMIALKI CB CIUDAD DE MOSTOLES,22,37.16,15.88,True,3,C.D. BASKET GLOBALCAJA QUINTANAR,False
1116,SUMIALKI CB CIUDAD DE MOSTOLES,15,5.9238,46.508,False,3,C.D. BASKET GLOBALCAJA QUINTANAR,False
1117,SUMIALKI CB CIUDAD DE MOSTOLES,11,36.882,19.031,False,3,C.D. BASKET GLOBALCAJA QUINTANAR,False
1118,SUMIALKI CB CIUDAD DE MOSTOLES,15,6.488,50.289,True,3,C.D. BASKET GLOBALCAJA QUINTANAR,False
1119,SUMIALKI CB CIUDAD DE MOSTOLES,12,11.5656,72.22,True,3,C.D. BASKET GLOBALCAJA QUINTANAR,False
1120,SUMIALKI CB CIUDAD DE MOSTOLES,12,36.036,69.573,False,3,C.D. BASKET GLOBALCAJA QUINTANAR,False
1121,SUMIALKI CB CIUDAD DE MOSTOLES,9,10.2257,52.684,True,3,C.D. BASKET GLOBALCAJA QUINTANAR,False
1122,SUMIALKI CB CIUDAD DE MOSTOLES,15,32.016,16.511,False,3,C.D. BASKET GLOBALCAJA QUINTANAR,False
1123,SUMIALKI CB CIUDAD DE MOSTOLES,29,33.286,79.656,False,3,C.D. BASKET GLOBALCAJA QUINTANAR,False
1124,SUMIALKI CB CIUDAD DE MOSTOLES,20,35.19,74.741,False,3,C.D. BASKET GLOBALCAJA QUINTANAR,False
1125,SUMIALKI CB CIUDAD DE MOSTOLES,20,32.44,16.637,False,3,C.D. BASKET GLOBALCAJA QUINTANAR,False
1126,SUMIALKI CB CIUDAD DE MOSTOLES,9,7.1227,54.322,True,3,C.D. BASKET GLOBALCAJA QUINTANAR,False
1127,SUMIALKI CB CIUDAD DE MOSTOLES,29,4.86,4.5374,True,3,C.D. BASKET GLOBALCAJA QUINTANAR,False
1128,SUMIALKI CB CIUDAD DE MOSTOLES,88,7.7574,45.878,True,3,C.D. BASKET GLOBALCAJA QUINTANAR,False
1129,SUMIALKI CB CIUDAD DE MOSTOLES,12,39.069,16.889,False,3,C.D. BASKET GLOBALCAJA QUINTANAR,False
1130,SUMIALKI CB CIUDAD DE MOSTOLES,22,32.792,74.615,False,3,C.D. BASKET GLOBALCAJA QUINTANAR,False
1131,SUMIALKI CB CIUDAD DE MOSTOLES,29,38.857,14.746,False,3,C.D. BASKET GLOBALCAJA QUINTANAR,False
1132,SUMIALKI CB CIUDAD DE MOSTOLES,4,37.376,21.3,True,3,C.D. BASKET GLOBALCAJA QUINTANAR,False
1133,SUMIALKI CB CIUDAD DE MOSTOLES,4,35.543,74.23,True,3,C.D. BASKET GLOBALCAJA QUINTANAR,False
1134,SUMIALKI CB CIUDAD DE MOSTOLES,22,34.908,77.766,False,3,C.D. BASKET GLOBALCAJA QUINTANAR,False
1135,SUMIALKI CB CIUDAD DE MOSTOLES,4,5.923,48.52,True,3,C.D. BASKET GLOBALCAJA QUINTANAR,False
1136,SUMIALKI CB CIUDAD DE MOSTOLES,20,6.2059,45.626,True,3,C.D. BASKET GLOBALCAJA QUINTANAR,False
1137,SUMIALKI CB CIUDAD DE MOSTOLES,4,7.9689,46.886,False,3,C.D. BASKET GLOBALCAJA QUINTANAR,False
1138,SUMIALKI CB CIUDAD DE MOSTOLES,29,8.392,75.245,False,3,C.D. BASKET GLOBALCAJA QUINTANAR,False
1139,SUMIALKI CB CIUDAD DE MOSTOLES,9,11.35,23.695,False,3,C.D. BASKET GLOBALCAJA QUINTANAR,False
1140,SUMIALKI CB CIUDAD DE MOSTOLES,11,7.827,2.6468,False,3,C.D. BASKET GLOBALCAJA QUINTANAR,False
1141,SUMIALKI CB CIUDAD DE MOSTOLES,9,35.472,70.203,False,3,C.D. BASKET GLOBALCAJA QUINTANAR,False
1142,SUMIALKI CB CIUDAD DE MOSTOLES,12,36.812,48.903,True,3,C.D. BASKET GLOBALCAJA QUINTANAR,False
1143,SUMIALKI CB CIUDAD DE MOSTOLES,15,28.7729,81.421,False,3,C.D. BASKET GLOBALCAJA QUINTANAR,False
1144,SUMIALKI CB CIUDAD DE MOSTOLES,4,7.193200000000004,48.02,False,3,C.D. BASKET GLOBALCAJA QUINTANAR,False
1145,SUMIALKI CB CIUDAD DE MOSTOLES,15,27.08,9.5789,False,3,C.D. BASKET GLOBALCAJA QUINTANAR,False
1146,SUMIALKI CB CIUDAD DE MOSTOLES,29,32.29,78.27,False,3,C.D. BASKET GLOBALCAJA QUINTANAR,False
1147,SUMIALKI CB CIUDAD DE MOSTOLES,88,11.70659999999999,25.207,True,3,C.D. BASKET GLOBALCAJA QUINTANAR,False
1148,SUMIALKI CB CIUDAD DE MOSTOLES,29,32.369,75.875,True,3,C.D. BASKET GLOBALCAJA QUINTANAR,False
1149,SUMIALKI CB CIUDAD DE MOSTOLES,88,10.7193,49.911,True,3,C.D. BASKET GLOBALCAJA QUINTANAR,False
1150,SUMIALKI CB CIUDAD DE MOSTOLES,15,15.3738,47.642,False,3,C.D. BASKET GLOBALCAJA QUINTANAR,False
1151,SUMIALKI CB CIUDAD DE MOSTOLES,88,9.4499,91.756,False,3,C.D. BASKET GLOBALCAJA QUINTANAR,False
1152,SUMIALKI CB CIUDAD DE MOSTOLES,4,6.84059999999999,51.045,False,3,C.D. BASKET GLOBALCAJA QUINTANAR,False
1153,SUMIALKI CB CIUDAD DE MOSTOLES,4,36.177,19.662,True,3,C.D. BASKET GLOBALCAJA QUINTANAR,False
1154,SUMIALKI CB CIUDAD DE MOSTOLES,29,5.641,4.5374,True,3,C.D. BASKET GLOBALCAJA QUINTANAR,False
1155,SUMIALKI CB CIUDAD DE MOSTOLES,4,7.404,46.634,False,3,C.D. BASKET GLOBALCAJA QUINTANAR,False
1156,SUMIALKI CB CIUDAD DE MOSTOLES,29,38.081,35.921,False,3,C.D. BASKET GLOBALCAJA QUINTANAR,False
1157,SUMIALKI CB CIUDAD DE MOSTOLES,12,7.61639999999999,49.029,False,3,C.D. BASKET GLOBALCAJA QUINTANAR,False
1158,SUMIALKI CB CIUDAD DE MOSTOLES,29,8.8858,6.4279,False,3,C.D. BASKET GLOBALCAJA QUINTANAR,False
1159,SUMIALKI CB CIUDAD DE MOSTOLES,29,39.351,48.27,False,3,C.D. BASKET GLOBALCAJA QUINTANAR,False
1160,SUMIALKI CB CIUDAD DE MOSTOLES,9,10.014,48.903,True,3,C.D. BASKET GLOBALCAJA QUINTANAR,False
1161,SUMIALKI CB CIUDAD DE MOSTOLES,15,5.923,47.894,True,3,C.D. BASKET GLOBALCAJA QUINTANAR,False
1162,SUMIALKI CB CIUDAD DE MOSTOLES,29,14.386,92.764,False,3,C.D. BASKET GLOBALCAJA QUINTANAR,False
1163,SUMIALKI CB CIUDAD DE MOSTOLES,20,33.286,18.527,False,3,C.D. BASKET GLOBALCAJA QUINTANAR,False
1164,SUMIALKI CB CIUDAD DE MOSTOLES,20,5.2891,48.777,False,3,C.D. BASKET GLOBALCAJA QUINTANAR,False
1165,SUMIALKI CB CIUDAD DE MOSTOLES,88,7.9689,80.66,False,3,C.D. BASKET GLOBALCAJA QUINTANAR,False
1166,SUMIALKI CB CIUDAD DE MOSTOLES,4,38.78,22.182,True,3,C.D. BASKET GLOBALCAJA QUINTANAR,False
1167,SUMIALKI CB CIUDAD DE MOSTOLES,11,13.4697,50.289,True,3,C.D. BASKET GLOBALCAJA QUINTANAR,False
1168,MOVISTAR ESTUDIANTES,25,32.8632,22.56,False,3,GRUPO INTERBUS ALCOBENDAS,True
1169,MOVISTAR ESTUDIANTES,6,28.279,80.79,False,3,GRUPO INTERBUS ALCOBENDAS,True
1170,MOVISTAR ESTUDIANTES,2,32.29,76.253,False,3,GRUPO INTERBUS ALCOBENDAS,True
1171,MOVISTAR ESTUDIANTES,6,18.053,58.356,False,3,GRUPO INTERBUS ALCOBENDAS,True
1172,MOVISTAR ESTUDIANTES,2,32.29,27.602,True,3,GRUPO INTERBUS ALCOBENDAS,True
1173,MOVISTAR ESTUDIANTES,8,15.867,26.594,False,3,GRUPO INTERBUS ALCOBENDAS,True
1174,MOVISTAR ESTUDIANTES,25,31.1,20.796,True,3,GRUPO INTERBUS ALCOBENDAS,True
1175,MOVISTAR ESTUDIANTES,8,31.382,79.152,False,3,GRUPO INTERBUS ALCOBENDAS,True
1176,MOVISTAR ESTUDIANTES,2,36.882,78.144,False,3,GRUPO INTERBUS ALCOBENDAS,True
1177,MOVISTAR ESTUDIANTES,19,12.27079999999999,51.928,True,3,GRUPO INTERBUS ALCOBENDAS,True
1178,MOVISTAR ESTUDIANTES,12,8.8152,49.533,True,3,GRUPO INTERBUS ALCOBENDAS,True
1179,MOVISTAR ESTUDIANTES,9,9.167,51.928,True,3,GRUPO INTERBUS ALCOBENDAS,True
1180,MOVISTAR ESTUDIANTES,19,30.465,26.468,False,3,GRUPO INTERBUS ALCOBENDAS,True
1181,MOVISTAR ESTUDIANTES,11,31.311,55.205,False,3,GRUPO INTERBUS ALCOBENDAS,True
1182,MOVISTAR ESTUDIANTES,8,14.527,54.448,True,3,GRUPO INTERBUS ALCOBENDAS,True
1183,MOVISTAR ESTUDIANTES,2,35.8251,43.357,True,3,GRUPO INTERBUS ALCOBENDAS,True
1184,MOVISTAR ESTUDIANTES,11,26.939,79.152,False,3,GRUPO INTERBUS ALCOBENDAS,True
1185,MOVISTAR ESTUDIANTES,8,13.4697,40.71,False,3,GRUPO INTERBUS ALCOBENDAS,True
1186,MOVISTAR ESTUDIANTES,2,33.85,82.429,True,3,GRUPO INTERBUS ALCOBENDAS,True
1187,MOVISTAR ESTUDIANTES,25,34.978,32.518,False,3,GRUPO INTERBUS ALCOBENDAS,True
1188,MOVISTAR ESTUDIANTES,11,10.225,49.533,True,3,GRUPO INTERBUS ALCOBENDAS,True
1189,MOVISTAR ESTUDIANTES,25,28.49079999999999,86.462,False,3,GRUPO INTERBUS ALCOBENDAS,True
1190,MOVISTAR ESTUDIANTES,2,11.777,49.281,True,3,GRUPO INTERBUS ALCOBENDAS,True
1191,MOVISTAR ESTUDIANTES,2,14.668,35.795,False,3,GRUPO INTERBUS ALCOBENDAS,True
1192,MOVISTAR ESTUDIANTES,12,7.40479999999999,38.8,False,3,GRUPO INTERBUS ALCOBENDAS,True
1193,MOVISTAR ESTUDIANTES,7,10.014,55.331,True,3,GRUPO INTERBUS ALCOBENDAS,True
1194,MOVISTAR ESTUDIANTES,25,20.4513,64.91,True,3,GRUPO INTERBUS ALCOBENDAS,True
1195,MOVISTAR ESTUDIANTES,7,22.143,57.97,False,3,GRUPO INTERBUS ALCOBENDAS,True
1196,MOVISTAR ESTUDIANTES,10,10.014,50.793,True,3,GRUPO INTERBUS ALCOBENDAS,True
1197,MOVISTAR ESTUDIANTES,8,12.2,50.163,True,3,GRUPO INTERBUS ALCOBENDAS,True
1198,MOVISTAR ESTUDIANTES,8,11.988,61.12,False,3,GRUPO INTERBUS ALCOBENDAS,True
1199,MOVISTAR ESTUDIANTES,2,12.482,47.516,True,3,GRUPO INTERBUS ALCOBENDAS,True
1200,MOVISTAR ESTUDIANTES,22,6.77009999999999,53.314,True,3,GRUPO INTERBUS ALCOBENDAS,True
1201,MOVISTAR ESTUDIANTES,25,31.029,79.908,False,3,GRUPO INTERBUS ALCOBENDAS,True
1202,MOVISTAR ESTUDIANTES,25,32.29,83.689,True,3,GRUPO INTERBUS ALCOBENDAS,True
1203,MOVISTAR ESTUDIANTES,12,27.644,13.108,True,3,GRUPO INTERBUS ALCOBENDAS,True
1204,MOVISTAR ESTUDIANTES,7,9.1678,48.27,True,3,GRUPO INTERBUS ALCOBENDAS,True
1205,MOVISTAR ESTUDIANTES,19,12.27,46.886,False,3,GRUPO INTERBUS ALCOBENDAS,True
1206,MOVISTAR ESTUDIANTES,6,34.062,33.778,False,3,GRUPO INTERBUS ALCOBENDAS,True
1207,MOVISTAR ESTUDIANTES,6,34.132,26.342,False,3,GRUPO INTERBUS ALCOBENDAS,True
1208,MOVISTAR ESTUDIANTES,8,33.568,75.875,False,3,GRUPO INTERBUS ALCOBENDAS,True
1209,MOVISTAR ESTUDIANTES,19,8.251,60.246,False,3,GRUPO INTERBUS ALCOBENDAS,True
1210,MOVISTAR ESTUDIANTES,22,9.0973,51.5,True,3,GRUPO INTERBUS ALCOBENDAS,True
1211,MOVISTAR ESTUDIANTES,12,13.751,37.055,True,3,GRUPO INTERBUS ALCOBENDAS,True
1212,MOVISTAR ESTUDIANTES,7,30.11279999999999,86.84,False,3,GRUPO INTERBUS ALCOBENDAS,True
1213,MOVISTAR ESTUDIANTES,2,30.11279999999999,24.577,False,3,GRUPO INTERBUS ALCOBENDAS,True
1214,MOVISTAR ESTUDIANTES,6,22.002,44.617,False,3,GRUPO INTERBUS ALCOBENDAS,True
1215,MOVISTAR ESTUDIANTES,25,32.933,22.68,False,3,GRUPO INTERBUS ALCOBENDAS,True
1216,MOVISTAR ESTUDIANTES,8,30.53,78.648,False,3,GRUPO INTERBUS ALCOBENDAS,True
1217,MOVISTAR ESTUDIANTES,22,8.8858,53.188,False,3,GRUPO INTERBUS ALCOBENDAS,True
1218,MOVISTAR ESTUDIANTES,10,27.29,87.471,False,3,GRUPO INTERBUS ALCOBENDAS,True
1219,MOVISTAR ESTUDIANTES,9,13.32859999999999,77.009,False,3,GRUPO INTERBUS ALCOBENDAS,True
1220,MOVISTAR ESTUDIANTES,8,32.15,73.732,False,3,GRUPO INTERBUS ALCOBENDAS,True
1221,MOVISTAR ESTUDIANTES,11,33.921,24.703,True,3,GRUPO INTERBUS ALCOBENDAS,True
1222,MOVISTAR ESTUDIANTES,7,5.50069999999999,58.86,False,3,GRUPO INTERBUS ALCOBENDAS,True
1223,MOVISTAR ESTUDIANTES,22,9.3794,57.599,True,3,GRUPO INTERBUS ALCOBENDAS,True
1224,MOVISTAR ESTUDIANTES,9,4.86,53.566,True,3,GRUPO INTERBUS ALCOBENDAS,True
1225,MOVISTAR ESTUDIANTES,9,9.3088,54.7,True,3,GRUPO INTERBUS ALCOBENDAS,True
1226,MOVISTAR ESTUDIANTES,7,31.734,14.746,False,3,GRUPO INTERBUS ALCOBENDAS,True
1227,MOVISTAR ESTUDIANTES,10,28.20869999999999,17.519,False,3,GRUPO INTERBUS ALCOBENDAS,True
1228,MOVISTAR ESTUDIANTES,7,31.664,79.278,False,3,GRUPO INTERBUS ALCOBENDAS,True
1229,MOVISTAR ESTUDIANTES,2,38.78,75.875,False,3,GRUPO INTERBUS ALCOBENDAS,True
1230,MOVISTAR ESTUDIANTES,8,11.636,65.792,True,3,GRUPO INTERBUS ALCOBENDAS,True
1231,MOVISTAR ESTUDIANTES,8,31.1,35.921,False,3,GRUPO INTERBUS ALCOBENDAS,True
1232,MOVISTAR ESTUDIANTES,2,32.722,76.757,True,3,GRUPO INTERBUS ALCOBENDAS,True
1233,GRUPO INTERBUS ALCOBENDAS,41,8.5331,53.44,True,3,MOVISTAR ESTUDIANTES,False
1234,GRUPO INTERBUS ALCOBENDAS,20,13.963,45.5,True,3,MOVISTAR ESTUDIANTES,False
1235,GRUPO INTERBUS ALCOBENDAS,41,18.97,47.138,False,3,MOVISTAR ESTUDIANTES,False
1236,GRUPO INTERBUS ALCOBENDAS,15,28.7729,18.779,False,3,MOVISTAR ESTUDIANTES,False
1237,GRUPO INTERBUS ALCOBENDAS,41,15.02119999999999,77.38,False,3,MOVISTAR ESTUDIANTES,False
1238,GRUPO INTERBUS ALCOBENDAS,17,31.593,19.662,False,3,MOVISTAR ESTUDIANTES,False
1239,GRUPO INTERBUS ALCOBENDAS,11,38.504,68.061,False,3,MOVISTAR ESTUDIANTES,False
1240,GRUPO INTERBUS ALCOBENDAS,5,9.80249999999999,54.574,False,3,MOVISTAR ESTUDIANTES,False
1241,GRUPO INTERBUS ALCOBENDAS,5,30.747,78.018,False,3,MOVISTAR ESTUDIANTES,False
1242,GRUPO INTERBUS ALCOBENDAS,77,35.472,25.585,False,3,MOVISTAR ESTUDIANTES,False
1243,GRUPO INTERBUS ALCOBENDAS,14,29.9013,18.905,False,3,MOVISTAR ESTUDIANTES,False
1244,GRUPO INTERBUS ALCOBENDAS,20,30.888,17.645,False,3,MOVISTAR ESTUDIANTES,False
1245,GRUPO INTERBUS ALCOBENDAS,16,9.5204,43.357,False,3,MOVISTAR ESTUDIANTES,False
1246,GRUPO INTERBUS ALCOBENDAS,14,17.13679999999999,25.83,True,3,MOVISTAR ESTUDIANTES,False
1247,GRUPO INTERBUS ALCOBENDAS,17,23.836,91.63,False,3,MOVISTAR ESTUDIANTES,False
1248,GRUPO INTERBUS ALCOBENDAS,14,13.963,46.256,True,3,MOVISTAR ESTUDIANTES,False
1249,GRUPO INTERBUS ALCOBENDAS,17,8.3216,43.735,False,3,MOVISTAR ESTUDIANTES,False
1250,GRUPO INTERBUS ALCOBENDAS,5,33.3568,52.684,False,3,MOVISTAR ESTUDIANTES,False
1251,GRUPO INTERBUS ALCOBENDAS,5,33.568,68.943,True,3,MOVISTAR ESTUDIANTES,False
1252,GRUPO INTERBUS ALCOBENDAS,14,10.36669999999999,53.188,False,3,MOVISTAR ESTUDIANTES,False
1253,GRUPO INTERBUS ALCOBENDAS,16,16.784,27.98,False,3,MOVISTAR ESTUDIANTES,False
1254,GRUPO INTERBUS ALCOBENDAS,20,32.651,84.068,True,3,MOVISTAR ESTUDIANTES,False
1255,GRUPO INTERBUS ALCOBENDAS,24,13.117,52.432,True,3,MOVISTAR ESTUDIANTES,False
1256,GRUPO INTERBUS ALCOBENDAS,41,6.9111,58.23,True,3,MOVISTAR ESTUDIANTES,False
1257,GRUPO INTERBUS ALCOBENDAS,41,13.32859999999999,62.137,False,3,MOVISTAR ESTUDIANTES,False
1258,GRUPO INTERBUS ALCOBENDAS,41,11.35,39.576,True,3,MOVISTAR ESTUDIANTES,False
1259,GRUPO INTERBUS ALCOBENDAS,24,10.86039999999999,56.717,True,3,MOVISTAR ESTUDIANTES,False
1260,GRUPO INTERBUS ALCOBENDAS,24,27.785,17.393,False,3,MOVISTAR ESTUDIANTES,False
1261,GRUPO INTERBUS ALCOBENDAS,17,6.205,60.498,True,3,MOVISTAR ESTUDIANTES,False
1262,GRUPO INTERBUS ALCOBENDAS,41,13.822,50.541,True,3,MOVISTAR ESTUDIANTES,False
1263,GRUPO INTERBUS ALCOBENDAS,17,17.771,49.155,False,3,MOVISTAR ESTUDIANTES,False
1264,GRUPO INTERBUS ALCOBENDAS,14,8.46259999999999,52.684,False,3,MOVISTAR ESTUDIANTES,False
1265,GRUPO INTERBUS ALCOBENDAS,5,11.918,60.372,True,3,MOVISTAR ESTUDIANTES,False
1266,GRUPO INTERBUS ALCOBENDAS,16,14.95,42.097,False,3,MOVISTAR ESTUDIANTES,False
1267,GRUPO INTERBUS ALCOBENDAS,17,12.059,35.164,False,3,MOVISTAR ESTUDIANTES,False
1268,GRUPO INTERBUS ALCOBENDAS,11,13.258,48.777,True,3,MOVISTAR ESTUDIANTES,False
1269,GRUPO INTERBUS ALCOBENDAS,41,7.89839999999999,59.112,True,3,MOVISTAR ESTUDIANTES,False
1270,GRUPO INTERBUS ALCOBENDAS,41,14.033,73.984,False,3,MOVISTAR ESTUDIANTES,False
1271,GRUPO INTERBUS ALCOBENDAS,77,17.066,44.239,False,3,MOVISTAR ESTUDIANTES,False
1272,GRUPO INTERBUS ALCOBENDAS,17,36.6,62.515,True,3,MOVISTAR ESTUDIANTES,False
1273,GRUPO INTERBUS ALCOBENDAS,20,31.523,29.997,False,3,MOVISTAR ESTUDIANTES,False
1274,GRUPO INTERBUS ALCOBENDAS,25,15.02119999999999,76.631,True,3,MOVISTAR ESTUDIANTES,False
1275,GRUPO INTERBUS ALCOBENDAS,5,32.299,21.174,False,3,MOVISTAR ESTUDIANTES,False
1276,GRUPO INTERBUS ALCOBENDAS,77,36.53,67.556,False,3,MOVISTAR ESTUDIANTES,False
1277,GRUPO INTERBUS ALCOBENDAS,20,31.593,19.788,False,3,MOVISTAR ESTUDIANTES,False
1278,GRUPO INTERBUS ALCOBENDAS,14,30.394,84.824,False,3,MOVISTAR ESTUDIANTES,False
1279,GRUPO INTERBUS ALCOBENDAS,4,32.369,26.72,True,3,MOVISTAR ESTUDIANTES,False
1280,GRUPO INTERBUS ALCOBENDAS,25,33.215,28.61,False,3,MOVISTAR ESTUDIANTES,False
1281,GRUPO INTERBUS ALCOBENDAS,77,32.722,82.555,True,3,MOVISTAR ESTUDIANTES,False
1282,GRUPO INTERBUS ALCOBENDAS,17,15.514,48.02,True,3,MOVISTAR ESTUDIANTES,False
1283,GRUPO INTERBUS ALCOBENDAS,11,34.203,32.896,False,3,MOVISTAR ESTUDIANTES,False
1284,GRUPO INTERBUS ALCOBENDAS,14,29.125,83.311,False,3,MOVISTAR ESTUDIANTES,False
1285,GRUPO INTERBUS ALCOBENDAS,5,29.266,81.799,False,3,MOVISTAR ESTUDIANTES,False
1286,GRUPO INTERBUS ALCOBENDAS,77,33.568,29.619,True,3,MOVISTAR ESTUDIANTES,False
1287,GRUPO INTERBUS ALCOBENDAS,17,34.555,22.813,True,3,MOVISTAR ESTUDIANTES,False
1288,GRUPO INTERBUS ALCOBENDAS,5,12.48239999999999,48.903,False,3,MOVISTAR ESTUDIANTES,False
1289,GRUPO INTERBUS ALCOBENDAS,5,11.70659999999999,63.019,True,3,MOVISTAR ESTUDIANTES,False
1290,GRUPO INTERBUS ALCOBENDAS,5,8.8858,54.82,False,3,MOVISTAR ESTUDIANTES,False
1291,GRUPO INTERBUS ALCOBENDAS,25,16.9958,43.231,False,3,MOVISTAR ESTUDIANTES,False
1292,GRUPO INTERBUS ALCOBENDAS,41,15.0917,76.883,False,3,MOVISTAR ESTUDIANTES,False
1293,GRUPO INTERBUS ALCOBENDAS,41,12.76449999999999,78.648,False,3,MOVISTAR ESTUDIANTES,False
1294,BALONCESTO ALCALA,19,29.478,83.185,False,3,CESUR DISTRITO OLIMPICO,True
1295,BALONCESTO ALCALA,4,31.523,79.53,True,3,CESUR DISTRITO OLIMPICO,True
1296,BALONCESTO ALCALA,3,20.38079999999999,8.696,False,3,CESUR DISTRITO OLIMPICO,True
1297,BALONCESTO ALCALA,29,33.004,68.943,True,3,CESUR DISTRITO OLIMPICO,True
1298,BALONCESTO ALCALA,10,6.55849999999999,52.18,True,3,CESUR DISTRITO OLIMPICO,True
1299,BALONCESTO ALCALA,4,32.228,23.947,True,3,CESUR DISTRITO OLIMPICO,True
1300,BALONCESTO ALCALA,3,10.014,51.045,True,3,CESUR DISTRITO OLIMPICO,True
1301,BALONCESTO ALCALA,19,35.966,70.203,False,3,CESUR DISTRITO OLIMPICO,True
1302,BALONCESTO ALCALA,91,3.87869999999999,53.566,False,3,CESUR DISTRITO OLIMPICO,True
1303,BALONCESTO ALCALA,14,35.895,50.541,True,3,CESUR DISTRITO OLIMPICO,True
1304,BALONCESTO ALCALA,10,6.8406,47.642,True,3,CESUR DISTRITO OLIMPICO,True
1305,BALONCESTO ALCALA,91,7.6868,48.651,False,3,CESUR DISTRITO OLIMPICO,True
1306,BALONCESTO ALCALA,29,8.392,49.533,True,3,CESUR DISTRITO OLIMPICO,True
1307,BALONCESTO ALCALA,10,5.8533,44.491,True,3,CESUR DISTRITO OLIMPICO,True
1308,BALONCESTO ALCALA,91,8.5331,50.289,True,3,CESUR DISTRITO OLIMPICO,True
1309,BALONCESTO ALCALA,91,4.5839,48.02,True,3,CESUR DISTRITO OLIMPICO,True
1310,BALONCESTO ALCALA,19,31.875,17.519,False,3,CESUR DISTRITO OLIMPICO,True
1311,BALONCESTO ALCALA,19,24.682,12.099,True,3,CESUR DISTRITO OLIMPICO,True
1312,BALONCESTO ALCALA,3,5.3596,48.146,False,3,CESUR DISTRITO OLIMPICO,True
1313,BALONCESTO ALCALA,10,10.578,47.012,False,3,CESUR DISTRITO OLIMPICO,True
1314,BALONCESTO ALCALA,3,33.1453,15.25,False,3,CESUR DISTRITO OLIMPICO,True
1315,BALONCESTO ALCALA,3,31.1,22.68,False,3,CESUR DISTRITO OLIMPICO,True
1316,BALONCESTO ALCALA,91,5.0775,50.667,True,3,CESUR DISTRITO OLIMPICO,True
1317,BALONCESTO ALCALA,19,5.5007,81.799,True,3,CESUR DISTRITO OLIMPICO,True
1318,BALONCESTO ALCALA,3,31.946,46.382,False,3,CESUR DISTRITO OLIMPICO,True
1319,BALONCESTO ALCALA,10,7.0521,49.155,False,3,CESUR DISTRITO OLIMPICO,True
1320,BALONCESTO ALCALA,5,24.682,10.335,False,3,CESUR DISTRITO OLIMPICO,True
1321,BALONCESTO ALCALA,91,31.1,22.68,True,3,CESUR DISTRITO OLIMPICO,True
1322,BALONCESTO ALCALA,29,9.87309999999999,42.349,False,3,CESUR DISTRITO OLIMPICO,True
1323,BALONCESTO ALCALA,14,10.578,48.39,True,3,CESUR DISTRITO OLIMPICO,True
1324,BALONCESTO ALCALA,19,30.959,22.056,False,3,CESUR DISTRITO OLIMPICO,True
1325,BALONCESTO ALCALA,14,6.9111,51.423,True,3,CESUR DISTRITO OLIMPICO,True
1326,BALONCESTO ALCALA,29,7.4753,46.634,True,3,CESUR DISTRITO OLIMPICO,True
1327,BALONCESTO ALCALA,19,9.52049999999999,49.659,False,3,CESUR DISTRITO OLIMPICO,True
1328,BALONCESTO ALCALA,19,15.6559,94.529,False,3,CESUR DISTRITO OLIMPICO,True
1329,BALONCESTO ALCALA,19,23.06059999999999,90.622,False,3,CESUR DISTRITO OLIMPICO,True
1330,BALONCESTO ALCALA,19,7.89839999999999,49.659,True,3,CESUR DISTRITO OLIMPICO,True
1331,BALONCESTO ALCALA,4,31.5233,87.471,True,3,CESUR DISTRITO OLIMPICO,True
1332,BALONCESTO ALCALA,10,13.258,54.95,False,3,CESUR DISTRITO OLIMPICO,True
1333,BALONCESTO ALCALA,10,22.99,51.802,False,3,CESUR DISTRITO OLIMPICO,True
1334,BALONCESTO ALCALA,19,17.91259999999999,5.5457,False,3,CESUR DISTRITO OLIMPICO,True
1335,BALONCESTO ALCALA,29,6.77,46.382,True,3,CESUR DISTRITO OLIMPICO,True
1336,BALONCESTO ALCALA,10,6.34699999999999,47.39,True,3,CESUR DISTRITO OLIMPICO,True
1337,BALONCESTO ALCALA,29,48.025,46.508,False,3,CESUR DISTRITO OLIMPICO,True
1338,BALONCESTO ALCALA,91,5.8533,51.67,True,3,CESUR DISTRITO OLIMPICO,True
1339,BALONCESTO ALCALA,29,29.901,80.53,True,3,CESUR DISTRITO OLIMPICO,True
1340,BALONCESTO ALCALA,91,8.18049999999999,49.155,False,3,CESUR DISTRITO OLIMPICO,True
1341,BALONCESTO ALCALA,4,16.85469999999999,48.903,False,3,CESUR DISTRITO OLIMPICO,True
1342,BALONCESTO ALCALA,5,31.382,80.79,False,3,CESUR DISTRITO OLIMPICO,True
1343,BALONCESTO ALCALA,4,31.523,80.16,False,3,CESUR DISTRITO OLIMPICO,True
1344,BALONCESTO ALCALA,29,35.8251,43.861,False,3,CESUR DISTRITO OLIMPICO,True
1345,BALONCESTO ALCALA,4,36.812,67.68,False,3,CESUR DISTRITO OLIMPICO,True
1346,BALONCESTO ALCALA,19,20.31,66.17,False,3,CESUR DISTRITO OLIMPICO,True
1347,BALONCESTO ALCALA,10,5.2891,51.423,True,3,CESUR DISTRITO OLIMPICO,True
1348,BALONCESTO ALCALA,10,21.932,61.885,False,3,CESUR DISTRITO OLIMPICO,True
1349,BALONCESTO ALCALA,5,25.52889999999999,10.461,False,3,CESUR DISTRITO OLIMPICO,True
1350,BALONCESTO ALCALA,3,6.55849999999999,48.777,True,3,CESUR DISTRITO OLIMPICO,True
1351,BALONCESTO ALCALA,29,33.427,14.998,False,3,CESUR DISTRITO OLIMPICO,True
1352,BALONCESTO ALCALA,19,10.014,46.382,False,3,CESUR DISTRITO OLIMPICO,True
1353,BALONCESTO ALCALA,19,29.901,8.1925,True,3,CESUR DISTRITO OLIMPICO,True
1354,BALONCESTO ALCALA,29,14.033,48.146,False,3,CESUR DISTRITO OLIMPICO,True
1355,BALONCESTO ALCALA,29,6.6995,44.995,True,3,CESUR DISTRITO OLIMPICO,True
1356,BALONCESTO ALCALA,19,19.1114,77.38,False,3,CESUR DISTRITO OLIMPICO,True
1357,CESUR DISTRITO OLIMPICO,33,36.036,48.146,False,3,BALONCESTO ALCALA,False
1358,CESUR DISTRITO OLIMPICO,13,9.80249999999999,52.936,False,3,BALONCESTO ALCALA,False
1359,CESUR DISTRITO OLIMPICO,16,19.534,45.626,False,3,BALONCESTO ALCALA,False
1360,CESUR DISTRITO OLIMPICO,16,28.42,79.782,True,3,BALONCESTO ALCALA,False
1361,CESUR DISTRITO OLIMPICO,5,7.7574,50.667,False,3,BALONCESTO ALCALA,False
1362,CESUR DISTRITO OLIMPICO,2,5.2891,17.393,True,3,BALONCESTO ALCALA,False
1363,CESUR DISTRITO OLIMPICO,41,19.252,49.785,False,3,BALONCESTO ALCALA,False
1364,CESUR DISTRITO OLIMPICO,76,6.55849999999999,49.029,True,3,BALONCESTO ALCALA,False
1365,CESUR DISTRITO OLIMPICO,10,28.42,7.0581,False,3,BALONCESTO ALCALA,False
1366,CESUR DISTRITO OLIMPICO,75,22.637,49.281,False,3,BALONCESTO ALCALA,False
1367,CESUR DISTRITO OLIMPICO,76,9.6615,52.81,False,3,BALONCESTO ALCALA,False
1368,CESUR DISTRITO OLIMPICO,2,11.49509999999999,94.025,False,3,BALONCESTO ALCALA,False
1369,CESUR DISTRITO OLIMPICO,13,6.34699999999999,46.886,True,3,BALONCESTO ALCALA,False
1370,CESUR DISTRITO OLIMPICO,10,7.12269999999999,50.163,True,3,BALONCESTO ALCALA,False
1371,CESUR DISTRITO OLIMPICO,33,31.5233,74.489,True,3,BALONCESTO ALCALA,False
1372,CESUR DISTRITO OLIMPICO,41,21.156,58.1,False,3,BALONCESTO ALCALA,False
1373,CESUR DISTRITO OLIMPICO,5,16.784,52.936,False,3,BALONCESTO ALCALA,False
1374,CESUR DISTRITO OLIMPICO,2,34.908,56.339,False,3,BALONCESTO ALCALA,False
1375,CESUR DISTRITO OLIMPICO,10,30.818,83.81,True,3,BALONCESTO ALCALA,False
1376,CESUR DISTRITO OLIMPICO,76,6.3469,48.39,True,3,BALONCESTO ALCALA,False
1377,CESUR DISTRITO OLIMPICO,33,10.08459999999999,25.207,False,3,BALONCESTO ALCALA,False
1378,CESUR DISTRITO OLIMPICO,16,23.201,6.1759,True,3,BALONCESTO ALCALA,False
1379,CESUR DISTRITO OLIMPICO,33,14.17489999999999,48.02,True,3,BALONCESTO ALCALA,False
1380,CESUR DISTRITO OLIMPICO,33,16.2,54.322,False,3,BALONCESTO ALCALA,False
1381,CESUR DISTRITO OLIMPICO,33,28.42,16.763,True,3,BALONCESTO ALCALA,False
1382,CESUR DISTRITO OLIMPICO,2,34.626,68.313,False,3,BALONCESTO ALCALA,False
1383,CESUR DISTRITO OLIMPICO,41,25.105,44.113,False,3,BALONCESTO ALCALA,False
1384,CESUR DISTRITO OLIMPICO,2,28.20869999999999,12.85,True,3,BALONCESTO ALCALA,False
1385,CESUR DISTRITO OLIMPICO,76,14.45,49.155,False,3,BALONCESTO ALCALA,False
1386,CESUR DISTRITO OLIMPICO,5,18.406,48.903,True,3,BALONCESTO ALCALA,False
1387,CESUR DISTRITO OLIMPICO,15,7.33429999999999,47.894,True,3,BALONCESTO ALCALA,False
1388,CESUR DISTRITO OLIMPICO,10,8.11,46.382,True,3,BALONCESTO ALCALA,False
1389,CESUR DISTRITO OLIMPICO,33,24.471,44.617,False,3,BALONCESTO ALCALA,False
1390,CESUR DISTRITO OLIMPICO,76,13.469,48.52,True,3,BALONCESTO ALCALA,False
1391,CESUR DISTRITO OLIMPICO,16,10.64879999999999,49.029,True,3,BALONCESTO ALCALA,False
1392,CESUR DISTRITO OLIMPICO,2,31.241,81.925,True,3,BALONCESTO ALCALA,False
1393,CESUR DISTRITO OLIMPICO,13,9.5204,49.911,False,3,BALONCESTO ALCALA,False
1394,CESUR DISTRITO OLIMPICO,2,11.7771,47.894,False,3,BALONCESTO ALCALA,False
1395,CESUR DISTRITO OLIMPICO,75,36.459,32.013,False,3,BALONCESTO ALCALA,False
1396,CESUR DISTRITO OLIMPICO,5,5.8533,44.995,True,3,BALONCESTO ALCALA,False
1397,CESUR DISTRITO OLIMPICO,16,33.638,66.296,False,3,BALONCESTO ALCALA,False
1398,CESUR DISTRITO OLIMPICO,33,9.8025,49.281,True,3,BALONCESTO ALCALA,False
1399,CESUR DISTRITO OLIMPICO,5,17.418,35.669,False,3,BALONCESTO ALCALA,False
1400,CESUR DISTRITO OLIMPICO,15,6.4174,48.27,True,3,BALONCESTO ALCALA,False
1401,CESUR DISTRITO OLIMPICO,5,31.523,18.779,True,3,BALONCESTO ALCALA,False
1402,CESUR DISTRITO OLIMPICO,5,15.3738,23.191,False,3,BALONCESTO ALCALA,False
1403,CESUR DISTRITO OLIMPICO,13,10.08459999999999,4.7894,True,3,BALONCESTO ALCALA,False
1404,CESUR DISTRITO OLIMPICO,16,7.8279,51.5,True,3,BALONCESTO ALCALA,False
1405,CESUR DISTRITO OLIMPICO,5,6.629,47.264,True,3,BALONCESTO ALCALA,False
1406,CESUR DISTRITO OLIMPICO,33,7.5458,81.547,False,3,BALONCESTO ALCALA,False
1407,CESUR DISTRITO OLIMPICO,33,36.53,71.59,False,3,BALONCESTO ALCALA,False
1408,CESUR DISTRITO OLIMPICO,10,30.67,11.469,False,3,BALONCESTO ALCALA,False
1409,CESUR DISTRITO OLIMPICO,10,27.08,13.612,True,3,BALONCESTO ALCALA,False
1410,CESUR DISTRITO OLIMPICO,33,13.963,49.155,False,3,BALONCESTO ALCALA,False
1411,CESUR DISTRITO OLIMPICO,33,6.48,50.415,False,3,BALONCESTO ALCALA,False
1412,CESUR DISTRITO OLIMPICO,10,35.54,43.735,False,3,BALONCESTO ALCALA,False
1413,CESUR DISTRITO OLIMPICO,41,31.7348,82.051,False,3,BALONCESTO ALCALA,False
1414,CESUR DISTRITO OLIMPICO,2,22.143,50.163,False,3,BALONCESTO ALCALA,False
1415,CESUR DISTRITO OLIMPICO,5,35.3315,61.12,False,3,BALONCESTO ALCALA,False
1416,CESUR DISTRITO OLIMPICO,33,22.143,50.163,True,3,BALONCESTO ALCALA,False
1417,CESUR DISTRITO OLIMPICO,41,33.921,79.278,False,3,BALONCESTO ALCALA,False
1418,CESUR DISTRITO OLIMPICO,16,5.9238,50.793,True,3,BALONCESTO ALCALA,False
1419,NÁUTICO TENERIFE,44,4.86,36.677,False,3,EL VENTERO CBV,True
1420,NÁUTICO TENERIFE,18,8.4626,5.167,False,3,EL VENTERO CBV,True
1421,NÁUTICO TENERIFE,39,14.59,41.84,True,3,EL VENTERO CBV,True
1422,NÁUTICO TENERIFE,39,9.661,42.853,True,3,EL VENTERO CBV,True
1423,NÁUTICO TENERIFE,3,9.238,6.3019,False,3,EL VENTERO CBV,True
1424,NÁUTICO TENERIFE,55,15.867,33.778,True,3,EL VENTERO CBV,True
1425,NÁUTICO TENERIFE,13,8.392,56.465,False,3,EL VENTERO CBV,True
1426,NÁUTICO TENERIFE,51,7.12269999999999,65.918,True,3,EL VENTERO CBV,True
1427,NÁUTICO TENERIFE,39,31.029,28.98,True,3,EL VENTERO CBV,True
1428,NÁUTICO TENERIFE,7,28.772,18.149,False,3,EL VENTERO CBV,True
1429,NÁUTICO TENERIFE,55,31.664,22.182,False,3,EL VENTERO CBV,True
1430,NÁUTICO TENERIFE,51,9.5909,25.207,True,3,EL VENTERO CBV,True
1431,NÁUTICO TENERIFE,44,9.8025,64.279,False,3,EL VENTERO CBV,True
1432,NÁUTICO TENERIFE,5,11.49509999999999,48.903,False,3,EL VENTERO CBV,True
1433,NÁUTICO TENERIFE,5,16.008,34.912,False,3,EL VENTERO CBV,True
1434,NÁUTICO TENERIFE,39,5.923,38.946,True,3,EL VENTERO CBV,True
1435,NÁUTICO TENERIFE,3,17.13679999999999,94.151,True,3,EL VENTERO CBV,True
1436,NÁUTICO TENERIFE,39,11.071,36.677,True,3,EL VENTERO CBV,True
1437,NÁUTICO TENERIFE,12,9.873,56.213,True,3,EL VENTERO CBV,True
1438,NÁUTICO TENERIFE,51,15.867,50.793,True,3,EL VENTERO CBV,True
1439,NÁUTICO TENERIFE,44,10.578,65.792,True,3,EL VENTERO CBV,True
1440,NÁUTICO TENERIFE,18,27.362,82.177,True,3,EL VENTERO CBV,True
1441,NÁUTICO TENERIFE,55,14.88,43.987,True,3,EL VENTERO CBV,True
1442,NÁUTICO TENERIFE,7,27.15,87.975,True,3,EL VENTERO CBV,True
1443,NÁUTICO TENERIFE,23,28.49,82.051,False,3,EL VENTERO CBV,True
1444,NÁUTICO TENERIFE,18,6.06489999999999,40.71,True,3,EL VENTERO CBV,True
1445,NÁUTICO TENERIFE,55,11.35,41.718,True,3,EL VENTERO CBV,True
1446,NÁUTICO TENERIFE,5,33.356,48.651,False,3,EL VENTERO CBV,True
1447,NÁUTICO TENERIFE,5,20.521,70.329,False,3,EL VENTERO CBV,True
1448,NÁUTICO TENERIFE,44,8.6036,51.297,True,3,EL VENTERO CBV,True
1449,NÁUTICO TENERIFE,5,17.912,73.606,False,3,EL VENTERO CBV,True
1450,NÁUTICO TENERIFE,5,9.3794,45.24,False,3,EL VENTERO CBV,True
1451,NÁUTICO TENERIFE,55,8.95629999999999,49.659,False,3,EL VENTERO CBV,True
1452,NÁUTICO TENERIFE,55,9.9436,44.239,False,3,EL VENTERO CBV,True
1453,NÁUTICO TENERIFE,5,15.232,38.8,True,3,EL VENTERO CBV,True
1454,NÁUTICO TENERIFE,5,7.12269999999999,35.795,False,3,EL VENTERO CBV,True
1455,NÁUTICO TENERIFE,5,6.9111,39.702,True,3,EL VENTERO CBV,True
1456,NÁUTICO TENERIFE,18,7.05219999999999,39.45,True,3,EL VENTERO CBV,True
1457,NÁUTICO TENERIFE,39,13.258,32.39,True,3,EL VENTERO CBV,True
1458,NÁUTICO TENERIFE,51,34.626,44.113,False,3,EL VENTERO CBV,True
1459,NÁUTICO TENERIFE,5,16.713,41.97,True,3,EL VENTERO CBV,True
1460,NÁUTICO TENERIFE,20,26.798,84.572,False,3,EL VENTERO CBV,True
1461,NÁUTICO TENERIFE,39,13.822,45.24,True,3,EL VENTERO CBV,True
1462,NÁUTICO TENERIFE,5,23.624,10.335,False,3,EL VENTERO CBV,True
1463,NÁUTICO TENERIFE,13,27.08,15.124,False,3,EL VENTERO CBV,True
1464,NÁUTICO TENERIFE,44,9.52049999999999,39.828,False,3,EL VENTERO CBV,True
1465,NÁUTICO TENERIFE,51,10.578,43.105,True,3,EL VENTERO CBV,True
1466,NÁUTICO TENERIFE,18,26.6573,20.922,False,3,EL VENTERO CBV,True
1467,NÁUTICO TENERIFE,3,26.6573,36.173,False,3,EL VENTERO CBV,True
1468,NÁUTICO TENERIFE,39,6.4175,44.743,False,3,EL VENTERO CBV,True
1469,NÁUTICO TENERIFE,5,24.259,33.526,True,3,EL VENTERO CBV,True
1470,NÁUTICO TENERIFE,3,13.681,37.811,True,3,EL VENTERO CBV,True
1471,NÁUTICO TENERIFE,39,10.1551,61.12,False,3,EL VENTERO CBV,True
1472,NÁUTICO TENERIFE,7,11.071,4.9155,False,3,EL VENTERO CBV,True
1473,NÁUTICO TENERIFE,5,34.062,50.793,False,3,EL VENTERO CBV,True
1474,NÁUTICO TENERIFE,44,10.08459999999999,44.617,False,3,EL VENTERO CBV,True
1475,NÁUTICO TENERIFE,51,7.89839999999999,53.188,False,3,EL VENTERO CBV,True
1476,NÁUTICO TENERIFE,55,12.693,56.843,True,3,EL VENTERO CBV,True
1477,EL VENTERO CBV,22,10.2257,37.055,False,3,NÁUTICO TENERIFE,False
1478,EL VENTERO CBV,3,6.27639999999999,34.912,False,3,NÁUTICO TENERIFE,False
1479,EL VENTERO CBV,27,23.90689999999999,9.831,False,3,NÁUTICO TENERIFE,False
1480,EL VENTERO CBV,10,11.001,4.7894,True,3,NÁUTICO TENERIFE,False
1481,EL VENTERO CBV,18,6.34699999999999,41.97,True,3,NÁUTICO TENERIFE,False
1482,EL VENTERO CBV,0,26.6573,83.689,False,3,NÁUTICO TENERIFE,False
1483,EL VENTERO CBV,3,7.7574,37.433,True,3,NÁUTICO TENERIFE,False
1484,EL VENTERO CBV,10,27.362,73.984,False,3,NÁUTICO TENERIFE,False
1485,EL VENTERO CBV,0,7.7574,38.441,False,3,NÁUTICO TENERIFE,False
1486,EL VENTERO CBV,0,7.89839999999999,93.268,False,3,NÁUTICO TENERIFE,False
1487,EL VENTERO CBV,18,10.155,39.198,True,3,NÁUTICO TENERIFE,False
1488,EL VENTERO CBV,27,26.304,87.345,False,3,NÁUTICO TENERIFE,False
1489,EL VENTERO CBV,10,13.751,42.097,False,3,NÁUTICO TENERIFE,False
1490,EL VENTERO CBV,22,33.921,58.86,False,3,NÁUTICO TENERIFE,False
1491,EL VENTERO CBV,41,27.29,83.311,False,3,NÁUTICO TENERIFE,False
1492,EL VENTERO CBV,3,12.693,42.979,False,3,NÁUTICO TENERIFE,False
1493,EL VENTERO CBV,41,20.09869999999999,48.651,True,3,NÁUTICO TENERIFE,False
1494,EL VENTERO CBV,3,9.30889999999999,32.26,True,3,NÁUTICO TENERIFE,False
1495,EL VENTERO CBV,3,29.125,83.81,False,3,NÁUTICO TENERIFE,False
1496,EL VENTERO CBV,1,14.95059999999999,52.432,True,3,NÁUTICO TENERIFE,False
1497,EL VENTERO CBV,18,20.31,46.256,False,3,NÁUTICO TENERIFE,False
1498,EL VENTERO CBV,1,8.392,60.246,False,3,NÁUTICO TENERIFE,False
1499,EL VENTERO CBV,18,13.892,44.113,True,3,NÁUTICO TENERIFE,False
1500,EL VENTERO CBV,41,16.29,47.642,False,3,NÁUTICO TENERIFE,False
1501,EL VENTERO CBV,41,27.856,84.95,True,3,NÁUTICO TENERIFE,False
1502,EL VENTERO CBV,10,11.847,27.98,True,3,NÁUTICO TENERIFE,False
1503,EL VENTERO CBV,41,20.451,40.71,False,3,NÁUTICO TENERIFE,False
1504,EL VENTERO CBV,2,13.328,44.743,False,3,NÁUTICO TENERIFE,False
1505,EL VENTERO CBV,0,18.97,7.9404,False,3,NÁUTICO TENERIFE,False
1506,EL VENTERO CBV,41,14.59,54.196,True,3,NÁUTICO TENERIFE,False
1507,EL VENTERO CBV,10,7.4753,92.638,False,3,NÁUTICO TENERIFE,False
1508,EL VENTERO CBV,41,7.33429999999999,93.773,False,3,NÁUTICO TENERIFE,False
1509,EL VENTERO CBV,10,26.3752,83.563,False,3,NÁUTICO TENERIFE,False
1510,EL VENTERO CBV,10,10.507,43.231,False,3,NÁUTICO TENERIFE,False
1511,EL VENTERO CBV,10,9.6615,50.541,False,3,NÁUTICO TENERIFE,False
1512,EL VENTERO CBV,1,11.283,48.651,True,3,NÁUTICO TENERIFE,False
1513,EL VENTERO CBV,0,11.21,61.38,True,3,NÁUTICO TENERIFE,False
1514,EL VENTERO CBV,10,35.684,52.432,False,3,NÁUTICO TENERIFE,False
1515,EL VENTERO CBV,10,33.004,48.903,False,3,NÁUTICO TENERIFE,False
1516,EL VENTERO CBV,10,21.297,90.748,False,3,NÁUTICO TENERIFE,False
1517,EL VENTERO CBV,22,35.54,35.669,False,3,NÁUTICO TENERIFE,False
1518,EL VENTERO CBV,1,15.585,47.516,False,3,NÁUTICO TENERIFE,False
1519,EL VENTERO CBV,0,9.6615,44.869,True,3,NÁUTICO TENERIFE,False
1520,EL VENTERO CBV,10,12.059,56.339,True,3,NÁUTICO TENERIFE,False
1521,EL VENTERO CBV,0,16.29,40.458,False,3,NÁUTICO TENERIFE,False
1522,EL VENTERO CBV,1,12.411,61.002,True,3,NÁUTICO TENERIFE,False
1523,EL VENTERO CBV,18,11.918,49.785,True,3,NÁUTICO TENERIFE,False
1524,EL VENTERO CBV,41,13.187,92.008,False,3,NÁUTICO TENERIFE,False
1525,EL VENTERO CBV,10,27.362,88.731,False,3,NÁUTICO TENERIFE,False
1526,EL VENTERO CBV,0,7.33429999999999,63.019,True,3,NÁUTICO TENERIFE,False
1527,EL VENTERO CBV,3,4.86,38.315,False,3,NÁUTICO TENERIFE,False
1528,EL VENTERO CBV,41,11.0014,14.242,False,3,NÁUTICO TENERIFE,False
1529,EL VENTERO CBV,1,13.61,45.878,True,3,NÁUTICO TENERIFE,False
1530,EL VENTERO CBV,41,13.11709999999999,5.0415,False,3,NÁUTICO TENERIFE,False
1531,EL VENTERO CBV,3,33.074,62.263,False,3,NÁUTICO TENERIFE,False
1532,EL VENTERO CBV,41,16.572,33.526,False,3,NÁUTICO TENERIFE,False
1533,EL VENTERO CBV,0,24.5416,87.09,False,3,NÁUTICO TENERIFE,False
1534,EL VENTERO CBV,18,11.495,44.743,True,3,NÁUTICO TENERIFE,False
1535,EL VENTERO CBV,15,35.966,57.347,True,3,NÁUTICO TENERIFE,False
1536,EL VENTERO CBV,10,12.059,41.97,True,3,NÁUTICO TENERIFE,False
1537,EL VENTERO CBV,0,8.3216,62.137,True,3,NÁUTICO TENERIFE,False
1538,EL VENTERO CBV,3,12.97,57.851,False,3,NÁUTICO TENERIFE,False
1539,EL VENTERO CBV,0,11.636,44.113,True,3,NÁUTICO TENERIFE,False
1540,EL VENTERO CBV,1,8.95629999999999,37.181,True,3,NÁUTICO TENERIFE,False
1541,EL VENTERO CBV,10,7.263,41.34,True,3,NÁUTICO TENERIFE,False
1542,EL VENTERO CBV,10,14.2454,60.75,False,3,NÁUTICO TENERIFE,False
1543,EL VENTERO CBV,27,29.407,82.051,True,3,NÁUTICO TENERIFE,False
1544,EL VENTERO CBV,0,13.681,48.146,True,3,NÁUTICO TENERIFE,False
1545,EL VENTERO CBV,1,13.469,47.39,False,3,NÁUTICO TENERIFE,False
1546,EL VENTERO CBV,41,33.074,30.879,False,3,NÁUTICO TENERIFE,False
1547,EL VENTERO CBV,0,11.918,64.65,False,3,NÁUTICO TENERIFE,False
1548,PROBASKETLAB FUENLABRADA,8,10.578,49.407,True,3,CB LA MATANZA,True
1549,PROBASKETLAB FUENLABRADA,5,5.641,63.397,True,3,CB LA MATANZA,True
1550,PROBASKETLAB FUENLABRADA,13,11.49509999999999,42.979,True,3,CB LA MATANZA,True
1551,PROBASKETLAB FUENLABRADA,7,29.971,20.544,True,3,CB LA MATANZA,True
1552,PROBASKETLAB FUENLABRADA,5,18.688,46.508,False,3,CB LA MATANZA,True
1553,PROBASKETLAB FUENLABRADA,5,33.004,73.858,False,3,CB LA MATANZA,True
1554,PROBASKETLAB FUENLABRADA,7,32.0169,77.766,True,3,CB LA MATANZA,True
1555,PROBASKETLAB FUENLABRADA,2,18.688,5.0415,False,3,CB LA MATANZA,True
1556,PROBASKETLAB FUENLABRADA,10,11.70659999999999,41.718,True,3,CB LA MATANZA,True
1557,PROBASKETLAB FUENLABRADA,7,12.97,48.651,True,3,CB LA MATANZA,True
1558,PROBASKETLAB FUENLABRADA,8,28.067,86.462,False,3,CB LA MATANZA,True
1559,PROBASKETLAB FUENLABRADA,8,12.27,41.088,True,3,CB LA MATANZA,True
1560,PROBASKETLAB FUENLABRADA,14,35.472,64.784,False,3,CB LA MATANZA,True
1561,PROBASKETLAB FUENLABRADA,13,24.3,87.471,False,3,CB LA MATANZA,True
1562,PROBASKETLAB FUENLABRADA,13,34.696,35.795,False,3,CB LA MATANZA,True
1563,PROBASKETLAB FUENLABRADA,5,12.83,58.734,False,3,CB LA MATANZA,True
1564,PROBASKETLAB FUENLABRADA,10,10.296,50.289,True,3,CB LA MATANZA,True
1565,PROBASKETLAB FUENLABRADA,14,13.681,39.324,False,3,CB LA MATANZA,True
1566,PROBASKETLAB FUENLABRADA,7,10.014,59.616,True,3,CB LA MATANZA,True
1567,PROBASKETLAB FUENLABRADA,14,7.9689,64.279,False,3,CB LA MATANZA,True
1568,PROBASKETLAB FUENLABRADA,8,10.2257,65.288,True,3,CB LA MATANZA,True
1569,PROBASKETLAB FUENLABRADA,7,13.4697,53.818,True,3,CB LA MATANZA,True
1570,PROBASKETLAB FUENLABRADA,6,8.3216,34.534,False,3,CB LA MATANZA,True
1571,PROBASKETLAB FUENLABRADA,8,14.174,41.34,False,3,CB LA MATANZA,True
1572,PROBASKETLAB FUENLABRADA,7,10.789,39.828,False,3,CB LA MATANZA,True
1573,PROBASKETLAB FUENLABRADA,7,13.61,33.652,False,3,CB LA MATANZA,True
1574,PROBASKETLAB FUENLABRADA,5,11.847,51.171,False,3,CB LA MATANZA,True
1575,PROBASKETLAB FUENLABRADA,4,11.70659999999999,59.364,False,3,CB LA MATANZA,True
1576,PROBASKETLAB FUENLABRADA,13,30.606,23.569,True,3,CB LA MATANZA,True
1577,PROBASKETLAB FUENLABRADA,6,15.655,47.768,True,3,CB LA MATANZA,True
1578,PROBASKETLAB FUENLABRADA,3,8.3215,51.5,False,3,CB LA MATANZA,True
1579,PROBASKETLAB FUENLABRADA,7,15.021,45.12,True,3,CB LA MATANZA,True
1580,PROBASKETLAB FUENLABRADA,10,15.162,47.768,False,3,CB LA MATANZA,True
1581,PROBASKETLAB FUENLABRADA,3,9.5204,43.987,True,3,CB LA MATANZA,True
1582,PROBASKETLAB FUENLABRADA,5,14.386,47.012,False,3,CB LA MATANZA,True
1583,PROBASKETLAB FUENLABRADA,10,15.655,47.768,False,3,CB LA MATANZA,True
1584,PROBASKETLAB FUENLABRADA,7,9.9435,56.087,False,3,CB LA MATANZA,True
1585,PROBASKETLAB FUENLABRADA,14,23.1312,68.061,False,3,CB LA MATANZA,True
1586,PROBASKETLAB FUENLABRADA,12,9.167,56.969,True,3,CB LA MATANZA,True
1587,PROBASKETLAB FUENLABRADA,13,37.094,61.25,False,3,CB LA MATANZA,True
1588,PROBASKETLAB FUENLABRADA,3,10.437,39.954,True,3,CB LA MATANZA,True
1589,PROBASKETLAB FUENLABRADA,10,32.228,21.552,False,3,CB LA MATANZA,True
1590,PROBASKETLAB FUENLABRADA,13,36.318,66.548,False,3,CB LA MATANZA,True
1591,PROBASKETLAB FUENLABRADA,3,39.703,51.802,False,3,CB LA MATANZA,True
1592,PROBASKETLAB FUENLABRADA,7,8.6741,46.13,True,3,CB LA MATANZA,True
1593,PROBASKETLAB FUENLABRADA,8,11.35,50.037,True,3,CB LA MATANZA,True
1594,PROBASKETLAB FUENLABRADA,13,31.241,76.757,False,3,CB LA MATANZA,True
1595,PROBASKETLAB FUENLABRADA,5,10.437,40.458,False,3,CB LA MATANZA,True
1596,PROBASKETLAB FUENLABRADA,5,13.469,43.609,True,3,CB LA MATANZA,True
1597,PROBASKETLAB FUENLABRADA,8,33.427,71.968,False,3,CB LA MATANZA,True
1598,PROBASKETLAB FUENLABRADA,10,9.2383,58.23,True,3,CB LA MATANZA,True
1599,PROBASKETLAB FUENLABRADA,13,7.263,93.268,True,3,CB LA MATANZA,True
1600,PROBASKETLAB FUENLABRADA,10,21.5797,41.214,True,3,CB LA MATANZA,True
1601,PROBASKETLAB FUENLABRADA,7,12.97,48.52,False,3,CB LA MATANZA,True
1602,PROBASKETLAB FUENLABRADA,8,8.6037,43.987,True,3,CB LA MATANZA,True
1603,PROBASKETLAB FUENLABRADA,10,31.946,27.35,False,3,CB LA MATANZA,True
1604,PROBASKETLAB FUENLABRADA,8,13.6812,52.432,False,3,CB LA MATANZA,True
1605,PROBASKETLAB FUENLABRADA,10,14.2454,47.768,True,3,CB LA MATANZA,True
1606,PROBASKETLAB FUENLABRADA,8,32.087,16.13,False,3,CB LA MATANZA,True
1607,PROBASKETLAB FUENLABRADA,8,9.5204,46.13,True,3,CB LA MATANZA,True
1608,PROBASKETLAB FUENLABRADA,12,10.225,34.534,False,3,CB LA MATANZA,True
1609,PROBASKETLAB FUENLABRADA,7,30.465,19.662,False,3,CB LA MATANZA,True
1610,PROBASKETLAB FUENLABRADA,12,11.071,57.347,False,3,CB LA MATANZA,True
1611,PROBASKETLAB FUENLABRADA,14,27.362,11.343,False,3,CB LA MATANZA,True
1612,PROBASKETLAB FUENLABRADA,7,9.0973,47.39,True,3,CB LA MATANZA,True
1613,PROBASKETLAB FUENLABRADA,4,10.7193,58.23,False,3,CB LA MATANZA,True
1614,PROBASKETLAB FUENLABRADA,7,30.9591,27.602,False,3,CB LA MATANZA,True
1615,PROBASKETLAB FUENLABRADA,5,18.547,4.2853,False,3,CB LA MATANZA,True
1616,PROBASKETLAB FUENLABRADA,13,30.888,18.275,False,3,CB LA MATANZA,True
1617,PROBASKETLAB FUENLABRADA,13,15.796,53.44,False,3,CB LA MATANZA,True
1618,CB LA MATANZA,0,12.411,48.27,False,3,PROBASKETLAB FUENLABRADA,False
1619,CB LA MATANZA,23,33.568,50.289,True,3,PROBASKETLAB FUENLABRADA,False
1620,CB LA MATANZA,7,7.8279,37.181,False,3,PROBASKETLAB FUENLABRADA,False
1621,CB LA MATANZA,23,10.789,57.599,True,3,PROBASKETLAB FUENLABRADA,False
1622,CB LA MATANZA,23,11.283,48.651,False,3,PROBASKETLAB FUENLABRADA,False
1623,CB LA MATANZA,11,38.222,50.289,False,3,PROBASKETLAB FUENLABRADA,False
1624,CB LA MATANZA,11,23.554,89.613,False,3,PROBASKETLAB FUENLABRADA,False
1625,CB LA MATANZA,0,10.719,44.869,True,3,PROBASKETLAB FUENLABRADA,False
1626,CB LA MATANZA,23,30.53,18.779,False,3,PROBASKETLAB FUENLABRADA,False
1627,CB LA MATANZA,10,31.45269999999999,30.123,False,3,PROBASKETLAB FUENLABRADA,False
1628,CB LA MATANZA,0,8.0395,45.5,False,3,PROBASKETLAB FUENLABRADA,False
1629,CB LA MATANZA,23,20.874,55.205,False,3,PROBASKETLAB FUENLABRADA,False
1630,CB LA MATANZA,7,29.83,15.124,False,3,PROBASKETLAB FUENLABRADA,False
1631,CB LA MATANZA,10,32.51,78.144,False,3,PROBASKETLAB FUENLABRADA,False
1632,CB LA MATANZA,0,19.534,39.954,True,3,PROBASKETLAB FUENLABRADA,False
1633,CB LA MATANZA,1,11.001,43.987,False,3,PROBASKETLAB FUENLABRADA,False
1634,CB LA MATANZA,0,7.7574,42.475,False,3,PROBASKETLAB FUENLABRADA,False
1635,CB LA MATANZA,23,10.366,57.599,True,3,PROBASKETLAB FUENLABRADA,False
1636,CB LA MATANZA,0,8.67419999999999,39.576,True,3,PROBASKETLAB FUENLABRADA,False
1637,CB LA MATANZA,23,10.1551,47.138,True,3,PROBASKETLAB FUENLABRADA,False
1638,CB LA MATANZA,23,12.552,39.45,True,3,PROBASKETLAB FUENLABRADA,False
1639,CB LA MATANZA,0,10.93089999999999,46.256,True,3,PROBASKETLAB FUENLABRADA,False
1640,CB LA MATANZA,0,7.7574,44.743,False,3,PROBASKETLAB FUENLABRADA,False
1641,CB LA MATANZA,14,26.022,90.3,True,3,PROBASKETLAB FUENLABRADA,False
1642,CB LA MATANZA,0,12.411,47.642,True,3,PROBASKETLAB FUENLABRADA,False
1643,CB LA MATANZA,23,26.093,86.336,False,3,PROBASKETLAB FUENLABRADA,False
1644,CB LA MATANZA,0,19.32,39.072,False,3,PROBASKETLAB FUENLABRADA,False
1645,CB LA MATANZA,23,9.5204,58.23,True,3,PROBASKETLAB FUENLABRADA,False
1646,CB LA MATANZA,14,33.215,42.475,False,3,PROBASKETLAB FUENLABRADA,False
1647,CB LA MATANZA,23,27.57,86.462,True,3,PROBASKETLAB FUENLABRADA,False
1648,CB LA MATANZA,7,34.273,48.146,False,3,PROBASKETLAB FUENLABRADA,False
1649,CB LA MATANZA,10,33.991,66.422,False,3,PROBASKETLAB FUENLABRADA,False
1650,CB LA MATANZA,0,10.08459999999999,65.666,False,3,PROBASKETLAB FUENLABRADA,False
1651,CB LA MATANZA,14,7.7574,33.4,False,3,PROBASKETLAB FUENLABRADA,False
1652,CB LA MATANZA,23,12.6234,51.802,True,3,PROBASKETLAB FUENLABRADA,False
1653,CB LA MATANZA,23,13.7518,54.574,False,3,PROBASKETLAB FUENLABRADA,False
1654,CB LA MATANZA,11,27.2214,88.983,False,3,PROBASKETLAB FUENLABRADA,False
1655,CB LA MATANZA,23,31.734,83.185,False,3,PROBASKETLAB FUENLABRADA,False
1656,CB LA MATANZA,0,8.392,40.458,True,3,PROBASKETLAB FUENLABRADA,False
1657,CB LA MATANZA,11,30.53,21.93,False,3,PROBASKETLAB FUENLABRADA,False
1658,CB LA MATANZA,10,10.7193,3.1509,False,3,PROBASKETLAB FUENLABRADA,False
1659,CB LA MATANZA,8,38.293,43.609,False,3,PROBASKETLAB FUENLABRADA,False
1660,CB LA MATANZA,0,16.29,58.356,True,3,PROBASKETLAB FUENLABRADA,False
1661,CB LA MATANZA,23,33.709,20.04,False,3,PROBASKETLAB FUENLABRADA,False
1662,CB LA MATANZA,23,34.908,49.281,False,3,PROBASKETLAB FUENLABRADA,False
1663,CB LA MATANZA,14,11.918,54.07,True,3,PROBASKETLAB FUENLABRADA,False
1664,CB LA MATANZA,23,15.444,96.041,False,3,PROBASKETLAB FUENLABRADA,False
1665,CB LA MATANZA,14,30.042,22.56,False,3,PROBASKETLAB FUENLABRADA,False
1666,CB LA MATANZA,7,16.361,29.745,False,3,PROBASKETLAB FUENLABRADA,False
1667,CB LA MATANZA,23,33.991,40.458,False,3,PROBASKETLAB FUENLABRADA,False
1668,CB LA MATANZA,11,34.062,20.292,False,3,PROBASKETLAB FUENLABRADA,False
1669,CB LA MATANZA,6,5.78279999999999,67.178,True,3,PROBASKETLAB FUENLABRADA,False
1670,CB LA MATANZA,11,31.1,74.867,False,3,PROBASKETLAB FUENLABRADA,False
1671,CB LA MATANZA,7,10.4372,48.52,False,3,PROBASKETLAB FUENLABRADA,False
1672,CB LA MATANZA,23,29.478,18.653,False,3,PROBASKETLAB FUENLABRADA,False
1673,CB LA MATANZA,7,12.2,49.155,True,3,PROBASKETLAB FUENLABRADA,False
1674,CB LA MATANZA,8,13.399,59.238,False,3,PROBASKETLAB FUENLABRADA,False
1675,CB LA MATANZA,23,33.1453,82.807,False,3,PROBASKETLAB FUENLABRADA,False
1676,CB LA MATANZA,11,6.9817,29.619,True,3,PROBASKETLAB FUENLABRADA,False
1677,CB LA MATANZA,10,31.946,79.53,False,3,PROBASKETLAB FUENLABRADA,False
1678,CB LA MATANZA,0,14.809,30.249,False,3,PROBASKETLAB FUENLABRADA,False
1679,CB LA MATANZA,23,26.798,84.194,False,3,PROBASKETLAB FUENLABRADA,False
1680,CB LA MATANZA,0,12.411,56.465,False,3,PROBASKETLAB FUENLABRADA,False
1681,CB LA MATANZA,8,15.867,53.062,False,3,PROBASKETLAB FUENLABRADA,False
1682,CB LA MATANZA,0,23.483,10.083,False,3,PROBASKETLAB FUENLABRADA,False
1683,CB LA MATANZA,11,33.7,26.846,True,3,PROBASKETLAB FUENLABRADA,False
1684,CB LA MATANZA,23,7.1932,62.893,False,3,PROBASKETLAB FUENLABRADA,False
1685,CB LA MATANZA,1,12.764,93.268,True,3,PROBASKETLAB FUENLABRADA,False
1686,CB LA MATANZA,11,19.605,6.8061,False,3,PROBASKETLAB FUENLABRADA,False
1687,CB LA MATANZA,14,34.2031,48.651,False,3,PROBASKETLAB FUENLABRADA,False
1688,CB LA MATANZA,0,12.411,57.221,True,3,PROBASKETLAB FUENLABRADA,False
1689,CB LA MATANZA,1,12.623,55.583,False,4,MOVISTAR ESTUDIANTES,True
1690,CB LA MATANZA,23,33.85,27.854,False,4,MOVISTAR ESTUDIANTES,True
1691,CB LA MATANZA,11,6.488,95.285,True,4,MOVISTAR ESTUDIANTES,True
1692,CB LA MATANZA,14,29.3371,21.93,False,4,MOVISTAR ESTUDIANTES,True
1693,CB LA MATANZA,0,14.104,94.151,False,4,MOVISTAR ESTUDIANTES,True
1694,CB LA MATANZA,6,23.413,68.439,True,4,MOVISTAR ESTUDIANTES,True
1695,CB LA MATANZA,11,27.926,82.933,True,4,MOVISTAR ESTUDIANTES,True
1696,CB LA MATANZA,6,13.4697,49.659,True,4,MOVISTAR ESTUDIANTES,True
1697,CB LA MATANZA,0,6.0648,50.793,True,4,MOVISTAR ESTUDIANTES,True
1698,CB LA MATANZA,11,33.1453,72.22,False,4,MOVISTAR ESTUDIANTES,True
1699,CB LA MATANZA,23,10.08459999999999,46.76,False,4,MOVISTAR ESTUDIANTES,True
1700,CB LA MATANZA,11,32.29,20.04,False,4,MOVISTAR ESTUDIANTES,True
1701,CB LA MATANZA,6,29.3371,13.99,False,4,MOVISTAR ESTUDIANTES,True
1702,CB LA MATANZA,14,35.754,41.718,False,4,MOVISTAR ESTUDIANTES,True
1703,CB LA MATANZA,14,26.798,82.177,False,4,MOVISTAR ESTUDIANTES,True
1704,CB LA MATANZA,11,29.971,84.446,True,4,MOVISTAR ESTUDIANTES,True
1705,CB LA MATANZA,23,7.61639999999999,94.025,False,4,MOVISTAR ESTUDIANTES,True
1706,CB LA MATANZA,23,9.873,38.56,True,4,MOVISTAR ESTUDIANTES,True
1707,CB LA MATANZA,10,11.70659999999999,1.7645,False,4,MOVISTAR ESTUDIANTES,True
1708,CB LA MATANZA,72,5.7827,41.466,False,4,MOVISTAR ESTUDIANTES,True
1709,CB LA MATANZA,0,10.789,52.81,True,4,MOVISTAR ESTUDIANTES,True
1710,CB LA MATANZA,23,30.324,78.648,False,4,MOVISTAR ESTUDIANTES,True
1711,CB LA MATANZA,11,31.946,73.102,True,4,MOVISTAR ESTUDIANTES,True
1712,CB LA MATANZA,0,30.9591,71.08,False,4,MOVISTAR ESTUDIANTES,True
1713,CB LA MATANZA,7,27.503,83.311,False,4,MOVISTAR ESTUDIANTES,True
1714,CB LA MATANZA,0,9.5204,54.82,True,4,MOVISTAR ESTUDIANTES,True
1715,CB LA MATANZA,0,12.83499999999999,51.423,False,4,MOVISTAR ESTUDIANTES,True
1716,CB LA MATANZA,72,6.9816,41.97,False,4,MOVISTAR ESTUDIANTES,True
1717,CB LA MATANZA,23,30.888,77.135,False,4,MOVISTAR ESTUDIANTES,True
1718,CB LA MATANZA,0,17.7715,50.163,False,4,MOVISTAR ESTUDIANTES,True
1719,CB LA MATANZA,23,10.507,43.861,False,4,MOVISTAR ESTUDIANTES,True
1720,CB LA MATANZA,23,27.43,13.234,False,4,MOVISTAR ESTUDIANTES,True
1721,CB LA MATANZA,0,10.08459999999999,47.138,False,4,MOVISTAR ESTUDIANTES,True
1722,CB LA MATANZA,23,13.9633,47.012,False,4,MOVISTAR ESTUDIANTES,True
1723,CB LA MATANZA,6,9.167,34.282,True,4,MOVISTAR ESTUDIANTES,True
1724,CB LA MATANZA,23,11.49509999999999,47.516,False,4,MOVISTAR ESTUDIANTES,True
1725,CB LA MATANZA,7,8.95629999999999,48.146,True,4,MOVISTAR ESTUDIANTES,True
1726,CB LA MATANZA,6,12.411,21.3,False,4,MOVISTAR ESTUDIANTES,True
1727,CB LA MATANZA,0,7.4753,49.407,True,4,MOVISTAR ESTUDIANTES,True
1728,CB LA MATANZA,72,5.43019999999999,47.264,True,4,MOVISTAR ESTUDIANTES,True
1729,CB LA MATANZA,11,26.304,86.21,False,4,MOVISTAR ESTUDIANTES,True
1730,CB LA MATANZA,23,11.988,51.802,False,4,MOVISTAR ESTUDIANTES,True
1731,CB LA MATANZA,11,12.341,26.468,False,4,MOVISTAR ESTUDIANTES,True
1732,CB LA MATANZA,0,12.693,52.18,False,4,MOVISTAR ESTUDIANTES,True
1733,CB LA MATANZA,0,11.283,51.5,False,4,MOVISTAR ESTUDIANTES,True
1734,CB LA MATANZA,10,9.6615,53.692,False,4,MOVISTAR ESTUDIANTES,True
1735,CB LA MATANZA,6,8.6741,95.033,False,4,MOVISTAR ESTUDIANTES,True
1736,CB LA MATANZA,11,6.9111,43.105,True,4,MOVISTAR ESTUDIANTES,True
1737,CB LA MATANZA,0,34.485,65.162,False,4,MOVISTAR ESTUDIANTES,True
1738,CB LA MATANZA,23,14.17489999999999,43.987,False,4,MOVISTAR ESTUDIANTES,True
1739,CB LA MATANZA,6,5.21859999999999,3.7811,True,4,MOVISTAR ESTUDIANTES,True
1740,CB LA MATANZA,6,32.8632,67.8,True,4,MOVISTAR ESTUDIANTES,True
1741,CB LA MATANZA,14,34.626,50.163,True,4,MOVISTAR ESTUDIANTES,True
1742,CB LA MATANZA,23,26.3752,13.36,True,4,MOVISTAR ESTUDIANTES,True
1743,CB LA MATANZA,0,9.449,51.802,True,4,MOVISTAR ESTUDIANTES,True
1744,CB LA MATANZA,10,10.1551,51.423,True,4,MOVISTAR ESTUDIANTES,True
1745,CB LA MATANZA,23,9.0973,50.037,True,4,MOVISTAR ESTUDIANTES,True
1746,CB LA MATANZA,0,8.3216,54.82,False,4,MOVISTAR ESTUDIANTES,True
1747,CB LA MATANZA,10,30.253,84.95,True,4,MOVISTAR ESTUDIANTES,True
1748,CB LA MATANZA,23,12.2,43.987,False,4,MOVISTAR ESTUDIANTES,True
1749,CB LA MATANZA,7,31.946,83.563,False,4,MOVISTAR ESTUDIANTES,True
1750,CB LA MATANZA,23,27.785,85.958,True,4,MOVISTAR ESTUDIANTES,True
1751,CB LA MATANZA,23,7.40479999999999,52.18,True,4,MOVISTAR ESTUDIANTES,True
1752,CB LA MATANZA,11,29.76,81.673,False,4,MOVISTAR ESTUDIANTES,True
1753,CB LA MATANZA,11,8.5331,3.529,False,4,MOVISTAR ESTUDIANTES,True
1754,MOVISTAR ESTUDIANTES,6,4.72499999999999,79.152,False,4,CB LA MATANZA,False
1755,MOVISTAR ESTUDIANTES,22,5.9943,42.979,True,4,CB LA MATANZA,False
1756,MOVISTAR ESTUDIANTES,25,8.67419999999999,47.894,False,4,CB LA MATANZA,False
1757,MOVISTAR ESTUDIANTES,25,36.812,32.518,False,4,CB LA MATANZA,False
1758,MOVISTAR ESTUDIANTES,25,28.349,84.95,False,4,CB LA MATANZA,False
1759,MOVISTAR ESTUDIANTES,25,24.471,9.957,True,4,CB LA MATANZA,False
1760,MOVISTAR ESTUDIANTES,19,7.9689,1.5124,False,4,CB LA MATANZA,False
1761,MOVISTAR ESTUDIANTES,25,31.875,77.38,False,4,CB LA MATANZA,False
1762,MOVISTAR ESTUDIANTES,6,10.578,49.155,False,4,CB LA MATANZA,False
1763,MOVISTAR ESTUDIANTES,25,30.253,85.202,True,4,CB LA MATANZA,False
1764,MOVISTAR ESTUDIANTES,9,5.5007,51.171,False,4,CB LA MATANZA,False
1765,MOVISTAR ESTUDIANTES,12,27.009,80.412,True,4,CB LA MATANZA,False
1766,MOVISTAR ESTUDIANTES,9,8.6741,51.171,True,4,CB LA MATANZA,False
1767,MOVISTAR ESTUDIANTES,19,5.2891,48.777,True,4,CB LA MATANZA,False
1768,MOVISTAR ESTUDIANTES,8,28.49079999999999,19.4,True,4,CB LA MATANZA,False
1769,MOVISTAR ESTUDIANTES,2,7.827,43.609,False,4,CB LA MATANZA,False
1770,MOVISTAR ESTUDIANTES,2,30.53,26.972,False,4,CB LA MATANZA,False
1771,MOVISTAR ESTUDIANTES,6,25.387,89.739,False,4,CB LA MATANZA,False
1772,MOVISTAR ESTUDIANTES,6,11.7771,49.281,False,4,CB LA MATANZA,False
1773,MOVISTAR ESTUDIANTES,6,26.9393,82.681,False,4,CB LA MATANZA,False
1774,MOVISTAR ESTUDIANTES,12,31.875,75.623,False,4,CB LA MATANZA,False
1775,MOVISTAR ESTUDIANTES,8,28.349,85.58,False,4,CB LA MATANZA,False
1776,MOVISTAR ESTUDIANTES,2,7.404,5.6717,True,4,CB LA MATANZA,False
1777,MOVISTAR ESTUDIANTES,12,9.73,5.0415,True,4,CB LA MATANZA,False
1778,MOVISTAR ESTUDIANTES,10,8.8858,2.268,True,4,CB LA MATANZA,False
1779,MOVISTAR ESTUDIANTES,9,12.76449999999999,42.853,False,4,CB LA MATANZA,False
1780,MOVISTAR ESTUDIANTES,6,6.62909999999999,3.7811,False,4,CB LA MATANZA,False
1781,MOVISTAR ESTUDIANTES,9,9.8025,49.659,False,4,CB LA MATANZA,False
1782,MOVISTAR ESTUDIANTES,9,5.3597,78.648,False,4,CB LA MATANZA,False
1783,MOVISTAR ESTUDIANTES,8,12.693,45.752,False,4,CB LA MATANZA,False
1784,MOVISTAR ESTUDIANTES,12,26.022,13.864,True,4,CB LA MATANZA,False
1785,MOVISTAR ESTUDIANTES,10,9.3794,49.785,False,4,CB LA MATANZA,False
1786,MOVISTAR ESTUDIANTES,25,31.946,77.892,False,4,CB LA MATANZA,False
1787,MOVISTAR ESTUDIANTES,8,17.84,48.52,False,4,CB LA MATANZA,False
1788,MOVISTAR ESTUDIANTES,8,27.29,20.292,False,4,CB LA MATANZA,False
1789,MOVISTAR ESTUDIANTES,6,29.83069999999999,74.489,False,4,CB LA MATANZA,False
1790,MOVISTAR ESTUDIANTES,12,9.52049999999999,2.5207,True,4,CB LA MATANZA,False
1791,MOVISTAR ESTUDIANTES,22,9.4499,47.768,True,4,CB LA MATANZA,False
1792,MOVISTAR ESTUDIANTES,22,8.5331,43.357,True,4,CB LA MATANZA,False
1793,MOVISTAR ESTUDIANTES,6,10.2257,27.728,True,4,CB LA MATANZA,False
1794,MOVISTAR ESTUDIANTES,22,8.3216,58.23,False,4,CB LA MATANZA,False
1795,MOVISTAR ESTUDIANTES,22,14.739,46.382,True,4,CB LA MATANZA,False
1796,MOVISTAR ESTUDIANTES,12,8.7447,47.642,True,4,CB LA MATANZA,False
1797,MOVISTAR ESTUDIANTES,2,33.286,44.869,False,4,CB LA MATANZA,False
1798,MOVISTAR ESTUDIANTES,8,11.706,47.39,False,4,CB LA MATANZA,False
1799,MOVISTAR ESTUDIANTES,6,22.28489999999999,65.162,False,4,CB LA MATANZA,False
1800,MOVISTAR ESTUDIANTES,11,12.341,47.264,False,4,CB LA MATANZA,False
1801,MOVISTAR ESTUDIANTES,6,26.798,81.421,True,4,CB LA MATANZA,False
1802,MOVISTAR ESTUDIANTES,25,34.132,29.367,True,4,CB LA MATANZA,False
1803,MOVISTAR ESTUDIANTES,7,6.9817,93.52,False,4,CB LA MATANZA,False
1804,MOVISTAR ESTUDIANTES,8,9.2383,44.365,True,4,CB LA MATANZA,False
1805,MOVISTAR ESTUDIANTES,2,31.5233,32.1,False,4,CB LA MATANZA,False
1806,MOVISTAR ESTUDIANTES,6,10.93089999999999,3.1509,False,4,CB LA MATANZA,False
1807,MOVISTAR ESTUDIANTES,12,25.5994,87.21,True,4,CB LA MATANZA,False
1808,MOVISTAR ESTUDIANTES,9,3.5966,50.919,True,4,CB LA MATANZA,False
1809,MOVISTAR ESTUDIANTES,8,25.3173,18.779,False,4,CB LA MATANZA,False
1810,MOVISTAR ESTUDIANTES,6,34.555,35.29,False,4,CB LA MATANZA,False
1811,MOVISTAR ESTUDIANTES,11,32.581,79.656,False,4,CB LA MATANZA,False
1812,MOVISTAR ESTUDIANTES,2,20.028,93.52,False,4,CB LA MATANZA,False
1813,MOVISTAR ESTUDIANTES,2,6.27639999999999,47.264,True,4,CB LA MATANZA,False
1814,MOVISTAR ESTUDIANTES,2,8.251,43.861,True,4,CB LA MATANZA,False
1815,MOVISTAR ESTUDIANTES,8,30.888,26.972,True,4,CB LA MATANZA,False
1816,MOVISTAR ESTUDIANTES,7,27.785,85.832,False,4,CB LA MATANZA,False
1817,MOVISTAR ESTUDIANTES,12,5.0775,40.962,True,4,CB LA MATANZA,False
1818,MOVISTAR ESTUDIANTES,22,6.9817,93.52,True,4,CB LA MATANZA,False
1819,MOVISTAR ESTUDIANTES,25,30.1834,26.09,True,4,CB LA MATANZA,False
1820,MOVISTAR ESTUDIANTES,25,32.581,18.527,False,4,CB LA MATANZA,False
1821,MOVISTAR ESTUDIANTES,2,5.2891,51.67,True,4,CB LA MATANZA,False
1822,MOVISTAR ESTUDIANTES,7,5.50069999999999,49.659,True,4,CB LA MATANZA,False
1823,MOVISTAR ESTUDIANTES,6,7.7574,51.802,True,4,CB LA MATANZA,False
1824,MOVISTAR ESTUDIANTES,25,31.2412,80.66,True,4,CB LA MATANZA,False
1825,MOVISTAR ESTUDIANTES,6,32.651,75.623,False,4,CB LA MATANZA,False
1826,MOVISTAR ESTUDIANTES,9,3.8081,48.02,False,4,CB LA MATANZA,False
1827,CESUR DISTRITO OLIMPICO,14,7.9689,59.868,True,4,FUNDACION GLOBALCAJA LA RODA,True
1828,CESUR DISTRITO OLIMPICO,41,31.17,83.563,False,4,FUNDACION GLOBALCAJA LA RODA,True
1829,CESUR DISTRITO OLIMPICO,12,12.552,53.692,True,4,FUNDACION GLOBALCAJA LA RODA,True
1830,CESUR DISTRITO OLIMPICO,33,30.324,19.536,False,4,FUNDACION GLOBALCAJA LA RODA,True
1831,CESUR DISTRITO OLIMPICO,25,11.42449999999999,37.055,True,4,FUNDACION GLOBALCAJA LA RODA,True
1832,CESUR DISTRITO OLIMPICO,12,13.751,54.196,False,4,FUNDACION GLOBALCAJA LA RODA,True
1833,CESUR DISTRITO OLIMPICO,14,10.155,39.45,False,4,FUNDACION GLOBALCAJA LA RODA,True
1834,CESUR DISTRITO OLIMPICO,25,7.4753,60.624,False,4,FUNDACION GLOBALCAJA LA RODA,True
1835,CESUR DISTRITO OLIMPICO,25,10.155,40.08,True,4,FUNDACION GLOBALCAJA LA RODA,True
1836,CESUR DISTRITO OLIMPICO,5,12.6234,32.013,False,4,FUNDACION GLOBALCAJA LA RODA,True
1837,CESUR DISTRITO OLIMPICO,25,11.42449999999999,50.541,False,4,FUNDACION GLOBALCAJA LA RODA,True
1838,CESUR DISTRITO OLIMPICO,5,10.014,61.12,False,4,FUNDACION GLOBALCAJA LA RODA,True
1839,CESUR DISTRITO OLIMPICO,2,34.908,22.813,True,4,FUNDACION GLOBALCAJA LA RODA,True
1840,CESUR DISTRITO OLIMPICO,2,12.764,58.482,False,4,FUNDACION GLOBALCAJA LA RODA,True
1841,CESUR DISTRITO OLIMPICO,14,10.084,46.256,True,4,FUNDACION GLOBALCAJA LA RODA,True
1842,CESUR DISTRITO OLIMPICO,5,38.575,29.871,False,4,FUNDACION GLOBALCAJA LA RODA,True
1843,CESUR DISTRITO OLIMPICO,16,12.48239999999999,57.97,True,4,FUNDACION GLOBALCAJA LA RODA,True
1844,CESUR DISTRITO OLIMPICO,33,17.7,69.069,False,4,FUNDACION GLOBALCAJA LA RODA,True
1845,CESUR DISTRITO OLIMPICO,14,13.1876,30.627,True,4,FUNDACION GLOBALCAJA LA RODA,True
1846,CESUR DISTRITO OLIMPICO,10,10.507,20.418,False,4,FUNDACION GLOBALCAJA LA RODA,True
1847,CESUR DISTRITO OLIMPICO,2,14.245,40.332,False,4,FUNDACION GLOBALCAJA LA RODA,True
1848,CESUR DISTRITO OLIMPICO,15,8.5331,55.709,False,4,FUNDACION GLOBALCAJA LA RODA,True
1849,CESUR DISTRITO OLIMPICO,16,30.324,82.429,True,4,FUNDACION GLOBALCAJA LA RODA,True
1850,CESUR DISTRITO OLIMPICO,16,11.35,45.752,True,4,FUNDACION GLOBALCAJA LA RODA,True
1851,CESUR DISTRITO OLIMPICO,10,9.9436,35.54,False,4,FUNDACION GLOBALCAJA LA RODA,True
1852,CESUR DISTRITO OLIMPICO,2,10.155,38.8,True,4,FUNDACION GLOBALCAJA LA RODA,True
1853,CESUR DISTRITO OLIMPICO,2,12.341,41.466,False,4,FUNDACION GLOBALCAJA LA RODA,True
1854,CESUR DISTRITO OLIMPICO,16,10.296,54.574,True,4,FUNDACION GLOBALCAJA LA RODA,True
1855,CESUR DISTRITO OLIMPICO,33,35.0494,78.27,True,4,FUNDACION GLOBALCAJA LA RODA,True
1856,CESUR DISTRITO OLIMPICO,14,25.24679999999999,89.361,False,4,FUNDACION GLOBALCAJA LA RODA,True
1857,CESUR DISTRITO OLIMPICO,2,9.5909,40.458,True,4,FUNDACION GLOBALCAJA LA RODA,True
1858,CESUR DISTRITO OLIMPICO,2,10.93,53.566,True,4,FUNDACION GLOBALCAJA LA RODA,True
1859,CESUR DISTRITO OLIMPICO,14,15.3032,34.66,False,4,FUNDACION GLOBALCAJA LA RODA,True
1860,CESUR DISTRITO OLIMPICO,5,10.155,39.45,False,4,FUNDACION GLOBALCAJA LA RODA,True
1861,CESUR DISTRITO OLIMPICO,10,36.459,33.022,True,4,FUNDACION GLOBALCAJA LA RODA,True
1862,CESUR DISTRITO OLIMPICO,16,31.946,10.965,True,4,FUNDACION GLOBALCAJA LA RODA,True
1863,CESUR DISTRITO OLIMPICO,15,25.74,9.705,False,4,FUNDACION GLOBALCAJA LA RODA,True
1864,CESUR DISTRITO OLIMPICO,16,29.971,87.471,True,4,FUNDACION GLOBALCAJA LA RODA,True
1865,CESUR DISTRITO OLIMPICO,13,9.4499,44.743,True,4,FUNDACION GLOBALCAJA LA RODA,True
1866,CESUR DISTRITO OLIMPICO,2,30.1834,14.494,False,4,FUNDACION GLOBALCAJA LA RODA,True
1867,CESUR DISTRITO OLIMPICO,16,12.27079999999999,57.095,False,4,FUNDACION GLOBALCAJA LA RODA,True
1868,CESUR DISTRITO OLIMPICO,13,10.7193,27.728,False,4,FUNDACION GLOBALCAJA LA RODA,True
1869,CESUR DISTRITO OLIMPICO,33,10.578,62.263,False,4,FUNDACION GLOBALCAJA LA RODA,True
1870,CESUR DISTRITO OLIMPICO,25,10.789,41.466,False,4,FUNDACION GLOBALCAJA LA RODA,True
1871,CESUR DISTRITO OLIMPICO,33,9.30889999999999,39.828,True,4,FUNDACION GLOBALCAJA LA RODA,True
1872,CESUR DISTRITO OLIMPICO,25,12.97,56.843,True,4,FUNDACION GLOBALCAJA LA RODA,True
1873,CESUR DISTRITO OLIMPICO,5,9.73,30.123,False,4,FUNDACION GLOBALCAJA LA RODA,True
1874,CESUR DISTRITO OLIMPICO,14,9.6615,44.743,True,4,FUNDACION GLOBALCAJA LA RODA,True
1875,CESUR DISTRITO OLIMPICO,15,10.4372,44.239,False,4,FUNDACION GLOBALCAJA LA RODA,True
1876,CESUR DISTRITO OLIMPICO,25,11.5656,52.432,True,4,FUNDACION GLOBALCAJA LA RODA,True
1877,CESUR DISTRITO OLIMPICO,14,11.14249999999999,66.17,False,4,FUNDACION GLOBALCAJA LA RODA,True
1878,CESUR DISTRITO OLIMPICO,10,12.341,48.651,False,4,FUNDACION GLOBALCAJA LA RODA,True
1879,CESUR DISTRITO OLIMPICO,33,9.52049999999999,39.954,True,4,FUNDACION GLOBALCAJA LA RODA,True
1880,CESUR DISTRITO OLIMPICO,2,14.174,54.07,False,4,FUNDACION GLOBALCAJA LA RODA,True
1881,CESUR DISTRITO OLIMPICO,25,12.76449999999999,45.5,True,4,FUNDACION GLOBALCAJA LA RODA,True
1882,CESUR DISTRITO OLIMPICO,33,9.661,44.365,False,4,FUNDACION GLOBALCAJA LA RODA,True
1883,CESUR DISTRITO OLIMPICO,2,8.74469999999999,54.7,False,4,FUNDACION GLOBALCAJA LA RODA,True
1884,CESUR DISTRITO OLIMPICO,41,36.882,48.27,False,4,FUNDACION GLOBALCAJA LA RODA,True
1885,CESUR DISTRITO OLIMPICO,10,15.373,36.173,False,4,FUNDACION GLOBALCAJA LA RODA,True
1886,CESUR DISTRITO OLIMPICO,2,30.747,85.202,False,4,FUNDACION GLOBALCAJA LA RODA,True
1887,CESUR DISTRITO OLIMPICO,25,12.97,54.07,True,4,FUNDACION GLOBALCAJA LA RODA,True
1888,CESUR DISTRITO OLIMPICO,5,35.684,34.786,True,4,FUNDACION GLOBALCAJA LA RODA,True
1889,CESUR DISTRITO OLIMPICO,25,10.296,55.205,True,4,FUNDACION GLOBALCAJA LA RODA,True
1890,CESUR DISTRITO OLIMPICO,33,39.28,9.705,False,4,FUNDACION GLOBALCAJA LA RODA,True
1891,CESUR DISTRITO OLIMPICO,12,35.54,39.198,False,4,FUNDACION GLOBALCAJA LA RODA,True
1892,CESUR DISTRITO OLIMPICO,16,10.507,45.5,True,4,FUNDACION GLOBALCAJA LA RODA,True
1893,FUNDACION GLOBALCAJA LA RODA,6,36.459,74.23,False,4,CESUR DISTRITO OLIMPICO,False
1894,FUNDACION GLOBALCAJA LA RODA,0,11.5656,41.466,True,4,CESUR DISTRITO OLIMPICO,False
1895,FUNDACION GLOBALCAJA LA RODA,0,23.90689999999999,92.512,False,4,CESUR DISTRITO OLIMPICO,False
1896,FUNDACION GLOBALCAJA LA RODA,0,36.107,67.43,False,4,CESUR DISTRITO OLIMPICO,False
1897,FUNDACION GLOBALCAJA LA RODA,3,8.7447,59.868,True,4,CESUR DISTRITO OLIMPICO,False
1898,FUNDACION GLOBALCAJA LA RODA,2,35.754,19.788,True,4,CESUR DISTRITO OLIMPICO,False
1899,FUNDACION GLOBALCAJA LA RODA,0,11.071,57.473,False,4,CESUR DISTRITO OLIMPICO,False
1900,FUNDACION GLOBALCAJA LA RODA,3,15.8674,26.972,True,4,CESUR DISTRITO OLIMPICO,False
1901,FUNDACION GLOBALCAJA LA RODA,20,6.488,38.69,False,4,CESUR DISTRITO OLIMPICO,False
1902,FUNDACION GLOBALCAJA LA RODA,0,29.83,10.335,False,4,CESUR DISTRITO OLIMPICO,False
1903,FUNDACION GLOBALCAJA LA RODA,9,36.318,44.113,True,4,CESUR DISTRITO OLIMPICO,False
1904,FUNDACION GLOBALCAJA LA RODA,6,35.754,73.354,False,4,CESUR DISTRITO OLIMPICO,False
1905,FUNDACION GLOBALCAJA LA RODA,9,30.183,85.454,False,4,CESUR DISTRITO OLIMPICO,False
1906,FUNDACION GLOBALCAJA LA RODA,0,21.08,34.786,True,4,CESUR DISTRITO OLIMPICO,False
1907,FUNDACION GLOBALCAJA LA RODA,13,19.9577,90.24,True,4,CESUR DISTRITO OLIMPICO,False
1908,FUNDACION GLOBALCAJA LA RODA,9,10.08459999999999,38.946,True,4,CESUR DISTRITO OLIMPICO,False
1909,FUNDACION GLOBALCAJA LA RODA,9,12.0592,44.113,True,4,CESUR DISTRITO OLIMPICO,False
1910,FUNDACION GLOBALCAJA LA RODA,0,15.373,30.375,False,4,CESUR DISTRITO OLIMPICO,False
1911,FUNDACION GLOBALCAJA LA RODA,0,28.49079999999999,11.343,False,4,CESUR DISTRITO OLIMPICO,False
1912,FUNDACION GLOBALCAJA LA RODA,10,7.404,35.038,True,4,CESUR DISTRITO OLIMPICO,False
1913,FUNDACION GLOBALCAJA LA RODA,13,37.517,72.472,False,4,CESUR DISTRITO OLIMPICO,False
1914,FUNDACION GLOBALCAJA LA RODA,9,35.54,14.494,False,4,CESUR DISTRITO OLIMPICO,False
1915,FUNDACION GLOBALCAJA LA RODA,0,10.578,42.979,True,4,CESUR DISTRITO OLIMPICO,False
1916,FUNDACION GLOBALCAJA LA RODA,6,38.78,48.52,False,4,CESUR DISTRITO OLIMPICO,False
1917,FUNDACION GLOBALCAJA LA RODA,10,10.789,58.734,True,4,CESUR DISTRITO OLIMPICO,False
1918,FUNDACION GLOBALCAJA LA RODA,9,34.203,81.421,False,4,CESUR DISTRITO OLIMPICO,False
1919,FUNDACION GLOBALCAJA LA RODA,10,22.7,91.378,False,4,CESUR DISTRITO OLIMPICO,False
1920,FUNDACION GLOBALCAJA LA RODA,9,8.6036,59.364,False,4,CESUR DISTRITO OLIMPICO,False
1921,FUNDACION GLOBALCAJA LA RODA,13,10.789,58.482,True,4,CESUR DISTRITO OLIMPICO,False
1922,FUNDACION GLOBALCAJA LA RODA,9,10.578,66.044,False,4,CESUR DISTRITO OLIMPICO,False
1923,FUNDACION GLOBALCAJA LA RODA,6,40.056,60.498,True,4,CESUR DISTRITO OLIMPICO,False
1924,FUNDACION GLOBALCAJA LA RODA,20,7.1932,58.23,False,4,CESUR DISTRITO OLIMPICO,False
1925,FUNDACION GLOBALCAJA LA RODA,9,11.0014,41.214,False,4,CESUR DISTRITO OLIMPICO,False
1926,FUNDACION GLOBALCAJA LA RODA,13,19.746,47.894,True,4,CESUR DISTRITO OLIMPICO,False
1927,FUNDACION GLOBALCAJA LA RODA,25,8.6741,65.54,False,4,CESUR DISTRITO OLIMPICO,False
1928,FUNDACION GLOBALCAJA LA RODA,6,7.8279,72.472,True,4,CESUR DISTRITO OLIMPICO,False
1929,FUNDACION GLOBALCAJA LA RODA,9,10.296,41.466,True,4,CESUR DISTRITO OLIMPICO,False
1930,FUNDACION GLOBALCAJA LA RODA,25,9.8025,58.23,True,4,CESUR DISTRITO OLIMPICO,False
1931,FUNDACION GLOBALCAJA LA RODA,0,17.2779,45.12,True,4,CESUR DISTRITO OLIMPICO,False
1932,FUNDACION GLOBALCAJA LA RODA,0,11.7771,36.551,False,4,CESUR DISTRITO OLIMPICO,False
1933,FUNDACION GLOBALCAJA LA RODA,2,11.071,58.734,True,4,CESUR DISTRITO OLIMPICO,False
1934,FUNDACION GLOBALCAJA LA RODA,3,27.785,12.099,False,4,CESUR DISTRITO OLIMPICO,False
1935,FUNDACION GLOBALCAJA LA RODA,0,35.543,21.3,False,4,CESUR DISTRITO OLIMPICO,False
1936,FUNDACION GLOBALCAJA LA RODA,2,8.0395,39.072,False,4,CESUR DISTRITO OLIMPICO,False
1937,FUNDACION GLOBALCAJA LA RODA,10,17.7,38.189,False,4,CESUR DISTRITO OLIMPICO,False
1938,FUNDACION GLOBALCAJA LA RODA,2,10.507,59.238,False,4,CESUR DISTRITO OLIMPICO,False
1939,FUNDACION GLOBALCAJA LA RODA,2,9.59099999999999,93.142,False,4,CESUR DISTRITO OLIMPICO,False
1940,FUNDACION GLOBALCAJA LA RODA,9,22.002,45.626,False,4,CESUR DISTRITO OLIMPICO,False
1941,FUNDACION GLOBALCAJA LA RODA,10,10.64879999999999,40.332,True,4,CESUR DISTRITO OLIMPICO,False
1942,FUNDACION GLOBALCAJA LA RODA,2,30.394,8.8227,False,4,CESUR DISTRITO OLIMPICO,False
1943,FUNDACION GLOBALCAJA LA RODA,6,30.959,89.865,False,4,CESUR DISTRITO OLIMPICO,False
1944,FUNDACION GLOBALCAJA LA RODA,13,33.4274,15.25,False,4,CESUR DISTRITO OLIMPICO,False
1945,FUNDACION GLOBALCAJA LA RODA,0,12.97,41.214,True,4,CESUR DISTRITO OLIMPICO,False
1946,FUNDACION GLOBALCAJA LA RODA,9,36.953,49.029,False,4,CESUR DISTRITO OLIMPICO,False
1947,FUNDACION GLOBALCAJA LA RODA,25,11.636,57.97,True,4,CESUR DISTRITO OLIMPICO,False
1948,FUNDACION GLOBALCAJA LA RODA,0,9.238,41.84,True,4,CESUR DISTRITO OLIMPICO,False
1949,FUNDACION GLOBALCAJA LA RODA,10,30.606,82.807,False,4,CESUR DISTRITO OLIMPICO,False
1950,FUNDACION GLOBALCAJA LA RODA,6,38.363,43.483,False,4,CESUR DISTRITO OLIMPICO,False
1951,FUNDACION GLOBALCAJA LA RODA,25,10.86,60.498,True,4,CESUR DISTRITO OLIMPICO,False
1952,FUNDACION GLOBALCAJA LA RODA,0,8.11,55.331,True,4,CESUR DISTRITO OLIMPICO,False
1953,FUNDACION GLOBALCAJA LA RODA,9,25.035,91.756,False,4,CESUR DISTRITO OLIMPICO,False
1954,FUNDACION GLOBALCAJA LA RODA,0,10.366,34.66,False,4,CESUR DISTRITO OLIMPICO,False
1955,FUNDACION GLOBALCAJA LA RODA,13,24.4,88.983,False,4,CESUR DISTRITO OLIMPICO,False
1956,FUNDACION GLOBALCAJA LA RODA,20,35.613,13.864,False,4,CESUR DISTRITO OLIMPICO,False
1957,FUNDACION GLOBALCAJA LA RODA,20,28.772,8.5706,True,4,CESUR DISTRITO OLIMPICO,False
1958,FUNDACION GLOBALCAJA LA RODA,0,18.899,27.854,True,4,CESUR DISTRITO OLIMPICO,False
1959,FUNDACION GLOBALCAJA LA RODA,0,8.95629999999999,42.223,True,4,CESUR DISTRITO OLIMPICO,False
1960,FUNDACION GLOBALCAJA LA RODA,2,22.778,8.066,False,4,CESUR DISTRITO OLIMPICO,False
1961,FUNDACION GLOBALCAJA LA RODA,13,7.68689999999999,91.756,True,4,CESUR DISTRITO OLIMPICO,False
1962,FUNDACION GLOBALCAJA LA RODA,3,31.593,16.25,False,4,CESUR DISTRITO OLIMPICO,False
1963,FUNDACION GLOBALCAJA LA RODA,20,10.155,59.742,True,4,CESUR DISTRITO OLIMPICO,False
1964,FUNDACION GLOBALCAJA LA RODA,0,11.071,57.473,False,4,CESUR DISTRITO OLIMPICO,False
1965,FUNDACION GLOBALCAJA LA RODA,9,33.7,14.872,True,4,CESUR DISTRITO OLIMPICO,False
1966,FUNDACION GLOBALCAJA LA RODA,20,33.1453,81.421,False,4,CESUR DISTRITO OLIMPICO,False
1967,FUNDACION GLOBALCAJA LA RODA,0,10.084,74.23,True,4,CESUR DISTRITO OLIMPICO,False
1968,TOSCONES CORRALEJO,9,24.894,42.097,False,4,C.D. BASKET GLOBALCAJA QUINTANAR,True
1969,TOSCONES CORRALEJO,34,22.214,30.753,False,4,C.D. BASKET GLOBALCAJA QUINTANAR,True
1970,TOSCONES CORRALEJO,8,7.8984,94.403,False,4,C.D. BASKET GLOBALCAJA QUINTANAR,True
1971,TOSCONES CORRALEJO,30,32.228,15.502,False,4,C.D. BASKET GLOBALCAJA QUINTANAR,True
1972,TOSCONES CORRALEJO,34,30.747,58.608,False,4,C.D. BASKET GLOBALCAJA QUINTANAR,True
1973,TOSCONES CORRALEJO,11,34.132,51.928,False,4,C.D. BASKET GLOBALCAJA QUINTANAR,True
1974,TOSCONES CORRALEJO,9,10.789,41.718,False,4,C.D. BASKET GLOBALCAJA QUINTANAR,True
1975,TOSCONES CORRALEJO,9,9.661,39.324,False,4,C.D. BASKET GLOBALCAJA QUINTANAR,True
1976,TOSCONES CORRALEJO,15,11.495,61.633,True,4,C.D. BASKET GLOBALCAJA QUINTANAR,True
1977,TOSCONES CORRALEJO,30,22.56699999999999,90.622,False,4,C.D. BASKET GLOBALCAJA QUINTANAR,True
1978,TOSCONES CORRALEJO,6,11.777,3.529,False,4,C.D. BASKET GLOBALCAJA QUINTANAR,True
1979,TOSCONES CORRALEJO,8,13.892,48.52,False,4,C.D. BASKET GLOBALCAJA QUINTANAR,True
1980,TOSCONES CORRALEJO,17,16.784,79.152,False,4,C.D. BASKET GLOBALCAJA QUINTANAR,True
1981,TOSCONES CORRALEJO,9,28.067,84.95,True,4,C.D. BASKET GLOBALCAJA QUINTANAR,True
1982,TOSCONES CORRALEJO,30,35.4,53.062,False,4,C.D. BASKET GLOBALCAJA QUINTANAR,True
1983,TOSCONES CORRALEJO,17,36.6,64.53,False,4,C.D. BASKET GLOBALCAJA QUINTANAR,True
1984,TOSCONES CORRALEJO,9,23.836,45.626,False,4,C.D. BASKET GLOBALCAJA QUINTANAR,True
1985,TOSCONES CORRALEJO,30,30.606,15.124,False,4,C.D. BASKET GLOBALCAJA QUINTANAR,True
1986,TOSCONES CORRALEJO,9,6.2764,96.167,False,4,C.D. BASKET GLOBALCAJA QUINTANAR,True
1987,TOSCONES CORRALEJO,30,20.09869999999999,32.896,True,4,C.D. BASKET GLOBALCAJA QUINTANAR,True
1988,TOSCONES CORRALEJO,17,22.7,48.02,False,4,C.D. BASKET GLOBALCAJA QUINTANAR,True
1989,TOSCONES CORRALEJO,30,14.033,43.861,True,4,C.D. BASKET GLOBALCAJA QUINTANAR,True
1990,TOSCONES CORRALEJO,15,31.7348,81.547,False,4,C.D. BASKET GLOBALCAJA QUINTANAR,True
1991,TOSCONES CORRALEJO,15,18.758,58.608,True,4,C.D. BASKET GLOBALCAJA QUINTANAR,True
1992,TOSCONES CORRALEJO,8,9.0973,40.584,False,4,C.D. BASKET GLOBALCAJA QUINTANAR,True
1993,TOSCONES CORRALEJO,34,27.926,85.832,False,4,C.D. BASKET GLOBALCAJA QUINTANAR,True
1994,TOSCONES CORRALEJO,11,9.5909,60.372,False,4,C.D. BASKET GLOBALCAJA QUINTANAR,True
1995,TOSCONES CORRALEJO,7,16.07,50.667,False,4,C.D. BASKET GLOBALCAJA QUINTANAR,True
1996,TOSCONES CORRALEJO,17,10.366,60.876,True,4,C.D. BASKET GLOBALCAJA QUINTANAR,True
1997,TOSCONES CORRALEJO,7,22.214,52.432,False,4,C.D. BASKET GLOBALCAJA QUINTANAR,True
1998,TOSCONES CORRALEJO,34,32.933,26.342,False,4,C.D. BASKET GLOBALCAJA QUINTANAR,True
1999,TOSCONES CORRALEJO,8,12.3413,59.364,True,4,C.D. BASKET GLOBALCAJA QUINTANAR,True
2000,TOSCONES CORRALEJO,34,12.27079999999999,46.508,False,4,C.D. BASKET GLOBALCAJA QUINTANAR,True
2001,TOSCONES CORRALEJO,34,25.176,37.055,True,4,C.D. BASKET GLOBALCAJA QUINTANAR,True
2002,TOSCONES CORRALEJO,34,32.29,30.753,False,4,C.D. BASKET GLOBALCAJA QUINTANAR,True
2003,TOSCONES CORRALEJO,30,8.74469999999999,41.088,False,4,C.D. BASKET GLOBALCAJA QUINTANAR,True
2004,TOSCONES CORRALEJO,34,12.2,47.642,False,4,C.D. BASKET GLOBALCAJA QUINTANAR,True
2005,TOSCONES CORRALEJO,11,8.1805,3.403,False,4,C.D. BASKET GLOBALCAJA QUINTANAR,True
2006,TOSCONES CORRALEJO,9,9.52049999999999,59.238,True,4,C.D. BASKET GLOBALCAJA QUINTANAR,True
2007,TOSCONES CORRALEJO,30,8.3216,59.868,True,4,C.D. BASKET GLOBALCAJA QUINTANAR,True
2008,TOSCONES CORRALEJO,17,32.933,22.182,False,4,C.D. BASKET GLOBALCAJA QUINTANAR,True
2009,TOSCONES CORRALEJO,11,10.578,42.475,True,4,C.D. BASKET GLOBALCAJA QUINTANAR,True
2010,TOSCONES CORRALEJO,34,34.132,35.038,False,4,C.D. BASKET GLOBALCAJA QUINTANAR,True
2011,TOSCONES CORRALEJO,30,21.2976,31.761,True,4,C.D. BASKET GLOBALCAJA QUINTANAR,True
2012,TOSCONES CORRALEJO,34,22.9196,9.831,True,4,C.D. BASKET GLOBALCAJA QUINTANAR,True
2013,TOSCONES CORRALEJO,15,21.65,94.025,False,4,C.D. BASKET GLOBALCAJA QUINTANAR,True
2014,TOSCONES CORRALEJO,34,11.142,43.357,True,4,C.D. BASKET GLOBALCAJA QUINTANAR,True
2015,TOSCONES CORRALEJO,9,17.207,37.685,False,4,C.D. BASKET GLOBALCAJA QUINTANAR,True
2016,TOSCONES CORRALEJO,34,37.306,53.062,False,4,C.D. BASKET GLOBALCAJA QUINTANAR,True
2017,TOSCONES CORRALEJO,34,11.988,43.483,False,4,C.D. BASKET GLOBALCAJA QUINTANAR,True
2018,TOSCONES CORRALEJO,34,31.5233,26.72,True,4,C.D. BASKET GLOBALCAJA QUINTANAR,True
2019,TOSCONES CORRALEJO,7,12.6234,72.472,False,4,C.D. BASKET GLOBALCAJA QUINTANAR,True
2020,TOSCONES CORRALEJO,17,22.919,68.439,False,4,C.D. BASKET GLOBALCAJA QUINTANAR,True
2021,TOSCONES CORRALEJO,11,8.392,41.592,True,4,C.D. BASKET GLOBALCAJA QUINTANAR,True
2022,TOSCONES CORRALEJO,9,11.918,64.784,False,4,C.D. BASKET GLOBALCAJA QUINTANAR,True
2023,TOSCONES CORRALEJO,8,23.906,50.163,False,4,C.D. BASKET GLOBALCAJA QUINTANAR,True
2024,TOSCONES CORRALEJO,34,7.61639999999999,60.75,True,4,C.D. BASKET GLOBALCAJA QUINTANAR,True
2025,TOSCONES CORRALEJO,15,10.7193,57.347,False,4,C.D. BASKET GLOBALCAJA QUINTANAR,True
2026,TOSCONES CORRALEJO,8,9.238,42.475,True,4,C.D. BASKET GLOBALCAJA QUINTANAR,True
2027,TOSCONES CORRALEJO,9,16.2,60.624,False,4,C.D. BASKET GLOBALCAJA QUINTANAR,True
2028,TOSCONES CORRALEJO,8,33.145,49.155,False,4,C.D. BASKET GLOBALCAJA QUINTANAR,True
2029,TOSCONES CORRALEJO,7,12.48239999999999,62.137,False,4,C.D. BASKET GLOBALCAJA QUINTANAR,True
2030,TOSCONES CORRALEJO,6,20.239,43.861,False,4,C.D. BASKET GLOBALCAJA QUINTANAR,True
2031,C.D. BASKET GLOBALCAJA QUINTANAR,6,8.251,62.263,False,4,TOSCONES CORRALEJO,False
2032,C.D. BASKET GLOBALCAJA QUINTANAR,2,30.042,28.106,False,4,TOSCONES CORRALEJO,False
2033,C.D. BASKET GLOBALCAJA QUINTANAR,8,31.029,77.51,False,4,TOSCONES CORRALEJO,False
2034,C.D. BASKET GLOBALCAJA QUINTANAR,21,26.86879999999999,84.95,False,4,TOSCONES CORRALEJO,False
2035,C.D. BASKET GLOBALCAJA QUINTANAR,6,29.83069999999999,23.065,True,4,TOSCONES CORRALEJO,False
2036,C.D. BASKET GLOBALCAJA QUINTANAR,2,21.368,69.069,False,4,TOSCONES CORRALEJO,False
2037,C.D. BASKET GLOBALCAJA QUINTANAR,2,11.988,39.324,False,4,TOSCONES CORRALEJO,False
2038,C.D. BASKET GLOBALCAJA QUINTANAR,50,8.3215,3.9072,False,4,TOSCONES CORRALEJO,False
2039,C.D. BASKET GLOBALCAJA QUINTANAR,8,29.05,16.25,False,4,TOSCONES CORRALEJO,False
2040,C.D. BASKET GLOBALCAJA QUINTANAR,21,23.272,51.297,True,4,TOSCONES CORRALEJO,False
2041,C.D. BASKET GLOBALCAJA QUINTANAR,1,11.988,41.592,False,4,TOSCONES CORRALEJO,False
2042,C.D. BASKET GLOBALCAJA QUINTANAR,14,29.055,18.779,False,4,TOSCONES CORRALEJO,False
2043,C.D. BASKET GLOBALCAJA QUINTANAR,2,9.02679999999999,5.4196,True,4,TOSCONES CORRALEJO,False
2044,C.D. BASKET GLOBALCAJA QUINTANAR,6,5.43019999999999,38.8,True,4,TOSCONES CORRALEJO,False
2045,C.D. BASKET GLOBALCAJA QUINTANAR,14,20.169,37.559,False,4,TOSCONES CORRALEJO,False
2046,C.D. BASKET GLOBALCAJA QUINTANAR,21,8.0394,40.206,False,4,TOSCONES CORRALEJO,False
2047,C.D. BASKET GLOBALCAJA QUINTANAR,50,7.9689,4.9155,False,4,TOSCONES CORRALEJO,False
2048,C.D. BASKET GLOBALCAJA QUINTANAR,6,10.648,58.86,True,4,TOSCONES CORRALEJO,False
2049,C.D. BASKET GLOBALCAJA QUINTANAR,2,9.873,56.591,False,4,TOSCONES CORRALEJO,False
2050,C.D. BASKET GLOBALCAJA QUINTANAR,2,11.495,38.315,True,4,TOSCONES CORRALEJO,False
2051,C.D. BASKET GLOBALCAJA QUINTANAR,50,9.732,58.986,True,4,TOSCONES CORRALEJO,False
2052,C.D. BASKET GLOBALCAJA QUINTANAR,6,12.693,44.491,False,4,TOSCONES CORRALEJO,False
2053,C.D. BASKET GLOBALCAJA QUINTANAR,21,8.8152,94.907,True,4,TOSCONES CORRALEJO,False
2054,C.D. BASKET GLOBALCAJA QUINTANAR,14,7.05219999999999,40.836,True,4,TOSCONES CORRALEJO,False
2055,C.D. BASKET GLOBALCAJA QUINTANAR,1,6.2059,93.52,True,4,TOSCONES CORRALEJO,False
2056,C.D. BASKET GLOBALCAJA QUINTANAR,2,10.366,40.206,False,4,TOSCONES CORRALEJO,False
2057,C.D. BASKET GLOBALCAJA QUINTANAR,8,29.3371,71.842,True,4,TOSCONES CORRALEJO,False
2058,C.D. BASKET GLOBALCAJA QUINTANAR,21,30.747,80.79,False,4,TOSCONES CORRALEJO,False
2059,C.D. BASKET GLOBALCAJA QUINTANAR,1,10.366,63.775,False,4,TOSCONES CORRALEJO,False
2060,C.D. BASKET GLOBALCAJA QUINTANAR,1,10.014,47.138,False,4,TOSCONES CORRALEJO,False
2061,C.D. BASKET GLOBALCAJA QUINTANAR,2,33.286,71.212,False,4,TOSCONES CORRALEJO,False
2062,C.D. BASKET GLOBALCAJA QUINTANAR,2,20.592,25.459,False,4,TOSCONES CORRALEJO,False
2063,C.D. BASKET GLOBALCAJA QUINTANAR,50,10.155,41.088,True,4,TOSCONES CORRALEJO,False
2064,C.D. BASKET GLOBALCAJA QUINTANAR,21,26.58669999999999,83.94,True,4,TOSCONES CORRALEJO,False
2065,C.D. BASKET GLOBALCAJA QUINTANAR,1,34.132,39.324,False,4,TOSCONES CORRALEJO,False
2066,C.D. BASKET GLOBALCAJA QUINTANAR,6,5.148,43.105,False,4,TOSCONES CORRALEJO,False
2067,C.D. BASKET GLOBALCAJA QUINTANAR,2,10.4372,41.592,True,4,TOSCONES CORRALEJO,False
2068,C.D. BASKET GLOBALCAJA QUINTANAR,21,34.2031,36.425,False,4,TOSCONES CORRALEJO,False
2069,C.D. BASKET GLOBALCAJA QUINTANAR,6,16.00849999999999,50.415,False,4,TOSCONES CORRALEJO,False
2070,C.D. BASKET GLOBALCAJA QUINTANAR,2,8.251,39.702,False,4,TOSCONES CORRALEJO,False
2071,C.D. BASKET GLOBALCAJA QUINTANAR,2,12.2,37.307,False,4,TOSCONES CORRALEJO,False
2072,C.D. BASKET GLOBALCAJA QUINTANAR,8,12.059,43.231,True,4,TOSCONES CORRALEJO,False
2073,C.D. BASKET GLOBALCAJA QUINTANAR,2,8.25109999999999,61.633,False,4,TOSCONES CORRALEJO,False
2074,C.D. BASKET GLOBALCAJA QUINTANAR,21,7.7574,61.38,False,4,TOSCONES CORRALEJO,False
2075,C.D. BASKET GLOBALCAJA QUINTANAR,50,7.6868,93.52,False,4,TOSCONES CORRALEJO,False
2076,C.D. BASKET GLOBALCAJA QUINTANAR,2,6.9111,41.718,True,4,TOSCONES CORRALEJO,False
2077,C.D. BASKET GLOBALCAJA QUINTANAR,1,33.286,27.35,False,4,TOSCONES CORRALEJO,False
2078,C.D. BASKET GLOBALCAJA QUINTANAR,8,32.792,45.752,False,4,TOSCONES CORRALEJO,False
2079,C.D. BASKET GLOBALCAJA QUINTANAR,1,6.9111,41.718,False,4,TOSCONES CORRALEJO,False
2080,C.D. BASKET GLOBALCAJA QUINTANAR,8,8.392,77.26,True,4,TOSCONES CORRALEJO,False
2081,C.D. BASKET GLOBALCAJA QUINTANAR,8,34.908,32.1,False,4,TOSCONES CORRALEJO,False
2082,C.D. BASKET GLOBALCAJA QUINTANAR,2,8.3215,41.34,True,4,TOSCONES CORRALEJO,False
2083,C.D. BASKET GLOBALCAJA QUINTANAR,8,35.54,46.886,True,4,TOSCONES CORRALEJO,False
2084,C.D. BASKET GLOBALCAJA QUINTANAR,2,10.578,41.718,False,4,TOSCONES CORRALEJO,False
2085,C.D. BASKET GLOBALCAJA QUINTANAR,12,3.9492,93.52,False,4,TOSCONES CORRALEJO,False
2086,C.D. BASKET GLOBALCAJA QUINTANAR,2,5.9943,91.756,False,4,TOSCONES CORRALEJO,False
2087,C.D. BASKET GLOBALCAJA QUINTANAR,2,9.026,60.246,True,4,TOSCONES CORRALEJO,False
2088,C.D. BASKET GLOBALCAJA QUINTANAR,2,9.5204,41.34,True,4,TOSCONES CORRALEJO,False
2089,C.D. BASKET GLOBALCAJA QUINTANAR,21,25.95,12.98,False,4,TOSCONES CORRALEJO,False
2090,C.D. BASKET GLOBALCAJA QUINTANAR,8,26.445,12.351,False,4,TOSCONES CORRALEJO,False
2091,C.D. BASKET GLOBALCAJA QUINTANAR,8,30.9591,27.098,True,4,TOSCONES CORRALEJO,False
2092,C.D. BASKET GLOBALCAJA QUINTANAR,8,34.485,49.155,True,4,TOSCONES CORRALEJO,False
2093,C.D. BASKET GLOBALCAJA QUINTANAR,21,8.0394,95.033,False,4,TOSCONES CORRALEJO,False
2094,C.D. BASKET GLOBALCAJA QUINTANAR,6,9.449,60.876,False,4,TOSCONES CORRALEJO,False
2095,GRUPO INTERBUS ALCOBENDAS,24,12.97,77.892,False,4,TOBARRA CB,True
2096,GRUPO INTERBUS ALCOBENDAS,24,9.5909,52.558,False,4,TOBARRA CB,True
2097,GRUPO INTERBUS ALCOBENDAS,41,11.5656,47.138,True,4,TOBARRA CB,True
2098,GRUPO INTERBUS ALCOBENDAS,4,36.6,26.846,True,4,TOBARRA CB,True
2099,GRUPO INTERBUS ALCOBENDAS,24,30.606,21.804,False,4,TOBARRA CB,True
2100,GRUPO INTERBUS ALCOBENDAS,17,30.324,86.96,False,4,TOBARRA CB,True
2101,GRUPO INTERBUS ALCOBENDAS,17,23.9774,82.177,False,4,TOBARRA CB,True
2102,GRUPO INTERBUS ALCOBENDAS,77,27.503,87.849,False,4,TOBARRA CB,True
2103,GRUPO INTERBUS ALCOBENDAS,77,25.8815,86.336,True,4,TOBARRA CB,True
2104,GRUPO INTERBUS ALCOBENDAS,4,12.0592,31.005,True,4,TOBARRA CB,True
2105,GRUPO INTERBUS ALCOBENDAS,17,10.366,43.105,False,4,TOBARRA CB,True
2106,GRUPO INTERBUS ALCOBENDAS,16,10.578,44.743,True,4,TOBARRA CB,True
2107,GRUPO INTERBUS ALCOBENDAS,33,13.7518,22.182,False,4,TOBARRA CB,True
2108,GRUPO INTERBUS ALCOBENDAS,5,27.785,86.462,False,4,TOBARRA CB,True
2109,GRUPO INTERBUS ALCOBENDAS,5,30.747,17.015,False,4,TOBARRA CB,True
2110,GRUPO INTERBUS ALCOBENDAS,4,31.664,28.736,False,4,TOBARRA CB,True
2111,GRUPO INTERBUS ALCOBENDAS,24,17.348,69.699,False,4,TOBARRA CB,True
2112,GRUPO INTERBUS ALCOBENDAS,17,15.44429999999999,74.11,False,4,TOBARRA CB,True
2113,GRUPO INTERBUS ALCOBENDAS,14,30.394,78.9,False,4,TOBARRA CB,True
2114,GRUPO INTERBUS ALCOBENDAS,17,33.215,32.013,False,4,TOBARRA CB,True
2115,GRUPO INTERBUS ALCOBENDAS,5,13.7518,22.182,False,4,TOBARRA CB,True
2116,GRUPO INTERBUS ALCOBENDAS,14,31.946,24.703,False,4,TOBARRA CB,True
2117,GRUPO INTERBUS ALCOBENDAS,33,27.926,16.763,False,4,TOBARRA CB,True
2118,GRUPO INTERBUS ALCOBENDAS,25,29.689,21.174,False,4,TOBARRA CB,True
2119,GRUPO INTERBUS ALCOBENDAS,17,16.29059999999999,26.468,False,4,TOBARRA CB,True
2120,GRUPO INTERBUS ALCOBENDAS,24,8.8857,54.82,True,4,TOBARRA CB,True
2121,GRUPO INTERBUS ALCOBENDAS,17,16.431,55.961,True,4,TOBARRA CB,True
2122,GRUPO INTERBUS ALCOBENDAS,17,29.83069999999999,84.95,False,4,TOBARRA CB,True
2123,GRUPO INTERBUS ALCOBENDAS,33,9.3794,47.516,True,4,TOBARRA CB,True
2124,GRUPO INTERBUS ALCOBENDAS,25,27.856,80.917,False,4,TOBARRA CB,True
2125,GRUPO INTERBUS ALCOBENDAS,15,13.187,78.648,True,4,TOBARRA CB,True
2126,GRUPO INTERBUS ALCOBENDAS,41,10.86,57.97,False,4,TOBARRA CB,True
2127,GRUPO INTERBUS ALCOBENDAS,24,7.33429999999999,72.346,False,4,TOBARRA CB,True
2128,GRUPO INTERBUS ALCOBENDAS,41,7.8984,54.07,False,4,TOBARRA CB,True
2129,GRUPO INTERBUS ALCOBENDAS,14,29.9013,12.351,False,4,TOBARRA CB,True
2130,GRUPO INTERBUS ALCOBENDAS,5,18.265,50.793,True,4,TOBARRA CB,True
2131,GRUPO INTERBUS ALCOBENDAS,25,31.17,18.023,False,4,TOBARRA CB,True
2132,GRUPO INTERBUS ALCOBENDAS,5,5.78279999999999,24.955,False,4,TOBARRA CB,True
2133,GRUPO INTERBUS ALCOBENDAS,41,17.7,27.98,True,4,TOBARRA CB,True
2134,GRUPO INTERBUS ALCOBENDAS,41,11.071,46.76,True,4,TOBARRA CB,True
2135,GRUPO INTERBUS ALCOBENDAS,33,17.418,95.663,False,4,TOBARRA CB,True
2136,GRUPO INTERBUS ALCOBENDAS,41,13.54,46.004,True,4,TOBARRA CB,True
2137,GRUPO INTERBUS ALCOBENDAS,41,8.8152,49.155,True,4,TOBARRA CB,True
2138,GRUPO INTERBUS ALCOBENDAS,17,31.382,83.81,False,4,TOBARRA CB,True
2139,GRUPO INTERBUS ALCOBENDAS,77,8.7447,59.994,True,4,TOBARRA CB,True
2140,GRUPO INTERBUS ALCOBENDAS,17,13.187,46.382,True,4,TOBARRA CB,True
2141,GRUPO INTERBUS ALCOBENDAS,4,29.971,16.889,False,4,TOBARRA CB,True
2142,GRUPO INTERBUS ALCOBENDAS,25,30.465,16.0,False,4,TOBARRA CB,True
2143,GRUPO INTERBUS ALCOBENDAS,4,38.716,63.649,True,4,TOBARRA CB,True
2144,GRUPO INTERBUS ALCOBENDAS,14,28.631,83.94,False,4,TOBARRA CB,True
2145,GRUPO INTERBUS ALCOBENDAS,14,33.92,16.511,False,4,TOBARRA CB,True
2146,GRUPO INTERBUS ALCOBENDAS,14,33.6389,19.914,False,4,TOBARRA CB,True
2147,GRUPO INTERBUS ALCOBENDAS,5,32.15,70.077,True,4,TOBARRA CB,True
2148,GRUPO INTERBUS ALCOBENDAS,41,9.3088,72.094,False,4,TOBARRA CB,True
2149,GRUPO INTERBUS ALCOBENDAS,41,9.87309999999999,37.685,True,4,TOBARRA CB,True
2150,GRUPO INTERBUS ALCOBENDAS,4,30.112,21.3,False,4,TOBARRA CB,True
2151,GRUPO INTERBUS ALCOBENDAS,5,27.856,10.965,True,4,TOBARRA CB,True
2152,GRUPO INTERBUS ALCOBENDAS,16,13.04649999999999,79.53,False,4,TOBARRA CB,True
2153,GRUPO INTERBUS ALCOBENDAS,4,30.747,82.177,True,4,TOBARRA CB,True
2154,GRUPO INTERBUS ALCOBENDAS,4,30.1834,11.595,True,4,TOBARRA CB,True
2155,GRUPO INTERBUS ALCOBENDAS,33,13.04649999999999,45.878,True,4,TOBARRA CB,True
2156,GRUPO INTERBUS ALCOBENDAS,17,15.02119999999999,26.846,False,4,TOBARRA CB,True
2157,TOBARRA CB,26,26.939,87.21,False,4,GRUPO INTERBUS ALCOBENDAS,False
2158,TOBARRA CB,7,33.85,56.087,True,4,GRUPO INTERBUS ALCOBENDAS,False
2159,TOBARRA CB,91,30.888,75.875,False,4,GRUPO INTERBUS ALCOBENDAS,False
2160,TOBARRA CB,26,28.208,87.597,False,4,GRUPO INTERBUS ALCOBENDAS,False
2161,TOBARRA CB,10,32.44,80.16,False,4,GRUPO INTERBUS ALCOBENDAS,False
2162,TOBARRA CB,7,29.548,76.883,True,4,GRUPO INTERBUS ALCOBENDAS,False
2163,TOBARRA CB,31,14.739,72.85,True,4,GRUPO INTERBUS ALCOBENDAS,False
2164,TOBARRA CB,91,16.2,73.858,False,4,GRUPO INTERBUS ALCOBENDAS,False
2165,TOBARRA CB,26,32.016,24.325,False,4,GRUPO INTERBUS ALCOBENDAS,False
2166,TOBARRA CB,31,14.315,74.741,False,4,GRUPO INTERBUS ALCOBENDAS,False
2167,TOBARRA CB,7,33.215,19.914,False,4,GRUPO INTERBUS ALCOBENDAS,False
2168,TOBARRA CB,7,33.92,24.829,False,4,GRUPO INTERBUS ALCOBENDAS,False
2169,TOBARRA CB,10,30.747,85.202,False,4,GRUPO INTERBUS ALCOBENDAS,False
2170,TOBARRA CB,7,31.452,84.194,True,4,GRUPO INTERBUS ALCOBENDAS,False
2171,TOBARRA CB,91,34.696,25.459,False,4,GRUPO INTERBUS ALCOBENDAS,False
2172,TOBARRA CB,10,32.087,20.67,False,4,GRUPO INTERBUS ALCOBENDAS,False
2173,TOBARRA CB,31,10.64879999999999,57.473,True,4,GRUPO INTERBUS ALCOBENDAS,False
2174,TOBARRA CB,0,35.895,30.375,False,4,GRUPO INTERBUS ALCOBENDAS,False
2175,TOBARRA CB,91,26.375,12.099,False,4,GRUPO INTERBUS ALCOBENDAS,False
2176,TOBARRA CB,91,5.0776,60.624,True,4,GRUPO INTERBUS ALCOBENDAS,False
2177,TOBARRA CB,0,19.1114,66.422,False,4,GRUPO INTERBUS ALCOBENDAS,False
2178,TOBARRA CB,0,35.8251,69.825,False,4,GRUPO INTERBUS ALCOBENDAS,False
2179,TOBARRA CB,31,12.2,56.717,True,4,GRUPO INTERBUS ALCOBENDAS,False
2180,TOBARRA CB,91,10.578,56.339,False,4,GRUPO INTERBUS ALCOBENDAS,False
2181,TOBARRA CB,91,10.578,46.13,True,4,GRUPO INTERBUS ALCOBENDAS,False
2182,TOBARRA CB,26,28.91,87.975,True,4,GRUPO INTERBUS ALCOBENDAS,False
2183,TOBARRA CB,7,35.472,75.749,False,4,GRUPO INTERBUS ALCOBENDAS,False
2184,TOBARRA CB,21,14.59,30.123,False,4,GRUPO INTERBUS ALCOBENDAS,False
2185,TOBARRA CB,91,10.5078,61.25,True,4,GRUPO INTERBUS ALCOBENDAS,False
2186,TOBARRA CB,7,33.074,78.396,False,4,GRUPO INTERBUS ALCOBENDAS,False
2187,TOBARRA CB,22,13.54,69.573,False,4,GRUPO INTERBUS ALCOBENDAS,False
2188,TOBARRA CB,91,36.389,64.279,False,4,GRUPO INTERBUS ALCOBENDAS,False
2189,TOBARRA CB,7,32.51,81.169,False,4,GRUPO INTERBUS ALCOBENDAS,False
2190,TOBARRA CB,91,6.84059999999999,38.8,False,4,GRUPO INTERBUS ALCOBENDAS,False
2191,TOBARRA CB,31,11.777,49.155,True,4,GRUPO INTERBUS ALCOBENDAS,False
2192,TOBARRA CB,0,12.76449999999999,52.306,True,4,GRUPO INTERBUS ALCOBENDAS,False
2193,TOBARRA CB,0,18.758,23.947,True,4,GRUPO INTERBUS ALCOBENDAS,False
2194,TOBARRA CB,7,32.29,23.695,True,4,GRUPO INTERBUS ALCOBENDAS,False
2195,TOBARRA CB,22,13.04649999999999,59.112,True,4,GRUPO INTERBUS ALCOBENDAS,False
2196,TOBARRA CB,31,10.7193,49.155,True,4,GRUPO INTERBUS ALCOBENDAS,False
2197,TOBARRA CB,7,33.7,25.71,False,4,GRUPO INTERBUS ALCOBENDAS,False
2198,TOBARRA CB,31,14.739,73.732,False,4,GRUPO INTERBUS ALCOBENDAS,False
2199,TOBARRA CB,7,34.837,35.54,True,4,GRUPO INTERBUS ALCOBENDAS,False
2200,TOBARRA CB,91,30.53,20.922,False,4,GRUPO INTERBUS ALCOBENDAS,False
2201,TOBARRA CB,91,12.55289999999999,25.96,True,4,GRUPO INTERBUS ALCOBENDAS,False
2202,TOBARRA CB,10,25.528,87.471,True,4,GRUPO INTERBUS ALCOBENDAS,False
2203,TOBARRA CB,0,33.497,23.191,True,4,GRUPO INTERBUS ALCOBENDAS,False
2204,TOBARRA CB,10,8.6741,74.11,False,4,GRUPO INTERBUS ALCOBENDAS,False
2205,TOBARRA CB,91,12.76449999999999,77.51,True,4,GRUPO INTERBUS ALCOBENDAS,False
2206,TOBARRA CB,7,12.83,72.094,False,4,GRUPO INTERBUS ALCOBENDAS,False
2207,TOBARRA CB,6,16.2,22.308,True,4,GRUPO INTERBUS ALCOBENDAS,False
2208,TOBARRA CB,31,11.565,55.835,True,4,GRUPO INTERBUS ALCOBENDAS,False
2209,TOBARRA CB,26,24.4,8.3185,False,4,GRUPO INTERBUS ALCOBENDAS,False
2210,TOBARRA CB,91,34.555,75.245,False,4,GRUPO INTERBUS ALCOBENDAS,False
2211,TOBARRA CB,10,35.3315,28.106,True,4,GRUPO INTERBUS ALCOBENDAS,False
2212,TOBARRA CB,10,31.45269999999999,77.009,False,4,GRUPO INTERBUS ALCOBENDAS,False
2213,TOBARRA CB,91,13.3991,52.054,True,4,GRUPO INTERBUS ALCOBENDAS,False
2214,TOBARRA CB,10,10.86039999999999,50.289,True,4,GRUPO INTERBUS ALCOBENDAS,False
2215,TOBARRA CB,10,30.324,80.917,False,4,GRUPO INTERBUS ALCOBENDAS,False
2216,TOBARRA CB,7,26.586,87.975,True,4,GRUPO INTERBUS ALCOBENDAS,False
2217,TOBARRA CB,10,16.502,26.342,False,4,GRUPO INTERBUS ALCOBENDAS,False
2218,TOBARRA CB,91,29.76,84.068,False,4,GRUPO INTERBUS ALCOBENDAS,False
2219,TOBARRA CB,26,11.565,55.835,False,4,GRUPO INTERBUS ALCOBENDAS,False
2220,EL VENTERO CBV,0,5.148,50.415,True,4,BALONCESTO ALCALA,True
2221,EL VENTERO CBV,0,5.5712,51.928,True,4,BALONCESTO ALCALA,True
2222,EL VENTERO CBV,0,6.488,93.52,False,4,BALONCESTO ALCALA,True
2223,EL VENTERO CBV,3,36.812,26.846,True,4,BALONCESTO ALCALA,True
2224,EL VENTERO CBV,10,26.0931,92.134,False,4,BALONCESTO ALCALA,True
2225,EL VENTERO CBV,41,7.8279,4.7894,False,4,BALONCESTO ALCALA,True
2226,EL VENTERO CBV,10,34.344,23.443,False,4,BALONCESTO ALCALA,True
2227,EL VENTERO CBV,18,5.3596,49.407,True,4,BALONCESTO ALCALA,True
2228,EL VENTERO CBV,15,6.77009999999999,49.407,True,4,BALONCESTO ALCALA,True
2229,EL VENTERO CBV,15,35.119,68.439,False,4,BALONCESTO ALCALA,True
2230,EL VENTERO CBV,41,5.71229999999999,7.0581,False,4,BALONCESTO ALCALA,True
2231,EL VENTERO CBV,18,5.0775,48.651,True,4,BALONCESTO ALCALA,True
2232,EL VENTERO CBV,15,34.273,75.497,False,4,BALONCESTO ALCALA,True
2233,EL VENTERO CBV,41,6.2059,69.321,True,4,BALONCESTO ALCALA,True
2234,EL VENTERO CBV,41,5.9943,51.423,True,4,BALONCESTO ALCALA,True
2235,EL VENTERO CBV,3,33.6389,79.908,False,4,BALONCESTO ALCALA,True
2236,EL VENTERO CBV,0,6.629,55.835,True,4,BALONCESTO ALCALA,True
2237,EL VENTERO CBV,0,30.606,17.771,False,4,BALONCESTO ALCALA,True
2238,EL VENTERO CBV,11,5.7122,49.029,True,4,BALONCESTO ALCALA,True
2239,EL VENTERO CBV,18,7.4753,44.491,True,4,BALONCESTO ALCALA,True
2240,EL VENTERO CBV,3,5.5007,48.02,True,4,BALONCESTO ALCALA,True
2241,EL VENTERO CBV,10,28.631,13.612,False,4,BALONCESTO ALCALA,True
2242,EL VENTERO CBV,18,4.0902,48.777,False,4,BALONCESTO ALCALA,True
2243,EL VENTERO CBV,27,36.389,17.771,False,4,BALONCESTO ALCALA,True
2244,EL VENTERO CBV,0,6.4174,47.516,True,4,BALONCESTO ALCALA,True
2245,EL VENTERO CBV,15,34.062,17.519,False,4,BALONCESTO ALCALA,True
2246,EL VENTERO CBV,41,32.581,78.648,False,4,BALONCESTO ALCALA,True
2247,EL VENTERO CBV,0,6.48,48.39,False,4,BALONCESTO ALCALA,True
2248,EL VENTERO CBV,18,5.9238,49.659,True,4,BALONCESTO ALCALA,True
2249,EL VENTERO CBV,15,10.36669999999999,45.12,False,4,BALONCESTO ALCALA,True
2250,EL VENTERO CBV,27,36.6,24.451,False,4,BALONCESTO ALCALA,True
2251,EL VENTERO CBV,0,9.661,47.894,True,4,BALONCESTO ALCALA,True
2252,EL VENTERO CBV,18,5.9943,50.037,False,4,BALONCESTO ALCALA,True
2253,EL VENTERO CBV,3,8.1,57.221,False,4,BALONCESTO ALCALA,True
2254,EL VENTERO CBV,10,32.44,21.678,False,4,BALONCESTO ALCALA,True
2255,EL VENTERO CBV,15,8.8858,5.4196,True,4,BALONCESTO ALCALA,True
2256,EL VENTERO CBV,15,36.53,23.947,False,4,BALONCESTO ALCALA,True
2257,EL VENTERO CBV,15,31.7348,66.17,False,4,BALONCESTO ALCALA,True
2258,EL VENTERO CBV,10,10.507,47.264,True,4,BALONCESTO ALCALA,True
2259,EL VENTERO CBV,10,33.638,74.867,False,4,BALONCESTO ALCALA,True
2260,EL VENTERO CBV,41,35.0494,48.777,True,4,BALONCESTO ALCALA,True
2261,EL VENTERO CBV,15,7.4753,44.491,False,4,BALONCESTO ALCALA,True
2262,EL VENTERO CBV,0,5.5007,49.281,True,4,BALONCESTO ALCALA,True
2263,EL VENTERO CBV,10,29.83,12.729,True,4,BALONCESTO ALCALA,True
2264,EL VENTERO CBV,11,9.3794,51.5,False,4,BALONCESTO ALCALA,True
2265,EL VENTERO CBV,15,38.363,49.155,True,4,BALONCESTO ALCALA,True
2266,EL VENTERO CBV,10,31.311,23.317,False,4,BALONCESTO ALCALA,True
2267,EL VENTERO CBV,15,5.9238,46.256,False,4,BALONCESTO ALCALA,True
2268,EL VENTERO CBV,15,30.183,82.933,False,4,BALONCESTO ALCALA,True
2269,EL VENTERO CBV,0,32.722,74.23,True,4,BALONCESTO ALCALA,True
2270,EL VENTERO CBV,10,34.414,18.779,False,4,BALONCESTO ALCALA,True
2271,BALONCESTO ALCALA,19,9.02679999999999,53.818,False,4,EL VENTERO CBV,False
2272,BALONCESTO ALCALA,91,7.4753,47.012,False,4,EL VENTERO CBV,False
2273,BALONCESTO ALCALA,19,31.734,77.51,False,4,EL VENTERO CBV,False
2274,BALONCESTO ALCALA,4,36.6,47.768,True,4,EL VENTERO CBV,False
2275,BALONCESTO ALCALA,4,32.44,22.43,False,4,EL VENTERO CBV,False
2276,BALONCESTO ALCALA,19,8.3215,49.029,True,4,EL VENTERO CBV,False
2277,BALONCESTO ALCALA,29,10.155,49.281,True,4,EL VENTERO CBV,False
2278,BALONCESTO ALCALA,19,7.33429999999999,48.39,True,4,EL VENTERO CBV,False
2279,BALONCESTO ALCALA,4,23.765,13.234,False,4,EL VENTERO CBV,False
2280,BALONCESTO ALCALA,91,5.8533,48.02,False,4,EL VENTERO CBV,False
2281,BALONCESTO ALCALA,13,8.8152,49.911,False,4,EL VENTERO CBV,False
2282,BALONCESTO ALCALA,19,26.445,13.486,True,4,EL VENTERO CBV,False
2283,BALONCESTO ALCALA,5,5.9238,50.919,True,4,EL VENTERO CBV,False
2284,BALONCESTO ALCALA,13,6.6995,50.793,True,4,EL VENTERO CBV,False
2285,BALONCESTO ALCALA,19,13.258,47.768,False,4,EL VENTERO CBV,False
2286,BALONCESTO ALCALA,19,7.263,73.984,False,4,EL VENTERO CBV,False
2287,BALONCESTO ALCALA,29,32.581,14.998,False,4,EL VENTERO CBV,False
2288,BALONCESTO ALCALA,10,10.296,81.799,True,4,EL VENTERO CBV,False
2289,BALONCESTO ALCALA,10,7.05219999999999,50.163,True,4,EL VENTERO CBV,False
2290,BALONCESTO ALCALA,19,5.9943,54.448,False,4,EL VENTERO CBV,False
2291,BALONCESTO ALCALA,91,19.252,38.8,False,4,EL VENTERO CBV,False
2292,BALONCESTO ALCALA,29,6.9111,73.984,True,4,EL VENTERO CBV,False
2293,BALONCESTO ALCALA,19,8.3216,53.188,False,4,EL VENTERO CBV,False
2294,BALONCESTO ALCALA,10,5.7122,50.415,False,4,EL VENTERO CBV,False
2295,BALONCESTO ALCALA,3,30.1834,81.169,False,4,EL VENTERO CBV,False
2296,BALONCESTO ALCALA,91,8.1,49.281,False,4,EL VENTERO CBV,False
2297,BALONCESTO ALCALA,29,39.774,49.911,False,4,EL VENTERO CBV,False
2298,BALONCESTO ALCALA,14,5.9238,48.02,True,4,EL VENTERO CBV,False
2299,BALONCESTO ALCALA,4,32.44,71.59,False,4,EL VENTERO CBV,False
2300,BALONCESTO ALCALA,14,10.296,81.799,False,4,EL VENTERO CBV,False
2301,BALONCESTO ALCALA,4,23.695,11.091,False,4,EL VENTERO CBV,False
2302,BALONCESTO ALCALA,91,6.6995,50.793,False,4,EL VENTERO CBV,False
2303,BALONCESTO ALCALA,14,33.215,19.914,False,4,EL VENTERO CBV,False
2304,BALONCESTO ALCALA,10,34.908,17.897,True,4,EL VENTERO CBV,False
2305,BALONCESTO ALCALA,19,31.875,22.182,False,4,EL VENTERO CBV,False
2306,BALONCESTO ALCALA,13,6.77,49.029,False,4,EL VENTERO CBV,False
2307,BALONCESTO ALCALA,19,7.2637,41.214,False,4,EL VENTERO CBV,False
2308,BALONCESTO ALCALA,29,31.5233,76.127,False,4,EL VENTERO CBV,False
2309,BALONCESTO ALCALA,4,5.5007,46.886,False,4,EL VENTERO CBV,False
2310,BALONCESTO ALCALA,29,36.741,47.642,True,4,EL VENTERO CBV,False
2311,BALONCESTO ALCALA,29,9.73,47.012,False,4,EL VENTERO CBV,False
2312,BALONCESTO ALCALA,91,6.55849999999999,48.27,False,4,EL VENTERO CBV,False
2313,BALONCESTO ALCALA,91,5.9943,45.878,False,4,EL VENTERO CBV,False
2314,BALONCESTO ALCALA,19,32.299,16.763,False,4,EL VENTERO CBV,False
2315,BALONCESTO ALCALA,14,9.02679999999999,57.725,True,4,EL VENTERO CBV,False
2316,BALONCESTO ALCALA,10,5.0776,49.155,False,4,EL VENTERO CBV,False
2317,BALONCESTO ALCALA,3,6.4174,46.508,False,4,EL VENTERO CBV,False
2318,BALONCESTO ALCALA,19,5.9943,49.659,True,4,EL VENTERO CBV,False
2319,BALONCESTO ALCALA,91,4.866,51.802,False,4,EL VENTERO CBV,False
2320,BALONCESTO ALCALA,10,6.9111,48.903,True,4,EL VENTERO CBV,False
2321,BALONCESTO ALCALA,29,5.923,49.785,False,4,EL VENTERO CBV,False
2322,BALONCESTO ALCALA,14,22.214,25.333,False,4,EL VENTERO CBV,False
2323,BALONCESTO ALCALA,4,5.71229999999999,52.054,True,4,EL VENTERO CBV,False
2324,BALONCESTO ALCALA,19,29.478,18.527,False,4,EL VENTERO CBV,False
2325,BALONCESTO ALCALA,19,31.8054,75.749,True,4,EL VENTERO CBV,False
2326,INMOBILIARIA GÁLVEZ SANTA CRUZ,15,24.118,82.051,True,4,NÁUTICO TENERIFE,True
2327,INMOBILIARIA GÁLVEZ SANTA CRUZ,8,30.253,18.023,False,4,NÁUTICO TENERIFE,True
2328,INMOBILIARIA GÁLVEZ SANTA CRUZ,21,7.0521,73.732,False,4,NÁUTICO TENERIFE,True
2329,INMOBILIARIA GÁLVEZ SANTA CRUZ,8,2.1156,95.159,True,4,NÁUTICO TENERIFE,True
2330,INMOBILIARIA GÁLVEZ SANTA CRUZ,14,44.146,55.961,True,4,NÁUTICO TENERIFE,True
2331,INMOBILIARIA GÁLVEZ SANTA CRUZ,21,8.392,44.365,True,4,NÁUTICO TENERIFE,True
2332,INMOBILIARIA GÁLVEZ SANTA CRUZ,24,10.014,41.34,True,4,NÁUTICO TENERIFE,True
2333,INMOBILIARIA GÁLVEZ SANTA CRUZ,21,9.52049999999999,43.735,True,4,NÁUTICO TENERIFE,True
2334,INMOBILIARIA GÁLVEZ SANTA CRUZ,44,30.324,73.732,False,4,NÁUTICO TENERIFE,True
2335,INMOBILIARIA GÁLVEZ SANTA CRUZ,14,31.1,20.922,True,4,NÁUTICO TENERIFE,True
2336,INMOBILIARIA GÁLVEZ SANTA CRUZ,12,8.251,41.84,False,4,NÁUTICO TENERIFE,True
2337,INMOBILIARIA GÁLVEZ SANTA CRUZ,6,5.99439999999999,52.306,True,4,NÁUTICO TENERIFE,True
2338,INMOBILIARIA GÁLVEZ SANTA CRUZ,6,12.552,46.256,False,4,NÁUTICO TENERIFE,True
2339,INMOBILIARIA GÁLVEZ SANTA CRUZ,15,31.5233,31.257,False,4,NÁUTICO TENERIFE,True
2340,INMOBILIARIA GÁLVEZ SANTA CRUZ,15,26.516,82.429,True,4,NÁUTICO TENERIFE,True
2341,INMOBILIARIA GÁLVEZ SANTA CRUZ,6,9.73,50.541,False,4,NÁUTICO TENERIFE,True
2342,INMOBILIARIA GÁLVEZ SANTA CRUZ,15,5.5712,50.793,True,4,NÁUTICO TENERIFE,True
2343,INMOBILIARIA GÁLVEZ SANTA CRUZ,15,9.6615,26.972,False,4,NÁUTICO TENERIFE,True
2344,INMOBILIARIA GÁLVEZ SANTA CRUZ,15,11.98869999999999,71.338,False,4,NÁUTICO TENERIFE,True
2345,INMOBILIARIA GÁLVEZ SANTA CRUZ,15,33.709,32.644,False,4,NÁUTICO TENERIFE,True
2346,INMOBILIARIA GÁLVEZ SANTA CRUZ,14,9.0973,42.979,True,4,NÁUTICO TENERIFE,True
2347,INMOBILIARIA GÁLVEZ SANTA CRUZ,6,8.1,50.289,False,4,NÁUTICO TENERIFE,True
2348,INMOBILIARIA GÁLVEZ SANTA CRUZ,8,26.727,82.681,False,4,NÁUTICO TENERIFE,True
2349,INMOBILIARIA GÁLVEZ SANTA CRUZ,15,3.526,93.016,False,4,NÁUTICO TENERIFE,True
2350,INMOBILIARIA GÁLVEZ SANTA CRUZ,15,19.181,89.865,False,4,NÁUTICO TENERIFE,True
2351,INMOBILIARIA GÁLVEZ SANTA CRUZ,24,7.1932,49.659,True,4,NÁUTICO TENERIFE,True
2352,INMOBILIARIA GÁLVEZ SANTA CRUZ,14,26.445,15.25,True,4,NÁUTICO TENERIFE,True
2353,INMOBILIARIA GÁLVEZ SANTA CRUZ,15,29.407,74.363,False,4,NÁUTICO TENERIFE,True
2354,INMOBILIARIA GÁLVEZ SANTA CRUZ,6,9.9436,49.533,False,4,NÁUTICO TENERIFE,True
2355,INMOBILIARIA GÁLVEZ SANTA CRUZ,6,13.32859999999999,39.45,True,4,NÁUTICO TENERIFE,True
2356,INMOBILIARIA GÁLVEZ SANTA CRUZ,21,4.7249,28.106,True,4,NÁUTICO TENERIFE,True
2357,INMOBILIARIA GÁLVEZ SANTA CRUZ,21,7.545,79.278,False,4,NÁUTICO TENERIFE,True
2358,INMOBILIARIA GÁLVEZ SANTA CRUZ,6,13.046,48.02,True,4,NÁUTICO TENERIFE,True
2359,INMOBILIARIA GÁLVEZ SANTA CRUZ,6,3.7376,51.5,True,4,NÁUTICO TENERIFE,True
2360,INMOBILIARIA GÁLVEZ SANTA CRUZ,21,8.8857,32.1,False,4,NÁUTICO TENERIFE,True
2361,INMOBILIARIA GÁLVEZ SANTA CRUZ,8,10.578,49.029,False,4,NÁUTICO TENERIFE,True
2362,INMOBILIARIA GÁLVEZ SANTA CRUZ,6,11.071,46.508,False,4,NÁUTICO TENERIFE,True
2363,INMOBILIARIA GÁLVEZ SANTA CRUZ,24,10.36669999999999,53.314,False,4,NÁUTICO TENERIFE,True
2364,INMOBILIARIA GÁLVEZ SANTA CRUZ,44,8.8857,92.638,False,4,NÁUTICO TENERIFE,True
2365,INMOBILIARIA GÁLVEZ SANTA CRUZ,13,47.32,19.536,False,4,NÁUTICO TENERIFE,True
2366,INMOBILIARIA GÁLVEZ SANTA CRUZ,7,4.93649999999999,94.655,True,4,NÁUTICO TENERIFE,True
2367,INMOBILIARIA GÁLVEZ SANTA CRUZ,24,10.648,48.146,True,4,NÁUTICO TENERIFE,True
2368,INMOBILIARIA GÁLVEZ SANTA CRUZ,15,28.8434,69.825,False,4,NÁUTICO TENERIFE,True
2369,INMOBILIARIA GÁLVEZ SANTA CRUZ,8,6.9817,8.1925,False,4,NÁUTICO TENERIFE,True
2370,INMOBILIARIA GÁLVEZ SANTA CRUZ,21,32.8632,40.71,False,4,NÁUTICO TENERIFE,True
2371,INMOBILIARIA GÁLVEZ SANTA CRUZ,15,9.87309999999999,5.167,False,4,NÁUTICO TENERIFE,True
2372,INMOBILIARIA GÁLVEZ SANTA CRUZ,21,16.07899999999999,39.45,False,4,NÁUTICO TENERIFE,True
2373,INMOBILIARIA GÁLVEZ SANTA CRUZ,15,6.9817,43.987,True,4,NÁUTICO TENERIFE,True
2374,INMOBILIARIA GÁLVEZ SANTA CRUZ,6,35.895,22.939,False,4,NÁUTICO TENERIFE,True
2375,INMOBILIARIA GÁLVEZ SANTA CRUZ,21,7.96899999999999,29.745,False,4,NÁUTICO TENERIFE,True
2376,INMOBILIARIA GÁLVEZ SANTA CRUZ,44,8.0395,4.5374,False,4,NÁUTICO TENERIFE,True
2377,INMOBILIARIA GÁLVEZ SANTA CRUZ,15,27.57,85.706,True,4,NÁUTICO TENERIFE,True
2378,INMOBILIARIA GÁLVEZ SANTA CRUZ,15,9.167,54.7,True,4,NÁUTICO TENERIFE,True
2379,INMOBILIARIA GÁLVEZ SANTA CRUZ,6,6.06489999999999,48.651,True,4,NÁUTICO TENERIFE,True
2380,INMOBILIARIA GÁLVEZ SANTA CRUZ,15,5.5007,39.576,True,4,NÁUTICO TENERIFE,True
2381,INMOBILIARIA GÁLVEZ SANTA CRUZ,24,6.6996,47.39,False,4,NÁUTICO TENERIFE,True
2382,INMOBILIARIA GÁLVEZ SANTA CRUZ,44,8.6036,4.1592,False,4,NÁUTICO TENERIFE,True
2383,INMOBILIARIA GÁLVEZ SANTA CRUZ,8,5.8533,96.419,False,4,NÁUTICO TENERIFE,True
2384,INMOBILIARIA GÁLVEZ SANTA CRUZ,21,6.488,52.432,True,4,NÁUTICO TENERIFE,True
2385,INMOBILIARIA GÁLVEZ SANTA CRUZ,44,3.3145,2.898,False,4,NÁUTICO TENERIFE,True
2386,INMOBILIARIA GÁLVEZ SANTA CRUZ,6,10.225,50.541,False,4,NÁUTICO TENERIFE,True
2387,INMOBILIARIA GÁLVEZ SANTA CRUZ,44,29.478,19.28,True,4,NÁUTICO TENERIFE,True
2388,NÁUTICO TENERIFE,55,5.641,57.347,True,4,INMOBILIARIA GÁLVEZ SANTA CRUZ,False
2389,NÁUTICO TENERIFE,5,32.369,60.624,False,4,INMOBILIARIA GÁLVEZ SANTA CRUZ,False
2390,NÁUTICO TENERIFE,20,5.2891,67.052,False,4,INMOBILIARIA GÁLVEZ SANTA CRUZ,False
2391,NÁUTICO TENERIFE,5,15.444,26.972,False,4,INMOBILIARIA GÁLVEZ SANTA CRUZ,False
2392,NÁUTICO TENERIFE,3,28.20869999999999,78.522,False,4,INMOBILIARIA GÁLVEZ SANTA CRUZ,False
2393,NÁUTICO TENERIFE,25,6.77,50.919,False,4,INMOBILIARIA GÁLVEZ SANTA CRUZ,False
2394,NÁUTICO TENERIFE,20,27.926,81.421,False,4,INMOBILIARIA GÁLVEZ SANTA CRUZ,False
2395,NÁUTICO TENERIFE,39,28.984,78.396,False,4,INMOBILIARIA GÁLVEZ SANTA CRUZ,False
2396,NÁUTICO TENERIFE,7,7.6868,54.7,True,4,INMOBILIARIA GÁLVEZ SANTA CRUZ,False
2397,NÁUTICO TENERIFE,39,7.2637,97.05,False,4,INMOBILIARIA GÁLVEZ SANTA CRUZ,False
2398,NÁUTICO TENERIFE,5,9.5204,65.792,False,4,INMOBILIARIA GÁLVEZ SANTA CRUZ,False
2399,NÁUTICO TENERIFE,55,4.866,54.07,False,4,INMOBILIARIA GÁLVEZ SANTA CRUZ,False
2400,NÁUTICO TENERIFE,47,8.3215,68.313,False,4,INMOBILIARIA GÁLVEZ SANTA CRUZ,False
2401,NÁUTICO TENERIFE,20,7.1227,57.725,True,4,INMOBILIARIA GÁLVEZ SANTA CRUZ,False
2402,NÁUTICO TENERIFE,20,9.4499,50.541,True,4,INMOBILIARIA GÁLVEZ SANTA CRUZ,False
2403,NÁUTICO TENERIFE,34,30.324,8.5706,False,4,INMOBILIARIA GÁLVEZ SANTA CRUZ,False
2404,NÁUTICO TENERIFE,5,28.349,51.297,False,4,INMOBILIARIA GÁLVEZ SANTA CRUZ,False
2405,NÁUTICO TENERIFE,55,5.5712,68.313,True,4,INMOBILIARIA GÁLVEZ SANTA CRUZ,False
2406,NÁUTICO TENERIFE,39,10.366,41.718,False,4,INMOBILIARIA GÁLVEZ SANTA CRUZ,False
2407,NÁUTICO TENERIFE,20,29.196,18.653,True,4,INMOBILIARIA GÁLVEZ SANTA CRUZ,False
2408,NÁUTICO TENERIFE,39,5.7827,36.551,False,4,INMOBILIARIA GÁLVEZ SANTA CRUZ,False
2409,NÁUTICO TENERIFE,20,12.97,60.75,False,4,INMOBILIARIA GÁLVEZ SANTA CRUZ,False
2410,NÁUTICO TENERIFE,39,11.70659999999999,48.39,True,4,INMOBILIARIA GÁLVEZ SANTA CRUZ,False
2411,NÁUTICO TENERIFE,7,31.029,77.51,True,4,INMOBILIARIA GÁLVEZ SANTA CRUZ,False
2412,NÁUTICO TENERIFE,47,9.449,45.374,True,4,INMOBILIARIA GÁLVEZ SANTA CRUZ,False
2413,NÁUTICO TENERIFE,51,10.225,49.281,True,4,INMOBILIARIA GÁLVEZ SANTA CRUZ,False
2414,NÁUTICO TENERIFE,20,25.74,15.376,True,4,INMOBILIARIA GÁLVEZ SANTA CRUZ,False
2415,NÁUTICO TENERIFE,5,25.387,24.325,False,4,INMOBILIARIA GÁLVEZ SANTA CRUZ,False
2416,NÁUTICO TENERIFE,39,4.231300000000004,60.12,True,4,INMOBILIARIA GÁLVEZ SANTA CRUZ,False
2417,NÁUTICO TENERIFE,5,7.33429999999999,55.835,True,4,INMOBILIARIA GÁLVEZ SANTA CRUZ,False
2418,NÁUTICO TENERIFE,5,30.677,22.56,True,4,INMOBILIARIA GÁLVEZ SANTA CRUZ,False
2419,NÁUTICO TENERIFE,5,22.214,74.867,False,4,INMOBILIARIA GÁLVEZ SANTA CRUZ,False
2420,NÁUTICO TENERIFE,5,6.205,84.194,False,4,INMOBILIARIA GÁLVEZ SANTA CRUZ,False
2421,NÁUTICO TENERIFE,34,34.485,41.592,True,4,INMOBILIARIA GÁLVEZ SANTA CRUZ,False
2422,NÁUTICO TENERIFE,5,26.234,53.566,False,4,INMOBILIARIA GÁLVEZ SANTA CRUZ,False
2423,NÁUTICO TENERIFE,7,29.478,77.135,False,4,INMOBILIARIA GÁLVEZ SANTA CRUZ,False
2424,NÁUTICO TENERIFE,20,11.8477,38.189,False,4,INMOBILIARIA GÁLVEZ SANTA CRUZ,False
2425,NÁUTICO TENERIFE,34,8.8857,55.961,False,4,INMOBILIARIA GÁLVEZ SANTA CRUZ,False
2426,NÁUTICO TENERIFE,5,19.957,39.954,False,4,INMOBILIARIA GÁLVEZ SANTA CRUZ,False
2427,NÁUTICO TENERIFE,3,34.062,50.037,False,4,INMOBILIARIA GÁLVEZ SANTA CRUZ,False
2428,NÁUTICO TENERIFE,39,7.33429999999999,60.75,True,4,INMOBILIARIA GÁLVEZ SANTA CRUZ,False
2429,NÁUTICO TENERIFE,55,8.95629999999999,56.843,False,4,INMOBILIARIA GÁLVEZ SANTA CRUZ,False
2430,NÁUTICO TENERIFE,47,6.5585,40.206,True,4,INMOBILIARIA GÁLVEZ SANTA CRUZ,False
2431,NÁUTICO TENERIFE,39,36.036,23.317,False,4,INMOBILIARIA GÁLVEZ SANTA CRUZ,False
2432,NÁUTICO TENERIFE,5,30.818,24.703,False,4,INMOBILIARIA GÁLVEZ SANTA CRUZ,False
2433,NÁUTICO TENERIFE,20,8.8857,63.145,True,4,INMOBILIARIA GÁLVEZ SANTA CRUZ,False
2434,NÁUTICO TENERIFE,5,23.201,31.509,True,4,INMOBILIARIA GÁLVEZ SANTA CRUZ,False
2435,NÁUTICO TENERIFE,51,5.641,39.198,True,4,INMOBILIARIA GÁLVEZ SANTA CRUZ,False
2436,NÁUTICO TENERIFE,20,9.80249999999999,40.962,True,4,INMOBILIARIA GÁLVEZ SANTA CRUZ,False
2437,NÁUTICO TENERIFE,7,32.299,62.263,True,4,INMOBILIARIA GÁLVEZ SANTA CRUZ,False
2438,NÁUTICO TENERIFE,39,9.5204,65.792,True,4,INMOBILIARIA GÁLVEZ SANTA CRUZ,False
2439,NÁUTICO TENERIFE,5,6.6995,37.307,True,4,INMOBILIARIA GÁLVEZ SANTA CRUZ,False
2440,NÁUTICO TENERIFE,55,6.3469,47.894,True,4,INMOBILIARIA GÁLVEZ SANTA CRUZ,False
2441,NÁUTICO TENERIFE,51,23.554,36.803,True,4,INMOBILIARIA GÁLVEZ SANTA CRUZ,False
2442,NÁUTICO TENERIFE,39,6.488,40.332,True,4,INMOBILIARIA GÁLVEZ SANTA CRUZ,False
2443,NÁUTICO TENERIFE,39,27.785,74.363,False,4,INMOBILIARIA GÁLVEZ SANTA CRUZ,False
2444,NÁUTICO TENERIFE,39,4.16079999999999,50.541,True,4,INMOBILIARIA GÁLVEZ SANTA CRUZ,False
2445,NÁUTICO TENERIFE,7,29.689,19.536,False,4,INMOBILIARIA GÁLVEZ SANTA CRUZ,False
2446,NÁUTICO TENERIFE,51,6.5585,55.331,False,4,INMOBILIARIA GÁLVEZ SANTA CRUZ,False
2447,NÁUTICO TENERIFE,55,4.5839,60.624,False,4,INMOBILIARIA GÁLVEZ SANTA CRUZ,False
2448,NÁUTICO TENERIFE,34,31.5233,28.736,False,4,INMOBILIARIA GÁLVEZ SANTA CRUZ,False
2449,NÁUTICO TENERIFE,25,35.895,46.634,False,4,INMOBILIARIA GÁLVEZ SANTA CRUZ,False
2450,NÁUTICO TENERIFE,47,7.5458,49.029,True,4,INMOBILIARIA GÁLVEZ SANTA CRUZ,False
2451,NÁUTICO TENERIFE,3,10.08459999999999,54.82,False,4,INMOBILIARIA GÁLVEZ SANTA CRUZ,False
2452,NÁUTICO TENERIFE,55,10.36669999999999,46.508,False,4,INMOBILIARIA GÁLVEZ SANTA CRUZ,False
2453,SUMIALKI CB CIUDAD DE MOSTOLES,33,11.5656,60.624,False,4,PROBASKETLAB FUENLABRADA,True
2454,SUMIALKI CB CIUDAD DE MOSTOLES,88,8.95629999999999,31.383,False,4,PROBASKETLAB FUENLABRADA,True
2455,SUMIALKI CB CIUDAD DE MOSTOLES,4,29.266,76.757,False,4,PROBASKETLAB FUENLABRADA,True
2456,SUMIALKI CB CIUDAD DE MOSTOLES,33,6.6996,57.725,True,4,PROBASKETLAB FUENLABRADA,True
2457,SUMIALKI CB CIUDAD DE MOSTOLES,88,19.46,95.915,False,4,PROBASKETLAB FUENLABRADA,True
2458,SUMIALKI CB CIUDAD DE MOSTOLES,22,28.91,84.572,True,4,PROBASKETLAB FUENLABRADA,True
2459,SUMIALKI CB CIUDAD DE MOSTOLES,88,31.1,78.396,False,4,PROBASKETLAB FUENLABRADA,True
2460,SUMIALKI CB CIUDAD DE MOSTOLES,20,36.812,52.306,False,4,PROBASKETLAB FUENLABRADA,True
2461,SUMIALKI CB CIUDAD DE MOSTOLES,22,30.11279999999999,17.645,False,4,PROBASKETLAB FUENLABRADA,True
2462,SUMIALKI CB CIUDAD DE MOSTOLES,15,30.394,14.62,True,4,PROBASKETLAB FUENLABRADA,True
2463,SUMIALKI CB CIUDAD DE MOSTOLES,88,10.437,47.516,True,4,PROBASKETLAB FUENLABRADA,True
2464,SUMIALKI CB CIUDAD DE MOSTOLES,9,12.411,45.12,False,4,PROBASKETLAB FUENLABRADA,True
2465,SUMIALKI CB CIUDAD DE MOSTOLES,9,11.636,3.7811,True,4,PROBASKETLAB FUENLABRADA,True
2466,SUMIALKI CB CIUDAD DE MOSTOLES,4,26.304,88.479,False,4,PROBASKETLAB FUENLABRADA,True
2467,SUMIALKI CB CIUDAD DE MOSTOLES,9,9.59099999999999,41.34,False,4,PROBASKETLAB FUENLABRADA,True
2468,SUMIALKI CB CIUDAD DE MOSTOLES,4,11.21,54.82,False,4,PROBASKETLAB FUENLABRADA,True
2469,SUMIALKI CB CIUDAD DE MOSTOLES,22,30.1834,14.494,False,4,PROBASKETLAB FUENLABRADA,True
2470,SUMIALKI CB CIUDAD DE MOSTOLES,4,31.734,18.401,False,4,PROBASKETLAB FUENLABRADA,True
2471,SUMIALKI CB CIUDAD DE MOSTOLES,9,26.3752,10.209,False,4,PROBASKETLAB FUENLABRADA,True
2472,SUMIALKI CB CIUDAD DE MOSTOLES,33,24.4711,10.335,True,4,PROBASKETLAB FUENLABRADA,True
2473,SUMIALKI CB CIUDAD DE MOSTOLES,4,30.324,80.286,True,4,PROBASKETLAB FUENLABRADA,True
2474,SUMIALKI CB CIUDAD DE MOSTOLES,11,39.069,20.166,False,4,PROBASKETLAB FUENLABRADA,True
2475,SUMIALKI CB CIUDAD DE MOSTOLES,4,15.655,72.724,True,4,PROBASKETLAB FUENLABRADA,True
2476,SUMIALKI CB CIUDAD DE MOSTOLES,88,32.44,78.144,False,4,PROBASKETLAB FUENLABRADA,True
2477,SUMIALKI CB CIUDAD DE MOSTOLES,88,8.95629999999999,31.383,True,4,PROBASKETLAB FUENLABRADA,True
2478,SUMIALKI CB CIUDAD DE MOSTOLES,9,25.74,91.378,False,4,PROBASKETLAB FUENLABRADA,True
2479,SUMIALKI CB CIUDAD DE MOSTOLES,4,8.67419999999999,41.84,False,4,PROBASKETLAB FUENLABRADA,True
2480,SUMIALKI CB CIUDAD DE MOSTOLES,4,6.62909999999999,47.39,True,4,PROBASKETLAB FUENLABRADA,True
2481,SUMIALKI CB CIUDAD DE MOSTOLES,88,12.1298,59.238,False,4,PROBASKETLAB FUENLABRADA,True
2482,SUMIALKI CB CIUDAD DE MOSTOLES,9,30.324,18.275,True,4,PROBASKETLAB FUENLABRADA,True
2483,SUMIALKI CB CIUDAD DE MOSTOLES,88,6.9817,56.843,True,4,PROBASKETLAB FUENLABRADA,True
2484,SUMIALKI CB CIUDAD DE MOSTOLES,13,15.937,6.9321,False,4,PROBASKETLAB FUENLABRADA,True
2485,SUMIALKI CB CIUDAD DE MOSTOLES,88,10.225,46.76,True,4,PROBASKETLAB FUENLABRADA,True
2486,SUMIALKI CB CIUDAD DE MOSTOLES,33,13.258,49.659,False,4,PROBASKETLAB FUENLABRADA,True
2487,SUMIALKI CB CIUDAD DE MOSTOLES,4,29.9013,18.023,True,4,PROBASKETLAB FUENLABRADA,True
2488,SUMIALKI CB CIUDAD DE MOSTOLES,22,16.361,43.483,False,4,PROBASKETLAB FUENLABRADA,True
2489,SUMIALKI CB CIUDAD DE MOSTOLES,4,29.971,16.13,False,4,PROBASKETLAB FUENLABRADA,True
2490,SUMIALKI CB CIUDAD DE MOSTOLES,9,30.253,15.88,False,4,PROBASKETLAB FUENLABRADA,True
2491,SUMIALKI CB CIUDAD DE MOSTOLES,4,9.0973,56.591,True,4,PROBASKETLAB FUENLABRADA,True
2492,SUMIALKI CB CIUDAD DE MOSTOLES,4,11.21,45.626,True,4,PROBASKETLAB FUENLABRADA,True
2493,SUMIALKI CB CIUDAD DE MOSTOLES,88,20.94499999999999,10.335,False,4,PROBASKETLAB FUENLABRADA,True
2494,SUMIALKI CB CIUDAD DE MOSTOLES,9,9.5909,61.12,False,4,PROBASKETLAB FUENLABRADA,True
2495,SUMIALKI CB CIUDAD DE MOSTOLES,12,28.20869999999999,81.925,False,4,PROBASKETLAB FUENLABRADA,True
2496,SUMIALKI CB CIUDAD DE MOSTOLES,88,11.70659999999999,40.584,False,4,PROBASKETLAB FUENLABRADA,True
2497,SUMIALKI CB CIUDAD DE MOSTOLES,9,15.091,19.662,True,4,PROBASKETLAB FUENLABRADA,True
2498,SUMIALKI CB CIUDAD DE MOSTOLES,4,11.142,50.415,False,4,PROBASKETLAB FUENLABRADA,True
2499,SUMIALKI CB CIUDAD DE MOSTOLES,88,9.3088,49.281,True,4,PROBASKETLAB FUENLABRADA,True
2500,SUMIALKI CB CIUDAD DE MOSTOLES,20,31.17,17.141,False,4,PROBASKETLAB FUENLABRADA,True
2501,SUMIALKI CB CIUDAD DE MOSTOLES,9,10.4372,37.811,False,4,PROBASKETLAB FUENLABRADA,True
2502,SUMIALKI CB CIUDAD DE MOSTOLES,9,31.311,20.418,False,4,PROBASKETLAB FUENLABRADA,True
2503,SUMIALKI CB CIUDAD DE MOSTOLES,9,12.411,45.12,False,4,PROBASKETLAB FUENLABRADA,True
2504,SUMIALKI CB CIUDAD DE MOSTOLES,15,9.8025,28.736,False,4,PROBASKETLAB FUENLABRADA,True
2505,SUMIALKI CB CIUDAD DE MOSTOLES,33,8.392,60.498,True,4,PROBASKETLAB FUENLABRADA,True
2506,SUMIALKI CB CIUDAD DE MOSTOLES,4,7.12269999999999,43.735,True,4,PROBASKETLAB FUENLABRADA,True
2507,SUMIALKI CB CIUDAD DE MOSTOLES,4,28.49,87.09,True,4,PROBASKETLAB FUENLABRADA,True
2508,SUMIALKI CB CIUDAD DE MOSTOLES,4,31.664,77.135,True,4,PROBASKETLAB FUENLABRADA,True
2509,SUMIALKI CB CIUDAD DE MOSTOLES,9,6.77009999999999,55.961,False,4,PROBASKETLAB FUENLABRADA,True
2510,SUMIALKI CB CIUDAD DE MOSTOLES,9,33.85,19.28,False,4,PROBASKETLAB FUENLABRADA,True
2511,SUMIALKI CB CIUDAD DE MOSTOLES,20,25.387,87.345,False,4,PROBASKETLAB FUENLABRADA,True
2512,SUMIALKI CB CIUDAD DE MOSTOLES,4,11.001,55.835,False,4,PROBASKETLAB FUENLABRADA,True
2513,SUMIALKI CB CIUDAD DE MOSTOLES,88,27.433,11.343,True,4,PROBASKETLAB FUENLABRADA,True
2514,SUMIALKI CB CIUDAD DE MOSTOLES,15,32.44,78.144,False,4,PROBASKETLAB FUENLABRADA,True
2515,SUMIALKI CB CIUDAD DE MOSTOLES,88,11.071,5.5457,False,4,PROBASKETLAB FUENLABRADA,True
2516,SUMIALKI CB CIUDAD DE MOSTOLES,33,32.228,79.404,True,4,PROBASKETLAB FUENLABRADA,True
2517,SUMIALKI CB CIUDAD DE MOSTOLES,88,4.7955,50.919,True,4,PROBASKETLAB FUENLABRADA,True
2518,SUMIALKI CB CIUDAD DE MOSTOLES,88,8.392,53.188,True,4,PROBASKETLAB FUENLABRADA,True
2519,SUMIALKI CB CIUDAD DE MOSTOLES,20,27.785,13.234,True,4,PROBASKETLAB FUENLABRADA,True
2520,SUMIALKI CB CIUDAD DE MOSTOLES,4,27.9972,17.267,False,4,PROBASKETLAB FUENLABRADA,True
2521,SUMIALKI CB CIUDAD DE MOSTOLES,13,7.33429999999999,39.954,False,4,PROBASKETLAB FUENLABRADA,True
2522,SUMIALKI CB CIUDAD DE MOSTOLES,22,34.485,50.163,False,4,PROBASKETLAB FUENLABRADA,True
2523,SUMIALKI CB CIUDAD DE MOSTOLES,4,8.3215,42.727,True,4,PROBASKETLAB FUENLABRADA,True
2524,SUMIALKI CB CIUDAD DE MOSTOLES,88,8.3215,55.331,False,4,PROBASKETLAB FUENLABRADA,True
2525,SUMIALKI CB CIUDAD DE MOSTOLES,20,10.014,33.274,False,4,PROBASKETLAB FUENLABRADA,True
2526,SUMIALKI CB CIUDAD DE MOSTOLES,12,7.545,51.928,True,4,PROBASKETLAB FUENLABRADA,True
2527,SUMIALKI CB CIUDAD DE MOSTOLES,22,23.906,92.764,False,4,PROBASKETLAB FUENLABRADA,True
2528,SUMIALKI CB CIUDAD DE MOSTOLES,9,8.74469999999999,31.509,False,4,PROBASKETLAB FUENLABRADA,True
2529,SUMIALKI CB CIUDAD DE MOSTOLES,33,8.392,55.331,True,4,PROBASKETLAB FUENLABRADA,True
2530,PROBASKETLAB FUENLABRADA,4,27.5035,86.084,False,4,SUMIALKI CB CIUDAD DE MOSTOLES,False
2531,PROBASKETLAB FUENLABRADA,8,7.4753,46.76,True,4,SUMIALKI CB CIUDAD DE MOSTOLES,False
2532,PROBASKETLAB FUENLABRADA,4,8.3216,43.105,False,4,SUMIALKI CB CIUDAD DE MOSTOLES,False
2533,PROBASKETLAB FUENLABRADA,7,25.599,85.328,False,4,SUMIALKI CB CIUDAD DE MOSTOLES,False
2534,PROBASKETLAB FUENLABRADA,10,11.071,41.97,True,4,SUMIALKI CB CIUDAD DE MOSTOLES,False
2535,PROBASKETLAB FUENLABRADA,13,24.4,86.714,True,4,SUMIALKI CB CIUDAD DE MOSTOLES,False
2536,PROBASKETLAB FUENLABRADA,6,6.5585,94.151,False,4,SUMIALKI CB CIUDAD DE MOSTOLES,False
2537,PROBASKETLAB FUENLABRADA,10,12.693,63.523,False,4,SUMIALKI CB CIUDAD DE MOSTOLES,False
2538,PROBASKETLAB FUENLABRADA,10,11.142,52.558,False,4,SUMIALKI CB CIUDAD DE MOSTOLES,False
2539,PROBASKETLAB FUENLABRADA,8,11.8477,53.062,True,4,SUMIALKI CB CIUDAD DE MOSTOLES,False
2540,PROBASKETLAB FUENLABRADA,8,12.2,42.223,False,4,SUMIALKI CB CIUDAD DE MOSTOLES,False
2541,PROBASKETLAB FUENLABRADA,8,9.4499,51.5,True,4,SUMIALKI CB CIUDAD DE MOSTOLES,False
2542,PROBASKETLAB FUENLABRADA,13,11.21,43.987,False,4,SUMIALKI CB CIUDAD DE MOSTOLES,False
2543,PROBASKETLAB FUENLABRADA,8,10.64879999999999,19.157,False,4,SUMIALKI CB CIUDAD DE MOSTOLES,False
2544,PROBASKETLAB FUENLABRADA,7,26.093,14.998,True,4,SUMIALKI CB CIUDAD DE MOSTOLES,False
2545,PROBASKETLAB FUENLABRADA,9,7.827,47.264,False,4,SUMIALKI CB CIUDAD DE MOSTOLES,False
2546,PROBASKETLAB FUENLABRADA,10,9.167,57.221,True,4,SUMIALKI CB CIUDAD DE MOSTOLES,False
2547,PROBASKETLAB FUENLABRADA,8,8.46259999999999,59.112,True,4,SUMIALKI CB CIUDAD DE MOSTOLES,False
2548,PROBASKETLAB FUENLABRADA,10,8.6037,62.389,False,4,SUMIALKI CB CIUDAD DE MOSTOLES,False
2549,PROBASKETLAB FUENLABRADA,13,34.062,59.238,False,4,SUMIALKI CB CIUDAD DE MOSTOLES,False
2550,PROBASKETLAB FUENLABRADA,6,8.6741,55.205,False,4,SUMIALKI CB CIUDAD DE MOSTOLES,False
2551,PROBASKETLAB FUENLABRADA,5,22.42,5.5457,True,4,SUMIALKI CB CIUDAD DE MOSTOLES,False
2552,PROBASKETLAB FUENLABRADA,8,27.5035,86.084,True,4,SUMIALKI CB CIUDAD DE MOSTOLES,False
2553,PROBASKETLAB FUENLABRADA,13,28.984,16.763,True,4,SUMIALKI CB CIUDAD DE MOSTOLES,False
2554,PROBASKETLAB FUENLABRADA,13,9.9436,41.214,False,4,SUMIALKI CB CIUDAD DE MOSTOLES,False
2555,PROBASKETLAB FUENLABRADA,10,10.789,64.53,False,4,SUMIALKI CB CIUDAD DE MOSTOLES,False
2556,PROBASKETLAB FUENLABRADA,7,8.9562,55.709,True,4,SUMIALKI CB CIUDAD DE MOSTOLES,False
2557,PROBASKETLAB FUENLABRADA,10,22.778,7.6883,True,4,SUMIALKI CB CIUDAD DE MOSTOLES,False
2558,PROBASKETLAB FUENLABRADA,13,20.8,53.818,False,4,SUMIALKI CB CIUDAD DE MOSTOLES,False
2559,PROBASKETLAB FUENLABRADA,13,29.83069999999999,20.418,False,4,SUMIALKI CB CIUDAD DE MOSTOLES,False
2560,PROBASKETLAB FUENLABRADA,5,20.592,25.333,True,4,SUMIALKI CB CIUDAD DE MOSTOLES,False
2561,PROBASKETLAB FUENLABRADA,7,21.2976,5.797,True,4,SUMIALKI CB CIUDAD DE MOSTOLES,False
2562,PROBASKETLAB FUENLABRADA,8,12.55289999999999,73.354,False,4,SUMIALKI CB CIUDAD DE MOSTOLES,False
2563,PROBASKETLAB FUENLABRADA,7,23.272,89.361,True,4,SUMIALKI CB CIUDAD DE MOSTOLES,False
2564,PROBASKETLAB FUENLABRADA,13,23.413,48.52,False,4,SUMIALKI CB CIUDAD DE MOSTOLES,False
2565,PROBASKETLAB FUENLABRADA,5,10.789,45.24,False,4,SUMIALKI CB CIUDAD DE MOSTOLES,False
2566,PROBASKETLAB FUENLABRADA,3,22.778,7.6883,False,4,SUMIALKI CB CIUDAD DE MOSTOLES,False
2567,PROBASKETLAB FUENLABRADA,2,9.52049999999999,7.4363,False,4,SUMIALKI CB CIUDAD DE MOSTOLES,False
2568,PROBASKETLAB FUENLABRADA,4,8.0395,36.551,False,4,SUMIALKI CB CIUDAD DE MOSTOLES,False
2569,PROBASKETLAB FUENLABRADA,7,25.95,10.587,False,4,SUMIALKI CB CIUDAD DE MOSTOLES,False
2570,PROBASKETLAB FUENLABRADA,10,27.433,13.486,True,4,SUMIALKI CB CIUDAD DE MOSTOLES,False
2571,PROBASKETLAB FUENLABRADA,13,12.9055,34.786,False,4,SUMIALKI CB CIUDAD DE MOSTOLES,False
2572,PROBASKETLAB FUENLABRADA,7,37.376,50.919,True,4,SUMIALKI CB CIUDAD DE MOSTOLES,False
2573,PROBASKETLAB FUENLABRADA,8,10.789,57.725,True,4,SUMIALKI CB CIUDAD DE MOSTOLES,False
2574,PROBASKETLAB FUENLABRADA,7,10.789,57.725,False,4,SUMIALKI CB CIUDAD DE MOSTOLES,False
2575,PROBASKETLAB FUENLABRADA,5,16.995,94.403,False,4,SUMIALKI CB CIUDAD DE MOSTOLES,False
2576,PROBASKETLAB FUENLABRADA,6,9.661,58.23,True,4,SUMIALKI CB CIUDAD DE MOSTOLES,False
2577,PROBASKETLAB FUENLABRADA,6,24.118,90.622,False,4,SUMIALKI CB CIUDAD DE MOSTOLES,False
2578,PROBASKETLAB FUENLABRADA,14,25.3173,87.471,False,4,SUMIALKI CB CIUDAD DE MOSTOLES,False
2579,PROBASKETLAB FUENLABRADA,7,6.1354,58.986,True,4,SUMIALKI CB CIUDAD DE MOSTOLES,False
2580,PROBASKETLAB FUENLABRADA,7,10.36669999999999,45.12,False,4,SUMIALKI CB CIUDAD DE MOSTOLES,False
2581,PROBASKETLAB FUENLABRADA,10,30.394,22.43,False,4,SUMIALKI CB CIUDAD DE MOSTOLES,False
2582,PROBASKETLAB FUENLABRADA,3,9.2383,53.818,True,4,SUMIALKI CB CIUDAD DE MOSTOLES,False
2583,PROBASKETLAB FUENLABRADA,13,27.644,13.36,True,4,SUMIALKI CB CIUDAD DE MOSTOLES,False
2584,PROBASKETLAB FUENLABRADA,5,29.83,15.376,False,4,SUMIALKI CB CIUDAD DE MOSTOLES,False
2585,PROBASKETLAB FUENLABRADA,8,8.251,50.919,True,4,SUMIALKI CB CIUDAD DE MOSTOLES,False
2586,PROBASKETLAB FUENLABRADA,10,10.084,53.944,True,4,SUMIALKI CB CIUDAD DE MOSTOLES,False
2587,PROBASKETLAB FUENLABRADA,4,7.96899999999999,56.213,False,4,SUMIALKI CB CIUDAD DE MOSTOLES,False
2588,PROBASKETLAB FUENLABRADA,7,22.9196,5.6717,True,4,SUMIALKI CB CIUDAD DE MOSTOLES,False
2589,PROBASKETLAB FUENLABRADA,4,29.407,79.404,False,4,SUMIALKI CB CIUDAD DE MOSTOLES,False
2590,PROBASKETLAB FUENLABRADA,13,9.661,50.289,True,4,SUMIALKI CB CIUDAD DE MOSTOLES,False
2591,PROBASKETLAB FUENLABRADA,10,10.366,55.331,False,4,SUMIALKI CB CIUDAD DE MOSTOLES,False
2592,PROBASKETLAB FUENLABRADA,7,8.8152,54.574,True,4,SUMIALKI CB CIUDAD DE MOSTOLES,False
2593,PROBASKETLAB FUENLABRADA,13,29.689,79.278,False,4,SUMIALKI CB CIUDAD DE MOSTOLES,False
2594,PROBASKETLAB FUENLABRADA,7,20.098,5.2936,False,4,SUMIALKI CB CIUDAD DE MOSTOLES,False
2595,PROBASKETLAB FUENLABRADA,13,30.324,13.99,True,4,SUMIALKI CB CIUDAD DE MOSTOLES,False
2596,PROBASKETLAB FUENLABRADA,8,8.6037,62.389,True,4,SUMIALKI CB CIUDAD DE MOSTOLES,False
2597,PROBASKETLAB FUENLABRADA,14,24.7532,88.479,True,4,SUMIALKI CB CIUDAD DE MOSTOLES,False
2598,PROBASKETLAB FUENLABRADA,3,10.719,50.793,True,4,SUMIALKI CB CIUDAD DE MOSTOLES,False
2599,PROBASKETLAB FUENLABRADA,2,23.483,88.353,True,4,SUMIALKI CB CIUDAD DE MOSTOLES,False
2600,PROBASKETLAB FUENLABRADA,7,10.296,48.903,True,4,SUMIALKI CB CIUDAD DE MOSTOLES,False
2601,TOBARRA CB,0,27.29,79.782,True,5,CB LA MATANZA,True
2602,TOBARRA CB,10,7.263,48.651,True,5,CB LA MATANZA,True
2603,TOBARRA CB,21,32.369,32.013,False,5,CB LA MATANZA,True
2604,TOBARRA CB,31,11.49509999999999,48.777,False,5,CB LA MATANZA,True
2605,TOBARRA CB,31,10.084,48.146,True,5,CB LA MATANZA,True
2606,TOBARRA CB,91,10.084,93.52,True,5,CB LA MATANZA,True
2607,TOBARRA CB,91,14.73909999999999,51.423,False,5,CB LA MATANZA,True
2608,TOBARRA CB,0,32.299,73.984,False,5,CB LA MATANZA,True
2609,TOBARRA CB,26,6.4175,4.7894,True,5,CB LA MATANZA,True
2610,TOBARRA CB,7,13.046,52.936,False,5,CB LA MATANZA,True
2611,TOBARRA CB,10,33.568,50.289,False,5,CB LA MATANZA,True
2612,TOBARRA CB,28,21.932,51.5,False,5,CB LA MATANZA,True
2613,TOBARRA CB,0,36.318,50.667,True,5,CB LA MATANZA,True
2614,TOBARRA CB,91,12.129,50.793,True,5,CB LA MATANZA,True
2615,TOBARRA CB,91,33.7,50.163,False,5,CB LA MATANZA,True
2616,TOBARRA CB,7,35.895,48.651,True,5,CB LA MATANZA,True
2617,TOBARRA CB,0,35.684,50.667,True,5,CB LA MATANZA,True
2618,TOBARRA CB,21,11.706,29.367,True,5,CB LA MATANZA,True
2619,TOBARRA CB,31,11.495,48.02,True,5,CB LA MATANZA,True
2620,TOBARRA CB,7,32.8632,51.5,True,5,CB LA MATANZA,True
2621,TOBARRA CB,7,11.706,29.367,False,5,CB LA MATANZA,True
2622,TOBARRA CB,0,30.67,70.581,False,5,CB LA MATANZA,True
2623,TOBARRA CB,0,7.96899999999999,51.423,False,5,CB LA MATANZA,True
2624,TOBARRA CB,22,9.661,52.81,True,5,CB LA MATANZA,True
2625,TOBARRA CB,7,12.2,53.818,False,5,CB LA MATANZA,True
2626,TOBARRA CB,0,10.014,53.566,True,5,CB LA MATANZA,True
2627,TOBARRA CB,7,32.933,33.778,False,5,CB LA MATANZA,True
2628,TOBARRA CB,22,37.235,56.591,False,5,CB LA MATANZA,True
2629,TOBARRA CB,0,24.7532,51.171,False,5,CB LA MATANZA,True
2630,TOBARRA CB,91,32.792,20.166,True,5,CB LA MATANZA,True
2631,TOBARRA CB,91,13.681,29.493,False,5,CB LA MATANZA,True
2632,TOBARRA CB,7,8.4626,47.264,True,5,CB LA MATANZA,True
2633,TOBARRA CB,0,8.8857,45.24,True,5,CB LA MATANZA,True
2634,TOBARRA CB,91,25.176,50.667,False,5,CB LA MATANZA,True
2635,TOBARRA CB,91,35.895,59.742,False,5,CB LA MATANZA,True
2636,TOBARRA CB,21,5.148,52.432,True,5,CB LA MATANZA,True
2637,TOBARRA CB,21,26.234,84.698,False,5,CB LA MATANZA,True
2638,TOBARRA CB,91,14.73909999999999,50.289,True,5,CB LA MATANZA,True
2639,TOBARRA CB,21,28.067,23.947,True,5,CB LA MATANZA,True
2640,TOBARRA CB,10,33.7,52.81,True,5,CB LA MATANZA,True
2641,TOBARRA CB,22,12.55289999999999,5.797,True,5,CB LA MATANZA,True
2642,TOBARRA CB,31,23.1312,50.541,True,5,CB LA MATANZA,True
2643,TOBARRA CB,0,30.818,73.102,False,5,CB LA MATANZA,True
2644,TOBARRA CB,91,35.331,31.005,True,5,CB LA MATANZA,True
2645,TOBARRA CB,31,22.778,51.171,False,5,CB LA MATANZA,True
2646,TOBARRA CB,91,7.827,80.79,False,5,CB LA MATANZA,True
2647,TOBARRA CB,91,36.6,45.12,False,5,CB LA MATANZA,True
2648,TOBARRA CB,0,10.366,53.944,True,5,CB LA MATANZA,True
2649,TOBARRA CB,7,33.991,79.404,False,5,CB LA MATANZA,True
2650,TOBARRA CB,91,35.966,60.624,True,5,CB LA MATANZA,True
2651,TOBARRA CB,7,9.873,48.39,False,5,CB LA MATANZA,True
2652,TOBARRA CB,26,30.888,28.484,False,5,CB LA MATANZA,True
2653,TOBARRA CB,31,9.3794,51.171,True,5,CB LA MATANZA,True
2654,TOBARRA CB,7,25.387,16.889,True,5,CB LA MATANZA,True
2655,TOBARRA CB,31,6.62909999999999,49.911,True,5,CB LA MATANZA,True
2656,TOBARRA CB,91,31.664,75.875,False,5,CB LA MATANZA,True
2657,TOBARRA CB,31,13.751,46.76,False,5,CB LA MATANZA,True
2658,TOBARRA CB,7,12.2,44.113,False,5,CB LA MATANZA,True
2659,TOBARRA CB,31,15.0917,48.39,False,5,CB LA MATANZA,True
2660,TOBARRA CB,91,12.97,53.44,False,5,CB LA MATANZA,True
2661,TOBARRA CB,7,11.21,53.566,True,5,CB LA MATANZA,True
2662,TOBARRA CB,7,9.873,44.617,False,5,CB LA MATANZA,True
2663,TOBARRA CB,91,16.07,54.196,False,5,CB LA MATANZA,True
2664,TOBARRA CB,31,11.0014,53.944,False,5,CB LA MATANZA,True
2665,TOBARRA CB,7,9.167,50.037,False,5,CB LA MATANZA,True
2666,TOBARRA CB,91,34.273,56.465,False,5,CB LA MATANZA,True
2667,TOBARRA CB,10,11.21,54.95,False,5,CB LA MATANZA,True
2668,TOBARRA CB,0,17.983,55.961,False,5,CB LA MATANZA,True
2669,TOBARRA CB,28,23.9774,49.659,False,5,CB LA MATANZA,True
2670,TOBARRA CB,28,25.6,50.919,False,5,CB LA MATANZA,True
2671,TOBARRA CB,0,30.253,78.522,False,5,CB LA MATANZA,True
2672,TOBARRA CB,7,13.469,50.541,True,5,CB LA MATANZA,True
2673,CB LA MATANZA,14,30.67,72.472,True,5,TOBARRA CB,False
2674,CB LA MATANZA,0,11.001,48.27,True,5,TOBARRA CB,False
2675,CB LA MATANZA,23,32.44,26.846,True,5,TOBARRA CB,False
2676,CB LA MATANZA,7,31.17,73.732,False,5,TOBARRA CB,False
2677,CB LA MATANZA,0,12.411,52.306,False,5,TOBARRA CB,False
2678,CB LA MATANZA,7,29.478,28.358,False,5,TOBARRA CB,False
2679,CB LA MATANZA,7,9.3794,55.709,False,5,TOBARRA CB,False
2680,CB LA MATANZA,23,22.7,48.651,False,5,TOBARRA CB,False
2681,CB LA MATANZA,0,9.52049999999999,48.27,True,5,TOBARRA CB,False
2682,CB LA MATANZA,1,17.418,28.61,True,5,TOBARRA CB,False
2683,CB LA MATANZA,9,6.55849999999999,4.4113,True,5,TOBARRA CB,False
2684,CB LA MATANZA,10,11.001,48.146,False,5,TOBARRA CB,False
2685,CB LA MATANZA,11,26.375,8.066,False,5,TOBARRA CB,False
2686,CB LA MATANZA,7,37.658,59.742,False,5,TOBARRA CB,False
2687,CB LA MATANZA,14,8.392,41.088,False,5,TOBARRA CB,False
2688,CB LA MATANZA,23,29.689,84.824,True,5,TOBARRA CB,False
2689,CB LA MATANZA,0,9.732,45.878,False,5,TOBARRA CB,False
2690,CB LA MATANZA,72,9.3794,55.709,True,5,TOBARRA CB,False
2691,CB LA MATANZA,0,12.2,4.7894,False,5,TOBARRA CB,False
2692,CB LA MATANZA,72,7.96899999999999,53.062,False,5,TOBARRA CB,False
2693,CB LA MATANZA,11,8.18049999999999,92.638,False,5,TOBARRA CB,False
2694,CB LA MATANZA,23,20.1692,91.252,False,5,TOBARRA CB,False
2695,CB LA MATANZA,72,9.167,72.724,False,5,TOBARRA CB,False
2696,CB LA MATANZA,72,7.96899999999999,53.062,True,5,TOBARRA CB,False
2697,CB LA MATANZA,14,9.167,72.724,True,5,TOBARRA CB,False
2698,CB LA MATANZA,72,8.6037,46.886,True,5,TOBARRA CB,False
2699,CB LA MATANZA,11,29.196,21.3,False,5,TOBARRA CB,False
2700,CB LA MATANZA,10,23.342,90.24,False,5,TOBARRA CB,False
2701,CB LA MATANZA,10,31.664,82.303,True,5,TOBARRA CB,False
2702,CB LA MATANZA,7,6.9817,49.911,True,5,TOBARRA CB,False
2703,CB LA MATANZA,0,10.296,55.079,True,5,TOBARRA CB,False
2704,CB LA MATANZA,11,30.888,82.681,False,5,TOBARRA CB,False
2705,CB LA MATANZA,11,11.424,71.842,True,5,TOBARRA CB,False
2706,CB LA MATANZA,23,7.827,55.583,False,5,TOBARRA CB,False
2707,CB LA MATANZA,23,31.241,78.018,False,5,TOBARRA CB,False
2708,CB LA MATANZA,23,34.626,31.887,True,5,TOBARRA CB,False
2709,CB LA MATANZA,23,12.059,53.062,False,5,TOBARRA CB,False
2710,CB LA MATANZA,7,11.424,45.24,True,5,TOBARRA CB,False
2711,CB LA MATANZA,0,6.9111,53.566,True,5,TOBARRA CB,False
2712,CB LA MATANZA,23,7.12269999999999,43.357,True,5,TOBARRA CB,False
2713,CB LA MATANZA,23,10.86039999999999,48.651,False,5,TOBARRA CB,False
2714,CB LA MATANZA,7,34.555,50.163,True,5,TOBARRA CB,False
2715,CB LA MATANZA,0,11.565,54.322,False,5,TOBARRA CB,False
2716,CB LA MATANZA,9,12.482,5.0415,True,5,TOBARRA CB,False
2717,CB LA MATANZA,11,32.933,80.917,False,5,TOBARRA CB,False
2718,CB LA MATANZA,23,24.612,43.483,True,5,TOBARRA CB,False
2719,CB LA MATANZA,72,7.7574,49.533,True,5,TOBARRA CB,False
2720,CB LA MATANZA,7,27.926,73.606,False,5,TOBARRA CB,False
2721,CB LA MATANZA,14,37.94,55.709,False,5,TOBARRA CB,False
2722,CB LA MATANZA,23,10.93,48.52,False,5,TOBARRA CB,False
2723,CB LA MATANZA,11,11.636,95.915,False,5,TOBARRA CB,False
2724,CB LA MATANZA,9,14.668,95.663,False,5,TOBARRA CB,False
2725,CB LA MATANZA,23,10.578,43.735,False,5,TOBARRA CB,False
2726,CB LA MATANZA,7,33.709,66.8,False,5,TOBARRA CB,False
2727,CB LA MATANZA,23,33.638,53.062,False,5,TOBARRA CB,False
2728,CB LA MATANZA,14,12.2,27.98,True,5,TOBARRA CB,False
2729,CB LA MATANZA,14,32.29,76.757,False,5,TOBARRA CB,False
2730,CB LA MATANZA,9,26.163,85.454,False,5,TOBARRA CB,False
2731,CB LA MATANZA,23,8.3216,56.843,False,5,TOBARRA CB,False
2732,CB LA MATANZA,14,11.636,95.915,True,5,TOBARRA CB,False
2733,CB LA MATANZA,1,30.67,85.58,True,5,TOBARRA CB,False
2734,CB LA MATANZA,23,12.3413,51.928,False,5,TOBARRA CB,False
2735,CB LA MATANZA,14,12.411,73.102,False,5,TOBARRA CB,False
2736,CB LA MATANZA,10,31.8054,28.358,True,5,TOBARRA CB,False
2737,CB LA MATANZA,0,28.067,18.653,False,5,TOBARRA CB,False
2738,CB LA MATANZA,9,7.193200000000004,55.457,False,5,TOBARRA CB,False
2739,CB LA MATANZA,23,6.1354,55.457,True,5,TOBARRA CB,False
2740,CB LA MATANZA,9,9.3088,95.537,True,5,TOBARRA CB,False
2741,CB LA MATANZA,23,34.696,70.203,False,5,TOBARRA CB,False
2742,CB LA MATANZA,0,9.3794,55.331,True,5,TOBARRA CB,False
2743,CB LA MATANZA,0,30.818,72.472,True,5,TOBARRA CB,False
2744,CB LA MATANZA,23,8.0395,50.919,False,5,TOBARRA CB,False
2745,CESUR DISTRITO OLIMPICO,5,6.9817,53.692,True,5,EL VENTERO CBV,True
2746,CESUR DISTRITO OLIMPICO,2,9.873,50.289,False,5,EL VENTERO CBV,True
2747,CESUR DISTRITO OLIMPICO,70,7.263,52.81,False,5,EL VENTERO CBV,True
2748,CESUR DISTRITO OLIMPICO,10,29.548,56.969,False,5,EL VENTERO CBV,True
2749,CESUR DISTRITO OLIMPICO,25,8.5331,48.52,True,5,EL VENTERO CBV,True
2750,CESUR DISTRITO OLIMPICO,5,7.545,57.095,False,5,EL VENTERO CBV,True
2751,CESUR DISTRITO OLIMPICO,25,9.661,52.81,True,5,EL VENTERO CBV,True
2752,CESUR DISTRITO OLIMPICO,25,8.67419999999999,45.5,True,5,EL VENTERO CBV,True
2753,CESUR DISTRITO OLIMPICO,41,28.631,17.519,True,5,EL VENTERO CBV,True
2754,CESUR DISTRITO OLIMPICO,25,13.9633,47.642,False,5,EL VENTERO CBV,True
2755,CESUR DISTRITO OLIMPICO,25,10.2257,51.171,True,5,EL VENTERO CBV,True
2756,CESUR DISTRITO OLIMPICO,2,11.5656,50.793,False,5,EL VENTERO CBV,True
2757,CESUR DISTRITO OLIMPICO,14,19.534,52.18,True,5,EL VENTERO CBV,True
2758,CESUR DISTRITO OLIMPICO,41,23.483,34.282,False,5,EL VENTERO CBV,True
2759,CESUR DISTRITO OLIMPICO,10,25.6,14.62,True,5,EL VENTERO CBV,True
2760,CESUR DISTRITO OLIMPICO,16,27.29,12.351,False,5,EL VENTERO CBV,True
2761,CESUR DISTRITO OLIMPICO,16,24.7532,13.36,False,5,EL VENTERO CBV,True
2762,CESUR DISTRITO OLIMPICO,25,8.8857,42.853,False,5,EL VENTERO CBV,True
2763,CESUR DISTRITO OLIMPICO,70,7.545,50.541,True,5,EL VENTERO CBV,True
2764,CESUR DISTRITO OLIMPICO,10,24.3,10.209,False,5,EL VENTERO CBV,True
2765,CESUR DISTRITO OLIMPICO,16,11.21299999999999,43.987,False,5,EL VENTERO CBV,True
2766,CESUR DISTRITO OLIMPICO,5,10.64879999999999,48.651,True,5,EL VENTERO CBV,True
2767,CESUR DISTRITO OLIMPICO,33,29.689,23.443,False,5,EL VENTERO CBV,True
2768,CESUR DISTRITO OLIMPICO,25,5.7122,54.322,True,5,EL VENTERO CBV,True
2769,CESUR DISTRITO OLIMPICO,70,7.545,57.095,True,5,EL VENTERO CBV,True
2770,CESUR DISTRITO OLIMPICO,2,13.11709999999999,54.448,False,5,EL VENTERO CBV,True
2771,CESUR DISTRITO OLIMPICO,70,8.67419999999999,60.876,False,5,EL VENTERO CBV,True
2772,CESUR DISTRITO OLIMPICO,14,16.361,7.9404,False,5,EL VENTERO CBV,True
2773,CESUR DISTRITO OLIMPICO,5,6.4175,58.23,False,5,EL VENTERO CBV,True
2774,CESUR DISTRITO OLIMPICO,41,31.382,68.691,True,5,EL VENTERO CBV,True
2775,CESUR DISTRITO OLIMPICO,2,9.0973,50.037,True,5,EL VENTERO CBV,True
2776,CESUR DISTRITO OLIMPICO,13,27.926,81.925,False,5,EL VENTERO CBV,True
2777,CESUR DISTRITO OLIMPICO,15,6.3469,54.95,True,5,EL VENTERO CBV,True
2778,CESUR DISTRITO OLIMPICO,2,18.5472,4.5374,False,5,EL VENTERO CBV,True
2779,CESUR DISTRITO OLIMPICO,33,29.196,21.93,False,5,EL VENTERO CBV,True
2780,CESUR DISTRITO OLIMPICO,25,9.238,49.911,False,5,EL VENTERO CBV,True
2781,CESUR DISTRITO OLIMPICO,14,8.67419999999999,60.876,False,5,EL VENTERO CBV,True
2782,CESUR DISTRITO OLIMPICO,2,18.97,95.033,True,5,EL VENTERO CBV,True
2783,CESUR DISTRITO OLIMPICO,10,13.1876,51.423,True,5,EL VENTERO CBV,True
2784,CESUR DISTRITO OLIMPICO,70,7.8279,57.97,False,5,EL VENTERO CBV,True
2785,CESUR DISTRITO OLIMPICO,16,14.95,38.8,False,5,EL VENTERO CBV,True
2786,CESUR DISTRITO OLIMPICO,15,7.545,51.928,True,5,EL VENTERO CBV,True
2787,CESUR DISTRITO OLIMPICO,41,14.315,90.496,False,5,EL VENTERO CBV,True
2788,CESUR DISTRITO OLIMPICO,13,9.5909,34.786,False,5,EL VENTERO CBV,True
2789,CESUR DISTRITO OLIMPICO,10,8.6741,54.448,False,5,EL VENTERO CBV,True
2790,CESUR DISTRITO OLIMPICO,14,10.5078,47.264,False,5,EL VENTERO CBV,True
2791,CESUR DISTRITO OLIMPICO,25,12.97,47.138,False,5,EL VENTERO CBV,True
2792,CESUR DISTRITO OLIMPICO,5,10.36669999999999,57.599,False,5,EL VENTERO CBV,True
2793,CESUR DISTRITO OLIMPICO,15,7.6868,52.432,False,5,EL VENTERO CBV,True
2794,CESUR DISTRITO OLIMPICO,2,5.4301,93.64,False,5,EL VENTERO CBV,True
2795,CESUR DISTRITO OLIMPICO,2,6.84059999999999,57.851,False,5,EL VENTERO CBV,True
2796,CESUR DISTRITO OLIMPICO,5,7.8279,49.407,True,5,EL VENTERO CBV,True
2797,CESUR DISTRITO OLIMPICO,5,6.77009999999999,37.055,False,5,EL VENTERO CBV,True
2798,CESUR DISTRITO OLIMPICO,16,18.8293,47.012,False,5,EL VENTERO CBV,True
2799,CESUR DISTRITO OLIMPICO,2,7.96899999999999,78.144,False,5,EL VENTERO CBV,True
2800,CESUR DISTRITO OLIMPICO,70,7.05219999999999,56.843,False,5,EL VENTERO CBV,True
2801,CESUR DISTRITO OLIMPICO,70,9.873,6.0498,False,5,EL VENTERO CBV,True
2802,CESUR DISTRITO OLIMPICO,5,10.225,51.045,False,5,EL VENTERO CBV,True
2803,CESUR DISTRITO OLIMPICO,33,25.3173,16.25,True,5,EL VENTERO CBV,True
2804,CESUR DISTRITO OLIMPICO,2,5.923,92.89,False,5,EL VENTERO CBV,True
2805,CESUR DISTRITO OLIMPICO,13,12.76449999999999,4.2853,False,5,EL VENTERO CBV,True
2806,CESUR DISTRITO OLIMPICO,10,29.548,18.275,False,5,EL VENTERO CBV,True
2807,CESUR DISTRITO OLIMPICO,5,11.2835,38.189,True,5,EL VENTERO CBV,True
2808,CESUR DISTRITO OLIMPICO,33,34.908,49.911,False,5,EL VENTERO CBV,True
2809,CESUR DISTRITO OLIMPICO,33,41.043,50.037,False,5,EL VENTERO CBV,True
2810,CESUR DISTRITO OLIMPICO,16,9.3794,49.785,True,5,EL VENTERO CBV,True
2811,CESUR DISTRITO OLIMPICO,14,27.785,11.973,False,5,EL VENTERO CBV,True
2812,CESUR DISTRITO OLIMPICO,16,19.746,90.748,False,5,EL VENTERO CBV,True
2813,CESUR DISTRITO OLIMPICO,13,9.5909,46.13,True,5,EL VENTERO CBV,True
2814,CESUR DISTRITO OLIMPICO,70,6.488,15.628,False,5,EL VENTERO CBV,True
2815,EL VENTERO CBV,22,12.83,6.8061,False,5,CESUR DISTRITO OLIMPICO,False
2816,EL VENTERO CBV,3,11.918,48.903,False,5,CESUR DISTRITO OLIMPICO,False
2817,EL VENTERO CBV,15,30.959,19.157,False,5,CESUR DISTRITO OLIMPICO,False
2818,EL VENTERO CBV,0,3.526,52.684,True,5,CESUR DISTRITO OLIMPICO,False
2819,EL VENTERO CBV,41,11.35,52.936,True,5,CESUR DISTRITO OLIMPICO,False
2820,EL VENTERO CBV,3,14.66849999999999,92.512,True,5,CESUR DISTRITO OLIMPICO,False
2821,EL VENTERO CBV,10,27.856,78.648,True,5,CESUR DISTRITO OLIMPICO,False
2822,EL VENTERO CBV,10,7.12269999999999,50.289,False,5,CESUR DISTRITO OLIMPICO,False
2823,EL VENTERO CBV,22,13.822,92.764,False,5,CESUR DISTRITO OLIMPICO,False
2824,EL VENTERO CBV,0,8.6036,51.802,True,5,CESUR DISTRITO OLIMPICO,False
2825,EL VENTERO CBV,41,15.796,50.793,False,5,CESUR DISTRITO OLIMPICO,False
2826,EL VENTERO CBV,22,4.3018,92.764,False,5,CESUR DISTRITO OLIMPICO,False
2827,EL VENTERO CBV,18,5.8533,56.591,False,5,CESUR DISTRITO OLIMPICO,False
2828,EL VENTERO CBV,10,33.356,28.232,False,5,CESUR DISTRITO OLIMPICO,False
2829,EL VENTERO CBV,18,9.3794,58.986,False,5,CESUR DISTRITO OLIMPICO,False
2830,EL VENTERO CBV,3,7.12269999999999,3.9072,True,5,CESUR DISTRITO OLIMPICO,False
2831,EL VENTERO CBV,0,26.0931,82.681,False,5,CESUR DISTRITO OLIMPICO,False
2832,EL VENTERO CBV,0,7.545,2.898,True,5,CESUR DISTRITO OLIMPICO,False
2833,EL VENTERO CBV,18,5.641,48.903,True,5,CESUR DISTRITO OLIMPICO,False
2834,EL VENTERO CBV,10,20.521,90.496,False,5,CESUR DISTRITO OLIMPICO,False
2835,EL VENTERO CBV,22,8.74469999999999,61.759,False,5,CESUR DISTRITO OLIMPICO,False
2836,EL VENTERO CBV,0,29.196,21.048,True,5,CESUR DISTRITO OLIMPICO,False
2837,EL VENTERO CBV,0,6.06489999999999,50.667,True,5,CESUR DISTRITO OLIMPICO,False
2838,EL VENTERO CBV,0,8.8152,54.322,True,5,CESUR DISTRITO OLIMPICO,False
2839,EL VENTERO CBV,18,7.1932,58.608,False,5,CESUR DISTRITO OLIMPICO,False
2840,EL VENTERO CBV,41,7.545,94.907,False,5,CESUR DISTRITO OLIMPICO,False
2841,EL VENTERO CBV,11,10.93,42.979,False,5,CESUR DISTRITO OLIMPICO,False
2842,EL VENTERO CBV,11,9.732,45.752,False,5,CESUR DISTRITO OLIMPICO,False
2843,EL VENTERO CBV,10,25.811,83.81,False,5,CESUR DISTRITO OLIMPICO,False
2844,EL VENTERO CBV,0,7.9689,49.407,True,5,CESUR DISTRITO OLIMPICO,False
2845,EL VENTERO CBV,10,17.489,58.23,True,5,CESUR DISTRITO OLIMPICO,False
2846,EL VENTERO CBV,18,7.545,45.374,True,5,CESUR DISTRITO OLIMPICO,False
2847,EL VENTERO CBV,10,22.99,91.63,False,5,CESUR DISTRITO OLIMPICO,False
2848,EL VENTERO CBV,10,34.344,51.171,True,5,CESUR DISTRITO OLIMPICO,False
2849,EL VENTERO CBV,3,6.62909999999999,49.785,True,5,CESUR DISTRITO OLIMPICO,False
2850,EL VENTERO CBV,3,13.4697,94.529,True,5,CESUR DISTRITO OLIMPICO,False
2851,EL VENTERO CBV,41,28.561,19.031,False,5,CESUR DISTRITO OLIMPICO,False
2852,EL VENTERO CBV,10,13.117,92.89,True,5,CESUR DISTRITO OLIMPICO,False
2853,EL VENTERO CBV,41,6.9111,57.347,True,5,CESUR DISTRITO OLIMPICO,False
2854,EL VENTERO CBV,27,11.001,93.773,True,5,CESUR DISTRITO OLIMPICO,False
2855,EL VENTERO CBV,41,14.033,66.296,False,5,CESUR DISTRITO OLIMPICO,False
2856,EL VENTERO CBV,3,30.183,75.245,False,5,CESUR DISTRITO OLIMPICO,False
2857,EL VENTERO CBV,0,30.606,69.069,False,5,CESUR DISTRITO OLIMPICO,False
2858,EL VENTERO CBV,41,22.28489999999999,29.871,False,5,CESUR DISTRITO OLIMPICO,False
2859,EL VENTERO CBV,0,9.026,55.709,False,5,CESUR DISTRITO OLIMPICO,False
2860,EL VENTERO CBV,27,34.9788,57.473,False,5,CESUR DISTRITO OLIMPICO,False
2861,EL VENTERO CBV,0,32.228,37.685,False,5,CESUR DISTRITO OLIMPICO,False
2862,EL VENTERO CBV,41,6.9816,55.079,True,5,CESUR DISTRITO OLIMPICO,False
2863,EL VENTERO CBV,41,29.3371,15.124,True,5,CESUR DISTRITO OLIMPICO,False
2864,EL VENTERO CBV,10,8.18049999999999,52.936,True,5,CESUR DISTRITO OLIMPICO,False
2865,EL VENTERO CBV,22,33.709,51.045,True,5,CESUR DISTRITO OLIMPICO,False
2866,NÁUTICO TENERIFE,1,31.45269999999999,75.875,False,5,GRUPO INTERBUS ALCOBENDAS,True
2867,NÁUTICO TENERIFE,44,7.68689999999999,56.717,False,5,GRUPO INTERBUS ALCOBENDAS,True
2868,NÁUTICO TENERIFE,55,34.767,55.457,False,5,GRUPO INTERBUS ALCOBENDAS,True
2869,NÁUTICO TENERIFE,51,10.86,27.854,False,5,GRUPO INTERBUS ALCOBENDAS,True
2870,NÁUTICO TENERIFE,44,6.135,44.239,True,5,GRUPO INTERBUS ALCOBENDAS,True
2871,NÁUTICO TENERIFE,23,13.751,57.473,False,5,GRUPO INTERBUS ALCOBENDAS,True
2872,NÁUTICO TENERIFE,13,9.661,6.554,False,5,GRUPO INTERBUS ALCOBENDAS,True
2873,NÁUTICO TENERIFE,44,18.758,66.422,False,5,GRUPO INTERBUS ALCOBENDAS,True
2874,NÁUTICO TENERIFE,5,19.181,45.752,False,5,GRUPO INTERBUS ALCOBENDAS,True
2875,NÁUTICO TENERIFE,18,27.856,83.94,True,5,GRUPO INTERBUS ALCOBENDAS,True
2876,NÁUTICO TENERIFE,18,31.2412,22.813,False,5,GRUPO INTERBUS ALCOBENDAS,True
2877,NÁUTICO TENERIFE,1,17.91259999999999,53.566,False,5,GRUPO INTERBUS ALCOBENDAS,True
2878,NÁUTICO TENERIFE,55,7.404,34.534,True,5,GRUPO INTERBUS ALCOBENDAS,True
2879,NÁUTICO TENERIFE,5,8.25109999999999,5.0415,True,5,GRUPO INTERBUS ALCOBENDAS,True
2880,NÁUTICO TENERIFE,5,21.22709999999999,38.946,False,5,GRUPO INTERBUS ALCOBENDAS,True
2881,NÁUTICO TENERIFE,7,22.496,6.1759,True,5,GRUPO INTERBUS ALCOBENDAS,True
2882,NÁUTICO TENERIFE,18,9.9436,42.727,False,5,GRUPO INTERBUS ALCOBENDAS,True
2883,NÁUTICO TENERIFE,13,28.067,9.0748,False,5,GRUPO INTERBUS ALCOBENDAS,True
2884,NÁUTICO TENERIFE,1,31.946,19.28,True,5,GRUPO INTERBUS ALCOBENDAS,True
2885,NÁUTICO TENERIFE,5,17.912,68.061,False,5,GRUPO INTERBUS ALCOBENDAS,True
2886,NÁUTICO TENERIFE,18,27.2214,16.511,True,5,GRUPO INTERBUS ALCOBENDAS,True
2887,NÁUTICO TENERIFE,1,35.825,51.67,False,5,GRUPO INTERBUS ALCOBENDAS,True
2888,NÁUTICO TENERIFE,39,5.923,50.919,True,5,GRUPO INTERBUS ALCOBENDAS,True
2889,NÁUTICO TENERIFE,51,7.05219999999999,69.825,True,5,GRUPO INTERBUS ALCOBENDAS,True
2890,NÁUTICO TENERIFE,18,35.754,49.281,True,5,GRUPO INTERBUS ALCOBENDAS,True
2891,NÁUTICO TENERIFE,44,7.6868,31.383,False,5,GRUPO INTERBUS ALCOBENDAS,True
2892,NÁUTICO TENERIFE,1,30.042,18.023,False,5,GRUPO INTERBUS ALCOBENDAS,True
2893,NÁUTICO TENERIFE,39,4.7249,52.432,True,5,GRUPO INTERBUS ALCOBENDAS,True
2894,NÁUTICO TENERIFE,5,32.29,76.631,False,5,GRUPO INTERBUS ALCOBENDAS,True
2895,NÁUTICO TENERIFE,3,24.753,8.1925,True,5,GRUPO INTERBUS ALCOBENDAS,True
2896,NÁUTICO TENERIFE,5,21.08,57.473,False,5,GRUPO INTERBUS ALCOBENDAS,True
2897,NÁUTICO TENERIFE,5,32.29,17.897,False,5,GRUPO INTERBUS ALCOBENDAS,True
2898,NÁUTICO TENERIFE,55,11.35,46.886,False,5,GRUPO INTERBUS ALCOBENDAS,True
2899,NÁUTICO TENERIFE,51,6.55849999999999,58.734,False,5,GRUPO INTERBUS ALCOBENDAS,True
2900,NÁUTICO TENERIFE,18,31.311,79.53,False,5,GRUPO INTERBUS ALCOBENDAS,True
2901,NÁUTICO TENERIFE,7,5.5007,36.173,True,5,GRUPO INTERBUS ALCOBENDAS,True
2902,NÁUTICO TENERIFE,7,27.785,17.771,False,5,GRUPO INTERBUS ALCOBENDAS,True
2903,NÁUTICO TENERIFE,55,10.719,32.896,True,5,GRUPO INTERBUS ALCOBENDAS,True
2904,NÁUTICO TENERIFE,7,29.6192,81.925,True,5,GRUPO INTERBUS ALCOBENDAS,True
2905,NÁUTICO TENERIFE,18,30.888,78.774,False,5,GRUPO INTERBUS ALCOBENDAS,True
2906,NÁUTICO TENERIFE,51,13.681,74.23,False,5,GRUPO INTERBUS ALCOBENDAS,True
2907,NÁUTICO TENERIFE,55,13.3991,37.559,False,5,GRUPO INTERBUS ALCOBENDAS,True
2908,NÁUTICO TENERIFE,39,5.5007,36.173,False,5,GRUPO INTERBUS ALCOBENDAS,True
2909,NÁUTICO TENERIFE,51,16.9958,39.072,False,5,GRUPO INTERBUS ALCOBENDAS,True
2910,NÁUTICO TENERIFE,3,12.83499999999999,38.56,False,5,GRUPO INTERBUS ALCOBENDAS,True
2911,NÁUTICO TENERIFE,1,24.18899999999999,8.3185,True,5,GRUPO INTERBUS ALCOBENDAS,True
2912,NÁUTICO TENERIFE,1,13.04649999999999,51.802,False,5,GRUPO INTERBUS ALCOBENDAS,True
2913,NÁUTICO TENERIFE,7,9.8025,95.285,False,5,GRUPO INTERBUS ALCOBENDAS,True
2914,NÁUTICO TENERIFE,13,7.7574,4.5374,True,5,GRUPO INTERBUS ALCOBENDAS,True
2915,NÁUTICO TENERIFE,7,34.9788,69.195,False,5,GRUPO INTERBUS ALCOBENDAS,True
2916,NÁUTICO TENERIFE,7,7.6868,7.8144,True,5,GRUPO INTERBUS ALCOBENDAS,True
2917,NÁUTICO TENERIFE,7,27.7151,10.713,False,5,GRUPO INTERBUS ALCOBENDAS,True
2918,NÁUTICO TENERIFE,55,19.04,39.576,False,5,GRUPO INTERBUS ALCOBENDAS,True
2919,NÁUTICO TENERIFE,39,15.655,25.081,False,5,GRUPO INTERBUS ALCOBENDAS,True
2920,NÁUTICO TENERIFE,51,17.70099999999999,79.53,False,5,GRUPO INTERBUS ALCOBENDAS,True
2921,NÁUTICO TENERIFE,44,5.923,64.91,False,5,GRUPO INTERBUS ALCOBENDAS,True
2922,NÁUTICO TENERIFE,5,19.3935,56.717,False,5,GRUPO INTERBUS ALCOBENDAS,True
2923,NÁUTICO TENERIFE,51,35.19,61.633,False,5,GRUPO INTERBUS ALCOBENDAS,True
2924,NÁUTICO TENERIFE,55,9.661,65.036,True,5,GRUPO INTERBUS ALCOBENDAS,True
2925,NÁUTICO TENERIFE,44,6.4174,45.12,True,5,GRUPO INTERBUS ALCOBENDAS,True
2926,NÁUTICO TENERIFE,1,33.497,71.08,False,5,GRUPO INTERBUS ALCOBENDAS,True
2927,NÁUTICO TENERIFE,39,28.772,49.029,False,5,GRUPO INTERBUS ALCOBENDAS,True
2928,GRUPO INTERBUS ALCOBENDAS,4,28.8434,80.917,False,5,NÁUTICO TENERIFE,False
2929,GRUPO INTERBUS ALCOBENDAS,77,29.3371,16.13,False,5,NÁUTICO TENERIFE,False
2930,GRUPO INTERBUS ALCOBENDAS,41,17.066,74.11,False,5,NÁUTICO TENERIFE,False
2931,GRUPO INTERBUS ALCOBENDAS,5,32.44,73.606,False,5,NÁUTICO TENERIFE,False
2932,GRUPO INTERBUS ALCOBENDAS,41,16.854,40.08,False,5,NÁUTICO TENERIFE,False
2933,GRUPO INTERBUS ALCOBENDAS,33,12.341,29.367,False,5,NÁUTICO TENERIFE,False
2934,GRUPO INTERBUS ALCOBENDAS,16,8.0395,76.757,True,5,NÁUTICO TENERIFE,False
2935,GRUPO INTERBUS ALCOBENDAS,41,8.46259999999999,65.54,True,5,NÁUTICO TENERIFE,False
2936,GRUPO INTERBUS ALCOBENDAS,24,14.17489999999999,67.8,False,5,NÁUTICO TENERIFE,False
2937,GRUPO INTERBUS ALCOBENDAS,41,17.34839999999999,40.836,True,5,NÁUTICO TENERIFE,False
2938,GRUPO INTERBUS ALCOBENDAS,17,7.05219999999999,94.781,False,5,NÁUTICO TENERIFE,False
2939,GRUPO INTERBUS ALCOBENDAS,16,12.059,61.38,False,5,NÁUTICO TENERIFE,False
2940,GRUPO INTERBUS ALCOBENDAS,14,5.50069999999999,96.167,False,5,NÁUTICO TENERIFE,False
2941,GRUPO INTERBUS ALCOBENDAS,41,12.341,77.009,True,5,NÁUTICO TENERIFE,False
2942,GRUPO INTERBUS ALCOBENDAS,4,28.631,18.905,True,5,NÁUTICO TENERIFE,False
2943,GRUPO INTERBUS ALCOBENDAS,41,15.72639999999999,21.426,False,5,NÁUTICO TENERIFE,False
2944,GRUPO INTERBUS ALCOBENDAS,5,8.6036,32.77,False,5,NÁUTICO TENERIFE,False
2945,GRUPO INTERBUS ALCOBENDAS,24,9.9436,31.635,True,5,NÁUTICO TENERIFE,False
2946,GRUPO INTERBUS ALCOBENDAS,17,35.825,61.507,False,5,NÁUTICO TENERIFE,False
2947,GRUPO INTERBUS ALCOBENDAS,25,9.5204,32.39,True,5,NÁUTICO TENERIFE,False
2948,GRUPO INTERBUS ALCOBENDAS,41,22.073,45.878,False,5,NÁUTICO TENERIFE,False
2949,GRUPO INTERBUS ALCOBENDAS,33,30.324,77.766,False,5,NÁUTICO TENERIFE,False
2950,GRUPO INTERBUS ALCOBENDAS,14,13.1876,33.778,False,5,NÁUTICO TENERIFE,False
2951,GRUPO INTERBUS ALCOBENDAS,25,32.51,27.098,True,5,NÁUTICO TENERIFE,False
2952,GRUPO INTERBUS ALCOBENDAS,5,23.554,11.091,True,5,NÁUTICO TENERIFE,False
2953,GRUPO INTERBUS ALCOBENDAS,14,23.413,10.335,True,5,NÁUTICO TENERIFE,False
2954,GRUPO INTERBUS ALCOBENDAS,41,19.32,51.045,False,5,NÁUTICO TENERIFE,False
2955,GRUPO INTERBUS ALCOBENDAS,41,13.54,27.476,False,5,NÁUTICO TENERIFE,False
2956,GRUPO INTERBUS ALCOBENDAS,77,13.61069999999999,78.27,False,5,NÁUTICO TENERIFE,False
2957,GRUPO INTERBUS ALCOBENDAS,41,13.187,68.313,False,5,NÁUTICO TENERIFE,False
2958,GRUPO INTERBUS ALCOBENDAS,5,7.9689,45.626,True,5,NÁUTICO TENERIFE,False
2959,GRUPO INTERBUS ALCOBENDAS,16,17.348,47.768,False,5,NÁUTICO TENERIFE,False
2960,GRUPO INTERBUS ALCOBENDAS,41,15.72639999999999,72.976,True,5,NÁUTICO TENERIFE,False
2961,GRUPO INTERBUS ALCOBENDAS,17,9.73,17.015,True,5,NÁUTICO TENERIFE,False
2962,GRUPO INTERBUS ALCOBENDAS,5,33.85,41.592,False,5,NÁUTICO TENERIFE,False
2963,GRUPO INTERBUS ALCOBENDAS,5,29.9013,19.157,False,5,NÁUTICO TENERIFE,False
2964,GRUPO INTERBUS ALCOBENDAS,14,5.99439999999999,95.033,True,5,NÁUTICO TENERIFE,False
2965,GRUPO INTERBUS ALCOBENDAS,41,10.225,33.4,False,5,NÁUTICO TENERIFE,False
2966,GRUPO INTERBUS ALCOBENDAS,33,24.259,75.497,True,5,NÁUTICO TENERIFE,False
2967,GRUPO INTERBUS ALCOBENDAS,41,15.72639999999999,21.426,False,5,NÁUTICO TENERIFE,False
2968,GRUPO INTERBUS ALCOBENDAS,5,22.496,90.874,False,5,NÁUTICO TENERIFE,False
2969,GRUPO INTERBUS ALCOBENDAS,14,29.9013,19.28,False,5,NÁUTICO TENERIFE,False
2970,GRUPO INTERBUS ALCOBENDAS,41,12.83499999999999,51.423,False,5,NÁUTICO TENERIFE,False
2971,GRUPO INTERBUS ALCOBENDAS,14,32.651,76.505,True,5,NÁUTICO TENERIFE,False
2972,GRUPO INTERBUS ALCOBENDAS,77,12.693,87.09,False,5,NÁUTICO TENERIFE,False
2973,GRUPO INTERBUS ALCOBENDAS,41,17.34839999999999,56.969,False,5,NÁUTICO TENERIFE,False
2974,GRUPO INTERBUS ALCOBENDAS,16,9.9436,36.929,False,5,NÁUTICO TENERIFE,False
2975,GRUPO INTERBUS ALCOBENDAS,5,9.0973,38.441,False,5,NÁUTICO TENERIFE,False
2976,GRUPO INTERBUS ALCOBENDAS,41,15.585,59.616,False,5,NÁUTICO TENERIFE,False
2977,GRUPO INTERBUS ALCOBENDAS,14,28.91,10.965,True,5,NÁUTICO TENERIFE,False
2978,GRUPO INTERBUS ALCOBENDAS,15,11.14249999999999,63.397,False,5,NÁUTICO TENERIFE,False
2979,GRUPO INTERBUS ALCOBENDAS,16,11.565,62.515,True,5,NÁUTICO TENERIFE,False
2980,GRUPO INTERBUS ALCOBENDAS,17,7.827,55.961,False,5,NÁUTICO TENERIFE,False
2981,GRUPO INTERBUS ALCOBENDAS,41,15.23269999999999,53.44,False,5,NÁUTICO TENERIFE,False
2982,GRUPO INTERBUS ALCOBENDAS,33,13.822,18.905,False,5,NÁUTICO TENERIFE,False
2983,GRUPO INTERBUS ALCOBENDAS,24,14.315,39.828,True,5,NÁUTICO TENERIFE,False
2984,GRUPO INTERBUS ALCOBENDAS,16,12.97,31.761,False,5,NÁUTICO TENERIFE,False
2985,GRUPO INTERBUS ALCOBENDAS,5,34.203,29.871,False,5,NÁUTICO TENERIFE,False
2986,GRUPO INTERBUS ALCOBENDAS,41,13.54,25.83,False,5,NÁUTICO TENERIFE,False
2987,GRUPO INTERBUS ALCOBENDAS,41,9.6615,64.65,True,5,NÁUTICO TENERIFE,False
2988,GRUPO INTERBUS ALCOBENDAS,14,6.9816,2.0166,False,5,NÁUTICO TENERIFE,False
2989,GRUPO INTERBUS ALCOBENDAS,25,11.565,62.515,False,5,NÁUTICO TENERIFE,False
2990,GRUPO INTERBUS ALCOBENDAS,4,12.129,96.419,False,5,NÁUTICO TENERIFE,False
2991,BALONCESTO ALCALA,14,7.545,50.163,False,5,INMOBILIARIA GÁLVEZ SANTA CRUZ,True
2992,BALONCESTO ALCALA,12,6.6995,47.768,True,5,INMOBILIARIA GÁLVEZ SANTA CRUZ,True
2993,BALONCESTO ALCALA,29,8.11,48.651,True,5,INMOBILIARIA GÁLVEZ SANTA CRUZ,True
2994,BALONCESTO ALCALA,19,10.5078,5.2936,False,5,INMOBILIARIA GÁLVEZ SANTA CRUZ,True
2995,BALONCESTO ALCALA,19,34.344,73.102,False,5,INMOBILIARIA GÁLVEZ SANTA CRUZ,True
2996,BALONCESTO ALCALA,10,5.50069999999999,49.281,True,5,INMOBILIARIA GÁLVEZ SANTA CRUZ,True
2997,BALONCESTO ALCALA,4,9.873,49.155,True,5,INMOBILIARIA GÁLVEZ SANTA CRUZ,True
2998,BALONCESTO ALCALA,14,6.0648,48.777,True,5,INMOBILIARIA GÁLVEZ SANTA CRUZ,True
2999,BALONCESTO ALCALA,91,13.822,48.02,False,5,INMOBILIARIA GÁLVEZ SANTA CRUZ,True
3000,BALONCESTO ALCALA,5,20.239,6.554,True,5,INMOBILIARIA GÁLVEZ SANTA CRUZ,True
3001,BALONCESTO ALCALA,19,13.11709999999999,47.39,True,5,INMOBILIARIA GÁLVEZ SANTA CRUZ,True
3002,BALONCESTO ALCALA,91,9.873,49.155,False,5,INMOBILIARIA GÁLVEZ SANTA CRUZ,True
3003,BALONCESTO ALCALA,91,7.61639999999999,49.029,False,5,INMOBILIARIA GÁLVEZ SANTA CRUZ,True
3004,BALONCESTO ALCALA,19,10.084,18.149,True,5,INMOBILIARIA GÁLVEZ SANTA CRUZ,True
3005,BALONCESTO ALCALA,14,20.239,10.209,False,5,INMOBILIARIA GÁLVEZ SANTA CRUZ,True
3006,BALONCESTO ALCALA,19,11.2835,24.577,False,5,INMOBILIARIA GÁLVEZ SANTA CRUZ,True
3007,BALONCESTO ALCALA,10,22.8491,91.63,True,5,INMOBILIARIA GÁLVEZ SANTA CRUZ,True
3008,BALONCESTO ALCALA,19,8.0394,48.02,False,5,INMOBILIARIA GÁLVEZ SANTA CRUZ,True
3009,BALONCESTO ALCALA,29,30.677,15.754,False,5,INMOBILIARIA GÁLVEZ SANTA CRUZ,True
3010,BALONCESTO ALCALA,29,5.21859999999999,46.256,False,5,INMOBILIARIA GÁLVEZ SANTA CRUZ,True
3011,BALONCESTO ALCALA,4,7.5458,46.256,False,5,INMOBILIARIA GÁLVEZ SANTA CRUZ,True
3012,BALONCESTO ALCALA,19,10.648,46.76,True,5,INMOBILIARIA GÁLVEZ SANTA CRUZ,True
3013,BALONCESTO ALCALA,4,7.263,46.508,False,5,INMOBILIARIA GÁLVEZ SANTA CRUZ,True
3014,BALONCESTO ALCALA,5,9.5204,46.256,False,5,INMOBILIARIA GÁLVEZ SANTA CRUZ,True
3015,BALONCESTO ALCALA,19,14.10439999999999,75.875,False,5,INMOBILIARIA GÁLVEZ SANTA CRUZ,True
3016,BALONCESTO ALCALA,29,4.2313,46.508,True,5,INMOBILIARIA GÁLVEZ SANTA CRUZ,True
3017,BALONCESTO ALCALA,19,31.875,22.939,True,5,INMOBILIARIA GÁLVEZ SANTA CRUZ,True
3018,BALONCESTO ALCALA,13,7.40479999999999,49.785,False,5,INMOBILIARIA GÁLVEZ SANTA CRUZ,True
3019,BALONCESTO ALCALA,19,34.908,76.505,False,5,INMOBILIARIA GÁLVEZ SANTA CRUZ,True
3020,BALONCESTO ALCALA,29,7.05219999999999,50.667,False,5,INMOBILIARIA GÁLVEZ SANTA CRUZ,True
3021,BALONCESTO ALCALA,29,34.414,53.188,False,5,INMOBILIARIA GÁLVEZ SANTA CRUZ,True
3022,BALONCESTO ALCALA,91,11.21,48.39,True,5,INMOBILIARIA GÁLVEZ SANTA CRUZ,True
3023,BALONCESTO ALCALA,10,12.059,49.281,False,5,INMOBILIARIA GÁLVEZ SANTA CRUZ,True
3024,BALONCESTO ALCALA,19,25.105,11.343,False,5,INMOBILIARIA GÁLVEZ SANTA CRUZ,True
3025,BALONCESTO ALCALA,29,20.592,60.624,False,5,INMOBILIARIA GÁLVEZ SANTA CRUZ,True
3026,BALONCESTO ALCALA,29,8.9562,48.02,False,5,INMOBILIARIA GÁLVEZ SANTA CRUZ,True
3027,BALONCESTO ALCALA,29,32.581,78.522,False,5,INMOBILIARIA GÁLVEZ SANTA CRUZ,True
3028,BALONCESTO ALCALA,10,8.3216,48.903,False,5,INMOBILIARIA GÁLVEZ SANTA CRUZ,True
3029,BALONCESTO ALCALA,19,10.36669999999999,75.749,False,5,INMOBILIARIA GÁLVEZ SANTA CRUZ,True
3030,BALONCESTO ALCALA,29,5.9238,48.27,True,5,INMOBILIARIA GÁLVEZ SANTA CRUZ,True
3031,BALONCESTO ALCALA,10,10.296,49.533,True,5,INMOBILIARIA GÁLVEZ SANTA CRUZ,True
3032,BALONCESTO ALCALA,29,6.205,48.651,True,5,INMOBILIARIA GÁLVEZ SANTA CRUZ,True
3033,BALONCESTO ALCALA,12,12.48239999999999,8.696,False,5,INMOBILIARIA GÁLVEZ SANTA CRUZ,True
3034,BALONCESTO ALCALA,19,9.8025,21.93,True,5,INMOBILIARIA GÁLVEZ SANTA CRUZ,True
3035,BALONCESTO ALCALA,4,29.83069999999999,18.905,False,5,INMOBILIARIA GÁLVEZ SANTA CRUZ,True
3036,BALONCESTO ALCALA,3,43.935,23.821,False,5,INMOBILIARIA GÁLVEZ SANTA CRUZ,True
3037,BALONCESTO ALCALA,29,11.918,5.6717,False,5,INMOBILIARIA GÁLVEZ SANTA CRUZ,True
3038,BALONCESTO ALCALA,19,17.983,34.534,True,5,INMOBILIARIA GÁLVEZ SANTA CRUZ,True
3039,BALONCESTO ALCALA,91,9.1678,49.659,False,5,INMOBILIARIA GÁLVEZ SANTA CRUZ,True
3040,BALONCESTO ALCALA,10,21.438,12.225,True,5,INMOBILIARIA GÁLVEZ SANTA CRUZ,True
3041,BALONCESTO ALCALA,4,22.8491,8.3185,False,5,INMOBILIARIA GÁLVEZ SANTA CRUZ,True
3042,BALONCESTO ALCALA,4,8.4626,49.533,False,5,INMOBILIARIA GÁLVEZ SANTA CRUZ,True
3043,BALONCESTO ALCALA,19,18.688,47.642,True,5,INMOBILIARIA GÁLVEZ SANTA CRUZ,True
3044,BALONCESTO ALCALA,29,10.789,62.767,False,5,INMOBILIARIA GÁLVEZ SANTA CRUZ,True
3045,BALONCESTO ALCALA,13,5.8533,47.642,True,5,INMOBILIARIA GÁLVEZ SANTA CRUZ,True
3046,BALONCESTO ALCALA,19,7.404,46.886,True,5,INMOBILIARIA GÁLVEZ SANTA CRUZ,True
3047,BALONCESTO ALCALA,5,31.029,77.009,False,5,INMOBILIARIA GÁLVEZ SANTA CRUZ,True
3048,BALONCESTO ALCALA,12,7.6868,49.155,False,5,INMOBILIARIA GÁLVEZ SANTA CRUZ,True
3049,BALONCESTO ALCALA,29,6.9817,49.281,True,5,INMOBILIARIA GÁLVEZ SANTA CRUZ,True
3050,BALONCESTO ALCALA,91,9.732,60.876,False,5,INMOBILIARIA GÁLVEZ SANTA CRUZ,True
3051,BALONCESTO ALCALA,13,37.16,51.928,False,5,INMOBILIARIA GÁLVEZ SANTA CRUZ,True
3052,BALONCESTO ALCALA,29,10.507,50.415,False,5,INMOBILIARIA GÁLVEZ SANTA CRUZ,True
3053,BALONCESTO ALCALA,19,26.868,87.597,False,5,INMOBILIARIA GÁLVEZ SANTA CRUZ,True
3054,BALONCESTO ALCALA,13,10.86,51.802,False,5,INMOBILIARIA GÁLVEZ SANTA CRUZ,True
3055,INMOBILIARIA GÁLVEZ SANTA CRUZ,15,33.3568,42.727,True,5,BALONCESTO ALCALA,False
3056,INMOBILIARIA GÁLVEZ SANTA CRUZ,24,9.167,48.02,True,5,BALONCESTO ALCALA,False
3057,INMOBILIARIA GÁLVEZ SANTA CRUZ,15,26.3752,10.461,False,5,BALONCESTO ALCALA,False
3058,INMOBILIARIA GÁLVEZ SANTA CRUZ,15,31.523,27.35,False,5,BALONCESTO ALCALA,False
3059,INMOBILIARIA GÁLVEZ SANTA CRUZ,15,33.568,38.946,False,5,BALONCESTO ALCALA,False
3060,INMOBILIARIA GÁLVEZ SANTA CRUZ,14,9.52049999999999,48.777,False,5,BALONCESTO ALCALA,False
3061,INMOBILIARIA GÁLVEZ SANTA CRUZ,6,7.6868,47.894,False,5,BALONCESTO ALCALA,False
3062,INMOBILIARIA GÁLVEZ SANTA CRUZ,6,13.469,25.585,False,5,BALONCESTO ALCALA,False
3063,INMOBILIARIA GÁLVEZ SANTA CRUZ,9,18.124,6.554,True,5,BALONCESTO ALCALA,False
3064,INMOBILIARIA GÁLVEZ SANTA CRUZ,14,13.04649999999999,79.656,True,5,BALONCESTO ALCALA,False
3065,INMOBILIARIA GÁLVEZ SANTA CRUZ,21,6.135,48.27,True,5,BALONCESTO ALCALA,False
3066,INMOBILIARIA GÁLVEZ SANTA CRUZ,15,21.438,7.5623,True,5,BALONCESTO ALCALA,False
3067,INMOBILIARIA GÁLVEZ SANTA CRUZ,44,11.8477,93.39,False,5,BALONCESTO ALCALA,False
3068,INMOBILIARIA GÁLVEZ SANTA CRUZ,6,27.785,15.25,False,5,BALONCESTO ALCALA,False
3069,INMOBILIARIA GÁLVEZ SANTA CRUZ,44,35.543,63.271,False,5,BALONCESTO ALCALA,False
3070,INMOBILIARIA GÁLVEZ SANTA CRUZ,14,35.4,82.177,False,5,BALONCESTO ALCALA,False
3071,INMOBILIARIA GÁLVEZ SANTA CRUZ,6,9.73,53.314,True,5,BALONCESTO ALCALA,False
3072,INMOBILIARIA GÁLVEZ SANTA CRUZ,7,15.02119999999999,93.268,True,5,BALONCESTO ALCALA,False
3073,INMOBILIARIA GÁLVEZ SANTA CRUZ,15,25.035,8.4446,False,5,BALONCESTO ALCALA,False
3074,INMOBILIARIA GÁLVEZ SANTA CRUZ,15,8.3215,49.533,True,5,BALONCESTO ALCALA,False
3075,INMOBILIARIA GÁLVEZ SANTA CRUZ,6,6.2764,49.281,True,5,BALONCESTO ALCALA,False
3076,INMOBILIARIA GÁLVEZ SANTA CRUZ,14,32.087,63.397,False,5,BALONCESTO ALCALA,False
3077,INMOBILIARIA GÁLVEZ SANTA CRUZ,15,34.908,49.785,False,5,BALONCESTO ALCALA,False
3078,INMOBILIARIA GÁLVEZ SANTA CRUZ,15,20.38079999999999,7.6883,True,5,BALONCESTO ALCALA,False
3079,INMOBILIARIA GÁLVEZ SANTA CRUZ,15,39.139,34.156,False,5,BALONCESTO ALCALA,False
3080,INMOBILIARIA GÁLVEZ SANTA CRUZ,8,9.30889999999999,49.281,True,5,BALONCESTO ALCALA,False
3081,INMOBILIARIA GÁLVEZ SANTA CRUZ,15,5.641,49.029,True,5,BALONCESTO ALCALA,False
3082,INMOBILIARIA GÁLVEZ SANTA CRUZ,15,32.792,73.48,False,5,BALONCESTO ALCALA,False
3083,INMOBILIARIA GÁLVEZ SANTA CRUZ,21,6.3469,39.702,True,5,BALONCESTO ALCALA,False
3084,INMOBILIARIA GÁLVEZ SANTA CRUZ,44,18.899,5.0415,False,5,BALONCESTO ALCALA,False
3085,INMOBILIARIA GÁLVEZ SANTA CRUZ,24,11.988,41.088,True,5,BALONCESTO ALCALA,False
3086,INMOBILIARIA GÁLVEZ SANTA CRUZ,24,9.3088,49.029,False,5,BALONCESTO ALCALA,False
3087,INMOBILIARIA GÁLVEZ SANTA CRUZ,6,27.43,11.973,False,5,BALONCESTO ALCALA,False
3088,INMOBILIARIA GÁLVEZ SANTA CRUZ,21,11.35,79.026,True,5,BALONCESTO ALCALA,False
3089,INMOBILIARIA GÁLVEZ SANTA CRUZ,14,32.15,19.788,False,5,BALONCESTO ALCALA,False
3090,INMOBILIARIA GÁLVEZ SANTA CRUZ,14,24.3,9.0748,True,5,BALONCESTO ALCALA,False
3091,INMOBILIARIA GÁLVEZ SANTA CRUZ,14,12.764,50.793,False,5,BALONCESTO ALCALA,False
3092,INMOBILIARIA GÁLVEZ SANTA CRUZ,13,17.277,51.171,False,5,BALONCESTO ALCALA,False
3093,INMOBILIARIA GÁLVEZ SANTA CRUZ,6,22.00279999999999,68.817,False,5,BALONCESTO ALCALA,False
3094,INMOBILIARIA GÁLVEZ SANTA CRUZ,8,31.029,84.32,False,5,BALONCESTO ALCALA,False
3095,INMOBILIARIA GÁLVEZ SANTA CRUZ,21,6.27639999999999,49.029,False,5,BALONCESTO ALCALA,False
3096,INMOBILIARIA GÁLVEZ SANTA CRUZ,44,10.155,81.547,False,5,BALONCESTO ALCALA,False
3097,INMOBILIARIA GÁLVEZ SANTA CRUZ,21,6.135,49.155,True,5,BALONCESTO ALCALA,False
3098,INMOBILIARIA GÁLVEZ SANTA CRUZ,14,6.135,46.886,True,5,BALONCESTO ALCALA,False
3099,INMOBILIARIA GÁLVEZ SANTA CRUZ,21,12.341,31.257,True,5,BALONCESTO ALCALA,False
3100,INMOBILIARIA GÁLVEZ SANTA CRUZ,7,26.445,83.311,False,5,BALONCESTO ALCALA,False
3101,INMOBILIARIA GÁLVEZ SANTA CRUZ,7,7.263,49.785,False,5,BALONCESTO ALCALA,False
3102,INMOBILIARIA GÁLVEZ SANTA CRUZ,15,32.228,77.64,True,5,BALONCESTO ALCALA,False
3103,INMOBILIARIA GÁLVEZ SANTA CRUZ,15,7.1227,47.012,True,5,BALONCESTO ALCALA,False
3104,INMOBILIARIA GÁLVEZ SANTA CRUZ,21,8.46259999999999,49.911,False,5,BALONCESTO ALCALA,False
3105,INMOBILIARIA GÁLVEZ SANTA CRUZ,14,14.527,5.797,False,5,BALONCESTO ALCALA,False
3106,INMOBILIARIA GÁLVEZ SANTA CRUZ,15,38.081,50.919,False,5,BALONCESTO ALCALA,False
3107,INMOBILIARIA GÁLVEZ SANTA CRUZ,21,13.3991,44.617,True,5,BALONCESTO ALCALA,False
3108,INMOBILIARIA GÁLVEZ SANTA CRUZ,44,8.8857,5.797,True,5,BALONCESTO ALCALA,False
3109,INMOBILIARIA GÁLVEZ SANTA CRUZ,15,7.0521,93.64,False,5,BALONCESTO ALCALA,False
3110,INMOBILIARIA GÁLVEZ SANTA CRUZ,7,11.21,46.508,False,5,BALONCESTO ALCALA,False
3111,FUNDACION GLOBALCAJA LA RODA,20,8.244,44.239,True,5,C.D. BASKET GLOBALCAJA QUINTANAR,True
3112,FUNDACION GLOBALCAJA LA RODA,0,8.1876,41.718,True,5,C.D. BASKET GLOBALCAJA QUINTANAR,True
3113,FUNDACION GLOBALCAJA LA RODA,6,32.715,75.245,False,5,C.D. BASKET GLOBALCAJA QUINTANAR,True
3114,FUNDACION GLOBALCAJA LA RODA,4,32.235,80.034,True,5,C.D. BASKET GLOBALCAJA QUINTANAR,True
3115,FUNDACION GLOBALCAJA LA RODA,13,8.54019999999999,54.95,True,5,C.D. BASKET GLOBALCAJA QUINTANAR,True
3116,FUNDACION GLOBALCAJA LA RODA,4,13.97039999999999,48.903,False,5,C.D. BASKET GLOBALCAJA QUINTANAR,True
3117,FUNDACION GLOBALCAJA LA RODA,0,9.2313,42.601,False,5,C.D. BASKET GLOBALCAJA QUINTANAR,True
3118,FUNDACION GLOBALCAJA LA RODA,25,5.93089999999999,41.214,True,5,C.D. BASKET GLOBALCAJA QUINTANAR,True
3119,FUNDACION GLOBALCAJA LA RODA,13,34.83,19.662,False,5,C.D. BASKET GLOBALCAJA QUINTANAR,True
3120,FUNDACION GLOBALCAJA LA RODA,3,27.087,76.379,False,5,C.D. BASKET GLOBALCAJA QUINTANAR,True
3121,FUNDACION GLOBALCAJA LA RODA,0,20.5994,39.072,True,5,C.D. BASKET GLOBALCAJA QUINTANAR,True
3122,FUNDACION GLOBALCAJA LA RODA,10,23.138,91.378,False,5,C.D. BASKET GLOBALCAJA QUINTANAR,True
3123,FUNDACION GLOBALCAJA LA RODA,4,17.482,51.802,False,5,C.D. BASKET GLOBALCAJA QUINTANAR,True
3124,FUNDACION GLOBALCAJA LA RODA,13,33.279,31.761,False,5,C.D. BASKET GLOBALCAJA QUINTANAR,True
3125,FUNDACION GLOBALCAJA LA RODA,25,6.63609999999999,44.239,False,5,C.D. BASKET GLOBALCAJA QUINTANAR,True
3126,FUNDACION GLOBALCAJA LA RODA,25,7.55289999999999,44.743,False,5,C.D. BASKET GLOBALCAJA QUINTANAR,True
3127,FUNDACION GLOBALCAJA LA RODA,6,5.7052,54.82,True,5,C.D. BASKET GLOBALCAJA QUINTANAR,True
3128,FUNDACION GLOBALCAJA LA RODA,0,29.7672,14.872,False,5,C.D. BASKET GLOBALCAJA QUINTANAR,True
3129,FUNDACION GLOBALCAJA LA RODA,9,10.43,45.374,True,5,C.D. BASKET GLOBALCAJA QUINTANAR,True
3130,FUNDACION GLOBALCAJA LA RODA,6,6.763,55.961,True,5,C.D. BASKET GLOBALCAJA QUINTANAR,True
3131,FUNDACION GLOBALCAJA LA RODA,20,25.9591,10.713,False,5,C.D. BASKET GLOBALCAJA QUINTANAR,True
3132,FUNDACION GLOBALCAJA LA RODA,6,5.9168,43.483,True,5,C.D. BASKET GLOBALCAJA QUINTANAR,True
3133,FUNDACION GLOBALCAJA LA RODA,10,6.198,58.986,True,5,C.D. BASKET GLOBALCAJA QUINTANAR,True
3134,FUNDACION GLOBALCAJA LA RODA,0,20.811,37.937,False,5,C.D. BASKET GLOBALCAJA QUINTANAR,True
3135,FUNDACION GLOBALCAJA LA RODA,4,6.4104,60.498,False,5,C.D. BASKET GLOBALCAJA QUINTANAR,True
3136,FUNDACION GLOBALCAJA LA RODA,9,7.20029999999999,56.969,True,5,C.D. BASKET GLOBALCAJA QUINTANAR,True
3137,FUNDACION GLOBALCAJA LA RODA,4,6.07189999999999,42.601,True,5,C.D. BASKET GLOBALCAJA QUINTANAR,True
3138,FUNDACION GLOBALCAJA LA RODA,0,20.811,34.912,True,5,C.D. BASKET GLOBALCAJA QUINTANAR,True
3139,FUNDACION GLOBALCAJA LA RODA,4,5.4372,41.84,True,5,C.D. BASKET GLOBALCAJA QUINTANAR,True
3140,FUNDACION GLOBALCAJA LA RODA,4,12.06629999999999,46.508,True,5,C.D. BASKET GLOBALCAJA QUINTANAR,True
3141,FUNDACION GLOBALCAJA LA RODA,6,8.9492,46.382,True,5,C.D. BASKET GLOBALCAJA QUINTANAR,True
3142,FUNDACION GLOBALCAJA LA RODA,0,7.6093,56.465,False,5,C.D. BASKET GLOBALCAJA QUINTANAR,True
3143,FUNDACION GLOBALCAJA LA RODA,4,9.09,54.7,False,5,C.D. BASKET GLOBALCAJA QUINTANAR,True
3144,FUNDACION GLOBALCAJA LA RODA,0,29.753,83.81,False,5,C.D. BASKET GLOBALCAJA QUINTANAR,True
3145,FUNDACION GLOBALCAJA LA RODA,0,7.6093,56.465,True,5,C.D. BASKET GLOBALCAJA QUINTANAR,True
3146,FUNDACION GLOBALCAJA LA RODA,9,28.695,79.53,False,5,C.D. BASKET GLOBALCAJA QUINTANAR,True
3147,FUNDACION GLOBALCAJA LA RODA,0,30.74,66.926,False,5,C.D. BASKET GLOBALCAJA QUINTANAR,True
3148,FUNDACION GLOBALCAJA LA RODA,13,19.104,55.457,True,5,C.D. BASKET GLOBALCAJA QUINTANAR,True
3149,FUNDACION GLOBALCAJA LA RODA,9,28.709,11.973,False,5,C.D. BASKET GLOBALCAJA QUINTANAR,True
3150,FUNDACION GLOBALCAJA LA RODA,10,9.5839,42.601,False,5,C.D. BASKET GLOBALCAJA QUINTANAR,True
3151,FUNDACION GLOBALCAJA LA RODA,4,11.9252,42.727,False,5,C.D. BASKET GLOBALCAJA QUINTANAR,True
3152,FUNDACION GLOBALCAJA LA RODA,4,6.847,52.18,True,5,C.D. BASKET GLOBALCAJA QUINTANAR,True
3153,FUNDACION GLOBALCAJA LA RODA,4,12.898,51.045,False,5,C.D. BASKET GLOBALCAJA QUINTANAR,True
3154,FUNDACION GLOBALCAJA LA RODA,10,6.6925,44.743,True,5,C.D. BASKET GLOBALCAJA QUINTANAR,True
3155,FUNDACION GLOBALCAJA LA RODA,0,20.24679999999999,68.943,False,5,C.D. BASKET GLOBALCAJA QUINTANAR,True
3156,FUNDACION GLOBALCAJA LA RODA,4,5.86029999999999,42.223,True,5,C.D. BASKET GLOBALCAJA QUINTANAR,True
3157,FUNDACION GLOBALCAJA LA RODA,25,7.97599999999999,54.322,False,5,C.D. BASKET GLOBALCAJA QUINTANAR,True
3158,FUNDACION GLOBALCAJA LA RODA,13,22.856,9.4529,False,5,C.D. BASKET GLOBALCAJA QUINTANAR,True
3159,FUNDACION GLOBALCAJA LA RODA,4,7.129,45.5,True,5,C.D. BASKET GLOBALCAJA QUINTANAR,True
3160,FUNDACION GLOBALCAJA LA RODA,0,25.1833,48.651,True,5,C.D. BASKET GLOBALCAJA QUINTANAR,True
3161,FUNDACION GLOBALCAJA LA RODA,6,33.91,46.508,False,5,C.D. BASKET GLOBALCAJA QUINTANAR,True
3162,FUNDACION GLOBALCAJA LA RODA,10,32.362,27.476,False,5,C.D. BASKET GLOBALCAJA QUINTANAR,True
3163,FUNDACION GLOBALCAJA LA RODA,25,8.6671,55.079,False,5,C.D. BASKET GLOBALCAJA QUINTANAR,True
3164,FUNDACION GLOBALCAJA LA RODA,6,5.64879999999999,43.609,True,5,C.D. BASKET GLOBALCAJA QUINTANAR,True
3165,FUNDACION GLOBALCAJA LA RODA,6,31.234,64.91,False,5,C.D. BASKET GLOBALCAJA QUINTANAR,True
3166,FUNDACION GLOBALCAJA LA RODA,9,10.641,49.281,True,5,C.D. BASKET GLOBALCAJA QUINTANAR,True
3167,FUNDACION GLOBALCAJA LA RODA,0,17.341,48.27,False,5,C.D. BASKET GLOBALCAJA QUINTANAR,True
3168,FUNDACION GLOBALCAJA LA RODA,2,34.83,19.662,False,5,C.D. BASKET GLOBALCAJA QUINTANAR,True
3169,C.D. BASKET GLOBALCAJA QUINTANAR,8,13.392,48.777,False,5,FUNDACION GLOBALCAJA LA RODA,False
3170,C.D. BASKET GLOBALCAJA QUINTANAR,50,16.35,49.911,True,5,FUNDACION GLOBALCAJA LA RODA,False
3171,C.D. BASKET GLOBALCAJA QUINTANAR,2,7.8914,45.752,True,5,FUNDACION GLOBALCAJA LA RODA,False
3172,C.D. BASKET GLOBALCAJA QUINTANAR,1,19.7531,52.558,False,5,FUNDACION GLOBALCAJA LA RODA,False
3173,C.D. BASKET GLOBALCAJA QUINTANAR,50,5.9873,95.159,False,5,FUNDACION GLOBALCAJA LA RODA,False
3174,C.D. BASKET GLOBALCAJA QUINTANAR,21,28.272,87.471,False,5,FUNDACION GLOBALCAJA LA RODA,False
3175,C.D. BASKET GLOBALCAJA QUINTANAR,1,22.7,40.836,False,5,FUNDACION GLOBALCAJA LA RODA,False
3176,C.D. BASKET GLOBALCAJA QUINTANAR,12,5.8462,4.0332,False,5,FUNDACION GLOBALCAJA LA RODA,False
3177,C.D. BASKET GLOBALCAJA QUINTANAR,1,5.57829999999999,40.584,False,5,FUNDACION GLOBALCAJA LA RODA,False
3178,C.D. BASKET GLOBALCAJA QUINTANAR,1,8.455,57.347,True,5,FUNDACION GLOBALCAJA LA RODA,False
3179,C.D. BASKET GLOBALCAJA QUINTANAR,8,34.689,30.753,False,5,FUNDACION GLOBALCAJA LA RODA,False
3180,C.D. BASKET GLOBALCAJA QUINTANAR,2,17.552,93.64,False,5,FUNDACION GLOBALCAJA LA RODA,False
3181,C.D. BASKET GLOBALCAJA QUINTANAR,1,8.8082,41.84,True,5,FUNDACION GLOBALCAJA LA RODA,False
3182,C.D. BASKET GLOBALCAJA QUINTANAR,8,3.46259999999999,94.907,False,5,FUNDACION GLOBALCAJA LA RODA,False
3183,C.D. BASKET GLOBALCAJA QUINTANAR,2,5.8462,58.356,True,5,FUNDACION GLOBALCAJA LA RODA,False
3184,C.D. BASKET GLOBALCAJA QUINTANAR,14,6.9746,58.1,True,5,FUNDACION GLOBALCAJA LA RODA,False
3185,C.D. BASKET GLOBALCAJA QUINTANAR,50,6.3399,56.213,True,5,FUNDACION GLOBALCAJA LA RODA,False
3186,C.D. BASKET GLOBALCAJA QUINTANAR,50,16.35,49.911,False,5,FUNDACION GLOBALCAJA LA RODA,False
3187,C.D. BASKET GLOBALCAJA QUINTANAR,14,32.87,22.68,False,5,FUNDACION GLOBALCAJA LA RODA,False
3188,C.D. BASKET GLOBALCAJA QUINTANAR,14,8.82229999999999,49.029,False,5,FUNDACION GLOBALCAJA LA RODA,False
3189,C.D. BASKET GLOBALCAJA QUINTANAR,8,28.554,90.748,False,5,FUNDACION GLOBALCAJA LA RODA,False
3190,C.D. BASKET GLOBALCAJA QUINTANAR,1,31.459,33.778,True,5,FUNDACION GLOBALCAJA LA RODA,False
3191,C.D. BASKET GLOBALCAJA QUINTANAR,12,7.6093,55.457,True,5,FUNDACION GLOBALCAJA LA RODA,False
3192,C.D. BASKET GLOBALCAJA QUINTANAR,8,5.4372,57.473,True,5,FUNDACION GLOBALCAJA LA RODA,False
3193,C.D. BASKET GLOBALCAJA QUINTANAR,14,33.998,73.606,False,5,FUNDACION GLOBALCAJA LA RODA,False
3194,C.D. BASKET GLOBALCAJA QUINTANAR,1,8.1876,41.34,False,5,FUNDACION GLOBALCAJA LA RODA,False
3195,C.D. BASKET GLOBALCAJA QUINTANAR,1,29.753,27.098,True,5,FUNDACION GLOBALCAJA LA RODA,False
3196,C.D. BASKET GLOBALCAJA QUINTANAR,14,30.6,20.292,True,5,FUNDACION GLOBALCAJA LA RODA,False
3197,C.D. BASKET GLOBALCAJA QUINTANAR,2,8.8082,65.036,False,5,FUNDACION GLOBALCAJA LA RODA,False
3198,C.D. BASKET GLOBALCAJA QUINTANAR,50,5.155100000000004,43.105,True,5,FUNDACION GLOBALCAJA LA RODA,False
3199,C.D. BASKET GLOBALCAJA QUINTANAR,14,5.01409999999999,94.403,True,5,FUNDACION GLOBALCAJA LA RODA,False
3200,C.D. BASKET GLOBALCAJA QUINTANAR,6,22.348,8.1925,False,5,FUNDACION GLOBALCAJA LA RODA,False
3201,C.D. BASKET GLOBALCAJA QUINTANAR,2,6.91819999999999,55.961,True,5,FUNDACION GLOBALCAJA LA RODA,False
3202,C.D. BASKET GLOBALCAJA QUINTANAR,8,34.139,28.862,False,5,FUNDACION GLOBALCAJA LA RODA,False
3203,C.D. BASKET GLOBALCAJA QUINTANAR,8,5.6347,95.789,True,5,FUNDACION GLOBALCAJA LA RODA,False
3204,C.D. BASKET GLOBALCAJA QUINTANAR,2,4.1537,5.2936,False,5,FUNDACION GLOBALCAJA LA RODA,False
3205,C.D. BASKET GLOBALCAJA QUINTANAR,12,6.35399999999999,38.441,False,5,FUNDACION GLOBALCAJA LA RODA,False
3206,C.D. BASKET GLOBALCAJA QUINTANAR,14,30.317,83.94,True,5,FUNDACION GLOBALCAJA LA RODA,False
3207,C.D. BASKET GLOBALCAJA QUINTANAR,21,33.631,72.094,True,5,FUNDACION GLOBALCAJA LA RODA,False
3208,C.D. BASKET GLOBALCAJA QUINTANAR,8,28.6389,20.922,False,5,FUNDACION GLOBALCAJA LA RODA,False
3209,C.D. BASKET GLOBALCAJA QUINTANAR,14,7.97599999999999,54.196,False,5,FUNDACION GLOBALCAJA LA RODA,False
3210,C.D. BASKET GLOBALCAJA QUINTANAR,6,4.449,42.853,False,5,FUNDACION GLOBALCAJA LA RODA,False
3211,C.D. BASKET GLOBALCAJA QUINTANAR,12,17.27,69.699,False,5,FUNDACION GLOBALCAJA LA RODA,False
3212,C.D. BASKET GLOBALCAJA QUINTANAR,14,6.0014,55.961,False,5,FUNDACION GLOBALCAJA LA RODA,False
3213,C.D. BASKET GLOBALCAJA QUINTANAR,8,27.228,16.0,True,5,FUNDACION GLOBALCAJA LA RODA,False
3214,C.D. BASKET GLOBALCAJA QUINTANAR,1,34.901,69.951,False,5,FUNDACION GLOBALCAJA LA RODA,False
3215,C.D. BASKET GLOBALCAJA QUINTANAR,21,6.847,26.342,False,5,FUNDACION GLOBALCAJA LA RODA,False
3216,C.D. BASKET GLOBALCAJA QUINTANAR,21,32.235,70.329,True,5,FUNDACION GLOBALCAJA LA RODA,False
3217,C.D. BASKET GLOBALCAJA QUINTANAR,12,7.69389999999999,74.867,False,5,FUNDACION GLOBALCAJA LA RODA,False
3218,C.D. BASKET GLOBALCAJA QUINTANAR,2,7.9619,57.599,False,5,FUNDACION GLOBALCAJA LA RODA,False
3219,C.D. BASKET GLOBALCAJA QUINTANAR,6,6.91819999999999,55.961,False,5,FUNDACION GLOBALCAJA LA RODA,False
3220,C.D. BASKET GLOBALCAJA QUINTANAR,3,6.35399999999999,51.67,False,5,FUNDACION GLOBALCAJA LA RODA,False
3221,C.D. BASKET GLOBALCAJA QUINTANAR,8,8.244,83.311,True,5,FUNDACION GLOBALCAJA LA RODA,False
3222,C.D. BASKET GLOBALCAJA QUINTANAR,1,23.335,58.356,False,5,FUNDACION GLOBALCAJA LA RODA,False
3223,C.D. BASKET GLOBALCAJA QUINTANAR,12,27.79259999999999,16.385,False,5,FUNDACION GLOBALCAJA LA RODA,False
3224,C.D. BASKET GLOBALCAJA QUINTANAR,3,7.69389999999999,58.608,False,5,FUNDACION GLOBALCAJA LA RODA,False
3225,C.D. BASKET GLOBALCAJA QUINTANAR,8,24.54859999999999,7.9404,False,5,FUNDACION GLOBALCAJA LA RODA,False
3226,C.D. BASKET GLOBALCAJA QUINTANAR,12,8.244,39.576,True,5,FUNDACION GLOBALCAJA LA RODA,False
3227,C.D. BASKET GLOBALCAJA QUINTANAR,14,4.30889999999999,5.797,True,5,FUNDACION GLOBALCAJA LA RODA,False
3228,C.D. BASKET GLOBALCAJA QUINTANAR,8,4.873,41.466,True,5,FUNDACION GLOBALCAJA LA RODA,False
3229,C.D. BASKET GLOBALCAJA QUINTANAR,1,31.671,31.509,False,5,FUNDACION GLOBALCAJA LA RODA,False
3230,C.D. BASKET GLOBALCAJA QUINTANAR,8,26.509,12.477,True,5,FUNDACION GLOBALCAJA LA RODA,False
3231,C.D. BASKET GLOBALCAJA QUINTANAR,6,9.3723,41.466,False,5,FUNDACION GLOBALCAJA LA RODA,False
3232,MOVISTAR ESTUDIANTES,6,9.3358,65.668,False,5,SUMIALKI CB CIUDAD DE MOSTOLES,True
3233,MOVISTAR ESTUDIANTES,8,33.55,15.91,False,5,SUMIALKI CB CIUDAD DE MOSTOLES,True
3234,MOVISTAR ESTUDIANTES,15,27.9621,8.7711,False,5,SUMIALKI CB CIUDAD DE MOSTOLES,True
3235,MOVISTAR ESTUDIANTES,9,9.5202,58.19,True,5,SUMIALKI CB CIUDAD DE MOSTOLES,True
3236,MOVISTAR ESTUDIANTES,6,30.789,82.144,True,5,SUMIALKI CB CIUDAD DE MOSTOLES,True
3237,MOVISTAR ESTUDIANTES,15,12.96269999999999,54.354,True,5,SUMIALKI CB CIUDAD DE MOSTOLES,True
3238,MOVISTAR ESTUDIANTES,25,27.6547,91.041,False,5,SUMIALKI CB CIUDAD DE MOSTOLES,True
3239,MOVISTAR ESTUDIANTES,22,9.3358,54.354,True,5,SUMIALKI CB CIUDAD DE MOSTOLES,True
3240,MOVISTAR ESTUDIANTES,12,29.25,85.65,True,5,SUMIALKI CB CIUDAD DE MOSTOLES,True
3241,MOVISTAR ESTUDIANTES,8,10.565,58.19,False,5,SUMIALKI CB CIUDAD DE MOSTOLES,True
3242,MOVISTAR ESTUDIANTES,22,7.614,44.249,True,5,SUMIALKI CB CIUDAD DE MOSTOLES,True
3243,MOVISTAR ESTUDIANTES,6,9.3972,33.814,False,5,SUMIALKI CB CIUDAD DE MOSTOLES,True
3244,MOVISTAR ESTUDIANTES,22,8.4137,48.533,True,5,SUMIALKI CB CIUDAD DE MOSTOLES,True
3245,MOVISTAR ESTUDIANTES,15,35.76909999999999,29.42,False,5,SUMIALKI CB CIUDAD DE MOSTOLES,True
3246,MOVISTAR ESTUDIANTES,8,29.007,92.578,False,5,SUMIALKI CB CIUDAD DE MOSTOLES,True
3247,MOVISTAR ESTUDIANTES,10,30.052,83.57,True,5,SUMIALKI CB CIUDAD DE MOSTOLES,True
3248,MOVISTAR ESTUDIANTES,12,26.486,89.06,False,5,SUMIALKI CB CIUDAD DE MOSTOLES,True
3249,MOVISTAR ESTUDIANTES,12,14.06919999999999,47.434,True,5,SUMIALKI CB CIUDAD DE MOSTOLES,True
3250,MOVISTAR ESTUDIANTES,25,25.564,90.821,False,5,SUMIALKI CB CIUDAD DE MOSTOLES,True
3251,MOVISTAR ESTUDIANTES,12,10.565,53.256,False,5,SUMIALKI CB CIUDAD DE MOSTOLES,True
3252,MOVISTAR ESTUDIANTES,9,9.45879999999999,44.029,True,5,SUMIALKI CB CIUDAD DE MOSTOLES,True
3253,MOVISTAR ESTUDIANTES,6,14.192,45.89,True,5,SUMIALKI CB CIUDAD DE MOSTOLES,True
3254,MOVISTAR ESTUDIANTES,6,27.285,7.5629,False,5,SUMIALKI CB CIUDAD DE MOSTOLES,True
3255,MOVISTAR ESTUDIANTES,7,29.1915,13.604,True,5,SUMIALKI CB CIUDAD DE MOSTOLES,True
3256,MOVISTAR ESTUDIANTES,6,11.979,44.249,False,5,SUMIALKI CB CIUDAD DE MOSTOLES,True
3257,MOVISTAR ESTUDIANTES,22,9.5817,59.846,True,5,SUMIALKI CB CIUDAD DE MOSTOLES,True
3258,MOVISTAR ESTUDIANTES,7,12.22,59.187,True,5,SUMIALKI CB CIUDAD DE MOSTOLES,True
3259,MOVISTAR ESTUDIANTES,9,10.257,52.597,False,5,SUMIALKI CB CIUDAD DE MOSTOLES,True
3260,MOVISTAR ESTUDIANTES,19,10.565,43.919,True,5,SUMIALKI CB CIUDAD DE MOSTOLES,True
3261,MOVISTAR ESTUDIANTES,6,31.404,76.761,True,5,SUMIALKI CB CIUDAD DE MOSTOLES,True
3262,MOVISTAR ESTUDIANTES,19,30.54389999999999,17.11,False,5,SUMIALKI CB CIUDAD DE MOSTOLES,True
3263,MOVISTAR ESTUDIANTES,8,33.248,14.043,True,5,SUMIALKI CB CIUDAD DE MOSTOLES,True
3264,MOVISTAR ESTUDIANTES,25,39.334,44.688,True,5,SUMIALKI CB CIUDAD DE MOSTOLES,True
3265,MOVISTAR ESTUDIANTES,15,27.347,86.537,True,5,SUMIALKI CB CIUDAD DE MOSTOLES,True
3266,MOVISTAR ESTUDIANTES,6,27.285,86.757,False,5,SUMIALKI CB CIUDAD DE MOSTOLES,True
3267,MOVISTAR ESTUDIANTES,15,36.506,20.743,False,5,SUMIALKI CB CIUDAD DE MOSTOLES,True
3268,MOVISTAR ESTUDIANTES,9,10.6268,51.938,True,5,SUMIALKI CB CIUDAD DE MOSTOLES,True
3269,MOVISTAR ESTUDIANTES,8,36.629,39.086,True,5,SUMIALKI CB CIUDAD DE MOSTOLES,True
3270,MOVISTAR ESTUDIANTES,8,8.1063,53.146,False,5,SUMIALKI CB CIUDAD DE MOSTOLES,True
3271,MOVISTAR ESTUDIANTES,19,10.442,49.192,True,5,SUMIALKI CB CIUDAD DE MOSTOLES,True
3272,MOVISTAR ESTUDIANTES,7,25.81,90.711,False,5,SUMIALKI CB CIUDAD DE MOSTOLES,True
3273,MOVISTAR ESTUDIANTES,9,14.7454,51.388,True,5,SUMIALKI CB CIUDAD DE MOSTOLES,True
3274,MOVISTAR ESTUDIANTES,8,9.76609999999999,34.583,False,5,SUMIALKI CB CIUDAD DE MOSTOLES,True
3275,MOVISTAR ESTUDIANTES,9,11.11849999999999,50.4,True,5,SUMIALKI CB CIUDAD DE MOSTOLES,True
3276,MOVISTAR ESTUDIANTES,9,10.565,58.19,False,5,SUMIALKI CB CIUDAD DE MOSTOLES,True
3277,MOVISTAR ESTUDIANTES,6,25.38,92.578,False,5,SUMIALKI CB CIUDAD DE MOSTOLES,True
3278,MOVISTAR ESTUDIANTES,22,10.01,51.608,True,5,SUMIALKI CB CIUDAD DE MOSTOLES,True
3279,MOVISTAR ESTUDIANTES,7,11.30299999999999,44.908,False,5,SUMIALKI CB CIUDAD DE MOSTOLES,True
3280,MOVISTAR ESTUDIANTES,9,10.8726,48.423,True,5,SUMIALKI CB CIUDAD DE MOSTOLES,True
3281,MOVISTAR ESTUDIANTES,19,17.388,55.45,False,5,SUMIALKI CB CIUDAD DE MOSTOLES,True
3282,MOVISTAR ESTUDIANTES,19,9.64319999999999,43.37,True,5,SUMIALKI CB CIUDAD DE MOSTOLES,True
3283,MOVISTAR ESTUDIANTES,12,8.3522,52.597,False,5,SUMIALKI CB CIUDAD DE MOSTOLES,True
3284,MOVISTAR ESTUDIANTES,25,36.814,41.283,True,5,SUMIALKI CB CIUDAD DE MOSTOLES,True
3285,MOVISTAR ESTUDIANTES,12,10.196,47.544,False,5,SUMIALKI CB CIUDAD DE MOSTOLES,True
3286,MOVISTAR ESTUDIANTES,6,10.38,43.041,True,5,SUMIALKI CB CIUDAD DE MOSTOLES,True
3287,MOVISTAR ESTUDIANTES,11,8.2908,43.7,True,5,SUMIALKI CB CIUDAD DE MOSTOLES,True
3288,MOVISTAR ESTUDIANTES,11,33.986,20.743,False,5,SUMIALKI CB CIUDAD DE MOSTOLES,True
3289,MOVISTAR ESTUDIANTES,19,9.02849999999999,43.48,True,5,SUMIALKI CB CIUDAD DE MOSTOLES,True
3290,MOVISTAR ESTUDIANTES,8,7.1228,60.835,True,5,SUMIALKI CB CIUDAD DE MOSTOLES,True
3291,MOVISTAR ESTUDIANTES,6,7.1228,40.075,False,5,SUMIALKI CB CIUDAD DE MOSTOLES,True
3292,MOVISTAR ESTUDIANTES,25,8.84399999999999,64.3,False,5,SUMIALKI CB CIUDAD DE MOSTOLES,True
3293,MOVISTAR ESTUDIANTES,25,34.601,12.945,False,5,SUMIALKI CB CIUDAD DE MOSTOLES,True
3294,MOVISTAR ESTUDIANTES,22,10.626,55.782,True,5,SUMIALKI CB CIUDAD DE MOSTOLES,True
3295,MOVISTAR ESTUDIANTES,9,10.01,47.764,True,5,SUMIALKI CB CIUDAD DE MOSTOLES,True
3296,MOVISTAR ESTUDIANTES,9,9.7046,45.237,True,5,SUMIALKI CB CIUDAD DE MOSTOLES,True
3297,MOVISTAR ESTUDIANTES,9,8.7826,43.15,False,5,SUMIALKI CB CIUDAD DE MOSTOLES,True
3298,MOVISTAR ESTUDIANTES,6,24.70399999999999,94.55,False,5,SUMIALKI CB CIUDAD DE MOSTOLES,True
3299,MOVISTAR ESTUDIANTES,25,35.89,48.313,False,5,SUMIALKI CB CIUDAD DE MOSTOLES,True
3300,MOVISTAR ESTUDIANTES,9,11.794,56.551,True,5,SUMIALKI CB CIUDAD DE MOSTOLES,True
3301,MOVISTAR ESTUDIANTES,11,23.351,89.832,False,5,SUMIALKI CB CIUDAD DE MOSTOLES,True
3302,MOVISTAR ESTUDIANTES,9,8.967,66.217,False,5,SUMIALKI CB CIUDAD DE MOSTOLES,True
3303,MOVISTAR ESTUDIANTES,25,35.83,25.35,False,5,SUMIALKI CB CIUDAD DE MOSTOLES,True
3304,MOVISTAR ESTUDIANTES,8,11.118,59.407,False,5,SUMIALKI CB CIUDAD DE MOSTOLES,True
3305,MOVISTAR ESTUDIANTES,8,27.16289999999999,87.745,False,5,SUMIALKI CB CIUDAD DE MOSTOLES,True
3306,MOVISTAR ESTUDIANTES,15,9.2129,46.336,False,5,SUMIALKI CB CIUDAD DE MOSTOLES,True
3307,MOVISTAR ESTUDIANTES,22,10.19639999999999,43.919,True,5,SUMIALKI CB CIUDAD DE MOSTOLES,True
3308,MOVISTAR ESTUDIANTES,22,10.13,59.956,False,5,SUMIALKI CB CIUDAD DE MOSTOLES,True
3309,MOVISTAR ESTUDIANTES,7,25.564,90.821,False,5,SUMIALKI CB CIUDAD DE MOSTOLES,True
3310,MOVISTAR ESTUDIANTES,7,8.9055,47.434,False,5,SUMIALKI CB CIUDAD DE MOSTOLES,True
3311,MOVISTAR ESTUDIANTES,8,27.347,3.9381,False,5,SUMIALKI CB CIUDAD DE MOSTOLES,True
3312,SUMIALKI CB CIUDAD DE MOSTOLES,4,12.83979999999999,46.665,True,5,MOVISTAR ESTUDIANTES,False
3313,SUMIALKI CB CIUDAD DE MOSTOLES,3,32.695,15.361,True,5,MOVISTAR ESTUDIANTES,False
3314,SUMIALKI CB CIUDAD DE MOSTOLES,9,29.1,85.329,True,5,MOVISTAR ESTUDIANTES,False
3315,SUMIALKI CB CIUDAD DE MOSTOLES,33,35.769,42.931,False,5,MOVISTAR ESTUDIANTES,False
3316,SUMIALKI CB CIUDAD DE MOSTOLES,9,31.65,78.73,False,5,MOVISTAR ESTUDIANTES,False
3317,SUMIALKI CB CIUDAD DE MOSTOLES,3,30.789,10.748,False,5,MOVISTAR ESTUDIANTES,False
3318,SUMIALKI CB CIUDAD DE MOSTOLES,22,29.6833,87.086,False,5,MOVISTAR ESTUDIANTES,False
3319,SUMIALKI CB CIUDAD DE MOSTOLES,88,8.2908,39.306,False,5,MOVISTAR ESTUDIANTES,False
3320,SUMIALKI CB CIUDAD DE MOSTOLES,29,23.0442,93.23,False,5,MOVISTAR ESTUDIANTES,False
3321,SUMIALKI CB CIUDAD DE MOSTOLES,88,8.721,54.903,True,5,MOVISTAR ESTUDIANTES,False
3322,SUMIALKI CB CIUDAD DE MOSTOLES,13,12.4094,39.086,False,5,MOVISTAR ESTUDIANTES,False
3323,SUMIALKI CB CIUDAD DE MOSTOLES,29,31.404,15.141,False,5,MOVISTAR ESTUDIANTES,False
3324,SUMIALKI CB CIUDAD DE MOSTOLES,33,10.872,54.025,True,5,MOVISTAR ESTUDIANTES,False
3325,SUMIALKI CB CIUDAD DE MOSTOLES,29,32.08,15.471,True,5,MOVISTAR ESTUDIANTES,False
3326,SUMIALKI CB CIUDAD DE MOSTOLES,20,10.6268,58.748,False,5,MOVISTAR ESTUDIANTES,False
3327,SUMIALKI CB CIUDAD DE MOSTOLES,29,33.31019999999999,80.276,False,5,MOVISTAR ESTUDIANTES,False
3328,SUMIALKI CB CIUDAD DE MOSTOLES,33,33.74,83.57,False,5,MOVISTAR ESTUDIANTES,False
3329,SUMIALKI CB CIUDAD DE MOSTOLES,88,29.92919999999999,14.043,True,5,MOVISTAR ESTUDIANTES,False
3330,SUMIALKI CB CIUDAD DE MOSTOLES,9,7.799,56.112,False,5,MOVISTAR ESTUDIANTES,False
3331,SUMIALKI CB CIUDAD DE MOSTOLES,29,11.733,36.011,False,5,MOVISTAR ESTUDIANTES,False
3332,SUMIALKI CB CIUDAD DE MOSTOLES,9,8.7826,39.74,False,5,MOVISTAR ESTUDIANTES,False
3333,SUMIALKI CB CIUDAD DE MOSTOLES,29,8.5981,64.24,False,5,MOVISTAR ESTUDIANTES,False
3334,SUMIALKI CB CIUDAD DE MOSTOLES,22,10.07349999999999,47.32,False,5,MOVISTAR ESTUDIANTES,False
3335,SUMIALKI CB CIUDAD DE MOSTOLES,4,10.13,42.162,False,5,MOVISTAR ESTUDIANTES,False
3336,SUMIALKI CB CIUDAD DE MOSTOLES,22,29.929,84.34,False,5,MOVISTAR ESTUDIANTES,False
3337,SUMIALKI CB CIUDAD DE MOSTOLES,12,36.814,45.128,False,5,MOVISTAR ESTUDIANTES,False
3338,SUMIALKI CB CIUDAD DE MOSTOLES,4,11.917,38.318,False,5,MOVISTAR ESTUDIANTES,False
3339,SUMIALKI CB CIUDAD DE MOSTOLES,9,10.56529999999999,47.764,True,5,MOVISTAR ESTUDIANTES,False
3340,SUMIALKI CB CIUDAD DE MOSTOLES,12,9.58169999999999,61.494,True,5,MOVISTAR ESTUDIANTES,False
3341,SUMIALKI CB CIUDAD DE MOSTOLES,29,30.29,87.855,False,5,MOVISTAR ESTUDIANTES,False
3342,SUMIALKI CB CIUDAD DE MOSTOLES,12,9.4587,37.988,False,5,MOVISTAR ESTUDIANTES,False
3343,SUMIALKI CB CIUDAD DE MOSTOLES,12,33.863,73.247,True,5,MOVISTAR ESTUDIANTES,False
3344,SUMIALKI CB CIUDAD DE MOSTOLES,29,9.45879999999999,40.295,True,5,MOVISTAR ESTUDIANTES,False
3345,SUMIALKI CB CIUDAD DE MOSTOLES,4,10.4423,42.052,True,5,MOVISTAR ESTUDIANTES,False
3346,SUMIALKI CB CIUDAD DE MOSTOLES,4,10.4423,40.624,True,5,MOVISTAR ESTUDIANTES,False
3347,SUMIALKI CB CIUDAD DE MOSTOLES,20,31.0357,84.89,False,5,MOVISTAR ESTUDIANTES,False
3348,SUMIALKI CB CIUDAD DE MOSTOLES,9,9.45879999999999,39.74,True,5,MOVISTAR ESTUDIANTES,False
3349,SUMIALKI CB CIUDAD DE MOSTOLES,15,9.8891,50.51,True,5,MOVISTAR ESTUDIANTES,False
3350,SUMIALKI CB CIUDAD DE MOSTOLES,88,11.0571,40.734,False,5,MOVISTAR ESTUDIANTES,False
3351,SUMIALKI CB CIUDAD DE MOSTOLES,88,36.568,47.764,False,5,MOVISTAR ESTUDIANTES,False
3352,SUMIALKI CB CIUDAD DE MOSTOLES,29,21.015,5.9153,False,5,MOVISTAR ESTUDIANTES,False
3353,SUMIALKI CB CIUDAD DE MOSTOLES,13,37.244,31.5,False,5,MOVISTAR ESTUDIANTES,False
3354,SUMIALKI CB CIUDAD DE MOSTOLES,12,15.237,65.668,True,5,MOVISTAR ESTUDIANTES,False
3355,SUMIALKI CB CIUDAD DE MOSTOLES,20,27.408,86.647,False,5,MOVISTAR ESTUDIANTES,False
3356,SUMIALKI CB CIUDAD DE MOSTOLES,12,27.0,11.517,True,5,MOVISTAR ESTUDIANTES,False
3357,SUMIALKI CB CIUDAD DE MOSTOLES,29,32.51,13.274,True,5,MOVISTAR ESTUDIANTES,False
3358,SUMIALKI CB CIUDAD DE MOSTOLES,4,9.8276,39.526,True,5,MOVISTAR ESTUDIANTES,False
3359,SUMIALKI CB CIUDAD DE MOSTOLES,9,32.0806999999999,17.668,True,5,MOVISTAR ESTUDIANTES,False
3360,SUMIALKI CB CIUDAD DE MOSTOLES,13,25.1958,9.6498,False,5,MOVISTAR ESTUDIANTES,False
3361,SUMIALKI CB CIUDAD DE MOSTOLES,4,34.478,18.876,False,5,MOVISTAR ESTUDIANTES,False
3362,SUMIALKI CB CIUDAD DE MOSTOLES,15,9.3358,63.91,False,5,MOVISTAR ESTUDIANTES,False
3363,SUMIALKI CB CIUDAD DE MOSTOLES,12,9.5202,56.661,True,5,MOVISTAR ESTUDIANTES,False
3364,SUMIALKI CB CIUDAD DE MOSTOLES,29,11.241,48.533,False,5,MOVISTAR ESTUDIANTES,False
3365,SUMIALKI CB CIUDAD DE MOSTOLES,15,12.47,45.567,False,5,MOVISTAR ESTUDIANTES,False
3366,SUMIALKI CB CIUDAD DE MOSTOLES,33,28.822,12.615,False,5,MOVISTAR ESTUDIANTES,False
3367,SUMIALKI CB CIUDAD DE MOSTOLES,9,8.84399999999999,39.855,True,5,MOVISTAR ESTUDIANTES,False
3368,SUMIALKI CB CIUDAD DE MOSTOLES,11,10.503,56.88,False,5,MOVISTAR ESTUDIANTES,False
3369,SUMIALKI CB CIUDAD DE MOSTOLES,11,25.564,8.8809,False,5,MOVISTAR ESTUDIANTES,False
3370,SUMIALKI CB CIUDAD DE MOSTOLES,29,30.789,82.144,False,5,MOVISTAR ESTUDIANTES,False
3371,SUMIALKI CB CIUDAD DE MOSTOLES,13,26.5481,87.745,False,5,MOVISTAR ESTUDIANTES,False
3372,SUMIALKI CB CIUDAD DE MOSTOLES,11,10.811,21.84,False,5,MOVISTAR ESTUDIANTES,False
3373,SUMIALKI CB CIUDAD DE MOSTOLES,15,23.044,7.0136,True,5,MOVISTAR ESTUDIANTES,False
3374,SUMIALKI CB CIUDAD DE MOSTOLES,4,12.7168,65.338,False,5,MOVISTAR ESTUDIANTES,False
3375,SUMIALKI CB CIUDAD DE MOSTOLES,15,28.638,9.8695,False,5,MOVISTAR ESTUDIANTES,False
3376,SUMIALKI CB CIUDAD DE MOSTOLES,9,28.2694,11.627,False,5,MOVISTAR ESTUDIANTES,False
3377,SUMIALKI CB CIUDAD DE MOSTOLES,9,14.806,4.707,False,5,MOVISTAR ESTUDIANTES,False
3378,SUMIALKI CB CIUDAD DE MOSTOLES,12,9.15139999999999,66.43,False,5,MOVISTAR ESTUDIANTES,False
3379,SUMIALKI CB CIUDAD DE MOSTOLES,88,34.17,79.507,True,5,MOVISTAR ESTUDIANTES,False
3380,SUMIALKI CB CIUDAD DE MOSTOLES,9,33.064,17.338,False,5,MOVISTAR ESTUDIANTES,False
3381,SUMIALKI CB CIUDAD DE MOSTOLES,9,26.1179,90.272,False,5,MOVISTAR ESTUDIANTES,False
3382,SUMIALKI CB CIUDAD DE MOSTOLES,9,11.118,52.377,False,5,MOVISTAR ESTUDIANTES,False
3383,SUMIALKI CB CIUDAD DE MOSTOLES,88,7.799,56.112,False,5,MOVISTAR ESTUDIANTES,False
3384,SUMIALKI CB CIUDAD DE MOSTOLES,29,30.789,84.67,False,5,MOVISTAR ESTUDIANTES,False
3385,PROBASKETLAB FUENLABRADA,10,9.5031,60.216,False,5,TOSCONES CORRALEJO,True
3386,PROBASKETLAB FUENLABRADA,13,8.8691,51.814,True,5,TOSCONES CORRALEJO,True
3387,PROBASKETLAB FUENLABRADA,8,18.326,47.66,False,5,TOSCONES CORRALEJO,True
3388,PROBASKETLAB FUENLABRADA,14,9.5031,50.115,True,5,TOSCONES CORRALEJO,True
3389,PROBASKETLAB FUENLABRADA,5,8.76349999999999,98.072,False,5,TOSCONES CORRALEJO,True
3390,PROBASKETLAB FUENLABRADA,14,33.0669,31.989,False,5,TOSCONES CORRALEJO,True
3391,PROBASKETLAB FUENLABRADA,8,9.2389,50.77,True,5,TOSCONES CORRALEJO,True
3392,PROBASKETLAB FUENLABRADA,10,28.84,85.327,False,5,TOSCONES CORRALEJO,True
3393,PROBASKETLAB FUENLABRADA,13,33.85939999999999,56.44,True,5,TOSCONES CORRALEJO,True
3394,PROBASKETLAB FUENLABRADA,5,15.3148,49.926,True,5,TOSCONES CORRALEJO,True
3395,PROBASKETLAB FUENLABRADA,2,20.33,8.6719,False,5,TOSCONES CORRALEJO,True
3396,PROBASKETLAB FUENLABRADA,3,30.79,80.607,False,5,TOSCONES CORRALEJO,True
3397,PROBASKETLAB FUENLABRADA,6,9.92579999999999,60.971,True,5,TOSCONES CORRALEJO,True
3398,PROBASKETLAB FUENLABRADA,13,28.47029999999999,9.9935,True,5,TOSCONES CORRALEJO,True
3399,PROBASKETLAB FUENLABRADA,4,34.91,34.255,False,5,TOSCONES CORRALEJO,True
3400,PROBASKETLAB FUENLABRADA,5,34.123,25.28,False,5,TOSCONES CORRALEJO,True
3401,PROBASKETLAB FUENLABRADA,7,13.043,80.607,False,5,TOSCONES CORRALEJO,True
3402,PROBASKETLAB FUENLABRADA,10,10.348,49.737,True,5,TOSCONES CORRALEJO,True
3403,PROBASKETLAB FUENLABRADA,13,32.538,30.19,True,5,TOSCONES CORRALEJO,True
3404,PROBASKETLAB FUENLABRADA,3,10.242,58.894,False,5,TOSCONES CORRALEJO,True
3405,PROBASKETLAB FUENLABRADA,3,11.88,35.671,True,5,TOSCONES CORRALEJO,True
3406,PROBASKETLAB FUENLABRADA,9,12.461,49.359,False,5,TOSCONES CORRALEJO,True
3407,PROBASKETLAB FUENLABRADA,5,8.3408,57.1,True,5,TOSCONES CORRALEJO,True
3408,PROBASKETLAB FUENLABRADA,8,9.3446,49.548,True,5,TOSCONES CORRALEJO,True
3409,PROBASKETLAB FUENLABRADA,3,23.768,92.313,False,5,TOSCONES CORRALEJO,True
3410,PROBASKETLAB FUENLABRADA,10,24.402,89.67,False,5,TOSCONES CORRALEJO,True
3411,PROBASKETLAB FUENLABRADA,9,13.72979999999999,22.832,True,5,TOSCONES CORRALEJO,True
3412,PROBASKETLAB FUENLABRADA,3,28.681,86.649,True,5,TOSCONES CORRALEJO,True
3413,PROBASKETLAB FUENLABRADA,8,29.791,13.675,False,5,TOSCONES CORRALEJO,True
3414,PROBASKETLAB FUENLABRADA,9,18.9603,72.677,False,5,TOSCONES CORRALEJO,True
3415,PROBASKETLAB FUENLABRADA,13,14.152,74.282,False,5,TOSCONES CORRALEJO,True
3416,PROBASKETLAB FUENLABRADA,10,8.76349999999999,98.072,True,5,TOSCONES CORRALEJO,True
3417,PROBASKETLAB FUENLABRADA,2,22.447,90.991,False,5,TOSCONES CORRALEJO,True
3418,PROBASKETLAB FUENLABRADA,3,10.718,25.098,False,5,TOSCONES CORRALEJO,True
3419,PROBASKETLAB FUENLABRADA,13,30.636,80.324,False,5,TOSCONES CORRALEJO,True
3420,PROBASKETLAB FUENLABRADA,10,9.2389,51.342,True,5,TOSCONES CORRALEJO,True
3421,PROBASKETLAB FUENLABRADA,8,8.1294,59.649,False,5,TOSCONES CORRALEJO,True
3422,PROBASKETLAB FUENLABRADA,5,12.8845,53.23,True,5,TOSCONES CORRALEJO,True
3423,PROBASKETLAB FUENLABRADA,10,11.405,49.737,True,5,TOSCONES CORRALEJO,True
3424,PROBASKETLAB FUENLABRADA,10,10.876,77.02,True,5,TOSCONES CORRALEJO,True
3425,PROBASKETLAB FUENLABRADA,3,9.39749999999999,52.569,False,5,TOSCONES CORRALEJO,True
3426,PROBASKETLAB FUENLABRADA,8,11.563,47.75,True,5,TOSCONES CORRALEJO,True
3427,PROBASKETLAB FUENLABRADA,10,11.88,78.058,True,5,TOSCONES CORRALEJO,True
3428,PROBASKETLAB FUENLABRADA,10,19.9642,29.818,False,5,TOSCONES CORRALEJO,True
3429,PROBASKETLAB FUENLABRADA,14,9.92579999999999,60.971,False,5,TOSCONES CORRALEJO,True
3430,PROBASKETLAB FUENLABRADA,14,14.94499999999999,79.38,False,5,TOSCONES CORRALEJO,True
3431,PROBASKETLAB FUENLABRADA,6,26.092,11.692,False,5,TOSCONES CORRALEJO,True
3432,PROBASKETLAB FUENLABRADA,4,5.804,52.66,True,5,TOSCONES CORRALEJO,True
3433,PROBASKETLAB FUENLABRADA,2,23.028,90.803,False,5,TOSCONES CORRALEJO,True
3434,PROBASKETLAB FUENLABRADA,13,18.801,95.9,False,5,TOSCONES CORRALEJO,True
3435,PROBASKETLAB FUENLABRADA,10,34.59,38.881,False,5,TOSCONES CORRALEJO,True
3436,PROBASKETLAB FUENLABRADA,2,15.57899999999999,26.325,False,5,TOSCONES CORRALEJO,True
3437,PROBASKETLAB FUENLABRADA,7,31.217,76.359,False,5,TOSCONES CORRALEJO,True
3438,PROBASKETLAB FUENLABRADA,13,24.138,13.486,False,5,TOSCONES CORRALEJO,True
3439,PROBASKETLAB FUENLABRADA,5,31.11199999999999,78.436,True,5,TOSCONES CORRALEJO,True
3440,PROBASKETLAB FUENLABRADA,14,13.941,79.946,False,5,TOSCONES CORRALEJO,True
3441,PROBASKETLAB FUENLABRADA,5,18.062,77.586,False,5,TOSCONES CORRALEJO,True
3442,PROBASKETLAB FUENLABRADA,9,12.197,72.77,True,5,TOSCONES CORRALEJO,True
3443,PROBASKETLAB FUENLABRADA,8,8.9748,54.929,False,5,TOSCONES CORRALEJO,True
3444,PROBASKETLAB FUENLABRADA,6,11.141,55.496,False,5,TOSCONES CORRALEJO,True
3445,PROBASKETLAB FUENLABRADA,7,28.47029999999999,86.55,True,5,TOSCONES CORRALEJO,True
3446,PROBASKETLAB FUENLABRADA,8,10.876,77.02,False,5,TOSCONES CORRALEJO,True
3447,PROBASKETLAB FUENLABRADA,5,24.719,13.392,True,5,TOSCONES CORRALEJO,True
3448,PROBASKETLAB FUENLABRADA,4,6.7029,73.338,False,5,TOSCONES CORRALEJO,True
3449,PROBASKETLAB FUENLABRADA,4,32.591,78.058,False,5,TOSCONES CORRALEJO,True
3450,PROBASKETLAB FUENLABRADA,13,9.1861,75.981,False,5,TOSCONES CORRALEJO,True
3451,PROBASKETLAB FUENLABRADA,4,33.7009,20.661,False,5,TOSCONES CORRALEJO,True
3452,PROBASKETLAB FUENLABRADA,9,14.046,22.077,True,5,TOSCONES CORRALEJO,True
3453,PROBASKETLAB FUENLABRADA,7,31.74,23.398,False,5,TOSCONES CORRALEJO,True
3454,PROBASKETLAB FUENLABRADA,2,13.1486,23.776,True,5,TOSCONES CORRALEJO,True
3455,PROBASKETLAB FUENLABRADA,10,27.889,83.911,False,5,TOSCONES CORRALEJO,True
3456,PROBASKETLAB FUENLABRADA,14,21.073,6.595,False,5,TOSCONES CORRALEJO,True
3457,PROBASKETLAB FUENLABRADA,4,14.522,24.437,True,5,TOSCONES CORRALEJO,True
3458,PROBASKETLAB FUENLABRADA,14,33.96,58.233,False,5,TOSCONES CORRALEJO,True
3459,TOSCONES CORRALEJO,15,10.348,54.74,True,5,PROBASKETLAB FUENLABRADA,False
3460,TOSCONES CORRALEJO,11,13.307,28.779,False,5,PROBASKETLAB FUENLABRADA,False
3461,TOSCONES CORRALEJO,7,34.28,23.682,False,5,PROBASKETLAB FUENLABRADA,False
3462,TOSCONES CORRALEJO,7,14.892,75.415,False,5,PROBASKETLAB FUENLABRADA,False
3463,TOSCONES CORRALEJO,34,34.017,79.852,False,5,PROBASKETLAB FUENLABRADA,False
3464,TOSCONES CORRALEJO,9,9.45,55.307,False,5,PROBASKETLAB FUENLABRADA,False
3465,TOSCONES CORRALEJO,7,15.526,48.982,False,5,PROBASKETLAB FUENLABRADA,False
3466,TOSCONES CORRALEJO,30,23.1342,9.8991,True,5,PROBASKETLAB FUENLABRADA,False
3467,TOSCONES CORRALEJO,8,7.9181,53.796,True,5,PROBASKETLAB FUENLABRADA,False
3468,TOSCONES CORRALEJO,9,9.08,47.66,True,5,PROBASKETLAB FUENLABRADA,False
3469,TOSCONES CORRALEJO,6,30.583,89.198,False,5,PROBASKETLAB FUENLABRADA,False
3470,TOSCONES CORRALEJO,8,12.356,54.552,True,5,PROBASKETLAB FUENLABRADA,False
3471,TOSCONES CORRALEJO,9,27.677,88.82,False,5,PROBASKETLAB FUENLABRADA,False
3472,TOSCONES CORRALEJO,17,24.085,86.649,True,5,PROBASKETLAB FUENLABRADA,False
3473,TOSCONES CORRALEJO,30,28.84,86.838,True,5,PROBASKETLAB FUENLABRADA,False
3474,TOSCONES CORRALEJO,8,10.92959999999999,53.23,False,5,PROBASKETLAB FUENLABRADA,False
3475,TOSCONES CORRALEJO,7,12.35609999999999,47.849,False,5,PROBASKETLAB FUENLABRADA,False
3476,TOSCONES CORRALEJO,25,16.265,81.834,False,5,PROBASKETLAB FUENLABRADA,False
3477,TOSCONES CORRALEJO,7,19.541,76.359,True,5,PROBASKETLAB FUENLABRADA,False
3478,TOSCONES CORRALEJO,11,14.152,77.303,True,5,PROBASKETLAB FUENLABRADA,False
3479,TOSCONES CORRALEJO,9,32.5913999999999,29.723,False,5,PROBASKETLAB FUENLABRADA,False
3480,TOSCONES CORRALEJO,30,24.56,91.275,False,5,PROBASKETLAB FUENLABRADA,False
3481,TOSCONES CORRALEJO,14,11.14,25.28,False,5,PROBASKETLAB FUENLABRADA,False
3482,TOSCONES CORRALEJO,11,5.4349,40.297,False,5,PROBASKETLAB FUENLABRADA,False
3483,TOSCONES CORRALEJO,25,12.09,77.2,False,5,PROBASKETLAB FUENLABRADA,False
3484,TOSCONES CORRALEJO,17,19.38,70.128,False,5,PROBASKETLAB FUENLABRADA,False
3485,TOSCONES CORRALEJO,30,5.48779999999999,47.471,True,5,PROBASKETLAB FUENLABRADA,False
3486,TOSCONES CORRALEJO,17,15.631,73.24,False,5,PROBASKETLAB FUENLABRADA,False
3487,TOSCONES CORRALEJO,7,13.254,56.817,False,5,PROBASKETLAB FUENLABRADA,False
3488,TOSCONES CORRALEJO,7,9.0276,59.461,False,5,PROBASKETLAB FUENLABRADA,False
3489,TOSCONES CORRALEJO,11,11.933,44.073,True,5,PROBASKETLAB FUENLABRADA,False
3490,TOSCONES CORRALEJO,8,34.176,74.754,False,5,PROBASKETLAB FUENLABRADA,False
3491,TOSCONES CORRALEJO,17,11.4051,46.905,True,5,PROBASKETLAB FUENLABRADA,False
3492,TOSCONES CORRALEJO,15,14.152,58.705,False,5,PROBASKETLAB FUENLABRADA,False
3493,TOSCONES CORRALEJO,8,9.39749999999999,56.534,False,5,PROBASKETLAB FUENLABRADA,False
3494,TOSCONES CORRALEJO,9,9.6616,41.807,True,5,PROBASKETLAB FUENLABRADA,False
3495,TOSCONES CORRALEJO,8,32.8555,77.2,True,5,PROBASKETLAB FUENLABRADA,False
3496,TOSCONES CORRALEJO,9,10.9825,48.51,True,5,PROBASKETLAB FUENLABRADA,False
3497,TOSCONES CORRALEJO,14,28.5232,12.259,False,5,PROBASKETLAB FUENLABRADA,False
3498,TOSCONES CORRALEJO,8,13.043,28.024,True,5,PROBASKETLAB FUENLABRADA,False
3499,TOSCONES CORRALEJO,17,16.84,46.527,False,5,PROBASKETLAB FUENLABRADA,False
3500,TOSCONES CORRALEJO,17,10.084,59.933,False,5,PROBASKETLAB FUENLABRADA,False
3501,TOSCONES CORRALEJO,17,18.96,76.548,True,5,PROBASKETLAB FUENLABRADA,False
3502,TOSCONES CORRALEJO,17,11.299,53.608,False,5,PROBASKETLAB FUENLABRADA,False
3503,TOSCONES CORRALEJO,8,30.58369999999999,83.06,False,5,PROBASKETLAB FUENLABRADA,False
3504,TOSCONES CORRALEJO,7,18.5905,71.072,False,5,PROBASKETLAB FUENLABRADA,False
3505,TOSCONES CORRALEJO,11,20.756,25.853,True,5,PROBASKETLAB FUENLABRADA,False
3506,TOSCONES CORRALEJO,30,12.2505,58.422,False,5,PROBASKETLAB FUENLABRADA,False
3507,TOSCONES CORRALEJO,9,33.542,83.156,False,5,PROBASKETLAB FUENLABRADA,False
3508,TOSCONES CORRALEJO,8,11.193,55.307,False,5,PROBASKETLAB FUENLABRADA,False
3509,TOSCONES CORRALEJO,17,13.148,83.25,True,5,PROBASKETLAB FUENLABRADA,False
3510,TOSCONES CORRALEJO,7,31.798,17.451,True,5,PROBASKETLAB FUENLABRADA,False
3511,TOSCONES CORRALEJO,17,28.523,84.95,False,5,PROBASKETLAB FUENLABRADA,False
3512,TOSCONES CORRALEJO,8,9.45,55.307,True,5,PROBASKETLAB FUENLABRADA,False
3513,TOSCONES CORRALEJO,11,10.718,60.782,False,5,PROBASKETLAB FUENLABRADA,False
3514,TOSCONES CORRALEJO,30,11.246,56.44,False,5,PROBASKETLAB FUENLABRADA,False
3515,TOSCONES CORRALEJO,7,32.221,25.853,False,5,PROBASKETLAB FUENLABRADA,False
3516,TOSCONES CORRALEJO,17,32.115,22.171,False,5,PROBASKETLAB FUENLABRADA,False
3517,TOSCONES CORRALEJO,8,10.771,57.1,False,5,PROBASKETLAB FUENLABRADA,False
3518,TOSCONES CORRALEJO,17,27.67789999999999,80.229,False,5,PROBASKETLAB FUENLABRADA,False
3519,TOSCONES CORRALEJO,11,22.7643,9.2383,False,5,PROBASKETLAB FUENLABRADA,False
3520,TOSCONES CORRALEJO,11,10.45409999999999,55.779,True,5,PROBASKETLAB FUENLABRADA,False
3521,TOSCONES CORRALEJO,11,10.1,78.436,False,5,PROBASKETLAB FUENLABRADA,False
3522,TOSCONES CORRALEJO,7,21.813,70.223,False,5,PROBASKETLAB FUENLABRADA,False
3523,TOSCONES CORRALEJO,7,13.888,60.877,False,5,PROBASKETLAB FUENLABRADA,False
3524,TOSCONES CORRALEJO,7,7.9181,53.796,False,5,PROBASKETLAB FUENLABRADA,False
3525,TOSCONES CORRALEJO,9,11.299,54.74,False,5,PROBASKETLAB FUENLABRADA,False
3526,TOSCONES CORRALEJO,11,9.978,53.513,False,5,PROBASKETLAB FUENLABRADA,False
3527,TOSCONES CORRALEJO,7,23.6097,90.142,False,5,PROBASKETLAB FUENLABRADA,False
3528,TOSCONES CORRALEJO,11,30.583,85.044,True,5,PROBASKETLAB FUENLABRADA,False
3529,TOSCONES CORRALEJO,15,10.82399999999999,51.342,False,5,PROBASKETLAB FUENLABRADA,False
3530,TOSCONES CORRALEJO,11,34.07,77.964,False,5,PROBASKETLAB FUENLABRADA,False
3531,TOSCONES CORRALEJO,7,10.55979999999999,55.779,True,5,PROBASKETLAB FUENLABRADA,False
3532,TOSCONES CORRALEJO,8,11.299,77.492,False,5,PROBASKETLAB FUENLABRADA,False
3533,NÁUTICO TENERIFE,18,34.978,78.018,False,7,SUMIALKI CB CIUDAD DE MOSTOLES,True
3534,NÁUTICO TENERIFE,1,5.99439999999999,2.7728,False,7,SUMIALKI CB CIUDAD DE MOSTOLES,True
3535,NÁUTICO TENERIFE,39,15.937,37.685,False,7,SUMIALKI CB CIUDAD DE MOSTOLES,True
3536,NÁUTICO TENERIFE,13,5.43019999999999,70.581,True,7,SUMIALKI CB CIUDAD DE MOSTOLES,True
3537,NÁUTICO TENERIFE,13,32.15,28.358,False,7,SUMIALKI CB CIUDAD DE MOSTOLES,True
3538,NÁUTICO TENERIFE,1,11.565,61.12,True,7,SUMIALKI CB CIUDAD DE MOSTOLES,True
3539,NÁUTICO TENERIFE,5,27.221,67.304,True,7,SUMIALKI CB CIUDAD DE MOSTOLES,True
3540,NÁUTICO TENERIFE,1,9.80249999999999,34.282,False,7,SUMIALKI CB CIUDAD DE MOSTOLES,True
3541,NÁUTICO TENERIFE,15,20.38079999999999,47.894,False,7,SUMIALKI CB CIUDAD DE MOSTOLES,True
3542,NÁUTICO TENERIFE,7,15.232,61.885,False,7,SUMIALKI CB CIUDAD DE MOSTOLES,True
3543,NÁUTICO TENERIFE,55,8.5331,49.155,True,7,SUMIALKI CB CIUDAD DE MOSTOLES,True
3544,NÁUTICO TENERIFE,39,13.3991,39.828,False,7,SUMIALKI CB CIUDAD DE MOSTOLES,True
3545,NÁUTICO TENERIFE,51,15.021,56.339,True,7,SUMIALKI CB CIUDAD DE MOSTOLES,True
3546,NÁUTICO TENERIFE,3,18.547,3.9072,False,7,SUMIALKI CB CIUDAD DE MOSTOLES,True
3547,NÁUTICO TENERIFE,23,15.232,61.885,False,7,SUMIALKI CB CIUDAD DE MOSTOLES,True
3548,NÁUTICO TENERIFE,18,15.162,93.268,False,7,SUMIALKI CB CIUDAD DE MOSTOLES,True
3549,NÁUTICO TENERIFE,51,11.35,54.448,False,7,SUMIALKI CB CIUDAD DE MOSTOLES,True
3550,NÁUTICO TENERIFE,13,6.1354,76.883,False,7,SUMIALKI CB CIUDAD DE MOSTOLES,True
3551,NÁUTICO TENERIFE,12,11.988,63.901,True,7,SUMIALKI CB CIUDAD DE MOSTOLES,True
3552,NÁUTICO TENERIFE,1,5.8533,36.425,True,7,SUMIALKI CB CIUDAD DE MOSTOLES,True
3553,NÁUTICO TENERIFE,18,6.55849999999999,29.493,False,7,SUMIALKI CB CIUDAD DE MOSTOLES,True
3554,NÁUTICO TENERIFE,7,28.067,85.076,False,7,SUMIALKI CB CIUDAD DE MOSTOLES,True
3555,NÁUTICO TENERIFE,1,7.827,45.12,True,7,SUMIALKI CB CIUDAD DE MOSTOLES,True
3556,NÁUTICO TENERIFE,5,6.34699999999999,65.792,True,7,SUMIALKI CB CIUDAD DE MOSTOLES,True
3557,NÁUTICO TENERIFE,23,33.3568,35.54,False,7,SUMIALKI CB CIUDAD DE MOSTOLES,True
3558,NÁUTICO TENERIFE,5,8.74469999999999,44.743,True,7,SUMIALKI CB CIUDAD DE MOSTOLES,True
3559,NÁUTICO TENERIFE,15,12.623,59.49,True,7,SUMIALKI CB CIUDAD DE MOSTOLES,True
3560,NÁUTICO TENERIFE,5,8.5331,36.551,True,7,SUMIALKI CB CIUDAD DE MOSTOLES,True
3561,NÁUTICO TENERIFE,15,5.7827,37.937,False,7,SUMIALKI CB CIUDAD DE MOSTOLES,True
3562,NÁUTICO TENERIFE,5,22.214,58.356,False,7,SUMIALKI CB CIUDAD DE MOSTOLES,True
3563,NÁUTICO TENERIFE,1,6.84059999999999,5.167,False,7,SUMIALKI CB CIUDAD DE MOSTOLES,True
3564,NÁUTICO TENERIFE,7,9.238,94.907,False,7,SUMIALKI CB CIUDAD DE MOSTOLES,True
3565,NÁUTICO TENERIFE,23,6.4175,48.39,True,7,SUMIALKI CB CIUDAD DE MOSTOLES,True
3566,NÁUTICO TENERIFE,23,31.382,83.689,False,7,SUMIALKI CB CIUDAD DE MOSTOLES,True
3567,NÁUTICO TENERIFE,39,6.34699999999999,57.97,True,7,SUMIALKI CB CIUDAD DE MOSTOLES,True
3568,NÁUTICO TENERIFE,39,7.68689999999999,61.633,True,7,SUMIALKI CB CIUDAD DE MOSTOLES,True
3569,NÁUTICO TENERIFE,51,11.283,57.97,True,7,SUMIALKI CB CIUDAD DE MOSTOLES,True
3570,NÁUTICO TENERIFE,15,16.572,56.465,True,7,SUMIALKI CB CIUDAD DE MOSTOLES,True
3571,NÁUTICO TENERIFE,39,34.273,75.749,False,7,SUMIALKI CB CIUDAD DE MOSTOLES,True
3572,NÁUTICO TENERIFE,13,3.385,6.1759,False,7,SUMIALKI CB CIUDAD DE MOSTOLES,True
3573,NÁUTICO TENERIFE,15,19.60509999999999,47.894,False,7,SUMIALKI CB CIUDAD DE MOSTOLES,True
3574,NÁUTICO TENERIFE,23,9.4499,61.38,False,7,SUMIALKI CB CIUDAD DE MOSTOLES,True
3575,NÁUTICO TENERIFE,13,28.42,12.98,True,7,SUMIALKI CB CIUDAD DE MOSTOLES,True
3576,NÁUTICO TENERIFE,3,19.957,36.551,False,7,SUMIALKI CB CIUDAD DE MOSTOLES,True
3577,NÁUTICO TENERIFE,23,21.932,3.7811,False,7,SUMIALKI CB CIUDAD DE MOSTOLES,True
3578,NÁUTICO TENERIFE,55,9.0973,40.71,True,7,SUMIALKI CB CIUDAD DE MOSTOLES,True
3579,NÁUTICO TENERIFE,5,23.977,7.9404,False,7,SUMIALKI CB CIUDAD DE MOSTOLES,True
3580,NÁUTICO TENERIFE,39,11.495,64.65,True,7,SUMIALKI CB CIUDAD DE MOSTOLES,True
3581,NÁUTICO TENERIFE,39,6.27639999999999,61.507,False,7,SUMIALKI CB CIUDAD DE MOSTOLES,True
3582,NÁUTICO TENERIFE,5,13.751,37.559,False,7,SUMIALKI CB CIUDAD DE MOSTOLES,True
3583,NÁUTICO TENERIFE,7,34.132,32.1,False,7,SUMIALKI CB CIUDAD DE MOSTOLES,True
3584,NÁUTICO TENERIFE,7,37.87,65.54,False,7,SUMIALKI CB CIUDAD DE MOSTOLES,True
3585,NÁUTICO TENERIFE,18,6.1354,40.584,True,7,SUMIALKI CB CIUDAD DE MOSTOLES,True
3586,NÁUTICO TENERIFE,51,9.661,43.105,True,7,SUMIALKI CB CIUDAD DE MOSTOLES,True
3587,NÁUTICO TENERIFE,39,11.918,56.969,True,7,SUMIALKI CB CIUDAD DE MOSTOLES,True
3588,NÁUTICO TENERIFE,55,25.458,87.849,False,7,SUMIALKI CB CIUDAD DE MOSTOLES,True
3589,NÁUTICO TENERIFE,23,31.946,22.056,False,7,SUMIALKI CB CIUDAD DE MOSTOLES,True
3590,NÁUTICO TENERIFE,5,4.93649999999999,62.011,True,7,SUMIALKI CB CIUDAD DE MOSTOLES,True
3591,NÁUTICO TENERIFE,39,11.35,54.448,False,7,SUMIALKI CB CIUDAD DE MOSTOLES,True
3592,NÁUTICO TENERIFE,1,9.026,59.994,False,7,SUMIALKI CB CIUDAD DE MOSTOLES,True
3593,NÁUTICO TENERIFE,39,9.5909,59.238,True,7,SUMIALKI CB CIUDAD DE MOSTOLES,True
3594,NÁUTICO TENERIFE,1,6.34699999999999,42.979,False,7,SUMIALKI CB CIUDAD DE MOSTOLES,True
3595,NÁUTICO TENERIFE,51,8.0395,64.65,True,7,SUMIALKI CB CIUDAD DE MOSTOLES,True
3596,NÁUTICO TENERIFE,55,14.386,55.457,True,7,SUMIALKI CB CIUDAD DE MOSTOLES,True
3597,NÁUTICO TENERIFE,51,6.9111,53.818,True,7,SUMIALKI CB CIUDAD DE MOSTOLES,True
3598,NÁUTICO TENERIFE,39,9.238,43.735,False,7,SUMIALKI CB CIUDAD DE MOSTOLES,True
3599,NÁUTICO TENERIFE,23,7.7574,55.583,True,7,SUMIALKI CB CIUDAD DE MOSTOLES,True
3600,NÁUTICO TENERIFE,1,11.636,36.929,False,7,SUMIALKI CB CIUDAD DE MOSTOLES,True
3601,NÁUTICO TENERIFE,51,8.6037,42.475,False,7,SUMIALKI CB CIUDAD DE MOSTOLES,True
3602,NÁUTICO TENERIFE,13,10.155,60.372,True,7,SUMIALKI CB CIUDAD DE MOSTOLES,True
3603,NÁUTICO TENERIFE,51,8.25109999999999,41.718,True,7,SUMIALKI CB CIUDAD DE MOSTOLES,True
3604,NÁUTICO TENERIFE,55,9.873,56.087,True,7,SUMIALKI CB CIUDAD DE MOSTOLES,True
3605,NÁUTICO TENERIFE,55,7.4753,37.055,True,7,SUMIALKI CB CIUDAD DE MOSTOLES,True
3606,SUMIALKI CB CIUDAD DE MOSTOLES,6,16.07,50.163,False,7,NÁUTICO TENERIFE,False
3607,SUMIALKI CB CIUDAD DE MOSTOLES,88,8.5331,38.946,False,7,NÁUTICO TENERIFE,False
3608,SUMIALKI CB CIUDAD DE MOSTOLES,12,16.361,46.634,False,7,NÁUTICO TENERIFE,False
3609,SUMIALKI CB CIUDAD DE MOSTOLES,9,11.847,61.38,True,7,NÁUTICO TENERIFE,False
3610,SUMIALKI CB CIUDAD DE MOSTOLES,12,8.1805,61.002,True,7,NÁUTICO TENERIFE,False
3611,SUMIALKI CB CIUDAD DE MOSTOLES,20,7.827,61.12,False,7,NÁUTICO TENERIFE,False
3612,SUMIALKI CB CIUDAD DE MOSTOLES,39,33.991,20.292,False,7,NÁUTICO TENERIFE,False
3613,SUMIALKI CB CIUDAD DE MOSTOLES,88,12.83,59.616,True,7,NÁUTICO TENERIFE,False
3614,SUMIALKI CB CIUDAD DE MOSTOLES,6,15.091,4.4113,True,7,NÁUTICO TENERIFE,False
3615,SUMIALKI CB CIUDAD DE MOSTOLES,20,11.35,58.86,True,7,NÁUTICO TENERIFE,False
3616,SUMIALKI CB CIUDAD DE MOSTOLES,29,31.382,18.149,True,7,NÁUTICO TENERIFE,False
3617,SUMIALKI CB CIUDAD DE MOSTOLES,13,25.528,6.9321,True,7,NÁUTICO TENERIFE,False
3618,SUMIALKI CB CIUDAD DE MOSTOLES,20,13.046,54.7,False,7,NÁUTICO TENERIFE,False
3619,SUMIALKI CB CIUDAD DE MOSTOLES,88,17.912,6.9321,False,7,NÁUTICO TENERIFE,False
3620,SUMIALKI CB CIUDAD DE MOSTOLES,22,23.483,87.975,False,7,NÁUTICO TENERIFE,False
3621,SUMIALKI CB CIUDAD DE MOSTOLES,12,7.05219999999999,57.97,True,7,NÁUTICO TENERIFE,False
3622,SUMIALKI CB CIUDAD DE MOSTOLES,20,15.937,35.795,False,7,NÁUTICO TENERIFE,False
3623,SUMIALKI CB CIUDAD DE MOSTOLES,22,9.4499,49.029,True,7,NÁUTICO TENERIFE,False
3624,SUMIALKI CB CIUDAD DE MOSTOLES,9,18.406,36.929,False,7,NÁUTICO TENERIFE,False
3625,SUMIALKI CB CIUDAD DE MOSTOLES,39,9.732,59.238,True,7,NÁUTICO TENERIFE,False
3626,SUMIALKI CB CIUDAD DE MOSTOLES,88,12.97,66.8,False,7,NÁUTICO TENERIFE,False
3627,SUMIALKI CB CIUDAD DE MOSTOLES,20,12.9055,40.962,True,7,NÁUTICO TENERIFE,False
3628,SUMIALKI CB CIUDAD DE MOSTOLES,12,8.18049999999999,66.044,True,7,NÁUTICO TENERIFE,False
3629,SUMIALKI CB CIUDAD DE MOSTOLES,9,10.648,95.285,False,7,NÁUTICO TENERIFE,False
3630,SUMIALKI CB CIUDAD DE MOSTOLES,9,15.726,45.626,False,7,NÁUTICO TENERIFE,False
3631,SUMIALKI CB CIUDAD DE MOSTOLES,39,20.38,57.221,False,7,NÁUTICO TENERIFE,False
3632,SUMIALKI CB CIUDAD DE MOSTOLES,29,8.74469999999999,38.946,True,7,NÁUTICO TENERIFE,False
3633,SUMIALKI CB CIUDAD DE MOSTOLES,20,20.169,33.652,False,7,NÁUTICO TENERIFE,False
3634,SUMIALKI CB CIUDAD DE MOSTOLES,29,24.7532,88.353,True,7,NÁUTICO TENERIFE,False
3635,SUMIALKI CB CIUDAD DE MOSTOLES,13,19.534,57.851,False,7,NÁUTICO TENERIFE,False
3636,SUMIALKI CB CIUDAD DE MOSTOLES,88,11.14249999999999,73.732,False,7,NÁUTICO TENERIFE,False
3637,SUMIALKI CB CIUDAD DE MOSTOLES,15,8.67419999999999,6.8061,False,7,NÁUTICO TENERIFE,False
3638,SUMIALKI CB CIUDAD DE MOSTOLES,15,21.08,36.929,False,7,NÁUTICO TENERIFE,False
3639,SUMIALKI CB CIUDAD DE MOSTOLES,29,14.59,3.529,False,7,NÁUTICO TENERIFE,False
3640,SUMIALKI CB CIUDAD DE MOSTOLES,20,12.3413,33.274,False,7,NÁUTICO TENERIFE,False
3641,SUMIALKI CB CIUDAD DE MOSTOLES,12,11.35,69.069,False,7,NÁUTICO TENERIFE,False
3642,SUMIALKI CB CIUDAD DE MOSTOLES,15,15.0917,28.862,False,7,NÁUTICO TENERIFE,False
3643,SUMIALKI CB CIUDAD DE MOSTOLES,88,16.713,31.635,False,7,NÁUTICO TENERIFE,False
3644,SUMIALKI CB CIUDAD DE MOSTOLES,29,4.583,3.403,False,7,NÁUTICO TENERIFE,False
3645,SUMIALKI CB CIUDAD DE MOSTOLES,22,7.827,61.12,False,7,NÁUTICO TENERIFE,False
3646,SUMIALKI CB CIUDAD DE MOSTOLES,29,12.48239999999999,95.663,True,7,NÁUTICO TENERIFE,False
3647,SUMIALKI CB CIUDAD DE MOSTOLES,29,13.187,3.277,False,7,NÁUTICO TENERIFE,False
3648,SUMIALKI CB CIUDAD DE MOSTOLES,39,10.789,90.622,False,7,NÁUTICO TENERIFE,False
3649,SUMIALKI CB CIUDAD DE MOSTOLES,29,28.984,21.552,False,7,NÁUTICO TENERIFE,False
3650,SUMIALKI CB CIUDAD DE MOSTOLES,12,25.458,11.469,False,7,NÁUTICO TENERIFE,False
3651,SUMIALKI CB CIUDAD DE MOSTOLES,29,28.631,15.124,False,7,NÁUTICO TENERIFE,False
3652,SUMIALKI CB CIUDAD DE MOSTOLES,29,28.984,75.875,False,7,NÁUTICO TENERIFE,False
3653,SUMIALKI CB CIUDAD DE MOSTOLES,13,7.61639999999999,47.012,False,7,NÁUTICO TENERIFE,False
3654,SUMIALKI CB CIUDAD DE MOSTOLES,12,12.482,58.734,False,7,NÁUTICO TENERIFE,False
3655,SUMIALKI CB CIUDAD DE MOSTOLES,20,13.399,43.357,False,7,NÁUTICO TENERIFE,False
3656,SUMIALKI CB CIUDAD DE MOSTOLES,12,30.888,80.79,False,7,NÁUTICO TENERIFE,False
3657,SUMIALKI CB CIUDAD DE MOSTOLES,20,15.937,64.91,False,7,NÁUTICO TENERIFE,False
3658,SUMIALKI CB CIUDAD DE MOSTOLES,13,26.234,12.85,True,7,NÁUTICO TENERIFE,False
3659,SUMIALKI CB CIUDAD DE MOSTOLES,22,25.246,42.979,False,7,NÁUTICO TENERIFE,False
3660,SUMIALKI CB CIUDAD DE MOSTOLES,15,19.04,36.929,False,7,NÁUTICO TENERIFE,False
3661,SUMIALKI CB CIUDAD DE MOSTOLES,15,6.9817,96.041,False,7,NÁUTICO TENERIFE,False
3662,SUMIALKI CB CIUDAD DE MOSTOLES,12,9.8025,98.058,False,7,NÁUTICO TENERIFE,False
3663,SUMIALKI CB CIUDAD DE MOSTOLES,20,11.142,59.49,True,7,NÁUTICO TENERIFE,False
3664,SUMIALKI CB CIUDAD DE MOSTOLES,9,15.79689999999999,4.9155,False,7,NÁUTICO TENERIFE,False
3665,SUMIALKI CB CIUDAD DE MOSTOLES,13,7.61639999999999,47.012,False,7,NÁUTICO TENERIFE,False
3666,SUMIALKI CB CIUDAD DE MOSTOLES,12,34.062,31.005,False,7,NÁUTICO TENERIFE,False
3667,SUMIALKI CB CIUDAD DE MOSTOLES,13,8.392,48.903,True,7,NÁUTICO TENERIFE,False
3668,SUMIALKI CB CIUDAD DE MOSTOLES,9,8.46259999999999,94.277,False,7,NÁUTICO TENERIFE,False
3669,SUMIALKI CB CIUDAD DE MOSTOLES,39,7.545,96.167,False,7,NÁUTICO TENERIFE,False
3670,SUMIALKI CB CIUDAD DE MOSTOLES,9,26.3752,85.958,False,7,NÁUTICO TENERIFE,False
3671,SUMIALKI CB CIUDAD DE MOSTOLES,88,16.149,4.2853,False,7,NÁUTICO TENERIFE,False
3672,SUMIALKI CB CIUDAD DE MOSTOLES,20,9.02679999999999,56.969,False,7,NÁUTICO TENERIFE,False
3673,SUMIALKI CB CIUDAD DE MOSTOLES,20,12.341,64.53,True,7,NÁUTICO TENERIFE,False
3674,CESUR DISTRITO OLIMPICO,15,18.335,48.777,False,7,GRUPO INTERBUS ALCOBENDAS,True
3675,CESUR DISTRITO OLIMPICO,2,23.4133,50.289,False,7,GRUPO INTERBUS ALCOBENDAS,True
3676,CESUR DISTRITO OLIMPICO,70,12.552,28.484,False,7,GRUPO INTERBUS ALCOBENDAS,True
3677,CESUR DISTRITO OLIMPICO,41,33.568,68.187,False,7,GRUPO INTERBUS ALCOBENDAS,True
3678,CESUR DISTRITO OLIMPICO,16,12.1298,72.724,False,7,GRUPO INTERBUS ALCOBENDAS,True
3679,CESUR DISTRITO OLIMPICO,5,7.68689999999999,37.307,True,7,GRUPO INTERBUS ALCOBENDAS,True
3680,CESUR DISTRITO OLIMPICO,2,7.6163,58.356,True,7,GRUPO INTERBUS ALCOBENDAS,True
3681,CESUR DISTRITO OLIMPICO,14,19.60509999999999,51.802,False,7,GRUPO INTERBUS ALCOBENDAS,True
3682,CESUR DISTRITO OLIMPICO,2,12.552,28.484,False,7,GRUPO INTERBUS ALCOBENDAS,True
3683,CESUR DISTRITO OLIMPICO,5,14.668,43.483,True,7,GRUPO INTERBUS ALCOBENDAS,True
3684,CESUR DISTRITO OLIMPICO,2,30.606,84.068,True,7,GRUPO INTERBUS ALCOBENDAS,True
3685,CESUR DISTRITO OLIMPICO,10,36.882,61.885,True,7,GRUPO INTERBUS ALCOBENDAS,True
3686,CESUR DISTRITO OLIMPICO,33,26.022,9.2008,True,7,GRUPO INTERBUS ALCOBENDAS,True
3687,CESUR DISTRITO OLIMPICO,25,6.9817,74.489,True,7,GRUPO INTERBUS ALCOBENDAS,True
3688,CESUR DISTRITO OLIMPICO,70,8.95629999999999,48.651,False,7,GRUPO INTERBUS ALCOBENDAS,True
3689,CESUR DISTRITO OLIMPICO,41,12.83,16.763,True,7,GRUPO INTERBUS ALCOBENDAS,True
3690,CESUR DISTRITO OLIMPICO,16,30.606,84.068,False,7,GRUPO INTERBUS ALCOBENDAS,True
3691,CESUR DISTRITO OLIMPICO,33,36.036,54.7,False,7,GRUPO INTERBUS ALCOBENDAS,True
3692,CESUR DISTRITO OLIMPICO,70,9.026,41.592,True,7,GRUPO INTERBUS ALCOBENDAS,True
3693,CESUR DISTRITO OLIMPICO,14,17.277,23.191,False,7,GRUPO INTERBUS ALCOBENDAS,True
3694,CESUR DISTRITO OLIMPICO,33,36.6,52.81,True,7,GRUPO INTERBUS ALCOBENDAS,True
3695,CESUR DISTRITO OLIMPICO,16,28.8434,84.446,True,7,GRUPO INTERBUS ALCOBENDAS,True
3696,CESUR DISTRITO OLIMPICO,2,14.104,78.018,False,7,GRUPO INTERBUS ALCOBENDAS,True
3697,CESUR DISTRITO OLIMPICO,14,8.0394,38.8,True,7,GRUPO INTERBUS ALCOBENDAS,True
3698,CESUR DISTRITO OLIMPICO,13,16.643,70.077,False,7,GRUPO INTERBUS ALCOBENDAS,True
3699,CESUR DISTRITO OLIMPICO,33,7.7574,51.297,False,7,GRUPO INTERBUS ALCOBENDAS,True
3700,CESUR DISTRITO OLIMPICO,14,27.644,82.555,False,7,GRUPO INTERBUS ALCOBENDAS,True
3701,CESUR DISTRITO OLIMPICO,41,36.741,28.98,False,7,GRUPO INTERBUS ALCOBENDAS,True
3702,CESUR DISTRITO OLIMPICO,25,10.2257,25.71,False,7,GRUPO INTERBUS ALCOBENDAS,True
3703,CESUR DISTRITO OLIMPICO,13,30.53,80.79,True,7,GRUPO INTERBUS ALCOBENDAS,True
3704,CESUR DISTRITO OLIMPICO,10,24.3,14.998,False,7,GRUPO INTERBUS ALCOBENDAS,True
3705,CESUR DISTRITO OLIMPICO,2,34.978,17.141,False,7,GRUPO INTERBUS ALCOBENDAS,True
3706,CESUR DISTRITO OLIMPICO,2,28.702,12.85,True,7,GRUPO INTERBUS ALCOBENDAS,True
3707,CESUR DISTRITO OLIMPICO,15,16.07899999999999,43.987,False,7,GRUPO INTERBUS ALCOBENDAS,True
3708,CESUR DISTRITO OLIMPICO,25,9.9435,45.12,False,7,GRUPO INTERBUS ALCOBENDAS,True
3709,CESUR DISTRITO OLIMPICO,14,11.071,37.181,True,7,GRUPO INTERBUS ALCOBENDAS,True
3710,CESUR DISTRITO OLIMPICO,12,11.21299999999999,17.393,True,7,GRUPO INTERBUS ALCOBENDAS,True
3711,CESUR DISTRITO OLIMPICO,13,28.42,13.864,True,7,GRUPO INTERBUS ALCOBENDAS,True
3712,CESUR DISTRITO OLIMPICO,33,23.554,13.486,False,7,GRUPO INTERBUS ALCOBENDAS,True
3713,CESUR DISTRITO OLIMPICO,25,10.578,57.599,False,7,GRUPO INTERBUS ALCOBENDAS,True
3714,CESUR DISTRITO OLIMPICO,14,11.35,57.599,True,7,GRUPO INTERBUS ALCOBENDAS,True
3715,CESUR DISTRITO OLIMPICO,16,15.655,48.27,False,7,GRUPO INTERBUS ALCOBENDAS,True
3716,CESUR DISTRITO OLIMPICO,16,35.966,18.275,False,7,GRUPO INTERBUS ALCOBENDAS,True
3717,CESUR DISTRITO OLIMPICO,25,22.9196,51.5,False,7,GRUPO INTERBUS ALCOBENDAS,True
3718,CESUR DISTRITO OLIMPICO,25,16.008,42.853,False,7,GRUPO INTERBUS ALCOBENDAS,True
3719,CESUR DISTRITO OLIMPICO,14,6.5585,59.616,True,7,GRUPO INTERBUS ALCOBENDAS,True
3720,CESUR DISTRITO OLIMPICO,33,18.335,48.777,False,7,GRUPO INTERBUS ALCOBENDAS,True
3721,CESUR DISTRITO OLIMPICO,33,33.709,72.472,True,7,GRUPO INTERBUS ALCOBENDAS,True
3722,CESUR DISTRITO OLIMPICO,5,27.856,23.695,False,7,GRUPO INTERBUS ALCOBENDAS,True
3723,CESUR DISTRITO OLIMPICO,13,36.248,38.189,False,7,GRUPO INTERBUS ALCOBENDAS,True
3724,CESUR DISTRITO OLIMPICO,25,15.726,42.727,False,7,GRUPO INTERBUS ALCOBENDAS,True
3725,CESUR DISTRITO OLIMPICO,12,29.9013,23.947,True,7,GRUPO INTERBUS ALCOBENDAS,True
3726,CESUR DISTRITO OLIMPICO,33,35.3315,48.27,False,7,GRUPO INTERBUS ALCOBENDAS,True
3727,CESUR DISTRITO OLIMPICO,41,35.26,32.26,False,7,GRUPO INTERBUS ALCOBENDAS,True
3728,CESUR DISTRITO OLIMPICO,33,35.895,47.012,True,7,GRUPO INTERBUS ALCOBENDAS,True
3729,CESUR DISTRITO OLIMPICO,5,23.554,13.486,False,7,GRUPO INTERBUS ALCOBENDAS,True
3730,CESUR DISTRITO OLIMPICO,5,33.921,41.088,False,7,GRUPO INTERBUS ALCOBENDAS,True
3731,CESUR DISTRITO OLIMPICO,33,9.732,54.448,False,7,GRUPO INTERBUS ALCOBENDAS,True
3732,CESUR DISTRITO OLIMPICO,16,30.112,23.317,False,7,GRUPO INTERBUS ALCOBENDAS,True
3733,CESUR DISTRITO OLIMPICO,16,5.99439999999999,57.599,True,7,GRUPO INTERBUS ALCOBENDAS,True
3734,CESUR DISTRITO OLIMPICO,5,36.036,48.02,False,7,GRUPO INTERBUS ALCOBENDAS,True
3735,CESUR DISTRITO OLIMPICO,5,11.142,72.598,True,7,GRUPO INTERBUS ALCOBENDAS,True
3736,CESUR DISTRITO OLIMPICO,12,24.894,6.9321,False,7,GRUPO INTERBUS ALCOBENDAS,True
3737,CESUR DISTRITO OLIMPICO,70,27.856,23.695,True,7,GRUPO INTERBUS ALCOBENDAS,True
3738,GRUPO INTERBUS ALCOBENDAS,0,10.1551,42.349,False,7,CESUR DISTRITO OLIMPICO,False
3739,GRUPO INTERBUS ALCOBENDAS,77,28.702,88.479,False,7,CESUR DISTRITO OLIMPICO,False
3740,GRUPO INTERBUS ALCOBENDAS,4,9.3794,26.594,True,7,CESUR DISTRITO OLIMPICO,False
3741,GRUPO INTERBUS ALCOBENDAS,41,15.232,54.7,True,7,CESUR DISTRITO OLIMPICO,False
3742,GRUPO INTERBUS ALCOBENDAS,0,31.523,14.242,False,7,CESUR DISTRITO OLIMPICO,False
3743,GRUPO INTERBUS ALCOBENDAS,24,10.93089999999999,46.886,True,7,CESUR DISTRITO OLIMPICO,False
3744,GRUPO INTERBUS ALCOBENDAS,77,25.458,88.983,True,7,CESUR DISTRITO OLIMPICO,False
3745,GRUPO INTERBUS ALCOBENDAS,33,16.713,50.415,False,7,CESUR DISTRITO OLIMPICO,False
3746,GRUPO INTERBUS ALCOBENDAS,4,9.3794,26.594,False,7,CESUR DISTRITO OLIMPICO,False
3747,GRUPO INTERBUS ALCOBENDAS,14,24.612,87.21,False,7,CESUR DISTRITO OLIMPICO,False
3748,GRUPO INTERBUS ALCOBENDAS,14,21.015,8.3185,False,7,CESUR DISTRITO OLIMPICO,False
3749,GRUPO INTERBUS ALCOBENDAS,5,35.049,67.052,False,7,CESUR DISTRITO OLIMPICO,False
3750,GRUPO INTERBUS ALCOBENDAS,14,31.17,52.054,False,7,CESUR DISTRITO OLIMPICO,False
3751,GRUPO INTERBUS ALCOBENDAS,17,28.42,80.66,False,7,CESUR DISTRITO OLIMPICO,False
3752,GRUPO INTERBUS ALCOBENDAS,16,11.21299999999999,50.037,True,7,CESUR DISTRITO OLIMPICO,False
3753,GRUPO INTERBUS ALCOBENDAS,4,15.937,71.212,False,7,CESUR DISTRITO OLIMPICO,False
3754,GRUPO INTERBUS ALCOBENDAS,16,11.35,37.055,True,7,CESUR DISTRITO OLIMPICO,False
3755,GRUPO INTERBUS ALCOBENDAS,30,21.2976,6.68,False,7,CESUR DISTRITO OLIMPICO,False
3756,GRUPO INTERBUS ALCOBENDAS,30,22.778,10.335,True,7,CESUR DISTRITO OLIMPICO,False
3757,GRUPO INTERBUS ALCOBENDAS,5,33.215,23.821,False,7,CESUR DISTRITO OLIMPICO,False
3758,GRUPO INTERBUS ALCOBENDAS,5,13.1876,81.799,False,7,CESUR DISTRITO OLIMPICO,False
3759,GRUPO INTERBUS ALCOBENDAS,4,14.033,32.1,False,7,CESUR DISTRITO OLIMPICO,False
3760,GRUPO INTERBUS ALCOBENDAS,4,20.38079999999999,7.9404,True,7,CESUR DISTRITO OLIMPICO,False
3761,GRUPO INTERBUS ALCOBENDAS,33,30.606,78.396,False,7,CESUR DISTRITO OLIMPICO,False
3762,GRUPO INTERBUS ALCOBENDAS,24,10.2257,34.408,False,7,CESUR DISTRITO OLIMPICO,False
3763,GRUPO INTERBUS ALCOBENDAS,77,16.713,50.415,False,7,CESUR DISTRITO OLIMPICO,False
3764,GRUPO INTERBUS ALCOBENDAS,0,9.3794,39.45,True,7,CESUR DISTRITO OLIMPICO,False
3765,GRUPO INTERBUS ALCOBENDAS,17,10.5078,59.868,True,7,CESUR DISTRITO OLIMPICO,False
3766,GRUPO INTERBUS ALCOBENDAS,33,8.67419999999999,30.501,False,7,CESUR DISTRITO OLIMPICO,False
3767,GRUPO INTERBUS ALCOBENDAS,24,11.565,64.784,True,7,CESUR DISTRITO OLIMPICO,False
3768,GRUPO INTERBUS ALCOBENDAS,24,15.44429999999999,73.354,False,7,CESUR DISTRITO OLIMPICO,False
3769,GRUPO INTERBUS ALCOBENDAS,33,26.234,12.603,False,7,CESUR DISTRITO OLIMPICO,False
3770,GRUPO INTERBUS ALCOBENDAS,17,39.139,24.703,False,7,CESUR DISTRITO OLIMPICO,False
3771,GRUPO INTERBUS ALCOBENDAS,41,13.046,56.969,False,7,CESUR DISTRITO OLIMPICO,False
3772,GRUPO INTERBUS ALCOBENDAS,4,31.664,29.745,False,7,CESUR DISTRITO OLIMPICO,False
3773,GRUPO INTERBUS ALCOBENDAS,77,12.97,94.781,False,7,CESUR DISTRITO OLIMPICO,False
3774,GRUPO INTERBUS ALCOBENDAS,0,16.2,41.34,False,7,CESUR DISTRITO OLIMPICO,False
3775,GRUPO INTERBUS ALCOBENDAS,33,32.722,71.338,False,7,CESUR DISTRITO OLIMPICO,False
3776,GRUPO INTERBUS ALCOBENDAS,33,27.57,79.278,False,7,CESUR DISTRITO OLIMPICO,False
3777,GRUPO INTERBUS ALCOBENDAS,24,7.827,58.86,True,7,CESUR DISTRITO OLIMPICO,False
3778,GRUPO INTERBUS ALCOBENDAS,33,28.42,19.788,False,7,CESUR DISTRITO OLIMPICO,False
3779,GRUPO INTERBUS ALCOBENDAS,5,36.953,45.5,True,7,CESUR DISTRITO OLIMPICO,False
3780,GRUPO INTERBUS ALCOBENDAS,0,16.713,50.415,True,7,CESUR DISTRITO OLIMPICO,False
3781,GRUPO INTERBUS ALCOBENDAS,77,24.894,89.613,False,7,CESUR DISTRITO OLIMPICO,False
3782,GRUPO INTERBUS ALCOBENDAS,14,12.764,95.789,False,7,CESUR DISTRITO OLIMPICO,False
3783,GRUPO INTERBUS ALCOBENDAS,5,20.239,31.635,False,7,CESUR DISTRITO OLIMPICO,False
3784,GRUPO INTERBUS ALCOBENDAS,24,36.036,61.002,False,7,CESUR DISTRITO OLIMPICO,False
3785,GRUPO INTERBUS ALCOBENDAS,4,22.0733,10.461,False,7,CESUR DISTRITO OLIMPICO,False
3786,GRUPO INTERBUS ALCOBENDAS,77,24.894,10.335,True,7,CESUR DISTRITO OLIMPICO,False
3787,GRUPO INTERBUS ALCOBENDAS,14,38.011,26.846,False,7,CESUR DISTRITO OLIMPICO,False
3788,GRUPO INTERBUS ALCOBENDAS,0,18.124,60.624,True,7,CESUR DISTRITO OLIMPICO,False
3789,GRUPO INTERBUS ALCOBENDAS,5,29.337,16.13,False,7,CESUR DISTRITO OLIMPICO,False
3790,GRUPO INTERBUS ALCOBENDAS,24,13.61,48.903,True,7,CESUR DISTRITO OLIMPICO,False
3791,GRUPO INTERBUS ALCOBENDAS,24,26.586,6.1759,True,7,CESUR DISTRITO OLIMPICO,False
3792,GRUPO INTERBUS ALCOBENDAS,33,33.709,63.019,True,7,CESUR DISTRITO OLIMPICO,False
3793,GRUPO INTERBUS ALCOBENDAS,41,13.187,69.321,False,7,CESUR DISTRITO OLIMPICO,False
3794,BALONCESTO ALCALA,19,24.823,46.886,False,7,CB LA MATANZA,True
3795,BALONCESTO ALCALA,3,20.1692,53.188,False,7,CB LA MATANZA,True
3796,BALONCESTO ALCALA,19,21.5797,40.458,False,7,CB LA MATANZA,True
3797,BALONCESTO ALCALA,12,10.366,46.76,False,7,CB LA MATANZA,True
3798,BALONCESTO ALCALA,19,30.042,9.957,True,7,CB LA MATANZA,True
3799,BALONCESTO ALCALA,91,8.8857,46.508,True,7,CB LA MATANZA,True
3800,BALONCESTO ALCALA,29,16.643,54.448,False,7,CB LA MATANZA,True
3801,BALONCESTO ALCALA,10,11.21,48.39,False,7,CB LA MATANZA,True
3802,BALONCESTO ALCALA,31,10.789,48.02,False,7,CB LA MATANZA,True
3803,BALONCESTO ALCALA,19,5.3597,48.27,True,7,CB LA MATANZA,True
3804,BALONCESTO ALCALA,29,10.366,45.5,False,7,CB LA MATANZA,True
3805,BALONCESTO ALCALA,4,26.798,9.957,False,7,CB LA MATANZA,True
3806,BALONCESTO ALCALA,31,18.406,49.029,False,7,CB LA MATANZA,True
3807,BALONCESTO ALCALA,8,9.449,44.995,False,7,CB LA MATANZA,True
3808,BALONCESTO ALCALA,8,12.905,48.651,False,7,CB LA MATANZA,True
3809,BALONCESTO ALCALA,19,33.6389,66.044,False,7,CB LA MATANZA,True
3810,BALONCESTO ALCALA,12,12.6234,55.079,False,7,CB LA MATANZA,True
3811,BALONCESTO ALCALA,29,30.11279999999999,88.857,False,7,CB LA MATANZA,True
3812,BALONCESTO ALCALA,4,35.966,45.24,True,7,CB LA MATANZA,True
3813,BALONCESTO ALCALA,19,29.971,22.182,True,7,CB LA MATANZA,True
3814,BALONCESTO ALCALA,8,16.572,50.037,False,7,CB LA MATANZA,True
3815,BALONCESTO ALCALA,19,12.2,45.878,False,7,CB LA MATANZA,True
3816,BALONCESTO ALCALA,3,10.155,43.987,False,7,CB LA MATANZA,True
3817,BALONCESTO ALCALA,13,6.8406,49.659,True,7,CB LA MATANZA,True
3818,BALONCESTO ALCALA,29,8.7447,47.264,False,7,CB LA MATANZA,True
3819,BALONCESTO ALCALA,4,34.132,72.22,False,7,CB LA MATANZA,True
3820,BALONCESTO ALCALA,29,7.40479999999999,52.936,True,7,CB LA MATANZA,True
3821,BALONCESTO ALCALA,29,7.404,47.642,True,7,CB LA MATANZA,True
3822,BALONCESTO ALCALA,19,8.4626,54.196,False,7,CB LA MATANZA,True
3823,BALONCESTO ALCALA,13,6.06489999999999,50.163,True,7,CB LA MATANZA,True
3824,BALONCESTO ALCALA,12,28.49,48.146,False,7,CB LA MATANZA,True
3825,BALONCESTO ALCALA,10,8.7447,48.39,True,7,CB LA MATANZA,True
3826,BALONCESTO ALCALA,3,12.0592,49.155,False,7,CB LA MATANZA,True
3827,BALONCESTO ALCALA,10,11.636,47.642,False,7,CB LA MATANZA,True
3828,BALONCESTO ALCALA,91,12.129,45.5,True,7,CB LA MATANZA,True
3829,BALONCESTO ALCALA,4,30.53,74.11,True,7,CB LA MATANZA,True
3830,BALONCESTO ALCALA,10,5.9238,47.264,True,7,CB LA MATANZA,True
3831,BALONCESTO ALCALA,12,8.8858,49.407,True,7,CB LA MATANZA,True
3832,BALONCESTO ALCALA,10,9.661,44.617,False,7,CB LA MATANZA,True
3833,BALONCESTO ALCALA,12,5.78279999999999,48.52,True,7,CB LA MATANZA,True
3834,BALONCESTO ALCALA,8,10.225,49.659,False,7,CB LA MATANZA,True
3835,BALONCESTO ALCALA,10,4.7954,46.634,True,7,CB LA MATANZA,True
3836,BALONCESTO ALCALA,4,31.523,15.124,False,7,CB LA MATANZA,True
3837,BALONCESTO ALCALA,14,16.07,48.903,False,7,CB LA MATANZA,True
3838,BALONCESTO ALCALA,29,11.918,46.508,False,7,CB LA MATANZA,True
3839,BALONCESTO ALCALA,14,7.404,47.39,True,7,CB LA MATANZA,True
3840,BALONCESTO ALCALA,12,6.06489999999999,47.264,True,7,CB LA MATANZA,True
3841,BALONCESTO ALCALA,3,25.246,87.723,False,7,CB LA MATANZA,True
3842,BALONCESTO ALCALA,10,36.318,59.742,False,7,CB LA MATANZA,True
3843,BALONCESTO ALCALA,14,10.64879999999999,52.306,False,7,CB LA MATANZA,True
3844,BALONCESTO ALCALA,31,12.341,44.617,False,7,CB LA MATANZA,True
3845,BALONCESTO ALCALA,91,12.83499999999999,49.785,False,7,CB LA MATANZA,True
3846,BALONCESTO ALCALA,5,6.48,49.659,True,7,CB LA MATANZA,True
3847,BALONCESTO ALCALA,10,7.193200000000004,49.533,True,7,CB LA MATANZA,True
3848,BALONCESTO ALCALA,12,7.404,49.029,True,7,CB LA MATANZA,True
3849,BALONCESTO ALCALA,13,7.8984,46.886,True,7,CB LA MATANZA,True
3850,BALONCESTO ALCALA,19,15.585,44.869,True,7,CB LA MATANZA,True
3851,BALONCESTO ALCALA,19,9.873,47.264,True,7,CB LA MATANZA,True
3852,BALONCESTO ALCALA,19,12.27,45.24,True,7,CB LA MATANZA,True
3853,BALONCESTO ALCALA,31,12.341,48.52,False,7,CB LA MATANZA,True
3854,BALONCESTO ALCALA,12,14.2454,96.293,True,7,CB LA MATANZA,True
3855,BALONCESTO ALCALA,19,31.1,17.771,False,7,CB LA MATANZA,True
3856,BALONCESTO ALCALA,29,6.488,49.407,True,7,CB LA MATANZA,True
3857,BALONCESTO ALCALA,29,34.555,73.858,False,7,CB LA MATANZA,True
3858,BALONCESTO ALCALA,31,7.5458,44.869,False,7,CB LA MATANZA,True
3859,BALONCESTO ALCALA,29,6.48,47.138,True,7,CB LA MATANZA,True
3860,CB LA MATANZA,23,30.11279999999999,17.645,False,7,BALONCESTO ALCALA,False
3861,CB LA MATANZA,10,27.9972,15.25,False,7,BALONCESTO ALCALA,False
3862,CB LA MATANZA,7,7.89839999999999,50.415,True,7,BALONCESTO ALCALA,False
3863,CB LA MATANZA,7,34.273,54.95,False,7,BALONCESTO ALCALA,False
3864,CB LA MATANZA,7,10.014,50.541,False,7,BALONCESTO ALCALA,False
3865,CB LA MATANZA,10,13.04649999999999,46.76,False,7,BALONCESTO ALCALA,False
3866,CB LA MATANZA,21,8.0395,47.138,False,7,BALONCESTO ALCALA,False
3867,CB LA MATANZA,23,17.207,48.651,False,7,BALONCESTO ALCALA,False
3868,CB LA MATANZA,11,13.9633,73.606,False,7,BALONCESTO ALCALA,False
3869,CB LA MATANZA,7,13.04649999999999,48.52,False,7,BALONCESTO ALCALA,False
3870,CB LA MATANZA,21,12.905,47.39,True,7,BALONCESTO ALCALA,False
3871,CB LA MATANZA,23,19.393,31.509,False,7,BALONCESTO ALCALA,False
3872,CB LA MATANZA,8,38.152,45.752,False,7,BALONCESTO ALCALA,False
3873,CB LA MATANZA,23,8.74469999999999,51.423,False,7,BALONCESTO ALCALA,False
3874,CB LA MATANZA,10,35.966,27.602,False,7,BALONCESTO ALCALA,False
3875,CB LA MATANZA,0,34.837,74.615,False,7,BALONCESTO ALCALA,False
3876,CB LA MATANZA,3,5.21859999999999,47.894,True,7,BALONCESTO ALCALA,False
3877,CB LA MATANZA,10,32.5811,21.426,True,7,BALONCESTO ALCALA,False
3878,CB LA MATANZA,7,9.732,48.52,False,7,BALONCESTO ALCALA,False
3879,CB LA MATANZA,11,34.837,56.339,False,7,BALONCESTO ALCALA,False
3880,CB LA MATANZA,8,11.35,48.777,True,7,BALONCESTO ALCALA,False
3881,CB LA MATANZA,7,34.7673,73.858,False,7,BALONCESTO ALCALA,False
3882,CB LA MATANZA,14,33.286,23.569,False,7,BALONCESTO ALCALA,False
3883,CB LA MATANZA,21,7.2637,45.752,True,7,BALONCESTO ALCALA,False
3884,CB LA MATANZA,7,31.664,76.127,False,7,BALONCESTO ALCALA,False
3885,CB LA MATANZA,8,8.4626,46.13,False,7,BALONCESTO ALCALA,False
3886,CB LA MATANZA,0,5.7827,51.045,True,7,BALONCESTO ALCALA,False
3887,CB LA MATANZA,23,33.991,67.556,False,7,BALONCESTO ALCALA,False
3888,CB LA MATANZA,3,31.946,22.56,True,7,BALONCESTO ALCALA,False
3889,CB LA MATANZA,23,6.135,49.911,True,7,BALONCESTO ALCALA,False
3890,CB LA MATANZA,7,5.99439999999999,51.297,True,7,BALONCESTO ALCALA,False
3891,CB LA MATANZA,23,9.0973,49.533,True,7,BALONCESTO ALCALA,False
3892,CB LA MATANZA,23,33.004,25.207,False,7,BALONCESTO ALCALA,False
3893,CB LA MATANZA,3,31.946,12.351,False,7,BALONCESTO ALCALA,False
3894,CB LA MATANZA,23,28.2793,11.091,False,7,BALONCESTO ALCALA,False
3895,CB LA MATANZA,7,36.882,39.828,True,7,BALONCESTO ALCALA,False
3896,CB LA MATANZA,3,18.47669999999999,4.7894,False,7,BALONCESTO ALCALA,False
3897,CB LA MATANZA,8,7.4753,48.651,True,7,BALONCESTO ALCALA,False
3898,CB LA MATANZA,0,9.73,3.277,True,7,BALONCESTO ALCALA,False
3899,CB LA MATANZA,10,6.55849999999999,47.516,True,7,BALONCESTO ALCALA,False
3900,CB LA MATANZA,10,33.0747,20.292,False,7,BALONCESTO ALCALA,False
3901,CB LA MATANZA,23,8.8152,46.886,False,7,BALONCESTO ALCALA,False
3902,CB LA MATANZA,7,28.7729,15.502,False,7,BALONCESTO ALCALA,False
3903,CB LA MATANZA,23,12.552,48.903,True,7,BALONCESTO ALCALA,False
3904,CB LA MATANZA,0,7.12269999999999,48.903,False,7,BALONCESTO ALCALA,False
3905,CB LA MATANZA,23,6.77,52.684,True,7,BALONCESTO ALCALA,False
3906,CB LA MATANZA,23,31.241,69.321,False,7,BALONCESTO ALCALA,False
3907,CB LA MATANZA,10,38.575,42.097,False,7,BALONCESTO ALCALA,False
3908,CB LA MATANZA,23,6.9111,50.415,True,7,BALONCESTO ALCALA,False
3909,CB LA MATANZA,23,24.04,45.374,False,7,BALONCESTO ALCALA,False
3910,CB LA MATANZA,0,10.578,49.911,False,7,BALONCESTO ALCALA,False
3911,CB LA MATANZA,23,24.4,88.353,True,7,BALONCESTO ALCALA,False
3912,CB LA MATANZA,7,17.84,22.308,False,7,BALONCESTO ALCALA,False
3913,CB LA MATANZA,0,10.2257,49.659,False,7,BALONCESTO ALCALA,False
3914,CB LA MATANZA,23,33.7,41.718,False,7,BALONCESTO ALCALA,False
3915,CB LA MATANZA,21,19.746,47.642,False,7,BALONCESTO ALCALA,False
3916,CB LA MATANZA,23,7.193200000000004,47.39,True,7,BALONCESTO ALCALA,False
3917,CB LA MATANZA,23,28.349,54.07,False,7,BALONCESTO ALCALA,False
3918,CB LA MATANZA,7,16.502,29.11,False,7,BALONCESTO ALCALA,False
3919,CB LA MATANZA,7,20.521,46.256,False,7,BALONCESTO ALCALA,False
3920,CB LA MATANZA,7,14.95,45.626,False,7,BALONCESTO ALCALA,False
3921,CB LA MATANZA,14,10.1551,50.667,False,7,BALONCESTO ALCALA,False
3922,CB LA MATANZA,21,9.873,51.67,False,7,BALONCESTO ALCALA,False
3923,CB LA MATANZA,23,24.823,89.487,True,7,BALONCESTO ALCALA,False
3924,CB LA MATANZA,11,5.7122,49.911,True,7,BALONCESTO ALCALA,False
3925,CB LA MATANZA,21,10.014,95.033,False,7,BALONCESTO ALCALA,False
3926,CB LA MATANZA,7,38.64,55.961,False,7,BALONCESTO ALCALA,False
3927,CB LA MATANZA,0,9.87309999999999,50.667,False,7,BALONCESTO ALCALA,False
3928,FUNDACION GLOBALCAJA LA RODA,4,14.45699999999999,49.407,True,7,PROBASKETLAB FUENLABRADA,True
3929,FUNDACION GLOBALCAJA LA RODA,4,6.62909999999999,45.12,True,7,PROBASKETLAB FUENLABRADA,True
3930,FUNDACION GLOBALCAJA LA RODA,4,35.754,34.156,True,7,PROBASKETLAB FUENLABRADA,True
3931,FUNDACION GLOBALCAJA LA RODA,4,19.111,49.785,True,7,PROBASKETLAB FUENLABRADA,True
3932,FUNDACION GLOBALCAJA LA RODA,25,20.592,8.5706,True,7,PROBASKETLAB FUENLABRADA,True
3933,FUNDACION GLOBALCAJA LA RODA,2,10.437,93.52,True,7,PROBASKETLAB FUENLABRADA,True
3934,FUNDACION GLOBALCAJA LA RODA,4,7.96899999999999,37.937,True,7,PROBASKETLAB FUENLABRADA,True
3935,FUNDACION GLOBALCAJA LA RODA,2,7.6868,51.5,True,7,PROBASKETLAB FUENLABRADA,True
3936,FUNDACION GLOBALCAJA LA RODA,6,33.497,37.685,False,7,PROBASKETLAB FUENLABRADA,True
3937,FUNDACION GLOBALCAJA LA RODA,10,10.437,51.045,False,7,PROBASKETLAB FUENLABRADA,True
3938,FUNDACION GLOBALCAJA LA RODA,25,7.545,51.928,True,7,PROBASKETLAB FUENLABRADA,True
3939,FUNDACION GLOBALCAJA LA RODA,25,8.0394,54.448,True,7,PROBASKETLAB FUENLABRADA,True
3940,FUNDACION GLOBALCAJA LA RODA,9,30.183,76.505,False,7,PROBASKETLAB FUENLABRADA,True
3941,FUNDACION GLOBALCAJA LA RODA,25,9.0973,51.67,False,7,PROBASKETLAB FUENLABRADA,True
3942,FUNDACION GLOBALCAJA LA RODA,6,29.055,16.511,True,7,PROBASKETLAB FUENLABRADA,True
3943,FUNDACION GLOBALCAJA LA RODA,3,11.001,48.777,False,7,PROBASKETLAB FUENLABRADA,True
3944,FUNDACION GLOBALCAJA LA RODA,10,8.251,51.045,True,7,PROBASKETLAB FUENLABRADA,True
3945,FUNDACION GLOBALCAJA LA RODA,20,8.5331,53.566,True,7,PROBASKETLAB FUENLABRADA,True
3946,FUNDACION GLOBALCAJA LA RODA,0,30.112,73.732,False,7,PROBASKETLAB FUENLABRADA,True
3947,FUNDACION GLOBALCAJA LA RODA,13,31.593,22.43,True,7,PROBASKETLAB FUENLABRADA,True
3948,FUNDACION GLOBALCAJA LA RODA,4,6.06489999999999,65.288,False,7,PROBASKETLAB FUENLABRADA,True
3949,FUNDACION GLOBALCAJA LA RODA,4,7.05219999999999,41.592,True,7,PROBASKETLAB FUENLABRADA,True
3950,FUNDACION GLOBALCAJA LA RODA,0,33.638,51.045,False,7,PROBASKETLAB FUENLABRADA,True
3951,FUNDACION GLOBALCAJA LA RODA,4,8.8152,39.072,False,7,PROBASKETLAB FUENLABRADA,True
3952,FUNDACION GLOBALCAJA LA RODA,2,10.014,4.7894,False,7,PROBASKETLAB FUENLABRADA,True
3953,FUNDACION GLOBALCAJA LA RODA,0,7.1932,52.684,True,7,PROBASKETLAB FUENLABRADA,True
3954,FUNDACION GLOBALCAJA LA RODA,6,8.8858,56.717,True,7,PROBASKETLAB FUENLABRADA,True
3955,FUNDACION GLOBALCAJA LA RODA,0,20.662,59.616,False,7,PROBASKETLAB FUENLABRADA,True
3956,FUNDACION GLOBALCAJA LA RODA,3,7.68689999999999,59.112,False,7,PROBASKETLAB FUENLABRADA,True
3957,FUNDACION GLOBALCAJA LA RODA,25,9.732,51.5,True,7,PROBASKETLAB FUENLABRADA,True
3958,FUNDACION GLOBALCAJA LA RODA,0,8.1805,56.087,False,7,PROBASKETLAB FUENLABRADA,True
3959,FUNDACION GLOBALCAJA LA RODA,2,32.581,65.792,False,7,PROBASKETLAB FUENLABRADA,True
3960,FUNDACION GLOBALCAJA LA RODA,10,20.592,8.5706,False,7,PROBASKETLAB FUENLABRADA,True
3961,FUNDACION GLOBALCAJA LA RODA,6,29.689,76.505,False,7,PROBASKETLAB FUENLABRADA,True
3962,FUNDACION GLOBALCAJA LA RODA,13,10.155,94.403,True,7,PROBASKETLAB FUENLABRADA,True
3963,FUNDACION GLOBALCAJA LA RODA,9,7.96899999999999,37.937,False,7,PROBASKETLAB FUENLABRADA,True
3964,FUNDACION GLOBALCAJA LA RODA,6,31.311,21.678,False,7,PROBASKETLAB FUENLABRADA,True
3965,FUNDACION GLOBALCAJA LA RODA,6,33.074,27.728,True,7,PROBASKETLAB FUENLABRADA,True
3966,FUNDACION GLOBALCAJA LA RODA,10,8.1805,43.483,False,7,PROBASKETLAB FUENLABRADA,True
3967,FUNDACION GLOBALCAJA LA RODA,25,8.8152,51.67,True,7,PROBASKETLAB FUENLABRADA,True
3968,FUNDACION GLOBALCAJA LA RODA,20,6.84059999999999,6.0498,True,7,PROBASKETLAB FUENLABRADA,True
3969,FUNDACION GLOBALCAJA LA RODA,10,9.1678,44.995,False,7,PROBASKETLAB FUENLABRADA,True
3970,FUNDACION GLOBALCAJA LA RODA,0,35.754,34.156,False,7,PROBASKETLAB FUENLABRADA,True
3971,FUNDACION GLOBALCAJA LA RODA,13,17.2073,50.667,True,7,PROBASKETLAB FUENLABRADA,True
3972,FUNDACION GLOBALCAJA LA RODA,6,34.485,65.288,True,7,PROBASKETLAB FUENLABRADA,True
3973,FUNDACION GLOBALCAJA LA RODA,20,11.7771,4.6634,False,7,PROBASKETLAB FUENLABRADA,True
3974,FUNDACION GLOBALCAJA LA RODA,6,33.356,34.912,False,7,PROBASKETLAB FUENLABRADA,True
3975,FUNDACION GLOBALCAJA LA RODA,9,6.6996,6.554,False,7,PROBASKETLAB FUENLABRADA,True
3976,FUNDACION GLOBALCAJA LA RODA,4,9.3794,20.418,False,7,PROBASKETLAB FUENLABRADA,True
3977,FUNDACION GLOBALCAJA LA RODA,6,30.53,25.83,True,7,PROBASKETLAB FUENLABRADA,True
3978,FUNDACION GLOBALCAJA LA RODA,4,6.27639999999999,51.5,True,7,PROBASKETLAB FUENLABRADA,True
3979,FUNDACION GLOBALCAJA LA RODA,20,30.53,76.127,True,7,PROBASKETLAB FUENLABRADA,True
3980,FUNDACION GLOBALCAJA LA RODA,0,36.389,45.626,True,7,PROBASKETLAB FUENLABRADA,True
3981,FUNDACION GLOBALCAJA LA RODA,4,28.42,81.547,False,7,PROBASKETLAB FUENLABRADA,True
3982,FUNDACION GLOBALCAJA LA RODA,20,9.238,46.256,True,7,PROBASKETLAB FUENLABRADA,True
3983,FUNDACION GLOBALCAJA LA RODA,9,9.8025,49.407,False,7,PROBASKETLAB FUENLABRADA,True
3984,FUNDACION GLOBALCAJA LA RODA,13,11.0014,43.987,False,7,PROBASKETLAB FUENLABRADA,True
3985,FUNDACION GLOBALCAJA LA RODA,6,8.8858,56.717,False,7,PROBASKETLAB FUENLABRADA,True
3986,FUNDACION GLOBALCAJA LA RODA,0,11.14249999999999,36.173,False,7,PROBASKETLAB FUENLABRADA,True
3987,FUNDACION GLOBALCAJA LA RODA,9,8.5331,52.684,True,7,PROBASKETLAB FUENLABRADA,True
3988,FUNDACION GLOBALCAJA LA RODA,2,30.1834,24.325,False,7,PROBASKETLAB FUENLABRADA,True
3989,FUNDACION GLOBALCAJA LA RODA,13,26.445,80.917,False,7,PROBASKETLAB FUENLABRADA,True
3990,FUNDACION GLOBALCAJA LA RODA,13,27.15,17.645,False,7,PROBASKETLAB FUENLABRADA,True
3991,FUNDACION GLOBALCAJA LA RODA,4,6.06489999999999,65.288,True,7,PROBASKETLAB FUENLABRADA,True
3992,FUNDACION GLOBALCAJA LA RODA,4,9.2383,49.281,True,7,PROBASKETLAB FUENLABRADA,True
3993,FUNDACION GLOBALCAJA LA RODA,0,10.155,47.264,True,7,PROBASKETLAB FUENLABRADA,True
3994,FUNDACION GLOBALCAJA LA RODA,10,8.1805,48.903,True,7,PROBASKETLAB FUENLABRADA,True
3995,PROBASKETLAB FUENLABRADA,10,14.315,5.2936,True,7,FUNDACION GLOBALCAJA LA RODA,False
3996,PROBASKETLAB FUENLABRADA,13,20.66289999999999,7.9404,False,7,FUNDACION GLOBALCAJA LA RODA,False
3997,PROBASKETLAB FUENLABRADA,7,12.9055,49.911,False,7,FUNDACION GLOBALCAJA LA RODA,False
3998,PROBASKETLAB FUENLABRADA,7,27.9972,18.653,True,7,FUNDACION GLOBALCAJA LA RODA,False
3999,PROBASKETLAB FUENLABRADA,7,9.5204,43.861,True,7,FUNDACION GLOBALCAJA LA RODA,False
4000,PROBASKETLAB FUENLABRADA,13,9.5909,41.088,False,7,FUNDACION GLOBALCAJA LA RODA,False
4001,PROBASKETLAB FUENLABRADA,2,12.411,46.886,False,7,FUNDACION GLOBALCAJA LA RODA,False
4002,PROBASKETLAB FUENLABRADA,8,10.225,46.634,False,7,FUNDACION GLOBALCAJA LA RODA,False
4003,PROBASKETLAB FUENLABRADA,7,6.9817,46.13,True,7,FUNDACION GLOBALCAJA LA RODA,False
4004,PROBASKETLAB FUENLABRADA,8,9.3794,56.591,True,7,FUNDACION GLOBALCAJA LA RODA,False
4005,PROBASKETLAB FUENLABRADA,7,32.722,72.22,False,7,FUNDACION GLOBALCAJA LA RODA,False
4006,PROBASKETLAB FUENLABRADA,11,6.9111,49.281,True,7,FUNDACION GLOBALCAJA LA RODA,False
4007,PROBASKETLAB FUENLABRADA,3,8.0395,93.39,False,7,FUNDACION GLOBALCAJA LA RODA,False
4008,PROBASKETLAB FUENLABRADA,13,14.245,51.5,False,7,FUNDACION GLOBALCAJA LA RODA,False
4009,PROBASKETLAB FUENLABRADA,8,9.30889999999999,41.718,False,7,FUNDACION GLOBALCAJA LA RODA,False
4010,PROBASKETLAB FUENLABRADA,10,9.167,53.188,True,7,FUNDACION GLOBALCAJA LA RODA,False
4011,PROBASKETLAB FUENLABRADA,8,11.636,46.256,False,7,FUNDACION GLOBALCAJA LA RODA,False
4012,PROBASKETLAB FUENLABRADA,8,15.232,45.752,False,7,FUNDACION GLOBALCAJA LA RODA,False
4013,PROBASKETLAB FUENLABRADA,11,7.1932,52.054,True,7,FUNDACION GLOBALCAJA LA RODA,False
4014,PROBASKETLAB FUENLABRADA,7,31.946,28.232,True,7,FUNDACION GLOBALCAJA LA RODA,False
4015,PROBASKETLAB FUENLABRADA,13,6.48,59.994,False,7,FUNDACION GLOBALCAJA LA RODA,False
4016,PROBASKETLAB FUENLABRADA,13,9.1678,56.465,True,7,FUNDACION GLOBALCAJA LA RODA,False
4017,PROBASKETLAB FUENLABRADA,14,11.918,51.802,False,7,FUNDACION GLOBALCAJA LA RODA,False
4018,PROBASKETLAB FUENLABRADA,10,31.5233,76.757,False,7,FUNDACION GLOBALCAJA LA RODA,False
4019,PROBASKETLAB FUENLABRADA,14,6.34699999999999,43.609,True,7,FUNDACION GLOBALCAJA LA RODA,False
4020,PROBASKETLAB FUENLABRADA,7,35.331,51.802,False,7,FUNDACION GLOBALCAJA LA RODA,False
4021,PROBASKETLAB FUENLABRADA,10,9.238,46.76,False,7,FUNDACION GLOBALCAJA LA RODA,False
4022,PROBASKETLAB FUENLABRADA,11,36.036,45.24,False,7,FUNDACION GLOBALCAJA LA RODA,False
4023,PROBASKETLAB FUENLABRADA,7,9.6615,53.314,True,7,FUNDACION GLOBALCAJA LA RODA,False
4024,PROBASKETLAB FUENLABRADA,13,9.0973,49.155,False,7,FUNDACION GLOBALCAJA LA RODA,False
4025,PROBASKETLAB FUENLABRADA,11,8.9562,42.979,True,7,FUNDACION GLOBALCAJA LA RODA,False
4026,PROBASKETLAB FUENLABRADA,13,6.205,41.84,True,7,FUNDACION GLOBALCAJA LA RODA,False
4027,PROBASKETLAB FUENLABRADA,7,32.369,64.784,True,7,FUNDACION GLOBALCAJA LA RODA,False
4028,PROBASKETLAB FUENLABRADA,7,30.606,22.43,True,7,FUNDACION GLOBALCAJA LA RODA,False
4029,PROBASKETLAB FUENLABRADA,8,14.315,5.2936,False,7,FUNDACION GLOBALCAJA LA RODA,False
4030,PROBASKETLAB FUENLABRADA,8,8.3215,44.113,True,7,FUNDACION GLOBALCAJA LA RODA,False
4031,PROBASKETLAB FUENLABRADA,11,7.404,49.155,True,7,FUNDACION GLOBALCAJA LA RODA,False
4032,PROBASKETLAB FUENLABRADA,7,35.19,65.288,True,7,FUNDACION GLOBALCAJA LA RODA,False
4033,PROBASKETLAB FUENLABRADA,10,8.5331,50.415,True,7,FUNDACION GLOBALCAJA LA RODA,False
4034,PROBASKETLAB FUENLABRADA,7,27.997,12.225,False,7,FUNDACION GLOBALCAJA LA RODA,False
4035,PROBASKETLAB FUENLABRADA,7,8.74469999999999,56.087,False,7,FUNDACION GLOBALCAJA LA RODA,False
4036,PROBASKETLAB FUENLABRADA,13,4.72499999999999,52.81,True,7,FUNDACION GLOBALCAJA LA RODA,False
4037,PROBASKETLAB FUENLABRADA,6,10.36669999999999,54.196,False,7,FUNDACION GLOBALCAJA LA RODA,False
4038,PROBASKETLAB FUENLABRADA,8,13.9633,47.264,False,7,FUNDACION GLOBALCAJA LA RODA,False
4039,PROBASKETLAB FUENLABRADA,10,6.9817,57.599,False,7,FUNDACION GLOBALCAJA LA RODA,False
4040,PROBASKETLAB FUENLABRADA,14,25.811,16.763,False,7,FUNDACION GLOBALCAJA LA RODA,False
4041,PROBASKETLAB FUENLABRADA,7,7.1932,52.054,False,7,FUNDACION GLOBALCAJA LA RODA,False
4042,PROBASKETLAB FUENLABRADA,8,8.46259999999999,55.457,True,7,FUNDACION GLOBALCAJA LA RODA,False
4043,PROBASKETLAB FUENLABRADA,14,7.545,50.793,True,7,FUNDACION GLOBALCAJA LA RODA,False
4044,PROBASKETLAB FUENLABRADA,7,9.026,50.541,True,7,FUNDACION GLOBALCAJA LA RODA,False
4045,PROBASKETLAB FUENLABRADA,13,10.225,46.634,False,7,FUNDACION GLOBALCAJA LA RODA,False
4046,PROBASKETLAB FUENLABRADA,5,21.43859999999999,31.509,False,7,FUNDACION GLOBALCAJA LA RODA,False
4047,PROBASKETLAB FUENLABRADA,7,9.0973,52.306,True,7,FUNDACION GLOBALCAJA LA RODA,False
4048,PROBASKETLAB FUENLABRADA,7,7.68689999999999,51.67,False,7,FUNDACION GLOBALCAJA LA RODA,False
4049,PROBASKETLAB FUENLABRADA,13,9.0973,49.155,False,7,FUNDACION GLOBALCAJA LA RODA,False
4050,PROBASKETLAB FUENLABRADA,5,13.469,47.894,False,7,FUNDACION GLOBALCAJA LA RODA,False
4051,PROBASKETLAB FUENLABRADA,10,29.689,21.426,False,7,FUNDACION GLOBALCAJA LA RODA,False
4052,PROBASKETLAB FUENLABRADA,2,7.96899999999999,48.27,False,7,FUNDACION GLOBALCAJA LA RODA,False
4053,PROBASKETLAB FUENLABRADA,2,11.35,41.466,False,7,FUNDACION GLOBALCAJA LA RODA,False
4054,PROBASKETLAB FUENLABRADA,10,10.225,53.818,True,7,FUNDACION GLOBALCAJA LA RODA,False
4055,PROBASKETLAB FUENLABRADA,2,27.57,20.04,True,7,FUNDACION GLOBALCAJA LA RODA,False
4056,PROBASKETLAB FUENLABRADA,11,6.1354,41.34,False,7,FUNDACION GLOBALCAJA LA RODA,False
4057,PROBASKETLAB FUENLABRADA,13,6.4174,42.727,True,7,FUNDACION GLOBALCAJA LA RODA,False
4058,PROBASKETLAB FUENLABRADA,7,8.8857,47.138,True,7,FUNDACION GLOBALCAJA LA RODA,False
4059,PROBASKETLAB FUENLABRADA,7,6.77009999999999,45.24,True,7,FUNDACION GLOBALCAJA LA RODA,False
4060,PROBASKETLAB FUENLABRADA,3,5.99439999999999,41.84,True,7,FUNDACION GLOBALCAJA LA RODA,False
4061,TOBARRA CB,0,36.882,56.843,False,7,TOSCONES CORRALEJO,True
4062,TOBARRA CB,28,11.21,51.171,True,7,TOSCONES CORRALEJO,True
4063,TOBARRA CB,91,27.009,63.019,True,7,TOSCONES CORRALEJO,True
4064,TOBARRA CB,31,11.21,50.919,False,7,TOSCONES CORRALEJO,True
4065,TOBARRA CB,31,27.926,21.3,True,7,TOSCONES CORRALEJO,True
4066,TOBARRA CB,28,9.0973,29.997,False,7,TOSCONES CORRALEJO,True
4067,TOBARRA CB,91,16.502,50.793,False,7,TOSCONES CORRALEJO,True
4068,TOBARRA CB,28,29.478,16.0,True,7,TOSCONES CORRALEJO,True
4069,TOBARRA CB,0,33.215,55.331,False,7,TOSCONES CORRALEJO,True
4070,TOBARRA CB,91,33.004,53.188,True,7,TOSCONES CORRALEJO,True
4071,TOBARRA CB,31,10.648,52.18,False,7,TOSCONES CORRALEJO,True
4072,TOBARRA CB,0,18.335,69.951,False,7,TOSCONES CORRALEJO,True
4073,TOBARRA CB,26,5.641,3.0249,False,7,TOSCONES CORRALEJO,True
4074,TOBARRA CB,21,9.5204,51.045,True,7,TOSCONES CORRALEJO,True
4075,TOBARRA CB,7,3.87869999999999,3.277,True,7,TOSCONES CORRALEJO,True
4076,TOBARRA CB,31,10.719,53.692,True,7,TOSCONES CORRALEJO,True
4077,TOBARRA CB,26,8.7447,49.029,False,7,TOSCONES CORRALEJO,True
4078,TOBARRA CB,0,7.2637,57.473,True,7,TOSCONES CORRALEJO,True
4079,TOBARRA CB,91,36.177,31.257,False,7,TOSCONES CORRALEJO,True
4080,TOBARRA CB,91,27.644,84.32,False,7,TOSCONES CORRALEJO,True
4081,TOBARRA CB,0,9.3088,55.205,True,7,TOSCONES CORRALEJO,True
4082,TOBARRA CB,28,33.709,27.098,False,7,TOSCONES CORRALEJO,True
4083,TOBARRA CB,7,30.253,83.563,True,7,TOSCONES CORRALEJO,True
4084,TOBARRA CB,0,30.53,17.141,True,7,TOSCONES CORRALEJO,True
4085,TOBARRA CB,34,7.6868,53.062,True,7,TOSCONES CORRALEJO,True
4086,TOBARRA CB,31,6.9111,51.5,False,7,TOSCONES CORRALEJO,True
4087,TOBARRA CB,34,10.7193,50.289,True,7,TOSCONES CORRALEJO,True
4088,TOBARRA CB,34,13.117,52.684,False,7,TOSCONES CORRALEJO,True
4089,TOBARRA CB,28,10.08459999999999,28.862,False,7,TOSCONES CORRALEJO,True
4090,TOBARRA CB,31,12.83499999999999,52.18,True,7,TOSCONES CORRALEJO,True
4091,TOBARRA CB,28,31.593,20.04,False,7,TOSCONES CORRALEJO,True
4092,TOBARRA CB,28,10.789,54.196,False,7,TOSCONES CORRALEJO,True
4093,TOBARRA CB,91,28.631,18.779,False,7,TOSCONES CORRALEJO,True
4094,TOBARRA CB,0,18.26519999999999,67.68,False,7,TOSCONES CORRALEJO,True
4095,TOBARRA CB,0,35.613,71.968,False,7,TOSCONES CORRALEJO,True
4096,TOBARRA CB,28,17.136,95.789,True,7,TOSCONES CORRALEJO,True
4097,TOBARRA CB,0,15.373,49.155,True,7,TOSCONES CORRALEJO,True
4098,TOBARRA CB,34,7.33429999999999,48.27,True,7,TOSCONES CORRALEJO,True
4099,TOBARRA CB,91,36.107,56.213,False,7,TOSCONES CORRALEJO,True
4100,TOBARRA CB,31,8.4626,48.146,False,7,TOSCONES CORRALEJO,True
4101,TOBARRA CB,0,8.0395,59.994,True,7,TOSCONES CORRALEJO,True
4102,TOBARRA CB,21,27.926,21.3,False,7,TOSCONES CORRALEJO,True
4103,TOBARRA CB,0,29.548,80.66,False,7,TOSCONES CORRALEJO,True
4104,TOBARRA CB,6,17.84,24.073,False,7,TOSCONES CORRALEJO,True
4105,TOBARRA CB,31,9.87309999999999,53.818,True,7,TOSCONES CORRALEJO,True
4106,TOBARRA CB,28,25.74,89.235,False,7,TOSCONES CORRALEJO,True
4107,TOBARRA CB,7,7.96899999999999,4.6634,False,7,TOSCONES CORRALEJO,True
4108,TOBARRA CB,28,14.17489999999999,55.079,False,7,TOSCONES CORRALEJO,True
4109,TOBARRA CB,91,27.9972,24.703,False,7,TOSCONES CORRALEJO,True
4110,TOBARRA CB,91,32.087,79.908,False,7,TOSCONES CORRALEJO,True
4111,TOBARRA CB,0,8.392,93.64,True,7,TOSCONES CORRALEJO,True
4112,TOBARRA CB,91,11.918,51.423,False,7,TOSCONES CORRALEJO,True
4113,TOBARRA CB,91,32.8632,59.994,False,7,TOSCONES CORRALEJO,True
4114,TOBARRA CB,7,32.51,76.253,False,7,TOSCONES CORRALEJO,True
4115,TOBARRA CB,28,30.324,85.328,True,7,TOSCONES CORRALEJO,True
4116,TOBARRA CB,91,28.138,81.925,False,7,TOSCONES CORRALEJO,True
4117,TOBARRA CB,91,7.827,6.554,True,7,TOSCONES CORRALEJO,True
4118,TOBARRA CB,28,9.9436,54.322,True,7,TOSCONES CORRALEJO,True
4119,TOBARRA CB,7,7.61639999999999,44.239,True,7,TOSCONES CORRALEJO,True
4120,TOBARRA CB,7,11.21,55.583,False,7,TOSCONES CORRALEJO,True
4121,TOBARRA CB,91,27.644,81.421,True,7,TOSCONES CORRALEJO,True
4122,TOBARRA CB,0,33.004,31.383,False,7,TOSCONES CORRALEJO,True
4123,TOBARRA CB,0,9.0973,91.63,True,7,TOSCONES CORRALEJO,True
4124,TOBARRA CB,31,9.2383,48.651,True,7,TOSCONES CORRALEJO,True
4125,TOBARRA CB,21,12.27,50.667,False,7,TOSCONES CORRALEJO,True
4126,TOBARRA CB,0,27.57,21.3,True,7,TOSCONES CORRALEJO,True
4127,TOBARRA CB,6,34.978,70.455,False,7,TOSCONES CORRALEJO,True
4128,TOBARRA CB,28,23.62479999999999,51.67,True,7,TOSCONES CORRALEJO,True
4129,TOSCONES CORRALEJO,17,28.702,78.648,True,7,TOBARRA CB,False
4130,TOSCONES CORRALEJO,15,7.89839999999999,45.878,True,7,TOBARRA CB,False
4131,TOSCONES CORRALEJO,30,32.933,70.83,False,7,TOBARRA CB,False
4132,TOSCONES CORRALEJO,7,12.55289999999999,26.09,True,7,TOBARRA CB,False
4133,TOSCONES CORRALEJO,9,34.978,36.173,False,7,TOBARRA CB,False
4134,TOSCONES CORRALEJO,7,32.722,71.842,False,7,TOBARRA CB,False
4135,TOSCONES CORRALEJO,8,10.36669999999999,60.624,False,7,TOBARRA CB,False
4136,TOSCONES CORRALEJO,7,38.64,48.02,False,7,TOBARRA CB,False
4137,TOSCONES CORRALEJO,7,27.785,22.939,True,7,TOBARRA CB,False
4138,TOSCONES CORRALEJO,30,13.046,26.594,False,7,TOBARRA CB,False
4139,TOSCONES CORRALEJO,11,10.437,51.045,False,7,TOBARRA CB,False
4140,TOSCONES CORRALEJO,15,11.001,56.087,True,7,TOBARRA CB,False
4141,TOSCONES CORRALEJO,17,10.789,54.82,True,7,TOBARRA CB,False
4142,TOSCONES CORRALEJO,17,9.238,49.911,True,7,TOBARRA CB,False
4143,TOSCONES CORRALEJO,7,17.7,73.984,True,7,TOBARRA CB,False
4144,TOSCONES CORRALEJO,17,9.9436,49.659,False,7,TOBARRA CB,False
4145,TOSCONES CORRALEJO,17,10.719,56.969,False,7,TOBARRA CB,False
4146,TOSCONES CORRALEJO,14,10.014,54.95,False,7,TOBARRA CB,False
4147,TOSCONES CORRALEJO,17,11.988,55.835,False,7,TOBARRA CB,False
4148,TOSCONES CORRALEJO,15,9.02679999999999,53.566,True,7,TOBARRA CB,False
4149,TOSCONES CORRALEJO,7,7.05219999999999,55.079,False,7,TOBARRA CB,False
4150,TOSCONES CORRALEJO,11,10.789,31.635,False,7,TOBARRA CB,False
4151,TOSCONES CORRALEJO,6,28.49079999999999,19.157,False,7,TOBARRA CB,False
4152,TOSCONES CORRALEJO,17,17.34839999999999,95.537,False,7,TOBARRA CB,False
4153,TOSCONES CORRALEJO,8,10.014,51.5,True,7,TOBARRA CB,False
4154,TOSCONES CORRALEJO,6,8.5331,8.066,False,7,TOBARRA CB,False
4155,TOSCONES CORRALEJO,15,9.8025,43.105,False,7,TOBARRA CB,False
4156,TOSCONES CORRALEJO,7,10.789,50.163,True,7,TOBARRA CB,False
4157,TOSCONES CORRALEJO,8,28.8434,81.421,True,7,TOBARRA CB,False
4158,TOSCONES CORRALEJO,30,7.33429999999999,91.504,False,7,TOBARRA CB,False
4159,TOSCONES CORRALEJO,8,10.578,48.52,True,7,TOBARRA CB,False
4160,TOSCONES CORRALEJO,17,14.386,51.5,False,7,TOBARRA CB,False
4161,TOSCONES CORRALEJO,11,13.892,54.574,False,7,TOBARRA CB,False
4162,TOSCONES CORRALEJO,30,8.9562,56.213,False,7,TOBARRA CB,False
4163,TOSCONES CORRALEJO,30,25.5994,80.412,False,7,TOBARRA CB,False
4164,TOSCONES CORRALEJO,11,29.689,78.27,True,7,TOBARRA CB,False
4165,TOSCONES CORRALEJO,9,14.66849999999999,52.432,False,7,TOBARRA CB,False
4166,TOSCONES CORRALEJO,8,11.424,55.583,True,7,TOBARRA CB,False
4167,TOSCONES CORRALEJO,15,11.424,55.583,False,7,TOBARRA CB,False
4168,TOSCONES CORRALEJO,8,11.847,52.684,True,7,TOBARRA CB,False
4169,TOSCONES CORRALEJO,11,24.4711,56.339,False,7,TOBARRA CB,False
4170,TOSCONES CORRALEJO,8,11.636,53.692,True,7,TOBARRA CB,False
4171,TOSCONES CORRALEJO,17,12.552,52.432,False,7,TOBARRA CB,False
4172,TOSCONES CORRALEJO,17,17.277,28.106,False,7,TOBARRA CB,False
4173,TOSCONES CORRALEJO,9,11.495,53.944,False,7,TOBARRA CB,False
4174,TOSCONES CORRALEJO,17,7.827,50.289,False,7,TOBARRA CB,False
4175,TOSCONES CORRALEJO,9,11.8477,47.516,True,7,TOBARRA CB,False
4176,TOSCONES CORRALEJO,8,11.918,48.39,False,7,TOBARRA CB,False
4177,TOSCONES CORRALEJO,9,9.9436,51.297,True,7,TOBARRA CB,False
4178,TOSCONES CORRALEJO,15,12.341,53.692,False,7,TOBARRA CB,False
4179,TOSCONES CORRALEJO,6,28.349,23.065,False,7,TOBARRA CB,False
4180,TOSCONES CORRALEJO,6,28.91,88.353,False,7,TOBARRA CB,False
4181,TOSCONES CORRALEJO,17,27.856,24.199,True,7,TOBARRA CB,False
4182,TOSCONES CORRALEJO,11,4.583,92.764,True,7,TOBARRA CB,False
4183,TOSCONES CORRALEJO,17,10.296,54.95,True,7,TOBARRA CB,False
4184,TOSCONES CORRALEJO,17,13.469,48.903,True,7,TOBARRA CB,False
4185,TOSCONES CORRALEJO,7,9.59099999999999,73.984,True,7,TOBARRA CB,False
4186,TOSCONES CORRALEJO,7,23.9774,35.29,True,7,TOBARRA CB,False
4187,TOSCONES CORRALEJO,8,32.51,51.67,True,7,TOBARRA CB,False
4188,TOSCONES CORRALEJO,9,36.389,49.533,False,7,TOBARRA CB,False
4189,TOSCONES CORRALEJO,9,6.205,52.18,True,7,TOBARRA CB,False
4190,TOSCONES CORRALEJO,8,7.263,46.508,True,7,TOBARRA CB,False
4191,EL VENTERO CBV,10,5.148,49.533,True,7,INMOBILIARIA GÁLVEZ SANTA CRUZ,True
4192,EL VENTERO CBV,41,3.3145,48.903,True,7,INMOBILIARIA GÁLVEZ SANTA CRUZ,True
4193,EL VENTERO CBV,22,33.356,14.872,False,7,INMOBILIARIA GÁLVEZ SANTA CRUZ,True
4194,EL VENTERO CBV,10,35.4,42.853,False,7,INMOBILIARIA GÁLVEZ SANTA CRUZ,True
4195,EL VENTERO CBV,18,5.148,49.659,True,7,INMOBILIARIA GÁLVEZ SANTA CRUZ,True
4196,EL VENTERO CBV,3,5.8533,47.768,False,7,INMOBILIARIA GÁLVEZ SANTA CRUZ,True
4197,EL VENTERO CBV,18,5.50069999999999,48.52,True,7,INMOBILIARIA GÁLVEZ SANTA CRUZ,True
4198,EL VENTERO CBV,18,5.00709999999999,47.642,False,7,INMOBILIARIA GÁLVEZ SANTA CRUZ,True
4199,EL VENTERO CBV,10,32.44,18.275,True,7,INMOBILIARIA GÁLVEZ SANTA CRUZ,True
4200,EL VENTERO CBV,22,27.009,86.96,False,7,INMOBILIARIA GÁLVEZ SANTA CRUZ,True
4201,EL VENTERO CBV,1,4.513,48.146,True,7,INMOBILIARIA GÁLVEZ SANTA CRUZ,True
4202,EL VENTERO CBV,3,6.27639999999999,50.037,True,7,INMOBILIARIA GÁLVEZ SANTA CRUZ,True
4203,EL VENTERO CBV,10,30.677,81.295,False,7,INMOBILIARIA GÁLVEZ SANTA CRUZ,True
4204,EL VENTERO CBV,22,7.263,4.0332,False,7,INMOBILIARIA GÁLVEZ SANTA CRUZ,True
4205,EL VENTERO CBV,1,34.626,62.767,False,7,INMOBILIARIA GÁLVEZ SANTA CRUZ,True
4206,EL VENTERO CBV,18,6.77,51.67,True,7,INMOBILIARIA GÁLVEZ SANTA CRUZ,True
4207,EL VENTERO CBV,0,5.0776,50.289,True,7,INMOBILIARIA GÁLVEZ SANTA CRUZ,True
4208,EL VENTERO CBV,41,16.854,50.163,True,7,INMOBILIARIA GÁLVEZ SANTA CRUZ,True
4209,EL VENTERO CBV,15,36.248,64.279,False,7,INMOBILIARIA GÁLVEZ SANTA CRUZ,True
4210,EL VENTERO CBV,18,6.135,52.558,True,7,INMOBILIARIA GÁLVEZ SANTA CRUZ,True
4211,EL VENTERO CBV,10,36.318,65.54,True,7,INMOBILIARIA GÁLVEZ SANTA CRUZ,True
4212,EL VENTERO CBV,41,31.382,77.009,False,7,INMOBILIARIA GÁLVEZ SANTA CRUZ,True
4213,EL VENTERO CBV,1,6.629,76.883,True,7,INMOBILIARIA GÁLVEZ SANTA CRUZ,True
4214,EL VENTERO CBV,1,15.44429999999999,61.25,False,7,INMOBILIARIA GÁLVEZ SANTA CRUZ,True
4215,EL VENTERO CBV,15,7.263,44.491,False,7,INMOBILIARIA GÁLVEZ SANTA CRUZ,True
4216,EL VENTERO CBV,10,29.125,10.965,True,7,INMOBILIARIA GÁLVEZ SANTA CRUZ,True
4217,EL VENTERO CBV,0,29.619,15.502,False,7,INMOBILIARIA GÁLVEZ SANTA CRUZ,True
4218,EL VENTERO CBV,0,37.87,24.451,False,7,INMOBILIARIA GÁLVEZ SANTA CRUZ,True
4219,EL VENTERO CBV,3,7.4753,54.82,False,7,INMOBILIARIA GÁLVEZ SANTA CRUZ,True
4220,EL VENTERO CBV,10,31.805,72.22,False,7,INMOBILIARIA GÁLVEZ SANTA CRUZ,True
4221,EL VENTERO CBV,0,6.1354,46.256,False,7,INMOBILIARIA GÁLVEZ SANTA CRUZ,True
4222,EL VENTERO CBV,41,36.318,15.376,True,7,INMOBILIARIA GÁLVEZ SANTA CRUZ,True
4223,EL VENTERO CBV,1,22.355,22.68,True,7,INMOBILIARIA GÁLVEZ SANTA CRUZ,True
4224,EL VENTERO CBV,15,5.148,4.6634,True,7,INMOBILIARIA GÁLVEZ SANTA CRUZ,True
4225,EL VENTERO CBV,3,6.9816,50.289,True,7,INMOBILIARIA GÁLVEZ SANTA CRUZ,True
4226,EL VENTERO CBV,21,6.27639999999999,50.415,False,7,INMOBILIARIA GÁLVEZ SANTA CRUZ,True
4227,EL VENTERO CBV,10,5.0776,48.39,True,7,INMOBILIARIA GÁLVEZ SANTA CRUZ,True
4228,EL VENTERO CBV,1,7.404,48.903,False,7,INMOBILIARIA GÁLVEZ SANTA CRUZ,True
4229,EL VENTERO CBV,0,5.50069999999999,48.52,False,7,INMOBILIARIA GÁLVEZ SANTA CRUZ,True
4230,EL VENTERO CBV,3,5.71229999999999,50.541,True,7,INMOBILIARIA GÁLVEZ SANTA CRUZ,True
4231,EL VENTERO CBV,1,31.664,80.412,True,7,INMOBILIARIA GÁLVEZ SANTA CRUZ,True
4232,EL VENTERO CBV,18,7.404,48.903,True,7,INMOBILIARIA GÁLVEZ SANTA CRUZ,True
4233,EL VENTERO CBV,10,6.1354,50.919,False,7,INMOBILIARIA GÁLVEZ SANTA CRUZ,True
4234,EL VENTERO CBV,10,6.5585,50.793,False,7,INMOBILIARIA GÁLVEZ SANTA CRUZ,True
4235,EL VENTERO CBV,10,30.959,13.612,False,7,INMOBILIARIA GÁLVEZ SANTA CRUZ,True
4236,EL VENTERO CBV,18,31.805,72.22,True,7,INMOBILIARIA GÁLVEZ SANTA CRUZ,True
4237,EL VENTERO CBV,41,5.148,49.911,True,7,INMOBILIARIA GÁLVEZ SANTA CRUZ,True
4238,EL VENTERO CBV,10,6.0648,51.67,True,7,INMOBILIARIA GÁLVEZ SANTA CRUZ,True
4239,EL VENTERO CBV,10,31.17,78.9,False,7,INMOBILIARIA GÁLVEZ SANTA CRUZ,True
4240,EL VENTERO CBV,22,6.77,47.642,True,7,INMOBILIARIA GÁLVEZ SANTA CRUZ,True
4241,EL VENTERO CBV,27,35.4,56.339,True,7,INMOBILIARIA GÁLVEZ SANTA CRUZ,True
4242,EL VENTERO CBV,18,5.99439999999999,49.533,True,7,INMOBILIARIA GÁLVEZ SANTA CRUZ,True
4243,EL VENTERO CBV,10,31.45269999999999,18.779,False,7,INMOBILIARIA GÁLVEZ SANTA CRUZ,True
4244,EL VENTERO CBV,18,6.27639999999999,50.415,True,7,INMOBILIARIA GÁLVEZ SANTA CRUZ,True
4245,EL VENTERO CBV,41,23.624,49.029,True,7,INMOBILIARIA GÁLVEZ SANTA CRUZ,True
4246,EL VENTERO CBV,15,6.1354,48.903,False,7,INMOBILIARIA GÁLVEZ SANTA CRUZ,True
4247,EL VENTERO CBV,41,33.4274,24.451,False,7,INMOBILIARIA GÁLVEZ SANTA CRUZ,True
4248,EL VENTERO CBV,41,24.04,49.911,False,7,INMOBILIARIA GÁLVEZ SANTA CRUZ,True
4249,EL VENTERO CBV,10,23.201,27.728,True,7,INMOBILIARIA GÁLVEZ SANTA CRUZ,True
4250,EL VENTERO CBV,18,5.7827,49.659,True,7,INMOBILIARIA GÁLVEZ SANTA CRUZ,True
4251,EL VENTERO CBV,1,11.918,17.267,False,7,INMOBILIARIA GÁLVEZ SANTA CRUZ,True
4252,EL VENTERO CBV,0,35.19,52.936,False,7,INMOBILIARIA GÁLVEZ SANTA CRUZ,True
4253,INMOBILIARIA GÁLVEZ SANTA CRUZ,15,9.2383,51.171,True,7,EL VENTERO CBV,False
4254,INMOBILIARIA GÁLVEZ SANTA CRUZ,44,33.004,70.077,True,7,EL VENTERO CBV,False
4255,INMOBILIARIA GÁLVEZ SANTA CRUZ,15,36.953,24.451,False,7,EL VENTERO CBV,False
4256,INMOBILIARIA GÁLVEZ SANTA CRUZ,7,5.5712,4.2853,False,7,EL VENTERO CBV,False
4257,INMOBILIARIA GÁLVEZ SANTA CRUZ,6,8.8857,51.802,False,7,EL VENTERO CBV,False
4258,INMOBILIARIA GÁLVEZ SANTA CRUZ,44,3.526,14.872,False,7,EL VENTERO CBV,False
4259,INMOBILIARIA GÁLVEZ SANTA CRUZ,15,38.363,49.659,False,7,EL VENTERO CBV,False
4260,INMOBILIARIA GÁLVEZ SANTA CRUZ,44,30.324,22.308,False,7,EL VENTERO CBV,False
4261,INMOBILIARIA GÁLVEZ SANTA CRUZ,6,36.812,41.34,False,7,EL VENTERO CBV,False
4262,INMOBILIARIA GÁLVEZ SANTA CRUZ,16,36.107,48.52,False,7,EL VENTERO CBV,False
4263,INMOBILIARIA GÁLVEZ SANTA CRUZ,24,7.0521,48.39,True,7,EL VENTERO CBV,False
4264,INMOBILIARIA GÁLVEZ SANTA CRUZ,44,32.29,15.88,False,7,EL VENTERO CBV,False
4265,INMOBILIARIA GÁLVEZ SANTA CRUZ,11,31.875,20.166,False,7,EL VENTERO CBV,False
4266,INMOBILIARIA GÁLVEZ SANTA CRUZ,15,36.107,70.077,False,7,EL VENTERO CBV,False
4267,INMOBILIARIA GÁLVEZ SANTA CRUZ,44,16.502,80.286,False,7,EL VENTERO CBV,False
4268,INMOBILIARIA GÁLVEZ SANTA CRUZ,15,34.273,33.652,False,7,EL VENTERO CBV,False
4269,INMOBILIARIA GÁLVEZ SANTA CRUZ,6,10.1551,53.692,True,7,EL VENTERO CBV,False
4270,INMOBILIARIA GÁLVEZ SANTA CRUZ,6,5.3596,49.407,True,7,EL VENTERO CBV,False
4271,INMOBILIARIA GÁLVEZ SANTA CRUZ,15,34.062,18.527,False,7,EL VENTERO CBV,False
4272,INMOBILIARIA GÁLVEZ SANTA CRUZ,13,38.504,24.703,False,7,EL VENTERO CBV,False
4273,INMOBILIARIA GÁLVEZ SANTA CRUZ,12,5.00709999999999,46.004,True,7,EL VENTERO CBV,False
4274,INMOBILIARIA GÁLVEZ SANTA CRUZ,24,36.812,41.34,True,7,EL VENTERO CBV,False
4275,INMOBILIARIA GÁLVEZ SANTA CRUZ,11,11.70659999999999,95.159,False,7,EL VENTERO CBV,False
4276,INMOBILIARIA GÁLVEZ SANTA CRUZ,15,35.2609,45.5,True,7,EL VENTERO CBV,False
4277,INMOBILIARIA GÁLVEZ SANTA CRUZ,15,32.15,19.536,False,7,EL VENTERO CBV,False
4278,INMOBILIARIA GÁLVEZ SANTA CRUZ,12,6.205,52.684,True,7,EL VENTERO CBV,False
4279,INMOBILIARIA GÁLVEZ SANTA CRUZ,6,5.8533,48.27,True,7,EL VENTERO CBV,False
4280,INMOBILIARIA GÁLVEZ SANTA CRUZ,12,34.273,33.652,True,7,EL VENTERO CBV,False
4281,INMOBILIARIA GÁLVEZ SANTA CRUZ,15,31.1,21.552,False,7,EL VENTERO CBV,False
4282,INMOBILIARIA GÁLVEZ SANTA CRUZ,6,24.964,88.731,False,7,EL VENTERO CBV,False
4283,INMOBILIARIA GÁLVEZ SANTA CRUZ,9,10.789,47.768,False,7,EL VENTERO CBV,False
4284,INMOBILIARIA GÁLVEZ SANTA CRUZ,44,11.918,26.72,False,7,EL VENTERO CBV,False
4285,INMOBILIARIA GÁLVEZ SANTA CRUZ,7,33.568,47.894,False,7,EL VENTERO CBV,False
4286,INMOBILIARIA GÁLVEZ SANTA CRUZ,13,30.53,78.144,False,7,EL VENTERO CBV,False
4287,INMOBILIARIA GÁLVEZ SANTA CRUZ,44,10.719,4.6634,False,7,EL VENTERO CBV,False
4288,INMOBILIARIA GÁLVEZ SANTA CRUZ,6,11.071,49.281,False,7,EL VENTERO CBV,False
4289,INMOBILIARIA GÁLVEZ SANTA CRUZ,6,36.389,76.001,False,7,EL VENTERO CBV,False
4290,INMOBILIARIA GÁLVEZ SANTA CRUZ,15,34.837,24.703,False,7,EL VENTERO CBV,False
4291,INMOBILIARIA GÁLVEZ SANTA CRUZ,44,9.02679999999999,74.11,True,7,EL VENTERO CBV,False
4292,INMOBILIARIA GÁLVEZ SANTA CRUZ,6,33.568,75.623,False,7,EL VENTERO CBV,False
4293,INMOBILIARIA GÁLVEZ SANTA CRUZ,7,4.231300000000004,5.797,True,7,EL VENTERO CBV,False
4294,INMOBILIARIA GÁLVEZ SANTA CRUZ,12,8.8152,52.054,True,7,EL VENTERO CBV,False
4295,INMOBILIARIA GÁLVEZ SANTA CRUZ,15,8.4626,51.5,False,7,EL VENTERO CBV,False
4296,INMOBILIARIA GÁLVEZ SANTA CRUZ,12,13.399,55.457,True,7,EL VENTERO CBV,False
4297,INMOBILIARIA GÁLVEZ SANTA CRUZ,15,12.0592,58.734,False,7,EL VENTERO CBV,False
4298,INMOBILIARIA GÁLVEZ SANTA CRUZ,44,8.3215,82.051,False,7,EL VENTERO CBV,False
4299,INMOBILIARIA GÁLVEZ SANTA CRUZ,15,10.578,41.718,True,7,EL VENTERO CBV,False
4300,INMOBILIARIA GÁLVEZ SANTA CRUZ,15,8.95629999999999,51.045,False,7,EL VENTERO CBV,False
4301,INMOBILIARIA GÁLVEZ SANTA CRUZ,44,32.016,18.905,True,7,EL VENTERO CBV,False
4302,INMOBILIARIA GÁLVEZ SANTA CRUZ,15,8.95629999999999,49.407,True,7,EL VENTERO CBV,False
4303,INMOBILIARIA GÁLVEZ SANTA CRUZ,15,6.6996,46.256,True,7,EL VENTERO CBV,False
4304,INMOBILIARIA GÁLVEZ SANTA CRUZ,44,7.33429999999999,55.331,True,7,EL VENTERO CBV,False
4305,INMOBILIARIA GÁLVEZ SANTA CRUZ,44,34.978,69.069,False,7,EL VENTERO CBV,False
4306,INMOBILIARIA GÁLVEZ SANTA CRUZ,12,8.3215,40.962,False,7,EL VENTERO CBV,False
4307,INMOBILIARIA GÁLVEZ SANTA CRUZ,6,33.427,73.228,False,7,EL VENTERO CBV,False
4308,MOVISTAR ESTUDIANTES,6,13.251,50.971,True,7,C.D. BASKET GLOBALCAJA QUINTANAR,True
4309,MOVISTAR ESTUDIANTES,25,15.648,58.026,False,7,C.D. BASKET GLOBALCAJA QUINTANAR,True
4310,MOVISTAR ESTUDIANTES,2,35.761,62.813,True,7,C.D. BASKET GLOBALCAJA QUINTANAR,True
4311,MOVISTAR ESTUDIANTES,9,10.197,47.44,True,7,C.D. BASKET GLOBALCAJA QUINTANAR,True
4312,MOVISTAR ESTUDIANTES,8,11.56,51.811,True,7,C.D. BASKET GLOBALCAJA QUINTANAR,True
4313,MOVISTAR ESTUDIANTES,2,33.6466,26.447,False,7,C.D. BASKET GLOBALCAJA QUINTANAR,True
4314,MOVISTAR ESTUDIANTES,2,14.47369999999999,56.514,False,7,C.D. BASKET GLOBALCAJA QUINTANAR,True
4315,MOVISTAR ESTUDIANTES,11,10.385,55.17,False,7,C.D. BASKET GLOBALCAJA QUINTANAR,True
4316,MOVISTAR ESTUDIANTES,8,12.922,44.42,True,7,C.D. BASKET GLOBALCAJA QUINTANAR,True
4317,MOVISTAR ESTUDIANTES,19,13.157,40.809,True,7,C.D. BASKET GLOBALCAJA QUINTANAR,True
4318,MOVISTAR ESTUDIANTES,12,8.6466,2.679,False,7,C.D. BASKET GLOBALCAJA QUINTANAR,True
4319,MOVISTAR ESTUDIANTES,9,15.131,42.908,False,7,C.D. BASKET GLOBALCAJA QUINTANAR,True
4320,MOVISTAR ESTUDIANTES,6,33.83459999999999,16.7,False,7,C.D. BASKET GLOBALCAJA QUINTANAR,True
4321,MOVISTAR ESTUDIANTES,25,12.453,33.25,True,7,C.D. BASKET GLOBALCAJA QUINTANAR,True
4322,MOVISTAR ESTUDIANTES,22,13.11,53.239,False,7,C.D. BASKET GLOBALCAJA QUINTANAR,True
4323,MOVISTAR ESTUDIANTES,9,20.9586,55.674,False,7,C.D. BASKET GLOBALCAJA QUINTANAR,True
4324,MOVISTAR ESTUDIANTES,11,7.2368,60.965,False,7,C.D. BASKET GLOBALCAJA QUINTANAR,True
4325,MOVISTAR ESTUDIANTES,9,10.90219999999999,51.643,True,7,C.D. BASKET GLOBALCAJA QUINTANAR,True
4326,MOVISTAR ESTUDIANTES,8,40.037,45.764,False,7,C.D. BASKET GLOBALCAJA QUINTANAR,True
4327,MOVISTAR ESTUDIANTES,2,37.171,49.543,False,7,C.D. BASKET GLOBALCAJA QUINTANAR,True
4328,MOVISTAR ESTUDIANTES,6,37.0,47.94,True,7,C.D. BASKET GLOBALCAJA QUINTANAR,True
4329,MOVISTAR ESTUDIANTES,25,27.067,78.68,True,7,C.D. BASKET GLOBALCAJA QUINTANAR,True
4330,MOVISTAR ESTUDIANTES,12,27.631,78.099,False,7,C.D. BASKET GLOBALCAJA QUINTANAR,True
4331,MOVISTAR ESTUDIANTES,11,32.8007,73.899,True,7,C.D. BASKET GLOBALCAJA QUINTANAR,True
4332,MOVISTAR ESTUDIANTES,25,27.58459999999999,82.298,False,7,C.D. BASKET GLOBALCAJA QUINTANAR,True
4333,MOVISTAR ESTUDIANTES,22,8.9755,54.75,True,7,C.D. BASKET GLOBALCAJA QUINTANAR,True
4334,MOVISTAR ESTUDIANTES,2,16.118,55.254,False,7,C.D. BASKET GLOBALCAJA QUINTANAR,True
4335,MOVISTAR ESTUDIANTES,2,31.86,30.562,True,7,C.D. BASKET GLOBALCAJA QUINTANAR,True
4336,MOVISTAR ESTUDIANTES,7,19.6898,91.956,True,7,C.D. BASKET GLOBALCAJA QUINTANAR,True
4337,MOVISTAR ESTUDIANTES,6,32.471,64.745,False,7,C.D. BASKET GLOBALCAJA QUINTANAR,True
4338,MOVISTAR ESTUDIANTES,9,12.31,57.186,False,7,C.D. BASKET GLOBALCAJA QUINTANAR,True
4339,MOVISTAR ESTUDIANTES,7,9.4924,24.095,True,7,C.D. BASKET GLOBALCAJA QUINTANAR,True
4340,MOVISTAR ESTUDIANTES,2,34.727,50.887,False,7,C.D. BASKET GLOBALCAJA QUINTANAR,True
4341,MOVISTAR ESTUDIANTES,22,11.8421,56.01,True,7,C.D. BASKET GLOBALCAJA QUINTANAR,True
4342,MOVISTAR ESTUDIANTES,2,11.8421,56.01,False,7,C.D. BASKET GLOBALCAJA QUINTANAR,True
4343,MOVISTAR ESTUDIANTES,6,9.4454,40.641,True,7,C.D. BASKET GLOBALCAJA QUINTANAR,True
4344,MOVISTAR ESTUDIANTES,11,34.86839999999999,29.47,True,7,C.D. BASKET GLOBALCAJA QUINTANAR,True
4345,MOVISTAR ESTUDIANTES,8,12.875,30.226,True,7,C.D. BASKET GLOBALCAJA QUINTANAR,True
4346,MOVISTAR ESTUDIANTES,25,33.129,19.98,False,7,C.D. BASKET GLOBALCAJA QUINTANAR,True
4347,MOVISTAR ESTUDIANTES,19,31.29,22.164,False,7,C.D. BASKET GLOBALCAJA QUINTANAR,True
4348,MOVISTAR ESTUDIANTES,11,9.4925,3.1831,True,7,C.D. BASKET GLOBALCAJA QUINTANAR,True
4349,MOVISTAR ESTUDIANTES,8,13.063,42.824,False,7,C.D. BASKET GLOBALCAJA QUINTANAR,True
4350,MOVISTAR ESTUDIANTES,7,24.624,84.734,False,7,C.D. BASKET GLOBALCAJA QUINTANAR,True
4351,MOVISTAR ESTUDIANTES,6,8.5056,57.858,True,7,C.D. BASKET GLOBALCAJA QUINTANAR,True
4352,MOVISTAR ESTUDIANTES,6,12.875,30.226,False,7,C.D. BASKET GLOBALCAJA QUINTANAR,True
4353,MOVISTAR ESTUDIANTES,8,13.768,53.65,False,7,C.D. BASKET GLOBALCAJA QUINTANAR,True
4354,MOVISTAR ESTUDIANTES,11,17.0583,53.82,True,7,C.D. BASKET GLOBALCAJA QUINTANAR,True
4355,MOVISTAR ESTUDIANTES,7,34.398,65.417,False,7,C.D. BASKET GLOBALCAJA QUINTANAR,True
4356,MOVISTAR ESTUDIANTES,25,33.6466,66.59,False,7,C.D. BASKET GLOBALCAJA QUINTANAR,True
4357,MOVISTAR ESTUDIANTES,9,16.635,51.727,False,7,C.D. BASKET GLOBALCAJA QUINTANAR,True
4358,MOVISTAR ESTUDIANTES,8,11.231,58.194,False,7,C.D. BASKET GLOBALCAJA QUINTANAR,True
4359,MOVISTAR ESTUDIANTES,6,33.2707,37.281,False,7,C.D. BASKET GLOBALCAJA QUINTANAR,True
4360,MOVISTAR ESTUDIANTES,9,7.8007,48.955,True,7,C.D. BASKET GLOBALCAJA QUINTANAR,True
4361,MOVISTAR ESTUDIANTES,25,34.398,32.494,True,7,C.D. BASKET GLOBALCAJA QUINTANAR,True
4362,MOVISTAR ESTUDIANTES,9,9.1635,51.139,False,7,C.D. BASKET GLOBALCAJA QUINTANAR,True
4363,MOVISTAR ESTUDIANTES,9,14.7086,54.414,True,7,C.D. BASKET GLOBALCAJA QUINTANAR,True
4364,MOVISTAR ESTUDIANTES,11,16.118,55.254,True,7,C.D. BASKET GLOBALCAJA QUINTANAR,True
4365,MOVISTAR ESTUDIANTES,2,9.1165,55.086,True,7,C.D. BASKET GLOBALCAJA QUINTANAR,True
4366,MOVISTAR ESTUDIANTES,7,29.8872,17.712,False,7,C.D. BASKET GLOBALCAJA QUINTANAR,True
4367,MOVISTAR ESTUDIANTES,6,31.10899999999999,25.439,True,7,C.D. BASKET GLOBALCAJA QUINTANAR,True
4368,MOVISTAR ESTUDIANTES,6,33.834,77.343,False,7,C.D. BASKET GLOBALCAJA QUINTANAR,True
4369,MOVISTAR ESTUDIANTES,25,19.595,5.198,True,7,C.D. BASKET GLOBALCAJA QUINTANAR,True
4370,MOVISTAR ESTUDIANTES,9,6.531999999999996,60.04,True,7,C.D. BASKET GLOBALCAJA QUINTANAR,True
4371,MOVISTAR ESTUDIANTES,25,28.571,81.122,False,7,C.D. BASKET GLOBALCAJA QUINTANAR,True
4372,C.D. BASKET GLOBALCAJA QUINTANAR,50,9.63349999999999,57.018,True,7,MOVISTAR ESTUDIANTES,False
4373,C.D. BASKET GLOBALCAJA QUINTANAR,14,29.135,72.136,False,7,MOVISTAR ESTUDIANTES,False
4374,C.D. BASKET GLOBALCAJA QUINTANAR,50,11.654,61.637,False,7,MOVISTAR ESTUDIANTES,False
4375,C.D. BASKET GLOBALCAJA QUINTANAR,21,35.056,28.547,False,7,MOVISTAR ESTUDIANTES,False
4376,C.D. BASKET GLOBALCAJA QUINTANAR,1,18.891,51.895,False,7,MOVISTAR ESTUDIANTES,False
4377,C.D. BASKET GLOBALCAJA QUINTANAR,21,10.8083,93.384,False,7,MOVISTAR ESTUDIANTES,False
4378,C.D. BASKET GLOBALCAJA QUINTANAR,2,15.93,46.268,False,7,MOVISTAR ESTUDIANTES,False
4379,C.D. BASKET GLOBALCAJA QUINTANAR,12,18.186,46.268,True,7,MOVISTAR ESTUDIANTES,False
4380,C.D. BASKET GLOBALCAJA QUINTANAR,2,14.0507,51.055,False,7,MOVISTAR ESTUDIANTES,False
4381,C.D. BASKET GLOBALCAJA QUINTANAR,8,34.398,76.335,False,7,MOVISTAR ESTUDIANTES,False
4382,C.D. BASKET GLOBALCAJA QUINTANAR,50,11.8421,59.37,True,7,MOVISTAR ESTUDIANTES,False
4383,C.D. BASKET GLOBALCAJA QUINTANAR,2,21.287,5.8706,False,7,MOVISTAR ESTUDIANTES,False
4384,C.D. BASKET GLOBALCAJA QUINTANAR,8,30.028,78.77,True,7,MOVISTAR ESTUDIANTES,False
4385,C.D. BASKET GLOBALCAJA QUINTANAR,6,37.969,40.473,False,7,MOVISTAR ESTUDIANTES,False
4386,C.D. BASKET GLOBALCAJA QUINTANAR,2,13.909,51.559,False,7,MOVISTAR ESTUDIANTES,False
4387,C.D. BASKET GLOBALCAJA QUINTANAR,6,10.244,42.488,False,7,MOVISTAR ESTUDIANTES,False
4388,C.D. BASKET GLOBALCAJA QUINTANAR,8,14.003,46.688,True,7,MOVISTAR ESTUDIANTES,False
4389,C.D. BASKET GLOBALCAJA QUINTANAR,12,11.231,51.643,True,7,MOVISTAR ESTUDIANTES,False
4390,C.D. BASKET GLOBALCAJA QUINTANAR,12,18.51,51.139,False,7,MOVISTAR ESTUDIANTES,False
4391,C.D. BASKET GLOBALCAJA QUINTANAR,6,14.42669999999999,55.422,True,7,MOVISTAR ESTUDIANTES,False
4392,C.D. BASKET GLOBALCAJA QUINTANAR,6,18.56,5.7867,False,7,MOVISTAR ESTUDIANTES,False
4393,C.D. BASKET GLOBALCAJA QUINTANAR,2,9.1165,55.338,True,7,MOVISTAR ESTUDIANTES,False
4394,C.D. BASKET GLOBALCAJA QUINTANAR,1,28.9,18.804,True,7,MOVISTAR ESTUDIANTES,False
4395,C.D. BASKET GLOBALCAJA QUINTANAR,2,19.36,47.36,False,7,MOVISTAR ESTUDIANTES,False
4396,C.D. BASKET GLOBALCAJA QUINTANAR,2,16.541,46.436,False,7,MOVISTAR ESTUDIANTES,False
4397,C.D. BASKET GLOBALCAJA QUINTANAR,3,23.543,88.933,False,7,MOVISTAR ESTUDIANTES,False
4398,C.D. BASKET GLOBALCAJA QUINTANAR,8,15.413,51.307,True,7,MOVISTAR ESTUDIANTES,False
4399,C.D. BASKET GLOBALCAJA QUINTANAR,12,10.9492,50.803,False,7,MOVISTAR ESTUDIANTES,False
4400,C.D. BASKET GLOBALCAJA QUINTANAR,8,19.266,32.998,False,7,MOVISTAR ESTUDIANTES,False
4401,C.D. BASKET GLOBALCAJA QUINTANAR,2,10.29139999999999,50.803,True,7,MOVISTAR ESTUDIANTES,False
4402,C.D. BASKET GLOBALCAJA QUINTANAR,50,26.785,85.23,False,7,MOVISTAR ESTUDIANTES,False
4403,C.D. BASKET GLOBALCAJA QUINTANAR,12,9.7744,57.186,False,7,MOVISTAR ESTUDIANTES,False
4404,C.D. BASKET GLOBALCAJA QUINTANAR,50,10.996,57.774,True,7,MOVISTAR ESTUDIANTES,False
4405,C.D. BASKET GLOBALCAJA QUINTANAR,14,10.5733,56.934,False,7,MOVISTAR ESTUDIANTES,False
4406,C.D. BASKET GLOBALCAJA QUINTANAR,6,10.05639999999999,50.719,True,7,MOVISTAR ESTUDIANTES,False
4407,C.D. BASKET GLOBALCAJA QUINTANAR,12,20.629,54.582,False,7,MOVISTAR ESTUDIANTES,False
4408,C.D. BASKET GLOBALCAJA QUINTANAR,12,10.009,56.682,True,7,MOVISTAR ESTUDIANTES,False
4409,C.D. BASKET GLOBALCAJA QUINTANAR,12,15.037,50.467,True,7,MOVISTAR ESTUDIANTES,False
4410,C.D. BASKET GLOBALCAJA QUINTANAR,21,34.586,53.407,False,7,MOVISTAR ESTUDIANTES,False
4411,C.D. BASKET GLOBALCAJA QUINTANAR,50,15.648,55.506,False,7,MOVISTAR ESTUDIANTES,False
4412,C.D. BASKET GLOBALCAJA QUINTANAR,8,34.633,69.364,False,7,MOVISTAR ESTUDIANTES,False
4413,C.D. BASKET GLOBALCAJA QUINTANAR,14,11.654,61.637,True,7,MOVISTAR ESTUDIANTES,False
4414,C.D. BASKET GLOBALCAJA QUINTANAR,3,12.0,72.89,False,7,MOVISTAR ESTUDIANTES,False
4415,C.D. BASKET GLOBALCAJA QUINTANAR,50,14.9436,58.11,False,7,MOVISTAR ESTUDIANTES,False
4416,C.D. BASKET GLOBALCAJA QUINTANAR,2,7.3778,31.99,False,7,MOVISTAR ESTUDIANTES,False
4417,C.D. BASKET GLOBALCAJA QUINTANAR,1,13.11,47.36,True,7,MOVISTAR ESTUDIANTES,False
4418,C.D. BASKET GLOBALCAJA QUINTANAR,1,9.4924,53.071,True,7,MOVISTAR ESTUDIANTES,False
4419,C.D. BASKET GLOBALCAJA QUINTANAR,3,31.7669,75.579,True,7,MOVISTAR ESTUDIANTES,False
4420,C.D. BASKET GLOBALCAJA QUINTANAR,1,34.6804,50.131,False,7,MOVISTAR ESTUDIANTES,False
4421,C.D. BASKET GLOBALCAJA QUINTANAR,8,11.842,52.987,True,7,MOVISTAR ESTUDIANTES,False
4422,C.D. BASKET GLOBALCAJA QUINTANAR,8,12.688,53.155,False,7,MOVISTAR ESTUDIANTES,False
4423,C.D. BASKET GLOBALCAJA QUINTANAR,6,10.90219999999999,49.963,True,7,MOVISTAR ESTUDIANTES,False
4424,C.D. BASKET GLOBALCAJA QUINTANAR,1,13.86279999999999,39.213,False,7,MOVISTAR ESTUDIANTES,False
4425,C.D. BASKET GLOBALCAJA QUINTANAR,1,34.304,76.923,False,7,MOVISTAR ESTUDIANTES,False
4426,C.D. BASKET GLOBALCAJA QUINTANAR,12,37.31,49.291,True,7,MOVISTAR ESTUDIANTES,False
4427,C.D. BASKET GLOBALCAJA QUINTANAR,8,16.87,55.338,False,7,MOVISTAR ESTUDIANTES,False
4428,C.D. BASKET GLOBALCAJA QUINTANAR,2,7.3778,31.99,True,7,MOVISTAR ESTUDIANTES,False
4429,C.D. BASKET GLOBALCAJA QUINTANAR,50,8.4116,55.506,True,7,MOVISTAR ESTUDIANTES,False
4430,C.D. BASKET GLOBALCAJA QUINTANAR,2,14.708,43.244,False,7,MOVISTAR ESTUDIANTES,False
4431,C.D. BASKET GLOBALCAJA QUINTANAR,3,15.648,48.451,False,7,MOVISTAR ESTUDIANTES,False
4432,C.D. BASKET GLOBALCAJA QUINTANAR,8,15.3195,57.69,False,7,MOVISTAR ESTUDIANTES,False
4433,C.D. BASKET GLOBALCAJA QUINTANAR,2,12.54,50.131,True,7,MOVISTAR ESTUDIANTES,False
4434,C.D. BASKET GLOBALCAJA QUINTANAR,12,11.74809999999999,31.15,False,7,MOVISTAR ESTUDIANTES,False
4435,C.D. BASKET GLOBALCAJA QUINTANAR,8,30.592,79.442,True,7,MOVISTAR ESTUDIANTES,False
4436,C.D. BASKET GLOBALCAJA QUINTANAR,6,13.62779999999999,49.627,False,7,MOVISTAR ESTUDIANTES,False
4437,TOSCONES CORRALEJO,9,24.4711,68.565,True,8,NÁUTICO TENERIFE,True
4438,TOSCONES CORRALEJO,17,14.88,40.458,False,8,NÁUTICO TENERIFE,True
4439,TOSCONES CORRALEJO,15,12.905,33.652,False,8,NÁUTICO TENERIFE,True
4440,TOSCONES CORRALEJO,7,12.76449999999999,58.734,False,8,NÁUTICO TENERIFE,True
4441,TOSCONES CORRALEJO,18,10.1551,40.962,False,8,NÁUTICO TENERIFE,True
4442,TOSCONES CORRALEJO,17,26.939,82.933,True,8,NÁUTICO TENERIFE,True
4443,TOSCONES CORRALEJO,17,8.8858,1.8905,False,8,NÁUTICO TENERIFE,True
4444,TOSCONES CORRALEJO,9,19.534,28.61,False,8,NÁUTICO TENERIFE,True
4445,TOSCONES CORRALEJO,17,14.174,48.777,True,8,NÁUTICO TENERIFE,True
4446,TOSCONES CORRALEJO,30,20.874,76.505,False,8,NÁUTICO TENERIFE,True
4447,TOSCONES CORRALEJO,8,10.084,58.1,False,8,NÁUTICO TENERIFE,True
4448,TOSCONES CORRALEJO,7,12.2,35.164,False,8,NÁUTICO TENERIFE,True
4449,TOSCONES CORRALEJO,7,23.624,48.903,True,8,NÁUTICO TENERIFE,True
4450,TOSCONES CORRALEJO,8,17.066,24.325,False,8,NÁUTICO TENERIFE,True
4451,TOSCONES CORRALEJO,8,31.029,76.379,True,8,NÁUTICO TENERIFE,True
4452,TOSCONES CORRALEJO,17,11.70659999999999,61.507,True,8,NÁUTICO TENERIFE,True
4453,TOSCONES CORRALEJO,17,10.4372,1.5124,False,8,NÁUTICO TENERIFE,True
4454,TOSCONES CORRALEJO,8,32.087,71.968,False,8,NÁUTICO TENERIFE,True
4455,TOSCONES CORRALEJO,9,8.46259999999999,36.047,True,8,NÁUTICO TENERIFE,True
4456,TOSCONES CORRALEJO,6,29.83069999999999,14.116,True,8,NÁUTICO TENERIFE,True
4457,TOSCONES CORRALEJO,9,33.991,47.138,False,8,NÁUTICO TENERIFE,True
4458,TOSCONES CORRALEJO,17,12.411,39.828,False,8,NÁUTICO TENERIFE,True
4459,TOSCONES CORRALEJO,11,10.014,12.099,True,8,NÁUTICO TENERIFE,True
4460,TOSCONES CORRALEJO,7,9.3794,58.356,False,8,NÁUTICO TENERIFE,True
4461,TOSCONES CORRALEJO,8,26.939,81.925,False,8,NÁUTICO TENERIFE,True
4462,TOSCONES CORRALEJO,7,16.361,22.056,False,8,NÁUTICO TENERIFE,True
4463,TOSCONES CORRALEJO,9,20.38,25.585,False,8,NÁUTICO TENERIFE,True
4464,TOSCONES CORRALEJO,6,33.92,51.928,False,8,NÁUTICO TENERIFE,True
4465,TOSCONES CORRALEJO,17,11.636,39.954,False,8,NÁUTICO TENERIFE,True
4466,TOSCONES CORRALEJO,9,30.888,25.459,False,8,NÁUTICO TENERIFE,True
4467,TOSCONES CORRALEJO,9,14.59,48.39,False,8,NÁUTICO TENERIFE,True
4468,TOSCONES CORRALEJO,30,22.7,90.748,True,8,NÁUTICO TENERIFE,True
4469,TOSCONES CORRALEJO,9,8.67419999999999,62.893,True,8,NÁUTICO TENERIFE,True
4470,TOSCONES CORRALEJO,9,14.45699999999999,38.946,True,8,NÁUTICO TENERIFE,True
4471,TOSCONES CORRALEJO,17,29.478,88.227,False,8,NÁUTICO TENERIFE,True
4472,TOSCONES CORRALEJO,11,7.8984,3.1509,False,8,NÁUTICO TENERIFE,True
4473,TOSCONES CORRALEJO,9,11.7771,39.072,False,8,NÁUTICO TENERIFE,True
4474,TOSCONES CORRALEJO,17,19.60509999999999,68.187,False,8,NÁUTICO TENERIFE,True
4475,TOSCONES CORRALEJO,11,12.1298,65.162,True,8,NÁUTICO TENERIFE,True
4476,TOSCONES CORRALEJO,9,5.6417,94.529,True,8,NÁUTICO TENERIFE,True
4477,TOSCONES CORRALEJO,7,18.97,70.9,False,8,NÁUTICO TENERIFE,True
4478,TOSCONES CORRALEJO,7,30.11279999999999,12.729,False,8,NÁUTICO TENERIFE,True
4479,TOSCONES CORRALEJO,17,10.86039999999999,63.775,True,8,NÁUTICO TENERIFE,True
4480,TOSCONES CORRALEJO,11,23.34269999999999,91.63,False,8,NÁUTICO TENERIFE,True
4481,TOSCONES CORRALEJO,15,9.0973,59.742,True,8,NÁUTICO TENERIFE,True
4482,TOSCONES CORRALEJO,15,7.7574,95.915,False,8,NÁUTICO TENERIFE,True
4483,TOSCONES CORRALEJO,11,14.809,38.8,True,8,NÁUTICO TENERIFE,True
4484,TOSCONES CORRALEJO,7,21.72,5.2936,False,8,NÁUTICO TENERIFE,True
4485,TOSCONES CORRALEJO,7,13.751,27.224,False,8,NÁUTICO TENERIFE,True
4486,TOSCONES CORRALEJO,7,10.225,37.055,False,8,NÁUTICO TENERIFE,True
4487,TOSCONES CORRALEJO,9,7.827,61.38,True,8,NÁUTICO TENERIFE,True
4488,TOSCONES CORRALEJO,7,12.623,56.843,True,8,NÁUTICO TENERIFE,True
4489,TOSCONES CORRALEJO,9,12.411,56.339,True,8,NÁUTICO TENERIFE,True
4490,TOSCONES CORRALEJO,17,11.142,42.097,True,8,NÁUTICO TENERIFE,True
4491,TOSCONES CORRALEJO,9,33.215,21.804,False,8,NÁUTICO TENERIFE,True
4492,TOSCONES CORRALEJO,8,12.97,61.633,True,8,NÁUTICO TENERIFE,True
4493,TOSCONES CORRALEJO,8,20.94,79.404,True,8,NÁUTICO TENERIFE,True
4494,TOSCONES CORRALEJO,17,10.437,35.54,False,8,NÁUTICO TENERIFE,True
4495,TOSCONES CORRALEJO,11,9.87309999999999,33.652,False,8,NÁUTICO TENERIFE,True
4496,TOSCONES CORRALEJO,30,22.778,6.9321,True,8,NÁUTICO TENERIFE,True
4497,TOSCONES CORRALEJO,8,22.42,53.692,False,8,NÁUTICO TENERIFE,True
4498,TOSCONES CORRALEJO,17,14.245,55.457,True,8,NÁUTICO TENERIFE,True
4499,TOSCONES CORRALEJO,8,9.9436,40.962,False,8,NÁUTICO TENERIFE,True
4500,NÁUTICO TENERIFE,1,12.97,46.634,False,8,TOSCONES CORRALEJO,False
4501,NÁUTICO TENERIFE,5,24.7532,33.526,False,8,TOSCONES CORRALEJO,False
4502,NÁUTICO TENERIFE,39,12.83,59.112,True,8,TOSCONES CORRALEJO,False
4503,NÁUTICO TENERIFE,55,12.83499999999999,59.364,True,8,TOSCONES CORRALEJO,False
4504,NÁUTICO TENERIFE,13,10.719,61.759,False,8,TOSCONES CORRALEJO,False
4505,NÁUTICO TENERIFE,18,28.349,88.227,False,8,TOSCONES CORRALEJO,False
4506,NÁUTICO TENERIFE,1,15.5853,44.113,True,8,TOSCONES CORRALEJO,False
4507,NÁUTICO TENERIFE,39,11.706,60.498,True,8,TOSCONES CORRALEJO,False
4508,NÁUTICO TENERIFE,13,8.251,92.134,False,8,TOSCONES CORRALEJO,False
4509,NÁUTICO TENERIFE,23,21.0155,67.935,True,8,TOSCONES CORRALEJO,False
4510,NÁUTICO TENERIFE,5,9.87309999999999,58.23,True,8,TOSCONES CORRALEJO,False
4511,NÁUTICO TENERIFE,1,19.46,94.277,False,8,TOSCONES CORRALEJO,False
4512,NÁUTICO TENERIFE,23,9.238,49.155,False,8,TOSCONES CORRALEJO,False
4513,NÁUTICO TENERIFE,5,16.85469999999999,41.466,True,8,TOSCONES CORRALEJO,False
4514,NÁUTICO TENERIFE,5,11.706,32.644,False,8,TOSCONES CORRALEJO,False
4515,NÁUTICO TENERIFE,23,9.9435,70.455,False,8,TOSCONES CORRALEJO,False
4516,NÁUTICO TENERIFE,13,14.66849999999999,92.386,True,8,TOSCONES CORRALEJO,False
4517,NÁUTICO TENERIFE,20,9.167,63.145,False,8,TOSCONES CORRALEJO,False
4518,NÁUTICO TENERIFE,1,8.392,92.89,False,8,TOSCONES CORRALEJO,False
4519,NÁUTICO TENERIFE,7,27.715,13.738,False,8,TOSCONES CORRALEJO,False
4520,NÁUTICO TENERIFE,18,29.05,81.421,True,8,TOSCONES CORRALEJO,False
4521,NÁUTICO TENERIFE,39,10.5078,36.677,True,8,TOSCONES CORRALEJO,False
4522,NÁUTICO TENERIFE,39,9.3794,38.8,True,8,TOSCONES CORRALEJO,False
4523,NÁUTICO TENERIFE,18,22.496,88.227,False,8,TOSCONES CORRALEJO,False
4524,NÁUTICO TENERIFE,15,17.348,66.17,False,8,TOSCONES CORRALEJO,False
4525,NÁUTICO TENERIFE,1,9.1678,57.221,True,8,TOSCONES CORRALEJO,False
4526,NÁUTICO TENERIFE,39,6.77,0.63019,False,8,TOSCONES CORRALEJO,False
4527,NÁUTICO TENERIFE,7,16.572,43.609,False,8,TOSCONES CORRALEJO,False
4528,NÁUTICO TENERIFE,39,14.38649999999999,94.655,False,8,TOSCONES CORRALEJO,False
4529,NÁUTICO TENERIFE,55,8.8152,58.86,True,8,TOSCONES CORRALEJO,False
4530,NÁUTICO TENERIFE,5,11.14249999999999,52.81,True,8,TOSCONES CORRALEJO,False
4531,NÁUTICO TENERIFE,5,16.00849999999999,54.82,False,8,TOSCONES CORRALEJO,False
4532,NÁUTICO TENERIFE,1,15.021,56.339,True,8,TOSCONES CORRALEJO,False
4533,NÁUTICO TENERIFE,13,14.2454,2.6468,True,8,TOSCONES CORRALEJO,False
4534,NÁUTICO TENERIFE,5,14.17489999999999,39.702,True,8,TOSCONES CORRALEJO,False
4535,NÁUTICO TENERIFE,5,34.485,41.84,False,8,TOSCONES CORRALEJO,False
4536,NÁUTICO TENERIFE,20,32.792,22.56,False,8,TOSCONES CORRALEJO,False
4537,NÁUTICO TENERIFE,5,11.21,66.044,True,8,TOSCONES CORRALEJO,False
4538,NÁUTICO TENERIFE,39,9.9436,62.137,True,8,TOSCONES CORRALEJO,False
4539,NÁUTICO TENERIFE,7,22.7,52.432,True,8,TOSCONES CORRALEJO,False
4540,NÁUTICO TENERIFE,20,24.3,87.09,False,8,TOSCONES CORRALEJO,False
4541,NÁUTICO TENERIFE,13,12.905,68.439,False,8,TOSCONES CORRALEJO,False
4542,NÁUTICO TENERIFE,23,10.7193,60.498,True,8,TOSCONES CORRALEJO,False
4543,NÁUTICO TENERIFE,55,13.117,60.876,True,8,TOSCONES CORRALEJO,False
4544,NÁUTICO TENERIFE,18,8.1805,61.885,True,8,TOSCONES CORRALEJO,False
4545,NÁUTICO TENERIFE,13,35.0494,43.861,True,8,TOSCONES CORRALEJO,False
4546,NÁUTICO TENERIFE,15,16.07,59.742,True,8,TOSCONES CORRALEJO,False
4547,NÁUTICO TENERIFE,5,11.8477,47.516,False,8,TOSCONES CORRALEJO,False
4548,NÁUTICO TENERIFE,51,7.12269999999999,59.742,True,8,TOSCONES CORRALEJO,False
4549,NÁUTICO TENERIFE,5,33.6389,73.354,True,8,TOSCONES CORRALEJO,False
4550,NÁUTICO TENERIFE,55,15.585,42.097,True,8,TOSCONES CORRALEJO,False
4551,NÁUTICO TENERIFE,18,10.36669999999999,56.339,False,8,TOSCONES CORRALEJO,False
4552,NÁUTICO TENERIFE,55,15.8674,54.95,False,8,TOSCONES CORRALEJO,False
4553,NÁUTICO TENERIFE,1,11.5656,44.869,True,8,TOSCONES CORRALEJO,False
4554,NÁUTICO TENERIFE,20,11.14249999999999,5.2936,False,8,TOSCONES CORRALEJO,False
4555,NÁUTICO TENERIFE,20,8.67419999999999,2.3947,False,8,TOSCONES CORRALEJO,False
4556,NÁUTICO TENERIFE,5,11.21,61.885,True,8,TOSCONES CORRALEJO,False
4557,NÁUTICO TENERIFE,55,15.585,78.648,False,8,TOSCONES CORRALEJO,False
4558,NÁUTICO TENERIFE,23,12.764,35.41,True,8,TOSCONES CORRALEJO,False
4559,NÁUTICO TENERIFE,1,7.1932,92.89,False,8,TOSCONES CORRALEJO,False
4560,NÁUTICO TENERIFE,7,28.138,17.141,True,8,TOSCONES CORRALEJO,False
4561,NÁUTICO TENERIFE,1,9.80249999999999,3.9072,True,8,TOSCONES CORRALEJO,False
4562,NÁUTICO TENERIFE,5,13.3991,36.803,True,8,TOSCONES CORRALEJO,False
4563,NÁUTICO TENERIFE,5,8.1,95.159,False,8,TOSCONES CORRALEJO,False
4564,NÁUTICO TENERIFE,18,7.1932,66.422,False,8,TOSCONES CORRALEJO,False
4565,NÁUTICO TENERIFE,51,34.344,61.38,False,8,TOSCONES CORRALEJO,False
4566,NÁUTICO TENERIFE,7,8.1,56.969,False,8,TOSCONES CORRALEJO,False
4567,NÁUTICO TENERIFE,23,31.593,82.555,True,8,TOSCONES CORRALEJO,False
4568,NÁUTICO TENERIFE,5,25.528,81.421,False,8,TOSCONES CORRALEJO,False
4569,NÁUTICO TENERIFE,5,12.341,39.072,True,8,TOSCONES CORRALEJO,False
4570,NÁUTICO TENERIFE,39,10.86039999999999,61.002,True,8,TOSCONES CORRALEJO,False
4571,NÁUTICO TENERIFE,39,11.14249999999999,94.025,False,8,TOSCONES CORRALEJO,False
4572,NÁUTICO TENERIFE,39,11.706,32.644,True,8,TOSCONES CORRALEJO,False
4573,NÁUTICO TENERIFE,23,19.04,95.411,True,8,TOSCONES CORRALEJO,False
4574,NÁUTICO TENERIFE,55,9.52049999999999,41.718,True,8,TOSCONES CORRALEJO,False
4575,NÁUTICO TENERIFE,1,11.283,69.825,False,8,TOSCONES CORRALEJO,False
4576,CB LA MATANZA,0,8.6036,5.9238,False,8,CESUR DISTRITO OLIMPICO,True
4577,CB LA MATANZA,10,32.087,81.421,True,8,CESUR DISTRITO OLIMPICO,True
4578,CB LA MATANZA,72,4.86,70.203,False,8,CESUR DISTRITO OLIMPICO,True
4579,CB LA MATANZA,3,7.6163,96.419,True,8,CESUR DISTRITO OLIMPICO,True
4580,CB LA MATANZA,72,5.00709999999999,57.473,True,8,CESUR DISTRITO OLIMPICO,True
4581,CB LA MATANZA,10,7.9689,44.743,True,8,CESUR DISTRITO OLIMPICO,True
4582,CB LA MATANZA,10,37.729,22.308,False,8,CESUR DISTRITO OLIMPICO,True
4583,CB LA MATANZA,23,8.8858,51.928,False,8,CESUR DISTRITO OLIMPICO,True
4584,CB LA MATANZA,11,6.5585,95.159,True,8,CESUR DISTRITO OLIMPICO,True
4585,CB LA MATANZA,11,15.655,41.466,False,8,CESUR DISTRITO OLIMPICO,True
4586,CB LA MATANZA,11,38.152,48.903,False,8,CESUR DISTRITO OLIMPICO,True
4587,CB LA MATANZA,72,8.8152,39.45,False,8,CESUR DISTRITO OLIMPICO,True
4588,CB LA MATANZA,9,7.4753,94.277,True,8,CESUR DISTRITO OLIMPICO,True
4589,CB LA MATANZA,6,16.784,53.944,False,8,CESUR DISTRITO OLIMPICO,True
4590,CB LA MATANZA,0,9.026,49.659,False,8,CESUR DISTRITO OLIMPICO,True
4591,CB LA MATANZA,72,9.9436,51.297,False,8,CESUR DISTRITO OLIMPICO,True
4592,CB LA MATANZA,7,12.2,27.476,True,8,CESUR DISTRITO OLIMPICO,True
4593,CB LA MATANZA,0,9.732,37.811,False,8,CESUR DISTRITO OLIMPICO,True
4594,CB LA MATANZA,11,14.315,51.423,True,8,CESUR DISTRITO OLIMPICO,True
4595,CB LA MATANZA,7,38.434,23.065,False,8,CESUR DISTRITO OLIMPICO,True
4596,CB LA MATANZA,23,4.442899999999994,41.466,False,8,CESUR DISTRITO OLIMPICO,True
4597,CB LA MATANZA,7,8.5331,41.466,True,8,CESUR DISTRITO OLIMPICO,True
4598,CB LA MATANZA,23,31.5233,82.555,True,8,CESUR DISTRITO OLIMPICO,True
4599,CB LA MATANZA,3,10.86,94.529,False,8,CESUR DISTRITO OLIMPICO,True
4600,CB LA MATANZA,72,11.706,61.885,False,8,CESUR DISTRITO OLIMPICO,True
4601,CB LA MATANZA,3,9.02679999999999,63.523,False,8,CESUR DISTRITO OLIMPICO,True
4602,CB LA MATANZA,10,28.138,12.85,False,8,CESUR DISTRITO OLIMPICO,True
4603,CB LA MATANZA,3,30.888,22.43,True,8,CESUR DISTRITO OLIMPICO,True
4604,CB LA MATANZA,0,5.641,62.767,False,8,CESUR DISTRITO OLIMPICO,True
4605,CB LA MATANZA,23,31.946,66.422,True,8,CESUR DISTRITO OLIMPICO,True
4606,CB LA MATANZA,23,28.631,82.681,True,8,CESUR DISTRITO OLIMPICO,True
4607,CB LA MATANZA,23,8.5331,94.403,False,8,CESUR DISTRITO OLIMPICO,True
4608,CB LA MATANZA,9,11.847,49.281,True,8,CESUR DISTRITO OLIMPICO,True
4609,CB LA MATANZA,10,7.263,63.775,True,8,CESUR DISTRITO OLIMPICO,True
4610,CB LA MATANZA,3,21.65,92.512,True,8,CESUR DISTRITO OLIMPICO,True
4611,CB LA MATANZA,9,15.585,49.281,True,8,CESUR DISTRITO OLIMPICO,True
4612,CB LA MATANZA,11,10.93,63.775,True,8,CESUR DISTRITO OLIMPICO,True
4613,CB LA MATANZA,10,6.48,63.271,False,8,CESUR DISTRITO OLIMPICO,True
4614,CB LA MATANZA,23,13.399,49.659,False,8,CESUR DISTRITO OLIMPICO,True
4615,CB LA MATANZA,11,31.17,81.799,True,8,CESUR DISTRITO OLIMPICO,True
4616,CB LA MATANZA,3,26.3752,87.723,True,8,CESUR DISTRITO OLIMPICO,True
4617,CB LA MATANZA,72,15.44429999999999,46.886,False,8,CESUR DISTRITO OLIMPICO,True
4618,CB LA MATANZA,11,15.303,53.692,True,8,CESUR DISTRITO OLIMPICO,True
4619,CB LA MATANZA,3,11.001,5.6717,False,8,CESUR DISTRITO OLIMPICO,True
4620,CB LA MATANZA,9,11.636,60.498,False,8,CESUR DISTRITO OLIMPICO,True
4621,CB LA MATANZA,7,12.129,46.382,False,8,CESUR DISTRITO OLIMPICO,True
4622,CB LA MATANZA,3,7.8984,97.302,True,8,CESUR DISTRITO OLIMPICO,True
4623,CB LA MATANZA,11,9.52049999999999,49.407,False,8,CESUR DISTRITO OLIMPICO,True
4624,CB LA MATANZA,3,10.93,45.878,True,8,CESUR DISTRITO OLIMPICO,True
4625,CB LA MATANZA,7,31.311,20.418,False,8,CESUR DISTRITO OLIMPICO,True
4626,CB LA MATANZA,7,9.449,51.045,True,8,CESUR DISTRITO OLIMPICO,True
4627,CB LA MATANZA,11,31.734,76.631,False,8,CESUR DISTRITO OLIMPICO,True
4628,CB LA MATANZA,21,9.026,46.256,False,8,CESUR DISTRITO OLIMPICO,True
4629,CB LA MATANZA,23,13.04649999999999,43.105,True,8,CESUR DISTRITO OLIMPICO,True
4630,CB LA MATANZA,7,5.8533,62.893,True,8,CESUR DISTRITO OLIMPICO,True
4631,CB LA MATANZA,7,6.55849999999999,59.112,True,8,CESUR DISTRITO OLIMPICO,True
4632,CB LA MATANZA,23,32.0169,84.572,False,8,CESUR DISTRITO OLIMPICO,True
4633,CB LA MATANZA,0,12.76449999999999,98.688,False,8,CESUR DISTRITO OLIMPICO,True
4634,CB LA MATANZA,7,9.661,53.944,True,8,CESUR DISTRITO OLIMPICO,True
4635,CB LA MATANZA,0,9.5909,48.777,False,8,CESUR DISTRITO OLIMPICO,True
4636,CB LA MATANZA,3,26.022,88.857,False,8,CESUR DISTRITO OLIMPICO,True
4637,CB LA MATANZA,6,10.36669999999999,62.893,True,8,CESUR DISTRITO OLIMPICO,True
4638,CB LA MATANZA,6,14.104,56.969,False,8,CESUR DISTRITO OLIMPICO,True
4639,CB LA MATANZA,6,9.5204,96.041,False,8,CESUR DISTRITO OLIMPICO,True
4640,CB LA MATANZA,11,32.016,21.174,False,8,CESUR DISTRITO OLIMPICO,True
4641,CB LA MATANZA,9,5.923,60.372,True,8,CESUR DISTRITO OLIMPICO,True
4642,CB LA MATANZA,11,21.22709999999999,48.903,True,8,CESUR DISTRITO OLIMPICO,True
4643,CB LA MATANZA,7,11.14249999999999,46.886,True,8,CESUR DISTRITO OLIMPICO,True
4644,CB LA MATANZA,0,10.014,50.793,True,8,CESUR DISTRITO OLIMPICO,True
4645,CB LA MATANZA,23,30.394,84.95,False,8,CESUR DISTRITO OLIMPICO,True
4646,CB LA MATANZA,3,9.238,54.07,False,8,CESUR DISTRITO OLIMPICO,True
4647,CB LA MATANZA,10,27.08,88.101,False,8,CESUR DISTRITO OLIMPICO,True
4648,CB LA MATANZA,10,15.021,50.037,True,8,CESUR DISTRITO OLIMPICO,True
4649,CB LA MATANZA,7,10.86,45.374,True,8,CESUR DISTRITO OLIMPICO,True
4650,CESUR DISTRITO OLIMPICO,13,3.24,54.448,True,8,CB LA MATANZA,False
4651,CESUR DISTRITO OLIMPICO,13,7.8984,59.616,True,8,CB LA MATANZA,False
4652,CESUR DISTRITO OLIMPICO,5,12.552,46.508,False,8,CB LA MATANZA,False
4653,CESUR DISTRITO OLIMPICO,41,34.696,51.5,False,8,CB LA MATANZA,False
4654,CESUR DISTRITO OLIMPICO,70,11.14249999999999,52.558,True,8,CB LA MATANZA,False
4655,CESUR DISTRITO OLIMPICO,14,8.25109999999999,34.912,True,8,CB LA MATANZA,False
4656,CESUR DISTRITO OLIMPICO,14,42.242,47.012,False,8,CB LA MATANZA,False
4657,CESUR DISTRITO OLIMPICO,12,9.2383,94.151,True,8,CB LA MATANZA,False
4658,CESUR DISTRITO OLIMPICO,16,9.449,48.02,True,8,CB LA MATANZA,False
4659,CESUR DISTRITO OLIMPICO,33,8.3215,6.1759,False,8,CB LA MATANZA,False
4660,CESUR DISTRITO OLIMPICO,7,10.1551,39.576,False,8,CB LA MATANZA,False
4661,CESUR DISTRITO OLIMPICO,2,5.2891,61.633,True,8,CB LA MATANZA,False
4662,CESUR DISTRITO OLIMPICO,5,7.68689999999999,44.239,True,8,CB LA MATANZA,False
4663,CESUR DISTRITO OLIMPICO,2,11.14249999999999,48.651,True,8,CB LA MATANZA,False
4664,CESUR DISTRITO OLIMPICO,2,34.203,36.551,False,8,CB LA MATANZA,False
4665,CESUR DISTRITO OLIMPICO,5,30.042,78.018,False,8,CB LA MATANZA,False
4666,CESUR DISTRITO OLIMPICO,14,5.71229999999999,8.3185,False,8,CB LA MATANZA,False
4667,CESUR DISTRITO OLIMPICO,13,9.6615,55.835,False,8,CB LA MATANZA,False
4668,CESUR DISTRITO OLIMPICO,13,29.83069999999999,24.829,False,8,CB LA MATANZA,False
4669,CESUR DISTRITO OLIMPICO,14,15.3738,48.02,False,8,CB LA MATANZA,False
4670,CESUR DISTRITO OLIMPICO,7,11.70659999999999,54.196,False,8,CB LA MATANZA,False
4671,CESUR DISTRITO OLIMPICO,7,7.827,46.634,True,8,CB LA MATANZA,False
4672,CESUR DISTRITO OLIMPICO,10,27.362,22.182,False,8,CB LA MATANZA,False
4673,CESUR DISTRITO OLIMPICO,2,9.238,84.698,False,8,CB LA MATANZA,False
4674,CESUR DISTRITO OLIMPICO,33,7.33429999999999,52.81,False,8,CB LA MATANZA,False
4675,CESUR DISTRITO OLIMPICO,13,6.34699999999999,59.49,True,8,CB LA MATANZA,False
4676,CESUR DISTRITO OLIMPICO,10,27.009,16.13,False,8,CB LA MATANZA,False
4677,CESUR DISTRITO OLIMPICO,33,8.1805,40.08,True,8,CB LA MATANZA,False
4678,CESUR DISTRITO OLIMPICO,14,10.225,59.616,False,8,CB LA MATANZA,False
4679,CESUR DISTRITO OLIMPICO,5,9.661,52.684,True,8,CB LA MATANZA,False
4680,CESUR DISTRITO OLIMPICO,33,8.8152,50.667,True,8,CB LA MATANZA,False
4681,CESUR DISTRITO OLIMPICO,15,4.16079999999999,36.677,False,8,CB LA MATANZA,False
4682,CESUR DISTRITO OLIMPICO,10,10.366,56.969,True,8,CB LA MATANZA,False
4683,CESUR DISTRITO OLIMPICO,2,8.95629999999999,49.155,False,8,CB LA MATANZA,False
4684,CESUR DISTRITO OLIMPICO,15,9.2383,50.793,False,8,CB LA MATANZA,False
4685,CESUR DISTRITO OLIMPICO,5,9.0973,43.105,True,8,CB LA MATANZA,False
4686,CESUR DISTRITO OLIMPICO,33,7.61639999999999,56.969,False,8,CB LA MATANZA,False
4687,CESUR DISTRITO OLIMPICO,14,32.651,82.681,False,8,CB LA MATANZA,False
4688,CESUR DISTRITO OLIMPICO,14,35.684,74.489,False,8,CB LA MATANZA,False
4689,CESUR DISTRITO OLIMPICO,33,10.296,52.306,True,8,CB LA MATANZA,False
4690,CESUR DISTRITO OLIMPICO,70,15.373,53.062,False,8,CB LA MATANZA,False
4691,CESUR DISTRITO OLIMPICO,13,11.283,81.673,True,8,CB LA MATANZA,False
4692,CESUR DISTRITO OLIMPICO,33,10.225,93.268,False,8,CB LA MATANZA,False
4693,CESUR DISTRITO OLIMPICO,41,34.273,22.182,False,8,CB LA MATANZA,False
4694,CESUR DISTRITO OLIMPICO,2,32.228,27.476,True,8,CB LA MATANZA,False
4695,CESUR DISTRITO OLIMPICO,5,29.407,16.511,False,8,CB LA MATANZA,False
4696,CESUR DISTRITO OLIMPICO,16,8.1805,96.167,False,8,CB LA MATANZA,False
4697,CESUR DISTRITO OLIMPICO,70,7.4753,46.13,True,8,CB LA MATANZA,False
4698,CESUR DISTRITO OLIMPICO,16,10.7193,55.457,False,8,CB LA MATANZA,False
4699,CESUR DISTRITO OLIMPICO,33,8.392,64.4,False,8,CB LA MATANZA,False
4700,CESUR DISTRITO OLIMPICO,41,30.465,29.493,False,8,CB LA MATANZA,False
4701,CESUR DISTRITO OLIMPICO,41,34.132,58.608,False,8,CB LA MATANZA,False
4702,CESUR DISTRITO OLIMPICO,5,29.337,13.738,True,8,CB LA MATANZA,False
4703,CESUR DISTRITO OLIMPICO,7,14.66849999999999,43.231,False,8,CB LA MATANZA,False
4704,CESUR DISTRITO OLIMPICO,15,11.35,44.113,True,8,CB LA MATANZA,False
4705,CESUR DISTRITO OLIMPICO,33,6.84059999999999,94.403,False,8,CB LA MATANZA,False
4706,CESUR DISTRITO OLIMPICO,10,11.918,31.383,False,8,CB LA MATANZA,False
4707,CESUR DISTRITO OLIMPICO,33,6.34699999999999,54.196,True,8,CB LA MATANZA,False
4708,CESUR DISTRITO OLIMPICO,5,10.36669999999999,49.659,True,8,CB LA MATANZA,False
4709,CESUR DISTRITO OLIMPICO,2,16.2,5.6717,False,8,CB LA MATANZA,False
4710,CESUR DISTRITO OLIMPICO,33,33.92,25.96,False,8,CB LA MATANZA,False
4711,CESUR DISTRITO OLIMPICO,15,12.0592,50.793,True,8,CB LA MATANZA,False
4712,CESUR DISTRITO OLIMPICO,15,9.9435,51.423,False,8,CB LA MATANZA,False
4713,CESUR DISTRITO OLIMPICO,14,8.0395,50.037,True,8,CB LA MATANZA,False
4714,CESUR DISTRITO OLIMPICO,12,30.253,78.018,False,8,CB LA MATANZA,False
4715,CESUR DISTRITO OLIMPICO,33,9.3794,47.516,False,8,CB LA MATANZA,False
4716,CESUR DISTRITO OLIMPICO,5,11.001,60.246,True,8,CB LA MATANZA,False
4717,C.D. BASKET GLOBALCAJA QUINTANAR,21,18.97,95.159,False,8,TOBARRA CB,True
4718,C.D. BASKET GLOBALCAJA QUINTANAR,21,25.3173,89.487,False,8,TOBARRA CB,True
4719,C.D. BASKET GLOBALCAJA QUINTANAR,8,21.08,91.63,False,8,TOBARRA CB,True
4720,C.D. BASKET GLOBALCAJA QUINTANAR,1,9.30889999999999,43.735,False,8,TOBARRA CB,True
4721,C.D. BASKET GLOBALCAJA QUINTANAR,8,27.926,79.152,False,8,TOBARRA CB,True
4722,C.D. BASKET GLOBALCAJA QUINTANAR,12,18.617,5.9238,True,8,TOBARRA CB,True
4723,C.D. BASKET GLOBALCAJA QUINTANAR,2,12.693,52.306,False,8,TOBARRA CB,True
4724,C.D. BASKET GLOBALCAJA QUINTANAR,2,10.296,49.911,True,8,TOBARRA CB,True
4725,C.D. BASKET GLOBALCAJA QUINTANAR,14,30.747,76.253,True,8,TOBARRA CB,True
4726,C.D. BASKET GLOBALCAJA QUINTANAR,21,10.507,56.843,False,8,TOBARRA CB,True
4727,C.D. BASKET GLOBALCAJA QUINTANAR,2,9.4499,47.264,True,8,TOBARRA CB,True
4728,C.D. BASKET GLOBALCAJA QUINTANAR,2,5.00709999999999,52.936,True,8,TOBARRA CB,True
4729,C.D. BASKET GLOBALCAJA QUINTANAR,50,10.719,47.894,True,8,TOBARRA CB,True
4730,C.D. BASKET GLOBALCAJA QUINTANAR,12,7.89839999999999,51.928,True,8,TOBARRA CB,True
4731,C.D. BASKET GLOBALCAJA QUINTANAR,1,29.337,78.774,False,8,TOBARRA CB,True
4732,C.D. BASKET GLOBALCAJA QUINTANAR,12,6.77009999999999,57.347,True,8,TOBARRA CB,True
4733,C.D. BASKET GLOBALCAJA QUINTANAR,1,31.875,23.317,True,8,TOBARRA CB,True
4734,C.D. BASKET GLOBALCAJA QUINTANAR,12,5.148,47.012,True,8,TOBARRA CB,True
4735,C.D. BASKET GLOBALCAJA QUINTANAR,21,10.084,50.541,True,8,TOBARRA CB,True
4736,C.D. BASKET GLOBALCAJA QUINTANAR,2,10.4372,96.67,True,8,TOBARRA CB,True
4737,C.D. BASKET GLOBALCAJA QUINTANAR,3,10.4372,96.67,False,8,TOBARRA CB,True
4738,C.D. BASKET GLOBALCAJA QUINTANAR,1,10.578,45.24,False,8,TOBARRA CB,True
4739,C.D. BASKET GLOBALCAJA QUINTANAR,2,33.921,56.843,True,8,TOBARRA CB,True
4740,C.D. BASKET GLOBALCAJA QUINTANAR,1,34.696,63.397,True,8,TOBARRA CB,True
4741,C.D. BASKET GLOBALCAJA QUINTANAR,50,6.06489999999999,43.609,True,8,TOBARRA CB,True
4742,C.D. BASKET GLOBALCAJA QUINTANAR,12,7.404,48.903,True,8,TOBARRA CB,True
4743,C.D. BASKET GLOBALCAJA QUINTANAR,21,28.772,83.311,False,8,TOBARRA CB,True
4744,C.D. BASKET GLOBALCAJA QUINTANAR,3,10.719,49.407,False,8,TOBARRA CB,True
4745,C.D. BASKET GLOBALCAJA QUINTANAR,2,7.4753,57.97,True,8,TOBARRA CB,True
4746,C.D. BASKET GLOBALCAJA QUINTANAR,21,11.14249999999999,5.2936,True,8,TOBARRA CB,True
4747,C.D. BASKET GLOBALCAJA QUINTANAR,50,11.42449999999999,95.411,True,8,TOBARRA CB,True
4748,C.D. BASKET GLOBALCAJA QUINTANAR,3,10.507,56.843,True,8,TOBARRA CB,True
4749,C.D. BASKET GLOBALCAJA QUINTANAR,50,9.9436,59.994,False,8,TOBARRA CB,True
4750,C.D. BASKET GLOBALCAJA QUINTANAR,21,9.87309999999999,94.529,True,8,TOBARRA CB,True
4751,C.D. BASKET GLOBALCAJA QUINTANAR,2,8.8857,49.785,False,8,TOBARRA CB,True
4752,C.D. BASKET GLOBALCAJA QUINTANAR,12,8.95629999999999,48.903,True,8,TOBARRA CB,True
4753,C.D. BASKET GLOBALCAJA QUINTANAR,21,31.029,28.98,False,8,TOBARRA CB,True
4754,C.D. BASKET GLOBALCAJA QUINTANAR,2,7.05219999999999,97.428,True,8,TOBARRA CB,True
4755,C.D. BASKET GLOBALCAJA QUINTANAR,21,9.1678,53.692,True,8,TOBARRA CB,True
4756,C.D. BASKET GLOBALCAJA QUINTANAR,2,8.8857,49.785,True,8,TOBARRA CB,True
4757,C.D. BASKET GLOBALCAJA QUINTANAR,2,15.02119999999999,71.212,False,8,TOBARRA CB,True
4758,C.D. BASKET GLOBALCAJA QUINTANAR,12,6.06489999999999,43.609,False,8,TOBARRA CB,True
4759,C.D. BASKET GLOBALCAJA QUINTANAR,50,10.014,25.585,False,8,TOBARRA CB,True
4760,C.D. BASKET GLOBALCAJA QUINTANAR,3,9.873,48.27,True,8,TOBARRA CB,True
4761,C.D. BASKET GLOBALCAJA QUINTANAR,21,27.926,86.462,True,8,TOBARRA CB,True
4762,C.D. BASKET GLOBALCAJA QUINTANAR,1,29.125,25.333,False,8,TOBARRA CB,True
4763,C.D. BASKET GLOBALCAJA QUINTANAR,50,10.296,45.626,False,8,TOBARRA CB,True
4764,C.D. BASKET GLOBALCAJA QUINTANAR,12,4.5134,58.986,True,8,TOBARRA CB,True
4765,C.D. BASKET GLOBALCAJA QUINTANAR,2,10.719,49.407,False,8,TOBARRA CB,True
4766,C.D. BASKET GLOBALCAJA QUINTANAR,3,7.96899999999999,44.869,True,8,TOBARRA CB,True
4767,C.D. BASKET GLOBALCAJA QUINTANAR,21,33.074,24.073,False,8,TOBARRA CB,True
4768,C.D. BASKET GLOBALCAJA QUINTANAR,8,27.08,83.563,False,8,TOBARRA CB,True
4769,C.D. BASKET GLOBALCAJA QUINTANAR,50,3.31449999999999,43.735,False,8,TOBARRA CB,True
4770,C.D. BASKET GLOBALCAJA QUINTANAR,12,7.05219999999999,97.428,False,8,TOBARRA CB,True
4771,C.D. BASKET GLOBALCAJA QUINTANAR,1,24.7532,90.748,True,8,TOBARRA CB,True
4772,C.D. BASKET GLOBALCAJA QUINTANAR,50,6.9111,60.498,True,8,TOBARRA CB,True
4773,C.D. BASKET GLOBALCAJA QUINTANAR,1,30.394,77.64,False,8,TOBARRA CB,True
4774,C.D. BASKET GLOBALCAJA QUINTANAR,12,8.8152,95.789,True,8,TOBARRA CB,True
4775,C.D. BASKET GLOBALCAJA QUINTANAR,21,27.856,19.28,False,8,TOBARRA CB,True
4776,TOBARRA CB,26,7.6868,54.448,True,8,C.D. BASKET GLOBALCAJA QUINTANAR,False
4777,TOBARRA CB,34,9.5204,51.171,False,8,C.D. BASKET GLOBALCAJA QUINTANAR,False
4778,TOBARRA CB,31,10.225,49.029,False,8,C.D. BASKET GLOBALCAJA QUINTANAR,False
4779,TOBARRA CB,32,28.702,83.563,False,8,C.D. BASKET GLOBALCAJA QUINTANAR,False
4780,TOBARRA CB,28,9.449,48.39,False,8,C.D. BASKET GLOBALCAJA QUINTANAR,False
4781,TOBARRA CB,32,34.414,44.239,False,8,C.D. BASKET GLOBALCAJA QUINTANAR,False
4782,TOBARRA CB,32,35.4,47.516,True,8,C.D. BASKET GLOBALCAJA QUINTANAR,False
4783,TOBARRA CB,34,8.1,50.919,False,8,C.D. BASKET GLOBALCAJA QUINTANAR,False
4784,TOBARRA CB,32,7.89839999999999,44.743,True,8,C.D. BASKET GLOBALCAJA QUINTANAR,False
4785,TOBARRA CB,28,5.7122,49.659,True,8,C.D. BASKET GLOBALCAJA QUINTANAR,False
4786,TOBARRA CB,28,11.706,46.13,False,8,C.D. BASKET GLOBALCAJA QUINTANAR,False
4787,TOBARRA CB,21,30.042,79.404,False,8,C.D. BASKET GLOBALCAJA QUINTANAR,False
4788,TOBARRA CB,28,33.004,65.792,True,8,C.D. BASKET GLOBALCAJA QUINTANAR,False
4789,TOBARRA CB,21,20.38079999999999,27.854,False,8,C.D. BASKET GLOBALCAJA QUINTANAR,False
4790,TOBARRA CB,34,7.1227,62.263,False,8,C.D. BASKET GLOBALCAJA QUINTANAR,False
4791,TOBARRA CB,32,8.0394,39.072,False,8,C.D. BASKET GLOBALCAJA QUINTANAR,False
4792,TOBARRA CB,32,28.2793,17.897,False,8,C.D. BASKET GLOBALCAJA QUINTANAR,False
4793,TOBARRA CB,32,26.234,82.429,False,8,C.D. BASKET GLOBALCAJA QUINTANAR,False
4794,TOBARRA CB,28,7.61639999999999,62.263,False,8,C.D. BASKET GLOBALCAJA QUINTANAR,False
4795,TOBARRA CB,31,10.155,51.423,False,8,C.D. BASKET GLOBALCAJA QUINTANAR,False
4796,TOBARRA CB,28,9.9435,42.475,True,8,C.D. BASKET GLOBALCAJA QUINTANAR,False
4797,TOBARRA CB,0,13.7518,96.419,False,8,C.D. BASKET GLOBALCAJA QUINTANAR,False
4798,TOBARRA CB,28,9.3794,44.491,True,8,C.D. BASKET GLOBALCAJA QUINTANAR,False
4799,TOBARRA CB,32,33.145,28.736,False,8,C.D. BASKET GLOBALCAJA QUINTANAR,False
4800,TOBARRA CB,0,30.888,75.749,True,8,C.D. BASKET GLOBALCAJA QUINTANAR,False
4801,TOBARRA CB,28,26.516,21.3,False,8,C.D. BASKET GLOBALCAJA QUINTANAR,False
4802,TOBARRA CB,31,10.86,50.667,False,8,C.D. BASKET GLOBALCAJA QUINTANAR,False
4803,TOBARRA CB,32,9.5204,51.171,False,8,C.D. BASKET GLOBALCAJA QUINTANAR,False
4804,TOBARRA CB,28,27.362,84.068,False,8,C.D. BASKET GLOBALCAJA QUINTANAR,False
4805,TOBARRA CB,34,26.234,82.429,False,8,C.D. BASKET GLOBALCAJA QUINTANAR,False
4806,TOBARRA CB,0,23.765,13.36,False,8,C.D. BASKET GLOBALCAJA QUINTANAR,False
4807,TOBARRA CB,0,9.0973,51.5,True,8,C.D. BASKET GLOBALCAJA QUINTANAR,False
4808,TOBARRA CB,32,28.7729,18.149,False,8,C.D. BASKET GLOBALCAJA QUINTANAR,False
4809,TOBARRA CB,21,7.6163,47.642,True,8,C.D. BASKET GLOBALCAJA QUINTANAR,False
4810,TOBARRA CB,32,34.132,28.358,False,8,C.D. BASKET GLOBALCAJA QUINTANAR,False
4811,TOBARRA CB,28,33.145,50.793,False,8,C.D. BASKET GLOBALCAJA QUINTANAR,False
4812,TOBARRA CB,28,5.2891,54.82,True,8,C.D. BASKET GLOBALCAJA QUINTANAR,False
4813,TOBARRA CB,34,6.8406,48.651,True,8,C.D. BASKET GLOBALCAJA QUINTANAR,False
4814,TOBARRA CB,28,6.9111,57.221,True,8,C.D. BASKET GLOBALCAJA QUINTANAR,False
4815,TOBARRA CB,32,22.42,29.745,True,8,C.D. BASKET GLOBALCAJA QUINTANAR,False
4816,TOBARRA CB,34,8.4626,45.374,True,8,C.D. BASKET GLOBALCAJA QUINTANAR,False
4817,TOBARRA CB,0,36.6,45.5,True,8,C.D. BASKET GLOBALCAJA QUINTANAR,False
4818,TOBARRA CB,34,7.89839999999999,50.289,False,8,C.D. BASKET GLOBALCAJA QUINTANAR,False
4819,TOBARRA CB,31,6.48,47.642,True,8,C.D. BASKET GLOBALCAJA QUINTANAR,False
4820,TOBARRA CB,31,10.4372,43.987,False,8,C.D. BASKET GLOBALCAJA QUINTANAR,False
4821,TOBARRA CB,0,39.844,47.642,False,8,C.D. BASKET GLOBALCAJA QUINTANAR,False
4822,TOBARRA CB,32,16.29,66.044,True,8,C.D. BASKET GLOBALCAJA QUINTANAR,False
4823,TOBARRA CB,21,30.394,74.993,True,8,C.D. BASKET GLOBALCAJA QUINTANAR,False
4824,TOBARRA CB,32,21.08,7.1842,True,8,C.D. BASKET GLOBALCAJA QUINTANAR,False
4825,TOBARRA CB,34,28.7729,18.149,True,8,C.D. BASKET GLOBALCAJA QUINTANAR,False
4826,TOBARRA CB,21,9.873,46.004,True,8,C.D. BASKET GLOBALCAJA QUINTANAR,False
4827,TOBARRA CB,32,8.67419999999999,96.041,True,8,C.D. BASKET GLOBALCAJA QUINTANAR,False
4828,TOBARRA CB,0,33.7,66.17,False,8,C.D. BASKET GLOBALCAJA QUINTANAR,False
4829,TOBARRA CB,28,9.0973,56.717,True,8,C.D. BASKET GLOBALCAJA QUINTANAR,False
4830,TOBARRA CB,0,7.05219999999999,70.83,False,8,C.D. BASKET GLOBALCAJA QUINTANAR,False
4831,TOBARRA CB,32,7.89839999999999,39.828,False,8,C.D. BASKET GLOBALCAJA QUINTANAR,False
4832,TOBARRA CB,21,8.74469999999999,41.088,False,8,C.D. BASKET GLOBALCAJA QUINTANAR,False
4833,TOBARRA CB,32,19.32299999999999,73.354,False,8,C.D. BASKET GLOBALCAJA QUINTANAR,False
4834,TOBARRA CB,21,13.258,6.1759,True,8,C.D. BASKET GLOBALCAJA QUINTANAR,False
4835,GRUPO INTERBUS ALCOBENDAS,5,6.9817,4.0332,False,8,EL VENTERO CBV,True
4836,GRUPO INTERBUS ALCOBENDAS,41,12.27,56.087,False,8,EL VENTERO CBV,True
4837,GRUPO INTERBUS ALCOBENDAS,25,8.1805,67.935,False,8,EL VENTERO CBV,True
4838,GRUPO INTERBUS ALCOBENDAS,16,13.963,50.919,False,8,EL VENTERO CBV,True
4839,GRUPO INTERBUS ALCOBENDAS,77,13.751,55.835,False,8,EL VENTERO CBV,True
4840,GRUPO INTERBUS ALCOBENDAS,41,12.341,48.777,True,8,EL VENTERO CBV,True
4841,GRUPO INTERBUS ALCOBENDAS,13,32.651,81.673,False,8,EL VENTERO CBV,True
4842,GRUPO INTERBUS ALCOBENDAS,17,31.029,18.527,False,8,EL VENTERO CBV,True
4843,GRUPO INTERBUS ALCOBENDAS,14,6.55849999999999,5.0415,False,8,EL VENTERO CBV,True
4844,GRUPO INTERBUS ALCOBENDAS,41,11.14249999999999,59.616,False,8,EL VENTERO CBV,True
4845,GRUPO INTERBUS ALCOBENDAS,25,28.067,83.81,False,8,EL VENTERO CBV,True
4846,GRUPO INTERBUS ALCOBENDAS,77,30.183,81.169,False,8,EL VENTERO CBV,True
4847,GRUPO INTERBUS ALCOBENDAS,77,30.11279999999999,83.81,True,8,EL VENTERO CBV,True
4848,GRUPO INTERBUS ALCOBENDAS,5,33.497,78.774,False,8,EL VENTERO CBV,True
4849,GRUPO INTERBUS ALCOBENDAS,4,24.823,87.471,False,8,EL VENTERO CBV,True
4850,GRUPO INTERBUS ALCOBENDAS,4,35.54,27.728,False,8,EL VENTERO CBV,True
4851,GRUPO INTERBUS ALCOBENDAS,77,32.933,85.958,False,8,EL VENTERO CBV,True
4852,GRUPO INTERBUS ALCOBENDAS,17,30.465,81.799,False,8,EL VENTERO CBV,True
4853,GRUPO INTERBUS ALCOBENDAS,13,29.9013,20.166,False,8,EL VENTERO CBV,True
4854,GRUPO INTERBUS ALCOBENDAS,77,28.067,16.511,False,8,EL VENTERO CBV,True
4855,GRUPO INTERBUS ALCOBENDAS,41,12.83499999999999,52.558,False,8,EL VENTERO CBV,True
4856,GRUPO INTERBUS ALCOBENDAS,24,10.86039999999999,52.558,False,8,EL VENTERO CBV,True
4857,GRUPO INTERBUS ALCOBENDAS,13,8.392,58.1,True,8,EL VENTERO CBV,True
4858,GRUPO INTERBUS ALCOBENDAS,13,31.875,22.68,False,8,EL VENTERO CBV,True
4859,GRUPO INTERBUS ALCOBENDAS,24,9.2383,39.324,True,8,EL VENTERO CBV,True
4860,GRUPO INTERBUS ALCOBENDAS,24,9.9436,39.576,False,8,EL VENTERO CBV,True
4861,GRUPO INTERBUS ALCOBENDAS,24,20.66289999999999,50.541,False,8,EL VENTERO CBV,True
4862,GRUPO INTERBUS ALCOBENDAS,25,8.18049999999999,5.797,False,8,EL VENTERO CBV,True
4863,GRUPO INTERBUS ALCOBENDAS,77,33.568,74.363,True,8,EL VENTERO CBV,True
4864,GRUPO INTERBUS ALCOBENDAS,5,15.585,46.634,False,8,EL VENTERO CBV,True
4865,GRUPO INTERBUS ALCOBENDAS,41,14.104,50.667,False,8,EL VENTERO CBV,True
4866,GRUPO INTERBUS ALCOBENDAS,14,29.9013,14.62,False,8,EL VENTERO CBV,True
4867,GRUPO INTERBUS ALCOBENDAS,77,30.324,19.28,False,8,EL VENTERO CBV,True
4868,GRUPO INTERBUS ALCOBENDAS,77,33.709,74.993,False,8,EL VENTERO CBV,True
4869,GRUPO INTERBUS ALCOBENDAS,17,31.45269999999999,18.653,True,8,EL VENTERO CBV,True
4870,GRUPO INTERBUS ALCOBENDAS,13,32.5811,79.656,False,8,EL VENTERO CBV,True
4871,GRUPO INTERBUS ALCOBENDAS,16,9.3794,32.77,True,8,EL VENTERO CBV,True
4872,GRUPO INTERBUS ALCOBENDAS,14,10.296,60.372,False,8,EL VENTERO CBV,True
4873,GRUPO INTERBUS ALCOBENDAS,17,8.74469999999999,59.868,True,8,EL VENTERO CBV,True
4874,GRUPO INTERBUS ALCOBENDAS,14,30.606,82.177,False,8,EL VENTERO CBV,True
4875,GRUPO INTERBUS ALCOBENDAS,41,10.64879999999999,74.11,False,8,EL VENTERO CBV,True
4876,GRUPO INTERBUS ALCOBENDAS,13,36.248,43.987,True,8,EL VENTERO CBV,True
4877,GRUPO INTERBUS ALCOBENDAS,17,36.6,73.606,False,8,EL VENTERO CBV,True
4878,GRUPO INTERBUS ALCOBENDAS,5,33.004,80.53,False,8,EL VENTERO CBV,True
4879,GRUPO INTERBUS ALCOBENDAS,13,32.369,26.216,False,8,EL VENTERO CBV,True
4880,GRUPO INTERBUS ALCOBENDAS,14,7.3342,3.1509,True,8,EL VENTERO CBV,True
4881,GRUPO INTERBUS ALCOBENDAS,14,10.014,67.68,False,8,EL VENTERO CBV,True
4882,GRUPO INTERBUS ALCOBENDAS,24,8.9562,62.767,False,8,EL VENTERO CBV,True
4883,GRUPO INTERBUS ALCOBENDAS,13,32.933,19.536,False,8,EL VENTERO CBV,True
4884,GRUPO INTERBUS ALCOBENDAS,17,32.369,82.177,False,8,EL VENTERO CBV,True
4885,GRUPO INTERBUS ALCOBENDAS,13,33.497,78.144,True,8,EL VENTERO CBV,True
4886,GRUPO INTERBUS ALCOBENDAS,13,33.356,24.325,True,8,EL VENTERO CBV,True
4887,GRUPO INTERBUS ALCOBENDAS,14,31.241,85.328,True,8,EL VENTERO CBV,True
4888,GRUPO INTERBUS ALCOBENDAS,41,8.1805,26.72,True,8,EL VENTERO CBV,True
4889,GRUPO INTERBUS ALCOBENDAS,13,33.85,87.09,False,8,EL VENTERO CBV,True
4890,GRUPO INTERBUS ALCOBENDAS,41,20.94,49.659,False,8,EL VENTERO CBV,True
4891,GRUPO INTERBUS ALCOBENDAS,77,32.15,76.631,True,8,EL VENTERO CBV,True
4892,GRUPO INTERBUS ALCOBENDAS,41,13.54,59.49,False,8,EL VENTERO CBV,True
4893,GRUPO INTERBUS ALCOBENDAS,41,11.42449999999999,52.81,True,8,EL VENTERO CBV,True
4894,GRUPO INTERBUS ALCOBENDAS,5,34.626,72.094,False,8,EL VENTERO CBV,True
4895,GRUPO INTERBUS ALCOBENDAS,77,11.35,56.843,False,8,EL VENTERO CBV,True
4896,EL VENTERO CBV,0,10.084,61.38,True,8,GRUPO INTERBUS ALCOBENDAS,False
4897,EL VENTERO CBV,0,33.85,20.418,False,8,GRUPO INTERBUS ALCOBENDAS,False
4898,EL VENTERO CBV,0,7.0521,67.304,False,8,GRUPO INTERBUS ALCOBENDAS,False
4899,EL VENTERO CBV,0,9.6615,59.616,True,8,GRUPO INTERBUS ALCOBENDAS,False
4900,EL VENTERO CBV,10,35.19,49.911,False,8,GRUPO INTERBUS ALCOBENDAS,False
4901,EL VENTERO CBV,0,31.664,82.681,True,8,GRUPO INTERBUS ALCOBENDAS,False
4902,EL VENTERO CBV,0,7.96899999999999,48.903,True,8,GRUPO INTERBUS ALCOBENDAS,False
4903,EL VENTERO CBV,41,19.46,73.732,False,8,GRUPO INTERBUS ALCOBENDAS,False
4904,EL VENTERO CBV,41,12.623,33.652,False,8,GRUPO INTERBUS ALCOBENDAS,False
4905,EL VENTERO CBV,10,31.382,86.588,False,8,GRUPO INTERBUS ALCOBENDAS,False
4906,EL VENTERO CBV,10,18.6178,5.4196,False,8,GRUPO INTERBUS ALCOBENDAS,False
4907,EL VENTERO CBV,0,10.296,43.987,True,8,GRUPO INTERBUS ALCOBENDAS,False
4908,EL VENTERO CBV,10,13.046,44.365,False,8,GRUPO INTERBUS ALCOBENDAS,False
4909,EL VENTERO CBV,10,10.2257,49.407,True,8,GRUPO INTERBUS ALCOBENDAS,False
4910,EL VENTERO CBV,10,31.382,18.527,False,8,GRUPO INTERBUS ALCOBENDAS,False
4911,EL VENTERO CBV,10,30.677,83.059,False,8,GRUPO INTERBUS ALCOBENDAS,False
4912,EL VENTERO CBV,41,18.6178,5.4196,False,8,GRUPO INTERBUS ALCOBENDAS,False
4913,EL VENTERO CBV,2,8.6036,93.773,False,8,GRUPO INTERBUS ALCOBENDAS,False
4914,EL VENTERO CBV,1,10.014,63.775,False,8,GRUPO INTERBUS ALCOBENDAS,False
4915,EL VENTERO CBV,21,9.167,39.828,True,8,GRUPO INTERBUS ALCOBENDAS,False
4916,EL VENTERO CBV,0,9.80249999999999,42.349,True,8,GRUPO INTERBUS ALCOBENDAS,False
4917,EL VENTERO CBV,41,34.062,20.418,False,8,GRUPO INTERBUS ALCOBENDAS,False
4918,EL VENTERO CBV,1,7.8984,68.943,False,8,GRUPO INTERBUS ALCOBENDAS,False
4919,EL VENTERO CBV,41,32.369,18.905,True,8,GRUPO INTERBUS ALCOBENDAS,False
4920,EL VENTERO CBV,21,29.689,16.13,False,8,GRUPO INTERBUS ALCOBENDAS,False
4921,EL VENTERO CBV,1,11.847,61.759,False,8,GRUPO INTERBUS ALCOBENDAS,False
4922,EL VENTERO CBV,0,22.073,47.138,False,8,GRUPO INTERBUS ALCOBENDAS,False
4923,EL VENTERO CBV,18,11.21299999999999,59.616,False,8,GRUPO INTERBUS ALCOBENDAS,False
4924,EL VENTERO CBV,10,13.469,46.508,True,8,GRUPO INTERBUS ALCOBENDAS,False
4925,EL VENTERO CBV,41,8.392,64.153,False,8,GRUPO INTERBUS ALCOBENDAS,False
4926,EL VENTERO CBV,21,9.9435,61.002,True,8,GRUPO INTERBUS ALCOBENDAS,False
4927,EL VENTERO CBV,41,17.348,42.601,False,8,GRUPO INTERBUS ALCOBENDAS,False
4928,EL VENTERO CBV,18,12.693,51.045,True,8,GRUPO INTERBUS ALCOBENDAS,False
4929,EL VENTERO CBV,0,12.97,64.279,False,8,GRUPO INTERBUS ALCOBENDAS,False
4930,EL VENTERO CBV,0,8.95629999999999,59.112,True,8,GRUPO INTERBUS ALCOBENDAS,False
4931,EL VENTERO CBV,41,24.541,6.68,False,8,GRUPO INTERBUS ALCOBENDAS,False
4932,EL VENTERO CBV,10,27.57,14.368,False,8,GRUPO INTERBUS ALCOBENDAS,False
4933,EL VENTERO CBV,18,12.97,55.205,False,8,GRUPO INTERBUS ALCOBENDAS,False
4934,EL VENTERO CBV,18,8.74469999999999,40.08,True,8,GRUPO INTERBUS ALCOBENDAS,False
4935,EL VENTERO CBV,21,22.214,7.3102,False,8,GRUPO INTERBUS ALCOBENDAS,False
4936,EL VENTERO CBV,3,32.228,65.162,False,8,GRUPO INTERBUS ALCOBENDAS,False
4937,EL VENTERO CBV,21,10.08459999999999,49.659,True,8,GRUPO INTERBUS ALCOBENDAS,False
4938,EL VENTERO CBV,0,9.732,71.338,True,8,GRUPO INTERBUS ALCOBENDAS,False
4939,EL VENTERO CBV,41,14.10439999999999,42.601,False,8,GRUPO INTERBUS ALCOBENDAS,False
4940,EL VENTERO CBV,10,26.093,9.957,True,8,GRUPO INTERBUS ALCOBENDAS,False
4941,EL VENTERO CBV,10,11.5656,93.39,False,8,GRUPO INTERBUS ALCOBENDAS,False
4942,EL VENTERO CBV,21,32.29,18.401,False,8,GRUPO INTERBUS ALCOBENDAS,False
4943,EL VENTERO CBV,10,21.297,91.63,False,8,GRUPO INTERBUS ALCOBENDAS,False
4944,EL VENTERO CBV,21,11.001,58.482,True,8,GRUPO INTERBUS ALCOBENDAS,False
4945,EL VENTERO CBV,3,36.53,52.432,False,8,GRUPO INTERBUS ALCOBENDAS,False
4946,EL VENTERO CBV,0,8.18049999999999,40.71,False,8,GRUPO INTERBUS ALCOBENDAS,False
4947,EL VENTERO CBV,0,9.87309999999999,38.441,True,8,GRUPO INTERBUS ALCOBENDAS,False
4948,EL VENTERO CBV,41,16.9958,47.264,False,8,GRUPO INTERBUS ALCOBENDAS,False
4949,EL VENTERO CBV,27,25.5994,89.739,False,8,GRUPO INTERBUS ALCOBENDAS,False
4950,EL VENTERO CBV,41,21.65,7.3102,False,8,GRUPO INTERBUS ALCOBENDAS,False
4951,EL VENTERO CBV,1,22.56699999999999,91.63,True,8,GRUPO INTERBUS ALCOBENDAS,False
4952,EL VENTERO CBV,18,14.739,38.063,False,8,GRUPO INTERBUS ALCOBENDAS,False
4953,EL VENTERO CBV,3,10.64879999999999,56.717,True,8,GRUPO INTERBUS ALCOBENDAS,False
4954,EL VENTERO CBV,1,17.066,47.642,False,8,GRUPO INTERBUS ALCOBENDAS,False
4955,EL VENTERO CBV,2,5.9238,93.773,False,8,GRUPO INTERBUS ALCOBENDAS,False
4956,EL VENTERO CBV,10,10.014,60.876,False,8,GRUPO INTERBUS ALCOBENDAS,False
4957,EL VENTERO CBV,10,45.204,69.825,False,8,GRUPO INTERBUS ALCOBENDAS,False
4958,EL VENTERO CBV,27,30.606,82.303,False,8,GRUPO INTERBUS ALCOBENDAS,False
4959,EL VENTERO CBV,0,32.44,80.53,False,8,GRUPO INTERBUS ALCOBENDAS,False
4960,EL VENTERO CBV,1,10.225,59.742,True,8,GRUPO INTERBUS ALCOBENDAS,False
4961,EL VENTERO CBV,21,10.578,56.213,True,8,GRUPO INTERBUS ALCOBENDAS,False
4962,INMOBILIARIA GÁLVEZ SANTA CRUZ,6,9.4608,29.094,False,8,FUNDACION GLOBALCAJA LA RODA,True
4963,INMOBILIARIA GÁLVEZ SANTA CRUZ,16,27.695,21.159,False,8,FUNDACION GLOBALCAJA LA RODA,True
4964,INMOBILIARIA GÁLVEZ SANTA CRUZ,8,9.778,48.837,True,8,FUNDACION GLOBALCAJA LA RODA,True
4965,INMOBILIARIA GÁLVEZ SANTA CRUZ,6,8.4566,39.013,False,8,FUNDACION GLOBALCAJA LA RODA,True
4966,INMOBILIARIA GÁLVEZ SANTA CRUZ,15,29.862,22.765,False,8,FUNDACION GLOBALCAJA LA RODA,True
4967,INMOBILIARIA GÁLVEZ SANTA CRUZ,16,8.985,86.1,False,8,FUNDACION GLOBALCAJA LA RODA,True
4968,INMOBILIARIA GÁLVEZ SANTA CRUZ,15,26.691,13.98,True,8,FUNDACION GLOBALCAJA LA RODA,True
4969,INMOBILIARIA GÁLVEZ SANTA CRUZ,12,12.42069999999999,48.742,False,8,FUNDACION GLOBALCAJA LA RODA,True
4970,INMOBILIARIA GÁLVEZ SANTA CRUZ,15,31.8182,26.355,False,8,FUNDACION GLOBALCAJA LA RODA,True
4971,INMOBILIARIA GÁLVEZ SANTA CRUZ,44,14.799,27.11,False,8,FUNDACION GLOBALCAJA LA RODA,True
4972,INMOBILIARIA GÁLVEZ SANTA CRUZ,8,5.9197,54.41,False,8,FUNDACION GLOBALCAJA LA RODA,True
4973,INMOBILIARIA GÁLVEZ SANTA CRUZ,24,12.2622,51.009,True,8,FUNDACION GLOBALCAJA LA RODA,True
4974,INMOBILIARIA GÁLVEZ SANTA CRUZ,8,8.3509,42.602,False,8,FUNDACION GLOBALCAJA LA RODA,True
4975,INMOBILIARIA GÁLVEZ SANTA CRUZ,6,10.35939999999999,43.358,False,8,FUNDACION GLOBALCAJA LA RODA,True
4976,INMOBILIARIA GÁLVEZ SANTA CRUZ,8,11.52219999999999,49.498,False,8,FUNDACION GLOBALCAJA LA RODA,True
4977,INMOBILIARIA GÁLVEZ SANTA CRUZ,24,11.2579,47.892,False,8,FUNDACION GLOBALCAJA LA RODA,True
4978,INMOBILIARIA GÁLVEZ SANTA CRUZ,6,8.8794,30.889,False,8,FUNDACION GLOBALCAJA LA RODA,True
4979,INMOBILIARIA GÁLVEZ SANTA CRUZ,8,8.6152,41.28,True,8,FUNDACION GLOBALCAJA LA RODA,True
4980,INMOBILIARIA GÁLVEZ SANTA CRUZ,15,32.293,69.43,False,8,FUNDACION GLOBALCAJA LA RODA,True
4981,INMOBILIARIA GÁLVEZ SANTA CRUZ,8,21.247,80.104,False,8,FUNDACION GLOBALCAJA LA RODA,True
4982,INMOBILIARIA GÁLVEZ SANTA CRUZ,14,12.1564,52.332,False,8,FUNDACION GLOBALCAJA LA RODA,True
4983,INMOBILIARIA GÁLVEZ SANTA CRUZ,8,29.175,85.11,False,8,FUNDACION GLOBALCAJA LA RODA,True
4984,INMOBILIARIA GÁLVEZ SANTA CRUZ,15,31.1311,71.224,True,8,FUNDACION GLOBALCAJA LA RODA,True
4985,INMOBILIARIA GÁLVEZ SANTA CRUZ,24,7.6638,47.042,True,8,FUNDACION GLOBALCAJA LA RODA,True
4986,INMOBILIARIA GÁLVEZ SANTA CRUZ,14,10.623,42.035,False,8,FUNDACION GLOBALCAJA LA RODA,True
4987,INMOBILIARIA GÁLVEZ SANTA CRUZ,24,6.50109999999999,52.048,True,8,FUNDACION GLOBALCAJA LA RODA,True
4988,INMOBILIARIA GÁLVEZ SANTA CRUZ,16,33.245,83.882,True,8,FUNDACION GLOBALCAJA LA RODA,True
4989,INMOBILIARIA GÁLVEZ SANTA CRUZ,8,7.6109,40.996,True,8,FUNDACION GLOBALCAJA LA RODA,True
4990,INMOBILIARIA GÁLVEZ SANTA CRUZ,8,21.934,22.198,False,8,FUNDACION GLOBALCAJA LA RODA,True
4991,INMOBILIARIA GÁLVEZ SANTA CRUZ,16,31.7125,69.335,False,8,FUNDACION GLOBALCAJA LA RODA,True
4992,INMOBILIARIA GÁLVEZ SANTA CRUZ,15,32.822,83.788,True,8,FUNDACION GLOBALCAJA LA RODA,True
4993,INMOBILIARIA GÁLVEZ SANTA CRUZ,8,33.826,54.882,False,8,FUNDACION GLOBALCAJA LA RODA,True
4994,INMOBILIARIA GÁLVEZ SANTA CRUZ,24,13.213,43.358,True,8,FUNDACION GLOBALCAJA LA RODA,True
4995,INMOBILIARIA GÁLVEZ SANTA CRUZ,15,35.729,40.713,False,8,FUNDACION GLOBALCAJA LA RODA,True
4996,INMOBILIARIA GÁLVEZ SANTA CRUZ,8,7.8752,76.892,False,8,FUNDACION GLOBALCAJA LA RODA,True
4997,INMOBILIARIA GÁLVEZ SANTA CRUZ,12,14.112,44.869,False,8,FUNDACION GLOBALCAJA LA RODA,True
4998,INMOBILIARIA GÁLVEZ SANTA CRUZ,6,8.08669999999999,52.71,False,8,FUNDACION GLOBALCAJA LA RODA,True
4999,INMOBILIARIA GÁLVEZ SANTA CRUZ,8,9.3551,53.371,True,8,FUNDACION GLOBALCAJA LA RODA,True
5000,INMOBILIARIA GÁLVEZ SANTA CRUZ,8,5.444,51.198,True,8,FUNDACION GLOBALCAJA LA RODA,True
5001,INMOBILIARIA GÁLVEZ SANTA CRUZ,15,3.80549999999999,50.065,True,8,FUNDACION GLOBALCAJA LA RODA,True
5002,INMOBILIARIA GÁLVEZ SANTA CRUZ,15,27.378,79.63,False,8,FUNDACION GLOBALCAJA LA RODA,True
5003,INMOBILIARIA GÁLVEZ SANTA CRUZ,15,19.978,31.267,False,8,FUNDACION GLOBALCAJA LA RODA,True
5004,INMOBILIARIA GÁLVEZ SANTA CRUZ,44,33.932,62.06,False,8,FUNDACION GLOBALCAJA LA RODA,True
5005,INMOBILIARIA GÁLVEZ SANTA CRUZ,8,32.98,20.309,False,8,FUNDACION GLOBALCAJA LA RODA,True
5006,INMOBILIARIA GÁLVEZ SANTA CRUZ,16,7.8752,46.192,False,8,FUNDACION GLOBALCAJA LA RODA,True
5007,INMOBILIARIA GÁLVEZ SANTA CRUZ,44,36.099,66.123,False,8,FUNDACION GLOBALCAJA LA RODA,True
5008,INMOBILIARIA GÁLVEZ SANTA CRUZ,16,8.8794,43.83,False,8,FUNDACION GLOBALCAJA LA RODA,True
5009,INMOBILIARIA GÁLVEZ SANTA CRUZ,24,8.5623,45.53,False,8,FUNDACION GLOBALCAJA LA RODA,True
5010,INMOBILIARIA GÁLVEZ SANTA CRUZ,24,5.9197,45.814,True,8,FUNDACION GLOBALCAJA LA RODA,True
5011,INMOBILIARIA GÁLVEZ SANTA CRUZ,16,7.08249999999999,50.63,True,8,FUNDACION GLOBALCAJA LA RODA,True
5012,INMOBILIARIA GÁLVEZ SANTA CRUZ,14,35.887,43.358,False,8,FUNDACION GLOBALCAJA LA RODA,True
5013,INMOBILIARIA GÁLVEZ SANTA CRUZ,14,10.51,93.612,False,8,FUNDACION GLOBALCAJA LA RODA,True
5014,INMOBILIARIA GÁLVEZ SANTA CRUZ,15,10.095,50.82,False,8,FUNDACION GLOBALCAJA LA RODA,True
5015,INMOBILIARIA GÁLVEZ SANTA CRUZ,15,32.875,22.482,True,8,FUNDACION GLOBALCAJA LA RODA,True
5016,INMOBILIARIA GÁLVEZ SANTA CRUZ,15,14.85,29.094,False,8,FUNDACION GLOBALCAJA LA RODA,True
5017,INMOBILIARIA GÁLVEZ SANTA CRUZ,14,32.505,78.026,False,8,FUNDACION GLOBALCAJA LA RODA,True
5018,INMOBILIARIA GÁLVEZ SANTA CRUZ,8,5.9197,47.42,True,8,FUNDACION GLOBALCAJA LA RODA,True
5019,INMOBILIARIA GÁLVEZ SANTA CRUZ,6,8.7737,51.198,True,8,FUNDACION GLOBALCAJA LA RODA,True
5020,INMOBILIARIA GÁLVEZ SANTA CRUZ,15,34.038,49.97,False,8,FUNDACION GLOBALCAJA LA RODA,True
5021,INMOBILIARIA GÁLVEZ SANTA CRUZ,14,9.8837,72.83,False,8,FUNDACION GLOBALCAJA LA RODA,True
5022,INMOBILIARIA GÁLVEZ SANTA CRUZ,16,9.8308,28.149,True,8,FUNDACION GLOBALCAJA LA RODA,True
5023,INMOBILIARIA GÁLVEZ SANTA CRUZ,6,9.9894,48.17,True,8,FUNDACION GLOBALCAJA LA RODA,True
5024,INMOBILIARIA GÁLVEZ SANTA CRUZ,12,10.253,51.387,True,8,FUNDACION GLOBALCAJA LA RODA,True
5025,INMOBILIARIA GÁLVEZ SANTA CRUZ,15,21.72,90.022,False,8,FUNDACION GLOBALCAJA LA RODA,True
5026,INMOBILIARIA GÁLVEZ SANTA CRUZ,8,13.9,51.576,False,8,FUNDACION GLOBALCAJA LA RODA,True
5027,FUNDACION GLOBALCAJA LA RODA,10,5.3911,40.807,False,8,INMOBILIARIA GÁLVEZ SANTA CRUZ,False
5028,FUNDACION GLOBALCAJA LA RODA,9,9.778,55.638,False,8,INMOBILIARIA GÁLVEZ SANTA CRUZ,False
5029,FUNDACION GLOBALCAJA LA RODA,2,5.9725,50.065,True,8,INMOBILIARIA GÁLVEZ SANTA CRUZ,False
5030,FUNDACION GLOBALCAJA LA RODA,13,11.733,48.459,False,8,INMOBILIARIA GÁLVEZ SANTA CRUZ,False
5031,FUNDACION GLOBALCAJA LA RODA,13,8.985,43.83,False,8,INMOBILIARIA GÁLVEZ SANTA CRUZ,False
5032,FUNDACION GLOBALCAJA LA RODA,0,9.566,45.342,True,8,INMOBILIARIA GÁLVEZ SANTA CRUZ,False
5033,FUNDACION GLOBALCAJA LA RODA,33,32.029,22.293,False,8,INMOBILIARIA GÁLVEZ SANTA CRUZ,False
5034,FUNDACION GLOBALCAJA LA RODA,6,13.002,40.807,False,8,INMOBILIARIA GÁLVEZ SANTA CRUZ,False
5035,FUNDACION GLOBALCAJA LA RODA,6,10.5708,23.048,True,8,INMOBILIARIA GÁLVEZ SANTA CRUZ,False
5036,FUNDACION GLOBALCAJA LA RODA,4,6.659599999999997,50.915,True,8,INMOBILIARIA GÁLVEZ SANTA CRUZ,False
5037,FUNDACION GLOBALCAJA LA RODA,25,3.6997,48.459,True,8,INMOBILIARIA GÁLVEZ SANTA CRUZ,False
5038,FUNDACION GLOBALCAJA LA RODA,9,28.646,23.521,True,8,INMOBILIARIA GÁLVEZ SANTA CRUZ,False
5039,FUNDACION GLOBALCAJA LA RODA,25,9.4608,48.837,False,8,INMOBILIARIA GÁLVEZ SANTA CRUZ,False
5040,FUNDACION GLOBALCAJA LA RODA,9,31.025,80.198,True,8,INMOBILIARIA GÁLVEZ SANTA CRUZ,False
5041,FUNDACION GLOBALCAJA LA RODA,20,8.6152,46.664,False,8,INMOBILIARIA GÁLVEZ SANTA CRUZ,False
5042,FUNDACION GLOBALCAJA LA RODA,0,3.91119999999999,50.63,False,8,INMOBILIARIA GÁLVEZ SANTA CRUZ,False
5043,FUNDACION GLOBALCAJA LA RODA,4,5.0211,49.781,True,8,INMOBILIARIA GÁLVEZ SANTA CRUZ,False
5044,FUNDACION GLOBALCAJA LA RODA,6,5.761,95.879,False,8,INMOBILIARIA GÁLVEZ SANTA CRUZ,False
5045,FUNDACION GLOBALCAJA LA RODA,4,6.2368,58.566,False,8,INMOBILIARIA GÁLVEZ SANTA CRUZ,False
5046,FUNDACION GLOBALCAJA LA RODA,9,28.012,85.394,True,8,INMOBILIARIA GÁLVEZ SANTA CRUZ,False
5047,FUNDACION GLOBALCAJA LA RODA,9,34.46089999999999,52.993,True,8,INMOBILIARIA GÁLVEZ SANTA CRUZ,False
5048,FUNDACION GLOBALCAJA LA RODA,3,4.9154,40.241,False,8,INMOBILIARIA GÁLVEZ SANTA CRUZ,False
5049,FUNDACION GLOBALCAJA LA RODA,10,10.83509999999999,46.475,False,8,INMOBILIARIA GÁLVEZ SANTA CRUZ,False
5050,FUNDACION GLOBALCAJA LA RODA,4,5.76109999999999,50.915,True,8,INMOBILIARIA GÁLVEZ SANTA CRUZ,False
5051,FUNDACION GLOBALCAJA LA RODA,25,10.7822,57.716,True,8,INMOBILIARIA GÁLVEZ SANTA CRUZ,False
5052,FUNDACION GLOBALCAJA LA RODA,3,27.378,84.071,False,8,INMOBILIARIA GÁLVEZ SANTA CRUZ,False
5053,FUNDACION GLOBALCAJA LA RODA,4,11.6808,93.234,True,8,INMOBILIARIA GÁLVEZ SANTA CRUZ,False
5054,FUNDACION GLOBALCAJA LA RODA,2,12.896,70.752,False,8,INMOBILIARIA GÁLVEZ SANTA CRUZ,False
5055,FUNDACION GLOBALCAJA LA RODA,9,24.841,14.83,False,8,INMOBILIARIA GÁLVEZ SANTA CRUZ,False
5056,FUNDACION GLOBALCAJA LA RODA,4,9.8308,52.993,True,8,INMOBILIARIA GÁLVEZ SANTA CRUZ,False
5057,FUNDACION GLOBALCAJA LA RODA,9,25.9514,88.322,True,8,INMOBILIARIA GÁLVEZ SANTA CRUZ,False
5058,FUNDACION GLOBALCAJA LA RODA,13,6.8181,5.573,False,8,INMOBILIARIA GÁLVEZ SANTA CRUZ,False
5059,FUNDACION GLOBALCAJA LA RODA,20,5.0211,49.309,True,8,INMOBILIARIA GÁLVEZ SANTA CRUZ,False
5060,FUNDACION GLOBALCAJA LA RODA,2,10.57,93.14,False,8,INMOBILIARIA GÁLVEZ SANTA CRUZ,False
5061,FUNDACION GLOBALCAJA LA RODA,0,21.247,68.768,False,8,INMOBILIARIA GÁLVEZ SANTA CRUZ,False
5062,FUNDACION GLOBALCAJA LA RODA,9,8.8266,5.4788,False,8,INMOBILIARIA GÁLVEZ SANTA CRUZ,False
5063,FUNDACION GLOBALCAJA LA RODA,9,10.57,47.892,False,8,INMOBILIARIA GÁLVEZ SANTA CRUZ,False
5064,FUNDACION GLOBALCAJA LA RODA,4,10.2,52.993,True,8,INMOBILIARIA GÁLVEZ SANTA CRUZ,False
5065,FUNDACION GLOBALCAJA LA RODA,6,25.42279999999999,15.019,False,8,INMOBILIARIA GÁLVEZ SANTA CRUZ,False
5066,FUNDACION GLOBALCAJA LA RODA,20,5.6025,54.693,True,8,INMOBILIARIA GÁLVEZ SANTA CRUZ,False
5067,FUNDACION GLOBALCAJA LA RODA,4,33.245,82.843,True,8,INMOBILIARIA GÁLVEZ SANTA CRUZ,False
5068,FUNDACION GLOBALCAJA LA RODA,6,31.659,80.198,False,8,INMOBILIARIA GÁLVEZ SANTA CRUZ,False
5069,FUNDACION GLOBALCAJA LA RODA,25,8.8266,53.465,False,8,INMOBILIARIA GÁLVEZ SANTA CRUZ,False
5070,FUNDACION GLOBALCAJA LA RODA,13,18.39319999999999,25.41,False,8,INMOBILIARIA GÁLVEZ SANTA CRUZ,False
5071,FUNDACION GLOBALCAJA LA RODA,13,12.63209999999999,26.827,False,8,INMOBILIARIA GÁLVEZ SANTA CRUZ,False
5072,FUNDACION GLOBALCAJA LA RODA,6,20.93,92.762,True,8,INMOBILIARIA GÁLVEZ SANTA CRUZ,False
5073,FUNDACION GLOBALCAJA LA RODA,2,23.044,7.4625,True,8,INMOBILIARIA GÁLVEZ SANTA CRUZ,False
5074,FUNDACION GLOBALCAJA LA RODA,9,9.9894,41.84,False,8,INMOBILIARIA GÁLVEZ SANTA CRUZ,False
5075,FUNDACION GLOBALCAJA LA RODA,6,11.152,94.084,False,8,INMOBILIARIA GÁLVEZ SANTA CRUZ,False
5076,FUNDACION GLOBALCAJA LA RODA,0,12.843,48.17,True,8,INMOBILIARIA GÁLVEZ SANTA CRUZ,False
5077,FUNDACION GLOBALCAJA LA RODA,0,9.8308,50.63,False,8,INMOBILIARIA GÁLVEZ SANTA CRUZ,False
5078,FUNDACION GLOBALCAJA LA RODA,4,8.5623,50.82,False,8,INMOBILIARIA GÁLVEZ SANTA CRUZ,False
5079,FUNDACION GLOBALCAJA LA RODA,13,19.873,3.9674,False,8,INMOBILIARIA GÁLVEZ SANTA CRUZ,False
5080,FUNDACION GLOBALCAJA LA RODA,10,8.66809999999999,50.159,True,8,INMOBILIARIA GÁLVEZ SANTA CRUZ,False
5081,FUNDACION GLOBALCAJA LA RODA,20,7.87529999999999,47.798,False,8,INMOBILIARIA GÁLVEZ SANTA CRUZ,False
5082,FUNDACION GLOBALCAJA LA RODA,4,22.46299999999999,8.9739,False,8,INMOBILIARIA GÁLVEZ SANTA CRUZ,False
5083,FUNDACION GLOBALCAJA LA RODA,0,9.1966,97.768,False,8,INMOBILIARIA GÁLVEZ SANTA CRUZ,False
5084,FUNDACION GLOBALCAJA LA RODA,3,29.7,19.837,False,8,INMOBILIARIA GÁLVEZ SANTA CRUZ,False
5085,FUNDACION GLOBALCAJA LA RODA,0,24.5772,15.869,False,8,INMOBILIARIA GÁLVEZ SANTA CRUZ,False
5086,FUNDACION GLOBALCAJA LA RODA,6,33.245,82.843,False,8,INMOBILIARIA GÁLVEZ SANTA CRUZ,False
5087,FUNDACION GLOBALCAJA LA RODA,20,9.6195,8.2182,False,8,INMOBILIARIA GÁLVEZ SANTA CRUZ,False
5088,FUNDACION GLOBALCAJA LA RODA,10,4.9154,5.573,False,8,INMOBILIARIA GÁLVEZ SANTA CRUZ,False
5089,FUNDACION GLOBALCAJA LA RODA,9,28.2241,24.654,False,8,INMOBILIARIA GÁLVEZ SANTA CRUZ,False
5090,FUNDACION GLOBALCAJA LA RODA,9,35.306,53.465,True,8,INMOBILIARIA GÁLVEZ SANTA CRUZ,False
5091,FUNDACION GLOBALCAJA LA RODA,9,4.2283,46.286,True,8,INMOBILIARIA GÁLVEZ SANTA CRUZ,False
5092,FUNDACION GLOBALCAJA LA RODA,13,10.57,4.4397,False,8,INMOBILIARIA GÁLVEZ SANTA CRUZ,False
5093,PROBASKETLAB FUENLABRADA,10,35.769,14.922,False,8,MOVISTAR ESTUDIANTES,True
5094,PROBASKETLAB FUENLABRADA,2,10.995,41.942,True,8,MOVISTAR ESTUDIANTES,True
5095,PROBASKETLAB FUENLABRADA,11,11.548,39.74,False,8,MOVISTAR ESTUDIANTES,True
5096,PROBASKETLAB FUENLABRADA,7,9.3358,38.318,True,8,MOVISTAR ESTUDIANTES,True
5097,PROBASKETLAB FUENLABRADA,10,37.613,49.082,True,8,MOVISTAR ESTUDIANTES,True
5098,PROBASKETLAB FUENLABRADA,14,31.404,78.629,True,8,MOVISTAR ESTUDIANTES,True
5099,PROBASKETLAB FUENLABRADA,8,11.856,44.469,True,8,MOVISTAR ESTUDIANTES,True
5100,PROBASKETLAB FUENLABRADA,10,10.4423,42.821,True,8,MOVISTAR ESTUDIANTES,True
5101,PROBASKETLAB FUENLABRADA,7,9.0899,38.647,True,8,MOVISTAR ESTUDIANTES,True
5102,PROBASKETLAB FUENLABRADA,14,30.54389999999999,12.945,False,8,MOVISTAR ESTUDIANTES,True
5103,PROBASKETLAB FUENLABRADA,9,10.2579,60.505,False,8,MOVISTAR ESTUDIANTES,True
5104,PROBASKETLAB FUENLABRADA,7,10.01,40.734,True,8,MOVISTAR ESTUDIANTES,True
5105,PROBASKETLAB FUENLABRADA,7,9.4587,52.707,True,8,MOVISTAR ESTUDIANTES,True
5106,PROBASKETLAB FUENLABRADA,11,33.67,78.958,False,8,MOVISTAR ESTUDIANTES,True
5107,PROBASKETLAB FUENLABRADA,7,10.257,39.855,False,8,MOVISTAR ESTUDIANTES,True
5108,PROBASKETLAB FUENLABRADA,5,30.54389999999999,12.945,False,8,MOVISTAR ESTUDIANTES,True
5109,PROBASKETLAB FUENLABRADA,7,22.306,48.203,False,8,MOVISTAR ESTUDIANTES,True
5110,PROBASKETLAB FUENLABRADA,14,12.102,47.21,True,8,MOVISTAR ESTUDIANTES,True
5111,PROBASKETLAB FUENLABRADA,7,8.7826,37.768,True,8,MOVISTAR ESTUDIANTES,True
5112,PROBASKETLAB FUENLABRADA,14,7.3687,34.583,True,8,MOVISTAR ESTUDIANTES,True
5113,PROBASKETLAB FUENLABRADA,13,9.8891,29.53,False,8,MOVISTAR ESTUDIANTES,True
5114,PROBASKETLAB FUENLABRADA,13,27.408,91.37,False,8,MOVISTAR ESTUDIANTES,True
5115,PROBASKETLAB FUENLABRADA,8,9.09,41.723,True,8,MOVISTAR ESTUDIANTES,True
5116,PROBASKETLAB FUENLABRADA,10,8.5981,40.295,True,8,MOVISTAR ESTUDIANTES,True
5117,PROBASKETLAB FUENLABRADA,10,31.588,86.757,False,8,MOVISTAR ESTUDIANTES,True
5118,PROBASKETLAB FUENLABRADA,7,35.89,72.258,True,8,MOVISTAR ESTUDIANTES,True
5119,PROBASKETLAB FUENLABRADA,13,10.811,42.601,True,8,MOVISTAR ESTUDIANTES,True
5120,PROBASKETLAB FUENLABRADA,10,9.4587,43.48,True,8,MOVISTAR ESTUDIANTES,True
5121,PROBASKETLAB FUENLABRADA,10,12.532,41.503,True,8,MOVISTAR ESTUDIANTES,True
5122,PROBASKETLAB FUENLABRADA,13,31.404,10.96,True,8,MOVISTAR ESTUDIANTES,True
5123,PROBASKETLAB FUENLABRADA,5,28.82259999999999,83.242,False,8,MOVISTAR ESTUDIANTES,True
5124,PROBASKETLAB FUENLABRADA,8,11.548,39.74,True,8,MOVISTAR ESTUDIANTES,True
5125,PROBASKETLAB FUENLABRADA,5,10.07349999999999,42.711,False,8,MOVISTAR ESTUDIANTES,True
5126,PROBASKETLAB FUENLABRADA,8,10.811,64.13,False,8,MOVISTAR ESTUDIANTES,True
5127,PROBASKETLAB FUENLABRADA,7,36.199,21.402,True,8,MOVISTAR ESTUDIANTES,True
5128,PROBASKETLAB FUENLABRADA,14,8.352,40.4,True,8,MOVISTAR ESTUDIANTES,True
5129,PROBASKETLAB FUENLABRADA,10,32.4496,15.141,False,8,MOVISTAR ESTUDIANTES,True
5130,PROBASKETLAB FUENLABRADA,10,9.5202,63.03,False,8,MOVISTAR ESTUDIANTES,True
5131,PROBASKETLAB FUENLABRADA,5,33.002,12.615,True,8,MOVISTAR ESTUDIANTES,True
5132,PROBASKETLAB FUENLABRADA,7,10.934,58.19,True,8,MOVISTAR ESTUDIANTES,True
5133,PROBASKETLAB FUENLABRADA,10,26.486,9.54,False,8,MOVISTAR ESTUDIANTES,True
5134,PROBASKETLAB FUENLABRADA,9,8.5366,36.011,False,8,MOVISTAR ESTUDIANTES,True
5135,PROBASKETLAB FUENLABRADA,9,11.6718,46.665,False,8,MOVISTAR ESTUDIANTES,True
5136,PROBASKETLAB FUENLABRADA,7,32.879,84.78,True,8,MOVISTAR ESTUDIANTES,True
5137,PROBASKETLAB FUENLABRADA,8,7.92189999999999,38.427,True,8,MOVISTAR ESTUDIANTES,True
5138,PROBASKETLAB FUENLABRADA,10,7.8605,41.613,False,8,MOVISTAR ESTUDIANTES,True
5139,PROBASKETLAB FUENLABRADA,7,36.01,20.743,False,8,MOVISTAR ESTUDIANTES,True
5140,PROBASKETLAB FUENLABRADA,8,31.097,86.757,False,8,MOVISTAR ESTUDIANTES,True
5141,PROBASKETLAB FUENLABRADA,7,35.9535,44.798,False,8,MOVISTAR ESTUDIANTES,True
5142,PROBASKETLAB FUENLABRADA,10,30.4209,87.416,False,8,MOVISTAR ESTUDIANTES,True
5143,PROBASKETLAB FUENLABRADA,10,9.6431,55.672,True,8,MOVISTAR ESTUDIANTES,True
5144,PROBASKETLAB FUENLABRADA,10,34.17,23.489,False,8,MOVISTAR ESTUDIANTES,True
5145,PROBASKETLAB FUENLABRADA,13,11.241,38.318,False,8,MOVISTAR ESTUDIANTES,True
5146,PROBASKETLAB FUENLABRADA,14,11.979,65.118,False,8,MOVISTAR ESTUDIANTES,True
5147,PROBASKETLAB FUENLABRADA,8,8.9055,38.867,True,8,MOVISTAR ESTUDIANTES,True
5148,PROBASKETLAB FUENLABRADA,9,7.92189999999999,38.427,False,8,MOVISTAR ESTUDIANTES,True
5149,PROBASKETLAB FUENLABRADA,10,10.19639999999999,39.416,False,8,MOVISTAR ESTUDIANTES,True
5150,PROBASKETLAB FUENLABRADA,10,9.3972,77.64,True,8,MOVISTAR ESTUDIANTES,True
5151,PROBASKETLAB FUENLABRADA,8,12.4094,26.894,False,8,MOVISTAR ESTUDIANTES,True
5152,PROBASKETLAB FUENLABRADA,8,33.55,14.043,False,8,MOVISTAR ESTUDIANTES,True
5153,PROBASKETLAB FUENLABRADA,10,25.1958,88.734,True,8,MOVISTAR ESTUDIANTES,True
5154,PROBASKETLAB FUENLABRADA,9,9.4587,40.514,True,8,MOVISTAR ESTUDIANTES,True
5155,PROBASKETLAB FUENLABRADA,2,28.761,6.794,False,8,MOVISTAR ESTUDIANTES,True
5156,PROBASKETLAB FUENLABRADA,13,14.6225,30.409,False,8,MOVISTAR ESTUDIANTES,True
5157,PROBASKETLAB FUENLABRADA,8,35.707,12.945,False,8,MOVISTAR ESTUDIANTES,True
5158,PROBASKETLAB FUENLABRADA,14,15.42159999999999,31.727,False,8,MOVISTAR ESTUDIANTES,True
5159,PROBASKETLAB FUENLABRADA,7,10.995,45.018,True,8,MOVISTAR ESTUDIANTES,True
5160,PROBASKETLAB FUENLABRADA,2,29.806,86.098,True,8,MOVISTAR ESTUDIANTES,True
5161,PROBASKETLAB FUENLABRADA,9,9.5202,41.393,True,8,MOVISTAR ESTUDIANTES,True
5162,PROBASKETLAB FUENLABRADA,10,9.76609999999999,56.002,False,8,MOVISTAR ESTUDIANTES,True
5163,MOVISTAR ESTUDIANTES,22,9.3358,59.407,True,8,PROBASKETLAB FUENLABRADA,False
5164,MOVISTAR ESTUDIANTES,6,33.125,14.702,False,8,PROBASKETLAB FUENLABRADA,False
5165,MOVISTAR ESTUDIANTES,2,9.0899,58.308,False,8,PROBASKETLAB FUENLABRADA,False
5166,MOVISTAR ESTUDIANTES,2,11.118,43.7,True,8,PROBASKETLAB FUENLABRADA,False
5167,MOVISTAR ESTUDIANTES,2,39.395,19.974,False,8,PROBASKETLAB FUENLABRADA,False
5168,MOVISTAR ESTUDIANTES,2,9.3972,39.74,False,8,PROBASKETLAB FUENLABRADA,False
5169,MOVISTAR ESTUDIANTES,7,8.1679,42.49,True,8,PROBASKETLAB FUENLABRADA,False
5170,MOVISTAR ESTUDIANTES,7,31.896,87.196,True,8,PROBASKETLAB FUENLABRADA,False
5171,MOVISTAR ESTUDIANTES,25,24.949,89.942,True,8,PROBASKETLAB FUENLABRADA,False
5172,MOVISTAR ESTUDIANTES,7,10.811,57.32,False,8,PROBASKETLAB FUENLABRADA,False
5173,MOVISTAR ESTUDIANTES,22,9.8891,43.48,True,8,PROBASKETLAB FUENLABRADA,False
5174,MOVISTAR ESTUDIANTES,6,9.3358,44.798,True,8,PROBASKETLAB FUENLABRADA,False
5175,MOVISTAR ESTUDIANTES,2,40.809,60.94,True,8,PROBASKETLAB FUENLABRADA,False
5176,MOVISTAR ESTUDIANTES,25,31.281,15.471,True,8,PROBASKETLAB FUENLABRADA,False
5177,MOVISTAR ESTUDIANTES,22,10.811,47.105,True,8,PROBASKETLAB FUENLABRADA,False
5178,MOVISTAR ESTUDIANTES,2,8.1679,42.49,False,8,PROBASKETLAB FUENLABRADA,False
5179,MOVISTAR ESTUDIANTES,8,33.92489999999999,78.409,True,8,PROBASKETLAB FUENLABRADA,False
5180,MOVISTAR ESTUDIANTES,25,33.0027999999999,81.375,False,8,PROBASKETLAB FUENLABRADA,False
5181,MOVISTAR ESTUDIANTES,11,14.99129999999999,43.8,False,8,PROBASKETLAB FUENLABRADA,False
5182,MOVISTAR ESTUDIANTES,8,33.064,78.848,True,8,PROBASKETLAB FUENLABRADA,False
5183,MOVISTAR ESTUDIANTES,9,9.02849999999999,45.457,True,8,PROBASKETLAB FUENLABRADA,False
5184,MOVISTAR ESTUDIANTES,2,30.29,7.5629,False,8,PROBASKETLAB FUENLABRADA,False
5185,MOVISTAR ESTUDIANTES,8,9.27429999999999,43.041,True,8,PROBASKETLAB FUENLABRADA,False
5186,MOVISTAR ESTUDIANTES,11,36.506,14.263,False,8,PROBASKETLAB FUENLABRADA,False
5187,MOVISTAR ESTUDIANTES,7,10.749,55.013,False,8,PROBASKETLAB FUENLABRADA,False
5188,MOVISTAR ESTUDIANTES,2,8.65959999999999,60.94,False,8,PROBASKETLAB FUENLABRADA,False
5189,MOVISTAR ESTUDIANTES,2,33.248,12.505,False,8,PROBASKETLAB FUENLABRADA,False
5190,MOVISTAR ESTUDIANTES,8,29.867,90.052,False,8,PROBASKETLAB FUENLABRADA,False
5191,MOVISTAR ESTUDIANTES,6,8.721,77.86,False,8,PROBASKETLAB FUENLABRADA,False
5192,MOVISTAR ESTUDIANTES,6,35.277,8.8809,False,8,PROBASKETLAB FUENLABRADA,False
5193,MOVISTAR ESTUDIANTES,25,29.744,87.745,True,8,PROBASKETLAB FUENLABRADA,False
5194,MOVISTAR ESTUDIANTES,9,8.84399999999999,44.359,True,8,PROBASKETLAB FUENLABRADA,False
5195,MOVISTAR ESTUDIANTES,19,9.151,61.384,False,8,PROBASKETLAB FUENLABRADA,False
5196,MOVISTAR ESTUDIANTES,6,10.565,38.867,False,8,PROBASKETLAB FUENLABRADA,False
5197,MOVISTAR ESTUDIANTES,9,7.5531,43.59,True,8,PROBASKETLAB FUENLABRADA,False
5198,MOVISTAR ESTUDIANTES,9,10.811,61.054,False,8,PROBASKETLAB FUENLABRADA,False
5199,MOVISTAR ESTUDIANTES,7,9.9505,42.821,True,8,PROBASKETLAB FUENLABRADA,False
5200,MOVISTAR ESTUDIANTES,22,10.749,55.562,True,8,PROBASKETLAB FUENLABRADA,False
5201,MOVISTAR ESTUDIANTES,9,12.2865,47.21,True,8,PROBASKETLAB FUENLABRADA,False
5202,MOVISTAR ESTUDIANTES,8,29.92919999999999,11.627,True,8,PROBASKETLAB FUENLABRADA,False
5203,MOVISTAR ESTUDIANTES,9,14.438,44.249,False,8,PROBASKETLAB FUENLABRADA,False
5204,MOVISTAR ESTUDIANTES,19,30.175,6.3547,False,8,PROBASKETLAB FUENLABRADA,False
5205,MOVISTAR ESTUDIANTES,2,35.215,41.393,False,8,PROBASKETLAB FUENLABRADA,False
5206,MOVISTAR ESTUDIANTES,7,22.429,6.5743,False,8,PROBASKETLAB FUENLABRADA,False
5207,MOVISTAR ESTUDIANTES,6,38.658,32.276,False,8,PROBASKETLAB FUENLABRADA,False
5208,MOVISTAR ESTUDIANTES,8,10.565,57.869,True,8,PROBASKETLAB FUENLABRADA,False
5209,MOVISTAR ESTUDIANTES,8,26.363,90.162,False,8,PROBASKETLAB FUENLABRADA,False
5210,MOVISTAR ESTUDIANTES,8,11.61029999999999,44.578,True,8,PROBASKETLAB FUENLABRADA,False
5211,MOVISTAR ESTUDIANTES,9,11.11849999999999,41.832,False,8,PROBASKETLAB FUENLABRADA,False
5212,MOVISTAR ESTUDIANTES,6,40.994,77.091,False,8,PROBASKETLAB FUENLABRADA,False
5213,MOVISTAR ESTUDIANTES,22,11.057,46.665,False,8,PROBASKETLAB FUENLABRADA,False
5214,MOVISTAR ESTUDIANTES,2,8.41379999999999,44.359,True,8,PROBASKETLAB FUENLABRADA,False
5215,MOVISTAR ESTUDIANTES,7,28.2694,90.601,False,8,PROBASKETLAB FUENLABRADA,False
5216,MOVISTAR ESTUDIANTES,25,34.662,10.858,True,8,PROBASKETLAB FUENLABRADA,False
5217,MOVISTAR ESTUDIANTES,2,38.166,17.009,False,8,PROBASKETLAB FUENLABRADA,False
5218,MOVISTAR ESTUDIANTES,6,10.688,52.597,True,8,PROBASKETLAB FUENLABRADA,False
5219,MOVISTAR ESTUDIANTES,25,33.924,9.7597,True,8,PROBASKETLAB FUENLABRADA,False
5220,MOVISTAR ESTUDIANTES,6,8.04489999999999,42.931,True,8,PROBASKETLAB FUENLABRADA,False
5221,MOVISTAR ESTUDIANTES,25,37.674,51.059,False,8,PROBASKETLAB FUENLABRADA,False
5222,MOVISTAR ESTUDIANTES,9,8.41379999999999,41.723,True,8,PROBASKETLAB FUENLABRADA,False
5223,MOVISTAR ESTUDIANTES,6,39.211,56.112,True,8,PROBASKETLAB FUENLABRADA,False
5224,MOVISTAR ESTUDIANTES,6,39.395,69.622,False,8,PROBASKETLAB FUENLABRADA,False
5225,MOVISTAR ESTUDIANTES,6,32.8799,17.558,True,8,PROBASKETLAB FUENLABRADA,False
5226,MOVISTAR ESTUDIANTES,11,20.954,48.533,True,8,PROBASKETLAB FUENLABRADA,False
5227,MOVISTAR ESTUDIANTES,2,14.192,62.592,False,8,PROBASKETLAB FUENLABRADA,False
5228,MOVISTAR ESTUDIANTES,7,29.375,14.482,False,8,PROBASKETLAB FUENLABRADA,False
5229,MOVISTAR ESTUDIANTES,7,11.671,56.99,False,8,PROBASKETLAB FUENLABRADA,False
5230,SUMIALKI CB CIUDAD DE MOSTOLES,4,29.971,20.544,False,8,BALONCESTO ALCALA,True
5231,SUMIALKI CB CIUDAD DE MOSTOLES,12,28.91,20.418,False,8,BALONCESTO ALCALA,True
5232,SUMIALKI CB CIUDAD DE MOSTOLES,29,7.193200000000004,3.277,False,8,BALONCESTO ALCALA,True
5233,SUMIALKI CB CIUDAD DE MOSTOLES,88,8.74469999999999,43.609,True,8,BALONCESTO ALCALA,True
5234,SUMIALKI CB CIUDAD DE MOSTOLES,13,22.28489999999999,9.957,True,8,BALONCESTO ALCALA,True
5235,SUMIALKI CB CIUDAD DE MOSTOLES,15,7.263,42.475,True,8,BALONCESTO ALCALA,True
5236,SUMIALKI CB CIUDAD DE MOSTOLES,20,9.8025,45.5,False,8,BALONCESTO ALCALA,True
5237,SUMIALKI CB CIUDAD DE MOSTOLES,29,8.8152,93.39,True,8,BALONCESTO ALCALA,True
5238,SUMIALKI CB CIUDAD DE MOSTOLES,4,12.48239999999999,40.71,True,8,BALONCESTO ALCALA,True
5239,SUMIALKI CB CIUDAD DE MOSTOLES,20,9.30889999999999,43.357,True,8,BALONCESTO ALCALA,True
5240,SUMIALKI CB CIUDAD DE MOSTOLES,29,8.67419999999999,43.861,True,8,BALONCESTO ALCALA,True
5241,SUMIALKI CB CIUDAD DE MOSTOLES,4,9.3794,48.52,True,8,BALONCESTO ALCALA,True
5242,SUMIALKI CB CIUDAD DE MOSTOLES,29,33.6389,45.752,False,8,BALONCESTO ALCALA,True
5243,SUMIALKI CB CIUDAD DE MOSTOLES,22,23.977,87.849,False,8,BALONCESTO ALCALA,True
5244,SUMIALKI CB CIUDAD DE MOSTOLES,15,6.0648,7.0581,False,8,BALONCESTO ALCALA,True
5245,SUMIALKI CB CIUDAD DE MOSTOLES,9,33.921,46.004,False,8,BALONCESTO ALCALA,True
5246,SUMIALKI CB CIUDAD DE MOSTOLES,9,13.32859999999999,41.34,False,8,BALONCESTO ALCALA,True
5247,SUMIALKI CB CIUDAD DE MOSTOLES,9,9.3794,41.34,True,8,BALONCESTO ALCALA,True
5248,SUMIALKI CB CIUDAD DE MOSTOLES,20,8.5331,61.885,False,8,BALONCESTO ALCALA,True
5249,SUMIALKI CB CIUDAD DE MOSTOLES,29,26.234,83.563,True,8,BALONCESTO ALCALA,True
5250,SUMIALKI CB CIUDAD DE MOSTOLES,4,27.2214,18.401,False,8,BALONCESTO ALCALA,True
5251,SUMIALKI CB CIUDAD DE MOSTOLES,88,28.772,16.0,True,8,BALONCESTO ALCALA,True
5252,SUMIALKI CB CIUDAD DE MOSTOLES,4,32.0169,29.11,False,8,BALONCESTO ALCALA,True
5253,SUMIALKI CB CIUDAD DE MOSTOLES,20,9.026,51.5,False,8,BALONCESTO ALCALA,True
5254,SUMIALKI CB CIUDAD DE MOSTOLES,88,8.392,57.97,False,8,BALONCESTO ALCALA,True
5255,SUMIALKI CB CIUDAD DE MOSTOLES,9,22.3554,88.857,False,8,BALONCESTO ALCALA,True
5256,SUMIALKI CB CIUDAD DE MOSTOLES,29,34.062,46.004,False,8,BALONCESTO ALCALA,True
5257,SUMIALKI CB CIUDAD DE MOSTOLES,4,8.18049999999999,43.483,True,8,BALONCESTO ALCALA,True
5258,SUMIALKI CB CIUDAD DE MOSTOLES,9,7.404,93.142,False,8,BALONCESTO ALCALA,True
5259,SUMIALKI CB CIUDAD DE MOSTOLES,88,11.35,55.583,False,8,BALONCESTO ALCALA,True
5260,SUMIALKI CB CIUDAD DE MOSTOLES,15,21.509,90.748,False,8,BALONCESTO ALCALA,True
5261,SUMIALKI CB CIUDAD DE MOSTOLES,15,11.424,92.386,False,8,BALONCESTO ALCALA,True
5262,SUMIALKI CB CIUDAD DE MOSTOLES,29,31.734,69.951,False,8,BALONCESTO ALCALA,True
5263,SUMIALKI CB CIUDAD DE MOSTOLES,12,33.921,58.608,False,8,BALONCESTO ALCALA,True
5264,SUMIALKI CB CIUDAD DE MOSTOLES,88,10.084,50.667,True,8,BALONCESTO ALCALA,True
5265,SUMIALKI CB CIUDAD DE MOSTOLES,12,9.2383,93.39,False,8,BALONCESTO ALCALA,True
5266,SUMIALKI CB CIUDAD DE MOSTOLES,4,11.777,41.592,False,8,BALONCESTO ALCALA,True
5267,SUMIALKI CB CIUDAD DE MOSTOLES,88,6.84059999999999,54.322,True,8,BALONCESTO ALCALA,True
5268,SUMIALKI CB CIUDAD DE MOSTOLES,4,9.0973,40.71,False,8,BALONCESTO ALCALA,True
5269,SUMIALKI CB CIUDAD DE MOSTOLES,20,8.392,61.002,False,8,BALONCESTO ALCALA,True
5270,SUMIALKI CB CIUDAD DE MOSTOLES,12,9.026,63.145,True,8,BALONCESTO ALCALA,True
5271,SUMIALKI CB CIUDAD DE MOSTOLES,29,19.252,49.533,True,8,BALONCESTO ALCALA,True
5272,SUMIALKI CB CIUDAD DE MOSTOLES,20,9.873,45.626,True,8,BALONCESTO ALCALA,True
5273,SUMIALKI CB CIUDAD DE MOSTOLES,29,7.263,57.725,False,8,BALONCESTO ALCALA,True
5274,SUMIALKI CB CIUDAD DE MOSTOLES,20,10.225,64.53,False,8,BALONCESTO ALCALA,True
5275,SUMIALKI CB CIUDAD DE MOSTOLES,12,16.784,35.795,False,8,BALONCESTO ALCALA,True
5276,SUMIALKI CB CIUDAD DE MOSTOLES,4,7.3342,55.331,True,8,BALONCESTO ALCALA,True
5277,SUMIALKI CB CIUDAD DE MOSTOLES,25,26.6573,20.04,True,8,BALONCESTO ALCALA,True
5278,SUMIALKI CB CIUDAD DE MOSTOLES,20,9.0973,40.71,True,8,BALONCESTO ALCALA,True
5279,SUMIALKI CB CIUDAD DE MOSTOLES,22,10.225,68.817,False,8,BALONCESTO ALCALA,True
5280,SUMIALKI CB CIUDAD DE MOSTOLES,4,24.18899999999999,12.477,True,8,BALONCESTO ALCALA,True
5281,SUMIALKI CB CIUDAD DE MOSTOLES,88,19.252,32.1,True,8,BALONCESTO ALCALA,True
5282,SUMIALKI CB CIUDAD DE MOSTOLES,20,9.3794,42.853,False,8,BALONCESTO ALCALA,True
5283,SUMIALKI CB CIUDAD DE MOSTOLES,12,9.4499,54.448,True,8,BALONCESTO ALCALA,True
5284,SUMIALKI CB CIUDAD DE MOSTOLES,12,7.263,57.725,True,8,BALONCESTO ALCALA,True
5285,SUMIALKI CB CIUDAD DE MOSTOLES,20,9.2383,47.642,True,8,BALONCESTO ALCALA,True
5286,SUMIALKI CB CIUDAD DE MOSTOLES,9,33.568,59.742,True,8,BALONCESTO ALCALA,True
5287,SUMIALKI CB CIUDAD DE MOSTOLES,29,28.631,18.023,False,8,BALONCESTO ALCALA,True
5288,SUMIALKI CB CIUDAD DE MOSTOLES,29,16.85469999999999,72.598,True,8,BALONCESTO ALCALA,True
5289,SUMIALKI CB CIUDAD DE MOSTOLES,9,8.8858,1.3864,False,8,BALONCESTO ALCALA,True
5290,SUMIALKI CB CIUDAD DE MOSTOLES,12,11.14249999999999,69.447,False,8,BALONCESTO ALCALA,True
5291,SUMIALKI CB CIUDAD DE MOSTOLES,4,20.38079999999999,4.2853,False,8,BALONCESTO ALCALA,True
5292,SUMIALKI CB CIUDAD DE MOSTOLES,9,33.92,51.171,True,8,BALONCESTO ALCALA,True
5293,SUMIALKI CB CIUDAD DE MOSTOLES,29,8.8152,54.448,False,8,BALONCESTO ALCALA,True
5294,SUMIALKI CB CIUDAD DE MOSTOLES,20,10.225,44.995,True,8,BALONCESTO ALCALA,True
5295,BALONCESTO ALCALA,8,9.026,47.516,True,8,SUMIALKI CB CIUDAD DE MOSTOLES,False
5296,BALONCESTO ALCALA,91,12.764,37.055,True,8,SUMIALKI CB CIUDAD DE MOSTOLES,False
5297,BALONCESTO ALCALA,4,8.46259999999999,38.063,True,8,SUMIALKI CB CIUDAD DE MOSTOLES,False
5298,BALONCESTO ALCALA,19,16.2,4.9155,False,8,SUMIALKI CB CIUDAD DE MOSTOLES,False
5299,BALONCESTO ALCALA,19,23.483,84.068,False,8,SUMIALKI CB CIUDAD DE MOSTOLES,False
5300,BALONCESTO ALCALA,31,11.98869999999999,54.07,True,8,SUMIALKI CB CIUDAD DE MOSTOLES,False
5301,BALONCESTO ALCALA,3,8.8858,56.591,False,8,SUMIALKI CB CIUDAD DE MOSTOLES,False
5302,BALONCESTO ALCALA,4,7.61639999999999,92.89,False,8,SUMIALKI CB CIUDAD DE MOSTOLES,False
5303,BALONCESTO ALCALA,8,8.392,82.555,False,8,SUMIALKI CB CIUDAD DE MOSTOLES,False
5304,BALONCESTO ALCALA,10,33.3568,43.357,False,8,SUMIALKI CB CIUDAD DE MOSTOLES,False
5305,BALONCESTO ALCALA,4,8.251,44.743,False,8,SUMIALKI CB CIUDAD DE MOSTOLES,False
5306,BALONCESTO ALCALA,19,20.733,92.386,True,8,SUMIALKI CB CIUDAD DE MOSTOLES,False
5307,BALONCESTO ALCALA,14,8.3216,55.835,False,8,SUMIALKI CB CIUDAD DE MOSTOLES,False
5308,BALONCESTO ALCALA,91,9.3088,48.02,True,8,SUMIALKI CB CIUDAD DE MOSTOLES,False
5309,BALONCESTO ALCALA,19,7.827,94.277,True,8,SUMIALKI CB CIUDAD DE MOSTOLES,False
5310,BALONCESTO ALCALA,8,22.637,28.736,False,8,SUMIALKI CB CIUDAD DE MOSTOLES,False
5311,BALONCESTO ALCALA,8,8.46259999999999,62.893,False,8,SUMIALKI CB CIUDAD DE MOSTOLES,False
5312,BALONCESTO ALCALA,19,24.2595,30.879,True,8,SUMIALKI CB CIUDAD DE MOSTOLES,False
5313,BALONCESTO ALCALA,3,8.8152,52.306,True,8,SUMIALKI CB CIUDAD DE MOSTOLES,False
5314,BALONCESTO ALCALA,12,19.252,91.0,True,8,SUMIALKI CB CIUDAD DE MOSTOLES,False
5315,BALONCESTO ALCALA,4,4.7249,95.159,False,8,SUMIALKI CB CIUDAD DE MOSTOLES,False
5316,BALONCESTO ALCALA,4,8.1805,96.79,False,8,SUMIALKI CB CIUDAD DE MOSTOLES,False
5317,BALONCESTO ALCALA,12,9.449,4.5374,True,8,SUMIALKI CB CIUDAD DE MOSTOLES,False
5318,BALONCESTO ALCALA,19,13.187,79.782,False,8,SUMIALKI CB CIUDAD DE MOSTOLES,False
5319,BALONCESTO ALCALA,12,6.55849999999999,52.684,False,8,SUMIALKI CB CIUDAD DE MOSTOLES,False
5320,BALONCESTO ALCALA,4,28.8434,71.842,False,8,SUMIALKI CB CIUDAD DE MOSTOLES,False
5321,BALONCESTO ALCALA,12,8.3215,56.213,True,8,SUMIALKI CB CIUDAD DE MOSTOLES,False
5322,BALONCESTO ALCALA,14,8.251,51.423,True,8,SUMIALKI CB CIUDAD DE MOSTOLES,False
5323,BALONCESTO ALCALA,19,21.7913,8.066,False,8,SUMIALKI CB CIUDAD DE MOSTOLES,False
5324,BALONCESTO ALCALA,12,28.984,17.897,False,8,SUMIALKI CB CIUDAD DE MOSTOLES,False
5325,BALONCESTO ALCALA,31,13.32859999999999,80.79,False,8,SUMIALKI CB CIUDAD DE MOSTOLES,False
5326,BALONCESTO ALCALA,3,33.356,53.062,False,8,SUMIALKI CB CIUDAD DE MOSTOLES,False
5327,BALONCESTO ALCALA,91,9.5204,58.86,True,8,SUMIALKI CB CIUDAD DE MOSTOLES,False
5328,BALONCESTO ALCALA,12,6.9111,55.457,True,8,SUMIALKI CB CIUDAD DE MOSTOLES,False
5329,BALONCESTO ALCALA,19,8.18049999999999,50.919,True,8,SUMIALKI CB CIUDAD DE MOSTOLES,False
5330,BALONCESTO ALCALA,12,8.18049999999999,57.851,False,8,SUMIALKI CB CIUDAD DE MOSTOLES,False
5331,BALONCESTO ALCALA,19,12.059,66.044,False,8,SUMIALKI CB CIUDAD DE MOSTOLES,False
5332,BALONCESTO ALCALA,14,26.445,17.141,True,8,SUMIALKI CB CIUDAD DE MOSTOLES,False
5333,BALONCESTO ALCALA,19,12.411,5.5457,False,8,SUMIALKI CB CIUDAD DE MOSTOLES,False
5334,BALONCESTO ALCALA,8,14.033,42.979,False,8,SUMIALKI CB CIUDAD DE MOSTOLES,False
5335,BALONCESTO ALCALA,31,11.49509999999999,46.886,True,8,SUMIALKI CB CIUDAD DE MOSTOLES,False
5336,BALONCESTO ALCALA,14,7.3342,54.196,True,8,SUMIALKI CB CIUDAD DE MOSTOLES,False
5337,BALONCESTO ALCALA,19,31.593,63.397,False,8,SUMIALKI CB CIUDAD DE MOSTOLES,False
5338,BALONCESTO ALCALA,12,12.27,44.113,True,8,SUMIALKI CB CIUDAD DE MOSTOLES,False
5339,BALONCESTO ALCALA,10,8.5331,54.7,True,8,SUMIALKI CB CIUDAD DE MOSTOLES,False
5340,BALONCESTO ALCALA,12,8.11,44.995,False,8,SUMIALKI CB CIUDAD DE MOSTOLES,False
5341,BALONCESTO ALCALA,12,35.472,37.937,False,8,SUMIALKI CB CIUDAD DE MOSTOLES,False
5342,BALONCESTO ALCALA,3,13.258,61.002,False,8,SUMIALKI CB CIUDAD DE MOSTOLES,False
5343,BALONCESTO ALCALA,4,25.81,80.412,False,8,SUMIALKI CB CIUDAD DE MOSTOLES,False
5344,BALONCESTO ALCALA,31,8.392,41.592,False,8,SUMIALKI CB CIUDAD DE MOSTOLES,False
5345,BALONCESTO ALCALA,13,7.9689,48.777,True,8,SUMIALKI CB CIUDAD DE MOSTOLES,False
5346,BALONCESTO ALCALA,12,29.196,24.073,False,8,SUMIALKI CB CIUDAD DE MOSTOLES,False
5347,BALONCESTO ALCALA,91,5.2891,56.717,False,8,SUMIALKI CB CIUDAD DE MOSTOLES,False
5348,BALONCESTO ALCALA,10,9.3088,43.105,False,8,SUMIALKI CB CIUDAD DE MOSTOLES,False
5349,BALONCESTO ALCALA,14,10.36669999999999,40.206,False,8,SUMIALKI CB CIUDAD DE MOSTOLES,False
5350,BALONCESTO ALCALA,13,11.071,50.037,True,8,SUMIALKI CB CIUDAD DE MOSTOLES,False
5351,BALONCESTO ALCALA,31,8.392,54.7,True,8,SUMIALKI CB CIUDAD DE MOSTOLES,False
5352,BALONCESTO ALCALA,19,33.0747,49.533,False,8,SUMIALKI CB CIUDAD DE MOSTOLES,False
5353,BALONCESTO ALCALA,91,8.25109999999999,58.86,False,8,SUMIALKI CB CIUDAD DE MOSTOLES,False
5354,BALONCESTO ALCALA,10,12.1298,90.622,False,8,SUMIALKI CB CIUDAD DE MOSTOLES,False
5355,BALONCESTO ALCALA,31,11.70659999999999,47.894,True,8,SUMIALKI CB CIUDAD DE MOSTOLES,False
5356,BALONCESTO ALCALA,14,9.9435,50.037,True,8,SUMIALKI CB CIUDAD DE MOSTOLES,False
5357,BALONCESTO ALCALA,12,8.11,95.033,True,8,SUMIALKI CB CIUDAD DE MOSTOLES,False
5358,BALONCESTO ALCALA,14,6.4174,54.196,True,8,SUMIALKI CB CIUDAD DE MOSTOLES,False
5359,BALONCESTO ALCALA,91,22.99,12.225,False,8,SUMIALKI CB CIUDAD DE MOSTOLES,False
5360,BALONCESTO ALCALA,8,6.06489999999999,80.53,True,8,SUMIALKI CB CIUDAD DE MOSTOLES,False
5361,BALONCESTO ALCALA,4,9.59099999999999,35.921,False,8,SUMIALKI CB CIUDAD DE MOSTOLES,False
5362,BALONCESTO ALCALA,10,8.9562,57.97,True,8,SUMIALKI CB CIUDAD DE MOSTOLES,False
5363,BALONCESTO ALCALA,4,10.64879999999999,4.0332,False,8,SUMIALKI CB CIUDAD DE MOSTOLES,False
5364,BALONCESTO ALCALA,8,8.11,42.853,True,8,SUMIALKI CB CIUDAD DE MOSTOLES,False
5365,BALONCESTO ALCALA,19,7.545,65.162,False,8,SUMIALKI CB CIUDAD DE MOSTOLES,False
5366,TOBARRA CB,7,16.36109999999999,26.72,False,9,PROBASKETLAB FUENLABRADA,True
5367,TOBARRA CB,31,11.5656,50.793,True,9,PROBASKETLAB FUENLABRADA,True
5368,TOBARRA CB,31,8.95629999999999,49.659,True,9,PROBASKETLAB FUENLABRADA,True
5369,TOBARRA CB,3,28.067,74.741,True,9,PROBASKETLAB FUENLABRADA,True
5370,TOBARRA CB,32,32.44,55.205,False,9,PROBASKETLAB FUENLABRADA,True
5371,TOBARRA CB,0,11.071,47.264,False,9,PROBASKETLAB FUENLABRADA,True
5372,TOBARRA CB,32,6.9816,53.818,True,9,PROBASKETLAB FUENLABRADA,True
5373,TOBARRA CB,0,11.14249999999999,27.602,True,9,PROBASKETLAB FUENLABRADA,True
5374,TOBARRA CB,3,12.9055,49.029,True,9,PROBASKETLAB FUENLABRADA,True
5375,TOBARRA CB,21,12.83,55.457,True,9,PROBASKETLAB FUENLABRADA,True
5376,TOBARRA CB,21,9.3794,55.583,True,9,PROBASKETLAB FUENLABRADA,True
5377,TOBARRA CB,31,11.35,51.045,True,9,PROBASKETLAB FUENLABRADA,True
5378,TOBARRA CB,0,29.478,82.177,False,9,PROBASKETLAB FUENLABRADA,True
5379,TOBARRA CB,26,8.0394,58.86,False,9,PROBASKETLAB FUENLABRADA,True
5380,TOBARRA CB,32,9.52049999999999,50.541,True,9,PROBASKETLAB FUENLABRADA,True
5381,TOBARRA CB,32,15.232,54.07,False,9,PROBASKETLAB FUENLABRADA,True
5382,TOBARRA CB,0,13.187,71.59,False,9,PROBASKETLAB FUENLABRADA,True
5383,TOBARRA CB,31,10.4372,48.27,False,9,PROBASKETLAB FUENLABRADA,True
5384,TOBARRA CB,32,8.6036,54.82,True,9,PROBASKETLAB FUENLABRADA,True
5385,TOBARRA CB,0,10.578,45.24,False,9,PROBASKETLAB FUENLABRADA,True
5386,TOBARRA CB,0,36.6,50.037,False,9,PROBASKETLAB FUENLABRADA,True
5387,TOBARRA CB,3,10.719,53.44,True,9,PROBASKETLAB FUENLABRADA,True
5388,TOBARRA CB,3,32.722,60.498,False,9,PROBASKETLAB FUENLABRADA,True
5389,TOBARRA CB,3,17.489,47.39,False,9,PROBASKETLAB FUENLABRADA,True
5390,TOBARRA CB,0,8.392,46.886,True,9,PROBASKETLAB FUENLABRADA,True
5391,TOBARRA CB,0,10.719,51.297,True,9,PROBASKETLAB FUENLABRADA,True
5392,TOBARRA CB,34,12.1298,53.944,False,9,PROBASKETLAB FUENLABRADA,True
5393,TOBARRA CB,32,11.8477,45.752,False,9,PROBASKETLAB FUENLABRADA,True
5394,TOBARRA CB,0,24.541,88.605,False,9,PROBASKETLAB FUENLABRADA,True
5395,TOBARRA CB,3,28.984,83.059,True,9,PROBASKETLAB FUENLABRADA,True
5396,TOBARRA CB,7,10.93,51.5,True,9,PROBASKETLAB FUENLABRADA,True
5397,TOBARRA CB,21,9.5909,47.642,False,9,PROBASKETLAB FUENLABRADA,True
5398,TOBARRA CB,34,10.578,54.7,True,9,PROBASKETLAB FUENLABRADA,True
5399,TOBARRA CB,32,8.11,29.367,False,9,PROBASKETLAB FUENLABRADA,True
5400,TOBARRA CB,32,6.84059999999999,6.8061,True,9,PROBASKETLAB FUENLABRADA,True
5401,TOBARRA CB,32,7.33429999999999,5.5457,True,9,PROBASKETLAB FUENLABRADA,True
5402,TOBARRA CB,0,30.677,78.018,False,9,PROBASKETLAB FUENLABRADA,True
5403,TOBARRA CB,31,10.578,45.24,True,9,PROBASKETLAB FUENLABRADA,True
5404,TOBARRA CB,3,10.789,58.986,True,9,PROBASKETLAB FUENLABRADA,True
5405,TOBARRA CB,34,9.73,52.054,False,9,PROBASKETLAB FUENLABRADA,True
5406,TOBARRA CB,0,9.1678,57.347,True,9,PROBASKETLAB FUENLABRADA,True
5407,TOBARRA CB,3,9.2383,45.12,False,9,PROBASKETLAB FUENLABRADA,True
5408,TOBARRA CB,28,21.08,93.64,False,9,PROBASKETLAB FUENLABRADA,True
5409,TOBARRA CB,32,12.2,53.062,False,9,PROBASKETLAB FUENLABRADA,True
5410,TOBARRA CB,7,9.026,52.684,True,9,PROBASKETLAB FUENLABRADA,True
5411,TOBARRA CB,3,8.9562,59.238,True,9,PROBASKETLAB FUENLABRADA,True
5412,TOBARRA CB,34,6.205,55.457,False,9,PROBASKETLAB FUENLABRADA,True
5413,TOBARRA CB,32,7.827,5.0415,True,9,PROBASKETLAB FUENLABRADA,True
5414,TOBARRA CB,3,13.32859999999999,23.569,False,9,PROBASKETLAB FUENLABRADA,True
5415,TOBARRA CB,31,8.6036,54.196,True,9,PROBASKETLAB FUENLABRADA,True
5416,TOBARRA CB,7,13.3991,52.936,False,9,PROBASKETLAB FUENLABRADA,True
5417,TOBARRA CB,3,33.215,54.574,True,9,PROBASKETLAB FUENLABRADA,True
5418,TOBARRA CB,3,5.43019999999999,94.025,True,9,PROBASKETLAB FUENLABRADA,True
5419,TOBARRA CB,3,23.483,90.874,True,9,PROBASKETLAB FUENLABRADA,True
5420,TOBARRA CB,3,30.042,85.832,False,9,PROBASKETLAB FUENLABRADA,True
5421,TOBARRA CB,0,8.67419999999999,53.188,False,9,PROBASKETLAB FUENLABRADA,True
5422,TOBARRA CB,7,7.68689999999999,38.56,False,9,PROBASKETLAB FUENLABRADA,True
5423,TOBARRA CB,28,11.2835,50.793,True,9,PROBASKETLAB FUENLABRADA,True
5424,TOBARRA CB,0,29.971,22.68,False,9,PROBASKETLAB FUENLABRADA,True
5425,TOBARRA CB,31,8.46259999999999,55.583,False,9,PROBASKETLAB FUENLABRADA,True
5426,TOBARRA CB,0,45.486,78.396,False,9,PROBASKETLAB FUENLABRADA,True
5427,TOBARRA CB,3,10.1551,48.02,True,9,PROBASKETLAB FUENLABRADA,True
5428,TOBARRA CB,3,33.074,57.851,True,9,PROBASKETLAB FUENLABRADA,True
5429,PROBASKETLAB FUENLABRADA,5,7.05219999999999,6.8061,True,9,TOBARRA CB,False
5430,PROBASKETLAB FUENLABRADA,7,29.478,84.95,False,9,TOBARRA CB,False
5431,PROBASKETLAB FUENLABRADA,14,10.014,51.802,True,9,TOBARRA CB,False
5432,PROBASKETLAB FUENLABRADA,13,28.984,80.034,True,9,TOBARRA CB,False
5433,PROBASKETLAB FUENLABRADA,13,32.722,64.027,False,9,TOBARRA CB,False
5434,PROBASKETLAB FUENLABRADA,10,21.65,93.268,False,9,TOBARRA CB,False
5435,PROBASKETLAB FUENLABRADA,14,31.17,24.955,True,9,TOBARRA CB,False
5436,PROBASKETLAB FUENLABRADA,8,7.89839999999999,52.558,True,9,TOBARRA CB,False
5437,PROBASKETLAB FUENLABRADA,10,11.706,53.692,False,9,TOBARRA CB,False
5438,PROBASKETLAB FUENLABRADA,7,24.118,13.99,False,9,TOBARRA CB,False
5439,PROBASKETLAB FUENLABRADA,10,8.8858,50.163,False,9,TOBARRA CB,False
5440,PROBASKETLAB FUENLABRADA,10,34.767,62.263,False,9,TOBARRA CB,False
5441,PROBASKETLAB FUENLABRADA,7,32.228,70.581,True,9,TOBARRA CB,False
5442,PROBASKETLAB FUENLABRADA,7,29.6192,23.821,False,9,TOBARRA CB,False
5443,PROBASKETLAB FUENLABRADA,11,6.06489999999999,47.642,True,9,TOBARRA CB,False
5444,PROBASKETLAB FUENLABRADA,13,26.586,89.487,False,9,TOBARRA CB,False
5445,PROBASKETLAB FUENLABRADA,13,31.734,34.66,True,9,TOBARRA CB,False
5446,PROBASKETLAB FUENLABRADA,2,10.93,58.86,False,9,TOBARRA CB,False
5447,PROBASKETLAB FUENLABRADA,7,7.05219999999999,95.033,True,9,TOBARRA CB,False
5448,PROBASKETLAB FUENLABRADA,7,7.7574,48.146,True,9,TOBARRA CB,False
5449,PROBASKETLAB FUENLABRADA,7,9.449,55.835,False,9,TOBARRA CB,False
5450,PROBASKETLAB FUENLABRADA,6,11.21,75.371,False,9,TOBARRA CB,False
5451,PROBASKETLAB FUENLABRADA,13,32.792,64.027,False,9,TOBARRA CB,False
5452,PROBASKETLAB FUENLABRADA,5,12.27,50.667,False,9,TOBARRA CB,False
5453,PROBASKETLAB FUENLABRADA,14,11.49509999999999,50.667,False,9,TOBARRA CB,False
5454,PROBASKETLAB FUENLABRADA,11,12.1298,54.322,True,9,TOBARRA CB,False
5455,PROBASKETLAB FUENLABRADA,8,14.104,48.02,False,9,TOBARRA CB,False
5456,PROBASKETLAB FUENLABRADA,7,11.7771,50.667,False,9,TOBARRA CB,False
5457,PROBASKETLAB FUENLABRADA,10,32.722,63.523,False,9,TOBARRA CB,False
5458,PROBASKETLAB FUENLABRADA,13,6.9111,6.9321,False,9,TOBARRA CB,False
5459,PROBASKETLAB FUENLABRADA,10,10.296,53.062,False,9,TOBARRA CB,False
5460,PROBASKETLAB FUENLABRADA,11,9.873,53.44,False,9,TOBARRA CB,False
5461,PROBASKETLAB FUENLABRADA,14,12.27079999999999,54.82,False,9,TOBARRA CB,False
5462,PROBASKETLAB FUENLABRADA,7,30.606,79.404,False,9,TOBARRA CB,False
5463,PROBASKETLAB FUENLABRADA,7,10.648,48.02,True,9,TOBARRA CB,False
5464,PROBASKETLAB FUENLABRADA,13,21.932,93.016,True,9,TOBARRA CB,False
5465,PROBASKETLAB FUENLABRADA,10,10.08459999999999,54.82,False,9,TOBARRA CB,False
5466,PROBASKETLAB FUENLABRADA,14,23.06,91.126,True,9,TOBARRA CB,False
5467,PROBASKETLAB FUENLABRADA,10,8.8152,47.264,False,9,TOBARRA CB,False
5468,PROBASKETLAB FUENLABRADA,10,10.366,58.356,False,9,TOBARRA CB,False
5469,PROBASKETLAB FUENLABRADA,10,22.42,91.378,True,9,TOBARRA CB,False
5470,PROBASKETLAB FUENLABRADA,10,8.25109999999999,57.473,True,9,TOBARRA CB,False
5471,PROBASKETLAB FUENLABRADA,14,9.1678,51.5,False,9,TOBARRA CB,False
5472,PROBASKETLAB FUENLABRADA,5,13.892,7.5623,False,9,TOBARRA CB,False
5473,PROBASKETLAB FUENLABRADA,13,26.516,89.235,False,9,TOBARRA CB,False
5474,PROBASKETLAB FUENLABRADA,10,28.42,86.084,True,9,TOBARRA CB,False
5475,PROBASKETLAB FUENLABRADA,6,16.29,77.009,True,9,TOBARRA CB,False
5476,PROBASKETLAB FUENLABRADA,13,5.21859999999999,58.86,False,9,TOBARRA CB,False
5477,PROBASKETLAB FUENLABRADA,7,8.18049999999999,55.331,False,9,TOBARRA CB,False
5478,PROBASKETLAB FUENLABRADA,5,25.317,92.638,False,9,TOBARRA CB,False
5479,PROBASKETLAB FUENLABRADA,7,23.6953,90.24,False,9,TOBARRA CB,False
5480,PROBASKETLAB FUENLABRADA,11,9.0973,50.037,True,9,TOBARRA CB,False
5481,PROBASKETLAB FUENLABRADA,14,7.89839999999999,52.054,True,9,TOBARRA CB,False
5482,PROBASKETLAB FUENLABRADA,5,27.433,88.227,False,9,TOBARRA CB,False
5483,PROBASKETLAB FUENLABRADA,10,10.014,44.995,True,9,TOBARRA CB,False
5484,PROBASKETLAB FUENLABRADA,14,10.296,50.541,True,9,TOBARRA CB,False
5485,PROBASKETLAB FUENLABRADA,14,9.3794,54.448,True,9,TOBARRA CB,False
5486,PROBASKETLAB FUENLABRADA,13,12.1298,96.545,False,9,TOBARRA CB,False
5487,PROBASKETLAB FUENLABRADA,5,12.905,55.583,True,9,TOBARRA CB,False
5488,PROBASKETLAB FUENLABRADA,11,44.781,23.317,False,9,TOBARRA CB,False
5489,CESUR DISTRITO OLIMPICO,12,8.25109999999999,36.299,False,9,SUMIALKI CB CIUDAD DE MOSTOLES,True
5490,CESUR DISTRITO OLIMPICO,16,36.389,19.4,True,9,SUMIALKI CB CIUDAD DE MOSTOLES,True
5491,CESUR DISTRITO OLIMPICO,16,15.79689999999999,59.742,True,9,SUMIALKI CB CIUDAD DE MOSTOLES,True
5492,CESUR DISTRITO OLIMPICO,10,10.789,74.23,True,9,SUMIALKI CB CIUDAD DE MOSTOLES,True
5493,CESUR DISTRITO OLIMPICO,15,10.155,67.8,True,9,SUMIALKI CB CIUDAD DE MOSTOLES,True
5494,CESUR DISTRITO OLIMPICO,2,14.033,57.851,False,9,SUMIALKI CB CIUDAD DE MOSTOLES,True
5495,CESUR DISTRITO OLIMPICO,2,32.51,27.98,False,9,SUMIALKI CB CIUDAD DE MOSTOLES,True
5496,CESUR DISTRITO OLIMPICO,14,15.303,34.282,True,9,SUMIALKI CB CIUDAD DE MOSTOLES,True
5497,CESUR DISTRITO OLIMPICO,2,22.99,46.256,False,9,SUMIALKI CB CIUDAD DE MOSTOLES,True
5498,CESUR DISTRITO OLIMPICO,18,9.732,72.724,False,9,SUMIALKI CB CIUDAD DE MOSTOLES,True
5499,CESUR DISTRITO OLIMPICO,16,33.0747,20.922,True,9,SUMIALKI CB CIUDAD DE MOSTOLES,True
5500,CESUR DISTRITO OLIMPICO,7,13.258,40.584,False,9,SUMIALKI CB CIUDAD DE MOSTOLES,True
5501,CESUR DISTRITO OLIMPICO,15,13.6812,49.785,True,9,SUMIALKI CB CIUDAD DE MOSTOLES,True
5502,CESUR DISTRITO OLIMPICO,33,35.472,67.8,False,9,SUMIALKI CB CIUDAD DE MOSTOLES,True
5503,CESUR DISTRITO OLIMPICO,41,21.509,92.008,False,9,SUMIALKI CB CIUDAD DE MOSTOLES,True
5504,CESUR DISTRITO OLIMPICO,16,15.021,36.803,True,9,SUMIALKI CB CIUDAD DE MOSTOLES,True
5505,CESUR DISTRITO OLIMPICO,14,7.6163,57.095,True,9,SUMIALKI CB CIUDAD DE MOSTOLES,True
5506,CESUR DISTRITO OLIMPICO,10,29.689,87.21,False,9,SUMIALKI CB CIUDAD DE MOSTOLES,True
5507,CESUR DISTRITO OLIMPICO,25,24.18899999999999,63.775,False,9,SUMIALKI CB CIUDAD DE MOSTOLES,True
5508,CESUR DISTRITO OLIMPICO,33,33.991,81.043,False,9,SUMIALKI CB CIUDAD DE MOSTOLES,True
5509,CESUR DISTRITO OLIMPICO,41,10.4372,66.8,True,9,SUMIALKI CB CIUDAD DE MOSTOLES,True
5510,CESUR DISTRITO OLIMPICO,10,10.014,61.25,False,9,SUMIALKI CB CIUDAD DE MOSTOLES,True
5511,CESUR DISTRITO OLIMPICO,12,12.693,59.616,True,9,SUMIALKI CB CIUDAD DE MOSTOLES,True
5512,CESUR DISTRITO OLIMPICO,33,14.033,57.851,False,9,SUMIALKI CB CIUDAD DE MOSTOLES,True
5513,CESUR DISTRITO OLIMPICO,33,15.23269999999999,62.515,False,9,SUMIALKI CB CIUDAD DE MOSTOLES,True
5514,CESUR DISTRITO OLIMPICO,10,10.4372,53.314,True,9,SUMIALKI CB CIUDAD DE MOSTOLES,True
5515,CESUR DISTRITO OLIMPICO,2,12.0592,94.025,False,9,SUMIALKI CB CIUDAD DE MOSTOLES,True
5516,CESUR DISTRITO OLIMPICO,10,19.6756,7.9404,False,9,SUMIALKI CB CIUDAD DE MOSTOLES,True
5517,CESUR DISTRITO OLIMPICO,41,36.036,66.296,False,9,SUMIALKI CB CIUDAD DE MOSTOLES,True
5518,CESUR DISTRITO OLIMPICO,14,13.399,52.558,True,9,SUMIALKI CB CIUDAD DE MOSTOLES,True
5519,CESUR DISTRITO OLIMPICO,33,33.6389,82.303,False,9,SUMIALKI CB CIUDAD DE MOSTOLES,True
5520,CESUR DISTRITO OLIMPICO,12,39.915,76.379,False,9,SUMIALKI CB CIUDAD DE MOSTOLES,True
5521,CESUR DISTRITO OLIMPICO,41,10.084,61.25,True,9,SUMIALKI CB CIUDAD DE MOSTOLES,True
5522,CESUR DISTRITO OLIMPICO,14,10.155,65.414,True,9,SUMIALKI CB CIUDAD DE MOSTOLES,True
5523,CESUR DISTRITO OLIMPICO,7,11.42449999999999,51.67,False,9,SUMIALKI CB CIUDAD DE MOSTOLES,True
5524,CESUR DISTRITO OLIMPICO,16,11.21299999999999,42.475,False,9,SUMIALKI CB CIUDAD DE MOSTOLES,True
5525,CESUR DISTRITO OLIMPICO,33,13.04649999999999,37.181,True,9,SUMIALKI CB CIUDAD DE MOSTOLES,True
5526,CESUR DISTRITO OLIMPICO,41,36.6,45.752,False,9,SUMIALKI CB CIUDAD DE MOSTOLES,True
5527,CESUR DISTRITO OLIMPICO,10,32.651,17.141,False,9,SUMIALKI CB CIUDAD DE MOSTOLES,True
5528,CESUR DISTRITO OLIMPICO,16,12.1298,66.17,True,9,SUMIALKI CB CIUDAD DE MOSTOLES,True
5529,CESUR DISTRITO OLIMPICO,2,21.72,93.268,False,9,SUMIALKI CB CIUDAD DE MOSTOLES,True
5530,CESUR DISTRITO OLIMPICO,14,10.2257,51.67,True,9,SUMIALKI CB CIUDAD DE MOSTOLES,True
5531,CESUR DISTRITO OLIMPICO,2,37.94,66.8,True,9,SUMIALKI CB CIUDAD DE MOSTOLES,True
5532,CESUR DISTRITO OLIMPICO,25,13.32859999999999,63.775,True,9,SUMIALKI CB CIUDAD DE MOSTOLES,True
5533,CESUR DISTRITO OLIMPICO,14,31.452,18.401,False,9,SUMIALKI CB CIUDAD DE MOSTOLES,True
5534,CESUR DISTRITO OLIMPICO,25,13.11709999999999,60.498,False,9,SUMIALKI CB CIUDAD DE MOSTOLES,True
5535,CESUR DISTRITO OLIMPICO,41,35.754,71.968,True,9,SUMIALKI CB CIUDAD DE MOSTOLES,True
5536,CESUR DISTRITO OLIMPICO,16,16.2,58.23,False,9,SUMIALKI CB CIUDAD DE MOSTOLES,True
5537,CESUR DISTRITO OLIMPICO,12,35.684,66.17,False,9,SUMIALKI CB CIUDAD DE MOSTOLES,True
5538,CESUR DISTRITO OLIMPICO,14,15.726,57.347,False,9,SUMIALKI CB CIUDAD DE MOSTOLES,True
5539,CESUR DISTRITO OLIMPICO,10,8.251,62.137,False,9,SUMIALKI CB CIUDAD DE MOSTOLES,True
5540,CESUR DISTRITO OLIMPICO,41,34.555,32.39,True,9,SUMIALKI CB CIUDAD DE MOSTOLES,True
5541,CESUR DISTRITO OLIMPICO,33,19.111,52.432,True,9,SUMIALKI CB CIUDAD DE MOSTOLES,True
5542,CESUR DISTRITO OLIMPICO,16,16.008,39.45,False,9,SUMIALKI CB CIUDAD DE MOSTOLES,True
5543,CESUR DISTRITO OLIMPICO,12,19.252,51.045,False,9,SUMIALKI CB CIUDAD DE MOSTOLES,True
5544,CESUR DISTRITO OLIMPICO,33,16.2,62.389,True,9,SUMIALKI CB CIUDAD DE MOSTOLES,True
5545,CESUR DISTRITO OLIMPICO,2,9.873,61.38,True,9,SUMIALKI CB CIUDAD DE MOSTOLES,True
5546,CESUR DISTRITO OLIMPICO,15,10.507,39.954,False,9,SUMIALKI CB CIUDAD DE MOSTOLES,True
5547,CESUR DISTRITO OLIMPICO,2,11.636,39.828,True,9,SUMIALKI CB CIUDAD DE MOSTOLES,True
5548,CESUR DISTRITO OLIMPICO,2,30.183,84.698,True,9,SUMIALKI CB CIUDAD DE MOSTOLES,True
5549,CESUR DISTRITO OLIMPICO,41,7.8279,55.961,False,9,SUMIALKI CB CIUDAD DE MOSTOLES,True
5550,CESUR DISTRITO OLIMPICO,14,12.2,30.879,True,9,SUMIALKI CB CIUDAD DE MOSTOLES,True
5551,CESUR DISTRITO OLIMPICO,16,15.514,39.828,False,9,SUMIALKI CB CIUDAD DE MOSTOLES,True
5552,CESUR DISTRITO OLIMPICO,33,10.5078,68.061,True,9,SUMIALKI CB CIUDAD DE MOSTOLES,True
5553,CESUR DISTRITO OLIMPICO,15,9.52049999999999,55.457,True,9,SUMIALKI CB CIUDAD DE MOSTOLES,True
5554,CESUR DISTRITO OLIMPICO,10,10.155,65.414,False,9,SUMIALKI CB CIUDAD DE MOSTOLES,True
5555,CESUR DISTRITO OLIMPICO,25,10.155,63.271,False,9,SUMIALKI CB CIUDAD DE MOSTOLES,True
5556,CESUR DISTRITO OLIMPICO,7,32.651,16.0,False,9,SUMIALKI CB CIUDAD DE MOSTOLES,True
5557,CESUR DISTRITO OLIMPICO,14,9.8025,68.187,True,9,SUMIALKI CB CIUDAD DE MOSTOLES,True
5558,CESUR DISTRITO OLIMPICO,7,10.36669999999999,58.356,True,9,SUMIALKI CB CIUDAD DE MOSTOLES,True
5559,CESUR DISTRITO OLIMPICO,10,12.341,61.633,True,9,SUMIALKI CB CIUDAD DE MOSTOLES,True
5560,CESUR DISTRITO OLIMPICO,10,35.331,44.113,False,9,SUMIALKI CB CIUDAD DE MOSTOLES,True
5561,CESUR DISTRITO OLIMPICO,16,29.971,13.234,False,9,SUMIALKI CB CIUDAD DE MOSTOLES,True
5562,CESUR DISTRITO OLIMPICO,14,6.9816,52.054,False,9,SUMIALKI CB CIUDAD DE MOSTOLES,True
5563,CESUR DISTRITO OLIMPICO,33,38.222,54.574,False,9,SUMIALKI CB CIUDAD DE MOSTOLES,True
5564,CESUR DISTRITO OLIMPICO,2,11.7771,39.702,True,9,SUMIALKI CB CIUDAD DE MOSTOLES,True
5565,SUMIALKI CB CIUDAD DE MOSTOLES,4,14.17489999999999,41.97,False,9,CESUR DISTRITO OLIMPICO,False
5566,SUMIALKI CB CIUDAD DE MOSTOLES,25,36.248,64.784,False,9,CESUR DISTRITO OLIMPICO,False
5567,SUMIALKI CB CIUDAD DE MOSTOLES,15,27.57,10.587,True,9,CESUR DISTRITO OLIMPICO,False
5568,SUMIALKI CB CIUDAD DE MOSTOLES,29,8.0394,93.899,True,9,CESUR DISTRITO OLIMPICO,False
5569,SUMIALKI CB CIUDAD DE MOSTOLES,88,13.61,44.617,True,9,CESUR DISTRITO OLIMPICO,False
5570,SUMIALKI CB CIUDAD DE MOSTOLES,13,12.27079999999999,63.145,False,9,CESUR DISTRITO OLIMPICO,False
5571,SUMIALKI CB CIUDAD DE MOSTOLES,15,10.648,62.767,False,9,CESUR DISTRITO OLIMPICO,False
5572,SUMIALKI CB CIUDAD DE MOSTOLES,9,11.988,34.156,True,9,CESUR DISTRITO OLIMPICO,False
5573,SUMIALKI CB CIUDAD DE MOSTOLES,29,37.16,70.329,False,9,CESUR DISTRITO OLIMPICO,False
5574,SUMIALKI CB CIUDAD DE MOSTOLES,13,35.754,20.418,False,9,CESUR DISTRITO OLIMPICO,False
5575,SUMIALKI CB CIUDAD DE MOSTOLES,25,31.875,17.897,False,9,CESUR DISTRITO OLIMPICO,False
5576,SUMIALKI CB CIUDAD DE MOSTOLES,25,14.17489999999999,44.491,False,9,CESUR DISTRITO OLIMPICO,False
5577,SUMIALKI CB CIUDAD DE MOSTOLES,13,13.751,41.34,False,9,CESUR DISTRITO OLIMPICO,False
5578,SUMIALKI CB CIUDAD DE MOSTOLES,4,12.83,39.828,True,9,CESUR DISTRITO OLIMPICO,False
5579,SUMIALKI CB CIUDAD DE MOSTOLES,20,14.315,63.775,False,9,CESUR DISTRITO OLIMPICO,False
5580,SUMIALKI CB CIUDAD DE MOSTOLES,9,35.472,62.389,True,9,CESUR DISTRITO OLIMPICO,False
5581,SUMIALKI CB CIUDAD DE MOSTOLES,88,31.8054,74.867,False,9,CESUR DISTRITO OLIMPICO,False
5582,SUMIALKI CB CIUDAD DE MOSTOLES,88,12.341,93.016,False,9,CESUR DISTRITO OLIMPICO,False
5583,SUMIALKI CB CIUDAD DE MOSTOLES,9,9.59099999999999,84.95,False,9,CESUR DISTRITO OLIMPICO,False
5584,SUMIALKI CB CIUDAD DE MOSTOLES,9,30.888,80.412,True,9,CESUR DISTRITO OLIMPICO,False
5585,SUMIALKI CB CIUDAD DE MOSTOLES,4,7.5458,32.39,False,9,CESUR DISTRITO OLIMPICO,False
5586,SUMIALKI CB CIUDAD DE MOSTOLES,20,12.27079999999999,64.784,False,9,CESUR DISTRITO OLIMPICO,False
5587,SUMIALKI CB CIUDAD DE MOSTOLES,9,14.95,27.476,True,9,CESUR DISTRITO OLIMPICO,False
5588,SUMIALKI CB CIUDAD DE MOSTOLES,88,12.905,64.53,False,9,CESUR DISTRITO OLIMPICO,False
5589,SUMIALKI CB CIUDAD DE MOSTOLES,15,16.502,54.07,False,9,CESUR DISTRITO OLIMPICO,False
5590,SUMIALKI CB CIUDAD DE MOSTOLES,88,31.875,17.897,False,9,CESUR DISTRITO OLIMPICO,False
5591,SUMIALKI CB CIUDAD DE MOSTOLES,29,33.568,20.922,True,9,CESUR DISTRITO OLIMPICO,False
5592,SUMIALKI CB CIUDAD DE MOSTOLES,13,7.61639999999999,93.39,False,9,CESUR DISTRITO OLIMPICO,False
5593,SUMIALKI CB CIUDAD DE MOSTOLES,12,38.928,79.404,False,9,CESUR DISTRITO OLIMPICO,False
5594,SUMIALKI CB CIUDAD DE MOSTOLES,4,10.578,45.626,False,9,CESUR DISTRITO OLIMPICO,False
5595,SUMIALKI CB CIUDAD DE MOSTOLES,9,31.946,22.308,False,9,CESUR DISTRITO OLIMPICO,False
5596,SUMIALKI CB CIUDAD DE MOSTOLES,29,10.084,59.238,True,9,CESUR DISTRITO OLIMPICO,False
5597,SUMIALKI CB CIUDAD DE MOSTOLES,6,33.286,22.308,False,9,CESUR DISTRITO OLIMPICO,False
5598,SUMIALKI CB CIUDAD DE MOSTOLES,88,9.449,94.403,True,9,CESUR DISTRITO OLIMPICO,False
5599,SUMIALKI CB CIUDAD DE MOSTOLES,9,9.5909,64.65,True,9,CESUR DISTRITO OLIMPICO,False
5600,SUMIALKI CB CIUDAD DE MOSTOLES,13,10.93089999999999,69.951,False,9,CESUR DISTRITO OLIMPICO,False
5601,SUMIALKI CB CIUDAD DE MOSTOLES,29,30.818,86.588,False,9,CESUR DISTRITO OLIMPICO,False
5602,SUMIALKI CB CIUDAD DE MOSTOLES,15,36.248,63.145,False,9,CESUR DISTRITO OLIMPICO,False
5603,SUMIALKI CB CIUDAD DE MOSTOLES,39,35.26,21.048,False,9,CESUR DISTRITO OLIMPICO,False
5604,SUMIALKI CB CIUDAD DE MOSTOLES,12,11.495,56.591,False,9,CESUR DISTRITO OLIMPICO,False
5605,SUMIALKI CB CIUDAD DE MOSTOLES,9,27.926,9.831,False,9,CESUR DISTRITO OLIMPICO,False
5606,SUMIALKI CB CIUDAD DE MOSTOLES,88,18.899,44.491,False,9,CESUR DISTRITO OLIMPICO,False
5607,SUMIALKI CB CIUDAD DE MOSTOLES,9,14.59,70.581,False,9,CESUR DISTRITO OLIMPICO,False
5608,SUMIALKI CB CIUDAD DE MOSTOLES,29,13.258,66.422,False,9,CESUR DISTRITO OLIMPICO,False
5609,SUMIALKI CB CIUDAD DE MOSTOLES,29,34.062,31.635,True,9,CESUR DISTRITO OLIMPICO,False
5610,SUMIALKI CB CIUDAD DE MOSTOLES,9,7.5458,32.39,True,9,CESUR DISTRITO OLIMPICO,False
5611,SUMIALKI CB CIUDAD DE MOSTOLES,12,18.75879999999999,66.296,False,9,CESUR DISTRITO OLIMPICO,False
5612,SUMIALKI CB CIUDAD DE MOSTOLES,9,33.85,68.943,False,9,CESUR DISTRITO OLIMPICO,False
5613,SUMIALKI CB CIUDAD DE MOSTOLES,88,10.437,63.523,True,9,CESUR DISTRITO OLIMPICO,False
5614,SUMIALKI CB CIUDAD DE MOSTOLES,12,33.1453,81.673,False,9,CESUR DISTRITO OLIMPICO,False
5615,SUMIALKI CB CIUDAD DE MOSTOLES,25,41.325,53.188,False,9,CESUR DISTRITO OLIMPICO,False
5616,SUMIALKI CB CIUDAD DE MOSTOLES,39,13.469,40.332,True,9,CESUR DISTRITO OLIMPICO,False
5617,SUMIALKI CB CIUDAD DE MOSTOLES,4,31.311,80.286,False,9,CESUR DISTRITO OLIMPICO,False
5618,SUMIALKI CB CIUDAD DE MOSTOLES,88,29.971,13.234,False,9,CESUR DISTRITO OLIMPICO,False
5619,SUMIALKI CB CIUDAD DE MOSTOLES,88,19.675,2.6468,False,9,CESUR DISTRITO OLIMPICO,False
5620,SUMIALKI CB CIUDAD DE MOSTOLES,20,18.265,42.475,True,9,CESUR DISTRITO OLIMPICO,False
5621,SUMIALKI CB CIUDAD DE MOSTOLES,9,9.167,42.475,False,9,CESUR DISTRITO OLIMPICO,False
5622,SUMIALKI CB CIUDAD DE MOSTOLES,88,16.64319999999999,69.447,False,9,CESUR DISTRITO OLIMPICO,False
5623,SUMIALKI CB CIUDAD DE MOSTOLES,20,14.88,77.766,False,9,CESUR DISTRITO OLIMPICO,False
5624,SUMIALKI CB CIUDAD DE MOSTOLES,4,9.238,49.029,True,9,CESUR DISTRITO OLIMPICO,False
5625,SUMIALKI CB CIUDAD DE MOSTOLES,9,33.7,29.871,True,9,CESUR DISTRITO OLIMPICO,False
5626,SUMIALKI CB CIUDAD DE MOSTOLES,4,10.36669999999999,41.718,True,9,CESUR DISTRITO OLIMPICO,False
5627,SUMIALKI CB CIUDAD DE MOSTOLES,9,11.8477,58.986,False,9,CESUR DISTRITO OLIMPICO,False
5628,SUMIALKI CB CIUDAD DE MOSTOLES,20,12.552,37.055,True,9,CESUR DISTRITO OLIMPICO,False
5629,SUMIALKI CB CIUDAD DE MOSTOLES,4,35.543,20.418,False,9,CESUR DISTRITO OLIMPICO,False
5630,SUMIALKI CB CIUDAD DE MOSTOLES,39,35.895,60.372,False,9,CESUR DISTRITO OLIMPICO,False
5631,NÁUTICO TENERIFE,3,21.509,90.3,False,9,C.D. BASKET GLOBALCAJA QUINTANAR,True
5632,NÁUTICO TENERIFE,23,6.27639999999999,39.198,True,9,C.D. BASKET GLOBALCAJA QUINTANAR,True
5633,NÁUTICO TENERIFE,5,7.1227,47.642,True,9,C.D. BASKET GLOBALCAJA QUINTANAR,True
5634,NÁUTICO TENERIFE,51,10.1551,27.98,False,9,C.D. BASKET GLOBALCAJA QUINTANAR,True
5635,NÁUTICO TENERIFE,51,4.7954,47.894,True,9,C.D. BASKET GLOBALCAJA QUINTANAR,True
5636,NÁUTICO TENERIFE,51,7.263,39.324,True,9,C.D. BASKET GLOBALCAJA QUINTANAR,True
5637,NÁUTICO TENERIFE,51,4.2313,43.105,False,9,C.D. BASKET GLOBALCAJA QUINTANAR,True
5638,NÁUTICO TENERIFE,5,18.5472,68.565,False,9,C.D. BASKET GLOBALCAJA QUINTANAR,True
5639,NÁUTICO TENERIFE,7,26.6573,80.66,False,9,C.D. BASKET GLOBALCAJA QUINTANAR,True
5640,NÁUTICO TENERIFE,23,28.561,88.605,False,9,C.D. BASKET GLOBALCAJA QUINTANAR,True
5641,NÁUTICO TENERIFE,1,13.258,54.82,False,9,C.D. BASKET GLOBALCAJA QUINTANAR,True
5642,NÁUTICO TENERIFE,15,5.148,50.037,True,9,C.D. BASKET GLOBALCAJA QUINTANAR,True
5643,NÁUTICO TENERIFE,5,11.21,37.307,False,9,C.D. BASKET GLOBALCAJA QUINTANAR,True
5644,NÁUTICO TENERIFE,1,15.162,36.929,True,9,C.D. BASKET GLOBALCAJA QUINTANAR,True
5645,NÁUTICO TENERIFE,15,23.695,25.83,False,9,C.D. BASKET GLOBALCAJA QUINTANAR,True
5646,NÁUTICO TENERIFE,23,17.98309999999999,92.764,False,9,C.D. BASKET GLOBALCAJA QUINTANAR,True
5647,NÁUTICO TENERIFE,23,39.28,16.763,False,9,C.D. BASKET GLOBALCAJA QUINTANAR,True
5648,NÁUTICO TENERIFE,5,11.001,64.4,False,9,C.D. BASKET GLOBALCAJA QUINTANAR,True
5649,NÁUTICO TENERIFE,39,8.74469999999999,39.828,True,9,C.D. BASKET GLOBALCAJA QUINTANAR,True
5650,NÁUTICO TENERIFE,5,4.86,51.802,True,9,C.D. BASKET GLOBALCAJA QUINTANAR,True
5651,NÁUTICO TENERIFE,5,5.0776,42.475,False,9,C.D. BASKET GLOBALCAJA QUINTANAR,True
5652,NÁUTICO TENERIFE,1,30.042,23.443,True,9,C.D. BASKET GLOBALCAJA QUINTANAR,True
5653,NÁUTICO TENERIFE,5,4.72499999999999,49.785,True,9,C.D. BASKET GLOBALCAJA QUINTANAR,True
5654,NÁUTICO TENERIFE,39,9.9435,37.055,False,9,C.D. BASKET GLOBALCAJA QUINTANAR,True
5655,NÁUTICO TENERIFE,3,8.8857,35.921,False,9,C.D. BASKET GLOBALCAJA QUINTANAR,True
5656,NÁUTICO TENERIFE,3,18.335,25.081,False,9,C.D. BASKET GLOBALCAJA QUINTANAR,True
5657,NÁUTICO TENERIFE,13,22.637,92.764,False,9,C.D. BASKET GLOBALCAJA QUINTANAR,True
5658,NÁUTICO TENERIFE,5,26.798,47.39,True,9,C.D. BASKET GLOBALCAJA QUINTANAR,True
5659,NÁUTICO TENERIFE,5,24.5416,81.673,False,9,C.D. BASKET GLOBALCAJA QUINTANAR,True
5660,NÁUTICO TENERIFE,7,27.644,20.166,False,9,C.D. BASKET GLOBALCAJA QUINTANAR,True
5661,NÁUTICO TENERIFE,5,24.823,50.667,False,9,C.D. BASKET GLOBALCAJA QUINTANAR,True
5662,NÁUTICO TENERIFE,23,3.87869999999999,60.624,False,9,C.D. BASKET GLOBALCAJA QUINTANAR,True
5663,NÁUTICO TENERIFE,1,31.2412,66.926,True,9,C.D. BASKET GLOBALCAJA QUINTANAR,True
5664,NÁUTICO TENERIFE,5,5.5712,36.173,False,9,C.D. BASKET GLOBALCAJA QUINTANAR,True
5665,NÁUTICO TENERIFE,39,3.5966,49.785,True,9,C.D. BASKET GLOBALCAJA QUINTANAR,True
5666,NÁUTICO TENERIFE,51,13.82229999999999,46.886,True,9,C.D. BASKET GLOBALCAJA QUINTANAR,True
5667,NÁUTICO TENERIFE,23,28.702,14.242,True,9,C.D. BASKET GLOBALCAJA QUINTANAR,True
5668,NÁUTICO TENERIFE,39,4.3018,49.029,True,9,C.D. BASKET GLOBALCAJA QUINTANAR,True
5669,NÁUTICO TENERIFE,5,15.23269999999999,50.163,False,9,C.D. BASKET GLOBALCAJA QUINTANAR,True
5670,NÁUTICO TENERIFE,5,19.887,23.443,False,9,C.D. BASKET GLOBALCAJA QUINTANAR,True
5671,NÁUTICO TENERIFE,18,29.548,17.519,False,9,C.D. BASKET GLOBALCAJA QUINTANAR,True
5672,NÁUTICO TENERIFE,5,20.09869999999999,32.77,False,9,C.D. BASKET GLOBALCAJA QUINTANAR,True
5673,NÁUTICO TENERIFE,55,4.7954,50.163,False,9,C.D. BASKET GLOBALCAJA QUINTANAR,True
5674,NÁUTICO TENERIFE,1,22.214,59.364,False,9,C.D. BASKET GLOBALCAJA QUINTANAR,True
5675,NÁUTICO TENERIFE,39,26.022,10.965,False,9,C.D. BASKET GLOBALCAJA QUINTANAR,True
5676,NÁUTICO TENERIFE,13,5.3597,51.045,True,9,C.D. BASKET GLOBALCAJA QUINTANAR,True
5677,NÁUTICO TENERIFE,18,13.681,31.005,False,9,C.D. BASKET GLOBALCAJA QUINTANAR,True
5678,NÁUTICO TENERIFE,13,5.5712,52.054,True,9,C.D. BASKET GLOBALCAJA QUINTANAR,True
5679,NÁUTICO TENERIFE,1,29.971,78.018,False,9,C.D. BASKET GLOBALCAJA QUINTANAR,True
5680,NÁUTICO TENERIFE,1,9.52049999999999,42.601,False,9,C.D. BASKET GLOBALCAJA QUINTANAR,True
5681,NÁUTICO TENERIFE,15,31.452,82.177,False,9,C.D. BASKET GLOBALCAJA QUINTANAR,True
5682,NÁUTICO TENERIFE,5,4.442899999999994,48.651,True,9,C.D. BASKET GLOBALCAJA QUINTANAR,True
5683,NÁUTICO TENERIFE,5,12.97,31.761,False,9,C.D. BASKET GLOBALCAJA QUINTANAR,True
5684,NÁUTICO TENERIFE,39,13.82229999999999,50.919,False,9,C.D. BASKET GLOBALCAJA QUINTANAR,True
5685,NÁUTICO TENERIFE,15,7.7574,66.422,False,9,C.D. BASKET GLOBALCAJA QUINTANAR,True
5686,NÁUTICO TENERIFE,39,7.33429999999999,27.728,False,9,C.D. BASKET GLOBALCAJA QUINTANAR,True
5687,NÁUTICO TENERIFE,5,3.0324,37.055,True,9,C.D. BASKET GLOBALCAJA QUINTANAR,True
5688,NÁUTICO TENERIFE,23,9.0973,93.773,True,9,C.D. BASKET GLOBALCAJA QUINTANAR,True
5689,NÁUTICO TENERIFE,5,19.181,74.489,False,9,C.D. BASKET GLOBALCAJA QUINTANAR,True
5690,C.D. BASKET GLOBALCAJA QUINTANAR,21,6.4174,95.285,False,9,NÁUTICO TENERIFE,False
5691,C.D. BASKET GLOBALCAJA QUINTANAR,50,14.73909999999999,39.576,False,9,NÁUTICO TENERIFE,False
5692,C.D. BASKET GLOBALCAJA QUINTANAR,1,26.304,81.547,True,9,NÁUTICO TENERIFE,False
5693,C.D. BASKET GLOBALCAJA QUINTANAR,12,6.84059999999999,40.458,False,9,NÁUTICO TENERIFE,False
5694,C.D. BASKET GLOBALCAJA QUINTANAR,3,6.1354,50.667,True,9,NÁUTICO TENERIFE,False
5695,C.D. BASKET GLOBALCAJA QUINTANAR,2,7.7574,34.156,False,9,NÁUTICO TENERIFE,False
5696,C.D. BASKET GLOBALCAJA QUINTANAR,14,29.901,20.544,True,9,NÁUTICO TENERIFE,False
5697,C.D. BASKET GLOBALCAJA QUINTANAR,21,26.163,86.462,False,9,NÁUTICO TENERIFE,False
5698,C.D. BASKET GLOBALCAJA QUINTANAR,1,4.86,40.836,False,9,NÁUTICO TENERIFE,False
5699,C.D. BASKET GLOBALCAJA QUINTANAR,14,25.458,90.496,False,9,NÁUTICO TENERIFE,False
5700,C.D. BASKET GLOBALCAJA QUINTANAR,14,11.424,31.887,False,9,NÁUTICO TENERIFE,False
5701,C.D. BASKET GLOBALCAJA QUINTANAR,8,30.747,23.821,True,9,NÁUTICO TENERIFE,False
5702,C.D. BASKET GLOBALCAJA QUINTANAR,1,29.05,80.034,False,9,NÁUTICO TENERIFE,False
5703,C.D. BASKET GLOBALCAJA QUINTANAR,8,31.2412,56.717,False,9,NÁUTICO TENERIFE,False
5704,C.D. BASKET GLOBALCAJA QUINTANAR,8,6.34699999999999,49.659,False,9,NÁUTICO TENERIFE,False
5705,C.D. BASKET GLOBALCAJA QUINTANAR,14,5.148,46.004,True,9,NÁUTICO TENERIFE,False
5706,C.D. BASKET GLOBALCAJA QUINTANAR,50,6.135,65.036,False,9,NÁUTICO TENERIFE,False
5707,C.D. BASKET GLOBALCAJA QUINTANAR,14,9.87309999999999,56.969,False,9,NÁUTICO TENERIFE,False
5708,C.D. BASKET GLOBALCAJA QUINTANAR,50,19.181,4.1592,False,9,NÁUTICO TENERIFE,False
5709,C.D. BASKET GLOBALCAJA QUINTANAR,12,6.84059999999999,40.458,True,9,NÁUTICO TENERIFE,False
5710,C.D. BASKET GLOBALCAJA QUINTANAR,3,4.7249,48.777,True,9,NÁUTICO TENERIFE,False
5711,C.D. BASKET GLOBALCAJA QUINTANAR,8,29.76,79.908,False,9,NÁUTICO TENERIFE,False
5712,C.D. BASKET GLOBALCAJA QUINTANAR,14,28.349,34.282,False,9,NÁUTICO TENERIFE,False
5713,C.D. BASKET GLOBALCAJA QUINTANAR,2,6.62909999999999,49.281,True,9,NÁUTICO TENERIFE,False
5714,C.D. BASKET GLOBALCAJA QUINTANAR,1,35.331,48.02,False,9,NÁUTICO TENERIFE,False
5715,C.D. BASKET GLOBALCAJA QUINTANAR,14,4.93649999999999,95.537,False,9,NÁUTICO TENERIFE,False
5716,C.D. BASKET GLOBALCAJA QUINTANAR,8,5.2891,50.037,True,9,NÁUTICO TENERIFE,False
5717,C.D. BASKET GLOBALCAJA QUINTANAR,14,30.606,74.615,False,9,NÁUTICO TENERIFE,False
5718,C.D. BASKET GLOBALCAJA QUINTANAR,8,15.02119999999999,92.008,False,9,NÁUTICO TENERIFE,False
5719,C.D. BASKET GLOBALCAJA QUINTANAR,8,32.44,25.207,False,9,NÁUTICO TENERIFE,False
5720,C.D. BASKET GLOBALCAJA QUINTANAR,3,4.5134,51.423,True,9,NÁUTICO TENERIFE,False
5721,C.D. BASKET GLOBALCAJA QUINTANAR,14,30.042,82.681,False,9,NÁUTICO TENERIFE,False
5722,C.D. BASKET GLOBALCAJA QUINTANAR,14,24.259,86.96,False,9,NÁUTICO TENERIFE,False
5723,C.D. BASKET GLOBALCAJA QUINTANAR,12,22.3554,52.558,True,9,NÁUTICO TENERIFE,False
5724,C.D. BASKET GLOBALCAJA QUINTANAR,21,31.664,76.253,False,9,NÁUTICO TENERIFE,False
5725,C.D. BASKET GLOBALCAJA QUINTANAR,12,7.05219999999999,43.735,False,9,NÁUTICO TENERIFE,False
5726,C.D. BASKET GLOBALCAJA QUINTANAR,2,19.393,70.581,False,9,NÁUTICO TENERIFE,False
5727,C.D. BASKET GLOBALCAJA QUINTANAR,8,26.58669999999999,23.569,False,9,NÁUTICO TENERIFE,False
5728,C.D. BASKET GLOBALCAJA QUINTANAR,8,34.273,58.23,False,9,NÁUTICO TENERIFE,False
5729,C.D. BASKET GLOBALCAJA QUINTANAR,8,5.00709999999999,50.667,True,9,NÁUTICO TENERIFE,False
5730,C.D. BASKET GLOBALCAJA QUINTANAR,2,4.301,49.029,True,9,NÁUTICO TENERIFE,False
5731,C.D. BASKET GLOBALCAJA QUINTANAR,1,28.49079999999999,73.228,False,9,NÁUTICO TENERIFE,False
5732,C.D. BASKET GLOBALCAJA QUINTANAR,2,3.4555,48.27,True,9,NÁUTICO TENERIFE,False
5733,C.D. BASKET GLOBALCAJA QUINTANAR,14,29.548,81.421,True,9,NÁUTICO TENERIFE,False
5734,C.D. BASKET GLOBALCAJA QUINTANAR,1,8.8858,65.288,False,9,NÁUTICO TENERIFE,False
5735,C.D. BASKET GLOBALCAJA QUINTANAR,14,28.349,34.282,False,9,NÁUTICO TENERIFE,False
5736,C.D. BASKET GLOBALCAJA QUINTANAR,1,3.032399999999995,37.685,True,9,NÁUTICO TENERIFE,False
5737,C.D. BASKET GLOBALCAJA QUINTANAR,12,5.21859999999999,49.029,True,9,NÁUTICO TENERIFE,False
5738,C.D. BASKET GLOBALCAJA QUINTANAR,3,20.7334,29.11,False,9,NÁUTICO TENERIFE,False
5739,C.D. BASKET GLOBALCAJA QUINTANAR,2,5.2186,48.903,True,9,NÁUTICO TENERIFE,False
5740,C.D. BASKET GLOBALCAJA QUINTANAR,1,44.781,14.242,False,9,NÁUTICO TENERIFE,False
5741,C.D. BASKET GLOBALCAJA QUINTANAR,3,6.9817,66.674,False,9,NÁUTICO TENERIFE,False
5742,C.D. BASKET GLOBALCAJA QUINTANAR,2,7.8984,56.591,False,9,NÁUTICO TENERIFE,False
5743,C.D. BASKET GLOBALCAJA QUINTANAR,2,4.442899999999994,50.289,True,9,NÁUTICO TENERIFE,False
5744,C.D. BASKET GLOBALCAJA QUINTANAR,2,9.238,36.173,False,9,NÁUTICO TENERIFE,False
5745,C.D. BASKET GLOBALCAJA QUINTANAR,50,30.253,29.241,False,9,NÁUTICO TENERIFE,False
5746,C.D. BASKET GLOBALCAJA QUINTANAR,14,21.65,89.613,False,9,NÁUTICO TENERIFE,False
5747,C.D. BASKET GLOBALCAJA QUINTANAR,1,18.758,79.278,True,9,NÁUTICO TENERIFE,False
5748,C.D. BASKET GLOBALCAJA QUINTANAR,1,4.019,43.861,True,9,NÁUTICO TENERIFE,False
5749,C.D. BASKET GLOBALCAJA QUINTANAR,21,14.809,4.5374,False,9,NÁUTICO TENERIFE,False
5750,C.D. BASKET GLOBALCAJA QUINTANAR,21,27.08,17.015,False,9,NÁUTICO TENERIFE,False
5751,C.D. BASKET GLOBALCAJA QUINTANAR,12,5.43019999999999,50.919,False,9,NÁUTICO TENERIFE,False
5752,C.D. BASKET GLOBALCAJA QUINTANAR,1,27.08,80.286,False,9,NÁUTICO TENERIFE,False
5753,C.D. BASKET GLOBALCAJA QUINTANAR,2,9.0973,6.68,False,9,NÁUTICO TENERIFE,False
5754,C.D. BASKET GLOBALCAJA QUINTANAR,1,6.135,78.144,False,9,NÁUTICO TENERIFE,False
5755,BALONCESTO ALCALA,31,14.033,54.574,False,9,TOSCONES CORRALEJO,True
5756,BALONCESTO ALCALA,19,7.68689999999999,54.7,False,9,TOSCONES CORRALEJO,True
5757,BALONCESTO ALCALA,19,30.67,27.224,False,9,TOSCONES CORRALEJO,True
5758,BALONCESTO ALCALA,10,8.251,5.797,False,9,TOSCONES CORRALEJO,True
5759,BALONCESTO ALCALA,4,30.465,74.615,False,9,TOSCONES CORRALEJO,True
5760,BALONCESTO ALCALA,8,5.0776,81.169,False,9,TOSCONES CORRALEJO,True
5761,BALONCESTO ALCALA,5,27.221,18.023,True,9,TOSCONES CORRALEJO,True
5762,BALONCESTO ALCALA,10,11.283,45.878,False,9,TOSCONES CORRALEJO,True
5763,BALONCESTO ALCALA,8,6.77,53.566,True,9,TOSCONES CORRALEJO,True
5764,BALONCESTO ALCALA,91,10.86039999999999,43.987,False,9,TOSCONES CORRALEJO,True
5765,BALONCESTO ALCALA,4,36.882,47.768,False,9,TOSCONES CORRALEJO,True
5766,BALONCESTO ALCALA,19,26.163,16.0,True,9,TOSCONES CORRALEJO,True
5767,BALONCESTO ALCALA,13,14.315,45.12,False,9,TOSCONES CORRALEJO,True
5768,BALONCESTO ALCALA,4,8.392,54.574,False,9,TOSCONES CORRALEJO,True
5769,BALONCESTO ALCALA,19,25.6,13.738,False,9,TOSCONES CORRALEJO,True
5770,BALONCESTO ALCALA,8,10.93,41.34,False,9,TOSCONES CORRALEJO,True
5771,BALONCESTO ALCALA,8,11.8477,48.52,True,9,TOSCONES CORRALEJO,True
5772,BALONCESTO ALCALA,19,29.125,26.594,True,9,TOSCONES CORRALEJO,True
5773,BALONCESTO ALCALA,31,9.80249999999999,51.045,True,9,TOSCONES CORRALEJO,True
5774,BALONCESTO ALCALA,19,29.689,30.753,True,9,TOSCONES CORRALEJO,True
5775,BALONCESTO ALCALA,19,21.2976,70.203,True,9,TOSCONES CORRALEJO,True
5776,BALONCESTO ALCALA,19,12.97,22.68,True,9,TOSCONES CORRALEJO,True
5777,BALONCESTO ALCALA,19,9.873,46.508,False,9,TOSCONES CORRALEJO,True
5778,BALONCESTO ALCALA,31,10.4372,45.374,False,9,TOSCONES CORRALEJO,True
5779,BALONCESTO ALCALA,31,8.46259999999999,41.34,True,9,TOSCONES CORRALEJO,True
5780,BALONCESTO ALCALA,19,9.3088,46.13,True,9,TOSCONES CORRALEJO,True
5781,BALONCESTO ALCALA,8,16.00849999999999,70.329,True,9,TOSCONES CORRALEJO,True
5782,BALONCESTO ALCALA,19,8.25109999999999,48.02,True,9,TOSCONES CORRALEJO,True
5783,BALONCESTO ALCALA,19,33.286,81.925,False,9,TOSCONES CORRALEJO,True
5784,BALONCESTO ALCALA,5,23.977,10.083,False,9,TOSCONES CORRALEJO,True
5785,BALONCESTO ALCALA,12,7.96899999999999,55.583,True,9,TOSCONES CORRALEJO,True
5786,BALONCESTO ALCALA,12,30.606,24.451,True,9,TOSCONES CORRALEJO,True
5787,BALONCESTO ALCALA,4,35.684,19.031,False,9,TOSCONES CORRALEJO,True
5788,BALONCESTO ALCALA,8,26.304,55.961,False,9,TOSCONES CORRALEJO,True
5789,BALONCESTO ALCALA,19,28.067,18.401,False,9,TOSCONES CORRALEJO,True
5790,BALONCESTO ALCALA,91,9.02679999999999,52.054,False,9,TOSCONES CORRALEJO,True
5791,BALONCESTO ALCALA,12,6.77009999999999,4.0332,False,9,TOSCONES CORRALEJO,True
5792,BALONCESTO ALCALA,19,16.1495,60.372,True,9,TOSCONES CORRALEJO,True
5793,BALONCESTO ALCALA,19,5.50069999999999,4.6634,True,9,TOSCONES CORRALEJO,True
5794,BALONCESTO ALCALA,5,38.78,21.552,False,9,TOSCONES CORRALEJO,True
5795,BALONCESTO ALCALA,13,29.3371,20.796,False,9,TOSCONES CORRALEJO,True
5796,BALONCESTO ALCALA,12,15.162,45.12,False,9,TOSCONES CORRALEJO,True
5797,BALONCESTO ALCALA,19,11.071,70.581,False,9,TOSCONES CORRALEJO,True
5798,BALONCESTO ALCALA,8,24.5416,55.835,False,9,TOSCONES CORRALEJO,True
5799,BALONCESTO ALCALA,10,8.0395,51.297,False,9,TOSCONES CORRALEJO,True
5800,BALONCESTO ALCALA,19,11.847,50.793,False,9,TOSCONES CORRALEJO,True
5801,BALONCESTO ALCALA,8,12.059,50.667,True,9,TOSCONES CORRALEJO,True
5802,BALONCESTO ALCALA,31,34.344,67.8,False,9,TOSCONES CORRALEJO,True
5803,BALONCESTO ALCALA,19,9.873,56.591,True,9,TOSCONES CORRALEJO,True
5804,BALONCESTO ALCALA,12,27.57,17.645,False,9,TOSCONES CORRALEJO,True
5805,BALONCESTO ALCALA,19,6.9111,74.615,False,9,TOSCONES CORRALEJO,True
5806,BALONCESTO ALCALA,5,10.93,53.188,False,9,TOSCONES CORRALEJO,True
5807,BALONCESTO ALCALA,10,29.05,80.034,False,9,TOSCONES CORRALEJO,True
5808,BALONCESTO ALCALA,12,12.764,52.18,True,9,TOSCONES CORRALEJO,True
5809,BALONCESTO ALCALA,19,6.9111,95.411,True,9,TOSCONES CORRALEJO,True
5810,BALONCESTO ALCALA,14,15.585,52.054,False,9,TOSCONES CORRALEJO,True
5811,BALONCESTO ALCALA,10,28.91,12.603,False,9,TOSCONES CORRALEJO,True
5812,BALONCESTO ALCALA,31,13.258,48.777,True,9,TOSCONES CORRALEJO,True
5813,BALONCESTO ALCALA,13,10.789,46.256,False,9,TOSCONES CORRALEJO,True
5814,BALONCESTO ALCALA,10,8.251,46.13,True,9,TOSCONES CORRALEJO,True
5815,BALONCESTO ALCALA,19,10.648,28.484,True,9,TOSCONES CORRALEJO,True
5816,BALONCESTO ALCALA,19,21.43859999999999,26.846,True,9,TOSCONES CORRALEJO,True
5817,BALONCESTO ALCALA,12,24.682,10.587,False,9,TOSCONES CORRALEJO,True
5818,BALONCESTO ALCALA,8,9.0973,54.95,False,9,TOSCONES CORRALEJO,True
5819,BALONCESTO ALCALA,8,11.14249999999999,51.297,True,9,TOSCONES CORRALEJO,True
5820,BALONCESTO ALCALA,19,26.516,83.059,False,9,TOSCONES CORRALEJO,True
5821,BALONCESTO ALCALA,13,10.014,44.617,False,9,TOSCONES CORRALEJO,True
5822,TOSCONES CORRALEJO,17,7.61639999999999,45.24,False,9,BALONCESTO ALCALA,False
5823,TOSCONES CORRALEJO,7,18.124,38.946,True,9,BALONCESTO ALCALA,False
5824,TOSCONES CORRALEJO,30,8.8152,46.13,False,9,BALONCESTO ALCALA,False
5825,TOSCONES CORRALEJO,7,26.022,79.152,True,9,BALONCESTO ALCALA,False
5826,TOSCONES CORRALEJO,7,13.32859999999999,38.946,False,9,BALONCESTO ALCALA,False
5827,TOSCONES CORRALEJO,7,33.991,55.961,False,9,BALONCESTO ALCALA,False
5828,TOSCONES CORRALEJO,8,27.503,47.138,False,9,BALONCESTO ALCALA,False
5829,TOSCONES CORRALEJO,34,30.183,16.637,False,9,BALONCESTO ALCALA,False
5830,TOSCONES CORRALEJO,8,14.88,57.725,True,9,BALONCESTO ALCALA,False
5831,TOSCONES CORRALEJO,34,29.548,80.79,False,9,BALONCESTO ALCALA,False
5832,TOSCONES CORRALEJO,15,8.6741,44.995,False,9,BALONCESTO ALCALA,False
5833,TOSCONES CORRALEJO,34,11.918,43.483,False,9,BALONCESTO ALCALA,False
5834,TOSCONES CORRALEJO,15,27.997,81.925,False,9,BALONCESTO ALCALA,False
5835,TOSCONES CORRALEJO,34,10.86039999999999,42.349,True,9,BALONCESTO ALCALA,False
5836,TOSCONES CORRALEJO,17,9.59099999999999,43.861,False,9,BALONCESTO ALCALA,False
5837,TOSCONES CORRALEJO,30,11.706,43.735,False,9,BALONCESTO ALCALA,False
5838,TOSCONES CORRALEJO,11,32.581,72.22,True,9,BALONCESTO ALCALA,False
5839,TOSCONES CORRALEJO,7,8.46259999999999,45.5,True,9,BALONCESTO ALCALA,False
5840,TOSCONES CORRALEJO,15,32.722,47.264,False,9,BALONCESTO ALCALA,False
5841,TOSCONES CORRALEJO,15,29.478,80.53,False,9,BALONCESTO ALCALA,False
5842,TOSCONES CORRALEJO,17,11.8477,42.979,False,9,BALONCESTO ALCALA,False
5843,TOSCONES CORRALEJO,34,27.57,13.486,False,9,BALONCESTO ALCALA,False
5844,TOSCONES CORRALEJO,15,8.3216,54.95,True,9,BALONCESTO ALCALA,False
5845,TOSCONES CORRALEJO,11,5.5712,56.717,True,9,BALONCESTO ALCALA,False
5846,TOSCONES CORRALEJO,11,15.232,39.954,True,9,BALONCESTO ALCALA,False
5847,TOSCONES CORRALEJO,34,18.899,53.44,False,9,BALONCESTO ALCALA,False
5848,TOSCONES CORRALEJO,7,33.074,11.595,False,9,BALONCESTO ALCALA,False
5849,TOSCONES CORRALEJO,15,13.751,5.9238,True,9,BALONCESTO ALCALA,False
5850,TOSCONES CORRALEJO,15,34.767,50.037,False,9,BALONCESTO ALCALA,False
5851,TOSCONES CORRALEJO,15,12.55289999999999,43.483,False,9,BALONCESTO ALCALA,False
5852,TOSCONES CORRALEJO,11,7.4753,78.396,False,9,BALONCESTO ALCALA,False
5853,TOSCONES CORRALEJO,8,32.44,32.518,True,9,BALONCESTO ALCALA,False
5854,TOSCONES CORRALEJO,30,6.9817,54.574,False,9,BALONCESTO ALCALA,False
5855,TOSCONES CORRALEJO,7,16.925,49.281,True,9,BALONCESTO ALCALA,False
5856,TOSCONES CORRALEJO,7,10.507,61.25,False,9,BALONCESTO ALCALA,False
5857,TOSCONES CORRALEJO,34,13.7518,40.332,True,9,BALONCESTO ALCALA,False
5858,TOSCONES CORRALEJO,15,7.12269999999999,55.961,True,9,BALONCESTO ALCALA,False
5859,TOSCONES CORRALEJO,34,10.789,53.314,False,9,BALONCESTO ALCALA,False
5860,TOSCONES CORRALEJO,7,28.279,78.27,False,9,BALONCESTO ALCALA,False
5861,TOSCONES CORRALEJO,30,33.6389,33.022,True,9,BALONCESTO ALCALA,False
5862,TOSCONES CORRALEJO,8,9.2383,54.574,False,9,BALONCESTO ALCALA,False
5863,TOSCONES CORRALEJO,11,33.497,52.432,False,9,BALONCESTO ALCALA,False
5864,TOSCONES CORRALEJO,15,10.719,46.886,False,9,BALONCESTO ALCALA,False
5865,TOSCONES CORRALEJO,30,16.925,32.1,False,9,BALONCESTO ALCALA,False
5866,TOSCONES CORRALEJO,30,9.0973,48.27,True,9,BALONCESTO ALCALA,False
5867,TOSCONES CORRALEJO,8,11.495,49.533,False,9,BALONCESTO ALCALA,False
5868,TOSCONES CORRALEJO,11,9.5204,48.39,True,9,BALONCESTO ALCALA,False
5869,TOSCONES CORRALEJO,30,9.5204,4.7894,True,9,BALONCESTO ALCALA,False
5870,TOSCONES CORRALEJO,30,3.7377,93.268,True,9,BALONCESTO ALCALA,False
5871,TOSCONES CORRALEJO,34,15.585,43.861,False,9,BALONCESTO ALCALA,False
5872,TOSCONES CORRALEJO,17,10.225,55.205,False,9,BALONCESTO ALCALA,False
5873,TOSCONES CORRALEJO,34,8.0395,49.281,True,9,BALONCESTO ALCALA,False
5874,TOSCONES CORRALEJO,7,15.514,47.264,False,9,BALONCESTO ALCALA,False
5875,TOSCONES CORRALEJO,7,23.272,50.541,False,9,BALONCESTO ALCALA,False
5876,TOSCONES CORRALEJO,30,26.022,56.213,False,9,BALONCESTO ALCALA,False
5877,TOSCONES CORRALEJO,34,10.366,44.995,True,9,BALONCESTO ALCALA,False
5878,TOSCONES CORRALEJO,34,11.8477,49.155,True,9,BALONCESTO ALCALA,False
5879,TOSCONES CORRALEJO,8,28.5614,48.39,False,9,BALONCESTO ALCALA,False
5880,TOSCONES CORRALEJO,34,22.9196,66.8,False,9,BALONCESTO ALCALA,False
5881,TOSCONES CORRALEJO,11,6.2764,44.995,False,9,BALONCESTO ALCALA,False
5882,FUNDACION GLOBALCAJA LA RODA,2,8.74469999999999,58.734,False,9,MOVISTAR ESTUDIANTES,True
5883,FUNDACION GLOBALCAJA LA RODA,6,34.2031,46.13,False,9,MOVISTAR ESTUDIANTES,True
5884,FUNDACION GLOBALCAJA LA RODA,2,7.7574,38.56,True,9,MOVISTAR ESTUDIANTES,True
5885,FUNDACION GLOBALCAJA LA RODA,10,10.155,46.382,False,9,MOVISTAR ESTUDIANTES,True
5886,FUNDACION GLOBALCAJA LA RODA,25,9.873,50.037,False,9,MOVISTAR ESTUDIANTES,True
5887,FUNDACION GLOBALCAJA LA RODA,2,11.001,94.529,True,9,MOVISTAR ESTUDIANTES,True
5888,FUNDACION GLOBALCAJA LA RODA,20,11.424,5.9238,True,9,MOVISTAR ESTUDIANTES,True
5889,FUNDACION GLOBALCAJA LA RODA,3,9.80249999999999,62.515,False,9,MOVISTAR ESTUDIANTES,True
5890,FUNDACION GLOBALCAJA LA RODA,9,12.411,58.608,False,9,MOVISTAR ESTUDIANTES,True
5891,FUNDACION GLOBALCAJA LA RODA,6,32.863,70.455,True,9,MOVISTAR ESTUDIANTES,True
5892,FUNDACION GLOBALCAJA LA RODA,20,12.764,4.6634,False,9,MOVISTAR ESTUDIANTES,True
5893,FUNDACION GLOBALCAJA LA RODA,25,8.6741,48.777,False,9,MOVISTAR ESTUDIANTES,True
5894,FUNDACION GLOBALCAJA LA RODA,9,35.472,63.019,False,9,MOVISTAR ESTUDIANTES,True
5895,FUNDACION GLOBALCAJA LA RODA,2,35.2609,47.642,False,9,MOVISTAR ESTUDIANTES,True
5896,FUNDACION GLOBALCAJA LA RODA,0,32.15,71.338,True,9,MOVISTAR ESTUDIANTES,True
5897,FUNDACION GLOBALCAJA LA RODA,9,31.311,77.135,True,9,MOVISTAR ESTUDIANTES,True
5898,FUNDACION GLOBALCAJA LA RODA,6,38.857,46.886,True,9,MOVISTAR ESTUDIANTES,True
5899,FUNDACION GLOBALCAJA LA RODA,2,34.696,42.853,True,9,MOVISTAR ESTUDIANTES,True
5900,FUNDACION GLOBALCAJA LA RODA,10,8.8857,54.07,True,9,MOVISTAR ESTUDIANTES,True
5901,FUNDACION GLOBALCAJA LA RODA,6,35.895,45.752,False,9,MOVISTAR ESTUDIANTES,True
5902,FUNDACION GLOBALCAJA LA RODA,13,32.44,69.573,True,9,MOVISTAR ESTUDIANTES,True
5903,FUNDACION GLOBALCAJA LA RODA,10,12.27,52.054,False,9,MOVISTAR ESTUDIANTES,True
5904,FUNDACION GLOBALCAJA LA RODA,6,36.812,48.39,False,9,MOVISTAR ESTUDIANTES,True
5905,FUNDACION GLOBALCAJA LA RODA,6,29.971,20.292,False,9,MOVISTAR ESTUDIANTES,True
5906,FUNDACION GLOBALCAJA LA RODA,2,10.2257,45.24,True,9,MOVISTAR ESTUDIANTES,True
5907,FUNDACION GLOBALCAJA LA RODA,9,27.644,14.998,False,9,MOVISTAR ESTUDIANTES,True
5908,FUNDACION GLOBALCAJA LA RODA,2,9.8025,53.944,True,9,MOVISTAR ESTUDIANTES,True
5909,FUNDACION GLOBALCAJA LA RODA,9,26.798,18.023,False,9,MOVISTAR ESTUDIANTES,True
5910,FUNDACION GLOBALCAJA LA RODA,25,7.12269999999999,42.853,True,9,MOVISTAR ESTUDIANTES,True
5911,FUNDACION GLOBALCAJA LA RODA,25,9.661,50.037,False,9,MOVISTAR ESTUDIANTES,True
5912,FUNDACION GLOBALCAJA LA RODA,9,27.926,18.905,False,9,MOVISTAR ESTUDIANTES,True
5913,FUNDACION GLOBALCAJA LA RODA,9,8.3216,44.869,True,9,MOVISTAR ESTUDIANTES,True
5914,FUNDACION GLOBALCAJA LA RODA,0,35.8251,58.482,False,9,MOVISTAR ESTUDIANTES,True
5915,FUNDACION GLOBALCAJA LA RODA,10,6.205,41.214,True,9,MOVISTAR ESTUDIANTES,True
5916,FUNDACION GLOBALCAJA LA RODA,0,13.681,56.969,False,9,MOVISTAR ESTUDIANTES,True
5917,FUNDACION GLOBALCAJA LA RODA,0,36.036,48.27,False,9,MOVISTAR ESTUDIANTES,True
5918,FUNDACION GLOBALCAJA LA RODA,2,7.545,57.347,True,9,MOVISTAR ESTUDIANTES,True
5919,FUNDACION GLOBALCAJA LA RODA,6,34.132,42.475,True,9,MOVISTAR ESTUDIANTES,True
5920,FUNDACION GLOBALCAJA LA RODA,25,7.8984,53.314,False,9,MOVISTAR ESTUDIANTES,True
5921,FUNDACION GLOBALCAJA LA RODA,3,35.2609,62.767,False,9,MOVISTAR ESTUDIANTES,True
5922,FUNDACION GLOBALCAJA LA RODA,0,35.049,26.72,False,9,MOVISTAR ESTUDIANTES,True
5923,FUNDACION GLOBALCAJA LA RODA,0,10.648,46.634,False,9,MOVISTAR ESTUDIANTES,True
5924,FUNDACION GLOBALCAJA LA RODA,25,7.4753,59.112,True,9,MOVISTAR ESTUDIANTES,True
5925,FUNDACION GLOBALCAJA LA RODA,2,9.873,52.054,True,9,MOVISTAR ESTUDIANTES,True
5926,FUNDACION GLOBALCAJA LA RODA,2,11.70659999999999,95.285,False,9,MOVISTAR ESTUDIANTES,True
5927,FUNDACION GLOBALCAJA LA RODA,9,9.30889999999999,41.592,True,9,MOVISTAR ESTUDIANTES,True
5928,FUNDACION GLOBALCAJA LA RODA,20,12.6234,49.659,True,9,MOVISTAR ESTUDIANTES,True
5929,FUNDACION GLOBALCAJA LA RODA,25,10.437,46.886,True,9,MOVISTAR ESTUDIANTES,True
5930,FUNDACION GLOBALCAJA LA RODA,0,33.638,27.476,False,9,MOVISTAR ESTUDIANTES,True
5931,FUNDACION GLOBALCAJA LA RODA,20,12.3413,94.151,True,9,MOVISTAR ESTUDIANTES,True
5932,FUNDACION GLOBALCAJA LA RODA,2,28.843,81.295,True,9,MOVISTAR ESTUDIANTES,True
5933,FUNDACION GLOBALCAJA LA RODA,9,6.77009999999999,59.112,True,9,MOVISTAR ESTUDIANTES,True
5934,FUNDACION GLOBALCAJA LA RODA,6,30.677,75.119,True,9,MOVISTAR ESTUDIANTES,True
5935,MOVISTAR ESTUDIANTES,6,28.20869999999999,17.897,True,9,FUNDACION GLOBALCAJA LA RODA,False
5936,MOVISTAR ESTUDIANTES,6,8.18049999999999,6.8061,True,9,FUNDACION GLOBALCAJA LA RODA,False
5937,MOVISTAR ESTUDIANTES,8,9.59099999999999,43.231,False,9,FUNDACION GLOBALCAJA LA RODA,False
5938,MOVISTAR ESTUDIANTES,9,6.84059999999999,44.617,True,9,FUNDACION GLOBALCAJA LA RODA,False
5939,MOVISTAR ESTUDIANTES,25,7.193200000000004,94.277,False,9,FUNDACION GLOBALCAJA LA RODA,False
5940,MOVISTAR ESTUDIANTES,2,10.225,25.459,False,9,FUNDACION GLOBALCAJA LA RODA,False
5941,MOVISTAR ESTUDIANTES,8,8.6037,96.041,False,9,FUNDACION GLOBALCAJA LA RODA,False
5942,MOVISTAR ESTUDIANTES,25,31.17,16.889,False,9,FUNDACION GLOBALCAJA LA RODA,False
5943,MOVISTAR ESTUDIANTES,7,10.437,93.268,True,9,FUNDACION GLOBALCAJA LA RODA,False
5944,MOVISTAR ESTUDIANTES,6,10.648,51.5,True,9,FUNDACION GLOBALCAJA LA RODA,False
5945,MOVISTAR ESTUDIANTES,22,10.64879999999999,47.39,True,9,FUNDACION GLOBALCAJA LA RODA,False
5946,MOVISTAR ESTUDIANTES,9,11.565,51.67,True,9,FUNDACION GLOBALCAJA LA RODA,False
5947,MOVISTAR ESTUDIANTES,2,6.4175,61.885,False,9,FUNDACION GLOBALCAJA LA RODA,False
5948,MOVISTAR ESTUDIANTES,2,8.95629999999999,50.793,False,9,FUNDACION GLOBALCAJA LA RODA,False
5949,MOVISTAR ESTUDIANTES,6,31.311,21.804,True,9,FUNDACION GLOBALCAJA LA RODA,False
5950,MOVISTAR ESTUDIANTES,8,8.3216,43.861,True,9,FUNDACION GLOBALCAJA LA RODA,False
5951,MOVISTAR ESTUDIANTES,6,12.552,55.205,True,9,FUNDACION GLOBALCAJA LA RODA,False
5952,MOVISTAR ESTUDIANTES,8,9.449,95.159,False,9,FUNDACION GLOBALCAJA LA RODA,False
5953,MOVISTAR ESTUDIANTES,19,31.8054,78.774,False,9,FUNDACION GLOBALCAJA LA RODA,False
5954,MOVISTAR ESTUDIANTES,2,10.437,41.088,False,9,FUNDACION GLOBALCAJA LA RODA,False
5955,MOVISTAR ESTUDIANTES,9,10.296,48.02,False,9,FUNDACION GLOBALCAJA LA RODA,False
5956,MOVISTAR ESTUDIANTES,8,10.86,35.795,False,9,FUNDACION GLOBALCAJA LA RODA,False
5957,MOVISTAR ESTUDIANTES,12,19.04,47.894,True,9,FUNDACION GLOBALCAJA LA RODA,False
5958,MOVISTAR ESTUDIANTES,22,10.86039999999999,56.465,True,9,FUNDACION GLOBALCAJA LA RODA,False
5959,MOVISTAR ESTUDIANTES,12,30.465,79.656,True,9,FUNDACION GLOBALCAJA LA RODA,False
5960,MOVISTAR ESTUDIANTES,7,30.465,79.656,False,9,FUNDACION GLOBALCAJA LA RODA,False
5961,MOVISTAR ESTUDIANTES,8,13.117,93.142,True,9,FUNDACION GLOBALCAJA LA RODA,False
5962,MOVISTAR ESTUDIANTES,2,28.2793,85.076,False,9,FUNDACION GLOBALCAJA LA RODA,False
5963,MOVISTAR ESTUDIANTES,12,15.44429999999999,95.285,False,9,FUNDACION GLOBALCAJA LA RODA,False
5964,MOVISTAR ESTUDIANTES,8,5.5712,59.49,False,9,FUNDACION GLOBALCAJA LA RODA,False
5965,MOVISTAR ESTUDIANTES,12,7.545,71.59,False,9,FUNDACION GLOBALCAJA LA RODA,False
5966,MOVISTAR ESTUDIANTES,9,12.482,56.087,True,9,FUNDACION GLOBALCAJA LA RODA,False
5967,MOVISTAR ESTUDIANTES,25,16.361,93.39,False,9,FUNDACION GLOBALCAJA LA RODA,False
5968,MOVISTAR ESTUDIANTES,12,31.311,78.648,False,9,FUNDACION GLOBALCAJA LA RODA,False
5969,MOVISTAR ESTUDIANTES,6,8.6037,6.0498,True,9,FUNDACION GLOBALCAJA LA RODA,False
5970,MOVISTAR ESTUDIANTES,11,34.7673,71.968,True,9,FUNDACION GLOBALCAJA LA RODA,False
5971,MOVISTAR ESTUDIANTES,12,28.2793,85.076,False,9,FUNDACION GLOBALCAJA LA RODA,False
5972,MOVISTAR ESTUDIANTES,11,29.83069999999999,17.015,False,9,FUNDACION GLOBALCAJA LA RODA,False
5973,MOVISTAR ESTUDIANTES,9,9.167,48.39,False,9,FUNDACION GLOBALCAJA LA RODA,False
5974,MOVISTAR ESTUDIANTES,2,10.014,43.609,False,9,FUNDACION GLOBALCAJA LA RODA,False
5975,MOVISTAR ESTUDIANTES,9,11.495,44.869,True,9,FUNDACION GLOBALCAJA LA RODA,False
5976,MOVISTAR ESTUDIANTES,9,10.2257,47.642,False,9,FUNDACION GLOBALCAJA LA RODA,False
5977,MOVISTAR ESTUDIANTES,8,32.29,78.27,False,9,FUNDACION GLOBALCAJA LA RODA,False
5978,MOVISTAR ESTUDIANTES,2,19.8872,55.205,True,9,FUNDACION GLOBALCAJA LA RODA,False
5979,MOVISTAR ESTUDIANTES,6,12.341,32.518,True,9,FUNDACION GLOBALCAJA LA RODA,False
5980,MOVISTAR ESTUDIANTES,11,34.062,46.886,True,9,FUNDACION GLOBALCAJA LA RODA,False
5981,MOVISTAR ESTUDIANTES,25,34.7673,60.624,False,9,FUNDACION GLOBALCAJA LA RODA,False
5982,MOVISTAR ESTUDIANTES,9,10.4372,53.062,False,9,FUNDACION GLOBALCAJA LA RODA,False
5983,MOVISTAR ESTUDIANTES,22,6.55849999999999,53.818,True,9,FUNDACION GLOBALCAJA LA RODA,False
5984,MOVISTAR ESTUDIANTES,11,11.565,43.357,False,9,FUNDACION GLOBALCAJA LA RODA,False
5985,MOVISTAR ESTUDIANTES,8,8.25109999999999,6.8061,True,9,FUNDACION GLOBALCAJA LA RODA,False
5986,MOVISTAR ESTUDIANTES,11,16.07,47.642,False,9,FUNDACION GLOBALCAJA LA RODA,False
5987,MOVISTAR ESTUDIANTES,7,33.568,39.828,False,9,FUNDACION GLOBALCAJA LA RODA,False
5988,MOVISTAR ESTUDIANTES,22,9.3088,54.7,True,9,FUNDACION GLOBALCAJA LA RODA,False
5989,MOVISTAR ESTUDIANTES,6,30.9591,16.0,False,9,FUNDACION GLOBALCAJA LA RODA,False
5990,MOVISTAR ESTUDIANTES,6,12.2,6.1759,False,9,FUNDACION GLOBALCAJA LA RODA,False
5991,MOVISTAR ESTUDIANTES,11,11.5656,49.911,True,9,FUNDACION GLOBALCAJA LA RODA,False
5992,MOVISTAR ESTUDIANTES,8,9.59099999999999,43.231,False,9,FUNDACION GLOBALCAJA LA RODA,False
5993,MOVISTAR ESTUDIANTES,22,10.4372,45.12,False,9,FUNDACION GLOBALCAJA LA RODA,False
5994,MOVISTAR ESTUDIANTES,6,32.933,71.842,False,9,FUNDACION GLOBALCAJA LA RODA,False
5995,MOVISTAR ESTUDIANTES,8,7.61639999999999,40.836,False,9,FUNDACION GLOBALCAJA LA RODA,False
5996,MOVISTAR ESTUDIANTES,8,10.64879999999999,47.39,False,9,FUNDACION GLOBALCAJA LA RODA,False
5997,MOVISTAR ESTUDIANTES,8,11.35,47.39,True,9,FUNDACION GLOBALCAJA LA RODA,False
5998,MOVISTAR ESTUDIANTES,25,22.284,90.24,False,9,FUNDACION GLOBALCAJA LA RODA,False
5999,MOVISTAR ESTUDIANTES,22,6.62909999999999,59.868,False,9,FUNDACION GLOBALCAJA LA RODA,False
6000,MOVISTAR ESTUDIANTES,8,35.0494,49.659,False,9,FUNDACION GLOBALCAJA LA RODA,False
6001,MOVISTAR ESTUDIANTES,12,9.02679999999999,57.095,False,9,FUNDACION GLOBALCAJA LA RODA,False
6002,MOVISTAR ESTUDIANTES,8,35.684,46.13,True,9,FUNDACION GLOBALCAJA LA RODA,False
6003,MOVISTAR ESTUDIANTES,8,22.496,53.314,True,9,FUNDACION GLOBALCAJA LA RODA,False
6004,MOVISTAR ESTUDIANTES,22,13.046,40.332,False,9,FUNDACION GLOBALCAJA LA RODA,False
6005,MOVISTAR ESTUDIANTES,8,11.565,51.67,False,9,FUNDACION GLOBALCAJA LA RODA,False
6006,EL VENTERO CBV,1,24.3,66.422,True,9,CB LA MATANZA,True
6007,EL VENTERO CBV,10,4.866,57.725,False,9,CB LA MATANZA,True
6008,EL VENTERO CBV,2,9.4499,91.63,False,9,CB LA MATANZA,True
6009,EL VENTERO CBV,18,6.34699999999999,51.297,True,9,CB LA MATANZA,True
6010,EL VENTERO CBV,0,5.007,53.188,True,9,CB LA MATANZA,True
6011,EL VENTERO CBV,0,5.9238,52.81,True,9,CB LA MATANZA,True
6012,EL VENTERO CBV,0,7.193200000000004,50.541,False,9,CB LA MATANZA,True
6013,EL VENTERO CBV,10,6.2059,55.331,True,9,CB LA MATANZA,True
6014,EL VENTERO CBV,18,5.71229999999999,51.297,True,9,CB LA MATANZA,True
6015,EL VENTERO CBV,41,8.95629999999999,49.029,False,9,CB LA MATANZA,True
6016,EL VENTERO CBV,18,5.9943,49.155,False,9,CB LA MATANZA,True
6017,EL VENTERO CBV,10,16.925,40.584,True,9,CB LA MATANZA,True
6018,EL VENTERO CBV,1,6.205,49.281,True,9,CB LA MATANZA,True
6019,EL VENTERO CBV,10,5.78279999999999,49.155,True,9,CB LA MATANZA,True
6020,EL VENTERO CBV,0,7.8279,49.533,False,9,CB LA MATANZA,True
6021,EL VENTERO CBV,10,29.971,15.88,False,9,CB LA MATANZA,True
6022,EL VENTERO CBV,1,17.983,44.239,True,9,CB LA MATANZA,True
6023,EL VENTERO CBV,3,5.5712,49.785,True,9,CB LA MATANZA,True
6024,EL VENTERO CBV,27,4.7249,50.793,True,9,CB LA MATANZA,True
6025,EL VENTERO CBV,41,27.57,84.32,True,9,CB LA MATANZA,True
6026,EL VENTERO CBV,0,29.055,82.933,False,9,CB LA MATANZA,True
6027,EL VENTERO CBV,41,6.06489999999999,48.27,True,9,CB LA MATANZA,True
6028,EL VENTERO CBV,0,5.148,52.306,True,9,CB LA MATANZA,True
6029,EL VENTERO CBV,18,6.62909999999999,49.659,True,9,CB LA MATANZA,True
6030,EL VENTERO CBV,22,7.193200000000004,50.667,True,9,CB LA MATANZA,True
6031,EL VENTERO CBV,27,5.6417,48.903,True,9,CB LA MATANZA,True
6032,EL VENTERO CBV,0,32.0169,20.04,False,9,CB LA MATANZA,True
6033,EL VENTERO CBV,0,6.55849999999999,49.407,True,9,CB LA MATANZA,True
6034,EL VENTERO CBV,41,23.90689999999999,28.862,True,9,CB LA MATANZA,True
6035,EL VENTERO CBV,18,8.3215,47.138,False,9,CB LA MATANZA,True
6036,EL VENTERO CBV,10,5.7827,49.029,True,9,CB LA MATANZA,True
6037,EL VENTERO CBV,1,27.57,84.32,False,9,CB LA MATANZA,True
6038,EL VENTERO CBV,3,5.78279999999999,47.264,True,9,CB LA MATANZA,True
6039,EL VENTERO CBV,41,8.6036,48.52,False,9,CB LA MATANZA,True
6040,EL VENTERO CBV,10,33.356,16.511,True,9,CB LA MATANZA,True
6041,EL VENTERO CBV,0,5.2891,48.27,True,9,CB LA MATANZA,True
6042,EL VENTERO CBV,0,5.0775,52.432,True,9,CB LA MATANZA,True
6043,EL VENTERO CBV,18,8.251,47.516,False,9,CB LA MATANZA,True
6044,EL VENTERO CBV,1,36.459,48.52,False,9,CB LA MATANZA,True
6045,EL VENTERO CBV,0,5.71229999999999,48.39,True,9,CB LA MATANZA,True
6046,EL VENTERO CBV,10,25.6,85.706,False,9,CB LA MATANZA,True
6047,EL VENTERO CBV,10,6.3469,54.322,True,9,CB LA MATANZA,True
6048,EL VENTERO CBV,3,5.0776,47.264,False,9,CB LA MATANZA,True
6049,EL VENTERO CBV,41,5.43019999999999,50.163,True,9,CB LA MATANZA,True
6050,EL VENTERO CBV,41,34.696,67.052,True,9,CB LA MATANZA,True
6051,EL VENTERO CBV,41,33.638,71.842,False,9,CB LA MATANZA,True
6052,EL VENTERO CBV,2,17.2779,71.59,False,9,CB LA MATANZA,True
6053,EL VENTERO CBV,1,36.882,69.447,False,9,CB LA MATANZA,True
6054,EL VENTERO CBV,10,6.1354,46.886,True,9,CB LA MATANZA,True
6055,EL VENTERO CBV,0,6.4174,53.566,True,9,CB LA MATANZA,True
6056,EL VENTERO CBV,0,32.722,75.119,True,9,CB LA MATANZA,True
6057,EL VENTERO CBV,41,26.163,14.998,False,9,CB LA MATANZA,True
6058,EL VENTERO CBV,27,31.45269999999999,68.313,False,9,CB LA MATANZA,True
6059,EL VENTERO CBV,41,10.5078,93.142,False,9,CB LA MATANZA,True
6060,EL VENTERO CBV,1,5.0775,51.171,True,9,CB LA MATANZA,True
6061,EL VENTERO CBV,3,8.95629999999999,49.029,True,9,CB LA MATANZA,True
6062,EL VENTERO CBV,1,23.765,67.8,True,9,CB LA MATANZA,True
6063,EL VENTERO CBV,1,35.895,30.753,False,9,CB LA MATANZA,True
6064,EL VENTERO CBV,1,6.55849999999999,45.626,False,9,CB LA MATANZA,True
6065,CB LA MATANZA,11,28.702,90.117,False,9,EL VENTERO CBV,False
6066,CB LA MATANZA,0,4.5134,82.429,False,9,EL VENTERO CBV,False
6067,CB LA MATANZA,23,34.273,15.376,False,9,EL VENTERO CBV,False
6068,CB LA MATANZA,23,6.6996,54.448,True,9,EL VENTERO CBV,False
6069,CB LA MATANZA,23,35.54,23.443,False,9,EL VENTERO CBV,False
6070,CB LA MATANZA,11,15.867,61.12,False,9,EL VENTERO CBV,False
6071,CB LA MATANZA,3,34.344,23.317,False,9,EL VENTERO CBV,False
6072,CB LA MATANZA,23,7.89839999999999,50.667,True,9,EL VENTERO CBV,False
6073,CB LA MATANZA,10,8.3216,47.894,False,9,EL VENTERO CBV,False
6074,CB LA MATANZA,7,5.5007,51.045,True,9,EL VENTERO CBV,False
6075,CB LA MATANZA,0,7.827,53.44,True,9,EL VENTERO CBV,False
6076,CB LA MATANZA,23,6.34699999999999,49.407,False,9,EL VENTERO CBV,False
6077,CB LA MATANZA,0,10.084,37.685,False,9,EL VENTERO CBV,False
6078,CB LA MATANZA,3,25.6,16.763,False,9,EL VENTERO CBV,False
6079,CB LA MATANZA,7,3.526,3.529,False,9,EL VENTERO CBV,False
6080,CB LA MATANZA,0,6.2059,48.02,False,9,EL VENTERO CBV,False
6081,CB LA MATANZA,9,4.513,6.1759,False,9,EL VENTERO CBV,False
6082,CB LA MATANZA,9,34.344,75.119,False,9,EL VENTERO CBV,False
6083,CB LA MATANZA,7,7.8279,48.02,True,9,EL VENTERO CBV,False
6084,CB LA MATANZA,23,6.06489999999999,49.533,True,9,EL VENTERO CBV,False
6085,CB LA MATANZA,7,10.5078,46.886,False,9,EL VENTERO CBV,False
6086,CB LA MATANZA,23,35.472,17.897,False,9,EL VENTERO CBV,False
6087,CB LA MATANZA,23,7.263,51.802,False,9,EL VENTERO CBV,False
6088,CB LA MATANZA,21,30.747,76.253,False,9,EL VENTERO CBV,False
6089,CB LA MATANZA,0,6.06489999999999,49.533,False,9,EL VENTERO CBV,False
6090,CB LA MATANZA,11,5.7122,48.777,True,9,EL VENTERO CBV,False
6091,CB LA MATANZA,9,5.2186,51.297,False,9,EL VENTERO CBV,False
6092,CB LA MATANZA,11,33.004,76.001,False,9,EL VENTERO CBV,False
6093,CB LA MATANZA,7,13.3991,49.911,False,9,EL VENTERO CBV,False
6094,CB LA MATANZA,23,13.3991,40.962,False,9,EL VENTERO CBV,False
6095,CB LA MATANZA,7,4.7249,50.919,True,9,EL VENTERO CBV,False
6096,CB LA MATANZA,11,7.5458,52.558,False,9,EL VENTERO CBV,False
6097,CB LA MATANZA,7,6.62909999999999,51.802,True,9,EL VENTERO CBV,False
6098,CB LA MATANZA,72,7.545,50.793,True,9,EL VENTERO CBV,False
6099,CB LA MATANZA,10,6.9111,50.793,False,9,EL VENTERO CBV,False
6100,CB LA MATANZA,7,36.318,68.187,False,9,EL VENTERO CBV,False
6101,CB LA MATANZA,7,8.67419999999999,73.102,True,9,EL VENTERO CBV,False
6102,CB LA MATANZA,0,8.3216,47.138,False,9,EL VENTERO CBV,False
6103,CB LA MATANZA,7,6.4175,46.634,False,9,EL VENTERO CBV,False
6104,CB LA MATANZA,21,5.7122,52.684,False,9,EL VENTERO CBV,False
6105,CB LA MATANZA,3,10.93,59.112,True,9,EL VENTERO CBV,False
6106,CB LA MATANZA,0,35.331,47.516,False,9,EL VENTERO CBV,False
6107,CB LA MATANZA,23,5.3596,50.289,True,9,EL VENTERO CBV,False
6108,CB LA MATANZA,0,6.6996,50.289,True,9,EL VENTERO CBV,False
6109,CB LA MATANZA,23,36.6,20.922,True,9,EL VENTERO CBV,False
6110,CB LA MATANZA,11,5.3596,50.037,True,9,EL VENTERO CBV,False
6111,CB LA MATANZA,3,34.414,18.905,False,9,EL VENTERO CBV,False
6112,CB LA MATANZA,23,7.0521,52.81,False,9,EL VENTERO CBV,False
6113,CB LA MATANZA,6,21.932,71.59,True,9,EL VENTERO CBV,False
6114,CB LA MATANZA,3,33.4274,71.212,False,9,EL VENTERO CBV,False
6115,CB LA MATANZA,9,37.87,42.727,False,9,EL VENTERO CBV,False
6116,CB LA MATANZA,23,5.4301,60.372,False,9,EL VENTERO CBV,False
6117,CB LA MATANZA,10,37.517,15.124,False,9,EL VENTERO CBV,False
6118,CB LA MATANZA,7,5.007,44.239,False,9,EL VENTERO CBV,False
6119,CB LA MATANZA,0,6.4175,51.5,False,9,EL VENTERO CBV,False
6120,TOSCONES CORRALEJO,9,33.215,56.213,False,10,CESUR DISTRITO OLIMPICO,True
6121,TOSCONES CORRALEJO,17,12.97,38.56,True,10,CESUR DISTRITO OLIMPICO,True
6122,TOSCONES CORRALEJO,17,7.4753,80.286,True,10,CESUR DISTRITO OLIMPICO,True
6123,TOSCONES CORRALEJO,17,6.4175,60.876,True,10,CESUR DISTRITO OLIMPICO,True
6124,TOSCONES CORRALEJO,30,33.568,43.357,False,10,CESUR DISTRITO OLIMPICO,True
6125,TOSCONES CORRALEJO,8,23.06059999999999,32.896,False,10,CESUR DISTRITO OLIMPICO,True
6126,TOSCONES CORRALEJO,17,9.238,40.584,True,10,CESUR DISTRITO OLIMPICO,True
6127,TOSCONES CORRALEJO,7,34.696,55.205,True,10,CESUR DISTRITO OLIMPICO,True
6128,TOSCONES CORRALEJO,9,21.5092,35.921,False,10,CESUR DISTRITO OLIMPICO,True
6129,TOSCONES CORRALEJO,7,9.6615,92.764,False,10,CESUR DISTRITO OLIMPICO,True
6130,TOSCONES CORRALEJO,30,14.59,61.885,False,10,CESUR DISTRITO OLIMPICO,True
6131,TOSCONES CORRALEJO,6,5.2186,94.529,True,10,CESUR DISTRITO OLIMPICO,True
6132,TOSCONES CORRALEJO,9,10.578,38.56,True,10,CESUR DISTRITO OLIMPICO,True
6133,TOSCONES CORRALEJO,17,13.04649999999999,54.448,True,10,CESUR DISTRITO OLIMPICO,True
6134,TOSCONES CORRALEJO,15,16.361,36.803,False,10,CESUR DISTRITO OLIMPICO,True
6135,TOSCONES CORRALEJO,15,31.593,75.749,True,10,CESUR DISTRITO OLIMPICO,True
6136,TOSCONES CORRALEJO,9,13.681,34.786,False,10,CESUR DISTRITO OLIMPICO,True
6137,TOSCONES CORRALEJO,9,8.1,60.876,True,10,CESUR DISTRITO OLIMPICO,True
6138,TOSCONES CORRALEJO,11,11.071,41.214,False,10,CESUR DISTRITO OLIMPICO,True
6139,TOSCONES CORRALEJO,25,12.55289999999999,83.94,False,10,CESUR DISTRITO OLIMPICO,True
6140,TOSCONES CORRALEJO,9,7.4753,37.307,True,10,CESUR DISTRITO OLIMPICO,True
6141,TOSCONES CORRALEJO,11,8.0395,3.1509,False,10,CESUR DISTRITO OLIMPICO,True
6142,TOSCONES CORRALEJO,8,11.918,40.458,True,10,CESUR DISTRITO OLIMPICO,True
6143,TOSCONES CORRALEJO,11,5.50069999999999,4.1592,False,10,CESUR DISTRITO OLIMPICO,True
6144,TOSCONES CORRALEJO,11,18.265,38.189,False,10,CESUR DISTRITO OLIMPICO,True
6145,TOSCONES CORRALEJO,9,7.545,63.523,True,10,CESUR DISTRITO OLIMPICO,True
6146,TOSCONES CORRALEJO,9,8.67419999999999,65.036,True,10,CESUR DISTRITO OLIMPICO,True
6147,TOSCONES CORRALEJO,7,28.349,87.597,False,10,CESUR DISTRITO OLIMPICO,True
6148,TOSCONES CORRALEJO,8,24.3,48.02,True,10,CESUR DISTRITO OLIMPICO,True
6149,TOSCONES CORRALEJO,9,9.3794,60.246,False,10,CESUR DISTRITO OLIMPICO,True
6150,TOSCONES CORRALEJO,17,11.7771,43.735,False,10,CESUR DISTRITO OLIMPICO,True
6151,TOSCONES CORRALEJO,8,8.5331,63.649,True,10,CESUR DISTRITO OLIMPICO,True
6152,TOSCONES CORRALEJO,6,7.96899999999999,64.784,True,10,CESUR DISTRITO OLIMPICO,True
6153,TOSCONES CORRALEJO,8,10.578,60.75,True,10,CESUR DISTRITO OLIMPICO,True
6154,TOSCONES CORRALEJO,6,7.8984,61.002,False,10,CESUR DISTRITO OLIMPICO,True
6155,TOSCONES CORRALEJO,6,30.53,16.511,False,10,CESUR DISTRITO OLIMPICO,True
6156,TOSCONES CORRALEJO,7,10.578,41.214,False,10,CESUR DISTRITO OLIMPICO,True
6157,TOSCONES CORRALEJO,7,7.61639999999999,64.4,True,10,CESUR DISTRITO OLIMPICO,True
6158,TOSCONES CORRALEJO,8,32.863,31.509,False,10,CESUR DISTRITO OLIMPICO,True
6159,TOSCONES CORRALEJO,30,9.9435,14.62,False,10,CESUR DISTRITO OLIMPICO,True
6160,TOSCONES CORRALEJO,17,9.9435,54.448,True,10,CESUR DISTRITO OLIMPICO,True
6161,TOSCONES CORRALEJO,7,10.93089999999999,76.253,True,10,CESUR DISTRITO OLIMPICO,True
6162,TOSCONES CORRALEJO,9,35.472,49.533,False,10,CESUR DISTRITO OLIMPICO,True
6163,TOSCONES CORRALEJO,7,12.27079999999999,61.002,False,10,CESUR DISTRITO OLIMPICO,True
6164,TOSCONES CORRALEJO,17,7.193200000000004,1.2603,False,10,CESUR DISTRITO OLIMPICO,True
6165,TOSCONES CORRALEJO,7,6.3469,62.515,False,10,CESUR DISTRITO OLIMPICO,True
6166,TOSCONES CORRALEJO,9,10.789,61.002,True,10,CESUR DISTRITO OLIMPICO,True
6167,TOSCONES CORRALEJO,17,27.29,81.673,False,10,CESUR DISTRITO OLIMPICO,True
6168,TOSCONES CORRALEJO,17,12.2,41.84,False,10,CESUR DISTRITO OLIMPICO,True
6169,TOSCONES CORRALEJO,7,30.67,17.267,True,10,CESUR DISTRITO OLIMPICO,True
6170,TOSCONES CORRALEJO,9,15.8674,55.205,False,10,CESUR DISTRITO OLIMPICO,True
6171,TOSCONES CORRALEJO,11,28.631,79.026,False,10,CESUR DISTRITO OLIMPICO,True
6172,TOSCONES CORRALEJO,17,8.11,43.609,False,10,CESUR DISTRITO OLIMPICO,True
6173,TOSCONES CORRALEJO,7,33.497,33.148,False,10,CESUR DISTRITO OLIMPICO,True
6174,TOSCONES CORRALEJO,9,16.57259999999999,47.642,True,10,CESUR DISTRITO OLIMPICO,True
6175,TOSCONES CORRALEJO,9,10.5078,51.045,True,10,CESUR DISTRITO OLIMPICO,True
6176,TOSCONES CORRALEJO,8,14.245,61.38,False,10,CESUR DISTRITO OLIMPICO,True
6177,TOSCONES CORRALEJO,9,9.02679999999999,43.105,False,10,CESUR DISTRITO OLIMPICO,True
6178,TOSCONES CORRALEJO,17,8.0395,61.507,True,10,CESUR DISTRITO OLIMPICO,True
6179,TOSCONES CORRALEJO,17,31.029,74.993,False,10,CESUR DISTRITO OLIMPICO,True
6180,TOSCONES CORRALEJO,9,12.2,53.188,True,10,CESUR DISTRITO OLIMPICO,True
6181,TOSCONES CORRALEJO,11,29.407,77.009,False,10,CESUR DISTRITO OLIMPICO,True
6182,TOSCONES CORRALEJO,9,30.465,76.127,True,10,CESUR DISTRITO OLIMPICO,True
6183,TOSCONES CORRALEJO,30,31.593,18.275,True,10,CESUR DISTRITO OLIMPICO,True
6184,TOSCONES CORRALEJO,25,33.568,68.943,False,10,CESUR DISTRITO OLIMPICO,True
6185,TOSCONES CORRALEJO,8,34.767,45.752,False,10,CESUR DISTRITO OLIMPICO,True
6186,TOSCONES CORRALEJO,17,19.3935,47.894,False,10,CESUR DISTRITO OLIMPICO,True
6187,TOSCONES CORRALEJO,7,34.626,59.616,False,10,CESUR DISTRITO OLIMPICO,True
6188,TOSCONES CORRALEJO,8,10.86039999999999,41.214,False,10,CESUR DISTRITO OLIMPICO,True
6189,TOSCONES CORRALEJO,7,31.875,67.304,False,10,CESUR DISTRITO OLIMPICO,True
6190,TOSCONES CORRALEJO,11,33.991,31.257,False,10,CESUR DISTRITO OLIMPICO,True
6191,TOSCONES CORRALEJO,25,8.6037,42.979,True,10,CESUR DISTRITO OLIMPICO,True
6192,TOSCONES CORRALEJO,17,11.8477,57.851,False,10,CESUR DISTRITO OLIMPICO,True
6193,TOSCONES CORRALEJO,9,8.4626,37.307,True,10,CESUR DISTRITO OLIMPICO,True
6194,TOSCONES CORRALEJO,8,30.818,79.908,False,10,CESUR DISTRITO OLIMPICO,True
6195,TOSCONES CORRALEJO,9,19.675,70.9,False,10,CESUR DISTRITO OLIMPICO,True
6196,CESUR DISTRITO OLIMPICO,16,7.8279,38.315,True,10,TOSCONES CORRALEJO,False
6197,CESUR DISTRITO OLIMPICO,2,11.636,62.263,False,10,TOSCONES CORRALEJO,False
6198,CESUR DISTRITO OLIMPICO,14,14.668,62.389,True,10,TOSCONES CORRALEJO,False
6199,CESUR DISTRITO OLIMPICO,33,15.937,60.876,False,10,TOSCONES CORRALEJO,False
6200,CESUR DISTRITO OLIMPICO,33,9.59099999999999,62.389,False,10,TOSCONES CORRALEJO,False
6201,CESUR DISTRITO OLIMPICO,12,7.8984,62.137,True,10,TOSCONES CORRALEJO,False
6202,CESUR DISTRITO OLIMPICO,2,8.0394,57.473,True,10,TOSCONES CORRALEJO,False
6203,CESUR DISTRITO OLIMPICO,41,16.29059999999999,93.899,False,10,TOSCONES CORRALEJO,False
6204,CESUR DISTRITO OLIMPICO,2,19.46,5.2936,True,10,TOSCONES CORRALEJO,False
6205,CESUR DISTRITO OLIMPICO,12,23.6953,7.6883,False,10,TOSCONES CORRALEJO,False
6206,CESUR DISTRITO OLIMPICO,7,7.4753,94.277,False,10,TOSCONES CORRALEJO,False
6207,CESUR DISTRITO OLIMPICO,12,7.404,2.7728,True,10,TOSCONES CORRALEJO,False
6208,CESUR DISTRITO OLIMPICO,33,34.626,46.13,False,10,TOSCONES CORRALEJO,False
6209,CESUR DISTRITO OLIMPICO,14,30.253,74.11,True,10,TOSCONES CORRALEJO,False
6210,CESUR DISTRITO OLIMPICO,33,26.727,16.13,False,10,TOSCONES CORRALEJO,False
6211,CESUR DISTRITO OLIMPICO,16,21.72,41.088,False,10,TOSCONES CORRALEJO,False
6212,CESUR DISTRITO OLIMPICO,13,9.30889999999999,58.986,True,10,TOSCONES CORRALEJO,False
6213,CESUR DISTRITO OLIMPICO,2,10.366,70.455,False,10,TOSCONES CORRALEJO,False
6214,CESUR DISTRITO OLIMPICO,14,29.76,78.9,True,10,TOSCONES CORRALEJO,False
6215,CESUR DISTRITO OLIMPICO,14,13.1876,23.569,False,10,TOSCONES CORRALEJO,False
6216,CESUR DISTRITO OLIMPICO,33,11.636,66.926,False,10,TOSCONES CORRALEJO,False
6217,CESUR DISTRITO OLIMPICO,2,33.568,56.087,False,10,TOSCONES CORRALEJO,False
6218,CESUR DISTRITO OLIMPICO,2,12.83,1.6385,True,10,TOSCONES CORRALEJO,False
6219,CESUR DISTRITO OLIMPICO,15,8.8858,41.718,True,10,TOSCONES CORRALEJO,False
6220,CESUR DISTRITO OLIMPICO,14,34.555,45.626,True,10,TOSCONES CORRALEJO,False
6221,CESUR DISTRITO OLIMPICO,16,33.92,37.937,False,10,TOSCONES CORRALEJO,False
6222,CESUR DISTRITO OLIMPICO,2,5.5712,93.899,True,10,TOSCONES CORRALEJO,False
6223,CESUR DISTRITO OLIMPICO,14,10.578,45.5,True,10,TOSCONES CORRALEJO,False
6224,CESUR DISTRITO OLIMPICO,2,30.606,80.79,True,10,TOSCONES CORRALEJO,False
6225,CESUR DISTRITO OLIMPICO,2,9.732,61.12,False,10,TOSCONES CORRALEJO,False
6226,CESUR DISTRITO OLIMPICO,33,12.83,2.268,False,10,TOSCONES CORRALEJO,False
6227,CESUR DISTRITO OLIMPICO,2,36.036,27.35,False,10,TOSCONES CORRALEJO,False
6228,CESUR DISTRITO OLIMPICO,41,32.15,78.648,True,10,TOSCONES CORRALEJO,False
6229,CESUR DISTRITO OLIMPICO,2,11.001,32.39,False,10,TOSCONES CORRALEJO,False
6230,CESUR DISTRITO OLIMPICO,12,8.1805,56.465,False,10,TOSCONES CORRALEJO,False
6231,CESUR DISTRITO OLIMPICO,14,13.117,40.584,False,10,TOSCONES CORRALEJO,False
6232,CESUR DISTRITO OLIMPICO,16,8.18049999999999,58.86,False,10,TOSCONES CORRALEJO,False
6233,CESUR DISTRITO OLIMPICO,2,12.905,62.389,False,10,TOSCONES CORRALEJO,False
6234,CESUR DISTRITO OLIMPICO,16,13.7518,1.0083,False,10,TOSCONES CORRALEJO,False
6235,CESUR DISTRITO OLIMPICO,33,34.555,44.995,False,10,TOSCONES CORRALEJO,False
6236,CESUR DISTRITO OLIMPICO,10,32.228,24.955,False,10,TOSCONES CORRALEJO,False
6237,CESUR DISTRITO OLIMPICO,2,6.9111,61.759,True,10,TOSCONES CORRALEJO,False
6238,CESUR DISTRITO OLIMPICO,12,23.483,89.235,False,10,TOSCONES CORRALEJO,False
6239,CESUR DISTRITO OLIMPICO,16,10.578,61.507,True,10,TOSCONES CORRALEJO,False
6240,CESUR DISTRITO OLIMPICO,10,30.042,79.404,False,10,TOSCONES CORRALEJO,False
6241,CESUR DISTRITO OLIMPICO,12,31.17,31.257,False,10,TOSCONES CORRALEJO,False
6242,CESUR DISTRITO OLIMPICO,41,15.3738,71.968,False,10,TOSCONES CORRALEJO,False
6243,CESUR DISTRITO OLIMPICO,41,10.36669999999999,61.633,True,10,TOSCONES CORRALEJO,False
6244,CESUR DISTRITO OLIMPICO,2,9.59099999999999,62.893,False,10,TOSCONES CORRALEJO,False
6245,CESUR DISTRITO OLIMPICO,33,34.837,53.188,True,10,TOSCONES CORRALEJO,False
6246,CESUR DISTRITO OLIMPICO,16,8.8858,65.288,True,10,TOSCONES CORRALEJO,False
6247,CESUR DISTRITO OLIMPICO,2,10.789,60.876,True,10,TOSCONES CORRALEJO,False
6248,CESUR DISTRITO OLIMPICO,41,31.593,21.426,False,10,TOSCONES CORRALEJO,False
6249,CESUR DISTRITO OLIMPICO,14,7.7574,56.213,True,10,TOSCONES CORRALEJO,False
6250,CESUR DISTRITO OLIMPICO,2,29.407,78.522,False,10,TOSCONES CORRALEJO,False
6251,CESUR DISTRITO OLIMPICO,41,11.35,33.148,False,10,TOSCONES CORRALEJO,False
6252,CESUR DISTRITO OLIMPICO,33,24.5416,89.109,False,10,TOSCONES CORRALEJO,False
6253,CESUR DISTRITO OLIMPICO,2,11.35,33.148,True,10,TOSCONES CORRALEJO,False
6254,CESUR DISTRITO OLIMPICO,2,14.2454,26.468,False,10,TOSCONES CORRALEJO,False
6255,CESUR DISTRITO OLIMPICO,14,12.2,58.986,False,10,TOSCONES CORRALEJO,False
6256,CESUR DISTRITO OLIMPICO,14,8.8857,56.969,True,10,TOSCONES CORRALEJO,False
6257,CESUR DISTRITO OLIMPICO,41,29.196,17.645,False,10,TOSCONES CORRALEJO,False
6258,CESUR DISTRITO OLIMPICO,41,8.8857,71.08,True,10,TOSCONES CORRALEJO,False
6259,CESUR DISTRITO OLIMPICO,41,11.001,71.338,False,10,TOSCONES CORRALEJO,False
6260,CESUR DISTRITO OLIMPICO,16,30.677,20.67,False,10,TOSCONES CORRALEJO,False
6261,CESUR DISTRITO OLIMPICO,14,10.296,38.56,True,10,TOSCONES CORRALEJO,False
6262,CESUR DISTRITO OLIMPICO,2,7.6163,54.7,True,10,TOSCONES CORRALEJO,False
6263,CESUR DISTRITO OLIMPICO,2,25.24679999999999,11.595,False,10,TOSCONES CORRALEJO,False
6264,CESUR DISTRITO OLIMPICO,2,28.772,79.656,False,10,TOSCONES CORRALEJO,False
6265,MOVISTAR ESTUDIANTES,9,10.137,29.49,False,10,TOBARRA CB,True
6266,MOVISTAR ESTUDIANTES,7,5.3818,4.5077,True,10,TOBARRA CB,True
6267,MOVISTAR ESTUDIANTES,6,28.157,81.98,False,10,TOBARRA CB,True
6268,MOVISTAR ESTUDIANTES,8,9.751,45.276,False,10,TOBARRA CB,True
6269,MOVISTAR ESTUDIANTES,6,28.965,13.55,True,10,TOBARRA CB,True
6270,MOVISTAR ESTUDIANTES,9,9.8224,60.434,False,10,TOBARRA CB,True
6271,MOVISTAR ESTUDIANTES,15,7.0559,94.448,False,10,TOBARRA CB,True
6272,MOVISTAR ESTUDIANTES,6,30.879,76.084,False,10,TOBARRA CB,True
6273,MOVISTAR ESTUDIANTES,9,6.34539999999999,28.506,False,10,TOBARRA CB,True
6274,MOVISTAR ESTUDIANTES,25,27.628,84.004,False,10,TOBARRA CB,True
6275,MOVISTAR ESTUDIANTES,6,31.66,82.909,False,10,TOBARRA CB,True
6276,MOVISTAR ESTUDIANTES,7,28.3704,83.203,False,10,TOBARRA CB,True
6277,MOVISTAR ESTUDIANTES,9,8.9609,46.553,False,10,TOBARRA CB,True
6278,MOVISTAR ESTUDIANTES,6,29.467,79.62,True,10,TOBARRA CB,True
6279,MOVISTAR ESTUDIANTES,6,8.6056,94.186,True,10,TOBARRA CB,True
6280,MOVISTAR ESTUDIANTES,8,29.3828,13.078,False,10,TOBARRA CB,True
6281,MOVISTAR ESTUDIANTES,8,10.1465,5.6029,False,10,TOBARRA CB,True
6282,MOVISTAR ESTUDIANTES,2,11.6,34.895,False,10,TOBARRA CB,True
6283,MOVISTAR ESTUDIANTES,7,27.779,81.227,False,10,TOBARRA CB,True
6284,MOVISTAR ESTUDIANTES,25,29.049,17.16,False,10,TOBARRA CB,True
6285,MOVISTAR ESTUDIANTES,2,9.3117,39.736,False,10,TOBARRA CB,True
6286,MOVISTAR ESTUDIANTES,7,15.883,74.687,True,10,TOBARRA CB,True
6287,MOVISTAR ESTUDIANTES,7,30.31,78.02,False,10,TOBARRA CB,True
6288,MOVISTAR ESTUDIANTES,19,18.001,44.974,True,10,TOBARRA CB,True
6289,MOVISTAR ESTUDIANTES,7,12.8952,48.95,False,10,TOBARRA CB,True
6290,MOVISTAR ESTUDIANTES,2,25.4218,86.599,False,10,TOBARRA CB,True
6291,MOVISTAR ESTUDIANTES,6,5.7371,95.766,True,10,TOBARRA CB,True
6292,MOVISTAR ESTUDIANTES,8,11.1456,55.331,True,10,TOBARRA CB,True
6293,MOVISTAR ESTUDIANTES,11,26.61629999999999,11.515,False,10,TOBARRA CB,True
6294,MOVISTAR ESTUDIANTES,2,11.238,62.2,False,10,TOBARRA CB,True
6295,MOVISTAR ESTUDIANTES,19,5.3641,5.3887,False,10,TOBARRA CB,True
6296,MOVISTAR ESTUDIANTES,8,6.18999999999999,6.6902,False,10,TOBARRA CB,True
6297,MOVISTAR ESTUDIANTES,9,12.491,51.41,True,10,TOBARRA CB,True
6298,MOVISTAR ESTUDIANTES,9,7.5976,57.045,True,10,TOBARRA CB,True
6299,MOVISTAR ESTUDIANTES,7,10.76819999999999,51.029,True,10,TOBARRA CB,True
6300,MOVISTAR ESTUDIANTES,11,29.813,79.362,False,10,TOBARRA CB,True
6301,MOVISTAR ESTUDIANTES,19,32.846,22.26,True,10,TOBARRA CB,True
6302,MOVISTAR ESTUDIANTES,6,31.123,81.925,False,10,TOBARRA CB,True
6303,MOVISTAR ESTUDIANTES,19,11.674,49.22,True,10,TOBARRA CB,True
6304,MOVISTAR ESTUDIANTES,12,18.992,73.941,False,10,TOBARRA CB,True
6305,MOVISTAR ESTUDIANTES,25,6.2078,19.9,True,10,TOBARRA CB,True
6306,MOVISTAR ESTUDIANTES,8,7.24689999999999,96.599,False,10,TOBARRA CB,True
6307,MOVISTAR ESTUDIANTES,6,12.708,49.942,True,10,TOBARRA CB,True
6308,MOVISTAR ESTUDIANTES,25,20.133,94.05,True,10,TOBARRA CB,True
6309,MOVISTAR ESTUDIANTES,2,29.4805,80.933,False,10,TOBARRA CB,True
6310,MOVISTAR ESTUDIANTES,8,6.30549999999999,95.25,True,10,TOBARRA CB,True
6311,MOVISTAR ESTUDIANTES,9,16.172,57.97,False,10,TOBARRA CB,True
6312,MOVISTAR ESTUDIANTES,8,31.789,40.966,False,10,TOBARRA CB,True
6313,MOVISTAR ESTUDIANTES,2,8.43689999999999,96.964,False,10,TOBARRA CB,True
6314,MOVISTAR ESTUDIANTES,8,7.4689,73.65,False,10,TOBARRA CB,True
6315,MOVISTAR ESTUDIANTES,25,35.541,66.981,False,10,TOBARRA CB,True
6316,MOVISTAR ESTUDIANTES,12,16.274,5.4838,False,10,TOBARRA CB,True
6317,MOVISTAR ESTUDIANTES,9,5.6971,60.83,False,10,TOBARRA CB,True
6318,MOVISTAR ESTUDIANTES,11,26.034,18.634,True,10,TOBARRA CB,True
6319,MOVISTAR ESTUDIANTES,8,33.25,20.15,False,10,TOBARRA CB,True
6320,MOVISTAR ESTUDIANTES,11,26.736,17.213,False,10,TOBARRA CB,True
6321,MOVISTAR ESTUDIANTES,2,30.075,16.118,False,10,TOBARRA CB,True
6322,MOVISTAR ESTUDIANTES,7,10.71049999999999,69.727,False,10,TOBARRA CB,True
6323,MOVISTAR ESTUDIANTES,22,11.012,49.434,True,10,TOBARRA CB,True
6324,MOVISTAR ESTUDIANTES,9,22.246,51.561,False,10,TOBARRA CB,True
6325,MOVISTAR ESTUDIANTES,9,16.358,68.203,True,10,TOBARRA CB,True
6326,MOVISTAR ESTUDIANTES,6,7.4467,5.6664,False,10,TOBARRA CB,True
6327,MOVISTAR ESTUDIANTES,8,24.782,85.766,False,10,TOBARRA CB,True
6328,MOVISTAR ESTUDIANTES,6,26.274,80.473,False,10,TOBARRA CB,True
6329,MOVISTAR ESTUDIANTES,9,10.981,54.14,True,10,TOBARRA CB,True
6330,MOVISTAR ESTUDIANTES,9,9.6847,52.704,True,10,TOBARRA CB,True
6331,MOVISTAR ESTUDIANTES,25,8.1927,4.5315,False,10,TOBARRA CB,True
6332,MOVISTAR ESTUDIANTES,8,8.08169999999999,97.03,False,10,TOBARRA CB,True
6333,MOVISTAR ESTUDIANTES,22,10.417,45.125,True,10,TOBARRA CB,True
6334,MOVISTAR ESTUDIANTES,9,12.00709999999999,52.363,True,10,TOBARRA CB,True
6335,MOVISTAR ESTUDIANTES,6,19.502,20.697,True,10,TOBARRA CB,True
6336,MOVISTAR ESTUDIANTES,6,7.695400000000006,5.1664,True,10,TOBARRA CB,True
6337,MOVISTAR ESTUDIANTES,6,30.5994,22.975,True,10,TOBARRA CB,True
6338,MOVISTAR ESTUDIANTES,12,11.203,48.633,False,10,TOBARRA CB,True
6339,MOVISTAR ESTUDIANTES,12,10.00889999999999,49.482,True,10,TOBARRA CB,True
6340,MOVISTAR ESTUDIANTES,2,32.11369999999999,74.068,False,10,TOBARRA CB,True
6341,MOVISTAR ESTUDIANTES,9,9.88,43.815,True,10,TOBARRA CB,True
6342,MOVISTAR ESTUDIANTES,11,35.541,51.847,True,10,TOBARRA CB,True
6343,TOBARRA CB,32,13.3259,53.585,True,10,MOVISTAR ESTUDIANTES,False
6344,TOBARRA CB,3,10.723,61.108,False,10,MOVISTAR ESTUDIANTES,False
6345,TOBARRA CB,32,38.854,22.713,False,10,MOVISTAR ESTUDIANTES,False
6346,TOBARRA CB,32,8.3881,60.434,True,10,MOVISTAR ESTUDIANTES,False
6347,TOBARRA CB,21,9.24949999999999,59.267,False,10,MOVISTAR ESTUDIANTES,False
6348,TOBARRA CB,3,10.186,57.299,True,10,MOVISTAR ESTUDIANTES,False
6349,TOBARRA CB,3,6.6252,43.29,False,10,MOVISTAR ESTUDIANTES,False
6350,TOBARRA CB,21,7.04259999999999,94.25,False,10,MOVISTAR ESTUDIANTES,False
6351,TOBARRA CB,3,10.173,38.562,True,10,MOVISTAR ESTUDIANTES,False
6352,TOBARRA CB,34,13.072,53.244,False,10,MOVISTAR ESTUDIANTES,False
6353,TOBARRA CB,3,18.099,76.155,True,10,MOVISTAR ESTUDIANTES,False
6354,TOBARRA CB,0,33.934,16.9,False,10,MOVISTAR ESTUDIANTES,False
6355,TOBARRA CB,3,31.32769999999999,79.616,False,10,MOVISTAR ESTUDIANTES,False
6356,TOBARRA CB,21,10.07099999999999,74.687,False,10,MOVISTAR ESTUDIANTES,False
6357,TOBARRA CB,0,32.7442,30.205,False,10,MOVISTAR ESTUDIANTES,False
6358,TOBARRA CB,31,12.1936,52.418,True,10,MOVISTAR ESTUDIANTES,False
6359,TOBARRA CB,0,11.238,49.506,False,10,MOVISTAR ESTUDIANTES,False
6360,TOBARRA CB,3,15.83039999999999,42.17,False,10,MOVISTAR ESTUDIANTES,False
6361,TOBARRA CB,32,5.3863,44.228,False,10,MOVISTAR ESTUDIANTES,False
6362,TOBARRA CB,28,9.85339999999999,75.719,True,10,MOVISTAR ESTUDIANTES,False
6363,TOBARRA CB,3,35.404,18.91,False,10,MOVISTAR ESTUDIANTES,False
6364,TOBARRA CB,3,33.5789999999999,62.934,True,10,MOVISTAR ESTUDIANTES,False
6365,TOBARRA CB,31,14.34279999999999,44.466,False,10,MOVISTAR ESTUDIANTES,False
6366,TOBARRA CB,32,20.128,24.13,True,10,MOVISTAR ESTUDIANTES,False
6367,TOBARRA CB,34,11.065,39.633,True,10,MOVISTAR ESTUDIANTES,False
6368,TOBARRA CB,0,35.39,50.601,True,10,MOVISTAR ESTUDIANTES,False
6369,TOBARRA CB,7,13.43689999999999,52.49,False,10,MOVISTAR ESTUDIANTES,False
6370,TOBARRA CB,28,20.95,93.52,True,10,MOVISTAR ESTUDIANTES,False
6371,TOBARRA CB,0,18.21,69.259,True,10,MOVISTAR ESTUDIANTES,False
6372,TOBARRA CB,28,10.714,53.331,True,10,MOVISTAR ESTUDIANTES,False
6373,TOBARRA CB,32,14.96,60.902,False,10,MOVISTAR ESTUDIANTES,False
6374,TOBARRA CB,21,11.598,18.34,False,10,MOVISTAR ESTUDIANTES,False
6375,TOBARRA CB,28,33.5169,15.721,False,10,MOVISTAR ESTUDIANTES,False
6376,TOBARRA CB,3,30.26,80.703,True,10,MOVISTAR ESTUDIANTES,False
6377,TOBARRA CB,7,14.702,43.895,False,10,MOVISTAR ESTUDIANTES,False
6378,TOBARRA CB,28,12.69979999999999,51.75,True,10,MOVISTAR ESTUDIANTES,False
6379,TOBARRA CB,21,13.1439,51.823,True,10,MOVISTAR ESTUDIANTES,False
6380,TOBARRA CB,28,13.54789999999999,54.418,True,10,MOVISTAR ESTUDIANTES,False
6381,TOBARRA CB,3,24.06,4.0871,False,10,MOVISTAR ESTUDIANTES,False
6382,TOBARRA CB,32,12.664,35.83,False,10,MOVISTAR ESTUDIANTES,False
6383,TOBARRA CB,6,10.5506,40.657,False,10,MOVISTAR ESTUDIANTES,False
6384,TOBARRA CB,7,9.9511,41.339,False,10,MOVISTAR ESTUDIANTES,False
6385,TOBARRA CB,3,14.86239999999999,52.291,False,10,MOVISTAR ESTUDIANTES,False
6386,TOBARRA CB,0,12.8597,60.632,True,10,MOVISTAR ESTUDIANTES,False
6387,TOBARRA CB,32,9.6891,43.109,True,10,MOVISTAR ESTUDIANTES,False
6388,TOBARRA CB,32,27.744,82.123,False,10,MOVISTAR ESTUDIANTES,False
6389,TOBARRA CB,3,17.06919999999999,27.403,False,10,MOVISTAR ESTUDIANTES,False
6390,TOBARRA CB,3,35.879,51.783,True,10,MOVISTAR ESTUDIANTES,False
6391,TOBARRA CB,3,11.86499999999999,57.569,False,10,MOVISTAR ESTUDIANTES,False
6392,TOBARRA CB,28,5.1909,5.2775,True,10,MOVISTAR ESTUDIANTES,False
6393,TOBARRA CB,32,15.537,24.991,False,10,MOVISTAR ESTUDIANTES,False
6394,TOBARRA CB,28,27.56659999999999,14.324,True,10,MOVISTAR ESTUDIANTES,False
6395,TOBARRA CB,32,26.75,84.441,True,10,MOVISTAR ESTUDIANTES,False
6396,TOBARRA CB,34,14.702,43.895,False,10,MOVISTAR ESTUDIANTES,False
6397,TOBARRA CB,0,9.3428,57.68,True,10,MOVISTAR ESTUDIANTES,False
6398,TOBARRA CB,3,12.087,53.855,True,10,MOVISTAR ESTUDIANTES,False
6399,TOBARRA CB,32,29.036,80.512,False,10,MOVISTAR ESTUDIANTES,False
6400,TOBARRA CB,7,7.5044,84.488,False,10,MOVISTAR ESTUDIANTES,False
6401,TOBARRA CB,0,9.6713,50.482,True,10,MOVISTAR ESTUDIANTES,False
6402,TOBARRA CB,32,8.1794,60.997,True,10,MOVISTAR ESTUDIANTES,False
6403,TOBARRA CB,0,29.10299999999999,83.036,False,10,MOVISTAR ESTUDIANTES,False
6404,TOBARRA CB,7,11.873,38.308,False,10,MOVISTAR ESTUDIANTES,False
6405,TOBARRA CB,31,12.109,36.212,False,10,MOVISTAR ESTUDIANTES,False
6406,TOBARRA CB,0,38.006,20.142,False,10,MOVISTAR ESTUDIANTES,False
6407,TOBARRA CB,0,11.43429999999999,63.592,False,10,MOVISTAR ESTUDIANTES,False
6408,TOBARRA CB,28,12.7531,54.855,False,10,MOVISTAR ESTUDIANTES,False
6409,SUMIALKI CB CIUDAD DE MOSTOLES,8,12.27,47.642,True,10,EL VENTERO CBV,True
6410,SUMIALKI CB CIUDAD DE MOSTOLES,15,16.07,1.8905,False,10,EL VENTERO CBV,True
6411,SUMIALKI CB CIUDAD DE MOSTOLES,9,36.036,61.759,True,10,EL VENTERO CBV,True
6412,SUMIALKI CB CIUDAD DE MOSTOLES,25,5.99439999999999,50.037,False,10,EL VENTERO CBV,True
6413,SUMIALKI CB CIUDAD DE MOSTOLES,20,9.5909,50.163,False,10,EL VENTERO CBV,True
6414,SUMIALKI CB CIUDAD DE MOSTOLES,29,35.754,41.97,True,10,EL VENTERO CBV,True
6415,SUMIALKI CB CIUDAD DE MOSTOLES,12,29.266,9.705,False,10,EL VENTERO CBV,True
6416,SUMIALKI CB CIUDAD DE MOSTOLES,20,11.071,56.591,False,10,EL VENTERO CBV,True
6417,SUMIALKI CB CIUDAD DE MOSTOLES,8,37.87,44.995,False,10,EL VENTERO CBV,True
6418,SUMIALKI CB CIUDAD DE MOSTOLES,25,11.071,47.894,True,10,EL VENTERO CBV,True
6419,SUMIALKI CB CIUDAD DE MOSTOLES,25,10.1551,51.423,True,10,EL VENTERO CBV,True
6420,SUMIALKI CB CIUDAD DE MOSTOLES,4,32.51,16.0,False,10,EL VENTERO CBV,True
6421,SUMIALKI CB CIUDAD DE MOSTOLES,20,9.167,22.308,True,10,EL VENTERO CBV,True
6422,SUMIALKI CB CIUDAD DE MOSTOLES,4,9.73,49.785,False,10,EL VENTERO CBV,True
6423,SUMIALKI CB CIUDAD DE MOSTOLES,88,34.908,71.212,False,10,EL VENTERO CBV,True
6424,SUMIALKI CB CIUDAD DE MOSTOLES,88,19.3935,89.991,False,10,EL VENTERO CBV,True
6425,SUMIALKI CB CIUDAD DE MOSTOLES,9,11.565,20.04,True,10,EL VENTERO CBV,True
6426,SUMIALKI CB CIUDAD DE MOSTOLES,4,33.92,23.065,False,10,EL VENTERO CBV,True
6427,SUMIALKI CB CIUDAD DE MOSTOLES,29,9.73,15.502,False,10,EL VENTERO CBV,True
6428,SUMIALKI CB CIUDAD DE MOSTOLES,88,32.087,17.393,False,10,EL VENTERO CBV,True
6429,SUMIALKI CB CIUDAD DE MOSTOLES,4,31.7348,12.85,False,10,EL VENTERO CBV,True
6430,SUMIALKI CB CIUDAD DE MOSTOLES,8,9.59099999999999,48.27,False,10,EL VENTERO CBV,True
6431,SUMIALKI CB CIUDAD DE MOSTOLES,8,11.847,36.047,False,10,EL VENTERO CBV,True
6432,SUMIALKI CB CIUDAD DE MOSTOLES,88,11.706,45.752,False,10,EL VENTERO CBV,True
6433,SUMIALKI CB CIUDAD DE MOSTOLES,22,9.3794,24.955,False,10,EL VENTERO CBV,True
6434,SUMIALKI CB CIUDAD DE MOSTOLES,29,36.177,69.321,True,10,EL VENTERO CBV,True
6435,SUMIALKI CB CIUDAD DE MOSTOLES,20,10.296,48.52,True,10,EL VENTERO CBV,True
6436,SUMIALKI CB CIUDAD DE MOSTOLES,13,17.136,6.9321,False,10,EL VENTERO CBV,True
6437,SUMIALKI CB CIUDAD DE MOSTOLES,88,9.0973,95.537,True,10,EL VENTERO CBV,True
6438,SUMIALKI CB CIUDAD DE MOSTOLES,29,8.3215,87.849,False,10,EL VENTERO CBV,True
6439,SUMIALKI CB CIUDAD DE MOSTOLES,8,9.167,50.163,True,10,EL VENTERO CBV,True
6440,SUMIALKI CB CIUDAD DE MOSTOLES,4,10.64879999999999,48.146,True,10,EL VENTERO CBV,True
6441,SUMIALKI CB CIUDAD DE MOSTOLES,20,8.251,52.432,False,10,EL VENTERO CBV,True
6442,SUMIALKI CB CIUDAD DE MOSTOLES,9,36.459,48.903,False,10,EL VENTERO CBV,True
6443,SUMIALKI CB CIUDAD DE MOSTOLES,8,10.225,48.27,False,10,EL VENTERO CBV,True
6444,SUMIALKI CB CIUDAD DE MOSTOLES,4,25.528,8.8227,False,10,EL VENTERO CBV,True
6445,SUMIALKI CB CIUDAD DE MOSTOLES,9,36.177,47.894,True,10,EL VENTERO CBV,True
6446,SUMIALKI CB CIUDAD DE MOSTOLES,4,8.6037,51.045,False,10,EL VENTERO CBV,True
6447,SUMIALKI CB CIUDAD DE MOSTOLES,4,25.74,10.713,True,10,EL VENTERO CBV,True
6448,SUMIALKI CB CIUDAD DE MOSTOLES,88,31.382,13.234,False,10,EL VENTERO CBV,True
6449,SUMIALKI CB CIUDAD DE MOSTOLES,13,33.7,84.068,False,10,EL VENTERO CBV,True
6450,SUMIALKI CB CIUDAD DE MOSTOLES,88,9.3794,49.533,False,10,EL VENTERO CBV,True
6451,SUMIALKI CB CIUDAD DE MOSTOLES,8,11.706,45.752,True,10,EL VENTERO CBV,True
6452,SUMIALKI CB CIUDAD DE MOSTOLES,88,11.21,44.617,True,10,EL VENTERO CBV,True
6453,SUMIALKI CB CIUDAD DE MOSTOLES,88,10.08459999999999,49.659,True,10,EL VENTERO CBV,True
6454,SUMIALKI CB CIUDAD DE MOSTOLES,12,10.2257,47.138,False,10,EL VENTERO CBV,True
6455,SUMIALKI CB CIUDAD DE MOSTOLES,88,16.713,48.146,False,10,EL VENTERO CBV,True
6456,SUMIALKI CB CIUDAD DE MOSTOLES,8,32.0169,10.209,False,10,EL VENTERO CBV,True
6457,SUMIALKI CB CIUDAD DE MOSTOLES,88,10.014,46.76,True,10,EL VENTERO CBV,True
6458,SUMIALKI CB CIUDAD DE MOSTOLES,15,10.93089999999999,46.634,False,10,EL VENTERO CBV,True
6459,SUMIALKI CB CIUDAD DE MOSTOLES,29,14.315,49.155,False,10,EL VENTERO CBV,True
6460,SUMIALKI CB CIUDAD DE MOSTOLES,20,7.89839999999999,76.379,False,10,EL VENTERO CBV,True
6461,SUMIALKI CB CIUDAD DE MOSTOLES,4,13.117,50.163,False,10,EL VENTERO CBV,True
6462,SUMIALKI CB CIUDAD DE MOSTOLES,8,9.80249999999999,47.138,False,10,EL VENTERO CBV,True
6463,SUMIALKI CB CIUDAD DE MOSTOLES,20,11.777,48.39,True,10,EL VENTERO CBV,True
6464,SUMIALKI CB CIUDAD DE MOSTOLES,13,34.414,78.27,False,10,EL VENTERO CBV,True
6465,SUMIALKI CB CIUDAD DE MOSTOLES,4,11.8477,48.903,False,10,EL VENTERO CBV,True
6466,SUMIALKI CB CIUDAD DE MOSTOLES,15,9.026,48.02,True,10,EL VENTERO CBV,True
6467,SUMIALKI CB CIUDAD DE MOSTOLES,4,17.912,2.7728,False,10,EL VENTERO CBV,True
6468,SUMIALKI CB CIUDAD DE MOSTOLES,4,11.495,51.5,True,10,EL VENTERO CBV,True
6469,SUMIALKI CB CIUDAD DE MOSTOLES,22,28.5614,10.461,False,10,EL VENTERO CBV,True
6470,SUMIALKI CB CIUDAD DE MOSTOLES,4,12.623,47.642,True,10,EL VENTERO CBV,True
6471,SUMIALKI CB CIUDAD DE MOSTOLES,88,10.36669999999999,50.289,True,10,EL VENTERO CBV,True
6472,SUMIALKI CB CIUDAD DE MOSTOLES,8,10.789,48.02,True,10,EL VENTERO CBV,True
6473,SUMIALKI CB CIUDAD DE MOSTOLES,22,13.892,23.317,False,10,EL VENTERO CBV,True
6474,SUMIALKI CB CIUDAD DE MOSTOLES,22,31.2412,12.477,True,10,EL VENTERO CBV,True
6475,SUMIALKI CB CIUDAD DE MOSTOLES,9,11.2835,48.52,False,10,EL VENTERO CBV,True
6476,SUMIALKI CB CIUDAD DE MOSTOLES,8,36.459,37.181,False,10,EL VENTERO CBV,True
6477,SUMIALKI CB CIUDAD DE MOSTOLES,25,36.882,49.029,False,10,EL VENTERO CBV,True
6478,SUMIALKI CB CIUDAD DE MOSTOLES,88,27.57,8.8227,True,10,EL VENTERO CBV,True
6479,SUMIALKI CB CIUDAD DE MOSTOLES,29,11.636,47.894,True,10,EL VENTERO CBV,True
6480,SUMIALKI CB CIUDAD DE MOSTOLES,29,27.2214,10.713,False,10,EL VENTERO CBV,True
6481,EL VENTERO CBV,10,34.7673,81.547,True,10,SUMIALKI CB CIUDAD DE MOSTOLES,False
6482,EL VENTERO CBV,0,10.014,48.27,False,10,SUMIALKI CB CIUDAD DE MOSTOLES,False
6483,EL VENTERO CBV,1,17.066,22.813,True,10,SUMIALKI CB CIUDAD DE MOSTOLES,False
6484,EL VENTERO CBV,10,40.197,74.489,False,10,SUMIALKI CB CIUDAD DE MOSTOLES,False
6485,EL VENTERO CBV,18,11.424,46.886,False,10,SUMIALKI CB CIUDAD DE MOSTOLES,False
6486,EL VENTERO CBV,18,9.5204,49.407,True,10,SUMIALKI CB CIUDAD DE MOSTOLES,False
6487,EL VENTERO CBV,1,34.767,82.177,False,10,SUMIALKI CB CIUDAD DE MOSTOLES,False
6488,EL VENTERO CBV,1,9.5204,49.785,True,10,SUMIALKI CB CIUDAD DE MOSTOLES,False
6489,EL VENTERO CBV,22,9.661,48.146,True,10,SUMIALKI CB CIUDAD DE MOSTOLES,False
6490,EL VENTERO CBV,0,10.648,50.541,False,10,SUMIALKI CB CIUDAD DE MOSTOLES,False
6491,EL VENTERO CBV,1,11.98869999999999,50.289,True,10,SUMIALKI CB CIUDAD DE MOSTOLES,False
6492,EL VENTERO CBV,41,9.2383,43.609,False,10,SUMIALKI CB CIUDAD DE MOSTOLES,False
6493,EL VENTERO CBV,10,12.2,47.516,True,10,SUMIALKI CB CIUDAD DE MOSTOLES,False
6494,EL VENTERO CBV,1,15.44429999999999,47.39,False,10,SUMIALKI CB CIUDAD DE MOSTOLES,False
6495,EL VENTERO CBV,0,11.636,47.138,True,10,SUMIALKI CB CIUDAD DE MOSTOLES,False
6496,EL VENTERO CBV,22,26.304,88.731,True,10,SUMIALKI CB CIUDAD DE MOSTOLES,False
6497,EL VENTERO CBV,0,9.4499,46.13,False,10,SUMIALKI CB CIUDAD DE MOSTOLES,False
6498,EL VENTERO CBV,10,8.0394,50.793,False,10,SUMIALKI CB CIUDAD DE MOSTOLES,False
6499,EL VENTERO CBV,10,11.071,47.894,True,10,SUMIALKI CB CIUDAD DE MOSTOLES,False
6500,EL VENTERO CBV,27,33.215,21.93,True,10,SUMIALKI CB CIUDAD DE MOSTOLES,False
6501,EL VENTERO CBV,1,13.4697,50.289,False,10,SUMIALKI CB CIUDAD DE MOSTOLES,False
6502,EL VENTERO CBV,10,11.35,47.264,True,10,SUMIALKI CB CIUDAD DE MOSTOLES,False
6503,EL VENTERO CBV,3,10.08459999999999,46.256,False,10,SUMIALKI CB CIUDAD DE MOSTOLES,False
6504,EL VENTERO CBV,10,35.119,68.439,False,10,SUMIALKI CB CIUDAD DE MOSTOLES,False
6505,EL VENTERO CBV,10,10.155,47.768,True,10,SUMIALKI CB CIUDAD DE MOSTOLES,False
6506,EL VENTERO CBV,18,5.0775,50.163,False,10,SUMIALKI CB CIUDAD DE MOSTOLES,False
6507,EL VENTERO CBV,3,11.071,47.894,True,10,SUMIALKI CB CIUDAD DE MOSTOLES,False
6508,EL VENTERO CBV,18,9.4499,48.27,False,10,SUMIALKI CB CIUDAD DE MOSTOLES,False
6509,EL VENTERO CBV,41,10.648,4.4113,True,10,SUMIALKI CB CIUDAD DE MOSTOLES,False
6510,EL VENTERO CBV,10,10.578,48.52,True,10,SUMIALKI CB CIUDAD DE MOSTOLES,False
6511,EL VENTERO CBV,10,9.02679999999999,49.659,False,10,SUMIALKI CB CIUDAD DE MOSTOLES,False
6512,EL VENTERO CBV,41,7.7574,94.151,False,10,SUMIALKI CB CIUDAD DE MOSTOLES,False
6513,EL VENTERO CBV,10,8.8152,48.52,False,10,SUMIALKI CB CIUDAD DE MOSTOLES,False
6514,EL VENTERO CBV,27,31.664,73.858,False,10,SUMIALKI CB CIUDAD DE MOSTOLES,False
6515,EL VENTERO CBV,10,29.337,79.404,False,10,SUMIALKI CB CIUDAD DE MOSTOLES,False
6516,EL VENTERO CBV,1,31.875,22.813,False,10,SUMIALKI CB CIUDAD DE MOSTOLES,False
6517,EL VENTERO CBV,0,34.414,73.858,False,10,SUMIALKI CB CIUDAD DE MOSTOLES,False
6518,EL VENTERO CBV,0,10.64879999999999,46.004,True,10,SUMIALKI CB CIUDAD DE MOSTOLES,False
6519,EL VENTERO CBV,10,30.465,19.4,True,10,SUMIALKI CB CIUDAD DE MOSTOLES,False
6520,EL VENTERO CBV,0,11.35,48.146,False,10,SUMIALKI CB CIUDAD DE MOSTOLES,False
6521,EL VENTERO CBV,10,26.798,8.8227,False,10,SUMIALKI CB CIUDAD DE MOSTOLES,False
6522,EL VENTERO CBV,0,23.765,89.613,True,10,SUMIALKI CB CIUDAD DE MOSTOLES,False
6523,EL VENTERO CBV,10,33.215,77.64,True,10,SUMIALKI CB CIUDAD DE MOSTOLES,False
6524,EL VENTERO CBV,10,8.95629999999999,50.793,False,10,SUMIALKI CB CIUDAD DE MOSTOLES,False
6525,EL VENTERO CBV,0,8.8857,50.163,False,10,SUMIALKI CB CIUDAD DE MOSTOLES,False
6526,EL VENTERO CBV,0,12.27079999999999,48.52,True,10,SUMIALKI CB CIUDAD DE MOSTOLES,False
6527,EL VENTERO CBV,41,10.789,51.297,False,10,SUMIALKI CB CIUDAD DE MOSTOLES,False
6528,EL VENTERO CBV,1,10.366,50.163,False,10,SUMIALKI CB CIUDAD DE MOSTOLES,False
6529,EL VENTERO CBV,10,33.7,76.253,False,10,SUMIALKI CB CIUDAD DE MOSTOLES,False
6530,EL VENTERO CBV,1,11.283,44.239,False,10,SUMIALKI CB CIUDAD DE MOSTOLES,False
6531,EL VENTERO CBV,0,9.026,46.256,True,10,SUMIALKI CB CIUDAD DE MOSTOLES,False
6532,EL VENTERO CBV,18,9.449,48.02,True,10,SUMIALKI CB CIUDAD DE MOSTOLES,False
6533,EL VENTERO CBV,1,32.863,22.813,True,10,SUMIALKI CB CIUDAD DE MOSTOLES,False
6534,EL VENTERO CBV,10,11.283,51.67,True,10,SUMIALKI CB CIUDAD DE MOSTOLES,False
6535,EL VENTERO CBV,18,8.8152,52.306,True,10,SUMIALKI CB CIUDAD DE MOSTOLES,False
6536,EL VENTERO CBV,0,11.071,53.062,False,10,SUMIALKI CB CIUDAD DE MOSTOLES,False
6537,EL VENTERO CBV,1,30.183,88.353,False,10,SUMIALKI CB CIUDAD DE MOSTOLES,False
6538,EL VENTERO CBV,18,8.74469999999999,50.163,False,10,SUMIALKI CB CIUDAD DE MOSTOLES,False
6539,EL VENTERO CBV,3,11.21299999999999,49.281,True,10,SUMIALKI CB CIUDAD DE MOSTOLES,False
6540,EL VENTERO CBV,0,22.42,94.403,False,10,SUMIALKI CB CIUDAD DE MOSTOLES,False
6541,EL VENTERO CBV,41,12.129,50.919,False,10,SUMIALKI CB CIUDAD DE MOSTOLES,False
6542,EL VENTERO CBV,10,11.8477,48.651,True,10,SUMIALKI CB CIUDAD DE MOSTOLES,False
6543,EL VENTERO CBV,10,24.3,88.605,True,10,SUMIALKI CB CIUDAD DE MOSTOLES,False
6544,EL VENTERO CBV,41,8.1,58.734,False,10,SUMIALKI CB CIUDAD DE MOSTOLES,False
6545,EL VENTERO CBV,0,11.283,50.163,True,10,SUMIALKI CB CIUDAD DE MOSTOLES,False
6546,EL VENTERO CBV,3,11.49509999999999,46.76,True,10,SUMIALKI CB CIUDAD DE MOSTOLES,False
6547,PROBASKETLAB FUENLABRADA,13,6.55849999999999,39.324,False,10,NÁUTICO TENERIFE,True
6548,PROBASKETLAB FUENLABRADA,13,35.613,47.516,False,10,NÁUTICO TENERIFE,True
6549,PROBASKETLAB FUENLABRADA,10,8.1805,44.617,False,10,NÁUTICO TENERIFE,True
6550,PROBASKETLAB FUENLABRADA,11,5.641,58.482,True,10,NÁUTICO TENERIFE,True
6551,PROBASKETLAB FUENLABRADA,10,10.789,41.34,False,10,NÁUTICO TENERIFE,True
6552,PROBASKETLAB FUENLABRADA,11,26.798,13.864,True,10,NÁUTICO TENERIFE,True
6553,PROBASKETLAB FUENLABRADA,7,26.798,81.673,False,10,NÁUTICO TENERIFE,True
6554,PROBASKETLAB FUENLABRADA,5,7.68689999999999,77.135,False,10,NÁUTICO TENERIFE,True
6555,PROBASKETLAB FUENLABRADA,10,5.71229999999999,55.583,True,10,NÁUTICO TENERIFE,True
6556,PROBASKETLAB FUENLABRADA,13,8.8858,52.684,True,10,NÁUTICO TENERIFE,True
6557,PROBASKETLAB FUENLABRADA,13,34.908,49.911,False,10,NÁUTICO TENERIFE,True
6558,PROBASKETLAB FUENLABRADA,5,6.205,40.08,False,10,NÁUTICO TENERIFE,True
6559,PROBASKETLAB FUENLABRADA,7,29.266,80.412,False,10,NÁUTICO TENERIFE,True
6560,PROBASKETLAB FUENLABRADA,11,14.104,38.8,False,10,NÁUTICO TENERIFE,True
6561,PROBASKETLAB FUENLABRADA,11,5.5007,63.775,False,10,NÁUTICO TENERIFE,True
6562,PROBASKETLAB FUENLABRADA,13,32.15,26.09,False,10,NÁUTICO TENERIFE,True
6563,PROBASKETLAB FUENLABRADA,14,6.4175,40.836,False,10,NÁUTICO TENERIFE,True
6564,PROBASKETLAB FUENLABRADA,7,27.15,85.832,False,10,NÁUTICO TENERIFE,True
6565,PROBASKETLAB FUENLABRADA,13,3.808,24.577,False,10,NÁUTICO TENERIFE,True
6566,PROBASKETLAB FUENLABRADA,11,8.8152,49.407,False,10,NÁUTICO TENERIFE,True
6567,PROBASKETLAB FUENLABRADA,11,27.15,85.832,True,10,NÁUTICO TENERIFE,True
6568,PROBASKETLAB FUENLABRADA,10,7.68689999999999,59.49,False,10,NÁUTICO TENERIFE,True
6569,PROBASKETLAB FUENLABRADA,10,5.7122,57.347,True,10,NÁUTICO TENERIFE,True
6570,PROBASKETLAB FUENLABRADA,7,7.61639999999999,43.357,False,10,NÁUTICO TENERIFE,True
6571,PROBASKETLAB FUENLABRADA,10,7.827,55.709,False,10,NÁUTICO TENERIFE,True
6572,PROBASKETLAB FUENLABRADA,11,8.0395,43.231,True,10,NÁUTICO TENERIFE,True
6573,PROBASKETLAB FUENLABRADA,11,11.0014,43.483,False,10,NÁUTICO TENERIFE,True
6574,PROBASKETLAB FUENLABRADA,7,6.6995,62.011,True,10,NÁUTICO TENERIFE,True
6575,PROBASKETLAB FUENLABRADA,13,21.65,9.2008,False,10,NÁUTICO TENERIFE,True
6576,PROBASKETLAB FUENLABRADA,8,21.509,8.5706,True,10,NÁUTICO TENERIFE,True
6577,PROBASKETLAB FUENLABRADA,14,22.42,90.622,False,10,NÁUTICO TENERIFE,True
6578,PROBASKETLAB FUENLABRADA,7,7.8279,43.105,False,10,NÁUTICO TENERIFE,True
6579,PROBASKETLAB FUENLABRADA,7,21.5092,93.142,True,10,NÁUTICO TENERIFE,True
6580,PROBASKETLAB FUENLABRADA,14,9.9436,60.372,False,10,NÁUTICO TENERIFE,True
6581,PROBASKETLAB FUENLABRADA,7,7.545,93.899,False,10,NÁUTICO TENERIFE,True
6582,PROBASKETLAB FUENLABRADA,11,7.40479999999999,50.541,True,10,NÁUTICO TENERIFE,True
6583,PROBASKETLAB FUENLABRADA,7,20.098,69.195,True,10,NÁUTICO TENERIFE,True
6584,PROBASKETLAB FUENLABRADA,7,27.785,17.897,True,10,NÁUTICO TENERIFE,True
6585,PROBASKETLAB FUENLABRADA,3,7.6163,44.365,False,10,NÁUTICO TENERIFE,True
6586,PROBASKETLAB FUENLABRADA,13,10.578,49.785,False,10,NÁUTICO TENERIFE,True
6587,PROBASKETLAB FUENLABRADA,7,24.894,15.628,False,10,NÁUTICO TENERIFE,True
6588,PROBASKETLAB FUENLABRADA,11,6.27639999999999,40.71,True,10,NÁUTICO TENERIFE,True
6589,PROBASKETLAB FUENLABRADA,10,7.96899999999999,38.946,True,10,NÁUTICO TENERIFE,True
6590,PROBASKETLAB FUENLABRADA,14,14.809,93.899,True,10,NÁUTICO TENERIFE,True
6591,PROBASKETLAB FUENLABRADA,13,6.06489999999999,45.5,True,10,NÁUTICO TENERIFE,True
6592,PROBASKETLAB FUENLABRADA,3,10.648,5.167,True,10,NÁUTICO TENERIFE,True
6593,PROBASKETLAB FUENLABRADA,14,21.368,9.705,True,10,NÁUTICO TENERIFE,True
6594,PROBASKETLAB FUENLABRADA,7,7.89839999999999,42.349,False,10,NÁUTICO TENERIFE,True
6595,PROBASKETLAB FUENLABRADA,14,6.06489999999999,59.112,False,10,NÁUTICO TENERIFE,True
6596,PROBASKETLAB FUENLABRADA,10,7.263,42.349,False,10,NÁUTICO TENERIFE,True
6597,PROBASKETLAB FUENLABRADA,14,12.552,7.0581,False,10,NÁUTICO TENERIFE,True
6598,PROBASKETLAB FUENLABRADA,5,26.86879999999999,84.824,False,10,NÁUTICO TENERIFE,True
6599,PROBASKETLAB FUENLABRADA,14,13.258,93.899,True,10,NÁUTICO TENERIFE,True
6600,PROBASKETLAB FUENLABRADA,14,10.578,91.882,True,10,NÁUTICO TENERIFE,True
6601,PROBASKETLAB FUENLABRADA,13,30.112,18.149,False,10,NÁUTICO TENERIFE,True
6602,PROBASKETLAB FUENLABRADA,11,7.5458,43.483,True,10,NÁUTICO TENERIFE,True
6603,PROBASKETLAB FUENLABRADA,14,7.2637,61.002,True,10,NÁUTICO TENERIFE,True
6604,PROBASKETLAB FUENLABRADA,11,26.3752,84.068,False,10,NÁUTICO TENERIFE,True
6605,PROBASKETLAB FUENLABRADA,10,7.3342,42.097,True,10,NÁUTICO TENERIFE,True
6606,PROBASKETLAB FUENLABRADA,12,7.61639999999999,46.508,True,10,NÁUTICO TENERIFE,True
6607,PROBASKETLAB FUENLABRADA,14,26.86879999999999,83.185,False,10,NÁUTICO TENERIFE,True
6608,PROBASKETLAB FUENLABRADA,10,8.251,61.759,False,10,NÁUTICO TENERIFE,True
6609,PROBASKETLAB FUENLABRADA,14,9.73,61.002,False,10,NÁUTICO TENERIFE,True
6610,PROBASKETLAB FUENLABRADA,5,33.497,41.718,False,10,NÁUTICO TENERIFE,True
6611,PROBASKETLAB FUENLABRADA,13,9.3794,94.529,False,10,NÁUTICO TENERIFE,True
6612,NÁUTICO TENERIFE,1,7.68689999999999,39.828,False,10,PROBASKETLAB FUENLABRADA,False
6613,NÁUTICO TENERIFE,5,8.11,41.84,True,10,PROBASKETLAB FUENLABRADA,False
6614,NÁUTICO TENERIFE,51,6.629,43.987,True,10,PROBASKETLAB FUENLABRADA,False
6615,NÁUTICO TENERIFE,18,7.5458,43.861,True,10,PROBASKETLAB FUENLABRADA,False
6616,NÁUTICO TENERIFE,5,4.0197,63.145,False,10,PROBASKETLAB FUENLABRADA,False
6617,NÁUTICO TENERIFE,5,29.548,77.135,False,10,PROBASKETLAB FUENLABRADA,False
6618,NÁUTICO TENERIFE,7,27.15,17.015,False,10,PROBASKETLAB FUENLABRADA,False
6619,NÁUTICO TENERIFE,1,30.253,10.083,False,10,PROBASKETLAB FUENLABRADA,False
6620,NÁUTICO TENERIFE,18,26.939,17.645,False,10,PROBASKETLAB FUENLABRADA,False
6621,NÁUTICO TENERIFE,7,13.046,4.5374,True,10,PROBASKETLAB FUENLABRADA,False
6622,NÁUTICO TENERIFE,13,25.246,16.511,False,10,PROBASKETLAB FUENLABRADA,False
6623,NÁUTICO TENERIFE,1,7.61639999999999,29.493,True,10,PROBASKETLAB FUENLABRADA,False
6624,NÁUTICO TENERIFE,1,6.84059999999999,37.937,False,10,PROBASKETLAB FUENLABRADA,False
6625,NÁUTICO TENERIFE,1,25.0353,14.116,False,10,PROBASKETLAB FUENLABRADA,False
6626,NÁUTICO TENERIFE,1,27.856,21.552,False,10,PROBASKETLAB FUENLABRADA,False
6627,NÁUTICO TENERIFE,51,5.3596,44.995,True,10,PROBASKETLAB FUENLABRADA,False
6628,NÁUTICO TENERIFE,39,5.923,38.8,False,10,PROBASKETLAB FUENLABRADA,False
6629,NÁUTICO TENERIFE,39,5.4301,59.49,False,10,PROBASKETLAB FUENLABRADA,False
6630,NÁUTICO TENERIFE,13,22.42,88.353,False,10,PROBASKETLAB FUENLABRADA,False
6631,NÁUTICO TENERIFE,13,27.009,15.502,True,10,PROBASKETLAB FUENLABRADA,False
6632,NÁUTICO TENERIFE,5,16.854,52.054,True,10,PROBASKETLAB FUENLABRADA,False
6633,NÁUTICO TENERIFE,3,9.52049999999999,93.64,False,10,PROBASKETLAB FUENLABRADA,False
6634,NÁUTICO TENERIFE,18,33.709,50.919,False,10,PROBASKETLAB FUENLABRADA,False
6635,NÁUTICO TENERIFE,3,6.9816,76.631,True,10,PROBASKETLAB FUENLABRADA,False
6636,NÁUTICO TENERIFE,51,5.9943,61.25,True,10,PROBASKETLAB FUENLABRADA,False
6637,NÁUTICO TENERIFE,18,26.234,81.673,False,10,PROBASKETLAB FUENLABRADA,False
6638,NÁUTICO TENERIFE,13,26.516,12.85,False,10,PROBASKETLAB FUENLABRADA,False
6639,NÁUTICO TENERIFE,15,5.9238,57.851,False,10,PROBASKETLAB FUENLABRADA,False
6640,NÁUTICO TENERIFE,39,24.2595,11.469,False,10,PROBASKETLAB FUENLABRADA,False
6641,NÁUTICO TENERIFE,7,24.823,9.831,False,10,PROBASKETLAB FUENLABRADA,False
6642,NÁUTICO TENERIFE,5,33.709,44.617,True,10,PROBASKETLAB FUENLABRADA,False
6643,NÁUTICO TENERIFE,51,4.2313,62.389,False,10,PROBASKETLAB FUENLABRADA,False
6644,NÁUTICO TENERIFE,51,12.76449999999999,43.105,True,10,PROBASKETLAB FUENLABRADA,False
6645,NÁUTICO TENERIFE,1,8.392,39.954,False,10,PROBASKETLAB FUENLABRADA,False
6646,NÁUTICO TENERIFE,39,7.5458,55.835,True,10,PROBASKETLAB FUENLABRADA,False
6647,NÁUTICO TENERIFE,15,8.1,77.26,False,10,PROBASKETLAB FUENLABRADA,False
6648,NÁUTICO TENERIFE,39,10.578,44.869,False,10,PROBASKETLAB FUENLABRADA,False
6649,NÁUTICO TENERIFE,51,7.12269999999999,59.364,True,10,PROBASKETLAB FUENLABRADA,False
6650,NÁUTICO TENERIFE,7,28.702,83.311,False,10,PROBASKETLAB FUENLABRADA,False
6651,NÁUTICO TENERIFE,23,10.014,49.029,False,10,PROBASKETLAB FUENLABRADA,False
6652,NÁUTICO TENERIFE,13,6.06489999999999,3.277,False,10,PROBASKETLAB FUENLABRADA,False
6653,NÁUTICO TENERIFE,51,6.06489999999999,61.002,False,10,PROBASKETLAB FUENLABRADA,False
6654,NÁUTICO TENERIFE,20,10.08459999999999,18.275,False,10,PROBASKETLAB FUENLABRADA,False
6655,NÁUTICO TENERIFE,51,8.0394,41.34,False,10,PROBASKETLAB FUENLABRADA,False
6656,NÁUTICO TENERIFE,1,27.57,10.965,False,10,PROBASKETLAB FUENLABRADA,False
6657,NÁUTICO TENERIFE,51,10.225,39.576,False,10,PROBASKETLAB FUENLABRADA,False
6658,NÁUTICO TENERIFE,18,26.304,86.96,False,10,PROBASKETLAB FUENLABRADA,False
6659,NÁUTICO TENERIFE,39,27.43,18.275,False,10,PROBASKETLAB FUENLABRADA,False
6660,NÁUTICO TENERIFE,5,12.76449999999999,43.105,False,10,PROBASKETLAB FUENLABRADA,False
6661,NÁUTICO TENERIFE,20,10.084,5.4196,False,10,PROBASKETLAB FUENLABRADA,False
6662,NÁUTICO TENERIFE,51,5.99439999999999,53.44,True,10,PROBASKETLAB FUENLABRADA,False
6663,NÁUTICO TENERIFE,5,6.9111,24.577,False,10,PROBASKETLAB FUENLABRADA,False
6664,NÁUTICO TENERIFE,39,6.27639999999999,35.54,False,10,PROBASKETLAB FUENLABRADA,False
6665,NÁUTICO TENERIFE,39,6.205,41.34,True,10,PROBASKETLAB FUENLABRADA,False
6666,NÁUTICO TENERIFE,39,13.61069999999999,68.313,False,10,PROBASKETLAB FUENLABRADA,False
6667,NÁUTICO TENERIFE,3,6.9816,93.52,False,10,PROBASKETLAB FUENLABRADA,False
6668,NÁUTICO TENERIFE,39,7.4753,57.599,True,10,PROBASKETLAB FUENLABRADA,False
6669,NÁUTICO TENERIFE,1,6.629,41.592,False,10,PROBASKETLAB FUENLABRADA,False
6670,NÁUTICO TENERIFE,51,6.55849999999999,64.53,False,10,PROBASKETLAB FUENLABRADA,False
6671,NÁUTICO TENERIFE,18,24.3,85.454,False,10,PROBASKETLAB FUENLABRADA,False
6672,NÁUTICO TENERIFE,39,27.715,80.286,False,10,PROBASKETLAB FUENLABRADA,False
6673,NÁUTICO TENERIFE,51,6.488,58.734,True,10,PROBASKETLAB FUENLABRADA,False
6674,NÁUTICO TENERIFE,1,9.026,5.0415,False,10,PROBASKETLAB FUENLABRADA,False
6675,NÁUTICO TENERIFE,23,12.552,25.585,False,10,PROBASKETLAB FUENLABRADA,False
6676,NÁUTICO TENERIFE,18,12.693,49.659,False,10,PROBASKETLAB FUENLABRADA,False
6677,NÁUTICO TENERIFE,5,18.053,29.871,False,10,PROBASKETLAB FUENLABRADA,False
6678,NÁUTICO TENERIFE,5,9.0973,77.26,False,10,PROBASKETLAB FUENLABRADA,False
6679,NÁUTICO TENERIFE,23,5.8533,18.275,False,10,PROBASKETLAB FUENLABRADA,False
6680,NÁUTICO TENERIFE,7,25.458,84.068,True,10,PROBASKETLAB FUENLABRADA,False
6681,NÁUTICO TENERIFE,13,24.4,12.351,True,10,PROBASKETLAB FUENLABRADA,False
6682,NÁUTICO TENERIFE,13,9.9435,43.231,True,10,PROBASKETLAB FUENLABRADA,False
6683,NÁUTICO TENERIFE,3,22.0733,87.471,False,10,PROBASKETLAB FUENLABRADA,False
6684,NÁUTICO TENERIFE,51,10.014,50.667,False,10,PROBASKETLAB FUENLABRADA,False
6685,NÁUTICO TENERIFE,51,12.552,25.585,True,10,PROBASKETLAB FUENLABRADA,False
6686,NÁUTICO TENERIFE,51,9.59099999999999,50.793,False,10,PROBASKETLAB FUENLABRADA,False
6687,NÁUTICO TENERIFE,5,10.225,39.576,False,10,PROBASKETLAB FUENLABRADA,False
6688,NÁUTICO TENERIFE,1,9.80249999999999,46.004,False,10,PROBASKETLAB FUENLABRADA,False
6689,NÁUTICO TENERIFE,23,7.6868,42.601,False,10,PROBASKETLAB FUENLABRADA,False
6690,NÁUTICO TENERIFE,5,29.407,73.858,True,10,PROBASKETLAB FUENLABRADA,False
6691,NÁUTICO TENERIFE,23,9.59099999999999,61.25,False,10,PROBASKETLAB FUENLABRADA,False
6692,NÁUTICO TENERIFE,15,6.0648,42.097,True,10,PROBASKETLAB FUENLABRADA,False
6693,NÁUTICO TENERIFE,39,7.61639999999999,57.473,True,10,PROBASKETLAB FUENLABRADA,False
6694,NÁUTICO TENERIFE,18,6.77,42.223,True,10,PROBASKETLAB FUENLABRADA,False
6695,CESUR DISTRITO OLIMPICO,12,21.08,40.962,True,11,C.D. BASKET GLOBALCAJA QUINTANAR,True
6696,CESUR DISTRITO OLIMPICO,33,7.2637,43.861,True,11,C.D. BASKET GLOBALCAJA QUINTANAR,True
6697,CESUR DISTRITO OLIMPICO,14,6.4174,36.425,False,11,C.D. BASKET GLOBALCAJA QUINTANAR,True
6698,CESUR DISTRITO OLIMPICO,10,31.946,70.455,True,11,C.D. BASKET GLOBALCAJA QUINTANAR,True
6699,CESUR DISTRITO OLIMPICO,10,33.85,65.666,True,11,C.D. BASKET GLOBALCAJA QUINTANAR,True
6700,CESUR DISTRITO OLIMPICO,12,7.6868,42.979,True,11,C.D. BASKET GLOBALCAJA QUINTANAR,True
6701,CESUR DISTRITO OLIMPICO,10,26.304,86.714,True,11,C.D. BASKET GLOBALCAJA QUINTANAR,True
6702,CESUR DISTRITO OLIMPICO,33,28.843,15.88,False,11,C.D. BASKET GLOBALCAJA QUINTANAR,True
6703,CESUR DISTRITO OLIMPICO,25,10.578,47.264,True,11,C.D. BASKET GLOBALCAJA QUINTANAR,True
6704,CESUR DISTRITO OLIMPICO,33,11.0014,92.638,True,11,C.D. BASKET GLOBALCAJA QUINTANAR,True
6705,CESUR DISTRITO OLIMPICO,33,8.8858,60.75,True,11,C.D. BASKET GLOBALCAJA QUINTANAR,True
6706,CESUR DISTRITO OLIMPICO,13,30.53,30.249,False,11,C.D. BASKET GLOBALCAJA QUINTANAR,True
6707,CESUR DISTRITO OLIMPICO,2,11.35,41.088,True,11,C.D. BASKET GLOBALCAJA QUINTANAR,True
6708,CESUR DISTRITO OLIMPICO,33,30.3949,25.96,True,11,C.D. BASKET GLOBALCAJA QUINTANAR,True
6709,CESUR DISTRITO OLIMPICO,2,7.827,59.364,True,11,C.D. BASKET GLOBALCAJA QUINTANAR,True
6710,CESUR DISTRITO OLIMPICO,41,19.746,62.767,True,11,C.D. BASKET GLOBALCAJA QUINTANAR,True
6711,CESUR DISTRITO OLIMPICO,2,10.1551,41.088,True,11,C.D. BASKET GLOBALCAJA QUINTANAR,True
6712,CESUR DISTRITO OLIMPICO,16,5.3596,38.441,False,11,C.D. BASKET GLOBALCAJA QUINTANAR,True
6713,CESUR DISTRITO OLIMPICO,10,19.111,55.835,False,11,C.D. BASKET GLOBALCAJA QUINTANAR,True
6714,CESUR DISTRITO OLIMPICO,25,5.3596,38.441,False,11,C.D. BASKET GLOBALCAJA QUINTANAR,True
6715,CESUR DISTRITO OLIMPICO,25,9.732,40.08,True,11,C.D. BASKET GLOBALCAJA QUINTANAR,True
6716,CESUR DISTRITO OLIMPICO,13,8.8858,51.423,False,11,C.D. BASKET GLOBALCAJA QUINTANAR,True
6717,CESUR DISTRITO OLIMPICO,25,10.789,49.281,True,11,C.D. BASKET GLOBALCAJA QUINTANAR,True
6718,CESUR DISTRITO OLIMPICO,16,6.77,36.677,True,11,C.D. BASKET GLOBALCAJA QUINTANAR,True
6719,CESUR DISTRITO OLIMPICO,2,22.0733,91.882,False,11,C.D. BASKET GLOBALCAJA QUINTANAR,True
6720,CESUR DISTRITO OLIMPICO,2,7.827,59.364,False,11,C.D. BASKET GLOBALCAJA QUINTANAR,True
6721,CESUR DISTRITO OLIMPICO,2,11.14249999999999,43.357,False,11,C.D. BASKET GLOBALCAJA QUINTANAR,True
6722,CESUR DISTRITO OLIMPICO,10,31.523,19.536,False,11,C.D. BASKET GLOBALCAJA QUINTANAR,True
6723,CESUR DISTRITO OLIMPICO,10,8.8152,59.994,True,11,C.D. BASKET GLOBALCAJA QUINTANAR,True
6724,CESUR DISTRITO OLIMPICO,25,13.3991,39.324,False,11,C.D. BASKET GLOBALCAJA QUINTANAR,True
6725,CESUR DISTRITO OLIMPICO,41,38.434,54.448,False,11,C.D. BASKET GLOBALCAJA QUINTANAR,True
6726,CESUR DISTRITO OLIMPICO,12,11.918,3.9072,True,11,C.D. BASKET GLOBALCAJA QUINTANAR,True
6727,CESUR DISTRITO OLIMPICO,33,7.40479999999999,59.364,True,11,C.D. BASKET GLOBALCAJA QUINTANAR,True
6728,CESUR DISTRITO OLIMPICO,13,10.93089999999999,45.5,True,11,C.D. BASKET GLOBALCAJA QUINTANAR,True
6729,CESUR DISTRITO OLIMPICO,25,6.34699999999999,33.778,False,11,C.D. BASKET GLOBALCAJA QUINTANAR,True
6730,CESUR DISTRITO OLIMPICO,33,33.3568,27.476,True,11,C.D. BASKET GLOBALCAJA QUINTANAR,True
6731,CESUR DISTRITO OLIMPICO,16,9.0973,38.946,True,11,C.D. BASKET GLOBALCAJA QUINTANAR,True
6732,CESUR DISTRITO OLIMPICO,41,32.29,19.4,True,11,C.D. BASKET GLOBALCAJA QUINTANAR,True
6733,CESUR DISTRITO OLIMPICO,41,35.966,15.88,False,11,C.D. BASKET GLOBALCAJA QUINTANAR,True
6734,CESUR DISTRITO OLIMPICO,2,31.734,77.135,False,11,C.D. BASKET GLOBALCAJA QUINTANAR,True
6735,CESUR DISTRITO OLIMPICO,41,34.062,73.606,True,11,C.D. BASKET GLOBALCAJA QUINTANAR,True
6736,CESUR DISTRITO OLIMPICO,25,9.873,37.685,False,11,C.D. BASKET GLOBALCAJA QUINTANAR,True
6737,CESUR DISTRITO OLIMPICO,2,21.43859999999999,46.13,False,11,C.D. BASKET GLOBALCAJA QUINTANAR,True
6738,CESUR DISTRITO OLIMPICO,33,29.478,87.471,False,11,C.D. BASKET GLOBALCAJA QUINTANAR,True
6739,CESUR DISTRITO OLIMPICO,12,11.35,44.743,False,11,C.D. BASKET GLOBALCAJA QUINTANAR,True
6740,CESUR DISTRITO OLIMPICO,33,9.2383,61.002,True,11,C.D. BASKET GLOBALCAJA QUINTANAR,True
6741,CESUR DISTRITO OLIMPICO,25,10.36669999999999,51.5,True,11,C.D. BASKET GLOBALCAJA QUINTANAR,True
6742,CESUR DISTRITO OLIMPICO,12,20.028,91.882,False,11,C.D. BASKET GLOBALCAJA QUINTANAR,True
6743,CESUR DISTRITO OLIMPICO,33,13.32859999999999,47.39,False,11,C.D. BASKET GLOBALCAJA QUINTANAR,True
6744,CESUR DISTRITO OLIMPICO,14,10.719,49.155,True,11,C.D. BASKET GLOBALCAJA QUINTANAR,True
6745,CESUR DISTRITO OLIMPICO,16,24.5416,83.94,False,11,C.D. BASKET GLOBALCAJA QUINTANAR,True
6746,CESUR DISTRITO OLIMPICO,15,12.48239999999999,49.281,True,11,C.D. BASKET GLOBALCAJA QUINTANAR,True
6747,C.D. BASKET GLOBALCAJA QUINTANAR,21,10.437,64.153,False,11,CESUR DISTRITO OLIMPICO,False
6748,C.D. BASKET GLOBALCAJA QUINTANAR,3,32.369,63.145,False,11,CESUR DISTRITO OLIMPICO,False
6749,C.D. BASKET GLOBALCAJA QUINTANAR,12,10.7193,37.433,True,11,CESUR DISTRITO OLIMPICO,False
6750,C.D. BASKET GLOBALCAJA QUINTANAR,1,10.789,57.851,False,11,CESUR DISTRITO OLIMPICO,False
6751,C.D. BASKET GLOBALCAJA QUINTANAR,21,9.5204,94.655,False,11,CESUR DISTRITO OLIMPICO,False
6752,C.D. BASKET GLOBALCAJA QUINTANAR,1,32.863,25.83,False,11,CESUR DISTRITO OLIMPICO,False
6753,C.D. BASKET GLOBALCAJA QUINTANAR,50,7.8984,2.1426,False,11,CESUR DISTRITO OLIMPICO,False
6754,C.D. BASKET GLOBALCAJA QUINTANAR,8,27.644,17.267,False,11,CESUR DISTRITO OLIMPICO,False
6755,C.D. BASKET GLOBALCAJA QUINTANAR,8,25.6,88.101,False,11,CESUR DISTRITO OLIMPICO,False
6756,C.D. BASKET GLOBALCAJA QUINTANAR,50,11.42449999999999,49.659,True,11,CESUR DISTRITO OLIMPICO,False
6757,C.D. BASKET GLOBALCAJA QUINTANAR,8,12.76449999999999,41.718,False,11,CESUR DISTRITO OLIMPICO,False
6758,C.D. BASKET GLOBALCAJA QUINTANAR,21,26.798,15.124,True,11,CESUR DISTRITO OLIMPICO,False
6759,C.D. BASKET GLOBALCAJA QUINTANAR,50,29.971,86.462,False,11,CESUR DISTRITO OLIMPICO,False
6760,C.D. BASKET GLOBALCAJA QUINTANAR,21,33.1453,50.415,False,11,CESUR DISTRITO OLIMPICO,False
6761,C.D. BASKET GLOBALCAJA QUINTANAR,1,6.2059,29.871,True,11,CESUR DISTRITO OLIMPICO,False
6762,C.D. BASKET GLOBALCAJA QUINTANAR,14,26.86879999999999,87.975,True,11,CESUR DISTRITO OLIMPICO,False
6763,C.D. BASKET GLOBALCAJA QUINTANAR,2,10.014,75.119,False,11,CESUR DISTRITO OLIMPICO,False
6764,C.D. BASKET GLOBALCAJA QUINTANAR,2,28.49079999999999,82.555,True,11,CESUR DISTRITO OLIMPICO,False
6765,C.D. BASKET GLOBALCAJA QUINTANAR,8,29.196,79.53,False,11,CESUR DISTRITO OLIMPICO,False
6766,C.D. BASKET GLOBALCAJA QUINTANAR,2,38.434,33.652,True,11,CESUR DISTRITO OLIMPICO,False
6767,C.D. BASKET GLOBALCAJA QUINTANAR,12,27.785,12.225,False,11,CESUR DISTRITO OLIMPICO,False
6768,C.D. BASKET GLOBALCAJA QUINTANAR,2,22.7,57.97,True,11,CESUR DISTRITO OLIMPICO,False
6769,C.D. BASKET GLOBALCAJA QUINTANAR,50,7.4753,63.145,True,11,CESUR DISTRITO OLIMPICO,False
6770,C.D. BASKET GLOBALCAJA QUINTANAR,8,32.228,19.662,True,11,CESUR DISTRITO OLIMPICO,False
6771,C.D. BASKET GLOBALCAJA QUINTANAR,1,8.392,53.944,True,11,CESUR DISTRITO OLIMPICO,False
6772,C.D. BASKET GLOBALCAJA QUINTANAR,3,8.6036,56.717,False,11,CESUR DISTRITO OLIMPICO,False
6773,C.D. BASKET GLOBALCAJA QUINTANAR,8,24.4,89.361,False,11,CESUR DISTRITO OLIMPICO,False
6774,C.D. BASKET GLOBALCAJA QUINTANAR,14,17.912,51.297,False,11,CESUR DISTRITO OLIMPICO,False
6775,C.D. BASKET GLOBALCAJA QUINTANAR,1,19.534,45.878,False,11,CESUR DISTRITO OLIMPICO,False
6776,C.D. BASKET GLOBALCAJA QUINTANAR,21,16.9252,44.239,True,11,CESUR DISTRITO OLIMPICO,False
6777,C.D. BASKET GLOBALCAJA QUINTANAR,50,6.4174,55.835,True,11,CESUR DISTRITO OLIMPICO,False
6778,C.D. BASKET GLOBALCAJA QUINTANAR,8,47.531,47.642,False,11,CESUR DISTRITO OLIMPICO,False
6779,C.D. BASKET GLOBALCAJA QUINTANAR,2,33.638,40.71,False,11,CESUR DISTRITO OLIMPICO,False
6780,C.D. BASKET GLOBALCAJA QUINTANAR,21,7.827,67.556,False,11,CESUR DISTRITO OLIMPICO,False
6781,C.D. BASKET GLOBALCAJA QUINTANAR,1,31.523,73.606,False,11,CESUR DISTRITO OLIMPICO,False
6782,C.D. BASKET GLOBALCAJA QUINTANAR,12,7.2637,58.734,True,11,CESUR DISTRITO OLIMPICO,False
6783,C.D. BASKET GLOBALCAJA QUINTANAR,8,20.4513,38.946,False,11,CESUR DISTRITO OLIMPICO,False
6784,C.D. BASKET GLOBALCAJA QUINTANAR,12,34.062,74.993,False,11,CESUR DISTRITO OLIMPICO,False
6785,C.D. BASKET GLOBALCAJA QUINTANAR,50,6.06489999999999,98.814,False,11,CESUR DISTRITO OLIMPICO,False
6786,C.D. BASKET GLOBALCAJA QUINTANAR,21,35.8251,53.818,False,11,CESUR DISTRITO OLIMPICO,False
6787,C.D. BASKET GLOBALCAJA QUINTANAR,8,30.606,87.723,True,11,CESUR DISTRITO OLIMPICO,False
6788,C.D. BASKET GLOBALCAJA QUINTANAR,21,6.488,40.206,False,11,CESUR DISTRITO OLIMPICO,False
6789,C.D. BASKET GLOBALCAJA QUINTANAR,50,4.7249,60.372,False,11,CESUR DISTRITO OLIMPICO,False
6790,C.D. BASKET GLOBALCAJA QUINTANAR,2,21.08,88.353,False,11,CESUR DISTRITO OLIMPICO,False
6791,C.D. BASKET GLOBALCAJA QUINTANAR,3,8.18049999999999,64.027,False,11,CESUR DISTRITO OLIMPICO,False
6792,C.D. BASKET GLOBALCAJA QUINTANAR,21,29.971,22.56,False,11,CESUR DISTRITO OLIMPICO,False
6793,C.D. BASKET GLOBALCAJA QUINTANAR,3,6.77009999999999,96.79,False,11,CESUR DISTRITO OLIMPICO,False
6794,C.D. BASKET GLOBALCAJA QUINTANAR,8,8.11,10.713,True,11,CESUR DISTRITO OLIMPICO,False
6795,C.D. BASKET GLOBALCAJA QUINTANAR,1,29.9013,82.177,False,11,CESUR DISTRITO OLIMPICO,False
6796,C.D. BASKET GLOBALCAJA QUINTANAR,2,15.162,42.349,True,11,CESUR DISTRITO OLIMPICO,False
6797,C.D. BASKET GLOBALCAJA QUINTANAR,3,22.073,94.907,False,11,CESUR DISTRITO OLIMPICO,False
6798,C.D. BASKET GLOBALCAJA QUINTANAR,21,30.11279999999999,88.227,True,11,CESUR DISTRITO OLIMPICO,False
6799,C.D. BASKET GLOBALCAJA QUINTANAR,50,10.789,43.105,False,11,CESUR DISTRITO OLIMPICO,False
6800,C.D. BASKET GLOBALCAJA QUINTANAR,50,10.86039999999999,39.954,True,11,CESUR DISTRITO OLIMPICO,False
6801,C.D. BASKET GLOBALCAJA QUINTANAR,14,32.792,74.489,True,11,CESUR DISTRITO OLIMPICO,False
6802,C.D. BASKET GLOBALCAJA QUINTANAR,50,10.7193,57.851,False,11,CESUR DISTRITO OLIMPICO,False
6803,C.D. BASKET GLOBALCAJA QUINTANAR,1,10.437,56.087,False,11,CESUR DISTRITO OLIMPICO,False
6804,C.D. BASKET GLOBALCAJA QUINTANAR,50,8.25109999999999,66.17,True,11,CESUR DISTRITO OLIMPICO,False
6805,C.D. BASKET GLOBALCAJA QUINTANAR,2,8.1,61.38,False,11,CESUR DISTRITO OLIMPICO,False
6806,C.D. BASKET GLOBALCAJA QUINTANAR,3,7.4753,60.246,True,11,CESUR DISTRITO OLIMPICO,False
6807,C.D. BASKET GLOBALCAJA QUINTANAR,12,8.4626,2.3947,False,11,CESUR DISTRITO OLIMPICO,False
6808,C.D. BASKET GLOBALCAJA QUINTANAR,12,11.142,56.339,False,11,CESUR DISTRITO OLIMPICO,False
6809,C.D. BASKET GLOBALCAJA QUINTANAR,12,7.9689,44.239,True,11,CESUR DISTRITO OLIMPICO,False
6810,C.D. BASKET GLOBALCAJA QUINTANAR,2,6.06489999999999,6.8061,True,11,CESUR DISTRITO OLIMPICO,False
6811,C.D. BASKET GLOBALCAJA QUINTANAR,8,29.971,20.796,False,11,CESUR DISTRITO OLIMPICO,False
6812,C.D. BASKET GLOBALCAJA QUINTANAR,50,6.84059999999999,64.279,False,11,CESUR DISTRITO OLIMPICO,False
6813,C.D. BASKET GLOBALCAJA QUINTANAR,21,4.442899999999994,94.025,True,11,CESUR DISTRITO OLIMPICO,False
6814,C.D. BASKET GLOBALCAJA QUINTANAR,2,8.18049999999999,47.768,False,11,CESUR DISTRITO OLIMPICO,False
6815,C.D. BASKET GLOBALCAJA QUINTANAR,12,11.001,50.667,False,11,CESUR DISTRITO OLIMPICO,False
6816,C.D. BASKET GLOBALCAJA QUINTANAR,21,28.702,16.637,False,11,CESUR DISTRITO OLIMPICO,False
6817,C.D. BASKET GLOBALCAJA QUINTANAR,3,25.105,15.376,False,11,CESUR DISTRITO OLIMPICO,False
6818,C.D. BASKET GLOBALCAJA QUINTANAR,2,6.488,40.206,False,11,CESUR DISTRITO OLIMPICO,False
6819,C.D. BASKET GLOBALCAJA QUINTANAR,21,30.1834,80.286,False,11,CESUR DISTRITO OLIMPICO,False
6820,C.D. BASKET GLOBALCAJA QUINTANAR,50,9.873,59.616,True,11,CESUR DISTRITO OLIMPICO,False
6821,C.D. BASKET GLOBALCAJA QUINTANAR,2,8.95629999999999,41.718,False,11,CESUR DISTRITO OLIMPICO,False
6822,FUNDACION GLOBALCAJA LA RODA,4,6.9111,55.457,True,11,TOBARRA CB,True
6823,FUNDACION GLOBALCAJA LA RODA,9,7.9689,45.24,False,11,TOBARRA CB,True
6824,FUNDACION GLOBALCAJA LA RODA,6,32.792,32.896,False,11,TOBARRA CB,True
6825,FUNDACION GLOBALCAJA LA RODA,4,7.0521,42.979,False,11,TOBARRA CB,True
6826,FUNDACION GLOBALCAJA LA RODA,2,19.181,6.9321,True,11,TOBARRA CB,True
6827,FUNDACION GLOBALCAJA LA RODA,13,10.86039999999999,5.0415,True,11,TOBARRA CB,True
6828,FUNDACION GLOBALCAJA LA RODA,13,6.9816,54.82,True,11,TOBARRA CB,True
6829,FUNDACION GLOBALCAJA LA RODA,4,11.0014,44.239,True,11,TOBARRA CB,True
6830,FUNDACION GLOBALCAJA LA RODA,13,33.709,61.38,False,11,TOBARRA CB,True
6831,FUNDACION GLOBALCAJA LA RODA,6,34.696,56.339,False,11,TOBARRA CB,True
6832,FUNDACION GLOBALCAJA LA RODA,4,7.0521,42.979,True,11,TOBARRA CB,True
6833,FUNDACION GLOBALCAJA LA RODA,4,8.67419999999999,54.448,True,11,TOBARRA CB,True
6834,FUNDACION GLOBALCAJA LA RODA,25,7.827,39.954,True,11,TOBARRA CB,True
6835,FUNDACION GLOBALCAJA LA RODA,6,20.38,4.5374,True,11,TOBARRA CB,True
6836,FUNDACION GLOBALCAJA LA RODA,9,22.42,9.831,True,11,TOBARRA CB,True
6837,FUNDACION GLOBALCAJA LA RODA,9,15.796,59.49,False,11,TOBARRA CB,True
6838,FUNDACION GLOBALCAJA LA RODA,4,5.148,57.473,True,11,TOBARRA CB,True
6839,FUNDACION GLOBALCAJA LA RODA,4,31.7348,75.497,False,11,TOBARRA CB,True
6840,FUNDACION GLOBALCAJA LA RODA,4,32.792,32.896,True,11,TOBARRA CB,True
6841,FUNDACION GLOBALCAJA LA RODA,2,32.722,69.195,False,11,TOBARRA CB,True
6842,FUNDACION GLOBALCAJA LA RODA,4,7.1932,45.752,False,11,TOBARRA CB,True
6843,FUNDACION GLOBALCAJA LA RODA,2,32.087,71.968,True,11,TOBARRA CB,True
6844,FUNDACION GLOBALCAJA LA RODA,13,34.908,58.1,False,11,TOBARRA CB,True
6845,FUNDACION GLOBALCAJA LA RODA,6,34.837,52.81,True,11,TOBARRA CB,True
6846,FUNDACION GLOBALCAJA LA RODA,2,27.221,15.628,False,11,TOBARRA CB,True
6847,FUNDACION GLOBALCAJA LA RODA,4,8.392,32.896,False,11,TOBARRA CB,True
6848,FUNDACION GLOBALCAJA LA RODA,2,24.4,88.983,False,11,TOBARRA CB,True
6849,FUNDACION GLOBALCAJA LA RODA,6,11.42449999999999,57.095,True,11,TOBARRA CB,True
6850,FUNDACION GLOBALCAJA LA RODA,25,11.071,57.095,False,11,TOBARRA CB,True
6851,FUNDACION GLOBALCAJA LA RODA,9,6.135,57.221,False,11,TOBARRA CB,True
6852,FUNDACION GLOBALCAJA LA RODA,9,30.606,77.009,False,11,TOBARRA CB,True
6853,FUNDACION GLOBALCAJA LA RODA,3,25.387,15.88,False,11,TOBARRA CB,True
6854,FUNDACION GLOBALCAJA LA RODA,10,14.45,53.062,False,11,TOBARRA CB,True
6855,FUNDACION GLOBALCAJA LA RODA,6,8.74469999999999,44.995,False,11,TOBARRA CB,True
6856,FUNDACION GLOBALCAJA LA RODA,9,7.68689999999999,92.26,False,11,TOBARRA CB,True
6857,FUNDACION GLOBALCAJA LA RODA,4,7.8984,55.583,True,11,TOBARRA CB,True
6858,FUNDACION GLOBALCAJA LA RODA,9,9.9436,41.97,True,11,TOBARRA CB,True
6859,FUNDACION GLOBALCAJA LA RODA,4,7.8279,45.752,True,11,TOBARRA CB,True
6860,FUNDACION GLOBALCAJA LA RODA,3,27.362,13.738,False,11,TOBARRA CB,True
6861,FUNDACION GLOBALCAJA LA RODA,13,11.7771,4.5374,False,11,TOBARRA CB,True
6862,FUNDACION GLOBALCAJA LA RODA,9,32.651,66.674,False,11,TOBARRA CB,True
6863,FUNDACION GLOBALCAJA LA RODA,20,11.42449999999999,66.044,False,11,TOBARRA CB,True
6864,FUNDACION GLOBALCAJA LA RODA,6,35.119,39.954,False,11,TOBARRA CB,True
6865,FUNDACION GLOBALCAJA LA RODA,13,6.6995,41.97,True,11,TOBARRA CB,True
6866,FUNDACION GLOBALCAJA LA RODA,9,11.5656,55.835,False,11,TOBARRA CB,True
6867,FUNDACION GLOBALCAJA LA RODA,13,12.48239999999999,75.497,True,11,TOBARRA CB,True
6868,FUNDACION GLOBALCAJA LA RODA,13,8.0395,42.727,True,11,TOBARRA CB,True
6869,FUNDACION GLOBALCAJA LA RODA,2,20.521,91.0,True,11,TOBARRA CB,True
6870,FUNDACION GLOBALCAJA LA RODA,6,10.2257,3.7811,False,11,TOBARRA CB,True
6871,FUNDACION GLOBALCAJA LA RODA,9,31.664,73.606,False,11,TOBARRA CB,True
6872,FUNDACION GLOBALCAJA LA RODA,2,5.9943,58.482,True,11,TOBARRA CB,True
6873,FUNDACION GLOBALCAJA LA RODA,4,8.8857,46.256,True,11,TOBARRA CB,True
6874,FUNDACION GLOBALCAJA LA RODA,25,12.623,60.498,True,11,TOBARRA CB,True
6875,FUNDACION GLOBALCAJA LA RODA,6,11.777,4.1592,False,11,TOBARRA CB,True
6876,FUNDACION GLOBALCAJA LA RODA,2,30.465,28.98,False,11,TOBARRA CB,True
6877,FUNDACION GLOBALCAJA LA RODA,25,8.6037,53.944,True,11,TOBARRA CB,True
6878,FUNDACION GLOBALCAJA LA RODA,4,9.5204,56.339,False,11,TOBARRA CB,True
6879,FUNDACION GLOBALCAJA LA RODA,4,10.1551,31.383,True,11,TOBARRA CB,True
6880,FUNDACION GLOBALCAJA LA RODA,9,5.6417,58.734,True,11,TOBARRA CB,True
6881,TOBARRA CB,7,6.488,60.12,False,11,FUNDACION GLOBALCAJA LA RODA,False
6882,TOBARRA CB,28,31.593,73.606,False,11,FUNDACION GLOBALCAJA LA RODA,False
6883,TOBARRA CB,3,6.0648,58.86,False,11,FUNDACION GLOBALCAJA LA RODA,False
6884,TOBARRA CB,34,7.8984,48.39,False,11,FUNDACION GLOBALCAJA LA RODA,False
6885,TOBARRA CB,32,10.64879999999999,54.82,True,11,FUNDACION GLOBALCAJA LA RODA,False
6886,TOBARRA CB,0,23.836,86.084,False,11,FUNDACION GLOBALCAJA LA RODA,False
6887,TOBARRA CB,34,16.29059999999999,24.829,True,11,FUNDACION GLOBALCAJA LA RODA,False
6888,TOBARRA CB,32,31.382,25.459,True,11,FUNDACION GLOBALCAJA LA RODA,False
6889,TOBARRA CB,28,31.593,73.606,False,11,FUNDACION GLOBALCAJA LA RODA,False
6890,TOBARRA CB,28,9.449,55.835,True,11,FUNDACION GLOBALCAJA LA RODA,False
6891,TOBARRA CB,7,10.1551,38.441,True,11,FUNDACION GLOBALCAJA LA RODA,False
6892,TOBARRA CB,3,15.091,34.534,True,11,FUNDACION GLOBALCAJA LA RODA,False
6893,TOBARRA CB,7,7.3342,49.029,False,11,FUNDACION GLOBALCAJA LA RODA,False
6894,TOBARRA CB,3,14.104,65.54,False,11,FUNDACION GLOBALCAJA LA RODA,False
6895,TOBARRA CB,21,5.5007,43.609,True,11,FUNDACION GLOBALCAJA LA RODA,False
6896,TOBARRA CB,34,8.0395,38.69,False,11,FUNDACION GLOBALCAJA LA RODA,False
6897,TOBARRA CB,28,13.1876,34.408,False,11,FUNDACION GLOBALCAJA LA RODA,False
6898,TOBARRA CB,0,5.9238,42.853,True,11,FUNDACION GLOBALCAJA LA RODA,False
6899,TOBARRA CB,32,26.0931,11.469,False,11,FUNDACION GLOBALCAJA LA RODA,False
6900,TOBARRA CB,32,35.119,37.937,False,11,FUNDACION GLOBALCAJA LA RODA,False
6901,TOBARRA CB,7,10.4372,36.047,False,11,FUNDACION GLOBALCAJA LA RODA,False
6902,TOBARRA CB,3,35.4,42.097,False,11,FUNDACION GLOBALCAJA LA RODA,False
6903,TOBARRA CB,3,15.5853,35.29,False,11,FUNDACION GLOBALCAJA LA RODA,False
6904,TOBARRA CB,28,11.706,43.609,False,11,FUNDACION GLOBALCAJA LA RODA,False
6905,TOBARRA CB,32,26.445,13.612,True,11,FUNDACION GLOBALCAJA LA RODA,False
6906,TOBARRA CB,32,33.497,66.926,True,11,FUNDACION GLOBALCAJA LA RODA,False
6907,TOBARRA CB,0,26.516,87.09,False,11,FUNDACION GLOBALCAJA LA RODA,False
6908,TOBARRA CB,7,14.668,27.224,False,11,FUNDACION GLOBALCAJA LA RODA,False
6909,TOBARRA CB,28,8.8152,54.82,True,11,FUNDACION GLOBALCAJA LA RODA,False
6910,TOBARRA CB,3,7.9689,58.482,False,11,FUNDACION GLOBALCAJA LA RODA,False
6911,TOBARRA CB,32,32.722,64.784,False,11,FUNDACION GLOBALCAJA LA RODA,False
6912,TOBARRA CB,34,8.6037,43.105,True,11,FUNDACION GLOBALCAJA LA RODA,False
6913,TOBARRA CB,0,4.7954,35.164,True,11,FUNDACION GLOBALCAJA LA RODA,False
6914,TOBARRA CB,28,4.513,41.34,False,11,FUNDACION GLOBALCAJA LA RODA,False
6915,TOBARRA CB,32,30.042,82.051,False,11,FUNDACION GLOBALCAJA LA RODA,False
6916,TOBARRA CB,3,7.8984,60.75,False,11,FUNDACION GLOBALCAJA LA RODA,False
6917,TOBARRA CB,6,7.1227,63.145,False,11,FUNDACION GLOBALCAJA LA RODA,False
6918,TOBARRA CB,28,7.9689,42.349,False,11,FUNDACION GLOBALCAJA LA RODA,False
6919,TOBARRA CB,32,30.253,19.662,False,11,FUNDACION GLOBALCAJA LA RODA,False
6920,TOBARRA CB,7,6.3469,39.45,True,11,FUNDACION GLOBALCAJA LA RODA,False
6921,TOBARRA CB,7,12.129,48.27,False,11,FUNDACION GLOBALCAJA LA RODA,False
6922,TOBARRA CB,3,8.5331,4.0332,False,11,FUNDACION GLOBALCAJA LA RODA,False
6923,TOBARRA CB,3,11.42449999999999,34.03,False,11,FUNDACION GLOBALCAJA LA RODA,False
6924,TOBARRA CB,0,30.888,72.976,False,11,FUNDACION GLOBALCAJA LA RODA,False
6925,TOBARRA CB,0,16.29059999999999,24.829,False,11,FUNDACION GLOBALCAJA LA RODA,False
6926,TOBARRA CB,32,22.355,90.622,False,11,FUNDACION GLOBALCAJA LA RODA,False
6927,TOBARRA CB,0,29.6192,81.547,False,11,FUNDACION GLOBALCAJA LA RODA,False
6928,TOBARRA CB,32,8.25109999999999,77.64,False,11,FUNDACION GLOBALCAJA LA RODA,False
6929,TOBARRA CB,3,34.837,47.768,True,11,FUNDACION GLOBALCAJA LA RODA,False
6930,TOBARRA CB,28,35.4,42.097,False,11,FUNDACION GLOBALCAJA LA RODA,False
6931,TOBARRA CB,3,9.80249999999999,54.448,True,11,FUNDACION GLOBALCAJA LA RODA,False
6932,TOBARRA CB,3,14.245,2.898,True,11,FUNDACION GLOBALCAJA LA RODA,False
6933,TOBARRA CB,7,34.132,33.652,False,11,FUNDACION GLOBALCAJA LA RODA,False
6934,TOBARRA CB,21,25.0353,9.4529,False,11,FUNDACION GLOBALCAJA LA RODA,False
6935,TOBARRA CB,34,7.9689,42.349,True,11,FUNDACION GLOBALCAJA LA RODA,False
6936,TOBARRA CB,28,14.17489999999999,47.012,False,11,FUNDACION GLOBALCAJA LA RODA,False
6937,TOBARRA CB,28,32.722,64.784,True,11,FUNDACION GLOBALCAJA LA RODA,False
6938,TOBARRA CB,3,25.881,83.94,True,11,FUNDACION GLOBALCAJA LA RODA,False
6939,TOBARRA CB,0,6.4175,72.472,False,11,FUNDACION GLOBALCAJA LA RODA,False
6940,TOBARRA CB,32,19.1114,32.644,False,11,FUNDACION GLOBALCAJA LA RODA,False
6941,TOBARRA CB,3,20.31,67.178,False,11,FUNDACION GLOBALCAJA LA RODA,False
6942,TOBARRA CB,7,9.02679999999999,2.6468,False,11,FUNDACION GLOBALCAJA LA RODA,False
6943,TOBARRA CB,34,6.4174,54.7,True,11,FUNDACION GLOBALCAJA LA RODA,False
6944,TOBARRA CB,7,5.7122,58.86,True,11,FUNDACION GLOBALCAJA LA RODA,False
6945,TOBARRA CB,3,28.349,21.3,True,11,FUNDACION GLOBALCAJA LA RODA,False
6946,TOBARRA CB,32,8.46259999999999,58.734,False,11,FUNDACION GLOBALCAJA LA RODA,False
6947,TOBARRA CB,3,6.9817,59.49,True,11,FUNDACION GLOBALCAJA LA RODA,False
6948,GRUPO INTERBUS ALCOBENDAS,33,13.187,46.004,True,11,CB LA MATANZA,True
6949,GRUPO INTERBUS ALCOBENDAS,5,35.119,52.684,False,11,CB LA MATANZA,True
6950,GRUPO INTERBUS ALCOBENDAS,33,28.8434,25.459,False,11,CB LA MATANZA,True
6951,GRUPO INTERBUS ALCOBENDAS,24,9.52049999999999,41.97,False,11,CB LA MATANZA,True
6952,GRUPO INTERBUS ALCOBENDAS,41,12.552,45.374,True,11,CB LA MATANZA,True
6953,GRUPO INTERBUS ALCOBENDAS,33,30.253,21.552,False,11,CB LA MATANZA,True
6954,GRUPO INTERBUS ALCOBENDAS,5,36.6,35.54,False,11,CB LA MATANZA,True
6955,GRUPO INTERBUS ALCOBENDAS,33,27.2214,18.779,True,11,CB LA MATANZA,True
6956,GRUPO INTERBUS ALCOBENDAS,41,7.33429999999999,40.08,False,11,CB LA MATANZA,True
6957,GRUPO INTERBUS ALCOBENDAS,13,22.6375,7.6883,False,11,CB LA MATANZA,True
6958,GRUPO INTERBUS ALCOBENDAS,33,27.644,80.412,False,11,CB LA MATANZA,True
6959,GRUPO INTERBUS ALCOBENDAS,4,22.0733,92.134,False,11,CB LA MATANZA,True
6960,GRUPO INTERBUS ALCOBENDAS,33,30.677,85.202,False,11,CB LA MATANZA,True
6961,GRUPO INTERBUS ALCOBENDAS,5,28.49079999999999,80.917,False,11,CB LA MATANZA,True
6962,GRUPO INTERBUS ALCOBENDAS,13,15.021,47.012,False,11,CB LA MATANZA,True
6963,GRUPO INTERBUS ALCOBENDAS,33,14.10439999999999,47.516,True,11,CB LA MATANZA,True
6964,GRUPO INTERBUS ALCOBENDAS,13,10.4372,91.0,False,11,CB LA MATANZA,True
6965,GRUPO INTERBUS ALCOBENDAS,13,9.73,55.079,True,11,CB LA MATANZA,True
6966,GRUPO INTERBUS ALCOBENDAS,13,8.3215,59.868,True,11,CB LA MATANZA,True
6967,GRUPO INTERBUS ALCOBENDAS,17,7.33429999999999,63.397,True,11,CB LA MATANZA,True
6968,GRUPO INTERBUS ALCOBENDAS,17,32.933,69.699,False,11,CB LA MATANZA,True
6969,GRUPO INTERBUS ALCOBENDAS,5,7.61639999999999,23.443,False,11,CB LA MATANZA,True
6970,GRUPO INTERBUS ALCOBENDAS,33,34.4852,34.156,False,11,CB LA MATANZA,True
6971,GRUPO INTERBUS ALCOBENDAS,17,10.578,40.458,False,11,CB LA MATANZA,True
6972,GRUPO INTERBUS ALCOBENDAS,13,9.5204,56.969,True,11,CB LA MATANZA,True
6973,GRUPO INTERBUS ALCOBENDAS,14,16.502,42.979,False,11,CB LA MATANZA,True
6974,GRUPO INTERBUS ALCOBENDAS,33,8.95629999999999,94.025,True,11,CB LA MATANZA,True
6975,GRUPO INTERBUS ALCOBENDAS,13,22.002,71.842,False,11,CB LA MATANZA,True
6976,GRUPO INTERBUS ALCOBENDAS,16,12.55289999999999,47.768,False,11,CB LA MATANZA,True
6977,GRUPO INTERBUS ALCOBENDAS,77,29.196,21.3,False,11,CB LA MATANZA,True
6978,GRUPO INTERBUS ALCOBENDAS,5,7.8279,41.97,True,11,CB LA MATANZA,True
6979,GRUPO INTERBUS ALCOBENDAS,24,11.706,58.23,True,11,CB LA MATANZA,True
6980,GRUPO INTERBUS ALCOBENDAS,13,7.8984,62.767,False,11,CB LA MATANZA,True
6981,GRUPO INTERBUS ALCOBENDAS,77,24.682,89.361,False,11,CB LA MATANZA,True
6982,GRUPO INTERBUS ALCOBENDAS,13,7.2637,40.08,True,11,CB LA MATANZA,True
6983,GRUPO INTERBUS ALCOBENDAS,24,11.42449999999999,42.349,True,11,CB LA MATANZA,True
6984,GRUPO INTERBUS ALCOBENDAS,24,10.64879999999999,42.349,False,11,CB LA MATANZA,True
6985,GRUPO INTERBUS ALCOBENDAS,33,10.08459999999999,68.817,False,11,CB LA MATANZA,True
6986,GRUPO INTERBUS ALCOBENDAS,14,24.823,90.622,False,11,CB LA MATANZA,True
6987,GRUPO INTERBUS ALCOBENDAS,4,36.318,49.155,True,11,CB LA MATANZA,True
6988,GRUPO INTERBUS ALCOBENDAS,13,30.465,81.421,False,11,CB LA MATANZA,True
6989,GRUPO INTERBUS ALCOBENDAS,33,17.34839999999999,34.282,False,11,CB LA MATANZA,True
6990,GRUPO INTERBUS ALCOBENDAS,41,14.527,47.516,True,11,CB LA MATANZA,True
6991,GRUPO INTERBUS ALCOBENDAS,41,16.502,44.617,False,11,CB LA MATANZA,True
6992,GRUPO INTERBUS ALCOBENDAS,41,20.31,33.904,False,11,CB LA MATANZA,True
6993,GRUPO INTERBUS ALCOBENDAS,13,8.8152,40.584,True,11,CB LA MATANZA,True
6994,GRUPO INTERBUS ALCOBENDAS,17,8.4626,41.84,False,11,CB LA MATANZA,True
6995,GRUPO INTERBUS ALCOBENDAS,41,9.59099999999999,57.221,True,11,CB LA MATANZA,True
6996,GRUPO INTERBUS ALCOBENDAS,13,10.08459999999999,41.592,False,11,CB LA MATANZA,True
6997,GRUPO INTERBUS ALCOBENDAS,16,10.084,41.466,True,11,CB LA MATANZA,True
6998,GRUPO INTERBUS ALCOBENDAS,33,11.071,93.39,True,11,CB LA MATANZA,True
6999,GRUPO INTERBUS ALCOBENDAS,33,32.0169,29.241,False,11,CB LA MATANZA,True
7000,GRUPO INTERBUS ALCOBENDAS,4,8.3215,5.5457,False,11,CB LA MATANZA,True
7001,GRUPO INTERBUS ALCOBENDAS,5,28.91,22.056,True,11,CB LA MATANZA,True
7002,GRUPO INTERBUS ALCOBENDAS,41,15.6559,48.903,True,11,CB LA MATANZA,True
7003,GRUPO INTERBUS ALCOBENDAS,77,23.131,9.2008,True,11,CB LA MATANZA,True
7004,GRUPO INTERBUS ALCOBENDAS,16,6.62909999999999,29.493,False,11,CB LA MATANZA,True
7005,GRUPO INTERBUS ALCOBENDAS,33,13.187,4.5374,False,11,CB LA MATANZA,True
7006,GRUPO INTERBUS ALCOBENDAS,41,5.7827,79.152,False,11,CB LA MATANZA,True
7007,GRUPO INTERBUS ALCOBENDAS,13,7.6868,61.507,False,11,CB LA MATANZA,True
7008,GRUPO INTERBUS ALCOBENDAS,41,9.59099999999999,72.85,False,11,CB LA MATANZA,True
7009,GRUPO INTERBUS ALCOBENDAS,5,16.008,94.907,True,11,CB LA MATANZA,True
7010,GRUPO INTERBUS ALCOBENDAS,41,7.6163,72.22,True,11,CB LA MATANZA,True
7011,GRUPO INTERBUS ALCOBENDAS,13,34.555,25.459,False,11,CB LA MATANZA,True
7012,CB LA MATANZA,72,11.35,61.885,False,11,GRUPO INTERBUS ALCOBENDAS,False
7013,CB LA MATANZA,3,9.4499,43.861,True,11,GRUPO INTERBUS ALCOBENDAS,False
7014,CB LA MATANZA,0,8.8152,40.08,True,11,GRUPO INTERBUS ALCOBENDAS,False
7015,CB LA MATANZA,9,34.485,39.198,False,11,GRUPO INTERBUS ALCOBENDAS,False
7016,CB LA MATANZA,7,28.138,57.095,False,11,GRUPO INTERBUS ALCOBENDAS,False
7017,CB LA MATANZA,23,13.6812,42.853,False,11,GRUPO INTERBUS ALCOBENDAS,False
7018,CB LA MATANZA,14,11.98869999999999,59.112,False,11,GRUPO INTERBUS ALCOBENDAS,False
7019,CB LA MATANZA,9,7.263,93.64,True,11,GRUPO INTERBUS ALCOBENDAS,False
7020,CB LA MATANZA,14,11.14249999999999,37.937,False,11,GRUPO INTERBUS ALCOBENDAS,False
7021,CB LA MATANZA,6,10.225,9.2008,False,11,GRUPO INTERBUS ALCOBENDAS,False
7022,CB LA MATANZA,14,33.6389,46.382,True,11,GRUPO INTERBUS ALCOBENDAS,False
7023,CB LA MATANZA,3,10.4372,78.018,False,11,GRUPO INTERBUS ALCOBENDAS,False
7024,CB LA MATANZA,7,30.394,18.905,False,11,GRUPO INTERBUS ALCOBENDAS,False
7025,CB LA MATANZA,72,11.071,61.633,False,11,GRUPO INTERBUS ALCOBENDAS,False
7026,CB LA MATANZA,0,7.68689999999999,57.725,True,11,GRUPO INTERBUS ALCOBENDAS,False
7027,CB LA MATANZA,9,35.825,55.079,False,11,GRUPO INTERBUS ALCOBENDAS,False
7028,CB LA MATANZA,6,9.238,70.203,False,11,GRUPO INTERBUS ALCOBENDAS,False
7029,CB LA MATANZA,0,11.424,46.256,False,11,GRUPO INTERBUS ALCOBENDAS,False
7030,CB LA MATANZA,23,15.79689999999999,69.447,False,11,GRUPO INTERBUS ALCOBENDAS,False
7031,CB LA MATANZA,0,7.33429999999999,40.206,False,11,GRUPO INTERBUS ALCOBENDAS,False
7032,CB LA MATANZA,72,5.5007,61.002,True,11,GRUPO INTERBUS ALCOBENDAS,False
7033,CB LA MATANZA,1,8.18049999999999,27.476,False,11,GRUPO INTERBUS ALCOBENDAS,False
7034,CB LA MATANZA,23,14.66849999999999,54.322,False,11,GRUPO INTERBUS ALCOBENDAS,False
7035,CB LA MATANZA,23,29.971,23.191,False,11,GRUPO INTERBUS ALCOBENDAS,False
7036,CB LA MATANZA,0,7.193200000000004,63.397,False,11,GRUPO INTERBUS ALCOBENDAS,False
7037,CB LA MATANZA,11,34.273,27.35,False,11,GRUPO INTERBUS ALCOBENDAS,False
7038,CB LA MATANZA,11,31.17,26.594,False,11,GRUPO INTERBUS ALCOBENDAS,False
7039,CB LA MATANZA,1,9.5204,43.231,False,11,GRUPO INTERBUS ALCOBENDAS,False
7040,CB LA MATANZA,7,9.8025,40.206,False,11,GRUPO INTERBUS ALCOBENDAS,False
7041,CB LA MATANZA,14,24.823,89.865,False,11,GRUPO INTERBUS ALCOBENDAS,False
7042,CB LA MATANZA,14,11.988,40.206,True,11,GRUPO INTERBUS ALCOBENDAS,False
7043,CB LA MATANZA,23,22.99,11.091,False,11,GRUPO INTERBUS ALCOBENDAS,False
7044,CB LA MATANZA,7,7.96899999999999,69.069,True,11,GRUPO INTERBUS ALCOBENDAS,False
7045,CB LA MATANZA,23,8.5331,40.08,True,11,GRUPO INTERBUS ALCOBENDAS,False
7046,CB LA MATANZA,1,11.0014,50.919,False,11,GRUPO INTERBUS ALCOBENDAS,False
7047,CB LA MATANZA,21,12.623,40.332,False,11,GRUPO INTERBUS ALCOBENDAS,False
7048,CB LA MATANZA,11,14.174,56.969,False,11,GRUPO INTERBUS ALCOBENDAS,False
7049,CB LA MATANZA,1,7.61639999999999,65.54,False,11,GRUPO INTERBUS ALCOBENDAS,False
7050,CB LA MATANZA,7,13.7518,41.592,False,11,GRUPO INTERBUS ALCOBENDAS,False
7051,CB LA MATANZA,14,34.837,51.045,False,11,GRUPO INTERBUS ALCOBENDAS,False
7052,CB LA MATANZA,0,29.196,20.796,False,11,GRUPO INTERBUS ALCOBENDAS,False
7053,CB LA MATANZA,11,9.5204,41.214,False,11,GRUPO INTERBUS ALCOBENDAS,False
7054,CB LA MATANZA,1,28.349,24.703,False,11,GRUPO INTERBUS ALCOBENDAS,False
7055,CB LA MATANZA,1,32.792,75.371,False,11,GRUPO INTERBUS ALCOBENDAS,False
7056,CB LA MATANZA,7,35.19,46.76,False,11,GRUPO INTERBUS ALCOBENDAS,False
7057,CB LA MATANZA,14,31.664,34.03,True,11,GRUPO INTERBUS ALCOBENDAS,False
7058,CB LA MATANZA,7,8.25109999999999,94.025,False,11,GRUPO INTERBUS ALCOBENDAS,False
7059,CB LA MATANZA,3,7.4753,58.23,True,11,GRUPO INTERBUS ALCOBENDAS,False
7060,CB LA MATANZA,0,7.3342,43.609,True,11,GRUPO INTERBUS ALCOBENDAS,False
7061,CB LA MATANZA,3,29.407,21.93,False,11,GRUPO INTERBUS ALCOBENDAS,False
7062,CB LA MATANZA,7,14.174,47.012,False,11,GRUPO INTERBUS ALCOBENDAS,False
7063,CB LA MATANZA,11,23.201,29.241,True,11,GRUPO INTERBUS ALCOBENDAS,False
7064,CB LA MATANZA,23,32.15,52.936,False,11,GRUPO INTERBUS ALCOBENDAS,False
7065,CB LA MATANZA,11,31.382,83.437,True,11,GRUPO INTERBUS ALCOBENDAS,False
7066,CB LA MATANZA,14,35.543,47.39,False,11,GRUPO INTERBUS ALCOBENDAS,False
7067,CB LA MATANZA,14,7.12269999999999,41.592,True,11,GRUPO INTERBUS ALCOBENDAS,False
7068,CB LA MATANZA,14,34.132,69.069,False,11,GRUPO INTERBUS ALCOBENDAS,False
7069,CB LA MATANZA,1,9.30889999999999,58.1,True,11,GRUPO INTERBUS ALCOBENDAS,False
7070,EL VENTERO CBV,21,6.0648,51.802,True,11,TOSCONES CORRALEJO,True
7071,EL VENTERO CBV,10,8.3215,4.5374,False,11,TOSCONES CORRALEJO,True
7072,EL VENTERO CBV,10,10.7193,94.025,False,11,TOSCONES CORRALEJO,True
7073,EL VENTERO CBV,10,34.132,19.662,True,11,TOSCONES CORRALEJO,True
7074,EL VENTERO CBV,15,20.7334,36.551,False,11,TOSCONES CORRALEJO,True
7075,EL VENTERO CBV,22,25.176,11.343,False,11,TOSCONES CORRALEJO,True
7076,EL VENTERO CBV,0,5.99439999999999,51.045,True,11,TOSCONES CORRALEJO,True
7077,EL VENTERO CBV,21,7.8279,52.81,True,11,TOSCONES CORRALEJO,True
7078,EL VENTERO CBV,22,7.4753,47.138,False,11,TOSCONES CORRALEJO,True
7079,EL VENTERO CBV,10,7.4753,6.68,False,11,TOSCONES CORRALEJO,True
7080,EL VENTERO CBV,2,37.729,46.886,False,11,TOSCONES CORRALEJO,True
7081,EL VENTERO CBV,10,34.626,69.447,True,11,TOSCONES CORRALEJO,True
7082,EL VENTERO CBV,10,6.77,60.876,False,11,TOSCONES CORRALEJO,True
7083,EL VENTERO CBV,1,5.7827,48.146,False,11,TOSCONES CORRALEJO,True
7084,EL VENTERO CBV,18,8.9562,50.163,True,11,TOSCONES CORRALEJO,True
7085,EL VENTERO CBV,18,5.6417,50.415,False,11,TOSCONES CORRALEJO,True
7086,EL VENTERO CBV,41,22.56699999999999,91.756,False,11,TOSCONES CORRALEJO,True
7087,EL VENTERO CBV,1,25.105,53.944,False,11,TOSCONES CORRALEJO,True
7088,EL VENTERO CBV,0,5.8533,51.5,True,11,TOSCONES CORRALEJO,True
7089,EL VENTERO CBV,41,25.387,7.3102,False,11,TOSCONES CORRALEJO,True
7090,EL VENTERO CBV,10,37.447,50.667,False,11,TOSCONES CORRALEJO,True
7091,EL VENTERO CBV,0,28.843,85.958,False,11,TOSCONES CORRALEJO,True
7092,EL VENTERO CBV,10,30.253,78.27,False,11,TOSCONES CORRALEJO,True
7093,EL VENTERO CBV,10,5.5712,48.651,True,11,TOSCONES CORRALEJO,True
7094,EL VENTERO CBV,10,5.43019999999999,48.39,True,11,TOSCONES CORRALEJO,True
7095,EL VENTERO CBV,1,4.7954,51.045,True,11,TOSCONES CORRALEJO,True
7096,EL VENTERO CBV,18,10.7193,94.025,False,11,TOSCONES CORRALEJO,True
7097,EL VENTERO CBV,22,30.53,20.292,False,11,TOSCONES CORRALEJO,True
7098,EL VENTERO CBV,0,29.266,83.689,True,11,TOSCONES CORRALEJO,True
7099,EL VENTERO CBV,18,6.2764,50.037,False,11,TOSCONES CORRALEJO,True
7100,EL VENTERO CBV,0,5.5712,50.793,True,11,TOSCONES CORRALEJO,True
7101,EL VENTERO CBV,10,6.48,51.67,True,11,TOSCONES CORRALEJO,True
7102,EL VENTERO CBV,0,34.273,23.317,False,11,TOSCONES CORRALEJO,True
7103,EL VENTERO CBV,0,8.11,52.558,False,11,TOSCONES CORRALEJO,True
7104,EL VENTERO CBV,41,5.71229999999999,50.037,True,11,TOSCONES CORRALEJO,True
7105,EL VENTERO CBV,0,6.27639999999999,49.785,True,11,TOSCONES CORRALEJO,True
7106,EL VENTERO CBV,22,7.404,48.27,True,11,TOSCONES CORRALEJO,True
7107,EL VENTERO CBV,1,34.555,73.354,True,11,TOSCONES CORRALEJO,True
7108,EL VENTERO CBV,10,37.729,46.886,False,11,TOSCONES CORRALEJO,True
7109,EL VENTERO CBV,10,5.2891,51.045,True,11,TOSCONES CORRALEJO,True
7110,EL VENTERO CBV,41,6.06489999999999,48.39,True,11,TOSCONES CORRALEJO,True
7111,EL VENTERO CBV,2,10.578,44.617,False,11,TOSCONES CORRALEJO,True
7112,EL VENTERO CBV,0,29.971,83.059,False,11,TOSCONES CORRALEJO,True
7113,EL VENTERO CBV,2,35.26,73.228,False,11,TOSCONES CORRALEJO,True
7114,EL VENTERO CBV,0,6.4174,48.52,True,11,TOSCONES CORRALEJO,True
7115,EL VENTERO CBV,21,5.5712,50.415,True,11,TOSCONES CORRALEJO,True
7116,EL VENTERO CBV,10,6.3469,49.029,False,11,TOSCONES CORRALEJO,True
7117,EL VENTERO CBV,10,9.87309999999999,51.5,False,11,TOSCONES CORRALEJO,True
7118,EL VENTERO CBV,21,10.7193,94.025,True,11,TOSCONES CORRALEJO,True
7119,EL VENTERO CBV,0,7.4753,94.025,True,11,TOSCONES CORRALEJO,True
7120,EL VENTERO CBV,21,4.5134,50.919,False,11,TOSCONES CORRALEJO,True
7121,EL VENTERO CBV,1,33.074,76.505,False,11,TOSCONES CORRALEJO,True
7122,EL VENTERO CBV,1,5.2891,49.281,False,11,TOSCONES CORRALEJO,True
7123,EL VENTERO CBV,18,7.5458,49.911,True,11,TOSCONES CORRALEJO,True
7124,EL VENTERO CBV,0,7.827,4.0332,True,11,TOSCONES CORRALEJO,True
7125,EL VENTERO CBV,10,24.04,9.705,True,11,TOSCONES CORRALEJO,True
7126,EL VENTERO CBV,18,8.9562,50.163,False,11,TOSCONES CORRALEJO,True
7127,EL VENTERO CBV,41,5.0776,48.27,True,11,TOSCONES CORRALEJO,True
7128,EL VENTERO CBV,27,6.84059999999999,94.025,False,11,TOSCONES CORRALEJO,True
7129,EL VENTERO CBV,21,26.86879999999999,86.96,True,11,TOSCONES CORRALEJO,True
7130,EL VENTERO CBV,2,34.132,73.984,False,11,TOSCONES CORRALEJO,True
7131,EL VENTERO CBV,10,36.389,52.936,True,11,TOSCONES CORRALEJO,True
7132,EL VENTERO CBV,15,35.0494,21.426,False,11,TOSCONES CORRALEJO,True
7133,EL VENTERO CBV,1,36.53,21.048,False,11,TOSCONES CORRALEJO,True
7134,EL VENTERO CBV,2,10.578,44.617,False,11,TOSCONES CORRALEJO,True
7135,EL VENTERO CBV,41,33.1453,18.149,False,11,TOSCONES CORRALEJO,True
7136,EL VENTERO CBV,41,35.895,47.012,True,11,TOSCONES CORRALEJO,True
7137,EL VENTERO CBV,1,6.9817,48.146,False,11,TOSCONES CORRALEJO,True
7138,EL VENTERO CBV,0,6.2764,47.516,False,11,TOSCONES CORRALEJO,True
7139,EL VENTERO CBV,0,35.966,50.163,True,11,TOSCONES CORRALEJO,True
7140,TOSCONES CORRALEJO,9,6.488,48.777,True,11,EL VENTERO CBV,False
7141,TOSCONES CORRALEJO,8,5.8533,50.415,False,11,EL VENTERO CBV,False
7142,TOSCONES CORRALEJO,6,6.77,57.347,False,11,EL VENTERO CBV,False
7143,TOSCONES CORRALEJO,7,5.9238,52.432,True,11,EL VENTERO CBV,False
7144,TOSCONES CORRALEJO,9,7.96899999999999,46.886,False,11,EL VENTERO CBV,False
7145,TOSCONES CORRALEJO,8,18.899,51.928,True,11,EL VENTERO CBV,False
7146,TOSCONES CORRALEJO,7,6.2764,48.146,True,11,EL VENTERO CBV,False
7147,TOSCONES CORRALEJO,7,7.05219999999999,44.617,False,11,EL VENTERO CBV,False
7148,TOSCONES CORRALEJO,15,6.84059999999999,51.802,False,11,EL VENTERO CBV,False
7149,TOSCONES CORRALEJO,17,6.48,47.516,True,11,EL VENTERO CBV,False
7150,TOSCONES CORRALEJO,8,19.8872,23.695,True,11,EL VENTERO CBV,False
7151,TOSCONES CORRALEJO,7,8.5331,44.995,False,11,EL VENTERO CBV,False
7152,TOSCONES CORRALEJO,11,6.6996,51.171,True,11,EL VENTERO CBV,False
7153,TOSCONES CORRALEJO,17,6.62909999999999,48.52,False,11,EL VENTERO CBV,False
7154,TOSCONES CORRALEJO,17,6.6996,48.651,True,11,EL VENTERO CBV,False
7155,TOSCONES CORRALEJO,7,6.8406,52.18,False,11,EL VENTERO CBV,False
7156,TOSCONES CORRALEJO,7,36.812,46.004,False,11,EL VENTERO CBV,False
7157,TOSCONES CORRALEJO,9,6.4175,40.71,False,11,EL VENTERO CBV,False
7158,TOSCONES CORRALEJO,7,45.557,24.073,False,11,EL VENTERO CBV,False
7159,TOSCONES CORRALEJO,7,42.172,78.144,False,11,EL VENTERO CBV,False
7160,TOSCONES CORRALEJO,30,16.2,72.472,False,11,EL VENTERO CBV,False
7161,TOSCONES CORRALEJO,17,11.70659999999999,49.533,False,11,EL VENTERO CBV,False
7162,TOSCONES CORRALEJO,17,38.857,34.282,False,11,EL VENTERO CBV,False
7163,TOSCONES CORRALEJO,30,31.029,76.883,False,11,EL VENTERO CBV,False
7164,TOSCONES CORRALEJO,9,6.9817,55.457,False,11,EL VENTERO CBV,False
7165,TOSCONES CORRALEJO,8,6.135,52.306,True,11,EL VENTERO CBV,False
7166,TOSCONES CORRALEJO,15,5.5712,51.171,True,11,EL VENTERO CBV,False
7167,TOSCONES CORRALEJO,17,33.709,73.48,False,11,EL VENTERO CBV,False
7168,TOSCONES CORRALEJO,8,36.107,45.878,False,11,EL VENTERO CBV,False
7169,TOSCONES CORRALEJO,17,31.734,18.779,True,11,EL VENTERO CBV,False
7170,TOSCONES CORRALEJO,8,11.142,48.52,False,11,EL VENTERO CBV,False
7171,TOSCONES CORRALEJO,9,6.62909999999999,49.659,True,11,EL VENTERO CBV,False
7172,TOSCONES CORRALEJO,7,37.658,28.736,True,11,EL VENTERO CBV,False
7173,TOSCONES CORRALEJO,17,5.9943,48.903,False,11,EL VENTERO CBV,False
7174,TOSCONES CORRALEJO,9,31.382,77.766,False,11,EL VENTERO CBV,False
7175,TOSCONES CORRALEJO,8,6.9111,41.592,False,11,EL VENTERO CBV,False
7176,TOSCONES CORRALEJO,30,7.05219999999999,48.02,False,11,EL VENTERO CBV,False
7177,TOSCONES CORRALEJO,8,17.84,35.41,False,11,EL VENTERO CBV,False
7178,TOSCONES CORRALEJO,8,5.43019999999999,48.903,True,11,EL VENTERO CBV,False
7179,TOSCONES CORRALEJO,8,34.132,19.28,True,11,EL VENTERO CBV,False
7180,TOSCONES CORRALEJO,8,35.54,49.155,False,11,EL VENTERO CBV,False
7181,TOSCONES CORRALEJO,17,6.9111,47.012,False,11,EL VENTERO CBV,False
7182,TOSCONES CORRALEJO,7,9.8025,56.843,False,11,EL VENTERO CBV,False
7183,TOSCONES CORRALEJO,7,5.7122,50.415,True,11,EL VENTERO CBV,False
7184,TOSCONES CORRALEJO,17,36.318,23.065,False,11,EL VENTERO CBV,False
7185,TOSCONES CORRALEJO,8,7.96899999999999,46.886,True,11,EL VENTERO CBV,False
7186,TOSCONES CORRALEJO,15,5.923,48.903,True,11,EL VENTERO CBV,False
7187,TOSCONES CORRALEJO,8,26.939,38.189,False,11,EL VENTERO CBV,False
7188,TOSCONES CORRALEJO,6,5.4301,47.012,False,11,EL VENTERO CBV,False
7189,TOSCONES CORRALEJO,17,7.8279,52.18,False,11,EL VENTERO CBV,False
7190,TOSCONES CORRALEJO,17,17.84,35.41,False,11,EL VENTERO CBV,False
7191,TOSCONES CORRALEJO,8,7.68689999999999,52.18,False,11,EL VENTERO CBV,False
7192,TOSCONES CORRALEJO,8,6.62909999999999,48.52,True,11,EL VENTERO CBV,False
7193,NÁUTICO TENERIFE,15,8.1,6.8061,False,11,MOVISTAR ESTUDIANTES,True
7194,NÁUTICO TENERIFE,7,23.624,10.209,False,11,MOVISTAR ESTUDIANTES,True
7195,NÁUTICO TENERIFE,39,4.442899999999994,51.67,True,11,MOVISTAR ESTUDIANTES,True
7196,NÁUTICO TENERIFE,13,31.593,66.296,False,11,MOVISTAR ESTUDIANTES,True
7197,NÁUTICO TENERIFE,5,8.6741,51.171,True,11,MOVISTAR ESTUDIANTES,True
7198,NÁUTICO TENERIFE,5,28.631,51.171,False,11,MOVISTAR ESTUDIANTES,True
7199,NÁUTICO TENERIFE,39,11.424,49.281,False,11,MOVISTAR ESTUDIANTES,True
7200,NÁUTICO TENERIFE,5,19.252,80.53,True,11,MOVISTAR ESTUDIANTES,True
7201,NÁUTICO TENERIFE,15,28.631,51.171,False,11,MOVISTAR ESTUDIANTES,True
7202,NÁUTICO TENERIFE,23,13.89279999999999,4.7894,True,11,MOVISTAR ESTUDIANTES,True
7203,NÁUTICO TENERIFE,3,10.084,49.533,False,11,MOVISTAR ESTUDIANTES,True
7204,NÁUTICO TENERIFE,7,7.4753,42.475,True,11,MOVISTAR ESTUDIANTES,True
7205,NÁUTICO TENERIFE,23,29.689,66.296,False,11,MOVISTAR ESTUDIANTES,True
7206,NÁUTICO TENERIFE,39,8.67419999999999,50.037,False,11,MOVISTAR ESTUDIANTES,True
7207,NÁUTICO TENERIFE,23,34.485,74.11,False,11,MOVISTAR ESTUDIANTES,True
7208,NÁUTICO TENERIFE,18,28.8434,21.048,True,11,MOVISTAR ESTUDIANTES,True
7209,NÁUTICO TENERIFE,42,15.0917,33.4,True,11,MOVISTAR ESTUDIANTES,True
7210,NÁUTICO TENERIFE,23,22.42,25.459,True,11,MOVISTAR ESTUDIANTES,True
7211,NÁUTICO TENERIFE,15,11.21,50.667,False,11,MOVISTAR ESTUDIANTES,True
7212,NÁUTICO TENERIFE,18,33.991,53.818,True,11,MOVISTAR ESTUDIANTES,True
7213,NÁUTICO TENERIFE,23,6.629,94.655,False,11,MOVISTAR ESTUDIANTES,True
7214,NÁUTICO TENERIFE,13,30.465,19.031,True,11,MOVISTAR ESTUDIANTES,True
7215,NÁUTICO TENERIFE,23,11.35,43.735,False,11,MOVISTAR ESTUDIANTES,True
7216,NÁUTICO TENERIFE,18,28.5614,77.009,False,11,MOVISTAR ESTUDIANTES,True
7217,NÁUTICO TENERIFE,5,16.85469999999999,6.4279,True,11,MOVISTAR ESTUDIANTES,True
7218,NÁUTICO TENERIFE,18,9.30889999999999,49.281,False,11,MOVISTAR ESTUDIANTES,True
7219,NÁUTICO TENERIFE,23,14.104,96.167,True,11,MOVISTAR ESTUDIANTES,True
7220,NÁUTICO TENERIFE,15,13.751,51.67,False,11,MOVISTAR ESTUDIANTES,True
7221,NÁUTICO TENERIFE,10,10.86,45.5,False,11,MOVISTAR ESTUDIANTES,True
7222,NÁUTICO TENERIFE,18,5.5712,41.84,False,11,MOVISTAR ESTUDIANTES,True
7223,NÁUTICO TENERIFE,5,32.15,27.728,True,11,MOVISTAR ESTUDIANTES,True
7224,NÁUTICO TENERIFE,7,27.926,75.623,False,11,MOVISTAR ESTUDIANTES,True
7225,NÁUTICO TENERIFE,23,6.205,5.5457,False,11,MOVISTAR ESTUDIANTES,True
7226,NÁUTICO TENERIFE,13,19.32299999999999,7.8144,True,11,MOVISTAR ESTUDIANTES,True
7227,NÁUTICO TENERIFE,15,11.847,78.648,False,11,MOVISTAR ESTUDIANTES,True
7228,NÁUTICO TENERIFE,5,7.7574,33.022,False,11,MOVISTAR ESTUDIANTES,True
7229,NÁUTICO TENERIFE,39,5.00709999999999,51.928,True,11,MOVISTAR ESTUDIANTES,True
7230,NÁUTICO TENERIFE,5,10.7193,56.465,False,11,MOVISTAR ESTUDIANTES,True
7231,NÁUTICO TENERIFE,13,13.751,46.634,True,11,MOVISTAR ESTUDIANTES,True
7232,NÁUTICO TENERIFE,39,9.1678,44.869,False,11,MOVISTAR ESTUDIANTES,True
7233,NÁUTICO TENERIFE,13,10.93,50.667,False,11,MOVISTAR ESTUDIANTES,True
7234,NÁUTICO TENERIFE,39,7.40479999999999,54.82,True,11,MOVISTAR ESTUDIANTES,True
7235,NÁUTICO TENERIFE,39,5.43019999999999,53.818,True,11,MOVISTAR ESTUDIANTES,True
7236,NÁUTICO TENERIFE,15,24.118,34.03,True,11,MOVISTAR ESTUDIANTES,True
7237,NÁUTICO TENERIFE,20,19.6756,94.151,False,11,MOVISTAR ESTUDIANTES,True
7238,NÁUTICO TENERIFE,3,13.328,48.777,False,11,MOVISTAR ESTUDIANTES,True
7239,NÁUTICO TENERIFE,13,27.856,14.368,False,11,MOVISTAR ESTUDIANTES,True
7240,NÁUTICO TENERIFE,13,6.34699999999999,51.045,True,11,MOVISTAR ESTUDIANTES,True
7241,NÁUTICO TENERIFE,7,28.8434,80.16,False,11,MOVISTAR ESTUDIANTES,True
7242,NÁUTICO TENERIFE,13,15.655,45.626,False,11,MOVISTAR ESTUDIANTES,True
7243,NÁUTICO TENERIFE,5,20.592,65.036,False,11,MOVISTAR ESTUDIANTES,True
7244,NÁUTICO TENERIFE,15,4.09029999999999,28.232,False,11,MOVISTAR ESTUDIANTES,True
7245,NÁUTICO TENERIFE,18,12.3413,16.385,False,11,MOVISTAR ESTUDIANTES,True
7246,NÁUTICO TENERIFE,13,14.45699999999999,5.797,False,11,MOVISTAR ESTUDIANTES,True
7247,NÁUTICO TENERIFE,23,8.25109999999999,53.314,False,11,MOVISTAR ESTUDIANTES,True
7248,NÁUTICO TENERIFE,18,26.939,21.426,True,11,MOVISTAR ESTUDIANTES,True
7249,NÁUTICO TENERIFE,7,8.8857,36.929,False,11,MOVISTAR ESTUDIANTES,True
7250,NÁUTICO TENERIFE,39,11.777,49.281,True,11,MOVISTAR ESTUDIANTES,True
7251,NÁUTICO TENERIFE,15,7.8279,25.71,True,11,MOVISTAR ESTUDIANTES,True
7252,NÁUTICO TENERIFE,5,9.661,45.12,True,11,MOVISTAR ESTUDIANTES,True
7253,NÁUTICO TENERIFE,18,28.5614,19.662,True,11,MOVISTAR ESTUDIANTES,True
7254,NÁUTICO TENERIFE,42,11.988,44.113,True,11,MOVISTAR ESTUDIANTES,True
7255,NÁUTICO TENERIFE,39,31.875,19.031,False,11,MOVISTAR ESTUDIANTES,True
7256,NÁUTICO TENERIFE,13,7.1227,47.012,False,11,MOVISTAR ESTUDIANTES,True
7257,NÁUTICO TENERIFE,10,14.45,81.421,False,11,MOVISTAR ESTUDIANTES,True
7258,NÁUTICO TENERIFE,18,9.9436,47.012,False,11,MOVISTAR ESTUDIANTES,True
7259,NÁUTICO TENERIFE,18,30.606,27.728,True,11,MOVISTAR ESTUDIANTES,True
7260,NÁUTICO TENERIFE,23,34.767,66.296,True,11,MOVISTAR ESTUDIANTES,True
7261,NÁUTICO TENERIFE,15,22.42,25.459,False,11,MOVISTAR ESTUDIANTES,True
7262,MOVISTAR ESTUDIANTES,19,3.385,49.281,False,11,NÁUTICO TENERIFE,False
7263,MOVISTAR ESTUDIANTES,8,18.899,93.773,True,11,NÁUTICO TENERIFE,False
7264,MOVISTAR ESTUDIANTES,25,19.46,24.829,False,11,NÁUTICO TENERIFE,False
7265,MOVISTAR ESTUDIANTES,11,21.2976,94.781,False,11,NÁUTICO TENERIFE,False
7266,MOVISTAR ESTUDIANTES,7,10.08459999999999,51.297,False,11,NÁUTICO TENERIFE,False
7267,MOVISTAR ESTUDIANTES,8,25.74,13.486,True,11,NÁUTICO TENERIFE,False
7268,MOVISTAR ESTUDIANTES,25,29.266,27.728,False,11,NÁUTICO TENERIFE,False
7269,MOVISTAR ESTUDIANTES,9,3.9492,52.306,True,11,NÁUTICO TENERIFE,False
7270,MOVISTAR ESTUDIANTES,8,8.0394,94.907,False,11,NÁUTICO TENERIFE,False
7271,MOVISTAR ESTUDIANTES,2,28.5614,20.418,True,11,NÁUTICO TENERIFE,False
7272,MOVISTAR ESTUDIANTES,25,28.067,81.547,False,11,NÁUTICO TENERIFE,False
7273,MOVISTAR ESTUDIANTES,8,29.3371,30.501,True,11,NÁUTICO TENERIFE,False
7274,MOVISTAR ESTUDIANTES,25,31.1,82.051,True,11,NÁUTICO TENERIFE,False
7275,MOVISTAR ESTUDIANTES,22,10.296,59.994,True,11,NÁUTICO TENERIFE,False
7276,MOVISTAR ESTUDIANTES,2,32.44,70.203,False,11,NÁUTICO TENERIFE,False
7277,MOVISTAR ESTUDIANTES,2,8.25109999999999,40.962,True,11,NÁUTICO TENERIFE,False
7278,MOVISTAR ESTUDIANTES,2,27.785,16.763,False,11,NÁUTICO TENERIFE,False
7279,MOVISTAR ESTUDIANTES,2,30.747,24.955,True,11,NÁUTICO TENERIFE,False
7280,MOVISTAR ESTUDIANTES,19,11.8477,52.18,True,11,NÁUTICO TENERIFE,False
7281,MOVISTAR ESTUDIANTES,6,9.0973,76.253,False,11,NÁUTICO TENERIFE,False
7282,MOVISTAR ESTUDIANTES,6,7.2637,6.1759,False,11,NÁUTICO TENERIFE,False
7283,MOVISTAR ESTUDIANTES,25,10.36669999999999,51.5,False,11,NÁUTICO TENERIFE,False
7284,MOVISTAR ESTUDIANTES,8,9.238,49.911,True,11,NÁUTICO TENERIFE,False
7285,MOVISTAR ESTUDIANTES,11,31.1,67.43,False,11,NÁUTICO TENERIFE,False
7286,MOVISTAR ESTUDIANTES,11,27.2214,19.4,True,11,NÁUTICO TENERIFE,False
7287,MOVISTAR ESTUDIANTES,8,5.00709999999999,95.663,False,11,NÁUTICO TENERIFE,False
7288,MOVISTAR ESTUDIANTES,22,9.9435,24.703,False,11,NÁUTICO TENERIFE,False
7289,MOVISTAR ESTUDIANTES,2,25.458,49.659,True,11,NÁUTICO TENERIFE,False
7290,MOVISTAR ESTUDIANTES,6,10.36669999999999,55.205,False,11,NÁUTICO TENERIFE,False
7291,MOVISTAR ESTUDIANTES,6,6.8406,42.853,True,11,NÁUTICO TENERIFE,False
7292,MOVISTAR ESTUDIANTES,7,10.08459999999999,53.062,False,11,NÁUTICO TENERIFE,False
7293,MOVISTAR ESTUDIANTES,6,29.83,17.519,False,11,NÁUTICO TENERIFE,False
7294,MOVISTAR ESTUDIANTES,2,30.112,13.738,False,11,NÁUTICO TENERIFE,False
7295,MOVISTAR ESTUDIANTES,7,30.465,21.426,False,11,NÁUTICO TENERIFE,False
7296,MOVISTAR ESTUDIANTES,6,24.894,51.297,False,11,NÁUTICO TENERIFE,False
7297,MOVISTAR ESTUDIANTES,8,13.1876,4.7894,False,11,NÁUTICO TENERIFE,False
7298,MOVISTAR ESTUDIANTES,6,6.488,16.13,True,11,NÁUTICO TENERIFE,False
7299,MOVISTAR ESTUDIANTES,19,8.392,46.13,False,11,NÁUTICO TENERIFE,False
7300,MOVISTAR ESTUDIANTES,2,11.35,53.314,False,11,NÁUTICO TENERIFE,False
7301,MOVISTAR ESTUDIANTES,8,5.0775,48.39,False,11,NÁUTICO TENERIFE,False
7302,MOVISTAR ESTUDIANTES,11,11.0014,49.785,False,11,NÁUTICO TENERIFE,False
7303,MOVISTAR ESTUDIANTES,9,9.449,49.785,False,11,NÁUTICO TENERIFE,False
7304,MOVISTAR ESTUDIANTES,25,21.791,6.4279,False,11,NÁUTICO TENERIFE,False
7305,MOVISTAR ESTUDIANTES,25,32.29,87.345,False,11,NÁUTICO TENERIFE,False
7306,MOVISTAR ESTUDIANTES,8,10.437,93.016,False,11,NÁUTICO TENERIFE,False
7307,MOVISTAR ESTUDIANTES,9,19.46,24.829,True,11,NÁUTICO TENERIFE,False
7308,MOVISTAR ESTUDIANTES,2,9.02679999999999,56.213,False,11,NÁUTICO TENERIFE,False
7309,MOVISTAR ESTUDIANTES,22,4.5839,49.533,True,11,NÁUTICO TENERIFE,False
7310,MOVISTAR ESTUDIANTES,11,18.335,6.1759,False,11,NÁUTICO TENERIFE,False
7311,MOVISTAR ESTUDIANTES,19,28.7729,17.519,False,11,NÁUTICO TENERIFE,False
7312,MOVISTAR ESTUDIANTES,19,10.507,94.781,False,11,NÁUTICO TENERIFE,False
7313,MOVISTAR ESTUDIANTES,8,10.296,59.994,False,11,NÁUTICO TENERIFE,False
7314,MOVISTAR ESTUDIANTES,8,7.61639999999999,94.655,False,11,NÁUTICO TENERIFE,False
7315,MOVISTAR ESTUDIANTES,7,16.36109999999999,5.2936,False,11,NÁUTICO TENERIFE,False
7316,MOVISTAR ESTUDIANTES,6,10.578,94.907,False,11,NÁUTICO TENERIFE,False
7317,MOVISTAR ESTUDIANTES,25,8.5331,48.651,True,11,NÁUTICO TENERIFE,False
7318,MOVISTAR ESTUDIANTES,11,34.2031,44.365,True,11,NÁUTICO TENERIFE,False
7319,MOVISTAR ESTUDIANTES,8,15.6559,94.025,False,11,NÁUTICO TENERIFE,False
7320,MOVISTAR ESTUDIANTES,8,13.046,50.919,False,11,NÁUTICO TENERIFE,False
7321,MOVISTAR ESTUDIANTES,9,6.77,58.608,False,11,NÁUTICO TENERIFE,False
7322,INMOBILIARIA GÁLVEZ SANTA CRUZ,44,16.9958,95.663,False,11,SUMIALKI CB CIUDAD DE MOSTOLES,True
7323,INMOBILIARIA GÁLVEZ SANTA CRUZ,8,12.693,47.768,False,11,SUMIALKI CB CIUDAD DE MOSTOLES,True
7324,INMOBILIARIA GÁLVEZ SANTA CRUZ,6,15.373,43.105,False,11,SUMIALKI CB CIUDAD DE MOSTOLES,True
7325,INMOBILIARIA GÁLVEZ SANTA CRUZ,21,10.64879999999999,52.18,True,11,SUMIALKI CB CIUDAD DE MOSTOLES,True
7326,INMOBILIARIA GÁLVEZ SANTA CRUZ,6,9.732,51.045,True,11,SUMIALKI CB CIUDAD DE MOSTOLES,True
7327,INMOBILIARIA GÁLVEZ SANTA CRUZ,16,14.95059999999999,61.12,False,11,SUMIALKI CB CIUDAD DE MOSTOLES,True
7328,INMOBILIARIA GÁLVEZ SANTA CRUZ,44,25.176,8.9487,True,11,SUMIALKI CB CIUDAD DE MOSTOLES,True
7329,INMOBILIARIA GÁLVEZ SANTA CRUZ,16,9.80249999999999,48.02,False,11,SUMIALKI CB CIUDAD DE MOSTOLES,True
7330,INMOBILIARIA GÁLVEZ SANTA CRUZ,21,13.6812,54.95,True,11,SUMIALKI CB CIUDAD DE MOSTOLES,True
7331,INMOBILIARIA GÁLVEZ SANTA CRUZ,8,8.8152,3.7811,True,11,SUMIALKI CB CIUDAD DE MOSTOLES,True
7332,INMOBILIARIA GÁLVEZ SANTA CRUZ,6,38.64,61.38,True,11,SUMIALKI CB CIUDAD DE MOSTOLES,True
7333,INMOBILIARIA GÁLVEZ SANTA CRUZ,8,20.94,47.516,False,11,SUMIALKI CB CIUDAD DE MOSTOLES,True
7334,INMOBILIARIA GÁLVEZ SANTA CRUZ,21,10.2257,50.163,True,11,SUMIALKI CB CIUDAD DE MOSTOLES,True
7335,INMOBILIARIA GÁLVEZ SANTA CRUZ,16,34.908,68.313,False,11,SUMIALKI CB CIUDAD DE MOSTOLES,True
7336,INMOBILIARIA GÁLVEZ SANTA CRUZ,44,32.369,28.358,True,11,SUMIALKI CB CIUDAD DE MOSTOLES,True
7337,INMOBILIARIA GÁLVEZ SANTA CRUZ,13,34.696,48.777,False,11,SUMIALKI CB CIUDAD DE MOSTOLES,True
7338,INMOBILIARIA GÁLVEZ SANTA CRUZ,16,7.4753,47.516,True,11,SUMIALKI CB CIUDAD DE MOSTOLES,True
7339,INMOBILIARIA GÁLVEZ SANTA CRUZ,7,7.263,85.706,False,11,SUMIALKI CB CIUDAD DE MOSTOLES,True
7340,INMOBILIARIA GÁLVEZ SANTA CRUZ,8,10.1551,45.24,False,11,SUMIALKI CB CIUDAD DE MOSTOLES,True
7341,INMOBILIARIA GÁLVEZ SANTA CRUZ,24,19.957,47.894,True,11,SUMIALKI CB CIUDAD DE MOSTOLES,True
7342,INMOBILIARIA GÁLVEZ SANTA CRUZ,15,10.014,54.322,True,11,SUMIALKI CB CIUDAD DE MOSTOLES,True
7343,INMOBILIARIA GÁLVEZ SANTA CRUZ,24,8.4626,49.659,True,11,SUMIALKI CB CIUDAD DE MOSTOLES,True
7344,INMOBILIARIA GÁLVEZ SANTA CRUZ,8,32.5811,28.484,False,11,SUMIALKI CB CIUDAD DE MOSTOLES,True
7345,INMOBILIARIA GÁLVEZ SANTA CRUZ,9,11.14249999999999,49.281,True,11,SUMIALKI CB CIUDAD DE MOSTOLES,True
7346,INMOBILIARIA GÁLVEZ SANTA CRUZ,16,7.40479999999999,56.591,True,11,SUMIALKI CB CIUDAD DE MOSTOLES,True
7347,INMOBILIARIA GÁLVEZ SANTA CRUZ,7,10.014,7.0581,True,11,SUMIALKI CB CIUDAD DE MOSTOLES,True
7348,INMOBILIARIA GÁLVEZ SANTA CRUZ,21,13.7518,52.684,True,11,SUMIALKI CB CIUDAD DE MOSTOLES,True
7349,INMOBILIARIA GÁLVEZ SANTA CRUZ,9,7.40479999999999,48.777,True,11,SUMIALKI CB CIUDAD DE MOSTOLES,True
7350,INMOBILIARIA GÁLVEZ SANTA CRUZ,15,10.5078,43.735,False,11,SUMIALKI CB CIUDAD DE MOSTOLES,True
7351,INMOBILIARIA GÁLVEZ SANTA CRUZ,24,15.373,46.508,False,11,SUMIALKI CB CIUDAD DE MOSTOLES,True
7352,INMOBILIARIA GÁLVEZ SANTA CRUZ,24,12.76449999999999,54.574,False,11,SUMIALKI CB CIUDAD DE MOSTOLES,True
7353,INMOBILIARIA GÁLVEZ SANTA CRUZ,44,31.593,74.993,True,11,SUMIALKI CB CIUDAD DE MOSTOLES,True
7354,INMOBILIARIA GÁLVEZ SANTA CRUZ,24,7.9689,43.483,True,11,SUMIALKI CB CIUDAD DE MOSTOLES,True
7355,INMOBILIARIA GÁLVEZ SANTA CRUZ,11,29.196,18.401,True,11,SUMIALKI CB CIUDAD DE MOSTOLES,True
7356,INMOBILIARIA GÁLVEZ SANTA CRUZ,24,6.0648,47.516,True,11,SUMIALKI CB CIUDAD DE MOSTOLES,True
7357,INMOBILIARIA GÁLVEZ SANTA CRUZ,7,9.732,92.26,True,11,SUMIALKI CB CIUDAD DE MOSTOLES,True
7358,INMOBILIARIA GÁLVEZ SANTA CRUZ,13,12.6234,46.634,False,11,SUMIALKI CB CIUDAD DE MOSTOLES,True
7359,INMOBILIARIA GÁLVEZ SANTA CRUZ,24,11.98869999999999,53.944,True,11,SUMIALKI CB CIUDAD DE MOSTOLES,True
7360,INMOBILIARIA GÁLVEZ SANTA CRUZ,8,21.08,48.39,False,11,SUMIALKI CB CIUDAD DE MOSTOLES,True
7361,INMOBILIARIA GÁLVEZ SANTA CRUZ,9,4.93649999999999,48.52,False,11,SUMIALKI CB CIUDAD DE MOSTOLES,True
7362,INMOBILIARIA GÁLVEZ SANTA CRUZ,6,10.507,73.354,False,11,SUMIALKI CB CIUDAD DE MOSTOLES,True
7363,INMOBILIARIA GÁLVEZ SANTA CRUZ,11,10.225,4.9155,False,11,SUMIALKI CB CIUDAD DE MOSTOLES,True
7364,INMOBILIARIA GÁLVEZ SANTA CRUZ,21,13.4697,50.037,True,11,SUMIALKI CB CIUDAD DE MOSTOLES,True
7365,INMOBILIARIA GÁLVEZ SANTA CRUZ,24,14.033,56.969,False,11,SUMIALKI CB CIUDAD DE MOSTOLES,True
7366,INMOBILIARIA GÁLVEZ SANTA CRUZ,16,11.424,57.347,True,11,SUMIALKI CB CIUDAD DE MOSTOLES,True
7367,INMOBILIARIA GÁLVEZ SANTA CRUZ,44,24.753,86.084,True,11,SUMIALKI CB CIUDAD DE MOSTOLES,True
7368,INMOBILIARIA GÁLVEZ SANTA CRUZ,21,14.88,51.171,False,11,SUMIALKI CB CIUDAD DE MOSTOLES,True
7369,INMOBILIARIA GÁLVEZ SANTA CRUZ,44,14.739,8.696,False,11,SUMIALKI CB CIUDAD DE MOSTOLES,True
7370,INMOBILIARIA GÁLVEZ SANTA CRUZ,24,13.892,44.365,True,11,SUMIALKI CB CIUDAD DE MOSTOLES,True
7371,INMOBILIARIA GÁLVEZ SANTA CRUZ,11,33.991,51.802,False,11,SUMIALKI CB CIUDAD DE MOSTOLES,True
7372,INMOBILIARIA GÁLVEZ SANTA CRUZ,11,26.234,13.738,False,11,SUMIALKI CB CIUDAD DE MOSTOLES,True
7373,INMOBILIARIA GÁLVEZ SANTA CRUZ,6,13.469,48.27,True,11,SUMIALKI CB CIUDAD DE MOSTOLES,True
7374,INMOBILIARIA GÁLVEZ SANTA CRUZ,15,10.719,52.18,True,11,SUMIALKI CB CIUDAD DE MOSTOLES,True
7375,INMOBILIARIA GÁLVEZ SANTA CRUZ,44,31.946,81.421,True,11,SUMIALKI CB CIUDAD DE MOSTOLES,True
7376,INMOBILIARIA GÁLVEZ SANTA CRUZ,11,33.3568,50.541,False,11,SUMIALKI CB CIUDAD DE MOSTOLES,True
7377,INMOBILIARIA GÁLVEZ SANTA CRUZ,24,10.93,49.155,True,11,SUMIALKI CB CIUDAD DE MOSTOLES,True
7378,INMOBILIARIA GÁLVEZ SANTA CRUZ,44,35.19,26.972,False,11,SUMIALKI CB CIUDAD DE MOSTOLES,True
7379,INMOBILIARIA GÁLVEZ SANTA CRUZ,24,14.5275,55.583,True,11,SUMIALKI CB CIUDAD DE MOSTOLES,True
7380,INMOBILIARIA GÁLVEZ SANTA CRUZ,8,13.11709999999999,71.59,True,11,SUMIALKI CB CIUDAD DE MOSTOLES,True
7381,INMOBILIARIA GÁLVEZ SANTA CRUZ,15,9.73,54.07,False,11,SUMIALKI CB CIUDAD DE MOSTOLES,True
7382,INMOBILIARIA GÁLVEZ SANTA CRUZ,15,36.741,62.893,False,11,SUMIALKI CB CIUDAD DE MOSTOLES,True
7383,INMOBILIARIA GÁLVEZ SANTA CRUZ,15,13.822,43.231,True,11,SUMIALKI CB CIUDAD DE MOSTOLES,True
7384,INMOBILIARIA GÁLVEZ SANTA CRUZ,6,23.836,38.946,False,11,SUMIALKI CB CIUDAD DE MOSTOLES,True
7385,INMOBILIARIA GÁLVEZ SANTA CRUZ,15,13.11709999999999,52.684,True,11,SUMIALKI CB CIUDAD DE MOSTOLES,True
7386,INMOBILIARIA GÁLVEZ SANTA CRUZ,16,6.48,50.415,False,11,SUMIALKI CB CIUDAD DE MOSTOLES,True
7387,INMOBILIARIA GÁLVEZ SANTA CRUZ,24,9.4499,38.063,True,11,SUMIALKI CB CIUDAD DE MOSTOLES,True
7388,INMOBILIARIA GÁLVEZ SANTA CRUZ,21,8.67419999999999,53.944,False,11,SUMIALKI CB CIUDAD DE MOSTOLES,True
7389,INMOBILIARIA GÁLVEZ SANTA CRUZ,16,11.14249999999999,47.768,False,11,SUMIALKI CB CIUDAD DE MOSTOLES,True
7390,INMOBILIARIA GÁLVEZ SANTA CRUZ,44,9.73,6.554,False,11,SUMIALKI CB CIUDAD DE MOSTOLES,True
7391,INMOBILIARIA GÁLVEZ SANTA CRUZ,24,10.296,45.24,True,11,SUMIALKI CB CIUDAD DE MOSTOLES,True
7392,INMOBILIARIA GÁLVEZ SANTA CRUZ,8,37.16,57.725,True,11,SUMIALKI CB CIUDAD DE MOSTOLES,True
7393,INMOBILIARIA GÁLVEZ SANTA CRUZ,13,9.449,6.9321,True,11,SUMIALKI CB CIUDAD DE MOSTOLES,True
7394,INMOBILIARIA GÁLVEZ SANTA CRUZ,15,16.784,54.196,False,11,SUMIALKI CB CIUDAD DE MOSTOLES,True
7395,SUMIALKI CB CIUDAD DE MOSTOLES,39,30.747,80.16,True,11,INMOBILIARIA GÁLVEZ SANTA CRUZ,False
7396,SUMIALKI CB CIUDAD DE MOSTOLES,13,29.548,28.232,True,11,INMOBILIARIA GÁLVEZ SANTA CRUZ,False
7397,SUMIALKI CB CIUDAD DE MOSTOLES,29,34.132,58.608,True,11,INMOBILIARIA GÁLVEZ SANTA CRUZ,False
7398,SUMIALKI CB CIUDAD DE MOSTOLES,29,22.7,10.461,False,11,INMOBILIARIA GÁLVEZ SANTA CRUZ,False
7399,SUMIALKI CB CIUDAD DE MOSTOLES,39,9.732,94.781,False,11,INMOBILIARIA GÁLVEZ SANTA CRUZ,False
7400,SUMIALKI CB CIUDAD DE MOSTOLES,6,10.507,41.84,False,11,INMOBILIARIA GÁLVEZ SANTA CRUZ,False
7401,SUMIALKI CB CIUDAD DE MOSTOLES,12,20.169,50.793,False,11,INMOBILIARIA GÁLVEZ SANTA CRUZ,False
7402,SUMIALKI CB CIUDAD DE MOSTOLES,29,6.8406,48.27,True,11,INMOBILIARIA GÁLVEZ SANTA CRUZ,False
7403,SUMIALKI CB CIUDAD DE MOSTOLES,8,14.315,49.911,True,11,INMOBILIARIA GÁLVEZ SANTA CRUZ,False
7404,SUMIALKI CB CIUDAD DE MOSTOLES,39,28.5614,17.519,True,11,INMOBILIARIA GÁLVEZ SANTA CRUZ,False
7405,SUMIALKI CB CIUDAD DE MOSTOLES,13,12.6234,52.684,False,11,INMOBILIARIA GÁLVEZ SANTA CRUZ,False
7406,SUMIALKI CB CIUDAD DE MOSTOLES,15,10.64879999999999,55.961,False,11,INMOBILIARIA GÁLVEZ SANTA CRUZ,False
7407,SUMIALKI CB CIUDAD DE MOSTOLES,13,14.245,46.256,True,11,INMOBILIARIA GÁLVEZ SANTA CRUZ,False
7408,SUMIALKI CB CIUDAD DE MOSTOLES,22,12.2,50.793,True,11,INMOBILIARIA GÁLVEZ SANTA CRUZ,False
7409,SUMIALKI CB CIUDAD DE MOSTOLES,29,34.555,29.745,True,11,INMOBILIARIA GÁLVEZ SANTA CRUZ,False
7410,SUMIALKI CB CIUDAD DE MOSTOLES,22,16.29059999999999,44.869,True,11,INMOBILIARIA GÁLVEZ SANTA CRUZ,False
7411,SUMIALKI CB CIUDAD DE MOSTOLES,22,38.64,58.608,False,11,INMOBILIARIA GÁLVEZ SANTA CRUZ,False
7412,SUMIALKI CB CIUDAD DE MOSTOLES,29,14.95,41.97,False,11,INMOBILIARIA GÁLVEZ SANTA CRUZ,False
7413,SUMIALKI CB CIUDAD DE MOSTOLES,22,16.29059999999999,50.163,False,11,INMOBILIARIA GÁLVEZ SANTA CRUZ,False
7414,SUMIALKI CB CIUDAD DE MOSTOLES,15,24.7532,9.3268,False,11,INMOBILIARIA GÁLVEZ SANTA CRUZ,False
7415,SUMIALKI CB CIUDAD DE MOSTOLES,11,7.7574,4.9155,True,11,INMOBILIARIA GÁLVEZ SANTA CRUZ,False
7416,SUMIALKI CB CIUDAD DE MOSTOLES,29,32.933,31.131,False,11,INMOBILIARIA GÁLVEZ SANTA CRUZ,False
7417,SUMIALKI CB CIUDAD DE MOSTOLES,39,32.51,79.656,True,11,INMOBILIARIA GÁLVEZ SANTA CRUZ,False
7418,SUMIALKI CB CIUDAD DE MOSTOLES,8,16.07899999999999,49.029,False,11,INMOBILIARIA GÁLVEZ SANTA CRUZ,False
7419,SUMIALKI CB CIUDAD DE MOSTOLES,29,14.59,52.306,False,11,INMOBILIARIA GÁLVEZ SANTA CRUZ,False
7420,SUMIALKI CB CIUDAD DE MOSTOLES,11,9.5204,49.281,False,11,INMOBILIARIA GÁLVEZ SANTA CRUZ,False
7421,SUMIALKI CB CIUDAD DE MOSTOLES,29,13.399,93.016,False,11,INMOBILIARIA GÁLVEZ SANTA CRUZ,False
7422,SUMIALKI CB CIUDAD DE MOSTOLES,39,15.162,93.52,False,11,INMOBILIARIA GÁLVEZ SANTA CRUZ,False
7423,SUMIALKI CB CIUDAD DE MOSTOLES,39,35.119,57.725,True,11,INMOBILIARIA GÁLVEZ SANTA CRUZ,False
7424,SUMIALKI CB CIUDAD DE MOSTOLES,13,24.612,93.52,False,11,INMOBILIARIA GÁLVEZ SANTA CRUZ,False
7425,SUMIALKI CB CIUDAD DE MOSTOLES,13,11.8477,5.2936,True,11,INMOBILIARIA GÁLVEZ SANTA CRUZ,False
7426,SUMIALKI CB CIUDAD DE MOSTOLES,29,26.86879999999999,84.698,False,11,INMOBILIARIA GÁLVEZ SANTA CRUZ,False
7427,SUMIALKI CB CIUDAD DE MOSTOLES,15,7.827,95.537,False,11,INMOBILIARIA GÁLVEZ SANTA CRUZ,False
7428,SUMIALKI CB CIUDAD DE MOSTOLES,13,13.54,52.936,False,11,INMOBILIARIA GÁLVEZ SANTA CRUZ,False
7429,SUMIALKI CB CIUDAD DE MOSTOLES,6,9.80249999999999,52.936,False,11,INMOBILIARIA GÁLVEZ SANTA CRUZ,False
7430,SUMIALKI CB CIUDAD DE MOSTOLES,6,28.067,24.577,False,11,INMOBILIARIA GÁLVEZ SANTA CRUZ,False
7431,SUMIALKI CB CIUDAD DE MOSTOLES,8,15.232,41.97,True,11,INMOBILIARIA GÁLVEZ SANTA CRUZ,False
7432,SUMIALKI CB CIUDAD DE MOSTOLES,8,11.5656,47.768,True,11,INMOBILIARIA GÁLVEZ SANTA CRUZ,False
7433,SUMIALKI CB CIUDAD DE MOSTOLES,13,7.7574,95.663,False,11,INMOBILIARIA GÁLVEZ SANTA CRUZ,False
7434,SUMIALKI CB CIUDAD DE MOSTOLES,39,10.86039999999999,62.515,False,11,INMOBILIARIA GÁLVEZ SANTA CRUZ,False
7435,SUMIALKI CB CIUDAD DE MOSTOLES,29,34.273,42.727,True,11,INMOBILIARIA GÁLVEZ SANTA CRUZ,False
7436,SUMIALKI CB CIUDAD DE MOSTOLES,22,14.45,45.626,False,11,INMOBILIARIA GÁLVEZ SANTA CRUZ,False
7437,SUMIALKI CB CIUDAD DE MOSTOLES,13,35.613,49.155,True,11,INMOBILIARIA GÁLVEZ SANTA CRUZ,False
7438,SUMIALKI CB CIUDAD DE MOSTOLES,39,11.777,93.142,True,11,INMOBILIARIA GÁLVEZ SANTA CRUZ,False
7439,SUMIALKI CB CIUDAD DE MOSTOLES,13,25.6,89.361,False,11,INMOBILIARIA GÁLVEZ SANTA CRUZ,False
7440,SUMIALKI CB CIUDAD DE MOSTOLES,29,11.142,50.793,True,11,INMOBILIARIA GÁLVEZ SANTA CRUZ,False
7441,SUMIALKI CB CIUDAD DE MOSTOLES,8,13.3991,49.785,False,11,INMOBILIARIA GÁLVEZ SANTA CRUZ,False
7442,SUMIALKI CB CIUDAD DE MOSTOLES,39,11.49509999999999,52.684,False,11,INMOBILIARIA GÁLVEZ SANTA CRUZ,False
7443,SUMIALKI CB CIUDAD DE MOSTOLES,8,10.4372,46.634,True,11,INMOBILIARIA GÁLVEZ SANTA CRUZ,False
7444,SUMIALKI CB CIUDAD DE MOSTOLES,29,29.83069999999999,23.947,False,11,INMOBILIARIA GÁLVEZ SANTA CRUZ,False
7445,SUMIALKI CB CIUDAD DE MOSTOLES,15,36.107,66.17,False,11,INMOBILIARIA GÁLVEZ SANTA CRUZ,False
7446,SUMIALKI CB CIUDAD DE MOSTOLES,11,11.988,93.773,True,11,INMOBILIARIA GÁLVEZ SANTA CRUZ,False
7447,SUMIALKI CB CIUDAD DE MOSTOLES,6,13.328,41.466,False,11,INMOBILIARIA GÁLVEZ SANTA CRUZ,False
7448,SUMIALKI CB CIUDAD DE MOSTOLES,8,19.46,52.306,False,11,INMOBILIARIA GÁLVEZ SANTA CRUZ,False
7449,SUMIALKI CB CIUDAD DE MOSTOLES,8,27.644,86.84,True,11,INMOBILIARIA GÁLVEZ SANTA CRUZ,False
7450,SUMIALKI CB CIUDAD DE MOSTOLES,6,12.55289999999999,19.031,False,11,INMOBILIARIA GÁLVEZ SANTA CRUZ,False
7451,SUMIALKI CB CIUDAD DE MOSTOLES,15,12.55289999999999,46.76,True,11,INMOBILIARIA GÁLVEZ SANTA CRUZ,False
7452,SUMIALKI CB CIUDAD DE MOSTOLES,12,17.63049999999999,52.81,False,11,INMOBILIARIA GÁLVEZ SANTA CRUZ,False
7453,SUMIALKI CB CIUDAD DE MOSTOLES,15,7.33429999999999,92.89,False,11,INMOBILIARIA GÁLVEZ SANTA CRUZ,False
7454,SUMIALKI CB CIUDAD DE MOSTOLES,22,28.067,88.857,False,11,INMOBILIARIA GÁLVEZ SANTA CRUZ,False
7455,SUMIALKI CB CIUDAD DE MOSTOLES,11,10.4372,94.655,False,11,INMOBILIARIA GÁLVEZ SANTA CRUZ,False
7456,SUMIALKI CB CIUDAD DE MOSTOLES,8,35.331,53.188,False,11,INMOBILIARIA GÁLVEZ SANTA CRUZ,False
7457,SUMIALKI CB CIUDAD DE MOSTOLES,29,24.4,12.351,False,11,INMOBILIARIA GÁLVEZ SANTA CRUZ,False
7458,SUMIALKI CB CIUDAD DE MOSTOLES,22,14.59,46.76,False,11,INMOBILIARIA GÁLVEZ SANTA CRUZ,False
7459,SUMIALKI CB CIUDAD DE MOSTOLES,15,28.067,20.04,False,11,INMOBILIARIA GÁLVEZ SANTA CRUZ,False
7460,SUMIALKI CB CIUDAD DE MOSTOLES,13,19.534,93.142,False,11,INMOBILIARIA GÁLVEZ SANTA CRUZ,False
7461,SUMIALKI CB CIUDAD DE MOSTOLES,22,15.021,75.875,True,11,INMOBILIARIA GÁLVEZ SANTA CRUZ,False
7462,SUMIALKI CB CIUDAD DE MOSTOLES,6,15.373,7.6883,False,11,INMOBILIARIA GÁLVEZ SANTA CRUZ,False
7463,SUMIALKI CB CIUDAD DE MOSTOLES,39,27.362,17.267,True,11,INMOBILIARIA GÁLVEZ SANTA CRUZ,False
7464,TOSCONES CORRALEJO,11,31.452,68.187,False,12,INMOBILIARIA GÁLVEZ SANTA CRUZ,True
7465,TOSCONES CORRALEJO,8,5.641,79.53,False,12,INMOBILIARIA GÁLVEZ SANTA CRUZ,True
7466,TOSCONES CORRALEJO,8,12.9055,51.67,False,12,INMOBILIARIA GÁLVEZ SANTA CRUZ,True
7467,TOSCONES CORRALEJO,9,4.442899999999994,64.153,False,12,INMOBILIARIA GÁLVEZ SANTA CRUZ,True
7468,TOSCONES CORRALEJO,8,28.42,86.96,False,12,INMOBILIARIA GÁLVEZ SANTA CRUZ,True
7469,TOSCONES CORRALEJO,17,34.626,61.633,True,12,INMOBILIARIA GÁLVEZ SANTA CRUZ,True
7470,TOSCONES CORRALEJO,17,6.55849999999999,76.631,False,12,INMOBILIARIA GÁLVEZ SANTA CRUZ,True
7471,TOSCONES CORRALEJO,8,30.606,74.11,False,12,INMOBILIARIA GÁLVEZ SANTA CRUZ,True
7472,TOSCONES CORRALEJO,9,22.214,64.65,False,12,INMOBILIARIA GÁLVEZ SANTA CRUZ,True
7473,TOSCONES CORRALEJO,9,10.719,52.558,False,12,INMOBILIARIA GÁLVEZ SANTA CRUZ,True
7474,TOSCONES CORRALEJO,7,35.119,46.886,False,12,INMOBILIARIA GÁLVEZ SANTA CRUZ,True
7475,TOSCONES CORRALEJO,11,12.693,18.149,False,12,INMOBILIARIA GÁLVEZ SANTA CRUZ,True
7476,TOSCONES CORRALEJO,17,10.93089999999999,65.036,True,12,INMOBILIARIA GÁLVEZ SANTA CRUZ,True
7477,TOSCONES CORRALEJO,17,9.2383,43.231,False,12,INMOBILIARIA GÁLVEZ SANTA CRUZ,True
7478,TOSCONES CORRALEJO,10,17.13679999999999,37.055,False,12,INMOBILIARIA GÁLVEZ SANTA CRUZ,True
7479,TOSCONES CORRALEJO,9,25.387,11.595,True,12,INMOBILIARIA GÁLVEZ SANTA CRUZ,True
7480,TOSCONES CORRALEJO,8,6.205,24.325,True,12,INMOBILIARIA GÁLVEZ SANTA CRUZ,True
7481,TOSCONES CORRALEJO,7,6.6996,43.483,False,12,INMOBILIARIA GÁLVEZ SANTA CRUZ,True
7482,TOSCONES CORRALEJO,17,10.225,49.911,False,12,INMOBILIARIA GÁLVEZ SANTA CRUZ,True
7483,TOSCONES CORRALEJO,30,5.148,61.507,False,12,INMOBILIARIA GÁLVEZ SANTA CRUZ,True
7484,TOSCONES CORRALEJO,17,9.52049999999999,91.378,False,12,INMOBILIARIA GÁLVEZ SANTA CRUZ,True
7485,TOSCONES CORRALEJO,8,34.273,52.054,True,12,INMOBILIARIA GÁLVEZ SANTA CRUZ,True
7486,TOSCONES CORRALEJO,17,33.1453,39.702,True,12,INMOBILIARIA GÁLVEZ SANTA CRUZ,True
7487,TOSCONES CORRALEJO,9,8.46259999999999,3.6551,True,12,INMOBILIARIA GÁLVEZ SANTA CRUZ,True
7488,TOSCONES CORRALEJO,17,32.581,70.581,False,12,INMOBILIARIA GÁLVEZ SANTA CRUZ,True
7489,TOSCONES CORRALEJO,8,10.5078,56.213,True,12,INMOBILIARIA GÁLVEZ SANTA CRUZ,True
7490,TOSCONES CORRALEJO,15,15.373,33.148,False,12,INMOBILIARIA GÁLVEZ SANTA CRUZ,True
7491,TOSCONES CORRALEJO,11,8.5331,44.491,True,12,INMOBILIARIA GÁLVEZ SANTA CRUZ,True
7492,TOSCONES CORRALEJO,15,13.963,43.357,True,12,INMOBILIARIA GÁLVEZ SANTA CRUZ,True
7493,TOSCONES CORRALEJO,9,29.055,76.253,True,12,INMOBILIARIA GÁLVEZ SANTA CRUZ,True
7494,TOSCONES CORRALEJO,11,7.6163,22.056,False,12,INMOBILIARIA GÁLVEZ SANTA CRUZ,True
7495,TOSCONES CORRALEJO,8,19.746,44.869,True,12,INMOBILIARIA GÁLVEZ SANTA CRUZ,True
7496,TOSCONES CORRALEJO,8,31.593,49.281,False,12,INMOBILIARIA GÁLVEZ SANTA CRUZ,True
7497,TOSCONES CORRALEJO,15,13.963,47.012,False,12,INMOBILIARIA GÁLVEZ SANTA CRUZ,True
7498,TOSCONES CORRALEJO,8,33.6389,55.205,False,12,INMOBILIARIA GÁLVEZ SANTA CRUZ,True
7499,TOSCONES CORRALEJO,9,11.706,44.239,True,12,INMOBILIARIA GÁLVEZ SANTA CRUZ,True
7500,TOSCONES CORRALEJO,9,11.495,52.81,False,12,INMOBILIARIA GÁLVEZ SANTA CRUZ,True
7501,TOSCONES CORRALEJO,8,10.789,48.777,True,12,INMOBILIARIA GÁLVEZ SANTA CRUZ,True
7502,TOSCONES CORRALEJO,9,14.527,45.12,True,12,INMOBILIARIA GÁLVEZ SANTA CRUZ,True
7503,TOSCONES CORRALEJO,8,12.129,47.264,True,12,INMOBILIARIA GÁLVEZ SANTA CRUZ,True
7504,TOSCONES CORRALEJO,11,3.102999999999994,37.811,False,12,INMOBILIARIA GÁLVEZ SANTA CRUZ,True
7505,TOSCONES CORRALEJO,7,11.001,51.928,False,12,INMOBILIARIA GÁLVEZ SANTA CRUZ,True
7506,TOSCONES CORRALEJO,8,18.688,51.045,True,12,INMOBILIARIA GÁLVEZ SANTA CRUZ,True
7507,TOSCONES CORRALEJO,9,8.7447,93.016,False,12,INMOBILIARIA GÁLVEZ SANTA CRUZ,True
7508,TOSCONES CORRALEJO,17,12.27079999999999,53.44,True,12,INMOBILIARIA GÁLVEZ SANTA CRUZ,True
7509,TOSCONES CORRALEJO,11,27.715,21.678,False,12,INMOBILIARIA GÁLVEZ SANTA CRUZ,True
7510,TOSCONES CORRALEJO,9,7.61639999999999,56.717,True,12,INMOBILIARIA GÁLVEZ SANTA CRUZ,True
7511,TOSCONES CORRALEJO,11,26.516,11.595,False,12,INMOBILIARIA GÁLVEZ SANTA CRUZ,True
7512,TOSCONES CORRALEJO,11,3.59659999999999,60.876,True,12,INMOBILIARIA GÁLVEZ SANTA CRUZ,True
7513,TOSCONES CORRALEJO,7,9.5909,27.854,True,12,INMOBILIARIA GÁLVEZ SANTA CRUZ,True
7514,TOSCONES CORRALEJO,8,8.392,38.063,True,12,INMOBILIARIA GÁLVEZ SANTA CRUZ,True
7515,TOSCONES CORRALEJO,17,11.847,43.987,True,12,INMOBILIARIA GÁLVEZ SANTA CRUZ,True
7516,TOSCONES CORRALEJO,10,5.0776,95.537,False,12,INMOBILIARIA GÁLVEZ SANTA CRUZ,True
7517,TOSCONES CORRALEJO,7,4.65439999999999,78.9,False,12,INMOBILIARIA GÁLVEZ SANTA CRUZ,True
7518,TOSCONES CORRALEJO,7,7.4753,22.182,False,12,INMOBILIARIA GÁLVEZ SANTA CRUZ,True
7519,TOSCONES CORRALEJO,11,28.208,77.51,False,12,INMOBILIARIA GÁLVEZ SANTA CRUZ,True
7520,TOSCONES CORRALEJO,9,30.67,80.286,False,12,INMOBILIARIA GÁLVEZ SANTA CRUZ,True
7521,TOSCONES CORRALEJO,9,9.4499,48.39,True,12,INMOBILIARIA GÁLVEZ SANTA CRUZ,True
7522,TOSCONES CORRALEJO,7,29.689,18.401,False,12,INMOBILIARIA GÁLVEZ SANTA CRUZ,True
7523,TOSCONES CORRALEJO,11,37.306,33.778,True,12,INMOBILIARIA GÁLVEZ SANTA CRUZ,True
7524,TOSCONES CORRALEJO,25,9.3088,43.105,False,12,INMOBILIARIA GÁLVEZ SANTA CRUZ,True
7525,TOSCONES CORRALEJO,8,11.071,56.969,True,12,INMOBILIARIA GÁLVEZ SANTA CRUZ,True
7526,TOSCONES CORRALEJO,7,11.565,93.64,False,12,INMOBILIARIA GÁLVEZ SANTA CRUZ,True
7527,TOSCONES CORRALEJO,17,17.489,30.627,False,12,INMOBILIARIA GÁLVEZ SANTA CRUZ,True
7528,TOSCONES CORRALEJO,17,7.05219999999999,36.047,True,12,INMOBILIARIA GÁLVEZ SANTA CRUZ,True
7529,TOSCONES CORRALEJO,17,10.4372,57.221,True,12,INMOBILIARIA GÁLVEZ SANTA CRUZ,True
7530,TOSCONES CORRALEJO,9,34.344,70.83,False,12,INMOBILIARIA GÁLVEZ SANTA CRUZ,True
7531,TOSCONES CORRALEJO,7,21.7913,9.831,False,12,INMOBILIARIA GÁLVEZ SANTA CRUZ,True
7532,TOSCONES CORRALEJO,6,29.689,18.779,False,12,INMOBILIARIA GÁLVEZ SANTA CRUZ,True
7533,TOSCONES CORRALEJO,15,15.937,25.96,True,12,INMOBILIARIA GÁLVEZ SANTA CRUZ,True
7534,TOSCONES CORRALEJO,7,11.565,51.171,True,12,INMOBILIARIA GÁLVEZ SANTA CRUZ,True
7535,TOSCONES CORRALEJO,6,11.14249999999999,70.455,True,12,INMOBILIARIA GÁLVEZ SANTA CRUZ,True
7536,INMOBILIARIA GÁLVEZ SANTA CRUZ,21,11.142,41.97,True,12,TOSCONES CORRALEJO,False
7537,INMOBILIARIA GÁLVEZ SANTA CRUZ,14,6.135,93.268,True,12,TOSCONES CORRALEJO,False
7538,INMOBILIARIA GÁLVEZ SANTA CRUZ,15,9.3794,25.96,True,12,TOSCONES CORRALEJO,False
7539,INMOBILIARIA GÁLVEZ SANTA CRUZ,44,11.001,96.167,False,12,TOSCONES CORRALEJO,False
7540,INMOBILIARIA GÁLVEZ SANTA CRUZ,14,8.392,3.403,False,12,TOSCONES CORRALEJO,False
7541,INMOBILIARIA GÁLVEZ SANTA CRUZ,44,32.15,53.566,True,12,TOSCONES CORRALEJO,False
7542,INMOBILIARIA GÁLVEZ SANTA CRUZ,44,27.997,13.99,False,12,TOSCONES CORRALEJO,False
7543,INMOBILIARIA GÁLVEZ SANTA CRUZ,15,8.4626,66.17,False,12,TOSCONES CORRALEJO,False
7544,INMOBILIARIA GÁLVEZ SANTA CRUZ,6,7.2637,91.756,True,12,TOSCONES CORRALEJO,False
7545,INMOBILIARIA GÁLVEZ SANTA CRUZ,8,13.328,53.566,True,12,TOSCONES CORRALEJO,False
7546,INMOBILIARIA GÁLVEZ SANTA CRUZ,6,12.97,51.928,False,12,TOSCONES CORRALEJO,False
7547,INMOBILIARIA GÁLVEZ SANTA CRUZ,8,7.12269999999999,94.529,False,12,TOSCONES CORRALEJO,False
7548,INMOBILIARIA GÁLVEZ SANTA CRUZ,24,5.641,93.268,True,12,TOSCONES CORRALEJO,False
7549,INMOBILIARIA GÁLVEZ SANTA CRUZ,8,6.9817,23.947,False,12,TOSCONES CORRALEJO,False
7550,INMOBILIARIA GÁLVEZ SANTA CRUZ,15,23.201,66.926,False,12,TOSCONES CORRALEJO,False
7551,INMOBILIARIA GÁLVEZ SANTA CRUZ,21,5.8533,58.1,False,12,TOSCONES CORRALEJO,False
7552,INMOBILIARIA GÁLVEZ SANTA CRUZ,24,7.4753,74.741,False,12,TOSCONES CORRALEJO,False
7553,INMOBILIARIA GÁLVEZ SANTA CRUZ,14,35.331,59.49,False,12,TOSCONES CORRALEJO,False
7554,INMOBILIARIA GÁLVEZ SANTA CRUZ,6,32.369,73.984,True,12,TOSCONES CORRALEJO,False
7555,INMOBILIARIA GÁLVEZ SANTA CRUZ,6,36.389,49.785,False,12,TOSCONES CORRALEJO,False
7556,INMOBILIARIA GÁLVEZ SANTA CRUZ,21,12.552,63.523,False,12,TOSCONES CORRALEJO,False
7557,INMOBILIARIA GÁLVEZ SANTA CRUZ,8,7.545,3.7811,True,12,TOSCONES CORRALEJO,False
7558,INMOBILIARIA GÁLVEZ SANTA CRUZ,8,10.437,44.113,True,12,TOSCONES CORRALEJO,False
7559,INMOBILIARIA GÁLVEZ SANTA CRUZ,15,8.7447,66.044,False,12,TOSCONES CORRALEJO,False
7560,INMOBILIARIA GÁLVEZ SANTA CRUZ,21,10.648,47.012,True,12,TOSCONES CORRALEJO,False
7561,INMOBILIARIA GÁLVEZ SANTA CRUZ,6,7.12269999999999,35.921,True,12,TOSCONES CORRALEJO,False
7562,INMOBILIARIA GÁLVEZ SANTA CRUZ,14,11.70659999999999,95.411,False,12,TOSCONES CORRALEJO,False
7563,INMOBILIARIA GÁLVEZ SANTA CRUZ,8,9.449,47.138,True,12,TOSCONES CORRALEJO,False
7564,INMOBILIARIA GÁLVEZ SANTA CRUZ,6,7.6163,33.148,False,12,TOSCONES CORRALEJO,False
7565,INMOBILIARIA GÁLVEZ SANTA CRUZ,21,8.46259999999999,45.374,True,12,TOSCONES CORRALEJO,False
7566,INMOBILIARIA GÁLVEZ SANTA CRUZ,44,22.778,89.235,True,12,TOSCONES CORRALEJO,False
7567,INMOBILIARIA GÁLVEZ SANTA CRUZ,6,12.341,95.537,False,12,TOSCONES CORRALEJO,False
7568,INMOBILIARIA GÁLVEZ SANTA CRUZ,15,33.497,66.296,False,12,TOSCONES CORRALEJO,False
7569,INMOBILIARIA GÁLVEZ SANTA CRUZ,6,31.523,83.311,False,12,TOSCONES CORRALEJO,False
7570,INMOBILIARIA GÁLVEZ SANTA CRUZ,14,6.84059999999999,4.7894,True,12,TOSCONES CORRALEJO,False
7571,INMOBILIARIA GÁLVEZ SANTA CRUZ,14,13.1876,22.056,False,12,TOSCONES CORRALEJO,False
7572,INMOBILIARIA GÁLVEZ SANTA CRUZ,15,5.641,93.268,False,12,TOSCONES CORRALEJO,False
7573,INMOBILIARIA GÁLVEZ SANTA CRUZ,15,10.08459999999999,42.853,True,12,TOSCONES CORRALEJO,False
7574,INMOBILIARIA GÁLVEZ SANTA CRUZ,6,11.70659999999999,28.358,True,12,TOSCONES CORRALEJO,False
7575,INMOBILIARIA GÁLVEZ SANTA CRUZ,21,7.2637,60.876,True,12,TOSCONES CORRALEJO,False
7576,INMOBILIARIA GÁLVEZ SANTA CRUZ,44,27.503,81.421,False,12,TOSCONES CORRALEJO,False
7577,INMOBILIARIA GÁLVEZ SANTA CRUZ,14,9.9436,7.3102,False,12,TOSCONES CORRALEJO,False
7578,INMOBILIARIA GÁLVEZ SANTA CRUZ,15,8.5331,35.038,False,12,TOSCONES CORRALEJO,False
7579,INMOBILIARIA GÁLVEZ SANTA CRUZ,16,27.15,60.75,False,12,TOSCONES CORRALEJO,False
7580,INMOBILIARIA GÁLVEZ SANTA CRUZ,44,26.798,13.99,False,12,TOSCONES CORRALEJO,False
7581,INMOBILIARIA GÁLVEZ SANTA CRUZ,44,22.849,9.705,True,12,TOSCONES CORRALEJO,False
7582,INMOBILIARIA GÁLVEZ SANTA CRUZ,15,10.225,19.788,False,12,TOSCONES CORRALEJO,False
7583,INMOBILIARIA GÁLVEZ SANTA CRUZ,13,33.7,59.112,False,12,TOSCONES CORRALEJO,False
7584,INMOBILIARIA GÁLVEZ SANTA CRUZ,15,32.792,76.631,True,12,TOSCONES CORRALEJO,False
7585,INMOBILIARIA GÁLVEZ SANTA CRUZ,24,12.341,47.516,True,12,TOSCONES CORRALEJO,False
7586,INMOBILIARIA GÁLVEZ SANTA CRUZ,21,11.21,48.651,True,12,TOSCONES CORRALEJO,False
7587,INMOBILIARIA GÁLVEZ SANTA CRUZ,15,10.578,48.02,True,12,TOSCONES CORRALEJO,False
7588,INMOBILIARIA GÁLVEZ SANTA CRUZ,15,32.792,45.24,True,12,TOSCONES CORRALEJO,False
7589,INMOBILIARIA GÁLVEZ SANTA CRUZ,21,8.6741,33.904,True,12,TOSCONES CORRALEJO,False
7590,INMOBILIARIA GÁLVEZ SANTA CRUZ,13,20.874,62.263,False,12,TOSCONES CORRALEJO,False
7591,INMOBILIARIA GÁLVEZ SANTA CRUZ,44,33.568,55.835,True,12,TOSCONES CORRALEJO,False
7592,INMOBILIARIA GÁLVEZ SANTA CRUZ,15,17.207,74.993,True,12,TOSCONES CORRALEJO,False
7593,INMOBILIARIA GÁLVEZ SANTA CRUZ,13,9.449,51.045,False,12,TOSCONES CORRALEJO,False
7594,INMOBILIARIA GÁLVEZ SANTA CRUZ,6,8.67419999999999,46.382,False,12,TOSCONES CORRALEJO,False
7595,INMOBILIARIA GÁLVEZ SANTA CRUZ,24,5.641,93.268,False,12,TOSCONES CORRALEJO,False
7596,TOBARRA CB,3,10.4372,40.836,True,12,NÁUTICO TENERIFE,True
7597,TOBARRA CB,3,10.366,93.39,False,12,NÁUTICO TENERIFE,True
7598,TOBARRA CB,3,10.86039999999999,52.81,False,12,NÁUTICO TENERIFE,True
7599,TOBARRA CB,28,13.469,37.433,False,12,NÁUTICO TENERIFE,True
7600,TOBARRA CB,0,5.2891,38.441,False,12,NÁUTICO TENERIFE,True
7601,TOBARRA CB,28,13.9633,43.483,False,12,NÁUTICO TENERIFE,True
7602,TOBARRA CB,7,9.30889999999999,81.673,True,12,NÁUTICO TENERIFE,True
7603,TOBARRA CB,31,15.0917,37.307,False,12,NÁUTICO TENERIFE,True
7604,TOBARRA CB,28,18.97,70.203,False,12,NÁUTICO TENERIFE,True
7605,TOBARRA CB,3,8.1805,69.447,False,12,NÁUTICO TENERIFE,True
7606,TOBARRA CB,3,25.458,17.267,False,12,NÁUTICO TENERIFE,True
7607,TOBARRA CB,3,33.004,59.868,False,12,NÁUTICO TENERIFE,True
7608,TOBARRA CB,31,6.27639999999999,44.491,True,12,NÁUTICO TENERIFE,True
7609,TOBARRA CB,28,30.042,15.376,False,12,NÁUTICO TENERIFE,True
7610,TOBARRA CB,28,9.167,53.818,True,12,NÁUTICO TENERIFE,True
7611,TOBARRA CB,31,3.8081,38.56,True,12,NÁUTICO TENERIFE,True
7612,TOBARRA CB,34,7.9689,54.322,True,12,NÁUTICO TENERIFE,True
7613,TOBARRA CB,3,19.04089999999999,48.777,False,12,NÁUTICO TENERIFE,True
7614,TOBARRA CB,21,8.0395,43.609,False,12,NÁUTICO TENERIFE,True
7615,TOBARRA CB,0,25.246,87.345,False,12,NÁUTICO TENERIFE,True
7616,TOBARRA CB,3,32.792,31.761,True,12,NÁUTICO TENERIFE,True
7617,TOBARRA CB,34,10.578,48.146,True,12,NÁUTICO TENERIFE,True
7618,TOBARRA CB,3,14.59,42.979,True,12,NÁUTICO TENERIFE,True
7619,TOBARRA CB,0,27.57,16.13,False,12,NÁUTICO TENERIFE,True
7620,TOBARRA CB,6,31.382,78.648,False,12,NÁUTICO TENERIFE,True
7621,TOBARRA CB,3,11.8477,31.005,False,12,NÁUTICO TENERIFE,True
7622,TOBARRA CB,3,25.811,11.973,False,12,NÁUTICO TENERIFE,True
7623,TOBARRA CB,7,5.5007,40.836,True,12,NÁUTICO TENERIFE,True
7624,TOBARRA CB,28,9.3088,95.663,True,12,NÁUTICO TENERIFE,True
7625,TOBARRA CB,34,7.6163,48.146,True,12,NÁUTICO TENERIFE,True
7626,TOBARRA CB,31,6.0648,59.616,True,12,NÁUTICO TENERIFE,True
7627,TOBARRA CB,3,22.8491,44.491,False,12,NÁUTICO TENERIFE,True
7628,TOBARRA CB,0,28.702,17.393,True,12,NÁUTICO TENERIFE,True
7629,TOBARRA CB,31,15.0917,37.307,False,12,NÁUTICO TENERIFE,True
7630,TOBARRA CB,26,7.9689,54.322,False,12,NÁUTICO TENERIFE,True
7631,TOBARRA CB,6,19.957,92.764,False,12,NÁUTICO TENERIFE,True
7632,TOBARRA CB,31,5.007,32.26,True,12,NÁUTICO TENERIFE,True
7633,TOBARRA CB,3,4.866,31.383,True,12,NÁUTICO TENERIFE,True
7634,TOBARRA CB,0,7.6163,55.961,True,12,NÁUTICO TENERIFE,True
7635,TOBARRA CB,31,7.40479999999999,55.205,True,12,NÁUTICO TENERIFE,True
7636,TOBARRA CB,0,29.76,18.527,False,12,NÁUTICO TENERIFE,True
7637,TOBARRA CB,31,15.0917,37.307,True,12,NÁUTICO TENERIFE,True
7638,TOBARRA CB,7,28.138,19.4,True,12,NÁUTICO TENERIFE,True
7639,TOBARRA CB,26,6.55849999999999,43.105,True,12,NÁUTICO TENERIFE,True
7640,TOBARRA CB,7,16.64319999999999,93.52,False,12,NÁUTICO TENERIFE,True
7641,TOBARRA CB,21,5.99439999999999,53.818,True,12,NÁUTICO TENERIFE,True
7642,TOBARRA CB,21,7.7574,48.39,True,12,NÁUTICO TENERIFE,True
7643,TOBARRA CB,3,27.644,16.763,False,12,NÁUTICO TENERIFE,True
7644,TOBARRA CB,7,28.067,18.779,True,12,NÁUTICO TENERIFE,True
7645,TOBARRA CB,0,30.11279999999999,23.443,False,12,NÁUTICO TENERIFE,True
7646,TOBARRA CB,7,5.8533,41.84,True,12,NÁUTICO TENERIFE,True
7647,TOBARRA CB,7,18.0536,55.583,True,12,NÁUTICO TENERIFE,True
7648,TOBARRA CB,21,7.6163,55.961,True,12,NÁUTICO TENERIFE,True
7649,TOBARRA CB,31,9.87309999999999,46.382,True,12,NÁUTICO TENERIFE,True
7650,TOBARRA CB,34,13.32859999999999,73.858,True,12,NÁUTICO TENERIFE,True
7651,TOBARRA CB,3,12.341,93.268,False,12,NÁUTICO TENERIFE,True
7652,TOBARRA CB,34,6.2059,59.868,True,12,NÁUTICO TENERIFE,True
7653,NÁUTICO TENERIFE,15,7.96899999999999,49.407,True,12,TOBARRA CB,False
7654,NÁUTICO TENERIFE,23,7.05219999999999,40.71,True,12,TOBARRA CB,False
7655,NÁUTICO TENERIFE,13,29.83069999999999,80.412,False,12,TOBARRA CB,False
7656,NÁUTICO TENERIFE,5,7.7574,38.946,False,12,TOBARRA CB,False
7657,NÁUTICO TENERIFE,5,13.1876,53.818,False,12,TOBARRA CB,False
7658,NÁUTICO TENERIFE,3,9.87309999999999,23.947,False,12,TOBARRA CB,False
7659,NÁUTICO TENERIFE,23,28.20869999999999,17.519,True,12,TOBARRA CB,False
7660,NÁUTICO TENERIFE,10,30.888,20.418,False,12,TOBARRA CB,False
7661,NÁUTICO TENERIFE,39,6.488,44.113,True,12,TOBARRA CB,False
7662,NÁUTICO TENERIFE,15,19.746,21.552,True,12,TOBARRA CB,False
7663,NÁUTICO TENERIFE,42,9.87309999999999,23.947,False,12,TOBARRA CB,False
7664,NÁUTICO TENERIFE,15,6.6995,40.836,True,12,TOBARRA CB,False
7665,NÁUTICO TENERIFE,23,17.41889999999999,59.49,True,12,TOBARRA CB,False
7666,NÁUTICO TENERIFE,39,7.8279,36.425,False,12,TOBARRA CB,False
7667,NÁUTICO TENERIFE,7,30.67,77.64,True,12,TOBARRA CB,False
7668,NÁUTICO TENERIFE,15,19.746,21.552,False,12,TOBARRA CB,False
7669,NÁUTICO TENERIFE,13,6.8406,53.062,True,12,TOBARRA CB,False
7670,NÁUTICO TENERIFE,12,4.513,58.734,True,12,TOBARRA CB,False
7671,NÁUTICO TENERIFE,39,5.71229999999999,58.986,True,12,TOBARRA CB,False
7672,NÁUTICO TENERIFE,18,12.411,45.12,False,12,TOBARRA CB,False
7673,NÁUTICO TENERIFE,7,25.176,87.471,True,12,TOBARRA CB,False
7674,NÁUTICO TENERIFE,5,6.62909999999999,59.994,True,12,TOBARRA CB,False
7675,NÁUTICO TENERIFE,15,9.8025,55.079,False,12,TOBARRA CB,False
7676,NÁUTICO TENERIFE,15,34.555,60.246,False,12,TOBARRA CB,False
7677,NÁUTICO TENERIFE,13,32.087,73.606,True,12,TOBARRA CB,False
7678,NÁUTICO TENERIFE,5,8.67419999999999,60.498,True,12,TOBARRA CB,False
7679,NÁUTICO TENERIFE,10,4.5134,55.709,True,12,TOBARRA CB,False
7680,NÁUTICO TENERIFE,15,5.0775,45.24,True,12,TOBARRA CB,False
7681,NÁUTICO TENERIFE,7,17.84,63.901,True,12,TOBARRA CB,False
7682,NÁUTICO TENERIFE,13,17.41889999999999,59.49,False,12,TOBARRA CB,False
7683,NÁUTICO TENERIFE,15,7.1227,35.795,True,12,TOBARRA CB,False
7684,NÁUTICO TENERIFE,10,6.8406,48.27,True,12,TOBARRA CB,False
7685,NÁUTICO TENERIFE,15,6.9111,55.457,True,12,TOBARRA CB,False
7686,NÁUTICO TENERIFE,39,7.1227,59.868,True,12,TOBARRA CB,False
7687,NÁUTICO TENERIFE,42,5.21859999999999,40.332,True,12,TOBARRA CB,False
7688,NÁUTICO TENERIFE,13,30.888,73.228,True,12,TOBARRA CB,False
7689,NÁUTICO TENERIFE,10,27.362,13.36,False,12,TOBARRA CB,False
7690,NÁUTICO TENERIFE,15,6.8406,53.314,True,12,TOBARRA CB,False
7691,NÁUTICO TENERIFE,23,7.05219999999999,40.71,False,12,TOBARRA CB,False
7692,NÁUTICO TENERIFE,7,26.093,14.746,False,12,TOBARRA CB,False
7693,NÁUTICO TENERIFE,18,18.97,27.476,True,12,TOBARRA CB,False
7694,NÁUTICO TENERIFE,42,7.7574,38.946,True,12,TOBARRA CB,False
7695,NÁUTICO TENERIFE,42,8.5331,52.18,True,12,TOBARRA CB,False
7696,NÁUTICO TENERIFE,13,27.57,19.536,False,12,TOBARRA CB,False
7697,NÁUTICO TENERIFE,10,31.382,68.943,False,12,TOBARRA CB,False
7698,NÁUTICO TENERIFE,10,8.7447,40.08,False,12,TOBARRA CB,False
7699,NÁUTICO TENERIFE,39,9.02679999999999,58.608,False,12,TOBARRA CB,False
7700,NÁUTICO TENERIFE,13,20.874,29.11,True,12,TOBARRA CB,False
7701,NÁUTICO TENERIFE,5,20.38,37.055,True,12,TOBARRA CB,False
7702,NÁUTICO TENERIFE,5,6.6996,43.231,True,12,TOBARRA CB,False
7703,NÁUTICO TENERIFE,13,30.183,72.472,False,12,TOBARRA CB,False
7704,NÁUTICO TENERIFE,42,8.95629999999999,43.609,True,12,TOBARRA CB,False
7705,NÁUTICO TENERIFE,39,10.4372,31.887,False,12,TOBARRA CB,False
7706,NÁUTICO TENERIFE,39,7.33429999999999,57.97,True,12,TOBARRA CB,False
7707,NÁUTICO TENERIFE,15,6.77,44.491,False,12,TOBARRA CB,False
7708,NÁUTICO TENERIFE,39,31.523,71.968,False,12,TOBARRA CB,False
7709,NÁUTICO TENERIFE,15,8.8152,5.797,False,12,TOBARRA CB,False
7710,NÁUTICO TENERIFE,10,7.7574,55.205,False,12,TOBARRA CB,False
7711,NÁUTICO TENERIFE,18,30.465,20.796,False,12,TOBARRA CB,False
7712,NÁUTICO TENERIFE,10,13.04649999999999,21.552,False,12,TOBARRA CB,False
7713,NÁUTICO TENERIFE,15,7.827,45.5,True,12,TOBARRA CB,False
7714,NÁUTICO TENERIFE,3,18.5472,39.702,True,12,TOBARRA CB,False
7715,NÁUTICO TENERIFE,3,6.9816,79.53,False,12,TOBARRA CB,False
7716,NÁUTICO TENERIFE,5,30.042,18.779,True,12,TOBARRA CB,False
7717,C.D. BASKET GLOBALCAJA QUINTANAR,21,27.009,14.62,False,12,EL VENTERO CBV,True
7718,C.D. BASKET GLOBALCAJA QUINTANAR,8,32.0169,71.338,False,12,EL VENTERO CBV,True
7719,C.D. BASKET GLOBALCAJA QUINTANAR,21,13.54,33.148,False,12,EL VENTERO CBV,True
7720,C.D. BASKET GLOBALCAJA QUINTANAR,8,12.552,47.012,False,12,EL VENTERO CBV,True
7721,C.D. BASKET GLOBALCAJA QUINTANAR,50,5.3597,5.4196,False,12,EL VENTERO CBV,True
7722,C.D. BASKET GLOBALCAJA QUINTANAR,21,5.641,47.264,True,12,EL VENTERO CBV,True
7723,C.D. BASKET GLOBALCAJA QUINTANAR,12,5.7827,50.667,True,12,EL VENTERO CBV,True
7724,C.D. BASKET GLOBALCAJA QUINTANAR,14,35.3315,44.239,True,12,EL VENTERO CBV,True
7725,C.D. BASKET GLOBALCAJA QUINTANAR,8,8.11,45.24,False,12,EL VENTERO CBV,True
7726,C.D. BASKET GLOBALCAJA QUINTANAR,12,5.71229999999999,48.39,True,12,EL VENTERO CBV,True
7727,C.D. BASKET GLOBALCAJA QUINTANAR,1,31.875,71.968,False,12,EL VENTERO CBV,True
7728,C.D. BASKET GLOBALCAJA QUINTANAR,2,23.201,70.9,False,12,EL VENTERO CBV,True
7729,C.D. BASKET GLOBALCAJA QUINTANAR,50,29.83069999999999,18.779,False,12,EL VENTERO CBV,True
7730,C.D. BASKET GLOBALCAJA QUINTANAR,21,7.68689999999999,93.64,False,12,EL VENTERO CBV,True
7731,C.D. BASKET GLOBALCAJA QUINTANAR,2,6.48,48.52,False,12,EL VENTERO CBV,True
7732,C.D. BASKET GLOBALCAJA QUINTANAR,2,5.5712,49.155,True,12,EL VENTERO CBV,True
7733,C.D. BASKET GLOBALCAJA QUINTANAR,1,34.4852,30.501,False,12,EL VENTERO CBV,True
7734,C.D. BASKET GLOBALCAJA QUINTANAR,2,6.55849999999999,47.768,True,12,EL VENTERO CBV,True
7735,C.D. BASKET GLOBALCAJA QUINTANAR,2,6.9816,49.533,True,12,EL VENTERO CBV,True
7736,C.D. BASKET GLOBALCAJA QUINTANAR,1,34.908,25.585,False,12,EL VENTERO CBV,True
7737,C.D. BASKET GLOBALCAJA QUINTANAR,8,33.991,70.203,True,12,EL VENTERO CBV,True
7738,C.D. BASKET GLOBALCAJA QUINTANAR,50,5.71229999999999,49.281,True,12,EL VENTERO CBV,True
7739,C.D. BASKET GLOBALCAJA QUINTANAR,12,5.2891,46.76,True,12,EL VENTERO CBV,True
7740,C.D. BASKET GLOBALCAJA QUINTANAR,2,30.042,23.191,False,12,EL VENTERO CBV,True
7741,C.D. BASKET GLOBALCAJA QUINTANAR,14,7.0521,93.016,True,12,EL VENTERO CBV,True
7742,C.D. BASKET GLOBALCAJA QUINTANAR,1,32.29,71.716,True,12,EL VENTERO CBV,True
7743,C.D. BASKET GLOBALCAJA QUINTANAR,3,5.00709999999999,48.146,True,12,EL VENTERO CBV,True
7744,C.D. BASKET GLOBALCAJA QUINTANAR,1,8.11,51.423,False,12,EL VENTERO CBV,True
7745,C.D. BASKET GLOBALCAJA QUINTANAR,1,9.026,4.2853,False,12,EL VENTERO CBV,True
7746,C.D. BASKET GLOBALCAJA QUINTANAR,2,5.7827,48.903,True,12,EL VENTERO CBV,True
7747,C.D. BASKET GLOBALCAJA QUINTANAR,50,4.86,50.289,True,12,EL VENTERO CBV,True
7748,C.D. BASKET GLOBALCAJA QUINTANAR,1,22.7,50.541,False,12,EL VENTERO CBV,True
7749,C.D. BASKET GLOBALCAJA QUINTANAR,2,5.2891,49.533,True,12,EL VENTERO CBV,True
7750,C.D. BASKET GLOBALCAJA QUINTANAR,12,7.193200000000004,47.894,True,12,EL VENTERO CBV,True
7751,C.D. BASKET GLOBALCAJA QUINTANAR,2,6.8406,45.626,True,12,EL VENTERO CBV,True
7752,C.D. BASKET GLOBALCAJA QUINTANAR,1,8.251,53.692,False,12,EL VENTERO CBV,True
7753,C.D. BASKET GLOBALCAJA QUINTANAR,1,5.7827,49.911,True,12,EL VENTERO CBV,True
7754,C.D. BASKET GLOBALCAJA QUINTANAR,2,5.0775,46.634,True,12,EL VENTERO CBV,True
7755,C.D. BASKET GLOBALCAJA QUINTANAR,12,34.132,67.68,False,12,EL VENTERO CBV,True
7756,C.D. BASKET GLOBALCAJA QUINTANAR,8,30.888,76.757,False,12,EL VENTERO CBV,True
7757,C.D. BASKET GLOBALCAJA QUINTANAR,8,34.062,72.346,True,12,EL VENTERO CBV,True
7758,C.D. BASKET GLOBALCAJA QUINTANAR,12,8.8152,52.684,False,12,EL VENTERO CBV,True
7759,C.D. BASKET GLOBALCAJA QUINTANAR,1,34.2031,34.786,True,12,EL VENTERO CBV,True
7760,C.D. BASKET GLOBALCAJA QUINTANAR,2,26.304,16.637,False,12,EL VENTERO CBV,True
7761,C.D. BASKET GLOBALCAJA QUINTANAR,8,33.145,34.786,False,12,EL VENTERO CBV,True
7762,C.D. BASKET GLOBALCAJA QUINTANAR,3,32.651,22.813,False,12,EL VENTERO CBV,True
7763,C.D. BASKET GLOBALCAJA QUINTANAR,14,6.27639999999999,51.5,False,12,EL VENTERO CBV,True
7764,C.D. BASKET GLOBALCAJA QUINTANAR,2,7.9689,4.0332,True,12,EL VENTERO CBV,True
7765,C.D. BASKET GLOBALCAJA QUINTANAR,8,8.11,49.029,True,12,EL VENTERO CBV,True
7766,C.D. BASKET GLOBALCAJA QUINTANAR,2,7.3342,50.667,False,12,EL VENTERO CBV,True
7767,C.D. BASKET GLOBALCAJA QUINTANAR,1,18.758,57.725,False,12,EL VENTERO CBV,True
7768,C.D. BASKET GLOBALCAJA QUINTANAR,2,8.4626,49.659,False,12,EL VENTERO CBV,True
7769,C.D. BASKET GLOBALCAJA QUINTANAR,2,8.392,48.39,False,12,EL VENTERO CBV,True
7770,C.D. BASKET GLOBALCAJA QUINTANAR,8,36.389,62.137,True,12,EL VENTERO CBV,True
7771,C.D. BASKET GLOBALCAJA QUINTANAR,1,6.6996,49.911,True,12,EL VENTERO CBV,True
7772,EL VENTERO CBV,41,29.055,84.824,True,12,C.D. BASKET GLOBALCAJA QUINTANAR,False
7773,EL VENTERO CBV,0,6.4174,48.777,True,12,C.D. BASKET GLOBALCAJA QUINTANAR,False
7774,EL VENTERO CBV,1,4.301,47.39,True,12,C.D. BASKET GLOBALCAJA QUINTANAR,False
7775,EL VENTERO CBV,21,6.55849999999999,47.642,False,12,C.D. BASKET GLOBALCAJA QUINTANAR,False
7776,EL VENTERO CBV,0,8.25109999999999,39.702,False,12,C.D. BASKET GLOBALCAJA QUINTANAR,False
7777,EL VENTERO CBV,10,8.67419999999999,47.642,False,12,C.D. BASKET GLOBALCAJA QUINTANAR,False
7778,EL VENTERO CBV,21,11.142,69.699,False,12,C.D. BASKET GLOBALCAJA QUINTANAR,False
7779,EL VENTERO CBV,1,35.331,65.792,False,12,C.D. BASKET GLOBALCAJA QUINTANAR,False
7780,EL VENTERO CBV,10,31.664,76.001,True,12,C.D. BASKET GLOBALCAJA QUINTANAR,False
7781,EL VENTERO CBV,1,5.6417,49.911,False,12,C.D. BASKET GLOBALCAJA QUINTANAR,False
7782,EL VENTERO CBV,10,6.6996,49.281,True,12,C.D. BASKET GLOBALCAJA QUINTANAR,False
7783,EL VENTERO CBV,41,34.626,47.138,True,12,C.D. BASKET GLOBALCAJA QUINTANAR,False
7784,EL VENTERO CBV,21,8.8152,49.281,True,12,C.D. BASKET GLOBALCAJA QUINTANAR,False
7785,EL VENTERO CBV,41,3.6671,46.886,False,12,C.D. BASKET GLOBALCAJA QUINTANAR,False
7786,EL VENTERO CBV,10,28.5614,17.771,False,12,C.D. BASKET GLOBALCAJA QUINTANAR,False
7787,EL VENTERO CBV,21,11.424,75.623,True,12,C.D. BASKET GLOBALCAJA QUINTANAR,False
7788,EL VENTERO CBV,10,36.248,72.976,False,12,C.D. BASKET GLOBALCAJA QUINTANAR,False
7789,EL VENTERO CBV,1,36.389,52.054,False,12,C.D. BASKET GLOBALCAJA QUINTANAR,False
7790,EL VENTERO CBV,10,7.89839999999999,4.5374,True,12,C.D. BASKET GLOBALCAJA QUINTANAR,False
7791,EL VENTERO CBV,41,11.424,49.155,True,12,C.D. BASKET GLOBALCAJA QUINTANAR,False
7792,EL VENTERO CBV,2,7.6868,4.1592,False,12,C.D. BASKET GLOBALCAJA QUINTANAR,False
7793,EL VENTERO CBV,10,16.643,40.332,True,12,C.D. BASKET GLOBALCAJA QUINTANAR,False
7794,EL VENTERO CBV,21,30.677,16.13,True,12,C.D. BASKET GLOBALCAJA QUINTANAR,False
7795,EL VENTERO CBV,1,5.641,48.52,False,12,C.D. BASKET GLOBALCAJA QUINTANAR,False
7796,EL VENTERO CBV,1,7.05219999999999,51.297,False,12,C.D. BASKET GLOBALCAJA QUINTANAR,False
7797,EL VENTERO CBV,10,14.315,48.651,False,12,C.D. BASKET GLOBALCAJA QUINTANAR,False
7798,EL VENTERO CBV,1,4.866,50.541,False,12,C.D. BASKET GLOBALCAJA QUINTANAR,False
7799,EL VENTERO CBV,0,5.8533,49.533,True,12,C.D. BASKET GLOBALCAJA QUINTANAR,False
7800,EL VENTERO CBV,0,23.906,86.96,False,12,C.D. BASKET GLOBALCAJA QUINTANAR,False
7801,EL VENTERO CBV,18,23.906,86.96,True,12,C.D. BASKET GLOBALCAJA QUINTANAR,False
7802,EL VENTERO CBV,41,30.3949,80.917,True,12,C.D. BASKET GLOBALCAJA QUINTANAR,False
7803,EL VENTERO CBV,3,28.8434,15.628,False,12,C.D. BASKET GLOBALCAJA QUINTANAR,False
7804,EL VENTERO CBV,3,31.7348,16.511,False,12,C.D. BASKET GLOBALCAJA QUINTANAR,False
7805,EL VENTERO CBV,10,27.926,17.393,False,12,C.D. BASKET GLOBALCAJA QUINTANAR,False
7806,EL VENTERO CBV,0,5.3596,47.138,True,12,C.D. BASKET GLOBALCAJA QUINTANAR,False
7807,EL VENTERO CBV,0,24.18,47.642,False,12,C.D. BASKET GLOBALCAJA QUINTANAR,False
7808,EL VENTERO CBV,41,7.8279,46.256,False,12,C.D. BASKET GLOBALCAJA QUINTANAR,False
7809,EL VENTERO CBV,41,6.77009999999999,6.0498,True,12,C.D. BASKET GLOBALCAJA QUINTANAR,False
7810,EL VENTERO CBV,0,5.2891,46.004,True,12,C.D. BASKET GLOBALCAJA QUINTANAR,False
7811,EL VENTERO CBV,0,7.40479999999999,48.39,False,12,C.D. BASKET GLOBALCAJA QUINTANAR,False
7812,EL VENTERO CBV,0,6.06489999999999,48.52,True,12,C.D. BASKET GLOBALCAJA QUINTANAR,False
7813,EL VENTERO CBV,0,5.3597,45.878,False,12,C.D. BASKET GLOBALCAJA QUINTANAR,False
7814,EL VENTERO CBV,0,5.3596,47.138,False,12,C.D. BASKET GLOBALCAJA QUINTANAR,False
7815,EL VENTERO CBV,0,6.55849999999999,47.642,False,12,C.D. BASKET GLOBALCAJA QUINTANAR,False
7816,EL VENTERO CBV,41,33.85,43.987,True,12,C.D. BASKET GLOBALCAJA QUINTANAR,False
7817,EL VENTERO CBV,0,10.014,71.716,False,12,C.D. BASKET GLOBALCAJA QUINTANAR,False
7818,EL VENTERO CBV,10,38.434,47.516,False,12,C.D. BASKET GLOBALCAJA QUINTANAR,False
7819,EL VENTERO CBV,0,6.0648,49.281,True,12,C.D. BASKET GLOBALCAJA QUINTANAR,False
7820,EL VENTERO CBV,10,26.516,9.705,False,12,C.D. BASKET GLOBALCAJA QUINTANAR,False
7821,EL VENTERO CBV,1,13.54,50.793,False,12,C.D. BASKET GLOBALCAJA QUINTANAR,False
7822,EL VENTERO CBV,1,7.1932,4.6634,True,12,C.D. BASKET GLOBALCAJA QUINTANAR,False
7823,EL VENTERO CBV,0,30.53,80.917,False,12,C.D. BASKET GLOBALCAJA QUINTANAR,False
7824,EL VENTERO CBV,0,6.6996,51.802,True,12,C.D. BASKET GLOBALCAJA QUINTANAR,False
7825,EL VENTERO CBV,41,5.9943,49.533,True,12,C.D. BASKET GLOBALCAJA QUINTANAR,False
7826,EL VENTERO CBV,10,8.6037,40.836,True,12,C.D. BASKET GLOBALCAJA QUINTANAR,False
7827,EL VENTERO CBV,10,25.176,9.2008,False,12,C.D. BASKET GLOBALCAJA QUINTANAR,False
7828,EL VENTERO CBV,10,6.488,51.171,False,12,C.D. BASKET GLOBALCAJA QUINTANAR,False
7829,EL VENTERO CBV,0,6.5585,49.155,False,12,C.D. BASKET GLOBALCAJA QUINTANAR,False
7830,EL VENTERO CBV,1,24.823,25.83,False,12,C.D. BASKET GLOBALCAJA QUINTANAR,False
7831,MOVISTAR ESTUDIANTES,2,10.145,41.405,False,12,BALONCESTO ALCALA,True
7832,MOVISTAR ESTUDIANTES,12,14.938,47.2,False,12,BALONCESTO ALCALA,True
7833,MOVISTAR ESTUDIANTES,2,11.75279999999999,60.134,True,12,BALONCESTO ALCALA,True
7834,MOVISTAR ESTUDIANTES,2,31.715,76.511,False,12,BALONCESTO ALCALA,True
7835,MOVISTAR ESTUDIANTES,8,6.95959999999999,48.712,False,12,BALONCESTO ALCALA,True
7836,MOVISTAR ESTUDIANTES,6,17.852,60.722,False,12,BALONCESTO ALCALA,True
7837,MOVISTAR ESTUDIANTES,6,13.012,44.344,False,12,BALONCESTO ALCALA,True
7838,MOVISTAR ESTUDIANTES,2,10.014,46.528,True,12,BALONCESTO ALCALA,True
7839,MOVISTAR ESTUDIANTES,11,10.803,46.864,True,12,BALONCESTO ALCALA,True
7840,MOVISTAR ESTUDIANTES,25,33.07,33.594,True,12,BALONCESTO ALCALA,True
7841,MOVISTAR ESTUDIANTES,9,12.777,47.2,True,12,BALONCESTO ALCALA,True
7842,MOVISTAR ESTUDIANTES,6,25.512,88.185,False,12,BALONCESTO ALCALA,True
7843,MOVISTAR ESTUDIANTES,22,10.343,54.171,True,12,BALONCESTO ALCALA,True
7844,MOVISTAR ESTUDIANTES,7,13.858,68.029,False,12,BALONCESTO ALCALA,True
7845,MOVISTAR ESTUDIANTES,2,39.51,13.437,False,12,BALONCESTO ALCALA,True
7846,MOVISTAR ESTUDIANTES,11,35.71899999999999,46.78,False,12,BALONCESTO ALCALA,True
7847,MOVISTAR ESTUDIANTES,12,32.561,76.679,False,12,BALONCESTO ALCALA,True
7848,MOVISTAR ESTUDIANTES,19,11.7998,41.069,False,12,BALONCESTO ALCALA,True
7849,MOVISTAR ESTUDIANTES,2,8.21,38.045,True,12,BALONCESTO ALCALA,True
7850,MOVISTAR ESTUDIANTES,22,11.658,53.499,True,12,BALONCESTO ALCALA,True
7851,MOVISTAR ESTUDIANTES,2,29.412,82.474,False,12,BALONCESTO ALCALA,True
7852,MOVISTAR ESTUDIANTES,2,14.23,24.188,False,12,BALONCESTO ALCALA,True
7853,MOVISTAR ESTUDIANTES,12,27.1,89.193,True,12,BALONCESTO ALCALA,True
7854,MOVISTAR ESTUDIANTES,10,11.75279999999999,57.362,True,12,BALONCESTO ALCALA,True
7855,MOVISTAR ESTUDIANTES,22,6.6212,52.491,True,12,BALONCESTO ALCALA,True
7856,MOVISTAR ESTUDIANTES,9,12.59869999999999,45.352,True,12,BALONCESTO ALCALA,True
7857,MOVISTAR ESTUDIANTES,6,9.21519999999999,42.413,True,12,BALONCESTO ALCALA,True
7858,MOVISTAR ESTUDIANTES,9,9.3938,46.78,True,12,BALONCESTO ALCALA,True
7859,MOVISTAR ESTUDIANTES,2,11.273,49.88,True,12,BALONCESTO ALCALA,True
7860,MOVISTAR ESTUDIANTES,11,28.848,78.443,True,12,BALONCESTO ALCALA,True
7861,MOVISTAR ESTUDIANTES,6,11.649,52.659,True,12,BALONCESTO ALCALA,True
7862,MOVISTAR ESTUDIANTES,2,6.30169999999999,20.072,False,12,BALONCESTO ALCALA,True
7863,MOVISTAR ESTUDIANTES,8,21.188,31.41,False,12,BALONCESTO ALCALA,True
7864,MOVISTAR ESTUDIANTES,7,6.30169999999999,20.072,False,12,BALONCESTO ALCALA,True
7865,MOVISTAR ESTUDIANTES,11,17.53289999999999,5.711,False,12,BALONCESTO ALCALA,True
7866,MOVISTAR ESTUDIANTES,12,20.76,94.06,True,12,BALONCESTO ALCALA,True
7867,MOVISTAR ESTUDIANTES,8,25.662,8.146,True,12,BALONCESTO ALCALA,True
7868,MOVISTAR ESTUDIANTES,6,26.7904,13.017,True,12,BALONCESTO ALCALA,True
7869,MOVISTAR ESTUDIANTES,25,26.461,89.277,True,12,BALONCESTO ALCALA,True
7870,MOVISTAR ESTUDIANTES,25,34.91,68.78,False,12,BALONCESTO ALCALA,True
7871,MOVISTAR ESTUDIANTES,10,9.9107,52.071,True,12,BALONCESTO ALCALA,True
7872,MOVISTAR ESTUDIANTES,10,10.531,38.633,True,12,BALONCESTO ALCALA,True
7873,MOVISTAR ESTUDIANTES,11,34.299,27.295,False,12,BALONCESTO ALCALA,True
7874,MOVISTAR ESTUDIANTES,25,9.40319999999999,48.964,False,12,BALONCESTO ALCALA,True
7875,MOVISTAR ESTUDIANTES,9,4.23399999999999,43.58,False,12,BALONCESTO ALCALA,True
7876,MOVISTAR ESTUDIANTES,22,15.079,35.442,False,12,BALONCESTO ALCALA,True
7877,MOVISTAR ESTUDIANTES,7,31.442,77.771,True,12,BALONCESTO ALCALA,True
7878,MOVISTAR ESTUDIANTES,10,30.352,80.879,True,12,BALONCESTO ALCALA,True
7879,MOVISTAR ESTUDIANTES,22,11.7998,41.069,True,12,BALONCESTO ALCALA,True
7880,MOVISTAR ESTUDIANTES,12,8.18139999999999,56.27,True,12,BALONCESTO ALCALA,True
7881,MOVISTAR ESTUDIANTES,19,8.4633,43.5,True,12,BALONCESTO ALCALA,True
7882,MOVISTAR ESTUDIANTES,19,10.43699999999999,54.339,True,12,BALONCESTO ALCALA,True
7883,MOVISTAR ESTUDIANTES,25,34.121,77.519,True,12,BALONCESTO ALCALA,True
7884,MOVISTAR ESTUDIANTES,9,11.235,55.179,True,12,BALONCESTO ALCALA,True
7885,MOVISTAR ESTUDIANTES,6,11.555,55.263,True,12,BALONCESTO ALCALA,True
7886,MOVISTAR ESTUDIANTES,8,32.6645,86.842,False,12,BALONCESTO ALCALA,True
7887,MOVISTAR ESTUDIANTES,12,10.944,41.321,False,12,BALONCESTO ALCALA,True
7888,MOVISTAR ESTUDIANTES,6,27.01,12.178,True,12,BALONCESTO ALCALA,True
7889,MOVISTAR ESTUDIANTES,22,10.615,47.032,True,12,BALONCESTO ALCALA,True
7890,MOVISTAR ESTUDIANTES,19,22.175,26.035,True,12,BALONCESTO ALCALA,True
7891,BALONCESTO ALCALA,29,8.172,58.37,True,12,MOVISTAR ESTUDIANTES,False
7892,BALONCESTO ALCALA,8,26.123,43.169,True,12,MOVISTAR ESTUDIANTES,False
7893,BALONCESTO ALCALA,91,8.8299,42.245,True,12,MOVISTAR ESTUDIANTES,False
7894,BALONCESTO ALCALA,91,6.44259999999999,33.93,False,12,MOVISTAR ESTUDIANTES,False
7895,BALONCESTO ALCALA,12,33.745,54.003,False,12,MOVISTAR ESTUDIANTES,False
7896,BALONCESTO ALCALA,13,10.474,44.092,True,12,MOVISTAR ESTUDIANTES,False
7897,BALONCESTO ALCALA,12,9.9671,59.042,True,12,MOVISTAR ESTUDIANTES,False
7898,BALONCESTO ALCALA,14,21.658,57.11,False,12,MOVISTAR ESTUDIANTES,False
7899,BALONCESTO ALCALA,14,17.946,24.77,False,12,MOVISTAR ESTUDIANTES,False
7900,BALONCESTO ALCALA,4,27.918,91.293,False,12,MOVISTAR ESTUDIANTES,False
7901,BALONCESTO ALCALA,10,35.239,52.323,False,12,MOVISTAR ESTUDIANTES,False
7902,BALONCESTO ALCALA,29,8.18139999999999,54.591,True,12,MOVISTAR ESTUDIANTES,False
7903,BALONCESTO ALCALA,29,36.047,27.967,False,12,MOVISTAR ESTUDIANTES,False
7904,BALONCESTO ALCALA,10,33.60429999999999,70.8,True,12,MOVISTAR ESTUDIANTES,False
7905,BALONCESTO ALCALA,29,11.32989999999999,45.184,True,12,MOVISTAR ESTUDIANTES,False
7906,BALONCESTO ALCALA,8,15.831,46.36,False,12,MOVISTAR ESTUDIANTES,False
7907,BALONCESTO ALCALA,91,10.67199999999999,56.606,False,12,MOVISTAR ESTUDIANTES,False
7908,BALONCESTO ALCALA,12,21.282,9.406,False,12,MOVISTAR ESTUDIANTES,False
7909,BALONCESTO ALCALA,91,8.2754,40.649,True,12,MOVISTAR ESTUDIANTES,False
7910,BALONCESTO ALCALA,4,37.401,49.552,False,12,MOVISTAR ESTUDIANTES,False
7911,BALONCESTO ALCALA,8,26.32,45.94,False,12,MOVISTAR ESTUDIANTES,False
7912,BALONCESTO ALCALA,5,14.985,35.274,False,12,MOVISTAR ESTUDIANTES,False
7913,BALONCESTO ALCALA,91,9.9577,51.315,True,12,MOVISTAR ESTUDIANTES,False
7914,BALONCESTO ALCALA,12,12.36369999999999,77.267,False,12,MOVISTAR ESTUDIANTES,False
7915,BALONCESTO ALCALA,14,25.239,14.277,False,12,MOVISTAR ESTUDIANTES,False
7916,BALONCESTO ALCALA,8,13.16259999999999,18.81,False,12,MOVISTAR ESTUDIANTES,False
7917,BALONCESTO ALCALA,8,13.576,44.932,False,12,MOVISTAR ESTUDIANTES,False
7918,BALONCESTO ALCALA,4,12.6457,68.113,False,12,MOVISTAR ESTUDIANTES,False
7919,BALONCESTO ALCALA,4,21.705,12.178,True,12,MOVISTAR ESTUDIANTES,False
7920,BALONCESTO ALCALA,29,8.21,53.247,True,12,MOVISTAR ESTUDIANTES,False
7921,BALONCESTO ALCALA,14,11.7998,46.444,True,12,MOVISTAR ESTUDIANTES,False
7922,BALONCESTO ALCALA,29,10.098,52.743,True,12,MOVISTAR ESTUDIANTES,False
7923,BALONCESTO ALCALA,10,11.8468,60.134,False,12,MOVISTAR ESTUDIANTES,False
7924,BALONCESTO ALCALA,8,10.239,20.24,True,12,MOVISTAR ESTUDIANTES,False
7925,BALONCESTO ALCALA,12,8.9708,56.858,True,12,MOVISTAR ESTUDIANTES,False
7926,BALONCESTO ALCALA,14,28.19,79.619,False,12,MOVISTAR ESTUDIANTES,False
7927,BALONCESTO ALCALA,10,11.0,39.137,False,12,MOVISTAR ESTUDIANTES,False
7928,BALONCESTO ALCALA,0,8.876,51.903,True,12,MOVISTAR ESTUDIANTES,False
7929,BALONCESTO ALCALA,29,31.668,34.686,False,12,MOVISTAR ESTUDIANTES,False
7930,BALONCESTO ALCALA,3,32.608,19.148,True,12,MOVISTAR ESTUDIANTES,False
7931,BALONCESTO ALCALA,29,31.668,23.264,False,12,MOVISTAR ESTUDIANTES,False
7932,BALONCESTO ALCALA,29,7.5141,51.987,False,12,MOVISTAR ESTUDIANTES,False
7933,BALONCESTO ALCALA,14,38.209,51.147,False,12,MOVISTAR ESTUDIANTES,False
7934,BALONCESTO ALCALA,29,9.2622,58.79,False,12,MOVISTAR ESTUDIANTES,False
7935,BALONCESTO ALCALA,12,24.48779999999999,6.131,False,12,MOVISTAR ESTUDIANTES,False
7936,BALONCESTO ALCALA,10,24.01779999999999,8.8185,True,12,MOVISTAR ESTUDIANTES,False
7937,BALONCESTO ALCALA,91,11.28289999999999,39.389,False,12,MOVISTAR ESTUDIANTES,False
7938,BALONCESTO ALCALA,12,34.967,74.91,False,12,MOVISTAR ESTUDIANTES,False
7939,BALONCESTO ALCALA,4,6.9032,52.827,False,12,MOVISTAR ESTUDIANTES,False
7940,BALONCESTO ALCALA,4,28.106,88.521,False,12,MOVISTAR ESTUDIANTES,False
7941,BALONCESTO ALCALA,3,33.3,68.365,True,12,MOVISTAR ESTUDIANTES,False
7942,BALONCESTO ALCALA,8,10.43699999999999,37.2,True,12,MOVISTAR ESTUDIANTES,False
7943,BALONCESTO ALCALA,14,9.2058,45.94,True,12,MOVISTAR ESTUDIANTES,False
7944,BALONCESTO ALCALA,13,29.459,81.886,False,12,MOVISTAR ESTUDIANTES,False
7945,BALONCESTO ALCALA,4,12.119,54.927,False,12,MOVISTAR ESTUDIANTES,False
7946,BALONCESTO ALCALA,12,17.194,51.735,False,12,MOVISTAR ESTUDIANTES,False
7947,BALONCESTO ALCALA,8,13.303,64.921,False,12,MOVISTAR ESTUDIANTES,False
7948,BALONCESTO ALCALA,29,14.7,36.954,False,12,MOVISTAR ESTUDIANTES,False
7949,BALONCESTO ALCALA,91,13.388,35.862,False,12,MOVISTAR ESTUDIANTES,False
7950,BALONCESTO ALCALA,12,8.0874,46.864,True,12,MOVISTAR ESTUDIANTES,False
7951,BALONCESTO ALCALA,29,31.245,79.367,False,12,MOVISTAR ESTUDIANTES,False
7952,BALONCESTO ALCALA,29,9.3092,56.43,True,12,MOVISTAR ESTUDIANTES,False
7953,BALONCESTO ALCALA,4,23.773,7.9787,False,12,MOVISTAR ESTUDIANTES,False
7954,BALONCESTO ALCALA,12,29.75,16.713,True,12,MOVISTAR ESTUDIANTES,False
7955,BALONCESTO ALCALA,29,32.091,74.244,True,12,MOVISTAR ESTUDIANTES,False
7956,BALONCESTO ALCALA,13,10.38,52.743,False,12,MOVISTAR ESTUDIANTES,False
7957,BALONCESTO ALCALA,4,35.897,44.0,False,12,MOVISTAR ESTUDIANTES,False
7958,BALONCESTO ALCALA,29,8.0404,55.431,True,12,MOVISTAR ESTUDIANTES,False
7959,BALONCESTO ALCALA,4,14.1024,62.5,False,12,MOVISTAR ESTUDIANTES,False
7960,BALONCESTO ALCALA,29,10.756,40.985,True,12,MOVISTAR ESTUDIANTES,False
7961,BALONCESTO ALCALA,29,16.2171,62.989,False,12,MOVISTAR ESTUDIANTES,False
7962,BALONCESTO ALCALA,12,9.40319999999999,49.636,False,12,MOVISTAR ESTUDIANTES,False
7963,BALONCESTO ALCALA,29,37.363,48.376,False,12,MOVISTAR ESTUDIANTES,False
7964,PROBASKETLAB FUENLABRADA,7,10.08459999999999,57.97,False,12,CESUR DISTRITO OLIMPICO,True
7965,PROBASKETLAB FUENLABRADA,3,11.706,53.314,True,12,CESUR DISTRITO OLIMPICO,True
7966,PROBASKETLAB FUENLABRADA,10,10.014,53.692,False,12,CESUR DISTRITO OLIMPICO,True
7967,PROBASKETLAB FUENLABRADA,13,11.0014,61.633,True,12,CESUR DISTRITO OLIMPICO,True
7968,PROBASKETLAB FUENLABRADA,7,38.222,49.029,False,12,CESUR DISTRITO OLIMPICO,True
7969,PROBASKETLAB FUENLABRADA,8,13.328,50.667,True,12,CESUR DISTRITO OLIMPICO,True
7970,PROBASKETLAB FUENLABRADA,11,6.9817,42.475,False,12,CESUR DISTRITO OLIMPICO,True
7971,PROBASKETLAB FUENLABRADA,13,36.671,57.347,False,12,CESUR DISTRITO OLIMPICO,True
7972,PROBASKETLAB FUENLABRADA,8,10.7193,50.037,False,12,CESUR DISTRITO OLIMPICO,True
7973,PROBASKETLAB FUENLABRADA,8,22.3554,50.793,False,12,CESUR DISTRITO OLIMPICO,True
7974,PROBASKETLAB FUENLABRADA,7,10.5078,64.153,True,12,CESUR DISTRITO OLIMPICO,True
7975,PROBASKETLAB FUENLABRADA,7,37.094,81.295,False,12,CESUR DISTRITO OLIMPICO,True
7976,PROBASKETLAB FUENLABRADA,14,8.0395,82.555,False,12,CESUR DISTRITO OLIMPICO,True
7977,PROBASKETLAB FUENLABRADA,7,8.0394,54.574,False,12,CESUR DISTRITO OLIMPICO,True
7978,PROBASKETLAB FUENLABRADA,10,32.087,67.68,True,12,CESUR DISTRITO OLIMPICO,True
7979,PROBASKETLAB FUENLABRADA,13,34.344,84.572,True,12,CESUR DISTRITO OLIMPICO,True
7980,PROBASKETLAB FUENLABRADA,7,10.084,54.322,False,12,CESUR DISTRITO OLIMPICO,True
7981,PROBASKETLAB FUENLABRADA,11,27.5035,95.915,False,12,CESUR DISTRITO OLIMPICO,True
7982,PROBASKETLAB FUENLABRADA,13,28.91,16.763,True,12,CESUR DISTRITO OLIMPICO,True
7983,PROBASKETLAB FUENLABRADA,14,26.304,10.209,False,12,CESUR DISTRITO OLIMPICO,True
7984,PROBASKETLAB FUENLABRADA,10,29.125,89.739,False,12,CESUR DISTRITO OLIMPICO,True
7985,PROBASKETLAB FUENLABRADA,13,36.177,53.818,False,12,CESUR DISTRITO OLIMPICO,True
7986,PROBASKETLAB FUENLABRADA,3,8.6741,54.07,True,12,CESUR DISTRITO OLIMPICO,True
7987,PROBASKETLAB FUENLABRADA,7,29.478,89.487,False,12,CESUR DISTRITO OLIMPICO,True
7988,PROBASKETLAB FUENLABRADA,14,12.2,53.188,False,12,CESUR DISTRITO OLIMPICO,True
7989,PROBASKETLAB FUENLABRADA,14,6.48,58.23,True,12,CESUR DISTRITO OLIMPICO,True
7990,PROBASKETLAB FUENLABRADA,14,24.612,12.351,False,12,CESUR DISTRITO OLIMPICO,True
7991,PROBASKETLAB FUENLABRADA,14,16.4316,50.415,False,12,CESUR DISTRITO OLIMPICO,True
7992,PROBASKETLAB FUENLABRADA,10,34.837,53.692,False,12,CESUR DISTRITO OLIMPICO,True
7993,PROBASKETLAB FUENLABRADA,3,34.132,71.716,False,12,CESUR DISTRITO OLIMPICO,True
7994,PROBASKETLAB FUENLABRADA,13,10.578,53.692,False,12,CESUR DISTRITO OLIMPICO,True
7995,PROBASKETLAB FUENLABRADA,2,38.504,40.332,False,12,CESUR DISTRITO OLIMPICO,True
7996,PROBASKETLAB FUENLABRADA,8,13.54,52.432,False,12,CESUR DISTRITO OLIMPICO,True
7997,PROBASKETLAB FUENLABRADA,8,33.004,20.418,True,12,CESUR DISTRITO OLIMPICO,True
7998,PROBASKETLAB FUENLABRADA,11,29.689,78.396,False,12,CESUR DISTRITO OLIMPICO,True
7999,PROBASKETLAB FUENLABRADA,14,24.4,88.227,False,12,CESUR DISTRITO OLIMPICO,True
8000,PROBASKETLAB FUENLABRADA,11,28.208,94.907,False,12,CESUR DISTRITO OLIMPICO,True
8001,PROBASKETLAB FUENLABRADA,10,35.825,51.171,False,12,CESUR DISTRITO OLIMPICO,True
8002,PROBASKETLAB FUENLABRADA,11,13.3991,54.82,True,12,CESUR DISTRITO OLIMPICO,True
8003,PROBASKETLAB FUENLABRADA,13,30.818,17.645,False,12,CESUR DISTRITO OLIMPICO,True
8004,PROBASKETLAB FUENLABRADA,11,9.59099999999999,56.591,True,12,CESUR DISTRITO OLIMPICO,True
8005,PROBASKETLAB FUENLABRADA,7,19.32,49.785,True,12,CESUR DISTRITO OLIMPICO,True
8006,PROBASKETLAB FUENLABRADA,8,10.93089999999999,44.113,False,12,CESUR DISTRITO OLIMPICO,True
8007,PROBASKETLAB FUENLABRADA,8,16.9252,44.491,False,12,CESUR DISTRITO OLIMPICO,True
8008,PROBASKETLAB FUENLABRADA,13,24.823,89.487,True,12,CESUR DISTRITO OLIMPICO,True
8009,PROBASKETLAB FUENLABRADA,8,17.559,59.742,False,12,CESUR DISTRITO OLIMPICO,True
8010,PROBASKETLAB FUENLABRADA,8,16.713,43.987,False,12,CESUR DISTRITO OLIMPICO,True
8011,PROBASKETLAB FUENLABRADA,7,9.026,55.205,False,12,CESUR DISTRITO OLIMPICO,True
8012,PROBASKETLAB FUENLABRADA,10,13.7518,47.39,False,12,CESUR DISTRITO OLIMPICO,True
8013,PROBASKETLAB FUENLABRADA,13,38.928,46.886,False,12,CESUR DISTRITO OLIMPICO,True
8014,PROBASKETLAB FUENLABRADA,11,38.504,40.332,False,12,CESUR DISTRITO OLIMPICO,True
8015,PROBASKETLAB FUENLABRADA,8,12.97,45.5,False,12,CESUR DISTRITO OLIMPICO,True
8016,PROBASKETLAB FUENLABRADA,14,20.521,5.797,True,12,CESUR DISTRITO OLIMPICO,True
8017,PROBASKETLAB FUENLABRADA,10,7.827,50.415,False,12,CESUR DISTRITO OLIMPICO,True
8018,PROBASKETLAB FUENLABRADA,8,8.392,56.087,True,12,CESUR DISTRITO OLIMPICO,True
8019,PROBASKETLAB FUENLABRADA,14,27.08,15.25,False,12,CESUR DISTRITO OLIMPICO,True
8020,PROBASKETLAB FUENLABRADA,8,40.056,50.163,False,12,CESUR DISTRITO OLIMPICO,True
8021,PROBASKETLAB FUENLABRADA,8,13.54,41.97,True,12,CESUR DISTRITO OLIMPICO,True
8022,PROBASKETLAB FUENLABRADA,3,8.0394,54.574,True,12,CESUR DISTRITO OLIMPICO,True
8023,PROBASKETLAB FUENLABRADA,7,8.6036,57.473,False,12,CESUR DISTRITO OLIMPICO,True
8024,PROBASKETLAB FUENLABRADA,8,13.54,41.97,False,12,CESUR DISTRITO OLIMPICO,True
8025,PROBASKETLAB FUENLABRADA,10,30.818,87.21,False,12,CESUR DISTRITO OLIMPICO,True
8026,PROBASKETLAB FUENLABRADA,13,35.4,51.045,False,12,CESUR DISTRITO OLIMPICO,True
8027,PROBASKETLAB FUENLABRADA,10,32.933,25.96,False,12,CESUR DISTRITO OLIMPICO,True
8028,PROBASKETLAB FUENLABRADA,3,5.641,48.146,False,12,CESUR DISTRITO OLIMPICO,True
8029,PROBASKETLAB FUENLABRADA,7,4.72499999999999,49.911,True,12,CESUR DISTRITO OLIMPICO,True
8030,CESUR DISTRITO OLIMPICO,14,37.447,25.83,True,12,PROBASKETLAB FUENLABRADA,False
8031,CESUR DISTRITO OLIMPICO,14,28.91,18.401,False,12,PROBASKETLAB FUENLABRADA,False
8032,CESUR DISTRITO OLIMPICO,2,32.369,78.9,False,12,PROBASKETLAB FUENLABRADA,False
8033,CESUR DISTRITO OLIMPICO,2,15.303,48.903,True,12,PROBASKETLAB FUENLABRADA,False
8034,CESUR DISTRITO OLIMPICO,14,26.163,86.462,True,12,PROBASKETLAB FUENLABRADA,False
8035,CESUR DISTRITO OLIMPICO,41,25.0353,13.486,False,12,PROBASKETLAB FUENLABRADA,False
8036,CESUR DISTRITO OLIMPICO,14,12.552,50.919,True,12,PROBASKETLAB FUENLABRADA,False
8037,CESUR DISTRITO OLIMPICO,2,11.071,50.919,False,12,PROBASKETLAB FUENLABRADA,False
8038,CESUR DISTRITO OLIMPICO,25,33.568,15.25,True,12,PROBASKETLAB FUENLABRADA,False
8039,CESUR DISTRITO OLIMPICO,14,39.703,22.43,False,12,PROBASKETLAB FUENLABRADA,False
8040,CESUR DISTRITO OLIMPICO,15,7.40479999999999,50.793,True,12,PROBASKETLAB FUENLABRADA,False
8041,CESUR DISTRITO OLIMPICO,14,10.7193,60.372,True,12,PROBASKETLAB FUENLABRADA,False
8042,CESUR DISTRITO OLIMPICO,33,36.107,35.164,False,12,PROBASKETLAB FUENLABRADA,False
8043,CESUR DISTRITO OLIMPICO,14,18.124,50.541,False,12,PROBASKETLAB FUENLABRADA,False
8044,CESUR DISTRITO OLIMPICO,16,10.296,50.289,False,12,PROBASKETLAB FUENLABRADA,False
8045,CESUR DISTRITO OLIMPICO,14,25.74,12.477,False,12,PROBASKETLAB FUENLABRADA,False
8046,CESUR DISTRITO OLIMPICO,25,12.2,49.407,False,12,PROBASKETLAB FUENLABRADA,False
8047,CESUR DISTRITO OLIMPICO,16,30.818,25.459,False,12,PROBASKETLAB FUENLABRADA,False
8048,CESUR DISTRITO OLIMPICO,25,7.68689999999999,59.238,True,12,PROBASKETLAB FUENLABRADA,False
8049,CESUR DISTRITO OLIMPICO,41,27.2214,87.09,False,12,PROBASKETLAB FUENLABRADA,False
8050,CESUR DISTRITO OLIMPICO,15,12.2,53.944,True,12,PROBASKETLAB FUENLABRADA,False
8051,CESUR DISTRITO OLIMPICO,25,12.411,53.314,True,12,PROBASKETLAB FUENLABRADA,False
8052,CESUR DISTRITO OLIMPICO,14,13.9633,45.752,True,12,PROBASKETLAB FUENLABRADA,False
8053,CESUR DISTRITO OLIMPICO,2,8.18049999999999,57.599,True,12,PROBASKETLAB FUENLABRADA,False
8054,CESUR DISTRITO OLIMPICO,2,9.0973,48.146,True,12,PROBASKETLAB FUENLABRADA,False
8055,CESUR DISTRITO OLIMPICO,41,28.631,85.958,False,12,PROBASKETLAB FUENLABRADA,False
8056,CESUR DISTRITO OLIMPICO,25,12.83,49.407,True,12,PROBASKETLAB FUENLABRADA,False
8057,CESUR DISTRITO OLIMPICO,14,13.117,42.349,True,12,PROBASKETLAB FUENLABRADA,False
8058,CESUR DISTRITO OLIMPICO,41,38.857,63.901,False,12,PROBASKETLAB FUENLABRADA,False
8059,CESUR DISTRITO OLIMPICO,5,17.066,48.52,False,12,PROBASKETLAB FUENLABRADA,False
8060,CESUR DISTRITO OLIMPICO,2,31.17,85.58,False,12,PROBASKETLAB FUENLABRADA,False
8061,CESUR DISTRITO OLIMPICO,12,26.58669999999999,86.462,False,12,PROBASKETLAB FUENLABRADA,False
8062,CESUR DISTRITO OLIMPICO,14,15.8674,56.969,False,12,PROBASKETLAB FUENLABRADA,False
8063,CESUR DISTRITO OLIMPICO,41,35.26,48.27,True,12,PROBASKETLAB FUENLABRADA,False
8064,CESUR DISTRITO OLIMPICO,2,30.324,17.645,False,12,PROBASKETLAB FUENLABRADA,False
8065,CESUR DISTRITO OLIMPICO,2,12.905,33.904,False,12,PROBASKETLAB FUENLABRADA,False
8066,CESUR DISTRITO OLIMPICO,14,7.33429999999999,54.196,True,12,PROBASKETLAB FUENLABRADA,False
8067,CESUR DISTRITO OLIMPICO,12,8.46259999999999,49.407,True,12,PROBASKETLAB FUENLABRADA,False
8068,CESUR DISTRITO OLIMPICO,5,31.593,9.3268,False,12,PROBASKETLAB FUENLABRADA,False
8069,CESUR DISTRITO OLIMPICO,10,24.5416,83.059,False,12,PROBASKETLAB FUENLABRADA,False
8070,CESUR DISTRITO OLIMPICO,41,12.76449999999999,30.249,False,12,PROBASKETLAB FUENLABRADA,False
8071,CESUR DISTRITO OLIMPICO,14,26.9393,85.832,True,12,PROBASKETLAB FUENLABRADA,False
8072,CESUR DISTRITO OLIMPICO,41,31.311,23.695,True,12,PROBASKETLAB FUENLABRADA,False
8073,CESUR DISTRITO OLIMPICO,2,35.119,18.653,False,12,PROBASKETLAB FUENLABRADA,False
8074,CESUR DISTRITO OLIMPICO,33,34.9788,79.782,False,12,PROBASKETLAB FUENLABRADA,False
8075,CESUR DISTRITO OLIMPICO,14,38.857,48.651,True,12,PROBASKETLAB FUENLABRADA,False
8076,CESUR DISTRITO OLIMPICO,25,12.76449999999999,30.249,False,12,PROBASKETLAB FUENLABRADA,False
8077,CESUR DISTRITO OLIMPICO,10,39.562,21.426,False,12,PROBASKETLAB FUENLABRADA,False
8078,CESUR DISTRITO OLIMPICO,25,20.239,47.642,False,12,PROBASKETLAB FUENLABRADA,False
8079,CESUR DISTRITO OLIMPICO,41,16.2,53.692,False,12,PROBASKETLAB FUENLABRADA,False
8080,CESUR DISTRITO OLIMPICO,25,16.36109999999999,57.473,True,12,PROBASKETLAB FUENLABRADA,False
8081,CESUR DISTRITO OLIMPICO,15,8.11,60.624,True,12,PROBASKETLAB FUENLABRADA,False
8082,CESUR DISTRITO OLIMPICO,25,9.02679999999999,57.095,True,12,PROBASKETLAB FUENLABRADA,False
8083,CESUR DISTRITO OLIMPICO,12,37.94,55.709,False,12,PROBASKETLAB FUENLABRADA,False
8084,CESUR DISTRITO OLIMPICO,5,32.651,80.917,False,12,PROBASKETLAB FUENLABRADA,False
8085,CESUR DISTRITO OLIMPICO,5,6.5585,44.869,True,12,PROBASKETLAB FUENLABRADA,False
8086,CESUR DISTRITO OLIMPICO,25,7.1227,63.649,True,12,PROBASKETLAB FUENLABRADA,False
8087,CESUR DISTRITO OLIMPICO,10,13.7518,57.095,True,12,PROBASKETLAB FUENLABRADA,False
8088,CESUR DISTRITO OLIMPICO,25,9.449,61.507,False,12,PROBASKETLAB FUENLABRADA,False
8089,CESUR DISTRITO OLIMPICO,25,18.0536,50.289,False,12,PROBASKETLAB FUENLABRADA,False
8090,CESUR DISTRITO OLIMPICO,5,30.3949,14.62,False,12,PROBASKETLAB FUENLABRADA,False
8091,CESUR DISTRITO OLIMPICO,41,35.754,84.068,False,12,PROBASKETLAB FUENLABRADA,False
8092,CESUR DISTRITO OLIMPICO,25,8.5331,60.12,True,12,PROBASKETLAB FUENLABRADA,False
8093,CESUR DISTRITO OLIMPICO,5,17.84,35.54,False,12,PROBASKETLAB FUENLABRADA,False
8094,CESUR DISTRITO OLIMPICO,14,33.568,15.25,False,12,PROBASKETLAB FUENLABRADA,False
8095,PROBASKETLAB FUENLABRADA,10,12.27079999999999,48.146,True,13,EL VENTERO CBV,True
8096,PROBASKETLAB FUENLABRADA,11,30.324,83.185,False,13,EL VENTERO CBV,True
8097,PROBASKETLAB FUENLABRADA,8,8.8858,53.062,False,13,EL VENTERO CBV,True
8098,PROBASKETLAB FUENLABRADA,7,10.5078,48.39,False,13,EL VENTERO CBV,True
8099,PROBASKETLAB FUENLABRADA,10,9.87309999999999,49.911,True,13,EL VENTERO CBV,True
8100,PROBASKETLAB FUENLABRADA,13,35.4,20.67,False,13,EL VENTERO CBV,True
8101,PROBASKETLAB FUENLABRADA,10,34.414,67.052,False,13,EL VENTERO CBV,True
8102,PROBASKETLAB FUENLABRADA,14,31.452,18.149,False,13,EL VENTERO CBV,True
8103,PROBASKETLAB FUENLABRADA,11,14.668,48.146,True,13,EL VENTERO CBV,True
8104,PROBASKETLAB FUENLABRADA,14,29.266,15.88,False,13,EL VENTERO CBV,True
8105,PROBASKETLAB FUENLABRADA,8,12.411,49.785,True,13,EL VENTERO CBV,True
8106,PROBASKETLAB FUENLABRADA,8,12.97,46.256,False,13,EL VENTERO CBV,True
8107,PROBASKETLAB FUENLABRADA,10,13.892,53.692,True,13,EL VENTERO CBV,True
8108,PROBASKETLAB FUENLABRADA,7,33.286,87.849,False,13,EL VENTERO CBV,True
8109,PROBASKETLAB FUENLABRADA,13,32.369,91.882,False,13,EL VENTERO CBV,True
8110,PROBASKETLAB FUENLABRADA,11,36.248,67.68,False,13,EL VENTERO CBV,True
8111,PROBASKETLAB FUENLABRADA,13,14.739,50.037,False,13,EL VENTERO CBV,True
8112,PROBASKETLAB FUENLABRADA,8,10.5078,51.297,False,13,EL VENTERO CBV,True
8113,PROBASKETLAB FUENLABRADA,10,13.963,47.39,False,13,EL VENTERO CBV,True
8114,PROBASKETLAB FUENLABRADA,2,28.067,13.108,True,13,EL VENTERO CBV,True
8115,PROBASKETLAB FUENLABRADA,11,10.93089999999999,53.566,False,13,EL VENTERO CBV,True
8116,PROBASKETLAB FUENLABRADA,3,13.7518,50.793,False,13,EL VENTERO CBV,True
8117,PROBASKETLAB FUENLABRADA,7,18.406,47.39,False,13,EL VENTERO CBV,True
8118,PROBASKETLAB FUENLABRADA,13,11.14249999999999,55.205,True,13,EL VENTERO CBV,True
8119,PROBASKETLAB FUENLABRADA,11,13.4697,54.574,False,13,EL VENTERO CBV,True
8120,PROBASKETLAB FUENLABRADA,7,15.72639999999999,54.07,False,13,EL VENTERO CBV,True
8121,PROBASKETLAB FUENLABRADA,11,14.104,53.944,False,13,EL VENTERO CBV,True
8122,PROBASKETLAB FUENLABRADA,10,12.27079999999999,51.171,True,13,EL VENTERO CBV,True
8123,PROBASKETLAB FUENLABRADA,13,32.792,24.955,False,13,EL VENTERO CBV,True
8124,PROBASKETLAB FUENLABRADA,11,14.8096,56.465,True,13,EL VENTERO CBV,True
8125,PROBASKETLAB FUENLABRADA,3,27.2214,14.746,True,13,EL VENTERO CBV,True
8126,PROBASKETLAB FUENLABRADA,8,13.258,55.961,False,13,EL VENTERO CBV,True
8127,PROBASKETLAB FUENLABRADA,3,14.59,56.339,False,13,EL VENTERO CBV,True
8128,PROBASKETLAB FUENLABRADA,14,33.3568,85.958,False,13,EL VENTERO CBV,True
8129,PROBASKETLAB FUENLABRADA,10,16.2,52.684,True,13,EL VENTERO CBV,True
8130,PROBASKETLAB FUENLABRADA,8,6.9816,49.029,True,13,EL VENTERO CBV,True
8131,PROBASKETLAB FUENLABRADA,10,15.444,48.39,True,13,EL VENTERO CBV,True
8132,PROBASKETLAB FUENLABRADA,11,13.822,55.961,False,13,EL VENTERO CBV,True
8133,PROBASKETLAB FUENLABRADA,11,13.82229999999999,47.894,True,13,EL VENTERO CBV,True
8134,PROBASKETLAB FUENLABRADA,10,14.527,49.785,False,13,EL VENTERO CBV,True
8135,PROBASKETLAB FUENLABRADA,8,15.303,54.574,False,13,EL VENTERO CBV,True
8136,PROBASKETLAB FUENLABRADA,7,9.5909,53.44,True,13,EL VENTERO CBV,True
8137,PROBASKETLAB FUENLABRADA,8,14.668,40.584,False,13,EL VENTERO CBV,True
8138,PROBASKETLAB FUENLABRADA,11,12.2,57.851,False,13,EL VENTERO CBV,True
8139,PROBASKETLAB FUENLABRADA,7,23.554,50.667,True,13,EL VENTERO CBV,True
8140,PROBASKETLAB FUENLABRADA,8,15.726,50.919,False,13,EL VENTERO CBV,True
8141,PROBASKETLAB FUENLABRADA,10,11.847,48.02,False,13,EL VENTERO CBV,True
8142,PROBASKETLAB FUENLABRADA,14,34.696,20.922,False,13,EL VENTERO CBV,True
8143,PROBASKETLAB FUENLABRADA,8,12.83499999999999,53.692,True,13,EL VENTERO CBV,True
8144,PROBASKETLAB FUENLABRADA,10,16.502,52.684,False,13,EL VENTERO CBV,True
8145,PROBASKETLAB FUENLABRADA,10,34.062,83.437,False,13,EL VENTERO CBV,True
8146,PROBASKETLAB FUENLABRADA,8,15.232,62.893,False,13,EL VENTERO CBV,True
8147,PROBASKETLAB FUENLABRADA,12,9.2383,66.044,False,13,EL VENTERO CBV,True
8148,PROBASKETLAB FUENLABRADA,13,27.57,84.446,True,13,EL VENTERO CBV,True
8149,PROBASKETLAB FUENLABRADA,9,12.76449999999999,49.407,False,13,EL VENTERO CBV,True
8150,PROBASKETLAB FUENLABRADA,3,11.283,48.39,True,13,EL VENTERO CBV,True
8151,PROBASKETLAB FUENLABRADA,7,11.70659999999999,53.566,True,13,EL VENTERO CBV,True
8152,PROBASKETLAB FUENLABRADA,13,25.176,82.303,False,13,EL VENTERO CBV,True
8153,PROBASKETLAB FUENLABRADA,8,13.6812,54.07,False,13,EL VENTERO CBV,True
8154,PROBASKETLAB FUENLABRADA,9,13.11709999999999,35.669,False,13,EL VENTERO CBV,True
8155,PROBASKETLAB FUENLABRADA,14,12.1298,55.331,False,13,EL VENTERO CBV,True
8156,PROBASKETLAB FUENLABRADA,8,24.7532,51.171,True,13,EL VENTERO CBV,True
8157,PROBASKETLAB FUENLABRADA,14,33.568,22.56,False,13,EL VENTERO CBV,True
8158,PROBASKETLAB FUENLABRADA,10,9.5204,51.297,True,13,EL VENTERO CBV,True
8159,EL VENTERO CBV,41,9.5909,48.903,True,13,PROBASKETLAB FUENLABRADA,False
8160,EL VENTERO CBV,41,32.44,13.864,False,13,PROBASKETLAB FUENLABRADA,False
8161,EL VENTERO CBV,18,10.5078,53.692,True,13,PROBASKETLAB FUENLABRADA,False
8162,EL VENTERO CBV,41,24.894,10.965,False,13,PROBASKETLAB FUENLABRADA,False
8163,EL VENTERO CBV,10,27.29,12.477,True,13,PROBASKETLAB FUENLABRADA,False
8164,EL VENTERO CBV,10,32.863,9.2008,False,13,PROBASKETLAB FUENLABRADA,False
8165,EL VENTERO CBV,18,13.82229999999999,53.566,True,13,PROBASKETLAB FUENLABRADA,False
8166,EL VENTERO CBV,3,8.1,54.448,False,13,PROBASKETLAB FUENLABRADA,False
8167,EL VENTERO CBV,0,11.70659999999999,49.659,True,13,PROBASKETLAB FUENLABRADA,False
8168,EL VENTERO CBV,1,18.899,49.533,False,13,PROBASKETLAB FUENLABRADA,False
8169,EL VENTERO CBV,18,8.67419999999999,50.919,True,13,PROBASKETLAB FUENLABRADA,False
8170,EL VENTERO CBV,3,21.861,47.894,True,13,PROBASKETLAB FUENLABRADA,False
8171,EL VENTERO CBV,10,16.502,47.264,False,13,PROBASKETLAB FUENLABRADA,False
8172,EL VENTERO CBV,3,11.001,48.146,True,13,PROBASKETLAB FUENLABRADA,False
8173,EL VENTERO CBV,10,13.4697,47.768,True,13,PROBASKETLAB FUENLABRADA,False
8174,EL VENTERO CBV,0,10.2257,49.911,True,13,PROBASKETLAB FUENLABRADA,False
8175,EL VENTERO CBV,10,22.6375,51.802,True,13,PROBASKETLAB FUENLABRADA,False
8176,EL VENTERO CBV,1,24.96469999999999,13.612,True,13,PROBASKETLAB FUENLABRADA,False
8177,EL VENTERO CBV,41,11.8477,55.583,False,13,PROBASKETLAB FUENLABRADA,False
8178,EL VENTERO CBV,10,38.152,17.897,False,13,PROBASKETLAB FUENLABRADA,False
8179,EL VENTERO CBV,10,30.042,80.53,True,13,PROBASKETLAB FUENLABRADA,False
8180,EL VENTERO CBV,1,22.99,13.234,False,13,PROBASKETLAB FUENLABRADA,False
8181,EL VENTERO CBV,10,33.709,19.4,True,13,PROBASKETLAB FUENLABRADA,False
8182,EL VENTERO CBV,21,9.73,54.196,True,13,PROBASKETLAB FUENLABRADA,False
8183,EL VENTERO CBV,0,20.09869999999999,49.029,False,13,PROBASKETLAB FUENLABRADA,False
8184,EL VENTERO CBV,0,29.125,83.689,False,13,PROBASKETLAB FUENLABRADA,False
8185,EL VENTERO CBV,3,9.9436,52.18,True,13,PROBASKETLAB FUENLABRADA,False
8186,EL VENTERO CBV,18,11.0014,46.886,False,13,PROBASKETLAB FUENLABRADA,False
8187,EL VENTERO CBV,10,34.414,75.623,False,13,PROBASKETLAB FUENLABRADA,False
8188,EL VENTERO CBV,18,16.149,50.037,True,13,PROBASKETLAB FUENLABRADA,False
8189,EL VENTERO CBV,1,22.496,30.123,False,13,PROBASKETLAB FUENLABRADA,False
8190,EL VENTERO CBV,21,13.399,28.862,False,13,PROBASKETLAB FUENLABRADA,False
8191,EL VENTERO CBV,1,10.789,48.146,False,13,PROBASKETLAB FUENLABRADA,False
8192,EL VENTERO CBV,18,15.867,42.853,False,13,PROBASKETLAB FUENLABRADA,False
8193,EL VENTERO CBV,10,31.452,82.177,False,13,PROBASKETLAB FUENLABRADA,False
8194,EL VENTERO CBV,10,9.873,51.928,True,13,PROBASKETLAB FUENLABRADA,False
8195,EL VENTERO CBV,18,14.809,49.281,False,13,PROBASKETLAB FUENLABRADA,False
8196,EL VENTERO CBV,21,30.11279999999999,12.603,False,13,PROBASKETLAB FUENLABRADA,False
8197,EL VENTERO CBV,41,31.1,84.068,False,13,PROBASKETLAB FUENLABRADA,False
8198,EL VENTERO CBV,41,25.811,88.353,True,13,PROBASKETLAB FUENLABRADA,False
8199,EL VENTERO CBV,41,17.489,50.289,True,13,PROBASKETLAB FUENLABRADA,False
8200,EL VENTERO CBV,1,24.471,51.928,False,13,PROBASKETLAB FUENLABRADA,False
8201,EL VENTERO CBV,3,13.3991,49.407,False,13,PROBASKETLAB FUENLABRADA,False
8202,EL VENTERO CBV,21,11.2835,54.07,False,13,PROBASKETLAB FUENLABRADA,False
8203,EL VENTERO CBV,1,24.259,51.171,True,13,PROBASKETLAB FUENLABRADA,False
8204,EL VENTERO CBV,41,23.9774,50.289,True,13,PROBASKETLAB FUENLABRADA,False
8205,EL VENTERO CBV,18,10.507,54.196,True,13,PROBASKETLAB FUENLABRADA,False
8206,EL VENTERO CBV,10,15.5853,52.432,True,13,PROBASKETLAB FUENLABRADA,False
8207,EL VENTERO CBV,10,17.489,50.289,False,13,PROBASKETLAB FUENLABRADA,False
8208,EL VENTERO CBV,10,34.414,56.717,False,13,PROBASKETLAB FUENLABRADA,False
8209,EL VENTERO CBV,1,33.145,77.51,True,13,PROBASKETLAB FUENLABRADA,False
8210,EL VENTERO CBV,10,13.54,50.541,False,13,PROBASKETLAB FUENLABRADA,False
8211,EL VENTERO CBV,41,34.273,17.645,False,13,PROBASKETLAB FUENLABRADA,False
8212,EL VENTERO CBV,0,32.792,77.135,False,13,PROBASKETLAB FUENLABRADA,False
8213,EL VENTERO CBV,0,31.311,79.53,False,13,PROBASKETLAB FUENLABRADA,False
8214,EL VENTERO CBV,18,10.719,51.928,False,13,PROBASKETLAB FUENLABRADA,False
8215,EL VENTERO CBV,21,36.741,23.695,False,13,PROBASKETLAB FUENLABRADA,False
8216,EL VENTERO CBV,0,18.406,49.533,True,13,PROBASKETLAB FUENLABRADA,False
8217,EL VENTERO CBV,10,24.964,50.793,False,13,PROBASKETLAB FUENLABRADA,False
8218,EL VENTERO CBV,3,11.5656,50.415,True,13,PROBASKETLAB FUENLABRADA,False
8219,EL VENTERO CBV,18,11.918,49.029,True,13,PROBASKETLAB FUENLABRADA,False
8220,EL VENTERO CBV,10,45.416,19.662,False,13,PROBASKETLAB FUENLABRADA,False
8221,EL VENTERO CBV,10,12.97,54.574,True,13,PROBASKETLAB FUENLABRADA,False
8222,EL VENTERO CBV,1,26.234,12.099,True,13,PROBASKETLAB FUENLABRADA,False
8223,EL VENTERO CBV,41,12.76449999999999,59.616,False,13,PROBASKETLAB FUENLABRADA,False
8224,EL VENTERO CBV,10,17.2073,50.415,False,13,PROBASKETLAB FUENLABRADA,False
8225,EL VENTERO CBV,10,37.376,22.43,False,13,PROBASKETLAB FUENLABRADA,False
8226,EL VENTERO CBV,18,13.258,48.146,True,13,PROBASKETLAB FUENLABRADA,False
8227,EL VENTERO CBV,18,9.9436,52.558,True,13,PROBASKETLAB FUENLABRADA,False
8228,EL VENTERO CBV,10,29.3371,18.779,True,13,PROBASKETLAB FUENLABRADA,False
8229,CESUR DISTRITO OLIMPICO,25,17.84,61.12,False,13,MOVISTAR ESTUDIANTES,True
8230,CESUR DISTRITO OLIMPICO,25,18.8293,68.061,False,13,MOVISTAR ESTUDIANTES,True
8231,CESUR DISTRITO OLIMPICO,25,22.002,66.296,False,13,MOVISTAR ESTUDIANTES,True
8232,CESUR DISTRITO OLIMPICO,14,19.6756,50.415,False,13,MOVISTAR ESTUDIANTES,True
8233,CESUR DISTRITO OLIMPICO,16,28.631,84.698,False,13,MOVISTAR ESTUDIANTES,True
8234,CESUR DISTRITO OLIMPICO,5,29.9013,18.905,False,13,MOVISTAR ESTUDIANTES,True
8235,CESUR DISTRITO OLIMPICO,25,11.847,54.95,True,13,MOVISTAR ESTUDIANTES,True
8236,CESUR DISTRITO OLIMPICO,25,10.08459999999999,57.095,False,13,MOVISTAR ESTUDIANTES,True
8237,CESUR DISTRITO OLIMPICO,12,21.7913,63.145,False,13,MOVISTAR ESTUDIANTES,True
8238,CESUR DISTRITO OLIMPICO,14,19.1114,66.548,False,13,MOVISTAR ESTUDIANTES,True
8239,CESUR DISTRITO OLIMPICO,13,11.001,41.214,True,13,MOVISTAR ESTUDIANTES,True
8240,CESUR DISTRITO OLIMPICO,41,26.445,19.662,False,13,MOVISTAR ESTUDIANTES,True
8241,CESUR DISTRITO OLIMPICO,10,13.32859999999999,50.793,False,13,MOVISTAR ESTUDIANTES,True
8242,CESUR DISTRITO OLIMPICO,33,7.4753,48.27,True,13,MOVISTAR ESTUDIANTES,True
8243,CESUR DISTRITO OLIMPICO,2,31.311,24.073,False,13,MOVISTAR ESTUDIANTES,True
8244,CESUR DISTRITO OLIMPICO,25,16.925,47.894,False,13,MOVISTAR ESTUDIANTES,True
8245,CESUR DISTRITO OLIMPICO,14,23.34269999999999,42.223,False,13,MOVISTAR ESTUDIANTES,True
8246,CESUR DISTRITO OLIMPICO,25,13.04649999999999,57.97,True,13,MOVISTAR ESTUDIANTES,True
8247,CESUR DISTRITO OLIMPICO,14,10.86039999999999,49.029,True,13,MOVISTAR ESTUDIANTES,True
8248,CESUR DISTRITO OLIMPICO,15,13.4697,62.641,False,13,MOVISTAR ESTUDIANTES,True
8249,CESUR DISTRITO OLIMPICO,15,13.399,56.717,True,13,MOVISTAR ESTUDIANTES,True
8250,CESUR DISTRITO OLIMPICO,2,29.478,8.5706,False,13,MOVISTAR ESTUDIANTES,True
8251,CESUR DISTRITO OLIMPICO,14,15.5853,46.256,True,13,MOVISTAR ESTUDIANTES,True
8252,CESUR DISTRITO OLIMPICO,41,31.2412,14.872,False,13,MOVISTAR ESTUDIANTES,True
8253,CESUR DISTRITO OLIMPICO,25,11.424,67.178,True,13,MOVISTAR ESTUDIANTES,True
8254,CESUR DISTRITO OLIMPICO,25,13.1876,55.835,False,13,MOVISTAR ESTUDIANTES,True
8255,CESUR DISTRITO OLIMPICO,15,11.706,59.364,True,13,MOVISTAR ESTUDIANTES,True
8256,CESUR DISTRITO OLIMPICO,10,9.80249999999999,61.885,True,13,MOVISTAR ESTUDIANTES,True
8257,CESUR DISTRITO OLIMPICO,14,19.32299999999999,33.526,False,13,MOVISTAR ESTUDIANTES,True
8258,CESUR DISTRITO OLIMPICO,5,19.8872,54.448,True,13,MOVISTAR ESTUDIANTES,True
8259,CESUR DISTRITO OLIMPICO,5,15.726,57.347,False,13,MOVISTAR ESTUDIANTES,True
8260,CESUR DISTRITO OLIMPICO,2,25.387,89.991,False,13,MOVISTAR ESTUDIANTES,True
8261,CESUR DISTRITO OLIMPICO,15,8.5331,48.27,True,13,MOVISTAR ESTUDIANTES,True
8262,CESUR DISTRITO OLIMPICO,15,17.066,49.785,False,13,MOVISTAR ESTUDIANTES,True
8263,CESUR DISTRITO OLIMPICO,5,12.83499999999999,66.926,True,13,MOVISTAR ESTUDIANTES,True
8264,CESUR DISTRITO OLIMPICO,2,28.702,17.141,False,13,MOVISTAR ESTUDIANTES,True
8265,CESUR DISTRITO OLIMPICO,33,9.3794,62.263,True,13,MOVISTAR ESTUDIANTES,True
8266,CESUR DISTRITO OLIMPICO,5,10.648,51.928,True,13,MOVISTAR ESTUDIANTES,True
8267,CESUR DISTRITO OLIMPICO,41,29.971,71.716,True,13,MOVISTAR ESTUDIANTES,True
8268,CESUR DISTRITO OLIMPICO,10,13.61,76.001,False,13,MOVISTAR ESTUDIANTES,True
8269,CESUR DISTRITO OLIMPICO,33,20.239,44.113,False,13,MOVISTAR ESTUDIANTES,True
8270,CESUR DISTRITO OLIMPICO,12,22.355,31.383,False,13,MOVISTAR ESTUDIANTES,True
8271,CESUR DISTRITO OLIMPICO,12,37.87,35.669,False,13,MOVISTAR ESTUDIANTES,True
8272,CESUR DISTRITO OLIMPICO,33,7.33429999999999,53.566,False,13,MOVISTAR ESTUDIANTES,True
8273,CESUR DISTRITO OLIMPICO,41,34.203,62.011,True,13,MOVISTAR ESTUDIANTES,True
8274,CESUR DISTRITO OLIMPICO,33,32.581,24.703,False,13,MOVISTAR ESTUDIANTES,True
8275,CESUR DISTRITO OLIMPICO,2,15.162,60.12,False,13,MOVISTAR ESTUDIANTES,True
8276,CESUR DISTRITO OLIMPICO,2,9.9436,44.491,False,13,MOVISTAR ESTUDIANTES,True
8277,CESUR DISTRITO OLIMPICO,5,7.7574,52.558,True,13,MOVISTAR ESTUDIANTES,True
8278,CESUR DISTRITO OLIMPICO,25,20.028,62.515,False,13,MOVISTAR ESTUDIANTES,True
8279,CESUR DISTRITO OLIMPICO,14,27.9972,73.984,False,13,MOVISTAR ESTUDIANTES,True
8280,CESUR DISTRITO OLIMPICO,25,12.411,53.44,False,13,MOVISTAR ESTUDIANTES,True
8281,CESUR DISTRITO OLIMPICO,25,13.751,59.364,True,13,MOVISTAR ESTUDIANTES,True
8282,CESUR DISTRITO OLIMPICO,25,12.76449999999999,62.767,False,13,MOVISTAR ESTUDIANTES,True
8283,CESUR DISTRITO OLIMPICO,14,12.27079999999999,58.23,False,13,MOVISTAR ESTUDIANTES,True
8284,CESUR DISTRITO OLIMPICO,15,18.899,49.785,False,13,MOVISTAR ESTUDIANTES,True
8285,CESUR DISTRITO OLIMPICO,41,31.875,84.95,False,13,MOVISTAR ESTUDIANTES,True
8286,CESUR DISTRITO OLIMPICO,5,33.709,26.846,False,13,MOVISTAR ESTUDIANTES,True
8287,CESUR DISTRITO OLIMPICO,5,21.08,53.188,False,13,MOVISTAR ESTUDIANTES,True
8288,CESUR DISTRITO OLIMPICO,33,31.875,22.56,False,13,MOVISTAR ESTUDIANTES,True
8289,CESUR DISTRITO OLIMPICO,16,23.836,74.993,False,13,MOVISTAR ESTUDIANTES,True
8290,CESUR DISTRITO OLIMPICO,33,10.789,66.422,True,13,MOVISTAR ESTUDIANTES,True
8291,CESUR DISTRITO OLIMPICO,5,29.337,15.376,False,13,MOVISTAR ESTUDIANTES,True
8292,CESUR DISTRITO OLIMPICO,41,35.0494,79.404,False,13,MOVISTAR ESTUDIANTES,True
8293,CESUR DISTRITO OLIMPICO,14,30.465,21.174,False,13,MOVISTAR ESTUDIANTES,True
8294,CESUR DISTRITO OLIMPICO,15,11.918,60.624,True,13,MOVISTAR ESTUDIANTES,True
8295,CESUR DISTRITO OLIMPICO,25,10.296,57.473,True,13,MOVISTAR ESTUDIANTES,True
8296,MOVISTAR ESTUDIANTES,19,14.739,61.002,True,13,CESUR DISTRITO OLIMPICO,False
8297,MOVISTAR ESTUDIANTES,6,34.9788,53.944,True,13,CESUR DISTRITO OLIMPICO,False
8298,MOVISTAR ESTUDIANTES,22,12.482,54.95,True,13,CESUR DISTRITO OLIMPICO,False
8299,MOVISTAR ESTUDIANTES,9,6.8406,52.81,True,13,CESUR DISTRITO OLIMPICO,False
8300,MOVISTAR ESTUDIANTES,25,28.2793,85.454,False,13,CESUR DISTRITO OLIMPICO,False
8301,MOVISTAR ESTUDIANTES,25,23.201,53.44,False,13,CESUR DISTRITO OLIMPICO,False
8302,MOVISTAR ESTUDIANTES,19,9.9436,38.56,False,13,CESUR DISTRITO OLIMPICO,False
8303,MOVISTAR ESTUDIANTES,8,9.8025,36.425,True,13,CESUR DISTRITO OLIMPICO,False
8304,MOVISTAR ESTUDIANTES,7,8.5331,48.777,True,13,CESUR DISTRITO OLIMPICO,False
8305,MOVISTAR ESTUDIANTES,10,15.3738,79.152,False,13,CESUR DISTRITO OLIMPICO,False
8306,MOVISTAR ESTUDIANTES,9,5.4301,50.919,True,13,CESUR DISTRITO OLIMPICO,False
8307,MOVISTAR ESTUDIANTES,25,26.727,17.897,False,13,CESUR DISTRITO OLIMPICO,False
8308,MOVISTAR ESTUDIANTES,25,30.1834,17.141,True,13,CESUR DISTRITO OLIMPICO,False
8309,MOVISTAR ESTUDIANTES,25,26.445,89.487,False,13,CESUR DISTRITO OLIMPICO,False
8310,MOVISTAR ESTUDIANTES,7,28.702,86.96,True,13,CESUR DISTRITO OLIMPICO,False
8311,MOVISTAR ESTUDIANTES,6,21.791,90.117,False,13,CESUR DISTRITO OLIMPICO,False
8312,MOVISTAR ESTUDIANTES,2,29.971,80.79,False,13,CESUR DISTRITO OLIMPICO,False
8313,MOVISTAR ESTUDIANTES,25,24.18899999999999,87.849,True,13,CESUR DISTRITO OLIMPICO,False
8314,MOVISTAR ESTUDIANTES,11,27.57,87.09,False,13,CESUR DISTRITO OLIMPICO,False
8315,MOVISTAR ESTUDIANTES,12,27.644,83.059,True,13,CESUR DISTRITO OLIMPICO,False
8316,MOVISTAR ESTUDIANTES,22,15.373,61.12,False,13,CESUR DISTRITO OLIMPICO,False
8317,MOVISTAR ESTUDIANTES,22,11.565,68.187,True,13,CESUR DISTRITO OLIMPICO,False
8318,MOVISTAR ESTUDIANTES,11,28.91,14.62,False,13,CESUR DISTRITO OLIMPICO,False
8319,MOVISTAR ESTUDIANTES,6,10.36669999999999,43.105,True,13,CESUR DISTRITO OLIMPICO,False
8320,MOVISTAR ESTUDIANTES,22,7.61639999999999,48.27,True,13,CESUR DISTRITO OLIMPICO,False
8321,MOVISTAR ESTUDIANTES,11,17.91259999999999,62.137,True,13,CESUR DISTRITO OLIMPICO,False
8322,MOVISTAR ESTUDIANTES,6,20.874,90.622,False,13,CESUR DISTRITO OLIMPICO,False
8323,MOVISTAR ESTUDIANTES,6,18.3357,34.786,True,13,CESUR DISTRITO OLIMPICO,False
8324,MOVISTAR ESTUDIANTES,25,15.0917,67.556,False,13,CESUR DISTRITO OLIMPICO,False
8325,MOVISTAR ESTUDIANTES,8,25.811,85.958,False,13,CESUR DISTRITO OLIMPICO,False
8326,MOVISTAR ESTUDIANTES,19,33.7,30.753,False,13,CESUR DISTRITO OLIMPICO,False
8327,MOVISTAR ESTUDIANTES,7,28.20869999999999,84.446,True,13,CESUR DISTRITO OLIMPICO,False
8328,MOVISTAR ESTUDIANTES,8,29.266,13.486,False,13,CESUR DISTRITO OLIMPICO,False
8329,MOVISTAR ESTUDIANTES,2,10.014,62.263,True,13,CESUR DISTRITO OLIMPICO,False
8330,MOVISTAR ESTUDIANTES,7,27.15,13.486,True,13,CESUR DISTRITO OLIMPICO,False
8331,MOVISTAR ESTUDIANTES,8,15.655,61.885,False,13,CESUR DISTRITO OLIMPICO,False
8332,MOVISTAR ESTUDIANTES,6,26.163,14.494,True,13,CESUR DISTRITO OLIMPICO,False
8333,MOVISTAR ESTUDIANTES,7,29.689,80.034,False,13,CESUR DISTRITO OLIMPICO,False
8334,MOVISTAR ESTUDIANTES,9,13.3991,56.717,True,13,CESUR DISTRITO OLIMPICO,False
8335,MOVISTAR ESTUDIANTES,2,32.44,23.569,True,13,CESUR DISTRITO OLIMPICO,False
8336,MOVISTAR ESTUDIANTES,6,14.386,56.213,True,13,CESUR DISTRITO OLIMPICO,False
8337,MOVISTAR ESTUDIANTES,19,11.49509999999999,57.851,True,13,CESUR DISTRITO OLIMPICO,False
8338,MOVISTAR ESTUDIANTES,6,15.726,51.045,True,13,CESUR DISTRITO OLIMPICO,False
8339,MOVISTAR ESTUDIANTES,19,17.136,68.565,False,13,CESUR DISTRITO OLIMPICO,False
8340,MOVISTAR ESTUDIANTES,25,30.888,80.412,False,13,CESUR DISTRITO OLIMPICO,False
8341,MOVISTAR ESTUDIANTES,2,31.523,72.976,True,13,CESUR DISTRITO OLIMPICO,False
8342,MOVISTAR ESTUDIANTES,9,9.9436,56.213,True,13,CESUR DISTRITO OLIMPICO,False
8343,MOVISTAR ESTUDIANTES,6,31.382,9.705,False,13,CESUR DISTRITO OLIMPICO,False
8344,MOVISTAR ESTUDIANTES,25,27.362,84.194,True,13,CESUR DISTRITO OLIMPICO,False
8345,MOVISTAR ESTUDIANTES,12,28.2793,18.653,True,13,CESUR DISTRITO OLIMPICO,False
8346,MOVISTAR ESTUDIANTES,2,13.822,51.928,True,13,CESUR DISTRITO OLIMPICO,False
8347,MOVISTAR ESTUDIANTES,11,24.682,90.874,False,13,CESUR DISTRITO OLIMPICO,False
8348,MOVISTAR ESTUDIANTES,7,28.561,14.116,True,13,CESUR DISTRITO OLIMPICO,False
8349,MOVISTAR ESTUDIANTES,22,17.418,49.785,False,13,CESUR DISTRITO OLIMPICO,False
8350,MOVISTAR ESTUDIANTES,2,31.452,77.51,False,13,CESUR DISTRITO OLIMPICO,False
8351,MOVISTAR ESTUDIANTES,12,31.311,81.295,True,13,CESUR DISTRITO OLIMPICO,False
8352,MOVISTAR ESTUDIANTES,6,32.299,68.187,False,13,CESUR DISTRITO OLIMPICO,False
8353,MOVISTAR ESTUDIANTES,19,14.315,19.4,True,13,CESUR DISTRITO OLIMPICO,False
8354,MOVISTAR ESTUDIANTES,8,14.315,78.396,False,13,CESUR DISTRITO OLIMPICO,False
8355,MOVISTAR ESTUDIANTES,10,29.83069999999999,80.16,False,13,CESUR DISTRITO OLIMPICO,False
8356,MOVISTAR ESTUDIANTES,2,32.087,66.926,False,13,CESUR DISTRITO OLIMPICO,False
8357,MOVISTAR ESTUDIANTES,6,12.97,74.741,False,13,CESUR DISTRITO OLIMPICO,False
8358,MOVISTAR ESTUDIANTES,12,10.36669999999999,57.095,True,13,CESUR DISTRITO OLIMPICO,False
8359,MOVISTAR ESTUDIANTES,10,32.016,77.892,True,13,CESUR DISTRITO OLIMPICO,False
8360,BALONCESTO ALCALA,91,7.545,53.44,True,13,TOBARRA CB,True
8361,BALONCESTO ALCALA,3,27.29,85.076,False,13,TOBARRA CB,True
8362,BALONCESTO ALCALA,13,9.238,42.097,False,13,TOBARRA CB,True
8363,BALONCESTO ALCALA,12,13.963,50.289,False,13,TOBARRA CB,True
8364,BALONCESTO ALCALA,29,11.49509999999999,40.962,False,13,TOBARRA CB,True
8365,BALONCESTO ALCALA,91,9.9435,55.709,True,13,TOBARRA CB,True
8366,BALONCESTO ALCALA,4,29.83069999999999,83.437,False,13,TOBARRA CB,True
8367,BALONCESTO ALCALA,12,8.1,45.24,True,13,TOBARRA CB,True
8368,BALONCESTO ALCALA,91,8.392,62.263,False,13,TOBARRA CB,True
8369,BALONCESTO ALCALA,8,20.028,65.288,False,13,TOBARRA CB,True
8370,BALONCESTO ALCALA,12,10.578,42.475,True,13,TOBARRA CB,True
8371,BALONCESTO ALCALA,8,15.091,63.145,False,13,TOBARRA CB,True
8372,BALONCESTO ALCALA,8,19.46,64.4,False,13,TOBARRA CB,True
8373,BALONCESTO ALCALA,29,5.641,56.339,True,13,TOBARRA CB,True
8374,BALONCESTO ALCALA,12,12.411,93.52,False,13,TOBARRA CB,True
8375,BALONCESTO ALCALA,13,10.296,4.5374,False,13,TOBARRA CB,True
8376,BALONCESTO ALCALA,29,30.747,15.628,False,13,TOBARRA CB,True
8377,BALONCESTO ALCALA,4,12.27,39.576,False,13,TOBARRA CB,True
8378,BALONCESTO ALCALA,29,10.648,43.609,True,13,TOBARRA CB,True
8379,BALONCESTO ALCALA,3,9.6615,43.105,False,13,TOBARRA CB,True
8380,BALONCESTO ALCALA,4,27.926,20.04,False,13,TOBARRA CB,True
8381,BALONCESTO ALCALA,13,12.482,42.223,False,13,TOBARRA CB,True
8382,BALONCESTO ALCALA,12,25.0353,91.252,True,13,TOBARRA CB,True
8383,BALONCESTO ALCALA,8,6.6996,20.67,True,13,TOBARRA CB,True
8384,BALONCESTO ALCALA,0,29.971,20.67,False,13,TOBARRA CB,True
8385,BALONCESTO ALCALA,4,33.356,35.164,False,13,TOBARRA CB,True
8386,BALONCESTO ALCALA,29,31.805,74.363,True,13,TOBARRA CB,True
8387,BALONCESTO ALCALA,4,25.599,90.3,True,13,TOBARRA CB,True
8388,BALONCESTO ALCALA,29,7.3342,57.725,True,13,TOBARRA CB,True
8389,BALONCESTO ALCALA,91,10.084,42.349,False,13,TOBARRA CB,True
8390,BALONCESTO ALCALA,12,9.3088,58.734,True,13,TOBARRA CB,True
8391,BALONCESTO ALCALA,5,25.317,10.461,False,13,TOBARRA CB,True
8392,BALONCESTO ALCALA,29,17.70099999999999,51.802,False,13,TOBARRA CB,True
8393,BALONCESTO ALCALA,13,6.1354,60.12,True,13,TOBARRA CB,True
8394,BALONCESTO ALCALA,12,9.02679999999999,60.246,False,13,TOBARRA CB,True
8395,BALONCESTO ALCALA,4,11.142,40.584,False,13,TOBARRA CB,True
8396,BALONCESTO ALCALA,5,35.119,64.4,False,13,TOBARRA CB,True
8397,BALONCESTO ALCALA,12,11.142,95.033,True,13,TOBARRA CB,True
8398,BALONCESTO ALCALA,29,13.82229999999999,49.407,False,13,TOBARRA CB,True
8399,BALONCESTO ALCALA,8,15.303,46.13,False,13,TOBARRA CB,True
8400,BALONCESTO ALCALA,8,6.84059999999999,62.767,True,13,TOBARRA CB,True
8401,BALONCESTO ALCALA,8,15.162,49.911,False,13,TOBARRA CB,True
8402,BALONCESTO ALCALA,29,29.619,84.572,False,13,TOBARRA CB,True
8403,BALONCESTO ALCALA,13,7.263,59.868,True,13,TOBARRA CB,True
8404,BALONCESTO ALCALA,4,31.311,20.166,False,13,TOBARRA CB,True
8405,BALONCESTO ALCALA,4,35.3315,62.767,False,13,TOBARRA CB,True
8406,BALONCESTO ALCALA,29,8.74469999999999,49.155,True,13,TOBARRA CB,True
8407,BALONCESTO ALCALA,91,9.9435,51.5,False,13,TOBARRA CB,True
8408,BALONCESTO ALCALA,29,11.706,53.692,True,13,TOBARRA CB,True
8409,BALONCESTO ALCALA,13,11.988,37.937,False,13,TOBARRA CB,True
8410,BALONCESTO ALCALA,8,10.296,50.163,True,13,TOBARRA CB,True
8411,BALONCESTO ALCALA,12,6.205,55.331,True,13,TOBARRA CB,True
8412,BALONCESTO ALCALA,91,8.18049999999999,61.12,False,13,TOBARRA CB,True
8413,BALONCESTO ALCALA,29,10.2257,59.742,True,13,TOBARRA CB,True
8414,BALONCESTO ALCALA,8,10.08459999999999,51.928,True,13,TOBARRA CB,True
8415,BALONCESTO ALCALA,12,22.3554,92.512,False,13,TOBARRA CB,True
8416,BALONCESTO ALCALA,29,28.42,86.714,False,13,TOBARRA CB,True
8417,BALONCESTO ALCALA,29,9.0973,56.213,True,13,TOBARRA CB,True
8418,BALONCESTO ALCALA,13,9.3794,55.835,False,13,TOBARRA CB,True
8419,BALONCESTO ALCALA,5,26.375,85.958,True,13,TOBARRA CB,True
8420,BALONCESTO ALCALA,29,7.7574,54.574,False,13,TOBARRA CB,True
8421,TOBARRA CB,31,10.578,57.473,True,13,BALONCESTO ALCALA,False
8422,TOBARRA CB,0,11.0014,61.885,False,13,BALONCESTO ALCALA,False
8423,TOBARRA CB,28,33.004,71.464,False,13,BALONCESTO ALCALA,False
8424,TOBARRA CB,3,9.5204,46.382,False,13,BALONCESTO ALCALA,False
8425,TOBARRA CB,21,24.2595,89.739,False,13,BALONCESTO ALCALA,False
8426,TOBARRA CB,34,8.392,57.473,False,13,BALONCESTO ALCALA,False
8427,TOBARRA CB,21,7.61639999999999,46.508,True,13,BALONCESTO ALCALA,False
8428,TOBARRA CB,31,11.495,52.306,False,13,BALONCESTO ALCALA,False
8429,TOBARRA CB,31,17.771,47.894,False,13,BALONCESTO ALCALA,False
8430,TOBARRA CB,7,13.32859999999999,57.97,False,13,BALONCESTO ALCALA,False
8431,TOBARRA CB,0,32.369,27.476,False,13,BALONCESTO ALCALA,False
8432,TOBARRA CB,28,28.20869999999999,18.779,True,13,BALONCESTO ALCALA,False
8433,TOBARRA CB,3,22.6375,92.512,False,13,BALONCESTO ALCALA,False
8434,TOBARRA CB,7,8.18049999999999,59.49,False,13,BALONCESTO ALCALA,False
8435,TOBARRA CB,0,27.644,19.662,False,13,BALONCESTO ALCALA,False
8436,TOBARRA CB,3,14.59,55.835,False,13,BALONCESTO ALCALA,False
8437,TOBARRA CB,3,7.4753,43.861,True,13,BALONCESTO ALCALA,False
8438,TOBARRA CB,34,7.61639999999999,44.995,True,13,BALONCESTO ALCALA,False
8439,TOBARRA CB,7,8.392,43.231,True,13,BALONCESTO ALCALA,False
8440,TOBARRA CB,0,9.73,63.775,False,13,BALONCESTO ALCALA,False
8441,TOBARRA CB,6,8.0394,53.566,True,13,BALONCESTO ALCALA,False
8442,TOBARRA CB,31,8.8152,54.196,True,13,BALONCESTO ALCALA,False
8443,TOBARRA CB,7,25.95,87.345,False,13,BALONCESTO ALCALA,False
8444,TOBARRA CB,31,16.502,52.936,False,13,BALONCESTO ALCALA,False
8445,TOBARRA CB,3,18.97,52.81,False,13,BALONCESTO ALCALA,False
8446,TOBARRA CB,0,34.9788,71.59,False,13,BALONCESTO ALCALA,False
8447,TOBARRA CB,6,30.042,82.807,False,13,BALONCESTO ALCALA,False
8448,TOBARRA CB,7,7.7574,21.804,True,13,BALONCESTO ALCALA,False
8449,TOBARRA CB,3,34.273,47.39,False,13,BALONCESTO ALCALA,False
8450,TOBARRA CB,31,8.25109999999999,57.221,True,13,BALONCESTO ALCALA,False
8451,TOBARRA CB,21,27.7151,82.555,False,13,BALONCESTO ALCALA,False
8452,TOBARRA CB,31,10.366,44.365,True,13,BALONCESTO ALCALA,False
8453,TOBARRA CB,31,7.7574,57.97,True,13,BALONCESTO ALCALA,False
8454,TOBARRA CB,21,12.27079999999999,44.113,False,13,BALONCESTO ALCALA,False
8455,TOBARRA CB,28,9.661,41.088,True,13,BALONCESTO ALCALA,False
8456,TOBARRA CB,31,12.9055,57.473,False,13,BALONCESTO ALCALA,False
8457,TOBARRA CB,28,11.70659999999999,46.634,True,13,BALONCESTO ALCALA,False
8458,TOBARRA CB,0,10.366,44.365,False,13,BALONCESTO ALCALA,False
8459,TOBARRA CB,31,7.05219999999999,59.49,True,13,BALONCESTO ALCALA,False
8460,TOBARRA CB,0,15.726,40.458,False,13,BALONCESTO ALCALA,False
8461,TOBARRA CB,0,9.9436,51.67,True,13,BALONCESTO ALCALA,False
8462,TOBARRA CB,26,10.014,55.331,True,13,BALONCESTO ALCALA,False
8463,TOBARRA CB,3,7.7574,44.617,True,13,BALONCESTO ALCALA,False
8464,TOBARRA CB,3,15.44429999999999,35.164,False,13,BALONCESTO ALCALA,False
8465,TOBARRA CB,0,30.606,30.123,True,13,BALONCESTO ALCALA,False
8466,TOBARRA CB,3,11.918,40.962,True,13,BALONCESTO ALCALA,False
8467,TOBARRA CB,3,26.86879999999999,14.998,True,13,BALONCESTO ALCALA,False
8468,TOBARRA CB,3,36.882,48.146,False,13,BALONCESTO ALCALA,False
8469,TOBARRA CB,31,7.89839999999999,62.893,False,13,BALONCESTO ALCALA,False
8470,GRUPO INTERBUS ALCOBENDAS,33,23.6953,86.21,False,13,TOSCONES CORRALEJO,True
8471,GRUPO INTERBUS ALCOBENDAS,24,9.59099999999999,46.382,True,13,TOSCONES CORRALEJO,True
8472,GRUPO INTERBUS ALCOBENDAS,5,7.1227,61.25,True,13,TOSCONES CORRALEJO,True
8473,GRUPO INTERBUS ALCOBENDAS,17,33.3568,31.761,False,13,TOSCONES CORRALEJO,True
8474,GRUPO INTERBUS ALCOBENDAS,24,9.0973,55.835,False,13,TOSCONES CORRALEJO,True
8475,GRUPO INTERBUS ALCOBENDAS,77,11.001,95.033,False,13,TOSCONES CORRALEJO,True
8476,GRUPO INTERBUS ALCOBENDAS,13,21.861,91.378,True,13,TOSCONES CORRALEJO,True
8477,GRUPO INTERBUS ALCOBENDAS,13,33.7,45.752,False,13,TOSCONES CORRALEJO,True
8478,GRUPO INTERBUS ALCOBENDAS,24,9.02679999999999,6.8061,False,13,TOSCONES CORRALEJO,True
8479,GRUPO INTERBUS ALCOBENDAS,11,30.677,31.005,False,13,TOSCONES CORRALEJO,True
8480,GRUPO INTERBUS ALCOBENDAS,13,11.21299999999999,38.8,False,13,TOSCONES CORRALEJO,True
8481,GRUPO INTERBUS ALCOBENDAS,13,25.176,58.86,True,13,TOSCONES CORRALEJO,True
8482,GRUPO INTERBUS ALCOBENDAS,13,34.696,46.634,False,13,TOSCONES CORRALEJO,True
8483,GRUPO INTERBUS ALCOBENDAS,24,8.251,61.507,True,13,TOSCONES CORRALEJO,True
8484,GRUPO INTERBUS ALCOBENDAS,24,8.67419999999999,40.332,True,13,TOSCONES CORRALEJO,True
8485,GRUPO INTERBUS ALCOBENDAS,5,30.394,25.71,True,13,TOSCONES CORRALEJO,True
8486,GRUPO INTERBUS ALCOBENDAS,13,9.2383,57.599,False,13,TOSCONES CORRALEJO,True
8487,GRUPO INTERBUS ALCOBENDAS,33,10.225,94.151,False,13,TOSCONES CORRALEJO,True
8488,GRUPO INTERBUS ALCOBENDAS,33,30.042,25.081,False,13,TOSCONES CORRALEJO,True
8489,GRUPO INTERBUS ALCOBENDAS,24,11.918,52.936,True,13,TOSCONES CORRALEJO,True
8490,GRUPO INTERBUS ALCOBENDAS,13,8.0395,60.498,True,13,TOSCONES CORRALEJO,True
8491,GRUPO INTERBUS ALCOBENDAS,33,4.86,93.016,False,13,TOSCONES CORRALEJO,True
8492,GRUPO INTERBUS ALCOBENDAS,41,12.83499999999999,23.695,False,13,TOSCONES CORRALEJO,True
8493,GRUPO INTERBUS ALCOBENDAS,41,6.5585,48.651,True,13,TOSCONES CORRALEJO,True
8494,GRUPO INTERBUS ALCOBENDAS,13,27.5035,22.182,False,13,TOSCONES CORRALEJO,True
8495,GRUPO INTERBUS ALCOBENDAS,13,7.193200000000004,59.49,True,13,TOSCONES CORRALEJO,True
8496,GRUPO INTERBUS ALCOBENDAS,24,8.8152,55.205,True,13,TOSCONES CORRALEJO,True
8497,GRUPO INTERBUS ALCOBENDAS,16,13.61,27.854,False,13,TOSCONES CORRALEJO,True
8498,GRUPO INTERBUS ALCOBENDAS,33,31.241,68.943,False,13,TOSCONES CORRALEJO,True
8499,GRUPO INTERBUS ALCOBENDAS,16,9.238,59.742,False,13,TOSCONES CORRALEJO,True
8500,GRUPO INTERBUS ALCOBENDAS,13,33.85,54.7,True,13,TOSCONES CORRALEJO,True
8501,GRUPO INTERBUS ALCOBENDAS,41,7.6868,57.851,True,13,TOSCONES CORRALEJO,True
8502,GRUPO INTERBUS ALCOBENDAS,11,8.67419999999999,5.5457,True,13,TOSCONES CORRALEJO,True
8503,GRUPO INTERBUS ALCOBENDAS,24,9.873,52.936,True,13,TOSCONES CORRALEJO,True
8504,GRUPO INTERBUS ALCOBENDAS,41,11.35,37.433,False,13,TOSCONES CORRALEJO,True
8505,GRUPO INTERBUS ALCOBENDAS,13,27.57,84.194,False,13,TOSCONES CORRALEJO,True
8506,GRUPO INTERBUS ALCOBENDAS,5,36.812,46.634,False,13,TOSCONES CORRALEJO,True
8507,GRUPO INTERBUS ALCOBENDAS,13,7.96899999999999,44.491,True,13,TOSCONES CORRALEJO,True
8508,GRUPO INTERBUS ALCOBENDAS,77,8.0395,4.5374,False,13,TOSCONES CORRALEJO,True
8509,GRUPO INTERBUS ALCOBENDAS,5,9.5909,56.213,False,13,TOSCONES CORRALEJO,True
8510,GRUPO INTERBUS ALCOBENDAS,33,27.856,81.169,True,13,TOSCONES CORRALEJO,True
8511,GRUPO INTERBUS ALCOBENDAS,5,9.4499,93.268,False,13,TOSCONES CORRALEJO,True
8512,GRUPO INTERBUS ALCOBENDAS,33,6.84059999999999,55.583,True,13,TOSCONES CORRALEJO,True
8513,GRUPO INTERBUS ALCOBENDAS,13,31.311,77.64,True,13,TOSCONES CORRALEJO,True
8514,GRUPO INTERBUS ALCOBENDAS,16,10.014,43.987,True,13,TOSCONES CORRALEJO,True
8515,GRUPO INTERBUS ALCOBENDAS,33,7.5458,58.1,True,13,TOSCONES CORRALEJO,True
8516,GRUPO INTERBUS ALCOBENDAS,41,7.1932,59.994,False,13,TOSCONES CORRALEJO,True
8517,GRUPO INTERBUS ALCOBENDAS,41,10.366,55.205,True,13,TOSCONES CORRALEJO,True
8518,GRUPO INTERBUS ALCOBENDAS,5,30.67,17.015,False,13,TOSCONES CORRALEJO,True
8519,GRUPO INTERBUS ALCOBENDAS,24,5.7122,57.725,False,13,TOSCONES CORRALEJO,True
8520,GRUPO INTERBUS ALCOBENDAS,24,9.59099999999999,43.357,False,13,TOSCONES CORRALEJO,True
8521,GRUPO INTERBUS ALCOBENDAS,13,10.2257,48.777,True,13,TOSCONES CORRALEJO,True
8522,GRUPO INTERBUS ALCOBENDAS,24,7.1932,47.264,True,13,TOSCONES CORRALEJO,True
8523,GRUPO INTERBUS ALCOBENDAS,33,19.32,93.773,False,13,TOSCONES CORRALEJO,True
8524,GRUPO INTERBUS ALCOBENDAS,17,30.3949,72.724,False,13,TOSCONES CORRALEJO,True
8525,GRUPO INTERBUS ALCOBENDAS,13,22.99,42.979,False,13,TOSCONES CORRALEJO,True
8526,GRUPO INTERBUS ALCOBENDAS,17,9.3088,59.112,True,13,TOSCONES CORRALEJO,True
8527,GRUPO INTERBUS ALCOBENDAS,5,28.2793,15.376,False,13,TOSCONES CORRALEJO,True
8528,GRUPO INTERBUS ALCOBENDAS,17,12.55289999999999,7.3102,True,13,TOSCONES CORRALEJO,True
8529,GRUPO INTERBUS ALCOBENDAS,41,8.392,60.75,False,13,TOSCONES CORRALEJO,True
8530,GRUPO INTERBUS ALCOBENDAS,13,9.026,57.095,True,13,TOSCONES CORRALEJO,True
8531,GRUPO INTERBUS ALCOBENDAS,5,27.362,16.0,False,13,TOSCONES CORRALEJO,True
8532,TOSCONES CORRALEJO,11,11.142,56.465,False,13,GRUPO INTERBUS ALCOBENDAS,False
8533,TOSCONES CORRALEJO,6,6.77,94.655,False,13,GRUPO INTERBUS ALCOBENDAS,False
8534,TOSCONES CORRALEJO,17,16.57259999999999,57.725,False,13,GRUPO INTERBUS ALCOBENDAS,False
8535,TOSCONES CORRALEJO,10,33.074,62.515,False,13,GRUPO INTERBUS ALCOBENDAS,False
8536,TOSCONES CORRALEJO,7,20.874,27.98,False,13,GRUPO INTERBUS ALCOBENDAS,False
8537,TOSCONES CORRALEJO,17,23.977,33.148,False,13,GRUPO INTERBUS ALCOBENDAS,False
8538,TOSCONES CORRALEJO,30,8.8152,55.079,False,13,GRUPO INTERBUS ALCOBENDAS,False
8539,TOSCONES CORRALEJO,17,34.273,32.1,False,13,GRUPO INTERBUS ALCOBENDAS,False
8540,TOSCONES CORRALEJO,8,8.67419999999999,43.231,True,13,GRUPO INTERBUS ALCOBENDAS,False
8541,TOSCONES CORRALEJO,17,30.818,44.995,True,13,GRUPO INTERBUS ALCOBENDAS,False
8542,TOSCONES CORRALEJO,8,32.8632,37.811,True,13,GRUPO INTERBUS ALCOBENDAS,False
8543,TOSCONES CORRALEJO,9,21.368,70.455,False,13,GRUPO INTERBUS ALCOBENDAS,False
8544,TOSCONES CORRALEJO,8,32.863,50.919,False,13,GRUPO INTERBUS ALCOBENDAS,False
8545,TOSCONES CORRALEJO,10,9.9436,50.289,True,13,GRUPO INTERBUS ALCOBENDAS,False
8546,TOSCONES CORRALEJO,9,25.246,51.67,False,13,GRUPO INTERBUS ALCOBENDAS,False
8547,TOSCONES CORRALEJO,9,13.258,49.155,False,13,GRUPO INTERBUS ALCOBENDAS,False
8548,TOSCONES CORRALEJO,9,7.40479999999999,95.159,False,13,GRUPO INTERBUS ALCOBENDAS,False
8549,TOSCONES CORRALEJO,7,7.4753,61.12,True,13,GRUPO INTERBUS ALCOBENDAS,False
8550,TOSCONES CORRALEJO,30,30.042,75.875,True,13,GRUPO INTERBUS ALCOBENDAS,False
8551,TOSCONES CORRALEJO,10,5.148,43.861,False,13,GRUPO INTERBUS ALCOBENDAS,False
8552,TOSCONES CORRALEJO,7,12.83499999999999,41.718,False,13,GRUPO INTERBUS ALCOBENDAS,False
8553,TOSCONES CORRALEJO,17,26.9393,88.857,True,13,GRUPO INTERBUS ALCOBENDAS,False
8554,TOSCONES CORRALEJO,17,10.084,56.087,True,13,GRUPO INTERBUS ALCOBENDAS,False
8555,TOSCONES CORRALEJO,8,7.61639999999999,55.961,True,13,GRUPO INTERBUS ALCOBENDAS,False
8556,TOSCONES CORRALEJO,17,8.3216,49.407,True,13,GRUPO INTERBUS ALCOBENDAS,False
8557,TOSCONES CORRALEJO,17,8.392,57.221,False,13,GRUPO INTERBUS ALCOBENDAS,False
8558,TOSCONES CORRALEJO,17,12.129,45.752,True,13,GRUPO INTERBUS ALCOBENDAS,False
8559,TOSCONES CORRALEJO,10,29.407,21.552,True,13,GRUPO INTERBUS ALCOBENDAS,False
8560,TOSCONES CORRALEJO,9,16.784,44.113,False,13,GRUPO INTERBUS ALCOBENDAS,False
8561,TOSCONES CORRALEJO,30,11.21,43.735,True,13,GRUPO INTERBUS ALCOBENDAS,False
8562,TOSCONES CORRALEJO,7,8.9562,58.356,True,13,GRUPO INTERBUS ALCOBENDAS,False
8563,TOSCONES CORRALEJO,17,11.001,38.8,False,13,GRUPO INTERBUS ALCOBENDAS,False
8564,TOSCONES CORRALEJO,8,16.57259999999999,57.725,False,13,GRUPO INTERBUS ALCOBENDAS,False
8565,TOSCONES CORRALEJO,7,11.071,51.67,True,13,GRUPO INTERBUS ALCOBENDAS,False
8566,TOSCONES CORRALEJO,15,29.9013,79.782,False,13,GRUPO INTERBUS ALCOBENDAS,False
8567,TOSCONES CORRALEJO,30,12.9055,74.867,False,13,GRUPO INTERBUS ALCOBENDAS,False
8568,TOSCONES CORRALEJO,7,24.612,28.484,True,13,GRUPO INTERBUS ALCOBENDAS,False
8569,TOSCONES CORRALEJO,17,9.026,45.626,True,13,GRUPO INTERBUS ALCOBENDAS,False
8570,TOSCONES CORRALEJO,9,25.6,14.368,False,13,GRUPO INTERBUS ALCOBENDAS,False
8571,TOSCONES CORRALEJO,10,25.52889999999999,10.209,False,13,GRUPO INTERBUS ALCOBENDAS,False
8572,TOSCONES CORRALEJO,7,28.42,19.157,False,13,GRUPO INTERBUS ALCOBENDAS,False
8573,TOSCONES CORRALEJO,15,10.366,45.626,True,13,GRUPO INTERBUS ALCOBENDAS,False
8574,TOSCONES CORRALEJO,17,11.35,39.954,True,13,GRUPO INTERBUS ALCOBENDAS,False
8575,TOSCONES CORRALEJO,8,10.86,52.18,True,13,GRUPO INTERBUS ALCOBENDAS,False
8576,TOSCONES CORRALEJO,8,9.8025,4.7894,False,13,GRUPO INTERBUS ALCOBENDAS,False
8577,TOSCONES CORRALEJO,8,9.026,4.2853,True,13,GRUPO INTERBUS ALCOBENDAS,False
8578,TOSCONES CORRALEJO,10,30.888,26.216,False,13,GRUPO INTERBUS ALCOBENDAS,False
8579,TOSCONES CORRALEJO,11,28.067,84.95,True,13,GRUPO INTERBUS ALCOBENDAS,False
8580,TOSCONES CORRALEJO,17,10.648,39.576,True,13,GRUPO INTERBUS ALCOBENDAS,False
8581,TOSCONES CORRALEJO,7,24.5416,29.619,False,13,GRUPO INTERBUS ALCOBENDAS,False
8582,TOSCONES CORRALEJO,10,26.6573,13.108,False,13,GRUPO INTERBUS ALCOBENDAS,False
8583,TOSCONES CORRALEJO,17,10.084,58.23,True,13,GRUPO INTERBUS ALCOBENDAS,False
8584,TOSCONES CORRALEJO,8,9.238,57.347,False,13,GRUPO INTERBUS ALCOBENDAS,False
8585,TOSCONES CORRALEJO,17,23.201,48.52,False,13,GRUPO INTERBUS ALCOBENDAS,False
8586,TOSCONES CORRALEJO,30,13.328,37.307,False,13,GRUPO INTERBUS ALCOBENDAS,False
8587,TOSCONES CORRALEJO,9,8.25109999999999,58.608,True,13,GRUPO INTERBUS ALCOBENDAS,False
8588,TOSCONES CORRALEJO,10,10.578,95.159,True,13,GRUPO INTERBUS ALCOBENDAS,False
8589,TOSCONES CORRALEJO,11,10.437,52.18,False,13,GRUPO INTERBUS ALCOBENDAS,False
8590,TOSCONES CORRALEJO,6,27.9972,15.124,False,13,GRUPO INTERBUS ALCOBENDAS,False
8591,TOSCONES CORRALEJO,6,10.014,54.82,True,13,GRUPO INTERBUS ALCOBENDAS,False
8592,TOSCONES CORRALEJO,8,8.67419999999999,46.76,True,13,GRUPO INTERBUS ALCOBENDAS,False
8593,TOSCONES CORRALEJO,17,11.636,58.608,True,13,GRUPO INTERBUS ALCOBENDAS,False
8594,TOSCONES CORRALEJO,8,12.55289999999999,91.882,False,13,GRUPO INTERBUS ALCOBENDAS,False
8595,TOSCONES CORRALEJO,6,7.33429999999999,91.252,False,13,GRUPO INTERBUS ALCOBENDAS,False
8596,TOSCONES CORRALEJO,8,32.228,23.569,False,13,GRUPO INTERBUS ALCOBENDAS,False
8597,TOSCONES CORRALEJO,17,5.641,54.7,False,13,GRUPO INTERBUS ALCOBENDAS,False
8598,TOSCONES CORRALEJO,9,11.98869999999999,57.97,False,13,GRUPO INTERBUS ALCOBENDAS,False
8599,TOSCONES CORRALEJO,6,27.433,78.648,False,13,GRUPO INTERBUS ALCOBENDAS,False
8600,NÁUTICO TENERIFE,13,7.6022,65.905,False,13,FUNDACION GLOBALCAJA LA RODA,True
8601,NÁUTICO TENERIFE,23,8.526,46.924,True,13,FUNDACION GLOBALCAJA LA RODA,True
8602,NÁUTICO TENERIFE,42,6.086,50.94,True,13,FUNDACION GLOBALCAJA LA RODA,True
8603,NÁUTICO TENERIFE,23,7.82089999999999,91.214,True,13,FUNDACION GLOBALCAJA LA RODA,True
8604,NÁUTICO TENERIFE,5,23.66,50.08,True,13,FUNDACION GLOBALCAJA LA RODA,True
8605,NÁUTICO TENERIFE,42,8.6953,52.583,True,13,FUNDACION GLOBALCAJA LA RODA,True
8606,NÁUTICO TENERIFE,5,16.833,62.427,False,13,FUNDACION GLOBALCAJA LA RODA,True
8607,NÁUTICO TENERIFE,10,8.335,53.604,True,13,FUNDACION GLOBALCAJA LA RODA,True
8608,NÁUTICO TENERIFE,13,11.572,52.709,False,13,FUNDACION GLOBALCAJA LA RODA,True
8609,NÁUTICO TENERIFE,42,13.328,50.655,False,13,FUNDACION GLOBALCAJA LA RODA,True
8610,NÁUTICO TENERIFE,7,33.131,53.276,False,13,FUNDACION GLOBALCAJA LA RODA,True
8611,NÁUTICO TENERIFE,13,24.062,28.976,True,13,FUNDACION GLOBALCAJA LA RODA,True
8612,NÁUTICO TENERIFE,5,7.4753,52.066,False,13,FUNDACION GLOBALCAJA LA RODA,True
8613,NÁUTICO TENERIFE,7,30.521,26.039,True,13,FUNDACION GLOBALCAJA LA RODA,True
8614,NÁUTICO TENERIFE,20,33.547,32.442,False,13,FUNDACION GLOBALCAJA LA RODA,True
8615,NÁUTICO TENERIFE,42,9.9153,53.36,False,13,FUNDACION GLOBALCAJA LA RODA,True
8616,NÁUTICO TENERIFE,13,33.018,66.498,True,13,FUNDACION GLOBALCAJA LA RODA,True
8617,NÁUTICO TENERIFE,23,34.0057,47.088,True,13,FUNDACION GLOBALCAJA LA RODA,True
8618,NÁUTICO TENERIFE,39,6.5655,47.214,True,13,FUNDACION GLOBALCAJA LA RODA,True
8619,NÁUTICO TENERIFE,39,11.6008,54.978,False,13,FUNDACION GLOBALCAJA LA RODA,True
8620,NÁUTICO TENERIFE,5,9.6897,50.88,True,13,FUNDACION GLOBALCAJA LA RODA,True
8621,NÁUTICO TENERIFE,5,27.05929999999999,51.159,True,13,FUNDACION GLOBALCAJA LA RODA,True
8622,NÁUTICO TENERIFE,13,31.882,79.732,False,13,FUNDACION GLOBALCAJA LA RODA,True
8623,NÁUTICO TENERIFE,42,12.9055,52.898,False,13,FUNDACION GLOBALCAJA LA RODA,True
8624,NÁUTICO TENERIFE,42,9.40059999999999,53.982,False,13,FUNDACION GLOBALCAJA LA RODA,True
8625,NÁUTICO TENERIFE,23,34.3229999999999,33.513,False,13,FUNDACION GLOBALCAJA LA RODA,True
8626,NÁUTICO TENERIFE,12,6.4668,54.902,True,13,FUNDACION GLOBALCAJA LA RODA,True
8627,NÁUTICO TENERIFE,5,7.46829999999999,54.108,True,13,FUNDACION GLOBALCAJA LA RODA,True
8628,NÁUTICO TENERIFE,5,16.875,21.25,False,13,FUNDACION GLOBALCAJA LA RODA,True
8629,NÁUTICO TENERIFE,42,8.18049999999999,41.265,False,13,FUNDACION GLOBALCAJA LA RODA,True
8630,NÁUTICO TENERIFE,5,29.485,24.565,False,13,FUNDACION GLOBALCAJA LA RODA,True
8631,NÁUTICO TENERIFE,10,33.236,21.351,False,13,FUNDACION GLOBALCAJA LA RODA,True
8632,NÁUTICO TENERIFE,23,12.045,54.461,False,13,FUNDACION GLOBALCAJA LA RODA,True
8633,NÁUTICO TENERIFE,13,8.9774,60.662,False,13,FUNDACION GLOBALCAJA LA RODA,True
8634,NÁUTICO TENERIFE,42,9.54869999999999,53.07,True,13,FUNDACION GLOBALCAJA LA RODA,True
8635,NÁUTICO TENERIFE,23,6.9675,52.381,True,13,FUNDACION GLOBALCAJA LA RODA,True
8636,NÁUTICO TENERIFE,42,9.29479999999999,52.28,True,13,FUNDACION GLOBALCAJA LA RODA,True
8637,NÁUTICO TENERIFE,18,20.239,7.0707,False,13,FUNDACION GLOBALCAJA LA RODA,True
8638,NÁUTICO TENERIFE,5,15.4937,76.203,False,13,FUNDACION GLOBALCAJA LA RODA,True
8639,NÁUTICO TENERIFE,5,9.57689999999999,6.843,False,13,FUNDACION GLOBALCAJA LA RODA,True
8640,NÁUTICO TENERIFE,5,9.6262,51.247,False,13,FUNDACION GLOBALCAJA LA RODA,True
8641,NÁUTICO TENERIFE,12,4.9859,47.403,True,13,FUNDACION GLOBALCAJA LA RODA,True
8642,NÁUTICO TENERIFE,13,10.719,51.524,False,13,FUNDACION GLOBALCAJA LA RODA,True
8643,NÁUTICO TENERIFE,13,9.32999999999999,51.058,False,13,FUNDACION GLOBALCAJA LA RODA,True
8644,NÁUTICO TENERIFE,23,30.592,23.203,False,13,FUNDACION GLOBALCAJA LA RODA,True
8645,NÁUTICO TENERIFE,42,9.4993,51.902,True,13,FUNDACION GLOBALCAJA LA RODA,True
8646,NÁUTICO TENERIFE,5,21.0014,48.751,True,13,FUNDACION GLOBALCAJA LA RODA,True
8647,NÁUTICO TENERIFE,39,8.3568,48.298,False,13,FUNDACION GLOBALCAJA LA RODA,True
8648,NÁUTICO TENERIFE,23,7.1439,6.0624,False,13,FUNDACION GLOBALCAJA LA RODA,True
8649,NÁUTICO TENERIFE,5,8.4485,25.888,True,13,FUNDACION GLOBALCAJA LA RODA,True
8650,NÁUTICO TENERIFE,20,21.9958,90.08,False,13,FUNDACION GLOBALCAJA LA RODA,True
8651,NÁUTICO TENERIFE,5,10.458,48.197,True,13,FUNDACION GLOBALCAJA LA RODA,True
8652,NÁUTICO TENERIFE,39,8.8927,40.21,False,13,FUNDACION GLOBALCAJA LA RODA,True
8653,NÁUTICO TENERIFE,5,6.54439999999999,48.802,True,13,FUNDACION GLOBALCAJA LA RODA,True
8654,NÁUTICO TENERIFE,18,9.32299999999999,55.053,False,13,FUNDACION GLOBALCAJA LA RODA,True
8655,NÁUTICO TENERIFE,5,19.717,31.522,False,13,FUNDACION GLOBALCAJA LA RODA,True
8656,NÁUTICO TENERIFE,23,12.743,44.151,False,13,FUNDACION GLOBALCAJA LA RODA,True
8657,NÁUTICO TENERIFE,42,11.918,43.193,False,13,FUNDACION GLOBALCAJA LA RODA,True
8658,NÁUTICO TENERIFE,42,7.61639999999999,40.723,False,13,FUNDACION GLOBALCAJA LA RODA,True
8659,NÁUTICO TENERIFE,42,3.6318,54.612,True,13,FUNDACION GLOBALCAJA LA RODA,True
8660,NÁUTICO TENERIFE,20,9.153,52.23,True,13,FUNDACION GLOBALCAJA LA RODA,True
8661,NÁUTICO TENERIFE,18,7.517,44.101,False,13,FUNDACION GLOBALCAJA LA RODA,True
8662,NÁUTICO TENERIFE,39,6.5515,51.978,True,13,FUNDACION GLOBALCAJA LA RODA,True
8663,NÁUTICO TENERIFE,39,7.95489999999999,48.94,True,13,FUNDACION GLOBALCAJA LA RODA,True
8664,NÁUTICO TENERIFE,18,30.7617,25.472,True,13,FUNDACION GLOBALCAJA LA RODA,True
8665,NÁUTICO TENERIFE,5,30.923,33.85,False,13,FUNDACION GLOBALCAJA LA RODA,True
8666,NÁUTICO TENERIFE,5,13.413,63.876,True,13,FUNDACION GLOBALCAJA LA RODA,True
8667,NÁUTICO TENERIFE,13,33.328,72.54,False,13,FUNDACION GLOBALCAJA LA RODA,True
8668,NÁUTICO TENERIFE,5,9.894,48.033,True,13,FUNDACION GLOBALCAJA LA RODA,True
8669,NÁUTICO TENERIFE,5,6.2059,48.676,True,13,FUNDACION GLOBALCAJA LA RODA,True
8670,NÁUTICO TENERIFE,5,9.6615,50.592,True,13,FUNDACION GLOBALCAJA LA RODA,True
8671,NÁUTICO TENERIFE,42,3.998,56.238,True,13,FUNDACION GLOBALCAJA LA RODA,True
8672,NÁUTICO TENERIFE,13,17.87,55.948,False,13,FUNDACION GLOBALCAJA LA RODA,True
8673,NÁUTICO TENERIFE,13,36.35,58.696,True,13,FUNDACION GLOBALCAJA LA RODA,True
8674,FUNDACION GLOBALCAJA LA RODA,9,22.9196,12.956,False,13,NÁUTICO TENERIFE,False
8675,FUNDACION GLOBALCAJA LA RODA,2,8.335,46.558,False,13,NÁUTICO TENERIFE,False
8676,FUNDACION GLOBALCAJA LA RODA,4,5.5853,50.957,True,13,NÁUTICO TENERIFE,False
8677,FUNDACION GLOBALCAJA LA RODA,4,10.211,50.113,False,13,NÁUTICO TENERIFE,False
8678,FUNDACION GLOBALCAJA LA RODA,9,34.153,61.658,False,13,NÁUTICO TENERIFE,False
8679,FUNDACION GLOBALCAJA LA RODA,4,10.32439999999999,55.784,True,13,NÁUTICO TENERIFE,False
8680,FUNDACION GLOBALCAJA LA RODA,0,9.661,49.835,False,13,NÁUTICO TENERIFE,False
8681,FUNDACION GLOBALCAJA LA RODA,0,9.6403,61.872,False,13,NÁUTICO TENERIFE,False
8682,FUNDACION GLOBALCAJA LA RODA,3,33.18,81.32,False,13,NÁUTICO TENERIFE,False
8683,FUNDACION GLOBALCAJA LA RODA,3,13.173,47.806,False,13,NÁUTICO TENERIFE,False
8684,FUNDACION GLOBALCAJA LA RODA,6,31.784,79.99,False,13,NÁUTICO TENERIFE,False
8685,FUNDACION GLOBALCAJA LA RODA,13,7.64459999999999,52.646,True,13,NÁUTICO TENERIFE,False
8686,FUNDACION GLOBALCAJA LA RODA,10,35.95,63.7,False,13,NÁUTICO TENERIFE,False
8687,FUNDACION GLOBALCAJA LA RODA,4,33.892,24.93,False,13,NÁUTICO TENERIFE,False
8688,FUNDACION GLOBALCAJA LA RODA,4,7.6727,49.06,False,13,NÁUTICO TENERIFE,False
8689,FUNDACION GLOBALCAJA LA RODA,9,29.887,82.379,True,13,NÁUTICO TENERIFE,False
8690,FUNDACION GLOBALCAJA LA RODA,25,6.3963,53.07,True,13,NÁUTICO TENERIFE,False
8691,FUNDACION GLOBALCAJA LA RODA,3,19.16079999999999,7.0456,True,13,NÁUTICO TENERIFE,False
8692,FUNDACION GLOBALCAJA LA RODA,4,5.42319999999999,52.974,False,13,NÁUTICO TENERIFE,False
8693,FUNDACION GLOBALCAJA LA RODA,9,14.548,44.958,True,13,NÁUTICO TENERIFE,False
8694,FUNDACION GLOBALCAJA LA RODA,10,6.76309999999999,52.722,True,13,NÁUTICO TENERIFE,False
8695,FUNDACION GLOBALCAJA LA RODA,20,6.7559,45.928,True,13,NÁUTICO TENERIFE,False
8696,FUNDACION GLOBALCAJA LA RODA,9,7.7,46.344,False,13,NÁUTICO TENERIFE,False
8697,FUNDACION GLOBALCAJA LA RODA,20,30.324,21.388,False,13,NÁUTICO TENERIFE,False
8698,FUNDACION GLOBALCAJA LA RODA,25,7.6727,53.743,True,13,NÁUTICO TENERIFE,False
8699,FUNDACION GLOBALCAJA LA RODA,20,6.94639999999999,46.785,False,13,NÁUTICO TENERIFE,False
8700,FUNDACION GLOBALCAJA LA RODA,4,10.31029999999999,45.6,False,13,NÁUTICO TENERIFE,False
8701,FUNDACION GLOBALCAJA LA RODA,4,8.5895,50.327,True,13,NÁUTICO TENERIFE,False
8702,FUNDACION GLOBALCAJA LA RODA,2,28.702,23.733,True,13,NÁUTICO TENERIFE,False
8703,FUNDACION GLOBALCAJA LA RODA,10,12.99009999999999,95.436,False,13,NÁUTICO TENERIFE,False
8704,FUNDACION GLOBALCAJA LA RODA,6,9.936,97.012,False,13,NÁUTICO TENERIFE,False
8705,FUNDACION GLOBALCAJA LA RODA,10,11.12829999999999,41.996,True,13,NÁUTICO TENERIFE,False
8706,FUNDACION GLOBALCAJA LA RODA,4,8.392,51.398,True,13,NÁUTICO TENERIFE,False
8707,FUNDACION GLOBALCAJA LA RODA,25,7.9901,44.32,True,13,NÁUTICO TENERIFE,False
8708,FUNDACION GLOBALCAJA LA RODA,9,8.808,49.268,True,13,NÁUTICO TENERIFE,False
8709,FUNDACION GLOBALCAJA LA RODA,10,7.1439,52.734,True,13,NÁUTICO TENERIFE,False
8710,FUNDACION GLOBALCAJA LA RODA,10,9.936,97.012,True,13,NÁUTICO TENERIFE,False
8711,FUNDACION GLOBALCAJA LA RODA,3,36.05,53.667,False,13,NÁUTICO TENERIFE,False
8712,FUNDACION GLOBALCAJA LA RODA,25,8.519,50.327,True,13,NÁUTICO TENERIFE,False
8713,FUNDACION GLOBALCAJA LA RODA,4,8.4837,50.365,False,13,NÁUTICO TENERIFE,False
8714,FUNDACION GLOBALCAJA LA RODA,9,12.0451,49.293,False,13,NÁUTICO TENERIFE,False
8715,FUNDACION GLOBALCAJA LA RODA,9,25.15519999999999,92.966,True,13,NÁUTICO TENERIFE,False
8716,FUNDACION GLOBALCAJA LA RODA,0,12.256,55.066,False,13,NÁUTICO TENERIFE,False
8717,FUNDACION GLOBALCAJA LA RODA,4,8.7164,0.8318,False,13,NÁUTICO TENERIFE,False
8718,FUNDACION GLOBALCAJA LA RODA,2,25.7193,85.996,True,13,NÁUTICO TENERIFE,False
8719,FUNDACION GLOBALCAJA LA RODA,3,7.5811,5.4701,False,13,NÁUTICO TENERIFE,False
8720,FUNDACION GLOBALCAJA LA RODA,0,31.368,18.111,False,13,NÁUTICO TENERIFE,False
8721,FUNDACION GLOBALCAJA LA RODA,9,6.473,52.898,True,13,NÁUTICO TENERIFE,False
8722,FUNDACION GLOBALCAJA LA RODA,3,8.2933,97.604,False,13,NÁUTICO TENERIFE,False
8723,FUNDACION GLOBALCAJA LA RODA,10,10.655,46.142,False,13,NÁUTICO TENERIFE,False
8724,FUNDACION GLOBALCAJA LA RODA,9,9.4005,96.974,True,13,NÁUTICO TENERIFE,False
8725,FUNDACION GLOBALCAJA LA RODA,4,27.482,91.088,True,13,NÁUTICO TENERIFE,False
8726,FUNDACION GLOBALCAJA LA RODA,3,8.2651,49.608,True,13,NÁUTICO TENERIFE,False
8727,FUNDACION GLOBALCAJA LA RODA,25,8.3498,63.12,False,13,NÁUTICO TENERIFE,False
8728,FUNDACION GLOBALCAJA LA RODA,4,5.458399999999997,52.142,True,13,NÁUTICO TENERIFE,False
8729,FUNDACION GLOBALCAJA LA RODA,25,7.4401,57.486,True,13,NÁUTICO TENERIFE,False
8730,FUNDACION GLOBALCAJA LA RODA,4,7.6233,51.449,True,13,NÁUTICO TENERIFE,False
8731,FUNDACION GLOBALCAJA LA RODA,25,5.8392,51.348,True,13,NÁUTICO TENERIFE,False
8732,FUNDACION GLOBALCAJA LA RODA,2,28.568,16.662,False,13,NÁUTICO TENERIFE,False
8733,FUNDACION GLOBALCAJA LA RODA,9,31.255,78.257,False,13,NÁUTICO TENERIFE,False
8734,FUNDACION GLOBALCAJA LA RODA,9,7.172,94.176,True,13,NÁUTICO TENERIFE,False
8735,FUNDACION GLOBALCAJA LA RODA,2,30.768,79.492,True,13,NÁUTICO TENERIFE,False
8736,FUNDACION GLOBALCAJA LA RODA,0,8.3074,49.495,True,13,NÁUTICO TENERIFE,False
8737,FUNDACION GLOBALCAJA LA RODA,4,7.8984,51.638,False,13,NÁUTICO TENERIFE,False
8738,FUNDACION GLOBALCAJA LA RODA,2,10.754,48.121,False,13,NÁUTICO TENERIFE,False
8739,FUNDACION GLOBALCAJA LA RODA,0,31.911,19.372,False,13,NÁUTICO TENERIFE,False
8740,FUNDACION GLOBALCAJA LA RODA,13,27.094,20.002,True,13,NÁUTICO TENERIFE,False
8741,CB LA MATANZA,7,1.6925,41.214,True,14,TOSCONES CORRALEJO,True
8742,CB LA MATANZA,23,49.647,48.777,False,14,TOSCONES CORRALEJO,True
8743,CB LA MATANZA,21,28.631,13.36,False,14,TOSCONES CORRALEJO,True
8744,CB LA MATANZA,10,34.344,27.854,True,14,TOSCONES CORRALEJO,True
8745,CB LA MATANZA,11,17.066,4.4113,False,14,TOSCONES CORRALEJO,True
8746,CB LA MATANZA,11,5.2186,95.411,False,14,TOSCONES CORRALEJO,True
8747,CB LA MATANZA,23,29.05,80.79,False,14,TOSCONES CORRALEJO,True
8748,CB LA MATANZA,7,6.84059999999999,71.59,False,14,TOSCONES CORRALEJO,True
8749,CB LA MATANZA,0,5.923,51.802,True,14,TOSCONES CORRALEJO,True
8750,CB LA MATANZA,14,29.76,74.741,False,14,TOSCONES CORRALEJO,True
8751,CB LA MATANZA,72,6.27639999999999,54.95,True,14,TOSCONES CORRALEJO,True
8752,CB LA MATANZA,23,10.084,95.663,True,14,TOSCONES CORRALEJO,True
8753,CB LA MATANZA,11,4.4428,4.9155,False,14,TOSCONES CORRALEJO,True
8754,CB LA MATANZA,10,18.97,98.436,False,14,TOSCONES CORRALEJO,True
8755,CB LA MATANZA,0,2.5387,47.264,False,14,TOSCONES CORRALEJO,True
8756,CB LA MATANZA,72,7.05219999999999,48.52,False,14,TOSCONES CORRALEJO,True
8757,CB LA MATANZA,0,6.629,95.159,False,14,TOSCONES CORRALEJO,True
8758,CB LA MATANZA,0,4.0902,53.566,True,14,TOSCONES CORRALEJO,True
8759,CB LA MATANZA,3,29.407,17.519,False,14,TOSCONES CORRALEJO,True
8760,CB LA MATANZA,23,5.923,54.574,True,14,TOSCONES CORRALEJO,True
8761,CB LA MATANZA,11,15.796,6.3019,False,14,TOSCONES CORRALEJO,True
8762,CB LA MATANZA,11,3.8081,49.533,False,14,TOSCONES CORRALEJO,True
8763,CB LA MATANZA,21,4.231300000000004,46.256,False,14,TOSCONES CORRALEJO,True
8764,CB LA MATANZA,21,6.9111,49.281,True,14,TOSCONES CORRALEJO,True
8765,CB LA MATANZA,11,6.4175,94.529,True,14,TOSCONES CORRALEJO,True
8766,CB LA MATANZA,23,32.933,27.35,False,14,TOSCONES CORRALEJO,True
8767,CB LA MATANZA,11,6.629,56.465,True,14,TOSCONES CORRALEJO,True
8768,CB LA MATANZA,11,11.071,6.1759,False,14,TOSCONES CORRALEJO,True
8769,CB LA MATANZA,23,10.789,74.11,False,14,TOSCONES CORRALEJO,True
8770,CB LA MATANZA,7,4.7954,47.264,True,14,TOSCONES CORRALEJO,True
8771,CB LA MATANZA,7,25.6,13.738,True,14,TOSCONES CORRALEJO,True
8772,CB LA MATANZA,3,22.42,89.613,False,14,TOSCONES CORRALEJO,True
8773,CB LA MATANZA,0,5.21859999999999,49.281,True,14,TOSCONES CORRALEJO,True
8774,CB LA MATANZA,7,0.211600000000004,52.432,False,14,TOSCONES CORRALEJO,True
8775,CB LA MATANZA,7,5.3596,50.289,True,14,TOSCONES CORRALEJO,True
8776,CB LA MATANZA,11,24.18,13.738,False,14,TOSCONES CORRALEJO,True
8777,CB LA MATANZA,10,6.3469,45.752,False,14,TOSCONES CORRALEJO,True
8778,CB LA MATANZA,3,9.449,6.9321,True,14,TOSCONES CORRALEJO,True
8779,CB LA MATANZA,23,7.12269999999999,20.922,True,14,TOSCONES CORRALEJO,True
8780,CB LA MATANZA,23,22.0733,50.793,False,14,TOSCONES CORRALEJO,True
8781,CB LA MATANZA,0,6.55849999999999,53.188,True,14,TOSCONES CORRALEJO,True
8782,CB LA MATANZA,7,40.126,9.4529,False,14,TOSCONES CORRALEJO,True
8783,CB LA MATANZA,72,5.50069999999999,53.314,True,14,TOSCONES CORRALEJO,True
8784,CB LA MATANZA,23,5.5712,56.213,False,14,TOSCONES CORRALEJO,True
8785,CB LA MATANZA,10,1.6925,41.214,False,14,TOSCONES CORRALEJO,True
8786,CB LA MATANZA,23,3.0324,62.137,False,14,TOSCONES CORRALEJO,True
8787,CB LA MATANZA,23,2.6798,46.886,False,14,TOSCONES CORRALEJO,True
8788,CB LA MATANZA,0,3.878,45.878,True,14,TOSCONES CORRALEJO,True
8789,CB LA MATANZA,23,6.8406,54.574,False,14,TOSCONES CORRALEJO,True
8790,CB LA MATANZA,6,31.45269999999999,51.171,False,14,TOSCONES CORRALEJO,True
8791,CB LA MATANZA,14,27.785,81.043,True,14,TOSCONES CORRALEJO,True
8792,CB LA MATANZA,11,17.41889999999999,90.496,True,14,TOSCONES CORRALEJO,True
8793,CB LA MATANZA,11,5.8533,92.008,True,14,TOSCONES CORRALEJO,True
8794,CB LA MATANZA,23,8.3216,26.342,True,14,TOSCONES CORRALEJO,True
8795,CB LA MATANZA,23,29.196,80.412,False,14,TOSCONES CORRALEJO,True
8796,CB LA MATANZA,72,7.5458,46.382,True,14,TOSCONES CORRALEJO,True
8797,CB LA MATANZA,23,31.311,27.35,True,14,TOSCONES CORRALEJO,True
8798,CB LA MATANZA,7,6.1354,49.281,True,14,TOSCONES CORRALEJO,True
8799,CB LA MATANZA,7,25.3173,14.746,False,14,TOSCONES CORRALEJO,True
8800,CB LA MATANZA,3,14.2454,25.459,False,14,TOSCONES CORRALEJO,True
8801,CB LA MATANZA,11,35.895,47.012,False,14,TOSCONES CORRALEJO,True
8802,CB LA MATANZA,6,8.25109999999999,54.7,True,14,TOSCONES CORRALEJO,True
8803,CB LA MATANZA,7,7.61639999999999,51.045,False,14,TOSCONES CORRALEJO,True
8804,TOSCONES CORRALEJO,30,33.638,54.95,True,14,CB LA MATANZA,False
8805,TOSCONES CORRALEJO,34,6.77,50.163,True,14,CB LA MATANZA,False
8806,TOSCONES CORRALEJO,17,6.62909999999999,52.054,True,14,CB LA MATANZA,False
8807,TOSCONES CORRALEJO,9,14.245,38.063,True,14,CB LA MATANZA,False
8808,TOSCONES CORRALEJO,9,28.984,24.451,False,14,CB LA MATANZA,False
8809,TOSCONES CORRALEJO,9,6.55849999999999,44.743,True,14,CB LA MATANZA,False
8810,TOSCONES CORRALEJO,9,4.231300000000004,49.659,True,14,CB LA MATANZA,False
8811,TOSCONES CORRALEJO,30,26.375,49.785,True,14,CB LA MATANZA,False
8812,TOSCONES CORRALEJO,9,15.162,41.592,False,14,CB LA MATANZA,False
8813,TOSCONES CORRALEJO,9,11.70659999999999,48.52,False,14,CB LA MATANZA,False
8814,TOSCONES CORRALEJO,8,21.861,34.408,False,14,CB LA MATANZA,False
8815,TOSCONES CORRALEJO,34,7.193200000000004,48.39,True,14,CB LA MATANZA,False
8816,TOSCONES CORRALEJO,15,3.878,76.883,False,14,CB LA MATANZA,False
8817,TOSCONES CORRALEJO,34,5.00709999999999,48.777,True,14,CB LA MATANZA,False
8818,TOSCONES CORRALEJO,8,30.959,18.905,False,14,CB LA MATANZA,False
8819,TOSCONES CORRALEJO,10,6.488,53.062,True,14,CB LA MATANZA,False
8820,TOSCONES CORRALEJO,34,33.0747,47.768,False,14,CB LA MATANZA,False
8821,TOSCONES CORRALEJO,34,27.009,22.43,False,14,CB LA MATANZA,False
8822,TOSCONES CORRALEJO,8,4.5134,47.516,True,14,CB LA MATANZA,False
8823,TOSCONES CORRALEJO,17,9.0973,92.764,False,14,CB LA MATANZA,False
8824,TOSCONES CORRALEJO,10,34.978,54.196,False,14,CB LA MATANZA,False
8825,TOSCONES CORRALEJO,7,22.919,9.705,False,14,CB LA MATANZA,False
8826,TOSCONES CORRALEJO,17,30.465,28.232,False,14,CB LA MATANZA,False
8827,TOSCONES CORRALEJO,9,3.878,49.281,True,14,CB LA MATANZA,False
8828,TOSCONES CORRALEJO,9,4.5839,50.793,False,14,CB LA MATANZA,False
8829,TOSCONES CORRALEJO,30,23.201,12.477,False,14,CB LA MATANZA,False
8830,TOSCONES CORRALEJO,10,4.0902,48.02,False,14,CB LA MATANZA,False
8831,TOSCONES CORRALEJO,17,8.392,49.407,True,14,CB LA MATANZA,False
8832,TOSCONES CORRALEJO,7,12.1298,49.029,True,14,CB LA MATANZA,False
8833,TOSCONES CORRALEJO,11,6.77009999999999,4.1592,False,14,CB LA MATANZA,False
8834,TOSCONES CORRALEJO,17,36.248,19.914,True,14,CB LA MATANZA,False
8835,TOSCONES CORRALEJO,17,5.43019999999999,93.52,False,14,CB LA MATANZA,False
8836,TOSCONES CORRALEJO,30,5.3596,52.558,True,14,CB LA MATANZA,False
8837,TOSCONES CORRALEJO,34,32.44,32.1,True,14,CB LA MATANZA,False
8838,TOSCONES CORRALEJO,17,7.7574,51.928,True,14,CB LA MATANZA,False
8839,TOSCONES CORRALEJO,9,6.62909999999999,47.39,True,14,CB LA MATANZA,False
8840,TOSCONES CORRALEJO,15,7.68689999999999,53.692,False,14,CB LA MATANZA,False
8841,TOSCONES CORRALEJO,7,7.0521,56.717,False,14,CB LA MATANZA,False
8842,TOSCONES CORRALEJO,8,5.2891,52.936,False,14,CB LA MATANZA,False
8843,TOSCONES CORRALEJO,17,8.251,94.781,False,14,CB LA MATANZA,False
8844,TOSCONES CORRALEJO,9,7.5458,46.76,False,14,CB LA MATANZA,False
8845,TOSCONES CORRALEJO,34,28.2793,22.68,True,14,CB LA MATANZA,False
8846,TOSCONES CORRALEJO,10,11.5656,41.84,False,14,CB LA MATANZA,False
8847,TOSCONES CORRALEJO,6,16.85469999999999,7.4363,False,14,CB LA MATANZA,False
8848,TOSCONES CORRALEJO,7,8.25109999999999,47.768,False,14,CB LA MATANZA,False
8849,TOSCONES CORRALEJO,8,7.40479999999999,49.029,True,14,CB LA MATANZA,False
8850,TOSCONES CORRALEJO,7,6.5585,47.768,False,14,CB LA MATANZA,False
8851,TOSCONES CORRALEJO,7,16.2,72.094,False,14,CB LA MATANZA,False
8852,TOSCONES CORRALEJO,30,29.478,22.68,False,14,CB LA MATANZA,False
8853,TOSCONES CORRALEJO,8,26.798,84.32,False,14,CB LA MATANZA,False
8854,TOSCONES CORRALEJO,17,4.5839,50.793,False,14,CB LA MATANZA,False
8855,TOSCONES CORRALEJO,34,12.97,95.033,False,14,CB LA MATANZA,False
8856,TOSCONES CORRALEJO,11,30.67,33.526,False,14,CB LA MATANZA,False
8857,TOSCONES CORRALEJO,9,6.205,46.256,True,14,CB LA MATANZA,False
8858,TOSCONES CORRALEJO,34,20.521,32.013,True,14,CB LA MATANZA,False
8859,TOSCONES CORRALEJO,30,10.578,17.771,False,14,CB LA MATANZA,False
8860,TOSCONES CORRALEJO,30,20.31,46.256,True,14,CB LA MATANZA,False
8861,TOSCONES CORRALEJO,34,5.21859999999999,95.033,True,14,CB LA MATANZA,False
8862,TOSCONES CORRALEJO,34,34.414,49.785,True,14,CB LA MATANZA,False
8863,TOSCONES CORRALEJO,34,5.50069999999999,4.4113,True,14,CB LA MATANZA,False
8864,TOSCONES CORRALEJO,9,7.33429999999999,49.407,True,14,CB LA MATANZA,False
8865,TOSCONES CORRALEJO,7,17.771,29.619,False,14,CB LA MATANZA,False
8866,TOSCONES CORRALEJO,34,7.1227,5.6717,False,14,CB LA MATANZA,False
8867,CESUR DISTRITO OLIMPICO,14,14.8096,36.929,False,14,TOBARRA CB,True
8868,CESUR DISTRITO OLIMPICO,33,11.283,39.954,True,14,TOBARRA CB,True
8869,CESUR DISTRITO OLIMPICO,33,8.46259999999999,65.54,False,14,TOBARRA CB,True
8870,CESUR DISTRITO OLIMPICO,10,12.2,67.43,False,14,TOBARRA CB,True
8871,CESUR DISTRITO OLIMPICO,2,20.874,50.037,False,14,TOBARRA CB,True
8872,CESUR DISTRITO OLIMPICO,25,10.648,48.52,True,14,TOBARRA CB,True
8873,CESUR DISTRITO OLIMPICO,5,14.17489999999999,50.415,False,14,TOBARRA CB,True
8874,CESUR DISTRITO OLIMPICO,33,34.626,44.491,False,14,TOBARRA CB,True
8875,CESUR DISTRITO OLIMPICO,33,13.54,34.03,True,14,TOBARRA CB,True
8876,CESUR DISTRITO OLIMPICO,16,13.11709999999999,42.223,False,14,TOBARRA CB,True
8877,CESUR DISTRITO OLIMPICO,14,7.4753,63.775,False,14,TOBARRA CB,True
8878,CESUR DISTRITO OLIMPICO,10,11.071,63.145,False,14,TOBARRA CB,True
8879,CESUR DISTRITO OLIMPICO,77,34.485,31.257,False,14,TOBARRA CB,True
8880,CESUR DISTRITO OLIMPICO,33,15.655,58.23,True,14,TOBARRA CB,True
8881,CESUR DISTRITO OLIMPICO,2,10.366,38.8,True,14,TOBARRA CB,True
8882,CESUR DISTRITO OLIMPICO,33,35.754,78.27,False,14,TOBARRA CB,True
8883,CESUR DISTRITO OLIMPICO,10,24.4711,89.235,False,14,TOBARRA CB,True
8884,CESUR DISTRITO OLIMPICO,41,8.8857,58.608,True,14,TOBARRA CB,True
8885,CESUR DISTRITO OLIMPICO,41,27.5035,86.336,True,14,TOBARRA CB,True
8886,CESUR DISTRITO OLIMPICO,33,10.578,62.389,True,14,TOBARRA CB,True
8887,CESUR DISTRITO OLIMPICO,33,22.28489999999999,93.142,False,14,TOBARRA CB,True
8888,CESUR DISTRITO OLIMPICO,16,11.5656,45.12,True,14,TOBARRA CB,True
8889,CESUR DISTRITO OLIMPICO,15,10.86,45.626,True,14,TOBARRA CB,True
8890,CESUR DISTRITO OLIMPICO,15,9.9435,50.415,True,14,TOBARRA CB,True
8891,CESUR DISTRITO OLIMPICO,5,35.3315,35.921,False,14,TOBARRA CB,True
8892,CESUR DISTRITO OLIMPICO,15,10.225,58.86,True,14,TOBARRA CB,True
8893,CESUR DISTRITO OLIMPICO,25,9.0973,49.911,True,14,TOBARRA CB,True
8894,CESUR DISTRITO OLIMPICO,13,9.238,43.735,False,14,TOBARRA CB,True
8895,CESUR DISTRITO OLIMPICO,25,10.366,51.5,True,14,TOBARRA CB,True
8896,CESUR DISTRITO OLIMPICO,16,7.827,65.792,True,14,TOBARRA CB,True
8897,CESUR DISTRITO OLIMPICO,2,24.894,6.554,True,14,TOBARRA CB,True
8898,CESUR DISTRITO OLIMPICO,41,7.68689999999999,73.606,False,14,TOBARRA CB,True
8899,CESUR DISTRITO OLIMPICO,33,25.74,88.227,False,14,TOBARRA CB,True
8900,CESUR DISTRITO OLIMPICO,41,14.95,67.556,False,14,TOBARRA CB,True
8901,CESUR DISTRITO OLIMPICO,16,16.2,55.961,False,14,TOBARRA CB,True
8902,CESUR DISTRITO OLIMPICO,25,12.9055,34.408,True,14,TOBARRA CB,True
8903,CESUR DISTRITO OLIMPICO,5,11.7771,31.131,True,14,TOBARRA CB,True
8904,CESUR DISTRITO OLIMPICO,12,10.296,65.54,False,14,TOBARRA CB,True
8905,CESUR DISTRITO OLIMPICO,13,10.93,42.097,False,14,TOBARRA CB,True
8906,CESUR DISTRITO OLIMPICO,25,12.623,59.994,False,14,TOBARRA CB,True
8907,CESUR DISTRITO OLIMPICO,15,11.424,25.585,False,14,TOBARRA CB,True
8908,CESUR DISTRITO OLIMPICO,13,10.366,38.8,False,14,TOBARRA CB,True
8909,CESUR DISTRITO OLIMPICO,10,21.932,92.764,False,14,TOBARRA CB,True
8910,CESUR DISTRITO OLIMPICO,14,7.4753,65.288,False,14,TOBARRA CB,True
8911,CESUR DISTRITO OLIMPICO,14,5.00709999999999,67.178,False,14,TOBARRA CB,True
8912,CESUR DISTRITO OLIMPICO,33,11.21299999999999,60.246,True,14,TOBARRA CB,True
8913,CESUR DISTRITO OLIMPICO,14,10.719,51.423,True,14,TOBARRA CB,True
8914,CESUR DISTRITO OLIMPICO,15,7.68689999999999,73.606,False,14,TOBARRA CB,True
8915,CESUR DISTRITO OLIMPICO,25,13.187,48.02,False,14,TOBARRA CB,True
8916,CESUR DISTRITO OLIMPICO,15,16.361,30.375,False,14,TOBARRA CB,True
8917,CESUR DISTRITO OLIMPICO,14,9.2383,43.735,True,14,TOBARRA CB,True
8918,CESUR DISTRITO OLIMPICO,14,10.93,42.097,True,14,TOBARRA CB,True
8919,CESUR DISTRITO OLIMPICO,10,8.3216,42.097,True,14,TOBARRA CB,True
8920,CESUR DISTRITO OLIMPICO,14,13.11709999999999,49.281,False,14,TOBARRA CB,True
8921,CESUR DISTRITO OLIMPICO,41,23.977,92.512,False,14,TOBARRA CB,True
8922,CESUR DISTRITO OLIMPICO,41,21.65,8.066,False,14,TOBARRA CB,True
8923,CESUR DISTRITO OLIMPICO,12,21.08,33.022,False,14,TOBARRA CB,True
8924,CESUR DISTRITO OLIMPICO,14,11.2835,50.667,True,14,TOBARRA CB,True
8925,CESUR DISTRITO OLIMPICO,33,7.89839999999999,3.0249,False,14,TOBARRA CB,True
8926,CESUR DISTRITO OLIMPICO,15,16.2,55.961,True,14,TOBARRA CB,True
8927,CESUR DISTRITO OLIMPICO,16,11.21299999999999,92.386,False,14,TOBARRA CB,True
8928,CESUR DISTRITO OLIMPICO,13,14.527,41.592,False,14,TOBARRA CB,True
8929,CESUR DISTRITO OLIMPICO,13,23.62479999999999,90.874,False,14,TOBARRA CB,True
8930,CESUR DISTRITO OLIMPICO,16,37.16,50.793,True,14,TOBARRA CB,True
8931,CESUR DISTRITO OLIMPICO,5,13.399,45.752,True,14,TOBARRA CB,True
8932,CESUR DISTRITO OLIMPICO,10,10.084,56.213,True,14,TOBARRA CB,True
8933,CESUR DISTRITO OLIMPICO,2,28.984,16.637,True,14,TOBARRA CB,True
8934,CESUR DISTRITO OLIMPICO,15,16.643,44.113,True,14,TOBARRA CB,True
8935,CESUR DISTRITO OLIMPICO,13,8.95629999999999,40.08,True,14,TOBARRA CB,True
8936,CESUR DISTRITO OLIMPICO,25,10.014,27.728,False,14,TOBARRA CB,True
8937,CESUR DISTRITO OLIMPICO,41,27.433,12.98,True,14,TOBARRA CB,True
8938,CESUR DISTRITO OLIMPICO,12,21.43859999999999,6.8061,False,14,TOBARRA CB,True
8939,CESUR DISTRITO OLIMPICO,33,8.8858,62.515,False,14,TOBARRA CB,True
8940,CESUR DISTRITO OLIMPICO,12,23.977,92.512,False,14,TOBARRA CB,True
8941,CESUR DISTRITO OLIMPICO,77,10.648,44.113,True,14,TOBARRA CB,True
8942,CESUR DISTRITO OLIMPICO,33,17.98309999999999,50.541,False,14,TOBARRA CB,True
8943,CESUR DISTRITO OLIMPICO,33,12.764,24.199,False,14,TOBARRA CB,True
8944,CESUR DISTRITO OLIMPICO,2,18.617,93.268,False,14,TOBARRA CB,True
8945,CESUR DISTRITO OLIMPICO,13,10.7193,56.843,False,14,TOBARRA CB,True
8946,CESUR DISTRITO OLIMPICO,14,10.719,44.617,False,14,TOBARRA CB,True
8947,CESUR DISTRITO OLIMPICO,13,14.527,41.592,False,14,TOBARRA CB,True
8948,TOBARRA CB,26,10.719,57.97,True,14,CESUR DISTRITO OLIMPICO,False
8949,TOBARRA CB,21,22.778,55.457,False,14,CESUR DISTRITO OLIMPICO,False
8950,TOBARRA CB,26,25.811,84.194,True,14,CESUR DISTRITO OLIMPICO,False
8951,TOBARRA CB,21,27.29,84.698,True,14,CESUR DISTRITO OLIMPICO,False
8952,TOBARRA CB,0,30.747,82.807,False,14,CESUR DISTRITO OLIMPICO,False
8953,TOBARRA CB,26,6.84059999999999,96.293,False,14,CESUR DISTRITO OLIMPICO,False
8954,TOBARRA CB,34,12.764,46.256,False,14,CESUR DISTRITO OLIMPICO,False
8955,TOBARRA CB,31,6.84059999999999,61.38,False,14,CESUR DISTRITO OLIMPICO,False
8956,TOBARRA CB,0,8.6741,68.817,False,14,CESUR DISTRITO OLIMPICO,False
8957,TOBARRA CB,31,30.67,74.23,False,14,CESUR DISTRITO OLIMPICO,False
8958,TOBARRA CB,26,11.424,61.633,False,14,CESUR DISTRITO OLIMPICO,False
8959,TOBARRA CB,0,35.966,23.695,False,14,CESUR DISTRITO OLIMPICO,False
8960,TOBARRA CB,34,23.6953,9.3268,True,14,CESUR DISTRITO OLIMPICO,False
8961,TOBARRA CB,21,8.6036,50.793,True,14,CESUR DISTRITO OLIMPICO,False
8962,TOBARRA CB,34,6.48,56.465,True,14,CESUR DISTRITO OLIMPICO,False
8963,TOBARRA CB,26,9.3794,33.274,False,14,CESUR DISTRITO OLIMPICO,False
8964,TOBARRA CB,26,33.4274,66.926,False,14,CESUR DISTRITO OLIMPICO,False
8965,TOBARRA CB,0,11.0014,59.868,True,14,CESUR DISTRITO OLIMPICO,False
8966,TOBARRA CB,0,25.881,7.8144,True,14,CESUR DISTRITO OLIMPICO,False
8967,TOBARRA CB,7,14.59,46.256,False,14,CESUR DISTRITO OLIMPICO,False
8968,TOBARRA CB,21,29.76,19.031,False,14,CESUR DISTRITO OLIMPICO,False
8969,TOBARRA CB,21,10.64879999999999,39.954,False,14,CESUR DISTRITO OLIMPICO,False
8970,TOBARRA CB,0,15.655,18.905,False,14,CESUR DISTRITO OLIMPICO,False
8971,TOBARRA CB,21,24.3,88.731,True,14,CESUR DISTRITO OLIMPICO,False
8972,TOBARRA CB,0,35.895,49.659,False,14,CESUR DISTRITO OLIMPICO,False
8973,TOBARRA CB,21,12.411,58.1,False,14,CESUR DISTRITO OLIMPICO,False
8974,TOBARRA CB,31,12.764,46.256,False,14,CESUR DISTRITO OLIMPICO,False
8975,TOBARRA CB,7,7.96899999999999,39.828,False,14,CESUR DISTRITO OLIMPICO,False
8976,TOBARRA CB,0,8.3215,96.67,True,14,CESUR DISTRITO OLIMPICO,False
8977,TOBARRA CB,21,14.45,72.22,True,14,CESUR DISTRITO OLIMPICO,False
8978,TOBARRA CB,21,18.829,50.415,False,14,CESUR DISTRITO OLIMPICO,False
8979,TOBARRA CB,6,13.61,64.784,False,14,CESUR DISTRITO OLIMPICO,False
8980,TOBARRA CB,21,11.636,6.0498,False,14,CESUR DISTRITO OLIMPICO,False
8981,TOBARRA CB,34,13.258,53.314,False,14,CESUR DISTRITO OLIMPICO,False
8982,TOBARRA CB,0,32.651,67.304,False,14,CESUR DISTRITO OLIMPICO,False
8983,TOBARRA CB,21,13.187,30.879,True,14,CESUR DISTRITO OLIMPICO,False
8984,TOBARRA CB,34,23.6953,9.3268,False,14,CESUR DISTRITO OLIMPICO,False
8985,TOBARRA CB,21,8.46259999999999,66.926,False,14,CESUR DISTRITO OLIMPICO,False
8986,TOBARRA CB,7,9.30889999999999,48.02,False,14,CESUR DISTRITO OLIMPICO,False
8987,TOBARRA CB,0,10.4372,95.915,False,14,CESUR DISTRITO OLIMPICO,False
8988,TOBARRA CB,6,10.5078,55.961,False,14,CESUR DISTRITO OLIMPICO,False
8989,TOBARRA CB,7,8.6741,73.228,False,14,CESUR DISTRITO OLIMPICO,False
8990,TOBARRA CB,26,34.485,38.441,False,14,CESUR DISTRITO OLIMPICO,False
8991,TOBARRA CB,7,9.449,48.27,False,14,CESUR DISTRITO OLIMPICO,False
8992,TOBARRA CB,21,11.49509999999999,33.148,False,14,CESUR DISTRITO OLIMPICO,False
8993,TOBARRA CB,0,38.081,48.651,False,14,CESUR DISTRITO OLIMPICO,False
8994,TOBARRA CB,26,8.18049999999999,68.187,True,14,CESUR DISTRITO OLIMPICO,False
8995,TOBARRA CB,26,22.6375,2.6468,True,14,CESUR DISTRITO OLIMPICO,False
8996,TOBARRA CB,21,8.0394,31.383,False,14,CESUR DISTRITO OLIMPICO,False
8997,TOBARRA CB,0,39.28,33.4,True,14,CESUR DISTRITO OLIMPICO,False
8998,TOBARRA CB,7,9.80249999999999,40.206,False,14,CESUR DISTRITO OLIMPICO,False
8999,TOBARRA CB,26,7.40479999999999,64.65,False,14,CESUR DISTRITO OLIMPICO,False
9000,TOBARRA CB,34,7.40479999999999,64.65,True,14,CESUR DISTRITO OLIMPICO,False
9001,TOBARRA CB,0,8.6741,30.753,True,14,CESUR DISTRITO OLIMPICO,False
9002,TOBARRA CB,0,7.61639999999999,4.5374,False,14,CESUR DISTRITO OLIMPICO,False
9003,TOBARRA CB,31,16.431,28.484,False,14,CESUR DISTRITO OLIMPICO,False
9004,TOBARRA CB,7,16.008,49.029,False,14,CESUR DISTRITO OLIMPICO,False
9005,TOBARRA CB,0,31.311,18.023,False,14,CESUR DISTRITO OLIMPICO,False
9006,TOBARRA CB,34,6.6996,49.785,True,14,CESUR DISTRITO OLIMPICO,False
9007,TOBARRA CB,7,10.155,63.649,False,14,CESUR DISTRITO OLIMPICO,False
9008,TOBARRA CB,6,11.35,95.411,False,14,CESUR DISTRITO OLIMPICO,False
9009,TOBARRA CB,6,3.24,91.882,False,14,CESUR DISTRITO OLIMPICO,False
9010,TOBARRA CB,26,7.545,61.633,False,14,CESUR DISTRITO OLIMPICO,False
9011,TOBARRA CB,21,23.6953,9.3268,False,14,CESUR DISTRITO OLIMPICO,False
9012,TOBARRA CB,21,30.253,20.544,False,14,CESUR DISTRITO OLIMPICO,False
9013,GRUPO INTERBUS ALCOBENDAS,16,19.534,35.164,False,14,C.D. BASKET GLOBALCAJA QUINTANAR,True
9014,GRUPO INTERBUS ALCOBENDAS,17,12.482,45.626,True,14,C.D. BASKET GLOBALCAJA QUINTANAR,True
9015,GRUPO INTERBUS ALCOBENDAS,25,13.4697,50.163,False,14,C.D. BASKET GLOBALCAJA QUINTANAR,True
9016,GRUPO INTERBUS ALCOBENDAS,77,27.856,88.101,True,14,C.D. BASKET GLOBALCAJA QUINTANAR,True
9017,GRUPO INTERBUS ALCOBENDAS,13,8.3216,57.221,True,14,C.D. BASKET GLOBALCAJA QUINTANAR,True
9018,GRUPO INTERBUS ALCOBENDAS,4,27.644,13.234,True,14,C.D. BASKET GLOBALCAJA QUINTANAR,True
9019,GRUPO INTERBUS ALCOBENDAS,33,33.427,82.429,True,14,C.D. BASKET GLOBALCAJA QUINTANAR,True
9020,GRUPO INTERBUS ALCOBENDAS,11,17.98309999999999,62.515,False,14,C.D. BASKET GLOBALCAJA QUINTANAR,True
9021,GRUPO INTERBUS ALCOBENDAS,33,30.112,78.27,False,14,C.D. BASKET GLOBALCAJA QUINTANAR,True
9022,GRUPO INTERBUS ALCOBENDAS,13,10.296,45.12,True,14,C.D. BASKET GLOBALCAJA QUINTANAR,True
9023,GRUPO INTERBUS ALCOBENDAS,20,28.91,13.108,False,14,C.D. BASKET GLOBALCAJA QUINTANAR,True
9024,GRUPO INTERBUS ALCOBENDAS,41,23.554,49.659,False,14,C.D. BASKET GLOBALCAJA QUINTANAR,True
9025,GRUPO INTERBUS ALCOBENDAS,13,38.857,34.786,False,14,C.D. BASKET GLOBALCAJA QUINTANAR,True
9026,GRUPO INTERBUS ALCOBENDAS,17,29.689,80.917,True,14,C.D. BASKET GLOBALCAJA QUINTANAR,True
9027,GRUPO INTERBUS ALCOBENDAS,16,22.778,39.324,False,14,C.D. BASKET GLOBALCAJA QUINTANAR,True
9028,GRUPO INTERBUS ALCOBENDAS,41,10.578,54.448,True,14,C.D. BASKET GLOBALCAJA QUINTANAR,True
9029,GRUPO INTERBUS ALCOBENDAS,33,31.875,22.68,False,14,C.D. BASKET GLOBALCAJA QUINTANAR,True
9030,GRUPO INTERBUS ALCOBENDAS,33,33.568,75.749,False,14,C.D. BASKET GLOBALCAJA QUINTANAR,True
9031,GRUPO INTERBUS ALCOBENDAS,13,35.0494,33.652,True,14,C.D. BASKET GLOBALCAJA QUINTANAR,True
9032,GRUPO INTERBUS ALCOBENDAS,11,33.991,16.13,False,14,C.D. BASKET GLOBALCAJA QUINTANAR,True
9033,GRUPO INTERBUS ALCOBENDAS,16,11.706,48.02,True,14,C.D. BASKET GLOBALCAJA QUINTANAR,True
9034,GRUPO INTERBUS ALCOBENDAS,13,32.51,80.79,True,14,C.D. BASKET GLOBALCAJA QUINTANAR,True
9035,GRUPO INTERBUS ALCOBENDAS,41,18.124,33.022,True,14,C.D. BASKET GLOBALCAJA QUINTANAR,True
9036,GRUPO INTERBUS ALCOBENDAS,13,36.741,76.001,True,14,C.D. BASKET GLOBALCAJA QUINTANAR,True
9037,GRUPO INTERBUS ALCOBENDAS,33,12.1298,49.785,False,14,C.D. BASKET GLOBALCAJA QUINTANAR,True
9038,GRUPO INTERBUS ALCOBENDAS,41,13.89279999999999,49.659,True,14,C.D. BASKET GLOBALCAJA QUINTANAR,True
9039,GRUPO INTERBUS ALCOBENDAS,13,34.344,77.009,True,14,C.D. BASKET GLOBALCAJA QUINTANAR,True
9040,GRUPO INTERBUS ALCOBENDAS,41,17.559,63.523,False,14,C.D. BASKET GLOBALCAJA QUINTANAR,True
9041,GRUPO INTERBUS ALCOBENDAS,77,22.6375,11.217,False,14,C.D. BASKET GLOBALCAJA QUINTANAR,True
9042,GRUPO INTERBUS ALCOBENDAS,11,10.5078,32.644,False,14,C.D. BASKET GLOBALCAJA QUINTANAR,True
9043,GRUPO INTERBUS ALCOBENDAS,13,33.92,28.106,True,14,C.D. BASKET GLOBALCAJA QUINTANAR,True
9044,GRUPO INTERBUS ALCOBENDAS,11,10.648,48.903,True,14,C.D. BASKET GLOBALCAJA QUINTANAR,True
9045,GRUPO INTERBUS ALCOBENDAS,11,15.232,53.062,False,14,C.D. BASKET GLOBALCAJA QUINTANAR,True
9046,GRUPO INTERBUS ALCOBENDAS,13,13.187,38.063,False,14,C.D. BASKET GLOBALCAJA QUINTANAR,True
9047,GRUPO INTERBUS ALCOBENDAS,4,15.585,21.048,False,14,C.D. BASKET GLOBALCAJA QUINTANAR,True
9048,GRUPO INTERBUS ALCOBENDAS,41,20.874,50.037,True,14,C.D. BASKET GLOBALCAJA QUINTANAR,True
9049,GRUPO INTERBUS ALCOBENDAS,41,10.64879999999999,53.188,True,14,C.D. BASKET GLOBALCAJA QUINTANAR,True
9050,GRUPO INTERBUS ALCOBENDAS,41,22.8491,35.41,True,14,C.D. BASKET GLOBALCAJA QUINTANAR,True
9051,GRUPO INTERBUS ALCOBENDAS,16,15.02119999999999,47.768,False,14,C.D. BASKET GLOBALCAJA QUINTANAR,True
9052,GRUPO INTERBUS ALCOBENDAS,13,32.016,76.379,True,14,C.D. BASKET GLOBALCAJA QUINTANAR,True
9053,GRUPO INTERBUS ALCOBENDAS,77,11.636,57.599,False,14,C.D. BASKET GLOBALCAJA QUINTANAR,True
9054,GRUPO INTERBUS ALCOBENDAS,16,8.1,53.314,True,14,C.D. BASKET GLOBALCAJA QUINTANAR,True
9055,GRUPO INTERBUS ALCOBENDAS,33,13.04649999999999,37.055,True,14,C.D. BASKET GLOBALCAJA QUINTANAR,True
9056,GRUPO INTERBUS ALCOBENDAS,33,31.5233,20.544,True,14,C.D. BASKET GLOBALCAJA QUINTANAR,True
9057,GRUPO INTERBUS ALCOBENDAS,16,12.83,42.853,True,14,C.D. BASKET GLOBALCAJA QUINTANAR,True
9058,GRUPO INTERBUS ALCOBENDAS,13,38.575,18.653,False,14,C.D. BASKET GLOBALCAJA QUINTANAR,True
9059,GRUPO INTERBUS ALCOBENDAS,16,13.32859999999999,57.851,False,14,C.D. BASKET GLOBALCAJA QUINTANAR,True
9060,GRUPO INTERBUS ALCOBENDAS,13,32.087,83.81,False,14,C.D. BASKET GLOBALCAJA QUINTANAR,True
9061,GRUPO INTERBUS ALCOBENDAS,13,13.258,72.724,False,14,C.D. BASKET GLOBALCAJA QUINTANAR,True
9062,GRUPO INTERBUS ALCOBENDAS,41,19.816,47.264,True,14,C.D. BASKET GLOBALCAJA QUINTANAR,True
9063,GRUPO INTERBUS ALCOBENDAS,33,9.0973,52.306,False,14,C.D. BASKET GLOBALCAJA QUINTANAR,True
9064,GRUPO INTERBUS ALCOBENDAS,25,14.8096,6.554,False,14,C.D. BASKET GLOBALCAJA QUINTANAR,True
9065,GRUPO INTERBUS ALCOBENDAS,16,17.13679999999999,51.045,False,14,C.D. BASKET GLOBALCAJA QUINTANAR,True
9066,GRUPO INTERBUS ALCOBENDAS,41,20.38,29.745,False,14,C.D. BASKET GLOBALCAJA QUINTANAR,True
9067,GRUPO INTERBUS ALCOBENDAS,33,39.069,74.615,False,14,C.D. BASKET GLOBALCAJA QUINTANAR,True
9068,GRUPO INTERBUS ALCOBENDAS,13,40.338,19.28,False,14,C.D. BASKET GLOBALCAJA QUINTANAR,True
9069,GRUPO INTERBUS ALCOBENDAS,4,32.5811,82.429,False,14,C.D. BASKET GLOBALCAJA QUINTANAR,True
9070,GRUPO INTERBUS ALCOBENDAS,33,21.861,44.239,False,14,C.D. BASKET GLOBALCAJA QUINTANAR,True
9071,GRUPO INTERBUS ALCOBENDAS,4,17.489,70.9,False,14,C.D. BASKET GLOBALCAJA QUINTANAR,True
9072,GRUPO INTERBUS ALCOBENDAS,13,34.626,79.782,True,14,C.D. BASKET GLOBALCAJA QUINTANAR,True
9073,GRUPO INTERBUS ALCOBENDAS,13,17.63049999999999,73.606,True,14,C.D. BASKET GLOBALCAJA QUINTANAR,True
9074,GRUPO INTERBUS ALCOBENDAS,11,35.754,22.182,False,14,C.D. BASKET GLOBALCAJA QUINTANAR,True
9075,GRUPO INTERBUS ALCOBENDAS,77,9.02679999999999,50.037,True,14,C.D. BASKET GLOBALCAJA QUINTANAR,True
9076,GRUPO INTERBUS ALCOBENDAS,16,12.764,49.407,True,14,C.D. BASKET GLOBALCAJA QUINTANAR,True
9077,GRUPO INTERBUS ALCOBENDAS,41,16.995,27.098,False,14,C.D. BASKET GLOBALCAJA QUINTANAR,True
9078,GRUPO INTERBUS ALCOBENDAS,33,18.617,48.02,False,14,C.D. BASKET GLOBALCAJA QUINTANAR,True
9079,GRUPO INTERBUS ALCOBENDAS,13,31.2412,85.832,False,14,C.D. BASKET GLOBALCAJA QUINTANAR,True
9080,C.D. BASKET GLOBALCAJA QUINTANAR,12,13.4697,47.516,False,14,GRUPO INTERBUS ALCOBENDAS,False
9081,C.D. BASKET GLOBALCAJA QUINTANAR,14,30.11279999999999,10.209,True,14,GRUPO INTERBUS ALCOBENDAS,False
9082,C.D. BASKET GLOBALCAJA QUINTANAR,14,31.382,90.748,False,14,GRUPO INTERBUS ALCOBENDAS,False
9083,C.D. BASKET GLOBALCAJA QUINTANAR,8,35.966,82.555,False,14,GRUPO INTERBUS ALCOBENDAS,False
9084,C.D. BASKET GLOBALCAJA QUINTANAR,21,12.059,60.498,False,14,GRUPO INTERBUS ALCOBENDAS,False
9085,C.D. BASKET GLOBALCAJA QUINTANAR,12,13.681,52.432,True,14,GRUPO INTERBUS ALCOBENDAS,False
9086,C.D. BASKET GLOBALCAJA QUINTANAR,2,15.585,50.667,True,14,GRUPO INTERBUS ALCOBENDAS,False
9087,C.D. BASKET GLOBALCAJA QUINTANAR,1,38.575,27.728,False,14,GRUPO INTERBUS ALCOBENDAS,False
9088,C.D. BASKET GLOBALCAJA QUINTANAR,2,35.049,78.522,True,14,GRUPO INTERBUS ALCOBENDAS,False
9089,C.D. BASKET GLOBALCAJA QUINTANAR,1,31.593,80.412,False,14,GRUPO INTERBUS ALCOBENDAS,False
9090,C.D. BASKET GLOBALCAJA QUINTANAR,12,14.17489999999999,68.187,False,14,GRUPO INTERBUS ALCOBENDAS,False
9091,C.D. BASKET GLOBALCAJA QUINTANAR,12,9.238,52.054,True,14,GRUPO INTERBUS ALCOBENDAS,False
9092,C.D. BASKET GLOBALCAJA QUINTANAR,2,8.18049999999999,51.67,False,14,GRUPO INTERBUS ALCOBENDAS,False
9093,C.D. BASKET GLOBALCAJA QUINTANAR,8,8.0395,55.835,False,14,GRUPO INTERBUS ALCOBENDAS,False
9094,C.D. BASKET GLOBALCAJA QUINTANAR,8,32.651,23.821,False,14,GRUPO INTERBUS ALCOBENDAS,False
9095,C.D. BASKET GLOBALCAJA QUINTANAR,2,8.9562,55.457,False,14,GRUPO INTERBUS ALCOBENDAS,False
9096,C.D. BASKET GLOBALCAJA QUINTANAR,12,15.585,44.491,False,14,GRUPO INTERBUS ALCOBENDAS,False
9097,C.D. BASKET GLOBALCAJA QUINTANAR,50,10.7193,46.256,False,14,GRUPO INTERBUS ALCOBENDAS,False
9098,C.D. BASKET GLOBALCAJA QUINTANAR,14,34.696,26.972,True,14,GRUPO INTERBUS ALCOBENDAS,False
9099,C.D. BASKET GLOBALCAJA QUINTANAR,50,13.892,48.27,True,14,GRUPO INTERBUS ALCOBENDAS,False
9100,C.D. BASKET GLOBALCAJA QUINTANAR,21,26.234,12.099,True,14,GRUPO INTERBUS ALCOBENDAS,False
9101,C.D. BASKET GLOBALCAJA QUINTANAR,8,35.4,41.466,True,14,GRUPO INTERBUS ALCOBENDAS,False
9102,C.D. BASKET GLOBALCAJA QUINTANAR,1,9.59099999999999,53.188,True,14,GRUPO INTERBUS ALCOBENDAS,False
9103,C.D. BASKET GLOBALCAJA QUINTANAR,14,32.15,85.202,False,14,GRUPO INTERBUS ALCOBENDAS,False
9104,C.D. BASKET GLOBALCAJA QUINTANAR,8,23.765,50.793,True,14,GRUPO INTERBUS ALCOBENDAS,False
9105,C.D. BASKET GLOBALCAJA QUINTANAR,3,21.438,51.67,False,14,GRUPO INTERBUS ALCOBENDAS,False
9106,C.D. BASKET GLOBALCAJA QUINTANAR,8,36.318,33.274,False,14,GRUPO INTERBUS ALCOBENDAS,False
9107,C.D. BASKET GLOBALCAJA QUINTANAR,1,19.32299999999999,36.929,False,14,GRUPO INTERBUS ALCOBENDAS,False
9108,C.D. BASKET GLOBALCAJA QUINTANAR,1,10.648,50.793,True,14,GRUPO INTERBUS ALCOBENDAS,False
9109,C.D. BASKET GLOBALCAJA QUINTANAR,8,35.26,79.278,False,14,GRUPO INTERBUS ALCOBENDAS,False
9110,C.D. BASKET GLOBALCAJA QUINTANAR,12,19.252,46.382,False,14,GRUPO INTERBUS ALCOBENDAS,False
9111,C.D. BASKET GLOBALCAJA QUINTANAR,21,35.0494,19.157,True,14,GRUPO INTERBUS ALCOBENDAS,False
9112,C.D. BASKET GLOBALCAJA QUINTANAR,50,10.08459999999999,4.2853,True,14,GRUPO INTERBUS ALCOBENDAS,False
9113,C.D. BASKET GLOBALCAJA QUINTANAR,8,16.431,29.367,False,14,GRUPO INTERBUS ALCOBENDAS,False
9114,C.D. BASKET GLOBALCAJA QUINTANAR,14,31.946,20.292,True,14,GRUPO INTERBUS ALCOBENDAS,False
9115,C.D. BASKET GLOBALCAJA QUINTANAR,12,10.789,51.297,False,14,GRUPO INTERBUS ALCOBENDAS,False
9116,C.D. BASKET GLOBALCAJA QUINTANAR,21,23.1312,48.52,False,14,GRUPO INTERBUS ALCOBENDAS,False
9117,C.D. BASKET GLOBALCAJA QUINTANAR,21,21.72069999999999,50.667,True,14,GRUPO INTERBUS ALCOBENDAS,False
9118,C.D. BASKET GLOBALCAJA QUINTANAR,8,17.34839999999999,32.896,False,14,GRUPO INTERBUS ALCOBENDAS,False
9119,C.D. BASKET GLOBALCAJA QUINTANAR,50,8.95629999999999,59.112,False,14,GRUPO INTERBUS ALCOBENDAS,False
9120,C.D. BASKET GLOBALCAJA QUINTANAR,12,14.66849999999999,54.7,False,14,GRUPO INTERBUS ALCOBENDAS,False
9121,C.D. BASKET GLOBALCAJA QUINTANAR,50,9.6615,50.163,True,14,GRUPO INTERBUS ALCOBENDAS,False
9122,C.D. BASKET GLOBALCAJA QUINTANAR,3,7.96899999999999,53.314,False,14,GRUPO INTERBUS ALCOBENDAS,False
9123,C.D. BASKET GLOBALCAJA QUINTANAR,1,20.1692,50.289,False,14,GRUPO INTERBUS ALCOBENDAS,False
9124,C.D. BASKET GLOBALCAJA QUINTANAR,12,10.578,50.793,True,14,GRUPO INTERBUS ALCOBENDAS,False
9125,C.D. BASKET GLOBALCAJA QUINTANAR,14,13.1876,54.07,False,14,GRUPO INTERBUS ALCOBENDAS,False
9126,C.D. BASKET GLOBALCAJA QUINTANAR,8,15.796,52.432,True,14,GRUPO INTERBUS ALCOBENDAS,False
9127,C.D. BASKET GLOBALCAJA QUINTANAR,1,13.9633,49.659,True,14,GRUPO INTERBUS ALCOBENDAS,False
9128,C.D. BASKET GLOBALCAJA QUINTANAR,12,23.1312,45.752,False,14,GRUPO INTERBUS ALCOBENDAS,False
9129,C.D. BASKET GLOBALCAJA QUINTANAR,21,14.66849999999999,40.332,False,14,GRUPO INTERBUS ALCOBENDAS,False
9130,C.D. BASKET GLOBALCAJA QUINTANAR,12,31.593,80.53,False,14,GRUPO INTERBUS ALCOBENDAS,False
9131,C.D. BASKET GLOBALCAJA QUINTANAR,12,11.70659999999999,49.533,True,14,GRUPO INTERBUS ALCOBENDAS,False
9132,C.D. BASKET GLOBALCAJA QUINTANAR,2,6.55849999999999,51.297,True,14,GRUPO INTERBUS ALCOBENDAS,False
9133,C.D. BASKET GLOBALCAJA QUINTANAR,8,13.04649999999999,47.894,False,14,GRUPO INTERBUS ALCOBENDAS,False
9134,C.D. BASKET GLOBALCAJA QUINTANAR,2,35.0494,56.843,False,14,GRUPO INTERBUS ALCOBENDAS,False
9135,C.D. BASKET GLOBALCAJA QUINTANAR,8,28.561,84.194,False,14,GRUPO INTERBUS ALCOBENDAS,False
9136,C.D. BASKET GLOBALCAJA QUINTANAR,3,16.995,58.734,False,14,GRUPO INTERBUS ALCOBENDAS,False
9137,C.D. BASKET GLOBALCAJA QUINTANAR,8,38.575,20.418,False,14,GRUPO INTERBUS ALCOBENDAS,False
9138,C.D. BASKET GLOBALCAJA QUINTANAR,2,10.789,49.029,True,14,GRUPO INTERBUS ALCOBENDAS,False
9139,C.D. BASKET GLOBALCAJA QUINTANAR,8,20.874,31.383,False,14,GRUPO INTERBUS ALCOBENDAS,False
9140,C.D. BASKET GLOBALCAJA QUINTANAR,8,12.97,24.073,False,14,GRUPO INTERBUS ALCOBENDAS,False
9141,C.D. BASKET GLOBALCAJA QUINTANAR,8,16.29,46.382,False,14,GRUPO INTERBUS ALCOBENDAS,False
9142,C.D. BASKET GLOBALCAJA QUINTANAR,21,12.411,48.39,True,14,GRUPO INTERBUS ALCOBENDAS,False
9143,EL VENTERO CBV,1,5.6417,51.802,True,14,MOVISTAR ESTUDIANTES,True
9144,EL VENTERO CBV,0,4.9365,50.667,True,14,MOVISTAR ESTUDIANTES,True
9145,EL VENTERO CBV,18,6.84059999999999,43.483,False,14,MOVISTAR ESTUDIANTES,True
9146,EL VENTERO CBV,10,32.15,71.842,False,14,MOVISTAR ESTUDIANTES,True
9147,EL VENTERO CBV,21,7.0521,52.558,True,14,MOVISTAR ESTUDIANTES,True
9148,EL VENTERO CBV,1,23.695,50.037,False,14,MOVISTAR ESTUDIANTES,True
9149,EL VENTERO CBV,0,20.592,8.4446,True,14,MOVISTAR ESTUDIANTES,True
9150,EL VENTERO CBV,3,35.4,36.677,False,14,MOVISTAR ESTUDIANTES,True
9151,EL VENTERO CBV,1,6.84059999999999,43.483,False,14,MOVISTAR ESTUDIANTES,True
9152,EL VENTERO CBV,3,8.5331,43.357,False,14,MOVISTAR ESTUDIANTES,True
9153,EL VENTERO CBV,3,4.7955,48.27,True,14,MOVISTAR ESTUDIANTES,True
9154,EL VENTERO CBV,0,4.231300000000004,51.171,False,14,MOVISTAR ESTUDIANTES,True
9155,EL VENTERO CBV,18,23.695,50.037,False,14,MOVISTAR ESTUDIANTES,True
9156,EL VENTERO CBV,10,27.856,85.958,False,14,MOVISTAR ESTUDIANTES,True
9157,EL VENTERO CBV,0,5.148,49.911,True,14,MOVISTAR ESTUDIANTES,True
9158,EL VENTERO CBV,10,36.177,49.407,False,14,MOVISTAR ESTUDIANTES,True
9159,EL VENTERO CBV,1,24.823,49.911,False,14,MOVISTAR ESTUDIANTES,True
9160,EL VENTERO CBV,10,30.606,21.93,False,14,MOVISTAR ESTUDIANTES,True
9161,EL VENTERO CBV,0,9.238,44.491,True,14,MOVISTAR ESTUDIANTES,True
9162,EL VENTERO CBV,15,7.61639999999999,93.52,False,14,MOVISTAR ESTUDIANTES,True
9163,EL VENTERO CBV,21,7.8984,50.919,False,14,MOVISTAR ESTUDIANTES,True
9164,EL VENTERO CBV,18,4.72499999999999,46.256,False,14,MOVISTAR ESTUDIANTES,True
9165,EL VENTERO CBV,10,5.0775,47.264,False,14,MOVISTAR ESTUDIANTES,True
9166,EL VENTERO CBV,21,5.50069999999999,4.7894,True,14,MOVISTAR ESTUDIANTES,True
9167,EL VENTERO CBV,3,35.54,53.692,False,14,MOVISTAR ESTUDIANTES,True
9168,EL VENTERO CBV,0,5.148,53.818,True,14,MOVISTAR ESTUDIANTES,True
9169,EL VENTERO CBV,10,5.2891,50.667,False,14,MOVISTAR ESTUDIANTES,True
9170,EL VENTERO CBV,21,10.08459999999999,6.68,False,14,MOVISTAR ESTUDIANTES,True
9171,EL VENTERO CBV,0,23.695,50.037,True,14,MOVISTAR ESTUDIANTES,True
9172,EL VENTERO CBV,0,6.62909999999999,48.651,False,14,MOVISTAR ESTUDIANTES,True
9173,EL VENTERO CBV,10,27.08,81.799,False,14,MOVISTAR ESTUDIANTES,True
9174,EL VENTERO CBV,18,6.62909999999999,48.651,False,14,MOVISTAR ESTUDIANTES,True
9175,EL VENTERO CBV,10,30.53,19.662,False,14,MOVISTAR ESTUDIANTES,True
9176,EL VENTERO CBV,0,7.6163,93.268,True,14,MOVISTAR ESTUDIANTES,True
9177,EL VENTERO CBV,10,23.6953,91.882,False,14,MOVISTAR ESTUDIANTES,True
9178,EL VENTERO CBV,1,5.5712,52.558,True,14,MOVISTAR ESTUDIANTES,True
9179,EL VENTERO CBV,10,4.93649999999999,47.642,True,14,MOVISTAR ESTUDIANTES,True
9180,EL VENTERO CBV,10,7.68689999999999,57.347,True,14,MOVISTAR ESTUDIANTES,True
9181,EL VENTERO CBV,0,5.4301,51.297,False,14,MOVISTAR ESTUDIANTES,True
9182,EL VENTERO CBV,10,36.741,22.056,True,14,MOVISTAR ESTUDIANTES,True
9183,EL VENTERO CBV,10,8.0394,94.403,False,14,MOVISTAR ESTUDIANTES,True
9184,EL VENTERO CBV,1,8.5331,43.357,True,14,MOVISTAR ESTUDIANTES,True
9185,EL VENTERO CBV,18,5.4301,51.297,False,14,MOVISTAR ESTUDIANTES,True
9186,EL VENTERO CBV,0,4.65439999999999,47.894,True,14,MOVISTAR ESTUDIANTES,True
9187,EL VENTERO CBV,0,5.3596,93.64,True,14,MOVISTAR ESTUDIANTES,True
9188,EL VENTERO CBV,1,3.5966,52.684,True,14,MOVISTAR ESTUDIANTES,True
9189,EL VENTERO CBV,41,25.176,11.973,True,14,MOVISTAR ESTUDIANTES,True
9190,EL VENTERO CBV,18,4.86,48.651,True,14,MOVISTAR ESTUDIANTES,True
9191,EL VENTERO CBV,10,4.7955,51.5,True,14,MOVISTAR ESTUDIANTES,True
9192,EL VENTERO CBV,0,30.888,16.889,False,14,MOVISTAR ESTUDIANTES,True
9193,EL VENTERO CBV,18,5.2891,50.667,True,14,MOVISTAR ESTUDIANTES,True
9194,EL VENTERO CBV,41,20.38079999999999,61.759,False,14,MOVISTAR ESTUDIANTES,True
9195,EL VENTERO CBV,1,28.7729,19.4,False,14,MOVISTAR ESTUDIANTES,True
9196,EL VENTERO CBV,0,7.0521,95.663,True,14,MOVISTAR ESTUDIANTES,True
9197,EL VENTERO CBV,1,6.48,50.037,False,14,MOVISTAR ESTUDIANTES,True
9198,EL VENTERO CBV,3,5.2891,51.045,False,14,MOVISTAR ESTUDIANTES,True
9199,EL VENTERO CBV,18,4.7955,51.297,False,14,MOVISTAR ESTUDIANTES,True
9200,EL VENTERO CBV,18,5.00709999999999,50.289,False,14,MOVISTAR ESTUDIANTES,True
9201,EL VENTERO CBV,0,5.2891,49.407,True,14,MOVISTAR ESTUDIANTES,True
9202,EL VENTERO CBV,41,32.933,77.135,True,14,MOVISTAR ESTUDIANTES,True
9203,EL VENTERO CBV,10,9.9436,94.025,False,14,MOVISTAR ESTUDIANTES,True
9204,EL VENTERO CBV,10,32.29,19.4,True,14,MOVISTAR ESTUDIANTES,True
9205,EL VENTERO CBV,3,5.8533,50.793,True,14,MOVISTAR ESTUDIANTES,True
9206,EL VENTERO CBV,41,5.6417,49.155,True,14,MOVISTAR ESTUDIANTES,True
9207,EL VENTERO CBV,18,5.4301,51.297,False,14,MOVISTAR ESTUDIANTES,True
9208,MOVISTAR ESTUDIANTES,11,28.772,83.689,False,14,EL VENTERO CBV,False
9209,MOVISTAR ESTUDIANTES,9,5.99439999999999,59.238,True,14,EL VENTERO CBV,False
9210,MOVISTAR ESTUDIANTES,11,32.228,21.3,False,14,EL VENTERO CBV,False
9211,MOVISTAR ESTUDIANTES,25,4.5839,49.029,True,14,EL VENTERO CBV,False
9212,MOVISTAR ESTUDIANTES,2,32.863,70.9,True,14,EL VENTERO CBV,False
9213,MOVISTAR ESTUDIANTES,7,13.399,43.735,False,14,EL VENTERO CBV,False
9214,MOVISTAR ESTUDIANTES,8,8.392,50.037,True,14,EL VENTERO CBV,False
9215,MOVISTAR ESTUDIANTES,12,4.93649999999999,5.6717,True,14,EL VENTERO CBV,False
9216,MOVISTAR ESTUDIANTES,25,25.52889999999999,49.533,False,14,EL VENTERO CBV,False
9217,MOVISTAR ESTUDIANTES,12,6.4174,56.591,True,14,EL VENTERO CBV,False
9218,MOVISTAR ESTUDIANTES,11,9.732,6.4279,True,14,EL VENTERO CBV,False
9219,MOVISTAR ESTUDIANTES,7,17.84,72.85,True,14,EL VENTERO CBV,False
9220,MOVISTAR ESTUDIANTES,12,7.5458,86.84,False,14,EL VENTERO CBV,False
9221,MOVISTAR ESTUDIANTES,6,30.606,16.763,False,14,EL VENTERO CBV,False
9222,MOVISTAR ESTUDIANTES,25,31.17,78.27,True,14,EL VENTERO CBV,False
9223,MOVISTAR ESTUDIANTES,9,5.50069999999999,48.39,True,14,EL VENTERO CBV,False
9224,MOVISTAR ESTUDIANTES,7,26.163,13.612,False,14,EL VENTERO CBV,False
9225,MOVISTAR ESTUDIANTES,6,5.50069999999999,52.18,False,14,EL VENTERO CBV,False
9226,MOVISTAR ESTUDIANTES,25,29.407,15.88,False,14,EL VENTERO CBV,False
9227,MOVISTAR ESTUDIANTES,22,5.0776,49.281,True,14,EL VENTERO CBV,False
9228,MOVISTAR ESTUDIANTES,6,7.05219999999999,52.432,True,14,EL VENTERO CBV,False
9229,MOVISTAR ESTUDIANTES,7,5.5007,52.936,True,14,EL VENTERO CBV,False
9230,MOVISTAR ESTUDIANTES,11,8.11,95.159,False,14,EL VENTERO CBV,False
9231,MOVISTAR ESTUDIANTES,9,4.37239999999999,48.777,True,14,EL VENTERO CBV,False
9232,MOVISTAR ESTUDIANTES,6,5.6417,52.81,False,14,EL VENTERO CBV,False
9233,MOVISTAR ESTUDIANTES,2,35.825,52.558,True,14,EL VENTERO CBV,False
9234,MOVISTAR ESTUDIANTES,7,37.376,42.979,False,14,EL VENTERO CBV,False
9235,MOVISTAR ESTUDIANTES,6,15.444,64.279,True,14,EL VENTERO CBV,False
9236,MOVISTAR ESTUDIANTES,19,32.0169,77.009,False,14,EL VENTERO CBV,False
9237,MOVISTAR ESTUDIANTES,22,5.8533,48.02,True,14,EL VENTERO CBV,False
9238,MOVISTAR ESTUDIANTES,6,19.1114,59.49,False,14,EL VENTERO CBV,False
9239,MOVISTAR ESTUDIANTES,2,30.1834,21.174,False,14,EL VENTERO CBV,False
9240,MOVISTAR ESTUDIANTES,8,22.00279999999999,66.674,True,14,EL VENTERO CBV,False
9241,MOVISTAR ESTUDIANTES,2,5.5712,49.659,False,14,EL VENTERO CBV,False
9242,MOVISTAR ESTUDIANTES,11,31.875,19.4,False,14,EL VENTERO CBV,False
9243,MOVISTAR ESTUDIANTES,6,32.44,21.552,False,14,EL VENTERO CBV,False
9244,MOVISTAR ESTUDIANTES,6,34.978,49.029,False,14,EL VENTERO CBV,False
9245,MOVISTAR ESTUDIANTES,25,27.785,17.519,False,14,EL VENTERO CBV,False
9246,MOVISTAR ESTUDIANTES,22,5.5007,50.667,False,14,EL VENTERO CBV,False
9247,MOVISTAR ESTUDIANTES,12,4.86,49.659,True,14,EL VENTERO CBV,False
9248,MOVISTAR ESTUDIANTES,22,17.983,48.27,False,14,EL VENTERO CBV,False
9249,MOVISTAR ESTUDIANTES,2,31.805,77.892,True,14,EL VENTERO CBV,False
9250,MOVISTAR ESTUDIANTES,8,8.1,4.4113,False,14,EL VENTERO CBV,False
9251,MOVISTAR ESTUDIANTES,22,5.5712,50.163,True,14,EL VENTERO CBV,False
9252,MOVISTAR ESTUDIANTES,6,32.651,73.228,True,14,EL VENTERO CBV,False
9253,MOVISTAR ESTUDIANTES,22,31.875,19.4,True,14,EL VENTERO CBV,False
9254,MOVISTAR ESTUDIANTES,2,33.568,26.468,True,14,EL VENTERO CBV,False
9255,MOVISTAR ESTUDIANTES,19,6.135,51.171,True,14,EL VENTERO CBV,False
9256,MOVISTAR ESTUDIANTES,8,20.239,90.24,False,14,EL VENTERO CBV,False
9257,MOVISTAR ESTUDIANTES,2,34.4852,29.619,False,14,EL VENTERO CBV,False
9258,MOVISTAR ESTUDIANTES,9,18.8293,51.297,False,14,EL VENTERO CBV,False
9259,MOVISTAR ESTUDIANTES,11,29.9013,19.788,True,14,EL VENTERO CBV,False
9260,MOVISTAR ESTUDIANTES,8,33.4274,68.565,True,14,EL VENTERO CBV,False
9261,MOVISTAR ESTUDIANTES,19,9.1678,5.167,False,14,EL VENTERO CBV,False
9262,MOVISTAR ESTUDIANTES,2,5.71229999999999,50.163,False,14,EL VENTERO CBV,False
9263,MOVISTAR ESTUDIANTES,25,30.747,82.177,False,14,EL VENTERO CBV,False
9264,MOVISTAR ESTUDIANTES,25,37.306,51.045,True,14,EL VENTERO CBV,False
9265,MOVISTAR ESTUDIANTES,9,6.5585,48.27,True,14,EL VENTERO CBV,False
9266,INMOBILIARIA GÁLVEZ SANTA CRUZ,16,33.004,20.796,False,14,PROBASKETLAB FUENLABRADA,True
9267,INMOBILIARIA GÁLVEZ SANTA CRUZ,44,30.959,33.022,False,14,PROBASKETLAB FUENLABRADA,True
9268,INMOBILIARIA GÁLVEZ SANTA CRUZ,11,22.7,7.6883,True,14,PROBASKETLAB FUENLABRADA,True
9269,INMOBILIARIA GÁLVEZ SANTA CRUZ,8,7.8279,65.162,True,14,PROBASKETLAB FUENLABRADA,True
9270,INMOBILIARIA GÁLVEZ SANTA CRUZ,8,7.263,62.137,True,14,PROBASKETLAB FUENLABRADA,True
9271,INMOBILIARIA GÁLVEZ SANTA CRUZ,44,27.08,13.36,True,14,PROBASKETLAB FUENLABRADA,True
9272,INMOBILIARIA GÁLVEZ SANTA CRUZ,24,13.751,58.986,True,14,PROBASKETLAB FUENLABRADA,True
9273,INMOBILIARIA GÁLVEZ SANTA CRUZ,44,6.48,70.329,False,14,PROBASKETLAB FUENLABRADA,True
9274,INMOBILIARIA GÁLVEZ SANTA CRUZ,6,10.437,37.811,True,14,PROBASKETLAB FUENLABRADA,True
9275,INMOBILIARIA GÁLVEZ SANTA CRUZ,24,11.424,63.649,False,14,PROBASKETLAB FUENLABRADA,True
9276,INMOBILIARIA GÁLVEZ SANTA CRUZ,15,9.9435,61.25,False,14,PROBASKETLAB FUENLABRADA,True
9277,INMOBILIARIA GÁLVEZ SANTA CRUZ,15,35.19,34.786,False,14,PROBASKETLAB FUENLABRADA,True
9278,INMOBILIARIA GÁLVEZ SANTA CRUZ,14,30.1834,74.615,False,14,PROBASKETLAB FUENLABRADA,True
9279,INMOBILIARIA GÁLVEZ SANTA CRUZ,21,11.283,56.339,True,14,PROBASKETLAB FUENLABRADA,True
9280,INMOBILIARIA GÁLVEZ SANTA CRUZ,15,35.613,48.651,True,14,PROBASKETLAB FUENLABRADA,True
9281,INMOBILIARIA GÁLVEZ SANTA CRUZ,44,10.437,6.554,False,14,PROBASKETLAB FUENLABRADA,True
9282,INMOBILIARIA GÁLVEZ SANTA CRUZ,21,7.545,43.609,False,14,PROBASKETLAB FUENLABRADA,True
9283,INMOBILIARIA GÁLVEZ SANTA CRUZ,13,26.375,84.572,False,14,PROBASKETLAB FUENLABRADA,True
9284,INMOBILIARIA GÁLVEZ SANTA CRUZ,21,10.014,41.718,False,14,PROBASKETLAB FUENLABRADA,True
9285,INMOBILIARIA GÁLVEZ SANTA CRUZ,15,14.59,39.702,False,14,PROBASKETLAB FUENLABRADA,True
9286,INMOBILIARIA GÁLVEZ SANTA CRUZ,21,9.732,35.29,False,14,PROBASKETLAB FUENLABRADA,True
9287,INMOBILIARIA GÁLVEZ SANTA CRUZ,15,9.3794,44.365,True,14,PROBASKETLAB FUENLABRADA,True
9288,INMOBILIARIA GÁLVEZ SANTA CRUZ,21,8.95629999999999,28.61,True,14,PROBASKETLAB FUENLABRADA,True
9289,INMOBILIARIA GÁLVEZ SANTA CRUZ,15,22.355,83.311,False,14,PROBASKETLAB FUENLABRADA,True
9290,INMOBILIARIA GÁLVEZ SANTA CRUZ,6,11.918,38.69,False,14,PROBASKETLAB FUENLABRADA,True
9291,INMOBILIARIA GÁLVEZ SANTA CRUZ,24,9.3794,39.576,True,14,PROBASKETLAB FUENLABRADA,True
9292,INMOBILIARIA GÁLVEZ SANTA CRUZ,24,8.8857,61.759,False,14,PROBASKETLAB FUENLABRADA,True
9293,INMOBILIARIA GÁLVEZ SANTA CRUZ,8,26.516,48.52,True,14,PROBASKETLAB FUENLABRADA,True
9294,INMOBILIARIA GÁLVEZ SANTA CRUZ,44,6.77009999999999,63.397,False,14,PROBASKETLAB FUENLABRADA,True
9295,INMOBILIARIA GÁLVEZ SANTA CRUZ,8,32.299,34.282,False,14,PROBASKETLAB FUENLABRADA,True
9296,INMOBILIARIA GÁLVEZ SANTA CRUZ,8,29.055,24.073,True,14,PROBASKETLAB FUENLABRADA,True
9297,INMOBILIARIA GÁLVEZ SANTA CRUZ,15,31.452,75.371,False,14,PROBASKETLAB FUENLABRADA,True
9298,INMOBILIARIA GÁLVEZ SANTA CRUZ,44,31.664,69.699,True,14,PROBASKETLAB FUENLABRADA,True
9299,INMOBILIARIA GÁLVEZ SANTA CRUZ,44,7.61639999999999,93.142,True,14,PROBASKETLAB FUENLABRADA,True
9300,INMOBILIARIA GÁLVEZ SANTA CRUZ,15,27.43,82.555,False,14,PROBASKETLAB FUENLABRADA,True
9301,INMOBILIARIA GÁLVEZ SANTA CRUZ,15,27.926,79.53,False,14,PROBASKETLAB FUENLABRADA,True
9302,INMOBILIARIA GÁLVEZ SANTA CRUZ,44,26.375,84.824,True,14,PROBASKETLAB FUENLABRADA,True
9303,INMOBILIARIA GÁLVEZ SANTA CRUZ,15,11.8477,70.83,False,14,PROBASKETLAB FUENLABRADA,True
9304,INMOBILIARIA GÁLVEZ SANTA CRUZ,8,10.719,59.112,True,14,PROBASKETLAB FUENLABRADA,True
9305,INMOBILIARIA GÁLVEZ SANTA CRUZ,15,9.026,77.766,True,14,PROBASKETLAB FUENLABRADA,True
9306,INMOBILIARIA GÁLVEZ SANTA CRUZ,24,12.411,55.079,True,14,PROBASKETLAB FUENLABRADA,True
9307,INMOBILIARIA GÁLVEZ SANTA CRUZ,15,8.6741,42.727,False,14,PROBASKETLAB FUENLABRADA,True
9308,INMOBILIARIA GÁLVEZ SANTA CRUZ,14,31.875,33.778,True,14,PROBASKETLAB FUENLABRADA,True
9309,INMOBILIARIA GÁLVEZ SANTA CRUZ,15,6.4175,59.49,True,14,PROBASKETLAB FUENLABRADA,True
9310,INMOBILIARIA GÁLVEZ SANTA CRUZ,15,7.7574,40.458,True,14,PROBASKETLAB FUENLABRADA,True
9311,INMOBILIARIA GÁLVEZ SANTA CRUZ,6,8.5331,39.702,True,14,PROBASKETLAB FUENLABRADA,True
9312,INMOBILIARIA GÁLVEZ SANTA CRUZ,15,30.606,21.678,False,14,PROBASKETLAB FUENLABRADA,True
9313,INMOBILIARIA GÁLVEZ SANTA CRUZ,15,10.648,51.5,True,14,PROBASKETLAB FUENLABRADA,True
9314,INMOBILIARIA GÁLVEZ SANTA CRUZ,8,8.25109999999999,41.34,True,14,PROBASKETLAB FUENLABRADA,True
9315,INMOBILIARIA GÁLVEZ SANTA CRUZ,6,15.162,65.918,False,14,PROBASKETLAB FUENLABRADA,True
9316,INMOBILIARIA GÁLVEZ SANTA CRUZ,14,24.964,86.588,False,14,PROBASKETLAB FUENLABRADA,True
9317,INMOBILIARIA GÁLVEZ SANTA CRUZ,6,11.283,58.482,True,14,PROBASKETLAB FUENLABRADA,True
9318,INMOBILIARIA GÁLVEZ SANTA CRUZ,8,9.52049999999999,42.223,False,14,PROBASKETLAB FUENLABRADA,True
9319,INMOBILIARIA GÁLVEZ SANTA CRUZ,21,12.3413,44.239,False,14,PROBASKETLAB FUENLABRADA,True
9320,INMOBILIARIA GÁLVEZ SANTA CRUZ,8,10.719,62.893,True,14,PROBASKETLAB FUENLABRADA,True
9321,INMOBILIARIA GÁLVEZ SANTA CRUZ,8,15.162,54.07,True,14,PROBASKETLAB FUENLABRADA,True
9322,INMOBILIARIA GÁLVEZ SANTA CRUZ,15,11.918,46.76,True,14,PROBASKETLAB FUENLABRADA,True
9323,INMOBILIARIA GÁLVEZ SANTA CRUZ,44,7.12269999999999,3.6551,False,14,PROBASKETLAB FUENLABRADA,True
9324,INMOBILIARIA GÁLVEZ SANTA CRUZ,15,7.12269999999999,79.908,True,14,PROBASKETLAB FUENLABRADA,True
9325,INMOBILIARIA GÁLVEZ SANTA CRUZ,8,14.45699999999999,58.734,False,14,PROBASKETLAB FUENLABRADA,True
9326,INMOBILIARIA GÁLVEZ SANTA CRUZ,24,10.014,56.213,False,14,PROBASKETLAB FUENLABRADA,True
9327,INMOBILIARIA GÁLVEZ SANTA CRUZ,15,26.375,84.824,False,14,PROBASKETLAB FUENLABRADA,True
9328,INMOBILIARIA GÁLVEZ SANTA CRUZ,8,8.8858,42.349,True,14,PROBASKETLAB FUENLABRADA,True
9329,INMOBILIARIA GÁLVEZ SANTA CRUZ,15,30.53,85.454,False,14,PROBASKETLAB FUENLABRADA,True
9330,INMOBILIARIA GÁLVEZ SANTA CRUZ,15,33.7,44.491,False,14,PROBASKETLAB FUENLABRADA,True
9331,INMOBILIARIA GÁLVEZ SANTA CRUZ,8,26.234,50.415,False,14,PROBASKETLAB FUENLABRADA,True
9332,INMOBILIARIA GÁLVEZ SANTA CRUZ,15,9.5204,38.315,True,14,PROBASKETLAB FUENLABRADA,True
9333,INMOBILIARIA GÁLVEZ SANTA CRUZ,6,6.9111,39.324,False,14,PROBASKETLAB FUENLABRADA,True
9334,INMOBILIARIA GÁLVEZ SANTA CRUZ,24,10.296,43.609,True,14,PROBASKETLAB FUENLABRADA,True
9335,INMOBILIARIA GÁLVEZ SANTA CRUZ,44,32.651,78.144,True,14,PROBASKETLAB FUENLABRADA,True
9336,INMOBILIARIA GÁLVEZ SANTA CRUZ,14,27.29,18.275,False,14,PROBASKETLAB FUENLABRADA,True
9337,PROBASKETLAB FUENLABRADA,7,9.87309999999999,40.458,False,14,INMOBILIARIA GÁLVEZ SANTA CRUZ,False
9338,PROBASKETLAB FUENLABRADA,7,28.138,15.88,True,14,INMOBILIARIA GÁLVEZ SANTA CRUZ,False
9339,PROBASKETLAB FUENLABRADA,10,7.96899999999999,39.198,True,14,INMOBILIARIA GÁLVEZ SANTA CRUZ,False
9340,PROBASKETLAB FUENLABRADA,5,32.8632,60.75,False,14,INMOBILIARIA GÁLVEZ SANTA CRUZ,False
9341,PROBASKETLAB FUENLABRADA,7,9.873,60.12,True,14,INMOBILIARIA GÁLVEZ SANTA CRUZ,False
9342,PROBASKETLAB FUENLABRADA,7,8.392,43.357,False,14,INMOBILIARIA GÁLVEZ SANTA CRUZ,False
9343,PROBASKETLAB FUENLABRADA,7,6.4175,62.767,True,14,INMOBILIARIA GÁLVEZ SANTA CRUZ,False
9344,PROBASKETLAB FUENLABRADA,14,15.23269999999999,44.239,False,14,INMOBILIARIA GÁLVEZ SANTA CRUZ,False
9345,PROBASKETLAB FUENLABRADA,7,32.369,30.879,False,14,INMOBILIARIA GÁLVEZ SANTA CRUZ,False
9346,PROBASKETLAB FUENLABRADA,8,9.9436,61.12,False,14,INMOBILIARIA GÁLVEZ SANTA CRUZ,False
9347,PROBASKETLAB FUENLABRADA,7,11.7771,36.803,False,14,INMOBILIARIA GÁLVEZ SANTA CRUZ,False
9348,PROBASKETLAB FUENLABRADA,3,10.7193,71.59,False,14,INMOBILIARIA GÁLVEZ SANTA CRUZ,False
9349,PROBASKETLAB FUENLABRADA,11,13.046,51.045,False,14,INMOBILIARIA GÁLVEZ SANTA CRUZ,False
9350,PROBASKETLAB FUENLABRADA,7,13.7518,42.853,False,14,INMOBILIARIA GÁLVEZ SANTA CRUZ,False
9351,PROBASKETLAB FUENLABRADA,11,7.68689999999999,40.08,True,14,INMOBILIARIA GÁLVEZ SANTA CRUZ,False
9352,PROBASKETLAB FUENLABRADA,3,10.86039999999999,59.364,True,14,INMOBILIARIA GÁLVEZ SANTA CRUZ,False
9353,PROBASKETLAB FUENLABRADA,13,34.908,50.919,True,14,INMOBILIARIA GÁLVEZ SANTA CRUZ,False
9354,PROBASKETLAB FUENLABRADA,7,6.62909999999999,63.649,True,14,INMOBILIARIA GÁLVEZ SANTA CRUZ,False
9355,PROBASKETLAB FUENLABRADA,11,11.706,41.84,True,14,INMOBILIARIA GÁLVEZ SANTA CRUZ,False
9356,PROBASKETLAB FUENLABRADA,11,18.617,54.448,True,14,INMOBILIARIA GÁLVEZ SANTA CRUZ,False
9357,PROBASKETLAB FUENLABRADA,12,11.0014,39.954,True,14,INMOBILIARIA GÁLVEZ SANTA CRUZ,False
9358,PROBASKETLAB FUENLABRADA,14,28.7729,22.182,False,14,INMOBILIARIA GÁLVEZ SANTA CRUZ,False
9359,PROBASKETLAB FUENLABRADA,13,25.74,87.975,True,14,INMOBILIARIA GÁLVEZ SANTA CRUZ,False
9360,PROBASKETLAB FUENLABRADA,8,18.758,54.322,False,14,INMOBILIARIA GÁLVEZ SANTA CRUZ,False
9361,PROBASKETLAB FUENLABRADA,8,12.764,34.156,True,14,INMOBILIARIA GÁLVEZ SANTA CRUZ,False
9362,PROBASKETLAB FUENLABRADA,5,11.283,40.458,True,14,INMOBILIARIA GÁLVEZ SANTA CRUZ,False
9363,PROBASKETLAB FUENLABRADA,8,14.104,49.659,False,14,INMOBILIARIA GÁLVEZ SANTA CRUZ,False
9364,PROBASKETLAB FUENLABRADA,10,12.76449999999999,57.473,False,14,INMOBILIARIA GÁLVEZ SANTA CRUZ,False
9365,PROBASKETLAB FUENLABRADA,7,32.0169,70.83,False,14,INMOBILIARIA GÁLVEZ SANTA CRUZ,False
9366,PROBASKETLAB FUENLABRADA,7,8.67419999999999,43.105,True,14,INMOBILIARIA GÁLVEZ SANTA CRUZ,False
9367,PROBASKETLAB FUENLABRADA,10,7.68689999999999,59.616,True,14,INMOBILIARIA GÁLVEZ SANTA CRUZ,False
9368,PROBASKETLAB FUENLABRADA,14,9.238,43.231,True,14,INMOBILIARIA GÁLVEZ SANTA CRUZ,False
9369,PROBASKETLAB FUENLABRADA,10,7.96899999999999,61.633,True,14,INMOBILIARIA GÁLVEZ SANTA CRUZ,False
9370,PROBASKETLAB FUENLABRADA,2,12.27,53.944,True,14,INMOBILIARIA GÁLVEZ SANTA CRUZ,False
9371,PROBASKETLAB FUENLABRADA,11,11.424,44.995,True,14,INMOBILIARIA GÁLVEZ SANTA CRUZ,False
9372,PROBASKETLAB FUENLABRADA,13,12.1298,45.24,False,14,INMOBILIARIA GÁLVEZ SANTA CRUZ,False
9373,PROBASKETLAB FUENLABRADA,10,4.72499999999999,63.649,True,14,INMOBILIARIA GÁLVEZ SANTA CRUZ,False
9374,PROBASKETLAB FUENLABRADA,8,13.046,40.962,True,14,INMOBILIARIA GÁLVEZ SANTA CRUZ,False
9375,PROBASKETLAB FUENLABRADA,7,10.86,51.423,True,14,INMOBILIARIA GÁLVEZ SANTA CRUZ,False
9376,PROBASKETLAB FUENLABRADA,13,13.469,57.095,False,14,INMOBILIARIA GÁLVEZ SANTA CRUZ,False
9377,PROBASKETLAB FUENLABRADA,13,11.565,59.868,True,14,INMOBILIARIA GÁLVEZ SANTA CRUZ,False
9378,PROBASKETLAB FUENLABRADA,13,36.53,49.407,False,14,INMOBILIARIA GÁLVEZ SANTA CRUZ,False
9379,PROBASKETLAB FUENLABRADA,11,32.792,76.883,False,14,INMOBILIARIA GÁLVEZ SANTA CRUZ,False
9380,PROBASKETLAB FUENLABRADA,8,7.12269999999999,38.8,True,14,INMOBILIARIA GÁLVEZ SANTA CRUZ,False
9381,PROBASKETLAB FUENLABRADA,13,23.272,88.353,False,14,INMOBILIARIA GÁLVEZ SANTA CRUZ,False
9382,PROBASKETLAB FUENLABRADA,13,29.266,83.81,True,14,INMOBILIARIA GÁLVEZ SANTA CRUZ,False
9383,PROBASKETLAB FUENLABRADA,14,8.11,11.091,False,14,INMOBILIARIA GÁLVEZ SANTA CRUZ,False
9384,PROBASKETLAB FUENLABRADA,8,35.119,30.753,False,14,INMOBILIARIA GÁLVEZ SANTA CRUZ,False
9385,PROBASKETLAB FUENLABRADA,3,8.8152,44.869,False,14,INMOBILIARIA GÁLVEZ SANTA CRUZ,False
9386,PROBASKETLAB FUENLABRADA,10,28.349,84.068,True,14,INMOBILIARIA GÁLVEZ SANTA CRUZ,False
9387,PROBASKETLAB FUENLABRADA,8,12.905,55.457,True,14,INMOBILIARIA GÁLVEZ SANTA CRUZ,False
9388,PROBASKETLAB FUENLABRADA,14,33.638,58.608,False,14,INMOBILIARIA GÁLVEZ SANTA CRUZ,False
9389,PROBASKETLAB FUENLABRADA,11,11.918,41.466,False,14,INMOBILIARIA GÁLVEZ SANTA CRUZ,False
9390,PROBASKETLAB FUENLABRADA,7,8.6037,42.979,False,14,INMOBILIARIA GÁLVEZ SANTA CRUZ,False
9391,PROBASKETLAB FUENLABRADA,11,7.33429999999999,63.397,False,14,INMOBILIARIA GÁLVEZ SANTA CRUZ,False
9392,PROBASKETLAB FUENLABRADA,2,11.2835,44.113,False,14,INMOBILIARIA GÁLVEZ SANTA CRUZ,False
9393,PROBASKETLAB FUENLABRADA,7,9.732,61.507,True,14,INMOBILIARIA GÁLVEZ SANTA CRUZ,False
9394,PROBASKETLAB FUENLABRADA,10,33.6389,44.365,False,14,INMOBILIARIA GÁLVEZ SANTA CRUZ,False
9395,PROBASKETLAB FUENLABRADA,10,13.258,95.411,True,14,INMOBILIARIA GÁLVEZ SANTA CRUZ,False
9396,PROBASKETLAB FUENLABRADA,2,6.77009999999999,93.016,True,14,INMOBILIARIA GÁLVEZ SANTA CRUZ,False
9397,SUMIALKI CB CIUDAD DE MOSTOLES,88,5.78279999999999,4.6634,False,14,FUNDACION GLOBALCAJA LA RODA,True
9398,SUMIALKI CB CIUDAD DE MOSTOLES,22,6.6995,41.84,False,14,FUNDACION GLOBALCAJA LA RODA,True
9399,SUMIALKI CB CIUDAD DE MOSTOLES,29,33.0747,73.102,True,14,FUNDACION GLOBALCAJA LA RODA,True
9400,SUMIALKI CB CIUDAD DE MOSTOLES,12,34.555,69.069,False,14,FUNDACION GLOBALCAJA LA RODA,True
9401,SUMIALKI CB CIUDAD DE MOSTOLES,22,24.541,92.008,False,14,FUNDACION GLOBALCAJA LA RODA,True
9402,SUMIALKI CB CIUDAD DE MOSTOLES,22,10.08459999999999,54.448,True,14,FUNDACION GLOBALCAJA LA RODA,True
9403,SUMIALKI CB CIUDAD DE MOSTOLES,29,20.66289999999999,73.732,True,14,FUNDACION GLOBALCAJA LA RODA,True
9404,SUMIALKI CB CIUDAD DE MOSTOLES,29,10.93089999999999,53.314,True,14,FUNDACION GLOBALCAJA LA RODA,True
9405,SUMIALKI CB CIUDAD DE MOSTOLES,25,7.827,49.533,True,14,FUNDACION GLOBALCAJA LA RODA,True
9406,SUMIALKI CB CIUDAD DE MOSTOLES,39,8.11,51.045,True,14,FUNDACION GLOBALCAJA LA RODA,True
9407,SUMIALKI CB CIUDAD DE MOSTOLES,29,8.46259999999999,50.793,True,14,FUNDACION GLOBALCAJA LA RODA,True
9408,SUMIALKI CB CIUDAD DE MOSTOLES,15,32.228,17.141,False,14,FUNDACION GLOBALCAJA LA RODA,True
9409,SUMIALKI CB CIUDAD DE MOSTOLES,29,12.341,53.818,True,14,FUNDACION GLOBALCAJA LA RODA,True
9410,SUMIALKI CB CIUDAD DE MOSTOLES,88,8.251,52.936,False,14,FUNDACION GLOBALCAJA LA RODA,True
9411,SUMIALKI CB CIUDAD DE MOSTOLES,8,36.671,38.69,False,14,FUNDACION GLOBALCAJA LA RODA,True
9412,SUMIALKI CB CIUDAD DE MOSTOLES,15,33.286,22.56,True,14,FUNDACION GLOBALCAJA LA RODA,True
9413,SUMIALKI CB CIUDAD DE MOSTOLES,39,36.882,47.768,False,14,FUNDACION GLOBALCAJA LA RODA,True
9414,SUMIALKI CB CIUDAD DE MOSTOLES,29,28.631,85.202,True,14,FUNDACION GLOBALCAJA LA RODA,True
9415,SUMIALKI CB CIUDAD DE MOSTOLES,25,17.63049999999999,21.93,False,14,FUNDACION GLOBALCAJA LA RODA,True
9416,SUMIALKI CB CIUDAD DE MOSTOLES,88,10.719,59.868,True,14,FUNDACION GLOBALCAJA LA RODA,True
9417,SUMIALKI CB CIUDAD DE MOSTOLES,8,32.792,27.98,True,14,FUNDACION GLOBALCAJA LA RODA,True
9418,SUMIALKI CB CIUDAD DE MOSTOLES,6,10.719,5.4196,False,14,FUNDACION GLOBALCAJA LA RODA,True
9419,SUMIALKI CB CIUDAD DE MOSTOLES,8,10.08459999999999,51.423,True,14,FUNDACION GLOBALCAJA LA RODA,True
9420,SUMIALKI CB CIUDAD DE MOSTOLES,88,8.3216,59.49,False,14,FUNDACION GLOBALCAJA LA RODA,True
9421,SUMIALKI CB CIUDAD DE MOSTOLES,39,21.861,94.403,False,14,FUNDACION GLOBALCAJA LA RODA,True
9422,SUMIALKI CB CIUDAD DE MOSTOLES,22,8.5331,46.634,True,14,FUNDACION GLOBALCAJA LA RODA,True
9423,SUMIALKI CB CIUDAD DE MOSTOLES,15,7.68689999999999,38.441,False,14,FUNDACION GLOBALCAJA LA RODA,True
9424,SUMIALKI CB CIUDAD DE MOSTOLES,22,7.4753,51.297,False,14,FUNDACION GLOBALCAJA LA RODA,True
9425,SUMIALKI CB CIUDAD DE MOSTOLES,22,14.88,83.185,False,14,FUNDACION GLOBALCAJA LA RODA,True
9426,SUMIALKI CB CIUDAD DE MOSTOLES,88,13.258,56.969,True,14,FUNDACION GLOBALCAJA LA RODA,True
9427,SUMIALKI CB CIUDAD DE MOSTOLES,8,11.42449999999999,46.004,False,14,FUNDACION GLOBALCAJA LA RODA,True
9428,SUMIALKI CB CIUDAD DE MOSTOLES,29,12.059,48.52,True,14,FUNDACION GLOBALCAJA LA RODA,True
9429,SUMIALKI CB CIUDAD DE MOSTOLES,22,34.485,70.581,False,14,FUNDACION GLOBALCAJA LA RODA,True
9430,SUMIALKI CB CIUDAD DE MOSTOLES,88,10.014,48.777,True,14,FUNDACION GLOBALCAJA LA RODA,True
9431,SUMIALKI CB CIUDAD DE MOSTOLES,29,37.306,52.054,True,14,FUNDACION GLOBALCAJA LA RODA,True
9432,SUMIALKI CB CIUDAD DE MOSTOLES,15,32.087,75.875,False,14,FUNDACION GLOBALCAJA LA RODA,True
9433,SUMIALKI CB CIUDAD DE MOSTOLES,88,30.888,18.401,False,14,FUNDACION GLOBALCAJA LA RODA,True
9434,SUMIALKI CB CIUDAD DE MOSTOLES,11,31.734,24.703,False,14,FUNDACION GLOBALCAJA LA RODA,True
9435,SUMIALKI CB CIUDAD DE MOSTOLES,22,30.677,15.376,False,14,FUNDACION GLOBALCAJA LA RODA,True
9436,SUMIALKI CB CIUDAD DE MOSTOLES,88,9.59099999999999,55.961,False,14,FUNDACION GLOBALCAJA LA RODA,True
9437,SUMIALKI CB CIUDAD DE MOSTOLES,88,8.8152,52.558,False,14,FUNDACION GLOBALCAJA LA RODA,True
9438,SUMIALKI CB CIUDAD DE MOSTOLES,39,28.843,83.563,False,14,FUNDACION GLOBALCAJA LA RODA,True
9439,SUMIALKI CB CIUDAD DE MOSTOLES,22,31.805,16.0,True,14,FUNDACION GLOBALCAJA LA RODA,True
9440,SUMIALKI CB CIUDAD DE MOSTOLES,8,17.2779,72.976,True,14,FUNDACION GLOBALCAJA LA RODA,True
9441,SUMIALKI CB CIUDAD DE MOSTOLES,8,12.693,73.606,True,14,FUNDACION GLOBALCAJA LA RODA,True
9442,SUMIALKI CB CIUDAD DE MOSTOLES,29,34.9788,73.858,False,14,FUNDACION GLOBALCAJA LA RODA,True
9443,SUMIALKI CB CIUDAD DE MOSTOLES,39,9.873,51.045,False,14,FUNDACION GLOBALCAJA LA RODA,True
9444,SUMIALKI CB CIUDAD DE MOSTOLES,11,8.1805,42.223,True,14,FUNDACION GLOBALCAJA LA RODA,True
9445,SUMIALKI CB CIUDAD DE MOSTOLES,15,11.2835,52.684,True,14,FUNDACION GLOBALCAJA LA RODA,True
9446,SUMIALKI CB CIUDAD DE MOSTOLES,39,10.578,48.02,False,14,FUNDACION GLOBALCAJA LA RODA,True
9447,SUMIALKI CB CIUDAD DE MOSTOLES,12,37.447,59.616,False,14,FUNDACION GLOBALCAJA LA RODA,True
9448,SUMIALKI CB CIUDAD DE MOSTOLES,22,8.74469999999999,53.314,True,14,FUNDACION GLOBALCAJA LA RODA,True
9449,SUMIALKI CB CIUDAD DE MOSTOLES,22,31.664,13.36,False,14,FUNDACION GLOBALCAJA LA RODA,True
9450,SUMIALKI CB CIUDAD DE MOSTOLES,88,7.40479999999999,55.961,True,14,FUNDACION GLOBALCAJA LA RODA,True
9451,SUMIALKI CB CIUDAD DE MOSTOLES,29,30.253,24.451,False,14,FUNDACION GLOBALCAJA LA RODA,True
9452,SUMIALKI CB CIUDAD DE MOSTOLES,12,23.836,9.0748,False,14,FUNDACION GLOBALCAJA LA RODA,True
9453,SUMIALKI CB CIUDAD DE MOSTOLES,29,10.155,52.432,True,14,FUNDACION GLOBALCAJA LA RODA,True
9454,SUMIALKI CB CIUDAD DE MOSTOLES,29,29.76,79.152,True,14,FUNDACION GLOBALCAJA LA RODA,True
9455,SUMIALKI CB CIUDAD DE MOSTOLES,29,21.932,74.867,False,14,FUNDACION GLOBALCAJA LA RODA,True
9456,SUMIALKI CB CIUDAD DE MOSTOLES,88,9.3088,17.645,False,14,FUNDACION GLOBALCAJA LA RODA,True
9457,SUMIALKI CB CIUDAD DE MOSTOLES,39,31.311,80.412,True,14,FUNDACION GLOBALCAJA LA RODA,True
9458,SUMIALKI CB CIUDAD DE MOSTOLES,11,23.131,9.831,True,14,FUNDACION GLOBALCAJA LA RODA,True
9459,SUMIALKI CB CIUDAD DE MOSTOLES,29,34.978,50.415,True,14,FUNDACION GLOBALCAJA LA RODA,True
9460,SUMIALKI CB CIUDAD DE MOSTOLES,88,9.59099999999999,55.961,False,14,FUNDACION GLOBALCAJA LA RODA,True
9461,SUMIALKI CB CIUDAD DE MOSTOLES,29,31.382,78.396,True,14,FUNDACION GLOBALCAJA LA RODA,True
9462,SUMIALKI CB CIUDAD DE MOSTOLES,22,33.286,81.295,False,14,FUNDACION GLOBALCAJA LA RODA,True
9463,SUMIALKI CB CIUDAD DE MOSTOLES,29,30.818,24.325,True,14,FUNDACION GLOBALCAJA LA RODA,True
9464,SUMIALKI CB CIUDAD DE MOSTOLES,25,35.8251,48.27,False,14,FUNDACION GLOBALCAJA LA RODA,True
9465,FUNDACION GLOBALCAJA LA RODA,20,7.404,47.642,False,14,SUMIALKI CB CIUDAD DE MOSTOLES,False
9466,FUNDACION GLOBALCAJA LA RODA,25,10.64879999999999,51.171,True,14,SUMIALKI CB CIUDAD DE MOSTOLES,False
9467,FUNDACION GLOBALCAJA LA RODA,0,8.392,51.297,True,14,SUMIALKI CB CIUDAD DE MOSTOLES,False
9468,FUNDACION GLOBALCAJA LA RODA,9,30.324,77.766,False,14,SUMIALKI CB CIUDAD DE MOSTOLES,False
9469,FUNDACION GLOBALCAJA LA RODA,4,9.02679999999999,53.314,True,14,SUMIALKI CB CIUDAD DE MOSTOLES,False
9470,FUNDACION GLOBALCAJA LA RODA,4,8.6037,51.045,False,14,SUMIALKI CB CIUDAD DE MOSTOLES,False
9471,FUNDACION GLOBALCAJA LA RODA,0,10.366,67.178,False,14,SUMIALKI CB CIUDAD DE MOSTOLES,False
9472,FUNDACION GLOBALCAJA LA RODA,4,7.3342,55.205,True,14,SUMIALKI CB CIUDAD DE MOSTOLES,False
9473,FUNDACION GLOBALCAJA LA RODA,20,11.21,47.39,False,14,SUMIALKI CB CIUDAD DE MOSTOLES,False
9474,FUNDACION GLOBALCAJA LA RODA,7,10.578,50.289,False,14,SUMIALKI CB CIUDAD DE MOSTOLES,False
9475,FUNDACION GLOBALCAJA LA RODA,4,8.6741,50.037,True,14,SUMIALKI CB CIUDAD DE MOSTOLES,False
9476,FUNDACION GLOBALCAJA LA RODA,20,9.3794,45.5,True,14,SUMIALKI CB CIUDAD DE MOSTOLES,False
9477,FUNDACION GLOBALCAJA LA RODA,4,7.6163,49.659,True,14,SUMIALKI CB CIUDAD DE MOSTOLES,False
9478,FUNDACION GLOBALCAJA LA RODA,10,8.8857,48.146,False,14,SUMIALKI CB CIUDAD DE MOSTOLES,False
9479,FUNDACION GLOBALCAJA LA RODA,4,30.677,78.144,False,14,SUMIALKI CB CIUDAD DE MOSTOLES,False
9480,FUNDACION GLOBALCAJA LA RODA,33,22.214,92.764,False,14,SUMIALKI CB CIUDAD DE MOSTOLES,False
9481,FUNDACION GLOBALCAJA LA RODA,25,8.392,53.314,False,14,SUMIALKI CB CIUDAD DE MOSTOLES,False
9482,FUNDACION GLOBALCAJA LA RODA,4,30.818,86.336,False,14,SUMIALKI CB CIUDAD DE MOSTOLES,False
9483,FUNDACION GLOBALCAJA LA RODA,4,5.641,52.684,True,14,SUMIALKI CB CIUDAD DE MOSTOLES,False
9484,FUNDACION GLOBALCAJA LA RODA,20,6.77009999999999,55.709,True,14,SUMIALKI CB CIUDAD DE MOSTOLES,False
9485,FUNDACION GLOBALCAJA LA RODA,25,9.59099999999999,49.029,True,14,SUMIALKI CB CIUDAD DE MOSTOLES,False
9486,FUNDACION GLOBALCAJA LA RODA,20,18.617,6.0498,False,14,SUMIALKI CB CIUDAD DE MOSTOLES,False
9487,FUNDACION GLOBALCAJA LA RODA,4,34.9788,51.423,False,14,SUMIALKI CB CIUDAD DE MOSTOLES,False
9488,FUNDACION GLOBALCAJA LA RODA,0,19.81659999999999,25.207,True,14,SUMIALKI CB CIUDAD DE MOSTOLES,False
9489,FUNDACION GLOBALCAJA LA RODA,25,10.014,51.423,True,14,SUMIALKI CB CIUDAD DE MOSTOLES,False
9490,FUNDACION GLOBALCAJA LA RODA,25,8.5331,57.725,False,14,SUMIALKI CB CIUDAD DE MOSTOLES,False
9491,FUNDACION GLOBALCAJA LA RODA,20,5.21859999999999,50.793,True,14,SUMIALKI CB CIUDAD DE MOSTOLES,False
9492,FUNDACION GLOBALCAJA LA RODA,20,5.78279999999999,50.793,True,14,SUMIALKI CB CIUDAD DE MOSTOLES,False
9493,FUNDACION GLOBALCAJA LA RODA,4,9.52049999999999,48.903,True,14,SUMIALKI CB CIUDAD DE MOSTOLES,False
9494,FUNDACION GLOBALCAJA LA RODA,10,12.2,96.167,True,14,SUMIALKI CB CIUDAD DE MOSTOLES,False
9495,FUNDACION GLOBALCAJA LA RODA,0,11.071,50.289,True,14,SUMIALKI CB CIUDAD DE MOSTOLES,False
9496,FUNDACION GLOBALCAJA LA RODA,9,36.248,45.374,False,14,SUMIALKI CB CIUDAD DE MOSTOLES,False
9497,FUNDACION GLOBALCAJA LA RODA,4,8.8857,48.146,False,14,SUMIALKI CB CIUDAD DE MOSTOLES,False
9498,FUNDACION GLOBALCAJA LA RODA,25,9.449,50.415,True,14,SUMIALKI CB CIUDAD DE MOSTOLES,False
9499,FUNDACION GLOBALCAJA LA RODA,9,8.74469999999999,55.583,True,14,SUMIALKI CB CIUDAD DE MOSTOLES,False
9500,FUNDACION GLOBALCAJA LA RODA,4,7.827,53.188,True,14,SUMIALKI CB CIUDAD DE MOSTOLES,False
9501,FUNDACION GLOBALCAJA LA RODA,9,8.95629999999999,57.221,False,14,SUMIALKI CB CIUDAD DE MOSTOLES,False
9502,FUNDACION GLOBALCAJA LA RODA,4,17.559,54.7,False,14,SUMIALKI CB CIUDAD DE MOSTOLES,False
9503,FUNDACION GLOBALCAJA LA RODA,4,29.407,90.622,False,14,SUMIALKI CB CIUDAD DE MOSTOLES,False
9504,FUNDACION GLOBALCAJA LA RODA,0,31.241,17.393,True,14,SUMIALKI CB CIUDAD DE MOSTOLES,False
9505,FUNDACION GLOBALCAJA LA RODA,0,29.196,80.53,False,14,SUMIALKI CB CIUDAD DE MOSTOLES,False
9506,FUNDACION GLOBALCAJA LA RODA,25,9.52049999999999,53.692,False,14,SUMIALKI CB CIUDAD DE MOSTOLES,False
9507,FUNDACION GLOBALCAJA LA RODA,0,9.52049999999999,52.432,False,14,SUMIALKI CB CIUDAD DE MOSTOLES,False
9508,FUNDACION GLOBALCAJA LA RODA,0,31.452,80.66,False,14,SUMIALKI CB CIUDAD DE MOSTOLES,False
9509,FUNDACION GLOBALCAJA LA RODA,4,15.232,24.451,False,14,SUMIALKI CB CIUDAD DE MOSTOLES,False
9510,FUNDACION GLOBALCAJA LA RODA,25,11.988,52.306,True,14,SUMIALKI CB CIUDAD DE MOSTOLES,False
9511,FUNDACION GLOBALCAJA LA RODA,4,6.9111,42.349,False,14,SUMIALKI CB CIUDAD DE MOSTOLES,False
9512,FUNDACION GLOBALCAJA LA RODA,4,5.9943,49.281,True,14,SUMIALKI CB CIUDAD DE MOSTOLES,False
9513,FUNDACION GLOBALCAJA LA RODA,25,8.6037,52.936,True,14,SUMIALKI CB CIUDAD DE MOSTOLES,False
9514,FUNDACION GLOBALCAJA LA RODA,4,34.626,52.684,False,14,SUMIALKI CB CIUDAD DE MOSTOLES,False
9515,FUNDACION GLOBALCAJA LA RODA,9,34.555,79.026,False,14,SUMIALKI CB CIUDAD DE MOSTOLES,False
9516,FUNDACION GLOBALCAJA LA RODA,6,33.7,28.484,True,14,SUMIALKI CB CIUDAD DE MOSTOLES,False
9517,FUNDACION GLOBALCAJA LA RODA,10,6.9111,60.876,False,14,SUMIALKI CB CIUDAD DE MOSTOLES,False
9518,FUNDACION GLOBALCAJA LA RODA,20,9.2383,53.188,False,14,SUMIALKI CB CIUDAD DE MOSTOLES,False
9519,FUNDACION GLOBALCAJA LA RODA,6,6.9111,60.876,True,14,SUMIALKI CB CIUDAD DE MOSTOLES,False
9520,FUNDACION GLOBALCAJA LA RODA,4,29.196,80.53,False,14,SUMIALKI CB CIUDAD DE MOSTOLES,False
9521,FUNDACION GLOBALCAJA LA RODA,10,7.7574,54.82,True,14,SUMIALKI CB CIUDAD DE MOSTOLES,False
9522,FUNDACION GLOBALCAJA LA RODA,9,10.578,49.785,True,14,SUMIALKI CB CIUDAD DE MOSTOLES,False
9523,FUNDACION GLOBALCAJA LA RODA,9,35.26,77.766,False,14,SUMIALKI CB CIUDAD DE MOSTOLES,False
9524,FUNDACION GLOBALCAJA LA RODA,20,8.46259999999999,53.314,True,14,SUMIALKI CB CIUDAD DE MOSTOLES,False
9525,FUNDACION GLOBALCAJA LA RODA,20,9.59099999999999,46.13,False,14,SUMIALKI CB CIUDAD DE MOSTOLES,False
9526,FUNDACION GLOBALCAJA LA RODA,4,12.411,42.223,True,14,SUMIALKI CB CIUDAD DE MOSTOLES,False
9527,FUNDACION GLOBALCAJA LA RODA,6,28.279,86.96,False,14,SUMIALKI CB CIUDAD DE MOSTOLES,False
9528,FUNDACION GLOBALCAJA LA RODA,25,6.9816,45.752,False,14,SUMIALKI CB CIUDAD DE MOSTOLES,False
9529,FUNDACION GLOBALCAJA LA RODA,0,7.3342,50.037,True,14,SUMIALKI CB CIUDAD DE MOSTOLES,False
9530,FUNDACION GLOBALCAJA LA RODA,4,8.3216,48.903,True,14,SUMIALKI CB CIUDAD DE MOSTOLES,False
9531,FUNDACION GLOBALCAJA LA RODA,20,22.9196,9.0748,False,14,SUMIALKI CB CIUDAD DE MOSTOLES,False
9532,FUNDACION GLOBALCAJA LA RODA,9,26.727,14.116,False,14,SUMIALKI CB CIUDAD DE MOSTOLES,False
9533,FUNDACION GLOBALCAJA LA RODA,4,11.636,72.976,False,14,SUMIALKI CB CIUDAD DE MOSTOLES,False
9534,FUNDACION GLOBALCAJA LA RODA,3,30.3949,16.511,True,14,SUMIALKI CB CIUDAD DE MOSTOLES,False
9535,FUNDACION GLOBALCAJA LA RODA,4,7.9689,48.39,False,14,SUMIALKI CB CIUDAD DE MOSTOLES,False
9536,FUNDACION GLOBALCAJA LA RODA,3,33.0747,67.304,True,14,SUMIALKI CB CIUDAD DE MOSTOLES,False
9537,FUNDACION GLOBALCAJA LA RODA,0,27.57,10.461,True,14,SUMIALKI CB CIUDAD DE MOSTOLES,False
9538,FUNDACION GLOBALCAJA LA RODA,6,29.055,17.897,False,14,SUMIALKI CB CIUDAD DE MOSTOLES,False
9539,TOBARRA CB,26,8.0395,54.448,False,15,EL VENTERO CBV,True
9540,TOBARRA CB,31,7.4753,47.516,True,15,EL VENTERO CBV,True
9541,TOBARRA CB,34,24.118,52.81,False,15,EL VENTERO CBV,True
9542,TOBARRA CB,26,10.296,50.919,False,15,EL VENTERO CBV,True
9543,TOBARRA CB,82,26.798,85.832,False,15,EL VENTERO CBV,True
9544,TOBARRA CB,34,7.263,51.171,False,15,EL VENTERO CBV,True
9545,TOBARRA CB,21,29.407,71.716,False,15,EL VENTERO CBV,True
9546,TOBARRA CB,26,6.9816,52.81,True,15,EL VENTERO CBV,True
9547,TOBARRA CB,82,32.933,49.785,True,15,EL VENTERO CBV,True
9548,TOBARRA CB,5,29.3371,79.782,False,15,EL VENTERO CBV,True
9549,TOBARRA CB,21,14.245,52.054,True,15,EL VENTERO CBV,True
9550,TOBARRA CB,5,32.651,20.922,False,15,EL VENTERO CBV,True
9551,TOBARRA CB,21,7.61639999999999,92.512,False,15,EL VENTERO CBV,True
9552,TOBARRA CB,5,15.655,51.928,False,15,EL VENTERO CBV,True
9553,TOBARRA CB,21,12.411,49.407,False,15,EL VENTERO CBV,True
9554,TOBARRA CB,21,18.899,26.972,False,15,EL VENTERO CBV,True
9555,TOBARRA CB,5,27.009,87.471,False,15,EL VENTERO CBV,True
9556,TOBARRA CB,21,31.593,82.681,False,15,EL VENTERO CBV,True
9557,TOBARRA CB,21,11.49509999999999,50.541,False,15,EL VENTERO CBV,True
9558,TOBARRA CB,82,29.9013,80.917,False,15,EL VENTERO CBV,True
9559,TOBARRA CB,82,7.61639999999999,49.029,True,15,EL VENTERO CBV,True
9560,TOBARRA CB,31,13.469,54.196,False,15,EL VENTERO CBV,True
9561,TOBARRA CB,5,6.77009999999999,7.4363,False,15,EL VENTERO CBV,True
9562,TOBARRA CB,26,10.4372,56.717,False,15,EL VENTERO CBV,True
9563,TOBARRA CB,34,8.5331,49.281,True,15,EL VENTERO CBV,True
9564,TOBARRA CB,34,8.6741,53.062,True,15,EL VENTERO CBV,True
9565,TOBARRA CB,82,8.5331,93.39,True,15,EL VENTERO CBV,True
9566,TOBARRA CB,26,32.299,33.526,True,15,EL VENTERO CBV,True
9567,TOBARRA CB,31,23.62479999999999,49.533,False,15,EL VENTERO CBV,True
9568,TOBARRA CB,7,8.4626,54.82,True,15,EL VENTERO CBV,True
9569,TOBARRA CB,6,10.93,50.541,True,15,EL VENTERO CBV,True
9570,TOBARRA CB,26,11.49509999999999,52.936,True,15,EL VENTERO CBV,True
9571,TOBARRA CB,7,16.7137,23.695,False,15,EL VENTERO CBV,True
9572,TOBARRA CB,82,14.739,52.18,True,15,EL VENTERO CBV,True
9573,TOBARRA CB,31,6.6996,49.911,True,15,EL VENTERO CBV,True
9574,TOBARRA CB,31,15.162,48.27,False,15,EL VENTERO CBV,True
9575,TOBARRA CB,6,31.311,79.278,False,15,EL VENTERO CBV,True
9576,TOBARRA CB,82,23.554,50.163,True,15,EL VENTERO CBV,True
9577,TOBARRA CB,26,32.016,52.306,False,15,EL VENTERO CBV,True
9578,TOBARRA CB,5,33.921,59.616,False,15,EL VENTERO CBV,True
9579,TOBARRA CB,21,9.59099999999999,76.379,False,15,EL VENTERO CBV,True
9580,TOBARRA CB,5,33.004,48.52,False,15,EL VENTERO CBV,True
9581,TOBARRA CB,26,10.155,54.448,True,15,EL VENTERO CBV,True
9582,TOBARRA CB,82,18.75879999999999,32.26,False,15,EL VENTERO CBV,True
9583,TOBARRA CB,26,33.85,55.961,False,15,EL VENTERO CBV,True
9584,EL VENTERO CBV,10,9.52049999999999,56.591,False,15,TOBARRA CB,False
9585,EL VENTERO CBV,22,9.9436,50.541,True,15,TOBARRA CB,False
9586,EL VENTERO CBV,1,9.80249999999999,93.016,True,15,TOBARRA CB,False
9587,EL VENTERO CBV,21,7.68689999999999,46.004,False,15,TOBARRA CB,False
9588,EL VENTERO CBV,21,32.722,28.484,False,15,TOBARRA CB,False
9589,EL VENTERO CBV,41,18.688,7.0581,False,15,TOBARRA CB,False
9590,EL VENTERO CBV,0,23.554,89.613,False,15,TOBARRA CB,False
9591,EL VENTERO CBV,21,30.747,75.371,False,15,TOBARRA CB,False
9592,EL VENTERO CBV,22,24.4,81.421,False,15,TOBARRA CB,False
9593,EL VENTERO CBV,41,7.61639999999999,52.054,False,15,TOBARRA CB,False
9594,EL VENTERO CBV,10,8.8152,52.18,False,15,TOBARRA CB,False
9595,EL VENTERO CBV,18,8.4626,54.574,False,15,TOBARRA CB,False
9596,EL VENTERO CBV,41,9.6615,53.062,False,15,TOBARRA CB,False
9597,EL VENTERO CBV,0,5.2891,5.0415,True,15,TOBARRA CB,False
9598,EL VENTERO CBV,41,4.5134,93.268,True,15,TOBARRA CB,False
9599,EL VENTERO CBV,3,12.623,79.782,False,15,TOBARRA CB,False
9600,EL VENTERO CBV,41,9.5909,47.516,True,15,TOBARRA CB,False
9601,EL VENTERO CBV,18,11.2835,49.911,False,15,TOBARRA CB,False
9602,EL VENTERO CBV,1,30.747,71.59,True,15,TOBARRA CB,False
9603,EL VENTERO CBV,41,29.407,32.1,True,15,TOBARRA CB,False
9604,EL VENTERO CBV,10,32.51,19.4,True,15,TOBARRA CB,False
9605,EL VENTERO CBV,15,9.5204,49.785,True,15,TOBARRA CB,False
9606,EL VENTERO CBV,0,29.266,22.182,False,15,TOBARRA CB,False
9607,EL VENTERO CBV,0,28.772,88.227,False,15,TOBARRA CB,False
9608,EL VENTERO CBV,10,27.009,86.21,False,15,TOBARRA CB,False
9609,EL VENTERO CBV,1,29.619,87.849,False,15,TOBARRA CB,False
9610,EL VENTERO CBV,0,7.89839999999999,51.171,True,15,TOBARRA CB,False
9611,EL VENTERO CBV,41,11.847,50.793,True,15,TOBARRA CB,False
9612,EL VENTERO CBV,18,9.238,50.541,True,15,TOBARRA CB,False
9613,EL VENTERO CBV,10,8.1,71.716,False,15,TOBARRA CB,False
9614,EL VENTERO CBV,41,22.355,92.386,False,15,TOBARRA CB,False
9615,EL VENTERO CBV,1,32.0169,67.052,True,15,TOBARRA CB,False
9616,EL VENTERO CBV,27,29.76,78.648,True,15,TOBARRA CB,False
9617,EL VENTERO CBV,1,7.6163,51.423,True,15,TOBARRA CB,False
9618,EL VENTERO CBV,10,6.34699999999999,47.012,True,15,TOBARRA CB,False
9619,EL VENTERO CBV,0,33.074,64.65,True,15,TOBARRA CB,False
9620,EL VENTERO CBV,21,32.933,53.692,True,15,TOBARRA CB,False
9621,EL VENTERO CBV,10,36.318,54.322,False,15,TOBARRA CB,False
9622,EL VENTERO CBV,0,8.95629999999999,59.49,False,15,TOBARRA CB,False
9623,EL VENTERO CBV,22,8.95629999999999,6.0498,False,15,TOBARRA CB,False
9624,EL VENTERO CBV,27,6.77009999999999,54.322,True,15,TOBARRA CB,False
9625,EL VENTERO CBV,1,31.593,83.689,False,15,TOBARRA CB,False
9626,EL VENTERO CBV,0,21.156,95.033,False,15,TOBARRA CB,False
9627,EL VENTERO CBV,18,11.071,56.591,False,15,TOBARRA CB,False
9628,EL VENTERO CBV,0,8.7447,59.112,False,15,TOBARRA CB,False
9629,EL VENTERO CBV,22,8.25109999999999,93.142,True,15,TOBARRA CB,False
9630,EL VENTERO CBV,0,11.636,45.5,False,15,TOBARRA CB,False
9631,EL VENTERO CBV,15,29.407,16.889,True,15,TOBARRA CB,False
9632,EL VENTERO CBV,10,31.452,75.749,False,15,TOBARRA CB,False
9633,EL VENTERO CBV,1,8.6036,51.67,True,15,TOBARRA CB,False
9634,EL VENTERO CBV,10,35.966,40.332,False,15,TOBARRA CB,False
9635,EL VENTERO CBV,0,14.033,50.415,True,15,TOBARRA CB,False
9636,EL VENTERO CBV,10,7.68689999999999,7.3102,False,15,TOBARRA CB,False
9637,EL VENTERO CBV,21,28.138,16.25,False,15,TOBARRA CB,False
9638,EL VENTERO CBV,10,23.624,90.874,False,15,TOBARRA CB,False
9639,EL VENTERO CBV,1,11.495,26.468,False,15,TOBARRA CB,False
9640,EL VENTERO CBV,0,11.283,55.331,False,15,TOBARRA CB,False
9641,EL VENTERO CBV,41,12.482,44.743,True,15,TOBARRA CB,False
9642,EL VENTERO CBV,1,9.87309999999999,45.626,True,15,TOBARRA CB,False
9643,EL VENTERO CBV,10,28.843,20.292,False,15,TOBARRA CB,False
9644,EL VENTERO CBV,0,23.06,88.731,True,15,TOBARRA CB,False
9645,EL VENTERO CBV,10,12.764,50.415,True,15,TOBARRA CB,False
9646,FUNDACION GLOBALCAJA LA RODA,9,7.9081,57.333,True,15,BALONCESTO ALCALA,True
9647,FUNDACION GLOBALCAJA LA RODA,25,12.0275,50.54,True,15,BALONCESTO ALCALA,True
9648,FUNDACION GLOBALCAJA LA RODA,9,36.215,76.391,True,15,BALONCESTO ALCALA,True
9649,FUNDACION GLOBALCAJA LA RODA,3,32.202,71.485,False,15,BALONCESTO ALCALA,True
9650,FUNDACION GLOBALCAJA LA RODA,13,13.717,51.861,False,15,BALONCESTO ALCALA,True
9651,FUNDACION GLOBALCAJA LA RODA,4,9.703,56.578,True,15,BALONCESTO ALCALA,True
9652,FUNDACION GLOBALCAJA LA RODA,9,30.195,19.218,True,15,BALONCESTO ALCALA,True
9653,FUNDACION GLOBALCAJA LA RODA,10,10.126,40.162,True,15,BALONCESTO ALCALA,True
9654,FUNDACION GLOBALCAJA LA RODA,25,9.38689999999999,45.257,False,15,BALONCESTO ALCALA,True
9655,FUNDACION GLOBALCAJA LA RODA,3,38.539,27.709,False,15,BALONCESTO ALCALA,True
9656,FUNDACION GLOBALCAJA LA RODA,6,34.948,59.597,True,15,BALONCESTO ALCALA,True
9657,FUNDACION GLOBALCAJA LA RODA,20,9.2813,45.257,True,15,BALONCESTO ALCALA,True
9658,FUNDACION GLOBALCAJA LA RODA,2,34.631,20.727,True,15,BALONCESTO ALCALA,True
9659,FUNDACION GLOBALCAJA LA RODA,4,7.69689999999999,38.653,True,15,BALONCESTO ALCALA,True
9660,FUNDACION GLOBALCAJA LA RODA,6,31.885,77.523,False,15,BALONCESTO ALCALA,True
9661,FUNDACION GLOBALCAJA LA RODA,9,5.6899,4.1231,True,15,BALONCESTO ALCALA,True
9662,FUNDACION GLOBALCAJA LA RODA,4,8.85869999999999,57.333,True,15,BALONCESTO ALCALA,True
9663,FUNDACION GLOBALCAJA LA RODA,9,6.112,7.5195,False,15,BALONCESTO ALCALA,True
9664,FUNDACION GLOBALCAJA LA RODA,4,8.9644,44.691,True,15,BALONCESTO ALCALA,True
9665,FUNDACION GLOBALCAJA LA RODA,25,8.85869999999999,50.163,True,15,BALONCESTO ALCALA,True
9666,FUNDACION GLOBALCAJA LA RODA,10,8.119,41.106,True,15,BALONCESTO ALCALA,True
9667,FUNDACION GLOBALCAJA LA RODA,0,11.71,46.012,False,15,BALONCESTO ALCALA,True
9668,FUNDACION GLOBALCAJA LA RODA,25,13.928,50.54,True,15,BALONCESTO ALCALA,True
9669,FUNDACION GLOBALCAJA LA RODA,13,5.3731,96.58,True,15,BALONCESTO ALCALA,True
9670,FUNDACION GLOBALCAJA LA RODA,4,4.0,94.69,False,15,BALONCESTO ALCALA,True
9671,FUNDACION GLOBALCAJA LA RODA,6,5.3731,95.826,False,15,BALONCESTO ALCALA,True
9672,FUNDACION GLOBALCAJA LA RODA,0,22.378,27.143,False,15,BALONCESTO ALCALA,True
9673,FUNDACION GLOBALCAJA LA RODA,2,6.112,96.392,False,15,BALONCESTO ALCALA,True
9674,FUNDACION GLOBALCAJA LA RODA,25,9.1756,53.937,False,15,BALONCESTO ALCALA,True
9675,FUNDACION GLOBALCAJA LA RODA,2,26.92,11.67,False,15,BALONCESTO ALCALA,True
9676,FUNDACION GLOBALCAJA LA RODA,2,7.38,44.502,True,15,BALONCESTO ALCALA,True
9677,FUNDACION GLOBALCAJA LA RODA,25,8.225,56.956,True,15,BALONCESTO ALCALA,True
9678,FUNDACION GLOBALCAJA LA RODA,25,6.0068,56.201,True,15,BALONCESTO ALCALA,True
9679,FUNDACION GLOBALCAJA LA RODA,0,33.04,22.992,False,15,BALONCESTO ALCALA,True
9680,FUNDACION GLOBALCAJA LA RODA,20,4.3169,90.92,False,15,BALONCESTO ALCALA,True
9681,FUNDACION GLOBALCAJA LA RODA,13,8.119,41.29,True,15,BALONCESTO ALCALA,True
9682,FUNDACION GLOBALCAJA LA RODA,2,26.181,13.368,False,15,BALONCESTO ALCALA,True
9683,FUNDACION GLOBALCAJA LA RODA,9,33.469,21.105,False,15,BALONCESTO ALCALA,True
9684,FUNDACION GLOBALCAJA LA RODA,0,20.16079999999999,58.465,True,15,BALONCESTO ALCALA,True
9685,FUNDACION GLOBALCAJA LA RODA,25,15.61879999999999,46.2,False,15,BALONCESTO ALCALA,True
9686,FUNDACION GLOBALCAJA LA RODA,20,7.8024,94.882,False,15,BALONCESTO ALCALA,True
9687,FUNDACION GLOBALCAJA LA RODA,4,10.971,46.012,False,15,BALONCESTO ALCALA,True
9688,FUNDACION GLOBALCAJA LA RODA,20,7.9081,45.257,True,15,BALONCESTO ALCALA,True
9689,FUNDACION GLOBALCAJA LA RODA,4,11.81629999999999,48.276,True,15,BALONCESTO ALCALA,True
9690,FUNDACION GLOBALCAJA LA RODA,2,12.555,49.219,True,15,BALONCESTO ALCALA,True
9691,FUNDACION GLOBALCAJA LA RODA,3,8.7531,43.936,True,15,BALONCESTO ALCALA,True
9692,FUNDACION GLOBALCAJA LA RODA,25,9.8093,53.748,True,15,BALONCESTO ALCALA,True
9693,FUNDACION GLOBALCAJA LA RODA,2,8.6475,7.8968,False,15,BALONCESTO ALCALA,True
9694,FUNDACION GLOBALCAJA LA RODA,13,6.9575,58.654,True,15,BALONCESTO ALCALA,True
9695,FUNDACION GLOBALCAJA LA RODA,25,10.126,56.201,False,15,BALONCESTO ALCALA,True
9696,FUNDACION GLOBALCAJA LA RODA,9,30.406,17.52,False,15,BALONCESTO ALCALA,True
9697,FUNDACION GLOBALCAJA LA RODA,20,15.19629999999999,49.408,True,15,BALONCESTO ALCALA,True
9698,FUNDACION GLOBALCAJA LA RODA,4,10.443,42.615,False,15,BALONCESTO ALCALA,True
9699,FUNDACION GLOBALCAJA LA RODA,10,7.38,56.578,True,15,BALONCESTO ALCALA,True
9700,FUNDACION GLOBALCAJA LA RODA,25,10.126,55.257,True,15,BALONCESTO ALCALA,True
9701,BALONCESTO ALCALA,91,7.1687,56.578,False,15,FUNDACION GLOBALCAJA LA RODA,False
9702,BALONCESTO ALCALA,4,20.055,27.33,False,15,FUNDACION GLOBALCAJA LA RODA,False
9703,BALONCESTO ALCALA,14,8.5419,45.634,True,15,FUNDACION GLOBALCAJA LA RODA,False
9704,BALONCESTO ALCALA,14,36.532,25.822,False,15,FUNDACION GLOBALCAJA LA RODA,False
9705,BALONCESTO ALCALA,4,33.892,73.56,True,15,FUNDACION GLOBALCAJA LA RODA,False
9706,BALONCESTO ALCALA,91,12.661,48.276,False,15,FUNDACION GLOBALCAJA LA RODA,False
9707,BALONCESTO ALCALA,4,35.053,15.067,True,15,FUNDACION GLOBALCAJA LA RODA,False
9708,BALONCESTO ALCALA,10,36.321,70.353,False,15,FUNDACION GLOBALCAJA LA RODA,False
9709,BALONCESTO ALCALA,4,37.377,22.803,False,15,FUNDACION GLOBALCAJA LA RODA,False
9710,BALONCESTO ALCALA,14,11.393,55.824,False,15,FUNDACION GLOBALCAJA LA RODA,False
9711,BALONCESTO ALCALA,14,9.80939999999999,56.578,True,15,FUNDACION GLOBALCAJA LA RODA,False
9712,BALONCESTO ALCALA,4,6.8519,4.6891,True,15,FUNDACION GLOBALCAJA LA RODA,False
9713,BALONCESTO ALCALA,4,21.956,53.937,False,15,FUNDACION GLOBALCAJA LA RODA,False
9714,BALONCESTO ALCALA,91,8.7531,43.181,True,15,FUNDACION GLOBALCAJA LA RODA,False
9715,BALONCESTO ALCALA,8,21.956,37.143,True,15,FUNDACION GLOBALCAJA LA RODA,False
9716,BALONCESTO ALCALA,4,6.53499999999999,57.144,False,15,FUNDACION GLOBALCAJA LA RODA,False
9717,BALONCESTO ALCALA,4,32.307,72.617,True,15,FUNDACION GLOBALCAJA LA RODA,False
9718,BALONCESTO ALCALA,13,7.48569999999999,53.937,False,15,FUNDACION GLOBALCAJA LA RODA,False
9719,BALONCESTO ALCALA,8,22.06,42.049,False,15,FUNDACION GLOBALCAJA LA RODA,False
9720,BALONCESTO ALCALA,10,35.89,75.259,False,15,FUNDACION GLOBALCAJA LA RODA,False
9721,BALONCESTO ALCALA,3,7.69689999999999,56.012,True,15,FUNDACION GLOBALCAJA LA RODA,False
9722,BALONCESTO ALCALA,8,15.61879999999999,51.106,False,15,FUNDACION GLOBALCAJA LA RODA,False
9723,BALONCESTO ALCALA,12,34.948,67.145,False,15,FUNDACION GLOBALCAJA LA RODA,False
9724,BALONCESTO ALCALA,12,10.65439999999999,57.899,False,15,FUNDACION GLOBALCAJA LA RODA,False
9725,BALONCESTO ALCALA,14,10.65439999999999,56.201,False,15,FUNDACION GLOBALCAJA LA RODA,False
9726,BALONCESTO ALCALA,4,33.36,16.576,False,15,FUNDACION GLOBALCAJA LA RODA,False
9727,BALONCESTO ALCALA,14,21.956,33.37,False,15,FUNDACION GLOBALCAJA LA RODA,False
9728,BALONCESTO ALCALA,13,7.8024,58.465,True,15,FUNDACION GLOBALCAJA LA RODA,False
9729,BALONCESTO ALCALA,4,33.1526,29.03,False,15,FUNDACION GLOBALCAJA LA RODA,False
9730,BALONCESTO ALCALA,12,7.9081,56.956,False,15,FUNDACION GLOBALCAJA LA RODA,False
9731,BALONCESTO ALCALA,4,6.112,59.975,True,15,FUNDACION GLOBALCAJA LA RODA,False
9732,BALONCESTO ALCALA,4,7.0631,55.635,False,15,FUNDACION GLOBALCAJA LA RODA,False
9733,BALONCESTO ALCALA,4,12.555,42.049,False,15,FUNDACION GLOBALCAJA LA RODA,False
9734,BALONCESTO ALCALA,12,8.7531,59.409,True,15,FUNDACION GLOBALCAJA LA RODA,False
9735,BALONCESTO ALCALA,12,10.65439999999999,55.446,False,15,FUNDACION GLOBALCAJA LA RODA,False
9736,BALONCESTO ALCALA,8,9.4925,26.765,False,15,FUNDACION GLOBALCAJA LA RODA,False
9737,BALONCESTO ALCALA,8,19.3157,40.162,False,15,FUNDACION GLOBALCAJA LA RODA,False
9738,BALONCESTO ALCALA,14,9.07,42.615,True,15,FUNDACION GLOBALCAJA LA RODA,False
9739,BALONCESTO ALCALA,12,30.0896,11.293,True,15,FUNDACION GLOBALCAJA LA RODA,False
9740,BALONCESTO ALCALA,12,20.16079999999999,23.935,False,15,FUNDACION GLOBALCAJA LA RODA,False
9741,BALONCESTO ALCALA,13,6.53499999999999,40.162,True,15,FUNDACION GLOBALCAJA LA RODA,False
9742,BALONCESTO ALCALA,91,17.3088,39.219,False,15,FUNDACION GLOBALCAJA LA RODA,False
9743,BALONCESTO ALCALA,91,5.6899,56.956,True,15,FUNDACION GLOBALCAJA LA RODA,False
9744,BALONCESTO ALCALA,10,8.436,43.747,True,15,FUNDACION GLOBALCAJA LA RODA,False
9745,BALONCESTO ALCALA,4,8.6475,45.446,False,15,FUNDACION GLOBALCAJA LA RODA,False
9746,BALONCESTO ALCALA,8,7.379999999999995,71.485,False,15,FUNDACION GLOBALCAJA LA RODA,False
9747,BALONCESTO ALCALA,10,9.915,53.937,False,15,FUNDACION GLOBALCAJA LA RODA,False
9748,BALONCESTO ALCALA,4,8.22499999999999,57.899,True,15,FUNDACION GLOBALCAJA LA RODA,False
9749,BALONCESTO ALCALA,12,9.07,45.634,False,15,FUNDACION GLOBALCAJA LA RODA,False
9750,BALONCESTO ALCALA,4,37.06,50.352,True,15,FUNDACION GLOBALCAJA LA RODA,False
9751,BALONCESTO ALCALA,4,8.436,43.747,False,15,FUNDACION GLOBALCAJA LA RODA,False
9752,BALONCESTO ALCALA,13,37.272,45.634,False,15,FUNDACION GLOBALCAJA LA RODA,False
9753,BALONCESTO ALCALA,91,33.1526,29.03,True,15,FUNDACION GLOBALCAJA LA RODA,False
9754,BALONCESTO ALCALA,3,8.9644,45.634,False,15,FUNDACION GLOBALCAJA LA RODA,False
9755,BALONCESTO ALCALA,8,18.048,42.804,False,15,FUNDACION GLOBALCAJA LA RODA,False
9756,BALONCESTO ALCALA,8,22.378,50.729,True,15,FUNDACION GLOBALCAJA LA RODA,False
9757,BALONCESTO ALCALA,8,6.53499999999999,56.578,True,15,FUNDACION GLOBALCAJA LA RODA,False
9758,C.D. BASKET GLOBALCAJA QUINTANAR,3,10.084,84.446,False,15,CB LA MATANZA,True
9759,C.D. BASKET GLOBALCAJA QUINTANAR,14,9.2383,94.025,False,15,CB LA MATANZA,True
9760,C.D. BASKET GLOBALCAJA QUINTANAR,1,16.854,66.926,False,15,CB LA MATANZA,True
9761,C.D. BASKET GLOBALCAJA QUINTANAR,1,8.4626,75.875,True,15,CB LA MATANZA,True
9762,C.D. BASKET GLOBALCAJA QUINTANAR,8,27.221,82.681,False,15,CB LA MATANZA,True
9763,C.D. BASKET GLOBALCAJA QUINTANAR,50,8.8152,48.27,True,15,CB LA MATANZA,True
9764,C.D. BASKET GLOBALCAJA QUINTANAR,8,27.43,16.511,False,15,CB LA MATANZA,True
9765,C.D. BASKET GLOBALCAJA QUINTANAR,21,11.918,78.9,False,15,CB LA MATANZA,True
9766,C.D. BASKET GLOBALCAJA QUINTANAR,21,17.559,65.918,True,15,CB LA MATANZA,True
9767,C.D. BASKET GLOBALCAJA QUINTANAR,3,7.89839999999999,58.23,False,15,CB LA MATANZA,True
9768,C.D. BASKET GLOBALCAJA QUINTANAR,2,8.67419999999999,47.768,False,15,CB LA MATANZA,True
9769,C.D. BASKET GLOBALCAJA QUINTANAR,14,30.324,69.825,False,15,CB LA MATANZA,True
9770,C.D. BASKET GLOBALCAJA QUINTANAR,50,4.019,40.836,False,15,CB LA MATANZA,True
9771,C.D. BASKET GLOBALCAJA QUINTANAR,2,4.5839,58.86,True,15,CB LA MATANZA,True
9772,C.D. BASKET GLOBALCAJA QUINTANAR,12,6.629,44.491,True,15,CB LA MATANZA,True
9773,C.D. BASKET GLOBALCAJA QUINTANAR,0,8.1,57.095,True,15,CB LA MATANZA,True
9774,C.D. BASKET GLOBALCAJA QUINTANAR,3,7.404,94.277,False,15,CB LA MATANZA,True
9775,C.D. BASKET GLOBALCAJA QUINTANAR,14,6.9111,58.734,True,15,CB LA MATANZA,True
9776,C.D. BASKET GLOBALCAJA QUINTANAR,0,27.7151,82.933,True,15,CB LA MATANZA,True
9777,C.D. BASKET GLOBALCAJA QUINTANAR,0,7.7574,41.466,False,15,CB LA MATANZA,True
9778,C.D. BASKET GLOBALCAJA QUINTANAR,3,7.7574,4.9155,True,15,CB LA MATANZA,True
9779,C.D. BASKET GLOBALCAJA QUINTANAR,8,28.2793,85.328,False,15,CB LA MATANZA,True
9780,C.D. BASKET GLOBALCAJA QUINTANAR,8,8.1,55.079,True,15,CB LA MATANZA,True
9781,C.D. BASKET GLOBALCAJA QUINTANAR,1,5.8533,44.995,True,15,CB LA MATANZA,True
9782,C.D. BASKET GLOBALCAJA QUINTANAR,0,6.84059999999999,58.734,True,15,CB LA MATANZA,True
9783,C.D. BASKET GLOBALCAJA QUINTANAR,8,4.9365,62.263,False,15,CB LA MATANZA,True
9784,C.D. BASKET GLOBALCAJA QUINTANAR,50,8.8152,94.781,False,15,CB LA MATANZA,True
9785,C.D. BASKET GLOBALCAJA QUINTANAR,21,7.0521,59.238,True,15,CB LA MATANZA,True
9786,C.D. BASKET GLOBALCAJA QUINTANAR,3,30.465,80.286,False,15,CB LA MATANZA,True
9787,C.D. BASKET GLOBALCAJA QUINTANAR,50,9.2383,93.52,False,15,CB LA MATANZA,True
9788,C.D. BASKET GLOBALCAJA QUINTANAR,12,9.52049999999999,59.616,False,15,CB LA MATANZA,True
9789,C.D. BASKET GLOBALCAJA QUINTANAR,1,5.9943,55.961,True,15,CB LA MATANZA,True
9790,C.D. BASKET GLOBALCAJA QUINTANAR,12,32.5811,22.813,False,15,CB LA MATANZA,True
9791,C.D. BASKET GLOBALCAJA QUINTANAR,0,7.8279,44.617,False,15,CB LA MATANZA,True
9792,C.D. BASKET GLOBALCAJA QUINTANAR,1,7.7574,46.508,True,15,CB LA MATANZA,True
9793,C.D. BASKET GLOBALCAJA QUINTANAR,12,7.7574,46.256,True,15,CB LA MATANZA,True
9794,C.D. BASKET GLOBALCAJA QUINTANAR,50,9.873,94.277,True,15,CB LA MATANZA,True
9795,C.D. BASKET GLOBALCAJA QUINTANAR,1,6.4175,40.836,True,15,CB LA MATANZA,True
9796,C.D. BASKET GLOBALCAJA QUINTANAR,0,29.407,19.28,False,15,CB LA MATANZA,True
9797,C.D. BASKET GLOBALCAJA QUINTANAR,50,11.847,49.533,True,15,CB LA MATANZA,True
9798,C.D. BASKET GLOBALCAJA QUINTANAR,0,27.362,82.555,True,15,CB LA MATANZA,True
9799,C.D. BASKET GLOBALCAJA QUINTANAR,21,8.18049999999999,44.239,True,15,CB LA MATANZA,True
9800,C.D. BASKET GLOBALCAJA QUINTANAR,21,23.765,9.5789,False,15,CB LA MATANZA,True
9801,C.D. BASKET GLOBALCAJA QUINTANAR,3,7.4753,58.356,True,15,CB LA MATANZA,True
9802,C.D. BASKET GLOBALCAJA QUINTANAR,21,13.82229999999999,6.3019,True,15,CB LA MATANZA,True
9803,C.D. BASKET GLOBALCAJA QUINTANAR,8,25.5994,86.714,False,15,CB LA MATANZA,True
9804,C.D. BASKET GLOBALCAJA QUINTANAR,14,7.404,49.281,True,15,CB LA MATANZA,True
9805,C.D. BASKET GLOBALCAJA QUINTANAR,12,9.52049999999999,44.113,False,15,CB LA MATANZA,True
9806,C.D. BASKET GLOBALCAJA QUINTANAR,0,8.6037,61.633,True,15,CB LA MATANZA,True
9807,C.D. BASKET GLOBALCAJA QUINTANAR,12,10.014,77.64,False,15,CB LA MATANZA,True
9808,C.D. BASKET GLOBALCAJA QUINTANAR,3,5.5712,56.969,True,15,CB LA MATANZA,True
9809,C.D. BASKET GLOBALCAJA QUINTANAR,2,32.44,61.002,False,15,CB LA MATANZA,True
9810,C.D. BASKET GLOBALCAJA QUINTANAR,21,5.5007,92.638,False,15,CB LA MATANZA,True
9811,C.D. BASKET GLOBALCAJA QUINTANAR,1,32.863,39.954,False,15,CB LA MATANZA,True
9812,C.D. BASKET GLOBALCAJA QUINTANAR,8,26.163,13.99,False,15,CB LA MATANZA,True
9813,C.D. BASKET GLOBALCAJA QUINTANAR,14,4.5839,45.12,True,15,CB LA MATANZA,True
9814,C.D. BASKET GLOBALCAJA QUINTANAR,1,9.449,43.735,False,15,CB LA MATANZA,True
9815,C.D. BASKET GLOBALCAJA QUINTANAR,2,8.95629999999999,19.031,False,15,CB LA MATANZA,True
9816,C.D. BASKET GLOBALCAJA QUINTANAR,14,25.74,83.185,False,15,CB LA MATANZA,True
9817,C.D. BASKET GLOBALCAJA QUINTANAR,2,9.73,93.016,False,15,CB LA MATANZA,True
9818,C.D. BASKET GLOBALCAJA QUINTANAR,50,4.019,40.836,False,15,CB LA MATANZA,True
9819,C.D. BASKET GLOBALCAJA QUINTANAR,2,8.67419999999999,47.768,True,15,CB LA MATANZA,True
9820,C.D. BASKET GLOBALCAJA QUINTANAR,50,13.89279999999999,47.516,False,15,CB LA MATANZA,True
9821,C.D. BASKET GLOBALCAJA QUINTANAR,12,5.2891,43.861,True,15,CB LA MATANZA,True
9822,C.D. BASKET GLOBALCAJA QUINTANAR,50,8.5331,92.134,False,15,CB LA MATANZA,True
9823,C.D. BASKET GLOBALCAJA QUINTANAR,21,8.1,15.754,False,15,CB LA MATANZA,True
9824,C.D. BASKET GLOBALCAJA QUINTANAR,1,5.2891,55.079,True,15,CB LA MATANZA,True
9825,C.D. BASKET GLOBALCAJA QUINTANAR,21,6.2059,92.134,False,15,CB LA MATANZA,True
9826,C.D. BASKET GLOBALCAJA QUINTANAR,12,8.8858,43.861,False,15,CB LA MATANZA,True
9827,C.D. BASKET GLOBALCAJA QUINTANAR,0,30.042,73.606,False,15,CB LA MATANZA,True
9828,C.D. BASKET GLOBALCAJA QUINTANAR,3,5.7122,49.659,True,15,CB LA MATANZA,True
9829,C.D. BASKET GLOBALCAJA QUINTANAR,2,8.18049999999999,60.498,False,15,CB LA MATANZA,True
9830,CB LA MATANZA,21,8.8152,45.374,False,15,C.D. BASKET GLOBALCAJA QUINTANAR,False
9831,CB LA MATANZA,14,11.14249999999999,53.944,True,15,C.D. BASKET GLOBALCAJA QUINTANAR,False
9832,CB LA MATANZA,9,17.207,29.871,False,15,C.D. BASKET GLOBALCAJA QUINTANAR,False
9833,CB LA MATANZA,3,8.9562,94.655,False,15,C.D. BASKET GLOBALCAJA QUINTANAR,False
9834,CB LA MATANZA,8,15.796,37.055,True,15,C.D. BASKET GLOBALCAJA QUINTANAR,False
9835,CB LA MATANZA,11,35.895,34.156,False,15,C.D. BASKET GLOBALCAJA QUINTANAR,False
9836,CB LA MATANZA,14,35.119,35.921,False,15,C.D. BASKET GLOBALCAJA QUINTANAR,False
9837,CB LA MATANZA,9,11.071,47.264,True,15,C.D. BASKET GLOBALCAJA QUINTANAR,False
9838,CB LA MATANZA,9,27.08,17.015,True,15,C.D. BASKET GLOBALCAJA QUINTANAR,False
9839,CB LA MATANZA,7,11.988,71.212,True,15,C.D. BASKET GLOBALCAJA QUINTANAR,False
9840,CB LA MATANZA,10,32.087,26.72,True,15,C.D. BASKET GLOBALCAJA QUINTANAR,False
9841,CB LA MATANZA,10,6.77,40.206,True,15,C.D. BASKET GLOBALCAJA QUINTANAR,False
9842,CB LA MATANZA,14,30.67,78.9,False,15,C.D. BASKET GLOBALCAJA QUINTANAR,False
9843,CB LA MATANZA,0,5.7122,61.759,False,15,C.D. BASKET GLOBALCAJA QUINTANAR,False
9844,CB LA MATANZA,7,13.3991,66.926,False,15,C.D. BASKET GLOBALCAJA QUINTANAR,False
9845,CB LA MATANZA,11,34.062,26.594,False,15,C.D. BASKET GLOBALCAJA QUINTANAR,False
9846,CB LA MATANZA,6,6.6995,56.717,True,15,C.D. BASKET GLOBALCAJA QUINTANAR,False
9847,CB LA MATANZA,14,33.568,42.475,False,15,C.D. BASKET GLOBALCAJA QUINTANAR,False
9848,CB LA MATANZA,21,10.4372,49.407,False,15,C.D. BASKET GLOBALCAJA QUINTANAR,False
9849,CB LA MATANZA,0,5.7122,61.759,False,15,C.D. BASKET GLOBALCAJA QUINTANAR,False
9850,CB LA MATANZA,10,7.7574,63.271,False,15,C.D. BASKET GLOBALCAJA QUINTANAR,False
9851,CB LA MATANZA,8,5.99439999999999,56.843,True,15,C.D. BASKET GLOBALCAJA QUINTANAR,False
9852,CB LA MATANZA,10,5.6417,56.843,True,15,C.D. BASKET GLOBALCAJA QUINTANAR,False
9853,CB LA MATANZA,3,5.78279999999999,20.292,False,15,C.D. BASKET GLOBALCAJA QUINTANAR,False
9854,CB LA MATANZA,8,8.5331,59.994,True,15,C.D. BASKET GLOBALCAJA QUINTANAR,False
9855,CB LA MATANZA,11,12.411,5.6717,True,15,C.D. BASKET GLOBALCAJA QUINTANAR,False
9856,CB LA MATANZA,8,13.32859999999999,51.5,True,15,C.D. BASKET GLOBALCAJA QUINTANAR,False
9857,CB LA MATANZA,0,9.873,46.634,True,15,C.D. BASKET GLOBALCAJA QUINTANAR,False
9858,CB LA MATANZA,7,8.9562,38.56,False,15,C.D. BASKET GLOBALCAJA QUINTANAR,False
9859,CB LA MATANZA,14,32.0169,69.069,False,15,C.D. BASKET GLOBALCAJA QUINTANAR,False
9860,CB LA MATANZA,11,8.6036,30.123,False,15,C.D. BASKET GLOBALCAJA QUINTANAR,False
9861,CB LA MATANZA,9,33.1453,69.951,False,15,C.D. BASKET GLOBALCAJA QUINTANAR,False
9862,CB LA MATANZA,8,6.55849999999999,46.508,True,15,C.D. BASKET GLOBALCAJA QUINTANAR,False
9863,CB LA MATANZA,7,11.142,50.163,True,15,C.D. BASKET GLOBALCAJA QUINTANAR,False
9864,CB LA MATANZA,0,6.48,29.11,True,15,C.D. BASKET GLOBALCAJA QUINTANAR,False
9865,CB LA MATANZA,11,35.049,34.66,False,15,C.D. BASKET GLOBALCAJA QUINTANAR,False
9866,CB LA MATANZA,9,7.61639999999999,59.994,False,15,C.D. BASKET GLOBALCAJA QUINTANAR,False
9867,CB LA MATANZA,10,5.5712,39.45,True,15,C.D. BASKET GLOBALCAJA QUINTANAR,False
9868,CB LA MATANZA,7,12.411,49.911,False,15,C.D. BASKET GLOBALCAJA QUINTANAR,False
9869,CB LA MATANZA,14,25.387,49.533,False,15,C.D. BASKET GLOBALCAJA QUINTANAR,False
9870,CB LA MATANZA,0,8.4626,45.878,True,15,C.D. BASKET GLOBALCAJA QUINTANAR,False
9871,CB LA MATANZA,9,6.4175,93.142,False,15,C.D. BASKET GLOBALCAJA QUINTANAR,False
9872,CB LA MATANZA,0,14.95059999999999,51.802,False,15,C.D. BASKET GLOBALCAJA QUINTANAR,False
9873,CB LA MATANZA,14,33.85,63.271,False,15,C.D. BASKET GLOBALCAJA QUINTANAR,False
9874,CB LA MATANZA,7,9.30889999999999,59.364,False,15,C.D. BASKET GLOBALCAJA QUINTANAR,False
9875,CB LA MATANZA,14,6.48,75.623,False,15,C.D. BASKET GLOBALCAJA QUINTANAR,False
9876,CB LA MATANZA,9,9.167,5.167,True,15,C.D. BASKET GLOBALCAJA QUINTANAR,False
9877,CB LA MATANZA,7,6.77009999999999,57.851,True,15,C.D. BASKET GLOBALCAJA QUINTANAR,False
9878,CB LA MATANZA,7,5.2186,61.12,False,15,C.D. BASKET GLOBALCAJA QUINTANAR,False
9879,CB LA MATANZA,11,5.0776,59.616,False,15,C.D. BASKET GLOBALCAJA QUINTANAR,False
9880,CB LA MATANZA,0,7.7574,44.995,True,15,C.D. BASKET GLOBALCAJA QUINTANAR,False
9881,CB LA MATANZA,14,7.193200000000004,71.59,True,15,C.D. BASKET GLOBALCAJA QUINTANAR,False
9882,CB LA MATANZA,8,7.8984,65.792,True,15,C.D. BASKET GLOBALCAJA QUINTANAR,False
9883,CB LA MATANZA,10,27.08,14.62,True,15,C.D. BASKET GLOBALCAJA QUINTANAR,False
9884,CB LA MATANZA,7,5.0776,43.987,True,15,C.D. BASKET GLOBALCAJA QUINTANAR,False
9885,CB LA MATANZA,0,7.89839999999999,59.742,True,15,C.D. BASKET GLOBALCAJA QUINTANAR,False
9886,CB LA MATANZA,11,18.758,32.518,False,15,C.D. BASKET GLOBALCAJA QUINTANAR,False
9887,CB LA MATANZA,8,5.50069999999999,56.339,True,15,C.D. BASKET GLOBALCAJA QUINTANAR,False
9888,TOSCONES CORRALEJO,15,15.232,49.407,False,15,SUMIALKI CB CIUDAD DE MOSTOLES,True
9889,TOSCONES CORRALEJO,9,12.83,44.239,True,15,SUMIALKI CB CIUDAD DE MOSTOLES,True
9890,TOSCONES CORRALEJO,17,13.1876,62.515,False,15,SUMIALKI CB CIUDAD DE MOSTOLES,True
9891,TOSCONES CORRALEJO,7,24.753,68.691,True,15,SUMIALKI CB CIUDAD DE MOSTOLES,True
9892,TOSCONES CORRALEJO,17,26.304,88.479,False,15,SUMIALKI CB CIUDAD DE MOSTOLES,True
9893,TOSCONES CORRALEJO,17,11.988,45.12,True,15,SUMIALKI CB CIUDAD DE MOSTOLES,True
9894,TOSCONES CORRALEJO,7,23.906,36.929,True,15,SUMIALKI CB CIUDAD DE MOSTOLES,True
9895,TOSCONES CORRALEJO,30,33.004,64.53,True,15,SUMIALKI CB CIUDAD DE MOSTOLES,True
9896,TOSCONES CORRALEJO,8,13.1876,62.515,True,15,SUMIALKI CB CIUDAD DE MOSTOLES,True
9897,TOSCONES CORRALEJO,7,7.05219999999999,68.061,False,15,SUMIALKI CB CIUDAD DE MOSTOLES,True
9898,TOSCONES CORRALEJO,30,21.22709999999999,6.9321,True,15,SUMIALKI CB CIUDAD DE MOSTOLES,True
9899,TOSCONES CORRALEJO,17,9.59099999999999,62.011,False,15,SUMIALKI CB CIUDAD DE MOSTOLES,True
9900,TOSCONES CORRALEJO,10,26.0931,81.925,False,15,SUMIALKI CB CIUDAD DE MOSTOLES,True
9901,TOSCONES CORRALEJO,9,16.29,48.777,False,15,SUMIALKI CB CIUDAD DE MOSTOLES,True
9902,TOSCONES CORRALEJO,10,27.362,15.628,False,15,SUMIALKI CB CIUDAD DE MOSTOLES,True
9903,TOSCONES CORRALEJO,6,13.117,56.717,False,15,SUMIALKI CB CIUDAD DE MOSTOLES,True
9904,TOSCONES CORRALEJO,8,7.12269999999999,27.098,False,15,SUMIALKI CB CIUDAD DE MOSTOLES,True
9905,TOSCONES CORRALEJO,30,22.496,51.928,True,15,SUMIALKI CB CIUDAD DE MOSTOLES,True
9906,TOSCONES CORRALEJO,15,13.117,56.717,True,15,SUMIALKI CB CIUDAD DE MOSTOLES,True
9907,TOSCONES CORRALEJO,7,26.586,8.066,True,15,SUMIALKI CB CIUDAD DE MOSTOLES,True
9908,TOSCONES CORRALEJO,9,31.2412,74.867,False,15,SUMIALKI CB CIUDAD DE MOSTOLES,True
9909,TOSCONES CORRALEJO,15,7.05219999999999,53.314,False,15,SUMIALKI CB CIUDAD DE MOSTOLES,True
9910,TOSCONES CORRALEJO,11,11.21299999999999,49.659,True,15,SUMIALKI CB CIUDAD DE MOSTOLES,True
9911,TOSCONES CORRALEJO,17,14.95,52.81,False,15,SUMIALKI CB CIUDAD DE MOSTOLES,True
9912,TOSCONES CORRALEJO,7,9.52049999999999,64.65,True,15,SUMIALKI CB CIUDAD DE MOSTOLES,True
9913,TOSCONES CORRALEJO,9,9.8025,46.76,False,15,SUMIALKI CB CIUDAD DE MOSTOLES,True
9914,TOSCONES CORRALEJO,30,28.20869999999999,85.202,False,15,SUMIALKI CB CIUDAD DE MOSTOLES,True
9915,TOSCONES CORRALEJO,17,15.162,50.415,False,15,SUMIALKI CB CIUDAD DE MOSTOLES,True
9916,TOSCONES CORRALEJO,10,7.193200000000004,62.263,True,15,SUMIALKI CB CIUDAD DE MOSTOLES,True
9917,TOSCONES CORRALEJO,6,24.612,13.108,False,15,SUMIALKI CB CIUDAD DE MOSTOLES,True
9918,TOSCONES CORRALEJO,30,9.238,56.591,False,15,SUMIALKI CB CIUDAD DE MOSTOLES,True
9919,TOSCONES CORRALEJO,9,8.18049999999999,55.205,True,15,SUMIALKI CB CIUDAD DE MOSTOLES,True
9920,TOSCONES CORRALEJO,7,18.406,51.928,False,15,SUMIALKI CB CIUDAD DE MOSTOLES,True
9921,TOSCONES CORRALEJO,30,30.1834,79.026,True,15,SUMIALKI CB CIUDAD DE MOSTOLES,True
9922,TOSCONES CORRALEJO,30,12.693,39.45,False,15,SUMIALKI CB CIUDAD DE MOSTOLES,True
9923,TOSCONES CORRALEJO,15,9.80249999999999,78.018,False,15,SUMIALKI CB CIUDAD DE MOSTOLES,True
9924,TOSCONES CORRALEJO,9,11.071,49.029,False,15,SUMIALKI CB CIUDAD DE MOSTOLES,True
9925,TOSCONES CORRALEJO,17,14.245,26.342,False,15,SUMIALKI CB CIUDAD DE MOSTOLES,True
9926,TOSCONES CORRALEJO,11,18.75879999999999,92.638,False,15,SUMIALKI CB CIUDAD DE MOSTOLES,True
9927,TOSCONES CORRALEJO,17,27.15089999999999,81.421,False,15,SUMIALKI CB CIUDAD DE MOSTOLES,True
9928,TOSCONES CORRALEJO,7,15.79689999999999,57.473,False,15,SUMIALKI CB CIUDAD DE MOSTOLES,True
9929,TOSCONES CORRALEJO,8,12.2,49.281,True,15,SUMIALKI CB CIUDAD DE MOSTOLES,True
9930,TOSCONES CORRALEJO,10,13.187,45.5,True,15,SUMIALKI CB CIUDAD DE MOSTOLES,True
9931,TOSCONES CORRALEJO,17,12.2,39.954,False,15,SUMIALKI CB CIUDAD DE MOSTOLES,True
9932,TOSCONES CORRALEJO,6,6.48,65.036,True,15,SUMIALKI CB CIUDAD DE MOSTOLES,True
9933,TOSCONES CORRALEJO,17,6.84059999999999,73.606,False,15,SUMIALKI CB CIUDAD DE MOSTOLES,True
9934,TOSCONES CORRALEJO,30,18.617,49.911,False,15,SUMIALKI CB CIUDAD DE MOSTOLES,True
9935,TOSCONES CORRALEJO,9,17.912,47.894,False,15,SUMIALKI CB CIUDAD DE MOSTOLES,True
9936,TOSCONES CORRALEJO,8,9.8025,46.76,True,15,SUMIALKI CB CIUDAD DE MOSTOLES,True
9937,TOSCONES CORRALEJO,7,9.73,59.742,True,15,SUMIALKI CB CIUDAD DE MOSTOLES,True
9938,TOSCONES CORRALEJO,11,13.61069999999999,39.954,False,15,SUMIALKI CB CIUDAD DE MOSTOLES,True
9939,TOSCONES CORRALEJO,11,15.091,29.619,False,15,SUMIALKI CB CIUDAD DE MOSTOLES,True
9940,TOSCONES CORRALEJO,10,22.919,88.605,True,15,SUMIALKI CB CIUDAD DE MOSTOLES,True
9941,TOSCONES CORRALEJO,7,25.8815,42.601,False,15,SUMIALKI CB CIUDAD DE MOSTOLES,True
9942,TOSCONES CORRALEJO,7,8.6037,59.742,True,15,SUMIALKI CB CIUDAD DE MOSTOLES,True
9943,TOSCONES CORRALEJO,8,18.829,48.777,False,15,SUMIALKI CB CIUDAD DE MOSTOLES,True
9944,TOSCONES CORRALEJO,8,11.847,54.07,False,15,SUMIALKI CB CIUDAD DE MOSTOLES,True
9945,TOSCONES CORRALEJO,15,23.483,11.595,False,15,SUMIALKI CB CIUDAD DE MOSTOLES,True
9946,TOSCONES CORRALEJO,7,21.368,29.871,True,15,SUMIALKI CB CIUDAD DE MOSTOLES,True
9947,TOSCONES CORRALEJO,30,17.066,25.96,True,15,SUMIALKI CB CIUDAD DE MOSTOLES,True
9948,TOSCONES CORRALEJO,6,10.5078,4.4113,False,15,SUMIALKI CB CIUDAD DE MOSTOLES,True
9949,TOSCONES CORRALEJO,17,9.02679999999999,64.784,True,15,SUMIALKI CB CIUDAD DE MOSTOLES,True
9950,TOSCONES CORRALEJO,17,28.91,84.068,False,15,SUMIALKI CB CIUDAD DE MOSTOLES,True
9951,TOSCONES CORRALEJO,7,31.946,75.245,False,15,SUMIALKI CB CIUDAD DE MOSTOLES,True
9952,TOSCONES CORRALEJO,7,14.59,52.432,True,15,SUMIALKI CB CIUDAD DE MOSTOLES,True
9953,TOSCONES CORRALEJO,11,31.593,22.43,False,15,SUMIALKI CB CIUDAD DE MOSTOLES,True
9954,TOSCONES CORRALEJO,6,13.963,27.728,False,15,SUMIALKI CB CIUDAD DE MOSTOLES,True
9955,TOSCONES CORRALEJO,9,12.83,29.619,True,15,SUMIALKI CB CIUDAD DE MOSTOLES,True
9956,TOSCONES CORRALEJO,7,10.296,49.533,True,15,SUMIALKI CB CIUDAD DE MOSTOLES,True
9957,TOSCONES CORRALEJO,30,17.771,51.67,True,15,SUMIALKI CB CIUDAD DE MOSTOLES,True
9958,TOSCONES CORRALEJO,30,7.545,41.466,True,15,SUMIALKI CB CIUDAD DE MOSTOLES,True
9959,TOSCONES CORRALEJO,6,12.48239999999999,31.383,False,15,SUMIALKI CB CIUDAD DE MOSTOLES,True
9960,TOSCONES CORRALEJO,9,12.411,46.256,False,15,SUMIALKI CB CIUDAD DE MOSTOLES,True
9961,TOSCONES CORRALEJO,17,27.926,81.169,False,15,SUMIALKI CB CIUDAD DE MOSTOLES,True
9962,TOSCONES CORRALEJO,8,13.681,60.876,True,15,SUMIALKI CB CIUDAD DE MOSTOLES,True
9963,TOSCONES CORRALEJO,30,20.09869999999999,7.6883,True,15,SUMIALKI CB CIUDAD DE MOSTOLES,True
9964,TOSCONES CORRALEJO,7,16.925,39.576,False,15,SUMIALKI CB CIUDAD DE MOSTOLES,True
9965,SUMIALKI CB CIUDAD DE MOSTOLES,39,33.85,62.515,False,15,TOSCONES CORRALEJO,False
9966,SUMIALKI CB CIUDAD DE MOSTOLES,6,7.33429999999999,67.8,True,15,TOSCONES CORRALEJO,False
9967,SUMIALKI CB CIUDAD DE MOSTOLES,15,22.42,10.335,False,15,TOSCONES CORRALEJO,False
9968,SUMIALKI CB CIUDAD DE MOSTOLES,88,7.4753,48.651,False,15,TOSCONES CORRALEJO,False
9969,SUMIALKI CB CIUDAD DE MOSTOLES,22,12.341,47.39,True,15,TOSCONES CORRALEJO,False
9970,SUMIALKI CB CIUDAD DE MOSTOLES,29,34.344,68.313,True,15,TOSCONES CORRALEJO,False
9971,SUMIALKI CB CIUDAD DE MOSTOLES,11,15.021,26.594,False,15,TOSCONES CORRALEJO,False
9972,SUMIALKI CB CIUDAD DE MOSTOLES,15,9.80249999999999,71.464,False,15,TOSCONES CORRALEJO,False
9973,SUMIALKI CB CIUDAD DE MOSTOLES,29,10.296,49.911,False,15,TOSCONES CORRALEJO,False
9974,SUMIALKI CB CIUDAD DE MOSTOLES,88,11.918,44.995,True,15,TOSCONES CORRALEJO,False
9975,SUMIALKI CB CIUDAD DE MOSTOLES,13,32.369,22.68,True,15,TOSCONES CORRALEJO,False
9976,SUMIALKI CB CIUDAD DE MOSTOLES,11,23.765,91.378,False,15,TOSCONES CORRALEJO,False
9977,SUMIALKI CB CIUDAD DE MOSTOLES,88,9.3088,49.785,True,15,TOSCONES CORRALEJO,False
9978,SUMIALKI CB CIUDAD DE MOSTOLES,29,25.317,85.706,False,15,TOSCONES CORRALEJO,False
9979,SUMIALKI CB CIUDAD DE MOSTOLES,8,11.424,39.45,True,15,TOSCONES CORRALEJO,False
9980,SUMIALKI CB CIUDAD DE MOSTOLES,8,33.074,59.364,False,15,TOSCONES CORRALEJO,False
9981,SUMIALKI CB CIUDAD DE MOSTOLES,13,26.9393,85.706,False,15,TOSCONES CORRALEJO,False
9982,SUMIALKI CB CIUDAD DE MOSTOLES,88,8.7447,42.853,True,15,TOSCONES CORRALEJO,False
9983,SUMIALKI CB CIUDAD DE MOSTOLES,29,30.183,20.04,True,15,TOSCONES CORRALEJO,False
9984,SUMIALKI CB CIUDAD DE MOSTOLES,88,26.586,18.023,False,15,TOSCONES CORRALEJO,False
9985,SUMIALKI CB CIUDAD DE MOSTOLES,29,11.14249999999999,55.961,False,15,TOSCONES CORRALEJO,False
9986,SUMIALKI CB CIUDAD DE MOSTOLES,13,27.926,79.152,False,15,TOSCONES CORRALEJO,False
9987,SUMIALKI CB CIUDAD DE MOSTOLES,13,13.258,93.64,True,15,TOSCONES CORRALEJO,False
9988,SUMIALKI CB CIUDAD DE MOSTOLES,22,13.681,25.333,False,15,TOSCONES CORRALEJO,False
9989,SUMIALKI CB CIUDAD DE MOSTOLES,29,34.062,58.23,False,15,TOSCONES CORRALEJO,False
9990,SUMIALKI CB CIUDAD DE MOSTOLES,8,6.4175,58.86,False,15,TOSCONES CORRALEJO,False
9991,SUMIALKI CB CIUDAD DE MOSTOLES,29,11.636,51.67,False,15,TOSCONES CORRALEJO,False
9992,SUMIALKI CB CIUDAD DE MOSTOLES,6,16.784,75.119,False,15,TOSCONES CORRALEJO,False
9993,SUMIALKI CB CIUDAD DE MOSTOLES,22,32.369,20.04,False,15,TOSCONES CORRALEJO,False
9994,SUMIALKI CB CIUDAD DE MOSTOLES,29,29.478,17.141,True,15,TOSCONES CORRALEJO,False
9995,SUMIALKI CB CIUDAD DE MOSTOLES,88,10.296,42.097,False,15,TOSCONES CORRALEJO,False
9996,SUMIALKI CB CIUDAD DE MOSTOLES,8,11.5656,46.004,False,15,TOSCONES CORRALEJO,False
9997,SUMIALKI CB CIUDAD DE MOSTOLES,15,12.2,48.651,True,15,TOSCONES CORRALEJO,False
9998,SUMIALKI CB CIUDAD DE MOSTOLES,12,32.0169,24.829,False,15,TOSCONES CORRALEJO,False
9999,SUMIALKI CB CIUDAD DE MOSTOLES,8,8.5331,59.742,False,15,TOSCONES CORRALEJO,False
10000,SUMIALKI CB CIUDAD DE MOSTOLES,29,30.67,22.056,False,15,TOSCONES CORRALEJO,False
10001,SUMIALKI CB CIUDAD DE MOSTOLES,8,14.45699999999999,42.727,True,15,TOSCONES CORRALEJO,False
10002,SUMIALKI CB CIUDAD DE MOSTOLES,29,26.586,82.807,False,15,TOSCONES CORRALEJO,False
10003,SUMIALKI CB CIUDAD DE MOSTOLES,13,9.732,48.651,True,15,TOSCONES CORRALEJO,False
10004,SUMIALKI CB CIUDAD DE MOSTOLES,13,23.413,8.9487,False,15,TOSCONES CORRALEJO,False
10005,SUMIALKI CB CIUDAD DE MOSTOLES,29,16.07,51.5,False,15,TOSCONES CORRALEJO,False
10006,SUMIALKI CB CIUDAD DE MOSTOLES,13,9.59099999999999,53.062,True,15,TOSCONES CORRALEJO,False
10007,SUMIALKI CB CIUDAD DE MOSTOLES,22,15.5853,43.609,False,15,TOSCONES CORRALEJO,False
10008,SUMIALKI CB CIUDAD DE MOSTOLES,29,10.86,32.1,False,15,TOSCONES CORRALEJO,False
10009,SUMIALKI CB CIUDAD DE MOSTOLES,39,10.36669999999999,92.764,True,15,TOSCONES CORRALEJO,False
10010,SUMIALKI CB CIUDAD DE MOSTOLES,29,13.187,64.53,False,15,TOSCONES CORRALEJO,False
10011,SUMIALKI CB CIUDAD DE MOSTOLES,22,13.892,71.59,False,15,TOSCONES CORRALEJO,False
10012,SUMIALKI CB CIUDAD DE MOSTOLES,88,11.777,41.34,False,15,TOSCONES CORRALEJO,False
10013,SUMIALKI CB CIUDAD DE MOSTOLES,29,9.661,87.597,False,15,TOSCONES CORRALEJO,False
10014,SUMIALKI CB CIUDAD DE MOSTOLES,29,31.875,74.363,False,15,TOSCONES CORRALEJO,False
10015,SUMIALKI CB CIUDAD DE MOSTOLES,22,11.8477,67.43,False,15,TOSCONES CORRALEJO,False
10016,SUMIALKI CB CIUDAD DE MOSTOLES,15,8.8152,66.674,False,15,TOSCONES CORRALEJO,False
10017,SUMIALKI CB CIUDAD DE MOSTOLES,88,9.5909,59.49,True,15,TOSCONES CORRALEJO,False
10018,SUMIALKI CB CIUDAD DE MOSTOLES,22,11.42449999999999,23.695,False,15,TOSCONES CORRALEJO,False
10019,SUMIALKI CB CIUDAD DE MOSTOLES,22,11.5656,44.743,True,15,TOSCONES CORRALEJO,False
10020,SUMIALKI CB CIUDAD DE MOSTOLES,15,18.829,93.899,False,15,TOSCONES CORRALEJO,False
10021,SUMIALKI CB CIUDAD DE MOSTOLES,22,9.3794,39.45,True,15,TOSCONES CORRALEJO,False
10022,SUMIALKI CB CIUDAD DE MOSTOLES,22,29.548,74.11,False,15,TOSCONES CORRALEJO,False
10023,SUMIALKI CB CIUDAD DE MOSTOLES,29,22.7,87.975,False,15,TOSCONES CORRALEJO,False
10024,SUMIALKI CB CIUDAD DE MOSTOLES,6,27.856,84.95,False,15,TOSCONES CORRALEJO,False
10025,SUMIALKI CB CIUDAD DE MOSTOLES,8,8.6037,45.24,True,15,TOSCONES CORRALEJO,False
10026,SUMIALKI CB CIUDAD DE MOSTOLES,22,14.17489999999999,49.785,True,15,TOSCONES CORRALEJO,False
10027,SUMIALKI CB CIUDAD DE MOSTOLES,29,10.155,48.651,True,15,TOSCONES CORRALEJO,False
10028,SUMIALKI CB CIUDAD DE MOSTOLES,29,17.41889999999999,47.768,False,15,TOSCONES CORRALEJO,False
10029,SUMIALKI CB CIUDAD DE MOSTOLES,15,32.15,73.102,False,15,TOSCONES CORRALEJO,False
10030,MOVISTAR ESTUDIANTES,22,7.3778,60.713,False,15,INMOBILIARIA GÁLVEZ SANTA CRUZ,True
10031,MOVISTAR ESTUDIANTES,2,31.34399999999999,61.889,True,15,INMOBILIARIA GÁLVEZ SANTA CRUZ,True
10032,MOVISTAR ESTUDIANTES,6,9.21049999999999,56.598,True,15,INMOBILIARIA GÁLVEZ SANTA CRUZ,True
10033,MOVISTAR ESTUDIANTES,11,25.9398,17.628,False,15,INMOBILIARIA GÁLVEZ SANTA CRUZ,True
10034,MOVISTAR ESTUDIANTES,19,28.195,25.859,False,15,INMOBILIARIA GÁLVEZ SANTA CRUZ,True
10035,MOVISTAR ESTUDIANTES,11,21.4286,27.203,False,15,INMOBILIARIA GÁLVEZ SANTA CRUZ,True
10036,MOVISTAR ESTUDIANTES,19,9.2575,55.758,False,15,INMOBILIARIA GÁLVEZ SANTA CRUZ,True
10037,MOVISTAR ESTUDIANTES,11,23.21429999999999,73.395,False,15,INMOBILIARIA GÁLVEZ SANTA CRUZ,True
10038,MOVISTAR ESTUDIANTES,2,30.5451,70.792,True,15,INMOBILIARIA GÁLVEZ SANTA CRUZ,True
10039,MOVISTAR ESTUDIANTES,12,24.436,89.353,True,15,INMOBILIARIA GÁLVEZ SANTA CRUZ,True
10040,MOVISTAR ESTUDIANTES,6,33.22369999999999,41.56,True,15,INMOBILIARIA GÁLVEZ SANTA CRUZ,True
10041,MOVISTAR ESTUDIANTES,7,28.477,19.308,True,15,INMOBILIARIA GÁLVEZ SANTA CRUZ,True
10042,MOVISTAR ESTUDIANTES,7,10.714,44.0,True,15,INMOBILIARIA GÁLVEZ SANTA CRUZ,True
10043,MOVISTAR ESTUDIANTES,25,31.907,65.081,False,15,INMOBILIARIA GÁLVEZ SANTA CRUZ,True
10044,MOVISTAR ESTUDIANTES,8,13.11,7.4664,False,15,INMOBILIARIA GÁLVEZ SANTA CRUZ,True
10045,MOVISTAR ESTUDIANTES,25,25.70489999999999,19.728,False,15,INMOBILIARIA GÁLVEZ SANTA CRUZ,True
10046,MOVISTAR ESTUDIANTES,11,31.48,64.493,False,15,INMOBILIARIA GÁLVEZ SANTA CRUZ,True
10047,MOVISTAR ESTUDIANTES,2,9.1165,39.801,False,15,INMOBILIARIA GÁLVEZ SANTA CRUZ,True
10048,MOVISTAR ESTUDIANTES,6,7.1898,59.95,False,15,INMOBILIARIA GÁLVEZ SANTA CRUZ,True
10049,MOVISTAR ESTUDIANTES,6,19.219,46.268,False,15,INMOBILIARIA GÁLVEZ SANTA CRUZ,True
10050,MOVISTAR ESTUDIANTES,8,9.9154,5.0308,False,15,INMOBILIARIA GÁLVEZ SANTA CRUZ,True
10051,MOVISTAR ESTUDIANTES,19,21.005,10.15,False,15,INMOBILIARIA GÁLVEZ SANTA CRUZ,True
10052,MOVISTAR ESTUDIANTES,2,27.49,20.82,False,15,INMOBILIARIA GÁLVEZ SANTA CRUZ,True
10053,MOVISTAR ESTUDIANTES,2,10.15,63.653,False,15,INMOBILIARIA GÁLVEZ SANTA CRUZ,True
10054,MOVISTAR ESTUDIANTES,8,32.518,61.889,True,15,INMOBILIARIA GÁLVEZ SANTA CRUZ,True
10055,MOVISTAR ESTUDIANTES,25,31.34399999999999,68.86,False,15,INMOBILIARIA GÁLVEZ SANTA CRUZ,True
10056,MOVISTAR ESTUDIANTES,6,10.15,53.91,False,15,INMOBILIARIA GÁLVEZ SANTA CRUZ,True
10057,MOVISTAR ESTUDIANTES,8,6.4379,67.012,True,15,INMOBILIARIA GÁLVEZ SANTA CRUZ,True
10058,MOVISTAR ESTUDIANTES,9,11.74809999999999,41.73,False,15,INMOBILIARIA GÁLVEZ SANTA CRUZ,True
10059,MOVISTAR ESTUDIANTES,8,6.5789,91.36,False,15,INMOBILIARIA GÁLVEZ SANTA CRUZ,True
10060,MOVISTAR ESTUDIANTES,7,33.317,48.199,False,15,INMOBILIARIA GÁLVEZ SANTA CRUZ,True
10061,MOVISTAR ESTUDIANTES,6,23.21429999999999,13.009,False,15,INMOBILIARIA GÁLVEZ SANTA CRUZ,True
10062,MOVISTAR ESTUDIANTES,2,8.83459999999999,50.047,True,15,INMOBILIARIA GÁLVEZ SANTA CRUZ,True
10063,MOVISTAR ESTUDIANTES,8,7.33079999999999,40.305,True,15,INMOBILIARIA GÁLVEZ SANTA CRUZ,True
10064,MOVISTAR ESTUDIANTES,22,12.0301,43.076,True,15,INMOBILIARIA GÁLVEZ SANTA CRUZ,True
10065,MOVISTAR ESTUDIANTES,7,27.3966,81.458,True,15,INMOBILIARIA GÁLVEZ SANTA CRUZ,True
10066,MOVISTAR ESTUDIANTES,25,10.479,93.888,False,15,INMOBILIARIA GÁLVEZ SANTA CRUZ,True
10067,MOVISTAR ESTUDIANTES,11,28.524,21.576,False,15,INMOBILIARIA GÁLVEZ SANTA CRUZ,True
10068,MOVISTAR ESTUDIANTES,2,7.14279999999999,46.604,True,15,INMOBILIARIA GÁLVEZ SANTA CRUZ,True
10069,MOVISTAR ESTUDIANTES,8,11.51319999999999,38.877,False,15,INMOBILIARIA GÁLVEZ SANTA CRUZ,True
10070,MOVISTAR ESTUDIANTES,6,10.526,94.224,False,15,INMOBILIARIA GÁLVEZ SANTA CRUZ,True
10071,MOVISTAR ESTUDIANTES,25,29.605,23.675,False,15,INMOBILIARIA GÁLVEZ SANTA CRUZ,True
10072,MOVISTAR ESTUDIANTES,10,27.772,81.206,True,15,INMOBILIARIA GÁLVEZ SANTA CRUZ,True
10073,MOVISTAR ESTUDIANTES,6,29.84,21.408,False,15,INMOBILIARIA GÁLVEZ SANTA CRUZ,True
10074,MOVISTAR ESTUDIANTES,7,9.351,48.535,False,15,INMOBILIARIA GÁLVEZ SANTA CRUZ,True
10075,MOVISTAR ESTUDIANTES,9,7.9417,53.82,False,15,INMOBILIARIA GÁLVEZ SANTA CRUZ,True
10076,MOVISTAR ESTUDIANTES,11,17.669,94.476,False,15,INMOBILIARIA GÁLVEZ SANTA CRUZ,True
10077,MOVISTAR ESTUDIANTES,6,11.043,54.16,False,15,INMOBILIARIA GÁLVEZ SANTA CRUZ,True
10078,MOVISTAR ESTUDIANTES,8,27.537,73.479,False,15,INMOBILIARIA GÁLVEZ SANTA CRUZ,True
10079,MOVISTAR ESTUDIANTES,11,8.78759999999999,56.262,True,15,INMOBILIARIA GÁLVEZ SANTA CRUZ,True
10080,MOVISTAR ESTUDIANTES,22,12.0301,43.076,False,15,INMOBILIARIA GÁLVEZ SANTA CRUZ,True
10081,MOVISTAR ESTUDIANTES,9,7.095,57.858,True,15,INMOBILIARIA GÁLVEZ SANTA CRUZ,True
10082,MOVISTAR ESTUDIANTES,9,7.3778,50.215,True,15,INMOBILIARIA GÁLVEZ SANTA CRUZ,True
10083,MOVISTAR ESTUDIANTES,6,11.889,92.46,True,15,INMOBILIARIA GÁLVEZ SANTA CRUZ,True
10084,MOVISTAR ESTUDIANTES,8,19.5019,5.4507,False,15,INMOBILIARIA GÁLVEZ SANTA CRUZ,True
10085,MOVISTAR ESTUDIANTES,8,10.47929999999999,44.588,True,15,INMOBILIARIA GÁLVEZ SANTA CRUZ,True
10086,MOVISTAR ESTUDIANTES,10,9.6334,51.643,True,15,INMOBILIARIA GÁLVEZ SANTA CRUZ,True
10087,MOVISTAR ESTUDIANTES,8,10.996,73.899,False,15,INMOBILIARIA GÁLVEZ SANTA CRUZ,True
10088,MOVISTAR ESTUDIANTES,9,7.5657,51.811,True,15,INMOBILIARIA GÁLVEZ SANTA CRUZ,True
10089,MOVISTAR ESTUDIANTES,22,7.8007,58.446,False,15,INMOBILIARIA GÁLVEZ SANTA CRUZ,True
10090,MOVISTAR ESTUDIANTES,6,8.8815,17.124,False,15,INMOBILIARIA GÁLVEZ SANTA CRUZ,True
10091,MOVISTAR ESTUDIANTES,6,7.5657,49.627,True,15,INMOBILIARIA GÁLVEZ SANTA CRUZ,True
10092,MOVISTAR ESTUDIANTES,6,11.184,48.703,False,15,INMOBILIARIA GÁLVEZ SANTA CRUZ,True
10093,MOVISTAR ESTUDIANTES,8,17.4342,32.578,True,15,INMOBILIARIA GÁLVEZ SANTA CRUZ,True
10094,MOVISTAR ESTUDIANTES,9,6.3909,48.619,True,15,INMOBILIARIA GÁLVEZ SANTA CRUZ,True
10095,MOVISTAR ESTUDIANTES,22,7.75379999999999,59.118,False,15,INMOBILIARIA GÁLVEZ SANTA CRUZ,True
10096,MOVISTAR ESTUDIANTES,12,7.8007,57.27,False,15,INMOBILIARIA GÁLVEZ SANTA CRUZ,True
10097,MOVISTAR ESTUDIANTES,6,19.2669,60.46,True,15,INMOBILIARIA GÁLVEZ SANTA CRUZ,True
10098,MOVISTAR ESTUDIANTES,6,27.866,78.015,False,15,INMOBILIARIA GÁLVEZ SANTA CRUZ,True
10099,MOVISTAR ESTUDIANTES,6,9.0695,48.703,True,15,INMOBILIARIA GÁLVEZ SANTA CRUZ,True
10100,MOVISTAR ESTUDIANTES,25,12.26,3.435,True,15,INMOBILIARIA GÁLVEZ SANTA CRUZ,True
10101,INMOBILIARIA GÁLVEZ SANTA CRUZ,44,26.315,80.702,True,15,MOVISTAR ESTUDIANTES,False
10102,INMOBILIARIA GÁLVEZ SANTA CRUZ,44,16.823,92.544,False,15,MOVISTAR ESTUDIANTES,False
10103,INMOBILIARIA GÁLVEZ SANTA CRUZ,15,34.492,63.905,False,15,MOVISTAR ESTUDIANTES,False
10104,INMOBILIARIA GÁLVEZ SANTA CRUZ,44,12.875,3.351,False,15,MOVISTAR ESTUDIANTES,False
10105,INMOBILIARIA GÁLVEZ SANTA CRUZ,8,12.78,47.86,True,15,MOVISTAR ESTUDIANTES,False
10106,INMOBILIARIA GÁLVEZ SANTA CRUZ,15,9.398,51.979,True,15,MOVISTAR ESTUDIANTES,False
10107,INMOBILIARIA GÁLVEZ SANTA CRUZ,6,31.34399999999999,26.111,False,15,MOVISTAR ESTUDIANTES,False
10108,INMOBILIARIA GÁLVEZ SANTA CRUZ,44,28.101,19.896,False,15,MOVISTAR ESTUDIANTES,False
10109,INMOBILIARIA GÁLVEZ SANTA CRUZ,15,9.6804,67.936,False,15,MOVISTAR ESTUDIANTES,False
10110,INMOBILIARIA GÁLVEZ SANTA CRUZ,6,29.84,27.707,True,15,MOVISTAR ESTUDIANTES,False
10111,INMOBILIARIA GÁLVEZ SANTA CRUZ,8,7.0488,54.414,False,15,MOVISTAR ESTUDIANTES,False
10112,INMOBILIARIA GÁLVEZ SANTA CRUZ,7,12.73,93.132,False,15,MOVISTAR ESTUDIANTES,False
10113,INMOBILIARIA GÁLVEZ SANTA CRUZ,44,29.746,19.476,False,15,MOVISTAR ESTUDIANTES,False
10114,INMOBILIARIA GÁLVEZ SANTA CRUZ,21,7.56579999999999,58.194,True,15,MOVISTAR ESTUDIANTES,False
10115,INMOBILIARIA GÁLVEZ SANTA CRUZ,44,27.6316,24.263,False,15,MOVISTAR ESTUDIANTES,False
10116,INMOBILIARIA GÁLVEZ SANTA CRUZ,15,30.451,25.019,True,15,MOVISTAR ESTUDIANTES,False
10117,INMOBILIARIA GÁLVEZ SANTA CRUZ,8,31.766,28.631,False,15,MOVISTAR ESTUDIANTES,False
10118,INMOBILIARIA GÁLVEZ SANTA CRUZ,15,34.022,48.955,False,15,MOVISTAR ESTUDIANTES,False
10119,INMOBILIARIA GÁLVEZ SANTA CRUZ,7,7.94169999999999,93.132,True,15,MOVISTAR ESTUDIANTES,False
10120,INMOBILIARIA GÁLVEZ SANTA CRUZ,21,5.26309999999999,56.598,True,15,MOVISTAR ESTUDIANTES,False
10121,INMOBILIARIA GÁLVEZ SANTA CRUZ,44,9.5395,4.7788,False,15,MOVISTAR ESTUDIANTES,False
10122,INMOBILIARIA GÁLVEZ SANTA CRUZ,21,32.001,32.074,True,15,MOVISTAR ESTUDIANTES,False
10123,INMOBILIARIA GÁLVEZ SANTA CRUZ,21,24.95,89.269,False,15,MOVISTAR ESTUDIANTES,False
10124,INMOBILIARIA GÁLVEZ SANTA CRUZ,15,30.96,61.217,False,15,MOVISTAR ESTUDIANTES,False
10125,INMOBILIARIA GÁLVEZ SANTA CRUZ,21,7.0018,61.133,True,15,MOVISTAR ESTUDIANTES,False
10126,INMOBILIARIA GÁLVEZ SANTA CRUZ,21,23.59,49.375,False,15,MOVISTAR ESTUDIANTES,False
10127,INMOBILIARIA GÁLVEZ SANTA CRUZ,24,9.9154,56.598,True,15,MOVISTAR ESTUDIANTES,False
10128,INMOBILIARIA GÁLVEZ SANTA CRUZ,24,9.0695,53.407,True,15,MOVISTAR ESTUDIANTES,False
10129,INMOBILIARIA GÁLVEZ SANTA CRUZ,21,9.8214,51.559,True,15,MOVISTAR ESTUDIANTES,False
10130,INMOBILIARIA GÁLVEZ SANTA CRUZ,44,29.746,21.66,False,15,MOVISTAR ESTUDIANTES,False
10131,INMOBILIARIA GÁLVEZ SANTA CRUZ,44,24.76,11.077,True,15,MOVISTAR ESTUDIANTES,False
10132,INMOBILIARIA GÁLVEZ SANTA CRUZ,15,17.34,94.392,True,15,MOVISTAR ESTUDIANTES,False
10133,INMOBILIARIA GÁLVEZ SANTA CRUZ,21,7.7537,38.121,False,15,MOVISTAR ESTUDIANTES,False
10134,INMOBILIARIA GÁLVEZ SANTA CRUZ,16,28.0545,78.015,False,15,MOVISTAR ESTUDIANTES,False
10135,INMOBILIARIA GÁLVEZ SANTA CRUZ,15,8.8345,46.352,True,15,MOVISTAR ESTUDIANTES,False
10136,INMOBILIARIA GÁLVEZ SANTA CRUZ,24,8.41169999999999,44.336,True,15,MOVISTAR ESTUDIANTES,False
10137,INMOBILIARIA GÁLVEZ SANTA CRUZ,15,17.34,52.819,False,15,MOVISTAR ESTUDIANTES,False
10138,INMOBILIARIA GÁLVEZ SANTA CRUZ,8,29.84,28.71,False,15,MOVISTAR ESTUDIANTES,False
10139,INMOBILIARIA GÁLVEZ SANTA CRUZ,15,28.571,18.888,True,15,MOVISTAR ESTUDIANTES,False
10140,INMOBILIARIA GÁLVEZ SANTA CRUZ,8,9.86839999999999,44.336,False,15,MOVISTAR ESTUDIANTES,False
10141,INMOBILIARIA GÁLVEZ SANTA CRUZ,6,14.473,70.792,False,15,MOVISTAR ESTUDIANTES,False
10142,INMOBILIARIA GÁLVEZ SANTA CRUZ,15,34.304,54.33,True,15,MOVISTAR ESTUDIANTES,False
10143,INMOBILIARIA GÁLVEZ SANTA CRUZ,16,32.33,35.769,True,15,MOVISTAR ESTUDIANTES,False
10144,INMOBILIARIA GÁLVEZ SANTA CRUZ,21,25.375,35.853,True,15,MOVISTAR ESTUDIANTES,False
10145,INMOBILIARIA GÁLVEZ SANTA CRUZ,15,33.693,48.703,False,15,MOVISTAR ESTUDIANTES,False
10146,INMOBILIARIA GÁLVEZ SANTA CRUZ,8,9.6804,40.725,False,15,MOVISTAR ESTUDIANTES,False
10147,INMOBILIARIA GÁLVEZ SANTA CRUZ,6,9.351,56.262,False,15,MOVISTAR ESTUDIANTES,False
10148,INMOBILIARIA GÁLVEZ SANTA CRUZ,21,9.44549999999999,46.772,True,15,MOVISTAR ESTUDIANTES,False
10149,INMOBILIARIA GÁLVEZ SANTA CRUZ,44,8.1766,5.198,False,15,MOVISTAR ESTUDIANTES,False
10150,INMOBILIARIA GÁLVEZ SANTA CRUZ,21,7.9417,56.262,False,15,MOVISTAR ESTUDIANTES,False
10151,INMOBILIARIA GÁLVEZ SANTA CRUZ,15,29.652,77.679,False,15,MOVISTAR ESTUDIANTES,False
10152,INMOBILIARIA GÁLVEZ SANTA CRUZ,21,8.4586,40.977,False,15,MOVISTAR ESTUDIANTES,False
10153,INMOBILIARIA GÁLVEZ SANTA CRUZ,15,31.391,25.019,False,15,MOVISTAR ESTUDIANTES,False
10154,INMOBILIARIA GÁLVEZ SANTA CRUZ,15,12.0,38.037,False,15,MOVISTAR ESTUDIANTES,False
10155,INMOBILIARIA GÁLVEZ SANTA CRUZ,6,7.98869999999999,55.422,True,15,MOVISTAR ESTUDIANTES,False
10156,INMOBILIARIA GÁLVEZ SANTA CRUZ,44,31.48,36.021,False,15,MOVISTAR ESTUDIANTES,False
10157,INMOBILIARIA GÁLVEZ SANTA CRUZ,6,33.787,53.74,False,15,MOVISTAR ESTUDIANTES,False
10158,INMOBILIARIA GÁLVEZ SANTA CRUZ,21,10.8083,52.063,False,15,MOVISTAR ESTUDIANTES,False
10159,INMOBILIARIA GÁLVEZ SANTA CRUZ,8,7.9887,58.614,True,15,MOVISTAR ESTUDIANTES,False
10160,INMOBILIARIA GÁLVEZ SANTA CRUZ,15,32.8007,72.388,True,15,MOVISTAR ESTUDIANTES,False
10161,INMOBILIARIA GÁLVEZ SANTA CRUZ,6,5.78,57.102,True,15,MOVISTAR ESTUDIANTES,False
10162,INMOBILIARIA GÁLVEZ SANTA CRUZ,6,29.135,19.812,False,15,MOVISTAR ESTUDIANTES,False
10163,INMOBILIARIA GÁLVEZ SANTA CRUZ,6,8.6936,41.984,True,15,MOVISTAR ESTUDIANTES,False
10164,INMOBILIARIA GÁLVEZ SANTA CRUZ,8,16.212,76.083,False,15,MOVISTAR ESTUDIANTES,False
10165,INMOBILIARIA GÁLVEZ SANTA CRUZ,6,7.0019,43.496,True,15,MOVISTAR ESTUDIANTES,False
10166,INMOBILIARIA GÁLVEZ SANTA CRUZ,6,5.686,51.391,True,15,MOVISTAR ESTUDIANTES,False
10167,CB LA MATANZA,7,5.43019999999999,47.39,True,16,PROBASKETLAB FUENLABRADA,True
10168,CB LA MATANZA,23,7.4753,82.555,False,16,PROBASKETLAB FUENLABRADA,True
10169,CB LA MATANZA,0,7.05219999999999,44.995,True,16,PROBASKETLAB FUENLABRADA,True
10170,CB LA MATANZA,23,29.83,16.13,False,16,PROBASKETLAB FUENLABRADA,True
10171,CB LA MATANZA,7,7.7574,47.138,False,16,PROBASKETLAB FUENLABRADA,True
10172,CB LA MATANZA,23,25.811,86.21,False,16,PROBASKETLAB FUENLABRADA,True
10173,CB LA MATANZA,23,9.5204,76.757,False,16,PROBASKETLAB FUENLABRADA,True
10174,CB LA MATANZA,23,31.1,76.127,False,16,PROBASKETLAB FUENLABRADA,True
10175,CB LA MATANZA,7,5.4301,52.684,True,16,PROBASKETLAB FUENLABRADA,True
10176,CB LA MATANZA,10,28.843,27.35,False,16,PROBASKETLAB FUENLABRADA,True
10177,CB LA MATANZA,23,11.071,73.606,False,16,PROBASKETLAB FUENLABRADA,True
10178,CB LA MATANZA,23,8.392,53.062,False,16,PROBASKETLAB FUENLABRADA,True
10179,CB LA MATANZA,72,7.263,79.656,False,16,PROBASKETLAB FUENLABRADA,True
10180,CB LA MATANZA,21,16.7137,90.3,False,16,PROBASKETLAB FUENLABRADA,True
10181,CB LA MATANZA,10,31.029,22.68,True,16,PROBASKETLAB FUENLABRADA,True
10182,CB LA MATANZA,10,10.366,53.692,True,16,PROBASKETLAB FUENLABRADA,True
10183,CB LA MATANZA,72,5.5712,52.558,True,16,PROBASKETLAB FUENLABRADA,True
10184,CB LA MATANZA,11,5.148,3.529,False,16,PROBASKETLAB FUENLABRADA,True
10185,CB LA MATANZA,7,4.7249,46.382,True,16,PROBASKETLAB FUENLABRADA,True
10186,CB LA MATANZA,9,23.695,87.849,False,16,PROBASKETLAB FUENLABRADA,True
10187,CB LA MATANZA,9,10.93,4.4113,False,16,PROBASKETLAB FUENLABRADA,True
10188,CB LA MATANZA,9,22.214,9.2008,True,16,PROBASKETLAB FUENLABRADA,True
10189,CB LA MATANZA,23,26.163,22.939,True,16,PROBASKETLAB FUENLABRADA,True
10190,CB LA MATANZA,23,11.988,46.13,False,16,PROBASKETLAB FUENLABRADA,True
10191,CB LA MATANZA,72,11.071,43.231,False,16,PROBASKETLAB FUENLABRADA,True
10192,CB LA MATANZA,9,6.2059,96.419,False,16,PROBASKETLAB FUENLABRADA,True
10193,CB LA MATANZA,9,22.28489999999999,89.991,True,16,PROBASKETLAB FUENLABRADA,True
10194,CB LA MATANZA,3,17.63049999999999,94.403,False,16,PROBASKETLAB FUENLABRADA,True
10195,CB LA MATANZA,14,14.88,84.068,True,16,PROBASKETLAB FUENLABRADA,True
10196,CB LA MATANZA,10,3.7377,48.39,True,16,PROBASKETLAB FUENLABRADA,True
10197,CB LA MATANZA,23,5.8533,44.491,True,16,PROBASKETLAB FUENLABRADA,True
10198,CB LA MATANZA,23,16.57259999999999,94.403,False,16,PROBASKETLAB FUENLABRADA,True
10199,CB LA MATANZA,7,30.53,23.317,True,16,PROBASKETLAB FUENLABRADA,True
10200,CB LA MATANZA,21,32.0169,20.796,False,16,PROBASKETLAB FUENLABRADA,True
10201,CB LA MATANZA,7,4.09029999999999,47.516,True,16,PROBASKETLAB FUENLABRADA,True
10202,CB LA MATANZA,7,7.3342,49.407,True,16,PROBASKETLAB FUENLABRADA,True
10203,CB LA MATANZA,21,13.046,8.5706,False,16,PROBASKETLAB FUENLABRADA,True
10204,CB LA MATANZA,7,6.1354,63.271,False,16,PROBASKETLAB FUENLABRADA,True
10205,CB LA MATANZA,23,22.42,12.099,False,16,PROBASKETLAB FUENLABRADA,True
10206,CB LA MATANZA,10,31.1,31.761,False,16,PROBASKETLAB FUENLABRADA,True
10207,CB LA MATANZA,23,20.098,77.009,True,16,PROBASKETLAB FUENLABRADA,True
10208,CB LA MATANZA,23,6.9816,51.928,True,16,PROBASKETLAB FUENLABRADA,True
10209,CB LA MATANZA,7,6.6995,44.743,True,16,PROBASKETLAB FUENLABRADA,True
10210,CB LA MATANZA,11,4.866,52.558,True,16,PROBASKETLAB FUENLABRADA,True
10211,CB LA MATANZA,23,33.0747,28.106,False,16,PROBASKETLAB FUENLABRADA,True
10212,CB LA MATANZA,72,5.21859999999999,49.911,False,16,PROBASKETLAB FUENLABRADA,True
10213,CB LA MATANZA,23,11.001,5.167,True,16,PROBASKETLAB FUENLABRADA,True
10214,CB LA MATANZA,9,32.0169,20.796,False,16,PROBASKETLAB FUENLABRADA,True
10215,CB LA MATANZA,72,27.29,48.39,False,16,PROBASKETLAB FUENLABRADA,True
10216,CB LA MATANZA,9,9.73,4.6634,True,16,PROBASKETLAB FUENLABRADA,True
10217,CB LA MATANZA,6,11.70659999999999,50.541,False,16,PROBASKETLAB FUENLABRADA,True
10218,CB LA MATANZA,7,6.1354,50.667,True,16,PROBASKETLAB FUENLABRADA,True
10219,CB LA MATANZA,0,4.72499999999999,43.357,False,16,PROBASKETLAB FUENLABRADA,True
10220,CB LA MATANZA,72,8.5331,37.559,False,16,PROBASKETLAB FUENLABRADA,True
10221,CB LA MATANZA,72,11.636,49.911,True,16,PROBASKETLAB FUENLABRADA,True
10222,CB LA MATANZA,14,6.9111,60.876,False,16,PROBASKETLAB FUENLABRADA,True
10223,CB LA MATANZA,0,7.61639999999999,50.163,False,16,PROBASKETLAB FUENLABRADA,True
10224,CB LA MATANZA,0,8.9562,50.793,True,16,PROBASKETLAB FUENLABRADA,True
10225,CB LA MATANZA,0,4.09029999999999,52.432,False,16,PROBASKETLAB FUENLABRADA,True
10226,CB LA MATANZA,6,31.1,55.583,False,16,PROBASKETLAB FUENLABRADA,True
10227,CB LA MATANZA,0,12.341,17.015,False,16,PROBASKETLAB FUENLABRADA,True
10228,CB LA MATANZA,0,4.442899999999994,50.415,True,16,PROBASKETLAB FUENLABRADA,True
10229,CB LA MATANZA,0,9.87309999999999,94.403,False,16,PROBASKETLAB FUENLABRADA,True
10230,CB LA MATANZA,23,6.8406,53.818,True,16,PROBASKETLAB FUENLABRADA,True
10231,CB LA MATANZA,11,28.42,19.28,False,16,PROBASKETLAB FUENLABRADA,True
10232,CB LA MATANZA,23,22.496,90.496,False,16,PROBASKETLAB FUENLABRADA,True
10233,CB LA MATANZA,23,6.06489999999999,51.67,False,16,PROBASKETLAB FUENLABRADA,True
10234,CB LA MATANZA,23,41.537,89.991,True,16,PROBASKETLAB FUENLABRADA,True
10235,CB LA MATANZA,0,5.78279999999999,52.558,False,16,PROBASKETLAB FUENLABRADA,True
10236,CB LA MATANZA,72,24.4711,47.516,True,16,PROBASKETLAB FUENLABRADA,True
10237,CB LA MATANZA,72,3.31449999999999,49.407,False,16,PROBASKETLAB FUENLABRADA,True
10238,CB LA MATANZA,72,4.301,46.508,True,16,PROBASKETLAB FUENLABRADA,True
10239,CB LA MATANZA,0,11.706,85.328,True,16,PROBASKETLAB FUENLABRADA,True
10240,CB LA MATANZA,11,11.071,43.231,False,16,PROBASKETLAB FUENLABRADA,True
10241,CB LA MATANZA,23,29.6192,76.253,True,16,PROBASKETLAB FUENLABRADA,True
10242,CB LA MATANZA,0,4.231300000000004,50.415,True,16,PROBASKETLAB FUENLABRADA,True
10243,CB LA MATANZA,23,7.5458,52.054,True,16,PROBASKETLAB FUENLABRADA,True
10244,CB LA MATANZA,14,18.8293,92.89,False,16,PROBASKETLAB FUENLABRADA,True
10245,PROBASKETLAB FUENLABRADA,11,11.70659999999999,87.345,False,16,CB LA MATANZA,False
10246,PROBASKETLAB FUENLABRADA,14,10.296,4.5374,False,16,CB LA MATANZA,False
10247,PROBASKETLAB FUENLABRADA,11,30.183,26.846,False,16,CB LA MATANZA,False
10248,PROBASKETLAB FUENLABRADA,13,23.483,87.849,True,16,CB LA MATANZA,False
10249,PROBASKETLAB FUENLABRADA,7,13.82229999999999,34.786,False,16,CB LA MATANZA,False
10250,PROBASKETLAB FUENLABRADA,13,28.067,20.166,False,16,CB LA MATANZA,False
10251,PROBASKETLAB FUENLABRADA,14,26.234,81.673,False,16,CB LA MATANZA,False
10252,PROBASKETLAB FUENLABRADA,7,10.437,49.281,True,16,CB LA MATANZA,False
10253,PROBASKETLAB FUENLABRADA,7,21.43859999999999,88.479,False,16,CB LA MATANZA,False
10254,PROBASKETLAB FUENLABRADA,8,8.46259999999999,48.146,True,16,CB LA MATANZA,False
10255,PROBASKETLAB FUENLABRADA,5,23.483,49.029,True,16,CB LA MATANZA,False
10256,PROBASKETLAB FUENLABRADA,2,13.892,92.89,False,16,CB LA MATANZA,False
10257,PROBASKETLAB FUENLABRADA,13,19.534,92.26,True,16,CB LA MATANZA,False
10258,PROBASKETLAB FUENLABRADA,7,31.593,31.887,False,16,CB LA MATANZA,False
10259,PROBASKETLAB FUENLABRADA,8,6.6996,49.785,True,16,CB LA MATANZA,False
10260,PROBASKETLAB FUENLABRADA,13,30.9591,79.026,False,16,CB LA MATANZA,False
10261,PROBASKETLAB FUENLABRADA,8,29.76,27.224,False,16,CB LA MATANZA,False
10262,PROBASKETLAB FUENLABRADA,2,19.181,91.126,False,16,CB LA MATANZA,False
10263,PROBASKETLAB FUENLABRADA,3,5.5712,50.037,True,16,CB LA MATANZA,False
10264,PROBASKETLAB FUENLABRADA,14,10.789,95.159,False,16,CB LA MATANZA,False
10265,PROBASKETLAB FUENLABRADA,7,9.9436,64.91,False,16,CB LA MATANZA,False
10266,PROBASKETLAB FUENLABRADA,7,7.3342,89.109,False,16,CB LA MATANZA,False
10267,PROBASKETLAB FUENLABRADA,3,6.62909999999999,52.306,True,16,CB LA MATANZA,False
10268,PROBASKETLAB FUENLABRADA,13,21.65,94.781,False,16,CB LA MATANZA,False
10269,PROBASKETLAB FUENLABRADA,8,7.61639999999999,40.836,False,16,CB LA MATANZA,False
10270,PROBASKETLAB FUENLABRADA,8,3.385,53.818,False,16,CB LA MATANZA,False
10271,PROBASKETLAB FUENLABRADA,8,6.205,48.52,False,16,CB LA MATANZA,False
10272,PROBASKETLAB FUENLABRADA,8,6.62909999999999,53.44,True,16,CB LA MATANZA,False
10273,PROBASKETLAB FUENLABRADA,5,25.74,85.076,True,16,CB LA MATANZA,False
10274,PROBASKETLAB FUENLABRADA,2,12.482,92.764,False,16,CB LA MATANZA,False
10275,PROBASKETLAB FUENLABRADA,5,24.04,90.496,False,16,CB LA MATANZA,False
10276,PROBASKETLAB FUENLABRADA,11,8.5331,50.793,True,16,CB LA MATANZA,False
10277,PROBASKETLAB FUENLABRADA,7,28.349,21.678,False,16,CB LA MATANZA,False
10278,PROBASKETLAB FUENLABRADA,5,5.78279999999999,50.793,True,16,CB LA MATANZA,False
10279,PROBASKETLAB FUENLABRADA,13,6.6995,46.508,False,16,CB LA MATANZA,False
10280,PROBASKETLAB FUENLABRADA,7,30.606,30.879,False,16,CB LA MATANZA,False
10281,PROBASKETLAB FUENLABRADA,5,5.641,50.919,True,16,CB LA MATANZA,False
10282,PROBASKETLAB FUENLABRADA,13,6.6995,46.508,True,16,CB LA MATANZA,False
10283,PROBASKETLAB FUENLABRADA,5,25.6,49.281,True,16,CB LA MATANZA,False
10284,PROBASKETLAB FUENLABRADA,7,15.3032,48.903,True,16,CB LA MATANZA,False
10285,PROBASKETLAB FUENLABRADA,13,32.51,69.825,False,16,CB LA MATANZA,False
10286,PROBASKETLAB FUENLABRADA,8,4.7955,51.297,True,16,CB LA MATANZA,False
10287,PROBASKETLAB FUENLABRADA,11,10.296,27.98,False,16,CB LA MATANZA,False
10288,PROBASKETLAB FUENLABRADA,14,13.117,93.64,False,16,CB LA MATANZA,False
10289,PROBASKETLAB FUENLABRADA,7,18.19459999999999,96.041,True,16,CB LA MATANZA,False
10290,PROBASKETLAB FUENLABRADA,7,4.9365,53.566,False,16,CB LA MATANZA,False
10291,PROBASKETLAB FUENLABRADA,13,11.071,57.851,False,16,CB LA MATANZA,False
10292,PROBASKETLAB FUENLABRADA,13,26.586,14.494,False,16,CB LA MATANZA,False
10293,PROBASKETLAB FUENLABRADA,8,5.3596,49.911,False,16,CB LA MATANZA,False
10294,PROBASKETLAB FUENLABRADA,5,6.27639999999999,50.163,True,16,CB LA MATANZA,False
10295,PROBASKETLAB FUENLABRADA,5,13.681,7.6883,False,16,CB LA MATANZA,False
10296,PROBASKETLAB FUENLABRADA,8,6.4174,51.928,True,16,CB LA MATANZA,False
10297,PROBASKETLAB FUENLABRADA,7,26.9393,12.351,False,16,CB LA MATANZA,False
10298,PROBASKETLAB FUENLABRADA,7,4.0902,46.76,True,16,CB LA MATANZA,False
10299,PROBASKETLAB FUENLABRADA,11,30.747,50.667,False,16,CB LA MATANZA,False
10300,PROBASKETLAB FUENLABRADA,13,31.17,22.056,False,16,CB LA MATANZA,False
10301,PROBASKETLAB FUENLABRADA,13,25.6,87.723,False,16,CB LA MATANZA,False
10302,PROBASKETLAB FUENLABRADA,5,20.521,49.029,True,16,CB LA MATANZA,False
10303,PROBASKETLAB FUENLABRADA,14,7.545,4.2853,True,16,CB LA MATANZA,False
10304,PROBASKETLAB FUENLABRADA,8,20.521,24.451,False,16,CB LA MATANZA,False
10305,PROBASKETLAB FUENLABRADA,8,8.25109999999999,53.062,True,16,CB LA MATANZA,False
10306,PROBASKETLAB FUENLABRADA,8,0.352599999999995,49.281,True,16,CB LA MATANZA,False
10307,PROBASKETLAB FUENLABRADA,7,12.97,51.802,False,16,CB LA MATANZA,False
10308,PROBASKETLAB FUENLABRADA,11,5.5712,50.541,True,16,CB LA MATANZA,False
10309,PROBASKETLAB FUENLABRADA,14,16.502,35.54,False,16,CB LA MATANZA,False
10310,PROBASKETLAB FUENLABRADA,2,26.304,13.99,False,16,CB LA MATANZA,False
10311,PROBASKETLAB FUENLABRADA,14,6.9111,53.566,True,16,CB LA MATANZA,False
10312,PROBASKETLAB FUENLABRADA,8,5.3597,47.768,True,16,CB LA MATANZA,False
10313,PROBASKETLAB FUENLABRADA,7,33.074,15.376,True,16,CB LA MATANZA,False
10314,PROBASKETLAB FUENLABRADA,13,34.555,44.995,False,16,CB LA MATANZA,False
10315,PROBASKETLAB FUENLABRADA,8,30.9591,79.026,True,16,CB LA MATANZA,False
10316,PROBASKETLAB FUENLABRADA,7,5.007,54.95,False,16,CB LA MATANZA,False
10317,TOSCONES CORRALEJO,17,10.36669999999999,58.482,False,16,FUNDACION GLOBALCAJA LA RODA,True
10318,TOSCONES CORRALEJO,15,9.661,55.583,True,16,FUNDACION GLOBALCAJA LA RODA,True
10319,TOSCONES CORRALEJO,17,13.9633,26.342,True,16,FUNDACION GLOBALCAJA LA RODA,True
10320,TOSCONES CORRALEJO,30,11.21,42.349,False,16,FUNDACION GLOBALCAJA LA RODA,True
10321,TOSCONES CORRALEJO,7,16.2,53.062,False,16,FUNDACION GLOBALCAJA LA RODA,True
10322,TOSCONES CORRALEJO,17,10.014,55.961,True,16,FUNDACION GLOBALCAJA LA RODA,True
10323,TOSCONES CORRALEJO,7,10.789,46.76,False,16,FUNDACION GLOBALCAJA LA RODA,True
10324,TOSCONES CORRALEJO,8,29.548,18.905,True,16,FUNDACION GLOBALCAJA LA RODA,True
10325,TOSCONES CORRALEJO,17,7.404,39.198,True,16,FUNDACION GLOBALCAJA LA RODA,True
10326,TOSCONES CORRALEJO,7,11.001,60.12,True,16,FUNDACION GLOBALCAJA LA RODA,True
10327,TOSCONES CORRALEJO,19,26.939,13.108,False,16,FUNDACION GLOBALCAJA LA RODA,True
10328,TOSCONES CORRALEJO,17,12.129,64.279,False,16,FUNDACION GLOBALCAJA LA RODA,True
10329,TOSCONES CORRALEJO,36,12.0592,43.861,False,16,FUNDACION GLOBALCAJA LA RODA,True
10330,TOSCONES CORRALEJO,30,11.49509999999999,41.34,True,16,FUNDACION GLOBALCAJA LA RODA,True
10331,TOSCONES CORRALEJO,8,7.68689999999999,50.415,True,16,FUNDACION GLOBALCAJA LA RODA,True
10332,TOSCONES CORRALEJO,15,11.988,48.903,False,16,FUNDACION GLOBALCAJA LA RODA,True
10333,TOSCONES CORRALEJO,9,21.932,35.795,False,16,FUNDACION GLOBALCAJA LA RODA,True
10334,TOSCONES CORRALEJO,11,12.623,33.652,True,16,FUNDACION GLOBALCAJA LA RODA,True
10335,TOSCONES CORRALEJO,19,28.561,84.572,True,16,FUNDACION GLOBALCAJA LA RODA,True
10336,TOSCONES CORRALEJO,9,10.5078,50.793,False,16,FUNDACION GLOBALCAJA LA RODA,True
10337,TOSCONES CORRALEJO,8,12.9055,41.718,False,16,FUNDACION GLOBALCAJA LA RODA,True
10338,TOSCONES CORRALEJO,9,5.923,48.27,True,16,FUNDACION GLOBALCAJA LA RODA,True
10339,TOSCONES CORRALEJO,30,14.739,59.868,False,16,FUNDACION GLOBALCAJA LA RODA,True
10340,TOSCONES CORRALEJO,30,15.02119999999999,40.584,False,16,FUNDACION GLOBALCAJA LA RODA,True
10341,TOSCONES CORRALEJO,7,9.3794,42.475,True,16,FUNDACION GLOBALCAJA LA RODA,True
10342,TOSCONES CORRALEJO,30,8.67419999999999,55.583,True,16,FUNDACION GLOBALCAJA LA RODA,True
10343,TOSCONES CORRALEJO,17,9.732,39.324,True,16,FUNDACION GLOBALCAJA LA RODA,True
10344,TOSCONES CORRALEJO,9,29.266,16.25,False,16,FUNDACION GLOBALCAJA LA RODA,True
10345,TOSCONES CORRALEJO,36,10.578,55.961,False,16,FUNDACION GLOBALCAJA LA RODA,True
10346,TOSCONES CORRALEJO,11,29.76,19.031,True,16,FUNDACION GLOBALCAJA LA RODA,True
10347,TOSCONES CORRALEJO,7,9.8025,35.795,False,16,FUNDACION GLOBALCAJA LA RODA,True
10348,TOSCONES CORRALEJO,19,34.132,25.96,False,16,FUNDACION GLOBALCAJA LA RODA,True
10349,TOSCONES CORRALEJO,8,24.964,11.973,False,16,FUNDACION GLOBALCAJA LA RODA,True
10350,TOSCONES CORRALEJO,9,15.8674,40.206,False,16,FUNDACION GLOBALCAJA LA RODA,True
10351,TOSCONES CORRALEJO,17,9.732,41.214,True,16,FUNDACION GLOBALCAJA LA RODA,True
10352,TOSCONES CORRALEJO,8,16.784,94.151,False,16,FUNDACION GLOBALCAJA LA RODA,True
10353,TOSCONES CORRALEJO,30,35.613,41.84,False,16,FUNDACION GLOBALCAJA LA RODA,True
10354,TOSCONES CORRALEJO,7,28.138,14.998,False,16,FUNDACION GLOBALCAJA LA RODA,True
10355,TOSCONES CORRALEJO,17,10.578,48.39,False,16,FUNDACION GLOBALCAJA LA RODA,True
10356,TOSCONES CORRALEJO,8,33.497,70.329,False,16,FUNDACION GLOBALCAJA LA RODA,True
10357,TOSCONES CORRALEJO,8,10.648,45.752,True,16,FUNDACION GLOBALCAJA LA RODA,True
10358,TOSCONES CORRALEJO,36,8.6037,58.1,True,16,FUNDACION GLOBALCAJA LA RODA,True
10359,TOSCONES CORRALEJO,30,27.785,17.771,False,16,FUNDACION GLOBALCAJA LA RODA,True
10360,TOSCONES CORRALEJO,11,30.1834,18.023,False,16,FUNDACION GLOBALCAJA LA RODA,True
10361,TOSCONES CORRALEJO,17,20.38079999999999,69.069,False,16,FUNDACION GLOBALCAJA LA RODA,True
10362,TOSCONES CORRALEJO,8,11.2835,28.862,False,16,FUNDACION GLOBALCAJA LA RODA,True
10363,TOSCONES CORRALEJO,7,17.13679999999999,65.666,False,16,FUNDACION GLOBALCAJA LA RODA,True
10364,TOSCONES CORRALEJO,15,13.258,43.231,True,16,FUNDACION GLOBALCAJA LA RODA,True
10365,TOSCONES CORRALEJO,9,11.70659999999999,61.507,False,16,FUNDACION GLOBALCAJA LA RODA,True
10366,TOSCONES CORRALEJO,8,22.002,93.142,True,16,FUNDACION GLOBALCAJA LA RODA,True
10367,TOSCONES CORRALEJO,8,8.95629999999999,48.146,True,16,FUNDACION GLOBALCAJA LA RODA,True
10368,TOSCONES CORRALEJO,9,10.93,51.297,True,16,FUNDACION GLOBALCAJA LA RODA,True
10369,TOSCONES CORRALEJO,9,4.86,49.029,True,16,FUNDACION GLOBALCAJA LA RODA,True
10370,TOSCONES CORRALEJO,17,16.07899999999999,57.473,True,16,FUNDACION GLOBALCAJA LA RODA,True
10371,TOSCONES CORRALEJO,19,23.272,89.361,False,16,FUNDACION GLOBALCAJA LA RODA,True
10372,TOSCONES CORRALEJO,11,30.677,77.009,True,16,FUNDACION GLOBALCAJA LA RODA,True
10373,TOSCONES CORRALEJO,17,9.9436,53.818,False,16,FUNDACION GLOBALCAJA LA RODA,True
10374,TOSCONES CORRALEJO,30,12.55289999999999,39.45,False,16,FUNDACION GLOBALCAJA LA RODA,True
10375,TOSCONES CORRALEJO,17,10.437,53.692,False,16,FUNDACION GLOBALCAJA LA RODA,True
10376,TOSCONES CORRALEJO,7,10.155,47.642,True,16,FUNDACION GLOBALCAJA LA RODA,True
10377,TOSCONES CORRALEJO,7,8.74469999999999,61.633,True,16,FUNDACION GLOBALCAJA LA RODA,True
10378,TOSCONES CORRALEJO,17,10.5078,50.793,True,16,FUNDACION GLOBALCAJA LA RODA,True
10379,TOSCONES CORRALEJO,11,18.053,68.439,False,16,FUNDACION GLOBALCAJA LA RODA,True
10380,TOSCONES CORRALEJO,30,31.45269999999999,77.38,False,16,FUNDACION GLOBALCAJA LA RODA,True
10381,TOSCONES CORRALEJO,15,3.8081,48.903,True,16,FUNDACION GLOBALCAJA LA RODA,True
10382,FUNDACION GLOBALCAJA LA RODA,2,32.933,62.767,True,16,TOSCONES CORRALEJO,False
10383,FUNDACION GLOBALCAJA LA RODA,25,5.148,48.903,True,16,TOSCONES CORRALEJO,False
10384,FUNDACION GLOBALCAJA LA RODA,10,11.70659999999999,40.71,False,16,TOSCONES CORRALEJO,False
10385,FUNDACION GLOBALCAJA LA RODA,9,10.225,95.537,False,16,TOSCONES CORRALEJO,False
10386,FUNDACION GLOBALCAJA LA RODA,13,31.17,76.631,False,16,TOSCONES CORRALEJO,False
10387,FUNDACION GLOBALCAJA LA RODA,6,16.1495,4.5374,True,16,TOSCONES CORRALEJO,False
10388,FUNDACION GLOBALCAJA LA RODA,13,10.719,95.537,True,16,TOSCONES CORRALEJO,False
10389,FUNDACION GLOBALCAJA LA RODA,0,7.9689,44.743,True,16,TOSCONES CORRALEJO,False
10390,FUNDACION GLOBALCAJA LA RODA,4,11.35,56.087,True,16,TOSCONES CORRALEJO,False
10391,FUNDACION GLOBALCAJA LA RODA,0,27.644,14.368,False,16,TOSCONES CORRALEJO,False
10392,FUNDACION GLOBALCAJA LA RODA,6,33.004,67.935,False,16,TOSCONES CORRALEJO,False
10393,FUNDACION GLOBALCAJA LA RODA,6,35.119,38.063,False,16,TOSCONES CORRALEJO,False
10394,FUNDACION GLOBALCAJA LA RODA,13,32.51,74.615,False,16,TOSCONES CORRALEJO,False
10395,FUNDACION GLOBALCAJA LA RODA,13,21.5092,48.27,False,16,TOSCONES CORRALEJO,False
10396,FUNDACION GLOBALCAJA LA RODA,0,12.83,48.146,False,16,TOSCONES CORRALEJO,False
10397,FUNDACION GLOBALCAJA LA RODA,13,16.925,16.889,True,16,TOSCONES CORRALEJO,False
10398,FUNDACION GLOBALCAJA LA RODA,6,29.407,80.53,True,16,TOSCONES CORRALEJO,False
10399,FUNDACION GLOBALCAJA LA RODA,4,33.004,73.606,False,16,TOSCONES CORRALEJO,False
10400,FUNDACION GLOBALCAJA LA RODA,25,11.49509999999999,52.432,False,16,TOSCONES CORRALEJO,False
10401,FUNDACION GLOBALCAJA LA RODA,4,8.1805,42.601,False,16,TOSCONES CORRALEJO,False
10402,FUNDACION GLOBALCAJA LA RODA,9,27.362,83.94,False,16,TOSCONES CORRALEJO,False
10403,FUNDACION GLOBALCAJA LA RODA,0,30.1834,81.295,True,16,TOSCONES CORRALEJO,False
10404,FUNDACION GLOBALCAJA LA RODA,25,12.693,39.954,False,16,TOSCONES CORRALEJO,False
10405,FUNDACION GLOBALCAJA LA RODA,6,7.9689,53.44,False,16,TOSCONES CORRALEJO,False
10406,FUNDACION GLOBALCAJA LA RODA,0,29.478,16.889,True,16,TOSCONES CORRALEJO,False
10407,FUNDACION GLOBALCAJA LA RODA,2,10.578,55.961,True,16,TOSCONES CORRALEJO,False
10408,FUNDACION GLOBALCAJA LA RODA,13,35.895,56.969,True,16,TOSCONES CORRALEJO,False
10409,FUNDACION GLOBALCAJA LA RODA,13,8.11,46.13,True,16,TOSCONES CORRALEJO,False
10410,FUNDACION GLOBALCAJA LA RODA,0,29.971,81.295,False,16,TOSCONES CORRALEJO,False
10411,FUNDACION GLOBALCAJA LA RODA,4,11.988,47.642,True,16,TOSCONES CORRALEJO,False
10412,FUNDACION GLOBALCAJA LA RODA,0,28.349,13.864,True,16,TOSCONES CORRALEJO,False
10413,FUNDACION GLOBALCAJA LA RODA,4,5.641,51.802,True,16,TOSCONES CORRALEJO,False
10414,FUNDACION GLOBALCAJA LA RODA,4,10.93,53.314,False,16,TOSCONES CORRALEJO,False
10415,FUNDACION GLOBALCAJA LA RODA,0,33.709,66.422,True,16,TOSCONES CORRALEJO,False
10416,FUNDACION GLOBALCAJA LA RODA,4,30.465,81.043,True,16,TOSCONES CORRALEJO,False
10417,FUNDACION GLOBALCAJA LA RODA,13,10.719,54.82,True,16,TOSCONES CORRALEJO,False
10418,FUNDACION GLOBALCAJA LA RODA,13,30.11279999999999,81.043,True,16,TOSCONES CORRALEJO,False
10419,FUNDACION GLOBALCAJA LA RODA,0,28.5614,15.502,True,16,TOSCONES CORRALEJO,False
10420,FUNDACION GLOBALCAJA LA RODA,10,14.38649999999999,47.516,False,16,TOSCONES CORRALEJO,False
10421,FUNDACION GLOBALCAJA LA RODA,4,5.43019999999999,50.667,True,16,TOSCONES CORRALEJO,False
10422,FUNDACION GLOBALCAJA LA RODA,13,29.83069999999999,19.157,False,16,TOSCONES CORRALEJO,False
10423,FUNDACION GLOBALCAJA LA RODA,9,11.636,36.677,False,16,TOSCONES CORRALEJO,False
10424,FUNDACION GLOBALCAJA LA RODA,9,27.29,87.849,False,16,TOSCONES CORRALEJO,False
10425,FUNDACION GLOBALCAJA LA RODA,3,11.2835,57.97,False,16,TOSCONES CORRALEJO,False
10426,FUNDACION GLOBALCAJA LA RODA,25,5.0775,47.012,True,16,TOSCONES CORRALEJO,False
10427,FUNDACION GLOBALCAJA LA RODA,6,35.331,42.475,False,16,TOSCONES CORRALEJO,False
10428,FUNDACION GLOBALCAJA LA RODA,13,9.9435,37.811,False,16,TOSCONES CORRALEJO,False
10429,FUNDACION GLOBALCAJA LA RODA,25,10.08459999999999,58.608,False,16,TOSCONES CORRALEJO,False
10430,FUNDACION GLOBALCAJA LA RODA,3,27.785,84.698,False,16,TOSCONES CORRALEJO,False
10431,FUNDACION GLOBALCAJA LA RODA,0,28.91,19.662,False,16,TOSCONES CORRALEJO,False
10432,FUNDACION GLOBALCAJA LA RODA,6,32.087,74.615,False,16,TOSCONES CORRALEJO,False
10433,FUNDACION GLOBALCAJA LA RODA,20,9.3794,58.86,True,16,TOSCONES CORRALEJO,False
10434,FUNDACION GLOBALCAJA LA RODA,0,29.971,19.031,True,16,TOSCONES CORRALEJO,False
10435,FUNDACION GLOBALCAJA LA RODA,0,9.732,36.551,False,16,TOSCONES CORRALEJO,False
10436,FUNDACION GLOBALCAJA LA RODA,3,30.042,20.796,True,16,TOSCONES CORRALEJO,False
10437,FUNDACION GLOBALCAJA LA RODA,10,25.5994,88.479,True,16,TOSCONES CORRALEJO,False
10438,FUNDACION GLOBALCAJA LA RODA,13,9.9435,37.811,True,16,TOSCONES CORRALEJO,False
10439,FUNDACION GLOBALCAJA LA RODA,2,24.259,91.126,False,16,TOSCONES CORRALEJO,False
10440,FUNDACION GLOBALCAJA LA RODA,20,13.89279999999999,57.095,False,16,TOSCONES CORRALEJO,False
10441,FUNDACION GLOBALCAJA LA RODA,9,30.888,24.703,False,16,TOSCONES CORRALEJO,False
10442,GRUPO INTERBUS ALCOBENDAS,33,7.40479999999999,60.372,True,16,MOVISTAR ESTUDIANTES,True
10443,GRUPO INTERBUS ALCOBENDAS,17,27.2214,17.267,False,16,MOVISTAR ESTUDIANTES,True
10444,GRUPO INTERBUS ALCOBENDAS,77,10.789,3.403,False,16,MOVISTAR ESTUDIANTES,True
10445,GRUPO INTERBUS ALCOBENDAS,13,28.631,79.53,True,16,MOVISTAR ESTUDIANTES,True
10446,GRUPO INTERBUS ALCOBENDAS,33,6.48,15.376,False,16,MOVISTAR ESTUDIANTES,True
10447,GRUPO INTERBUS ALCOBENDAS,41,9.5909,44.995,True,16,MOVISTAR ESTUDIANTES,True
10448,GRUPO INTERBUS ALCOBENDAS,25,11.988,94.025,False,16,MOVISTAR ESTUDIANTES,True
10449,GRUPO INTERBUS ALCOBENDAS,24,9.6615,44.491,False,16,MOVISTAR ESTUDIANTES,True
10450,GRUPO INTERBUS ALCOBENDAS,11,35.684,46.256,False,16,MOVISTAR ESTUDIANTES,True
10451,GRUPO INTERBUS ALCOBENDAS,41,6.4175,57.851,True,16,MOVISTAR ESTUDIANTES,True
10452,GRUPO INTERBUS ALCOBENDAS,16,20.8,51.67,False,16,MOVISTAR ESTUDIANTES,True
10453,GRUPO INTERBUS ALCOBENDAS,33,36.953,49.155,False,16,MOVISTAR ESTUDIANTES,True
10454,GRUPO INTERBUS ALCOBENDAS,41,10.93,59.616,False,16,MOVISTAR ESTUDIANTES,True
10455,GRUPO INTERBUS ALCOBENDAS,41,11.70659999999999,53.062,True,16,MOVISTAR ESTUDIANTES,True
10456,GRUPO INTERBUS ALCOBENDAS,13,34.2031,25.71,False,16,MOVISTAR ESTUDIANTES,True
10457,GRUPO INTERBUS ALCOBENDAS,77,18.829,90.117,False,16,MOVISTAR ESTUDIANTES,True
10458,GRUPO INTERBUS ALCOBENDAS,77,27.009,89.235,True,16,MOVISTAR ESTUDIANTES,True
10459,GRUPO INTERBUS ALCOBENDAS,13,34.9788,51.171,False,16,MOVISTAR ESTUDIANTES,True
10460,GRUPO INTERBUS ALCOBENDAS,11,13.54,50.793,False,16,MOVISTAR ESTUDIANTES,True
10461,GRUPO INTERBUS ALCOBENDAS,41,8.25109999999999,77.009,False,16,MOVISTAR ESTUDIANTES,True
10462,GRUPO INTERBUS ALCOBENDAS,41,9.3794,60.372,True,16,MOVISTAR ESTUDIANTES,True
10463,GRUPO INTERBUS ALCOBENDAS,11,30.9591,69.699,False,16,MOVISTAR ESTUDIANTES,True
10464,GRUPO INTERBUS ALCOBENDAS,30,10.296,57.97,True,16,MOVISTAR ESTUDIANTES,True
10465,GRUPO INTERBUS ALCOBENDAS,17,10.719,61.759,False,16,MOVISTAR ESTUDIANTES,True
10466,GRUPO INTERBUS ALCOBENDAS,33,26.586,8.1925,True,16,MOVISTAR ESTUDIANTES,True
10467,GRUPO INTERBUS ALCOBENDAS,41,11.8477,49.281,True,16,MOVISTAR ESTUDIANTES,True
10468,GRUPO INTERBUS ALCOBENDAS,25,10.719,61.002,True,16,MOVISTAR ESTUDIANTES,True
10469,GRUPO INTERBUS ALCOBENDAS,4,10.366,95.411,False,16,MOVISTAR ESTUDIANTES,True
10470,GRUPO INTERBUS ALCOBENDAS,15,8.7447,41.088,True,16,MOVISTAR ESTUDIANTES,True
10471,GRUPO INTERBUS ALCOBENDAS,25,10.789,93.773,False,16,MOVISTAR ESTUDIANTES,True
10472,GRUPO INTERBUS ALCOBENDAS,41,23.977,40.458,False,16,MOVISTAR ESTUDIANTES,True
10473,GRUPO INTERBUS ALCOBENDAS,41,8.392,32.77,True,16,MOVISTAR ESTUDIANTES,True
10474,GRUPO INTERBUS ALCOBENDAS,11,9.873,59.49,True,16,MOVISTAR ESTUDIANTES,True
10475,GRUPO INTERBUS ALCOBENDAS,11,44.851,79.026,False,16,MOVISTAR ESTUDIANTES,True
10476,GRUPO INTERBUS ALCOBENDAS,41,13.61,48.146,True,16,MOVISTAR ESTUDIANTES,True
10477,GRUPO INTERBUS ALCOBENDAS,33,6.9111,43.357,True,16,MOVISTAR ESTUDIANTES,True
10478,GRUPO INTERBUS ALCOBENDAS,41,11.142,32.518,False,16,MOVISTAR ESTUDIANTES,True
10479,GRUPO INTERBUS ALCOBENDAS,11,8.1,42.475,True,16,MOVISTAR ESTUDIANTES,True
10480,GRUPO INTERBUS ALCOBENDAS,41,7.68689999999999,71.59,True,16,MOVISTAR ESTUDIANTES,True
10481,GRUPO INTERBUS ALCOBENDAS,17,22.6375,90.874,False,16,MOVISTAR ESTUDIANTES,True
10482,GRUPO INTERBUS ALCOBENDAS,4,10.155,2.1426,False,16,MOVISTAR ESTUDIANTES,True
10483,GRUPO INTERBUS ALCOBENDAS,13,25.105,89.361,False,16,MOVISTAR ESTUDIANTES,True
10484,GRUPO INTERBUS ALCOBENDAS,11,34.626,51.67,True,16,MOVISTAR ESTUDIANTES,True
10485,GRUPO INTERBUS ALCOBENDAS,41,11.424,56.213,True,16,MOVISTAR ESTUDIANTES,True
10486,GRUPO INTERBUS ALCOBENDAS,77,10.014,40.962,False,16,MOVISTAR ESTUDIANTES,True
10487,GRUPO INTERBUS ALCOBENDAS,16,8.11,41.466,True,16,MOVISTAR ESTUDIANTES,True
10488,GRUPO INTERBUS ALCOBENDAS,13,13.469,57.97,False,16,MOVISTAR ESTUDIANTES,True
10489,GRUPO INTERBUS ALCOBENDAS,77,23.9774,8.8227,False,16,MOVISTAR ESTUDIANTES,True
10490,GRUPO INTERBUS ALCOBENDAS,13,13.1876,40.836,True,16,MOVISTAR ESTUDIANTES,True
10491,GRUPO INTERBUS ALCOBENDAS,17,28.208,8.696,False,16,MOVISTAR ESTUDIANTES,True
10492,GRUPO INTERBUS ALCOBENDAS,24,8.251,40.206,True,16,MOVISTAR ESTUDIANTES,True
10493,GRUPO INTERBUS ALCOBENDAS,24,12.55289999999999,51.928,False,16,MOVISTAR ESTUDIANTES,True
10494,GRUPO INTERBUS ALCOBENDAS,41,8.5331,58.86,True,16,MOVISTAR ESTUDIANTES,True
10495,GRUPO INTERBUS ALCOBENDAS,16,16.713,51.5,False,16,MOVISTAR ESTUDIANTES,True
10496,GRUPO INTERBUS ALCOBENDAS,33,24.3,13.612,False,16,MOVISTAR ESTUDIANTES,True
10497,GRUPO INTERBUS ALCOBENDAS,13,35.613,31.509,False,16,MOVISTAR ESTUDIANTES,True
10498,GRUPO INTERBUS ALCOBENDAS,13,8.0394,84.95,False,16,MOVISTAR ESTUDIANTES,True
10499,GRUPO INTERBUS ALCOBENDAS,15,7.89839999999999,55.331,True,16,MOVISTAR ESTUDIANTES,True
10500,GRUPO INTERBUS ALCOBENDAS,33,25.105,15.754,True,16,MOVISTAR ESTUDIANTES,True
10501,GRUPO INTERBUS ALCOBENDAS,13,32.44,74.489,True,16,MOVISTAR ESTUDIANTES,True
10502,GRUPO INTERBUS ALCOBENDAS,11,14.59,54.95,False,16,MOVISTAR ESTUDIANTES,True
10503,GRUPO INTERBUS ALCOBENDAS,41,17.98309999999999,65.414,True,16,MOVISTAR ESTUDIANTES,True
10504,GRUPO INTERBUS ALCOBENDAS,13,22.3554,93.142,False,16,MOVISTAR ESTUDIANTES,True
10505,GRUPO INTERBUS ALCOBENDAS,41,10.155,64.91,True,16,MOVISTAR ESTUDIANTES,True
10506,GRUPO INTERBUS ALCOBENDAS,25,10.014,3.7811,False,16,MOVISTAR ESTUDIANTES,True
10507,GRUPO INTERBUS ALCOBENDAS,4,8.4626,7.1842,True,16,MOVISTAR ESTUDIANTES,True
10508,GRUPO INTERBUS ALCOBENDAS,11,8.8858,35.038,True,16,MOVISTAR ESTUDIANTES,True
10509,GRUPO INTERBUS ALCOBENDAS,30,12.552,39.828,False,16,MOVISTAR ESTUDIANTES,True
10510,GRUPO INTERBUS ALCOBENDAS,13,33.497,88.731,False,16,MOVISTAR ESTUDIANTES,True
10511,MOVISTAR ESTUDIANTES,6,15.162,39.954,True,16,GRUPO INTERBUS ALCOBENDAS,False
10512,MOVISTAR ESTUDIANTES,25,13.751,3.529,False,16,GRUPO INTERBUS ALCOBENDAS,False
10513,MOVISTAR ESTUDIANTES,8,18.899,89.613,False,16,GRUPO INTERBUS ALCOBENDAS,False
10514,MOVISTAR ESTUDIANTES,11,28.631,12.099,False,16,GRUPO INTERBUS ALCOBENDAS,False
10515,MOVISTAR ESTUDIANTES,11,11.70659999999999,38.8,False,16,GRUPO INTERBUS ALCOBENDAS,False
10516,MOVISTAR ESTUDIANTES,11,27.221,46.13,False,16,GRUPO INTERBUS ALCOBENDAS,False
10517,MOVISTAR ESTUDIANTES,6,8.25109999999999,42.979,False,16,GRUPO INTERBUS ALCOBENDAS,False
10518,MOVISTAR ESTUDIANTES,7,13.963,55.961,True,16,GRUPO INTERBUS ALCOBENDAS,False
10519,MOVISTAR ESTUDIANTES,2,17.13679999999999,45.878,False,16,GRUPO INTERBUS ALCOBENDAS,False
10520,MOVISTAR ESTUDIANTES,7,8.25109999999999,65.036,True,16,GRUPO INTERBUS ALCOBENDAS,False
10521,MOVISTAR ESTUDIANTES,10,27.9972,85.958,False,16,GRUPO INTERBUS ALCOBENDAS,False
10522,MOVISTAR ESTUDIANTES,6,14.95,50.163,False,16,GRUPO INTERBUS ALCOBENDAS,False
10523,MOVISTAR ESTUDIANTES,6,33.004,43.861,False,16,GRUPO INTERBUS ALCOBENDAS,False
10524,MOVISTAR ESTUDIANTES,25,14.66849999999999,71.968,False,16,GRUPO INTERBUS ALCOBENDAS,False
10525,MOVISTAR ESTUDIANTES,8,16.07,38.063,True,16,GRUPO INTERBUS ALCOBENDAS,False
10526,MOVISTAR ESTUDIANTES,8,14.104,40.458,True,16,GRUPO INTERBUS ALCOBENDAS,False
10527,MOVISTAR ESTUDIANTES,11,34.2031,72.85,False,16,GRUPO INTERBUS ALCOBENDAS,False
10528,MOVISTAR ESTUDIANTES,6,14.59,54.07,False,16,GRUPO INTERBUS ALCOBENDAS,False
10529,MOVISTAR ESTUDIANTES,8,13.54,94.151,False,16,GRUPO INTERBUS ALCOBENDAS,False
10530,MOVISTAR ESTUDIANTES,10,16.2,50.415,False,16,GRUPO INTERBUS ALCOBENDAS,False
10531,MOVISTAR ESTUDIANTES,9,16.29,63.523,False,16,GRUPO INTERBUS ALCOBENDAS,False
10532,MOVISTAR ESTUDIANTES,11,37.235,46.508,False,16,GRUPO INTERBUS ALCOBENDAS,False
10533,MOVISTAR ESTUDIANTES,8,13.258,4.1592,False,16,GRUPO INTERBUS ALCOBENDAS,False
10534,MOVISTAR ESTUDIANTES,7,23.272,4.9155,False,16,GRUPO INTERBUS ALCOBENDAS,False
10535,MOVISTAR ESTUDIANTES,22,7.827,50.919,False,16,GRUPO INTERBUS ALCOBENDAS,False
10536,MOVISTAR ESTUDIANTES,11,26.3752,47.264,True,16,GRUPO INTERBUS ALCOBENDAS,False
10537,MOVISTAR ESTUDIANTES,7,12.2,6.0498,True,16,GRUPO INTERBUS ALCOBENDAS,False
10538,MOVISTAR ESTUDIANTES,2,26.0931,84.572,True,16,GRUPO INTERBUS ALCOBENDAS,False
10539,MOVISTAR ESTUDIANTES,9,10.084,63.649,True,16,GRUPO INTERBUS ALCOBENDAS,False
10540,MOVISTAR ESTUDIANTES,6,21.861,60.498,False,16,GRUPO INTERBUS ALCOBENDAS,False
10541,MOVISTAR ESTUDIANTES,7,34.062,64.784,False,16,GRUPO INTERBUS ALCOBENDAS,False
10542,MOVISTAR ESTUDIANTES,9,15.3738,53.818,True,16,GRUPO INTERBUS ALCOBENDAS,False
10543,MOVISTAR ESTUDIANTES,25,11.636,46.004,False,16,GRUPO INTERBUS ALCOBENDAS,False
10544,MOVISTAR ESTUDIANTES,2,35.54,27.098,True,16,GRUPO INTERBUS ALCOBENDAS,False
10545,MOVISTAR ESTUDIANTES,8,14.315,48.651,True,16,GRUPO INTERBUS ALCOBENDAS,False
10546,MOVISTAR ESTUDIANTES,7,12.059,49.785,True,16,GRUPO INTERBUS ALCOBENDAS,False
10547,MOVISTAR ESTUDIANTES,6,6.1354,93.64,True,16,GRUPO INTERBUS ALCOBENDAS,False
10548,MOVISTAR ESTUDIANTES,11,33.215,20.922,False,16,GRUPO INTERBUS ALCOBENDAS,False
10549,MOVISTAR ESTUDIANTES,8,18.829,61.002,False,16,GRUPO INTERBUS ALCOBENDAS,False
10550,MOVISTAR ESTUDIANTES,7,9.59099999999999,6.3019,True,16,GRUPO INTERBUS ALCOBENDAS,False
10551,MOVISTAR ESTUDIANTES,19,8.0394,55.079,True,16,GRUPO INTERBUS ALCOBENDAS,False
10552,MOVISTAR ESTUDIANTES,6,32.722,31.005,True,16,GRUPO INTERBUS ALCOBENDAS,False
10553,MOVISTAR ESTUDIANTES,8,32.5811,14.116,True,16,GRUPO INTERBUS ALCOBENDAS,False
10554,MOVISTAR ESTUDIANTES,25,16.995,94.781,False,16,GRUPO INTERBUS ALCOBENDAS,False
10555,MOVISTAR ESTUDIANTES,25,13.117,79.782,False,16,GRUPO INTERBUS ALCOBENDAS,False
10556,MOVISTAR ESTUDIANTES,6,9.5909,94.151,False,16,GRUPO INTERBUS ALCOBENDAS,False
10557,MOVISTAR ESTUDIANTES,7,19.957,94.403,False,16,GRUPO INTERBUS ALCOBENDAS,False
10558,MOVISTAR ESTUDIANTES,19,14.386,62.515,False,16,GRUPO INTERBUS ALCOBENDAS,False
10559,MOVISTAR ESTUDIANTES,7,33.215,20.922,False,16,GRUPO INTERBUS ALCOBENDAS,False
10560,MOVISTAR ESTUDIANTES,6,7.7574,94.907,False,16,GRUPO INTERBUS ALCOBENDAS,False
10561,MOVISTAR ESTUDIANTES,8,12.059,51.928,True,16,GRUPO INTERBUS ALCOBENDAS,False
10562,MOVISTAR ESTUDIANTES,19,12.83499999999999,73.606,False,16,GRUPO INTERBUS ALCOBENDAS,False
10563,MOVISTAR ESTUDIANTES,6,36.248,32.39,False,16,GRUPO INTERBUS ALCOBENDAS,False
10564,MOVISTAR ESTUDIANTES,8,8.8152,36.929,False,16,GRUPO INTERBUS ALCOBENDAS,False
10565,MOVISTAR ESTUDIANTES,8,10.225,63.649,False,16,GRUPO INTERBUS ALCOBENDAS,False
10566,MOVISTAR ESTUDIANTES,25,21.72,38.189,False,16,GRUPO INTERBUS ALCOBENDAS,False
10567,MOVISTAR ESTUDIANTES,11,9.5909,38.8,True,16,GRUPO INTERBUS ALCOBENDAS,False
10568,MOVISTAR ESTUDIANTES,10,11.5656,5.0415,True,16,GRUPO INTERBUS ALCOBENDAS,False
10569,MOVISTAR ESTUDIANTES,22,11.918,53.944,True,16,GRUPO INTERBUS ALCOBENDAS,False
10570,SUMIALKI CB CIUDAD DE MOSTOLES,8,8.0394,94.403,True,16,C.D. BASKET GLOBALCAJA QUINTANAR,True
10571,SUMIALKI CB CIUDAD DE MOSTOLES,29,14.2454,49.155,True,16,C.D. BASKET GLOBALCAJA QUINTANAR,True
10572,SUMIALKI CB CIUDAD DE MOSTOLES,8,10.507,27.476,True,16,C.D. BASKET GLOBALCAJA QUINTANAR,True
10573,SUMIALKI CB CIUDAD DE MOSTOLES,29,21.227,7.3102,False,16,C.D. BASKET GLOBALCAJA QUINTANAR,True
10574,SUMIALKI CB CIUDAD DE MOSTOLES,29,29.83069999999999,19.536,True,16,C.D. BASKET GLOBALCAJA QUINTANAR,True
10575,SUMIALKI CB CIUDAD DE MOSTOLES,8,9.9436,48.903,False,16,C.D. BASKET GLOBALCAJA QUINTANAR,True
10576,SUMIALKI CB CIUDAD DE MOSTOLES,8,28.7729,22.182,False,16,C.D. BASKET GLOBALCAJA QUINTANAR,True
10577,SUMIALKI CB CIUDAD DE MOSTOLES,8,8.46259999999999,51.802,True,16,C.D. BASKET GLOBALCAJA QUINTANAR,True
10578,SUMIALKI CB CIUDAD DE MOSTOLES,4,16.29,46.382,False,16,C.D. BASKET GLOBALCAJA QUINTANAR,True
10579,SUMIALKI CB CIUDAD DE MOSTOLES,8,7.7574,44.995,True,16,C.D. BASKET GLOBALCAJA QUINTANAR,True
10580,SUMIALKI CB CIUDAD DE MOSTOLES,22,27.29,46.886,False,16,C.D. BASKET GLOBALCAJA QUINTANAR,True
10581,SUMIALKI CB CIUDAD DE MOSTOLES,15,26.234,88.353,False,16,C.D. BASKET GLOBALCAJA QUINTANAR,True
10582,SUMIALKI CB CIUDAD DE MOSTOLES,29,25.95,81.799,False,16,C.D. BASKET GLOBALCAJA QUINTANAR,True
10583,SUMIALKI CB CIUDAD DE MOSTOLES,29,6.77009999999999,57.347,True,16,C.D. BASKET GLOBALCAJA QUINTANAR,True
10584,SUMIALKI CB CIUDAD DE MOSTOLES,4,7.263,44.113,True,16,C.D. BASKET GLOBALCAJA QUINTANAR,True
10585,SUMIALKI CB CIUDAD DE MOSTOLES,22,16.64319999999999,40.08,False,16,C.D. BASKET GLOBALCAJA QUINTANAR,True
10586,SUMIALKI CB CIUDAD DE MOSTOLES,15,7.7574,93.899,False,16,C.D. BASKET GLOBALCAJA QUINTANAR,True
10587,SUMIALKI CB CIUDAD DE MOSTOLES,22,11.001,42.601,False,16,C.D. BASKET GLOBALCAJA QUINTANAR,True
10588,SUMIALKI CB CIUDAD DE MOSTOLES,15,8.4626,48.777,True,16,C.D. BASKET GLOBALCAJA QUINTANAR,True
10589,SUMIALKI CB CIUDAD DE MOSTOLES,25,10.578,51.5,False,16,C.D. BASKET GLOBALCAJA QUINTANAR,True
10590,SUMIALKI CB CIUDAD DE MOSTOLES,22,6.6996,41.718,False,16,C.D. BASKET GLOBALCAJA QUINTANAR,True
10591,SUMIALKI CB CIUDAD DE MOSTOLES,29,29.548,20.544,True,16,C.D. BASKET GLOBALCAJA QUINTANAR,True
10592,SUMIALKI CB CIUDAD DE MOSTOLES,29,31.17,69.447,False,16,C.D. BASKET GLOBALCAJA QUINTANAR,True
10593,SUMIALKI CB CIUDAD DE MOSTOLES,15,6.9111,41.84,False,16,C.D. BASKET GLOBALCAJA QUINTANAR,True
10594,SUMIALKI CB CIUDAD DE MOSTOLES,88,31.664,67.68,False,16,C.D. BASKET GLOBALCAJA QUINTANAR,True
10595,SUMIALKI CB CIUDAD DE MOSTOLES,29,35.472,38.189,False,16,C.D. BASKET GLOBALCAJA QUINTANAR,True
10596,SUMIALKI CB CIUDAD DE MOSTOLES,29,28.561,18.023,False,16,C.D. BASKET GLOBALCAJA QUINTANAR,True
10597,SUMIALKI CB CIUDAD DE MOSTOLES,8,7.89839999999999,48.39,False,16,C.D. BASKET GLOBALCAJA QUINTANAR,True
10598,SUMIALKI CB CIUDAD DE MOSTOLES,29,34.273,49.407,False,16,C.D. BASKET GLOBALCAJA QUINTANAR,True
10599,SUMIALKI CB CIUDAD DE MOSTOLES,29,9.4499,42.979,False,16,C.D. BASKET GLOBALCAJA QUINTANAR,True
10600,SUMIALKI CB CIUDAD DE MOSTOLES,4,6.5585,42.223,True,16,C.D. BASKET GLOBALCAJA QUINTANAR,True
10601,SUMIALKI CB CIUDAD DE MOSTOLES,15,7.193200000000004,68.691,False,16,C.D. BASKET GLOBALCAJA QUINTANAR,True
10602,SUMIALKI CB CIUDAD DE MOSTOLES,13,28.349,19.914,False,16,C.D. BASKET GLOBALCAJA QUINTANAR,True
10603,SUMIALKI CB CIUDAD DE MOSTOLES,8,6.77009999999999,28.484,False,16,C.D. BASKET GLOBALCAJA QUINTANAR,True
10604,SUMIALKI CB CIUDAD DE MOSTOLES,22,24.04,86.336,False,16,C.D. BASKET GLOBALCAJA QUINTANAR,True
10605,SUMIALKI CB CIUDAD DE MOSTOLES,22,30.747,24.955,False,16,C.D. BASKET GLOBALCAJA QUINTANAR,True
10606,SUMIALKI CB CIUDAD DE MOSTOLES,29,33.7,18.905,True,16,C.D. BASKET GLOBALCAJA QUINTANAR,True
10607,SUMIALKI CB CIUDAD DE MOSTOLES,29,6.9817,56.339,False,16,C.D. BASKET GLOBALCAJA QUINTANAR,True
10608,SUMIALKI CB CIUDAD DE MOSTOLES,8,9.3088,68.691,True,16,C.D. BASKET GLOBALCAJA QUINTANAR,True
10609,SUMIALKI CB CIUDAD DE MOSTOLES,29,31.1,78.522,True,16,C.D. BASKET GLOBALCAJA QUINTANAR,True
10610,SUMIALKI CB CIUDAD DE MOSTOLES,22,31.946,72.724,False,16,C.D. BASKET GLOBALCAJA QUINTANAR,True
10611,SUMIALKI CB CIUDAD DE MOSTOLES,15,8.0395,56.591,False,16,C.D. BASKET GLOBALCAJA QUINTANAR,True
10612,SUMIALKI CB CIUDAD DE MOSTOLES,15,8.251,93.64,False,16,C.D. BASKET GLOBALCAJA QUINTANAR,True
10613,SUMIALKI CB CIUDAD DE MOSTOLES,29,8.392,50.667,True,16,C.D. BASKET GLOBALCAJA QUINTANAR,True
10614,SUMIALKI CB CIUDAD DE MOSTOLES,4,9.3088,91.504,False,16,C.D. BASKET GLOBALCAJA QUINTANAR,True
10615,SUMIALKI CB CIUDAD DE MOSTOLES,8,7.3342,43.483,True,16,C.D. BASKET GLOBALCAJA QUINTANAR,True
10616,SUMIALKI CB CIUDAD DE MOSTOLES,8,22.849,10.587,False,16,C.D. BASKET GLOBALCAJA QUINTANAR,True
10617,SUMIALKI CB CIUDAD DE MOSTOLES,29,27.2214,12.85,False,16,C.D. BASKET GLOBALCAJA QUINTANAR,True
10618,SUMIALKI CB CIUDAD DE MOSTOLES,22,8.46259999999999,54.07,False,16,C.D. BASKET GLOBALCAJA QUINTANAR,True
10619,SUMIALKI CB CIUDAD DE MOSTOLES,8,5.21859999999999,62.389,False,16,C.D. BASKET GLOBALCAJA QUINTANAR,True
10620,SUMIALKI CB CIUDAD DE MOSTOLES,22,26.234,85.076,False,16,C.D. BASKET GLOBALCAJA QUINTANAR,True
10621,SUMIALKI CB CIUDAD DE MOSTOLES,8,6.62909999999999,54.322,False,16,C.D. BASKET GLOBALCAJA QUINTANAR,True
10622,SUMIALKI CB CIUDAD DE MOSTOLES,8,7.6163,43.231,False,16,C.D. BASKET GLOBALCAJA QUINTANAR,True
10623,SUMIALKI CB CIUDAD DE MOSTOLES,15,8.7447,43.105,True,16,C.D. BASKET GLOBALCAJA QUINTANAR,True
10624,SUMIALKI CB CIUDAD DE MOSTOLES,4,8.7447,41.088,True,16,C.D. BASKET GLOBALCAJA QUINTANAR,True
10625,SUMIALKI CB CIUDAD DE MOSTOLES,15,7.4753,45.5,False,16,C.D. BASKET GLOBALCAJA QUINTANAR,True
10626,SUMIALKI CB CIUDAD DE MOSTOLES,4,6.488,58.23,False,16,C.D. BASKET GLOBALCAJA QUINTANAR,True
10627,SUMIALKI CB CIUDAD DE MOSTOLES,4,29.196,18.779,True,16,C.D. BASKET GLOBALCAJA QUINTANAR,True
10628,SUMIALKI CB CIUDAD DE MOSTOLES,6,10.155,41.466,False,16,C.D. BASKET GLOBALCAJA QUINTANAR,True
10629,SUMIALKI CB CIUDAD DE MOSTOLES,22,24.4711,10.839,False,16,C.D. BASKET GLOBALCAJA QUINTANAR,True
10630,C.D. BASKET GLOBALCAJA QUINTANAR,1,8.6037,59.238,False,16,SUMIALKI CB CIUDAD DE MOSTOLES,False
10631,C.D. BASKET GLOBALCAJA QUINTANAR,50,7.40479999999999,55.583,False,16,SUMIALKI CB CIUDAD DE MOSTOLES,False
10632,C.D. BASKET GLOBALCAJA QUINTANAR,14,27.221,80.917,False,16,SUMIALKI CB CIUDAD DE MOSTOLES,False
10633,C.D. BASKET GLOBALCAJA QUINTANAR,12,7.545,59.994,False,16,SUMIALKI CB CIUDAD DE MOSTOLES,False
10634,C.D. BASKET GLOBALCAJA QUINTANAR,0,6.9817,62.137,True,16,SUMIALKI CB CIUDAD DE MOSTOLES,False
10635,C.D. BASKET GLOBALCAJA QUINTANAR,14,7.05219999999999,5.5457,True,16,SUMIALKI CB CIUDAD DE MOSTOLES,False
10636,C.D. BASKET GLOBALCAJA QUINTANAR,3,6.8406,43.357,True,16,SUMIALKI CB CIUDAD DE MOSTOLES,False
10637,C.D. BASKET GLOBALCAJA QUINTANAR,50,26.304,14.494,True,16,SUMIALKI CB CIUDAD DE MOSTOLES,False
10638,C.D. BASKET GLOBALCAJA QUINTANAR,1,33.568,33.4,True,16,SUMIALKI CB CIUDAD DE MOSTOLES,False
10639,C.D. BASKET GLOBALCAJA QUINTANAR,1,9.5204,43.357,True,16,SUMIALKI CB CIUDAD DE MOSTOLES,False
10640,C.D. BASKET GLOBALCAJA QUINTANAR,3,6.6996,55.961,True,16,SUMIALKI CB CIUDAD DE MOSTOLES,False
10641,C.D. BASKET GLOBALCAJA QUINTANAR,8,26.58669999999999,81.673,False,16,SUMIALKI CB CIUDAD DE MOSTOLES,False
10642,C.D. BASKET GLOBALCAJA QUINTANAR,3,10.366,63.019,False,16,SUMIALKI CB CIUDAD DE MOSTOLES,False
10643,C.D. BASKET GLOBALCAJA QUINTANAR,3,5.8533,57.725,True,16,SUMIALKI CB CIUDAD DE MOSTOLES,False
10644,C.D. BASKET GLOBALCAJA QUINTANAR,8,27.926,15.376,False,16,SUMIALKI CB CIUDAD DE MOSTOLES,False
10645,C.D. BASKET GLOBALCAJA QUINTANAR,12,6.1354,39.324,False,16,SUMIALKI CB CIUDAD DE MOSTOLES,False
10646,C.D. BASKET GLOBALCAJA QUINTANAR,8,22.778,86.462,False,16,SUMIALKI CB CIUDAD DE MOSTOLES,False
10647,C.D. BASKET GLOBALCAJA QUINTANAR,21,12.97,48.651,False,16,SUMIALKI CB CIUDAD DE MOSTOLES,False
10648,C.D. BASKET GLOBALCAJA QUINTANAR,3,5.6417,5.0415,False,16,SUMIALKI CB CIUDAD DE MOSTOLES,False
10649,C.D. BASKET GLOBALCAJA QUINTANAR,50,12.341,49.911,False,16,SUMIALKI CB CIUDAD DE MOSTOLES,False
10650,C.D. BASKET GLOBALCAJA QUINTANAR,21,7.3342,61.25,True,16,SUMIALKI CB CIUDAD DE MOSTOLES,False
10651,C.D. BASKET GLOBALCAJA QUINTANAR,21,22.9196,89.487,False,16,SUMIALKI CB CIUDAD DE MOSTOLES,False
10652,C.D. BASKET GLOBALCAJA QUINTANAR,14,7.40479999999999,58.734,True,16,SUMIALKI CB CIUDAD DE MOSTOLES,False
10653,C.D. BASKET GLOBALCAJA QUINTANAR,3,7.263,42.727,True,16,SUMIALKI CB CIUDAD DE MOSTOLES,False
10654,C.D. BASKET GLOBALCAJA QUINTANAR,50,24.894,10.335,True,16,SUMIALKI CB CIUDAD DE MOSTOLES,False
10655,C.D. BASKET GLOBALCAJA QUINTANAR,8,8.46259999999999,56.087,False,16,SUMIALKI CB CIUDAD DE MOSTOLES,False
10656,C.D. BASKET GLOBALCAJA QUINTANAR,50,23.554,90.3,False,16,SUMIALKI CB CIUDAD DE MOSTOLES,False
10657,C.D. BASKET GLOBALCAJA QUINTANAR,8,28.631,20.166,False,16,SUMIALKI CB CIUDAD DE MOSTOLES,False
10658,C.D. BASKET GLOBALCAJA QUINTANAR,50,5.50069999999999,58.356,True,16,SUMIALKI CB CIUDAD DE MOSTOLES,False
10659,C.D. BASKET GLOBALCAJA QUINTANAR,1,21.932,65.666,False,16,SUMIALKI CB CIUDAD DE MOSTOLES,False
10660,C.D. BASKET GLOBALCAJA QUINTANAR,21,27.997,19.157,False,16,SUMIALKI CB CIUDAD DE MOSTOLES,False
10661,C.D. BASKET GLOBALCAJA QUINTANAR,1,7.1932,57.347,True,16,SUMIALKI CB CIUDAD DE MOSTOLES,False
10662,C.D. BASKET GLOBALCAJA QUINTANAR,50,8.1,44.617,True,16,SUMIALKI CB CIUDAD DE MOSTOLES,False
10663,C.D. BASKET GLOBALCAJA QUINTANAR,12,8.0394,44.869,True,16,SUMIALKI CB CIUDAD DE MOSTOLES,False
10664,C.D. BASKET GLOBALCAJA QUINTANAR,14,9.449,91.63,False,16,SUMIALKI CB CIUDAD DE MOSTOLES,False
10665,C.D. BASKET GLOBALCAJA QUINTANAR,21,34.978,56.843,True,16,SUMIALKI CB CIUDAD DE MOSTOLES,False
10666,C.D. BASKET GLOBALCAJA QUINTANAR,8,10.296,59.112,True,16,SUMIALKI CB CIUDAD DE MOSTOLES,False
10667,C.D. BASKET GLOBALCAJA QUINTANAR,14,32.299,60.876,False,16,SUMIALKI CB CIUDAD DE MOSTOLES,False
10668,C.D. BASKET GLOBALCAJA QUINTANAR,1,7.545,59.994,False,16,SUMIALKI CB CIUDAD DE MOSTOLES,False
10669,C.D. BASKET GLOBALCAJA QUINTANAR,21,5.7827,3.9072,False,16,SUMIALKI CB CIUDAD DE MOSTOLES,False
10670,C.D. BASKET GLOBALCAJA QUINTANAR,0,29.6192,17.897,True,16,SUMIALKI CB CIUDAD DE MOSTOLES,False
10671,C.D. BASKET GLOBALCAJA QUINTANAR,1,31.1,25.83,False,16,SUMIALKI CB CIUDAD DE MOSTOLES,False
10672,C.D. BASKET GLOBALCAJA QUINTANAR,0,21.861,9.4529,False,16,SUMIALKI CB CIUDAD DE MOSTOLES,False
10673,C.D. BASKET GLOBALCAJA QUINTANAR,14,5.78279999999999,42.727,True,16,SUMIALKI CB CIUDAD DE MOSTOLES,False
10674,C.D. BASKET GLOBALCAJA QUINTANAR,50,9.1678,36.551,False,16,SUMIALKI CB CIUDAD DE MOSTOLES,False
10675,C.D. BASKET GLOBALCAJA QUINTANAR,8,32.228,62.389,False,16,SUMIALKI CB CIUDAD DE MOSTOLES,False
10676,C.D. BASKET GLOBALCAJA QUINTANAR,12,28.631,20.166,True,16,SUMIALKI CB CIUDAD DE MOSTOLES,False
10677,C.D. BASKET GLOBALCAJA QUINTANAR,8,5.50069999999999,17.393,True,16,SUMIALKI CB CIUDAD DE MOSTOLES,False
10678,C.D. BASKET GLOBALCAJA QUINTANAR,50,6.77,5.2936,False,16,SUMIALKI CB CIUDAD DE MOSTOLES,False
10679,C.D. BASKET GLOBALCAJA QUINTANAR,21,28.067,13.99,True,16,SUMIALKI CB CIUDAD DE MOSTOLES,False
10680,C.D. BASKET GLOBALCAJA QUINTANAR,50,11.071,41.214,True,16,SUMIALKI CB CIUDAD DE MOSTOLES,False
10681,C.D. BASKET GLOBALCAJA QUINTANAR,50,25.246,83.563,False,16,SUMIALKI CB CIUDAD DE MOSTOLES,False
10682,C.D. BASKET GLOBALCAJA QUINTANAR,1,43.159,71.842,False,16,SUMIALKI CB CIUDAD DE MOSTOLES,False
10683,C.D. BASKET GLOBALCAJA QUINTANAR,1,27.221,15.25,True,16,SUMIALKI CB CIUDAD DE MOSTOLES,False
10684,C.D. BASKET GLOBALCAJA QUINTANAR,14,5.9238,61.002,False,16,SUMIALKI CB CIUDAD DE MOSTOLES,False
10685,C.D. BASKET GLOBALCAJA QUINTANAR,3,7.404,41.97,True,16,SUMIALKI CB CIUDAD DE MOSTOLES,False
10686,C.D. BASKET GLOBALCAJA QUINTANAR,1,12.411,61.507,False,16,SUMIALKI CB CIUDAD DE MOSTOLES,False
10687,C.D. BASKET GLOBALCAJA QUINTANAR,14,29.689,78.396,True,16,SUMIALKI CB CIUDAD DE MOSTOLES,False
10688,C.D. BASKET GLOBALCAJA QUINTANAR,1,7.4753,59.238,False,16,SUMIALKI CB CIUDAD DE MOSTOLES,False
10689,C.D. BASKET GLOBALCAJA QUINTANAR,1,22.778,89.109,False,16,SUMIALKI CB CIUDAD DE MOSTOLES,False
10690,C.D. BASKET GLOBALCAJA QUINTANAR,0,6.34699999999999,38.315,True,16,SUMIALKI CB CIUDAD DE MOSTOLES,False
10691,C.D. BASKET GLOBALCAJA QUINTANAR,50,7.05219999999999,51.5,True,16,SUMIALKI CB CIUDAD DE MOSTOLES,False
10692,C.D. BASKET GLOBALCAJA QUINTANAR,3,7.7574,31.887,False,16,SUMIALKI CB CIUDAD DE MOSTOLES,False
10693,C.D. BASKET GLOBALCAJA QUINTANAR,21,7.1932,60.75,False,16,SUMIALKI CB CIUDAD DE MOSTOLES,False
10694,C.D. BASKET GLOBALCAJA QUINTANAR,1,26.798,81.043,False,16,SUMIALKI CB CIUDAD DE MOSTOLES,False
10695,C.D. BASKET GLOBALCAJA QUINTANAR,14,6.135,43.105,True,16,SUMIALKI CB CIUDAD DE MOSTOLES,False
10696,C.D. BASKET GLOBALCAJA QUINTANAR,0,24.894,10.335,False,16,SUMIALKI CB CIUDAD DE MOSTOLES,False
10697,C.D. BASKET GLOBALCAJA QUINTANAR,14,26.58669999999999,11.847,False,16,SUMIALKI CB CIUDAD DE MOSTOLES,False
10698,C.D. BASKET GLOBALCAJA QUINTANAR,50,6.9816,56.843,True,16,SUMIALKI CB CIUDAD DE MOSTOLES,False
10699,C.D. BASKET GLOBALCAJA QUINTANAR,0,23.554,90.3,False,16,SUMIALKI CB CIUDAD DE MOSTOLES,False
10700,C.D. BASKET GLOBALCAJA QUINTANAR,0,30.818,72.094,True,16,SUMIALKI CB CIUDAD DE MOSTOLES,False
10701,C.D. BASKET GLOBALCAJA QUINTANAR,21,32.15,18.275,False,16,SUMIALKI CB CIUDAD DE MOSTOLES,False
10702,NÁUTICO TENERIFE,7,33.991,29.745,False,17,INMOBILIARIA GÁLVEZ SANTA CRUZ,True
10703,NÁUTICO TENERIFE,42,10.64879999999999,52.054,False,17,INMOBILIARIA GÁLVEZ SANTA CRUZ,True
10704,NÁUTICO TENERIFE,15,11.7771,21.3,True,17,INMOBILIARIA GÁLVEZ SANTA CRUZ,True
10705,NÁUTICO TENERIFE,15,19.32299999999999,49.659,False,17,INMOBILIARIA GÁLVEZ SANTA CRUZ,True
10706,NÁUTICO TENERIFE,5,32.44,53.188,True,17,INMOBILIARIA GÁLVEZ SANTA CRUZ,True
10707,NÁUTICO TENERIFE,15,12.55289999999999,45.752,True,17,INMOBILIARIA GÁLVEZ SANTA CRUZ,True
10708,NÁUTICO TENERIFE,5,7.6868,23.317,True,17,INMOBILIARIA GÁLVEZ SANTA CRUZ,True
10709,NÁUTICO TENERIFE,8,25.458,88.605,False,17,INMOBILIARIA GÁLVEZ SANTA CRUZ,True
10710,NÁUTICO TENERIFE,5,18.124,26.594,True,17,INMOBILIARIA GÁLVEZ SANTA CRUZ,True
10711,NÁUTICO TENERIFE,39,16.4316,57.473,False,17,INMOBILIARIA GÁLVEZ SANTA CRUZ,True
10712,NÁUTICO TENERIFE,15,16.85469999999999,81.421,False,17,INMOBILIARIA GÁLVEZ SANTA CRUZ,True
10713,NÁUTICO TENERIFE,15,9.8025,54.7,False,17,INMOBILIARIA GÁLVEZ SANTA CRUZ,True
10714,NÁUTICO TENERIFE,15,20.098,75.371,True,17,INMOBILIARIA GÁLVEZ SANTA CRUZ,True
10715,NÁUTICO TENERIFE,42,9.1678,52.432,False,17,INMOBILIARIA GÁLVEZ SANTA CRUZ,True
10716,NÁUTICO TENERIFE,39,10.225,52.936,False,17,INMOBILIARIA GÁLVEZ SANTA CRUZ,True
10717,NÁUTICO TENERIFE,20,19.816,79.908,False,17,INMOBILIARIA GÁLVEZ SANTA CRUZ,True
10718,NÁUTICO TENERIFE,42,9.3088,52.558,True,17,INMOBILIARIA GÁLVEZ SANTA CRUZ,True
10719,NÁUTICO TENERIFE,39,13.258,51.171,False,17,INMOBILIARIA GÁLVEZ SANTA CRUZ,True
10720,NÁUTICO TENERIFE,39,12.623,52.18,False,17,INMOBILIARIA GÁLVEZ SANTA CRUZ,True
10721,NÁUTICO TENERIFE,42,15.3032,49.281,False,17,INMOBILIARIA GÁLVEZ SANTA CRUZ,True
10722,NÁUTICO TENERIFE,15,18.124,73.858,False,17,INMOBILIARIA GÁLVEZ SANTA CRUZ,True
10723,NÁUTICO TENERIFE,39,9.449,50.289,True,17,INMOBILIARIA GÁLVEZ SANTA CRUZ,True
10724,NÁUTICO TENERIFE,55,9.732,41.466,False,17,INMOBILIARIA GÁLVEZ SANTA CRUZ,True
10725,NÁUTICO TENERIFE,5,14.59,23.947,True,17,INMOBILIARIA GÁLVEZ SANTA CRUZ,True
10726,NÁUTICO TENERIFE,15,18.26519999999999,51.171,True,17,INMOBILIARIA GÁLVEZ SANTA CRUZ,True
10727,NÁUTICO TENERIFE,5,27.7151,16.763,False,17,INMOBILIARIA GÁLVEZ SANTA CRUZ,True
10728,NÁUTICO TENERIFE,42,7.4753,50.037,True,17,INMOBILIARIA GÁLVEZ SANTA CRUZ,True
10729,NÁUTICO TENERIFE,5,20.874,8.8227,False,17,INMOBILIARIA GÁLVEZ SANTA CRUZ,True
10730,NÁUTICO TENERIFE,55,30.112,19.662,False,17,INMOBILIARIA GÁLVEZ SANTA CRUZ,True
10731,NÁUTICO TENERIFE,42,14.10439999999999,47.138,True,17,INMOBILIARIA GÁLVEZ SANTA CRUZ,True
10732,NÁUTICO TENERIFE,5,10.014,54.574,True,17,INMOBILIARIA GÁLVEZ SANTA CRUZ,True
10733,NÁUTICO TENERIFE,5,17.7715,81.799,False,17,INMOBILIARIA GÁLVEZ SANTA CRUZ,True
10734,NÁUTICO TENERIFE,55,9.73,49.155,False,17,INMOBILIARIA GÁLVEZ SANTA CRUZ,True
10735,NÁUTICO TENERIFE,55,28.561,89.487,False,17,INMOBILIARIA GÁLVEZ SANTA CRUZ,True
10736,NÁUTICO TENERIFE,7,17.489,4.2853,False,17,INMOBILIARIA GÁLVEZ SANTA CRUZ,True
10737,NÁUTICO TENERIFE,10,18.758,92.008,False,17,INMOBILIARIA GÁLVEZ SANTA CRUZ,True
10738,NÁUTICO TENERIFE,5,13.681,83.311,False,17,INMOBILIARIA GÁLVEZ SANTA CRUZ,True
10739,NÁUTICO TENERIFE,5,31.7348,20.04,False,17,INMOBILIARIA GÁLVEZ SANTA CRUZ,True
10740,NÁUTICO TENERIFE,5,21.72,49.155,True,17,INMOBILIARIA GÁLVEZ SANTA CRUZ,True
10741,NÁUTICO TENERIFE,15,14.386,74.363,False,17,INMOBILIARIA GÁLVEZ SANTA CRUZ,True
10742,NÁUTICO TENERIFE,5,25.176,48.146,True,17,INMOBILIARIA GÁLVEZ SANTA CRUZ,True
10743,NÁUTICO TENERIFE,5,13.258,77.26,False,17,INMOBILIARIA GÁLVEZ SANTA CRUZ,True
10744,NÁUTICO TENERIFE,39,31.45269999999999,84.572,False,17,INMOBILIARIA GÁLVEZ SANTA CRUZ,True
10745,NÁUTICO TENERIFE,42,8.8857,50.919,True,17,INMOBILIARIA GÁLVEZ SANTA CRUZ,True
10746,NÁUTICO TENERIFE,23,29.83,81.295,False,17,INMOBILIARIA GÁLVEZ SANTA CRUZ,True
10747,NÁUTICO TENERIFE,55,11.35,47.768,False,17,INMOBILIARIA GÁLVEZ SANTA CRUZ,True
10748,NÁUTICO TENERIFE,10,31.5233,74.615,False,17,INMOBILIARIA GÁLVEZ SANTA CRUZ,True
10749,NÁUTICO TENERIFE,55,10.084,44.995,False,17,INMOBILIARIA GÁLVEZ SANTA CRUZ,True
10750,NÁUTICO TENERIFE,23,6.6995,43.987,False,17,INMOBILIARIA GÁLVEZ SANTA CRUZ,True
10751,NÁUTICO TENERIFE,39,9.732,45.878,False,17,INMOBILIARIA GÁLVEZ SANTA CRUZ,True
10752,NÁUTICO TENERIFE,10,7.6868,47.642,False,17,INMOBILIARIA GÁLVEZ SANTA CRUZ,True
10753,NÁUTICO TENERIFE,7,27.2214,83.94,False,17,INMOBILIARIA GÁLVEZ SANTA CRUZ,True
10754,NÁUTICO TENERIFE,39,10.789,60.372,True,17,INMOBILIARIA GÁLVEZ SANTA CRUZ,True
10755,NÁUTICO TENERIFE,39,27.221,15.25,False,17,INMOBILIARIA GÁLVEZ SANTA CRUZ,True
10756,NÁUTICO TENERIFE,18,10.7193,50.289,True,17,INMOBILIARIA GÁLVEZ SANTA CRUZ,True
10757,NÁUTICO TENERIFE,55,10.789,60.372,False,17,INMOBILIARIA GÁLVEZ SANTA CRUZ,True
10758,NÁUTICO TENERIFE,7,23.1312,91.0,False,17,INMOBILIARIA GÁLVEZ SANTA CRUZ,True
10759,NÁUTICO TENERIFE,7,27.856,12.477,True,17,INMOBILIARIA GÁLVEZ SANTA CRUZ,True
10760,NÁUTICO TENERIFE,5,7.7574,49.407,False,17,INMOBILIARIA GÁLVEZ SANTA CRUZ,True
10761,NÁUTICO TENERIFE,55,11.424,32.013,False,17,INMOBILIARIA GÁLVEZ SANTA CRUZ,True
10762,NÁUTICO TENERIFE,55,7.9689,40.08,False,17,INMOBILIARIA GÁLVEZ SANTA CRUZ,True
10763,NÁUTICO TENERIFE,20,37.94,77.64,False,17,INMOBILIARIA GÁLVEZ SANTA CRUZ,True
10764,NÁUTICO TENERIFE,5,17.2779,20.544,True,17,INMOBILIARIA GÁLVEZ SANTA CRUZ,True
10765,NÁUTICO TENERIFE,7,30.9591,80.917,False,17,INMOBILIARIA GÁLVEZ SANTA CRUZ,True
10766,NÁUTICO TENERIFE,5,12.76449999999999,68.565,True,17,INMOBILIARIA GÁLVEZ SANTA CRUZ,True
10767,NÁUTICO TENERIFE,18,33.6389,66.548,False,17,INMOBILIARIA GÁLVEZ SANTA CRUZ,True
10768,NÁUTICO TENERIFE,20,34.837,43.987,False,17,INMOBILIARIA GÁLVEZ SANTA CRUZ,True
10769,NÁUTICO TENERIFE,5,34.837,81.673,False,17,INMOBILIARIA GÁLVEZ SANTA CRUZ,True
10770,INMOBILIARIA GÁLVEZ SANTA CRUZ,8,31.805,20.544,True,17,NÁUTICO TENERIFE,False
10771,INMOBILIARIA GÁLVEZ SANTA CRUZ,9,22.00279999999999,92.89,False,17,NÁUTICO TENERIFE,False
10772,INMOBILIARIA GÁLVEZ SANTA CRUZ,8,21.5092,50.919,False,17,NÁUTICO TENERIFE,False
10773,INMOBILIARIA GÁLVEZ SANTA CRUZ,44,14.73909999999999,84.446,False,17,NÁUTICO TENERIFE,False
10774,INMOBILIARIA GÁLVEZ SANTA CRUZ,44,19.534,91.756,False,17,NÁUTICO TENERIFE,False
10775,INMOBILIARIA GÁLVEZ SANTA CRUZ,24,10.366,45.752,False,17,NÁUTICO TENERIFE,False
10776,INMOBILIARIA GÁLVEZ SANTA CRUZ,21,12.2,49.533,True,17,NÁUTICO TENERIFE,False
10777,INMOBILIARIA GÁLVEZ SANTA CRUZ,44,26.0931,47.894,False,17,NÁUTICO TENERIFE,False
10778,INMOBILIARIA GÁLVEZ SANTA CRUZ,8,24.894,49.533,True,17,NÁUTICO TENERIFE,False
10779,INMOBILIARIA GÁLVEZ SANTA CRUZ,8,36.6,52.18,False,17,NÁUTICO TENERIFE,False
10780,INMOBILIARIA GÁLVEZ SANTA CRUZ,8,10.2257,45.878,True,17,NÁUTICO TENERIFE,False
10781,INMOBILIARIA GÁLVEZ SANTA CRUZ,6,13.892,50.163,False,17,NÁUTICO TENERIFE,False
10782,INMOBILIARIA GÁLVEZ SANTA CRUZ,21,33.356,44.743,False,17,NÁUTICO TENERIFE,False
10783,INMOBILIARIA GÁLVEZ SANTA CRUZ,44,20.38079999999999,21.552,False,17,NÁUTICO TENERIFE,False
10784,INMOBILIARIA GÁLVEZ SANTA CRUZ,7,17.771,95.915,False,17,NÁUTICO TENERIFE,False
10785,INMOBILIARIA GÁLVEZ SANTA CRUZ,8,15.303,57.599,False,17,NÁUTICO TENERIFE,False
10786,INMOBILIARIA GÁLVEZ SANTA CRUZ,9,11.2835,26.342,False,17,NÁUTICO TENERIFE,False
10787,INMOBILIARIA GÁLVEZ SANTA CRUZ,44,7.12269999999999,49.785,True,17,NÁUTICO TENERIFE,False
10788,INMOBILIARIA GÁLVEZ SANTA CRUZ,6,15.0917,49.785,False,17,NÁUTICO TENERIFE,False
10789,INMOBILIARIA GÁLVEZ SANTA CRUZ,24,12.905,24.829,False,17,NÁUTICO TENERIFE,False
10790,INMOBILIARIA GÁLVEZ SANTA CRUZ,21,11.565,49.911,False,17,NÁUTICO TENERIFE,False
10791,INMOBILIARIA GÁLVEZ SANTA CRUZ,24,14.8096,55.331,False,17,NÁUTICO TENERIFE,False
10792,INMOBILIARIA GÁLVEZ SANTA CRUZ,44,30.465,24.829,False,17,NÁUTICO TENERIFE,False
10793,INMOBILIARIA GÁLVEZ SANTA CRUZ,44,28.279,88.983,False,17,NÁUTICO TENERIFE,False
10794,INMOBILIARIA GÁLVEZ SANTA CRUZ,14,14.59,95.915,False,17,NÁUTICO TENERIFE,False
10795,INMOBILIARIA GÁLVEZ SANTA CRUZ,6,15.02119999999999,48.146,False,17,NÁUTICO TENERIFE,False
10796,INMOBILIARIA GÁLVEZ SANTA CRUZ,44,16.784,82.933,False,17,NÁUTICO TENERIFE,False
10797,INMOBILIARIA GÁLVEZ SANTA CRUZ,16,23.4133,10.587,False,17,NÁUTICO TENERIFE,False
10798,INMOBILIARIA GÁLVEZ SANTA CRUZ,8,18.97,51.928,False,17,NÁUTICO TENERIFE,False
10799,INMOBILIARIA GÁLVEZ SANTA CRUZ,8,13.61,23.947,False,17,NÁUTICO TENERIFE,False
10800,INMOBILIARIA GÁLVEZ SANTA CRUZ,21,15.655,50.415,False,17,NÁUTICO TENERIFE,False
10801,INMOBILIARIA GÁLVEZ SANTA CRUZ,6,9.02679999999999,40.836,True,17,NÁUTICO TENERIFE,False
10802,INMOBILIARIA GÁLVEZ SANTA CRUZ,21,13.9633,51.171,True,17,NÁUTICO TENERIFE,False
10803,INMOBILIARIA GÁLVEZ SANTA CRUZ,14,38.011,62.389,True,17,NÁUTICO TENERIFE,False
10804,INMOBILIARIA GÁLVEZ SANTA CRUZ,14,30.253,22.182,False,17,NÁUTICO TENERIFE,False
10805,INMOBILIARIA GÁLVEZ SANTA CRUZ,6,13.117,43.483,False,17,NÁUTICO TENERIFE,False
10806,INMOBILIARIA GÁLVEZ SANTA CRUZ,14,25.6,12.225,False,17,NÁUTICO TENERIFE,False
10807,INMOBILIARIA GÁLVEZ SANTA CRUZ,24,16.854,54.196,False,17,NÁUTICO TENERIFE,False
10808,INMOBILIARIA GÁLVEZ SANTA CRUZ,21,8.251,49.659,False,17,NÁUTICO TENERIFE,False
10809,INMOBILIARIA GÁLVEZ SANTA CRUZ,16,33.0747,70.329,True,17,NÁUTICO TENERIFE,False
10810,INMOBILIARIA GÁLVEZ SANTA CRUZ,16,14.315,83.185,True,17,NÁUTICO TENERIFE,False
10811,INMOBILIARIA GÁLVEZ SANTA CRUZ,7,18.899,6.0498,False,17,NÁUTICO TENERIFE,False
10812,INMOBILIARIA GÁLVEZ SANTA CRUZ,24,12.1298,50.037,True,17,NÁUTICO TENERIFE,False
10813,INMOBILIARIA GÁLVEZ SANTA CRUZ,24,27.503,14.368,False,17,NÁUTICO TENERIFE,False
10814,INMOBILIARIA GÁLVEZ SANTA CRUZ,21,8.0394,47.39,True,17,NÁUTICO TENERIFE,False
10815,INMOBILIARIA GÁLVEZ SANTA CRUZ,24,10.296,52.306,True,17,NÁUTICO TENERIFE,False
10816,INMOBILIARIA GÁLVEZ SANTA CRUZ,8,14.73909999999999,50.415,False,17,NÁUTICO TENERIFE,False
10817,INMOBILIARIA GÁLVEZ SANTA CRUZ,24,11.918,50.541,True,17,NÁUTICO TENERIFE,False
10818,INMOBILIARIA GÁLVEZ SANTA CRUZ,44,28.7729,12.099,True,17,NÁUTICO TENERIFE,False
10819,INMOBILIARIA GÁLVEZ SANTA CRUZ,14,25.599,12.477,False,17,NÁUTICO TENERIFE,False
10820,INMOBILIARIA GÁLVEZ SANTA CRUZ,8,9.3794,53.944,False,17,NÁUTICO TENERIFE,False
10821,INMOBILIARIA GÁLVEZ SANTA CRUZ,14,29.971,74.741,True,17,NÁUTICO TENERIFE,False
10822,INMOBILIARIA GÁLVEZ SANTA CRUZ,21,7.4753,49.029,False,17,NÁUTICO TENERIFE,False
10823,INMOBILIARIA GÁLVEZ SANTA CRUZ,6,18.265,49.659,False,17,NÁUTICO TENERIFE,False
10824,INMOBILIARIA GÁLVEZ SANTA CRUZ,8,14.5275,34.408,True,17,NÁUTICO TENERIFE,False
10825,INMOBILIARIA GÁLVEZ SANTA CRUZ,16,10.2257,45.5,False,17,NÁUTICO TENERIFE,False
10826,INMOBILIARIA GÁLVEZ SANTA CRUZ,24,11.847,46.76,False,17,NÁUTICO TENERIFE,False
10827,INMOBILIARIA GÁLVEZ SANTA CRUZ,24,12.693,59.49,False,17,NÁUTICO TENERIFE,False
10828,INMOBILIARIA GÁLVEZ SANTA CRUZ,44,11.7771,95.159,False,17,NÁUTICO TENERIFE,False
10829,INMOBILIARIA GÁLVEZ SANTA CRUZ,14,11.071,41.718,False,17,NÁUTICO TENERIFE,False
10830,INMOBILIARIA GÁLVEZ SANTA CRUZ,21,34.696,56.213,False,17,NÁUTICO TENERIFE,False
10831,INMOBILIARIA GÁLVEZ SANTA CRUZ,21,9.02679999999999,47.768,False,17,NÁUTICO TENERIFE,False
10832,INMOBILIARIA GÁLVEZ SANTA CRUZ,21,10.5078,54.448,True,17,NÁUTICO TENERIFE,False
10833,INMOBILIARIA GÁLVEZ SANTA CRUZ,24,7.3342,49.533,False,17,NÁUTICO TENERIFE,False
10834,C.D. BASKET GLOBALCAJA QUINTANAR,50,15.937,51.171,True,17,TOSCONES CORRALEJO,True
10835,C.D. BASKET GLOBALCAJA QUINTANAR,14,31.805,27.35,True,17,TOSCONES CORRALEJO,True
10836,C.D. BASKET GLOBALCAJA QUINTANAR,50,8.6037,60.246,True,17,TOSCONES CORRALEJO,True
10837,C.D. BASKET GLOBALCAJA QUINTANAR,14,34.203,27.98,True,17,TOSCONES CORRALEJO,True
10838,C.D. BASKET GLOBALCAJA QUINTANAR,8,5.0775,61.25,True,17,TOSCONES CORRALEJO,True
10839,C.D. BASKET GLOBALCAJA QUINTANAR,21,6.8406,92.89,False,17,TOSCONES CORRALEJO,True
10840,C.D. BASKET GLOBALCAJA QUINTANAR,8,7.61639999999999,43.735,True,17,TOSCONES CORRALEJO,True
10841,C.D. BASKET GLOBALCAJA QUINTANAR,12,7.33429999999999,58.608,True,17,TOSCONES CORRALEJO,True
10842,C.D. BASKET GLOBALCAJA QUINTANAR,12,11.35,42.349,True,17,TOSCONES CORRALEJO,True
10843,C.D. BASKET GLOBALCAJA QUINTANAR,12,31.311,29.745,False,17,TOSCONES CORRALEJO,True
10844,C.D. BASKET GLOBALCAJA QUINTANAR,1,4.93649999999999,40.08,True,17,TOSCONES CORRALEJO,True
10845,C.D. BASKET GLOBALCAJA QUINTANAR,0,7.8984,56.339,False,17,TOSCONES CORRALEJO,True
10846,C.D. BASKET GLOBALCAJA QUINTANAR,3,31.2412,74.489,True,17,TOSCONES CORRALEJO,True
10847,C.D. BASKET GLOBALCAJA QUINTANAR,21,38.081,59.364,False,17,TOSCONES CORRALEJO,True
10848,C.D. BASKET GLOBALCAJA QUINTANAR,1,11.142,79.026,False,17,TOSCONES CORRALEJO,True
10849,C.D. BASKET GLOBALCAJA QUINTANAR,0,7.2637,95.537,False,17,TOSCONES CORRALEJO,True
10850,C.D. BASKET GLOBALCAJA QUINTANAR,1,32.933,73.858,False,17,TOSCONES CORRALEJO,True
10851,C.D. BASKET GLOBALCAJA QUINTANAR,14,20.31,6.9321,False,17,TOSCONES CORRALEJO,True
10852,C.D. BASKET GLOBALCAJA QUINTANAR,8,29.3371,19.157,False,17,TOSCONES CORRALEJO,True
10853,C.D. BASKET GLOBALCAJA QUINTANAR,12,9.9436,38.063,False,17,TOSCONES CORRALEJO,True
10854,C.D. BASKET GLOBALCAJA QUINTANAR,50,6.34699999999999,54.7,False,17,TOSCONES CORRALEJO,True
10855,C.D. BASKET GLOBALCAJA QUINTANAR,3,29.478,78.018,True,17,TOSCONES CORRALEJO,True
10856,C.D. BASKET GLOBALCAJA QUINTANAR,3,10.014,5.6717,True,17,TOSCONES CORRALEJO,True
10857,C.D. BASKET GLOBALCAJA QUINTANAR,1,35.4,71.338,False,17,TOSCONES CORRALEJO,True
10858,C.D. BASKET GLOBALCAJA QUINTANAR,50,11.8477,56.843,False,17,TOSCONES CORRALEJO,True
10859,C.D. BASKET GLOBALCAJA QUINTANAR,14,21.579,10.965,True,17,TOSCONES CORRALEJO,True
10860,C.D. BASKET GLOBALCAJA QUINTANAR,0,37.306,57.221,False,17,TOSCONES CORRALEJO,True
10861,C.D. BASKET GLOBALCAJA QUINTANAR,8,37.094,34.534,False,17,TOSCONES CORRALEJO,True
10862,C.D. BASKET GLOBALCAJA QUINTANAR,3,33.074,21.804,False,17,TOSCONES CORRALEJO,True
10863,C.D. BASKET GLOBALCAJA QUINTANAR,50,13.6812,52.936,True,17,TOSCONES CORRALEJO,True
10864,C.D. BASKET GLOBALCAJA QUINTANAR,3,10.437,41.466,True,17,TOSCONES CORRALEJO,True
10865,C.D. BASKET GLOBALCAJA QUINTANAR,8,36.882,56.465,False,17,TOSCONES CORRALEJO,True
10866,C.D. BASKET GLOBALCAJA QUINTANAR,8,25.52889999999999,89.109,False,17,TOSCONES CORRALEJO,True
10867,C.D. BASKET GLOBALCAJA QUINTANAR,0,7.40479999999999,58.86,True,17,TOSCONES CORRALEJO,True
10868,C.D. BASKET GLOBALCAJA QUINTANAR,12,9.8025,44.869,True,17,TOSCONES CORRALEJO,True
10869,C.D. BASKET GLOBALCAJA QUINTANAR,50,6.55849999999999,92.134,False,17,TOSCONES CORRALEJO,True
10870,C.D. BASKET GLOBALCAJA QUINTANAR,50,19.816,51.67,True,17,TOSCONES CORRALEJO,True
10871,C.D. BASKET GLOBALCAJA QUINTANAR,1,26.9393,13.36,False,17,TOSCONES CORRALEJO,True
10872,C.D. BASKET GLOBALCAJA QUINTANAR,0,9.026,43.231,True,17,TOSCONES CORRALEJO,True
10873,C.D. BASKET GLOBALCAJA QUINTANAR,21,4.7954,94.277,False,17,TOSCONES CORRALEJO,True
10874,C.D. BASKET GLOBALCAJA QUINTANAR,14,10.084,5.4196,True,17,TOSCONES CORRALEJO,True
10875,C.D. BASKET GLOBALCAJA QUINTANAR,12,6.205,55.709,True,17,TOSCONES CORRALEJO,True
10876,C.D. BASKET GLOBALCAJA QUINTANAR,8,7.7574,44.365,True,17,TOSCONES CORRALEJO,True
10877,C.D. BASKET GLOBALCAJA QUINTANAR,0,4.5134,5.797,True,17,TOSCONES CORRALEJO,True
10878,C.D. BASKET GLOBALCAJA QUINTANAR,0,7.89839999999999,62.767,False,17,TOSCONES CORRALEJO,True
10879,C.D. BASKET GLOBALCAJA QUINTANAR,50,18.406,49.785,True,17,TOSCONES CORRALEJO,True
10880,C.D. BASKET GLOBALCAJA QUINTANAR,50,4.65439999999999,94.403,True,17,TOSCONES CORRALEJO,True
10881,C.D. BASKET GLOBALCAJA QUINTANAR,14,6.27639999999999,57.599,False,17,TOSCONES CORRALEJO,True
10882,C.D. BASKET GLOBALCAJA QUINTANAR,3,6.4175,59.238,False,17,TOSCONES CORRALEJO,True
10883,C.D. BASKET GLOBALCAJA QUINTANAR,21,28.42,19.4,True,17,TOSCONES CORRALEJO,True
10884,C.D. BASKET GLOBALCAJA QUINTANAR,0,32.933,75.497,False,17,TOSCONES CORRALEJO,True
10885,C.D. BASKET GLOBALCAJA QUINTANAR,1,9.167,59.238,True,17,TOSCONES CORRALEJO,True
10886,C.D. BASKET GLOBALCAJA QUINTANAR,1,8.392,62.893,False,17,TOSCONES CORRALEJO,True
10887,C.D. BASKET GLOBALCAJA QUINTANAR,14,30.888,24.955,False,17,TOSCONES CORRALEJO,True
10888,C.D. BASKET GLOBALCAJA QUINTANAR,8,16.502,39.576,False,17,TOSCONES CORRALEJO,True
10889,C.D. BASKET GLOBALCAJA QUINTANAR,8,15.726,52.18,False,17,TOSCONES CORRALEJO,True
10890,C.D. BASKET GLOBALCAJA QUINTANAR,3,15.514,46.508,False,17,TOSCONES CORRALEJO,True
10891,C.D. BASKET GLOBALCAJA QUINTANAR,1,6.4174,59.49,True,17,TOSCONES CORRALEJO,True
10892,C.D. BASKET GLOBALCAJA QUINTANAR,50,5.5712,94.655,True,17,TOSCONES CORRALEJO,True
10893,C.D. BASKET GLOBALCAJA QUINTANAR,21,7.2637,5.9238,False,17,TOSCONES CORRALEJO,True
10894,C.D. BASKET GLOBALCAJA QUINTANAR,12,6.9111,41.214,True,17,TOSCONES CORRALEJO,True
10895,C.D. BASKET GLOBALCAJA QUINTANAR,0,32.0169,82.933,False,17,TOSCONES CORRALEJO,True
10896,C.D. BASKET GLOBALCAJA QUINTANAR,8,28.7729,78.018,False,17,TOSCONES CORRALEJO,True
10897,C.D. BASKET GLOBALCAJA QUINTANAR,14,32.44,79.53,False,17,TOSCONES CORRALEJO,True
10898,C.D. BASKET GLOBALCAJA QUINTANAR,0,13.046,51.802,True,17,TOSCONES CORRALEJO,True
10899,TOSCONES CORRALEJO,8,32.651,71.968,True,17,C.D. BASKET GLOBALCAJA QUINTANAR,False
10900,TOSCONES CORRALEJO,19,32.087,78.9,False,17,C.D. BASKET GLOBALCAJA QUINTANAR,False
10901,TOSCONES CORRALEJO,8,4.3018,46.256,True,17,C.D. BASKET GLOBALCAJA QUINTANAR,False
10902,TOSCONES CORRALEJO,8,7.33429999999999,44.743,True,17,C.D. BASKET GLOBALCAJA QUINTANAR,False
10903,TOSCONES CORRALEJO,30,38.011,66.674,False,17,C.D. BASKET GLOBALCAJA QUINTANAR,False
10904,TOSCONES CORRALEJO,9,10.5078,43.735,False,17,C.D. BASKET GLOBALCAJA QUINTANAR,False
10905,TOSCONES CORRALEJO,7,6.1354,58.86,True,17,C.D. BASKET GLOBALCAJA QUINTANAR,False
10906,TOSCONES CORRALEJO,9,10.084,41.088,True,17,C.D. BASKET GLOBALCAJA QUINTANAR,False
10907,TOSCONES CORRALEJO,7,7.89839999999999,42.349,False,17,C.D. BASKET GLOBALCAJA QUINTANAR,False
10908,TOSCONES CORRALEJO,17,14.104,49.029,True,17,C.D. BASKET GLOBALCAJA QUINTANAR,False
10909,TOSCONES CORRALEJO,30,23.977,61.25,False,17,C.D. BASKET GLOBALCAJA QUINTANAR,False
10910,TOSCONES CORRALEJO,7,24.4,58.356,True,17,C.D. BASKET GLOBALCAJA QUINTANAR,False
10911,TOSCONES CORRALEJO,7,17.771,20.418,False,17,C.D. BASKET GLOBALCAJA QUINTANAR,False
10912,TOSCONES CORRALEJO,15,10.86,45.878,False,17,C.D. BASKET GLOBALCAJA QUINTANAR,False
10913,TOSCONES CORRALEJO,8,20.874,37.937,False,17,C.D. BASKET GLOBALCAJA QUINTANAR,False
10914,TOSCONES CORRALEJO,30,36.741,77.135,False,17,C.D. BASKET GLOBALCAJA QUINTANAR,False
10915,TOSCONES CORRALEJO,9,28.2793,19.157,True,17,C.D. BASKET GLOBALCAJA QUINTANAR,False
10916,TOSCONES CORRALEJO,9,8.67419999999999,55.961,True,17,C.D. BASKET GLOBALCAJA QUINTANAR,False
10917,TOSCONES CORRALEJO,30,10.225,44.617,False,17,C.D. BASKET GLOBALCAJA QUINTANAR,False
10918,TOSCONES CORRALEJO,30,5.4301,40.206,True,17,C.D. BASKET GLOBALCAJA QUINTANAR,False
10919,TOSCONES CORRALEJO,9,32.0169,21.552,False,17,C.D. BASKET GLOBALCAJA QUINTANAR,False
10920,TOSCONES CORRALEJO,30,10.014,61.759,False,17,C.D. BASKET GLOBALCAJA QUINTANAR,False
10921,TOSCONES CORRALEJO,11,29.76,21.3,False,17,C.D. BASKET GLOBALCAJA QUINTANAR,False
10922,TOSCONES CORRALEJO,17,17.63049999999999,39.954,False,17,C.D. BASKET GLOBALCAJA QUINTANAR,False
10923,TOSCONES CORRALEJO,17,18.688,54.574,False,17,C.D. BASKET GLOBALCAJA QUINTANAR,False
10924,TOSCONES CORRALEJO,9,8.18049999999999,56.717,False,17,C.D. BASKET GLOBALCAJA QUINTANAR,False
10925,TOSCONES CORRALEJO,11,37.447,50.289,True,17,C.D. BASKET GLOBALCAJA QUINTANAR,False
10926,TOSCONES CORRALEJO,19,5.9943,60.624,True,17,C.D. BASKET GLOBALCAJA QUINTANAR,False
10927,TOSCONES CORRALEJO,8,7.263,39.324,True,17,C.D. BASKET GLOBALCAJA QUINTANAR,False
10928,TOSCONES CORRALEJO,9,10.64879999999999,40.584,False,17,C.D. BASKET GLOBALCAJA QUINTANAR,False
10929,TOSCONES CORRALEJO,30,5.7827,94.529,False,17,C.D. BASKET GLOBALCAJA QUINTANAR,False
10930,TOSCONES CORRALEJO,7,6.6995,58.608,True,17,C.D. BASKET GLOBALCAJA QUINTANAR,False
10931,TOSCONES CORRALEJO,11,34.696,75.119,True,17,C.D. BASKET GLOBALCAJA QUINTANAR,False
10932,TOSCONES CORRALEJO,8,16.572,44.743,False,17,C.D. BASKET GLOBALCAJA QUINTANAR,False
10933,TOSCONES CORRALEJO,19,30.3949,82.555,True,17,C.D. BASKET GLOBALCAJA QUINTANAR,False
10934,TOSCONES CORRALEJO,19,2.609300000000004,96.167,False,17,C.D. BASKET GLOBALCAJA QUINTANAR,False
10935,TOSCONES CORRALEJO,30,5.8533,66.17,False,17,C.D. BASKET GLOBALCAJA QUINTANAR,False
10936,TOSCONES CORRALEJO,8,5.0775,58.86,False,17,C.D. BASKET GLOBALCAJA QUINTANAR,False
10937,TOSCONES CORRALEJO,7,22.073,42.349,False,17,C.D. BASKET GLOBALCAJA QUINTANAR,False
10938,TOSCONES CORRALEJO,6,26.6573,90.874,False,17,C.D. BASKET GLOBALCAJA QUINTANAR,False
10939,TOSCONES CORRALEJO,7,10.014,34.786,False,17,C.D. BASKET GLOBALCAJA QUINTANAR,False
10940,TOSCONES CORRALEJO,7,7.12269999999999,61.25,True,17,C.D. BASKET GLOBALCAJA QUINTANAR,False
10941,TOSCONES CORRALEJO,8,35.966,65.918,False,17,C.D. BASKET GLOBALCAJA QUINTANAR,False
10942,TOSCONES CORRALEJO,11,9.73,40.836,False,17,C.D. BASKET GLOBALCAJA QUINTANAR,False
10943,TOSCONES CORRALEJO,11,8.0394,43.483,True,17,C.D. BASKET GLOBALCAJA QUINTANAR,False
10944,TOSCONES CORRALEJO,11,4.6544,40.836,True,17,C.D. BASKET GLOBALCAJA QUINTANAR,False
10945,TOSCONES CORRALEJO,8,13.54,46.256,False,17,C.D. BASKET GLOBALCAJA QUINTANAR,False
10946,TOSCONES CORRALEJO,8,34.978,47.768,True,17,C.D. BASKET GLOBALCAJA QUINTANAR,False
10947,TOSCONES CORRALEJO,9,9.73,61.507,False,17,C.D. BASKET GLOBALCAJA QUINTANAR,False
10948,TOSCONES CORRALEJO,9,10.08459999999999,58.734,True,17,C.D. BASKET GLOBALCAJA QUINTANAR,False
10949,TOSCONES CORRALEJO,9,12.693,41.97,False,17,C.D. BASKET GLOBALCAJA QUINTANAR,False
10950,TOSCONES CORRALEJO,7,7.263,41.34,True,17,C.D. BASKET GLOBALCAJA QUINTANAR,False
10951,MOVISTAR ESTUDIANTES,22,5.5921,45.26,True,17,CB LA MATANZA,True
10952,MOVISTAR ESTUDIANTES,7,5.780100000000004,46.772,False,17,CB LA MATANZA,True
10953,MOVISTAR ESTUDIANTES,22,8.8345,43.412,False,17,CB LA MATANZA,True
10954,MOVISTAR ESTUDIANTES,2,31.43,15.109,False,17,CB LA MATANZA,True
10955,MOVISTAR ESTUDIANTES,8,8.9285,51.475,False,17,CB LA MATANZA,True
10956,MOVISTAR ESTUDIANTES,9,10.66729999999999,75.663,True,17,CB LA MATANZA,True
10957,MOVISTAR ESTUDIANTES,6,21.334,46.856,False,17,CB LA MATANZA,True
10958,MOVISTAR ESTUDIANTES,8,10.385,92.796,True,17,CB LA MATANZA,True
10959,MOVISTAR ESTUDIANTES,7,9.4925,55.59,False,17,CB LA MATANZA,True
10960,MOVISTAR ESTUDIANTES,25,32.3777999999999,73.647,False,17,CB LA MATANZA,True
10961,MOVISTAR ESTUDIANTES,11,9.4454,91.956,False,17,CB LA MATANZA,True
10962,MOVISTAR ESTUDIANTES,6,30.07519999999999,25.607,True,17,CB LA MATANZA,True
10963,MOVISTAR ESTUDIANTES,2,26.174,51.979,False,17,CB LA MATANZA,True
10964,MOVISTAR ESTUDIANTES,15,32.095,64.577,True,17,CB LA MATANZA,True
10965,MOVISTAR ESTUDIANTES,6,14.614,42.656,True,17,CB LA MATANZA,True
10966,MOVISTAR ESTUDIANTES,2,8.9285,51.475,False,17,CB LA MATANZA,True
10967,MOVISTAR ESTUDIANTES,10,30.1692,16.788,False,17,CB LA MATANZA,True
10968,MOVISTAR ESTUDIANTES,25,31.53,13.177,False,17,CB LA MATANZA,True
10969,MOVISTAR ESTUDIANTES,2,8.0357,94.812,True,17,CB LA MATANZA,True
10970,MOVISTAR ESTUDIANTES,6,30.686,20.904,False,17,CB LA MATANZA,True
10971,MOVISTAR ESTUDIANTES,7,10.103,55.59,False,17,CB LA MATANZA,True
10972,MOVISTAR ESTUDIANTES,12,17.152,61.049,False,17,CB LA MATANZA,True
10973,MOVISTAR ESTUDIANTES,25,13.15789999999999,5.198,False,17,CB LA MATANZA,True
10974,MOVISTAR ESTUDIANTES,25,24.1071,9.818,False,17,CB LA MATANZA,True
10975,MOVISTAR ESTUDIANTES,8,6.5319,51.055,True,17,CB LA MATANZA,True
10976,MOVISTAR ESTUDIANTES,22,9.02249999999999,40.725,False,17,CB LA MATANZA,True
10977,MOVISTAR ESTUDIANTES,25,20.629,35.26,True,17,CB LA MATANZA,True
10978,MOVISTAR ESTUDIANTES,6,23.496,47.024,True,17,CB LA MATANZA,True
10979,MOVISTAR ESTUDIANTES,10,27.114,16.45,True,17,CB LA MATANZA,True
10980,MOVISTAR ESTUDIANTES,12,8.5526,93.468,False,17,CB LA MATANZA,True
10981,MOVISTAR ESTUDIANTES,10,32.988,16.45,True,17,CB LA MATANZA,True
10982,MOVISTAR ESTUDIANTES,8,9.4454,91.956,True,17,CB LA MATANZA,True
10983,MOVISTAR ESTUDIANTES,25,33.082,57.018,True,17,CB LA MATANZA,True
10984,MOVISTAR ESTUDIANTES,8,21.663,30.478,True,17,CB LA MATANZA,True
10985,MOVISTAR ESTUDIANTES,6,36.137,77.763,False,17,CB LA MATANZA,True
10986,MOVISTAR ESTUDIANTES,6,31.86,36.105,False,17,CB LA MATANZA,True
10987,MOVISTAR ESTUDIANTES,6,6.29699999999999,3.435,False,17,CB LA MATANZA,True
10988,MOVISTAR ESTUDIANTES,25,19.125,27.623,True,17,CB LA MATANZA,True
10989,MOVISTAR ESTUDIANTES,9,9.9154,47.86,True,17,CB LA MATANZA,True
10990,MOVISTAR ESTUDIANTES,25,14.614,42.656,False,17,CB LA MATANZA,True
10991,MOVISTAR ESTUDIANTES,9,8.8815,51.895,True,17,CB LA MATANZA,True
10992,MOVISTAR ESTUDIANTES,12,5.26309999999999,94.056,True,17,CB LA MATANZA,True
10993,MOVISTAR ESTUDIANTES,6,31.391,64.325,True,17,CB LA MATANZA,True
10994,MOVISTAR ESTUDIANTES,6,33.411,39.129,False,17,CB LA MATANZA,True
10995,MOVISTAR ESTUDIANTES,2,10.71429999999999,48.283,True,17,CB LA MATANZA,True
10996,MOVISTAR ESTUDIANTES,6,10.761,44.756,True,17,CB LA MATANZA,True
10997,MOVISTAR ESTUDIANTES,7,9.4925,46.184,True,17,CB LA MATANZA,True
10998,MOVISTAR ESTUDIANTES,10,30.1222,12.085,False,17,CB LA MATANZA,True
10999,MOVISTAR ESTUDIANTES,22,30.1692,16.788,True,17,CB LA MATANZA,True
11000,MOVISTAR ESTUDIANTES,9,9.398,43.748,True,17,CB LA MATANZA,True
11001,MOVISTAR ESTUDIANTES,6,5.87409999999999,92.964,True,17,CB LA MATANZA,True
11002,MOVISTAR ESTUDIANTES,2,5.921,56.514,True,17,CB LA MATANZA,True
11003,MOVISTAR ESTUDIANTES,11,10.103,75.579,True,17,CB LA MATANZA,True
11004,MOVISTAR ESTUDIANTES,9,10.5733,73.059,True,17,CB LA MATANZA,True
11005,MOVISTAR ESTUDIANTES,8,11.6071,34.9,True,17,CB LA MATANZA,True
11006,MOVISTAR ESTUDIANTES,8,34.68,41.73,True,17,CB LA MATANZA,True
11007,MOVISTAR ESTUDIANTES,2,29.276,86.245,False,17,CB LA MATANZA,True
11008,MOVISTAR ESTUDIANTES,11,28.242,89.353,False,17,CB LA MATANZA,True
11009,MOVISTAR ESTUDIANTES,8,37.35,40.641,False,17,CB LA MATANZA,True
11010,MOVISTAR ESTUDIANTES,8,31.29,13.933,True,17,CB LA MATANZA,True
11011,MOVISTAR ESTUDIANTES,9,8.364,55.338,True,17,CB LA MATANZA,True
11012,MOVISTAR ESTUDIANTES,25,6.06199999999999,24.935,True,17,CB LA MATANZA,True
11013,MOVISTAR ESTUDIANTES,8,27.6786,27.287,False,17,CB LA MATANZA,True
11014,MOVISTAR ESTUDIANTES,6,8.4586,80.03,False,17,CB LA MATANZA,True
11015,MOVISTAR ESTUDIANTES,8,7.8477,42.32,False,17,CB LA MATANZA,True
11016,MOVISTAR ESTUDIANTES,9,21.945,47.52,True,17,CB LA MATANZA,True
11017,MOVISTAR ESTUDIANTES,12,14.708,44.672,True,17,CB LA MATANZA,True
11018,MOVISTAR ESTUDIANTES,11,32.753,46.604,False,17,CB LA MATANZA,True
11019,MOVISTAR ESTUDIANTES,10,27.067,74.235,False,17,CB LA MATANZA,True
11020,MOVISTAR ESTUDIANTES,2,32.142,21.324,True,17,CB LA MATANZA,True
11021,MOVISTAR ESTUDIANTES,22,5.780100000000004,50.803,True,17,CB LA MATANZA,True
11022,MOVISTAR ESTUDIANTES,6,11.043,95.148,False,17,CB LA MATANZA,True
11023,CB LA MATANZA,0,7.4718,55.674,True,17,MOVISTAR ESTUDIANTES,False
11024,CB LA MATANZA,23,13.2519,52.567,False,17,MOVISTAR ESTUDIANTES,False
11025,CB LA MATANZA,21,7.28379999999999,53.071,True,17,MOVISTAR ESTUDIANTES,False
11026,CB LA MATANZA,0,8.78759999999999,41.39,True,17,MOVISTAR ESTUDIANTES,False
11027,CB LA MATANZA,9,28.6654,84.062,False,17,MOVISTAR ESTUDIANTES,False
11028,CB LA MATANZA,0,32.8007,49.963,False,17,MOVISTAR ESTUDIANTES,False
11029,CB LA MATANZA,23,8.9286,55.506,False,17,MOVISTAR ESTUDIANTES,False
11030,CB LA MATANZA,23,13.0169,57.438,False,17,MOVISTAR ESTUDIANTES,False
11031,CB LA MATANZA,8,13.2989,45.512,False,17,MOVISTAR ESTUDIANTES,False
11032,CB LA MATANZA,10,33.22369999999999,52.147,False,17,MOVISTAR ESTUDIANTES,False
11033,CB LA MATANZA,10,31.672,27.035,False,17,MOVISTAR ESTUDIANTES,False
11034,CB LA MATANZA,23,9.4924,52.651,True,17,MOVISTAR ESTUDIANTES,False
11035,CB LA MATANZA,0,8.3646,41.48,False,17,MOVISTAR ESTUDIANTES,False
11036,CB LA MATANZA,0,5.733,51.223,True,17,MOVISTAR ESTUDIANTES,False
11037,CB LA MATANZA,0,34.868,47.024,False,17,MOVISTAR ESTUDIANTES,False
11038,CB LA MATANZA,10,30.49809999999999,20.988,True,17,MOVISTAR ESTUDIANTES,False
11039,CB LA MATANZA,0,6.2,55.338,True,17,MOVISTAR ESTUDIANTES,False
11040,CB LA MATANZA,8,13.2989,45.512,True,17,MOVISTAR ESTUDIANTES,False
11041,CB LA MATANZA,14,12.875,45.092,True,17,MOVISTAR ESTUDIANTES,False
11042,CB LA MATANZA,10,12.26,56.514,False,17,MOVISTAR ESTUDIANTES,False
11043,CB LA MATANZA,23,36.419,67.516,False,17,MOVISTAR ESTUDIANTES,False
11044,CB LA MATANZA,6,34.586,82.886,False,17,MOVISTAR ESTUDIANTES,False
11045,CB LA MATANZA,14,33.552,67.6,True,17,MOVISTAR ESTUDIANTES,False
11046,CB LA MATANZA,11,31.8139,77.847,False,17,MOVISTAR ESTUDIANTES,False
11047,CB LA MATANZA,6,31.2,79.19,True,17,MOVISTAR ESTUDIANTES,False
11048,CB LA MATANZA,3,33.317,11.917,False,17,MOVISTAR ESTUDIANTES,False
11049,CB LA MATANZA,6,13.627,48.367,False,17,MOVISTAR ESTUDIANTES,False
11050,CB LA MATANZA,3,32.6127999999999,63.233,False,17,MOVISTAR ESTUDIANTES,False
11051,CB LA MATANZA,3,12.828,23.0,True,17,MOVISTAR ESTUDIANTES,False
11052,CB LA MATANZA,10,33.411,70.204,False,17,MOVISTAR ESTUDIANTES,False
11053,CB LA MATANZA,9,8.2236,94.812,False,17,MOVISTAR ESTUDIANTES,False
11054,CB LA MATANZA,3,31.43,19.14,True,17,MOVISTAR ESTUDIANTES,False
11055,CB LA MATANZA,9,11.795,72.97,False,17,MOVISTAR ESTUDIANTES,False
11056,CB LA MATANZA,8,13.674,44.0,True,17,MOVISTAR ESTUDIANTES,False
11057,CB LA MATANZA,0,10.3383,47.69,False,17,MOVISTAR ESTUDIANTES,False
11058,CB LA MATANZA,23,20.676,33.334,True,17,MOVISTAR ESTUDIANTES,False
11059,CB LA MATANZA,9,12.45,19.812,True,17,MOVISTAR ESTUDIANTES,False
11060,CB LA MATANZA,0,7.518,42.068,True,17,MOVISTAR ESTUDIANTES,False
11061,CB LA MATANZA,9,10.9962,5.198,False,17,MOVISTAR ESTUDIANTES,False
11062,CB LA MATANZA,11,11.184,5.6187,False,17,MOVISTAR ESTUDIANTES,False
11063,CB LA MATANZA,21,9.2575,46.184,False,17,MOVISTAR ESTUDIANTES,False
11064,CB LA MATANZA,21,10.009,46.688,False,17,MOVISTAR ESTUDIANTES,False
11065,CB LA MATANZA,14,34.586,51.307,True,17,MOVISTAR ESTUDIANTES,False
11066,CB LA MATANZA,3,27.4436,19.644,False,17,MOVISTAR ESTUDIANTES,False
11067,CB LA MATANZA,14,33.6466,25.103,False,17,MOVISTAR ESTUDIANTES,False
11068,CB LA MATANZA,14,33.693,48.955,False,17,MOVISTAR ESTUDIANTES,False
11069,CB LA MATANZA,8,8.3646,41.48,True,17,MOVISTAR ESTUDIANTES,False
11070,CB LA MATANZA,11,27.255,13.681,True,17,MOVISTAR ESTUDIANTES,False
11071,CB LA MATANZA,11,32.941,73.731,False,17,MOVISTAR ESTUDIANTES,False
11072,CB LA MATANZA,0,15.69549999999999,26.783,False,17,MOVISTAR ESTUDIANTES,False
11073,CB LA MATANZA,9,33.834,15.697,False,17,MOVISTAR ESTUDIANTES,False
11074,CB LA MATANZA,23,28.2895,84.65,False,17,MOVISTAR ESTUDIANTES,False
11075,CB LA MATANZA,3,31.391,72.89,True,17,MOVISTAR ESTUDIANTES,False
11076,CB LA MATANZA,3,7.8007,93.3,True,17,MOVISTAR ESTUDIANTES,False
11077,CB LA MATANZA,0,28.242,10.825,False,17,MOVISTAR ESTUDIANTES,False
11078,CB LA MATANZA,21,15.413,38.709,False,17,MOVISTAR ESTUDIANTES,False
11079,CB LA MATANZA,11,33.693,72.136,False,17,MOVISTAR ESTUDIANTES,False
11080,CB LA MATANZA,8,12.0,44.336,False,17,MOVISTAR ESTUDIANTES,False
11081,CB LA MATANZA,9,29.887,19.896,True,17,MOVISTAR ESTUDIANTES,False
11082,CB LA MATANZA,23,33.082,79.526,False,17,MOVISTAR ESTUDIANTES,False
11083,CB LA MATANZA,23,36.842,46.184,False,17,MOVISTAR ESTUDIANTES,False
11084,CB LA MATANZA,0,9.7274,76.167,True,17,MOVISTAR ESTUDIANTES,False
11085,CB LA MATANZA,23,33.693,48.955,False,17,MOVISTAR ESTUDIANTES,False
11086,CB LA MATANZA,8,7.8947,37.449,True,17,MOVISTAR ESTUDIANTES,False
11087,CB LA MATANZA,0,12.96989999999999,48.115,False,17,MOVISTAR ESTUDIANTES,False
11088,CB LA MATANZA,9,12.26,56.514,True,17,MOVISTAR ESTUDIANTES,False
11089,CB LA MATANZA,21,10.197,49.627,False,17,MOVISTAR ESTUDIANTES,False
11090,CB LA MATANZA,23,32.8007,27.371,False,17,MOVISTAR ESTUDIANTES,False
11091,CB LA MATANZA,23,9.398,72.136,False,17,MOVISTAR ESTUDIANTES,False
11092,CB LA MATANZA,0,5.87409999999999,54.834,True,17,MOVISTAR ESTUDIANTES,False
11093,CB LA MATANZA,14,10.197,49.627,False,17,MOVISTAR ESTUDIANTES,False
0,TOSCONES CORRALEJO,7,21.932299999999998,66.6747,False,18,PROBASKETLAB FUENLABRADA,True
1,TOSCONES CORRALEJO,17,22.0028,54.701,False,18,PROBASKETLAB FUENLABRADA,True
2,TOSCONES CORRALEJO,17,11.7772,72.3464,False,18,PROBASKETLAB FUENLABRADA,True
3,TOSCONES CORRALEJO,8,27.1509,85.2024,False,18,PROBASKETLAB FUENLABRADA,True
4,TOSCONES CORRALEJO,19,26.234099999999998,89.7398,False,18,PROBASKETLAB FUENLABRADA,True
5,TOSCONES CORRALEJO,11,15.0212,66.2966,False,18,PROBASKETLAB FUENLABRADA,True
6,TOSCONES CORRALEJO,8,11.565600000000003,46.3824,False,18,PROBASKETLAB FUENLABRADA,True
7,TOSCONES CORRALEJO,30,8.3921,64.406,True,18,PROBASKETLAB FUENLABRADA,True
8,TOSCONES CORRALEJO,7,14.6685,58.2301,False,18,PROBASKETLAB FUENLABRADA,True
9,TOSCONES CORRALEJO,17,9.026799999999994,56.4655,False,18,PROBASKETLAB FUENLABRADA,True
10,TOSCONES CORRALEJO,11,10.930899999999994,46.1303,True,18,PROBASKETLAB FUENLABRADA,True
11,TOSCONES CORRALEJO,17,34.5557,34.6607,False,18,PROBASKETLAB FUENLABRADA,True
12,TOSCONES CORRALEJO,8,31.734800000000007,52.8104,False,18,PROBASKETLAB FUENLABRADA,True
13,TOSCONES CORRALEJO,19,10.437200000000004,41.971,True,18,PROBASKETLAB FUENLABRADA,True
14,TOSCONES CORRALEJO,11,5.077600000000004,95.2855,False,18,PROBASKETLAB FUENLABRADA,True
15,TOSCONES CORRALEJO,8,24.541600000000003,55.5832,False,18,PROBASKETLAB FUENLABRADA,True
16,TOSCONES CORRALEJO,19,10.719300000000004,25.5859,False,18,PROBASKETLAB FUENLABRADA,True
17,TOSCONES CORRALEJO,17,11.213,46.5084,True,18,PROBASKETLAB FUENLABRADA,True
18,TOSCONES CORRALEJO,17,9.238399999999999,3.78117,False,18,PROBASKETLAB FUENLABRADA,True
19,TOSCONES CORRALEJO,30,10.084599999999995,62.7675,True,18,PROBASKETLAB FUENLABRADA,True
20,TOSCONES CORRALEJO,11,6.62906,0.378117,True,18,PROBASKETLAB FUENLABRADA,True
21,TOSCONES CORRALEJO,9,9.44993,39.7023,True,18,PROBASKETLAB FUENLABRADA,True
22,TOSCONES CORRALEJO,36,10.719300000000004,77.514,False,18,PROBASKETLAB FUENLABRADA,True
23,TOSCONES CORRALEJO,7,14.5275,77.0099,False,18,PROBASKETLAB FUENLABRADA,True
24,TOSCONES CORRALEJO,17,13.2581,54.0708,False,18,PROBASKETLAB FUENLABRADA,True
25,TOSCONES CORRALEJO,7,8.88575,33.6524,False,18,PROBASKETLAB FUENLABRADA,True
26,TOSCONES CORRALEJO,9,10.6488,46.1303,True,18,PROBASKETLAB FUENLABRADA,True
27,TOSCONES CORRALEJO,7,20.874499999999998,61.8852,False,18,PROBASKETLAB FUENLABRADA,True
28,TOSCONES CORRALEJO,11,18.6178,92.1346,False,18,PROBASKETLAB FUENLABRADA,True
29,TOSCONES CORRALEJO,9,15.3032,67.9351,False,18,PROBASKETLAB FUENLABRADA,True
30,TOSCONES CORRALEJO,8,9.52045,42.7272,True,18,PROBASKETLAB FUENLABRADA,True
31,TOSCONES CORRALEJO,8,15.0212,66.2966,True,18,PROBASKETLAB FUENLABRADA,True
32,TOSCONES CORRALEJO,8,36.7419,46.5084,False,18,PROBASKETLAB FUENLABRADA,True
33,TOSCONES CORRALEJO,17,9.80254,43.8616,False,18,PROBASKETLAB FUENLABRADA,True
34,TOSCONES CORRALEJO,8,11.142499999999998,59.9946,True,18,PROBASKETLAB FUENLABRADA,True
35,TOSCONES CORRALEJO,30,32.6516,79.2786,False,18,PROBASKETLAB FUENLABRADA,True
36,TOSCONES CORRALEJO,17,10.296199999999999,43.4835,True,18,PROBASKETLAB FUENLABRADA,True
37,TOSCONES CORRALEJO,11,8.53315,39.3242,True,18,PROBASKETLAB FUENLABRADA,True
38,TOSCONES CORRALEJO,7,9.6615,45.122,False,18,PROBASKETLAB FUENLABRADA,True
39,TOSCONES CORRALEJO,6,8.180499999999995,2.39474,False,18,PROBASKETLAB FUENLABRADA,True
40,TOSCONES CORRALEJO,7,23.6248,48.6511,False,18,PROBASKETLAB FUENLABRADA,True
41,TOSCONES CORRALEJO,8,24.4006,54.701,False,18,PROBASKETLAB FUENLABRADA,True
42,TOSCONES CORRALEJO,17,7.8279,4.15929,False,18,PROBASKETLAB FUENLABRADA,True
43,TOSCONES CORRALEJO,17,9.23836,63.1456,True,18,PROBASKETLAB FUENLABRADA,True
44,TOSCONES CORRALEJO,9,12.3413,40.5846,True,18,PROBASKETLAB FUENLABRADA,True
45,TOSCONES CORRALEJO,17,18.1946,53.8187,False,18,PROBASKETLAB FUENLABRADA,True
46,TOSCONES CORRALEJO,9,29.9718,17.5194,True,18,PROBASKETLAB FUENLABRADA,True
47,TOSCONES CORRALEJO,30,18.758799999999994,31.6358,False,18,PROBASKETLAB FUENLABRADA,True
48,TOSCONES CORRALEJO,7,23.483800000000002,90.244,False,18,PROBASKETLAB FUENLABRADA,True
49,TOSCONES CORRALEJO,8,9.4499,40.0804,True,18,PROBASKETLAB FUENLABRADA,True
50,TOSCONES CORRALEJO,7,33.5684,29.8713,False,18,PROBASKETLAB FUENLABRADA,True
51,TOSCONES CORRALEJO,30,13.1171,40.9627,False,18,PROBASKETLAB FUENLABRADA,True
52,TOSCONES CORRALEJO,30,9.0268,44.2397,False,18,PROBASKETLAB FUENLABRADA,True
53,TOSCONES CORRALEJO,19,33.7094,28.8629,False,18,PROBASKETLAB FUENLABRADA,True
54,TOSCONES CORRALEJO,9,16.8547,56.0874,False,18,PROBASKETLAB FUENLABRADA,True
55,TOSCONES CORRALEJO,17,7.26375,46.5084,True,18,PROBASKETLAB FUENLABRADA,True
56,TOSCONES CORRALEJO,8,14.1044,48.6511,True,18,PROBASKETLAB FUENLABRADA,True
57,TOSCONES CORRALEJO,17,8.81523,41.7189,False,18,PROBASKETLAB FUENLABRADA,True
58,TOSCONES CORRALEJO,36,11.4951,53.3145,True,18,PROBASKETLAB FUENLABRADA,True
59,TOSCONES CORRALEJO,11,15.3032,41.2148,True,18,PROBASKETLAB FUENLABRADA,True
60,TOSCONES CORRALEJO,7,9.52045,35.543,False,18,PROBASKETLAB FUENLABRADA,True
61,TOSCONES CORRALEJO,19,13.0465,58.2301,False,18,PROBASKETLAB FUENLABRADA,True
62,TOSCONES CORRALEJO,30,36.6008,56.3395,False,18,PROBASKETLAB FUENLABRADA,True
63,TOSCONES CORRALEJO,9,10.296199999999999,60.2467,False,18,PROBASKETLAB FUENLABRADA,True
64,TOSCONES CORRALEJO,17,31.5938,80.9171,False,18,PROBASKETLAB FUENLABRADA,True
65,TOSCONES CORRALEJO,17,25.811,12.7299,False,18,PROBASKETLAB FUENLABRADA,True
66,TOSCONES CORRALEJO,11,32.0874,19.0319,False,18,PROBASKETLAB FUENLABRADA,True
67,TOSCONES CORRALEJO,7,18.7588,26.7203,True,18,PROBASKETLAB FUENLABRADA,True
68,TOSCONES CORRALEJO,36,13.7518,46.2563,False,18,PROBASKETLAB FUENLABRADA,True
69,TOSCONES CORRALEJO,9,12.6939,53.1885,False,18,PROBASKETLAB FUENLABRADA,True
70,TOSCONES CORRALEJO,9,14.1044,66.6747,False,18,PROBASKETLAB FUENLABRADA,True
71,TOSCONES CORRALEJO,17,21.932299999999998,52.6843,False,18,PROBASKETLAB FUENLABRADA,True
72,TOSCONES CORRALEJO,7,18.758799999999994,48.0209,False,18,PROBASKETLAB FUENLABRADA,True
73,TOSCONES CORRALEJO,6,19.464,93.8991,False,18,PROBASKETLAB FUENLABRADA,True
74,TOSCONES CORRALEJO,9,37.8702,60.2467,False,18,PROBASKETLAB FUENLABRADA,True
75,TOSCONES CORRALEJO,19,12.552899999999994,47.7688,False,18,PROBASKETLAB FUENLABRADA,True
76,TOSCONES CORRALEJO,19,31.452699999999993,27.4765,True,18,PROBASKETLAB FUENLABRADA,True
77,PROBASKETLAB FUENLABRADA,11,14.0338,42.8533,True,18,TOSCONES CORRALEJO,False
78,PROBASKETLAB FUENLABRADA,14,11.283500000000004,34.2826,True,18,TOSCONES CORRALEJO,False
79,PROBASKETLAB FUENLABRADA,7,27.362499999999997,83.1858,True,18,TOSCONES CORRALEJO,False
80,PROBASKETLAB FUENLABRADA,11,14.8801,38.82,False,18,TOSCONES CORRALEJO,False
81,PROBASKETLAB FUENLABRADA,2,11.4245,5.04156,False,18,TOSCONES CORRALEJO,False
82,PROBASKETLAB FUENLABRADA,14,10.648799999999994,73.2287,True,18,TOSCONES CORRALEJO,False
83,PROBASKETLAB FUENLABRADA,13,38.2229,55.5832,False,18,TOSCONES CORRALEJO,False
84,PROBASKETLAB FUENLABRADA,7,34.2031,60.2467,False,18,TOSCONES CORRALEJO,False
85,PROBASKETLAB FUENLABRADA,2,10.0846,92.7648,False,18,TOSCONES CORRALEJO,False
86,PROBASKETLAB FUENLABRADA,14,34.2031,60.2467,True,18,TOSCONES CORRALEJO,False
87,PROBASKETLAB FUENLABRADA,3,13.399100000000004,67.0528,False,18,TOSCONES CORRALEJO,False
88,PROBASKETLAB FUENLABRADA,7,30.536,84.0681,False,18,TOSCONES CORRALEJO,False
89,PROBASKETLAB FUENLABRADA,14,10.648799999999994,73.2287,False,18,TOSCONES CORRALEJO,False
90,PROBASKETLAB FUENLABRADA,5,10.4372,94.2772,False,18,TOSCONES CORRALEJO,False
91,PROBASKETLAB FUENLABRADA,7,10.930899999999994,52.9364,True,18,TOSCONES CORRALEJO,False
92,PROBASKETLAB FUENLABRADA,5,12.623400000000004,58.104,False,18,TOSCONES CORRALEJO,False
93,PROBASKETLAB FUENLABRADA,13,29.125500000000002,18.1496,False,18,TOSCONES CORRALEJO,False
94,PROBASKETLAB FUENLABRADA,13,31.8054,17.6455,False,18,TOSCONES CORRALEJO,False
95,PROBASKETLAB FUENLABRADA,3,8.815200000000004,47.7688,True,18,TOSCONES CORRALEJO,False
96,PROBASKETLAB FUENLABRADA,13,31.523300000000006,20.0402,False,18,TOSCONES CORRALEJO,False
97,PROBASKETLAB FUENLABRADA,13,31.664299999999997,71.7162,False,18,TOSCONES CORRALEJO,False
98,PROBASKETLAB FUENLABRADA,14,33.4274,21.3006,False,18,TOSCONES CORRALEJO,False
99,PROBASKETLAB FUENLABRADA,13,34.0621,34.2826,False,18,TOSCONES CORRALEJO,False
100,PROBASKETLAB FUENLABRADA,5,17.912599999999998,66.4226,True,18,TOSCONES CORRALEJO,False
101,PROBASKETLAB FUENLABRADA,13,30.042299999999997,79.7827,True,18,TOSCONES CORRALEJO,False
102,PROBASKETLAB FUENLABRADA,13,7.68688,28.2328,False,18,TOSCONES CORRALEJO,False
103,PROBASKETLAB FUENLABRADA,7,11.777100000000004,45.248,True,18,TOSCONES CORRALEJO,False
104,PROBASKETLAB FUENLABRADA,14,25.951999999999998,9.45293,True,18,TOSCONES CORRALEJO,False
105,PROBASKETLAB FUENLABRADA,7,36.0367,22.435,False,18,TOSCONES CORRALEJO,False
106,PROBASKETLAB FUENLABRADA,5,12.764499999999998,68.4392,False,18,TOSCONES CORRALEJO,False
107,PROBASKETLAB FUENLABRADA,7,14.598,41.3408,True,18,TOSCONES CORRALEJO,False
108,PROBASKETLAB FUENLABRADA,14,10.648799999999994,62.3893,True,18,TOSCONES CORRALEJO,False
109,PROBASKETLAB FUENLABRADA,11,9.379400000000004,65.4143,True,18,TOSCONES CORRALEJO,False
110,PROBASKETLAB FUENLABRADA,3,9.0268,83.816,False,18,TOSCONES CORRALEJO,False
111,PROBASKETLAB FUENLABRADA,5,13.892799999999994,49.9115,False,18,TOSCONES CORRALEJO,False
112,PROBASKETLAB FUENLABRADA,5,11.8477,41.971,False,18,TOSCONES CORRALEJO,False
113,PROBASKETLAB FUENLABRADA,13,7.26375,66.0445,True,18,TOSCONES CORRALEJO,False
114,PROBASKETLAB FUENLABRADA,7,11.0014,73.7329,False,18,TOSCONES CORRALEJO,False
115,PROBASKETLAB FUENLABRADA,7,32.01690000000001,26.9724,False,18,TOSCONES CORRALEJO,False
116,PROBASKETLAB FUENLABRADA,5,32.8632,26.3422,True,18,TOSCONES CORRALEJO,False
117,PROBASKETLAB FUENLABRADA,8,13.0465,38.3159,False,18,TOSCONES CORRALEJO,False
118,PROBASKETLAB FUENLABRADA,11,9.379400000000004,65.4143,False,18,TOSCONES CORRALEJO,False
119,PROBASKETLAB FUENLABRADA,5,11.001400000000004,46.6345,False,18,TOSCONES CORRALEJO,False
120,PROBASKETLAB FUENLABRADA,13,29.619200000000006,78.1442,True,18,TOSCONES CORRALEJO,False
121,PROBASKETLAB FUENLABRADA,2,10.648799999999994,62.3893,False,18,TOSCONES CORRALEJO,False
122,PROBASKETLAB FUENLABRADA,13,4.72496,7.94046,False,18,TOSCONES CORRALEJO,False
123,PROBASKETLAB FUENLABRADA,2,12.835,4.15929,False,18,TOSCONES CORRALEJO,False
124,PROBASKETLAB FUENLABRADA,13,28.843400000000003,76.6318,False,18,TOSCONES CORRALEJO,False
125,PROBASKETLAB FUENLABRADA,11,10.296199999999999,65.2882,False,18,TOSCONES CORRALEJO,False
126,PROBASKETLAB FUENLABRADA,11,35.6135,62.0112,True,18,TOSCONES CORRALEJO,False
127,PROBASKETLAB FUENLABRADA,13,11.8477,42.6012,True,18,TOSCONES CORRALEJO,False
128,PROBASKETLAB FUENLABRADA,11,27.856099999999998,15.2507,False,18,TOSCONES CORRALEJO,False
129,PROBASKETLAB FUENLABRADA,11,20.0282,50.1636,False,18,TOSCONES CORRALEJO,False
130,PROBASKETLAB FUENLABRADA,13,5.6417,33.7785,False,18,TOSCONES CORRALEJO,False
131,PROBASKETLAB FUENLABRADA,7,30.394900000000007,79.2786,False,18,TOSCONES CORRALEJO,False
132,PROBASKETLAB FUENLABRADA,5,8.815200000000004,93.647,False,18,TOSCONES CORRALEJO,False
133,PROBASKETLAB FUENLABRADA,3,8.60367,63.6497,True,18,TOSCONES CORRALEJO,False
134,PROBASKETLAB FUENLABRADA,11,6.98166,62.7675,True,18,TOSCONES CORRALEJO,False
135,PROBASKETLAB FUENLABRADA,3,17.348399999999998,30.1233,True,18,TOSCONES CORRALEJO,False
136,PROBASKETLAB FUENLABRADA,3,10.0141,43.3574,True,18,TOSCONES CORRALEJO,False
0,CB LA MATANZA,7,18.829300000000003,25.0818,False,18,TOBARRA CB,True
1,CB LA MATANZA,9,7.122699999999995,74.8672,False,18,TOBARRA CB,True
2,CB LA MATANZA,23,32.9337,73.6068,True,18,TOBARRA CB,True
3,CB LA MATANZA,7,7.2637,54.701,True,18,TOBARRA CB,True
4,CB LA MATANZA,12,6.770099999999999,52.9364,True,18,TOBARRA CB,True
5,CB LA MATANZA,14,15.3738,25.964,True,18,TOBARRA CB,True
6,CB LA MATANZA,0,7.5458,53.4406,False,18,TOBARRA CB,True
7,CB LA MATANZA,0,9.16784,46.6345,True,18,TOBARRA CB,True
8,CB LA MATANZA,10,18.335700000000003,28.1067,True,18,TOBARRA CB,True
9,CB LA MATANZA,7,42.8773,21.5527,False,18,TOBARRA CB,True
10,CB LA MATANZA,14,34.9083,24.8297,False,18,TOBARRA CB,True
11,CB LA MATANZA,14,31.029600000000002,23.1912,False,18,TOBARRA CB,True
12,CB LA MATANZA,23,28.4908,87.4711,False,18,TOBARRA CB,True
13,CB LA MATANZA,23,13.0465,32.0139,True,18,TOBARRA CB,True
14,CB LA MATANZA,23,12.482399999999998,25.2078,True,18,TOBARRA CB,True
15,CB LA MATANZA,11,30.394900000000007,81.4212,False,18,TOBARRA CB,True
16,CB LA MATANZA,23,29.337100000000007,80.9171,False,18,TOBARRA CB,True
17,CB LA MATANZA,7,19.5346,25.4599,False,18,TOBARRA CB,True
18,CB LA MATANZA,12,9.87306,50.7937,True,18,TOBARRA CB,True
19,CB LA MATANZA,6,17.1368,75.7495,False,18,TOBARRA CB,True
20,CB LA MATANZA,9,11.5656,93.647,False,18,TOBARRA CB,True
21,CB LA MATANZA,7,5.994399999999999,63.1456,False,18,TOBARRA CB,True
22,CB LA MATANZA,0,9.0268,50.1636,True,18,TOBARRA CB,True
23,CB LA MATANZA,0,5.077600000000004,53.9447,True,18,TOBARRA CB,True
24,CB LA MATANZA,0,10.437200000000004,44.6178,True,18,TOBARRA CB,True
25,CB LA MATANZA,23,34.4852,31.8879,True,18,TOBARRA CB,True
26,CB LA MATANZA,0,6.840599999999995,58.9863,True,18,TOBARRA CB,True
27,CB LA MATANZA,12,33.0042,62.2633,False,18,TOBARRA CB,True
28,CB LA MATANZA,7,35.6841,44.8699,False,18,TOBARRA CB,True
29,CB LA MATANZA,9,32.5106,20.6704,False,18,TOBARRA CB,True
30,CB LA MATANZA,12,17.5599,56.4655,True,18,TOBARRA CB,True
31,CB LA MATANZA,0,8.815200000000004,49.9115,True,18,TOBARRA CB,True
32,CB LA MATANZA,3,30.7475,78.1442,False,18,TOBARRA CB,True
33,CB LA MATANZA,7,14.0338,60.6248,False,18,TOBARRA CB,True
34,CB LA MATANZA,9,33.2863,75.6234,True,18,TOBARRA CB,True
35,CB LA MATANZA,0,10.0846,45.248,False,18,TOBARRA CB,True
36,CB LA MATANZA,3,25.528899999999993,93.2689,False,18,TOBARRA CB,True
37,CB LA MATANZA,12,7.33427,57.8519,False,18,TOBARRA CB,True
38,CB LA MATANZA,12,17.1368,75.7495,True,18,TOBARRA CB,True
39,CB LA MATANZA,10,30.3244,17.6455,True,18,TOBARRA CB,True
40,CB LA MATANZA,11,37.165,60.3727,False,18,TOBARRA CB,True
41,CB LA MATANZA,9,27.573999999999998,83.1858,False,18,TOBARRA CB,True
42,CB LA MATANZA,23,6.699600000000004,62.3893,False,18,TOBARRA CB,True
43,CB LA MATANZA,12,7.616399999999999,59.1123,False,18,TOBARRA CB,True
44,CB LA MATANZA,9,35.402,72.3464,True,18,TOBARRA CB,True
45,CB LA MATANZA,0,7.96897,47.1386,True,18,TOBARRA CB,True
46,CB LA MATANZA,10,10.8604,50.5417,False,18,TOBARRA CB,True
47,CB LA MATANZA,12,5.6417,71.7162,False,18,TOBARRA CB,True
48,CB LA MATANZA,23,8.74471,78.7744,False,18,TOBARRA CB,True
49,CB LA MATANZA,23,25.317300000000003,66.0445,False,18,TOBARRA CB,True
50,CB LA MATANZA,23,7.616399999999999,48.1469,True,18,TOBARRA CB,True
51,CB LA MATANZA,12,13.9633,51.9281,False,18,TOBARRA CB,True
52,CB LA MATANZA,9,34.9083,28.7369,True,18,TOBARRA CB,True
53,CB LA MATANZA,23,29.760199999999998,83.1858,False,18,TOBARRA CB,True
54,CB LA MATANZA,0,6.98166,53.5666,True,18,TOBARRA CB,True
55,CB LA MATANZA,0,17.0663,47.6428,True,18,TOBARRA CB,True
56,CB LA MATANZA,11,7.4047999999999945,58.6082,True,18,TOBARRA CB,True
57,CB LA MATANZA,3,27.362499999999997,13.6122,True,18,TOBARRA CB,True
58,CB LA MATANZA,23,12.482399999999998,93.395,True,18,TOBARRA CB,True
59,CB LA MATANZA,0,7.8279,54.4489,True,18,TOBARRA CB,True
60,CB LA MATANZA,9,30.677,15.3768,False,18,TOBARRA CB,True
61,TOBARRA CB,82,29.407600000000002,16.133,False,18,CB LA MATANZA,False
62,TOBARRA CB,5,10.437200000000004,69.6996,True,18,CB LA MATANZA,False
63,TOBARRA CB,82,10.0846,77.6401,False,18,CB LA MATANZA,False
64,TOBARRA CB,34,8.46262,52.0541,True,18,CB LA MATANZA,False
65,TOBARRA CB,5,34.2736,36.0472,False,18,CB LA MATANZA,False
66,TOBARRA CB,5,30.8886,77.1359,True,18,CB LA MATANZA,False
67,TOBARRA CB,91,30.1834,85.0764,False,18,CB LA MATANZA,False
68,TOBARRA CB,26,26.0226,88.1013,False,18,CB LA MATANZA,False
69,TOBARRA CB,91,12.4824,7.68838,False,18,CB LA MATANZA,False
70,TOBARRA CB,21,33.427400000000006,75.4974,True,18,CB LA MATANZA,False
71,TOBARRA CB,6,9.732,55.0791,True,18,CB LA MATANZA,False
72,TOBARRA CB,21,7.2637,25.838,False,18,CB LA MATANZA,False
73,TOBARRA CB,21,9.026799999999994,50.9198,True,18,CB LA MATANZA,False
74,TOBARRA CB,5,33.6389,22.3089,True,18,CB LA MATANZA,False
75,TOBARRA CB,91,26.7278,12.7299,False,18,CB LA MATANZA,False
76,TOBARRA CB,7,6.4879999999999995,77.8921,False,18,CB LA MATANZA,False
77,TOBARRA CB,82,7.19323,60.8769,True,18,CB LA MATANZA,False
78,TOBARRA CB,26,10.3667,49.0292,True,18,CB LA MATANZA,False
79,TOBARRA CB,21,5.289100000000005,63.9018,False,18,CB LA MATANZA,False
80,TOBARRA CB,82,7.05219,27.8546,False,18,CB LA MATANZA,False
81,TOBARRA CB,82,6.417500000000004,58.2301,True,18,CB LA MATANZA,False
82,TOBARRA CB,91,13.6107,54.4489,True,18,CB LA MATANZA,False
83,TOBARRA CB,5,12.6939,22.561,False,18,CB LA MATANZA,False
84,TOBARRA CB,21,8.180499999999995,53.4406,True,18,CB LA MATANZA,False
85,TOBARRA CB,31,13.6812,44.1137,False,18,CB LA MATANZA,False
86,TOBARRA CB,7,11.636099999999999,54.1968,False,18,CB LA MATANZA,False
87,TOBARRA CB,5,33.07470000000001,54.1968,False,18,CB LA MATANZA,False
88,TOBARRA CB,82,8.81523,43.1054,True,18,CB LA MATANZA,False
89,TOBARRA CB,7,8.885800000000003,44.6178,False,18,CB LA MATANZA,False
90,TOBARRA CB,7,9.37941,28.4848,False,18,CB LA MATANZA,False
91,TOBARRA CB,91,7.47532,76.7578,True,18,CB LA MATANZA,False
92,TOBARRA CB,91,35.26090000000001,55.9613,False,18,CB LA MATANZA,False
93,TOBARRA CB,7,7.12271,53.3145,True,18,CB LA MATANZA,False
94,TOBARRA CB,82,27.7856,12.856,True,18,CB LA MATANZA,False
95,TOBARRA CB,7,23.695300000000003,51.1719,True,18,CB LA MATANZA,False
96,TOBARRA CB,31,8.039500000000004,52.0541,True,18,CB LA MATANZA,False
97,TOBARRA CB,82,8.462599999999995,57.2217,True,18,CB LA MATANZA,False
98,TOBARRA CB,31,13.187600000000003,52.9364,False,18,CB LA MATANZA,False
99,TOBARRA CB,82,12.4824,51.2979,True,18,CB LA MATANZA,False
100,TOBARRA CB,5,6.1354,56.3395,True,18,CB LA MATANZA,False
101,TOBARRA CB,5,35.0494,20.2923,False,18,CB LA MATANZA,False
102,TOBARRA CB,5,18.9704,25.2078,False,18,CB LA MATANZA,False
103,TOBARRA CB,31,7.12271,24.9557,False,18,CB LA MATANZA,False
104,TOBARRA CB,91,35.3315,67.4309,False,18,CB LA MATANZA,False
105,TOBARRA CB,21,18.688299999999998,49.7854,False,18,CB LA MATANZA,False
106,TOBARRA CB,5,23.201700000000002,91.1263,True,18,CB LA MATANZA,False
107,TOBARRA CB,91,8.60367,48.525,True,18,CB LA MATANZA,False
108,TOBARRA CB,26,26.304699999999997,89.8659,True,18,CB LA MATANZA,False
109,TOBARRA CB,91,31.382199999999997,25.5859,False,18,CB LA MATANZA,False
110,TOBARRA CB,5,17.136799999999994,51.55,False,18,CB LA MATANZA,False
111,TOBARRA CB,82,11.001400000000004,51.0458,True,18,CB LA MATANZA,False
112,TOBARRA CB,21,15.3738,53.8187,True,18,CB LA MATANZA,False
113,TOBARRA CB,21,15.937899999999999,62.1373,False,18,CB LA MATANZA,False
0,C.D. BASKET GLOBALCAJA QUINTANAR,8,7.616399999999999,40.3325,False,18,FUNDACION GLOBALCAJA LA RODA,True
1,C.D. BASKET GLOBALCAJA QUINTANAR,0,7.757400000000004,62.7675,False,18,FUNDACION GLOBALCAJA LA RODA,True
2,C.D. BASKET GLOBALCAJA QUINTANAR,1,33.145300000000006,29.2411,False,18,FUNDACION GLOBALCAJA LA RODA,True
3,C.D. BASKET GLOBALCAJA QUINTANAR,14,29.055000000000007,78.6484,True,18,FUNDACION GLOBALCAJA LA RODA,True
4,C.D. BASKET GLOBALCAJA QUINTANAR,12,11.354,48.6511,False,18,FUNDACION GLOBALCAJA LA RODA,True
5,C.D. BASKET GLOBALCAJA QUINTANAR,1,17.842,75.8755,False,18,FUNDACION GLOBALCAJA LA RODA,True
6,C.D. BASKET GLOBALCAJA QUINTANAR,3,7.4048,95.0335,False,18,FUNDACION GLOBALCAJA LA RODA,True
7,C.D. BASKET GLOBALCAJA QUINTANAR,8,35.2609,78.5223,True,18,FUNDACION GLOBALCAJA LA RODA,True
8,C.D. BASKET GLOBALCAJA QUINTANAR,21,5.782799999999995,82.1775,True,18,FUNDACION GLOBALCAJA LA RODA,True
9,C.D. BASKET GLOBALCAJA QUINTANAR,8,3.9492000000000047,39.5763,True,18,FUNDACION GLOBALCAJA LA RODA,True
10,C.D. BASKET GLOBALCAJA QUINTANAR,0,7.96897,93.8991,False,18,FUNDACION GLOBALCAJA LA RODA,True
11,C.D. BASKET GLOBALCAJA QUINTANAR,8,18.265199999999993,51.2979,False,18,FUNDACION GLOBALCAJA LA RODA,True
12,C.D. BASKET GLOBALCAJA QUINTANAR,50,6.84062,57.4738,True,18,FUNDACION GLOBALCAJA LA RODA,True
13,C.D. BASKET GLOBALCAJA QUINTANAR,12,8.603700000000003,59.1123,False,18,FUNDACION GLOBALCAJA LA RODA,True
14,C.D. BASKET GLOBALCAJA QUINTANAR,12,7.616399999999999,57.7259,True,18,FUNDACION GLOBALCAJA LA RODA,True
15,C.D. BASKET GLOBALCAJA QUINTANAR,8,10.0141,47.0126,True,18,FUNDACION GLOBALCAJA LA RODA,True
16,C.D. BASKET GLOBALCAJA QUINTANAR,8,34.9083,69.8256,True,18,FUNDACION GLOBALCAJA LA RODA,True
17,C.D. BASKET GLOBALCAJA QUINTANAR,8,28.6319,88.2274,False,18,FUNDACION GLOBALCAJA LA RODA,True
18,C.D. BASKET GLOBALCAJA QUINTANAR,21,4.724999999999994,6.80611,False,18,FUNDACION GLOBALCAJA LA RODA,True
19,C.D. BASKET GLOBALCAJA QUINTANAR,0,6.55853,59.6165,False,18,FUNDACION GLOBALCAJA LA RODA,True
20,C.D. BASKET GLOBALCAJA QUINTANAR,8,35.2609,48.273,False,18,FUNDACION GLOBALCAJA LA RODA,True
21,C.D. BASKET GLOBALCAJA QUINTANAR,12,11.142499999999998,50.9198,True,18,FUNDACION GLOBALCAJA LA RODA,True
22,C.D. BASKET GLOBALCAJA QUINTANAR,50,3.10296,93.2689,False,18,FUNDACION GLOBALCAJA LA RODA,True
23,C.D. BASKET GLOBALCAJA QUINTANAR,1,6.91114,39.8283,True,18,FUNDACION GLOBALCAJA LA RODA,True
24,C.D. BASKET GLOBALCAJA QUINTANAR,1,17.207300000000004,41.2148,False,18,FUNDACION GLOBALCAJA LA RODA,True
25,C.D. BASKET GLOBALCAJA QUINTANAR,1,29.055000000000007,78.6484,False,18,FUNDACION GLOBALCAJA LA RODA,True
26,C.D. BASKET GLOBALCAJA QUINTANAR,0,4.01975,94.0252,True,18,FUNDACION GLOBALCAJA LA RODA,True
27,C.D. BASKET GLOBALCAJA QUINTANAR,50,6.06488,44.1137,True,18,FUNDACION GLOBALCAJA LA RODA,True
28,C.D. BASKET GLOBALCAJA QUINTANAR,1,32.8632,72.0944,False,18,FUNDACION GLOBALCAJA LA RODA,True
29,C.D. BASKET GLOBALCAJA QUINTANAR,8,18.5472,33.6524,False,18,FUNDACION GLOBALCAJA LA RODA,True
30,C.D. BASKET GLOBALCAJA QUINTANAR,50,5.1480999999999995,59.8686,True,18,FUNDACION GLOBALCAJA LA RODA,True
31,C.D. BASKET GLOBALCAJA QUINTANAR,3,7.1932000000000045,59.9946,False,18,FUNDACION GLOBALCAJA LA RODA,True
32,C.D. BASKET GLOBALCAJA QUINTANAR,3,18.6178,52.0541,False,18,FUNDACION GLOBALCAJA LA RODA,True
33,C.D. BASKET GLOBALCAJA QUINTANAR,12,34.203100000000006,54.0708,False,18,FUNDACION GLOBALCAJA LA RODA,True
34,C.D. BASKET GLOBALCAJA QUINTANAR,1,20.521900000000002,63.3977,False,18,FUNDACION GLOBALCAJA LA RODA,True
35,C.D. BASKET GLOBALCAJA QUINTANAR,3,6.840599999999995,57.978,False,18,FUNDACION GLOBALCAJA LA RODA,True
36,C.D. BASKET GLOBALCAJA QUINTANAR,8,4.724999999999994,19.6621,True,18,FUNDACION GLOBALCAJA LA RODA,True
37,C.D. BASKET GLOBALCAJA QUINTANAR,3,7.334299999999999,57.7259,True,18,FUNDACION GLOBALCAJA LA RODA,True
38,C.D. BASKET GLOBALCAJA QUINTANAR,1,32.0874,24.3255,False,18,FUNDACION GLOBALCAJA LA RODA,True
39,C.D. BASKET GLOBALCAJA QUINTANAR,12,8.11,46.5084,False,18,FUNDACION GLOBALCAJA LA RODA,True
40,C.D. BASKET GLOBALCAJA QUINTANAR,3,14.386499999999998,42.3491,True,18,FUNDACION GLOBALCAJA LA RODA,True
41,C.D. BASKET GLOBALCAJA QUINTANAR,21,30.324399999999997,83.5639,False,18,FUNDACION GLOBALCAJA LA RODA,True
42,C.D. BASKET GLOBALCAJA QUINTANAR,0,25.105800000000002,12.856,False,18,FUNDACION GLOBALCAJA LA RODA,True
43,C.D. BASKET GLOBALCAJA QUINTANAR,0,7.82793,56.2134,False,18,FUNDACION GLOBALCAJA LA RODA,True
44,C.D. BASKET GLOBALCAJA QUINTANAR,0,6.346999999999994,59.8686,False,18,FUNDACION GLOBALCAJA LA RODA,True
45,C.D. BASKET GLOBALCAJA QUINTANAR,50,5.78279,56.7176,True,18,FUNDACION GLOBALCAJA LA RODA,True
46,C.D. BASKET GLOBALCAJA QUINTANAR,8,30.8181,26.0901,True,18,FUNDACION GLOBALCAJA LA RODA,True
47,C.D. BASKET GLOBALCAJA QUINTANAR,12,10.8604,45.248,False,18,FUNDACION GLOBALCAJA LA RODA,True
48,C.D. BASKET GLOBALCAJA QUINTANAR,8,35.1199,24.3255,False,18,FUNDACION GLOBALCAJA LA RODA,True
49,C.D. BASKET GLOBALCAJA QUINTANAR,21,8.60367,56.2134,False,18,FUNDACION GLOBALCAJA LA RODA,True
50,C.D. BASKET GLOBALCAJA QUINTANAR,12,14.386499999999998,52.6843,False,18,FUNDACION GLOBALCAJA LA RODA,True
51,C.D. BASKET GLOBALCAJA QUINTANAR,21,32.2285,22.0568,False,18,FUNDACION GLOBALCAJA LA RODA,True
52,C.D. BASKET GLOBALCAJA QUINTANAR,50,7.4047999999999945,57.5999,True,18,FUNDACION GLOBALCAJA LA RODA,True
53,C.D. BASKET GLOBALCAJA QUINTANAR,14,30.112799999999993,83.4379,False,18,FUNDACION GLOBALCAJA LA RODA,True
54,FUNDACION GLOBALCAJA LA RODA,9,28.6319,18.5277,True,18,C.D. BASKET GLOBALCAJA QUINTANAR,False
55,FUNDACION GLOBALCAJA LA RODA,10,7.4047999999999945,56.5915,False,18,C.D. BASKET GLOBALCAJA QUINTANAR,False
56,FUNDACION GLOBALCAJA LA RODA,6,10.5783,43.2314,False,18,C.D. BASKET GLOBALCAJA QUINTANAR,False
57,FUNDACION GLOBALCAJA LA RODA,4,11.283500000000004,52.8104,True,18,C.D. BASKET GLOBALCAJA QUINTANAR,False
58,FUNDACION GLOBALCAJA LA RODA,13,11.636099999999999,46.0043,False,18,C.D. BASKET GLOBALCAJA QUINTANAR,False
59,FUNDACION GLOBALCAJA LA RODA,9,20.944999999999993,7.94046,False,18,C.D. BASKET GLOBALCAJA QUINTANAR,False
60,FUNDACION GLOBALCAJA LA RODA,3,6.91114,44.2397,True,18,C.D. BASKET GLOBALCAJA QUINTANAR,False
61,FUNDACION GLOBALCAJA LA RODA,6,5.78279,6.93215,False,18,C.D. BASKET GLOBALCAJA QUINTANAR,False
62,FUNDACION GLOBALCAJA LA RODA,2,7.33427,58.9863,False,18,C.D. BASKET GLOBALCAJA QUINTANAR,False
63,FUNDACION GLOBALCAJA LA RODA,6,8.81523,5.29364,False,18,C.D. BASKET GLOBALCAJA QUINTANAR,False
64,FUNDACION GLOBALCAJA LA RODA,10,9.1678,47.3907,False,18,C.D. BASKET GLOBALCAJA QUINTANAR,False
65,FUNDACION GLOBALCAJA LA RODA,0,8.039500000000004,42.0971,True,18,C.D. BASKET GLOBALCAJA QUINTANAR,False
66,FUNDACION GLOBALCAJA LA RODA,2,32.5106,25.838,False,18,C.D. BASKET GLOBALCAJA QUINTANAR,False
67,FUNDACION GLOBALCAJA LA RODA,4,7.26375,58.8602,True,18,C.D. BASKET GLOBALCAJA QUINTANAR,False
68,FUNDACION GLOBALCAJA LA RODA,20,5.78279,44.3658,True,18,C.D. BASKET GLOBALCAJA QUINTANAR,False
69,FUNDACION GLOBALCAJA LA RODA,4,22.073300000000003,41.3408,True,18,C.D. BASKET GLOBALCAJA QUINTANAR,False
70,FUNDACION GLOBALCAJA LA RODA,25,5.1480999999999995,41.3408,True,18,C.D. BASKET GLOBALCAJA QUINTANAR,False
71,FUNDACION GLOBALCAJA LA RODA,10,31.7348,24.7037,True,18,C.D. BASKET GLOBALCAJA QUINTANAR,False
72,FUNDACION GLOBALCAJA LA RODA,4,5.218599999999995,73.6068,True,18,C.D. BASKET GLOBALCAJA QUINTANAR,False
73,FUNDACION GLOBALCAJA LA RODA,9,32.7221,74.111,False,18,C.D. BASKET GLOBALCAJA QUINTANAR,False
74,FUNDACION GLOBALCAJA LA RODA,25,7.54584,54.701,True,18,C.D. BASKET GLOBALCAJA QUINTANAR,False
75,FUNDACION GLOBALCAJA LA RODA,25,6.98166,59.4904,True,18,C.D. BASKET GLOBALCAJA QUINTANAR,False
76,FUNDACION GLOBALCAJA LA RODA,4,12.764499999999998,50.4156,True,18,C.D. BASKET GLOBALCAJA QUINTANAR,False
77,FUNDACION GLOBALCAJA LA RODA,0,22.778599999999997,32.14,True,18,C.D. BASKET GLOBALCAJA QUINTANAR,False
78,FUNDACION GLOBALCAJA LA RODA,4,33.78,34.9128,False,18,C.D. BASKET GLOBALCAJA QUINTANAR,False
79,FUNDACION GLOBALCAJA LA RODA,10,18.4062,39.7023,True,18,C.D. BASKET GLOBALCAJA QUINTANAR,False
80,FUNDACION GLOBALCAJA LA RODA,4,25.5289,53.6926,False,18,C.D. BASKET GLOBALCAJA QUINTANAR,False
81,FUNDACION GLOBALCAJA LA RODA,20,10.437200000000004,15.7549,False,18,C.D. BASKET GLOBALCAJA QUINTANAR,False
82,FUNDACION GLOBALCAJA LA RODA,13,6.558499999999995,34.2826,False,18,C.D. BASKET GLOBALCAJA QUINTANAR,False
83,FUNDACION GLOBALCAJA LA RODA,6,19.464,96.0418,False,18,C.D. BASKET GLOBALCAJA QUINTANAR,False
84,FUNDACION GLOBALCAJA LA RODA,0,4.72496,96.1678,False,18,C.D. BASKET GLOBALCAJA QUINTANAR,False
85,FUNDACION GLOBALCAJA LA RODA,4,7.4048,56.5915,True,18,C.D. BASKET GLOBALCAJA QUINTANAR,False
86,FUNDACION GLOBALCAJA LA RODA,4,3.66714,61.7591,True,18,C.D. BASKET GLOBALCAJA QUINTANAR,False
87,FUNDACION GLOBALCAJA LA RODA,0,15.303200000000004,69.8256,True,18,C.D. BASKET GLOBALCAJA QUINTANAR,False
88,FUNDACION GLOBALCAJA LA RODA,3,7.757400000000004,42.4752,False,18,C.D. BASKET GLOBALCAJA QUINTANAR,False
89,FUNDACION GLOBALCAJA LA RODA,10,22.284899999999993,91.2523,True,18,C.D. BASKET GLOBALCAJA QUINTANAR,False
90,FUNDACION GLOBALCAJA LA RODA,2,35.402,68.6913,False,18,C.D. BASKET GLOBALCAJA QUINTANAR,False
91,FUNDACION GLOBALCAJA LA RODA,0,6.346999999999994,80.791,True,18,C.D. BASKET GLOBALCAJA QUINTANAR,False
92,FUNDACION GLOBALCAJA LA RODA,4,32.5106,25.4599,True,18,C.D. BASKET GLOBALCAJA QUINTANAR,False
93,FUNDACION GLOBALCAJA LA RODA,9,30.042299999999997,24.5776,False,18,C.D. BASKET GLOBALCAJA QUINTANAR,False
94,FUNDACION GLOBALCAJA LA RODA,25,7.122699999999995,57.8519,True,18,C.D. BASKET GLOBALCAJA QUINTANAR,False
95,FUNDACION GLOBALCAJA LA RODA,3,21.6502,35.9211,True,18,C.D. BASKET GLOBALCAJA QUINTANAR,False
96,FUNDACION GLOBALCAJA LA RODA,13,3.94922,6.55403,False,18,C.D. BASKET GLOBALCAJA QUINTANAR,False
97,FUNDACION GLOBALCAJA LA RODA,9,34.696799999999996,61.255,False,18,C.D. BASKET GLOBALCAJA QUINTANAR,False
98,FUNDACION GLOBALCAJA LA RODA,0,33.145300000000006,77.6401,True,18,C.D. BASKET GLOBALCAJA QUINTANAR,False
99,FUNDACION GLOBALCAJA LA RODA,2,38.4344,78.0182,False,18,C.D. BASKET GLOBALCAJA QUINTANAR,False
100,FUNDACION GLOBALCAJA LA RODA,6,6.69958,58.2301,True,18,C.D. BASKET GLOBALCAJA QUINTANAR,False
101,FUNDACION GLOBALCAJA LA RODA,20,11.354,41.2148,False,18,C.D. BASKET GLOBALCAJA QUINTANAR,False
102,FUNDACION GLOBALCAJA LA RODA,3,33.78,22.561,False,18,C.D. BASKET GLOBALCAJA QUINTANAR,False
103,FUNDACION GLOBALCAJA LA RODA,9,8.251099999999994,47.8948,False,18,C.D. BASKET GLOBALCAJA QUINTANAR,False
104,FUNDACION GLOBALCAJA LA RODA,33,7.686899999999994,5.67176,False,18,C.D. BASKET GLOBALCAJA QUINTANAR,False
105,FUNDACION GLOBALCAJA LA RODA,25,7.12271,44.4918,True,18,C.D. BASKET GLOBALCAJA QUINTANAR,False
106,FUNDACION GLOBALCAJA LA RODA,4,6.41749,58.2301,True,18,C.D. BASKET GLOBALCAJA QUINTANAR,False
107,FUNDACION GLOBALCAJA LA RODA,4,34.2031,73.8589,False,18,C.D. BASKET GLOBALCAJA QUINTANAR,False
108,FUNDACION GLOBALCAJA LA RODA,4,21.227099999999993,93.2689,True,18,C.D. BASKET GLOBALCAJA QUINTANAR,False
109,FUNDACION GLOBALCAJA LA RODA,0,28.561400000000006,49.1552,False,18,C.D. BASKET GLOBALCAJA QUINTANAR,False
110,FUNDACION GLOBALCAJA LA RODA,25,6.699600000000004,43.6095,False,18,C.D. BASKET GLOBALCAJA QUINTANAR,False
111,FUNDACION GLOBALCAJA LA RODA,4,6.69958,58.2301,False,18,C.D. BASKET GLOBALCAJA QUINTANAR,False
112,FUNDACION GLOBALCAJA LA RODA,3,30.536,80.9171,True,18,C.D. BASKET GLOBALCAJA QUINTANAR,False
113,FUNDACION GLOBALCAJA LA RODA,6,33.145300000000006,33.6524,False,18,C.D. BASKET GLOBALCAJA QUINTANAR,False
114,FUNDACION GLOBALCAJA LA RODA,6,7.89845,7.56234,False,18,C.D. BASKET GLOBALCAJA QUINTANAR,False
115,FUNDACION GLOBALCAJA LA RODA,10,7.122699999999995,65.4143,False,18,C.D. BASKET GLOBALCAJA QUINTANAR,False
116,FUNDACION GLOBALCAJA LA RODA,9,33.92100000000001,35.417,True,18,C.D. BASKET GLOBALCAJA QUINTANAR,False
117,FUNDACION GLOBALCAJA LA RODA,2,28.6319,16.6372,False,18,C.D. BASKET GLOBALCAJA QUINTANAR,False
118,FUNDACION GLOBALCAJA LA RODA,4,5.92384,55.5832,True,18,C.D. BASKET GLOBALCAJA QUINTANAR,False
119,FUNDACION GLOBALCAJA LA RODA,6,37.3766,49.1552,True,18,C.D. BASKET GLOBALCAJA QUINTANAR,False
120,FUNDACION GLOBALCAJA LA RODA,6,21.2271,35.7951,True,18,C.D. BASKET GLOBALCAJA QUINTANAR,False
121,FUNDACION GLOBALCAJA LA RODA,9,14.3159,20.9225,False,18,C.D. BASKET GLOBALCAJA QUINTANAR,False
0,GRUPO INTERBUS ALCOBENDAS,24,13.187600000000003,48.399,True,18,NÁUTICO TENERIFE,True
1,GRUPO INTERBUS ALCOBENDAS,11,9.802499999999995,86.8409,False,18,NÁUTICO TENERIFE,True
2,GRUPO INTERBUS ALCOBENDAS,16,11.4245,47.1386,False,18,NÁUTICO TENERIFE,True
3,GRUPO INTERBUS ALCOBENDAS,16,11.9887,50.4156,True,18,NÁUTICO TENERIFE,True
4,GRUPO INTERBUS ALCOBENDAS,24,9.94358,47.3907,False,18,NÁUTICO TENERIFE,True
5,GRUPO INTERBUS ALCOBENDAS,16,13.5402,46.7605,False,18,NÁUTICO TENERIFE,True
6,GRUPO INTERBUS ALCOBENDAS,24,13.751800000000003,47.1386,True,18,NÁUTICO TENERIFE,True
7,GRUPO INTERBUS ALCOBENDAS,77,8.81523,6.04988,True,18,NÁUTICO TENERIFE,True
8,GRUPO INTERBUS ALCOBENDAS,33,28.3498,16.259,True,18,NÁUTICO TENERIFE,True
9,GRUPO INTERBUS ALCOBENDAS,25,12.6939,46.2563,False,18,NÁUTICO TENERIFE,True
10,GRUPO INTERBUS ALCOBENDAS,41,17.3484,51.0458,True,18,NÁUTICO TENERIFE,True
11,GRUPO INTERBUS ALCOBENDAS,11,11.706599999999995,46.1303,True,18,NÁUTICO TENERIFE,True
12,GRUPO INTERBUS ALCOBENDAS,13,31.9464,21.0485,False,18,NÁUTICO TENERIFE,True
13,GRUPO INTERBUS ALCOBENDAS,41,13.540199999999999,46.5084,False,18,NÁUTICO TENERIFE,True
14,GRUPO INTERBUS ALCOBENDAS,41,12.5529,44.9959,True,18,NÁUTICO TENERIFE,True
15,GRUPO INTERBUS ALCOBENDAS,16,10.0141,49.2813,True,18,NÁUTICO TENERIFE,True
16,GRUPO INTERBUS ALCOBENDAS,25,12.129800000000003,50.1636,True,18,NÁUTICO TENERIFE,True
17,GRUPO INTERBUS ALCOBENDAS,17,12.976,50.5417,True,18,NÁUTICO TENERIFE,True
18,GRUPO INTERBUS ALCOBENDAS,13,31.664299999999997,17.2674,True,18,NÁUTICO TENERIFE,True
19,GRUPO INTERBUS ALCOBENDAS,11,9.379400000000004,50.2896,False,18,NÁUTICO TENERIFE,True
20,GRUPO INTERBUS ALCOBENDAS,11,37.2355,19.6621,False,18,NÁUTICO TENERIFE,True
21,GRUPO INTERBUS ALCOBENDAS,24,9.520499999999998,79.5307,False,18,NÁUTICO TENERIFE,True
22,GRUPO INTERBUS ALCOBENDAS,13,9.59097,42.8533,False,18,NÁUTICO TENERIFE,True
23,GRUPO INTERBUS ALCOBENDAS,4,28.1382,88.8575,False,18,NÁUTICO TENERIFE,True
24,GRUPO INTERBUS ALCOBENDAS,77,7.5458,25.0818,False,18,NÁUTICO TENERIFE,True
25,GRUPO INTERBUS ALCOBENDAS,4,28.2087,14.7466,True,18,NÁUTICO TENERIFE,True
26,GRUPO INTERBUS ALCOBENDAS,17,18.899900000000002,94.1512,False,18,NÁUTICO TENERIFE,True
27,GRUPO INTERBUS ALCOBENDAS,15,10.366699999999994,49.5334,False,18,NÁUTICO TENERIFE,True
28,GRUPO INTERBUS ALCOBENDAS,77,11.777100000000004,47.6428,False,18,NÁUTICO TENERIFE,True
29,GRUPO INTERBUS ALCOBENDAS,77,30.1834,80.791,True,18,NÁUTICO TENERIFE,True
30,GRUPO INTERBUS ALCOBENDAS,41,9.308899999999994,50.0375,False,18,NÁUTICO TENERIFE,True
31,GRUPO INTERBUS ALCOBENDAS,16,13.1876,50.9198,False,18,NÁUTICO TENERIFE,True
32,GRUPO INTERBUS ALCOBENDAS,16,10.225700000000003,76.0016,False,18,NÁUTICO TENERIFE,True
33,GRUPO INTERBUS ALCOBENDAS,16,11.354,46.0043,True,18,NÁUTICO TENERIFE,True
34,GRUPO INTERBUS ALCOBENDAS,24,12.623400000000004,47.7688,True,18,NÁUTICO TENERIFE,True
35,GRUPO INTERBUS ALCOBENDAS,41,12.3413,40.7106,False,18,NÁUTICO TENERIFE,True
36,GRUPO INTERBUS ALCOBENDAS,16,11.565600000000003,49.1552,True,18,NÁUTICO TENERIFE,True
37,GRUPO INTERBUS ALCOBENDAS,41,14.1044,47.6428,True,18,NÁUTICO TENERIFE,True
38,GRUPO INTERBUS ALCOBENDAS,41,10.7898,48.6511,True,18,NÁUTICO TENERIFE,True
39,GRUPO INTERBUS ALCOBENDAS,13,34.8378,55.4572,False,18,NÁUTICO TENERIFE,True
40,GRUPO INTERBUS ALCOBENDAS,16,8.74471,51.55,False,18,NÁUTICO TENERIFE,True
41,GRUPO INTERBUS ALCOBENDAS,33,29.055,10.9654,True,18,NÁUTICO TENERIFE,True
42,GRUPO INTERBUS ALCOBENDAS,77,11.988699999999994,73.7329,False,18,NÁUTICO TENERIFE,True
43,GRUPO INTERBUS ALCOBENDAS,41,12.3413,58.7342,False,18,NÁUTICO TENERIFE,True
44,GRUPO INTERBUS ALCOBENDAS,24,11.1425,48.1469,True,18,NÁUTICO TENERIFE,True
45,GRUPO INTERBUS ALCOBENDAS,4,32.4401,75.4974,True,18,NÁUTICO TENERIFE,True
46,GRUPO INTERBUS ALCOBENDAS,24,12.975999999999999,48.1469,True,18,NÁUTICO TENERIFE,True
47,GRUPO INTERBUS ALCOBENDAS,30,13.328599999999994,21.8048,False,18,NÁUTICO TENERIFE,True
48,GRUPO INTERBUS ALCOBENDAS,17,12.6234,38.1898,False,18,NÁUTICO TENERIFE,True
49,GRUPO INTERBUS ALCOBENDAS,24,9.09732,52.3062,True,18,NÁUTICO TENERIFE,True
50,GRUPO INTERBUS ALCOBENDAS,41,19.464,72.7245,True,18,NÁUTICO TENERIFE,True
51,GRUPO INTERBUS ALCOBENDAS,11,8.74471,51.55,False,18,NÁUTICO TENERIFE,True
52,GRUPO INTERBUS ALCOBENDAS,11,7.475300000000004,51.1719,False,18,NÁUTICO TENERIFE,True
53,GRUPO INTERBUS ALCOBENDAS,4,9.94358,60.7508,True,18,NÁUTICO TENERIFE,True
54,GRUPO INTERBUS ALCOBENDAS,24,10.578299999999999,51.0458,False,18,NÁUTICO TENERIFE,True
55,GRUPO INTERBUS ALCOBENDAS,13,23.6248,10.8394,False,18,NÁUTICO TENERIFE,True
56,GRUPO INTERBUS ALCOBENDAS,33,31.4528,81.4212,False,18,NÁUTICO TENERIFE,True
57,GRUPO INTERBUS ALCOBENDAS,24,26.9394,91.5044,False,18,NÁUTICO TENERIFE,True
58,GRUPO INTERBUS ALCOBENDAS,17,14.8801,79.5307,False,18,NÁUTICO TENERIFE,True
59,GRUPO INTERBUS ALCOBENDAS,16,12.623400000000004,42.6012,False,18,NÁUTICO TENERIFE,True
60,GRUPO INTERBUS ALCOBENDAS,24,12.835,50.0375,False,18,NÁUTICO TENERIFE,True
61,GRUPO INTERBUS ALCOBENDAS,33,8.3921,94.4033,True,18,NÁUTICO TENERIFE,True
62,GRUPO INTERBUS ALCOBENDAS,17,11.6361,45.7522,False,18,NÁUTICO TENERIFE,True
63,GRUPO INTERBUS ALCOBENDAS,17,11.424499999999995,49.6594,True,18,NÁUTICO TENERIFE,True
64,GRUPO INTERBUS ALCOBENDAS,25,11.636099999999999,44.4918,False,18,NÁUTICO TENERIFE,True
65,GRUPO INTERBUS ALCOBENDAS,30,9.4499,46.7605,False,18,NÁUTICO TENERIFE,True
66,GRUPO INTERBUS ALCOBENDAS,4,30.042299999999997,26.2161,True,18,NÁUTICO TENERIFE,True
67,GRUPO INTERBUS ALCOBENDAS,17,11.354,94.9074,True,18,NÁUTICO TENERIFE,True
68,GRUPO INTERBUS ALCOBENDAS,13,18.2652,4.41137,True,18,NÁUTICO TENERIFE,True
69,GRUPO INTERBUS ALCOBENDAS,41,11.9182,46.1303,True,18,NÁUTICO TENERIFE,True
70,GRUPO INTERBUS ALCOBENDAS,11,10.155100000000004,54.5749,False,18,NÁUTICO TENERIFE,True
71,GRUPO INTERBUS ALCOBENDAS,11,36.3188,64.7841,False,18,NÁUTICO TENERIFE,True
72,GRUPO INTERBUS ALCOBENDAS,4,12.4824,5.92384,False,18,NÁUTICO TENERIFE,True
73,GRUPO INTERBUS ALCOBENDAS,41,10.860399999999998,46.6345,True,18,NÁUTICO TENERIFE,True
74,NÁUTICO TENERIFE,55,12.341300000000004,47.5167,True,18,GRUPO INTERBUS ALCOBENDAS,False
75,NÁUTICO TENERIFE,42,11.0014,47.3907,True,18,GRUPO INTERBUS ALCOBENDAS,False
76,NÁUTICO TENERIFE,55,12.4118,47.7688,False,18,GRUPO INTERBUS ALCOBENDAS,False
77,NÁUTICO TENERIFE,55,8.462599999999995,50.6677,False,18,GRUPO INTERBUS ALCOBENDAS,False
78,NÁUTICO TENERIFE,55,34.4852,78.3963,False,18,GRUPO INTERBUS ALCOBENDAS,False
79,NÁUTICO TENERIFE,20,16.5021,5.1676,False,18,GRUPO INTERBUS ALCOBENDAS,False
80,NÁUTICO TENERIFE,7,9.661500000000004,18.0236,False,18,GRUPO INTERBUS ALCOBENDAS,False
81,NÁUTICO TENERIFE,5,39.7743,57.8519,False,18,GRUPO INTERBUS ALCOBENDAS,False
82,NÁUTICO TENERIFE,5,17.418899999999994,51.1719,False,18,GRUPO INTERBUS ALCOBENDAS,False
83,NÁUTICO TENERIFE,7,25.3173,90.4961,True,18,GRUPO INTERBUS ALCOBENDAS,False
84,NÁUTICO TENERIFE,39,10.437200000000004,53.9447,True,18,GRUPO INTERBUS ALCOBENDAS,False
85,NÁUTICO TENERIFE,39,8.11,53.3145,True,18,GRUPO INTERBUS ALCOBENDAS,False
86,NÁUTICO TENERIFE,5,14.9506,52.8104,True,18,GRUPO INTERBUS ALCOBENDAS,False
87,NÁUTICO TENERIFE,7,33.6389,30.1233,False,18,GRUPO INTERBUS ALCOBENDAS,False
88,NÁUTICO TENERIFE,55,11.7772,53.1885,False,18,GRUPO INTERBUS ALCOBENDAS,False
89,NÁUTICO TENERIFE,42,11.706599999999995,49.2813,True,18,GRUPO INTERBUS ALCOBENDAS,False
90,NÁUTICO TENERIFE,18,32.7221,25.838,False,18,GRUPO INTERBUS ALCOBENDAS,False
91,NÁUTICO TENERIFE,18,12.976,47.1386,False,18,GRUPO INTERBUS ALCOBENDAS,False
92,NÁUTICO TENERIFE,5,11.565600000000003,48.9032,True,18,GRUPO INTERBUS ALCOBENDAS,False
93,NÁUTICO TENERIFE,5,16.6432,50.5417,False,18,GRUPO INTERBUS ALCOBENDAS,False
94,NÁUTICO TENERIFE,18,10.296199999999999,93.8991,False,18,GRUPO INTERBUS ALCOBENDAS,False
95,NÁUTICO TENERIFE,42,11.988699999999994,46.5084,True,18,GRUPO INTERBUS ALCOBENDAS,False
96,NÁUTICO TENERIFE,5,11.212999999999994,51.0458,False,18,GRUPO INTERBUS ALCOBENDAS,False
97,NÁUTICO TENERIFE,5,11.0014,71.5902,False,18,GRUPO INTERBUS ALCOBENDAS,False
98,NÁUTICO TENERIFE,5,10.7193,49.1552,True,18,GRUPO INTERBUS ALCOBENDAS,False
99,NÁUTICO TENERIFE,55,11.565600000000003,50.1636,True,18,GRUPO INTERBUS ALCOBENDAS,False
100,NÁUTICO TENERIFE,42,21.720699999999994,89.7398,False,18,GRUPO INTERBUS ALCOBENDAS,False
101,NÁUTICO TENERIFE,7,7.82793,44.9959,True,18,GRUPO INTERBUS ALCOBENDAS,False
102,NÁUTICO TENERIFE,39,10.225700000000003,56.2134,False,18,GRUPO INTERBUS ALCOBENDAS,False
103,NÁUTICO TENERIFE,5,15.444299999999998,49.5334,True,18,GRUPO INTERBUS ALCOBENDAS,False
104,NÁUTICO TENERIFE,42,10.719300000000004,51.676,True,18,GRUPO INTERBUS ALCOBENDAS,False
105,NÁUTICO TENERIFE,5,11.424499999999995,50.4156,False,18,GRUPO INTERBUS ALCOBENDAS,False
106,NÁUTICO TENERIFE,5,23.6953,48.7771,True,18,GRUPO INTERBUS ALCOBENDAS,False
107,NÁUTICO TENERIFE,12,10.930899999999994,48.7771,True,18,GRUPO INTERBUS ALCOBENDAS,False
108,NÁUTICO TENERIFE,42,9.80254,49.7854,False,18,GRUPO INTERBUS ALCOBENDAS,False
109,NÁUTICO TENERIFE,5,8.251099999999994,45.6261,True,18,GRUPO INTERBUS ALCOBENDAS,False
110,NÁUTICO TENERIFE,5,13.1876,47.8948,False,18,GRUPO INTERBUS ALCOBENDAS,False
111,NÁUTICO TENERIFE,20,9.661500000000004,58.7342,False,18,GRUPO INTERBUS ALCOBENDAS,False
112,NÁUTICO TENERIFE,42,9.52045,45.6261,True,18,GRUPO INTERBUS ALCOBENDAS,False
113,NÁUTICO TENERIFE,20,19.605099999999993,94.5293,True,18,GRUPO INTERBUS ALCOBENDAS,False
114,NÁUTICO TENERIFE,55,12.482399999999998,52.3062,False,18,GRUPO INTERBUS ALCOBENDAS,False
115,NÁUTICO TENERIFE,20,12.0592,49.5334,False,18,GRUPO INTERBUS ALCOBENDAS,False
116,NÁUTICO TENERIFE,5,12.2003,49.7854,False,18,GRUPO INTERBUS ALCOBENDAS,False
117,NÁUTICO TENERIFE,42,10.5078,47.2647,True,18,GRUPO INTERBUS ALCOBENDAS,False
118,NÁUTICO TENERIFE,55,10.7898,47.5167,False,18,GRUPO INTERBUS ALCOBENDAS,False
119,NÁUTICO TENERIFE,39,10.9309,51.8021,False,18,GRUPO INTERBUS ALCOBENDAS,False
120,NÁUTICO TENERIFE,39,35.754599999999996,73.4808,False,18,GRUPO INTERBUS ALCOBENDAS,False
121,NÁUTICO TENERIFE,39,12.2708,50.2896,False,18,GRUPO INTERBUS ALCOBENDAS,False
122,NÁUTICO TENERIFE,39,9.80254,45.6261,True,18,GRUPO INTERBUS ALCOBENDAS,False
123,NÁUTICO TENERIFE,39,11.0719,47.7688,True,18,GRUPO INTERBUS ALCOBENDAS,False
124,NÁUTICO TENERIFE,42,9.1678,48.399,False,18,GRUPO INTERBUS ALCOBENDAS,False
125,NÁUTICO TENERIFE,5,11.8477,54.5749,False,18,GRUPO INTERBUS ALCOBENDAS,False
126,NÁUTICO TENERIFE,5,12.623400000000004,53.6926,False,18,GRUPO INTERBUS ALCOBENDAS,False
127,NÁUTICO TENERIFE,5,9.097300000000004,43.1054,False,18,GRUPO INTERBUS ALCOBENDAS,False
128,NÁUTICO TENERIFE,18,8.74471,43.8616,False,18,GRUPO INTERBUS ALCOBENDAS,False
129,NÁUTICO TENERIFE,7,24.1185,84.0681,False,18,GRUPO INTERBUS ALCOBENDAS,False
130,NÁUTICO TENERIFE,55,6.84062,55.2051,False,18,GRUPO INTERBUS ALCOBENDAS,False
131,NÁUTICO TENERIFE,42,12.482399999999998,46.8865,True,18,GRUPO INTERBUS ALCOBENDAS,False
132,NÁUTICO TENERIFE,39,13.2581,46.7605,False,18,GRUPO INTERBUS ALCOBENDAS,False
133,NÁUTICO TENERIFE,5,9.732,40.9627,False,18,GRUPO INTERBUS ALCOBENDAS,False
134,NÁUTICO TENERIFE,20,27.292,90.7481,True,18,GRUPO INTERBUS ALCOBENDAS,False
135,NÁUTICO TENERIFE,42,9.59097,45.122,True,18,GRUPO INTERBUS ALCOBENDAS,False
136,NÁUTICO TENERIFE,42,11.918199999999999,44.7439,False,18,GRUPO INTERBUS ALCOBENDAS,False
137,NÁUTICO TENERIFE,7,25.740499999999997,88.3534,True,18,GRUPO INTERBUS ALCOBENDAS,False
138,NÁUTICO TENERIFE,8,11.354,77.0099,False,18,GRUPO INTERBUS ALCOBENDAS,False
139,NÁUTICO TENERIFE,42,12.2003,46.2563,False,18,GRUPO INTERBUS ALCOBENDAS,False
140,NÁUTICO TENERIFE,5,26.093100000000007,9.57897,False,18,GRUPO INTERBUS ALCOBENDAS,False
0,EL VENTERO CBV,41,12.6939,7.31027,False,18,CESUR DISTRITO OLIMPICO,True
1,EL VENTERO CBV,0,5.289100000000005,49.2813,True,18,CESUR DISTRITO OLIMPICO,True
2,EL VENTERO CBV,1,9.37941,54.0708,False,18,CESUR DISTRITO OLIMPICO,True
3,EL VENTERO CBV,0,5.07757,51.2979,True,18,CESUR DISTRITO OLIMPICO,True
4,EL VENTERO CBV,10,32.9337,24.4516,True,18,CESUR DISTRITO OLIMPICO,True
5,EL VENTERO CBV,18,3.878699999999995,52.4323,False,18,CESUR DISTRITO OLIMPICO,True
6,EL VENTERO CBV,3,6.2059,47.5167,False,18,CESUR DISTRITO OLIMPICO,True
7,EL VENTERO CBV,41,28.4908,87.4711,False,18,CESUR DISTRITO OLIMPICO,True
8,EL VENTERO CBV,10,32.158,19.1579,True,18,CESUR DISTRITO OLIMPICO,True
9,EL VENTERO CBV,10,4.866,49.4073,True,18,CESUR DISTRITO OLIMPICO,True
10,EL VENTERO CBV,22,35.049400000000006,75.6234,False,18,CESUR DISTRITO OLIMPICO,True
11,EL VENTERO CBV,10,33.35680000000001,51.4239,False,18,CESUR DISTRITO OLIMPICO,True
12,EL VENTERO CBV,18,5.21862,50.6677,True,18,CESUR DISTRITO OLIMPICO,True
13,EL VENTERO CBV,3,6.346999999999994,51.676,True,18,CESUR DISTRITO OLIMPICO,True
14,EL VENTERO CBV,1,5.99436,49.0292,True,18,CESUR DISTRITO OLIMPICO,True
15,EL VENTERO CBV,22,4.37236,50.5417,True,18,CESUR DISTRITO OLIMPICO,True
16,EL VENTERO CBV,22,5.1481,51.9281,True,18,CESUR DISTRITO OLIMPICO,True
17,EL VENTERO CBV,10,24.33,68.0611,False,18,CESUR DISTRITO OLIMPICO,True
18,EL VENTERO CBV,3,6.27645,49.7854,False,18,CESUR DISTRITO OLIMPICO,True
19,EL VENTERO CBV,3,6.69958,49.7854,False,18,CESUR DISTRITO OLIMPICO,True
20,EL VENTERO CBV,15,29.4076,18.9059,False,18,CESUR DISTRITO OLIMPICO,True
21,EL VENTERO CBV,1,15.8674,57.2217,False,18,CESUR DISTRITO OLIMPICO,True
22,EL VENTERO CBV,41,36.3893,54.4489,False,18,CESUR DISTRITO OLIMPICO,True
23,EL VENTERO CBV,10,5.85331,50.4156,True,18,CESUR DISTRITO OLIMPICO,True
24,EL VENTERO CBV,1,6.2059,51.1719,True,18,CESUR DISTRITO OLIMPICO,True
25,EL VENTERO CBV,15,6.629099999999994,50.0375,False,18,CESUR DISTRITO OLIMPICO,True
26,EL VENTERO CBV,0,4.5134,53.0624,True,18,CESUR DISTRITO OLIMPICO,True
27,EL VENTERO CBV,41,12.059200000000004,84.8243,False,18,CESUR DISTRITO OLIMPICO,True
28,EL VENTERO CBV,0,5.6417,47.5167,False,18,CESUR DISTRITO OLIMPICO,True
29,EL VENTERO CBV,0,5.99436,54.1968,True,18,CESUR DISTRITO OLIMPICO,True
30,EL VENTERO CBV,41,36.0367,45.3741,True,18,CESUR DISTRITO OLIMPICO,True
31,EL VENTERO CBV,41,34.3441,46.7605,True,18,CESUR DISTRITO OLIMPICO,True
32,EL VENTERO CBV,41,4.5134,52.1802,True,18,CESUR DISTRITO OLIMPICO,True
33,EL VENTERO CBV,10,6.840599999999995,94.6553,False,18,CESUR DISTRITO OLIMPICO,True
34,EL VENTERO CBV,10,6.346999999999994,51.676,False,18,CESUR DISTRITO OLIMPICO,True
35,EL VENTERO CBV,10,6.7701,48.7771,True,18,CESUR DISTRITO OLIMPICO,True
36,EL VENTERO CBV,0,4.37236,50.5417,False,18,CESUR DISTRITO OLIMPICO,True
37,EL VENTERO CBV,41,35.4725,44.7439,True,18,CESUR DISTRITO OLIMPICO,True
38,EL VENTERO CBV,22,12.4118,93.395,False,18,CESUR DISTRITO OLIMPICO,True
39,EL VENTERO CBV,0,29.6192,84.4462,False,18,CESUR DISTRITO OLIMPICO,True
40,EL VENTERO CBV,0,5.782799999999995,50.4156,True,18,CESUR DISTRITO OLIMPICO,True
41,EL VENTERO CBV,1,10.578299999999999,50.7937,False,18,CESUR DISTRITO OLIMPICO,True
42,EL VENTERO CBV,40,4.866,94.4033,False,18,CESUR DISTRITO OLIMPICO,True
43,EL VENTERO CBV,3,6.629099999999994,50.0375,False,18,CESUR DISTRITO OLIMPICO,True
44,EL VENTERO CBV,10,30.9591,20.0402,False,18,CESUR DISTRITO OLIMPICO,True
45,EL VENTERO CBV,21,29.8307,80.1609,False,18,CESUR DISTRITO OLIMPICO,True
46,EL VENTERO CBV,18,4.93653,54.3228,True,18,CESUR DISTRITO OLIMPICO,True
47,EL VENTERO CBV,18,5.00705,50.0375,True,18,CESUR DISTRITO OLIMPICO,True
48,EL VENTERO CBV,3,5.35966,51.0458,True,18,CESUR DISTRITO OLIMPICO,True
49,EL VENTERO CBV,3,5.712299999999999,51.0458,True,18,CESUR DISTRITO OLIMPICO,True
50,EL VENTERO CBV,18,3.878699999999995,52.4323,True,18,CESUR DISTRITO OLIMPICO,True
51,EL VENTERO CBV,41,30.465400000000002,14.9987,True,18,CESUR DISTRITO OLIMPICO,True
52,EL VENTERO CBV,0,7.757400000000004,95.9157,False,18,CESUR DISTRITO OLIMPICO,True
53,EL VENTERO CBV,10,8.03949,55.7093,False,18,CESUR DISTRITO OLIMPICO,True
54,EL VENTERO CBV,10,7.616399999999999,93.395,True,18,CESUR DISTRITO OLIMPICO,True
55,EL VENTERO CBV,21,26.7983,86.0847,False,18,CESUR DISTRITO OLIMPICO,True
56,EL VENTERO CBV,0,6.91114,50.1636,True,18,CESUR DISTRITO OLIMPICO,True
57,EL VENTERO CBV,0,30.6065,78.0182,False,18,CESUR DISTRITO OLIMPICO,True
58,EL VENTERO CBV,18,15.8674,57.2217,True,18,CESUR DISTRITO OLIMPICO,True
59,EL VENTERO CBV,10,7.47532,54.953,False,18,CESUR DISTRITO OLIMPICO,True
60,EL VENTERO CBV,1,5.9238,50.0375,True,18,CESUR DISTRITO OLIMPICO,True
61,EL VENTERO CBV,10,25.3879,87.8492,False,18,CESUR DISTRITO OLIMPICO,True
62,EL VENTERO CBV,0,29.830699999999993,79.6567,False,18,CESUR DISTRITO OLIMPICO,True
63,CESUR DISTRITO OLIMPICO,25,5.64175,48.9032,True,18,EL VENTERO CBV,False
64,CESUR DISTRITO OLIMPICO,16,16.1495,47.7688,False,18,EL VENTERO CBV,False
65,CESUR DISTRITO OLIMPICO,5,8.674199999999999,7.05819,False,18,EL VENTERO CBV,False
66,CESUR DISTRITO OLIMPICO,10,29.4076,18.2757,False,18,EL VENTERO CBV,False
67,CESUR DISTRITO OLIMPICO,10,31.452699999999993,80.539,False,18,EL VENTERO CBV,False
68,CESUR DISTRITO OLIMPICO,25,8.60367,56.8436,False,18,EL VENTERO CBV,False
69,CESUR DISTRITO OLIMPICO,5,5.994399999999999,47.8948,True,18,EL VENTERO CBV,False
70,CESUR DISTRITO OLIMPICO,25,5.64175,51.2979,True,18,EL VENTERO CBV,False
71,CESUR DISTRITO OLIMPICO,33,5.007099999999994,52.1802,True,18,EL VENTERO CBV,False
72,CESUR DISTRITO OLIMPICO,16,16.290599999999998,94.2772,False,18,EL VENTERO CBV,False
73,CESUR DISTRITO OLIMPICO,25,7.54584,51.9281,False,18,EL VENTERO CBV,False
74,CESUR DISTRITO OLIMPICO,14,7.757400000000004,52.9364,True,18,EL VENTERO CBV,False
75,CESUR DISTRITO OLIMPICO,41,31.9464,80.2869,False,18,EL VENTERO CBV,False
76,CESUR DISTRITO OLIMPICO,41,35.543000000000006,60.8769,False,18,EL VENTERO CBV,False
77,CESUR DISTRITO OLIMPICO,41,34.4147,40.4585,False,18,EL VENTERO CBV,False
78,CESUR DISTRITO OLIMPICO,13,34.2736,71.7162,True,18,EL VENTERO CBV,False
79,CESUR DISTRITO OLIMPICO,16,6.699600000000004,49.0292,True,18,EL VENTERO CBV,False
80,CESUR DISTRITO OLIMPICO,33,4.93653,48.9032,True,18,EL VENTERO CBV,False
81,CESUR DISTRITO OLIMPICO,5,31.5233,18.7798,True,18,EL VENTERO CBV,False
82,CESUR DISTRITO OLIMPICO,15,5.6417,51.55,True,18,EL VENTERO CBV,False
83,CESUR DISTRITO OLIMPICO,10,7.052199999999999,48.1469,False,18,EL VENTERO CBV,False
84,CESUR DISTRITO OLIMPICO,13,8.74471,93.0168,False,18,EL VENTERO CBV,False
85,CESUR DISTRITO OLIMPICO,33,5.78279,52.1802,False,18,EL VENTERO CBV,False
86,CESUR DISTRITO OLIMPICO,14,29.9718,79.4046,False,18,EL VENTERO CBV,False
87,CESUR DISTRITO OLIMPICO,14,5.359700000000004,49.1552,True,18,EL VENTERO CBV,False
88,CESUR DISTRITO OLIMPICO,15,6.840599999999995,54.3228,False,18,EL VENTERO CBV,False
89,CESUR DISTRITO OLIMPICO,15,4.5134,53.6926,True,18,EL VENTERO CBV,False
90,CESUR DISTRITO OLIMPICO,14,6.48801,53.0624,False,18,EL VENTERO CBV,False
91,CESUR DISTRITO OLIMPICO,16,8.03949,15.5028,True,18,EL VENTERO CBV,False
92,CESUR DISTRITO OLIMPICO,41,32.8632,27.6026,False,18,EL VENTERO CBV,False
93,CESUR DISTRITO OLIMPICO,41,32.158,18.5277,False,18,EL VENTERO CBV,False
94,CESUR DISTRITO OLIMPICO,16,4.93653,51.9281,True,18,EL VENTERO CBV,False
95,CESUR DISTRITO OLIMPICO,16,12.129800000000003,51.1719,False,18,EL VENTERO CBV,False
96,CESUR DISTRITO OLIMPICO,5,5.28914,49.9115,False,18,EL VENTERO CBV,False
97,CESUR DISTRITO OLIMPICO,18,8.03949,15.5028,False,18,EL VENTERO CBV,False
98,CESUR DISTRITO OLIMPICO,33,10.930899999999994,52.5583,False,18,EL VENTERO CBV,False
99,CESUR DISTRITO OLIMPICO,13,5.430199999999999,49.7854,True,18,EL VENTERO CBV,False
100,CESUR DISTRITO OLIMPICO,13,5.077600000000004,6.68007,False,18,EL VENTERO CBV,False
101,CESUR DISTRITO OLIMPICO,5,26.375200000000007,84.4462,False,18,EL VENTERO CBV,False
102,CESUR DISTRITO OLIMPICO,14,10.7898,50.0375,False,18,EL VENTERO CBV,False
103,CESUR DISTRITO OLIMPICO,16,31.0296,22.435,False,18,EL VENTERO CBV,False
104,CESUR DISTRITO OLIMPICO,25,6.417500000000004,49.7854,True,18,EL VENTERO CBV,False
105,CESUR DISTRITO OLIMPICO,41,9.026799999999994,51.676,False,18,EL VENTERO CBV,False
106,CESUR DISTRITO OLIMPICO,5,30.1834,79.7827,False,18,EL VENTERO CBV,False
107,CESUR DISTRITO OLIMPICO,5,5.21862,49.0292,False,18,EL VENTERO CBV,False
108,CESUR DISTRITO OLIMPICO,33,7.96897,53.1885,False,18,EL VENTERO CBV,False
109,CESUR DISTRITO OLIMPICO,25,9.4499,49.7854,True,18,EL VENTERO CBV,False
110,CESUR DISTRITO OLIMPICO,10,33.427400000000006,21.9308,False,18,EL VENTERO CBV,False
111,CESUR DISTRITO OLIMPICO,5,4.795500000000004,48.0209,True,18,EL VENTERO CBV,False
112,CESUR DISTRITO OLIMPICO,25,7.616399999999999,53.5666,False,18,EL VENTERO CBV,False
113,CESUR DISTRITO OLIMPICO,33,6.34697,51.55,False,18,EL VENTERO CBV,False
114,CESUR DISTRITO OLIMPICO,33,36.8829,52.3062,True,18,EL VENTERO CBV,False
115,CESUR DISTRITO OLIMPICO,25,5.6417,50.0375,False,18,EL VENTERO CBV,False
116,CESUR DISTRITO OLIMPICO,5,8.885800000000003,53.6926,False,18,EL VENTERO CBV,False
117,CESUR DISTRITO OLIMPICO,10,29.9013,77.8921,False,18,EL VENTERO CBV,False
118,CESUR DISTRITO OLIMPICO,41,34.203100000000006,71.4642,False,18,EL VENTERO CBV,False
119,CESUR DISTRITO OLIMPICO,10,25.5994,68.5653,False,18,EL VENTERO CBV,False
120,CESUR DISTRITO OLIMPICO,25,4.72496,51.4239,True,18,EL VENTERO CBV,False
121,CESUR DISTRITO OLIMPICO,15,6.840599999999995,51.2979,True,18,EL VENTERO CBV,False
122,CESUR DISTRITO OLIMPICO,10,6.1354,52.0541,False,18,EL VENTERO CBV,False
123,CESUR DISTRITO OLIMPICO,5,33.8505,31.2577,False,18,EL VENTERO CBV,False
124,CESUR DISTRITO OLIMPICO,25,14.456999999999994,49.2813,False,18,EL VENTERO CBV,False
0,INMOBILIARIA GÁLVEZ SANTA CRUZ,8,9.73202,52.6843,False,18,BALONCESTO ALCALA,True
1,INMOBILIARIA GÁLVEZ SANTA CRUZ,15,4.513400000000004,52.3062,False,18,BALONCESTO ALCALA,True
2,INMOBILIARIA GÁLVEZ SANTA CRUZ,8,31.7348,57.8519,False,18,BALONCESTO ALCALA,True
3,INMOBILIARIA GÁLVEZ SANTA CRUZ,44,11.2835,93.647,False,18,BALONCESTO ALCALA,True
4,INMOBILIARIA GÁLVEZ SANTA CRUZ,6,7.052199999999999,58.8602,True,18,BALONCESTO ALCALA,True
5,INMOBILIARIA GÁLVEZ SANTA CRUZ,21,9.87306,50.9198,True,18,BALONCESTO ALCALA,True
6,INMOBILIARIA GÁLVEZ SANTA CRUZ,15,30.536,81.1692,False,18,BALONCESTO ALCALA,True
7,INMOBILIARIA GÁLVEZ SANTA CRUZ,14,18.899900000000002,90.8742,False,18,BALONCESTO ALCALA,True
8,INMOBILIARIA GÁLVEZ SANTA CRUZ,24,7.19323,46.3824,False,18,BALONCESTO ALCALA,True
9,INMOBILIARIA GÁLVEZ SANTA CRUZ,8,9.097300000000004,51.676,False,18,BALONCESTO ALCALA,True
10,INMOBILIARIA GÁLVEZ SANTA CRUZ,6,9.73202,42.2231,False,18,BALONCESTO ALCALA,True
11,INMOBILIARIA GÁLVEZ SANTA CRUZ,6,8.180499999999995,46.2563,False,18,BALONCESTO ALCALA,True
12,INMOBILIARIA GÁLVEZ SANTA CRUZ,15,33.5684,64.406,True,18,BALONCESTO ALCALA,True
13,INMOBILIARIA GÁLVEZ SANTA CRUZ,15,9.590999999999994,49.6594,True,18,BALONCESTO ALCALA,True
14,INMOBILIARIA GÁLVEZ SANTA CRUZ,44,7.8279,20.6704,False,18,BALONCESTO ALCALA,True
15,INMOBILIARIA GÁLVEZ SANTA CRUZ,7,8.88575,3.65513,False,18,BALONCESTO ALCALA,True
16,INMOBILIARIA GÁLVEZ SANTA CRUZ,6,32.863200000000006,67.4309,False,18,BALONCESTO ALCALA,True
17,INMOBILIARIA GÁLVEZ SANTA CRUZ,15,32.3695,70.5819,False,18,BALONCESTO ALCALA,True
18,INMOBILIARIA GÁLVEZ SANTA CRUZ,15,12.341300000000004,45.8782,True,18,BALONCESTO ALCALA,True
19,INMOBILIARIA GÁLVEZ SANTA CRUZ,15,9.30889,47.1386,True,18,BALONCESTO ALCALA,True
20,INMOBILIARIA GÁLVEZ SANTA CRUZ,44,29.9718,22.561,True,18,BALONCESTO ALCALA,True
21,INMOBILIARIA GÁLVEZ SANTA CRUZ,44,31.734800000000007,72.0944,False,18,BALONCESTO ALCALA,True
22,INMOBILIARIA GÁLVEZ SANTA CRUZ,6,10.0141,46.6345,False,18,BALONCESTO ALCALA,True
23,INMOBILIARIA GÁLVEZ SANTA CRUZ,21,12.1298,49.5334,True,18,BALONCESTO ALCALA,True
24,INMOBILIARIA GÁLVEZ SANTA CRUZ,8,14.7391,42.9793,True,18,BALONCESTO ALCALA,True
25,INMOBILIARIA GÁLVEZ SANTA CRUZ,16,8.885800000000003,49.2813,True,18,BALONCESTO ALCALA,True
26,INMOBILIARIA GÁLVEZ SANTA CRUZ,44,25.387900000000002,83.0598,False,18,BALONCESTO ALCALA,True
27,INMOBILIARIA GÁLVEZ SANTA CRUZ,6,6.62906,51.4239,False,18,BALONCESTO ALCALA,True
28,INMOBILIARIA GÁLVEZ SANTA CRUZ,44,8.53315,44.3658,True,18,BALONCESTO ALCALA,True
29,INMOBILIARIA GÁLVEZ SANTA CRUZ,21,14.8801,50.1636,False,18,BALONCESTO ALCALA,True
30,INMOBILIARIA GÁLVEZ SANTA CRUZ,14,31.100099999999998,73.9849,False,18,BALONCESTO ALCALA,True
31,INMOBILIARIA GÁLVEZ SANTA CRUZ,8,12.552899999999994,49.2813,False,18,BALONCESTO ALCALA,True
32,INMOBILIARIA GÁLVEZ SANTA CRUZ,15,12.341300000000004,51.55,True,18,BALONCESTO ALCALA,True
33,INMOBILIARIA GÁLVEZ SANTA CRUZ,6,10.5783,42.9793,False,18,BALONCESTO ALCALA,True
34,INMOBILIARIA GÁLVEZ SANTA CRUZ,6,14.3865,50.1636,True,18,BALONCESTO ALCALA,True
35,INMOBILIARIA GÁLVEZ SANTA CRUZ,21,7.5458,46.2563,True,18,BALONCESTO ALCALA,True
36,INMOBILIARIA GÁLVEZ SANTA CRUZ,6,11.0719,47.2647,False,18,BALONCESTO ALCALA,True
37,INMOBILIARIA GÁLVEZ SANTA CRUZ,15,28.420299999999997,27.8546,False,18,BALONCESTO ALCALA,True
38,INMOBILIARIA GÁLVEZ SANTA CRUZ,15,33.3568,17.5194,True,18,BALONCESTO ALCALA,True
39,INMOBILIARIA GÁLVEZ SANTA CRUZ,7,28.8434,19.0319,False,18,BALONCESTO ALCALA,True
40,INMOBILIARIA GÁLVEZ SANTA CRUZ,6,33.8505,27.8546,False,18,BALONCESTO ALCALA,True
41,INMOBILIARIA GÁLVEZ SANTA CRUZ,44,31.3117,74.8672,False,18,BALONCESTO ALCALA,True
42,INMOBILIARIA GÁLVEZ SANTA CRUZ,21,8.11,48.273,True,18,BALONCESTO ALCALA,True
43,INMOBILIARIA GÁLVEZ SANTA CRUZ,44,7.1932000000000045,4.78948,False,18,BALONCESTO ALCALA,True
44,INMOBILIARIA GÁLVEZ SANTA CRUZ,15,8.180499999999995,43.7356,True,18,BALONCESTO ALCALA,True
45,INMOBILIARIA GÁLVEZ SANTA CRUZ,24,11.5656,49.9115,True,18,BALONCESTO ALCALA,True
46,INMOBILIARIA GÁLVEZ SANTA CRUZ,21,7.5458,48.525,True,18,BALONCESTO ALCALA,True
47,INMOBILIARIA GÁLVEZ SANTA CRUZ,8,32.5811,74.237,False,18,BALONCESTO ALCALA,True
48,INMOBILIARIA GÁLVEZ SANTA CRUZ,6,29.2666,14.9987,True,18,BALONCESTO ALCALA,True
49,INMOBILIARIA GÁLVEZ SANTA CRUZ,15,30.677000000000007,70.834,True,18,BALONCESTO ALCALA,True
50,INMOBILIARIA GÁLVEZ SANTA CRUZ,24,8.53315,41.0887,True,18,BALONCESTO ALCALA,True
51,INMOBILIARIA GÁLVEZ SANTA CRUZ,16,9.80254,47.1386,True,18,BALONCESTO ALCALA,True
52,INMOBILIARIA GÁLVEZ SANTA CRUZ,16,34.0621,31.0056,True,18,BALONCESTO ALCALA,True
53,INMOBILIARIA GÁLVEZ SANTA CRUZ,15,36.6714,56.9697,False,18,BALONCESTO ALCALA,True
54,INMOBILIARIA GÁLVEZ SANTA CRUZ,21,15.2327,50.4156,False,18,BALONCESTO ALCALA,True
55,INMOBILIARIA GÁLVEZ SANTA CRUZ,8,14.457,51.55,False,18,BALONCESTO ALCALA,True
56,INMOBILIARIA GÁLVEZ SANTA CRUZ,8,9.308899999999994,43.1054,True,18,BALONCESTO ALCALA,True
57,INMOBILIARIA GÁLVEZ SANTA CRUZ,8,19.8166,38.9461,True,18,BALONCESTO ALCALA,True
58,INMOBILIARIA GÁLVEZ SANTA CRUZ,14,8.956299999999999,46.3824,False,18,BALONCESTO ALCALA,True
59,INMOBILIARIA GÁLVEZ SANTA CRUZ,15,34.6262,43.9876,False,18,BALONCESTO ALCALA,True
60,INMOBILIARIA GÁLVEZ SANTA CRUZ,13,30.3949,21.5527,False,18,BALONCESTO ALCALA,True
61,INMOBILIARIA GÁLVEZ SANTA CRUZ,6,8.60367,51.55,False,18,BALONCESTO ALCALA,True
62,INMOBILIARIA GÁLVEZ SANTA CRUZ,8,7.898399999999995,47.1386,True,18,BALONCESTO ALCALA,True
63,INMOBILIARIA GÁLVEZ SANTA CRUZ,8,8.744699999999995,47.0126,True,18,BALONCESTO ALCALA,True
64,INMOBILIARIA GÁLVEZ SANTA CRUZ,8,9.16784,43.8616,False,18,BALONCESTO ALCALA,True
65,BALONCESTO ALCALA,29,23.906899999999993,12.4779,True,18,INMOBILIARIA GÁLVEZ SANTA CRUZ,False
66,BALONCESTO ALCALA,12,8.462599999999995,57.0957,True,18,INMOBILIARIA GÁLVEZ SANTA CRUZ,False
67,BALONCESTO ALCALA,14,7.475300000000004,57.2217,False,18,INMOBILIARIA GÁLVEZ SANTA CRUZ,False
68,BALONCESTO ALCALA,8,12.7645,21.6787,True,18,INMOBILIARIA GÁLVEZ SANTA CRUZ,False
69,BALONCESTO ALCALA,8,11.001400000000004,42.8533,True,18,INMOBILIARIA GÁLVEZ SANTA CRUZ,False
70,BALONCESTO ALCALA,10,7.5458,50.1636,False,18,INMOBILIARIA GÁLVEZ SANTA CRUZ,False
71,BALONCESTO ALCALA,12,27.150899999999993,78.5223,True,18,INMOBILIARIA GÁLVEZ SANTA CRUZ,False
72,BALONCESTO ALCALA,3,6.417500000000004,59.3644,False,18,INMOBILIARIA GÁLVEZ SANTA CRUZ,False
73,BALONCESTO ALCALA,8,9.379400000000004,52.0541,False,18,INMOBILIARIA GÁLVEZ SANTA CRUZ,False
74,BALONCESTO ALCALA,12,7.686899999999994,94.7814,False,18,INMOBILIARIA GÁLVEZ SANTA CRUZ,False
75,BALONCESTO ALCALA,10,7.47532,96.1678,False,18,INMOBILIARIA GÁLVEZ SANTA CRUZ,False
76,BALONCESTO ALCALA,10,10.2257,43.3574,False,18,INMOBILIARIA GÁLVEZ SANTA CRUZ,False
77,BALONCESTO ALCALA,14,10.1551,47.2647,False,18,INMOBILIARIA GÁLVEZ SANTA CRUZ,False
78,BALONCESTO ALCALA,29,14.1749,48.273,True,18,INMOBILIARIA GÁLVEZ SANTA CRUZ,False
79,BALONCESTO ALCALA,4,10.2962,49.7854,True,18,INMOBILIARIA GÁLVEZ SANTA CRUZ,False
80,BALONCESTO ALCALA,14,10.2962,42.4752,False,18,INMOBILIARIA GÁLVEZ SANTA CRUZ,False
81,BALONCESTO ALCALA,8,20.733400000000003,43.7356,False,18,INMOBILIARIA GÁLVEZ SANTA CRUZ,False
82,BALONCESTO ALCALA,12,11.0014,6.93215,False,18,INMOBILIARIA GÁLVEZ SANTA CRUZ,False
83,BALONCESTO ALCALA,4,35.0494,22.1829,False,18,INMOBILIARIA GÁLVEZ SANTA CRUZ,False
84,BALONCESTO ALCALA,29,10.2257,56.7176,False,18,INMOBILIARIA GÁLVEZ SANTA CRUZ,False
85,BALONCESTO ALCALA,10,13.681200000000004,44.3658,False,18,INMOBILIARIA GÁLVEZ SANTA CRUZ,False
86,BALONCESTO ALCALA,29,7.2637,51.9281,True,18,INMOBILIARIA GÁLVEZ SANTA CRUZ,False
87,BALONCESTO ALCALA,91,15.3032,44.1137,False,18,INMOBILIARIA GÁLVEZ SANTA CRUZ,False
88,BALONCESTO ALCALA,4,29.7602,21.0485,False,18,INMOBILIARIA GÁLVEZ SANTA CRUZ,False
89,BALONCESTO ALCALA,3,13.8928,42.7272,False,18,INMOBILIARIA GÁLVEZ SANTA CRUZ,False
90,BALONCESTO ALCALA,5,11.706599999999995,46.1303,False,18,INMOBILIARIA GÁLVEZ SANTA CRUZ,False
91,BALONCESTO ALCALA,4,32.581100000000006,71.8423,False,18,INMOBILIARIA GÁLVEZ SANTA CRUZ,False
92,BALONCESTO ALCALA,12,9.1678,54.827,True,18,INMOBILIARIA GÁLVEZ SANTA CRUZ,False
93,BALONCESTO ALCALA,5,6.135400000000004,51.2979,True,18,INMOBILIARIA GÁLVEZ SANTA CRUZ,False
94,BALONCESTO ALCALA,12,8.3921,58.7342,False,18,INMOBILIARIA GÁLVEZ SANTA CRUZ,False
95,BALONCESTO ALCALA,12,9.87306,94.2772,True,18,INMOBILIARIA GÁLVEZ SANTA CRUZ,False
96,BALONCESTO ALCALA,12,10.1551,41.3408,True,18,INMOBILIARIA GÁLVEZ SANTA CRUZ,False
97,BALONCESTO ALCALA,12,10.860399999999998,46.7605,True,18,INMOBILIARIA GÁLVEZ SANTA CRUZ,False
98,BALONCESTO ALCALA,29,33.145300000000006,69.0694,False,18,INMOBILIARIA GÁLVEZ SANTA CRUZ,False
99,BALONCESTO ALCALA,12,6.699600000000004,54.1968,True,18,INMOBILIARIA GÁLVEZ SANTA CRUZ,False
100,BALONCESTO ALCALA,12,11.0014,36.6774,False,18,INMOBILIARIA GÁLVEZ SANTA CRUZ,False
101,BALONCESTO ALCALA,12,10.084599999999995,49.0292,False,18,INMOBILIARIA GÁLVEZ SANTA CRUZ,False
102,BALONCESTO ALCALA,29,8.3921,52.6843,True,18,INMOBILIARIA GÁLVEZ SANTA CRUZ,False
103,BALONCESTO ALCALA,12,9.6615,44.7439,True,18,INMOBILIARIA GÁLVEZ SANTA CRUZ,False
104,BALONCESTO ALCALA,91,9.37941,42.4752,False,18,INMOBILIARIA GÁLVEZ SANTA CRUZ,False
105,BALONCESTO ALCALA,8,14.3865,42.8533,True,18,INMOBILIARIA GÁLVEZ SANTA CRUZ,False
106,BALONCESTO ALCALA,3,26.375200000000007,85.2024,False,18,INMOBILIARIA GÁLVEZ SANTA CRUZ,False
107,BALONCESTO ALCALA,4,31.241200000000006,20.4183,False,18,INMOBILIARIA GÁLVEZ SANTA CRUZ,False
108,BALONCESTO ALCALA,91,13.8928,44.7439,True,18,INMOBILIARIA GÁLVEZ SANTA CRUZ,False
109,BALONCESTO ALCALA,91,32.9337,68.8173,False,18,INMOBILIARIA GÁLVEZ SANTA CRUZ,False
110,BALONCESTO ALCALA,12,10.7193,45.3741,True,18,INMOBILIARIA GÁLVEZ SANTA CRUZ,False
111,BALONCESTO ALCALA,29,11.283500000000004,49.2813,False,18,INMOBILIARIA GÁLVEZ SANTA CRUZ,False
112,BALONCESTO ALCALA,91,8.885800000000003,58.7342,False,18,INMOBILIARIA GÁLVEZ SANTA CRUZ,False
113,BALONCESTO ALCALA,29,8.251099999999994,48.9032,False,18,INMOBILIARIA GÁLVEZ SANTA CRUZ,False
114,BALONCESTO ALCALA,8,10.860399999999998,36.9294,False,18,INMOBILIARIA GÁLVEZ SANTA CRUZ,False
115,BALONCESTO ALCALA,4,32.7927,14.9987,True,18,INMOBILIARIA GÁLVEZ SANTA CRUZ,False
116,BALONCESTO ALCALA,5,11.0719,49.0292,False,18,INMOBILIARIA GÁLVEZ SANTA CRUZ,False
117,BALONCESTO ALCALA,5,8.321600000000004,49.6594,True,18,INMOBILIARIA GÁLVEZ SANTA CRUZ,False
118,BALONCESTO ALCALA,91,10.6488,47.2647,True,18,INMOBILIARIA GÁLVEZ SANTA CRUZ,False
119,BALONCESTO ALCALA,4,10.7193,6.17591,False,18,INMOBILIARIA GÁLVEZ SANTA CRUZ,False
120,BALONCESTO ALCALA,4,11.565600000000003,53.9447,False,18,INMOBILIARIA GÁLVEZ SANTA CRUZ,False
121,BALONCESTO ALCALA,12,30.8181,76.8838,False,18,INMOBILIARIA GÁLVEZ SANTA CRUZ,False
122,BALONCESTO ALCALA,3,10.8604,43.3574,True,18,INMOBILIARIA GÁLVEZ SANTA CRUZ,False
123,BALONCESTO ALCALA,29,6.981700000000004,49.0292,False,18,INMOBILIARIA GÁLVEZ SANTA CRUZ,False
124,BALONCESTO ALCALA,10,12.976,5.04156,False,18,INMOBILIARIA GÁLVEZ SANTA CRUZ,False
125,BALONCESTO ALCALA,12,9.732,42.4752,False,18,INMOBILIARIA GÁLVEZ SANTA CRUZ,False
126,BALONCESTO ALCALA,10,18.194599999999994,7.81442,False,18,INMOBILIARIA GÁLVEZ SANTA CRUZ,False
127,BALONCESTO ALCALA,8,6.2059,57.0957,False,18,INMOBILIARIA GÁLVEZ SANTA CRUZ,False
128,BALONCESTO ALCALA,29,12.9055,47.5167,True,18,INMOBILIARIA GÁLVEZ SANTA CRUZ,False
129,BALONCESTO ALCALA,3,9.52045,36.4253,False,18,INMOBILIARIA GÁLVEZ SANTA CRUZ,False
130,BALONCESTO ALCALA,4,30.8181,67.3049,False,18,INMOBILIARIA GÁLVEZ SANTA CRUZ,False
131,BALONCESTO ALCALA,12,31.3822,25.5859,False,18,INMOBILIARIA GÁLVEZ SANTA CRUZ,False
132,BALONCESTO ALCALA,91,9.661500000000004,51.8021,False,18,INMOBILIARIA GÁLVEZ SANTA CRUZ,False
133,BALONCESTO ALCALA,29,29.1961,20.1663,False,18,INMOBILIARIA GÁLVEZ SANTA CRUZ,False
0,SUMIALKI CB CIUDAD DE MOSTOLES,25,15.796899999999994,34.0306,True,18,MOVISTAR ESTUDIANTES,True
1,SUMIALKI CB CIUDAD DE MOSTOLES,25,20.0282,44.8699,False,18,MOVISTAR ESTUDIANTES,True
2,SUMIALKI CB CIUDAD DE MOSTOLES,39,8.3921,59.4904,False,18,MOVISTAR ESTUDIANTES,True
3,SUMIALKI CB CIUDAD DE MOSTOLES,13,29.1255,16.3851,False,18,MOVISTAR ESTUDIANTES,True
4,SUMIALKI CB CIUDAD DE MOSTOLES,15,5.6417,2.8989,False,18,MOVISTAR ESTUDIANTES,True
5,SUMIALKI CB CIUDAD DE MOSTOLES,15,9.73202,56.0874,False,18,MOVISTAR ESTUDIANTES,True
6,SUMIALKI CB CIUDAD DE MOSTOLES,88,25.3173,48.0209,False,18,MOVISTAR ESTUDIANTES,True
7,SUMIALKI CB CIUDAD DE MOSTOLES,4,12.6939,51.1719,True,18,MOVISTAR ESTUDIANTES,True
8,SUMIALKI CB CIUDAD DE MOSTOLES,4,22.002799999999993,90.8742,False,18,MOVISTAR ESTUDIANTES,True
9,SUMIALKI CB CIUDAD DE MOSTOLES,22,30.536,78.1442,False,18,MOVISTAR ESTUDIANTES,True
10,SUMIALKI CB CIUDAD DE MOSTOLES,39,17.7715,41.971,False,18,MOVISTAR ESTUDIANTES,True
11,SUMIALKI CB CIUDAD DE MOSTOLES,15,11.0719,65.0362,False,18,MOVISTAR ESTUDIANTES,True
12,SUMIALKI CB CIUDAD DE MOSTOLES,22,15.3032,80.539,False,18,MOVISTAR ESTUDIANTES,True
13,SUMIALKI CB CIUDAD DE MOSTOLES,29,29.478099999999998,21.5527,False,18,MOVISTAR ESTUDIANTES,True
14,SUMIALKI CB CIUDAD DE MOSTOLES,29,35.7546,49.2813,True,18,MOVISTAR ESTUDIANTES,True
15,SUMIALKI CB CIUDAD DE MOSTOLES,6,29.1961,83.816,True,18,MOVISTAR ESTUDIANTES,True
16,SUMIALKI CB CIUDAD DE MOSTOLES,29,34.3441,51.55,True,18,MOVISTAR ESTUDIANTES,True
17,SUMIALKI CB CIUDAD DE MOSTOLES,39,31.1707,78.3963,False,18,MOVISTAR ESTUDIANTES,True
18,SUMIALKI CB CIUDAD DE MOSTOLES,39,24.541600000000003,88.4794,False,18,MOVISTAR ESTUDIANTES,True
19,SUMIALKI CB CIUDAD DE MOSTOLES,4,10.7898,55.4572,True,18,MOVISTAR ESTUDIANTES,True
20,SUMIALKI CB CIUDAD DE MOSTOLES,29,25.5289,12.0998,False,18,MOVISTAR ESTUDIANTES,True
21,SUMIALKI CB CIUDAD DE MOSTOLES,8,26.7983,9.57897,False,18,MOVISTAR ESTUDIANTES,True
22,SUMIALKI CB CIUDAD DE MOSTOLES,29,29.901300000000006,78.7744,False,18,MOVISTAR ESTUDIANTES,True
23,SUMIALKI CB CIUDAD DE MOSTOLES,22,15.4443,68.1871,False,18,MOVISTAR ESTUDIANTES,True
24,SUMIALKI CB CIUDAD DE MOSTOLES,88,33.4979,77.262,False,18,MOVISTAR ESTUDIANTES,True
25,SUMIALKI CB CIUDAD DE MOSTOLES,25,19.111400000000003,50.9198,False,18,MOVISTAR ESTUDIANTES,True
26,SUMIALKI CB CIUDAD DE MOSTOLES,29,14.597999999999999,51.55,False,18,MOVISTAR ESTUDIANTES,True
27,SUMIALKI CB CIUDAD DE MOSTOLES,4,10.0141,50.2896,True,18,MOVISTAR ESTUDIANTES,True
28,SUMIALKI CB CIUDAD DE MOSTOLES,29,28.843400000000003,80.1609,True,18,MOVISTAR ESTUDIANTES,True
29,SUMIALKI CB CIUDAD DE MOSTOLES,29,22.566999999999993,46.3824,False,18,MOVISTAR ESTUDIANTES,True
30,SUMIALKI CB CIUDAD DE MOSTOLES,25,30.606499999999997,22.9391,False,18,MOVISTAR ESTUDIANTES,True
31,SUMIALKI CB CIUDAD DE MOSTOLES,8,9.873099999999994,45.248,False,18,MOVISTAR ESTUDIANTES,True
32,SUMIALKI CB CIUDAD DE MOSTOLES,88,12.835,79.2786,False,18,MOVISTAR ESTUDIANTES,True
33,SUMIALKI CB CIUDAD DE MOSTOLES,88,19.1114,45.6261,True,18,MOVISTAR ESTUDIANTES,True
34,SUMIALKI CB CIUDAD DE MOSTOLES,11,10.155100000000004,39.0721,False,18,MOVISTAR ESTUDIANTES,True
35,SUMIALKI CB CIUDAD DE MOSTOLES,4,28.8434,20.2923,False,18,MOVISTAR ESTUDIANTES,True
36,SUMIALKI CB CIUDAD DE MOSTOLES,22,35.7546,45.8782,False,18,MOVISTAR ESTUDIANTES,True
37,SUMIALKI CB CIUDAD DE MOSTOLES,4,17.4189,53.6926,True,18,MOVISTAR ESTUDIANTES,True
38,SUMIALKI CB CIUDAD DE MOSTOLES,29,28.984499999999997,20.0402,False,18,MOVISTAR ESTUDIANTES,True
39,SUMIALKI CB CIUDAD DE MOSTOLES,13,39.4217,78.9005,False,18,MOVISTAR ESTUDIANTES,True
40,SUMIALKI CB CIUDAD DE MOSTOLES,4,25.387900000000002,11.3435,True,18,MOVISTAR ESTUDIANTES,True
41,SUMIALKI CB CIUDAD DE MOSTOLES,4,11.142499999999998,42.4752,True,18,MOVISTAR ESTUDIANTES,True
42,SUMIALKI CB CIUDAD DE MOSTOLES,29,16.713700000000003,51.8021,True,18,MOVISTAR ESTUDIANTES,True
43,SUMIALKI CB CIUDAD DE MOSTOLES,4,33.63890000000001,67.0528,False,18,MOVISTAR ESTUDIANTES,True
44,SUMIALKI CB CIUDAD DE MOSTOLES,88,28.914,85.9586,False,18,MOVISTAR ESTUDIANTES,True
45,SUMIALKI CB CIUDAD DE MOSTOLES,22,29.2666,79.6567,False,18,MOVISTAR ESTUDIANTES,True
46,SUMIALKI CB CIUDAD DE MOSTOLES,29,34.0621,23.8214,False,18,MOVISTAR ESTUDIANTES,True
47,SUMIALKI CB CIUDAD DE MOSTOLES,29,19.252499999999998,78.1442,True,18,MOVISTAR ESTUDIANTES,True
48,SUMIALKI CB CIUDAD DE MOSTOLES,29,16.22,61.0029,False,18,MOVISTAR ESTUDIANTES,True
49,SUMIALKI CB CIUDAD DE MOSTOLES,15,11.495099999999994,53.5666,False,18,MOVISTAR ESTUDIANTES,True
50,SUMIALKI CB CIUDAD DE MOSTOLES,8,19.1819,48.399,False,18,MOVISTAR ESTUDIANTES,True
51,SUMIALKI CB CIUDAD DE MOSTOLES,29,19.1819,56.9697,False,18,MOVISTAR ESTUDIANTES,True
52,SUMIALKI CB CIUDAD DE MOSTOLES,39,23.624799999999993,90.8742,False,18,MOVISTAR ESTUDIANTES,True
53,SUMIALKI CB CIUDAD DE MOSTOLES,13,27.150899999999993,19.0319,False,18,MOVISTAR ESTUDIANTES,True
54,SUMIALKI CB CIUDAD DE MOSTOLES,88,33.6389,28.8629,True,18,MOVISTAR ESTUDIANTES,True
55,SUMIALKI CB CIUDAD DE MOSTOLES,29,11.8477,45.7522,True,18,MOVISTAR ESTUDIANTES,True
56,SUMIALKI CB CIUDAD DE MOSTOLES,4,10.225700000000003,53.3145,True,18,MOVISTAR ESTUDIANTES,True
57,SUMIALKI CB CIUDAD DE MOSTOLES,15,30.6065,82.6816,False,18,MOVISTAR ESTUDIANTES,True
58,SUMIALKI CB CIUDAD DE MOSTOLES,13,26.4457,84.6983,True,18,MOVISTAR ESTUDIANTES,True
59,SUMIALKI CB CIUDAD DE MOSTOLES,8,7.4047999999999945,40.0804,True,18,MOVISTAR ESTUDIANTES,True
60,SUMIALKI CB CIUDAD DE MOSTOLES,25,36.3188,38.9461,True,18,MOVISTAR ESTUDIANTES,True
61,SUMIALKI CB CIUDAD DE MOSTOLES,22,19.7461,30.7535,True,18,MOVISTAR ESTUDIANTES,True
62,SUMIALKI CB CIUDAD DE MOSTOLES,8,16.1495,54.701,False,18,MOVISTAR ESTUDIANTES,True
63,SUMIALKI CB CIUDAD DE MOSTOLES,4,11.847700000000003,41.3408,True,18,MOVISTAR ESTUDIANTES,True
64,SUMIALKI CB CIUDAD DE MOSTOLES,4,9.52045,46.6345,False,18,MOVISTAR ESTUDIANTES,True
65,SUMIALKI CB CIUDAD DE MOSTOLES,4,13.540199999999999,44.3658,False,18,MOVISTAR ESTUDIANTES,True
66,SUMIALKI CB CIUDAD DE MOSTOLES,4,13.822299999999998,51.2979,True,18,MOVISTAR ESTUDIANTES,True
67,SUMIALKI CB CIUDAD DE MOSTOLES,29,14.3865,46.2563,False,18,MOVISTAR ESTUDIANTES,True
68,SUMIALKI CB CIUDAD DE MOSTOLES,8,8.11,47.2647,True,18,MOVISTAR ESTUDIANTES,True
69,SUMIALKI CB CIUDAD DE MOSTOLES,29,28.490799999999993,78.3963,True,18,MOVISTAR ESTUDIANTES,True
70,SUMIALKI CB CIUDAD DE MOSTOLES,39,31.029600000000002,20.5444,False,18,MOVISTAR ESTUDIANTES,True
71,SUMIALKI CB CIUDAD DE MOSTOLES,11,8.251099999999994,21.8048,False,18,MOVISTAR ESTUDIANTES,True
72,SUMIALKI CB CIUDAD DE MOSTOLES,13,8.3921,43.4835,True,18,MOVISTAR ESTUDIANTES,True
73,MOVISTAR ESTUDIANTES,25,8.815200000000004,28.989,False,18,SUMIALKI CB CIUDAD DE MOSTOLES,False
74,MOVISTAR ESTUDIANTES,8,34.2031,68.8173,False,18,SUMIALKI CB CIUDAD DE MOSTOLES,False
75,MOVISTAR ESTUDIANTES,25,9.943600000000004,26.2161,False,18,SUMIALKI CB CIUDAD DE MOSTOLES,False
76,MOVISTAR ESTUDIANTES,12,16.5021,58.104,True,18,SUMIALKI CB CIUDAD DE MOSTOLES,False
77,MOVISTAR ESTUDIANTES,12,14.457,63.3977,False,18,SUMIALKI CB CIUDAD DE MOSTOLES,False
78,MOVISTAR ESTUDIANTES,25,29.337100000000007,19.284,False,18,SUMIALKI CB CIUDAD DE MOSTOLES,False
79,MOVISTAR ESTUDIANTES,12,30.959100000000007,23.1912,False,18,SUMIALKI CB CIUDAD DE MOSTOLES,False
80,MOVISTAR ESTUDIANTES,22,11.847700000000003,40.4585,True,18,SUMIALKI CB CIUDAD DE MOSTOLES,False
81,MOVISTAR ESTUDIANTES,21,31.311700000000002,26.3422,False,18,SUMIALKI CB CIUDAD DE MOSTOLES,False
82,MOVISTAR ESTUDIANTES,15,22.355400000000003,33.6524,False,18,SUMIALKI CB CIUDAD DE MOSTOLES,False
83,MOVISTAR ESTUDIANTES,8,17.2073,46.1303,True,18,SUMIALKI CB CIUDAD DE MOSTOLES,False
84,MOVISTAR ESTUDIANTES,8,9.94358,50.9198,False,18,SUMIALKI CB CIUDAD DE MOSTOLES,False
85,MOVISTAR ESTUDIANTES,15,36.1777,46.8865,False,18,SUMIALKI CB CIUDAD DE MOSTOLES,False
86,MOVISTAR ESTUDIANTES,8,12.764499999999998,62.2633,False,18,SUMIALKI CB CIUDAD DE MOSTOLES,False
87,MOVISTAR ESTUDIANTES,7,32.5106,21.8048,True,18,SUMIALKI CB CIUDAD DE MOSTOLES,False
88,MOVISTAR ESTUDIANTES,8,31.8054,13.6122,True,18,SUMIALKI CB CIUDAD DE MOSTOLES,False
89,MOVISTAR ESTUDIANTES,8,10.7898,45.122,True,18,SUMIALKI CB CIUDAD DE MOSTOLES,False
90,MOVISTAR ESTUDIANTES,25,30.1834,19.0319,False,18,SUMIALKI CB CIUDAD DE MOSTOLES,False
91,MOVISTAR ESTUDIANTES,8,34.2736,47.3907,False,18,SUMIALKI CB CIUDAD DE MOSTOLES,False
92,MOVISTAR ESTUDIANTES,11,21.509200000000007,33.2743,False,18,SUMIALKI CB CIUDAD DE MOSTOLES,False
93,MOVISTAR ESTUDIANTES,25,32.5811,73.3547,True,18,SUMIALKI CB CIUDAD DE MOSTOLES,False
94,MOVISTAR ESTUDIANTES,7,26.516199999999998,16.5111,False,18,SUMIALKI CB CIUDAD DE MOSTOLES,False
95,MOVISTAR ESTUDIANTES,11,32.4401,67.4309,False,18,SUMIALKI CB CIUDAD DE MOSTOLES,False
96,MOVISTAR ESTUDIANTES,8,10.507800000000003,42.2231,False,18,SUMIALKI CB CIUDAD DE MOSTOLES,False
97,MOVISTAR ESTUDIANTES,15,12.059200000000004,59.4904,False,18,SUMIALKI CB CIUDAD DE MOSTOLES,False
98,MOVISTAR ESTUDIANTES,11,32.7221,19.7881,False,18,SUMIALKI CB CIUDAD DE MOSTOLES,False
99,MOVISTAR ESTUDIANTES,8,30.465400000000002,78.1442,False,18,SUMIALKI CB CIUDAD DE MOSTOLES,False
100,MOVISTAR ESTUDIANTES,12,28.490799999999993,12.4779,False,18,SUMIALKI CB CIUDAD DE MOSTOLES,False
101,MOVISTAR ESTUDIANTES,12,26.2341,89.8659,False,18,SUMIALKI CB CIUDAD DE MOSTOLES,False
102,MOVISTAR ESTUDIANTES,11,7.5458,54.5749,True,18,SUMIALKI CB CIUDAD DE MOSTOLES,False
103,MOVISTAR ESTUDIANTES,8,22.708,31.0056,True,18,SUMIALKI CB CIUDAD DE MOSTOLES,False
104,MOVISTAR ESTUDIANTES,22,12.059200000000004,44.8699,True,18,SUMIALKI CB CIUDAD DE MOSTOLES,False
105,MOVISTAR ESTUDIANTES,8,36.2482,48.525,False,18,SUMIALKI CB CIUDAD DE MOSTOLES,False
106,MOVISTAR ESTUDIANTES,22,9.520499999999998,52.1802,False,18,SUMIALKI CB CIUDAD DE MOSTOLES,False
107,MOVISTAR ESTUDIANTES,10,26.0931,7.56234,False,18,SUMIALKI CB CIUDAD DE MOSTOLES,False
108,MOVISTAR ESTUDIANTES,25,12.6234,41.845,True,18,SUMIALKI CB CIUDAD DE MOSTOLES,False
109,MOVISTAR ESTUDIANTES,12,13.399100000000004,42.3491,False,18,SUMIALKI CB CIUDAD DE MOSTOLES,False
110,MOVISTAR ESTUDIANTES,8,27.7856,9.45293,True,18,SUMIALKI CB CIUDAD DE MOSTOLES,False
111,MOVISTAR ESTUDIANTES,25,15.2327,74.4891,True,18,SUMIALKI CB CIUDAD DE MOSTOLES,False
112,MOVISTAR ESTUDIANTES,8,36.8829,59.6165,True,18,SUMIALKI CB CIUDAD DE MOSTOLES,False
113,MOVISTAR ESTUDIANTES,21,33.427400000000006,46.7605,True,18,SUMIALKI CB CIUDAD DE MOSTOLES,False
114,MOVISTAR ESTUDIANTES,15,30.1128,19.7881,True,18,SUMIALKI CB CIUDAD DE MOSTOLES,False
115,MOVISTAR ESTUDIANTES,22,16.925200000000004,48.9032,False,18,SUMIALKI CB CIUDAD DE MOSTOLES,False
116,MOVISTAR ESTUDIANTES,22,11.7772,48.1469,True,18,SUMIALKI CB CIUDAD DE MOSTOLES,False
117,MOVISTAR ESTUDIANTES,12,9.4499,61.255,False,18,SUMIALKI CB CIUDAD DE MOSTOLES,False
118,MOVISTAR ESTUDIANTES,22,15.0212,42.2231,True,18,SUMIALKI CB CIUDAD DE MOSTOLES,False
119,MOVISTAR ESTUDIANTES,25,32.3695,71.2121,False,18,SUMIALKI CB CIUDAD DE MOSTOLES,False
120,MOVISTAR ESTUDIANTES,12,9.44993,19.7881,False,18,SUMIALKI CB CIUDAD DE MOSTOLES,False
121,MOVISTAR ESTUDIANTES,8,10.437200000000004,38.0638,False,18,SUMIALKI CB CIUDAD DE MOSTOLES,False
122,MOVISTAR ESTUDIANTES,8,7.968999999999994,46.2563,True,18,SUMIALKI CB CIUDAD DE MOSTOLES,False
123,MOVISTAR ESTUDIANTES,10,30.3244,83.0598,False,18,SUMIALKI CB CIUDAD DE MOSTOLES,False
124,MOVISTAR ESTUDIANTES,22,10.578299999999999,50.2896,True,18,SUMIALKI CB CIUDAD DE MOSTOLES,False
125,MOVISTAR ESTUDIANTES,25,30.9591,18.7798,True,18,SUMIALKI CB CIUDAD DE MOSTOLES,False
126,MOVISTAR ESTUDIANTES,12,12.834999999999994,34.9128,False,18,SUMIALKI CB CIUDAD DE MOSTOLES,False
127,MOVISTAR ESTUDIANTES,25,32.3695,19.0319,False,18,SUMIALKI CB CIUDAD DE MOSTOLES,False
128,MOVISTAR ESTUDIANTES,10,24.2595,91.5044,False,18,SUMIALKI CB CIUDAD DE MOSTOLES,False
129,MOVISTAR ESTUDIANTES,10,34.0621,23.5693,False,18,SUMIALKI CB CIUDAD DE MOSTOLES,False
130,MOVISTAR ESTUDIANTES,10,36.5303,50.7937,False,18,SUMIALKI CB CIUDAD DE MOSTOLES,False
131,MOVISTAR ESTUDIANTES,8,29.689700000000002,80.539,False,18,SUMIALKI CB CIUDAD DE MOSTOLES,False
132,MOVISTAR ESTUDIANTES,22,13.681200000000004,48.273,False,18,SUMIALKI CB CIUDAD DE MOSTOLES,False
133,MOVISTAR ESTUDIANTES,25,11.5656,77.262,True,18,SUMIALKI CB CIUDAD DE MOSTOLES,False
134,MOVISTAR ESTUDIANTES,22,6.91114,45.3741,True,18,SUMIALKI CB CIUDAD DE MOSTOLES,False
135,MOVISTAR ESTUDIANTES,10,15.514799999999994,37.3076,True,18,SUMIALKI CB CIUDAD DE MOSTOLES,False
136,MOVISTAR ESTUDIANTES,8,8.53315,40.8367,True,18,SUMIALKI CB CIUDAD DE MOSTOLES,False
137,MOVISTAR ESTUDIANTES,12,30.1834,15.3768,False,18,SUMIALKI CB CIUDAD DE MOSTOLES,False
138,MOVISTAR ESTUDIANTES,17,31.100099999999998,19.5361,True,18,SUMIALKI CB CIUDAD DE MOSTOLES,False
139,MOVISTAR ESTUDIANTES,22,11.847700000000003,54.4489,False,18,SUMIALKI CB CIUDAD DE MOSTOLES,False
140,MOVISTAR ESTUDIANTES,7,9.802499999999995,47.7688,True,18,SUMIALKI CB CIUDAD DE MOSTOLES,False
141,MOVISTAR ESTUDIANTES,22,11.212999999999994,48.7771,True,18,SUMIALKI CB CIUDAD DE MOSTOLES,False
142,MOVISTAR ESTUDIANTES,25,33.9915,44.7439,True,18,SUMIALKI CB CIUDAD DE MOSTOLES,False
